{
"type": "FeatureCollection",
"name": "cues",
"crs": { "type": "name", "properties": { "name": "urn:ogc:def:crs:OGC:1.3:CRS84" } },
"features": [
{ "type": "Feature", "properties": { "종류": "횡단", "text": "근처에 횡단보도가 있습니다. 보행 신호등과 음향신호기가 있습니다.", "A점수": 1.0, "node": "11413637475", "최대경사_pct": null, "길이_m": null, "학교": "숭실대", "합친_큐수": 1.0, "audio_key": "393d5aecc5af", "cue_id": "숭실대_000" }, "geometry": { "type": "Point", "coordinates": [ 126.95022, 37.4971933 ] } },
{ "type": "Feature", "properties": { "종류": "횡단", "text": "근처에 횡단보도가 있습니다. 보행 신호등이 없습니다. 중간 교통섬을 거쳐 두 번에 나누어 건넙니다.", "A점수": null, "node": "11413637545", "최대경사_pct": null, "길이_m": null, "학교": "숭실대", "합친_큐수": 1.0, "audio_key": "dba96f9a1447", "cue_id": "숭실대_001" }, "geometry": { "type": "Point", "coordinates": [ 126.951333600000012, 37.4915474 ] } },
{ "type": "Feature", "properties": { "종류": "횡단", "text": "근처에 횡단보도가 있습니다. 보행 신호등은 있지만 음향신호기는 없습니다. 중간 교통섬을 거쳐 두 번에 나누어 건넙니다.", "A점수": null, "node": "11413637586", "최대경사_pct": null, "길이_m": null, "학교": "숭실대", "합친_큐수": 1.0, "audio_key": "c30d91ef833e", "cue_id": "숭실대_002" }, "geometry": { "type": "Point", "coordinates": [ 126.95659160000001, 37.4906268 ] } },
{ "type": "Feature", "properties": { "종류": "횡단", "text": "근처에 횡단보도가 있습니다. 보행 신호등과 음향신호기가 있습니다. 중간 교통섬을 거쳐 두 번에 나누어 건넙니다.", "A점수": null, "node": "11413637898", "최대경사_pct": null, "길이_m": null, "학교": "숭실대", "합친_큐수": 1.0, "audio_key": "71d7daf1bfd3", "cue_id": "숭실대_003" }, "geometry": { "type": "Point", "coordinates": [ 126.9492038, 37.492289600000014 ] } },
{ "type": "Feature", "properties": { "종류": "횡단", "text": "근처에 횡단보도가 있습니다. 보행 신호등이 없습니다. 중간 교통섬을 거쳐 두 번에 나누어 건넙니다.", "A점수": 2.0, "node": "13149390530", "최대경사_pct": null, "길이_m": null, "학교": "숭실대", "합친_큐수": 1.0, "audio_key": "dba96f9a1447", "cue_id": "숭실대_004" }, "geometry": { "type": "Point", "coordinates": [ 126.9566841, 37.49541 ] } },
{ "type": "Feature", "properties": { "종류": "횡단", "text": "근처에 횡단보도가 있습니다. 보행 신호등이 없습니다. 중간 교통섬을 거쳐 두 번에 나누어 건넙니다.", "A점수": null, "node": "13149390531", "최대경사_pct": null, "길이_m": null, "학교": "숭실대", "합친_큐수": 1.0, "audio_key": "dba96f9a1447", "cue_id": "숭실대_005" }, "geometry": { "type": "Point", "coordinates": [ 126.9589286, 37.4950721 ] } },
{ "type": "Feature", "properties": { "종류": "횡단", "text": "근처에 횡단보도가 있습니다. 보행 신호등이 없습니다. 중간 교통섬을 거쳐 두 번에 나누어 건넙니다.", "A점수": 2.0, "node": "13316391021", "최대경사_pct": null, "길이_m": null, "학교": "숭실대", "합친_큐수": 1.0, "audio_key": "dba96f9a1447", "cue_id": "숭실대_006" }, "geometry": { "type": "Point", "coordinates": [ 126.954323, 37.495555900000014 ] } },
{ "type": "Feature", "properties": { "종류": "횡단", "text": "근처에 횡단보도가 있습니다. 보행 신호등과 음향신호기가 있습니다. 중간 교통섬을 거쳐 두 번에 나누어 건넙니다.", "A점수": null, "node": "13319101346", "최대경사_pct": null, "길이_m": null, "학교": "숭실대", "합친_큐수": 1.0, "audio_key": "71d7daf1bfd3", "cue_id": "숭실대_007" }, "geometry": { "type": "Point", "coordinates": [ 126.9530823, 37.4902958 ] } },
{ "type": "Feature", "properties": { "종류": "횡단", "text": "근처에 횡단보도가 있습니다. 보행 신호등이 없습니다. 중간 교통섬을 거쳐 두 번에 나누어 건넙니다.", "A점수": null, "node": "13322228135", "최대경사_pct": null, "길이_m": null, "학교": "숭실대", "합친_큐수": 1.0, "audio_key": "dba96f9a1447", "cue_id": "숭실대_008" }, "geometry": { "type": "Point", "coordinates": [ 126.960189700000015, 37.493906100000011 ] } },
{ "type": "Feature", "properties": { "종류": "횡단", "text": "근처에 횡단보도가 있습니다. 보행 신호등이 없습니다. 중간 교통섬을 거쳐 두 번에 나누어 건넙니다.", "A점수": null, "node": "13324709490", "최대경사_pct": null, "길이_m": null, "학교": "숭실대", "합친_큐수": 1.0, "audio_key": "dba96f9a1447", "cue_id": "숭실대_009" }, "geometry": { "type": "Point", "coordinates": [ 126.954424499999988, 37.4903582 ] } },
{ "type": "Feature", "properties": { "종류": "횡단", "text": "근처에 횡단보도가 있습니다. 보행 신호등과 음향신호기가 있습니다. 중간 교통섬을 거쳐 두 번에 나누어 건넙니다.", "A점수": null, "node": "1872054412", "최대경사_pct": null, "길이_m": null, "학교": "숭실대", "합친_큐수": 1.0, "audio_key": "71d7daf1bfd3", "cue_id": "숭실대_010" }, "geometry": { "type": "Point", "coordinates": [ 126.955136400000015, 37.4905307 ] } },
{ "type": "Feature", "properties": { "종류": "횡단", "text": "근처에 횡단보도가 있습니다. 보행 신호등과 음향신호기가 있습니다. 중간 교통섬을 거쳐 두 번에 나누어 건넙니다.", "A점수": null, "node": "1872054413", "최대경사_pct": null, "길이_m": null, "학교": "숭실대", "합친_큐수": 1.0, "audio_key": "71d7daf1bfd3", "cue_id": "숭실대_011" }, "geometry": { "type": "Point", "coordinates": [ 126.9535162, 37.4899875 ] } },
{ "type": "Feature", "properties": { "종류": "횡단+회전", "text": "주의. 근처에 횡단보도가 있습니다. 보행 신호등이 없습니다. 중간 교통섬을 거쳐 두 번에 나누어 건넙니다. 길이 크게 꺾이는 곳입니다.", "A점수": 3.0, "node": "2824550264", "최대경사_pct": null, "길이_m": null, "학교": "숭실대", "합친_큐수": 2.0, "audio_key": "3f312a5cc5f0", "cue_id": "숭실대_012" }, "geometry": { "type": "Point", "coordinates": [ 126.951528699999983, 37.498814200000012 ] } },
{ "type": "Feature", "properties": { "종류": "횡단", "text": "근처에 횡단보도가 있습니다. 보행 신호등은 있지만 음향신호기는 없습니다. 중간 교통섬을 거쳐 두 번에 나누어 건넙니다.", "A점수": 2.0, "node": "2824550308", "최대경사_pct": null, "길이_m": null, "학교": "숭실대", "합친_큐수": 1.0, "audio_key": "c30d91ef833e", "cue_id": "숭실대_013" }, "geometry": { "type": "Point", "coordinates": [ 126.952608700000013, 37.497578 ] } },
{ "type": "Feature", "properties": { "종류": "횡단", "text": "근처에 횡단보도가 있습니다. 보행 신호등과 음향신호기가 있습니다. 중간 교통섬을 거쳐 두 번에 나누어 건넙니다.", "A점수": 0.0, "node": "2824550315", "최대경사_pct": null, "길이_m": null, "학교": "숭실대", "합친_큐수": 1.0, "audio_key": "71d7daf1bfd3", "cue_id": "숭실대_014" }, "geometry": { "type": "Point", "coordinates": [ 126.953619500000016, 37.4995806 ] } },
{ "type": "Feature", "properties": { "종류": "횡단", "text": "근처에 횡단보도가 있습니다. 보행 신호등이 없습니다. 중간 교통섬을 거쳐 두 번에 나누어 건넙니다.", "A점수": 2.0, "node": "2824550318", "최대경사_pct": null, "길이_m": null, "학교": "숭실대", "합친_큐수": 1.0, "audio_key": "dba96f9a1447", "cue_id": "숭실대_015" }, "geometry": { "type": "Point", "coordinates": [ 126.9536242, 37.5011882 ] } },
{ "type": "Feature", "properties": { "종류": "횡단", "text": "근처에 횡단보도가 있습니다. 보행 신호등과 음향신호기가 있습니다.", "A점수": null, "node": "2824759203", "최대경사_pct": null, "길이_m": null, "학교": "숭실대", "합친_큐수": 1.0, "audio_key": "393d5aecc5af", "cue_id": "숭실대_016" }, "geometry": { "type": "Point", "coordinates": [ 126.9602943, 37.5009689 ] } },
{ "type": "Feature", "properties": { "종류": "횡단", "text": "근처에 횡단보도가 있습니다. 보행 신호등과 음향신호기가 있습니다.", "A점수": null, "node": "2824759213", "최대경사_pct": null, "길이_m": null, "학교": "숭실대", "합친_큐수": 1.0, "audio_key": "393d5aecc5af", "cue_id": "숭실대_017" }, "geometry": { "type": "Point", "coordinates": [ 126.9594692, 37.4920256 ] } },
{ "type": "Feature", "properties": { "종류": "횡단", "text": "근처에 횡단보도가 있습니다. 보행 신호등과 음향신호기가 있습니다. 중간 교통섬을 거쳐 두 번에 나누어 건넙니다.", "A점수": null, "node": "2824759222", "최대경사_pct": null, "길이_m": null, "학교": "숭실대", "합친_큐수": 1.0, "audio_key": "71d7daf1bfd3", "cue_id": "숭실대_018" }, "geometry": { "type": "Point", "coordinates": [ 126.9604845, 37.499609 ] } },
{ "type": "Feature", "properties": { "종류": "횡단", "text": "근처에 횡단보도가 있습니다. 보행 신호등이 없습니다. 중간 교통섬을 거쳐 두 번에 나누어 건넙니다.", "A점수": null, "node": "2824759281", "최대경사_pct": null, "길이_m": null, "학교": "숭실대", "합친_큐수": 1.0, "audio_key": "dba96f9a1447", "cue_id": "숭실대_019" }, "geometry": { "type": "Point", "coordinates": [ 126.9608523, 37.494771 ] } },
{ "type": "Feature", "properties": { "종류": "횡단", "text": "근처에 횡단보도가 있습니다. 보행 신호등과 음향신호기가 있습니다. 중간 교통섬을 거쳐 두 번에 나누어 건넙니다.", "A점수": null, "node": "2824759300", "최대경사_pct": null, "길이_m": null, "학교": "숭실대", "합친_큐수": 1.0, "audio_key": "71d7daf1bfd3", "cue_id": "숭실대_020" }, "geometry": { "type": "Point", "coordinates": [ 126.9600069, 37.499174 ] } },
{ "type": "Feature", "properties": { "종류": "횡단", "text": "주의. 근처에 횡단보도가 있습니다. 보행 신호등이 없습니다. 중간 교통섬을 거쳐 두 번에 나누어 건넙니다.", "A점수": 3.0, "node": "2825706542", "최대경사_pct": null, "길이_m": null, "학교": "숭실대", "합친_큐수": 1.0, "audio_key": "ac97e3e7c127", "cue_id": "숭실대_021" }, "geometry": { "type": "Point", "coordinates": [ 126.9531901, 37.4978926 ] } },
{ "type": "Feature", "properties": { "종류": "횡단", "text": "근처에 횡단보도가 있습니다. 보행 신호등은 있지만 음향신호기는 없습니다. 중간 교통섬을 거쳐 두 번에 나누어 건넙니다.", "A점수": 2.0, "node": "2825706556", "최대경사_pct": null, "길이_m": null, "학교": "숭실대", "합친_큐수": 1.0, "audio_key": "c30d91ef833e", "cue_id": "숭실대_022" }, "geometry": { "type": "Point", "coordinates": [ 126.9533159, 37.4982813 ] } },
{ "type": "Feature", "properties": { "종류": "횡단", "text": "근처에 횡단보도가 있습니다. 보행 신호등이 없습니다. 중간 교통섬을 거쳐 두 번에 나누어 건넙니다.", "A점수": null, "node": "2825711987", "최대경사_pct": null, "길이_m": null, "학교": "숭실대", "합친_큐수": 1.0, "audio_key": "dba96f9a1447", "cue_id": "숭실대_023" }, "geometry": { "type": "Point", "coordinates": [ 126.9592941, 37.4979699 ] } },
{ "type": "Feature", "properties": { "종류": "횡단", "text": "근처에 횡단보도가 있습니다. 보행 신호등이 없습니다. 중간 교통섬을 거쳐 두 번에 나누어 건넙니다.", "A점수": null, "node": "969906543", "최대경사_pct": null, "길이_m": null, "학교": "숭실대", "합친_큐수": 1.0, "audio_key": "dba96f9a1447", "cue_id": "숭실대_024" }, "geometry": { "type": "Point", "coordinates": [ 126.9565445, 37.4923984 ] } },
{ "type": "Feature", "properties": { "종류": "횡단", "text": "근처에 차도가 만나는 교차로가 있습니다. 횡단보도가 없습니다.", "A점수": null, "node": "436821653", "최대경사_pct": null, "길이_m": null, "학교": "숭실대", "합친_큐수": 1.0, "audio_key": "cb1ca1f5914a", "cue_id": "숭실대_025" }, "geometry": { "type": "Point", "coordinates": [ 126.9565564, 37.4928023 ] } },
{ "type": "Feature", "properties": { "종류": "횡단", "text": "근처에 차도가 만나는 교차로가 있습니다. 횡단보도가 없습니다.", "A점수": null, "node": "8482789908", "최대경사_pct": null, "길이_m": null, "학교": "숭실대", "합친_큐수": 1.0, "audio_key": "cb1ca1f5914a", "cue_id": "숭실대_026" }, "geometry": { "type": "Point", "coordinates": [ 126.963264400000014, 37.4924411 ] } },
{ "type": "Feature", "properties": { "종류": "횡단", "text": "주의. 근처에 차도가 만나는 교차로가 있습니다. 횡단보도가 없습니다.", "A점수": 3.0, "node": "2824550259", "최대경사_pct": null, "길이_m": null, "학교": "숭실대", "합친_큐수": 1.0, "audio_key": "40c57cc27026", "cue_id": "숭실대_027" }, "geometry": { "type": "Point", "coordinates": [ 126.9509839, 37.499453 ] } },
{ "type": "Feature", "properties": { "종류": "횡단", "text": "주의. 근처에 차도가 만나는 교차로가 있습니다. 횡단보도가 없습니다.", "A점수": 3.0, "node": "2824550288", "최대경사_pct": null, "길이_m": null, "학교": "숭실대", "합친_큐수": 1.0, "audio_key": "40c57cc27026", "cue_id": "숭실대_028" }, "geometry": { "type": "Point", "coordinates": [ 126.953362799999979, 37.49599340000001 ] } },
{ "type": "Feature", "properties": { "종류": "횡단", "text": "주의. 근처에 차도가 만나는 교차로가 있습니다. 횡단보도가 없습니다.", "A점수": 3.0, "node": "2825724226", "최대경사_pct": null, "길이_m": null, "학교": "숭실대", "합친_큐수": 1.0, "audio_key": "40c57cc27026", "cue_id": "숭실대_029" }, "geometry": { "type": "Point", "coordinates": [ 126.9542662, 37.4948374 ] } },
{ "type": "Feature", "properties": { "종류": "횡단", "text": "근처에 차도가 만나는 교차로가 있습니다. 횡단보도가 없습니다.", "A점수": null, "node": "2824759097", "최대경사_pct": null, "길이_m": null, "학교": "숭실대", "합친_큐수": 1.0, "audio_key": "cb1ca1f5914a", "cue_id": "숭실대_030" }, "geometry": { "type": "Point", "coordinates": [ 126.959610600000019, 37.4918046 ] } },
{ "type": "Feature", "properties": { "종류": "횡단", "text": "근처에 차도가 만나는 교차로가 있습니다. 횡단보도가 없습니다.", "A점수": null, "node": "2824759209", "최대경사_pct": null, "길이_m": null, "학교": "숭실대", "합친_큐수": 1.0, "audio_key": "cb1ca1f5914a", "cue_id": "숭실대_031" }, "geometry": { "type": "Point", "coordinates": [ 126.959142, 37.491463700000018 ] } },
{ "type": "Feature", "properties": { "종류": "횡단", "text": "근처에 차도가 만나는 교차로가 있습니다. 횡단보도가 없습니다.", "A점수": null, "node": "2825728925", "최대경사_pct": null, "길이_m": null, "학교": "숭실대", "합친_큐수": 1.0, "audio_key": "cb1ca1f5914a", "cue_id": "숭실대_032" }, "geometry": { "type": "Point", "coordinates": [ 126.9571318, 37.490980300000018 ] } },
{ "type": "Feature", "properties": { "종류": "횡단", "text": "주의. 근처에 차도가 만나는 교차로가 있습니다. 횡단보도가 없습니다.", "A점수": 3.0, "node": "2825711094", "최대경사_pct": null, "길이_m": null, "학교": "숭실대", "합친_큐수": 1.0, "audio_key": "40c57cc27026", "cue_id": "숭실대_033" }, "geometry": { "type": "Point", "coordinates": [ 126.9536533, 37.4971551 ] } },
{ "type": "Feature", "properties": { "종류": "횡단", "text": "주의. 근처에 차도가 만나는 교차로가 있습니다. 횡단보도가 없습니다.", "A점수": 3.0, "node": "2825711047", "최대경사_pct": null, "길이_m": null, "학교": "숭실대", "합친_큐수": 1.0, "audio_key": "40c57cc27026", "cue_id": "숭실대_034" }, "geometry": { "type": "Point", "coordinates": [ 126.9538774, 37.497159600000025 ] } },
{ "type": "Feature", "properties": { "종류": "횡단", "text": "주의. 근처에 차도가 만나는 교차로가 있습니다. 횡단보도가 없습니다.", "A점수": 3.0, "node": "2825711413", "최대경사_pct": null, "길이_m": null, "학교": "숭실대", "합친_큐수": 1.0, "audio_key": "40c57cc27026", "cue_id": "숭실대_035" }, "geometry": { "type": "Point", "coordinates": [ 126.9545095, 37.4971449 ] } },
{ "type": "Feature", "properties": { "종류": "횡단", "text": "주의. 근처에 차도가 만나는 교차로가 있습니다. 횡단보도가 없습니다.", "A점수": 3.0, "node": "2825711406", "최대경사_pct": null, "길이_m": null, "학교": "숭실대", "합친_큐수": 1.0, "audio_key": "40c57cc27026", "cue_id": "숭실대_036" }, "geometry": { "type": "Point", "coordinates": [ 126.952976800000016, 37.4971372 ] } },
{ "type": "Feature", "properties": { "종류": "횡단", "text": "근처에 차도가 만나는 교차로가 있습니다. 횡단보도가 없습니다.", "A점수": null, "node": "2825711424", "최대경사_pct": null, "길이_m": null, "학교": "숭실대", "합친_큐수": 1.0, "audio_key": "cb1ca1f5914a", "cue_id": "숭실대_037" }, "geometry": { "type": "Point", "coordinates": [ 126.959109699999985, 37.49740760000001 ] } },
{ "type": "Feature", "properties": { "종류": "횡단", "text": "주의. 근처에 차도가 만나는 교차로가 있습니다. 횡단보도가 없습니다.", "A점수": 3.0, "node": "8537501420", "최대경사_pct": null, "길이_m": null, "학교": "숭실대", "합친_큐수": 1.0, "audio_key": "40c57cc27026", "cue_id": "숭실대_038" }, "geometry": { "type": "Point", "coordinates": [ 126.9576715, 37.4889855 ] } },
{ "type": "Feature", "properties": { "종류": "횡단+회전", "text": "근처에 차도가 만나는 교차로가 있습니다. 횡단보도가 없습니다. 길이 크게 꺾이는 곳입니다.", "A점수": null, "node": "4619539868", "최대경사_pct": null, "길이_m": null, "학교": "숭실대", "합친_큐수": 2.0, "audio_key": "1c066d0c6c72", "cue_id": "숭실대_039" }, "geometry": { "type": "Point", "coordinates": [ 126.9624503, 37.489931 ] } },
{ "type": "Feature", "properties": { "종류": "횡단", "text": "근처에 차도가 만나는 교차로가 있습니다. 횡단보도가 없습니다.", "A점수": null, "node": "4619539869", "최대경사_pct": null, "길이_m": null, "학교": "숭실대", "합친_큐수": 1.0, "audio_key": "cb1ca1f5914a", "cue_id": "숭실대_040" }, "geometry": { "type": "Point", "coordinates": [ 126.9629383, 37.489651500000022 ] } },
{ "type": "Feature", "properties": { "종류": "횡단", "text": "근처에 차도가 만나는 교차로가 있습니다. 횡단보도가 없습니다.", "A점수": null, "node": "4619539870", "최대경사_pct": null, "길이_m": null, "학교": "숭실대", "합친_큐수": 1.0, "audio_key": "cb1ca1f5914a", "cue_id": "숭실대_041" }, "geometry": { "type": "Point", "coordinates": [ 126.9635898, 37.4898305 ] } },
{ "type": "Feature", "properties": { "종류": "횡단", "text": "근처에 차도가 만나는 교차로가 있습니다. 횡단보도가 없습니다.", "A점수": null, "node": "8482835723", "최대경사_pct": null, "길이_m": null, "학교": "숭실대", "합친_큐수": 1.0, "audio_key": "cb1ca1f5914a", "cue_id": "숭실대_042" }, "geometry": { "type": "Point", "coordinates": [ 126.9628989, 37.4922324 ] } },
{ "type": "Feature", "properties": { "종류": "횡단", "text": "주의. 근처에 차도가 만나는 교차로가 있습니다. 횡단보도가 없습니다.", "A점수": 3.0, "node": "10792799832", "최대경사_pct": null, "길이_m": null, "학교": "숭실대", "합친_큐수": 1.0, "audio_key": "40c57cc27026", "cue_id": "숭실대_043" }, "geometry": { "type": "Point", "coordinates": [ 126.9575053, 37.4892338 ] } },
{ "type": "Feature", "properties": { "종류": "회전", "text": "길이 크게 꺾이는 곳입니다.", "A점수": null, "node": null, "최대경사_pct": null, "길이_m": null, "학교": "숭실대", "합친_큐수": 1.0, "audio_key": "7c86b46f338a", "cue_id": "숭실대_044" }, "geometry": { "type": "Point", "coordinates": [ 126.956103034920943, 37.491146108276205 ] } },
{ "type": "Feature", "properties": { "종류": "회전", "text": "길이 크게 꺾이는 곳입니다.", "A점수": null, "node": null, "최대경사_pct": null, "길이_m": null, "학교": "숭실대", "합친_큐수": 1.0, "audio_key": "7c86b46f338a", "cue_id": "숭실대_045" }, "geometry": { "type": "Point", "coordinates": [ 126.956493508251683, 37.49121359182007 ] } },
{ "type": "Feature", "properties": { "종류": "회전", "text": "길이 크게 꺾이는 곳입니다.", "A점수": null, "node": null, "최대경사_pct": null, "길이_m": null, "학교": "숭실대", "합친_큐수": 1.0, "audio_key": "7c86b46f338a", "cue_id": "숭실대_046" }, "geometry": { "type": "Point", "coordinates": [ 126.956574038726032, 37.490983556913228 ] } },
{ "type": "Feature", "properties": { "종류": "회전", "text": "길이 크게 꺾이는 곳입니다.", "A점수": null, "node": null, "최대경사_pct": null, "길이_m": null, "학교": "숭실대", "합친_큐수": 1.0, "audio_key": "7c86b46f338a", "cue_id": "숭실대_047" }, "geometry": { "type": "Point", "coordinates": [ 126.95674610910514, 37.490692518386169 ] } },
{ "type": "Feature", "properties": { "종류": "회전", "text": "길이 크게 꺾이는 곳입니다.", "A점수": null, "node": null, "최대경사_pct": null, "길이_m": null, "학교": "숭실대", "합친_큐수": 1.0, "audio_key": "7c86b46f338a", "cue_id": "숭실대_048" }, "geometry": { "type": "Point", "coordinates": [ 126.956372238397662, 37.490592912042644 ] } },
{ "type": "Feature", "properties": { "종류": "회전", "text": "길이 크게 꺾이는 곳입니다.", "A점수": null, "node": null, "최대경사_pct": null, "길이_m": null, "학교": "숭실대", "합친_큐수": 1.0, "audio_key": "7c86b46f338a", "cue_id": "숭실대_049" }, "geometry": { "type": "Point", "coordinates": [ 126.956332683882252, 37.493972107238086 ] } },
{ "type": "Feature", "properties": { "종류": "회전", "text": "길이 크게 꺾이는 곳입니다.", "A점수": null, "node": null, "최대경사_pct": null, "길이_m": null, "학교": "숭실대", "합친_큐수": 1.0, "audio_key": "7c86b46f338a", "cue_id": "숭실대_050" }, "geometry": { "type": "Point", "coordinates": [ 126.961595103921198, 37.493253136554848 ] } },
{ "type": "Feature", "properties": { "종류": "회전", "text": "길이 크게 꺾이는 곳입니다.", "A점수": null, "node": null, "최대경사_pct": null, "길이_m": null, "학교": "숭실대", "합친_큐수": 1.0, "audio_key": "7c86b46f338a", "cue_id": "숭실대_051" }, "geometry": { "type": "Point", "coordinates": [ 126.950091640010854, 37.492220899301323 ] } },
{ "type": "Feature", "properties": { "종류": "회전", "text": "길이 크게 꺾이는 곳입니다.", "A점수": null, "node": null, "최대경사_pct": null, "길이_m": null, "학교": "숭실대", "합친_큐수": 1.0, "audio_key": "7c86b46f338a", "cue_id": "숭실대_052" }, "geometry": { "type": "Point", "coordinates": [ 126.951132143635675, 37.491895541496447 ] } },
{ "type": "Feature", "properties": { "종류": "회전", "text": "길이 크게 꺾이는 곳입니다.", "A점수": null, "node": null, "최대경사_pct": null, "길이_m": null, "학교": "숭실대", "합친_큐수": 1.0, "audio_key": "7c86b46f338a", "cue_id": "숭실대_053" }, "geometry": { "type": "Point", "coordinates": [ 126.954946280016543, 37.490143924077117 ] } },
{ "type": "Feature", "properties": { "종류": "회전", "text": "길이 크게 꺾이는 곳입니다.", "A점수": null, "node": null, "최대경사_pct": null, "길이_m": null, "학교": "숭실대", "합친_큐수": 1.0, "audio_key": "7c86b46f338a", "cue_id": "숭실대_054" }, "geometry": { "type": "Point", "coordinates": [ 126.956050936170058, 37.490308599606472 ] } },
{ "type": "Feature", "properties": { "종류": "회전", "text": "길이 크게 꺾이는 곳입니다.", "A점수": null, "node": null, "최대경사_pct": null, "길이_m": null, "학교": "숭실대", "합친_큐수": 1.0, "audio_key": "7c86b46f338a", "cue_id": "숭실대_055" }, "geometry": { "type": "Point", "coordinates": [ 126.952137526296426, 37.496712227648274 ] } },
{ "type": "Feature", "properties": { "종류": "회전", "text": "길이 크게 꺾이는 곳입니다.", "A점수": null, "node": null, "최대경사_pct": null, "길이_m": null, "학교": "숭실대", "합친_큐수": 1.0, "audio_key": "7c86b46f338a", "cue_id": "숭실대_056" }, "geometry": { "type": "Point", "coordinates": [ 126.957669385554055, 37.494547375394923 ] } },
{ "type": "Feature", "properties": { "종류": "회전", "text": "길이 크게 꺾이는 곳입니다.", "A점수": null, "node": null, "최대경사_pct": null, "길이_m": null, "학교": "숭실대", "합친_큐수": 1.0, "audio_key": "7c86b46f338a", "cue_id": "숭실대_057" }, "geometry": { "type": "Point", "coordinates": [ 126.959213431584871, 37.491718717610894 ] } },
{ "type": "Feature", "properties": { "종류": "회전", "text": "길이 크게 꺾이는 곳입니다.", "A점수": null, "node": null, "최대경사_pct": null, "길이_m": null, "학교": "숭실대", "합친_큐수": 1.0, "audio_key": "7c86b46f338a", "cue_id": "숭실대_058" }, "geometry": { "type": "Point", "coordinates": [ 126.960669568447983, 37.49266425259588 ] } },
{ "type": "Feature", "properties": { "종류": "회전", "text": "길이 크게 꺾이는 곳입니다.", "A점수": null, "node": null, "최대경사_pct": null, "길이_m": null, "학교": "숭실대", "합친_큐수": 1.0, "audio_key": "7c86b46f338a", "cue_id": "숭실대_059" }, "geometry": { "type": "Point", "coordinates": [ 126.960676160239643, 37.492450677761013 ] } },
{ "type": "Feature", "properties": { "종류": "회전", "text": "길이 크게 꺾이는 곳입니다.", "A점수": null, "node": null, "최대경사_pct": null, "길이_m": null, "학교": "숭실대", "합친_큐수": 1.0, "audio_key": "7c86b46f338a", "cue_id": "숭실대_060" }, "geometry": { "type": "Point", "coordinates": [ 126.959379970495306, 37.492950448541301 ] } },
{ "type": "Feature", "properties": { "종류": "회전", "text": "길이 크게 꺾이는 곳입니다.", "A점수": null, "node": null, "최대경사_pct": null, "길이_m": null, "학교": "숭실대", "합친_큐수": 1.0, "audio_key": "7c86b46f338a", "cue_id": "숭실대_061" }, "geometry": { "type": "Point", "coordinates": [ 126.958507014265592, 37.490203398243935 ] } },
{ "type": "Feature", "properties": { "종류": "회전", "text": "길이 크게 꺾이는 곳입니다.", "A점수": null, "node": null, "최대경사_pct": null, "길이_m": null, "학교": "숭실대", "합친_큐수": 3.0, "audio_key": "7c86b46f338a", "cue_id": "숭실대_062" }, "geometry": { "type": "Point", "coordinates": [ 126.963832593885328, 37.501229088055709 ] } },
{ "type": "Feature", "properties": { "종류": "회전", "text": "길이 크게 꺾이는 곳입니다.", "A점수": null, "node": null, "최대경사_pct": null, "길이_m": null, "학교": "숭실대", "합친_큐수": 1.0, "audio_key": "7c86b46f338a", "cue_id": "숭실대_063" }, "geometry": { "type": "Point", "coordinates": [ 126.958132374699375, 37.497868054851651 ] } },
{ "type": "Feature", "properties": { "종류": "회전", "text": "길이 크게 꺾이는 곳입니다.", "A점수": null, "node": null, "최대경사_pct": null, "길이_m": null, "학교": "숭실대", "합친_큐수": 1.0, "audio_key": "7c86b46f338a", "cue_id": "숭실대_064" }, "geometry": { "type": "Point", "coordinates": [ 126.957806059779415, 37.498023696927092 ] } },
{ "type": "Feature", "properties": { "종류": "회전", "text": "길이 크게 꺾이는 곳입니다.", "A점수": null, "node": null, "최대경사_pct": null, "길이_m": null, "학교": "숭실대", "합친_큐수": 1.0, "audio_key": "7c86b46f338a", "cue_id": "숭실대_065" }, "geometry": { "type": "Point", "coordinates": [ 126.957850071272219, 37.498283471758263 ] } },
{ "type": "Feature", "properties": { "종류": "회전", "text": "길이 크게 꺾이는 곳입니다.", "A점수": null, "node": null, "최대경사_pct": null, "길이_m": null, "학교": "숭실대", "합친_큐수": 1.0, "audio_key": "7c86b46f338a", "cue_id": "숭실대_066" }, "geometry": { "type": "Point", "coordinates": [ 126.959133313139247, 37.497842737879203 ] } },
{ "type": "Feature", "properties": { "종류": "회전", "text": "길이 크게 꺾이는 곳입니다.", "A점수": null, "node": null, "최대경사_pct": null, "길이_m": null, "학교": "숭실대", "합친_큐수": 1.0, "audio_key": "7c86b46f338a", "cue_id": "숭실대_067" }, "geometry": { "type": "Point", "coordinates": [ 126.96227224546675, 37.498135111898122 ] } },
{ "type": "Feature", "properties": { "종류": "회전", "text": "길이 크게 꺾이는 곳입니다.", "A점수": null, "node": null, "최대경사_pct": null, "길이_m": null, "학교": "숭실대", "합친_큐수": 1.0, "audio_key": "7c86b46f338a", "cue_id": "숭실대_068" }, "geometry": { "type": "Point", "coordinates": [ 126.96200268285709, 37.498142975183356 ] } },
{ "type": "Feature", "properties": { "종류": "회전", "text": "길이 크게 꺾이는 곳입니다.", "A점수": null, "node": null, "최대경사_pct": null, "길이_m": null, "학교": "숭실대", "합친_큐수": 1.0, "audio_key": "7c86b46f338a", "cue_id": "숭실대_069" }, "geometry": { "type": "Point", "coordinates": [ 126.961807374162447, 37.498331447859066 ] } },
{ "type": "Feature", "properties": { "종류": "회전", "text": "길이 크게 꺾이는 곳입니다.", "A점수": null, "node": null, "최대경사_pct": null, "길이_m": null, "학교": "숭실대", "합친_큐수": 1.0, "audio_key": "7c86b46f338a", "cue_id": "숭실대_070" }, "geometry": { "type": "Point", "coordinates": [ 126.962304715557295, 37.498658053852573 ] } },
{ "type": "Feature", "properties": { "종류": "회전", "text": "길이 크게 꺾이는 곳입니다.", "A점수": null, "node": null, "최대경사_pct": null, "길이_m": null, "학교": "숭실대", "합친_큐수": 1.0, "audio_key": "7c86b46f338a", "cue_id": "숭실대_071" }, "geometry": { "type": "Point", "coordinates": [ 126.962451175807587, 37.498472389657032 ] } },
{ "type": "Feature", "properties": { "종류": "회전", "text": "길이 크게 꺾이는 곳입니다.", "A점수": null, "node": null, "최대경사_pct": null, "길이_m": null, "학교": "숭실대", "합친_큐수": 1.0, "audio_key": "7c86b46f338a", "cue_id": "숭실대_072" }, "geometry": { "type": "Point", "coordinates": [ 126.962833906052694, 37.498717036581269 ] } },
{ "type": "Feature", "properties": { "종류": "회전", "text": "길이 크게 꺾이는 곳입니다.", "A점수": null, "node": null, "최대경사_pct": null, "길이_m": null, "학교": "숭실대", "합친_큐수": 1.0, "audio_key": "7c86b46f338a", "cue_id": "숭실대_073" }, "geometry": { "type": "Point", "coordinates": [ 126.962625877148113, 37.498980346200753 ] } },
{ "type": "Feature", "properties": { "종류": "회전", "text": "길이 크게 꺾이는 곳입니다.", "A점수": null, "node": null, "최대경사_pct": null, "길이_m": null, "학교": "숭실대", "합친_큐수": 1.0, "audio_key": "7c86b46f338a", "cue_id": "숭실대_074" }, "geometry": { "type": "Point", "coordinates": [ 126.962426109179404, 37.498947246371714 ] } },
{ "type": "Feature", "properties": { "종류": "회전", "text": "길이 크게 꺾이는 곳입니다.", "A점수": null, "node": null, "최대경사_pct": null, "길이_m": null, "학교": "숭실대", "합친_큐수": 1.0, "audio_key": "7c86b46f338a", "cue_id": "숭실대_075" }, "geometry": { "type": "Point", "coordinates": [ 126.95323140047816, 37.498096100741741 ] } },
{ "type": "Feature", "properties": { "종류": "회전", "text": "길이 크게 꺾이는 곳입니다.", "A점수": null, "node": null, "최대경사_pct": null, "길이_m": null, "학교": "숭실대", "합친_큐수": 1.0, "audio_key": "7c86b46f338a", "cue_id": "숭실대_076" }, "geometry": { "type": "Point", "coordinates": [ 126.954504935931638, 37.497316052583862 ] } },
{ "type": "Feature", "properties": { "종류": "회전", "text": "길이 크게 꺾이는 곳입니다.", "A점수": null, "node": null, "최대경사_pct": null, "길이_m": null, "학교": "숭실대", "합친_큐수": 1.0, "audio_key": "7c86b46f338a", "cue_id": "숭실대_077" }, "geometry": { "type": "Point", "coordinates": [ 126.954777542230147, 37.497174248217021 ] } },
{ "type": "Feature", "properties": { "종류": "회전", "text": "길이 크게 꺾이는 곳입니다.", "A점수": null, "node": null, "최대경사_pct": null, "길이_m": null, "학교": "숭실대", "합친_큐수": 2.0, "audio_key": "7c86b46f338a", "cue_id": "숭실대_078" }, "geometry": { "type": "Point", "coordinates": [ 126.952633565407098, 37.494400634980181 ] } },
{ "type": "Feature", "properties": { "종류": "회전", "text": "길이 크게 꺾이는 곳입니다.", "A점수": null, "node": null, "최대경사_pct": null, "길이_m": null, "학교": "숭실대", "합친_큐수": 1.0, "audio_key": "7c86b46f338a", "cue_id": "숭실대_079" }, "geometry": { "type": "Point", "coordinates": [ 126.954255406526542, 37.492374780738395 ] } },
{ "type": "Feature", "properties": { "종류": "회전", "text": "길이 크게 꺾이는 곳입니다.", "A점수": null, "node": null, "최대경사_pct": null, "길이_m": null, "학교": "숭실대", "합친_큐수": 1.0, "audio_key": "7c86b46f338a", "cue_id": "숭실대_080" }, "geometry": { "type": "Point", "coordinates": [ 126.95380758167957, 37.491820510648637 ] } },
{ "type": "Feature", "properties": { "종류": "회전", "text": "길이 크게 꺾이는 곳입니다.", "A점수": null, "node": null, "최대경사_pct": null, "길이_m": null, "학교": "숭실대", "합친_큐수": 1.0, "audio_key": "7c86b46f338a", "cue_id": "숭실대_081" }, "geometry": { "type": "Point", "coordinates": [ 126.953832366402551, 37.493078020173527 ] } },
{ "type": "Feature", "properties": { "종류": "회전", "text": "길이 크게 꺾이는 곳입니다.", "A점수": null, "node": null, "최대경사_pct": null, "길이_m": null, "학교": "숭실대", "합친_큐수": 1.0, "audio_key": "7c86b46f338a", "cue_id": "숭실대_082" }, "geometry": { "type": "Point", "coordinates": [ 126.953841578189838, 37.493288282085835 ] } },
{ "type": "Feature", "properties": { "종류": "회전", "text": "길이 크게 꺾이는 곳입니다.", "A점수": null, "node": null, "최대경사_pct": null, "길이_m": null, "학교": "숭실대", "합친_큐수": 1.0, "audio_key": "7c86b46f338a", "cue_id": "숭실대_083" }, "geometry": { "type": "Point", "coordinates": [ 126.955442705819209, 37.493606502800766 ] } },
{ "type": "Feature", "properties": { "종류": "회전", "text": "길이 크게 꺾이는 곳입니다.", "A점수": null, "node": null, "최대경사_pct": null, "길이_m": null, "학교": "숭실대", "합친_큐수": 1.0, "audio_key": "7c86b46f338a", "cue_id": "숭실대_084" }, "geometry": { "type": "Point", "coordinates": [ 126.954960133200316, 37.493517696088439 ] } },
{ "type": "Feature", "properties": { "종류": "회전", "text": "길이 크게 꺾이는 곳입니다.", "A점수": null, "node": null, "최대경사_pct": null, "길이_m": null, "학교": "숭실대", "합친_큐수": 1.0, "audio_key": "7c86b46f338a", "cue_id": "숭실대_085" }, "geometry": { "type": "Point", "coordinates": [ 126.954331526035929, 37.493424598082726 ] } },
{ "type": "Feature", "properties": { "종류": "회전", "text": "길이 크게 꺾이는 곳입니다.", "A점수": null, "node": null, "최대경사_pct": null, "길이_m": null, "학교": "숭실대", "합친_큐수": 2.0, "audio_key": "7c86b46f338a", "cue_id": "숭실대_086" }, "geometry": { "type": "Point", "coordinates": [ 126.950528541994117, 37.498548116486432 ] } },
{ "type": "Feature", "properties": { "종류": "회전", "text": "길이 크게 꺾이는 곳입니다.", "A점수": null, "node": null, "최대경사_pct": null, "길이_m": null, "학교": "숭실대", "합친_큐수": 2.0, "audio_key": "7c86b46f338a", "cue_id": "숭실대_087" }, "geometry": { "type": "Point", "coordinates": [ 126.950180679521097, 37.499070658134109 ] } },
{ "type": "Feature", "properties": { "종류": "회전", "text": "길이 크게 꺾이는 곳입니다.", "A점수": null, "node": null, "최대경사_pct": null, "길이_m": null, "학교": "숭실대", "합친_큐수": 1.0, "audio_key": "7c86b46f338a", "cue_id": "숭실대_088" }, "geometry": { "type": "Point", "coordinates": [ 126.957407916440133, 37.489985513420798 ] } },
{ "type": "Feature", "properties": { "종류": "회전", "text": "길이 크게 꺾이는 곳입니다.", "A점수": null, "node": null, "최대경사_pct": null, "길이_m": null, "학교": "숭실대", "합친_큐수": 1.0, "audio_key": "7c86b46f338a", "cue_id": "숭실대_089" }, "geometry": { "type": "Point", "coordinates": [ 126.958085159273992, 37.48951943363506 ] } },
{ "type": "Feature", "properties": { "종류": "회전", "text": "길이 크게 꺾이는 곳입니다.", "A점수": null, "node": null, "최대경사_pct": null, "길이_m": null, "학교": "숭실대", "합친_큐수": 1.0, "audio_key": "7c86b46f338a", "cue_id": "숭실대_090" }, "geometry": { "type": "Point", "coordinates": [ 126.957690690511114, 37.49076412440175 ] } },
{ "type": "Feature", "properties": { "종류": "회전", "text": "길이 크게 꺾이는 곳입니다.", "A점수": null, "node": null, "최대경사_pct": null, "길이_m": null, "학교": "숭실대", "합친_큐수": 1.0, "audio_key": "7c86b46f338a", "cue_id": "숭실대_091" }, "geometry": { "type": "Point", "coordinates": [ 126.962110998059757, 37.493676885846327 ] } },
{ "type": "Feature", "properties": { "종류": "회전", "text": "길이 크게 꺾이는 곳입니다.", "A점수": null, "node": null, "최대경사_pct": null, "길이_m": null, "학교": "숭실대", "합친_큐수": 1.0, "audio_key": "7c86b46f338a", "cue_id": "숭실대_092" }, "geometry": { "type": "Point", "coordinates": [ 126.958587471047991, 37.494986185980757 ] } },
{ "type": "Feature", "properties": { "종류": "회전", "text": "길이 크게 꺾이는 곳입니다.", "A점수": null, "node": null, "최대경사_pct": null, "길이_m": null, "학교": "숭실대", "합친_큐수": 1.0, "audio_key": "7c86b46f338a", "cue_id": "숭실대_093" }, "geometry": { "type": "Point", "coordinates": [ 126.95918662280063, 37.494899922495129 ] } },
{ "type": "Feature", "properties": { "종류": "회전", "text": "길이 크게 꺾이는 곳입니다.", "A점수": null, "node": null, "최대경사_pct": null, "길이_m": null, "학교": "숭실대", "합친_큐수": 2.0, "audio_key": "7c86b46f338a", "cue_id": "숭실대_094" }, "geometry": { "type": "Point", "coordinates": [ 126.959447796328973, 37.494542540601465 ] } },
{ "type": "Feature", "properties": { "종류": "회전", "text": "길이 크게 꺾이는 곳입니다.", "A점수": null, "node": null, "최대경사_pct": null, "길이_m": null, "학교": "숭실대", "합친_큐수": 1.0, "audio_key": "7c86b46f338a", "cue_id": "숭실대_095" }, "geometry": { "type": "Point", "coordinates": [ 126.950165933934173, 37.498682293410603 ] } },
{ "type": "Feature", "properties": { "종류": "회전", "text": "길이 크게 꺾이는 곳입니다.", "A점수": null, "node": null, "최대경사_pct": null, "길이_m": null, "학교": "숭실대", "합친_큐수": 1.0, "audio_key": "7c86b46f338a", "cue_id": "숭실대_096" }, "geometry": { "type": "Point", "coordinates": [ 126.949884907536642, 37.498448797584523 ] } },
{ "type": "Feature", "properties": { "종류": "회전", "text": "길이 크게 꺾이는 곳입니다.", "A점수": null, "node": null, "최대경사_pct": null, "길이_m": null, "학교": "숭실대", "합친_큐수": 1.0, "audio_key": "7c86b46f338a", "cue_id": "숭실대_097" }, "geometry": { "type": "Point", "coordinates": [ 126.962964759387788, 37.501754035496226 ] } },
{ "type": "Feature", "properties": { "종류": "회전", "text": "길이 크게 꺾이는 곳입니다.", "A점수": null, "node": null, "최대경사_pct": null, "길이_m": null, "학교": "숭실대", "합친_큐수": 1.0, "audio_key": "7c86b46f338a", "cue_id": "숭실대_098" }, "geometry": { "type": "Point", "coordinates": [ 126.96276865228252, 37.489975850654204 ] } },
{ "type": "Feature", "properties": { "종류": "회전", "text": "길이 크게 꺾이는 곳입니다.", "A점수": null, "node": null, "최대경사_pct": null, "길이_m": null, "학교": "숭실대", "합친_큐수": 1.0, "audio_key": "7c86b46f338a", "cue_id": "숭실대_099" }, "geometry": { "type": "Point", "coordinates": [ 126.963685604600656, 37.490466907812284 ] } },
{ "type": "Feature", "properties": { "종류": "회전", "text": "길이 크게 꺾이는 곳입니다.", "A점수": null, "node": null, "최대경사_pct": null, "길이_m": null, "학교": "숭실대", "합친_큐수": 1.0, "audio_key": "7c86b46f338a", "cue_id": "숭실대_100" }, "geometry": { "type": "Point", "coordinates": [ 126.962821395085115, 37.492094398626676 ] } },
{ "type": "Feature", "properties": { "종류": "회전", "text": "길이 크게 꺾이는 곳입니다.", "A점수": null, "node": null, "최대경사_pct": null, "길이_m": null, "학교": "숭실대", "합친_큐수": 1.0, "audio_key": "7c86b46f338a", "cue_id": "숭실대_101" }, "geometry": { "type": "Point", "coordinates": [ 126.963637215412447, 37.50125064640001 ] } },
{ "type": "Feature", "properties": { "종류": "회전", "text": "길이 크게 꺾이는 곳입니다.", "A점수": null, "node": null, "최대경사_pct": null, "길이_m": null, "학교": "숭실대", "합친_큐수": 1.0, "audio_key": "7c86b46f338a", "cue_id": "숭실대_102" }, "geometry": { "type": "Point", "coordinates": [ 126.962903036891632, 37.501189903551953 ] } },
{ "type": "Feature", "properties": { "종류": "회전", "text": "길이 크게 꺾이는 곳입니다.", "A점수": null, "node": null, "최대경사_pct": null, "길이_m": null, "학교": "숭실대", "합친_큐수": 1.0, "audio_key": "7c86b46f338a", "cue_id": "숭실대_103" }, "geometry": { "type": "Point", "coordinates": [ 126.963459586412867, 37.501053425848603 ] } },
{ "type": "Feature", "properties": { "종류": "회전", "text": "길이 크게 꺾이는 곳입니다.", "A점수": null, "node": null, "최대경사_pct": null, "길이_m": null, "학교": "숭실대", "합친_큐수": 2.0, "audio_key": "7c86b46f338a", "cue_id": "숭실대_104" }, "geometry": { "type": "Point", "coordinates": [ 126.960525279103706, 37.497635307330562 ] } },
{ "type": "Feature", "properties": { "종류": "회전", "text": "길이 크게 꺾이는 곳입니다.", "A점수": null, "node": null, "최대경사_pct": null, "길이_m": null, "학교": "숭실대", "합친_큐수": 1.0, "audio_key": "7c86b46f338a", "cue_id": "숭실대_105" }, "geometry": { "type": "Point", "coordinates": [ 126.960193728215131, 37.497355842375981 ] } },
{ "type": "Feature", "properties": { "종류": "회전", "text": "길이 크게 꺾이는 곳입니다.", "A점수": null, "node": null, "최대경사_pct": null, "길이_m": null, "학교": "숭실대", "합친_큐수": 1.0, "audio_key": "7c86b46f338a", "cue_id": "숭실대_106" }, "geometry": { "type": "Point", "coordinates": [ 126.960880765031035, 37.496375392261982 ] } },
{ "type": "Feature", "properties": { "종류": "회전", "text": "길이 크게 꺾이는 곳입니다.", "A점수": null, "node": null, "최대경사_pct": null, "길이_m": null, "학교": "숭실대", "합친_큐수": 1.0, "audio_key": "7c86b46f338a", "cue_id": "숭실대_107" }, "geometry": { "type": "Point", "coordinates": [ 126.961495137547203, 37.496120169820202 ] } },
{ "type": "Feature", "properties": { "종류": "회전", "text": "길이 크게 꺾이는 곳입니다.", "A점수": null, "node": null, "최대경사_pct": null, "길이_m": null, "학교": "숭실대", "합친_큐수": 1.0, "audio_key": "7c86b46f338a", "cue_id": "숭실대_108" }, "geometry": { "type": "Point", "coordinates": [ 126.961822884142549, 37.495689097039715 ] } },
{ "type": "Feature", "properties": { "종류": "회전", "text": "길이 크게 꺾이는 곳입니다.", "A점수": null, "node": null, "최대경사_pct": null, "길이_m": null, "학교": "숭실대", "합친_큐수": 1.0, "audio_key": "7c86b46f338a", "cue_id": "숭실대_109" }, "geometry": { "type": "Point", "coordinates": [ 126.96209040341617, 37.495673840223006 ] } },
{ "type": "Feature", "properties": { "종류": "회전", "text": "길이 크게 꺾이는 곳입니다.", "A점수": null, "node": null, "최대경사_pct": null, "길이_m": null, "학교": "숭실대", "합친_큐수": 1.0, "audio_key": "7c86b46f338a", "cue_id": "숭실대_110" }, "geometry": { "type": "Point", "coordinates": [ 126.962235696187818, 37.495498085175015 ] } },
{ "type": "Feature", "properties": { "종류": "회전", "text": "길이 크게 꺾이는 곳입니다.", "A점수": null, "node": null, "최대경사_pct": null, "길이_m": null, "학교": "숭실대", "합친_큐수": 1.0, "audio_key": "7c86b46f338a", "cue_id": "숭실대_111" }, "geometry": { "type": "Point", "coordinates": [ 126.948598694161191, 37.49610189278237 ] } },
{ "type": "Feature", "properties": { "종류": "회전", "text": "길이 크게 꺾이는 곳입니다.", "A점수": null, "node": null, "최대경사_pct": null, "길이_m": null, "학교": "숭실대", "합친_큐수": 1.0, "audio_key": "7c86b46f338a", "cue_id": "숭실대_112" }, "geometry": { "type": "Point", "coordinates": [ 126.949110964725705, 37.496345301819545 ] } },
{ "type": "Feature", "properties": { "종류": "회전", "text": "길이 크게 꺾이는 곳입니다.", "A점수": null, "node": null, "최대경사_pct": null, "길이_m": null, "학교": "숭실대", "합친_큐수": 1.0, "audio_key": "7c86b46f338a", "cue_id": "숭실대_113" }, "geometry": { "type": "Point", "coordinates": [ 126.949297927357946, 37.496800498892142 ] } },
{ "type": "Feature", "properties": { "종류": "회전", "text": "길이 크게 꺾이는 곳입니다.", "A점수": null, "node": null, "최대경사_pct": null, "길이_m": null, "학교": "숭실대", "합친_큐수": 1.0, "audio_key": "7c86b46f338a", "cue_id": "숭실대_114" }, "geometry": { "type": "Point", "coordinates": [ 126.951688965020793, 37.495088917207489 ] } },
{ "type": "Feature", "properties": { "종류": "회전", "text": "길이 크게 꺾이는 곳입니다.", "A점수": null, "node": null, "최대경사_pct": null, "길이_m": null, "학교": "숭실대", "합친_큐수": 1.0, "audio_key": "7c86b46f338a", "cue_id": "숭실대_115" }, "geometry": { "type": "Point", "coordinates": [ 126.951643149196642, 37.495386072032673 ] } },
{ "type": "Feature", "properties": { "종류": "회전", "text": "길이 크게 꺾이는 곳입니다.", "A점수": null, "node": null, "최대경사_pct": null, "길이_m": null, "학교": "숭실대", "합친_큐수": 1.0, "audio_key": "7c86b46f338a", "cue_id": "숭실대_116" }, "geometry": { "type": "Point", "coordinates": [ 126.951171690286657, 37.495541967559291 ] } },
{ "type": "Feature", "properties": { "종류": "회전", "text": "길이 크게 꺾이는 곳입니다.", "A점수": null, "node": null, "최대경사_pct": null, "길이_m": null, "학교": "숭실대", "합친_큐수": 1.0, "audio_key": "7c86b46f338a", "cue_id": "숭실대_117" }, "geometry": { "type": "Point", "coordinates": [ 126.952478523691269, 37.494330294655455 ] } },
{ "type": "Feature", "properties": { "종류": "경사", "text": "경사가 가파른 구간입니다.", "A점수": null, "node": null, "최대경사_pct": 14.8, "길이_m": 337.1, "학교": "숭실대", "합친_큐수": null, "audio_key": "b3aa4ebe5791", "cue_id": "숭실대_118" }, "geometry": { "type": "LineString", "coordinates": [ [ 126.949263400000021, 37.4968355 ], [ 126.94929070000002, 37.4968039 ], [ 126.949331500000014, 37.4967847 ], [ 126.9493797, 37.4967835 ], [ 126.94945060000002, 37.496803 ], [ 126.949534600000021, 37.4968573 ], [ 126.949806, 37.4968503 ], [ 126.949846199999982, 37.496838 ], [ 126.9492938, 37.4959644 ], [ 126.9492477, 37.495858 ], [ 126.9490653, 37.4955294 ], [ 126.9490514, 37.4954136 ], [ 126.94903960000002, 37.495347300000013 ], [ 126.9490546, 37.49518470000001 ], [ 126.9490691, 37.4948389 ], [ 126.9491705, 37.4944637 ] ] } },
{ "type": "Feature", "properties": { "종류": "경사", "text": "경사가 급할 수 있는 구간입니다.", "A점수": null, "node": null, "최대경사_pct": 8.4, "길이_m": 272.7, "학교": "숭실대", "합친_큐수": null, "audio_key": "9310d8dd910c", "cue_id": "숭실대_119" }, "geometry": { "type": "LineString", "coordinates": [ [ 126.9515374, 37.4949684 ], [ 126.951573699999983, 37.4949892 ], [ 126.9516938, 37.495093100000027 ], [ 126.9517088, 37.495126300000017 ], [ 126.9517024, 37.4951663 ], [ 126.9516455, 37.4953834 ], [ 126.9516133, 37.49542 ], [ 126.95118309999998, 37.49553490000001 ], [ 126.9511337, 37.4955655 ], [ 126.9511187, 37.4956217 ], [ 126.951487, 37.4966025 ], [ 126.9514879, 37.496632400000024 ], [ 126.9513529, 37.4970334 ] ] } },
{ "type": "Feature", "properties": { "종류": "경사", "text": "경사가 매우 가파른 구간입니다.", "A점수": null, "node": null, "최대경사_pct": 25.7, "길이_m": 523.0, "학교": "숭실대", "합친_큐수": null, "audio_key": "1d39e98c4963", "cue_id": "숭실대_120" }, "geometry": { "type": "LineString", "coordinates": [ [ 126.95022, 37.4971933 ], [ 126.94981580000001, 37.496599900000021 ], [ 126.949381, 37.495843800000017 ], [ 126.949278, 37.495590100000015 ], [ 126.9492612, 37.4954948 ], [ 126.9492297, 37.495316 ], [ 126.9492195, 37.4947968 ], [ 126.9492648, 37.494551700000017 ], [ 126.949398700000017, 37.4943134 ], [ 126.9496464, 37.4939094 ], [ 126.949662, 37.4937378 ], [ 126.949642700000012, 37.4936052 ], [ 126.949574, 37.4934288 ], [ 126.949539500000014, 37.4933754 ], [ 126.949387699999988, 37.49339410000001 ], [ 126.9492476, 37.4935231 ], [ 126.9490572, 37.4935954 ], [ 126.9488625, 37.4936715 ] ] } },
{ "type": "Feature", "properties": { "종류": "경사", "text": "경사가 가파른 구간입니다.", "A점수": null, "node": null, "최대경사_pct": 14.3, "길이_m": 13.6, "학교": "숭실대", "합친_큐수": null, "audio_key": "b3aa4ebe5791", "cue_id": "숭실대_121" }, "geometry": { "type": "LineString", "coordinates": [ [ 126.9506797, 37.4946216 ], [ 126.950633700000012, 37.49450490000001 ] ] } },
{ "type": "Feature", "properties": { "종류": "경사", "text": "경사가 가파른 구간입니다.", "A점수": null, "node": null, "최대경사_pct": 16.9, "길이_m": 399.6, "학교": "숭실대", "합친_큐수": null, "audio_key": "b3aa4ebe5791", "cue_id": "숭실대_122" }, "geometry": { "type": "MultiLineString", "coordinates": [ [ [ 126.953379200000015, 37.4924815 ], [ 126.9533187, 37.4928179 ], [ 126.9533361, 37.4929431 ], [ 126.953397100000018, 37.493021500000012 ], [ 126.9538892, 37.4930854 ], [ 126.9538308, 37.4933342 ], [ 126.954148, 37.4933832 ], [ 126.954208100000017, 37.4933902 ] ], [ [ 126.9541699, 37.4916487 ], [ 126.9542821, 37.4918025 ], [ 126.9544072, 37.491955 ], [ 126.9544525, 37.492024200000039 ], [ 126.9544861, 37.492116 ], [ 126.9545284, 37.4922467 ], [ 126.954538500000012, 37.4922656 ], [ 126.954569100000015, 37.492309 ], [ 126.954288600000012, 37.4923169 ], [ 126.954270500000021, 37.492322 ], [ 126.9542584, 37.4923329 ], [ 126.95425520000002, 37.4923449 ], [ 126.9542574, 37.492663199999988 ], [ 126.9542609, 37.492864300000022 ], [ 126.954253, 37.4931333 ], [ 126.954244800000012, 37.4932085 ], [ 126.954208100000017, 37.4933902 ] ], [ [ 126.9542028, 37.4934232 ], [ 126.954208100000017, 37.4933902 ] ] ] } },
{ "type": "Feature", "properties": { "종류": "경사", "text": "경사가 급할 수 있는 구간입니다.", "A점수": null, "node": null, "최대경사_pct": 11.1, "길이_m": 126.4, "학교": "숭실대", "합친_큐수": null, "audio_key": "9310d8dd910c", "cue_id": "숭실대_123" }, "geometry": { "type": "LineString", "coordinates": [ [ 126.954173600000018, 37.4937015 ], [ 126.9541705, 37.4938111 ], [ 126.9541756, 37.4938992 ], [ 126.9541906, 37.4940669 ], [ 126.954225, 37.49426780000001 ], [ 126.9542401, 37.4944369 ], [ 126.9542662, 37.4948374 ] ] } },
{ "type": "Feature", "properties": { "종류": "경사", "text": "경사가 가파른 구간입니다.", "A점수": null, "node": null, "최대경사_pct": 15.3, "길이_m": 327.6, "학교": "숭실대", "합친_큐수": null, "audio_key": "b3aa4ebe5791", "cue_id": "숭실대_124" }, "geometry": { "type": "LineString", "coordinates": [ [ 126.9575053, 37.4892338 ], [ 126.9576069, 37.48909 ], [ 126.9576715, 37.4889855 ], [ 126.9578575, 37.4890614 ], [ 126.9581761, 37.4891921 ], [ 126.9581084, 37.4893046 ], [ 126.95813, 37.4894977 ], [ 126.958019, 37.489551499999983 ], [ 126.957458300000013, 37.4900013 ], [ 126.957081700000018, 37.4898833 ], [ 126.9568123, 37.4903063 ], [ 126.95659160000001, 37.4906268 ] ] } },
{ "type": "Feature", "properties": { "종류": "경사", "text": "경사가 매우 가파른 구간입니다.", "A점수": null, "node": null, "최대경사_pct": 21.7, "길이_m": 27.7, "학교": "숭실대", "합친_큐수": null, "audio_key": "1d39e98c4963", "cue_id": "숭실대_125" }, "geometry": { "type": "LineString", "coordinates": [ [ 126.9552824, 37.4903097 ], [ 126.9552131, 37.490414600000015 ], [ 126.955136400000015, 37.4905307 ] ] } },
{ "type": "Feature", "properties": { "종류": "경사", "text": "경사가 급할 수 있는 구간입니다.", "A점수": null, "node": null, "최대경사_pct": 10.7, "길이_m": 45.9, "학교": "숭실대", "합친_큐수": null, "audio_key": "9310d8dd910c", "cue_id": "숭실대_126" }, "geometry": { "type": "LineString", "coordinates": [ [ 126.9529758, 37.4979306 ], [ 126.953119, 37.4979872 ], [ 126.953207600000013, 37.4980458 ], [ 126.9532323, 37.498062199999985 ], [ 126.9532307, 37.4981225 ], [ 126.9532305, 37.4981969 ], [ 126.953224400000011, 37.49823090000001 ] ] } },
{ "type": "Feature", "properties": { "종류": "경사", "text": "경사가 가파른 구간입니다.", "A점수": null, "node": null, "최대경사_pct": 18.7, "길이_m": 18.4, "학교": "숭실대", "합친_큐수": null, "audio_key": "b3aa4ebe5791", "cue_id": "숭실대_127" }, "geometry": { "type": "LineString", "coordinates": [ [ 126.9534867, 37.4983753 ], [ 126.9533159, 37.4982813 ] ] } },
{ "type": "Feature", "properties": { "종류": "경사", "text": "경사가 매우 가파른 구간입니다.", "A점수": null, "node": null, "최대경사_pct": 36.0, "길이_m": 9.0, "학교": "숭실대", "합친_큐수": null, "audio_key": "1d39e98c4963", "cue_id": "숭실대_128" }, "geometry": { "type": "LineString", "coordinates": [ [ 126.9525614, 37.4907984 ], [ 126.9524837, 37.4907463 ] ] } },
{ "type": "Feature", "properties": { "종류": "경사", "text": "경사가 매우 가파른 구간입니다.", "A점수": null, "node": null, "최대경사_pct": 54.1, "길이_m": 8.2, "학교": "숭실대", "합친_큐수": null, "audio_key": "1d39e98c4963", "cue_id": "숭실대_129" }, "geometry": { "type": "LineString", "coordinates": [ [ 126.951391500000014, 37.4916052 ], [ 126.951333600000012, 37.4915474 ] ] } },
{ "type": "Feature", "properties": { "종류": "경사", "text": "경사가 급할 수 있는 구간입니다.", "A점수": null, "node": null, "최대경사_pct": 12.2, "길이_m": 273.8, "학교": "숭실대", "합친_큐수": null, "audio_key": "9310d8dd910c", "cue_id": "숭실대_130" }, "geometry": { "type": "MultiLineString", "coordinates": [ [ [ 126.9554281, 37.4939144 ], [ 126.9557965, 37.4935049 ], [ 126.9559613, 37.4932929 ], [ 126.956083399999983, 37.4931351 ], [ 126.9562095, 37.4929942 ], [ 126.95626, 37.4928296 ], [ 126.956268100000017, 37.49267720000001 ], [ 126.956270599999982, 37.4925615 ] ], [ [ 126.9559464, 37.4932835 ], [ 126.9559336, 37.4932573 ], [ 126.955928599999979, 37.493228 ], [ 126.9559371, 37.4931689 ], [ 126.955952100000019, 37.4931025 ], [ 126.9560133, 37.492941599999988 ], [ 126.9560736, 37.4927743 ], [ 126.9561276, 37.492672600000027 ], [ 126.9561586, 37.492628 ], [ 126.956192800000011, 37.492593200000016 ], [ 126.956236200000021, 37.4925709 ], [ 126.956270599999982, 37.4925615 ] ], [ [ 126.9562547, 37.492447400000017 ], [ 126.956270599999982, 37.4925615 ] ] ] } },
{ "type": "Feature", "properties": { "종류": "경사", "text": "경사가 매우 가파른 구간입니다.", "A점수": null, "node": null, "최대경사_pct": 26.8, "길이_m": 21.4, "학교": "숭실대", "합친_큐수": null, "audio_key": "1d39e98c4963", "cue_id": "숭실대_131" }, "geometry": { "type": "LineString", "coordinates": [ [ 126.955273, 37.490646 ], [ 126.9553166, 37.4905574 ], [ 126.955361400000015, 37.490466400000017 ] ] } },
{ "type": "Feature", "properties": { "종류": "경사", "text": "경사가 가파른 구간입니다.", "A점수": null, "node": null, "최대경사_pct": 16.5, "길이_m": 54.9, "학교": "숭실대", "합친_큐수": null, "audio_key": "b3aa4ebe5791", "cue_id": "숭실대_132" }, "geometry": { "type": "LineString", "coordinates": [ [ 126.9529829, 37.4985801 ], [ 126.9523654, 37.4986294 ] ] } },
{ "type": "Feature", "properties": { "종류": "경사", "text": "경사가 매우 가파른 구간입니다.", "A점수": null, "node": null, "최대경사_pct": 46.1, "길이_m": 131.6, "학교": "숭실대", "합친_큐수": null, "audio_key": "1d39e98c4963", "cue_id": "숭실대_133" }, "geometry": { "type": "LineString", "coordinates": [ [ 126.9501085, 37.4922639 ], [ 126.950086700000014, 37.4922083 ], [ 126.9501417, 37.492172 ], [ 126.9503654, 37.4921128 ], [ 126.9507182, 37.4920259 ], [ 126.951103599999982, 37.4919368 ], [ 126.9511586, 37.4918573 ], [ 126.95111559999998, 37.4917652 ], [ 126.9510758, 37.4916924 ] ] } },
{ "type": "Feature", "properties": { "종류": "경사", "text": "경사가 급할 수 있는 구간입니다.", "A점수": null, "node": null, "최대경사_pct": 8.9, "길이_m": 17.6, "학교": "숭실대", "합친_큐수": null, "audio_key": "9310d8dd910c", "cue_id": "숭실대_134" }, "geometry": { "type": "LineString", "coordinates": [ [ 126.9501321, 37.4972231 ], [ 126.949952600000017, 37.4972923 ] ] } },
{ "type": "Feature", "properties": { "종류": "경사", "text": "경사가 매우 가파른 구간입니다.", "A점수": null, "node": null, "최대경사_pct": 21.4, "길이_m": 40.8, "학교": "숭실대", "합친_큐수": null, "audio_key": "1d39e98c4963", "cue_id": "숭실대_135" }, "geometry": { "type": "LineString", "coordinates": [ [ 126.9494808, 37.4974092 ], [ 126.9499416, 37.4974045 ] ] } },
{ "type": "Feature", "properties": { "종류": "경사", "text": "경사가 급할 수 있는 구간입니다.", "A점수": null, "node": null, "최대경사_pct": 9.1, "길이_m": 15.2, "학교": "숭실대", "합친_큐수": null, "audio_key": "9310d8dd910c", "cue_id": "숭실대_136" }, "geometry": { "type": "LineString", "coordinates": [ [ 126.956712200000013, 37.4923704 ], [ 126.9565445, 37.4923984 ] ] } },
{ "type": "Feature", "properties": { "종류": "경사", "text": "경사가 급할 수 있는 구간입니다.", "A점수": null, "node": null, "최대경사_pct": 9.6, "길이_m": 375.9, "학교": "숭실대", "합친_큐수": null, "audio_key": "9310d8dd910c", "cue_id": "숭실대_137" }, "geometry": { "type": "LineString", "coordinates": [ [ 126.9611947, 37.4952503 ], [ 126.9612676, 37.4953377 ], [ 126.9613693, 37.495471599999988 ], [ 126.9613767, 37.4955624 ], [ 126.9613126, 37.4956975 ], [ 126.9611174, 37.495852500000026 ], [ 126.9603882, 37.4963759 ], [ 126.959767099999979, 37.496871 ], [ 126.9596219, 37.4969729 ], [ 126.959542099999979, 37.4971068 ], [ 126.959486200000015, 37.4972538 ], [ 126.959311899999989, 37.4978885 ], [ 126.9592941, 37.4979699 ] ] } },
{ "type": "Feature", "properties": { "종류": "경사", "text": "경사가 급할 수 있는 구간입니다.", "A점수": null, "node": null, "최대경사_pct": 9.6, "길이_m": 390.3, "학교": "숭실대", "합친_큐수": null, "audio_key": "9310d8dd910c", "cue_id": "숭실대_138" }, "geometry": { "type": "LineString", "coordinates": [ [ 126.954681500000021, 37.4955484 ], [ 126.958636, 37.4949792 ], [ 126.9586558, 37.494889 ], [ 126.9587105, 37.494816 ], [ 126.958795899999984, 37.4947684 ], [ 126.9588637, 37.4947575 ] ] } },
{ "type": "Feature", "properties": { "종류": "경사", "text": "경사가 급할 수 있는 구간입니다.", "A점수": null, "node": null, "최대경사_pct": 8.9, "길이_m": 77.0, "학교": "숭실대", "합친_큐수": null, "audio_key": "9310d8dd910c", "cue_id": "숭실대_139" }, "geometry": { "type": "LineString", "coordinates": [ [ 126.960389, 37.4947269 ], [ 126.9595316, 37.4948503 ] ] } },
{ "type": "Feature", "properties": { "종류": "경사", "text": "경사가 급할 수 있는 구간입니다.", "A점수": null, "node": null, "최대경사_pct": 10.7, "길이_m": 22.3, "학교": "숭실대", "합친_큐수": null, "audio_key": "9310d8dd910c", "cue_id": "숭실대_140" }, "geometry": { "type": "LineString", "coordinates": [ [ 126.956418, 37.4944049 ], [ 126.9564474, 37.4945799 ], [ 126.9564516, 37.4946043 ] ] } },
{ "type": "Feature", "properties": { "종류": "경사", "text": "경사가 가파른 구간입니다.", "A점수": null, "node": null, "최대경사_pct": 15.4, "길이_m": 64.3, "학교": "숭실대", "합친_큐수": null, "audio_key": "b3aa4ebe5791", "cue_id": "숭실대_141" }, "geometry": { "type": "LineString", "coordinates": [ [ 126.9504624, 37.4988896 ], [ 126.9503617, 37.4990235 ], [ 126.9503475, 37.4990479 ], [ 126.9503404, 37.4990818 ], [ 126.9503487, 37.4991072 ], [ 126.9503611, 37.4991228 ], [ 126.950698, 37.4992915 ] ] } },
{ "type": "Feature", "properties": { "종류": "경사", "text": "경사가 급할 수 있는 구간입니다.", "A점수": null, "node": null, "최대경사_pct": 10.8, "길이_m": 161.2, "학교": "숭실대", "합친_큐수": null, "audio_key": "9310d8dd910c", "cue_id": "숭실대_142" }, "geometry": { "type": "LineString", "coordinates": [ [ 126.9558581, 37.4938378 ], [ 126.9562509, 37.4933961 ], [ 126.9564612, 37.4931232 ], [ 126.9565436, 37.4929888 ], [ 126.9565564, 37.4928023 ], [ 126.956575, 37.4926409 ], [ 126.956574799999984, 37.4925486 ] ] } },
{ "type": "Feature", "properties": { "종류": "경사", "text": "경사가 급할 수 있는 구간입니다.", "A점수": null, "node": null, "최대경사_pct": 10.5, "길이_m": 17.2, "학교": "숭실대", "합친_큐수": null, "audio_key": "9310d8dd910c", "cue_id": "숭실대_143" }, "geometry": { "type": "LineString", "coordinates": [ [ 126.956763200000012, 37.4888032 ], [ 126.9567759, 37.4886906 ], [ 126.9567888, 37.4886495 ] ] } },
{ "type": "Feature", "properties": { "종류": "경사", "text": "경사가 가파른 구간입니다.", "A점수": null, "node": null, "최대경사_pct": 14.7, "길이_m": 4.9, "학교": "숭실대", "합친_큐수": null, "audio_key": "b3aa4ebe5791", "cue_id": "숭실대_144" }, "geometry": { "type": "LineString", "coordinates": [ [ 126.9506747, 37.4970964 ], [ 126.950698800000012, 37.4971364 ] ] } },
{ "type": "Feature", "properties": { "종류": "경사", "text": "경사가 가파른 구간입니다.", "A점수": null, "node": null, "최대경사_pct": 13.3, "길이_m": 37.5, "학교": "숭실대", "합친_큐수": null, "audio_key": "b3aa4ebe5791", "cue_id": "숭실대_145" }, "geometry": { "type": "LineString", "coordinates": [ [ 126.958576899999983, 37.4901066 ], [ 126.9587327, 37.4900581 ], [ 126.9589506, 37.4899492 ] ] } },
{ "type": "Feature", "properties": { "종류": "경사", "text": "경사가 가파른 구간입니다.", "A점수": null, "node": null, "최대경사_pct": 15.9, "길이_m": 134.8, "학교": "숭실대", "합친_큐수": null, "audio_key": "b3aa4ebe5791", "cue_id": "숭실대_146" }, "geometry": { "type": "LineString", "coordinates": [ [ 126.9522611, 37.5011823 ], [ 126.953059700000011, 37.50162310000001 ], [ 126.9531303, 37.5016648 ], [ 126.9535939, 37.5016963 ] ] } },
{ "type": "Feature", "properties": { "종류": "경사", "text": "경사가 급할 수 있는 구간입니다.", "A점수": null, "node": null, "최대경사_pct": 8.8, "길이_m": 13.2, "학교": "숭실대", "합친_큐수": null, "audio_key": "9310d8dd910c", "cue_id": "숭실대_147" }, "geometry": { "type": "LineString", "coordinates": [ [ 126.9530751, 37.497817 ], [ 126.9531901, 37.4978926 ] ] } },
{ "type": "Feature", "properties": { "종류": "경사", "text": "경사가 급할 수 있는 구간입니다.", "A점수": null, "node": null, "최대경사_pct": 11.4, "길이_m": 512.5, "학교": "숭실대", "합친_큐수": null, "audio_key": "9310d8dd910c", "cue_id": "숭실대_148" }, "geometry": { "type": "LineString", "coordinates": [ [ 126.953333, 37.498046 ], [ 126.953347099999988, 37.4980683 ], [ 126.953354300000015, 37.4981112 ], [ 126.9535105, 37.4980853 ], [ 126.953561600000015, 37.498076800000014 ], [ 126.953736, 37.4980725 ], [ 126.953872799999985, 37.4981364 ], [ 126.954141, 37.4984173 ], [ 126.9543636, 37.498717300000024 ], [ 126.9546077, 37.4990812 ], [ 126.954744500000018, 37.4994749 ], [ 126.954825, 37.4998238 ], [ 126.9548759, 37.5001835 ], [ 126.9546992, 37.5011652 ], [ 126.9546026, 37.501233300000017 ], [ 126.9537658, 37.50120350000001 ], [ 126.9536242, 37.5011882 ] ] } },
{ "type": "Feature", "properties": { "종류": "경사", "text": "경사가 가파른 구간입니다.", "A점수": null, "node": null, "최대경사_pct": 16.2, "길이_m": 111.8, "학교": "숭실대", "합친_큐수": null, "audio_key": "b3aa4ebe5791", "cue_id": "숭실대_149" }, "geometry": { "type": "LineString", "coordinates": [ [ 126.9518191, 37.4953587 ], [ 126.95192320000001, 37.495446200000011 ], [ 126.9524621, 37.4958949 ], [ 126.952693, 37.496087199999984 ] ] } },
{ "type": "Feature", "properties": { "종류": "경사", "text": "경사가 가파른 구간입니다.", "A점수": null, "node": null, "최대경사_pct": 13.2, "길이_m": 94.3, "학교": "숭실대", "합친_큐수": null, "audio_key": "b3aa4ebe5791", "cue_id": "숭실대_150" }, "geometry": { "type": "LineString", "coordinates": [ [ 126.954615300000015, 37.4931561 ], [ 126.954609, 37.4923065 ] ] } },
{ "type": "Feature", "properties": { "종류": "경사", "text": "경사가 급할 수 있는 구간입니다.", "A점수": null, "node": null, "최대경사_pct": 10.4, "길이_m": 61.9, "학교": "숭실대", "합친_큐수": null, "audio_key": "9310d8dd910c", "cue_id": "숭실대_151" }, "geometry": { "type": "LineString", "coordinates": [ [ 126.953014700000011, 37.5008952 ], [ 126.953388499999988, 37.5010379 ], [ 126.953631800000011, 37.5011578 ] ] } },
{ "type": "Feature", "properties": { "종류": "경사", "text": "경사가 가파른 구간입니다.", "A점수": null, "node": null, "최대경사_pct": 18.9, "길이_m": 52.0, "학교": "숭실대", "합친_큐수": null, "audio_key": "b3aa4ebe5791", "cue_id": "숭실대_152" }, "geometry": { "type": "LineString", "coordinates": [ [ 126.953176, 37.5003816 ], [ 126.9533161, 37.5003892 ], [ 126.9537611, 37.5004244 ] ] } },
{ "type": "Feature", "properties": { "종류": "경사", "text": "경사가 급할 수 있는 구간입니다.", "A점수": null, "node": null, "최대경사_pct": 8.4, "길이_m": 92.8, "학교": "숭실대", "합친_큐수": null, "audio_key": "9310d8dd910c", "cue_id": "숭실대_153" }, "geometry": { "type": "LineString", "coordinates": [ [ 126.9566252, 37.4953228 ], [ 126.9564036, 37.49535510000004 ], [ 126.955593300000018, 37.4954732 ] ] } },
{ "type": "Feature", "properties": { "종류": "경사", "text": "경사가 매우 가파른 구간입니다.", "A점수": null, "node": null, "최대경사_pct": 22.1, "길이_m": 187.5, "학교": "숭실대", "합친_큐수": null, "audio_key": "1d39e98c4963", "cue_id": "숭실대_154" }, "geometry": { "type": "LineString", "coordinates": [ [ 126.949919900000012, 37.498298 ], [ 126.9500531, 37.4982878 ], [ 126.9505252, 37.498541 ], [ 126.9505507, 37.4985953 ], [ 126.950531900000016, 37.4986527 ], [ 126.950149300000021, 37.499108 ], [ 126.9506282, 37.4993723 ] ] } },
{ "type": "Feature", "properties": { "종류": "경사", "text": "경사가 급할 수 있는 구간입니다.", "A점수": null, "node": null, "최대경사_pct": 9.3, "길이_m": 93.8, "학교": "숭실대", "합친_큐수": null, "audio_key": "9310d8dd910c", "cue_id": "숭실대_155" }, "geometry": { "type": "LineString", "coordinates": [ [ 126.95802740000002, 37.4909282 ], [ 126.958018, 37.490919 ], [ 126.9577954, 37.4908083 ], [ 126.9576693, 37.4907551 ], [ 126.9576318, 37.490753 ], [ 126.957409499999983, 37.4908299 ], [ 126.9572442, 37.4908557 ], [ 126.957165800000013, 37.4909426 ], [ 126.9571318, 37.490980300000025 ] ] } },
{ "type": "Feature", "properties": { "종류": "경사", "text": "경사가 가파른 구간입니다.", "A점수": null, "node": null, "최대경사_pct": 14.1, "길이_m": 169.3, "학교": "숭실대", "합친_큐수": null, "audio_key": "b3aa4ebe5791", "cue_id": "숭실대_156" }, "geometry": { "type": "LineString", "coordinates": [ [ 126.9629383, 37.489651500000029 ], [ 126.962751, 37.4900096 ], [ 126.9624503, 37.489931 ], [ 126.961964099999989, 37.4897535 ], [ 126.9614413, 37.4895607 ] ] } },
{ "type": "Feature", "properties": { "종류": "경사", "text": "경사가 가파른 구간입니다.", "A점수": null, "node": null, "최대경사_pct": 16.4, "길이_m": 499.6, "학교": "숭실대", "합친_큐수": null, "audio_key": "b3aa4ebe5791", "cue_id": "숭실대_157" }, "geometry": { "type": "MultiLineString", "coordinates": [ [ [ 126.955521300000015, 37.4979801 ], [ 126.9555146, 37.4979788 ], [ 126.9553781, 37.497941100000013 ], [ 126.955344900000014, 37.4979203 ], [ 126.9552966, 37.4978765 ], [ 126.9552638, 37.4978207 ], [ 126.955238400000013, 37.4977598 ], [ 126.955204800000018, 37.4976207 ], [ 126.955177, 37.4975652 ], [ 126.9551324, 37.4975228 ], [ 126.9548507, 37.4973249 ], [ 126.9547967, 37.4972607 ], [ 126.95477910000001, 37.4971756 ], [ 126.9547428, 37.4971441 ], [ 126.9546958, 37.4971315 ], [ 126.9545095, 37.4971449 ] ], [ [ 126.956867, 37.4982748 ], [ 126.956457499999985, 37.4981907 ], [ 126.955856200000014, 37.4980675 ], [ 126.955703199999988, 37.4980352 ], [ 126.955521300000015, 37.4979801 ] ], [ [ 126.955521300000015, 37.4979801 ], [ 126.9555642, 37.4979633 ], [ 126.955631100000019, 37.49795060000001 ], [ 126.955788399999989, 37.4979202 ], [ 126.95647390000002, 37.4979064 ], [ 126.95661290000001, 37.4979144 ], [ 126.9569643, 37.4978952 ], [ 126.9570609, 37.4978718 ], [ 126.9571842, 37.497825 ], [ 126.9574551, 37.497710099999985 ], [ 126.9578575, 37.4975994 ], [ 126.957975500000018, 37.497559 ], [ 126.958047500000021, 37.4975288 ] ] ] } },
{ "type": "Feature", "properties": { "종류": "경사", "text": "경사가 가파른 구간입니다.", "A점수": null, "node": null, "최대경사_pct": 18.3, "길이_m": 6.3, "학교": "숭실대", "합친_큐수": null, "audio_key": "b3aa4ebe5791", "cue_id": "숭실대_158" }, "geometry": { "type": "LineString", "coordinates": [ [ 126.9630411, 37.5016163 ], [ 126.963029799999987, 37.5016722 ] ] } },
{ "type": "Feature", "properties": { "종류": "경사", "text": "경사가 매우 가파른 구간입니다.", "A점수": null, "node": null, "최대경사_pct": 21.1, "길이_m": 306.9, "학교": "숭실대", "합친_큐수": null, "audio_key": "1d39e98c4963", "cue_id": "숭실대_159" }, "geometry": { "type": "MultiLineString", "coordinates": [ [ [ 126.9636652, 37.501211500000011 ], [ 126.9636128, 37.5012848 ], [ 126.9628529, 37.5011832 ], [ 126.962755500000014, 37.501429900000026 ] ], [ [ 126.963530700000021, 37.5011244 ], [ 126.9636652, 37.501211500000011 ] ], [ [ 126.9637539, 37.5017082 ], [ 126.9638132, 37.5014978 ], [ 126.9638805, 37.5013812 ], [ 126.964150100000012, 37.5012459 ], [ 126.964266, 37.501217200000021 ], [ 126.9640829, 37.500964200000013 ], [ 126.963937900000019, 37.5008805 ], [ 126.9639626, 37.5010149 ], [ 126.963967600000018, 37.5011222 ], [ 126.963935500000019, 37.5011827 ], [ 126.963881200000017, 37.5012206 ], [ 126.9638205, 37.5012312 ], [ 126.9636652, 37.501211500000011 ] ] ] } },
{ "type": "Feature", "properties": { "종류": "경사", "text": "경사가 매우 가파른 구간입니다.", "A점수": null, "node": null, "최대경사_pct": 25.3, "길이_m": 1073.8, "학교": "숭실대", "합친_큐수": null, "audio_key": "1d39e98c4963", "cue_id": "숭실대_160" }, "geometry": { "type": "MultiLineString", "coordinates": [ [ [ 126.9595543, 37.498651 ], [ 126.9595127, 37.4985975 ], [ 126.959355699999989, 37.49838170000001 ], [ 126.959331100000014, 37.4981834 ] ], [ [ 126.9595543, 37.498651 ], [ 126.9597851, 37.4989569 ], [ 126.9598394, 37.499029 ], [ 126.9600069, 37.499174 ], [ 126.9599136, 37.4993238 ], [ 126.9599105, 37.4996541 ], [ 126.959918800000011, 37.5001522 ], [ 126.9601661, 37.5009024 ], [ 126.960245500000013, 37.500944899999986 ], [ 126.9602943, 37.5009689 ], [ 126.960361, 37.5009041 ], [ 126.960422, 37.5007737 ], [ 126.960489, 37.5005677 ], [ 126.960518900000011, 37.5002613 ], [ 126.9604845, 37.499609 ] ], [ [ 126.9622136, 37.4977212 ], [ 126.96223950000001, 37.4978267 ], [ 126.96223670000002, 37.4979177 ], [ 126.9622666, 37.4980056 ], [ 126.962251, 37.498096099999984 ], [ 126.962296800000018, 37.4981802 ], [ 126.962180100000012, 37.4981802 ], [ 126.9620701, 37.498158300000028 ], [ 126.9619588, 37.498133 ], [ 126.961890900000014, 37.4982085 ], [ 126.9618266, 37.4982843 ], [ 126.9617899, 37.4983743 ], [ 126.9618702, 37.4984378 ], [ 126.9619683, 37.498485700000018 ], [ 126.9620868, 37.4984987 ], [ 126.962162, 37.4985663 ], [ 126.9622519, 37.4986253 ], [ 126.962342199999981, 37.4986813 ], [ 126.962354, 37.498591100000013 ], [ 126.9624188, 37.498514900000011 ], [ 126.9624779, 37.4984373 ], [ 126.9625577, 37.4985056 ], [ 126.9626575, 37.498555200000013 ], [ 126.9627458, 37.4986117 ], [ 126.962790600000019, 37.4986966 ], [ 126.9628885, 37.4987428 ], [ 126.96284, 37.4988248 ], [ 126.9627393, 37.4988744 ], [ 126.962681700000019, 37.498952 ], [ 126.9625854, 37.4990009 ], [ 126.9624892, 37.49895080000001 ], [ 126.9623738, 37.4989443 ], [ 126.962307900000013, 37.4988675 ], [ 126.9622, 37.4988372 ], [ 126.9621083, 37.49878360000001 ], [ 126.9619936, 37.4987576 ], [ 126.9618901, 37.4987092 ], [ 126.9617873, 37.4986689 ], [ 126.9616849, 37.4986215 ], [ 126.961572299999986, 37.4985908 ], [ 126.9614592, 37.4985671 ], [ 126.9613432, 37.4985427 ], [ 126.9612223, 37.498542 ], [ 126.961107100000021, 37.4985526 ], [ 126.960993500000015, 37.4985503 ], [ 126.9608746, 37.4985459 ], [ 126.9607575, 37.4985542 ], [ 126.960641599999988, 37.498559 ], [ 126.960525700000019, 37.498556300000025 ], [ 126.960413, 37.4985694 ], [ 126.960298600000016, 37.49857 ], [ 126.960183700000016, 37.4985737 ], [ 126.960064, 37.4985901 ], [ 126.9599499, 37.4985859 ], [ 126.9598338, 37.4986005 ], [ 126.95971830000002, 37.4986008 ], [ 126.959604399999989, 37.4986368 ], [ 126.9595543, 37.498651 ] ] ] } },
{ "type": "Feature", "properties": { "종류": "경사", "text": "경사가 매우 가파른 구간입니다.", "A점수": null, "node": null, "최대경사_pct": 33.2, "길이_m": 2210.9, "학교": "숭실대", "합친_큐수": null, "audio_key": "1d39e98c4963", "cue_id": "숭실대_161" }, "geometry": { "type": "MultiLineString", "coordinates": [ [ [ 126.9623021, 37.493693500000028 ], [ 126.9620548, 37.493672 ], [ 126.9619712, 37.493497 ], [ 126.961977200000021, 37.4933026 ], [ 126.9620028, 37.4931093 ], [ 126.9619947, 37.4929111 ], [ 126.9619286, 37.492738900000013 ], [ 126.9619493, 37.492541600000017 ], [ 126.9619412, 37.4923618 ], [ 126.9619557, 37.4921714 ], [ 126.9619237, 37.491982600000014 ], [ 126.9619568, 37.4917982 ], [ 126.961932200000021, 37.4916046 ], [ 126.9619955, 37.4914164 ], [ 126.96203580000001, 37.491222900000011 ], [ 126.9621074, 37.4910466 ], [ 126.9621677, 37.490907 ], [ 126.9622115, 37.4907064 ], [ 126.9622704, 37.4905383 ], [ 126.9623488, 37.4903295 ], [ 126.962408199999985, 37.4901518 ], [ 126.9624506, 37.4899642 ], [ 126.9624265, 37.4899623 ], [ 126.9620848, 37.4907064 ] ], [ [ 126.9623021, 37.493693500000028 ], [ 126.9623343, 37.4937051 ], [ 126.9625058, 37.4937638 ], [ 126.9626093, 37.4938407 ], [ 126.962624, 37.4940327 ], [ 126.962584800000016, 37.4942115 ], [ 126.9626981, 37.494368 ], [ 126.962953, 37.4945168 ], [ 126.9630446, 37.4945479 ] ], [ [ 126.9623021, 37.493693500000028 ], [ 126.962383200000019, 37.4935348 ], [ 126.9626622, 37.4929553 ], [ 126.9628106, 37.492707399999986 ], [ 126.9628626, 37.4926046 ], [ 126.9628862, 37.492459 ], [ 126.9628574, 37.49231530000003 ], [ 126.9628673, 37.4922771 ], [ 126.9628989, 37.4922324 ] ], [ [ 126.96382, 37.4917325 ], [ 126.9633482, 37.4922102 ], [ 126.963229, 37.492246 ], [ 126.9628989, 37.4922324 ] ], [ [ 126.9628989, 37.4922324 ], [ 126.9628224, 37.4921174 ], [ 126.9628197, 37.4920556 ], [ 126.9628519, 37.491979 ], [ 126.9628894, 37.4919322 ], [ 126.9629511, 37.4918982 ], [ 126.9630504, 37.4918513 ], [ 126.9631255, 37.4918088 ], [ 126.963160300000013, 37.491781100000011 ], [ 126.9632155, 37.4917304 ], [ 126.963318700000016, 37.4915185 ], [ 126.963465, 37.4911685 ], [ 126.963465, 37.490972500000012 ], [ 126.9634868, 37.490648899999989 ], [ 126.9635003, 37.4904262 ] ], [ [ 126.9630446, 37.4945479 ], [ 126.9630455, 37.494558600000019 ], [ 126.96306220000001, 37.4947473 ], [ 126.9630065, 37.4949389 ], [ 126.9629099, 37.4952189 ], [ 126.9628765, 37.4953634 ], [ 126.9629285, 37.4956493 ], [ 126.962947, 37.4957731 ], [ 126.963002800000012, 37.4958615 ], [ 126.963140200000012, 37.4960856 ], [ 126.96321829999998, 37.4962595 ], [ 126.963223, 37.49638920000001 ], [ 126.9631242, 37.496586500000035 ], [ 126.9630882, 37.4967754 ], [ 126.9630468, 37.4969286 ], [ 126.9630362, 37.4971114 ], [ 126.963140200000012, 37.4972057 ], [ 126.9633409, 37.4972912 ], [ 126.96349690000001, 37.4973767 ], [ 126.9636121, 37.4974858 ], [ 126.963749599999986, 37.4976302 ], [ 126.963861, 37.4976891 ], [ 126.963991099999987, 37.4977216 ], [ 126.9642474, 37.4978218 ], [ 126.9643923, 37.4979456 ], [ 126.9645558, 37.4980399 ], [ 126.964745300000018, 37.4981077 ], [ 126.96498680000002, 37.498149 ], [ 126.9650685, 37.4982345 ], [ 126.965150300000019, 37.4982993 ] ], [ [ 126.96546, 37.4932563 ], [ 126.9652826, 37.493206499999978 ], [ 126.9651099, 37.493193100000013 ], [ 126.9650473, 37.4932215 ], [ 126.9648778, 37.493333800000016 ], [ 126.964763399999981, 37.4933919 ], [ 126.9646466, 37.4934626 ], [ 126.9645228, 37.4935741 ], [ 126.9644511, 37.4936542 ], [ 126.9642447, 37.493834300000017 ], [ 126.9640278, 37.4939415 ], [ 126.9639353, 37.4939829 ], [ 126.963870700000015, 37.49403 ], [ 126.9637162, 37.4941452 ], [ 126.9635316, 37.4942656 ], [ 126.963338800000017, 37.4943612 ], [ 126.9630446, 37.4945479 ] ], [ [ 126.9635003, 37.4904262 ], [ 126.9636311, 37.490454200000023 ], [ 126.963686, 37.490467 ], [ 126.963704800000016, 37.490468 ], [ 126.9637263, 37.490468 ], [ 126.9637397, 37.4904648 ], [ 126.963747700000013, 37.49044990000003 ], [ 126.963939100000019, 37.4899361 ] ], [ [ 126.9635003, 37.4904262 ], [ 126.963465, 37.4901041 ], [ 126.963506200000012, 37.4899454 ], [ 126.9635898, 37.4898305 ] ], [ [ 126.965150300000019, 37.4982993 ], [ 126.965055800000016, 37.4983483 ] ], [ [ 126.965150300000019, 37.4982993 ], [ 126.9652647, 37.4982746 ], [ 126.9654064, 37.4982489 ], [ 126.965492700000013, 37.498252 ], [ 126.9657368, 37.4982885 ], [ 126.965947299999982, 37.498354500000019 ], [ 126.9660334, 37.4984227 ] ] ] } },
{ "type": "Feature", "properties": { "종류": "경사", "text": "경사가 가파른 구간입니다.", "A점수": null, "node": null, "최대경사_pct": 14.3, "길이_m": 588.1, "학교": "숭실대", "합친_큐수": null, "audio_key": "b3aa4ebe5791", "cue_id": "숭실대_162" }, "geometry": { "type": "MultiLineString", "coordinates": [ [ [ 126.9595446, 37.4949183 ], [ 126.96045220000002, 37.4948161 ], [ 126.9608523, 37.494771 ] ], [ [ 126.960189700000015, 37.493906100000025 ], [ 126.960199, 37.4939815 ], [ 126.960730799999979, 37.4945888 ], [ 126.9608523, 37.494771 ] ], [ [ 126.9608523, 37.494771 ], [ 126.9609436, 37.494759 ], [ 126.9614936, 37.4946476 ], [ 126.96182730000001, 37.4945174 ], [ 126.9621223, 37.4942888 ], [ 126.962297400000011, 37.494057 ], [ 126.9624815, 37.4936954 ], [ 126.962902899999989, 37.4928366 ], [ 126.9630493, 37.4926419 ], [ 126.963264400000014, 37.4924411 ] ] ] } },
{ "type": "Feature", "properties": { "종류": "경사", "text": "경사가 가파른 구간입니다.", "A점수": null, "node": null, "최대경사_pct": 14.6, "길이_m": 176.4, "학교": "숭실대", "합친_큐수": null, "audio_key": "b3aa4ebe5791", "cue_id": "숭실대_163" }, "geometry": { "type": "LineString", "coordinates": [ [ 126.9530801, 37.4985726 ], [ 126.9530528, 37.498614 ], [ 126.9530109, 37.498749099999976 ], [ 126.9530339, 37.4988981 ], [ 126.9531324, 37.4990472 ], [ 126.9535245, 37.4994514 ], [ 126.953619500000016, 37.4995806 ], [ 126.953398400000012, 37.499638700000013 ], [ 126.9531552, 37.4996803 ], [ 126.953104700000011, 37.499685 ] ] } },
{ "type": "Feature", "properties": { "종류": "경사", "text": "경사가 가파른 구간입니다.", "A점수": null, "node": null, "최대경사_pct": 14.0, "길이_m": 315.4, "학교": "숭실대", "합친_큐수": null, "audio_key": "b3aa4ebe5791", "cue_id": "숭실대_164" }, "geometry": { "type": "LineString", "coordinates": [ [ 126.950670200000019, 37.4940359 ], [ 126.951317, 37.4937958 ], [ 126.9518251, 37.4938008 ], [ 126.9524784, 37.4942093 ], [ 126.952597699999984, 37.4943359 ], [ 126.9526335, 37.4943912 ], [ 126.9526339, 37.494448899999988 ], [ 126.952601500000014, 37.494502 ], [ 126.9521493, 37.49487389999998 ], [ 126.952119400000015, 37.4949227 ], [ 126.9521085, 37.4949769 ], [ 126.952123200000017, 37.4950231 ], [ 126.9521576, 37.4950632 ], [ 126.9522174, 37.4951069 ], [ 126.9522954, 37.495159 ] ] } },
{ "type": "Feature", "properties": { "종류": "경사", "text": "경사가 가파른 구간입니다.", "A점수": null, "node": null, "최대경사_pct": 13.7, "길이_m": 196.7, "학교": "숭실대", "합친_큐수": null, "audio_key": "b3aa4ebe5791", "cue_id": "숭실대_165" }, "geometry": { "type": "LineString", "coordinates": [ [ 126.96791140000002, 37.4977469 ], [ 126.9677508, 37.4976299 ], [ 126.9673556, 37.4973449 ], [ 126.966843600000018, 37.4970314 ], [ 126.9661276, 37.4967006 ] ] } },
{ "type": "Feature", "properties": { "종류": "경사", "text": "경사가 급할 수 있는 구간입니다.", "A점수": null, "node": null, "최대경사_pct": 12.6, "길이_m": 196.9, "학교": "숭실대", "합친_큐수": null, "audio_key": "9310d8dd910c", "cue_id": "숭실대_166" }, "geometry": { "type": "LineString", "coordinates": [ [ 126.959918299999984, 37.4928321 ], [ 126.9598682, 37.4926949 ], [ 126.9598021, 37.4925003 ], [ 126.959753800000016, 37.4923343 ], [ 126.9595258, 37.4920768 ], [ 126.9594692, 37.4920256 ], [ 126.9596066, 37.4918708 ], [ 126.959610600000019, 37.4918046 ], [ 126.9592276, 37.491769300000023 ], [ 126.959142, 37.491463700000033 ] ] } },
{ "type": "Feature", "properties": { "종류": "경사", "text": "경사가 매우 가파른 구간입니다.", "A점수": null, "node": null, "최대경사_pct": 28.2, "길이_m": 557.5, "학교": "숭실대", "합친_큐수": null, "audio_key": "1d39e98c4963", "cue_id": "숭실대_167" }, "geometry": { "type": "LineString", "coordinates": [ [ 126.95912610000002, 37.498805400000016 ], [ 126.959150100000016, 37.4987855 ], [ 126.9592192, 37.4986629 ], [ 126.959337100000013, 37.4985823 ], [ 126.9596156, 37.4984484 ], [ 126.959861500000017, 37.4983404 ], [ 126.9602067, 37.4981554 ], [ 126.9602574, 37.4980949 ], [ 126.9602789, 37.4980342 ], [ 126.9602896, 37.49798950000001 ], [ 126.960303, 37.4979608 ], [ 126.9603231, 37.497937400000019 ], [ 126.9604707, 37.4978119 ], [ 126.9605015, 37.4977661 ], [ 126.9605096, 37.4977363 ], [ 126.9605015, 37.4977108 ], [ 126.960494800000021, 37.497690600000013 ], [ 126.9605055, 37.4976672 ], [ 126.9605256, 37.4976437 ], [ 126.960524299999989, 37.4976097 ], [ 126.9605096, 37.4975799 ], [ 126.960484099999988, 37.4975533 ], [ 126.9602628, 37.4974097 ], [ 126.9601984, 37.497365 ], [ 126.9601783, 37.4973256 ], [ 126.9601595, 37.4971054 ], [ 126.9601515, 37.4970245 ], [ 126.960175600000014, 37.4969362 ], [ 126.9601944, 37.4968713 ], [ 126.9602159, 37.4968298 ], [ 126.960233299999985, 37.4968117 ], [ 126.9602628, 37.4967904 ], [ 126.9605082, 37.496668100000015 ], [ 126.9607845, 37.4964872 ], [ 126.960840800000014, 37.4964372 ], [ 126.9608623, 37.4963978 ], [ 126.9608904, 37.4963637 ], [ 126.960928, 37.4963467 ], [ 126.961032599999982, 37.4963254 ], [ 126.9611895, 37.4962786 ], [ 126.961448300000015, 37.4961403 ], [ 126.9614953, 37.4961201 ], [ 126.9615154, 37.4961052 ], [ 126.961524800000021, 37.4960839 ], [ 126.9615234, 37.4960541 ], [ 126.9615355, 37.4959945 ], [ 126.9616039, 37.4958743 ], [ 126.961734, 37.4957523 ], [ 126.9617957, 37.4957012 ], [ 126.9618386, 37.4956821 ], [ 126.9618761, 37.4956778 ], [ 126.961932500000017, 37.495677800000017 ], [ 126.962050499999989, 37.4956799 ], [ 126.962084, 37.4956767 ], [ 126.9621149, 37.4956629 ], [ 126.9621377, 37.495648 ], [ 126.962156400000012, 37.49562250000001 ], [ 126.962173899999982, 37.495577800000014 ], [ 126.9622168, 37.4955161 ], [ 126.9622704, 37.495465 ], [ 126.9623938, 37.4954426 ], [ 126.9624212, 37.49544 ] ] } },
{ "type": "Feature", "properties": { "종류": "계단", "text": "근처에 계단이 있습니다.", "A점수": null, "node": null, "최대경사_pct": 4.0, "길이_m": 113.9, "학교": "숭실대", "합친_큐수": null, "audio_key": "47e5cfdf8e88", "cue_id": "숭실대_168" }, "geometry": { "type": "LineString", "coordinates": [ [ 126.9560891, 37.4909779 ], [ 126.956109499999982, 37.4910224 ], [ 126.9561006, 37.4911927 ], [ 126.9565388, 37.491216 ], [ 126.9565814, 37.490935 ], [ 126.956634100000016, 37.4909138 ], [ 126.9566976, 37.490795899999988 ] ] } },
{ "type": "Feature", "properties": { "종류": "계단", "text": "근처에 계단이 있습니다.", "A점수": null, "node": null, "최대경사_pct": 19.1, "길이_m": 70.0, "학교": "숭실대", "합친_큐수": null, "audio_key": "47e5cfdf8e88", "cue_id": "숭실대_169" }, "geometry": { "type": "LineString", "coordinates": [ [ 126.966403500000013, 37.495182500000013 ], [ 126.967032, 37.4955663 ] ] } },
{ "type": "Feature", "properties": { "종류": "계단", "text": "근처에 계단이 있습니다.", "A점수": null, "node": null, "최대경사_pct": 19.9, "길이_m": 52.6, "학교": "숭실대", "합친_큐수": null, "audio_key": "47e5cfdf8e88", "cue_id": "숭실대_170" }, "geometry": { "type": "LineString", "coordinates": [ [ 126.9592229, 37.4989553 ], [ 126.9592833, 37.4989861 ], [ 126.959322900000018, 37.4990019 ], [ 126.959385700000013, 37.4990271 ], [ 126.959573800000015, 37.4989966 ], [ 126.9597689, 37.4989592 ], [ 126.9597851, 37.4989569 ] ] } },
{ "type": "Feature", "properties": { "종류": "횡단", "text": "주의. 근처에 횡단보도가 있습니다. 보행 신호등이 없습니다. 중간 교통섬을 거쳐 두 번에 나누어 건넙니다.", "A점수": 3.0, "node": "10107993115", "최대경사_pct": null, "길이_m": null, "학교": "중앙대", "합친_큐수": 1.0, "audio_key": "ac97e3e7c127", "cue_id": "중앙대_000" }, "geometry": { "type": "Point", "coordinates": [ 126.9616628, 37.5068106 ] } },
{ "type": "Feature", "properties": { "종류": "횡단", "text": "근처에 횡단보도가 있습니다. 보행 신호등이 없습니다. 중간 교통섬을 거쳐 두 번에 나누어 건넙니다.", "A점수": null, "node": "12056766167", "최대경사_pct": null, "길이_m": null, "학교": "중앙대", "합친_큐수": 1.0, "audio_key": "dba96f9a1447", "cue_id": "중앙대_001" }, "geometry": { "type": "Point", "coordinates": [ 126.9500524, 37.5104363 ] } },
{ "type": "Feature", "properties": { "종류": "횡단", "text": "근처에 횡단보도가 있습니다. 보행 신호등이 없습니다. 중간 교통섬을 거쳐 두 번에 나누어 건넙니다.", "A점수": null, "node": "12056780871", "최대경사_pct": null, "길이_m": null, "학교": "중앙대", "합친_큐수": 1.0, "audio_key": "dba96f9a1447", "cue_id": "중앙대_002" }, "geometry": { "type": "Point", "coordinates": [ 126.951028, 37.5099627 ] } },
{ "type": "Feature", "properties": { "종류": "횡단", "text": "주의. 근처에 횡단보도가 있습니다. 보행 신호등이 없습니다. 중간 교통섬을 거쳐 두 번에 나누어 건넙니다.", "A점수": 3.0, "node": "12864823352", "최대경사_pct": null, "길이_m": null, "학교": "중앙대", "합친_큐수": 1.0, "audio_key": "ac97e3e7c127", "cue_id": "중앙대_003" }, "geometry": { "type": "Point", "coordinates": [ 126.960887099999979, 37.503730199999985 ] } },
{ "type": "Feature", "properties": { "종류": "횡단", "text": "주의. 근처에 횡단보도가 있습니다. 보행 신호등이 없습니다. 중간 교통섬을 거쳐 두 번에 나누어 건넙니다.", "A점수": 3.0, "node": "13392265479", "최대경사_pct": null, "길이_m": null, "학교": "중앙대", "합친_큐수": 1.0, "audio_key": "ac97e3e7c127", "cue_id": "중앙대_004" }, "geometry": { "type": "Point", "coordinates": [ 126.9631642, 37.5095502 ] } },
{ "type": "Feature", "properties": { "종류": "횡단", "text": "주의. 근처에 횡단보도가 있습니다. 보행 신호등이 없습니다. 중간 교통섬을 거쳐 두 번에 나누어 건넙니다.", "A점수": 3.0, "node": "13675095844", "최대경사_pct": null, "길이_m": null, "학교": "중앙대", "합친_큐수": 1.0, "audio_key": "ac97e3e7c127", "cue_id": "중앙대_005" }, "geometry": { "type": "Point", "coordinates": [ 126.963934, 37.508720900000014 ] } },
{ "type": "Feature", "properties": { "종류": "횡단", "text": "근처에 횡단보도가 있습니다. 보행 신호등이 없습니다. 중간 교통섬을 거쳐 두 번에 나누어 건넙니다.", "A점수": null, "node": "13816446695", "최대경사_pct": null, "길이_m": null, "학교": "중앙대", "합친_큐수": 1.0, "audio_key": "dba96f9a1447", "cue_id": "중앙대_006" }, "geometry": { "type": "Point", "coordinates": [ 126.9606931, 37.5028575 ] } },
{ "type": "Feature", "properties": { "종류": "횡단", "text": "근처에 횡단보도가 있습니다. 보행 신호등은 있지만 음향신호기는 없습니다. 중간 교통섬을 거쳐 두 번에 나누어 건넙니다.", "A점수": 2.0, "node": "2288832804", "최대경사_pct": null, "길이_m": null, "학교": "중앙대", "합친_큐수": 1.0, "audio_key": "c30d91ef833e", "cue_id": "중앙대_007" }, "geometry": { "type": "Point", "coordinates": [ 126.961826699999989, 37.50741810000001 ] } },
{ "type": "Feature", "properties": { "종류": "횡단", "text": "근처에 횡단보도가 있습니다. 보행 신호등이 없습니다. 중간 교통섬을 거쳐 두 번에 나누어 건넙니다.", "A점수": 2.0, "node": "2824550220", "최대경사_pct": null, "길이_m": null, "학교": "중앙대", "합친_큐수": 1.0, "audio_key": "dba96f9a1447", "cue_id": "중앙대_008" }, "geometry": { "type": "Point", "coordinates": [ 126.951799500000021, 37.5073242 ] } },
{ "type": "Feature", "properties": { "종류": "횡단", "text": "근처에 횡단보도가 있습니다. 보행 신호등과 음향신호기가 있습니다. 중간 교통섬을 거쳐 두 번에 나누어 건넙니다.", "A점수": 0.0, "node": "2824550315", "최대경사_pct": null, "길이_m": null, "학교": "중앙대", "합친_큐수": 1.0, "audio_key": "71d7daf1bfd3", "cue_id": "중앙대_009" }, "geometry": { "type": "Point", "coordinates": [ 126.953619500000016, 37.4995806 ] } },
{ "type": "Feature", "properties": { "종류": "횡단", "text": "근처에 횡단보도가 있습니다. 보행 신호등이 없습니다. 중간 교통섬을 거쳐 두 번에 나누어 건넙니다.", "A점수": 2.0, "node": "2824550318", "최대경사_pct": null, "길이_m": null, "학교": "중앙대", "합친_큐수": 1.0, "audio_key": "dba96f9a1447", "cue_id": "중앙대_010" }, "geometry": { "type": "Point", "coordinates": [ 126.9536242, 37.5011882 ] } },
{ "type": "Feature", "properties": { "종류": "횡단", "text": "근처에 횡단보도가 있습니다. 보행 신호등과 음향신호기가 있습니다. 중간 교통섬을 거쳐 두 번에 나누어 건넙니다.", "A점수": null, "node": "2824550328", "최대경사_pct": null, "길이_m": null, "학교": "중앙대", "합친_큐수": 1.0, "audio_key": "71d7daf1bfd3", "cue_id": "중앙대_011" }, "geometry": { "type": "Point", "coordinates": [ 126.9536058, 37.5050021 ] } },
{ "type": "Feature", "properties": { "종류": "횡단", "text": "근처에 횡단보도가 있습니다. 보행 신호등과 음향신호기가 있습니다.", "A점수": null, "node": "2824759203", "최대경사_pct": null, "길이_m": null, "학교": "중앙대", "합친_큐수": 1.0, "audio_key": "393d5aecc5af", "cue_id": "중앙대_012" }, "geometry": { "type": "Point", "coordinates": [ 126.9602943, 37.5009689 ] } },
{ "type": "Feature", "properties": { "종류": "횡단", "text": "근처에 횡단보도가 있습니다. 보행 신호등과 음향신호기가 있습니다. 중간 교통섬을 거쳐 두 번에 나누어 건넙니다.", "A점수": null, "node": "2824759222", "최대경사_pct": null, "길이_m": null, "학교": "중앙대", "합친_큐수": 1.0, "audio_key": "71d7daf1bfd3", "cue_id": "중앙대_013" }, "geometry": { "type": "Point", "coordinates": [ 126.9604845, 37.499609 ] } },
{ "type": "Feature", "properties": { "종류": "횡단", "text": "근처에 횡단보도가 있습니다. 보행 신호등과 음향신호기가 있습니다. 중간 교통섬을 거쳐 두 번에 나누어 건넙니다.", "A점수": null, "node": "2824759300", "최대경사_pct": null, "길이_m": null, "학교": "중앙대", "합친_큐수": 1.0, "audio_key": "71d7daf1bfd3", "cue_id": "중앙대_014" }, "geometry": { "type": "Point", "coordinates": [ 126.9600069, 37.499174 ] } },
{ "type": "Feature", "properties": { "종류": "횡단", "text": "근처에 횡단보도가 있습니다. 보행 신호등은 있지만 음향신호기는 없습니다. 중간 교통섬을 거쳐 두 번에 나누어 건넙니다.", "A점수": 2.0, "node": "2825706556", "최대경사_pct": null, "길이_m": null, "학교": "중앙대", "합친_큐수": 1.0, "audio_key": "c30d91ef833e", "cue_id": "중앙대_015" }, "geometry": { "type": "Point", "coordinates": [ 126.9533159, 37.4982813 ] } },
{ "type": "Feature", "properties": { "종류": "횡단", "text": "주의. 근처에 횡단보도가 있습니다. 보행 신호등이 없습니다. 중간 교통섬을 거쳐 두 번에 나누어 건넙니다.", "A점수": 3.0, "node": "2825711099", "최대경사_pct": null, "길이_m": null, "학교": "중앙대", "합친_큐수": 1.0, "audio_key": "ac97e3e7c127", "cue_id": "중앙대_016" }, "geometry": { "type": "Point", "coordinates": [ 126.953333, 37.498046 ] } },
{ "type": "Feature", "properties": { "종류": "횡단", "text": "근처에 횡단보도가 있습니다. 보행 신호등이 없습니다. 중간 교통섬을 거쳐 두 번에 나누어 건넙니다.", "A점수": null, "node": "2825711987", "최대경사_pct": null, "길이_m": null, "학교": "중앙대", "합친_큐수": 1.0, "audio_key": "dba96f9a1447", "cue_id": "중앙대_017" }, "geometry": { "type": "Point", "coordinates": [ 126.9592941, 37.4979699 ] } },
{ "type": "Feature", "properties": { "종류": "횡단", "text": "근처에 횡단보도가 있습니다. 보행 신호등이 없습니다. 중간 교통섬을 거쳐 두 번에 나누어 건넙니다.", "A점수": 2.0, "node": "2829530328", "최대경사_pct": null, "길이_m": null, "학교": "중앙대", "합친_큐수": 1.0, "audio_key": "dba96f9a1447", "cue_id": "중앙대_018" }, "geometry": { "type": "Point", "coordinates": [ 126.951525300000014, 37.5080832 ] } },
{ "type": "Feature", "properties": { "종류": "횡단", "text": "근처에 횡단보도가 있습니다. 보행 신호등과 음향신호기가 있습니다. 중간 교통섬을 거쳐 두 번에 나누어 건넙니다.", "A점수": 1.0, "node": "2829530643", "최대경사_pct": null, "길이_m": null, "학교": "중앙대", "합친_큐수": 1.0, "audio_key": "71d7daf1bfd3", "cue_id": "중앙대_019" }, "geometry": { "type": "Point", "coordinates": [ 126.9600387, 37.5096884 ] } },
{ "type": "Feature", "properties": { "종류": "횡단", "text": "근처에 횡단보도가 있습니다. 보행 신호등과 음향신호기가 있습니다. 중간 교통섬을 거쳐 두 번에 나누어 건넙니다.", "A점수": 1.0, "node": "2829530656", "최대경사_pct": null, "길이_m": null, "학교": "중앙대", "합친_큐수": 1.0, "audio_key": "71d7daf1bfd3", "cue_id": "중앙대_020" }, "geometry": { "type": "Point", "coordinates": [ 126.9616846, 37.508897 ] } },
{ "type": "Feature", "properties": { "종류": "횡단", "text": "주의. 근처에 횡단보도가 있습니다. 보행 신호등이 없습니다. 중간 교통섬을 거쳐 두 번에 나누어 건넙니다.", "A점수": 3.0, "node": "2890319153", "최대경사_pct": null, "길이_m": null, "학교": "중앙대", "합친_큐수": 1.0, "audio_key": "ac97e3e7c127", "cue_id": "중앙대_021" }, "geometry": { "type": "Point", "coordinates": [ 126.9584674, 37.506889 ] } },
{ "type": "Feature", "properties": { "종류": "횡단", "text": "근처에 횡단보도가 있습니다. 보행 신호등이 없습니다. 중간 교통섬을 거쳐 두 번에 나누어 건넙니다.", "A점수": 2.0, "node": "3119042915", "최대경사_pct": null, "길이_m": null, "학교": "중앙대", "합친_큐수": 1.0, "audio_key": "dba96f9a1447", "cue_id": "중앙대_022" }, "geometry": { "type": "Point", "coordinates": [ 126.9507596, 37.5092323 ] } },
{ "type": "Feature", "properties": { "종류": "횡단", "text": "주의. 근처에 횡단보도가 있습니다. 보행 신호등이 없습니다. 중간 교통섬을 거쳐 두 번에 나누어 건넙니다.", "A점수": 3.0, "node": "3119042928", "최대경사_pct": null, "길이_m": null, "학교": "중앙대", "합친_큐수": 1.0, "audio_key": "ac97e3e7c127", "cue_id": "중앙대_023" }, "geometry": { "type": "Point", "coordinates": [ 126.961014899999981, 37.5077193 ] } },
{ "type": "Feature", "properties": { "종류": "횡단", "text": "주의. 근처에 횡단보도가 있습니다. 보행 신호등이 없습니다. 중간 교통섬을 거쳐 두 번에 나누어 건넙니다.", "A점수": 3.0, "node": "3888649136", "최대경사_pct": null, "길이_m": null, "학교": "중앙대", "합친_큐수": 1.0, "audio_key": "ac97e3e7c127", "cue_id": "중앙대_024" }, "geometry": { "type": "Point", "coordinates": [ 126.9665933, 37.5062586 ] } },
{ "type": "Feature", "properties": { "종류": "횡단", "text": "주의. 근처에 횡단보도가 있습니다. 보행 신호등이 없습니다. 중간 교통섬을 거쳐 두 번에 나누어 건넙니다.", "A점수": 3.0, "node": "3888649139", "최대경사_pct": null, "길이_m": null, "학교": "중앙대", "합친_큐수": 1.0, "audio_key": "ac97e3e7c127", "cue_id": "중앙대_025" }, "geometry": { "type": "Point", "coordinates": [ 126.9662642, 37.50567 ] } },
{ "type": "Feature", "properties": { "종류": "횡단", "text": "근처에 횡단보도가 있습니다. 보행 신호등과 음향신호기가 있습니다. 중간 교통섬을 거쳐 두 번에 나누어 건넙니다.", "A점수": 0.0, "node": "436821679", "최대경사_pct": null, "길이_m": null, "학교": "중앙대", "합친_큐수": 1.0, "audio_key": "71d7daf1bfd3", "cue_id": "중앙대_026" }, "geometry": { "type": "Point", "coordinates": [ 126.94951970000001, 37.5041747 ] } },
{ "type": "Feature", "properties": { "종류": "횡단", "text": "근처에 횡단보도가 있습니다. 보행 신호등이 없습니다. 중간 교통섬을 거쳐 두 번에 나누어 건넙니다.", "A점수": 2.0, "node": "436883217", "최대경사_pct": null, "길이_m": null, "학교": "중앙대", "합친_큐수": 1.0, "audio_key": "dba96f9a1447", "cue_id": "중앙대_027" }, "geometry": { "type": "Point", "coordinates": [ 126.9506374, 37.5047688 ] } },
{ "type": "Feature", "properties": { "종류": "횡단", "text": "주의. 근처에 횡단보도가 있습니다. 보행 신호등이 없습니다. 중간 교통섬을 거쳐 두 번에 나누어 건넙니다.", "A점수": 3.0, "node": "436883256", "최대경사_pct": null, "길이_m": null, "학교": "중앙대", "합친_큐수": 1.0, "audio_key": "ac97e3e7c127", "cue_id": "중앙대_028" }, "geometry": { "type": "Point", "coordinates": [ 126.9612307, 37.5082316 ] } },
{ "type": "Feature", "properties": { "종류": "횡단", "text": "근처에 횡단보도가 있습니다. 보행 신호등이 없습니다. 중간 교통섬을 거쳐 두 번에 나누어 건넙니다.", "A점수": null, "node": "4611303880", "최대경사_pct": null, "길이_m": null, "학교": "중앙대", "합친_큐수": 1.0, "audio_key": "dba96f9a1447", "cue_id": "중앙대_029" }, "geometry": { "type": "Point", "coordinates": [ 126.9643982, 37.5031809 ] } },
{ "type": "Feature", "properties": { "종류": "횡단", "text": "근처에 횡단보도가 있습니다. 보행 신호등이 없습니다. 중간 교통섬을 거쳐 두 번에 나누어 건넙니다.", "A점수": null, "node": "4613243688", "최대경사_pct": null, "길이_m": null, "학교": "중앙대", "합친_큐수": 1.0, "audio_key": "dba96f9a1447", "cue_id": "중앙대_030" }, "geometry": { "type": "Point", "coordinates": [ 126.955157700000015, 37.5062686 ] } },
{ "type": "Feature", "properties": { "종류": "횡단", "text": "주의. 근처에 횡단보도가 있습니다. 보행 신호등이 없습니다. 중간 교통섬을 거쳐 두 번에 나누어 건넙니다.", "A점수": 3.0, "node": "4613243837", "최대경사_pct": null, "길이_m": null, "학교": "중앙대", "합친_큐수": 1.0, "audio_key": "ac97e3e7c127", "cue_id": "중앙대_031" }, "geometry": { "type": "Point", "coordinates": [ 126.9571283, 37.5064499 ] } },
{ "type": "Feature", "properties": { "종류": "횡단", "text": "근처에 횡단보도가 있습니다. 보행 신호등이 없습니다. 중간 교통섬을 거쳐 두 번에 나누어 건넙니다.", "A점수": 2.0, "node": "4621486060", "최대경사_pct": null, "길이_m": null, "학교": "중앙대", "합친_큐수": 1.0, "audio_key": "dba96f9a1447", "cue_id": "중앙대_032" }, "geometry": { "type": "Point", "coordinates": [ 126.9519886, 37.504885 ] } },
{ "type": "Feature", "properties": { "종류": "횡단", "text": "근처에 횡단보도가 있습니다. 보행 신호등이 없습니다.", "A점수": 2.0, "node": "4621488498", "최대경사_pct": null, "길이_m": null, "학교": "중앙대", "합친_큐수": 1.0, "audio_key": "7a5f3c6c6e6d", "cue_id": "중앙대_033" }, "geometry": { "type": "Point", "coordinates": [ 126.9522467, 37.5057331 ] } },
{ "type": "Feature", "properties": { "종류": "횡단", "text": "주의. 근처에 횡단보도가 있습니다. 보행 신호등이 없습니다. 중간 교통섬을 거쳐 두 번에 나누어 건넙니다.", "A점수": 3.0, "node": "7775271120", "최대경사_pct": null, "길이_m": null, "학교": "중앙대", "합친_큐수": 1.0, "audio_key": "ac97e3e7c127", "cue_id": "중앙대_034" }, "geometry": { "type": "Point", "coordinates": [ 126.9592115, 37.507215 ] } },
{ "type": "Feature", "properties": { "종류": "횡단", "text": "주의. 근처에 횡단보도가 있습니다. 보행 신호등이 없습니다. 중간 교통섬을 거쳐 두 번에 나누어 건넙니다.", "A점수": 3.0, "node": "8482522490", "최대경사_pct": null, "길이_m": null, "학교": "중앙대", "합친_큐수": 1.0, "audio_key": "ac97e3e7c127", "cue_id": "중앙대_035" }, "geometry": { "type": "Point", "coordinates": [ 126.966817299999988, 37.506969 ] } },
{ "type": "Feature", "properties": { "종류": "횡단", "text": "근처에 차도가 만나는 교차로가 있습니다. 횡단보도가 없습니다.", "A점수": null, "node": "571454796", "최대경사_pct": null, "길이_m": null, "학교": "중앙대", "합친_큐수": 1.0, "audio_key": "cb1ca1f5914a", "cue_id": "중앙대_036" }, "geometry": { "type": "Point", "coordinates": [ 126.953838500000018, 37.5121468 ] } },
{ "type": "Feature", "properties": { "종류": "횡단", "text": "주의. 근처에 차도가 만나는 교차로가 있습니다. 횡단보도가 없습니다.", "A점수": 4.0, "node": "3888649128", "최대경사_pct": null, "길이_m": null, "학교": "중앙대", "합친_큐수": 1.0, "audio_key": "40c57cc27026", "cue_id": "중앙대_037" }, "geometry": { "type": "Point", "coordinates": [ 126.9652329, 37.5073487 ] } },
{ "type": "Feature", "properties": { "종류": "횡단", "text": "주의. 근처에 차도가 만나는 교차로가 있습니다. 횡단보도가 없습니다.", "A점수": 4.0, "node": "3888649162", "최대경사_pct": null, "길이_m": null, "학교": "중앙대", "합친_큐수": 1.0, "audio_key": "40c57cc27026", "cue_id": "중앙대_038" }, "geometry": { "type": "Point", "coordinates": [ 126.966011100000017, 37.5072914 ] } },
{ "type": "Feature", "properties": { "종류": "횡단", "text": "주의. 근처에 차도가 만나는 교차로가 있습니다. 횡단보도가 없습니다.", "A점수": 4.0, "node": "2288832800", "최대경사_pct": null, "길이_m": null, "학교": "중앙대", "합친_큐수": 2.0, "audio_key": "40c57cc27026", "cue_id": "중앙대_039" }, "geometry": { "type": "Point", "coordinates": [ 126.9630737, 37.5080992 ] } },
{ "type": "Feature", "properties": { "종류": "횡단", "text": "주의. 근처에 차도가 만나는 교차로가 있습니다. 횡단보도가 없습니다.", "A점수": 3.0, "node": "4644112573", "최대경사_pct": null, "길이_m": null, "학교": "중앙대", "합친_큐수": 1.0, "audio_key": "40c57cc27026", "cue_id": "중앙대_040" }, "geometry": { "type": "Point", "coordinates": [ 126.9503995, 37.50559710000001 ] } },
{ "type": "Feature", "properties": { "종류": "횡단", "text": "근처에 차도가 만나는 교차로가 있습니다. 횡단보도가 없습니다.", "A점수": null, "node": "2829530351", "최대경사_pct": null, "길이_m": null, "학교": "중앙대", "합친_큐수": 1.0, "audio_key": "cb1ca1f5914a", "cue_id": "중앙대_041" }, "geometry": { "type": "Point", "coordinates": [ 126.9538699, 37.5118631 ] } },
{ "type": "Feature", "properties": { "종류": "횡단", "text": "주의. 근처에 차도가 만나는 교차로가 있습니다. 횡단보도가 없습니다.", "A점수": 3.0, "node": "4644112576", "최대경사_pct": null, "길이_m": null, "학교": "중앙대", "합친_큐수": 1.0, "audio_key": "40c57cc27026", "cue_id": "중앙대_042" }, "geometry": { "type": "Point", "coordinates": [ 126.949717400000011, 37.5048292 ] } },
{ "type": "Feature", "properties": { "종류": "횡단", "text": "주의. 근처에 차도가 만나는 교차로가 있습니다. 횡단보도가 없습니다.", "A점수": 3.0, "node": "1831853301", "최대경사_pct": null, "길이_m": null, "학교": "중앙대", "합친_큐수": 1.0, "audio_key": "40c57cc27026", "cue_id": "중앙대_043" }, "geometry": { "type": "Point", "coordinates": [ 126.950465, 37.505297 ] } },
{ "type": "Feature", "properties": { "종류": "횡단", "text": "주의. 근처에 차도가 만나는 교차로가 있습니다. 횡단보도가 없습니다.", "A점수": 3.0, "node": "10239817464", "최대경사_pct": null, "길이_m": null, "학교": "중앙대", "합친_큐수": 1.0, "audio_key": "40c57cc27026", "cue_id": "중앙대_044" }, "geometry": { "type": "Point", "coordinates": [ 126.949881499999989, 37.5043834 ] } },
{ "type": "Feature", "properties": { "종류": "횡단", "text": "주의. 근처에 차도가 만나는 교차로가 있습니다. 횡단보도가 없습니다.", "A점수": 3.0, "node": "2825701323", "최대경사_pct": null, "길이_m": null, "학교": "중앙대", "합친_큐수": 1.0, "audio_key": "40c57cc27026", "cue_id": "중앙대_045" }, "geometry": { "type": "Point", "coordinates": [ 126.9502567, 37.50457 ] } },
{ "type": "Feature", "properties": { "종류": "횡단", "text": "근처에 차도가 만나는 교차로가 있습니다. 횡단보도가 없습니다.", "A점수": null, "node": "2824550249", "최대경사_pct": null, "길이_m": null, "학교": "중앙대", "합친_큐수": 1.0, "audio_key": "cb1ca1f5914a", "cue_id": "중앙대_046" }, "geometry": { "type": "Point", "coordinates": [ 126.951900600000016, 37.50282 ] } },
{ "type": "Feature", "properties": { "종류": "횡단", "text": "근처에 차도가 만나는 교차로가 있습니다. 횡단보도가 없습니다.", "A점수": null, "node": "2825701329", "최대경사_pct": null, "길이_m": null, "학교": "중앙대", "합친_큐수": 1.0, "audio_key": "cb1ca1f5914a", "cue_id": "중앙대_047" }, "geometry": { "type": "Point", "coordinates": [ 126.951632700000019, 37.5025727 ] } },
{ "type": "Feature", "properties": { "종류": "횡단", "text": "근처에 차도가 만나는 교차로가 있습니다. 횡단보도가 없습니다.", "A점수": null, "node": "4621475847", "최대경사_pct": null, "길이_m": null, "학교": "중앙대", "합친_큐수": 1.0, "audio_key": "cb1ca1f5914a", "cue_id": "중앙대_048" }, "geometry": { "type": "Point", "coordinates": [ 126.9519375, 37.5025821 ] } },
{ "type": "Feature", "properties": { "종류": "횡단", "text": "주의. 근처에 차도가 만나는 교차로가 있습니다. 횡단보도가 없습니다.", "A점수": 3.0, "node": "2824550259", "최대경사_pct": null, "길이_m": null, "학교": "중앙대", "합친_큐수": 1.0, "audio_key": "40c57cc27026", "cue_id": "중앙대_049" }, "geometry": { "type": "Point", "coordinates": [ 126.9509839, 37.499453 ] } },
{ "type": "Feature", "properties": { "종류": "횡단", "text": "주의. 근처에 차도가 만나는 교차로가 있습니다. 횡단보도가 없습니다.", "A점수": 4.0, "node": "4612845662", "최대경사_pct": null, "길이_m": null, "학교": "중앙대", "합친_큐수": 1.0, "audio_key": "40c57cc27026", "cue_id": "중앙대_050" }, "geometry": { "type": "Point", "coordinates": [ 126.962625099999983, 37.5068957 ] } },
{ "type": "Feature", "properties": { "종류": "횡단", "text": "근처에 차도가 만나는 교차로가 있습니다. 횡단보도가 없습니다.", "A점수": null, "node": "2825701311", "최대경사_pct": null, "길이_m": null, "학교": "중앙대", "합친_큐수": 1.0, "audio_key": "cb1ca1f5914a", "cue_id": "중앙대_051" }, "geometry": { "type": "Point", "coordinates": [ 126.9502484, 37.5020188 ] } },
{ "type": "Feature", "properties": { "종류": "횡단", "text": "주의. 근처에 차도가 만나는 교차로가 있습니다. 횡단보도가 없습니다.", "A점수": 3.0, "node": "2825711413", "최대경사_pct": null, "길이_m": null, "학교": "중앙대", "합친_큐수": 1.0, "audio_key": "40c57cc27026", "cue_id": "중앙대_052" }, "geometry": { "type": "Point", "coordinates": [ 126.9545095, 37.4971449 ] } },
{ "type": "Feature", "properties": { "종류": "횡단", "text": "근처에 차도가 만나는 교차로가 있습니다. 횡단보도가 없습니다.", "A점수": null, "node": "2829530337", "최대경사_pct": null, "길이_m": null, "학교": "중앙대", "합친_큐수": 1.0, "audio_key": "cb1ca1f5914a", "cue_id": "중앙대_053" }, "geometry": { "type": "Point", "coordinates": [ 126.9548396, 37.5092846 ] } },
{ "type": "Feature", "properties": { "종류": "횡단", "text": "근처에 차도가 만나는 교차로가 있습니다. 횡단보도가 없습니다.", "A점수": null, "node": "2829530336", "최대경사_pct": null, "길이_m": null, "학교": "중앙대", "합친_큐수": 2.0, "audio_key": "cb1ca1f5914a", "cue_id": "중앙대_054" }, "geometry": { "type": "Point", "coordinates": [ 126.955650100000014, 37.509650900000011 ] } },
{ "type": "Feature", "properties": { "종류": "횡단", "text": "근처에 차도가 만나는 교차로가 있습니다. 횡단보도가 없습니다.", "A점수": null, "node": "11179633109", "최대경사_pct": null, "길이_m": null, "학교": "중앙대", "합친_큐수": 1.0, "audio_key": "cb1ca1f5914a", "cue_id": "중앙대_055" }, "geometry": { "type": "Point", "coordinates": [ 126.9560773, 37.509308 ] } },
{ "type": "Feature", "properties": { "종류": "횡단", "text": "근처에 차도가 만나는 교차로가 있습니다. 횡단보도가 없습니다.", "A점수": null, "node": "2829530350", "최대경사_pct": null, "길이_m": null, "학교": "중앙대", "합친_큐수": 2.0, "audio_key": "cb1ca1f5914a", "cue_id": "중앙대_056" }, "geometry": { "type": "Point", "coordinates": [ 126.9532809, 37.510618800000017 ] } },
{ "type": "Feature", "properties": { "종류": "횡단+회전", "text": "주의. 근처에 차도가 만나는 교차로가 있습니다. 횡단보도가 없습니다. 길이 크게 꺾이는 곳입니다.", "A점수": 4.0, "node": "2829530628", "최대경사_pct": null, "길이_m": null, "학교": "중앙대", "합친_큐수": 2.0, "audio_key": "134115c22895", "cue_id": "중앙대_057" }, "geometry": { "type": "Point", "coordinates": [ 126.9601712, 37.5075028 ] } },
{ "type": "Feature", "properties": { "종류": "횡단", "text": "주의. 근처에 차도가 만나는 교차로가 있습니다. 횡단보도가 없습니다.", "A점수": 4.0, "node": "4612845666", "최대경사_pct": null, "길이_m": null, "학교": "중앙대", "합친_큐수": 1.0, "audio_key": "40c57cc27026", "cue_id": "중앙대_058" }, "geometry": { "type": "Point", "coordinates": [ 126.964032499999988, 37.5079425 ] } },
{ "type": "Feature", "properties": { "종류": "횡단", "text": "근처에 차도가 만나는 교차로가 있습니다. 횡단보도가 없습니다.", "A점수": null, "node": "4613249924", "최대경사_pct": null, "길이_m": null, "학교": "중앙대", "합친_큐수": 1.0, "audio_key": "cb1ca1f5914a", "cue_id": "중앙대_059" }, "geometry": { "type": "Point", "coordinates": [ 126.954222, 37.5116496 ] } },
{ "type": "Feature", "properties": { "종류": "횡단+회전", "text": "근처에 차도가 만나는 교차로가 있습니다. 횡단보도가 없습니다. 길이 크게 꺾이는 곳입니다.", "A점수": null, "node": "4613249938", "최대경사_pct": null, "길이_m": null, "학교": "중앙대", "합친_큐수": 2.0, "audio_key": "1c066d0c6c72", "cue_id": "중앙대_060" }, "geometry": { "type": "Point", "coordinates": [ 126.956694, 37.5105084 ] } },
{ "type": "Feature", "properties": { "종류": "횡단", "text": "근처에 차도가 만나는 교차로가 있습니다. 횡단보도가 없습니다.", "A점수": null, "node": "4613249952", "최대경사_pct": null, "길이_m": null, "학교": "중앙대", "합친_큐수": 1.0, "audio_key": "cb1ca1f5914a", "cue_id": "중앙대_061" }, "geometry": { "type": "Point", "coordinates": [ 126.9568668, 37.5108875 ] } },
{ "type": "Feature", "properties": { "종류": "회전", "text": "길이 크게 꺾이는 곳입니다.", "A점수": null, "node": null, "최대경사_pct": null, "길이_m": null, "학교": "중앙대", "합친_큐수": 1.0, "audio_key": "7c86b46f338a", "cue_id": "중앙대_062" }, "geometry": { "type": "Point", "coordinates": [ 126.965853908939408, 37.50717490387855 ] } },
{ "type": "Feature", "properties": { "종류": "회전", "text": "길이 크게 꺾이는 곳입니다.", "A점수": null, "node": null, "최대경사_pct": null, "길이_m": null, "학교": "중앙대", "합친_큐수": 1.0, "audio_key": "7c86b46f338a", "cue_id": "중앙대_063" }, "geometry": { "type": "Point", "coordinates": [ 126.962865565294635, 37.509443995149461 ] } },
{ "type": "Feature", "properties": { "종류": "회전", "text": "길이 크게 꺾이는 곳입니다.", "A점수": null, "node": null, "최대경사_pct": null, "길이_m": null, "학교": "중앙대", "합친_큐수": 3.0, "audio_key": "7c86b46f338a", "cue_id": "중앙대_064" }, "geometry": { "type": "Point", "coordinates": [ 126.955454206775215, 37.506822693929081 ] } },
{ "type": "Feature", "properties": { "종류": "회전", "text": "길이 크게 꺾이는 곳입니다.", "A점수": null, "node": null, "최대경사_pct": null, "길이_m": null, "학교": "중앙대", "합친_큐수": 1.0, "audio_key": "7c86b46f338a", "cue_id": "중앙대_065" }, "geometry": { "type": "Point", "coordinates": [ 126.961327366111718, 37.508676783676471 ] } },
{ "type": "Feature", "properties": { "종류": "회전", "text": "길이 크게 꺾이는 곳입니다.", "A점수": null, "node": null, "최대경사_pct": null, "길이_m": null, "학교": "중앙대", "합친_큐수": 2.0, "audio_key": "7c86b46f338a", "cue_id": "중앙대_066" }, "geometry": { "type": "Point", "coordinates": [ 126.948969083985403, 37.505457730116362 ] } },
{ "type": "Feature", "properties": { "종류": "회전", "text": "길이 크게 꺾이는 곳입니다.", "A점수": null, "node": null, "최대경사_pct": null, "길이_m": null, "학교": "중앙대", "합친_큐수": 2.0, "audio_key": "7c86b46f338a", "cue_id": "중앙대_067" }, "geometry": { "type": "Point", "coordinates": [ 126.949549159305036, 37.505200294656134 ] } },
{ "type": "Feature", "properties": { "종류": "회전", "text": "길이 크게 꺾이는 곳입니다.", "A점수": null, "node": null, "최대경사_pct": null, "길이_m": null, "학교": "중앙대", "합친_큐수": 2.0, "audio_key": "7c86b46f338a", "cue_id": "중앙대_068" }, "geometry": { "type": "Point", "coordinates": [ 126.953538499415956, 37.503306580629101 ] } },
{ "type": "Feature", "properties": { "종류": "회전", "text": "길이 크게 꺾이는 곳입니다.", "A점수": null, "node": null, "최대경사_pct": null, "길이_m": null, "학교": "중앙대", "합친_큐수": 2.0, "audio_key": "7c86b46f338a", "cue_id": "중앙대_069" }, "geometry": { "type": "Point", "coordinates": [ 126.953550400000026, 37.502786422798565 ] } },
{ "type": "Feature", "properties": { "종류": "회전", "text": "길이 크게 꺾이는 곳입니다.", "A점수": null, "node": null, "최대경사_pct": null, "길이_m": null, "학교": "중앙대", "합친_큐수": 1.0, "audio_key": "7c86b46f338a", "cue_id": "중앙대_070" }, "geometry": { "type": "Point", "coordinates": [ 126.956980212252191, 37.499375357785034 ] } },
{ "type": "Feature", "properties": { "종류": "회전", "text": "길이 크게 꺾이는 곳입니다.", "A점수": null, "node": null, "최대경사_pct": null, "길이_m": null, "학교": "중앙대", "합친_큐수": 1.0, "audio_key": "7c86b46f338a", "cue_id": "중앙대_071" }, "geometry": { "type": "Point", "coordinates": [ 126.954999085678182, 37.503721855902683 ] } },
{ "type": "Feature", "properties": { "종류": "회전", "text": "길이 크게 꺾이는 곳입니다.", "A점수": null, "node": null, "최대경사_pct": null, "길이_m": null, "학교": "중앙대", "합친_큐수": 1.0, "audio_key": "7c86b46f338a", "cue_id": "중앙대_072" }, "geometry": { "type": "Point", "coordinates": [ 126.95465291898654, 37.503766486697408 ] } },
{ "type": "Feature", "properties": { "종류": "회전", "text": "길이 크게 꺾이는 곳입니다.", "A점수": null, "node": null, "최대경사_pct": null, "길이_m": null, "학교": "중앙대", "합친_큐수": 1.0, "audio_key": "7c86b46f338a", "cue_id": "중앙대_073" }, "geometry": { "type": "Point", "coordinates": [ 126.954608380507537, 37.503621131749348 ] } },
{ "type": "Feature", "properties": { "종류": "회전", "text": "길이 크게 꺾이는 곳입니다.", "A점수": null, "node": null, "최대경사_pct": null, "길이_m": null, "학교": "중앙대", "합친_큐수": 1.0, "audio_key": "7c86b46f338a", "cue_id": "중앙대_074" }, "geometry": { "type": "Point", "coordinates": [ 126.953725529108638, 37.503658773020248 ] } },
{ "type": "Feature", "properties": { "종류": "회전", "text": "길이 크게 꺾이는 곳입니다.", "A점수": null, "node": null, "최대경사_pct": null, "길이_m": null, "학교": "중앙대", "합친_큐수": 1.0, "audio_key": "7c86b46f338a", "cue_id": "중앙대_075" }, "geometry": { "type": "Point", "coordinates": [ 126.953172663652495, 37.50469595521556 ] } },
{ "type": "Feature", "properties": { "종류": "회전", "text": "길이 크게 꺾이는 곳입니다.", "A점수": null, "node": null, "최대경사_pct": null, "길이_m": null, "학교": "중앙대", "합친_큐수": 1.0, "audio_key": "7c86b46f338a", "cue_id": "중앙대_076" }, "geometry": { "type": "Point", "coordinates": [ 126.962586983576443, 37.506328947732342 ] } },
{ "type": "Feature", "properties": { "종류": "회전", "text": "길이 크게 꺾이는 곳입니다.", "A점수": null, "node": null, "최대경사_pct": null, "길이_m": null, "학교": "중앙대", "합친_큐수": 2.0, "audio_key": "7c86b46f338a", "cue_id": "중앙대_077" }, "geometry": { "type": "Point", "coordinates": [ 126.961809700718447, 37.506452199995813 ] } },
{ "type": "Feature", "properties": { "종류": "회전", "text": "길이 크게 꺾이는 곳입니다.", "A점수": null, "node": null, "최대경사_pct": null, "길이_m": null, "학교": "중앙대", "합친_큐수": 3.0, "audio_key": "7c86b46f338a", "cue_id": "중앙대_078" }, "geometry": { "type": "Point", "coordinates": [ 126.963832593885328, 37.501229088055709 ] } },
{ "type": "Feature", "properties": { "종류": "회전", "text": "길이 크게 꺾이는 곳입니다.", "A점수": null, "node": null, "최대경사_pct": null, "길이_m": null, "학교": "중앙대", "합친_큐수": 1.0, "audio_key": "7c86b46f338a", "cue_id": "중앙대_079" }, "geometry": { "type": "Point", "coordinates": [ 126.958132374699375, 37.497868054851651 ] } },
{ "type": "Feature", "properties": { "종류": "회전", "text": "길이 크게 꺾이는 곳입니다.", "A점수": null, "node": null, "최대경사_pct": null, "길이_m": null, "학교": "중앙대", "합친_큐수": 1.0, "audio_key": "7c86b46f338a", "cue_id": "중앙대_080" }, "geometry": { "type": "Point", "coordinates": [ 126.957806059779415, 37.498023696927092 ] } },
{ "type": "Feature", "properties": { "종류": "회전", "text": "길이 크게 꺾이는 곳입니다.", "A점수": null, "node": null, "최대경사_pct": null, "길이_m": null, "학교": "중앙대", "합친_큐수": 1.0, "audio_key": "7c86b46f338a", "cue_id": "중앙대_081" }, "geometry": { "type": "Point", "coordinates": [ 126.957850071272219, 37.498283471758263 ] } },
{ "type": "Feature", "properties": { "종류": "회전", "text": "길이 크게 꺾이는 곳입니다.", "A점수": null, "node": null, "최대경사_pct": null, "길이_m": null, "학교": "중앙대", "합친_큐수": 1.0, "audio_key": "7c86b46f338a", "cue_id": "중앙대_082" }, "geometry": { "type": "Point", "coordinates": [ 126.959133313139247, 37.497842737879203 ] } },
{ "type": "Feature", "properties": { "종류": "회전", "text": "길이 크게 꺾이는 곳입니다.", "A점수": null, "node": null, "최대경사_pct": null, "길이_m": null, "학교": "중앙대", "합친_큐수": 1.0, "audio_key": "7c86b46f338a", "cue_id": "중앙대_083" }, "geometry": { "type": "Point", "coordinates": [ 126.954504935931638, 37.497316052583862 ] } },
{ "type": "Feature", "properties": { "종류": "회전", "text": "길이 크게 꺾이는 곳입니다.", "A점수": null, "node": null, "최대경사_pct": null, "길이_m": null, "학교": "중앙대", "합친_큐수": 1.0, "audio_key": "7c86b46f338a", "cue_id": "중앙대_084" }, "geometry": { "type": "Point", "coordinates": [ 126.954777542230147, 37.497174248217021 ] } },
{ "type": "Feature", "properties": { "종류": "회전", "text": "길이 크게 꺾이는 곳입니다.", "A점수": null, "node": null, "최대경사_pct": null, "길이_m": null, "학교": "중앙대", "합친_큐수": 1.0, "audio_key": "7c86b46f338a", "cue_id": "중앙대_085" }, "geometry": { "type": "Point", "coordinates": [ 126.955727056561798, 37.510880746932116 ] } },
{ "type": "Feature", "properties": { "종류": "회전", "text": "길이 크게 꺾이는 곳입니다.", "A점수": null, "node": null, "최대경사_pct": null, "길이_m": null, "학교": "중앙대", "합친_큐수": 1.0, "audio_key": "7c86b46f338a", "cue_id": "중앙대_086" }, "geometry": { "type": "Point", "coordinates": [ 126.955970659855566, 37.510627140759816 ] } },
{ "type": "Feature", "properties": { "종류": "회전", "text": "길이 크게 꺾이는 곳입니다.", "A점수": null, "node": null, "최대경사_pct": null, "길이_m": null, "학교": "중앙대", "합친_큐수": 1.0, "audio_key": "7c86b46f338a", "cue_id": "중앙대_087" }, "geometry": { "type": "Point", "coordinates": [ 126.955872259253582, 37.510295366130137 ] } },
{ "type": "Feature", "properties": { "종류": "회전", "text": "길이 크게 꺾이는 곳입니다.", "A점수": null, "node": null, "최대경사_pct": null, "길이_m": null, "학교": "중앙대", "합친_큐수": 1.0, "audio_key": "7c86b46f338a", "cue_id": "중앙대_088" }, "geometry": { "type": "Point", "coordinates": [ 126.956104190224934, 37.510430844315344 ] } },
{ "type": "Feature", "properties": { "종류": "회전", "text": "길이 크게 꺾이는 곳입니다.", "A점수": null, "node": null, "최대경사_pct": null, "길이_m": null, "학교": "중앙대", "합친_큐수": 1.0, "audio_key": "7c86b46f338a", "cue_id": "중앙대_089" }, "geometry": { "type": "Point", "coordinates": [ 126.955936935160707, 37.507516080798752 ] } },
{ "type": "Feature", "properties": { "종류": "회전", "text": "길이 크게 꺾이는 곳입니다.", "A점수": null, "node": null, "최대경사_pct": null, "길이_m": null, "학교": "중앙대", "합친_큐수": 1.0, "audio_key": "7c86b46f338a", "cue_id": "중앙대_090" }, "geometry": { "type": "Point", "coordinates": [ 126.956273007764452, 37.507811039731209 ] } },
{ "type": "Feature", "properties": { "종류": "회전", "text": "길이 크게 꺾이는 곳입니다.", "A점수": null, "node": null, "최대경사_pct": null, "길이_m": null, "학교": "중앙대", "합친_큐수": 1.0, "audio_key": "7c86b46f338a", "cue_id": "중앙대_091" }, "geometry": { "type": "Point", "coordinates": [ 126.956020327699349, 37.50700939514207 ] } },
{ "type": "Feature", "properties": { "종류": "회전", "text": "길이 크게 꺾이는 곳입니다.", "A점수": null, "node": null, "최대경사_pct": null, "길이_m": null, "학교": "중앙대", "합친_큐수": 1.0, "audio_key": "7c86b46f338a", "cue_id": "중앙대_092" }, "geometry": { "type": "Point", "coordinates": [ 126.959088952599515, 37.509583931511223 ] } },
{ "type": "Feature", "properties": { "종류": "회전", "text": "길이 크게 꺾이는 곳입니다.", "A점수": null, "node": null, "최대경사_pct": null, "길이_m": null, "학교": "중앙대", "합친_큐수": 1.0, "audio_key": "7c86b46f338a", "cue_id": "중앙대_093" }, "geometry": { "type": "Point", "coordinates": [ 126.959598808212462, 37.50929036434637 ] } },
{ "type": "Feature", "properties": { "종류": "회전", "text": "길이 크게 꺾이는 곳입니다.", "A점수": null, "node": null, "최대경사_pct": null, "길이_m": null, "학교": "중앙대", "합친_큐수": 1.0, "audio_key": "7c86b46f338a", "cue_id": "중앙대_094" }, "geometry": { "type": "Point", "coordinates": [ 126.959625616212733, 37.506723051424935 ] } },
{ "type": "Feature", "properties": { "종류": "회전", "text": "길이 크게 꺾이는 곳입니다.", "A점수": null, "node": null, "최대경사_pct": null, "길이_m": null, "학교": "중앙대", "합친_큐수": 1.0, "audio_key": "7c86b46f338a", "cue_id": "중앙대_095" }, "geometry": { "type": "Point", "coordinates": [ 126.96066313357268, 37.509277520500675 ] } },
{ "type": "Feature", "properties": { "종류": "회전", "text": "길이 크게 꺾이는 곳입니다.", "A점수": null, "node": null, "최대경사_pct": null, "길이_m": null, "학교": "중앙대", "합친_큐수": 1.0, "audio_key": "7c86b46f338a", "cue_id": "중앙대_096" }, "geometry": { "type": "Point", "coordinates": [ 126.961121807946867, 37.508979072460249 ] } },
{ "type": "Feature", "properties": { "종류": "회전", "text": "길이 크게 꺾이는 곳입니다.", "A점수": null, "node": null, "최대경사_pct": null, "길이_m": null, "학교": "중앙대", "합친_큐수": 1.0, "audio_key": "7c86b46f338a", "cue_id": "중앙대_097" }, "geometry": { "type": "Point", "coordinates": [ 126.958688199583037, 37.507546780840343 ] } },
{ "type": "Feature", "properties": { "종류": "회전", "text": "길이 크게 꺾이는 곳입니다.", "A점수": null, "node": null, "최대경사_pct": null, "길이_m": null, "학교": "중앙대", "합친_큐수": 1.0, "audio_key": "7c86b46f338a", "cue_id": "중앙대_098" }, "geometry": { "type": "Point", "coordinates": [ 126.965598036959179, 37.506036359118987 ] } },
{ "type": "Feature", "properties": { "종류": "회전", "text": "길이 크게 꺾이는 곳입니다.", "A점수": null, "node": null, "최대경사_pct": null, "길이_m": null, "학교": "중앙대", "합친_큐수": 1.0, "audio_key": "7c86b46f338a", "cue_id": "중앙대_099" }, "geometry": { "type": "Point", "coordinates": [ 126.965783198974663, 37.505868577215445 ] } },
{ "type": "Feature", "properties": { "종류": "회전", "text": "길이 크게 꺾이는 곳입니다.", "A점수": null, "node": null, "최대경사_pct": null, "길이_m": null, "학교": "중앙대", "합친_큐수": 1.0, "audio_key": "7c86b46f338a", "cue_id": "중앙대_100" }, "geometry": { "type": "Point", "coordinates": [ 126.962964759387788, 37.501754035496226 ] } },
{ "type": "Feature", "properties": { "종류": "회전", "text": "길이 크게 꺾이는 곳입니다.", "A점수": null, "node": null, "최대경사_pct": null, "길이_m": null, "학교": "중앙대", "합친_큐수": 1.0, "audio_key": "7c86b46f338a", "cue_id": "중앙대_101" }, "geometry": { "type": "Point", "coordinates": [ 126.954444624807252, 37.506793825326405 ] } },
{ "type": "Feature", "properties": { "종류": "회전", "text": "길이 크게 꺾이는 곳입니다.", "A점수": null, "node": null, "최대경사_pct": null, "길이_m": null, "학교": "중앙대", "합친_큐수": 1.0, "audio_key": "7c86b46f338a", "cue_id": "중앙대_102" }, "geometry": { "type": "Point", "coordinates": [ 126.954633445741479, 37.506974736180979 ] } },
{ "type": "Feature", "properties": { "종류": "회전", "text": "길이 크게 꺾이는 곳입니다.", "A점수": null, "node": null, "최대경사_pct": null, "길이_m": null, "학교": "중앙대", "합친_큐수": 1.0, "audio_key": "7c86b46f338a", "cue_id": "중앙대_103" }, "geometry": { "type": "Point", "coordinates": [ 126.955769629714254, 37.505850637080464 ] } },
{ "type": "Feature", "properties": { "종류": "회전", "text": "길이 크게 꺾이는 곳입니다.", "A점수": null, "node": null, "최대경사_pct": null, "길이_m": null, "학교": "중앙대", "합친_큐수": 1.0, "audio_key": "7c86b46f338a", "cue_id": "중앙대_104" }, "geometry": { "type": "Point", "coordinates": [ 126.956045145212443, 37.505560941200599 ] } },
{ "type": "Feature", "properties": { "종류": "회전", "text": "길이 크게 꺾이는 곳입니다.", "A점수": null, "node": null, "최대경사_pct": null, "길이_m": null, "학교": "중앙대", "합친_큐수": 1.0, "audio_key": "7c86b46f338a", "cue_id": "중앙대_105" }, "geometry": { "type": "Point", "coordinates": [ 126.954932683826485, 37.505893306457558 ] } },
{ "type": "Feature", "properties": { "종류": "회전", "text": "길이 크게 꺾이는 곳입니다.", "A점수": null, "node": null, "최대경사_pct": null, "길이_m": null, "학교": "중앙대", "합친_큐수": 1.0, "audio_key": "7c86b46f338a", "cue_id": "중앙대_106" }, "geometry": { "type": "Point", "coordinates": [ 126.955797631042131, 37.511050323482806 ] } },
{ "type": "Feature", "properties": { "종류": "회전", "text": "길이 크게 꺾이는 곳입니다.", "A점수": null, "node": null, "최대경사_pct": null, "길이_m": null, "학교": "중앙대", "합친_큐수": 1.0, "audio_key": "7c86b46f338a", "cue_id": "중앙대_107" }, "geometry": { "type": "Point", "coordinates": [ 126.959171854175281, 37.511656904466413 ] } },
{ "type": "Feature", "properties": { "종류": "회전", "text": "길이 크게 꺾이는 곳입니다.", "A점수": null, "node": null, "최대경사_pct": null, "길이_m": null, "학교": "중앙대", "합친_큐수": 1.0, "audio_key": "7c86b46f338a", "cue_id": "중앙대_108" }, "geometry": { "type": "Point", "coordinates": [ 126.958842010863208, 37.511373214410447 ] } },
{ "type": "Feature", "properties": { "종류": "회전", "text": "길이 크게 꺾이는 곳입니다.", "A점수": null, "node": null, "최대경사_pct": null, "길이_m": null, "학교": "중앙대", "합친_큐수": 3.0, "audio_key": "7c86b46f338a", "cue_id": "중앙대_109" }, "geometry": { "type": "Point", "coordinates": [ 126.957656795062633, 37.51153085509965 ] } },
{ "type": "Feature", "properties": { "종류": "회전", "text": "길이 크게 꺾이는 곳입니다.", "A점수": null, "node": null, "최대경사_pct": null, "길이_m": null, "학교": "중앙대", "합친_큐수": 1.0, "audio_key": "7c86b46f338a", "cue_id": "중앙대_110" }, "geometry": { "type": "Point", "coordinates": [ 126.957483793315163, 37.511328827269608 ] } },
{ "type": "Feature", "properties": { "종류": "회전", "text": "길이 크게 꺾이는 곳입니다.", "A점수": null, "node": null, "최대경사_pct": null, "길이_m": null, "학교": "중앙대", "합친_큐수": 1.0, "audio_key": "7c86b46f338a", "cue_id": "중앙대_111" }, "geometry": { "type": "Point", "coordinates": [ 126.953042806632268, 37.508316189103653 ] } },
{ "type": "Feature", "properties": { "종류": "회전", "text": "길이 크게 꺾이는 곳입니다.", "A점수": null, "node": null, "최대경사_pct": null, "길이_m": null, "학교": "중앙대", "합친_큐수": 1.0, "audio_key": "7c86b46f338a", "cue_id": "중앙대_112" }, "geometry": { "type": "Point", "coordinates": [ 126.961915327129574, 37.503964896745089 ] } },
{ "type": "Feature", "properties": { "종류": "회전", "text": "길이 크게 꺾이는 곳입니다.", "A점수": null, "node": null, "최대경사_pct": null, "길이_m": null, "학교": "중앙대", "합친_큐수": 2.0, "audio_key": "7c86b46f338a", "cue_id": "중앙대_113" }, "geometry": { "type": "Point", "coordinates": [ 126.961776045970197, 37.503733747884439 ] } },
{ "type": "Feature", "properties": { "종류": "회전", "text": "길이 크게 꺾이는 곳입니다.", "A점수": null, "node": null, "최대경사_pct": null, "길이_m": null, "학교": "중앙대", "합친_큐수": 2.0, "audio_key": "7c86b46f338a", "cue_id": "중앙대_114" }, "geometry": { "type": "Point", "coordinates": [ 126.961856719593627, 37.503577430684878 ] } },
{ "type": "Feature", "properties": { "종류": "회전", "text": "길이 크게 꺾이는 곳입니다.", "A점수": null, "node": null, "최대경사_pct": null, "길이_m": null, "학교": "중앙대", "합친_큐수": 1.0, "audio_key": "7c86b46f338a", "cue_id": "중앙대_115" }, "geometry": { "type": "Point", "coordinates": [ 126.949249029205859, 37.507872850209758 ] } },
{ "type": "Feature", "properties": { "종류": "경사", "text": "경사가 매우 가파른 구간입니다.", "A점수": null, "node": null, "최대경사_pct": 24.5, "길이_m": 586.8, "학교": "중앙대", "합친_큐수": null, "audio_key": "1d39e98c4963", "cue_id": "중앙대_116" }, "geometry": { "type": "MultiLineString", "coordinates": [ [ [ 126.9600387, 37.5096884 ], [ 126.9591182, 37.510112199999988 ], [ 126.958945, 37.5101738 ], [ 126.95896, 37.5100829 ], [ 126.9590963, 37.5096023 ], [ 126.959069700000015, 37.5095358 ], [ 126.958753, 37.5093959 ], [ 126.95866860000001, 37.5093035 ], [ 126.958670400000017, 37.5090982 ] ], [ [ 126.9592892, 37.5082926 ], [ 126.9595014, 37.5084632 ], [ 126.95960980000001, 37.50854 ] ], [ [ 126.9600387, 37.5096884 ], [ 126.9598077, 37.5094517 ], [ 126.9595604, 37.5092607 ], [ 126.9597157, 37.5088361 ], [ 126.959717500000011, 37.5087795 ], [ 126.959644800000021, 37.5085816 ], [ 126.95960980000001, 37.50854 ] ], [ [ 126.96022720000002, 37.5079745 ], [ 126.9601815, 37.5080227 ], [ 126.95960980000001, 37.50854 ] ], [ [ 126.960674800000021, 37.5093825 ], [ 126.9600387, 37.5096884 ] ] ] } },
{ "type": "Feature", "properties": { "종류": "경사", "text": "경사가 가파른 구간입니다.", "A점수": null, "node": null, "최대경사_pct": 16.3, "길이_m": 260.3, "학교": "중앙대", "합친_큐수": null, "audio_key": "b3aa4ebe5791", "cue_id": "중앙대_117" }, "geometry": { "type": "LineString", "coordinates": [ [ 126.9596109, 37.5116335 ], [ 126.9593421, 37.511595599999985 ], [ 126.959288199999989, 37.5115999 ], [ 126.9591488, 37.5116682 ], [ 126.9591278, 37.5116692 ], [ 126.9589919, 37.5116156 ], [ 126.9589154, 37.511514899999987 ], [ 126.9589001, 37.5114502 ], [ 126.958833699999985, 37.5113622 ], [ 126.9587993, 37.511346 ], [ 126.9587374, 37.5113364 ], [ 126.9586832, 37.511339400000011 ], [ 126.958644300000017, 37.5113389 ], [ 126.9585283, 37.5112969 ], [ 126.95836749999998, 37.5112694 ], [ 126.9579235, 37.511442100000018 ], [ 126.95768630000002, 37.5115298 ], [ 126.957608, 37.511532599999981 ], [ 126.957538400000018, 37.5115039 ], [ 126.9574872, 37.5114398 ], [ 126.957483200000013, 37.5113095 ], [ 126.9574707, 37.5112795 ], [ 126.9574231, 37.5112732 ], [ 126.957359, 37.5112833 ], [ 126.957274400000017, 37.5113379 ] ] } },
{ "type": "Feature", "properties": { "종류": "경사", "text": "경사가 가파른 구간입니다.", "A점수": null, "node": null, "최대경사_pct": 18.7, "길이_m": 18.4, "학교": "중앙대", "합친_큐수": null, "audio_key": "b3aa4ebe5791", "cue_id": "중앙대_118" }, "geometry": { "type": "LineString", "coordinates": [ [ 126.9534867, 37.4983753 ], [ 126.9533159, 37.4982813 ] ] } },
{ "type": "Feature", "properties": { "종류": "경사", "text": "경사가 급할 수 있는 구간입니다.", "A점수": null, "node": null, "최대경사_pct": 11.7, "길이_m": 357.1, "학교": "중앙대", "합친_큐수": null, "audio_key": "9310d8dd910c", "cue_id": "중앙대_119" }, "geometry": { "type": "LineString", "coordinates": [ [ 126.9500524, 37.5104363 ], [ 126.9501121, 37.5102198 ], [ 126.950187299999982, 37.5101354 ], [ 126.950298299999986, 37.5100905 ], [ 126.951028, 37.5099627 ], [ 126.9507833, 37.509730900000029 ], [ 126.950654900000018, 37.5094846 ], [ 126.9507596, 37.5092323 ], [ 126.950774, 37.5091975 ], [ 126.9510145, 37.5090382 ], [ 126.951036300000013, 37.509020599999978 ], [ 126.951248, 37.5088493 ], [ 126.9514955, 37.5084344 ], [ 126.951525300000014, 37.5080832 ] ] } },
{ "type": "Feature", "properties": { "종류": "경사", "text": "경사가 급할 수 있는 구간입니다.", "A점수": null, "node": null, "최대경사_pct": 8.7, "길이_m": 78.7, "학교": "중앙대", "합친_큐수": null, "audio_key": "9310d8dd910c", "cue_id": "중앙대_120" }, "geometry": { "type": "LineString", "coordinates": [ [ 126.9492641, 37.5055597 ], [ 126.949045, 37.5054618 ], [ 126.9490075, 37.5054557 ], [ 126.948958300000015, 37.5054583 ], [ 126.948926299999982, 37.5054467 ], [ 126.948910600000019, 37.5054201 ], [ 126.9489159, 37.5053716 ], [ 126.9489525, 37.5053318 ], [ 126.949006600000018, 37.505301 ], [ 126.949046200000012, 37.5052742 ], [ 126.949185400000019, 37.505218 ], [ 126.949257, 37.5051863 ] ] } },
{ "type": "Feature", "properties": { "종류": "경사", "text": "경사가 가파른 구간입니다.", "A점수": null, "node": null, "최대경사_pct": 15.2, "길이_m": 24.5, "학교": "중앙대", "합친_큐수": null, "audio_key": "b3aa4ebe5791", "cue_id": "중앙대_121" }, "geometry": { "type": "LineString", "coordinates": [ [ 126.9497761, 37.5050087 ], [ 126.949717400000011, 37.5048292 ], [ 126.949711300000018, 37.5047944 ] ] } },
{ "type": "Feature", "properties": { "종류": "경사", "text": "경사가 급할 수 있는 구간입니다.", "A점수": null, "node": null, "최대경사_pct": 8.4, "길이_m": 30.4, "학교": "중앙대", "합친_큐수": null, "audio_key": "9310d8dd910c", "cue_id": "중앙대_122" }, "geometry": { "type": "LineString", "coordinates": [ [ 126.951914700000017, 37.5071924 ], [ 126.9520257, 37.5069336 ] ] } },
{ "type": "Feature", "properties": { "종류": "경사", "text": "경사가 급할 수 있는 구간입니다.", "A점수": null, "node": null, "최대경사_pct": 10.3, "길이_m": 30.7, "학교": "중앙대", "합친_큐수": null, "audio_key": "9310d8dd910c", "cue_id": "중앙대_123" }, "geometry": { "type": "LineString", "coordinates": [ [ 126.950227700000013, 37.5025116 ], [ 126.9502303, 37.5022352 ] ] } },
{ "type": "Feature", "properties": { "종류": "경사", "text": "경사가 급할 수 있는 구간입니다.", "A점수": null, "node": null, "최대경사_pct": 8.6, "길이_m": 38.1, "학교": "중앙대", "합친_큐수": null, "audio_key": "9310d8dd910c", "cue_id": "중앙대_124" }, "geometry": { "type": "LineString", "coordinates": [ [ 126.9518526, 37.5032812 ], [ 126.951887400000018, 37.50293940000001 ] ] } },
{ "type": "Feature", "properties": { "종류": "경사", "text": "경사가 급할 수 있는 구간입니다.", "A점수": null, "node": null, "최대경사_pct": 11.4, "길이_m": 512.5, "학교": "중앙대", "합친_큐수": null, "audio_key": "9310d8dd910c", "cue_id": "중앙대_125" }, "geometry": { "type": "LineString", "coordinates": [ [ 126.953333, 37.498046 ], [ 126.953347099999988, 37.4980683 ], [ 126.953354300000015, 37.4981112 ], [ 126.9535105, 37.4980853 ], [ 126.953561600000015, 37.498076800000014 ], [ 126.953736, 37.4980725 ], [ 126.953872799999985, 37.4981364 ], [ 126.954141, 37.4984173 ], [ 126.9543636, 37.498717300000024 ], [ 126.9546077, 37.4990812 ], [ 126.954744500000018, 37.4994749 ], [ 126.954825, 37.4998238 ], [ 126.9548759, 37.5001835 ], [ 126.9546992, 37.5011652 ], [ 126.9546026, 37.501233300000017 ], [ 126.9537658, 37.50120350000001 ], [ 126.9536242, 37.5011882 ] ] } },
{ "type": "Feature", "properties": { "종류": "경사", "text": "경사가 급할 수 있는 구간입니다.", "A점수": null, "node": null, "최대경사_pct": 10.4, "길이_m": 61.9, "학교": "중앙대", "합친_큐수": null, "audio_key": "9310d8dd910c", "cue_id": "중앙대_126" }, "geometry": { "type": "LineString", "coordinates": [ [ 126.953014700000011, 37.5008952 ], [ 126.953388499999988, 37.5010379 ], [ 126.953631800000011, 37.5011578 ] ] } },
{ "type": "Feature", "properties": { "종류": "경사", "text": "경사가 가파른 구간입니다.", "A점수": null, "node": null, "최대경사_pct": 18.9, "길이_m": 52.0, "학교": "중앙대", "합친_큐수": null, "audio_key": "b3aa4ebe5791", "cue_id": "중앙대_127" }, "geometry": { "type": "LineString", "coordinates": [ [ 126.953176, 37.5003816 ], [ 126.9533161, 37.5003892 ], [ 126.9537611, 37.5004244 ] ] } },
{ "type": "Feature", "properties": { "종류": "경사", "text": "경사가 급할 수 있는 구간입니다.", "A점수": null, "node": null, "최대경사_pct": 9.0, "길이_m": 66.0, "학교": "중앙대", "합친_큐수": null, "audio_key": "9310d8dd910c", "cue_id": "중앙대_128" }, "geometry": { "type": "LineString", "coordinates": [ [ 126.9534945, 37.503754 ], [ 126.953773499999983, 37.503639 ], [ 126.95356289999998, 37.5033934 ], [ 126.953515, 37.5033661 ] ] } },
{ "type": "Feature", "properties": { "종류": "경사", "text": "경사가 매우 가파른 구간입니다.", "A점수": null, "node": null, "최대경사_pct": 21.1, "길이_m": 1637.2, "학교": "중앙대", "합친_큐수": null, "audio_key": "1d39e98c4963", "cue_id": "중앙대_129" }, "geometry": { "type": "MultiLineString", "coordinates": [ [ [ 126.9597851, 37.4989569 ], [ 126.9598394, 37.499029 ], [ 126.9600069, 37.499174 ], [ 126.9599136, 37.4993238 ], [ 126.9599105, 37.4996541 ], [ 126.959918800000011, 37.5001522 ], [ 126.9601661, 37.5009024 ], [ 126.960245500000013, 37.500944899999986 ], [ 126.9602943, 37.5009689 ] ], [ [ 126.9643982, 37.5031809 ], [ 126.9620992, 37.5031951 ], [ 126.9615829, 37.5031209 ], [ 126.9606931, 37.5028575 ], [ 126.960391900000019, 37.502244299999987 ], [ 126.9602279, 37.5018777 ], [ 126.9601293, 37.5016572 ], [ 126.9601132, 37.501510499999988 ], [ 126.9601547, 37.501191500000012 ], [ 126.9602943, 37.5009689 ] ], [ [ 126.9604845, 37.499609 ], [ 126.960518900000011, 37.5002613 ], [ 126.960489, 37.5005677 ], [ 126.960422, 37.5007737 ], [ 126.960361, 37.5009041 ], [ 126.9602943, 37.5009689 ] ], [ [ 126.9637385, 37.5017611 ], [ 126.964300600000016, 37.5018422 ] ], [ [ 126.9637539, 37.5017082 ], [ 126.9638132, 37.5014978 ], [ 126.9638805, 37.5013812 ], [ 126.964150100000012, 37.5012459 ], [ 126.964266, 37.501217200000021 ], [ 126.9642772, 37.5012375 ], [ 126.964300600000016, 37.5018422 ] ], [ [ 126.964300600000016, 37.5018422 ], [ 126.964353700000018, 37.5025015 ], [ 126.9643982, 37.5031809 ] ], [ [ 126.9643982, 37.5031809 ], [ 126.964418599999988, 37.5032079 ], [ 126.9644451, 37.5032289 ], [ 126.9644832, 37.5032427 ], [ 126.96468179999998, 37.5032973 ], [ 126.964934, 37.5033909 ], [ 126.9650362, 37.5035126 ], [ 126.965105600000015, 37.5035952 ], [ 126.9651415, 37.5036805 ], [ 126.9652022, 37.503825 ], [ 126.9652297, 37.503922 ], [ 126.965288, 37.5042335 ], [ 126.9653503, 37.5044812 ], [ 126.9654516, 37.5048048 ], [ 126.9656248, 37.505005 ], [ 126.965936400000018, 37.5052544 ], [ 126.9661238, 37.50550590000001 ], [ 126.9662642, 37.50567 ] ] ] } },
{ "type": "Feature", "properties": { "종류": "경사", "text": "경사가 급할 수 있는 구간입니다.", "A점수": null, "node": null, "최대경사_pct": 10.9, "길이_m": 427.6, "학교": "중앙대", "합친_큐수": null, "audio_key": "9310d8dd910c", "cue_id": "중앙대_130" }, "geometry": { "type": "LineString", "coordinates": [ [ 126.9564339, 37.5060932 ], [ 126.956250400000016, 37.5060243 ], [ 126.9556116, 37.5061242 ], [ 126.955417200000014, 37.5060334 ], [ 126.9551809, 37.5059681 ], [ 126.9548789, 37.5058771 ], [ 126.9547782, 37.5056373 ], [ 126.9552139, 37.5056032 ], [ 126.9558093, 37.5058683 ], [ 126.9560761, 37.5055206 ], [ 126.9566583, 37.5057811 ], [ 126.9571176, 37.5060467 ] ] } },
{ "type": "Feature", "properties": { "종류": "경사", "text": "경사가 급할 수 있는 구간입니다.", "A점수": null, "node": null, "최대경사_pct": 10.3, "길이_m": 23.3, "학교": "중앙대", "합친_큐수": null, "audio_key": "9310d8dd910c", "cue_id": "중앙대_131" }, "geometry": { "type": "LineString", "coordinates": [ [ 126.954222, 37.5116496 ], [ 126.954156800000021, 37.5114461 ] ] } },
{ "type": "Feature", "properties": { "종류": "경사", "text": "경사가 가파른 구간입니다.", "A점수": null, "node": null, "최대경사_pct": 17.6, "길이_m": 125.0, "학교": "중앙대", "합친_큐수": null, "audio_key": "b3aa4ebe5791", "cue_id": "중앙대_132" }, "geometry": { "type": "LineString", "coordinates": [ [ 126.956015, 37.5110219 ], [ 126.9559634, 37.5109972 ], [ 126.9558652, 37.5109768 ], [ 126.95576530000001, 37.5109308 ], [ 126.955696, 37.5108401 ], [ 126.955861899999988, 37.5107417 ], [ 126.9559715, 37.510644600000035 ], [ 126.9559683, 37.5105781 ], [ 126.9559167, 37.5104554 ], [ 126.9558603, 37.5102523 ], [ 126.9559452, 37.5101782 ] ] } },
{ "type": "Feature", "properties": { "종류": "경사", "text": "경사가 매우 가파른 구간입니다.", "A점수": null, "node": null, "최대경사_pct": 22.6, "길이_m": 184.5, "학교": "중앙대", "합친_큐수": null, "audio_key": "1d39e98c4963", "cue_id": "중앙대_133" }, "geometry": { "type": "LineString", "coordinates": [ [ 126.9548979, 37.511187 ], [ 126.955081800000016, 37.5109917 ], [ 126.9551169, 37.5108158 ], [ 126.9551396, 37.5107021 ], [ 126.9552605, 37.5103698 ], [ 126.9553012, 37.5102581 ], [ 126.955484400000017, 37.5097546 ], [ 126.9555524, 37.509626900000015 ] ] } },
{ "type": "Feature", "properties": { "종류": "경사", "text": "경사가 가파른 구간입니다.", "A점수": null, "node": null, "최대경사_pct": 15.9, "길이_m": 195.6, "학교": "중앙대", "합친_큐수": null, "audio_key": "b3aa4ebe5791", "cue_id": "중앙대_134" }, "geometry": { "type": "LineString", "coordinates": [ [ 126.9521154, 37.5017173 ], [ 126.952169500000011, 37.50153959999998 ], [ 126.9522611, 37.5011823 ], [ 126.953059700000011, 37.50162310000001 ], [ 126.9531303, 37.5016648 ], [ 126.9535939, 37.5016963 ] ] } },
{ "type": "Feature", "properties": { "종류": "경사", "text": "경사가 급할 수 있는 구간입니다.", "A점수": null, "node": null, "최대경사_pct": 9.7, "길이_m": 230.4, "학교": "중앙대", "합친_큐수": null, "audio_key": "9310d8dd910c", "cue_id": "중앙대_135" }, "geometry": { "type": "LineString", "coordinates": [ [ 126.9517241, 37.5041422 ], [ 126.9517232, 37.5043188 ], [ 126.951853899999989, 37.50465040000001 ], [ 126.9519886, 37.504885 ], [ 126.9536058, 37.5050021 ] ] } },
{ "type": "Feature", "properties": { "종류": "경사", "text": "경사가 매우 가파른 구간입니다.", "A점수": null, "node": null, "최대경사_pct": 20.7, "길이_m": 99.6, "학교": "중앙대", "합친_큐수": null, "audio_key": "1d39e98c4963", "cue_id": "중앙대_136" }, "geometry": { "type": "LineString", "coordinates": [ [ 126.953009900000012, 37.5084671 ], [ 126.95305, 37.508283200000015 ], [ 126.9529125, 37.5082008 ], [ 126.9523187, 37.5078764 ] ] } },
{ "type": "Feature", "properties": { "종류": "경사", "text": "경사가 매우 가파른 구간입니다.", "A점수": null, "node": null, "최대경사_pct": 20.3, "길이_m": 1284.2, "학교": "중앙대", "합친_큐수": null, "audio_key": "1d39e98c4963", "cue_id": "중앙대_137" }, "geometry": { "type": "MultiLineString", "coordinates": [ [ [ 126.955157700000015, 37.5062686 ], [ 126.954846300000014, 37.5063024 ], [ 126.9547975, 37.506299 ], [ 126.9547505, 37.506290300000011 ], [ 126.95471120000002, 37.5062812 ], [ 126.9546766, 37.5062666 ], [ 126.95464290000001, 37.506249 ], [ 126.9546086, 37.5062253 ], [ 126.9545863, 37.5062008 ], [ 126.954049400000017, 37.5052457 ], [ 126.9539349, 37.5051144 ], [ 126.9538624, 37.505060800000017 ], [ 126.9537858, 37.5050263 ], [ 126.953745500000011, 37.5050165 ] ], [ [ 126.9553205, 37.507649600000022 ], [ 126.9553134, 37.507375400000022 ], [ 126.9553742, 37.5072532 ], [ 126.955472199999988, 37.5071754 ], [ 126.955696399999979, 37.5071069 ], [ 126.955862200000013, 37.5070902 ], [ 126.9559906, 37.507034599999976 ], [ 126.9560583, 37.506977200000023 ], [ 126.9560536, 37.50690680000001 ], [ 126.956028, 37.5068235 ], [ 126.9559337, 37.5067407 ], [ 126.9558545, 37.5067222 ], [ 126.955641, 37.506751 ], [ 126.9554843, 37.5068211 ], [ 126.955389900000014, 37.5068261 ], [ 126.9553109, 37.5067807 ], [ 126.9552825, 37.5067312 ], [ 126.955279500000017, 37.506637 ], [ 126.955176, 37.5063928 ], [ 126.955157700000015, 37.5062686 ] ], [ [ 126.9571048, 37.506534 ], [ 126.956780900000012, 37.506421400000015 ], [ 126.956591500000016, 37.5063365 ], [ 126.956426899999983, 37.5062632 ], [ 126.956301100000019, 37.5062061 ], [ 126.9562061, 37.5061734 ], [ 126.9561316, 37.506157 ], [ 126.956025, 37.506154299999984 ], [ 126.955915300000015, 37.5061613 ], [ 126.95569540000001, 37.5061859 ], [ 126.955157700000015, 37.5062686 ] ], [ [ 126.956796199999985, 37.508694200000015 ], [ 126.9566431, 37.508783200000011 ], [ 126.956512900000021, 37.5088952 ], [ 126.95641160000001, 37.5090119 ], [ 126.9563434, 37.509072700000011 ], [ 126.9561707, 37.5092582 ], [ 126.9560773, 37.509308 ] ], [ [ 126.9571048, 37.506534 ], [ 126.9570766, 37.5066144 ], [ 126.9570519, 37.506893 ], [ 126.9568787, 37.5073804 ], [ 126.95682, 37.5076854 ], [ 126.956764300000017, 37.507977 ], [ 126.9565866, 37.5081407 ], [ 126.956496, 37.5082855 ], [ 126.9565033, 37.5084811 ], [ 126.956729800000019, 37.5086748 ], [ 126.956796199999985, 37.508694200000015 ] ], [ [ 126.9584674, 37.506889 ], [ 126.9584126, 37.5069928 ], [ 126.9581835, 37.5072069 ], [ 126.9578935, 37.5074238 ], [ 126.957513800000015, 37.5077518 ], [ 126.9574785, 37.50798180000001 ], [ 126.957472, 37.508183699999989 ], [ 126.9573071, 37.508393300000023 ], [ 126.9571096, 37.5086047 ], [ 126.956864900000014, 37.508654 ], [ 126.956796199999985, 37.508694200000015 ] ], [ [ 126.9571283, 37.5064499 ], [ 126.9571048, 37.506534 ] ] ] } },
{ "type": "Feature", "properties": { "종류": "경사", "text": "경사가 급할 수 있는 구간입니다.", "A점수": null, "node": null, "최대경사_pct": 9.6, "길이_m": 74.9, "학교": "중앙대", "합친_큐수": null, "audio_key": "9310d8dd910c", "cue_id": "중앙대_138" }, "geometry": { "type": "LineString", "coordinates": [ [ 126.953315300000014, 37.5066829 ], [ 126.95325050000001, 37.5073555 ] ] } },
{ "type": "Feature", "properties": { "종류": "경사", "text": "경사가 급할 수 있는 구간입니다.", "A점수": null, "node": null, "최대경사_pct": 10.0, "길이_m": 27.3, "학교": "중앙대", "합친_큐수": null, "audio_key": "9310d8dd910c", "cue_id": "중앙대_139" }, "geometry": { "type": "LineString", "coordinates": [ [ 126.948714100000018, 37.5045737 ], [ 126.9488877, 37.5043703 ] ] } },
{ "type": "Feature", "properties": { "종류": "경사", "text": "경사가 매우 가파른 구간입니다.", "A점수": null, "node": null, "최대경사_pct": 24.9, "길이_m": 788.1, "학교": "중앙대", "합친_큐수": null, "audio_key": "1d39e98c4963", "cue_id": "중앙대_140" }, "geometry": { "type": "LineString", "coordinates": [ [ 126.9503995, 37.50559710000001 ], [ 126.9507037, 37.5061584 ], [ 126.9531205, 37.5108502 ], [ 126.9535252, 37.5116249 ], [ 126.953838500000018, 37.5121468 ] ] } },
{ "type": "Feature", "properties": { "종류": "경사", "text": "경사가 가파른 구간입니다.", "A점수": null, "node": null, "최대경사_pct": 16.4, "길이_m": 492.5, "학교": "중앙대", "합친_큐수": null, "audio_key": "b3aa4ebe5791", "cue_id": "중앙대_141" }, "geometry": { "type": "MultiLineString", "coordinates": [ [ [ 126.955521300000015, 37.4979801 ], [ 126.9555146, 37.4979788 ], [ 126.9553781, 37.497941100000013 ], [ 126.955344900000014, 37.4979203 ], [ 126.9552966, 37.4978765 ], [ 126.9552638, 37.4978207 ], [ 126.955238400000013, 37.4977598 ], [ 126.955204800000018, 37.4976207 ], [ 126.955177, 37.4975652 ], [ 126.9551324, 37.4975228 ], [ 126.9548507, 37.4973249 ], [ 126.9547967, 37.4972607 ], [ 126.95477910000001, 37.4971756 ], [ 126.9547428, 37.4971441 ], [ 126.9546958, 37.4971315 ], [ 126.9545095, 37.4971449 ] ], [ [ 126.956867, 37.4982748 ], [ 126.956457499999985, 37.4981907 ], [ 126.955856200000014, 37.4980675 ], [ 126.955703199999988, 37.4980352 ], [ 126.955521300000015, 37.4979801 ] ], [ [ 126.955521300000015, 37.4979801 ], [ 126.9555642, 37.4979633 ], [ 126.955631100000019, 37.49795060000001 ], [ 126.955788399999989, 37.4979202 ], [ 126.95647390000002, 37.4979064 ], [ 126.95661290000001, 37.4979144 ], [ 126.9569643, 37.4978952 ], [ 126.9570609, 37.4978718 ], [ 126.9571842, 37.497825 ], [ 126.9574551, 37.497710099999985 ], [ 126.9578575, 37.4975994 ], [ 126.957975500000018, 37.497559 ] ] ] } },
{ "type": "Feature", "properties": { "종류": "경사", "text": "경사가 가파른 구간입니다.", "A점수": null, "node": null, "최대경사_pct": 18.3, "길이_m": 6.3, "학교": "중앙대", "합친_큐수": null, "audio_key": "b3aa4ebe5791", "cue_id": "중앙대_142" }, "geometry": { "type": "LineString", "coordinates": [ [ 126.9630411, 37.5016163 ], [ 126.963029799999987, 37.5016722 ] ] } },
{ "type": "Feature", "properties": { "종류": "경사", "text": "경사가 급할 수 있는 구간입니다.", "A점수": null, "node": null, "최대경사_pct": 11.6, "길이_m": 60.1, "학교": "중앙대", "합친_큐수": null, "audio_key": "9310d8dd910c", "cue_id": "중앙대_143" }, "geometry": { "type": "LineString", "coordinates": [ [ 126.9636652, 37.501211500000011 ], [ 126.9638205, 37.5012312 ], [ 126.963881200000017, 37.5012206 ], [ 126.963935500000019, 37.5011827 ], [ 126.963967600000018, 37.5011222 ], [ 126.9639626, 37.5010149 ], [ 126.963937900000019, 37.5008805 ] ] } },
{ "type": "Feature", "properties": { "종류": "경사", "text": "경사가 가파른 구간입니다.", "A점수": null, "node": null, "최대경사_pct": 14.6, "길이_m": 176.4, "학교": "중앙대", "합친_큐수": null, "audio_key": "b3aa4ebe5791", "cue_id": "중앙대_144" }, "geometry": { "type": "LineString", "coordinates": [ [ 126.9530801, 37.4985726 ], [ 126.9530528, 37.498614 ], [ 126.9530109, 37.498749099999976 ], [ 126.9530339, 37.4988981 ], [ 126.9531324, 37.4990472 ], [ 126.9535245, 37.4994514 ], [ 126.953619500000016, 37.4995806 ], [ 126.953398400000012, 37.499638700000013 ], [ 126.9531552, 37.4996803 ], [ 126.953104700000011, 37.499685 ] ] } },
{ "type": "Feature", "properties": { "종류": "경사", "text": "경사가 가파른 구간입니다.", "A점수": null, "node": null, "최대경사_pct": 17.3, "길이_m": 123.8, "학교": "중앙대", "합친_큐수": null, "audio_key": "b3aa4ebe5791", "cue_id": "중앙대_145" }, "geometry": { "type": "LineString", "coordinates": [ [ 126.962935200000018, 37.5099547 ], [ 126.9621734, 37.5108909 ] ] } },
{ "type": "Feature", "properties": { "종류": "경사", "text": "경사가 급할 수 있는 구간입니다.", "A점수": null, "node": null, "최대경사_pct": 11.5, "길이_m": 103.2, "학교": "중앙대", "합친_큐수": null, "audio_key": "9310d8dd910c", "cue_id": "중앙대_146" }, "geometry": { "type": "LineString", "coordinates": [ [ 126.9500872, 37.5019191 ], [ 126.9502484, 37.5020188 ], [ 126.9511068, 37.5023674 ] ] } },
{ "type": "Feature", "properties": { "종류": "경사", "text": "경사가 매우 가파른 구간입니다.", "A점수": null, "node": null, "최대경사_pct": 31.3, "길이_m": 1148.0, "학교": "중앙대", "합친_큐수": null, "audio_key": "1d39e98c4963", "cue_id": "중앙대_147" }, "geometry": { "type": "MultiLineString", "coordinates": [ [ [ 126.950465, 37.505297 ], [ 126.950916, 37.506088399999989 ], [ 126.953324, 37.5107716 ], [ 126.95372620000002, 37.5116269 ], [ 126.9538699, 37.5118631 ], [ 126.9538878, 37.5116789 ], [ 126.9537414, 37.511379 ], [ 126.9536357, 37.5111436 ], [ 126.9535056, 37.5108598 ], [ 126.953465, 37.5107308 ], [ 126.9533958, 37.5106437 ] ], [ [ 126.9533958, 37.5106437 ], [ 126.9532809, 37.510618800000024 ] ], [ [ 126.9533958, 37.5106437 ], [ 126.9534856, 37.5106765 ], [ 126.953703, 37.5111019 ], [ 126.953900300000015, 37.5115465 ], [ 126.954090599999986, 37.5118789 ], [ 126.954244700000018, 37.512116 ], [ 126.9543334, 37.5121956 ], [ 126.95441910000001, 37.5122682 ] ] ] } },
{ "type": "Feature", "properties": { "종류": "경사", "text": "경사가 가파른 구간입니다.", "A점수": null, "node": null, "최대경사_pct": 15.1, "길이_m": 301.3, "학교": "중앙대", "합친_큐수": null, "audio_key": "b3aa4ebe5791", "cue_id": "중앙대_148" }, "geometry": { "type": "LineString", "coordinates": [ [ 126.9554861, 37.5127502 ], [ 126.9555473, 37.5125777 ], [ 126.9556639, 37.512154200000019 ], [ 126.955773400000012, 37.5120877 ], [ 126.9559669, 37.511986 ], [ 126.9561278, 37.5118325 ], [ 126.956253700000019, 37.5117381 ], [ 126.9563166, 37.5115162 ], [ 126.9563563, 37.5114071 ], [ 126.9564262, 37.5113535 ], [ 126.956689600000018, 37.5112351 ], [ 126.9567946, 37.5111593 ], [ 126.9568808, 37.5110613 ], [ 126.9568668, 37.5108875 ], [ 126.956759600000012, 37.5106711 ], [ 126.9567293, 37.5105805 ], [ 126.956694, 37.5105084 ] ] } },
{ "type": "Feature", "properties": { "종류": "계단", "text": "근처에 계단이 있습니다.", "A점수": null, "node": null, "최대경사_pct": 1.0, "길이_m": 23.3, "학교": "중앙대", "합친_큐수": null, "audio_key": "47e5cfdf8e88", "cue_id": "중앙대_149" }, "geometry": { "type": "LineString", "coordinates": [ [ 126.9652329, 37.5073487 ], [ 126.965355, 37.5075352 ] ] } },
{ "type": "Feature", "properties": { "종류": "계단", "text": "근처에 계단이 있습니다.", "A점수": null, "node": null, "최대경사_pct": 0.1, "길이_m": 37.8, "학교": "중앙대", "합친_큐수": null, "audio_key": "47e5cfdf8e88", "cue_id": "중앙대_150" }, "geometry": { "type": "LineString", "coordinates": [ [ 126.964032499999988, 37.5079425 ], [ 126.9641236, 37.508084 ], [ 126.964237, 37.508241 ] ] } },
{ "type": "Feature", "properties": { "종류": "계단", "text": "근처에 계단이 있습니다.", "A점수": null, "node": null, "최대경사_pct": 14.7, "길이_m": 695.8, "학교": "중앙대", "합친_큐수": null, "audio_key": "47e5cfdf8e88", "cue_id": "중앙대_151" }, "geometry": { "type": "LineString", "coordinates": [ [ 126.957803900000016, 37.4988191 ], [ 126.957782300000019, 37.4988465 ], [ 126.9577548, 37.4988526 ], [ 126.95771160000001, 37.4988623 ], [ 126.957676100000015, 37.4988716 ], [ 126.9576305, 37.4988807 ], [ 126.957499, 37.499003 ], [ 126.957331400000015, 37.4991828 ], [ 126.9571047, 37.4992785 ], [ 126.957069899999979, 37.49930410000001 ], [ 126.9570109, 37.4993339 ], [ 126.9569948, 37.49937 ], [ 126.956815099999986, 37.499436 ], [ 126.9567594, 37.4994733 ], [ 126.956694400000018, 37.4995424 ], [ 126.9566488, 37.4996616 ], [ 126.9565576, 37.4998658 ], [ 126.9564797, 37.5001244 ], [ 126.956465899999984, 37.500253900000018 ], [ 126.9564416, 37.5004599 ], [ 126.956455099999985, 37.500537500000014 ], [ 126.956441200000015, 37.500586399999989 ], [ 126.9564227, 37.5006169 ], [ 126.956388799999985, 37.5006609 ], [ 126.956282500000015, 37.5007673 ], [ 126.9562486, 37.5008137 ], [ 126.9562394, 37.500846700000011 ], [ 126.956234800000018, 37.5009164 ], [ 126.956200900000013, 37.5010337 ], [ 126.95615, 37.5011107 ], [ 126.9560899, 37.5011903 ], [ 126.9560283, 37.5012477 ], [ 126.955928200000017, 37.501338200000021 ], [ 126.955826500000015, 37.5014543 ], [ 126.9556463, 37.50165470000001 ], [ 126.955570800000018, 37.5017134 ], [ 126.955529199999987, 37.5017439 ], [ 126.9555015, 37.501769600000024 ], [ 126.955479900000014, 37.5017965 ], [ 126.9554198, 37.5018808 ], [ 126.955381299999985, 37.5019505 ], [ 126.955312599999985, 37.5020898 ], [ 126.9552599, 37.5023561 ], [ 126.9552424, 37.5024474 ], [ 126.955244100000016, 37.5025309 ], [ 126.9552505, 37.502681100000011 ], [ 126.9552588, 37.502837799999988 ], [ 126.9552581, 37.5029221 ], [ 126.9551949, 37.5031836 ], [ 126.9550994, 37.5034342 ], [ 126.955064, 37.503571 ], [ 126.9550609, 37.5036334 ], [ 126.9550301, 37.5036725 ], [ 126.955013, 37.5036997 ], [ 126.955004799999983, 37.5037127 ], [ 126.954996, 37.5037268 ], [ 126.954906600000015, 37.503747499999989 ], [ 126.9547922, 37.503777 ], [ 126.954726699999981, 37.5037804 ], [ 126.954674600000018, 37.5037725 ], [ 126.954596, 37.503750700000019 ], [ 126.954636, 37.5037302 ], [ 126.95463789999998, 37.5037138 ], [ 126.954633300000012, 37.503687 ], [ 126.95459630000002, 37.503589200000015 ], [ 126.9545391, 37.503581400000016 ] ] } },
{ "type": "Feature", "properties": { "종류": "계단", "text": "근처에 계단이 있습니다.", "A점수": null, "node": null, "최대경사_pct": 19.9, "길이_m": 52.6, "학교": "중앙대", "합친_큐수": null, "audio_key": "47e5cfdf8e88", "cue_id": "중앙대_152" }, "geometry": { "type": "LineString", "coordinates": [ [ 126.9592229, 37.4989553 ], [ 126.9592833, 37.4989861 ], [ 126.959322900000018, 37.4990019 ], [ 126.959385700000013, 37.4990271 ], [ 126.959573800000015, 37.4989966 ], [ 126.9597689, 37.4989592 ], [ 126.9597851, 37.4989569 ] ] } }
]
}
