{
"type": "FeatureCollection",
"name": "cues_full",
"crs": { "type": "name", "properties": { "name": "urn:ogc:def:crs:OGC:1.3:CRS84" } },
"features": [
{ "type": "Feature", "properties": { "종류": "횡단", "text": "근처에 횡단보도가 있습니다. 보행 신호등이 없습니다. 중간 교통섬을 거쳐 두 번에 나누어 건넙니다.", "A점수": null, "node": "11413637488", "최대경사_pct": null, "길이_m": null, "학교": "숭실대", "합친_큐수": 1.0, "audio_key": "dba96f9a1447", "cue_id": "숭실대_000" }, "geometry": { "type": "Point", "coordinates": [ 126.9512414, 37.4914555 ] } },
{ "type": "Feature", "properties": { "종류": "횡단+회전", "text": "근처에 횡단보도가 있습니다. 보행 신호등과 음향신호기가 있습니다. 중간 교통섬을 거쳐 두 번에 나누어 건넙니다. 길이 크게 꺾이는 곳입니다.", "A점수": null, "node": "11413637504", "최대경사_pct": null, "길이_m": null, "학교": "숭실대", "합친_큐수": 2.0, "audio_key": "54989d932c7e", "cue_id": "숭실대_001" }, "geometry": { "type": "Point", "coordinates": [ 126.95365169999998, 37.4898262 ] } },
{ "type": "Feature", "properties": { "종류": "횡단", "text": "주의. 근처에 횡단보도가 있습니다. 보행 신호등이 없습니다. 중간 교통섬을 거쳐 두 번에 나누어 건넙니다.", "A점수": 3.0, "node": "12864823352", "최대경사_pct": null, "길이_m": null, "학교": "숭실대", "합친_큐수": 1.0, "audio_key": "ac97e3e7c127", "cue_id": "숭실대_002" }, "geometry": { "type": "Point", "coordinates": [ 126.960887099999979, 37.503730199999985 ] } },
{ "type": "Feature", "properties": { "종류": "횡단", "text": "근처에 횡단보도가 있습니다. 보행 신호등이 없습니다. 중간 교통섬을 거쳐 두 번에 나누어 건넙니다.", "A점수": 2.0, "node": "13149390530", "최대경사_pct": null, "길이_m": null, "학교": "숭실대", "합친_큐수": 1.0, "audio_key": "dba96f9a1447", "cue_id": "숭실대_003" }, "geometry": { "type": "Point", "coordinates": [ 126.9566841, 37.49541 ] } },
{ "type": "Feature", "properties": { "종류": "횡단", "text": "근처에 횡단보도가 있습니다. 보행 신호등이 없습니다. 중간 교통섬을 거쳐 두 번에 나누어 건넙니다.", "A점수": null, "node": "13149390531", "최대경사_pct": null, "길이_m": null, "학교": "숭실대", "합친_큐수": 1.0, "audio_key": "dba96f9a1447", "cue_id": "숭실대_004" }, "geometry": { "type": "Point", "coordinates": [ 126.9589286, 37.4950721 ] } },
{ "type": "Feature", "properties": { "종류": "횡단", "text": "근처에 횡단보도가 있습니다. 보행 신호등이 없습니다. 중간 교통섬을 거쳐 두 번에 나누어 건넙니다.", "A점수": 2.0, "node": "13316391021", "최대경사_pct": null, "길이_m": null, "학교": "숭실대", "합친_큐수": 1.0, "audio_key": "dba96f9a1447", "cue_id": "숭실대_005" }, "geometry": { "type": "Point", "coordinates": [ 126.954323, 37.495555900000014 ] } },
{ "type": "Feature", "properties": { "종류": "횡단", "text": "근처에 횡단보도가 있습니다. 보행 신호등이 없습니다. 중간 교통섬을 거쳐 두 번에 나누어 건넙니다.", "A점수": null, "node": "13322228135", "최대경사_pct": null, "길이_m": null, "학교": "숭실대", "합친_큐수": 1.0, "audio_key": "dba96f9a1447", "cue_id": "숭실대_006" }, "geometry": { "type": "Point", "coordinates": [ 126.960189700000015, 37.493906100000011 ] } },
{ "type": "Feature", "properties": { "종류": "횡단", "text": "근처에 횡단보도가 있습니다. 보행 신호등이 없습니다. 중간 교통섬을 거쳐 두 번에 나누어 건넙니다.", "A점수": null, "node": "13324709490", "최대경사_pct": null, "길이_m": null, "학교": "숭실대", "합친_큐수": 1.0, "audio_key": "dba96f9a1447", "cue_id": "숭실대_007" }, "geometry": { "type": "Point", "coordinates": [ 126.954424499999988, 37.4903582 ] } },
{ "type": "Feature", "properties": { "종류": "횡단", "text": "근처에 횡단보도가 있습니다. 보행 신호등이 없습니다. 중간 교통섬을 거쳐 두 번에 나누어 건넙니다.", "A점수": 0.0, "node": "13597219417", "최대경사_pct": null, "길이_m": null, "학교": "숭실대", "합친_큐수": 1.0, "audio_key": "dba96f9a1447", "cue_id": "숭실대_008" }, "geometry": { "type": "Point", "coordinates": [ 126.949122, 37.5013827 ] } },
{ "type": "Feature", "properties": { "종류": "횡단+회전", "text": "주의. 근처에 횡단보도가 있습니다. 보행 신호등이 없습니다. 중간 교통섬을 거쳐 두 번에 나누어 건넙니다. 길이 크게 꺾이는 곳입니다.", "A점수": 3.0, "node": "13597219420", "최대경사_pct": null, "길이_m": null, "학교": "숭실대", "합친_큐수": 2.0, "audio_key": "3f312a5cc5f0", "cue_id": "숭실대_009" }, "geometry": { "type": "Point", "coordinates": [ 126.9514117, 37.4987499 ] } },
{ "type": "Feature", "properties": { "종류": "횡단", "text": "근처에 횡단보도가 있습니다. 보행 신호등은 있지만 음향신호기는 없습니다. 중간 교통섬을 거쳐 두 번에 나누어 건넙니다.", "A점수": 2.0, "node": "13597219423", "최대경사_pct": null, "길이_m": null, "학교": "숭실대", "합친_큐수": 1.0, "audio_key": "c30d91ef833e", "cue_id": "숭실대_010" }, "geometry": { "type": "Point", "coordinates": [ 126.952489, 37.497517 ] } },
{ "type": "Feature", "properties": { "종류": "횡단", "text": "근처에 횡단보도가 있습니다. 보행 신호등은 있지만 음향신호기는 없습니다. 중간 교통섬을 거쳐 두 번에 나누어 건넙니다.", "A점수": 1.0, "node": "13597219425", "최대경사_pct": null, "길이_m": null, "학교": "숭실대", "합친_큐수": 1.0, "audio_key": "c30d91ef833e", "cue_id": "숭실대_011" }, "geometry": { "type": "Point", "coordinates": [ 126.947753400000011, 37.5031375 ] } },
{ "type": "Feature", "properties": { "종류": "횡단", "text": "근처에 횡단보도가 있습니다. 보행 신호등이 없습니다. 중간 교통섬을 거쳐 두 번에 나누어 건넙니다.", "A점수": null, "node": "13816446695", "최대경사_pct": null, "길이_m": null, "학교": "숭실대", "합친_큐수": 1.0, "audio_key": "dba96f9a1447", "cue_id": "숭실대_012" }, "geometry": { "type": "Point", "coordinates": [ 126.9606931, 37.5028575 ] } },
{ "type": "Feature", "properties": { "종류": "횡단", "text": "근처에 횡단보도가 있습니다. 보행 신호등과 음향신호기가 있습니다. 중간 교통섬을 거쳐 두 번에 나누어 건넙니다.", "A점수": null, "node": "1872054412", "최대경사_pct": null, "길이_m": null, "학교": "숭실대", "합친_큐수": 1.0, "audio_key": "71d7daf1bfd3", "cue_id": "숭실대_013" }, "geometry": { "type": "Point", "coordinates": [ 126.955136400000015, 37.4905307 ] } },
{ "type": "Feature", "properties": { "종류": "횡단", "text": "근처에 횡단보도가 있습니다. 보행 신호등과 음향신호기가 있습니다. 중간 교통섬을 거쳐 두 번에 나누어 건넙니다.", "A점수": null, "node": "1872054473", "최대경사_pct": null, "길이_m": null, "학교": "숭실대", "합친_큐수": 1.0, "audio_key": "71d7daf1bfd3", "cue_id": "숭실대_014" }, "geometry": { "type": "Point", "coordinates": [ 126.948999, 37.4922507 ] } },
{ "type": "Feature", "properties": { "종류": "횡단", "text": "근처에 횡단보도가 있습니다. 보행 신호등이 없습니다. 중간 교통섬을 거쳐 두 번에 나누어 건넙니다.", "A점수": 2.0, "node": "2161099516", "최대경사_pct": null, "길이_m": null, "학교": "숭실대", "합친_큐수": 1.0, "audio_key": "dba96f9a1447", "cue_id": "숭실대_015" }, "geometry": { "type": "Point", "coordinates": [ 126.9521796, 37.488162200000012 ] } },
{ "type": "Feature", "properties": { "종류": "횡단", "text": "근처에 횡단보도가 있습니다. 보행 신호등은 있지만 음향신호기는 없습니다.", "A점수": null, "node": "2162056277", "최대경사_pct": null, "길이_m": null, "학교": "숭실대", "합친_큐수": 1.0, "audio_key": "8d37672eb96e", "cue_id": "숭실대_016" }, "geometry": { "type": "Point", "coordinates": [ 126.947957700000018, 37.4898033 ] } },
{ "type": "Feature", "properties": { "종류": "횡단", "text": "근처에 횡단보도가 있습니다. 보행 신호등이 없습니다. 중간 교통섬을 거쳐 두 번에 나누어 건넙니다.", "A점수": null, "node": "2162056423", "최대경사_pct": null, "길이_m": null, "학교": "숭실대", "합친_큐수": 1.0, "audio_key": "dba96f9a1447", "cue_id": "숭실대_017" }, "geometry": { "type": "Point", "coordinates": [ 126.9478768, 37.4894915 ] } },
{ "type": "Feature", "properties": { "종류": "횡단", "text": "근처에 횡단보도가 있습니다. 보행 신호등과 음향신호기가 있습니다.", "A점수": 1.0, "node": "2824550268", "최대경사_pct": null, "길이_m": null, "학교": "숭실대", "합친_큐수": 1.0, "audio_key": "393d5aecc5af", "cue_id": "숭실대_018" }, "geometry": { "type": "Point", "coordinates": [ 126.950262800000019, 37.4972526 ] } },
{ "type": "Feature", "properties": { "종류": "횡단", "text": "근처에 횡단보도가 있습니다. 보행 신호등과 음향신호기가 있습니다. 중간 교통섬을 거쳐 두 번에 나누어 건넙니다.", "A점수": 0.0, "node": "2824550315", "최대경사_pct": null, "길이_m": null, "학교": "숭실대", "합친_큐수": 1.0, "audio_key": "71d7daf1bfd3", "cue_id": "숭실대_019" }, "geometry": { "type": "Point", "coordinates": [ 126.953619500000016, 37.4995806 ] } },
{ "type": "Feature", "properties": { "종류": "횡단", "text": "근처에 횡단보도가 있습니다. 보행 신호등이 없습니다. 중간 교통섬을 거쳐 두 번에 나누어 건넙니다.", "A점수": 2.0, "node": "2824550318", "최대경사_pct": null, "길이_m": null, "학교": "숭실대", "합친_큐수": 1.0, "audio_key": "dba96f9a1447", "cue_id": "숭실대_020" }, "geometry": { "type": "Point", "coordinates": [ 126.9536242, 37.5011882 ] } },
{ "type": "Feature", "properties": { "종류": "횡단", "text": "근처에 횡단보도가 있습니다. 보행 신호등과 음향신호기가 있습니다.", "A점수": null, "node": "2824759203", "최대경사_pct": null, "길이_m": null, "학교": "숭실대", "합친_큐수": 1.0, "audio_key": "393d5aecc5af", "cue_id": "숭실대_021" }, "geometry": { "type": "Point", "coordinates": [ 126.9602943, 37.5009689 ] } },
{ "type": "Feature", "properties": { "종류": "횡단", "text": "근처에 횡단보도가 있습니다. 보행 신호등과 음향신호기가 있습니다.", "A점수": null, "node": "2824759213", "최대경사_pct": null, "길이_m": null, "학교": "숭실대", "합친_큐수": 1.0, "audio_key": "393d5aecc5af", "cue_id": "숭실대_022" }, "geometry": { "type": "Point", "coordinates": [ 126.9594692, 37.4920256 ] } },
{ "type": "Feature", "properties": { "종류": "횡단", "text": "근처에 횡단보도가 있습니다. 보행 신호등과 음향신호기가 있습니다. 중간 교통섬을 거쳐 두 번에 나누어 건넙니다.", "A점수": null, "node": "2824759222", "최대경사_pct": null, "길이_m": null, "학교": "숭실대", "합친_큐수": 1.0, "audio_key": "71d7daf1bfd3", "cue_id": "숭실대_023" }, "geometry": { "type": "Point", "coordinates": [ 126.9604845, 37.499609 ] } },
{ "type": "Feature", "properties": { "종류": "횡단", "text": "근처에 횡단보도가 있습니다. 보행 신호등이 없습니다. 중간 교통섬을 거쳐 두 번에 나누어 건넙니다.", "A점수": null, "node": "2824759281", "최대경사_pct": null, "길이_m": null, "학교": "숭실대", "합친_큐수": 1.0, "audio_key": "dba96f9a1447", "cue_id": "숭실대_024" }, "geometry": { "type": "Point", "coordinates": [ 126.9608523, 37.494771 ] } },
{ "type": "Feature", "properties": { "종류": "횡단", "text": "근처에 횡단보도가 있습니다. 보행 신호등과 음향신호기가 있습니다. 중간 교통섬을 거쳐 두 번에 나누어 건넙니다.", "A점수": null, "node": "2824759300", "최대경사_pct": null, "길이_m": null, "학교": "숭실대", "합친_큐수": 1.0, "audio_key": "71d7daf1bfd3", "cue_id": "숭실대_025" }, "geometry": { "type": "Point", "coordinates": [ 126.9600069, 37.499174 ] } },
{ "type": "Feature", "properties": { "종류": "횡단", "text": "주의. 근처에 횡단보도가 있습니다. 보행 신호등이 없습니다. 중간 교통섬을 거쳐 두 번에 나누어 건넙니다.", "A점수": 3.0, "node": "2825706542", "최대경사_pct": null, "길이_m": null, "학교": "숭실대", "합친_큐수": 1.0, "audio_key": "ac97e3e7c127", "cue_id": "숭실대_026" }, "geometry": { "type": "Point", "coordinates": [ 126.9531901, 37.4978926 ] } },
{ "type": "Feature", "properties": { "종류": "횡단", "text": "근처에 횡단보도가 있습니다. 보행 신호등은 있지만 음향신호기는 없습니다. 중간 교통섬을 거쳐 두 번에 나누어 건넙니다.", "A점수": 2.0, "node": "2825706556", "최대경사_pct": null, "길이_m": null, "학교": "숭실대", "합친_큐수": 1.0, "audio_key": "c30d91ef833e", "cue_id": "숭실대_027" }, "geometry": { "type": "Point", "coordinates": [ 126.9533159, 37.4982813 ] } },
{ "type": "Feature", "properties": { "종류": "횡단", "text": "근처에 횡단보도가 있습니다. 보행 신호등이 없습니다. 중간 교통섬을 거쳐 두 번에 나누어 건넙니다.", "A점수": null, "node": "2825711987", "최대경사_pct": null, "길이_m": null, "학교": "숭실대", "합친_큐수": 1.0, "audio_key": "dba96f9a1447", "cue_id": "숭실대_028" }, "geometry": { "type": "Point", "coordinates": [ 126.9592941, 37.4979699 ] } },
{ "type": "Feature", "properties": { "종류": "횡단", "text": "근처에 횡단보도가 있습니다. 보행 신호등이 없습니다. 중간 교통섬을 거쳐 두 번에 나누어 건넙니다.", "A점수": 2.0, "node": "2826156911", "최대경사_pct": null, "길이_m": null, "학교": "숭실대", "합친_큐수": 1.0, "audio_key": "dba96f9a1447", "cue_id": "숭실대_029" }, "geometry": { "type": "Point", "coordinates": [ 126.9646957, 37.4878236 ] } },
{ "type": "Feature", "properties": { "종류": "횡단", "text": "근처에 횡단보도가 있습니다. 보행 신호등이 없습니다.", "A점수": 2.0, "node": "3713452980", "최대경사_pct": null, "길이_m": null, "학교": "숭실대", "합친_큐수": 1.0, "audio_key": "7a5f3c6c6e6d", "cue_id": "숭실대_030" }, "geometry": { "type": "Point", "coordinates": [ 126.966195900000017, 37.4884959 ] } },
{ "type": "Feature", "properties": { "종류": "횡단", "text": "근처에 횡단보도가 있습니다. 보행 신호등은 있지만 음향신호기는 없습니다. 중간 교통섬을 거쳐 두 번에 나누어 건넙니다.", "A점수": null, "node": "436821642", "최대경사_pct": null, "길이_m": null, "학교": "숭실대", "합친_큐수": 1.0, "audio_key": "c30d91ef833e", "cue_id": "숭실대_031" }, "geometry": { "type": "Point", "coordinates": [ 126.95654260000002, 37.4906979 ] } },
{ "type": "Feature", "properties": { "종류": "횡단", "text": "근처에 횡단보도가 있습니다. 보행 신호등과 음향신호기가 있습니다. 중간 교통섬을 거쳐 두 번에 나누어 건넙니다.", "A점수": 0.0, "node": "436821679", "최대경사_pct": null, "길이_m": null, "학교": "숭실대", "합친_큐수": 1.0, "audio_key": "71d7daf1bfd3", "cue_id": "숭실대_032" }, "geometry": { "type": "Point", "coordinates": [ 126.94951970000001, 37.5041747 ] } },
{ "type": "Feature", "properties": { "종류": "횡단", "text": "근처에 횡단보도가 있습니다. 보행 신호등이 없습니다. 중간 교통섬을 거쳐 두 번에 나누어 건넙니다.", "A점수": null, "node": "4611303880", "최대경사_pct": null, "길이_m": null, "학교": "숭실대", "합친_큐수": 1.0, "audio_key": "dba96f9a1447", "cue_id": "숭실대_033" }, "geometry": { "type": "Point", "coordinates": [ 126.9643982, 37.5031809 ] } },
{ "type": "Feature", "properties": { "종류": "횡단", "text": "근처에 횡단보도가 있습니다. 보행 신호등과 음향신호기가 있습니다. 중간 교통섬을 거쳐 두 번에 나누어 건넙니다.", "A점수": null, "node": "7607455970", "최대경사_pct": null, "길이_m": null, "학교": "숭실대", "합친_큐수": 1.0, "audio_key": "71d7daf1bfd3", "cue_id": "숭실대_034" }, "geometry": { "type": "Point", "coordinates": [ 126.9528658, 37.4901947 ] } },
{ "type": "Feature", "properties": { "종류": "횡단", "text": "근처에 횡단보도가 있습니다. 보행 신호등이 없습니다. 중간 교통섬을 거쳐 두 번에 나누어 건넙니다.", "A점수": null, "node": "969906543", "최대경사_pct": null, "길이_m": null, "학교": "숭실대", "합친_큐수": 1.0, "audio_key": "dba96f9a1447", "cue_id": "숭실대_035" }, "geometry": { "type": "Point", "coordinates": [ 126.9565445, 37.4923984 ] } },
{ "type": "Feature", "properties": { "종류": "횡단", "text": "주의. 근처에 차도가 만나는 교차로가 있습니다. 횡단보도가 없습니다.", "A점수": 3.0, "node": "8537416813", "최대경사_pct": null, "길이_m": null, "학교": "숭실대", "합친_큐수": 1.0, "audio_key": "40c57cc27026", "cue_id": "숭실대_036" }, "geometry": { "type": "Point", "coordinates": [ 126.9579934, 37.4881023 ] } },
{ "type": "Feature", "properties": { "종류": "횡단", "text": "근처에 차도가 만나는 교차로가 있습니다. 횡단보도가 없습니다.", "A점수": null, "node": "436821653", "최대경사_pct": null, "길이_m": null, "학교": "숭실대", "합친_큐수": 1.0, "audio_key": "cb1ca1f5914a", "cue_id": "숭실대_037" }, "geometry": { "type": "Point", "coordinates": [ 126.9565564, 37.4928023 ] } },
{ "type": "Feature", "properties": { "종류": "횡단", "text": "근처에 차도가 만나는 교차로가 있습니다. 횡단보도가 없습니다.", "A점수": null, "node": "8482789908", "최대경사_pct": null, "길이_m": null, "학교": "숭실대", "합친_큐수": 1.0, "audio_key": "cb1ca1f5914a", "cue_id": "숭실대_038" }, "geometry": { "type": "Point", "coordinates": [ 126.963264400000014, 37.4924411 ] } },
{ "type": "Feature", "properties": { "종류": "횡단", "text": "주의. 근처에 차도가 만나는 교차로가 있습니다. 횡단보도가 없습니다.", "A점수": 3.0, "node": "2161099581", "최대경사_pct": null, "길이_m": null, "학교": "숭실대", "합친_큐수": 1.0, "audio_key": "40c57cc27026", "cue_id": "숭실대_039" }, "geometry": { "type": "Point", "coordinates": [ 126.9537456, 37.488817900000015 ] } },
{ "type": "Feature", "properties": { "종류": "횡단", "text": "주의. 근처에 차도가 만나는 교차로가 있습니다. 횡단보도가 없습니다.", "A점수": 3.0, "node": "2161099535", "최대경사_pct": null, "길이_m": null, "학교": "숭실대", "합친_큐수": 1.0, "audio_key": "40c57cc27026", "cue_id": "숭실대_040" }, "geometry": { "type": "Point", "coordinates": [ 126.9528663, 37.4889271 ] } },
{ "type": "Feature", "properties": { "종류": "횡단+회전", "text": "주의. 근처에 차도가 만나는 교차로가 있습니다. 횡단보도가 없습니다. 길이 크게 꺾이는 곳입니다.", "A점수": 3.0, "node": "2161099609", "최대경사_pct": null, "길이_m": null, "학교": "숭실대", "합친_큐수": 2.0, "audio_key": "134115c22895", "cue_id": "숭실대_041" }, "geometry": { "type": "Point", "coordinates": [ 126.951961899999986, 37.4877462 ] } },
{ "type": "Feature", "properties": { "종류": "횡단", "text": "근처에 차도가 만나는 교차로가 있습니다. 횡단보도가 없습니다.", "A점수": null, "node": "2162056282", "최대경사_pct": null, "길이_m": null, "학교": "숭실대", "합친_큐수": 1.0, "audio_key": "cb1ca1f5914a", "cue_id": "숭실대_042" }, "geometry": { "type": "Point", "coordinates": [ 126.949307800000014, 37.487601099999985 ] } },
{ "type": "Feature", "properties": { "종류": "횡단", "text": "근처에 차도가 만나는 교차로가 있습니다. 횡단보도가 없습니다.", "A점수": null, "node": "2824550249", "최대경사_pct": null, "길이_m": null, "학교": "숭실대", "합친_큐수": 1.0, "audio_key": "cb1ca1f5914a", "cue_id": "숭실대_043" }, "geometry": { "type": "Point", "coordinates": [ 126.951900600000016, 37.50282 ] } },
{ "type": "Feature", "properties": { "종류": "횡단", "text": "근처에 차도가 만나는 교차로가 있습니다. 횡단보도가 없습니다.", "A점수": null, "node": "2825701329", "최대경사_pct": null, "길이_m": null, "학교": "숭실대", "합친_큐수": 1.0, "audio_key": "cb1ca1f5914a", "cue_id": "숭실대_044" }, "geometry": { "type": "Point", "coordinates": [ 126.951632700000019, 37.5025727 ] } },
{ "type": "Feature", "properties": { "종류": "횡단", "text": "근처에 차도가 만나는 교차로가 있습니다. 횡단보도가 없습니다.", "A점수": null, "node": "4621475847", "최대경사_pct": null, "길이_m": null, "학교": "숭실대", "합친_큐수": 1.0, "audio_key": "cb1ca1f5914a", "cue_id": "숭실대_045" }, "geometry": { "type": "Point", "coordinates": [ 126.9519375, 37.5025821 ] } },
{ "type": "Feature", "properties": { "종류": "횡단", "text": "주의. 근처에 차도가 만나는 교차로가 있습니다. 횡단보도가 없습니다.", "A점수": 3.0, "node": "2824550259", "최대경사_pct": null, "길이_m": null, "학교": "숭실대", "합친_큐수": 1.0, "audio_key": "40c57cc27026", "cue_id": "숭실대_046" }, "geometry": { "type": "Point", "coordinates": [ 126.9509839, 37.499453 ] } },
{ "type": "Feature", "properties": { "종류": "횡단", "text": "주의. 근처에 차도가 만나는 교차로가 있습니다. 횡단보도가 없습니다.", "A점수": 3.0, "node": "2824550288", "최대경사_pct": null, "길이_m": null, "학교": "숭실대", "합친_큐수": 1.0, "audio_key": "40c57cc27026", "cue_id": "숭실대_047" }, "geometry": { "type": "Point", "coordinates": [ 126.953362799999979, 37.49599340000001 ] } },
{ "type": "Feature", "properties": { "종류": "횡단", "text": "주의. 근처에 차도가 만나는 교차로가 있습니다. 횡단보도가 없습니다.", "A점수": 3.0, "node": "2825724226", "최대경사_pct": null, "길이_m": null, "학교": "숭실대", "합친_큐수": 1.0, "audio_key": "40c57cc27026", "cue_id": "숭실대_048" }, "geometry": { "type": "Point", "coordinates": [ 126.9542662, 37.4948374 ] } },
{ "type": "Feature", "properties": { "종류": "횡단", "text": "주의. 근처에 차도가 만나는 교차로가 있습니다. 횡단보도가 없습니다.", "A점수": 3.0, "node": "14074780680", "최대경사_pct": null, "길이_m": null, "학교": "숭실대", "합친_큐수": 2.0, "audio_key": "40c57cc27026", "cue_id": "숭실대_049" }, "geometry": { "type": "Point", "coordinates": [ 126.9548506, 37.4949789 ] } },
{ "type": "Feature", "properties": { "종류": "횡단", "text": "근처에 차도가 만나는 교차로가 있습니다. 횡단보도가 없습니다.", "A점수": null, "node": "2886858471", "최대경사_pct": null, "길이_m": null, "학교": "숭실대", "합친_큐수": 1.0, "audio_key": "cb1ca1f5914a", "cue_id": "숭실대_050" }, "geometry": { "type": "Point", "coordinates": [ 126.958800699999983, 37.4945209 ] } },
{ "type": "Feature", "properties": { "종류": "횡단", "text": "주의. 근처에 차도가 만나는 교차로가 있습니다. 횡단보도가 없습니다.", "A점수": 3.0, "node": "2824756158", "최대경사_pct": null, "길이_m": null, "학교": "숭실대", "합친_큐수": 1.0, "audio_key": "40c57cc27026", "cue_id": "숭실대_051" }, "geometry": { "type": "Point", "coordinates": [ 126.9600621, 37.4881198 ] } },
{ "type": "Feature", "properties": { "종류": "횡단", "text": "주의. 근처에 차도가 만나는 교차로가 있습니다. 횡단보도가 없습니다.", "A점수": 3.0, "node": "2825727788", "최대경사_pct": null, "길이_m": null, "학교": "숭실대", "합친_큐수": 1.0, "audio_key": "40c57cc27026", "cue_id": "숭실대_052" }, "geometry": { "type": "Point", "coordinates": [ 126.9591553, 37.4883378 ] } },
{ "type": "Feature", "properties": { "종류": "횡단", "text": "근처에 차도가 만나는 교차로가 있습니다. 횡단보도가 없습니다.", "A점수": null, "node": "2824759097", "최대경사_pct": null, "길이_m": null, "학교": "숭실대", "합친_큐수": 1.0, "audio_key": "cb1ca1f5914a", "cue_id": "숭실대_053" }, "geometry": { "type": "Point", "coordinates": [ 126.959610600000019, 37.4918046 ] } },
{ "type": "Feature", "properties": { "종류": "횡단", "text": "근처에 차도가 만나는 교차로가 있습니다. 횡단보도가 없습니다.", "A점수": null, "node": "2824759209", "최대경사_pct": null, "길이_m": null, "학교": "숭실대", "합친_큐수": 1.0, "audio_key": "cb1ca1f5914a", "cue_id": "숭실대_054" }, "geometry": { "type": "Point", "coordinates": [ 126.959142, 37.491463700000018 ] } },
{ "type": "Feature", "properties": { "종류": "횡단", "text": "근처에 차도가 만나는 교차로가 있습니다. 횡단보도가 없습니다.", "A점수": null, "node": "2825728925", "최대경사_pct": null, "길이_m": null, "학교": "숭실대", "합친_큐수": 1.0, "audio_key": "cb1ca1f5914a", "cue_id": "숭실대_055" }, "geometry": { "type": "Point", "coordinates": [ 126.9571318, 37.490980300000018 ] } },
{ "type": "Feature", "properties": { "종류": "횡단", "text": "근처에 차도가 만나는 교차로가 있습니다. 횡단보도가 없습니다.", "A점수": null, "node": "2825701311", "최대경사_pct": null, "길이_m": null, "학교": "숭실대", "합친_큐수": 1.0, "audio_key": "cb1ca1f5914a", "cue_id": "숭실대_056" }, "geometry": { "type": "Point", "coordinates": [ 126.9502484, 37.5020188 ] } },
{ "type": "Feature", "properties": { "종류": "횡단", "text": "주의. 근처에 차도가 만나는 교차로가 있습니다. 횡단보도가 없습니다.", "A점수": 3.0, "node": "2825706550", "최대경사_pct": null, "길이_m": null, "학교": "숭실대", "합친_큐수": 1.0, "audio_key": "40c57cc27026", "cue_id": "숭실대_057" }, "geometry": { "type": "Point", "coordinates": [ 126.948658699999982, 37.5036929 ] } },
{ "type": "Feature", "properties": { "종류": "횡단", "text": "주의. 근처에 차도가 만나는 교차로가 있습니다. 횡단보도가 없습니다.", "A점수": 3.0, "node": "2825711094", "최대경사_pct": null, "길이_m": null, "학교": "숭실대", "합친_큐수": 1.0, "audio_key": "40c57cc27026", "cue_id": "숭실대_058" }, "geometry": { "type": "Point", "coordinates": [ 126.9536533, 37.4971551 ] } },
{ "type": "Feature", "properties": { "종류": "횡단", "text": "주의. 근처에 차도가 만나는 교차로가 있습니다. 횡단보도가 없습니다.", "A점수": 3.0, "node": "2825711047", "최대경사_pct": null, "길이_m": null, "학교": "숭실대", "합친_큐수": 1.0, "audio_key": "40c57cc27026", "cue_id": "숭실대_059" }, "geometry": { "type": "Point", "coordinates": [ 126.9538774, 37.497159600000025 ] } },
{ "type": "Feature", "properties": { "종류": "횡단", "text": "주의. 근처에 차도가 만나는 교차로가 있습니다. 횡단보도가 없습니다.", "A점수": 3.0, "node": "2825711413", "최대경사_pct": null, "길이_m": null, "학교": "숭실대", "합친_큐수": 1.0, "audio_key": "40c57cc27026", "cue_id": "숭실대_060" }, "geometry": { "type": "Point", "coordinates": [ 126.9545095, 37.4971449 ] } },
{ "type": "Feature", "properties": { "종류": "횡단", "text": "주의. 근처에 차도가 만나는 교차로가 있습니다. 횡단보도가 없습니다.", "A점수": 3.0, "node": "2825711406", "최대경사_pct": null, "길이_m": null, "학교": "숭실대", "합친_큐수": 1.0, "audio_key": "40c57cc27026", "cue_id": "숭실대_061" }, "geometry": { "type": "Point", "coordinates": [ 126.952976800000016, 37.4971372 ] } },
{ "type": "Feature", "properties": { "종류": "횡단+회전", "text": "근처에 차도가 만나는 교차로가 있습니다. 횡단보도가 없습니다. 길이 크게 꺾이는 곳입니다.", "A점수": null, "node": "2825711424", "최대경사_pct": null, "길이_m": null, "학교": "숭실대", "합친_큐수": 2.0, "audio_key": "1c066d0c6c72", "cue_id": "숭실대_062" }, "geometry": { "type": "Point", "coordinates": [ 126.959109699999985, 37.49740760000001 ] } },
{ "type": "Feature", "properties": { "종류": "횡단", "text": "주의. 근처에 차도가 만나는 교차로가 있습니다. 횡단보도가 없습니다.", "A점수": 3.0, "node": "4620925483", "최대경사_pct": null, "길이_m": null, "학교": "숭실대", "합친_큐수": 1.0, "audio_key": "40c57cc27026", "cue_id": "숭실대_063" }, "geometry": { "type": "Point", "coordinates": [ 126.953668400000012, 37.496138 ] } },
{ "type": "Feature", "properties": { "종류": "횡단", "text": "주의. 근처에 차도가 만나는 교차로가 있습니다. 횡단보도가 없습니다.", "A점수": 3.0, "node": "2825727773", "최대경사_pct": null, "길이_m": null, "학교": "숭실대", "합친_큐수": 1.0, "audio_key": "40c57cc27026", "cue_id": "숭실대_064" }, "geometry": { "type": "Point", "coordinates": [ 126.958624299999983, 37.4894684 ] } },
{ "type": "Feature", "properties": { "종류": "횡단", "text": "주의. 근처에 차도가 만나는 교차로가 있습니다. 횡단보도가 없습니다.", "A점수": 3.0, "node": "4619539872", "최대경사_pct": null, "길이_m": null, "학교": "숭실대", "합친_큐수": 1.0, "audio_key": "40c57cc27026", "cue_id": "숭실대_065" }, "geometry": { "type": "Point", "coordinates": [ 126.9635918, 37.4885306 ] } },
{ "type": "Feature", "properties": { "종류": "횡단", "text": "근처에 차도가 만나는 교차로가 있습니다. 횡단보도가 없습니다.", "A점수": null, "node": "2826160240", "최대경사_pct": null, "길이_m": null, "학교": "숭실대", "합친_큐수": 2.0, "audio_key": "cb1ca1f5914a", "cue_id": "숭실대_066" }, "geometry": { "type": "Point", "coordinates": [ 126.964743100000021, 37.4901191 ] } },
{ "type": "Feature", "properties": { "종류": "횡단", "text": "주의. 근처에 차도가 만나는 교차로가 있습니다. 횡단보도가 없습니다.", "A점수": 4.0, "node": "8482842642", "최대경사_pct": null, "길이_m": null, "학교": "숭실대", "합친_큐수": 1.0, "audio_key": "40c57cc27026", "cue_id": "숭실대_067" }, "geometry": { "type": "Point", "coordinates": [ 126.964598800000019, 37.4894043 ] } },
{ "type": "Feature", "properties": { "종류": "횡단", "text": "주의. 근처에 차도가 만나는 교차로가 있습니다. 횡단보도가 없습니다.", "A점수": 4.0, "node": "8482789903", "최대경사_pct": null, "길이_m": null, "학교": "숭실대", "합친_큐수": 1.0, "audio_key": "40c57cc27026", "cue_id": "숭실대_068" }, "geometry": { "type": "Point", "coordinates": [ 126.965702, 37.4894677 ] } },
{ "type": "Feature", "properties": { "종류": "횡단", "text": "주의. 근처에 차도가 만나는 교차로가 있습니다. 횡단보도가 없습니다.", "A점수": 3.0, "node": "4195610580", "최대경사_pct": null, "길이_m": null, "학교": "숭실대", "합친_큐수": 1.0, "audio_key": "40c57cc27026", "cue_id": "숭실대_069" }, "geometry": { "type": "Point", "coordinates": [ 126.9667352, 37.487637399999983 ] } },
{ "type": "Feature", "properties": { "종류": "횡단", "text": "주의. 근처에 차도가 만나는 교차로가 있습니다. 횡단보도가 없습니다.", "A점수": 3.0, "node": "8537501420", "최대경사_pct": null, "길이_m": null, "학교": "숭실대", "합친_큐수": 1.0, "audio_key": "40c57cc27026", "cue_id": "숭실대_070" }, "geometry": { "type": "Point", "coordinates": [ 126.9576715, 37.4889855 ] } },
{ "type": "Feature", "properties": { "종류": "횡단+회전", "text": "근처에 차도가 만나는 교차로가 있습니다. 횡단보도가 없습니다. 길이 크게 꺾이는 곳입니다.", "A점수": null, "node": "4619539868", "최대경사_pct": null, "길이_m": null, "학교": "숭실대", "합친_큐수": 2.0, "audio_key": "1c066d0c6c72", "cue_id": "숭실대_071" }, "geometry": { "type": "Point", "coordinates": [ 126.9624503, 37.489931 ] } },
{ "type": "Feature", "properties": { "종류": "횡단", "text": "근처에 차도가 만나는 교차로가 있습니다. 횡단보도가 없습니다.", "A점수": null, "node": "4619539869", "최대경사_pct": null, "길이_m": null, "학교": "숭실대", "합친_큐수": 1.0, "audio_key": "cb1ca1f5914a", "cue_id": "숭실대_072" }, "geometry": { "type": "Point", "coordinates": [ 126.9629383, 37.489651500000022 ] } },
{ "type": "Feature", "properties": { "종류": "횡단", "text": "근처에 차도가 만나는 교차로가 있습니다. 횡단보도가 없습니다.", "A점수": null, "node": "8482842646", "최대경사_pct": null, "길이_m": null, "학교": "숭실대", "합친_큐수": 1.0, "audio_key": "cb1ca1f5914a", "cue_id": "숭실대_073" }, "geometry": { "type": "Point", "coordinates": [ 126.9632329, 37.4892426 ] } },
{ "type": "Feature", "properties": { "종류": "횡단", "text": "근처에 차도가 만나는 교차로가 있습니다. 횡단보도가 없습니다.", "A점수": null, "node": "4619539870", "최대경사_pct": null, "길이_m": null, "학교": "숭실대", "합친_큐수": 1.0, "audio_key": "cb1ca1f5914a", "cue_id": "숭실대_074" }, "geometry": { "type": "Point", "coordinates": [ 126.9635898, 37.4898305 ] } },
{ "type": "Feature", "properties": { "종류": "횡단", "text": "근처에 차도가 만나는 교차로가 있습니다. 횡단보도가 없습니다.", "A점수": null, "node": "8482842644", "최대경사_pct": null, "길이_m": null, "학교": "숭실대", "합친_큐수": 1.0, "audio_key": "cb1ca1f5914a", "cue_id": "숭실대_075" }, "geometry": { "type": "Point", "coordinates": [ 126.963924799999987, 37.4894486 ] } },
{ "type": "Feature", "properties": { "종류": "횡단", "text": "근처에 차도가 만나는 교차로가 있습니다. 횡단보도가 없습니다.", "A점수": null, "node": "8482842647", "최대경사_pct": null, "길이_m": null, "학교": "숭실대", "합친_큐수": 1.0, "audio_key": "cb1ca1f5914a", "cue_id": "숭실대_076" }, "geometry": { "type": "Point", "coordinates": [ 126.962876200000011, 37.4891072 ] } },
{ "type": "Feature", "properties": { "종류": "횡단", "text": "근처에 차도가 만나는 교차로가 있습니다. 횡단보도가 없습니다.", "A점수": null, "node": "8482835723", "최대경사_pct": null, "길이_m": null, "학교": "숭실대", "합친_큐수": 1.0, "audio_key": "cb1ca1f5914a", "cue_id": "숭실대_077" }, "geometry": { "type": "Point", "coordinates": [ 126.9628989, 37.4922324 ] } },
{ "type": "Feature", "properties": { "종류": "횡단", "text": "주의. 근처에 차도가 만나는 교차로가 있습니다. 횡단보도가 없습니다.", "A점수": 3.0, "node": "10792799832", "최대경사_pct": null, "길이_m": null, "학교": "숭실대", "합친_큐수": 1.0, "audio_key": "40c57cc27026", "cue_id": "숭실대_078" }, "geometry": { "type": "Point", "coordinates": [ 126.9575053, 37.4892338 ] } },
{ "type": "Feature", "properties": { "종류": "회전", "text": "길이 크게 꺾이는 곳입니다.", "A점수": null, "node": null, "최대경사_pct": null, "길이_m": null, "학교": "숭실대", "합친_큐수": 1.0, "audio_key": "7c86b46f338a", "cue_id": "숭실대_079" }, "geometry": { "type": "Point", "coordinates": [ 126.956103034920943, 37.491146108276205 ] } },
{ "type": "Feature", "properties": { "종류": "회전", "text": "길이 크게 꺾이는 곳입니다.", "A점수": null, "node": null, "최대경사_pct": null, "길이_m": null, "학교": "숭실대", "합친_큐수": 1.0, "audio_key": "7c86b46f338a", "cue_id": "숭실대_080" }, "geometry": { "type": "Point", "coordinates": [ 126.956493508251683, 37.49121359182007 ] } },
{ "type": "Feature", "properties": { "종류": "회전", "text": "길이 크게 꺾이는 곳입니다.", "A점수": null, "node": null, "최대경사_pct": null, "길이_m": null, "학교": "숭실대", "합친_큐수": 1.0, "audio_key": "7c86b46f338a", "cue_id": "숭실대_081" }, "geometry": { "type": "Point", "coordinates": [ 126.956574038726032, 37.490983556913228 ] } },
{ "type": "Feature", "properties": { "종류": "회전", "text": "길이 크게 꺾이는 곳입니다.", "A점수": null, "node": null, "최대경사_pct": null, "길이_m": null, "학교": "숭실대", "합친_큐수": 1.0, "audio_key": "7c86b46f338a", "cue_id": "숭실대_082" }, "geometry": { "type": "Point", "coordinates": [ 126.95674610910514, 37.490692518386169 ] } },
{ "type": "Feature", "properties": { "종류": "회전", "text": "길이 크게 꺾이는 곳입니다.", "A점수": null, "node": null, "최대경사_pct": null, "길이_m": null, "학교": "숭실대", "합친_큐수": 1.0, "audio_key": "7c86b46f338a", "cue_id": "숭실대_083" }, "geometry": { "type": "Point", "coordinates": [ 126.956372238397662, 37.490592912042644 ] } },
{ "type": "Feature", "properties": { "종류": "회전", "text": "길이 크게 꺾이는 곳입니다.", "A점수": null, "node": null, "최대경사_pct": null, "길이_m": null, "학교": "숭실대", "합친_큐수": 1.0, "audio_key": "7c86b46f338a", "cue_id": "숭실대_084" }, "geometry": { "type": "Point", "coordinates": [ 126.956332683882252, 37.493972107238086 ] } },
{ "type": "Feature", "properties": { "종류": "회전", "text": "길이 크게 꺾이는 곳입니다.", "A점수": null, "node": null, "최대경사_pct": null, "길이_m": null, "학교": "숭실대", "합친_큐수": 1.0, "audio_key": "7c86b46f338a", "cue_id": "숭실대_085" }, "geometry": { "type": "Point", "coordinates": [ 126.960986201862937, 37.494603532772018 ] } },
{ "type": "Feature", "properties": { "종류": "회전", "text": "길이 크게 꺾이는 곳입니다.", "A점수": null, "node": null, "최대경사_pct": null, "길이_m": null, "학교": "숭실대", "합친_큐수": 1.0, "audio_key": "7c86b46f338a", "cue_id": "숭실대_086" }, "geometry": { "type": "Point", "coordinates": [ 126.961595103921198, 37.493253136554848 ] } },
{ "type": "Feature", "properties": { "종류": "회전", "text": "길이 크게 꺾이는 곳입니다.", "A점수": null, "node": null, "최대경사_pct": null, "길이_m": null, "학교": "숭실대", "합친_큐수": 1.0, "audio_key": "7c86b46f338a", "cue_id": "숭실대_087" }, "geometry": { "type": "Point", "coordinates": [ 126.967973999248827, 37.499076875850236 ] } },
{ "type": "Feature", "properties": { "종류": "회전", "text": "길이 크게 꺾이는 곳입니다.", "A점수": null, "node": null, "최대경사_pct": null, "길이_m": null, "학교": "숭실대", "합친_큐수": 1.0, "audio_key": "7c86b46f338a", "cue_id": "숭실대_088" }, "geometry": { "type": "Point", "coordinates": [ 126.950091640010854, 37.492220899301323 ] } },
{ "type": "Feature", "properties": { "종류": "회전", "text": "길이 크게 꺾이는 곳입니다.", "A점수": null, "node": null, "최대경사_pct": null, "길이_m": null, "학교": "숭실대", "합친_큐수": 1.0, "audio_key": "7c86b46f338a", "cue_id": "숭실대_089" }, "geometry": { "type": "Point", "coordinates": [ 126.951132143635675, 37.491895541496447 ] } },
{ "type": "Feature", "properties": { "종류": "회전", "text": "길이 크게 꺾이는 곳입니다.", "A점수": null, "node": null, "최대경사_pct": null, "길이_m": null, "학교": "숭실대", "합친_큐수": 1.0, "audio_key": "7c86b46f338a", "cue_id": "숭실대_090" }, "geometry": { "type": "Point", "coordinates": [ 126.948861282846266, 37.492375150612396 ] } },
{ "type": "Feature", "properties": { "종류": "회전", "text": "길이 크게 꺾이는 곳입니다.", "A점수": null, "node": null, "최대경사_pct": null, "길이_m": null, "학교": "숭실대", "합친_큐수": 1.0, "audio_key": "7c86b46f338a", "cue_id": "숭실대_091" }, "geometry": { "type": "Point", "coordinates": [ 126.94880363540652, 37.492214570522982 ] } },
{ "type": "Feature", "properties": { "종류": "회전", "text": "길이 크게 꺾이는 곳입니다.", "A점수": null, "node": null, "최대경사_pct": null, "길이_m": null, "학교": "숭실대", "합친_큐수": 1.0, "audio_key": "7c86b46f338a", "cue_id": "숭실대_092" }, "geometry": { "type": "Point", "coordinates": [ 126.95228772715673, 37.487487237594749 ] } },
{ "type": "Feature", "properties": { "종류": "회전", "text": "길이 크게 꺾이는 곳입니다.", "A점수": null, "node": null, "최대경사_pct": null, "길이_m": null, "학교": "숭실대", "합친_큐수": 1.0, "audio_key": "7c86b46f338a", "cue_id": "숭실대_093" }, "geometry": { "type": "Point", "coordinates": [ 126.952093457114273, 37.488384229783961 ] } },
{ "type": "Feature", "properties": { "종류": "회전", "text": "길이 크게 꺾이는 곳입니다.", "A점수": null, "node": null, "최대경사_pct": null, "길이_m": null, "학교": "숭실대", "합친_큐수": 1.0, "audio_key": "7c86b46f338a", "cue_id": "숭실대_094" }, "geometry": { "type": "Point", "coordinates": [ 126.951902484238545, 37.487619282389353 ] } },
{ "type": "Feature", "properties": { "종류": "회전", "text": "길이 크게 꺾이는 곳입니다.", "A점수": null, "node": null, "최대경사_pct": null, "길이_m": null, "학교": "숭실대", "합친_큐수": 1.0, "audio_key": "7c86b46f338a", "cue_id": "숭실대_095" }, "geometry": { "type": "Point", "coordinates": [ 126.947540054643497, 37.490741699086541 ] } },
{ "type": "Feature", "properties": { "종류": "회전", "text": "길이 크게 꺾이는 곳입니다.", "A점수": null, "node": null, "최대경사_pct": null, "길이_m": null, "학교": "숭실대", "합친_큐수": 1.0, "audio_key": "7c86b46f338a", "cue_id": "숭실대_096" }, "geometry": { "type": "Point", "coordinates": [ 126.947998345477103, 37.490607819323564 ] } },
{ "type": "Feature", "properties": { "종류": "회전", "text": "길이 크게 꺾이는 곳입니다.", "A점수": null, "node": null, "최대경사_pct": null, "길이_m": null, "학교": "숭실대", "합친_큐수": 1.0, "audio_key": "7c86b46f338a", "cue_id": "숭실대_097" }, "geometry": { "type": "Point", "coordinates": [ 126.95032171961283, 37.487944901851868 ] } },
{ "type": "Feature", "properties": { "종류": "회전", "text": "길이 크게 꺾이는 곳입니다.", "A점수": null, "node": null, "최대경사_pct": null, "길이_m": null, "학교": "숭실대", "합친_큐수": 1.0, "audio_key": "7c86b46f338a", "cue_id": "숭실대_098" }, "geometry": { "type": "Point", "coordinates": [ 126.950048975968187, 37.487720016290375 ] } },
{ "type": "Feature", "properties": { "종류": "회전", "text": "길이 크게 꺾이는 곳입니다.", "A점수": null, "node": null, "최대경사_pct": null, "길이_m": null, "학교": "숭실대", "합친_큐수": 1.0, "audio_key": "7c86b46f338a", "cue_id": "숭실대_099" }, "geometry": { "type": "Point", "coordinates": [ 126.950567202809609, 37.487752025685516 ] } },
{ "type": "Feature", "properties": { "종류": "회전", "text": "길이 크게 꺾이는 곳입니다.", "A점수": null, "node": null, "최대경사_pct": null, "길이_m": null, "학교": "숭실대", "합친_큐수": 1.0, "audio_key": "7c86b46f338a", "cue_id": "숭실대_100" }, "geometry": { "type": "Point", "coordinates": [ 126.949848667081824, 37.488445917646239 ] } },
{ "type": "Feature", "properties": { "종류": "회전", "text": "길이 크게 꺾이는 곳입니다.", "A점수": null, "node": null, "최대경사_pct": null, "길이_m": null, "학교": "숭실대", "합친_큐수": 1.0, "audio_key": "7c86b46f338a", "cue_id": "숭실대_101" }, "geometry": { "type": "Point", "coordinates": [ 126.948860782194515, 37.488134976855982 ] } },
{ "type": "Feature", "properties": { "종류": "회전", "text": "길이 크게 꺾이는 곳입니다.", "A점수": null, "node": null, "최대경사_pct": null, "길이_m": null, "학교": "숭실대", "합친_큐수": 1.0, "audio_key": "7c86b46f338a", "cue_id": "숭실대_102" }, "geometry": { "type": "Point", "coordinates": [ 126.956064558098774, 37.488555052073451 ] } },
{ "type": "Feature", "properties": { "종류": "회전", "text": "길이 크게 꺾이는 곳입니다.", "A점수": null, "node": null, "최대경사_pct": null, "길이_m": null, "학교": "숭실대", "합친_큐수": 1.0, "audio_key": "7c86b46f338a", "cue_id": "숭실대_103" }, "geometry": { "type": "Point", "coordinates": [ 126.956400601950762, 37.488659081650532 ] } },
{ "type": "Feature", "properties": { "종류": "회전", "text": "길이 크게 꺾이는 곳입니다.", "A점수": null, "node": null, "최대경사_pct": null, "길이_m": null, "학교": "숭실대", "합친_큐수": 1.0, "audio_key": "7c86b46f338a", "cue_id": "숭실대_104" }, "geometry": { "type": "Point", "coordinates": [ 126.955677390956168, 37.489122525998219 ] } },
{ "type": "Feature", "properties": { "종류": "회전", "text": "길이 크게 꺾이는 곳입니다.", "A점수": null, "node": null, "최대경사_pct": null, "길이_m": null, "학교": "숭실대", "합친_큐수": 1.0, "audio_key": "7c86b46f338a", "cue_id": "숭실대_105" }, "geometry": { "type": "Point", "coordinates": [ 126.954946280016543, 37.490143924077117 ] } },
{ "type": "Feature", "properties": { "종류": "회전", "text": "길이 크게 꺾이는 곳입니다.", "A점수": null, "node": null, "최대경사_pct": null, "길이_m": null, "학교": "숭실대", "합친_큐수": 1.0, "audio_key": "7c86b46f338a", "cue_id": "숭실대_106" }, "geometry": { "type": "Point", "coordinates": [ 126.956050936170058, 37.490308599606472 ] } },
{ "type": "Feature", "properties": { "종류": "회전", "text": "길이 크게 꺾이는 곳입니다.", "A점수": null, "node": null, "최대경사_pct": null, "길이_m": null, "학교": "숭실대", "합친_큐수": 1.0, "audio_key": "7c86b46f338a", "cue_id": "숭실대_107" }, "geometry": { "type": "Point", "coordinates": [ 126.956367300515112, 37.48969303057978 ] } },
{ "type": "Feature", "properties": { "종류": "회전", "text": "길이 크게 꺾이는 곳입니다.", "A점수": null, "node": null, "최대경사_pct": null, "길이_m": null, "학교": "숭실대", "합친_큐수": 1.0, "audio_key": "7c86b46f338a", "cue_id": "숭실대_108" }, "geometry": { "type": "Point", "coordinates": [ 126.947370452717024, 37.497752457800701 ] } },
{ "type": "Feature", "properties": { "종류": "회전", "text": "길이 크게 꺾이는 곳입니다.", "A점수": null, "node": null, "최대경사_pct": null, "길이_m": null, "학교": "숭실대", "합친_큐수": 1.0, "audio_key": "7c86b46f338a", "cue_id": "숭실대_109" }, "geometry": { "type": "Point", "coordinates": [ 126.947369366244374, 37.49757225863128 ] } },
{ "type": "Feature", "properties": { "종류": "회전", "text": "길이 크게 꺾이는 곳입니다.", "A점수": null, "node": null, "최대경사_pct": null, "길이_m": null, "학교": "숭실대", "합친_큐수": 2.0, "audio_key": "7c86b46f338a", "cue_id": "숭실대_110" }, "geometry": { "type": "Point", "coordinates": [ 126.947780653734029, 37.498212225412821 ] } },
{ "type": "Feature", "properties": { "종류": "회전", "text": "길이 크게 꺾이는 곳입니다.", "A점수": null, "node": null, "최대경사_pct": null, "길이_m": null, "학교": "숭실대", "합친_큐수": 2.0, "audio_key": "7c86b46f338a", "cue_id": "숭실대_111" }, "geometry": { "type": "Point", "coordinates": [ 126.947573619451788, 37.498143212164798 ] } },
{ "type": "Feature", "properties": { "종류": "회전", "text": "길이 크게 꺾이는 곳입니다.", "A점수": null, "node": null, "최대경사_pct": null, "길이_m": null, "학교": "숭실대", "합친_큐수": 1.0, "audio_key": "7c86b46f338a", "cue_id": "숭실대_112" }, "geometry": { "type": "Point", "coordinates": [ 126.947537794689694, 37.495783784321588 ] } },
{ "type": "Feature", "properties": { "종류": "회전", "text": "길이 크게 꺾이는 곳입니다.", "A점수": null, "node": null, "최대경사_pct": null, "길이_m": null, "학교": "숭실대", "합친_큐수": 1.0, "audio_key": "7c86b46f338a", "cue_id": "숭실대_113" }, "geometry": { "type": "Point", "coordinates": [ 126.952794726721137, 37.501087482779965 ] } },
{ "type": "Feature", "properties": { "종류": "회전", "text": "길이 크게 꺾이는 곳입니다.", "A점수": null, "node": null, "최대경사_pct": null, "길이_m": null, "학교": "숭실대", "합친_큐수": 1.0, "audio_key": "7c86b46f338a", "cue_id": "숭실대_114" }, "geometry": { "type": "Point", "coordinates": [ 126.951641543482793, 37.498907718471109 ] } },
{ "type": "Feature", "properties": { "종류": "회전", "text": "길이 크게 꺾이는 곳입니다.", "A점수": null, "node": null, "최대경사_pct": null, "길이_m": null, "학교": "숭실대", "합친_큐수": 3.0, "audio_key": "7c86b46f338a", "cue_id": "숭실대_115" }, "geometry": { "type": "Point", "coordinates": [ 126.950003422646532, 37.49735871873699 ] } },
{ "type": "Feature", "properties": { "종류": "회전", "text": "길이 크게 꺾이는 곳입니다.", "A점수": null, "node": null, "최대경사_pct": null, "길이_m": null, "학교": "숭실대", "합친_큐수": 1.0, "audio_key": "7c86b46f338a", "cue_id": "숭실대_116" }, "geometry": { "type": "Point", "coordinates": [ 126.952137526296426, 37.496712227648274 ] } },
{ "type": "Feature", "properties": { "종류": "회전", "text": "길이 크게 꺾이는 곳입니다.", "A점수": null, "node": null, "최대경사_pct": null, "길이_m": null, "학교": "숭실대", "합친_큐수": 1.0, "audio_key": "7c86b46f338a", "cue_id": "숭실대_117" }, "geometry": { "type": "Point", "coordinates": [ 126.957669385554055, 37.494547375394923 ] } },
{ "type": "Feature", "properties": { "종류": "회전", "text": "길이 크게 꺾이는 곳입니다.", "A점수": null, "node": null, "최대경사_pct": null, "길이_m": null, "학교": "숭실대", "합친_큐수": 2.0, "audio_key": "7c86b46f338a", "cue_id": "숭실대_118" }, "geometry": { "type": "Point", "coordinates": [ 126.953538499415956, 37.503306580629101 ] } },
{ "type": "Feature", "properties": { "종류": "회전", "text": "길이 크게 꺾이는 곳입니다.", "A점수": null, "node": null, "최대경사_pct": null, "길이_m": null, "학교": "숭실대", "합친_큐수": 2.0, "audio_key": "7c86b46f338a", "cue_id": "숭실대_119" }, "geometry": { "type": "Point", "coordinates": [ 126.953550400000026, 37.502786422798565 ] } },
{ "type": "Feature", "properties": { "종류": "회전", "text": "길이 크게 꺾이는 곳입니다.", "A점수": null, "node": null, "최대경사_pct": null, "길이_m": null, "학교": "숭실대", "합친_큐수": 1.0, "audio_key": "7c86b46f338a", "cue_id": "숭실대_120" }, "geometry": { "type": "Point", "coordinates": [ 126.956980212252191, 37.499375357785034 ] } },
{ "type": "Feature", "properties": { "종류": "회전", "text": "길이 크게 꺾이는 곳입니다.", "A점수": null, "node": null, "최대경사_pct": null, "길이_m": null, "학교": "숭실대", "합친_큐수": 1.0, "audio_key": "7c86b46f338a", "cue_id": "숭실대_121" }, "geometry": { "type": "Point", "coordinates": [ 126.954999085678182, 37.503721855902683 ] } },
{ "type": "Feature", "properties": { "종류": "회전", "text": "길이 크게 꺾이는 곳입니다.", "A점수": null, "node": null, "최대경사_pct": null, "길이_m": null, "학교": "숭실대", "합친_큐수": 1.0, "audio_key": "7c86b46f338a", "cue_id": "숭실대_122" }, "geometry": { "type": "Point", "coordinates": [ 126.95465291898654, 37.503766486697408 ] } },
{ "type": "Feature", "properties": { "종류": "회전", "text": "길이 크게 꺾이는 곳입니다.", "A점수": null, "node": null, "최대경사_pct": null, "길이_m": null, "학교": "숭실대", "합친_큐수": 1.0, "audio_key": "7c86b46f338a", "cue_id": "숭실대_123" }, "geometry": { "type": "Point", "coordinates": [ 126.954608380507537, 37.503621131749348 ] } },
{ "type": "Feature", "properties": { "종류": "회전", "text": "길이 크게 꺾이는 곳입니다.", "A점수": null, "node": null, "최대경사_pct": null, "길이_m": null, "학교": "숭실대", "합친_큐수": 1.0, "audio_key": "7c86b46f338a", "cue_id": "숭실대_124" }, "geometry": { "type": "Point", "coordinates": [ 126.953725529108638, 37.503658773020248 ] } },
{ "type": "Feature", "properties": { "종류": "회전", "text": "길이 크게 꺾이는 곳입니다.", "A점수": null, "node": null, "최대경사_pct": null, "길이_m": null, "학교": "숭실대", "합친_큐수": 2.0, "audio_key": "7c86b46f338a", "cue_id": "숭실대_125" }, "geometry": { "type": "Point", "coordinates": [ 126.947330968997534, 37.488152287538561 ] } },
{ "type": "Feature", "properties": { "종류": "회전", "text": "길이 크게 꺾이는 곳입니다.", "A점수": null, "node": null, "최대경사_pct": null, "길이_m": null, "학교": "숭실대", "합친_큐수": 2.0, "audio_key": "7c86b46f338a", "cue_id": "숭실대_126" }, "geometry": { "type": "Point", "coordinates": [ 126.947548450151572, 37.488139111133101 ] } },
{ "type": "Feature", "properties": { "종류": "회전", "text": "길이 크게 꺾이는 곳입니다.", "A점수": null, "node": null, "최대경사_pct": null, "길이_m": null, "학교": "숭실대", "합친_큐수": 1.0, "audio_key": "7c86b46f338a", "cue_id": "숭실대_127" }, "geometry": { "type": "Point", "coordinates": [ 126.960043678581528, 37.488921269166916 ] } },
{ "type": "Feature", "properties": { "종류": "회전", "text": "길이 크게 꺾이는 곳입니다.", "A점수": null, "node": null, "최대경사_pct": null, "길이_m": null, "학교": "숭실대", "합친_큐수": 1.0, "audio_key": "7c86b46f338a", "cue_id": "숭실대_128" }, "geometry": { "type": "Point", "coordinates": [ 126.95991394597192, 37.491061969867374 ] } },
{ "type": "Feature", "properties": { "종류": "회전", "text": "길이 크게 꺾이는 곳입니다.", "A점수": null, "node": null, "최대경사_pct": null, "길이_m": null, "학교": "숭실대", "합친_큐수": 1.0, "audio_key": "7c86b46f338a", "cue_id": "숭실대_129" }, "geometry": { "type": "Point", "coordinates": [ 126.959820052568332, 37.491490855690529 ] } },
{ "type": "Feature", "properties": { "종류": "회전", "text": "길이 크게 꺾이는 곳입니다.", "A점수": null, "node": null, "최대경사_pct": null, "길이_m": null, "학교": "숭실대", "합친_큐수": 1.0, "audio_key": "7c86b46f338a", "cue_id": "숭실대_130" }, "geometry": { "type": "Point", "coordinates": [ 126.959664496956051, 37.491635221315327 ] } },
{ "type": "Feature", "properties": { "종류": "회전", "text": "길이 크게 꺾이는 곳입니다.", "A점수": null, "node": null, "최대경사_pct": null, "길이_m": null, "학교": "숭실대", "합친_큐수": 1.0, "audio_key": "7c86b46f338a", "cue_id": "숭실대_131" }, "geometry": { "type": "Point", "coordinates": [ 126.959213431584871, 37.491718717610894 ] } },
{ "type": "Feature", "properties": { "종류": "회전", "text": "길이 크게 꺾이는 곳입니다.", "A점수": null, "node": null, "최대경사_pct": null, "길이_m": null, "학교": "숭실대", "합친_큐수": 2.0, "audio_key": "7c86b46f338a", "cue_id": "숭실대_132" }, "geometry": { "type": "Point", "coordinates": [ 126.958441726957787, 37.491434490819046 ] } },
{ "type": "Feature", "properties": { "종류": "회전", "text": "길이 크게 꺾이는 곳입니다.", "A점수": null, "node": null, "최대경사_pct": null, "길이_m": null, "학교": "숭실대", "합친_큐수": 1.0, "audio_key": "7c86b46f338a", "cue_id": "숭실대_133" }, "geometry": { "type": "Point", "coordinates": [ 126.960669568447983, 37.49266425259588 ] } },
{ "type": "Feature", "properties": { "종류": "회전", "text": "길이 크게 꺾이는 곳입니다.", "A점수": null, "node": null, "최대경사_pct": null, "길이_m": null, "학교": "숭실대", "합친_큐수": 1.0, "audio_key": "7c86b46f338a", "cue_id": "숭실대_134" }, "geometry": { "type": "Point", "coordinates": [ 126.960676160239643, 37.492450677761013 ] } },
{ "type": "Feature", "properties": { "종류": "회전", "text": "길이 크게 꺾이는 곳입니다.", "A점수": null, "node": null, "최대경사_pct": null, "길이_m": null, "학교": "숭실대", "합친_큐수": 1.0, "audio_key": "7c86b46f338a", "cue_id": "숭실대_135" }, "geometry": { "type": "Point", "coordinates": [ 126.959379970495306, 37.492950448541301 ] } },
{ "type": "Feature", "properties": { "종류": "회전", "text": "길이 크게 꺾이는 곳입니다.", "A점수": null, "node": null, "최대경사_pct": null, "길이_m": null, "학교": "숭실대", "합친_큐수": 1.0, "audio_key": "7c86b46f338a", "cue_id": "숭실대_136" }, "geometry": { "type": "Point", "coordinates": [ 126.958507014265592, 37.490203398243935 ] } },
{ "type": "Feature", "properties": { "종류": "회전", "text": "길이 크게 꺾이는 곳입니다.", "A점수": null, "node": null, "최대경사_pct": null, "길이_m": null, "학교": "숭실대", "합친_큐수": 3.0, "audio_key": "7c86b46f338a", "cue_id": "숭실대_137" }, "geometry": { "type": "Point", "coordinates": [ 126.963832593885328, 37.501229088055709 ] } },
{ "type": "Feature", "properties": { "종류": "회전", "text": "길이 크게 꺾이는 곳입니다.", "A점수": null, "node": null, "최대경사_pct": null, "길이_m": null, "학교": "숭실대", "합친_큐수": 2.0, "audio_key": "7c86b46f338a", "cue_id": "숭실대_138" }, "geometry": { "type": "Point", "coordinates": [ 126.959659097450484, 37.493371533426775 ] } },
{ "type": "Feature", "properties": { "종류": "회전", "text": "길이 크게 꺾이는 곳입니다.", "A점수": null, "node": null, "최대경사_pct": null, "길이_m": null, "학교": "숭실대", "합친_큐수": 1.0, "audio_key": "7c86b46f338a", "cue_id": "숭실대_139" }, "geometry": { "type": "Point", "coordinates": [ 126.959749562890821, 37.493164852531592 ] } },
{ "type": "Feature", "properties": { "종류": "회전", "text": "길이 크게 꺾이는 곳입니다.", "A점수": null, "node": null, "최대경사_pct": null, "길이_m": null, "학교": "숭실대", "합친_큐수": 1.0, "audio_key": "7c86b46f338a", "cue_id": "숭실대_140" }, "geometry": { "type": "Point", "coordinates": [ 126.959314115951727, 37.493958811431952 ] } },
{ "type": "Feature", "properties": { "종류": "회전", "text": "길이 크게 꺾이는 곳입니다.", "A점수": null, "node": null, "최대경사_pct": null, "길이_m": null, "학교": "숭실대", "합친_큐수": 1.0, "audio_key": "7c86b46f338a", "cue_id": "숭실대_141" }, "geometry": { "type": "Point", "coordinates": [ 126.958132374699375, 37.497868054851651 ] } },
{ "type": "Feature", "properties": { "종류": "회전", "text": "길이 크게 꺾이는 곳입니다.", "A점수": null, "node": null, "최대경사_pct": null, "길이_m": null, "학교": "숭실대", "합친_큐수": 1.0, "audio_key": "7c86b46f338a", "cue_id": "숭실대_142" }, "geometry": { "type": "Point", "coordinates": [ 126.957806059779415, 37.498023696927092 ] } },
{ "type": "Feature", "properties": { "종류": "회전", "text": "길이 크게 꺾이는 곳입니다.", "A점수": null, "node": null, "최대경사_pct": null, "길이_m": null, "학교": "숭실대", "합친_큐수": 1.0, "audio_key": "7c86b46f338a", "cue_id": "숭실대_143" }, "geometry": { "type": "Point", "coordinates": [ 126.957850071272219, 37.498283471758263 ] } },
{ "type": "Feature", "properties": { "종류": "회전", "text": "길이 크게 꺾이는 곳입니다.", "A점수": null, "node": null, "최대경사_pct": null, "길이_m": null, "학교": "숭실대", "합친_큐수": 1.0, "audio_key": "7c86b46f338a", "cue_id": "숭실대_144" }, "geometry": { "type": "Point", "coordinates": [ 126.959133313139247, 37.497842737879203 ] } },
{ "type": "Feature", "properties": { "종류": "회전", "text": "길이 크게 꺾이는 곳입니다.", "A점수": null, "node": null, "최대경사_pct": null, "길이_m": null, "학교": "숭실대", "합친_큐수": 1.0, "audio_key": "7c86b46f338a", "cue_id": "숭실대_145" }, "geometry": { "type": "Point", "coordinates": [ 126.96227224546675, 37.498135111898122 ] } },
{ "type": "Feature", "properties": { "종류": "회전", "text": "길이 크게 꺾이는 곳입니다.", "A점수": null, "node": null, "최대경사_pct": null, "길이_m": null, "학교": "숭실대", "합친_큐수": 1.0, "audio_key": "7c86b46f338a", "cue_id": "숭실대_146" }, "geometry": { "type": "Point", "coordinates": [ 126.96200268285709, 37.498142975183356 ] } },
{ "type": "Feature", "properties": { "종류": "회전", "text": "길이 크게 꺾이는 곳입니다.", "A점수": null, "node": null, "최대경사_pct": null, "길이_m": null, "학교": "숭실대", "합친_큐수": 1.0, "audio_key": "7c86b46f338a", "cue_id": "숭실대_147" }, "geometry": { "type": "Point", "coordinates": [ 126.961807374162447, 37.498331447859066 ] } },
{ "type": "Feature", "properties": { "종류": "회전", "text": "길이 크게 꺾이는 곳입니다.", "A점수": null, "node": null, "최대경사_pct": null, "길이_m": null, "학교": "숭실대", "합친_큐수": 1.0, "audio_key": "7c86b46f338a", "cue_id": "숭실대_148" }, "geometry": { "type": "Point", "coordinates": [ 126.962304715557295, 37.498658053852573 ] } },
{ "type": "Feature", "properties": { "종류": "회전", "text": "길이 크게 꺾이는 곳입니다.", "A점수": null, "node": null, "최대경사_pct": null, "길이_m": null, "학교": "숭실대", "합친_큐수": 1.0, "audio_key": "7c86b46f338a", "cue_id": "숭실대_149" }, "geometry": { "type": "Point", "coordinates": [ 126.962451175807587, 37.498472389657032 ] } },
{ "type": "Feature", "properties": { "종류": "회전", "text": "길이 크게 꺾이는 곳입니다.", "A점수": null, "node": null, "최대경사_pct": null, "길이_m": null, "학교": "숭실대", "합친_큐수": 1.0, "audio_key": "7c86b46f338a", "cue_id": "숭실대_150" }, "geometry": { "type": "Point", "coordinates": [ 126.962833906052694, 37.498717036581269 ] } },
{ "type": "Feature", "properties": { "종류": "회전", "text": "길이 크게 꺾이는 곳입니다.", "A점수": null, "node": null, "최대경사_pct": null, "길이_m": null, "학교": "숭실대", "합친_큐수": 1.0, "audio_key": "7c86b46f338a", "cue_id": "숭실대_151" }, "geometry": { "type": "Point", "coordinates": [ 126.962625877148113, 37.498980346200753 ] } },
{ "type": "Feature", "properties": { "종류": "회전", "text": "길이 크게 꺾이는 곳입니다.", "A점수": null, "node": null, "최대경사_pct": null, "길이_m": null, "학교": "숭실대", "합친_큐수": 1.0, "audio_key": "7c86b46f338a", "cue_id": "숭실대_152" }, "geometry": { "type": "Point", "coordinates": [ 126.962426109179404, 37.498947246371714 ] } },
{ "type": "Feature", "properties": { "종류": "회전", "text": "길이 크게 꺾이는 곳입니다.", "A점수": null, "node": null, "최대경사_pct": null, "길이_m": null, "학교": "숭실대", "합친_큐수": 1.0, "audio_key": "7c86b46f338a", "cue_id": "숭실대_153" }, "geometry": { "type": "Point", "coordinates": [ 126.957207806683002, 37.490742215512633 ] } },
{ "type": "Feature", "properties": { "종류": "회전", "text": "길이 크게 꺾이는 곳입니다.", "A점수": null, "node": null, "최대경사_pct": null, "길이_m": null, "학교": "숭실대", "합친_큐수": 1.0, "audio_key": "7c86b46f338a", "cue_id": "숭실대_154" }, "geometry": { "type": "Point", "coordinates": [ 126.958459714313349, 37.488640907320772 ] } },
{ "type": "Feature", "properties": { "종류": "회전", "text": "길이 크게 꺾이는 곳입니다.", "A점수": null, "node": null, "최대경사_pct": null, "길이_m": null, "학교": "숭실대", "합친_큐수": 1.0, "audio_key": "7c86b46f338a", "cue_id": "숭실대_155" }, "geometry": { "type": "Point", "coordinates": [ 126.958674854308484, 37.48844884377165 ] } },
{ "type": "Feature", "properties": { "종류": "회전", "text": "길이 크게 꺾이는 곳입니다.", "A점수": null, "node": null, "최대경사_pct": null, "길이_m": null, "학교": "숭실대", "합친_큐수": 1.0, "audio_key": "7c86b46f338a", "cue_id": "숭실대_156" }, "geometry": { "type": "Point", "coordinates": [ 126.95323140047816, 37.498096100741741 ] } },
{ "type": "Feature", "properties": { "종류": "회전", "text": "길이 크게 꺾이는 곳입니다.", "A점수": null, "node": null, "최대경사_pct": null, "길이_m": null, "학교": "숭실대", "합친_큐수": 1.0, "audio_key": "7c86b46f338a", "cue_id": "숭실대_157" }, "geometry": { "type": "Point", "coordinates": [ 126.953011952129941, 37.499578700618727 ] } },
{ "type": "Feature", "properties": { "종류": "회전", "text": "길이 크게 꺾이는 곳입니다.", "A점수": null, "node": null, "최대경사_pct": null, "길이_m": null, "학교": "숭실대", "합친_큐수": 2.0, "audio_key": "7c86b46f338a", "cue_id": "숭실대_158" }, "geometry": { "type": "Point", "coordinates": [ 126.95228849441591, 37.499833124893605 ] } },
{ "type": "Feature", "properties": { "종류": "회전", "text": "길이 크게 꺾이는 곳입니다.", "A점수": null, "node": null, "최대경사_pct": null, "길이_m": null, "학교": "숭실대", "합친_큐수": 1.0, "audio_key": "7c86b46f338a", "cue_id": "숭실대_159" }, "geometry": { "type": "Point", "coordinates": [ 126.954504935931638, 37.497316052583862 ] } },
{ "type": "Feature", "properties": { "종류": "회전", "text": "길이 크게 꺾이는 곳입니다.", "A점수": null, "node": null, "최대경사_pct": null, "길이_m": null, "학교": "숭실대", "합친_큐수": 1.0, "audio_key": "7c86b46f338a", "cue_id": "숭실대_160" }, "geometry": { "type": "Point", "coordinates": [ 126.954777542230147, 37.497174248217021 ] } },
{ "type": "Feature", "properties": { "종류": "회전", "text": "길이 크게 꺾이는 곳입니다.", "A점수": null, "node": null, "최대경사_pct": null, "길이_m": null, "학교": "숭실대", "합친_큐수": 2.0, "audio_key": "7c86b46f338a", "cue_id": "숭실대_161" }, "geometry": { "type": "Point", "coordinates": [ 126.9609300347567, 37.495517758815836 ] } },
{ "type": "Feature", "properties": { "종류": "회전", "text": "길이 크게 꺾이는 곳입니다.", "A점수": null, "node": null, "최대경사_pct": null, "길이_m": null, "학교": "숭실대", "합친_큐수": 1.0, "audio_key": "7c86b46f338a", "cue_id": "숭실대_162" }, "geometry": { "type": "Point", "coordinates": [ 126.959126067882238, 37.497265380154339 ] } },
{ "type": "Feature", "properties": { "종류": "회전", "text": "길이 크게 꺾이는 곳입니다.", "A점수": null, "node": null, "최대경사_pct": null, "길이_m": null, "학교": "숭실대", "합친_큐수": 1.0, "audio_key": "7c86b46f338a", "cue_id": "숭실대_163" }, "geometry": { "type": "Point", "coordinates": [ 126.955355074134602, 37.492294493581845 ] } },
{ "type": "Feature", "properties": { "종류": "회전", "text": "길이 크게 꺾이는 곳입니다.", "A점수": null, "node": null, "최대경사_pct": null, "길이_m": null, "학교": "숭실대", "합친_큐수": 1.0, "audio_key": "7c86b46f338a", "cue_id": "숭실대_164" }, "geometry": { "type": "Point", "coordinates": [ 126.955398752760999, 37.493141346209647 ] } },
{ "type": "Feature", "properties": { "종류": "회전", "text": "길이 크게 꺾이는 곳입니다.", "A점수": null, "node": null, "최대경사_pct": null, "길이_m": null, "학교": "숭실대", "합친_큐수": 1.0, "audio_key": "7c86b46f338a", "cue_id": "숭실대_165" }, "geometry": { "type": "Point", "coordinates": [ 126.955041849702212, 37.492084096247218 ] } },
{ "type": "Feature", "properties": { "종류": "회전", "text": "길이 크게 꺾이는 곳입니다.", "A점수": null, "node": null, "최대경사_pct": null, "길이_m": null, "학교": "숭실대", "합친_큐수": 2.0, "audio_key": "7c86b46f338a", "cue_id": "숭실대_166" }, "geometry": { "type": "Point", "coordinates": [ 126.952633565407098, 37.494400634980181 ] } },
{ "type": "Feature", "properties": { "종류": "회전", "text": "길이 크게 꺾이는 곳입니다.", "A점수": null, "node": null, "최대경사_pct": null, "길이_m": null, "학교": "숭실대", "합친_큐수": 1.0, "audio_key": "7c86b46f338a", "cue_id": "숭실대_167" }, "geometry": { "type": "Point", "coordinates": [ 126.954255406526542, 37.492374780738395 ] } },
{ "type": "Feature", "properties": { "종류": "회전", "text": "길이 크게 꺾이는 곳입니다.", "A점수": null, "node": null, "최대경사_pct": null, "길이_m": null, "학교": "숭실대", "합친_큐수": 1.0, "audio_key": "7c86b46f338a", "cue_id": "숭실대_168" }, "geometry": { "type": "Point", "coordinates": [ 126.95380758167957, 37.491820510648637 ] } },
{ "type": "Feature", "properties": { "종류": "회전", "text": "길이 크게 꺾이는 곳입니다.", "A점수": null, "node": null, "최대경사_pct": null, "길이_m": null, "학교": "숭실대", "합친_큐수": 1.0, "audio_key": "7c86b46f338a", "cue_id": "숭실대_169" }, "geometry": { "type": "Point", "coordinates": [ 126.953832366402551, 37.493078020173527 ] } },
{ "type": "Feature", "properties": { "종류": "회전", "text": "길이 크게 꺾이는 곳입니다.", "A점수": null, "node": null, "최대경사_pct": null, "길이_m": null, "학교": "숭실대", "합친_큐수": 1.0, "audio_key": "7c86b46f338a", "cue_id": "숭실대_170" }, "geometry": { "type": "Point", "coordinates": [ 126.953841578189838, 37.493288282085835 ] } },
{ "type": "Feature", "properties": { "종류": "회전", "text": "길이 크게 꺾이는 곳입니다.", "A점수": null, "node": null, "최대경사_pct": null, "길이_m": null, "학교": "숭실대", "합친_큐수": 1.0, "audio_key": "7c86b46f338a", "cue_id": "숭실대_171" }, "geometry": { "type": "Point", "coordinates": [ 126.955442705819209, 37.493606502800766 ] } },
{ "type": "Feature", "properties": { "종류": "회전", "text": "길이 크게 꺾이는 곳입니다.", "A점수": null, "node": null, "최대경사_pct": null, "길이_m": null, "학교": "숭실대", "합친_큐수": 1.0, "audio_key": "7c86b46f338a", "cue_id": "숭실대_172" }, "geometry": { "type": "Point", "coordinates": [ 126.954960133200316, 37.493517696088439 ] } },
{ "type": "Feature", "properties": { "종류": "회전", "text": "길이 크게 꺾이는 곳입니다.", "A점수": null, "node": null, "최대경사_pct": null, "길이_m": null, "학교": "숭실대", "합친_큐수": 1.0, "audio_key": "7c86b46f338a", "cue_id": "숭실대_173" }, "geometry": { "type": "Point", "coordinates": [ 126.949542821071176, 37.500144402656758 ] } },
{ "type": "Feature", "properties": { "종류": "회전", "text": "길이 크게 꺾이는 곳입니다.", "A점수": null, "node": null, "최대경사_pct": null, "길이_m": null, "학교": "숭실대", "합친_큐수": 1.0, "audio_key": "7c86b46f338a", "cue_id": "숭실대_174" }, "geometry": { "type": "Point", "coordinates": [ 126.954331526035929, 37.493424598082726 ] } },
{ "type": "Feature", "properties": { "종류": "회전", "text": "길이 크게 꺾이는 곳입니다.", "A점수": null, "node": null, "최대경사_pct": null, "길이_m": null, "학교": "숭실대", "합친_큐수": 2.0, "audio_key": "7c86b46f338a", "cue_id": "숭실대_175" }, "geometry": { "type": "Point", "coordinates": [ 126.950528541994117, 37.498548116486432 ] } },
{ "type": "Feature", "properties": { "종류": "회전", "text": "길이 크게 꺾이는 곳입니다.", "A점수": null, "node": null, "최대경사_pct": null, "길이_m": null, "학교": "숭실대", "합친_큐수": 2.0, "audio_key": "7c86b46f338a", "cue_id": "숭실대_176" }, "geometry": { "type": "Point", "coordinates": [ 126.950180679521097, 37.499070658134109 ] } },
{ "type": "Feature", "properties": { "종류": "회전", "text": "길이 크게 꺾이는 곳입니다.", "A점수": null, "node": null, "최대경사_pct": null, "길이_m": null, "학교": "숭실대", "합친_큐수": 1.0, "audio_key": "7c86b46f338a", "cue_id": "숭실대_177" }, "geometry": { "type": "Point", "coordinates": [ 126.953245390870507, 37.493801421292794 ] } },
{ "type": "Feature", "properties": { "종류": "회전", "text": "길이 크게 꺾이는 곳입니다.", "A점수": null, "node": null, "최대경사_pct": null, "길이_m": null, "학교": "숭실대", "합친_큐수": 1.0, "audio_key": "7c86b46f338a", "cue_id": "숭실대_178" }, "geometry": { "type": "Point", "coordinates": [ 126.953227160099615, 37.495048244423259 ] } },
{ "type": "Feature", "properties": { "종류": "회전", "text": "길이 크게 꺾이는 곳입니다.", "A점수": null, "node": null, "최대경사_pct": null, "길이_m": null, "학교": "숭실대", "합친_큐수": 1.0, "audio_key": "7c86b46f338a", "cue_id": "숭실대_179" }, "geometry": { "type": "Point", "coordinates": [ 126.957407916440133, 37.489985513420798 ] } },
{ "type": "Feature", "properties": { "종류": "회전", "text": "길이 크게 꺾이는 곳입니다.", "A점수": null, "node": null, "최대경사_pct": null, "길이_m": null, "학교": "숭실대", "합친_큐수": 1.0, "audio_key": "7c86b46f338a", "cue_id": "숭실대_180" }, "geometry": { "type": "Point", "coordinates": [ 126.958085159273992, 37.48951943363506 ] } },
{ "type": "Feature", "properties": { "종류": "회전", "text": "길이 크게 꺾이는 곳입니다.", "A점수": null, "node": null, "최대경사_pct": null, "길이_m": null, "학교": "숭실대", "합친_큐수": 1.0, "audio_key": "7c86b46f338a", "cue_id": "숭실대_181" }, "geometry": { "type": "Point", "coordinates": [ 126.957690690511114, 37.49076412440175 ] } },
{ "type": "Feature", "properties": { "종류": "회전", "text": "길이 크게 꺾이는 곳입니다.", "A점수": null, "node": null, "최대경사_pct": null, "길이_m": null, "학교": "숭실대", "합친_큐수": 1.0, "audio_key": "7c86b46f338a", "cue_id": "숭실대_182" }, "geometry": { "type": "Point", "coordinates": [ 126.951397950583896, 37.503997659630478 ] } },
{ "type": "Feature", "properties": { "종류": "회전", "text": "길이 크게 꺾이는 곳입니다.", "A점수": null, "node": null, "최대경사_pct": null, "길이_m": null, "학교": "숭실대", "합친_큐수": 1.0, "audio_key": "7c86b46f338a", "cue_id": "숭실대_183" }, "geometry": { "type": "Point", "coordinates": [ 126.950991696150439, 37.504061996066802 ] } },
{ "type": "Feature", "properties": { "종류": "회전", "text": "길이 크게 꺾이는 곳입니다.", "A점수": null, "node": null, "최대경사_pct": null, "길이_m": null, "학교": "숭실대", "합친_큐수": 1.0, "audio_key": "7c86b46f338a", "cue_id": "숭실대_184" }, "geometry": { "type": "Point", "coordinates": [ 126.950705394823018, 37.50340741515955 ] } },
{ "type": "Feature", "properties": { "종류": "회전", "text": "길이 크게 꺾이는 곳입니다.", "A점수": null, "node": null, "최대경사_pct": null, "길이_m": null, "학교": "숭실대", "합친_큐수": 1.0, "audio_key": "7c86b46f338a", "cue_id": "숭실대_185" }, "geometry": { "type": "Point", "coordinates": [ 126.950221542667975, 37.497889106024338 ] } },
{ "type": "Feature", "properties": { "종류": "회전", "text": "길이 크게 꺾이는 곳입니다.", "A점수": null, "node": null, "최대경사_pct": null, "길이_m": null, "학교": "숭실대", "합친_큐수": 2.0, "audio_key": "7c86b46f338a", "cue_id": "숭실대_186" }, "geometry": { "type": "Point", "coordinates": [ 126.950103223995598, 37.497472009898303 ] } },
{ "type": "Feature", "properties": { "종류": "회전", "text": "길이 크게 꺾이는 곳입니다.", "A점수": null, "node": null, "최대경사_pct": null, "길이_m": null, "학교": "숭실대", "합친_큐수": 1.0, "audio_key": "7c86b46f338a", "cue_id": "숭실대_187" }, "geometry": { "type": "Point", "coordinates": [ 126.965518279155333, 37.487738140282481 ] } },
{ "type": "Feature", "properties": { "종류": "회전", "text": "길이 크게 꺾이는 곳입니다.", "A점수": null, "node": null, "최대경사_pct": null, "길이_m": null, "학교": "숭실대", "합친_큐수": 2.0, "audio_key": "7c86b46f338a", "cue_id": "숭실대_188" }, "geometry": { "type": "Point", "coordinates": [ 126.965774387430187, 37.487692630869823 ] } },
{ "type": "Feature", "properties": { "종류": "회전", "text": "길이 크게 꺾이는 곳입니다.", "A점수": null, "node": null, "최대경사_pct": null, "길이_m": null, "학교": "숭실대", "합친_큐수": 1.0, "audio_key": "7c86b46f338a", "cue_id": "숭실대_189" }, "geometry": { "type": "Point", "coordinates": [ 126.962110998059757, 37.493676885846327 ] } },
{ "type": "Feature", "properties": { "종류": "회전", "text": "길이 크게 꺾이는 곳입니다.", "A점수": null, "node": null, "최대경사_pct": null, "길이_m": null, "학교": "숭실대", "합친_큐수": 1.0, "audio_key": "7c86b46f338a", "cue_id": "숭실대_190" }, "geometry": { "type": "Point", "coordinates": [ 126.964882938881232, 37.489763407088603 ] } },
{ "type": "Feature", "properties": { "종류": "회전", "text": "길이 크게 꺾이는 곳입니다.", "A점수": null, "node": null, "최대경사_pct": null, "길이_m": null, "학교": "숭실대", "합친_큐수": 1.0, "audio_key": "7c86b46f338a", "cue_id": "숭실대_191" }, "geometry": { "type": "Point", "coordinates": [ 126.96429375973031, 37.489809063836965 ] } },
{ "type": "Feature", "properties": { "종류": "회전", "text": "길이 크게 꺾이는 곳입니다.", "A점수": null, "node": null, "최대경사_pct": null, "길이_m": null, "학교": "숭실대", "합친_큐수": 1.0, "audio_key": "7c86b46f338a", "cue_id": "숭실대_192" }, "geometry": { "type": "Point", "coordinates": [ 126.949582539246393, 37.489956911311957 ] } },
{ "type": "Feature", "properties": { "종류": "회전", "text": "길이 크게 꺾이는 곳입니다.", "A점수": null, "node": null, "최대경사_pct": null, "길이_m": null, "학교": "숭실대", "합친_큐수": 1.0, "audio_key": "7c86b46f338a", "cue_id": "숭실대_193" }, "geometry": { "type": "Point", "coordinates": [ 126.951035784323707, 37.48919464892915 ] } },
{ "type": "Feature", "properties": { "종류": "회전", "text": "길이 크게 꺾이는 곳입니다.", "A점수": null, "node": null, "최대경사_pct": null, "길이_m": null, "학교": "숭실대", "합친_큐수": 2.0, "audio_key": "7c86b46f338a", "cue_id": "숭실대_194" }, "geometry": { "type": "Point", "coordinates": [ 126.949724396992195, 37.48905773803174 ] } },
{ "type": "Feature", "properties": { "종류": "회전", "text": "길이 크게 꺾이는 곳입니다.", "A점수": null, "node": null, "최대경사_pct": null, "길이_m": null, "학교": "숭실대", "합친_큐수": 1.0, "audio_key": "7c86b46f338a", "cue_id": "숭실대_195" }, "geometry": { "type": "Point", "coordinates": [ 126.949655993463864, 37.489239462872405 ] } },
{ "type": "Feature", "properties": { "종류": "회전", "text": "길이 크게 꺾이는 곳입니다.", "A점수": null, "node": null, "최대경사_pct": null, "길이_m": null, "학교": "숭실대", "합친_큐수": 2.0, "audio_key": "7c86b46f338a", "cue_id": "숭실대_196" }, "geometry": { "type": "Point", "coordinates": [ 126.951664399660956, 37.490286320973688 ] } },
{ "type": "Feature", "properties": { "종류": "회전", "text": "길이 크게 꺾이는 곳입니다.", "A점수": null, "node": null, "최대경사_pct": null, "길이_m": null, "학교": "숭실대", "합친_큐수": 1.0, "audio_key": "7c86b46f338a", "cue_id": "숭실대_197" }, "geometry": { "type": "Point", "coordinates": [ 126.949204664887858, 37.491419348104408 ] } },
{ "type": "Feature", "properties": { "종류": "회전", "text": "길이 크게 꺾이는 곳입니다.", "A점수": null, "node": null, "최대경사_pct": null, "길이_m": null, "학교": "숭실대", "합친_큐수": 3.0, "audio_key": "7c86b46f338a", "cue_id": "숭실대_198" }, "geometry": { "type": "Point", "coordinates": [ 126.952664636094312, 37.490063355689713 ] } },
{ "type": "Feature", "properties": { "종류": "회전", "text": "길이 크게 꺾이는 곳입니다.", "A점수": null, "node": null, "최대경사_pct": null, "길이_m": null, "학교": "숭실대", "합친_큐수": 1.0, "audio_key": "7c86b46f338a", "cue_id": "숭실대_199" }, "geometry": { "type": "Point", "coordinates": [ 126.958587471047991, 37.494986185980757 ] } },
{ "type": "Feature", "properties": { "종류": "회전", "text": "길이 크게 꺾이는 곳입니다.", "A점수": null, "node": null, "최대경사_pct": null, "길이_m": null, "학교": "숭실대", "합친_큐수": 1.0, "audio_key": "7c86b46f338a", "cue_id": "숭실대_200" }, "geometry": { "type": "Point", "coordinates": [ 126.95918662280063, 37.494899922495129 ] } },
{ "type": "Feature", "properties": { "종류": "회전", "text": "길이 크게 꺾이는 곳입니다.", "A점수": null, "node": null, "최대경사_pct": null, "길이_m": null, "학교": "숭실대", "합친_큐수": 2.0, "audio_key": "7c86b46f338a", "cue_id": "숭실대_201" }, "geometry": { "type": "Point", "coordinates": [ 126.959447796328973, 37.494542540601465 ] } },
{ "type": "Feature", "properties": { "종류": "회전", "text": "길이 크게 꺾이는 곳입니다.", "A점수": null, "node": null, "최대경사_pct": null, "길이_m": null, "학교": "숭실대", "합친_큐수": 2.0, "audio_key": "7c86b46f338a", "cue_id": "숭실대_202" }, "geometry": { "type": "Point", "coordinates": [ 126.959104907560047, 37.494347788798308 ] } },
{ "type": "Feature", "properties": { "종류": "회전", "text": "길이 크게 꺾이는 곳입니다.", "A점수": null, "node": null, "최대경사_pct": null, "길이_m": null, "학교": "숭실대", "합친_큐수": 1.0, "audio_key": "7c86b46f338a", "cue_id": "숭실대_203" }, "geometry": { "type": "Point", "coordinates": [ 126.947724200001318, 37.494243086227094 ] } },
{ "type": "Feature", "properties": { "종류": "회전", "text": "길이 크게 꺾이는 곳입니다.", "A점수": null, "node": null, "최대경사_pct": null, "길이_m": null, "학교": "숭실대", "합친_큐수": 1.0, "audio_key": "7c86b46f338a", "cue_id": "숭실대_204" }, "geometry": { "type": "Point", "coordinates": [ 126.949406512942844, 37.498362171209195 ] } },
{ "type": "Feature", "properties": { "종류": "회전", "text": "길이 크게 꺾이는 곳입니다.", "A점수": null, "node": null, "최대경사_pct": null, "길이_m": null, "학교": "숭실대", "합친_큐수": 1.0, "audio_key": "7c86b46f338a", "cue_id": "숭실대_205" }, "geometry": { "type": "Point", "coordinates": [ 126.949504642430711, 37.498174057927407 ] } },
{ "type": "Feature", "properties": { "종류": "회전", "text": "길이 크게 꺾이는 곳입니다.", "A점수": null, "node": null, "최대경사_pct": null, "길이_m": null, "학교": "숭실대", "합친_큐수": 1.0, "audio_key": "7c86b46f338a", "cue_id": "숭실대_206" }, "geometry": { "type": "Point", "coordinates": [ 126.950165933934173, 37.498682293410603 ] } },
{ "type": "Feature", "properties": { "종류": "회전", "text": "길이 크게 꺾이는 곳입니다.", "A점수": null, "node": null, "최대경사_pct": null, "길이_m": null, "학교": "숭실대", "합친_큐수": 1.0, "audio_key": "7c86b46f338a", "cue_id": "숭실대_207" }, "geometry": { "type": "Point", "coordinates": [ 126.949884907536642, 37.498448797584523 ] } },
{ "type": "Feature", "properties": { "종류": "회전", "text": "길이 크게 꺾이는 곳입니다.", "A점수": null, "node": null, "최대경사_pct": null, "길이_m": null, "학교": "숭실대", "합친_큐수": 1.0, "audio_key": "7c86b46f338a", "cue_id": "숭실대_208" }, "geometry": { "type": "Point", "coordinates": [ 126.949882161537587, 37.49284087381384 ] } },
{ "type": "Feature", "properties": { "종류": "회전", "text": "길이 크게 꺾이는 곳입니다.", "A점수": null, "node": null, "최대경사_pct": null, "길이_m": null, "학교": "숭실대", "합친_큐수": 1.0, "audio_key": "7c86b46f338a", "cue_id": "숭실대_209" }, "geometry": { "type": "Point", "coordinates": [ 126.949961521193316, 37.493195794871419 ] } },
{ "type": "Feature", "properties": { "종류": "회전", "text": "길이 크게 꺾이는 곳입니다.", "A점수": null, "node": null, "최대경사_pct": null, "길이_m": null, "학교": "숭실대", "합친_큐수": 1.0, "audio_key": "7c86b46f338a", "cue_id": "숭실대_210" }, "geometry": { "type": "Point", "coordinates": [ 126.966936583575389, 37.489360477342046 ] } },
{ "type": "Feature", "properties": { "종류": "회전", "text": "길이 크게 꺾이는 곳입니다.", "A점수": null, "node": null, "최대경사_pct": null, "길이_m": null, "학교": "숭실대", "합친_큐수": 1.0, "audio_key": "7c86b46f338a", "cue_id": "숭실대_211" }, "geometry": { "type": "Point", "coordinates": [ 126.96702986704075, 37.489485559665006 ] } },
{ "type": "Feature", "properties": { "종류": "회전", "text": "길이 크게 꺾이는 곳입니다.", "A점수": null, "node": null, "최대경사_pct": null, "길이_m": null, "학교": "숭실대", "합친_큐수": 1.0, "audio_key": "7c86b46f338a", "cue_id": "숭실대_212" }, "geometry": { "type": "Point", "coordinates": [ 126.965991556774256, 37.489649132436902 ] } },
{ "type": "Feature", "properties": { "종류": "회전", "text": "길이 크게 꺾이는 곳입니다.", "A점수": null, "node": null, "최대경사_pct": null, "길이_m": null, "학교": "숭실대", "합친_큐수": 1.0, "audio_key": "7c86b46f338a", "cue_id": "숭실대_213" }, "geometry": { "type": "Point", "coordinates": [ 126.967791908097198, 37.489602468620284 ] } },
{ "type": "Feature", "properties": { "종류": "회전", "text": "길이 크게 꺾이는 곳입니다.", "A점수": null, "node": null, "최대경사_pct": null, "길이_m": null, "학교": "숭실대", "합친_큐수": 2.0, "audio_key": "7c86b46f338a", "cue_id": "숭실대_214" }, "geometry": { "type": "Point", "coordinates": [ 126.967561696242271, 37.489617734452878 ] } },
{ "type": "Feature", "properties": { "종류": "회전", "text": "길이 크게 꺾이는 곳입니다.", "A점수": null, "node": null, "최대경사_pct": null, "길이_m": null, "학교": "숭실대", "합친_큐수": 1.0, "audio_key": "7c86b46f338a", "cue_id": "숭실대_215" }, "geometry": { "type": "Point", "coordinates": [ 126.967311635205661, 37.487995562194023 ] } },
{ "type": "Feature", "properties": { "종류": "회전", "text": "길이 크게 꺾이는 곳입니다.", "A점수": null, "node": null, "최대경사_pct": null, "길이_m": null, "학교": "숭실대", "합친_큐수": 1.0, "audio_key": "7c86b46f338a", "cue_id": "숭실대_216" }, "geometry": { "type": "Point", "coordinates": [ 126.951046895319564, 37.48875964060931 ] } },
{ "type": "Feature", "properties": { "종류": "회전", "text": "길이 크게 꺾이는 곳입니다.", "A점수": null, "node": null, "최대경사_pct": null, "길이_m": null, "학교": "숭실대", "합친_큐수": 1.0, "audio_key": "7c86b46f338a", "cue_id": "숭실대_217" }, "geometry": { "type": "Point", "coordinates": [ 126.967912940527981, 37.493156433974868 ] } },
{ "type": "Feature", "properties": { "종류": "회전", "text": "길이 크게 꺾이는 곳입니다.", "A점수": null, "node": null, "최대경사_pct": null, "길이_m": null, "학교": "숭실대", "합친_큐수": 1.0, "audio_key": "7c86b46f338a", "cue_id": "숭실대_218" }, "geometry": { "type": "Point", "coordinates": [ 126.96754353594315, 37.49297641052955 ] } },
{ "type": "Feature", "properties": { "종류": "회전", "text": "길이 크게 꺾이는 곳입니다.", "A점수": null, "node": null, "최대경사_pct": null, "길이_m": null, "학교": "숭실대", "합친_큐수": 1.0, "audio_key": "7c86b46f338a", "cue_id": "숭실대_219" }, "geometry": { "type": "Point", "coordinates": [ 126.952767409621188, 37.491654724615138 ] } },
{ "type": "Feature", "properties": { "종류": "회전", "text": "길이 크게 꺾이는 곳입니다.", "A점수": null, "node": null, "최대경사_pct": null, "길이_m": null, "학교": "숭실대", "합친_큐수": 1.0, "audio_key": "7c86b46f338a", "cue_id": "숭실대_220" }, "geometry": { "type": "Point", "coordinates": [ 126.952836449251393, 37.491249198647061 ] } },
{ "type": "Feature", "properties": { "종류": "회전", "text": "길이 크게 꺾이는 곳입니다.", "A점수": null, "node": null, "최대경사_pct": null, "길이_m": null, "학교": "숭실대", "합친_큐수": 1.0, "audio_key": "7c86b46f338a", "cue_id": "숭실대_221" }, "geometry": { "type": "Point", "coordinates": [ 126.950863864113984, 37.493213248360163 ] } },
{ "type": "Feature", "properties": { "종류": "회전", "text": "길이 크게 꺾이는 곳입니다.", "A점수": null, "node": null, "최대경사_pct": null, "길이_m": null, "학교": "숭실대", "합친_큐수": 1.0, "audio_key": "7c86b46f338a", "cue_id": "숭실대_222" }, "geometry": { "type": "Point", "coordinates": [ 126.9512473501659, 37.492973678426353 ] } },
{ "type": "Feature", "properties": { "종류": "회전", "text": "길이 크게 꺾이는 곳입니다.", "A점수": null, "node": null, "최대경사_pct": null, "길이_m": null, "학교": "숭실대", "합친_큐수": 1.0, "audio_key": "7c86b46f338a", "cue_id": "숭실대_223" }, "geometry": { "type": "Point", "coordinates": [ 126.951788703536195, 37.492463322210078 ] } },
{ "type": "Feature", "properties": { "종류": "회전", "text": "길이 크게 꺾이는 곳입니다.", "A점수": null, "node": null, "최대경사_pct": null, "길이_m": null, "학교": "숭실대", "합친_큐수": 1.0, "audio_key": "7c86b46f338a", "cue_id": "숭실대_224" }, "geometry": { "type": "Point", "coordinates": [ 126.962964759387788, 37.501754035496226 ] } },
{ "type": "Feature", "properties": { "종류": "회전", "text": "길이 크게 꺾이는 곳입니다.", "A점수": null, "node": null, "최대경사_pct": null, "길이_m": null, "학교": "숭실대", "합친_큐수": 1.0, "audio_key": "7c86b46f338a", "cue_id": "숭실대_225" }, "geometry": { "type": "Point", "coordinates": [ 126.96274082725941, 37.501510143508895 ] } },
{ "type": "Feature", "properties": { "종류": "회전", "text": "길이 크게 꺾이는 곳입니다.", "A점수": null, "node": null, "최대경사_pct": null, "길이_m": null, "학교": "숭실대", "합친_큐수": 1.0, "audio_key": "7c86b46f338a", "cue_id": "숭실대_226" }, "geometry": { "type": "Point", "coordinates": [ 126.961501040065599, 37.489400593357921 ] } },
{ "type": "Feature", "properties": { "종류": "회전", "text": "길이 크게 꺾이는 곳입니다.", "A점수": null, "node": null, "최대경사_pct": null, "길이_m": null, "학교": "숭실대", "합친_큐수": 1.0, "audio_key": "7c86b46f338a", "cue_id": "숭실대_227" }, "geometry": { "type": "Point", "coordinates": [ 126.961679895206487, 37.489524849579745 ] } },
{ "type": "Feature", "properties": { "종류": "회전", "text": "길이 크게 꺾이는 곳입니다.", "A점수": null, "node": null, "최대경사_pct": null, "길이_m": null, "학교": "숭실대", "합친_큐수": 1.0, "audio_key": "7c86b46f338a", "cue_id": "숭실대_228" }, "geometry": { "type": "Point", "coordinates": [ 126.961932946136315, 37.489682078361731 ] } },
{ "type": "Feature", "properties": { "종류": "회전", "text": "길이 크게 꺾이는 곳입니다.", "A점수": null, "node": null, "최대경사_pct": null, "길이_m": null, "학교": "숭실대", "합친_큐수": 1.0, "audio_key": "7c86b46f338a", "cue_id": "숭실대_229" }, "geometry": { "type": "Point", "coordinates": [ 126.96276865228252, 37.489975850654204 ] } },
{ "type": "Feature", "properties": { "종류": "회전", "text": "길이 크게 꺾이는 곳입니다.", "A점수": null, "node": null, "최대경사_pct": null, "길이_m": null, "학교": "숭실대", "합친_큐수": 2.0, "audio_key": "7c86b46f338a", "cue_id": "숭실대_230" }, "geometry": { "type": "Point", "coordinates": [ 126.961830395998476, 37.488935142253695 ] } },
{ "type": "Feature", "properties": { "종류": "회전", "text": "길이 크게 꺾이는 곳입니다.", "A점수": null, "node": null, "최대경사_pct": null, "길이_m": null, "학교": "숭실대", "합친_큐수": 1.0, "audio_key": "7c86b46f338a", "cue_id": "숭실대_231" }, "geometry": { "type": "Point", "coordinates": [ 126.963685604600656, 37.490466907812284 ] } },
{ "type": "Feature", "properties": { "종류": "회전", "text": "길이 크게 꺾이는 곳입니다.", "A점수": null, "node": null, "최대경사_pct": null, "길이_m": null, "학교": "숭실대", "합친_큐수": 1.0, "audio_key": "7c86b46f338a", "cue_id": "숭실대_232" }, "geometry": { "type": "Point", "coordinates": [ 126.962821395085115, 37.492094398626676 ] } },
{ "type": "Feature", "properties": { "종류": "회전", "text": "길이 크게 꺾이는 곳입니다.", "A점수": null, "node": null, "최대경사_pct": null, "길이_m": null, "학교": "숭실대", "합친_큐수": 1.0, "audio_key": "7c86b46f338a", "cue_id": "숭실대_233" }, "geometry": { "type": "Point", "coordinates": [ 126.951210537879518, 37.50142322356853 ] } },
{ "type": "Feature", "properties": { "종류": "회전", "text": "길이 크게 꺾이는 곳입니다.", "A점수": null, "node": null, "최대경사_pct": null, "길이_m": null, "학교": "숭실대", "합친_큐수": 1.0, "audio_key": "7c86b46f338a", "cue_id": "숭실대_234" }, "geometry": { "type": "Point", "coordinates": [ 126.951507667698749, 37.50152012096931 ] } },
{ "type": "Feature", "properties": { "종류": "회전", "text": "길이 크게 꺾이는 곳입니다.", "A점수": null, "node": null, "최대경사_pct": null, "길이_m": null, "학교": "숭실대", "합친_큐수": 1.0, "audio_key": "7c86b46f338a", "cue_id": "숭실대_235" }, "geometry": { "type": "Point", "coordinates": [ 126.951010020828022, 37.501606527508024 ] } },
{ "type": "Feature", "properties": { "종류": "회전", "text": "길이 크게 꺾이는 곳입니다.", "A점수": null, "node": null, "최대경사_pct": null, "길이_m": null, "학교": "숭실대", "합친_큐수": 1.0, "audio_key": "7c86b46f338a", "cue_id": "숭실대_236" }, "geometry": { "type": "Point", "coordinates": [ 126.951348459201796, 37.501738997016069 ] } },
{ "type": "Feature", "properties": { "종류": "회전", "text": "길이 크게 꺾이는 곳입니다.", "A점수": null, "node": null, "최대경사_pct": null, "길이_m": null, "학교": "숭실대", "합친_큐수": 2.0, "audio_key": "7c86b46f338a", "cue_id": "숭실대_237" }, "geometry": { "type": "Point", "coordinates": [ 126.948859701638995, 37.503139310956492 ] } },
{ "type": "Feature", "properties": { "종류": "회전", "text": "길이 크게 꺾이는 곳입니다.", "A점수": null, "node": null, "최대경사_pct": null, "길이_m": null, "학교": "숭실대", "합친_큐수": 1.0, "audio_key": "7c86b46f338a", "cue_id": "숭실대_238" }, "geometry": { "type": "Point", "coordinates": [ 126.949196130738798, 37.5033691682331 ] } },
{ "type": "Feature", "properties": { "종류": "회전", "text": "길이 크게 꺾이는 곳입니다.", "A점수": null, "node": null, "최대경사_pct": null, "길이_m": null, "학교": "숭실대", "합친_큐수": 1.0, "audio_key": "7c86b46f338a", "cue_id": "숭실대_239" }, "geometry": { "type": "Point", "coordinates": [ 126.95287627399496, 37.503620121175558 ] } },
{ "type": "Feature", "properties": { "종류": "회전", "text": "길이 크게 꺾이는 곳입니다.", "A점수": null, "node": null, "최대경사_pct": null, "길이_m": null, "학교": "숭실대", "합친_큐수": 1.0, "audio_key": "7c86b46f338a", "cue_id": "숭실대_240" }, "geometry": { "type": "Point", "coordinates": [ 126.948036548145666, 37.501194295751603 ] } },
{ "type": "Feature", "properties": { "종류": "회전", "text": "길이 크게 꺾이는 곳입니다.", "A점수": null, "node": null, "최대경사_pct": null, "길이_m": null, "학교": "숭실대", "합친_큐수": 1.0, "audio_key": "7c86b46f338a", "cue_id": "숭실대_241" }, "geometry": { "type": "Point", "coordinates": [ 126.947512334813709, 37.501658187327557 ] } },
{ "type": "Feature", "properties": { "종류": "회전", "text": "길이 크게 꺾이는 곳입니다.", "A점수": null, "node": null, "최대경사_pct": null, "길이_m": null, "학교": "숭실대", "합친_큐수": 1.0, "audio_key": "7c86b46f338a", "cue_id": "숭실대_242" }, "geometry": { "type": "Point", "coordinates": [ 126.948159086655295, 37.501306087011294 ] } },
{ "type": "Feature", "properties": { "종류": "회전", "text": "길이 크게 꺾이는 곳입니다.", "A점수": null, "node": null, "최대경사_pct": null, "길이_m": null, "학교": "숭실대", "합친_큐수": 1.0, "audio_key": "7c86b46f338a", "cue_id": "숭실대_243" }, "geometry": { "type": "Point", "coordinates": [ 126.963637215412447, 37.50125064640001 ] } },
{ "type": "Feature", "properties": { "종류": "회전", "text": "길이 크게 꺾이는 곳입니다.", "A점수": null, "node": null, "최대경사_pct": null, "길이_m": null, "학교": "숭실대", "합친_큐수": 1.0, "audio_key": "7c86b46f338a", "cue_id": "숭실대_244" }, "geometry": { "type": "Point", "coordinates": [ 126.962903036891632, 37.501189903551953 ] } },
{ "type": "Feature", "properties": { "종류": "회전", "text": "길이 크게 꺾이는 곳입니다.", "A점수": null, "node": null, "최대경사_pct": null, "길이_m": null, "학교": "숭실대", "합친_큐수": 1.0, "audio_key": "7c86b46f338a", "cue_id": "숭실대_245" }, "geometry": { "type": "Point", "coordinates": [ 126.963459586412867, 37.501053425848603 ] } },
{ "type": "Feature", "properties": { "종류": "회전", "text": "길이 크게 꺾이는 곳입니다.", "A점수": null, "node": null, "최대경사_pct": null, "길이_m": null, "학교": "숭실대", "합친_큐수": 2.0, "audio_key": "7c86b46f338a", "cue_id": "숭실대_246" }, "geometry": { "type": "Point", "coordinates": [ 126.960525279103706, 37.497635307330562 ] } },
{ "type": "Feature", "properties": { "종류": "회전", "text": "길이 크게 꺾이는 곳입니다.", "A점수": null, "node": null, "최대경사_pct": null, "길이_m": null, "학교": "숭실대", "합친_큐수": 1.0, "audio_key": "7c86b46f338a", "cue_id": "숭실대_247" }, "geometry": { "type": "Point", "coordinates": [ 126.960193728215131, 37.497355842375981 ] } },
{ "type": "Feature", "properties": { "종류": "회전", "text": "길이 크게 꺾이는 곳입니다.", "A점수": null, "node": null, "최대경사_pct": null, "길이_m": null, "학교": "숭실대", "합친_큐수": 1.0, "audio_key": "7c86b46f338a", "cue_id": "숭실대_248" }, "geometry": { "type": "Point", "coordinates": [ 126.960880765031035, 37.496375392261982 ] } },
{ "type": "Feature", "properties": { "종류": "회전", "text": "길이 크게 꺾이는 곳입니다.", "A점수": null, "node": null, "최대경사_pct": null, "길이_m": null, "학교": "숭실대", "합친_큐수": 1.0, "audio_key": "7c86b46f338a", "cue_id": "숭실대_249" }, "geometry": { "type": "Point", "coordinates": [ 126.961495137547203, 37.496120169820202 ] } },
{ "type": "Feature", "properties": { "종류": "회전", "text": "길이 크게 꺾이는 곳입니다.", "A점수": null, "node": null, "최대경사_pct": null, "길이_m": null, "학교": "숭실대", "합친_큐수": 1.0, "audio_key": "7c86b46f338a", "cue_id": "숭실대_250" }, "geometry": { "type": "Point", "coordinates": [ 126.961822884142549, 37.495689097039715 ] } },
{ "type": "Feature", "properties": { "종류": "회전", "text": "길이 크게 꺾이는 곳입니다.", "A점수": null, "node": null, "최대경사_pct": null, "길이_m": null, "학교": "숭실대", "합친_큐수": 1.0, "audio_key": "7c86b46f338a", "cue_id": "숭실대_251" }, "geometry": { "type": "Point", "coordinates": [ 126.96209040341617, 37.495673840223006 ] } },
{ "type": "Feature", "properties": { "종류": "회전", "text": "길이 크게 꺾이는 곳입니다.", "A점수": null, "node": null, "최대경사_pct": null, "길이_m": null, "학교": "숭실대", "합친_큐수": 1.0, "audio_key": "7c86b46f338a", "cue_id": "숭실대_252" }, "geometry": { "type": "Point", "coordinates": [ 126.962235696187818, 37.495498085175015 ] } },
{ "type": "Feature", "properties": { "종류": "회전", "text": "길이 크게 꺾이는 곳입니다.", "A점수": null, "node": null, "최대경사_pct": null, "길이_m": null, "학교": "숭실대", "합친_큐수": 1.0, "audio_key": "7c86b46f338a", "cue_id": "숭실대_253" }, "geometry": { "type": "Point", "coordinates": [ 126.962384534840169, 37.496522020198981 ] } },
{ "type": "Feature", "properties": { "종류": "회전", "text": "길이 크게 꺾이는 곳입니다.", "A점수": null, "node": null, "최대경사_pct": null, "길이_m": null, "학교": "숭실대", "합친_큐수": 1.0, "audio_key": "7c86b46f338a", "cue_id": "숭실대_254" }, "geometry": { "type": "Point", "coordinates": [ 126.961260160095392, 37.497097441521731 ] } },
{ "type": "Feature", "properties": { "종류": "회전", "text": "길이 크게 꺾이는 곳입니다.", "A점수": null, "node": null, "최대경사_pct": null, "길이_m": null, "학교": "숭실대", "합친_큐수": 1.0, "audio_key": "7c86b46f338a", "cue_id": "숭실대_255" }, "geometry": { "type": "Point", "coordinates": [ 126.961674552273195, 37.49709934561222 ] } },
{ "type": "Feature", "properties": { "종류": "회전", "text": "길이 크게 꺾이는 곳입니다.", "A점수": null, "node": null, "최대경사_pct": null, "길이_m": null, "학교": "숭실대", "합친_큐수": 1.0, "audio_key": "7c86b46f338a", "cue_id": "숭실대_256" }, "geometry": { "type": "Point", "coordinates": [ 126.962145314579118, 37.497899576301585 ] } },
{ "type": "Feature", "properties": { "종류": "회전", "text": "길이 크게 꺾이는 곳입니다.", "A점수": null, "node": null, "최대경사_pct": null, "길이_m": null, "학교": "숭실대", "합친_큐수": 2.0, "audio_key": "7c86b46f338a", "cue_id": "숭실대_257" }, "geometry": { "type": "Point", "coordinates": [ 126.950792295235459, 37.49287544335229 ] } },
{ "type": "Feature", "properties": { "종류": "회전", "text": "길이 크게 꺾이는 곳입니다.", "A점수": null, "node": null, "최대경사_pct": null, "길이_m": null, "학교": "숭실대", "합친_큐수": 1.0, "audio_key": "7c86b46f338a", "cue_id": "숭실대_258" }, "geometry": { "type": "Point", "coordinates": [ 126.968140534414985, 37.495820350241701 ] } },
{ "type": "Feature", "properties": { "종류": "회전", "text": "길이 크게 꺾이는 곳입니다.", "A점수": null, "node": null, "최대경사_pct": null, "길이_m": null, "학교": "숭실대", "합친_큐수": 1.0, "audio_key": "7c86b46f338a", "cue_id": "숭실대_259" }, "geometry": { "type": "Point", "coordinates": [ 126.950226420308127, 37.488569023582059 ] } },
{ "type": "Feature", "properties": { "종류": "회전", "text": "길이 크게 꺾이는 곳입니다.", "A점수": null, "node": null, "최대경사_pct": null, "길이_m": null, "학교": "숭실대", "합친_큐수": 1.0, "audio_key": "7c86b46f338a", "cue_id": "숭실대_260" }, "geometry": { "type": "Point", "coordinates": [ 126.950564794588928, 37.487901880363928 ] } },
{ "type": "Feature", "properties": { "종류": "회전", "text": "길이 크게 꺾이는 곳입니다.", "A점수": null, "node": null, "최대경사_pct": null, "길이_m": null, "학교": "숭실대", "합친_큐수": 1.0, "audio_key": "7c86b46f338a", "cue_id": "숭실대_261" }, "geometry": { "type": "Point", "coordinates": [ 126.959588841752435, 37.492745413710132 ] } },
{ "type": "Feature", "properties": { "종류": "회전", "text": "길이 크게 꺾이는 곳입니다.", "A점수": null, "node": null, "최대경사_pct": null, "길이_m": null, "학교": "숭실대", "합친_큐수": 1.0, "audio_key": "7c86b46f338a", "cue_id": "숭실대_262" }, "geometry": { "type": "Point", "coordinates": [ 126.959085544924847, 37.492944468310419 ] } },
{ "type": "Feature", "properties": { "종류": "회전", "text": "길이 크게 꺾이는 곳입니다.", "A점수": null, "node": null, "최대경사_pct": null, "길이_m": null, "학교": "숭실대", "합친_큐수": 1.0, "audio_key": "7c86b46f338a", "cue_id": "숭실대_263" }, "geometry": { "type": "Point", "coordinates": [ 126.960491387944515, 37.492999666623803 ] } },
{ "type": "Feature", "properties": { "종류": "회전", "text": "길이 크게 꺾이는 곳입니다.", "A점수": null, "node": null, "최대경사_pct": null, "길이_m": null, "학교": "숭실대", "합친_큐수": 1.0, "audio_key": "7c86b46f338a", "cue_id": "숭실대_264" }, "geometry": { "type": "Point", "coordinates": [ 126.960591355441139, 37.493120025256516 ] } },
{ "type": "Feature", "properties": { "종류": "회전", "text": "길이 크게 꺾이는 곳입니다.", "A점수": null, "node": null, "최대경사_pct": null, "길이_m": null, "학교": "숭실대", "합친_큐수": 1.0, "audio_key": "7c86b46f338a", "cue_id": "숭실대_265" }, "geometry": { "type": "Point", "coordinates": [ 126.960288025861857, 37.493257402355326 ] } },
{ "type": "Feature", "properties": { "종류": "회전", "text": "길이 크게 꺾이는 곳입니다.", "A점수": null, "node": null, "최대경사_pct": null, "길이_m": null, "학교": "숭실대", "합친_큐수": 1.0, "audio_key": "7c86b46f338a", "cue_id": "숭실대_266" }, "geometry": { "type": "Point", "coordinates": [ 126.959052288201875, 37.498859689469519 ] } },
{ "type": "Feature", "properties": { "종류": "회전", "text": "길이 크게 꺾이는 곳입니다.", "A점수": null, "node": null, "최대경사_pct": null, "길이_m": null, "학교": "숭실대", "합친_큐수": 1.0, "audio_key": "7c86b46f338a", "cue_id": "숭실대_267" }, "geometry": { "type": "Point", "coordinates": [ 126.948738485522554, 37.499216783229699 ] } },
{ "type": "Feature", "properties": { "종류": "회전", "text": "길이 크게 꺾이는 곳입니다.", "A점수": null, "node": null, "최대경사_pct": null, "길이_m": null, "학교": "숭실대", "합친_큐수": 1.0, "audio_key": "7c86b46f338a", "cue_id": "숭실대_268" }, "geometry": { "type": "Point", "coordinates": [ 126.948590881030782, 37.499292936745555 ] } },
{ "type": "Feature", "properties": { "종류": "회전", "text": "길이 크게 꺾이는 곳입니다.", "A점수": null, "node": null, "최대경사_pct": null, "길이_m": null, "학교": "숭실대", "합친_큐수": 1.0, "audio_key": "7c86b46f338a", "cue_id": "숭실대_269" }, "geometry": { "type": "Point", "coordinates": [ 126.948054717709951, 37.499132213398234 ] } },
{ "type": "Feature", "properties": { "종류": "회전", "text": "길이 크게 꺾이는 곳입니다.", "A점수": null, "node": null, "최대경사_pct": null, "길이_m": null, "학교": "숭실대", "합친_큐수": 1.0, "audio_key": "7c86b46f338a", "cue_id": "숭실대_270" }, "geometry": { "type": "Point", "coordinates": [ 126.947732094067945, 37.499818150525499 ] } },
{ "type": "Feature", "properties": { "종류": "회전", "text": "길이 크게 꺾이는 곳입니다.", "A점수": null, "node": null, "최대경사_pct": null, "길이_m": null, "학교": "숭실대", "합친_큐수": 1.0, "audio_key": "7c86b46f338a", "cue_id": "숭실대_271" }, "geometry": { "type": "Point", "coordinates": [ 126.948598694161191, 37.49610189278237 ] } },
{ "type": "Feature", "properties": { "종류": "회전", "text": "길이 크게 꺾이는 곳입니다.", "A점수": null, "node": null, "최대경사_pct": null, "길이_m": null, "학교": "숭실대", "합친_큐수": 1.0, "audio_key": "7c86b46f338a", "cue_id": "숭실대_272" }, "geometry": { "type": "Point", "coordinates": [ 126.948876985362233, 37.494833389788894 ] } },
{ "type": "Feature", "properties": { "종류": "회전", "text": "길이 크게 꺾이는 곳입니다.", "A점수": null, "node": null, "최대경사_pct": null, "길이_m": null, "학교": "숭실대", "합친_큐수": 1.0, "audio_key": "7c86b46f338a", "cue_id": "숭실대_273" }, "geometry": { "type": "Point", "coordinates": [ 126.948767427250218, 37.494692380689379 ] } },
{ "type": "Feature", "properties": { "종류": "회전", "text": "길이 크게 꺾이는 곳입니다.", "A점수": null, "node": null, "최대경사_pct": null, "길이_m": null, "학교": "숭실대", "합친_큐수": 1.0, "audio_key": "7c86b46f338a", "cue_id": "숭실대_274" }, "geometry": { "type": "Point", "coordinates": [ 126.949110964725705, 37.496345301819545 ] } },
{ "type": "Feature", "properties": { "종류": "회전", "text": "길이 크게 꺾이는 곳입니다.", "A점수": null, "node": null, "최대경사_pct": null, "길이_m": null, "학교": "숭실대", "합친_큐수": 1.0, "audio_key": "7c86b46f338a", "cue_id": "숭실대_275" }, "geometry": { "type": "Point", "coordinates": [ 126.949297927357946, 37.496800498892142 ] } },
{ "type": "Feature", "properties": { "종류": "회전", "text": "길이 크게 꺾이는 곳입니다.", "A점수": null, "node": null, "최대경사_pct": null, "길이_m": null, "학교": "숭실대", "합친_큐수": 1.0, "audio_key": "7c86b46f338a", "cue_id": "숭실대_276" }, "geometry": { "type": "Point", "coordinates": [ 126.949429403873594, 37.497784601858775 ] } },
{ "type": "Feature", "properties": { "종류": "회전", "text": "길이 크게 꺾이는 곳입니다.", "A점수": null, "node": null, "최대경사_pct": null, "길이_m": null, "학교": "숭실대", "합친_큐수": 1.0, "audio_key": "7c86b46f338a", "cue_id": "숭실대_277" }, "geometry": { "type": "Point", "coordinates": [ 126.951688965020793, 37.495088917207489 ] } },
{ "type": "Feature", "properties": { "종류": "회전", "text": "길이 크게 꺾이는 곳입니다.", "A점수": null, "node": null, "최대경사_pct": null, "길이_m": null, "학교": "숭실대", "합친_큐수": 1.0, "audio_key": "7c86b46f338a", "cue_id": "숭실대_278" }, "geometry": { "type": "Point", "coordinates": [ 126.951643149196642, 37.495386072032673 ] } },
{ "type": "Feature", "properties": { "종류": "회전", "text": "길이 크게 꺾이는 곳입니다.", "A점수": null, "node": null, "최대경사_pct": null, "길이_m": null, "학교": "숭실대", "합친_큐수": 1.0, "audio_key": "7c86b46f338a", "cue_id": "숭실대_279" }, "geometry": { "type": "Point", "coordinates": [ 126.951171690286657, 37.495541967559291 ] } },
{ "type": "Feature", "properties": { "종류": "회전", "text": "길이 크게 꺾이는 곳입니다.", "A점수": null, "node": null, "최대경사_pct": null, "길이_m": null, "학교": "숭실대", "합친_큐수": 1.0, "audio_key": "7c86b46f338a", "cue_id": "숭실대_280" }, "geometry": { "type": "Point", "coordinates": [ 126.952478523691269, 37.494330294655455 ] } },
{ "type": "Feature", "properties": { "종류": "회전", "text": "길이 크게 꺾이는 곳입니다.", "A점수": null, "node": null, "최대경사_pct": null, "길이_m": null, "학교": "숭실대", "합친_큐수": 1.0, "audio_key": "7c86b46f338a", "cue_id": "숭실대_281" }, "geometry": { "type": "Point", "coordinates": [ 126.950393994570817, 37.494684496776877 ] } },
{ "type": "Feature", "properties": { "종류": "회전", "text": "길이 크게 꺾이는 곳입니다.", "A점수": null, "node": null, "최대경사_pct": null, "길이_m": null, "학교": "숭실대", "합친_큐수": 1.0, "audio_key": "7c86b46f338a", "cue_id": "숭실대_282" }, "geometry": { "type": "Point", "coordinates": [ 126.950078492724018, 37.494780611507693 ] } },
{ "type": "Feature", "properties": { "종류": "회전", "text": "길이 크게 꺾이는 곳입니다.", "A점수": null, "node": null, "최대경사_pct": null, "길이_m": null, "학교": "숭실대", "합친_큐수": 1.0, "audio_key": "7c86b46f338a", "cue_id": "숭실대_283" }, "geometry": { "type": "Point", "coordinates": [ 126.949831137593634, 37.494369280071055 ] } },
{ "type": "Feature", "properties": { "종류": "회전", "text": "길이 크게 꺾이는 곳입니다.", "A점수": null, "node": null, "최대경사_pct": null, "길이_m": null, "학교": "숭실대", "합친_큐수": 1.0, "audio_key": "7c86b46f338a", "cue_id": "숭실대_284" }, "geometry": { "type": "Point", "coordinates": [ 126.953364236354915, 37.493241627674415 ] } },
{ "type": "Feature", "properties": { "종류": "회전", "text": "길이 크게 꺾이는 곳입니다.", "A점수": null, "node": null, "최대경사_pct": null, "길이_m": null, "학교": "숭실대", "합친_큐수": 1.0, "audio_key": "7c86b46f338a", "cue_id": "숭실대_285" }, "geometry": { "type": "Point", "coordinates": [ 126.954874829543854, 37.490640209496569 ] } },
{ "type": "Feature", "properties": { "종류": "회전", "text": "길이 크게 꺾이는 곳입니다.", "A점수": null, "node": null, "최대경사_pct": null, "길이_m": null, "학교": "숭실대", "합친_큐수": 1.0, "audio_key": "7c86b46f338a", "cue_id": "숭실대_286" }, "geometry": { "type": "Point", "coordinates": [ 126.954370383266095, 37.490500687126726 ] } },
{ "type": "Feature", "properties": { "종류": "회전", "text": "길이 크게 꺾이는 곳입니다.", "A점수": null, "node": null, "최대경사_pct": null, "길이_m": null, "학교": "숭실대", "합친_큐수": 1.0, "audio_key": "7c86b46f338a", "cue_id": "숭실대_287" }, "geometry": { "type": "Point", "coordinates": [ 126.948724508156445, 37.499664908281694 ] } },
{ "type": "Feature", "properties": { "종류": "회전", "text": "길이 크게 꺾이는 곳입니다.", "A점수": null, "node": null, "최대경사_pct": null, "길이_m": null, "학교": "숭실대", "합친_큐수": 1.0, "audio_key": "7c86b46f338a", "cue_id": "숭실대_288" }, "geometry": { "type": "Point", "coordinates": [ 126.961915327129574, 37.503964896745089 ] } },
{ "type": "Feature", "properties": { "종류": "회전", "text": "길이 크게 꺾이는 곳입니다.", "A점수": null, "node": null, "최대경사_pct": null, "길이_m": null, "학교": "숭실대", "합친_큐수": 2.0, "audio_key": "7c86b46f338a", "cue_id": "숭실대_289" }, "geometry": { "type": "Point", "coordinates": [ 126.961776045970197, 37.503733747884439 ] } },
{ "type": "Feature", "properties": { "종류": "회전", "text": "길이 크게 꺾이는 곳입니다.", "A점수": null, "node": null, "최대경사_pct": null, "길이_m": null, "학교": "숭실대", "합친_큐수": 2.0, "audio_key": "7c86b46f338a", "cue_id": "숭실대_290" }, "geometry": { "type": "Point", "coordinates": [ 126.961856719593627, 37.503577430684878 ] } },
{ "type": "Feature", "properties": { "종류": "경사", "text": "경사가 매우 가파른 구간입니다.", "A점수": null, "node": null, "최대경사_pct": 24.5, "길이_m": 63.8, "학교": "숭실대", "합친_큐수": null, "audio_key": "1d39e98c4963", "cue_id": "숭실대_291" }, "geometry": { "type": "LineString", "coordinates": [ [ 126.9471531, 37.4975289 ], [ 126.947369099999989, 37.497528100000018 ], [ 126.947370500000019, 37.497760300000017 ], [ 126.9473238, 37.4977604 ], [ 126.9471566, 37.4977598 ] ] } },
{ "type": "Feature", "properties": { "종류": "경사", "text": "경사가 가파른 구간입니다.", "A점수": null, "node": null, "최대경사_pct": 18.7, "길이_m": 119.1, "학교": "숭실대", "합친_큐수": null, "audio_key": "b3aa4ebe5791", "cue_id": "숭실대_292" }, "geometry": { "type": "LineString", "coordinates": [ [ 126.9486572, 37.5004974 ], [ 126.949048600000012, 37.5006997 ], [ 126.949212499999987, 37.5007844 ], [ 126.9487898, 37.5012141 ] ] } },
{ "type": "Feature", "properties": { "종류": "경사", "text": "경사가 매우 가파른 구간입니다.", "A점수": null, "node": null, "최대경사_pct": 30.6, "길이_m": 22.0, "학교": "숭실대", "합친_큐수": null, "audio_key": "1d39e98c4963", "cue_id": "숭실대_293" }, "geometry": { "type": "LineString", "coordinates": [ [ 126.9483928, 37.4945265 ], [ 126.948414600000021, 37.494561100000027 ], [ 126.948505, 37.4947039 ] ] } },
{ "type": "Feature", "properties": { "종류": "경사", "text": "경사가 가파른 구간입니다.", "A점수": null, "node": null, "최대경사_pct": 14.8, "길이_m": 337.1, "학교": "숭실대", "합친_큐수": null, "audio_key": "b3aa4ebe5791", "cue_id": "숭실대_294" }, "geometry": { "type": "LineString", "coordinates": [ [ 126.949263400000021, 37.4968355 ], [ 126.94929070000002, 37.4968039 ], [ 126.949331500000014, 37.4967847 ], [ 126.9493797, 37.4967835 ], [ 126.94945060000002, 37.496803 ], [ 126.949534600000021, 37.4968573 ], [ 126.949806, 37.4968503 ], [ 126.949846199999982, 37.496838 ], [ 126.9492938, 37.4959644 ], [ 126.9492477, 37.495858 ], [ 126.9490653, 37.4955294 ], [ 126.9490514, 37.4954136 ], [ 126.94903960000002, 37.495347300000013 ], [ 126.9490546, 37.49518470000001 ], [ 126.9490691, 37.4948389 ], [ 126.9491705, 37.4944637 ] ] } },
{ "type": "Feature", "properties": { "종류": "경사", "text": "경사가 급할 수 있는 구간입니다.", "A점수": null, "node": null, "최대경사_pct": 8.4, "길이_m": 272.7, "학교": "숭실대", "합친_큐수": null, "audio_key": "9310d8dd910c", "cue_id": "숭실대_295" }, "geometry": { "type": "LineString", "coordinates": [ [ 126.9515374, 37.4949684 ], [ 126.951573699999983, 37.4949892 ], [ 126.9516938, 37.495093100000027 ], [ 126.9517088, 37.495126300000017 ], [ 126.9517024, 37.4951663 ], [ 126.9516455, 37.4953834 ], [ 126.9516133, 37.49542 ], [ 126.95118309999998, 37.49553490000001 ], [ 126.9511337, 37.4955655 ], [ 126.9511187, 37.4956217 ], [ 126.951487, 37.4966025 ], [ 126.9514879, 37.496632400000024 ], [ 126.9513529, 37.4970334 ] ] } },
{ "type": "Feature", "properties": { "종류": "경사", "text": "경사가 급할 수 있는 구간입니다.", "A점수": null, "node": null, "최대경사_pct": 10.3, "길이_m": 8.8, "학교": "숭실대", "합친_큐수": null, "audio_key": "9310d8dd910c", "cue_id": "숭실대_296" }, "geometry": { "type": "LineString", "coordinates": [ [ 126.9515127, 37.4948317 ], [ 126.951543900000019, 37.4949067 ] ] } },
{ "type": "Feature", "properties": { "종류": "경사", "text": "경사가 가파른 구간입니다.", "A점수": null, "node": null, "최대경사_pct": 14.6, "길이_m": 116.6, "학교": "숭실대", "합친_큐수": null, "audio_key": "b3aa4ebe5791", "cue_id": "숭실대_297" }, "geometry": { "type": "LineString", "coordinates": [ [ 126.9510289, 37.495507100000012 ], [ 126.950877299999988, 37.4951227 ], [ 126.9506797, 37.4946216 ], [ 126.950633700000012, 37.49450490000001 ] ] } },
{ "type": "Feature", "properties": { "종류": "경사", "text": "경사가 매우 가파른 구간입니다.", "A점수": null, "node": null, "최대경사_pct": 24.5, "길이_m": 215.5, "학교": "숭실대", "합친_큐수": null, "audio_key": "1d39e98c4963", "cue_id": "숭실대_298" }, "geometry": { "type": "MultiLineString", "coordinates": [ [ [ 126.9537334, 37.4935635 ], [ 126.9537468, 37.4936851 ], [ 126.9537619, 37.4937201 ] ], [ [ 126.953795, 37.494034 ], [ 126.9537619, 37.4937201 ] ], [ [ 126.9537619, 37.4937201 ], [ 126.954173600000018, 37.4937015 ], [ 126.9541705, 37.4938111 ], [ 126.9541756, 37.4938992 ], [ 126.9541906, 37.4940669 ], [ 126.954225, 37.49426780000001 ], [ 126.9542401, 37.4944369 ], [ 126.9542662, 37.4948374 ] ] ] } },
{ "type": "Feature", "properties": { "종류": "경사", "text": "경사가 매우 가파른 구간입니다.", "A점수": null, "node": null, "최대경사_pct": 35.5, "길이_m": 3490.5, "학교": "숭실대", "합친_큐수": null, "audio_key": "1d39e98c4963", "cue_id": "숭실대_299" }, "geometry": { "type": "MultiLineString", "coordinates": [ [ [ 126.947512500000016, 37.4957464 ], [ 126.9475253, 37.49577870000001 ], [ 126.9477595, 37.495874 ], [ 126.9482401, 37.4968053 ], [ 126.948237, 37.49704 ], [ 126.9480306, 37.4975142 ], [ 126.9480539, 37.4976951 ], [ 126.9480614, 37.497753800000027 ], [ 126.948151, 37.4979849 ], [ 126.9480696, 37.4980015 ], [ 126.9479715, 37.4980352 ], [ 126.947851, 37.4981242 ], [ 126.9477821, 37.4982114 ], [ 126.9477418, 37.4982344 ], [ 126.9476732, 37.498242 ], [ 126.9476115, 37.4982218 ], [ 126.9475745, 37.4981795 ], [ 126.9475726, 37.4981012 ], [ 126.9475321, 37.4980999 ], [ 126.947532699999982, 37.4981365 ], [ 126.9475169, 37.4981625 ], [ 126.94732310000002, 37.4981577 ], [ 126.9471542, 37.4981505 ] ], [ [ 126.947512500000016, 37.4957464 ], [ 126.947368200000014, 37.4953826 ], [ 126.9473867, 37.4951602 ], [ 126.9473744, 37.4948595 ], [ 126.9472634, 37.4941873 ], [ 126.9474021, 37.4939281 ] ], [ [ 126.9488625, 37.4936715 ], [ 126.9486817, 37.4937944 ], [ 126.9484081, 37.4937944 ], [ 126.9481882, 37.4939689 ], [ 126.948021900000015, 37.4941307 ], [ 126.9476839, 37.4942583 ], [ 126.9475444, 37.4946414 ], [ 126.9475015, 37.4949053 ], [ 126.947565900000015, 37.4951223 ], [ 126.947512500000016, 37.4957464 ] ], [ [ 126.9490455, 37.4923314 ], [ 126.9489383, 37.4923562 ], [ 126.9488115, 37.49238740000002 ], [ 126.948769900000016, 37.4923013 ] ], [ [ 126.9488625, 37.4936715 ], [ 126.9490381, 37.4935175 ], [ 126.9493154, 37.49328770000001 ], [ 126.9493757, 37.4929832 ], [ 126.949251700000019, 37.4926898 ], [ 126.9490455, 37.4923314 ] ], [ [ 126.949539500000014, 37.4933754 ], [ 126.949387699999988, 37.49339410000001 ], [ 126.9492476, 37.4935231 ], [ 126.9490572, 37.4935954 ], [ 126.9488625, 37.4936715 ] ], [ [ 126.9490455, 37.4923314 ], [ 126.948999, 37.4922507 ] ], [ [ 126.9496464, 37.4939094 ], [ 126.949662, 37.4937378 ], [ 126.949642700000012, 37.4936052 ], [ 126.949574, 37.4934288 ], [ 126.949539500000014, 37.4933754 ] ], [ [ 126.9508159, 37.4925462 ], [ 126.9505002, 37.4926271 ], [ 126.9500577, 37.492765500000033 ], [ 126.949829699999981, 37.4928634 ], [ 126.949808200000021, 37.4929889 ], [ 126.9498967, 37.4931038 ], [ 126.9499852, 37.4932294 ], [ 126.949931600000014, 37.4933124 ], [ 126.949539500000014, 37.4933754 ] ], [ [ 126.9496464, 37.4939094 ], [ 126.950537, 37.4940495 ], [ 126.950670200000019, 37.4940359 ] ], [ [ 126.9496464, 37.4939094 ], [ 126.949398700000017, 37.4943134 ], [ 126.9492648, 37.494551700000017 ], [ 126.9492195, 37.4947968 ], [ 126.9492297, 37.495316 ], [ 126.9492612, 37.4954948 ], [ 126.949278, 37.495590100000015 ], [ 126.949381, 37.495843800000017 ], [ 126.94981580000001, 37.496599900000021 ], [ 126.95022, 37.4971933 ], [ 126.950262800000019, 37.4972526 ] ], [ [ 126.950776499999989, 37.492918699999983 ], [ 126.950685299999989, 37.4930294 ], [ 126.950527, 37.4931953 ], [ 126.950516300000018, 37.4933337 ], [ 126.9505297, 37.4935593 ], [ 126.9506316, 37.4937316 ], [ 126.950670200000019, 37.4940359 ] ], [ [ 126.950670200000019, 37.4940359 ], [ 126.951317, 37.4937958 ], [ 126.9518251, 37.4938008 ], [ 126.9524784, 37.4942093 ], [ 126.952597699999984, 37.4943359 ], [ 126.9526335, 37.4943912 ], [ 126.9526339, 37.494448899999988 ], [ 126.952601500000014, 37.494502 ], [ 126.9521493, 37.49487389999998 ], [ 126.952119400000015, 37.4949227 ], [ 126.9521085, 37.4949769 ], [ 126.952123200000017, 37.4950231 ], [ 126.9521576, 37.4950632 ], [ 126.9522174, 37.4951069 ], [ 126.9522954, 37.495159 ] ], [ [ 126.950776499999989, 37.492918699999983 ], [ 126.950840900000017, 37.4929783 ], [ 126.950870400000014, 37.4931634 ], [ 126.950857, 37.4932656 ], [ 126.9511466, 37.4930059 ], [ 126.9512995, 37.492957 ], [ 126.9513371, 37.4928612 ], [ 126.951546300000018, 37.4926335 ], [ 126.9518252, 37.4924377 ], [ 126.9518027, 37.4923458 ] ], [ [ 126.950776499999989, 37.492918699999983 ], [ 126.95080059999998, 37.4928527 ], [ 126.9507041, 37.4927399 ], [ 126.9508159, 37.4925462 ] ], [ [ 126.9508159, 37.4925462 ], [ 126.95111439999998, 37.4924697 ], [ 126.951406800000015, 37.4923909 ], [ 126.9517421, 37.492376 ], [ 126.9518027, 37.4923458 ] ], [ [ 126.9518027, 37.4923458 ], [ 126.9519084, 37.492293 ], [ 126.9521471, 37.4920589 ], [ 126.952316100000019, 37.4919355 ], [ 126.9524609, 37.4917801 ], [ 126.9526031, 37.4917014 ], [ 126.952820299999985, 37.4916397 ], [ 126.95288690000001, 37.4915021 ], [ 126.95286320000001, 37.491445 ], [ 126.952831, 37.4912683 ], [ 126.9528498, 37.4912024 ], [ 126.9529356, 37.49113 ], [ 126.953177, 37.4910747 ], [ 126.9532341, 37.4910704 ] ], [ [ 126.9530823, 37.4902958 ], [ 126.9530313, 37.490617200000024 ], [ 126.9532118, 37.4908475 ], [ 126.9532341, 37.4910704 ] ], [ [ 126.9532341, 37.4910704 ], [ 126.9532629, 37.4910683 ], [ 126.953397, 37.4910896 ], [ 126.953458700000013, 37.4911321 ], [ 126.9535954, 37.4912513 ], [ 126.9537269, 37.4913492 ], [ 126.9538261, 37.4914003 ], [ 126.9539656, 37.4914513 ], [ 126.954018500000018, 37.4914769 ], [ 126.9540535, 37.4915077 ], [ 126.954090800000017, 37.4915508 ], [ 126.9541699, 37.4916487 ], [ 126.9542821, 37.4918025 ], [ 126.9544072, 37.491955 ], [ 126.9544525, 37.492024200000039 ], [ 126.9544861, 37.492116 ], [ 126.9545284, 37.4922467 ], [ 126.954538500000012, 37.4922656 ], [ 126.954569100000015, 37.492309 ], [ 126.954288600000012, 37.4923169 ], [ 126.954270500000021, 37.492322 ], [ 126.9542584, 37.4923329 ], [ 126.95425520000002, 37.4923449 ], [ 126.9542574, 37.492663199999988 ], [ 126.9542609, 37.492864300000022 ], [ 126.954253, 37.4931333 ], [ 126.954244800000012, 37.4932085 ], [ 126.954208100000017, 37.4933902 ] ], [ [ 126.953379200000015, 37.4924815 ], [ 126.9533187, 37.4928179 ], [ 126.9533361, 37.4929431 ], [ 126.953397100000018, 37.493021500000012 ], [ 126.9538892, 37.4930854 ], [ 126.9538308, 37.4933342 ], [ 126.954148, 37.4933832 ], [ 126.954208100000017, 37.4933902 ] ], [ [ 126.9542028, 37.4934232 ], [ 126.954208100000017, 37.4933902 ] ] ] } },
{ "type": "Feature", "properties": { "종류": "경사", "text": "경사가 급할 수 있는 구간입니다.", "A점수": null, "node": null, "최대경사_pct": 8.5, "길이_m": 45.9, "학교": "숭실대", "합친_큐수": null, "audio_key": "9310d8dd910c", "cue_id": "숭실대_300" }, "geometry": { "type": "LineString", "coordinates": [ [ 126.955021400000021, 37.4945754 ], [ 126.9547247, 37.4949149 ] ] } },
{ "type": "Feature", "properties": { "종류": "경사", "text": "경사가 급할 수 있는 구간입니다.", "A점수": null, "node": null, "최대경사_pct": 11.4, "길이_m": 189.4, "학교": "숭실대", "합친_큐수": null, "audio_key": "9310d8dd910c", "cue_id": "숭실대_301" }, "geometry": { "type": "LineString", "coordinates": [ [ 126.956560900000014, 37.48858 ], [ 126.95682140000001, 37.4882232 ], [ 126.9568767, 37.4881272 ], [ 126.9568827, 37.4880863 ], [ 126.956879, 37.488021 ], [ 126.956864800000019, 37.487903 ], [ 126.9568386, 37.4878438 ], [ 126.9566496, 37.4876611 ], [ 126.9559277, 37.487331400000024 ] ] } },
{ "type": "Feature", "properties": { "종류": "경사", "text": "경사가 가파른 구간입니다.", "A점수": null, "node": null, "최대경사_pct": 16.7, "길이_m": 19.8, "학교": "숭실대", "합친_큐수": null, "audio_key": "b3aa4ebe5791", "cue_id": "숭실대_302" }, "geometry": { "type": "LineString", "coordinates": [ [ 126.949365, 37.5038749 ], [ 126.9492045, 37.5039991 ] ] } },
{ "type": "Feature", "properties": { "종류": "경사", "text": "경사가 가파른 구간입니다.", "A점수": null, "node": null, "최대경사_pct": 15.3, "길이_m": 560.7, "학교": "숭실대", "합친_큐수": null, "audio_key": "b3aa4ebe5791", "cue_id": "숭실대_303" }, "geometry": { "type": "MultiLineString", "coordinates": [ [ [ 126.9576715, 37.4889855 ], [ 126.9578575, 37.4890614 ], [ 126.9581761, 37.4891921 ], [ 126.9581084, 37.4893046 ], [ 126.95813, 37.4894977 ], [ 126.958019, 37.489551499999983 ], [ 126.957458300000013, 37.4900013 ], [ 126.957081700000018, 37.4898833 ], [ 126.9568123, 37.4903063 ], [ 126.95659160000001, 37.4906268 ] ], [ [ 126.9575053, 37.4892338 ], [ 126.9576069, 37.48909 ], [ 126.9576715, 37.4889855 ] ], [ [ 126.9576715, 37.4889855 ], [ 126.957773, 37.488844300000011 ], [ 126.9579122, 37.4885977 ], [ 126.9579534, 37.4884698 ], [ 126.9579877, 37.4882217 ], [ 126.9579934, 37.4881023 ] ], [ [ 126.9579934, 37.4881023 ], [ 126.957976400000021, 37.4879375 ], [ 126.95794020000001, 37.4878013 ], [ 126.9578705, 37.4876609 ], [ 126.957829799999985, 37.4876061 ] ], [ [ 126.95876, 37.4882998 ], [ 126.958213, 37.4881253 ], [ 126.9579934, 37.4881023 ] ] ] } },
{ "type": "Feature", "properties": { "종류": "경사", "text": "경사가 매우 가파른 구간입니다.", "A점수": null, "node": null, "최대경사_pct": 21.7, "길이_m": 27.7, "학교": "숭실대", "합친_큐수": null, "audio_key": "1d39e98c4963", "cue_id": "숭실대_304" }, "geometry": { "type": "LineString", "coordinates": [ [ 126.9552824, 37.4903097 ], [ 126.9552131, 37.490414600000015 ], [ 126.955136400000015, 37.4905307 ] ] } },
{ "type": "Feature", "properties": { "종류": "경사", "text": "경사가 매우 가파른 구간입니다.", "A점수": null, "node": null, "최대경사_pct": 20.5, "길이_m": 74.1, "학교": "숭실대", "합친_큐수": null, "audio_key": "1d39e98c4963", "cue_id": "숭실대_305" }, "geometry": { "type": "LineString", "coordinates": [ [ 126.9529758, 37.4979306 ], [ 126.953119, 37.4979872 ], [ 126.953207600000013, 37.4980458 ], [ 126.9532323, 37.498062199999985 ], [ 126.9532307, 37.4981225 ], [ 126.9532305, 37.4981969 ], [ 126.953224400000011, 37.49823090000001 ], [ 126.9533159, 37.4982813 ], [ 126.9534867, 37.4983753 ] ] } },
{ "type": "Feature", "properties": { "종류": "경사", "text": "경사가 급할 수 있는 구간입니다.", "A점수": null, "node": null, "최대경사_pct": 10.9, "길이_m": 8.6, "학교": "숭실대", "합친_큐수": null, "audio_key": "9310d8dd910c", "cue_id": "숭실대_306" }, "geometry": { "type": "LineString", "coordinates": [ [ 126.9527182, 37.4884956 ], [ 126.9526245, 37.4885165 ] ] } },
{ "type": "Feature", "properties": { "종류": "경사", "text": "경사가 매우 가파른 구간입니다.", "A점수": null, "node": null, "최대경사_pct": 42.3, "길이_m": 24.1, "학교": "숭실대", "합친_큐수": null, "audio_key": "1d39e98c4963", "cue_id": "숭실대_307" }, "geometry": { "type": "LineString", "coordinates": [ [ 126.9542396, 37.4903737 ], [ 126.9543187, 37.4902922 ], [ 126.9544065, 37.4902017 ] ] } },
{ "type": "Feature", "properties": { "종류": "경사", "text": "경사가 매우 가파른 구간입니다.", "A점수": null, "node": null, "최대경사_pct": 21.6, "길이_m": 18.0, "학교": "숭실대", "합친_큐수": null, "audio_key": "1d39e98c4963", "cue_id": "숭실대_308" }, "geometry": { "type": "LineString", "coordinates": [ [ 126.95365169999998, 37.4898262 ], [ 126.9536695, 37.4899879 ] ] } },
{ "type": "Feature", "properties": { "종류": "경사", "text": "경사가 가파른 구간입니다.", "A점수": null, "node": null, "최대경사_pct": 13.9, "길이_m": 48.0, "학교": "숭실대", "합친_큐수": null, "audio_key": "b3aa4ebe5791", "cue_id": "숭실대_309" }, "geometry": { "type": "LineString", "coordinates": [ [ 126.9517968, 37.4883176 ], [ 126.951952299999988, 37.4884187 ], [ 126.9520151, 37.48846120000001 ], [ 126.95212810000001, 37.4883502 ], [ 126.9522078, 37.4883467 ] ] } },
{ "type": "Feature", "properties": { "종류": "경사", "text": "경사가 매우 가파른 구간입니다.", "A점수": null, "node": null, "최대경사_pct": 30.4, "길이_m": 18.6, "학교": "숭실대", "합친_큐수": null, "audio_key": "1d39e98c4963", "cue_id": "숭실대_310" }, "geometry": { "type": "LineString", "coordinates": [ [ 126.949138, 37.492130700000018 ], [ 126.9491706, 37.4922096 ], [ 126.9492038, 37.492289600000021 ] ] } },
{ "type": "Feature", "properties": { "종류": "경사", "text": "경사가 매우 가파른 구간입니다.", "A점수": null, "node": null, "최대경사_pct": 26.3, "길이_m": 11.8, "학교": "숭실대", "합친_큐수": null, "audio_key": "1d39e98c4963", "cue_id": "숭실대_311" }, "geometry": { "type": "LineString", "coordinates": [ [ 126.9583873, 37.4916875 ], [ 126.958456100000021, 37.4915961 ] ] } },
{ "type": "Feature", "properties": { "종류": "경사", "text": "경사가 매우 가파른 구간입니다.", "A점수": null, "node": null, "최대경사_pct": 36.0, "길이_m": 23.4, "학교": "숭실대", "합친_큐수": null, "audio_key": "1d39e98c4963", "cue_id": "숭실대_312" }, "geometry": { "type": "LineString", "coordinates": [ [ 126.952356, 37.4906649 ], [ 126.9524837, 37.4907463 ], [ 126.9525614, 37.4907984 ] ] } },
{ "type": "Feature", "properties": { "종류": "경사", "text": "경사가 급할 수 있는 구간입니다.", "A점수": null, "node": null, "최대경사_pct": 9.0, "길이_m": 7.1, "학교": "숭실대", "합친_큐수": null, "audio_key": "9310d8dd910c", "cue_id": "숭실대_313" }, "geometry": { "type": "LineString", "coordinates": [ [ 126.95032070000002, 37.4971591 ], [ 126.950352899999984, 37.4972178 ] ] } },
{ "type": "Feature", "properties": { "종류": "경사", "text": "경사가 급할 수 있는 구간입니다.", "A점수": null, "node": null, "최대경사_pct": 12.2, "길이_m": 273.8, "학교": "숭실대", "합친_큐수": null, "audio_key": "9310d8dd910c", "cue_id": "숭실대_314" }, "geometry": { "type": "MultiLineString", "coordinates": [ [ [ 126.9554281, 37.4939144 ], [ 126.9557965, 37.4935049 ], [ 126.9559613, 37.4932929 ], [ 126.956083399999983, 37.4931351 ], [ 126.9562095, 37.4929942 ], [ 126.95626, 37.4928296 ], [ 126.956268100000017, 37.49267720000001 ], [ 126.956270599999982, 37.4925615 ] ], [ [ 126.9559464, 37.4932835 ], [ 126.9559336, 37.4932573 ], [ 126.955928599999979, 37.493228 ], [ 126.9559371, 37.4931689 ], [ 126.955952100000019, 37.4931025 ], [ 126.9560133, 37.492941599999988 ], [ 126.9560736, 37.4927743 ], [ 126.9561276, 37.492672600000027 ], [ 126.9561586, 37.492628 ], [ 126.956192800000011, 37.492593200000016 ], [ 126.956236200000021, 37.4925709 ], [ 126.956270599999982, 37.4925615 ] ], [ [ 126.9562547, 37.492447400000017 ], [ 126.956270599999982, 37.4925615 ] ] ] } },
{ "type": "Feature", "properties": { "종류": "경사", "text": "경사가 매우 가파른 구간입니다.", "A점수": null, "node": null, "최대경사_pct": 26.8, "길이_m": 21.4, "학교": "숭실대", "합친_큐수": null, "audio_key": "1d39e98c4963", "cue_id": "숭실대_315" }, "geometry": { "type": "LineString", "coordinates": [ [ 126.955273, 37.490646 ], [ 126.9553166, 37.4905574 ], [ 126.955361400000015, 37.490466400000017 ] ] } },
{ "type": "Feature", "properties": { "종류": "경사", "text": "경사가 매우 가파른 구간입니다.", "A점수": null, "node": null, "최대경사_pct": 54.1, "길이_m": 183.0, "학교": "숭실대", "합친_큐수": null, "audio_key": "1d39e98c4963", "cue_id": "숭실대_316" }, "geometry": { "type": "MultiLineString", "coordinates": [ [ [ 126.9501085, 37.4922639 ], [ 126.950086700000014, 37.4922083 ], [ 126.9501417, 37.492172 ], [ 126.9503654, 37.4921128 ], [ 126.9507182, 37.4920259 ], [ 126.951103599999982, 37.4919368 ], [ 126.9511586, 37.4918573 ], [ 126.95111559999998, 37.4917652 ] ], [ [ 126.95111559999998, 37.4917652 ], [ 126.9510758, 37.4916924 ] ], [ [ 126.9512414, 37.4914555 ], [ 126.951333600000012, 37.4915474 ], [ 126.951391500000014, 37.4916052 ], [ 126.9512297, 37.4917016 ], [ 126.95111559999998, 37.4917652 ] ] ] } },
{ "type": "Feature", "properties": { "종류": "경사", "text": "경사가 급할 수 있는 구간입니다.", "A점수": null, "node": null, "최대경사_pct": 8.9, "길이_m": 17.6, "학교": "숭실대", "합친_큐수": null, "audio_key": "9310d8dd910c", "cue_id": "숭실대_317" }, "geometry": { "type": "LineString", "coordinates": [ [ 126.9501321, 37.4972231 ], [ 126.949952600000017, 37.4972923 ] ] } },
{ "type": "Feature", "properties": { "종류": "경사", "text": "경사가 매우 가파른 구간입니다.", "A점수": null, "node": null, "최대경사_pct": 21.4, "길이_m": 68.5, "학교": "숭실대", "합친_큐수": null, "audio_key": "1d39e98c4963", "cue_id": "숭실대_318" }, "geometry": { "type": "LineString", "coordinates": [ [ 126.9494808, 37.4974092 ], [ 126.9499416, 37.4974045 ], [ 126.9499962, 37.497403399999982 ], [ 126.9500064, 37.4973403 ], [ 126.9501714, 37.497284 ] ] } },
{ "type": "Feature", "properties": { "종류": "경사", "text": "경사가 가파른 구간입니다.", "A점수": null, "node": null, "최대경사_pct": 19.4, "길이_m": 18.3, "학교": "숭실대", "합친_큐수": null, "audio_key": "b3aa4ebe5791", "cue_id": "숭실대_319" }, "geometry": { "type": "LineString", "coordinates": [ [ 126.9534602, 37.489829 ], [ 126.95349539999998, 37.48990460000001 ], [ 126.9535162, 37.4899875 ] ] } },
{ "type": "Feature", "properties": { "종류": "경사", "text": "경사가 급할 수 있는 구간입니다.", "A점수": null, "node": null, "최대경사_pct": 9.1, "길이_m": 15.2, "학교": "숭실대", "합친_큐수": null, "audio_key": "9310d8dd910c", "cue_id": "숭실대_320" }, "geometry": { "type": "LineString", "coordinates": [ [ 126.956712200000013, 37.4923704 ], [ 126.9565445, 37.4923984 ] ] } },
{ "type": "Feature", "properties": { "종류": "경사", "text": "경사가 가파른 구간입니다.", "A점수": null, "node": null, "최대경사_pct": 15.7, "길이_m": 13.8, "학교": "숭실대", "합친_큐수": null, "audio_key": "b3aa4ebe5791", "cue_id": "숭실대_321" }, "geometry": { "type": "LineString", "coordinates": [ [ 126.9574194, 37.4912118 ], [ 126.957467900000012, 37.491151699999989 ], [ 126.9575035, 37.4911075 ] ] } },
{ "type": "Feature", "properties": { "종류": "경사", "text": "경사가 매우 가파른 구간입니다.", "A점수": null, "node": null, "최대경사_pct": 27.3, "길이_m": 24.7, "학교": "숭실대", "합친_큐수": null, "audio_key": "1d39e98c4963", "cue_id": "숭실대_322" }, "geometry": { "type": "LineString", "coordinates": [ [ 126.9560471, 37.4909432 ], [ 126.9561172, 37.4908316 ], [ 126.956172100000018, 37.4907442 ] ] } },
{ "type": "Feature", "properties": { "종류": "경사", "text": "경사가 매우 가파른 구간입니다.", "A점수": null, "node": null, "최대경사_pct": 24.0, "길이_m": 815.1, "학교": "숭실대", "합친_큐수": null, "audio_key": "1d39e98c4963", "cue_id": "숭실대_323" }, "geometry": { "type": "MultiLineString", "coordinates": [ [ [ 126.9528663, 37.4889271 ], [ 126.9531414, 37.488894 ], [ 126.9537456, 37.488817900000015 ], [ 126.954354900000013, 37.4887814 ], [ 126.954635499999981, 37.488641200000011 ], [ 126.9551936, 37.488172400000025 ] ], [ [ 126.9538961, 37.487906899999977 ], [ 126.9538002, 37.4883387 ], [ 126.9548492, 37.4882093 ] ], [ [ 126.9538961, 37.487906899999977 ], [ 126.953905400000011, 37.48786470000001 ], [ 126.953968799999984, 37.4875925 ] ], [ [ 126.9538961, 37.487906899999977 ], [ 126.9547697, 37.487816400000021 ] ], [ [ 126.953968799999984, 37.4875925 ], [ 126.9539777, 37.487556 ] ], [ [ 126.954702, 37.4875046 ], [ 126.953968799999984, 37.4875925 ] ], [ [ 126.954702, 37.4875046 ], [ 126.9547697, 37.487816400000021 ] ], [ [ 126.954702, 37.4875046 ], [ 126.955120899999983, 37.4874509 ] ], [ [ 126.9552323, 37.4877937 ], [ 126.9548546, 37.4878418 ], [ 126.9547697, 37.487816400000021 ] ], [ [ 126.9547697, 37.487816400000021 ], [ 126.9548492, 37.4882093 ] ], [ [ 126.9548492, 37.4882093 ], [ 126.9551936, 37.488172400000025 ] ], [ [ 126.9554426, 37.4876355 ], [ 126.955457100000018, 37.4877583 ], [ 126.9554471, 37.4878284 ], [ 126.955400199999985, 37.4879449 ], [ 126.9553194, 37.4880484 ], [ 126.9551936, 37.488172400000025 ] ] ] } },
{ "type": "Feature", "properties": { "종류": "경사", "text": "경사가 급할 수 있는 구간입니다.", "A점수": null, "node": null, "최대경사_pct": 11.3, "길이_m": 203.1, "학교": "숭실대", "합친_큐수": null, "audio_key": "9310d8dd910c", "cue_id": "숭실대_324" }, "geometry": { "type": "LineString", "coordinates": [ [ 126.968166200000013, 37.4929141 ], [ 126.9678834, 37.4931847 ], [ 126.967496200000014, 37.4929474 ], [ 126.9683859, 37.4921208 ] ] } },
{ "type": "Feature", "properties": { "종류": "경사", "text": "경사가 매우 가파른 구간입니다.", "A점수": null, "node": null, "최대경사_pct": 34.8, "길이_m": 318.9, "학교": "숭실대", "합친_큐수": null, "audio_key": "1d39e98c4963", "cue_id": "숭실대_325" }, "geometry": { "type": "MultiLineString", "coordinates": [ [ [ 126.967023400000016, 37.4894227 ], [ 126.9670157, 37.4893586 ], [ 126.9672287, 37.4893348 ] ], [ [ 126.967410499999986, 37.4893957 ], [ 126.9672287, 37.4893348 ] ], [ [ 126.967410499999986, 37.4893957 ], [ 126.967568, 37.4894884 ], [ 126.9676671, 37.4895642 ], [ 126.967725499999986, 37.4895979 ], [ 126.9678069, 37.4896035 ], [ 126.9679416, 37.4895431 ], [ 126.9678003, 37.489532500000024 ], [ 126.967692400000018, 37.4894876 ], [ 126.9674441, 37.4893285 ], [ 126.967382299999983, 37.489311 ], [ 126.9672287, 37.4893348 ] ], [ [ 126.9681387, 37.4904745 ], [ 126.9681202, 37.4904041 ], [ 126.9680511, 37.4903559 ], [ 126.9680033, 37.490285900000018 ], [ 126.967976800000017, 37.4901623 ], [ 126.96789010000002, 37.4900626 ], [ 126.967725499999986, 37.4900247 ], [ 126.96764060000001, 37.4899236 ], [ 126.9676335, 37.4898464 ], [ 126.9675981, 37.48980430000001 ], [ 126.967545, 37.4897046 ], [ 126.9675627, 37.4896217 ], [ 126.9675485, 37.489565600000013 ], [ 126.967476, 37.4895347 ], [ 126.967454800000013, 37.4894729 ], [ 126.9674087, 37.4894336 ], [ 126.967410499999986, 37.4893957 ] ] ] } },
{ "type": "Feature", "properties": { "종류": "경사", "text": "경사가 가파른 구간입니다.", "A점수": null, "node": null, "최대경사_pct": 15.8, "길이_m": 226.7, "학교": "숭실대", "합친_큐수": null, "audio_key": "b3aa4ebe5791", "cue_id": "숭실대_326" }, "geometry": { "type": "LineString", "coordinates": [ [ 126.9679002, 37.4909038 ], [ 126.967854800000012, 37.490996500000016 ], [ 126.967653400000017, 37.49117840000001 ], [ 126.9674123, 37.4913151 ], [ 126.967133599999983, 37.4914378 ], [ 126.966844800000018, 37.49156880000001 ], [ 126.9664213, 37.4917415 ], [ 126.9662633, 37.4918689 ], [ 126.9661915, 37.4920143 ], [ 126.9661702, 37.4922452 ] ] } },
{ "type": "Feature", "properties": { "종류": "경사", "text": "경사가 매우 가파른 구간입니다.", "A점수": null, "node": null, "최대경사_pct": 29.9, "길이_m": 372.7, "학교": "숭실대", "합친_큐수": null, "audio_key": "1d39e98c4963", "cue_id": "숭실대_327" }, "geometry": { "type": "LineString", "coordinates": [ [ 126.968002, 37.490874 ], [ 126.967925, 37.4910668 ], [ 126.9676601, 37.4912893 ], [ 126.9670593, 37.4915631 ], [ 126.9664862, 37.4918198 ], [ 126.966289299999985, 37.4920076 ], [ 126.966575100000014, 37.4919418 ], [ 126.9669137, 37.4919381 ], [ 126.9672266, 37.4918862 ], [ 126.9675628, 37.4918121 ], [ 126.9678243, 37.4917935 ], [ 126.967927900000021, 37.49179860000001 ], [ 126.968113100000011, 37.4919296 ] ] } },
{ "type": "Feature", "properties": { "종류": "경사", "text": "경사가 급할 수 있는 구간입니다.", "A점수": null, "node": null, "최대경사_pct": 8.4, "길이_m": 328.1, "학교": "숭실대", "합친_큐수": null, "audio_key": "9310d8dd910c", "cue_id": "숭실대_328" }, "geometry": { "type": "LineString", "coordinates": [ [ 126.960872600000016, 37.4954305 ], [ 126.960925900000021, 37.49550330000001 ], [ 126.960942, 37.4955596 ], [ 126.9609233, 37.495608599999983 ], [ 126.9607677, 37.495764 ], [ 126.9606895, 37.4958137 ], [ 126.960636, 37.4958354 ], [ 126.960352900000018, 37.495907099999989 ], [ 126.9598956, 37.4960708 ], [ 126.9598266, 37.4960997 ], [ 126.9597696, 37.4961467 ], [ 126.9594398, 37.4964703 ], [ 126.9593839, 37.4965466 ], [ 126.9593232, 37.496606700000022 ], [ 126.959248200000019, 37.4966437 ], [ 126.959177100000019, 37.4966595 ], [ 126.959104, 37.496688800000015 ], [ 126.959033799999986, 37.496724399999984 ], [ 126.9589561, 37.4967834 ], [ 126.958906500000012, 37.4968538 ], [ 126.95887860000002, 37.4969088 ], [ 126.9588673, 37.496954500000029 ], [ 126.958864800000015, 37.4970024 ], [ 126.9588687, 37.497043600000012 ], [ 126.9588821, 37.4970905 ], [ 126.9589226, 37.4971325 ], [ 126.958989100000011, 37.4971677 ], [ 126.959053899999986, 37.4971939 ], [ 126.9591138, 37.4972483 ], [ 126.95915, 37.4972987 ], [ 126.959139099999987, 37.4973681 ], [ 126.959109699999985, 37.49740760000001 ] ] } },
{ "type": "Feature", "properties": { "종류": "경사", "text": "경사가 급할 수 있는 구간입니다.", "A점수": null, "node": null, "최대경사_pct": 9.6, "길이_m": 375.9, "학교": "숭실대", "합친_큐수": null, "audio_key": "9310d8dd910c", "cue_id": "숭실대_329" }, "geometry": { "type": "LineString", "coordinates": [ [ 126.9611947, 37.4952503 ], [ 126.9612676, 37.4953377 ], [ 126.9613693, 37.495471599999988 ], [ 126.9613767, 37.4955624 ], [ 126.9613126, 37.4956975 ], [ 126.9611174, 37.495852500000026 ], [ 126.9603882, 37.4963759 ], [ 126.959767099999979, 37.496871 ], [ 126.9596219, 37.4969729 ], [ 126.959542099999979, 37.4971068 ], [ 126.959486200000015, 37.4972538 ], [ 126.959311899999989, 37.4978885 ], [ 126.9592941, 37.4979699 ] ] } },
{ "type": "Feature", "properties": { "종류": "경사", "text": "경사가 급할 수 있는 구간입니다.", "A점수": null, "node": null, "최대경사_pct": 9.6, "길이_m": 390.3, "학교": "숭실대", "합친_큐수": null, "audio_key": "9310d8dd910c", "cue_id": "숭실대_330" }, "geometry": { "type": "LineString", "coordinates": [ [ 126.954681500000021, 37.4955484 ], [ 126.958636, 37.4949792 ], [ 126.9586558, 37.494889 ], [ 126.9587105, 37.494816 ], [ 126.958795899999984, 37.4947684 ], [ 126.9588637, 37.4947575 ] ] } },
{ "type": "Feature", "properties": { "종류": "경사", "text": "경사가 급할 수 있는 구간입니다.", "A점수": null, "node": null, "최대경사_pct": 8.9, "길이_m": 77.0, "학교": "숭실대", "합친_큐수": null, "audio_key": "9310d8dd910c", "cue_id": "숭실대_331" }, "geometry": { "type": "LineString", "coordinates": [ [ 126.960389, 37.4947269 ], [ 126.9595316, 37.4948503 ] ] } },
{ "type": "Feature", "properties": { "종류": "경사", "text": "경사가 급할 수 있는 구간입니다.", "A점수": null, "node": null, "최대경사_pct": 10.7, "길이_m": 22.3, "학교": "숭실대", "합친_큐수": null, "audio_key": "9310d8dd910c", "cue_id": "숭실대_332" }, "geometry": { "type": "LineString", "coordinates": [ [ 126.956418, 37.4944049 ], [ 126.9564474, 37.4945799 ], [ 126.9564516, 37.4946043 ] ] } },
{ "type": "Feature", "properties": { "종류": "경사", "text": "경사가 급할 수 있는 구간입니다.", "A점수": null, "node": null, "최대경사_pct": 12.1, "길이_m": 99.8, "학교": "숭실대", "합친_큐수": null, "audio_key": "9310d8dd910c", "cue_id": "숭실대_333" }, "geometry": { "type": "LineString", "coordinates": [ [ 126.9517509, 37.5038162 ], [ 126.952036, 37.5037959 ], [ 126.952306600000014, 37.5037035 ], [ 126.952526899999981, 37.5036393 ], [ 126.9527088, 37.5036296 ], [ 126.9527099, 37.503734 ] ] } },
{ "type": "Feature", "properties": { "종류": "경사", "text": "경사가 급할 수 있는 구간입니다.", "A점수": null, "node": null, "최대경사_pct": 12.8, "길이_m": 150.5, "학교": "숭실대", "합친_큐수": null, "audio_key": "9310d8dd910c", "cue_id": "숭실대_334" }, "geometry": { "type": "LineString", "coordinates": [ [ 126.947549, 37.5020586 ], [ 126.9473049, 37.501925 ], [ 126.9474674, 37.5016861 ], [ 126.9475001, 37.5016615 ], [ 126.9475555, 37.5016465 ], [ 126.94763810000002, 37.5016431 ], [ 126.9477125, 37.5016242 ], [ 126.9477608, 37.5015942 ], [ 126.947805099999982, 37.5015528 ], [ 126.9479371, 37.5012202 ], [ 126.947981199999987, 37.501197 ], [ 126.948035799999985, 37.501194100000014 ], [ 126.948091600000012, 37.5012087 ], [ 126.9481472, 37.5012147 ], [ 126.9481571, 37.501212299999985 ] ] } },
{ "type": "Feature", "properties": { "종류": "경사", "text": "경사가 매우 가파른 구간입니다.", "A점수": null, "node": null, "최대경사_pct": 25.0, "길이_m": 836.9, "학교": "숭실대", "합친_큐수": null, "audio_key": "1d39e98c4963", "cue_id": "숭실대_335" }, "geometry": { "type": "MultiLineString", "coordinates": [ [ [ 126.9488565, 37.4999615 ], [ 126.948701, 37.499899900000024 ] ], [ [ 126.948701, 37.499899900000024 ], [ 126.9486708, 37.499878 ], [ 126.9484304, 37.4997785 ], [ 126.9482759, 37.4997849 ], [ 126.948215, 37.4997833 ], [ 126.9481043, 37.4997691 ], [ 126.948032400000017, 37.4997642 ], [ 126.947968, 37.4997778 ], [ 126.9478913, 37.49980260000001 ], [ 126.9478353, 37.499825 ], [ 126.947775, 37.4998287 ], [ 126.9477144, 37.49981380000002 ], [ 126.9476768, 37.499792100000015 ], [ 126.9476663, 37.4997696 ], [ 126.9476636, 37.4997361 ], [ 126.9476672, 37.4996971 ], [ 126.9476936, 37.4996559 ], [ 126.9477437, 37.4996196 ], [ 126.9477726, 37.4995799 ], [ 126.9477917, 37.4994754 ], [ 126.9477928, 37.4992811 ], [ 126.9478171, 37.499168800000021 ], [ 126.9478364, 37.4991315 ], [ 126.9478954, 37.499048800000011 ], [ 126.9480155, 37.498736 ], [ 126.9480824, 37.4986018 ], [ 126.9481713, 37.49854650000001 ], [ 126.948167199999986, 37.4986267 ], [ 126.9481431, 37.4987822 ], [ 126.9480175, 37.499093599999988 ], [ 126.9480895, 37.4991683 ], [ 126.948261, 37.4991921 ], [ 126.9483144, 37.4992103 ], [ 126.948365, 37.4992276 ], [ 126.9484731, 37.4992643 ], [ 126.9485528, 37.4993282 ], [ 126.9486893, 37.4992018 ], [ 126.9488925, 37.4992637 ], [ 126.949090699999985, 37.4992906 ], [ 126.9491658, 37.499290200000026 ] ], [ [ 126.948701, 37.499899900000024 ], [ 126.948705, 37.4998532 ], [ 126.9487198, 37.4996781 ], [ 126.9487304, 37.4996484 ], [ 126.948763900000017, 37.4996232 ], [ 126.9488299, 37.4996043 ], [ 126.9489933, 37.4995073 ], [ 126.949116799999985, 37.4994172 ], [ 126.949161, 37.4993432 ], [ 126.9491658, 37.499290200000026 ] ], [ [ 126.9491658, 37.499290200000026 ], [ 126.949172200000021, 37.4992271 ], [ 126.9491414, 37.499089799999986 ], [ 126.9490949, 37.498957300000022 ], [ 126.9490879, 37.4988757 ], [ 126.9491442, 37.4985743 ], [ 126.9492348, 37.4984077 ], [ 126.949247500000013, 37.4981873 ], [ 126.9492739, 37.4980921 ], [ 126.949377100000021, 37.4980218 ], [ 126.949555100000012, 37.4979967 ], [ 126.949691200000018, 37.4980399 ], [ 126.9498681, 37.4980734 ], [ 126.9499497, 37.4980513 ], [ 126.950048699999982, 37.4980076 ], [ 126.9501945, 37.4979141 ], [ 126.9502341, 37.4978775 ], [ 126.950243, 37.4978417 ], [ 126.950235, 37.497807 ], [ 126.9501994, 37.4977465 ], [ 126.9500704, 37.4975212 ], [ 126.9501203, 37.497506100000017 ], [ 126.950065100000018, 37.4973959 ], [ 126.9501986, 37.4973297 ] ] ] } },
{ "type": "Feature", "properties": { "종류": "경사", "text": "경사가 급할 수 있는 구간입니다.", "A점수": null, "node": null, "최대경사_pct": 12.1, "길이_m": 94.3, "학교": "숭실대", "합친_큐수": null, "audio_key": "9310d8dd910c", "cue_id": "숭실대_336" }, "geometry": { "type": "LineString", "coordinates": [ [ 126.94862430000002, 37.500007899999986 ], [ 126.9485658, 37.5000826 ], [ 126.9485276, 37.5001399 ], [ 126.9483881, 37.5002819 ], [ 126.9483256, 37.5003697 ], [ 126.948286599999989, 37.5004986 ], [ 126.948254700000021, 37.5006236 ], [ 126.9482534, 37.5006492 ], [ 126.948265600000013, 37.5006793 ], [ 126.948296500000012, 37.5007244 ], [ 126.9483183, 37.500767600000017 ] ] } },
{ "type": "Feature", "properties": { "종류": "경사", "text": "경사가 가파른 구간입니다.", "A점수": null, "node": null, "최대경사_pct": 15.4, "길이_m": 64.3, "학교": "숭실대", "합친_큐수": null, "audio_key": "b3aa4ebe5791", "cue_id": "숭실대_337" }, "geometry": { "type": "LineString", "coordinates": [ [ 126.9504624, 37.4988896 ], [ 126.9503617, 37.4990235 ], [ 126.9503475, 37.4990479 ], [ 126.9503404, 37.4990818 ], [ 126.9503487, 37.4991072 ], [ 126.9503611, 37.4991228 ], [ 126.950698, 37.4992915 ] ] } },
{ "type": "Feature", "properties": { "종류": "경사", "text": "경사가 가파른 구간입니다.", "A점수": null, "node": null, "최대경사_pct": 14.1, "길이_m": 98.5, "학교": "숭실대", "합친_큐수": null, "audio_key": "b3aa4ebe5791", "cue_id": "숭실대_338" }, "geometry": { "type": "LineString", "coordinates": [ [ 126.9531512, 37.4950305 ], [ 126.9532381, 37.4950508 ], [ 126.953268100000017, 37.4950758 ], [ 126.953340200000014, 37.4953457 ], [ 126.9533514, 37.49539750000001 ], [ 126.9533499, 37.4954551 ], [ 126.9533276, 37.4955014 ], [ 126.9532616, 37.495557199999986 ], [ 126.9532011, 37.4956011 ], [ 126.9531526, 37.4956359 ], [ 126.9530232, 37.495746900000015 ] ] } },
{ "type": "Feature", "properties": { "종류": "경사", "text": "경사가 매우 가파른 구간입니다.", "A점수": null, "node": null, "최대경사_pct": 36.4, "길이_m": 76.2, "학교": "숭실대", "합친_큐수": null, "audio_key": "1d39e98c4963", "cue_id": "숭실대_339" }, "geometry": { "type": "LineString", "coordinates": [ [ 126.9549027, 37.490698900000019 ], [ 126.954886500000015, 37.4906566 ], [ 126.954864, 37.490625 ], [ 126.954826299999979, 37.4906022 ], [ 126.9544696, 37.4905262 ], [ 126.954368100000011, 37.4905001 ], [ 126.9543363, 37.4904845 ], [ 126.95432150000002, 37.4904656 ], [ 126.9543256, 37.4904515 ], [ 126.9543366, 37.4904396 ], [ 126.9543612, 37.49041290000001 ], [ 126.954424499999988, 37.4903582 ] ] } },
{ "type": "Feature", "properties": { "종류": "경사", "text": "경사가 매우 가파른 구간입니다.", "A점수": null, "node": null, "최대경사_pct": 27.3, "길이_m": 49.8, "학교": "숭실대", "합친_큐수": null, "audio_key": "1d39e98c4963", "cue_id": "숭실대_340" }, "geometry": { "type": "LineString", "coordinates": [ [ 126.950058100000021, 37.500323 ], [ 126.9498945, 37.5002336 ], [ 126.949631, 37.50012270000002 ], [ 126.9495724, 37.500098 ] ] } },
{ "type": "Feature", "properties": { "종류": "경사", "text": "경사가 급할 수 있는 구간입니다.", "A점수": null, "node": null, "최대경사_pct": 10.8, "길이_m": 388.4, "학교": "숭실대", "합친_큐수": null, "audio_key": "9310d8dd910c", "cue_id": "숭실대_341" }, "geometry": { "type": "MultiLineString", "coordinates": [ [ [ 126.9554082, 37.494354499999979 ], [ 126.9555629, 37.4941816 ], [ 126.955680699999988, 37.494029199999986 ], [ 126.9558581, 37.4938378 ], [ 126.9562509, 37.4933961 ], [ 126.9564612, 37.4931232 ], [ 126.9565436, 37.4929888 ], [ 126.9565564, 37.4928023 ] ], [ [ 126.9555264, 37.4939555 ], [ 126.9557027, 37.493748699999983 ], [ 126.9560715, 37.4933262 ], [ 126.956309599999983, 37.4930514 ], [ 126.9563937, 37.4929386 ], [ 126.9565564, 37.4928023 ] ], [ [ 126.9565564, 37.4928023 ], [ 126.956575, 37.4926409 ], [ 126.956574799999984, 37.4925486 ] ] ] } },
{ "type": "Feature", "properties": { "종류": "경사", "text": "경사가 가파른 구간입니다.", "A점수": null, "node": null, "최대경사_pct": 13.7, "길이_m": 216.7, "학교": "숭실대", "합친_큐수": null, "audio_key": "b3aa4ebe5791", "cue_id": "숭실대_342" }, "geometry": { "type": "LineString", "coordinates": [ [ 126.968078500000018, 37.4978688 ], [ 126.96791140000002, 37.4977469 ], [ 126.9677508, 37.4976299 ], [ 126.9673556, 37.4973449 ], [ 126.966843600000018, 37.4970314 ], [ 126.9661276, 37.4967006 ] ] } },
{ "type": "Feature", "properties": { "종류": "경사", "text": "경사가 급할 수 있는 구간입니다.", "A점수": null, "node": null, "최대경사_pct": 9.5, "길이_m": 28.0, "학교": "숭실대", "합친_큐수": null, "audio_key": "9310d8dd910c", "cue_id": "숭실대_343" }, "geometry": { "type": "LineString", "coordinates": [ [ 126.956414899999984, 37.4909283 ], [ 126.9564342, 37.4908838 ], [ 126.95654260000002, 37.4906979 ] ] } },
{ "type": "Feature", "properties": { "종류": "경사", "text": "경사가 가파른 구간입니다.", "A점수": null, "node": null, "최대경사_pct": 16.3, "길이_m": 306.9, "학교": "숭실대", "합친_큐수": null, "audio_key": "b3aa4ebe5791", "cue_id": "숭실대_344" }, "geometry": { "type": "MultiLineString", "coordinates": [ [ [ 126.9524334, 37.488098 ], [ 126.952277200000012, 37.487443099999986 ], [ 126.952598899999984, 37.4873969 ] ], [ [ 126.952598899999984, 37.4873969 ], [ 126.952739, 37.4880495 ], [ 126.9530342, 37.4880072 ], [ 126.9529089, 37.487332399999985 ], [ 126.952598899999984, 37.4873969 ] ] ] } },
{ "type": "Feature", "properties": { "종류": "경사", "text": "경사가 급할 수 있는 구간입니다.", "A점수": null, "node": null, "최대경사_pct": 12.6, "길이_m": 171.3, "학교": "숭실대", "합친_큐수": null, "audio_key": "9310d8dd910c", "cue_id": "숭실대_345" }, "geometry": { "type": "LineString", "coordinates": [ [ 126.947583600000016, 37.491037 ], [ 126.9475383, 37.4907298 ], [ 126.947559900000016, 37.49069380000001 ], [ 126.9476189, 37.4906695 ], [ 126.947917800000013, 37.4906304 ], [ 126.9479942, 37.4906105 ], [ 126.9480375, 37.4905825 ], [ 126.948052, 37.4905239 ], [ 126.9480402, 37.4902821 ], [ 126.9480494, 37.4902057 ], [ 126.948051600000014, 37.4901265 ], [ 126.9480457, 37.4900443 ], [ 126.947957700000018, 37.4898033 ] ] } },
{ "type": "Feature", "properties": { "종류": "경사", "text": "경사가 가파른 구간입니다.", "A점수": null, "node": null, "최대경사_pct": 13.6, "길이_m": 173.7, "학교": "숭실대", "합친_큐수": null, "audio_key": "b3aa4ebe5791", "cue_id": "숭실대_346" }, "geometry": { "type": "LineString", "coordinates": [ [ 126.956763200000012, 37.4888032 ], [ 126.9567759, 37.4886906 ], [ 126.9567888, 37.4886495 ], [ 126.9568443, 37.4884722 ], [ 126.9568605, 37.4884118 ], [ 126.9569304, 37.4882961 ], [ 126.9569824, 37.4881799 ], [ 126.956979800000013, 37.4880801 ], [ 126.956956300000016, 37.487875 ], [ 126.9569412, 37.4878056 ], [ 126.9569115, 37.4877631 ], [ 126.9567447, 37.4876226 ], [ 126.956763400000014, 37.4876078 ], [ 126.9567573, 37.487556 ], [ 126.9567579, 37.487497399999988 ], [ 126.9567706, 37.4874339 ], [ 126.9568146, 37.487341 ] ] } },
{ "type": "Feature", "properties": { "종류": "경사", "text": "경사가 급할 수 있는 구간입니다.", "A점수": null, "node": null, "최대경사_pct": 8.9, "길이_m": 53.4, "학교": "숭실대", "합친_큐수": null, "audio_key": "9310d8dd910c", "cue_id": "숭실대_347" }, "geometry": { "type": "LineString", "coordinates": [ [ 126.955198, 37.4896155 ], [ 126.9548837, 37.4900268 ] ] } },
{ "type": "Feature", "properties": { "종류": "경사", "text": "경사가 급할 수 있는 구간입니다.", "A점수": null, "node": null, "최대경사_pct": 9.0, "길이_m": 69.0, "학교": "숭실대", "합친_큐수": null, "audio_key": "9310d8dd910c", "cue_id": "숭실대_348" }, "geometry": { "type": "LineString", "coordinates": [ [ 126.9558365, 37.4895442 ], [ 126.9554355, 37.490078 ] ] } },
{ "type": "Feature", "properties": { "종류": "경사", "text": "경사가 가파른 구간입니다.", "A점수": null, "node": null, "최대경사_pct": 14.7, "길이_m": 4.9, "학교": "숭실대", "합친_큐수": null, "audio_key": "b3aa4ebe5791", "cue_id": "숭실대_349" }, "geometry": { "type": "LineString", "coordinates": [ [ 126.9506747, 37.4970964 ], [ 126.950698800000012, 37.4971364 ] ] } },
{ "type": "Feature", "properties": { "종류": "경사", "text": "경사가 가파른 구간입니다.", "A점수": null, "node": null, "최대경사_pct": 14.7, "길이_m": 69.7, "학교": "숭실대", "합친_큐수": null, "audio_key": "b3aa4ebe5791", "cue_id": "숭실대_350" }, "geometry": { "type": "LineString", "coordinates": [ [ 126.9493258, 37.4887948 ], [ 126.9486545, 37.4891233 ] ] } },
{ "type": "Feature", "properties": { "종류": "경사", "text": "경사가 가파른 구간입니다.", "A점수": null, "node": null, "최대경사_pct": 13.4, "길이_m": 188.5, "학교": "숭실대", "합친_큐수": null, "audio_key": "b3aa4ebe5791", "cue_id": "숭실대_351" }, "geometry": { "type": "LineString", "coordinates": [ [ 126.947326499999988, 37.4882333 ], [ 126.9473312, 37.488148099999989 ], [ 126.9473393, 37.4881259 ], [ 126.9473654, 37.488105900000015 ], [ 126.9474473, 37.4881128 ], [ 126.9474566, 37.4881324 ], [ 126.9475962, 37.4881426 ], [ 126.9476314, 37.4881992 ], [ 126.947689, 37.488211 ], [ 126.948071199999987, 37.4882533 ], [ 126.947788500000016, 37.4876928 ], [ 126.9476291, 37.487376600000012 ] ] } },
{ "type": "Feature", "properties": { "종류": "경사", "text": "경사가 가파른 구간입니다.", "A점수": null, "node": null, "최대경사_pct": 13.3, "길이_m": 72.0, "학교": "숭실대", "합친_큐수": null, "audio_key": "b3aa4ebe5791", "cue_id": "숭실대_352" }, "geometry": { "type": "LineString", "coordinates": [ [ 126.958576899999983, 37.4901066 ], [ 126.9587327, 37.4900581 ], [ 126.9589506, 37.4899492 ], [ 126.9591335, 37.489860200000017 ], [ 126.9592421, 37.4897504 ] ] } },
{ "type": "Feature", "properties": { "종류": "경사", "text": "경사가 급할 수 있는 구간입니다.", "A점수": null, "node": null, "최대경사_pct": 10.3, "길이_m": 30.7, "학교": "숭실대", "합친_큐수": null, "audio_key": "9310d8dd910c", "cue_id": "숭실대_353" }, "geometry": { "type": "LineString", "coordinates": [ [ 126.950227700000013, 37.5025116 ], [ 126.9502303, 37.5022352 ] ] } },
{ "type": "Feature", "properties": { "종류": "경사", "text": "경사가 급할 수 있는 구간입니다.", "A점수": null, "node": null, "최대경사_pct": 8.6, "길이_m": 38.1, "학교": "숭실대", "합친_큐수": null, "audio_key": "9310d8dd910c", "cue_id": "숭실대_354" }, "geometry": { "type": "LineString", "coordinates": [ [ 126.9518526, 37.5032812 ], [ 126.951887400000018, 37.50293940000001 ] ] } },
{ "type": "Feature", "properties": { "종류": "경사", "text": "경사가 가파른 구간입니다.", "A점수": null, "node": null, "최대경사_pct": 15.1, "길이_m": 19.1, "학교": "숭실대", "합친_큐수": null, "audio_key": "b3aa4ebe5791", "cue_id": "숭실대_355" }, "geometry": { "type": "LineString", "coordinates": [ [ 126.9535161, 37.4976126 ], [ 126.9533416, 37.4975119 ] ] } },
{ "type": "Feature", "properties": { "종류": "경사", "text": "경사가 급할 수 있는 구간입니다.", "A점수": null, "node": null, "최대경사_pct": 11.4, "길이_m": 547.1, "학교": "숭실대", "합친_큐수": null, "audio_key": "9310d8dd910c", "cue_id": "숭실대_356" }, "geometry": { "type": "LineString", "coordinates": [ [ 126.9530751, 37.497817 ], [ 126.9531901, 37.4978926 ], [ 126.953290700000011, 37.4979789 ], [ 126.953333, 37.498046 ], [ 126.953347099999988, 37.4980683 ], [ 126.953354300000015, 37.4981112 ], [ 126.9535105, 37.4980853 ], [ 126.953561600000015, 37.498076800000014 ], [ 126.953736, 37.4980725 ], [ 126.953872799999985, 37.4981364 ], [ 126.954141, 37.4984173 ], [ 126.9543636, 37.498717300000024 ], [ 126.9546077, 37.4990812 ], [ 126.954744500000018, 37.4994749 ], [ 126.954825, 37.4998238 ], [ 126.9548759, 37.5001835 ], [ 126.9546992, 37.5011652 ], [ 126.9546026, 37.501233300000017 ], [ 126.9537658, 37.50120350000001 ], [ 126.9536242, 37.5011882 ] ] } },
{ "type": "Feature", "properties": { "종류": "경사", "text": "경사가 가파른 구간입니다.", "A점수": null, "node": null, "최대경사_pct": 16.2, "길이_m": 111.8, "학교": "숭실대", "합친_큐수": null, "audio_key": "b3aa4ebe5791", "cue_id": "숭실대_357" }, "geometry": { "type": "LineString", "coordinates": [ [ 126.9518191, 37.4953587 ], [ 126.95192320000001, 37.495446200000011 ], [ 126.9524621, 37.4958949 ], [ 126.952693, 37.496087199999984 ] ] } },
{ "type": "Feature", "properties": { "종류": "경사", "text": "경사가 가파른 구간입니다.", "A점수": null, "node": null, "최대경사_pct": 13.5, "길이_m": 405.1, "학교": "숭실대", "합친_큐수": null, "audio_key": "b3aa4ebe5791", "cue_id": "숭실대_358" }, "geometry": { "type": "MultiLineString", "coordinates": [ [ [ 126.954615300000015, 37.4931561 ], [ 126.954609, 37.4923065 ], [ 126.9549827, 37.4922992 ] ], [ [ 126.954888900000014, 37.4931837 ], [ 126.9549982, 37.4931832 ] ], [ [ 126.9549982, 37.4931832 ], [ 126.9549827, 37.4922992 ] ], [ [ 126.9549827, 37.4922992 ], [ 126.9551177, 37.4922961 ], [ 126.955332699999985, 37.4922932 ], [ 126.9553794, 37.4922959 ], [ 126.955409700000018, 37.4923097 ], [ 126.9554243, 37.4923288 ], [ 126.95543, 37.4923544 ], [ 126.95542380000002, 37.4926314 ], [ 126.9553982, 37.4931526 ], [ 126.9553891, 37.4931729 ], [ 126.9553687, 37.4931886 ], [ 126.9553393, 37.4931945 ], [ 126.9549982, 37.4931832 ] ] ] } },
{ "type": "Feature", "properties": { "종류": "경사", "text": "경사가 가파른 구간입니다.", "A점수": null, "node": null, "최대경사_pct": 16.7, "길이_m": 121.4, "학교": "숭실대", "합친_큐수": null, "audio_key": "b3aa4ebe5791", "cue_id": "숭실대_359" }, "geometry": { "type": "LineString", "coordinates": [ [ 126.953286700000021, 37.4941687 ], [ 126.953356, 37.4943446 ], [ 126.953419700000012, 37.4945563 ], [ 126.953469500000011, 37.4948128 ], [ 126.9534856, 37.4948601 ], [ 126.9535337, 37.494991 ], [ 126.9535807, 37.4950946 ], [ 126.953617300000019, 37.4951301 ], [ 126.953664599999982, 37.49515490000001 ], [ 126.9537205, 37.495165400000012 ] ] } },
{ "type": "Feature", "properties": { "종류": "경사", "text": "경사가 급할 수 있는 구간입니다.", "A점수": null, "node": null, "최대경사_pct": 10.8, "길이_m": 104.3, "학교": "숭실대", "합친_큐수": null, "audio_key": "9310d8dd910c", "cue_id": "숭실대_360" }, "geometry": { "type": "LineString", "coordinates": [ [ 126.9598401, 37.4902475 ], [ 126.959898400000014, 37.4901999 ], [ 126.9598968, 37.4897262 ], [ 126.9598566, 37.489509200000029 ], [ 126.9598103, 37.4893324 ] ] } },
{ "type": "Feature", "properties": { "종류": "경사", "text": "경사가 급할 수 있는 구간입니다.", "A점수": null, "node": null, "최대경사_pct": 10.4, "길이_m": 61.9, "학교": "숭실대", "합친_큐수": null, "audio_key": "9310d8dd910c", "cue_id": "숭실대_361" }, "geometry": { "type": "LineString", "coordinates": [ [ 126.953014700000011, 37.5008952 ], [ 126.953388499999988, 37.5010379 ], [ 126.953631800000011, 37.5011578 ] ] } },
{ "type": "Feature", "properties": { "종류": "경사", "text": "경사가 급할 수 있는 구간입니다.", "A점수": null, "node": null, "최대경사_pct": 9.5, "길이_m": 56.3, "학교": "숭실대", "합친_큐수": null, "audio_key": "9310d8dd910c", "cue_id": "숭실대_362" }, "geometry": { "type": "LineString", "coordinates": [ [ 126.9528401, 37.5010358 ], [ 126.9527574, 37.50113 ], [ 126.952567, 37.5010428 ], [ 126.952408, 37.5009937 ], [ 126.95231050000001, 37.5009687 ] ] } },
{ "type": "Feature", "properties": { "종류": "경사", "text": "경사가 가파른 구간입니다.", "A점수": null, "node": null, "최대경사_pct": 18.9, "길이_m": 52.0, "학교": "숭실대", "합친_큐수": null, "audio_key": "b3aa4ebe5791", "cue_id": "숭실대_363" }, "geometry": { "type": "LineString", "coordinates": [ [ 126.953176, 37.5003816 ], [ 126.9533161, 37.5003892 ], [ 126.9537611, 37.5004244 ] ] } },
{ "type": "Feature", "properties": { "종류": "경사", "text": "경사가 매우 가파른 구간입니다.", "A점수": null, "node": null, "최대경사_pct": 23.5, "길이_m": 433.3, "학교": "숭실대", "합친_큐수": null, "audio_key": "1d39e98c4963", "cue_id": "숭실대_364" }, "geometry": { "type": "LineString", "coordinates": [ [ 126.9520157, 37.4990297 ], [ 126.9530398, 37.4995164 ], [ 126.95304520000002, 37.4995419 ], [ 126.953013400000017, 37.499578400000011 ], [ 126.9527774, 37.4996274 ], [ 126.952693600000018, 37.4996558 ], [ 126.952623700000018, 37.4996943 ], [ 126.952704499999982, 37.4997122 ], [ 126.9528096, 37.4997125 ], [ 126.953104700000011, 37.499685 ], [ 126.9531552, 37.4996803 ], [ 126.953398400000012, 37.499638700000013 ], [ 126.953619500000016, 37.4995806 ], [ 126.9535245, 37.4994514 ], [ 126.9531324, 37.4990472 ], [ 126.9530339, 37.4988981 ], [ 126.9530109, 37.498749099999976 ], [ 126.9530528, 37.498614 ], [ 126.9530801, 37.4985726 ], [ 126.9529829, 37.4985801 ], [ 126.9523654, 37.4986294 ] ] } },
{ "type": "Feature", "properties": { "종류": "경사", "text": "경사가 급할 수 있는 구간입니다.", "A점수": null, "node": null, "최대경사_pct": 11.8, "길이_m": 22.1, "학교": "숭실대", "합친_큐수": null, "audio_key": "9310d8dd910c", "cue_id": "숭실대_365" }, "geometry": { "type": "LineString", "coordinates": [ [ 126.96472, 37.4901721 ], [ 126.964743100000021, 37.4901191 ], [ 126.9647589, 37.4899764 ] ] } },
{ "type": "Feature", "properties": { "종류": "경사", "text": "경사가 가파른 구간입니다.", "A점수": null, "node": null, "최대경사_pct": 13.6, "길이_m": 252.4, "학교": "숭실대", "합친_큐수": null, "audio_key": "b3aa4ebe5791", "cue_id": "숭실대_366" }, "geometry": { "type": "LineString", "coordinates": [ [ 126.949033900000018, 37.4907855 ], [ 126.948973, 37.4904179 ], [ 126.9487693, 37.4898059 ], [ 126.9486372, 37.4893587 ], [ 126.948545200000012, 37.4891793 ], [ 126.9478768, 37.4894915 ] ] } },
{ "type": "Feature", "properties": { "종류": "경사", "text": "경사가 급할 수 있는 구간입니다.", "A점수": null, "node": null, "최대경사_pct": 9.0, "길이_m": 66.0, "학교": "숭실대", "합친_큐수": null, "audio_key": "9310d8dd910c", "cue_id": "숭실대_367" }, "geometry": { "type": "LineString", "coordinates": [ [ 126.9534945, 37.503754 ], [ 126.953773499999983, 37.503639 ], [ 126.95356289999998, 37.5033934 ], [ 126.953515, 37.5033661 ] ] } },
{ "type": "Feature", "properties": { "종류": "경사", "text": "경사가 급할 수 있는 구간입니다.", "A점수": null, "node": null, "최대경사_pct": 9.8, "길이_m": 102.4, "학교": "숭실대", "합친_큐수": null, "audio_key": "9310d8dd910c", "cue_id": "숭실대_368" }, "geometry": { "type": "LineString", "coordinates": [ [ 126.958800699999983, 37.4945209 ], [ 126.9576633, 37.4946951 ] ] } },
{ "type": "Feature", "properties": { "종류": "경사", "text": "경사가 급할 수 있는 구간입니다.", "A점수": null, "node": null, "최대경사_pct": 8.4, "길이_m": 92.8, "학교": "숭실대", "합친_큐수": null, "audio_key": "9310d8dd910c", "cue_id": "숭실대_369" }, "geometry": { "type": "LineString", "coordinates": [ [ 126.9566252, 37.4953228 ], [ 126.9564036, 37.49535510000004 ], [ 126.955593300000018, 37.4954732 ] ] } },
{ "type": "Feature", "properties": { "종류": "경사", "text": "경사가 매우 가파른 구간입니다.", "A점수": null, "node": null, "최대경사_pct": 22.1, "길이_m": 187.5, "학교": "숭실대", "합친_큐수": null, "audio_key": "1d39e98c4963", "cue_id": "숭실대_370" }, "geometry": { "type": "LineString", "coordinates": [ [ 126.949919900000012, 37.498298 ], [ 126.9500531, 37.4982878 ], [ 126.9505252, 37.498541 ], [ 126.9505507, 37.4985953 ], [ 126.950531900000016, 37.4986527 ], [ 126.950149300000021, 37.499108 ], [ 126.9506282, 37.4993723 ] ] } },
{ "type": "Feature", "properties": { "종류": "경사", "text": "경사가 급할 수 있는 구간입니다.", "A점수": null, "node": null, "최대경사_pct": 10.1, "길이_m": 74.4, "학교": "숭실대", "합친_큐수": null, "audio_key": "9310d8dd910c", "cue_id": "숭실대_371" }, "geometry": { "type": "LineString", "coordinates": [ [ 126.9667752, 37.488918 ], [ 126.966752500000013, 37.4888312 ], [ 126.9666509, 37.4886944 ], [ 126.9665139, 37.4885858 ], [ 126.966195900000017, 37.4884959 ] ] } },
{ "type": "Feature", "properties": { "종류": "경사", "text": "경사가 급할 수 있는 구간입니다.", "A점수": null, "node": null, "최대경사_pct": 9.1, "길이_m": 185.5, "학교": "숭실대", "합친_큐수": null, "audio_key": "9310d8dd910c", "cue_id": "숭실대_372" }, "geometry": { "type": "LineString", "coordinates": [ [ 126.9681978, 37.4873392 ], [ 126.96727, 37.4880264 ], [ 126.967219, 37.4880243 ], [ 126.967025899999982, 37.4874795 ], [ 126.9669767, 37.4874405 ] ] } },
{ "type": "Feature", "properties": { "종류": "경사", "text": "경사가 가파른 구간입니다.", "A점수": null, "node": null, "최대경사_pct": 13.6, "길이_m": 194.4, "학교": "숭실대", "합친_큐수": null, "audio_key": "b3aa4ebe5791", "cue_id": "숭실대_373" }, "geometry": { "type": "LineString", "coordinates": [ [ 126.950692800000013, 37.491426200000028 ], [ 126.9501442, 37.4916761 ], [ 126.9492806, 37.4919007 ], [ 126.949111300000013, 37.491394 ] ] } },
{ "type": "Feature", "properties": { "종류": "경사", "text": "경사가 가파른 구간입니다.", "A점수": null, "node": null, "최대경사_pct": 19.0, "길이_m": 409.6, "학교": "숭실대", "합친_큐수": null, "audio_key": "b3aa4ebe5791", "cue_id": "숭실대_374" }, "geometry": { "type": "MultiLineString", "coordinates": [ [ [ 126.9572442, 37.4908557 ], [ 126.957165800000013, 37.4909426 ], [ 126.9571318, 37.490980300000025 ] ], [ [ 126.9572442, 37.4908557 ], [ 126.957197699999981, 37.4907107 ], [ 126.9572348, 37.490672100000012 ], [ 126.9573157, 37.4905767 ], [ 126.9574015, 37.490525599999977 ], [ 126.9577234, 37.4903766 ], [ 126.957754, 37.4903473 ], [ 126.957833, 37.4902086 ], [ 126.9579379, 37.4900723 ], [ 126.9580104, 37.4900106 ], [ 126.9580903, 37.4899648 ], [ 126.9582653, 37.4898759 ], [ 126.9584588, 37.4898255 ], [ 126.9585329, 37.4897992 ], [ 126.9585719, 37.4896318 ], [ 126.958624299999983, 37.4894684 ], [ 126.9589808, 37.4894511 ] ], [ [ 126.95868590000002, 37.4906094 ], [ 126.9583234, 37.4908317 ], [ 126.958221800000018, 37.4908509 ], [ 126.95802740000002, 37.4909282 ], [ 126.958018, 37.490919 ], [ 126.9577954, 37.4908083 ], [ 126.9576693, 37.4907551 ], [ 126.9576318, 37.490753 ], [ 126.957409499999983, 37.4908299 ], [ 126.9572442, 37.4908557 ] ] ] } },
{ "type": "Feature", "properties": { "종류": "경사", "text": "경사가 급할 수 있는 구간입니다.", "A점수": null, "node": null, "최대경사_pct": 12.7, "길이_m": 42.5, "학교": "숭실대", "합친_큐수": null, "audio_key": "9310d8dd910c", "cue_id": "숭실대_375" }, "geometry": { "type": "LineString", "coordinates": [ [ 126.950646800000015, 37.5012666 ], [ 126.9502527, 37.501047799999988 ] ] } },
{ "type": "Feature", "properties": { "종류": "경사", "text": "경사가 급할 수 있는 구간입니다.", "A점수": null, "node": null, "최대경사_pct": 12.0, "길이_m": 35.7, "학교": "숭실대", "합친_큐수": null, "audio_key": "9310d8dd910c", "cue_id": "숭실대_376" }, "geometry": { "type": "LineString", "coordinates": [ [ 126.9512519, 37.5011592 ], [ 126.9511004, 37.501074100000018 ], [ 126.9510108, 37.501023800000013 ], [ 126.950924700000016, 37.5009709 ] ] } },
{ "type": "Feature", "properties": { "종류": "경사", "text": "경사가 가파른 구간입니다.", "A점수": null, "node": null, "최대경사_pct": 15.9, "길이_m": 195.6, "학교": "숭실대", "합친_큐수": null, "audio_key": "b3aa4ebe5791", "cue_id": "숭실대_377" }, "geometry": { "type": "LineString", "coordinates": [ [ 126.9521154, 37.5017173 ], [ 126.952169500000011, 37.50153959999998 ], [ 126.9522611, 37.5011823 ], [ 126.953059700000011, 37.50162310000001 ], [ 126.9531303, 37.5016648 ], [ 126.9535939, 37.5016963 ] ] } },
{ "type": "Feature", "properties": { "종류": "경사", "text": "경사가 가파른 구간입니다.", "A점수": null, "node": null, "최대경사_pct": 17.4, "길이_m": 29.6, "학교": "숭실대", "합친_큐수": null, "audio_key": "b3aa4ebe5791", "cue_id": "숭실대_378" }, "geometry": { "type": "LineString", "coordinates": [ [ 126.9490524, 37.5028891 ], [ 126.9487751, 37.5027391 ] ] } },
{ "type": "Feature", "properties": { "종류": "경사", "text": "경사가 급할 수 있는 구간입니다.", "A점수": null, "node": null, "최대경사_pct": 12.2, "길이_m": 39.2, "학교": "숭실대", "합친_큐수": null, "audio_key": "9310d8dd910c", "cue_id": "숭실대_379" }, "geometry": { "type": "LineString", "coordinates": [ [ 126.94954820000001, 37.5023033 ], [ 126.9499162, 37.5024997 ] ] } },
{ "type": "Feature", "properties": { "종류": "경사", "text": "경사가 가파른 구간입니다.", "A점수": null, "node": null, "최대경사_pct": 16.4, "길이_m": 499.6, "학교": "숭실대", "합친_큐수": null, "audio_key": "b3aa4ebe5791", "cue_id": "숭실대_380" }, "geometry": { "type": "MultiLineString", "coordinates": [ [ [ 126.955521300000015, 37.4979801 ], [ 126.9555146, 37.4979788 ], [ 126.9553781, 37.497941100000013 ], [ 126.955344900000014, 37.4979203 ], [ 126.9552966, 37.4978765 ], [ 126.9552638, 37.4978207 ], [ 126.955238400000013, 37.4977598 ], [ 126.955204800000018, 37.4976207 ], [ 126.955177, 37.4975652 ], [ 126.9551324, 37.4975228 ], [ 126.9548507, 37.4973249 ], [ 126.9547967, 37.4972607 ], [ 126.95477910000001, 37.4971756 ], [ 126.9547428, 37.4971441 ], [ 126.9546958, 37.4971315 ], [ 126.9545095, 37.4971449 ] ], [ [ 126.956867, 37.4982748 ], [ 126.956457499999985, 37.4981907 ], [ 126.955856200000014, 37.4980675 ], [ 126.955703199999988, 37.4980352 ], [ 126.955521300000015, 37.4979801 ] ], [ [ 126.955521300000015, 37.4979801 ], [ 126.9555642, 37.4979633 ], [ 126.955631100000019, 37.49795060000001 ], [ 126.955788399999989, 37.4979202 ], [ 126.95647390000002, 37.4979064 ], [ 126.95661290000001, 37.4979144 ], [ 126.9569643, 37.4978952 ], [ 126.9570609, 37.4978718 ], [ 126.9571842, 37.497825 ], [ 126.9574551, 37.497710099999985 ], [ 126.9578575, 37.4975994 ], [ 126.957975500000018, 37.497559 ], [ 126.958047500000021, 37.4975288 ] ] ] } },
{ "type": "Feature", "properties": { "종류": "경사", "text": "경사가 매우 가파른 구간입니다.", "A점수": null, "node": null, "최대경사_pct": 33.2, "길이_m": 5024.0, "학교": "숭실대", "합친_큐수": null, "audio_key": "1d39e98c4963", "cue_id": "숭실대_381" }, "geometry": { "type": "MultiLineString", "coordinates": [ [ [ 126.9593129, 37.49413 ], [ 126.959314299999988, 37.4939329 ], [ 126.9593225, 37.4939189 ], [ 126.9593365, 37.4939139 ], [ 126.959351, 37.4939128 ], [ 126.9601182, 37.4939166 ], [ 126.960189700000015, 37.493906100000025 ], [ 126.960199, 37.4939815 ], [ 126.960730799999979, 37.4945888 ], [ 126.9608523, 37.494771 ] ], [ [ 126.9595446, 37.4949183 ], [ 126.96045220000002, 37.4948161 ], [ 126.9608523, 37.494771 ] ], [ [ 126.9608523, 37.494771 ], [ 126.9609436, 37.494759 ] ], [ [ 126.9623021, 37.493693500000028 ], [ 126.962138400000015, 37.4939609 ], [ 126.9620818, 37.4940401 ], [ 126.96200970000001, 37.4941412 ], [ 126.9619332, 37.4942338 ], [ 126.961773599999987, 37.4943668 ], [ 126.9616717, 37.494426399999988 ], [ 126.9615188, 37.4944924 ], [ 126.961387400000021, 37.4945285 ], [ 126.9611742, 37.4945775 ], [ 126.9609985, 37.4945998 ], [ 126.960924700000021, 37.4946222 ], [ 126.9609436, 37.494759 ] ], [ [ 126.96245544991298, 37.493746566507063 ], [ 126.962297400000011, 37.494057 ], [ 126.9621223, 37.4942888 ], [ 126.96182730000001, 37.4945174 ], [ 126.9614936, 37.4946476 ], [ 126.9609436, 37.494759 ] ], [ [ 126.9624503, 37.489931 ], [ 126.961964099999989, 37.4897535 ], [ 126.9614413, 37.4895607 ] ], [ [ 126.962015, 37.4878013 ], [ 126.9620016, 37.4878311 ], [ 126.9620043, 37.4878652 ], [ 126.962117, 37.4882908 ], [ 126.9621545, 37.4884036 ], [ 126.9621572, 37.4884568 ], [ 126.962146500000017, 37.4884888 ], [ 126.962127699999982, 37.488516400000016 ], [ 126.96183, 37.4889357 ], [ 126.9618192, 37.4889825 ], [ 126.961838, 37.4890166 ], [ 126.9618568, 37.4890421 ], [ 126.9618943, 37.489074 ], [ 126.961988199999979, 37.4891145 ], [ 126.962146500000017, 37.489171900000017 ], [ 126.96267450000002, 37.489447 ], [ 126.9625733, 37.4896457 ], [ 126.9624503, 37.489931 ] ], [ [ 126.9624265, 37.4899623 ], [ 126.9620848, 37.4907064 ] ], [ [ 126.96245544991298, 37.493746566507063 ], [ 126.9623343, 37.4937051 ], [ 126.9623021, 37.493693500000028 ] ], [ [ 126.9623021, 37.493693500000028 ], [ 126.9620548, 37.493672 ], [ 126.9619712, 37.493497 ], [ 126.961977200000021, 37.4933026 ], [ 126.9620028, 37.4931093 ], [ 126.9619947, 37.4929111 ], [ 126.9619286, 37.492738900000013 ], [ 126.9619493, 37.492541600000017 ], [ 126.9619412, 37.4923618 ], [ 126.9619557, 37.4921714 ], [ 126.9619237, 37.491982600000014 ], [ 126.9619568, 37.4917982 ], [ 126.961932200000021, 37.4916046 ], [ 126.9619955, 37.4914164 ], [ 126.96203580000001, 37.491222900000011 ], [ 126.9621074, 37.4910466 ], [ 126.9621677, 37.490907 ], [ 126.9622115, 37.4907064 ], [ 126.9622704, 37.4905383 ], [ 126.9623488, 37.4903295 ], [ 126.962408199999985, 37.4901518 ], [ 126.9624506, 37.4899642 ], [ 126.9624265, 37.4899623 ] ], [ [ 126.9623021, 37.493693500000028 ], [ 126.962383200000019, 37.4935348 ], [ 126.9626622, 37.4929553 ], [ 126.9628106, 37.492707399999986 ], [ 126.9628626, 37.4926046 ], [ 126.9628862, 37.492459 ], [ 126.9628574, 37.49231530000003 ], [ 126.9628673, 37.4922771 ], [ 126.9628989, 37.4922324 ] ], [ [ 126.9624503, 37.489931 ], [ 126.9624265, 37.4899623 ] ], [ [ 126.963637600000013, 37.4884994 ], [ 126.9635918, 37.4885306 ], [ 126.9635252, 37.488576 ], [ 126.9631926, 37.4887292 ], [ 126.9630907, 37.4887973 ], [ 126.9629995, 37.4888995 ], [ 126.962876200000011, 37.4891072 ], [ 126.9632329, 37.4892426 ], [ 126.9629383, 37.489651500000029 ], [ 126.962751, 37.4900096 ], [ 126.9624503, 37.489931 ] ], [ [ 126.96245544991298, 37.493746566507063 ], [ 126.9625058, 37.4937638 ], [ 126.9626093, 37.4938407 ], [ 126.962624, 37.4940327 ], [ 126.962584800000016, 37.4942115 ], [ 126.9626981, 37.494368 ], [ 126.962953, 37.4945168 ], [ 126.9630446, 37.4945479 ] ], [ [ 126.965702, 37.4894677 ], [ 126.965574300000014, 37.4896146 ], [ 126.965326, 37.489829200000017 ], [ 126.964879199999984, 37.490178 ], [ 126.9646891, 37.4904098 ], [ 126.96432080000001, 37.4913981 ], [ 126.9642534, 37.491508499999988 ], [ 126.964140400000019, 37.4916426 ], [ 126.963264400000014, 37.4924411 ], [ 126.9630493, 37.4926419 ], [ 126.962902899999989, 37.4928366 ], [ 126.9624815, 37.4936954 ], [ 126.96245544991298, 37.493746566507063 ] ], [ [ 126.9639612, 37.4907623 ], [ 126.964379600000015, 37.4908613 ], [ 126.9642869, 37.4911022 ], [ 126.9641849, 37.4913299 ], [ 126.964142, 37.4914129 ], [ 126.9640535, 37.4915279 ], [ 126.9639543, 37.491613 ], [ 126.96382, 37.4917325 ], [ 126.9633482, 37.4922102 ], [ 126.963229, 37.492246 ], [ 126.9628989, 37.4922324 ] ], [ [ 126.9628989, 37.4922324 ], [ 126.9628224, 37.4921174 ], [ 126.9628197, 37.4920556 ], [ 126.9628519, 37.491979 ], [ 126.9628894, 37.4919322 ], [ 126.9629511, 37.4918982 ], [ 126.9630504, 37.4918513 ], [ 126.9631255, 37.4918088 ], [ 126.963160300000013, 37.491781100000011 ], [ 126.9632155, 37.4917304 ], [ 126.963318700000016, 37.4915185 ] ], [ [ 126.9630446, 37.4945479 ], [ 126.9630455, 37.494558600000019 ], [ 126.96306220000001, 37.4947473 ], [ 126.9630065, 37.4949389 ], [ 126.9629099, 37.4952189 ], [ 126.9628765, 37.4953634 ], [ 126.9629285, 37.4956493 ], [ 126.962947, 37.4957731 ], [ 126.963002800000012, 37.4958615 ], [ 126.963140200000012, 37.4960856 ], [ 126.96321829999998, 37.4962595 ], [ 126.963223, 37.49638920000001 ], [ 126.9631242, 37.496586500000035 ], [ 126.9630882, 37.4967754 ], [ 126.9630468, 37.4969286 ], [ 126.9630362, 37.4971114 ], [ 126.963140200000012, 37.4972057 ], [ 126.9633409, 37.4972912 ], [ 126.96349690000001, 37.4973767 ], [ 126.9636121, 37.4974858 ], [ 126.963749599999986, 37.4976302 ], [ 126.963861, 37.4976891 ], [ 126.963991099999987, 37.4977216 ], [ 126.9642474, 37.4978218 ], [ 126.9643923, 37.4979456 ], [ 126.9645558, 37.4980399 ], [ 126.964745300000018, 37.4981077 ], [ 126.96498680000002, 37.498149 ], [ 126.9650685, 37.4982345 ], [ 126.965150300000019, 37.4982993 ] ], [ [ 126.96546, 37.4932563 ], [ 126.9652826, 37.493206499999978 ], [ 126.9651099, 37.493193100000013 ], [ 126.9650473, 37.4932215 ], [ 126.9648778, 37.493333800000016 ], [ 126.964763399999981, 37.4933919 ], [ 126.9646466, 37.4934626 ], [ 126.9645228, 37.4935741 ], [ 126.9644511, 37.4936542 ], [ 126.9642447, 37.493834300000017 ], [ 126.9640278, 37.4939415 ], [ 126.9639353, 37.4939829 ], [ 126.963870700000015, 37.49403 ], [ 126.9637162, 37.4941452 ], [ 126.9635316, 37.4942656 ], [ 126.963338800000017, 37.4943612 ], [ 126.9630446, 37.4945479 ] ], [ [ 126.9639612, 37.4907623 ], [ 126.9638336, 37.491174600000022 ], [ 126.96379330000002, 37.4912874 ], [ 126.963755800000015, 37.4913789 ], [ 126.9635873, 37.49163320000001 ], [ 126.963318700000016, 37.4915185 ] ], [ [ 126.963318700000016, 37.4915185 ], [ 126.963465, 37.4911685 ], [ 126.963465, 37.490972500000012 ], [ 126.9634868, 37.490648899999989 ] ], [ [ 126.9639612, 37.4907623 ], [ 126.9634868, 37.490648899999989 ] ], [ [ 126.9634868, 37.490648899999989 ], [ 126.9635003, 37.4904262 ] ], [ [ 126.9635003, 37.4904262 ], [ 126.9636311, 37.490454200000023 ], [ 126.963686, 37.490467 ], [ 126.963704800000016, 37.490468 ], [ 126.9637263, 37.490468 ], [ 126.9637397, 37.4904648 ], [ 126.963747700000013, 37.49044990000003 ], [ 126.963939100000019, 37.4899361 ] ], [ [ 126.9635003, 37.4904262 ], [ 126.963465, 37.4901041 ], [ 126.963506200000012, 37.4899454 ], [ 126.9635898, 37.4898305 ], [ 126.963924799999987, 37.4894486 ] ], [ [ 126.9639612, 37.4907623 ], [ 126.963986500000019, 37.4906808 ], [ 126.964247200000017, 37.4900292 ] ], [ [ 126.965150300000019, 37.4982993 ], [ 126.965055800000016, 37.4983483 ] ], [ [ 126.9685347, 37.5015492 ], [ 126.9682801, 37.5013151 ], [ 126.968269, 37.5013049 ], [ 126.9680363, 37.501115 ], [ 126.9678774, 37.5010347 ], [ 126.967784800000018, 37.5009496 ], [ 126.9676862, 37.5008354 ], [ 126.9676219, 37.500746 ], [ 126.9675578, 37.5006221 ], [ 126.967508899999984, 37.5005109 ], [ 126.9674688, 37.500388799999989 ], [ 126.9674266, 37.5002924 ], [ 126.967342, 37.5002044 ], [ 126.9672309, 37.5001357 ], [ 126.96706020000002, 37.5000881 ], [ 126.966940699999981, 37.500035 ], [ 126.966824499999987, 37.4999816 ], [ 126.9667313, 37.4999232 ], [ 126.966662400000018, 37.4998616 ], [ 126.9665956, 37.499737800000013 ], [ 126.9665361, 37.4995963 ], [ 126.966485, 37.4994776 ], [ 126.9664538, 37.4993566 ], [ 126.966414, 37.4992015 ], [ 126.966368, 37.499094499999984 ], [ 126.9663062, 37.4989735 ], [ 126.9662537, 37.4988564 ], [ 126.9661757, 37.4987149 ], [ 126.9661163, 37.4985676 ], [ 126.9660334, 37.4984227 ], [ 126.965947299999982, 37.498354500000019 ], [ 126.9657368, 37.4982885 ], [ 126.965492700000013, 37.498252 ], [ 126.9654064, 37.4982489 ], [ 126.9652647, 37.4982746 ], [ 126.965150300000019, 37.4982993 ] ] ] } },
{ "type": "Feature", "properties": { "종류": "경사", "text": "경사가 가파른 구간입니다.", "A점수": null, "node": null, "최대경사_pct": 13.1, "길이_m": 131.9, "학교": "숭실대", "합친_큐수": null, "audio_key": "b3aa4ebe5791", "cue_id": "숭실대_382" }, "geometry": { "type": "MultiLineString", "coordinates": [ [ [ 126.96781780000002, 37.499137099999984 ], [ 126.9679912, 37.4991568 ] ], [ [ 126.9679912, 37.4991568 ], [ 126.9680319, 37.4990506 ], [ 126.9682618, 37.4989371 ], [ 126.9683553, 37.4988351 ], [ 126.968208899999979, 37.49882 ], [ 126.9681254, 37.4987891 ], [ 126.9680848, 37.4989286 ], [ 126.967968, 37.499049 ], [ 126.9679912, 37.4991568 ] ] ] } },
{ "type": "Feature", "properties": { "종류": "경사", "text": "경사가 급할 수 있는 구간입니다.", "A점수": null, "node": null, "최대경사_pct": 12.5, "길이_m": 10.1, "학교": "숭실대", "합친_큐수": null, "audio_key": "9310d8dd910c", "cue_id": "숭실대_383" }, "geometry": { "type": "LineString", "coordinates": [ [ 126.967626199999984, 37.4954876 ], [ 126.967673500000018, 37.4954046 ] ] } },
{ "type": "Feature", "properties": { "종류": "경사", "text": "경사가 매우 가파른 구간입니다.", "A점수": null, "node": null, "최대경사_pct": 47.2, "길이_m": 2453.2, "학교": "숭실대", "합친_큐수": null, "audio_key": "1d39e98c4963", "cue_id": "숭실대_384" }, "geometry": { "type": "MultiLineString", "coordinates": [ [ [ 126.950516, 37.48779420000001 ], [ 126.94992910000002, 37.487419399999986 ], [ 126.9498384, 37.487392199999988 ], [ 126.9497464, 37.4874015 ], [ 126.94969829999998, 37.48741480000001 ], [ 126.9494665, 37.4875408 ], [ 126.949307800000014, 37.487601099999978 ], [ 126.9491232, 37.4876262 ] ], [ [ 126.9491847, 37.4913772 ], [ 126.9492108, 37.4914323 ], [ 126.9495177, 37.4913728 ], [ 126.9502815, 37.4911622 ], [ 126.9509086, 37.4909038 ] ], [ [ 126.949873499999981, 37.4884858 ], [ 126.949822400000016, 37.488448800000015 ], [ 126.9498091, 37.4883734 ], [ 126.9497937, 37.4883479 ], [ 126.94988810000001, 37.488305 ], [ 126.9503617, 37.4879117 ], [ 126.950008, 37.4876949 ], [ 126.949551, 37.4879557 ] ], [ [ 126.949873499999981, 37.4884858 ], [ 126.94990319999998, 37.4885046 ], [ 126.9499393, 37.4885148 ] ], [ [ 126.949873499999981, 37.4884858 ], [ 126.9498531, 37.488460299999986 ], [ 126.9498441, 37.4884311 ], [ 126.949847600000012, 37.488401 ], [ 126.949863, 37.4883735 ], [ 126.949888900000019, 37.4883514 ], [ 126.9499224, 37.4883372 ], [ 126.949959899999982, 37.48833230000001 ], [ 126.9499974, 37.488337300000012 ], [ 126.9500308, 37.4883516 ], [ 126.9500568, 37.488374 ], [ 126.9500721, 37.4884018 ], [ 126.9500752, 37.4884322 ], [ 126.9500656, 37.4884616 ], [ 126.9500445, 37.488487 ], [ 126.950014, 37.488505500000024 ], [ 126.949977700000019, 37.4885151 ], [ 126.9499393, 37.4885148 ] ], [ [ 126.9499393, 37.4885148 ], [ 126.9501062, 37.488559 ], [ 126.950268800000018, 37.488673 ], [ 126.951095, 37.4891287 ], [ 126.9512198, 37.489197500000017 ] ], [ [ 126.9505108, 37.49036250000001 ], [ 126.9504634, 37.490302 ], [ 126.9501475, 37.489939600000014 ] ], [ [ 126.9504667, 37.48785 ], [ 126.950516, 37.48779420000001 ] ], [ [ 126.9505108, 37.49036250000001 ], [ 126.950713100000016, 37.490662 ], [ 126.9509086, 37.4909038 ] ], [ [ 126.9506639, 37.4902888 ], [ 126.9505108, 37.49036250000001 ] ], [ [ 126.9518396, 37.4877434 ], [ 126.9514997, 37.4877358 ], [ 126.9510203, 37.4878228 ], [ 126.9507334, 37.487818499999989 ], [ 126.9505499, 37.4878158 ], [ 126.950516, 37.48779420000001 ] ], [ [ 126.9518396, 37.4877434 ], [ 126.951843, 37.4876731 ], [ 126.9517176, 37.4876684 ], [ 126.9515234, 37.4876604 ], [ 126.951327399999983, 37.4877068 ], [ 126.9511231, 37.4877374 ], [ 126.9509212, 37.4877608 ], [ 126.950733200000016, 37.4877604 ], [ 126.950618, 37.4877669 ], [ 126.950563700000018, 37.487751 ], [ 126.950516, 37.48779420000001 ] ], [ [ 126.9509086, 37.4909038 ], [ 126.951377, 37.491363300000025 ], [ 126.9514805, 37.491464799999989 ] ], [ [ 126.9521723, 37.4898883 ], [ 126.9516301, 37.4903132 ], [ 126.9517271, 37.490409 ], [ 126.9509086, 37.4909038 ] ], [ [ 126.9511232, 37.4890998 ], [ 126.9512419, 37.4891723 ], [ 126.9513577, 37.4892432 ] ], [ [ 126.951836199999988, 37.4878131 ], [ 126.9516949, 37.4877756 ], [ 126.951490899999982, 37.4877879 ], [ 126.951296499999984, 37.4878202 ], [ 126.9510745, 37.4878579 ], [ 126.9509421, 37.4878678 ], [ 126.950735, 37.4878676 ], [ 126.950666900000016, 37.4878675 ], [ 126.9505692, 37.487866700000012 ], [ 126.9505622, 37.4879226 ], [ 126.9504162, 37.4881354 ], [ 126.9502083, 37.4883912 ], [ 126.950194300000021, 37.4885431 ], [ 126.9503441, 37.488664 ], [ 126.950669300000015, 37.4888425 ], [ 126.9511232, 37.4890998 ] ], [ [ 126.9511232, 37.4890998 ], [ 126.9512863, 37.4889415 ], [ 126.9513931, 37.489002100000022 ] ], [ [ 126.95133, 37.48927 ], [ 126.9512198, 37.489197500000017 ] ], [ [ 126.9512198, 37.489197500000017 ], [ 126.9511612, 37.4892505 ], [ 126.9511043, 37.4892892 ], [ 126.9511559, 37.48932940000001 ], [ 126.9512612, 37.4893363 ] ], [ [ 126.9512612, 37.4893363 ], [ 126.9514001, 37.48942430000001 ] ], [ [ 126.9512612, 37.4893363 ], [ 126.95133, 37.48927 ] ], [ [ 126.9514679, 37.4893608 ], [ 126.95133, 37.48927 ] ], [ [ 126.9513577, 37.4892432 ], [ 126.95133, 37.48927 ] ], [ [ 126.9513577, 37.4892432 ], [ 126.9514331, 37.4892872 ], [ 126.951800799999987, 37.48950110000002 ], [ 126.952177299999988, 37.4897232 ], [ 126.9522347, 37.4897594 ], [ 126.9523245, 37.4898192 ], [ 126.9526062, 37.4899647 ], [ 126.9525711, 37.4900057 ], [ 126.952243900000013, 37.4898322 ], [ 126.9521236, 37.4897477 ], [ 126.9514679, 37.4893608 ] ], [ [ 126.9514001, 37.48942430000001 ], [ 126.9515044, 37.489491 ], [ 126.951791, 37.4896563 ], [ 126.952030600000015, 37.489808 ], [ 126.9520775, 37.4898276 ], [ 126.9521723, 37.4898883 ] ], [ [ 126.9514679, 37.4893608 ], [ 126.9514001, 37.48942430000001 ] ], [ [ 126.951836199999988, 37.4878131 ], [ 126.95194650000002, 37.4878798 ], [ 126.951990600000016, 37.4879263 ], [ 126.9520259, 37.4880339 ] ], [ [ 126.951836199999988, 37.4878131 ], [ 126.9518396, 37.4877434 ] ], [ [ 126.9518396, 37.4877434 ], [ 126.951961899999986, 37.4877462 ] ], [ [ 126.951961899999986, 37.4877462 ], [ 126.951970200000019, 37.4877609 ], [ 126.9520962, 37.4880019 ], [ 126.9521796, 37.488162200000012 ] ], [ [ 126.951961899999986, 37.4877462 ], [ 126.951955, 37.4877305 ], [ 126.9519507, 37.487713600000021 ], [ 126.9519488, 37.4876949 ], [ 126.9519486, 37.4876711 ], [ 126.9519494, 37.4876474 ], [ 126.951951099999988, 37.4876094 ], [ 126.952014199999979, 37.4876083 ], [ 126.9519991, 37.487708199999986 ], [ 126.952041, 37.4877986 ], [ 126.9520901, 37.4879027 ], [ 126.9521447, 37.487981200000014 ], [ 126.95224039999998, 37.4880642 ], [ 126.9522976, 37.4881294 ] ], [ [ 126.9528658, 37.4901947 ], [ 126.952616, 37.4900316 ], [ 126.9525432, 37.4900746 ], [ 126.9524538, 37.490049399999982 ], [ 126.9522622, 37.4899323 ], [ 126.9521723, 37.4898883 ] ], [ [ 126.9522785, 37.48827 ], [ 126.9521796, 37.488162200000012 ] ], [ [ 126.9522976, 37.4881294 ], [ 126.9521796, 37.488162200000012 ] ], [ [ 126.952344499999981, 37.4882011 ], [ 126.9522976, 37.4881294 ] ] ] } },
{ "type": "Feature", "properties": { "종류": "경사", "text": "경사가 급할 수 있는 구간입니다.", "A점수": null, "node": null, "최대경사_pct": 12.6, "길이_m": 427.4, "학교": "숭실대", "합친_큐수": null, "audio_key": "9310d8dd910c", "cue_id": "숭실대_385" }, "geometry": { "type": "MultiLineString", "coordinates": [ [ [ 126.959055, 37.4909218 ], [ 126.959144400000014, 37.4912225 ], [ 126.9591721, 37.4913985 ], [ 126.959142, 37.491463700000033 ], [ 126.9592276, 37.491769300000023 ], [ 126.959610600000019, 37.4918046 ] ], [ [ 126.959918299999984, 37.4928321 ], [ 126.9598682, 37.4926949 ], [ 126.9598021, 37.4925003 ], [ 126.959753800000016, 37.4923343 ], [ 126.9595258, 37.4920768 ], [ 126.9594692, 37.4920256 ], [ 126.9596066, 37.4918708 ], [ 126.959610600000019, 37.4918046 ] ], [ [ 126.9598188, 37.4904641 ], [ 126.959724300000019, 37.4907618 ], [ 126.959727799999982, 37.4907867 ], [ 126.9597323, 37.4908193 ], [ 126.959936200000016, 37.4910917 ], [ 126.9597744, 37.4913536 ], [ 126.959835700000014, 37.4915379 ], [ 126.9596195, 37.4916608 ], [ 126.959610600000019, 37.4918046 ] ] ] } },
{ "type": "Feature", "properties": { "종류": "경사", "text": "경사가 급할 수 있는 구간입니다.", "A점수": null, "node": null, "최대경사_pct": 9.5, "길이_m": 43.2, "학교": "숭실대", "합친_큐수": null, "audio_key": "9310d8dd910c", "cue_id": "숭실대_386" }, "geometry": { "type": "LineString", "coordinates": [ [ 126.9640774, 37.4894513 ], [ 126.9639435, 37.4898253 ] ] } },
{ "type": "Feature", "properties": { "종류": "경사", "text": "경사가 급할 수 있는 구간입니다.", "A점수": null, "node": null, "최대경사_pct": 10.0, "길이_m": 52.5, "학교": "숭실대", "합친_큐수": null, "audio_key": "9310d8dd910c", "cue_id": "숭실대_387" }, "geometry": { "type": "LineString", "coordinates": [ [ 126.9635506, 37.4893205 ], [ 126.963326200000012, 37.48975810000001 ] ] } },
{ "type": "Feature", "properties": { "종류": "경사", "text": "경사가 급할 수 있는 구간입니다.", "A점수": null, "node": null, "최대경사_pct": 11.5, "길이_m": 103.2, "학교": "숭실대", "합친_큐수": null, "audio_key": "9310d8dd910c", "cue_id": "숭실대_388" }, "geometry": { "type": "LineString", "coordinates": [ [ 126.9500872, 37.5019191 ], [ 126.9502484, 37.5020188 ], [ 126.9511068, 37.5023674 ] ] } },
{ "type": "Feature", "properties": { "종류": "경사", "text": "경사가 매우 가파른 구간입니다.", "A점수": null, "node": null, "최대경사_pct": 28.2, "길이_m": 3556.3, "학교": "숭실대", "합친_큐수": null, "audio_key": "1d39e98c4963", "cue_id": "숭실대_389" }, "geometry": { "type": "MultiLineString", "coordinates": [ [ [ 126.957803900000016, 37.4988191 ], [ 126.957894, 37.4988501 ], [ 126.957992300000015, 37.4988467 ], [ 126.958078, 37.4988566 ], [ 126.9581326, 37.4988635 ], [ 126.9581683, 37.4988681 ], [ 126.9582064, 37.4988704 ], [ 126.9582379, 37.4988892 ], [ 126.9583037, 37.498920300000016 ], [ 126.958394399999989, 37.4989636 ], [ 126.9584945, 37.499039400000022 ], [ 126.958608, 37.4990674 ], [ 126.958761699999982, 37.4991011 ], [ 126.958882200000019, 37.4990873 ], [ 126.958964, 37.499085700000023 ], [ 126.9590288, 37.4990605 ], [ 126.9591483, 37.499037 ], [ 126.9592229, 37.4989553 ], [ 126.9591878, 37.4988893 ], [ 126.959164500000014, 37.4988412 ], [ 126.95912610000002, 37.498805400000016 ], [ 126.959150100000016, 37.4987855 ], [ 126.9592192, 37.4986629 ], [ 126.959337100000013, 37.4985823 ], [ 126.95945900190199, 37.498523690931187 ] ], [ [ 126.95945900190199, 37.498523690931187 ], [ 126.959355699999989, 37.49838170000001 ], [ 126.959331100000014, 37.4981834 ] ], [ [ 126.9595543, 37.498651 ], [ 126.9595127, 37.4985975 ], [ 126.95945900190199, 37.498523690931187 ] ], [ [ 126.95945900190199, 37.498523690931187 ], [ 126.9596156, 37.4984484 ], [ 126.959861500000017, 37.4983404 ], [ 126.9602067, 37.4981554 ] ], [ [ 126.9595543, 37.498651 ], [ 126.9597851, 37.4989569 ], [ 126.9598394, 37.499029 ], [ 126.9600069, 37.499174 ], [ 126.9599136, 37.4993238 ], [ 126.9599105, 37.4996541 ], [ 126.959918800000011, 37.5001522 ], [ 126.9601661, 37.5009024 ], [ 126.960245500000013, 37.500944899999986 ], [ 126.9602943, 37.5009689 ] ], [ [ 126.9622136, 37.4977212 ], [ 126.96223950000001, 37.4978267 ], [ 126.96223670000002, 37.4979177 ], [ 126.9622666, 37.4980056 ], [ 126.962251, 37.498096099999984 ], [ 126.962296800000018, 37.4981802 ], [ 126.962180100000012, 37.4981802 ], [ 126.9620701, 37.498158300000028 ], [ 126.9619588, 37.498133 ], [ 126.961890900000014, 37.4982085 ], [ 126.9618266, 37.4982843 ], [ 126.9617899, 37.4983743 ], [ 126.9618702, 37.4984378 ], [ 126.9619683, 37.498485700000018 ], [ 126.9620868, 37.4984987 ], [ 126.962162, 37.4985663 ], [ 126.9622519, 37.4986253 ], [ 126.962342199999981, 37.4986813 ], [ 126.962354, 37.498591100000013 ], [ 126.9624188, 37.498514900000011 ], [ 126.9624779, 37.4984373 ], [ 126.9625577, 37.4985056 ], [ 126.9626575, 37.498555200000013 ], [ 126.9627458, 37.4986117 ], [ 126.962790600000019, 37.4986966 ], [ 126.9628885, 37.4987428 ], [ 126.96284, 37.4988248 ], [ 126.9627393, 37.4988744 ], [ 126.962681700000019, 37.498952 ], [ 126.9625854, 37.4990009 ], [ 126.9624892, 37.49895080000001 ], [ 126.9623738, 37.4989443 ], [ 126.962307900000013, 37.4988675 ], [ 126.9622, 37.4988372 ], [ 126.9621083, 37.49878360000001 ], [ 126.9619936, 37.4987576 ], [ 126.9618901, 37.4987092 ], [ 126.9617873, 37.4986689 ], [ 126.9616849, 37.4986215 ], [ 126.961572299999986, 37.4985908 ], [ 126.9614592, 37.4985671 ], [ 126.9613432, 37.4985427 ], [ 126.9612223, 37.498542 ], [ 126.961107100000021, 37.4985526 ], [ 126.960993500000015, 37.4985503 ], [ 126.9608746, 37.4985459 ], [ 126.9607575, 37.4985542 ], [ 126.960641599999988, 37.498559 ], [ 126.960525700000019, 37.498556300000025 ], [ 126.960413, 37.4985694 ], [ 126.960298600000016, 37.49857 ], [ 126.960183700000016, 37.4985737 ], [ 126.960064, 37.4985901 ], [ 126.9599499, 37.4985859 ], [ 126.9598338, 37.4986005 ], [ 126.95971830000002, 37.4986008 ], [ 126.959604399999989, 37.4986368 ], [ 126.9595543, 37.498651 ] ], [ [ 126.9602067, 37.4981554 ], [ 126.9602574, 37.4980949 ], [ 126.9602789, 37.4980342 ], [ 126.9602896, 37.49798950000001 ], [ 126.960303, 37.4979608 ], [ 126.9603231, 37.497937400000019 ], [ 126.9604707, 37.4978119 ], [ 126.9605015, 37.4977661 ], [ 126.9605096, 37.4977363 ], [ 126.9605015, 37.4977108 ], [ 126.960494800000021, 37.497690600000013 ], [ 126.9605055, 37.4976672 ], [ 126.9605256, 37.4976437 ], [ 126.960524299999989, 37.4976097 ], [ 126.9605096, 37.4975799 ], [ 126.960484099999988, 37.4975533 ], [ 126.9602628, 37.4974097 ], [ 126.9601984, 37.497365 ], [ 126.9601783, 37.4973256 ], [ 126.9601595, 37.4971054 ], [ 126.9601515, 37.4970245 ], [ 126.960175600000014, 37.4969362 ], [ 126.9601944, 37.4968713 ], [ 126.9602159, 37.4968298 ], [ 126.960233299999985, 37.4968117 ], [ 126.9602628, 37.4967904 ], [ 126.9605082, 37.496668100000015 ], [ 126.9607845, 37.4964872 ], [ 126.960840800000014, 37.4964372 ], [ 126.9608623, 37.4963978 ], [ 126.9608904, 37.4963637 ], [ 126.960928, 37.4963467 ], [ 126.961032599999982, 37.4963254 ], [ 126.9611895, 37.4962786 ], [ 126.961448300000015, 37.4961403 ], [ 126.9614953, 37.4961201 ], [ 126.9615154, 37.4961052 ], [ 126.961524800000021, 37.4960839 ], [ 126.9615234, 37.4960541 ], [ 126.9615355, 37.4959945 ], [ 126.9616039, 37.4958743 ], [ 126.961734, 37.4957523 ], [ 126.9617957, 37.4957012 ], [ 126.9618386, 37.4956821 ], [ 126.9618761, 37.4956778 ], [ 126.961932500000017, 37.495677800000017 ], [ 126.962050499999989, 37.4956799 ], [ 126.962084, 37.4956767 ], [ 126.9621149, 37.4956629 ], [ 126.9621377, 37.495648 ], [ 126.962156400000012, 37.49562250000001 ], [ 126.962173899999982, 37.495577800000014 ], [ 126.9622168, 37.4955161 ], [ 126.9622704, 37.495465 ], [ 126.9623938, 37.4954426 ], [ 126.9624212, 37.49544 ] ], [ [ 126.96099580000002, 37.4979114 ], [ 126.9607763, 37.4979178 ], [ 126.9604754, 37.4980114 ], [ 126.9602067, 37.4981554 ] ], [ [ 126.964300600000016, 37.5018422 ], [ 126.964353700000018, 37.5025015 ], [ 126.9643982, 37.5031809 ], [ 126.9620992, 37.5031951 ], [ 126.9615829, 37.5031209 ], [ 126.9606931, 37.5028575 ], [ 126.960391900000019, 37.502244299999987 ], [ 126.9602279, 37.5018777 ], [ 126.9601293, 37.5016572 ], [ 126.9601132, 37.501510499999988 ], [ 126.9601547, 37.501191500000012 ], [ 126.9602943, 37.5009689 ] ], [ [ 126.9604845, 37.499609 ], [ 126.960518900000011, 37.5002613 ], [ 126.960489, 37.5005677 ], [ 126.960422, 37.5007737 ], [ 126.960361, 37.5009041 ], [ 126.9602943, 37.5009689 ] ], [ [ 126.96099580000002, 37.4979114 ], [ 126.9615853, 37.497937199999981 ], [ 126.9617764, 37.497959800000011 ], [ 126.962075700000014, 37.4979304 ], [ 126.962182299999981, 37.4978832 ], [ 126.9622136, 37.4977212 ] ], [ [ 126.96099580000002, 37.4979114 ], [ 126.961069, 37.4978727 ], [ 126.961174700000015, 37.497734 ], [ 126.961256, 37.4972663 ], [ 126.961256, 37.497105 ], [ 126.9612844, 37.4970534 ], [ 126.96135360000001, 37.4970115 ], [ 126.961455200000017, 37.496963099999988 ], [ 126.961637300000021, 37.496909 ], [ 126.961971600000012, 37.496816100000018 ], [ 126.9621164, 37.4967831 ], [ 126.962196300000016, 37.49675220000001 ], [ 126.962168, 37.4968093 ], [ 126.9620159, 37.496972899999989 ] ], [ [ 126.9622136, 37.4977212 ], [ 126.9621328, 37.497538600000013 ], [ 126.9619939, 37.4973958 ], [ 126.961894199999989, 37.4973083 ], [ 126.961839, 37.497259900000024 ] ], [ [ 126.961839, 37.497259900000024 ], [ 126.9616447, 37.49707020000001 ], [ 126.9620159, 37.496972899999989 ] ], [ [ 126.961839, 37.497259900000024 ], [ 126.9620159, 37.496972899999989 ] ], [ [ 126.9636652, 37.501211500000011 ], [ 126.9636128, 37.5012848 ], [ 126.9628529, 37.5011832 ], [ 126.962755500000014, 37.501429900000026 ], [ 126.9627314, 37.5015617 ], [ 126.9630411, 37.5016163 ], [ 126.963029799999987, 37.5016722 ] ], [ [ 126.963530700000021, 37.5011244 ], [ 126.9636652, 37.501211500000011 ] ], [ [ 126.9636652, 37.501211500000011 ], [ 126.9638205, 37.5012312 ], [ 126.963881200000017, 37.5012206 ], [ 126.963935500000019, 37.5011827 ], [ 126.963967600000018, 37.5011222 ], [ 126.9639626, 37.5010149 ], [ 126.963937900000019, 37.5008805 ], [ 126.9640829, 37.500964200000013 ], [ 126.964266, 37.501217200000021 ] ], [ [ 126.964300600000016, 37.5018422 ], [ 126.9642772, 37.5012375 ], [ 126.964266, 37.501217200000021 ] ], [ [ 126.964300600000016, 37.5018422 ], [ 126.9637385, 37.5017611 ], [ 126.9637539, 37.5017082 ], [ 126.9638132, 37.5014978 ], [ 126.9638805, 37.5013812 ], [ 126.964150100000012, 37.5012459 ], [ 126.964266, 37.501217200000021 ] ] ] } },
{ "type": "Feature", "properties": { "종류": "계단", "text": "근처에 계단이 있습니다.", "A점수": null, "node": null, "최대경사_pct": 0.6, "길이_m": 60.7, "학교": "숭실대", "합친_큐수": null, "audio_key": "47e5cfdf8e88", "cue_id": "숭실대_390" }, "geometry": { "type": "LineString", "coordinates": [ [ 126.9498684, 37.5030276 ], [ 126.9498277, 37.5029608 ], [ 126.94983790000002, 37.5027254 ], [ 126.9498692, 37.5025691 ], [ 126.9499162, 37.5024997 ] ] } },
{ "type": "Feature", "properties": { "종류": "계단", "text": "근처에 계단이 있습니다.", "A점수": null, "node": null, "최대경사_pct": 4.0, "길이_m": 113.9, "학교": "숭실대", "합친_큐수": null, "audio_key": "47e5cfdf8e88", "cue_id": "숭실대_391" }, "geometry": { "type": "LineString", "coordinates": [ [ 126.9560891, 37.4909779 ], [ 126.956109499999982, 37.4910224 ], [ 126.9561006, 37.4911927 ], [ 126.9565388, 37.491216 ], [ 126.9565814, 37.490935 ], [ 126.956634100000016, 37.4909138 ], [ 126.9566976, 37.490795899999988 ] ] } },
{ "type": "Feature", "properties": { "종류": "계단", "text": "근처에 계단이 있습니다.", "A점수": null, "node": null, "최대경사_pct": 3.9, "길이_m": 40.0, "학교": "숭실대", "합친_큐수": null, "audio_key": "47e5cfdf8e88", "cue_id": "숭실대_392" }, "geometry": { "type": "LineString", "coordinates": [ [ 126.9480005, 37.5015333 ], [ 126.948051600000014, 37.5014336 ], [ 126.948172899999989, 37.5012897 ], [ 126.9481761, 37.5012692 ], [ 126.9481571, 37.501212299999985 ] ] } },
{ "type": "Feature", "properties": { "종류": "계단", "text": "근처에 계단이 있습니다.", "A점수": null, "node": null, "최대경사_pct": 25.9, "길이_m": 92.1, "학교": "숭실대", "합친_큐수": null, "audio_key": "47e5cfdf8e88", "cue_id": "숭실대_393" }, "geometry": { "type": "LineString", "coordinates": [ [ 126.948705, 37.4998532 ], [ 126.9487399, 37.4998555 ], [ 126.9496009, 37.5001653 ], [ 126.949631, 37.50012270000002 ] ] } },
{ "type": "Feature", "properties": { "종류": "계단", "text": "근처에 계단이 있습니다.", "A점수": null, "node": null, "최대경사_pct": 7.6, "길이_m": 20.8, "학교": "숭실대", "합친_큐수": null, "audio_key": "47e5cfdf8e88", "cue_id": "숭실대_394" }, "geometry": { "type": "LineString", "coordinates": [ [ 126.9532437, 37.4948643 ], [ 126.9533103, 37.4948499 ], [ 126.953469500000011, 37.4948128 ] ] } },
{ "type": "Feature", "properties": { "종류": "계단", "text": "근처에 계단이 있습니다.", "A점수": null, "node": null, "최대경사_pct": 6.2, "길이_m": 91.7, "학교": "숭실대", "합친_큐수": null, "audio_key": "47e5cfdf8e88", "cue_id": "숭실대_395" }, "geometry": { "type": "LineString", "coordinates": [ [ 126.953286700000021, 37.4941687 ], [ 126.9532723, 37.4941104 ], [ 126.9532588, 37.4940266 ], [ 126.953256, 37.4939183 ], [ 126.95324410000002, 37.4937872 ], [ 126.953254900000019, 37.4937558 ], [ 126.95329790000001, 37.4937359 ], [ 126.953459, 37.4937315 ], [ 126.9536226, 37.4937262 ], [ 126.9537619, 37.4937201 ] ] } },
{ "type": "Feature", "properties": { "종류": "계단", "text": "근처에 계단이 있습니다.", "A점수": null, "node": null, "최대경사_pct": 20.0, "길이_m": 26.7, "학교": "숭실대", "합친_큐수": null, "audio_key": "47e5cfdf8e88", "cue_id": "숭실대_396" }, "geometry": { "type": "LineString", "coordinates": [ [ 126.957895, 37.4911811 ], [ 126.9581284, 37.4910278 ] ] } },
{ "type": "Feature", "properties": { "종류": "계단", "text": "근처에 계단이 있습니다.", "A점수": null, "node": null, "최대경사_pct": 15.8, "길이_m": 67.0, "학교": "숭실대", "합친_큐수": null, "audio_key": "47e5cfdf8e88", "cue_id": "숭실대_397" }, "geometry": { "type": "LineString", "coordinates": [ [ 126.9491847, 37.4913772 ], [ 126.949033900000018, 37.4907855 ] ] } },
{ "type": "Feature", "properties": { "종류": "계단", "text": "근처에 계단이 있습니다.", "A점수": null, "node": null, "최대경사_pct": 21.2, "길이_m": 45.7, "학교": "숭실대", "합친_큐수": null, "audio_key": "47e5cfdf8e88", "cue_id": "숭실대_398" }, "geometry": { "type": "LineString", "coordinates": [ [ 126.9510725, 37.5015005 ], [ 126.9508288, 37.501366800000014 ], [ 126.950646800000015, 37.5012666 ] ] } },
{ "type": "Feature", "properties": { "종류": "계단", "text": "근처에 계단이 있습니다.", "A점수": null, "node": null, "최대경사_pct": 31.5, "길이_m": 67.2, "학교": "숭실대", "합친_큐수": null, "audio_key": "47e5cfdf8e88", "cue_id": "숭실대_399" }, "geometry": { "type": "LineString", "coordinates": [ [ 126.9487898, 37.5012141 ], [ 126.948526300000012, 37.5010463 ], [ 126.9484735, 37.5010077 ], [ 126.9484342, 37.5009709 ], [ 126.9483908, 37.500928 ], [ 126.9483584, 37.500899900000014 ], [ 126.9483389, 37.5008748 ], [ 126.9483314, 37.500853 ], [ 126.9483183, 37.500767600000017 ] ] } },
{ "type": "Feature", "properties": { "종류": "계단", "text": "근처에 계단이 있습니다.", "A점수": null, "node": null, "최대경사_pct": 11.9, "길이_m": 28.4, "학교": "숭실대", "합친_큐수": null, "audio_key": "47e5cfdf8e88", "cue_id": "숭실대_400" }, "geometry": { "type": "LineString", "coordinates": [ [ 126.94954820000001, 37.5023033 ], [ 126.9493604, 37.5021994 ], [ 126.949284, 37.5021583 ] ] } },
{ "type": "Feature", "properties": { "종류": "계단", "text": "근처에 계단이 있습니다.", "A점수": null, "node": null, "최대경사_pct": 19.1, "길이_m": 70.0, "학교": "숭실대", "합친_큐수": null, "audio_key": "47e5cfdf8e88", "cue_id": "숭실대_401" }, "geometry": { "type": "LineString", "coordinates": [ [ 126.966403500000013, 37.495182500000013 ], [ 126.967032, 37.4955663 ] ] } },
{ "type": "Feature", "properties": { "종류": "계단", "text": "근처에 계단이 있습니다.", "A점수": null, "node": null, "최대경사_pct": 25.7, "길이_m": 24.6, "학교": "숭실대", "합친_큐수": null, "audio_key": "47e5cfdf8e88", "cue_id": "숭실대_402" }, "geometry": { "type": "LineString", "coordinates": [ [ 126.9532392, 37.5001859 ], [ 126.953121200000012, 37.500245500000027 ], [ 126.9529995, 37.5002985 ] ] } },
{ "type": "Feature", "properties": { "종류": "계단", "text": "근처에 계단이 있습니다.", "A점수": null, "node": null, "최대경사_pct": 16.7, "길이_m": 134.0, "학교": "숭실대", "합친_큐수": null, "audio_key": "47e5cfdf8e88", "cue_id": "숭실대_403" }, "geometry": { "type": "MultiLineString", "coordinates": [ [ [ 126.96809140000002, 37.49586979999998 ], [ 126.967626199999984, 37.4954876 ] ], [ [ 126.96809140000002, 37.49586979999998 ], [ 126.9681693, 37.4957914 ], [ 126.9681249, 37.49575440000001 ], [ 126.96806890000002, 37.4957043 ], [ 126.9680128, 37.4956321 ], [ 126.967977800000014, 37.4955616 ], [ 126.967961399999979, 37.4954764 ], [ 126.967980200000014, 37.4953735 ] ], [ [ 126.96818380000002, 37.4959458 ], [ 126.96809140000002, 37.49586979999998 ] ] ] } },
{ "type": "Feature", "properties": { "종류": "계단", "text": "근처에 계단이 있습니다.", "A점수": null, "node": null, "최대경사_pct": 26.9, "길이_m": 50.9, "학교": "숭실대", "합친_큐수": null, "audio_key": "47e5cfdf8e88", "cue_id": "숭실대_404" }, "geometry": { "type": "LineString", "coordinates": [ [ 126.9683303, 37.4964005 ], [ 126.9679071, 37.4967113 ] ] } },
{ "type": "Feature", "properties": { "종류": "계단", "text": "근처에 계단이 있습니다.", "A점수": null, "node": null, "최대경사_pct": 21.8, "길이_m": 24.6, "학교": "숭실대", "합친_큐수": null, "audio_key": "47e5cfdf8e88", "cue_id": "숭실대_405" }, "geometry": { "type": "LineString", "coordinates": [ [ 126.9680607, 37.5014517 ], [ 126.9682801, 37.5013151 ] ] } },
{ "type": "Feature", "properties": { "종류": "계단", "text": "근처에 계단이 있습니다.", "A점수": null, "node": null, "최대경사_pct": 19.3, "길이_m": 72.1, "학교": "숭실대", "합친_큐수": null, "audio_key": "47e5cfdf8e88", "cue_id": "숭실대_406" }, "geometry": { "type": "LineString", "coordinates": [ [ 126.9664453, 37.4951409 ], [ 126.967092, 37.4955364 ] ] } },
{ "type": "Feature", "properties": { "종류": "계단", "text": "근처에 계단이 있습니다.", "A점수": null, "node": null, "최대경사_pct": 14.2, "길이_m": 155.2, "학교": "숭실대", "합친_큐수": null, "audio_key": "47e5cfdf8e88", "cue_id": "숭실대_407" }, "geometry": { "type": "LineString", "coordinates": [ [ 126.962196300000016, 37.49675220000001 ], [ 126.9622538, 37.496636 ], [ 126.9624239, 37.49648770000001 ], [ 126.962331300000017, 37.4962596 ], [ 126.9623098, 37.496091 ], [ 126.962365500000018, 37.4959024 ], [ 126.962357400000016, 37.49571550000001 ], [ 126.9623984, 37.495606700000017 ], [ 126.9624176, 37.4955555 ], [ 126.9624199, 37.4955137 ], [ 126.9624212, 37.49544 ] ] } },
{ "type": "Feature", "properties": { "종류": "계단", "text": "근처에 계단이 있습니다.", "A점수": null, "node": null, "최대경사_pct": 14.7, "길이_m": 695.8, "학교": "숭실대", "합친_큐수": null, "audio_key": "47e5cfdf8e88", "cue_id": "숭실대_408" }, "geometry": { "type": "LineString", "coordinates": [ [ 126.957803900000016, 37.4988191 ], [ 126.957782300000019, 37.4988465 ], [ 126.9577548, 37.4988526 ], [ 126.95771160000001, 37.4988623 ], [ 126.957676100000015, 37.4988716 ], [ 126.9576305, 37.4988807 ], [ 126.957499, 37.499003 ], [ 126.957331400000015, 37.4991828 ], [ 126.9571047, 37.4992785 ], [ 126.957069899999979, 37.49930410000001 ], [ 126.9570109, 37.4993339 ], [ 126.9569948, 37.49937 ], [ 126.956815099999986, 37.499436 ], [ 126.9567594, 37.4994733 ], [ 126.956694400000018, 37.4995424 ], [ 126.9566488, 37.4996616 ], [ 126.9565576, 37.4998658 ], [ 126.9564797, 37.5001244 ], [ 126.956465899999984, 37.500253900000018 ], [ 126.9564416, 37.5004599 ], [ 126.956455099999985, 37.500537500000014 ], [ 126.956441200000015, 37.500586399999989 ], [ 126.9564227, 37.5006169 ], [ 126.956388799999985, 37.5006609 ], [ 126.956282500000015, 37.5007673 ], [ 126.9562486, 37.5008137 ], [ 126.9562394, 37.500846700000011 ], [ 126.956234800000018, 37.5009164 ], [ 126.956200900000013, 37.5010337 ], [ 126.95615, 37.5011107 ], [ 126.9560899, 37.5011903 ], [ 126.9560283, 37.5012477 ], [ 126.955928200000017, 37.501338200000021 ], [ 126.955826500000015, 37.5014543 ], [ 126.9556463, 37.50165470000001 ], [ 126.955570800000018, 37.5017134 ], [ 126.955529199999987, 37.5017439 ], [ 126.9555015, 37.501769600000024 ], [ 126.955479900000014, 37.5017965 ], [ 126.9554198, 37.5018808 ], [ 126.955381299999985, 37.5019505 ], [ 126.955312599999985, 37.5020898 ], [ 126.9552599, 37.5023561 ], [ 126.9552424, 37.5024474 ], [ 126.955244100000016, 37.5025309 ], [ 126.9552505, 37.502681100000011 ], [ 126.9552588, 37.502837799999988 ], [ 126.9552581, 37.5029221 ], [ 126.9551949, 37.5031836 ], [ 126.9550994, 37.5034342 ], [ 126.955064, 37.503571 ], [ 126.9550609, 37.5036334 ], [ 126.9550301, 37.5036725 ], [ 126.955013, 37.5036997 ], [ 126.955004799999983, 37.5037127 ], [ 126.954996, 37.5037268 ], [ 126.954906600000015, 37.503747499999989 ], [ 126.9547922, 37.503777 ], [ 126.954726699999981, 37.5037804 ], [ 126.954674600000018, 37.5037725 ], [ 126.954596, 37.503750700000019 ], [ 126.954636, 37.5037302 ], [ 126.95463789999998, 37.5037138 ], [ 126.954633300000012, 37.503687 ], [ 126.95459630000002, 37.503589200000015 ], [ 126.9545391, 37.503581400000016 ] ] } },
{ "type": "Feature", "properties": { "종류": "계단", "text": "근처에 계단이 있습니다.", "A점수": null, "node": null, "최대경사_pct": 19.9, "길이_m": 52.6, "학교": "숭실대", "합친_큐수": null, "audio_key": "47e5cfdf8e88", "cue_id": "숭실대_409" }, "geometry": { "type": "LineString", "coordinates": [ [ 126.9592229, 37.4989553 ], [ 126.9592833, 37.4989861 ], [ 126.959322900000018, 37.4990019 ], [ 126.959385700000013, 37.4990271 ], [ 126.959573800000015, 37.4989966 ], [ 126.9597689, 37.4989592 ], [ 126.9597851, 37.4989569 ] ] } },
{ "type": "Feature", "properties": { "종류": "횡단", "text": "주의. 근처에 횡단보도가 있습니다. 보행 신호등이 없습니다. 중간 교통섬을 거쳐 두 번에 나누어 건넙니다.", "A점수": 3.0, "node": "10107993115", "최대경사_pct": null, "길이_m": null, "학교": "중앙대", "합친_큐수": 1.0, "audio_key": "ac97e3e7c127", "cue_id": "중앙대_000" }, "geometry": { "type": "Point", "coordinates": [ 126.9616628, 37.5068106 ] } },
{ "type": "Feature", "properties": { "종류": "횡단", "text": "근처에 횡단보도가 있습니다. 보행 신호등이 없습니다. 중간 교통섬을 거쳐 두 번에 나누어 건넙니다.", "A점수": null, "node": "12056766167", "최대경사_pct": null, "길이_m": null, "학교": "중앙대", "합친_큐수": 1.0, "audio_key": "dba96f9a1447", "cue_id": "중앙대_001" }, "geometry": { "type": "Point", "coordinates": [ 126.9500524, 37.5104363 ] } },
{ "type": "Feature", "properties": { "종류": "횡단", "text": "근처에 횡단보도가 있습니다. 보행 신호등이 없습니다. 중간 교통섬을 거쳐 두 번에 나누어 건넙니다.", "A점수": null, "node": "12056780871", "최대경사_pct": null, "길이_m": null, "학교": "중앙대", "합친_큐수": 1.0, "audio_key": "dba96f9a1447", "cue_id": "중앙대_002" }, "geometry": { "type": "Point", "coordinates": [ 126.951028, 37.5099627 ] } },
{ "type": "Feature", "properties": { "종류": "횡단", "text": "주의. 근처에 횡단보도가 있습니다. 보행 신호등이 없습니다. 중간 교통섬을 거쳐 두 번에 나누어 건넙니다.", "A점수": 3.0, "node": "12864823352", "최대경사_pct": null, "길이_m": null, "학교": "중앙대", "합친_큐수": 1.0, "audio_key": "ac97e3e7c127", "cue_id": "중앙대_003" }, "geometry": { "type": "Point", "coordinates": [ 126.960887099999979, 37.503730199999985 ] } },
{ "type": "Feature", "properties": { "종류": "횡단", "text": "주의. 근처에 횡단보도가 있습니다. 보행 신호등이 없습니다. 중간 교통섬을 거쳐 두 번에 나누어 건넙니다.", "A점수": 3.0, "node": "13392265479", "최대경사_pct": null, "길이_m": null, "학교": "중앙대", "합친_큐수": 1.0, "audio_key": "ac97e3e7c127", "cue_id": "중앙대_004" }, "geometry": { "type": "Point", "coordinates": [ 126.9631642, 37.5095502 ] } },
{ "type": "Feature", "properties": { "종류": "횡단", "text": "근처에 횡단보도가 있습니다. 보행 신호등이 없습니다. 중간 교통섬을 거쳐 두 번에 나누어 건넙니다.", "A점수": 0.0, "node": "13597219417", "최대경사_pct": null, "길이_m": null, "학교": "중앙대", "합친_큐수": 1.0, "audio_key": "dba96f9a1447", "cue_id": "중앙대_005" }, "geometry": { "type": "Point", "coordinates": [ 126.949122, 37.5013827 ] } },
{ "type": "Feature", "properties": { "종류": "횡단+회전", "text": "주의. 근처에 횡단보도가 있습니다. 보행 신호등이 없습니다. 중간 교통섬을 거쳐 두 번에 나누어 건넙니다. 길이 크게 꺾이는 곳입니다.", "A점수": 3.0, "node": "13597219420", "최대경사_pct": null, "길이_m": null, "학교": "중앙대", "합친_큐수": 2.0, "audio_key": "3f312a5cc5f0", "cue_id": "중앙대_006" }, "geometry": { "type": "Point", "coordinates": [ 126.9514117, 37.4987499 ] } },
{ "type": "Feature", "properties": { "종류": "횡단", "text": "근처에 횡단보도가 있습니다. 보행 신호등은 있지만 음향신호기는 없습니다. 중간 교통섬을 거쳐 두 번에 나누어 건넙니다.", "A점수": 2.0, "node": "13597219423", "최대경사_pct": null, "길이_m": null, "학교": "중앙대", "합친_큐수": 1.0, "audio_key": "c30d91ef833e", "cue_id": "중앙대_007" }, "geometry": { "type": "Point", "coordinates": [ 126.952489, 37.497517 ] } },
{ "type": "Feature", "properties": { "종류": "횡단", "text": "근처에 횡단보도가 있습니다. 보행 신호등은 있지만 음향신호기는 없습니다. 중간 교통섬을 거쳐 두 번에 나누어 건넙니다.", "A점수": 1.0, "node": "13597219425", "최대경사_pct": null, "길이_m": null, "학교": "중앙대", "합친_큐수": 1.0, "audio_key": "c30d91ef833e", "cue_id": "중앙대_008" }, "geometry": { "type": "Point", "coordinates": [ 126.947753400000011, 37.5031375 ] } },
{ "type": "Feature", "properties": { "종류": "횡단", "text": "주의. 근처에 횡단보도가 있습니다. 보행 신호등이 없습니다. 중간 교통섬을 거쳐 두 번에 나누어 건넙니다.", "A점수": 3.0, "node": "13675095844", "최대경사_pct": null, "길이_m": null, "학교": "중앙대", "합친_큐수": 1.0, "audio_key": "ac97e3e7c127", "cue_id": "중앙대_009" }, "geometry": { "type": "Point", "coordinates": [ 126.963934, 37.508720900000014 ] } },
{ "type": "Feature", "properties": { "종류": "횡단", "text": "근처에 횡단보도가 있습니다. 보행 신호등이 없습니다. 중간 교통섬을 거쳐 두 번에 나누어 건넙니다.", "A점수": null, "node": "13816446695", "최대경사_pct": null, "길이_m": null, "학교": "중앙대", "합친_큐수": 1.0, "audio_key": "dba96f9a1447", "cue_id": "중앙대_010" }, "geometry": { "type": "Point", "coordinates": [ 126.9606931, 37.5028575 ] } },
{ "type": "Feature", "properties": { "종류": "횡단", "text": "근처에 횡단보도가 있습니다. 보행 신호등과 음향신호기가 있습니다. 중간 교통섬을 거쳐 두 번에 나누어 건넙니다.", "A점수": null, "node": "2281726768", "최대경사_pct": null, "길이_m": null, "학교": "중앙대", "합친_큐수": 1.0, "audio_key": "71d7daf1bfd3", "cue_id": "중앙대_011" }, "geometry": { "type": "Point", "coordinates": [ 126.9562206, 37.5136534 ] } },
{ "type": "Feature", "properties": { "종류": "횡단", "text": "근처에 횡단보도가 있습니다. 보행 신호등은 있지만 음향신호기는 없습니다. 중간 교통섬을 거쳐 두 번에 나누어 건넙니다.", "A점수": 2.0, "node": "2288832804", "최대경사_pct": null, "길이_m": null, "학교": "중앙대", "합친_큐수": 1.0, "audio_key": "c30d91ef833e", "cue_id": "중앙대_012" }, "geometry": { "type": "Point", "coordinates": [ 126.961826699999989, 37.50741810000001 ] } },
{ "type": "Feature", "properties": { "종류": "횡단", "text": "근처에 횡단보도가 있습니다. 보행 신호등이 없습니다.", "A점수": 2.0, "node": "2824550212", "최대경사_pct": null, "길이_m": null, "학교": "중앙대", "합친_큐수": 1.0, "audio_key": "7a5f3c6c6e6d", "cue_id": "중앙대_013" }, "geometry": { "type": "Point", "coordinates": [ 126.9490271, 37.508573 ] } },
{ "type": "Feature", "properties": { "종류": "횡단", "text": "근처에 횡단보도가 있습니다. 보행 신호등이 없습니다. 중간 교통섬을 거쳐 두 번에 나누어 건넙니다.", "A점수": 2.0, "node": "2824550220", "최대경사_pct": null, "길이_m": null, "학교": "중앙대", "합친_큐수": 1.0, "audio_key": "dba96f9a1447", "cue_id": "중앙대_014" }, "geometry": { "type": "Point", "coordinates": [ 126.951799500000021, 37.5073242 ] } },
{ "type": "Feature", "properties": { "종류": "횡단", "text": "근처에 횡단보도가 있습니다. 보행 신호등과 음향신호기가 있습니다.", "A점수": 1.0, "node": "2824550268", "최대경사_pct": null, "길이_m": null, "학교": "중앙대", "합친_큐수": 1.0, "audio_key": "393d5aecc5af", "cue_id": "중앙대_015" }, "geometry": { "type": "Point", "coordinates": [ 126.950262800000019, 37.4972526 ] } },
{ "type": "Feature", "properties": { "종류": "횡단", "text": "근처에 횡단보도가 있습니다. 보행 신호등과 음향신호기가 있습니다. 중간 교통섬을 거쳐 두 번에 나누어 건넙니다.", "A점수": 0.0, "node": "2824550315", "최대경사_pct": null, "길이_m": null, "학교": "중앙대", "합친_큐수": 1.0, "audio_key": "71d7daf1bfd3", "cue_id": "중앙대_016" }, "geometry": { "type": "Point", "coordinates": [ 126.953619500000016, 37.4995806 ] } },
{ "type": "Feature", "properties": { "종류": "횡단", "text": "근처에 횡단보도가 있습니다. 보행 신호등이 없습니다. 중간 교통섬을 거쳐 두 번에 나누어 건넙니다.", "A점수": 2.0, "node": "2824550318", "최대경사_pct": null, "길이_m": null, "학교": "중앙대", "합친_큐수": 1.0, "audio_key": "dba96f9a1447", "cue_id": "중앙대_017" }, "geometry": { "type": "Point", "coordinates": [ 126.9536242, 37.5011882 ] } },
{ "type": "Feature", "properties": { "종류": "횡단", "text": "근처에 횡단보도가 있습니다. 보행 신호등과 음향신호기가 있습니다. 중간 교통섬을 거쳐 두 번에 나누어 건넙니다.", "A점수": null, "node": "2824550328", "최대경사_pct": null, "길이_m": null, "학교": "중앙대", "합친_큐수": 1.0, "audio_key": "71d7daf1bfd3", "cue_id": "중앙대_018" }, "geometry": { "type": "Point", "coordinates": [ 126.9536058, 37.5050021 ] } },
{ "type": "Feature", "properties": { "종류": "횡단", "text": "근처에 횡단보도가 있습니다. 보행 신호등과 음향신호기가 있습니다.", "A점수": null, "node": "2824759203", "최대경사_pct": null, "길이_m": null, "학교": "중앙대", "합친_큐수": 1.0, "audio_key": "393d5aecc5af", "cue_id": "중앙대_019" }, "geometry": { "type": "Point", "coordinates": [ 126.9602943, 37.5009689 ] } },
{ "type": "Feature", "properties": { "종류": "횡단", "text": "근처에 횡단보도가 있습니다. 보행 신호등과 음향신호기가 있습니다. 중간 교통섬을 거쳐 두 번에 나누어 건넙니다.", "A점수": null, "node": "2824759222", "최대경사_pct": null, "길이_m": null, "학교": "중앙대", "합친_큐수": 1.0, "audio_key": "71d7daf1bfd3", "cue_id": "중앙대_020" }, "geometry": { "type": "Point", "coordinates": [ 126.9604845, 37.499609 ] } },
{ "type": "Feature", "properties": { "종류": "횡단", "text": "근처에 횡단보도가 있습니다. 보행 신호등과 음향신호기가 있습니다. 중간 교통섬을 거쳐 두 번에 나누어 건넙니다.", "A점수": null, "node": "2824759300", "최대경사_pct": null, "길이_m": null, "학교": "중앙대", "합친_큐수": 1.0, "audio_key": "71d7daf1bfd3", "cue_id": "중앙대_021" }, "geometry": { "type": "Point", "coordinates": [ 126.9600069, 37.499174 ] } },
{ "type": "Feature", "properties": { "종류": "횡단", "text": "주의. 근처에 횡단보도가 있습니다. 보행 신호등이 없습니다. 중간 교통섬을 거쳐 두 번에 나누어 건넙니다.", "A점수": 3.0, "node": "2825706542", "최대경사_pct": null, "길이_m": null, "학교": "중앙대", "합친_큐수": 1.0, "audio_key": "ac97e3e7c127", "cue_id": "중앙대_022" }, "geometry": { "type": "Point", "coordinates": [ 126.9531901, 37.4978926 ] } },
{ "type": "Feature", "properties": { "종류": "횡단", "text": "근처에 횡단보도가 있습니다. 보행 신호등은 있지만 음향신호기는 없습니다. 중간 교통섬을 거쳐 두 번에 나누어 건넙니다.", "A점수": 2.0, "node": "2825706556", "최대경사_pct": null, "길이_m": null, "학교": "중앙대", "합친_큐수": 1.0, "audio_key": "c30d91ef833e", "cue_id": "중앙대_023" }, "geometry": { "type": "Point", "coordinates": [ 126.9533159, 37.4982813 ] } },
{ "type": "Feature", "properties": { "종류": "횡단", "text": "근처에 횡단보도가 있습니다. 보행 신호등이 없습니다. 중간 교통섬을 거쳐 두 번에 나누어 건넙니다.", "A점수": null, "node": "2825711987", "최대경사_pct": null, "길이_m": null, "학교": "중앙대", "합친_큐수": 1.0, "audio_key": "dba96f9a1447", "cue_id": "중앙대_024" }, "geometry": { "type": "Point", "coordinates": [ 126.9592941, 37.4979699 ] } },
{ "type": "Feature", "properties": { "종류": "횡단", "text": "근처에 횡단보도가 있습니다. 보행 신호등이 없습니다.", "A점수": 2.0, "node": "2825744871", "최대경사_pct": null, "길이_m": null, "학교": "중앙대", "합친_큐수": 1.0, "audio_key": "7a5f3c6c6e6d", "cue_id": "중앙대_025" }, "geometry": { "type": "Point", "coordinates": [ 126.947417, 37.506355200000016 ] } },
{ "type": "Feature", "properties": { "종류": "횡단", "text": "근처에 횡단보도가 있습니다. 보행 신호등이 없습니다. 중간 교통섬을 거쳐 두 번에 나누어 건넙니다.", "A점수": 2.0, "node": "2829530328", "최대경사_pct": null, "길이_m": null, "학교": "중앙대", "합친_큐수": 1.0, "audio_key": "dba96f9a1447", "cue_id": "중앙대_026" }, "geometry": { "type": "Point", "coordinates": [ 126.951525300000014, 37.5080832 ] } },
{ "type": "Feature", "properties": { "종류": "횡단", "text": "근처에 횡단보도가 있습니다. 보행 신호등과 음향신호기가 있습니다. 중간 교통섬을 거쳐 두 번에 나누어 건넙니다.", "A점수": 1.0, "node": "2829530643", "최대경사_pct": null, "길이_m": null, "학교": "중앙대", "합친_큐수": 1.0, "audio_key": "71d7daf1bfd3", "cue_id": "중앙대_027" }, "geometry": { "type": "Point", "coordinates": [ 126.9600387, 37.5096884 ] } },
{ "type": "Feature", "properties": { "종류": "횡단", "text": "근처에 횡단보도가 있습니다. 보행 신호등과 음향신호기가 있습니다. 중간 교통섬을 거쳐 두 번에 나누어 건넙니다.", "A점수": 1.0, "node": "2829530656", "최대경사_pct": null, "길이_m": null, "학교": "중앙대", "합친_큐수": 1.0, "audio_key": "71d7daf1bfd3", "cue_id": "중앙대_028" }, "geometry": { "type": "Point", "coordinates": [ 126.9616846, 37.508897 ] } },
{ "type": "Feature", "properties": { "종류": "횡단", "text": "주의. 근처에 횡단보도가 있습니다. 보행 신호등이 없습니다. 중간 교통섬을 거쳐 두 번에 나누어 건넙니다.", "A점수": 3.0, "node": "2890319153", "최대경사_pct": null, "길이_m": null, "학교": "중앙대", "합친_큐수": 1.0, "audio_key": "ac97e3e7c127", "cue_id": "중앙대_029" }, "geometry": { "type": "Point", "coordinates": [ 126.9584674, 37.506889 ] } },
{ "type": "Feature", "properties": { "종류": "횡단", "text": "근처에 횡단보도가 있습니다. 보행 신호등이 없습니다. 중간 교통섬을 거쳐 두 번에 나누어 건넙니다.", "A점수": 2.0, "node": "3119042915", "최대경사_pct": null, "길이_m": null, "학교": "중앙대", "합친_큐수": 1.0, "audio_key": "dba96f9a1447", "cue_id": "중앙대_030" }, "geometry": { "type": "Point", "coordinates": [ 126.9507596, 37.5092323 ] } },
{ "type": "Feature", "properties": { "종류": "횡단", "text": "주의. 근처에 횡단보도가 있습니다. 보행 신호등이 없습니다. 중간 교통섬을 거쳐 두 번에 나누어 건넙니다.", "A점수": 3.0, "node": "3119042928", "최대경사_pct": null, "길이_m": null, "학교": "중앙대", "합친_큐수": 1.0, "audio_key": "ac97e3e7c127", "cue_id": "중앙대_031" }, "geometry": { "type": "Point", "coordinates": [ 126.961014899999981, 37.5077193 ] } },
{ "type": "Feature", "properties": { "종류": "횡단", "text": "주의. 근처에 횡단보도가 있습니다. 보행 신호등이 없습니다. 중간 교통섬을 거쳐 두 번에 나누어 건넙니다.", "A점수": 3.0, "node": "3888649136", "최대경사_pct": null, "길이_m": null, "학교": "중앙대", "합친_큐수": 1.0, "audio_key": "ac97e3e7c127", "cue_id": "중앙대_032" }, "geometry": { "type": "Point", "coordinates": [ 126.9665933, 37.5062586 ] } },
{ "type": "Feature", "properties": { "종류": "횡단", "text": "주의. 근처에 횡단보도가 있습니다. 보행 신호등이 없습니다. 중간 교통섬을 거쳐 두 번에 나누어 건넙니다.", "A점수": 3.0, "node": "3888649139", "최대경사_pct": null, "길이_m": null, "학교": "중앙대", "합친_큐수": 1.0, "audio_key": "ac97e3e7c127", "cue_id": "중앙대_033" }, "geometry": { "type": "Point", "coordinates": [ 126.9662642, 37.50567 ] } },
{ "type": "Feature", "properties": { "종류": "횡단", "text": "근처에 횡단보도가 있습니다. 보행 신호등과 음향신호기가 있습니다. 중간 교통섬을 거쳐 두 번에 나누어 건넙니다.", "A점수": 0.0, "node": "436821679", "최대경사_pct": null, "길이_m": null, "학교": "중앙대", "합친_큐수": 1.0, "audio_key": "71d7daf1bfd3", "cue_id": "중앙대_034" }, "geometry": { "type": "Point", "coordinates": [ 126.94951970000001, 37.5041747 ] } },
{ "type": "Feature", "properties": { "종류": "횡단", "text": "근처에 횡단보도가 있습니다. 보행 신호등이 없습니다. 중간 교통섬을 거쳐 두 번에 나누어 건넙니다.", "A점수": 2.0, "node": "436839947", "최대경사_pct": null, "길이_m": null, "학교": "중앙대", "합친_큐수": 1.0, "audio_key": "dba96f9a1447", "cue_id": "중앙대_035" }, "geometry": { "type": "Point", "coordinates": [ 126.9469107, 37.505682200000017 ] } },
{ "type": "Feature", "properties": { "종류": "횡단", "text": "근처에 횡단보도가 있습니다. 보행 신호등이 없습니다. 중간 교통섬을 거쳐 두 번에 나누어 건넙니다.", "A점수": 2.0, "node": "436839948", "최대경사_pct": null, "길이_m": null, "학교": "중앙대", "합친_큐수": 1.0, "audio_key": "dba96f9a1447", "cue_id": "중앙대_036" }, "geometry": { "type": "Point", "coordinates": [ 126.9478928, 37.5068924 ] } },
{ "type": "Feature", "properties": { "종류": "횡단", "text": "근처에 횡단보도가 있습니다. 보행 신호등은 있지만 음향신호기는 없습니다. 중간 교통섬을 거쳐 두 번에 나누어 건넙니다.", "A점수": 1.0, "node": "436839951", "최대경사_pct": null, "길이_m": null, "학교": "중앙대", "합친_큐수": 1.0, "audio_key": "c30d91ef833e", "cue_id": "중앙대_037" }, "geometry": { "type": "Point", "coordinates": [ 126.9480848, 37.5072798 ] } },
{ "type": "Feature", "properties": { "종류": "횡단", "text": "근처에 횡단보도가 있습니다. 보행 신호등이 없습니다. 중간 교통섬을 거쳐 두 번에 나누어 건넙니다.", "A점수": 2.0, "node": "436883217", "최대경사_pct": null, "길이_m": null, "학교": "중앙대", "합친_큐수": 1.0, "audio_key": "dba96f9a1447", "cue_id": "중앙대_038" }, "geometry": { "type": "Point", "coordinates": [ 126.9506374, 37.5047688 ] } },
{ "type": "Feature", "properties": { "종류": "횡단", "text": "주의. 근처에 횡단보도가 있습니다. 보행 신호등이 없습니다. 중간 교통섬을 거쳐 두 번에 나누어 건넙니다.", "A점수": 3.0, "node": "436883256", "최대경사_pct": null, "길이_m": null, "학교": "중앙대", "합친_큐수": 1.0, "audio_key": "ac97e3e7c127", "cue_id": "중앙대_039" }, "geometry": { "type": "Point", "coordinates": [ 126.9612307, 37.5082316 ] } },
{ "type": "Feature", "properties": { "종류": "횡단", "text": "근처에 횡단보도가 있습니다. 보행 신호등이 없습니다. 중간 교통섬을 거쳐 두 번에 나누어 건넙니다.", "A점수": null, "node": "4611303880", "최대경사_pct": null, "길이_m": null, "학교": "중앙대", "합친_큐수": 1.0, "audio_key": "dba96f9a1447", "cue_id": "중앙대_040" }, "geometry": { "type": "Point", "coordinates": [ 126.9643982, 37.5031809 ] } },
{ "type": "Feature", "properties": { "종류": "횡단", "text": "근처에 횡단보도가 있습니다. 보행 신호등이 없습니다. 중간 교통섬을 거쳐 두 번에 나누어 건넙니다.", "A점수": null, "node": "4613243688", "최대경사_pct": null, "길이_m": null, "학교": "중앙대", "합친_큐수": 1.0, "audio_key": "dba96f9a1447", "cue_id": "중앙대_041" }, "geometry": { "type": "Point", "coordinates": [ 126.955157700000015, 37.5062686 ] } },
{ "type": "Feature", "properties": { "종류": "횡단", "text": "주의. 근처에 횡단보도가 있습니다. 보행 신호등이 없습니다. 중간 교통섬을 거쳐 두 번에 나누어 건넙니다.", "A점수": 3.0, "node": "4613243837", "최대경사_pct": null, "길이_m": null, "학교": "중앙대", "합친_큐수": 1.0, "audio_key": "ac97e3e7c127", "cue_id": "중앙대_042" }, "geometry": { "type": "Point", "coordinates": [ 126.9571283, 37.5064499 ] } },
{ "type": "Feature", "properties": { "종류": "횡단", "text": "근처에 횡단보도가 있습니다. 보행 신호등이 없습니다. 중간 교통섬을 거쳐 두 번에 나누어 건넙니다.", "A점수": 2.0, "node": "4621486060", "최대경사_pct": null, "길이_m": null, "학교": "중앙대", "합친_큐수": 1.0, "audio_key": "dba96f9a1447", "cue_id": "중앙대_043" }, "geometry": { "type": "Point", "coordinates": [ 126.9519886, 37.504885 ] } },
{ "type": "Feature", "properties": { "종류": "횡단", "text": "근처에 횡단보도가 있습니다. 보행 신호등이 없습니다.", "A점수": 2.0, "node": "4621488498", "최대경사_pct": null, "길이_m": null, "학교": "중앙대", "합친_큐수": 1.0, "audio_key": "7a5f3c6c6e6d", "cue_id": "중앙대_044" }, "geometry": { "type": "Point", "coordinates": [ 126.9522467, 37.5057331 ] } },
{ "type": "Feature", "properties": { "종류": "횡단", "text": "근처에 횡단보도가 있습니다. 보행 신호등이 없습니다. 중간 교통섬을 거쳐 두 번에 나누어 건넙니다.", "A점수": 2.0, "node": "4626178456", "최대경사_pct": null, "길이_m": null, "학교": "중앙대", "합친_큐수": 1.0, "audio_key": "dba96f9a1447", "cue_id": "중앙대_045" }, "geometry": { "type": "Point", "coordinates": [ 126.950976, 37.5065031 ] } },
{ "type": "Feature", "properties": { "종류": "횡단+회전", "text": "근처에 횡단보도가 있습니다. 보행 신호등이 없습니다. 길이 크게 꺾이는 곳입니다.", "A점수": null, "node": "4627760504", "최대경사_pct": null, "길이_m": null, "학교": "중앙대", "합친_큐수": 2.0, "audio_key": "065dcfef4297", "cue_id": "중앙대_046" }, "geometry": { "type": "Point", "coordinates": [ 126.9535596, 37.512753 ] } },
{ "type": "Feature", "properties": { "종류": "횡단", "text": "근처에 횡단보도가 있습니다. 보행 신호등이 없습니다.", "A점수": null, "node": "570912259", "최대경사_pct": null, "길이_m": null, "학교": "중앙대", "합친_큐수": 1.0, "audio_key": "7a5f3c6c6e6d", "cue_id": "중앙대_047" }, "geometry": { "type": "Point", "coordinates": [ 126.9522897, 37.5127763 ] } },
{ "type": "Feature", "properties": { "종류": "횡단", "text": "근처에 횡단보도가 있습니다. 보행 신호등이 없습니다.", "A점수": 2.0, "node": "5852845203", "최대경사_pct": null, "길이_m": null, "학교": "중앙대", "합친_큐수": 1.0, "audio_key": "7a5f3c6c6e6d", "cue_id": "중앙대_048" }, "geometry": { "type": "Point", "coordinates": [ 126.9466536, 37.51352140000003 ] } },
{ "type": "Feature", "properties": { "종류": "횡단", "text": "주의. 근처에 횡단보도가 있습니다. 보행 신호등이 없습니다. 중간 교통섬을 거쳐 두 번에 나누어 건넙니다.", "A점수": 3.0, "node": "7775271120", "최대경사_pct": null, "길이_m": null, "학교": "중앙대", "합친_큐수": 1.0, "audio_key": "ac97e3e7c127", "cue_id": "중앙대_049" }, "geometry": { "type": "Point", "coordinates": [ 126.9592115, 37.507215 ] } },
{ "type": "Feature", "properties": { "종류": "횡단", "text": "주의. 근처에 횡단보도가 있습니다. 보행 신호등이 없습니다. 중간 교통섬을 거쳐 두 번에 나누어 건넙니다.", "A점수": 3.0, "node": "8482522490", "최대경사_pct": null, "길이_m": null, "학교": "중앙대", "합친_큐수": 1.0, "audio_key": "ac97e3e7c127", "cue_id": "중앙대_050" }, "geometry": { "type": "Point", "coordinates": [ 126.966817299999988, 37.506969 ] } },
{ "type": "Feature", "properties": { "종류": "횡단", "text": "근처에 횡단보도가 있습니다. 보행 신호등과 음향신호기가 있습니다. 중간 교통섬을 거쳐 두 번에 나누어 건넙니다.", "A점수": null, "node": "8757685935", "최대경사_pct": null, "길이_m": null, "학교": "중앙대", "합친_큐수": 1.0, "audio_key": "71d7daf1bfd3", "cue_id": "중앙대_051" }, "geometry": { "type": "Point", "coordinates": [ 126.950726100000011, 37.5127379 ] } },
{ "type": "Feature", "properties": { "종류": "횡단", "text": "근처에 횡단보도가 있습니다. 보행 신호등과 음향신호기가 있습니다. 중간 교통섬을 거쳐 두 번에 나누어 건넙니다.", "A점수": null, "node": "8757685938", "최대경사_pct": null, "길이_m": null, "학교": "중앙대", "합친_큐수": 1.0, "audio_key": "71d7daf1bfd3", "cue_id": "중앙대_052" }, "geometry": { "type": "Point", "coordinates": [ 126.949455, 37.5128139 ] } },
{ "type": "Feature", "properties": { "종류": "횡단", "text": "근처에 차도가 만나는 교차로가 있습니다. 횡단보도가 없습니다.", "A점수": null, "node": "436821690", "최대경사_pct": null, "길이_m": null, "학교": "중앙대", "합친_큐수": 1.0, "audio_key": "cb1ca1f5914a", "cue_id": "중앙대_053" }, "geometry": { "type": "Point", "coordinates": [ 126.9540998, 37.51242 ] } },
{ "type": "Feature", "properties": { "종류": "횡단", "text": "근처에 차도가 만나는 교차로가 있습니다. 횡단보도가 없습니다.", "A점수": null, "node": "571454796", "최대경사_pct": null, "길이_m": null, "학교": "중앙대", "합친_큐수": 1.0, "audio_key": "cb1ca1f5914a", "cue_id": "중앙대_054" }, "geometry": { "type": "Point", "coordinates": [ 126.953838500000018, 37.5121468 ] } },
{ "type": "Feature", "properties": { "종류": "횡단", "text": "근처에 차도가 만나는 교차로가 있습니다. 횡단보도가 없습니다.", "A점수": null, "node": "436821694", "최대경사_pct": null, "길이_m": null, "학교": "중앙대", "합친_큐수": 1.0, "audio_key": "cb1ca1f5914a", "cue_id": "중앙대_055" }, "geometry": { "type": "Point", "coordinates": [ 126.9543166, 37.5125967 ] } },
{ "type": "Feature", "properties": { "종류": "횡단", "text": "근처에 차도가 만나는 교차로가 있습니다. 횡단보도가 없습니다.", "A점수": null, "node": "2829530369", "최대경사_pct": null, "길이_m": null, "학교": "중앙대", "합친_큐수": 1.0, "audio_key": "cb1ca1f5914a", "cue_id": "중앙대_056" }, "geometry": { "type": "Point", "coordinates": [ 126.953833700000018, 37.5122909 ] } },
{ "type": "Feature", "properties": { "종류": "횡단", "text": "근처에 차도가 만나는 교차로가 있습니다. 횡단보도가 없습니다.", "A점수": null, "node": "571452260", "최대경사_pct": null, "길이_m": null, "학교": "중앙대", "합친_큐수": 1.0, "audio_key": "cb1ca1f5914a", "cue_id": "중앙대_057" }, "geometry": { "type": "Point", "coordinates": [ 126.9535858, 37.512582 ] } },
{ "type": "Feature", "properties": { "종류": "횡단", "text": "근처에 차도가 만나는 교차로가 있습니다. 횡단보도가 없습니다.", "A점수": null, "node": "798559711", "최대경사_pct": null, "길이_m": null, "학교": "중앙대", "합친_큐수": 1.0, "audio_key": "cb1ca1f5914a", "cue_id": "중앙대_058" }, "geometry": { "type": "Point", "coordinates": [ 126.954593100000011, 37.5126294 ] } },
{ "type": "Feature", "properties": { "종류": "횡단", "text": "근처에 차도가 만나는 교차로가 있습니다. 횡단보도가 없습니다.", "A점수": null, "node": "2283084228", "최대경사_pct": null, "길이_m": null, "학교": "중앙대", "합친_큐수": 1.0, "audio_key": "cb1ca1f5914a", "cue_id": "중앙대_059" }, "geometry": { "type": "Point", "coordinates": [ 126.9551639, 37.5131093 ] } },
{ "type": "Feature", "properties": { "종류": "횡단", "text": "근처에 차도가 만나는 교차로가 있습니다. 횡단보도가 없습니다.", "A점수": null, "node": "4613274882", "최대경사_pct": null, "길이_m": null, "학교": "중앙대", "합친_큐수": 1.0, "audio_key": "cb1ca1f5914a", "cue_id": "중앙대_060" }, "geometry": { "type": "Point", "coordinates": [ 126.9515353, 37.5126229 ] } },
{ "type": "Feature", "properties": { "종류": "횡단", "text": "주의. 근처에 차도가 만나는 교차로가 있습니다. 횡단보도가 없습니다.", "A점수": 4.0, "node": "3888649128", "최대경사_pct": null, "길이_m": null, "학교": "중앙대", "합친_큐수": 1.0, "audio_key": "40c57cc27026", "cue_id": "중앙대_061" }, "geometry": { "type": "Point", "coordinates": [ 126.9652329, 37.5073487 ] } },
{ "type": "Feature", "properties": { "종류": "횡단", "text": "주의. 근처에 차도가 만나는 교차로가 있습니다. 횡단보도가 없습니다.", "A점수": 4.0, "node": "3888649162", "최대경사_pct": null, "길이_m": null, "학교": "중앙대", "합친_큐수": 1.0, "audio_key": "40c57cc27026", "cue_id": "중앙대_062" }, "geometry": { "type": "Point", "coordinates": [ 126.966011100000017, 37.5072914 ] } },
{ "type": "Feature", "properties": { "종류": "횡단", "text": "주의. 근처에 차도가 만나는 교차로가 있습니다. 횡단보도가 없습니다.", "A점수": 4.0, "node": "2288832800", "최대경사_pct": null, "길이_m": null, "학교": "중앙대", "합친_큐수": 2.0, "audio_key": "40c57cc27026", "cue_id": "중앙대_063" }, "geometry": { "type": "Point", "coordinates": [ 126.9630737, 37.5080992 ] } },
{ "type": "Feature", "properties": { "종류": "횡단", "text": "주의. 근처에 차도가 만나는 교차로가 있습니다. 횡단보도가 없습니다.", "A점수": 4.0, "node": "2829530651", "최대경사_pct": null, "길이_m": null, "학교": "중앙대", "합친_큐수": 1.0, "audio_key": "40c57cc27026", "cue_id": "중앙대_064" }, "geometry": { "type": "Point", "coordinates": [ 126.961501100000021, 37.511224900000016 ] } },
{ "type": "Feature", "properties": { "종류": "횡단", "text": "주의. 근처에 차도가 만나는 교차로가 있습니다. 횡단보도가 없습니다.", "A점수": 3.0, "node": "5826295507", "최대경사_pct": null, "길이_m": null, "학교": "중앙대", "합친_큐수": 1.0, "audio_key": "40c57cc27026", "cue_id": "중앙대_065" }, "geometry": { "type": "Point", "coordinates": [ 126.947896200000017, 37.5131295 ] } },
{ "type": "Feature", "properties": { "종류": "횡단", "text": "주의. 근처에 차도가 만나는 교차로가 있습니다. 횡단보도가 없습니다.", "A점수": 3.0, "node": "4644112573", "최대경사_pct": null, "길이_m": null, "학교": "중앙대", "합친_큐수": 1.0, "audio_key": "40c57cc27026", "cue_id": "중앙대_066" }, "geometry": { "type": "Point", "coordinates": [ 126.9503995, 37.50559710000001 ] } },
{ "type": "Feature", "properties": { "종류": "횡단", "text": "근처에 차도가 만나는 교차로가 있습니다. 횡단보도가 없습니다.", "A점수": null, "node": "4613249930", "최대경사_pct": null, "길이_m": null, "학교": "중앙대", "합친_큐수": 1.0, "audio_key": "cb1ca1f5914a", "cue_id": "중앙대_067" }, "geometry": { "type": "Point", "coordinates": [ 126.9548318, 37.5127122 ] } },
{ "type": "Feature", "properties": { "종류": "횡단", "text": "근처에 차도가 만나는 교차로가 있습니다. 횡단보도가 없습니다.", "A점수": null, "node": "2829530351", "최대경사_pct": null, "길이_m": null, "학교": "중앙대", "합친_큐수": 1.0, "audio_key": "cb1ca1f5914a", "cue_id": "중앙대_068" }, "geometry": { "type": "Point", "coordinates": [ 126.9538699, 37.5118631 ] } },
{ "type": "Feature", "properties": { "종류": "횡단", "text": "주의. 근처에 차도가 만나는 교차로가 있습니다. 횡단보도가 없습니다.", "A점수": 3.0, "node": "4644112576", "최대경사_pct": null, "길이_m": null, "학교": "중앙대", "합친_큐수": 1.0, "audio_key": "40c57cc27026", "cue_id": "중앙대_069" }, "geometry": { "type": "Point", "coordinates": [ 126.949717400000011, 37.5048292 ] } },
{ "type": "Feature", "properties": { "종류": "횡단", "text": "주의. 근처에 차도가 만나는 교차로가 있습니다. 횡단보도가 없습니다.", "A점수": 3.0, "node": "1831853301", "최대경사_pct": null, "길이_m": null, "학교": "중앙대", "합친_큐수": 1.0, "audio_key": "40c57cc27026", "cue_id": "중앙대_070" }, "geometry": { "type": "Point", "coordinates": [ 126.950465, 37.505297 ] } },
{ "type": "Feature", "properties": { "종류": "횡단", "text": "주의. 근처에 차도가 만나는 교차로가 있습니다. 횡단보도가 없습니다.", "A점수": 3.0, "node": "10239817464", "최대경사_pct": null, "길이_m": null, "학교": "중앙대", "합친_큐수": 1.0, "audio_key": "40c57cc27026", "cue_id": "중앙대_071" }, "geometry": { "type": "Point", "coordinates": [ 126.949881499999989, 37.5043834 ] } },
{ "type": "Feature", "properties": { "종류": "횡단", "text": "주의. 근처에 차도가 만나는 교차로가 있습니다. 횡단보도가 없습니다.", "A점수": 3.0, "node": "10239817444", "최대경사_pct": null, "길이_m": null, "학교": "중앙대", "합친_큐수": 1.0, "audio_key": "40c57cc27026", "cue_id": "중앙대_072" }, "geometry": { "type": "Point", "coordinates": [ 126.9509815, 37.5062835 ] } },
{ "type": "Feature", "properties": { "종류": "횡단", "text": "주의. 근처에 차도가 만나는 교차로가 있습니다. 횡단보도가 없습니다.", "A점수": 3.0, "node": "10239817451", "최대경사_pct": null, "길이_m": null, "학교": "중앙대", "합친_큐수": 1.0, "audio_key": "40c57cc27026", "cue_id": "중앙대_073" }, "geometry": { "type": "Point", "coordinates": [ 126.950754500000016, 37.506334800000012 ] } },
{ "type": "Feature", "properties": { "종류": "횡단", "text": "주의. 근처에 차도가 만나는 교차로가 있습니다. 횡단보도가 없습니다.", "A점수": 3.0, "node": "2825701323", "최대경사_pct": null, "길이_m": null, "학교": "중앙대", "합친_큐수": 1.0, "audio_key": "40c57cc27026", "cue_id": "중앙대_074" }, "geometry": { "type": "Point", "coordinates": [ 126.9502567, 37.50457 ] } },
{ "type": "Feature", "properties": { "종류": "횡단", "text": "주의. 근처에 차도가 만나는 교차로가 있습니다. 횡단보도가 없습니다.", "A점수": 3.0, "node": "1994676560", "최대경사_pct": null, "길이_m": null, "학교": "중앙대", "합친_큐수": 1.0, "audio_key": "40c57cc27026", "cue_id": "중앙대_075" }, "geometry": { "type": "Point", "coordinates": [ 126.948243100000013, 37.512998100000019 ] } },
{ "type": "Feature", "properties": { "종류": "횡단", "text": "근처에 차도가 만나는 교차로가 있습니다. 횡단보도가 없습니다.", "A점수": null, "node": "3215381031", "최대경사_pct": null, "길이_m": null, "학교": "중앙대", "합친_큐수": 1.0, "audio_key": "cb1ca1f5914a", "cue_id": "중앙대_076" }, "geometry": { "type": "Point", "coordinates": [ 126.955556, 37.5131255 ] } },
{ "type": "Feature", "properties": { "종류": "횡단", "text": "근처에 차도가 만나는 교차로가 있습니다. 횡단보도가 없습니다.", "A점수": null, "node": "2824550249", "최대경사_pct": null, "길이_m": null, "학교": "중앙대", "합친_큐수": 1.0, "audio_key": "cb1ca1f5914a", "cue_id": "중앙대_077" }, "geometry": { "type": "Point", "coordinates": [ 126.951900600000016, 37.50282 ] } },
{ "type": "Feature", "properties": { "종류": "횡단", "text": "근처에 차도가 만나는 교차로가 있습니다. 횡단보도가 없습니다.", "A점수": null, "node": "2825701329", "최대경사_pct": null, "길이_m": null, "학교": "중앙대", "합친_큐수": 1.0, "audio_key": "cb1ca1f5914a", "cue_id": "중앙대_078" }, "geometry": { "type": "Point", "coordinates": [ 126.951632700000019, 37.5025727 ] } },
{ "type": "Feature", "properties": { "종류": "횡단", "text": "근처에 차도가 만나는 교차로가 있습니다. 횡단보도가 없습니다.", "A점수": null, "node": "4621475847", "최대경사_pct": null, "길이_m": null, "학교": "중앙대", "합친_큐수": 1.0, "audio_key": "cb1ca1f5914a", "cue_id": "중앙대_079" }, "geometry": { "type": "Point", "coordinates": [ 126.9519375, 37.5025821 ] } },
{ "type": "Feature", "properties": { "종류": "횡단", "text": "주의. 근처에 차도가 만나는 교차로가 있습니다. 횡단보도가 없습니다.", "A점수": 3.0, "node": "2824550259", "최대경사_pct": null, "길이_m": null, "학교": "중앙대", "합친_큐수": 1.0, "audio_key": "40c57cc27026", "cue_id": "중앙대_080" }, "geometry": { "type": "Point", "coordinates": [ 126.9509839, 37.499453 ] } },
{ "type": "Feature", "properties": { "종류": "횡단", "text": "주의. 근처에 차도가 만나는 교차로가 있습니다. 횡단보도가 없습니다.", "A점수": 4.0, "node": "4612845662", "최대경사_pct": null, "길이_m": null, "학교": "중앙대", "합친_큐수": 1.0, "audio_key": "40c57cc27026", "cue_id": "중앙대_081" }, "geometry": { "type": "Point", "coordinates": [ 126.962625099999983, 37.5068957 ] } },
{ "type": "Feature", "properties": { "종류": "횡단", "text": "근처에 차도가 만나는 교차로가 있습니다. 횡단보도가 없습니다.", "A점수": null, "node": "2825701311", "최대경사_pct": null, "길이_m": null, "학교": "중앙대", "합친_큐수": 1.0, "audio_key": "cb1ca1f5914a", "cue_id": "중앙대_082" }, "geometry": { "type": "Point", "coordinates": [ 126.9502484, 37.5020188 ] } },
{ "type": "Feature", "properties": { "종류": "횡단", "text": "주의. 근처에 차도가 만나는 교차로가 있습니다. 횡단보도가 없습니다.", "A점수": 3.0, "node": "2825706550", "최대경사_pct": null, "길이_m": null, "학교": "중앙대", "합친_큐수": 1.0, "audio_key": "40c57cc27026", "cue_id": "중앙대_083" }, "geometry": { "type": "Point", "coordinates": [ 126.948658699999982, 37.5036929 ] } },
{ "type": "Feature", "properties": { "종류": "횡단", "text": "주의. 근처에 차도가 만나는 교차로가 있습니다. 횡단보도가 없습니다.", "A점수": 3.0, "node": "2825711094", "최대경사_pct": null, "길이_m": null, "학교": "중앙대", "합친_큐수": 1.0, "audio_key": "40c57cc27026", "cue_id": "중앙대_084" }, "geometry": { "type": "Point", "coordinates": [ 126.9536533, 37.4971551 ] } },
{ "type": "Feature", "properties": { "종류": "횡단", "text": "주의. 근처에 차도가 만나는 교차로가 있습니다. 횡단보도가 없습니다.", "A점수": 3.0, "node": "2825711047", "최대경사_pct": null, "길이_m": null, "학교": "중앙대", "합친_큐수": 1.0, "audio_key": "40c57cc27026", "cue_id": "중앙대_085" }, "geometry": { "type": "Point", "coordinates": [ 126.9538774, 37.497159600000025 ] } },
{ "type": "Feature", "properties": { "종류": "횡단", "text": "주의. 근처에 차도가 만나는 교차로가 있습니다. 횡단보도가 없습니다.", "A점수": 3.0, "node": "2825711413", "최대경사_pct": null, "길이_m": null, "학교": "중앙대", "합친_큐수": 1.0, "audio_key": "40c57cc27026", "cue_id": "중앙대_086" }, "geometry": { "type": "Point", "coordinates": [ 126.9545095, 37.4971449 ] } },
{ "type": "Feature", "properties": { "종류": "횡단", "text": "근처에 차도가 만나는 교차로가 있습니다. 횡단보도가 없습니다.", "A점수": null, "node": "2829530337", "최대경사_pct": null, "길이_m": null, "학교": "중앙대", "합친_큐수": 1.0, "audio_key": "cb1ca1f5914a", "cue_id": "중앙대_087" }, "geometry": { "type": "Point", "coordinates": [ 126.9548396, 37.5092846 ] } },
{ "type": "Feature", "properties": { "종류": "횡단", "text": "근처에 차도가 만나는 교차로가 있습니다. 횡단보도가 없습니다.", "A점수": null, "node": "2829530336", "최대경사_pct": null, "길이_m": null, "학교": "중앙대", "합친_큐수": 2.0, "audio_key": "cb1ca1f5914a", "cue_id": "중앙대_088" }, "geometry": { "type": "Point", "coordinates": [ 126.955650100000014, 37.509650900000011 ] } },
{ "type": "Feature", "properties": { "종류": "횡단", "text": "근처에 차도가 만나는 교차로가 있습니다. 횡단보도가 없습니다.", "A점수": null, "node": "11179633109", "최대경사_pct": null, "길이_m": null, "학교": "중앙대", "합친_큐수": 1.0, "audio_key": "cb1ca1f5914a", "cue_id": "중앙대_089" }, "geometry": { "type": "Point", "coordinates": [ 126.9560773, 37.509308 ] } },
{ "type": "Feature", "properties": { "종류": "횡단", "text": "근처에 차도가 만나는 교차로가 있습니다. 횡단보도가 없습니다.", "A점수": null, "node": "2829530350", "최대경사_pct": null, "길이_m": null, "학교": "중앙대", "합친_큐수": 2.0, "audio_key": "cb1ca1f5914a", "cue_id": "중앙대_090" }, "geometry": { "type": "Point", "coordinates": [ 126.9532809, 37.510618800000017 ] } },
{ "type": "Feature", "properties": { "종류": "횡단+회전", "text": "주의. 근처에 차도가 만나는 교차로가 있습니다. 횡단보도가 없습니다. 길이 크게 꺾이는 곳입니다.", "A점수": 4.0, "node": "2829530628", "최대경사_pct": null, "길이_m": null, "학교": "중앙대", "합친_큐수": 2.0, "audio_key": "134115c22895", "cue_id": "중앙대_091" }, "geometry": { "type": "Point", "coordinates": [ 126.9601712, 37.5075028 ] } },
{ "type": "Feature", "properties": { "종류": "횡단", "text": "근처에 차도가 만나는 교차로가 있습니다. 횡단보도가 없습니다.", "A점수": null, "node": "4613249956", "최대경사_pct": null, "길이_m": null, "학교": "중앙대", "합친_큐수": 1.0, "audio_key": "cb1ca1f5914a", "cue_id": "중앙대_092" }, "geometry": { "type": "Point", "coordinates": [ 126.9561483, 37.5133092 ] } },
{ "type": "Feature", "properties": { "종류": "횡단", "text": "주의. 근처에 차도가 만나는 교차로가 있습니다. 횡단보도가 없습니다.", "A점수": 4.0, "node": "4612845666", "최대경사_pct": null, "길이_m": null, "학교": "중앙대", "합친_큐수": 1.0, "audio_key": "40c57cc27026", "cue_id": "중앙대_093" }, "geometry": { "type": "Point", "coordinates": [ 126.964032499999988, 37.5079425 ] } },
{ "type": "Feature", "properties": { "종류": "횡단", "text": "주의. 근처에 차도가 만나는 교차로가 있습니다. 횡단보도가 없습니다.", "A점수": 4.0, "node": "3888649131", "최대경사_pct": null, "길이_m": null, "학교": "중앙대", "합친_큐수": 1.0, "audio_key": "40c57cc27026", "cue_id": "중앙대_094" }, "geometry": { "type": "Point", "coordinates": [ 126.9651038, 37.506789499999989 ] } },
{ "type": "Feature", "properties": { "종류": "횡단", "text": "주의. 근처에 차도가 만나는 교차로가 있습니다. 횡단보도가 없습니다.", "A점수": 4.0, "node": "4611246549", "최대경사_pct": null, "길이_m": null, "학교": "중앙대", "합친_큐수": 1.0, "audio_key": "40c57cc27026", "cue_id": "중앙대_095" }, "geometry": { "type": "Point", "coordinates": [ 126.96299830000001, 37.5068528 ] } },
{ "type": "Feature", "properties": { "종류": "횡단", "text": "주의. 근처에 차도가 만나는 교차로가 있습니다. 횡단보도가 없습니다.", "A점수": 4.0, "node": "4611329617", "최대경사_pct": null, "길이_m": null, "학교": "중앙대", "합친_큐수": 1.0, "audio_key": "40c57cc27026", "cue_id": "중앙대_096" }, "geometry": { "type": "Point", "coordinates": [ 126.9634889, 37.5072199 ] } },
{ "type": "Feature", "properties": { "종류": "횡단", "text": "주의. 근처에 차도가 만나는 교차로가 있습니다. 횡단보도가 없습니다.", "A점수": 4.0, "node": "4611290216", "최대경사_pct": null, "길이_m": null, "학교": "중앙대", "합친_큐수": 1.0, "audio_key": "40c57cc27026", "cue_id": "중앙대_097" }, "geometry": { "type": "Point", "coordinates": [ 126.9632994, 37.507307900000015 ] } },
{ "type": "Feature", "properties": { "종류": "횡단", "text": "근처에 차도가 만나는 교차로가 있습니다. 횡단보도가 없습니다.", "A점수": null, "node": "4613249923", "최대경사_pct": null, "길이_m": null, "학교": "중앙대", "합친_큐수": 1.0, "audio_key": "cb1ca1f5914a", "cue_id": "중앙대_098" }, "geometry": { "type": "Point", "coordinates": [ 126.9538014, 37.5107589 ] } },
{ "type": "Feature", "properties": { "종류": "횡단", "text": "근처에 차도가 만나는 교차로가 있습니다. 횡단보도가 없습니다.", "A점수": null, "node": "4613249924", "최대경사_pct": null, "길이_m": null, "학교": "중앙대", "합친_큐수": 1.0, "audio_key": "cb1ca1f5914a", "cue_id": "중앙대_099" }, "geometry": { "type": "Point", "coordinates": [ 126.954222, 37.5116496 ] } },
{ "type": "Feature", "properties": { "종류": "횡단+회전", "text": "근처에 차도가 만나는 교차로가 있습니다. 횡단보도가 없습니다. 길이 크게 꺾이는 곳입니다.", "A점수": null, "node": "4613249938", "최대경사_pct": null, "길이_m": null, "학교": "중앙대", "합친_큐수": 2.0, "audio_key": "1c066d0c6c72", "cue_id": "중앙대_100" }, "geometry": { "type": "Point", "coordinates": [ 126.956694, 37.5105084 ] } },
{ "type": "Feature", "properties": { "종류": "횡단", "text": "근처에 차도가 만나는 교차로가 있습니다. 횡단보도가 없습니다.", "A점수": null, "node": "4613249952", "최대경사_pct": null, "길이_m": null, "학교": "중앙대", "합친_큐수": 1.0, "audio_key": "cb1ca1f5914a", "cue_id": "중앙대_101" }, "geometry": { "type": "Point", "coordinates": [ 126.9568668, 37.5108875 ] } },
{ "type": "Feature", "properties": { "종류": "횡단", "text": "근처에 차도가 만나는 교차로가 있습니다. 횡단보도가 없습니다.", "A점수": null, "node": "4613274878", "최대경사_pct": null, "길이_m": null, "학교": "중앙대", "합친_큐수": 1.0, "audio_key": "cb1ca1f5914a", "cue_id": "중앙대_102" }, "geometry": { "type": "Point", "coordinates": [ 126.95105049999998, 37.5120346 ] } },
{ "type": "Feature", "properties": { "종류": "횡단", "text": "주의. 근처에 차도가 만나는 교차로가 있습니다. 횡단보도가 없습니다.", "A점수": 3.0, "node": "4613276492", "최대경사_pct": null, "길이_m": null, "학교": "중앙대", "합친_큐수": 1.0, "audio_key": "40c57cc27026", "cue_id": "중앙대_103" }, "geometry": { "type": "Point", "coordinates": [ 126.9467269, 37.5086625 ] } },
{ "type": "Feature", "properties": { "종류": "횡단", "text": "주의. 근처에 차도가 만나는 교차로가 있습니다. 횡단보도가 없습니다.", "A점수": 3.0, "node": "4613276500", "최대경사_pct": null, "길이_m": null, "학교": "중앙대", "합친_큐수": 1.0, "audio_key": "40c57cc27026", "cue_id": "중앙대_104" }, "geometry": { "type": "Point", "coordinates": [ 126.947356400000018, 37.5081266 ] } },
{ "type": "Feature", "properties": { "종류": "횡단+회전", "text": "주의. 근처에 차도가 만나는 교차로가 있습니다. 횡단보도가 없습니다. 길이 크게 꺾이는 곳입니다.", "A점수": 3.0, "node": "4613277152", "최대경사_pct": null, "길이_m": null, "학교": "중앙대", "합친_큐수": 2.0, "audio_key": "134115c22895", "cue_id": "중앙대_105" }, "geometry": { "type": "Point", "coordinates": [ 126.947339, 37.508991500000022 ] } },
{ "type": "Feature", "properties": { "종류": "횡단", "text": "근처에 차도가 만나는 교차로가 있습니다. 횡단보도가 없습니다.", "A점수": null, "node": "5826295506", "최대경사_pct": null, "길이_m": null, "학교": "중앙대", "합친_큐수": 1.0, "audio_key": "cb1ca1f5914a", "cue_id": "중앙대_106" }, "geometry": { "type": "Point", "coordinates": [ 126.949855600000021, 37.512824 ] } },
{ "type": "Feature", "properties": { "종류": "횡단", "text": "근처에 차도가 만나는 교차로가 있습니다. 횡단보도가 없습니다.", "A점수": null, "node": "5826295509", "최대경사_pct": null, "길이_m": null, "학교": "중앙대", "합친_큐수": 1.0, "audio_key": "cb1ca1f5914a", "cue_id": "중앙대_107" }, "geometry": { "type": "Point", "coordinates": [ 126.9500034, 37.51270190000001 ] } },
{ "type": "Feature", "properties": { "종류": "회전", "text": "길이 크게 꺾이는 곳입니다.", "A점수": null, "node": null, "최대경사_pct": null, "길이_m": null, "학교": "중앙대", "합친_큐수": 1.0, "audio_key": "7c86b46f338a", "cue_id": "중앙대_108" }, "geometry": { "type": "Point", "coordinates": [ 126.953006679348462, 37.510792317296598 ] } },
{ "type": "Feature", "properties": { "종류": "회전", "text": "길이 크게 꺾이는 곳입니다.", "A점수": null, "node": null, "최대경사_pct": null, "길이_m": null, "학교": "중앙대", "합친_큐수": 1.0, "audio_key": "7c86b46f338a", "cue_id": "중앙대_109" }, "geometry": { "type": "Point", "coordinates": [ 126.949152279253823, 37.506598996586312 ] } },
{ "type": "Feature", "properties": { "종류": "회전", "text": "길이 크게 꺾이는 곳입니다.", "A점수": null, "node": null, "최대경사_pct": null, "길이_m": null, "학교": "중앙대", "합친_큐수": 1.0, "audio_key": "7c86b46f338a", "cue_id": "중앙대_110" }, "geometry": { "type": "Point", "coordinates": [ 126.94865821064532, 37.508436409694475 ] } },
{ "type": "Feature", "properties": { "종류": "회전", "text": "길이 크게 꺾이는 곳입니다.", "A점수": null, "node": null, "최대경사_pct": null, "길이_m": null, "학교": "중앙대", "합친_큐수": 1.0, "audio_key": "7c86b46f338a", "cue_id": "중앙대_111" }, "geometry": { "type": "Point", "coordinates": [ 126.965853908939408, 37.50717490387855 ] } },
{ "type": "Feature", "properties": { "종류": "회전", "text": "길이 크게 꺾이는 곳입니다.", "A점수": null, "node": null, "최대경사_pct": null, "길이_m": null, "학교": "중앙대", "합친_큐수": 1.0, "audio_key": "7c86b46f338a", "cue_id": "중앙대_112" }, "geometry": { "type": "Point", "coordinates": [ 126.962865565294635, 37.509443995149461 ] } },
{ "type": "Feature", "properties": { "종류": "회전", "text": "길이 크게 꺾이는 곳입니다.", "A점수": null, "node": null, "최대경사_pct": null, "길이_m": null, "학교": "중앙대", "합친_큐수": 3.0, "audio_key": "7c86b46f338a", "cue_id": "중앙대_113" }, "geometry": { "type": "Point", "coordinates": [ 126.955454206775215, 37.506822693929081 ] } },
{ "type": "Feature", "properties": { "종류": "회전", "text": "길이 크게 꺾이는 곳입니다.", "A점수": null, "node": null, "최대경사_pct": null, "길이_m": null, "학교": "중앙대", "합친_큐수": 1.0, "audio_key": "7c86b46f338a", "cue_id": "중앙대_114" }, "geometry": { "type": "Point", "coordinates": [ 126.961327366111718, 37.508676783676471 ] } },
{ "type": "Feature", "properties": { "종류": "회전", "text": "길이 크게 꺾이는 곳입니다.", "A점수": null, "node": null, "최대경사_pct": null, "길이_m": null, "학교": "중앙대", "합친_큐수": 1.0, "audio_key": "7c86b46f338a", "cue_id": "중앙대_115" }, "geometry": { "type": "Point", "coordinates": [ 126.955644228567323, 37.513553735491712 ] } },
{ "type": "Feature", "properties": { "종류": "회전", "text": "길이 크게 꺾이는 곳입니다.", "A점수": null, "node": null, "최대경사_pct": null, "길이_m": null, "학교": "중앙대", "합친_큐수": 2.0, "audio_key": "7c86b46f338a", "cue_id": "중앙대_116" }, "geometry": { "type": "Point", "coordinates": [ 126.948969083985403, 37.505457730116362 ] } },
{ "type": "Feature", "properties": { "종류": "회전", "text": "길이 크게 꺾이는 곳입니다.", "A점수": null, "node": null, "최대경사_pct": null, "길이_m": null, "학교": "중앙대", "합친_큐수": 2.0, "audio_key": "7c86b46f338a", "cue_id": "중앙대_117" }, "geometry": { "type": "Point", "coordinates": [ 126.949549159305036, 37.505200294656134 ] } },
{ "type": "Feature", "properties": { "종류": "회전", "text": "길이 크게 꺾이는 곳입니다.", "A점수": null, "node": null, "최대경사_pct": null, "길이_m": null, "학교": "중앙대", "합친_큐수": 1.0, "audio_key": "7c86b46f338a", "cue_id": "중앙대_118" }, "geometry": { "type": "Point", "coordinates": [ 126.947811479098647, 37.504021765815487 ] } },
{ "type": "Feature", "properties": { "종류": "회전", "text": "길이 크게 꺾이는 곳입니다.", "A점수": null, "node": null, "최대경사_pct": null, "길이_m": null, "학교": "중앙대", "합친_큐수": 1.0, "audio_key": "7c86b46f338a", "cue_id": "중앙대_119" }, "geometry": { "type": "Point", "coordinates": [ 126.946748281778881, 37.504514595172544 ] } },
{ "type": "Feature", "properties": { "종류": "회전", "text": "길이 크게 꺾이는 곳입니다.", "A점수": null, "node": null, "최대경사_pct": null, "길이_m": null, "학교": "중앙대", "합친_큐수": 1.0, "audio_key": "7c86b46f338a", "cue_id": "중앙대_120" }, "geometry": { "type": "Point", "coordinates": [ 126.947370452717024, 37.497752457800701 ] } },
{ "type": "Feature", "properties": { "종류": "회전", "text": "길이 크게 꺾이는 곳입니다.", "A점수": null, "node": null, "최대경사_pct": null, "길이_m": null, "학교": "중앙대", "합친_큐수": 1.0, "audio_key": "7c86b46f338a", "cue_id": "중앙대_121" }, "geometry": { "type": "Point", "coordinates": [ 126.947369366244374, 37.49757225863128 ] } },
{ "type": "Feature", "properties": { "종류": "회전", "text": "길이 크게 꺾이는 곳입니다.", "A점수": null, "node": null, "최대경사_pct": null, "길이_m": null, "학교": "중앙대", "합친_큐수": 2.0, "audio_key": "7c86b46f338a", "cue_id": "중앙대_122" }, "geometry": { "type": "Point", "coordinates": [ 126.947780653734029, 37.498212225412821 ] } },
{ "type": "Feature", "properties": { "종류": "회전", "text": "길이 크게 꺾이는 곳입니다.", "A점수": null, "node": null, "최대경사_pct": null, "길이_m": null, "학교": "중앙대", "합친_큐수": 2.0, "audio_key": "7c86b46f338a", "cue_id": "중앙대_123" }, "geometry": { "type": "Point", "coordinates": [ 126.947573619451788, 37.498143212164798 ] } },
{ "type": "Feature", "properties": { "종류": "회전", "text": "길이 크게 꺾이는 곳입니다.", "A점수": null, "node": null, "최대경사_pct": null, "길이_m": null, "학교": "중앙대", "합친_큐수": 1.0, "audio_key": "7c86b46f338a", "cue_id": "중앙대_124" }, "geometry": { "type": "Point", "coordinates": [ 126.950890492769261, 37.508954592946111 ] } },
{ "type": "Feature", "properties": { "종류": "회전", "text": "길이 크게 꺾이는 곳입니다.", "A점수": null, "node": null, "최대경사_pct": null, "길이_m": null, "학교": "중앙대", "합친_큐수": 1.0, "audio_key": "7c86b46f338a", "cue_id": "중앙대_125" }, "geometry": { "type": "Point", "coordinates": [ 126.950120032271059, 37.506584021748679 ] } },
{ "type": "Feature", "properties": { "종류": "회전", "text": "길이 크게 꺾이는 곳입니다.", "A점수": null, "node": null, "최대경사_pct": null, "길이_m": null, "학교": "중앙대", "합친_큐수": 1.0, "audio_key": "7c86b46f338a", "cue_id": "중앙대_126" }, "geometry": { "type": "Point", "coordinates": [ 126.950499422285432, 37.506753443485977 ] } },
{ "type": "Feature", "properties": { "종류": "회전", "text": "길이 크게 꺾이는 곳입니다.", "A점수": null, "node": null, "최대경사_pct": null, "길이_m": null, "학교": "중앙대", "합친_큐수": 1.0, "audio_key": "7c86b46f338a", "cue_id": "중앙대_127" }, "geometry": { "type": "Point", "coordinates": [ 126.952794726721137, 37.501087482779965 ] } },
{ "type": "Feature", "properties": { "종류": "회전", "text": "길이 크게 꺾이는 곳입니다.", "A점수": null, "node": null, "최대경사_pct": null, "길이_m": null, "학교": "중앙대", "합친_큐수": 1.0, "audio_key": "7c86b46f338a", "cue_id": "중앙대_128" }, "geometry": { "type": "Point", "coordinates": [ 126.951641543482793, 37.498907718471109 ] } },
{ "type": "Feature", "properties": { "종류": "회전", "text": "길이 크게 꺾이는 곳입니다.", "A점수": null, "node": null, "최대경사_pct": null, "길이_m": null, "학교": "중앙대", "합친_큐수": 3.0, "audio_key": "7c86b46f338a", "cue_id": "중앙대_129" }, "geometry": { "type": "Point", "coordinates": [ 126.950003422646532, 37.49735871873699 ] } },
{ "type": "Feature", "properties": { "종류": "회전", "text": "길이 크게 꺾이는 곳입니다.", "A점수": null, "node": null, "최대경사_pct": null, "길이_m": null, "학교": "중앙대", "합친_큐수": 2.0, "audio_key": "7c86b46f338a", "cue_id": "중앙대_130" }, "geometry": { "type": "Point", "coordinates": [ 126.953538499415956, 37.503306580629101 ] } },
{ "type": "Feature", "properties": { "종류": "회전", "text": "길이 크게 꺾이는 곳입니다.", "A점수": null, "node": null, "최대경사_pct": null, "길이_m": null, "학교": "중앙대", "합친_큐수": 2.0, "audio_key": "7c86b46f338a", "cue_id": "중앙대_131" }, "geometry": { "type": "Point", "coordinates": [ 126.953550400000026, 37.502786422798565 ] } },
{ "type": "Feature", "properties": { "종류": "회전", "text": "길이 크게 꺾이는 곳입니다.", "A점수": null, "node": null, "최대경사_pct": null, "길이_m": null, "학교": "중앙대", "합친_큐수": 1.0, "audio_key": "7c86b46f338a", "cue_id": "중앙대_132" }, "geometry": { "type": "Point", "coordinates": [ 126.956980212252191, 37.499375357785034 ] } },
{ "type": "Feature", "properties": { "종류": "회전", "text": "길이 크게 꺾이는 곳입니다.", "A점수": null, "node": null, "최대경사_pct": null, "길이_m": null, "학교": "중앙대", "합친_큐수": 1.0, "audio_key": "7c86b46f338a", "cue_id": "중앙대_133" }, "geometry": { "type": "Point", "coordinates": [ 126.954999085678182, 37.503721855902683 ] } },
{ "type": "Feature", "properties": { "종류": "회전", "text": "길이 크게 꺾이는 곳입니다.", "A점수": null, "node": null, "최대경사_pct": null, "길이_m": null, "학교": "중앙대", "합친_큐수": 1.0, "audio_key": "7c86b46f338a", "cue_id": "중앙대_134" }, "geometry": { "type": "Point", "coordinates": [ 126.95465291898654, 37.503766486697408 ] } },
{ "type": "Feature", "properties": { "종류": "회전", "text": "길이 크게 꺾이는 곳입니다.", "A점수": null, "node": null, "최대경사_pct": null, "길이_m": null, "학교": "중앙대", "합친_큐수": 1.0, "audio_key": "7c86b46f338a", "cue_id": "중앙대_135" }, "geometry": { "type": "Point", "coordinates": [ 126.954608380507537, 37.503621131749348 ] } },
{ "type": "Feature", "properties": { "종류": "회전", "text": "길이 크게 꺾이는 곳입니다.", "A점수": null, "node": null, "최대경사_pct": null, "길이_m": null, "학교": "중앙대", "합친_큐수": 1.0, "audio_key": "7c86b46f338a", "cue_id": "중앙대_136" }, "geometry": { "type": "Point", "coordinates": [ 126.953725529108638, 37.503658773020248 ] } },
{ "type": "Feature", "properties": { "종류": "회전", "text": "길이 크게 꺾이는 곳입니다.", "A점수": null, "node": null, "최대경사_pct": null, "길이_m": null, "학교": "중앙대", "합친_큐수": 1.0, "audio_key": "7c86b46f338a", "cue_id": "중앙대_137" }, "geometry": { "type": "Point", "coordinates": [ 126.953172663652495, 37.50469595521556 ] } },
{ "type": "Feature", "properties": { "종류": "회전", "text": "길이 크게 꺾이는 곳입니다.", "A점수": null, "node": null, "최대경사_pct": null, "길이_m": null, "학교": "중앙대", "합친_큐수": 1.0, "audio_key": "7c86b46f338a", "cue_id": "중앙대_138" }, "geometry": { "type": "Point", "coordinates": [ 126.962586983576443, 37.506328947732342 ] } },
{ "type": "Feature", "properties": { "종류": "회전", "text": "길이 크게 꺾이는 곳입니다.", "A점수": null, "node": null, "최대경사_pct": null, "길이_m": null, "학교": "중앙대", "합친_큐수": 2.0, "audio_key": "7c86b46f338a", "cue_id": "중앙대_139" }, "geometry": { "type": "Point", "coordinates": [ 126.961809700718447, 37.506452199995813 ] } },
{ "type": "Feature", "properties": { "종류": "회전", "text": "길이 크게 꺾이는 곳입니다.", "A점수": null, "node": null, "최대경사_pct": null, "길이_m": null, "학교": "중앙대", "합친_큐수": 3.0, "audio_key": "7c86b46f338a", "cue_id": "중앙대_140" }, "geometry": { "type": "Point", "coordinates": [ 126.963832593885328, 37.501229088055709 ] } },
{ "type": "Feature", "properties": { "종류": "회전", "text": "길이 크게 꺾이는 곳입니다.", "A점수": null, "node": null, "최대경사_pct": null, "길이_m": null, "학교": "중앙대", "합친_큐수": 1.0, "audio_key": "7c86b46f338a", "cue_id": "중앙대_141" }, "geometry": { "type": "Point", "coordinates": [ 126.958132374699375, 37.497868054851651 ] } },
{ "type": "Feature", "properties": { "종류": "회전", "text": "길이 크게 꺾이는 곳입니다.", "A점수": null, "node": null, "최대경사_pct": null, "길이_m": null, "학교": "중앙대", "합친_큐수": 1.0, "audio_key": "7c86b46f338a", "cue_id": "중앙대_142" }, "geometry": { "type": "Point", "coordinates": [ 126.957806059779415, 37.498023696927092 ] } },
{ "type": "Feature", "properties": { "종류": "회전", "text": "길이 크게 꺾이는 곳입니다.", "A점수": null, "node": null, "최대경사_pct": null, "길이_m": null, "학교": "중앙대", "합친_큐수": 1.0, "audio_key": "7c86b46f338a", "cue_id": "중앙대_143" }, "geometry": { "type": "Point", "coordinates": [ 126.957850071272219, 37.498283471758263 ] } },
{ "type": "Feature", "properties": { "종류": "회전", "text": "길이 크게 꺾이는 곳입니다.", "A점수": null, "node": null, "최대경사_pct": null, "길이_m": null, "학교": "중앙대", "합친_큐수": 1.0, "audio_key": "7c86b46f338a", "cue_id": "중앙대_144" }, "geometry": { "type": "Point", "coordinates": [ 126.959133313139247, 37.497842737879203 ] } },
{ "type": "Feature", "properties": { "종류": "회전", "text": "길이 크게 꺾이는 곳입니다.", "A점수": null, "node": null, "최대경사_pct": null, "길이_m": null, "학교": "중앙대", "합친_큐수": 1.0, "audio_key": "7c86b46f338a", "cue_id": "중앙대_145" }, "geometry": { "type": "Point", "coordinates": [ 126.96227224546675, 37.498135111898122 ] } },
{ "type": "Feature", "properties": { "종류": "회전", "text": "길이 크게 꺾이는 곳입니다.", "A점수": null, "node": null, "최대경사_pct": null, "길이_m": null, "학교": "중앙대", "합친_큐수": 1.0, "audio_key": "7c86b46f338a", "cue_id": "중앙대_146" }, "geometry": { "type": "Point", "coordinates": [ 126.96200268285709, 37.498142975183356 ] } },
{ "type": "Feature", "properties": { "종류": "회전", "text": "길이 크게 꺾이는 곳입니다.", "A점수": null, "node": null, "최대경사_pct": null, "길이_m": null, "학교": "중앙대", "합친_큐수": 1.0, "audio_key": "7c86b46f338a", "cue_id": "중앙대_147" }, "geometry": { "type": "Point", "coordinates": [ 126.961807374162447, 37.498331447859066 ] } },
{ "type": "Feature", "properties": { "종류": "회전", "text": "길이 크게 꺾이는 곳입니다.", "A점수": null, "node": null, "최대경사_pct": null, "길이_m": null, "학교": "중앙대", "합친_큐수": 1.0, "audio_key": "7c86b46f338a", "cue_id": "중앙대_148" }, "geometry": { "type": "Point", "coordinates": [ 126.962304715557295, 37.498658053852573 ] } },
{ "type": "Feature", "properties": { "종류": "회전", "text": "길이 크게 꺾이는 곳입니다.", "A점수": null, "node": null, "최대경사_pct": null, "길이_m": null, "학교": "중앙대", "합친_큐수": 1.0, "audio_key": "7c86b46f338a", "cue_id": "중앙대_149" }, "geometry": { "type": "Point", "coordinates": [ 126.962451175807587, 37.498472389657032 ] } },
{ "type": "Feature", "properties": { "종류": "회전", "text": "길이 크게 꺾이는 곳입니다.", "A점수": null, "node": null, "최대경사_pct": null, "길이_m": null, "학교": "중앙대", "합친_큐수": 1.0, "audio_key": "7c86b46f338a", "cue_id": "중앙대_150" }, "geometry": { "type": "Point", "coordinates": [ 126.962833906052694, 37.498717036581269 ] } },
{ "type": "Feature", "properties": { "종류": "회전", "text": "길이 크게 꺾이는 곳입니다.", "A점수": null, "node": null, "최대경사_pct": null, "길이_m": null, "학교": "중앙대", "합친_큐수": 1.0, "audio_key": "7c86b46f338a", "cue_id": "중앙대_151" }, "geometry": { "type": "Point", "coordinates": [ 126.962625877148113, 37.498980346200753 ] } },
{ "type": "Feature", "properties": { "종류": "회전", "text": "길이 크게 꺾이는 곳입니다.", "A점수": null, "node": null, "최대경사_pct": null, "길이_m": null, "학교": "중앙대", "합친_큐수": 1.0, "audio_key": "7c86b46f338a", "cue_id": "중앙대_152" }, "geometry": { "type": "Point", "coordinates": [ 126.962426109179404, 37.498947246371714 ] } },
{ "type": "Feature", "properties": { "종류": "회전", "text": "길이 크게 꺾이는 곳입니다.", "A점수": null, "node": null, "최대경사_pct": null, "길이_m": null, "학교": "중앙대", "합친_큐수": 1.0, "audio_key": "7c86b46f338a", "cue_id": "중앙대_153" }, "geometry": { "type": "Point", "coordinates": [ 126.95323140047816, 37.498096100741741 ] } },
{ "type": "Feature", "properties": { "종류": "회전", "text": "길이 크게 꺾이는 곳입니다.", "A점수": null, "node": null, "최대경사_pct": null, "길이_m": null, "학교": "중앙대", "합친_큐수": 1.0, "audio_key": "7c86b46f338a", "cue_id": "중앙대_154" }, "geometry": { "type": "Point", "coordinates": [ 126.953011952129941, 37.499578700618727 ] } },
{ "type": "Feature", "properties": { "종류": "회전", "text": "길이 크게 꺾이는 곳입니다.", "A점수": null, "node": null, "최대경사_pct": null, "길이_m": null, "학교": "중앙대", "합친_큐수": 2.0, "audio_key": "7c86b46f338a", "cue_id": "중앙대_155" }, "geometry": { "type": "Point", "coordinates": [ 126.95228849441591, 37.499833124893605 ] } },
{ "type": "Feature", "properties": { "종류": "회전", "text": "길이 크게 꺾이는 곳입니다.", "A점수": null, "node": null, "최대경사_pct": null, "길이_m": null, "학교": "중앙대", "합친_큐수": 1.0, "audio_key": "7c86b46f338a", "cue_id": "중앙대_156" }, "geometry": { "type": "Point", "coordinates": [ 126.954504935931638, 37.497316052583862 ] } },
{ "type": "Feature", "properties": { "종류": "회전", "text": "길이 크게 꺾이는 곳입니다.", "A점수": null, "node": null, "최대경사_pct": null, "길이_m": null, "학교": "중앙대", "합친_큐수": 1.0, "audio_key": "7c86b46f338a", "cue_id": "중앙대_157" }, "geometry": { "type": "Point", "coordinates": [ 126.954777542230147, 37.497174248217021 ] } },
{ "type": "Feature", "properties": { "종류": "회전", "text": "길이 크게 꺾이는 곳입니다.", "A점수": null, "node": null, "최대경사_pct": null, "길이_m": null, "학교": "중앙대", "합친_큐수": 1.0, "audio_key": "7c86b46f338a", "cue_id": "중앙대_158" }, "geometry": { "type": "Point", "coordinates": [ 126.949542821071176, 37.500144402656758 ] } },
{ "type": "Feature", "properties": { "종류": "회전", "text": "길이 크게 꺾이는 곳입니다.", "A점수": null, "node": null, "최대경사_pct": null, "길이_m": null, "학교": "중앙대", "합친_큐수": 2.0, "audio_key": "7c86b46f338a", "cue_id": "중앙대_159" }, "geometry": { "type": "Point", "coordinates": [ 126.950528541994117, 37.498548116486432 ] } },
{ "type": "Feature", "properties": { "종류": "회전", "text": "길이 크게 꺾이는 곳입니다.", "A점수": null, "node": null, "최대경사_pct": null, "길이_m": null, "학교": "중앙대", "합친_큐수": 2.0, "audio_key": "7c86b46f338a", "cue_id": "중앙대_160" }, "geometry": { "type": "Point", "coordinates": [ 126.950180679521097, 37.499070658134109 ] } },
{ "type": "Feature", "properties": { "종류": "회전", "text": "길이 크게 꺾이는 곳입니다.", "A점수": null, "node": null, "최대경사_pct": null, "길이_m": null, "학교": "중앙대", "합친_큐수": 1.0, "audio_key": "7c86b46f338a", "cue_id": "중앙대_161" }, "geometry": { "type": "Point", "coordinates": [ 126.951397950583896, 37.503997659630478 ] } },
{ "type": "Feature", "properties": { "종류": "회전", "text": "길이 크게 꺾이는 곳입니다.", "A점수": null, "node": null, "최대경사_pct": null, "길이_m": null, "학교": "중앙대", "합친_큐수": 1.0, "audio_key": "7c86b46f338a", "cue_id": "중앙대_162" }, "geometry": { "type": "Point", "coordinates": [ 126.950991696150439, 37.504061996066802 ] } },
{ "type": "Feature", "properties": { "종류": "회전", "text": "길이 크게 꺾이는 곳입니다.", "A점수": null, "node": null, "최대경사_pct": null, "길이_m": null, "학교": "중앙대", "합친_큐수": 1.0, "audio_key": "7c86b46f338a", "cue_id": "중앙대_163" }, "geometry": { "type": "Point", "coordinates": [ 126.950705394823018, 37.50340741515955 ] } },
{ "type": "Feature", "properties": { "종류": "회전", "text": "길이 크게 꺾이는 곳입니다.", "A점수": null, "node": null, "최대경사_pct": null, "길이_m": null, "학교": "중앙대", "합친_큐수": 1.0, "audio_key": "7c86b46f338a", "cue_id": "중앙대_164" }, "geometry": { "type": "Point", "coordinates": [ 126.950221542667975, 37.497889106024338 ] } },
{ "type": "Feature", "properties": { "종류": "회전", "text": "길이 크게 꺾이는 곳입니다.", "A점수": null, "node": null, "최대경사_pct": null, "길이_m": null, "학교": "중앙대", "합친_큐수": 2.0, "audio_key": "7c86b46f338a", "cue_id": "중앙대_165" }, "geometry": { "type": "Point", "coordinates": [ 126.950103223995598, 37.497472009898303 ] } },
{ "type": "Feature", "properties": { "종류": "회전", "text": "길이 크게 꺾이는 곳입니다.", "A점수": null, "node": null, "최대경사_pct": null, "길이_m": null, "학교": "중앙대", "합친_큐수": 1.0, "audio_key": "7c86b46f338a", "cue_id": "중앙대_166" }, "geometry": { "type": "Point", "coordinates": [ 126.950082234781789, 37.506755899504633 ] } },
{ "type": "Feature", "properties": { "종류": "회전", "text": "길이 크게 꺾이는 곳입니다.", "A점수": null, "node": null, "최대경사_pct": null, "길이_m": null, "학교": "중앙대", "합친_큐수": 1.0, "audio_key": "7c86b46f338a", "cue_id": "중앙대_167" }, "geometry": { "type": "Point", "coordinates": [ 126.950326614629219, 37.507253339602052 ] } },
{ "type": "Feature", "properties": { "종류": "회전", "text": "길이 크게 꺾이는 곳입니다.", "A점수": null, "node": null, "최대경사_pct": null, "길이_m": null, "학교": "중앙대", "합친_큐수": 1.0, "audio_key": "7c86b46f338a", "cue_id": "중앙대_168" }, "geometry": { "type": "Point", "coordinates": [ 126.951422735197852, 37.507598161194103 ] } },
{ "type": "Feature", "properties": { "종류": "회전", "text": "길이 크게 꺾이는 곳입니다.", "A점수": null, "node": null, "최대경사_pct": null, "길이_m": null, "학교": "중앙대", "합친_큐수": 1.0, "audio_key": "7c86b46f338a", "cue_id": "중앙대_169" }, "geometry": { "type": "Point", "coordinates": [ 126.951477568292077, 37.50776407467621 ] } },
{ "type": "Feature", "properties": { "종류": "회전", "text": "길이 크게 꺾이는 곳입니다.", "A점수": null, "node": null, "최대경사_pct": null, "길이_m": null, "학교": "중앙대", "합친_큐수": 2.0, "audio_key": "7c86b46f338a", "cue_id": "중앙대_170" }, "geometry": { "type": "Point", "coordinates": [ 126.953115704343517, 37.509997039353429 ] } },
{ "type": "Feature", "properties": { "종류": "회전", "text": "길이 크게 꺾이는 곳입니다.", "A점수": null, "node": null, "최대경사_pct": null, "길이_m": null, "학교": "중앙대", "합친_큐수": 1.0, "audio_key": "7c86b46f338a", "cue_id": "중앙대_171" }, "geometry": { "type": "Point", "coordinates": [ 126.955727056561798, 37.510880746932116 ] } },
{ "type": "Feature", "properties": { "종류": "회전", "text": "길이 크게 꺾이는 곳입니다.", "A점수": null, "node": null, "최대경사_pct": null, "길이_m": null, "학교": "중앙대", "합친_큐수": 1.0, "audio_key": "7c86b46f338a", "cue_id": "중앙대_172" }, "geometry": { "type": "Point", "coordinates": [ 126.955970659855566, 37.510627140759816 ] } },
{ "type": "Feature", "properties": { "종류": "회전", "text": "길이 크게 꺾이는 곳입니다.", "A점수": null, "node": null, "최대경사_pct": null, "길이_m": null, "학교": "중앙대", "합친_큐수": 1.0, "audio_key": "7c86b46f338a", "cue_id": "중앙대_173" }, "geometry": { "type": "Point", "coordinates": [ 126.955872259253582, 37.510295366130137 ] } },
{ "type": "Feature", "properties": { "종류": "회전", "text": "길이 크게 꺾이는 곳입니다.", "A점수": null, "node": null, "최대경사_pct": null, "길이_m": null, "학교": "중앙대", "합친_큐수": 1.0, "audio_key": "7c86b46f338a", "cue_id": "중앙대_174" }, "geometry": { "type": "Point", "coordinates": [ 126.956104190224934, 37.510430844315344 ] } },
{ "type": "Feature", "properties": { "종류": "회전", "text": "길이 크게 꺾이는 곳입니다.", "A점수": null, "node": null, "최대경사_pct": null, "길이_m": null, "학교": "중앙대", "합친_큐수": 1.0, "audio_key": "7c86b46f338a", "cue_id": "중앙대_175" }, "geometry": { "type": "Point", "coordinates": [ 126.955936935160707, 37.507516080798752 ] } },
{ "type": "Feature", "properties": { "종류": "회전", "text": "길이 크게 꺾이는 곳입니다.", "A점수": null, "node": null, "최대경사_pct": null, "길이_m": null, "학교": "중앙대", "합친_큐수": 1.0, "audio_key": "7c86b46f338a", "cue_id": "중앙대_176" }, "geometry": { "type": "Point", "coordinates": [ 126.956273007764452, 37.507811039731209 ] } },
{ "type": "Feature", "properties": { "종류": "회전", "text": "길이 크게 꺾이는 곳입니다.", "A점수": null, "node": null, "최대경사_pct": null, "길이_m": null, "학교": "중앙대", "합친_큐수": 1.0, "audio_key": "7c86b46f338a", "cue_id": "중앙대_177" }, "geometry": { "type": "Point", "coordinates": [ 126.956020327699349, 37.50700939514207 ] } },
{ "type": "Feature", "properties": { "종류": "회전", "text": "길이 크게 꺾이는 곳입니다.", "A점수": null, "node": null, "최대경사_pct": null, "길이_m": null, "학교": "중앙대", "합친_큐수": 1.0, "audio_key": "7c86b46f338a", "cue_id": "중앙대_178" }, "geometry": { "type": "Point", "coordinates": [ 126.957358906923062, 37.508584076378746 ] } },
{ "type": "Feature", "properties": { "종류": "회전", "text": "길이 크게 꺾이는 곳입니다.", "A점수": null, "node": null, "최대경사_pct": null, "길이_m": null, "학교": "중앙대", "합친_큐수": 1.0, "audio_key": "7c86b46f338a", "cue_id": "중앙대_179" }, "geometry": { "type": "Point", "coordinates": [ 126.959088952599515, 37.509583931511223 ] } },
{ "type": "Feature", "properties": { "종류": "회전", "text": "길이 크게 꺾이는 곳입니다.", "A점수": null, "node": null, "최대경사_pct": null, "길이_m": null, "학교": "중앙대", "합친_큐수": 1.0, "audio_key": "7c86b46f338a", "cue_id": "중앙대_180" }, "geometry": { "type": "Point", "coordinates": [ 126.959598808212462, 37.50929036434637 ] } },
{ "type": "Feature", "properties": { "종류": "회전", "text": "길이 크게 꺾이는 곳입니다.", "A점수": null, "node": null, "최대경사_pct": null, "길이_m": null, "학교": "중앙대", "합친_큐수": 1.0, "audio_key": "7c86b46f338a", "cue_id": "중앙대_181" }, "geometry": { "type": "Point", "coordinates": [ 126.959625616212733, 37.506723051424935 ] } },
{ "type": "Feature", "properties": { "종류": "회전", "text": "길이 크게 꺾이는 곳입니다.", "A점수": null, "node": null, "최대경사_pct": null, "길이_m": null, "학교": "중앙대", "합친_큐수": 1.0, "audio_key": "7c86b46f338a", "cue_id": "중앙대_182" }, "geometry": { "type": "Point", "coordinates": [ 126.959343630685353, 37.507502208867457 ] } },
{ "type": "Feature", "properties": { "종류": "회전", "text": "길이 크게 꺾이는 곳입니다.", "A점수": null, "node": null, "최대경사_pct": null, "길이_m": null, "학교": "중앙대", "합친_큐수": 1.0, "audio_key": "7c86b46f338a", "cue_id": "중앙대_183" }, "geometry": { "type": "Point", "coordinates": [ 126.958534947517393, 37.510586506994841 ] } },
{ "type": "Feature", "properties": { "종류": "회전", "text": "길이 크게 꺾이는 곳입니다.", "A점수": null, "node": null, "최대경사_pct": null, "길이_m": null, "학교": "중앙대", "합친_큐수": 1.0, "audio_key": "7c86b46f338a", "cue_id": "중앙대_184" }, "geometry": { "type": "Point", "coordinates": [ 126.95851116693872, 37.509749644815322 ] } },
{ "type": "Feature", "properties": { "종류": "회전", "text": "길이 크게 꺾이는 곳입니다.", "A점수": null, "node": null, "최대경사_pct": null, "길이_m": null, "학교": "중앙대", "합친_큐수": 1.0, "audio_key": "7c86b46f338a", "cue_id": "중앙대_185" }, "geometry": { "type": "Point", "coordinates": [ 126.96066313357268, 37.509277520500675 ] } },
{ "type": "Feature", "properties": { "종류": "회전", "text": "길이 크게 꺾이는 곳입니다.", "A점수": null, "node": null, "최대경사_pct": null, "길이_m": null, "학교": "중앙대", "합친_큐수": 1.0, "audio_key": "7c86b46f338a", "cue_id": "중앙대_186" }, "geometry": { "type": "Point", "coordinates": [ 126.961121807946867, 37.508979072460249 ] } },
{ "type": "Feature", "properties": { "종류": "회전", "text": "길이 크게 꺾이는 곳입니다.", "A점수": null, "node": null, "최대경사_pct": null, "길이_m": null, "학교": "중앙대", "합친_큐수": 1.0, "audio_key": "7c86b46f338a", "cue_id": "중앙대_187" }, "geometry": { "type": "Point", "coordinates": [ 126.958688199583037, 37.507546780840343 ] } },
{ "type": "Feature", "properties": { "종류": "회전", "text": "길이 크게 꺾이는 곳입니다.", "A점수": null, "node": null, "최대경사_pct": null, "길이_m": null, "학교": "중앙대", "합친_큐수": 1.0, "audio_key": "7c86b46f338a", "cue_id": "중앙대_188" }, "geometry": { "type": "Point", "coordinates": [ 126.947208862305089, 37.513531936321137 ] } },
{ "type": "Feature", "properties": { "종류": "회전", "text": "길이 크게 꺾이는 곳입니다.", "A점수": null, "node": null, "최대경사_pct": null, "길이_m": null, "학교": "중앙대", "합친_큐수": 1.0, "audio_key": "7c86b46f338a", "cue_id": "중앙대_189" }, "geometry": { "type": "Point", "coordinates": [ 126.948507391984521, 37.50971828946566 ] } },
{ "type": "Feature", "properties": { "종류": "회전", "text": "길이 크게 꺾이는 곳입니다.", "A점수": null, "node": null, "최대경사_pct": null, "길이_m": null, "학교": "중앙대", "합친_큐수": 1.0, "audio_key": "7c86b46f338a", "cue_id": "중앙대_190" }, "geometry": { "type": "Point", "coordinates": [ 126.949309190213796, 37.510482443838676 ] } },
{ "type": "Feature", "properties": { "종류": "회전", "text": "길이 크게 꺾이는 곳입니다.", "A점수": null, "node": null, "최대경사_pct": null, "길이_m": null, "학교": "중앙대", "합친_큐수": 1.0, "audio_key": "7c86b46f338a", "cue_id": "중앙대_191" }, "geometry": { "type": "Point", "coordinates": [ 126.948276890888522, 37.51213517312798 ] } },
{ "type": "Feature", "properties": { "종류": "회전", "text": "길이 크게 꺾이는 곳입니다.", "A점수": null, "node": null, "최대경사_pct": null, "길이_m": null, "학교": "중앙대", "합친_큐수": 1.0, "audio_key": "7c86b46f338a", "cue_id": "중앙대_192" }, "geometry": { "type": "Point", "coordinates": [ 126.947872415507149, 37.512116152735501 ] } },
{ "type": "Feature", "properties": { "종류": "회전", "text": "길이 크게 꺾이는 곳입니다.", "A점수": null, "node": null, "최대경사_pct": null, "길이_m": null, "학교": "중앙대", "합친_큐수": 1.0, "audio_key": "7c86b46f338a", "cue_id": "중앙대_193" }, "geometry": { "type": "Point", "coordinates": [ 126.949406512942844, 37.498362171209195 ] } },
{ "type": "Feature", "properties": { "종류": "회전", "text": "길이 크게 꺾이는 곳입니다.", "A점수": null, "node": null, "최대경사_pct": null, "길이_m": null, "학교": "중앙대", "합친_큐수": 1.0, "audio_key": "7c86b46f338a", "cue_id": "중앙대_194" }, "geometry": { "type": "Point", "coordinates": [ 126.949504642430711, 37.498174057927407 ] } },
{ "type": "Feature", "properties": { "종류": "회전", "text": "길이 크게 꺾이는 곳입니다.", "A점수": null, "node": null, "최대경사_pct": null, "길이_m": null, "학교": "중앙대", "합친_큐수": 1.0, "audio_key": "7c86b46f338a", "cue_id": "중앙대_195" }, "geometry": { "type": "Point", "coordinates": [ 126.950165933934173, 37.498682293410603 ] } },
{ "type": "Feature", "properties": { "종류": "회전", "text": "길이 크게 꺾이는 곳입니다.", "A점수": null, "node": null, "최대경사_pct": null, "길이_m": null, "학교": "중앙대", "합친_큐수": 1.0, "audio_key": "7c86b46f338a", "cue_id": "중앙대_196" }, "geometry": { "type": "Point", "coordinates": [ 126.949884907536642, 37.498448797584523 ] } },
{ "type": "Feature", "properties": { "종류": "회전", "text": "길이 크게 꺾이는 곳입니다.", "A점수": null, "node": null, "최대경사_pct": null, "길이_m": null, "학교": "중앙대", "합친_큐수": 1.0, "audio_key": "7c86b46f338a", "cue_id": "중앙대_197" }, "geometry": { "type": "Point", "coordinates": [ 126.957025844900727, 37.497701591672765 ] } },
{ "type": "Feature", "properties": { "종류": "회전", "text": "길이 크게 꺾이는 곳입니다.", "A점수": null, "node": null, "최대경사_pct": null, "길이_m": null, "학교": "중앙대", "합친_큐수": 1.0, "audio_key": "7c86b46f338a", "cue_id": "중앙대_198" }, "geometry": { "type": "Point", "coordinates": [ 126.955395463512076, 37.497707680221765 ] } },
{ "type": "Feature", "properties": { "종류": "회전", "text": "길이 크게 꺾이는 곳입니다.", "A점수": null, "node": null, "최대경사_pct": null, "길이_m": null, "학교": "중앙대", "합친_큐수": 1.0, "audio_key": "7c86b46f338a", "cue_id": "중앙대_199" }, "geometry": { "type": "Point", "coordinates": [ 126.964323122598586, 37.507177930263104 ] } },
{ "type": "Feature", "properties": { "종류": "회전", "text": "길이 크게 꺾이는 곳입니다.", "A점수": null, "node": null, "최대경사_pct": null, "길이_m": null, "학교": "중앙대", "합친_큐수": 2.0, "audio_key": "7c86b46f338a", "cue_id": "중앙대_200" }, "geometry": { "type": "Point", "coordinates": [ 126.96499898245149, 37.507106157248813 ] } },
{ "type": "Feature", "properties": { "종류": "회전", "text": "길이 크게 꺾이는 곳입니다.", "A점수": null, "node": null, "최대경사_pct": null, "길이_m": null, "학교": "중앙대", "합친_큐수": 1.0, "audio_key": "7c86b46f338a", "cue_id": "중앙대_201" }, "geometry": { "type": "Point", "coordinates": [ 126.965598036959179, 37.506036359118987 ] } },
{ "type": "Feature", "properties": { "종류": "회전", "text": "길이 크게 꺾이는 곳입니다.", "A점수": null, "node": null, "최대경사_pct": null, "길이_m": null, "학교": "중앙대", "합친_큐수": 1.0, "audio_key": "7c86b46f338a", "cue_id": "중앙대_202" }, "geometry": { "type": "Point", "coordinates": [ 126.965783198974663, 37.505868577215445 ] } },
{ "type": "Feature", "properties": { "종류": "회전", "text": "길이 크게 꺾이는 곳입니다.", "A점수": null, "node": null, "최대경사_pct": null, "길이_m": null, "학교": "중앙대", "합친_큐수": 1.0, "audio_key": "7c86b46f338a", "cue_id": "중앙대_203" }, "geometry": { "type": "Point", "coordinates": [ 126.958355067884028, 37.508614823827457 ] } },
{ "type": "Feature", "properties": { "종류": "회전", "text": "길이 크게 꺾이는 곳입니다.", "A점수": null, "node": null, "최대경사_pct": null, "길이_m": null, "학교": "중앙대", "합친_큐수": 1.0, "audio_key": "7c86b46f338a", "cue_id": "중앙대_204" }, "geometry": { "type": "Point", "coordinates": [ 126.963197736724055, 37.506870885248254 ] } },
{ "type": "Feature", "properties": { "종류": "회전", "text": "길이 크게 꺾이는 곳입니다.", "A점수": null, "node": null, "최대경사_pct": null, "길이_m": null, "학교": "중앙대", "합친_큐수": 1.0, "audio_key": "7c86b46f338a", "cue_id": "중앙대_205" }, "geometry": { "type": "Point", "coordinates": [ 126.962964759387788, 37.501754035496226 ] } },
{ "type": "Feature", "properties": { "종류": "회전", "text": "길이 크게 꺾이는 곳입니다.", "A점수": null, "node": null, "최대경사_pct": null, "길이_m": null, "학교": "중앙대", "합친_큐수": 1.0, "audio_key": "7c86b46f338a", "cue_id": "중앙대_206" }, "geometry": { "type": "Point", "coordinates": [ 126.96274082725941, 37.501510143508895 ] } },
{ "type": "Feature", "properties": { "종류": "회전", "text": "길이 크게 꺾이는 곳입니다.", "A점수": null, "node": null, "최대경사_pct": null, "길이_m": null, "학교": "중앙대", "합친_큐수": 1.0, "audio_key": "7c86b46f338a", "cue_id": "중앙대_207" }, "geometry": { "type": "Point", "coordinates": [ 126.963940868059709, 37.507632896033002 ] } },
{ "type": "Feature", "properties": { "종류": "회전", "text": "길이 크게 꺾이는 곳입니다.", "A점수": null, "node": null, "최대경사_pct": null, "길이_m": null, "학교": "중앙대", "합친_큐수": 1.0, "audio_key": "7c86b46f338a", "cue_id": "중앙대_208" }, "geometry": { "type": "Point", "coordinates": [ 126.966055375389232, 37.506563298370963 ] } },
{ "type": "Feature", "properties": { "종류": "회전", "text": "길이 크게 꺾이는 곳입니다.", "A점수": null, "node": null, "최대경사_pct": null, "길이_m": null, "학교": "중앙대", "합친_큐수": 1.0, "audio_key": "7c86b46f338a", "cue_id": "중앙대_209" }, "geometry": { "type": "Point", "coordinates": [ 126.963916138151617, 37.506991531306355 ] } },
{ "type": "Feature", "properties": { "종류": "회전", "text": "길이 크게 꺾이는 곳입니다.", "A점수": null, "node": null, "최대경사_pct": null, "길이_m": null, "학교": "중앙대", "합친_큐수": 1.0, "audio_key": "7c86b46f338a", "cue_id": "중앙대_210" }, "geometry": { "type": "Point", "coordinates": [ 126.954444624807252, 37.506793825326405 ] } },
{ "type": "Feature", "properties": { "종류": "회전", "text": "길이 크게 꺾이는 곳입니다.", "A점수": null, "node": null, "최대경사_pct": null, "길이_m": null, "학교": "중앙대", "합친_큐수": 1.0, "audio_key": "7c86b46f338a", "cue_id": "중앙대_211" }, "geometry": { "type": "Point", "coordinates": [ 126.954633445741479, 37.506974736180979 ] } },
{ "type": "Feature", "properties": { "종류": "회전", "text": "길이 크게 꺾이는 곳입니다.", "A점수": null, "node": null, "최대경사_pct": null, "길이_m": null, "학교": "중앙대", "합친_큐수": 1.0, "audio_key": "7c86b46f338a", "cue_id": "중앙대_212" }, "geometry": { "type": "Point", "coordinates": [ 126.955769629714254, 37.505850637080464 ] } },
{ "type": "Feature", "properties": { "종류": "회전", "text": "길이 크게 꺾이는 곳입니다.", "A점수": null, "node": null, "최대경사_pct": null, "길이_m": null, "학교": "중앙대", "합친_큐수": 1.0, "audio_key": "7c86b46f338a", "cue_id": "중앙대_213" }, "geometry": { "type": "Point", "coordinates": [ 126.956045145212443, 37.505560941200599 ] } },
{ "type": "Feature", "properties": { "종류": "회전", "text": "길이 크게 꺾이는 곳입니다.", "A점수": null, "node": null, "최대경사_pct": null, "길이_m": null, "학교": "중앙대", "합친_큐수": 1.0, "audio_key": "7c86b46f338a", "cue_id": "중앙대_214" }, "geometry": { "type": "Point", "coordinates": [ 126.954932683826485, 37.505893306457558 ] } },
{ "type": "Feature", "properties": { "종류": "회전", "text": "길이 크게 꺾이는 곳입니다.", "A점수": null, "node": null, "최대경사_pct": null, "길이_m": null, "학교": "중앙대", "합친_큐수": 1.0, "audio_key": "7c86b46f338a", "cue_id": "중앙대_215" }, "geometry": { "type": "Point", "coordinates": [ 126.954239348989802, 37.511383139587856 ] } },
{ "type": "Feature", "properties": { "종류": "회전", "text": "길이 크게 꺾이는 곳입니다.", "A점수": null, "node": null, "최대경사_pct": null, "길이_m": null, "학교": "중앙대", "합친_큐수": 1.0, "audio_key": "7c86b46f338a", "cue_id": "중앙대_216" }, "geometry": { "type": "Point", "coordinates": [ 126.955051120779189, 37.510235898687419 ] } },
{ "type": "Feature", "properties": { "종류": "회전", "text": "길이 크게 꺾이는 곳입니다.", "A점수": null, "node": null, "최대경사_pct": null, "길이_m": null, "학교": "중앙대", "합친_큐수": 1.0, "audio_key": "7c86b46f338a", "cue_id": "중앙대_217" }, "geometry": { "type": "Point", "coordinates": [ 126.955065284306571, 37.511999436999425 ] } },
{ "type": "Feature", "properties": { "종류": "회전", "text": "길이 크게 꺾이는 곳입니다.", "A점수": null, "node": null, "최대경사_pct": null, "길이_m": null, "학교": "중앙대", "합친_큐수": 1.0, "audio_key": "7c86b46f338a", "cue_id": "중앙대_218" }, "geometry": { "type": "Point", "coordinates": [ 126.955331799773347, 37.510815167761237 ] } },
{ "type": "Feature", "properties": { "종류": "회전", "text": "길이 크게 꺾이는 곳입니다.", "A점수": null, "node": null, "최대경사_pct": null, "길이_m": null, "학교": "중앙대", "합친_큐수": 1.0, "audio_key": "7c86b46f338a", "cue_id": "중앙대_219" }, "geometry": { "type": "Point", "coordinates": [ 126.955797631042131, 37.511050323482806 ] } },
{ "type": "Feature", "properties": { "종류": "회전", "text": "길이 크게 꺾이는 곳입니다.", "A점수": null, "node": null, "최대경사_pct": null, "길이_m": null, "학교": "중앙대", "합친_큐수": 1.0, "audio_key": "7c86b46f338a", "cue_id": "중앙대_220" }, "geometry": { "type": "Point", "coordinates": [ 126.959171854175281, 37.511656904466413 ] } },
{ "type": "Feature", "properties": { "종류": "회전", "text": "길이 크게 꺾이는 곳입니다.", "A점수": null, "node": null, "최대경사_pct": null, "길이_m": null, "학교": "중앙대", "합친_큐수": 1.0, "audio_key": "7c86b46f338a", "cue_id": "중앙대_221" }, "geometry": { "type": "Point", "coordinates": [ 126.958842010863208, 37.511373214410447 ] } },
{ "type": "Feature", "properties": { "종류": "회전", "text": "길이 크게 꺾이는 곳입니다.", "A점수": null, "node": null, "최대경사_pct": null, "길이_m": null, "학교": "중앙대", "합친_큐수": 3.0, "audio_key": "7c86b46f338a", "cue_id": "중앙대_222" }, "geometry": { "type": "Point", "coordinates": [ 126.957656795062633, 37.51153085509965 ] } },
{ "type": "Feature", "properties": { "종류": "회전", "text": "길이 크게 꺾이는 곳입니다.", "A점수": null, "node": null, "최대경사_pct": null, "길이_m": null, "학교": "중앙대", "합친_큐수": 1.0, "audio_key": "7c86b46f338a", "cue_id": "중앙대_223" }, "geometry": { "type": "Point", "coordinates": [ 126.957483793315163, 37.511328827269608 ] } },
{ "type": "Feature", "properties": { "종류": "회전", "text": "길이 크게 꺾이는 곳입니다.", "A점수": null, "node": null, "최대경사_pct": null, "길이_m": null, "학교": "중앙대", "합친_큐수": 1.0, "audio_key": "7c86b46f338a", "cue_id": "중앙대_224" }, "geometry": { "type": "Point", "coordinates": [ 126.956436389848164, 37.513231730891114 ] } },
{ "type": "Feature", "properties": { "종류": "회전", "text": "길이 크게 꺾이는 곳입니다.", "A점수": null, "node": null, "최대경사_pct": null, "길이_m": null, "학교": "중앙대", "합친_큐수": 2.0, "audio_key": "7c86b46f338a", "cue_id": "중앙대_225" }, "geometry": { "type": "Point", "coordinates": [ 126.95025538308677, 37.511903855443549 ] } },
{ "type": "Feature", "properties": { "종류": "회전", "text": "길이 크게 꺾이는 곳입니다.", "A점수": null, "node": null, "최대경사_pct": null, "길이_m": null, "학교": "중앙대", "합친_큐수": 1.0, "audio_key": "7c86b46f338a", "cue_id": "중앙대_226" }, "geometry": { "type": "Point", "coordinates": [ 126.950421810184324, 37.511583221511394 ] } },
{ "type": "Feature", "properties": { "종류": "회전", "text": "길이 크게 꺾이는 곳입니다.", "A점수": null, "node": null, "최대경사_pct": null, "길이_m": null, "학교": "중앙대", "합친_큐수": 1.0, "audio_key": "7c86b46f338a", "cue_id": "중앙대_227" }, "geometry": { "type": "Point", "coordinates": [ 126.946678081419762, 37.509708514582279 ] } },
{ "type": "Feature", "properties": { "종류": "회전", "text": "길이 크게 꺾이는 곳입니다.", "A점수": null, "node": null, "최대경사_pct": null, "길이_m": null, "학교": "중앙대", "합친_큐수": 1.0, "audio_key": "7c86b46f338a", "cue_id": "중앙대_228" }, "geometry": { "type": "Point", "coordinates": [ 126.946743065348556, 37.510183060902698 ] } },
{ "type": "Feature", "properties": { "종류": "회전", "text": "길이 크게 꺾이는 곳입니다.", "A점수": null, "node": null, "최대경사_pct": null, "길이_m": null, "학교": "중앙대", "합친_큐수": 1.0, "audio_key": "7c86b46f338a", "cue_id": "중앙대_229" }, "geometry": { "type": "Point", "coordinates": [ 126.94734754648411, 37.511565853322779 ] } },
{ "type": "Feature", "properties": { "종류": "회전", "text": "길이 크게 꺾이는 곳입니다.", "A점수": null, "node": null, "최대경사_pct": null, "길이_m": null, "학교": "중앙대", "합친_큐수": 1.0, "audio_key": "7c86b46f338a", "cue_id": "중앙대_230" }, "geometry": { "type": "Point", "coordinates": [ 126.94855595199445, 37.508960389689463 ] } },
{ "type": "Feature", "properties": { "종류": "회전", "text": "길이 크게 꺾이는 곳입니다.", "A점수": null, "node": null, "최대경사_pct": null, "길이_m": null, "학교": "중앙대", "합친_큐수": 1.0, "audio_key": "7c86b46f338a", "cue_id": "중앙대_231" }, "geometry": { "type": "Point", "coordinates": [ 126.951010020828022, 37.501606527508024 ] } },
{ "type": "Feature", "properties": { "종류": "회전", "text": "길이 크게 꺾이는 곳입니다.", "A점수": null, "node": null, "최대경사_pct": null, "길이_m": null, "학교": "중앙대", "합친_큐수": 1.0, "audio_key": "7c86b46f338a", "cue_id": "중앙대_232" }, "geometry": { "type": "Point", "coordinates": [ 126.951348459201796, 37.501738997016069 ] } },
{ "type": "Feature", "properties": { "종류": "회전", "text": "길이 크게 꺾이는 곳입니다.", "A점수": null, "node": null, "최대경사_pct": null, "길이_m": null, "학교": "중앙대", "합친_큐수": 1.0, "audio_key": "7c86b46f338a", "cue_id": "중앙대_233" }, "geometry": { "type": "Point", "coordinates": [ 126.951210537879518, 37.50142322356853 ] } },
{ "type": "Feature", "properties": { "종류": "회전", "text": "길이 크게 꺾이는 곳입니다.", "A점수": null, "node": null, "최대경사_pct": null, "길이_m": null, "학교": "중앙대", "합친_큐수": 1.0, "audio_key": "7c86b46f338a", "cue_id": "중앙대_234" }, "geometry": { "type": "Point", "coordinates": [ 126.951507667698749, 37.50152012096931 ] } },
{ "type": "Feature", "properties": { "종류": "회전", "text": "길이 크게 꺾이는 곳입니다.", "A점수": null, "node": null, "최대경사_pct": null, "길이_m": null, "학교": "중앙대", "합친_큐수": 2.0, "audio_key": "7c86b46f338a", "cue_id": "중앙대_235" }, "geometry": { "type": "Point", "coordinates": [ 126.948859701638995, 37.503139310956492 ] } },
{ "type": "Feature", "properties": { "종류": "회전", "text": "길이 크게 꺾이는 곳입니다.", "A점수": null, "node": null, "최대경사_pct": null, "길이_m": null, "학교": "중앙대", "합친_큐수": 1.0, "audio_key": "7c86b46f338a", "cue_id": "중앙대_236" }, "geometry": { "type": "Point", "coordinates": [ 126.949196130738798, 37.5033691682331 ] } },
{ "type": "Feature", "properties": { "종류": "회전", "text": "길이 크게 꺾이는 곳입니다.", "A점수": null, "node": null, "최대경사_pct": null, "길이_m": null, "학교": "중앙대", "합친_큐수": 1.0, "audio_key": "7c86b46f338a", "cue_id": "중앙대_237" }, "geometry": { "type": "Point", "coordinates": [ 126.95287627399496, 37.503620121175558 ] } },
{ "type": "Feature", "properties": { "종류": "회전", "text": "길이 크게 꺾이는 곳입니다.", "A점수": null, "node": null, "최대경사_pct": null, "길이_m": null, "학교": "중앙대", "합친_큐수": 1.0, "audio_key": "7c86b46f338a", "cue_id": "중앙대_238" }, "geometry": { "type": "Point", "coordinates": [ 126.953042806632268, 37.508316189103653 ] } },
{ "type": "Feature", "properties": { "종류": "회전", "text": "길이 크게 꺾이는 곳입니다.", "A점수": null, "node": null, "최대경사_pct": null, "길이_m": null, "학교": "중앙대", "합친_큐수": 1.0, "audio_key": "7c86b46f338a", "cue_id": "중앙대_239" }, "geometry": { "type": "Point", "coordinates": [ 126.953764348955715, 37.507616444975483 ] } },
{ "type": "Feature", "properties": { "종류": "회전", "text": "길이 크게 꺾이는 곳입니다.", "A점수": null, "node": null, "최대경사_pct": null, "길이_m": null, "학교": "중앙대", "합친_큐수": 1.0, "audio_key": "7c86b46f338a", "cue_id": "중앙대_240" }, "geometry": { "type": "Point", "coordinates": [ 126.948036548145666, 37.501194295751603 ] } },
{ "type": "Feature", "properties": { "종류": "회전", "text": "길이 크게 꺾이는 곳입니다.", "A점수": null, "node": null, "최대경사_pct": null, "길이_m": null, "학교": "중앙대", "합친_큐수": 1.0, "audio_key": "7c86b46f338a", "cue_id": "중앙대_241" }, "geometry": { "type": "Point", "coordinates": [ 126.947512334813709, 37.501658187327557 ] } },
{ "type": "Feature", "properties": { "종류": "회전", "text": "길이 크게 꺾이는 곳입니다.", "A점수": null, "node": null, "최대경사_pct": null, "길이_m": null, "학교": "중앙대", "합친_큐수": 1.0, "audio_key": "7c86b46f338a", "cue_id": "중앙대_242" }, "geometry": { "type": "Point", "coordinates": [ 126.948159086655295, 37.501306087011294 ] } },
{ "type": "Feature", "properties": { "종류": "회전", "text": "길이 크게 꺾이는 곳입니다.", "A점수": null, "node": null, "최대경사_pct": null, "길이_m": null, "학교": "중앙대", "합친_큐수": 1.0, "audio_key": "7c86b46f338a", "cue_id": "중앙대_243" }, "geometry": { "type": "Point", "coordinates": [ 126.963637215412447, 37.50125064640001 ] } },
{ "type": "Feature", "properties": { "종류": "회전", "text": "길이 크게 꺾이는 곳입니다.", "A점수": null, "node": null, "최대경사_pct": null, "길이_m": null, "학교": "중앙대", "합친_큐수": 1.0, "audio_key": "7c86b46f338a", "cue_id": "중앙대_244" }, "geometry": { "type": "Point", "coordinates": [ 126.962903036891632, 37.501189903551953 ] } },
{ "type": "Feature", "properties": { "종류": "회전", "text": "길이 크게 꺾이는 곳입니다.", "A점수": null, "node": null, "최대경사_pct": null, "길이_m": null, "학교": "중앙대", "합친_큐수": 1.0, "audio_key": "7c86b46f338a", "cue_id": "중앙대_245" }, "geometry": { "type": "Point", "coordinates": [ 126.963459586412867, 37.501053425848603 ] } },
{ "type": "Feature", "properties": { "종류": "회전", "text": "길이 크게 꺾이는 곳입니다.", "A점수": null, "node": null, "최대경사_pct": null, "길이_m": null, "학교": "중앙대", "합친_큐수": 1.0, "audio_key": "7c86b46f338a", "cue_id": "중앙대_246" }, "geometry": { "type": "Point", "coordinates": [ 126.962933680349238, 37.510499533565714 ] } },
{ "type": "Feature", "properties": { "종류": "회전", "text": "길이 크게 꺾이는 곳입니다.", "A점수": null, "node": null, "최대경사_pct": null, "길이_m": null, "학교": "중앙대", "합친_큐수": 1.0, "audio_key": "7c86b46f338a", "cue_id": "중앙대_247" }, "geometry": { "type": "Point", "coordinates": [ 126.961674552273195, 37.49709934561222 ] } },
{ "type": "Feature", "properties": { "종류": "회전", "text": "길이 크게 꺾이는 곳입니다.", "A점수": null, "node": null, "최대경사_pct": null, "길이_m": null, "학교": "중앙대", "합친_큐수": 1.0, "audio_key": "7c86b46f338a", "cue_id": "중앙대_248" }, "geometry": { "type": "Point", "coordinates": [ 126.961260160095392, 37.497097441521731 ] } },
{ "type": "Feature", "properties": { "종류": "회전", "text": "길이 크게 꺾이는 곳입니다.", "A점수": null, "node": null, "최대경사_pct": null, "길이_m": null, "학교": "중앙대", "합친_큐수": 1.0, "audio_key": "7c86b46f338a", "cue_id": "중앙대_249" }, "geometry": { "type": "Point", "coordinates": [ 126.962145314579118, 37.497899576301585 ] } },
{ "type": "Feature", "properties": { "종류": "회전", "text": "길이 크게 꺾이는 곳입니다.", "A점수": null, "node": null, "최대경사_pct": null, "길이_m": null, "학교": "중앙대", "합친_큐수": 1.0, "audio_key": "7c86b46f338a", "cue_id": "중앙대_250" }, "geometry": { "type": "Point", "coordinates": [ 126.947630414101084, 37.513111702300854 ] } },
{ "type": "Feature", "properties": { "종류": "회전", "text": "길이 크게 꺾이는 곳입니다.", "A점수": null, "node": null, "최대경사_pct": null, "길이_m": null, "학교": "중앙대", "합친_큐수": 2.0, "audio_key": "7c86b46f338a", "cue_id": "중앙대_251" }, "geometry": { "type": "Point", "coordinates": [ 126.963465806563448, 37.510315117486748 ] } },
{ "type": "Feature", "properties": { "종류": "회전", "text": "길이 크게 꺾이는 곳입니다.", "A점수": null, "node": null, "최대경사_pct": null, "길이_m": null, "학교": "중앙대", "합친_큐수": 1.0, "audio_key": "7c86b46f338a", "cue_id": "중앙대_252" }, "geometry": { "type": "Point", "coordinates": [ 126.966511544240731, 37.507231023744581 ] } },
{ "type": "Feature", "properties": { "종류": "회전", "text": "길이 크게 꺾이는 곳입니다.", "A점수": null, "node": null, "최대경사_pct": null, "길이_m": null, "학교": "중앙대", "합친_큐수": 1.0, "audio_key": "7c86b46f338a", "cue_id": "중앙대_253" }, "geometry": { "type": "Point", "coordinates": [ 126.947869528238343, 37.513300667313636 ] } },
{ "type": "Feature", "properties": { "종류": "회전", "text": "길이 크게 꺾이는 곳입니다.", "A점수": null, "node": null, "최대경사_pct": null, "길이_m": null, "학교": "중앙대", "합친_큐수": 1.0, "audio_key": "7c86b46f338a", "cue_id": "중앙대_254" }, "geometry": { "type": "Point", "coordinates": [ 126.947630650900138, 37.513356055013894 ] } },
{ "type": "Feature", "properties": { "종류": "회전", "text": "길이 크게 꺾이는 곳입니다.", "A점수": null, "node": null, "최대경사_pct": null, "길이_m": null, "학교": "중앙대", "합친_큐수": 1.0, "audio_key": "7c86b46f338a", "cue_id": "중앙대_255" }, "geometry": { "type": "Point", "coordinates": [ 126.959052288201875, 37.498859689469519 ] } },
{ "type": "Feature", "properties": { "종류": "회전", "text": "길이 크게 꺾이는 곳입니다.", "A점수": null, "node": null, "최대경사_pct": null, "길이_m": null, "학교": "중앙대", "합친_큐수": 1.0, "audio_key": "7c86b46f338a", "cue_id": "중앙대_256" }, "geometry": { "type": "Point", "coordinates": [ 126.948738485522554, 37.499216783229699 ] } },
{ "type": "Feature", "properties": { "종류": "회전", "text": "길이 크게 꺾이는 곳입니다.", "A점수": null, "node": null, "최대경사_pct": null, "길이_m": null, "학교": "중앙대", "합친_큐수": 1.0, "audio_key": "7c86b46f338a", "cue_id": "중앙대_257" }, "geometry": { "type": "Point", "coordinates": [ 126.948590881030782, 37.499292936745555 ] } },
{ "type": "Feature", "properties": { "종류": "회전", "text": "길이 크게 꺾이는 곳입니다.", "A점수": null, "node": null, "최대경사_pct": null, "길이_m": null, "학교": "중앙대", "합친_큐수": 1.0, "audio_key": "7c86b46f338a", "cue_id": "중앙대_258" }, "geometry": { "type": "Point", "coordinates": [ 126.948054717709951, 37.499132213398234 ] } },
{ "type": "Feature", "properties": { "종류": "회전", "text": "길이 크게 꺾이는 곳입니다.", "A점수": null, "node": null, "최대경사_pct": null, "길이_m": null, "학교": "중앙대", "합친_큐수": 1.0, "audio_key": "7c86b46f338a", "cue_id": "중앙대_259" }, "geometry": { "type": "Point", "coordinates": [ 126.961915327129574, 37.503964896745089 ] } },
{ "type": "Feature", "properties": { "종류": "회전", "text": "길이 크게 꺾이는 곳입니다.", "A점수": null, "node": null, "최대경사_pct": null, "길이_m": null, "학교": "중앙대", "합친_큐수": 2.0, "audio_key": "7c86b46f338a", "cue_id": "중앙대_260" }, "geometry": { "type": "Point", "coordinates": [ 126.961776045970197, 37.503733747884439 ] } },
{ "type": "Feature", "properties": { "종류": "회전", "text": "길이 크게 꺾이는 곳입니다.", "A점수": null, "node": null, "최대경사_pct": null, "길이_m": null, "학교": "중앙대", "합친_큐수": 2.0, "audio_key": "7c86b46f338a", "cue_id": "중앙대_261" }, "geometry": { "type": "Point", "coordinates": [ 126.961856719593627, 37.503577430684878 ] } },
{ "type": "Feature", "properties": { "종류": "회전", "text": "길이 크게 꺾이는 곳입니다.", "A점수": null, "node": null, "최대경사_pct": null, "길이_m": null, "학교": "중앙대", "합친_큐수": 1.0, "audio_key": "7c86b46f338a", "cue_id": "중앙대_262" }, "geometry": { "type": "Point", "coordinates": [ 126.947732094067945, 37.499818150525499 ] } },
{ "type": "Feature", "properties": { "종류": "회전", "text": "길이 크게 꺾이는 곳입니다.", "A점수": null, "node": null, "최대경사_pct": null, "길이_m": null, "학교": "중앙대", "합친_큐수": 1.0, "audio_key": "7c86b46f338a", "cue_id": "중앙대_263" }, "geometry": { "type": "Point", "coordinates": [ 126.949429403873594, 37.497784601858775 ] } },
{ "type": "Feature", "properties": { "종류": "회전", "text": "길이 크게 꺾이는 곳입니다.", "A점수": null, "node": null, "최대경사_pct": null, "길이_m": null, "학교": "중앙대", "합친_큐수": 1.0, "audio_key": "7c86b46f338a", "cue_id": "중앙대_264" }, "geometry": { "type": "Point", "coordinates": [ 126.949390584330644, 37.496786493578135 ] } },
{ "type": "Feature", "properties": { "종류": "회전", "text": "길이 크게 꺾이는 곳입니다.", "A점수": null, "node": null, "최대경사_pct": null, "길이_m": null, "학교": "중앙대", "합친_큐수": 1.0, "audio_key": "7c86b46f338a", "cue_id": "중앙대_265" }, "geometry": { "type": "Point", "coordinates": [ 126.948724508156445, 37.499664908281694 ] } },
{ "type": "Feature", "properties": { "종류": "회전", "text": "길이 크게 꺾이는 곳입니다.", "A점수": null, "node": null, "최대경사_pct": null, "길이_m": null, "학교": "중앙대", "합친_큐수": 1.0, "audio_key": "7c86b46f338a", "cue_id": "중앙대_266" }, "geometry": { "type": "Point", "coordinates": [ 126.949249029205859, 37.507872850209758 ] } },
{ "type": "Feature", "properties": { "종류": "회전", "text": "길이 크게 꺾이는 곳입니다.", "A점수": null, "node": null, "최대경사_pct": null, "길이_m": null, "학교": "중앙대", "합친_큐수": 1.0, "audio_key": "7c86b46f338a", "cue_id": "중앙대_267" }, "geometry": { "type": "Point", "coordinates": [ 126.948236256840062, 37.507891778597354 ] } },
{ "type": "Feature", "properties": { "종류": "경사", "text": "경사가 매우 가파른 구간입니다.", "A점수": null, "node": null, "최대경사_pct": 24.5, "길이_m": 63.8, "학교": "중앙대", "합친_큐수": null, "audio_key": "1d39e98c4963", "cue_id": "중앙대_268" }, "geometry": { "type": "LineString", "coordinates": [ [ 126.9471531, 37.4975289 ], [ 126.947369099999989, 37.497528100000018 ], [ 126.947370500000019, 37.497760300000017 ], [ 126.9473238, 37.4977604 ], [ 126.9471566, 37.4977598 ] ] } },
{ "type": "Feature", "properties": { "종류": "경사", "text": "경사가 매우 가파른 구간입니다.", "A점수": null, "node": null, "최대경사_pct": 34.9, "길이_m": 150.8, "학교": "중앙대", "합친_큐수": null, "audio_key": "1d39e98c4963", "cue_id": "중앙대_269" }, "geometry": { "type": "LineString", "coordinates": [ [ 126.948151, 37.4979849 ], [ 126.9480696, 37.4980015 ], [ 126.9479715, 37.4980352 ], [ 126.947851, 37.4981242 ], [ 126.9477821, 37.4982114 ], [ 126.9477418, 37.4982344 ], [ 126.9476732, 37.498242 ], [ 126.9476115, 37.4982218 ], [ 126.9475745, 37.4981795 ], [ 126.9475726, 37.4981012 ], [ 126.9475321, 37.4980999 ], [ 126.947532699999982, 37.4981365 ], [ 126.9475169, 37.4981625 ], [ 126.94732310000002, 37.4981577 ], [ 126.9471542, 37.4981505 ], [ 126.946768700000021, 37.4981329 ] ] } },
{ "type": "Feature", "properties": { "종류": "경사", "text": "경사가 가파른 구간입니다.", "A점수": null, "node": null, "최대경사_pct": 18.7, "길이_m": 119.1, "학교": "중앙대", "합친_큐수": null, "audio_key": "b3aa4ebe5791", "cue_id": "중앙대_270" }, "geometry": { "type": "LineString", "coordinates": [ [ 126.9486572, 37.5004974 ], [ 126.949048600000012, 37.5006997 ], [ 126.949212499999987, 37.5007844 ], [ 126.9487898, 37.5012141 ] ] } },
{ "type": "Feature", "properties": { "종류": "경사", "text": "경사가 급할 수 있는 구간입니다.", "A점수": null, "node": null, "최대경사_pct": 9.4, "길이_m": 16.3, "학교": "중앙대", "합친_큐수": null, "audio_key": "9310d8dd910c", "cue_id": "중앙대_271" }, "geometry": { "type": "LineString", "coordinates": [ [ 126.9509815, 37.5062835 ], [ 126.9510132, 37.506263 ], [ 126.951039600000016, 37.5062154 ], [ 126.951050400000014, 37.506153900000022 ] ] } },
{ "type": "Feature", "properties": { "종류": "경사", "text": "경사가 급할 수 있는 구간입니다.", "A점수": null, "node": null, "최대경사_pct": 8.4, "길이_m": 56.7, "학교": "중앙대", "합친_큐수": null, "audio_key": "9310d8dd910c", "cue_id": "중앙대_272" }, "geometry": { "type": "LineString", "coordinates": [ [ 126.949846199999982, 37.496838 ], [ 126.949806, 37.4968503 ], [ 126.949534600000021, 37.4968573 ], [ 126.94945060000002, 37.496803 ], [ 126.9493797, 37.4967835 ], [ 126.949331500000014, 37.4967847 ], [ 126.94929070000002, 37.4968039 ], [ 126.949263400000021, 37.4968355 ] ] } },
{ "type": "Feature", "properties": { "종류": "경사", "text": "경사가 가파른 구간입니다.", "A점수": null, "node": null, "최대경사_pct": 16.3, "길이_m": 502.3, "학교": "중앙대", "합친_큐수": null, "audio_key": "b3aa4ebe5791", "cue_id": "중앙대_273" }, "geometry": { "type": "LineString", "coordinates": [ [ 126.9561692, 37.5132224 ], [ 126.9562299, 37.513163499999983 ], [ 126.956339200000016, 37.5128566 ], [ 126.956526, 37.5126703 ], [ 126.9565565, 37.5122682 ], [ 126.9566931, 37.5119093 ], [ 126.95672, 37.5117585 ], [ 126.9568832, 37.5115773 ], [ 126.9571974, 37.511385 ], [ 126.957274400000017, 37.5113379 ], [ 126.957359, 37.5112833 ], [ 126.9574231, 37.5112732 ], [ 126.9574707, 37.5112795 ], [ 126.957483200000013, 37.5113095 ], [ 126.9574872, 37.5114398 ], [ 126.957538400000018, 37.5115039 ], [ 126.957608, 37.511532599999981 ], [ 126.95768630000002, 37.5115298 ], [ 126.9579235, 37.511442100000018 ], [ 126.95836749999998, 37.5112694 ], [ 126.9585283, 37.5112969 ], [ 126.958644300000017, 37.5113389 ], [ 126.9586832, 37.511339400000011 ], [ 126.9587374, 37.5113364 ], [ 126.9587993, 37.511346 ], [ 126.958833699999985, 37.5113622 ], [ 126.9589001, 37.5114502 ], [ 126.9589154, 37.511514899999987 ], [ 126.9589919, 37.5116156 ], [ 126.9591278, 37.5116692 ], [ 126.9591488, 37.5116682 ], [ 126.959288199999989, 37.5115999 ], [ 126.9593421, 37.511595599999985 ], [ 126.9596109, 37.5116335 ] ] } },
{ "type": "Feature", "properties": { "종류": "경사", "text": "경사가 가파른 구간입니다.", "A점수": null, "node": null, "최대경사_pct": 16.7, "길이_m": 19.8, "학교": "중앙대", "합친_큐수": null, "audio_key": "b3aa4ebe5791", "cue_id": "중앙대_274" }, "geometry": { "type": "LineString", "coordinates": [ [ 126.949365, 37.5038749 ], [ 126.9492045, 37.5039991 ] ] } },
{ "type": "Feature", "properties": { "종류": "경사", "text": "경사가 급할 수 있는 구간입니다.", "A점수": null, "node": null, "최대경사_pct": 8.4, "길이_m": 7.6, "학교": "중앙대", "합친_큐수": null, "audio_key": "9310d8dd910c", "cue_id": "중앙대_275" }, "geometry": { "type": "LineString", "coordinates": [ [ 126.95022, 37.4971933 ], [ 126.950262800000019, 37.4972526 ] ] } },
{ "type": "Feature", "properties": { "종류": "경사", "text": "경사가 매우 가파른 구간입니다.", "A점수": null, "node": null, "최대경사_pct": 20.5, "길이_m": 74.1, "학교": "중앙대", "합친_큐수": null, "audio_key": "1d39e98c4963", "cue_id": "중앙대_276" }, "geometry": { "type": "LineString", "coordinates": [ [ 126.9529758, 37.4979306 ], [ 126.953119, 37.4979872 ], [ 126.953207600000013, 37.4980458 ], [ 126.9532323, 37.498062199999985 ], [ 126.9532307, 37.4981225 ], [ 126.9532305, 37.4981969 ], [ 126.953224400000011, 37.49823090000001 ], [ 126.9533159, 37.4982813 ], [ 126.9534867, 37.4983753 ] ] } },
{ "type": "Feature", "properties": { "종류": "경사", "text": "경사가 급할 수 있는 구간입니다.", "A점수": null, "node": null, "최대경사_pct": 9.0, "길이_m": 7.1, "학교": "중앙대", "합친_큐수": null, "audio_key": "9310d8dd910c", "cue_id": "중앙대_277" }, "geometry": { "type": "LineString", "coordinates": [ [ 126.95032070000002, 37.4971591 ], [ 126.950352899999984, 37.4972178 ] ] } },
{ "type": "Feature", "properties": { "종류": "경사", "text": "경사가 급할 수 있는 구간입니다.", "A점수": null, "node": null, "최대경사_pct": 8.9, "길이_m": 17.6, "학교": "중앙대", "합친_큐수": null, "audio_key": "9310d8dd910c", "cue_id": "중앙대_278" }, "geometry": { "type": "LineString", "coordinates": [ [ 126.9501321, 37.4972231 ], [ 126.949952600000017, 37.4972923 ] ] } },
{ "type": "Feature", "properties": { "종류": "경사", "text": "경사가 매우 가파른 구간입니다.", "A점수": null, "node": null, "최대경사_pct": 21.4, "길이_m": 68.5, "학교": "중앙대", "합친_큐수": null, "audio_key": "1d39e98c4963", "cue_id": "중앙대_279" }, "geometry": { "type": "LineString", "coordinates": [ [ 126.9494808, 37.4974092 ], [ 126.9499416, 37.4974045 ], [ 126.9499962, 37.497403399999982 ], [ 126.9500064, 37.4973403 ], [ 126.9501714, 37.497284 ] ] } },
{ "type": "Feature", "properties": { "종류": "경사", "text": "경사가 가파른 구간입니다.", "A점수": null, "node": null, "최대경사_pct": 14.2, "길이_m": 261.2, "학교": "중앙대", "합친_큐수": null, "audio_key": "b3aa4ebe5791", "cue_id": "중앙대_280" }, "geometry": { "type": "LineString", "coordinates": [ [ 126.9487686, 37.5089548 ], [ 126.9487042, 37.5091609 ], [ 126.9486629, 37.50927870000001 ], [ 126.9485673, 37.5094689 ], [ 126.94838, 37.5096883 ], [ 126.9483071, 37.5098759 ], [ 126.9482176, 37.5103558 ], [ 126.9480091, 37.5105558 ], [ 126.947412899999989, 37.5106118 ], [ 126.947260199999988, 37.5105706 ] ] } },
{ "type": "Feature", "properties": { "종류": "경사", "text": "경사가 가파른 구간입니다.", "A점수": null, "node": null, "최대경사_pct": 15.2, "길이_m": 344.9, "학교": "중앙대", "합친_큐수": null, "audio_key": "b3aa4ebe5791", "cue_id": "중앙대_281" }, "geometry": { "type": "LineString", "coordinates": [ [ 126.9465681, 37.5101478 ], [ 126.9466302, 37.510188099999986 ], [ 126.9466878, 37.5101969 ], [ 126.9467485, 37.5101817 ], [ 126.9470074, 37.5099066 ], [ 126.9471688, 37.5096632 ], [ 126.947447, 37.509312 ], [ 126.9474869, 37.5091243 ], [ 126.9479153, 37.5086413 ], [ 126.9479579, 37.5085494 ], [ 126.9479593, 37.50844080000001 ], [ 126.9479855, 37.5084385 ], [ 126.948053499999986, 37.508405 ], [ 126.9481355, 37.5083523 ], [ 126.9484691, 37.5080015 ], [ 126.948708, 37.5077502 ] ] } },
{ "type": "Feature", "properties": { "종류": "경사", "text": "경사가 가파른 구간입니다.", "A점수": null, "node": null, "최대경사_pct": 14.4, "길이_m": 25.7, "학교": "중앙대", "합친_큐수": null, "audio_key": "b3aa4ebe5791", "cue_id": "중앙대_282" }, "geometry": { "type": "LineString", "coordinates": [ [ 126.955614600000018, 37.4969273 ], [ 126.955324500000017, 37.4969441 ] ] } },
{ "type": "Feature", "properties": { "종류": "경사", "text": "경사가 가파른 구간입니다.", "A점수": null, "node": null, "최대경사_pct": 13.5, "길이_m": 49.5, "학교": "중앙대", "합친_큐수": null, "audio_key": "b3aa4ebe5791", "cue_id": "중앙대_283" }, "geometry": { "type": "LineString", "coordinates": [ [ 126.95733970000002, 37.4974236 ], [ 126.9578954, 37.4973737 ] ] } },
{ "type": "Feature", "properties": { "종류": "경사", "text": "경사가 급할 수 있는 구간입니다.", "A점수": null, "node": null, "최대경사_pct": 8.9, "길이_m": 29.4, "학교": "중앙대", "합친_큐수": null, "audio_key": "9310d8dd910c", "cue_id": "중앙대_284" }, "geometry": { "type": "LineString", "coordinates": [ [ 126.9556829, 37.4966999 ], [ 126.9555075, 37.4967126 ], [ 126.9554223, 37.4967187 ], [ 126.9553511, 37.4967199 ] ] } },
{ "type": "Feature", "properties": { "종류": "경사", "text": "경사가 급할 수 있는 구간입니다.", "A점수": null, "node": null, "최대경사_pct": 12.1, "길이_m": 99.8, "학교": "중앙대", "합친_큐수": null, "audio_key": "9310d8dd910c", "cue_id": "중앙대_285" }, "geometry": { "type": "LineString", "coordinates": [ [ 126.9517509, 37.5038162 ], [ 126.952036, 37.5037959 ], [ 126.952306600000014, 37.5037035 ], [ 126.952526899999981, 37.5036393 ], [ 126.9527088, 37.5036296 ], [ 126.9527099, 37.503734 ] ] } },
{ "type": "Feature", "properties": { "종류": "경사", "text": "경사가 급할 수 있는 구간입니다.", "A점수": null, "node": null, "최대경사_pct": 10.8, "길이_m": 19.7, "학교": "중앙대", "합친_큐수": null, "audio_key": "9310d8dd910c", "cue_id": "중앙대_286" }, "geometry": { "type": "LineString", "coordinates": [ [ 126.952559899999983, 37.5044526 ], [ 126.9526029, 37.5042788 ] ] } },
{ "type": "Feature", "properties": { "종류": "경사", "text": "경사가 급할 수 있는 구간입니다.", "A점수": null, "node": null, "최대경사_pct": 12.8, "길이_m": 189.5, "학교": "중앙대", "합친_큐수": null, "audio_key": "9310d8dd910c", "cue_id": "중앙대_287" }, "geometry": { "type": "MultiLineString", "coordinates": [ [ [ 126.9468937, 37.5018916 ], [ 126.9470464, 37.5019553 ], [ 126.9472009, 37.5019637 ], [ 126.9473049, 37.501925 ] ], [ [ 126.9473049, 37.501925 ], [ 126.947549, 37.5020586 ] ], [ [ 126.9481571, 37.501212299999985 ], [ 126.9481472, 37.5012147 ], [ 126.948091600000012, 37.5012087 ], [ 126.948035799999985, 37.501194100000014 ], [ 126.947981199999987, 37.501197 ], [ 126.9479371, 37.5012202 ], [ 126.947805099999982, 37.5015528 ], [ 126.9477608, 37.5015942 ], [ 126.9477125, 37.5016242 ], [ 126.94763810000002, 37.5016431 ], [ 126.9475555, 37.5016465 ], [ 126.9475001, 37.5016615 ], [ 126.9474674, 37.5016861 ], [ 126.9473049, 37.501925 ] ] ] } },
{ "type": "Feature", "properties": { "종류": "경사", "text": "경사가 매우 가파른 구간입니다.", "A점수": null, "node": null, "최대경사_pct": 25.0, "길이_m": 836.9, "학교": "중앙대", "합친_큐수": null, "audio_key": "1d39e98c4963", "cue_id": "중앙대_288" }, "geometry": { "type": "MultiLineString", "coordinates": [ [ [ 126.9488565, 37.4999615 ], [ 126.948701, 37.499899900000024 ] ], [ [ 126.948701, 37.499899900000024 ], [ 126.9486708, 37.499878 ], [ 126.9484304, 37.4997785 ], [ 126.9482759, 37.4997849 ], [ 126.948215, 37.4997833 ], [ 126.9481043, 37.4997691 ], [ 126.948032400000017, 37.4997642 ], [ 126.947968, 37.4997778 ], [ 126.9478913, 37.49980260000001 ], [ 126.9478353, 37.499825 ], [ 126.947775, 37.4998287 ], [ 126.9477144, 37.49981380000002 ], [ 126.9476768, 37.499792100000015 ], [ 126.9476663, 37.4997696 ], [ 126.9476636, 37.4997361 ], [ 126.9476672, 37.4996971 ], [ 126.9476936, 37.4996559 ], [ 126.9477437, 37.4996196 ], [ 126.9477726, 37.4995799 ], [ 126.9477917, 37.4994754 ], [ 126.9477928, 37.4992811 ], [ 126.9478171, 37.499168800000021 ], [ 126.9478364, 37.4991315 ], [ 126.9478954, 37.499048800000011 ], [ 126.9480155, 37.498736 ], [ 126.9480824, 37.4986018 ], [ 126.9481713, 37.49854650000001 ], [ 126.948167199999986, 37.4986267 ], [ 126.9481431, 37.4987822 ], [ 126.9480175, 37.499093599999988 ], [ 126.9480895, 37.4991683 ], [ 126.948261, 37.4991921 ], [ 126.9483144, 37.4992103 ], [ 126.948365, 37.4992276 ], [ 126.9484731, 37.4992643 ], [ 126.9485528, 37.4993282 ], [ 126.9486893, 37.4992018 ], [ 126.9488925, 37.4992637 ], [ 126.949090699999985, 37.4992906 ], [ 126.9491658, 37.499290200000026 ] ], [ [ 126.948701, 37.499899900000024 ], [ 126.948705, 37.4998532 ], [ 126.9487198, 37.4996781 ], [ 126.9487304, 37.4996484 ], [ 126.948763900000017, 37.4996232 ], [ 126.9488299, 37.4996043 ], [ 126.9489933, 37.4995073 ], [ 126.949116799999985, 37.4994172 ], [ 126.949161, 37.4993432 ], [ 126.9491658, 37.499290200000026 ] ], [ [ 126.9491658, 37.499290200000026 ], [ 126.949172200000021, 37.4992271 ], [ 126.9491414, 37.499089799999986 ], [ 126.9490949, 37.498957300000022 ], [ 126.9490879, 37.4988757 ], [ 126.9491442, 37.4985743 ], [ 126.9492348, 37.4984077 ], [ 126.949247500000013, 37.4981873 ], [ 126.9492739, 37.4980921 ], [ 126.949377100000021, 37.4980218 ], [ 126.949555100000012, 37.4979967 ], [ 126.949691200000018, 37.4980399 ], [ 126.9498681, 37.4980734 ], [ 126.9499497, 37.4980513 ], [ 126.950048699999982, 37.4980076 ], [ 126.9501945, 37.4979141 ], [ 126.9502341, 37.4978775 ], [ 126.950243, 37.4978417 ], [ 126.950235, 37.497807 ], [ 126.9501994, 37.4977465 ], [ 126.9500704, 37.4975212 ], [ 126.9501203, 37.497506100000017 ], [ 126.950065100000018, 37.4973959 ], [ 126.9501986, 37.4973297 ] ] ] } },
{ "type": "Feature", "properties": { "종류": "경사", "text": "경사가 급할 수 있는 구간입니다.", "A점수": null, "node": null, "최대경사_pct": 12.1, "길이_m": 94.3, "학교": "중앙대", "합친_큐수": null, "audio_key": "9310d8dd910c", "cue_id": "중앙대_289" }, "geometry": { "type": "LineString", "coordinates": [ [ 126.94862430000002, 37.500007899999986 ], [ 126.9485658, 37.5000826 ], [ 126.9485276, 37.5001399 ], [ 126.9483881, 37.5002819 ], [ 126.9483256, 37.5003697 ], [ 126.948286599999989, 37.5004986 ], [ 126.948254700000021, 37.5006236 ], [ 126.9482534, 37.5006492 ], [ 126.948265600000013, 37.5006793 ], [ 126.948296500000012, 37.5007244 ], [ 126.9483183, 37.500767600000017 ] ] } },
{ "type": "Feature", "properties": { "종류": "경사", "text": "경사가 가파른 구간입니다.", "A점수": null, "node": null, "최대경사_pct": 15.4, "길이_m": 64.3, "학교": "중앙대", "합친_큐수": null, "audio_key": "b3aa4ebe5791", "cue_id": "중앙대_290" }, "geometry": { "type": "LineString", "coordinates": [ [ 126.9504624, 37.4988896 ], [ 126.9503617, 37.4990235 ], [ 126.9503475, 37.4990479 ], [ 126.9503404, 37.4990818 ], [ 126.9503487, 37.4991072 ], [ 126.9503611, 37.4991228 ], [ 126.950698, 37.4992915 ] ] } },
{ "type": "Feature", "properties": { "종류": "경사", "text": "경사가 급할 수 있는 구간입니다.", "A점수": null, "node": null, "최대경사_pct": 12.1, "길이_m": 182.1, "학교": "중앙대", "합친_큐수": null, "audio_key": "9310d8dd910c", "cue_id": "중앙대_291" }, "geometry": { "type": "LineString", "coordinates": [ [ 126.9501654, 37.5075873 ], [ 126.9499543, 37.5073384 ], [ 126.9497842, 37.5071513 ], [ 126.949735, 37.5071017 ], [ 126.9496715, 37.5070648 ], [ 126.949577600000012, 37.507034300000015 ], [ 126.94895, 37.506932200000016 ], [ 126.9484685, 37.50685050000002 ] ] } },
{ "type": "Feature", "properties": { "종류": "경사", "text": "경사가 급할 수 있는 구간입니다.", "A점수": null, "node": null, "최대경사_pct": 12.4, "길이_m": 135.9, "학교": "중앙대", "합친_큐수": null, "audio_key": "9310d8dd910c", "cue_id": "중앙대_292" }, "geometry": { "type": "LineString", "coordinates": [ [ 126.950442899999985, 37.5081046 ], [ 126.9493295, 37.5085118 ], [ 126.9490271, 37.508573 ] ] } },
{ "type": "Feature", "properties": { "종류": "경사", "text": "경사가 급할 수 있는 구간입니다.", "A점수": null, "node": null, "최대경사_pct": 11.9, "길이_m": 4.8, "학교": "중앙대", "합친_큐수": null, "audio_key": "9310d8dd910c", "cue_id": "중앙대_293" }, "geometry": { "type": "LineString", "coordinates": [ [ 126.948373500000017, 37.5078561 ], [ 126.948335199999988, 37.5078873 ] ] } },
{ "type": "Feature", "properties": { "종류": "경사", "text": "경사가 매우 가파른 구간입니다.", "A점수": null, "node": null, "최대경사_pct": 27.3, "길이_m": 49.8, "학교": "중앙대", "합친_큐수": null, "audio_key": "1d39e98c4963", "cue_id": "중앙대_294" }, "geometry": { "type": "LineString", "coordinates": [ [ 126.950058100000021, 37.500323 ], [ 126.9498945, 37.5002336 ], [ 126.949631, 37.50012270000002 ], [ 126.9495724, 37.500098 ] ] } },
{ "type": "Feature", "properties": { "종류": "경사", "text": "경사가 급할 수 있는 구간입니다.", "A점수": null, "node": null, "최대경사_pct": 8.7, "길이_m": 78.7, "학교": "중앙대", "합친_큐수": null, "audio_key": "9310d8dd910c", "cue_id": "중앙대_295" }, "geometry": { "type": "LineString", "coordinates": [ [ 126.9492641, 37.5055597 ], [ 126.949045, 37.5054618 ], [ 126.9490075, 37.5054557 ], [ 126.948958300000015, 37.5054583 ], [ 126.948926299999982, 37.5054467 ], [ 126.948910600000019, 37.5054201 ], [ 126.9489159, 37.5053716 ], [ 126.9489525, 37.5053318 ], [ 126.949006600000018, 37.505301 ], [ 126.949046200000012, 37.5052742 ], [ 126.949185400000019, 37.505218 ], [ 126.949257, 37.5051863 ] ] } },
{ "type": "Feature", "properties": { "종류": "경사", "text": "경사가 가파른 구간입니다.", "A점수": null, "node": null, "최대경사_pct": 15.2, "길이_m": 24.5, "학교": "중앙대", "합친_큐수": null, "audio_key": "b3aa4ebe5791", "cue_id": "중앙대_296" }, "geometry": { "type": "LineString", "coordinates": [ [ 126.9497761, 37.5050087 ], [ 126.949717400000011, 37.5048292 ], [ 126.949711300000018, 37.5047944 ] ] } },
{ "type": "Feature", "properties": { "종류": "경사", "text": "경사가 매우 가파른 구간입니다.", "A점수": null, "node": null, "최대경사_pct": 21.8, "길이_m": 33.5, "학교": "중앙대", "합친_큐수": null, "audio_key": "1d39e98c4963", "cue_id": "중앙대_297" }, "geometry": { "type": "LineString", "coordinates": [ [ 126.9467624, 37.496771 ], [ 126.9471022, 37.4966382 ] ] } },
{ "type": "Feature", "properties": { "종류": "경사", "text": "경사가 가파른 구간입니다.", "A점수": null, "node": null, "최대경사_pct": 14.1, "길이_m": 60.5, "학교": "중앙대", "합친_큐수": null, "audio_key": "b3aa4ebe5791", "cue_id": "중앙대_298" }, "geometry": { "type": "LineString", "coordinates": [ [ 126.946724099999983, 37.4990343 ], [ 126.9467343, 37.498790399999983 ], [ 126.9471116, 37.4988059 ] ] } },
{ "type": "Feature", "properties": { "종류": "경사", "text": "경사가 급할 수 있는 구간입니다.", "A점수": null, "node": null, "최대경사_pct": 12.3, "길이_m": 55.3, "학교": "중앙대", "합친_큐수": null, "audio_key": "9310d8dd910c", "cue_id": "중앙대_299" }, "geometry": { "type": "LineString", "coordinates": [ [ 126.951799500000021, 37.5073242 ], [ 126.9517064, 37.5071092 ], [ 126.9515282, 37.5068784 ] ] } },
{ "type": "Feature", "properties": { "종류": "경사", "text": "경사가 급할 수 있는 구간입니다.", "A점수": null, "node": null, "최대경사_pct": 8.4, "길이_m": 30.4, "학교": "중앙대", "합친_큐수": null, "audio_key": "9310d8dd910c", "cue_id": "중앙대_300" }, "geometry": { "type": "LineString", "coordinates": [ [ 126.951914700000017, 37.5071924 ], [ 126.9520257, 37.5069336 ] ] } },
{ "type": "Feature", "properties": { "종류": "경사", "text": "경사가 가파른 구간입니다.", "A점수": null, "node": null, "최대경사_pct": 14.7, "길이_m": 4.9, "학교": "중앙대", "합친_큐수": null, "audio_key": "b3aa4ebe5791", "cue_id": "중앙대_301" }, "geometry": { "type": "LineString", "coordinates": [ [ 126.9506747, 37.4970964 ], [ 126.950698800000012, 37.4971364 ] ] } },
{ "type": "Feature", "properties": { "종류": "경사", "text": "경사가 가파른 구간입니다.", "A점수": null, "node": null, "최대경사_pct": 16.8, "길이_m": 30.2, "학교": "중앙대", "합친_큐수": null, "audio_key": "b3aa4ebe5791", "cue_id": "중앙대_302" }, "geometry": { "type": "LineString", "coordinates": [ [ 126.9466539, 37.5025898 ], [ 126.9467141, 37.5026315 ], [ 126.9469231, 37.5027577 ] ] } },
{ "type": "Feature", "properties": { "종류": "경사", "text": "경사가 급할 수 있는 구간입니다.", "A점수": null, "node": null, "최대경사_pct": 10.3, "길이_m": 30.7, "학교": "중앙대", "합친_큐수": null, "audio_key": "9310d8dd910c", "cue_id": "중앙대_303" }, "geometry": { "type": "LineString", "coordinates": [ [ 126.950227700000013, 37.5025116 ], [ 126.9502303, 37.5022352 ] ] } },
{ "type": "Feature", "properties": { "종류": "경사", "text": "경사가 급할 수 있는 구간입니다.", "A점수": null, "node": null, "최대경사_pct": 8.6, "길이_m": 38.1, "학교": "중앙대", "합친_큐수": null, "audio_key": "9310d8dd910c", "cue_id": "중앙대_304" }, "geometry": { "type": "LineString", "coordinates": [ [ 126.9518526, 37.5032812 ], [ 126.951887400000018, 37.50293940000001 ] ] } },
{ "type": "Feature", "properties": { "종류": "경사", "text": "경사가 가파른 구간입니다.", "A점수": null, "node": null, "최대경사_pct": 15.1, "길이_m": 19.1, "학교": "중앙대", "합친_큐수": null, "audio_key": "b3aa4ebe5791", "cue_id": "중앙대_305" }, "geometry": { "type": "LineString", "coordinates": [ [ 126.9535161, 37.4976126 ], [ 126.9533416, 37.4975119 ] ] } },
{ "type": "Feature", "properties": { "종류": "경사", "text": "경사가 급할 수 있는 구간입니다.", "A점수": null, "node": null, "최대경사_pct": 11.4, "길이_m": 547.1, "학교": "중앙대", "합친_큐수": null, "audio_key": "9310d8dd910c", "cue_id": "중앙대_306" }, "geometry": { "type": "LineString", "coordinates": [ [ 126.9530751, 37.497817 ], [ 126.9531901, 37.4978926 ], [ 126.953290700000011, 37.4979789 ], [ 126.953333, 37.498046 ], [ 126.953347099999988, 37.4980683 ], [ 126.953354300000015, 37.4981112 ], [ 126.9535105, 37.4980853 ], [ 126.953561600000015, 37.498076800000014 ], [ 126.953736, 37.4980725 ], [ 126.953872799999985, 37.4981364 ], [ 126.954141, 37.4984173 ], [ 126.9543636, 37.498717300000024 ], [ 126.9546077, 37.4990812 ], [ 126.954744500000018, 37.4994749 ], [ 126.954825, 37.4998238 ], [ 126.9548759, 37.5001835 ], [ 126.9546992, 37.5011652 ], [ 126.9546026, 37.501233300000017 ], [ 126.9537658, 37.50120350000001 ], [ 126.9536242, 37.5011882 ] ] } },
{ "type": "Feature", "properties": { "종류": "경사", "text": "경사가 급할 수 있는 구간입니다.", "A점수": null, "node": null, "최대경사_pct": 10.4, "길이_m": 61.9, "학교": "중앙대", "합친_큐수": null, "audio_key": "9310d8dd910c", "cue_id": "중앙대_307" }, "geometry": { "type": "LineString", "coordinates": [ [ 126.953014700000011, 37.5008952 ], [ 126.953388499999988, 37.5010379 ], [ 126.953631800000011, 37.5011578 ] ] } },
{ "type": "Feature", "properties": { "종류": "경사", "text": "경사가 급할 수 있는 구간입니다.", "A점수": null, "node": null, "최대경사_pct": 9.5, "길이_m": 56.3, "학교": "중앙대", "합친_큐수": null, "audio_key": "9310d8dd910c", "cue_id": "중앙대_308" }, "geometry": { "type": "LineString", "coordinates": [ [ 126.9528401, 37.5010358 ], [ 126.9527574, 37.50113 ], [ 126.952567, 37.5010428 ], [ 126.952408, 37.5009937 ], [ 126.95231050000001, 37.5009687 ] ] } },
{ "type": "Feature", "properties": { "종류": "경사", "text": "경사가 가파른 구간입니다.", "A점수": null, "node": null, "최대경사_pct": 18.9, "길이_m": 52.0, "학교": "중앙대", "합친_큐수": null, "audio_key": "b3aa4ebe5791", "cue_id": "중앙대_309" }, "geometry": { "type": "LineString", "coordinates": [ [ 126.953176, 37.5003816 ], [ 126.9533161, 37.5003892 ], [ 126.9537611, 37.5004244 ] ] } },
{ "type": "Feature", "properties": { "종류": "경사", "text": "경사가 매우 가파른 구간입니다.", "A점수": null, "node": null, "최대경사_pct": 23.5, "길이_m": 433.3, "학교": "중앙대", "합친_큐수": null, "audio_key": "1d39e98c4963", "cue_id": "중앙대_310" }, "geometry": { "type": "LineString", "coordinates": [ [ 126.9520157, 37.4990297 ], [ 126.9530398, 37.4995164 ], [ 126.95304520000002, 37.4995419 ], [ 126.953013400000017, 37.499578400000011 ], [ 126.9527774, 37.4996274 ], [ 126.952693600000018, 37.4996558 ], [ 126.952623700000018, 37.4996943 ], [ 126.952704499999982, 37.4997122 ], [ 126.9528096, 37.4997125 ], [ 126.953104700000011, 37.499685 ], [ 126.9531552, 37.4996803 ], [ 126.953398400000012, 37.499638700000013 ], [ 126.953619500000016, 37.4995806 ], [ 126.9535245, 37.4994514 ], [ 126.9531324, 37.4990472 ], [ 126.9530339, 37.4988981 ], [ 126.9530109, 37.498749099999976 ], [ 126.9530528, 37.498614 ], [ 126.9530801, 37.4985726 ], [ 126.9529829, 37.4985801 ], [ 126.9523654, 37.4986294 ] ] } },
{ "type": "Feature", "properties": { "종류": "경사", "text": "경사가 급할 수 있는 구간입니다.", "A점수": null, "node": null, "최대경사_pct": 8.7, "길이_m": 87.1, "학교": "중앙대", "합친_큐수": null, "audio_key": "9310d8dd910c", "cue_id": "중앙대_311" }, "geometry": { "type": "LineString", "coordinates": [ [ 126.947417, 37.506355200000023 ], [ 126.9469107, 37.505682200000017 ] ] } },
{ "type": "Feature", "properties": { "종류": "경사", "text": "경사가 급할 수 있는 구간입니다.", "A점수": null, "node": null, "최대경사_pct": 9.0, "길이_m": 66.0, "학교": "중앙대", "합친_큐수": null, "audio_key": "9310d8dd910c", "cue_id": "중앙대_312" }, "geometry": { "type": "LineString", "coordinates": [ [ 126.9534945, 37.503754 ], [ 126.953773499999983, 37.503639 ], [ 126.95356289999998, 37.5033934 ], [ 126.953515, 37.5033661 ] ] } },
{ "type": "Feature", "properties": { "종류": "경사", "text": "경사가 가파른 구간입니다.", "A점수": null, "node": null, "최대경사_pct": 18.4, "길이_m": 23.5, "학교": "중앙대", "합친_큐수": null, "audio_key": "b3aa4ebe5791", "cue_id": "중앙대_313" }, "geometry": { "type": "LineString", "coordinates": [ [ 126.9490999, 37.5133556 ], [ 126.949113400000016, 37.5134668 ], [ 126.9491256, 37.5135667 ] ] } },
{ "type": "Feature", "properties": { "종류": "경사", "text": "경사가 급할 수 있는 구간입니다.", "A점수": null, "node": null, "최대경사_pct": 12.0, "길이_m": 503.7, "학교": "중앙대", "합친_큐수": null, "audio_key": "9310d8dd910c", "cue_id": "중앙대_314" }, "geometry": { "type": "LineString", "coordinates": [ [ 126.958717, 37.5123908 ], [ 126.9600561, 37.5120275 ], [ 126.9603672, 37.5119349 ], [ 126.9610419, 37.5116282 ], [ 126.9613161, 37.5114767 ], [ 126.961564200000012, 37.5112763 ], [ 126.962051, 37.5108217 ], [ 126.963046500000019, 37.5096886 ] ] } },
{ "type": "Feature", "properties": { "종류": "경사", "text": "경사가 매우 가파른 구간입니다.", "A점수": null, "node": null, "최대경사_pct": 22.1, "길이_m": 187.5, "학교": "중앙대", "합친_큐수": null, "audio_key": "1d39e98c4963", "cue_id": "중앙대_315" }, "geometry": { "type": "LineString", "coordinates": [ [ 126.949919900000012, 37.498298 ], [ 126.9500531, 37.4982878 ], [ 126.9505252, 37.498541 ], [ 126.9505507, 37.4985953 ], [ 126.950531900000016, 37.4986527 ], [ 126.950149300000021, 37.499108 ], [ 126.9506282, 37.4993723 ] ] } },
{ "type": "Feature", "properties": { "종류": "경사", "text": "경사가 가파른 구간입니다.", "A점수": null, "node": null, "최대경사_pct": 13.2, "길이_m": 18.0, "학교": "중앙대", "합친_큐수": null, "audio_key": "b3aa4ebe5791", "cue_id": "중앙대_316" }, "geometry": { "type": "LineString", "coordinates": [ [ 126.958563900000016, 37.5084169 ], [ 126.9587489, 37.5084853 ] ] } },
{ "type": "Feature", "properties": { "종류": "경사", "text": "경사가 급할 수 있는 구간입니다.", "A점수": null, "node": null, "최대경사_pct": 9.8, "길이_m": 42.1, "학교": "중앙대", "합친_큐수": null, "audio_key": "9310d8dd910c", "cue_id": "중앙대_317" }, "geometry": { "type": "LineString", "coordinates": [ [ 126.9661975, 37.5064895 ], [ 126.96600530000002, 37.5065893 ], [ 126.9660304, 37.5066187 ], [ 126.9661503, 37.5067486 ] ] } },
{ "type": "Feature", "properties": { "종류": "경사", "text": "경사가 급할 수 있는 구간입니다.", "A점수": null, "node": null, "최대경사_pct": 10.9, "길이_m": 467.5, "학교": "중앙대", "합친_큐수": null, "audio_key": "9310d8dd910c", "cue_id": "중앙대_318" }, "geometry": { "type": "MultiLineString", "coordinates": [ [ [ 126.9566583, 37.5057811 ], [ 126.9571176, 37.5060467 ] ], [ [ 126.9566583, 37.5057811 ], [ 126.9565551, 37.5059247 ], [ 126.9564339, 37.5060932 ], [ 126.956250400000016, 37.5060243 ], [ 126.9556116, 37.5061242 ], [ 126.955417200000014, 37.5060334 ], [ 126.9551809, 37.5059681 ], [ 126.9548789, 37.5058771 ], [ 126.9547782, 37.5056373 ], [ 126.9552139, 37.5056032 ], [ 126.9558093, 37.5058683 ], [ 126.9560761, 37.5055206 ], [ 126.9566583, 37.5057811 ] ] ] } },
{ "type": "Feature", "properties": { "종류": "경사", "text": "경사가 매우 가파른 구간입니다.", "A점수": null, "node": null, "최대경사_pct": 21.2, "길이_m": 199.8, "학교": "중앙대", "합친_큐수": null, "audio_key": "1d39e98c4963", "cue_id": "중앙대_319" }, "geometry": { "type": "MultiLineString", "coordinates": [ [ [ 126.954156800000021, 37.5114461 ], [ 126.9541034, 37.5112792 ], [ 126.9538014, 37.5107589 ], [ 126.95377160000001, 37.5106582 ] ], [ [ 126.954222, 37.5116496 ], [ 126.954156800000021, 37.5114461 ] ], [ [ 126.9544215, 37.5107601 ], [ 126.954227900000021, 37.5114223 ], [ 126.954156800000021, 37.5114461 ] ] ] } },
{ "type": "Feature", "properties": { "종류": "경사", "text": "경사가 매우 가파른 구간입니다.", "A점수": null, "node": null, "최대경사_pct": 22.6, "길이_m": 322.3, "학교": "중앙대", "합친_큐수": null, "audio_key": "1d39e98c4963", "cue_id": "중앙대_320" }, "geometry": { "type": "MultiLineString", "coordinates": [ [ [ 126.9553012, 37.5102581 ], [ 126.9552605, 37.5103698 ], [ 126.9551396, 37.5107021 ], [ 126.9551169, 37.5108158 ], [ 126.955081800000016, 37.5109917 ], [ 126.9548979, 37.511187 ], [ 126.9548041, 37.510907 ], [ 126.954787100000019, 37.5107924 ], [ 126.9550719, 37.510192100000012 ], [ 126.9553012, 37.5102581 ] ], [ [ 126.9553012, 37.5102581 ], [ 126.955484400000017, 37.5097546 ], [ 126.9555524, 37.509626900000015 ] ] ] } },
{ "type": "Feature", "properties": { "종류": "경사", "text": "경사가 가파른 구간입니다.", "A점수": null, "node": null, "최대경사_pct": 17.6, "길이_m": 125.0, "학교": "중앙대", "합친_큐수": null, "audio_key": "b3aa4ebe5791", "cue_id": "중앙대_321" }, "geometry": { "type": "LineString", "coordinates": [ [ 126.956015, 37.5110219 ], [ 126.9559634, 37.5109972 ], [ 126.9558652, 37.5109768 ], [ 126.95576530000001, 37.5109308 ], [ 126.955696, 37.5108401 ], [ 126.955861899999988, 37.5107417 ], [ 126.9559715, 37.510644600000035 ], [ 126.9559683, 37.5105781 ], [ 126.9559167, 37.5104554 ], [ 126.9558603, 37.5102523 ], [ 126.9559452, 37.5101782 ] ] } },
{ "type": "Feature", "properties": { "종류": "경사", "text": "경사가 가파른 구간입니다.", "A점수": null, "node": null, "최대경사_pct": 13.9, "길이_m": 187.8, "학교": "중앙대", "합친_큐수": null, "audio_key": "b3aa4ebe5791", "cue_id": "중앙대_322" }, "geometry": { "type": "LineString", "coordinates": [ [ 126.9475853, 37.5082603 ], [ 126.947356400000018, 37.5081266 ], [ 126.94778, 37.50778 ], [ 126.9479179, 37.507635799999981 ], [ 126.9479741, 37.5075415 ], [ 126.9480472, 37.5073951 ], [ 126.9480848, 37.5072798 ], [ 126.9480718, 37.5071986 ], [ 126.948, 37.5070553 ], [ 126.9478928, 37.5068924 ] ] } },
{ "type": "Feature", "properties": { "종류": "경사", "text": "경사가 급할 수 있는 구간입니다.", "A점수": null, "node": null, "최대경사_pct": 8.8, "길이_m": 19.5, "학교": "중앙대", "합친_큐수": null, "audio_key": "9310d8dd910c", "cue_id": "중앙대_323" }, "geometry": { "type": "LineString", "coordinates": [ [ 126.946649600000015, 37.5089907 ], [ 126.9464899, 37.508869 ] ] } },
{ "type": "Feature", "properties": { "종류": "경사", "text": "경사가 급할 수 있는 구간입니다.", "A점수": null, "node": null, "최대경사_pct": 12.7, "길이_m": 164.2, "학교": "중앙대", "합친_큐수": null, "audio_key": "9310d8dd910c", "cue_id": "중앙대_324" }, "geometry": { "type": "LineString", "coordinates": [ [ 126.9469734, 37.5124319 ], [ 126.9472442, 37.5118889 ], [ 126.9473602, 37.511526300000014 ], [ 126.9475721, 37.5114913 ], [ 126.9477398, 37.5114283 ], [ 126.947828, 37.5113886 ], [ 126.9478898, 37.5113886 ], [ 126.9479777, 37.5113748 ] ] } },
{ "type": "Feature", "properties": { "종류": "경사", "text": "경사가 매우 가파른 구간입니다.", "A점수": null, "node": null, "최대경사_pct": 31.3, "길이_m": 2909.9, "학교": "중앙대", "합친_큐수": null, "audio_key": "1d39e98c4963", "cue_id": "중앙대_325" }, "geometry": { "type": "MultiLineString", "coordinates": [ [ [ 126.9500524, 37.5104363 ], [ 126.949915, 37.5104298 ], [ 126.9496147, 37.5104868 ], [ 126.949442600000012, 37.5105036 ], [ 126.9493292, 37.5104928 ], [ 126.9492523, 37.510453 ], [ 126.9489034, 37.5095826 ] ], [ [ 126.9499467, 37.5109685 ], [ 126.950038100000015, 37.51103220000001 ], [ 126.9502525, 37.5110263 ], [ 126.9502005, 37.5107353 ], [ 126.950131499999983, 37.5105101 ], [ 126.9500524, 37.5104363 ] ], [ [ 126.951028, 37.5099627 ], [ 126.950298299999986, 37.5100905 ], [ 126.950187299999982, 37.5101354 ], [ 126.9501121, 37.5102198 ], [ 126.9500524, 37.5104363 ] ], [ [ 126.950465, 37.505297 ], [ 126.950916, 37.506088399999989 ], [ 126.952041058431547, 37.508276549763572 ] ], [ [ 126.9520587, 37.5123851 ], [ 126.951904200000016, 37.5120173 ], [ 126.9518792, 37.5119577 ], [ 126.9515585, 37.5116776 ], [ 126.9513811, 37.5114276 ], [ 126.9511079, 37.51057 ], [ 126.951156900000015, 37.510260700000011 ], [ 126.9511196, 37.5100495 ], [ 126.951028, 37.5099627 ] ], [ [ 126.951028, 37.5099627 ], [ 126.9507833, 37.509730900000029 ], [ 126.950654900000018, 37.5094846 ], [ 126.9507596, 37.5092323 ], [ 126.950774, 37.5091975 ], [ 126.9510145, 37.5090382 ], [ 126.951036300000013, 37.509020599999978 ], [ 126.951248, 37.5088493 ], [ 126.9514955, 37.5084344 ], [ 126.951525300000014, 37.5080832 ], [ 126.9515999, 37.5081405 ], [ 126.951834300000016, 37.5081653 ], [ 126.95197060000001, 37.5082232 ], [ 126.952041058431547, 37.508276549763572 ] ], [ [ 126.9532809, 37.510618800000024 ], [ 126.9532332, 37.5105223 ], [ 126.9531447, 37.5103454 ], [ 126.9531801, 37.5102556 ], [ 126.9531837, 37.5101265 ], [ 126.9531129, 37.5099917 ], [ 126.953105800000017, 37.5099496 ], [ 126.9531483, 37.5098934 ], [ 126.953396, 37.5096717 ], [ 126.9535305, 37.5095397 ], [ 126.9537252, 37.5092281 ], [ 126.953803, 37.5091579 ], [ 126.9539269, 37.5091467 ], [ 126.9548396, 37.5092846 ], [ 126.954622400000019, 37.5091321 ], [ 126.9537778, 37.5090851 ], [ 126.9535668, 37.50911 ], [ 126.9533962, 37.5090851 ], [ 126.9532347, 37.5090352 ], [ 126.9530447, 37.5089235 ], [ 126.9527606, 37.5087772 ], [ 126.9526823, 37.5087516 ], [ 126.9523697, 37.5086448 ], [ 126.9522725, 37.50859 ], [ 126.95208550000001, 37.5083102 ], [ 126.952041058431547, 37.508276549763572 ] ], [ [ 126.952041058431547, 37.508276549763572 ], [ 126.953254341659672, 37.510636133892383 ] ], [ [ 126.953254341659672, 37.510636133892383 ], [ 126.953324, 37.5107716 ], [ 126.95372620000002, 37.5116269 ], [ 126.9538699, 37.5118631 ], [ 126.9538878, 37.5116789 ], [ 126.9537414, 37.511379 ], [ 126.9536357, 37.5111436 ], [ 126.9535056, 37.5108598 ], [ 126.953465, 37.5107308 ], [ 126.9533958, 37.5106437 ] ], [ [ 126.953254341659672, 37.510636133892383 ], [ 126.9532023, 37.5106701 ], [ 126.953077600000015, 37.510741 ], [ 126.9530067, 37.5107923 ], [ 126.952979, 37.5108155 ], [ 126.9529836, 37.5108583 ], [ 126.9530745, 37.5110342 ], [ 126.953148400000018, 37.5111687 ], [ 126.9532794, 37.5114106 ], [ 126.9534011, 37.5116709 ], [ 126.9537169, 37.5122316 ], [ 126.953833700000018, 37.5122909 ] ], [ [ 126.9532809, 37.510618800000024 ], [ 126.953254341659672, 37.510636133892383 ] ], [ [ 126.9533958, 37.5106437 ], [ 126.9532809, 37.510618800000024 ] ], [ [ 126.9533958, 37.5106437 ], [ 126.9534856, 37.5106765 ], [ 126.953703, 37.5111019 ], [ 126.953900300000015, 37.5115465 ], [ 126.954090599999986, 37.5118789 ], [ 126.954244700000018, 37.512116 ], [ 126.9543334, 37.5121956 ], [ 126.95441910000001, 37.5122682 ] ] ] } },
{ "type": "Feature", "properties": { "종류": "경사", "text": "경사가 가파른 구간입니다.", "A점수": null, "node": null, "최대경사_pct": 15.8, "길이_m": 525.8, "학교": "중앙대", "합친_큐수": null, "audio_key": "b3aa4ebe5791", "cue_id": "중앙대_326" }, "geometry": { "type": "MultiLineString", "coordinates": [ [ [ 126.9466087, 37.5105997 ], [ 126.9466453, 37.5106219 ], [ 126.94695990000001, 37.5107139 ], [ 126.947204, 37.510750800000018 ], [ 126.94785330000002, 37.510709799999987 ], [ 126.948221700000019, 37.5106259 ], [ 126.948277299999987, 37.5105711 ] ], [ [ 126.948232, 37.51184 ], [ 126.9482831, 37.512176 ], [ 126.948366099999987, 37.5121878 ], [ 126.9486772, 37.5118074 ], [ 126.9486772, 37.5115601 ], [ 126.948612499999982, 37.511392 ], [ 126.9483624, 37.5111914 ], [ 126.9482714, 37.5111176 ], [ 126.948220500000019, 37.5109989 ], [ 126.9482484, 37.510876900000028 ], [ 126.9483269, 37.5107867 ], [ 126.9483311, 37.510709 ], [ 126.948277299999987, 37.5105711 ] ], [ [ 126.948277299999987, 37.5105711 ], [ 126.94848690000002, 37.5097461 ], [ 126.94853449999998, 37.5096815 ], [ 126.948671899999979, 37.509624 ], [ 126.94873459999998, 37.5096135 ] ] ] } },
{ "type": "Feature", "properties": { "종류": "경사", "text": "경사가 가파른 구간입니다.", "A점수": null, "node": null, "최대경사_pct": 14.9, "길이_m": 126.1, "학교": "중앙대", "합친_큐수": null, "audio_key": "b3aa4ebe5791", "cue_id": "중앙대_327" }, "geometry": { "type": "LineString", "coordinates": [ [ 126.9468472, 37.5112722 ], [ 126.946988, 37.5116501 ], [ 126.9469259, 37.5117873 ], [ 126.946671899999984, 37.5123482 ] ] } },
{ "type": "Feature", "properties": { "종류": "경사", "text": "경사가 급할 수 있는 구간입니다.", "A점수": null, "node": null, "최대경사_pct": 12.7, "길이_m": 42.5, "학교": "중앙대", "합친_큐수": null, "audio_key": "9310d8dd910c", "cue_id": "중앙대_328" }, "geometry": { "type": "LineString", "coordinates": [ [ 126.950646800000015, 37.5012666 ], [ 126.9502527, 37.501047799999988 ] ] } },
{ "type": "Feature", "properties": { "종류": "경사", "text": "경사가 급할 수 있는 구간입니다.", "A점수": null, "node": null, "최대경사_pct": 12.0, "길이_m": 35.7, "학교": "중앙대", "합친_큐수": null, "audio_key": "9310d8dd910c", "cue_id": "중앙대_329" }, "geometry": { "type": "LineString", "coordinates": [ [ 126.9512519, 37.5011592 ], [ 126.9511004, 37.501074100000018 ], [ 126.9510108, 37.501023800000013 ], [ 126.950924700000016, 37.5009709 ] ] } },
{ "type": "Feature", "properties": { "종류": "경사", "text": "경사가 가파른 구간입니다.", "A점수": null, "node": null, "최대경사_pct": 15.9, "길이_m": 195.6, "학교": "중앙대", "합친_큐수": null, "audio_key": "b3aa4ebe5791", "cue_id": "중앙대_330" }, "geometry": { "type": "LineString", "coordinates": [ [ 126.9521154, 37.5017173 ], [ 126.952169500000011, 37.50153959999998 ], [ 126.9522611, 37.5011823 ], [ 126.953059700000011, 37.50162310000001 ], [ 126.9531303, 37.5016648 ], [ 126.9535939, 37.5016963 ] ] } },
{ "type": "Feature", "properties": { "종류": "경사", "text": "경사가 가파른 구간입니다.", "A점수": null, "node": null, "최대경사_pct": 17.4, "길이_m": 29.6, "학교": "중앙대", "합친_큐수": null, "audio_key": "b3aa4ebe5791", "cue_id": "중앙대_331" }, "geometry": { "type": "LineString", "coordinates": [ [ 126.9490524, 37.5028891 ], [ 126.9487751, 37.5027391 ] ] } },
{ "type": "Feature", "properties": { "종류": "경사", "text": "경사가 급할 수 있는 구간입니다.", "A점수": null, "node": null, "최대경사_pct": 9.7, "길이_m": 230.4, "학교": "중앙대", "합친_큐수": null, "audio_key": "9310d8dd910c", "cue_id": "중앙대_332" }, "geometry": { "type": "LineString", "coordinates": [ [ 126.9517241, 37.5041422 ], [ 126.9517232, 37.5043188 ], [ 126.951853899999989, 37.50465040000001 ], [ 126.9519886, 37.504885 ], [ 126.9536058, 37.5050021 ] ] } },
{ "type": "Feature", "properties": { "종류": "경사", "text": "경사가 매우 가파른 구간입니다.", "A점수": null, "node": null, "최대경사_pct": 20.4, "길이_m": 101.2, "학교": "중앙대", "합친_큐수": null, "audio_key": "1d39e98c4963", "cue_id": "중앙대_333" }, "geometry": { "type": "MultiLineString", "coordinates": [ [ [ 126.9514195, 37.5056376 ], [ 126.950767199999987, 37.505586799999989 ] ], [ [ 126.951399, 37.5058124 ], [ 126.9514195, 37.5056376 ] ], [ [ 126.9514481, 37.5054243 ], [ 126.9514195, 37.5056376 ] ] ] } },
{ "type": "Feature", "properties": { "종류": "경사", "text": "경사가 매우 가파른 구간입니다.", "A점수": null, "node": null, "최대경사_pct": 20.7, "길이_m": 99.6, "학교": "중앙대", "합친_큐수": null, "audio_key": "1d39e98c4963", "cue_id": "중앙대_334" }, "geometry": { "type": "LineString", "coordinates": [ [ 126.953009900000012, 37.5084671 ], [ 126.95305, 37.508283200000015 ], [ 126.9529125, 37.5082008 ], [ 126.9523187, 37.5078764 ] ] } },
{ "type": "Feature", "properties": { "종류": "경사", "text": "경사가 가파른 구간입니다.", "A점수": null, "node": null, "최대경사_pct": 14.2, "길이_m": 20.1, "학교": "중앙대", "합친_큐수": null, "audio_key": "b3aa4ebe5791", "cue_id": "중앙대_335" }, "geometry": { "type": "LineString", "coordinates": [ [ 126.953590199999979, 37.5068438 ], [ 126.953817, 37.5068435 ] ] } },
{ "type": "Feature", "properties": { "종류": "경사", "text": "경사가 매우 가파른 구간입니다.", "A점수": null, "node": null, "최대경사_pct": 24.5, "길이_m": 2555.5, "학교": "중앙대", "합친_큐수": null, "audio_key": "1d39e98c4963", "cue_id": "중앙대_336" }, "geometry": { "type": "MultiLineString", "coordinates": [ [ [ 126.955157700000015, 37.5062686 ], [ 126.954846300000014, 37.5063024 ], [ 126.9547975, 37.506299 ], [ 126.9547505, 37.506290300000011 ], [ 126.95471120000002, 37.5062812 ], [ 126.9546766, 37.5062666 ], [ 126.95464290000001, 37.506249 ], [ 126.9546086, 37.5062253 ], [ 126.9545863, 37.5062008 ], [ 126.954049400000017, 37.5052457 ], [ 126.9539349, 37.5051144 ], [ 126.9538624, 37.505060800000017 ], [ 126.9537858, 37.5050263 ], [ 126.953745500000011, 37.5050165 ] ], [ [ 126.9553205, 37.507649600000022 ], [ 126.9553134, 37.507375400000022 ], [ 126.9553742, 37.5072532 ], [ 126.955472199999988, 37.5071754 ], [ 126.955696399999979, 37.5071069 ], [ 126.955862200000013, 37.5070902 ], [ 126.9559906, 37.507034599999976 ], [ 126.9560583, 37.506977200000023 ], [ 126.9560536, 37.50690680000001 ], [ 126.956028, 37.5068235 ], [ 126.9559337, 37.5067407 ], [ 126.9558545, 37.5067222 ], [ 126.955641, 37.506751 ], [ 126.9554843, 37.5068211 ], [ 126.955389900000014, 37.5068261 ], [ 126.9553109, 37.5067807 ], [ 126.9552825, 37.5067312 ], [ 126.955279500000017, 37.506637 ], [ 126.955176, 37.5063928 ], [ 126.955157700000015, 37.5062686 ] ], [ [ 126.9571048, 37.506534 ], [ 126.956780900000012, 37.506421400000015 ], [ 126.956591500000016, 37.5063365 ], [ 126.956426899999983, 37.5062632 ], [ 126.956301100000019, 37.5062061 ], [ 126.9562061, 37.5061734 ], [ 126.9561316, 37.506157 ], [ 126.956025, 37.506154299999984 ], [ 126.955915300000015, 37.5061613 ], [ 126.95569540000001, 37.5061859 ], [ 126.955157700000015, 37.5062686 ] ], [ [ 126.956796199999985, 37.508694200000015 ], [ 126.9566431, 37.508783200000011 ], [ 126.956512900000021, 37.5088952 ], [ 126.95641160000001, 37.5090119 ], [ 126.9563434, 37.509072700000011 ], [ 126.9561707, 37.5092582 ], [ 126.9560773, 37.509308 ] ], [ [ 126.9571048, 37.506534 ], [ 126.9570766, 37.5066144 ], [ 126.9570519, 37.506893 ], [ 126.9568787, 37.5073804 ], [ 126.95682, 37.5076854 ], [ 126.956764300000017, 37.507977 ], [ 126.9565866, 37.5081407 ], [ 126.956496, 37.5082855 ], [ 126.9565033, 37.5084811 ], [ 126.956729800000019, 37.5086748 ], [ 126.956796199999985, 37.508694200000015 ] ], [ [ 126.9571096, 37.5086047 ], [ 126.956864900000014, 37.508654 ], [ 126.956796199999985, 37.508694200000015 ] ], [ [ 126.9571283, 37.5064499 ], [ 126.9571048, 37.506534 ] ], [ [ 126.9584674, 37.506889 ], [ 126.9584126, 37.5069928 ], [ 126.9581835, 37.5072069 ], [ 126.9578935, 37.5074238 ], [ 126.957513800000015, 37.5077518 ], [ 126.9574785, 37.50798180000001 ], [ 126.957472, 37.508183699999989 ], [ 126.9573071, 37.508393300000023 ], [ 126.9571096, 37.5086047 ] ], [ [ 126.95960980000001, 37.50854 ], [ 126.9595014, 37.5084632 ], [ 126.9592892, 37.5082926 ], [ 126.958929, 37.5079535 ], [ 126.958888200000018, 37.5078353 ], [ 126.9588011, 37.507873600000025 ], [ 126.9586501, 37.5079538 ], [ 126.958066700000018, 37.5080638 ], [ 126.957325, 37.508609 ], [ 126.9572078, 37.5086005 ], [ 126.9571096, 37.5086047 ] ], [ [ 126.9585643, 37.510548 ], [ 126.95850369999998, 37.5106275 ], [ 126.958301, 37.510580300000015 ], [ 126.9582399, 37.510507800000013 ], [ 126.958206600000011, 37.5103561 ], [ 126.9580864, 37.5099949 ], [ 126.95800850000002, 37.5097658 ], [ 126.9580855, 37.5096049 ], [ 126.958504, 37.509703400000021 ], [ 126.9585219, 37.5098189 ], [ 126.958503, 37.5100386 ], [ 126.9585315, 37.5103418 ], [ 126.9585643, 37.510548 ] ], [ [ 126.9585643, 37.510548 ], [ 126.9586133, 37.5105217 ], [ 126.9588276, 37.510218 ], [ 126.958945, 37.5101738 ] ], [ [ 126.958945, 37.5101738 ], [ 126.95896, 37.5100829 ], [ 126.9590963, 37.5096023 ], [ 126.959069700000015, 37.5095358 ], [ 126.958753, 37.5093959 ], [ 126.95866860000001, 37.5093035 ], [ 126.958670400000017, 37.5090982 ], [ 126.9591199, 37.508913100000015 ], [ 126.9592847, 37.5087876 ], [ 126.95960980000001, 37.50854 ] ], [ [ 126.9600387, 37.5096884 ], [ 126.9591182, 37.510112199999988 ], [ 126.958945, 37.5101738 ] ], [ [ 126.9600387, 37.5096884 ], [ 126.9598077, 37.5094517 ], [ 126.9595604, 37.5092607 ], [ 126.9597157, 37.5088361 ], [ 126.959717500000011, 37.5087795 ], [ 126.959644800000021, 37.5085816 ], [ 126.95960980000001, 37.50854 ] ], [ [ 126.96022720000002, 37.5079745 ], [ 126.9601815, 37.5080227 ], [ 126.95960980000001, 37.50854 ] ], [ [ 126.960674800000021, 37.5093825 ], [ 126.9600387, 37.5096884 ] ] ] } },
{ "type": "Feature", "properties": { "종류": "경사", "text": "경사가 급할 수 있는 구간입니다.", "A점수": null, "node": null, "최대경사_pct": 9.6, "길이_m": 74.9, "학교": "중앙대", "합친_큐수": null, "audio_key": "9310d8dd910c", "cue_id": "중앙대_337" }, "geometry": { "type": "LineString", "coordinates": [ [ 126.953315300000014, 37.5066829 ], [ 126.95325050000001, 37.5073555 ] ] } },
{ "type": "Feature", "properties": { "종류": "경사", "text": "경사가 급할 수 있는 구간입니다.", "A점수": null, "node": null, "최대경사_pct": 12.9, "길이_m": 121.3, "학교": "중앙대", "합친_큐수": null, "audio_key": "9310d8dd910c", "cue_id": "중앙대_338" }, "geometry": { "type": "LineString", "coordinates": [ [ 126.9499128, 37.5067627 ], [ 126.9501523, 37.50655620000002 ], [ 126.950492699999984, 37.5067532 ], [ 126.9505562, 37.5067555 ], [ 126.9507517, 37.5066749 ], [ 126.9509044, 37.5065362 ], [ 126.950976, 37.5065031 ] ] } },
{ "type": "Feature", "properties": { "종류": "경사", "text": "경사가 급할 수 있는 구간입니다.", "A점수": null, "node": null, "최대경사_pct": 10.0, "길이_m": 27.3, "학교": "중앙대", "합친_큐수": null, "audio_key": "9310d8dd910c", "cue_id": "중앙대_339" }, "geometry": { "type": "LineString", "coordinates": [ [ 126.948714100000018, 37.5045737 ], [ 126.9488877, 37.5043703 ] ] } },
{ "type": "Feature", "properties": { "종류": "경사", "text": "경사가 급할 수 있는 구간입니다.", "A점수": null, "node": null, "최대경사_pct": 12.2, "길이_m": 39.2, "학교": "중앙대", "합친_큐수": null, "audio_key": "9310d8dd910c", "cue_id": "중앙대_340" }, "geometry": { "type": "LineString", "coordinates": [ [ 126.94954820000001, 37.5023033 ], [ 126.9499162, 37.5024997 ] ] } },
{ "type": "Feature", "properties": { "종류": "경사", "text": "경사가 매우 가파른 구간입니다.", "A점수": null, "node": null, "최대경사_pct": 24.9, "길이_m": 951.9, "학교": "중앙대", "합친_큐수": null, "audio_key": "1d39e98c4963", "cue_id": "중앙대_341" }, "geometry": { "type": "LineString", "coordinates": [ [ 126.94958440000002, 37.5042932 ], [ 126.9497058, 37.5043714 ], [ 126.9498733, 37.5045452 ], [ 126.950124500000015, 37.5049981 ], [ 126.9502222, 37.5052322 ], [ 126.9503995, 37.50559710000001 ], [ 126.9507037, 37.5061584 ], [ 126.9531205, 37.5108502 ], [ 126.9535252, 37.5116249 ], [ 126.953838500000018, 37.5121468 ] ] } },
{ "type": "Feature", "properties": { "종류": "경사", "text": "경사가 가파른 구간입니다.", "A점수": null, "node": null, "최대경사_pct": 16.7, "길이_m": 523.4, "학교": "중앙대", "합친_큐수": null, "audio_key": "b3aa4ebe5791", "cue_id": "중앙대_342" }, "geometry": { "type": "MultiLineString", "coordinates": [ [ [ 126.955521300000015, 37.4979801 ], [ 126.9555146, 37.4979788 ], [ 126.9553781, 37.497941100000013 ], [ 126.955344900000014, 37.4979203 ], [ 126.9552966, 37.4978765 ], [ 126.9552638, 37.4978207 ], [ 126.955238400000013, 37.4977598 ], [ 126.955204800000018, 37.4976207 ], [ 126.955177, 37.4975652 ], [ 126.9551324, 37.4975228 ], [ 126.9548507, 37.4973249 ], [ 126.9547967, 37.4972607 ], [ 126.95477910000001, 37.4971756 ], [ 126.9547428, 37.4971441 ], [ 126.9546958, 37.4971315 ], [ 126.9545095, 37.4971449 ] ], [ [ 126.956867, 37.4982748 ], [ 126.956457499999985, 37.4981907 ], [ 126.955856200000014, 37.4980675 ], [ 126.955703199999988, 37.4980352 ], [ 126.955521300000015, 37.4979801 ] ], [ [ 126.957921200000015, 37.4973401 ], [ 126.958047500000021, 37.4975288 ], [ 126.957975500000018, 37.497559 ], [ 126.9578575, 37.4975994 ], [ 126.9574551, 37.497710099999985 ], [ 126.9571842, 37.497825 ], [ 126.9570609, 37.4978718 ], [ 126.9569643, 37.4978952 ], [ 126.95661290000001, 37.4979144 ], [ 126.95647390000002, 37.4979064 ], [ 126.955788399999989, 37.4979202 ], [ 126.955631100000019, 37.49795060000001 ], [ 126.9555642, 37.4979633 ], [ 126.955521300000015, 37.4979801 ] ] ] } },
{ "type": "Feature", "properties": { "종류": "경사", "text": "경사가 가파른 구간입니다.", "A점수": null, "node": null, "최대경사_pct": 19.6, "길이_m": 111.4, "학교": "중앙대", "합친_큐수": null, "audio_key": "b3aa4ebe5791", "cue_id": "중앙대_343" }, "geometry": { "type": "LineString", "coordinates": [ [ 126.9670457, 37.5060861 ], [ 126.9668191, 37.5060988 ], [ 126.96681150000002, 37.5061717 ], [ 126.9670395, 37.5066018 ], [ 126.9670279, 37.5068846 ] ] } },
{ "type": "Feature", "properties": { "종류": "경사", "text": "경사가 가파른 구간입니다.", "A점수": null, "node": null, "최대경사_pct": 17.3, "길이_m": 53.4, "학교": "중앙대", "합친_큐수": null, "audio_key": "b3aa4ebe5791", "cue_id": "중앙대_344" }, "geometry": { "type": "LineString", "coordinates": [ [ 126.9603117, 37.5104017 ], [ 126.9605879, 37.5102498 ], [ 126.9608034, 37.5101226 ] ] } },
{ "type": "Feature", "properties": { "종류": "경사", "text": "경사가 가파른 구간입니다.", "A점수": null, "node": null, "최대경사_pct": 17.3, "길이_m": 123.8, "학교": "중앙대", "합친_큐수": null, "audio_key": "b3aa4ebe5791", "cue_id": "중앙대_345" }, "geometry": { "type": "LineString", "coordinates": [ [ 126.962935200000018, 37.5099547 ], [ 126.9621734, 37.5108909 ] ] } },
{ "type": "Feature", "properties": { "종류": "경사", "text": "경사가 급할 수 있는 구간입니다.", "A점수": null, "node": null, "최대경사_pct": 12.3, "길이_m": 289.5, "학교": "중앙대", "합친_큐수": null, "audio_key": "9310d8dd910c", "cue_id": "중앙대_346" }, "geometry": { "type": "LineString", "coordinates": [ [ 126.947030900000016, 37.505232900000017 ], [ 126.947055, 37.5052384 ], [ 126.9470824, 37.505256 ], [ 126.94736589999998, 37.5055762 ], [ 126.9483457, 37.5060965 ], [ 126.9486837, 37.5061058 ], [ 126.9493056, 37.5064554 ], [ 126.949512400000017, 37.5065662 ], [ 126.9497024, 37.5066061 ] ] } },
{ "type": "Feature", "properties": { "종류": "경사", "text": "경사가 급할 수 있는 구간입니다.", "A점수": null, "node": null, "최대경사_pct": 12.4, "길이_m": 129.0, "학교": "중앙대", "합친_큐수": null, "audio_key": "9310d8dd910c", "cue_id": "중앙대_347" }, "geometry": { "type": "LineString", "coordinates": [ [ 126.9471924, 37.5135009 ], [ 126.9471946, 37.5135343 ], [ 126.94747940000002, 37.5134871 ], [ 126.947755, 37.513509300000031 ], [ 126.9480959, 37.51345 ], [ 126.948560599999979, 37.513501899999987 ], [ 126.948591300000018, 37.5135074 ] ] } },
{ "type": "Feature", "properties": { "종류": "경사", "text": "경사가 급할 수 있는 구간입니다.", "A점수": null, "node": null, "최대경사_pct": 11.5, "길이_m": 103.2, "학교": "중앙대", "합친_큐수": null, "audio_key": "9310d8dd910c", "cue_id": "중앙대_348" }, "geometry": { "type": "LineString", "coordinates": [ [ 126.9500872, 37.5019191 ], [ 126.9502484, 37.5020188 ], [ 126.9511068, 37.5023674 ] ] } },
{ "type": "Feature", "properties": { "종류": "경사", "text": "경사가 급할 수 있는 구간입니다.", "A점수": null, "node": null, "최대경사_pct": 9.1, "길이_m": 6.0, "학교": "중앙대", "합친_큐수": null, "audio_key": "9310d8dd910c", "cue_id": "중앙대_349" }, "geometry": { "type": "LineString", "coordinates": [ [ 126.9507319, 37.5126837 ], [ 126.950726100000011, 37.5127379 ] ] } },
{ "type": "Feature", "properties": { "종류": "경사", "text": "경사가 가파른 구간입니다.", "A점수": null, "node": null, "최대경사_pct": 16.7, "길이_m": 17.1, "학교": "중앙대", "합친_큐수": null, "audio_key": "b3aa4ebe5791", "cue_id": "중앙대_350" }, "geometry": { "type": "LineString", "coordinates": [ [ 126.949417399999987, 37.512662399999989 ], [ 126.9494369, 37.5127355 ], [ 126.949455, 37.5128139 ] ] } },
{ "type": "Feature", "properties": { "종류": "경사", "text": "경사가 급할 수 있는 구간입니다.", "A점수": null, "node": null, "최대경사_pct": 8.4, "길이_m": 7.1, "학교": "중앙대", "합친_큐수": null, "audio_key": "9310d8dd910c", "cue_id": "중앙대_351" }, "geometry": { "type": "LineString", "coordinates": [ [ 126.9507453, 37.5128835 ], [ 126.9507279, 37.5128211 ] ] } },
{ "type": "Feature", "properties": { "종류": "경사", "text": "경사가 급할 수 있는 구간입니다.", "A점수": null, "node": null, "최대경사_pct": 12.8, "길이_m": 10.0, "학교": "중앙대", "합친_큐수": null, "audio_key": "9310d8dd910c", "cue_id": "중앙대_352" }, "geometry": { "type": "LineString", "coordinates": [ [ 126.9495151, 37.5129658 ], [ 126.9494725, 37.5128819 ] ] } },
{ "type": "Feature", "properties": { "종류": "경사", "text": "경사가 가파른 구간입니다.", "A점수": null, "node": null, "최대경사_pct": 13.5, "길이_m": 3.9, "학교": "중앙대", "합친_큐수": null, "audio_key": "b3aa4ebe5791", "cue_id": "중앙대_353" }, "geometry": { "type": "LineString", "coordinates": [ [ 126.956663500000019, 37.5134942 ], [ 126.956652100000014, 37.5134819 ], [ 126.956638900000016, 37.5134654 ] ] } },
{ "type": "Feature", "properties": { "종류": "경사", "text": "경사가 매우 가파른 구간입니다.", "A점수": null, "node": null, "최대경사_pct": 28.2, "길이_m": 3568.6, "학교": "중앙대", "합친_큐수": null, "audio_key": "1d39e98c4963", "cue_id": "중앙대_354" }, "geometry": { "type": "MultiLineString", "coordinates": [ [ [ 126.957803900000016, 37.4988191 ], [ 126.957894, 37.4988501 ], [ 126.957992300000015, 37.4988467 ], [ 126.958078, 37.4988566 ], [ 126.9581326, 37.4988635 ], [ 126.9581683, 37.4988681 ], [ 126.9582064, 37.4988704 ], [ 126.9582379, 37.4988892 ], [ 126.9583037, 37.498920300000016 ], [ 126.958394399999989, 37.4989636 ], [ 126.9584945, 37.499039400000022 ], [ 126.958608, 37.4990674 ], [ 126.958761699999982, 37.4991011 ], [ 126.958882200000019, 37.4990873 ], [ 126.958964, 37.499085700000023 ], [ 126.9590288, 37.4990605 ], [ 126.9591483, 37.499037 ], [ 126.9592229, 37.4989553 ], [ 126.9591878, 37.4988893 ], [ 126.959164500000014, 37.4988412 ], [ 126.95912610000002, 37.498805400000016 ], [ 126.959150100000016, 37.4987855 ], [ 126.9592192, 37.4986629 ], [ 126.959337100000013, 37.4985823 ], [ 126.95945900190199, 37.498523690931187 ] ], [ [ 126.95945900190199, 37.498523690931187 ], [ 126.959355699999989, 37.49838170000001 ], [ 126.959331100000014, 37.4981834 ] ], [ [ 126.9595543, 37.498651 ], [ 126.9595127, 37.4985975 ], [ 126.95945900190199, 37.498523690931187 ] ], [ [ 126.95945900190199, 37.498523690931187 ], [ 126.9596156, 37.4984484 ], [ 126.959861500000017, 37.4983404 ], [ 126.9602067, 37.4981554 ], [ 126.9604754, 37.4980114 ], [ 126.9607763, 37.4979178 ], [ 126.96099580000002, 37.4979114 ] ], [ [ 126.9595543, 37.498651 ], [ 126.9597851, 37.4989569 ], [ 126.9598394, 37.499029 ], [ 126.9600069, 37.499174 ], [ 126.9599136, 37.4993238 ], [ 126.9599105, 37.4996541 ], [ 126.959918800000011, 37.5001522 ], [ 126.9601661, 37.5009024 ], [ 126.960245500000013, 37.500944899999986 ], [ 126.9602943, 37.5009689 ] ], [ [ 126.9622136, 37.4977212 ], [ 126.96223950000001, 37.4978267 ], [ 126.96223670000002, 37.4979177 ], [ 126.9622666, 37.4980056 ], [ 126.962251, 37.498096099999984 ], [ 126.962296800000018, 37.4981802 ], [ 126.962180100000012, 37.4981802 ], [ 126.9620701, 37.498158300000028 ], [ 126.9619588, 37.498133 ], [ 126.961890900000014, 37.4982085 ], [ 126.9618266, 37.4982843 ], [ 126.9617899, 37.4983743 ], [ 126.9618702, 37.4984378 ], [ 126.9619683, 37.498485700000018 ], [ 126.9620868, 37.4984987 ], [ 126.962162, 37.4985663 ], [ 126.9622519, 37.4986253 ], [ 126.962342199999981, 37.4986813 ], [ 126.962354, 37.498591100000013 ], [ 126.9624188, 37.498514900000011 ], [ 126.9624779, 37.4984373 ], [ 126.9625577, 37.4985056 ], [ 126.9626575, 37.498555200000013 ], [ 126.9627458, 37.4986117 ], [ 126.962790600000019, 37.4986966 ], [ 126.9628885, 37.4987428 ], [ 126.96284, 37.4988248 ], [ 126.9627393, 37.4988744 ], [ 126.962681700000019, 37.498952 ], [ 126.9625854, 37.4990009 ], [ 126.9624892, 37.49895080000001 ], [ 126.9623738, 37.4989443 ], [ 126.962307900000013, 37.4988675 ], [ 126.9622, 37.4988372 ], [ 126.9621083, 37.49878360000001 ], [ 126.9619936, 37.4987576 ], [ 126.9618901, 37.4987092 ], [ 126.9617873, 37.4986689 ], [ 126.9616849, 37.4986215 ], [ 126.961572299999986, 37.4985908 ], [ 126.9614592, 37.4985671 ], [ 126.9613432, 37.4985427 ], [ 126.9612223, 37.498542 ], [ 126.961107100000021, 37.4985526 ], [ 126.960993500000015, 37.4985503 ], [ 126.9608746, 37.4985459 ], [ 126.9607575, 37.4985542 ], [ 126.960641599999988, 37.498559 ], [ 126.960525700000019, 37.498556300000025 ], [ 126.960413, 37.4985694 ], [ 126.960298600000016, 37.49857 ], [ 126.960183700000016, 37.4985737 ], [ 126.960064, 37.4985901 ], [ 126.9599499, 37.4985859 ], [ 126.9598338, 37.4986005 ], [ 126.95971830000002, 37.4986008 ], [ 126.959604399999989, 37.4986368 ], [ 126.9595543, 37.498651 ] ], [ [ 126.9643982, 37.5031809 ], [ 126.9620992, 37.5031951 ], [ 126.9615829, 37.5031209 ], [ 126.9606931, 37.5028575 ], [ 126.960391900000019, 37.502244299999987 ], [ 126.9602279, 37.5018777 ], [ 126.9601293, 37.5016572 ], [ 126.9601132, 37.501510499999988 ], [ 126.9601547, 37.501191500000012 ], [ 126.9602943, 37.5009689 ] ], [ [ 126.9604845, 37.499609 ], [ 126.960518900000011, 37.5002613 ], [ 126.960489, 37.5005677 ], [ 126.960422, 37.5007737 ], [ 126.960361, 37.5009041 ], [ 126.9602943, 37.5009689 ] ], [ [ 126.96099580000002, 37.4979114 ], [ 126.9615853, 37.497937199999981 ], [ 126.9617764, 37.497959800000011 ], [ 126.962075700000014, 37.4979304 ], [ 126.962182299999981, 37.4978832 ], [ 126.9622136, 37.4977212 ] ], [ [ 126.96099580000002, 37.4979114 ], [ 126.961069, 37.4978727 ], [ 126.961174700000015, 37.497734 ], [ 126.961256, 37.4972663 ], [ 126.961256, 37.497105 ], [ 126.9612844, 37.4970534 ], [ 126.96135360000001, 37.4970115 ], [ 126.961455200000017, 37.496963099999988 ], [ 126.961637300000021, 37.496909 ], [ 126.961971600000012, 37.496816100000018 ], [ 126.9621164, 37.4967831 ], [ 126.962196300000016, 37.49675220000001 ], [ 126.962168, 37.4968093 ], [ 126.9620159, 37.496972899999989 ] ], [ [ 126.9622136, 37.4977212 ], [ 126.9621328, 37.497538600000013 ], [ 126.9619939, 37.4973958 ], [ 126.961894199999989, 37.4973083 ], [ 126.961839, 37.497259900000024 ] ], [ [ 126.961839, 37.497259900000024 ], [ 126.9616447, 37.49707020000001 ], [ 126.9620159, 37.496972899999989 ] ], [ [ 126.961839, 37.497259900000024 ], [ 126.9620159, 37.496972899999989 ] ], [ [ 126.9636652, 37.501211500000011 ], [ 126.9636128, 37.5012848 ], [ 126.9628529, 37.5011832 ], [ 126.962755500000014, 37.501429900000026 ], [ 126.9627314, 37.5015617 ], [ 126.9630411, 37.5016163 ], [ 126.963029799999987, 37.5016722 ] ], [ [ 126.963530700000021, 37.5011244 ], [ 126.9636652, 37.501211500000011 ] ], [ [ 126.9636652, 37.501211500000011 ], [ 126.9638205, 37.5012312 ], [ 126.963881200000017, 37.5012206 ], [ 126.963935500000019, 37.5011827 ], [ 126.963967600000018, 37.5011222 ], [ 126.9639626, 37.5010149 ], [ 126.963937900000019, 37.5008805 ], [ 126.9640829, 37.500964200000013 ], [ 126.964266, 37.501217200000021 ] ], [ [ 126.964300600000016, 37.5018422 ], [ 126.9642772, 37.5012375 ], [ 126.964266, 37.501217200000021 ] ], [ [ 126.964300600000016, 37.5018422 ], [ 126.9637385, 37.5017611 ], [ 126.9637539, 37.5017082 ], [ 126.9638132, 37.5014978 ], [ 126.9638805, 37.5013812 ], [ 126.964150100000012, 37.5012459 ], [ 126.964266, 37.501217200000021 ] ], [ [ 126.964300600000016, 37.5018422 ], [ 126.964353700000018, 37.5025015 ], [ 126.9643982, 37.5031809 ] ], [ [ 126.9643982, 37.5031809 ], [ 126.964418599999988, 37.5032079 ], [ 126.9644451, 37.5032289 ], [ 126.9644832, 37.5032427 ], [ 126.96468179999998, 37.5032973 ], [ 126.964934, 37.5033909 ], [ 126.9650362, 37.5035126 ], [ 126.965105600000015, 37.5035952 ], [ 126.9651415, 37.5036805 ], [ 126.9652022, 37.503825 ], [ 126.9652297, 37.503922 ], [ 126.965288, 37.5042335 ], [ 126.9653503, 37.5044812 ], [ 126.9654516, 37.5048048 ], [ 126.9656248, 37.505005 ], [ 126.965936400000018, 37.5052544 ], [ 126.9661238, 37.50550590000001 ], [ 126.9662642, 37.50567 ], [ 126.966702, 37.505481600000017 ], [ 126.9668414, 37.5052218 ], [ 126.967023600000019, 37.50496290000001 ] ] ] } },
{ "type": "Feature", "properties": { "종류": "경사", "text": "경사가 매우 가파른 구간입니다.", "A점수": null, "node": null, "최대경사_pct": 20.4, "길이_m": 521.8, "학교": "중앙대", "합친_큐수": null, "audio_key": "1d39e98c4963", "cue_id": "중앙대_355" }, "geometry": { "type": "LineString", "coordinates": [ [ 126.9554861, 37.5127502 ], [ 126.9555473, 37.5125777 ], [ 126.9556639, 37.512154200000019 ], [ 126.955773400000012, 37.5120877 ], [ 126.9559669, 37.511986 ], [ 126.9561278, 37.5118325 ], [ 126.956253700000019, 37.5117381 ], [ 126.9563166, 37.5115162 ], [ 126.9563563, 37.5114071 ], [ 126.9564262, 37.5113535 ], [ 126.956689600000018, 37.5112351 ], [ 126.9567946, 37.5111593 ], [ 126.9568808, 37.5110613 ], [ 126.9568668, 37.5108875 ], [ 126.956759600000012, 37.5106711 ], [ 126.9567293, 37.5105805 ], [ 126.956694, 37.5105084 ], [ 126.9564102, 37.5107685 ], [ 126.956109400000017, 37.5110644 ], [ 126.9560441, 37.5111791 ], [ 126.9559361, 37.5113665 ], [ 126.955869300000018, 37.511482300000026 ], [ 126.955762, 37.5116358 ], [ 126.955452, 37.5118762 ], [ 126.9552352, 37.5120982 ] ] } },
{ "type": "Feature", "properties": { "종류": "계단", "text": "근처에 계단이 있습니다.", "A점수": null, "node": null, "최대경사_pct": 0.6, "길이_m": 60.7, "학교": "중앙대", "합친_큐수": null, "audio_key": "47e5cfdf8e88", "cue_id": "중앙대_356" }, "geometry": { "type": "LineString", "coordinates": [ [ 126.9498684, 37.5030276 ], [ 126.9498277, 37.5029608 ], [ 126.94983790000002, 37.5027254 ], [ 126.9498692, 37.5025691 ], [ 126.9499162, 37.5024997 ] ] } },
{ "type": "Feature", "properties": { "종류": "계단", "text": "근처에 계단이 있습니다.", "A점수": null, "node": null, "최대경사_pct": 3.9, "길이_m": 40.0, "학교": "중앙대", "합친_큐수": null, "audio_key": "47e5cfdf8e88", "cue_id": "중앙대_357" }, "geometry": { "type": "LineString", "coordinates": [ [ 126.9480005, 37.5015333 ], [ 126.948051600000014, 37.5014336 ], [ 126.948172899999989, 37.5012897 ], [ 126.9481761, 37.5012692 ], [ 126.9481571, 37.501212299999985 ] ] } },
{ "type": "Feature", "properties": { "종류": "계단", "text": "근처에 계단이 있습니다.", "A점수": null, "node": null, "최대경사_pct": 25.9, "길이_m": 92.1, "학교": "중앙대", "합친_큐수": null, "audio_key": "47e5cfdf8e88", "cue_id": "중앙대_358" }, "geometry": { "type": "LineString", "coordinates": [ [ 126.948705, 37.4998532 ], [ 126.9487399, 37.4998555 ], [ 126.9496009, 37.5001653 ], [ 126.949631, 37.50012270000002 ] ] } },
{ "type": "Feature", "properties": { "종류": "계단", "text": "근처에 계단이 있습니다.", "A점수": null, "node": null, "최대경사_pct": 1.0, "길이_m": 23.3, "학교": "중앙대", "합친_큐수": null, "audio_key": "47e5cfdf8e88", "cue_id": "중앙대_359" }, "geometry": { "type": "LineString", "coordinates": [ [ 126.9652329, 37.5073487 ], [ 126.965355, 37.5075352 ] ] } },
{ "type": "Feature", "properties": { "종류": "계단", "text": "근처에 계단이 있습니다.", "A점수": null, "node": null, "최대경사_pct": 0.1, "길이_m": 37.8, "학교": "중앙대", "합친_큐수": null, "audio_key": "47e5cfdf8e88", "cue_id": "중앙대_360" }, "geometry": { "type": "LineString", "coordinates": [ [ 126.964032499999988, 37.5079425 ], [ 126.9641236, 37.508084 ], [ 126.964237, 37.508241 ] ] } },
{ "type": "Feature", "properties": { "종류": "계단", "text": "근처에 계단이 있습니다.", "A점수": null, "node": null, "최대경사_pct": 21.2, "길이_m": 45.7, "학교": "중앙대", "합친_큐수": null, "audio_key": "47e5cfdf8e88", "cue_id": "중앙대_361" }, "geometry": { "type": "LineString", "coordinates": [ [ 126.9510725, 37.5015005 ], [ 126.9508288, 37.501366800000014 ], [ 126.950646800000015, 37.5012666 ] ] } },
{ "type": "Feature", "properties": { "종류": "계단", "text": "근처에 계단이 있습니다.", "A점수": null, "node": null, "최대경사_pct": 31.5, "길이_m": 67.2, "학교": "중앙대", "합친_큐수": null, "audio_key": "47e5cfdf8e88", "cue_id": "중앙대_362" }, "geometry": { "type": "LineString", "coordinates": [ [ 126.9487898, 37.5012141 ], [ 126.948526300000012, 37.5010463 ], [ 126.9484735, 37.5010077 ], [ 126.9484342, 37.5009709 ], [ 126.9483908, 37.500928 ], [ 126.9483584, 37.500899900000014 ], [ 126.9483389, 37.5008748 ], [ 126.9483314, 37.500853 ], [ 126.9483183, 37.500767600000017 ] ] } },
{ "type": "Feature", "properties": { "종류": "계단", "text": "근처에 계단이 있습니다.", "A점수": null, "node": null, "최대경사_pct": 11.9, "길이_m": 28.4, "학교": "중앙대", "합친_큐수": null, "audio_key": "47e5cfdf8e88", "cue_id": "중앙대_363" }, "geometry": { "type": "LineString", "coordinates": [ [ 126.94954820000001, 37.5023033 ], [ 126.9493604, 37.5021994 ], [ 126.949284, 37.5021583 ] ] } },
{ "type": "Feature", "properties": { "종류": "계단", "text": "근처에 계단이 있습니다.", "A점수": null, "node": null, "최대경사_pct": 25.7, "길이_m": 24.6, "학교": "중앙대", "합친_큐수": null, "audio_key": "47e5cfdf8e88", "cue_id": "중앙대_364" }, "geometry": { "type": "LineString", "coordinates": [ [ 126.9532392, 37.5001859 ], [ 126.953121200000012, 37.500245500000027 ], [ 126.9529995, 37.5002985 ] ] } },
{ "type": "Feature", "properties": { "종류": "계단", "text": "근처에 계단이 있습니다.", "A점수": null, "node": null, "최대경사_pct": 41.2, "길이_m": 243.7, "학교": "중앙대", "합친_큐수": null, "audio_key": "47e5cfdf8e88", "cue_id": "중앙대_365" }, "geometry": { "type": "MultiLineString", "coordinates": [ [ [ 126.9630371, 37.5103292 ], [ 126.9629099, 37.5105387 ], [ 126.9625811, 37.5106271 ], [ 126.9621734, 37.5108909 ] ], [ [ 126.963117600000018, 37.5100994 ], [ 126.962935200000018, 37.5099547 ] ], [ [ 126.963117600000018, 37.5100994 ], [ 126.963509200000018, 37.510342 ], [ 126.963359, 37.5104356 ], [ 126.9630371, 37.5103292 ] ], [ [ 126.963117600000018, 37.5100994 ], [ 126.9630371, 37.5103292 ] ] ] } },
{ "type": "Feature", "properties": { "종류": "계단", "text": "근처에 계단이 있습니다.", "A점수": null, "node": null, "최대경사_pct": 4.4, "길이_m": 22.0, "학교": "중앙대", "합친_큐수": null, "audio_key": "47e5cfdf8e88", "cue_id": "중앙대_366" }, "geometry": { "type": "LineString", "coordinates": [ [ 126.9475763, 37.5131063 ], [ 126.9475821, 37.513122 ], [ 126.947706900000014, 37.5130954 ], [ 126.9477819, 37.5130747 ], [ 126.9477757, 37.5130599 ] ] } },
{ "type": "Feature", "properties": { "종류": "계단", "text": "근처에 계단이 있습니다.", "A점수": null, "node": null, "최대경사_pct": 4.8, "길이_m": 41.7, "학교": "중앙대", "합친_큐수": null, "audio_key": "47e5cfdf8e88", "cue_id": "중앙대_367" }, "geometry": { "type": "LineString", "coordinates": [ [ 126.9475936, 37.5134127 ], [ 126.947569299999984, 37.5133694 ], [ 126.9477725, 37.5133252 ], [ 126.9479133, 37.5132896 ], [ 126.9479368, 37.5133277 ] ] } },
{ "type": "Feature", "properties": { "종류": "계단", "text": "근처에 계단이 있습니다.", "A점수": null, "node": null, "최대경사_pct": 14.7, "길이_m": 695.8, "학교": "중앙대", "합친_큐수": null, "audio_key": "47e5cfdf8e88", "cue_id": "중앙대_368" }, "geometry": { "type": "LineString", "coordinates": [ [ 126.957803900000016, 37.4988191 ], [ 126.957782300000019, 37.4988465 ], [ 126.9577548, 37.4988526 ], [ 126.95771160000001, 37.4988623 ], [ 126.957676100000015, 37.4988716 ], [ 126.9576305, 37.4988807 ], [ 126.957499, 37.499003 ], [ 126.957331400000015, 37.4991828 ], [ 126.9571047, 37.4992785 ], [ 126.957069899999979, 37.49930410000001 ], [ 126.9570109, 37.4993339 ], [ 126.9569948, 37.49937 ], [ 126.956815099999986, 37.499436 ], [ 126.9567594, 37.4994733 ], [ 126.956694400000018, 37.4995424 ], [ 126.9566488, 37.4996616 ], [ 126.9565576, 37.4998658 ], [ 126.9564797, 37.5001244 ], [ 126.956465899999984, 37.500253900000018 ], [ 126.9564416, 37.5004599 ], [ 126.956455099999985, 37.500537500000014 ], [ 126.956441200000015, 37.500586399999989 ], [ 126.9564227, 37.5006169 ], [ 126.956388799999985, 37.5006609 ], [ 126.956282500000015, 37.5007673 ], [ 126.9562486, 37.5008137 ], [ 126.9562394, 37.500846700000011 ], [ 126.956234800000018, 37.5009164 ], [ 126.956200900000013, 37.5010337 ], [ 126.95615, 37.5011107 ], [ 126.9560899, 37.5011903 ], [ 126.9560283, 37.5012477 ], [ 126.955928200000017, 37.501338200000021 ], [ 126.955826500000015, 37.5014543 ], [ 126.9556463, 37.50165470000001 ], [ 126.955570800000018, 37.5017134 ], [ 126.955529199999987, 37.5017439 ], [ 126.9555015, 37.501769600000024 ], [ 126.955479900000014, 37.5017965 ], [ 126.9554198, 37.5018808 ], [ 126.955381299999985, 37.5019505 ], [ 126.955312599999985, 37.5020898 ], [ 126.9552599, 37.5023561 ], [ 126.9552424, 37.5024474 ], [ 126.955244100000016, 37.5025309 ], [ 126.9552505, 37.502681100000011 ], [ 126.9552588, 37.502837799999988 ], [ 126.9552581, 37.5029221 ], [ 126.9551949, 37.5031836 ], [ 126.9550994, 37.5034342 ], [ 126.955064, 37.503571 ], [ 126.9550609, 37.5036334 ], [ 126.9550301, 37.5036725 ], [ 126.955013, 37.5036997 ], [ 126.955004799999983, 37.5037127 ], [ 126.954996, 37.5037268 ], [ 126.954906600000015, 37.503747499999989 ], [ 126.9547922, 37.503777 ], [ 126.954726699999981, 37.5037804 ], [ 126.954674600000018, 37.5037725 ], [ 126.954596, 37.503750700000019 ], [ 126.954636, 37.5037302 ], [ 126.95463789999998, 37.5037138 ], [ 126.954633300000012, 37.503687 ], [ 126.95459630000002, 37.503589200000015 ], [ 126.9545391, 37.503581400000016 ] ] } },
{ "type": "Feature", "properties": { "종류": "계단", "text": "근처에 계단이 있습니다.", "A점수": null, "node": null, "최대경사_pct": 19.9, "길이_m": 52.6, "학교": "중앙대", "합친_큐수": null, "audio_key": "47e5cfdf8e88", "cue_id": "중앙대_369" }, "geometry": { "type": "LineString", "coordinates": [ [ 126.9592229, 37.4989553 ], [ 126.9592833, 37.4989861 ], [ 126.959322900000018, 37.4990019 ], [ 126.959385700000013, 37.4990271 ], [ 126.959573800000015, 37.4989966 ], [ 126.9597689, 37.4989592 ], [ 126.9597851, 37.4989569 ] ] } }
]
}
