연번,호선,외부역번호,역명,설치위치
1,1,133,서울역 (1),4호선 환승통로출구
2,1,133,서울역 (1),서울역측 개표소
3,1,133,서울역 (1),서울역측 발매기 앞 천장(142번 발매기 위)
4,1,133,서울역 (1),역무실 앞(자동발매기 앞 기둥)
5,1,133,서울역 (1),역무실 앞 중간개표소(내부) B계단 위
6,1,133,서울역 (1),2번출구(내부)
7,1,133,서울역 (1),2번출구(외부)
8,1,133,서울역 (1),E/V 앞 2번출구 하단
9,1,133,서울역 (1),E/V 앞 2번출구 상단
10,1,133,서울역 (1),대합실에서 승강장 가는 내부 1호기 E/V 앞 기둥
11,1,133,서울역 (1),화장실 앞
12,1,133,서울역 (1),북측 개표소(내부) 42번 개찰구 앞 기둥
13,1,133,서울역 (1),"4, 5번출구"
14,1,133,서울역 (1),3번출구(내부)
15,1,133,서울역 (1),3번출구(외부)
16,1,133,서울역 (1),4번출구 E/V 옆 하단
17,1,133,서울역 (1),5번출구(외부)
18,1,133,서울역 (1),"4, 5번출구 중간 외부 2호기 E/V 위"
19,1,133,서울역 (1),승강장 하선 1-2 앞 A계단 밑
20,1,133,서울역 (1),승강장 상선 7-3 앞 B계단 밑
21,1,133,서울역 (1),승강장 하선 7-1 내부 1호기 E/V 앞
22,1,133,서울역 (1),승강장 하선 8-2 앞 C계단 밑
23,1,133,서울역 (1),승강장 상선 1-1 앞 D계단 밑
24,1,133,서울역 (1),3번출구 뒤 외부 3호기 E/V 앞
25,1,133,서울역 (1),"2, 3호기 E/S 하단"
26,1,133,서울역 (1),"2, 3호기 E/S 상단"
27,1,133,서울역 (1),A계단 상단
28,1,133,서울역 (1),C계단 상단
29,1,133,서울역 (1),D계단 상단
30,1,133,서울역 (1),5번출구 밑
31,1,133,서울역 (1),4번출구 E/S 앞(하단)
32,1,133,서울역 (1),4번출구 E/S(상단) 외부 사인보드 안
33,1,133,서울역 (1),1번출구 외부 사인보드 안
34,1,132,시청 (1),1번출구 내부
35,1,132,시청 (1),6번출구 가는 측
36,1,132,시청 (1),7번출구 계단
37,1,132,시청 (1),6번출구 내부
38,1,132,시청 (1),6번출구 외부
39,1,132,시청 (1),을지로지하상가측
40,1,132,시청 (1),대합실 1호기 E/V 앞 내부
41,1,132,시청 (1),역무실 앞
42,1,132,시청 (1),"외부 1호기 E/V 앞(1, 2번출구사이)"
43,1,132,시청 (1),"A, B계단 중간 기둥"
44,1,132,시청 (1),"G, H계단 중간 기둥"
45,1,132,시청 (1),2번출구 계단 중간(외부)
46,1,132,시청 (1),3번출구 계단 중간(외부)
47,1,132,시청 (1),"2, 3번출구 내부"
48,1,132,시청 (1),"C, D계단 중간 기둥"
49,1,132,시청 (1),"E, F계단 중간 기둥"
50,1,132,시청 (1),화장실 앞
51,1,132,시청 (1),5번출구 캐노피 외부
52,1,132,시청 (1),승강장 상선 10-2
53,1,132,시청 (1),승강장 하선 2-1
54,1,132,시청 (1),승강장 상선 7-4
55,1,132,시청 (1),승강장 하선 4-1
56,1,132,시청 (1),승강장 상선 6-1
57,1,132,시청 (1),승강장 하선 5-4
58,1,132,시청 (1),승강장 상선 4-1
59,1,132,시청 (1),승강장 하선 7-4
60,1,132,시청 (1),승강장 상선 3-2 E/V 앞
61,1,132,시청 (1),승강장 하선 8-3 E/V 앞
62,1,132,시청 (1),승강장 상선 2-2
63,1,132,시청 (1),승강장 하선 9-3
64,1,132,시청 (1),"4, 5번출구 내부"
65,1,131,종각,2번출구 계단 위
66,1,131,종각,2번출구 계단 앞
67,1,131,종각,"5번출구 계단 앞(5, 6번출구 내부)"
68,1,131,종각,6번출구 계단
69,1,131,종각,5번출구 계단(외부)
70,1,131,종각,B 내부계단 위
71,1,131,종각,G 내부계단 옆
72,1,131,종각,역무실 자동발매기 위
73,1,131,종각,종로타워측(대합실 26번 기둥)
74,1,131,종각,지하1층 3번출구 계단 앞(내부)
75,1,131,종각,3번출구(외부)
76,1,131,종각,지하1층 4번출구 계단(내부)
77,1,131,종각,4번출구(외부)
78,1,131,종각,지하1층 외부 1호기 E/V
79,1,131,종각,화장실 앞
80,1,131,종각,D내부계단 앞(내려가는방향)
81,1,131,종각,135번 자동발매기 앞
82,1,131,종각,E내부계단옆
83,1,131,종각,7~11 통로 옆 개통로 지하상가 통로
84,1,131,종각,3번출구 앞 외부 1호기 E/V
85,1,131,종각,상선 10-1 종로3가측 A계단 밑
86,1,131,종각,상선 7-4 종로3가측 B계단 밑
87,1,131,종각,상선 내부1호기 E/V
88,1,131,종각,상선 6-1 앞 종로3가측 C계단 밑
89,1,131,종각,상선 1-4 앞 종로3가측 D계단 밑
90,1,131,종각,하선 1-4 시청측 H계단 밑
91,1,131,종각,하선 4-1 시청측 G계단 밑
92,1,131,종각,하선 4-4 E/V 시청측
93,1,131,종각,하선 5-4 종로3가측 F계단 밑
94,1,131,종각,하선 10-1 종로3가측 E계단 밑
95,1,131,종각,시청측 140번 자동발매기 위
96,1,131,종각,종각역에서 그랑서울측 연결통로 출구
97,1,131,종각,그랑서울에서 종각역 대합실 연결통로 
98,1,131,종각,"1번출구 내부 1, 2호기 E/S 밑"
99,1,131,종각,1번출구 뒤 외부 2호기 E/V 앞
100,1,131,종각,1번출구 외부 사인보드 안
101,1,131,종각,5번 개찰구 앞
102,1,131,종각,시청측 화장실 앞(그랑서울측)
103,1,130,종로3가 (1),1번출구 외부 사인보드 안
104,1,130,종로3가 (1),2번출구(외부)
105,1,130,종로3가 (1),2번출구(내부)
106,1,130,종로3가 (1),10번출구(외부)
107,1,130,종로3가 (1),11번출구(외부)
108,1,130,종로3가 (1),"10, 11번출구(내부)"
109,1,130,종로3가 (1),12번출구(외부)
110,1,130,종로3가 (1),13번출구(외부)
111,1,130,종로3가 (1),13번출구(내부)
112,1,130,종로3가 (1),지하1층 12번출구 E/V 앞
113,1,130,종로3가 (1),1층 12번출구 E/V 앞
114,1,130,종로3가 (1),14번출구 외부 사인보드 안
115,1,130,종로3가 (1),15번출구(외부)
116,1,130,종로3가 (1),15번출구(내부)
117,1,130,종로3가 (1),화장실 앞(종각측)
118,1,130,종로3가 (1),1번 개찰구 앞 기둥 위 천장
119,1,130,종로3가 (1),대합실 A계단
120,1,130,종로3가 (1),대합실 H계단
121,1,130,종로3가 (1),"1, 2, 14, 15번출구측 141번 자동발매기 위(종각측)"
122,1,130,종로3가 (1),11번 개찰구 앞 기둥
123,1,130,종로3가 (1),대합실 B계단 상단
124,1,130,종로3가 (1),대합실 G계단 상단
125,1,130,종로3가 (1),대합실 C계단 상단
126,1,130,종로3가 (1),대합실에서 상선 가는 내부 1호기 E/V 앞
127,1,130,종로3가 (1),대합실 F계단 상단
128,1,130,종로3가 (1),대합실에서 하선 가는 내부 2호기 E/V 앞
129,1,130,종로3가 (1),27번 개찰구 앞
130,1,130,종로3가 (1),종로5가측 150번 자동발매기 위
131,1,130,종로3가 (1),31번 개찰구 앞
132,1,130,종로3가 (1),화장실 앞(역무실측)
133,1,130,종로3가 (1),대합실 D계단
134,1,130,종로3가 (1),대합실 E계단
135,1,130,종로3가 (1),상선 10-4
136,1,130,종로3가 (1),상선 9-3
137,1,130,종로3가 (1),상선 7-3
138,1,130,종로3가 (1),상선 5-4
139,1,130,종로3가 (1),상선 4-4 E/V
140,1,130,종로3가 (1),상선 4-2
141,1,130,종로3가 (1),상선 2-2
142,1,130,종로3가 (1),상선 1-1
143,1,130,종로3가 (1),하선 1-1
144,1,130,종로3가 (1),하선 2-2
145,1,130,종로3가 (1),하선 4-2
146,1,130,종로3가 (1),하선 6-1 3호선 가는 E/S 앞 
147,1,130,종로3가 (1),하선 7-1
148,1,130,종로3가 (1),하선 7-3
149,1,130,종로3가 (1),하선 9-3
150,1,130,종로3가 (1),하선 10-4
151,1,129,종로5가,종로상가 앞 지하상가 가는 통로출구
152,1,129,종로5가,화장실 앞
153,1,129,종로5가,A내부계단
154,1,129,종로5가,H내부계단
155,1,129,종로5가,1번출구 내려가는 계단 앞(외부)
156,1,129,종로5가,2번출구 내려가는 계단 앞(외부)
157,1,129,종로5가,"1, 2번출구 올라가는 계단 앞"
158,1,129,종로5가,"3, 4번출구 올라가는 계단 앞"
159,1,129,종로5가,3번출구
160,1,129,종로5가,4번출구
161,1,129,종로5가,8번출구 내려가는 계단 앞(외부)
162,1,129,종로5가,7번출구 계단(외부)
163,1,129,종로5가,"지하1층 7, 8번출구(내부)"
164,1,129,종로5가,"지하1층 5, 6번출구 올라가는 계단 앞"
165,1,129,종로5가,6번출구(외부)
166,1,129,종로5가,5번출구 계단(외부)
167,1,129,종로5가,150번 자동발매기 앞(역무실 앞)
168,1,129,종로5가,"30, 31번 개찰구 앞"
169,1,129,종로5가,D내부계단
170,1,129,종로5가,E내부계단
171,1,129,종로5가,8번출구 올라가는 E/V 외부 1호기(하단)
172,1,129,종로5가,대합실 내려가는 E/V 외부 1호기(상단)
173,1,129,종로5가,상선 승강장 9-2
174,1,129,종로5가,상선 승강장 8-3 E/V
175,1,129,종로5가,동대문측 상선 승강장 7-3
176,1,129,종로5가,동대문측 상선 승강장 4-2
177,1,129,종로5가,동대문측 상선 승강장 2-3 계단 앞
178,1,129,종로5가,하선 승강장 2-3
179,1,129,종로5가,하선 승강장 3-2 E/V
180,1,129,종로5가,하선 4-2 종로3가측 올라가는 계단 앞
181,1,129,종로5가,하선 7-3 앞
182,1,129,종로5가,하선 9-2 앞
183,1,128,동대문(1),1번출구 외부 사인보드 안
184,1,128,동대문(1),4번출구 외부 사인보드 안
185,1,128,동대문(1),5번출구 외부 사인보드 안
186,1,128,동대문(1),6번출구 외부 사인보드 안
187,1,128,동대문(1),1번출구 게이트 앞
188,1,128,동대문(1),1호선 안내부스 앞
189,1,128,동대문(1),6번출구 게이트 앞
190,1,128,동대문(1),6번출구 외부 1호기 E/V(하단)
191,1,128,동대문(1),6번출구 외부 1호기 E/V(상단)
192,1,128,동대문(1),B내부계단(상단)
193,1,128,동대문(1),A내부계단(상단)
194,1,128,동대문(1),내부 1호기 E/V 상단
195,1,128,동대문(1),L내부계단(상단)
196,1,128,동대문(1),내부 2호기 E/V 앞(상단)
197,1,128,동대문(1),K내부계단(상단)
198,1,128,동대문(1),C내부계단(상단)
199,1,128,동대문(1),D내부계단(상단)
200,1,128,동대문(1),J내부계단(상단)
201,1,128,동대문(1),I내부계단(상단)
202,1,128,동대문(1),E내부계단(상단)
203,1,128,동대문(1),2번출구(상단)
204,1,128,동대문(1),3번출구(상단)
205,1,128,동대문(1),"2, 3번출구(하단)"
206,1,128,동대문(1),"4, 5번출구 계단(하단)"
207,1,128,동대문(1),남자 화장실 앞
208,1,128,동대문(1),여자 화장실 앞
209,1,128,동대문(1),대합실 E계단(상단)
210,1,128,동대문(1),대합실 F계단(상단)
211,1,128,동대문(1),대합실 H계단(상단)
212,1,128,동대문(1),대합실 G계단(상단)
213,1,128,동대문(1),상선 10-4 E/V 앞
214,1,128,동대문(1),상선 9-3 A계단(하단)
215,1,128,동대문(1),상선 8-4 B계단(하단)
216,1,128,동대문(1),상선 8-1 C계단(하단)
217,1,128,동대문(1),상선 6-3 D계단(하단)
218,1,128,동대문(1),상선 4-1 E계단(하단)
219,1,128,동대문(1),상선 2-1 F계단(하단)
220,1,128,동대문(1),하선 9-3 G계단(하단)
221,1,128,동대문(1),하선 7-4 H계단(하단)
222,1,128,동대문(1),하선 5-3 I계단(하단)
223,1,128,동대문(1),하선 3-4 J계단(하단)
224,1,128,동대문(1),하선 3-1 K계단(하단)
225,1,128,동대문(1),하선 2-1 E/V 앞
226,1,128,동대문(1),하선 1-3 4호선 환승계단
227,1,127,동묘앞,1번출구 계단 위
228,1,127,동묘앞,"지상1층 1, 10번출구 외부 1호기 E/V"
229,1,127,동묘앞,3번출구 계단 위(외부)
230,1,127,동묘앞,"3번출구 중층(11, 12호기 E/S 상단)"
231,1,127,동묘앞,3번출구 뒤 외부 2호기 E/V(지상)
232,1,127,동묘앞,지하1층 하선 1-2(내부 5호기 E/V)
233,1,127,동묘앞,"하선 2-3(5, 6호기 E/S 상단)"
234,1,127,동묘앞,하선 5-4(4호기 E/S 상단)
235,1,127,동묘앞,지하1층 하선 7-1 개찰구 밖(외부 2호기 E/V)
236,1,127,동묘앞,지하1층 하선 7-3(내부 4호기 E/V)
237,1,127,동묘앞,하선 7-4
238,1,127,동묘앞,하선 7-4 화장실 앞(3번출구측)
239,1,127,동묘앞,"하선 7-1 개찰구 밖(11, 12호기 E/S 하단)"
240,1,127,동묘앞,상선 10-3 E/V(내부 2호기 지하2층)
241,1,127,동묘앞,"상선 9-1 (1, 2호기 E/S 하부)"
242,1,127,동묘앞,지하2층 하선 1-2 (내부 5호기 E/V) 
243,1,127,동묘앞,"하선 1-4(5, 6호기 E/S 하부)"
244,1,127,동묘앞,상선 6-1(3호기 E/S 하부)
245,1,127,동묘앞,지하2층 상선 4-3(내부 3호기 E/V)
246,1,127,동묘앞,하선 5-4(4호기 E/S 하단)
247,1,127,동묘앞,지하2층 하선 7-3(내부 4호기 E/V) 
248,1,127,동묘앞,지하1층 상선 10-3(내부 2호기 E/V)
249,1,127,동묘앞,"상선 9-1(1, 2호기 E/S 상단)"
250,1,127,동묘앞,상선 6-1(3호기 E/S 상단)
251,1,127,동묘앞,지하1층 상선 6-2(내부 1호기 E/V)
252,1,127,동묘앞,지하1층 상선 4-3(내부 3호기 E/V)
253,1,127,동묘앞,상선 4-4(화장실)
254,1,127,동묘앞,"상선 4-4(9, 10호기 E/S 하단)"
255,1,127,동묘앞,"상선 4-4(9, 10호기 E/S 상단)"
256,1,127,동묘앞,역무실 옆 화장실
257,1,127,동묘앞,상선 6-1(내부 1호기 E/V)
258,1,127,동묘앞,2번출구 외부
259,1,127,동묘앞,지하1.5층 상선 10-3 계단 하단(내부 2호기 E/V)
260,1,127,동묘앞,"1, 10번출구(7, 8호기 E/S 하단)"
261,1,127,동묘앞,"지하1.5층 1, 10번출구(외부 1호기 E/V)"
262,1,127,동묘앞,"1, 10번출구(7, 8호기 E/S 상단)"
263,1,127,동묘앞,"지하0.5층 1, 10번출구(외부 1호기 E/V)"
264,1,126,신설동,6번출구 계단 벽(외부)
265,1,126,신설동,화장실측 환승통로 출구
266,1,126,신설동,하선 승강장 출구 내려 가는 곳
267,1,126,신설동,상선 승강장 출구 내려 가는 곳
268,1,126,신설동,6번출구 게이트 앞
269,1,126,신설동,우이신설 E/C 내려 가는 출구
270,1,126,신설동,2번출구 계단 벽
271,1,126,신설동,5번출구 계단 벽
272,1,126,신설동,"다, 라 대합실 외부 2호기 E/V 하"
273,1,126,신설동,"다, 라 대합실 내부 1호기 E/V 상"
274,1,126,신설동,"다, 라 대합실 4, 5번출구 가운데 내부 2호기 E/V 상"
275,1,126,신설동,"다, 라 대합실 4, 5번출구 가운데 외부 3호기 E/V 하"
276,1,126,신설동,3번출구 계단 벽
277,1,126,신설동,4번출구 계단 벽
278,1,126,신설동,상선 3-4 E/V
279,1,126,신설동,하선 8-1 E/V
280,1,126,신설동,상선 10-1 내부계단 아래 1
281,1,126,신설동,상선 4-4 내부계단 아래 2
282,1,126,신설동,상선 3-1 내부계단 아래 3
283,1,126,신설동,하선 8-4 내부계단 아래 1
284,1,126,신설동,하선 7-2 내부계단 아래 2
285,1,126,신설동,하선 2-1 내부계단 아래 3
286,1,124,청량리,5번출구 외부 캐노피 안
287,1,124,청량리,5번출구 올라가는 E/S 앞
288,1,124,청량리,5번출구 지하 1층에서 L건물 통로 앞
289,1,124,청량리,5번출구방향
290,1,124,청량리,4번출구(내부)
291,1,124,청량리,화장실 앞
292,2,238,합정,"5, 6번출구 가는 6호선 환승통로"
293,2,238,합정,당산방면 140번 자동발매기 앞
294,2,238,합정,승강장 가는(외선측) 14번 개찰구 앞 기둥
295,2,238,합정,승강장 가는 내부 1호기 E/V 앞 외선측
296,2,238,합정,대합실~승강장 가는 내부 2호기 E/V 앞(내선)
297,2,238,합정,화장실 앞
298,2,238,합정,내선측 홍대 방면 E내부계단
299,2,238,합정,135번 자동발매기 앞 신도림 방면(외선측)
300,2,238,합정,1번출구 계단 앞 외부
301,2,238,합정,1번출구(내부)
302,2,238,합정,2번출구 외부 E/S 앞
303,2,238,합정,4번출구 외부 계단 앞
304,2,238,합정,4번출구(내부)
305,2,238,합정,3번출구 외부 계단 앞
306,2,238,합정,4번출구 뒤 1호기 외부 E/V 앞(지상)
307,2,238,합정,승강장 외선 2-3 6호선 환승출구
308,2,238,합정,승강장 외선 4-1 앞
309,2,238,합정,승강장 외선 7-1 앞
310,2,238,합정,승강장 외선 8-4
311,2,238,합정,승강장 내선 9-2 6호선 환승출구
312,2,238,합정,승강장 내선 7-4 앞
313,2,238,합정,승강장 내선 4-3 앞
314,2,238,합정,승강장 내선 3-1 앞
315,2,238,합정,1번출구 뒤 외부 E/V 앞
316,2,238,합정,2번출구(내부)
317,2,238,합정,2번출구 통로 앞
318,2,239,홍대입구,1번출구 외부 사인보드 안
319,2,239,홍대입구,1번출구 내부
320,2,239,홍대입구,9번출구측 자동발매기 앞
321,2,239,홍대입구,대합실 14번 개찰구
322,2,239,홍대입구,9번출구 내부
323,2,239,홍대입구,9번출구 계단 중간 외부
324,2,239,홍대입구,2번출구 내부
325,2,239,홍대입구,2번출구 천정 외부
326,2,239,홍대입구,8번출구 외부
327,2,239,홍대입구,8번출구 내부
328,2,239,홍대입구,8번출구 옆 외부 1호기 E/V
329,2,239,홍대입구,역무실 옆 천정
330,2,239,홍대입구,승강장 6번 기둥
331,2,239,홍대입구,"승강장 14번 기둥 1, 2호기 E/S 하단"
332,2,239,홍대입구,승강장 23번 기둥
333,2,239,홍대입구,승강장 내부 1호기 E/V 앞
334,2,239,홍대입구,승강장 31번 기둥
335,2,239,홍대입구,"공항철도 가는 3, 4번출구 통로 끝(개찰구 외부통로)"
336,2,239,홍대입구,"3, 4번출구 가는 통로 중간"
337,2,239,홍대입구,"3, 4번출구 가는 통로 중간"
338,2,239,홍대입구,"3, 4번출구 가는 통로 중간"
339,2,239,홍대입구,"3, 4번출구 가는 통로 중간"
340,2,239,홍대입구,"3, 4번출구 가는 통로 중간"
341,2,239,홍대입구,여자 화장실 앞
342,2,239,홍대입구,남자 화장실 앞
343,2,239,홍대입구,대합실 28번 기둥 46번 개찰구 앞
344,2,239,홍대입구,개찰구 내부 공항철도 환승통로
345,2,239,홍대입구,26번 기둥 역무실 앞(개찰구 앞)
346,2,239,홍대입구,5~7번출구 공항철도 환승통로 끝
347,2,241,이대,1번출구 외부
348,2,241,이대,2번출구 외부
349,2,241,이대,"1, 2번출구 내부"
350,2,241,이대,3번출구 계단 중간
351,2,241,이대,4번출구 외부
352,2,241,이대,"3, 4번출구 내부 천정"
353,2,241,이대,4번 개찰구 앞 기둥
354,2,241,이대,역무실 앞 천정
355,2,241,이대,20번 개찰구 앞 기둥
356,2,241,이대,지하2층 6번출구 외부 1호기 E/V 앞
357,2,241,이대,6번출구 외부
358,2,241,이대,1층 6번출구 뒤 외부 1호기 E/V
359,2,241,이대,5번출구 외부
360,2,241,이대,5번출구 내부
361,2,241,이대,화장실 앞
362,2,241,이대,6번출구 내부 천정
363,2,241,이대,1~4번출구측 자동발매기 천정
364,2,241,이대,"서쪽 승강장 3, 4호기 E/S 천정"
365,2,241,이대,"승강장 1, 2호기 E/S 밑 천정"
366,2,241,이대,"1, 2번출구 뒤 E/V 내부"
367,2,241,이대,"1, 2번출구 뒤 E/V 외부"
368,2,242,아현,1번출구 외부 2호기 E/V 상단
369,2,242,아현,1번출구 외부 2호기 E/V 하단
370,2,202,을지로입구,덕수궁 가는 연결통로 계단 앞
371,2,202,을지로입구,덕수궁방면 자동발매기 위
372,2,202,을지로입구,5번 개찰구 위(H계단)
373,2,202,을지로입구,외선측 25번 개찰구 내부(C계단 앞)
374,2,202,을지로입구,내선측 32번 개찰구 내부(G계단 앞)
375,2,202,을지로입구,자동발매기 위(38번 개찰구 옆)
376,2,202,을지로입구,"7, 8번출구 내부"
377,2,202,을지로입구,7번출구 외부
378,2,202,을지로입구,"5, 6번출구 내부"
379,2,202,을지로입구,6번출구 외부
380,2,202,을지로입구,5번출구 외부
381,2,202,을지로입구,"3, 4번출구 내부"
382,2,202,을지로입구,4번출구
383,2,202,을지로입구,3번출구
384,2,202,을지로입구,외선 3가측 대합실 42번 개찰구 옆 기둥
385,2,202,을지로입구,내선 3가측 55번 개찰구 위
386,2,202,을지로입구,지하상가측 대합실 135번 자동발매기 앞
387,2,202,을지로입구,지하상가측 화장실 앞
388,2,202,을지로입구,"을지로2, 3가측 연결통로"
389,2,202,을지로입구,승강장 외선 1-3 앞 계단
390,2,202,을지로입구,외선 4-3 앞
391,2,202,을지로입구,외선 승강장 5-3 E/V 앞
392,2,202,을지로입구,외선 6-3 계단 앞
393,2,202,을지로입구,외선 10-2 계단 앞
394,2,202,을지로입구,승강장 내선 10-2 계단 앞
395,2,202,을지로입구,내선 7-2 앞
396,2,202,을지로입구,내선 6-1 승강장 E/V 앞
397,2,202,을지로입구,내선 5-2 앞
398,2,202,을지로입구,내선 1-3 앞
399,2,202,을지로입구,2호선 내려가는 5번출구 뒤 외부 2호기 E/V 앞
400,2,202,을지로입구,"5, 6번출구 올라가는 외부 2호기 E/V 앞"
401,2,202,을지로입구,"1, 2번출구 내부"
402,2,202,을지로입구,1번출구
403,2,202,을지로입구,2번출구
404,2,202,을지로입구,1번출구 옆 외부 1호기 E/V(지상)
405,2,202,을지로입구,지하1층 1번출구측 대합실~외부간 외부 1호기 E/V 앞
406,2,202,을지로입구,"1, 2번출구 중층"
407,2,202,을지로입구,1번출구 내부
408,2,203,을지로3가 (2),1번출구
409,2,203,을지로3가 (2),"1, 2번출구, 11, 12번출구 사이 기둥"
410,2,203,을지로3가 (2),12번출구 내부
411,2,203,을지로3가 (2),2번출구 내부
412,2,203,을지로3가 (2),11번출구(내부 우측 천정)
413,2,203,을지로3가 (2),12번출구 계단 중간
414,2,203,을지로3가 (2),2번출구 계단 중간
415,2,203,을지로3가 (2),외선측 15번 개찰구 천정
416,2,203,을지로3가 (2),자동발매기 앞 천정
417,2,203,을지로3가 (2),내선측 5번 개찰구 천정
418,2,203,을지로3가 (2),11번출구
419,2,203,을지로3가 (2),동측 외선측 개찰구 내부 1호기 E/V 앞 
420,2,203,을지로3가 (2),동측 내선측 개찰구 내부 2호기 E/V 앞
421,2,203,을지로3가 (2),"4가측, 동측 개찰구 31번 기둥"
422,2,203,을지로3가 (2),화장실 앞
423,2,203,을지로3가 (2),3호선 환승통로 가는 39번 기둥
424,2,203,을지로3가 (2),내선 승강장 10-4
425,2,203,을지로3가 (2),내선 승강장 9-2
426,2,203,을지로3가 (2),내선 승강장 7-3
427,2,203,을지로3가 (2),내선 승강장 4-1
428,2,203,을지로3가 (2),내선 승강장 3-3 E/V 앞
429,2,203,을지로3가 (2),내선 승강장 2-2
430,2,203,을지로3가 (2),3호선 가는 환승통로 출구
431,2,203,을지로3가 (2),외선 승강장 1-1
432,2,203,을지로3가 (2),외선 승강장 2-2
433,2,203,을지로3가 (2),외선 승강장 4-1
434,2,203,을지로3가 (2),외선 승강장 7-3
435,2,203,을지로3가 (2),외선 승강장 1호기 E/V 앞
436,2,203,을지로3가 (2),외선 승강장 9-2
437,2,203,을지로3가 (2),3호선 가는 환승통로 출구(외선측)
438,2,203,을지로3가 (2),"11, 12번출구측 신축 E/V 앞 내부"
439,2,203,을지로3가 (2),12번출구(외부 E/V 천정)
440,2,204,을지로4가,F내부계단 2호기 E/V 앞
441,2,204,을지로4가,대합실 11번 기둥 앞 140번 자동발매기 위 
442,2,204,을지로4가,"1, 2번출구 내부"
443,2,204,을지로4가,1번출구 계단 외부
444,2,204,을지로4가,2번출구 외부
445,2,204,을지로4가,9번출구 상(출구 안내판 내부) 사인보드 안
446,2,204,을지로4가,9번출구 하(대합실)
447,2,204,을지로4가,10번출구(출구 안내판 내부) 사인보드 안
448,2,204,을지로4가,10번출구 E/V(지하1층)
449,2,204,을지로4가,10번출구 E/V 지상
450,2,204,을지로4가,화장실 앞
451,2,204,을지로4가,"C내부계단 앞 상(26, 27번 개찰구)"
452,2,204,을지로4가,역무실 옆 자동발매기 위(역무실 옆 기둥)
453,2,204,을지로4가,"D내부계단 앞(30, 31번 개찰구 내부) 상"
454,2,204,을지로4가,"5, 6번출구 내부"
455,2,204,을지로4가,5번출구 계단 앞 외부 사인보드 안
456,2,204,을지로4가,6번출구 계단 앞
457,2,204,을지로4가,"7, 8번출구 내부"
458,2,204,을지로4가,8번출구 계단 앞
459,2,204,을지로4가,7번출구 계단 앞
460,2,204,을지로4가,외부 E/V 앞(7번출구 우측 화단)
461,2,204,을지로4가,외선 승강장 2-3 앞
462,2,204,을지로4가,외선 승강장 3-1 E/V 앞
463,2,204,을지로4가,외선 승강장 4-2 앞
464,2,204,을지로4가,외선 승강장 8-1 앞 5호선 환승통로 출구
465,2,204,을지로4가,승강장 외선 9-2 앞
466,2,204,을지로4가,승강장 내선 9-2 앞
467,2,204,을지로4가,승강장 내선 8-3 E/V 앞
468,2,204,을지로4가,승강장 내선 7-4 앞
469,2,204,을지로4가,5호선 환승 내선 3-4 앞
470,2,204,을지로4가,승강장 내선 2-4 앞
471,2,204,을지로4가,5번출구 내부
472,2,205,동대문역사문화공원(2),1번출구 내부
473,2,205,동대문역사문화공원(2),1번출구 외부
474,2,205,동대문역사문화공원(2),외부로 가는 내부 1호기 E/V 앞
475,2,205,동대문역사문화공원(2),"1번출구 가는 7, 8번 개찰구 앞 기둥"
476,2,205,동대문역사문화공원(2),내부 A계단(외선측)
477,2,205,동대문역사문화공원(2),"내부 G, H계단(내선측)"
478,2,205,동대문역사문화공원(2),4호선 환승 마지막 계단(가게이트 계단 위)
479,2,205,동대문역사문화공원(2),"4, 5호선 갈아타는 환승통로"
480,2,205,동대문역사문화공원(2),화장실 앞 천정
481,2,205,동대문역사문화공원(2),C 내부계단(외선) E/V 앞
482,2,205,동대문역사문화공원(2), F 계단 E/V 앞
483,2,205,동대문역사문화공원(2),고객안내센터 20번 개찰구 옆
484,2,205,동대문역사문화공원(2),고객안내센터 위
485,2,205,동대문역사문화공원(2),2번출구 내부
486,2,205,동대문역사문화공원(2),3번출구 내부
487,2,205,동대문역사문화공원(2),2번출구(외부) 계단 벽
488,2,205,동대문역사문화공원(2),3번출구 E/S 앞 기둥 외부
489,2,205,동대문역사문화공원(2),승강장 내선 9-1 앞(4호선 환승통로 출구)
490,2,205,동대문역사문화공원(2),승강장 내선 8-2 앞
491,2,205,동대문역사문화공원(2),G계단 승강장 내선 6-3 앞
492,2,205,동대문역사문화공원(2),승강장 내선 4-1 앞
493,2,205,동대문역사문화공원(2),승강장 내선 3-2 E/V 앞
494,2,205,동대문역사문화공원(2),승강장 내선 2-3 앞
495,2,205,동대문역사문화공원(2),승강장 외선 2-4 앞(4호선 환승통로 출구)
496,2,205,동대문역사문화공원(2),승강장 외선 3-4 앞
497,2,205,동대문역사문화공원(2),승강장 외선 5-3 앞
498,2,205,동대문역사문화공원(2),승강장 외선 7-4 앞
499,2,205,동대문역사문화공원(2),승강장 외선 8-3 E/V 앞
500,2,205,동대문역사문화공원(2),승강장 외선 9-3 앞
501,2,206,신당,1번출구
502,2,206,신당,1번출구 내부
503,2,206,신당,140번 자동발매기 위
504,2,206,신당,대합실 11번 기둥 천정
505,2,206,신당,4번출구 내부
506,2,206,신당,4번출구
507,2,206,신당,15번 개찰구(내) 외선측 1호기 E/V 앞(B계단)
508,2,206,신당,내선측 1번 개찰구 내 2호기 E/V 앞(G계단)
509,2,206,신당,화장실 앞 천정
510,2,206,신당,외선측 20번 개찰구(내부) C계단
511,2,206,신당,내선측 34번 개찰구(내부) F계단
512,2,206,신당,대합실 33번 기둥 위 천정
513,2,206,신당,151번 자동발매기 위 천정
514,2,206,신당,2번출구 내부
515,2,206,신당,3번출구 내부
516,2,206,신당,3번출구 E/S 위 외부 사인보드 안
517,2,206,신당,외선 승강장 1-1 앞 6호선 환승통로
518,2,206,신당,외선 승강장 2-4 앞
519,2,206,신당,외선 승강장 3-4 E/V 앞
520,2,206,신당,외선 승강장 4-3 앞
521,2,206,신당,외선 승강장 7-2 앞
522,2,206,신당,외선 승강장 9-1 앞
523,2,206,신당,내선 승강장 10-4 앞
524,2,206,신당,내선 승강장 8-4 앞
525,2,206,신당,내선 승강장 7-4 E/V 앞
526,2,206,신당,내선 승강장 7-1 앞
527,2,206,신당,내선 승강장 4-2 앞
528,2,206,신당,내선 승강장 2-4 계단 앞
529,2,207,상왕십리,"신당측 외선 승강장 가는 A, B계단 사이"
530,2,207,상왕십리,"신당측 내선 승강장 가는 G, H계단 사이"
531,2,207,상왕십리,신당측 7번 개찰구 앞
532,2,207,상왕십리,6번출구 외부 계단 앞
533,2,207,상왕십리,"5, 6번출구 내부 "
534,2,207,상왕십리,화장실 앞
535,2,207,상왕십리,5번출구
536,2,207,상왕십리,왕십리측 내선 승강장 가는 2호기 E/V 앞
537,2,207,상왕십리,왕십리측 외선 승강장 가는 계단 위 1호기 E/V 앞
538,2,207,상왕십리,4번출구 외부
539,2,207,상왕십리,4번출구 내부
540,2,207,상왕십리,2번출구 외부 계단 앞
541,2,207,상왕십리,"2, 3번출구 중간 내부"
542,2,207,상왕십리,3번출구 외부 계단 앞
543,2,207,상왕십리,외선 승강장 2-4 계단 앞
544,2,207,상왕십리,내선 승강장 9-1 계단 앞
545,2,207,상왕십리,외선 승강장 4-4 계단 앞
546,2,207,상왕십리,내선 승강장 7-1 계단 앞
547,2,207,상왕십리,외선 승강장 7-1 계단 앞
548,2,207,상왕십리,내선 승강장 2-4 계단 앞
549,2,207,상왕십리,외선 승강장 7-4 1호기 E/V 앞
550,2,207,상왕십리,내선 승강장 4-1 E/V 앞
551,2,207,상왕십리,외선 승강장 9-1 계단 앞
552,2,207,상왕십리,내선 승강장 4-4 계단 앞
553,2,207,상왕십리,대합실 1-1 외부 가는 E/V 앞
554,2,207,상왕십리,"2, 3번출구 내부"
555,2,207,상왕십리,1번출구 외부 계단 앞 외부 사인보드
556,2,207,상왕십리,1번출구 중간
557,2,207,상왕십리,1번출구 내부
558,2,207,상왕십리,1-1 외부 사인보드 안
559,2,207,상왕십리,1-1 외부 E/V 앞
560,2,207,상왕십리,1-1 E/V 중간층 앞
561,2,207,상왕십리,1-1 E/S 중간층 앞
562,2,207,상왕십리,1-1 E/S 내부 앞
563,2,207,상왕십리,1-1 나가는 대합실 출구
564,2,208,왕십리,1번출구 계단
565,2,208,왕십리,2번출구 계단
566,2,208,왕십리,3번출구 E/S 위
567,2,208,왕십리,7번출구 계단 앞
568,2,208,왕십리,8번출구 계단
569,2,208,왕십리,9번출구 계단
570,2,208,왕십리,10번출구 계단 앞
571,2,208,왕십리,11번출구 계단
572,2,208,왕십리,"1, 2, 10, 11번출구 내부"
573,2,208,왕십리,"7, 8, 9번출구 통로 내부"
574,2,208,왕십리,3번출구 내부
575,2,208,왕십리,8번출구 내부
576,2,208,왕십리,상왕십리 외선측 13번 개찰구 위
577,2,208,왕십리,상왕십리 내선측 4번 개찰구 위
578,2,208,왕십리,역무실 옆 140번 자동발매기 위
579,2,208,왕십리,5호선 중앙선 환승통로 출구 기둥(역무실 앞)
580,2,208,왕십리,"4, 5번출구 내부 천정"
581,2,208,왕십리,6-1번출구 24번 개찰구 앞 발매기 앞 기둥 
582,2,208,왕십리,6-1출구측 화장실 앞
583,2,208,왕십리,한양대측 외선 승강장 가는 D계단 위 중앙선환승
584,2,208,왕십리,내선 승강장 7호기 E/S 내려가는 앞 
585,2,208,왕십리,한양대측 내선 승강장 가는 좌측계단(내부 2호기 E/V 옆)
586,2,208,왕십리,"한양대측 중앙선 가는 환승 E/S 앞(6번출구측), E계단 뒤 상단"
587,2,208,왕십리,6번출구측 자동발매기 위(한양대측)
588,2,208,왕십리,"6번출구(내부, 천정)"
589,2,208,왕십리,6번출구 계단 중간
590,2,208,왕십리,대합실 한양대측 151번 자동발매기 위 천정
591,2,208,왕십리,내선 승강장 9-3
592,2,208,왕십리,내선 승강장 7-3
593,2,208,왕십리,내선 승강장 6-2 5호선 환승통로
594,2,208,왕십리,내선 승강장 5-1 계단 앞
595,2,208,왕십리,내선 승강장 3-1 8호기 E/S
596,2,208,왕십리,내선 승강장 3-1 계단
597,2,208,왕십리,내선 승강장 2-4 5호기 E/S
598,2,208,왕십리,외선 승강장 2-3 A계단 밑
599,2,208,왕십리,외선 승강장 4-2 B계단 밑
600,2,208,왕십리,외선 승강장 5-4 5호선 중앙선 환승
601,2,208,왕십리,외선 승강장 6-4 1호선 중앙선 출구 환승통로
602,2,208,왕십리,외선 승강장 7-1 3호기 E/S 앞
603,2,208,왕십리,외선 승강장 8-2 중앙선 환승출구
604,2,208,왕십리,외선 승강장 9-1 D내부계단 아래
605,2,209,한양대,내선 4-1 내부 2호기 E/V 앞
606,2,209,한양대,지하1층 대합실 성수 가는 내부 2호기 E/V 앞(한양대측)
607,2,209,한양대,외선 3-1 내부 1호기 E/V 앞
608,2,209,한양대,1번출구 외부
609,2,209,한양대,1번출구 내부
610,2,209,한양대,왕십리쪽 1번출구 가는 연결통로 가는 출구
611,2,209,한양대,왕십리측 외선 가는 12번 게이트 앞 2호기 E/V
612,2,209,한양대,한양대측 내선 가는 5번 게이트 앞 1호기 E/V
613,2,209,한양대,한양대측 2번출구 내부
614,2,209,한양대,4번출구(육교 가는)
615,2,209,한양대,대합실 뚝섬측 게이트 앞 3번출구 연결통로
616,2,209,한양대,한양대 4번출구 외부 E/V(1층)
617,2,209,한양대,4번출구 육교 위 E/V(2층)
618,2,209,한양대,4번출구 육교 계단 앞(전주)
619,2,209,한양대,역무실 옆
620,2,209,한양대,"대합실 뚝섬측 게이트 앞 C, D계단 중간(24번 개찰구 내부)"
621,2,209,한양대,"뚝섬측 E, F 계단 중간"
622,2,209,한양대,3번출구 대합실 내부
623,2,209,한양대,3번출구 외부
624,2,209,한양대,화장실 앞
625,2,209,한양대,승강장 외선 1-1 끝
626,2,209,한양대,승강장 외선 10-4
627,2,209,한양대,외선 2-3 앞
628,2,209,한양대,내선 9-2 앞
629,2,209,한양대,외선 3-2 E/V 앞
630,2,209,한양대,내선 8-4 E/V 앞
631,2,209,한양대,외선 4-2 앞
632,2,209,한양대,내선 7-3 앞
633,2,209,한양대,외선 7-2 앞
634,2,209,한양대,내선 4-2 앞
635,2,209,한양대,외선 9-1 앞
636,2,209,한양대,내선 2-4 앞
637,2,209,한양대,내선 10-4 앞 끝
638,2,209,한양대,내선 1-1 앞
639,2,212,건대입구,외선 1-1
640,2,212,건대입구,외선 5-2
641,2,212,건대입구,외선 5-3 E/V 앞
642,2,212,건대입구,외선 7-2
643,2,212,건대입구,외선 8-3
644,2,212,건대입구,외선 10-4
645,2,212,건대입구,내선 10-4
646,2,212,건대입구,내선 7-3 E/V
647,2,212,건대입구,내선 6-3
648,2,212,건대입구,내선 4-2
649,2,212,건대입구,내선 3-2
650,2,212,건대입구,내선 1-1
651,2,212,건대입구,1번출구 외부(한림타워 연결통로)
652,2,212,건대입구,1번출구 내부
653,2,212,건대입구,성수측 141번 자동발매기 위
654,2,212,건대입구,6번출구 외부
655,2,212,건대입구,6번출구 내부
656,2,212,건대입구,1번 개찰구 앞
657,2,212,건대입구,외부 1호기 E/V 내부
658,2,212,건대입구,6번출구 뒤 외부 1호기 E/V
659,2,212,건대입구,대합실 A계단
660,2,212,건대입구,대합실 F계단
661,2,212,건대입구,역무실 앞 내부 1호기 E/V
662,2,212,건대입구,여자 화장실 앞
663,2,212,건대입구,남자 화장실 앞
664,2,212,건대입구,대합실 B계단
665,2,212,건대입구,대합실 E계단
666,2,212,건대입구,대합실 C계단
667,2,212,건대입구,대합실 D계단
668,2,212,건대입구,21번 개찰구 앞
669,2,212,건대입구,구의측 151번 자동발매기 위
670,2,212,건대입구,2번출구 내부
671,2,212,건대입구,2번출구 외부
672,2,212,건대입구,5번출구 내부
673,2,212,건대입구,5번출구 외부
674,2,214,강변,B내부계단 가는(성수측)
675,2,214,강변,E내부계단 가는(잠실측)
676,2,214,강변,GATE기 앞(안내부스 앞 기둥)
677,2,214,강변,1번출구
678,2,214,강변,4번출구 앞
679,2,214,강변,1번출구 자동발매기
680,2,214,강변,4번출구 왼쪽 충전기
681,2,214,강변,화장실 앞
682,2,214,강변,2번출구
683,2,214,강변,2번출구 앞
684,2,214,강변,3번출구 앞
685,2,214,강변,3번출구 
686,2,214,강변,3번출구 GATE 앞
687,2,214,강변,C내부계단 아래
688,2,214,강변,D내부계단 아래
689,2,214,강변,A내부계단 위 외선 3-1
690,2,214,강변,외선 4-2 E/V 위
691,2,214,강변,B내부계단 위 외선 5-2
692,2,214,강변,C내부계단 위 외선 8-3
693,2,214,강변,F내부계단 E/S 위 내선 9-1
694,2,214,강변,잠실나루측 내선 7-3 E/V 위
695,2,214,강변,B내부계단 측 위 내선 6-3
696,2,214,강변,D내부계단 위
697,2,214,강변,F내부계단 E/S 밑
698,2,216,잠실,1번출구 내부 천정 
699,2,216,잠실,"1, 2번출구 내부(92번 물품보관함 위)"
700,2,216,잠실,2번출구 내부 천정
701,2,216,잠실,화장실 앞
702,2,216,잠실,8번출구 가는 쇼핑센터 앞 기둥
703,2,216,잠실,외선 승강장 가는 B계단
704,2,216,잠실,내선 승강장 가는 H계단
705,2,216,잠실,79번 개찰구 천장
706,2,216,잠실,7번출구측 지하상가 가는 기둥
707,2,216,잠실,대합실 중간 151번 자동발매기 위
708,2,216,잠실,145번 자동발매기 위
709,2,216,잠실,잠실새내측 155번 자동발매기 위
710,2,216,잠실,외선 승강장 가는 45번 개찰구 내부 기둥
711,2,216,잠실,외선 승강장 8호선 환승출구
712,2,216,잠실,외선 4-1 앞
713,2,216,잠실,외선 5-2 승강장 E/V 앞
714,2,216,잠실,B계단 아래 외선 5-4 앞
715,2,216,잠실,외선 7-2 앞
716,2,216,잠실,외선 9-1 앞
717,2,216,잠실,외선 10-4
718,2,216,잠실,8호선 환승출구 내선승강장
719,2,216,잠실,H계단 아래 내선 7-3 앞
720,2,216,잠실,내선 6-3 내선 E/V 앞
721,2,216,잠실,내선 2-3 앞
722,2,216,잠실,내선 1-1 앞
723,2,216,잠실,1번출구 내부 E/V 앞
724,2,216,잠실,2-1번출구 내부
725,2,216,잠실,1번출구 뒤 외부 E/V 앞
726,2,216,잠실,역사 외부 롯데빌딩 지하 광장 화장실 앞 
727,2,216,잠실,119번 개찰구 앞→19번 개찰구 위
728,2,216,잠실,내선 4-4 앞
729,2,216,잠실,외선 C계단 상
730,2,216,잠실,내선 5-2 E/S 앞
731,2,216,잠실,내선 F계단 위
732,2,216,잠실,"7, 8호기 E/S 상단"
733,2,217,잠실새내,1번출구 외부
734,2,217,잠실새내,1번출구 내부
735,2,217,잠실새내,8번출구 외부
736,2,217,잠실새내,8번출구 내부
737,2,217,잠실새내,"1, 8번출구측 자동발매기 옆"
738,2,217,잠실새내,1번 개찰구(내부기둥)
739,2,217,잠실새내,외선측 13번 개찰구(내부)
740,2,217,잠실새내,외선 C 내부계단
741,2,217,잠실새내,E계단 앞 E/V
742,2,217,잠실새내,2~7번출구측 자동발매기
743,2,217,잠실새내,2번출구 뒤 외부 2호기 E/V(외부)
744,2,217,잠실새내,2번출구측 외부 2호기 E/V(내부)
745,2,217,잠실새내,2번출구
746,2,217,잠실새내,2번출구 내부
747,2,217,잠실새내,화장실 앞
748,2,217,잠실새내,7번출구측 외부 1호기 E/V(외부)
749,2,217,잠실새내,7번출구측 외부 1호기 E/V(내부)
750,2,217,잠실새내,7번출구 E/S 내부
751,2,217,잠실새내,7번출구
752,2,217,잠실새내,3번출구 외부
753,2,217,잠실새내,"3, 4번출구 내부"
754,2,217,잠실새내,4번출구 외부
755,2,217,잠실새내,6번출구
756,2,217,잠실새내,"5, 6번출구 내부"
757,2,217,잠실새내,5번출구
758,2,217,잠실새내,외선 1-2 앞
759,2,217,잠실새내,외선 3-3 앞
760,2,217,잠실새내,외선 5-2
761,2,217,잠실새내,외선 6-3
762,2,217,잠실새내,외선 7-4 E/V 앞
763,2,217,잠실새내,외선 8-2 앞
764,2,217,잠실새내,외선 10-4 앞
765,2,217,잠실새내,내선 10-3 앞
766,2,217,잠실새내,내선 8-1 앞
767,2,217,잠실새내,내선 6-2 앞
768,2,217,잠실새내,내선 5-1 앞
769,2,217,잠실새내,내선 4-1 E/V 앞
770,2,217,잠실새내,내선 3-2 앞
771,2,217,잠실새내,내선 1-3 앞
772,2,217,잠실새내,내선 1-3 앞
773,2,218,종합운동장,1번출구 외부 사인보드 안
774,2,218,종합운동장,2번출구 외부
775,2,218,종합운동장,"신천측 1, 8번출구측 화장실"
776,2,218,종합운동장,대합실 7번 개찰구 내부
777,2,218,종합운동장,A계단 위
778,2,218,종합운동장,B계단 위
779,2,218,종합운동장,"1, 2번출구사이"
780,2,218,종합운동장,고객센터 앞
781,2,218,종합운동장,34번 외선개찰구 앞
782,2,218,종합운동장,C계단 좌측
783,2,218,종합운동장,D계단 
784,2,218,종합운동장,3번출구 외부
785,2,218,종합운동장,4번출구 외부
786,2,218,종합운동장,8번출구 외부
787,2,218,종합운동장,8번출구측 1번 개찰구 앞
788,2,218,종합운동장,내선측 기둥 내부 2번 E/V 앞 G계단 위
789,2,218,종합운동장,내선 H내부계단 위
790,2,218,종합운동장,6번출구 장애인 외부 1호기 E/V(지상)
791,2,218,종합운동장,7번출구 외부
792,2,218,종합운동장,6번출구
793,2,218,종합운동장,6번출구 외부 1번 E/V 앞
794,2,218,종합운동장,48번 내선 개찰구 앞
795,2,218,종합운동장,내선 삼성방면 E 내부계단
796,2,218,종합운동장,내선 삼성방면 F 내부계단
797,2,218,종합운동장,5번출구 외부
798,2,218,종합운동장,"나측 3, 4번출구측 화장실"
799,2,218,종합운동장,승강장 내선 9-3 계단 좌측
800,2,218,종합운동장,승강장 내선 8-2 장애인 E/V
801,2,218,종합운동장,승강장 내선 7-3 계단 우측
802,2,218,종합운동장,승강장 내선 5-4 계단 좌측
803,2,218,종합운동장,승강장 내선 3-4 계단 우측
804,2,218,종합운동장,승강장 외선 2-1 계단 우측
805,2,218,종합운동장,승강장 외선 2-4 장애인 E/V
806,2,218,종합운동장,승강장 외선 4-1 계단 좌측
807,2,218,종합운동장,승강장 외선 5-4 계단 우측
808,2,218,종합운동장,승강장 외선 8-1 계단 좌측
809,2,218,종합운동장,역무실 앞 13번 기둥
810,2,218,종합운동장,8번출구 밑
811,2,219,삼성,1번출구 위
812,2,219,삼성,2번출구 위
813,2,219,삼성,"1, 2번출구 통로"
814,2,219,삼성,1번출구 외부 1호기 E/V(지하)
815,2,219,삼성,1번출구 외부 1호기 E/V(지상)
816,2,219,삼성,"7, 8번출구측 방화셔터 내부 점자판 뒤"
817,2,219,삼성,외부 3호기 E/V 아래
818,2,219,삼성,8번출구 앞 외부 3호기 E/V 위
819,2,219,삼성,"7, 8번출구 연결계단 앞"
820,2,219,삼성,8번출구 위(입구)
821,2,219,삼성,7번출구 E/S 아래
822,2,219,삼성,"1, 2번출구 측 1번 GATE 앞"
823,2,219,삼성,A내부계단 위 / 내부 E/V 위
824,2,219,삼성,"1, 2, 7, 8번출구 GATE / B내부계단 위"
825,2,219,삼성,화장실 앞
826,2,219,삼성,역무실 앞 153번 자동발매기
827,2,219,삼성,역무실 GATE기 앞 
828,2,219,삼성,"3, 4번출구 연결통로 내부"
829,2,219,삼성,4번출구 위(입구)
830,2,219,삼성,3번출구 E/S 위(입구)
831,2,219,삼성,C내부계단 위
832,2,219,삼성,D내부계단 위
833,2,219,삼성,"5, 6번출구 통로 밑 계단"
834,2,219,삼성,6번출구 위(입구)
835,2,219,삼성,5번출구 위(입구)
836,2,219,삼성,선릉측 9-2 / A내부계단 아래
837,2,219,삼성,내부 E/V 아래 / 내선 8-3
838,2,219,삼성,선릉측 7-4 / B내부계단 아래
839,2,219,삼성,선릉측 3-3 / C내부계단 아래
840,2,219,삼성,선릉측 1-4 / D내부계단 아래
841,2,219,삼성,"3, 4, 5, 6번출구측 개찰구 옆 점자판 뒤"
842,2,219,삼성,4번출구 외부 E/V 위
843,2,219,삼성,4번출구 내부 E/V 아래
844,2,219,삼성,4번출구 가는측
845,2,219,삼성,7번출구 E/S 위(LED전광판 내부)
846,2,221,역삼,1번출구 외부
847,2,221,역삼,2번출구 외부
848,2,221,역삼,2번출구 내부
849,2,221,역삼,"1, 2번출구 E/S 앞 기둥"
850,2,221,역삼,7번출구
851,2,221,역삼,8번출구
852,2,221,역삼,5~8번출구 E/S 앞 기둥
853,2,221,역삼,"B2 대합실 1, 2호기 E/S 가는 계단 앞 "
854,2,221,역삼,"내선 개찰구 앞 G, H계단 사이(강남측)"
855,2,221,역삼,"B2 대합실 계단 앞 3, 4호기 E/S "
856,2,221,역삼,대합실 화장실
857,2,221,역삼,내선 44번 개찰구 위(강남측)
858,2,221,역삼,외선 33번 개찰구 위(선릉측)
859,2,221,역삼,4번출구 지상 2호기 E/V 앞
860,2,221,역삼,3번출구 외부 1호기 E/V(지상)
861,2,221,역삼,4번출구 내부 2호기 E/V 앞
862,2,221,역삼,승강장 내선 9-4 계단
863,2,221,역삼,승강장 내선 7-4 계단
864,2,221,역삼,승강장 내선 5-2 계단
865,2,221,역삼,승강장 내선 4-1 E/V 앞
866,2,221,역삼,승강장 내선 3-2
867,2,221,역삼,승강장 외선 2-1
868,2,221,역삼,승강장 외선 4-2
869,2,221,역삼,승강장 외선 6-3
870,2,221,역삼,승강장 외선 7-3 E/V 앞
871,2,221,역삼,승강장 외선 8-3
872,2,221,역삼,"1, 2번출구 내부"
873,2,221,역삼,5번출구 외부
874,2,221,역삼,5번출구 내부
875,2,221,역삼,대합실 선릉측 안내센터 앞 142번 자동발매기
876,2,221,역삼,3번출구 내부
877,2,221,역삼,3번출구 E/S 중간
878,2,221,역삼,4번출구 E/S 외부
879,2,221,역삼,"외선 개찰구 앞 A, B계단 사이(선릉측)"
880,2,222,강남,역무실 옆 화장실 앞
881,2,222,강남,B내부계단
882,2,222,강남,G내부계단
883,2,222,강남,142번 자동발매기 위
884,2,222,강남,셔터 기둥 위 (구)자동발매기 27번 기둥
885,2,222,강남,F계단 내부
886,2,222,강남,D계단 내부
887,2,222,강남,"5, 6, 7, 8번출구측 게이트 외부 발매기"
888,2,222,강남,외선 승강장 2-2
889,2,222,강남,외선 승강장 4-2
890,2,222,강남,외선 승강장 7-2
891,2,222,강남,외선 승강장 8-1 E/V 앞
892,2,222,강남,외선 승강장 9-2
893,2,222,강남,내선 승강장 9-3
894,2,222,강남,내선 승강장 7-3
895,2,222,강남,내선 승강장 4-3
896,2,222,강남,내선 승강장 3-4 E/V 앞
897,2,222,강남,내선 승강장 2-3
898,2,224,서초,화장실 앞
899,2,224,서초,B내부계단 E/V 앞
900,2,224,서초,G내부계단 E/V 앞
901,2,224,서초,"1, 2번출구측 1호기 외부 E/V 앞 내부"
902,2,224,서초,1번출구
903,2,224,서초,"1, 2번출구 내부"
904,2,224,서초,2번출구
905,2,224,서초,8번출구
906,2,224,서초,"7, 8번출구 내부"
907,2,224,서초,7번출구
908,2,224,서초,"대합실 1, 8번출구 중간벽"
909,2,224,서초,3번출구 내부
910,2,224,서초,"3, 4번출구 내부"
911,2,224,서초,4번출구 내부
912,2,224,서초,외선 승강장 가는 C내부계단
913,2,224,서초,내선 승강장 가는 F계단
914,2,224,서초,5번출구 계단 중간
915,2,224,서초,"5, 6번출구 내부"
916,2,224,서초,6번출구 외부
917,2,224,서초,외선 1-4 앞
918,2,224,서초,내선 9-4 앞
919,2,224,서초,내선 9-1 E/V 앞
920,2,224,서초,외선 2-4 내부 1호기 E/V 앞
921,2,224,서초,외선 3-3 앞
922,2,224,서초,내선 8-1 앞
923,2,224,서초,외선 7-3 앞
924,2,224,서초,내선 4-1 앞
925,2,224,서초,외선 9-2 앞
926,2,224,서초,내선 2-3 앞
927,2,224,서초,서초역 대합실 내려가는 E/S 앞
928,2,224,서초,방배동 서울고교방면 외부 2호기 E/V 앞
929,2,224,서초,서초역 내려가는 3번출구 계단 앞
930,2,224,서초,"사랑교회 나가는 3, 4번출구 중간 기둥"
931,2,224,서초,서초역 내려가는 E/V 앞(4번출구 뒤)
932,2,224,서초,서초역 내려가는 4번출구 E/S 앞 외부
933,2,224,서초,1번출구 뒤 외부 1호기 E/V 앞
934,2,225,방배,화장실 앞 
935,2,225,방배,"내부 G, H계단 중간"
936,2,225,방배,"A, B내부계단 중간"
937,2,225,방배,1번출구 외부(계단 중간)
938,2,225,방배,1번출구 내부
939,2,225,방배,화장실 출구 옆 자동발매기 위
940,2,225,방배,4번출구 내부
941,2,225,방배,4번출구 외부 사인보드안
942,2,225,방배,2번출구 
943,2,225,방배,2번출구 내부
944,2,225,방배,3번출구 내부
945,2,225,방배,3번출구측 외부 1호기 E/V 내부
946,2,225,방배,3번출구측 외부 1호기 E/V 외부
947,2,225,방배,3번출구 외부
948,2,225,방배,24번 개찰구 내부 
949,2,225,방배,C계단 내부 E/V 앞 
950,2,225,방배,F계단 내부 E/V 앞 
951,2,225,방배,내선 9-1 
952,2,225,방배,내선 7-2 
953,2,225,방배,내선 승강장 4-1 
954,2,225,방배,내선 3-1 E/V 앞 
955,2,225,방배,내선 2-1 
956,2,225,방배,외선 승강장 2-3 앞 
957,2,225,방배,외선 승강장 4-3 앞 
958,2,225,방배,외선 승강장 7-4 앞 
959,2,225,방배,외선 8-3 E/V 앞 
960,2,225,방배,외선 9-4 앞 
961,2,226,사당 (2),1번출구
962,2,226,사당 (2),2번출구
963,2,226,사당 (2),"1, 2번출구 내부"
964,2,226,사당 (2),"가 화장실 앞(1, 2번출구측)"
965,2,226,사당 (2),14번출구 E/S 앞
966,2,226,사당 (2),13번출구 외부
967,2,226,사당 (2),"13, 14번출구 내부"
968,2,226,사당 (2),"대합실 외부 1호기 E/V 앞(13, 14번출구측 내부)"
969,2,226,사당 (2),"13번출구 뒤 외부 1호기 E/V 앞(13, 14번출구 중간)"
970,2,226,사당 (2),대합실에서 승강장 가는 내부 1호기 E/V(외선)
971,2,226,사당 (2),19번 개찰구 앞
972,2,226,사당 (2),6번 개찰구 앞
973,2,226,사당 (2),자동발매기 142번 위
974,2,226,사당 (2),내부 1호기 E/V 앞(4호선 가는 길)
975,2,226,사당 (2),24번 개찰구 앞
976,2,226,사당 (2),승차권 176번 자동발매기 앞
977,2,226,사당 (2),5번출구 E/S 앞
978,2,226,사당 (2),6번출구
979,2,226,사당 (2),"5, 6번출구 내부"
980,2,226,사당 (2),"나 화장실 앞(5, 6, 7, 8번출구측)"
981,2,226,사당 (2),"7, 8번출구 내부"
982,2,226,사당 (2),7번출구
983,2,226,사당 (2),8번출구 캐노피 내부
984,2,226,사당 (2),외선 승강장 1-1
985,2,226,사당 (2),내선 승강장 10-4
986,2,226,사당 (2),외선 3-3
987,2,226,사당 (2),내선 8-1
988,2,226,사당 (2),외선 4-4 E/V 앞
989,2,226,사당 (2),내선 6-3 E/V 앞
990,2,226,사당 (2),외선 8-1
991,2,226,사당 (2),내선 3-3
992,2,226,사당 (2),외선 10-1
993,2,226,사당 (2),내선 1-3
994,2,226,사당 (2),"지상1층 6번출구 올라가는 E/V 앞(5, 6번출구 내부)"
995,2,226,사당 (2),지하1층 내려가는 E/V 앞(6번출구 뒤)
996,2,227,낙성대,1번출구 외부 사인보드안
997,2,227,낙성대,"1, 2번출구 내부"
998,2,227,낙성대,2번출구
999,2,227,낙성대,8번출구 사인보드
1000,2,227,낙성대,7번출구 내부
1001,2,227,낙성대,7번출구
1002,2,227,낙성대,외선측 개찰구 B계단 내부
1003,2,227,낙성대,내선측 개찰구 G계단 내부
1004,2,227,낙성대,역무실(우측)
1005,2,227,낙성대,6번출구로 가는 대합실 외부 1호기 E/V 앞
1006,2,227,낙성대,3번출구 외부
1007,2,227,낙성대,"3, 4번출구 내부"
1008,2,227,낙성대,4번출구 외부
1009,2,227,낙성대,외선측 E/V 앞(C계단 위)
1010,2,227,낙성대,화장실 앞
1011,2,227,낙성대,내선측 E/V 앞(F계단 위)
1012,2,227,낙성대,6번출구 외부
1013,2,227,낙성대,6번출구 앞 외부 1호기 E/V
1014,2,227,낙성대,승강장 외선 2-2 앞
1015,2,227,낙성대,승강장 외선 4-1 앞
1016,2,227,낙성대,승강장 외선 7-3 앞
1017,2,227,낙성대,승강장 외선 8-2 앞 1호기 E/V
1018,2,227,낙성대,승강장 외선 9-2 앞
1019,2,227,낙성대,승강장 내선 2-3 앞
1020,2,227,낙성대,승강장 내선 3-3 앞 2호기 E/V
1021,2,227,낙성대,승강장 내선 4-2 앞
1022,2,227,낙성대,승강장 내선 7-4
1023,2,227,낙성대,승강장 내선 9-3 앞
1024,2,227,낙성대,5번출구 E/S 내부
1025,2,227,낙성대,5번출구 외부 사인보드안
1026,2,227,낙성대,8번출구 내부
1027,2,228,서울대입구,1번출구 외부
1028,2,228,서울대입구,2번출구 외부
1029,2,228,서울대입구,"1, 2번출구 내부"
1030,2,228,서울대입구,지하1층 3번출구 E/S 천정
1031,2,228,서울대입구,4번출구 외부
1032,2,228,서울대입구,"3, 4번출구 앞(천정)"
1033,2,228,서울대입구,5번출구 외부
1034,2,228,서울대입구,6번출구 외부
1035,2,228,서울대입구,외부-대합실 1호기 E/V(대합)
1036,2,228,서울대입구,"5, 6번출구 내부"
1037,2,228,서울대입구,7번출구 외부
1038,2,228,서울대입구,8번출구 외부
1039,2,228,서울대입구,"7, 8번출구 계단 앞(벽)"
1040,2,228,서울대입구,C계단 기둥 위 E/S 앞
1041,2,228,서울대입구,9번 개찰구 앞 19번 기둥(대합실 천정) 
1042,2,228,서울대입구,23번 게이트 앞 천정
1043,2,228,서울대입구,승강장-대합 내부 1호기 E/V 24번 기둥
1044,2,228,서울대입구,대합실 26번 기둥 D계단(역무실 앞)
1045,2,228,서울대입구,13번 기둥 대합실 A계단 앞 E/S 앞
1046,2,228,서울대입구,화장실 앞
1047,2,228,서울대입구,30번 기둥 E계단 앞(대합실)
1048,2,228,서울대입구,5번출구 뒤 외부 1호기 E/V
1049,2,228,서울대입구,A계단 밑 E/S(승강장 내선 8-4)
1050,2,228,서울대입구,승강장 외선 7-4
1051,2,228,서울대입구,승강장 외선 8-4 E/S E계단
1052,2,228,서울대입구,B계단 밑 내선 7-4
1053,2,228,서울대입구,승강장 외선 6-3 내부 1호기 E/V 
1054,2,228,서울대입구,승강장 외선 5-3 E/S
1055,2,228,서울대입구,2번출구 뒤 2호기 E/V 외부
1056,2,228,서울대입구,2번출구측 2호기 E/V 내부
1057,2,228,서울대입구,"1, 2번출구 연결통로"
1058,2,228,서울대입구,3번출구 E/S 앞 외부
1059,2,228,서울대입구,4번출구 E/S(중간)
1060,2,228,서울대입구,4번출구 E/S(대합)
1061,2,228,서울대입구,2번 기둥(승강장 끝)
1062,2,228,서울대입구,41번 기둥(승강장 끝)
1063,2,228,서울대입구,"5, 6번출구측(물품보관함)"
1064,2,229,봉천,1번출구 외부
1065,2,229,봉천,"1, 2번출구 내부"
1066,2,229,봉천,2번출구 외부
1067,2,229,봉천,3번출구 내부
1068,2,229,봉천,4번출구 내부
1069,2,229,봉천,5번출구 외부
1070,2,229,봉천,A계단 내부
1071,2,229,봉천,화장실 앞
1072,2,229,봉천,역무실 왼측
1073,2,229,봉천,C내부계단 앞
1074,2,229,봉천,"5, 6번출구 내부"
1075,2,229,봉천,3번출구 외부
1076,2,229,봉천,6번출구 E/S 외부
1077,2,229,봉천,4번출구 외부
1078,2,229,봉천,내선 8-4 앞
1079,2,229,봉천,내선 7-1 앞
1080,2,229,봉천,승강장 E/S 앞 내선 6-1 앞
1081,2,229,봉천,승강장 외선 6-3 E/V 앞
1082,2,229,봉천,승강장 내선 4-3 C계단 벽
1083,2,229,봉천,승강장 외선 8-4 앞
1084,2,229,신림,4번출구 외부 사인보드안
1085,2,231,신대방,대합실 A계단 앞
1086,2,231,신대방,대합실 H계단 앞
1087,2,231,신대방,대합실 외부 가는 외부 1호기 E/V 앞
1088,2,231,신대방,외부 통로 앞 외부 1호기 E/V
1089,2,231,신대방,"신림측 대합실 1, 2번 개찰구 앞"
1090,2,231,신대방,4번출구 계단 앞 내부
1091,2,231,신대방,4번출구 계단 앞 외부
1092,2,231,신대방,"2, 3번출구 계단 앞"
1093,2,231,신대방,3번출구 계단 앞
1094,2,231,신대방,"대합실 대림측 28, 29번 개찰구 앞"
1095,2,231,신대방,대합실 D계단 앞
1096,2,231,신대방,대합실 E계단 앞
1097,2,231,신대방,170번 자동발매기 위(신림측)
1098,2,231,신대방,자동발매기 위(대림측)
1099,2,231,신대방,승강장 외선 2-3 앞 A계단 위
1100,2,231,신대방,승강장 내선 9-1 앞 H계단 위
1101,2,231,신대방,승강장 외선 3-3 내부 1호기 E/V 앞
1102,2,231,신대방,승강장 내선 8-1 E/V 앞
1103,2,231,신대방,승강장 외선 4-3 E/S 앞
1104,2,231,신대방,승강장 내선 7-1 E/S 앞
1105,2,231,신대방,승강장 외선 8-3 앞 C계단 위
1106,2,231,신대방,승장장 내선 3-1 앞
1107,2,231,신대방,승강장 외선 10-3 앞 D계단 위
1108,2,231,신대방,승장장 내선 1-2 앞 E계단 위
1109,2,231,신대방,역무실 앞 화장실 앞
1110,2,231,신대방,1번출구 계단 앞 내부
1111,2,231,신대방,1번출구 계단 앞 외부
1112,2,231,신대방,외선 승장강 6-3 앞 고객대기실
1113,2,231,신대방,외선 승장장 7-1 앞 고객대기실
1114,2,231,신대방,내선 승장장 5-1 앞 고객대기실
1115,2,231,신대방,내선 승장장 4-3 앞 고객대기실
1116,2,232,구로디지털단지,4번출구
1117,2,232,구로디지털단지,"4, 5번출구 중간"
1118,2,232,구로디지털단지,6번출구
1119,2,232,구로디지털단지,6번출구(내부)
1120,2,232,구로디지털단지,신대방측 140번 자동발매기 위
1121,2,232,구로디지털단지,신대방측 개찰구 앞(1번)
1122,2,232,구로디지털단지,대합실 외선측(내부) B계단
1123,2,232,구로디지털단지,대합실 내선측(내부) G계단
1124,2,232,구로디지털단지,화장실 앞
1125,2,232,구로디지털단지,대림측 대합실 외선측(내부) D계단
1126,2,232,구로디지털단지,대림측 대합실 내선측(내부) E계단
1127,2,232,구로디지털단지,대림측 승차권발매기 앞
1128,2,232,구로디지털단지,"2, 3번출구 중간"
1129,2,232,구로디지털단지,"2, 3번출구 외부 2호기 E/V(외부)"
1130,2,232,구로디지털단지,2번출구 외부
1131,2,232,구로디지털단지,3번출구 외부
1132,2,232,구로디지털단지,5번출구 외부
1133,2,232,구로디지털단지,1번출구(내부)
1134,2,232,구로디지털단지,승강장 외선 2-3 앞 A계단 위
1135,2,232,구로디지털단지,승강장 외선 3-4 E/V 앞
1136,2,232,구로디지털단지,승강장 외선 4-3 앞 B계단 위
1137,2,232,구로디지털단지,승강장 외선 6-3 앞
1138,2,232,구로디지털단지,승강장 외선 8-3 앞 D계단 위
1139,2,232,구로디지털단지,승강장 내선 8-4
1140,2,232,구로디지털단지,승강장 내선 7-4 E/V 앞
1141,2,232,구로디지털단지,승강장 내선 7-1 앞
1142,2,232,구로디지털단지,승강장 내선 5-1 앞
1143,2,232,구로디지털단지,승강장 내선 3-1 앞
1144,2,234,신도림,외부 화장실 앞
1145,2,234,신도림,내부 화장실 앞
1146,2,234,신도림,"1번출구 내부 37, 38번 개찰구 앞"
1147,2,234,신도림,화장실측 지선(까치산)승강장 가는 F계단 위
1148,2,234,신도림,역무실 앞 승강장 가는 E계단 
1149,2,234,신도림,출퇴근용 승강장 가는 M계단 위
1150,2,234,신도림,1호선 환승하는 연결통로 기둥
1151,2,234,신도림,역무실 앞 승강장 가는 D계단
1152,2,234,신도림,지선(까지산) 가는 지하통로 G계단 위
1153,2,234,신도림,출퇴근용 승강장 가는 중앙계단(L) 위
1154,2,234,신도림,대합실 사당(잠실) 승강장 가는 B계단
1155,2,234,신도림,지선(까지산) 승강장 가는 I계단 위
1156,2,234,신도림,대합실 내부 1호기 E/V 앞 기둥
1157,2,234,신도림,대합실 대림(사당) 가는 승강장 A계단 위
1158,2,234,신도림,대합실 24번 개찰구 옆 기둥
1159,2,234,신도림,지선(출퇴근용) 대림(사당)방면 가는 내부 2호기 E/V 앞
1160,2,234,신도림,"2번출구 가는 8, 9번 개찰구 앞 기둥"
1161,2,234,신도림,3번출구(내부) E/V 앞
1162,2,234,신도림,2번출구(외부)
1163,2,234,신도림,지선(까치산)승강장 가는 F계단
1164,2,234,신도림,지선(까치산)승강장 1-3 E/V 앞
1165,2,234,신도림,지선(까치산)승강장 4-1 앞 G계단 아래
1166,2,234,신도림,지선(까치산)승강장 4-4 앞
1167,2,234,신도림,내선 2-2 앞
1168,2,234,신도림,외선 7-4 앞
1169,2,234,신도림,외선 4-4 앞
1170,2,234,신도림,내선 7-4 앞
1171,2,234,신도림,외선 2-2 앞
1172,2,234,신도림,지선(출퇴근용) 9-2 앞
1173,2,234,신도림,지선(출퇴근용) 7-1 앞
1174,2,234,신도림,지선(출퇴근용) 5-4 앞
1175,2,234,신도림,지선(출퇴근용) 4-2 앞
1176,2,234,신도림,"3, 4번홈 용산, 천안행 급행 승강장 출구(3-2)"
1177,2,234,신도림,"3, 4번홈 용산, 천안행 급행 승강장 출구(3-3)"
1178,2,234,신도림,"2번홈 수원, 인천행 승강장 출구(3-4)"
1179,2,234,신도림,"2번홈 수원, 인천행 승강장 출구(3-7)"
1180,2,234,신도림,"1번홈 서울역, 청량리행 승강장 출구(3-5)"
1181,2,234,신도림,신도림 테크노마트 출구 18번 앞
1182,2,234,신도림,디큐브시티 문화공원 측 외부 1호기 E/V
1183,2,235,문래,7번출구 계단 앞
1184,2,235,문래,1번출구측 외부 E/V 앞 (C내부계단 옆)
1185,2,235,문래,"6, 7번출구 사이(내부)"
1186,2,235,문래,6번출구 계단 중간 위
1187,2,235,문래,5번출구 계단 중간 위
1188,2,235,문래,5번출구(내부)
1189,2,235,문래,5번출구 뒷편 외부 1호기 E/V 앞
1190,2,235,문래,1번출구 외부 사인보드안
1191,2,235,문래,1번출구(내부)
1192,2,235,문래,"G, H 계단 중간"
1193,2,235,문래,"A, B 계단 중간"
1194,2,235,문래,"E, F 계단 E/V 앞"
1195,2,235,문래,"C, D 계단 E/V 앞"
1196,2,235,문래,2번출구 외부 사인보드안
1197,2,235,문래,"2, 3번출구(내부)"
1198,2,235,문래,3번출구 계단 중간 위
1199,2,235,문래,화장실 앞
1200,2,235,문래,4번출구(내부)
1201,2,235,문래,4번출구 계단 옆
1202,2,235,문래,신도림측 대합실 외부 1호기 E/V 앞(5번출구측 외부로 가는)
1203,2,235,문래,외선 승강장 2-3 앞
1204,2,235,문래,내선 승강장 9-2 앞
1205,2,235,문래,외선 승강장 4-1 앞
1206,2,235,문래,내선 승강장 7-4 앞
1207,2,235,문래,외선 승강장 7-1 앞
1208,2,235,문래,내선 승강장 4-3
1209,2,235,문래,외선 승강장 7-4 내부 1호기 E/V 앞
1210,2,235,문래,내선 승강장 4-1 내부 2호기 E/V 앞
1211,2,235,문래,외선 승강장 8-4 앞
1212,2,235,문래,내선 승강장 3-1 앞
1213,2,235,문래,역무실 앞
1214,2,235,문래,"1, 5번출구 중간 대합실 5번 기둥"
1215,2,245,양천구청,화장실 앞
1216,2,245,양천구청,도림천 측 C 내부계단 앞(1번출구)
1217,2,245,양천구청,신정네거리 측 D 내부계단 앞
1218,2,245,양천구청,개집표기 앞 역무실 앞
1219,2,245,양천구청,자동발매기 앞 1번출구 앞
1220,2,245,양천구청,1번출구 계단 앞
1221,2,245,양천구청,2번출구 계단 앞
1222,2,245,양천구청,2번출구 외부 사인보드안
1223,2,245,양천구청,B계단 아래 외선 2-3
1224,2,245,양천구청,내부 2호기 E/V 외선 3-3
1225,2,245,양천구청,C계단 아래 외선 5-1
1226,2,245,양천구청,A계단 아래 내선 5-1
1227,2,245,양천구청,대합실 올라가는 E/V 내선 4-1
1228,2,245,양천구청,D계단 아래 내선 2-3
1229,2,2114,신설동(2),"1, 2호선 환승통로 중간 천정"
1230,2,2114,신설동(2),지하1층 외선 가는 G계단 위
1231,2,2114,신설동(2),10번출구 입구(천정)
1232,2,2114,신설동(2),10번출구(내부)
1233,2,2114,신설동(2),10번출구측 나 매표실 앞(14번 개찰구 위)
1234,2,2114,신설동(2),7번출구 입구(계단 중간)
1235,2,2114,신설동(2),"7, 8번출구 중간(내부)"
1236,2,2114,신설동(2),8번출구 입구(계단 중간)
1237,2,2114,신설동(2),9번출구 입구(계단 중간)
1238,2,2114,신설동(2),9번출구 내부(E/V)
1239,2,2114,신설동(2),지하1층 내선 승강장 I계단 앞
1240,2,2114,신설동(2),지하1층 외선 승강장 H계단 앞
1241,2,2114,신설동(2),화장실 앞 유리 취부(천정)
1242,2,2114,신설동(2),지하2층 내선(용두측) 승강장 J계단 밑
1243,2,2114,신설동(2),지하2층 내선(신설동측) 승강장 계단 앞
1244,2,2114,신설동(2),지하2층 외선(신설동측) 승강장 G계단 밑
1245,2,2114,신설동(2),지하2층 외선 E/V 앞
1246,2,2113,용두,4번출구 옆 지상 외부 2호기 E/V 위
1247,2,2113,용두,4번출구 E/V 앞 벽
1248,2,2113,용두,5번출구 E/S 천정 외부 입구
1249,2,2113,용두,4번출구 E/S 천정
1250,2,2113,용두,1번출구 E/S 천정(외부)
1251,2,2113,용두,2번출구 기둥(외부)
1252,2,2113,용두,3번출구 내부(홈플러스 입구 앞)
1253,2,2113,용두,3번출구 외부 1호기 E/V(내부)
1254,2,2113,용두,3번출구 화장실
1255,2,2113,용두,외선 승강장 8번 기둥
1256,2,2113,용두,3번출구 대합실 E/S
1257,2,2113,용두,외선 승강장 E/V 앞 내부 1번
1258,2,2113,용두,3번출구 외부 1호기 E/V(지상)
1259,2,2113,용두,외선 승강장 지하2층 내부 1호기 E/V 앞
1260,2,2113,용두,내선 승강장 9번 기둥
1261,2,2113,용두,5번출구 화장실
1262,2,2113,용두,"4, 5번출구 사이 기둥"
1263,2,2113,용두,내선 승강장 E/V 앞 내부 2호기
1264,2,2113,용두,내선 승강장 E/V 앞 내부 2호기 지하2층
1265,3,320,구파발,4번출구 내부(E/S 하단)
1266,3,320,구파발,4번출구 E/V
1267,3,320,구파발,4번출구 내부(E/S 상단)
1268,3,321,연신내,1번출구
1269,3,321,연신내,"1, 2번출구 내부"
1270,3,321,연신내,2번출구
1271,3,321,연신내,7번출구
1272,3,321,연신내,"6, 7번출구 내부"
1273,3,321,연신내,6번출구
1274,3,321,연신내,구파발측 170번 자동발매기 위
1275,3,321,연신내,B내부계단(대합실 E/V 앞)
1276,3,321,연신내,20번 개찰구 앞
1277,3,321,연신내,3번출구 내부
1278,3,321,연신내,3번출구
1279,3,321,연신내,불광측 175번 자동발매기 위
1280,3,321,연신내,화장실 앞
1281,3,321,연신내,5번출구
1282,3,321,연신내,"4, 5번출구 내부"
1283,3,321,연신내,4번출구
1284,3,321,연신내,승강장 하선 10-1 계단 천정
1285,3,321,연신내,승강장 상선 5-1 계단 천정
1286,3,321,연신내,승강장 하선 5-4 E/V 앞
1287,3,321,연신내,승강장 하선 4-4 계단 천정
1288,3,321,연신내,승강장 하선 2-1 계단 천정
1289,3,321,연신내,대합실 8번 기둥 개찰구 앞(구파발측 5번 개찰구)
1290,3,322,불광,1번출구 뒤 E/V 앞 외부
1291,3,322,불광,"7, 8번출구 6호선 통로 출구 상선측"
1292,3,322,불광,1번출구 내부
1293,3,322,불광,1번출구 외부
1294,3,322,불광,연신내측 130번 자동발매기 위
1295,3,322,불광,승강장으로 내려가는 H내부계단
1296,3,322,불광,5번출구 외부
1297,3,322,불광,4번출구 내부
1298,3,322,불광,4번출구 외부
1299,3,322,불광,화장실 앞
1300,3,322,불광,승강장으로 내려가는 D내부계단
1301,3,322,불광,녹번측 176번 자동발매기 위
1302,3,322,불광,2번출구 내부
1303,3,322,불광,2번출구
1304,3,322,불광,3번출구 내부
1305,3,322,불광,3번출구
1306,3,322,불광,상선측 1-1 승강장 6호선 통로 출구
1307,3,322,불광,대합실로 올라가는 계단 앞 상선2-3
1308,3,322,불광,E/V 앞 상선 3-3
1309,3,322,불광,대합실로 올라가는 계단 앞 상선 4-3
1310,3,322,불광,대합실로 올라가는 계단 앞 상선 7-2
1311,3,322,불광,대합실로 올라가는 계단 앞 상선 9-1
1312,3,322,불광,6호선 환승통로 출구 하선 10-3
1313,3,322,불광,대합실로 올라가는 계단 밑 하선 9-2
1314,3,322,불광,대합실로 올라가는 E/V 하선 8-2
1315,3,322,불광,대합실로 올라가는 계단 하선 7-2
1316,3,322,불광,대합실로 올라가는 계단 하선 4-3
1317,3,322,불광,대합실로 올라가는 계단 하선 2-4
1318,3,322,불광,3번출구측 2호기 E/V(지하1층)
1319,3,322,불광,3번출구측 2호기 E/V
1320,3,323,녹번,1번출구 계단 위 사인보드
1321,3,323,녹번,1번출구 계단 밑
1322,3,323,녹번,9번 개찰구 앞 상선측
1323,3,323,녹번,화장실 앞
1324,3,323,녹번,141번 자동발매기 옆 기둥
1325,3,323,녹번,5번출구 계단 위
1326,3,323,녹번,5번출구 계단 밑
1327,3,323,녹번,4번출구 계단 위
1328,3,323,녹번,2번출구 계단 밑
1329,3,323,녹번,2번출구 계단 위 사인보드
1330,3,323,녹번,20번 개찰구 앞
1331,3,323,녹번,승강장 내려가는 D내부계단 위
1332,3,323,녹번,3번출구 계단 밑
1333,3,323,녹번,3번출구 계단 위
1334,3,323,녹번,3번출구 뒤 외부 1호기 E/V 앞
1335,3,323,녹번,대합실 올라가는 계단 밑 하선 9-3 앞
1336,3,323,녹번,대합실 올라가는 E/V 앞 상선 3-1 앞
1337,3,323,녹번,대합실 올라가는 계단 밑 상선 3-4 앞
1338,3,323,녹번,대합실 올라가는 계단 앞 상선 7-2 앞
1339,3,323,녹번,대합실 올라가는 계단 앞 하선 2-3 앞
1340,3,323,녹번,외부 2호기 신설 E/V(1번출구 뒤)
1341,3,324,홍제,"3, 4번출구 중간 외부 1호기 E/V 앞"
1342,3,324,홍제,1번출구
1343,3,324,홍제,1번출구 내부
1344,3,324,홍제,4번출구
1345,3,324,홍제,4번출구 내부
1346,3,324,홍제,지하1층 4번출구 가는 H계단 위
1347,3,324,홍제,2번출구 내부
1348,3,324,홍제,2번출구 외부
1349,3,324,홍제,3번출구 가는 B1 G계단 위
1350,3,324,홍제,3번출구 내부
1351,3,324,홍제,3번출구 외부
1352,3,324,홍제,1번출구 가는 B2 E계단 앞
1353,3,324,홍제,녹번측 자동발매기 앞
1354,3,324,홍제,1번 개찰구 앞 기둥 A계단 위
1355,3,324,홍제,지상으로 가는 외부 1호기 E/V 앞
1356,3,324,홍제,C내부계단 및 화장실 앞
1357,3,324,홍제,무악재측 151번 자동발매기 옆
1358,3,324,홍제,2번출구 가는 B2 F계단 앞
1359,3,324,홍제,승강장 하선 8-4
1360,3,324,홍제,승강장 상선 3-4 E/V 앞
1361,3,324,홍제,승강장 하선 7-1 앞
1362,3,324,홍제,승강장 하선 4-4 앞
1363,3,324,홍제,승강장 하선 3-2 앞
1364,3,324,홍제,1번출구 뒤 외부 2호기 E/V 앞
1365,3,326,독립문,1번출구 앞
1366,3,326,독립문,2번출구 앞
1367,3,326,독립문,5번출구 앞
1368,3,326,독립문,승강장으로 가는 A계단 위(홍제측)
1369,3,326,독립문,무악재측 5번 개찰구 앞
1370,3,326,독립문,141번 자동발매기 앞
1371,3,326,독립문,"1, 5번출구 계단 밑"
1372,3,326,독립문,32번 기둥 GATE 앞(13번 개찰구 내부)
1373,3,326,독립문,화장실 입구
1374,3,326,독립문,자동발매기 위
1375,3,326,독립문,3번출구 내부
1376,3,326,독립문,3번출구 외부
1377,3,326,독립문,4번출구 계단 내부
1378,3,326,독립문,4번출구 외부 사인보드안
1379,3,326,독립문,대합실 올라가는 계단 앞 하선 8-4
1380,3,326,독립문,대합실 올라가는 계단 앞 상선 4-3 E/S
1381,3,326,독립문,대합실 올라가는 계단 밑 상선 7-4
1382,3,326,독립문,상선 8-4 대합실 올라가는 E/V 앞
1383,3,326,독립문,3-1번출구 외부 사인보드안
1384,3,327,경복궁,2번출구 벽
1385,3,327,경복궁,1번출구 벽
1386,3,327,경복궁,"1, 2번출구 내부"
1387,3,327,경복궁,3번출구 벽
1388,3,327,경복궁,3번출구 내부
1389,3,327,경복궁,7번출구 벽
1390,3,327,경복궁,7번출구 내부
1391,3,327,경복궁,4번출구 벽 외부
1392,3,327,경복궁,4번출구 내부
1393,3,327,경복궁,6번출구 벽 외부
1394,3,327,경복궁,6번출구 내부
1395,3,327,경복궁,5번출구 가는 경복궁 B1 E/S 앞
1396,3,327,경복궁,5번출구 가는 경복궁 통로 중간 계단 앞
1397,3,327,경복궁,5번출구 경복궁 가는 통로 끝부분
1398,3,327,경복궁,화장실 출구
1399,3,327,경복궁,독립문측 승강장으로 가는 1호기 E/S 위
1400,3,327,경복궁,1번 개찰구 앞
1401,3,327,경복궁,독립문측 B2~B1으로 가는 6호기 E/S 앞
1402,3,327,경복궁,자동발매기 앞
1403,3,327,경복궁,역무실 앞 16번 기둥 F계단 밑
1404,3,327,경복궁,15번 개찰구 앞 기둥
1405,3,327,경복궁,B2~B1으로 가는 계단 앞 G계단
1406,3,327,경복궁,자동발매기 위
1407,3,327,경복궁,지상으로 가는 외부 1호기 E/V(내부)
1408,3,327,경복궁,"B1으로 가는 7, 8호기 E/S 앞(안국측)"
1409,3,327,경복궁,30번 개찰구 앞 31번 기둥
1410,3,327,경복궁,"B2 대합실 안국측 33번 기둥 3, 4호기 E/S 앞"
1411,3,327,경복궁,4번출구 뒤 E/V 앞
1412,3,327,경복궁,승강장 상선 1-1 앞
1413,3,327,경복궁,상선 2-3 E/S 앞
1414,3,327,경복궁,하선 6-4 앞
1415,3,327,경복궁,상선 6-2 E/S 앞
1416,3,327,경복궁,상선 7-1 앞
1417,3,327,경복궁,상선 8-4 E/S 앞
1418,3,327,경복궁,상선 10-4 앞
1419,3,327,경복궁,3-1번출구 E/S 앞 내부
1420,3,327,경복궁,3-1번출구 E/S 앞 외부 사인보드안
1421,3,329,종로3가 (3),7번출구 벽
1422,3,329,종로3가 (3),"7, 8번출구 내부"
1423,3,329,종로3가 (3),8번출구 벽
1424,3,329,종로3가 (3),9번 개찰구 옆 자동발매기 위
1425,3,329,종로3가 (3),5번 개찰구 앞 천정
1426,3,329,종로3가 (3),3번 E/S 상단
1427,3,329,종로3가 (3),9번출구 벽
1428,3,329,종로3가 (3),9번출구
1429,3,329,종로3가 (3),"3, 5호선 가는 B계단 위"
1430,3,329,종로3가 (3),"지하1층 5, 6호기 E/S 상단"
1431,3,329,종로3가 (3),16번 개찰구 앞
1432,3,329,종로3가 (3),"지하2층 내부 1호기 E/V 옆 계단 7, 8번출구측"
1433,3,329,종로3가 (3),"3, 5호선 가는 을지로3가[3]측 D계단 위"
1434,3,329,종로3가 (3),1호선 환승계단 앞
1435,3,329,종로3가 (3),역무실용 화장실 앞
1436,3,329,종로3가 (3),여자 화장실 앞
1437,3,329,종로3가 (3),남자 화장실 앞
1438,3,329,종로3가 (3),5호선측 환승통로 앞
1439,3,329,종로3가 (3),L계단 위 기둥
1440,3,329,종로3가 (3),K계단 위
1441,3,329,종로3가 (3),1호선측 수평기 앞(K계단 옆 무빙워크)
1442,3,329,종로3가 (3),4호기 E/S 앞 하단
1443,3,329,종로3가 (3),J계단 위
1444,3,329,종로3가 (3),I계단 위
1445,3,329,종로3가 (3),5호선 환승무빙워크 앞
1446,3,329,종로3가 (3),1호선 환승계단 아래
1447,3,329,종로3가 (3),"5, 6호기 E/S 앞 하단 "
1448,3,329,종로3가 (3),승강장 하선 10-4
1449,3,329,종로3가 (3),승강장 하선 9-2
1450,3,329,종로3가 (3),승강장 상선 4-2
1451,3,329,종로3가 (3),승강장 하선 4-3
1452,3,329,종로3가 (3),승강장 상선 9-1
1453,3,329,종로3가 (3),승강장 상선 10-4 천장
1454,3,329,종로3가 (3),"3호선 상선 승강장 끝에서 1호선 연결통로 1, 2호기 E/S 밑 "
1455,3,329,종로3가 (3),내부 1호기 E/V 지하2층
1456,3,329,종로3가 (3),내부 1호기 E/V 지하3층
1457,3,329,종로3가 (3),내부 1호기 E/V 승강장(상선 4-4)
1458,3,329,종로3가 (3),"7, 8번출구측 E/V 지상"
1459,3,329,종로3가 (3),"7, 8번출구측 E/V 지하1층"
1460,3,329,종로3가 (3),"7, 8번출구측 E/V 지하2층"
1461,3,329,종로3가 (3),"7, 8번출구측 E/V 지하3층"
1462,3,330,을지로3가 (3),5번출구 계단 벽
1463,3,330,을지로3가 (3),4번출구 계단 벽
1464,3,330,을지로3가 (3),5번출구 계단 내부
1465,3,330,을지로3가 (3),4번출구 계단 내부
1466,3,330,을지로3가 (3),1번 개찰구 정면 벽
1467,3,330,을지로3가 (3),"130번 자동발매기, 역무실 우측 천정"
1468,3,330,을지로3가 (3),6번출구 계단 벽
1469,3,330,을지로3가 (3),6번출구 내부 
1470,3,330,을지로3가 (3),3번출구 내부
1471,3,330,을지로3가 (3),3번출구 계단 벽
1472,3,330,을지로3가 (3),7번출구 계단 벽
1473,3,330,을지로3가 (3), 7번출구 천장 내부
1474,3,330,을지로3가 (3),10번출구 천장 내부 
1475,3,330,을지로3가 (3),10번출구 계단 벽
1476,3,330,을지로3가 (3),10번출구 외부 1호기 E/V
1477,3,330,을지로3가 (3),지상으로 가는 외부 1호기 E/V 앞
1478,3,330,을지로3가 (3),개찰구 위 천장 내부 1호기 E/V 앞(B1)
1479,3,330,을지로3가 (3),고객안내(151번 자동발매기) 천정
1480,3,330,을지로3가 (3),27번 개찰구 위(남측 개표소) AED 위
1481,3,330,을지로3가 (3),9번출구 내부
1482,3,330,을지로3가 (3),8번출구 내부
1483,3,330,을지로3가 (3),8번출구 계단 벽
1484,3,330,을지로3가 (3),9번출구 계단 벽
1485,3,330,을지로3가 (3),지하2층 H내부 계단
1486,3,330,을지로3가 (3),지하2층 I계단 E/S 위
1487,3,330,을지로3가 (3),화장실 입구
1488,3,330,을지로3가 (3),2호선 환승통로 입구(외선측)
1489,3,330,을지로3가 (3),2호선 환승통로 중간
1490,3,330,을지로3가 (3),2호선 환승통로 입구(내선측)
1491,3,330,을지로3가 (3),2호선 환승통로 중간(내선측)
1492,3,330,을지로3가 (3),J내부계단 위(승강장 가는)
1493,3,330,을지로3가 (3),K내부계단 위(승강장 가는)
1494,3,330,을지로3가 (3),승강장 상선 1-1 앞
1495,3,330,을지로3가 (3),승강장 하선 9-3 천장
1496,3,330,을지로3가 (3),승강장 하선 7-2 E/S(15번 기둥)
1497,3,330,을지로3가 (3),승강장 상선 6-2 앞 내부 1호기 E/V
1498,3,330,을지로3가 (3),승강장 상선 7-1 앞 E/S 앞
1499,3,330,을지로3가 (3),승강장 하선 2-2 천장
1500,3,330,을지로3가 (3),승강장 하선 1-2 천장
1501,3,331,충무로 (3),승강장 하선 9-1 C계단 아래
1502,3,331,충무로 (3),승강장 상선 4-4 계단 하
1503,3,331,충무로 (3),승강장 하선 5-2 E/S 하
1504,3,331,충무로 (3),지하4층 내부 3호기 E/V 앞
1505,3,333,약수,3번출구 LED전광판 내장
1506,3,334,금호,3번출구 LED전광판 내장
1507,3,336,압구정,3번출구 E/V 외부
1508,3,336,압구정,3번출구 외부 사인보드안
1509,3,336,압구정,3번출구 E/V 지하2층
1510,3,339,고속터미널,9호선 환승통로 Gate(대합실 8번 기둥)
1511,3,339,고속터미널,2호기 E/S(지하2층) 앞 벽(A계단)
1512,3,339,고속터미널,15호기 E/S 지하2층 앞
1513,3,339,고속터미널,역무실 앞(우측) 자동발매기 8번 개찰구
1514,3,339,고속터미널,역무실 앞 자동발매기 위(좌측)
1515,3,339,고속터미널,17호기 E/S 앞(지하2층) 2번출구
1516,3,339,고속터미널,21호기 E/S 앞(지하2층) 7번출구
1517,3,339,고속터미널,155번 자동발매기 앞(상가측) 교대측
1518,3,339,고속터미널,지하2층 Gate(대합실 37번 개찰구 앞)
1519,3,339,고속터미널,내부 1호기 E/V 위(7호기 E/S 앞)
1520,3,339,고속터미널,E/V 내부 위(11호기 E/S 앞)
1521,3,339,고속터미널,"3, 4, 5, 6번출구 앞 7, 9호선 환승통로 입구"
1522,3,339,고속터미널,2호기 E/S(대합실측) 상선 2-3
1523,3,339,고속터미널,4호기 E/S(대합실측) 상선 4-3
1524,3,339,고속터미널,6호기 E/S(대합실측) 상선 7-2
1525,3,339,고속터미널,1호기 E/V(승강장측) 상선 8-2
1526,3,339,고속터미널,8호기 E/S 상선 9-2
1527,3,339,고속터미널,16호기 E/S(대합실측) 하선 9-2
1528,3,339,고속터미널,14호기 E/S(대합실측) 하선 7-2
1529,3,339,고속터미널,12호기 E/S(대합실측) 하선 4-3
1530,3,339,고속터미널,내부 2호기 E/V(승강장) 하선 3-3
1531,3,339,고속터미널,10호기 E/S(대합실측) 하선 2-3
1532,3,339,고속터미널,강남터미널 지하상가 가는 계단 앞
1533,3,339,고속터미널,1번출구 반포지구대 나가는 연결통로 앞
1534,3,339,고속터미널,8번출구 연결통로 앞
1535,3,339,고속터미널,경부선 영동선 가는 연결통로 앞
1536,3,339,고속터미널,17번 E/S 상단
1537,3,339,고속터미널,신세계백화점 입구 앞
1538,3,339,고속터미널,23번 E/S 상단
1539,3,339,고속터미널,경부선 영동선 화물취급소 가는 연결통로
1540,3,339,고속터미널,19호기 E/S 상단
1541,3,339,고속터미널,21호기 E/S 상단
1542,3,339,고속터미널,센트럴시티 호남선 신세계백화점 가는 연결통로
1543,3,339,고속터미널,2번출구 하단
1544,3,339,고속터미널,7번출구 하단
1545,3,340,교대 (3),12번출구 외부 사인보드안
1546,3,340,교대 (3),12번출구 내부
1547,3,340,교대 (3),2호선 환승통로 계단 앞(내선측)
1548,3,340,교대 (3),화장실 입구
1549,3,340,교대 (3),대합실에서 승강장 가는 L계단 위
1550,3,340,교대 (3),141번 자동발매기(역무실 옆)
1551,3,340,교대 (3),10번 개찰구 앞 M내부계단 위
1552,3,340,교대 (3),자동발매기 13번출구측
1553,3,340,교대 (3),13번출구 외부 1호기 E/V
1554,3,340,교대 (3),13번출구 내부
1555,3,340,교대 (3),13번출구 계단 상단
1556,3,340,교대 (3),14번출구 내부
1557,3,340,교대 (3),14번출구 계단 앞
1558,3,340,교대 (3),2호선 강남 잠실 환승통로 입구(외선측)
1559,3,340,교대 (3),대합실로 가는 L계단 밑
1560,3,340,교대 (3),승강장 가는 J계단 앞 기둥
1561,3,340,교대 (3),대합실로 가는  M계단 밑
1562,3,340,교대 (3),승강장 상선 1-1 앞
1563,3,340,교대 (3),승강장 상선 3-1 E/S 앞
1564,3,340,교대 (3),승강장 상선 4-2 E/V 앞
1565,3,340,교대 (3),승강장 상선 7-4 앞 27번 기둥
1566,3,340,교대 (3),승강장 상선 9-4 앞 36번 기둥
1567,3,340,교대 (3),승강장 상선 10-4 앞
1568,3,340,교대 (3),2호선 사당방면 연결통로
1569,3,340,교대 (3),2호선 강남방면
1570,3,340,교대 (3),지하2층 K계단 위
1571,3,341,남부터미널,1번출구 외부
1572,3,341,남부터미널,2번출구 외부
1573,3,341,남부터미널,"1, 2번출구 내부"
1574,3,341,남부터미널,4번출구 캐노피 안쪽
1575,3,341,남부터미널,3번출구 벽
1576,3,341,남부터미널,"3, 4번출구 내부"
1577,3,341,남부터미널,5번출구 외부 사인보드안
1578,3,341,남부터미널,6번출구 외부 사인보드안
1579,3,341,남부터미널,"5, 6번출구 내부"
1580,3,341,남부터미널,5번출구 뒤 외부 E/V 앞
1581,3,341,남부터미널,역무실 앞 화장실 입구
1582,3,341,남부터미널,상선 승강장 가는 B내부계단 앞
1583,3,341,남부터미널,하선 승강장 가는 G내부계단 앞
1584,3,341,남부터미널,"1, 2, 3, 4번출구 중간 기둥"
1585,3,341,남부터미널,지하1층 가는 계단 앞 19번 기둥 좌측
1586,3,341,남부터미널,지하1층 가는 계단 앞 19번 기둥 우측
1587,3,341,남부터미널,"지하1층 가는 계단 1, 2, 3번출구측"
1588,3,341,남부터미널,"지하1층 가는 계단 5, 6번출구측"
1589,3,341,남부터미널,대합실 외부 1호기 E/V 앞
1590,3,341,남부터미널,20번 개찰구 앞 C내부계단(상선측)
1591,3,341,남부터미널,F내부계단 앞(하선측)
1592,3,341,남부터미널,국제전자센터 가는 통로 기둥 34번
1593,3,341,남부터미널,승강장 상선 1-1 앞
1594,3,341,남부터미널,승강장 상선 2-3 앞
1595,3,341,남부터미널,승강장 상선 3-2 앞 E/V
1596,3,341,남부터미널,승강장 상선 4-2 앞
1597,3,341,남부터미널,승강장 상선 7-4 앞
1598,3,341,남부터미널,승강장 상선 9-3 앞
1599,3,341,남부터미널,승강장 상선 10-4 앞
1600,3,341,남부터미널,승강장 하선 10-4 앞
1601,3,341,남부터미널,승강장 하선 9-1 앞
1602,3,341,남부터미널,승강장 하선 8-2 E/V 앞
1603,3,341,남부터미널,승강장 하선 7-2 앞
1604,3,341,남부터미널,승강장 하선 4-1 앞
1605,3,341,남부터미널,승강장 하선 2-1 앞
1606,3,341,남부터미널,승강장 하선 1-1 앞
1607,3,342,양재,1번출구 계단 앞 외부
1608,3,342,양재,2번출구 계단 앞 외부
1609,3,342,양재,"1, 2번출구 내부"
1610,3,342,양재,12번출구 계단 앞
1611,3,342,양재,11번출구 계단 앞
1612,3,342,양재,"11, 12번출구 내부"
1613,3,342,양재,대합실 외부 2호기 E/V 앞
1614,3,342,양재,11번출구 옆 외부 2호기 E/V 
1615,3,342,양재,승강장 상선 가는 A내부계단 앞(고속터미널측)
1616,3,342,양재,승강장 하선 가는 H내부계단(고속터미널측)
1617,3,342,양재,고속터미널측 개찰구 앞 12번 기둥
1618,3,342,양재,3번출구 계단 앞 외부
1619,3,342,양재,4번출구 계단 앞 외부
1620,3,342,양재,"3, 4번출구 내부"
1621,3,342,양재,대합실 외부 1호기 E/V 앞
1622,3,342,양재,4번출구 옆 외부 1호기 E/V 앞
1623,3,342,양재,6번출구 계단 앞 외부
1624,3,342,양재,"5, 6번출구 내부"
1625,3,342,양재,매봉측 개찰구 앞 29번 기둥
1626,3,342,양재,상선 승강장 가는(매봉측) C내부계단 앞
1627,3,342,양재,하선 승강장 가는(매봉측) F내부계단 앞
1628,3,342,양재,화장실 입구
1629,3,342,양재,상선 2-1 앞
1630,3,342,양재,상선 2-4 E/V 앞
1631,3,342,양재,상선 3-4 앞
1632,3,342,양재,상선 8-1 앞
1633,3,342,양재,상선 9-4 앞
1634,3,342,양재,하선 9-3 앞
1635,3,342,양재,하선 8-4 E/V 앞
1636,3,342,양재,하선 7-4 앞
1637,3,342,양재,하선 3-3 앞
1638,3,342,양재,하선 1-4 앞
1639,3,342,양재,환승통로 신분당선 상선측 E/S 옆
1640,3,342,양재,환승통로 상선 5-4 지점
1641,3,342,양재,하선 6-1 강남측 신분당선 환승
1642,3,342,양재,1번출구 옆 외부 3호기 E/V
1643,3,342,양재,외부 3호기 E/V 내부
1644,3,343,매봉,1번출구 외부 사인보드안
1645,3,343,매봉,4번출구 외부 사인보드안
1646,3,347,대청,1번출구 계단 앞
1647,3,347,대청,2번출구 계단 앞
1648,3,347,대청,"1, 2번출구 내부"
1649,3,347,대청,8번출구 계단 앞
1650,3,347,대청,7번출구 계단 앞
1651,3,347,대청,"7, 8번출구 내부"
1652,3,347,대청,7번출구 앞 외부 1호기 E/V 앞
1653,3,347,대청,"7, 8번출구 가는 대합실 중간 내부 18번 위층"
1654,3,347,대청,3번출구 계단 앞 사인보드안
1655,3,347,대청,3번출구 내부
1656,3,347,대청,6번출구 외부 사인보드안
1657,3,347,대청,6번출구 내부
1658,3,347,대청,"3, 5번출구에서 대합실측 지하1층 중층 18번 기둥"
1659,3,347,대청,4번출구 계단 앞
1660,3,347,대청,4번출구 내부
1661,3,347,대청,5번출구 계단 앞
1662,3,347,대청,5번출구 내부
1663,3,347,대청,지하1층 중층 가는 9번 기둥
1664,3,347,대청,자동발매기 앞(학여울측)
1665,3,347,대청,상선 승강장 가는 A내부계단 앞
1666,3,347,대청,하선 승강장 가는 D내부계단 앞
1667,3,347,대청,24번 개찰구 앞 기둥 학여울 하선측
1668,3,347,대청,화장실 앞
1669,3,347,대청,2번 개찰구 앞 기둥
1670,3,347,대청,"4, 5번출구 가는 대합실 기둥"
1671,3,347,대청,승강장 상선 1-1 앞
1672,3,347,대청,승강장 상선 3-3 앞
1673,3,347,대청,승강장 상선 4-4 E/V 앞
1674,3,347,대청,승강장 상선 6-2 앞
1675,3,347,대청,승강장 상선 10-4 앞
1676,3,347,대청,승강장 하선 10-4 앞
1677,3,347,대청,승강장 하선 8-2 앞
1678,3,347,대청,승강장 하선 7-1 E/V 앞
1679,3,347,대청,승강장 하선 5-3 앞
1680,3,347,대청,승강장 하선 1-1 앞
1681,3,349,수서,SRT 환승통로
1682,3,349,수서,5번출구 E/S 상단
1683,3,349,수서,5번출구 E/S 하단
1684,3,349,수서,5번출구 E/V 상단(무빙워크 앞)
1685,3,349,수서,5번출구 E/V 하단
1686,3,350,가락시장,"지하1층 ~ 지하2층(15, 16번 E/S 상단)"
1687,3,350,가락시장,역무실 지하2층 25번 기둥
1688,3,350,가락시장,화장실 151번 자동발매기 위
1689,3,350,가락시장,7번출구 외부
1690,3,350,가락시장,7번출구 뒤 외부 1호기 E/V 롯데마트 앞 보도
1691,3,350,가락시장,7번출구 내부 E/S 천정
1692,3,350,가락시장,8번출구 E/S 상단 옆
1693,3,350,가락시장,8번출구 E/S 하단 앞
1694,3,350,가락시장,8번출구 자동발매기 앞
1695,3,350,가락시장,"13, 14호기 E/S 경찰병원 오금 지하2층 천정"
1696,3,350,가락시장,"상선 대화 수서 1, 2호기 E/S 옆"
1697,3,350,가락시장,"상선 대화 수서 3, 4호기 E/S 옆 승강장측"
1698,3,350,가락시장,지하3층 1~8번출구 22번 기둥
1699,3,350,가락시장,"하선 경찰병원 오금 11, 12호기 E/S 천정"
1700,3,350,가락시장,지하3층 29번 기둥 8호선 환승측
1701,3,350,가락시장,지하2층 20번 기둥
1702,3,350,가락시장,"지하3층 수서측 5, 6호기 E/S"
1703,3,350,가락시장,하선 승강장 1-1
1704,3,350,가락시장,상선 1-1 끝
1705,3,350,가락시장,상선 5-1 앞 천장
1706,3,350,가락시장,상선 6-4 E/S 앞 천장
1707,3,350,가락시장,상선 8-2 E/S 앞
1708,3,350,가락시장,상선 10-1 E/S 앞 계단 앞 천장
1709,3,350,가락시장,상선 10-4 승강장 끝
1710,3,350,가락시장,하선 2-1 E/S 앞
1711,3,350,가락시장,하선 3-3 E/V 앞
1712,3,350,가락시장,하선 5-2 E/S 앞
1713,3,350,가락시장,하선 7-1 E/S 앞
1714,3,350,가락시장,하선 10-4 승강장 끝
1715,3,350,가락시장,"지하3층 오금승강장측 9, 10호기 E/S 앞 천장"
1716,3,350,가락시장,지하3층 8호기 E/S 위 비상대피로 옆
1717,3,351,경찰병원,1번출구 앞 상단(경찰병원측)
1718,3,351,경찰병원,1번출구 E/S 하단
1719,3,351,경찰병원,2번출구 E/S 상단
1720,3,351,경찰병원,2번출구 E/S 하단
1721,3,351,경찰병원,"3번출구 19, 20호기 E/S 상단"
1722,3,351,경찰병원,3번출구 앞 외부 2호기 E/V
1723,3,351,경찰병원,"3번출구 19, 20호기 E/S 하단(중층)"
1724,3,351,경찰병원,2번출구 뒤 외부 1호기 E/V
1725,3,351,경찰병원,"4번출구 17, 18호기 E/S 상단(중층)"
1726,3,351,경찰병원,"지하1층 3, 4번출구 올라가는 17, 18호기 E/S 하단"
1727,3,351,경찰병원,141번 자동발매기 앞
1728,3,351,경찰병원,역무실 앞 9번 게이트 앞
1729,3,351,경찰병원,대합실 가락시장측 계단 상단(1호기 E/S)
1730,3,351,경찰병원,오금측 내려가는 계단 앞 상단(11호기 E/S)
1731,3,351,경찰병원,상선 1-1 끝
1732,3,351,경찰병원,상선 2-1 E/S 하단 앞
1733,3,351,경찰병원, 상선 4-2 E/V 하단 앞
1734,3,351,경찰병원,상선 6-2 E/S 앞
1735,3,351,경찰병원,상선 7-4 E/S 앞
1736,3,351,경찰병원,상선 10-4 승강장 끝
1737,3,351,경찰병원,하선 1-1 승강장 끝
1738,3,351,경찰병원,하선 4-2 E/S 앞
1739,3,351,경찰병원,하선 5-4 E/S 앞
1740,3,351,경찰병원,하선 7-3 E/V 앞
1741,3,351,경찰병원,하선 9-4 E/S 앞
1742,3,351,경찰병원,하선 10-4 승강장 끝
1743,3,352,오금,1번출구 E/S 상단
1744,3,352,오금,1번출구 뒤 외부1호기 E/V 앞
1745,3,352,오금,지하1층 1번출구 계단 하단 내부
1746,3,352,오금,2번출구 계단 상단
1747,3,352,오금,지하1층 2번출구 계단 하단(15호기 E/S 하단)
1748,3,352,오금,5번출구 뒤 외부 5호기 E/V 앞
1749,3,352,오금,지하1층 역무실 건너편 140번 자동발매기 위
1750,3,352,오금,지하1층 역무실 앞 1번 개찰구 옆 기둥
1751,3,352,오금,"8호기, 12호기 E/S 사이 기둥 상단(화장실 앞) "
1752,3,352,오금,지하1층 3호선 상선 승강장 가는 3호기 E/S 상단
1753,3,352,오금,지하3층에서 지하2층으로 올라가는 12호기 E/S 하단 
1754,3,352,오금,지하3층에서 지하4층으로 내려가는 9호기 E/S 상단
1755,3,352,오금,지하3층에서 지하4층으로 내려가는 1호기 E/S 상단
1756,3,352,오금,"지하3층에서 5호선 환승통로 5호기 E/S 앞(방화, 상일동측)"
1757,3,352,오금,지하3층에서 지하2층으로 올라가는 11호기 E/S 하단(상선측)
1758,3,352,오금,"지하3층 5호선 환승통로 마천, 개롱측 계단 하단"
1759,3,352,오금,지하4층 상선 1-1 승강장 끝
1760,3,352,오금,지하4층 상선 2-1 E/S 앞
1761,3,352,오금,지하4층 상선 4-2 E/S 앞
1762,3,352,오금,지하4층 상선 5-1 E/V 앞
1763,3,352,오금,지하4층 상선 6-4 E/S 앞
1764,3,352,오금,지하4층 상선 10-4 승강장 끝
1765,3,352,오금,지하4층 하선 1-1 승강장 끝
1766,3,352,오금,지하4층 하선 5-1 계단 앞
1767,3,352,오금,지하4층 하선 6-4(내부2호기 E/V 앞)
1768,3,352,오금,지하4층 하선 7-4(8호기 E/S 하단)
1769,3,352,오금,지하4층 하선 10-1(10호기 E/S 하단)
1770,3,352,오금,지하4층 하선 10-4 승강장 끝
1771,4,410,상계,3번출구 13번 기둥 점자안내판
1772,4,411,노원,상선 승강장 가는 A계단 올라가는 곳
1773,4,411,노원,10번 개찰구 우측 벽
1774,4,411,노원,하선 승강장 가는 H계단 올라가는 곳
1775,4,411,노원,10번출구 내려가는 계단 앞(내부)
1776,4,411,노원,10번출구 올라가는 계단 앞(외부)
1777,4,411,노원,1번출구 내려가는 E/S 앞(내부)
1778,4,411,노원,1번출구 올라가는 E/S 앞(외부)
1779,4,411,노원,상계측 140번 자동발매기 앞 대합실 7번 기둥
1780,4,411,노원,창동측 2번출구 앞 자동발매기 앞 기둥
1781,4,411,노원,2번출구 내려가는 계단 앞(내부)
1782,4,411,노원,상선측 E내부계단 올라가는 곳
1783,4,411,노원,2번출구 올라가는 계단 앞(외부)
1784,4,411,노원,화장실 앞
1785,4,411,노원,"하선측 7, 8호기 E/S 하단 옆"
1786,4,411,노원,"9번출구 5, 6호기 E/S 상단"
1787,4,411,노원,"9번출구 5, 6호기 E/S 하단"
1788,4,411,노원,상선 2-1 A내부계단 앞
1789,4,411,노원,상선 4-1 B내부계단 앞
1790,4,411,노원,상선 7-2 E내부계단 앞
1791,4,411,노원,상선 8-4 E/V 앞
1792,4,411,노원,상선 9-4 C내부계단 앞
1793,4,411,노원,상선 10-3
1794,4,411,노원,하선 9-3 H내부계단 앞
1795,4,411,노원,하선 7-3 계단 앞
1796,4,411,노원,"하선 4-2(7, 8호기 E/S 상단)"
1797,4,411,노원,하선 4-3 E/V 앞
1798,4,411,노원,하선측 1-1 환승통로
1799,4,411,노원,2층 대합실 외부 2호기 E/V
1800,4,411,노원,1층 외부 2호기 E/V
1801,4,413,쌍문,1번출구 외부 사인보드안
1802,4,413,쌍문,1번출구 올라가는 외부 1호기 E/V 앞 
1803,4,413,쌍문,1번출구 내부 문 앞
1804,4,413,쌍문,"1, 2번출구 중앙 E/V 앞(지상 외부)"
1805,4,413,쌍문,상선 승강장 내려가는 B계단 앞(내부)
1806,4,413,쌍문,하선 승강장 내려가는 G계단 앞(내부)
1807,4,413,쌍문,6번 개찰구 위
1808,4,413,쌍문,4번출구 내부 문 앞
1809,4,413,쌍문,4번출구 올라가는 E/S(내부)
1810,4,413,쌍문,4번출구 내려가는 E/S(외부)
1811,4,413,쌍문,2번출구 내려가는 계단 앞 외부 사인보드안
1812,4,413,쌍문,2번출구 올라가는 E/S 앞(내부)
1813,4,413,쌍문,2번출구 내부 문 앞
1814,4,413,쌍문,26번 개찰구 위
1815,4,413,쌍문,3번출구 내부 문 앞
1816,4,413,쌍문,3번출구 올라가는 계단 앞(내부)
1817,4,413,쌍문,3번출구 외부 사인보드안
1818,4,413,쌍문,상선 승강장 내려가는 C계단 앞
1819,4,413,쌍문,상선 승강장 내려가는 D계단 앞
1820,4,413,쌍문,화장실 앞
1821,4,413,쌍문,하선 승강장 내려가는 F계단 앞
1822,4,413,쌍문,하선 승강장 내려가는 E계단 앞
1823,4,413,쌍문,상선 2-4 올라가는 A계단 앞
1824,4,413,쌍문,상선 4-3 올라가는 B계단 앞
1825,4,413,쌍문,상선 7-2 올라가는 C계단 앞
1826,4,413,쌍문,상선 8-1 E/V 앞
1827,4,413,쌍문,상선 9-1 올라가는 D계단 앞
1828,4,413,쌍문,하선 9-1 올라가는 H계단
1829,4,413,쌍문,하선 7-3 올라가는 G계단
1830,4,413,쌍문,하선 4-3 올라가는 F계단
1831,4,413,쌍문,하선 3-4 E/V 앞
1832,4,413,쌍문,하선 2-4 올라가는 E계단 앞
1833,4,414,수유,1번출구(외부)
1834,4,414,수유,"1, 2번출구 뒤 내부 중간"
1835,4,414,수유,2번출구(외부)
1836,4,414,수유,"1, 2번출구 뒤 외부 1호기 E/V 앞"
1837,4,414,수유,"8번출구 3, 4호기 E/S 상단"
1838,4,414,수유,"7, 8번출구(내부)"
1839,4,414,수유,7번출구(외부)
1840,4,414,수유,승차권 자동발매기 천정
1841,4,414,수유,개찰구 앞 9번 기둥 천정
1842,4,414,수유,상선 승강장 가는 B내부계단 앞
1843,4,414,수유,하선 승강장 가는 G내부계단 앞
1844,4,414,수유,화장실 앞
1845,4,414,수유,하선 승강장 가는 내부 2호기 E/V 앞
1846,4,414,수유,상선 승강장 가는 내부 1호기 E/V 앞
1847,4,414,수유,상선 승강장 가는 C내부계단 앞
1848,4,414,수유,하선 승강장 가는 F내부계단 앞
1849,4,414,수유,개찰구 앞 기둥(미아측) 32번 기둥
1850,4,414,수유,승차권 자동발매기 앞
1851,4,414,수유,3번출구 E/S 외부
1852,4,414,수유,"3, 4번출구(내부)"
1853,4,414,수유,4번출구 계단 앞 외부
1854,4,414,수유,6번출구 계단 앞
1855,4,414,수유,"5, 6번출구(내부)"
1856,4,414,수유,5번출구 계단 앞
1857,4,414,수유,상선 1-1 앞
1858,4,414,수유,상선 2-4 앞
1859,4,414,수유,상선 4-3 앞
1860,4,414,수유,상선 7-1 E/V 앞
1861,4,414,수유,상선 7-2 앞
1862,4,414,수유,상선 9-1 앞
1863,4,414,수유,상선 10-4 앞
1864,4,414,수유,하선 10-4 앞
1865,4,414,수유,하선 9-1 앞
1866,4,414,수유,하선 7-2 앞
1867,4,414,수유,하선 4-4 E/V 앞
1868,4,414,수유,하선 4-3 앞
1869,4,414,수유,하선 2-4 앞
1870,4,414,수유,하선 1-2 앞
1871,4,415,미아,1번출구 계단 앞 외부 사인보드안
1872,4,415,미아,"1번출구 3, 4호기 E/S 하단"
1873,4,415,미아,2번출구 외부 사인보드안
1874,4,415,미아,2번출구 내부
1875,4,415,미아,1번출구 뒤 E/V(외부)
1876,4,415,미아,1번출구 E/V(내부)
1877,4,415,미아,8번출구 계단 앞(지하) 내부
1878,4,415,미아,8번출구 외부 사인보드안
1879,4,415,미아,7번출구 계단 앞(내부)
1880,4,415,미아,7번출구 외부 사인보드안
1881,4,415,미아,"1, 2, 7, 8번출구 가는 대합실 기둥"
1882,4,415,미아,"A, B내부계단 사이 기둥"
1883,4,415,미아,"G, H내부계단 사이 기둥"
1884,4,415,미아,화장실 앞
1885,4,415,미아,"E/V 기둥 앞(C, D내부계단 앞)"
1886,4,415,미아,"E, F내부계단 사이 기둥"
1887,4,415,미아,3번출구 외부 
1888,4,415,미아,3번출구 앞 E/S(내부)
1889,4,415,미아,4번출구 계단(내부)
1890,4,415,미아,4번출구 외부 사인보드안
1891,4,415,미아,6번출구 앞 외부 사인보드안
1892,4,415,미아,5번출구 계단(내부)
1893,4,415,미아,6번출구 E/S(내부)
1894,4,415,미아,상선 1-1 승강장 끝
1895,4,415,미아,상선 3-1
1896,4,415,미아,상선 4-3
1897,4,415,미아,상선 7-2
1898,4,415,미아,상선 8-1 E/V
1899,4,415,미아,상선 8-4
1900,4,415,미아,상선 10-4 승강장 끝
1901,4,415,미아,하선 1-1 승강장 끝
1902,4,415,미아,하선 2-4
1903,4,415,미아,하선 3-4 E/V
1904,4,415,미아,하선 4-3
1905,4,415,미아,하선 7-2
1906,4,415,미아,하선 8-4
1907,4,415,미아,하선 10-4 승강장 끝
1908,4,415,미아,5번출구 외부 사인보드안
1909,4,416,미아사거리,6번출구 계단 벽 외부 사인보드안
1910,4,416,미아사거리,6번출구 내부
1911,4,416,미아사거리,1번출구 연결통로 내부 기둥
1912,4,416,미아사거리,"북측 좌, 우 GATE 중간 기둥"
1913,4,416,미아사거리,미아측 자동발매기 앞(H계단 앞)
1914,4,416,미아사거리,화장실 앞
1915,4,416,미아사거리,역무실 문 앞
1916,4,416,미아사거리,상선 C내부계단 GATE 앞
1917,4,416,미아사거리,3번출구 E/S(지상)
1918,4,416,미아사거리,3번출구 E/S(내부)
1919,4,416,미아사거리,2번출구 계단 벽 외부 사인보드안
1920,4,416,미아사거리,하선측 자동발매기 앞(30번 개찰구 옆)
1921,4,416,미아사거리,5번출구 계단(내부)
1922,4,416,미아사거리,4번출구 계단 벽 외부 사인보드안
1923,4,416,미아사거리,5번출구 계단 벽 외부 사인보드안
1924,4,416,미아사거리,상선 1-1 끝
1925,4,416,미아사거리,상선 2-2
1926,4,416,미아사거리,상선 3-1 E/V 위
1927,4,416,미아사거리,상선 4-1 계단
1928,4,416,미아사거리,상선 6-4 계단
1929,4,416,미아사거리,상선 8-3 계단
1930,4,416,미아사거리,상선 10-4 끝
1931,4,416,미아사거리,하선 10-4 끝
1932,4,416,미아사거리,하선 9-2 계단
1933,4,416,미아사거리,하선 8-3 E/V
1934,4,416,미아사거리,하선 7-3 계단
1935,4,416,미아사거리,하선 4-4 계단
1936,4,416,미아사거리,하선 3-1 계단
1937,4,416,미아사거리,하선 1-1 끝
1938,4,417,길음,10번출구(외부)
1939,4,417,길음,10번출구(내부)
1940,4,417,길음,5번출구(외부)
1941,4,417,길음,5번출구(내부)
1942,4,417,길음,A계단 위 
1943,4,417,길음,화장실 앞
1944,4,417,길음,외부 1호기 E/V(내부)
1945,4,417,길음,5번출구 옆 외부 1호기 E/V
1946,4,417,길음,B계단 위 
1947,4,417,길음,C계단 위 
1948,4,417,길음,외부 2호기 E/V(내부)
1949,4,417,길음,4번출구 앞 외부 2호기 E/V
1950,4,417,길음,1번출구(외부)
1951,4,417,길음,"1, 2번출구(내부)"
1952,4,417,길음,2번출구(외부)
1953,4,417,길음,30번 개찰구 앞
1954,4,417,길음,D계단 위 
1955,4,417,길음,4번출구(외부)
1956,4,417,길음,"3, 4번출구(내부)"
1957,4,417,길음,3번출구 외부 사인보드안
1958,4,417,길음,상선 1-1 앞
1959,4,417,길음,하선 9-4 앞
1960,4,417,길음,하선 6-4 앞
1961,4,417,길음,상선 5-4 E/V 앞
1962,4,417,길음,상선 6-3 앞
1963,4,417,길음,상선 9-3 앞
1964,4,417,길음,상선 10-4 앞
1965,4,418,성신여대입구,7번출구
1966,4,418,성신여대입구,"6, 7번출구 내부 중간"
1967,4,418,성신여대입구,6번출구
1968,4,418,성신여대입구,G내부계단 앞 역무실 우측
1969,4,418,성신여대입구,B내부계단 역무실 좌측
1970,4,418,성신여대입구,1번출구(외부)
1971,4,418,성신여대입구,역무실 앞 자동발매기 앞 16번 기둥
1972,4,418,성신여대입구,1번출구 E/S 밑 
1973,4,418,성신여대입구,외부 2호기 E/V 앞 1번출구 뒤
1974,4,418,성신여대입구,2번출구 외부 사인보드안
1975,4,418,성신여대입구,외부 1호기 E/V 앞 3번출구 뒤
1976,4,418,성신여대입구,3번출구 내부
1977,4,418,성신여대입구,3번출구 계단 앞
1978,4,418,성신여대입구,"4, 5번출구 내부 중간"
1979,4,418,성신여대입구,4번출구(외부)
1980,4,418,성신여대입구,5번출구 외부 사인보드안
1981,4,418,성신여대입구,E내부계단 E/V 앞
1982,4,418,성신여대입구,D내부계단 E/V 앞
1983,4,418,성신여대입구,화장실 앞
1984,4,418,성신여대입구,상선 3-1 계단 앞
1985,4,418,성신여대입구,하선 9-1 계단 앞
1986,4,418,성신여대입구,상선 4-3 앞 계단 앞
1987,4,418,성신여대입구,하선 7-1 계단 앞
1988,4,418,성신여대입구,상선 7-2 앞 계단 앞
1989,4,418,성신여대입구,하선 4-4 계단 앞
1990,4,418,성신여대입구,상선 8-1 E/V 앞
1991,4,418,성신여대입구,하선 3-4 E/V 앞
1992,4,418,성신여대입구,상선 9-1 계단 앞
1993,4,418,성신여대입구,하선 2-4 계단 앞
1994,4,418,성신여대입구,2번출구 내부계단 앞
1995,4,421,동대문(4),7번출구(하단)
1996,4,421,동대문(4),7번출구 연결통로 입구
1997,4,421,동대문(4),8번출구(하단) 
1998,4,421,동대문(4),8번출구(중간) 
1999,4,421,동대문(4),지하1층 고객서비스센터 앞 17번 개찰구 G계단 위
2000,4,421,동대문(4),지하1층 고객서비스센터 앞 12번 개찰구
2001,4,421,동대문(4),지하1층 고객서비스센터 앞 10번 개찰구 옆 기둥
2002,4,421,동대문(4),지하1층 9번 개찰구 F계단 위
2003,4,421,동대문(4),지하1층 5번 개찰구 앞 기둥
2004,4,421,동대문(4),1호선 환승통로 계단 앞
2005,4,421,동대문(4),1호선 환승통로 입구
2006,4,421,동대문(4),1호선 환승통로 출구
2007,4,421,동대문(4),10번출구(중간)
2008,4,421,동대문(4),10번출구(하단)
2009,4,421,동대문(4),10번출구 통로 앞
2010,4,421,동대문(4),역무실 옆 기둥
2011,4,421,동대문(4),9번출구 E/V 앞(하단)
2012,4,421,동대문(4),9번출구 외부 사인보드안
2013,4,421,동대문(4),지하2층 환기실 앞 G계단 밑
2014,4,421,동대문(4),지하2층 화장실 앞(E/S 앞)
2015,4,421,동대문(4),지하2층 화장실 앞
2016,4,421,동대문(4),지하2층 화장실 앞(E/V 앞)
2017,4,421,동대문(4),지하2층 1-10번출구 가는 F계단 앞
2018,4,421,동대문(4),지하2층 1-10번출구 가는 E계단 앞
2019,4,421,동대문(4),지하2층 1호기 E/S 위
2020,4,421,동대문(4),지하2층 1-10번출구 가는 6호기 E/S 앞
2021,4,421,동대문(4),D계단 하 E/V 앞
2022,4,421,동대문(4),상선 10-2
2023,4,421,동대문(4),하선 1-2
2024,4,421,동대문(4),상선 8-1 E/S 앞
2025,4,421,동대문(4),상선 6-3
2026,4,421,동대문(4),하선 5-2
2027,4,421,동대문(4),하선 6-1
2028,4,421,동대문(4),하선 7-3 E/S 앞
2029,4,421,동대문(4),상선 1-2
2030,4,421,동대문(4),하선 10-3
2031,4,421,동대문(4),8번출구 외부 사인보드안
2032,4,421,동대문(4),9번출구 계단 중간
2033,4,421,동대문(4),7번출구 외부 사인보드안
2034,4,421,동대문(4),10번출구 외부 사인보드안
2035,4,422,동대문역사문화공원(4),2호선 대합실 가는 통로 입구
2036,4,422,동대문역사문화공원(4),2호선 환승통로 계단 앞
2037,4,422,동대문역사문화공원(4),"1, 2번 개찰구 앞"
2038,4,422,동대문역사문화공원(4),4호선 승강장 가는 E/S 1호기
2039,4,422,동대문역사문화공원(4),10번출구 가는 계단 앞(124번 음성유도기 건너 기둥)
2040,4,422,동대문역사문화공원(4),"23, 24번 개찰구 앞 자동발매기 앞"
2041,4,422,동대문역사문화공원(4),지하2층 가는 B계단 위
2042,4,422,동대문역사문화공원(4),지하1층 승강장 가는 대합실 E/V 앞 1호기 내부 천정
2043,4,422,동대문역사문화공원(4),지하1층 역무실 통로 화장실 앞 
2044,4,422,동대문역사문화공원(4),승차권 발매기 및 12번 개찰구 앞
2045,4,422,동대문역사문화공원(4),지하1층 가는 17번 개찰구 내부 기둥 C계단 위
2046,4,422,동대문역사문화공원(4),4번출구(내부)
2047,4,422,동대문역사문화공원(4),4번출구 벽
2048,4,422,동대문역사문화공원(4),8번출구(내부)
2049,4,422,동대문역사문화공원(4),8번출구 벽
2050,4,422,동대문역사문화공원(4),지하2층 화장실 앞
2051,4,422,동대문역사문화공원(4),지하1층 가는 계단(136번 음성유도기 건너 기둥)
2052,4,422,동대문역사문화공원(4),승강장 가는 내부 1호기 E/V 앞
2053,4,422,동대문역사문화공원(4),승강장 가는 3호기 E/S 앞
2054,4,422,동대문역사문화공원(4),충무로측 지하1층 가는 계단(139번 음성유도기 앞 기둥)
2055,4,422,동대문역사문화공원(4),승강장 가는 5호기 E/S 앞
2056,4,422,동대문역사문화공원(4),10번출구 계단 밑
2057,4,422,동대문역사문화공원(4),9번출구 계단 밑
2058,4,422,동대문역사문화공원(4),2호선 을지로 시청 가는 환승통로 D계단 앞
2059,4,422,동대문역사문화공원(4),2호선 환승통로 성수측 계단 앞 승강장 2번 기둥
2060,4,422,동대문역사문화공원(4),상선 3-1 앞 지하1층 가는 E/S
2061,4,422,동대문역사문화공원(4),승강장~지하1층 가는 E/V 위
2062,4,422,동대문역사문화공원(4),상선 6-3 앞 E/S 4호기
2063,4,422,동대문역사문화공원(4),상선 9-1 앞 E/S 6호기
2064,4,422,동대문역사문화공원(4),9번출구(안내표시판 내부 추가설치) 사인보드안
2065,4,422,동대문역사문화공원(4),10번출구(안내표시판 내부 추가설치) 사인보드안
2066,4,422,동대문역사문화공원(4),4번출구로 나가는 외부 1호기 E/V 상
2067,4,422,동대문역사문화공원(4),4번출구로 나가는 외부 1호기 E/V 하
2068,4,423,충무로 (4),상선 1-4 
2069,4,423,충무로 (4),상선 4-2
2070,4,423,충무로 (4),상선 5-1(3호선 환승계단 위)
2071,4,423,충무로 (4),상선 6-3
2072,4,423,충무로 (4),상선 8-2 E/V
2073,4,423,충무로 (4),상선 9-1
2074,4,423,충무로 (4),하선 9-4
2075,4,423,충무로 (4),하선 7-3
2076,4,423,충무로 (4),하선 7-1
2077,4,423,충무로 (4),하선 5-2
2078,4,423,충무로 (4),하선 3-3 E/V
2079,4,423,충무로 (4),하선 2-3
2080,4,423,충무로 (4),동대문측 D계단 앞 위
2081,4,423,충무로 (4),"역무실, 당고개측 10호기 E/S 밑 지하2층"
2082,4,423,충무로 (4),3호선 내려가는 E/S 앞
2083,4,423,충무로 (4),지하1층방면 10번 기둥
2084,4,423,충무로 (4),오이도측 운전취급실 앞 G계단 위
2085,4,423,충무로 (4),서울역측 15호기 E/S 밑 지하2층
2086,4,423,충무로 (4),지하2층 당고개측 11호기 E/S 밑
2087,4,423,충무로 (4),지하2층 27번 기둥
2088,4,423,충무로 (4),지하2층 사당측 14호기 E/S 밑
2089,4,423,충무로 (4),여자화장실 앞
2090,4,423,충무로 (4),여자화장실 앞 1호기 E/V 앞
2091,4,423,충무로 (4),남자화장실 앞
2092,4,423,충무로 (4),남자화장실 앞 2호기 E/V 앞
2093,4,423,충무로 (4),"역무실 앞 동대문측 9, 10호기 E/S 위"
2094,4,423,충무로 (4),지하1층 8번 기둥
2095,4,423,충무로 (4),지하1층 서울역측 15호기 E/S 위
2096,4,423,충무로 (4),지하1층 12번 개찰구 앞 기둥
2097,4,423,충무로 (4),지하1층 11호기 E/S 위
2098,4,423,충무로 (4),지하1층 내부 1호기 E/V 앞
2099,4,423,충무로 (4),지하1층 중간 29번 기둥
2100,4,423,충무로 (4),2번 13호기 E/S 위
2101,4,423,충무로 (4),내부 2호기 E/V 앞
2102,4,423,충무로 (4),지하1층 32번 기둥 자동발매기 상(명동측)
2103,4,423,충무로 (4),"1번출구 21, 22호기 E/S 외부"
2104,4,423,충무로 (4),2번출구 내부
2105,4,423,충무로 (4),2번출구 외부 벽
2106,4,423,충무로 (4),8번출구 계단 외부 벽
2107,4,423,충무로 (4),8번출구 계단 내부
2108,4,423,충무로 (4),3번출구 외부
2109,4,423,충무로 (4),"3, 4번출구 내부"
2110,4,423,충무로 (4),4번출구 외부
2111,4,423,충무로 (4),지하1층 7번출구로 가는 외부 1호기 E/V
2112,4,423,충무로 (4),"5, 6, 7번출구 내부계단"
2113,4,423,충무로 (4),7번출구 외부계단 상
2114,4,423,충무로 (4),5번출구 내부계단
2115,4,423,충무로 (4),5번출구 외부 사인보드안
2116,4,423,충무로 (4),6번출구 외부
2117,4,423,충무로 (4),7번출구 뒤 외부 1호기 E/V 앞
2118,4,423,충무로 (4),지하2층 내부 3호기 E/V 앞
2119,4,423,충무로 (4),지하3층 내부 3호기 E/V 앞
2120,4,424,명동,1번출구 외부 사인보드안
2121,4,424,명동,1번 게이트 옆 기둥
2122,4,424,명동,1번출구(내부)
2123,4,424,명동,지하2층 내려가는 A계단 위(충무로측)
2124,4,424,명동,지하2층 내려가는 D계단 위(충무로측)
2125,4,424,명동,9번출구 계단(입구)
2126,4,424,명동,"9, 10번출구 내부"
2127,4,424,명동,10번출구 계단 벽
2128,4,424,명동,4번출구 내부
2129,4,424,명동,"4, 5번출구 사이 빵집 앞 천정"
2130,4,424,명동,5번출구 내부계단 밑
2131,4,424,명동,역무실 앞 자동발매기 계단 앞 기둥
2132,4,424,명동,역무실 좌측 C계단 위
2133,4,424,명동,지하2층 내려가는 B계단 위 역무실 우측
2134,4,424,명동,화장실 앞
2135,4,424,명동,충무로측 E/S 옆 기둥
2136,4,424,명동,충무로측 지하1층 올라가는 우측 D계단 밑
2137,4,424,명동,지하1층 올라가는 계단 밑 좌측(충무로측)
2138,4,424,명동,회현측 3호기 E/S 위
2139,4,424,명동,C계단 밑
2140,4,424,명동,B계단 밑
2141,4,424,명동,E/S 41번 기둥 상선 10-4 앞
2142,4,424,명동,상선 7-4 앞 28번 기둥
2143,4,424,명동,상선 4-1 앞 13번 기둥
2144,4,424,명동,상선 1-1 앞 1번 기둥
2145,4,424,명동,1번출구 뒤 외부 1호기 E/V 앞
2146,4,424,명동,지하 1층 외부 1호기 E/V 앞
2147,4,424,명동,내부 1호기 E/V 앞(지하4층)
2148,4,424,명동,내부 1호기 E/V 앞(지하1층)
2149,4,425,회현,1번출구 계단 벽
2150,4,425,회현,2번출구 계단 중간 벽
2151,4,425,회현,7번출구(내부)
2152,4,425,회현,6번출구 계단 중간 벽
2153,4,425,회현,고객안내소
2154,4,425,회현,"7, 8번 개찰구 앞"
2155,4,425,회현,지하2층 내려가는 A계단 위 우측(명동측)
2156,4,425,회현,지하2층 내려가는 B계단 위 좌측(명동측)
2157,4,425,회현,서울역측 승강장 가는 좌측 2층 내려가는 F계단
2158,4,425,회현,서울역측 승강장 가는 우측 2층 내려가는 G계단
2159,4,425,회현,3번출구 계단 중간 벽
2160,4,425,회현,매표소 앞 외부 1호기 E/V
2161,4,425,회현,역무실 26번 앞 38번 기둥
2162,4,425,회현,승강장 가는 내부 1호기 5번출구측 E/V
2163,4,425,회현,개찰구 역무실 앞 175번 자동발매기
2164,4,425,회현,5번출구 계단 천정
2165,4,425,회현,4번출구 계단 중간 벽
2166,4,425,회현,명동측 지하1층 올라가는 B계단 밑 우측
2167,4,425,회현,승강장 내려가는(명동측) 1호기 E/S
2168,4,425,회현,명동측 지하1층 올라가는 A계단 밑 좌측
2169,4,425,회현,"지하2층 4, 5번출구 가는 지하1층 올라가는 F계단 밑"
2170,4,425,회현,지하2층 화장실 앞
2171,4,425,회현,지하2층 3호기 E/S 승강장 D 계단
2172,4,425,회현,지하2층 5호기 E/S 승강장 E 계단
2173,4,425,회현,지하2층에서 5번출구측 지하1층 올라가는 G계단 밑
2174,4,425,회현,지하2층 장애인 내부 1호기 E/V
2175,4,425,회현,승강장 상선 1-1 E/S 기둥 C계단 밑
2176,4,425,회현,승강장 하선 4-4 E/S 기둥 D계단 밑
2177,4,425,회현,상선 9-4 앞 E/S 기둥 E계단 밑
2178,4,425,회현,하선 1-4 앞 장애인 E/V
2179,4,425,회현,2번출구 내부 
2180,4,425,회현,"3번출구 내부(3, 4번출구 중간)"
2181,4,425,회현,5번출구 내부
2182,4,425,회현,7번출구 외부 사인보드안
2183,4,425,회현,7번출구 외부 E/V 앞
2184,4,425,회현,7번출구 내부(지하2층)
2185,4,425,회현,7번출구 내부 E/V 앞(지하1층)
2186,4,425,회현,7번출구 내부(지하1층)
2187,4,425,회현,7번출구 외부계단 앞
2188,4,425,회현,7번출구 내부 E/V 앞(지하2층)
2189,4,425,회현,5번출구 외부 1호기 E/V 앞
2190,4,426,서울역(4),1호선 환승통로 중간 계단 앞
2191,4,426,서울역(4),1호선 환승통로 10번출구 연결통로
2192,4,426,서울역(4),남자화장실 앞
2193,4,426,서울역(4),승강장 가는 F내부계단
2194,4,426,서울역(4),6번 개찰구 앞
2195,4,426,서울역(4),서울역 1호선측 자동발매기 앞
2196,4,426,서울역(4),11번출구 내부
2197,4,426,서울역(4),14번출구 내부
2198,4,426,서울역(4),14번출구 외부
2199,4,426,서울역(4),13번출구 옆 150번 자동발매기 앞
2200,4,426,서울역(4),12번출구 내부
2201,4,426,서울역(4),12번출구 외부 벽
2202,4,426,서울역(4),12번출구 뒤 외부 1호기 E/V 앞
2203,4,426,서울역(4),13번출구 내부
2204,4,426,서울역(4),13번출구 계단 벽
2205,4,426,서울역(4),1호선 승강장에서 환승통로 계단(2호기 E/S 상단)
2206,4,426,서울역(4),상선 1-1 앞(2호기 E/S 하단)
2207,4,426,서울역(4),하선 9-4 앞
2208,4,426,서울역(4),상선 3-3 앞
2209,4,426,서울역(4),하선 3-4 앞
2210,4,426,서울역(4),하선 2-4 내부 1호기 E/V 앞
2211,4,426,서울역(4),상선 9-3 앞
2212,4,426,서울역(4),상선 10-4 앞
2213,4,427,숙대입구,1번출구 계단 외부
2214,4,427,숙대입구,"1, 2번출구 내부"
2215,4,427,숙대입구,2번출구 외부
2216,4,427,숙대입구,3번출구 외부
2217,4,427,숙대입구,"3, 4번출구 내부"
2218,4,427,숙대입구,4번출구 외부
2219,4,427,숙대입구,"A, B계단 중간 상"
2220,4,427,숙대입구,"G, H계단 중간 상"
2221,4,427,숙대입구,10번출구 내부
2222,4,427,숙대입구,10번출구 외부
2223,4,427,숙대입구,10번출구 1호기 E/V 앞
2224,4,427,숙대입구,9번출구 내부
2225,4,427,숙대입구,9번출구 외부
2226,4,427,숙대입구,화장실 앞
2227,4,427,숙대입구,D계단 상
2228,4,427,숙대입구,E계단 내부 상
2229,4,427,숙대입구,5번출구 외부
2230,4,427,숙대입구,"5, 6번출구 내부"
2231,4,427,숙대입구,6번출구 외부
2232,4,427,숙대입구,8번출구 계단 외부
2233,4,427,숙대입구,"7, 8번출구 내부"
2234,4,427,숙대입구,7번출구 계단 외부
2235,4,427,숙대입구,상선 1-1 맨끝
2236,4,427,숙대입구,하선 10-4 맨끝
2237,4,427,숙대입구,상선 2-4 계단 밑
2238,4,427,숙대입구,하선 9-1 계단 밑
2239,4,427,숙대입구,상선 4-4 계단 밑
2240,4,427,숙대입구,하선 7-1 계단 밑
2241,4,427,숙대입구,상선 7-1 계단 밑
2242,4,427,숙대입구,하선 4-4 계단 밑
2243,4,427,숙대입구,상선 8-1 E/V 앞
2244,4,427,숙대입구,하선 3-3 E/V 앞
2245,4,427,숙대입구,상선 9-1 계단 밑
2246,4,427,숙대입구,하선 2-4 계단 밑
2247,4,427,숙대입구,상선 10-4 맨끝
2248,4,427,숙대입구,하선 1-1 맨끝
2249,4,427,숙대입구,역무실 앞
2250,4,428,삼각지,1번출구 외부
2251,4,428,삼각지,2번출구 외부
2252,4,428,삼각지,"1, 2번출구 내부 중간 기둥"
2253,4,428,삼각지,"1, 2번출구 중간 1호기 E/V 위 외부"
2254,4,428,삼각지,6번출구 외부
2255,4,428,삼각지,5번출구 외부
2256,4,428,삼각지,"5, 6번출구 내부 중간"
2257,4,428,삼각지,"5, 6번출구 중간 2호기 E/V 외부"
2258,4,428,삼각지,"대합실 1, 2, 5, 6번출구측 자동발매기 위"
2259,4,428,삼각지,대합실 숙대출구측 상선 GATE 내(B계단)
2260,4,428,삼각지,대합실 숙대출구측 하선 GATE 내(H계단)
2261,4,428,삼각지,대합실 상선승강장 가는 내부 1호기 E/V
2262,4,428,삼각지,대합실 하선승강장 가는 내부 2호기 E/V
2263,4,428,삼각지,화장실 앞
2264,4,428,삼각지,대합실 신용산측 상선 GATE 내(D계단 상)
2265,4,428,삼각지,대합실 신용산측 하선 GATE 내(F계단 상)
2266,4,428,삼각지,대합실 신용산측 150번 자동발매기 위 천정
2267,4,428,삼각지,3번출구 외부계단 위
2268,4,428,삼각지,3번출구 내부
2269,4,428,삼각지,4번출구 외부계단 위
2270,4,428,삼각지,4번출구 내부
2271,4,428,삼각지,숙대출구측 상선 승강장 끝 6호선 환승통로
2272,4,428,삼각지,상선 2-1 계단
2273,4,428,삼각지,상선 4-1 계단 앞
2274,4,428,삼각지,상선 4-3 E/V
2275,4,428,삼각지,상선 7-2 앞
2276,4,428,삼각지,상선 9-1 계단
2277,4,428,삼각지,상선 10-4 앞
2278,4,428,삼각지,하선 10-4 승강장 끝 6호선 가는 환승통로
2279,4,428,삼각지,하선 9-3 앞 계단
2280,4,428,삼각지,하선 7-4 앞 계단
2281,4,428,삼각지,하선 7-2 E/V
2282,4,428,삼각지,하선 4-2 계단 앞
2283,4,428,삼각지,하선 2-4 계단 앞
2284,4,428,삼각지,하선 1-1 승강장 끝 신용산측
2285,4,428,삼각지,"하선 승강장 29, 30번 중간 승강장 끝"
2286,4,428,삼각지,3번출구측 E/V 가는 통로
2287,4,428,삼각지,3번출구측 3호기 E/V 외부
2288,4,431,동작,"통신분소 앞(대합실) G, H계단 사이"
2289,4,431,동작,화장실 앞
2290,4,431,동작,"3, 4번출구 국립묘지측(외부)"
2291,4,431,동작,역무실 옆 E/V 앞
2292,4,431,동작,대합실 가는 J계단 밑(역무실 우측)
2293,4,431,동작,대합실 가는 I계단 밑(역무실 좌측)
2294,4,431,동작,1번출구(내부) 역무실 앞
2295,4,431,동작,1번출구(외부) 역무실 앞
2296,4,431,동작,2번출구(외부) 육교 앞
2297,4,431,동작,역무실 앞 천정
2298,4,431,동작,하선 8-4 앞
2299,4,431,동작,하선 4-4 E/V 앞
2300,4,431,동작,하선 2-4 앞
2301,4,431,동작,하선 5-4 앞
2302,4,431,동작,하선 6-3 앞
2303,4,431,동작,승강장 F계단 밑 사당측
2304,4,431,동작,대합실~승강장 가는 B계단 밑(상선측) 분소 앞
2305,4,431,동작,대합실 J계단 위 14번 기둥
2306,4,431,동작,"상선 승강장 가는 E/V 앞(C, D계단 사이)"
2307,4,431,동작,9호선 환승통로 앞
2308,4,431,동작,대합실 통신분소 앞 I계단 위 9번 기둥
2309,4,431,동작,상선 2-4 앞
2310,4,431,동작,상선 5-2 앞
2311,4,431,동작,상선 6-3 앞
2312,4,431,동작,상선 7-4 E/V 앞
2313,4,431,동작,상선 9-1 앞
2314,4,432,총신대입구,1번출구 뒤 외부 1호기 E/V
2315,4,432,총신대입구,1번출구 외부 사인보드안
2316,4,432,총신대입구,1번출구 올라가는 계단 E/S 앞
2317,4,432,총신대입구,화장실
2318,4,432,총신대입구,승강장 내려가는 B내부계단
2319,4,432,총신대입구,5번 개찰구 앞 10번 기둥
2320,4,432,총신대입구,14번출구 뒤 외부 2호기 E/V
2321,4,432,총신대입구,14번출구 외부 사인보드안 
2322,4,432,총신대입구,14번출구 내부
2323,4,432,총신대입구,상선 승강장 가는 내부 1호기 E/V(사당측 대합실)
2324,4,432,총신대입구,"F내부계단 앞(사당, 오이도 승강장 가는)"
2325,4,432,총신대입구,11번 개찰구 앞 상선 C내부계단(안내간판 뒤)
2326,4,432,총신대입구,자동발매기 앞 2번출구 옆 천장
2327,4,432,총신대입구,13번출구 계단 앞
2328,4,432,총신대입구,2번출구 앞(외부)
2329,4,432,총신대입구,2번출구 계단 앞(내부)
2330,4,432,총신대입구,13번출구 계단 앞(외부)
2331,4,432,총신대입구,상선 2-2 A내부계단 앞 동작측
2332,4,432,총신대입구,상선 4-2 B내부계단 앞 동작측
2333,4,432,총신대입구,상선 내부 1호기 E/V 앞
2334,4,432,총신대입구,상선 C내부계단 9-3 동작측
2335,4,432,총신대입구,상선 10-2 7호선 환승
2336,4,432,총신대입구,"상선 7호선 환승구 앞(장암, 온수 통로)"
2337,4,432,총신대입구,내부 2호기 E/V 앞
2338,4,432,총신대입구,7-3 G내부계단 올라가는 사당측
2339,4,432,총신대입구,4-2 F내부계단 올라가는 사당측
2340,4,432,총신대입구,2-3 E내부계단 올라가는 사당측
2341,4,432,총신대입구,환승역 장암 온수 측(하선 1-1 앞 기둥)
2342,4,432,총신대입구,G계단 위
2343,4,433,사당(4),11번출구(외부)
2344,4,433,사당(4),12번출구(외부)
2345,4,433,사당(4),"11, 12번출구(내부)"
2346,4,433,사당(4),9번출구(외부)
2347,4,433,사당(4),10번출구(외부)
2348,4,433,사당(4),"9, 10번출구(내부)"
2349,4,433,사당(4),"9, 10번출구 중간 외부 E/V 앞"
2350,4,433,사당(4),"지하1층 10, 12번출구 가는 상가측 개찰구 앞 "
2351,4,433,사당(4),"10, 12번출구 가는 상가측 170번 자동발매기 앞"
2352,4,433,사당(4),지하1층 상가측 화장실 앞
2353,4,433,사당(4),4호선에서 2호선 대합실 가는 계단 앞(좌측)
2354,4,433,사당(4),4호선에서 2호선 대합실 가는 계단 앞(우측)
2355,4,433,사당(4),"2호선 교대, 잠실 가는 안내센터 옆"
2356,4,433,사당(4),4호선~2호선 통행로(통로)
2357,4,433,사당(4),152번 자동발매기 위
2358,4,433,사당(4),"3, 4번출구 내부 통로입구"
2359,4,433,사당(4),3번출구 E/S 외부
2360,4,433,사당(4),3번출구 E/S 내부
2361,4,433,사당(4),4번출구 E/S 외부
2362,4,433,사당(4),4번출구 E/S 내부
2363,4,433,사당(4),"지하2층 승강장에서 9, 10번출구 가는 중간계단 앞"
2364,4,433,사당(4),지하2층 역무실통로 화장실 앞
2365,4,433,사당(4),지하2층 대합실에서 2호선 신도림 환승계단 앞
2366,4,433,사당(4),2호선 교대측 환승계단 앞(E계단 위)
2367,4,433,사당(4),2호선 승강장 가는 계단(1호기 E/S 상)
2368,4,433,사당(4),상선 1-1 앞
2369,4,433,사당(4),하선 7-3 앞
2370,4,433,사당(4),상선 6-2 앞
2371,4,433,사당(4),상선 9-2 E/V 앞
2372,4,433,사당(4),하선 1-1 앞
2373,5,510,방화(5),지하1층 하선 승강장 내려가는 계단
2374,5,510,방화(5),지하1층 통신기계실 앞 2호기 E/V
2375,5,510,방화(5),"1, 2번출구 내부"
2376,5,510,방화(5),1번출구 내부
2377,5,510,방화(5),2번출구 내부
2378,5,510,방화(5),화장실 앞
2379,5,510,방화(5),"3, 4번출구 내부"
2380,5,510,방화(5),I센터 위 천정
2381,5,510,방화(5),1번 개찰구 위 천정
2382,5,510,방화(5),상선 4-1 앞 E/V
2383,5,510,방화(5),상선 4-2
2384,5,510,방화(5),상선 5-4
2385,5,511,개화산,1번출구 내부
2386,5,511,개화산,대합실 내려가는 계단 1호기 E/V 옆
2387,5,511,개화산,2번출구 내부
2388,5,511,개화산,대합실 내려가는 계단 2호기 E/V 옆
2389,5,511,개화산,상선 승강장 내려가는 계단 I센터 뒤
2390,5,511,개화산,하선 승강장 내려가는 계단 I센터 앞
2391,5,511,개화산,I센터 위
2392,5,511,개화산,5번 개찰구 위
2393,5,511,개화산,외부로 나가는 계단
2394,5,511,개화산,화장실 앞
2395,5,511,개화산,상선 4-4
2396,5,511,개화산,상선 6-3
2397,5,511,개화산,상선 7-2 E/V
2398,5,511,개화산,하선 4-4
2399,5,511,개화산,하선 3-1
2400,5,511,개화산,하선 2-3 E/V
2401,5,512,김포공항,국제선 연결통로 천정
2402,5,512,김포공항,I센터 위 천정
2403,5,512,김포공항,21번 개찰구 위
2404,5,512,김포공항,7번 개찰구 위
2405,5,512,김포공항,상선 승강장 내려가는 계단 2호기 E/S
2406,5,512,김포공항,하선 승강장 가는 계단 3호기 E/S
2407,5,512,김포공항,지하2층 대합실 1호기 E/V 앞
2408,5,512,김포공항,지하2층 대합실 2호기 E/V 앞
2409,5,512,김포공항,화장실 앞 천정
2410,5,512,김포공항,공항철도 환승통로
2411,5,512,김포공항,국내선 가는 연결통로
2412,5,512,김포공항,한국공항공사 가는 연결통로
2413,5,512,김포공항,상선 4-1
2414,5,512,김포공항,상선 5-4
2415,5,512,김포공항,상선 6-2 1호기 E/V
2416,5,512,김포공항,하선 5-4
2417,5,512,김포공항,하선 4-1
2418,5,512,김포공항,하선 3-2 E/V 앞
2419,5,512,김포공항,공항철도 환승통로(상선 7-2)
2420,5,512,김포공항,공항철도 환승통로(하선 1-4)
2421,5,513,송정,"3, 4번출구 내부"
2422,5,513,송정,"1, 2번출구 내부"
2423,5,513,송정,"대합실 내려가는 계단 앞 1, 2호기 E/S"
2424,5,513,송정,화장실 앞 천정
2425,5,513,송정,"외부로 나가는 계단 1, 2호기 E/S 중간 기둥"
2426,5,513,송정,지하2층 대합실 3호기 E/V 앞
2427,5,513,송정,I센터 앞 개찰구
2428,5,513,송정,I센터 위 천정
2429,5,513,송정,상선 승강장 가는 계단
2430,5,513,송정,하선 승강장 가는 계단
2431,5,513,송정,상선 3-4
2432,5,513,송정,상선 5-1 E/V
2433,5,513,송정,상선 6-1
2434,5,513,송정,하선 3-4
2435,5,513,송정,하선 5-1 2호기 E/V
2436,5,513,송정,하선 6-1
2437,5,513,송정,대합실 E/V 앞(4호기)
2438,5,514,마곡,상선 승강장 내려가는 계단(1호기 E/V 뒤)
2439,5,514,마곡,하선 승강장 내려가는 계단(2호기 E/V 뒤)
2440,5,514,마곡,I센터 위
2441,5,514,마곡,개찰구 위 천정
2442,5,514,마곡,화장실 앞
2443,5,514,마곡,2번출구 내부
2444,5,514,마곡,상선 3-4
2445,5,514,마곡,하선 5-1 E/V
2446,5,514,마곡,하선 5-4
2447,5,514,마곡,하선 4-1
2448,5,514,마곡,상선 6-1
2449,5,514,마곡,"6, 7번출구 4호기 E/V"
2450,5,514,마곡,상선 4-4 E/V
2451,5,514,마곡,"6번출구 내부 5, 6호기 E/S"
2452,5,514,마곡,"5번출구 내부 11, 12호기 E/S"
2453,5,514,마곡,대합실 3호기 E/V 앞
2454,5,514,마곡,대합실 2호기 E/V 앞
2455,5,514,마곡,1번출구 외부 사인보드안
2456,5,514,마곡,6번출구 외부 사인보드안
2457,5,514,마곡,7번출구 외부 사인보드안
2458,5,514,마곡,"1, 6, 7번출구 나가는 통로"
2459,5,514,마곡,"1번출구 내부 1, 2호기 E/S"
2460,5,514,마곡,대합실 1호기 E/V 앞
2461,5,514,마곡,"4번출구 내부 9, 10호기 E/S"
2462,5,514,마곡,4번출구 외부 사인보드안
2463,5,514,마곡,4번출구 6호기 E/V 앞
2464,5,514,마곡,"7번출구 내부 3, 4호기 E/S"
2465,5,514,마곡,5번출구 외부 사인보드안
2466,5,514,마곡,"3, 4, 5번출구 통로"
2467,5,514,마곡,3번출구 5호기 E/V 앞
2468,5,514,마곡,"3번출구 내부 7, 8호기 E/S 앞"
2469,5,514,마곡,3번출구 외부 사인보드안
2470,5,514,마곡,2번출구 캐노피 안
2471,5,515,발산,7번출구 내부
2472,5,515,발산,9번출구 내부
2473,5,515,발산,8번출구 내부
2474,5,515,발산,1번출구 내부
2475,5,515,발산,10번 개찰구 앞
2476,5,515,발산,상선 승강장 가는 계단
2477,5,515,발산,화장실 앞
2478,5,515,발산,하선 개찰구 앞(승강장 내려가는 계단)
2479,5,515,발산,I센터 위 천정
2480,5,515,발산,24번 개찰구 위
2481,5,515,발산,상선 6-1
2482,5,515,발산,상선 5-1
2483,5,515,발산,상선 3-4
2484,5,515,발산,하선 6-1
2485,5,515,발산,하선 4-4
2486,5,515,발산,하선 3-4
2487,5,515,발산,이대병원 연결통로 앞(8번출구측)
2488,5,516,우장산,상선 승강장 가는 계단 1호기 E/V 앞
2489,5,516,우장산,1번 개찰구 위
2490,5,516,우장산,4번출구 내부
2491,5,516,우장산,"I센터 뒤, 6번 개찰구 위"
2492,5,516,우장산,I센터 앞
2493,5,516,우장산,1번출구측 대합실 E/V 앞(3호기)
2494,5,516,우장산,2번출구 내부
2495,5,516,우장산,하선 승강장 가는 계단 2호기 E/V 앞
2496,5,516,우장산,화장실 앞
2497,5,516,우장산,상선 3-3
2498,5,516,우장산,상선 4-2 E/V
2499,5,516,우장산,상선 5-2
2500,5,516,우장산,하선 6-2
2501,5,516,우장산,하선 5-3 E/V
2502,5,516,우장산,하선 4-3
2503,5,516,우장산,3번출구 내부
2504,5,517,화곡,승강장 내려가는 계단
2505,5,517,화곡,화장실 입구
2506,5,517,화곡,23번 개찰구 위
2507,5,517,화곡,"3, 4번출구 내부 E/S 앞(하단)"
2508,5,517,화곡,"외부로 올라가는 2호기 E/V 앞(1, 2번출구 방향)"
2509,5,517,화곡,"1, 2번출구 내부"
2510,5,517,화곡,"5, 6번출구 내부"
2511,5,517,화곡,"7, 8번출구 내부"
2512,5,517,화곡,5번 개찰구 위(I센터 앞)
2513,5,517,화곡,I센터 위 천정
2514,5,517,화곡,승강장 내려가는 계단(I센터 앞)
2515,5,517,화곡,상선 1-1
2516,5,517,화곡,상선 4-2 계단
2517,5,517,화곡,상선 5-2 1호기 E/V
2518,5,517,화곡,상선 6-2
2519,5,517,화곡,"3번출구 3, 4호기 E/S 앞 상단"
2520,5,517,화곡,한양 더 챔버 연결통로
2521,5,518,까치산,2번출구 내부
2522,5,518,까치산,4번출구 내부
2523,5,518,까치산,화장실 앞
2524,5,518,까치산,I-센터 위
2525,5,518,까치산,8번 개찰구 위
2526,5,518,까치산,"상선 승강장 가는 계단(대합실 1, 2호기 E/S 상단)"
2527,5,518,까치산,"하선 승강장 가는 계단(대합실 3, 4호기 E/S 상단)"
2528,5,518,까치산,상선 1-1 위 승강장 가는 계단(통로)
2529,5,518,까치산,하선 8-4 위 승강장 가는 계단(통로)
2530,5,518,까치산,상선 1-1
2531,5,518,까치산,상선 2-3 E/S
2532,5,518,까치산,하선 8-4
2533,5,518,까치산,하선 7-2 E/S
2534,5,518,까치산,하선 8-1
2535,5,518,까치산,2호선측 6-4
2536,5,518,까치산,하선 5-1
2537,5,518,까치산,2호선측 3-4
2538,5,518,까치산,상선 7-3
2539,5,518,까치산,하선 2-2
2540,5,518,까치산,하선 1-2
2541,5,518,까치산,2호선측 1-1
2542,5,518,까치산,2호기 E/V 앞
2543,5,519,신정,"1번출구 내부 7, 8호기 E/S"
2544,5,519,신정,"대합실 내려가는 5, 6호기 E/S"
2545,5,519,신정,"4, 5번출구 내부"
2546,5,519,신정,"1, 4, 5번출구 가는 연결계단 5 ,6호기 E/S"
2547,5,519,신정,I-센터 위(까치산측)
2548,5,519,신정,9번 개찰구 위(발매기 위)
2549,5,519,신정,상선 승강장 가는 계단
2550,5,519,신정,하선 승강장 가는 계단
2551,5,519,신정,I-센터 위(목동측) 천정
2552,5,519,신정,화장실 앞
2553,5,519,신정,3번출구 내부
2554,5,519,신정,1번 개찰구 위 천정
2555,5,519,신정,상선 승강장 가는 계단(까치산측)
2556,5,519,신정,2번출구 내부
2557,5,519,신정,하선 승강장 가는 계단(목동측)
2558,5,519,신정,"상선 1-1(1, 2호기 E/S) 밑"
2559,5,519,신정,상선 8-2 E/V
2560,5,519,신정,상선 8-4
2561,5,519,신정,"하선 8-4(3, 4호기 E/S) 밑"
2562,5,519,신정,하선 1-4(2호기 E/V)
2563,5,519,신정,대합실 올라가는 계단 하선 1-1
2564,5,520,목동,"7, 8번출구 중간"
2565,5,520,목동,"1, 2번출구"
2566,5,520,목동,화장실 앞
2567,5,520,목동,I센터 앞 천정
2568,5,520,목동,"5, 6번출구 중간 계단"
2569,5,520,목동,"3, 4번출구 "
2570,5,520,목동,13번 개찰구
2571,5,520,목동,상선 승강장 가는 계단
2572,5,520,목동,하선 승강장 가는 계단
2573,5,520,목동,상선 4-1
2574,5,520,목동,상선 5-1 E/V
2575,5,520,목동,상선 5-4 계단
2576,5,520,목동,하선 6-1
2577,5,520,목동,하선 4-4 E/V
2578,5,520,목동,하선 4-1
2579,5,520,목동,"3, 4번출구 중간"
2580,5,521,오목교,1번출구
2581,5,521,오목교,8번출구
2582,5,521,오목교,"대합실 가는 계단 4, 5호기 E/S 상단(1, 2, 8번출구)"
2583,5,521,오목교,지하1층에서 지하2층가는 대합실 가는 중간계단(3~7번출구)
2584,5,521,오목교,지하1층 화장실 앞
2585,5,521,오목교,지하1층 3번출구
2586,5,521,오목교,지하1층 7번출구
2587,5,521,오목교,지하1층 6번출구
2588,5,521,오목교,지하1층 4번출구
2589,5,521,오목교,지하1층 5번출구
2590,5,521,오목교,3~7번출구 계단 지하2층
2591,5,521,오목교,상선 승강장 계단 위
2592,5,521,오목교,29번 개찰구 앞
2593,5,521,오목교,하선 승강장 가는 계단 위
2594,5,521,오목교,9번 개찰구 위
2595,5,521,오목교,I센터 앞
2596,5,521,오목교,1호기 E/V(지하2층)
2597,5,521,오목교,2호기 E/V(지하2층)
2598,5,521,오목교,"1, 2, 8번출구 중간계단 4, 5호기 E/S 밑"
2599,5,521,오목교,상선 4-1
2600,5,521,오목교,상선 6-3
2601,5,521,오목교,상선 7-2 E/V
2602,5,521,오목교,하선 5-3
2603,5,521,오목교,하선 3-2
2604,5,521,오목교,하선 2-3 E/V
2605,5,521,오목교,상선 승강장 가는 계단 7호기 E/S
2606,5,521,오목교,하선 승강장 가는 계단 10호기 E/S
2607,5,521,오목교,3호기 E/V(지하1층)
2608,5,521,오목교,5번출구 중간 벽
2609,5,521,오목교,5번출구 사인보드 안
2610,5,522,양평,"대합실 내려가는 계단 앞 1, 2번출구 사이"
2611,5,522,양평,1번출구 내부
2612,5,522,양평,화장실 앞
2613,5,522,양평,"1, 2호기 E/S 상단 천정(역무실 앞)"
2614,5,522,양평,8번 개찰구 위
2615,5,522,양평,I센터 앞 천정
2616,5,522,양평,외부로 가는 계단 앞
2617,5,522,양평,"1, 2호기 E/S 옆 계단 중간"
2618,5,522,양평,"대합실 올라가는 7, 8호기 E/S 밑"
2619,5,522,양평,"지하4층 대합실 내려가는 7, 8호기 E/S 상단"
2620,5,522,양평,상선 승강장 가는 계단(1호기 E/V 앞)
2621,5,522,양평,대합실 E/V 앞(1호기)
2622,5,522,양평,하선 승강장 가는 계단(2호기 E/V 앞)
2623,5,522,양평,상선 2-3
2624,5,522,양평,상선 3-3 E/V
2625,5,522,양평,상선 4-3
2626,5,522,양평,하선 7-2
2627,5,522,양평,하선 6-2 E/V
2628,5,522,양평,하선 5-2
2629,5,523,영등포구청,7번출구 내부
2630,5,523,영등포구청,6번출구 내부
2631,5,523,영등포구청,대합실 내려가는 계단
2632,5,523,영등포구청,화장실 앞
2633,5,523,영등포구청,지하3층 올라가는 계단
2634,5,523,영등포구청,I센터 앞 천정
2635,5,523,영등포구청,5번 개찰구 위
2636,5,523,영등포구청,상선 승강장 가는 계단
2637,5,523,영등포구청,하선 승강장 가는 계단
2638,5,523,영등포구청,"2호선 환승계단 앞 5, 6호기 E/S 하단"
2639,5,523,영등포구청,"상선 승강장 가는 계단 8, 9호기 E/S 상단"
2640,5,523,영등포구청,하선 승강장 가는 계단 10호기 E/S 상단
2641,5,523,영등포구청,"5호선 승강장 가는 계단 5, 6호기 E/S 상단"
2642,5,523,영등포구청,상선 2-4
2643,5,523,영등포구청,하선 7-1
2644,5,523,영등포구청,상선 4-4
2645,5,523,영등포구청,상선 6-4 E/V
2646,5,523,영등포구청,하선 6-1 E/V 앞
2647,5,523,영등포구청,하선 5-2
2648,5,523,영등포구청,상선 7-2
2649,5,523,영등포구청,하선 2-2
2650,5,523,영등포구청,지하4층 내려가는 14호기 E/S 앞
2651,5,523,영등포구청, 상선 승강장 내려가는 3호기 E/V
2652,5,523,영등포구청,상선 8-4 3호기 E/V
2653,5,523,영등포구청,지하4층 승강장 내려가는 하선 1-1 4호기 E/V
2654,5,523,영등포구청,지하5층 4호기 E/V
2655,5,524,영등포시장,"1, 4번출구 내부"
2656,5,524,영등포시장,"2, 3번출구 내부 천정"
2657,5,524,영등포시장,대합실 3호기 E/V 통로 앞
2658,5,524,영등포시장,화장실 앞
2659,5,524,영등포시장,"대합실 2호기 E/V 앞(1, 4번출구 앞)"
2660,5,524,영등포시장,지하2층 대합실 내려가는 4호기 E/S 상단
2661,5,524,영등포시장,지하2층에서 지하1층 대합실 가는 계단
2662,5,524,영등포시장,지하2층에서 지하3층 내려가는 계단 6호기 E/S 상단
2663,5,524,영등포시장,I센터 앞 천정
2664,5,524,영등포시장,1번 개찰구 앞 기둥
2665,5,524,영등포시장,"승강장 내려가는 연결계단 1, 2호기 E/S 상단"
2666,5,524,영등포시장,대합실 올라가는 계단(지하5층 1호기 E/S 옆)
2667,5,524,영등포시장,상선 승강장 내려가는 계단
2668,5,524,영등포시장,하선 승강장 내려가는 계단
2669,5,524,영등포시장,상선 4-3 E/V
2670,5,524,영등포시장,상선 5-1
2671,5,524,영등포시장,하선 5-2 E/V
2672,5,524,영등포시장,하선 4-3
2673,5,524,영등포시장,"지하1층 대합실 올라가는 3, 4호기 E/S 밑"
2674,5,524,영등포시장,지하2층에서 지하3층 내려가는 계단 5호기 E/S 상단
2675,5,524,영등포시장,지하3층에서 지하2층 올라가는 계단 5호기 E/S
2676,5,524,영등포시장,대합실 올라가는 6호기 E/S 앞
2677,5,524,영등포시장,2번출구 올라가는 외부 3호기 E/V
2678,5,524,영등포시장,2번출구 옆 포레나오피스텔 가는 통로
2679,5,524,영등포시장,"2번출구 내부 7, 8호기 E/S"
2680,5,525,신길,3번출구 외부 천정
2681,5,525,신길,3번출구 내부 기둥
2682,5,525,신길,화장실 앞
2683,5,525,신길,I센터 천정
2684,5,525,신길,9번 개찰구 앞
2685,5,525,신길,상선 승강장 가는 계단
2686,5,525,신길,하선 승강장 가는 계단
2687,5,525,신길,상선 승강장 가는 계단 앞 8호기 E/S 상단
2688,5,525,신길,하선 승강장 가는 계단 9호기 E/S 상단
2689,5,525,신길,상선 4-2
2690,5,525,신길,상선 5-3 E/V
2691,5,525,신길,상선 6-3
2692,5,525,신길,하선 5-2
2693,5,525,신길,하선 4-2 E/V
2694,5,525,신길,하선 3-2
2695,5,525,신길,상선 7-3
2696,5,525,신길,하선 2-1
2697,5,525,신길,"4호기 E/V 앞(대합실, 6호기 E/S 옆)"
2698,5,525,신길,하선 1-1 E/V 앞
2699,5,525,신길,"5호기 E/V, 3호기 E/S 옆"
2700,5,525,신길,상선 8-4
2701,5,525,신길,6호기 E/V 아래 앞 기둥
2702,5,525,신길,6호기 E/V 위 앞 기둥
2703,5,526,여의도,I센터 천정
2704,5,526,여의도,10번 개찰구 기둥
2705,5,526,여의도,38번 개찰구 기둥
2706,5,526,여의도,화장실 앞
2707,5,526,여의도,"5호선 승강장 가는 계단(1, 2호기 E/S 상단)"
2708,5,526,여의도,"5호선 승강장 가는 계단(3, 4호기 E/S 상단)"
2709,5,526,여의도,9호선 승강장에서 대합실 가는 중간계단
2710,5,526,여의도,1호기 E/V(지하2층)
2711,5,526,여의도,2호기 E/V(지하2층)
2712,5,526,여의도,대합실 가는 계단 앞
2713,5,526,여의도,상선 승강장 가는 계단(지하3층)
2714,5,526,여의도,하선 승강장 가는 계단(지하3층)
2715,5,526,여의도,대합실 올라가는 계단 앞 1
2716,5,526,여의도,대합실 올라가는 계단 앞 2(지하3층)
2717,5,526,여의도,상선 승강장 가는 계단(지하3층)
2718,5,526,여의도,하선 승강장 가는 계단(지하3층)
2719,5,526,여의도,상선 2-1
2720,5,526,여의도,하선 7-4
2721,5,526,여의도,하선 6-4 E/V
2722,5,526,여의도,상선 3-4
2723,5,526,여의도,상선 5-4
2724,5,526,여의도,하선 4-1
2725,5,526,여의도,하선 6-1
2726,5,526,여의도,상선 7-1 E/V
2727,5,526,여의도,상선 7-4 앞
2728,5,526,여의도,하선 2-1 앞
2729,5,527,여의나루,1번출구
2730,5,527,여의나루,2번출구
2731,5,527,여의나루,3번출구
2732,5,527,여의나루,화장실 앞
2733,5,527,여의나루,I센터 천정
2734,5,527,여의나루,10번 개찰구 앞 기둥
2735,5,527,여의나루,1호기 E/V 앞 기둥
2736,5,527,여의나루,"승강장 가는 계단 앞 기둥(1, 2호기 E/S 상단)"
2737,5,527,여의나루,상선 7-3 계단
2738,5,527,여의나루,하선 3-3 E/V
2739,5,527,여의나루,하선 5-2
2740,5,528,마포,1번출구(지하1층)
2741,5,528,마포,2번출구(지하1층)
2742,5,528,마포,3번출구 E/S(지하1층)
2743,5,528,마포,4번출구(지하1층)
2744,5,528,마포,화장실 앞(지하1층)
2745,5,528,마포,I센터 앞 천정(지하1층)
2746,5,528,마포,7번 개찰구 앞(지하1층)
2747,5,528,마포,"1호기 E/V 옆(세븐일레븐, 지하1층)"
2748,5,528,마포,"1, 2호기 E/V 위 I센터 앞 계단(지하1층)"
2749,5,528,마포,승강장 가는 계단 앞(지하3층)
2750,5,528,마포,상선 3-4(지하4층)
2751,5,528,마포,하선 4-4 E/V(지하4층)
2752,5,528,마포,상선 5-3(지하4층)
2753,5,528,마포,"지하3층 내려가는 7, 8호기 E/S 앞(지하2층)"
2754,5,529,공덕,1번출구 내부
2755,5,529,공덕,8번출구 내부
2756,5,529,공덕,대합실 6호선 환승통로
2757,5,529,공덕,2번출구 내부
2758,5,529,공덕,"승강장 내려가는 계단 앞 5, 6호기 E/S 상단"
2759,5,529,공덕,5번출구 내부
2760,5,529,공덕,화장실 앞
2761,5,529,공덕,3번출구 내부
2762,5,529,공덕,4번출구 내부
2763,5,529,공덕,"27번 기둥(지하1층) 7, 8호기 E/S 상단"
2764,5,529,공덕,"1, 2, 5, 8번출구 나가는 계단"
2765,5,529,공덕,I센터 앞
2766,5,529,공덕,2번 개찰구 위
2767,5,529,공덕,승강장 내려가는 계단(I센터 좌측)
2768,5,529,공덕,승강장 내려가는 계단(I센터 우측)
2769,5,529,공덕,26번 개찰구 위(천정)
2770,5,529,공덕,"1층 대합실 올라가는 계단 7, 8호기 E/S 하단"
2771,5,529,공덕,"승강장 6호선 환승통로 1, 2호기 E/S 밑"
2772,5,529,공덕,하선 8-4
2773,5,529,공덕,상선 3-2
2774,5,529,공덕,하선 4-2
2775,5,529,공덕,2번출구 내부 11호기 E/S 하단
2776,5,529,공덕,2번출구 외부 11호기 E/S 상단
2777,5,529,공덕,2번출구측 2호기 E/V 앞
2778,5,530,애오개,"1, 2번출구 계단"
2779,5,530,애오개,"승강장 가는 3, 4호기 E/S 상단"
2780,5,530,애오개,"3, 4번출구 계단"
2781,5,530,애오개,화장실 앞
2782,5,530,애오개,I센터 천정
2783,5,530,애오개,5번 개찰구 기둥
2784,5,530,애오개,4호기 E/V 앞(지하1층)
2785,5,530,애오개,고객센터 앞 기둥
2786,5,530,애오개,상선 승강장 가는 계단
2787,5,530,애오개,3호기 E/V(지하3층)
2788,5,530,애오개,하선 승강장 가는 계단
2789,5,530,애오개,"지하3층에서 2층 가는 3, 4호기 E/S 밑"
2790,5,530,애오개,상선 5-4
2791,5,530,애오개,상선 4-4 E/V
2792,5,530,애오개,상선 3-4
2793,5,530,애오개,하선 5-4
2794,5,530,애오개,하선 5-1 E/V
2795,5,530,애오개,하선 3-4
2796,5,530,애오개,4번출구 E/S 앞
2797,5,531,충정로,10번출구 계단
2798,5,531,충정로,7번출구 E/S
2799,5,531,충정로,I센터 천정
2800,5,531,충정로,5번 개찰구 앞
2801,5,531,충정로,승강장 가는 계단 앞
2802,5,531,충정로,화장실 앞
2803,5,531,충정로,8번출구
2804,5,531,충정로,2호선 갈아타는곳 계단(I센터 뒤)
2805,5,531,충정로,9번출구
2806,5,531,충정로,승강장 가는 지하2층 계단 기둥
2807,5,531,충정로,2호선 연결통로
2808,5,531,충정로,승강장 가는 중간대합실 기둥
2809,5,531,충정로,지하4층 대합실 가는 중간 1호기 E/V
2810,5,531,충정로,2호선 갈아타는 대합실
2811,5,531,충정로,상선 4-1
2812,5,531,충정로,하선 3-3 계단
2813,5,532,서대문,"7 ,8번출구"
2814,5,532,서대문,"5, 6, 7, 8번출구 연결통로"
2815,5,532,서대문,화장실 앞
2816,5,532,서대문,13번 개찰구 옆 기둥
2817,5,532,서대문,"5, 6번출구"
2818,5,532,서대문,"1, 2번출구"
2819,5,532,서대문,"3, 4번출구"
2820,5,532,서대문,3호기 E/V 앞(5번출구)
2821,5,532,서대문,15번 개찰구
2822,5,532,서대문,"3, 4호기 E/S 상단 천정"
2823,5,532,서대문,승강장 가는 계단
2824,5,532,서대문,승강장 가는 계단
2825,5,532,서대문,승강장 1호기 E/V
2826,5,532,서대문,상선 3-2
2827,5,532,서대문,하선 3-2
2828,5,532,서대문,I센터 앞 천정
2829,5,532,서대문,4번출구 E/S 앞
2830,5,532,서대문,돈의문측 나가는 출구
2831,5,532,서대문,디타워 돈의문 연결통로
2832,5,533,광화문,"1, 8번출구"
2833,5,533,광화문,대합실 가는 계단(좌)
2834,5,533,광화문,대합실 가는 계단(우)
2835,5,533,광화문,화장실
2836,5,533,광화문,1번출구
2837,5,533,광화문,8번출구
2838,5,533,광화문,"1, 8번출구 계단 입구(좌)"
2839,5,533,광화문,"1, 8번출구 계단 입구(우)"
2840,5,533,광화문,I센터 앞 천정
2841,5,533,광화문,9번 개찰구 앞 기둥
2842,5,533,광화문,"승강장 가는 계단 1, 2호기 E/S 상단"
2843,5,533,광화문,2번출구(교보측)
2844,5,533,광화문,I센터(교보측)
2845,5,533,광화문,"4, 5, 6, 7번출구(교보측)"
2846,5,533,광화문,3번출구 내부
2847,5,533,광화문,39번 개찰구(교보측)
2848,5,533,광화문,자동발매기 앞(교보측)
2849,5,533,광화문,"4, 5, 6번출구 내부(교보측)"
2850,5,533,광화문,승강장 가는 계단(교보측)
2851,5,533,광화문,하선 8-4
2852,5,533,광화문,상선 8-4
2853,5,533,광화문,지하2층 2호기 E/V(역무실 앞 개찰구측)
2854,5,533,광화문,지하4층 승강장 2호기 E/V 좌측 벽면
2855,5,534,종로3가,지하1층 4번출구 E/S 앞
2856,5,534,종로3가,지하1층 고객서비스센터 천정
2857,5,534,종로3가,지하1층 10번 개찰구 옆 기둥
2858,5,534,종로3가,"지하1층 승강장 가는 3, 4호기 E/S 상단"
2859,5,534,종로3가,지하1층 화장실 앞
2860,5,534,종로3가,"지하3층 5호선 승강장 가는 1, 2호기 E/S 상단"
2861,5,534,종로3가,"지하3층 대합실 가는 3, 4호기 E/S 밑"
2862,5,534,종로3가,"3, 6번출구측 I센터 천정"
2863,5,534,종로3가,"3, 6번출구측 I센터 앞 기둥"
2864,5,534,종로3가,승강장 가는 계단(I센터 옆)
2865,5,534,종로3가,승강장 가는 계단(I센터 앞)
2866,5,534,종로3가,6번출구
2867,5,534,종로3가,3번출구
2868,5,534,종로3가,5호선 승강장 가는 E/S
2869,5,534,종로3가,"1, 3호선 환승통로 4번 기둥"
2870,5,534,종로3가,"1, 3호선 환승통로 E/S 앞"
2871,5,534,종로3가,5호선 승강장 가는 계단
2872,5,534,종로3가,하선 8-4
2873,5,534,종로3가,상선 8-4
2874,5,534,종로3가,"1, 3, 5호선 환승 E/V 지하1층 대합실"
2875,5,534,종로3가,"1, 3, 5호선 환승 E/V 지하3층"
2876,5,534,종로3가,"1, 3호선 환승하는 1호기 E/V 지하4층"
2877,5,534,종로3가,하선 1-1 앞 2호기 E/V
2878,5,534,종로3가,지하4층 2호기 E/V
2879,5,535,을지로4가,4번출구 E/S
2880,5,535,을지로4가,3번출구 계단
2881,5,535,을지로4가,화장실 앞
2882,5,535,을지로4가,"5, 6번출구"
2883,5,535,을지로4가,"1, 2번출구"
2884,5,535,을지로4가,I센터 개찰구에서 승강장 가는 기둥
2885,5,535,을지로4가,I센터 천정
2886,5,535,을지로4가,I센터 앞 5번 개찰구
2887,5,535,을지로4가,"2호선 환승통로 3, 4호기 E/S 상단 기둥"
2888,5,535,을지로4가,"5호선 승강장 가는 5, 6호기 E/S 상단 기둥"
2889,5,535,을지로4가,승강장 가는 계단(21번 기둥)
2890,5,535,을지로4가,"대합실 가는 계단 1, 2호기 E/S 밑"
2891,5,535,을지로4가,승강장 가는 계단 앞
2892,5,535,을지로4가,"2호선 환승통로 계단 3, 4호기 E/S 앞 기둥"
2893,5,535,을지로4가,하선 4-2 기둥
2894,5,535,을지로4가,상선 8-1 계단
2895,5,535,을지로4가,"2호선 성수방면 5, 6호기 E/S 밑(승강장 끝)"
2896,5,535,을지로4가,2호선 을지로3가 방면 1호기 E/V
2897,5,535,을지로4가,5호선 내려가는 1호기 E/V(2호선 역무실 앞)
2898,5,535,을지로4가,2호선 외선 7-4 1호기 E/V
2899,5,536,동대문역사문화공원,지하1층 7번출구
2900,5,536,동대문역사문화공원,지하1층 화장실 앞 천정
2901,5,536,동대문역사문화공원,지하1층 6번출구
2902,5,536,동대문역사문화공원,지하1층 대합실 내려가는 계단
2903,5,536,동대문역사문화공원,"5호선 승강장 내려가는 계단 1, 2호기 E/S 상단"
2904,5,536,동대문역사문화공원,지하2층 I센터 앞 천정
2905,5,536,동대문역사문화공원,지하2층 3번 개찰구 앞 천정
2906,5,536,동대문역사문화공원,"6, 7번출구 올라가는 계단"
2907,5,536,동대문역사문화공원,지하4층 승강장 내려가는 계단
2908,5,536,동대문역사문화공원,"지하4층 대합실 가는 1, 2호기 E/S 앞 기둥"
2909,5,536,동대문역사문화공원,"5호선 승강장 내려가는 계단 3, 4호기 E/S 상단"
2910,5,536,동대문역사문화공원,지하5층 상선1-1(계단 앞)
2911,5,536,동대문역사문화공원,"지하5층 2, 4호선 환승통로"
2912,5,536,동대문역사문화공원,"2, 4호선 환승통로 계단"
2913,5,536,동대문역사문화공원,5호선 승강장 가는 E/V 앞(4호선 승강장)
2914,5,536,동대문역사문화공원,4호선 승강장 가는 2호기 E/V 앞
2915,5,537,청구,I센터 위 천정
2916,5,537,청구,I센터 옆 1번 개찰구 위
2917,5,537,청구,승강장 내려가는 계단 앞 1호기 E/V 뒤
2918,5,537,청구,승강장 내려가는 계단 앞 1호기 E/V 앞
2919,5,537,청구,하선 6-4(대합실 올라가는 계단)
2920,5,537,청구,상선 4-1(E/V 앞)
2921,5,537,청구,상선 5-1(대합실 올라가는 계단)
2922,5,538,신금호,"1, 2번출구 올라가는 계단"
2923,5,538,신금호,3번출구
2924,5,538,신금호,5번출구
2925,5,538,신금호,승강장 가는 지하1층 계단 5호기 E/S 상단
2926,5,538,신금호,"1, 2, 3번출구 가는 5, 6호기 E/S 밑"
2927,5,538,신금호,1번 개찰구 벽
2928,5,538,신금호,고객서비스센터 위
2929,5,538,신금호,화장실 앞
2930,5,538,신금호,지상 가는 3호기 E/V 지하2층 앞
2931,5,538,신금호,"승강장 가는 1, 2호기 E/V 사이 지하2층 벽"
2932,5,538,신금호,"승강장 가는 3, 4호기 E/S 상단 지하2층"
2933,5,538,신금호,승강장 E/V 앞(하선 8-4와 상선 중앙)
2934,5,538,신금호,"승강장 1, 2호기 E/S 측 밑(하선 3-4)"
2935,5,539,행당,2번출구 계단 밑
2936,5,539,행당,"출구에서 대합실 가는 1, 2호기 E/S 상단 계단 기둥"
2937,5,539,행당,3번출구 벽
2938,5,539,행당,지하3층 화장실 앞
2939,5,539,행당,"화장실 앞 1, 2, 3, 4번출구 1, 2호기 E/S 하단"
2940,5,539,행당,I센터 앞 1호기 E/V 앞 지하3층
2941,5,539,행당,지하3층 4번 개찰구 기둥
2942,5,539,행당,지하3층 I센터 천정
2943,5,539,행당,승강장 가는 5호기 E/S 계단 벽
2944,5,539,행당,상선 승강장 가는 대합실 1호기 E/V 앞
2945,5,539,행당,상선 승강장 가는 대합실 1호기 E/V 뒤 계단
2946,5,539,행당,하선 승강장 가는 계단 위
2947,5,539,행당,대합실 올라가는 5호기 E/S 밑 기둥
2948,5,539,행당,상선 3-4 계단
2949,5,539,행당,상선 4-4 E/V
2950,5,539,행당,상선 5-4
2951,5,539,행당,하선 5-1 E/V
2952,5,539,행당,하선 6-1
2953,5,539,행당,하선 4-1
2954,5,539,행당,4번출구 내부
2955,5,539,행당,4번출구 외부 사인보드안
2956,5,539,행당,1번출구 나가는 E/S 벽면
2957,5,540,왕십리,4번출구 계단
2958,5,540,왕십리,2호선 중앙선 환승통로 계단 기둥
2959,5,540,왕십리,하선 5-2 계단
2960,5,540,왕십리,지하2층 I센터 천정
2961,5,540,왕십리,지하2층 1번 개찰구 옆 기둥
2962,5,540,왕십리,승강장 가는 지하1층 대합실 기둥
2963,5,540,왕십리,지하2층 1~13번출구 올라가는 계단 기둥
2964,5,540,왕십리,"지하2층 I센터 앞 승강장 가는 3, 4호기 E/S 상단"
2965,5,540,왕십리,지하2층 화장실 건너편 1호기 E/V 앞 기둥
2966,5,540,왕십리,지하2층 화장실 앞
2967,5,540,왕십리,지하2층 2호선 경의선 갈아타는 기둥(화장실 옆 환승통로)
2968,5,540,왕십리,상선 승강장 가는 B계단 벽
2969,5,540,왕십리,대합실 하선측 지하4층 기둥
2970,5,540,왕십리,"대합실 지하4층에서 지하1층으로 가는 1, 2호기 E/S 밑"
2971,5,540,왕십리,1호기 E/V 지하4층 대합실
2972,5,540,왕십리,2호선 경의중앙 환승 기둥
2973,5,540,왕십리,상선 2-3 계단
2974,5,540,왕십리,상선 3-3 앞 E/V
2975,5,540,왕십리,하선 7-2 계단
2976,5,540,왕십리,하선 6-2 E/V
2977,5,540,왕십리,상선 4-3
2978,5,541,마장,2번출구
2979,5,541,마장,"승강장 가는 3, 4호기 E/S 상단 계단 옆 기둥"
2980,5,541,마장,3번출구
2981,5,541,마장,"1, 2, 3, 4번출구 가는 계단(3, 4호기 E/S 옆 기둥)"
2982,5,541,마장,화장실 앞
2983,5,541,마장,I센터 위 천정
2984,5,541,마장,4번 개찰구 기둥
2985,5,541,마장,상선 승강장 가는 계단(1호기 E/V 대합실)
2986,5,541,마장,하선 승강장 가는 계단(2호기 E/V 대합실)
2987,5,541,마장,상선 3-4
2988,5,541,마장,상선 4-3 E/V
2989,5,541,마장,상선 5-4
2990,5,541,마장,하선 6-1
2991,5,541,마장,하선 5-1 E/V
2992,5,541,마장,하선 4-1
2993,5,541,마장,4번출구
2994,5,541,마장,2번출구 가는 3호기 E/V 앞
2995,5,542,답십리,"1, 2번출구"
2996,5,542,답십리,7번출구
2997,5,542,답십리,"1, 2, 7, 8번출구측 대합실 내려가는 계단"
2998,5,542,답십리,"3, 4, 5, 6번출구측 대합실 내려가는 계단 위"
2999,5,542,답십리,화장실 앞
3000,5,542,답십리,"3, 4번출구 내부"
3001,5,542,답십리,"5, 6번출구"
3002,5,542,답십리,"고객상담실 앞(1, 2, 7, 8번출구측 연결계단)"
3003,5,542,답십리,3호기 E/V 입구
3004,5,542,답십리,I센터 위
3005,5,542,답십리,상선 승강장 내려가는 계단
3006,5,542,답십리,I센터 앞 12번 개찰구 위
3007,5,542,답십리,27번 개찰구 앞
3008,5,542,답십리,하선 승강장 내려가는 계단
3009,5,542,답십리,"3, 4, 5, 6번출구 연결계단 밑"
3010,5,542,답십리,상선 4-1
3011,5,542,답십리,상선 4-4 E/V
3012,5,542,답십리,상선 5-4
3013,5,542,답십리,하선 5-4
3014,5,542,답십리,하선 5-1 E/V
3015,5,542,답십리,하선 4-1
3016,5,542,답십리,5번출구 E/S 앞
3017,5,542,답십리,"5, 6번출구 4호기 E/V 앞"
3018,5,542,답십리,2번출구
3019,5,542,답십리,3번출구
3020,5,543,장한평,"1, 2번출구"
3021,5,543,장한평,3번출구 E/S 
3022,5,543,장한평,화장실
3023,5,543,장한평,"1, 2, 3, 4번출구 연결계단"
3024,5,543,장한평,"5, 6, 7, 8번출구 통로"
3025,5,543,장한평,"5, 6번출구"
3026,5,543,장한평,"7, 8번출구"
3027,5,543,장한평,승강장 내려가는 계단 1호기 E/V 앞
3028,5,543,장한평,I센터 앞 기둥
3029,5,543,장한평,9번 개찰구 앞
3030,5,543,장한평,1~8번출구 올라가는 계단(지하2층에서 지하1층측)
3031,5,543,장한평,하선 5-3(상선5-3)
3032,5,543,장한평,상선 5-2 1호기 E/V(하선5-2)
3033,5,543,장한평,하선 6-1 대합실 올라가는 계단
3034,5,543,장한평,I센터 옆 외부로 나가는 3호기 E/V
3035,5,543,장한평,1번출구
3036,5,543,장한평,2번출구
3037,5,544,군자,5호선 승강장 내려가는 계단(17번 개찰구측)
3038,5,544,군자,"1, 2번출구 내부"
3039,5,544,군자,17번 개찰구 위
3040,5,544,군자,화장실 앞
3041,5,544,군자,"3, 4번출구 내부"
3042,5,544,군자,5번 개찰구 위
3043,5,544,군자,5호선 승강장 내려가는 계단(5번 개찰구측)
3044,5,544,군자,상선 8-4(우측 대합실 올라가는 계단 앞)
3045,5,544,군자,하선 5-1 기둥(E/V 앞)
3046,5,544,군자,상선 5-4 기둥(E/V 앞)
3047,5,544,군자,상선 1-1(우측 대합실 올라가는 계단 앞)
3048,5,544,군자,"3, 4번출구 중간계단 E/S 앞"
3049,5,545,아차산,대합실 및 승강장 내려가는 1호기 E/V(지하1층)
3050,5,545,아차산,대합실 및 승강장 내려가는 2호기 E/V(지하1층)
3051,5,545,아차산,화장실 앞
3052,5,545,아차산,"1, 2번출구 내부"
3053,5,545,아차산,"4, 5번출구측 3호기 E/V 앞"
3054,5,545,아차산,"4, 5번출구로 올라가는 연결 계단"
3055,5,545,아차산,5번출구 내부(마지막것임)
3056,5,545,아차산,지하2층 대합실 내려가는 계단 앞
3057,5,545,아차산,하선쪽 승강장 내려가는 계단
3058,5,545,아차산,13번 개찰구
3059,5,545,아차산,I센터 앞 기둥
3060,5,545,아차산,외부로 올라가는 연결계단
3061,5,545,아차산,상선 3-4 계단
3062,5,545,아차산,상선 5-4 계단
3063,5,545,아차산,상선 6-1(1호기 E/V 앞)
3064,5,545,아차산,하선 6-2
3065,5,545,아차산,하선 4-1
3066,5,545,아차산,하선 3-4
3067,5,545,아차산,3번출구 내부 E/S 앞
3068,5,545,아차산,상선측 승강장 내려가는 계단
3069,5,546,광나루,화장실 앞
3070,5,546,광나루,"1, 2번출구 내부"
3071,5,546,광나루,"3, 4번출구 입구"
3072,5,546,광나루,4번출구 E/S 앞
3073,5,546,광나루,3번출구 내부
3074,5,546,광나루,상선 승강장 내려가는 계단
3075,5,546,광나루,하선 승강장 내려가는 계단
3076,5,546,광나루,8번 개찰구 앞
3077,5,546,광나루,I센터 앞 기둥
3078,5,546,광나루,외부로 올라가는 연결 계단(3호기 E/V 앞)
3079,5,546,광나루,상선 4-1 계단 앞
3080,5,546,광나루,상선 5-1(E/V 앞)
3081,5,546,광나루,상선 6-2
3082,5,546,광나루,하선 5-4 계단 앞
3083,5,546,광나루,하선 4-4(E/V 앞)
3084,5,546,광나루,하선 3-3 계단 앞
3085,5,546,광나루,3번출구 외부 사인보드안
3086,5,546,광나루,3번출구 연결통로
3087,5,546,광나루,3번출구(4호기 E/V 앞)
3088,5,546,광나루,4번출구 연결계단
3089,5,546,광나루,2번출구
3090,5,547,천호,지하1층 대합실에서 지하2층으로 내려가는 계단 상단
3091,5,547,천호,화장실 앞
3092,5,547,천호,5번출구 내부
3093,5,547,천호,6번출구 내부
3094,5,547,천호,통신기계실 앞 계단 아래
3095,5,547,천호,외부 출구로 올라가는 2호기 E/V
3096,5,547,천호,상선 승강장 가는 계단
3097,5,547,천호,하선 승강장 가는 계단 
3098,5,547,천호,상선 1-1(8호선 갈아타는 계단)
3099,5,547,천호,상선 1-4(8호선 갈아타는 계단)
3100,5,547,천호,하선 8-2(8호선 갈아타는 계단)
3101,5,547,천호,하선 8-1(8호선 갈아타는 계단)
3102,5,547,천호,하선 2-4
3103,5,547,천호,상선 7-1(대합실 올라가는 계단)
3104,5,547,천호,하선 3-4(E/V 앞)
3105,5,547,천호,상선 6-1(E/V 앞)
3106,5,547,천호,하선 4-4(대합실 올라가는 계단)
3107,5,547,천호,상선 5-1(대합실 올라가는 계단)
3108,5,553,상일동,"지하1층 1번출구 2, 3호기 E/S 앞"
3109,5,553,상일동,지하1층 1번출구 연결통로
3110,5,553,상일동,"지하1층 1호기 E/V 앞(1, 2번출구)"
3111,5,553,상일동,지하1층 2번출구 연결통로 앞
3112,5,553,상일동,"지하1층 2번출구 5, 6호기 E/S 앞"
3113,5,553,상일동,"지하1층 고덕그라시움측 1, 2번출구"
3114,5,553,상일동,지하1층 7번출구 15호기 E/S 앞
3115,5,553,상일동,지하1층 8번출구 4호기 E/V 옆
3116,5,553,상일동,지하1층 8번출구 17호기 E/S 앞
3117,5,553,상일동,지하1층 화장실 앞
3118,5,553,상일동,지하1층 가 I센터 4번 개찰구 뒤 기둥
3119,5,553,상일동,지하1층 승강장 내려가는 A계단
3120,5,553,상일동,지하1층 고덕방향 I센터 위 천정
3121,5,553,상일동,지하1층 승강장 내려가는 B계단
3122,5,553,상일동,지하1층 강일방향 나 I센터 위
3123,5,553,상일동,지하1층 나 I센터 앞(개찰구 기둥)
3124,5,553,상일동,지하1층 3번출구 7호기 E/S 앞
3125,5,553,상일동,"지하1층 3, 4번출구 2호기 E/V 앞"
3126,5,553,상일동,지하1층 4번출구 9호기 E/S 앞
3127,5,553,상일동,지하1층 5번출구 11호기 E/S 앞
3128,5,553,상일동,"지하1층 5, 6번출구 3호기 E/V 앞"
3129,5,553,상일동,지하1층 6번출구 13호기 E/S 앞
3130,5,553,상일동,지하1층 대합실 올라가는 C계단(하선 1-1)
3131,5,553,상일동,지하1층 대합실 올라가는 D계단(하선 8-4)
3132,5,553,상일동,상선 승강장으로 내려가는 E/V
3133,5,553,상일동,하선 승강장으로 내려가는 E/V
3134,5,553,상일동,상선 6-1 E/V
3135,5,553,상일동,하선 3-4 E/V
3136,5,552,고덕,지하1층 5번출구 내부
3137,5,552,고덕,지하1층 대합실 3호기 E/V 앞
3138,5,552,고덕,지하1층 화장실 앞
3139,5,552,고덕,지하1층 대합실 1호기 E/V 앞
3140,5,552,고덕,지하1층 I센터 위
3141,5,552,고덕,지하1층 4번 개찰구 위
3142,5,552,고덕,지하1층 상선 승강장 내려가는 A계단
3143,5,552,고덕,지하1층 하선 승강장 내려가는 D계단
3144,5,552,고덕,상선 4-1(E/V 앞)
3145,5,552,고덕,상선 4-3
3146,5,552,고덕,상선 6-1
3147,5,552,고덕,하선 6-1(E/V 앞)
3148,5,552,고덕,하선 5-2
3149,5,552,고덕,하선 3-4
3150,5,552,고덕,지하1층 4번출구 내부 E/S 앞
3151,5,552,고덕,"지하1층 1, 2번출구 3, 4호기 E/S 하단"
3152,5,552,고덕,"중층 1, 2번출구 5, 6호기 E/S 하단"
3153,5,551,명일,"지하1층 1, 2번출구 내부"
3154,5,551,명일,지하1층 3번출구 내부
3155,5,551,명일,지하1층 화장실 앞
3156,5,551,명일,지하1층 I센터 위
3157,5,551,명일,지하1층 8번 개찰구 위
3158,5,551,명일,지하1층 상선 승강장 내려가는 A계단
3159,5,551,명일,지하1층 하선 승강장 내려가는 D계단
3160,5,551,명일,상선 4-1
3161,5,551,명일,상선 5-1(E/V 앞)
3162,5,551,명일,상선 6-3
3163,5,551,명일,하선 5-4
3164,5,551,명일,하선 4-4 E/V
3165,5,551,명일,하선 3-3
3166,5,550,굽은다리,지하1층 하선측 승강장 내려가는 C계단 위
3167,5,550,굽은다리,지하1층 상선측 승강장 내려가는 B계단 위
3168,5,550,굽은다리,지하1층 3번 개찰구 옆 기둥
3169,5,550,굽은다리,지하1층 I센터 위 천정
3170,5,550,굽은다리,지하1층 상선 5호선 승강장 내려가는 1호기 E/V 앞
3171,5,550,굽은다리,지하1층 하선 5호선 승강장 내려가는 2호기 E/V 앞
3172,5,550,굽은다리,지하1층 2번출구 내부
3173,5,550,굽은다리,지하1층 화장실 앞
3174,5,550,굽은다리,지하1층 3번출구 내부
3175,5,550,굽은다리,상선 3-4
3176,5,550,굽은다리,상선 5-4
3177,5,550,굽은다리,상선 6-3(1호기 E/V 앞)
3178,5,550,굽은다리,하선 5-4
3179,5,550,굽은다리,하선 4-1
3180,5,550,굽은다리,하선 3-2(2호기 E/V 앞)
3181,5,550,굽은다리,1번출구 외부
3182,5,550,굽은다리,"지하1층 1번출구 1, 2호기 E/S 하단"
3183,5,550,굽은다리,대합실 내려가는 2번출구 외부 3호기 E/V 앞
3184,5,550,굽은다리,지하1층 2번출구 3호기 E/V 앞
3185,5,549,길동,지하1층 화장실 앞
3186,5,549,길동,지하1층 2번출구 내부
3187,5,549,길동,지하1층 1번출구 내부
3188,5,549,길동,지하1층 대합실로 내려가는 계단 위
3189,5,549,길동,지하2층 외부로 올라가는 연결계단(보증금환급기 위)
3190,5,549,길동,지하2층 I센터 위
3191,5,549,길동,지하2층 4번 개찰구 위
3192,5,549,길동,상선 승강장 내려가는 A계단 위
3193,5,549,길동,하선 승강장 내려가는 D계단 위
3194,5,549,길동,상선 4-1
3195,5,549,길동,상선 5-1 E/V
3196,5,549,길동,상선 6-2
3197,5,549,길동,하선 5-4
3198,5,549,길동,하선 4-4 (2호기 E/V 앞)
3199,5,549,길동,하선 3-3
3200,5,548,강동,지하1층 3번출구 내부
3201,5,548,강동,지하1층 2번출구 연결계단
3202,5,548,강동,화장실 앞
3203,5,548,강동,지하1층 대합실 내려가는 F계단 위(지하4층)
3204,5,548,강동,I센터 위(천호측)
3205,5,548,강동,15번 개찰구 위
3206,5,548,강동,상선 승강장 내려가는 A계단 위
3207,5,548,강동,하선 승강장 내려가는 D계단 위
3208,5,548,강동,1호기 E/V 옆 E계단 밑
3209,5,548,강동,외부 출구 나가는 F계단 아래(지하3층)
3210,5,548,강동,지하3층 I센터 위 천정
3211,5,548,강동,지하3층 9번 개찰구 위
3212,5,548,강동,지하3층 상선 승강장 가는 5호기 E/S 앞
3213,5,548,강동,지하3층 하선 승강장 가는 8호기 E/S 앞
3214,5,548,강동,지하4층 상선 8-4 계단 앞
3215,5,548,강동,지하4층 하선 8-4 계단 앞
3216,5,548,강동,지하4층 하선 8-3 E/V 앞
3217,5,548,강동,지하4층 상선 1-1 계단
3218,5,548,강동,지하4층 하선 1-1 계단 옆
3219,5,548,강동,2-1번출구 연결통로
3220,5,548,강동,1번출구 연결통로
3221,5,548,강동,지하4층 상선 1-2 3호기 E/V 앞
3222,5,548,강동,지하3층 상선가는 3호기 E/V 앞
3223,5,554,둔촌동,2번출구 내부
3224,5,554,둔촌동,외부로 올라가는 3호기 E/V 앞(4번출구 내부)
3225,5,554,둔촌동,3번출구 내부
3226,5,554,둔촌동,화장실 앞
3227,5,554,둔촌동,I센터 위 천정
3228,5,554,둔촌동,3번 개찰구 위
3229,5,554,둔촌동,상선측 승강장 내려가는 계단
3230,5,554,둔촌동,하선측 승강장 내려가는 계단
3231,5,554,둔촌동,하선 3-4
3232,5,554,둔촌동,하선 5-1(2호기 E/V 앞)
3233,5,554,둔촌동,하선 5-4
3234,5,554,둔촌동,상선 5-4
3235,5,554,둔촌동,상선 5-1 (1호기 E/V 앞)
3236,5,554,둔촌동,상선 3-4
3237,5,555,올림픽공원,"1, 2번출구 내부"
3238,5,555,올림픽공원,화장실 앞 
3239,5,555,올림픽공원,"강동, 방화방향 승강장 내려가는 1호기 E/V 앞"
3240,5,555,올림픽공원,마천방향 승강장 내려가는 2호기 E/V 앞
3241,5,555,올림픽공원,I센터 위 천정
3242,5,555,올림픽공원,8번 개찰구 위
3243,5,555,올림픽공원,상선측 승강장 내려가는 A계단 위
3244,5,555,올림픽공원,하선측 승강장 내려가는 B계단 위
3245,5,555,올림픽공원,상선 3-2
3246,5,555,올림픽공원,상선 3-4
3247,5,555,올림픽공원,상선 6-1
3248,5,555,올림픽공원,하선 6-2(2호기 E/V 앞)
3249,5,555,올림픽공원,하선 5-4
3250,5,555,올림픽공원,하선 3-4
3251,5,555,올림픽공원,"외부 4호기 E/V 앞(화장실 우측, 2번출구측)"
3252,5,555,올림픽공원,"상선측 승강장 내려가는 1, 2호기 E/S 앞"
3253,5,555,올림픽공원,"하선측 승강장 내려가는 3, 4호기 E/S 앞"
3254,5,556,방이,상선측 승강장 내려가는 계단
3255,5,556,방이,하선측 승강장 내려가는 계단
3256,5,556,방이,3번 개찰구 위
3257,5,556,방이,I센터 위 천정
3258,5,556,방이,화장실 앞 
3259,5,556,방이,2번출구 내부
3260,5,556,방이,외부로 올라가는 E/V 앞(3번출구방향)
3261,5,556,방이,3번출구 내부
3262,5,556,방이,상선 3-4
3263,5,556,방이,상선 4-4(1호기 E/V 앞)
3264,5,556,방이,상선 5-4
3265,5,556,방이,하선 6-1
3266,5,556,방이,하선 5-1(2호기 E/V 앞)
3267,5,556,방이,하선 4-1
3268,5,556,방이,4번출구 외부 사인보드
3269,5,556,방이,4번출구 내부
3270,5,556,방이,외부 4호기 E/V 앞 I센터 옆
3271,5,557,오금,지하1층 화장실 앞
3272,5,557,오금,지하1층 상선 승강장 내려가는 계단 상단
3273,5,557,오금,지하1층 하선 승강장 내려가는 계단 상단
3274,5,557,오금,"지하1층 4번, 5번 개찰구 사이 기둥 위"
3275,5,557,오금,지하1층 5호선 구I센터 위
3276,5,557,오금,지하1층 7번출구 내부
3277,5,557,오금,지하1층 6번출구 내부
3278,5,557,오금,지하1층 5번출구 내부
3279,5,557,오금,"지하1층 3, 4번출구 내부 계단 하단(2호기 E/S 하단)"
3280,5,557,오금,지하2층 상선 4-1 앞 계단 하단
3281,5,557,오금,지하2층 상선 4-4(1호기 E/V 앞)
3282,5,557,오금,지하2층 상선 5-4 앞 계단 하단
3283,5,557,오금,지하2층 하선 5-4
3284,5,557,오금,지하2층 하선 5-1(2호기 E/V 앞)
3285,5,557,오금,지하2층 하선 4-1
3286,5,558,개롱,화장실 입구
3287,5,558,개롱,"1, 2번출구 내부"
3288,5,558,개롱,4번출구 내부
3289,5,558,개롱,"3번출구 내부 1, 2호기 E/S 하단"
3290,5,558,개롱,5번 개찰구 위
3291,5,558,개롱,I센터 위 천정
3292,5,558,개롱,상선 승강장 내려가는 A계단
3293,5,558,개롱,하선 승강장 내려가는 D계단
3294,5,558,개롱,상선 4-1
3295,5,558,개롱,상선 5-1(E/V 앞)
3296,5,558,개롱,상선 5-4
3297,5,558,개롱,하선 5-4
3298,5,558,개롱,하선 4-4(E/V 앞)
3299,5,558,개롱,하선 4-1
3300,5,559,거여,지하1층 상선 승강장 내려가는 B계단 상단
3301,5,559,거여,지하1층 하선 승강장 내려가는 C계단 상단
3302,5,559,거여,5번 개찰구 위 기둥
3303,5,559,거여,I센터 위 천정
3304,5,559,거여,대합실 1호기 E/V 앞
3305,5,559,거여,대합실 2호기 E/V 앞
3306,5,559,거여,화장실 앞
3307,5,559,거여,"7, 8번출구 내부"
3308,5,559,거여,1번출구 내부
3309,5,559,거여,2번출구 내부
3310,5,559,거여,"3, 4번출구 내부"
3311,5,559,거여,"5, 6번출구 내부"
3312,5,559,거여,상선 4-1
3313,5,559,거여,상선 6-1
3314,5,559,거여,상선 6-3 E/V
3315,5,559,거여,하선 5-4
3316,5,559,거여,하선 4-1
3317,5,559,거여,하선 3-2 E/V
3318,5,559,거여,대합실 3호기 E/V 앞
3319,5,560,마천,1번출구 내부
3320,5,560,마천,화장실 앞
3321,5,560,마천,지하1층에서 지하2층 대합실 내려가는 계단 1호기 E/V 앞
3322,5,560,마천,지하2층 → 지하1층  2번출구 연결계단
3323,5,560,마천,지하2층 → 지하1층  1번출구 연결계단
3324,5,560,마천,개찰구 위
3325,5,560,마천,I센터 위 천정
3326,5,560,마천,상선 승강장 내려가는 계단
3327,5,560,마천,하선 5-2(E/V 앞)
3328,5,560,마천,하선 4-1
3329,5,560,마천,지하1층 2호기 E/V 앞
3330,5,560,마천,상선 4-4 E/V
3331,5,560,마천,1번출구 E/V 외부
3332,5,561,강일,1번출구 E/S 상단
3333,5,561,강일,1번출구 E/S 하단
3334,5,561,강일,지하2층 5호기 E/V(내부)
3335,5,561,강일,5호기 E/V(외부)
3336,5,561,강일,4번출구 E/S 상단
3337,5,561,강일,4번출구 E/S 하단
3338,5,561,강일,지하2층 8호기 E/V 화장실 앞 내부
3339,5,561,강일,8호기 E/V 화장실 지상단 외부
3340,5,561,강일,2번출구 E/S 하단
3341,5,561,강일,2번출구 E/S 상단
3342,5,561,강일,6호기 E/V 지하2층
3343,5,561,강일,6호기 E/V 지상
3344,5,561,강일,7호기 E/V 지상
3345,5,561,강일,7호기 E/V 지하2층
3346,5,561,강일,3번출구 E/S 상단
3347,5,561,강일,3번출구 E/S 하단
3348,5,561,강일,고객안전실 A 102번 자동발매기 위
3349,5,561,강일,고객안전실 A 게이트
3350,5,561,강일,1호기 E/V 상단
3351,5,561,강일,시점 상선 E/S 상단 천정
3352,5,561,강일,2호기 E/V 상단
3353,5,561,강일,시점 하선 E/S 상단 천정
3354,5,561,강일,화장실 입구 3번출구
3355,5,561,강일,고객안전실 B
3356,5,561,강일,종점 상선 E/S 상단
3357,5,561,강일,3호기 E/V 상단
3358,5,561,강일,시점 하선 E/S 상단
3359,5,561,강일,4호기 E/V 상단
3360,5,561,강일,상선 승강장 시점 끝
3361,5,561,강일,승강장 1호기 E/V
3362,5,561,강일,시점 상선 E/S 하단
3363,5,561,강일,종점 하선 E/S 하단
3364,5,561,강일,승강장 3호기 E/V
3365,5,561,강일,상선 승강장 종점 끝
3366,5,561,강일,하선 승강장 시점 끝
3367,5,561,강일,승강장 2호기 E/V
3368,5,561,강일,시점 하선 E/S 하단
3369,5,561,강일,종점 하선 E/S 하단
3370,5,561,강일,승강장 4호기 E/V
3371,5,561,강일,하선 승강장 종점 끝
3372,5,561,강일,고객안전실 B 자동발매기
3373,5,562,미사,1번출구 E/S 상단
3374,5,562,미사,1번출구 E/S 하단
3375,5,562,미사,5번출구 E/S 상단
3376,5,562,미사,5번출구 E/S 하단
3377,5,562,미사,10번출구 E/S 하단
3378,5,562,미사,10번출구 E/S 상단
3379,5,562,미사,6번출구 E/S 하단
3380,5,562,미사,6번출구 E/S 상단
3381,5,562,미사,3번출구 계단 상단
3382,5,562,미사,3번출구 계단 하단
3383,5,562,미사,4번출구 E/S 상단
3384,5,562,미사,4번출구 E/S 하단
3385,5,562,미사,2번출구 E/S 상단
3386,5,562,미사,2번출구 E/S 하단
3387,5,562,미사,1번출구 3호기 E/V 상단
3388,5,562,미사,1번출구 3호기 E/V 하단
3389,5,562,미사,7번출구 E/S 상단
3390,5,562,미사,7번출구 E/S 하단
3391,5,562,미사,9번출구 E/S 상단
3392,5,562,미사,9번출구 E/S 하단
3393,5,562,미사,6번출구 4호기 E/V 하단
3394,5,562,미사,6번출구 4호기 E/V 상단
3395,5,562,미사,8번출구 계단 상단
3396,5,562,미사,8번출구 계단 하단
3397,5,562,미사,게이트 앞 기둥
3398,5,562,미사,발매기 위 천정
3399,5,562,미사,내부 화장실 입구 좌측
3400,5,562,미사,상선 A계단 위
3401,5,562,미사,상선 B계단 위
3402,5,562,미사,하선 D계단 위
3403,5,562,미사,하선 C계단 위
3404,5,562,미사,외부 화장실 입구 좌측
3405,5,562,미사,승강장 시점 끝 벽면(1-1)
3406,5,562,미사,계단 초입 우측 벽면(3-4)
3407,5,562,미사,승강장 E/V 출입문 측면
3408,5,562,미사,B계단(하) 상선 6-1
3409,5,562,미사,승강장 종점 끝 벽면(8-4)
3410,5,562,미사,승강장 시점 끝 벽면(8-4)
3411,5,562,미사,계단 초입 좌측 벽면(6-1)
3412,5,562,미사,승강장 E/V 출입문 측면
3413,5,562,미사,계단 초입 우측 벽면(3-4)
3414,5,562,미사,승강장 종점 끝 벽면(1-1)
3415,5,562,미사,힐스테이트 연결통로 입구
3416,5,562,미사,파라곤 연결통로 입구
3417,5,563,하남풍산,3호기 E/V 출입문 측면 지상
3418,5,563,하남풍산,3호기 E/V 출입문 측면 지하
3419,5,563,하남풍산,1번출구 측면(상)
3420,5,563,하남풍산,1번출구 E/S 측면(하)
3421,5,563,하남풍산,2번출구 E/S 측면(하)
3422,5,563,하남풍산,2번출구 측면(상)
3423,5,563,하남풍산,3번출구 E/S(하)
3424,5,563,하남풍산,3번출구 측면(상)
3425,5,563,하남풍산,4번출구 E/S(하)
3426,5,563,하남풍산,4번출구 측면(상)
3427,5,563,하남풍산,"1층 23, 24호기 E/S 상단(8번출구 외부)"
3428,5,563,하남풍산,"지하1층 23, 24호기 E/S 하단(8번출구)"
3429,5,563,하남풍산,1층 5호기 E/V 출입문 상단
3430,5,563,하남풍산,"1층 21, 22호기 E/S 상단(7번출구 외부)"
3431,5,563,하남풍산,"지하1층 21, 22호기 E/S 하단(7번출구)"
3432,5,563,하남풍산,"지하1층 19, 20호기 E/S 하단(6번출구)"
3433,5,563,하남풍산,"1층 19, 20호기 E/S 상단(6번출구 외부)"
3434,5,563,하남풍산,1층 4호기 E/V 출입문 상단 
3435,5,563,하남풍산,"지하1층 17, 18호기 E/S 하단(5번출구)"
3436,5,563,하남풍산,"1층 17, 18호기 E/S 상단(5번출구 외부)"
3437,5,563,하남풍산,화장실 입구
3438,5,563,하남풍산,13번 게이트 옆
3439,5,563,하남풍산,상선 대합실 E/S 종점
3440,5,563,하남풍산,하선 C계단(상)
3441,5,563,하남풍산,상선 A계단(상)
3442,5,563,하남풍산,하선 대합실 E/S 종점
3443,5,563,하남풍산,상선 시점 1-1
3444,5,563,하남풍산,상선 E/S 시점 3-3
3445,5,563,하남풍산,1호기 E/V 출입문 측면 4-4
3446,5,563,하남풍산,상선 E/S 종점 6-1
3447,5,563,하남풍산,상선 종점 8-4
3448,5,563,하남풍산,하선 종점 8-4
3449,5,563,하남풍산,하선 E/S 종점 6-1
3450,5,563,하남풍산,2호기 E/V 출입문 측면 5-1
3451,5,563,하남풍산,하선 E/S 시점 3-4
3452,5,563,하남풍산,하선 시점 1-1
3453,5,564,하남시청,"지하1층 중층 1, 2번출구 13, 14호기 E/S 하단"
3454,5,564,하남시청,"1층 1, 2번출구 13, 14호기 E/S 상단"
3455,5,564,하남시청,"1번출구 15, 16호기 E/S 하단"
3456,5,564,하남시청,"1번출구 15, 16호기 E/S 상단"
3457,5,564,하남시청,"2번출구 17, 18호기 E/S 하단"
3458,5,564,하남시청,"2번출구 17, 18호기 E/S 상단"
3459,5,564,하남시청,"지하1층 중층 3번출구 19, 20호기 E/S 하단"
3460,5,564,하남시청,"1층 3번출구 19, 20호기  E/S 상단"
3461,5,564,하남시청,1층 3번출구 외부 1호기 E/V 지상
3462,5,564,하남시청,"지하1층 중층 11, 12호기 E/S 상단"
3463,5,564,하남시청,"지하1층 중층 9, 10호기  E/S 상단"
3464,5,564,하남시청,지하1층 중층 A계단(상)
3465,5,564,하남시청,"지하1층 상시점 1, 2호기 E/S 상단"
3466,5,564,하남시청,"지하1층 상종점 5, 6호기 E/S 상단"
3467,5,564,하남시청,"지하1층 하종점 3, 4호기 E/S 상단"
3468,5,564,하남시청,"지하1층 하시점 7 ,8호기 E/S 상단"
3469,5,564,하남시청,"1층 6번출구 27, 28호기 E/S 상단"
3470,5,564,하남시청,지하1층 102번 발매기 위
3471,5,564,하남시청,"지하1층 9, 10호기 E/S 하단"
3472,5,564,하남시청,지하1층 211번 환급충전기 위
3473,5,564,하남시청,지하1층 A계단(하)
3474,5,564,하남시청,지하1층 4호기 E/V
3475,5,564,하남시청,1층 4호기 E/V
3476,5,564,하남시청,"지하1층 4번출구 21, 22호기 E/S 하단"
3477,5,564,하남시청,"1층 4번출구 21, 22호기 E/S 상단"
3478,5,564,하남시청,"지하1층 5번출구 23, 24호기 E/S 하단"
3479,5,564,하남시청,"1층 5번출구 23, 24호기 E/S 상단"
3480,5,564,하남시청,화장실
3481,5,564,하남시청,"11, 12호기 E/S 하단"
3482,5,564,하남시청,지하1층 3번출구 올라가는 외부 1호기 E/V(하)
3483,5,564,하남시청,상선 1-1 시점 끝
3484,5,564,하남시청,"상선 3-4(1, 2호기 E/S 하단)"
3485,5,564,하남시청,상선 5-1(내부 1호기 E/V)
3486,5,564,하남시청,하선 8-4 종점 끝
3487,5,564,하남시청,"하선 6-1(3, 4호기 E/S 하단)"
3488,5,564,하남시청,하선 5-1(내부 2호기 E/V)
3489,5,564,하남시청,"상선 6-1(5, 6호기 E/S 하단)"
3490,5,564,하남시청,상선 8-4 종점 끝
3491,5,564,하남시청,"하선 3-4(7, 8호기 E/S 하단)"
3492,5,564,하남시청,하선 1-1 시점 끝
3493,5,564,하남시청,지하1층 상선으로 가는 내부 1호기 E/V 대합실
3494,5,564,하남시청,지하1층 하선으로 가는 내부 2호기 E/V 대합실
3495,5,564,하남시청,지하1층 중층 3번출구 외부 1호기 E/V 지하1층 중층
3496,5,565,하남검단산,"1번출구 13, 14호기 E/S 상단"
3497,5,565,하남검단산,"1번출구 13, 14호기 E/S 하단"
3498,5,565,하남검단산,"지하1층 1, 2번출구 3호기 E/V 하단"
3499,5,565,하남검단산,"1층 1, 2번출구 3호기 E/V 상단"
3500,5,565,하남검단산,"지하1층 2번출구 15, 16번 E/S 하단"
3501,5,565,하남검단산,"1층 2번출구 15, 16번 E/S 상단"
3502,5,565,하남검단산,1층 4번출구 E/S 상단
3503,5,565,하남검단산,지하1층 4번출구 E/S 하단
3504,5,565,하남검단산,"3, 4출구 4호기 E/V 지하"
3505,5,565,하남검단산,"3, 4출구 4호기 E/V 지상"
3506,5,565,하남검단산,3번출구 E/S 하단
3507,5,565,하남검단산,3번출구 E/S 상단
3508,5,565,하남검단산,지하1층 6번 게이트 옆 기둥(61번 교통카드 정산기 위)
3509,5,565,하남검단산,시점 A계단 상단(10호기 E/S 옆 기둥)
3510,5,565,하남검단산,지하1층 상선측 대합실 1호기 E/V
3511,5,565,하남검단산,지하 1층 하선측 대합실 2호기 E/V
3512,5,565,하남검단산,종점 발매기
3513,5,565,하남검단산,화장실 입구
3514,5,565,하남검단산,종점 게이트
3515,5,565,하남검단산,"종점 11, 12호기 E/S 상단"
3516,5,565,하남검단산,시점 A계단 10호기 E/S 하단 옆 기둥
3517,5,565,하남검단산,"상선 1, 2호기 E/S 옆  상단"
3518,5,565,하남검단산,"하선 3, 4호기 E/S 옆 상단"
3519,5,565,하남검단산,"종점 상선 11, 12호기 E/S 하단"
3520,5,565,하남검단산,종점 상선 E/S 상단
3521,5,565,하남검단산,시점 하선 E/S 상단
3522,5,565,하남검단산,상선 1-1
3523,5,565,하남검단산,상선 2-4 E/S
3524,5,565,하남검단산,상선 4-3 E/V
3525,5,565,하남검단산,상선 6-2 E/S
3526,5,565,하남검단산,상선 8-4
3527,5,565,하남검단산,하선 8-4
3528,5,565,하남검단산,하선 7-1 E/S
3529,5,565,하남검단산,하선 5-3 E/V
3530,5,565,하남검단산,하선 3-3 E/S
3531,5,565,하남검단산,하선 1-1
3532,5,565,하남검단산,지하2층 102번 자동발매기 위
3533,5,565,하남검단산,지하2층 1호기 E/V
3534,5,565,하남검단산,지하2층 2호기 E/V
3535,6,610,응암,3번출구 계단
3536,6,610,응암,4번출구 계단
3537,6,610,응암,"승강장 가는 중앙 계단 위(1, 2호기 E/S 상단 천정)"
3538,6,610,응암,1번출구 계단
3539,6,610,응암,"2번출구 3, 4호기 E/S"
3540,6,610,응암,"1, 2, 3, 4번출구 계단(1, 2호기 E/S 하단 천정)"
3541,6,610,응암,화장실 앞
3542,6,610,응암,대합실 15번 기둥(5번 개찰구)
3543,6,610,응암,I센터 천정
3544,6,610,응암,승강장 가는 계단(1호기 E/V 옆)
3545,6,610,응암,지하1층 1호기 E/V 앞
3546,6,610,응암,하선 5-2 계단
3547,6,610,응암,하선 4-2 E/V
3548,6,610,응암,상선 6-2
3549,6,611,역촌,지하1층 승강장 가는 E/S 천정
3550,6,611,역촌,지하1층 I센터 외부 천정
3551,6,611,역촌,지하1층 I센터 천정
3552,6,611,역촌,지하1층 1호기 E/V
3553,6,611,역촌,지하1층 2호기 E/V(화장실 건너편)
3554,6,611,역촌,지하1층 화장실 앞
3555,6,611,역촌,3번출구(지하1층)
3556,6,611,역촌,1번출구(지하1층)
3557,6,611,역촌,2번출구
3558,6,611,역촌,지하4층 승강장 4-1 옆 1호기 E/V
3559,6,611,역촌,지하4층 승강장 4-1 옆 계단 E/V
3560,6,611,역촌,지하4층 승강장 4-1 옆 E/S 밑 천정
3561,6,611,역촌,지하4층 불광방면 4-1 통로 벽
3562,6,611,역촌,1번출구 앞
3563,6,612,불광,지하1층 3호기 E/V
3564,6,612,불광,지하1층 2호기 E/V
3565,6,612,불광,지하1층 1호기 E/V
3566,6,612,불광,"9, 10호기 E/S 상단 중간 천정(중층)"
3567,6,612,불광,7번출구(중층)
3568,6,612,불광,8번출구(중층)
3569,6,612,불광,"11, 12호기 E/S 상단 중간 천정(중층)"
3570,6,612,불광,9번출구(중층)
3571,6,612,불광,6번출구(중층)
3572,6,612,불광,지하1층 NC & CGV 출구
3573,6,612,불광,지하1층 5번 개찰구 천정
3574,6,612,불광,지하1층 I센터 옆 승강장 가는 계단
3575,6,612,불광,지하1층 I센터 천정
3576,6,612,불광,지하1층 화장실 앞
3577,6,612,불광,"지하1층 9, 10호기 E/S 하단 중간 천정"
3578,6,612,불광,"지하1층 11, 12호기 E/S 천정"
3579,6,612,불광,지하1층 I센터 천정(3호선측)
3580,6,612,불광,지하1층 I센터 앞 기둥(3호선측)
3581,6,612,불광,지하1층 I센터 앞 계단(승강장 가는 3호선측)
3582,6,612,불광,지하2층 고객상담실 앞
3583,6,612,불광,"지하2층 승강장 가는 계단 천정(1, 2호기 E/S 상단)"
3584,6,612,불광,지하2층 2호기 E/V
3585,6,612,불광,"지하2층 1, 5번출구 7, 8호기 E/S 하단(3호기 환승계단)"
3586,6,612,불광,지하2층 1호기 E/V
3587,6,612,불광,"3호선 환승 5, 6호기 E/S 계단"
3588,6,612,불광,"6호선 가는 3, 4호기 E/S 중간 천정"
3589,6,612,불광,"지하1층 6, 7, 8, 9번출구 계단"
3590,6,612,불광,지하4층 7-1 E/S 천정
3591,6,612,불광,지하4층 5-2 E/V
3592,6,612,불광,지하4층 4-1 E/V
3593,6,612,불광,지하4층 승강장 2-3 앞 천정
3594,6,613,독바위,지하1층 화장실 앞
3595,6,613,독바위,지하1층 화장실 앞 계단
3596,6,613,독바위,지하1층 I센터 앞 기둥
3597,6,613,독바위,지하1층 I센터 앞 천정
3598,6,613,독바위,"지하1층 승강장 가는 계단(5, 6호기 E/S 상단)"
3599,6,613,독바위,지하1층 2호기 E/V 앞
3600,6,613,독바위,지하1층 1호기 E/V 앞
3601,6,613,독바위,"지하3층 1번출구 가는 계단(5, 6호기 E/S 하단)"
3602,6,613,독바위,"지하3층 승강장 가는 계단 천정(3, 4호기 E/S 상단)"
3603,6,613,독바위,"지하5층 1번출구 가는 계단 천정(3, 4호기 E/S 하단)"
3604,6,613,독바위,"지하5층 승강장 가는 계단(1, 2호기 E/S 상단)"
3605,6,613,독바위,"승강장 3-1 좌측(1, 2호기 E/S 하단)"
3606,6,613,독바위,승강장 3-1 우측 E/V 통로
3607,6,614,연신내,"지하1층 승강장 가는 계단 천정(4, 5호기 E/S 상단)"
3608,6,614,연신내,지하1층 1호기 E/V
3609,6,614,연신내,"지하5층 2, 3호기 E/S 하단 천정"
3610,6,614,연신내,지하5층 1호기 E/V(승강장측)
3611,6,614,연신내,승강장 6-2 벽
3612,6,615,구산,"승강장 가는 계단 1, 2호기 E/S 상단 천정"
3613,6,615,구산,1번 개찰구 기둥
3614,6,615,구산,I센터 천정
3615,6,615,구산,4번출구와 1호기 E/V 중간
3616,6,615,구산,4번출구 벽
3617,6,615,구산,지하1층 화장실 앞
3618,6,615,구산,3번출구
3619,6,615,구산,1번출구(지하1층)
3620,6,615,구산,2번출구(지하1층)
3621,6,615,구산,승강장 5-4 벽
3622,6,615,구산,지하1층 2호기 E/V
3623,6,615,구산,"1, 2, 3, 4번출구 가는 계단(1, 2호기 E/S 하단)"
3624,6,616,새절,1번출구
3625,6,616,새절,2번출구 계단
3626,6,616,새절,화장실 앞
3627,6,616,새절,4번출구
3628,6,616,새절,3번출구
3629,6,616,새절,I센터 천정
3630,6,616,새절,7번 개찰구 천정
3631,6,616,새절,상선측 가는 계단
3632,6,616,새절,하선 내려가는 계단
3633,6,616,새절,상선 5-4
3634,6,616,새절,상선 4-4 E/V
3635,6,616,새절,하선 4-1
3636,6,616,새절,하선 5-4
3637,6,616,새절,상선 3-4
3638,6,616,새절,하선 가는 4호기 E/S 앞
3639,6,616,새절,상선 가는 2호기 E/S 앞
3640,6,616,새절,하선 승강장 내려가는 E/V
3641,6,616,새절,하선에서 대합실 올라가는 E/V
3642,6,617,증산,화장실 앞
3643,6,617,증산,1번출구 계단
3644,6,617,증산,2번출구 계단
3645,6,617,증산,4번출구 계단
3646,6,617,증산,3번출구 계단
3647,6,617,증산,I센터 천정
3648,6,617,증산,15번 기둥 개찰구 옆
3649,6,617,증산,하선 승강장 가는 5호기 E/S 앞
3650,6,617,증산,상선 승강장 가는 계단
3651,6,617,증산,고객센터 앞 E/V 통로
3652,6,617,증산,상선 승강장 가는 4호기 E/S 앞
3653,6,617,증산,상선 5-1 E/V
3654,6,617,증산,상선 6-1
3655,6,617,증산,하선 5-3
3656,6,617,증산,하선 4-3 E/V
3657,6,617,증산,상선 3-4 E/S
3658,6,617,증산,하선 3-3 E/S
3659,6,618,디지털미디어,"1, 5번출구 계단"
3660,6,618,디지털미디어,"1, 4, 5번출구측 화장실 앞"
3661,6,618,디지털미디어,"1, 4, 5번출구측 4번출구 계단"
3662,6,618,디지털미디어,"1, 4, 5번출구측 3호기 E/V 앞"
3663,6,618,디지털미디어,"1, 4, 5번출구측 I센터 앞"
3664,6,618,디지털미디어,"1, 4, 5번출구측 1번 개찰구 옆"
3665,6,618,디지털미디어,하선 승강장 가는 계단 2호기 E/S 상단
3666,6,618,디지털미디어,상선 승강장 가는 계단 1호기 E/S 상단
3667,6,618,디지털미디어,"2, 3번출구측 승강장 가는 계단 3호기 E/S 상단"
3668,6,618,디지털미디어,"2, 3번출구측 승강장 가는 계단 4호기 E/S 상단"
3669,6,618,디지털미디어,"2, 3번출구측 I센터 천정"
3670,6,618,디지털미디어,"2, 3번출구측 22번 개찰구 옆"
3671,6,618,디지털미디어,"2, 3번출구측 화장실 앞"
3672,6,618,디지털미디어,3번출구 내부
3673,6,618,디지털미디어,2번출구
3674,6,618,디지털미디어,상선 1-1 앞 E/V
3675,6,618,디지털미디어,대합실 가는곳 승강장 상선1-1
3676,6,618,디지털미디어,상선 8-4 옆
3677,6,618,디지털미디어,하선 8-4 E/V 앞
3678,6,618,디지털미디어,하선 8-4 옆 계단
3679,6,618,디지털미디어,하선 1-1 옆 계단
3680,6,619,월드컵경기장,상선 승강장 내려가는 계단
3681,6,619,월드컵경기장,하선 승강장 내려가는 계단
3682,6,619,월드컵경기장,31번 개찰구 위
3683,6,619,월드컵경기장,화장실 앞
3684,6,619,월드컵경기장,13번 개찰구 위
3685,6,619,월드컵경기장,I센터 위
3686,6,619,월드컵경기장,1호기 E/V 옆 상선 승강장 내려가는 계단
3687,6,619,월드컵경기장,2호기 E/V 옆 하선 승강장 내려가는 계단
3688,6,619,월드컵경기장,상선 승강장 내려가는 계단(1번출구측)
3689,6,619,월드컵경기장,하선 승강장 내려가는 계단(1번출구측)
3690,6,619,월드컵경기장,1번출구측 화장실 앞
3691,6,619,월드컵경기장,1번출구측 I센터 앞
3692,6,619,월드컵경기장,"4, 5번 개찰구 위"
3693,6,619,월드컵경기장,1번출구 내부
3694,6,619,월드컵경기장,상선 1-1
3695,6,619,월드컵경기장,하선 8-4
3696,6,619,월드컵경기장,상선 4-4 E/V
3697,6,619,월드컵경기장,상선 3-4
3698,6,619,월드컵경기장,상선 5-4
3699,6,619,월드컵경기장,하선 5-4
3700,6,619,월드컵경기장,하선 4-4 2호기 E/V 앞
3701,6,619,월드컵경기장,하선 3-4
3702,6,619,월드컵경기장,상선 8-4
3703,6,619,월드컵경기장,하선 1-1
3704,6,619,월드컵경기장,"2번출구 5, 6호기 E/S 하단"
3705,6,619,월드컵경기장,"3번출구 1, 2호기 E/S 하단"
3706,6,620,마포구청,"지하1층 8번출구 3, 12호기 E/S"
3707,6,620,마포구청,지하1층 2번출구 내부
3708,6,620,마포구청,"지하1층 1, 2, 8번출구에서 지하2층 대합실 가는 계단"
3709,6,620,마포구청,지하1층 3~7번출구측 내려가는 계단
3710,6,620,마포구청,지하1층 E/S 앞 7번출구
3711,6,620,마포구청,지하1층 3~7번출구측 화장실 앞
3712,6,620,마포구청,지하2층 3호기 E/V
3713,6,620,마포구청,"지하2층 1, 2번출구"
3714,6,620,마포구청,지하2층 화장실 앞
3715,6,620,마포구청,지하2층 2호기 E/V 앞
3716,6,620,마포구청,지하2층 I센터 위 천정
3717,6,620,마포구청,지하2층 개찰구 앞
3718,6,620,마포구청,지하2층 1호기 E/V 앞
3719,6,620,마포구청,승강장 내려가는 계단(상선측) 1호기 E/V 옆(지하2층)
3720,6,620,마포구청,승강장 내려가는 계단 (하선측) 2호기 E/V 옆(지하2층)
3721,6,620,마포구청,지하2층 I센터 앞(3~7번출구측)
3722,6,620,마포구청,지하2층 3~7번출구측 내려가는 계단(상선측)
3723,6,620,마포구청,지하2층 3~7번출구측 내려가는 계단(하선측)
3724,6,620,마포구청,지하2층 I센터 앞 14번 개찰구(3~7번출구측)
3725,6,620,마포구청,지하2층 대합실 올라가는 계단 앞(I센터 앞 3~7번출구측)
3726,6,620,마포구청,지하3층 상선 1-1(1호기 E/V)
3727,6,620,마포구청,상선 2-1
3728,6,620,마포구청,지하3층 하선 8-4(2호기 E/V)
3729,6,620,마포구청,하선 7-3
3730,6,620,마포구청,상선 8-1
3731,6,620,마포구청,하선 1-3
3732,6,620,마포구청,지하2층 4호기 E/V 앞
3733,6,621,망원,승강장 내려가는 계단(상선 1호기 E/V 옆)
3734,6,621,망원,지하1층 1호기 E/V
3735,6,621,망원,지하1층 1번출구
3736,6,621,망원,지하1층 1번 개찰구
3737,6,621,망원,지하1층 화장실
3738,6,621,망원,지하1층 I센터 앞 천정
3739,6,621,망원,지하1층 승강장 내려가는 계단(하선 2호기 E/V 옆)
3740,6,621,망원,지하1층 2호기 E/V 앞
3741,6,621,망원,지하1층 2번출구 계단
3742,6,621,망원,상선 5-1 승강장 E/V 앞
3743,6,621,망원,상선 5-3 대합실 올라가는 계단 앞
3744,6,621,망원,하선 5-1 E/V 앞
3745,6,621,망원,하선 4-3
3746,6,622,합정,지하2층 화장실 앞
3747,6,622,합정,"지하2층 고객상담실 옆 천정(8, 9호기 E/S 상단)"
3748,6,622,합정,지하2층 3번 게이트 천정
3749,6,622,합정,지하2층 I센터 천정
3750,6,622,합정,개찰구 가는 계단 앞(6호선 환승통로)
3751,6,622,합정,1~10번출구 가는 계단
3752,6,622,합정,2호선 환승통로 천정
3753,6,622,합정,5번출구 계단
3754,6,622,합정,"6, 7번출구 계단 앞 기둥 천정"
3755,6,622,합정,"지하3층 2호선 신도림측 환승계단(4, 5호기 E/S)"
3756,6,622,합정,지하3층 응암방향 상선 승강장 가는 계단
3757,6,622,합정,"지하3층 2호선 시청방향 환승통로 천정(6, 7호기 E/S)"
3758,6,622,합정,"지하3층 1~10번출구 계단(8, 9호기 E/S)"
3759,6,622,합정,지하3층 2호기 E/V
3760,6,622,합정,하선 승강장 가는 계단
3761,6,622,합정,"8번출구 내부(15, 16호기 E/S 하단)"
3762,6,622,합정,8번출구 외부 사인보드안
3763,6,622,합정,상선 3-3(1호기 E/S)
3764,6,622,합정,상선 4-2 앞(1호기 E/V)
3765,6,622,합정,상선 5-3 계단
3766,6,622,합정,하선 6-2 앞 계단
3767,6,622,합정,하선 5-2(2호기 E/V 앞)
3768,6,622,합정,하선 4-2
3769,6,622,합정,연결통로 푸르지오측
3770,6,622,합정,연결통로 푸르지오측 E/V
3771,6,622,합정,연결통로 푸르지오측 외부 사인보드안
3772,6,622,합정,연결통로 메세나폴리스측
3773,6,622,합정,연결통로 메세나폴리스측
3774,6,622,합정,연결통로 메세나폴리스측
3775,6,623,상수,지하1층 1번출구
3776,6,623,상수,지하1층 2번출구
3777,6,623,상수,"지하2층 1, 2번출구(5, 6호 E/S)"
3778,6,623,상수,"지하2층 3, 4번출구(7, 8호 E/S)"
3779,6,623,상수,지하1층 4번출구
3780,6,623,상수,지하1층 3번출구
3781,6,623,상수,지하2층 승강장 내려가는 계단
3782,6,623,상수,지하2층 I센터 앞
3783,6,623,상수,지하2층 개찰구 앞
3784,6,623,상수,"지하2층 올라가는 계단(3, 4호 E/S)"
3785,6,623,상수,지하2층 화장실 앞
3786,6,623,상수,하선 4-4(1호기 E/V 앞)
3787,6,623,상수,상선 6-1
3788,6,623,상수,지하1층 대합실 가는 3호기 E/V(지하2층)
3789,6,623,상수,지하2층 대합실 가는 3호기 E/V(지하1층)
3790,6,623,상수,2호기 E/V로 가는 연결통로 입구(우측 위)
3791,6,623,상수,2번출구 외부
3792,6,624,광흥창,1번출구 내부
3793,6,624,광흥창,"1, 2, 5, 6번출구 대합실 내려가는 계단(3호기 E/S 상단)"
3794,6,624,광흥창,지하1층 5번출구
3795,6,624,광흥창,지하1층 3번출구
3796,6,624,광흥창,지하1층 4번출구
3797,6,624,광흥창,"3, 4번출구측 대합실 내려가는 계단(4호기 E/S 상단)"
3798,6,624,광흥창,"1, 2, 5, 6번출구측 승강장 내려가는 계단 앞(1호기 E/S)"
3799,6,624,광흥창,"지하2층 1, 2, 5, 6번출구측 2호기 E/V 앞"
3800,6,624,광흥창,"지하2층 1, 2, 5, 6번출구측 개찰구 앞"
3801,6,624,광흥창,"1, 2, 5, 6번출구측 I센터 앞 천정"
3802,6,624,광흥창,"지하2층 1, 2, 5, 6번출구측 I센터 앞(1호기 E/V)"
3803,6,624,광흥창,"지하2층 1, 2, 5, 6번출구측 3호기 E/S"
3804,6,624,광흥창,"지하2층 1, 2, 5, 6번출구측 화장실 앞"
3805,6,624,광흥창,"3, 4번출구측 승강장 내려가는 계단 앞(2호기 E/S 상단)"
3806,6,624,광흥창,"지하2층 3, 4번출구측 21번 개찰구 앞"
3807,6,624,광흥창,3번출구측 I센터 앞
3808,6,624,광흥창,"3, 4번출구측 외부로 나가는 계단(4호기 E/S 하단)"
3809,6,624,광흥창,상선 1-1 계단
3810,6,624,광흥창,하선 8-4 E/V
3811,6,624,광흥창,상선 8-4(2호기 E/S 하단)
3812,6,624,광흥창,"지하2층 3, 4번출구측 3호기 E/V 앞"
3813,6,624,광흥창,"8, 9호기 E/S 상단(2번출구 중간)"
3814,6,624,광흥창,2번출구 외부 사인보드안
3815,6,624,광흥창,5번출구 외부
3816,6,625,대흥,2번출구 계단 앞
3817,6,625,대흥,대합실 가는 계단
3818,6,625,대흥,3번출구 계단 앞
3819,6,625,대흥,화장실 앞
3820,6,625,대흥,"1, 2, 3, 4번출구로 올라가는 계단"
3821,6,625,대흥,1번 개찰구 옆 기둥
3822,6,625,대흥,I센터 앞 천정
3823,6,625,대흥,고객상담실 앞 계단
3824,6,625,대흥,상선 5-4
3825,6,625,대흥,하선 5-1 E/V
3826,6,625,대흥,상선 3-4
3827,6,625,대흥,2호기 E/V 지하1층 옆
3828,6,625,대흥,2호기 E/V 지하2층 옆
3829,6,625,대흥,"1번출구 5, 6호기 E/S 앞"
3830,6,625,대흥,지하2층 내부1호기 E/V
3831,6,625,대흥,지하2층 3호기 E/V 앞
3832,6,625,대흥,지상 3호기 E/V 앞
3833,6,626,공덕,I센터 위 천정
3834,6,626,공덕,하선 승강장 내려가는 계단 2호기 E/V 옆
3835,6,626,공덕,상선 승강장 내려가는 계단 1호기 E/V 옆
3836,6,626,공덕,7번 개찰구 위(하선)
3837,6,626,공덕,상선 승강장 내려가는 계단 1호기 E/V 옆
3838,6,626,공덕,6번출구 내부
3839,6,626,공덕,25번 개찰구 위(상선)
3840,6,626,공덕,하선 승강장 내려가는 계단 2호기 E/V 옆
3841,6,626,공덕,화장실 앞
3842,6,626,공덕,7번출구 내부
3843,6,626,공덕,지하2층 6호선 환승통로 계단(하) 앞 천정
3844,6,626,공덕,5호선 환승통로 계단(상) 앞(하선 8-4)
3845,6,626,공덕,5호선 환승통로 계단 앞(상선 1-1)
3846,6,626,공덕,지하2층 봉화산측 승강장 올라가는 계단 앞
3847,6,626,공덕,상선 3-3
3848,6,626,공덕,하선 6-1
3849,6,626,공덕,상선 4-4(E/V 앞)
3850,6,626,공덕,상선 5-4
3851,6,626,공덕,하선 5-1(E/V 앞)
3852,6,626,공덕,하선 3-4
3853,6,626,공덕,상선 8-4
3854,6,626,공덕,하선 1-1
3855,6,626,공덕,지하3층 공항철도 연결통로
3856,6,626,공덕,지하2층 경의선 환승통로 내려가는 4호기 E/S 앞
3857,6,626,공덕,상선 1-3(4호기 E/V 앞)
3858,6,626,공덕,"지하2층 경의선 환승통로 5, 6호기 E/S 상단 천정"
3859,6,626,공덕,하선 8-1(5호기 E/V)
3860,6,626,공덕,지하3층 4호기 E/V 앞(응암방면)
3861,6,626,공덕,지하3층 5호기 E/V 앞(봉화산방면)
3862,6,626,공덕,"지하2층에서 지하3층 대합실 올라가는 3, 4호기 E/S 밑"
3863,6,626,공덕,"지하3층 1~8번출구 5-6호선 연결통로 5, 6호기 E/S 밑"
3864,6,627,효창공원,지하1층 화장실 앞
3865,6,627,효창공원,지하1층 3번출구 앞
3866,6,627,효창공원,지하1층 1번출구 앞
3867,6,627,효창공원,지하1층 2번출구 앞
3868,6,627,효창공원,지하2층 I센터 천정
3869,6,627,효창공원,지하2층 개찰구 천정
3870,6,627,효창공원,"지하1층 대합실 내려가는 계단 1, 2호기 E/S 상단 천정"
3871,6,627,효창공원,"승강장 내려가는 5, 6호기 E/S 앞"
3872,6,627,효창공원,"지하2층 1, 2, 3, 6번출구 중간계단 1, 2호기 E/S 하단"
3873,6,627,효창공원,상선 6-4
3874,6,627,효창공원,상선 5-3(1호기 E/V)
3875,6,627,효창공원,상선 4-3
3876,6,628,삼각지,"지하1층 9, 10번출구"
3877,6,628,삼각지,지하1층 화장실
3878,6,628,삼각지,"지하1층 4, 5, 6, 7, 8번출구"
3879,6,628,삼각지,"지하1층 11, 12번출구"
3880,6,628,삼각지,"지하1층 1, 2, 3, 13, 14번출구"
3881,6,628,삼각지,지하3층 승강장 가는 계단
3882,6,628,삼각지,지하3층 I센터 앞
3883,6,628,삼각지,지하3층 자동발매기 앞
3884,6,628,삼각지,지하3층 25시 편의점 앞(4호선)
3885,6,628,삼각지,지하3층 4호선 갈아타는 계단(진접측)
3886,6,628,삼각지,지하3층 21번 개찰구 앞(7~14번출구측)
3887,6,628,삼각지,지하3층 I센터 앞 개찰구(7~14번출구측)
3888,6,628,삼각지,지하3층 1호기 E/V 앞(승강장 가는 계단)
3889,6,628,삼각지,지하3층 5호기 E/V 앞 4호선 환승통로측
3890,6,628,삼각지,하선 8-1
3891,6,628,삼각지,하선 6-4
3892,6,628,삼각지,하선 3-1
3893,6,628,삼각지,승강장 2호기 E/V 앞(하선 1-1측)
3894,6,628,삼각지,하선 4-2 E/V
3895,6,628,삼각지,지하3층 8번출구 3호기 E/V
3896,6,629,녹사평,지하1층 1번출구
3897,6,629,녹사평,지하1층 화장실 앞
3898,6,629,녹사평,지하1층 4번출구
3899,6,629,녹사평,지하1층 대합실 내려가는 계단
3900,6,629,녹사평,지하1층 3호기 E/V
3901,6,629,녹사평,지하2층 대합실 내려가는 7호기 E/S 옆 기둥
3902,6,629,녹사평,지하2층 2호기 E/V 옆 기둥
3903,6,629,녹사평,지하2층 I센터 앞 천정
3904,6,629,녹사평,지하2층 3호기 E/V
3905,6,629,녹사평,지하2층 올라가는 계단 8호기 E/S 옆
3906,6,629,녹사평,지하4층 대합실 가는 5호기 E/S 앞
3907,6,629,녹사평,지하4층 2호기 E/V
3908,6,629,녹사평,지하4층 1호기 E/V
3909,6,629,녹사평,상선 3-3
3910,6,629,녹사평,상선 4-4 E/V
3911,6,629,녹사평,하선 3-4
3912,6,629,녹사평,지하4층 1번 개찰구 위
3913,6,630,이태원,1번출구 내부
3914,6,630,이태원,2번출구
3915,6,630,이태원,대합실 내려가는 계단
3916,6,630,이태원,3번출구 내부
3917,6,630,이태원,4번출구
3918,6,630,이태원,지하1층 2호기 E/V
3919,6,630,이태원,화장실 앞
3920,6,630,이태원,9번 개찰구 앞
3921,6,630,이태원,I센터 위 천정
3922,6,630,이태원,지하1층에서 지하4층 승강장 내려가는 2호기 E/S
3923,6,630,이태원,1호기 E/V 앞(I센터측)
3924,6,630,이태원,지하4층에서 지하1층 가는 1호기 E/S 밑
3925,6,630,이태원,승강장 내려가는 계단
3926,6,630,이태원,상선 3-2 E/V
3927,6,630,이태원,상선 6-2
3928,6,630,이태원,하선 6-1
3929,6,631,한강진,1번출구 앞 지하1층
3930,6,631,한강진,2번출구 E/S 앞 지하1층
3931,6,631,한강진,"1, 2, 3번출구 외부 올라가는 계단 앞"
3932,6,631,한강진,외부로 가는 3호기 E/V 앞
3933,6,631,한강진,9번 개찰구 앞
3934,6,631,한강진,I센터 앞 천정
3935,6,631,한강진,화장실 앞
3936,6,631,한강진,2호기 E/V 지하1층(I센터 옆)
3937,6,631,한강진,"승강장 가는 1, 2호기 E/S 상단"
3938,6,631,한강진,하선 승강장 가는 계단(신내)
3939,6,631,한강진,지하3층  E/V 앞
3940,6,631,한강진,상선 승강장 가는 계단(응암)
3941,6,631,한강진,"대합실 올라가는 1, 2호기 E/S 하단"
3942,6,631,한강진,상선 4-2
3943,6,631,한강진,상선 5-2 E/V
3944,6,631,한강진,상선 6-2
3945,6,631,한강진,하선 5-2
3946,6,631,한강진,하선 4-2 E/V
3947,6,631,한강진,하선 3-2
3948,6,632,버티고개,I센터 앞 내부1계단
3949,6,632,버티고개,고객센터 앞
3950,6,632,버티고개,I센터 앞 천정
3951,6,632,버티고개,1번 개찰구 앞
3952,6,632,버티고개,1번출구 계단(지하1층)
3953,6,632,버티고개,지하1층 화장실
3954,6,632,버티고개,2번출구 계단(지하1층)
3955,6,632,버티고개,5호기 E/V 앞 지하1층(2번출구 앞)
3956,6,632,버티고개,승강장 내려가는 내부5계단 지하3층(상선측)
3957,6,632,버티고개,2층 대합실 연결통로 지하3층
3958,6,632,버티고개,승강장 내려가는 내부6계단 지하3층(하선측)
3959,6,632,버티고개,2호기 E/S 지하2층 가는 계단 지하3층
3960,6,632,버티고개,3호기 E/V 지하2층
3961,6,632,버티고개,대합실 올라가는 내부2계단 지하2층
3962,6,632,버티고개,대합실 올라가는 4호기 E/V 앞 지하2층
3963,6,632,버티고개,상선 3-2
3964,6,632,버티고개,상선 4-2 E/V
3965,6,632,버티고개,상선 6-1
3966,6,632,버티고개,하선 3-4
3967,6,632,버티고개,하선 5-2 E/V
3968,6,632,버티고개,하선 6-2
3969,6,633,약수,8번출구 앞 지하1층
3970,6,633,약수,7번출구 내부
3971,6,633,약수,"7, 8번 나가는 계단(5, 6호기 E/S 밑 지하1층)"
3972,6,633,약수,화장실 앞
3973,6,633,약수,"지하2층에서 지하3층 승강장 가는 계단(7, 8번출구측)"
3974,6,633,약수,지하2층에서 지하3층 승강장 내려가는 계단(6번출구측)
3975,6,633,약수,9번출구 계단
3976,6,633,약수,6번출구 계단
3977,6,633,약수,대합실 지하2층 4호기 E/V
3978,6,633,약수,대합실 지하1층 4호기 E/V
3979,6,633,약수,상선 승강장 가는 계단 대합실 1호기 E/V 앞
3980,6,633,약수,5번 개찰구 위 천정
3981,6,633,약수,I센터 위 천정
3982,6,633,약수,하선 승강장 계단 대합실 2호기 E/V 앞
3983,6,633,약수,"지하3층에서 지하2층 7, 8번 올라가는 계단(지하2층)"
3984,6,633,약수,지하3층에서 지하2층 출구 계단 앞(지하3층)
3985,6,633,약수,상선 승강장 내려가는 1호기 E/S 상단
3986,6,633,약수,"하선측 승강장 내려가는 3, 4호기 E/S 상단"
3987,6,633,약수,"3호선 환승통로 7, 8호기 E/S(지하2층)"
3988,6,633,약수,상선 4-1
3989,6,633,약수,상선 5-1 E/V
3990,6,633,약수,상선 5-4
3991,6,633,약수,하선 5-3
3992,6,633,약수,하선 4-4 E/V
3993,6,633,약수,하선 3-4
3994,6,633,약수,"3호선 환승통로 계단 1, 2호기 E/S 하단 천정"
3995,6,633,약수,"3호선 환승계단 3, 4호기 E/S 하단 천정"
3996,6,634,청구,"1번출구 내부 9, 10호기 E/S"
3997,6,634,청구,D계단 위
3998,6,634,청구,2번출구 내부
3999,6,634,청구,화장실 앞
4000,6,634,청구,1번 개찰구 옆
4001,6,634,청구,"1번출구 가는 계단 5, 6호기 E/S 하단"
4002,6,634,청구,응암방면 승강장 가는 계단
4003,6,634,청구,3번출구 나가는 계단
4004,6,634,청구,3번출구 외부 사인보드안
4005,6,634,청구,상선 6-1(지하1층 올라가는 계단)
4006,6,634,청구,지하1층 대합실 올라가는 계단(하선 6-1)
4007,6,634,청구,1번출구 외부 사인보드안
4008,6,634,청구,대합실 5호기 E/V 앞
4009,6,634,청구,"지하2층 대합실 올라가는 계단 3, 4호기 E/S "
4010,6,634,청구,"지하2층 대합실 올라가는 계단 1, 2호기 E/S"
4011,6,635,신당,"7, 8번출구(중층)"
4012,6,635,신당,"5, 6번출구(중층)"
4013,6,635,신당,지하1층 화장실 앞
4014,6,635,신당,9번출구(지하1층)
4015,6,635,신당,12번출구(지하1층)
4016,6,635,신당,지하1층 I센터 위 천정
4017,6,635,신당,지하1층 1번 개찰구 위 천정
4018,6,635,신당,"지하1층 승강장 가는 계단 3, 4호기 E/S 상단"
4019,6,635,신당,"지하1층 승강장 가는 계단 앞 5, 6호기 E/S 상단"
4020,6,635,신당,지하1층 16번 개찰구 위 천정
4021,6,635,신당,10번출구 앞
4022,6,635,신당,11번 연결통로
4023,6,635,신당,"11번, 11-1번출구 E/S 하단(E/V 앞)"
4024,6,635,신당,2호선 연결통로
4025,6,635,신당,"2호선 갈아타는 계단 지하3층(천정) 1, 2호기 E/S"
4026,6,635,신당,"상선 2-2(3, 4호기 E/S 밑)"
4027,6,635,신당,상선 4-1 지하3층
4028,6,635,신당,상선 6-1 지하3층
4029,6,635,신당,상선 8-4 지하3층
4030,6,635,신당,"11번, 11-1번출구 E/S 상단(중간층)"
4031,6,636,동묘앞,6번출구 지하1층
4032,6,636,동묘앞,5번출구 지하1층
4033,6,636,동묘앞,내려가는 계단 지하1층 5호기 E/S 상단
4034,6,636,동묘앞,승강장 가는 계단 지하1층 6호기 E/S 상단
4035,6,636,동묘앞,지하1층 화장실 앞
4036,6,636,동묘앞,7번출구(지하1층)
4037,6,636,동묘앞,4번출구(지하1층)
4038,6,636,동묘앞,"8, 9번출구(지하1층)"
4039,6,636,동묘앞,지하1층 I센터 앞
4040,6,636,동묘앞,지하1층 개찰구 앞
4041,6,636,동묘앞,지하1층 7호기 E/S 상단(1호선 환승통로)
4042,6,636,동묘앞,승강장 내려가는 계단 지하2층 I센터 뒤 1호기 E/V 앞
4043,6,636,동묘앞,지하2층 I센터 앞
4044,6,636,동묘앞,지하2층 1번 개찰구
4045,6,636,동묘앞,"5, 6번출구로 올라가는 계단 5호기 E/S"
4046,6,636,동묘앞,1호선 환승통로 지하2층 2호기 E/V 앞
4047,6,636,동묘앞,승강장 가는 E/V 앞 지하2층 1호기 E/V 뒤 기둥
4048,6,636,동묘앞,지하3층 하선 7-3
4049,6,636,동묘앞,지하3층 상선 3-3
4050,6,636,동묘앞,지하3층 하선 5-2
4051,6,636,동묘앞,"지하3층 하선 2-2(1, 2호기 E/S 밑)"
4052,6,636,동묘앞,지하3층 1호선 환승통로
4053,6,637,창신,지하1층 1번출구
4054,6,637,창신,지하1층 4번출구
4055,6,637,창신,지하1층 외부로 올라가는 2호기 E/V
4056,6,637,창신,I센터 위 천정
4057,6,637,창신,1번 개찰구 위
4058,6,637,창신,"승강장 내려가는 연결계단 1, 2호기 E/S 상단"
4059,6,637,창신,화장실 옆
4060,6,637,창신,승강장 내려가는 계단
4061,6,637,창신,"대합실 올라가는 계단 1, 2호기 E/S 밑"
4062,6,637,창신,상선 3-3(E/V 앞)
4063,6,637,창신,하선 5-1
4064,6,637,창신,하선 3-1
4065,6,637,창신,고객센터 앞 3호기 E/V
4066,6,638,보문,8번출구 내부
4067,6,638,보문,5번출구 내부
4068,6,638,보문,1번출구 내부
4069,6,638,보문,4번출구 내부
4070,6,638,보문,대합실 내려가는 계단
4071,6,638,보문,1~8번출구 나가는 계단
4072,6,638,보문,화장실 앞
4073,6,638,보문,I센터 위 천정
4074,6,638,보문,5번 개찰구 위
4075,6,638,보문,승강장 내려가는 계단 1호기 E/V 앞
4076,6,638,보문,하선 5-4
4077,6,638,보문,하선 4-4 E/V
4078,6,638,보문,하선 3-4
4079,6,639,안암,"지하1층에서 지하2층 대합실 내려가는 5, 6호기 E/S 상단"
4080,6,639,안암,지하1층 2번출구 내부
4081,6,639,안암,지하1층 화장실 앞
4082,6,639,안암,지하1층 3번출구 내부
4083,6,639,안암,지하2층 외부 나가는 E/V 3호기
4084,6,639,안암,"지하2층에서 지하1층 대합실 올라가는 5, 6호기 E/S"
4085,6,639,안암,지하2층 6번 개찰구 위
4086,6,639,안암,지하2층 I센터 위 천정
4087,6,639,안암,지하2층 상선 승강장 내려가는 계단(1호기 E/V 옆)
4088,6,639,안암,지하2층 하선 승강장 내려가는 계단(화장실 옆)
4089,6,639,안암,지하2층 화장실 앞
4090,6,639,안암,지하3층 상선 5-2
4091,6,639,안암,지하3층 상선 6-3
4092,6,639,안암,지하3층 하선 5-3
4093,6,639,안암,지하3층 하선 4-2 E/V
4094,6,639,안암,지하3층 하선 3-1
4095,6,640,고려대,지하1층 I센터 천정
4096,6,640,고려대,지하1층 5번 개찰구 옆 기둥
4097,6,640,고려대,지하1층 승강장 내려가는 계단 1호기 E/S 상단
4098,6,640,고려대,2번출구(지하1층)
4099,6,640,고려대,지하1층 화장실 앞
4100,6,640,고려대,"지하1층 3, 4, 5, 6번출구 연결통로"
4101,6,640,고려대,"5, 6번출구(지하1층)"
4102,6,640,고려대,"지하1층 1번출구 3, 4호기 E/S 천정"
4103,6,640,고려대,3번출구(지하1층)
4104,6,640,고려대,지하3층 승강장 내려가는 계단(좌)
4105,6,640,고려대,지하3층 승강장 내려가는 계단(우)
4106,6,640,고려대,지하3층에서 지하1층 대합실 가는 계단 1호기 E/S
4107,6,640,고려대,지하4층 상선 3-3
4108,6,640,고려대,지하4층 상선 6-1
4109,6,640,고려대,지하4층 1호기 E/V 앞(상선 6-2)
4110,6,640,고려대,지하4층 하선 6-1
4111,6,640,고려대,지하4층 하선 3-4
4112,6,640,고려대,지하4층 2호기 E/V 앞(하선 3-2)
4113,6,640,고려대,"지하3층 승강장 내려가는 9, 10호기 E/S 상단"
4114,6,640,고려대,"지하3층 승강장 내려가는 11, 12호기 E/S 상단"
4115,6,641,월곡,"2, 3번출구(지하1층)"
4116,6,641,월곡,5번출구(지하1층)
4117,6,641,월곡,4번출구 2호기 E/S(지하1층)
4118,6,641,월곡,지하1층에서 지하2층 대합실 가는 계단 25번 기둥
4119,6,641,월곡,지하1층 화장실
4120,6,641,월곡,"지하1층 승강장 내려가는 9, 10호기 E/S 상단 앞(하선측)"
4121,6,641,월곡,지하2층 I센터 천정
4122,6,641,월곡,지하2층 승강장 가는 계단(상선측)
4123,6,641,월곡,지하2층 개찰구 앞 20번 기둥
4124,6,641,월곡,지하2층에서 지하1층 외부 출구 연결 계단 23번 기둥
4125,6,641,월곡,지하2층 대합실 3호기 E/V 앞
4126,6,641,월곡,대합실 올라가는 E/S(상선 3-3)
4127,6,641,월곡,상선 4-4(E/V 앞)
4128,6,641,월곡,상선 5-4
4129,6,641,월곡,하선 5-4
4130,6,641,월곡,하선 4-4
4131,6,641,월곡,하선 3-3
4132,6,641,월곡,"승강장 내려가는 7, 8호기 E/S 상단(상선측)"
4133,6,641,월곡,"1번출구 11, 12호기 E/S 하단(중층)"
4134,6,642,상월곡,1번출구(내부)
4135,6,642,상월곡,"I센터 가는 1, 2호기 E/S 천정 상단"
4136,6,642,상월곡,4번출구(내부)
4137,6,642,상월곡,화장실 앞
4138,6,642,상월곡,8번 개찰구 위(102번 자동발매기)
4139,6,642,상월곡,"1, 4번출구 I센터 옆 1, 2호기 E/S 천정 하단"
4140,6,642,상월곡,I센터 천정
4141,6,642,상월곡,대합실 E/V 앞(1호기)
4142,6,642,상월곡,상선 승강장 가는 계단 위(대합실)
4143,6,642,상월곡,하선 승강장 가는 계단 위(대합실)
4144,6,642,상월곡,승강장 가는 계단 위(I센터 옆)
4145,6,642,상월곡,승강장 가는 계단 위(I센터 옆 하선측)
4146,6,642,상월곡,I센터 천정(하선측)
4147,6,642,상월곡,21번 개찰구 옆 기둥
4148,6,642,상월곡,2번출구 내부 벽
4149,6,642,상월곡,3번출구 내부 벽
4150,6,642,상월곡,상선 승강장 1-1 앞 벽
4151,6,642,상월곡,하선 승강장 8-4 앞 벽
4152,6,642,상월곡,"승강장에서(상선끝) 2, 3번출구(대합실) 계단"
4153,6,642,상월곡,하선 승강장 1-1 벽(돌곶이방향)
4154,6,642,상월곡,2번출구 중간 E/S 앞
4155,6,642,상월곡,지하2층 고객안전실 옆(상선 승강장 내려가는 내부2호기 E/V 앞)
4156,6,642,상월곡,지하2층 고객안전실 옆(하선 승강장 내려가는 내부3호기 E/V 앞)
4157,6,642,상월곡,지하3층 상선 1-2 (내부2호기 EV 앞)
4158,6,642,상월곡,지하3층 하선 8-4 (내부3호기 EV 앞)
4159,6,643,돌곶이,상선 승강장 가는 1호기 E/V 옆
4160,6,643,돌곶이,하선 승강장 가는 I센터 옆 계단
4161,6,643,돌곶이,I센터 천정
4162,6,643,돌곶이,7번 개찰구 옆 기둥
4163,6,643,돌곶이,"7, 8번출구 내부 벽(2, 3호기 E/S)"
4164,6,643,돌곶이,화장실 앞(4호기 E/S)
4165,6,643,돌곶이,"5, 6번출구 내부 벽"
4166,6,643,돌곶이,"5, 6, 7, 8번출구 화장실 앞(가게 옆 거울 옆 벽)"
4167,6,643,돌곶이,1번출구 내부 벽
4168,6,643,돌곶이,"3, 4번출구 내부 벽"
4169,6,643,돌곶이,2번출구 내부 벽
4170,6,643,돌곶이,"3호기 E/V 3, 4번출구 옆"
4171,6,643,돌곶이,상선 3-4
4172,6,643,돌곶이,상선 4-4 E/V 앞
4173,6,643,돌곶이,상선 5-4
4174,6,643,돌곶이,하선 3-4
4175,6,643,돌곶이,하선 4-4 E/V 앞
4176,6,643,돌곶이,하선 5-4
4177,6,644,석계,지하1층 2번출구 E/S 앞
4178,6,644,석계,지하1층 3번출구 계단 6호기 E/S
4179,6,644,석계,지하1층에서 지하2층 대합실 내려가는 계단 앞(좌) 천정
4180,6,644,석계,지하1층에서 지하2층 대합실 내려가는 계단 앞(우) 4번출구측
4181,6,644,석계,"지하1층 4호기 E/V 앞(7, 8호기 E/S)"
4182,6,644,석계,"4번출구 외부(7, 8호기 E/S)"
4183,6,644,석계,지하1층 7번출구
4184,6,644,석계,"지하1층 1, 6, 7번출구측 화장실 앞(상선측)"
4185,6,644,석계,"1, 6, 7번출구에서 대합실 내려가는 계단(지하1층에서 지하2층)"
4186,6,644,석계,지하1층 1번출구
4187,6,644,석계,지하2층 1호선 환승통로
4188,6,644,석계,"지하2층 승강장 내려가는 계단(3호기 E/S 상단) 2, 3, 4번출구측"
4189,6,644,석계,"지하2층 2, 3, 4번출구측 I센터 앞 천정"
4190,6,644,석계,지하2층 개찰구 앞
4191,6,644,석계,"지하2층 승강장 내려가는 계단(4호기 E/S 상단) 2, 3, 4번출구측"
4192,6,644,석계,지하2층 4호기 E/V 앞
4193,6,644,석계,"지하2층에서 지하1층 2, 3, 4번출구 올라가는 계단"
4194,6,644,석계,지하2층 승강장 내려가는 계단(1호기 E/S 상단) 상선측
4195,6,644,석계,지하2층 승강장 내려가는 계단(2호기 E/S 상단) 하선측
4196,6,644,석계,"지하2층 1, 6, 7번출구측 개찰구 앞"
4197,6,644,석계,"지하2층 1, 6, 7번출구측 I센터 앞"
4198,6,644,석계,"지하2층 1, 6, 7번출구 올라가는 계단(5호기 E/S 밑)"
4199,6,644,석계,지하2층 외부로 올라가는 3호기 E/V
4200,6,644,석계,지하2층 화장실(1호선 환승통로측)
4201,6,644,석계,"1, 6, 7번출구측 대합실 올라가는 계단(1호기E/S) (좌)"
4202,6,644,석계,"1, 6, 7번출구측 대합실 올라가는 계단(2호기E/S) (우) "
4203,6,644,석계,상선 3-3 1호기 E/V 앞
4204,6,644,석계,대합실 올라가는 계단 상선 4-3
4205,6,644,석계,상선 6-3
4206,6,644,석계,하선 6-2 2호기 E/V
4207,6,644,석계,하선 5-2
4208,6,644,석계,하선 3-2
4209,6,645,태릉입구,지하1층 하선 승강장 가는 계단 위 천정
4210,6,645,태릉입구,지하1층 상선 승강장 가는 계단 위 천정
4211,6,645,태릉입구,지하1층 8번 개찰구 기둥
4212,6,645,태릉입구,지하1층 I센터 천정
4213,6,645,태릉입구,지하1층 화장실 앞
4214,6,645,태릉입구,지하1층 3호기 E/V I센터 옆
4215,6,645,태릉입구,지하1층 1번출구
4216,6,645,태릉입구,지하1층 4호기 E/V 6번출구 E/S 앞
4217,6,645,태릉입구,지하1층 8번출구(내부)
4218,6,645,태릉입구,지하1층 7번출구 E/S 천정
4219,6,645,태릉입구,상선 6-1(E/V 앞 1호기)
4220,6,645,태릉입구,하선 3-4 E/V 앞
4221,6,645,태릉입구,상선 3-2
4222,6,645,태릉입구,상선 5-2
4223,6,645,태릉입구,하선 6-2
4224,6,645,태릉입구,하선 4-2
4225,6,645,태릉입구,"상선 8-4 7호선 환승계단(5, 6호기 E/S 천정)"
4226,6,645,태릉입구,"하선 1-1 7호선 환승계단(7, 8호기 E/S 천정) "
4227,6,645,태릉입구,"지하3층 7호선에서 6호선 상선 환승계단(5, 6호선 E/S 밑)"
4228,6,645,태릉입구,"지하3층 7호선 온수측 계단 옷가게 옆(3, 4호기 E/S)"
4229,6,645,태릉입구,"지하3층 7호선 갈아타는 계단 옷가게(1, 2호기 E/S)"
4230,6,645,태릉입구,"지하3층 7호선에서 6호선 하선 갈아타는 계단(7, 8호기 E/S)"
4231,6,645,태릉입구,지하1층 1호기 E/V(I센터 맞은편)
4232,6,645,태릉입구,지하1층 2호기 E/V(I센터 뒷편)
4233,6,645,태릉입구,"지하1층 6번출구 내부 벽(12, 13호기 E/S)"
4234,6,645,태릉입구,"중층 6번출구 중간 E/S 벽(12, 13호기 E/S)"
4235,6,645,태릉입구,"1번출구 내부 16, 17호기 E/S 하단 "
4236,6,645,태릉입구,"1번출구 외부 16, 17호기 E/S 상단"
4237,6,645,태릉입구,"6번출구 외부 사인보드안(14, 15호기 E/S)"
4238,6,646,화랑대,상선 승강장 내려가는 계단 1호기 E/V
4239,6,646,화랑대,하선 승강장 내려가는 계단 2호기 E/V
4240,6,646,화랑대,11번 개찰구 위
4241,6,646,화랑대,I센터 위 천정
4242,6,646,화랑대,"1, 2, 3, 4번출구 연결통로"
4243,6,646,화랑대,화장실 앞
4244,6,646,화랑대,"5, 6, 7번출구 연결통로"
4245,6,646,화랑대,5번출구 내부
4246,6,646,화랑대,"2, 3, 4번출구 연결통로"
4247,6,646,화랑대,1번출구 내부
4248,6,646,화랑대,2번출구 내부
4249,6,646,화랑대,상선 4-4
4250,6,646,화랑대,상선 5-4(E/V 앞)
4251,6,646,화랑대,상선 6-3
4252,6,646,화랑대,하선 5-1
4253,6,646,화랑대,하선 4-2(E/V 앞)
4254,6,646,화랑대,하선 3-2
4255,6,646,화랑대,7번출구 내부(4호기 E/V 앞)
4256,6,646,화랑대,2번출구 내부(5호기 E/V 앞) 
4257,6,647,봉화산,상선 승강장 내려가는 계단(화랑대측)
4258,6,647,봉화산,지하1층 1번 개찰구 위(화랑대측)
4259,6,647,봉화산,I센터 위 천정
4260,6,647,봉화산,1번출구 내부
4261,6,647,봉화산,"4, 5번출구 내부"
4262,6,647,봉화산,신내측 화장실
4263,6,647,봉화산,지하1층 상선 승강장 내려가는 계단(1호기 E/S)
4264,6,647,봉화산,지하1층 10번 개찰구 위
4265,6,647,봉화산,지하1층 I센터 위(화랑대측) 천정
4266,6,647,봉화산,2번출구 내부
4267,6,647,봉화산,3번출구 내부
4268,6,647,봉화산,지하2층 하선 8-4 계단 앞
4269,6,647,봉화산,지하2층 하선 1-1 계단 앞
4270,6,647,봉화산,대합실 2호기 E/V 앞
4271,6,647,봉화산,3호기 E/V 앞 기둥
4272,6,647,봉화산,4호기 E/V 앞 기둥
4273,6,647,봉화산,상선 8-2(E/V 3호기)
4274,6,647,봉화산,하선 1-4(E/V 4호기)
4275,6,647,봉화산,3번출구 외부 사인보드안
4276,6,648,신내,"1, 2, 3, 4번출구 나가는곳"
4277,6,648,신내,"1호기 E/V(1, 2호기 E/S, 계단)"
4278,6,648,신내,1호기 E/V(승강장 1-2)
4279,6,648,신내,"1, 2호기 E/S, 대합실 올라가는 계단(승강장 1-4)"
4280,7,709,장암,화장실 앞
4281,7,709,장암,역무실 앞 천장 (승강장가는 측)
4282,7,709,장암,역무실 입구
4283,7,709,장암,대합실 개찰구 앞
4284,7,709,장암,1번 출구 내부
4285,7,710,도봉산,승강장 상선 올라가는 계단 앞
4286,7,710,도봉산,승강장 하선 올라가는 계단 앞
4287,7,710,도봉산,1-1번출구측 화장실 가는 통로 앞
4288,7,710,도봉산,화장실 앞(1-1번출구 의정부측)
4289,7,710,도봉산,I센터 앞(1-1번출구 의정부측)
4290,7,710,도봉산,1호선 하선 올라가는 계단 앞
4291,7,710,도봉산,1호선 상선 올라가는 계단 앞
4292,7,710,도봉산,승강장 상선 올라가는 계단 앞 (1~3번출구측)
4293,7,710,도봉산,3번 개찰구 앞 (1~3번출구측)
4294,7,710,도봉산,I센터 앞 (1~3번출구 수락산측)
4295,7,710,도봉산,승강장 하선 올라가는 계단 앞(1~3번출구측)
4296,7,710,도봉산,상선 1-1
4297,7,710,도봉산,하선 8-4
4298,7,710,도봉산,상선 7-2 E/V
4299,7,710,도봉산,하선 2-2
4300,7,710,도봉산,화장실 앞(수락산측)
4301,7,710,도봉산,도봉산역 2번출구
4302,7,710,도봉산,하선 승강장 4호기 E/V 하단
4303,7,710,도봉산,상선 3-4 E/V
4304,7,710,도봉산,하선 4-2 E/V
4305,7,710,도봉산,21번 개찰구 앞
4306,7,710,도봉산,1-1번출구쪽 개찰구 앞
4307,7,710,도봉산,1-1번출구 내부
4308,7,710,도봉산,1-1번출구 E/V 앞
4309,7,710,도봉산,상선 승강장 가는 3호기 E/V 하단
4310,7,710,도봉산,1-1번출구 가는 연결통로
4311,7,711,수락산,상선 승강장 내려가는 계단 앞(도봉산측)
4312,7,711,수락산,하선 승강장 내려가는 계단 앞(도봉산측)
4313,7,711,수락산,I센터 위(도봉산측)
4314,7,711,수락산,7번 개찰구 위 천정
4315,7,711,수락산,"5, 6번출구 올라가는 계단"
4316,7,711,수락산,화장실 앞
4317,7,711,수락산,I센터 위(마들역측)
4318,7,711,수락산,17번 개찰구 옆(마들역측)
4319,7,711,수락산,"4번출구 내부(5, 6호기 E/S 하단)"
4320,7,711,수락산,상선 승강장 내려가는 계단(마들역측)
4321,7,711,수락산,하선 승강장 내려가는 계단(마들역측)
4322,7,711,수락산,1번출구 내부
4323,7,711,수락산,"대합실 내려가는 계단(1, 2번출구측)"
4324,7,711,수락산,6번출구 내부
4325,7,711,수락산,"대합실 내려가는 계단(5, 6번출구측)"
4326,7,711,수락산,하선 1-1
4327,7,711,수락산,상선 8-4
4328,7,711,수락산,하선 8-4
4329,7,711,수락산,상선 1-1
4330,7,711,수락산,1번출구 외부
4331,7,711,수락산,3번출구 외부
4332,7,711,수락산,6번출구 외부
4333,7,711,수락산,3번출구 내부
4334,7,711,수락산,지하2층 내부 2호기 E/V 앞
4335,7,711,수락산,상선 1-1 내부 2호기 E/V
4336,7,711,수락산,지하2층 내부 3호기 E/V 앞
4337,7,711,수락산,하선 8-3 내부3호기 E/V
4338,7,712,마들,"1, 2, 7, 8번출구"
4339,7,712,마들,"1, 2, 7, 8번 올라가는 연결 계단"
4340,7,712,마들,4번출구 앞
4341,7,712,마들,대합실 내려가는 계단 위 천정 1호기 E/S
4342,7,712,마들,5번출구 앞
4343,7,712,마들,2호기 E/V 앞(지하1층)
4344,7,712,마들,6번출구 앞
4345,7,712,마들,승강장 내려가는 계단
4346,7,712,마들,I센터 위
4347,7,712,마들,11번 개찰구 앞
4348,7,712,마들,화장실 앞
4349,7,712,마들,"4, 5, 6번출구 올라가는 1호기 E/S 천정"
4350,7,712,마들,상선 3-3
4351,7,712,마들,상선 5-3
4352,7,712,마들,상선 8-4
4353,7,712,마들,1호기 E/V 앞(지하1층)
4354,7,712,마들,3호기 E/V 앞(지하1층)
4355,7,712,마들,4호기 E/V 앞(지하1층)
4356,7,712,마들,6번출구 외부 사인보드안
4357,7,712,마들,I센터 옆 21번 개찰구 위
4358,7,712,마들,"1, 2, 7, 8번출구에서 대합실로 내려가는 7, 8호기 E/S"
4359,7,712,마들,"대합실에서 1, 2, 7, 8번출구로 올라가는 7, 8호기 E/S"
4360,7,713,노원,"7호선으로 내려가는 계단 앞 6, 7호기 E/S 상단"
4361,7,713,노원,4호선에서 7호선으로 가는 통로 앞
4362,7,713,노원,7호선 승강장 내려가는 계단 앞 3호기 E/S 상단
4363,7,713,노원,"4호선 환승통로 올라가는 계단 앞 4, 5호기 E/S 밑"
4364,7,713,노원,3번출구 10호기 E/S 앞
4365,7,713,노원,21번 개찰구 위
4366,7,713,노원,지하1층 3호기 외부 E/V 앞
4367,7,713,노원,8번출구 계단 앞
4368,7,713,노원,4번출구 계단 앞
4369,7,713,노원,7번출구 계단 앞
4370,7,713,노원,5번출구 내부
4371,7,713,노원,5번출구측 E/V
4372,7,713,노원,승강장 내려가는 계단 앞
4373,7,713,노원,6번출구 내부
4374,7,713,노원,승강장 내려가는 계단 앞
4375,7,713,노원,승강장 내려가는 계단 앞
4376,7,713,노원,I센터 천정(하선측)
4377,7,713,노원,자동발매기 위 23번 기둥
4378,7,713,노원,화장실 앞
4379,7,713,노원,상선 1-1 1호기 E/S 밑 
4380,7,713,노원,상선 4-1
4381,7,713,노원,상선 4-4 E/V
4382,7,713,노원,상선 6-1
4383,7,714,중계,"1, 2번출구 내부"
4384,7,714,중계,화장실 앞
4385,7,714,중계,지하2층 대합실 내려가는 계단 앞(어묵나라 옆)
4386,7,714,중계,"5, 6번출구 앞"
4387,7,714,중계,3번출구 계단 앞
4388,7,714,중계,지하3층 대합실 내려가는 계단 앞
4389,7,714,중계,4번출구(지하1층)
4390,7,714,중계,지하2층 I센터 앞 천정
4391,7,714,중계,지하1층 대합실로 올라가는 계단 앞 역무실 옆
4392,7,714,중계,8번 개찰구 앞
4393,7,714,중계,7호선 승강장 내려가는 계단 앞 개찰구 옆
4394,7,714,중계,7호선 승강장 내려가는 계단 앞 1호기 E/V 뒤
4395,7,714,중계,11번 개찰구 앞
4396,7,714,중계,지하1층 대합실로 올라가는 계단 앞
4397,7,714,중계,상선 4-1 E/S
4398,7,714,중계,하선 4-4 E/V
4399,7,714,중계,상선 6-1
4400,7,714,중계,3호기 E/V 앞(지하1층)
4401,7,714,중계,3호기 E/V 앞(지하2층)
4402,7,714,중계,지하2층 2호기 E/V 앞
4403,7,714,중계,"4번출구 7, 8호기 E/S 앞"
4404,7,714,중계,6번출구 내부
4405,7,715,하계,1번출구 내부
4406,7,715,하계,6번출구 내부
4407,7,715,하계,하선 5-1 E/V
4408,7,715,하계,상선 3-3
4409,7,715,하계,4호기 E/V 앞
4410,7,715,하계,2호기 E/V 앞 지하1층
4411,7,715,하계,대합실 승강장 내려가는 계단 위 2~5번출구측
4412,7,715,하계,I센터 위 천정
4413,7,715,하계,"대합실 승강장 내려가는 계단 위 1, 6번출구측"
4414,7,715,하계,화장실 앞
4415,7,715,하계,2번출구 내부
4416,7,715,하계,3번출구 내부
4417,7,715,하계,5번출구 내부
4418,7,715,하계,승강장 내려가는 계단 2호기 E/V(좌)
4419,7,715,하계,승강장 내려가는 계단 2호기 E/V(우)
4420,7,715,하계,대합실 올라가는 계단 (2~5번출구 나가는 계단)
4421,7,715,하계,상선 5-3
4422,7,716,공릉,1번출구 내부
4423,7,716,공릉,2번출구 내부
4424,7,716,공릉,4번출구 내부
4425,7,716,공릉,3번출구 내부
4426,7,716,공릉,화장실 앞
4427,7,716,공릉,5번 개찰구 위
4428,7,716,공릉,I센터 위
4429,7,716,공릉,"대합실, 승강장 내려가는 계단 4호기 E/S 상단"
4430,7,716,공릉,승강장 내려가는 계단 앞(상선측) 1호기 E/S
4431,7,716,공릉,"대합실 올라가는 계단 앞 1, 2호기 E/S 사이"
4432,7,716,공릉,승강장 내려가는 계단(하선측) 2호기 E/S
4433,7,716,공릉,승강장 내려가는 계단(상선측) 3호기 E/S 앞
4434,7,716,공릉,승강장 내려가는 계단(하선측) 4호기 E/S 앞
4435,7,716,공릉,대합실로 올라가는 계단 4호기 E/S 밑
4436,7,716,공릉,하선 4-4
4437,7,716,공릉,상선 5-1
4438,7,716,공릉,상선 7-3 E/S
4439,7,716,공릉,상선 8-4 E/V
4440,7,716,공릉,하선 2-2
4441,7,716,공릉,하선 1-1 E/V 앞
4442,7,716,공릉,1번출구 외부
4443,7,717,태릉입구,지하1층 4번출구 내부
4444,7,717,태릉입구,지하1층 3번출구 내부
4445,7,717,태릉입구,지하1층 5번출구 내부
4446,7,717,태릉입구,지하1층 2번출구 내부
4447,7,717,태릉입구,지하1층 승강장 내려가는 계단 앞 1호기 E/S 상단
4448,7,717,태릉입구,"지하1층 승강장 내려가는 계단 앞 3, 4호기 E/S 상단"
4449,7,717,태릉입구,지하3층 승강장 내려가는 계단 앞(상선측) I센터 앞
4450,7,717,태릉입구,지하3층 승강장 내려가는 계단 앞(하선측) I센터 뒤
4451,7,717,태릉입구,지하3층 I센터 천정
4452,7,717,태릉입구,지하3층 9번 개찰구 위
4453,7,717,태릉입구,지하3층 화장실 앞
4454,7,717,태릉입구,지하3층 대합실 올라가는 계단 앞 1호기 E/S
4455,7,717,태릉입구,"지하3층에서 지하1층 대합실 올라가는 3, 4호기 E/S"
4456,7,717,태릉입구,상선 2-1
4457,7,717,태릉입구,하선 7-3
4458,7,717,태릉입구,상선 4-1
4459,7,717,태릉입구,하선 5-3
4460,7,717,태릉입구,상선 6-3 E/V
4461,7,717,태릉입구,상선 8-4 E/S
4462,7,717,태릉입구,하선 3-1 2호기 E/V
4463,7,717,태릉입구,하선 1-1 E/S
4464,7,717,태릉입구,1호기 E/V 앞(지하1층)
4465,7,717,태릉입구,2호기 E/V 앞(지하1층)
4466,7,717,태릉입구,지하3층 2호기 E/V
4467,7,718,먹골,"1, 2번출구(지하1층)"
4468,7,718,먹골,7번출구(지하1층)
4469,7,718,먹골,지하1층 화장실 
4470,7,718,먹골,"지하1층 1, 2, 7번출구측에서 대합실로 내려가는 계단"
4471,7,718,먹골,지하1층 3~6번출구측에서 대합실로 내려가는 계단
4472,7,718,먹골,"3, 4번출구(지하1층)"
4473,7,718,먹골,"5, 6번출구(지하1층)"
4474,7,718,먹골,"1, 2, 7번출구로 올라가는 연결 계단"
4475,7,718,먹골,외부로 올라가는 3호기 E/V
4476,7,718,먹골,상선측 승강장 내려가는 A 계단 위
4477,7,718,먹골,지하2층 4번 개찰구 위
4478,7,718,먹골,지하2층 15번 개찰구 위
4479,7,718,먹골,하선측 승강장 내려가는 D 계단 위
4480,7,718,먹골,지하2층 I센터 천정
4481,7,718,먹골,"3, 4, 5, 6번출구로 올라가는 연결 계단"
4482,7,718,먹골,하선 3-4
4483,7,718,먹골,하선 5-1(2호기 E/V 앞)
4484,7,718,먹골,하선 6-1
4485,7,718,먹골,상선 3-4
4486,7,718,먹골,상선 4-4(1호기 E/V 앞)
4487,7,718,먹골,상선 6-1
4488,7,719,중화,1번출구 내부
4489,7,719,중화,4번출구 내부
4490,7,719,중화,I센터 위 천정
4491,7,719,중화,7번 개찰구 위(101번 발매기 위)
4492,7,719,중화,지하1층 대합실에서 지하2층 대합실 가는 계단
4493,7,719,중화,중화동측 올라가는 3호기 E/V
4494,7,719,중화,화장실 앞
4495,7,719,중화,2번출구 내부
4496,7,719,중화,3번출구 내부
4497,7,719,중화,상선 승강장 내려가는 계단
4498,7,719,중화,하선 승강장 내려가는 계단
4499,7,719,중화,지하2층 대합실 올라가는 계단
4500,7,719,중화,상선 3-3
4501,7,719,중화,상선 4-4 1호기 E/V
4502,7,719,중화,상선 6-1
4503,7,719,중화,"하선 6-1 3, 4호기 E/S 밑"
4504,7,719,중화,하선 5-1 2호기 E/V
4505,7,719,중화,하선 3-4
4506,7,719,중화,I센터 뒤 1호기 E/V 앞
4507,7,719,중화,지하2층 상선 승강장 내려가는 1호기 E/V 앞
4508,7,719,중화,지하2층 하선 승강장 내려가는 2호기 E/V 앞
4509,7,720,상봉,6번출구 내부
4510,7,720,상봉,2번출구 내부
4511,7,720,상봉,5번출구 내부
4512,7,720,상봉,화장실 앞
4513,7,720,상봉,대합실로 내려가는 계단
4514,7,720,상봉,7호선 승강장 및 대합실로 내려가는 2호기 E/V 앞
4515,7,720,상봉,외부로 올라가는 5호기 E/V 앞
4516,7,720,상봉,대합실로 내려가는 계단
4517,7,720,상봉,3번출구 내부
4518,7,720,상봉,4번출구 내부
4519,7,720,상봉,"2, 5, 6번출구로 올라가는 연결 계단"
4520,7,720,상봉,온수 방향 승강장 내려가는 2호기 E/V 앞
4521,7,720,상봉,22번 개찰구 위
4522,7,720,상봉,하선측 승강장 내려가는 계단
4523,7,720,상봉,5번 개찰구 위 천정
4524,7,720,상봉,상선측 승강장 내려가는 계단
4525,7,720,상봉,I센터 위 천정
4526,7,720,상봉,"3, 4번출구로 올라가는 연결 계단"
4527,7,720,상봉,상선 3-2(1호기 E/V 앞)
4528,7,720,상봉,상선 3-4
4529,7,720,상봉,상선 4-4(3호기 E/V 앞)
4530,7,720,상봉,상선 6-1
4531,7,720,상봉,하선 6-2(2호기 E/V 앞)
4532,7,720,상봉,하선 6-1
4533,7,720,상봉,하선 5-1(4호기 E/V 앞)
4534,7,720,상봉,하선 4-1
4535,7,721,면목,1번출구 내부
4536,7,721,면목,8번 개찰구 기둥
4537,7,721,면목,I센터 위 천정
4538,7,721,면목,화장실 앞
4539,7,721,면목,지하1층 상선측 승강장 내려가는 1호기 E/V 앞
4540,7,721,면목,3번 개찰구 위
4541,7,721,면목,3번출구 외부로 올라가는 3호기 E/V 앞
4542,7,721,면목,2번출구 내부 E/S 앞
4543,7,721,면목,"1, 2, 3번출구 올라가는 연결 계단 1, 2호기 E/S 밑 기둥"
4544,7,721,면목,상선측 승강장 내려가는 계단
4545,7,721,면목,상선측 승강장 내려가는 1호기 E/V 앞 천정
4546,7,721,면목,하선측 승강장 내려가는 계단
4547,7,721,면목,상선 3-4
4548,7,721,면목,상선 4-4(1호기 E/V 앞)
4549,7,721,면목,상선 5-4
4550,7,721,면목,하선 6-2
4551,7,721,면목,하선 5-2(2호기 E/V 앞)
4552,7,721,면목,하선 4-1
4553,7,722,사가정,화장실 앞
4554,7,722,사가정,1번출구 올라가는 계단
4555,7,722,사가정,I센터 위 천정
4556,7,722,사가정,I센터 뒤쪽
4557,7,722,사가정,지하1층 2호기 E/V 앞
4558,7,722,사가정,1번 개찰구 위
4559,7,722,사가정,2번출구 내부
4560,7,722,사가정,4번출구 내부
4561,7,722,사가정,3번출구 내부(3호기 E/V 앞)
4562,7,722,사가정,지하1층 대합실로 올라가는 계단
4563,7,722,사가정,상선측 승강장 내려가는 계단
4564,7,722,사가정,하선측 승강장 내려가는 계단
4565,7,722,사가정,상선 2-3
4566,7,722,사가정,상선 3-3(1호기 E/V 앞)
4567,7,722,사가정,상선 4-3
4568,7,722,사가정,하선 7-1
4569,7,722,사가정,하선 6-2(2호기 E/V 앞)
4570,7,722,사가정,하선 5-1
4571,7,723,용마산,화장실 앞
4572,7,723,용마산,외부로 올라가는 3호기 E/V 앞
4573,7,723,용마산,1번출구 E/S 앞
4574,7,723,용마산,2번출구 내부
4575,7,723,용마산,"2, 3번출구로 올라가는 연결 계단"
4576,7,723,용마산,I센터 위 천정
4577,7,723,용마산,12번 개찰구 위
4578,7,723,용마산,승강장 내려가는 2호기 E/V 앞 천정
4579,7,723,용마산,"승강장 내려가는 계단 1, 2호기 E/S 위"
4580,7,723,용마산,"대합실 올라가는 계단 1, 2호기 E/S 밑"
4581,7,723,용마산,상선측 승강장 내려가는 계단 천정
4582,7,723,용마산,하선측 승강장 내려가는 계단
4583,7,723,용마산,하선측 승강장 내려가는 2호기 E/V 앞
4584,7,723,용마산,상선 2-3
4585,7,723,용마산,상선 3-3(1호기 E/V 앞)
4586,7,723,용마산,상선 4-4
4587,7,723,용마산,하선 7-1
4588,7,723,용마산,하선 6-1(2호기 E/V 앞)
4589,7,723,용마산,1번출구 계단 앞
4590,7,723,용마산,하선 5-1
4591,7,723,용마산,1번출구 외부 사인보드안
4592,7,723,용마산,3번출구 내부
4593,7,724,중곡,1번출구 내부
4594,7,724,중곡,대합실로 내려가는 계단
4595,7,724,중곡,"3, 4번출구(3번출구)"
4596,7,724,중곡,화장실 앞
4597,7,724,중곡,외부로 올라가는 계단
4598,7,724,중곡,6번 개찰구 위
4599,7,724,중곡,I센터 위 천정
4600,7,724,중곡,승강장 내려가는 계단(상선측)
4601,7,724,중곡,승강장 내려가는 계단(하선측)
4602,7,724,중곡,상선 3-4
4603,7,724,중곡,상선 4-4(1호기 E/V 앞)
4604,7,724,중곡,상선 6-1
4605,7,724,중곡,하선 6-1
4606,7,724,중곡,하선 5-1(2호기 E/V 앞)
4607,7,724,중곡,하선 3-4
4608,7,724,중곡,지상 올라가는 3호기 E/V 앞
4609,7,724,중곡,4번출구 내부 E/S 앞
4610,7,724,중곡,2번출구 외부 사인보드 뒤
4611,7,724,중곡,2번출구 E/S 밑
4612,7,724,중곡,2번출구 연결통로 역무실 옆
4613,7,724,중곡,2번출구 연결통로 개찰구
4614,7,724,중곡,1번출구 캐노피 안
4615,7,725,군자,19번 개찰구 위
4616,7,725,군자,5-6번출구 내부
4617,7,725,군자,7-8번출구 내부
4618,7,725,군자,하선측 승강장 내려가는 계단(I센터측)
4619,7,725,군자,상선측 승강장 내려가는 계단(I센터측)
4620,7,725,군자,상선측 승강장 내려가는 계단 앞(I센터 반대측)
4621,7,725,군자,하선측 승강장 내려가는 계단 앞(I센터 반대측)
4622,7,725,군자,하선 2-3
4623,7,725,군자,상선 7-1
4624,7,725,군자,하선 5-2(E/V 앞)
4625,7,725,군자,상선 4-4(E/V 앞)
4626,7,725,군자,하선 7-2
4627,7,725,군자,상선 2-3
4628,7,725,군자,"I센터 앞 5, 6호기 E/S 상단"
4629,7,725,군자,"1, 2, 3번출구 올라가는 연결 계단 5, 6호기 E/S 밑"
4630,7,726,어린이대공원,1번출구 내부
4631,7,726,어린이대공원,외부로 나가는 3호기 E/V 앞
4632,7,726,어린이대공원,6번출구 내부
4633,7,726,어린이대공원,지하1층에서 지하2층 대합실 내려가는 계단
4634,7,726,어린이대공원,승강장 내려가는 1호기 E/V(지하1층)
4635,7,726,어린이대공원,승강장 내려가는 2호기 E/V(지하1층)
4636,7,726,어린이대공원,대합실 올라가는 계단 1호기 E/V 옆
4637,7,726,어린이대공원,화장실 앞
4638,7,726,어린이대공원,상선 승강장 가는 계단
4639,7,726,어린이대공원,I센터 옆 개찰구
4640,7,726,어린이대공원,1번 개찰구 위
4641,7,726,어린이대공원,하선 승강장 가는 계단
4642,7,726,어린이대공원,I센터 위 천정
4643,7,726,어린이대공원,"2, 3, 4, 5번출구측 대합실 올라가는 계단"
4644,7,726,어린이대공원,4번출구 내부
4645,7,726,어린이대공원,2번출구 내부
4646,7,726,어린이대공원,5번출구 내부
4647,7,726,어린이대공원,3번출구 내부
4648,7,726,어린이대공원,상선 3-3(1호기 E/V)
4649,7,726,어린이대공원,하선 6-2(2호기 E/V)
4650,7,726,어린이대공원,상선 3-4
4651,7,726,어린이대공원,상선 5-4
4652,7,726,어린이대공원,하선 5-4
4653,7,726,어린이대공원,하선 3-4
4654,7,726,어린이대공원,5번출구 E/V 가는곳
4655,7,726,어린이대공원,5번출구 4호기 E/V 앞
4656,7,726,어린이대공원,1번출구 E/S 앞
4657,7,727,건대입구,2호선측에서 7호선 온수방면 환승계단 앞
4658,7,727,건대입구,2호선측에서 7호선 장암방면 환승계단 앞
4659,7,727,건대입구,하선 승강장 가는 계단 2호기 E/V 앞
4660,7,727,건대입구,지하1층 대합실 가는 계단 환승통로 7호기 E/S 뒤
4661,7,727,건대입구,상선 승강장 가는 계단
4662,7,727,건대입구,하선 승강장 가는 계단
4663,7,727,건대입구,"2호선 환승계단 앞 1, 2호기 E/S 밑"
4664,7,727,건대입구,하선 5-2
4665,7,727,건대입구,상선 4-4
4666,7,727,건대입구,3번출구 계단 앞
4667,7,727,건대입구,21번 개찰구 위
4668,7,727,건대입구,상선 6-4
4669,7,727,건대입구,5번 개찰구 위 천정
4670,7,727,건대입구,I센터 위 천정
4671,7,727,건대입구,화장실 앞
4672,7,727,건대입구,상선 8-4
4673,7,727,건대입구,하선 1-4
4674,7,727,건대입구,하선 1-1
4675,7,727,건대입구,상선 6-1 E/V 앞
4676,7,727,건대입구,상하선 연결통로 1호기 E/V 앞
4677,7,727,건대입구,하선 4-1 E/V 앞
4678,7,728,자양(뚝섬유원지),화장실 앞
4679,7,728,자양(뚝섬유원지),상선 승강장 올라가는 2호기 E/V
4680,7,728,자양(뚝섬유원지),상선 승강장 올라가는 계단
4681,7,728,자양(뚝섬유원지),하선 승강장 올라가는 3호기 E/V
4682,7,728,자양(뚝섬유원지),하선 승강장 가는 계단
4683,7,728,자양(뚝섬유원지),I센터 위(상선측)
4684,7,728,자양(뚝섬유원지),개찰구 앞(상선측)
4685,7,728,자양(뚝섬유원지),1번출구 내부
4686,7,728,자양(뚝섬유원지),4번출구 내부
4687,7,728,자양(뚝섬유원지),1번출구측 E/S 앞
4688,7,728,자양(뚝섬유원지),1번출구측 1호기 E/V 앞
4689,7,728,자양(뚝섬유원지),2번출구 내부
4690,7,728,자양(뚝섬유원지),3번출구 내부
4691,7,728,자양(뚝섬유원지),"개찰구 앞(하선측) 2, 3번출구측"
4692,7,728,자양(뚝섬유원지),"I센터 위(하선측) 2, 3번출구측"
4693,7,728,자양(뚝섬유원지),"상선 승강장 올라가는 계단 2, 3번출구측"
4694,7,728,자양(뚝섬유원지),"하선 승강장 올라가는 계단 2, 3번출구측"
4695,7,728,자양(뚝섬유원지),상선 1-4(E/V 앞)
4696,7,728,자양(뚝섬유원지),상선 3-2
4697,7,728,자양(뚝섬유원지),상선 7-2
4698,7,728,자양(뚝섬유원지),하선 7-4(E/V 3호기)
4699,7,728,자양(뚝섬유원지),하선 6-2
4700,7,728,자양(뚝섬유원지),하선 2-3
4701,7,728,자양(뚝섬유원지),하선 4-4
4702,7,728,자양(뚝섬유원지),하선 5-2
4703,7,728,자양(뚝섬유원지),상선 4-2
4704,7,728,자양(뚝섬유원지),상선 4-4
4705,7,729,청담,5번출구 앞
4706,7,729,청담,"5, 11번출구에서 대합실 내려가는 1, 2호기 E/S 상단"
4707,7,729,청담,11번출구 앞
4708,7,729,청담,8번출구 앞
4709,7,729,청담,14번출구(지하1층)
4710,7,729,청담,13번출구 앞(지하1층)
4711,7,729,청담,3번출구 앞(지하1층)
4712,7,729,청담,12번출구 앞(지하1층)
4713,7,729,청담,지하1층 I센터 앞 천정(자양측)
4714,7,729,청담,지하1층 1번 개찰구 앞 5번 기둥
4715,7,729,청담,하선 승강장 내려가는 계단 I센터 앞
4716,7,729,청담,상선 승강장 내려가는 계단 I센터 앞
4717,7,729,청담,상선 승강장 내려가는 계단 앞 4~11번출구측
4718,7,729,청담,하선 승강장 내려가는 계단 앞 4~11번출구측
4719,7,729,청담,I센터 앞(강남구청측)
4720,7,729,청담,30번 개찰구 위
4721,7,729,청담,화장실 앞
4722,7,729,청담,지하3층 1호기 E/V 입구
4723,7,729,청담,지하3층 2호기 E/V 입구
4724,7,729,청담,상선 1-1
4725,7,729,청담,하선 8-4
4726,7,729,청담,상선 8-4
4727,7,729,청담,하선 1-1
4728,7,729,청담,상선 승강장 내려가는 3호기 E/V
4729,7,729,청담,하선 2-1 4호기 E/V
4730,7,729,청담,하선 승강장 내려가는 4호기 E/V
4731,7,729,청담,상선 7-4 3호기 E/V
4732,7,730,강남구청,3번출구 내부
4733,7,730,강남구청,4번출구 내부 7호기 E/S
4734,7,730,강남구청,"대합실 내려가는 계단 1, 2호기 E/S 상단"
4735,7,730,강남구청,"대합실 내려가는 계단 3, 4호기 E/S 상단"
4736,7,730,강남구청,2번출구 계단
4737,7,730,강남구청,상선 승강장 내려가는 계단(청담측)
4738,7,730,강남구청,하선 승강장 내려가는 계단(청담측)
4739,7,730,강남구청,I센터 위(청담측) 천정
4740,7,730,강남구청,4번 개찰구 위
4741,7,730,강남구청,화장실 앞
4742,7,730,강남구청,상선 승강장 내려가는 계단(학동측)
4743,7,730,강남구청,개찰구 위(학동측)
4744,7,730,강남구청,I센터 위(학동측)
4745,7,730,강남구청,하선 승강장 내려가는 계단(학동측)
4746,7,730,강남구청,상선 1-4
4747,7,730,강남구청,상선 1-1 E/V 앞
4748,7,730,강남구청,하선 8-4 E/V 앞
4749,7,730,강남구청,하선 7-4
4750,7,730,강남구청,상선 7-4
4751,7,730,강남구청,하선 1-4
4752,7,730,강남구청,3번출구 중간(강남 B/D 지하2층)
4753,7,730,강남구청,3번출구 E/S 앞(강남 B/D 지하2층)
4754,7,731,학동,"1, 2번출구"
4755,7,731,학동,"지하1층 1, 2, 9, 10번출구에서 대합실 내려가는 계단(9, 10호기 E/S 상단)"
4756,7,731,학동,"9, 10번출구(지하1층))"
4757,7,731,학동,8번출구
4758,7,731,학동,"6, 7, 8번출구에서 대합실로 내려가는 계단 천정(3, 4호기 E/S 상단)"
4759,7,731,학동,"6, 7번출구"
4760,7,731,학동,3번출구
4761,7,731,학동,"3, 4, 5번출구에서 대합실로 내려가는 계단 천정(1, 2호기 E/S 상단)"
4762,7,731,학동,"4, 5번출구"
4763,7,731,학동,지하2층 화장실 앞
4764,7,731,학동,"지하2층 1, 2, 9, 10번출구로 올라가는 연결 계단"
4765,7,731,학동,승강장 내려가는 계단(상선측) 1호기 E/V
4766,7,731,학동,22번 개찰구 위 천정
4767,7,731,학동,11번 개찰구 위 천정
4768,7,731,학동,승강장 내려가는 계단(하선측) 2호기 E/V 앞
4769,7,731,학동,I센터 위 천정
4770,7,731,학동,외부로 올라가는 3호기 E/V
4771,7,731,학동,"3, 4, 5번출구 올라가는 연결 계단 1, 2호기 E/S 앞 천정"
4772,7,731,학동,"6, 7, 8번출구 앞 3, 4호기 E/S 하단쪽 천정"
4773,7,731,학동,상선 3-4
4774,7,731,학동,상선 5-1 E/V
4775,7,731,학동,상선 5-4
4776,7,731,학동,하선 5-4
4777,7,731,학동,하선 4-4 E/V
4778,7,731,학동,하선 3-4
4779,7,732,논현,지하2층 대합실로 내려가는 A계단 위
4780,7,732,논현,"9, 10번출구"
4781,7,732,논현,"1, 2번출구 5 ,6호기 E/S"
4782,7,732,논현,화장실 앞(지하1층)
4783,7,732,논현,"7, 8번출구 10, 11호기 E/S"
4784,7,732,논현,"5, 6번출구 9호기 E/S(강남역측)"
4785,7,732,논현,대합실 내려가는 B계단 위
4786,7,732,논현,승강장 내려가는 계단(상선측)
4787,7,732,논현,I센터 위
4788,7,732,논현,26번 개찰구 위
4789,7,732,논현,하선 승강장 가는 계단
4790,7,732,논현,외부로 올라가는 B계단 밑
4791,7,732,논현,지하2층 외부로 올라가는 A계단 밑
4792,7,732,논현,지하2층 I센터 위(강남구청측)
4793,7,732,논현,지하2층 11번 개찰구 위
4794,7,732,논현,상선 승강장 내려가는 계단(역무실 앞)
4795,7,732,논현,하선 승강장 내려가는 계단(역무실 앞)
4796,7,732,논현,상선 2-4
4797,7,732,논현,상선 6-2
4798,7,732,논현,상선 7-3 E/V
4799,7,732,논현,하선 6-4
4800,7,732,논현,하선 3-2
4801,7,732,논현,하선 2-2 E/V
4802,7,732,논현,화장실(장애인 전용 지하3층)
4803,7,733,반포,"1, 2번출구 올라가는 계단 앞"
4804,7,733,반포,지하1층 대합실로 올라가는 E/S 앞
4805,7,733,반포,6번출구 올라가는 E/S 앞
4806,7,733,반포,5번출구 올라가는 계단 앞
4807,7,733,반포,"3, 4번출구 연결통로 내려가는 계단"
4808,7,733,반포,3번출구 올라가는 계단 앞
4809,7,733,반포,4번출구 올라가는 계단 앞
4810,7,733,반포,승강장 내려가는 계단(상선측) I센터 앞
4811,7,733,반포,승강장 내려가는 계단(하선측) I센터 뒤
4812,7,733,반포,I센터 위
4813,7,733,반포,7번 개찰구 위
4814,7,733,반포,지상으로 가는 4호기 E/V 앞
4815,7,733,반포,화장실 앞
4816,7,733,반포,지하2층 대합실로 내려가는 E/S 앞
4817,7,733,반포,6번출구로 가는 3호기 E/V 앞 
4818,7,733,반포,상선 3-4
4819,7,733,반포,상선 4-4 E/V
4820,7,733,반포,상선 5-4
4821,7,733,반포,하선 5-4
4822,7,733,반포,하선 5-1
4823,7,733,반포,하선 3-4
4824,7,733,반포,5번출구 외부
4825,7,734,고속터미널,화장실 앞
4826,7,734,고속터미널,3번출구 호남선 천정
4827,7,734,고속터미널,9번 개찰구 앞 천정
4828,7,734,고속터미널,I센터 앞(반포측) 천정
4829,7,734,고속터미널,"7호선 승강장 3호선 내려가는 12, 13호기 E/S 상단 천정"
4830,7,734,고속터미널,"4, 5, 6번출구"
4831,7,734,고속터미널,I센터 위 천정
4832,7,734,고속터미널,"4, 5, 6번출구에서 대합실 내려가는 14, 15호기 E/S 상단"
4833,7,734,고속터미널,"7호선 장암측 승강장 내려가는 계단 앞 1, 2호기 E/S"
4834,7,734,고속터미널,"3호선 환승통로로 올라가는 계단 앞 10, 11호기 E/S"
4835,7,734,고속터미널,"7호선 온수측 승강장 내려가는 계단 앞 3, 4호기 E/S"
4836,7,734,고속터미널,"역무실측 12, 13호기 E/S"
4837,7,734,고속터미널,승강장 내려가는 계단 앞(하선측)
4838,7,734,고속터미널,승강장 내려가는 계단 앞(상선측)
4839,7,734,고속터미널,"4, 5, 6번출구측 14, 15호기 E/S"
4840,7,734,고속터미널,상선 2-3 E/S
4841,7,734,고속터미널,상선 3-3 E/V
4842,7,734,고속터미널,하선 7-1 E/S
4843,7,734,고속터미널,하선 6-2 E/V
4844,7,734,고속터미널,상선 4-4 E/S
4845,7,734,고속터미널,하선 5-1 E/S
4846,7,734,고속터미널,상선 7-1 E/S
4847,7,734,고속터미널,하선 2-4 E/S
4848,7,735,내방,지하1층 1번출구 앞
4849,7,735,내방,지하1층 3번출구 앞
4850,7,735,내방,"중층 5, 6번출구 앞"
4851,7,735,내방,"중층 7, 8번출구 앞"
4852,7,735,내방,"대합실 내려가는 9, 10호기 E/S 상단"
4853,7,735,내방,화장실 앞
4854,7,735,내방,"지하2층 대합실로 올라가는 9, 10호기 E/S 하단"
4855,7,735,내방,지하2층 4번 개찰구 위
4856,7,735,내방,지하2층 I센터 천정
4857,7,735,내방,상선측 승강장 내려가는 계단 I센터 앞
4858,7,735,내방,하선측 승강장 내려가는 계단 I센터 뒤
4859,7,735,내방,상선 4-2
4860,7,735,내방,상선 5-1 E/V
4861,7,735,내방,상선 6-2
4862,7,735,내방,하선 5-2
4863,7,735,내방,하선 4-2 E/V
4864,7,735,내방,하선 3-2
4865,7,735,내방,외부 5호기 E/V (방배4치안센터측) 앞
4866,7,736,이수,"4호선 환승통로 계단 3, 4호기 E/S 상단"
4867,7,736,이수,"7호선 가는 E/S 앞 3, 4호기 E/S 밑 "
4868,7,736,이수,"5, 6번출구 내부"
4869,7,736,이수,"3, 4번출구 내부"
4870,7,736,이수,"7, 8번출구 내부"
4871,7,736,이수,"11, 12번출구 내부"
4872,7,736,이수,"대합실 내려가는 계단 앞 11, 12호기 E/S 옆"
4873,7,736,이수,지하1층 대합실 화장실 앞
4874,7,736,이수,"4호선 환승통로 가는 계단 앞 11, 12호기 E/S 상단"
4875,7,736,이수,상선 승강장 가는 1번 계단 위
4876,7,736,이수,상선 승강장 가는 3번 계단 위(1호기 E/V 옆)
4877,7,736,이수,11번 개찰구 위
4878,7,736,이수,외부 출구 가는 계단 앞 I센터 옆
4879,7,736,이수,하선 승강장 6번 계단 위 2호기 E/V 옆
4880,7,736,이수,대합실 2호기 E/V 앞
4881,7,736,이수,I센터 위 천정
4882,7,736,이수,"9, 10번출구 가는 계단 앞"
4883,7,736,이수,14번 개찰구 위
4884,7,736,이수,대합실 3호기 E/V 앞
4885,7,736,이수,하선 5번 계단 위(역무실 앞)
4886,7,736,이수,상선 4번 계단 위(역무실 옆)
4887,7,736,이수,상선 2-2
4888,7,736,이수,4호선 가는 환승통로 앞(하선 8-4)
4889,7,736,이수,하선 7-2
4890,7,736,이수,상선 3-3
4891,7,736,이수,상선 4-2
4892,7,736,이수,상선 5-2
4893,7,736,이수,하선 6-1 E/S
4894,7,736,이수,하선 5-2 E/V
4895,7,736,이수,하선 4-2
4896,7,736,이수,상선 7-3
4897,7,736,이수,하선 2-1
4898,7,736,이수,9번출구 내부
4899,7,737,남성,4호기 E/V 앞(내부)
4900,7,737,남성,3번출구 내부
4901,7,737,남성,"1, 2, 3, 4번출구 가는 1호기 E/S 앞"
4902,7,737,남성,화장실 앞
4903,7,737,남성,I센터 앞 상선 내려가는 계단 위
4904,7,737,남성,I센터 뒤 하선 내려가는 계단 위
4905,7,737,남성,I센터 앞
4906,7,737,남성,6번 개찰구 위
4907,7,737,남성,상선 3-4
4908,7,737,남성,상선 5-4
4909,7,737,남성,상선 6-2 E/V
4910,7,737,남성,하선 3-2 E/V
4911,7,737,남성,하선 3-4
4912,7,737,남성,하선 5-4
4913,7,737,남성,지하2층 대합실 내려가는 계단 위 6호기 E/S
4914,7,737,남성,3번출구 나가는 방향(7호기 E/S 상단)
4915,7,737,남성,3번출구 나가는 방향(10호기 E/S 하단)
4916,7,737,남성,1번출구 내부
4917,7,737,남성,1번출구 외부 사인보드안
4918,7,737,남성,2번출구 내부 E/S 밑
4919,7,737,남성,2번출구 가는 통로
4920,7,737,남성,"2번출구 내부 13, 14호기 E/S"
4921,7,737,남성,2번출구 외부 사인보드안
4922,7,737,남성,"1, 2번출구 사이 외부 E/V"
4923,7,738,숭실대입구,2번출구 내부
4924,7,738,숭실대입구,"지하2층 대합실 내려가는 계단 5, 6호기 E/S 상단"
4925,7,738,숭실대입구,3번출구 내부
4926,7,738,숭실대입구,대합실 3호기 E/V 앞
4927,7,738,숭실대입구,"1, 2, 3, 4번출구 나가는 4, 5호기 E/S 앞"
4928,7,738,숭실대입구,화장실 앞
4929,7,738,숭실대입구,I센터 위
4930,7,738,숭실대입구,10번 개찰구 위
4931,7,738,숭실대입구,지하2층 대합실 1호기 E/V 앞
4932,7,738,숭실대입구,지하2층 대합실 2호기 E/V 앞
4933,7,738,숭실대입구,승강장 내려가는 3호기 E/S 앞
4934,7,738,숭실대입구,대합실 올라가는 계단 3호기 E/S 밑
4935,7,738,숭실대입구,하선 승강장 내려가는 계단 위
4936,7,738,숭실대입구,상선 승강장 내려가는 계단 위
4937,7,738,숭실대입구,상선 4-1
4938,7,738,숭실대입구,상선 5-4
4939,7,738,숭실대입구,상선 6-2(E/V 앞)
4940,7,738,숭실대입구,하선 5-4
4941,7,738,숭실대입구,하선 3-4
4942,7,738,숭실대입구,하선 3-3
4943,7,738,숭실대입구,"3번출구 11, 12호기 E/S 앞"
4944,7,738,숭실대입구,지하2층 대합실 4호기 E/V 앞
4945,7,739,상도,대합실로 내려가는 계단 위 1호기 E/S 상단
4946,7,739,상도,"1, 2번출구 올라가는 계단"
4947,7,739,상도,"1, 2번출구 내려가는 계단 천정"
4948,7,739,상도,"3, 4, 5번출구 나가는 E/S 계단 앞"
4949,7,739,상도,"3, 4, 5번출구 내부 천정"
4950,7,739,상도,상선 승강강 내려가는 계단 위(1호기 E/V 옆)
4951,7,739,상도,하선 승강장 내려가는 계단 위(2호기 E/V 옆)
4952,7,739,상도,I센터 위
4953,7,739,상도,4번 개찰구 위
4954,7,739,상도,대합실 3호기 E/V 앞
4955,7,739,상도,화장실 앞
4956,7,739,상도,외부로 올라가는 계단 앞
4957,7,739,상도,상선 3-4
4958,7,739,상도,상선 4-4(2호기 E/V)
4959,7,739,상도,상선 5-4
4960,7,739,상도,하선 6-1
4961,7,739,상도,하선 4-4
4962,7,739,상도,하선 3-4
4963,7,740,장승배기,"지하1층 5, 6번출구 내부"
4964,7,740,장승배기,지하1층 대합실 내려가는 계단 1호기 E/S 상단
4965,7,740,장승배기,"1, 2번출구 내부"
4966,7,740,장승배기,대합실 내려가는 계단 2호기 E/S 상단
4967,7,740,장승배기,"3, 4번출구 내부"
4968,7,740,장승배기,중층 5번출구 내부
4969,7,740,장승배기,"지하2층 1, 2, 5, 6번출구 나가는 계단 앞(1호기 E/S 앞)"
4970,7,740,장승배기,지하2층 화장실 앞
4971,7,740,장승배기,I센터 앞 천정
4972,7,740,장승배기,9번 개찰구 앞(장암측) 천정
4973,7,740,장승배기,6번 개찰구 앞(온수측) 천정
4974,7,740,장승배기,상선 내려가는 계단 앞(1호기 E/V 뒤)
4975,7,740,장승배기,하선 승강장 내려가는 계단 앞(2호기 E/V 뒤)
4976,7,740,장승배기,"1, 2, 3, 4번출구 나가는 계단 앞(2호기 E/V 밑)"
4977,7,740,장승배기,상선 3-4
4978,7,740,장승배기,상선 4-4
4979,7,740,장승배기,상선 5-4
4980,7,740,장승배기,하선 5-4
4981,7,740,장승배기,하선 4-4(2호기 E/V)
4982,7,740,장승배기,하선 3-4
4983,7,740,장승배기,"상선 승강장 가는 11, 12호기 E/S"
4984,7,740,장승배기,"하선 승강장 가는 13, 14호기 E/S"
4985,7,741,신대방삼거리,2번출구 내부
4986,7,741,신대방삼거리,대합실로 내려가는 계단 앞(1호기 E/S 상단)
4987,7,741,신대방삼거리,5번출구 내부
4988,7,741,신대방삼거리,6번출구 내부
4989,7,741,신대방삼거리,대합실 내려가는 계단 위(2호기 E/S 상단)
4990,7,741,신대방삼거리,"3, 4번출구 내부"
4991,7,741,신대방삼거리,4번출구 내부 천정
4992,7,741,신대방삼거리,"1, 2, 5, 6번출구 나가는 계단 앞"
4993,7,741,신대방삼거리,화장실 앞
4994,7,741,신대방삼거리,19번 개찰구 위 천정
4995,7,741,신대방삼거리,상선 내려가는 계단 위(1호기 E/V 옆)
4996,7,741,신대방삼거리,I센터 앞 천정
4997,7,741,신대방삼거리,9번 개찰구 위 천정
4998,7,741,신대방삼거리,하선 승강장 내려가는 계단 위(2호기 E/V 옆)
4999,7,741,신대방삼거리,"3, 4번출구로 올라가는 계단 위(2호기 E/S 밑)"
5000,7,741,신대방삼거리,하선 3-4
5001,7,741,신대방삼거리,상선 4-4(E/V 앞)
5002,7,741,신대방삼거리,상선 5-4
5003,7,741,신대방삼거리,하선 5-4
5004,7,741,신대방삼거리,하선 4-4(E/V 앞)
5005,7,741,신대방삼거리,상선 3-3 E/S
5006,7,741,신대방삼거리,상선 승강장 내려가는 E/S 앞
5007,7,742,보라매,1번출구 내부
5008,7,742,보라매,3번출구 내부
5009,7,742,보라매,7번출구 내부
5010,7,742,보라매,화장실 앞
5011,7,742,보라매,6번출구 내부
5012,7,742,보라매,4번출구 내부
5013,7,742,보라매,5번출구 내부
5014,7,742,보라매,I센터 앞 천정
5015,7,742,보라매,1번 개찰구 위
5016,7,742,보라매,승강장 내려가는 계단 앞(1호기 E/V 앞)
5017,7,742,보라매,상선 5-4
5018,7,742,보라매,상선 4-4 E/V
5019,7,742,보라매,상선 3-4
5020,7,743,신풍,1번출구 내부
5021,7,743,신풍,6번출구 내부
5022,7,743,신풍,"I센터 앞(보라매측 1, 6번출구측)"
5023,7,743,신풍,"13번 개찰구 위(1, 6번출구측)"
5024,7,743,신풍,"상선 승강장 가는 계단 앞(1, 6번출구측)"
5025,7,743,신풍,"하선 승강장 가는 계단 앞(1, 6번출구측)"
5026,7,743,신풍,상선 승강장 가는 계단 앞(2~5번출구측)
5027,7,743,신풍,하선 승강장 가는 계단 앞(2~5번출구측)
5028,7,743,신풍,1번 개찰구 위
5029,7,743,신풍,I센터 앞(대림측) 천정
5030,7,743,신풍,화장실 앞
5031,7,743,신풍,5번출구 내부
5032,7,743,신풍,2번출구 내부
5033,7,743,신풍,4번출구 내부
5034,7,743,신풍,대합실 3호기 E/V 앞
5035,7,743,신풍,상선 1-4
5036,7,743,신풍,상선 5-1
5037,7,743,신풍,상선 5-4 E/V
5038,7,743,신풍,하선 7-4
5039,7,743,신풍,하선 4-4
5040,7,743,신풍,하선 4-1 E/V
5041,7,743,신풍,대합실 4호기 E/V 앞
5042,7,743,신풍,청년임대주택 상가방향
5043,7,744,대림,2호선 환승통로(E/S 앞)
5044,7,744,대림,"11, 12번출구 내부"
5045,7,744,대림,"9, 10번출구 내부"
5046,7,744,대림,I센터 앞
5047,7,744,대림,1번 개찰구 위
5048,7,744,대림,화장실 앞
5049,7,744,대림,상선 승강장 가는 계단 위(1호기 E/V 옆)
5050,7,744,대림,하선 승강장 가는 계단 위(2호기 E/V 옆)
5051,7,744,대림,"2호선 환승통로 계단 위(상선측) 1, 2호기 E/S 옆"
5052,7,744,대림,"2호선 환승통로 계단 위(하선측) 3, 4호기 E/S 옆"
5053,7,744,대림,상선 3-4
5054,7,744,대림,하선 5-4
5055,7,744,대림,하선 5-1
5056,7,744,대림,상선 5-4
5057,7,744,대림,상선 4-4 E/V
5058,7,744,대림,하선 4-1
5059,7,744,대림,상선 8-4
5060,7,744,대림,하선 1-1
5061,7,744,대림,11번출구 외부 사인보드안
5062,7,744,대림,11번출구 E/S 하단
5063,7,745,남구로,승강장 내려가는 계단
5064,7,745,남구로,1번 개찰구 위
5065,7,745,남구로,I센터 앞 천정(가산디지털측)
5066,7,745,남구로,화장실 앞
5067,7,745,남구로,"2, 3, 4, 5번출구측 계단 앞 7, 8호기 E/S"
5068,7,745,남구로,대합실 내려가는 계단 앞
5069,7,745,남구로,"2번출구 내부 9, 10호기 E/S"
5070,7,745,남구로,5번출구 내부
5071,7,745,남구로,4번출구 내부
5072,7,745,남구로,1번출구 내부
5073,7,745,남구로,6번출구 내부
5074,7,745,남구로,대합실 내려가는 계단 앞(대림측 1번출구 밑)
5075,7,745,남구로,"1, 6번출구 가는 계단 앞 5, 6호기 E/S 하단"
5076,7,745,남구로,21번 개찰구 위
5077,7,745,남구로,"I센터 앞 천정(대림측 1, 6번출구측)"
5078,7,745,남구로,승강장 내려가는 계단 천정(대림측 1호기 E/S 상단)
5079,7,745,남구로,대합실 올라가는 계단 앞
5080,7,745,남구로,승강장 내려가는 계단 앞(3호기 E/S 상단)
5081,7,745,남구로,상선 승강장 내려가는 계단 앞(1호기 E/S 옆)
5082,7,745,남구로,대합실 올라가는 계단 앞(1호기 E/S 하단)
5083,7,745,남구로,하선 승강장 내려가는 계단 앞(2호기 E/S 옆)
5084,7,745,남구로,상선측 승강장 내려가는 계단 앞
5085,7,745,남구로,대합실 올라가는 계단 앞(3호기 E/S 하단)
5086,7,745,남구로,하선측 승강장 내려가는 계단 앞
5087,7,745,남구로,하선 1-1
5088,7,745,남구로,하선 8-4
5089,7,745,남구로,상선 8-4
5090,7,745,남구로,상선 1-1
5091,7,745,남구로,지상1층 3호기 E/V
5092,7,745,남구로,지하2층 3호기 E/V
5093,7,745,남구로,지하2층 1호기 E/V
5094,7,745,남구로,상선 1-4 1호기 E/V
5095,7,745,남구로,지하2층 2호기 E/V
5096,7,745,남구로,하선 8-2 2호기 E/V
5097,7,746,가산디지털단지,"4, 5번출구 내부"
5098,7,746,가산디지털단지,6번출구 내부
5099,7,746,가산디지털단지,6번출구 캐노피 내부
5100,7,746,가산디지털단지,화장실 앞
5101,7,746,가산디지털단지,53번 개찰구 위 천정
5102,7,746,가산디지털단지,대합실 I센터 위 천정(남구로역측)
5103,7,746,가산디지털단지,1호선 환승계단 앞(수원측)
5104,7,746,가산디지털단지,1호선 환승계단 앞(서울측)
5105,7,746,가산디지털단지,7호선 내려가는 환승계단 앞
5106,7,746,가산디지털단지,지하2층 대합실 내려가는 계단 앞
5107,7,746,가산디지털단지,9번출구 내부
5108,7,746,가산디지털단지,지하1층 6번 개찰구 위 천정
5109,7,746,가산디지털단지,대합실 I센터 위 천정(철산역측)
5110,7,746,가산디지털단지,"7번출구 내부 7, 8호기 E/S"
5111,7,746,가산디지털단지,"1호선 환승통로 1, 2, 3호기 E/S 옆"
5112,7,746,가산디지털단지,대합실에서 하선 내려가는 계단 위
5113,7,746,가산디지털단지,대합실에서 상선 내려가는 계단 위
5114,7,746,가산디지털단지,하선 3-1
5115,7,746,가산디지털단지,하선 4-1 E/V
5116,7,746,가산디지털단지,상선 6-4
5117,7,746,가산디지털단지,상선 5-4
5118,7,746,가산디지털단지,하선 5-1
5119,7,746,가산디지털단지,상선 4-3
5120,7,746,가산디지털단지,8번출구 외부 사인보드 내
5121,7,746,가산디지털단지,8번출구 내부
5122,7,747,철산,1번출구 내부 E/S 앞
5123,7,747,철산,1번출구 내부 3호기 E/V 옆
5124,7,747,철산,4번출구 내부 4호기 E/V
5125,7,747,철산,대합실에서 상선측 내려가는 계단 앞
5126,7,747,철산,11번 개찰구 위 천정
5127,7,747,철산,대합실 I센터 위 천정
5128,7,747,철산,24번 개찰구 위 천정
5129,7,747,철산,대합실에서 하선측 내려가는 계단 앞
5130,7,747,철산,화장실 앞
5131,7,747,철산,"2번출구 내부 1, 2호기 E/S"
5132,7,747,철산,3번출구 내부
5133,7,747,철산,상선 3-4
5134,7,747,철산,상선 5-1
5135,7,747,철산,상선 5-4
5136,7,747,철산,하선 5-4
5137,7,747,철산,하선 4-4 E/V
5138,7,747,철산,하선 4-1
5139,7,747,철산,"4번출구 내부 5, 6호기 E/S"
5140,7,748,광명사거리,"2, 3번출구 내부"
5141,7,748,광명사거리,"4, 5번출구 내부"
5142,7,748,광명사거리,8번출구 내부
5143,7,748,광명사거리,7번출구 내부
5144,7,748,광명사거리,1번출구 내부
5145,7,748,광명사거리,개찰구 위(철산측)
5146,7,748,광명사거리,I센터 위(철산측)
5147,7,748,광명사거리,10번출구 내부
5148,7,748,광명사거리,상선 승강장 내려가는 계단(철산측)
5149,7,748,광명사거리,하선 승강장 내려가는 계단(철산측)
5150,7,748,광명사거리,화장실 앞
5151,7,748,광명사거리,상선 승강장 내려가는 계단
5152,7,748,광명사거리,1번 개찰구 위(천왕측)
5153,7,748,광명사거리,I센터 위(천왕측)
5154,7,748,광명사거리,하선 승강장 내려가는 계단
5155,7,748,광명사거리,상선 8-4 계단
5156,7,748,광명사거리,하선 8-4 계단
5157,7,748,광명사거리,상선 1-1 계단
5158,7,748,광명사거리,하선 2-1(E/V 앞)
5159,7,748,광명사거리,하선 1-1 계단
5160,7,748,광명사거리,9번출구
5161,7,748,광명사거리,지하2층 3호기 E/V
5162,7,748,광명사거리,상선 1-3 3호기 E/V
5163,7,749,천왕,화장실 앞
5164,7,749,천왕,"3번출구 내부 1, 2호기 E/S(하)"
5165,7,749,천왕,I센터 위 천정
5166,7,749,천왕,개찰구 위
5167,7,749,천왕,상선 승강장 내려가는 계단 1호기 E/V
5168,7,749,천왕,하선 승강장 내려가는 계단 2호기 E/V
5169,7,749,천왕,상선 4-1
5170,7,749,천왕,상선 5-1
5171,7,749,천왕,상선 5-4
5172,7,749,천왕,하선 5-4
5173,7,749,천왕,하선 4-4 E/V
5174,7,749,천왕,하선 3-1
5175,7,749,천왕,환승 주차장 입구
5176,7,749,천왕,대합실 3호기 E/V 앞
5177,7,749,천왕,"3번출구 외부 1, 2호기 E/S(상)"
5178,7,749,천왕,4번출구 외부
5179,7,749,천왕,1번출구 내부
5180,7,749,천왕,"2번출구 내부 5, 6호기 E/S"
5181,7,749,천왕,1번출구 외부 사인보드안
5182,7,749,천왕,2번출구 외부 사인보드안
5183,7,749,천왕,대합실 4호기 E/V 앞
5184,7,750,온수,1호선측 8호기 E/S 서울측
5185,7,750,온수,1호선측 7호기 E/S 인천측
5186,7,750,온수,상선 승강장 내려가는 계단 1호기 E/S
5187,7,750,온수,개찰구 위(211번 자동발매기 위)
5188,7,750,온수,I센터 위 천정
5189,7,750,온수,"1, 2, 3번출구 가는 9, 10호기 E/S 앞"
5190,7,750,온수,상선 승강장 내려가는 계단 1호기 E/V 앞
5191,7,750,온수,지하1층 화장실 앞
5192,7,750,온수,4번출구 내부
5193,7,750,온수,"6, 7, 8번출구 내부"
5194,7,750,온수,5번출구 내부
5195,7,750,온수,승강장 내려가는 계단 2호기 E/S
5196,7,750,온수,"1호선 갈아타는 E/S (좌) 13, 14호기 E/S"
5197,7,750,온수,"1호선 갈아타는 E/S (우) 15, 16호기 E/S"
5198,7,750,온수,하선 8-4 3호기 E/S
5199,7,750,온수,하선 5-4 대합실 올라가는 계단
5200,7,750,온수,하선 4-1
5201,7,750,온수,하선 1-1
5202,8,804,별내,지상1층에서 대합실 내려가는 3번출구E/S 상단
5203,8,804,별내,지상1층 4번출구 지하보도 내려가는 계단옆
5204,8,804,별내,지상1층 5번출구 대합실 내려가는 E/S
5205,8,804,별내,지상1층 6번출구
5206,8,804,별내,지상1층 7번출구 
5207,8,804,별내,5번출구 3호기 E/V(지상)
5208,8,804,별내,지하1층에서 지상 5번출구가는 3호기 E/V
5209,8,804,별내,지하1층에서 지상 3번출구로 올라가는 E/S옆
5210,8,804,별내,지하1층 4호기 E/V
5211,8,804,별내,지하1층에서 지하2층으로 내려가는 계단입구
5212,8,804,별내,지하1층에서 지하2층으로 내려가는 계단입구
5213,8,804,별내,지하1층에서 6번출구로 올라가는 입구
5214,8,804,별내,지하1층에서 지상 7번출구 방향으로 올라가는 E/S
5215,8,804,별내,지하2층 1호기 E/V
5216,8,804,별내,지하2층에서 지하1층 올라가는 계단
5217,8,804,별내,지하2층 G31번 게이트 중앙
5218,8,804,별내,지하2층 발매기 앞
5219,8,804,별내,지하2층에서 지하3층 상선으로 내려가는 계단
5220,8,804,별내,지하2층에서 지하3층 하선으로 내려가는 계단
5221,8,804,별내,지하2층 5호기 E/V
5222,8,804,별내,지하2층에서 경춘선통로 방향으로 올라가는 E/S
5223,8,804,별내,지하2층 연결통로 입구
5224,8,804,별내,지하2층 역무실측에서 연결되는 연결통로 입구
5225,8,804,별내,지하2층 역무실 옆 6호기 E/V
5226,8,804,별내,지하2층 역무실 좌측 경춘선가는 E/S
5227,8,804,별내,지하2층 내측 화장실 입구
5228,8,804,별내,지하2층에서 승강장 하선 내려가는 계단입구
5229,8,804,별내,지하2층 외측 화장실 입구
5230,8,804,별내,지하2층 G9번 게이트 위 
5231,8,804,별내,지하2층 발매기 앞
5232,8,804,별내,지하2층에서 승강장 상선 내려가는 E/S
5233,8,804,별내,"지하2층 3, 5번출구 4호기 E/V"
5234,8,804,별내,지하2층에서 지하보도 올라가는 2호기 E/V
5235,8,804,별내,지하2층 4번출구 올라가는 계단
5236,8,804,별내,지하2층에서 지하보도 올라가는 계단옆
5237,8,804,별내,지상1층 6번과 7번출구 중앙 1호기 E/V
5238,8,804,별내,지하2층 4번출구 옆 2호기 E/V
5239,8,804,별내,지하3층 상선에서 대합실올라가는 E/S 
5240,8,804,별내,지하3층 상선에서 대합실올라가는 E/V
5241,8,804,별내,지하3층 상선 시점
5242,8,804,별내,지하3층 하선 종점
5243,8,804,별내,지하3층 하선 중앙 계단
5244,8,804,별내,지하3층 상선 중앙 계단
5245,8,804,별내,지하3층 상선 종점
5246,8,804,별내,지하3층 하선 시점
5247,8,804,별내,지하3층 하선 대합실 올라가는 E/S
5248,8,804,별내,지하3층 하선 대합실 올라가는 E/V
5249,8,804,별내,지상2층 경춘선 상선측 5호기 E/V
5250,8,804,별내,지상2층 경춘선 상선측 대합실 내려가는 E/S방향
5251,8,804,별내,지상2층 경춘선 상선 경계
5252,8,804,별내,지상2층 경춘선 하선측 대합실 내려가는 E/S방향
5253,8,804,별내,지상2층 경춘선 하선 경계
5254,8,804,별내,지상2층 경춘선 하선측 6호기 E/V
5255,8,804,별내,I센터
5256,8,804,별내,하선 6-4 특별피난계단 입구
5257,8,805,다산,2번출구(지상)
5258,8,805,다산,지하1층 2번출구
5259,8,805,다산,지하1층 1번출구 외부 1호기 E/V
5260,8,805,다산,1번출구 외부 1호기 E/V(지상)
5261,8,805,다산,지하1층 1번출구
5262,8,805,다산,1번출구(지상)
5263,8,805,다산,지하1층 대합실 상선 종점 방향 E/S
5264,8,805,다산,지하1층 대합실 상선 게이트
5265,8,805,다산,지하1층 대합실 상선 시점 방향 E/S
5266,8,805,다산,지하1층 4번출구 외부 3호기 E/V
5267,8,805,다산,지하1층 대합실 외부 2호기 E/V
5268,8,805,다산,대합실 외부 2호기 E/V(지상)
5269,8,805,다산,지하1층 대합실 하선 시점 방향 E/S
5270,8,805,다산,지하1층 대합실 하선 게이트
5271,8,805,다산,지하1층 대하실 하선 종점 방향 E/S
5272,8,805,다산,지하1층 3번출구
5273,8,805,다산,3번출구(지상)
5274,8,805,다산,4번출구 외부 3호기 E/V(지상)
5275,8,805,다산,지하1층 4번출구
5276,8,805,다산,4번출구(지상)
5277,8,805,다산,지하1층 대합실 발매기(상선측)
5278,8,805,다산,지하1층 대합실 발매기(하선측)
5279,8,805,다산,지하3층 승강장 하선 끝(종점)
5280,8,805,다산,지하3층 승강장 하선 종점 방향 E/S
5281,8,805,다산,지하3층 승강장 하선 내부 E/V
5282,8,805,다산,지하3층 승강장 하선 시점 방향 E/S
5283,8,805,다산,지하3층 승강장 하선 끝(시점)
5284,8,805,다산,지하3층 승강장 상선 끝(시점)
5285,8,805,다산,지하3층 승강장 상선 시점 방향 E/S
5286,8,805,다산,지하3층 승강장 상선 내부 E/V
5287,8,805,다산,지하3층 승강장 상선 종점 방향 E/S
5288,8,805,다산,지하3층 승강장 상선 끝(종점)
5289,8,806,동구릉,"지상1층 1번출구 대합실 내려가는 1, 2호기 E/S"
5290,8,806,동구릉,"지하1층에서 1번출구 방향으로 올라가는 1, 2호기 E/S"
5291,8,806,동구릉,"지상1층 2번출구 대합실 내려가는 3, 4호기 E/S"
5292,8,806,동구릉,"지하1층에서 2번출구 방향으로 올라가는 3, 4호기 E/S"
5293,8,806,동구릉,"지상1층 3번출구 대합실 내려가는 5, 6호기 E/S"
5294,8,806,동구릉,"지하1층에서 3번출구 방향으로 올라가는 5, 6호기 E/S"
5295,8,806,동구릉,"지상1층 4번출구 대합실 내려가는 7, 8호기 E/S"
5296,8,806,동구릉,"지하1층에서 4번출구 방향으로 올라가는 7, 8호기 E/S"
5297,8,806,동구릉,"지상1층에서 5번출구 방향으로 내려가는 9, 10호기 E/S"
5298,8,806,동구릉,"지하1층에서 5번출구 방향으로 올라가는 9, 10호기 E/S"
5299,8,806,동구릉,지상층 외부 1호기 E/V
5300,8,806,동구릉,지하1층에서 지상부 올라가는 1호기 E/V
5301,8,806,동구릉,지상층 외부 2호기 E/V
5302,8,806,동구릉,지하1층에서 지상부 올라가는 2호기 E/V
5303,8,806,동구릉,화장실앞
5304,8,806,동구릉,G9번 개찰구 위
5305,8,806,동구릉,지하1층에서 지하2층 하선내려가는 4호기 E/V
5306,8,806,동구릉,"지하1층에서 지하2층으로 내려가는13, 14호기 E/S"
5307,8,806,동구릉,G2번 개찰구 위
5308,8,806,동구릉,지하1층에서 지하2층 상선내려가는 3호기 E/V
5309,8,806,동구릉,지하2층에서 승강장 하선 내려가는 계단입구
5310,8,806,동구릉,"지하2층에서 승강장 하선 내려가는 17, 18호기 E/S"
5311,8,806,동구릉,"지하2층에서 지하1층으로 올라가는13, 14호기 E/S"
5312,8,806,동구릉,지하2층에서 승강장 상선 내려가는 계단입구
5313,8,806,동구릉,지하2층에서 승강장 상선 내려가는 3호기 E/V
5314,8,806,동구릉,"지하2층에서 승강장 상선 내려가는 15, 16호기 E/S"
5315,8,806,동구릉,하선승강장 피난계단 앞
5316,8,806,동구릉,하선승강장에서 지하2층으로 올라가는 계단입구
5317,8,806,동구릉,하선승강장에서 지하2층으로 올라가는 4호기 E/V
5318,8,806,동구릉,"하선승강장에서 지하2층으로 올라가는 17, 18호기E/S"
5319,8,806,동구릉,하선승강장 배수펌프실 앞
5320,8,806,동구릉,상선승강장 배수펌프실 앞
5321,8,806,동구릉,상선승강장에서 지하2층으로 올라가는 계단입구
5322,8,806,동구릉,상선승강장에서 지하2층으로 올라가는 3호기 E/V
5323,8,806,동구릉,"상선승강장에서 지하2층으로 올라가는 15, 16호기 E/S"
5324,8,806,동구릉,상선승강장 피난계단 앞
5325,8,806,동구릉,발매기 및 환급기 위
5326,8,806,동구릉,"2, 3번출구 내려가는 11, 12호기 E/S"
5327,8,806,동구릉,"2, 3번출구 올라가는 11, 12호기 E/S"
5328,8,806,동구릉,지하2층에서 승강장 하선 내려가는 4호기 E/V
5329,8,807,구리,4번출구 외부 
5330,8,807,구리,4번출구 내부
5331,8,807,구리,5번출구 외부 
5332,8,807,구리,5번출구 내부
5333,8,807,구리,6번출구 외부 
5334,8,807,구리,6번출구 내부
5335,8,807,구리,7번출구 외부 
5336,8,807,구리,7번출구 내부
5337,8,807,구리,지상1층에서 지하1층 내려가는 4호기 E/V
5338,8,807,구리,G22번 개찰구 위
5339,8,807,구리,외부 남자화장실
5340,8,807,구리,내부 남자화장실
5341,8,807,구리,외부 여자화장실
5342,8,807,구리,내부 여자화장실
5343,8,807,구리,"지상1층에서 지하1층으로 내려가는 5, 6, 7호기 E/S"
5344,8,807,구리,G4번 개찰구 위
5345,8,807,구리,발매기 및 환급기 위
5346,8,807,구리,지상 1층 경의중앙선 출입문 내부
5347,8,807,구리,지상 1층 경의중앙선 출입문 외부
5348,8,807,구리,"지상1층 경의중앙선 문산측 승강장 올라가는 1, 2호기 E/S"
5349,8,807,구리,"지상1층 경의중앙선 지평측 승강장 올라가는 3, 4호기 E/S"
5350,8,807,구리,지상1층 경의중앙선 문산측 승강장 올라가는 2호기 E/V
5351,8,807,구리,지상1층 경의중앙선 지평측 승강장 올라가는 3호기 E/V
5352,8,807,구리,지상2층 경의중앙선 문산측 승강장 내려가는 2호기 E/V
5353,8,807,구리,지상1층 경의중앙선 지평측 승강장 내려가는 3호기 E/V
5354,8,807,구리,"지하1층에서 승강장 하선 내려가는 10, 11호기 E/S"
5355,8,807,구리,지하1층에서 승강장 하선 내려가는 6호기 E/V
5356,8,807,구리,지하1층에서 승강장 하선 내려가는 계단입구
5357,8,807,구리,"지하1층에서 승강장 상선 내려가는 10,11호기 E/S"
5358,8,807,구리,지하1층에서 승강장 상선 내려가는 5호기 E/V
5359,8,807,구리,지하1층에서 승강장 상선 내려가는 계단입구
5360,8,807,구리,지하1층에서 지상1층 올라가는 4호기 E/V
5361,8,807,구리,"지하1층에서 지상1층으로 올라가는 5, 6, 7호기 E/S"
5362,8,807,구리,하선승강장 피난계단 앞
5363,8,807,구리,"하선승강장에서 지하1층으로 올라가는 8, 9호기E/S"
5364,8,807,구리,하선승강장에서 지하1층으로 올라가는 6호기 E/V
5365,8,807,구리,하선승강장에서 지하1층으로 올라가는 계단입구
5366,8,807,구리,지하2층 하선 시점
5367,8,807,구리,지하2층 상선 종점
5368,8,807,구리,"상선승강장에서 지하1층으로 올라가는 10, 11호기E/S"
5369,8,807,구리,상선승강장에서 지하1층으로 올라가는 5호기 E/V
5370,8,807,구리,상선승강장에서 지하1층으로 올라가는 계단입구
5371,8,807,구리,상선승강장 피난계단 앞
5372,8,807,구리,지상1층에서 지상2층으로 올라가는 계단입구
5373,8,807,구리,지상2층에서 지상1층으로 내려가는 계단입구
5374,8,807,구리,지상2층에서 지상1층으로 내려가는 1호기 E/V
5375,8,808,장자호수공원,1번출구(지상)
5376,8,808,장자호수공원,지하1층 1번출구
5377,8,808,장자호수공원,1번출구 외부 E/V 1호기(지상)
5378,8,808,장자호수공원,지하1층 1번출구 외부 E/V 1호기
5379,8,808,장자호수공원,2번출구(지상)
5380,8,808,장자호수공원,지하1층 2번출구
5381,8,808,장자호수공원,3번출구(지상)
5382,8,808,장자호수공원,지하1층 3번출구
5383,8,808,장자호수공원,4번출구(지상)
5384,8,808,장자호수공원,지하1층 4번출구
5385,8,808,장자호수공원,5번출구(지상)
5386,8,808,장자호수공원,지하1층 5번출구
5387,8,808,장자호수공원,"4,5번출구 외부 E/V 2호기(지상)"
5388,8,808,장자호수공원,6번출구(지상)
5389,8,808,장자호수공원,지하1층 6번출구
5390,8,808,장자호수공원,지하1층 대합실 하선 시점방향 E/S
5391,8,808,장자호수공원,지하1층 대합실 하선 종점방향 E/S
5392,8,808,장자호수공원,지하1층 대합실 발매기
5393,8,808,장자호수공원,지하1층 대합실 게이트
5394,8,808,장자호수공원,지하1층 대합실 상선 종점방향 E/S
5395,8,808,장자호수공원,지하1층 대합실 상선 시점방향 E/S
5396,8,808,장자호수공원,지하1층 화장실
5397,8,808,장자호수공원,지하3층 승강장 하선 끝(시점)
5398,8,808,장자호수공원,지하3층 승강장 하선 시점 방향 E/S
5399,8,808,장자호수공원,지하3층 승강장 하선 내부 E/V 4호기
5400,8,808,장자호수공원,지하3층 승강장 하선 종점 방향 E/S
5401,8,808,장자호수공원,지하3층 승강장 하선 끝(종점)
5402,8,808,장자호수공원,지하3층 승강장 상선 끝(종점)
5403,8,808,장자호수공원,지하3층 승강장 상선 종점 방향 E/S
5404,8,808,장자호수공원,지하3층 승강장 상선 내부 E/V 3호기
5405,8,808,장자호수공원,지하3층 승강장 상선 시점 방향 E/S
5406,8,808,장자호수공원,지하3층 승강장 상선 끝(시점)
5407,8,808,장자호수공원,중층 1번출구 외부 E/V 1호기
5408,8,809,암사역사공원,3번출구 외부
5409,8,809,암사역사공원,3번출구 내부
5410,8,809,암사역사공원,지하1층 외부 4호기 E/V
5411,8,809,암사역사공원,외부 4호기 E/V(지상)
5412,8,809,암사역사공원,2번출구 외부
5413,8,809,암사역사공원,2번출구 내부
5414,8,809,암사역사공원,1번출구 외부
5415,8,809,암사역사공원,1번출구 내부
5416,8,809,암사역사공원,외부 3호기 E/V(지상)
5417,8,809,암사역사공원,여자 화장실 입구
5418,8,809,암사역사공원,3번출구 문화공간 점자안내판 위
5419,8,809,암사역사공원,대합실-승강장 상선 계단 B1 
5420,8,809,암사역사공원,대합실-승강장 상선 E/V B1 
5421,8,809,암사역사공원,대합실-승강장 상선 E/S B1 
5422,8,809,암사역사공원,대합실 게이트 B1
5423,8,809,암사역사공원,대합실-승강장 하선 계단 B1 
5424,8,809,암사역사공원,대합실-승강장 하선 E/V B1 
5425,8,809,암사역사공원,대합실-승강장 하선 E/S B1 
5426,8,809,암사역사공원,대합실 발매기 앞 기둥
5427,8,809,암사역사공원,"1, 2번출구 전자안내판 위"
5428,8,809,암사역사공원,하선 승강장 1-1
5429,8,809,암사역사공원,승강장 - 대합실 계단 입구 상선 승강장
5430,8,809,암사역사공원,하선 승강장 E/V
5431,8,809,암사역사공원,하선 승강장 E/S 
5432,8,809,암사역사공원,하선 승강장 6-4
5433,8,809,암사역사공원,상선 승강장 6-4
5434,8,809,암사역사공원,승강장 - 대합실 계단 입구 하선 승강장
5435,8,809,암사역사공원,상선 승강장 E/V
5436,8,809,암사역사공원,상선 승강장 E/S
5437,8,809,암사역사공원,상선 승강장 1-1
5438,8,810,암사,2번출구 내부
5439,8,810,암사,3번출구 내부
5440,8,810,암사,화장실 앞
5441,8,810,암사,I센터 앞 천정
5442,8,810,암사,7번 개찰구 위
5443,8,810,암사,승강장 내려가는 계단(상선측) 1호기 E/V 뒤
5444,8,810,암사,승강장 내려가는 계단 앞(하선측) 2호기 E/V 뒤
5445,8,810,암사,상선 2-4
5446,8,810,암사,상선 3-4 E/V
5447,8,810,암사,상선 4-3
5448,8,810,암사,하선 5-1
5449,8,810,암사,하선 4-1 E/V
5450,8,810,암사,하선 3-2
5451,8,810,암사,1번출구 외부
5452,8,811,천호,"1, 2번출구 내부"
5453,8,811,천호,24번 개찰구 위
5454,8,811,천호,하선 승강장 내려가는 계단
5455,8,811,천호,상선 승강장 내려가는 계단
5456,8,811,천호,"3, 4번출구 내부 천정"
5457,8,811,천호,"7, 8번출구 내부"
5458,8,811,천호,7번 개찰구 위
5459,8,811,천호,상선 승강장 내려가는 계단 I센터 뒤
5460,8,811,천호,하선 승강장 내려가는 계단 I센터 뒤
5461,8,811,천호,"9, 10번출구 내부"
5462,8,811,천호,I센터 위
5463,8,811,천호,상선 1-3
5464,8,811,천호,상선 2-2
5465,8,811,천호,하선 6-2
5466,8,811,천호,하선 5-2
5467,8,811,천호,승강장 상선 2-1 1호기 E/V 앞
5468,8,811,천호,대합실 1호기 E/V 앞
5469,8,811,천호,하선 5-4 2호기 E/V 앞
5470,8,811,천호,대합실 2호기 E/V 앞
5471,8,811,천호,10번출구 내부
5472,8,812,강동구청,"2, 3번출구 내부(지하1층)"
5473,8,812,강동구청,1번출구 내부(지하1층)
5474,8,812,강동구청,4번출구 내부
5475,8,812,강동구청,대합실 내려가는 계단 앞
5476,8,812,강동구청,대합실 올라가는 계단 앞
5477,8,812,강동구청,화장실 앞 천정
5478,8,812,강동구청,I센터 위 천정
5479,8,812,강동구청,9번 개찰구 위
5480,8,812,강동구청,승강장 내려가는 계단 위(상선측)
5481,8,812,강동구청,승강장 내려가는 계단 위(하선측)
5482,8,812,강동구청,상선 3-2
5483,8,812,강동구청,하선 4-3
5484,8,812,강동구청,상선 4-2(1호기 E/V)
5485,8,812,강동구청,상선 5-1
5486,8,812,강동구청,하선 3-3(2호기 E/V)
5487,8,812,강동구청,하선 2-3
5488,8,812,강동구청,외부로 나가는 3호기 E/V
5489,8,813,몽촌토성,1번출구 내부
5490,8,813,몽촌토성,2번출구 내부
5491,8,813,몽촌토성,"1, 2, 3번출구 통로 천정"
5492,8,813,몽촌토성,"4, 5번출구 내부"
5493,8,813,몽촌토성,대합실로 내려가는 계단 앞
5494,8,813,몽촌토성,화장실 앞
5495,8,813,몽촌토성,지하1층 외부로 나가는 4호기 E/V 앞(대합실)
5496,8,813,몽촌토성,지하1층 대합실로 올라가는 계단 앞
5497,8,813,몽촌토성,대합실 3호기 E/V 앞 천정
5498,8,813,몽촌토성,I센터 위
5499,8,813,몽촌토성,9번 개찰구 위
5500,8,813,몽촌토성,대합실 상선 승강장 내려가는 계단
5501,8,813,몽촌토성,대합실 하선 승강장 내려가는 계단
5502,8,813,몽촌토성,상선 2-4
5503,8,813,몽촌토성,하선 4-4
5504,8,813,몽촌토성,상선 3-4 E/V
5505,8,813,몽촌토성,상선 4-3
5506,8,813,몽촌토성,하선 3-4 E/V
5507,8,813,몽촌토성,하선 3-1
5508,8,814,잠실,"10, 11번출구 올라가는 내부 기둥"
5509,8,814,잠실,화장실 앞
5510,8,814,잠실,대합실 내려가는 계단 2호기 E/S 상단
5511,8,814,잠실,9번출구 E/S 밑
5512,8,814,잠실,9번출구 계단 아래
5513,8,814,잠실,"대합실 내려가는 계단 4, 5호기 E/S 상단"
5514,8,814,잠실,2호선 환승통로 끝
5515,8,814,잠실,대합실 올라가는 계단 지하2층 2호기 E/V 앞 천정
5516,8,814,잠실,"대합실 올라가는 계단 4, 5호기 E/S 밑"
5517,8,814,잠실,I센터 위 천정
5518,8,814,잠실,4번 개찰구 위
5519,8,814,잠실,22번 개찰구 위
5520,8,814,잠실,2호선 환승통로에서 상선 승강장 내려가는 계단
5521,8,814,잠실,2호선 환승통로(외선측)
5522,8,814,잠실,2호선 환승통로에서 하선 승강장 내려가는 계단 앞
5523,8,814,잠실,2호선 환승통로(내선측)
5524,8,814,잠실,2호선 환승통로(외선 승강장 끝)
5525,8,814,잠실,2호선 환승계단(내선 승강장 끝)
5526,8,814,잠실,상선 2-3 E/V
5527,8,814,잠실,상선 3-1
5528,8,814,잠실,상선 5-1
5529,8,814,잠실,하선 5-2 E/V
5530,8,814,잠실,하선 4-4
5531,8,814,잠실,하선 2-4
5532,8,814,잠실,상선 6-4(2호선 환승계단)
5533,8,814,잠실,하선 1-1(2호선 환승계단)
5534,8,814,잠실,2호선 환승통로측 롯데몰 입구 천정
5535,8,814,잠실,롯데몰 입구
5536,8,814,잠실,"롯데몰 입구(10,11번출구)"
5537,8,814,잠실,롯데마트 통로 E/V 옆
5538,8,815,석촌,상선 승강장 내려가는 계단 I센터 옆
5539,8,815,석촌,I센터 위 천정
5540,8,815,석촌,하선 승강장 내려가는 계단 2호기 E/V 뒤
5541,8,815,석촌,6번 개찰구 위
5542,8,815,석촌,화장실 앞
5543,8,815,석촌,대합실 3호기 E/V 앞
5544,8,815,석촌,"1, 2번출구 나가는 곳"
5545,8,815,석촌,1번출구 외부
5546,8,815,석촌,1번출구 내부
5547,8,815,석촌,2번출구 내부
5548,8,815,석촌,2번출구 외부
5549,8,815,석촌,"1, 2, 7, 8번출구 나가는곳"
5550,8,815,석촌,7번출구 내부
5551,8,815,석촌,"7, 8번출구 사이 빌딩입구"
5552,8,815,석촌,상선 3-1
5553,8,815,석촌,상선 3-4
5554,8,815,석촌,상선 4-4
5555,8,815,석촌,하선 4-4
5556,8,815,석촌,하선 4-1(E/V 앞)
5557,8,815,석촌,하선 3-1
5558,8,815,석촌,8번출구 외부
5559,8,815,석촌,8번출구 내부
5560,8,815,석촌,"7, 8번출구 E/S 밑"
5561,8,815,석촌,7번출구 외부 사인보드안
5562,8,816,송파,"1, 2번출구 내부"
5563,8,816,송파,"3, 4번출구로 가는 통로 앞"
5564,8,816,송파,대합실 3호기 E/V 앞
5565,8,816,송파,화장실 앞
5566,8,816,송파,10번 개찰구 위
5567,8,816,송파,I센터 위 천정
5568,8,816,송파,승강장 내려가는 계단(상선측)
5569,8,816,송파,승강장 내려가는 계단(하선측)
5570,8,816,송파,상선 2-4
5571,8,816,송파,상선 4-1
5572,8,816,송파,상선 4-4
5573,8,816,송파,하선 3-2
5574,8,816,송파,하선 4-1(E/V 앞)
5575,8,816,송파,하선 4-4
5576,8,816,송파,"3번출구 1, 2호기 E/S 밑"
5577,8,816,송파,3번출구 외부
5578,8,816,송파,"4번출구 3, 4호기 E/S 밑"
5579,8,816,송파,4번출구 외부
5580,8,816,송파,4번출구 올라가는 4호기 E/V
5581,8,817,가락시장,하선 승강장 내려가는 1호기 E/V
5582,8,817,가락시장,화장실 앞
5583,8,817,가락시장,상선 승강장 가는 대합실 2호기 E/V 앞
5584,8,817,가락시장,I센터 위
5585,8,817,가락시장,6번 개찰구 위
5586,8,817,가락시장,승강장 내려가는 계단(상선측)
5587,8,817,가락시장,승강장 내려가는 계단(하선측)
5588,8,817,가락시장,"3, 4번출구 내부"
5589,8,817,가락시장,상선 3-1
5590,8,817,가락시장,상선 4-3
5591,8,817,가락시장,상선 5-4 E/V
5592,8,817,가락시장,하선 4-4
5593,8,817,가락시장,하선 3-2
5594,8,817,가락시장,하선 2-3(2호기 E/V)
5595,8,817,가락시장,"승강장 올라가는 계단 1, 2호기 E/S 밑(상선측)"
5596,8,817,가락시장,"승강장 올라가는 계단 3, 4호기 E/S 밑(하선측)"
5597,8,817,가락시장,2번출구 내부
5598,8,817,가락시장,1번출구 내부
5599,8,817,가락시장,외부 6호기 E/V(3번출구 뒤)
5600,8,817,가락시장,6번출구 내부
5601,8,817,가락시장,5번출구 외부
5602,8,817,가락시장,6번출구 외부
5603,8,817,가락시장,외부 5호기 E/V(1번출구 뒤)
5604,8,817,가락시장,2번출구 외부
5605,8,817,가락시장,1번출구 외부
5606,8,817,가락시장,"화장실 앞(연결통로, 2-1번출구 가는길)"
5607,8,818,문정,"1, 2번출구 내부"
5608,8,818,문정,대합실 외부로 올라가는 3호기 E/V 앞
5609,8,818,문정,화장실 앞
5610,8,818,문정,12번 개찰구 위
5611,8,818,문정,I센터 위 천정
5612,8,818,문정,승강장 내려가는 계단(상선측) 1호기 E/V 뒤
5613,8,818,문정,승강장 내려가는 계단(하선측) 2호기 E/V 뒤
5614,8,818,문정,하선 4-4
5615,8,818,문정,하선 3-4(2호기 E/V)
5616,8,818,문정,하선 3-2
5617,8,818,문정,상선 4-4
5618,8,818,문정,상선 3-4(1호기 E/V)
5619,8,818,문정,상선 3-1
5620,8,818,문정,"2번출구 내부(1, 2호기 E/S 하단)"
5621,8,818,문정,"4번출구 내부(5, 6호기 E/S 하단)"
5622,8,818,문정,컬처벨리 출구 앞
5623,8,818,문정,"3번출구 내부(3, 4호기 E/S 하단)"
5624,8,818,문정,"3, 4번 컬처벨리 출구 방향"
5625,8,818,문정,4호기 E/V 통로 화장실
5626,8,818,문정,4호기 E/V (지하1층)
5627,8,818,문정,4호기 E/V 중간통로(중층)
5628,8,819,장지,화장실 앞
5629,8,819,장지,I센터 위 천정
5630,8,819,장지,개찰구 앞
5631,8,819,장지,지하1층 대합실 4호기 E/V 앞
5632,8,819,장지,"3, 4번출구 내부(지하1층)"
5633,8,819,장지,"중층 3, 4번출구에서 대합실로 내려가는 계단 앞 (3, 4호기 E/S 상단)"
5634,8,819,장지,"중층 3, 4번출구측 4호기 E/V 앞"
5635,8,819,장지,중층 대합실 내려가는 E/S 앞(3번출구측)
5636,8,819,장지,3번출구 내부(중층)
5637,8,819,장지,상선 승강장 내려가는 계단 역무실 옆
5638,8,819,장지,하선 승강장 내려가는 계단 2호기 E/V
5639,8,819,장지,대합실 3호기 E/V 앞 개찰구 옆
5640,8,819,장지,"1, 2번출구 내부"
5641,8,819,장지,하선 3-1
5642,8,819,장지,하선 3-4(E/V 앞)
5643,8,819,장지,하선 4-4
5644,8,819,장지,상선 4-4
5645,8,819,장지,상선 4-1(E/V 앞)
5646,8,819,장지,상선 3-2
5647,8,819,장지,1번출구 외부
5648,8,820,복정,"1, 2번출구 내부"
5649,8,820,복정,"3, 4번출구 내부"
5650,8,820,복정,1번 개찰구 위
5651,8,820,복정,I센터 위 천정
5652,8,820,복정,대합실 승강장 내려가는 계단 1호기 E/V 앞
5653,8,820,복정,화장실 앞
5654,8,820,복정,대합실 승강장 내려가는 1호기 E/V 앞 천정
5655,8,820,복정,상선 1-1
5656,8,820,복정,하선 4-4
5657,8,820,복정,하선 4-1
5658,8,820,복정,하선 3-4 E/V
5659,8,820,복정,하선 3-2
5660,8,820,복정,하선 2-3
5661,8,820,복정,분당선 승강장 가는 계단(하선1-1)
5662,8,820,복정,1-1번출구 내부
5663,8,820,복정,1-1번출구 외부
5664,8,820,복정,지하1층 2호기 E/V
5665,8,820,복정,2호기 E/V(지상)
5666,8,821,남위례,지상1층 1번출구 외부
5667,8,821,남위례,지상1층 1번출구 내부
5668,8,821,남위례,지상1층 1호기 E/V 앞
5669,8,821,남위례,"지상1층 1, 2호기 E/S 하단 옆"
5670,8,821,남위례,지상1층 2호기 E/V 앞
5671,8,821,남위례,지상1층 7호기 E/S 하단
5672,8,821,남위례,"지상2층 2, 3, 4번출구 앞"
5673,8,821,남위례,"지상2층 2, 3, 4번출구 뒤"
5674,8,821,남위례,지상2층 1호기 E/V 앞
5675,8,821,남위례,"지상2층 3, 4호기 E/S"
5676,8,821,남위례,"지상2층 1, 2호기 E/S"
5677,8,821,남위례,지상2층 7호기 E/S 상단
5678,8,821,남위례,지상2층 5번출구 앞
5679,8,821,남위례,지상2층 5번출구 나가는곳
5680,8,821,남위례,지상2층 2호기 E/V(역무실 옆)
5681,8,821,남위례,지상2층 전실 계단
5682,8,821,남위례,지상2층 상선 시점(복정방면)
5683,8,821,남위례,지상2층 상선 종점(산성방면)
5684,8,821,남위례,지상2층 하선 시점(복정방면)
5685,8,821,남위례,"지상2층 5, 6호기 E/S"
5686,8,821,남위례,지상2층 3호기 E/V
5687,8,821,남위례,지상2층 3F 올라가는 계단 앞
5688,8,821,남위례,지상2층 하선 종점(산성방면)
5689,8,821,남위례,지상3층 2호기 E/V
5690,8,821,남위례,"지상3층 3, 4호기 E/S"
5691,8,821,남위례,지상3층 전실 계단
5692,8,821,남위례,"지상3층 5, 6호기 E/S"
5693,8,821,남위례,지상3층 3호기 E/V
5694,8,821,남위례,지상4층 2호기 E/V
5695,8,821,남위례,지상2층 남자 화장실
5696,8,821,남위례,지상2층 여자 화장실
5697,8,822,산성,"1, 2번출구 내부"
5698,8,822,산성,화장실 앞
5699,8,822,산성,3번출구 내부
5700,8,822,산성,개찰구 위
5701,8,822,산성,I센터 위 천정
5702,8,822,산성,"승강장 내려가는 9, 10호기 E/S 상단"
5703,8,822,산성,"대합실 올라가는 9, 10호기 E/S 앞"
5704,8,822,산성,하선 승강장 내려가는 E/S 앞 2호기 E/V
5705,8,822,산성,상선 승강장 내려가는 E/S 앞 1호기 E/V
5706,8,822,산성,대합실 올라가는 E/S 앞(상선 1-1)
5707,8,822,산성,대합실 올라가는 E/S 앞(상선 6-3)
5708,8,822,산성,지하1층에서 지하2층으로 내려가는 3호기 E/V
5709,8,822,산성,대합실 올라가는 E/S 앞(하선 1-1)
5710,8,822,산성,지하2층에서 지하1층으로 올라가는 11호기 E/S 옆
5711,8,822,산성,상선 내려가는 3호기 E/S 옆
5712,8,822,산성,대합실 올라가는 E/S 앞(하선 6-4)
5713,8,822,산성,상선 승강장 내려가는 1호기 E/S 옆
5714,8,823,남한산성,1번출구 내부
5715,8,823,남한산성,"1, 2번출구 내부"
5716,8,823,남한산성,3번출구 내부
5717,8,823,남한산성,대합실 내려가는 계단
5718,8,823,남한산성,화장실 앞
5719,8,823,남한산성,외부로 나가는 계단
5720,8,823,남한산성,I센터 위 천정
5721,8,823,남한산성,6번 개찰구 위
5722,8,823,남한산성,상선 승강장 가는 계단 1호기 E/V 앞
5723,8,823,남한산성,하선 승강장 가는 계단 2호기 E/V 앞
5724,8,823,남한산성,하선 4-4
5725,8,823,남한산성,하선 4-1(E/V 앞)
5726,8,823,남한산성,하선 3-2
5727,8,823,남한산성,상선 3-1
5728,8,823,남한산성,상선 3-4(E/V 앞)
5729,8,823,남한산성,상선 4-3
5730,8,823,남한산성,지하2층 대합실 내려가는 E/S 천정
5731,8,823,남한산성,하선 승강장 내려가는 2호기 E/V
5732,8,824,단대오거리,2번출구 내부
5733,8,824,단대오거리,"1, 2번출구 연결통로"
5734,8,824,단대오거리,대합실 내려가는 계단
5735,8,824,단대오거리,"6, 7번출구 연결통로"
5736,8,824,단대오거리,"4, 5번출구 연결통로"
5737,8,824,단대오거리,4번출구 내부
5738,8,824,단대오거리,화장실 앞
5739,8,824,단대오거리,1층 대합실 1호기 E/V 앞
5740,8,824,단대오거리,1층 대합실 2호기 E/V 앞
5741,8,824,단대오거리,3번출구 내부
5742,8,824,단대오거리,3번출구 연결통로
5743,8,824,단대오거리,1층 대합실 3호기 E/V 앞
5744,8,824,단대오거리,외부 출구 연결통로
5745,8,824,단대오거리,5번 개찰구 위
5746,8,824,단대오거리,I센터 위 천정
5747,8,824,단대오거리,하선 승강장 내려가는 D계단 
5748,8,824,단대오거리,상선 승강장 내려가는 A계단
5749,8,824,단대오거리,상선 2-4(E/V 앞)
5750,8,824,단대오거리,상선 3-3
5751,8,824,단대오거리,상선 5-1
5752,8,824,단대오거리,하선 5-1(E/V 앞)
5753,8,824,단대오거리,하선 4-2
5754,8,824,단대오거리,하선 2-3
5755,8,824,단대오거리,"대합실 내려가는 3, 4호기 E/S 앞"
5756,8,824,단대오거리,1번출구 내부
5757,8,825,신흥,상선 승강장 가는 계단 1호기 E/V 뒤
5758,8,825,신흥,하선 승강장 가는 계단 2호기 E/V 뒤
5759,8,825,신흥,8번 개찰구 위
5760,8,825,신흥,I센터 위 천정
5761,8,825,신흥,화장실 앞
5762,8,825,신흥,"1, 2번출구 내부"
5763,8,825,신흥,"3, 4번출구 내부"
5764,8,825,신흥,하선 4-4
5765,8,825,신흥,하선 3-4(E/V 앞)
5766,8,825,신흥,하선 2-4
5767,8,825,신흥,상선 3-2
5768,8,825,신흥,상선 3-4(E/V 앞)
5769,8,825,신흥,상선 4-4
5770,8,826,수진,"3, 4번출구 내부"
5771,8,826,수진,"1, 2번출구 연결통로"
5772,8,826,수진,화장실 앞
5773,8,826,수진,10번 개찰구 위
5774,8,826,수진,I센터 위 천정
5775,8,826,수진,상선 승강장 가는 계단 1호기 E/V 뒤
5776,8,826,수진,하선 승강장 가는 계단 2호기 E/V 앞
5777,8,826,수진,상선 3-1
5778,8,826,수진,상선 4-1(E/V 앞)
5779,8,826,수진,상선 4-3
5780,8,826,수진,하선 4-4
5781,8,826,수진,하선 4-1(E/V 앞)
5782,8,826,수진,하선 3-2
5783,8,826,수진,외부로 나가는 3호기 E/V
5784,8,827,모란,"대합실 내려가는 계단 1, 2호기 E/S 상단 천정"
5785,8,827,모란,12번출구 연결통로
5786,8,827,모란,9번출구
5787,8,827,모란,10번출구 내부
5788,8,827,모란,상선 승강장 가는 계단
5789,8,827,모란,하선 승강장 가는 계단
5790,8,827,모란,화장실 앞
5791,8,827,모란,6번 개찰구 위
5792,8,827,모란,I센터 위
5793,8,827,모란,분당선 환승통로
5794,8,827,모란,상선 승강장 가는 계단
5795,8,827,모란,상선 2-4
5796,8,827,모란,하선 5-1
5797,8,827,모란,상선 4-3
5798,8,827,모란,상선 5-2(E/V 앞)
5799,8,827,모란,하선 3-2
5800,8,827,모란,하선 2-3(E/V 앞)
5801,8,827,모란,상선 6-4
5802,8,827,모란,하선 1-1
