school,origin,mode,noise,len,reroutes,start,manN,manSaid,manLate,manLeadMed,hzN,hzSaid,hzLate,hzLeadMed,hzStartInside,arrived,arriveLeft,nSpoken,nDropped,introSec,maxDelay
숭실대,0,최단,0,1071.6954297524255,0,start,10,10,0,11.958296621646582,7,7,0,26.869997852767256,1,true,14.7,30,0,8.5,5.759999999999991
숭실대,0,최단,5,1071.6954297524255,0,start,10,10,0,18.41542687007869,7,7,0,27.656099933999485,1,true,23.7,30,0,8.5,2.32000000000005
숭실대,0,최단,10,1071.6954297524255,2,start,0,0,0,,0,0,0,,1,true,54.7,31,3,8.5,9.740000000000009
숭실대,0,최단,15,1071.6954297524255,2,start,0,0,0,,0,0,0,,1,true,54.7,29,3,8.5,11.06000000000006
숭실대,0,A,0,1141.3786168839063,0,start,9,9,0,12.41542687007869,5,5,0,27.06107474209091,1,true,14.4,26,0,16.1,0
숭실대,0,A,5,1141.3786168839063,0,start,9,9,0,16.83058032562792,5,5,0,27.459999999999994,1,true,20.4,26,0,16.1,0
숭실대,0,A,10,1141.3786168839063,2,start,0,0,0,,0,0,0,,1,true,21.4,28,3,16.1,0
숭실대,0,A,15,1141.3786168839063,4,start,0,0,0,,0,0,0,,1,true,21.4,23,7,16.1,2.3400000000000034
숭실대,0,B,0,1254.6389997984027,0,start,3,3,0,12.224335545359935,9,9,0,24.19605442195541,1,true,14.6,18,0,23.1,0
숭실대,0,B,5,1254.6389997984027,0,start,3,3,0,17.13934428491234,9,9,0,27.459999999999994,1,true,18.6,17,0,23.1,0
숭실대,0,B,10,1254.6389997984027,2,start,0,0,0,,0,0,0,,1,true,28.6,19,3,23.1,1.2999999999999545
숭실대,0,B,15,1254.6389997984027,4,start,0,0,0,,0,0,0,,1,true,39.6,16,8,23.1,6.440000000000055
숭실대,0,C,0,1261.814066355937,0,start,4,4,0,12.027687083884757,2,2,0,27.459999999999994,1,true,14.8,13,0,16.1,0
숭실대,0,C,5,1261.814066355937,0,start,4,4,0,18.41542687007869,2,2,0,31.85078045174953,1,true,19.8,13,0,16.1,0
숭실대,0,C,10,1261.814066355937,2,start,0,0,0,,0,0,0,,1,true,46.8,15,3,16.1,1.8099999999999454
숭실대,0,C,15,1261.814066355937,3,start,0,0,0,,0,0,0,,1,true,46.8,11,6,16.1,2.3400000000000034
숭실대,0,AB,0,1276.5667284640417,0,start,6,6,0,12.08400269041772,3,3,0,26.603442559854216,1,true,14.6,18,0,20.3,1.1299999999999955
숭실대,0,AB,5,1276.5667284640417,0,start,6,6,0,13.780349191989444,3,3,0,29.534002690417708,1,true,20.6,18,0,20.3,1.1299999999999955
숭실대,0,AB,10,1276.5667284640417,2,start,0,0,0,,0,0,0,,1,true,38.6,19,3,20.3,4.449999999999989
숭실대,0,AB,15,1276.5667284640417,3,start,0,0,0,,0,0,0,,1,true,38.6,16,6,20.3,5.8300000000000125
숭실대,0,AC,0,1261.814066355937,0,start,4,4,0,12.027687083884757,2,2,0,27.459999999999994,1,true,14.8,13,0,19.6,0
숭실대,0,AC,5,1261.814066355937,0,start,4,4,0,18.41542687007869,2,2,0,31.85078045174953,1,true,19.8,13,0,19.6,0
숭실대,0,AC,10,1261.814066355937,2,start,0,0,0,,0,0,0,,1,true,46.8,15,3,19.6,1.8099999999999454
숭실대,0,AC,15,1261.814066355937,3,start,0,0,0,,0,0,0,,1,true,46.8,11,6,19.6,2.3400000000000034
숭실대,0,BC,0,1276.5667284640417,0,start,6,6,0,12.08400269041772,3,3,0,26.603442559854216,1,true,14.6,18,0,19.6,1.1299999999999955
숭실대,0,BC,5,1276.5667284640417,0,start,6,6,0,13.780349191989444,3,3,0,29.534002690417708,1,true,20.6,18,0,19.6,1.1299999999999955
숭실대,0,BC,10,1276.5667284640417,2,start,0,0,0,,0,0,0,,1,true,38.6,19,3,19.6,4.449999999999989
숭실대,0,BC,15,1276.5667284640417,3,start,0,0,0,,0,0,0,,1,true,38.6,16,6,19.6,5.8300000000000125
숭실대,0,ABC,0,1276.5667284640417,0,start,6,6,0,12.08400269041772,3,3,0,26.603442559854216,1,true,14.6,18,0,23.6,1.1299999999999955
숭실대,0,ABC,5,1276.5667284640417,0,start,6,6,0,13.780349191989444,3,3,0,29.534002690417708,1,true,20.6,18,0,23.6,1.1299999999999955
숭실대,0,ABC,10,1276.5667284640417,2,start,0,0,0,,0,0,0,,1,true,38.6,19,3,23.6,4.449999999999989
숭실대,0,ABC,15,1276.5667284640417,3,start,0,0,0,,0,0,0,,1,true,38.6,16,6,23.6,5.8300000000000125
숭실대,1,최단,0,724.5045360041854,0,start,4,4,0,12.298467142744812,2,2,0,26.953736501552612,1,true,14.5,13,0,8.3,4.399999999999977
숭실대,1,최단,5,724.5045360041854,0,start,4,4,0,24.52154857275744,2,2,0,31.953736501552612,1,true,21.5,12,0,8.3,5.399999999999977
숭실대,1,최단,10,724.5045360041854,0,start,4,4,0,25.52154857275744,2,2,0,44.95373650155261,1,true,49.5,11,0,8.3,1.1299999999999955
숭실대,1,최단,15,724.5045360041854,0,start,4,4,0,26.52154857275744,2,2,0,70.65538403504706,1,true,50.5,11,0,8.3,5.399999999999977
숭실대,1,A,0,826.1685953053967,0,start,6,6,0,12.238786362258907,1,1,0,26.953736501552612,1,true,14.2,16,0,16.1,0
숭실대,1,A,5,826.1685953053967,0,start,6,6,0,17.962526443956108,1,1,0,31.953736501552612,1,true,13.2,16,0,16.1,1.1499999999999773
숭실대,1,A,10,826.1685953053967,0,start,6,6,0,25.52154857275744,1,1,0,44.95373650155261,1,true,13.2,15,0,16.1,0
숭실대,1,A,15,826.1685953053967,2,start,2,2,0,57.84790211475922,1,1,0,45.95373650155261,1,true,49.2,11,6,16.1,0
숭실대,1,B,0,724.5045360041854,0,start,4,4,0,12.298467142744812,2,2,0,26.953736501552612,1,true,14.5,13,0,12.9,4.399999999999977
숭실대,1,B,5,724.5045360041854,0,start,4,4,0,24.52154857275744,2,2,0,31.953736501552612,1,true,21.5,12,0,12.9,5.399999999999977
숭실대,1,B,10,724.5045360041854,0,start,4,4,0,25.52154857275744,2,2,0,44.95373650155261,1,true,49.5,11,0,12.9,1.1299999999999955
숭실대,1,B,15,724.5045360041854,0,start,4,4,0,26.52154857275744,2,2,0,70.65538403504706,1,true,50.5,11,0,12.9,5.399999999999977
숭실대,1,C,0,939.0079784548255,0,start,5,5,0,12.418049830973814,0,0,0,,1,true,14,13,0,15.9,0
숭실대,1,C,5,939.0079784548255,0,start,5,5,0,14.107211452076626,0,0,0,,1,true,20,13,0,15.9,1.32000000000005
숭실대,1,C,10,939.0079784548255,0,start,5,5,0,32.64332963051464,0,0,0,,1,true,77,10,0,15.9,0
숭실대,1,C,15,939.0079784548255,0,start,5,5,0,51.418049830973814,0,0,0,,1,true,97,10,0,15.9,3.32000000000005
숭실대,1,AB,0,826.1685953053967,0,start,6,6,0,12.238786362258907,1,1,0,26.953736501552612,1,true,14.2,16,0,16.6,0
숭실대,1,AB,5,826.1685953053967,0,start,6,6,0,17.962526443956108,1,1,0,31.953736501552612,1,true,13.2,16,0,16.6,1.1499999999999773
숭실대,1,AB,10,826.1685953053967,0,start,6,6,0,25.52154857275744,1,1,0,44.95373650155261,1,true,13.2,15,0,16.6,0
숭실대,1,AB,15,826.1685953053967,2,start,2,2,0,57.84790211475922,1,1,0,45.95373650155261,1,true,49.2,11,6,16.6,0
숭실대,1,AC,0,939.0079784548255,0,start,5,5,0,12.418049830973814,0,0,0,,1,true,14,13,0,19.4,0
숭실대,1,AC,5,939.0079784548255,0,start,5,5,0,14.107211452076626,0,0,0,,1,true,20,13,0,19.4,1.32000000000005
숭실대,1,AC,10,939.0079784548255,0,start,5,5,0,32.64332963051464,0,0,0,,1,true,77,10,0,19.4,0
숭실대,1,AC,15,939.0079784548255,0,start,5,5,0,51.418049830973814,0,0,0,,1,true,97,10,0,19.4,3.32000000000005
숭실대,1,BC,0,939.0079784548255,0,start,5,5,0,12.418049830973814,0,0,0,,1,true,14,13,0,15.9,0
숭실대,1,BC,5,939.0079784548255,0,start,5,5,0,14.107211452076626,0,0,0,,1,true,20,13,0,15.9,1.32000000000005
숭실대,1,BC,10,939.0079784548255,0,start,5,5,0,32.64332963051464,0,0,0,,1,true,77,10,0,15.9,0
숭실대,1,BC,15,939.0079784548255,0,start,5,5,0,51.418049830973814,0,0,0,,1,true,97,10,0,15.9,3.32000000000005
숭실대,1,ABC,0,939.0079784548255,0,start,5,5,0,12.418049830973814,0,0,0,,1,true,14,13,0,20,0
숭실대,1,ABC,5,939.0079784548255,0,start,5,5,0,14.107211452076626,0,0,0,,1,true,20,13,0,20,1.32000000000005
숭실대,1,ABC,10,939.0079784548255,0,start,5,5,0,32.64332963051464,0,0,0,,1,true,77,10,0,20,0
숭실대,1,ABC,15,939.0079784548255,0,start,5,5,0,51.418049830973814,0,0,0,,1,true,97,10,0,20,3.32000000000005
숭실대,2,최단,0,694.7966657971159,0,start,5,5,0,12.206737173264116,0,0,0,,1,true,14.8,13,0,8.3,0
숭실대,2,최단,5,694.7966657971159,0,start,5,5,0,14.590596935675308,0,0,0,,1,true,11.8,13,0,8.3,0
숭실대,2,최단,10,694.7966657971159,0,start,5,5,0,27.432016972805087,0,0,0,,1,true,32.8,11,0,8.3,0
숭실대,2,최단,15,694.7966657971159,0,start,5,5,0,49.33028652506346,0,0,0,,1,true,32.8,10,0,8.3,3.319999999999993
숭실대,2,A,0,694.7966657971159,0,start,5,5,0,12.206737173264116,0,0,0,,1,true,14.8,13,0,12.9,0
숭실대,2,A,5,694.7966657971159,0,start,5,5,0,14.590596935675308,0,0,0,,1,true,11.8,13,0,12.9,0
숭실대,2,A,10,694.7966657971159,0,start,5,5,0,27.432016972805087,0,0,0,,1,true,32.8,11,0,12.9,0
숭실대,2,A,15,694.7966657971159,0,start,5,5,0,49.33028652506346,0,0,0,,1,true,32.8,10,0,12.9,3.319999999999993
숭실대,2,B,0,694.7966657971159,0,start,5,5,0,12.206737173264116,0,0,0,,1,true,14.8,13,0,12.9,0
숭실대,2,B,5,694.7966657971159,0,start,5,5,0,14.590596935675308,0,0,0,,1,true,11.8,13,0,12.9,0
숭실대,2,B,10,694.7966657971159,0,start,5,5,0,27.432016972805087,0,0,0,,1,true,32.8,11,0,12.9,0
숭실대,2,B,15,694.7966657971159,0,start,5,5,0,49.33028652506346,0,0,0,,1,true,32.8,10,0,12.9,3.319999999999993
숭실대,2,C,0,694.7966657971159,0,start,5,5,0,12.206737173264116,0,0,0,,1,true,14.8,13,0,13.4,0
숭실대,2,C,5,694.7966657971159,0,start,5,5,0,14.590596935675308,0,0,0,,1,true,11.8,13,0,13.4,0
숭실대,2,C,10,694.7966657971159,0,start,5,5,0,27.432016972805087,0,0,0,,1,true,32.8,11,0,13.4,0
숭실대,2,C,15,694.7966657971159,0,start,5,5,0,49.33028652506346,0,0,0,,1,true,32.8,10,0,13.4,3.319999999999993
숭실대,2,AB,0,694.7966657971159,0,start,5,5,0,12.206737173264116,0,0,0,,1,true,14.8,13,0,13.4,0
숭실대,2,AB,5,694.7966657971159,0,start,5,5,0,14.590596935675308,0,0,0,,1,true,11.8,13,0,13.4,0
숭실대,2,AB,10,694.7966657971159,0,start,5,5,0,27.432016972805087,0,0,0,,1,true,32.8,11,0,13.4,0
숭실대,2,AB,15,694.7966657971159,0,start,5,5,0,49.33028652506346,0,0,0,,1,true,32.8,10,0,13.4,3.319999999999993
숭실대,2,AC,0,694.7966657971159,0,start,5,5,0,12.206737173264116,0,0,0,,1,true,14.8,13,0,13.7,0
숭실대,2,AC,5,694.7966657971159,0,start,5,5,0,14.590596935675308,0,0,0,,1,true,11.8,13,0,13.7,0
숭실대,2,AC,10,694.7966657971159,0,start,5,5,0,27.432016972805087,0,0,0,,1,true,32.8,11,0,13.7,0
숭실대,2,AC,15,694.7966657971159,0,start,5,5,0,49.33028652506346,0,0,0,,1,true,32.8,10,0,13.7,3.319999999999993
숭실대,2,BC,0,694.7966657971159,0,start,5,5,0,12.206737173264116,0,0,0,,1,true,14.8,13,0,13.4,0
숭실대,2,BC,5,694.7966657971159,0,start,5,5,0,14.590596935675308,0,0,0,,1,true,11.8,13,0,13.4,0
숭실대,2,BC,10,694.7966657971159,0,start,5,5,0,27.432016972805087,0,0,0,,1,true,32.8,11,0,13.4,0
숭실대,2,BC,15,694.7966657971159,0,start,5,5,0,49.33028652506346,0,0,0,,1,true,32.8,10,0,13.4,3.319999999999993
숭실대,2,ABC,0,694.7966657971159,0,start,5,5,0,12.206737173264116,0,0,0,,1,true,14.8,13,0,14.3,0
숭실대,2,ABC,5,694.7966657971159,0,start,5,5,0,14.590596935675308,0,0,0,,1,true,11.8,13,0,14.3,0
숭실대,2,ABC,10,694.7966657971159,0,start,5,5,0,27.432016972805087,0,0,0,,1,true,32.8,11,0,14.3,0
숭실대,2,ABC,15,694.7966657971159,0,start,5,5,0,49.33028652506346,0,0,0,,1,true,32.8,10,0,14.3,3.319999999999993
숭실대,3,최단,0,691.1647464539014,0,start,7,7,0,11.958677592460845,2,2,0,26.4164487193853,0,true,14.2,18,0,8.3,0
숭실대,3,최단,5,691.1647464539014,0,start,7,7,0,15.690890039738619,2,2,0,36.4164487193853,0,true,20.2,18,0,8.3,1.3199999999999932
숭실대,3,최단,10,691.1647464539014,0,start,7,7,0,17.9705227101895,2,2,0,52.2505227101895,0,true,20.2,20,0,8.3,5.02
숭실대,3,최단,15,691.1647464539014,0,start,7,7,0,37.69089003973862,2,2,0,52.2505227101895,0,true,78.2,18,0,8.3,5.34
숭실대,3,A,0,691.1647464539014,0,start,7,7,0,11.958677592460845,2,2,0,26.4164487193853,0,true,14.2,18,0,12.9,0
숭실대,3,A,5,691.1647464539014,0,start,7,7,0,15.690890039738619,2,2,0,36.4164487193853,0,true,20.2,18,0,12.9,1.3199999999999932
숭실대,3,A,10,691.1647464539014,0,start,7,7,0,17.9705227101895,2,2,0,52.2505227101895,0,true,20.2,20,0,12.9,5.02
숭실대,3,A,15,691.1647464539014,0,start,7,7,0,37.69089003973862,2,2,0,52.2505227101895,0,true,78.2,18,0,12.9,5.34
숭실대,3,B,0,691.1647464539014,0,start,7,7,0,11.958677592460845,2,2,0,26.4164487193853,0,true,14.2,18,0,12.9,0
숭실대,3,B,5,691.1647464539014,0,start,7,7,0,15.690890039738619,2,2,0,36.4164487193853,0,true,20.2,18,0,12.9,1.3199999999999932
숭실대,3,B,10,691.1647464539014,0,start,7,7,0,17.9705227101895,2,2,0,52.2505227101895,0,true,20.2,20,0,12.9,5.02
숭실대,3,B,15,691.1647464539014,0,start,7,7,0,37.69089003973862,2,2,0,52.2505227101895,0,true,78.2,18,0,12.9,5.34
숭실대,3,C,0,691.1647464539014,0,start,7,7,0,11.958677592460845,2,2,0,26.4164487193853,0,true,14.2,18,0,13.4,0
숭실대,3,C,5,691.1647464539014,0,start,7,7,0,15.690890039738619,2,2,0,36.4164487193853,0,true,20.2,18,0,13.4,1.3199999999999932
숭실대,3,C,10,691.1647464539014,0,start,7,7,0,17.9705227101895,2,2,0,52.2505227101895,0,true,20.2,20,0,13.4,5.02
숭실대,3,C,15,691.1647464539014,0,start,7,7,0,37.69089003973862,2,2,0,52.2505227101895,0,true,78.2,18,0,13.4,5.340000000000002
숭실대,3,AB,0,691.1647464539014,0,start,7,7,0,11.958677592460845,2,2,0,26.4164487193853,0,true,14.2,18,0,13.4,0
숭실대,3,AB,5,691.1647464539014,0,start,7,7,0,15.690890039738619,2,2,0,36.4164487193853,0,true,20.2,18,0,13.4,1.3199999999999932
숭실대,3,AB,10,691.1647464539014,0,start,7,7,0,17.9705227101895,2,2,0,52.2505227101895,0,true,20.2,20,0,13.4,5.02
숭실대,3,AB,15,691.1647464539014,0,start,7,7,0,37.69089003973862,2,2,0,52.2505227101895,0,true,78.2,18,0,13.4,5.340000000000002
숭실대,3,AC,0,691.1647464539014,0,start,7,7,0,11.958677592460845,2,2,0,26.4164487193853,0,true,14.2,18,0,13.7,0
숭실대,3,AC,5,691.1647464539014,0,start,7,7,0,15.690890039738619,2,2,0,36.4164487193853,0,true,20.2,18,0,13.7,1.3199999999999932
숭실대,3,AC,10,691.1647464539014,0,start,7,7,0,17.9705227101895,2,2,0,52.2505227101895,0,true,20.2,20,0,13.7,5.02
숭실대,3,AC,15,691.1647464539014,0,start,7,7,0,37.69089003973862,2,2,0,52.2505227101895,0,true,78.2,18,0,13.7,5.339999999999998
숭실대,3,BC,0,691.1647464539014,0,start,7,7,0,11.958677592460845,2,2,0,26.4164487193853,0,true,14.2,18,0,13.4,0
숭실대,3,BC,5,691.1647464539014,0,start,7,7,0,15.690890039738619,2,2,0,36.4164487193853,0,true,20.2,18,0,13.4,1.3199999999999932
숭실대,3,BC,10,691.1647464539014,0,start,7,7,0,17.9705227101895,2,2,0,52.2505227101895,0,true,20.2,20,0,13.4,5.02
숭실대,3,BC,15,691.1647464539014,0,start,7,7,0,37.69089003973862,2,2,0,52.2505227101895,0,true,78.2,18,0,13.4,5.340000000000002
숭실대,3,ABC,0,691.1647464539014,0,start,7,7,0,11.958677592460845,2,2,0,26.4164487193853,0,true,14.2,18,0,14.3,0
숭실대,3,ABC,5,691.1647464539014,0,start,7,7,0,15.690890039738619,2,2,0,36.4164487193853,0,true,20.2,18,0,14.3,1.3199999999999932
숭실대,3,ABC,10,691.1647464539014,0,start,7,7,0,17.9705227101895,2,2,0,52.2505227101895,0,true,20.2,20,0,14.3,5.02
숭실대,3,ABC,15,691.1647464539014,0,start,7,7,0,37.69089003973862,2,2,0,52.2505227101895,0,true,78.2,18,0,14.3,5.340000000000002
숭실대,4,최단,0,525.1383557999194,0,start,7,7,1,11.932286938478853,2,2,0,24.216399545885057,1,true,14.1,18,0,8.3,4.68
숭실대,4,최단,5,525.1383557999194,0,start,7,6,0,17.3983007672459,2,1,0,26.196399545885058,1,true,8.1,15,0,8.3,3.0199999999999996
숭실대,4,최단,10,525.1383557999194,0,start,7,5,0,24.42443549109848,2,0,0,,1,true,27.1,14,0,8.3,2.319999999999993
숭실대,4,최단,15,525.1383557999194,0,start,7,5,0,26.548427176067747,2,0,0,,1,true,29.1,15,0,8.3,2.3000000000000114
숭실대,4,A,0,526.5970439383103,0,start,5,5,0,11.696276935561542,1,1,0,9.848746203794283,0,true,14.6,12,0,12,2.6799999999999997
숭실대,4,A,5,526.5970439383103,0,start,5,4,0,17.39097507686978,1,0,0,,0,true,9.6,15,0,15.2,8.34
숭실대,4,A,10,526.5970439383103,0,start,5,4,0,21.300664666257887,1,0,0,,0,true,28.6,14,0,12.9,2.319999999999993
숭실대,4,A,15,526.5970439383103,0,start,5,4,0,28.007115314458673,1,0,0,,0,true,30.6,15,0,12.9,3.319999999999993
숭실대,4,B,0,526.5970439383103,0,start,5,5,0,11.696276935561542,1,1,0,9.848746203794283,0,true,14.6,12,0,9.5,2.6799999999999997
숭실대,4,B,5,526.5970439383103,0,start,5,5,1,14.696276935561542,1,1,0,1.5487462037942805,0,true,9.6,15,0,12.7,8.980000000000002
숭실대,4,B,10,526.5970439383103,0,start,5,5,0,14.696276935561542,1,1,0,3.678746203794283,0,true,28.6,14,0,12.7,7.85
숭실대,4,B,15,526.5970439383103,0,start,5,5,0,26.39097507686978,1,1,0,3.678746203794283,0,true,30.6,14,0,12.7,7.85
숭실대,4,C,0,526.5970439383103,0,start,5,5,0,11.696276935561514,1,1,0,9.848746203794283,0,true,14.6,12,0,12.6,2.6799999999999997
숭실대,4,C,5,526.5970439383103,0,start,5,5,1,14.696276935561514,1,1,0,7.508746203794283,0,true,9.6,15,0,15.7,8.98
숭실대,4,C,10,526.5970439383103,0,start,5,5,1,14.696276935561514,1,1,0,7.508746203794283,0,true,28.6,15,0,15.7,8.98
숭실대,4,C,15,526.5970439383103,0,start,5,5,0,26.39097507686978,1,1,0,0.5287462037942792,0,true,30.6,15,0,15.7,11.000000000000004
숭실대,4,AB,0,526.5970439383103,0,start,5,5,0,11.696276935561514,1,1,0,9.848746203794283,0,true,14.6,12,0,12.6,2.6799999999999997
숭실대,4,AB,5,526.5970439383103,0,start,5,5,1,14.696276935561514,1,1,0,1.5487462037942823,0,true,9.6,15,0,15.7,8.98
숭실대,4,AB,10,526.5970439383103,0,start,5,5,0,14.696276935561542,1,1,0,3.6787462037942813,0,true,28.6,14,0,13.2,7.850000000000001
숭실대,4,AB,15,526.5970439383103,0,start,5,5,0,26.39097507686978,1,1,0,3.6787462037942813,0,true,30.6,14,0,13.2,7.850000000000001
숭실대,4,AC,0,526.5970439383103,0,start,5,5,0,11.696276935561514,1,1,0,9.848746203794283,0,true,14.6,12,0,15.4,2.6799999999999997
숭실대,4,AC,5,526.5970439383103,0,start,5,5,1,14.696276935561514,1,1,0,7.508746203794283,0,true,9.6,15,0,18.6,8.98
숭실대,4,AC,10,526.5970439383103,0,start,5,5,1,14.696276935561514,1,1,0,7.508746203794283,0,true,28.6,15,0,16.1,8.98
숭실대,4,AC,15,526.5970439383103,0,start,5,5,0,26.39097507686978,1,1,0,0.5287462037942827,0,true,30.6,15,0,16.1,11
숭실대,4,BC,0,526.5970439383103,0,start,5,5,0,11.696276935561514,1,1,0,9.848746203794283,0,true,14.6,12,0,12.6,2.6799999999999997
숭실대,4,BC,5,526.5970439383103,0,start,5,5,1,14.696276935561514,1,1,0,7.508746203794283,0,true,9.6,15,0,15.7,8.98
숭실대,4,BC,10,526.5970439383103,0,start,5,5,1,14.696276935561514,1,1,0,7.508746203794283,0,true,28.6,15,0,15.7,8.98
숭실대,4,BC,15,526.5970439383103,0,start,5,5,0,26.39097507686978,1,1,0,0.5287462037942792,0,true,30.6,15,0,15.7,11.000000000000004
숭실대,4,ABC,0,526.5970439383103,0,start,5,5,0,11.696276935561514,1,1,0,9.848746203794283,0,true,14.6,12,0,15.9,2.6799999999999997
숭실대,4,ABC,5,526.5970439383103,0,start,5,5,1,14.696276935561514,1,1,0,7.508746203794283,0,true,9.6,15,0,19.1,8.98
숭실대,4,ABC,10,526.5970439383103,0,start,5,5,1,14.696276935561514,1,1,0,7.508746203794283,0,true,28.6,15,0,16.6,8.98
숭실대,4,ABC,15,526.5970439383103,0,start,5,5,0,26.39097507686978,1,1,0,0.5287462037942827,0,true,30.6,15,0,16.6,11
숭실대,5,최단,0,831.9439221022595,0,start,6,6,0,12.144619400758643,4,4,0,27.285482288936947,0,true,14.9,18,0,8.3,0
숭실대,5,최단,5,831.9439221022595,0,start,6,6,0,19.144619400758643,4,4,0,32.28548228893695,0,true,9.9,18,0,8.3,1.1499999999999773
숭실대,5,최단,10,831.9439221022595,1,start,0,0,0,,1,1,0,29.060000000000006,0,true,9.9,7,8,8.3,0
숭실대,5,최단,15,831.9439221022595,2,start,0,0,0,,2,1,0,30.060000000000006,0,true,36.9,8,10,8.3,0
숭실대,5,A,0,831.9439221022595,0,start,6,6,0,12.144619400758643,4,4,0,27.285482288936947,0,true,14.9,18,0,12.9,0
숭실대,5,A,5,831.9439221022595,0,start,6,6,0,19.144619400758643,4,4,0,32.28548228893695,0,true,9.9,18,0,12.9,1.1499999999999773
숭실대,5,A,10,831.9439221022595,1,start,0,0,0,,1,1,0,29.060000000000006,0,true,9.9,7,8,12.9,0
숭실대,5,A,15,831.9439221022595,2,start,0,0,0,,2,1,0,30.060000000000006,0,true,36.9,8,10,12.9,0
숭실대,5,B,0,831.9439221022595,0,start,6,6,0,12.144619400758643,4,4,0,27.285482288936947,0,true,14.9,18,0,12.9,0
숭실대,5,B,5,831.9439221022595,0,start,6,6,0,19.144619400758643,4,4,0,32.28548228893695,0,true,9.9,18,0,12.9,1.1499999999999773
숭실대,5,B,10,831.9439221022595,1,start,0,0,0,,1,1,0,29.060000000000006,0,true,9.9,7,8,12.9,0
숭실대,5,B,15,831.9439221022595,2,start,0,0,0,,2,1,0,30.060000000000006,0,true,36.9,8,10,12.9,0
숭실대,5,C,0,831.9439221022595,0,start,6,6,0,12.144619400758643,4,4,0,27.285482288936947,0,true,14.9,18,0,13.4,0
숭실대,5,C,5,831.9439221022595,0,start,6,6,0,19.144619400758643,4,4,0,32.28548228893695,0,true,9.9,18,0,13.4,1.1499999999999773
숭실대,5,C,10,831.9439221022595,1,start,0,0,0,,1,1,0,29.060000000000002,0,true,9.9,7,8,13.4,0
숭실대,5,C,15,831.9439221022595,2,start,0,0,0,,2,1,0,30.060000000000006,0,true,36.9,8,10,13.4,0
숭실대,5,AB,0,831.9439221022595,0,start,6,6,0,12.144619400758643,4,4,0,27.285482288936947,0,true,14.9,18,0,13.4,0
숭실대,5,AB,5,831.9439221022595,0,start,6,6,0,19.144619400758643,4,4,0,32.28548228893695,0,true,9.9,18,0,13.4,1.1499999999999773
숭실대,5,AB,10,831.9439221022595,1,start,0,0,0,,1,1,0,29.060000000000002,0,true,9.9,7,8,13.4,0
숭실대,5,AB,15,831.9439221022595,2,start,0,0,0,,2,1,0,30.060000000000006,0,true,36.9,8,10,13.4,0
숭실대,5,AC,0,831.9439221022595,0,start,6,6,0,12.144619400758643,4,4,0,27.285482288936947,0,true,14.9,18,0,13.7,0
숭실대,5,AC,5,831.9439221022595,0,start,6,6,0,19.144619400758643,4,4,0,32.28548228893695,0,true,9.9,18,0,13.7,1.1499999999999773
숭실대,5,AC,10,831.9439221022595,1,start,0,0,0,,1,1,0,29.06000000000001,0,true,9.9,7,8,13.7,0
숭실대,5,AC,15,831.9439221022595,2,start,0,0,0,,2,1,0,30.06000000000001,0,true,36.9,8,10,13.7,0
숭실대,5,BC,0,831.9439221022595,0,start,6,6,0,12.144619400758643,4,4,0,27.285482288936947,0,true,14.9,18,0,13.4,0
숭실대,5,BC,5,831.9439221022595,0,start,6,6,0,19.144619400758643,4,4,0,32.28548228893695,0,true,9.9,18,0,13.4,1.1499999999999773
숭실대,5,BC,10,831.9439221022595,1,start,0,0,0,,1,1,0,29.060000000000002,0,true,9.9,7,8,13.4,0
숭실대,5,BC,15,831.9439221022595,2,start,0,0,0,,2,1,0,30.060000000000006,0,true,36.9,8,10,13.4,0
숭실대,5,ABC,0,831.9439221022595,0,start,6,6,0,12.144619400758643,4,4,0,27.285482288936947,0,true,14.9,18,0,14.3,0
숭실대,5,ABC,5,831.9439221022595,0,start,6,6,0,19.144619400758643,4,4,0,32.28548228893695,0,true,9.9,18,0,14.3,1.1499999999999773
숭실대,5,ABC,10,831.9439221022595,1,start,0,0,0,,1,1,0,29.060000000000002,0,true,9.9,7,8,14.3,0
숭실대,5,ABC,15,831.9439221022595,2,start,0,0,0,,2,1,0,30.060000000000002,0,true,36.9,8,10,14.3,0
숭실대,6,최단,0,926.3845508855344,0,start,11,11,0,12.027996834120415,7,7,0,26.559118985875813,0,true,14.4,31,0,8.3,4.760000000000105
숭실대,6,최단,5,926.3845508855344,0,start,11,11,0,13.750495830944715,7,7,0,29.233667166584837,0,true,25.4,30,0,8.3,8.760000000000105
숭실대,6,최단,10,926.3845508855344,0,start,11,11,0,27.335364022134854,7,7,0,29.34522106710824,0,true,25.4,29,0,8.3,9.740000000000009
숭실대,6,최단,15,926.3845508855344,2,start,4,4,0,44.912577844145005,2,2,0,39.3279968341204,0,true,37.4,11,18,8.3,4.8300000000000125
숭실대,6,A,0,996.0677380170149,0,start,10,10,0,12.16962938106849,5,5,0,26.750195875199665,0,true,14.1,27,0,16.1,0
숭실대,6,A,5,996.0677380170149,0,start,10,10,0,15.541759371143257,5,5,0,29.233667166584837,0,true,19.1,26,0,16.1,1.1500000000000057
숭실대,6,A,10,996.0677380170149,0,start,10,10,0,26.281358744962517,5,5,0,29.233667166584837,0,true,28.1,25,0,16.1,2.1500000000000057
숭실대,6,A,15,996.0677380170149,3,start,4,4,0,44.91257784414499,2,2,0,39.3279968341204,0,true,55.1,12,16,16.1,4.8300000000000125
숭실대,6,B,0,1095.424997107985,0,start,2,2,0,12.152273342591911,8,8,0,24.982051731537695,0,true,14.4,14,0,23.1,0
숭실대,6,B,5,1095.424997107985,0,start,2,2,0,12.925341594494625,8,8,0,31.112273342591834,0,true,20.4,14,0,23.1,0
숭실대,6,B,10,1095.424997107985,0,start,2,2,0,25.15227334259191,8,8,0,39.112273342591834,0,true,22.4,14,0,23.1,0
숭실대,6,B,15,1095.424997107985,1,start,1,1,0,25.925341594494625,5,5,0,47.19235109244812,0,true,32.4,10,4,23.1,0
숭실대,6,C,0,1116.5031874890456,0,start,5,5,0,11.762577844145,2,2,0,26.539901584858058,0,true,14.5,14,0,16.1,0
숭실대,6,C,5,1116.5031874890456,0,start,5,5,0,13.587981884929036,2,2,0,33.53990158485806,0,true,17.5,14,0,16.1,1.1500000000000057
숭실대,6,C,10,1116.5031874890456,0,start,5,5,0,27.947931208306898,2,2,0,37.53990158485806,0,true,41.5,13,0,16.1,2.829999999999984
숭실대,6,C,15,1116.5031874890456,0,start,5,5,0,42.007996834120405,2,2,0,59.53990158485806,0,true,43.5,12,0,16.1,4.8300000000000125
숭실대,6,AB,0,1117.3527257736241,0,start,4,4,0,11.797469492885398,1,1,0,26.3894398694365,1,true,14.4,11,0,20.3,2.6799999999999997
숭실대,6,AB,5,1117.3527257736241,0,start,4,4,0,14.43752016950748,1,1,0,33.3894398694365,1,true,18.4,11,0,20.3,2.6799999999999997
숭실대,6,AB,10,1117.3527257736241,0,start,4,4,0,32.43752016950742,1,1,0,38.3894398694365,1,true,42.4,10,0,20.3,3.829999999999984
숭실대,6,AB,15,1117.3527257736241,0,start,4,4,0,34.98746949288534,1,1,0,60.3894398694365,1,true,44.4,11,0,20.3,2.8100000000000023
숭실대,6,AC,0,1116.5031874890456,0,start,5,5,0,11.762577844145,2,2,0,26.539901584858058,0,true,14.5,14,0,19.6,0
숭실대,6,AC,5,1116.5031874890456,0,start,5,5,0,13.587981884929093,2,2,0,33.53990158485806,0,true,17.5,14,0,19.6,1.1500000000000057
숭실대,6,AC,10,1116.5031874890456,0,start,5,5,0,27.947931208306898,2,2,0,37.53990158485806,0,true,41.5,13,0,19.6,2.829999999999984
숭실대,6,AC,15,1116.5031874890456,0,start,5,5,0,42.007996834120405,2,2,0,59.53990158485806,0,true,43.5,12,0,19.6,4.8300000000000125
숭실대,6,BC,0,1117.3527257736241,0,start,4,4,0,11.797469492885398,1,1,0,26.3894398694365,1,true,14.4,11,0,19.6,2.6799999999999997
숭실대,6,BC,5,1117.3527257736241,0,start,4,4,0,14.43752016950748,1,1,0,33.3894398694365,1,true,18.4,11,0,19.6,2.6799999999999997
숭실대,6,BC,10,1117.3527257736241,0,start,4,4,0,32.43752016950742,1,1,0,38.3894398694365,1,true,42.4,10,0,19.6,3.829999999999984
숭실대,6,BC,15,1117.3527257736241,0,start,4,4,0,34.98746949288534,1,1,0,60.3894398694365,1,true,44.4,11,0,19.6,2.8100000000000023
숭실대,6,ABC,0,1117.3527257736241,0,start,4,4,0,11.797469492885398,1,1,0,26.3894398694365,1,true,14.4,11,0,23.6,2.6799999999999997
숭실대,6,ABC,5,1117.3527257736241,0,start,4,4,0,14.43752016950748,1,1,0,33.3894398694365,1,true,18.4,11,0,23.6,2.6799999999999997
숭실대,6,ABC,10,1117.3527257736241,0,start,4,4,0,32.43752016950742,1,1,0,38.3894398694365,1,true,42.4,10,0,23.6,3.829999999999984
숭실대,6,ABC,15,1117.3527257736241,0,start,4,4,0,34.98746949288534,1,1,0,60.3894398694365,1,true,44.4,11,0,23.6,2.8100000000000023
숭실대,7,최단,0,919.0275657531928,0,start,9,9,0,12.123210742858078,6,6,0,27.202133853534036,0,true,14,26,0,8.3,5.760000000000105
숭실대,7,최단,5,919.0275657531928,0,start,9,9,0,13.290432622413618,6,5,0,26.876682034243117,0,true,15,27,0,8.3,7.760000000000105
숭실대,7,최단,10,919.0275657531928,0,start,9,9,0,29.30845594279822,6,5,0,26.876682034243117,0,true,18,24,0,8.3,7.760000000000105
숭실대,7,최단,15,919.0275657531928,1,start,0,0,0,,0,0,0,,0,true,35,24,0,8.3,7.440000000000055
숭실대,7,A,0,988.7107528846733,0,start,8,8,0,12.162716326394843,4,4,0,27.393210742857946,0,true,14.7,22,0,16.1,0
숭실대,7,A,5,988.7107528846733,0,start,8,8,0,17.812644248726883,4,3,0,28.63271632639487,0,true,19.7,24,0,16.1,1.1500000000000057
숭실대,7,A,10,988.7107528846733,0,start,8,8,0,39.81264424872688,4,3,0,31.63271632639487,0,true,22.7,21,0,16.1,0
숭실대,7,A,15,988.7107528846733,1,start,0,0,0,,0,0,0,,0,true,22.7,22,0,16.1,2.1500000000000057
숭실대,7,B,0,1084.541882328347,0,start,5,5,0,11.912834332634588,6,6,0,26.133374481278565,0,true,14.5,18,0,23.1,1.1299999999999955
숭실대,7,B,5,1084.541882328347,3,start,2,0,0,,0,0,0,,0,true,18.5,8,10,23.1,0
숭실대,7,B,10,1084.541882328347,1,start,2,0,0,,0,0,0,,0,true,41.5,6,12,23.1,0
숭실대,7,B,15,1084.541882328347,5,start,0,0,0,,0,0,0,,0,true,42.5,7,14,23.1,0
숭실대,7,C,0,1109.146202356704,0,start,3,3,0,11.590946075965121,1,1,0,27.182916452516338,0,true,14.1,9,0,16.1,0
숭실대,7,C,5,1109.146202356704,0,start,3,3,0,13.780946075965119,1,1,0,29.182916452516338,0,true,21.1,13,0,16.1,2.8100000000000023
숭실대,7,C,10,1109.146202356704,0,start,3,3,0,26.230996752587203,1,1,0,29.182916452516338,0,true,38.1,12,0,16.1,0
숭실대,7,C,15,1109.146202356704,1,start,0,0,0,,0,0,0,,0,true,43.1,11,0,16.1,2.829999999999984
숭실대,7,AB,0,1109.146202356704,0,start,3,3,0,11.590946075965178,1,1,0,27.182916452516338,0,true,14.1,9,0,20.3,0
숭실대,7,AB,5,1109.146202356704,0,start,3,3,0,13.780946075965176,1,1,0,29.182916452516338,0,true,21.1,11,0,20.3,2.8100000000000023
숭실대,7,AB,10,1109.146202356704,0,start,3,3,0,26.230996752587203,1,1,0,29.182916452516338,0,true,38.1,11,0,20.3,2.6799999999999997
숭실대,7,AB,15,1109.146202356704,1,start,0,0,0,,0,0,0,,0,true,43.1,11,0,20.3,2.829999999999984
숭실대,7,AC,0,1109.146202356704,0,start,3,3,0,11.590946075965178,1,1,0,27.182916452516338,0,true,14.1,9,0,19.6,0
숭실대,7,AC,5,1109.146202356704,0,start,3,3,0,13.780946075965119,1,1,0,29.182916452516338,0,true,21.1,13,0,19.6,2.8100000000000023
숭실대,7,AC,10,1109.146202356704,0,start,3,3,0,26.230996752587203,1,1,0,29.182916452516338,0,true,38.1,12,0,19.6,0
숭실대,7,AC,15,1109.146202356704,1,start,0,0,0,,0,0,0,,0,true,43.1,11,0,19.6,2.829999999999984
숭실대,7,BC,0,1109.146202356704,0,start,3,3,0,11.590946075965178,1,1,0,27.182916452516338,0,true,14.1,9,0,19.6,0
숭실대,7,BC,5,1109.146202356704,0,start,3,3,0,13.780946075965119,1,1,0,29.182916452516338,0,true,21.1,11,0,19.6,2.8100000000000023
숭실대,7,BC,10,1109.146202356704,0,start,3,3,0,26.230996752587203,1,1,0,29.182916452516338,0,true,38.1,11,0,19.6,2.6799999999999997
숭실대,7,BC,15,1109.146202356704,1,start,0,0,0,,0,0,0,,0,true,43.1,11,0,19.6,2.829999999999984
숭실대,7,ABC,0,1109.146202356704,0,start,3,3,0,11.590946075965178,1,1,0,27.182916452516338,0,true,14.1,9,0,23.6,0
숭실대,7,ABC,5,1109.146202356704,0,start,3,3,0,13.780946075965232,1,1,0,29.182916452516338,0,true,21.1,11,0,23.6,2.8099999999999454
숭실대,7,ABC,10,1109.146202356704,0,start,3,3,0,26.230996752587203,1,1,0,29.182916452516338,0,true,38.1,11,0,23.6,2.6799999999999997
숭실대,7,ABC,15,1109.146202356704,1,start,0,0,0,,0,0,0,,0,true,43.1,11,0,23.6,2.829999999999984
숭실대,8,최단,0,784.1239219637386,0,start,7,7,0,11.870665184837776,4,4,0,26.803522533410927,1,true,14.1,21,0,8.3,0
숭실대,8,최단,5,784.1239219637386,0,start,7,7,0,13.533993339886763,4,4,0,31.803522533410927,1,true,21.1,20,0,8.3,0
숭실대,8,최단,10,784.1239219637386,1,start,5,5,0,27.63352253341094,4,3,0,44.80352253341093,1,true,14.1,16,2,8.3,2.319999999999993
숭실대,8,최단,15,784.1239219637386,4,start,0,0,0,,0,0,0,,1,true,14.1,12,16,8.3,0.33999999999999986
숭실대,8,A,0,784.1239219637386,0,start,7,7,0,11.870665184837776,4,4,0,26.803522533410927,1,true,14.1,21,0,12.9,0
숭실대,8,A,5,784.1239219637386,0,start,7,7,0,13.533993339886763,4,4,0,31.803522533410927,1,true,21.1,20,0,12.9,0
숭실대,8,A,10,784.1239219637386,1,start,5,5,0,27.63352253341094,4,3,0,44.80352253341093,1,true,14.1,16,2,12.9,2.319999999999993
숭실대,8,A,15,784.1239219637386,4,start,0,0,0,,0,0,0,,1,true,14.1,12,17,12.9,0.33999999999999986
숭실대,8,B,0,784.1239219637386,0,start,7,7,0,11.870665184837776,4,4,0,26.803522533410927,1,true,14.1,21,0,12.9,0
숭실대,8,B,5,784.1239219637386,0,start,7,7,0,13.533993339886763,4,4,0,31.803522533410927,1,true,21.1,20,0,12.9,0
숭실대,8,B,10,784.1239219637386,1,start,5,5,0,27.63352253341094,4,3,0,44.80352253341093,1,true,14.1,16,2,12.9,2.319999999999993
숭실대,8,B,15,784.1239219637386,4,start,0,0,0,,0,0,0,,1,true,14.1,10,16,12.9,0.33999999999999986
숭실대,8,C,0,915.4981859467301,0,start,7,7,0,12.133537122419227,1,1,0,27.021520149614133,1,true,14.5,18,0,15.9,0
숭실대,8,C,5,915.4981859467301,0,start,7,7,0,18.292117085289533,1,1,0,32.02152014961413,1,true,12.5,18,0,15.9,1.1499999999999773
숭실대,8,C,10,915.4981859467301,0,start,7,7,0,30.9082573228784,1,1,0,35.02152014961413,1,true,43.5,16,0,15.9,2.32000000000005
숭실대,8,C,15,915.4981859467301,0,start,7,7,0,32.9082573228784,1,1,0,35.02152014961413,1,true,58.5,17,0,15.9,3.32000000000005
숭실대,8,AB,0,784.1239219637386,0,start,7,7,0,11.870665184837776,4,4,0,26.803522533410927,1,true,14.1,21,0,13.4,0
숭실대,8,AB,5,784.1239219637386,0,start,7,7,0,13.533993339886763,4,4,0,31.803522533410927,1,true,21.1,20,0,13.4,0
숭실대,8,AB,10,784.1239219637386,1,start,5,5,0,27.63352253341094,4,3,0,44.80352253341093,1,true,14.1,16,2,13.4,2.319999999999993
숭실대,8,AB,15,784.1239219637386,4,start,0,0,0,,0,0,0,,1,true,14.1,10,16,13.4,0.33999999999999986
숭실대,8,AC,0,915.4981859467301,0,start,7,7,0,12.133537122419227,1,1,0,27.021520149614133,1,true,14.5,18,0,16.3,0
숭실대,8,AC,5,915.4981859467301,0,start,7,7,0,18.292117085289533,1,1,0,32.02152014961413,1,true,12.5,18,0,16.3,1.1499999999999773
숭실대,8,AC,10,915.4981859467301,0,start,7,7,0,30.9082573228784,1,1,0,35.02152014961413,1,true,43.5,16,0,16.3,2.32000000000005
숭실대,8,AC,15,915.4981859467301,0,start,7,7,0,32.9082573228784,1,1,0,35.02152014961413,1,true,58.5,17,0,16.3,3.32000000000005
숭실대,8,BC,0,959.8528574326109,0,start,9,9,0,12.26292880875917,2,2,0,27.570987641357398,0,true,14.9,22,0,19.6,0
숭실대,8,BC,5,959.8528574326109,0,start,9,8,0,17.952090429861983,2,2,0,52.4209876413574,0,true,24.9,19,0,19.6,1.1500000000000021
숭실대,8,BC,10,959.8528574326109,0,start,9,8,0,31.952090429861983,2,2,0,52.4209876413574,0,true,26.9,17,0,19.6,3.32000000000005
숭실대,8,BC,15,959.8528574326109,0,start,9,8,0,61.62678857117032,2,1,0,52.4209876413574,0,true,87.9,15,0,19.6,3.490000000000002
숭실대,8,ABC,0,959.8528574326109,0,start,9,9,0,12.26292880875917,2,2,0,27.570987641357398,0,true,14.9,22,0,20.5,0
숭실대,8,ABC,5,959.8528574326109,0,start,9,8,0,17.952090429861983,2,2,0,52.4209876413574,0,true,24.9,19,0,20.5,1.1500000000000021
숭실대,8,ABC,10,959.8528574326109,0,start,9,8,0,31.952090429861983,2,2,0,52.4209876413574,0,true,26.9,17,0,20.5,3.32000000000005
숭실대,8,ABC,15,959.8528574326109,0,start,9,8,0,61.62678857117032,2,1,0,52.4209876413574,0,true,87.9,15,0,20.5,3.490000000000002
숭실대,9,최단,0,315.92562925603164,0,start,5,5,0,12.602138131105221,1,1,0,24.076477286893322,1,true,14.9,13,0,8.3,4.400000000000006
숭실대,9,최단,5,315.92562925603164,0,start,5,5,0,16.60213813110522,1,1,0,24.076477286893322,1,true,15.9,12,0,8.3,4.400000000000006
숭실대,9,최단,10,315.92562925603164,0,start,5,5,0,17.60213813110522,1,1,0,24.076477286893322,1,true,17.9,13,0,8.3,4.400000000000006
숭실대,9,최단,15,315.92562925603164,0,start,5,5,0,26.841459469173074,1,1,0,68.07647728689332,1,true,19.9,13,0,8.3,5.400000000000006
숭실대,9,A,0,331.14125595002986,0,start,3,3,0,11.872170857941626,0,0,0,,1,true,14.1,9,0,18.6,0
숭실대,9,A,5,331.14125595002986,0,start,3,3,0,9.844876677977481,0,0,0,,1,true,15.1,9,0,18.6,0
숭실대,9,A,10,331.14125595002986,0,start,3,3,0,7.714876677977486,0,0,0,,1,true,19.1,9,0,18.6,3.1499999999999773
숭실대,9,A,15,331.14125595002986,0,start,3,3,0,55.872170857941626,0,0,0,,1,true,23.1,8,0,18.6,0
숭실대,9,B,0,315.92562925603164,0,start,5,5,0,12.602138131105221,1,1,0,24.076477286893322,1,true,14.9,13,0,12.9,4.400000000000006
숭실대,9,B,5,315.92562925603164,0,start,5,5,0,16.60213813110522,1,1,0,24.076477286893322,1,true,15.9,12,0,12.9,4.400000000000006
숭실대,9,B,10,315.92562925603164,0,start,5,5,0,17.60213813110522,1,1,0,24.076477286893322,1,true,17.9,13,0,12.9,4.400000000000006
숭실대,9,B,15,315.92562925603164,0,start,5,5,0,26.841459469173074,1,1,0,68.07647728689332,1,true,19.9,13,0,12.9,5.400000000000006
숭실대,9,C,0,331.14125595002986,0,start,3,3,0,11.872170857941626,0,0,0,,1,true,14.1,9,0,18.4,0
숭실대,9,C,5,331.14125595002986,0,start,3,3,0,9.844876677977481,0,0,0,,1,true,15.1,9,0,18.4,0
숭실대,9,C,10,331.14125595002986,0,start,3,3,0,7.714876677977486,0,0,0,,1,true,19.1,9,0,18.4,3.1499999999999773
숭실대,9,C,15,331.14125595002986,0,start,3,3,0,55.872170857941626,0,0,0,,1,true,23.1,8,0,18.4,0
숭실대,9,AB,0,315.92562925603164,0,start,5,5,0,12.602138131105221,1,1,0,24.076477286893322,1,true,14.9,13,0,13.4,4.400000000000006
숭실대,9,AB,5,315.92562925603164,0,start,5,5,0,16.60213813110522,1,1,0,24.076477286893322,1,true,15.9,12,0,13.4,4.400000000000006
숭실대,9,AB,10,315.92562925603164,0,start,5,5,0,17.60213813110522,1,1,0,24.076477286893322,1,true,17.9,13,0,13.4,4.400000000000006
숭실대,9,AB,15,315.92562925603164,0,start,5,5,0,26.841459469173074,1,1,0,68.07647728689332,1,true,19.9,13,0,13.4,5.400000000000006
숭실대,9,AC,0,331.14125595002986,0,start,3,3,0,11.872170857941626,0,0,0,,1,true,14.1,9,0,21.9,0
숭실대,9,AC,5,331.14125595002986,0,start,3,3,0,9.844876677977481,0,0,0,,1,true,15.1,9,0,21.9,0
숭실대,9,AC,10,331.14125595002986,0,start,3,3,0,7.714876677977486,0,0,0,,1,true,19.1,9,0,21.9,3.1499999999999773
숭실대,9,AC,15,331.14125595002986,0,start,3,3,0,55.872170857941626,0,0,0,,1,true,23.1,8,0,21.9,0
숭실대,9,BC,0,315.92562925603164,0,start,5,5,0,12.602138131105221,1,1,0,24.076477286893322,1,true,14.9,13,0,13.4,4.400000000000006
숭실대,9,BC,5,315.92562925603164,0,start,5,5,0,16.60213813110522,1,1,0,24.076477286893322,1,true,15.9,12,0,13.4,4.400000000000006
숭실대,9,BC,10,315.92562925603164,0,start,5,5,0,17.60213813110522,1,1,0,24.076477286893322,1,true,17.9,13,0,13.4,4.400000000000006
숭실대,9,BC,15,315.92562925603164,0,start,5,5,0,26.841459469173074,1,1,0,68.07647728689332,1,true,19.9,13,0,13.4,5.400000000000006
숭실대,9,ABC,0,315.92562925603164,0,start,5,5,0,12.602138131105221,1,1,0,24.076477286893322,1,true,14.9,13,0,14.3,4.400000000000006
숭실대,9,ABC,5,315.92562925603164,0,start,5,5,0,16.60213813110522,1,1,0,24.076477286893322,1,true,15.9,12,0,14.3,4.400000000000006
숭실대,9,ABC,10,315.92562925603164,0,start,5,5,0,17.60213813110522,1,1,0,24.076477286893322,1,true,17.9,13,0,14.3,4.400000000000006
숭실대,9,ABC,15,315.92562925603164,0,start,5,5,0,26.841459469173074,1,1,0,68.07647728689332,1,true,19.9,13,0,14.3,5.400000000000006
숭실대,10,최단,0,448.3761800945448,0,start,6,6,0,12.079800822492416,0,0,0,,0,true,14.4,14,0,8.3,0
숭실대,10,최단,5,448.3761800945448,0,start,6,6,0,21.962259785723973,0,0,0,,0,true,18.4,13,0,8.3,2.1499999999999773
숭실대,10,최단,10,448.3761800945448,0,start,6,6,0,39.94225978572397,0,0,0,,0,true,52.4,11,0,8.3,2.319999999999993
숭실대,10,최단,15,448.3761800945448,0,start,6,6,0,53.17011123310431,0,0,0,,0,true,81.4,11,0,8.3,3.319999999999993
숭실대,10,A,0,448.3761800945448,0,start,6,6,0,12.079800822492416,0,0,0,,0,true,14.4,14,0,12.9,0
숭실대,10,A,5,448.3761800945448,0,start,6,6,0,21.962259785723973,0,0,0,,0,true,18.4,13,0,12.9,2.1499999999999773
숭실대,10,A,10,448.3761800945448,0,start,6,6,0,39.94225978572397,0,0,0,,0,true,52.4,11,0,12.9,2.3200000000000074
숭실대,10,A,15,448.3761800945448,0,start,6,6,0,53.17011123310431,0,0,0,,0,true,81.4,11,0,12.9,3.3200000000000074
숭실대,10,B,0,448.3761800945448,0,start,6,6,0,12.079800822492416,0,0,0,,0,true,14.4,14,0,12.9,0
숭실대,10,B,5,448.3761800945448,0,start,6,6,0,21.962259785723973,0,0,0,,0,true,18.4,13,0,12.9,2.1499999999999773
숭실대,10,B,10,448.3761800945448,0,start,6,6,0,39.94225978572397,0,0,0,,0,true,52.4,11,0,12.9,2.3200000000000074
숭실대,10,B,15,448.3761800945448,0,start,6,6,0,53.17011123310431,0,0,0,,0,true,81.4,11,0,12.9,3.3200000000000074
숭실대,10,C,0,448.3761800945448,0,start,6,6,0,12.079800822492416,0,0,0,,0,true,14.4,14,0,13.4,0
숭실대,10,C,5,448.3761800945448,0,start,6,6,0,21.962259785723973,0,0,0,,0,true,18.4,13,0,13.4,2.1499999999999773
숭실대,10,C,10,448.3761800945448,0,start,6,6,0,39.94225978572397,0,0,0,,0,true,52.4,11,0,13.4,2.319999999999993
숭실대,10,C,15,448.3761800945448,0,start,6,6,0,53.17011123310431,0,0,0,,0,true,81.4,11,0,13.4,3.319999999999993
숭실대,10,AB,0,448.3761800945448,0,start,6,6,0,12.079800822492416,0,0,0,,0,true,14.4,14,0,13.4,0
숭실대,10,AB,5,448.3761800945448,0,start,6,6,0,21.962259785723973,0,0,0,,0,true,18.4,13,0,13.4,2.1499999999999773
숭실대,10,AB,10,448.3761800945448,0,start,6,6,0,39.94225978572397,0,0,0,,0,true,52.4,11,0,13.4,2.319999999999993
숭실대,10,AB,15,448.3761800945448,0,start,6,6,0,53.17011123310431,0,0,0,,0,true,81.4,11,0,13.4,3.319999999999993
숭실대,10,AC,0,448.3761800945448,0,start,6,6,0,12.079800822492416,0,0,0,,0,true,14.4,14,0,13.7,0
숭실대,10,AC,5,448.3761800945448,0,start,6,6,0,21.962259785723973,0,0,0,,0,true,18.4,13,0,13.7,2.1499999999999773
숭실대,10,AC,10,448.3761800945448,0,start,6,6,0,39.94225978572397,0,0,0,,0,true,52.4,11,0,13.7,2.3200000000000074
숭실대,10,AC,15,448.3761800945448,0,start,6,6,0,53.17011123310431,0,0,0,,0,true,81.4,11,0,13.7,3.3200000000000074
숭실대,10,BC,0,448.3761800945448,0,start,6,6,0,12.079800822492416,0,0,0,,0,true,14.4,14,0,13.4,0
숭실대,10,BC,5,448.3761800945448,0,start,6,6,0,21.962259785723973,0,0,0,,0,true,18.4,13,0,13.4,2.1499999999999773
숭실대,10,BC,10,448.3761800945448,0,start,6,6,0,39.94225978572397,0,0,0,,0,true,52.4,11,0,13.4,2.319999999999993
숭실대,10,BC,15,448.3761800945448,0,start,6,6,0,53.17011123310431,0,0,0,,0,true,81.4,11,0,13.4,3.319999999999993
숭실대,10,ABC,0,448.3761800945448,0,start,6,6,0,12.079800822492416,0,0,0,,0,true,14.4,14,0,14.3,0
숭실대,10,ABC,5,448.3761800945448,0,start,6,6,0,21.962259785723973,0,0,0,,0,true,18.4,13,0,14.3,2.1499999999999773
숭실대,10,ABC,10,448.3761800945448,0,start,6,6,0,39.94225978572397,0,0,0,,0,true,52.4,11,0,14.3,2.319999999999993
숭실대,10,ABC,15,448.3761800945448,0,start,6,6,0,53.17011123310431,0,0,0,,0,true,81.4,11,0,14.3,3.319999999999993
숭실대,11,최단,0,307.64599157756277,0,start,5,5,0,11.745224574813975,0,0,0,,0,true,14.6,11,0,8.3,5.449999999999999
숭실대,11,최단,5,307.64599157756277,0,start,5,5,0,13.219612305510395,0,0,0,,0,true,19.6,11,0,8.3,5.449999999999999
숭실대,11,최단,10,307.64599157756277,0,start,5,5,0,20.606062953711103,0,0,0,,0,true,65.6,9,0,8.3,5.449999999999999
숭실대,11,최단,15,307.64599157756277,0,start,5,5,0,23.995224574813978,0,0,0,,0,true,66.6,10,0,8.3,7.449999999999999
숭실대,11,A,0,307.64599157756277,0,start,5,5,0,11.745224574813975,0,0,0,,0,true,14.6,11,0,12.9,5.449999999999999
숭실대,11,A,5,307.64599157756277,0,start,5,5,0,13.219612305510395,0,0,0,,0,true,19.6,11,0,12.9,5.449999999999999
숭실대,11,A,10,307.64599157756277,0,start,5,5,0,20.606062953711103,0,0,0,,0,true,65.6,9,0,12.9,5.449999999999999
숭실대,11,A,15,307.64599157756277,0,start,5,5,0,23.995224574813978,0,0,0,,0,true,66.6,10,0,12.9,7.449999999999999
숭실대,11,B,0,307.64599157756277,0,start,5,5,0,11.745224574813975,0,0,0,,0,true,14.6,11,0,12.9,5.449999999999999
숭실대,11,B,5,307.64599157756277,0,start,5,5,0,13.219612305510395,0,0,0,,0,true,19.6,11,0,12.9,5.449999999999999
숭실대,11,B,10,307.64599157756277,0,start,5,5,0,20.606062953711103,0,0,0,,0,true,65.6,9,0,12.9,5.449999999999999
숭실대,11,B,15,307.64599157756277,0,start,5,5,0,23.995224574813978,0,0,0,,0,true,66.6,10,0,12.9,7.449999999999999
숭실대,11,C,0,307.64599157756277,0,start,5,5,0,11.745224574813982,0,0,0,,0,true,14.6,11,0,13.4,5.450000000000001
숭실대,11,C,5,307.64599157756277,0,start,5,5,0,13.219612305510395,0,0,0,,0,true,19.6,11,0,13.4,5.450000000000001
숭실대,11,C,10,307.64599157756277,0,start,5,5,0,20.6060629537111,0,0,0,,0,true,65.6,9,0,13.4,5.450000000000003
숭실대,11,C,15,307.64599157756277,0,start,5,5,0,23.995224574813975,0,0,0,,0,true,66.6,10,0,13.4,7.450000000000001
숭실대,11,AB,0,307.64599157756277,0,start,5,5,0,11.745224574813982,0,0,0,,0,true,14.6,11,0,13.4,5.450000000000001
숭실대,11,AB,5,307.64599157756277,0,start,5,5,0,13.219612305510395,0,0,0,,0,true,19.6,11,0,13.4,5.450000000000001
숭실대,11,AB,10,307.64599157756277,0,start,5,5,0,20.6060629537111,0,0,0,,0,true,65.6,9,0,13.4,5.450000000000003
숭실대,11,AB,15,307.64599157756277,0,start,5,5,0,23.995224574813975,0,0,0,,0,true,66.6,10,0,13.4,7.450000000000001
숭실대,11,AC,0,307.64599157756277,0,start,5,5,0,11.745224574813982,0,0,0,,0,true,14.6,11,0,13.7,5.450000000000001
숭실대,11,AC,5,307.64599157756277,0,start,5,5,0,13.219612305510395,0,0,0,,0,true,19.6,11,0,13.7,5.450000000000001
숭실대,11,AC,10,307.64599157756277,0,start,5,5,0,20.606062953711103,0,0,0,,0,true,65.6,9,0,13.7,5.450000000000001
숭실대,11,AC,15,307.64599157756277,0,start,5,5,0,23.995224574813978,0,0,0,,0,true,66.6,10,0,13.7,7.450000000000001
숭실대,11,BC,0,307.64599157756277,0,start,5,5,0,11.745224574813982,0,0,0,,0,true,14.6,11,0,13.4,5.450000000000001
숭실대,11,BC,5,307.64599157756277,0,start,5,5,0,13.219612305510395,0,0,0,,0,true,19.6,11,0,13.4,5.450000000000001
숭실대,11,BC,10,307.64599157756277,0,start,5,5,0,20.6060629537111,0,0,0,,0,true,65.6,9,0,13.4,5.450000000000003
숭실대,11,BC,15,307.64599157756277,0,start,5,5,0,23.995224574813975,0,0,0,,0,true,66.6,10,0,13.4,7.450000000000001
숭실대,11,ABC,0,307.64599157756277,0,start,5,5,0,11.745224574813975,0,0,0,,0,true,14.6,11,0,14.3,5.450000000000001
숭실대,11,ABC,5,307.64599157756277,0,start,5,5,0,13.219612305510395,0,0,0,,0,true,19.6,11,0,14.3,5.450000000000001
숭실대,11,ABC,10,307.64599157756277,0,start,5,5,0,20.6060629537111,0,0,0,,0,true,65.6,9,0,14.3,5.450000000000003
숭실대,11,ABC,15,307.64599157756277,0,start,5,5,0,23.995224574813975,0,0,0,,0,true,66.6,10,0,14.3,7.450000000000003
숭실대,12,최단,0,444.27923088784945,0,start,1,1,0,12.544740028884178,1,1,0,23.79687853174184,0,true,14.3,5,0,8.3,0
숭실대,12,최단,5,444.27923088784945,0,start,1,1,0,15.544740028884178,1,1,0,31.79687853174184,0,true,16.3,5,0,8.3,0
숭실대,12,최단,10,444.27923088784945,0,start,1,1,0,22.544740028884178,1,1,0,35.79687853174184,0,true,30.3,11,0,8.3,1.1500000000000057
숭실대,12,최단,15,444.27923088784945,0,start,1,1,0,38.54474002888418,1,1,0,36.79687853174184,0,true,30.3,9,0,8.3,4.469999999999999
숭실대,12,A,0,484.15669608419734,0,start,2,2,0,11.95062722275685,1,1,0,21.849456389613987,0,true,14.2,7,0,15.9,0
숭실대,12,A,5,484.15669608419734,0,start,2,2,0,8.730316812144963,1,1,0,21.849456389613987,0,true,14.2,7,0,15.9,2.1299999999999955
숭실대,12,A,10,484.15669608419734,0,start,2,2,0,61.93062722275687,1,1,0,21.849456389613987,0,true,23.2,5,0,15.9,0
숭실대,12,A,15,484.15669608419734,0,start,2,2,0,38.73031681214496,1,1,0,21.849456389613987,0,true,41.2,7,0,15.9,3.1499999999999773
숭실대,12,B,0,444.27923088784945,0,start,1,1,0,12.544740028884178,1,1,0,23.79687853174184,0,true,14.3,5,0,12.9,0
숭실대,12,B,5,444.27923088784945,0,start,1,1,0,15.544740028884178,1,1,0,31.79687853174184,0,true,16.3,5,0,12.9,0
숭실대,12,B,10,444.27923088784945,0,start,1,1,0,22.544740028884178,1,1,0,35.79687853174184,0,true,30.3,11,0,12.9,1.1500000000000057
숭실대,12,B,15,444.27923088784945,0,start,1,1,0,38.54474002888418,1,1,0,36.79687853174184,0,true,30.3,9,0,12.9,4.470000000000013
숭실대,12,C,0,484.3355595240236,0,start,4,4,0,12.210391317869096,0,0,0,,0,true,14.3,10,0,15.7,0
숭실대,12,C,5,484.3355595240236,0,start,4,4,0,13.210391317869096,0,0,0,,0,true,14.3,10,0,15.7,2.1299999999999955
숭실대,12,C,10,484.3355595240236,0,start,4,4,0,61.59346603253189,0,0,0,,0,true,23.3,8,0,15.9,1.1500000000000057
숭실대,12,C,15,484.3355595240236,0,start,4,4,0,41.060391317869104,0,0,0,,0,true,41.3,11,0,15.9,3.450000000000003
숭실대,12,AB,0,484.15669608419734,0,start,2,2,0,11.95062722275685,1,1,0,21.849456389613987,0,true,14.2,7,0,16.4,0
숭실대,12,AB,5,484.15669608419734,0,start,2,2,0,8.730316812144963,1,1,0,21.849456389613987,0,true,14.2,7,0,16.4,2.1299999999999955
숭실대,12,AB,10,484.15669608419734,0,start,2,2,0,61.93062722275687,1,1,0,21.849456389613987,0,true,23.2,5,0,16.4,0
숭실대,12,AB,15,484.15669608419734,0,start,2,2,0,38.73031681214496,1,1,0,21.849456389613987,0,true,41.2,7,0,16.4,3.1499999999999773
숭실대,12,AC,0,484.3355595240236,0,start,4,4,0,12.210391317869096,0,0,0,,0,true,14.3,10,0,19.3,0
숭실대,12,AC,5,484.3355595240236,0,start,4,4,0,13.210391317869096,0,0,0,,0,true,14.3,10,0,19.3,2.1299999999999955
숭실대,12,AC,10,484.3355595240236,0,start,4,4,0,61.59346603253189,0,0,0,,0,true,23.3,8,0,19.4,1.1500000000000057
숭실대,12,AC,15,484.3355595240236,0,start,4,4,0,41.06039131786909,0,0,0,,0,true,41.3,11,0,19.4,3.450000000000017
숭실대,12,BC,0,484.3355595240236,0,start,4,4,0,12.210391317869096,0,0,0,,0,true,14.3,10,0,15.7,0
숭실대,12,BC,5,484.3355595240236,0,start,4,4,0,13.210391317869096,0,0,0,,0,true,14.3,10,0,15.7,2.1299999999999955
숭실대,12,BC,10,484.3355595240236,0,start,4,4,0,61.59346603253189,0,0,0,,0,true,23.3,8,0,15.9,1.1500000000000057
숭실대,12,BC,15,484.3355595240236,0,start,4,4,0,41.060391317869104,0,0,0,,0,true,41.3,11,0,15.9,3.450000000000003
숭실대,12,ABC,0,484.3355595240236,0,start,4,4,0,12.210391317869096,0,0,0,,0,true,14.3,10,0,19.8,0
숭실대,12,ABC,5,484.3355595240236,0,start,4,4,0,13.210391317869096,0,0,0,,0,true,14.3,10,0,19.8,2.1299999999999955
숭실대,12,ABC,10,484.3355595240236,0,start,4,4,0,61.59346603253189,0,0,0,,0,true,23.3,8,0,20,1.1500000000000057
숭실대,12,ABC,15,484.3355595240236,0,start,4,4,0,41.060391317869104,0,0,0,,0,true,41.3,11,0,20,3.450000000000003
숭실대,13,최단,0,684.6448863380189,0,start,3,3,0,12.066332513444408,4,4,0,23.936127562646902,0,true,14.6,12,0,8.3,0
숭실대,13,최단,5,684.6448863380189,0,start,3,3,0,16.282661145954748,4,4,0,25.320660963065507,0,true,20.6,12,0,8.3,0
숭실대,13,최단,10,684.6448863380189,0,start,3,3,0,23.066332513444408,4,4,0,38.32804706174443,0,true,25.6,12,0,8.3,5.7999999999999545
숭실대,13,최단,15,684.6448863380189,2,start,1,1,0,25.066332513444408,0,0,0,,0,true,61.6,7,7,8.3,0.29999999999999716
숭실대,13,A,0,731.7198669410882,0,start,9,9,0,12.066332513444408,0,0,0,,0,true,14.7,20,0,15.9,2.1499999999999773
숭실대,13,A,5,731.7198669410882,0,start,9,9,0,14.066332513444408,0,0,0,,0,true,13.7,20,0,15.9,2.3000000000000114
숭실대,13,A,10,731.7198669410882,0,start,9,9,0,23.066332513444408,0,0,0,,0,true,35.7,19,0,15.9,4
숭실대,13,A,15,731.7198669410882,2,start,1,1,0,25.066332513444408,0,0,0,,0,true,66.7,10,9,15.9,0.29999999999999716
숭실대,13,B,0,691.6635383049138,0,start,8,8,0,12.066332513444408,1,1,0,24.181185948806274,0,true,14.7,19,0,16.3,2.1499999999999773
숭실대,13,B,5,691.6635383049138,0,start,8,8,0,16.282661145954748,1,1,0,31.181185948806274,0,true,26.7,19,0,16.3,2.3000000000000114
숭실대,13,B,10,691.6635383049138,0,start,8,8,0,24.282661145954748,1,1,0,34.181185948806274,0,true,27.7,18,0,16.3,4
숭실대,13,B,15,691.6635383049138,2,start,1,1,0,25.066332513444408,0,0,0,,0,true,60.7,12,7,16.3,2.319999999999993
숭실대,13,C,0,731.7198669410882,0,start,9,9,0,12.066332513444408,0,0,0,,0,true,14.7,20,0,15.7,2.1499999999999773
숭실대,13,C,5,731.7198669410882,0,start,9,9,0,14.066332513444408,0,0,0,,0,true,13.7,20,0,15.7,2.3000000000000114
숭실대,13,C,10,731.7198669410882,0,start,9,9,0,23.066332513444408,0,0,0,,0,true,35.7,19,0,15.7,4
숭실대,13,C,15,731.7198669410882,2,start,1,1,0,25.066332513444408,0,0,0,,0,true,66.7,10,9,15.7,0.29999999999999716
숭실대,13,AB,0,731.7198669410882,0,start,9,9,0,12.066332513444408,0,0,0,,0,true,14.7,20,0,20,2.1499999999999773
숭실대,13,AB,5,731.7198669410882,0,start,9,9,0,14.066332513444408,0,0,0,,0,true,13.7,20,0,20,2.3000000000000114
숭실대,13,AB,10,731.7198669410882,0,start,9,9,0,23.066332513444408,0,0,0,,0,true,35.7,19,0,20,4
숭실대,13,AB,15,731.7198669410882,2,start,1,1,0,25.066332513444408,0,0,0,,0,true,66.7,10,9,20,0.29999999999999716
숭실대,13,AC,0,731.7198669410882,0,start,9,9,0,12.066332513444408,0,0,0,,0,true,14.7,20,0,19.3,2.1499999999999773
숭실대,13,AC,5,731.7198669410882,0,start,9,9,0,14.066332513444408,0,0,0,,0,true,13.7,20,0,19.3,2.3000000000000114
숭실대,13,AC,10,731.7198669410882,0,start,9,9,0,23.066332513444408,0,0,0,,0,true,35.7,19,0,19.3,4
숭실대,13,AC,15,731.7198669410882,2,start,1,1,0,25.066332513444408,0,0,0,,0,true,66.7,10,9,19.3,0.29999999999999716
숭실대,13,BC,0,731.7198669410882,0,start,9,9,0,12.066332513444408,0,0,0,,0,true,14.7,20,0,19.3,2.1499999999999773
숭실대,13,BC,5,731.7198669410882,0,start,9,9,0,14.066332513444408,0,0,0,,0,true,13.7,20,0,19.3,2.3000000000000114
숭실대,13,BC,10,731.7198669410882,0,start,9,9,0,23.066332513444408,0,0,0,,0,true,35.7,19,0,19.3,4
숭실대,13,BC,15,731.7198669410882,2,start,1,1,0,25.066332513444408,0,0,0,,0,true,66.7,10,9,19.3,0.29999999999999716
숭실대,13,ABC,0,731.7198669410882,0,start,9,9,0,12.066332513444408,0,0,0,,0,true,14.7,20,0,23.3,2.1499999999999773
숭실대,13,ABC,5,731.7198669410882,0,start,9,9,0,14.066332513444408,0,0,0,,0,true,13.7,20,0,23.3,2.3000000000000114
숭실대,13,ABC,10,731.7198669410882,0,start,9,9,0,23.066332513444408,0,0,0,,0,true,35.7,19,0,23.3,4
숭실대,13,ABC,15,731.7198669410882,2,start,1,1,0,25.066332513444408,0,0,0,,0,true,66.7,10,9,23.3,0.29999999999999716
숭실대,14,최단,0,834.477842441838,0,start,2,2,0,12.205118676444954,8,8,0,25.03489706539068,0,true,14.5,14,0,8.3,0
숭실대,14,최단,5,834.477842441838,0,start,2,2,0,15.205118676444954,8,8,0,30.65809733270919,0,true,22.5,14,0,8.3,0
숭실대,14,최단,10,834.477842441838,0,start,2,2,0,25.978186928347498,8,8,0,36.16511867644488,0,true,25.5,14,0,8.3,0
숭실대,14,최단,15,834.477842441838,1,start,2,2,0,29.978186928347498,5,5,0,34.03489706539068,0,true,49.5,14,3,8.3,5.439999999999998
숭실대,14,A,0,874.2550881385931,0,start,5,5,0,12.009257370658673,2,2,0,27.291802234405793,0,true,14.3,14,0,15.2,0
숭실대,14,A,5,874.2550881385931,0,start,5,5,0,15.740456247958647,2,2,0,29.291802234405793,0,true,21.3,14,0,15.2,0
숭실대,14,A,10,874.2550881385931,0,start,5,5,0,21.740456247958647,2,2,0,29.291802234405793,0,true,59.3,13,0,15.2,2.8100000000000023
숭실대,14,A,15,874.2550881385931,0,start,5,5,0,33.46870886654074,2,2,0,40.29180223440579,0,true,64.3,12,0,15.2,3.150000000000002
숭실대,14,B,0,834.477842441838,0,start,2,2,0,12.205118676444954,8,8,0,25.03489706539068,0,true,14.5,14,0,12.9,0
숭실대,14,B,5,834.477842441838,0,start,2,2,0,15.205118676444954,8,8,0,30.65809733270919,0,true,22.5,14,0,12.9,0
숭실대,14,B,10,834.477842441838,0,start,2,2,0,25.978186928347498,8,8,0,36.16511867644488,0,true,25.5,14,0,12.9,0
숭실대,14,B,15,834.477842441838,1,start,2,2,0,29.978186928347498,5,5,0,34.03489706539068,0,true,49.5,14,3,12.9,5.439999999999998
숭실대,14,C,0,874.2550881385931,0,start,5,5,0,12.009257370658673,2,2,0,27.291802234405793,0,true,14.3,14,0,15.9,0
숭실대,14,C,5,874.2550881385931,0,start,5,5,0,15.740456247958647,2,2,0,29.291802234405793,0,true,21.3,14,0,15.9,0
숭실대,14,C,10,874.2550881385931,0,start,5,5,0,21.740456247958647,2,2,0,29.291802234405793,0,true,59.3,13,0,15.9,2.8100000000000023
숭실대,14,C,15,874.2550881385931,0,start,5,5,0,33.46870886654074,2,2,0,40.29180223440579,0,true,64.3,12,0,15.9,3.150000000000002
숭실대,14,AB,0,834.477842441838,0,start,2,2,0,12.205118676444954,8,8,0,25.03489706539068,0,true,14.5,14,0,13.4,0
숭실대,14,AB,5,834.477842441838,0,start,2,2,0,15.205118676444954,8,8,0,30.65809733270919,0,true,22.5,14,0,13.4,0
숭실대,14,AB,10,834.477842441838,0,start,2,2,0,25.978186928347498,8,8,0,36.16511867644488,0,true,25.5,14,0,13.4,0
숭실대,14,AB,15,834.477842441838,1,start,2,2,0,29.978186928347498,5,5,0,34.03489706539068,0,true,49.5,14,3,13.4,5.439999999999998
숭실대,14,AC,0,874.2550881385931,0,start,5,5,0,12.009257370658673,2,2,0,27.291802234405793,0,true,14.3,14,0,18.8,0
숭실대,14,AC,5,874.2550881385931,0,start,5,5,0,15.740456247958647,2,2,0,29.291802234405793,0,true,21.3,14,0,18.8,0
숭실대,14,AC,10,874.2550881385931,0,start,5,5,0,21.740456247958647,2,2,0,29.291802234405793,0,true,59.3,13,0,18.8,2.8100000000000023
숭실대,14,AC,15,874.2550881385931,0,start,5,5,0,33.46870886654074,2,2,0,40.29180223440579,0,true,64.3,12,0,18.8,3.1499999999999986
숭실대,14,BC,0,834.477842441838,0,start,2,2,0,12.205118676444954,8,8,0,25.03489706539068,0,true,14.5,14,0,13.4,0
숭실대,14,BC,5,834.477842441838,0,start,2,2,0,15.205118676444954,8,8,0,30.65809733270919,0,true,22.5,14,0,13.4,0
숭실대,14,BC,10,834.477842441838,0,start,2,2,0,25.978186928347498,8,8,0,36.16511867644488,0,true,25.5,14,0,13.4,0
숭실대,14,BC,15,834.477842441838,1,start,2,2,0,29.978186928347498,5,5,0,34.03489706539068,0,true,49.5,14,3,13.4,5.439999999999998
숭실대,14,ABC,0,834.477842441838,0,start,2,2,0,12.205118676444954,8,8,0,25.03489706539068,0,true,14.5,14,0,14.3,0
숭실대,14,ABC,5,834.477842441838,0,start,2,2,0,15.205118676444954,8,8,0,30.65809733270919,0,true,22.5,14,0,14.3,0
숭실대,14,ABC,10,834.477842441838,0,start,2,2,0,25.978186928347498,8,8,0,36.16511867644488,0,true,25.5,14,0,14.3,0
숭실대,14,ABC,15,834.477842441838,1,start,2,2,0,29.978186928347498,5,5,0,34.03489706539068,0,true,49.5,14,3,14.3,5.439999999999998
숭실대,15,최단,0,782.3219730413895,0,start,9,9,0,12.046541141730813,6,6,0,26.68761803105474,0,true,14.3,26,0,8.3,4.760000000000105
숭실대,15,최단,5,782.3219730413895,0,start,9,9,0,16.62791798679973,6,6,0,30.17108932243974,0,true,22.3,26,0,8.3,9.760000000000105
숭실대,15,최단,10,782.3219730413895,0,start,9,9,0,20.68791798679979,6,6,0,37.282643222963316,0,true,43.3,27,0,8.3,7.440000000000055
숭실대,15,최단,15,782.3219730413895,0,start,9,9,0,35.3875032099115,6,5,0,46.17108932243974,0,true,49.3,26,0,8.3,10.720000000000027
숭실대,15,A,0,852.00516017287,0,start,8,8,0,12.218780900817592,4,4,0,26.92712361459155,0,true,14,22,0,15.9,0
숭실대,15,A,5,852.00516017287,0,start,8,8,0,17.4176180310547,4,4,0,30.49654114173081,0,true,20,22,0,15.9,0
숭실대,15,A,10,852.00516017287,0,start,8,8,0,19.218780900817592,4,4,0,37.92712361459155,0,true,33,23,0,15.9,2.6799999999999997
숭실대,15,A,15,852.00516017287,0,start,8,8,0,42.4176180310547,4,3,0,46.17108932243974,0,true,34,20,0,15.9,2.6799999999999997
숭실대,15,B,0,947.8362896165436,0,start,5,5,0,11.885353364161972,6,6,0,26.42778176947536,0,true,14.8,18,0,23.1,0.12999999999999545
숭실대,15,B,5,947.8362896165436,0,start,5,5,0,16.07535336416197,6,6,0,31.01654450741478,0,true,16.8,18,0,23.1,1.1299999999999955
숭실대,15,B,10,947.8362896165436,1,start,0,0,0,,0,0,0,,0,true,16.8,5,13,23.1,0
숭실대,15,B,15,947.8362896165436,1,start,0,0,0,,0,0,0,,0,true,16.8,5,10,23.1,0
숭실대,15,C,0,972.4406096449005,0,start,3,3,0,11.885353364161972,1,1,0,26.477323740713132,0,true,14.4,9,0,16.1,0
숭실대,15,C,5,972.4406096449005,0,start,3,3,0,13.654230372848133,1,1,0,44.477323740713075,0,true,18.4,9,0,16.1,0.8299999999999841
숭실대,15,C,10,972.4406096449005,0,start,3,3,0,13.654230372848133,1,1,0,46.477323740713075,0,true,21.4,11,0,16.1,3.829999999999984
숭실대,15,C,15,972.4406096449005,0,start,3,3,0,53.86535336416199,1,1,0,51.477323740713075,0,true,22.4,9,0,16.1,2.6799999999999997
숭실대,15,AB,0,972.4406096449005,0,start,3,3,0,11.885353364161972,1,1,0,26.477323740713132,0,true,14.4,9,0,20.3,0
숭실대,15,AB,5,972.4406096449005,0,start,3,3,0,13.654230372848133,1,1,0,44.477323740713075,0,true,18.4,9,0,20.3,0.8299999999999841
숭실대,15,AB,10,972.4406096449005,0,start,3,3,0,13.654230372848133,1,1,0,46.477323740713075,0,true,21.4,11,0,20.3,3.829999999999984
숭실대,15,AB,15,972.4406096449005,0,start,3,3,0,53.86535336416199,1,1,0,51.477323740713075,0,true,22.4,9,0,20.3,2.6799999999999997
숭실대,15,AC,0,972.4406096449005,0,start,3,3,0,11.885353364161972,1,1,0,26.477323740713132,0,true,14.4,9,0,19.6,0
숭실대,15,AC,5,972.4406096449005,0,start,3,3,0,13.654230372848133,1,1,0,44.477323740713075,0,true,18.4,9,0,19.6,0.8299999999999841
숭실대,15,AC,10,972.4406096449005,0,start,3,3,0,13.654230372848133,1,1,0,46.477323740713075,0,true,21.4,11,0,19.6,3.829999999999984
숭실대,15,AC,15,972.4406096449005,0,start,3,3,0,53.86535336416199,1,1,0,51.477323740713075,0,true,22.4,9,0,19.6,2.6799999999999997
숭실대,15,BC,0,972.4406096449005,0,start,3,3,0,11.885353364161972,1,1,0,26.477323740713132,0,true,14.4,9,0,19.6,0
숭실대,15,BC,5,972.4406096449005,0,start,3,3,0,13.654230372848133,1,1,0,44.477323740713075,0,true,18.4,9,0,19.6,0.8299999999999841
숭실대,15,BC,10,972.4406096449005,0,start,3,3,0,13.654230372848133,1,1,0,46.477323740713075,0,true,21.4,11,0,19.6,3.829999999999984
숭실대,15,BC,15,972.4406096449005,0,start,3,3,0,53.86535336416199,1,1,0,51.477323740713075,0,true,22.4,9,0,19.6,2.6799999999999997
숭실대,15,ABC,0,972.4406096449005,0,start,3,3,0,11.885353364161972,1,1,0,26.477323740713132,0,true,14.4,9,0,23.6,0
숭실대,15,ABC,5,972.4406096449005,0,start,3,3,0,13.654230372848133,1,1,0,44.47732374071313,0,true,18.4,9,0,23.6,0.8299999999999841
숭실대,15,ABC,10,972.4406096449005,0,start,3,3,0,13.654230372848133,1,1,0,46.477323740713075,0,true,21.4,11,0,23.6,3.829999999999984
숭실대,15,ABC,15,972.4406096449005,0,start,3,3,0,53.86535336416199,1,1,0,51.477323740713075,0,true,22.4,9,0,23.6,2.6799999999999997
숭실대,16,최단,0,452.77736333393113,0,start,7,7,0,11.872872474965845,5,5,0,26.626479614981662,1,true,14.8,22,0,8.3,5.759999999999991
숭실대,16,최단,5,452.77736333393113,0,start,7,7,0,16.408176470531657,5,5,0,30.513308279341516,1,true,21.8,22,0,8.3,3.759999999999991
숭실대,16,최단,10,452.77736333393113,0,start,7,7,0,23.872872474965845,5,5,0,37.83330827934151,1,true,23.8,22,0,8.3,9.740000000000009
숭실대,16,최단,15,452.77736333393113,0,start,7,7,0,37.08330827934151,5,5,0,44.83330827934151,1,true,44.8,21,0,8.3,7.439999999999998
숭실대,16,A,0,522.4605504654119,0,start,6,6,0,12.535776287295306,3,3,0,27.546773662586318,1,true,14.5,18,0,15.9,0
숭실대,16,A,5,522.4605504654119,0,start,6,6,0,17.535776287295306,3,3,0,39.54677366258633,1,true,14.5,18,0,15.9,2.1299999999999955
숭실대,16,A,10,522.4605504654119,0,start,6,6,0,28.674171193359427,3,3,0,40.54677366258633,1,true,52.5,18,0,15.9,2.1299999999999955
숭실대,16,A,15,522.4605504654119,0,start,6,6,0,66.17577628729529,3,3,0,48.54677366258632,1,true,70.5,15,0,15.9,5.490000000000009
숭실대,16,B,0,556.5943875393388,0,start,10,10,0,12.034091569862653,3,3,0,27.546773662586318,1,true,14.6,26,0,16.4,4.760000000000048
숭실대,16,B,5,556.5943875393388,0,start,10,10,0,18.900332484749015,3,3,0,26.65033248474907,1,true,21.6,26,0,16.4,7.439999999999998
숭실대,16,B,10,556.5943875393388,0,start,10,10,0,26.034091569862653,3,3,0,28.65033248474907,1,true,46.6,26,0,16.4,8.760000000000048
숭실대,16,B,15,556.5943875393388,0,start,10,10,0,42.43049534414013,3,3,0,48.54677366258632,1,true,47.6,24,0,16.4,9.740000000000009
숭실대,16,C,0,522.4605504654119,0,start,6,6,0,12.535776287295306,3,3,0,27.546773662586318,1,true,14.5,18,0,15.7,0
숭실대,16,C,5,522.4605504654119,0,start,6,6,0,17.535776287295306,3,3,0,39.54677366258633,1,true,14.5,18,0,15.7,2.1299999999999955
숭실대,16,C,10,522.4605504654119,0,start,6,6,0,28.674171193359427,3,3,0,40.54677366258633,1,true,52.5,18,0,15.7,2.1299999999999955
숭실대,16,C,15,522.4605504654119,0,start,6,6,0,66.17577628729529,3,3,0,48.54677366258632,1,true,70.5,15,0,15.7,5.490000000000009
숭실대,16,AB,0,556.8600785117242,0,start,8,8,0,12.06883592857065,2,2,0,27.546773662586332,1,true,14.9,21,0,20.1,2.1299999999999955
숭실대,16,AB,5,556.8600785117242,0,start,8,8,0,18.40023020315209,2,2,0,39.54677366258633,1,true,20.9,21,0,20.1,4.939999999999998
숭실대,16,AB,10,556.8600785117242,0,start,8,8,0,26.034091569862653,2,2,0,40.54677366258633,1,true,46.9,21,0,20.1,5.960000000000008
숭실대,16,AB,15,556.8600785117242,0,start,8,8,0,42.43049534414013,2,2,0,48.54677366258632,1,true,47.9,20,0,20.1,5.490000000000009
숭실대,16,AC,0,522.4605504654119,0,start,6,6,0,12.535776287295306,3,3,0,27.546773662586318,1,true,14.5,18,0,19.3,0
숭실대,16,AC,5,522.4605504654119,0,start,6,6,0,17.535776287295306,3,3,0,39.54677366258633,1,true,14.5,18,0,19.3,2.1299999999999955
숭실대,16,AC,10,522.4605504654119,0,start,6,6,0,28.674171193359427,3,3,0,40.54677366258633,1,true,52.5,18,0,19.3,2.1299999999999955
숭실대,16,AC,15,522.4605504654119,0,start,6,6,0,66.17577628729529,3,3,0,48.54677366258632,1,true,70.5,15,0,19.3,5.490000000000009
숭실대,16,BC,0,556.8600785117242,0,start,8,8,0,12.06883592857065,2,2,0,27.546773662586332,1,true,14.9,21,0,19.4,2.1299999999999955
숭실대,16,BC,5,556.8600785117242,0,start,8,8,0,18.40023020315209,2,2,0,39.54677366258633,1,true,20.9,21,0,19.4,4.939999999999998
숭실대,16,BC,10,556.8600785117242,0,start,8,8,0,26.034091569862653,2,2,0,40.54677366258633,1,true,46.9,21,0,19.4,5.960000000000008
숭실대,16,BC,15,556.8600785117242,0,start,8,8,0,42.43049534414013,2,2,0,48.54677366258632,1,true,47.9,20,0,19.4,5.490000000000009
숭실대,16,ABC,0,556.8600785117242,0,start,8,8,0,12.06883592857065,2,2,0,27.546773662586332,1,true,14.9,21,0,23.5,2.1299999999999955
숭실대,16,ABC,5,556.8600785117242,0,start,8,8,0,18.40023020315209,2,2,0,39.54677366258633,1,true,20.9,21,0,23.5,4.939999999999998
숭실대,16,ABC,10,556.8600785117242,0,start,8,8,0,26.034091569862653,2,2,0,40.54677366258633,1,true,46.9,21,0,23.5,5.960000000000008
숭실대,16,ABC,15,556.8600785117242,0,start,8,8,0,42.43049534414013,2,2,0,48.54677366258632,1,true,47.9,20,0,23.5,5.490000000000009
숭실대,17,최단,0,796.9154945336659,0,start,7,7,0,12.163870644857212,5,5,0,27.595095103338224,0,true,14.9,21,0,8.3,0
숭실대,17,최단,5,796.9154945336659,0,start,7,7,0,13.619115261613501,5,5,0,27.595095103338224,0,true,16.9,20,0,8.3,1.6800000000000068
숭실대,17,최단,10,796.9154945336659,0,start,7,7,0,26.325565909814088,5,4,0,55.595095103338224,0,true,26.9,18,0,8.3,2.319999999999993
숭실대,17,최단,15,796.9154945336659,0,start,7,7,0,27.6191152616135,5,5,0,53.55509510333823,0,true,41.9,19,0,8.3,3.1499999999999773
숭실대,17,A,0,796.9154945336659,0,start,7,7,0,12.163870644857212,5,5,0,27.595095103338224,0,true,14.9,21,0,12.9,0
숭실대,17,A,5,796.9154945336659,0,start,7,7,0,13.619115261613501,5,5,0,27.595095103338224,0,true,16.9,20,0,12.9,1.6800000000000068
숭실대,17,A,10,796.9154945336659,0,start,7,7,0,26.325565909814088,5,4,0,55.595095103338224,0,true,26.9,18,0,12.9,2.3200000000000074
숭실대,17,A,15,796.9154945336659,0,start,7,7,0,27.6191152616135,5,5,0,53.55509510333823,0,true,41.9,19,0,12.9,3.1499999999999773
숭실대,17,B,0,796.9154945336659,0,start,7,7,0,12.163870644857212,5,5,0,27.595095103338224,0,true,14.9,21,0,12.9,0
숭실대,17,B,5,796.9154945336659,0,start,7,7,0,13.619115261613501,5,5,0,27.595095103338224,0,true,16.9,20,0,12.9,1.6800000000000068
숭실대,17,B,10,796.9154945336659,0,start,7,7,0,26.325565909814088,5,4,0,55.595095103338224,0,true,26.9,18,0,12.9,2.3200000000000074
숭실대,17,B,15,796.9154945336659,0,start,7,7,0,27.6191152616135,5,5,0,53.55509510333823,0,true,41.9,19,0,12.9,3.1499999999999773
숭실대,17,C,0,796.9154945336659,0,start,7,7,0,12.163870644857212,5,5,0,27.595095103338224,0,true,14.9,21,0,13.4,0
숭실대,17,C,5,796.9154945336659,0,start,7,7,0,13.619115261613501,5,5,0,27.595095103338224,0,true,16.9,20,0,13.4,1.6800000000000068
숭실대,17,C,10,796.9154945336659,0,start,7,7,0,26.325565909814088,5,4,0,55.595095103338224,0,true,26.9,18,0,13.4,2.319999999999993
숭실대,17,C,15,796.9154945336659,0,start,7,7,0,27.6191152616135,5,5,0,53.55509510333823,0,true,41.9,19,0,13.4,3.1499999999999773
숭실대,17,AB,0,796.9154945336659,0,start,7,7,0,12.163870644857212,5,5,0,27.595095103338224,0,true,14.9,21,0,13.4,0
숭실대,17,AB,5,796.9154945336659,0,start,7,7,0,13.619115261613501,5,5,0,27.595095103338224,0,true,16.9,20,0,13.4,1.6800000000000068
숭실대,17,AB,10,796.9154945336659,0,start,7,7,0,26.325565909814088,5,4,0,55.595095103338224,0,true,26.9,18,0,13.4,2.319999999999993
숭실대,17,AB,15,796.9154945336659,0,start,7,7,0,27.6191152616135,5,5,0,53.55509510333823,0,true,41.9,19,0,13.4,3.1499999999999773
숭실대,17,AC,0,796.9154945336659,0,start,7,7,0,12.163870644857212,5,5,0,27.595095103338224,0,true,14.9,21,0,13.7,0
숭실대,17,AC,5,796.9154945336659,0,start,7,7,0,13.619115261613501,5,5,0,27.595095103338224,0,true,16.9,20,0,13.7,1.6800000000000068
숭실대,17,AC,10,796.9154945336659,0,start,7,7,0,26.325565909814088,5,4,0,55.595095103338224,0,true,26.9,18,0,13.7,2.3200000000000074
숭실대,17,AC,15,796.9154945336659,0,start,7,7,0,27.6191152616135,5,5,0,53.55509510333823,0,true,41.9,19,0,13.7,3.1499999999999773
숭실대,17,BC,0,796.9154945336659,0,start,7,7,0,12.163870644857212,5,5,0,27.595095103338224,0,true,14.9,21,0,13.4,0
숭실대,17,BC,5,796.9154945336659,0,start,7,7,0,13.619115261613501,5,5,0,27.595095103338224,0,true,16.9,20,0,13.4,1.6800000000000068
숭실대,17,BC,10,796.9154945336659,0,start,7,7,0,26.325565909814088,5,4,0,55.595095103338224,0,true,26.9,18,0,13.4,2.319999999999993
숭실대,17,BC,15,796.9154945336659,0,start,7,7,0,27.6191152616135,5,5,0,53.55509510333823,0,true,41.9,19,0,13.4,3.1499999999999773
숭실대,17,ABC,0,796.9154945336659,0,start,7,7,0,12.163870644857212,5,5,0,27.595095103338224,0,true,14.9,21,0,14.3,0
숭실대,17,ABC,5,796.9154945336659,0,start,7,7,0,13.619115261613501,5,5,0,27.595095103338224,0,true,16.9,20,0,14.3,1.6800000000000068
숭실대,17,ABC,10,796.9154945336659,0,start,7,7,0,26.325565909814088,5,4,0,55.595095103338224,0,true,26.9,18,0,14.3,2.319999999999993
숭실대,17,ABC,15,796.9154945336659,0,start,7,7,0,27.6191152616135,5,5,0,53.55509510333823,0,true,41.9,19,0,14.3,3.1499999999999773
숭실대,18,최단,0,256.9541697868586,0,start,3,3,0,12.630678661932137,1,1,0,24.10501781772024,0,true,15,9,0,8.3,4.400000000000006
숭실대,18,최단,5,256.9541697868586,0,start,3,3,0,15.65779051480618,1,1,0,32.10501781772024,0,true,18,9,0,8.3,0
숭실대,18,최단,10,256.9541697868586,0,start,3,3,0,26.630678661932137,1,1,0,41.10501781772024,0,true,53,8,0,8.3,0
숭실대,18,최단,15,256.9541697868586,0,start,3,3,0,27.527790514806185,1,1,0,41.10501781772024,0,true,56,8,0,8.3,5.400000000000006
숭실대,18,A,0,256.9541697868586,0,start,3,3,0,12.630678661932137,1,1,0,24.10501781772024,0,true,15,9,0,12.9,4.400000000000006
숭실대,18,A,5,256.9541697868586,0,start,3,3,0,15.65779051480618,1,1,0,32.10501781772024,0,true,18,9,0,12.9,0
숭실대,18,A,10,256.9541697868586,0,start,3,3,0,26.630678661932137,1,1,0,41.10501781772024,0,true,53,8,0,12.9,0
숭실대,18,A,15,256.9541697868586,0,start,3,3,0,27.527790514806185,1,1,0,41.10501781772024,0,true,56,8,0,12.9,5.400000000000006
숭실대,18,B,0,256.9541697868586,0,start,3,3,0,12.630678661932137,1,1,0,24.10501781772024,0,true,15,9,0,12.9,4.400000000000006
숭실대,18,B,5,256.9541697868586,0,start,3,3,0,15.65779051480618,1,1,0,32.10501781772024,0,true,18,9,0,12.9,0
숭실대,18,B,10,256.9541697868586,0,start,3,3,0,26.630678661932137,1,1,0,41.10501781772024,0,true,53,8,0,12.9,0
숭실대,18,B,15,256.9541697868586,0,start,3,3,0,27.527790514806185,1,1,0,41.10501781772024,0,true,56,8,0,12.9,5.400000000000006
숭실대,18,C,0,256.9541697868586,0,start,3,3,0,12.630678661932137,1,1,0,24.10501781772024,0,true,15,9,0,13.4,4.400000000000006
숭실대,18,C,5,256.9541697868586,0,start,3,3,0,15.65779051480618,1,1,0,32.10501781772024,0,true,18,9,0,13.4,0
숭실대,18,C,10,256.9541697868586,0,start,3,3,0,26.630678661932137,1,1,0,41.10501781772024,0,true,53,8,0,13.4,0
숭실대,18,C,15,256.9541697868586,0,start,3,3,0,27.527790514806185,1,1,0,41.10501781772024,0,true,56,8,0,13.4,5.400000000000006
숭실대,18,AB,0,256.9541697868586,0,start,3,3,0,12.630678661932137,1,1,0,24.10501781772024,0,true,15,9,0,13.4,4.400000000000006
숭실대,18,AB,5,256.9541697868586,0,start,3,3,0,15.65779051480618,1,1,0,32.10501781772024,0,true,18,9,0,13.4,0
숭실대,18,AB,10,256.9541697868586,0,start,3,3,0,26.630678661932137,1,1,0,41.10501781772024,0,true,53,8,0,13.4,0
숭실대,18,AB,15,256.9541697868586,0,start,3,3,0,27.527790514806185,1,1,0,41.10501781772024,0,true,56,8,0,13.4,5.400000000000006
숭실대,18,AC,0,256.9541697868586,0,start,3,3,0,12.630678661932137,1,1,0,24.10501781772024,0,true,15,9,0,13.7,4.400000000000006
숭실대,18,AC,5,256.9541697868586,0,start,3,3,0,15.65779051480618,1,1,0,32.10501781772024,0,true,18,9,0,13.7,0
숭실대,18,AC,10,256.9541697868586,0,start,3,3,0,26.630678661932137,1,1,0,41.10501781772024,0,true,53,8,0,13.7,0
숭실대,18,AC,15,256.9541697868586,0,start,3,3,0,27.527790514806185,1,1,0,41.10501781772024,0,true,56,8,0,13.7,5.400000000000006
숭실대,18,BC,0,256.9541697868586,0,start,3,3,0,12.630678661932137,1,1,0,24.10501781772024,0,true,15,9,0,13.4,4.400000000000006
숭실대,18,BC,5,256.9541697868586,0,start,3,3,0,15.65779051480618,1,1,0,32.10501781772024,0,true,18,9,0,13.4,0
숭실대,18,BC,10,256.9541697868586,0,start,3,3,0,26.630678661932137,1,1,0,41.10501781772024,0,true,53,8,0,13.4,0
숭실대,18,BC,15,256.9541697868586,0,start,3,3,0,27.527790514806185,1,1,0,41.10501781772024,0,true,56,8,0,13.4,5.400000000000006
숭실대,18,ABC,0,256.9541697868586,0,start,3,3,0,12.630678661932137,1,1,0,24.10501781772024,0,true,15,9,0,14.3,4.400000000000006
숭실대,18,ABC,5,256.9541697868586,0,start,3,3,0,15.65779051480618,1,1,0,32.10501781772024,0,true,18,9,0,14.3,0
숭실대,18,ABC,10,256.9541697868586,0,start,3,3,0,26.630678661932137,1,1,0,41.10501781772024,0,true,53,8,0,14.3,0
숭실대,18,ABC,15,256.9541697868586,0,start,3,3,0,27.527790514806185,1,1,0,41.10501781772024,0,true,56,8,0,14.3,5.400000000000006
숭실대,19,최단,0,275.4027195556744,0,start,6,6,0,12.196650694233938,2,2,0,27.04535009006365,0,true,14.4,16,0,8.3,3.4000000000000057
숭실대,19,최단,5,275.4027195556744,0,start,6,6,0,15.01520141874866,2,2,0,50.42356758653611,0,true,17.4,16,0,8.3,5.530000000000001
숭실대,19,최단,10,275.4027195556744,0,start,6,6,1,25.079228430748003,2,2,0,63.553567586536104,0,true,17.4,14,0,8.3,5.400000000000006
숭실대,19,최단,15,275.4027195556744,0,start,6,6,1,27.079228430748003,2,2,0,63.553567586536104,0,true,27.4,15,0,8.3,5.83
숭실대,19,A,0,281.9450103618863,0,start,4,4,0,12.738941500445833,1,1,0,27.045350090063646,0,true,14.9,11,0,15.9,0.15000000000000213
숭실대,19,A,5,281.9450103618863,0,start,4,4,0,20.738941500445833,1,1,0,30.19535009006365,0,true,21.9,11,0,15.9,2.6799999999999997
숭실대,19,A,10,281.9450103618863,0,start,4,4,1,27.518631089833946,1,1,0,30.19535009006365,0,true,23.9,10,0,15.9,2.6799999999999997
숭실대,19,A,15,281.9450103618863,0,start,4,4,1,28.518631089833946,1,1,0,30.19535009006365,0,true,23.9,11,0,15.9,2.6799999999999997
숭실대,19,B,0,275.4027195556744,0,start,6,6,0,12.196650694233938,2,2,0,27.04535009006365,0,true,14.4,16,0,12.9,3.4000000000000057
숭실대,19,B,5,275.4027195556744,0,start,6,6,0,15.01520141874866,2,2,0,50.42356758653611,0,true,17.4,16,0,12.9,5.530000000000001
숭실대,19,B,10,275.4027195556744,0,start,6,6,1,25.079228430748003,2,2,0,63.553567586536104,0,true,17.4,14,0,12.9,5.400000000000006
숭실대,19,B,15,275.4027195556744,0,start,6,6,1,27.079228430748003,2,2,0,63.553567586536104,0,true,27.4,15,0,12.9,5.829999999999998
숭실대,19,C,0,281.9450103618863,0,start,4,4,0,12.738941500445833,1,1,0,27.04535009006365,0,true,14.9,11,0,15.7,0.14999999999999858
숭실대,19,C,5,281.9450103618863,0,start,4,4,0,20.738941500445833,1,1,0,30.19535009006365,0,true,21.9,11,0,15.7,2.6799999999999997
숭실대,19,C,10,281.9450103618863,0,start,4,4,1,27.518631089833946,1,1,0,30.19535009006365,0,true,23.9,10,0,15.7,2.6799999999999997
숭실대,19,C,15,281.9450103618863,0,start,4,4,1,28.518631089833946,1,1,0,30.19535009006365,0,true,23.9,11,0,15.7,2.6799999999999997
숭실대,19,AB,0,281.9450103618863,0,start,4,4,0,12.738941500445833,1,1,0,27.04535009006365,0,true,14.9,11,0,16.4,0.14999999999999858
숭실대,19,AB,5,281.9450103618863,0,start,4,4,0,20.738941500445833,1,1,0,30.19535009006365,0,true,21.9,11,0,16.4,2.6799999999999997
숭실대,19,AB,10,281.9450103618863,0,start,4,4,1,27.518631089833946,1,1,0,30.19535009006365,0,true,23.9,10,0,16.4,2.6799999999999997
숭실대,19,AB,15,281.9450103618863,0,start,4,4,1,28.518631089833946,1,1,0,30.19535009006365,0,true,23.9,11,0,16.4,2.6799999999999997
숭실대,19,AC,0,281.9450103618863,0,start,4,4,0,12.738941500445833,1,1,0,27.04535009006365,0,true,14.9,11,0,19.3,0.14999999999999858
숭실대,19,AC,5,281.9450103618863,0,start,4,4,0,20.738941500445833,1,1,0,30.19535009006365,0,true,21.9,11,0,19.3,2.6799999999999997
숭실대,19,AC,10,281.9450103618863,0,start,4,4,1,27.518631089833946,1,1,0,30.19535009006365,0,true,23.9,10,0,19.3,2.6799999999999997
숭실대,19,AC,15,281.9450103618863,0,start,4,4,1,28.518631089833946,1,1,0,30.19535009006365,0,true,23.9,11,0,19.3,2.6799999999999997
숭실대,19,BC,0,281.9450103618863,0,start,4,4,0,12.738941500445833,1,1,0,27.04535009006365,0,true,14.9,11,0,15.7,0.14999999999999858
숭실대,19,BC,5,281.9450103618863,0,start,4,4,0,20.738941500445833,1,1,0,30.19535009006365,0,true,21.9,11,0,15.7,2.6799999999999997
숭실대,19,BC,10,281.9450103618863,0,start,4,4,1,27.518631089833946,1,1,0,30.19535009006365,0,true,23.9,10,0,15.7,2.6799999999999997
숭실대,19,BC,15,281.9450103618863,0,start,4,4,1,28.518631089833946,1,1,0,30.19535009006365,0,true,23.9,11,0,15.7,2.6799999999999997
숭실대,19,ABC,0,281.9450103618863,0,start,4,4,0,12.738941500445833,1,1,0,27.04535009006365,0,true,14.9,11,0,19.8,0.14999999999999858
숭실대,19,ABC,5,281.9450103618863,0,start,4,4,0,20.738941500445833,1,1,0,30.19535009006365,0,true,21.9,11,0,19.8,2.6799999999999997
숭실대,19,ABC,10,281.9450103618863,0,start,4,4,1,27.518631089833946,1,1,0,30.19535009006365,0,true,23.9,10,0,19.8,2.6799999999999997
숭실대,19,ABC,15,281.9450103618863,0,start,4,4,1,28.518631089833946,1,1,0,30.19535009006365,0,true,23.9,11,0,19.8,2.6799999999999997
숭실대,20,최단,0,302.64072484296906,0,start,2,2,0,11.90623398400379,1,1,0,24.158372486861495,0,true,14.6,6,0,8.3,0
숭실대,20,최단,5,302.64072484296906,0,start,2,2,0,12.90623398400379,1,1,0,24.158372486861495,0,true,26.6,6,0,8.3,0
숭실대,20,최단,10,302.64072484296906,0,start,2,1,0,12.90623398400379,1,1,0,24.158372486861495,0,true,27.6,8,1,8.3,3.3200000000000003
숭실대,20,최단,15,302.64072484296906,0,start,2,1,0,49.90623398400379,1,1,0,24.158372486861495,0,true,27.6,9,0,8.3,3.4700000000000006
숭실대,20,A,0,342.6970534791433,0,start,3,3,0,12.104959987651526,0,0,0,,0,true,14.7,8,0,15.9,0
숭실대,20,A,5,342.6970534791433,0,start,3,3,0,9.104959987651526,0,0,0,,0,true,18.7,8,0,15.9,1.1299999999999955
숭실대,20,A,10,342.6970534791433,1,start,1,0,0,,0,0,0,,0,true,63.7,10,0,15.9,3.3200000000000003
숭실대,20,A,15,342.6970534791433,0,start,3,2,0,34.270674207090906,0,0,0,,0,true,64.7,11,0,15.9,4.770000000000003
숭실대,20,B,0,302.64072484296906,0,start,2,2,0,11.90623398400379,1,1,0,24.158372486861495,0,true,14.6,6,0,12.9,0
숭실대,20,B,5,302.64072484296906,0,start,2,2,0,12.90623398400379,1,1,0,24.158372486861495,0,true,26.6,6,0,12.9,0
숭실대,20,B,10,302.64072484296906,0,start,2,1,0,12.90623398400379,1,1,0,24.158372486861495,0,true,27.6,8,1,12.9,3.3200000000000003
숭실대,20,B,15,302.64072484296906,0,start,2,1,0,49.90623398400379,1,1,0,24.158372486861495,0,true,27.6,9,0,12.9,3.469999999999999
숭실대,20,C,0,342.6970534791433,0,start,3,3,0,12.104959987651526,0,0,0,,0,true,14.7,8,0,15.7,0
숭실대,20,C,5,342.6970534791433,0,start,3,3,0,9.104959987651526,0,0,0,,0,true,18.7,8,0,15.7,1.1299999999999955
숭실대,20,C,10,342.6970534791433,1,start,1,0,0,,0,0,0,,0,true,63.7,10,0,15.7,3.3200000000000003
숭실대,20,C,15,342.6970534791433,0,start,3,2,0,34.270674207090906,0,0,0,,0,true,64.7,11,0,15.7,4.77
숭실대,20,AB,0,342.6970534791433,0,start,3,3,0,12.104959987651526,0,0,0,,0,true,14.7,8,0,16.4,0
숭실대,20,AB,5,342.6970534791433,0,start,3,3,0,9.104959987651526,0,0,0,,0,true,18.7,8,0,16.4,1.1299999999999955
숭실대,20,AB,10,342.6970534791433,1,start,1,0,0,,0,0,0,,0,true,63.7,10,0,16.4,3.3200000000000003
숭실대,20,AB,15,342.6970534791433,0,start,3,2,0,34.270674207090906,0,0,0,,0,true,64.7,11,0,16.4,4.77
숭실대,20,AC,0,342.6970534791433,0,start,3,3,0,12.104959987651526,0,0,0,,0,true,14.7,8,0,19.3,0
숭실대,20,AC,5,342.6970534791433,0,start,3,3,0,9.104959987651526,0,0,0,,0,true,18.7,8,0,19.3,1.1299999999999955
숭실대,20,AC,10,342.6970534791433,1,start,1,0,0,,0,0,0,,0,true,63.7,10,0,19.3,3.3200000000000003
숭실대,20,AC,15,342.6970534791433,0,start,3,2,0,34.270674207090906,0,0,0,,0,true,64.7,11,0,19.3,4.77
숭실대,20,BC,0,342.6970534791433,0,start,3,3,0,12.104959987651526,0,0,0,,0,true,14.7,8,0,15.7,0
숭실대,20,BC,5,342.6970534791433,0,start,3,3,0,9.104959987651526,0,0,0,,0,true,18.7,8,0,15.7,1.1299999999999955
숭실대,20,BC,10,342.6970534791433,1,start,1,0,0,,0,0,0,,0,true,63.7,10,0,15.7,3.3200000000000003
숭실대,20,BC,15,342.6970534791433,0,start,3,2,0,34.270674207090906,0,0,0,,0,true,64.7,11,0,15.7,4.77
숭실대,20,ABC,0,342.6970534791433,0,start,3,3,0,12.104959987651526,0,0,0,,0,true,14.7,8,0,19.8,0
숭실대,20,ABC,5,342.6970534791433,0,start,3,3,0,9.104959987651526,0,0,0,,0,true,18.7,8,0,19.8,1.1299999999999955
숭실대,20,ABC,10,342.6970534791433,1,start,1,0,0,,0,0,0,,0,true,63.7,10,0,19.8,3.3200000000000003
숭실대,20,ABC,15,342.6970534791433,0,start,3,2,0,34.270674207090906,0,0,0,,0,true,64.7,11,0,19.8,4.77
숭실대,21,최단,0,549.959504235471,0,start,3,3,0,11.71533113592725,6,6,0,26.905278860517683,1,true,15,15,0,8.3,2.34
숭실대,21,최단,5,549.959504235471,0,start,3,3,0,14.245278860517658,6,6,0,28.905278860517683,1,true,20,15,0,8.3,6.969999999999999
숭실대,21,최단,10,549.959504235471,0,start,3,3,0,16.66010725114492,6,6,0,32.46866040287799,1,true,27,13,0,8.3,8.800000000000011
숭실대,21,최단,15,549.959504235471,0,start,3,3,0,32.90527886051768,6,6,0,52.03527886051768,1,true,37,13,0,8.3,2.339999999999975
숭실대,21,A,0,650.4372901392816,0,start,10,10,0,12.38912207060119,3,3,0,26.932569049307375,1,true,14.4,26,0,16.1,2.6799999999999997
숭실대,21,A,5,650.4372901392816,0,start,10,10,0,11.71533113592725,3,3,0,27.07256904930739,1,true,21.4,26,0,16.1,2.6799999999999997
숭실대,21,A,10,650.4372901392816,1,start,5,5,0,28.61698432201962,3,3,0,35.932569049307375,1,true,24.4,18,10,16.1,1.3400000000000034
숭실대,21,A,15,650.4372901392816,1,start,5,5,0,37.38912207060119,3,3,0,39.07256904930739,1,true,72.4,18,7,16.1,2.3400000000000034
숭실대,21,B,0,549.959504235471,0,start,3,3,0,11.71533113592725,6,6,0,26.905278860517683,1,true,15,15,0,12.9,2.34
숭실대,21,B,5,549.959504235471,0,start,3,3,0,14.245278860517658,6,6,0,28.905278860517683,1,true,20,15,0,12.9,6.969999999999999
숭실대,21,B,10,549.959504235471,0,start,3,3,0,16.66010725114492,6,6,0,32.46866040287799,1,true,27,13,0,12.9,8.800000000000011
숭실대,21,B,15,549.959504235471,0,start,3,3,0,32.90527886051768,6,6,0,52.03527886051768,1,true,37,13,0,12.9,2.339999999999975
숭실대,21,C,0,711.0306889495056,0,start,9,9,0,12.170772635062178,1,1,0,27.001691427407877,1,true,14,22,0,16.1,2.6799999999999997
숭실대,21,C,5,711.0306889495056,0,start,9,9,0,14.438595458013765,1,1,0,78.00169142740788,1,true,14,21,0,16.1,3.280000000000001
숭실대,21,C,10,711.0306889495056,0,start,9,9,0,20.033635470362242,1,1,0,78.00169142740788,1,true,42,20,0,16.1,2.6799999999999997
숭실대,21,C,15,711.0306889495056,1,start,1,1,0,37.11169142740788,0,0,0,,1,true,43,16,8,16.1,4
숭실대,21,AB,0,650.4372901392816,0,start,10,10,0,12.38912207060119,3,3,0,26.932569049307375,1,true,14.4,26,0,20.1,2.6799999999999997
숭실대,21,AB,5,650.4372901392816,0,start,10,10,0,11.71533113592725,3,3,0,27.07256904930739,1,true,21.4,26,0,20.1,2.6799999999999997
숭실대,21,AB,10,650.4372901392816,1,start,5,5,0,28.61698432201962,3,3,0,35.932569049307375,1,true,24.4,18,10,20.1,1.3400000000000034
숭실대,21,AB,15,650.4372901392816,1,start,5,5,0,37.38912207060119,3,3,0,39.07256904930739,1,true,72.4,18,7,20.1,2.3400000000000034
숭실대,21,AC,0,711.0306889495056,0,start,9,9,0,12.170772635062178,1,1,0,27.001691427407877,1,true,14,22,0,19.6,2.6799999999999997
숭실대,21,AC,5,711.0306889495056,0,start,9,9,0,14.438595458013765,1,1,0,78.00169142740788,1,true,14,21,0,19.6,3.280000000000001
숭실대,21,AC,10,711.0306889495056,0,start,9,9,0,20.033635470362242,1,1,0,78.00169142740788,1,true,42,20,0,19.6,2.6799999999999997
숭실대,21,AC,15,711.0306889495056,1,start,1,1,0,37.11169142740788,0,0,0,,1,true,43,16,8,19.6,4
숭실대,21,BC,0,711.0306889495056,0,start,9,9,0,12.170772635062178,1,1,0,27.001691427407877,1,true,14,22,0,19.6,2.6799999999999997
숭실대,21,BC,5,711.0306889495056,0,start,9,9,0,14.438595458013765,1,1,0,78.00169142740788,1,true,14,21,0,19.6,3.280000000000001
숭실대,21,BC,10,711.0306889495056,0,start,9,9,0,20.033635470362242,1,1,0,78.00169142740788,1,true,42,20,0,19.6,2.6799999999999997
숭실대,21,BC,15,711.0306889495056,1,start,1,1,0,37.11169142740788,0,0,0,,1,true,43,16,8,19.6,4
숭실대,21,ABC,0,711.0306889495056,0,start,9,9,0,12.170772635062178,1,1,0,27.001691427407877,1,true,14,22,0,23.6,2.6799999999999997
숭실대,21,ABC,5,711.0306889495056,0,start,9,9,0,14.438595458013765,1,1,0,78.00169142740788,1,true,14,21,0,23.6,3.280000000000001
숭실대,21,ABC,10,711.0306889495056,0,start,9,9,0,20.033635470362242,1,1,0,78.00169142740788,1,true,42,20,0,23.6,2.6799999999999997
숭실대,21,ABC,15,711.0306889495056,1,start,1,1,0,37.111691427407884,0,0,0,,1,true,43,16,8,23.6,4
숭실대,22,최단,0,631.3999772109073,0,start,5,5,0,12.240953044778042,7,7,0,26.709133378314334,1,true,14.4,20,0,8.3,2.17
숭실대,22,최단,5,631.3999772109073,0,start,5,5,0,14.345751835954047,7,7,0,28.07575183595401,1,true,24.4,20,0,8.3,2.339999999999975
숭실대,22,최단,10,631.3999772109073,0,start,5,5,0,26.100580226581258,7,7,0,35.10047297543642,1,true,40.4,17,0,8.3,8.460000000000008
숭실대,22,최단,15,631.3999772109073,1,start,4,4,0,43.15580411136368,5,5,0,42.10047297543642,1,true,43.4,17,2,8.3,8.460000000000008
숭실대,22,A,0,731.8777631147179,0,start,12,12,0,12.240953044778042,4,4,0,26.760472975436414,1,true,14.9,31,0,16.1,2.169999999999998
숭실대,22,A,5,731.8777631147179,0,start,12,12,0,17.671694253277337,4,4,0,30.373042024743768,1,true,7.9,30,0,16.1,2.169999999999998
숭실대,22,A,10,731.8777631147179,0,start,12,12,0,24.15580411136368,4,4,0,37.51304202474381,1,true,28.9,26,0,16.1,8.459999999999994
숭실대,22,A,15,731.8777631147179,0,start,12,12,0,31.055822961230035,4,4,0,66.99580411136368,1,true,52.9,25,0,16.1,8.459999999999994
숭실대,22,B,0,754.662814820184,0,start,8,8,0,12.281937661224873,1,1,0,24.180462464076527,0,true,14.7,19,0,16.4,2.3000000000000114
숭실대,22,B,5,754.662814820184,0,start,8,8,0,14.699619356982566,1,1,0,19.180462464076527,0,true,13.7,19,0,16.4,2.3000000000000114
숭실대,22,B,10,754.662814820184,0,start,8,8,0,19.719619356982548,1,1,0,42.18046246407653,0,true,49.7,16,0,16.4,4.28000000000003
숭실대,22,B,15,754.662814820184,0,start,8,8,0,38.71961935698255,1,1,0,42.18046246407653,0,true,70.7,17,0,16.4,4.28000000000003
숭실대,22,C,0,794.7191434563583,0,start,9,9,0,12.127049964866444,0,0,0,,0,true,14.7,20,0,16.1,2.3000000000000114
숭실대,22,C,5,794.7191434563583,0,start,9,9,0,14.699619356982566,0,0,0,,0,true,18.7,20,0,16.1,2.3000000000000114
숭실대,22,C,10,794.7191434563583,0,start,9,9,0,19.281937661224873,0,0,0,,0,true,19.7,18,0,16.1,4.28000000000003
숭실대,22,C,15,794.7191434563583,1,start,6,6,0,34.63583968664898,0,0,0,,0,true,88.7,16,3,16.1,4.28000000000003
숭실대,22,AB,0,794.7191434563583,0,start,9,9,0,12.127049964866444,0,0,0,,0,true,14.7,20,0,20.1,2.3000000000000114
숭실대,22,AB,5,794.7191434563583,0,start,9,9,0,14.699619356982566,0,0,0,,0,true,18.7,20,0,20.1,2.3000000000000114
숭실대,22,AB,10,794.7191434563583,0,start,9,9,0,19.281937661224873,0,0,0,,0,true,19.7,18,0,20.1,4.28000000000003
숭실대,22,AB,15,794.7191434563583,1,start,6,6,0,34.63583968664898,0,0,0,,0,true,88.7,16,3,20.1,4.28000000000003
숭실대,22,AC,0,794.7191434563583,0,start,9,9,0,12.127049964866444,0,0,0,,0,true,14.7,20,0,19.6,2.3000000000000114
숭실대,22,AC,5,794.7191434563583,0,start,9,9,0,14.699619356982566,0,0,0,,0,true,18.7,20,0,19.6,2.3000000000000114
숭실대,22,AC,10,794.7191434563583,0,start,9,9,0,19.281937661224873,0,0,0,,0,true,19.7,18,0,19.6,4.28000000000003
숭실대,22,AC,15,794.7191434563583,1,start,6,6,0,34.63583968664898,0,0,0,,0,true,88.7,16,3,19.6,4.28000000000003
숭실대,22,BC,0,794.7191434563583,0,start,9,9,0,12.127049964866444,0,0,0,,0,true,14.7,20,0,19.6,2.3000000000000114
숭실대,22,BC,5,794.7191434563583,0,start,9,9,0,14.699619356982566,0,0,0,,0,true,18.7,20,0,19.6,2.3000000000000114
숭실대,22,BC,10,794.7191434563583,0,start,9,9,0,19.281937661224873,0,0,0,,0,true,19.7,18,0,19.6,4.28000000000003
숭실대,22,BC,15,794.7191434563583,1,start,6,6,0,34.63583968664898,0,0,0,,0,true,88.7,16,3,19.6,4.28000000000003
숭실대,22,ABC,0,794.7191434563583,0,start,9,9,0,12.127049964866444,0,0,0,,0,true,14.7,20,0,23.6,2.3000000000000114
숭실대,22,ABC,5,794.7191434563583,0,start,9,9,0,14.699619356982566,0,0,0,,0,true,18.7,20,0,23.6,2.3000000000000114
숭실대,22,ABC,10,794.7191434563583,0,start,9,9,0,19.281937661224873,0,0,0,,0,true,19.7,18,0,23.6,4.28000000000003
숭실대,22,ABC,15,794.7191434563583,1,start,6,6,0,34.63583968664898,0,0,0,,0,true,88.7,16,3,23.6,4.28000000000003
숭실대,23,최단,0,780.6092625620006,0,start,3,3,0,11.824575423766504,7,7,0,21.901373664808887,1,true,14.6,16,0,8.3,2.34
숭실대,23,최단,5,780.6092625620006,0,start,3,3,0,12.824575423766504,7,7,0,27.918418729407392,1,true,10.6,16,0,8.3,2.34
숭실대,23,최단,10,780.6092625620006,0,start,3,3,0,17.309865577674316,7,7,0,36.28503718704724,1,true,37.6,16,0,8.3,7.970000000000027
숭실대,23,최단,15,780.6092625620006,0,start,3,3,0,33.824575423766504,7,7,0,51.08841872940741,1,true,79.6,15,0,8.3,10.080000000000041
숭실대,23,A,0,890.092174757728,0,start,9,9,0,12.072650658352131,0,0,0,,1,true,14.1,21,0,16.1,2.3000000000000114
숭실대,23,A,5,890.092174757728,0,start,9,9,0,13.886105896287404,0,0,0,,1,true,15.1,21,0,16.1,4.28000000000003
숭실대,23,A,10,890.092174757728,0,start,9,9,0,18.654968962594467,0,0,0,,1,true,16.1,21,0,16.1,4.28000000000003
숭실대,23,A,15,890.092174757728,1,start,5,5,0,29.092650658352113,0,0,0,,1,true,38.1,14,7,16.1,5.28000000000003
숭실대,23,B,0,935.6425724119559,0,start,11,11,0,12.261695252996674,1,1,0,24.160220055848413,0,true,14.6,25,0,16.4,2.2999999999999545
숭실대,23,B,5,935.6425724119559,0,start,11,11,0,14.932872257124757,1,1,0,25.160220055848413,0,true,17.6,25,0,16.4,2.2999999999999545
숭실대,23,B,10,935.6425724119559,0,start,11,11,0,18.701847568986864,1,1,0,34.16022005584841,0,true,17.6,24,0,16.4,2.32000000000005
숭실대,23,B,15,935.6425724119559,1,start,1,1,0,14.736475418037898,0,0,0,,0,true,44.6,6,14,16.4,0
숭실대,23,C,0,890.092174757728,0,start,9,9,0,12.072650658352131,0,0,0,,1,true,14.1,21,0,16.1,2.3000000000000114
숭실대,23,C,5,890.092174757728,0,start,9,9,0,13.886105896287404,0,0,0,,1,true,15.1,21,0,16.1,4.28000000000003
숭실대,23,C,10,890.092174757728,0,start,9,9,0,18.654968962594467,0,0,0,,1,true,16.1,21,0,16.1,4.28000000000003
숭실대,23,C,15,890.092174757728,1,start,5,5,0,29.092650658352113,0,0,0,,1,true,38.1,14,7,16.1,5.28000000000003
숭실대,23,AB,0,975.6989010481303,0,start,12,12,0,12.261695252996674,0,0,0,,0,true,14.7,26,0,20.3,2.2999999999999545
숭실대,23,AB,5,975.6989010481303,0,start,12,12,0,14.917171973076506,0,0,0,,0,true,21.7,26,0,20.3,2.2999999999999545
숭실대,23,AB,10,975.6989010481303,0,start,12,12,0,17.261695252996674,0,0,0,,0,true,30.7,24,0,20.3,2.1499999999999773
숭실대,23,AB,15,975.6989010481303,1,start,1,1,0,14.736475418037898,0,0,0,,0,true,34.7,6,16,20.3,0
숭실대,23,AC,0,890.092174757728,0,start,9,9,0,12.072650658352131,0,0,0,,1,true,14.1,21,0,19.6,2.3000000000000114
숭실대,23,AC,5,890.092174757728,0,start,9,9,0,13.886105896287404,0,0,0,,1,true,15.1,21,0,19.6,4.28000000000003
숭실대,23,AC,10,890.092174757728,0,start,9,9,0,18.654968962594467,0,0,0,,1,true,16.1,21,0,19.6,4.28000000000003
숭실대,23,AC,15,890.092174757728,1,start,5,5,0,29.092650658352113,0,0,0,,1,true,38.1,14,7,19.6,5.28000000000003
숭실대,23,BC,0,975.6989010481303,0,start,12,12,0,12.261695252996674,0,0,0,,0,true,14.7,26,0,19.8,2.2999999999999545
숭실대,23,BC,5,975.6989010481303,0,start,12,12,0,14.917171973076506,0,0,0,,0,true,21.7,26,0,19.8,2.2999999999999545
숭실대,23,BC,10,975.6989010481303,0,start,12,12,0,17.261695252996674,0,0,0,,0,true,30.7,24,0,19.8,2.1499999999999773
숭실대,23,BC,15,975.6989010481303,1,start,1,1,0,14.736475418037898,0,0,0,,0,true,34.7,6,16,19.8,0
숭실대,23,ABC,0,975.6989010481303,0,start,12,12,0,12.261695252996674,0,0,0,,0,true,14.7,26,0,23.8,2.2999999999999545
숭실대,23,ABC,5,975.6989010481303,0,start,12,12,0,14.917171973076506,0,0,0,,0,true,21.7,26,0,23.8,2.2999999999999545
숭실대,23,ABC,10,975.6989010481303,0,start,12,12,0,17.261695252996674,0,0,0,,0,true,30.7,24,0,23.8,2.1499999999999773
숭실대,23,ABC,15,975.6989010481303,1,start,1,1,0,14.736475418037898,0,0,0,,0,true,34.7,6,16,23.8,0
숭실대,24,최단,0,741.792646015537,0,start,2,2,0,12.519922250143964,7,7,0,24.34970063908969,0,true,14.8,13,0,8.3,0
숭실대,24,최단,5,741.792646015537,8,start,1,0,0,,1,0,0,,0,true,16.8,14,7,8.3,2.8100000000000023
숭실대,24,최단,10,741.792646015537,6,start,1,0,0,,1,0,0,,0,true,31.8,10,7,8.3,3.8299999999999983
숭실대,24,최단,15,741.792646015537,3,start,1,0,0,,1,0,0,,0,true,33.8,8,9,8.3,3.8299999999999983
숭실대,24,A,0,777.5634275389482,0,start,5,5,0,11.868226803905515,3,3,0,26.600141634760746,0,true,14.6,15,0,15.2,1.4600000000000009
숭실대,24,A,5,777.5634275389482,0,start,5,3,0,13.648221934831781,3,1,0,29.600141634760746,0,true,22.6,9,0,15.2,0
숭실대,24,A,10,777.5634275389482,0,start,5,3,0,21.777048266895804,3,1,0,30.600141634760746,0,true,24.6,9,0,15.2,2.8100000000000023
숭실대,24,A,15,777.5634275389482,0,start,5,3,0,67.62822193483179,3,1,0,30.600141634760746,0,true,24.6,7,0,15.2,3.8299999999999983
숭실대,24,B,0,741.792646015537,0,start,2,2,0,12.519922250143964,7,7,0,24.34970063908969,0,true,14.8,13,0,12.9,0
숭실대,24,B,5,741.792646015537,8,start,1,0,0,,1,0,0,,0,true,16.8,14,7,16.1,2.8100000000000023
숭실대,24,B,10,741.792646015537,6,start,1,0,0,,1,0,0,,0,true,31.8,10,7,16.1,3.8299999999999983
숭실대,24,B,15,741.792646015537,3,start,1,0,0,,1,0,0,,0,true,33.8,8,9,16.1,3.8299999999999983
숭실대,24,C,0,782.5954347107148,0,start,4,4,0,11.809055438662426,1,1,0,26.63214880652737,1,true,14.6,11,0,15.9,2.6799999999999997
숭실대,24,C,5,782.5954347107148,0,start,4,3,0,11.680229106598347,1,1,0,34.63214880652737,1,true,18.6,9,0,15.7,0.8300000000000125
숭실대,24,C,10,782.5954347107148,0,start,4,3,0,25.809055438662426,1,1,0,34.63214880652737,1,true,28.6,9,0,15.7,2.8300000000000125
숭실대,24,C,15,782.5954347107148,0,start,4,3,0,72.66022910659835,1,1,0,34.63214880652737,1,true,29.6,7,0,15.7,3.8299999999999983
숭실대,24,AB,0,741.792646015537,0,start,2,2,0,12.519922250143964,7,7,0,24.34970063908969,0,true,14.8,13,0,13.4,0
숭실대,24,AB,5,741.792646015537,9,start,1,0,0,,1,0,0,,0,true,16.8,15,9,15.7,2.8100000000000023
숭실대,24,AB,10,741.792646015537,7,start,1,0,0,,1,0,0,,0,true,31.8,11,8,15.7,3.8299999999999983
숭실대,24,AB,15,741.792646015537,5,start,1,0,0,,1,0,0,,0,true,33.8,10,9,15.7,3.8299999999999983
숭실대,24,AC,0,782.5954347107148,0,start,4,4,0,11.809055438662426,1,1,0,26.63214880652737,1,true,14.6,11,0,18.8,2.6799999999999997
숭실대,24,AC,5,782.5954347107148,0,start,4,3,0,11.680229106598347,1,1,0,34.63214880652737,1,true,18.6,9,0,18.6,0.8300000000000125
숭실대,24,AC,10,782.5954347107148,0,start,4,3,0,25.809055438662426,1,1,0,34.63214880652737,1,true,28.6,9,0,18.6,2.8300000000000125
숭실대,24,AC,15,782.5954347107148,0,start,4,3,0,72.66022910659835,1,1,0,34.63214880652737,1,true,29.6,7,0,18.6,3.8299999999999983
숭실대,24,BC,0,741.792646015537,0,start,2,2,0,12.519922250143964,7,7,0,24.34970063908969,0,true,14.8,13,0,13.4,0
숭실대,24,BC,5,741.792646015537,9,start,1,0,0,,1,0,0,,0,true,16.8,15,9,15.7,2.8100000000000023
숭실대,24,BC,10,741.792646015537,7,start,1,0,0,,1,0,0,,0,true,31.8,11,8,15.7,3.8299999999999983
숭실대,24,BC,15,741.792646015537,5,start,1,0,0,,1,0,0,,0,true,33.8,10,9,15.7,3.8299999999999983
숭실대,24,ABC,0,741.792646015537,0,start,2,2,0,12.519922250143964,7,7,0,24.34970063908969,0,true,14.8,13,0,14.3,0
숭실대,24,ABC,5,741.792646015537,9,start,1,0,0,,1,0,0,,0,true,16.8,15,9,19.1,2.8100000000000023
숭실대,24,ABC,10,741.792646015537,7,start,1,0,0,,1,0,0,,0,true,31.8,11,8,19.1,3.8299999999999983
숭실대,24,ABC,15,741.792646015537,5,start,1,0,0,,1,0,0,,0,true,33.8,10,9,19.1,3.8299999999999983
숭실대,25,최단,0,511.3187753064569,0,start,7,7,0,11.599665496062357,5,5,0,26.68442029612234,1,true,14.3,22,0,8.3,4.759999999999991
숭실대,25,최단,5,511.3187753064569,0,start,7,7,0,15.684720251867304,5,5,0,27.68442029612234,1,true,12.3,22,0,8.3,9.740000000000009
숭실대,25,최단,10,511.3187753064569,0,start,7,7,0,18.624720251867302,5,5,0,28.167891587507427,1,true,30.3,22,0,8.3,12.060000000000002
숭실대,25,최단,15,511.3187753064569,1,start,2,2,0,51.41442029612233,1,1,0,51.923925879659166,1,true,33.3,11,13,8.3,0
숭실대,25,A,0,581.0019624379376,0,start,6,6,0,12.215583165885164,3,3,0,26.923925879659166,1,true,14,18,0,15.9,0
숭실대,25,A,5,581.0019624379376,0,start,6,6,0,14.103853801991079,3,3,0,28.167891587507427,1,true,21,18,0,15.9,0
숭실대,25,A,10,581.0019624379376,0,start,6,6,0,14.215583165885164,3,3,0,42.36442029612235,1,true,23,18,0,15.9,1.3199999999999932
숭실대,25,A,15,581.0019624379376,1,start,2,2,0,51.41442029612233,1,1,0,51.923925879659166,1,true,34,11,10,15.9,0
숭실대,25,B,0,615.1357995118644,0,start,10,10,0,12.501744457274754,3,3,0,26.68442029612234,1,true,14.1,26,0,16.4,5.760000000000105
숭실대,25,B,5,615.1357995118644,0,start,10,10,0,14.766612648464843,3,3,0,31.923925879659166,1,true,11.1,26,0,16.4,8.760000000000105
숭실대,25,B,10,615.1357995118644,2,start,2,2,0,29.453925879659167,1,1,0,46.923925879659166,1,true,39.1,13,13,16.4,1.3199999999999932
숭실대,25,B,15,615.1357995118644,2,start,4,3,0,51.41442029612233,2,2,0,51.923925879659166,1,true,39.1,14,13,16.4,2.1299999999999955
숭실대,25,C,0,581.0019624379376,0,start,6,6,0,12.215583165885164,3,3,0,26.923925879659166,1,true,14,18,0,15.7,0
숭실대,25,C,5,581.0019624379376,0,start,6,6,0,14.103853801991079,3,3,0,28.167891587507427,1,true,21,18,0,15.7,0
숭실대,25,C,10,581.0019624379376,0,start,6,6,0,14.215583165885164,3,3,0,42.36442029612235,1,true,23,18,0,15.7,1.3199999999999932
숭실대,25,C,15,581.0019624379376,1,start,2,2,0,51.41442029612233,1,1,0,51.92392587965917,1,true,34,11,10,15.7,0
숭실대,25,AB,0,615.4014904842498,0,start,8,8,0,12.57550354238839,2,2,0,26.923925879659166,1,true,14.4,21,0,20.1,0
숭실대,25,AB,5,615.4014904842498,0,start,8,8,0,12.581642175677842,2,2,0,31.923925879659166,1,true,13.4,21,0,20.1,0
숭실대,25,AB,10,615.4014904842498,2,start,2,2,0,29.453925879659167,1,1,0,46.923925879659166,1,true,39.4,13,9,20.1,1.3199999999999932
숭실대,25,AB,15,615.4014904842498,2,start,4,3,0,51.41442029612233,2,2,0,51.923925879659166,1,true,39.4,14,8,20.1,2.1299999999999955
숭실대,25,AC,0,581.0019624379376,0,start,6,6,0,12.215583165885164,3,3,0,26.923925879659166,1,true,14,18,0,19.3,0
숭실대,25,AC,5,581.0019624379376,0,start,6,6,0,14.103853801991079,3,3,0,28.167891587507427,1,true,21,18,0,19.3,0
숭실대,25,AC,10,581.0019624379376,0,start,6,6,0,14.215583165885164,3,3,0,42.36442029612235,1,true,23,18,0,19.3,1.3199999999999932
숭실대,25,AC,15,581.0019624379376,1,start,2,2,0,51.41442029612233,1,1,0,51.92392587965917,1,true,34,11,10,19.3,0
숭실대,25,BC,0,615.4014904842498,0,start,8,8,0,12.57550354238839,2,2,0,26.923925879659166,1,true,14.4,21,0,19.4,0
숭실대,25,BC,5,615.4014904842498,0,start,8,8,0,12.581642175677842,2,2,0,31.923925879659166,1,true,13.4,21,0,19.4,0
숭실대,25,BC,10,615.4014904842498,2,start,2,2,0,29.453925879659167,1,1,0,46.923925879659166,1,true,39.4,13,9,19.4,1.3199999999999932
숭실대,25,BC,15,615.4014904842498,2,start,4,3,0,51.41442029612233,2,2,0,51.923925879659166,1,true,39.4,14,8,19.4,2.1299999999999955
숭실대,25,ABC,0,615.4014904842498,0,start,8,8,0,12.57550354238839,2,2,0,26.923925879659166,1,true,14.4,21,0,23.5,0
숭실대,25,ABC,5,615.4014904842498,0,start,8,8,0,12.581642175677842,2,2,0,31.923925879659166,1,true,13.4,21,0,23.5,0
숭실대,25,ABC,10,615.4014904842498,2,start,2,2,0,29.453925879659167,1,1,0,46.923925879659166,1,true,39.4,13,9,23.5,1.3199999999999932
숭실대,25,ABC,15,615.4014904842498,2,start,4,3,0,51.41442029612233,2,2,0,51.923925879659166,1,true,39.4,14,8,23.5,2.1299999999999955
숭실대,26,최단,0,332.09435501033465,0,start,5,5,0,12.189864151369363,4,4,0,26.943471291385073,0,true,14.1,16,0,8.3,5.759999999999991
숭실대,26,최단,5,332.09435501033465,0,start,5,5,0,11.37524519994011,4,4,0,27.459999999999997,0,true,11.1,16,0,8.3,8.759999999999991
숭실대,26,최단,10,332.09435501033465,0,start,5,5,0,23.72029995574502,4,4,0,28.150299955745027,0,true,10.1,15,0,8.3,7.740000000000009
숭실대,26,최단,15,332.09435501033465,0,start,5,5,0,43.12986415136936,4,4,0,36.94347129138507,0,true,54.1,14,0,8.3,9.759999999999991
숭실대,26,A,0,401.7775421418153,0,start,4,4,0,12.2515634959436,2,2,0,27.459999999999997,0,true,14.8,12,0,15.9,0
숭실대,26,A,5,401.7775421418153,0,start,4,4,0,12.2515634959436,2,2,0,36.643471291385076,0,true,19.8,12,0,15.9,0.29999999999999716
숭실대,26,A,10,401.7775421418153,0,start,4,4,0,46.97116286976291,2,2,0,36.94347129138507,0,true,19.8,9,0,15.9,0
숭실대,26,A,15,401.7775421418153,0,start,4,4,0,60.97116286976291,2,2,0,36.94347129138507,0,true,58.8,9,0,15.9,2.320000000000004
숭실대,26,B,0,332.09435501033465,0,start,5,5,0,12.189864151369363,4,4,0,26.943471291385066,0,true,14.1,16,0,12.9,5.759999999999991
숭실대,26,B,5,332.09435501033465,0,start,5,5,0,11.375245199940082,4,4,0,27.459999999999997,0,true,11.1,16,0,12.9,8.759999999999991
숭실대,26,B,10,332.09435501033465,0,start,5,5,0,23.72029995574502,4,4,0,28.150299955745027,0,true,10.1,15,0,12.9,7.740000000000009
숭실대,26,B,15,332.09435501033465,0,start,5,5,0,43.12986415136936,4,4,0,36.94347129138507,0,true,54.1,14,0,12.9,9.759999999999991
숭실대,26,C,0,401.7775421418153,0,start,4,4,0,12.2515634959436,2,2,0,27.46,0,true,14.8,12,0,15.7,0
숭실대,26,C,5,401.7775421418153,0,start,4,4,0,12.2515634959436,2,2,0,36.643471291385076,0,true,19.8,12,0,15.7,0.29999999999999716
숭실대,26,C,10,401.7775421418153,0,start,4,4,0,46.97116286976291,2,2,0,36.94347129138507,0,true,19.8,9,0,15.7,0
숭실대,26,C,15,401.7775421418153,0,start,4,4,0,60.97116286976291,2,2,0,36.94347129138507,0,true,58.8,9,0,15.7,2.3200000000000003
숭실대,26,AB,0,401.7775421418153,0,start,4,4,0,12.2515634959436,2,2,0,27.459999999999994,0,true,14.8,12,0,19.8,0
숭실대,26,AB,5,401.7775421418153,0,start,4,4,0,12.2515634959436,2,2,0,36.64347129138507,0,true,19.8,12,0,19.8,0.29999999999999716
숭실대,26,AB,10,401.7775421418153,0,start,4,4,0,46.97116286976291,2,2,0,36.943471291385066,0,true,19.8,9,0,19.8,0
숭실대,26,AB,15,401.7775421418153,0,start,4,4,0,60.97116286976291,2,2,0,36.943471291385066,0,true,58.8,9,0,19.8,2.3200000000000003
숭실대,26,AC,0,401.7775421418153,0,start,4,4,0,12.2515634959436,2,2,0,27.46,0,true,14.8,12,0,19.3,0
숭실대,26,AC,5,401.7775421418153,0,start,4,4,0,12.2515634959436,2,2,0,36.643471291385076,0,true,19.8,12,0,19.3,0.29999999999999716
숭실대,26,AC,10,401.7775421418153,0,start,4,4,0,46.97116286976291,2,2,0,36.94347129138507,0,true,19.8,9,0,19.3,0
숭실대,26,AC,15,401.7775421418153,0,start,4,4,0,60.97116286976291,2,2,0,36.94347129138507,0,true,58.8,9,0,19.3,2.3200000000000003
숭실대,26,BC,0,401.7775421418153,0,start,4,4,0,12.2515634959436,2,2,0,27.46,0,true,14.8,12,0,19.1,0
숭실대,26,BC,5,401.7775421418153,0,start,4,4,0,12.2515634959436,2,2,0,36.643471291385076,0,true,19.8,12,0,19.1,0.29999999999999716
숭실대,26,BC,10,401.7775421418153,0,start,4,4,0,46.97116286976291,2,2,0,36.94347129138507,0,true,19.8,9,0,19.1,0
숭실대,26,BC,15,401.7775421418153,0,start,4,4,0,60.97116286976291,2,2,0,36.94347129138507,0,true,58.8,9,0,19.1,2.3200000000000003
숭실대,26,ABC,0,401.7775421418153,0,start,4,4,0,12.2515634959436,2,2,0,27.459999999999994,0,true,14.8,12,0,23.1,0
숭실대,26,ABC,5,401.7775421418153,0,start,4,4,0,12.2515634959436,2,2,0,36.64347129138507,0,true,19.8,12,0,23.1,0.29999999999999716
숭실대,26,ABC,10,401.7775421418153,0,start,4,4,0,46.97116286976291,2,2,0,36.943471291385066,0,true,19.8,9,0,23.1,0
숭실대,26,ABC,15,401.7775421418153,0,start,4,4,0,60.97116286976291,2,2,0,36.943471291385066,0,true,58.8,9,0,23.1,2.3200000000000003
숭실대,27,최단,0,279.43029596947616,0,start,5,5,0,12.266403774277471,1,1,0,21.166240914886515,0,true,14.4,13,0,8.3,4.759999999999991
숭실대,27,최단,5,279.43029596947616,0,start,5,5,0,14.525805110510873,1,1,0,18.166240914886515,0,true,26.4,13,0,8.3,7.759999999999991
숭실대,27,최단,10,279.43029596947616,0,start,5,5,0,16.26640377427747,1,1,0,20.48624091488651,0,true,33.4,13,0,8.3,5.439999999999998
숭실대,27,최단,15,279.43029596947616,0,start,5,5,0,47.94640377427747,1,1,0,37.48624091488651,0,true,38.4,10,0,8.3,7.439999999999998
숭실대,27,A,0,279.6959869418616,0,start,3,3,0,11.909607669809162,0,0,0,,0,true,14.7,8,0,12,0
숭실대,27,A,5,279.6959869418616,0,start,3,3,0,15.909607669809162,0,0,0,,0,true,16.7,8,0,12,0
숭실대,27,A,10,279.6959869418616,0,start,3,3,0,16.26640377427747,0,0,0,,0,true,30.7,8,0,12,1.1499999999999986
숭실대,27,A,15,279.6959869418616,0,start,3,3,0,23.904744358707998,0,0,0,,0,true,38.7,7,0,12,2.3000000000000007
숭실대,27,B,0,279.43029596947616,0,start,5,5,0,12.266403774277478,1,1,0,21.166240914886515,0,true,14.4,13,0,12.9,4.759999999999991
숭실대,27,B,5,279.43029596947616,0,start,5,5,0,14.525805110510873,1,1,0,18.166240914886515,0,true,26.4,13,0,12.9,7.759999999999991
숭실대,27,B,10,279.43029596947616,0,start,5,5,0,16.26640377427747,1,1,0,20.48624091488651,0,true,33.4,13,0,12.9,5.439999999999998
숭실대,27,B,15,279.43029596947616,0,start,5,5,0,47.94640377427747,1,1,0,37.48624091488651,0,true,38.4,10,0,12.9,7.439999999999998
숭실대,27,C,0,279.6959869418616,0,start,3,3,0,11.909607669809162,0,0,0,,0,true,14.7,8,0,12.6,0
숭실대,27,C,5,279.6959869418616,0,start,3,3,0,15.909607669809162,0,0,0,,0,true,16.7,8,0,12.6,0
숭실대,27,C,10,279.6959869418616,0,start,3,3,0,16.26640377427747,0,0,0,,0,true,30.7,8,0,12.6,1.1500000000000021
숭실대,27,C,15,279.6959869418616,0,start,3,3,0,23.904744358707998,0,0,0,,0,true,38.7,7,0,12.6,2.3000000000000007
숭실대,27,AB,0,279.6959869418616,0,start,3,3,0,11.909607669809162,0,0,0,,0,true,14.7,8,0,12.6,0
숭실대,27,AB,5,279.6959869418616,0,start,3,3,0,15.909607669809162,0,0,0,,0,true,16.7,8,0,12.6,0
숭실대,27,AB,10,279.6959869418616,0,start,3,3,0,16.26640377427747,0,0,0,,0,true,30.7,8,0,12.6,1.1500000000000021
숭실대,27,AB,15,279.6959869418616,0,start,3,3,0,23.904744358707998,0,0,0,,0,true,38.7,7,0,12.6,2.3000000000000007
숭실대,27,AC,0,279.6959869418616,0,start,3,3,0,11.909607669809162,0,0,0,,0,true,14.7,8,0,15.4,0
숭실대,27,AC,5,279.6959869418616,0,start,3,3,0,15.909607669809162,0,0,0,,0,true,16.7,8,0,15.4,0
숭실대,27,AC,10,279.6959869418616,0,start,3,3,0,16.266403774277478,0,0,0,,0,true,30.7,8,0,15.4,1.1500000000000021
숭실대,27,AC,15,279.6959869418616,0,start,3,3,0,23.904744358707998,0,0,0,,0,true,38.7,7,0,15.4,2.3000000000000007
숭실대,27,BC,0,279.6959869418616,0,start,3,3,0,11.909607669809162,0,0,0,,0,true,14.7,8,0,12.6,0
숭실대,27,BC,5,279.6959869418616,0,start,3,3,0,15.909607669809162,0,0,0,,0,true,16.7,8,0,12.6,0
숭실대,27,BC,10,279.6959869418616,0,start,3,3,0,16.26640377427747,0,0,0,,0,true,30.7,8,0,12.6,1.1500000000000021
숭실대,27,BC,15,279.6959869418616,0,start,3,3,0,23.904744358707998,0,0,0,,0,true,38.7,7,0,12.6,2.3000000000000007
숭실대,27,ABC,0,279.6959869418616,0,start,3,3,0,11.909607669809162,0,0,0,,0,true,14.7,8,0,15.9,0
숭실대,27,ABC,5,279.6959869418616,0,start,3,3,0,15.909607669809162,0,0,0,,0,true,16.7,8,0,15.9,0
숭실대,27,ABC,10,279.6959869418616,0,start,3,3,0,16.266403774277478,0,0,0,,0,true,30.7,8,0,15.9,1.1500000000000021
숭실대,27,ABC,15,279.6959869418616,0,start,3,3,0,23.904744358707998,0,0,0,,0,true,38.7,7,0,15.9,2.3000000000000007
숭실대,28,최단,0,2.967268210039144,0,start,0,0,0,,0,0,0,,0,true,3,2,0,8.3,0
숭실대,28,최단,5,2.967268210039144,0,start,0,0,0,,0,0,0,,0,false,,1,0,8.3,0
숭실대,28,최단,10,2.967268210039144,0,start,0,0,0,,0,0,0,,0,false,,1,0,8.3,0
숭실대,28,최단,15,2.967268210039144,0,start,0,0,0,,0,0,0,,0,false,,1,0,8.3,0
숭실대,28,A,0,2.967268210039144,0,start,0,0,0,,0,0,0,,0,true,3,2,0,12.9,0
숭실대,28,A,5,2.967268210039144,0,start,0,0,0,,0,0,0,,0,false,,1,0,12.9,0
숭실대,28,A,10,2.967268210039144,0,start,0,0,0,,0,0,0,,0,false,,1,0,12.9,0
숭실대,28,A,15,2.967268210039144,0,start,0,0,0,,0,0,0,,0,false,,1,0,12.9,0
숭실대,28,B,0,2.967268210039144,0,start,0,0,0,,0,0,0,,0,true,3,2,0,12.9,0
숭실대,28,B,5,2.967268210039144,0,start,0,0,0,,0,0,0,,0,false,,1,0,12.9,0
숭실대,28,B,10,2.967268210039144,0,start,0,0,0,,0,0,0,,0,false,,1,0,12.9,0
숭실대,28,B,15,2.967268210039144,0,start,0,0,0,,0,0,0,,0,false,,1,0,12.9,0
숭실대,28,C,0,2.967268210039144,0,start,0,0,0,,0,0,0,,0,true,3,2,0,13.4,0
숭실대,28,C,5,2.967268210039144,0,start,0,0,0,,0,0,0,,0,false,,1,0,13.4,0
숭실대,28,C,10,2.967268210039144,0,start,0,0,0,,0,0,0,,0,false,,1,0,13.4,0
숭실대,28,C,15,2.967268210039144,0,start,0,0,0,,0,0,0,,0,false,,1,0,13.4,0
숭실대,28,AB,0,2.967268210039144,0,start,0,0,0,,0,0,0,,0,true,3,2,0,13.4,0
숭실대,28,AB,5,2.967268210039144,0,start,0,0,0,,0,0,0,,0,false,,1,0,13.4,0
숭실대,28,AB,10,2.967268210039144,0,start,0,0,0,,0,0,0,,0,false,,1,0,13.4,0
숭실대,28,AB,15,2.967268210039144,0,start,0,0,0,,0,0,0,,0,false,,1,0,13.4,0
숭실대,28,AC,0,2.967268210039144,0,start,0,0,0,,0,0,0,,0,true,3,2,0,13.7,0
숭실대,28,AC,5,2.967268210039144,0,start,0,0,0,,0,0,0,,0,false,,1,0,13.7,0
숭실대,28,AC,10,2.967268210039144,0,start,0,0,0,,0,0,0,,0,false,,1,0,13.7,0
숭실대,28,AC,15,2.967268210039144,0,start,0,0,0,,0,0,0,,0,false,,1,0,13.7,0
숭실대,28,BC,0,2.967268210039144,0,start,0,0,0,,0,0,0,,0,true,3,2,0,13.4,0
숭실대,28,BC,5,2.967268210039144,0,start,0,0,0,,0,0,0,,0,false,,1,0,13.4,0
숭실대,28,BC,10,2.967268210039144,0,start,0,0,0,,0,0,0,,0,false,,1,0,13.4,0
숭실대,28,BC,15,2.967268210039144,0,start,0,0,0,,0,0,0,,0,false,,1,0,13.4,0
숭실대,28,ABC,0,2.967268210039144,0,start,0,0,0,,0,0,0,,0,true,3,2,0,14.3,0
숭실대,28,ABC,5,2.967268210039144,0,start,0,0,0,,0,0,0,,0,false,,1,0,14.3,0
숭실대,28,ABC,10,2.967268210039144,0,start,0,0,0,,0,0,0,,0,false,,1,0,14.3,0
숭실대,28,ABC,15,2.967268210039144,0,start,0,0,0,,0,0,0,,0,false,,1,0,14.3,0
숭실대,29,최단,0,142.58422537495332,0,start,0,0,0,,1,1,0,12.32,1,true,14.6,4,0,8.3,2.34
숭실대,29,최단,5,142.58422537495332,0,start,0,0,0,,1,1,0,12.32,1,true,11.6,4,0,8.3,2.34
숭실대,29,최단,10,142.58422537495332,0,start,0,0,0,,1,1,0,14.66,1,true,11.6,3,0,8.3,0
숭실대,29,최단,15,142.58422537495332,0,start,0,0,0,,1,1,0,14.66,1,true,39.6,3,0,8.3,0
숭실대,29,A,0,142.58422537495332,0,start,0,0,0,,1,1,0,12.32,1,true,14.6,4,0,12.9,2.34
숭실대,29,A,5,142.58422537495332,0,start,0,0,0,,1,1,0,12.32,1,true,11.6,4,0,12.9,2.34
숭실대,29,A,10,142.58422537495332,0,start,0,0,0,,1,1,0,14.66,1,true,11.6,3,0,12.9,0
숭실대,29,A,15,142.58422537495332,0,start,0,0,0,,1,1,0,14.66,1,true,39.6,3,0,12.9,0
숭실대,29,B,0,142.58422537495332,0,start,0,0,0,,1,1,0,12.32,1,true,14.6,4,0,12.9,2.34
숭실대,29,B,5,142.58422537495332,0,start,0,0,0,,1,1,0,12.32,1,true,11.6,4,0,12.9,2.34
숭실대,29,B,10,142.58422537495332,0,start,0,0,0,,1,1,0,14.66,1,true,11.6,3,0,12.9,0
숭실대,29,B,15,142.58422537495332,0,start,0,0,0,,1,1,0,14.66,1,true,39.6,3,0,12.9,0
숭실대,29,C,0,142.58422537495332,0,start,0,0,0,,1,1,0,12.320000000000002,1,true,14.6,4,0,13.4,2.34
숭실대,29,C,5,142.58422537495332,0,start,0,0,0,,1,1,0,12.320000000000002,1,true,11.6,4,0,13.4,2.34
숭실대,29,C,10,142.58422537495332,0,start,0,0,0,,1,1,0,14.66,1,true,11.6,3,0,13.4,0
숭실대,29,C,15,142.58422537495332,0,start,0,0,0,,1,1,0,14.66,1,true,39.6,3,0,13.4,0
숭실대,29,AB,0,142.58422537495332,0,start,0,0,0,,1,1,0,12.320000000000002,1,true,14.6,4,0,13.4,2.34
숭실대,29,AB,5,142.58422537495332,0,start,0,0,0,,1,1,0,12.320000000000002,1,true,11.6,4,0,13.4,2.34
숭실대,29,AB,10,142.58422537495332,0,start,0,0,0,,1,1,0,14.66,1,true,11.6,3,0,13.4,0
숭실대,29,AB,15,142.58422537495332,0,start,0,0,0,,1,1,0,14.66,1,true,39.6,3,0,13.4,0
숭실대,29,AC,0,142.58422537495332,0,start,0,0,0,,1,1,0,12.320000000000002,1,true,14.6,4,0,13.7,2.339999999999998
숭실대,29,AC,5,142.58422537495332,0,start,0,0,0,,1,1,0,12.320000000000002,1,true,11.6,4,0,13.7,2.339999999999998
숭실대,29,AC,10,142.58422537495332,0,start,0,0,0,,1,1,0,14.660000000000002,1,true,11.6,3,0,13.7,0
숭실대,29,AC,15,142.58422537495332,0,start,0,0,0,,1,1,0,14.660000000000002,1,true,39.6,3,0,13.7,0
숭실대,29,BC,0,142.58422537495332,0,start,0,0,0,,1,1,0,12.320000000000002,1,true,14.6,4,0,13.4,2.34
숭실대,29,BC,5,142.58422537495332,0,start,0,0,0,,1,1,0,12.320000000000002,1,true,11.6,4,0,13.4,2.34
숭실대,29,BC,10,142.58422537495332,0,start,0,0,0,,1,1,0,14.66,1,true,11.6,3,0,13.4,0
숭실대,29,BC,15,142.58422537495332,0,start,0,0,0,,1,1,0,14.66,1,true,39.6,3,0,13.4,0
숭실대,29,ABC,0,142.58422537495332,0,start,0,0,0,,1,1,0,12.319999999999999,1,true,14.6,4,0,14.3,2.3400000000000016
숭실대,29,ABC,5,142.58422537495332,0,start,0,0,0,,1,1,0,12.319999999999999,1,true,11.6,4,0,14.3,2.3400000000000016
숭실대,29,ABC,10,142.58422537495332,0,start,0,0,0,,1,1,0,14.659999999999998,1,true,11.6,3,0,14.3,0
숭실대,29,ABC,15,142.58422537495332,0,start,0,0,0,,1,1,0,14.659999999999998,1,true,39.6,3,0,14.3,0
숭실대,30,최단,0,0.5413400798000249,0,start,0,0,0,,0,0,0,,1,true,0.5,2,0,8.3,0
숭실대,30,최단,5,0.5413400798000249,0,start,0,0,0,,0,0,0,,1,false,,1,0,8.3,0
숭실대,30,최단,10,0.5413400798000249,0,start,0,0,0,,0,0,0,,1,false,,1,0,8.3,0
숭실대,30,최단,15,0.5413400798000249,0,start,0,0,0,,0,0,0,,1,false,,1,0,8.3,0
숭실대,30,A,0,0.5413400798000249,0,start,0,0,0,,0,0,0,,1,true,0.5,2,0,12.9,0
숭실대,30,A,5,0.5413400798000249,0,start,0,0,0,,0,0,0,,1,false,,1,0,12.9,0
숭실대,30,A,10,0.5413400798000249,0,start,0,0,0,,0,0,0,,1,false,,1,0,12.9,0
숭실대,30,A,15,0.5413400798000249,0,start,0,0,0,,0,0,0,,1,false,,1,0,12.9,0
숭실대,30,B,0,0.5413400798000249,0,start,0,0,0,,0,0,0,,1,true,0.5,2,0,12.9,0
숭실대,30,B,5,0.5413400798000249,0,start,0,0,0,,0,0,0,,1,false,,1,0,12.9,0
숭실대,30,B,10,0.5413400798000249,0,start,0,0,0,,0,0,0,,1,false,,1,0,12.9,0
숭실대,30,B,15,0.5413400798000249,0,start,0,0,0,,0,0,0,,1,false,,1,0,12.9,0
숭실대,30,C,0,0.5413400798000249,0,start,0,0,0,,0,0,0,,1,true,0.5,2,0,13.4,0
숭실대,30,C,5,0.5413400798000249,0,start,0,0,0,,0,0,0,,1,false,,1,0,13.4,0
숭실대,30,C,10,0.5413400798000249,0,start,0,0,0,,0,0,0,,1,false,,1,0,13.4,0
숭실대,30,C,15,0.5413400798000249,0,start,0,0,0,,0,0,0,,1,false,,1,0,13.4,0
숭실대,30,AB,0,0.5413400798000249,0,start,0,0,0,,0,0,0,,1,true,0.5,2,0,13.4,0
숭실대,30,AB,5,0.5413400798000249,0,start,0,0,0,,0,0,0,,1,false,,1,0,13.4,0
숭실대,30,AB,10,0.5413400798000249,0,start,0,0,0,,0,0,0,,1,false,,1,0,13.4,0
숭실대,30,AB,15,0.5413400798000249,0,start,0,0,0,,0,0,0,,1,false,,1,0,13.4,0
숭실대,30,AC,0,0.5413400798000249,0,start,0,0,0,,0,0,0,,1,true,0.5,2,0,13.7,0
숭실대,30,AC,5,0.5413400798000249,0,start,0,0,0,,0,0,0,,1,false,,1,0,13.7,0
숭실대,30,AC,10,0.5413400798000249,0,start,0,0,0,,0,0,0,,1,false,,1,0,13.7,0
숭실대,30,AC,15,0.5413400798000249,0,start,0,0,0,,0,0,0,,1,false,,1,0,13.7,0
숭실대,30,BC,0,0.5413400798000249,0,start,0,0,0,,0,0,0,,1,true,0.5,2,0,13.4,0
숭실대,30,BC,5,0.5413400798000249,0,start,0,0,0,,0,0,0,,1,false,,1,0,13.4,0
숭실대,30,BC,10,0.5413400798000249,0,start,0,0,0,,0,0,0,,1,false,,1,0,13.4,0
숭실대,30,BC,15,0.5413400798000249,0,start,0,0,0,,0,0,0,,1,false,,1,0,13.4,0
숭실대,30,ABC,0,0.5413400798000249,0,start,0,0,0,,0,0,0,,1,true,0.5,2,0,14.3,0
숭실대,30,ABC,5,0.5413400798000249,0,start,0,0,0,,0,0,0,,1,false,,1,0,14.3,0
숭실대,30,ABC,10,0.5413400798000249,0,start,0,0,0,,0,0,0,,1,false,,1,0,14.3,0
숭실대,30,ABC,15,0.5413400798000249,0,start,0,0,0,,0,0,0,,1,false,,1,0,14.3,0
숭실대,31,최단,0,502.9441730995438,0,start,2,2,0,12.229947724590374,5,5,0,26.8899477245904,1,true,14.9,12,0,8.3,1.9699999999999989
숭실대,31,최단,5,502.9441730995438,0,start,2,2,0,11.644776115217638,5,5,0,31.97010518702075,1,true,12.9,12,0,8.3,0
숭실대,31,최단,10,502.9441730995438,0,start,2,2,0,58.20994772459039,5,4,0,43.61994772459036,1,true,12.9,10,0,8.3,0
숭실대,31,최단,15,502.9441730995438,0,start,2,2,0,44.64477611521764,5,5,0,45.97010518702075,1,true,12.9,12,0,8.3,7.079999999999984
숭실대,31,A,0,603.4219590033542,0,start,9,9,0,12.373790934673906,2,2,0,27.057237913380106,1,true,14.4,23,0,16.1,0
숭실대,31,A,5,603.4219590033542,0,start,9,9,0,16.486002987265636,2,2,0,50.91723791338009,1,true,13.4,23,0,16.1,2.3000000000000114
숭실대,31,A,10,603.4219590033542,0,start,9,9,0,25.07379093467391,2,2,0,55.057237913380106,1,true,23.4,23,0,16.1,3.430000000000007
숭실대,31,A,15,603.4219590033542,0,start,9,9,0,46.486002987265636,2,2,0,56.057237913380106,1,true,31.4,19,0,16.1,3.3200000000000074
숭실대,31,B,0,547.5475786929288,0,start,2,2,0,12.81308783396355,4,4,0,24.065226336821297,1,true,14.5,11,0,19.3,0
숭실대,31,B,5,547.5475786929288,0,start,2,2,0,16.81308783396355,4,4,0,30.42341994531276,1,true,25.5,11,0,19.3,0
숭실대,31,B,10,547.5475786929288,0,start,2,2,0,32.73387283544457,4,4,0,39.0652263368213,1,true,50.5,11,0,19.3,1.1299999999999955
숭실대,31,B,15,547.5475786929288,0,start,2,2,0,35.73387283544457,4,4,0,53.0652263368213,1,true,52.5,11,0,19.3,1.1299999999999955
숭실대,31,C,0,603.4219590033542,0,start,9,9,0,12.373790934673906,2,2,0,27.057237913380106,1,true,14.4,23,0,15.9,0
숭실대,31,C,5,603.4219590033542,0,start,9,9,0,16.486002987265636,2,2,0,50.91723791338009,1,true,13.4,23,0,15.9,2.3000000000000114
숭실대,31,C,10,603.4219590033542,0,start,9,9,0,25.073790934673895,2,2,0,55.057237913380106,1,true,23.4,23,0,15.9,3.430000000000007
숭실대,31,C,15,603.4219590033542,0,start,9,9,0,46.486002987265636,2,2,0,56.057237913380106,1,true,31.4,19,0,15.9,3.319999999999993
숭실대,31,AB,0,603.4219590033542,0,start,9,9,0,12.373790934673906,2,2,0,27.057237913380106,1,true,14.4,23,0,20.1,0
숭실대,31,AB,5,603.4219590033542,0,start,9,9,0,16.486002987265636,2,2,0,50.91723791338009,1,true,13.4,23,0,20.1,2.3000000000000114
숭실대,31,AB,10,603.4219590033542,0,start,9,9,0,25.073790934673895,2,2,0,55.057237913380106,1,true,23.4,23,0,20.1,3.430000000000007
숭실대,31,AB,15,603.4219590033542,0,start,9,9,0,46.486002987265636,2,2,0,56.057237913380106,1,true,31.4,19,0,20.1,3.319999999999993
숭실대,31,AC,0,603.4219590033542,0,start,9,9,0,12.373790934673906,2,2,0,27.057237913380106,1,true,14.4,23,0,19.4,0
숭실대,31,AC,5,603.4219590033542,0,start,9,9,0,16.486002987265636,2,2,0,50.91723791338009,1,true,13.4,23,0,19.4,2.3000000000000114
숭실대,31,AC,10,603.4219590033542,0,start,9,9,0,25.073790934673895,2,2,0,55.057237913380106,1,true,23.4,23,0,19.4,3.430000000000007
숭실대,31,AC,15,603.4219590033542,0,start,9,9,0,46.486002987265636,2,2,0,56.057237913380106,1,true,31.4,19,0,19.4,3.319999999999993
숭실대,31,BC,0,561.2997088447498,0,start,6,6,0,12.486002987265636,3,3,0,26.91723791338009,1,true,14.3,18,0,19.3,0
숭실대,31,BC,5,561.2997088447498,0,start,6,6,0,18.407769501205195,3,3,0,26.81735648864236,1,true,10.3,18,0,19.3,1.3400000000000034
숭실대,31,BC,10,561.2997088447498,0,start,6,6,0,25.073790934673895,3,3,0,53.91723791338009,1,true,62.3,18,0,19.3,3.1500000000000057
숭실대,31,BC,15,561.2997088447498,0,start,6,6,0,46.486002987265636,3,3,0,56.057237913380106,1,true,64.3,16,0,19.3,3.319999999999993
숭실대,31,ABC,0,603.4219590033542,0,start,9,9,0,12.373790934673906,2,2,0,27.057237913380106,1,true,14.4,23,0,23.5,0
숭실대,31,ABC,5,603.4219590033542,0,start,9,9,0,16.486002987265636,2,2,0,50.91723791338009,1,true,13.4,23,0,23.5,2.3000000000000114
숭실대,31,ABC,10,603.4219590033542,0,start,9,9,0,25.073790934673895,2,2,0,55.057237913380106,1,true,23.4,23,0,23.5,3.430000000000007
숭실대,31,ABC,15,603.4219590033542,0,start,9,9,0,46.486002987265636,2,2,0,56.057237913380106,1,true,31.4,19,0,23.5,3.3200000000000074
숭실대,32,최단,0,597.832216523981,0,start,2,2,0,12.11799114902766,6,6,0,26.777991149027685,0,true,14.8,12,0,8.3,1.9699999999999989
숭실대,32,최단,5,597.832216523981,0,start,2,2,0,18.532819539654895,6,6,0,23.90799114902768,0,true,15.8,12,0,8.3,5.969999999999999
숭실대,32,최단,10,597.832216523981,0,start,2,2,0,24.11799114902766,6,6,0,37.858148611458034,0,true,29.8,12,0,8.3,2.829999999999984
숭실대,32,최단,15,597.832216523981,0,start,2,2,0,49.8879911490277,6,6,0,38.858148611458034,0,true,51.8,12,0,8.3,8.969999999999999
숭실대,32,A,0,698.3100024277917,0,start,9,9,0,12.261834359111248,3,3,0,26.805281337817462,0,true,14.3,23,0,16.1,0
숭실대,32,A,5,698.3100024277917,0,start,9,9,0,13.48806227430373,3,3,0,18.805281337817462,0,true,18.3,23,0,16.1,1.339999999999975
숭실대,32,A,10,698.3100024277917,0,start,9,9,0,28.295812925642622,3,3,0,30.945281337817505,0,true,57.3,20,0,16.1,2.319999999999993
숭실대,32,A,15,698.3100024277917,4,start,2,2,0,24.261834359111248,1,1,0,30.748043424437313,0,true,88.3,12,13,16.1,2.319999999999993
숭실대,32,B,0,597.832216523981,0,start,2,2,0,12.11799114902766,6,6,0,26.777991149027685,0,true,14.8,12,0,12.9,1.9699999999999989
숭실대,32,B,5,597.832216523981,0,start,2,2,0,18.532819539654895,6,6,0,23.90799114902768,0,true,15.8,12,0,12.9,5.970000000000027
숭실대,32,B,10,597.832216523981,0,start,2,2,0,24.11799114902766,6,6,0,37.858148611458034,0,true,29.8,12,0,12.9,2.829999999999984
숭실대,32,B,15,597.832216523981,0,start,2,2,0,49.8879911490277,6,6,0,38.858148611458034,0,true,51.8,12,0,12.9,8.969999999999999
숭실대,32,C,0,698.3100024277917,0,start,9,9,0,12.261834359111248,3,3,0,26.805281337817462,0,true,14.3,23,0,15.9,0
숭실대,32,C,5,698.3100024277917,0,start,9,9,0,13.48806227430373,3,3,0,18.805281337817462,0,true,18.3,23,0,15.9,1.339999999999975
숭실대,32,C,10,698.3100024277917,0,start,9,9,0,28.295812925642622,3,3,0,30.945281337817505,0,true,57.3,20,0,15.9,2.319999999999993
숭실대,32,C,15,698.3100024277917,4,start,2,2,0,24.261834359111248,1,1,0,30.748043424437313,0,true,88.3,12,13,15.9,2.319999999999993
숭실대,32,AB,0,698.3100024277917,0,start,9,9,0,12.261834359111248,3,3,0,26.805281337817462,0,true,14.3,23,0,20.1,0
숭실대,32,AB,5,698.3100024277917,0,start,9,9,0,13.48806227430373,3,3,0,18.805281337817462,0,true,18.3,23,0,20.1,1.339999999999975
숭실대,32,AB,10,698.3100024277917,0,start,9,9,0,28.295812925642622,3,3,0,30.945281337817505,0,true,57.3,20,0,20.1,2.319999999999993
숭실대,32,AB,15,698.3100024277917,4,start,2,2,0,24.261834359111248,1,1,0,30.748043424437313,0,true,88.3,12,13,20.1,2.319999999999993
숭실대,32,AC,0,698.3100024277917,0,start,9,9,0,12.261834359111248,3,3,0,26.805281337817462,0,true,14.3,23,0,19.4,0
숭실대,32,AC,5,698.3100024277917,0,start,9,9,0,13.48806227430373,3,3,0,18.805281337817462,0,true,18.3,23,0,19.4,1.339999999999975
숭실대,32,AC,10,698.3100024277917,0,start,9,9,0,28.295812925642622,3,3,0,30.945281337817505,0,true,57.3,20,0,19.4,2.319999999999993
숭실대,32,AC,15,698.3100024277917,4,start,2,2,0,24.261834359111248,1,1,0,30.748043424437313,0,true,88.3,12,13,19.4,2.319999999999993
숭실대,32,BC,0,656.1877522691873,0,start,6,6,0,12.374046411703091,4,4,0,26.805281337817462,0,true,14.2,18,0,19.3,0
숭실대,32,BC,5,656.1877522691873,0,start,6,6,0,14.127779174312252,4,4,0,29.705399913079816,0,true,40.2,17,0,19.3,1.339999999999975
숭실대,32,BC,10,656.1877522691873,0,start,6,6,0,27.453261410222012,4,4,0,41.705399913079816,0,true,46.2,18,0,19.3,2.319999999999993
숭실대,32,BC,15,656.1877522691873,5,start,2,2,0,24.261834359111248,1,1,0,30.748043424437313,0,true,50.2,13,13,19.3,2.319999999999993
숭실대,32,ABC,0,698.3100024277917,0,start,9,9,0,12.261834359111248,3,3,0,26.805281337817462,0,true,14.3,23,0,23.5,0
숭실대,32,ABC,5,698.3100024277917,0,start,9,9,0,13.48806227430373,3,3,0,18.805281337817462,0,true,18.3,23,0,23.5,1.339999999999975
숭실대,32,ABC,10,698.3100024277917,0,start,9,9,0,28.295812925642622,3,3,0,30.945281337817505,0,true,57.3,20,0,23.5,2.319999999999993
숭실대,32,ABC,15,698.3100024277917,4,start,2,2,0,24.261834359111248,1,1,0,30.748043424437313,0,true,88.3,12,13,23.5,2.319999999999993
숭실대,33,최단,0,739.484687138234,0,start,2,2,0,12.77046176328065,7,7,0,22.160461763280637,0,true,14.5,13,0,8.3,1.9700000000000273
숭실대,33,최단,5,739.484687138234,0,start,2,2,0,17.18529015390783,7,7,0,26.776798241042382,0,true,13.5,13,0,8.3,6.970000000000027
숭실대,33,최단,10,739.484687138234,0,start,2,2,0,31.18529015390783,7,6,0,31.823843305640878,0,true,12.5,12,0,8.3,8.650000000000034
숭실대,33,최단,15,739.484687138234,0,start,2,2,0,74.41046176328064,7,6,0,31.823843305640878,0,true,53.5,11,0,8.3,8.650000000000034
숭실대,33,A,0,931.2167501814945,0,start,10,10,0,12.197226082118618,0,0,0,,1,true,14.2,23,0,16.1,2.34
숭실대,33,A,5,931.2167501814945,0,start,10,10,0,12.069696702351052,0,0,0,,1,true,15.2,23,0,16.1,3.1499999999999773
숭실대,33,A,10,931.2167501814945,0,start,10,10,0,18.3145754237665,0,0,0,,1,true,22.2,21,0,16.1,4
숭실대,33,A,15,931.2167501814945,0,start,10,10,1,34.0568338670509,0,0,0,,1,true,84.2,19,0,16.1,4.28000000000003
숭실대,33,B,0,739.484687138234,0,start,2,2,0,12.77046176328065,7,7,0,22.160461763280637,0,true,14.5,13,0,12.9,1.9700000000000273
숭실대,33,B,5,739.484687138234,0,start,2,2,0,17.18529015390783,7,7,0,26.776798241042385,0,true,13.5,13,0,12.9,6.970000000000027
숭실대,33,B,10,739.484687138234,0,start,2,2,0,31.18529015390783,7,6,0,31.823843305640878,0,true,12.5,12,0,12.9,8.650000000000034
숭실대,33,B,15,739.484687138234,0,start,2,2,0,74.41046176328064,7,6,0,31.823843305640878,0,true,53.5,11,0,12.9,8.650000000000034
숭실대,33,C,0,931.2167501814945,0,start,10,10,0,12.197226082118618,0,0,0,,1,true,14.2,23,0,16.1,2.34
숭실대,33,C,5,931.2167501814945,0,start,10,10,0,12.069696702351052,0,0,0,,1,true,15.2,23,0,16.1,3.1499999999999773
숭실대,33,C,10,931.2167501814945,0,start,10,10,0,18.3145754237665,0,0,0,,1,true,22.2,21,0,16.1,4
숭실대,33,C,15,931.2167501814945,0,start,10,10,1,34.0568338670509,0,0,0,,1,true,84.2,19,0,16.1,4.28000000000003
숭실대,33,AB,0,947.7378460801752,0,start,11,11,0,11.972612023885745,2,2,0,27.311050841804388,1,true,14.7,27,0,20.3,2.34
숭실대,33,AB,5,947.7378460801752,0,start,11,11,0,10.654542310465786,2,2,0,23.311050841804388,1,true,14.7,27,0,20.3,4.28000000000003
숭실대,33,AB,10,947.7378460801752,0,start,11,11,0,18.531777218734646,2,2,0,37.271050841804396,1,true,27.7,26,0,20.3,4.28000000000003
숭실대,33,AB,15,947.7378460801752,3,start,3,3,0,22.972612023885745,2,2,0,34.9710508418044,1,true,48.7,15,18,20.3,5.320000000000007
숭실대,33,AC,0,931.2167501814945,0,start,10,10,0,12.197226082118618,0,0,0,,1,true,14.2,23,0,19.6,2.34
숭실대,33,AC,5,931.2167501814945,0,start,10,10,0,12.069696702351052,0,0,0,,1,true,15.2,23,0,19.6,3.1499999999999773
숭실대,33,AC,10,931.2167501814945,0,start,10,10,0,18.3145754237665,0,0,0,,1,true,22.2,21,0,19.6,4
숭실대,33,AC,15,931.2167501814945,0,start,10,10,1,34.0568338670509,0,0,0,,1,true,84.2,19,0,19.6,4.28000000000003
숭실대,33,BC,0,931.2167501814945,0,start,10,10,0,12.197226082118618,0,0,0,,1,true,14.2,23,0,19.6,2.34
숭실대,33,BC,5,931.2167501814945,0,start,10,10,0,12.069696702351052,0,0,0,,1,true,15.2,23,0,19.6,3.1499999999999773
숭실대,33,BC,10,931.2167501814945,0,start,10,10,0,18.3145754237665,0,0,0,,1,true,22.2,21,0,19.6,4
숭실대,33,BC,15,931.2167501814945,0,start,10,10,1,34.0568338670509,0,0,0,,1,true,84.2,19,0,19.6,4.28000000000003
숭실대,33,ABC,0,947.7378460801752,0,start,11,11,0,11.972612023885745,2,2,0,27.311050841804388,1,true,14.7,27,0,23.8,2.34
숭실대,33,ABC,5,947.7378460801752,0,start,11,11,0,10.654542310465786,2,2,0,23.311050841804388,1,true,14.7,27,0,23.8,4.28000000000003
숭실대,33,ABC,10,947.7378460801752,0,start,11,11,0,18.531777218734646,2,2,0,37.271050841804396,1,true,27.7,26,0,23.8,4.28000000000003
숭실대,33,ABC,15,947.7378460801752,3,start,3,3,0,22.972612023885745,2,2,0,34.9710508418044,1,true,48.7,15,18,23.8,5.320000000000007
숭실대,34,최단,0,868.6504968766304,0,start,3,3,0,12.377773111237389,9,9,0,24.23425949258072,0,true,14.7,17,0,8.3,0
숭실대,34,최단,5,868.6504968766304,0,start,3,3,0,17.50425949258073,9,9,0,27.207551500183172,0,true,21.7,16,0,8.3,0
숭실대,34,최단,10,868.6504968766304,0,start,3,3,0,25.104259492580724,9,9,0,31.711448880918226,0,true,26.7,16,0,8.3,0.4000000000000057
숭실대,34,최단,15,868.6504968766304,0,start,3,3,0,66.3577731112373,9,8,0,36.846871556026485,0,true,47.7,14,0,8.3,6.440000000000055
숭실대,34,A,0,988.7942746168734,0,start,8,8,0,12.007895344821009,4,4,0,27.140960162863934,0,true,14.8,22,0,16.3,3.980000000000018
숭실대,34,A,5,988.7942746168734,0,start,8,8,0,16.87906901275693,4,4,0,29.830988712686008,0,true,16.8,22,0,16.3,4.980000000000018
숭실대,34,A,10,988.7942746168734,0,start,8,8,0,27.907550285284117,4,4,0,38.357550285284105,0,true,47.8,20,0,16.3,4.980000000000018
숭실대,34,A,15,988.7942746168734,0,start,8,8,0,40.87906901275693,4,4,0,45.357550285284105,0,true,47.8,19,0,16.3,3.829999999999984
숭실대,34,B,0,868.6504968766304,0,start,3,3,0,12.377773111237389,9,9,0,24.23425949258072,0,true,14.7,17,0,12.9,0
숭실대,34,B,5,868.6504968766304,0,start,3,3,0,17.50425949258073,9,9,0,27.207551500183172,0,true,21.7,16,0,12.9,0
숭실대,34,B,10,868.6504968766304,0,start,3,3,0,25.104259492580724,9,9,0,31.711448880918226,0,true,26.7,16,0,12.9,0.4000000000000057
숭실대,34,B,15,868.6504968766304,0,start,3,3,0,66.3577731112373,9,8,0,36.846871556026485,0,true,47.7,14,0,12.9,6.440000000000055
숭실대,34,C,0,988.7942746168734,0,start,8,8,0,12.007895344821009,4,4,0,27.140960162863934,0,true,14.8,22,0,16.3,3.980000000000018
숭실대,34,C,5,988.7942746168734,0,start,8,8,0,16.87906901275693,4,4,0,29.830988712686008,0,true,16.8,22,0,16.3,4.980000000000018
숭실대,34,C,10,988.7942746168734,0,start,8,8,0,27.907550285284117,4,4,0,38.357550285284105,0,true,47.8,20,0,16.3,4.980000000000018
숭실대,34,C,15,988.7942746168734,0,start,8,8,0,40.87906901275693,4,4,0,45.357550285284105,0,true,47.8,19,0,16.3,3.829999999999984
숭실대,34,AB,0,988.7942746168734,0,start,8,8,0,12.007895344821009,4,4,0,27.140960162863934,0,true,14.8,22,0,16.8,3.980000000000018
숭실대,34,AB,5,988.7942746168734,0,start,8,8,0,16.87906901275693,4,4,0,29.830988712686008,0,true,16.8,22,0,16.8,4.980000000000018
숭실대,34,AB,10,988.7942746168734,0,start,8,8,0,27.907550285284117,4,4,0,38.357550285284105,0,true,47.8,20,0,16.8,4.980000000000018
숭실대,34,AB,15,988.7942746168734,0,start,8,8,0,40.87906901275693,4,4,0,45.357550285284105,0,true,47.8,19,0,16.8,3.829999999999984
숭실대,34,AC,0,988.7942746168734,0,start,8,8,0,12.007895344821009,4,4,0,27.140960162863934,0,true,14.8,22,0,19.8,3.980000000000018
숭실대,34,AC,5,988.7942746168734,0,start,8,8,0,16.87906901275693,4,4,0,29.830988712686008,0,true,16.8,22,0,19.8,4.980000000000018
숭실대,34,AC,10,988.7942746168734,0,start,8,8,0,27.907550285284117,4,4,0,38.357550285284105,0,true,47.8,20,0,19.8,4.980000000000018
숭실대,34,AC,15,988.7942746168734,0,start,8,8,0,40.87906901275693,4,4,0,45.357550285284134,0,true,47.8,19,0,19.8,3.829999999999984
숭실대,34,BC,0,988.7942746168734,0,start,8,8,0,12.007895344821009,4,4,0,27.140960162863934,0,true,14.8,22,0,16.3,3.980000000000018
숭실대,34,BC,5,988.7942746168734,0,start,8,8,0,16.87906901275693,4,4,0,29.830988712686008,0,true,16.8,22,0,16.3,4.980000000000018
숭실대,34,BC,10,988.7942746168734,0,start,8,8,0,27.907550285284117,4,4,0,38.357550285284105,0,true,47.8,20,0,16.3,4.980000000000018
숭실대,34,BC,15,988.7942746168734,0,start,8,8,0,40.87906901275693,4,4,0,45.357550285284105,0,true,47.8,19,0,16.3,3.829999999999984
숭실대,34,ABC,0,988.7942746168734,0,start,8,8,0,12.007895344821009,4,4,0,27.140960162863934,0,true,14.8,22,0,20.3,3.980000000000018
숭실대,34,ABC,5,988.7942746168734,0,start,8,8,0,16.87906901275693,4,4,0,29.830988712686008,0,true,16.8,22,0,20.3,4.980000000000018
숭실대,34,ABC,10,988.7942746168734,0,start,8,8,0,27.907550285284117,4,4,0,38.357550285284105,0,true,47.8,20,0,20.3,4.980000000000018
숭실대,34,ABC,15,988.7942746168734,0,start,8,8,0,40.87906901275693,4,4,0,45.357550285284134,0,true,47.8,19,0,20.3,3.829999999999984
숭실대,35,최단,0,817.1493550559713,0,start,6,6,0,12.530732524241145,9,9,0,26.48341224779338,0,true,14.1,23,0,8.3,2.680000000000007
숭실대,35,최단,5,817.1493550559713,0,start,6,6,0,19.530732524241145,9,9,0,29.836631290578225,0,true,19.1,23,0,8.3,2.680000000000007
숭실대,35,최단,10,817.1493550559713,0,start,6,6,0,21.530732524241145,9,9,0,33.2103070602592,0,true,24.1,23,0,8.3,5.960000000000008
숭실대,35,최단,15,817.1493550559713,3,start,1,1,0,22.530732524241145,1,1,0,30.66,0,true,24.1,12,18,8.3,10.110000000000014
숭실대,35,A,0,852.9201365793826,0,start,7,7,0,12.033412247793393,4,4,0,27.47849007201205,0,true,14.9,20,0,15.2,3.980000000000018
숭실대,35,A,5,852.9201365793826,0,start,7,7,0,16.033412247793393,4,4,0,28.66,0,true,22.9,20,0,15.2,4.980000000000018
숭실대,35,A,10,852.9201365793826,0,start,7,7,0,17.73341224779338,4,4,0,38.9568506751952,0,true,23.9,19,0,15.2,5.959999999999994
숭실대,35,A,15,852.9201365793826,0,start,7,7,0,21.053412247793375,4,4,0,39.9568506751952,0,true,58.9,19,0,15.2,7.110000000000014
숭실대,35,B,0,817.1493550559713,0,start,6,6,0,12.530732524241145,9,9,0,26.48341224779338,0,true,14.1,23,0,12.9,2.680000000000007
숭실대,35,B,5,817.1493550559713,0,start,6,6,0,19.530732524241145,9,9,0,29.836631290578225,0,true,19.1,23,0,12.9,2.680000000000007
숭실대,35,B,10,817.1493550559713,0,start,6,6,0,21.530732524241145,9,9,0,33.2103070602592,0,true,24.1,23,0,12.9,5.959999999999994
숭실대,35,B,15,817.1493550559713,3,start,1,1,0,22.530732524241145,1,1,0,30.66,0,true,24.1,12,20,12.9,10.11
숭실대,35,C,0,852.9201365793826,0,start,7,7,0,12.033412247793393,4,4,0,27.47849007201205,0,true,14.9,20,0,15.9,3.980000000000018
숭실대,35,C,5,852.9201365793826,0,start,7,7,0,16.033412247793393,4,4,0,28.66,0,true,22.9,20,0,15.9,4.980000000000018
숭실대,35,C,10,852.9201365793826,0,start,7,7,0,17.73341224779338,4,4,0,38.9568506751952,0,true,23.9,19,0,15.9,5.960000000000008
숭실대,35,C,15,852.9201365793826,0,start,7,7,0,21.053412247793375,4,4,0,39.9568506751952,0,true,58.9,19,0,15.9,7.110000000000014
숭실대,35,AB,0,817.1493550559713,0,start,6,6,0,12.530732524241145,9,9,0,26.48341224779338,0,true,14.1,23,0,13.4,2.680000000000007
숭실대,35,AB,5,817.1493550559713,0,start,6,6,0,19.530732524241145,9,9,0,29.836631290578225,0,true,19.1,23,0,13.4,2.680000000000007
숭실대,35,AB,10,817.1493550559713,0,start,6,6,0,21.530732524241145,9,9,0,33.2103070602592,0,true,24.1,23,0,13.4,5.960000000000008
숭실대,35,AB,15,817.1493550559713,3,start,1,1,0,22.530732524241145,1,1,0,30.66,0,true,24.1,12,20,13.4,10.110000000000014
숭실대,35,AC,0,852.9201365793826,0,start,7,7,0,12.033412247793393,4,4,0,27.47849007201205,0,true,14.9,20,0,18.8,3.980000000000018
숭실대,35,AC,5,852.9201365793826,0,start,7,7,0,16.033412247793393,4,4,0,28.66,0,true,22.9,20,0,18.8,4.980000000000018
숭실대,35,AC,10,852.9201365793826,0,start,7,7,0,17.73341224779338,4,4,0,38.9568506751952,0,true,23.9,19,0,18.8,5.959999999999994
숭실대,35,AC,15,852.9201365793826,0,start,7,7,0,21.053412247793375,4,4,0,39.9568506751952,0,true,58.9,19,0,18.8,7.110000000000014
숭실대,35,BC,0,817.1493550559713,0,start,6,6,0,12.530732524241145,9,9,0,26.48341224779338,0,true,14.1,23,0,13.4,2.680000000000007
숭실대,35,BC,5,817.1493550559713,0,start,6,6,0,19.530732524241145,9,9,0,29.836631290578225,0,true,19.1,23,0,13.4,2.680000000000007
숭실대,35,BC,10,817.1493550559713,0,start,6,6,0,21.530732524241145,9,9,0,33.2103070602592,0,true,24.1,23,0,13.4,5.960000000000008
숭실대,35,BC,15,817.1493550559713,3,start,1,1,0,22.530732524241145,1,1,0,30.66,0,true,24.1,12,20,13.4,10.110000000000014
숭실대,35,ABC,0,817.1493550559713,0,start,6,6,0,12.530732524241145,9,9,0,26.48341224779338,0,true,14.1,23,0,14.3,2.680000000000007
숭실대,35,ABC,5,817.1493550559713,0,start,6,6,0,19.530732524241145,9,9,0,29.836631290578225,0,true,19.1,23,0,14.3,2.680000000000007
숭실대,35,ABC,10,817.1493550559713,0,start,6,6,0,21.530732524241145,9,9,0,33.2103070602592,0,true,24.1,23,0,14.3,5.960000000000008
숭실대,35,ABC,15,817.1493550559713,3,start,1,1,0,22.530732524241145,1,1,0,30.66,0,true,24.1,12,20,14.3,10.110000000000014
숭실대,36,최단,0,642.1896022771886,0,start,2,2,0,12.672108850482331,7,7,0,24.746656900741357,0,true,14.2,13,0,8.3,0
숭실대,36,최단,5,642.1896022771886,0,start,2,2,0,15.916878511795517,7,7,0,28.746656900741357,0,true,11.2,13,0,8.3,0
숭실대,36,최단,10,642.1896022771886,0,start,2,2,0,51.896878511795535,7,7,0,45.74665690074136,0,true,10.2,12,0,8.3,6.439999999999998
숭실대,36,최단,15,642.1896022771886,2,start,1,1,0,31.67210885048233,4,4,0,50.47109443012039,0,true,10.2,11,2,8.3,4.439999999999998
숭실대,36,A,0,752.4925343105072,0,start,4,4,0,11.706155038454767,4,4,0,27.115322688903873,1,true,14.5,14,0,15.4,2.6799999999999997
숭실대,36,A,5,752.4925343105072,0,start,4,4,0,18.407328706390643,4,4,0,29.115322688903873,1,true,16.5,14,0,15.4,2.6799999999999997
숭실대,36,A,10,752.4925343105072,0,start,4,4,0,22.407328706390643,4,4,0,45.52924840631965,1,true,36.5,14,0,15.4,2.6799999999999997
숭실대,36,A,15,752.4925343105072,0,start,4,4,0,40.74732870639062,4,4,0,46.230853177477016,1,true,42.5,13,0,15.4,4.660000000000011
숭실대,36,B,0,642.1896022771886,0,start,2,2,0,12.672108850482331,7,7,0,24.746656900741357,0,true,14.2,13,0,12.9,0
숭실대,36,B,5,642.1896022771886,0,start,2,2,0,15.916878511795517,7,7,0,28.746656900741357,0,true,11.2,13,0,12.9,0
숭실대,36,B,10,642.1896022771886,0,start,2,2,0,51.896878511795535,7,7,0,45.74665690074136,0,true,10.2,12,0,12.9,6.439999999999998
숭실대,36,B,15,642.1896022771886,2,start,1,1,0,31.67210885048233,4,4,0,50.47109443012039,0,true,10.2,11,2,12.9,4.439999999999998
숭실대,36,C,0,739.052610612849,0,start,5,5,0,12.266231340796594,3,3,0,26.52784498412322,0,true,14.1,15,0,16.1,3.6499999999999986
숭실대,36,C,5,739.052610612849,0,start,5,5,0,12.68994676369823,3,3,0,26.52784498412322,0,true,23.1,15,0,16.1,9.649999999999999
숭실대,36,C,10,739.052610612849,0,start,5,5,0,18.90784498412323,3,3,0,32.08932470866142,0,true,25.1,14,0,16.1,2.1499999999999986
숭실대,36,C,15,739.052610612849,0,start,5,5,0,31.96740500873237,3,3,0,55.08932470866142,0,true,42.1,13,0,16.1,12.970000000000002
숭실대,36,AB,0,753.9960703518834,0,start,5,5,0,11.910864747766851,4,4,0,27.03278444769586,0,true,15,16,0,15.9,1.1500000000000021
숭실대,36,AB,5,753.9960703518834,0,start,5,5,0,18.12438921885321,4,4,0,30.61885873028008,0,true,12,16,0,15.9,2.470000000000006
숭실대,36,AB,10,753.9960703518834,0,start,5,5,0,23.209691079831032,4,4,0,46.03278444769586,0,true,38,16,0,15.9,4.129999999999999
숭실대,36,AB,15,753.9960703518834,0,start,5,5,0,30.124389218853214,4,4,0,47.03278444769586,0,true,43,15,0,15.9,7.470000000000002
숭실대,36,AC,0,752.4925343105072,0,start,4,4,0,11.706155038454767,4,4,0,27.115322688903873,1,true,14.5,14,0,18.9,2.6799999999999997
숭실대,36,AC,5,752.4925343105072,0,start,4,4,0,18.407328706390643,4,4,0,29.115322688903873,1,true,16.5,14,0,18.9,2.6799999999999997
숭실대,36,AC,10,752.4925343105072,0,start,4,4,0,22.407328706390643,4,4,0,45.52924840631965,1,true,36.5,14,0,18.9,2.6799999999999997
숭실대,36,AC,15,752.4925343105072,0,start,4,4,0,40.74732870639062,4,4,0,46.230853177477016,1,true,42.5,13,0,18.9,4.660000000000011
숭실대,36,BC,0,753.9960703518834,0,start,5,5,0,11.910864747766851,4,4,0,27.03278444769586,0,true,15,16,0,16.1,1.1500000000000021
숭실대,36,BC,5,753.9960703518834,0,start,5,5,0,18.12438921885321,4,4,0,30.61885873028008,0,true,12,16,0,16.1,2.470000000000006
숭실대,36,BC,10,753.9960703518834,0,start,5,5,0,23.209691079831032,4,4,0,46.03278444769586,0,true,38,16,0,16.1,4.129999999999999
숭실대,36,BC,15,753.9960703518834,0,start,5,5,0,30.124389218853214,4,4,0,47.03278444769586,0,true,43,15,0,16.1,7.470000000000002
숭실대,36,ABC,0,753.9960703518834,0,start,5,5,0,11.910864747766851,4,4,0,27.03278444769586,0,true,15,16,0,19.4,1.1500000000000021
숭실대,36,ABC,5,753.9960703518834,0,start,5,5,0,18.12438921885321,4,4,0,30.61885873028008,0,true,12,16,0,19.4,2.470000000000006
숭실대,36,ABC,10,753.9960703518834,0,start,5,5,0,23.209691079831032,4,4,0,46.03278444769586,0,true,38,16,0,19.4,4.129999999999999
숭실대,36,ABC,15,753.9960703518834,0,start,5,5,0,30.124389218853214,4,4,0,47.03278444769586,0,true,43,15,0,19.4,7.470000000000002
숭실대,37,최단,0,342.5529453764472,0,start,1,1,0,12.280221611054174,3,3,0,26.733200267318352,1,true,14.6,8,0,8.3,0
숭실대,37,최단,5,342.5529453764472,0,start,1,1,0,14.280221611054188,3,3,0,27.733200267318352,1,true,18.6,8,0,8.3,1.2999999999999972
숭실대,37,최단,10,342.5529453764472,0,start,1,1,0,25.280221611054188,3,3,0,30.733200267318352,1,true,28.6,8,0,8.3,6.439999999999998
숭실대,37,최단,15,342.5529453764472,0,start,1,1,0,25.280221611054188,3,3,0,38.112945376447215,1,true,28.6,8,0,8.3,0
숭실대,37,A,0,418.30264155002766,0,start,3,3,0,12.39341475478841,0,0,0,,1,true,14.3,9,0,15.4,0
숭실대,37,A,5,418.30264155002766,0,start,3,3,0,16.161494365350165,0,0,0,,1,true,17.3,9,0,15.4,0
숭실대,37,A,10,418.30264155002766,0,start,3,3,0,21.39341475478841,0,0,0,,1,true,19.3,8,0,15.4,0
숭실대,37,A,15,418.30264155002766,0,start,3,3,0,74.3734147547884,0,0,0,,1,true,19.3,6,0,15.4,3.1500000000000057
숭실대,37,B,0,342.5529453764472,0,start,1,1,0,12.280221611054174,3,3,0,26.733200267318352,1,true,14.6,8,0,12.9,0
숭실대,37,B,5,342.5529453764472,0,start,1,1,0,14.280221611054174,3,3,0,27.733200267318352,1,true,18.6,8,0,12.9,1.3000000000000114
숭실대,37,B,10,342.5529453764472,0,start,1,1,0,25.280221611054188,3,3,0,30.733200267318352,1,true,28.6,8,0,12.9,6.439999999999998
숭실대,37,B,15,342.5529453764472,0,start,1,1,0,25.280221611054188,3,3,0,38.112945376447215,1,true,28.6,8,0,12.9,0
숭실대,37,C,0,418.30264155002766,0,start,3,3,0,12.39341475478841,0,0,0,,1,true,14.3,9,0,15.9,0
숭실대,37,C,5,418.30264155002766,0,start,3,3,0,16.161494365350165,0,0,0,,1,true,17.3,9,0,15.9,0
숭실대,37,C,10,418.30264155002766,0,start,3,3,0,21.39341475478841,0,0,0,,1,true,19.3,8,0,15.9,0
숭실대,37,C,15,418.30264155002766,0,start,3,3,0,74.3734147547884,0,0,0,,1,true,19.3,6,0,15.9,3.1500000000000057
숭실대,37,AB,0,342.5529453764472,0,start,1,1,0,12.280221611054174,3,3,0,26.733200267318352,1,true,14.6,8,0,13.4,0
숭실대,37,AB,5,342.5529453764472,0,start,1,1,0,14.280221611054174,3,3,0,27.733200267318352,1,true,18.6,8,0,13.4,1.3000000000000114
숭실대,37,AB,10,342.5529453764472,0,start,1,1,0,25.280221611054188,3,3,0,30.733200267318352,1,true,28.6,8,0,13.4,6.439999999999998
숭실대,37,AB,15,342.5529453764472,0,start,1,1,0,25.280221611054188,3,3,0,38.112945376447215,1,true,28.6,8,0,13.4,0
숭실대,37,AC,0,418.30264155002766,0,start,3,3,0,12.39341475478841,0,0,0,,1,true,14.3,9,0,18.8,0
숭실대,37,AC,5,418.30264155002766,0,start,3,3,0,16.161494365350165,0,0,0,,1,true,17.3,9,0,18.8,0
숭실대,37,AC,10,418.30264155002766,0,start,3,3,0,21.39341475478841,0,0,0,,1,true,19.3,8,0,18.8,0
숭실대,37,AC,15,418.30264155002766,0,start,3,3,0,74.3734147547884,0,0,0,,1,true,19.3,6,0,18.8,3.1500000000000057
숭실대,37,BC,0,342.5529453764472,0,start,1,1,0,12.280221611054174,3,3,0,26.733200267318352,1,true,14.6,8,0,13.4,0
숭실대,37,BC,5,342.5529453764472,0,start,1,1,0,14.280221611054174,3,3,0,27.733200267318352,1,true,18.6,8,0,13.4,1.3000000000000114
숭실대,37,BC,10,342.5529453764472,0,start,1,1,0,25.280221611054188,3,3,0,30.733200267318352,1,true,28.6,8,0,13.4,6.439999999999998
숭실대,37,BC,15,342.5529453764472,0,start,1,1,0,25.280221611054188,3,3,0,38.112945376447215,1,true,28.6,8,0,13.4,0
숭실대,37,ABC,0,342.5529453764472,0,start,1,1,0,12.280221611054174,3,3,0,26.733200267318352,1,true,14.6,8,0,14.3,0
숭실대,37,ABC,5,342.5529453764472,0,start,1,1,0,14.280221611054174,3,3,0,27.733200267318352,1,true,18.6,8,0,14.3,1.3000000000000114
숭실대,37,ABC,10,342.5529453764472,0,start,1,1,0,25.280221611054188,3,3,0,30.733200267318352,1,true,28.6,8,0,14.3,6.439999999999998
숭실대,37,ABC,15,342.5529453764472,0,start,1,1,0,25.280221611054188,3,3,0,38.112945376447215,1,true,28.6,8,0,14.3,0
숭실대,38,최단,0,337.5060955812134,0,start,3,3,0,11.872040526623778,3,3,0,23.73382273287669,1,true,14.5,12,0,8.3,4.759999999999991
숭실대,38,최단,5,337.5060955812134,0,start,3,3,0,13.872040526623778,3,3,0,28.67167796741313,1,true,21.5,12,0,8.3,7.439999999999998
숭실대,38,최단,10,337.5060955812134,1,start,0,0,0,,0,0,0,,1,true,37.5,13,0,8.3,7.439999999999998
숭실대,38,최단,15,337.5060955812134,1,start,0,0,0,,0,0,0,,1,true,39.5,14,0,8.3,9.759999999999991
숭실대,38,A,0,346.0262309515456,0,start,3,3,0,12.117004156306308,0,0,0,,1,true,14,9,0,15.9,0
숭실대,38,A,5,346.0262309515456,0,start,3,3,0,17.117004156306308,0,0,0,,1,true,20,9,0,15.9,2.1500000000000057
숭실대,38,A,10,346.0262309515456,1,start,0,0,0,,0,0,0,,1,true,45,9,0,12,2.1500000000000057
숭실대,38,A,15,346.0262309515456,1,start,0,0,0,,0,0,0,,1,true,45,10,0,12,2.6799999999999997
숭실대,38,B,0,347.60970514377715,0,start,4,4,0,11.70521428481186,2,2,0,20.34565008918753,0,true,14.6,11,0,16.1,5.759999999999991
숭실대,38,B,5,347.60970514377715,0,start,4,4,0,11.915650089187523,2,2,0,19.665650089187523,0,true,26.6,11,0,16.1,9.740000000000009
숭실대,38,B,10,347.60970514377715,0,start,4,3,0,29.70521428481186,2,2,0,19.665650089187523,0,true,46.6,9,1,12.9,7.759999999999991
숭실대,38,B,15,347.60970514377715,0,start,4,4,0,22.675650089187513,2,2,0,49.66565008918752,0,true,46.6,11,0,12.9,7.439999999999998
숭실대,38,C,0,346.0262309515456,0,start,3,3,0,12.117004156306308,0,0,0,,1,true,14,9,0,15.7,0
숭실대,38,C,5,346.0262309515456,0,start,3,3,0,17.117004156306308,0,0,0,,1,true,20,9,0,15.7,2.1500000000000057
숭실대,38,C,10,346.0262309515456,1,start,0,0,0,,0,0,0,,1,true,45,9,0,12.6,2.1500000000000057
숭실대,38,C,15,346.0262309515456,1,start,0,0,0,,0,0,0,,1,true,45,10,0,12.6,2.6799999999999997
숭실대,38,AB,0,347.8753961161626,0,start,2,2,0,12.089016844110233,1,1,0,7.6977006555848675,0,true,14.9,6,0,19.8,2.6799999999999997
숭실대,38,AB,5,347.8753961161626,0,start,2,2,0,17.089016844110233,1,1,0,7.6977006555848675,0,true,18.9,6,0,19.8,2.6799999999999997
숭실대,38,AB,10,347.8753961161626,0,start,2,1,0,27.089016844110233,1,1,0,7.6977006555848675,0,true,46.9,5,0,12.6,0
숭실대,38,AB,15,347.8753961161626,0,start,2,2,0,28.089016844110233,1,1,0,7.6977006555848675,0,true,46.9,6,0,12.6,2.6799999999999997
숭실대,38,AC,0,346.0262309515456,0,start,3,3,0,12.117004156306308,0,0,0,,1,true,14,9,0,19.3,0
숭실대,38,AC,5,346.0262309515456,0,start,3,3,0,17.117004156306308,0,0,0,,1,true,20,9,0,19.3,2.1500000000000057
숭실대,38,AC,10,346.0262309515456,1,start,0,0,0,,0,0,0,,1,true,45,9,0,15.4,2.1500000000000057
숭실대,38,AC,15,346.0262309515456,1,start,0,0,0,,0,0,0,,1,true,45,10,0,15.4,2.6799999999999997
숭실대,38,BC,0,347.8753961161626,0,start,2,2,0,12.089016844110233,1,1,0,7.6977006555848675,0,true,14.9,6,0,19.1,2.6799999999999997
숭실대,38,BC,5,347.8753961161626,0,start,2,2,0,17.089016844110233,1,1,0,7.6977006555848675,0,true,18.9,6,0,19.1,2.6799999999999997
숭실대,38,BC,10,347.8753961161626,0,start,2,1,0,27.089016844110233,1,1,0,7.6977006555848675,0,true,46.9,5,0,12.6,0
숭실대,38,BC,15,347.8753961161626,0,start,2,2,0,28.089016844110233,1,1,0,7.6977006555848675,0,true,46.9,6,0,12.6,2.6799999999999997
숭실대,38,ABC,0,347.8753961161626,0,start,2,2,0,12.089016844110233,1,1,0,7.6977006555848675,0,true,14.9,6,0,23.1,2.6799999999999997
숭실대,38,ABC,5,347.8753961161626,0,start,2,2,0,17.089016844110233,1,1,0,7.6977006555848675,0,true,18.9,6,0,23.1,2.6799999999999997
숭실대,38,ABC,10,347.8753961161626,0,start,2,1,0,27.089016844110233,1,1,0,7.6977006555848675,0,true,46.9,5,0,15.9,0
숭실대,38,ABC,15,347.8753961161626,0,start,2,2,0,28.089016844110233,1,1,0,7.6977006555848675,0,true,46.9,6,0,15.9,2.6799999999999997
숭실대,39,최단,0,103.58256204438142,0,start,1,1,0,9.074509007633281,1,1,0,22.14256204438142,1,true,14.6,6,0,8.3,3.4399999999999977
숭실대,39,최단,5,103.58256204438142,0,start,1,1,0,17.51450900763328,1,1,0,32.14256204438142,1,true,17.6,6,0,8.3,0
숭실대,39,최단,10,103.58256204438142,0,start,1,1,0,20.07450900763328,1,1,0,33.14256204438142,1,true,30.6,6,0,8.3,6.439999999999998
숭실대,39,최단,15,103.58256204438142,1,start,0,0,0,,0,0,0,,1,true,39.6,9,0,8.3,6.569999999999993
숭실대,39,A,0,128.68801032601743,0,start,3,3,0,12.420742115978285,0,0,0,,0,true,14.7,8,0,15.2,3.3200000000000003
숭실대,39,A,5,128.68801032601743,0,start,3,3,0,16.30108715212342,0,0,0,,0,true,21.7,7,0,15.2,2.3000000000000007
숭실대,39,A,10,128.68801032601743,0,start,3,3,0,19.420742115978285,0,0,0,,0,true,23.7,7,0,15.2,2.3000000000000007
숭실대,39,A,15,128.68801032601743,0,start,3,2,0,79.40074211597829,0,0,0,,0,true,24.7,4,0,12.9,0
숭실대,39,B,0,128.68801032601743,0,start,3,3,0,12.420742115978271,0,0,0,,0,true,14.7,8,0,16.3,3.3200000000000003
숭실대,39,B,5,128.68801032601743,0,start,3,3,0,16.30108715212342,0,0,0,,0,true,21.7,7,0,16.3,2.3000000000000007
숭실대,39,B,10,128.68801032601743,0,start,3,3,0,19.420742115978285,0,0,0,,0,true,23.7,7,0,16.3,2.3000000000000007
숭실대,39,B,15,128.68801032601743,0,start,3,2,0,79.40074211597829,0,0,0,,0,true,24.7,4,0,12.9,0
숭실대,39,C,0,128.68801032601743,0,start,3,3,0,12.420742115978271,0,0,0,,0,true,14.7,8,0,15.7,3.3200000000000003
숭실대,39,C,5,128.68801032601743,0,start,3,3,0,16.30108715212342,0,0,0,,0,true,21.7,7,0,15.7,2.3000000000000007
숭실대,39,C,10,128.68801032601743,0,start,3,3,0,19.420742115978285,0,0,0,,0,true,23.7,7,0,15.7,2.3000000000000007
숭실대,39,C,15,128.68801032601743,0,start,3,2,0,79.40074211597829,0,0,0,,0,true,24.7,4,0,13.4,0
숭실대,39,AB,0,128.68801032601743,0,start,3,3,0,12.420742115978271,0,0,0,,0,true,14.7,8,0,19.3,3.3200000000000003
숭실대,39,AB,5,128.68801032601743,0,start,3,3,0,16.30108715212342,0,0,0,,0,true,21.7,7,0,19.3,2.3000000000000007
숭실대,39,AB,10,128.68801032601743,0,start,3,3,0,19.420742115978285,0,0,0,,0,true,23.7,7,0,19.3,2.3000000000000007
숭실대,39,AB,15,128.68801032601743,0,start,3,2,0,79.40074211597829,0,0,0,,0,true,24.7,4,0,13.4,0
숭실대,39,AC,0,128.68801032601743,0,start,3,3,0,12.420742115978271,0,0,0,,0,true,14.7,8,0,18.6,3.3200000000000003
숭실대,39,AC,5,128.68801032601743,0,start,3,3,0,16.30108715212342,0,0,0,,0,true,21.7,7,0,18.6,2.3000000000000007
숭실대,39,AC,10,128.68801032601743,0,start,3,3,0,19.420742115978285,0,0,0,,0,true,23.7,7,0,18.6,2.3000000000000007
숭실대,39,AC,15,128.68801032601743,0,start,3,2,0,79.40074211597829,0,0,0,,0,true,24.7,4,0,13.7,0
숭실대,39,BC,0,128.68801032601743,0,start,3,3,0,12.420742115978271,0,0,0,,0,true,14.7,8,0,19.3,3.3200000000000003
숭실대,39,BC,5,128.68801032601743,0,start,3,3,0,16.30108715212342,0,0,0,,0,true,21.7,7,0,19.3,2.3000000000000007
숭실대,39,BC,10,128.68801032601743,0,start,3,3,0,19.420742115978285,0,0,0,,0,true,23.7,7,0,19.3,2.3000000000000007
숭실대,39,BC,15,128.68801032601743,0,start,3,2,0,79.40074211597829,0,0,0,,0,true,24.7,4,0,13.4,0
숭실대,39,ABC,0,128.68801032601743,0,start,3,3,0,12.420742115978271,0,0,0,,0,true,14.7,8,0,22.6,3.3200000000000003
숭실대,39,ABC,5,128.68801032601743,0,start,3,3,0,16.30108715212342,0,0,0,,0,true,21.7,7,0,22.6,2.3000000000000007
숭실대,39,ABC,10,128.68801032601743,0,start,3,3,0,19.42074211597827,0,0,0,,0,true,23.7,7,0,22.6,2.3000000000000007
숭실대,39,ABC,15,128.68801032601743,0,start,3,2,0,79.40074211597829,0,0,0,,0,true,24.7,4,0,14.3,0
숭실대,40,최단,0,123.36112955939285,0,start,0,0,0,,0,0,0,,1,true,14.4,3,0,8.3,0
숭실대,40,최단,5,123.36112955939285,0,start,0,0,0,,0,0,0,,1,true,20.4,3,0,8.3,0
숭실대,40,최단,10,123.36112955939285,0,start,0,0,0,,0,0,0,,1,true,25.4,2,0,8.3,0
숭실대,40,최단,15,123.36112955939285,0,start,0,0,0,,0,0,0,,1,true,25.4,2,0,8.3,0
숭실대,40,A,0,123.36112955939285,0,start,0,0,0,,0,0,0,,1,true,14.4,3,0,12.9,0
숭실대,40,A,5,123.36112955939285,0,start,0,0,0,,0,0,0,,1,true,20.4,3,0,12.9,0
숭실대,40,A,10,123.36112955939285,0,start,0,0,0,,0,0,0,,1,true,25.4,2,0,12.9,0
숭실대,40,A,15,123.36112955939285,0,start,0,0,0,,0,0,0,,1,true,25.4,2,0,12.9,0
숭실대,40,B,0,123.36112955939285,0,start,0,0,0,,0,0,0,,1,true,14.4,3,0,12.9,0
숭실대,40,B,5,123.36112955939285,0,start,0,0,0,,0,0,0,,1,true,20.4,3,0,12.9,0
숭실대,40,B,10,123.36112955939285,0,start,0,0,0,,0,0,0,,1,true,25.4,2,0,12.9,0
숭실대,40,B,15,123.36112955939285,0,start,0,0,0,,0,0,0,,1,true,25.4,2,0,12.9,0
숭실대,40,C,0,123.36112955939285,0,start,0,0,0,,0,0,0,,1,true,14.4,3,0,13.4,0
숭실대,40,C,5,123.36112955939285,0,start,0,0,0,,0,0,0,,1,true,20.4,3,0,13.4,0
숭실대,40,C,10,123.36112955939285,0,start,0,0,0,,0,0,0,,1,true,25.4,2,0,13.4,0
숭실대,40,C,15,123.36112955939285,0,start,0,0,0,,0,0,0,,1,true,25.4,2,0,13.4,0
숭실대,40,AB,0,123.36112955939285,0,start,0,0,0,,0,0,0,,1,true,14.4,3,0,13.4,0
숭실대,40,AB,5,123.36112955939285,0,start,0,0,0,,0,0,0,,1,true,20.4,3,0,13.4,0
숭실대,40,AB,10,123.36112955939285,0,start,0,0,0,,0,0,0,,1,true,25.4,2,0,13.4,0
숭실대,40,AB,15,123.36112955939285,0,start,0,0,0,,0,0,0,,1,true,25.4,2,0,13.4,0
숭실대,40,AC,0,123.36112955939285,0,start,0,0,0,,0,0,0,,1,true,14.4,3,0,13.7,0
숭실대,40,AC,5,123.36112955939285,0,start,0,0,0,,0,0,0,,1,true,20.4,3,0,13.7,0
숭실대,40,AC,10,123.36112955939285,0,start,0,0,0,,0,0,0,,1,true,25.4,2,0,13.7,0
숭실대,40,AC,15,123.36112955939285,0,start,0,0,0,,0,0,0,,1,true,25.4,2,0,13.7,0
숭실대,40,BC,0,123.36112955939285,0,start,0,0,0,,0,0,0,,1,true,14.4,3,0,13.4,0
숭실대,40,BC,5,123.36112955939285,0,start,0,0,0,,0,0,0,,1,true,20.4,3,0,13.4,0
숭실대,40,BC,10,123.36112955939285,0,start,0,0,0,,0,0,0,,1,true,25.4,2,0,13.4,0
숭실대,40,BC,15,123.36112955939285,0,start,0,0,0,,0,0,0,,1,true,25.4,2,0,13.4,0
숭실대,40,ABC,0,123.36112955939285,0,start,0,0,0,,0,0,0,,1,true,14.4,3,0,14.3,0
숭실대,40,ABC,5,123.36112955939285,0,start,0,0,0,,0,0,0,,1,true,20.4,3,0,14.3,0
숭실대,40,ABC,10,123.36112955939285,0,start,0,0,0,,0,0,0,,1,true,25.4,2,0,14.3,0
숭실대,40,ABC,15,123.36112955939285,0,start,0,0,0,,0,0,0,,1,true,25.4,2,0,14.3,0
숭실대,41,최단,0,813.213831743219,0,start,1,1,0,11.941107977825936,10,10,0,24.770886366771776,1,true,14.2,15,0,8.3,2.6799999999999997
숭실대,41,최단,5,813.213831743219,0,start,1,1,0,12.941107977825936,10,10,0,27.77383174321892,1,true,11.2,14,0,8.3,0
숭실대,41,최단,10,813.213831743219,0,start,1,1,0,20.941107977825936,10,10,0,32.41020642261515,1,true,28.2,14,0,8.3,0
숭실대,41,최단,15,813.213831743219,0,start,1,1,0,65.92110797782584,10,9,0,42.346338316512686,1,true,35.2,12,0,8.3,2.6799999999999997
숭실대,41,A,0,905.0710591593825,0,start,4,4,0,11.98585355526609,6,6,0,26.673291857892764,1,true,14.1,17,0,15.4,2.6799999999999997
숭실대,41,A,5,905.0710591593825,0,start,4,4,0,17.28467988733007,6,6,0,30.410206422615147,1,true,23.1,16,0,15.4,2.6799999999999784
숭실대,41,A,10,905.0710591593825,1,start,0,0,0,,2,1,0,15.618397986824931,1,true,40.1,10,6,18.9,2.34
숭실대,41,A,15,905.0710591593825,1,start,0,0,0,,2,1,0,15.618397986824931,1,true,41.1,13,5,18.9,2.680000000000007
숭실대,41,B,0,813.213831743219,0,start,1,1,0,11.941107977825936,10,10,0,24.770886366771776,1,true,14.2,15,0,12.9,2.6799999999999997
숭실대,41,B,5,813.213831743219,0,start,1,1,0,12.941107977825936,10,10,0,27.77383174321892,1,true,11.2,14,0,12.9,0
숭실대,41,B,10,813.213831743219,0,start,1,1,0,20.941107977825936,10,10,0,32.41020642261515,1,true,28.2,14,0,12.9,0
숭실대,41,B,15,813.213831743219,0,start,1,1,0,65.92110797782584,10,9,0,42.346338316512686,1,true,35.2,12,0,12.9,2.6799999999999997
숭실대,41,C,0,905.0710591593825,0,start,4,4,0,11.98585355526609,6,6,0,26.673291857892764,1,true,14.1,17,0,16.1,2.6799999999999997
숭실대,41,C,5,905.0710591593825,0,start,4,4,0,17.28467988733007,6,6,0,30.410206422615147,1,true,23.1,16,0,16.1,2.680000000000007
숭실대,41,C,10,905.0710591593825,0,start,4,4,0,27.56384753777934,6,6,0,32.41020642261515,1,true,40.1,15,0,16.1,2.680000000000007
숭실대,41,C,15,905.0710591593825,0,start,4,4,0,37.37329185789278,6,6,0,49.673291857892764,1,true,41.1,16,0,16.1,2.680000000000007
숭실대,41,AB,0,905.0710591593825,0,start,4,4,0,11.98585355526609,6,6,0,26.673291857892764,1,true,14.1,17,0,15.9,2.6799999999999997
숭실대,41,AB,5,905.0710591593825,0,start,4,4,0,17.28467988733007,6,6,0,30.410206422615147,1,true,23.1,16,0,15.9,2.6799999999999784
숭실대,41,AB,10,905.0710591593825,0,start,4,4,0,27.56384753777934,6,6,0,32.41020642261515,1,true,40.1,15,0,15.9,2.6799999999999784
숭실대,41,AB,15,905.0710591593825,0,start,4,4,0,37.37329185789278,6,6,0,49.673291857892764,1,true,41.1,16,0,15.9,2.680000000000007
숭실대,41,AC,0,905.0710591593825,0,start,4,4,0,11.98585355526609,6,6,0,26.673291857892764,1,true,14.1,17,0,18.9,2.6799999999999997
숭실대,41,AC,5,905.0710591593825,0,start,4,4,0,17.28467988733007,6,6,0,30.410206422615147,1,true,23.1,16,0,18.9,2.680000000000007
숭실대,41,AC,10,905.0710591593825,1,start,0,0,0,,2,1,0,15.618397986824931,1,true,40.1,10,6,22.5,2.34
숭실대,41,AC,15,905.0710591593825,1,start,0,0,0,,2,1,0,15.618397986824931,1,true,41.1,13,5,22.5,2.680000000000007
숭실대,41,BC,0,905.0710591593825,0,start,4,4,0,11.98585355526609,6,6,0,26.673291857892764,1,true,14.1,17,0,16.1,2.6799999999999997
숭실대,41,BC,5,905.0710591593825,0,start,4,4,0,17.28467988733007,6,6,0,30.410206422615147,1,true,23.1,16,0,16.1,2.680000000000007
숭실대,41,BC,10,905.0710591593825,0,start,4,4,0,27.56384753777934,6,6,0,32.41020642261515,1,true,40.1,15,0,16.1,2.680000000000007
숭실대,41,BC,15,905.0710591593825,0,start,4,4,0,37.37329185789278,6,6,0,49.673291857892764,1,true,41.1,16,0,16.1,2.680000000000007
숭실대,41,ABC,0,905.0710591593825,0,start,4,4,0,11.98585355526609,6,6,0,26.673291857892764,1,true,14.1,17,0,19.4,2.6799999999999997
숭실대,41,ABC,5,905.0710591593825,0,start,4,4,0,17.28467988733007,6,6,0,30.410206422615147,1,true,23.1,16,0,19.4,2.680000000000007
숭실대,41,ABC,10,905.0710591593825,0,start,4,4,0,27.56384753777934,6,6,0,32.41020642261515,1,true,40.1,15,0,19.4,2.680000000000007
숭실대,41,ABC,15,905.0710591593825,0,start,4,4,0,37.37329185789278,6,6,0,49.673291857892764,1,true,41.1,16,0,19.4,2.680000000000007
숭실대,42,최단,0,764.0162373840496,0,start,1,1,0,11.743513618656607,8,8,0,26.70351361865653,0,true,14,12,0,8.3,0
숭실대,42,최단,5,764.0162373840496,0,start,1,1,0,18.743513618656607,8,8,0,25.212612063445732,0,true,14,12,0,8.3,0.4399999999999977
숭실대,42,최단,10,764.0162373840496,0,start,1,1,0,18.743513618656607,8,8,0,33.57329200760233,0,true,14,12,0,8.3,1.4399999999999977
숭실대,42,최단,15,764.0162373840496,3,start,0,0,0,,5,5,0,22.212612063445732,0,true,55,13,2,8.3,2.4399999999999977
숭실대,42,A,0,855.8734648002131,0,start,4,4,0,12.087085528160742,4,4,0,27.212612063445732,0,true,14.9,14,0,15.4,0.3400000000000034
숭실대,42,A,5,855.8734648002131,0,start,4,4,0,16.788259196096675,4,4,0,30.49625317860992,0,true,23.9,14,0,15.4,2.680000000000007
숭실대,42,A,10,855.8734648002131,0,start,4,4,0,16.788259196096675,4,4,0,31.49625317860992,0,true,63.9,13,0,15.4,2.680000000000007
숭실대,42,A,15,855.8734648002131,0,start,4,4,0,28.788259196096675,4,4,0,31.49625317860992,0,true,69.9,13,0,15.4,5.659999999999997
숭실대,42,B,0,764.0162373840496,0,start,1,1,0,11.743513618656607,8,8,0,26.70351361865653,0,true,14,12,0,12.9,0
숭실대,42,B,5,764.0162373840496,0,start,1,1,0,18.743513618656607,8,8,0,25.212612063445732,0,true,14,12,0,12.9,0.4399999999999977
숭실대,42,B,10,764.0162373840496,0,start,1,1,0,18.743513618656607,8,8,0,33.57329200760233,0,true,14,12,0,12.9,1.4399999999999977
숭실대,42,B,15,764.0162373840496,3,start,0,0,0,,5,5,0,22.212612063445732,0,true,55,13,2,12.9,2.4399999999999977
숭실대,42,C,0,855.8734648002131,0,start,4,4,0,12.087085528160742,4,4,0,27.212612063445732,0,true,14.9,14,0,16.1,0.3400000000000034
숭실대,42,C,5,855.8734648002131,0,start,4,4,0,16.788259196096675,4,4,0,30.49625317860992,0,true,23.9,14,0,16.1,2.680000000000007
숭실대,42,C,10,855.8734648002131,0,start,4,4,0,16.788259196096675,4,4,0,31.49625317860992,0,true,63.9,13,0,16.1,2.680000000000007
숭실대,42,C,15,855.8734648002131,0,start,4,4,0,28.788259196096675,4,4,0,31.49625317860992,0,true,69.9,13,0,16.1,5.659999999999997
숭실대,42,AB,0,855.8734648002131,0,start,4,4,0,12.087085528160742,4,4,0,27.212612063445732,0,true,14.9,14,0,15.9,0.3400000000000034
숭실대,42,AB,5,855.8734648002131,0,start,4,4,0,16.788259196096675,4,4,0,30.49625317860992,0,true,23.9,14,0,15.9,2.680000000000007
숭실대,42,AB,10,855.8734648002131,0,start,4,4,0,16.788259196096675,4,4,0,31.49625317860992,0,true,63.9,13,0,15.9,2.680000000000007
숭실대,42,AB,15,855.8734648002131,0,start,4,4,0,28.788259196096675,4,4,0,31.49625317860992,0,true,69.9,13,0,15.9,5.659999999999997
숭실대,42,AC,0,855.8734648002131,0,start,4,4,0,12.087085528160742,4,4,0,27.212612063445732,0,true,14.9,14,0,18.9,0.3400000000000034
숭실대,42,AC,5,855.8734648002131,0,start,4,4,0,16.788259196096675,4,4,0,30.49625317860992,0,true,23.9,14,0,18.9,2.680000000000007
숭실대,42,AC,10,855.8734648002131,0,start,4,4,0,16.788259196096675,4,4,0,31.49625317860992,0,true,63.9,13,0,18.9,2.680000000000007
숭실대,42,AC,15,855.8734648002131,0,start,4,4,0,28.788259196096675,4,4,0,31.49625317860992,0,true,69.9,13,0,18.9,5.659999999999997
숭실대,42,BC,0,855.8734648002131,0,start,4,4,0,12.087085528160742,4,4,0,27.212612063445732,0,true,14.9,14,0,16.1,0.3400000000000034
숭실대,42,BC,5,855.8734648002131,0,start,4,4,0,16.788259196096675,4,4,0,30.49625317860992,0,true,23.9,14,0,16.1,2.680000000000007
숭실대,42,BC,10,855.8734648002131,0,start,4,4,0,16.788259196096675,4,4,0,31.49625317860992,0,true,63.9,13,0,16.1,2.680000000000007
숭실대,42,BC,15,855.8734648002131,0,start,4,4,0,28.788259196096675,4,4,0,31.49625317860992,0,true,69.9,13,0,16.1,5.659999999999997
숭실대,42,ABC,0,855.8734648002131,0,start,4,4,0,12.087085528160742,4,4,0,27.212612063445732,0,true,14.9,14,0,19.4,0.3400000000000034
숭실대,42,ABC,5,855.8734648002131,0,start,4,4,0,16.788259196096675,4,4,0,30.49625317860992,0,true,23.9,14,0,19.4,2.680000000000007
숭실대,42,ABC,10,855.8734648002131,0,start,4,4,0,16.788259196096675,4,4,0,31.49625317860992,0,true,63.9,13,0,19.4,2.680000000000007
숭실대,42,ABC,15,855.8734648002131,0,start,4,4,0,28.788259196096675,4,4,0,31.49625317860992,0,true,69.9,13,0,19.4,5.659999999999997
숭실대,43,최단,0,659.0935259305736,0,start,4,4,0,11.820802165180567,8,8,0,24.650580554126407,1,true,14.1,18,0,8.3,11.529999999999998
숭실대,43,최단,5,659.0935259305736,0,start,4,4,0,12.820802165180567,8,8,0,26.815018083505493,1,true,18.1,18,0,8.3,10.379999999999999
숭실대,43,최단,10,659.0935259305736,0,start,4,4,0,17.820802165180567,8,7,0,29.815018083505493,1,true,21.1,16,0,8.3,10.379999999999999
숭실대,43,최단,15,659.0935259305736,1,start,3,3,0,1.449901636390333,4,3,0,13.154477934861518,1,true,34.1,11,8,8.3,10.379999999999999
숭실대,43,A,0,759.2484139299028,0,start,4,4,0,11.550646628412863,4,4,0,26.986732796872545,1,true,14.2,14,0,15.4,2.6799999999999997
숭실대,43,A,5,759.2484139299028,0,start,4,4,0,11.1632083257862,4,4,0,27.986732796872545,1,true,25.2,14,0,15.4,2.6799999999999997
숭실대,43,A,10,759.2484139299028,0,start,4,4,0,17.55064662841285,4,4,0,30.871202308299416,1,true,50.2,14,0,15.4,2.680000000000007
숭실대,43,A,15,759.2484139299028,4,start,1,1,0,7.019901636390333,0,0,0,,1,true,51.2,11,9,15.4,2.6799999999999997
숭실대,43,B,0,663.5616706482917,0,start,5,5,0,12.2889468828987,7,7,0,24.11872527184454,1,true,14.6,19,0,9.5,2.6799999999999997
숭실대,43,B,5,663.5616706482917,0,start,5,5,0,42.50673279687255,7,7,0,26.283162801223625,1,true,19.6,16,0,9.5,2.6799999999999997
숭실대,43,B,10,663.5616706482917,0,start,5,5,0,43.73659519341451,7,7,0,31.283162801223625,1,true,25.6,16,0,9.5,2.6799999999999997
숭실대,43,B,15,663.5616706482917,1,start,4,4,0,43.73659519341451,2,1,0,17.62262265257965,1,true,25.6,11,7,9.5,2.6799999999999997
숭실대,43,C,0,759.2484139299028,0,start,4,4,0,11.550646628412863,4,4,0,26.986732796872545,1,true,14.2,14,0,16.1,2.6799999999999997
숭실대,43,C,5,759.2484139299028,0,start,4,4,0,11.1632083257862,4,4,0,27.986732796872545,1,true,25.2,14,0,16.1,2.6799999999999997
숭실대,43,C,10,759.2484139299028,0,start,4,4,0,17.55064662841285,4,4,0,30.871202308299416,1,true,50.2,14,0,16.1,2.680000000000007
숭실대,43,C,15,759.2484139299028,4,start,1,1,0,7.019901636390333,0,0,0,,1,true,51.2,9,14,16.1,2.6799999999999997
숭실대,43,AB,0,759.2484139299028,0,start,4,4,0,11.550646628412863,4,4,0,26.986732796872545,1,true,14.2,14,0,15.9,2.6799999999999997
숭실대,43,AB,5,759.2484139299028,0,start,4,4,0,11.1632083257862,4,4,0,27.986732796872545,1,true,25.2,14,0,15.9,2.6799999999999997
숭실대,43,AB,10,759.2484139299028,0,start,4,4,0,17.55064662841285,4,4,0,30.871202308299416,1,true,50.2,14,0,15.9,2.680000000000007
숭실대,43,AB,15,759.2484139299028,4,start,1,1,0,7.019901636390333,0,0,0,,1,true,51.2,11,9,15.9,2.6799999999999997
숭실대,43,AC,0,759.2484139299028,0,start,4,4,0,11.550646628412863,4,4,0,26.986732796872545,1,true,14.2,14,0,18.9,2.6799999999999997
숭실대,43,AC,5,759.2484139299028,0,start,4,4,0,11.1632083257862,4,4,0,27.986732796872545,1,true,25.2,14,0,18.9,2.6799999999999997
숭실대,43,AC,10,759.2484139299028,0,start,4,4,0,17.55064662841285,4,4,0,30.871202308299416,1,true,50.2,14,0,18.9,2.680000000000007
숭실대,43,AC,15,759.2484139299028,4,start,1,1,0,7.019901636390333,0,0,0,,1,true,51.2,11,9,18.9,2.6799999999999997
숭실대,43,BC,0,759.2484139299028,0,start,4,4,0,11.550646628412863,4,4,0,26.986732796872545,1,true,14.2,14,0,16.1,2.6799999999999997
숭실대,43,BC,5,759.2484139299028,0,start,4,4,0,11.1632083257862,4,4,0,27.986732796872545,1,true,25.2,14,0,16.1,2.6799999999999997
숭실대,43,BC,10,759.2484139299028,0,start,4,4,0,17.55064662841285,4,4,0,30.871202308299416,1,true,50.2,14,0,16.1,2.680000000000007
숭실대,43,BC,15,759.2484139299028,4,start,1,1,0,7.019901636390333,0,0,0,,1,true,51.2,11,9,16.1,2.6799999999999997
숭실대,43,ABC,0,759.2484139299028,0,start,4,4,0,11.550646628412863,4,4,0,26.986732796872545,1,true,14.2,14,0,19.4,2.6799999999999997
숭실대,43,ABC,5,759.2484139299028,0,start,4,4,0,11.1632083257862,4,4,0,27.986732796872545,1,true,25.2,14,0,19.4,2.6799999999999997
숭실대,43,ABC,10,759.2484139299028,0,start,4,4,0,17.550646628412863,4,4,0,30.871202308299416,1,true,50.2,14,0,19.4,2.680000000000007
숭실대,43,ABC,15,759.2484139299028,4,start,1,1,0,7.019901636390333,0,0,0,,1,true,51.2,11,9,19.4,2.6799999999999997
숭실대,44,최단,0,231.7148335116504,0,start,2,2,0,12.31801364498503,2,2,0,27.560000000000002,0,true,14.7,8,0,8.3,1.4399999999999977
숭실대,44,최단,5,231.7148335116504,0,start,2,2,0,23.31801364498503,2,2,0,22.2748335116504,0,true,19.7,8,0,8.3,1.1299999999999955
숭실대,44,최단,10,231.7148335116504,0,start,2,2,0,29.31801364498503,2,2,0,38.2748335116504,0,true,20.7,8,0,8.3,7.439999999999998
숭실대,44,최단,15,231.7148335116504,0,start,2,2,0,46.31801364498503,2,2,0,39.56,0,true,45.7,8,0,8.3,8.569999999999993
숭실대,44,A,0,231.7148335116504,0,start,2,2,0,12.31801364498503,2,2,0,27.560000000000002,0,true,14.7,8,0,12.9,1.4399999999999977
숭실대,44,A,5,231.7148335116504,0,start,2,2,0,23.31801364498503,2,2,0,22.2748335116504,0,true,19.7,8,0,12.9,1.1299999999999955
숭실대,44,A,10,231.7148335116504,0,start,2,2,0,29.31801364498503,2,2,0,38.2748335116504,0,true,20.7,8,0,12.9,7.439999999999998
숭실대,44,A,15,231.7148335116504,0,start,2,2,0,46.31801364498503,2,2,0,39.56,0,true,45.7,8,0,12.9,8.569999999999993
숭실대,44,B,0,231.7148335116504,0,start,2,2,0,12.31801364498503,2,2,0,27.560000000000002,0,true,14.7,8,0,12.9,1.4399999999999977
숭실대,44,B,5,231.7148335116504,0,start,2,2,0,23.31801364498503,2,2,0,22.2748335116504,0,true,19.7,8,0,12.9,1.1299999999999955
숭실대,44,B,10,231.7148335116504,0,start,2,2,0,29.31801364498503,2,2,0,38.2748335116504,0,true,20.7,8,0,12.9,7.439999999999998
숭실대,44,B,15,231.7148335116504,0,start,2,2,0,46.31801364498503,2,2,0,39.56,0,true,45.7,8,0,12.9,8.569999999999993
숭실대,44,C,0,231.7148335116504,0,start,2,2,0,12.31801364498503,2,2,0,27.56000000000001,0,true,14.7,8,0,13.4,1.4399999999999977
숭실대,44,C,5,231.7148335116504,0,start,2,2,0,23.31801364498503,2,2,0,22.2748335116504,0,true,19.7,8,0,13.4,1.1299999999999955
숭실대,44,C,10,231.7148335116504,0,start,2,2,0,29.31801364498503,2,2,0,38.2748335116504,0,true,20.7,8,0,13.4,7.439999999999998
숭실대,44,C,15,231.7148335116504,0,start,2,2,0,46.31801364498503,2,2,0,39.56,0,true,45.7,8,0,13.4,8.569999999999993
숭실대,44,AB,0,231.7148335116504,0,start,2,2,0,12.31801364498503,2,2,0,27.56000000000001,0,true,14.7,8,0,13.4,1.4399999999999977
숭실대,44,AB,5,231.7148335116504,0,start,2,2,0,23.31801364498503,2,2,0,22.2748335116504,0,true,19.7,8,0,13.4,1.1299999999999955
숭실대,44,AB,10,231.7148335116504,0,start,2,2,0,29.31801364498503,2,2,0,38.2748335116504,0,true,20.7,8,0,13.4,7.439999999999998
숭실대,44,AB,15,231.7148335116504,0,start,2,2,0,46.31801364498503,2,2,0,39.56,0,true,45.7,8,0,13.4,8.569999999999993
숭실대,44,AC,0,231.7148335116504,0,start,2,2,0,12.31801364498503,2,2,0,27.56000000000001,0,true,14.7,8,0,13.7,1.4399999999999977
숭실대,44,AC,5,231.7148335116504,0,start,2,2,0,23.31801364498503,2,2,0,22.2748335116504,0,true,19.7,8,0,13.7,1.1299999999999955
숭실대,44,AC,10,231.7148335116504,0,start,2,2,0,29.31801364498503,2,2,0,38.2748335116504,0,true,20.7,8,0,13.7,7.439999999999998
숭실대,44,AC,15,231.7148335116504,0,start,2,2,0,46.31801364498503,2,2,0,39.56000000000001,0,true,45.7,8,0,13.7,8.569999999999993
숭실대,44,BC,0,231.7148335116504,0,start,2,2,0,12.31801364498503,2,2,0,27.56000000000001,0,true,14.7,8,0,13.4,1.4399999999999977
숭실대,44,BC,5,231.7148335116504,0,start,2,2,0,23.31801364498503,2,2,0,22.2748335116504,0,true,19.7,8,0,13.4,1.1299999999999955
숭실대,44,BC,10,231.7148335116504,0,start,2,2,0,29.31801364498503,2,2,0,38.2748335116504,0,true,20.7,8,0,13.4,7.439999999999998
숭실대,44,BC,15,231.7148335116504,0,start,2,2,0,46.31801364498503,2,2,0,39.56,0,true,45.7,8,0,13.4,8.569999999999993
숭실대,44,ABC,0,231.7148335116504,0,start,2,2,0,12.31801364498503,2,2,0,27.560000000000002,0,true,14.7,8,0,14.3,1.4399999999999977
숭실대,44,ABC,5,231.7148335116504,0,start,2,2,0,23.31801364498503,2,2,0,22.2748335116504,0,true,19.7,8,0,14.3,1.1299999999999955
숭실대,44,ABC,10,231.7148335116504,0,start,2,2,0,29.31801364498503,2,2,0,38.2748335116504,0,true,20.7,8,0,14.3,7.439999999999998
숭실대,44,ABC,15,231.7148335116504,0,start,2,2,0,46.31801364498503,2,2,0,39.56,0,true,45.7,8,0,14.3,8.569999999999993
숭실대,45,최단,0,9.29207854364202,0,start,0,0,0,,1,0,0,,0,true,9.3,2,0,8.3,0
숭실대,45,최단,5,9.29207854364202,0,start,0,0,0,,1,0,0,,0,true,9.3,2,0,8.3,0
숭실대,45,최단,10,9.29207854364202,1,start,0,0,0,,0,0,0,,0,true,4.3,3,0,8.3,2.6999999999999993
숭실대,45,최단,15,9.29207854364202,1,start,0,0,0,,0,0,0,,0,true,2.3,4,0,8.3,8.14
숭실대,45,A,0,9.29207854364202,0,start,0,0,0,,1,0,0,,0,true,9.3,2,0,12.9,0
숭실대,45,A,5,9.29207854364202,0,start,0,0,0,,1,0,0,,0,true,9.3,2,0,12.9,0
숭실대,45,A,10,9.29207854364202,1,start,0,0,0,,0,0,0,,0,true,4.3,3,0,12.9,2.6999999999999993
숭실대,45,A,15,9.29207854364202,1,start,0,0,0,,0,0,0,,0,true,2.3,4,0,12.9,8.14
숭실대,45,B,0,9.29207854364202,0,start,0,0,0,,1,0,0,,0,true,9.3,2,0,12.9,0
숭실대,45,B,5,9.29207854364202,0,start,0,0,0,,1,0,0,,0,true,9.3,2,0,12.9,0
숭실대,45,B,10,9.29207854364202,1,start,0,0,0,,0,0,0,,0,true,4.3,3,0,12.9,2.6999999999999993
숭실대,45,B,15,9.29207854364202,1,start,0,0,0,,0,0,0,,0,true,2.3,4,0,12.9,8.14
숭실대,45,C,0,9.29207854364202,0,start,0,0,0,,1,0,0,,0,true,9.3,2,0,13.4,0
숭실대,45,C,5,9.29207854364202,0,start,0,0,0,,1,0,0,,0,true,9.3,2,0,13.4,0
숭실대,45,C,10,9.29207854364202,1,start,0,0,0,,0,0,0,,0,true,4.3,3,0,13.4,2.6999999999999993
숭실대,45,C,15,9.29207854364202,1,start,0,0,0,,0,0,0,,0,true,2.3,4,0,13.4,8.14
숭실대,45,AB,0,9.29207854364202,0,start,0,0,0,,1,0,0,,0,true,9.3,2,0,13.4,0
숭실대,45,AB,5,9.29207854364202,0,start,0,0,0,,1,0,0,,0,true,9.3,2,0,13.4,0
숭실대,45,AB,10,9.29207854364202,1,start,0,0,0,,0,0,0,,0,true,4.3,3,0,13.4,2.6999999999999993
숭실대,45,AB,15,9.29207854364202,1,start,0,0,0,,0,0,0,,0,true,2.3,4,0,13.4,8.14
숭실대,45,AC,0,9.29207854364202,0,start,0,0,0,,1,0,0,,0,true,9.3,2,0,13.7,0
숭실대,45,AC,5,9.29207854364202,0,start,0,0,0,,1,0,0,,0,true,9.3,2,0,13.7,0
숭실대,45,AC,10,9.29207854364202,1,start,0,0,0,,0,0,0,,0,true,4.3,3,0,13.7,2.6999999999999993
숭실대,45,AC,15,9.29207854364202,1,start,0,0,0,,0,0,0,,0,true,2.3,4,0,13.7,8.14
숭실대,45,BC,0,9.29207854364202,0,start,0,0,0,,1,0,0,,0,true,9.3,2,0,13.4,0
숭실대,45,BC,5,9.29207854364202,0,start,0,0,0,,1,0,0,,0,true,9.3,2,0,13.4,0
숭실대,45,BC,10,9.29207854364202,1,start,0,0,0,,0,0,0,,0,true,4.3,3,0,13.4,2.6999999999999993
숭실대,45,BC,15,9.29207854364202,1,start,0,0,0,,0,0,0,,0,true,2.3,4,0,13.4,8.14
숭실대,45,ABC,0,9.29207854364202,0,start,0,0,0,,1,0,0,,0,true,9.3,2,0,14.3,0
숭실대,45,ABC,5,9.29207854364202,0,start,0,0,0,,1,0,0,,0,true,9.3,2,0,14.3,0
숭실대,45,ABC,10,9.29207854364202,1,start,0,0,0,,0,0,0,,0,true,4.3,3,0,14.3,2.6999999999999993
숭실대,45,ABC,15,9.29207854364202,1,start,0,0,0,,0,0,0,,0,true,2.3,4,0,14.3,8.14
숭실대,46,최단,0,0,0,start,0,0,0,,0,0,0,,0,false,,1,0,8.3,0
숭실대,46,최단,5,0,0,start,0,0,0,,0,0,0,,0,false,,1,0,8.3,0
숭실대,46,최단,10,0,0,start,0,0,0,,0,0,0,,0,false,,1,0,8.3,0
숭실대,46,최단,15,0,0,start,0,0,0,,0,0,0,,0,false,,1,0,8.3,0
숭실대,46,A,0,0,0,start,0,0,0,,0,0,0,,0,false,,1,0,12.9,0
숭실대,46,A,5,0,0,start,0,0,0,,0,0,0,,0,false,,1,0,12.9,0
숭실대,46,A,10,0,0,start,0,0,0,,0,0,0,,0,false,,1,0,12.9,0
숭실대,46,A,15,0,0,start,0,0,0,,0,0,0,,0,false,,1,0,12.9,0
숭실대,46,B,0,0,0,start,0,0,0,,0,0,0,,0,false,,1,0,12.9,0
숭실대,46,B,5,0,0,start,0,0,0,,0,0,0,,0,false,,1,0,12.9,0
숭실대,46,B,10,0,0,start,0,0,0,,0,0,0,,0,false,,1,0,12.9,0
숭실대,46,B,15,0,0,start,0,0,0,,0,0,0,,0,false,,1,0,12.9,0
숭실대,46,C,0,0,0,start,0,0,0,,0,0,0,,0,false,,1,0,13.4,0
숭실대,46,C,5,0,0,start,0,0,0,,0,0,0,,0,false,,1,0,13.4,0
숭실대,46,C,10,0,0,start,0,0,0,,0,0,0,,0,false,,1,0,13.4,0
숭실대,46,C,15,0,0,start,0,0,0,,0,0,0,,0,false,,1,0,13.4,0
숭실대,46,AB,0,0,0,start,0,0,0,,0,0,0,,0,false,,1,0,13.4,0
숭실대,46,AB,5,0,0,start,0,0,0,,0,0,0,,0,false,,1,0,13.4,0
숭실대,46,AB,10,0,0,start,0,0,0,,0,0,0,,0,false,,1,0,13.4,0
숭실대,46,AB,15,0,0,start,0,0,0,,0,0,0,,0,false,,1,0,13.4,0
숭실대,46,AC,0,0,0,start,0,0,0,,0,0,0,,0,false,,1,0,13.7,0
숭실대,46,AC,5,0,0,start,0,0,0,,0,0,0,,0,false,,1,0,13.7,0
숭실대,46,AC,10,0,0,start,0,0,0,,0,0,0,,0,false,,1,0,13.7,0
숭실대,46,AC,15,0,0,start,0,0,0,,0,0,0,,0,false,,1,0,13.7,0
숭실대,46,BC,0,0,0,start,0,0,0,,0,0,0,,0,false,,1,0,13.4,0
숭실대,46,BC,5,0,0,start,0,0,0,,0,0,0,,0,false,,1,0,13.4,0
숭실대,46,BC,10,0,0,start,0,0,0,,0,0,0,,0,false,,1,0,13.4,0
숭실대,46,BC,15,0,0,start,0,0,0,,0,0,0,,0,false,,1,0,13.4,0
숭실대,46,ABC,0,0,0,start,0,0,0,,0,0,0,,0,false,,1,0,14.3,0
숭실대,46,ABC,5,0,0,start,0,0,0,,0,0,0,,0,false,,1,0,14.3,0
숭실대,46,ABC,10,0,0,start,0,0,0,,0,0,0,,0,false,,1,0,14.3,0
숭실대,46,ABC,15,0,0,start,0,0,0,,0,0,0,,0,false,,1,0,14.3,0
숭실대,47,최단,0,479.7843879488667,0,start,4,4,0,12.026204370827855,3,3,0,24.78830297689956,1,true,14.8,14,0,8.3,0.9800000000000182
숭실대,47,최단,5,479.7843879488667,0,start,4,4,0,14.698302976899527,3,3,0,23.78830297689956,1,true,19.8,14,0,8.3,3.4399999999999977
숭실대,47,최단,10,479.7843879488667,0,start,4,4,0,22.698302976899527,3,3,0,33.78830297689956,1,true,25.8,14,0,8.3,5.779999999999973
숭실대,47,최단,15,479.7843879488667,0,start,4,4,0,73.67830297689954,3,3,0,37.83428850105514,1,true,30.8,10,0,8.3,3.4399999999999977
숭실대,47,A,0,539.3658751881864,0,start,4,4,0,12.421138361437187,4,4,0,27.48972417425557,1,true,14.4,15,0,15.2,0
숭실대,47,A,5,539.3658751881864,0,start,4,4,0,14.026204370827855,4,4,0,30.48972417425557,1,true,16.4,15,0,15.2,0
숭실대,47,A,10,539.3658751881864,0,start,4,4,0,23.026204370827855,4,4,0,34.48972417425557,1,true,18.4,15,0,15.2,0
숭실대,47,A,15,539.3658751881864,0,start,4,4,0,54.401138361437205,4,4,0,53.51393674144009,1,true,32.4,12,0,15.2,0
숭실대,47,B,0,488.1148936312331,0,start,5,5,0,11.751644043803566,4,4,0,25.489999999999995,0,true,14.1,16,0,19.8,0.9800000000000182
숭실대,47,B,5,488.1148936312331,0,start,5,5,0,14.964794183421475,4,4,0,29.118808659265937,0,true,20.1,16,0,19.8,1.9800000000000182
숭실대,47,B,10,488.1148936312331,0,start,5,5,0,22.028808659265906,4,4,0,29.118808659265937,0,true,22.1,16,0,19.8,8.779999999999973
숭실대,47,B,15,488.1148936312331,1,start,2,2,0,45.48671005319423,1,1,0,41.33999999999999,0,true,32.1,8,8,19.8,2.1500000000000057
숭실대,47,C,0,539.3658751881864,0,start,4,4,0,12.421138361437187,4,4,0,27.48972417425557,1,true,14.4,15,0,15.7,0
숭실대,47,C,5,539.3658751881864,0,start,4,4,0,14.026204370827855,4,4,0,30.48972417425557,1,true,16.4,15,0,15.7,0
숭실대,47,C,10,539.3658751881864,0,start,4,4,0,23.026204370827855,4,4,0,34.48972417425557,1,true,18.4,15,0,15.7,0
숭실대,47,C,15,539.3658751881864,0,start,4,4,0,54.401138361437205,4,4,0,53.51393674144009,1,true,32.4,12,0,15.7,0
숭실대,47,AB,0,547.6963808705527,0,start,5,5,0,11.860229856621913,5,5,0,26.82022985662195,0,true,14.7,17,0,19.3,0
숭실대,47,AB,5,547.6963808705527,0,start,5,5,0,15.394442423806481,5,5,0,28.82022985662195,0,true,19.7,17,0,19.3,0
숭실대,47,AB,10,547.6963808705527,0,start,5,5,0,17.39444242380648,5,5,0,37.84444242380653,0,true,24.7,17,0,19.3,2
숭실대,47,AB,15,547.6963808705527,23,start,2,2,0,45.48671005319423,1,1,0,41.33999999999999,0,true,71.7,30,6,19.3,2.1500000000000057
숭실대,47,AC,0,539.3658751881864,0,start,4,4,0,12.421138361437187,4,4,0,27.48972417425557,1,true,14.4,15,0,18.6,0
숭실대,47,AC,5,539.3658751881864,0,start,4,4,0,14.026204370827855,4,4,0,30.48972417425557,1,true,16.4,15,0,18.6,0
숭실대,47,AC,10,539.3658751881864,0,start,4,4,0,23.026204370827855,4,4,0,34.48972417425557,1,true,18.4,15,0,18.6,0
숭실대,47,AC,15,539.3658751881864,0,start,4,4,0,54.401138361437205,4,4,0,53.51393674144009,1,true,32.4,12,0,18.6,0
숭실대,47,BC,0,547.6963808705527,0,start,5,5,0,11.860229856621913,5,5,0,26.82022985662195,0,true,14.7,17,0,16.8,0
숭실대,47,BC,5,547.6963808705527,0,start,5,5,0,15.394442423806481,5,5,0,28.82022985662195,0,true,19.7,17,0,16.8,0
숭실대,47,BC,10,547.6963808705527,0,start,5,5,0,17.39444242380648,5,5,0,37.84444242380653,0,true,24.7,17,0,16.8,2
숭실대,47,BC,15,547.6963808705527,23,start,2,2,0,45.48671005319423,1,1,0,41.33999999999999,0,true,71.7,30,6,16.8,2.1500000000000057
숭실대,47,ABC,0,547.6963808705527,0,start,5,5,0,11.860229856621913,5,5,0,26.82022985662195,0,true,14.7,17,0,20.1,0
숭실대,47,ABC,5,547.6963808705527,0,start,5,5,0,15.394442423806481,5,5,0,28.82022985662195,0,true,19.7,17,0,20.1,0
숭실대,47,ABC,10,547.6963808705527,0,start,5,5,0,17.39444242380648,5,5,0,37.84444242380653,0,true,24.7,17,0,20.1,2
숭실대,47,ABC,15,547.6963808705527,23,start,2,2,0,45.48671005319423,1,1,0,41.33999999999999,0,true,71.7,30,6,20.1,2.1500000000000057
숭실대,48,최단,0,805.0622773220082,0,start,7,7,0,12.134461324079766,8,8,0,24.158674888279478,1,true,14.1,25,0,8.3,2.4400000000000546
숭실대,48,최단,5,805.0622773220082,0,start,7,7,0,10.134461324079766,8,8,0,27.77003909817131,1,true,15.1,25,0,8.3,2.34
숭실대,48,최단,10,805.0622773220082,0,start,7,7,0,18.068674888279503,8,8,0,30.908415355252515,1,true,15.1,23,0,8.3,2.66
숭실대,48,최단,15,805.0622773220082,2,start,5,5,0,70.47003909817133,6,5,0,54.15867488827948,1,true,15.1,17,2,8.3,5.22999999999999
숭실대,48,A,0,1004.4050293385352,0,start,8,8,0,12.385874978692414,7,7,0,27.02781771693202,1,true,14.4,26,0,15.6,2.34
숭실대,48,A,5,1004.4050293385352,0,start,8,8,0,13.618650066482815,7,7,0,29.143348205505163,1,true,20.4,26,0,15.6,2.34
숭실대,48,A,10,1004.4050293385352,0,start,8,8,0,25.176615408632557,7,7,0,29.358173062585664,1,true,44.4,24,0,15.6,2.34
숭실대,48,A,15,1004.4050293385352,0,start,8,8,0,32.31982373441872,7,7,0,36.97587497869242,1,true,54.4,23,0,15.6,4
숭실대,48,B,0,941.0078547943588,0,start,11,11,0,12.146184146066673,11,11,0,26.729346947290537,1,true,14,36,0,16.4,2.34
숭실대,48,B,5,941.0078547943588,0,start,11,11,0,11.735131028965725,11,11,0,27.56785479435871,1,true,20,36,0,16.4,11.649999999999977
숭실대,48,B,10,941.0078547943588,0,start,11,11,0,12.490361367652326,11,11,0,29.358173062585664,1,true,26,34,0,16.4,3.4499999999999886
숭실대,48,B,15,941.0078547943588,0,start,11,11,0,31.17817117439309,11,11,0,36.18810968522996,1,true,35,31,0,16.4,11.649999999999977
숭실대,48,C,0,1008.4075650560803,0,start,7,7,0,11.709797754590568,6,6,0,27.14588392305035,1,true,14.4,23,0,16.3,2.34
숭실대,48,C,5,1008.4075650560803,0,start,7,7,0,14.642511355339266,6,6,0,32.14588392305035,1,true,18.4,22,0,16.3,2.3400000000000034
숭실대,48,C,10,1008.4075650560803,0,start,7,7,0,32.02817117439309,6,6,0,38.60251135533926,1,true,24.4,21,0,16.3,2.680000000000007
숭실대,48,C,15,1008.4075650560803,2,start,0,0,0,,0,0,0,,1,true,58.4,17,13,16.3,5.170000000000016
숭실대,48,AB,0,1036.6945980759692,0,start,10,10,0,12.146085782457021,8,8,0,27.317386454366158,1,true,14.7,31,0,19.6,2.34
숭실대,48,AB,5,1036.6945980759692,0,start,10,10,0,16.99683077447952,8,8,0,28.73131217178195,1,true,18.7,31,0,19.6,2.34
숭실대,48,AB,10,1036.6945980759692,0,start,10,10,0,22.590353644387648,8,8,0,36.73131217178195,1,true,29.7,29,0,19.6,2.34
숭실대,48,AB,15,1036.6945980759692,0,start,10,10,0,38.31683077447951,8,8,0,47.4329169429393,1,true,52.7,27,0,19.6,4.660000000000025
숭실대,48,AC,0,1008.4075650560803,0,start,7,7,0,11.709797754590568,6,6,0,27.14588392305035,1,true,14.4,23,0,19.1,2.34
숭실대,48,AC,5,1008.4075650560803,0,start,7,7,0,14.642511355339266,6,6,0,32.14588392305035,1,true,18.4,22,0,19.1,2.3400000000000034
숭실대,48,AC,10,1008.4075650560803,0,start,7,7,0,32.02817117439309,6,6,0,38.60251135533926,1,true,24.4,21,0,19.1,2.680000000000007
숭실대,48,AC,15,1008.4075650560803,2,start,0,0,0,,0,0,0,,1,true,58.4,17,13,19.1,5.170000000000016
숭실대,48,BC,0,1036.6945980759692,0,start,10,10,0,12.146085782457021,8,8,0,27.317386454366158,1,true,14.7,31,0,19.8,2.34
숭실대,48,BC,5,1036.6945980759692,0,start,10,10,0,16.99683077447952,8,8,0,28.73131217178195,1,true,18.7,31,0,19.8,2.34
숭실대,48,BC,10,1036.6945980759692,0,start,10,10,0,22.590353644387648,8,8,0,36.73131217178195,1,true,29.7,29,0,19.8,2.34
숭실대,48,BC,15,1036.6945980759692,0,start,10,10,0,38.31683077447951,8,8,0,47.4329169429393,1,true,52.7,27,0,19.8,4.660000000000025
숭실대,48,ABC,0,1036.6945980759692,0,start,10,10,0,12.146085782457021,8,8,0,27.317386454366158,1,true,14.7,31,0,23.1,2.34
숭실대,48,ABC,5,1036.6945980759692,0,start,10,10,0,16.99683077447952,8,8,0,28.73131217178195,1,true,18.7,31,0,23.1,2.34
숭실대,48,ABC,10,1036.6945980759692,0,start,10,10,0,22.590353644387648,8,8,0,36.73131217178195,1,true,29.7,29,0,23.1,2.34
숭실대,48,ABC,15,1036.6945980759692,0,start,10,10,0,38.31683077447951,8,8,0,47.4329169429393,1,true,52.7,27,0,23.1,4.660000000000025
숭실대,49,최단,0,543.3931421114613,0,start,3,3,0,12.030903887624415,4,4,0,21.781872283042674,1,true,14.4,13,0,8.3,7.91
숭실대,49,최단,5,543.3931421114613,0,start,3,3,0,14.800903887624415,4,4,0,28.98795608085959,1,true,3.4,13,0,8.3,8.23
숭실대,49,최단,10,543.3931421114613,0,start,3,2,0,49.78106356781933,4,3,0,23.95314211146126,1,true,30.4,9,0,8.3,8.23
숭실대,49,최단,15,543.3931421114613,0,start,3,2,0,60.78106356781933,4,3,0,31.98795608085959,1,true,35.4,8,0,8.3,7.91
숭실대,49,A,0,543.3931421114613,0,start,3,3,0,12.030903887624415,4,4,0,21.781872283042674,1,true,14.4,13,0,12.9,7.91
숭실대,49,A,5,543.3931421114613,0,start,3,3,0,14.800903887624415,4,4,0,28.98795608085959,1,true,3.4,13,0,12.9,8.23
숭실대,49,A,10,543.3931421114613,0,start,3,2,0,49.78106356781933,4,3,0,23.95314211146126,1,true,30.4,9,0,12.9,8.23
숭실대,49,A,15,543.3931421114613,0,start,3,2,0,60.78106356781933,4,3,0,31.98795608085959,1,true,35.4,8,0,12.9,7.91
숭실대,49,B,0,543.3931421114613,0,start,3,3,0,12.030903887624415,4,4,0,21.781872283042674,1,true,14.4,13,0,12.9,7.91
숭실대,49,B,5,543.3931421114613,0,start,3,3,0,14.800903887624415,4,4,0,28.98795608085959,1,true,3.4,13,0,12.9,8.23
숭실대,49,B,10,543.3931421114613,0,start,3,2,0,49.78106356781933,4,3,0,23.95314211146126,1,true,30.4,9,0,12.9,8.23
숭실대,49,B,15,543.3931421114613,0,start,3,2,0,60.78106356781933,4,3,0,31.98795608085959,1,true,35.4,8,0,12.9,7.91
숭실대,49,C,0,543.3931421114613,0,start,3,3,0,12.030903887624415,4,4,0,21.781872283042674,1,true,14.4,13,0,13.4,7.910000000000002
숭실대,49,C,5,543.3931421114613,0,start,3,3,0,14.800903887624411,4,4,0,28.98795608085959,1,true,3.4,13,0,13.4,8.230000000000004
숭실대,49,C,10,543.3931421114613,0,start,3,2,0,49.78106356781933,4,3,0,23.95314211146126,1,true,30.4,9,0,13.4,8.230000000000004
숭실대,49,C,15,543.3931421114613,0,start,3,2,0,60.78106356781933,4,3,0,31.98795608085959,1,true,35.4,8,0,13.4,7.910000000000002
숭실대,49,AB,0,543.3931421114613,0,start,3,3,0,12.030903887624415,4,4,0,21.781872283042674,1,true,14.4,13,0,13.4,7.910000000000002
숭실대,49,AB,5,543.3931421114613,0,start,3,3,0,14.800903887624411,4,4,0,28.98795608085959,1,true,3.4,13,0,13.4,8.230000000000004
숭실대,49,AB,10,543.3931421114613,0,start,3,2,0,49.78106356781933,4,3,0,23.95314211146126,1,true,30.4,9,0,13.4,8.230000000000004
숭실대,49,AB,15,543.3931421114613,0,start,3,2,0,60.78106356781933,4,3,0,31.98795608085959,1,true,35.4,8,0,13.4,7.910000000000002
숭실대,49,AC,0,543.3931421114613,0,start,3,3,0,12.030903887624415,4,4,0,21.781872283042674,1,true,14.4,13,0,13.7,7.910000000000002
숭실대,49,AC,5,543.3931421114613,0,start,3,3,0,14.800903887624415,4,4,0,28.98795608085959,1,true,3.4,13,0,13.7,8.23
숭실대,49,AC,10,543.3931421114613,0,start,3,2,0,49.78106356781933,4,3,0,23.95314211146126,1,true,30.4,9,0,13.7,8.23
숭실대,49,AC,15,543.3931421114613,0,start,3,2,0,60.78106356781933,4,3,0,31.98795608085959,1,true,35.4,8,0,13.7,7.910000000000002
숭실대,49,BC,0,543.3931421114613,0,start,3,3,0,12.030903887624415,4,4,0,21.781872283042674,1,true,14.4,13,0,13.4,7.910000000000002
숭실대,49,BC,5,543.3931421114613,0,start,3,3,0,14.800903887624411,4,4,0,28.98795608085959,1,true,3.4,13,0,13.4,8.230000000000004
숭실대,49,BC,10,543.3931421114613,0,start,3,2,0,49.78106356781933,4,3,0,23.95314211146126,1,true,30.4,9,0,13.4,8.230000000000004
숭실대,49,BC,15,543.3931421114613,0,start,3,2,0,60.78106356781933,4,3,0,31.98795608085959,1,true,35.4,8,0,13.4,7.910000000000002
숭실대,49,ABC,0,543.3931421114613,0,start,3,3,0,12.030903887624415,4,4,0,21.781872283042674,1,true,14.4,13,0,14.3,7.910000000000002
숭실대,49,ABC,5,543.3931421114613,0,start,3,3,0,14.800903887624411,4,4,0,28.98795608085959,1,true,3.4,13,0,14.3,8.230000000000004
숭실대,49,ABC,10,543.3931421114613,0,start,3,2,0,49.78106356781933,4,3,0,23.95314211146126,1,true,30.4,9,0,14.3,8.230000000000004
숭실대,49,ABC,15,543.3931421114613,0,start,3,2,0,60.78106356781933,4,3,0,31.98795608085959,1,true,35.4,8,0,14.3,7.910000000000002
숭실대,50,최단,0,489.48641718737883,0,start,3,3,0,12.185147358960194,5,5,0,21.87514735896019,0,true,14.5,13,0,8.3,1.4399999999999977
숭실대,50,최단,5,489.48641718737883,0,start,3,3,0,9.454338643736833,5,5,0,21.046417187378836,0,true,12.5,13,0,8.3,1.4399999999999977
숭실대,50,최단,10,489.48641718737883,0,start,3,3,0,19.83710595975399,5,5,0,30.87514735896019,0,true,12.5,12,0,8.3,0.33999999999999986
숭실대,50,최단,15,489.48641718737883,0,start,3,3,0,49.79710595975399,5,4,0,39.046417187378836,0,true,16.5,10,0,8.3,6.439999999999998
숭실대,50,A,0,489.48641718737883,0,start,3,3,0,12.185147358960194,5,5,0,21.87514735896019,0,true,14.5,13,0,12.9,1.4399999999999977
숭실대,50,A,5,489.48641718737883,0,start,3,3,0,9.454338643736833,5,5,0,21.046417187378836,0,true,12.5,13,0,12.9,1.4399999999999977
숭실대,50,A,10,489.48641718737883,0,start,3,3,0,19.83710595975399,5,5,0,30.87514735896019,0,true,12.5,12,0,12.9,0.33999999999999986
숭실대,50,A,15,489.48641718737883,0,start,3,3,0,49.79710595975399,5,4,0,39.046417187378836,0,true,16.5,10,0,12.9,6.439999999999998
숭실대,50,B,0,489.48641718737883,0,start,3,3,0,12.185147358960194,5,5,0,21.87514735896019,0,true,14.5,13,0,12.9,1.4399999999999977
숭실대,50,B,5,489.48641718737883,0,start,3,3,0,9.454338643736833,5,5,0,21.046417187378836,0,true,12.5,13,0,12.9,1.4399999999999977
숭실대,50,B,10,489.48641718737883,0,start,3,3,0,19.83710595975399,5,5,0,30.87514735896019,0,true,12.5,12,0,12.9,0.33999999999999986
숭실대,50,B,15,489.48641718737883,0,start,3,3,0,49.79710595975399,5,4,0,39.046417187378836,0,true,16.5,10,0,12.9,6.439999999999998
숭실대,50,C,0,489.48641718737883,0,start,3,3,0,12.185147358960194,5,5,0,21.87514735896019,0,true,14.5,13,0,13.4,1.4399999999999977
숭실대,50,C,5,489.48641718737883,0,start,3,3,0,9.454338643736833,5,5,0,21.046417187378836,0,true,12.5,13,0,13.4,1.4399999999999977
숭실대,50,C,10,489.48641718737883,0,start,3,3,0,19.83710595975399,5,5,0,30.87514735896019,0,true,12.5,12,0,13.4,0.33999999999999986
숭실대,50,C,15,489.48641718737883,0,start,3,3,0,49.79710595975399,5,4,0,39.046417187378836,0,true,16.5,10,0,13.4,6.439999999999998
숭실대,50,AB,0,489.48641718737883,0,start,3,3,0,12.185147358960194,5,5,0,21.87514735896019,0,true,14.5,13,0,13.4,1.4399999999999977
숭실대,50,AB,5,489.48641718737883,0,start,3,3,0,9.454338643736833,5,5,0,21.046417187378836,0,true,12.5,13,0,13.4,1.4399999999999977
숭실대,50,AB,10,489.48641718737883,0,start,3,3,0,19.83710595975399,5,5,0,30.87514735896019,0,true,12.5,12,0,13.4,0.33999999999999986
숭실대,50,AB,15,489.48641718737883,0,start,3,3,0,49.79710595975399,5,4,0,39.046417187378836,0,true,16.5,10,0,13.4,6.439999999999998
숭실대,50,AC,0,489.48641718737883,0,start,3,3,0,12.185147358960194,5,5,0,21.87514735896019,0,true,14.5,13,0,13.7,1.4399999999999977
숭실대,50,AC,5,489.48641718737883,0,start,3,3,0,9.454338643736833,5,5,0,21.046417187378836,0,true,12.5,13,0,13.7,1.4399999999999977
숭실대,50,AC,10,489.48641718737883,0,start,3,3,0,19.83710595975399,5,5,0,30.87514735896019,0,true,12.5,12,0,13.7,0.3399999999999981
숭실대,50,AC,15,489.48641718737883,0,start,3,3,0,49.797105959754,5,4,0,39.046417187378836,0,true,16.5,10,0,13.7,6.439999999999998
숭실대,50,BC,0,489.48641718737883,0,start,3,3,0,12.185147358960194,5,5,0,21.87514735896019,0,true,14.5,13,0,13.4,1.4399999999999977
숭실대,50,BC,5,489.48641718737883,0,start,3,3,0,9.454338643736833,5,5,0,21.046417187378836,0,true,12.5,13,0,13.4,1.4399999999999977
숭실대,50,BC,10,489.48641718737883,0,start,3,3,0,19.83710595975399,5,5,0,30.87514735896019,0,true,12.5,12,0,13.4,0.33999999999999986
숭실대,50,BC,15,489.48641718737883,0,start,3,3,0,49.79710595975399,5,4,0,39.046417187378836,0,true,16.5,10,0,13.4,6.439999999999998
숭실대,50,ABC,0,489.48641718737883,0,start,3,3,0,12.185147358960194,5,5,0,21.87514735896019,0,true,14.5,13,0,14.3,1.4399999999999977
숭실대,50,ABC,5,489.48641718737883,0,start,3,3,0,9.454338643736833,5,5,0,21.046417187378836,0,true,12.5,13,0,14.3,1.4399999999999977
숭실대,50,ABC,10,489.48641718737883,0,start,3,3,0,19.83710595975399,5,5,0,30.87514735896019,0,true,12.5,12,0,14.3,0.3400000000000034
숭실대,50,ABC,15,489.48641718737883,0,start,3,3,0,49.79710595975399,5,4,0,39.046417187378836,0,true,16.5,10,0,14.3,6.439999999999998
숭실대,51,최단,0,72.19984769048696,0,start,2,2,0,10.16776914684494,1,1,0,21.759847690486964,0,true,14.2,6,0,8.3,2.4399999999999977
숭실대,51,최단,5,72.19984769048696,0,start,2,2,0,7.607769146844937,1,1,0,20.759847690486964,0,true,16.2,6,0,8.3,0
숭실대,51,최단,10,72.19984769048696,0,start,2,2,0,15.607769146844937,1,1,0,31.759847690486964,0,true,18.2,6,0,8.3,0.129999999999999
숭실대,51,최단,15,72.19984769048696,0,start,2,2,0,57.45776914684494,1,0,0,,0,true,45.2,4,0,8.3,0.129999999999999
숭실대,51,A,0,72.19984769048696,0,start,2,2,0,10.16776914684494,1,1,0,21.759847690486964,0,true,14.2,6,0,12.9,2.4399999999999977
숭실대,51,A,5,72.19984769048696,0,start,2,2,0,7.607769146844937,1,1,0,20.759847690486964,0,true,16.2,6,0,12.9,0
숭실대,51,A,10,72.19984769048696,0,start,2,2,0,15.607769146844937,1,1,0,31.759847690486964,0,true,18.2,6,0,12.9,0.129999999999999
숭실대,51,A,15,72.19984769048696,0,start,2,2,0,57.45776914684494,1,0,0,,0,true,45.2,4,0,12.9,0.129999999999999
숭실대,51,B,0,72.19984769048696,0,start,2,2,0,10.16776914684494,1,1,0,21.759847690486964,0,true,14.2,6,0,12.9,2.4399999999999977
숭실대,51,B,5,72.19984769048696,0,start,2,2,0,7.607769146844937,1,1,0,20.759847690486964,0,true,16.2,6,0,12.9,0
숭실대,51,B,10,72.19984769048696,0,start,2,2,0,15.607769146844937,1,1,0,31.759847690486964,0,true,18.2,6,0,12.9,0.129999999999999
숭실대,51,B,15,72.19984769048696,0,start,2,2,0,57.45776914684494,1,0,0,,0,true,45.2,4,0,12.9,0.129999999999999
숭실대,51,C,0,72.19984769048696,0,start,2,2,0,10.167769146844932,1,1,0,21.759847690486964,0,true,14.2,6,0,13.4,2.4399999999999977
숭실대,51,C,5,72.19984769048696,0,start,2,2,0,7.607769146844937,1,1,0,20.759847690486957,0,true,16.2,6,0,13.4,0
숭실대,51,C,10,72.19984769048696,0,start,2,2,0,15.607769146844937,1,1,0,31.759847690486964,0,true,18.2,6,0,13.4,0.13000000000000078
숭실대,51,C,15,72.19984769048696,0,start,2,2,0,57.45776914684493,1,0,0,,0,true,45.2,4,0,13.4,0.13000000000000078
숭실대,51,AB,0,72.19984769048696,0,start,2,2,0,10.167769146844932,1,1,0,21.759847690486964,0,true,14.2,6,0,13.4,2.4399999999999977
숭실대,51,AB,5,72.19984769048696,0,start,2,2,0,7.607769146844937,1,1,0,20.759847690486957,0,true,16.2,6,0,13.4,0
숭실대,51,AB,10,72.19984769048696,0,start,2,2,0,15.607769146844937,1,1,0,31.759847690486964,0,true,18.2,6,0,13.4,0.13000000000000078
숭실대,51,AB,15,72.19984769048696,0,start,2,2,0,57.45776914684493,1,0,0,,0,true,45.2,4,0,13.4,0.13000000000000078
숭실대,51,AC,0,72.19984769048696,0,start,2,2,0,10.167769146844932,1,1,0,21.759847690486957,0,true,14.2,6,0,13.7,2.440000000000005
숭실대,51,AC,5,72.19984769048696,0,start,2,2,0,7.607769146844937,1,1,0,20.759847690486957,0,true,16.2,6,0,13.7,0
숭실대,51,AC,10,72.19984769048696,0,start,2,2,0,15.607769146844937,1,1,0,31.759847690486964,0,true,18.2,6,0,13.7,0.13000000000000078
숭실대,51,AC,15,72.19984769048696,0,start,2,2,0,57.45776914684493,1,0,0,,0,true,45.2,4,0,13.7,0.13000000000000078
숭실대,51,BC,0,72.19984769048696,0,start,2,2,0,10.167769146844932,1,1,0,21.759847690486964,0,true,14.2,6,0,13.4,2.4399999999999977
숭실대,51,BC,5,72.19984769048696,0,start,2,2,0,7.607769146844937,1,1,0,20.759847690486957,0,true,16.2,6,0,13.4,0
숭실대,51,BC,10,72.19984769048696,0,start,2,2,0,15.607769146844937,1,1,0,31.759847690486964,0,true,18.2,6,0,13.4,0.13000000000000078
숭실대,51,BC,15,72.19984769048696,0,start,2,2,0,57.45776914684493,1,0,0,,0,true,45.2,4,0,13.4,0.13000000000000078
숭실대,51,ABC,0,72.19984769048696,0,start,2,2,0,10.16776914684494,1,1,0,21.759847690486964,0,true,14.2,6,0,14.3,2.4399999999999977
숭실대,51,ABC,5,72.19984769048696,0,start,2,2,0,7.607769146844937,1,1,0,20.759847690486964,0,true,16.2,6,0,14.3,0
숭실대,51,ABC,10,72.19984769048696,0,start,2,2,0,15.607769146844937,1,1,0,31.759847690486964,0,true,18.2,6,0,14.3,0.13000000000000256
숭실대,51,ABC,15,72.19984769048696,0,start,2,2,0,57.45776914684493,1,0,0,,0,true,45.2,4,0,14.3,0.13000000000000256
숭실대,52,최단,0,97.10608497196719,0,start,0,0,0,,0,0,0,,0,true,14.1,2,0,8.3,0
숭실대,52,최단,5,97.10608497196719,0,start,0,0,0,,0,0,0,,0,true,23.1,2,0,8.3,0
숭실대,52,최단,10,97.10608497196719,0,start,0,0,0,,0,0,0,,0,true,34.1,2,0,8.3,0
숭실대,52,최단,15,97.10608497196719,0,start,0,0,0,,0,0,0,,0,true,40.1,2,0,8.3,0
숭실대,52,A,0,97.10608497196719,0,start,0,0,0,,0,0,0,,0,true,14.1,2,0,12.9,0
숭실대,52,A,5,97.10608497196719,0,start,0,0,0,,0,0,0,,0,true,23.1,2,0,12.9,0
숭실대,52,A,10,97.10608497196719,0,start,0,0,0,,0,0,0,,0,true,34.1,2,0,12.9,0
숭실대,52,A,15,97.10608497196719,0,start,0,0,0,,0,0,0,,0,true,40.1,2,0,12.9,0
숭실대,52,B,0,97.10608497196719,0,start,0,0,0,,0,0,0,,0,true,14.1,2,0,12.9,0
숭실대,52,B,5,97.10608497196719,0,start,0,0,0,,0,0,0,,0,true,23.1,2,0,12.9,0
숭실대,52,B,10,97.10608497196719,0,start,0,0,0,,0,0,0,,0,true,34.1,2,0,12.9,0
숭실대,52,B,15,97.10608497196719,0,start,0,0,0,,0,0,0,,0,true,40.1,2,0,12.9,0
숭실대,52,C,0,97.10608497196719,0,start,0,0,0,,0,0,0,,0,true,14.1,2,0,13.4,0
숭실대,52,C,5,97.10608497196719,0,start,0,0,0,,0,0,0,,0,true,23.1,2,0,13.4,0
숭실대,52,C,10,97.10608497196719,0,start,0,0,0,,0,0,0,,0,true,34.1,2,0,13.4,0
숭실대,52,C,15,97.10608497196719,0,start,0,0,0,,0,0,0,,0,true,40.1,2,0,13.4,0
숭실대,52,AB,0,97.10608497196719,0,start,0,0,0,,0,0,0,,0,true,14.1,2,0,13.4,0
숭실대,52,AB,5,97.10608497196719,0,start,0,0,0,,0,0,0,,0,true,23.1,2,0,13.4,0
숭실대,52,AB,10,97.10608497196719,0,start,0,0,0,,0,0,0,,0,true,34.1,2,0,13.4,0
숭실대,52,AB,15,97.10608497196719,0,start,0,0,0,,0,0,0,,0,true,40.1,2,0,13.4,0
숭실대,52,AC,0,97.10608497196719,0,start,0,0,0,,0,0,0,,0,true,14.1,2,0,13.7,0
숭실대,52,AC,5,97.10608497196719,0,start,0,0,0,,0,0,0,,0,true,23.1,2,0,13.7,0
숭실대,52,AC,10,97.10608497196719,0,start,0,0,0,,0,0,0,,0,true,34.1,2,0,13.7,0
숭실대,52,AC,15,97.10608497196719,0,start,0,0,0,,0,0,0,,0,true,40.1,2,0,13.7,0
숭실대,52,BC,0,97.10608497196719,0,start,0,0,0,,0,0,0,,0,true,14.1,2,0,13.4,0
숭실대,52,BC,5,97.10608497196719,0,start,0,0,0,,0,0,0,,0,true,23.1,2,0,13.4,0
숭실대,52,BC,10,97.10608497196719,0,start,0,0,0,,0,0,0,,0,true,34.1,2,0,13.4,0
숭실대,52,BC,15,97.10608497196719,0,start,0,0,0,,0,0,0,,0,true,40.1,2,0,13.4,0
숭실대,52,ABC,0,97.10608497196719,0,start,0,0,0,,0,0,0,,0,true,14.1,2,0,14.3,0
숭실대,52,ABC,5,97.10608497196719,0,start,0,0,0,,0,0,0,,0,true,23.1,2,0,14.3,0
숭실대,52,ABC,10,97.10608497196719,0,start,0,0,0,,0,0,0,,0,true,34.1,2,0,14.3,0
숭실대,52,ABC,15,97.10608497196719,0,start,0,0,0,,0,0,0,,0,true,40.1,2,0,14.3,0
숭실대,53,최단,0,340.628183578039,0,start,3,3,0,11.542098606071818,3,3,0,24.632098606071793,1,true,14.6,12,0,8.3,0.9799999999999898
숭실대,53,최단,5,340.628183578039,0,start,3,3,0,16.26493399060935,3,3,0,25.632098606071793,1,true,13.6,12,0,8.3,1.9799999999999898
숭실대,53,최단,10,340.628183578039,0,start,3,3,0,23.47808413022733,3,3,0,27.118084130227317,1,true,18.6,12,0,8.3,1.8900000000000148
숭실대,53,최단,15,340.628183578039,0,start,3,3,0,26.038084130227332,3,3,0,29.018084130227322,1,true,45.6,12,0,8.3,3.890000000000015
숭실대,53,A,0,400.2096708173585,0,start,3,3,0,12.26493399060935,4,4,0,27.33351980342775,1,true,14.2,13,0,15.2,0
숭실대,53,A,5,400.2096708173585,0,start,3,3,0,16.26493399060935,4,4,0,30.35773237061221,1,true,18.2,13,0,15.2,1.1699999999999982
숭실대,53,A,10,400.2096708173585,22,start,2,2,0,30.26493399060935,0,0,0,,1,true,40.2,31,0,15.2,2.339999999999975
숭실대,53,A,15,400.2096708173585,16,start,2,2,0,34.26493399060935,0,0,0,,1,true,80.2,25,1,15.2,2.6999999999999886
숭실대,53,B,0,340.628183578039,0,start,3,3,0,11.542098606071818,3,3,0,24.63209860607182,1,true,14.6,12,0,12.9,0.9799999999999898
숭실대,53,B,5,340.628183578039,0,start,3,3,0,16.26493399060935,3,3,0,25.63209860607182,1,true,13.6,12,0,12.9,1.9799999999999898
숭실대,53,B,10,340.628183578039,0,start,3,3,0,23.47808413022733,3,3,0,27.118084130227317,1,true,18.6,12,0,12.9,1.8899999999999864
숭실대,53,B,15,340.628183578039,0,start,3,3,0,26.038084130227332,3,3,0,29.018084130227322,1,true,45.6,12,0,12.9,3.8899999999999864
숭실대,53,C,0,400.2096708173585,0,start,3,3,0,12.26493399060935,4,4,0,27.33351980342775,1,true,14.2,13,0,15.7,0
숭실대,53,C,5,400.2096708173585,0,start,3,3,0,16.26493399060935,4,4,0,30.35773237061221,1,true,18.2,13,0,15.7,1.1700000000000017
숭실대,53,C,10,400.2096708173585,22,start,2,2,0,30.26493399060935,0,0,0,,1,true,40.2,31,0,15.7,2.339999999999975
숭실대,53,C,15,400.2096708173585,16,start,2,2,0,34.26493399060935,0,0,0,,1,true,80.2,25,1,15.7,2.6999999999999886
숭실대,53,AB,0,340.628183578039,0,start,3,3,0,11.542098606071818,3,3,0,24.632098606071793,1,true,14.6,12,0,13.4,0.9799999999999898
숭실대,53,AB,5,340.628183578039,0,start,3,3,0,16.26493399060935,3,3,0,25.632098606071793,1,true,13.6,12,0,13.4,1.9799999999999898
숭실대,53,AB,10,340.628183578039,0,start,3,3,0,23.47808413022733,3,3,0,27.118084130227317,1,true,18.6,12,0,13.4,1.8900000000000148
숭실대,53,AB,15,340.628183578039,0,start,3,3,0,26.038084130227332,3,3,0,29.018084130227322,1,true,45.6,12,0,13.4,3.890000000000015
숭실대,53,AC,0,400.2096708173585,0,start,3,3,0,12.26493399060935,4,4,0,27.33351980342775,1,true,14.2,13,0,18.6,0
숭실대,53,AC,5,400.2096708173585,0,start,3,3,0,16.26493399060935,4,4,0,30.35773237061221,1,true,18.2,13,0,18.6,1.1700000000000017
숭실대,53,AC,10,400.2096708173585,22,start,2,2,0,30.26493399060935,0,0,0,,1,true,40.2,31,0,18.6,2.339999999999975
숭실대,53,AC,15,400.2096708173585,16,start,2,2,0,34.26493399060935,0,0,0,,1,true,80.2,25,1,18.6,2.6999999999999886
숭실대,53,BC,0,340.628183578039,0,start,3,3,0,11.542098606071818,3,3,0,24.632098606071793,1,true,14.6,12,0,13.4,0.9799999999999898
숭실대,53,BC,5,340.628183578039,0,start,3,3,0,16.26493399060935,3,3,0,25.632098606071793,1,true,13.6,12,0,13.4,1.9799999999999898
숭실대,53,BC,10,340.628183578039,0,start,3,3,0,23.47808413022733,3,3,0,27.118084130227317,1,true,18.6,12,0,13.4,1.8900000000000148
숭실대,53,BC,15,340.628183578039,0,start,3,3,0,26.038084130227332,3,3,0,29.018084130227322,1,true,45.6,12,0,13.4,3.890000000000015
숭실대,53,ABC,0,340.628183578039,0,start,3,3,0,11.542098606071818,3,3,0,24.63209860607182,1,true,14.6,12,0,14.3,0.9799999999999898
숭실대,53,ABC,5,340.628183578039,0,start,3,3,0,16.26493399060935,3,3,0,25.63209860607182,1,true,13.6,12,0,14.3,1.9799999999999898
숭실대,53,ABC,10,340.628183578039,0,start,3,3,0,23.47808413022733,3,3,0,27.118084130227317,1,true,18.6,12,0,14.3,1.8899999999999864
숭실대,53,ABC,15,340.628183578039,0,start,3,3,0,26.038084130227332,3,3,0,29.018084130227322,1,true,45.6,12,0,14.3,3.8899999999999864
숭실대,54,최단,0,383.58497310123875,0,start,2,2,0,11.498888129271563,4,4,0,24.588888129271595,0,true,14.6,10,0,8.3,0.9799999999999898
숭실대,54,최단,5,383.58497310123875,0,start,2,2,0,14.498888129271563,4,4,0,30.588888129271595,0,true,15.6,10,0,8.3,2.3400000000000034
숭실대,54,최단,10,383.58497310123875,0,start,2,2,0,30.608888129271577,4,4,0,33.588888129271595,0,true,15.6,10,0,8.3,2.3400000000000034
숭실대,54,최단,15,383.58497310123875,0,start,2,2,0,32.49888812927156,4,4,0,42.65487365342716,0,true,57.6,10,0,8.3,3
숭실대,54,A,0,443.1664603405583,0,start,2,2,0,12.864521893812025,5,5,0,27.29030932662755,0,true,14.2,11,0,15.2,0
숭실대,54,A,5,443.1664603405583,0,start,2,2,0,13.330309326627543,5,5,0,28.29030932662755,0,true,16.2,11,0,15.2,2.680000000000007
숭실대,54,A,10,443.1664603405583,0,start,2,2,0,49.03452189381204,5,5,0,44.29030932662755,0,true,16.2,11,0,15.2,2.680000000000007
숭실대,54,A,15,443.1664603405583,14,start,1,1,0,15.330309326627543,1,1,0,42.601104930876986,0,true,65.2,22,2,15.2,2.6999999999999886
숭실대,54,B,0,383.58497310123875,0,start,2,2,0,11.498888129271563,4,4,0,24.588888129271595,0,true,14.6,10,0,12.9,0.9799999999999898
숭실대,54,B,5,383.58497310123875,0,start,2,2,0,14.498888129271563,4,4,0,30.588888129271595,0,true,15.6,10,0,12.9,2.3400000000000034
숭실대,54,B,10,383.58497310123875,0,start,2,2,0,30.608888129271577,4,4,0,33.588888129271595,0,true,15.6,10,0,12.9,2.3400000000000034
숭실대,54,B,15,383.58497310123875,0,start,2,2,0,32.49888812927156,4,4,0,42.65487365342716,0,true,57.6,10,0,12.9,3
숭실대,54,C,0,443.1664603405583,0,start,2,2,0,12.864521893812025,5,5,0,27.29030932662755,0,true,14.2,11,0,15.7,0
숭실대,54,C,5,443.1664603405583,0,start,2,2,0,13.330309326627543,5,5,0,28.29030932662755,0,true,16.2,11,0,15.7,2.680000000000007
숭실대,54,C,10,443.1664603405583,0,start,2,2,0,49.03452189381204,5,5,0,44.29030932662755,0,true,16.2,11,0,15.7,2.680000000000007
숭실대,54,C,15,443.1664603405583,14,start,1,1,0,15.330309326627543,1,1,0,42.60110493087698,0,true,65.2,22,2,15.7,2.6999999999999886
숭실대,54,AB,0,383.58497310123875,0,start,2,2,0,11.498888129271563,4,4,0,24.588888129271595,0,true,14.6,10,0,13.4,0.9799999999999898
숭실대,54,AB,5,383.58497310123875,0,start,2,2,0,14.498888129271563,4,4,0,30.588888129271595,0,true,15.6,10,0,13.4,2.3400000000000034
숭실대,54,AB,10,383.58497310123875,0,start,2,2,0,30.608888129271577,4,4,0,33.588888129271595,0,true,15.6,10,0,13.4,2.3400000000000034
숭실대,54,AB,15,383.58497310123875,0,start,2,2,0,32.49888812927156,4,4,0,42.65487365342716,0,true,57.6,10,0,13.4,3
숭실대,54,AC,0,443.1664603405583,0,start,2,2,0,12.864521893812025,5,5,0,27.29030932662755,0,true,14.2,11,0,18.6,0
숭실대,54,AC,5,443.1664603405583,0,start,2,2,0,13.330309326627543,5,5,0,28.29030932662755,0,true,16.2,11,0,18.6,2.680000000000007
숭실대,54,AC,10,443.1664603405583,0,start,2,2,0,49.03452189381204,5,5,0,44.29030932662755,0,true,16.2,11,0,18.6,2.680000000000007
숭실대,54,AC,15,443.1664603405583,14,start,1,1,0,15.330309326627543,1,1,0,42.601104930876986,0,true,65.2,22,2,18.6,2.6999999999999886
숭실대,54,BC,0,383.58497310123875,0,start,2,2,0,11.498888129271563,4,4,0,24.588888129271595,0,true,14.6,10,0,13.4,0.9799999999999898
숭실대,54,BC,5,383.58497310123875,0,start,2,2,0,14.498888129271563,4,4,0,30.588888129271595,0,true,15.6,10,0,13.4,2.3400000000000034
숭실대,54,BC,10,383.58497310123875,0,start,2,2,0,30.608888129271577,4,4,0,33.588888129271595,0,true,15.6,10,0,13.4,2.3400000000000034
숭실대,54,BC,15,383.58497310123875,0,start,2,2,0,32.49888812927156,4,4,0,42.65487365342716,0,true,57.6,10,0,13.4,3
숭실대,54,ABC,0,383.58497310123875,0,start,2,2,0,11.498888129271563,4,4,0,24.588888129271595,0,true,14.6,10,0,14.3,0.9799999999999898
숭실대,54,ABC,5,383.58497310123875,0,start,2,2,0,14.498888129271563,4,4,0,30.588888129271595,0,true,15.6,10,0,14.3,2.3400000000000034
숭실대,54,ABC,10,383.58497310123875,0,start,2,2,0,30.608888129271577,4,4,0,33.588888129271595,0,true,15.6,10,0,14.3,2.3400000000000034
숭실대,54,ABC,15,383.58497310123875,0,start,2,2,0,32.49888812927156,4,4,0,42.65487365342716,0,true,57.6,10,0,14.3,3
숭실대,55,최단,0,528.46465973847,0,start,3,3,0,11.378574766502766,4,4,0,24.468574766502798,1,true,14.5,13,0,8.3,0.9800000000000182
숭실대,55,최단,5,528.46465973847,0,start,3,3,0,9.980791568108174,4,4,0,29.854560290658355,1,true,21.5,13,0,8.3,0
숭실대,55,최단,10,528.46465973847,6,start,3,3,0,6.378574766502766,4,4,0,30.820791568108177,1,false,,17,0,8.3,2.339999999999975
숭실대,55,최단,15,528.46465973847,2,start,3,3,0,26.534560290658362,4,4,0,31.854560290658355,1,true,19.5,14,0,8.3,7.779999999999973
숭실대,55,A,0,588.0461469777895,0,start,3,3,0,12.209995963858773,5,5,0,27.16999596385881,1,true,14,14,0,15.2,0
숭실대,55,A,5,588.0461469777895,0,start,3,3,0,13.209995963858773,5,5,0,24.194208531043273,1,true,20,14,0,15.2,0
숭실대,55,A,10,588.0461469777895,4,start,2,2,0,22.209995963858773,3,3,0,31.16999596385881,1,true,65,15,0,15.2,0
숭실대,55,A,15,588.0461469777895,4,start,2,2,0,38.20999596385877,3,3,0,33.16999596385881,1,true,69,15,0,15.2,6.460000000000008
숭실대,55,B,0,537.9414638268513,0,start,3,3,0,11.791364379039635,5,5,0,22.331364379039655,1,true,14.9,14,0,19.6,0.9800000000000182
숭실대,55,B,5,537.9414638268513,0,start,3,3,0,12.855378854884066,5,5,0,27.45136437903966,1,true,15.9,14,0,19.6,1.9800000000000182
숭실대,55,B,10,537.9414638268513,8,start,3,3,0,13.791364379039635,5,5,0,28.45136437903966,1,false,,21,0,19.6,2.460000000000008
숭실대,55,B,15,537.9414638268513,1,start,3,3,0,24.916490725612505,5,5,0,32.9453788548841,1,true,31.9,15,0,19.6,3.460000000000008
숭실대,55,C,0,588.0461469777895,0,start,3,3,0,12.209995963858773,5,5,0,27.16999596385881,1,true,14,14,0,15.7,0
숭실대,55,C,5,588.0461469777895,0,start,3,3,0,13.209995963858773,5,5,0,24.194208531043273,1,true,20,14,0,15.7,0
숭실대,55,C,10,588.0461469777895,4,start,2,2,0,22.209995963858773,3,3,0,31.16999596385881,1,true,65,15,0,15.7,0
숭실대,55,C,15,588.0461469777895,4,start,2,2,0,38.20999596385877,3,3,0,33.16999596385881,1,true,69,15,0,15.7,6.460000000000008
숭실대,55,AB,0,597.5229510661708,0,start,3,3,0,12.221012619424528,6,6,0,27.64680005224011,1,true,14.5,15,0,22.6,0
숭실대,55,AB,5,597.5229510661708,0,start,3,3,0,14.376490725612513,6,6,0,26.64680005224011,1,true,11.5,15,0,22.6,0
숭실대,55,AB,10,597.5229510661708,0,start,3,3,0,20.686800052240073,6,6,0,32.64680005224011,1,true,11.5,15,0,22.6,2.67999999999995
숭실대,55,AB,15,597.5229510661708,4,start,2,2,0,65.66680005224009,3,3,0,19.64680005224011,1,true,74.5,16,0,22.6,3.460000000000008
숭실대,55,AC,0,588.0461469777895,0,start,3,3,0,12.209995963858773,5,5,0,27.16999596385881,1,true,14,14,0,18.6,0
숭실대,55,AC,5,588.0461469777895,0,start,3,3,0,13.209995963858773,5,5,0,24.194208531043273,1,true,20,14,0,18.6,0
숭실대,55,AC,10,588.0461469777895,4,start,2,2,0,22.209995963858773,3,3,0,31.16999596385881,1,true,65,15,0,18.6,0
숭실대,55,AC,15,588.0461469777895,4,start,2,2,0,38.20999596385877,3,3,0,33.16999596385881,1,true,69,15,0,18.6,6.460000000000008
숭실대,55,BC,0,528.46465973847,0,start,3,3,0,11.378574766502766,4,4,0,24.468574766502798,1,true,14.5,13,0,13.4,0.9800000000000182
숭실대,55,BC,5,528.46465973847,0,start,3,3,0,9.980791568108174,4,4,0,29.854560290658355,1,true,21.5,13,0,13.4,0
숭실대,55,BC,10,528.46465973847,6,start,3,3,0,6.378574766502766,4,4,0,30.820791568108177,1,false,,17,0,13.4,2.339999999999975
숭실대,55,BC,15,528.46465973847,2,start,3,3,0,26.534560290658362,4,4,0,31.854560290658355,1,true,19.5,14,0,13.4,7.779999999999973
숭실대,55,ABC,0,528.46465973847,0,start,3,3,0,11.378574766502766,4,4,0,24.468574766502798,1,true,14.5,13,0,14.3,0.9800000000000182
숭실대,55,ABC,5,528.46465973847,0,start,3,3,0,9.980791568108174,4,4,0,29.854560290658355,1,true,21.5,13,0,14.3,0
숭실대,55,ABC,10,528.46465973847,6,start,3,3,0,6.378574766502766,4,4,0,30.820791568108177,1,false,,17,0,14.3,2.339999999999975
숭실대,55,ABC,15,528.46465973847,2,start,3,3,0,26.534560290658362,4,4,0,31.854560290658355,1,true,19.5,14,0,14.3,7.779999999999973
숭실대,56,최단,0,919.1411105462714,0,start,5,5,0,11.924451509604992,5,5,0,22.52984071785272,1,true,14.1,18,0,8.3,2.4400000000000546
숭실대,56,최단,5,919.1411105462714,0,start,5,5,0,17.549032002629474,5,5,0,27.698066415881783,1,true,19.1,18,0,8.3,3.4400000000000546
숭실대,56,최단,10,919.1411105462714,1,start,2,2,0,49.05806641588176,2,2,0,27.698066415881783,1,true,29.1,9,8,8.3,2.1499999999999986
숭실대,56,최단,15,919.1411105462714,2,start,0,0,0,,0,0,0,,1,true,35.1,10,10,8.3,2.339999999999975
숭실대,56,A,0,919.1411105462714,0,start,5,5,0,11.924451509604992,5,5,0,22.52984071785272,1,true,14.1,18,0,12.9,2.4400000000000546
숭실대,56,A,5,919.1411105462714,0,start,5,5,0,17.549032002629474,5,5,0,27.698066415881783,1,true,19.1,18,0,12.9,3.4400000000000546
숭실대,56,A,10,919.1411105462714,1,start,2,2,0,49.058066415881754,2,2,0,27.698066415881783,1,true,29.1,9,8,12.9,2.1499999999999986
숭실대,56,A,15,919.1411105462714,2,start,0,0,0,,0,0,0,,1,true,35.1,10,10,12.9,2.339999999999975
숭실대,56,B,0,1126.0086955693323,0,start,7,7,0,11.93272799315173,6,6,0,22.39742574091349,1,true,14,23,0,23,2.4400000000000546
숭실대,56,B,5,1126.0086955693323,34,start,2,2,0,21.924451509604992,2,2,0,27.698066415881726,1,true,16,44,8,23,3.1500000000000057
숭실대,56,B,10,1126.0086955693323,32,start,2,2,0,49.058066415881754,2,2,0,27.698066415881726,1,true,22,40,9,23,2.1500000000000057
숭실대,56,B,15,1126.0086955693323,30,start,0,0,0,,0,0,0,,1,true,22,38,13,23,2.339999999999975
숭실대,56,C,0,919.1411105462714,0,start,5,5,0,11.924451509604992,5,5,0,22.52984071785272,1,true,14.1,18,0,13.4,2.4400000000000546
숭실대,56,C,5,919.1411105462714,0,start,5,5,0,17.549032002629474,5,5,0,27.698066415881783,1,true,19.1,18,0,13.4,3.4400000000000546
숭실대,56,C,10,919.1411105462714,1,start,2,2,0,49.05806641588176,2,2,0,27.698066415881783,1,true,29.1,9,8,13.4,2.1499999999999986
숭실대,56,C,15,919.1411105462714,2,start,0,0,0,,0,0,0,,1,true,35.1,10,10,13.4,2.339999999999975
숭실대,56,AB,0,919.1411105462714,0,start,5,5,0,11.924451509604992,5,5,0,22.52984071785272,1,true,14.1,18,0,13.4,2.4400000000000546
숭실대,56,AB,5,919.1411105462714,0,start,5,5,0,17.549032002629474,5,5,0,27.698066415881783,1,true,19.1,18,0,13.4,3.4400000000000546
숭실대,56,AB,10,919.1411105462714,1,start,2,2,0,49.05806641588176,2,2,0,27.698066415881783,1,true,29.1,9,8,13.4,2.1499999999999986
숭실대,56,AB,15,919.1411105462714,2,start,0,0,0,,0,0,0,,1,true,35.1,10,10,13.4,2.339999999999975
숭실대,56,AC,0,919.1411105462714,0,start,5,5,0,11.924451509604992,5,5,0,22.52984071785272,1,true,14.1,18,0,13.7,2.4400000000000546
숭실대,56,AC,5,919.1411105462714,0,start,5,5,0,17.549032002629474,5,5,0,27.698066415881783,1,true,19.1,18,0,13.7,3.4400000000000546
숭실대,56,AC,10,919.1411105462714,1,start,2,2,0,49.05806641588176,2,2,0,27.698066415881783,1,true,29.1,9,8,13.7,2.1499999999999986
숭실대,56,AC,15,919.1411105462714,2,start,0,0,0,,0,0,0,,1,true,35.1,10,10,13.7,2.339999999999975
숭실대,56,BC,0,919.1411105462714,0,start,5,5,0,11.924451509604992,5,5,0,22.52984071785272,1,true,14.1,18,0,13.4,2.4400000000000546
숭실대,56,BC,5,919.1411105462714,0,start,5,5,0,17.549032002629474,5,5,0,27.698066415881783,1,true,19.1,18,0,13.4,3.4400000000000546
숭실대,56,BC,10,919.1411105462714,1,start,2,2,0,49.05806641588176,2,2,0,27.698066415881783,1,true,29.1,9,8,13.4,2.1499999999999986
숭실대,56,BC,15,919.1411105462714,2,start,0,0,0,,0,0,0,,1,true,35.1,10,10,13.4,2.339999999999975
숭실대,56,ABC,0,919.1411105462714,0,start,5,5,0,11.924451509604992,5,5,0,22.52984071785272,1,true,14.1,18,0,14.3,2.4400000000000546
숭실대,56,ABC,5,919.1411105462714,0,start,5,5,0,17.549032002629474,5,5,0,27.698066415881783,1,true,19.1,18,0,14.3,3.4400000000000546
숭실대,56,ABC,10,919.1411105462714,1,start,2,2,0,49.058066415881754,2,2,0,27.698066415881783,1,true,29.1,9,8,14.3,2.1499999999999986
숭실대,56,ABC,15,919.1411105462714,2,start,0,0,0,,0,0,0,,1,true,35.1,10,10,14.3,2.339999999999975
숭실대,57,최단,0,294.2851860306017,0,start,2,2,0,11.983916202183053,2,2,0,21.845186030601724,1,true,14.3,9,0,8.3,2.4399999999999977
숭실대,57,최단,5,294.2851860306017,0,start,2,2,0,17.983916202183053,2,2,0,26.845186030601724,1,true,13.3,9,0,8.3,6.439999999999998
숭실대,57,최단,10,294.2851860306017,0,start,2,2,0,49.673107486959736,2,2,0,41.845186030601695,1,true,34.3,8,0,8.3,0
숭실대,57,최단,15,294.2851860306017,2,start,0,0,0,,0,0,0,,1,true,45.3,6,5,8.3,0
숭실대,57,A,0,294.2851860306017,0,start,2,2,0,11.983916202183053,2,2,0,21.845186030601724,1,true,14.3,9,0,12.9,2.4399999999999977
숭실대,57,A,5,294.2851860306017,0,start,2,2,0,17.983916202183053,2,2,0,26.845186030601724,1,true,13.3,9,0,12.9,6.439999999999998
숭실대,57,A,10,294.2851860306017,0,start,2,2,0,49.673107486959736,2,2,0,41.845186030601724,1,true,34.3,8,0,12.9,0
숭실대,57,A,15,294.2851860306017,2,start,0,0,0,,0,0,0,,1,true,45.3,6,5,12.9,0
숭실대,57,B,0,294.2851860306017,0,start,2,2,0,11.983916202183053,2,2,0,21.845186030601724,1,true,14.3,9,0,12.9,2.4399999999999977
숭실대,57,B,5,294.2851860306017,0,start,2,2,0,17.983916202183053,2,2,0,26.845186030601724,1,true,13.3,9,0,12.9,6.439999999999998
숭실대,57,B,10,294.2851860306017,0,start,2,2,0,49.673107486959736,2,2,0,41.845186030601724,1,true,34.3,8,0,12.9,0
숭실대,57,B,15,294.2851860306017,2,start,0,0,0,,0,0,0,,1,true,45.3,6,5,12.9,0
숭실대,57,C,0,294.2851860306017,0,start,2,2,0,11.983916202183053,2,2,0,21.845186030601724,1,true,14.3,9,0,13.4,2.4399999999999977
숭실대,57,C,5,294.2851860306017,0,start,2,2,0,17.983916202183053,2,2,0,26.845186030601724,1,true,13.3,9,0,13.4,6.439999999999998
숭실대,57,C,10,294.2851860306017,0,start,2,2,0,49.673107486959736,2,2,0,41.845186030601724,1,true,34.3,8,0,13.4,0
숭실대,57,C,15,294.2851860306017,2,start,0,0,0,,0,0,0,,1,true,45.3,6,5,13.4,0
숭실대,57,AB,0,294.2851860306017,0,start,2,2,0,11.983916202183053,2,2,0,21.845186030601724,1,true,14.3,9,0,13.4,2.4399999999999977
숭실대,57,AB,5,294.2851860306017,0,start,2,2,0,17.983916202183053,2,2,0,26.845186030601724,1,true,13.3,9,0,13.4,6.439999999999998
숭실대,57,AB,10,294.2851860306017,0,start,2,2,0,49.673107486959736,2,2,0,41.845186030601724,1,true,34.3,8,0,13.4,0
숭실대,57,AB,15,294.2851860306017,2,start,0,0,0,,0,0,0,,1,true,45.3,6,5,13.4,0
숭실대,57,AC,0,294.2851860306017,0,start,2,2,0,11.983916202183053,2,2,0,21.845186030601724,1,true,14.3,9,0,13.7,2.4399999999999977
숭실대,57,AC,5,294.2851860306017,0,start,2,2,0,17.983916202183053,2,2,0,26.845186030601724,1,true,13.3,9,0,13.7,6.439999999999998
숭실대,57,AC,10,294.2851860306017,0,start,2,2,0,49.673107486959736,2,2,0,41.845186030601724,1,true,34.3,8,0,13.7,0
숭실대,57,AC,15,294.2851860306017,2,start,0,0,0,,0,0,0,,1,true,45.3,6,5,13.7,0
숭실대,57,BC,0,294.2851860306017,0,start,2,2,0,11.983916202183053,2,2,0,21.845186030601724,1,true,14.3,9,0,13.4,2.4399999999999977
숭실대,57,BC,5,294.2851860306017,0,start,2,2,0,17.983916202183053,2,2,0,26.845186030601724,1,true,13.3,9,0,13.4,6.439999999999998
숭실대,57,BC,10,294.2851860306017,0,start,2,2,0,49.673107486959736,2,2,0,41.845186030601724,1,true,34.3,8,0,13.4,0
숭실대,57,BC,15,294.2851860306017,2,start,0,0,0,,0,0,0,,1,true,45.3,6,5,13.4,0
숭실대,57,ABC,0,294.2851860306017,0,start,2,2,0,11.983916202183053,2,2,0,21.845186030601724,1,true,14.3,9,0,14.3,2.4399999999999977
숭실대,57,ABC,5,294.2851860306017,0,start,2,2,0,17.983916202183053,2,2,0,26.845186030601724,1,true,13.3,9,0,14.3,6.439999999999998
숭실대,57,ABC,10,294.2851860306017,0,start,2,2,0,49.673107486959736,2,2,0,41.845186030601724,1,true,34.3,8,0,14.3,0
숭실대,57,ABC,15,294.2851860306017,2,start,0,0,0,,0,0,0,,1,true,45.3,6,5,14.3,0
숭실대,58,최단,0,242.17389932686999,0,start,2,2,0,11.702629498451294,2,2,0,21.733899326869988,0,true,14.2,8,0,8.3,2.4399999999999977
숭실대,58,최단,5,242.17389932686999,0,start,2,2,0,18.702629498451294,2,2,0,25.882629498451287,0,true,18.2,8,0,8.3,6.439999999999998
숭실대,58,최단,10,242.17389932686999,0,start,2,2,0,26.581820783227954,2,2,0,39.73389932686999,0,true,19.2,8,0,8.3,0
숭실대,58,최단,15,242.17389932686999,0,start,2,2,0,51.56182078322797,2,2,0,40.73389932686999,0,true,47.2,7,0,8.3,6.439999999999998
숭실대,58,A,0,242.17389932686999,0,start,2,2,0,11.702629498451294,2,2,0,21.733899326869988,0,true,14.2,8,0,12.9,2.4399999999999977
숭실대,58,A,5,242.17389932686999,0,start,2,2,0,18.702629498451294,2,2,0,25.882629498451287,0,true,18.2,8,0,12.9,6.439999999999998
숭실대,58,A,10,242.17389932686999,0,start,2,2,0,26.581820783227954,2,2,0,39.73389932686999,0,true,19.2,8,0,12.9,0
숭실대,58,A,15,242.17389932686999,0,start,2,2,0,51.56182078322797,2,2,0,40.73389932686999,0,true,47.2,7,0,12.9,6.439999999999998
숭실대,58,B,0,242.17389932686999,0,start,2,2,0,11.702629498451294,2,2,0,21.733899326869988,0,true,14.2,8,0,12.9,2.4399999999999977
숭실대,58,B,5,242.17389932686999,0,start,2,2,0,18.702629498451294,2,2,0,25.882629498451287,0,true,18.2,8,0,12.9,6.439999999999998
숭실대,58,B,10,242.17389932686999,0,start,2,2,0,26.581820783227954,2,2,0,39.73389932686999,0,true,19.2,8,0,12.9,0
숭실대,58,B,15,242.17389932686999,0,start,2,2,0,51.56182078322797,2,2,0,40.73389932686999,0,true,47.2,7,0,12.9,6.439999999999998
숭실대,58,C,0,242.17389932686999,0,start,2,2,0,11.702629498451294,2,2,0,21.733899326869988,0,true,14.2,8,0,13.4,2.4399999999999977
숭실대,58,C,5,242.17389932686999,0,start,2,2,0,18.702629498451294,2,2,0,25.882629498451294,0,true,18.2,8,0,13.4,6.439999999999998
숭실대,58,C,10,242.17389932686999,0,start,2,2,0,26.581820783227954,2,2,0,39.73389932686999,0,true,19.2,8,0,13.4,0
숭실대,58,C,15,242.17389932686999,0,start,2,2,0,51.56182078322797,2,2,0,40.73389932686999,0,true,47.2,7,0,13.4,6.439999999999998
숭실대,58,AB,0,242.17389932686999,0,start,2,2,0,11.702629498451294,2,2,0,21.733899326869988,0,true,14.2,8,0,13.4,2.4399999999999977
숭실대,58,AB,5,242.17389932686999,0,start,2,2,0,18.702629498451294,2,2,0,25.882629498451294,0,true,18.2,8,0,13.4,6.439999999999998
숭실대,58,AB,10,242.17389932686999,0,start,2,2,0,26.581820783227954,2,2,0,39.73389932686999,0,true,19.2,8,0,13.4,0
숭실대,58,AB,15,242.17389932686999,0,start,2,2,0,51.56182078322797,2,2,0,40.73389932686999,0,true,47.2,7,0,13.4,6.439999999999998
숭실대,58,AC,0,242.17389932686999,0,start,2,2,0,11.702629498451294,2,2,0,21.733899326869988,0,true,14.2,8,0,13.7,2.4399999999999977
숭실대,58,AC,5,242.17389932686999,0,start,2,2,0,18.702629498451294,2,2,0,25.882629498451294,0,true,18.2,8,0,13.7,6.439999999999998
숭실대,58,AC,10,242.17389932686999,0,start,2,2,0,26.581820783227954,2,2,0,39.73389932686999,0,true,19.2,8,0,13.7,0
숭실대,58,AC,15,242.17389932686999,0,start,2,2,0,51.56182078322797,2,2,0,40.73389932686999,0,true,47.2,7,0,13.7,6.439999999999998
숭실대,58,BC,0,242.17389932686999,0,start,2,2,0,11.702629498451294,2,2,0,21.733899326869988,0,true,14.2,8,0,13.4,2.4399999999999977
숭실대,58,BC,5,242.17389932686999,0,start,2,2,0,18.702629498451294,2,2,0,25.882629498451294,0,true,18.2,8,0,13.4,6.439999999999998
숭실대,58,BC,10,242.17389932686999,0,start,2,2,0,26.581820783227954,2,2,0,39.73389932686999,0,true,19.2,8,0,13.4,0
숭실대,58,BC,15,242.17389932686999,0,start,2,2,0,51.56182078322797,2,2,0,40.73389932686999,0,true,47.2,7,0,13.4,6.439999999999998
숭실대,58,ABC,0,242.17389932686999,0,start,2,2,0,11.702629498451294,2,2,0,21.733899326869988,0,true,14.2,8,0,14.3,2.4399999999999977
숭실대,58,ABC,5,242.17389932686999,0,start,2,2,0,18.702629498451294,2,2,0,25.882629498451287,0,true,18.2,8,0,14.3,6.439999999999998
숭실대,58,ABC,10,242.17389932686999,0,start,2,2,0,26.581820783227954,2,2,0,39.73389932686999,0,true,19.2,8,0,14.3,0
숭실대,58,ABC,15,242.17389932686999,0,start,2,2,0,51.56182078322797,2,2,0,40.73389932686999,0,true,47.2,7,0,14.3,6.439999999999998
숭실대,59,최단,0,747.4358377864577,0,start,6,6,0,11.82765420841855,4,4,0,25.94573833864581,1,true,14.4,19,0,8.3,0.9800000000000182
숭실대,59,최단,5,747.4358377864577,0,start,6,6,0,13.349752814490444,4,4,0,26.92573833864583,1,true,17.4,19,0,8.3,2.340000000000032
숭실대,59,최단,10,747.4358377864577,1,start,1,1,0,34.813537647132506,1,1,0,48.66,1,true,21.4,8,12,8.3,0
숭실대,59,최단,15,747.4358377864577,3,start,1,1,0,37.813537647132506,1,1,0,48.66,1,true,46.4,11,12,8.3,2.3200000000000003
숭실대,59,A,0,807.0173250257769,0,start,6,6,0,12.181174011846338,5,5,0,27.14117401184626,1,true,14,20,0,15.2,0
숭실대,59,A,5,807.0173250257769,0,start,6,6,0,16.715386579030678,5,5,0,33.165386579030724,1,true,21,20,0,15.2,0
숭실대,59,A,10,807.0173250257769,1,start,1,1,0,34.813537647132506,1,1,0,48.66,1,true,24,8,13,15.2,0
숭실대,59,A,15,807.0173250257769,3,start,1,1,0,37.813537647132506,1,1,0,48.66,1,true,26,11,12,15.2,2.3200000000000003
숭실대,59,B,0,747.4358377864577,0,start,6,6,0,11.82765420841855,4,4,0,25.94573833864581,1,true,14.4,19,0,12.9,0.9800000000000182
숭실대,59,B,5,747.4358377864577,0,start,6,6,0,13.349752814490444,4,4,0,26.92573833864583,1,true,17.4,19,0,12.9,2.340000000000032
숭실대,59,B,10,747.4358377864577,1,start,1,1,0,34.813537647132506,1,1,0,48.66,1,true,21.4,8,12,12.9,0
숭실대,59,B,15,747.4358377864577,3,start,1,1,0,37.813537647132506,1,1,0,48.66,1,true,46.4,11,12,12.9,2.3200000000000003
숭실대,59,C,0,807.0173250257769,0,start,6,6,0,12.181174011846338,5,5,0,27.14117401184626,1,true,14,20,0,15.7,0
숭실대,59,C,5,807.0173250257769,0,start,6,6,0,16.715386579030678,5,5,0,33.165386579030724,1,true,21,20,0,15.7,0
숭실대,59,C,10,807.0173250257769,1,start,1,1,0,34.813537647132506,1,1,0,48.660000000000004,1,true,24,8,13,15.7,0
숭실대,59,C,15,807.0173250257769,3,start,1,1,0,37.813537647132506,1,1,0,48.660000000000004,1,true,26,11,12,15.7,2.3200000000000003
숭실대,59,AB,0,747.4358377864577,0,start,6,6,0,11.82765420841855,4,4,0,25.94573833864581,1,true,14.4,19,0,13.4,0.9800000000000182
숭실대,59,AB,5,747.4358377864577,0,start,6,6,0,13.349752814490444,4,4,0,26.92573833864583,1,true,17.4,19,0,13.4,2.340000000000032
숭실대,59,AB,10,747.4358377864577,1,start,1,1,0,34.813537647132506,1,1,0,48.660000000000004,1,true,21.4,8,12,13.4,0
숭실대,59,AB,15,747.4358377864577,3,start,1,1,0,37.813537647132506,1,1,0,48.660000000000004,1,true,46.4,11,12,13.4,2.3199999999999985
숭실대,59,AC,0,807.0173250257769,0,start,6,6,0,12.181174011846338,5,5,0,27.14117401184626,1,true,14,20,0,18.6,0
숭실대,59,AC,5,807.0173250257769,0,start,6,6,0,16.715386579030678,5,5,0,33.165386579030724,1,true,21,20,0,18.6,0
숭실대,59,AC,10,807.0173250257769,1,start,1,1,0,34.813537647132506,1,1,0,48.66,1,true,24,8,13,18.6,0
숭실대,59,AC,15,807.0173250257769,3,start,1,1,0,37.813537647132506,1,1,0,48.66,1,true,26,11,12,18.6,2.3200000000000003
숭실대,59,BC,0,747.4358377864577,0,start,6,6,0,11.82765420841855,4,4,0,25.94573833864581,1,true,14.4,19,0,13.4,0.9800000000000182
숭실대,59,BC,5,747.4358377864577,0,start,6,6,0,13.349752814490444,4,4,0,26.92573833864583,1,true,17.4,19,0,13.4,2.340000000000032
숭실대,59,BC,10,747.4358377864577,1,start,1,1,0,34.813537647132506,1,1,0,48.660000000000004,1,true,21.4,8,12,13.4,0
숭실대,59,BC,15,747.4358377864577,3,start,1,1,0,37.813537647132506,1,1,0,48.660000000000004,1,true,46.4,11,12,13.4,2.3199999999999985
숭실대,59,ABC,0,747.4358377864577,0,start,6,6,0,11.82765420841855,4,4,0,25.94573833864581,1,true,14.4,19,0,14.3,0.9800000000000182
숭실대,59,ABC,5,747.4358377864577,0,start,6,6,0,13.349752814490444,4,4,0,26.92573833864583,1,true,17.4,19,0,14.3,2.340000000000032
숭실대,59,ABC,10,747.4358377864577,1,start,1,1,0,34.813537647132506,1,1,0,48.66,1,true,21.4,8,12,14.3,0
숭실대,59,ABC,15,747.4358377864577,3,start,1,1,0,37.813537647132506,1,1,0,48.66,1,true,46.4,11,12,14.3,2.3199999999999985
숭실대,60,최단,0,557.812300139325,0,start,5,5,0,11.726215167357793,3,3,0,24.816215167357825,1,true,14.8,16,0,8.3,0.9800000000000182
숭실대,60,최단,5,557.812300139325,1,start,0,0,0,,0,0,0,,1,true,18.8,5,12,8.3,0
숭실대,60,최단,10,557.812300139325,2,start,0,0,0,,0,0,0,,1,true,20.8,7,9,8.3,0
숭실대,60,최단,15,557.812300139325,2,start,0,0,0,,0,0,0,,1,true,40.8,8,8,8.3,2.6999999999999886
숭실대,60,A,0,617.3937873786444,0,start,5,5,0,12.091848931898198,4,4,0,27.51763636471378,1,true,14.4,17,0,15.2,0
숭실대,60,A,5,617.3937873786444,1,start,0,0,0,,0,0,0,,1,true,14.4,6,13,15.2,0
숭실대,60,A,10,617.3937873786444,2,start,0,0,0,,0,0,0,,1,true,19.4,7,11,15.2,0
숭실대,60,A,15,617.3937873786444,16,start,0,0,0,,0,0,0,,1,true,90.4,22,6,15.2,0.7000000000000455
숭실대,60,B,0,557.812300139325,0,start,5,5,0,11.726215167357793,3,3,0,24.816215167357825,1,true,14.8,16,0,12.9,0.9800000000000182
숭실대,60,B,5,557.812300139325,1,start,0,0,0,,0,0,0,,1,true,18.8,5,12,12.9,0
숭실대,60,B,10,557.812300139325,2,start,0,0,0,,0,0,0,,1,true,20.8,7,9,12.9,0
숭실대,60,B,15,557.812300139325,2,start,0,0,0,,0,0,0,,1,true,40.8,8,8,12.9,2.6999999999999886
숭실대,60,C,0,617.3937873786444,0,start,5,5,0,12.091848931898198,4,4,0,27.51763636471378,1,true,14.4,17,0,15.7,0
숭실대,60,C,5,617.3937873786444,1,start,0,0,0,,0,0,0,,1,true,14.4,6,13,15.7,0
숭실대,60,C,10,617.3937873786444,2,start,0,0,0,,0,0,0,,1,true,19.4,7,11,15.7,0
숭실대,60,C,15,617.3937873786444,16,start,0,0,0,,0,0,0,,1,true,90.4,22,6,15.7,0.7000000000000455
숭실대,60,AB,0,557.812300139325,0,start,5,5,0,11.726215167357793,3,3,0,24.816215167357825,1,true,14.8,16,0,13.4,0.9800000000000182
숭실대,60,AB,5,557.812300139325,1,start,0,0,0,,0,0,0,,1,true,18.8,5,12,13.4,0
숭실대,60,AB,10,557.812300139325,2,start,0,0,0,,0,0,0,,1,true,20.8,7,9,13.4,0
숭실대,60,AB,15,557.812300139325,2,start,0,0,0,,0,0,0,,1,true,40.8,8,8,13.4,2.6999999999999886
숭실대,60,AC,0,617.3937873786444,0,start,5,5,0,12.091848931898198,4,4,0,27.51763636471378,1,true,14.4,17,0,18.6,0
숭실대,60,AC,5,617.3937873786444,1,start,0,0,0,,0,0,0,,1,true,14.4,6,13,18.6,0
숭실대,60,AC,10,617.3937873786444,2,start,0,0,0,,0,0,0,,1,true,19.4,7,11,18.6,0
숭실대,60,AC,15,617.3937873786444,16,start,0,0,0,,0,0,0,,1,true,90.4,22,6,18.6,0.7000000000000455
숭실대,60,BC,0,557.812300139325,0,start,5,5,0,11.726215167357793,3,3,0,24.816215167357825,1,true,14.8,16,0,13.4,0.9800000000000182
숭실대,60,BC,5,557.812300139325,1,start,0,0,0,,0,0,0,,1,true,18.8,5,12,13.4,0
숭실대,60,BC,10,557.812300139325,2,start,0,0,0,,0,0,0,,1,true,20.8,7,9,13.4,0
숭실대,60,BC,15,557.812300139325,2,start,0,0,0,,0,0,0,,1,true,40.8,8,8,13.4,2.6999999999999886
숭실대,60,ABC,0,557.812300139325,0,start,5,5,0,11.726215167357793,3,3,0,24.816215167357825,1,true,14.8,16,0,14.3,0.9800000000000182
숭실대,60,ABC,5,557.812300139325,1,start,0,0,0,,0,0,0,,1,true,18.8,5,12,14.3,0
숭실대,60,ABC,10,557.812300139325,2,start,0,0,0,,0,0,0,,1,true,20.8,7,9,14.3,0
숭실대,60,ABC,15,557.812300139325,2,start,0,0,0,,0,0,0,,1,true,40.8,8,8,14.3,2.6999999999999886
숭실대,61,최단,0,319.18386817036185,0,start,2,2,0,11.097783198394666,3,3,0,24.18778319839464,1,true,14.2,10,0,8.3,0.9799999999999898
숭실대,61,최단,5,319.18386817036185,0,start,2,2,0,17.097783198394666,3,3,0,23.693768722550175,1,true,11.2,10,0,8.3,1.9799999999999898
숭실대,61,최단,10,319.18386817036185,0,start,2,2,0,21.097783198394666,3,3,0,25.673768722550165,1,true,9.2,10,0,8.3,0
숭실대,61,최단,15,319.18386817036185,0,start,2,2,0,63.077783198394656,3,3,0,32.673768722550165,1,true,39.2,9,0,8.3,2.3400000000000034
숭실대,61,A,0,378.7653554096813,0,start,2,2,0,12.46341696293507,4,4,0,26.889204395750596,1,true,14.8,11,0,15.2,0
숭실대,61,A,5,378.7653554096813,0,start,2,2,0,14.46341696293507,4,4,0,30.91341696293506,1,true,16.8,11,0,15.2,0
숭실대,61,A,10,378.7653554096813,0,start,2,2,0,64.44341696293509,4,4,0,43.88920439575057,1,true,39.8,10,0,15.2,1.6800000000000068
숭실대,61,A,15,378.7653554096813,13,start,1,1,0,64.90920439575056,0,0,0,,1,true,83.8,20,0,15.2,2.3400000000000034
숭실대,61,B,0,319.18386817036185,0,start,2,2,0,11.097783198394666,3,3,0,24.18778319839467,1,true,14.2,10,0,12.9,0.9799999999999898
숭실대,61,B,5,319.18386817036185,0,start,2,2,0,17.097783198394666,3,3,0,23.693768722550175,1,true,11.2,10,0,12.9,1.9799999999999898
숭실대,61,B,10,319.18386817036185,0,start,2,2,0,21.097783198394666,3,3,0,25.673768722550165,1,true,9.2,10,0,12.9,0
숭실대,61,B,15,319.18386817036185,0,start,2,2,0,63.077783198394656,3,3,0,32.673768722550165,1,true,39.2,9,0,12.9,2.3400000000000034
숭실대,61,C,0,378.7653554096813,0,start,2,2,0,12.46341696293507,4,4,0,26.889204395750596,1,true,14.8,11,0,15.7,0
숭실대,61,C,5,378.7653554096813,0,start,2,2,0,14.46341696293507,4,4,0,30.91341696293506,1,true,16.8,11,0,15.7,0
숭실대,61,C,10,378.7653554096813,0,start,2,2,0,64.44341696293509,4,4,0,43.88920439575057,1,true,39.8,10,0,15.7,1.6800000000000068
숭실대,61,C,15,378.7653554096813,13,start,1,1,0,64.90920439575058,0,0,0,,1,true,83.8,20,0,15.7,2.3400000000000034
숭실대,61,AB,0,319.18386817036185,0,start,2,2,0,11.097783198394666,3,3,0,24.18778319839464,1,true,14.2,10,0,13.4,0.9799999999999898
숭실대,61,AB,5,319.18386817036185,0,start,2,2,0,17.097783198394666,3,3,0,23.693768722550175,1,true,11.2,10,0,13.4,1.9799999999999898
숭실대,61,AB,10,319.18386817036185,0,start,2,2,0,21.097783198394666,3,3,0,25.673768722550165,1,true,9.2,10,0,13.4,0
숭실대,61,AB,15,319.18386817036185,0,start,2,2,0,63.077783198394656,3,3,0,32.673768722550165,1,true,39.2,9,0,13.4,2.3400000000000034
숭실대,61,AC,0,378.7653554096813,0,start,2,2,0,12.46341696293507,4,4,0,26.889204395750596,1,true,14.8,11,0,18.6,0
숭실대,61,AC,5,378.7653554096813,0,start,2,2,0,14.46341696293507,4,4,0,30.91341696293506,1,true,16.8,11,0,18.6,0
숭실대,61,AC,10,378.7653554096813,0,start,2,2,0,64.44341696293509,4,4,0,43.88920439575057,1,true,39.8,10,0,18.6,1.6800000000000068
숭실대,61,AC,15,378.7653554096813,13,start,1,1,0,64.90920439575058,0,0,0,,1,true,83.8,20,0,18.6,2.3400000000000034
숭실대,61,BC,0,319.18386817036185,0,start,2,2,0,11.097783198394666,3,3,0,24.18778319839464,1,true,14.2,10,0,13.4,0.9799999999999898
숭실대,61,BC,5,319.18386817036185,0,start,2,2,0,17.097783198394666,3,3,0,23.693768722550175,1,true,11.2,10,0,13.4,1.9799999999999898
숭실대,61,BC,10,319.18386817036185,0,start,2,2,0,21.097783198394666,3,3,0,25.673768722550165,1,true,9.2,10,0,13.4,0
숭실대,61,BC,15,319.18386817036185,0,start,2,2,0,63.077783198394656,3,3,0,32.673768722550165,1,true,39.2,9,0,13.4,2.3400000000000034
숭실대,61,ABC,0,319.18386817036185,0,start,2,2,0,11.097783198394666,3,3,0,24.18778319839467,1,true,14.2,10,0,14.3,0.9799999999999898
숭실대,61,ABC,5,319.18386817036185,0,start,2,2,0,17.097783198394666,3,3,0,23.693768722550175,1,true,11.2,10,0,14.3,1.9799999999999898
숭실대,61,ABC,10,319.18386817036185,0,start,2,2,0,21.097783198394666,3,3,0,25.673768722550165,1,true,9.2,10,0,14.3,0
숭실대,61,ABC,15,319.18386817036185,0,start,2,2,0,63.077783198394656,3,3,0,32.673768722550165,1,true,39.2,9,0,14.3,2.3400000000000034
숭실대,62,최단,0,898.7305370282962,0,start,5,5,0,11.88152835671977,8,8,0,24.73445205632902,1,true,14.7,21,0,8.3,2.6799999999999997
숭실대,62,최단,5,898.7305370282962,0,start,5,5,0,10.644452056328987,8,8,0,24.240437580484354,1,true,17.7,20,0,8.3,1.9800000000000182
숭실대,62,최단,10,898.7305370282962,0,start,5,5,0,24.88152835671977,8,8,0,35.72615585120738,1,true,23.7,20,0,8.3,2.1499999999999986
숭실대,62,최단,15,898.7305370282962,3,start,0,0,0,,1,1,0,20.66,1,true,23.7,8,18,8.3,2.3400000000000034
숭실대,62,A,0,958.3120242676155,0,start,5,5,0,12.015563927057428,9,9,0,26.72615585120738,1,true,14.3,22,0,15.4,2.6799999999999997
숭실대,62,A,5,958.3120242676155,0,start,5,5,0,16.83615585120738,9,9,0,24.72615585120738,1,true,13.3,21,0,15.4,1.1500000000000057
숭실대,62,A,10,958.3120242676155,21,start,4,4,0,24.88152835671977,5,5,0,26.746668857934424,1,true,40.3,40,0,15.4,2.7000000000000455
숭실대,62,A,15,958.3120242676155,23,start,0,0,0,,1,1,0,20.66,1,true,40.3,30,13,15.4,2.3400000000000034
숭실대,62,B,0,898.7305370282962,0,start,5,5,0,11.88152835671977,8,8,0,24.73445205632902,1,true,14.7,21,0,12.9,2.6799999999999997
숭실대,62,B,5,898.7305370282962,0,start,5,5,0,10.644452056328987,8,8,0,24.240437580484354,1,true,17.7,20,0,12.9,1.9800000000000182
숭실대,62,B,10,898.7305370282962,0,start,5,5,0,24.88152835671977,8,8,0,35.72615585120738,1,true,23.7,20,0,12.9,2.1500000000000057
숭실대,62,B,15,898.7305370282962,3,start,0,0,0,,1,1,0,20.66,1,true,23.7,8,18,12.9,2.3400000000000034
숭실대,62,C,0,1023.91912584516,0,start,5,5,0,12.27079335458717,8,8,0,27.042974831229344,1,true,14.9,21,0,16.3,2.6799999999999997
숭실대,62,C,5,1023.91912584516,0,start,5,5,0,14.082974831229421,8,8,0,29.067187398413807,1,true,12.9,21,0,16.3,2.6799999999999997
숭실대,62,C,10,1023.91912584516,0,start,5,5,0,17.27079335458717,8,8,0,36.042974831229344,1,true,12.9,21,0,16.3,2.6799999999999997
숭실대,62,C,15,1023.91912584516,0,start,5,5,0,54.250793354587174,8,8,0,37.042974831229344,1,true,37.9,18,0,16.3,2.6799999999999997
숭실대,62,AB,0,898.7305370282962,0,start,5,5,0,11.88152835671977,8,8,0,24.73445205632902,1,true,14.7,21,0,13.4,2.6800000000000015
숭실대,62,AB,5,898.7305370282962,0,start,5,5,0,10.644452056328987,8,8,0,24.240437580484354,1,true,17.7,20,0,13.4,1.9800000000000182
숭실대,62,AB,10,898.7305370282962,0,start,5,5,0,24.88152835671977,8,8,0,35.72615585120738,1,true,23.7,20,0,13.4,2.1499999999999986
숭실대,62,AB,15,898.7305370282962,3,start,0,0,0,,1,1,0,20.66,1,true,23.7,8,18,13.4,2.3399999999999963
숭실대,62,AC,0,1023.91912584516,0,start,5,5,0,12.27079335458717,8,8,0,27.042974831229344,1,true,14.9,21,0,19.1,2.6799999999999997
숭실대,62,AC,5,1023.91912584516,0,start,5,5,0,14.082974831229421,8,8,0,29.067187398413807,1,true,12.9,21,0,19.1,2.6799999999999997
숭실대,62,AC,10,1023.91912584516,0,start,5,5,0,17.27079335458717,8,8,0,36.042974831229344,1,true,12.9,21,0,19.1,2.6799999999999997
숭실대,62,AC,15,1023.91912584516,0,start,5,5,0,54.250793354587174,8,8,0,37.042974831229344,1,true,37.9,18,0,19.1,2.6799999999999997
숭실대,62,BC,0,898.7305370282962,0,start,5,5,0,11.88152835671977,8,8,0,24.73445205632902,1,true,14.7,21,0,13.4,2.6800000000000015
숭실대,62,BC,5,898.7305370282962,0,start,5,5,0,10.644452056328987,8,8,0,24.240437580484354,1,true,17.7,20,0,13.4,1.9800000000000182
숭실대,62,BC,10,898.7305370282962,0,start,5,5,0,24.88152835671977,8,8,0,35.72615585120738,1,true,23.7,20,0,13.4,2.1499999999999986
숭실대,62,BC,15,898.7305370282962,3,start,0,0,0,,1,1,0,20.66,1,true,23.7,8,18,13.4,2.3399999999999963
숭실대,62,ABC,0,898.7305370282962,0,start,5,5,0,11.88152835671977,8,8,0,24.73445205632902,1,true,14.7,21,0,14.3,2.6800000000000015
숭실대,62,ABC,5,898.7305370282962,0,start,5,5,0,10.644452056328987,8,8,0,24.240437580484354,1,true,17.7,20,0,14.3,1.9800000000000182
숭실대,62,ABC,10,898.7305370282962,0,start,5,5,0,24.88152835671977,8,8,0,35.72615585120738,1,true,23.7,20,0,14.3,2.1500000000000057
숭실대,62,ABC,15,898.7305370282962,3,start,0,0,0,,1,1,0,20.659999999999997,1,true,23.7,8,18,14.3,2.3400000000000034
숭실대,63,최단,0,817.1030441303898,0,start,3,3,0,11.894661577270028,4,4,0,26.697748335316078,1,true,14.1,13,0,8.3,2.4400000000000546
숭실대,63,최단,5,817.1030441303898,0,start,3,3,0,13.51096558674783,4,4,0,29.697748335316078,1,true,9.1,13,0,8.3,1.4400000000000546
숭실대,63,최단,10,817.1030441303898,0,start,3,3,0,13.51096558674783,4,4,0,30.660000000000025,1,true,9.1,12,0,8.3,6.440000000000055
숭실대,63,최단,15,817.1030441303898,0,start,3,3,0,29.89466157727003,4,4,0,39.66304413038972,1,true,46.1,11,0,8.3,7.440000000000055
숭실대,63,A,0,817.1030441303898,0,start,3,3,0,11.894661577270028,4,4,0,26.697748335316078,1,true,14.1,13,0,12.9,2.4400000000000546
숭실대,63,A,5,817.1030441303898,0,start,3,3,0,13.51096558674783,4,4,0,29.697748335316078,1,true,9.1,13,0,12.9,1.4400000000000546
숭실대,63,A,10,817.1030441303898,0,start,3,3,0,13.51096558674783,4,4,0,30.660000000000025,1,true,9.1,12,0,12.9,6.440000000000055
숭실대,63,A,15,817.1030441303898,0,start,3,3,0,29.89466157727003,4,4,0,39.66304413038972,1,true,46.1,11,0,12.9,7.440000000000055
숭실대,63,B,0,1023.9706291534507,0,start,5,5,0,12.385443122848983,5,5,0,22.530629153450604,1,true,15,18,0,23,1.4400000000000546
숭실대,63,B,5,1023.9706291534507,0,start,5,4,0,17.66935932503202,5,5,0,32.35935932503196,1,true,15,15,0,23,5.1200000000000045
숭실대,63,B,10,1023.9706291534507,33,start,1,1,0,51.53466157727007,1,1,0,30.660000000000025,1,true,15,38,9,23,2.4899999999999523
숭실대,63,B,15,1023.9706291534507,0,start,5,4,0,34.93855060980866,5,5,0,37.56544312284893,1,true,50,14,0,23,6.440000000000055
숭실대,63,C,0,817.1030441303898,0,start,3,3,0,11.894661577270028,4,4,0,26.697748335316078,1,true,14.1,13,0,13.4,2.4400000000000546
숭실대,63,C,5,817.1030441303898,0,start,3,3,0,13.51096558674783,4,4,0,29.697748335316078,1,true,9.1,13,0,13.4,1.4400000000000546
숭실대,63,C,10,817.1030441303898,0,start,3,3,0,13.51096558674783,4,4,0,30.660000000000025,1,true,9.1,12,0,13.4,6.440000000000055
숭실대,63,C,15,817.1030441303898,0,start,3,3,0,29.89466157727003,4,4,0,39.66304413038972,1,true,46.1,11,0,13.4,7.440000000000055
숭실대,63,AB,0,817.1030441303898,0,start,3,3,0,11.894661577270028,4,4,0,26.697748335316078,1,true,14.1,13,0,13.4,2.4400000000000546
숭실대,63,AB,5,817.1030441303898,0,start,3,3,0,13.51096558674783,4,4,0,29.697748335316078,1,true,9.1,13,0,13.4,1.4400000000000546
숭실대,63,AB,10,817.1030441303898,0,start,3,3,0,13.51096558674783,4,4,0,30.660000000000025,1,true,9.1,12,0,13.4,6.440000000000055
숭실대,63,AB,15,817.1030441303898,0,start,3,3,0,29.89466157727003,4,4,0,39.66304413038972,1,true,46.1,11,0,13.4,7.440000000000055
숭실대,63,AC,0,817.1030441303898,0,start,3,3,0,11.894661577270028,4,4,0,26.697748335316078,1,true,14.1,13,0,13.7,2.4400000000000546
숭실대,63,AC,5,817.1030441303898,0,start,3,3,0,13.51096558674783,4,4,0,29.697748335316078,1,true,9.1,13,0,13.7,1.4400000000000546
숭실대,63,AC,10,817.1030441303898,0,start,3,3,0,13.51096558674783,4,4,0,30.660000000000025,1,true,9.1,12,0,13.7,6.440000000000055
숭실대,63,AC,15,817.1030441303898,0,start,3,3,0,29.89466157727003,4,4,0,39.66304413038972,1,true,46.1,11,0,13.7,7.440000000000055
숭실대,63,BC,0,817.1030441303898,0,start,3,3,0,11.894661577270028,4,4,0,26.697748335316078,1,true,14.1,13,0,13.4,2.4400000000000546
숭실대,63,BC,5,817.1030441303898,0,start,3,3,0,13.51096558674783,4,4,0,29.697748335316078,1,true,9.1,13,0,13.4,1.4400000000000546
숭실대,63,BC,10,817.1030441303898,0,start,3,3,0,13.51096558674783,4,4,0,30.660000000000025,1,true,9.1,12,0,13.4,6.440000000000055
숭실대,63,BC,15,817.1030441303898,0,start,3,3,0,29.89466157727003,4,4,0,39.66304413038972,1,true,46.1,11,0,13.4,7.440000000000055
숭실대,63,ABC,0,817.1030441303898,0,start,3,3,0,11.894661577270028,4,4,0,26.697748335316078,1,true,14.1,13,0,14.3,2.4400000000000546
숭실대,63,ABC,5,817.1030441303898,0,start,3,3,0,13.51096558674783,4,4,0,29.697748335316078,1,true,9.1,13,0,14.3,1.4400000000000546
숭실대,63,ABC,10,817.1030441303898,0,start,3,3,0,13.51096558674783,4,4,0,30.660000000000025,1,true,9.1,12,0,14.3,6.440000000000055
숭실대,63,ABC,15,817.1030441303898,0,start,3,3,0,29.89466157727003,4,4,0,39.66304413038972,1,true,46.1,11,0,14.3,7.440000000000055
숭실대,64,최단,0,904.7165346857047,0,start,4,4,0,12.31349055531507,5,5,0,27.273490555315064,1,true,14.7,16,0,8.3,1.4400000000000546
숭실대,64,최단,5,904.7165346857047,1,start,0,0,0,,0,0,0,,1,true,10.7,4,10,8.3,0
숭실대,64,최단,10,904.7165346857047,1,start,0,0,0,,0,0,0,,1,true,29.7,4,10,8.3,0
숭실대,64,최단,15,904.7165346857047,1,start,0,0,0,,0,0,0,,1,true,31.7,4,9,8.3,0
숭실대,64,A,0,904.7165346857047,0,start,4,4,0,12.31349055531507,5,5,0,27.273490555315064,1,true,14.7,16,0,12.9,1.4400000000000546
숭실대,64,A,5,904.7165346857047,1,start,0,0,0,,0,0,0,,1,true,10.7,4,10,12.9,0
숭실대,64,A,10,904.7165346857047,1,start,0,0,0,,0,0,0,,1,true,29.7,4,10,12.9,0
숭실대,64,A,15,904.7165346857047,1,start,0,0,0,,0,0,0,,1,true,31.7,4,9,12.9,0
숭실대,64,B,0,1111.5841197087657,0,start,6,6,0,12.31349055531507,6,6,0,27.21123889063108,1,true,14.6,21,0,23,1.4400000000000546
숭실대,64,B,5,1111.5841197087657,34,start,0,0,0,,0,0,0,,1,true,7.6,37,10,23,0
숭실대,64,B,10,1111.5841197087657,36,start,0,0,0,,0,0,0,,1,true,20.6,39,13,23,0
숭실대,64,B,15,1111.5841197087657,32,start,0,0,0,,0,0,0,,1,true,21.6,36,9,23,0
숭실대,64,C,0,904.7165346857047,0,start,4,4,0,12.31349055531507,5,5,0,27.273490555315064,1,true,14.7,16,0,13.4,1.4400000000000546
숭실대,64,C,5,904.7165346857047,1,start,0,0,0,,0,0,0,,1,true,10.7,4,10,13.4,0
숭실대,64,C,10,904.7165346857047,1,start,0,0,0,,0,0,0,,1,true,29.7,4,10,13.4,0
숭실대,64,C,15,904.7165346857047,1,start,0,0,0,,0,0,0,,1,true,31.7,4,9,13.4,0
숭실대,64,AB,0,904.7165346857047,0,start,4,4,0,12.31349055531507,5,5,0,27.273490555315064,1,true,14.7,16,0,13.4,1.4400000000000546
숭실대,64,AB,5,904.7165346857047,1,start,0,0,0,,0,0,0,,1,true,10.7,4,10,13.4,0
숭실대,64,AB,10,904.7165346857047,1,start,0,0,0,,0,0,0,,1,true,29.7,4,10,13.4,0
숭실대,64,AB,15,904.7165346857047,1,start,0,0,0,,0,0,0,,1,true,31.7,4,9,13.4,0
숭실대,64,AC,0,904.7165346857047,0,start,4,4,0,12.31349055531507,5,5,0,27.273490555315064,1,true,14.7,16,0,13.7,1.4400000000000546
숭실대,64,AC,5,904.7165346857047,1,start,0,0,0,,0,0,0,,1,true,10.7,4,10,13.7,0
숭실대,64,AC,10,904.7165346857047,1,start,0,0,0,,0,0,0,,1,true,29.7,4,10,13.7,0
숭실대,64,AC,15,904.7165346857047,1,start,0,0,0,,0,0,0,,1,true,31.7,4,9,13.7,0
숭실대,64,BC,0,904.7165346857047,0,start,4,4,0,12.31349055531507,5,5,0,27.273490555315064,1,true,14.7,16,0,13.4,1.4400000000000546
숭실대,64,BC,5,904.7165346857047,1,start,0,0,0,,0,0,0,,1,true,10.7,4,10,13.4,0
숭실대,64,BC,10,904.7165346857047,1,start,0,0,0,,0,0,0,,1,true,29.7,4,10,13.4,0
숭실대,64,BC,15,904.7165346857047,1,start,0,0,0,,0,0,0,,1,true,31.7,4,9,13.4,0
숭실대,64,ABC,0,904.7165346857047,0,start,4,4,0,12.31349055531507,5,5,0,27.273490555315064,1,true,14.7,16,0,14.3,1.4400000000000546
숭실대,64,ABC,5,904.7165346857047,1,start,0,0,0,,0,0,0,,1,true,10.7,4,10,14.3,0
숭실대,64,ABC,10,904.7165346857047,1,start,0,0,0,,0,0,0,,1,true,29.7,4,10,14.3,0
숭실대,64,ABC,15,904.7165346857047,1,start,0,0,0,,0,0,0,,1,true,31.7,4,9,14.3,0
숭실대,65,최단,0,654.4555167694537,0,start,3,3,0,11.48103369870205,4,4,0,24.839456889108988,1,true,14.5,13,0,8.3,1.4400000000000546
숭실대,65,최단,5,654.4555167694537,0,start,3,3,0,13.423438225811651,4,4,0,27.839456889108988,1,true,24.5,13,0,8.3,5.440000000000055
숭실대,65,최단,10,654.4555167694537,0,start,3,3,0,13.429456889108991,4,4,0,27.839456889108988,1,true,29.5,13,0,8.3,7.439999999999998
숭실대,65,최단,15,654.4555167694537,0,start,3,3,0,45.409456889108995,4,4,0,27.839456889108988,1,true,30.5,11,0,8.3,7.740000000000009
숭실대,65,A,0,654.4555167694537,0,start,3,3,0,11.48103369870205,4,4,0,24.839456889108988,1,true,14.5,13,0,12.9,1.4400000000000546
숭실대,65,A,5,654.4555167694537,0,start,3,3,0,13.423438225811651,4,4,0,27.839456889108988,1,true,24.5,13,0,12.9,5.440000000000055
숭실대,65,A,10,654.4555167694537,0,start,3,3,0,13.429456889108991,4,4,0,27.839456889108988,1,true,29.5,13,0,12.9,7.439999999999998
숭실대,65,A,15,654.4555167694537,0,start,3,3,0,45.40945688910898,4,4,0,27.839456889108988,1,true,30.5,11,0,12.9,7.740000000000009
숭실대,65,B,0,685.3133819670234,0,start,3,3,0,12.260623362555407,4,4,0,22.160623362555413,1,true,14.3,13,0,15.7,1.4400000000000546
숭실대,65,B,5,685.3133819670234,0,start,3,3,0,46.409456889108995,4,4,0,27.839456889108988,1,true,15.3,11,0,15.7,9.120000000000005
숭실대,65,B,10,685.3133819670234,0,start,3,3,0,45.409456889108995,4,4,0,27.839456889108988,1,true,15.3,11,0,15.7,10.120000000000005
숭실대,65,B,15,685.3133819670234,0,start,3,2,0,45.409456889108995,4,3,0,49.873381967023306,1,true,15.3,9,0,15.7,2.4400000000000546
숭실대,65,C,0,654.4555167694537,0,start,3,3,0,11.48103369870205,4,4,0,24.839456889108988,1,true,14.5,13,0,13.4,1.4400000000000546
숭실대,65,C,5,654.4555167694537,0,start,3,3,0,13.423438225811651,4,4,0,27.839456889108988,1,true,24.5,13,0,13.4,5.440000000000055
숭실대,65,C,10,654.4555167694537,0,start,3,3,0,13.429456889108991,4,4,0,27.839456889108988,1,true,29.5,13,0,13.4,7.439999999999998
숭실대,65,C,15,654.4555167694537,0,start,3,3,0,45.409456889108995,4,4,0,27.839456889108988,1,true,30.5,11,0,13.4,7.740000000000009
숭실대,65,AB,0,654.4555167694537,0,start,3,3,0,11.48103369870205,4,4,0,24.839456889108988,1,true,14.5,13,0,13.4,1.4400000000000546
숭실대,65,AB,5,654.4555167694537,0,start,3,3,0,13.423438225811651,4,4,0,27.839456889108988,1,true,24.5,13,0,13.4,5.440000000000055
숭실대,65,AB,10,654.4555167694537,0,start,3,3,0,13.429456889108991,4,4,0,27.839456889108988,1,true,29.5,13,0,13.4,7.439999999999998
숭실대,65,AB,15,654.4555167694537,0,start,3,3,0,45.409456889108995,4,4,0,27.839456889108988,1,true,30.5,11,0,13.4,7.740000000000009
숭실대,65,AC,0,654.4555167694537,0,start,3,3,0,11.48103369870205,4,4,0,24.839456889108988,1,true,14.5,13,0,13.7,1.4400000000000546
숭실대,65,AC,5,654.4555167694537,0,start,3,3,0,13.423438225811651,4,4,0,27.839456889108988,1,true,24.5,13,0,13.7,5.440000000000055
숭실대,65,AC,10,654.4555167694537,0,start,3,3,0,13.429456889108991,4,4,0,27.839456889108988,1,true,29.5,13,0,13.7,7.439999999999998
숭실대,65,AC,15,654.4555167694537,0,start,3,3,0,45.40945688910898,4,4,0,27.839456889108988,1,true,30.5,11,0,13.7,7.740000000000009
숭실대,65,BC,0,685.3133819670234,0,start,3,3,0,12.260623362555407,4,4,0,22.160623362555413,1,true,14.3,13,0,16.3,1.4400000000000546
숭실대,65,BC,5,685.3133819670234,0,start,3,3,0,46.409456889108995,4,4,0,27.839456889108988,1,true,15.3,11,0,16.3,9.120000000000005
숭실대,65,BC,10,685.3133819670234,0,start,3,3,0,45.409456889108995,4,4,0,27.839456889108988,1,true,15.3,11,0,16.3,10.120000000000005
숭실대,65,BC,15,685.3133819670234,0,start,3,2,0,45.409456889108995,4,3,0,49.873381967023306,1,true,15.3,9,0,16.3,2.4400000000000546
숭실대,65,ABC,0,654.4555167694537,0,start,3,3,0,11.48103369870205,4,4,0,24.839456889108988,1,true,14.5,13,0,14.3,1.4400000000000546
숭실대,65,ABC,5,654.4555167694537,0,start,3,3,0,13.423438225811651,4,4,0,27.839456889108988,1,true,24.5,13,0,14.3,5.440000000000055
숭실대,65,ABC,10,654.4555167694537,0,start,3,3,0,13.429456889108991,4,4,0,27.839456889108988,1,true,29.5,13,0,14.3,7.439999999999998
숭실대,65,ABC,15,654.4555167694537,0,start,3,3,0,45.409456889108995,4,4,0,27.839456889108988,1,true,30.5,11,0,14.3,7.740000000000009
숭실대,66,최단,0,504.1265491126219,0,start,3,3,0,11.748166559502167,3,3,0,22.515279284203245,1,true,14.1,12,0,8.3,2.4399999999999977
숭실대,66,최단,5,504.1265491126219,0,start,3,3,0,7.7481665595021525,3,3,0,25.68654911262189,1,true,17.1,12,0,8.3,7.439999999999998
숭실대,66,최단,10,504.1265491126219,0,start,3,3,0,4.7481665595021525,3,3,0,25.721253317548303,1,true,33.1,12,0,8.3,7.439999999999998
숭실대,66,최단,15,504.1265491126219,1,start,0,0,0,,0,0,0,,1,true,33.1,11,1,8.3,7.439999999999998
숭실대,66,A,0,504.1265491126219,0,start,3,3,0,11.748166559502152,3,3,0,22.515279284203245,1,true,14.1,12,0,12.9,2.4399999999999977
숭실대,66,A,5,504.1265491126219,0,start,3,3,0,7.7481665595021525,3,3,0,25.68654911262189,1,true,17.1,12,0,12.9,7.439999999999998
숭실대,66,A,10,504.1265491126219,0,start,3,3,0,4.7481665595021525,3,3,0,25.721253317548303,1,true,33.1,12,0,12.9,7.439999999999998
숭실대,66,A,15,504.1265491126219,1,start,0,0,0,,0,0,0,,1,true,33.1,11,1,12.9,7.439999999999998
숭실대,66,B,0,504.1265491126219,0,start,3,3,0,11.748166559502152,3,3,0,22.515279284203245,1,true,14.1,12,0,12.9,2.4399999999999977
숭실대,66,B,5,504.1265491126219,0,start,3,3,0,7.7481665595021525,3,3,0,25.68654911262189,1,true,17.1,12,0,12.9,7.439999999999998
숭실대,66,B,10,504.1265491126219,0,start,3,3,0,4.7481665595021525,3,3,0,25.721253317548303,1,true,33.1,12,0,12.9,7.439999999999998
숭실대,66,B,15,504.1265491126219,1,start,0,0,0,,0,0,0,,1,true,33.1,11,1,12.9,7.439999999999998
숭실대,66,C,0,504.1265491126219,0,start,3,3,0,11.748166559502152,3,3,0,22.515279284203245,1,true,14.1,12,0,13.4,2.4399999999999977
숭실대,66,C,5,504.1265491126219,0,start,3,3,0,7.7481665595021525,3,3,0,25.68654911262189,1,true,17.1,12,0,13.4,7.439999999999998
숭실대,66,C,10,504.1265491126219,0,start,3,3,0,4.7481665595021525,3,3,0,25.721253317548303,1,true,33.1,12,0,13.4,7.439999999999998
숭실대,66,C,15,504.1265491126219,1,start,0,0,0,,0,0,0,,1,true,33.1,11,1,13.4,7.439999999999998
숭실대,66,AB,0,504.1265491126219,0,start,3,3,0,11.748166559502152,3,3,0,22.515279284203245,1,true,14.1,12,0,13.4,2.4399999999999977
숭실대,66,AB,5,504.1265491126219,0,start,3,3,0,7.7481665595021525,3,3,0,25.68654911262189,1,true,17.1,12,0,13.4,7.439999999999998
숭실대,66,AB,10,504.1265491126219,0,start,3,3,0,4.7481665595021525,3,3,0,25.721253317548303,1,true,33.1,12,0,13.4,7.439999999999998
숭실대,66,AB,15,504.1265491126219,1,start,0,0,0,,0,0,0,,1,true,33.1,11,1,13.4,7.439999999999998
숭실대,66,AC,0,504.1265491126219,0,start,3,3,0,11.748166559502152,3,3,0,22.515279284203245,1,true,14.1,12,0,13.7,2.4399999999999977
숭실대,66,AC,5,504.1265491126219,0,start,3,3,0,7.7481665595021525,3,3,0,25.68654911262189,1,true,17.1,12,0,13.7,7.439999999999998
숭실대,66,AC,10,504.1265491126219,0,start,3,3,0,4.7481665595021525,3,3,0,25.721253317548303,1,true,33.1,12,0,13.7,7.439999999999998
숭실대,66,AC,15,504.1265491126219,1,start,0,0,0,,0,0,0,,1,true,33.1,11,1,13.7,7.439999999999998
숭실대,66,BC,0,504.1265491126219,0,start,3,3,0,11.748166559502152,3,3,0,22.515279284203245,1,true,14.1,12,0,13.4,2.4399999999999977
숭실대,66,BC,5,504.1265491126219,0,start,3,3,0,7.7481665595021525,3,3,0,25.68654911262189,1,true,17.1,12,0,13.4,7.439999999999998
숭실대,66,BC,10,504.1265491126219,0,start,3,3,0,4.7481665595021525,3,3,0,25.721253317548303,1,true,33.1,12,0,13.4,7.439999999999998
숭실대,66,BC,15,504.1265491126219,1,start,0,0,0,,0,0,0,,1,true,33.1,11,1,13.4,7.439999999999998
숭실대,66,ABC,0,504.1265491126219,0,start,3,3,0,11.748166559502152,3,3,0,22.515279284203245,1,true,14.1,12,0,14.3,2.4399999999999977
숭실대,66,ABC,5,504.1265491126219,0,start,3,3,0,7.7481665595021525,3,3,0,25.68654911262189,1,true,17.1,12,0,14.3,7.439999999999998
숭실대,66,ABC,10,504.1265491126219,0,start,3,3,0,4.7481665595021525,3,3,0,25.721253317548303,1,true,33.1,12,0,14.3,7.439999999999998
숭실대,66,ABC,15,504.1265491126219,1,start,0,0,0,,0,0,0,,1,true,33.1,11,1,14.3,7.439999999999998
숭실대,67,최단,0,614.5293895836684,0,start,4,4,0,11.921502395136372,4,4,0,26.541502395136362,0,true,14.5,14,0,8.3,1.4400000000000546
숭실대,67,최단,5,614.5293895836684,0,start,4,4,0,12.921502395136372,4,4,0,20.541502395136362,0,true,9.5,13,0,8.3,4.439999999999998
숭실대,67,최단,10,614.5293895836684,1,start,2,2,0,57.131007030548574,1,1,0,19.541502395136362,0,true,9.5,7,7,8.3,0
숭실대,67,최단,15,614.5293895836684,1,start,2,2,0,60.901502395136376,1,1,0,52.54150239513636,0,true,9.5,6,8,8.3,0
숭실대,67,A,0,614.5293895836684,0,start,4,4,0,11.921502395136372,4,4,0,26.541502395136362,0,true,14.5,14,0,12.9,1.4400000000000546
숭실대,67,A,5,614.5293895836684,0,start,4,4,0,12.921502395136372,4,4,0,20.541502395136362,0,true,9.5,13,0,12.9,4.439999999999998
숭실대,67,A,10,614.5293895836684,1,start,2,2,0,57.131007030548574,1,1,0,19.541502395136362,0,true,9.5,7,7,12.9,0
숭실대,67,A,15,614.5293895836684,1,start,2,2,0,60.90150239513636,1,1,0,52.54150239513636,0,true,9.5,6,8,12.9,0
숭실대,67,B,0,614.5293895836684,0,start,4,4,0,11.921502395136372,4,4,0,26.541502395136362,0,true,14.5,14,0,12.9,1.4400000000000546
숭실대,67,B,5,614.5293895836684,0,start,4,4,0,12.921502395136372,4,4,0,20.541502395136362,0,true,9.5,13,0,12.9,4.439999999999998
숭실대,67,B,10,614.5293895836684,1,start,2,2,0,57.131007030548574,1,1,0,19.541502395136362,0,true,9.5,7,7,12.9,0
숭실대,67,B,15,614.5293895836684,1,start,2,2,0,60.90150239513636,1,1,0,52.54150239513636,0,true,9.5,6,8,12.9,0
숭실대,67,C,0,614.5293895836684,0,start,4,4,0,11.921502395136372,4,4,0,26.541502395136362,0,true,14.5,14,0,13.4,1.4400000000000546
숭실대,67,C,5,614.5293895836684,0,start,4,4,0,12.921502395136372,4,4,0,20.541502395136362,0,true,9.5,13,0,13.4,4.439999999999998
숭실대,67,C,10,614.5293895836684,1,start,2,2,0,57.131007030548574,1,1,0,19.541502395136362,0,true,9.5,7,7,13.4,0
숭실대,67,C,15,614.5293895836684,1,start,2,2,0,60.901502395136376,1,1,0,52.54150239513636,0,true,9.5,6,8,13.4,0
숭실대,67,AB,0,614.5293895836684,0,start,4,4,0,11.921502395136372,4,4,0,26.541502395136362,0,true,14.5,14,0,13.4,1.4400000000000546
숭실대,67,AB,5,614.5293895836684,0,start,4,4,0,12.921502395136372,4,4,0,20.541502395136362,0,true,9.5,13,0,13.4,4.439999999999998
숭실대,67,AB,10,614.5293895836684,1,start,2,2,0,57.131007030548574,1,1,0,19.541502395136362,0,true,9.5,7,7,13.4,0
숭실대,67,AB,15,614.5293895836684,1,start,2,2,0,60.901502395136376,1,1,0,52.54150239513636,0,true,9.5,6,8,13.4,0
숭실대,67,AC,0,614.5293895836684,0,start,4,4,0,11.921502395136372,4,4,0,26.541502395136362,0,true,14.5,14,0,13.7,1.4400000000000546
숭실대,67,AC,5,614.5293895836684,0,start,4,4,0,12.921502395136372,4,4,0,20.541502395136362,0,true,9.5,13,0,13.7,4.439999999999998
숭실대,67,AC,10,614.5293895836684,1,start,2,2,0,57.131007030548574,1,1,0,19.541502395136362,0,true,9.5,7,7,13.7,0
숭실대,67,AC,15,614.5293895836684,1,start,2,2,0,60.90150239513636,1,1,0,52.54150239513636,0,true,9.5,6,8,13.7,0
숭실대,67,BC,0,614.5293895836684,0,start,4,4,0,11.921502395136372,4,4,0,26.541502395136362,0,true,14.5,14,0,13.4,1.4400000000000546
숭실대,67,BC,5,614.5293895836684,0,start,4,4,0,12.921502395136372,4,4,0,20.541502395136362,0,true,9.5,13,0,13.4,4.439999999999998
숭실대,67,BC,10,614.5293895836684,1,start,2,2,0,57.131007030548574,1,1,0,19.541502395136362,0,true,9.5,7,7,13.4,0
숭실대,67,BC,15,614.5293895836684,1,start,2,2,0,60.901502395136376,1,1,0,52.54150239513636,0,true,9.5,6,8,13.4,0
숭실대,67,ABC,0,614.5293895836684,0,start,4,4,0,11.921502395136372,4,4,0,26.541502395136362,0,true,14.5,14,0,14.3,1.4400000000000546
숭실대,67,ABC,5,614.5293895836684,0,start,4,4,0,12.921502395136372,4,4,0,20.541502395136362,0,true,9.5,13,0,14.3,4.439999999999998
숭실대,67,ABC,10,614.5293895836684,1,start,2,2,0,57.131007030548574,1,1,0,19.541502395136362,0,true,9.5,7,7,14.3,0
숭실대,67,ABC,15,614.5293895836684,1,start,2,2,0,60.901502395136376,1,1,0,52.54150239513636,0,true,9.5,6,8,14.3,0
숭실대,68,최단,0,682.5132152767527,0,start,5,5,0,11.716824570540098,3,3,0,24.517130304785496,1,true,14.5,16,0,8.3,0.9800000000000182
숭실대,68,최단,5,682.5132152767527,1,start,0,0,0,,0,0,0,,1,true,17.5,5,12,8.3,0
숭실대,68,최단,10,682.5132152767527,1,start,0,0,0,,0,0,0,,1,true,18.5,6,12,8.3,0
숭실대,68,최단,15,682.5132152767527,1,start,0,0,0,,0,0,0,,1,true,18.5,6,12,8.3,0
숭실대,68,A,0,742.094702516072,0,start,5,5,0,12.149965689322926,4,4,0,27.21855150214128,1,true,14.1,17,0,15.2,0
숭실대,68,A,5,742.094702516072,1,start,0,0,0,,0,0,0,,1,true,15.1,6,13,15.2,0
숭실대,68,A,10,742.094702516072,1,start,0,0,0,,0,0,0,,1,true,15.1,6,13,15.2,1.3199999999999932
숭실대,68,A,15,742.094702516072,10,start,0,0,0,,0,0,0,,1,true,91.1,15,10,15.2,0
숭실대,68,B,0,682.5132152767527,0,start,5,5,0,11.716824570540098,3,3,0,24.517130304785496,1,true,14.5,16,0,12.9,0.9800000000000182
숭실대,68,B,5,682.5132152767527,1,start,0,0,0,,0,0,0,,1,true,17.5,5,12,12.9,0
숭실대,68,B,10,682.5132152767527,1,start,0,0,0,,0,0,0,,1,true,18.5,6,12,12.9,0
숭실대,68,B,15,682.5132152767527,1,start,0,0,0,,0,0,0,,1,true,18.5,6,12,12.9,0
숭실대,68,C,0,742.094702516072,0,start,5,5,0,12.149965689322926,4,4,0,27.21855150214128,1,true,14.1,17,0,15.7,0
숭실대,68,C,5,742.094702516072,1,start,0,0,0,,0,0,0,,1,true,15.1,6,13,15.7,0
숭실대,68,C,10,742.094702516072,1,start,0,0,0,,0,0,0,,1,true,15.1,6,13,15.7,1.3199999999999932
숭실대,68,C,15,742.094702516072,10,start,0,0,0,,0,0,0,,1,true,91.1,15,10,15.7,0
숭실대,68,AB,0,682.5132152767527,0,start,5,5,0,11.716824570540098,3,3,0,24.517130304785496,1,true,14.5,16,0,13.4,0.9800000000000182
숭실대,68,AB,5,682.5132152767527,1,start,0,0,0,,0,0,0,,1,true,17.5,5,12,13.4,0
숭실대,68,AB,10,682.5132152767527,1,start,0,0,0,,0,0,0,,1,true,18.5,6,12,13.4,0
숭실대,68,AB,15,682.5132152767527,1,start,0,0,0,,0,0,0,,1,true,18.5,6,12,13.4,0
숭실대,68,AC,0,742.094702516072,0,start,5,5,0,12.149965689322926,4,4,0,27.21855150214128,1,true,14.1,17,0,18.6,0
숭실대,68,AC,5,742.094702516072,1,start,0,0,0,,0,0,0,,1,true,15.1,6,13,18.6,0
숭실대,68,AC,10,742.094702516072,1,start,0,0,0,,0,0,0,,1,true,15.1,6,13,18.6,1.3199999999999932
숭실대,68,AC,15,742.094702516072,10,start,0,0,0,,0,0,0,,1,true,91.1,15,10,18.6,0
숭실대,68,BC,0,682.5132152767527,0,start,5,5,0,11.716824570540098,3,3,0,24.517130304785496,1,true,14.5,16,0,13.4,0.9800000000000182
숭실대,68,BC,5,682.5132152767527,1,start,0,0,0,,0,0,0,,1,true,17.5,5,12,13.4,0
숭실대,68,BC,10,682.5132152767527,1,start,0,0,0,,0,0,0,,1,true,18.5,6,12,13.4,0
숭실대,68,BC,15,682.5132152767527,1,start,0,0,0,,0,0,0,,1,true,18.5,6,12,13.4,0
숭실대,68,ABC,0,682.5132152767527,0,start,5,5,0,11.716824570540098,3,3,0,24.517130304785496,1,true,14.5,16,0,14.3,0.9800000000000182
숭실대,68,ABC,5,682.5132152767527,1,start,0,0,0,,0,0,0,,1,true,17.5,5,12,14.3,0
숭실대,68,ABC,10,682.5132152767527,1,start,0,0,0,,0,0,0,,1,true,18.5,6,12,14.3,0
숭실대,68,ABC,15,682.5132152767527,1,start,0,0,0,,0,0,0,,1,true,18.5,6,12,14.3,0
숭실대,69,최단,0,842.3452802096824,0,start,5,5,0,11.496271538105944,7,7,0,24.349195237715207,0,true,14.3,19,0,8.3,4.68
숭실대,69,최단,5,842.3452802096824,0,start,5,5,0,19.17030710844358,7,7,0,24.349195237715207,0,true,12.3,19,0,8.3,4.68
숭실대,69,최단,10,842.3452802096824,2,start,0,0,0,,0,0,0,,0,true,12.3,10,13,8.3,4.68
숭실대,69,최단,15,842.3452802096824,7,start,0,0,0,,0,0,0,,0,true,32.3,14,9,8.3,2.6999999999999993
숭실대,69,A,0,901.9267674490017,0,start,5,5,0,12.09061643507107,8,8,0,27.050616435070992,0,true,14.9,20,0,15.2,4.68
숭실대,69,A,5,901.9267674490017,0,start,5,5,0,19.17030710844358,8,8,0,25.074829002255456,0,true,24.9,20,0,15.2,4.68
숭실대,69,A,10,901.9267674490017,20,start,0,0,0,,0,0,0,,0,true,46.9,29,9,15.2,4.68
숭실대,69,A,15,901.9267674490017,33,start,0,0,0,,0,0,0,,0,true,77.9,40,14,15.2,2.700000000000003
숭실대,69,B,0,842.3452802096824,0,start,5,5,0,11.496271538105944,7,7,0,24.349195237715207,0,true,14.3,19,0,12.9,4.68
숭실대,69,B,5,842.3452802096824,0,start,5,5,0,19.17030710844358,7,7,0,24.349195237715207,0,true,12.3,19,0,12.9,4.68
숭실대,69,B,10,842.3452802096824,2,start,0,0,0,,0,0,0,,0,true,12.3,10,13,12.9,4.68
숭실대,69,B,15,842.3452802096824,7,start,0,0,0,,0,0,0,,0,true,32.3,14,9,12.9,2.700000000000003
숭실대,69,C,0,901.9267674490017,0,start,5,5,0,12.09061643507107,8,8,0,27.050616435070992,0,true,14.9,20,0,15.7,4.68
숭실대,69,C,5,901.9267674490017,0,start,5,5,0,19.17030710844358,8,8,0,25.074829002255456,0,true,24.9,20,0,15.7,4.68
숭실대,69,C,10,901.9267674490017,20,start,0,0,0,,0,0,0,,0,true,46.9,29,9,15.7,4.68
숭실대,69,C,15,901.9267674490017,33,start,0,0,0,,0,0,0,,0,true,77.9,40,14,15.7,2.700000000000003
숭실대,69,AB,0,842.3452802096824,0,start,5,5,0,11.496271538105944,7,7,0,24.349195237715207,0,true,14.3,19,0,13.4,4.679999999999998
숭실대,69,AB,5,842.3452802096824,0,start,5,5,0,19.17030710844358,7,7,0,24.349195237715207,0,true,12.3,19,0,13.4,4.679999999999998
숭실대,69,AB,10,842.3452802096824,2,start,0,0,0,,0,0,0,,0,true,12.3,10,13,13.4,4.679999999999998
숭실대,69,AB,15,842.3452802096824,7,start,0,0,0,,0,0,0,,0,true,32.3,14,9,13.4,2.700000000000003
숭실대,69,AC,0,901.9267674490017,0,start,5,5,0,12.09061643507107,8,8,0,27.050616435070992,0,true,14.9,20,0,18.6,4.68
숭실대,69,AC,5,901.9267674490017,0,start,5,5,0,19.17030710844358,8,8,0,25.074829002255456,0,true,24.9,20,0,18.6,4.68
숭실대,69,AC,10,901.9267674490017,20,start,0,0,0,,0,0,0,,0,true,46.9,29,9,18.6,4.68
숭실대,69,AC,15,901.9267674490017,33,start,0,0,0,,0,0,0,,0,true,77.9,40,14,18.6,2.700000000000003
숭실대,69,BC,0,842.3452802096824,0,start,5,5,0,11.496271538105944,7,7,0,24.349195237715207,0,true,14.3,19,0,13.4,4.679999999999998
숭실대,69,BC,5,842.3452802096824,0,start,5,5,0,19.17030710844358,7,7,0,24.349195237715207,0,true,12.3,19,0,13.4,4.679999999999998
숭실대,69,BC,10,842.3452802096824,2,start,0,0,0,,0,0,0,,0,true,12.3,10,13,13.4,4.679999999999998
숭실대,69,BC,15,842.3452802096824,7,start,0,0,0,,0,0,0,,0,true,32.3,14,9,13.4,2.700000000000003
숭실대,69,ABC,0,842.3452802096824,0,start,5,5,0,11.496271538105944,7,7,0,24.349195237715207,0,true,14.3,19,0,14.3,4.679999999999998
숭실대,69,ABC,5,842.3452802096824,0,start,5,5,0,19.17030710844358,7,7,0,24.349195237715207,0,true,12.3,19,0,14.3,4.679999999999998
숭실대,69,ABC,10,842.3452802096824,2,start,0,0,0,,0,0,0,,0,true,12.3,10,13,14.3,4.679999999999998
숭실대,69,ABC,15,842.3452802096824,7,start,0,0,0,,0,0,0,,0,true,32.3,14,9,14.3,2.700000000000003
숭실대,70,최단,0,968.0637872434805,0,start,7,7,0,11.977702271513294,7,7,0,25.067702271513326,0,true,14.1,23,0,8.5,0.9800000000000182
숭실대,70,최단,5,968.0637872434805,0,start,7,7,0,12.913687795668693,7,7,0,26.067702271513326,0,true,14.1,23,0,8.5,1.9800000000000182
숭실대,70,최단,10,968.0637872434805,0,start,7,7,0,31.99039425291349,7,7,0,30.55368779566868,0,true,7.1,22,0,8.5,6.460000000000036
숭실대,70,최단,15,968.0637872434805,0,start,7,7,0,37.99039425291349,7,7,0,40.067702271513326,0,true,7.1,22,0,8.5,2.340000000000032
숭실대,70,A,0,1027.6452744827998,0,start,7,7,0,11.99039425291349,8,8,0,26.76912346886911,0,true,14.6,24,0,15.4,0
숭실대,70,A,5,1027.6452744827998,0,start,7,7,0,14.343336036053529,8,8,0,29.793336036053574,0,true,20.6,24,0,15.4,0
숭실대,70,A,10,1027.6452744827998,0,start,7,7,0,31.99039425291349,8,8,0,31.76912346886911,0,true,22.6,22,0,15.4,6.460000000000036
숭실대,70,A,15,1027.6452744827998,0,start,7,7,0,37.99039425291349,8,8,0,44.793336036053574,0,true,23.6,23,0,15.4,2.299999999999997
숭실대,70,B,0,968.0637872434805,0,start,7,7,0,11.977702271513294,7,7,0,25.067702271513326,0,true,14.1,23,0,13.1,0.9800000000000182
숭실대,70,B,5,968.0637872434805,0,start,7,7,0,12.913687795668693,7,7,0,26.067702271513326,0,true,14.1,23,0,13.1,1.9800000000000182
숭실대,70,B,10,968.0637872434805,0,start,7,7,0,31.99039425291349,7,7,0,30.55368779566868,0,true,7.1,22,0,13.1,6.460000000000036
숭실대,70,B,15,968.0637872434805,0,start,7,7,0,37.99039425291349,7,7,0,40.067702271513326,0,true,7.1,22,0,13.1,2.340000000000032
숭실대,70,C,0,1027.6452744827998,0,start,7,7,0,11.99039425291349,8,8,0,26.76912346886911,0,true,14.6,24,0,15.9,0
숭실대,70,C,5,1027.6452744827998,0,start,7,7,0,14.343336036053529,8,8,0,29.793336036053574,0,true,20.6,24,0,15.9,0
숭실대,70,C,10,1027.6452744827998,0,start,7,7,0,31.99039425291349,8,8,0,31.76912346886911,0,true,22.6,22,0,15.9,6.460000000000036
숭실대,70,C,15,1027.6452744827998,0,start,7,7,0,37.99039425291349,8,8,0,44.793336036053574,0,true,23.6,23,0,15.9,2.299999999999997
숭실대,70,AB,0,968.0637872434805,0,start,7,7,0,11.977702271513294,7,7,0,25.067702271513326,0,true,14.1,23,0,13.6,0.9800000000000182
숭실대,70,AB,5,968.0637872434805,0,start,7,7,0,12.913687795668693,7,7,0,26.067702271513326,0,true,14.1,23,0,13.6,1.9800000000000182
숭실대,70,AB,10,968.0637872434805,0,start,7,7,0,31.99039425291349,7,7,0,30.55368779566868,0,true,7.1,22,0,13.6,6.460000000000036
숭실대,70,AB,15,968.0637872434805,0,start,7,7,0,37.99039425291349,7,7,0,40.067702271513326,0,true,7.1,22,0,13.6,2.340000000000032
숭실대,70,AC,0,1027.6452744827998,0,start,7,7,0,11.99039425291349,8,8,0,26.76912346886911,0,true,14.6,24,0,18.8,0
숭실대,70,AC,5,1027.6452744827998,0,start,7,7,0,14.343336036053415,8,8,0,29.793336036053574,0,true,20.6,24,0,18.8,0
숭실대,70,AC,10,1027.6452744827998,0,start,7,7,0,31.99039425291349,8,8,0,31.76912346886911,0,true,22.6,22,0,18.8,6.460000000000036
숭실대,70,AC,15,1027.6452744827998,0,start,7,7,0,37.99039425291349,8,8,0,44.793336036053574,0,true,23.6,23,0,18.8,2.299999999999997
숭실대,70,BC,0,968.0637872434805,0,start,7,7,0,11.977702271513294,7,7,0,25.067702271513326,0,true,14.1,23,0,13.6,0.9800000000000182
숭실대,70,BC,5,968.0637872434805,0,start,7,7,0,12.913687795668693,7,7,0,26.067702271513326,0,true,14.1,23,0,13.6,1.9800000000000182
숭실대,70,BC,10,968.0637872434805,0,start,7,7,0,31.99039425291349,7,7,0,30.55368779566868,0,true,7.1,22,0,13.6,6.460000000000036
숭실대,70,BC,15,968.0637872434805,0,start,7,7,0,37.99039425291349,7,7,0,40.067702271513326,0,true,7.1,22,0,13.6,2.340000000000032
숭실대,70,ABC,0,968.0637872434805,0,start,7,7,0,11.977702271513294,7,7,0,25.067702271513326,0,true,14.1,23,0,14.4,0.9800000000000182
숭실대,70,ABC,5,968.0637872434805,0,start,7,7,0,12.913687795668693,7,7,0,26.067702271513326,0,true,14.1,23,0,14.4,1.9800000000000182
숭실대,70,ABC,10,968.0637872434805,0,start,7,7,0,31.99039425291349,7,7,0,30.55368779566868,0,true,7.1,22,0,14.4,6.460000000000036
숭실대,70,ABC,15,968.0637872434805,0,start,7,7,0,37.99039425291349,7,7,0,40.067702271513326,0,true,7.1,22,0,14.4,2.340000000000032
숭실대,71,최단,0,537.922758604468,0,start,1,1,0,10.890680060825957,2,2,0,22.482758604467904,1,true,14.9,7,0,8.3,1.4400000000000546
숭실대,71,최단,5,537.922758604468,0,start,1,1,0,9.890680060825957,2,2,0,25.311488776049316,1,true,6.9,7,0,8.3,0.44000000000005457
숭실대,71,최단,10,537.922758604468,0,start,1,1,0,9.890680060825957,2,2,0,25.311488776049316,1,true,17.9,7,0,8.3,0.44000000000005457
숭실대,71,최단,15,537.922758604468,0,start,1,1,0,10.330680060826012,2,2,0,38.48275860446796,1,true,18.9,6,0,8.3,0
숭실대,71,A,0,537.922758604468,0,start,1,1,0,10.890680060825957,2,2,0,22.482758604467904,1,true,14.9,7,0,12.9,1.4400000000000546
숭실대,71,A,5,537.922758604468,0,start,1,1,0,9.890680060825957,2,2,0,25.311488776049316,1,true,6.9,7,0,12.9,0.44000000000005457
숭실대,71,A,10,537.922758604468,0,start,1,1,0,9.890680060825957,2,2,0,25.311488776049316,1,true,17.9,7,0,12.9,0.44000000000005457
숭실대,71,A,15,537.922758604468,0,start,1,1,0,10.330680060826012,2,2,0,38.482758604467904,1,true,18.9,6,0,12.9,0
숭실대,71,B,0,537.922758604468,0,start,1,1,0,10.890680060825957,2,2,0,22.482758604467904,1,true,14.9,7,0,12.9,1.4400000000000546
숭실대,71,B,5,537.922758604468,0,start,1,1,0,9.890680060825957,2,2,0,25.311488776049316,1,true,6.9,7,0,12.9,0.44000000000005457
숭실대,71,B,10,537.922758604468,0,start,1,1,0,9.890680060825957,2,2,0,25.311488776049316,1,true,17.9,7,0,12.9,0.44000000000005457
숭실대,71,B,15,537.922758604468,0,start,1,1,0,10.330680060826012,2,2,0,38.482758604467904,1,true,18.9,6,0,12.9,0
숭실대,71,C,0,537.922758604468,0,start,1,1,0,10.890680060825957,2,2,0,22.482758604467904,1,true,14.9,7,0,13.4,1.4400000000000546
숭실대,71,C,5,537.922758604468,0,start,1,1,0,9.890680060825957,2,2,0,25.311488776049316,1,true,6.9,7,0,13.4,0.44000000000005457
숭실대,71,C,10,537.922758604468,0,start,1,1,0,9.890680060825957,2,2,0,25.311488776049316,1,true,17.9,7,0,13.4,0.44000000000005457
숭실대,71,C,15,537.922758604468,0,start,1,1,0,10.330680060826012,2,2,0,38.482758604467904,1,true,18.9,6,0,13.4,0
숭실대,71,AB,0,537.922758604468,0,start,1,1,0,10.890680060825957,2,2,0,22.482758604467904,1,true,14.9,7,0,13.4,1.4400000000000546
숭실대,71,AB,5,537.922758604468,0,start,1,1,0,9.890680060825957,2,2,0,25.311488776049316,1,true,6.9,7,0,13.4,0.44000000000005457
숭실대,71,AB,10,537.922758604468,0,start,1,1,0,9.890680060825957,2,2,0,25.311488776049316,1,true,17.9,7,0,13.4,0.44000000000005457
숭실대,71,AB,15,537.922758604468,0,start,1,1,0,10.330680060826012,2,2,0,38.482758604467904,1,true,18.9,6,0,13.4,0
숭실대,71,AC,0,537.922758604468,0,start,1,1,0,10.890680060825957,2,2,0,22.482758604467904,1,true,14.9,7,0,13.7,1.4400000000000546
숭실대,71,AC,5,537.922758604468,0,start,1,1,0,9.890680060825957,2,2,0,25.311488776049316,1,true,6.9,7,0,13.7,0.44000000000005457
숭실대,71,AC,10,537.922758604468,0,start,1,1,0,9.890680060825957,2,2,0,25.311488776049316,1,true,17.9,7,0,13.7,0.44000000000005457
숭실대,71,AC,15,537.922758604468,0,start,1,1,0,10.330680060826012,2,2,0,38.482758604467904,1,true,18.9,6,0,13.7,0
숭실대,71,BC,0,537.922758604468,0,start,1,1,0,10.890680060825957,2,2,0,22.482758604467904,1,true,14.9,7,0,13.4,1.4400000000000546
숭실대,71,BC,5,537.922758604468,0,start,1,1,0,9.890680060825957,2,2,0,25.311488776049316,1,true,6.9,7,0,13.4,0.44000000000005457
숭실대,71,BC,10,537.922758604468,0,start,1,1,0,9.890680060825957,2,2,0,25.311488776049316,1,true,17.9,7,0,13.4,0.44000000000005457
숭실대,71,BC,15,537.922758604468,0,start,1,1,0,10.330680060826012,2,2,0,38.482758604467904,1,true,18.9,6,0,13.4,0
숭실대,71,ABC,0,537.922758604468,0,start,1,1,0,10.890680060825957,2,2,0,22.482758604467904,1,true,14.9,7,0,14.3,1.4400000000000546
숭실대,71,ABC,5,537.922758604468,0,start,1,1,0,9.890680060825957,2,2,0,25.311488776049316,1,true,6.9,7,0,14.3,0.44000000000005457
숭실대,71,ABC,10,537.922758604468,0,start,1,1,0,9.890680060825957,2,2,0,25.311488776049316,1,true,17.9,7,0,14.3,0.44000000000005457
숭실대,71,ABC,15,537.922758604468,0,start,1,1,0,10.330680060826012,2,2,0,38.482758604467904,1,true,18.9,6,0,14.3,0
숭실대,72,최단,0,1041.6383581585214,0,start,5,5,0,11.663875087769725,3,3,0,22.198358158521387,1,true,14.6,15,0,8.5,2.6799999999999997
숭실대,72,최단,5,1041.6383581585214,0,start,5,5,0,10.2118090458996,3,3,0,24.198358158521387,1,true,20.6,15,0,8.5,5.440000000000055
숭실대,72,최단,10,1041.6383581585214,0,start,5,4,0,36.25997560540168,3,3,0,25.198358158521387,1,true,29.6,12,0,8.5,6.740000000000009
숭실대,72,최단,15,1041.6383581585214,0,start,5,4,0,55.0262796148794,3,3,0,27.233062363447743,1,true,37.6,10,0,8.5,6.440000000000055
숭실대,72,A,0,1041.6383581585214,0,start,5,5,0,11.663875087769725,3,3,0,22.198358158521387,1,true,14.6,15,0,13.1,2.6799999999999997
숭실대,72,A,5,1041.6383581585214,0,start,5,5,0,10.2118090458996,3,3,0,24.198358158521387,1,true,20.6,15,0,13.1,5.440000000000055
숭실대,72,A,10,1041.6383581585214,0,start,5,4,0,36.25997560540168,3,3,0,25.198358158521387,1,true,29.6,12,0,13.1,6.740000000000009
숭실대,72,A,15,1041.6383581585214,0,start,5,4,0,55.0262796148794,3,3,0,27.233062363447743,1,true,37.6,10,0,13.1,6.440000000000055
숭실대,72,B,0,1248.505943181582,0,start,7,7,0,12.204673353163344,4,4,0,22.065943181582043,1,true,14.5,20,0,23,2.6799999999999997
숭실대,72,B,5,1248.505943181582,0,start,7,7,0,8.80075715098053,4,4,0,25.13306236344772,1,true,13.5,20,0,23,6.1200000000000045
숭실대,72,B,10,1248.505943181582,0,start,7,6,0,46.89386463794017,4,4,0,25.13306236344772,1,true,22.5,15,1,23,5.440000000000055
숭실대,72,B,15,1248.505943181582,2,start,5,4,0,55.90075715098044,2,2,0,35.100757150980485,1,true,22.5,12,3,23,0
숭실대,72,C,0,1041.6383581585214,0,start,5,5,0,11.663875087769725,3,3,0,22.198358158521387,1,true,14.6,15,0,13.6,2.6799999999999997
숭실대,72,C,5,1041.6383581585214,0,start,5,5,0,10.2118090458996,3,3,0,24.1983581585215,1,true,20.6,15,0,13.6,5.440000000000055
숭실대,72,C,10,1041.6383581585214,0,start,5,4,0,36.25997560540168,3,3,0,25.1983581585215,1,true,29.6,12,0,13.6,6.740000000000009
숭실대,72,C,15,1041.6383581585214,0,start,5,4,0,55.0262796148794,3,3,0,27.233062363447743,1,true,37.6,10,0,13.6,6.439999999999941
숭실대,72,AB,0,1041.6383581585214,0,start,5,5,0,11.663875087769725,3,3,0,22.198358158521387,1,true,14.6,15,0,13.6,2.6799999999999997
숭실대,72,AB,5,1041.6383581585214,0,start,5,5,0,10.2118090458996,3,3,0,24.1983581585215,1,true,20.6,15,0,13.6,5.440000000000055
숭실대,72,AB,10,1041.6383581585214,0,start,5,4,0,36.25997560540168,3,3,0,25.1983581585215,1,true,29.6,12,0,13.6,6.740000000000009
숭실대,72,AB,15,1041.6383581585214,0,start,5,4,0,55.0262796148794,3,3,0,27.233062363447743,1,true,37.6,10,0,13.6,6.439999999999941
숭실대,72,AC,0,1041.6383581585214,0,start,5,5,0,11.663875087769725,3,3,0,22.198358158521387,1,true,14.6,15,0,13.9,2.6799999999999997
숭실대,72,AC,5,1041.6383581585214,0,start,5,5,0,10.2118090458996,3,3,0,24.1983581585215,1,true,20.6,15,0,13.9,5.439999999999827
숭실대,72,AC,10,1041.6383581585214,0,start,5,4,0,36.25997560540168,3,3,0,25.1983581585215,1,true,29.6,12,0,13.9,6.739999999999782
숭실대,72,AC,15,1041.6383581585214,0,start,5,4,0,55.0262796148794,3,3,0,27.233062363447743,1,true,37.6,10,0,13.9,6.439999999999941
숭실대,72,BC,0,1041.6383581585214,0,start,5,5,0,11.663875087769725,3,3,0,22.198358158521387,1,true,14.6,15,0,13.6,2.6799999999999997
숭실대,72,BC,5,1041.6383581585214,0,start,5,5,0,10.2118090458996,3,3,0,24.1983581585215,1,true,20.6,15,0,13.6,5.440000000000055
숭실대,72,BC,10,1041.6383581585214,0,start,5,4,0,36.25997560540168,3,3,0,25.1983581585215,1,true,29.6,12,0,13.6,6.740000000000009
숭실대,72,BC,15,1041.6383581585214,0,start,5,4,0,55.0262796148794,3,3,0,27.233062363447743,1,true,37.6,10,0,13.6,6.439999999999941
숭실대,72,ABC,0,1041.6383581585214,0,start,5,5,0,11.663875087769725,3,3,0,22.198358158521387,1,true,14.6,15,0,14.4,2.6799999999999997
숭실대,72,ABC,5,1041.6383581585214,0,start,5,5,0,10.2118090458996,3,3,0,24.198358158521387,1,true,20.6,15,0,14.4,5.440000000000055
숭실대,72,ABC,10,1041.6383581585214,0,start,5,4,0,36.25997560540168,3,3,0,25.1983581585215,1,true,29.6,12,0,14.4,6.739999999999782
숭실대,72,ABC,15,1041.6383581585214,0,start,5,4,0,55.0262796148794,3,3,0,27.233062363447743,1,true,37.6,10,0,14.4,6.439999999999941
숭실대,73,최단,0,732.8690086715766,0,start,3,3,0,11.782923699609341,5,5,0,22.258909223764704,0,true,14.9,13,0,8.3,0.9800000000000182
숭실대,73,최단,5,732.8690086715766,0,start,3,3,0,13.154035570337555,5,5,0,25.258909223764704,0,true,21.9,13,0,8.3,1.9800000000000182
숭실대,73,최단,10,732.8690086715766,0,start,3,3,0,14.378909223764708,5,5,0,30.82403557033757,0,true,22.9,13,0,8.3,2.340000000000032
숭실대,73,최단,15,732.8690086715766,0,start,3,3,0,22.78292369960934,5,5,0,38.87292369960937,0,true,25.9,13,0,8.3,2.340000000000032
숭실대,73,A,0,792.4504959108958,0,start,3,3,0,12.154035570337555,6,6,0,27.574344896965158,0,true,14.5,14,0,15.2,0
숭실대,73,A,5,792.4504959108958,0,start,3,3,0,13.154035570337555,6,6,0,28.574344896965158,0,true,11.5,14,0,15.2,0
숭실대,73,A,10,792.4504959108958,25,start,2,2,0,15.614344896965235,2,2,0,30.82403557033757,0,true,40.5,35,0,15.2,2.340000000000032
숭실대,73,A,15,792.4504959108958,17,start,2,2,0,15.614344896965235,2,2,0,65.88514050121455,0,true,59.5,27,0,15.2,2.340000000000032
숭실대,73,B,0,732.8690086715766,0,start,3,3,0,11.782923699609341,5,5,0,22.258909223764704,0,true,14.9,13,0,12.9,0.9800000000000182
숭실대,73,B,5,732.8690086715766,0,start,3,3,0,13.154035570337555,5,5,0,25.258909223764704,0,true,21.9,13,0,12.9,1.9800000000000182
숭실대,73,B,10,732.8690086715766,0,start,3,3,0,14.378909223764708,5,5,0,30.82403557033757,0,true,22.9,13,0,12.9,2.340000000000032
숭실대,73,B,15,732.8690086715766,0,start,3,3,0,22.78292369960934,5,5,0,38.87292369960937,0,true,25.9,13,0,12.9,2.340000000000032
숭실대,73,C,0,792.4504959108958,0,start,3,3,0,12.154035570337555,6,6,0,27.574344896965158,0,true,14.5,14,0,15.7,0
숭실대,73,C,5,792.4504959108958,0,start,3,3,0,13.154035570337555,6,6,0,28.574344896965158,0,true,11.5,14,0,15.7,0
숭실대,73,C,10,792.4504959108958,25,start,2,2,0,15.614344896965235,2,2,0,30.82403557033757,0,true,40.5,35,0,15.7,2.340000000000032
숭실대,73,C,15,792.4504959108958,17,start,2,2,0,15.614344896965235,2,2,0,65.88514050121455,0,true,59.5,27,0,15.7,2.340000000000032
숭실대,73,AB,0,732.8690086715766,0,start,3,3,0,11.782923699609341,5,5,0,22.258909223764704,0,true,14.9,13,0,13.4,0.9800000000000182
숭실대,73,AB,5,732.8690086715766,0,start,3,3,0,13.154035570337555,5,5,0,25.258909223764704,0,true,21.9,13,0,13.4,1.9800000000000182
숭실대,73,AB,10,732.8690086715766,0,start,3,3,0,14.378909223764708,5,5,0,30.82403557033757,0,true,22.9,13,0,13.4,2.340000000000032
숭실대,73,AB,15,732.8690086715766,0,start,3,3,0,22.78292369960934,5,5,0,38.87292369960937,0,true,25.9,13,0,13.4,2.340000000000032
숭실대,73,AC,0,792.4504959108958,0,start,3,3,0,12.154035570337555,6,6,0,27.574344896965158,0,true,14.5,14,0,18.6,0
숭실대,73,AC,5,792.4504959108958,0,start,3,3,0,13.154035570337555,6,6,0,28.574344896965158,0,true,11.5,14,0,18.6,0
숭실대,73,AC,10,792.4504959108958,25,start,2,2,0,15.614344896965235,2,2,0,30.82403557033757,0,true,40.5,35,0,18.6,2.340000000000032
숭실대,73,AC,15,792.4504959108958,17,start,2,2,0,15.614344896965235,2,2,0,65.88514050121455,0,true,59.5,27,0,18.6,2.340000000000032
숭실대,73,BC,0,732.8690086715766,0,start,3,3,0,11.782923699609341,5,5,0,22.258909223764704,0,true,14.9,13,0,13.4,0.9800000000000182
숭실대,73,BC,5,732.8690086715766,0,start,3,3,0,13.154035570337555,5,5,0,25.258909223764704,0,true,21.9,13,0,13.4,1.9800000000000182
숭실대,73,BC,10,732.8690086715766,0,start,3,3,0,14.378909223764708,5,5,0,30.82403557033757,0,true,22.9,13,0,13.4,2.340000000000032
숭실대,73,BC,15,732.8690086715766,0,start,3,3,0,22.78292369960934,5,5,0,38.87292369960937,0,true,25.9,13,0,13.4,2.340000000000032
숭실대,73,ABC,0,732.8690086715766,0,start,3,3,0,11.782923699609341,5,5,0,22.258909223764704,0,true,14.9,13,0,14.3,0.9800000000000182
숭실대,73,ABC,5,732.8690086715766,0,start,3,3,0,13.154035570337555,5,5,0,25.258909223764704,0,true,21.9,13,0,14.3,1.9800000000000182
숭실대,73,ABC,10,732.8690086715766,0,start,3,3,0,14.378909223764708,5,5,0,30.82403557033757,0,true,22.9,13,0,14.3,2.340000000000032
숭실대,73,ABC,15,732.8690086715766,0,start,3,3,0,22.78292369960934,5,5,0,38.87292369960937,0,true,25.9,13,0,14.3,2.340000000000032
숭실대,74,최단,0,773.6788764933499,0,start,4,4,0,12.300493940230183,3,3,0,22.238876493349835,1,true,14.7,14,0,8.3,1.4400000000000546
숭실대,74,최단,5,773.6788764933499,0,start,4,4,0,16.422327380728007,3,3,0,26.06760666493119,1,true,7.7,14,0,8.3,7.440000000000055
숭실대,74,최단,10,773.6788764933499,0,start,4,4,0,25.300493940230183,3,3,0,36.273580698276305,1,true,14.7,14,0,8.3,7.440000000000055
숭실대,74,최단,15,773.6788764933499,2,start,1,1,0,21.422327380727978,0,0,0,,1,true,41.7,8,5,8.3,0
숭실대,74,A,0,773.6788764933499,0,start,4,4,0,12.300493940230183,3,3,0,22.238876493349835,1,true,14.7,14,0,12.9,1.4400000000000546
숭실대,74,A,5,773.6788764933499,0,start,4,4,0,16.422327380728007,3,3,0,26.06760666493119,1,true,7.7,14,0,12.9,7.440000000000055
숭실대,74,A,10,773.6788764933499,0,start,4,4,0,25.300493940230183,3,3,0,36.273580698276305,1,true,14.7,14,0,12.9,7.440000000000055
숭실대,74,A,15,773.6788764933499,2,start,1,1,0,21.422327380728007,0,0,0,,1,true,41.7,8,5,12.9,0
숭실대,74,B,0,980.5464615164109,0,start,6,6,0,12.300493940230183,4,4,0,22.106461516410832,1,true,14.5,19,0,23,1.4400000000000546
숭실대,74,B,5,980.5464615164109,0,start,6,6,0,13.245191687992246,4,4,0,24.173580698276282,1,true,20.5,19,0,23,7.740000000000009
숭실대,74,B,10,980.5464615164109,0,start,6,6,0,25.300493940230183,4,4,0,29.106461516410832,1,true,21.5,17,0,23,0
숭실대,74,B,15,980.5464615164109,33,start,1,1,0,21.422327380728007,0,0,0,,1,true,21.5,40,10,23,0
숭실대,74,C,0,773.6788764933499,0,start,4,4,0,12.300493940230183,3,3,0,22.238876493349835,1,true,14.7,14,0,13.4,1.4400000000000546
숭실대,74,C,5,773.6788764933499,0,start,4,4,0,16.422327380728007,3,3,0,26.06760666493119,1,true,7.7,14,0,13.4,7.440000000000055
숭실대,74,C,10,773.6788764933499,0,start,4,4,0,25.300493940230183,3,3,0,36.273580698276305,1,true,14.7,14,0,13.4,7.440000000000055
숭실대,74,C,15,773.6788764933499,2,start,1,1,0,21.422327380728007,0,0,0,,1,true,41.7,8,5,13.4,0
숭실대,74,AB,0,773.6788764933499,0,start,4,4,0,12.300493940230183,3,3,0,22.238876493349835,1,true,14.7,14,0,13.4,1.4400000000000546
숭실대,74,AB,5,773.6788764933499,0,start,4,4,0,16.422327380728007,3,3,0,26.06760666493119,1,true,7.7,14,0,13.4,7.440000000000055
숭실대,74,AB,10,773.6788764933499,0,start,4,4,0,25.300493940230183,3,3,0,36.273580698276305,1,true,14.7,14,0,13.4,7.440000000000055
숭실대,74,AB,15,773.6788764933499,2,start,1,1,0,21.422327380728007,0,0,0,,1,true,41.7,8,5,13.4,0
숭실대,74,AC,0,773.6788764933499,0,start,4,4,0,12.300493940230183,3,3,0,22.238876493349835,1,true,14.7,14,0,13.7,1.4400000000000546
숭실대,74,AC,5,773.6788764933499,0,start,4,4,0,16.422327380728007,3,3,0,26.06760666493119,1,true,7.7,14,0,13.7,7.440000000000055
숭실대,74,AC,10,773.6788764933499,0,start,4,4,0,25.300493940230183,3,3,0,36.273580698276305,1,true,14.7,14,0,13.7,7.440000000000055
숭실대,74,AC,15,773.6788764933499,2,start,1,1,0,21.422327380728007,0,0,0,,1,true,41.7,8,5,13.7,0
숭실대,74,BC,0,773.6788764933499,0,start,4,4,0,12.300493940230183,3,3,0,22.238876493349835,1,true,14.7,14,0,13.4,1.4400000000000546
숭실대,74,BC,5,773.6788764933499,0,start,4,4,0,16.422327380728007,3,3,0,26.06760666493119,1,true,7.7,14,0,13.4,7.440000000000055
숭실대,74,BC,10,773.6788764933499,0,start,4,4,0,25.300493940230183,3,3,0,36.273580698276305,1,true,14.7,14,0,13.4,7.440000000000055
숭실대,74,BC,15,773.6788764933499,2,start,1,1,0,21.422327380728007,0,0,0,,1,true,41.7,8,5,13.4,0
숭실대,74,ABC,0,773.6788764933499,0,start,4,4,0,12.300493940230183,3,3,0,22.238876493349835,1,true,14.7,14,0,14.3,1.4400000000000546
숭실대,74,ABC,5,773.6788764933499,0,start,4,4,0,16.422327380728007,3,3,0,26.06760666493119,1,true,7.7,14,0,14.3,7.440000000000055
숭실대,74,ABC,10,773.6788764933499,0,start,4,4,0,25.300493940230183,3,3,0,36.273580698276305,1,true,14.7,14,0,14.3,7.440000000000055
숭실대,74,ABC,15,773.6788764933499,2,start,1,1,0,21.422327380728007,0,0,0,,1,true,41.7,8,5,14.3,0
숭실대,75,최단,0,1529.6978436186694,0,start,7,7,0,12.162416405470765,4,4,0,26.770082258286493,1,true,14.7,21,0,8.5,1.4400000000000546
숭실대,75,최단,5,1529.6978436186694,0,start,7,7,0,17.162416405470765,4,4,0,34.14254782359535,1,true,21.7,21,0,8.5,5.440000000000055
숭실대,75,최단,10,1529.6978436186694,0,start,7,6,0,25.723360547917537,4,4,0,36.08657379025067,1,true,47.7,20,0,8.5,8.740000000000009
숭실대,75,최단,15,1529.6978436186694,1,start,1,0,0,,0,0,0,,1,true,48.7,4,16,8.5,0
숭실대,75,A,0,1529.6978436186694,0,start,7,7,0,12.162416405470765,4,4,0,26.770082258286493,1,true,14.7,21,0,13.1,1.4400000000000546
숭실대,75,A,5,1529.6978436186694,0,start,7,7,0,17.162416405470765,4,4,0,34.14254782359535,1,true,21.7,21,0,13.1,5.440000000000055
숭실대,75,A,10,1529.6978436186694,0,start,7,6,0,25.723360547917537,4,4,0,36.08657379025067,1,true,47.7,20,0,13.1,8.740000000000009
숭실대,75,A,15,1529.6978436186694,1,start,1,0,0,,0,0,0,,1,true,48.7,4,16,13.1,0
숭실대,75,B,0,1736.56542864173,0,start,9,9,0,12.26415881331127,5,5,0,22.125428641729968,1,true,14.6,26,0,23,1.4400000000000546
숭실대,75,B,5,1736.56542864173,0,start,9,9,0,15.27129450604707,5,5,0,21.192547823595532,1,true,8.6,26,0,23,3.4400000000000546
숭실대,75,B,10,1736.56542864173,1,start,7,6,0,19.162416405470765,3,3,0,21.192547823595532,1,true,16.6,21,6,23,5.119999999999891
숭실대,75,B,15,1736.56542864173,3,start,1,0,0,,0,0,0,,1,true,27.6,6,23,23,0
숭실대,75,C,0,1948.2273370844161,0,start,9,9,0,12.150082258286488,4,4,0,27.214817750765633,1,true,14.2,25,0,18.8,0.44000000000005457
숭실대,75,C,5,1948.2273370844161,0,start,9,9,0,16.319461065549376,4,4,0,30.214817750765633,1,true,17.2,25,0,18.8,5.440000000000055
숭실대,75,C,10,1948.2273370844161,0,start,9,8,0,24.47008225828648,4,4,0,35.14254782359535,1,true,30.2,23,0,18.8,5.440000000000055
숭실대,75,C,15,1948.2273370844161,1,start,1,0,0,,0,0,0,,1,true,467.2,4,16,18.8,0
숭실대,75,AB,0,1529.6978436186694,0,start,7,7,0,12.162416405470765,4,4,0,26.770082258286493,1,true,14.7,21,0,13.6,1.4400000000000546
숭실대,75,AB,5,1529.6978436186694,0,start,7,7,0,17.162416405470765,4,4,0,34.14254782359535,1,true,21.7,21,0,13.6,5.440000000000055
숭실대,75,AB,10,1529.6978436186694,0,start,7,6,0,25.723360547917537,4,4,0,36.08657379025067,1,true,47.7,20,0,13.6,8.740000000000009
숭실대,75,AB,15,1529.6978436186694,1,start,1,0,0,,0,0,0,,1,true,48.7,4,16,13.6,0
숭실대,75,AC,0,1948.2273370844161,0,start,9,9,0,12.150082258286488,4,4,0,27.214817750765633,1,true,14.2,25,0,21.6,0.44000000000005457
숭실대,75,AC,5,1948.2273370844161,0,start,9,9,0,16.319461065549376,4,4,0,30.214817750765633,1,true,17.2,25,0,21.6,5.440000000000055
숭실대,75,AC,10,1948.2273370844161,0,start,9,8,0,24.47008225828648,4,4,0,35.14254782359535,1,true,30.2,23,0,21.6,5.440000000000055
숭실대,75,AC,15,1948.2273370844161,1,start,1,0,0,,0,0,0,,1,true,467.2,4,16,21.6,0
숭실대,75,BC,0,1529.6978436186694,0,start,7,7,0,12.162416405470765,4,4,0,26.770082258286493,1,true,14.7,21,0,13.6,1.4400000000000546
숭실대,75,BC,5,1529.6978436186694,0,start,7,7,0,17.162416405470765,4,4,0,34.14254782359535,1,true,21.7,21,0,13.6,5.440000000000055
숭실대,75,BC,10,1529.6978436186694,0,start,7,6,0,25.723360547917537,4,4,0,36.08657379025067,1,true,47.7,20,0,13.6,8.740000000000009
숭실대,75,BC,15,1529.6978436186694,1,start,1,0,0,,0,0,0,,1,true,48.7,4,16,13.6,0
숭실대,75,ABC,0,1529.6978436186694,0,start,7,7,0,12.162416405470765,4,4,0,26.770082258286493,1,true,14.7,21,0,14.4,1.4400000000000546
숭실대,75,ABC,5,1529.6978436186694,0,start,7,7,0,17.162416405470765,4,4,0,34.14254782359535,1,true,21.7,21,0,14.4,5.440000000000055
숭실대,75,ABC,10,1529.6978436186694,0,start,7,6,0,25.723360547917537,4,4,0,36.08657379025067,1,true,47.7,20,0,14.4,8.740000000000009
숭실대,75,ABC,15,1529.6978436186694,1,start,1,0,0,,0,0,0,,1,true,48.7,4,16,14.4,0
숭실대,76,최단,0,1309.1712219062026,0,start,6,6,0,11.79283935308274,4,4,0,26.76592611112892,0,true,14.2,18,0,8.5,2.4400000000000546
숭실대,76,최단,5,1309.1712219062026,0,start,6,6,0,19.196738835450788,4,4,0,26.243460545819914,0,true,16.2,18,0,8.5,4.440000000000055
숭실대,76,최단,10,1309.1712219062026,0,start,6,6,0,24.635794693004073,4,4,0,37.55995207778392,0,true,17.2,18,0,8.5,7.440000000000055
숭실대,76,최단,15,1309.1712219062026,2,start,3,3,0,25.635794693004073,1,1,0,56.92346054581992,0,true,17.2,10,9,8.5,2.319999999999993
숭실대,76,A,0,1309.1712219062026,0,start,6,6,0,11.79283935308274,4,4,0,26.76592611112892,0,true,14.2,18,0,13.1,2.4400000000000546
숭실대,76,A,5,1309.1712219062026,0,start,6,6,0,19.196738835450788,4,4,0,26.243460545819914,0,true,16.2,18,0,13.1,4.440000000000055
숭실대,76,A,10,1309.1712219062026,0,start,6,6,0,24.635794693004073,4,4,0,37.55995207778392,0,true,17.2,18,0,13.1,7.440000000000055
숭실대,76,A,15,1309.1712219062026,2,start,3,3,0,25.635794693004073,1,1,0,56.92346054581992,0,true,17.2,10,9,13.1,2.319999999999993
숭실대,76,B,0,1516.0388069292633,0,start,8,8,0,11.87592611112882,5,5,0,22.427537100844575,0,true,14,23,0,23,2.4400000000000546
숭실대,76,B,5,1516.0388069292633,0,start,8,8,0,17.62346054581991,5,5,0,25.665926111128783,0,true,13,23,0,23,3.4400000000000546
숭실대,76,B,10,1516.0388069292633,0,start,8,8,0,19.744672793580662,5,5,0,26.243460545819914,0,true,19,22,0,23,6.119999999999891
숭실대,76,B,15,1516.0388069292633,30,start,3,3,0,25.635794693004073,1,1,0,56.92346054581992,0,true,27,38,10,23,2.319999999999993
숭실대,76,C,0,1309.1712219062026,0,start,6,6,0,11.79283935308274,4,4,0,26.76592611112892,0,true,14.2,18,0,13.6,2.4400000000000546
숭실대,76,C,5,1309.1712219062026,0,start,6,6,0,19.196738835450788,4,4,0,26.243460545819914,0,true,16.2,18,0,13.6,4.440000000000055
숭실대,76,C,10,1309.1712219062026,0,start,6,6,0,24.635794693004073,4,4,0,37.55995207778392,0,true,17.2,18,0,13.6,7.440000000000055
숭실대,76,C,15,1309.1712219062026,2,start,3,3,0,25.635794693004073,1,1,0,56.92346054581992,0,true,17.2,10,9,13.6,2.319999999999993
숭실대,76,AB,0,1309.1712219062026,0,start,6,6,0,11.79283935308274,4,4,0,26.76592611112892,0,true,14.2,18,0,13.6,2.4400000000000546
숭실대,76,AB,5,1309.1712219062026,0,start,6,6,0,19.196738835450788,4,4,0,26.243460545819914,0,true,16.2,18,0,13.6,4.440000000000055
숭실대,76,AB,10,1309.1712219062026,0,start,6,6,0,24.635794693004073,4,4,0,37.55995207778392,0,true,17.2,18,0,13.6,7.440000000000055
숭실대,76,AB,15,1309.1712219062026,2,start,3,3,0,25.635794693004073,1,1,0,56.92346054581992,0,true,17.2,10,9,13.6,2.319999999999993
숭실대,76,AC,0,1309.1712219062026,0,start,6,6,0,11.79283935308274,4,4,0,26.76592611112892,0,true,14.2,18,0,13.9,2.4400000000000546
숭실대,76,AC,5,1309.1712219062026,0,start,6,6,0,19.196738835450788,4,4,0,26.243460545819914,0,true,16.2,18,0,13.9,4.440000000000055
숭실대,76,AC,10,1309.1712219062026,0,start,6,6,0,24.635794693004073,4,4,0,37.55995207778392,0,true,17.2,18,0,13.9,7.440000000000055
숭실대,76,AC,15,1309.1712219062026,2,start,3,3,0,25.635794693004073,1,1,0,56.92346054581992,0,true,17.2,10,9,13.9,2.319999999999993
숭실대,76,BC,0,1309.1712219062026,0,start,6,6,0,11.79283935308274,4,4,0,26.76592611112892,0,true,14.2,18,0,13.6,2.4400000000000546
숭실대,76,BC,5,1309.1712219062026,0,start,6,6,0,19.196738835450788,4,4,0,26.243460545819914,0,true,16.2,18,0,13.6,4.440000000000055
숭실대,76,BC,10,1309.1712219062026,0,start,6,6,0,24.635794693004073,4,4,0,37.55995207778392,0,true,17.2,18,0,13.6,7.440000000000055
숭실대,76,BC,15,1309.1712219062026,2,start,3,3,0,25.635794693004073,1,1,0,56.92346054581992,0,true,17.2,10,9,13.6,2.319999999999993
숭실대,76,ABC,0,1309.1712219062026,0,start,6,6,0,11.79283935308274,4,4,0,26.76592611112892,0,true,14.2,18,0,14.4,2.4400000000000546
숭실대,76,ABC,5,1309.1712219062026,0,start,6,6,0,19.196738835450788,4,4,0,26.243460545819914,0,true,16.2,18,0,14.4,4.440000000000055
숭실대,76,ABC,10,1309.1712219062026,0,start,6,6,0,24.635794693004073,4,4,0,37.55995207778392,0,true,17.2,18,0,14.4,7.440000000000055
숭실대,76,ABC,15,1309.1712219062026,2,start,3,3,0,25.635794693004073,1,1,0,56.92346054581992,0,true,17.2,10,9,14.4,2.319999999999993
숭실대,77,최단,0,1031.7254272131984,0,start,4,4,0,12.298878100576644,3,3,0,22.285427213198318,1,true,14.7,14,0,8.5,1.4400000000000546
숭실대,77,최단,5,1031.7254272131984,0,start,4,4,0,10.190944142446824,3,3,0,24.320131418124788,1,true,11.7,14,0,8.5,5.440000000000055
숭실대,77,최단,10,1031.7254272131984,0,start,4,4,0,23.133348669556426,3,3,0,23.114157384779674,1,true,32.7,14,0,8.5,7.440000000000055
숭실대,77,최단,15,1031.7254272131984,1,start,1,1,0,62.278878100576605,0,0,0,,1,true,34.7,5,8,8.5,0
숭실대,77,A,0,1031.7254272131984,0,start,4,4,0,12.298878100576644,3,3,0,22.285427213198318,1,true,14.7,14,0,13.1,1.4400000000000546
숭실대,77,A,5,1031.7254272131984,0,start,4,4,0,10.190944142446824,3,3,0,24.320131418124788,1,true,11.7,14,0,13.1,5.440000000000055
숭실대,77,A,10,1031.7254272131984,0,start,4,4,0,23.133348669556426,3,3,0,23.114157384779674,1,true,32.7,14,0,13.1,7.440000000000055
숭실대,77,A,15,1031.7254272131984,1,start,1,1,0,62.278878100576605,0,0,0,,1,true,34.7,5,8,13.1,0
숭실대,77,B,0,1238.593012236259,0,start,6,6,0,12.298878100576644,4,4,0,22.153012236258974,1,true,14.6,19,0,23,1.4400000000000546
숭실대,77,B,5,1238.593012236259,0,start,6,6,0,13.430131418124802,4,4,0,25.98174240784033,1,true,11.6,19,0,23,1.4400000000000546
숭실대,77,B,10,1238.593012236259,0,start,6,6,0,25.4301314181248,4,4,0,40.220131418124765,1,true,20.6,19,0,23,1.4400000000000546
숭실대,77,B,15,1238.593012236259,28,start,1,1,0,62.278878100576605,0,0,0,,1,true,31.6,33,8,23,0
숭실대,77,C,0,1031.7254272131984,0,start,4,4,0,12.298878100576644,3,3,0,22.285427213198318,1,true,14.7,14,0,13.6,1.4400000000000546
숭실대,77,C,5,1031.7254272131984,0,start,4,4,0,10.190944142446824,3,3,0,24.320131418124788,1,true,11.7,14,0,13.6,5.440000000000055
숭실대,77,C,10,1031.7254272131984,0,start,4,4,0,23.133348669556426,3,3,0,23.114157384779674,1,true,32.7,14,0,13.6,7.440000000000055
숭실대,77,C,15,1031.7254272131984,1,start,1,1,0,62.278878100576605,0,0,0,,1,true,34.7,5,8,13.6,0
숭실대,77,AB,0,1031.7254272131984,0,start,4,4,0,12.298878100576644,3,3,0,22.285427213198318,1,true,14.7,14,0,13.6,1.4400000000000546
숭실대,77,AB,5,1031.7254272131984,0,start,4,4,0,10.190944142446824,3,3,0,24.320131418124788,1,true,11.7,14,0,13.6,5.440000000000055
숭실대,77,AB,10,1031.7254272131984,0,start,4,4,0,23.133348669556426,3,3,0,23.114157384779674,1,true,32.7,14,0,13.6,7.440000000000055
숭실대,77,AB,15,1031.7254272131984,1,start,1,1,0,62.278878100576605,0,0,0,,1,true,34.7,5,8,13.6,0
숭실대,77,AC,0,1031.7254272131984,0,start,4,4,0,12.298878100576644,3,3,0,22.285427213198318,1,true,14.7,14,0,13.9,1.4400000000000546
숭실대,77,AC,5,1031.7254272131984,0,start,4,4,0,10.190944142446824,3,3,0,24.320131418124788,1,true,11.7,14,0,13.9,5.440000000000055
숭실대,77,AC,10,1031.7254272131984,0,start,4,4,0,23.133348669556426,3,3,0,23.114157384779674,1,true,32.7,14,0,13.9,7.440000000000055
숭실대,77,AC,15,1031.7254272131984,1,start,1,1,0,62.278878100576605,0,0,0,,1,true,34.7,5,8,13.9,0
숭실대,77,BC,0,1031.7254272131984,0,start,4,4,0,12.298878100576644,3,3,0,22.285427213198318,1,true,14.7,14,0,13.6,1.4400000000000546
숭실대,77,BC,5,1031.7254272131984,0,start,4,4,0,10.190944142446824,3,3,0,24.320131418124788,1,true,11.7,14,0,13.6,5.440000000000055
숭실대,77,BC,10,1031.7254272131984,0,start,4,4,0,23.133348669556426,3,3,0,23.114157384779674,1,true,32.7,14,0,13.6,7.440000000000055
숭실대,77,BC,15,1031.7254272131984,1,start,1,1,0,62.278878100576605,0,0,0,,1,true,34.7,5,8,13.6,0
숭실대,77,ABC,0,1031.7254272131984,0,start,4,4,0,12.298878100576644,3,3,0,22.285427213198318,1,true,14.7,14,0,14.4,1.4400000000000546
숭실대,77,ABC,5,1031.7254272131984,0,start,4,4,0,10.190944142446824,3,3,0,24.320131418124788,1,true,11.7,14,0,14.4,5.440000000000055
숭실대,77,ABC,10,1031.7254272131984,0,start,4,4,0,23.133348669556426,3,3,0,23.114157384779674,1,true,32.7,14,0,14.4,7.440000000000055
숭실대,77,ABC,15,1031.7254272131984,1,start,1,1,0,62.278878100576605,0,0,0,,1,true,34.7,5,8,14.4,0
숭실대,78,최단,0,1115.2477613603826,0,start,5,5,0,11.712334147184166,3,3,0,21.80776136038253,1,true,14.2,16,0,8.5,2.4400000000000546
숭실대,78,최단,5,1115.2477613603826,0,start,5,5,0,14.712334147184166,3,3,0,27.842465565309,1,true,18.2,16,0,8.5,6.440000000000055
숭실대,78,최단,10,1115.2477613603826,0,start,5,5,0,15.712334147184166,3,3,0,30.842465565309,1,true,18.2,16,0,8.5,1.2999999999999545
숭실대,78,최단,15,1115.2477613603826,1,start,2,2,0,29.821212247760855,0,0,0,,1,true,48.2,9,7,8.5,0
숭실대,78,A,0,1115.2477613603826,0,start,5,5,0,11.712334147184166,3,3,0,21.80776136038253,1,true,14.2,16,0,13.1,2.4400000000000546
숭실대,78,A,5,1115.2477613603826,0,start,5,5,0,14.712334147184166,3,3,0,27.842465565309,1,true,18.2,16,0,13.1,6.440000000000055
숭실대,78,A,10,1115.2477613603826,0,start,5,5,0,15.712334147184166,3,3,0,30.842465565309,1,true,18.2,16,0,13.1,1.2999999999999545
숭실대,78,A,15,1115.2477613603826,1,start,2,2,0,29.821212247760855,0,0,0,,1,true,48.2,9,7,13.1,0
숭실대,78,B,0,1322.1153463834432,0,start,7,7,0,11.869378807262933,4,4,0,22.50407655502454,1,true,14.1,21,0,23,2.4400000000000546
숭실대,78,B,5,1322.1153463834432,0,start,7,7,0,13.814076555024485,4,4,0,25.742465565308976,1,true,12.1,20,0,23,6.440000000000055
숭실대,78,B,10,1322.1153463834432,0,start,7,7,0,15.712334147184166,4,4,0,31.710160352841626,1,true,12.1,21,0,23,2.2999999999999545
숭실대,78,B,15,1322.1153463834432,27,start,2,2,0,29.821212247760855,0,0,0,,1,true,28.1,36,7,23,0
숭실대,78,C,0,1115.2477613603826,0,start,5,5,0,11.712334147184166,3,3,0,21.80776136038253,1,true,14.2,16,0,13.6,2.4400000000000546
숭실대,78,C,5,1115.2477613603826,0,start,5,5,0,14.712334147184166,3,3,0,27.842465565309,1,true,18.2,16,0,13.6,6.440000000000055
숭실대,78,C,10,1115.2477613603826,0,start,5,5,0,15.712334147184166,3,3,0,30.842465565309,1,true,18.2,16,0,13.6,1.2999999999999545
숭실대,78,C,15,1115.2477613603826,1,start,2,2,0,29.821212247760855,0,0,0,,1,true,48.2,9,7,13.6,0
숭실대,78,AB,0,1115.2477613603826,0,start,5,5,0,11.712334147184166,3,3,0,21.80776136038253,1,true,14.2,16,0,13.6,2.4400000000000546
숭실대,78,AB,5,1115.2477613603826,0,start,5,5,0,14.712334147184166,3,3,0,27.842465565309,1,true,18.2,16,0,13.6,6.440000000000055
숭실대,78,AB,10,1115.2477613603826,0,start,5,5,0,15.712334147184166,3,3,0,30.842465565309,1,true,18.2,16,0,13.6,1.2999999999999545
숭실대,78,AB,15,1115.2477613603826,1,start,2,2,0,29.821212247760855,0,0,0,,1,true,48.2,9,7,13.6,0
숭실대,78,AC,0,1115.2477613603826,0,start,5,5,0,11.712334147184166,3,3,0,21.80776136038253,1,true,14.2,16,0,13.9,2.4400000000000546
숭실대,78,AC,5,1115.2477613603826,0,start,5,5,0,14.712334147184166,3,3,0,27.842465565309,1,true,18.2,16,0,13.9,6.440000000000055
숭실대,78,AC,10,1115.2477613603826,0,start,5,5,0,15.712334147184166,3,3,0,30.842465565309,1,true,18.2,16,0,13.9,1.2999999999999545
숭실대,78,AC,15,1115.2477613603826,1,start,2,2,0,29.821212247760855,0,0,0,,1,true,48.2,9,7,13.9,0
숭실대,78,BC,0,1115.2477613603826,0,start,5,5,0,11.712334147184166,3,3,0,21.80776136038253,1,true,14.2,16,0,13.6,2.4400000000000546
숭실대,78,BC,5,1115.2477613603826,0,start,5,5,0,14.712334147184166,3,3,0,27.842465565309,1,true,18.2,16,0,13.6,6.440000000000055
숭실대,78,BC,10,1115.2477613603826,0,start,5,5,0,15.712334147184166,3,3,0,30.842465565309,1,true,18.2,16,0,13.6,1.2999999999999545
숭실대,78,BC,15,1115.2477613603826,1,start,2,2,0,29.821212247760855,0,0,0,,1,true,48.2,9,7,13.6,0
숭실대,78,ABC,0,1115.2477613603826,0,start,5,5,0,11.712334147184166,3,3,0,21.80776136038253,1,true,14.2,16,0,14.4,2.4400000000000546
숭실대,78,ABC,5,1115.2477613603826,0,start,5,5,0,14.712334147184166,3,3,0,27.842465565309,1,true,18.2,16,0,14.4,6.440000000000055
숭실대,78,ABC,10,1115.2477613603826,0,start,5,5,0,15.712334147184166,3,3,0,30.842465565309,1,true,18.2,16,0,14.4,1.2999999999999545
숭실대,78,ABC,15,1115.2477613603826,1,start,2,2,0,29.821212247760855,0,0,0,,1,true,48.2,9,7,14.4,0
중앙대,0,최단,0,507.1195506280567,0,start,3,3,0,11.67372672141542,6,6,0,21.733083260934052,1,true,14.1,15,0,8.3,0
중앙대,0,최단,5,507.1195506280567,0,start,3,3,0,6.76213707552435,6,6,0,22.733083260934052,1,true,17.1,15,0,8.3,0
중앙대,0,최단,10,507.1195506280567,0,start,3,3,0,33.2737267214154,6,6,0,37.61479041800257,1,true,17.1,14,0,8.3,8.460000000000008
중앙대,0,최단,15,507.1195506280567,2,start,0,0,0,,0,0,0,,1,true,17.1,19,1,8.3,8.460000000000008
중앙대,0,A,0,544.2302333490572,0,start,3,3,0,12.418069093339057,3,3,0,21.296123393874154,1,true,14.2,12,0,15.9,0
중앙대,0,A,5,544.2302333490572,0,start,3,3,0,15.241555487822012,3,3,0,26.254153248437888,1,true,18.2,12,0,15.9,4.460000000000008
중앙대,0,A,10,544.2302333490572,0,start,3,3,0,31.241555487822012,3,3,0,29.29612339387421,1,true,43.2,11,0,15.9,8.460000000000008
중앙대,0,A,15,544.2302333490572,3,start,0,0,0,,0,0,0,,1,true,48.2,15,5,15.9,8.460000000000008
중앙대,0,B,0,507.1195506280567,0,start,3,3,0,11.67372672141542,6,6,0,21.733083260934052,1,true,14.1,15,0,12.9,0
중앙대,0,B,5,507.1195506280567,0,start,3,3,0,6.76213707552435,6,6,0,22.733083260934052,1,true,17.1,15,0,12.9,0
중앙대,0,B,10,507.1195506280567,0,start,3,3,0,33.27372672141543,6,6,0,37.61479041800257,1,true,17.1,14,0,12.9,8.459999999999994
중앙대,0,B,15,507.1195506280567,2,start,0,0,0,,0,0,0,,1,true,17.1,19,1,12.9,8.46
중앙대,0,C,0,588.6619723210772,0,start,3,3,0,12.13608646327151,3,3,0,20.72786236589411,1,true,14.7,12,0,16.1,0
중앙대,0,C,5,588.6619723210772,0,start,3,3,0,14.13608646327151,3,3,0,21.72786236589411,1,true,17.7,12,0,16.1,0
중앙대,0,C,10,588.6619723210772,0,start,3,3,0,32.13608646327151,3,3,0,23.72786236589411,1,true,17.7,12,0,16.1,0
중앙대,0,C,15,588.6619723210772,1,start,0,0,0,,0,0,0,,1,true,17.7,13,1,16.1,1.1299999999999955
중앙대,0,AB,0,544.2302333490572,0,start,3,3,0,12.418069093339057,3,3,0,21.296123393874154,1,true,14.2,12,0,16.4,0
중앙대,0,AB,5,544.2302333490572,0,start,3,3,0,15.241555487822012,3,3,0,26.254153248437888,1,true,18.2,12,0,16.4,4.459999999999994
중앙대,0,AB,10,544.2302333490572,0,start,3,3,0,31.241555487822026,3,3,0,29.29612339387421,1,true,43.2,11,0,16.4,8.459999999999994
중앙대,0,AB,15,544.2302333490572,3,start,0,0,0,,0,0,0,,1,true,48.2,15,5,16.4,8.46
중앙대,0,AC,0,588.6619723210772,0,start,3,3,0,12.13608646327151,3,3,0,20.72786236589411,1,true,14.7,12,0,19.6,0
중앙대,0,AC,5,588.6619723210772,0,start,3,3,0,14.13608646327151,3,3,0,21.72786236589411,1,true,17.7,12,0,19.6,0
중앙대,0,AC,10,588.6619723210772,0,start,3,3,0,32.13608646327151,3,3,0,23.72786236589411,1,true,17.7,12,0,19.6,0
중앙대,0,AC,15,588.6619723210772,1,start,0,0,0,,0,0,0,,1,true,17.7,13,1,19.6,1.1299999999999955
중앙대,0,BC,0,544.2302333490572,0,start,3,3,0,12.418069093339057,3,3,0,21.296123393874154,1,true,14.2,12,0,15.7,0
중앙대,0,BC,5,544.2302333490572,0,start,3,3,0,15.241555487822012,3,3,0,26.254153248437888,1,true,18.2,12,0,15.7,4.460000000000008
중앙대,0,BC,10,544.2302333490572,0,start,3,3,0,31.241555487822012,3,3,0,29.296123393874154,1,true,43.2,11,0,15.7,8.460000000000008
중앙대,0,BC,15,544.2302333490572,3,start,0,0,0,,0,0,0,,1,true,48.2,15,5,15.7,8.460000000000008
중앙대,0,ABC,0,544.2302333490572,0,start,3,3,0,12.418069093339057,3,3,0,21.296123393874154,1,true,14.2,12,0,19.8,0
중앙대,0,ABC,5,544.2302333490572,0,start,3,3,0,15.241555487822012,3,3,0,26.254153248437888,1,true,18.2,12,0,19.8,4.460000000000008
중앙대,0,ABC,10,544.2302333490572,0,start,3,3,0,31.241555487822012,3,3,0,29.296123393874154,1,true,43.2,11,0,19.8,8.460000000000008
중앙대,0,ABC,15,544.2302333490572,3,start,0,0,0,,0,0,0,,1,true,48.2,15,5,19.8,8.460000000000008
중앙대,1,최단,0,680.9355589382686,0,start,3,3,0,12.628473794147311,5,5,0,21.847365267514874,1,true,14.9,14,0,8.3,0
중앙대,1,최단,5,680.9355589382686,0,start,3,3,0,18.763989499783314,5,5,0,23.87764017760452,1,true,13.9,14,0,8.3,0
중앙대,1,최단,10,680.9355589382686,0,start,3,3,0,31.779478837649265,5,5,0,38.847365267514846,1,true,23.9,12,0,8.3,2.319999999999993
중앙대,1,최단,15,680.9355589382686,0,start,3,3,0,51.75947883764928,5,4,0,50.00144898308554,1,true,24.9,11,0,8.3,0
중앙대,1,A,0,736.7605165412732,0,start,9,9,0,12.11186889324128,4,4,0,27.035497247619276,1,true,14.8,25,0,15.2,0
중앙대,1,A,5,736.7605165412732,0,start,9,9,0,17.041079592486483,4,4,0,35.73735214187184,1,true,18.8,25,0,15.2,0.12999999999999545
중앙대,1,A,10,736.7605165412732,0,start,9,9,0,31.90549724761928,4,4,0,36.035497247619276,1,true,32.8,22,0,15.2,1.1299999999999955
중앙대,1,A,15,736.7605165412732,0,start,9,9,0,51.04107959248648,4,4,0,37.826406586090116,1,true,34.8,23,0,15.2,4.810000000000002
중앙대,1,B,0,758.356421836328,0,start,9,9,0,12.064450860123657,5,5,0,25.354995165662842,0,true,14.4,25,0,16.4,1.1500000000000057
중앙대,1,B,5,758.356421836328,0,start,9,9,0,20.122311881144924,5,5,0,33.30445086012365,0,true,23.4,25,0,16.4,1.4600000000000364
중앙대,1,B,10,758.356421836328,0,start,9,8,0,26.676930876006395,5,4,0,51.63140254267404,0,true,27.4,20,0,16.4,2.6799999999999997
중앙대,1,B,15,758.356421836328,1,start,0,0,0,,0,0,0,,0,true,49.4,24,0,16.4,3.8299999999999983
중앙대,1,C,0,756.563418250971,0,start,10,10,0,12.171275540126373,3,3,0,26.53530386176749,1,true,14.6,26,0,15.9,0
중앙대,1,C,5,756.563418250971,0,start,10,10,0,19.13338442114207,3,3,0,33.53530386176749,1,true,21.6,26,0,15.9,0
중앙대,1,C,10,756.563418250971,0,start,10,10,0,33.17127554012637,3,3,0,33.53530386176749,1,true,26.6,22,0,15.9,1.6800000000000068
중앙대,1,C,15,756.563418250971,0,start,10,10,0,52.76398949978332,3,3,0,35.73735214187184,1,true,47.6,22,0,15.9,6.460000000000036
중앙대,1,AB,0,736.984859735449,0,start,7,7,0,12.210749780266042,3,3,0,27.259840441795177,1,true,15,20,0,19.3,0
중앙대,1,AB,5,736.984859735449,0,start,7,7,0,16.38482590562012,3,3,0,33.25984044179518,1,true,19,20,0,19.3,0
중앙대,1,AB,10,736.984859735449,0,start,7,7,0,34.38482590562012,3,3,0,36.25984044179518,1,true,33,17,0,19.3,1.8100000000000023
중앙대,1,AB,15,736.984859735449,0,start,7,7,0,52.76398949978332,3,3,0,38.05074978026596,1,true,35,18,0,19.3,2.1499999999999773
중앙대,1,AC,0,756.563418250971,0,start,10,10,0,12.171275540126373,3,3,0,26.53530386176749,1,true,14.6,26,0,18.8,0
중앙대,1,AC,5,756.563418250971,0,start,10,10,0,19.13338442114207,3,3,0,33.53530386176749,1,true,21.6,26,0,18.8,0
중앙대,1,AC,10,756.563418250971,0,start,10,10,0,33.17127554012637,3,3,0,33.53530386176749,1,true,26.6,22,0,18.8,1.6800000000000068
중앙대,1,AC,15,756.563418250971,0,start,10,10,0,52.76398949978332,3,3,0,35.73735214187184,1,true,47.6,22,0,18.8,6.460000000000036
중앙대,1,BC,0,756.7877614451469,0,start,10,10,0,12.139647055943385,2,2,0,26.75964705594339,1,true,14.8,25,0,19.4,0
중앙대,1,BC,5,756.7877614451469,0,start,10,10,0,19.357727615317913,2,2,0,33.75964705594339,1,true,21.8,25,0,19.4,0
중앙대,1,BC,10,756.7877614451469,0,start,10,10,0,33.395618734302275,2,2,0,33.75964705594339,1,true,26.8,21,0,19.4,1.6800000000000068
중앙대,1,BC,15,756.7877614451469,0,start,10,10,0,52.76398949978332,2,2,0,36.75964705594339,1,true,47.8,21,0,19.4,6.460000000000036
중앙대,1,ABC,0,756.7877614451469,0,start,10,10,0,12.139647055943385,2,2,0,26.75964705594339,1,true,14.8,25,0,22.8,0
중앙대,1,ABC,5,756.7877614451469,0,start,10,10,0,19.357727615317913,2,2,0,33.75964705594339,1,true,21.8,25,0,22.8,0
중앙대,1,ABC,10,756.7877614451469,0,start,10,10,0,33.395618734302275,2,2,0,33.75964705594339,1,true,26.8,21,0,22.8,1.6800000000000068
중앙대,1,ABC,15,756.7877614451469,0,start,10,10,0,52.76398949978332,2,2,0,36.75964705594339,1,true,47.8,21,0,22.8,6.460000000000036
중앙대,2,최단,0,444.24719981660587,0,start,3,3,0,11.855186798678488,2,2,0,21.31308986142284,0,true,14.2,10,0,8.3,1.3200000000000003
중앙대,2,최단,5,444.24719981660587,0,start,3,3,0,15.435035560887655,2,2,0,23.271119715986515,0,true,18.2,9,0,8.3,2.3200000000000003
중앙대,2,최단,10,444.24719981660587,0,start,3,3,0,27.435035560887655,2,2,0,25.271119715986515,0,true,35.2,9,0,8.3,3.4599999999999795
중앙대,2,최단,15,444.24719981660587,0,start,3,3,0,71.41503556088767,2,2,0,52.31308986142284,0,true,35.2,7,0,8.3,0
중앙대,2,A,0,444.24719981660587,0,start,3,3,0,11.855186798678488,2,2,0,21.31308986142284,0,true,14.2,10,0,12.9,1.3200000000000003
중앙대,2,A,5,444.24719981660587,0,start,3,3,0,15.435035560887655,2,2,0,23.271119715986515,0,true,18.2,9,0,12.9,2.3200000000000003
중앙대,2,A,10,444.24719981660587,0,start,3,3,0,27.435035560887655,2,2,0,25.271119715986515,0,true,35.2,9,0,12.9,3.4599999999999795
중앙대,2,A,15,444.24719981660587,0,start,3,3,0,71.41503556088767,2,2,0,52.31308986142284,0,true,35.2,7,0,12.9,0
중앙대,2,B,0,444.24719981660587,0,start,3,3,0,11.855186798678488,2,2,0,21.31308986142284,0,true,14.2,10,0,12.9,1.3200000000000003
중앙대,2,B,5,444.24719981660587,0,start,3,3,0,15.435035560887655,2,2,0,23.271119715986515,0,true,18.2,9,0,12.9,2.3200000000000003
중앙대,2,B,10,444.24719981660587,0,start,3,3,0,27.435035560887655,2,2,0,25.271119715986515,0,true,35.2,9,0,12.9,3.4599999999999795
중앙대,2,B,15,444.24719981660587,0,start,3,3,0,71.41503556088767,2,2,0,52.31308986142284,0,true,35.2,7,0,12.9,0
중앙대,2,C,0,444.24719981660587,0,start,3,3,0,11.855186798678488,2,2,0,21.31308986142284,0,true,14.2,10,0,13.4,1.3200000000000003
중앙대,2,C,5,444.24719981660587,0,start,3,3,0,15.435035560887655,2,2,0,23.271119715986515,0,true,18.2,9,0,13.4,2.3200000000000003
중앙대,2,C,10,444.24719981660587,0,start,3,3,0,27.435035560887655,2,2,0,25.271119715986515,0,true,35.2,9,0,13.4,3.4599999999999795
중앙대,2,C,15,444.24719981660587,0,start,3,3,0,71.41503556088767,2,2,0,52.31308986142284,0,true,35.2,7,0,13.4,0
중앙대,2,AB,0,444.24719981660587,0,start,3,3,0,11.855186798678488,2,2,0,21.31308986142284,0,true,14.2,10,0,13.4,1.3200000000000003
중앙대,2,AB,5,444.24719981660587,0,start,3,3,0,15.435035560887655,2,2,0,23.271119715986515,0,true,18.2,9,0,13.4,2.3200000000000003
중앙대,2,AB,10,444.24719981660587,0,start,3,3,0,27.435035560887655,2,2,0,25.271119715986515,0,true,35.2,9,0,13.4,3.4599999999999795
중앙대,2,AB,15,444.24719981660587,0,start,3,3,0,71.41503556088767,2,2,0,52.31308986142284,0,true,35.2,7,0,13.4,0
중앙대,2,AC,0,444.24719981660587,0,start,3,3,0,11.855186798678488,2,2,0,21.31308986142284,0,true,14.2,10,0,13.7,1.3200000000000003
중앙대,2,AC,5,444.24719981660587,0,start,3,3,0,15.435035560887655,2,2,0,23.271119715986515,0,true,18.2,9,0,13.7,2.3200000000000003
중앙대,2,AC,10,444.24719981660587,0,start,3,3,0,27.435035560887655,2,2,0,25.271119715986515,0,true,35.2,9,0,13.7,3.4599999999999795
중앙대,2,AC,15,444.24719981660587,0,start,3,3,0,71.41503556088767,2,2,0,52.31308986142284,0,true,35.2,7,0,13.7,0
중앙대,2,BC,0,444.24719981660587,0,start,3,3,0,11.855186798678488,2,2,0,21.31308986142284,0,true,14.2,10,0,13.4,1.3200000000000003
중앙대,2,BC,5,444.24719981660587,0,start,3,3,0,15.435035560887655,2,2,0,23.271119715986515,0,true,18.2,9,0,13.4,2.3200000000000003
중앙대,2,BC,10,444.24719981660587,0,start,3,3,0,27.435035560887655,2,2,0,25.271119715986515,0,true,35.2,9,0,13.4,3.4599999999999795
중앙대,2,BC,15,444.24719981660587,0,start,3,3,0,71.41503556088767,2,2,0,52.31308986142284,0,true,35.2,7,0,13.4,0
중앙대,2,ABC,0,444.24719981660587,0,start,3,3,0,11.855186798678488,2,2,0,21.31308986142284,0,true,14.2,10,0,14.3,1.3200000000000003
중앙대,2,ABC,5,444.24719981660587,0,start,3,3,0,15.435035560887655,2,2,0,23.271119715986515,0,true,18.2,9,0,14.3,2.3200000000000003
중앙대,2,ABC,10,444.24719981660587,0,start,3,3,0,27.435035560887655,2,2,0,25.271119715986515,0,true,35.2,9,0,14.3,3.4599999999999795
중앙대,2,ABC,15,444.24719981660587,0,start,3,3,0,71.41503556088767,2,2,0,52.31308986142284,0,true,35.2,7,0,14.3,0
중앙대,3,최단,0,467.9459808459537,0,start,3,3,0,12.019513478831044,6,6,0,22.559513478831036,0,true,14.9,14,0,8.3,0
중앙대,3,최단,5,467.9459808459537,0,start,3,3,0,11.019513478831044,6,6,0,23.96990074533437,0,true,21.9,14,0,8.3,0.46000000000000085
중앙대,3,최단,10,467.9459808459537,0,start,3,1,0,14.019513478831044,6,4,0,42.559513478831036,0,true,39.9,9,0,8.3,0
중앙대,3,최단,15,467.9459808459537,1,start,0,0,0,,0,0,0,,0,true,46.9,15,1,8.3,7.439999999999998
중앙대,3,A,0,505.05666356695417,0,start,3,3,0,12.067985705719025,3,3,0,21.12255361177114,0,true,14.1,11,0,15.9,2.319999999999993
중앙대,3,A,5,505.05666356695417,0,start,3,3,0,19.067985705719025,3,3,0,20.12255361177114,0,true,13.1,11,0,15.9,2.5900000000000034
중앙대,3,A,10,505.05666356695417,0,start,3,1,0,12.24449931123604,3,2,0,37.12255361177114,0,true,25.1,7,0,15.9,0
중앙대,3,A,15,505.05666356695417,0,start,3,1,0,44.24449931123604,3,2,0,56.12255361177114,0,true,27.1,7,0,15.9,0
중앙대,3,B,0,467.9459808459537,0,start,3,3,0,12.019513478831044,6,6,0,22.559513478831036,0,true,14.9,14,0,12.9,0
중앙대,3,B,5,467.9459808459537,0,start,3,3,0,11.019513478831044,6,6,0,23.96990074533437,0,true,21.9,14,0,12.9,0.46000000000000085
중앙대,3,B,10,467.9459808459537,0,start,3,1,0,14.019513478831044,6,4,0,42.559513478831036,0,true,39.9,9,0,12.9,0
중앙대,3,B,15,467.9459808459537,1,start,0,0,0,,0,0,0,,0,true,46.9,15,1,12.9,7.439999999999998
중앙대,3,C,0,505.05666356695417,0,start,3,3,0,12.067985705719025,3,3,0,21.12255361177114,0,true,14.1,11,0,15.7,2.319999999999993
중앙대,3,C,5,505.05666356695417,0,start,3,3,0,19.067985705719025,3,3,0,20.12255361177114,0,true,13.1,11,0,15.7,2.589999999999989
중앙대,3,C,10,505.05666356695417,0,start,3,1,0,12.24449931123604,3,2,0,37.12255361177114,0,true,25.1,7,0,15.7,0
중앙대,3,C,15,505.05666356695417,0,start,3,1,0,44.24449931123604,3,2,0,56.12255361177114,0,true,27.1,7,0,15.7,0
중앙대,3,AB,0,505.05666356695417,0,start,3,3,0,12.067985705719025,3,3,0,21.12255361177114,0,true,14.1,11,0,16.4,2.3200000000000074
중앙대,3,AB,5,505.05666356695417,0,start,3,3,0,19.067985705719025,3,3,0,20.12255361177114,0,true,13.1,11,0,16.4,2.589999999999989
중앙대,3,AB,10,505.05666356695417,0,start,3,1,0,12.24449931123604,3,2,0,37.12255361177114,0,true,25.1,7,0,16.4,0
중앙대,3,AB,15,505.05666356695417,0,start,3,1,0,44.24449931123604,3,2,0,56.12255361177114,0,true,27.1,7,0,16.4,0
중앙대,3,AC,0,505.05666356695417,0,start,3,3,0,12.067985705719025,3,3,0,21.12255361177114,0,true,14.1,11,0,19.3,2.319999999999993
중앙대,3,AC,5,505.05666356695417,0,start,3,3,0,19.067985705719025,3,3,0,20.12255361177114,0,true,13.1,11,0,19.3,2.589999999999989
중앙대,3,AC,10,505.05666356695417,0,start,3,1,0,12.24449931123604,3,2,0,37.12255361177114,0,true,25.1,7,0,19.3,0
중앙대,3,AC,15,505.05666356695417,0,start,3,1,0,44.24449931123604,3,2,0,56.12255361177114,0,true,27.1,7,0,19.3,0
중앙대,3,BC,0,505.05666356695417,0,start,3,3,0,12.067985705719025,3,3,0,21.12255361177114,0,true,14.1,11,0,15.7,2.319999999999993
중앙대,3,BC,5,505.05666356695417,0,start,3,3,0,19.067985705719025,3,3,0,20.12255361177114,0,true,13.1,11,0,15.7,2.589999999999989
중앙대,3,BC,10,505.05666356695417,0,start,3,1,0,12.24449931123604,3,2,0,37.12255361177114,0,true,25.1,7,0,15.7,0
중앙대,3,BC,15,505.05666356695417,0,start,3,1,0,44.24449931123604,3,2,0,56.12255361177114,0,true,27.1,7,0,15.7,0
중앙대,3,ABC,0,505.05666356695417,0,start,3,3,0,12.067985705719025,3,3,0,21.12255361177114,0,true,14.1,11,0,19.8,2.319999999999993
중앙대,3,ABC,5,505.05666356695417,0,start,3,3,0,19.067985705719025,3,3,0,20.12255361177114,0,true,13.1,11,0,19.8,2.5900000000000034
중앙대,3,ABC,10,505.05666356695417,0,start,3,1,0,12.24449931123604,3,2,0,37.12255361177114,0,true,25.1,7,0,19.8,0
중앙대,3,ABC,15,505.05666356695417,0,start,3,1,0,44.24449931123604,3,2,0,56.12255361177114,0,true,27.1,7,0,19.8,0
중앙대,4,최단,0,593.120814529649,0,start,5,5,0,12.401742469583823,10,10,0,23.616054319594923,0,true,14.1,22,0,8.3,1.3399999999999999
중앙대,4,최단,5,593.120814529649,0,start,5,5,0,44.27499062300774,10,10,0,27.361742469583817,0,true,12.1,20,0,8.3,8.400000000000006
중앙대,4,최단,10,593.120814529649,0,start,5,4,0,54.76168354540954,10,8,0,37.97,0,true,42.1,15,0,8.3,2.34
중앙대,4,최단,15,593.120814529649,1,start,0,0,0,,0,0,0,,0,true,47.1,21,0,8.3,13.930000000000003
중앙대,4,A,0,630.2314972506496,0,start,5,5,0,12.401742469583823,7,7,0,23.459999999999997,0,true,14.2,19,0,15.9,2.319999999999993
중앙대,4,A,5,630.2314972506496,0,start,5,5,0,45.23611319817017,7,7,0,23.459999999999997,0,true,17.2,16,0,15.9,0.33999999999999986
중앙대,4,A,10,630.2314972506496,0,start,5,5,0,48.242819389414336,7,7,0,24.451683545409537,0,true,23.2,16,0,15.9,2.3400000000000034
중앙대,4,A,15,630.2314972506496,2,start,0,0,0,,0,0,0,,0,true,24.2,15,6,15.9,13.93
중앙대,4,B,0,593.120814529649,0,start,5,5,0,12.401742469583823,10,10,0,23.616054319594923,0,true,14.1,22,0,12.9,1.3399999999999999
중앙대,4,B,5,593.120814529649,0,start,5,5,0,44.27499062300774,10,10,0,27.361742469583817,0,true,12.1,20,0,12.9,8.400000000000006
중앙대,4,B,10,593.120814529649,0,start,5,4,0,54.76168354540954,10,8,0,37.97,0,true,42.1,15,0,12.9,2.3400000000000034
중앙대,4,B,15,593.120814529649,1,start,0,0,0,,0,0,0,,0,true,47.1,21,0,12.9,13.93
중앙대,4,C,0,630.2314972506496,0,start,5,5,0,12.401742469583823,7,7,0,23.459999999999997,0,true,14.2,19,0,15.7,2.319999999999993
중앙대,4,C,5,630.2314972506496,0,start,5,5,0,45.23611319817017,7,7,0,23.46,0,true,17.2,16,0,15.7,0.33999999999999986
중앙대,4,C,10,630.2314972506496,0,start,5,5,0,48.242819389414336,7,7,0,24.451683545409537,0,true,23.2,16,0,15.7,2.3399999999999963
중앙대,4,C,15,630.2314972506496,2,start,0,0,0,,0,0,0,,0,true,24.2,15,6,15.7,13.929999999999993
중앙대,4,AB,0,630.2314972506496,0,start,5,5,0,12.401742469583823,7,7,0,23.459999999999997,0,true,14.2,19,0,16.4,2.319999999999993
중앙대,4,AB,5,630.2314972506496,0,start,5,5,0,45.23611319817017,7,7,0,23.459999999999997,0,true,17.2,16,0,16.4,0.33999999999999986
중앙대,4,AB,10,630.2314972506496,0,start,5,5,0,48.242819389414336,7,7,0,24.451683545409537,0,true,23.2,16,0,16.4,2.3400000000000034
중앙대,4,AB,15,630.2314972506496,2,start,0,0,0,,0,0,0,,0,true,24.2,15,6,16.4,13.93
중앙대,4,AC,0,630.2314972506496,0,start,5,5,0,12.401742469583823,7,7,0,23.459999999999997,0,true,14.2,19,0,19.3,2.319999999999993
중앙대,4,AC,5,630.2314972506496,0,start,5,5,0,45.23611319817017,7,7,0,23.46,0,true,17.2,16,0,19.3,0.33999999999999986
중앙대,4,AC,10,630.2314972506496,0,start,5,5,0,48.242819389414336,7,7,0,24.451683545409537,0,true,23.2,16,0,19.3,2.3399999999999963
중앙대,4,AC,15,630.2314972506496,2,start,0,0,0,,0,0,0,,0,true,24.2,15,6,19.3,13.929999999999993
중앙대,4,BC,0,726.3543549882736,0,start,8,8,0,12.571742469583825,6,6,0,23.459999999999997,0,true,14.4,24,0,16.1,4.399999999999977
중앙대,4,BC,5,726.3543549882736,0,start,8,8,0,16.712190732555314,6,6,0,23.459999999999997,0,true,19.4,23,0,16.1,11.060000000000002
중앙대,4,BC,10,726.3543549882736,8,start,1,1,0,45.23611319817017,2,2,0,37.97,0,true,26.4,14,14,16.1,1.4899999999999984
중앙대,4,BC,15,726.3543549882736,4,start,0,0,0,,2,1,0,23.459999999999997,0,true,31.4,11,17,16.1,2.700000000000003
중앙대,4,ABC,0,630.2314972506496,0,start,5,5,0,12.401742469583823,7,7,0,23.459999999999997,0,true,14.2,19,0,19.8,2.319999999999993
중앙대,4,ABC,5,630.2314972506496,0,start,5,5,0,45.23611319817017,7,7,0,23.459999999999997,0,true,17.2,16,0,19.8,0.33999999999999986
중앙대,4,ABC,10,630.2314972506496,0,start,5,5,0,48.242819389414336,7,7,0,24.451683545409537,0,true,23.2,16,0,19.8,2.3400000000000034
중앙대,4,ABC,15,630.2314972506496,2,start,0,0,0,,0,0,0,,0,true,24.2,15,6,19.8,13.93
중앙대,5,최단,0,685.5181477380132,0,start,3,3,0,12.53206763739388,6,6,0,22.445628609667068,0,true,14.5,14,0,8.3,0
중앙대,5,최단,5,685.5181477380132,0,start,3,3,0,15.049334313446359,6,6,0,27.584037782830137,0,true,21.5,14,0,8.3,0
중앙대,5,최단,10,685.5181477380132,0,start,3,3,0,20.585628609667054,6,6,0,32.717509691716316,0,true,22.5,14,0,8.3,2.4399999999999977
중앙대,5,최단,15,685.5181477380132,0,start,3,3,0,32.04933431344636,6,6,0,35.33882777678451,0,true,23.5,14,0,8.3,8.119999999999948
중앙대,5,A,0,774.2552316664246,0,start,8,8,0,12.049334313446359,5,5,0,22.445628609667068,0,true,14.3,23,0,15.4,1.1500000000000057
중앙대,5,A,5,774.2552316664246,0,start,8,8,0,15.149151565805255,5,5,0,25.321121711241517,0,true,12.3,23,0,15.4,2.1500000000000057
중앙대,5,A,10,774.2552316664246,0,start,8,8,0,30.598522824325556,5,5,0,34.44562860966707,0,true,21.3,21,0,15.4,7.439999999999998
중앙대,5,A,15,774.2552316664246,0,start,8,8,0,39.598522824325556,5,5,0,42.27915156580525,0,true,21.3,22,0,15.4,11.570000000000022
중앙대,5,B,0,685.5181477380132,0,start,3,3,0,12.53206763739388,6,6,0,22.445628609667068,0,true,14.5,14,0,12.9,0
중앙대,5,B,5,685.5181477380132,0,start,3,3,0,15.049334313446359,6,6,0,27.584037782830137,0,true,21.5,14,0,12.9,0
중앙대,5,B,10,685.5181477380132,0,start,3,3,0,20.585628609667054,6,6,0,32.717509691716316,0,true,22.5,14,0,12.9,2.4399999999999977
중앙대,5,B,15,685.5181477380132,0,start,3,3,0,32.04933431344636,6,6,0,35.33882777678451,0,true,23.5,14,0,12.9,8.120000000000005
중앙대,5,C,0,774.2552316664246,0,start,8,8,0,12.049334313446359,5,5,0,22.445628609667068,0,true,14.3,23,0,15.9,1.1500000000000057
중앙대,5,C,5,774.2552316664246,0,start,8,8,0,15.149151565805255,5,5,0,25.321121711241517,0,true,12.3,23,0,15.9,2.1500000000000057
중앙대,5,C,10,774.2552316664246,0,start,8,8,0,30.598522824325556,5,5,0,34.44562860966707,0,true,21.3,21,0,15.9,7.439999999999998
중앙대,5,C,15,774.2552316664246,0,start,8,8,0,39.598522824325556,5,5,0,42.27915156580525,0,true,21.3,22,0,15.9,11.570000000000022
중앙대,5,AB,0,685.5181477380132,0,start,3,3,0,12.53206763739388,6,6,0,22.445628609667068,0,true,14.5,14,0,13.4,0
중앙대,5,AB,5,685.5181477380132,0,start,3,3,0,15.049334313446359,6,6,0,27.584037782830137,0,true,21.5,14,0,13.4,0
중앙대,5,AB,10,685.5181477380132,0,start,3,3,0,20.585628609667054,6,6,0,32.717509691716316,0,true,22.5,14,0,13.4,2.4399999999999977
중앙대,5,AB,15,685.5181477380132,0,start,3,3,0,32.04933431344636,6,6,0,35.33882777678451,0,true,23.5,14,0,13.4,8.120000000000005
중앙대,5,AC,0,774.2552316664246,0,start,8,8,0,12.049334313446359,5,5,0,22.445628609667068,0,true,14.3,23,0,18.8,1.1500000000000057
중앙대,5,AC,5,774.2552316664246,0,start,8,8,0,15.149151565805255,5,5,0,25.321121711241517,0,true,12.3,23,0,18.8,2.1500000000000057
중앙대,5,AC,10,774.2552316664246,0,start,8,8,0,30.598522824325556,5,5,0,34.44562860966707,0,true,21.3,21,0,18.8,7.439999999999998
중앙대,5,AC,15,774.2552316664246,0,start,8,8,0,39.598522824325556,5,5,0,42.27915156580525,0,true,21.3,22,0,18.8,11.570000000000022
중앙대,5,BC,0,774.2552316664246,0,start,8,8,0,12.049334313446359,5,5,0,22.445628609667068,0,true,14.3,23,0,15.9,1.1500000000000057
중앙대,5,BC,5,774.2552316664246,0,start,8,8,0,15.149151565805255,5,5,0,25.321121711241517,0,true,12.3,23,0,15.9,2.1500000000000057
중앙대,5,BC,10,774.2552316664246,0,start,8,8,0,30.598522824325556,5,5,0,34.44562860966707,0,true,21.3,21,0,15.9,7.439999999999998
중앙대,5,BC,15,774.2552316664246,0,start,8,8,0,39.598522824325556,5,5,0,42.27915156580525,0,true,21.3,22,0,15.9,11.570000000000022
중앙대,5,ABC,0,774.2552316664246,0,start,8,8,0,12.049334313446359,5,5,0,22.445628609667068,0,true,14.3,23,0,19.3,1.1500000000000057
중앙대,5,ABC,5,774.2552316664246,0,start,8,8,0,15.149151565805255,5,5,0,25.321121711241517,0,true,12.3,23,0,19.3,2.1500000000000057
중앙대,5,ABC,10,774.2552316664246,0,start,8,8,0,30.598522824325556,5,5,0,34.44562860966707,0,true,21.3,21,0,19.3,7.439999999999998
중앙대,5,ABC,15,774.2552316664246,0,start,8,8,0,39.598522824325556,5,5,0,42.27915156580525,0,true,21.3,22,0,19.3,11.570000000000022
중앙대,6,최단,0,751.332575405649,0,start,7,7,0,11.977523276051585,4,4,0,26.607556111995052,0,true,14.3,20,0,8.3,0
중앙대,6,최단,5,751.332575405649,0,start,7,7,0,16.65308444532741,4,4,0,31.59752327605159,0,true,16.3,20,0,8.3,0
중앙대,6,최단,10,751.332575405649,0,start,7,7,0,32.47755611199506,4,4,0,39.59752327605159,0,true,43.3,18,0,8.3,1.2999999999999545
중앙대,6,최단,15,751.332575405649,0,start,7,7,0,38.977523276051585,4,4,0,46.947556111995084,0,true,43.3,19,0,8.3,8.460000000000036
중앙대,6,A,0,751.332575405649,0,start,7,7,0,11.977523276051585,4,4,0,26.607556111995052,0,true,14.3,20,0,12.9,0
중앙대,6,A,5,751.332575405649,0,start,7,7,0,16.65308444532741,4,4,0,31.59752327605159,0,true,16.3,20,0,12.9,0
중앙대,6,A,10,751.332575405649,0,start,7,7,0,32.47755611199506,4,4,0,39.59752327605159,0,true,43.3,18,0,12.9,1.2999999999999545
중앙대,6,A,15,751.332575405649,0,start,7,7,0,38.977523276051585,4,4,0,46.94755611199503,0,true,43.3,19,0,12.9,8.460000000000036
중앙대,6,B,0,863.6622966984936,0,start,7,7,0,12.069561851278479,2,2,0,27.029561851278515,0,true,14.7,18,0,16.4,0
중앙대,6,B,5,863.6622966984936,0,start,7,7,0,12.205115171144087,2,2,0,26.029561851278515,0,true,14.7,18,0,16.4,0.4600000000000364
중앙대,6,B,10,863.6622966984936,0,start,7,7,0,22.024103169379018,2,2,0,43.029561851278515,0,true,25.7,18,0,16.4,2.3000000000000114
중앙대,6,B,15,863.6622966984936,2,start,1,1,0,35.02410316937902,0,0,0,,0,true,31.7,9,14,16.4,0
중앙대,6,C,0,778.0629174409681,0,start,4,4,0,12.288807485785128,2,2,0,26.937523276051593,0,true,14.1,12,0,15.7,0
중앙대,6,C,5,778.0629174409681,0,start,4,4,0,17.977523276051585,2,2,0,31.937523276051593,0,true,19.1,12,0,15.7,0.2999999999999545
중앙대,6,C,10,778.0629174409681,0,start,4,4,0,21.79018259375289,2,2,0,39.93752327605159,0,true,19.1,12,0,15.7,2.980000000000018
중앙대,6,C,15,778.0629174409681,0,start,4,4,0,38.977523276051585,2,1,0,42.93752327605159,0,true,70.1,10,0,15.7,0
중앙대,6,AB,0,863.6622966984936,0,start,7,7,0,12.069561851278479,2,2,0,27.029561851278515,0,true,14.7,18,0,16.9,0
중앙대,6,AB,5,863.6622966984936,0,start,7,7,0,12.205115171144087,2,2,0,26.029561851278515,0,true,14.7,18,0,16.9,0.4600000000000364
중앙대,6,AB,10,863.6622966984936,0,start,7,7,0,22.024103169379018,2,2,0,43.029561851278515,0,true,25.7,18,0,16.9,2.3000000000000114
중앙대,6,AB,15,863.6622966984936,2,start,1,1,0,35.02410316937902,0,0,0,,0,true,31.7,9,14,16.9,0
중앙대,6,AC,0,778.0629174409681,0,start,4,4,0,12.288807485785128,2,2,0,26.937523276051593,0,true,14.1,12,0,16.1,0
중앙대,6,AC,5,778.0629174409681,0,start,4,4,0,17.977523276051585,2,2,0,31.937523276051593,0,true,19.1,12,0,16.1,0.2999999999999545
중앙대,6,AC,10,778.0629174409681,0,start,4,4,0,21.79018259375289,2,2,0,39.93752327605159,0,true,19.1,12,0,16.1,2.980000000000018
중앙대,6,AC,15,778.0629174409681,0,start,4,4,0,38.977523276051585,2,1,0,42.93752327605159,0,true,70.1,10,0,16.1,0
중앙대,6,BC,0,863.6622966984936,0,start,7,7,0,12.069561851278479,2,2,0,27.029561851278515,0,true,14.7,18,0,19.4,0
중앙대,6,BC,5,863.6622966984936,0,start,7,7,0,12.205115171144087,2,2,0,26.029561851278515,0,true,14.7,18,0,19.4,0.4600000000000364
중앙대,6,BC,10,863.6622966984936,0,start,7,7,0,22.024103169379018,2,2,0,43.029561851278515,0,true,25.7,18,0,19.4,2.3000000000000114
중앙대,6,BC,15,863.6622966984936,2,start,1,1,0,35.02410316937902,0,0,0,,0,true,31.7,9,14,19.4,0
중앙대,6,ABC,0,863.6622966984936,0,start,7,7,0,12.069561851278479,2,2,0,27.029561851278515,0,true,14.7,18,0,20.3,0
중앙대,6,ABC,5,863.6622966984936,0,start,7,7,0,12.205115171144087,2,2,0,26.029561851278515,0,true,14.7,18,0,20.3,0.4600000000000364
중앙대,6,ABC,10,863.6622966984936,0,start,7,7,0,22.024103169379018,2,2,0,43.029561851278515,0,true,25.7,18,0,20.3,2.3000000000000114
중앙대,6,ABC,15,863.6622966984936,2,start,1,1,0,35.02410316937902,0,0,0,,0,true,31.7,9,14,20.3,0
중앙대,7,최단,0,706.2886449051967,0,start,7,7,0,12.51453495001374,4,4,0,26.56362561154276,0,true,14.3,20,0,8.3,0
중앙대,7,최단,5,706.2886449051967,0,start,7,7,0,13.433625611542766,4,4,0,32.90362561154279,0,true,18.3,20,0,8.3,0
중앙대,7,최단,10,706.2886449051967,0,start,7,7,0,23.64306160989571,4,4,0,40.56362561154276,0,true,20.3,20,0,8.3,2.339999999999975
중앙대,7,최단,15,706.2886449051967,2,start,2,2,0,52.93359277559925,1,1,0,56.55359277559924,0,true,48.3,12,8,8.3,5
중앙대,7,A,0,706.2886449051967,0,start,7,7,0,12.51453495001374,4,4,0,26.56362561154276,0,true,14.3,20,0,12.9,0
중앙대,7,A,5,706.2886449051967,0,start,7,7,0,13.433625611542766,4,4,0,32.90362561154279,0,true,18.3,20,0,12.9,0
중앙대,7,A,10,706.2886449051967,0,start,7,7,0,23.64306160989571,4,4,0,40.56362561154276,0,true,20.3,20,0,12.9,2.339999999999975
중앙대,7,A,15,706.2886449051967,2,start,2,2,0,52.93359277559925,1,1,0,56.55359277559924,0,true,48.3,12,8,12.9,5
중앙대,7,B,0,818.6183661980414,0,start,7,7,0,12.025631350826131,2,2,0,26.985631350826168,0,true,14.6,18,0,16.4,0
중앙대,7,B,5,818.6183661980414,0,start,7,7,0,14.980172668926677,2,2,0,29.985631350826168,0,true,18.6,18,0,16.4,0
중앙대,7,B,10,818.6183661980414,1,start,1,1,0,15.980172668926677,0,0,0,,0,true,19.6,8,12,16.4,0
중앙대,7,B,15,818.6183661980414,1,start,1,1,0,16.980172668926677,0,0,0,,0,true,20.6,8,11,16.4,0
중앙대,7,C,0,733.0189869405159,0,start,4,4,0,12.244876985332894,2,2,0,26.893592775599245,0,true,14,12,0,15.7,0
중앙대,7,C,5,733.0189869405159,0,start,4,4,0,20.933592775599237,2,2,0,27.893592775599245,0,true,26,12,0,15.7,0
중앙대,7,C,10,733.0189869405159,0,start,4,4,0,29.74625209330054,2,2,0,52.893592775599245,0,true,38,11,0,15.7,1.9799999999999898
중앙대,7,C,15,733.0189869405159,0,start,4,4,0,68.71519064323104,2,2,0,56.893592775599245,0,true,39,10,0,15.7,1.9799999999999898
중앙대,7,AB,0,818.6183661980414,0,start,7,7,0,12.025631350826131,2,2,0,26.985631350826168,0,true,14.6,18,0,16.9,0
중앙대,7,AB,5,818.6183661980414,0,start,7,7,0,14.980172668926677,2,2,0,29.985631350826168,0,true,18.6,18,0,16.9,0
중앙대,7,AB,10,818.6183661980414,1,start,1,1,0,15.980172668926677,0,0,0,,0,true,19.6,8,12,16.9,0
중앙대,7,AB,15,818.6183661980414,1,start,1,1,0,16.980172668926677,0,0,0,,0,true,20.6,8,11,16.9,0
중앙대,7,AC,0,733.0189869405159,0,start,4,4,0,12.244876985332894,2,2,0,26.893592775599245,0,true,14,12,0,16.1,0
중앙대,7,AC,5,733.0189869405159,0,start,4,4,0,20.933592775599237,2,2,0,27.893592775599245,0,true,26,12,0,16.1,0
중앙대,7,AC,10,733.0189869405159,0,start,4,4,0,29.74625209330054,2,2,0,52.893592775599245,0,true,38,11,0,16.1,1.9799999999999898
중앙대,7,AC,15,733.0189869405159,0,start,4,4,0,68.71519064323104,2,2,0,56.893592775599245,0,true,39,10,0,16.1,1.9799999999999898
중앙대,7,BC,0,818.6183661980414,0,start,7,7,0,12.025631350826131,2,2,0,26.985631350826168,0,true,14.6,18,0,19.4,0
중앙대,7,BC,5,818.6183661980414,0,start,7,7,0,14.980172668926677,2,2,0,29.985631350826168,0,true,18.6,18,0,19.4,0
중앙대,7,BC,10,818.6183661980414,1,start,1,1,0,15.980172668926677,0,0,0,,0,true,19.6,8,12,19.4,0
중앙대,7,BC,15,818.6183661980414,1,start,1,1,0,16.980172668926677,0,0,0,,0,true,20.6,8,11,19.4,0
중앙대,7,ABC,0,818.6183661980414,0,start,7,7,0,12.025631350826131,2,2,0,26.985631350826168,0,true,14.6,18,0,20.3,0
중앙대,7,ABC,5,818.6183661980414,0,start,7,7,0,14.980172668926677,2,2,0,29.985631350826168,0,true,18.6,18,0,20.3,0
중앙대,7,ABC,10,818.6183661980414,1,start,1,1,0,15.980172668926677,0,0,0,,0,true,19.6,8,12,20.3,0
중앙대,7,ABC,15,818.6183661980414,1,start,1,1,0,16.980172668926677,0,0,0,,0,true,20.6,8,11,20.3,0
중앙대,8,최단,0,477.7925276407566,0,start,2,2,0,12.636447540137226,5,5,0,22.49644754013724,0,true,14.8,11,0,8.3,0
중앙대,8,최단,5,477.7925276407566,0,start,2,2,0,22.464333970002855,5,5,0,27.734608880092452,0,true,9.8,11,0,8.3,0
중앙대,8,최단,10,477.7925276407566,0,start,2,2,0,38.894333970002855,5,5,0,36.73460888009245,0,true,29.8,11,0,8.3,4.57
중앙대,8,최단,15,477.7925276407566,0,start,2,2,0,76.61644754013724,5,5,0,36.73460888009245,0,true,30.8,10,0,8.3,5.399999999999999
중앙대,8,A,0,532.9936526525062,0,start,7,7,0,12.314161692184655,4,4,0,27.268633358852412,0,true,15,20,0,15.2,0
중앙대,8,A,5,532.9936526525062,0,start,7,7,0,13.219542697323163,4,4,0,29.05954269732314,0,true,17,20,0,15.2,2.1299999999999955
중앙대,8,A,10,532.9936526525062,0,start,7,7,0,18.320241629749702,4,4,0,47.608633358852444,0,true,24,20,0,15.2,2.3200000000000003
중앙대,8,A,15,532.9936526525062,0,start,7,6,0,25.138633358852417,4,4,0,54.608633358852444,0,true,50,16,0,15.2,6.4599999999999795
중앙대,8,B,0,522.3155046339471,0,start,8,8,0,12.397515917292537,5,5,0,24.84235830865493,0,true,14.3,23,0,16.3,0
중앙대,8,B,5,522.3155046339471,0,start,8,8,0,14.460485340293303,5,5,0,29.84235830865493,0,true,18.3,23,0,16.3,0
중앙대,8,B,10,522.3155046339471,0,start,8,8,0,26.397515917292537,5,5,0,31.84235830865493,0,true,19.3,23,0,16.3,4.039999999999999
중앙대,8,B,15,522.3155046339471,0,start,8,8,0,36.71547080411818,5,5,0,42.23433397000286,0,true,41.3,22,0,16.3,6.849999999999994
중앙대,8,C,0,552.7965543622039,0,start,8,8,0,12.366520532375034,3,3,0,26.768439973000653,0,true,14.8,21,0,15.9,0
중앙대,8,C,5,552.7965543622039,0,start,8,8,0,17.022444407020885,3,3,0,26.768439973000653,0,true,19.8,21,0,15.9,1.3200000000000003
중앙대,8,C,10,552.7965543622039,0,start,8,8,0,25.40441165135951,3,3,0,26.768439973000653,0,true,25.8,19,0,15.9,2.3200000000000003
중앙대,8,C,15,552.7965543622039,0,start,8,8,0,48.7109108326826,3,3,0,35.76843997300065,0,true,31.8,17,0,15.9,0
중앙대,8,AB,0,533.2179958466821,0,start,5,5,0,12.443885891499121,3,3,0,26.492976553028313,0,true,14.2,15,0,19.3,0
중앙대,8,AB,5,533.2179958466821,0,start,5,5,0,12.538504886360556,3,3,0,29.283885891499096,0,true,17.2,15,0,19.3,0
중앙대,8,AB,10,533.2179958466821,0,start,5,5,0,23.68297655302831,3,3,0,31.283885891499096,0,true,24.2,15,0,19.3,0.6800000000000068
중앙대,8,AB,15,533.2179958466821,0,start,5,4,0,43.23388113326197,3,3,0,37.49297655302831,0,true,50.2,11,0,19.3,6.4599999999999795
중앙대,8,AC,0,552.7965543622039,0,start,8,8,0,12.366520532375034,3,3,0,26.768439973000653,0,true,14.8,21,0,18.8,0
중앙대,8,AC,5,552.7965543622039,0,start,8,8,0,17.022444407020885,3,3,0,26.768439973000653,0,true,19.8,21,0,18.8,1.3200000000000003
중앙대,8,AC,10,552.7965543622039,0,start,8,8,0,25.40441165135951,3,3,0,26.768439973000653,0,true,25.8,19,0,18.8,2.3200000000000003
중앙대,8,AC,15,552.7965543622039,0,start,8,8,0,48.7109108326826,3,3,0,35.76843997300065,0,true,31.8,17,0,18.8,0
중앙대,8,BC,0,553.02089755638,0,start,8,8,0,12.37278316717655,2,2,0,26.992783167176555,0,true,14,20,0,19.4,0
중앙대,8,BC,5,553.02089755638,0,start,8,8,0,16.62875484553541,2,2,0,26.992783167176555,0,true,20,20,0,19.4,0
중앙대,8,BC,10,553.02089755638,0,start,8,8,0,28.590863726550936,2,2,0,26.992783167176555,0,true,26,17,0,19.4,0
중앙대,8,BC,15,553.02089755638,1,start,1,1,0,43.23388113326197,0,0,0,,0,true,32,19,1,19.4,2.6999999999999886
중앙대,8,ABC,0,553.02089755638,0,start,8,8,0,12.37278316717655,2,2,0,26.992783167176555,0,true,14,20,0,22.8,0
중앙대,8,ABC,5,553.02089755638,0,start,8,8,0,16.62875484553541,2,2,0,26.992783167176555,0,true,20,20,0,22.8,0
중앙대,8,ABC,10,553.02089755638,0,start,8,8,0,28.590863726550936,2,2,0,26.992783167176555,0,true,26,17,0,22.8,0
중앙대,8,ABC,15,553.02089755638,1,start,1,1,0,43.23388113326197,0,0,0,,0,true,32,19,1,22.8,2.6999999999999886
중앙대,9,최단,0,471.627676985956,0,start,3,3,0,12.11544363459825,3,3,0,22.331596885336694,0,true,14.6,11,0,8.3,0
중앙대,9,최단,5,471.627676985956,0,start,3,3,0,16.870765869964686,3,3,0,23.693567030772954,0,true,20.6,11,0,8.3,0
중앙대,9,최단,10,471.627676985956,0,start,3,3,0,16.870765869964686,3,3,0,32.693567030772954,0,true,20.6,11,0,8.3,0
중앙대,9,최단,15,471.627676985956,0,start,3,3,0,17.870765869964686,3,3,0,41.331596885336694,0,true,20.6,11,0,8.3,0
중앙대,9,A,0,513.6648805833848,0,start,5,5,0,11.890770628201778,3,3,0,26.939861289731027,0,true,14.7,15,0,15.2,0
중앙대,9,A,5,513.6648805833848,0,start,5,5,0,14.890770628201778,3,3,0,21.27986128973106,0,true,19.7,15,0,15.2,0
중앙대,9,A,10,513.6648805833848,0,start,5,5,0,16.98538962306327,3,3,0,34.93986128973103,0,true,20.7,15,0,15.2,6.4599999999999795
중앙대,9,A,15,513.6648805833848,0,start,5,5,0,18.064846753555912,3,3,0,41.27986128973106,0,true,38.7,14,0,15.2,0
중앙대,9,B,0,513.6648805833848,0,start,5,5,0,11.890770628201778,3,3,0,26.939861289731027,0,true,14.7,15,0,16.3,0
중앙대,9,B,5,513.6648805833848,0,start,5,5,0,14.890770628201778,3,3,0,21.27986128973106,0,true,19.7,15,0,16.3,0
중앙대,9,B,10,513.6648805833848,0,start,5,5,0,16.98538962306327,3,3,0,34.93986128973103,0,true,20.7,15,0,16.3,6.4599999999999795
중앙대,9,B,15,513.6648805833848,0,start,5,5,0,18.064846753555912,3,3,0,41.27986128973106,0,true,38.7,14,0,16.3,0
중앙대,9,C,0,533.4677822930826,0,start,8,8,0,12.11544363459825,2,2,0,26.43966790387927,0,true,14.5,20,0,15.7,0
중앙대,9,C,5,533.4677822930826,0,start,8,8,0,17.78829133276099,2,2,0,26.43966790387927,0,true,22.5,20,0,15.7,0
중앙대,9,C,10,533.4677822930826,0,start,8,8,0,20.402138763561197,2,2,0,36.21367233789954,0,true,30.5,20,0,15.7,1.3199999999999932
중앙대,9,C,15,533.4677822930826,0,start,8,8,0,62.76829133276101,2,2,0,37.53367233789953,0,true,37.5,15,0,15.7,0
중앙대,9,AB,0,513.6648805833848,0,start,5,5,0,11.890770628201778,3,3,0,26.939861289731027,0,true,14.7,15,0,19.3,0
중앙대,9,AB,5,513.6648805833848,0,start,5,5,0,14.890770628201778,3,3,0,21.27986128973106,0,true,19.7,15,0,19.3,0
중앙대,9,AB,10,513.6648805833848,0,start,5,5,0,16.98538962306327,3,3,0,34.93986128973103,0,true,20.7,15,0,19.3,6.4599999999999795
중앙대,9,AB,15,513.6648805833848,0,start,5,5,0,18.064846753555912,3,3,0,41.27986128973106,0,true,38.7,14,0,19.3,0
중앙대,9,AC,0,533.4677822930826,0,start,8,8,0,12.11544363459825,2,2,0,26.43966790387927,0,true,14.5,20,0,18.6,0
중앙대,9,AC,5,533.4677822930826,0,start,8,8,0,17.78829133276099,2,2,0,26.43966790387927,0,true,22.5,20,0,18.6,0
중앙대,9,AC,10,533.4677822930826,0,start,8,8,0,20.402138763561197,2,2,0,36.21367233789954,0,true,30.5,20,0,18.6,1.3199999999999932
중앙대,9,AC,15,533.4677822930826,0,start,8,8,0,62.76829133276101,2,2,0,37.53367233789953,0,true,37.5,15,0,18.6,0
중앙대,9,BC,0,533.4677822930826,0,start,8,8,0,12.11544363459825,2,2,0,26.43966790387927,0,true,14.5,20,0,19.3,0
중앙대,9,BC,5,533.4677822930826,0,start,8,8,0,17.78829133276099,2,2,0,26.43966790387927,0,true,22.5,20,0,19.3,0
중앙대,9,BC,10,533.4677822930826,0,start,8,8,0,20.402138763561197,2,2,0,36.21367233789954,0,true,30.5,20,0,19.3,1.3199999999999932
중앙대,9,BC,15,533.4677822930826,0,start,8,8,0,62.76829133276101,2,2,0,37.53367233789953,0,true,37.5,15,0,19.3,0
중앙대,9,ABC,0,533.4677822930826,0,start,8,8,0,12.11544363459825,2,2,0,26.43966790387927,0,true,14.5,20,0,22.6,0
중앙대,9,ABC,5,533.4677822930826,0,start,8,8,0,17.78829133276099,2,2,0,26.43966790387927,0,true,22.5,20,0,22.6,0
중앙대,9,ABC,10,533.4677822930826,0,start,8,8,0,20.402138763561197,2,2,0,36.21367233789954,0,true,30.5,20,0,22.6,1.3199999999999932
중앙대,9,ABC,15,533.4677822930826,0,start,8,8,0,62.76829133276101,2,2,0,37.53367233789953,0,true,37.5,15,0,22.6,0
중앙대,10,최단,0,155.85608010061932,0,start,0,0,0,,1,1,0,20.921970145436262,1,true,14.9,4,0,8.3,0
중앙대,10,최단,5,155.85608010061932,0,start,0,0,0,,1,1,0,29.921970145436262,1,true,9.9,4,0,8.3,0
중앙대,10,최단,10,155.85608010061932,0,start,0,0,0,,1,1,0,39.92197014543626,1,true,31.9,4,0,8.3,0
중앙대,10,최단,15,155.85608010061932,0,start,0,0,0,,1,1,0,40.92197014543626,1,true,43.9,4,0,8.3,0
중앙대,10,A,0,155.85608010061932,0,start,0,0,0,,1,1,0,20.921970145436276,1,true,14.9,4,0,12.9,0
중앙대,10,A,5,155.85608010061932,0,start,0,0,0,,1,1,0,29.921970145436276,1,true,9.9,4,0,12.9,0
중앙대,10,A,10,155.85608010061932,0,start,0,0,0,,1,1,0,39.921970145436276,1,true,31.9,4,0,12.9,0
중앙대,10,A,15,155.85608010061932,0,start,0,0,0,,1,1,0,40.921970145436276,1,true,43.9,4,0,12.9,0
중앙대,10,B,0,155.85608010061932,0,start,0,0,0,,1,1,0,20.921970145436276,1,true,14.9,4,0,12.9,0
중앙대,10,B,5,155.85608010061932,0,start,0,0,0,,1,1,0,29.921970145436276,1,true,9.9,4,0,12.9,0
중앙대,10,B,10,155.85608010061932,0,start,0,0,0,,1,1,0,39.921970145436276,1,true,31.9,4,0,12.9,0
중앙대,10,B,15,155.85608010061932,0,start,0,0,0,,1,1,0,40.921970145436276,1,true,43.9,4,0,12.9,0
중앙대,10,C,0,155.85608010061932,0,start,0,0,0,,1,1,0,20.921970145436262,1,true,14.9,4,0,13.4,0
중앙대,10,C,5,155.85608010061932,0,start,0,0,0,,1,1,0,29.921970145436262,1,true,9.9,4,0,13.4,0
중앙대,10,C,10,155.85608010061932,0,start,0,0,0,,1,1,0,39.92197014543626,1,true,31.9,4,0,13.4,0
중앙대,10,C,15,155.85608010061932,0,start,0,0,0,,1,1,0,40.92197014543626,1,true,43.9,4,0,13.4,0
중앙대,10,AB,0,155.85608010061932,0,start,0,0,0,,1,1,0,20.921970145436262,1,true,14.9,4,0,13.4,0
중앙대,10,AB,5,155.85608010061932,0,start,0,0,0,,1,1,0,29.921970145436262,1,true,9.9,4,0,13.4,0
중앙대,10,AB,10,155.85608010061932,0,start,0,0,0,,1,1,0,39.92197014543626,1,true,31.9,4,0,13.4,0
중앙대,10,AB,15,155.85608010061932,0,start,0,0,0,,1,1,0,40.92197014543626,1,true,43.9,4,0,13.4,0
중앙대,10,AC,0,155.85608010061932,0,start,0,0,0,,1,1,0,20.921970145436276,1,true,14.9,4,0,13.7,0
중앙대,10,AC,5,155.85608010061932,0,start,0,0,0,,1,1,0,29.921970145436276,1,true,9.9,4,0,13.7,0
중앙대,10,AC,10,155.85608010061932,0,start,0,0,0,,1,1,0,39.921970145436276,1,true,31.9,4,0,13.7,0
중앙대,10,AC,15,155.85608010061932,0,start,0,0,0,,1,1,0,40.921970145436276,1,true,43.9,4,0,13.7,0
중앙대,10,BC,0,155.85608010061932,0,start,0,0,0,,1,1,0,20.921970145436262,1,true,14.9,4,0,13.4,0
중앙대,10,BC,5,155.85608010061932,0,start,0,0,0,,1,1,0,29.921970145436262,1,true,9.9,4,0,13.4,0
중앙대,10,BC,10,155.85608010061932,0,start,0,0,0,,1,1,0,39.92197014543626,1,true,31.9,4,0,13.4,0
중앙대,10,BC,15,155.85608010061932,0,start,0,0,0,,1,1,0,40.92197014543626,1,true,43.9,4,0,13.4,0
중앙대,10,ABC,0,155.85608010061932,0,start,0,0,0,,1,1,0,20.921970145436262,1,true,14.9,4,0,14.3,0
중앙대,10,ABC,5,155.85608010061932,0,start,0,0,0,,1,1,0,29.921970145436262,1,true,9.9,4,0,14.3,0
중앙대,10,ABC,10,155.85608010061932,0,start,0,0,0,,1,1,0,39.92197014543626,1,true,31.9,4,0,14.3,0
중앙대,10,ABC,15,155.85608010061932,0,start,0,0,0,,1,1,0,40.92197014543626,1,true,43.9,4,0,14.3,0
중앙대,11,최단,0,301.2519423637925,0,start,2,2,0,12.265862263173233,2,2,0,21.31783240860949,0,true,14.3,8,0,8.3,0
중앙대,11,최단,5,301.2519423637925,0,start,2,2,0,18.24912261545319,2,2,0,36.31783240860946,0,true,14.3,8,0,8.3,0
중앙대,11,최단,10,301.2519423637925,0,start,2,2,0,21.24912261545319,2,2,0,39.31783240860946,0,true,14.3,8,0,8.3,0
중앙대,11,최단,15,301.2519423637925,1,start,1,1,0,48.24912261545319,0,0,0,,0,true,59.3,6,4,8.3,0
중앙대,11,A,0,301.2519423637925,0,start,2,2,0,12.265862263173233,2,2,0,21.31783240860949,0,true,14.3,8,0,12.9,0
중앙대,11,A,5,301.2519423637925,0,start,2,2,0,18.24912261545319,2,2,0,36.31783240860949,0,true,14.3,8,0,12.9,0
중앙대,11,A,10,301.2519423637925,0,start,2,2,0,21.24912261545319,2,2,0,39.31783240860949,0,true,14.3,8,0,12.9,0
중앙대,11,A,15,301.2519423637925,1,start,1,1,0,48.24912261545319,0,0,0,,0,true,59.3,6,4,12.9,0
중앙대,11,B,0,301.2519423637925,0,start,2,2,0,12.265862263173233,2,2,0,21.31783240860949,0,true,14.3,8,0,12.9,0
중앙대,11,B,5,301.2519423637925,0,start,2,2,0,18.24912261545319,2,2,0,36.31783240860949,0,true,14.3,8,0,12.9,0
중앙대,11,B,10,301.2519423637925,0,start,2,2,0,21.24912261545319,2,2,0,39.31783240860949,0,true,14.3,8,0,12.9,0
중앙대,11,B,15,301.2519423637925,1,start,1,1,0,48.24912261545319,0,0,0,,0,true,59.3,6,4,12.9,0
중앙대,11,C,0,301.2519423637925,0,start,2,2,0,12.265862263173233,2,2,0,21.31783240860949,0,true,14.3,8,0,13.4,0
중앙대,11,C,5,301.2519423637925,0,start,2,2,0,18.24912261545319,2,2,0,36.31783240860949,0,true,14.3,8,0,13.4,0
중앙대,11,C,10,301.2519423637925,0,start,2,2,0,21.24912261545318,2,2,0,39.31783240860946,0,true,14.3,8,0,13.4,0
중앙대,11,C,15,301.2519423637925,1,start,1,1,0,48.24912261545319,0,0,0,,0,true,59.3,6,4,13.4,0
중앙대,11,AB,0,301.2519423637925,0,start,2,2,0,12.265862263173233,2,2,0,21.31783240860949,0,true,14.3,8,0,13.4,0
중앙대,11,AB,5,301.2519423637925,0,start,2,2,0,18.24912261545319,2,2,0,36.31783240860949,0,true,14.3,8,0,13.4,0
중앙대,11,AB,10,301.2519423637925,0,start,2,2,0,21.24912261545318,2,2,0,39.31783240860946,0,true,14.3,8,0,13.4,0
중앙대,11,AB,15,301.2519423637925,1,start,1,1,0,48.24912261545319,0,0,0,,0,true,59.3,6,4,13.4,0
중앙대,11,AC,0,301.2519423637925,0,start,2,2,0,12.265862263173233,2,2,0,21.31783240860949,0,true,14.3,8,0,13.7,0
중앙대,11,AC,5,301.2519423637925,0,start,2,2,0,18.24912261545319,2,2,0,36.31783240860949,0,true,14.3,8,0,13.7,0
중앙대,11,AC,10,301.2519423637925,0,start,2,2,0,21.24912261545318,2,2,0,39.31783240860949,0,true,14.3,8,0,13.7,0
중앙대,11,AC,15,301.2519423637925,1,start,1,1,0,48.24912261545319,0,0,0,,0,true,59.3,6,4,13.7,0
중앙대,11,BC,0,301.2519423637925,0,start,2,2,0,12.265862263173233,2,2,0,21.31783240860949,0,true,14.3,8,0,13.4,0
중앙대,11,BC,5,301.2519423637925,0,start,2,2,0,18.24912261545319,2,2,0,36.31783240860949,0,true,14.3,8,0,13.4,0
중앙대,11,BC,10,301.2519423637925,0,start,2,2,0,21.24912261545318,2,2,0,39.31783240860946,0,true,14.3,8,0,13.4,0
중앙대,11,BC,15,301.2519423637925,1,start,1,1,0,48.24912261545319,0,0,0,,0,true,59.3,6,4,13.4,0
중앙대,11,ABC,0,301.2519423637925,0,start,2,2,0,12.265862263173233,2,2,0,21.31783240860949,0,true,14.3,8,0,14.3,0
중앙대,11,ABC,5,301.2519423637925,0,start,2,2,0,18.24912261545319,2,2,0,36.31783240860949,0,true,14.3,8,0,14.3,0
중앙대,11,ABC,10,301.2519423637925,0,start,2,2,0,21.24912261545319,2,2,0,39.31783240860949,0,true,14.3,8,0,14.3,0
중앙대,11,ABC,15,301.2519423637925,1,start,1,1,0,48.24912261545319,0,0,0,,0,true,59.3,6,4,14.3,0
중앙대,12,최단,0,623.1688134245669,0,start,2,2,0,12.236294296220692,6,6,0,22.09629429622069,0,true,14.2,12,0,8.3,0
중앙대,12,최단,5,623.1688134245669,0,start,2,2,0,17.796294296220694,6,6,0,23.234703469383817,0,true,20.2,12,0,8.3,6.1200000000000045
중앙대,12,최단,10,623.1688134245669,0,start,2,2,0,17.796294296220694,6,6,0,31.234703469383817,0,true,35.2,12,0,8.3,2.4399999999999977
중앙대,12,최단,15,623.1688134245669,1,start,1,1,0,17.796294296220694,4,4,0,45.368175378269996,0,true,39.2,11,3,8.3,2.4399999999999977
중앙대,12,A,0,711.9058973529783,0,start,7,7,0,12.103706192717112,5,5,0,22.09629429622069,0,true,14.9,21,0,15.4,1.1500000000000057
중앙대,12,A,5,711.9058973529783,0,start,7,7,0,14.814175430002422,5,5,0,20.09629429622069,0,true,8.9,21,0,15.4,7.569999999999993
중앙대,12,A,10,711.9058973529783,0,start,7,7,0,22.487133497783162,5,4,0,33.26417543000241,0,true,5.9,19,0,15.4,8.569999999999993
중앙대,12,A,15,711.9058973529783,0,start,7,7,0,31.134175430002415,5,4,0,57.105259306681376,0,true,20.9,19,0,15.4,9.719999999999999
중앙대,12,B,0,623.1688134245669,0,start,2,2,0,12.236294296220692,6,6,0,22.09629429622069,0,true,14.2,12,0,12.9,0
중앙대,12,B,5,623.1688134245669,0,start,2,2,0,17.796294296220694,6,6,0,23.234703469383817,0,true,20.2,12,0,12.9,6.1200000000000045
중앙대,12,B,10,623.1688134245669,0,start,2,2,0,17.796294296220694,6,6,0,31.234703469383817,0,true,35.2,12,0,12.9,2.4399999999999977
중앙대,12,B,15,623.1688134245669,1,start,1,1,0,17.796294296220694,4,4,0,45.368175378269996,0,true,39.2,11,3,12.9,2.4399999999999977
중앙대,12,C,0,711.9058973529783,0,start,7,7,0,12.103706192717112,5,5,0,22.09629429622069,0,true,14.9,21,0,15.9,1.1500000000000057
중앙대,12,C,5,711.9058973529783,0,start,7,7,0,14.814175430002422,5,5,0,20.09629429622069,0,true,8.9,21,0,15.9,7.569999999999993
중앙대,12,C,10,711.9058973529783,0,start,7,7,0,22.487133497783162,5,4,0,33.26417543000241,0,true,5.9,19,0,15.9,8.569999999999993
중앙대,12,C,15,711.9058973529783,0,start,7,7,0,31.134175430002415,5,4,0,57.105259306681376,0,true,20.9,19,0,15.9,9.719999999999999
중앙대,12,AB,0,623.1688134245669,0,start,2,2,0,12.236294296220692,6,6,0,22.09629429622069,0,true,14.2,12,0,13.4,0
중앙대,12,AB,5,623.1688134245669,0,start,2,2,0,17.796294296220694,6,6,0,23.234703469383817,0,true,20.2,12,0,13.4,6.1200000000000045
중앙대,12,AB,10,623.1688134245669,0,start,2,2,0,17.796294296220694,6,6,0,31.234703469383817,0,true,35.2,12,0,13.4,2.4399999999999977
중앙대,12,AB,15,623.1688134245669,1,start,1,1,0,17.796294296220694,4,4,0,45.368175378269996,0,true,39.2,11,3,13.4,2.4399999999999977
중앙대,12,AC,0,711.9058973529783,0,start,7,7,0,12.103706192717112,5,5,0,22.09629429622069,0,true,14.9,21,0,18.8,1.1500000000000057
중앙대,12,AC,5,711.9058973529783,0,start,7,7,0,14.814175430002422,5,5,0,20.09629429622069,0,true,8.9,21,0,18.8,7.569999999999993
중앙대,12,AC,10,711.9058973529783,0,start,7,7,0,22.487133497783162,5,4,0,33.26417543000241,0,true,5.9,19,0,18.8,8.569999999999993
중앙대,12,AC,15,711.9058973529783,0,start,7,7,0,31.134175430002415,5,4,0,57.105259306681376,0,true,20.9,19,0,18.8,9.719999999999999
중앙대,12,BC,0,711.9058973529783,0,start,7,7,0,12.103706192717112,5,5,0,22.09629429622069,0,true,14.9,21,0,15.9,1.1500000000000057
중앙대,12,BC,5,711.9058973529783,0,start,7,7,0,14.814175430002422,5,5,0,20.09629429622069,0,true,8.9,21,0,15.9,7.569999999999993
중앙대,12,BC,10,711.9058973529783,0,start,7,7,0,22.487133497783162,5,4,0,33.26417543000241,0,true,5.9,19,0,15.9,8.569999999999993
중앙대,12,BC,15,711.9058973529783,0,start,7,7,0,31.134175430002415,5,4,0,57.105259306681376,0,true,20.9,19,0,15.9,9.719999999999999
중앙대,12,ABC,0,711.9058973529783,0,start,7,7,0,12.103706192717112,5,5,0,22.09629429622069,0,true,14.9,21,0,19.3,1.1500000000000057
중앙대,12,ABC,5,711.9058973529783,0,start,7,7,0,14.814175430002422,5,5,0,20.09629429622069,0,true,8.9,21,0,19.3,7.569999999999993
중앙대,12,ABC,10,711.9058973529783,0,start,7,7,0,22.487133497783162,5,4,0,33.26417543000241,0,true,5.9,19,0,19.3,8.569999999999993
중앙대,12,ABC,15,711.9058973529783,0,start,7,7,0,31.134175430002415,5,4,0,57.105259306681376,0,true,20.9,19,0,19.3,9.719999999999999
중앙대,13,최단,0,767.765266755518,0,start,1,1,0,12.779186654898695,7,7,0,21.69274762717191,1,true,14.8,12,0,8.3,0
중앙대,13,최단,5,767.765266755518,0,start,1,1,0,48.75918665489871,7,7,0,24.025300054392616,1,true,15.8,11,0,8.3,0
중앙대,13,최단,10,767.765266755518,0,start,1,1,0,53.75918665489871,7,7,0,37.964628709221245,1,true,15.8,11,0,8.3,4.439999999999998
중앙대,13,최단,15,767.765266755518,0,start,1,1,0,56.75918665489871,7,7,0,50.83115680033495,1,true,31.8,11,0,8.3,0
중앙대,13,A,0,856.5023506839295,0,start,6,6,0,12.41062876095367,6,6,0,22.025300054392616,1,true,14.5,21,0,15.4,0.4399999999999977
중앙대,13,A,5,856.5023506839295,0,start,6,6,0,15.89015952366833,6,6,0,24.025300054392616,1,true,18.5,21,0,15.4,1.8300000000000125
중앙대,13,A,10,856.5023506839295,0,start,6,6,0,19.730628760953664,6,5,0,37.568240728746446,1,true,18.5,19,0,15.4,2.680000000000007
중앙대,13,A,15,856.5023506839295,3,start,0,0,0,,1,1,0,43.025300054392616,1,true,18.5,11,19,15.4,11.27000000000001
중앙대,13,B,0,767.765266755518,0,start,1,1,0,12.779186654898695,7,7,0,21.69274762717191,1,true,14.8,12,0,12.9,0
중앙대,13,B,5,767.765266755518,0,start,1,1,0,48.75918665489871,7,7,0,24.025300054392616,1,true,15.8,11,0,12.9,0
중앙대,13,B,10,767.765266755518,0,start,1,1,0,53.75918665489871,7,7,0,37.964628709221245,1,true,15.8,11,0,12.9,4.439999999999998
중앙대,13,B,15,767.765266755518,0,start,1,1,0,56.75918665489871,7,7,0,50.83115680033495,1,true,31.8,11,0,12.9,0
중앙대,13,C,0,856.5023506839295,0,start,6,6,0,12.41062876095367,6,6,0,22.025300054392616,1,true,14.5,21,0,15.9,0.4399999999999977
중앙대,13,C,5,856.5023506839295,0,start,6,6,0,15.89015952366833,6,6,0,24.025300054392616,1,true,18.5,21,0,15.9,1.8300000000000125
중앙대,13,C,10,856.5023506839295,0,start,6,6,0,19.730628760953664,6,5,0,37.568240728746446,1,true,18.5,19,0,15.9,2.680000000000007
중앙대,13,C,15,856.5023506839295,3,start,0,0,0,,1,1,0,43.025300054392616,1,true,18.5,11,19,15.9,11.27000000000001
중앙대,13,AB,0,767.765266755518,0,start,1,1,0,12.779186654898695,7,7,0,21.69274762717191,1,true,14.8,12,0,13.4,0
중앙대,13,AB,5,767.765266755518,0,start,1,1,0,48.75918665489871,7,7,0,24.025300054392616,1,true,15.8,11,0,13.4,0
중앙대,13,AB,10,767.765266755518,0,start,1,1,0,53.75918665489871,7,7,0,37.964628709221245,1,true,15.8,11,0,13.4,4.439999999999998
중앙대,13,AB,15,767.765266755518,0,start,1,1,0,56.75918665489871,7,7,0,50.83115680033495,1,true,31.8,11,0,13.4,0
중앙대,13,AC,0,856.5023506839295,0,start,6,6,0,12.41062876095367,6,6,0,22.025300054392616,1,true,14.5,21,0,18.8,0.4399999999999977
중앙대,13,AC,5,856.5023506839295,0,start,6,6,0,15.89015952366833,6,6,0,24.025300054392616,1,true,18.5,21,0,18.8,1.8300000000000125
중앙대,13,AC,10,856.5023506839295,0,start,6,6,0,19.730628760953664,6,5,0,37.568240728746446,1,true,18.5,19,0,18.8,2.680000000000007
중앙대,13,AC,15,856.5023506839295,3,start,0,0,0,,1,1,0,43.025300054392616,1,true,18.5,11,19,18.8,11.27000000000001
중앙대,13,BC,0,856.5023506839295,0,start,6,6,0,12.41062876095367,6,6,0,22.025300054392616,1,true,14.5,21,0,15.9,0.4399999999999977
중앙대,13,BC,5,856.5023506839295,0,start,6,6,0,15.89015952366833,6,6,0,24.025300054392616,1,true,18.5,21,0,15.9,1.8300000000000125
중앙대,13,BC,10,856.5023506839295,0,start,6,6,0,19.730628760953664,6,5,0,37.568240728746446,1,true,18.5,19,0,15.9,2.680000000000007
중앙대,13,BC,15,856.5023506839295,3,start,0,0,0,,1,1,0,43.025300054392616,1,true,18.5,11,19,15.9,11.27000000000001
중앙대,13,ABC,0,856.5023506839295,0,start,6,6,0,12.41062876095367,6,6,0,22.025300054392616,1,true,14.5,21,0,19.3,0.4399999999999977
중앙대,13,ABC,5,856.5023506839295,0,start,6,6,0,15.89015952366833,6,6,0,24.025300054392616,1,true,18.5,21,0,19.3,1.8300000000000125
중앙대,13,ABC,10,856.5023506839295,0,start,6,6,0,19.730628760953664,6,5,0,37.568240728746446,1,true,18.5,19,0,19.3,2.680000000000007
중앙대,13,ABC,15,856.5023506839295,3,start,0,0,0,,1,1,0,43.02530005439261,1,true,18.5,11,19,19.3,11.27000000000001
중앙대,14,최단,0,656.00847223627,0,start,7,7,0,12.328981275948422,4,4,0,27.28345294261618,0,true,14,20,0,8.3,0
중앙대,14,최단,5,656.00847223627,0,start,7,7,0,15.63607942437389,4,4,0,29.62345294261621,0,true,20,20,0,8.3,1.3000000000000114
중앙대,14,최단,10,656.00847223627,0,start,7,6,0,28.328981275948365,4,3,0,36.273420106672575,0,true,21,16,0,8.3,0
중앙대,14,최단,15,656.00847223627,1,start,1,1,0,33.653420106672584,1,1,0,36.273420106672575,0,true,33,8,7,8.3,0
중앙대,14,A,0,656.00847223627,0,start,7,7,0,12.328981275948422,4,4,0,27.28345294261618,0,true,14,20,0,12.9,0
중앙대,14,A,5,656.00847223627,0,start,7,7,0,15.63607942437389,4,4,0,29.62345294261621,0,true,20,20,0,12.9,1.3000000000000114
중앙대,14,A,10,656.00847223627,0,start,7,6,0,28.328981275948422,4,3,0,36.273420106672575,0,true,21,16,0,12.9,0
중앙대,14,A,15,656.00847223627,1,start,1,1,0,33.653420106672584,1,1,0,36.273420106672575,0,true,33,8,7,12.9,0
중앙대,14,B,0,768.3381935291146,0,start,6,6,0,11.94269902456908,2,2,0,26.70545868189953,0,true,14.3,16,0,16.4,0
중앙대,14,B,5,768.3381935291146,0,start,6,6,0,16.94269902456908,2,2,0,28.40408357393153,0,true,20.3,16,0,16.4,0
중앙대,14,B,10,768.3381935291146,0,start,6,6,0,24.94269902456908,2,2,0,46.40408357393153,0,true,20.3,14,0,16.4,0
중앙대,14,B,15,768.3381935291146,1,start,0,0,0,,0,0,0,,0,true,33.3,8,8,16.4,0
중앙대,14,C,0,682.7388142715894,0,start,4,4,0,12.435017974304373,2,2,0,27.613420106672578,0,true,14.7,12,0,15.7,0
중앙대,14,C,5,682.7388142715894,0,start,4,4,0,15.466079424373902,2,2,0,33.61342010667258,0,true,20.7,12,0,15.7,0
중앙대,14,C,10,682.7388142715894,0,start,4,4,0,23.504704316406333,2,2,0,36.61342010667258,0,true,22.7,12,0,15.7,7.460000000000036
중앙대,14,C,15,682.7388142715894,1,start,1,1,0,33.653420106672584,1,1,0,36.61342010667258,0,true,45.7,7,7,15.7,0
중앙대,14,AB,0,768.3381935291146,0,start,6,6,0,11.94269902456908,2,2,0,26.70545868189953,0,true,14.3,16,0,16.9,0
중앙대,14,AB,5,768.3381935291146,0,start,6,6,0,16.94269902456908,2,2,0,28.40408357393153,0,true,20.3,16,0,16.9,0
중앙대,14,AB,10,768.3381935291146,0,start,6,6,0,24.94269902456908,2,2,0,46.40408357393153,0,true,20.3,14,0,16.9,0
중앙대,14,AB,15,768.3381935291146,1,start,0,0,0,,0,0,0,,0,true,33.3,8,8,16.9,0
중앙대,14,AC,0,682.7388142715894,0,start,4,4,0,12.435017974304373,2,2,0,27.613420106672578,0,true,14.7,12,0,16.1,0
중앙대,14,AC,5,682.7388142715894,0,start,4,4,0,15.466079424373902,2,2,0,33.61342010667258,0,true,20.7,12,0,16.1,0
중앙대,14,AC,10,682.7388142715894,0,start,4,4,0,23.504704316406333,2,2,0,36.61342010667258,0,true,22.7,12,0,16.1,7.460000000000036
중앙대,14,AC,15,682.7388142715894,1,start,1,1,0,33.653420106672584,1,1,0,36.61342010667258,0,true,45.7,7,7,16.1,0
중앙대,14,BC,0,768.3381935291146,0,start,6,6,0,11.94269902456908,2,2,0,26.70545868189953,0,true,14.3,16,0,19.4,0
중앙대,14,BC,5,768.3381935291146,0,start,6,6,0,16.94269902456908,2,2,0,28.40408357393153,0,true,20.3,16,0,19.4,0
중앙대,14,BC,10,768.3381935291146,0,start,6,6,0,24.94269902456908,2,2,0,46.40408357393153,0,true,20.3,14,0,19.4,0
중앙대,14,BC,15,768.3381935291146,1,start,0,0,0,,0,0,0,,0,true,33.3,8,8,19.4,0
중앙대,14,ABC,0,768.3381935291146,0,start,6,6,0,11.94269902456908,2,2,0,26.70545868189953,0,true,14.3,16,0,20.3,0
중앙대,14,ABC,5,768.3381935291146,0,start,6,6,0,16.94269902456908,2,2,0,28.40408357393153,0,true,20.3,16,0,20.3,0
중앙대,14,ABC,10,768.3381935291146,0,start,6,6,0,24.94269902456908,2,2,0,46.40408357393153,0,true,20.3,14,0,20.3,0
중앙대,14,ABC,15,768.3381935291146,1,start,0,0,0,,0,0,0,,0,true,33.3,8,8,20.3,0
중앙대,15,최단,0,329.29191754976074,0,start,4,4,0,12.612426589439167,5,5,0,26.56689825610688,0,true,14.3,15,0,8.3,0
중앙대,15,최단,5,329.29191754976074,0,start,4,4,0,16.266898256106884,5,5,0,26.659999999999997,0,true,15.3,15,0,8.3,1.4599999999999795
중앙대,15,최단,10,329.29191754976074,0,start,4,4,0,48.691883719931795,5,5,0,33.56689825610688,0,true,40.3,13,0,8.3,4.4599999999999795
중앙대,15,최단,15,329.29191754976074,0,start,4,4,0,75.3318837199318,5,5,0,37.56689825610688,0,true,41.3,12,0,8.3,4.4599999999999795
중앙대,15,A,0,329.29191754976074,0,start,4,4,0,12.612426589439167,5,5,0,26.56689825610688,0,true,14.3,15,0,12.9,0
중앙대,15,A,5,329.29191754976074,0,start,4,4,0,16.266898256106884,5,5,0,26.659999999999997,0,true,15.3,15,0,12.9,1.4599999999999795
중앙대,15,A,10,329.29191754976074,0,start,4,4,0,48.691883719931795,5,5,0,33.56689825610688,0,true,40.3,13,0,12.9,4.4599999999999795
중앙대,15,A,15,329.29191754976074,0,start,4,4,0,75.33188371993178,5,5,0,37.56689825610688,0,true,41.3,12,0,12.9,4.4599999999999795
중앙대,15,B,0,348.2210436079781,0,start,1,1,0,12.446933652795053,1,1,0,21.286933652795085,0,true,14.2,5,0,16.1,0
중앙대,15,B,5,348.2210436079781,0,start,1,1,0,17.446933652795053,1,1,0,32.286933652795085,0,true,16.2,5,0,16.1,0
중앙대,15,B,10,348.2210436079781,0,start,1,1,0,48.42693365279507,1,1,0,38.286933652795085,0,true,32.2,4,0,16.1,0
중앙대,15,B,15,348.2210436079781,0,start,1,1,0,53.42693365279507,1,0,0,,0,true,59.2,3,0,16.1,0
중앙대,15,C,0,348.2210436079781,0,start,1,1,0,12.446933652795053,1,1,0,21.286933652795085,0,true,14.2,5,0,15.9,0
중앙대,15,C,5,348.2210436079781,0,start,1,1,0,17.446933652795053,1,1,0,32.286933652795085,0,true,16.2,5,0,15.9,0
중앙대,15,C,10,348.2210436079781,0,start,1,1,0,48.42693365279507,1,1,0,38.286933652795085,0,true,32.2,4,0,15.9,0
중앙대,15,C,15,348.2210436079781,0,start,1,1,0,53.42693365279507,1,0,0,,0,true,59.2,3,0,15.9,0
중앙대,15,AB,0,348.2210436079781,0,start,1,1,0,12.446933652795053,1,1,0,21.286933652795085,0,true,14.2,5,0,16.6,0
중앙대,15,AB,5,348.2210436079781,0,start,1,1,0,17.446933652795053,1,1,0,32.286933652795085,0,true,16.2,5,0,16.6,0
중앙대,15,AB,10,348.2210436079781,0,start,1,1,0,48.42693365279507,1,1,0,38.286933652795085,0,true,32.2,4,0,16.6,0
중앙대,15,AB,15,348.2210436079781,0,start,1,1,0,53.42693365279507,1,0,0,,0,true,59.2,3,0,16.6,0
중앙대,15,AC,0,348.2210436079781,0,start,1,1,0,12.446933652795053,1,1,0,21.286933652795085,0,true,14.2,5,0,16.3,0
중앙대,15,AC,5,348.2210436079781,0,start,1,1,0,17.446933652795053,1,1,0,32.286933652795085,0,true,16.2,5,0,16.3,0
중앙대,15,AC,10,348.2210436079781,0,start,1,1,0,48.42693365279507,1,1,0,38.286933652795085,0,true,32.2,4,0,16.3,0
중앙대,15,AC,15,348.2210436079781,0,start,1,1,0,53.42693365279507,1,0,0,,0,true,59.2,3,0,16.3,0
중앙대,15,BC,0,348.2210436079781,0,start,1,1,0,12.446933652795053,1,1,0,21.286933652795085,0,true,14.2,5,0,19.3,0
중앙대,15,BC,5,348.2210436079781,0,start,1,1,0,17.446933652795053,1,1,0,32.286933652795085,0,true,16.2,5,0,19.3,0
중앙대,15,BC,10,348.2210436079781,0,start,1,1,0,48.42693365279507,1,1,0,38.286933652795085,0,true,32.2,4,0,19.3,0
중앙대,15,BC,15,348.2210436079781,0,start,1,1,0,53.42693365279507,1,0,0,,0,true,59.2,3,0,19.3,0
중앙대,15,ABC,0,348.2210436079781,0,start,1,1,0,12.446933652795053,1,1,0,21.286933652795085,0,true,14.2,5,0,20.1,0
중앙대,15,ABC,5,348.2210436079781,0,start,1,1,0,17.446933652795053,1,1,0,32.286933652795085,0,true,16.2,5,0,20.1,0
중앙대,15,ABC,10,348.2210436079781,0,start,1,1,0,48.42693365279507,1,1,0,38.286933652795085,0,true,32.2,4,0,20.1,0
중앙대,15,ABC,15,348.2210436079781,0,start,1,1,0,53.42693365279507,1,0,0,,0,true,59.2,3,0,20.1,0
중앙대,16,최단,0,233.04501929365384,0,start,3,3,0,12.365528333332264,2,2,0,26.66,1,true,14,11,0,8.3,0
중앙대,16,최단,5,233.04501929365384,0,start,3,3,0,12.365528333332264,2,2,0,29.110909338470776,1,true,15,11,0,8.3,1.6799999999999997
중앙대,16,최단,10,233.04501929365384,0,start,3,3,0,31.810909338470765,2,2,0,34.110909338470776,1,true,16,11,0,8.3,3.460000000000008
중앙대,16,최단,15,233.04501929365384,0,start,3,3,0,37.27090933847077,2,2,0,44.110909338470776,1,true,50,11,0,8.3,4.02
중앙대,16,A,0,233.04501929365384,0,start,3,3,0,12.365528333332264,2,2,0,26.66,1,true,14,11,0,12.9,0
중앙대,16,A,5,233.04501929365384,0,start,3,3,0,12.365528333332264,2,2,0,29.110909338470776,1,true,15,11,0,12.9,1.6799999999999997
중앙대,16,A,10,233.04501929365384,0,start,3,3,0,31.810909338470765,2,2,0,34.110909338470776,1,true,16,11,0,12.9,3.460000000000008
중앙대,16,A,15,233.04501929365384,0,start,3,3,0,37.27090933847077,2,2,0,44.110909338470776,1,true,50,11,0,12.9,4.02
중앙대,16,B,0,233.04501929365384,0,start,3,3,0,12.365528333332264,2,2,0,26.66,1,true,14,11,0,12.9,0
중앙대,16,B,5,233.04501929365384,0,start,3,3,0,12.365528333332264,2,2,0,29.110909338470776,1,true,15,11,0,12.9,1.6799999999999997
중앙대,16,B,10,233.04501929365384,0,start,3,3,0,31.810909338470765,2,2,0,34.110909338470776,1,true,16,11,0,12.9,3.460000000000008
중앙대,16,B,15,233.04501929365384,0,start,3,3,0,37.27090933847077,2,2,0,44.110909338470776,1,true,50,11,0,12.9,4.02
중앙대,16,C,0,233.04501929365384,0,start,3,3,0,12.365528333332264,2,2,0,26.66,1,true,14,11,0,13.4,0
중앙대,16,C,5,233.04501929365384,0,start,3,3,0,12.365528333332264,2,2,0,29.110909338470776,1,true,15,11,0,13.4,1.6800000000000015
중앙대,16,C,10,233.04501929365384,0,start,3,3,0,31.810909338470765,2,2,0,34.110909338470776,1,true,16,11,0,13.4,3.460000000000008
중앙대,16,C,15,233.04501929365384,0,start,3,3,0,37.27090933847077,2,2,0,44.110909338470776,1,true,50,11,0,13.4,4.020000000000001
중앙대,16,AB,0,233.04501929365384,0,start,3,3,0,12.365528333332264,2,2,0,26.66,1,true,14,11,0,13.4,0
중앙대,16,AB,5,233.04501929365384,0,start,3,3,0,12.365528333332264,2,2,0,29.110909338470776,1,true,15,11,0,13.4,1.6800000000000015
중앙대,16,AB,10,233.04501929365384,0,start,3,3,0,31.810909338470765,2,2,0,34.110909338470776,1,true,16,11,0,13.4,3.460000000000008
중앙대,16,AB,15,233.04501929365384,0,start,3,3,0,37.27090933847077,2,2,0,44.110909338470776,1,true,50,11,0,13.4,4.020000000000001
중앙대,16,AC,0,233.04501929365384,0,start,3,3,0,12.365528333332264,2,2,0,26.66,1,true,14,11,0,13.7,0
중앙대,16,AC,5,233.04501929365384,0,start,3,3,0,12.365528333332264,2,2,0,29.110909338470776,1,true,15,11,0,13.7,1.6800000000000015
중앙대,16,AC,10,233.04501929365384,0,start,3,3,0,31.810909338470765,2,2,0,34.110909338470776,1,true,16,11,0,13.7,3.460000000000008
중앙대,16,AC,15,233.04501929365384,0,start,3,3,0,37.27090933847077,2,2,0,44.110909338470776,1,true,50,11,0,13.7,4.020000000000001
중앙대,16,BC,0,233.04501929365384,0,start,3,3,0,12.365528333332264,2,2,0,26.66,1,true,14,11,0,13.4,0
중앙대,16,BC,5,233.04501929365384,0,start,3,3,0,12.365528333332264,2,2,0,29.110909338470776,1,true,15,11,0,13.4,1.6800000000000015
중앙대,16,BC,10,233.04501929365384,0,start,3,3,0,31.810909338470765,2,2,0,34.110909338470776,1,true,16,11,0,13.4,3.460000000000008
중앙대,16,BC,15,233.04501929365384,0,start,3,3,0,37.27090933847077,2,2,0,44.110909338470776,1,true,50,11,0,13.4,4.020000000000001
중앙대,16,ABC,0,233.04501929365384,0,start,3,3,0,12.365528333332264,2,2,0,26.66,1,true,14,11,0,14.3,0
중앙대,16,ABC,5,233.04501929365384,0,start,3,3,0,12.365528333332264,2,2,0,29.110909338470776,1,true,15,11,0,14.3,1.6800000000000015
중앙대,16,ABC,10,233.04501929365384,0,start,3,3,0,31.810909338470765,2,2,0,34.110909338470776,1,true,16,11,0,14.3,3.460000000000008
중앙대,16,ABC,15,233.04501929365384,0,start,3,3,0,37.27090933847077,2,2,0,44.110909338470776,1,true,50,11,0,14.3,4.020000000000001
중앙대,17,최단,0,115.14276771764784,0,start,2,2,0,12.757137763094462,2,2,0,26.860000000000003,0,true,14.1,8,0,8.3,0
중앙대,17,최단,5,115.14276771764784,0,start,2,2,0,17.757137763094462,2,2,0,33.86,0,true,13.1,8,0,8.3,0
중앙대,17,최단,10,115.14276771764784,0,start,2,2,0,49.3486577624648,2,2,0,40.86,0,true,50.1,7,0,8.3,6.590000000000003
중앙대,17,최단,15,115.14276771764784,0,start,2,2,0,37.7786577624648,2,2,0,42.86,0,true,50.1,8,0,8.3,8.460000000000008
중앙대,17,A,0,115.14276771764784,0,start,2,2,0,12.757137763094462,2,2,0,26.860000000000003,0,true,14.1,8,0,12.9,0
중앙대,17,A,5,115.14276771764784,0,start,2,2,0,17.757137763094462,2,2,0,33.86,0,true,13.1,8,0,12.9,0
중앙대,17,A,10,115.14276771764784,0,start,2,2,0,49.348657762464796,2,2,0,40.86,0,true,50.1,7,0,12.9,6.589999999999989
중앙대,17,A,15,115.14276771764784,0,start,2,2,0,37.77865776246482,2,2,0,42.86,0,true,50.1,8,0,12.9,8.459999999999994
중앙대,17,B,0,115.14276771764784,0,start,2,2,0,12.757137763094462,2,2,0,26.860000000000003,0,true,14.1,8,0,12.9,0
중앙대,17,B,5,115.14276771764784,0,start,2,2,0,17.757137763094462,2,2,0,33.86,0,true,13.1,8,0,12.9,0
중앙대,17,B,10,115.14276771764784,0,start,2,2,0,49.348657762464796,2,2,0,40.86,0,true,50.1,7,0,12.9,6.589999999999989
중앙대,17,B,15,115.14276771764784,0,start,2,2,0,37.77865776246482,2,2,0,42.86,0,true,50.1,8,0,12.9,8.459999999999994
중앙대,17,C,0,115.14276771764784,0,start,2,2,0,12.757137763094462,2,2,0,26.860000000000003,0,true,14.1,8,0,13.4,0
중앙대,17,C,5,115.14276771764784,0,start,2,2,0,17.757137763094462,2,2,0,33.86,0,true,13.1,8,0,13.4,0
중앙대,17,C,10,115.14276771764784,0,start,2,2,0,49.3486577624648,2,2,0,40.86,0,true,50.1,7,0,13.4,6.590000000000003
중앙대,17,C,15,115.14276771764784,0,start,2,2,0,37.7786577624648,2,2,0,42.86,0,true,50.1,8,0,13.4,8.460000000000008
중앙대,17,AB,0,115.14276771764784,0,start,2,2,0,12.757137763094462,2,2,0,26.860000000000003,0,true,14.1,8,0,13.4,0
중앙대,17,AB,5,115.14276771764784,0,start,2,2,0,17.757137763094462,2,2,0,33.86,0,true,13.1,8,0,13.4,0
중앙대,17,AB,10,115.14276771764784,0,start,2,2,0,49.3486577624648,2,2,0,40.86,0,true,50.1,7,0,13.4,6.590000000000003
중앙대,17,AB,15,115.14276771764784,0,start,2,2,0,37.7786577624648,2,2,0,42.86,0,true,50.1,8,0,13.4,8.460000000000008
중앙대,17,AC,0,115.14276771764784,0,start,2,2,0,12.757137763094462,2,2,0,26.860000000000007,0,true,14.1,8,0,13.7,0
중앙대,17,AC,5,115.14276771764784,0,start,2,2,0,17.757137763094462,2,2,0,33.86,0,true,13.1,8,0,13.7,0
중앙대,17,AC,10,115.14276771764784,0,start,2,2,0,49.3486577624648,2,2,0,40.86000000000001,0,true,50.1,7,0,13.7,6.589999999999989
중앙대,17,AC,15,115.14276771764784,0,start,2,2,0,37.77865776246482,2,2,0,42.86000000000001,0,true,50.1,8,0,13.7,8.459999999999994
중앙대,17,BC,0,115.14276771764784,0,start,2,2,0,12.757137763094462,2,2,0,26.860000000000003,0,true,14.1,8,0,13.4,0
중앙대,17,BC,5,115.14276771764784,0,start,2,2,0,17.757137763094462,2,2,0,33.86,0,true,13.1,8,0,13.4,0
중앙대,17,BC,10,115.14276771764784,0,start,2,2,0,49.3486577624648,2,2,0,40.86,0,true,50.1,7,0,13.4,6.590000000000003
중앙대,17,BC,15,115.14276771764784,0,start,2,2,0,37.7786577624648,2,2,0,42.86,0,true,50.1,8,0,13.4,8.460000000000008
중앙대,17,ABC,0,115.14276771764784,0,start,2,2,0,12.757137763094462,2,2,0,26.86,0,true,14.1,8,0,14.3,0
중앙대,17,ABC,5,115.14276771764784,0,start,2,2,0,17.757137763094462,2,2,0,33.86,0,true,13.1,8,0,14.3,0
중앙대,17,ABC,10,115.14276771764784,0,start,2,2,0,49.34865776246481,2,2,0,40.86,0,true,50.1,7,0,14.3,6.590000000000003
중앙대,17,ABC,15,115.14276771764784,0,start,2,2,0,37.7786577624648,2,2,0,42.86,0,true,50.1,8,0,14.3,8.460000000000008
중앙대,18,최단,0,12.47410995518304,0,start,0,0,0,,0,0,0,,0,true,12.5,2,0,8.3,0
중앙대,18,최단,5,12.47410995518304,0,start,0,0,0,,0,0,0,,0,true,12.5,2,0,8.3,0
중앙대,18,최단,10,12.47410995518304,0,start,0,0,0,,0,0,0,,0,true,12.5,2,0,8.3,0
중앙대,18,최단,15,12.47410995518304,2,start,0,0,0,,0,0,0,,0,false,,3,0,8.3,0
중앙대,18,A,0,12.47410995518304,0,start,0,0,0,,0,0,0,,0,true,12.5,2,0,12.9,0
중앙대,18,A,5,12.47410995518304,0,start,0,0,0,,0,0,0,,0,true,12.5,2,0,12.9,0
중앙대,18,A,10,12.47410995518304,0,start,0,0,0,,0,0,0,,0,true,12.5,2,0,12.9,0
중앙대,18,A,15,12.47410995518304,2,start,0,0,0,,0,0,0,,0,false,,3,0,12.9,0
중앙대,18,B,0,12.47410995518304,0,start,0,0,0,,0,0,0,,0,true,12.5,2,0,12.9,0
중앙대,18,B,5,12.47410995518304,0,start,0,0,0,,0,0,0,,0,true,12.5,2,0,12.9,0
중앙대,18,B,10,12.47410995518304,0,start,0,0,0,,0,0,0,,0,true,12.5,2,0,12.9,0
중앙대,18,B,15,12.47410995518304,2,start,0,0,0,,0,0,0,,0,false,,3,0,12.9,0
중앙대,18,C,0,12.47410995518304,0,start,0,0,0,,0,0,0,,0,true,12.5,2,0,13.4,0
중앙대,18,C,5,12.47410995518304,0,start,0,0,0,,0,0,0,,0,true,12.5,2,0,13.4,0
중앙대,18,C,10,12.47410995518304,0,start,0,0,0,,0,0,0,,0,true,12.5,2,0,13.4,0
중앙대,18,C,15,12.47410995518304,2,start,0,0,0,,0,0,0,,0,false,,3,0,13.4,0
중앙대,18,AB,0,12.47410995518304,0,start,0,0,0,,0,0,0,,0,true,12.5,2,0,13.4,0
중앙대,18,AB,5,12.47410995518304,0,start,0,0,0,,0,0,0,,0,true,12.5,2,0,13.4,0
중앙대,18,AB,10,12.47410995518304,0,start,0,0,0,,0,0,0,,0,true,12.5,2,0,13.4,0
중앙대,18,AB,15,12.47410995518304,2,start,0,0,0,,0,0,0,,0,false,,3,0,13.4,0
중앙대,18,AC,0,12.47410995518304,0,start,0,0,0,,0,0,0,,0,true,12.5,2,0,13.7,0
중앙대,18,AC,5,12.47410995518304,0,start,0,0,0,,0,0,0,,0,true,12.5,2,0,13.7,0
중앙대,18,AC,10,12.47410995518304,0,start,0,0,0,,0,0,0,,0,true,12.5,2,0,13.7,0
중앙대,18,AC,15,12.47410995518304,2,start,0,0,0,,0,0,0,,0,false,,3,0,13.7,0
중앙대,18,BC,0,12.47410995518304,0,start,0,0,0,,0,0,0,,0,true,12.5,2,0,13.4,0
중앙대,18,BC,5,12.47410995518304,0,start,0,0,0,,0,0,0,,0,true,12.5,2,0,13.4,0
중앙대,18,BC,10,12.47410995518304,0,start,0,0,0,,0,0,0,,0,true,12.5,2,0,13.4,0
중앙대,18,BC,15,12.47410995518304,2,start,0,0,0,,0,0,0,,0,false,,3,0,13.4,0
중앙대,18,ABC,0,12.47410995518304,0,start,0,0,0,,0,0,0,,0,true,12.5,2,0,14.3,0
중앙대,18,ABC,5,12.47410995518304,0,start,0,0,0,,0,0,0,,0,true,12.5,2,0,14.3,0
중앙대,18,ABC,10,12.47410995518304,0,start,0,0,0,,0,0,0,,0,true,12.5,2,0,14.3,0
중앙대,18,ABC,15,12.47410995518304,2,start,0,0,0,,0,0,0,,0,false,,3,0,14.3,0
중앙대,19,최단,0,538.6716519246662,0,start,2,2,0,12.685571824046917,4,4,0,24.87101387836924,0,true,14.7,10,0,8.3,0
중앙대,19,최단,5,538.6716519246662,0,start,2,2,0,17.685571824046917,4,4,0,27.695571824046908,0,true,19.7,10,0,8.3,0
중앙대,19,최단,10,538.6716519246662,0,start,2,2,0,46.665571824046935,4,3,0,27.737541969483175,0,true,21.7,8,0,8.3,0.6800000000000068
중앙대,19,최단,15,538.6716519246662,0,start,2,2,0,46.665571824046935,4,3,0,33.87101387836921,0,true,38.7,8,0,8.3,2.1500000000000057
중앙대,19,A,0,697.1963615982834,0,start,5,5,0,12.000154390327339,7,7,0,27.22901484664925,0,true,14.2,19,0,21.6,0
중앙대,19,A,5,697.1963615982834,0,start,5,5,0,11.609014846649245,7,7,0,29.953793157028173,0,true,23.2,19,0,21.6,0
중앙대,19,A,10,697.1963615982834,0,start,5,5,0,21.609014846649245,7,7,0,33.95379315702817,0,true,25.2,18,0,21.6,2.339999999999975
중앙대,19,A,15,697.1963615982834,4,start,2,2,0,67.94379315702821,2,2,0,87.95379315702817,0,true,26.2,14,13,21.6,2.339999999999975
중앙대,19,B,0,538.6716519246662,0,start,2,2,0,12.685571824046917,4,4,0,24.87101387836924,0,true,14.7,10,0,12.9,0
중앙대,19,B,5,538.6716519246662,0,start,2,2,0,17.685571824046917,4,4,0,27.695571824046908,0,true,19.7,10,0,12.9,0
중앙대,19,B,10,538.6716519246662,0,start,2,2,0,46.665571824046935,4,3,0,27.737541969483175,0,true,21.7,8,0,12.9,0.6800000000000068
중앙대,19,B,15,538.6716519246662,0,start,2,2,0,46.665571824046935,4,3,0,33.87101387836924,0,true,38.7,8,0,12.9,2.1500000000000057
중앙대,19,C,0,538.6716519246662,0,start,2,2,0,12.685571824046917,4,4,0,24.87101387836924,0,true,14.7,10,0,13.4,0
중앙대,19,C,5,538.6716519246662,0,start,2,2,0,17.685571824046917,4,4,0,27.695571824046908,0,true,19.7,10,0,13.4,0
중앙대,19,C,10,538.6716519246662,0,start,2,2,0,46.665571824046935,4,3,0,27.737541969483175,0,true,21.7,8,0,13.4,0.6800000000000068
중앙대,19,C,15,538.6716519246662,0,start,2,2,0,46.665571824046935,4,3,0,33.87101387836924,0,true,38.7,8,0,13.4,2.1500000000000057
중앙대,19,AB,0,538.6716519246662,0,start,2,2,0,12.685571824046917,4,4,0,24.87101387836924,0,true,14.7,10,0,13.4,0
중앙대,19,AB,5,538.6716519246662,0,start,2,2,0,17.685571824046917,4,4,0,27.695571824046908,0,true,19.7,10,0,13.4,0
중앙대,19,AB,10,538.6716519246662,0,start,2,2,0,46.665571824046935,4,3,0,27.737541969483175,0,true,21.7,8,0,13.4,0.6800000000000068
중앙대,19,AB,15,538.6716519246662,0,start,2,2,0,46.665571824046935,4,3,0,33.87101387836924,0,true,38.7,8,0,13.4,2.1500000000000057
중앙대,19,AC,0,538.6716519246662,0,start,2,2,0,12.685571824046917,4,4,0,24.87101387836924,0,true,14.7,10,0,13.7,0
중앙대,19,AC,5,538.6716519246662,0,start,2,2,0,17.685571824046917,4,4,0,27.695571824046908,0,true,19.7,10,0,13.7,0
중앙대,19,AC,10,538.6716519246662,0,start,2,2,0,46.665571824046935,4,3,0,27.737541969483118,0,true,21.7,8,0,13.7,0.6800000000000068
중앙대,19,AC,15,538.6716519246662,0,start,2,2,0,46.665571824046935,4,3,0,33.87101387836924,0,true,38.7,8,0,13.7,2.1500000000000057
중앙대,19,BC,0,538.6716519246662,0,start,2,2,0,12.685571824046917,4,4,0,24.87101387836924,0,true,14.7,10,0,13.4,0
중앙대,19,BC,5,538.6716519246662,0,start,2,2,0,17.685571824046917,4,4,0,27.695571824046908,0,true,19.7,10,0,13.4,0
중앙대,19,BC,10,538.6716519246662,0,start,2,2,0,46.665571824046935,4,3,0,27.737541969483175,0,true,21.7,8,0,13.4,0.6800000000000068
중앙대,19,BC,15,538.6716519246662,0,start,2,2,0,46.665571824046935,4,3,0,33.87101387836924,0,true,38.7,8,0,13.4,2.1500000000000057
중앙대,19,ABC,0,538.6716519246662,0,start,2,2,0,12.685571824046917,4,4,0,24.87101387836924,0,true,14.7,10,0,14.3,0
중앙대,19,ABC,5,538.6716519246662,0,start,2,2,0,17.685571824046917,4,4,0,27.695571824046908,0,true,19.7,10,0,14.3,0
중앙대,19,ABC,10,538.6716519246662,0,start,2,2,0,46.665571824046935,4,3,0,27.737541969483118,0,true,21.7,8,0,14.3,0.6800000000000068
중앙대,19,ABC,15,538.6716519246662,0,start,2,2,0,46.665571824046935,4,3,0,33.87101387836924,0,true,38.7,8,0,14.3,2.1500000000000057
중앙대,20,최단,0,616.456931552636,0,start,4,4,0,12.365209629660086,5,5,0,21.52282159745289,1,true,14.5,16,0,8.3,2.6799999999999997
중앙대,20,최단,5,616.456931552636,0,start,4,4,0,15.052596078062038,5,5,0,26.65629350633907,1,true,21.5,16,0,8.3,2.6799999999999997
중앙대,20,최단,10,616.456931552636,0,start,4,4,0,17.202596078062044,5,5,0,26.65629350633907,1,true,24.5,16,0,8.3,2.6799999999999997
중앙대,20,최단,15,616.456931552636,0,start,4,4,1,40.202596078062044,5,4,0,36.52282159745289,1,true,41.5,14,0,8.3,2.6799999999999997
중앙대,20,A,0,793.8088758624386,0,start,7,7,0,12.137887004094239,4,4,0,20.87476590725555,1,true,14.8,21,0,15.4,2.6799999999999997
중앙대,20,A,5,793.8088758624386,0,start,7,7,0,12.848347276974323,4,4,0,34.87476590725555,1,true,17.8,21,0,15.4,2.6799999999999997
중앙대,20,A,10,793.8088758624386,0,start,7,7,0,21.40761946984412,4,4,0,35.87476590725555,1,true,18.8,20,0,15.4,2.6799999999999997
중앙대,20,A,15,793.8088758624386,1,start,4,4,1,40.202596078062044,2,2,0,42.815209629660075,1,true,55.8,16,7,15.4,2.6799999999999997
중앙대,20,B,0,720.1153010402421,0,start,6,6,0,12.383536448239155,5,5,0,21.181191085059027,1,true,14.1,20,0,16.3,5.02
중앙대,20,B,5,720.1153010402421,0,start,6,6,0,14.023579117266252,5,5,0,22.314662993945205,1,true,16.1,20,0,16.3,5.02
중앙대,20,B,10,720.1153010402421,0,start,6,6,0,35.540965565668216,5,5,0,30.13922093962276,1,true,16.1,19,0,16.3,5.02
중앙대,20,B,15,720.1153010402421,0,start,6,6,0,49.343579117266245,5,5,0,32.314662993945205,1,true,48.1,19,0,16.3,5.02
중앙대,20,C,0,793.8088758624386,0,start,7,7,0,12.137887004094239,4,4,0,20.87476590725555,1,true,14.8,21,0,15.9,2.6799999999999997
중앙대,20,C,5,793.8088758624386,0,start,7,7,0,12.848347276974323,4,4,0,34.87476590725555,1,true,17.8,21,0,15.9,2.6799999999999997
중앙대,20,C,10,793.8088758624386,0,start,7,7,0,21.407619469844178,4,4,0,35.87476590725555,1,true,18.8,20,0,15.9,2.6799999999999997
중앙대,20,C,15,793.8088758624386,1,start,4,4,1,40.202596078062044,2,2,0,42.815209629660075,1,true,55.8,16,7,15.9,2.6799999999999997
중앙대,20,AB,0,793.8088758624386,0,start,7,7,0,12.137887004094239,4,4,0,20.87476590725555,1,true,14.8,21,0,15.9,2.6799999999999997
중앙대,20,AB,5,793.8088758624386,0,start,7,7,0,12.848347276974323,4,4,0,34.87476590725555,1,true,17.8,21,0,15.9,2.6799999999999997
중앙대,20,AB,10,793.8088758624386,0,start,7,7,0,21.407619469844178,4,4,0,35.87476590725555,1,true,18.8,20,0,15.9,2.6799999999999997
중앙대,20,AB,15,793.8088758624386,1,start,4,4,1,40.202596078062044,2,2,0,42.815209629660075,1,true,55.8,16,7,15.9,2.6799999999999997
중앙대,20,AC,0,793.8088758624386,0,start,7,7,0,12.137887004094239,4,4,0,20.87476590725555,1,true,14.8,21,0,18.8,2.6799999999999997
중앙대,20,AC,5,793.8088758624386,0,start,7,7,0,12.848347276974323,4,4,0,34.87476590725555,1,true,17.8,21,0,18.8,2.6799999999999997
중앙대,20,AC,10,793.8088758624386,0,start,7,7,0,21.40761946984412,4,4,0,35.87476590725555,1,true,18.8,20,0,18.8,2.6799999999999997
중앙대,20,AC,15,793.8088758624386,1,start,4,4,1,40.202596078062044,2,2,0,42.815209629660075,1,true,55.8,16,7,18.8,2.6799999999999997
중앙대,20,BC,0,720.1153010402421,0,start,6,6,0,12.383536448239155,5,5,0,21.181191085059027,1,true,14.1,20,0,16.8,5.02
중앙대,20,BC,5,720.1153010402421,0,start,6,6,0,14.023579117266252,5,5,0,22.314662993945205,1,true,16.1,20,0,16.8,5.02
중앙대,20,BC,10,720.1153010402421,0,start,6,6,0,35.540965565668216,5,5,0,30.13922093962276,1,true,16.1,19,0,16.8,5.02
중앙대,20,BC,15,720.1153010402421,0,start,6,6,0,49.343579117266245,5,5,0,32.314662993945205,1,true,48.1,19,0,16.8,5.02
중앙대,20,ABC,0,793.8088758624386,0,start,7,7,0,12.137887004094239,4,4,0,20.87476590725555,1,true,14.8,21,0,19.3,2.6799999999999997
중앙대,20,ABC,5,793.8088758624386,0,start,7,7,0,12.848347276974323,4,4,0,34.87476590725555,1,true,17.8,21,0,19.3,2.6799999999999997
중앙대,20,ABC,10,793.8088758624386,0,start,7,7,0,21.40761946984412,4,4,0,35.87476590725555,1,true,18.8,20,0,19.3,2.6799999999999997
중앙대,20,ABC,15,793.8088758624386,1,start,4,4,1,40.202596078062044,2,2,0,42.815209629660075,1,true,55.8,16,7,19.3,2.6799999999999997
중앙대,21,최단,0,775.557850819334,0,start,3,3,0,11.891911721841439,5,5,0,24.250021459815287,1,true,14.6,14,0,8.3,0
중앙대,21,최단,5,775.557850819334,0,start,3,3,0,11.070626248280178,5,5,0,33.26000000000002,1,true,10.6,14,0,8.3,0
중앙대,21,최단,10,775.557850819334,0,start,3,3,0,27.89191172184144,5,5,0,37.93002145981529,1,true,8.6,15,0,8.3,7.23
중앙대,21,최단,15,775.557850819334,2,start,1,1,0,38.228183850697434,2,2,0,43.26000000000002,1,true,34.6,13,8,8.3,14.950000000000003
중앙대,21,A,0,775.557850819334,0,start,3,3,0,11.891911721841439,5,5,0,24.250021459815287,1,true,14.6,14,0,12.9,0
중앙대,21,A,5,775.557850819334,0,start,3,3,0,11.070626248280178,5,5,0,33.26000000000002,1,true,10.6,14,0,12.9,0
중앙대,21,A,10,775.557850819334,0,start,3,3,0,27.89191172184144,5,5,0,37.93002145981529,1,true,8.6,15,0,12.9,7.23
중앙대,21,A,15,775.557850819334,3,start,0,0,0,,0,0,0,,1,true,34.6,12,8,15.2,7.57
중앙대,21,B,0,775.557850819334,0,start,3,3,0,11.891911721841439,5,5,0,24.250021459815287,1,true,14.6,14,0,12.9,0
중앙대,21,B,5,775.557850819334,0,start,3,3,0,11.070626248280178,5,5,0,33.26000000000002,1,true,10.6,14,0,12.9,0
중앙대,21,B,10,775.557850819334,0,start,3,3,0,27.89191172184144,5,5,0,37.93002145981529,1,true,8.6,15,0,12.9,7.23
중앙대,21,B,15,775.557850819334,3,start,1,1,0,38.22818385069746,2,2,0,43.26000000000002,1,true,34.6,14,7,12.9,14.950000000000003
중앙대,21,C,0,1000.1560500101145,0,start,8,8,0,12.490110912621958,4,4,0,24.84822065059575,1,true,14.2,23,0,18.8,7.23
중앙대,21,C,5,1000.1560500101145,0,start,8,8,0,17.668825439060697,4,4,0,26.230193885776373,1,true,22.2,20,0,18.8,2.6799999999999997
중앙대,21,C,10,1000.1560500101145,0,start,8,8,0,32.398220650595704,4,4,0,34.5282206505957,1,true,28.2,19,0,18.8,5.210000000000036
중앙대,21,C,15,1000.1560500101145,0,start,8,7,0,42.54482410776839,4,4,0,34.5282206505957,1,true,28.2,17,0,18.9,2.680000000000007
중앙대,21,AB,0,775.557850819334,0,start,3,3,0,11.891911721841439,5,5,0,24.250021459815287,1,true,14.6,14,0,13.4,0
중앙대,21,AB,5,775.557850819334,0,start,3,3,0,11.070626248280178,5,5,0,33.260000000000026,1,true,10.6,14,0,13.4,0
중앙대,21,AB,10,775.557850819334,0,start,3,3,0,27.89191172184144,5,5,0,37.93002145981529,1,true,8.6,15,0,13.4,7.230000000000002
중앙대,21,AB,15,775.557850819334,4,start,0,0,0,,0,0,0,,1,true,34.6,13,7,15.7,7.57
중앙대,21,AC,0,1000.1560500101145,0,start,8,8,0,12.490110912621958,4,4,0,24.84822065059575,1,true,14.2,23,0,19.1,7.23
중앙대,21,AC,5,1000.1560500101145,0,start,8,8,0,17.668825439060697,4,4,0,26.230193885776373,1,true,22.2,20,0,21.6,2.6799999999999997
중앙대,21,AC,10,1000.1560500101145,0,start,8,8,0,32.398220650595704,4,4,0,34.5282206505957,1,true,28.2,19,0,21.6,5.210000000000036
중앙대,21,AC,15,1000.1560500101145,0,start,8,7,0,42.54482410776839,4,4,0,34.5282206505957,1,true,28.2,17,0,21.8,2.680000000000007
중앙대,21,BC,0,775.557850819334,0,start,3,3,0,11.891911721841439,5,5,0,24.250021459815287,1,true,14.6,14,0,13.4,0
중앙대,21,BC,5,775.557850819334,0,start,3,3,0,11.070626248280178,5,5,0,33.260000000000026,1,true,10.6,14,0,13.4,0
중앙대,21,BC,10,775.557850819334,0,start,3,3,0,27.89191172184144,5,5,0,37.93002145981529,1,true,8.6,15,0,13.4,7.230000000000002
중앙대,21,BC,15,775.557850819334,3,start,0,0,0,,0,0,0,,1,true,34.6,12,8,15.7,7.57
중앙대,21,ABC,0,775.557850819334,0,start,3,3,0,11.891911721841439,5,5,0,24.250021459815287,1,true,14.6,14,0,14.3,0
중앙대,21,ABC,5,775.557850819334,0,start,3,3,0,11.070626248280178,5,5,0,33.26000000000002,1,true,10.6,14,0,14.3,0
중앙대,21,ABC,10,775.557850819334,0,start,3,3,0,27.89191172184144,5,5,0,37.93002145981529,1,true,8.6,15,0,14.3,7.230000000000002
중앙대,21,ABC,15,775.557850819334,3,start,0,0,0,,0,0,0,,1,true,34.6,12,8,19.1,7.57
중앙대,22,최단,0,672.7844350143447,0,start,5,5,0,12.104944054023122,6,6,0,27.152517464583923,0,true,14.8,18,0,8.3,0
중앙대,22,최단,5,672.7844350143447,0,start,5,5,0,13.010325059161687,6,6,0,27.399415720690854,0,true,21.8,18,0,8.3,2.339999999999975
중앙대,22,최단,10,672.7844350143447,0,start,5,5,0,26.079415720690804,6,6,0,32.399415720690854,0,true,22.8,18,0,8.3,2.339999999999975
중앙대,22,최단,15,672.7844350143447,0,start,5,5,0,38.75941572069081,6,6,0,33.15251746458392,0,true,64.8,17,0,8.3,3.4600000000000364
중앙대,22,A,0,778.9819647637258,0,start,10,10,0,12.255125271695363,4,4,0,27.596945470071887,1,true,15,27,0,18.1,2.34
중앙대,22,A,5,778.9819647637258,0,start,10,10,0,17.146812294499327,4,4,0,34.73836629736424,1,true,16,26,0,18.1,2.34
중앙대,22,A,10,778.9819647637258,1,start,6,6,0,47.23512527169538,1,1,0,73.73836629736424,1,true,26,17,10,18.1,2.680000000000007
중앙대,22,A,15,778.9819647637258,1,start,6,6,0,69.31638146842494,1,1,0,73.73836629736424,1,true,26,17,9,18.1,4.300000000000004
중앙대,22,B,0,691.7135610725621,0,start,1,1,0,11.939451117379122,2,2,0,21.882983770790446,0,true,14.7,6,0,16.1,0
중앙대,22,B,5,691.7135610725621,0,start,1,1,0,20.479451117379085,2,2,0,23.882983770790446,0,true,20.7,6,0,16.1,0.4600000000000364
중앙대,22,B,10,691.7135610725621,0,start,1,1,0,21.93945111737912,2,2,0,37.77945111737904,0,true,23.7,6,0,16.1,0
중앙대,22,B,15,691.7135610725621,0,start,1,1,0,76.91945111737903,2,2,0,44.77945111737904,0,true,40.7,5,0,16.1,0
중앙대,22,C,0,805.712306799045,0,start,8,8,0,12.146812294499313,3,3,0,27.07957195182979,1,true,14.7,22,0,18.8,2.34
중앙대,22,C,5,805.712306799045,0,start,8,8,0,17.408510501760247,3,3,0,24.07957195182979,1,true,13.7,21,0,18.8,2.34
중앙대,22,C,10,805.712306799045,0,start,8,8,0,34.71755113958635,3,3,0,51.7595719518298,1,true,29.7,19,0,18.8,3.4600000000000364
중앙대,22,C,15,805.712306799045,0,start,8,8,0,54.40851050176025,3,3,0,55.07957195182979,1,true,29.7,18,0,18.8,4.460000000000036
중앙대,22,AB,0,691.7135610725621,0,start,1,1,0,11.939451117379122,2,2,0,21.882983770790446,0,true,14.7,6,0,16.6,0
중앙대,22,AB,5,691.7135610725621,0,start,1,1,0,20.479451117379085,2,2,0,23.882983770790446,0,true,20.7,6,0,16.6,0.4600000000000364
중앙대,22,AB,10,691.7135610725621,0,start,1,1,0,21.93945111737912,2,2,0,37.77945111737904,0,true,23.7,6,0,16.6,0
중앙대,22,AB,15,691.7135610725621,0,start,1,1,0,76.91945111737903,2,2,0,44.77945111737904,0,true,40.7,5,0,16.6,0
중앙대,22,AC,0,805.712306799045,0,start,8,8,0,12.146812294499313,3,3,0,27.07957195182979,1,true,14.7,22,0,21.6,2.34
중앙대,22,AC,5,805.712306799045,0,start,8,8,0,17.408510501760247,3,3,0,24.07957195182979,1,true,13.7,21,0,21.6,2.34
중앙대,22,AC,10,805.712306799045,0,start,8,8,0,34.717551139586334,3,3,0,51.7595719518298,1,true,29.7,19,0,21.6,3.4600000000000364
중앙대,22,AC,15,805.712306799045,0,start,8,8,0,54.40851050176025,3,3,0,55.07957195182979,1,true,29.7,18,0,21.6,4.460000000000036
중앙대,22,BC,0,691.7135610725621,0,start,1,1,0,11.939451117379122,2,2,0,21.882983770790446,0,true,14.7,6,0,19.3,0
중앙대,22,BC,5,691.7135610725621,0,start,1,1,0,20.479451117379085,2,2,0,23.882983770790446,0,true,20.7,6,0,19.3,0.4600000000000364
중앙대,22,BC,10,691.7135610725621,0,start,1,1,0,21.93945111737912,2,2,0,37.77945111737904,0,true,23.7,6,0,19.3,0
중앙대,22,BC,15,691.7135610725621,0,start,1,1,0,76.91945111737903,2,2,0,44.77945111737904,0,true,40.7,5,0,19.3,0
중앙대,22,ABC,0,691.7135610725621,0,start,1,1,0,11.939451117379122,2,2,0,21.882983770790446,0,true,14.7,6,0,20.1,0
중앙대,22,ABC,5,691.7135610725621,0,start,1,1,0,20.479451117379085,2,2,0,23.882983770790446,0,true,20.7,6,0,20.1,0.4600000000000364
중앙대,22,ABC,10,691.7135610725621,0,start,1,1,0,21.93945111737912,2,2,0,37.77945111737904,0,true,23.7,6,0,20.1,0
중앙대,22,ABC,15,691.7135610725621,0,start,1,1,0,76.91945111737903,2,2,0,44.77945111737904,0,true,40.7,5,0,20.1,0
중앙대,23,최단,0,495.85207035317444,0,start,5,5,0,12.172579392852867,5,5,0,27.220152803413697,1,true,14.9,18,0,8.3,0
중앙대,23,최단,5,495.85207035317444,0,start,5,5,0,14.077960397991376,5,5,0,31.127051059520625,1,true,13.9,18,0,8.3,0
중앙대,23,최단,10,495.85207035317444,0,start,5,5,0,39.147051059520635,5,5,0,40.2201528034137,1,true,26.9,18,0,8.3,2.680000000000007
중앙대,23,최단,15,495.85207035317444,0,start,5,5,0,41.147051059520635,5,5,0,48.91796039799141,1,true,36.9,18,0,8.3,2.680000000000007
중앙대,23,A,0,631.215383279622,0,start,7,7,0,12.535892319300217,3,3,0,26.490363985967974,1,true,14.2,20,0,18.1,0
중앙대,23,A,5,631.215383279622,0,start,7,7,0,15.615349449792859,3,3,0,27.490363985967974,1,true,24.2,19,0,18.1,0
중앙대,23,A,10,631.215383279622,0,start,7,7,0,24.488543787591354,3,3,0,40.830363985968006,1,true,35.2,19,0,18.1,3.1299999999999955
중앙대,23,A,15,631.215383279622,1,start,3,3,0,33.488543787591354,0,0,0,,1,true,45.2,13,10,18.1,1.3200000000000003
중앙대,23,B,0,514.7811964113918,0,start,1,1,0,12.007086456208697,1,1,0,20.84708645620873,1,true,14.8,6,0,16.1,0
중앙대,23,B,5,514.7811964113918,0,start,1,1,0,14.007086456208697,1,1,0,24.84708645620873,1,true,16.8,6,0,16.1,0
중앙대,23,B,10,514.7811964113918,0,start,1,1,0,14.007086456208697,1,1,0,34.84708645620873,1,true,16.8,6,0,16.1,0
중앙대,23,B,15,514.7811964113918,0,start,1,1,0,14.007086456208697,1,1,0,34.84708645620873,1,true,16.8,6,0,16.1,0
중앙대,23,C,0,514.7811964113918,0,start,1,1,0,12.007086456208697,1,1,0,20.84708645620873,1,true,14.8,6,0,15.9,0
중앙대,23,C,5,514.7811964113918,0,start,1,1,0,14.007086456208697,1,1,0,24.84708645620873,1,true,16.8,6,0,15.9,0
중앙대,23,C,10,514.7811964113918,0,start,1,1,0,14.007086456208697,1,1,0,34.84708645620873,1,true,16.8,6,0,15.9,0
중앙대,23,C,15,514.7811964113918,0,start,1,1,0,14.007086456208697,1,1,0,34.84708645620873,1,true,16.8,6,0,15.9,0
중앙대,23,AB,0,514.7811964113918,0,start,1,1,0,12.007086456208697,1,1,0,20.84708645620873,1,true,14.8,6,0,16.6,0
중앙대,23,AB,5,514.7811964113918,0,start,1,1,0,14.007086456208697,1,1,0,24.84708645620873,1,true,16.8,6,0,16.6,0
중앙대,23,AB,10,514.7811964113918,0,start,1,1,0,14.007086456208697,1,1,0,34.84708645620873,1,true,16.8,6,0,16.6,0
중앙대,23,AB,15,514.7811964113918,0,start,1,1,0,14.007086456208697,1,1,0,34.84708645620873,1,true,16.8,6,0,16.6,0
중앙대,23,AC,0,631.215383279622,0,start,7,7,0,12.535892319300217,3,3,0,26.490363985967974,1,true,14.2,20,0,21.6,0
중앙대,23,AC,5,631.215383279622,0,start,7,7,0,15.615349449792859,3,3,0,27.490363985967974,1,true,24.2,19,0,21.6,0
중앙대,23,AC,10,631.215383279622,0,start,7,7,0,24.488543787591354,3,3,0,40.830363985968006,1,true,35.2,19,0,21.6,3.1299999999999955
중앙대,23,AC,15,631.215383279622,1,start,3,3,0,33.488543787591354,0,0,0,,1,true,45.2,13,10,21.6,1.3200000000000003
중앙대,23,BC,0,514.7811964113918,0,start,1,1,0,12.007086456208697,1,1,0,20.84708645620873,1,true,14.8,6,0,19.3,0
중앙대,23,BC,5,514.7811964113918,0,start,1,1,0,14.007086456208697,1,1,0,24.84708645620873,1,true,16.8,6,0,19.3,0
중앙대,23,BC,10,514.7811964113918,0,start,1,1,0,14.007086456208697,1,1,0,34.84708645620873,1,true,16.8,6,0,19.3,0
중앙대,23,BC,15,514.7811964113918,0,start,1,1,0,14.007086456208697,1,1,0,34.84708645620873,1,true,16.8,6,0,19.3,0
중앙대,23,ABC,0,514.7811964113918,0,start,1,1,0,12.007086456208697,1,1,0,20.84708645620873,1,true,14.8,6,0,20.1,0
중앙대,23,ABC,5,514.7811964113918,0,start,1,1,0,14.007086456208697,1,1,0,24.84708645620873,1,true,16.8,6,0,20.1,0
중앙대,23,ABC,10,514.7811964113918,0,start,1,1,0,14.007086456208697,1,1,0,34.84708645620873,1,true,16.8,6,0,20.1,0
중앙대,23,ABC,15,514.7811964113918,0,start,1,1,0,14.007086456208697,1,1,0,34.84708645620873,1,true,16.8,6,0,20.1,0
중앙대,24,최단,0,436.24467023906743,0,start,5,5,0,12.565179278745916,5,5,0,26.859650945413705,0,true,14.2,17,0,8.3,0
중앙대,24,최단,5,436.24467023906743,0,start,5,5,0,14.644636409238558,5,5,0,26.5196509454137,0,true,22.2,17,0,8.3,0.3400000000000034
중앙대,24,최단,10,436.24467023906743,0,start,5,5,0,27.565179278745916,5,5,0,38.3105602838844,0,true,44.2,16,0,8.3,2.3400000000000034
중앙대,24,최단,15,436.24467023906743,0,start,5,5,0,44.47056028388437,5,5,0,53.6127526893068,0,true,44.2,16,0,8.3,1.6800000000000068
중앙대,24,A,0,436.24467023906743,0,start,5,5,0,12.565179278745916,5,5,0,26.859650945413705,0,true,14.2,17,0,12.9,0
중앙대,24,A,5,436.24467023906743,0,start,5,5,0,14.644636409238558,5,5,0,26.5196509454137,0,true,22.2,17,0,12.9,0.3400000000000034
중앙대,24,A,10,436.24467023906743,0,start,5,5,0,27.565179278745916,5,5,0,38.3105602838844,0,true,44.2,16,0,12.9,2.3400000000000034
중앙대,24,A,15,436.24467023906743,0,start,5,5,0,44.47056028388437,5,5,0,53.6127526893068,0,true,44.2,16,0,12.9,1.6800000000000068
중앙대,24,B,0,455.17379629728487,0,start,1,1,0,12.399686342101802,1,1,0,21.239686342101834,0,true,14.2,5,0,16.1,0
중앙대,24,B,5,455.17379629728487,0,start,1,1,0,19.939686342101822,1,1,0,22.239686342101834,0,true,18.2,5,0,16.1,4.4599999999999795
중앙대,24,B,10,455.17379629728487,0,start,1,1,0,26.399686342101802,1,1,0,29.239686342101834,0,true,39.2,5,0,16.1,0.30000000000001137
중앙대,24,B,15,455.17379629728487,0,start,1,1,0,26.399686342101802,1,1,0,57.239686342101834,0,true,40.2,5,0,16.1,1.3000000000000114
중앙대,24,C,0,455.17379629728487,0,start,1,1,0,12.399686342101802,1,1,0,21.239686342101834,0,true,14.2,5,0,15.9,0
중앙대,24,C,5,455.17379629728487,0,start,1,1,0,19.939686342101822,1,1,0,22.239686342101834,0,true,18.2,5,0,15.9,4.4599999999999795
중앙대,24,C,10,455.17379629728487,0,start,1,1,0,26.399686342101802,1,1,0,29.239686342101834,0,true,39.2,5,0,15.9,0.30000000000001137
중앙대,24,C,15,455.17379629728487,0,start,1,1,0,26.399686342101802,1,1,0,57.239686342101834,0,true,40.2,5,0,15.9,1.3000000000000114
중앙대,24,AB,0,455.17379629728487,0,start,1,1,0,12.399686342101802,1,1,0,21.239686342101834,0,true,14.2,5,0,16.6,0
중앙대,24,AB,5,455.17379629728487,0,start,1,1,0,19.939686342101822,1,1,0,22.239686342101834,0,true,18.2,5,0,16.6,4.4599999999999795
중앙대,24,AB,10,455.17379629728487,0,start,1,1,0,26.399686342101802,1,1,0,29.239686342101834,0,true,39.2,5,0,16.6,0.30000000000001137
중앙대,24,AB,15,455.17379629728487,0,start,1,1,0,26.399686342101802,1,1,0,57.239686342101834,0,true,40.2,5,0,16.6,1.3000000000000114
중앙대,24,AC,0,455.17379629728487,0,start,1,1,0,12.399686342101802,1,1,0,21.239686342101834,0,true,14.2,5,0,16.3,0
중앙대,24,AC,5,455.17379629728487,0,start,1,1,0,19.939686342101822,1,1,0,22.239686342101834,0,true,18.2,5,0,16.3,4.4599999999999795
중앙대,24,AC,10,455.17379629728487,0,start,1,1,0,26.399686342101802,1,1,0,29.239686342101834,0,true,39.2,5,0,16.3,0.30000000000001137
중앙대,24,AC,15,455.17379629728487,0,start,1,1,0,26.399686342101802,1,1,0,57.239686342101834,0,true,40.2,5,0,16.3,1.3000000000000114
중앙대,24,BC,0,455.17379629728487,0,start,1,1,0,12.399686342101802,1,1,0,21.239686342101834,0,true,14.2,5,0,19.3,0
중앙대,24,BC,5,455.17379629728487,0,start,1,1,0,19.939686342101822,1,1,0,22.239686342101834,0,true,18.2,5,0,19.3,4.4599999999999795
중앙대,24,BC,10,455.17379629728487,0,start,1,1,0,26.399686342101802,1,1,0,29.239686342101834,0,true,39.2,5,0,19.3,0.30000000000001137
중앙대,24,BC,15,455.17379629728487,0,start,1,1,0,26.399686342101802,1,1,0,57.239686342101834,0,true,40.2,5,0,19.3,1.3000000000000114
중앙대,24,ABC,0,455.17379629728487,0,start,1,1,0,12.399686342101802,1,1,0,21.239686342101834,0,true,14.2,5,0,20.1,0
중앙대,24,ABC,5,455.17379629728487,0,start,1,1,0,19.939686342101822,1,1,0,22.239686342101834,0,true,18.2,5,0,20.1,4.4599999999999795
중앙대,24,ABC,10,455.17379629728487,0,start,1,1,0,26.399686342101802,1,1,0,29.239686342101834,0,true,39.2,5,0,20.1,0.30000000000001137
중앙대,24,ABC,15,455.17379629728487,0,start,1,1,0,26.399686342101802,1,1,0,57.239686342101834,0,true,40.2,5,0,20.1,1.3000000000000114
중앙대,25,최단,0,204.646907063869,0,start,1,1,0,11.872797108685944,1,1,0,20.712797108685947,0,true,14.6,5,0,8.3,0
중앙대,25,최단,5,204.646907063869,0,start,1,1,0,14.872797108685944,1,1,0,28.712797108685947,0,true,20.6,5,0,8.3,0
중앙대,25,최단,10,204.646907063869,0,start,1,1,0,34.412797108685936,1,1,0,36.71279710868595,0,true,28.6,5,0,8.3,0.46000000000000796
중앙대,25,최단,15,204.646907063869,0,start,1,1,0,39.872797108685944,1,1,0,58.71279710868595,0,true,53.6,5,0,8.3,1.3000000000000114
중앙대,25,A,0,204.646907063869,0,start,1,1,0,11.872797108685944,1,1,0,20.712797108685947,0,true,14.6,5,0,12.9,0
중앙대,25,A,5,204.646907063869,0,start,1,1,0,14.872797108685944,1,1,0,28.712797108685947,0,true,20.6,5,0,12.9,0
중앙대,25,A,10,204.646907063869,0,start,1,1,0,34.412797108685936,1,1,0,36.71279710868595,0,true,28.6,5,0,12.9,0.46000000000000796
중앙대,25,A,15,204.646907063869,0,start,1,1,0,39.872797108685944,1,1,0,58.71279710868595,0,true,53.6,5,0,12.9,1.3000000000000114
중앙대,25,B,0,204.646907063869,0,start,1,1,0,11.872797108685944,1,1,0,20.712797108685947,0,true,14.6,5,0,12.9,0
중앙대,25,B,5,204.646907063869,0,start,1,1,0,14.872797108685944,1,1,0,28.712797108685947,0,true,20.6,5,0,12.9,0
중앙대,25,B,10,204.646907063869,0,start,1,1,0,34.412797108685936,1,1,0,36.71279710868595,0,true,28.6,5,0,12.9,0.46000000000000796
중앙대,25,B,15,204.646907063869,0,start,1,1,0,39.872797108685944,1,1,0,58.71279710868595,0,true,53.6,5,0,12.9,1.3000000000000114
중앙대,25,C,0,204.646907063869,0,start,1,1,0,11.872797108685944,1,1,0,20.712797108685947,0,true,14.6,5,0,13.4,0
중앙대,25,C,5,204.646907063869,0,start,1,1,0,14.872797108685944,1,1,0,28.712797108685947,0,true,20.6,5,0,13.4,0
중앙대,25,C,10,204.646907063869,0,start,1,1,0,34.412797108685936,1,1,0,36.71279710868595,0,true,28.6,5,0,13.4,0.46000000000000796
중앙대,25,C,15,204.646907063869,0,start,1,1,0,39.872797108685944,1,1,0,58.71279710868595,0,true,53.6,5,0,13.4,1.3000000000000114
중앙대,25,AB,0,204.646907063869,0,start,1,1,0,11.872797108685944,1,1,0,20.712797108685947,0,true,14.6,5,0,13.4,0
중앙대,25,AB,5,204.646907063869,0,start,1,1,0,14.872797108685944,1,1,0,28.712797108685947,0,true,20.6,5,0,13.4,0
중앙대,25,AB,10,204.646907063869,0,start,1,1,0,34.412797108685936,1,1,0,36.71279710868595,0,true,28.6,5,0,13.4,0.46000000000000796
중앙대,25,AB,15,204.646907063869,0,start,1,1,0,39.872797108685944,1,1,0,58.71279710868595,0,true,53.6,5,0,13.4,1.3000000000000114
중앙대,25,AC,0,204.646907063869,0,start,1,1,0,11.872797108685944,1,1,0,20.712797108685947,0,true,14.6,5,0,13.7,0
중앙대,25,AC,5,204.646907063869,0,start,1,1,0,14.872797108685944,1,1,0,28.712797108685947,0,true,20.6,5,0,13.7,0
중앙대,25,AC,10,204.646907063869,0,start,1,1,0,34.412797108685936,1,1,0,36.71279710868595,0,true,28.6,5,0,13.7,0.46000000000000796
중앙대,25,AC,15,204.646907063869,0,start,1,1,0,39.872797108685944,1,1,0,58.71279710868595,0,true,53.6,5,0,13.7,1.3000000000000114
중앙대,25,BC,0,204.646907063869,0,start,1,1,0,11.872797108685944,1,1,0,20.712797108685947,0,true,14.6,5,0,13.4,0
중앙대,25,BC,5,204.646907063869,0,start,1,1,0,14.872797108685944,1,1,0,28.712797108685947,0,true,20.6,5,0,13.4,0
중앙대,25,BC,10,204.646907063869,0,start,1,1,0,34.412797108685936,1,1,0,36.71279710868595,0,true,28.6,5,0,13.4,0.46000000000000796
중앙대,25,BC,15,204.646907063869,0,start,1,1,0,39.872797108685944,1,1,0,58.71279710868595,0,true,53.6,5,0,13.4,1.3000000000000114
중앙대,25,ABC,0,204.646907063869,0,start,1,1,0,11.872797108685944,1,1,0,20.712797108685947,0,true,14.6,5,0,14.3,0
중앙대,25,ABC,5,204.646907063869,0,start,1,1,0,14.872797108685944,1,1,0,28.712797108685947,0,true,20.6,5,0,14.3,0
중앙대,25,ABC,10,204.646907063869,0,start,1,1,0,34.412797108685936,1,1,0,36.71279710868595,0,true,28.6,5,0,14.3,0.46000000000000796
중앙대,25,ABC,15,204.646907063869,0,start,1,1,0,39.872797108685944,1,1,0,58.71279710868595,0,true,53.6,5,0,14.3,1.3000000000000114
중앙대,26,최단,0,122.54949096032156,0,start,1,1,0,11.775381005138527,1,1,0,20.615381005138516,0,true,14.5,5,0,8.3,0
중앙대,26,최단,5,122.54949096032156,0,start,1,1,0,12.775381005138527,1,1,0,24.615381005138516,0,true,24.5,5,0,8.3,0
중앙대,26,최단,10,122.54949096032156,0,start,1,1,0,12.775381005138527,1,1,0,26.615381005138516,0,true,26.5,5,0,8.3,1.2999999999999972
중앙대,26,최단,15,122.54949096032156,0,start,1,1,0,63.755381005138524,1,1,0,33.61538100513852,0,true,27.5,4,0,8.3,0
중앙대,26,A,0,122.54949096032156,0,start,1,1,0,11.775381005138527,1,1,0,20.61538100513853,0,true,14.5,5,0,12.9,0
중앙대,26,A,5,122.54949096032156,0,start,1,1,0,12.775381005138527,1,1,0,24.61538100513853,0,true,24.5,5,0,12.9,0
중앙대,26,A,10,122.54949096032156,0,start,1,1,0,12.775381005138527,1,1,0,26.61538100513853,0,true,26.5,5,0,12.9,1.2999999999999972
중앙대,26,A,15,122.54949096032156,0,start,1,1,0,63.755381005138524,1,1,0,33.61538100513853,0,true,27.5,4,0,12.9,0
중앙대,26,B,0,122.54949096032156,0,start,1,1,0,11.775381005138527,1,1,0,20.61538100513853,0,true,14.5,5,0,12.9,0
중앙대,26,B,5,122.54949096032156,0,start,1,1,0,12.775381005138527,1,1,0,24.61538100513853,0,true,24.5,5,0,12.9,0
중앙대,26,B,10,122.54949096032156,0,start,1,1,0,12.775381005138527,1,1,0,26.61538100513853,0,true,26.5,5,0,12.9,1.2999999999999972
중앙대,26,B,15,122.54949096032156,0,start,1,1,0,63.755381005138524,1,1,0,33.61538100513853,0,true,27.5,4,0,12.9,0
중앙대,26,C,0,122.54949096032156,0,start,1,1,0,11.775381005138527,1,1,0,20.615381005138516,0,true,14.5,5,0,13.4,0
중앙대,26,C,5,122.54949096032156,0,start,1,1,0,12.775381005138527,1,1,0,24.615381005138516,0,true,24.5,5,0,13.4,0
중앙대,26,C,10,122.54949096032156,0,start,1,1,0,12.775381005138527,1,1,0,26.615381005138516,0,true,26.5,5,0,13.4,1.2999999999999972
중앙대,26,C,15,122.54949096032156,0,start,1,1,0,63.755381005138524,1,1,0,33.61538100513852,0,true,27.5,4,0,13.4,0
중앙대,26,AB,0,122.54949096032156,0,start,1,1,0,11.775381005138527,1,1,0,20.615381005138516,0,true,14.5,5,0,13.4,0
중앙대,26,AB,5,122.54949096032156,0,start,1,1,0,12.775381005138527,1,1,0,24.615381005138516,0,true,24.5,5,0,13.4,0
중앙대,26,AB,10,122.54949096032156,0,start,1,1,0,12.775381005138527,1,1,0,26.615381005138516,0,true,26.5,5,0,13.4,1.2999999999999972
중앙대,26,AB,15,122.54949096032156,0,start,1,1,0,63.755381005138524,1,1,0,33.61538100513852,0,true,27.5,4,0,13.4,0
중앙대,26,AC,0,122.54949096032156,0,start,1,1,0,11.775381005138527,1,1,0,20.61538100513853,0,true,14.5,5,0,13.7,0
중앙대,26,AC,5,122.54949096032156,0,start,1,1,0,12.775381005138527,1,1,0,24.61538100513853,0,true,24.5,5,0,13.7,0
중앙대,26,AC,10,122.54949096032156,0,start,1,1,0,12.775381005138527,1,1,0,26.61538100513853,0,true,26.5,5,0,13.7,1.2999999999999972
중앙대,26,AC,15,122.54949096032156,0,start,1,1,0,63.755381005138524,1,1,0,33.61538100513853,0,true,27.5,4,0,13.7,0
중앙대,26,BC,0,122.54949096032156,0,start,1,1,0,11.775381005138527,1,1,0,20.615381005138516,0,true,14.5,5,0,13.4,0
중앙대,26,BC,5,122.54949096032156,0,start,1,1,0,12.775381005138527,1,1,0,24.615381005138516,0,true,24.5,5,0,13.4,0
중앙대,26,BC,10,122.54949096032156,0,start,1,1,0,12.775381005138527,1,1,0,26.615381005138516,0,true,26.5,5,0,13.4,1.2999999999999972
중앙대,26,BC,15,122.54949096032156,0,start,1,1,0,63.755381005138524,1,1,0,33.61538100513852,0,true,27.5,4,0,13.4,0
중앙대,26,ABC,0,122.54949096032156,0,start,1,1,0,11.775381005138527,1,1,0,20.615381005138516,0,true,14.5,5,0,14.3,0
중앙대,26,ABC,5,122.54949096032156,0,start,1,1,0,12.775381005138527,1,1,0,24.615381005138516,0,true,24.5,5,0,14.3,0
중앙대,26,ABC,10,122.54949096032156,0,start,1,1,0,12.775381005138527,1,1,0,26.615381005138516,0,true,26.5,5,0,14.3,1.2999999999999972
중앙대,26,ABC,15,122.54949096032156,0,start,1,1,0,63.755381005138524,1,1,0,33.61538100513852,0,true,27.5,4,0,14.3,0
중앙대,27,최단,0,252.90337775855033,0,start,0,0,0,,2,2,0,26.960000000000008,1,true,14.9,5,0,8.3,0
중앙대,27,최단,5,252.90337775855033,0,start,0,0,0,,2,2,0,28.960000000000008,1,true,14.9,5,0,8.3,0
중앙대,27,최단,10,252.90337775855033,0,start,0,0,0,,2,2,0,36.96000000000001,1,true,24.9,5,0,8.3,0
중앙대,27,최단,15,252.90337775855033,0,start,0,0,0,,2,2,0,67.96000000000001,1,true,51.9,5,0,8.3,0
중앙대,27,A,0,252.90337775855033,0,start,0,0,0,,2,2,0,26.960000000000008,1,true,14.9,5,0,12.9,0
중앙대,27,A,5,252.90337775855033,0,start,0,0,0,,2,2,0,28.960000000000008,1,true,14.9,5,0,12.9,0
중앙대,27,A,10,252.90337775855033,0,start,0,0,0,,2,2,0,36.96000000000001,1,true,24.9,5,0,12.9,0
중앙대,27,A,15,252.90337775855033,0,start,0,0,0,,2,2,0,67.96000000000001,1,true,51.9,5,0,12.9,0
중앙대,27,B,0,291.8277297518506,0,start,1,1,0,11.971357417150415,2,2,0,21.321357417150438,1,true,14.8,7,0,22.8,2.6799999999999997
중앙대,27,B,5,291.8277297518506,0,start,1,1,0,16.971357417150415,2,2,0,33.32135741715044,1,true,14.8,7,0,22.8,2.6799999999999997
중앙대,27,B,10,291.8277297518506,0,start,1,1,0,37.021357417150426,2,2,0,39.32135741715044,1,true,17.8,7,0,22.8,6.949999999999989
중앙대,27,B,15,291.8277297518506,0,start,1,1,0,60.95135741715043,2,2,0,40.32135741715044,1,true,80.8,6,0,22.8,2.6799999999999997
중앙대,27,C,0,263.7531206211855,0,start,2,2,0,12.54675211770359,1,1,0,17.98,1,true,14.8,8,0,15.7,2.6799999999999997
중앙대,27,C,5,263.7531206211855,0,start,2,2,0,16.54675211770359,1,1,0,17.98,1,true,17.8,8,0,15.7,2.6799999999999997
중앙대,27,C,10,263.7531206211855,0,start,2,2,0,22.54675211770359,1,1,0,17.98,1,true,22.8,8,0,15.7,2.6799999999999997
중앙대,27,C,15,263.7531206211855,0,start,2,2,0,32.47559141738719,1,1,0,17.98,1,true,62.8,8,0,15.7,2.6799999999999997
중앙대,27,AB,0,252.90337775855033,0,start,0,0,0,,2,2,0,26.960000000000008,1,true,14.9,5,0,13.4,0
중앙대,27,AB,5,252.90337775855033,0,start,0,0,0,,2,2,0,28.960000000000008,1,true,14.9,5,0,13.4,0
중앙대,27,AB,10,252.90337775855033,0,start,0,0,0,,2,2,0,36.96000000000001,1,true,24.9,5,0,13.4,0
중앙대,27,AB,15,252.90337775855033,0,start,0,0,0,,2,2,0,67.96000000000001,1,true,51.9,5,0,13.4,0
중앙대,27,AC,0,263.7531206211855,0,start,2,2,0,12.54675211770359,1,1,0,17.98,1,true,14.8,8,0,16.1,2.6799999999999997
중앙대,27,AC,5,263.7531206211855,0,start,2,2,0,16.54675211770359,1,1,0,17.98,1,true,17.8,8,0,16.1,2.6799999999999997
중앙대,27,AC,10,263.7531206211855,0,start,2,2,0,22.54675211770359,1,1,0,17.98,1,true,22.8,8,0,16.1,2.6799999999999997
중앙대,27,AC,15,263.7531206211855,0,start,2,2,0,32.47559141738719,1,1,0,17.98,1,true,62.8,8,0,16.1,2.6799999999999997
중앙대,27,BC,0,252.90337775855033,0,start,0,0,0,,2,2,0,26.960000000000008,1,true,14.9,5,0,13.4,0
중앙대,27,BC,5,252.90337775855033,0,start,0,0,0,,2,2,0,28.960000000000008,1,true,14.9,5,0,13.4,0
중앙대,27,BC,10,252.90337775855033,0,start,0,0,0,,2,2,0,36.96000000000001,1,true,24.9,5,0,13.4,0
중앙대,27,BC,15,252.90337775855033,0,start,0,0,0,,2,2,0,67.96000000000001,1,true,51.9,5,0,13.4,0
중앙대,27,ABC,0,252.90337775855033,0,start,0,0,0,,2,2,0,26.960000000000008,1,true,14.9,5,0,14.3,0
중앙대,27,ABC,5,252.90337775855033,0,start,0,0,0,,2,2,0,28.960000000000008,1,true,14.9,5,0,14.3,0
중앙대,27,ABC,10,252.90337775855033,0,start,0,0,0,,2,2,0,36.96000000000001,1,true,24.9,5,0,14.3,0
중앙대,27,ABC,15,252.90337775855033,0,start,0,0,0,,2,2,0,67.96000000000001,1,true,51.9,5,0,14.3,0
중앙대,28,최단,0,470.2141095935271,0,start,2,2,0,12.017902385571233,4,4,0,27.28308217096358,1,true,14.2,11,0,8.3,0
중앙대,28,최단,5,470.2141095935271,0,start,2,2,0,15.017902385571233,4,4,0,33.28676284189325,1,true,8.2,11,0,8.3,0
중앙대,28,최단,10,470.2141095935271,0,start,2,2,0,54.98308217096357,4,4,0,43.28308217096358,1,true,28.2,10,0,8.3,1.3400000000000034
중앙대,28,최단,15,470.2141095935271,2,start,0,0,0,,0,0,0,,1,true,28.2,13,5,8.3,1.3400000000000034
중앙대,28,A,0,470.2141095935271,0,start,2,2,0,12.017902385571233,4,4,0,27.28308217096358,1,true,14.2,11,0,12.9,0
중앙대,28,A,5,470.2141095935271,0,start,2,2,0,15.017902385571233,4,4,0,33.28676284189325,1,true,8.2,11,0,12.9,0
중앙대,28,A,10,470.2141095935271,0,start,2,2,0,54.98308217096357,4,4,0,43.28308217096358,1,true,28.2,10,0,12.9,1.3400000000000034
중앙대,28,A,15,470.2141095935271,2,start,0,0,0,,0,0,0,,1,true,28.2,13,5,12.9,1.3400000000000034
중앙대,28,B,0,470.2141095935271,0,start,2,2,0,12.017902385571233,4,4,0,27.28308217096358,1,true,14.2,11,0,12.9,0
중앙대,28,B,5,470.2141095935271,0,start,2,2,0,15.017902385571233,4,4,0,33.28676284189325,1,true,8.2,11,0,12.9,0
중앙대,28,B,10,470.2141095935271,0,start,2,2,0,54.98308217096357,4,4,0,43.28308217096358,1,true,28.2,10,0,12.9,1.3400000000000034
중앙대,28,B,15,470.2141095935271,2,start,0,0,0,,0,0,0,,1,true,28.2,13,5,12.9,1.3400000000000034
중앙대,28,C,0,470.2141095935271,0,start,2,2,0,12.017902385571233,4,4,0,27.28308217096358,1,true,14.2,11,0,13.4,0
중앙대,28,C,5,470.2141095935271,0,start,2,2,0,15.017902385571233,4,4,0,33.28676284189325,1,true,8.2,11,0,13.4,0
중앙대,28,C,10,470.2141095935271,0,start,2,2,0,54.98308217096357,4,4,0,43.28308217096358,1,true,28.2,10,0,13.4,1.3400000000000034
중앙대,28,C,15,470.2141095935271,2,start,0,0,0,,0,0,0,,1,true,28.2,13,5,13.4,1.3400000000000034
중앙대,28,AB,0,470.2141095935271,0,start,2,2,0,12.017902385571233,4,4,0,27.28308217096358,1,true,14.2,11,0,13.4,0
중앙대,28,AB,5,470.2141095935271,0,start,2,2,0,15.017902385571233,4,4,0,33.28676284189325,1,true,8.2,11,0,13.4,0
중앙대,28,AB,10,470.2141095935271,0,start,2,2,0,54.98308217096357,4,4,0,43.28308217096358,1,true,28.2,10,0,13.4,1.3400000000000034
중앙대,28,AB,15,470.2141095935271,2,start,0,0,0,,0,0,0,,1,true,28.2,13,5,13.4,1.3400000000000034
중앙대,28,AC,0,470.2141095935271,0,start,2,2,0,12.017902385571233,4,4,0,27.28308217096358,1,true,14.2,11,0,13.7,0
중앙대,28,AC,5,470.2141095935271,0,start,2,2,0,15.017902385571233,4,4,0,33.28676284189325,1,true,8.2,11,0,13.7,0
중앙대,28,AC,10,470.2141095935271,0,start,2,2,0,54.98308217096357,4,4,0,43.28308217096358,1,true,28.2,10,0,13.7,1.3400000000000034
중앙대,28,AC,15,470.2141095935271,2,start,0,0,0,,0,0,0,,1,true,28.2,13,5,13.7,1.3400000000000034
중앙대,28,BC,0,470.2141095935271,0,start,2,2,0,12.017902385571233,4,4,0,27.28308217096358,1,true,14.2,11,0,13.4,0
중앙대,28,BC,5,470.2141095935271,0,start,2,2,0,15.017902385571233,4,4,0,33.28676284189325,1,true,8.2,11,0,13.4,0
중앙대,28,BC,10,470.2141095935271,0,start,2,2,0,54.98308217096357,4,4,0,43.28308217096358,1,true,28.2,10,0,13.4,1.3400000000000034
중앙대,28,BC,15,470.2141095935271,2,start,0,0,0,,0,0,0,,1,true,28.2,13,5,13.4,1.3400000000000034
중앙대,28,ABC,0,470.2141095935271,0,start,2,2,0,12.017902385571233,4,4,0,27.28308217096358,1,true,14.2,11,0,14.3,0
중앙대,28,ABC,5,470.2141095935271,0,start,2,2,0,15.017902385571233,4,4,0,33.28676284189325,1,true,8.2,11,0,14.3,0
중앙대,28,ABC,10,470.2141095935271,0,start,2,2,0,54.98308217096357,4,4,0,43.28308217096358,1,true,28.2,10,0,14.3,1.3400000000000034
중앙대,28,ABC,15,470.2141095935271,2,start,0,0,0,,0,0,0,,1,true,28.2,13,5,14.3,1.3400000000000034
중앙대,29,최단,0,496.6296669686365,0,start,2,2,0,11.963727871144002,3,3,0,22.21691548119294,0,true,14.6,9,0,8.3,0
중앙대,29,최단,5,496.6296669686365,0,start,2,2,0,16.963727871144002,3,3,0,22.21691548119294,0,true,17.6,9,0,8.3,0
중앙대,29,최단,10,496.6296669686365,0,start,2,2,0,20.963727871144002,3,3,0,36.00183760911781,0,true,19.6,9,0,8.3,2.3200000000000003
중앙대,29,최단,15,496.6296669686365,0,start,2,2,0,34.963727871144,3,3,0,36.00183760911781,0,true,38.6,9,0,8.3,4.949999999999989
중앙대,29,A,0,496.6296669686365,0,start,2,2,0,11.963727871144002,3,3,0,22.21691548119294,0,true,14.6,9,0,12.9,0
중앙대,29,A,5,496.6296669686365,0,start,2,2,0,16.963727871144002,3,3,0,22.21691548119294,0,true,17.6,9,0,12.9,0
중앙대,29,A,10,496.6296669686365,0,start,2,2,0,20.963727871144002,3,3,0,36.00183760911781,0,true,19.6,9,0,12.9,2.3200000000000003
중앙대,29,A,15,496.6296669686365,0,start,2,2,0,34.963727871144,3,3,0,36.00183760911781,0,true,38.6,9,0,12.9,4.949999999999989
중앙대,29,B,0,606.5223531633873,0,start,4,4,0,12.340783905365242,5,5,0,24.321837609117807,0,true,14.5,15,0,19.8,0
중앙대,29,B,5,606.5223531633873,0,start,4,4,0,16.963727871144002,5,5,0,23.782442397582827,0,true,12.5,15,0,19.8,0
중앙대,29,B,10,606.5223531633873,0,start,4,4,0,20.963727871144002,5,5,0,35.541354645577826,0,true,17.5,15,0,19.8,3
중앙대,29,B,15,606.5223531633873,1,start,2,2,0,77.56135464557781,4,4,0,57.541354645577826,0,true,17.5,13,5,19.8,2.3200000000000003
중앙대,29,C,0,496.6296669686365,0,start,2,2,0,11.963727871144002,3,3,0,22.216915481192956,0,true,14.6,9,0,13.4,0
중앙대,29,C,5,496.6296669686365,0,start,2,2,0,16.963727871144002,3,3,0,22.216915481192956,0,true,17.6,9,0,13.4,0
중앙대,29,C,10,496.6296669686365,0,start,2,2,0,20.963727871144002,3,3,0,36.00183760911781,0,true,19.6,9,0,13.4,2.3200000000000003
중앙대,29,C,15,496.6296669686365,0,start,2,2,0,34.963727871143995,3,3,0,36.00183760911781,0,true,38.6,9,0,13.4,4.949999999999989
중앙대,29,AB,0,606.5223531633873,0,start,4,4,0,12.340783905365242,5,5,0,24.321837609117807,0,true,14.5,15,0,20.3,0
중앙대,29,AB,5,606.5223531633873,0,start,4,4,0,16.963727871144002,5,5,0,23.782442397582827,0,true,12.5,15,0,20.3,0
중앙대,29,AB,10,606.5223531633873,0,start,4,4,0,20.963727871144002,5,5,0,35.541354645577826,0,true,17.5,15,0,20.3,3
중앙대,29,AB,15,606.5223531633873,1,start,2,2,0,77.56135464557781,4,4,0,57.541354645577826,0,true,17.5,13,5,20.3,2.3200000000000003
중앙대,29,AC,0,496.6296669686365,0,start,2,2,0,11.963727871144002,3,3,0,22.21691548119294,0,true,14.6,9,0,13.7,0
중앙대,29,AC,5,496.6296669686365,0,start,2,2,0,16.963727871144002,3,3,0,22.21691548119294,0,true,17.6,9,0,13.7,0
중앙대,29,AC,10,496.6296669686365,0,start,2,2,0,20.963727871144002,3,3,0,36.00183760911781,0,true,19.6,9,0,13.7,2.3200000000000003
중앙대,29,AC,15,496.6296669686365,0,start,2,2,0,34.963727871143995,3,3,0,36.00183760911781,0,true,38.6,9,0,13.7,4.949999999999989
중앙대,29,BC,0,496.6296669686365,0,start,2,2,0,11.963727871144002,3,3,0,22.216915481192956,0,true,14.6,9,0,13.4,0
중앙대,29,BC,5,496.6296669686365,0,start,2,2,0,16.963727871144002,3,3,0,22.216915481192956,0,true,17.6,9,0,13.4,0
중앙대,29,BC,10,496.6296669686365,0,start,2,2,0,20.963727871144002,3,3,0,36.00183760911781,0,true,19.6,9,0,13.4,2.3200000000000003
중앙대,29,BC,15,496.6296669686365,0,start,2,2,0,34.963727871143995,3,3,0,36.00183760911781,0,true,38.6,9,0,13.4,4.949999999999989
중앙대,29,ABC,0,496.6296669686365,0,start,2,2,0,11.963727871144002,3,3,0,22.216915481192956,0,true,14.6,9,0,14.3,0
중앙대,29,ABC,5,496.6296669686365,0,start,2,2,0,16.963727871144002,3,3,0,22.216915481192956,0,true,17.6,9,0,14.3,0
중앙대,29,ABC,10,496.6296669686365,0,start,2,2,0,20.963727871144002,3,3,0,36.00183760911781,0,true,19.6,9,0,14.3,2.3200000000000003
중앙대,29,ABC,15,496.6296669686365,0,start,2,2,0,34.963727871144,3,3,0,36.00183760911781,0,true,38.6,9,0,14.3,4.949999999999989
중앙대,30,최단,0,492.69113002668206,0,start,3,3,0,12.02519092918962,3,3,0,22.278378539238545,1,true,14.7,12,0,8.3,0
중앙대,30,최단,5,492.69113002668206,0,start,3,3,0,19.143300667163423,3,3,0,22.278378539238545,1,true,16.7,11,0,8.3,0.3200000000000003
중앙대,30,최단,10,492.69113002668206,0,start,3,3,0,52.00519092918962,3,3,0,36.383300667163425,1,true,28.7,8,0,8.3,0.9499999999999886
중앙대,30,최단,15,492.69113002668206,0,start,3,3,0,34.25330066716342,3,3,0,36.383300667163425,1,true,28.7,10,0,8.3,1.8900000000000006
중앙대,30,A,0,492.69113002668206,0,start,3,3,0,12.02519092918962,3,3,0,22.278378539238545,1,true,14.7,12,0,12.9,0
중앙대,30,A,5,492.69113002668206,0,start,3,3,0,19.14330066716343,3,3,0,22.278378539238545,1,true,16.7,11,0,12.9,0.3200000000000003
중앙대,30,A,10,492.69113002668206,0,start,3,3,0,52.00519092918962,3,3,0,36.383300667163425,1,true,28.7,8,0,12.9,0.9499999999999886
중앙대,30,A,15,492.69113002668206,0,start,3,3,0,34.25330066716342,3,3,0,36.383300667163425,1,true,28.7,10,0,12.9,1.8900000000000006
중앙대,30,B,0,492.69113002668206,0,start,3,3,0,12.02519092918962,3,3,0,22.278378539238545,1,true,14.7,12,0,12.9,0
중앙대,30,B,5,492.69113002668206,0,start,3,3,0,19.14330066716343,3,3,0,22.278378539238545,1,true,16.7,11,0,12.9,0.3200000000000003
중앙대,30,B,10,492.69113002668206,0,start,3,3,0,52.00519092918962,3,3,0,36.383300667163425,1,true,28.7,8,0,12.9,0.9499999999999886
중앙대,30,B,15,492.69113002668206,0,start,3,3,0,34.25330066716342,3,3,0,36.383300667163425,1,true,28.7,10,0,12.9,1.8900000000000006
중앙대,30,C,0,492.69113002668206,0,start,3,3,0,12.02519092918962,3,3,0,22.278378539238545,1,true,14.7,12,0,13.4,0
중앙대,30,C,5,492.69113002668206,0,start,3,3,0,19.14330066716343,3,3,0,22.278378539238545,1,true,16.7,11,0,13.4,0.3200000000000003
중앙대,30,C,10,492.69113002668206,0,start,3,3,0,52.00519092918962,3,3,0,36.383300667163425,1,true,28.7,8,0,13.4,0.9499999999999886
중앙대,30,C,15,492.69113002668206,0,start,3,3,0,34.25330066716342,3,3,0,36.383300667163425,1,true,28.7,10,0,13.4,1.8900000000000006
중앙대,30,AB,0,492.69113002668206,0,start,3,3,0,12.02519092918962,3,3,0,22.278378539238545,1,true,14.7,12,0,13.4,0
중앙대,30,AB,5,492.69113002668206,0,start,3,3,0,19.14330066716343,3,3,0,22.278378539238545,1,true,16.7,11,0,13.4,0.3200000000000003
중앙대,30,AB,10,492.69113002668206,0,start,3,3,0,52.00519092918962,3,3,0,36.383300667163425,1,true,28.7,8,0,13.4,0.9499999999999886
중앙대,30,AB,15,492.69113002668206,0,start,3,3,0,34.25330066716342,3,3,0,36.383300667163425,1,true,28.7,10,0,13.4,1.8900000000000006
중앙대,30,AC,0,492.69113002668206,0,start,3,3,0,12.02519092918962,3,3,0,22.278378539238545,1,true,14.7,12,0,13.7,0
중앙대,30,AC,5,492.69113002668206,0,start,3,3,0,19.14330066716343,3,3,0,22.278378539238545,1,true,16.7,11,0,13.7,0.3200000000000003
중앙대,30,AC,10,492.69113002668206,0,start,3,3,0,52.00519092918962,3,3,0,36.383300667163425,1,true,28.7,8,0,13.7,0.9499999999999886
중앙대,30,AC,15,492.69113002668206,0,start,3,3,0,34.25330066716342,3,3,0,36.383300667163425,1,true,28.7,10,0,13.7,1.8900000000000006
중앙대,30,BC,0,492.69113002668206,0,start,3,3,0,12.02519092918962,3,3,0,22.278378539238545,1,true,14.7,12,0,13.4,0
중앙대,30,BC,5,492.69113002668206,0,start,3,3,0,19.14330066716343,3,3,0,22.278378539238545,1,true,16.7,11,0,13.4,0.3200000000000003
중앙대,30,BC,10,492.69113002668206,0,start,3,3,0,52.00519092918962,3,3,0,36.383300667163425,1,true,28.7,8,0,13.4,0.9499999999999886
중앙대,30,BC,15,492.69113002668206,0,start,3,3,0,34.25330066716342,3,3,0,36.383300667163425,1,true,28.7,10,0,13.4,1.8900000000000006
중앙대,30,ABC,0,492.69113002668206,0,start,3,3,0,12.02519092918962,3,3,0,22.27837853923856,1,true,14.7,12,0,14.3,0
중앙대,30,ABC,5,492.69113002668206,0,start,3,3,0,19.14330066716343,3,3,0,22.27837853923856,1,true,16.7,11,0,14.3,0.3200000000000003
중앙대,30,ABC,10,492.69113002668206,0,start,3,3,0,52.00519092918962,3,3,0,36.383300667163425,1,true,28.7,8,0,14.3,0.9499999999999886
중앙대,30,ABC,15,492.69113002668206,0,start,3,3,0,34.25330066716342,3,3,0,36.383300667163425,1,true,28.7,10,0,14.3,1.8900000000000006
중앙대,31,최단,0,706.4328067718436,0,start,4,4,0,11.884977412324929,5,5,0,22.020055284400087,1,true,14.4,16,0,8.3,7.57
중앙대,31,최단,5,706.4328067718436,0,start,4,4,0,14.884977412324929,5,5,0,27.48280677184357,1,true,19.4,16,0,8.3,7.57
중앙대,31,최단,10,706.4328067718436,0,start,4,4,0,19.76686767435109,5,5,0,34.12497741232494,1,true,23.4,14,0,8.3,4.890000000000001
중앙대,31,최단,15,706.4328067718436,1,start,1,0,0,,1,0,0,,1,true,35.4,13,1,8.3,4.9500000000000455
중앙대,31,A,0,900.318021960429,0,start,7,7,0,12.125804450370111,11,11,0,27.08580445037012,1,true,14.3,28,0,21.6,7.57
중앙대,31,A,5,900.318021960429,2,start,2,2,0,21.749744905096094,3,3,0,34.33974490509607,1,true,13.3,13,16,21.6,7.57
중앙대,31,A,10,900.318021960429,1,start,2,2,0,53.729744905096084,3,2,0,36.50695064750548,1,true,13.3,9,13,21.6,4.890000000000001
중앙대,31,A,15,900.318021960429,4,start,1,0,0,,1,0,0,,1,true,38.3,12,16,21.6,1.7000000000000028
중앙대,31,B,0,706.4328067718436,0,start,4,4,0,11.884977412324929,5,5,0,22.020055284400087,1,true,14.4,16,0,12.9,7.57
중앙대,31,B,5,706.4328067718436,0,start,4,4,0,14.884977412324929,5,5,0,27.48280677184357,1,true,19.4,16,0,12.9,7.57
중앙대,31,B,10,706.4328067718436,0,start,4,4,0,19.76686767435109,5,5,0,34.12497741232494,1,true,23.4,14,0,12.9,4.890000000000001
중앙대,31,B,15,706.4328067718436,1,start,1,0,0,,1,0,0,,1,true,35.4,13,1,12.9,4.9500000000000455
중앙대,31,C,0,706.4328067718436,0,start,4,4,0,11.884977412324929,5,5,0,22.020055284400087,1,true,14.4,16,0,13.4,7.570000000000002
중앙대,31,C,5,706.4328067718436,0,start,4,4,0,14.884977412324929,5,5,0,27.48280677184357,1,true,19.4,16,0,13.4,7.570000000000002
중앙대,31,C,10,706.4328067718436,0,start,4,4,0,19.76686767435109,5,5,0,34.12497741232494,1,true,23.4,14,0,13.4,4.889999999999999
중앙대,31,C,15,706.4328067718436,1,start,1,0,0,,1,0,0,,1,true,35.4,13,1,13.4,4.9500000000000455
중앙대,31,AB,0,706.4328067718436,0,start,4,4,0,11.884977412324929,5,5,0,22.020055284400087,1,true,14.4,16,0,13.4,7.570000000000002
중앙대,31,AB,5,706.4328067718436,0,start,4,4,0,14.884977412324929,5,5,0,27.48280677184357,1,true,19.4,16,0,13.4,7.570000000000002
중앙대,31,AB,10,706.4328067718436,0,start,4,4,0,19.76686767435109,5,5,0,34.12497741232494,1,true,23.4,14,0,13.4,4.889999999999999
중앙대,31,AB,15,706.4328067718436,1,start,1,0,0,,1,0,0,,1,true,35.4,13,1,13.4,4.9500000000000455
중앙대,31,AC,0,706.4328067718436,0,start,4,4,0,11.884977412324929,5,5,0,22.020055284400087,1,true,14.4,16,0,13.7,7.570000000000002
중앙대,31,AC,5,706.4328067718436,0,start,4,4,0,14.884977412324929,5,5,0,27.48280677184357,1,true,19.4,16,0,13.7,7.570000000000002
중앙대,31,AC,10,706.4328067718436,0,start,4,4,0,19.76686767435109,5,5,0,34.12497741232494,1,true,23.4,14,0,13.7,4.890000000000002
중앙대,31,AC,15,706.4328067718436,1,start,1,0,0,,1,0,0,,1,true,35.4,13,1,13.7,4.9500000000000455
중앙대,31,BC,0,706.4328067718436,0,start,4,4,0,11.884977412324929,5,5,0,22.020055284400087,1,true,14.4,16,0,13.4,7.570000000000002
중앙대,31,BC,5,706.4328067718436,0,start,4,4,0,14.884977412324929,5,5,0,27.48280677184357,1,true,19.4,16,0,13.4,7.570000000000002
중앙대,31,BC,10,706.4328067718436,0,start,4,4,0,19.76686767435109,5,5,0,34.12497741232494,1,true,23.4,14,0,13.4,4.889999999999999
중앙대,31,BC,15,706.4328067718436,1,start,1,0,0,,1,0,0,,1,true,35.4,13,1,13.4,4.9500000000000455
중앙대,31,ABC,0,706.4328067718436,0,start,4,4,0,11.884977412324929,5,5,0,22.020055284400087,1,true,14.4,16,0,14.3,7.570000000000002
중앙대,31,ABC,5,706.4328067718436,0,start,4,4,0,14.884977412324929,5,5,0,27.48280677184357,1,true,19.4,16,0,14.3,7.570000000000002
중앙대,31,ABC,10,706.4328067718436,0,start,4,4,0,19.76686767435109,5,5,0,34.12497741232494,1,true,23.4,14,0,14.3,4.889999999999999
중앙대,31,ABC,15,706.4328067718436,1,start,1,0,0,,1,0,0,,1,true,35.4,13,1,14.3,4.9500000000000455
중앙대,32,최단,0,1299.046423481713,0,start,7,7,0,12.36693252139139,13,13,0,26.661404188059123,1,true,14,30,0,8.5,0
중앙대,32,최단,5,1299.046423481713,0,start,7,7,0,15.624505931952172,13,13,0,26.684726070680597,1,true,23,30,0,8.5,4.399999999999977
중앙대,32,최단,10,1299.046423481713,0,start,7,7,0,28.27231352653007,13,13,0,44.414505931952135,1,true,41,29,0,8.5,2.6800000000000637
중앙대,32,최단,15,1299.046423481713,1,start,0,0,0,,0,0,0,,1,true,43,8,23,8.5,0
중앙대,32,A,0,1446.1139633450057,0,start,11,11,0,12.46838004970482,8,8,0,26.3889440513517,1,true,14.1,33,0,15.6,2.319999999999993
중앙대,32,A,5,1446.1139633450057,0,start,11,11,0,14.434472384684113,8,8,0,26.17985338982271,1,true,16.1,32,0,15.6,4.399999999999977
중앙대,32,A,10,1446.1139633450057,0,start,11,11,0,27.46838004970482,8,8,0,38.52028252835518,1,true,33.1,29,0,15.6,2.339999999999975
중앙대,32,A,15,1446.1139633450057,1,start,0,0,0,,0,0,0,,1,true,46.1,8,24,15.6,0
중앙대,32,B,0,1317.9755495399302,0,start,3,3,0,12.201439584747277,9,9,0,24.52028252835521,1,true,15,18,0,16.3,0
중앙대,32,B,5,1317.9755495399302,0,start,3,3,0,10.83346354456529,9,9,0,26.046582840187767,1,true,20,18,0,16.3,4.399999999999977
중앙대,32,B,10,1317.9755495399302,0,start,3,3,0,38.74143958474724,9,9,0,38.52028252835518,1,true,20,17,0,16.3,3.4600000000000364
중앙대,32,B,15,1317.9755495399302,1,start,0,0,0,,0,0,0,,1,true,59,8,11,16.3,0
중앙대,32,C,0,1472.8443053803248,0,start,8,8,0,12.540509083040206,6,6,0,26.71891121540841,1,true,14.8,25,0,16.3,2.319999999999993
중앙대,32,C,5,1472.8443053803248,0,start,8,8,0,14.758911215408489,6,6,0,26.046582840187767,1,true,30.8,25,0,16.3,4.399999999999977
중앙대,32,C,10,1472.8443053803248,0,start,8,8,0,27.418911215408457,6,6,0,38.52028252835518,1,true,32.8,22,0,16.3,2.339999999999975
중앙대,32,C,15,1472.8443053803248,1,start,0,0,0,,0,0,0,,1,true,38.8,8,17,16.3,0
중앙대,32,AB,0,1558.443684637851,0,start,11,11,0,12.13988834056613,6,6,0,26.7802825283552,1,true,14.4,31,0,19.6,2.319999999999993
중앙대,32,AB,5,1558.443684637851,0,start,11,11,0,12.04819013330507,6,6,0,26.046582840187767,1,true,20.4,31,0,19.6,4.399999999999977
중앙대,32,AB,10,1558.443684637851,0,start,11,11,0,30.850949790635696,6,6,0,39.61892118594733,1,true,22.4,26,0,19.6,2.339999999999975
중앙대,32,AB,15,1558.443684637851,2,start,0,0,0,,0,0,0,,1,true,21.4,9,23,19.6,0
중앙대,32,AC,0,1472.8443053803248,0,start,8,8,0,12.540509083040206,6,6,0,26.71891121540841,1,true,14.8,25,0,19.1,2.319999999999993
중앙대,32,AC,5,1472.8443053803248,0,start,8,8,0,14.758911215408489,6,6,0,26.046582840187767,1,true,30.8,25,0,19.1,4.399999999999977
중앙대,32,AC,10,1472.8443053803248,0,start,8,8,0,27.418911215408457,6,6,0,38.52028252835518,1,true,32.8,22,0,19.1,2.339999999999975
중앙대,32,AC,15,1472.8443053803248,1,start,0,0,0,,0,0,0,,1,true,38.8,8,17,19.1,0
중앙대,32,BC,0,1558.443684637851,0,start,11,11,0,12.13988834056613,6,6,0,26.7802825283552,1,true,14.4,31,0,19.8,2.319999999999993
중앙대,32,BC,5,1558.443684637851,0,start,11,11,0,12.04819013330507,6,6,0,26.046582840187767,1,true,20.4,31,0,19.8,4.399999999999977
중앙대,32,BC,10,1558.443684637851,0,start,11,11,0,30.850949790635696,6,6,0,39.61892118594733,1,true,22.4,26,0,19.8,2.339999999999975
중앙대,32,BC,15,1558.443684637851,6,start,0,0,0,,0,0,0,,1,true,21.4,13,27,19.8,0
중앙대,32,ABC,0,1558.443684637851,0,start,11,11,0,12.13988834056613,6,6,0,26.7802825283552,1,true,14.4,31,0,23.1,2.319999999999993
중앙대,32,ABC,5,1558.443684637851,0,start,11,11,0,12.04819013330507,6,6,0,26.046582840187767,1,true,20.4,31,0,23.1,4.399999999999977
중앙대,32,ABC,10,1558.443684637851,0,start,11,11,0,30.850949790635696,6,6,0,39.61892118594733,1,true,22.4,26,0,23.1,2.339999999999975
중앙대,32,ABC,15,1558.443684637851,2,start,0,0,0,,0,0,0,,1,true,21.4,9,23,23.1,0
중앙대,33,최단,0,207.89620720795597,0,start,0,0,0,,0,0,0,,1,true,14.9,3,0,8.3,0
중앙대,33,최단,5,207.89620720795597,0,start,0,0,0,,0,0,0,,1,true,12.9,3,0,8.3,0
중앙대,33,최단,10,207.89620720795597,0,start,0,0,0,,0,0,0,,1,true,12.9,3,0,8.3,0
중앙대,33,최단,15,207.89620720795597,0,start,0,0,0,,0,0,0,,1,true,12.9,3,0,8.3,0
중앙대,33,A,0,207.89620720795597,0,start,0,0,0,,0,0,0,,1,true,14.9,3,0,12.9,0
중앙대,33,A,5,207.89620720795597,0,start,0,0,0,,0,0,0,,1,true,12.9,3,0,12.9,0
중앙대,33,A,10,207.89620720795597,0,start,0,0,0,,0,0,0,,1,true,12.9,3,0,12.9,0
중앙대,33,A,15,207.89620720795597,0,start,0,0,0,,0,0,0,,1,true,12.9,3,0,12.9,0
중앙대,33,B,0,236.92228226052688,0,start,1,1,0,9.610994779887562,1,1,0,21.415909925826725,1,true,14.9,6,0,19.3,2.9499999999999886
중앙대,33,B,5,236.92228226052688,0,start,1,1,0,17.610994779887562,1,1,0,29.415909925826725,1,true,19.9,6,0,19.3,7.949999999999989
중앙대,33,B,10,236.92228226052688,0,start,1,1,0,62.54099477988757,1,1,0,39.415909925826725,1,true,19.9,4,0,19.3,0
중앙대,33,B,15,236.92228226052688,0,start,1,1,0,68.54099477988757,1,0,0,,1,true,108.9,3,0,19.3,0
중앙대,33,C,0,207.89620720795597,0,start,0,0,0,,0,0,0,,1,true,14.9,3,0,13.4,0
중앙대,33,C,5,207.89620720795597,0,start,0,0,0,,0,0,0,,1,true,12.9,3,0,13.4,0
중앙대,33,C,10,207.89620720795597,0,start,0,0,0,,0,0,0,,1,true,12.9,3,0,13.4,0
중앙대,33,C,15,207.89620720795597,0,start,0,0,0,,0,0,0,,1,true,12.9,3,0,13.4,0
중앙대,33,AB,0,207.89620720795597,0,start,0,0,0,,0,0,0,,1,true,14.9,3,0,13.4,0
중앙대,33,AB,5,207.89620720795597,0,start,0,0,0,,0,0,0,,1,true,12.9,3,0,13.4,0
중앙대,33,AB,10,207.89620720795597,0,start,0,0,0,,0,0,0,,1,true,12.9,3,0,13.4,0
중앙대,33,AB,15,207.89620720795597,0,start,0,0,0,,0,0,0,,1,true,12.9,3,0,13.4,0
중앙대,33,AC,0,207.89620720795597,0,start,0,0,0,,0,0,0,,1,true,14.9,3,0,13.7,0
중앙대,33,AC,5,207.89620720795597,0,start,0,0,0,,0,0,0,,1,true,12.9,3,0,13.7,0
중앙대,33,AC,10,207.89620720795597,0,start,0,0,0,,0,0,0,,1,true,12.9,3,0,13.7,0
중앙대,33,AC,15,207.89620720795597,0,start,0,0,0,,0,0,0,,1,true,12.9,3,0,13.7,0
중앙대,33,BC,0,207.89620720795597,0,start,0,0,0,,0,0,0,,1,true,14.9,3,0,13.4,0
중앙대,33,BC,5,207.89620720795597,0,start,0,0,0,,0,0,0,,1,true,12.9,3,0,13.4,0
중앙대,33,BC,10,207.89620720795597,0,start,0,0,0,,0,0,0,,1,true,12.9,3,0,13.4,0
중앙대,33,BC,15,207.89620720795597,0,start,0,0,0,,0,0,0,,1,true,12.9,3,0,13.4,0
중앙대,33,ABC,0,207.89620720795597,0,start,0,0,0,,0,0,0,,1,true,14.9,3,0,14.3,0
중앙대,33,ABC,5,207.89620720795597,0,start,0,0,0,,0,0,0,,1,true,12.9,3,0,14.3,0
중앙대,33,ABC,10,207.89620720795597,0,start,0,0,0,,0,0,0,,1,true,12.9,3,0,14.3,0
중앙대,33,ABC,15,207.89620720795597,0,start,0,0,0,,0,0,0,,1,true,12.9,3,0,14.3,0
중앙대,34,최단,0,425.28734675163383,0,start,2,2,0,12.09113954367794,4,4,0,27.356319329070317,1,true,14.3,11,0,8.3,0
중앙대,34,최단,5,425.28734675163383,0,start,2,2,0,15.416319329070305,4,4,0,29.36,1,true,11.3,11,0,8.3,0.3400000000000034
중앙대,34,최단,10,425.28734675163383,0,start,2,2,0,35.416319329070305,4,4,0,31.356319329070317,1,true,10.3,10,0,8.3,1.3400000000000034
중앙대,34,최단,15,425.28734675163383,2,start,0,0,0,,0,0,0,,1,true,36.3,9,6,8.3,2.34
중앙대,34,A,0,425.28734675163383,0,start,2,2,0,12.09113954367794,4,4,0,27.356319329070317,1,true,14.3,11,0,12.9,0
중앙대,34,A,5,425.28734675163383,0,start,2,2,0,15.416319329070305,4,4,0,29.36,1,true,11.3,11,0,12.9,0.3400000000000034
중앙대,34,A,10,425.28734675163383,0,start,2,2,0,35.416319329070305,4,4,0,31.356319329070317,1,true,10.3,10,0,12.9,1.3400000000000034
중앙대,34,A,15,425.28734675163383,2,start,0,0,0,,0,0,0,,1,true,36.3,9,6,12.9,2.34
중앙대,34,B,0,425.28734675163383,0,start,2,2,0,12.09113954367794,4,4,0,27.356319329070317,1,true,14.3,11,0,12.9,0
중앙대,34,B,5,425.28734675163383,0,start,2,2,0,15.416319329070305,4,4,0,29.36,1,true,11.3,11,0,12.9,0.3400000000000034
중앙대,34,B,10,425.28734675163383,0,start,2,2,0,35.416319329070305,4,4,0,31.356319329070317,1,true,10.3,10,0,12.9,1.3400000000000034
중앙대,34,B,15,425.28734675163383,31,start,0,0,0,,0,0,0,,1,false,,37,12,12.9,2.34
중앙대,34,C,0,425.28734675163383,0,start,2,2,0,12.09113954367794,4,4,0,27.356319329070317,1,true,14.3,11,0,13.4,0
중앙대,34,C,5,425.28734675163383,0,start,2,2,0,15.416319329070305,4,4,0,29.360000000000007,1,true,11.3,11,0,13.4,0.3399999999999963
중앙대,34,C,10,425.28734675163383,0,start,2,2,0,35.416319329070305,4,4,0,31.356319329070317,1,true,10.3,10,0,13.4,1.3399999999999963
중앙대,34,C,15,425.28734675163383,2,start,0,0,0,,0,0,0,,1,true,36.3,9,6,13.4,2.3400000000000016
중앙대,34,AB,0,425.28734675163383,0,start,2,2,0,12.09113954367794,4,4,0,27.356319329070317,1,true,14.3,11,0,13.4,0
중앙대,34,AB,5,425.28734675163383,0,start,2,2,0,15.416319329070305,4,4,0,29.360000000000007,1,true,11.3,11,0,13.4,0.3399999999999963
중앙대,34,AB,10,425.28734675163383,0,start,2,2,0,35.416319329070305,4,4,0,31.356319329070317,1,true,10.3,10,0,13.4,1.3399999999999963
중앙대,34,AB,15,425.28734675163383,2,start,0,0,0,,0,0,0,,1,true,36.3,9,6,13.4,2.3400000000000016
중앙대,34,AC,0,425.28734675163383,0,start,2,2,0,12.09113954367794,4,4,0,27.356319329070317,1,true,14.3,11,0,13.7,0
중앙대,34,AC,5,425.28734675163383,0,start,2,2,0,15.416319329070305,4,4,0,29.360000000000007,1,true,11.3,11,0,13.7,0.3399999999999963
중앙대,34,AC,10,425.28734675163383,0,start,2,2,0,35.416319329070305,4,4,0,31.356319329070317,1,true,10.3,10,0,13.7,1.3399999999999963
중앙대,34,AC,15,425.28734675163383,2,start,0,0,0,,0,0,0,,1,true,36.3,9,6,13.7,2.339999999999998
중앙대,34,BC,0,425.28734675163383,0,start,2,2,0,12.09113954367794,4,4,0,27.356319329070317,1,true,14.3,11,0,13.4,0
중앙대,34,BC,5,425.28734675163383,0,start,2,2,0,15.416319329070305,4,4,0,29.360000000000007,1,true,11.3,11,0,13.4,0.3399999999999963
중앙대,34,BC,10,425.28734675163383,0,start,2,2,0,35.416319329070305,4,4,0,31.356319329070317,1,true,10.3,10,0,13.4,1.3399999999999963
중앙대,34,BC,15,425.28734675163383,2,start,0,0,0,,0,0,0,,1,true,36.3,9,6,13.4,2.3400000000000016
중앙대,34,ABC,0,425.28734675163383,0,start,2,2,0,12.09113954367794,4,4,0,27.356319329070317,1,true,14.3,11,0,14.3,0
중앙대,34,ABC,5,425.28734675163383,0,start,2,2,0,15.416319329070305,4,4,0,29.36,1,true,11.3,11,0,14.3,0.3400000000000034
중앙대,34,ABC,10,425.28734675163383,0,start,2,2,0,35.416319329070305,4,4,0,31.356319329070317,1,true,10.3,10,0,14.3,1.3400000000000034
중앙대,34,ABC,15,425.28734675163383,2,start,0,0,0,,0,0,0,,1,true,36.3,9,6,14.3,2.34
중앙대,35,최단,0,356.18275148744357,0,start,1,1,0,11.695526916389838,1,1,0,21.23275148744358,1,true,14.2,6,0,8.3,0
중앙대,35,최단,5,356.18275148744357,0,start,1,1,0,21.695526916389838,1,1,0,27.23275148744358,1,true,15.2,6,0,8.3,0
중앙대,35,최단,10,356.18275148744357,0,start,1,1,0,24.695526916389838,1,1,0,31.23275148744358,1,true,16.2,6,0,8.3,0
중앙대,35,최단,15,356.18275148744357,0,start,1,1,0,24.695526916389838,1,1,0,49.23275148744358,1,true,35.2,6,0,8.3,0
중앙대,35,A,0,356.18275148744357,0,start,1,1,0,11.695526916389838,1,1,0,21.23275148744358,1,true,14.2,6,0,12.9,0
중앙대,35,A,5,356.18275148744357,0,start,1,1,0,21.695526916389838,1,1,0,27.23275148744358,1,true,15.2,6,0,12.9,0
중앙대,35,A,10,356.18275148744357,0,start,1,1,0,24.695526916389838,1,1,0,31.23275148744358,1,true,16.2,6,0,12.9,0
중앙대,35,A,15,356.18275148744357,0,start,1,1,0,24.695526916389838,1,1,0,49.23275148744358,1,true,35.2,6,0,12.9,0
중앙대,35,B,0,356.18275148744357,0,start,1,1,0,11.695526916389838,1,1,0,21.23275148744358,1,true,14.2,6,0,12.9,0
중앙대,35,B,5,356.18275148744357,0,start,1,1,0,21.695526916389838,1,1,0,27.23275148744358,1,true,15.2,6,0,12.9,0
중앙대,35,B,10,356.18275148744357,0,start,1,1,0,24.695526916389838,1,1,0,31.23275148744358,1,true,16.2,6,0,12.9,0
중앙대,35,B,15,356.18275148744357,0,start,1,1,0,24.695526916389838,1,1,0,49.23275148744358,1,true,35.2,6,0,12.9,0
중앙대,35,C,0,356.18275148744357,0,start,1,1,0,11.695526916389838,1,1,0,21.23275148744358,1,true,14.2,6,0,13.4,0
중앙대,35,C,5,356.18275148744357,0,start,1,1,0,21.695526916389838,1,1,0,27.23275148744358,1,true,15.2,6,0,13.4,0
중앙대,35,C,10,356.18275148744357,0,start,1,1,0,24.695526916389838,1,1,0,31.23275148744358,1,true,16.2,6,0,13.4,0
중앙대,35,C,15,356.18275148744357,0,start,1,1,0,24.695526916389838,1,1,0,49.23275148744358,1,true,35.2,6,0,13.4,0
중앙대,35,AB,0,356.18275148744357,0,start,1,1,0,11.695526916389838,1,1,0,21.23275148744358,1,true,14.2,6,0,13.4,0
중앙대,35,AB,5,356.18275148744357,0,start,1,1,0,21.695526916389838,1,1,0,27.23275148744358,1,true,15.2,6,0,13.4,0
중앙대,35,AB,10,356.18275148744357,0,start,1,1,0,24.695526916389838,1,1,0,31.23275148744358,1,true,16.2,6,0,13.4,0
중앙대,35,AB,15,356.18275148744357,0,start,1,1,0,24.695526916389838,1,1,0,49.23275148744358,1,true,35.2,6,0,13.4,0
중앙대,35,AC,0,356.18275148744357,0,start,1,1,0,11.695526916389838,1,1,0,21.23275148744358,1,true,14.2,6,0,13.7,0
중앙대,35,AC,5,356.18275148744357,0,start,1,1,0,21.695526916389838,1,1,0,27.23275148744358,1,true,15.2,6,0,13.7,0
중앙대,35,AC,10,356.18275148744357,0,start,1,1,0,24.695526916389838,1,1,0,31.23275148744358,1,true,16.2,6,0,13.7,0
중앙대,35,AC,15,356.18275148744357,0,start,1,1,0,24.695526916389838,1,1,0,49.23275148744358,1,true,35.2,6,0,13.7,0
중앙대,35,BC,0,356.18275148744357,0,start,1,1,0,11.695526916389838,1,1,0,21.23275148744358,1,true,14.2,6,0,13.4,0
중앙대,35,BC,5,356.18275148744357,0,start,1,1,0,21.695526916389838,1,1,0,27.23275148744358,1,true,15.2,6,0,13.4,0
중앙대,35,BC,10,356.18275148744357,0,start,1,1,0,24.695526916389838,1,1,0,31.23275148744358,1,true,16.2,6,0,13.4,0
중앙대,35,BC,15,356.18275148744357,0,start,1,1,0,24.695526916389838,1,1,0,49.23275148744358,1,true,35.2,6,0,13.4,0
중앙대,35,ABC,0,356.18275148744357,0,start,1,1,0,11.695526916389838,1,1,0,21.23275148744358,1,true,14.2,6,0,14.3,0
중앙대,35,ABC,5,356.18275148744357,0,start,1,1,0,21.695526916389838,1,1,0,27.23275148744358,1,true,15.2,6,0,14.3,0
중앙대,35,ABC,10,356.18275148744357,0,start,1,1,0,24.695526916389838,1,1,0,31.23275148744358,1,true,16.2,6,0,14.3,0
중앙대,35,ABC,15,356.18275148744357,0,start,1,1,0,24.695526916389838,1,1,0,49.23275148744358,1,true,35.2,6,0,14.3,0
중앙대,36,최단,0,320.7361439930583,0,start,1,1,0,11.248919422004633,1,1,0,21.786143993058317,1,true,14.7,6,0,8.3,0
중앙대,36,최단,5,320.7361439930583,0,start,1,1,0,14.248919422004633,1,1,0,18.786143993058317,1,true,13.7,6,0,8.3,0
중앙대,36,최단,10,320.7361439930583,0,start,1,1,0,24.248919422004633,1,1,0,27.786143993058317,1,true,13.7,6,0,8.3,0
중앙대,36,최단,15,320.7361439930583,0,start,1,1,0,33.24891942200463,1,1,0,27.786143993058317,1,true,13.7,6,0,8.3,0
중앙대,36,A,0,320.7361439930583,0,start,1,1,0,11.248919422004633,1,1,0,21.786143993058317,1,true,14.7,6,0,12.9,0
중앙대,36,A,5,320.7361439930583,0,start,1,1,0,14.248919422004633,1,1,0,18.786143993058317,1,true,13.7,6,0,12.9,0
중앙대,36,A,10,320.7361439930583,0,start,1,1,0,24.248919422004633,1,1,0,27.786143993058317,1,true,13.7,6,0,12.9,0
중앙대,36,A,15,320.7361439930583,0,start,1,1,0,33.24891942200463,1,1,0,27.786143993058317,1,true,13.7,6,0,12.9,0
중앙대,36,B,0,320.7361439930583,0,start,1,1,0,11.248919422004633,1,1,0,21.786143993058317,1,true,14.7,6,0,12.9,0
중앙대,36,B,5,320.7361439930583,0,start,1,1,0,14.248919422004633,1,1,0,18.786143993058317,1,true,13.7,6,0,12.9,0
중앙대,36,B,10,320.7361439930583,0,start,1,1,0,24.248919422004633,1,1,0,27.786143993058317,1,true,13.7,6,0,12.9,0
중앙대,36,B,15,320.7361439930583,0,start,1,1,0,33.24891942200463,1,1,0,27.786143993058317,1,true,13.7,6,0,12.9,0
중앙대,36,C,0,320.7361439930583,0,start,1,1,0,11.248919422004633,1,1,0,21.786143993058317,1,true,14.7,6,0,13.4,0
중앙대,36,C,5,320.7361439930583,0,start,1,1,0,14.248919422004633,1,1,0,18.786143993058317,1,true,13.7,6,0,13.4,0
중앙대,36,C,10,320.7361439930583,0,start,1,1,0,24.248919422004633,1,1,0,27.786143993058317,1,true,13.7,6,0,13.4,0
중앙대,36,C,15,320.7361439930583,0,start,1,1,0,33.24891942200463,1,1,0,27.786143993058317,1,true,13.7,6,0,13.4,0
중앙대,36,AB,0,320.7361439930583,0,start,1,1,0,11.248919422004633,1,1,0,21.786143993058317,1,true,14.7,6,0,13.4,0
중앙대,36,AB,5,320.7361439930583,0,start,1,1,0,14.248919422004633,1,1,0,18.786143993058317,1,true,13.7,6,0,13.4,0
중앙대,36,AB,10,320.7361439930583,0,start,1,1,0,24.248919422004633,1,1,0,27.786143993058317,1,true,13.7,6,0,13.4,0
중앙대,36,AB,15,320.7361439930583,0,start,1,1,0,33.24891942200463,1,1,0,27.786143993058317,1,true,13.7,6,0,13.4,0
중앙대,36,AC,0,320.7361439930583,0,start,1,1,0,11.248919422004633,1,1,0,21.786143993058317,1,true,14.7,6,0,13.7,0
중앙대,36,AC,5,320.7361439930583,0,start,1,1,0,14.248919422004633,1,1,0,18.786143993058317,1,true,13.7,6,0,13.7,0
중앙대,36,AC,10,320.7361439930583,0,start,1,1,0,24.248919422004633,1,1,0,27.786143993058317,1,true,13.7,6,0,13.7,0
중앙대,36,AC,15,320.7361439930583,0,start,1,1,0,33.24891942200463,1,1,0,27.786143993058317,1,true,13.7,6,0,13.7,0
중앙대,36,BC,0,320.7361439930583,0,start,1,1,0,11.248919422004633,1,1,0,21.786143993058317,1,true,14.7,6,0,13.4,0
중앙대,36,BC,5,320.7361439930583,0,start,1,1,0,14.248919422004633,1,1,0,18.786143993058317,1,true,13.7,6,0,13.4,0
중앙대,36,BC,10,320.7361439930583,0,start,1,1,0,24.248919422004633,1,1,0,27.786143993058317,1,true,13.7,6,0,13.4,0
중앙대,36,BC,15,320.7361439930583,0,start,1,1,0,33.24891942200463,1,1,0,27.786143993058317,1,true,13.7,6,0,13.4,0
중앙대,36,ABC,0,320.7361439930583,0,start,1,1,0,11.248919422004633,1,1,0,21.786143993058317,1,true,14.7,6,0,14.3,0
중앙대,36,ABC,5,320.7361439930583,0,start,1,1,0,14.248919422004633,1,1,0,18.786143993058317,1,true,13.7,6,0,14.3,0
중앙대,36,ABC,10,320.7361439930583,0,start,1,1,0,24.248919422004633,1,1,0,27.786143993058317,1,true,13.7,6,0,14.3,0
중앙대,36,ABC,15,320.7361439930583,0,start,1,1,0,33.24891942200463,1,1,0,27.786143993058317,1,true,13.7,6,0,14.3,0
중앙대,37,최단,0,898.1697949152127,0,start,2,2,0,12.395684960029712,4,4,0,27.459999999999923,1,true,14.2,11,0,8.3,0
중앙대,37,최단,5,898.1697949152127,0,start,2,2,0,16.2228878513439,4,4,0,33.45999999999995,1,true,29.2,11,0,8.3,1.32000000000005
중앙대,37,최단,10,898.1697949152127,0,start,2,2,0,48.375684960029616,4,4,0,36.45999999999992,1,true,30.2,9,0,8.3,0
중앙대,37,최단,15,898.1697949152127,0,start,2,2,0,61.88288785134387,4,4,0,49.45999999999992,1,true,34.2,10,0,8.3,3.4600000000000364
중앙대,37,A,0,898.1697949152127,0,start,2,2,0,12.395684960029712,4,4,0,27.459999999999923,1,true,14.2,11,0,12.9,0
중앙대,37,A,5,898.1697949152127,0,start,2,2,0,16.2228878513439,4,4,0,33.45999999999995,1,true,29.2,11,0,12.9,1.32000000000005
중앙대,37,A,10,898.1697949152127,0,start,2,2,0,48.375684960029616,4,4,0,36.45999999999992,1,true,30.2,9,0,12.9,0
중앙대,37,A,15,898.1697949152127,0,start,2,2,0,61.88288785134387,4,4,0,49.45999999999992,1,true,34.2,10,0,12.9,3.4600000000000364
중앙대,37,B,0,898.1697949152127,0,start,2,2,0,12.395684960029712,4,4,0,27.459999999999923,1,true,14.2,11,0,12.9,0
중앙대,37,B,5,898.1697949152127,0,start,2,2,0,16.2228878513439,4,4,0,33.45999999999995,1,true,29.2,11,0,12.9,1.32000000000005
중앙대,37,B,10,898.1697949152127,0,start,2,2,0,48.375684960029616,4,4,0,36.45999999999992,1,true,30.2,9,0,12.9,0
중앙대,37,B,15,898.1697949152127,0,start,2,2,0,61.88288785134387,4,4,0,49.45999999999992,1,true,34.2,10,0,12.9,3.4600000000000364
중앙대,37,C,0,898.1697949152127,0,start,2,2,0,12.395684960029712,4,4,0,27.459999999999923,1,true,14.2,11,0,13.4,0
중앙대,37,C,5,898.1697949152127,0,start,2,2,0,16.2228878513439,4,4,0,33.45999999999995,1,true,29.2,11,0,13.4,1.32000000000005
중앙대,37,C,10,898.1697949152127,0,start,2,2,0,48.375684960029616,4,4,0,36.45999999999992,1,true,30.2,9,0,13.4,0
중앙대,37,C,15,898.1697949152127,0,start,2,2,0,61.88288785134387,4,4,0,49.45999999999992,1,true,34.2,10,0,13.4,3.4600000000000364
중앙대,37,AB,0,898.1697949152127,0,start,2,2,0,12.395684960029712,4,4,0,27.459999999999923,1,true,14.2,11,0,13.4,0
중앙대,37,AB,5,898.1697949152127,0,start,2,2,0,16.2228878513439,4,4,0,33.45999999999995,1,true,29.2,11,0,13.4,1.32000000000005
중앙대,37,AB,10,898.1697949152127,0,start,2,2,0,48.375684960029616,4,4,0,36.45999999999992,1,true,30.2,9,0,13.4,0
중앙대,37,AB,15,898.1697949152127,0,start,2,2,0,61.88288785134387,4,4,0,49.45999999999992,1,true,34.2,10,0,13.4,3.4600000000000364
중앙대,37,AC,0,898.1697949152127,0,start,2,2,0,12.395684960029712,4,4,0,27.459999999999923,1,true,14.2,11,0,13.7,0
중앙대,37,AC,5,898.1697949152127,0,start,2,2,0,16.2228878513439,4,4,0,33.45999999999995,1,true,29.2,11,0,13.7,1.32000000000005
중앙대,37,AC,10,898.1697949152127,0,start,2,2,0,48.375684960029616,4,4,0,36.45999999999992,1,true,30.2,9,0,13.7,0
중앙대,37,AC,15,898.1697949152127,0,start,2,2,0,61.88288785134387,4,4,0,49.45999999999992,1,true,34.2,10,0,13.7,3.4600000000000364
중앙대,37,BC,0,898.1697949152127,0,start,2,2,0,12.395684960029712,4,4,0,27.459999999999923,1,true,14.2,11,0,13.4,0
중앙대,37,BC,5,898.1697949152127,0,start,2,2,0,16.2228878513439,4,4,0,33.45999999999995,1,true,29.2,11,0,13.4,1.32000000000005
중앙대,37,BC,10,898.1697949152127,0,start,2,2,0,48.375684960029616,4,4,0,36.45999999999992,1,true,30.2,9,0,13.4,0
중앙대,37,BC,15,898.1697949152127,0,start,2,2,0,61.88288785134387,4,4,0,49.45999999999992,1,true,34.2,10,0,13.4,3.4600000000000364
중앙대,37,ABC,0,898.1697949152127,0,start,2,2,0,12.395684960029712,4,4,0,27.459999999999923,1,true,14.2,11,0,14.3,0
중앙대,37,ABC,5,898.1697949152127,0,start,2,2,0,16.2228878513439,4,4,0,33.45999999999995,1,true,29.2,11,0,14.3,1.32000000000005
중앙대,37,ABC,10,898.1697949152127,0,start,2,2,0,48.375684960029616,4,4,0,36.45999999999992,1,true,30.2,9,0,14.3,0
중앙대,37,ABC,15,898.1697949152127,0,start,2,2,0,61.88288785134387,4,4,0,49.45999999999992,1,true,34.2,10,0,14.3,3.4600000000000364
중앙대,38,최단,0,54.06128748063932,0,start,0,0,0,,0,0,0,,1,true,14.1,3,0,8.3,0
중앙대,38,최단,5,54.06128748063932,0,start,0,0,0,,0,0,0,,1,true,19.1,3,0,8.3,0
중앙대,38,최단,10,54.06128748063932,0,start,0,0,0,,0,0,0,,1,true,21.1,3,0,8.3,0
중앙대,38,최단,15,54.06128748063932,0,start,0,0,0,,0,0,0,,1,true,22.1,3,0,8.3,0
중앙대,38,A,0,54.06128748063932,0,start,0,0,0,,0,0,0,,1,true,14.1,3,0,12.9,0
중앙대,38,A,5,54.06128748063932,0,start,0,0,0,,0,0,0,,1,true,19.1,3,0,12.9,0
중앙대,38,A,10,54.06128748063932,0,start,0,0,0,,0,0,0,,1,true,21.1,3,0,12.9,0
중앙대,38,A,15,54.06128748063932,0,start,0,0,0,,0,0,0,,1,true,22.1,3,0,12.9,0
중앙대,38,B,0,54.06128748063932,0,start,0,0,0,,0,0,0,,1,true,14.1,3,0,12.9,0
중앙대,38,B,5,54.06128748063932,0,start,0,0,0,,0,0,0,,1,true,19.1,3,0,12.9,0
중앙대,38,B,10,54.06128748063932,0,start,0,0,0,,0,0,0,,1,true,21.1,3,0,12.9,0
중앙대,38,B,15,54.06128748063932,0,start,0,0,0,,0,0,0,,1,true,22.1,3,0,12.9,0
중앙대,38,C,0,54.06128748063932,0,start,0,0,0,,0,0,0,,1,true,14.1,3,0,13.4,0
중앙대,38,C,5,54.06128748063932,0,start,0,0,0,,0,0,0,,1,true,19.1,3,0,13.4,0
중앙대,38,C,10,54.06128748063932,0,start,0,0,0,,0,0,0,,1,true,21.1,3,0,13.4,0
중앙대,38,C,15,54.06128748063932,0,start,0,0,0,,0,0,0,,1,true,22.1,3,0,13.4,0
중앙대,38,AB,0,54.06128748063932,0,start,0,0,0,,0,0,0,,1,true,14.1,3,0,13.4,0
중앙대,38,AB,5,54.06128748063932,0,start,0,0,0,,0,0,0,,1,true,19.1,3,0,13.4,0
중앙대,38,AB,10,54.06128748063932,0,start,0,0,0,,0,0,0,,1,true,21.1,3,0,13.4,0
중앙대,38,AB,15,54.06128748063932,0,start,0,0,0,,0,0,0,,1,true,22.1,3,0,13.4,0
중앙대,38,AC,0,54.06128748063932,0,start,0,0,0,,0,0,0,,1,true,14.1,3,0,13.7,0
중앙대,38,AC,5,54.06128748063932,0,start,0,0,0,,0,0,0,,1,true,19.1,3,0,13.7,0
중앙대,38,AC,10,54.06128748063932,0,start,0,0,0,,0,0,0,,1,true,21.1,3,0,13.7,0
중앙대,38,AC,15,54.06128748063932,0,start,0,0,0,,0,0,0,,1,true,22.1,3,0,13.7,0
중앙대,38,BC,0,54.06128748063932,0,start,0,0,0,,0,0,0,,1,true,14.1,3,0,13.4,0
중앙대,38,BC,5,54.06128748063932,0,start,0,0,0,,0,0,0,,1,true,19.1,3,0,13.4,0
중앙대,38,BC,10,54.06128748063932,0,start,0,0,0,,0,0,0,,1,true,21.1,3,0,13.4,0
중앙대,38,BC,15,54.06128748063932,0,start,0,0,0,,0,0,0,,1,true,22.1,3,0,13.4,0
중앙대,38,ABC,0,54.06128748063932,0,start,0,0,0,,0,0,0,,1,true,14.1,3,0,14.3,0
중앙대,38,ABC,5,54.06128748063932,0,start,0,0,0,,0,0,0,,1,true,19.1,3,0,14.3,0
중앙대,38,ABC,10,54.06128748063932,0,start,0,0,0,,0,0,0,,1,true,21.1,3,0,14.3,0
중앙대,38,ABC,15,54.06128748063932,0,start,0,0,0,,0,0,0,,1,true,22.1,3,0,14.3,0
중앙대,39,최단,0,156.64099851780952,0,start,2,2,0,12.459429259787399,2,2,0,26.66,0,true,14.6,8,0,8.3,0
중앙대,39,최단,5,156.64099851780952,0,start,2,2,0,18.4594292597874,2,2,0,30.690998517809533,0,true,16.6,8,0,8.3,0
중앙대,39,최단,10,156.64099851780952,0,start,2,2,0,26.4594292597874,2,2,0,40.69099851780952,0,true,33.6,8,0,8.3,4
중앙대,39,최단,15,156.64099851780952,1,start,0,0,0,,0,0,0,,0,true,48.6,10,1,8.3,6.269999999999996
중앙대,39,A,0,156.64099851780952,0,start,2,2,0,12.459429259787399,2,2,0,26.66,0,true,14.6,8,0,12.9,0
중앙대,39,A,5,156.64099851780952,0,start,2,2,0,18.4594292597874,2,2,0,30.690998517809533,0,true,16.6,8,0,12.9,0
중앙대,39,A,10,156.64099851780952,0,start,2,2,0,26.4594292597874,2,2,0,40.69099851780952,0,true,33.6,8,0,12.9,4
중앙대,39,A,15,156.64099851780952,1,start,0,0,0,,0,0,0,,0,true,48.6,10,1,12.9,6.270000000000003
중앙대,39,B,0,156.64099851780952,0,start,2,2,0,12.459429259787399,2,2,0,26.66,0,true,14.6,8,0,12.9,0
중앙대,39,B,5,156.64099851780952,0,start,2,2,0,18.4594292597874,2,2,0,30.690998517809533,0,true,16.6,8,0,12.9,0
중앙대,39,B,10,156.64099851780952,0,start,2,2,0,26.4594292597874,2,2,0,40.69099851780952,0,true,33.6,8,0,12.9,4
중앙대,39,B,15,156.64099851780952,1,start,0,0,0,,0,0,0,,0,true,48.6,10,1,12.9,6.270000000000003
중앙대,39,C,0,180.35308698713936,0,start,3,3,0,12.293535877595119,1,1,0,21.403086987139375,0,true,14.4,9,0,15.7,0
중앙대,39,C,5,180.35308698713936,0,start,3,3,0,11.171517729117241,1,1,0,18.403086987139375,0,true,10.4,9,0,15.7,0
중앙대,39,C,10,180.35308698713936,0,start,3,3,0,20.67768614462979,1,1,0,22.403086987139375,0,true,7.4,9,0,15.7,3.1499999999999986
중앙대,39,C,15,180.35308698713936,0,start,3,3,0,25.29353587759512,1,1,0,64.40308698713937,0,true,19.4,9,0,15.7,3.469999999999999
중앙대,39,AB,0,156.64099851780952,0,start,2,2,0,12.459429259787399,2,2,0,26.659999999999997,0,true,14.6,8,0,13.4,0
중앙대,39,AB,5,156.64099851780952,0,start,2,2,0,18.4594292597874,2,2,0,30.690998517809533,0,true,16.6,8,0,13.4,0
중앙대,39,AB,10,156.64099851780952,0,start,2,2,0,26.4594292597874,2,2,0,40.69099851780953,0,true,33.6,8,0,13.4,4
중앙대,39,AB,15,156.64099851780952,1,start,0,0,0,,0,0,0,,0,true,48.6,10,1,13.4,6.270000000000003
중앙대,39,AC,0,180.35308698713936,0,start,3,3,0,12.293535877595119,1,1,0,21.403086987139375,0,true,14.4,9,0,16.1,0
중앙대,39,AC,5,180.35308698713936,0,start,3,3,0,11.171517729117241,1,1,0,18.403086987139375,0,true,10.4,9,0,16.1,0
중앙대,39,AC,10,180.35308698713936,0,start,3,3,0,20.67768614462979,1,1,0,22.403086987139375,0,true,7.4,9,0,16.1,3.1499999999999986
중앙대,39,AC,15,180.35308698713936,0,start,3,3,0,25.29353587759512,1,1,0,64.40308698713936,0,true,19.4,9,0,16.1,3.469999999999999
중앙대,39,BC,0,180.35308698713936,0,start,3,3,0,12.293535877595119,1,1,0,21.403086987139375,0,true,14.4,9,0,15.7,0
중앙대,39,BC,5,180.35308698713936,0,start,3,3,0,11.171517729117241,1,1,0,18.403086987139375,0,true,10.4,9,0,15.7,0
중앙대,39,BC,10,180.35308698713936,0,start,3,3,0,20.67768614462979,1,1,0,22.403086987139375,0,true,7.4,9,0,15.7,3.1499999999999986
중앙대,39,BC,15,180.35308698713936,0,start,3,3,0,25.29353587759512,1,1,0,64.40308698713937,0,true,19.4,9,0,15.7,3.469999999999999
중앙대,39,ABC,0,180.35308698713936,0,start,3,3,0,12.293535877595119,1,1,0,21.403086987139375,0,true,14.4,9,0,16.6,0
중앙대,39,ABC,5,180.35308698713936,0,start,3,3,0,11.171517729117241,1,1,0,18.403086987139375,0,true,10.4,9,0,16.6,0
중앙대,39,ABC,10,180.35308698713936,0,start,3,3,0,20.67768614462979,1,1,0,22.403086987139375,0,true,7.4,9,0,16.6,3.1499999999999986
중앙대,39,ABC,15,180.35308698713936,0,start,3,3,0,25.29353587759512,1,1,0,64.40308698713937,0,true,19.4,9,0,16.6,3.469999999999999
중앙대,40,최단,0,232.5072245710537,0,start,0,0,0,,1,1,0,21.557224571053723,1,true,14.5,4,0,8.3,0
중앙대,40,최단,5,232.5072245710537,0,start,0,0,0,,1,1,0,21.557224571053723,1,true,18.5,4,0,8.3,0
중앙대,40,최단,10,232.5072245710537,0,start,0,0,0,,1,1,0,34.55722457105372,1,true,25.5,4,0,8.3,0
중앙대,40,최단,15,232.5072245710537,0,start,0,0,0,,1,1,0,34.55722457105372,1,true,26.5,4,0,8.3,0
중앙대,40,A,0,232.5072245710537,0,start,0,0,0,,1,1,0,21.557224571053723,1,true,14.5,4,0,12.9,0
중앙대,40,A,5,232.5072245710537,0,start,0,0,0,,1,1,0,21.557224571053723,1,true,18.5,4,0,12.9,0
중앙대,40,A,10,232.5072245710537,0,start,0,0,0,,1,1,0,34.55722457105372,1,true,25.5,4,0,12.9,0
중앙대,40,A,15,232.5072245710537,0,start,0,0,0,,1,1,0,34.55722457105372,1,true,26.5,4,0,12.9,0
중앙대,40,B,0,232.5072245710537,0,start,0,0,0,,1,1,0,21.557224571053723,1,true,14.5,4,0,12.9,0
중앙대,40,B,5,232.5072245710537,0,start,0,0,0,,1,1,0,21.557224571053723,1,true,18.5,4,0,12.9,0
중앙대,40,B,10,232.5072245710537,0,start,0,0,0,,1,1,0,34.55722457105372,1,true,25.5,4,0,12.9,0
중앙대,40,B,15,232.5072245710537,0,start,0,0,0,,1,1,0,34.55722457105372,1,true,26.5,4,0,12.9,0
중앙대,40,C,0,232.5072245710537,0,start,0,0,0,,1,1,0,21.557224571053723,1,true,14.5,4,0,13.4,0
중앙대,40,C,5,232.5072245710537,0,start,0,0,0,,1,1,0,21.557224571053723,1,true,18.5,4,0,13.4,0
중앙대,40,C,10,232.5072245710537,0,start,0,0,0,,1,1,0,34.55722457105372,1,true,25.5,4,0,13.4,0
중앙대,40,C,15,232.5072245710537,0,start,0,0,0,,1,1,0,34.55722457105372,1,true,26.5,4,0,13.4,0
중앙대,40,AB,0,232.5072245710537,0,start,0,0,0,,1,1,0,21.557224571053723,1,true,14.5,4,0,13.4,0
중앙대,40,AB,5,232.5072245710537,0,start,0,0,0,,1,1,0,21.557224571053723,1,true,18.5,4,0,13.4,0
중앙대,40,AB,10,232.5072245710537,0,start,0,0,0,,1,1,0,34.55722457105372,1,true,25.5,4,0,13.4,0
중앙대,40,AB,15,232.5072245710537,0,start,0,0,0,,1,1,0,34.55722457105372,1,true,26.5,4,0,13.4,0
중앙대,40,AC,0,232.5072245710537,0,start,0,0,0,,1,1,0,21.557224571053723,1,true,14.5,4,0,13.7,0
중앙대,40,AC,5,232.5072245710537,0,start,0,0,0,,1,1,0,21.557224571053723,1,true,18.5,4,0,13.7,0
중앙대,40,AC,10,232.5072245710537,0,start,0,0,0,,1,1,0,34.55722457105372,1,true,25.5,4,0,13.7,0
중앙대,40,AC,15,232.5072245710537,0,start,0,0,0,,1,1,0,34.55722457105372,1,true,26.5,4,0,13.7,0
중앙대,40,BC,0,232.5072245710537,0,start,0,0,0,,1,1,0,21.557224571053723,1,true,14.5,4,0,13.4,0
중앙대,40,BC,5,232.5072245710537,0,start,0,0,0,,1,1,0,21.557224571053723,1,true,18.5,4,0,13.4,0
중앙대,40,BC,10,232.5072245710537,0,start,0,0,0,,1,1,0,34.55722457105372,1,true,25.5,4,0,13.4,0
중앙대,40,BC,15,232.5072245710537,0,start,0,0,0,,1,1,0,34.55722457105372,1,true,26.5,4,0,13.4,0
중앙대,40,ABC,0,232.5072245710537,0,start,0,0,0,,1,1,0,21.557224571053723,1,true,14.5,4,0,14.3,0
중앙대,40,ABC,5,232.5072245710537,0,start,0,0,0,,1,1,0,21.557224571053723,1,true,18.5,4,0,14.3,0
중앙대,40,ABC,10,232.5072245710537,0,start,0,0,0,,1,1,0,34.55722457105372,1,true,25.5,4,0,14.3,0
중앙대,40,ABC,15,232.5072245710537,0,start,0,0,0,,1,1,0,34.55722457105372,1,true,26.5,4,0,14.3,0
중앙대,41,최단,0,475.3141552987111,0,start,2,2,0,12.536286953109766,2,2,0,27.326286953109758,0,true,14.3,8,0,8.3,0
중앙대,41,최단,5,475.3141552987111,0,start,2,2,0,9.826930727657412,2,2,0,20.364155298711125,0,true,18.3,8,0,8.3,0
중앙대,41,최단,10,475.3141552987111,0,start,2,2,0,53.516286953109756,2,2,0,29.364155298711125,0,true,21.3,7,0,8.3,0
중앙대,41,최단,15,475.3141552987111,0,start,2,2,0,86.8069307276574,2,2,0,40.364155298711125,0,true,21.3,6,0,8.3,0
중앙대,41,A,0,475.3141552987111,0,start,2,2,0,12.536286953109766,2,2,0,27.326286953109758,0,true,14.3,8,0,12.9,0
중앙대,41,A,5,475.3141552987111,0,start,2,2,0,9.826930727657412,2,2,0,20.364155298711125,0,true,18.3,8,0,12.9,0
중앙대,41,A,10,475.3141552987111,0,start,2,2,0,53.516286953109756,2,2,0,29.364155298711125,0,true,21.3,7,0,12.9,0
중앙대,41,A,15,475.3141552987111,0,start,2,2,0,86.8069307276574,2,2,0,40.364155298711125,0,true,21.3,6,0,12.9,0
중앙대,41,B,0,585.2068414934619,0,start,4,4,0,12.26584297565239,4,4,0,27.326286953109758,0,true,14.2,14,0,19.8,0
중앙대,41,B,5,585.2068414934619,0,start,4,4,0,14.26584297565239,4,4,0,22.25684149346182,0,true,11.2,14,0,19.8,0
중앙대,41,B,10,585.2068414934619,0,start,4,4,0,53.516286953109756,4,4,0,45.22584297565243,0,true,11.2,12,0,19.8,4
중앙대,41,B,15,585.2068414934619,0,start,4,4,0,27.26584297565239,4,4,0,45.4669307276574,0,true,11.2,13,0,19.8,4
중앙대,41,C,0,475.3141552987111,0,start,2,2,0,12.536286953109766,2,2,0,27.326286953109758,0,true,14.3,8,0,13.4,0
중앙대,41,C,5,475.3141552987111,0,start,2,2,0,9.826930727657412,2,2,0,20.364155298711125,0,true,18.3,8,0,13.4,0
중앙대,41,C,10,475.3141552987111,0,start,2,2,0,53.516286953109756,2,2,0,29.364155298711125,0,true,21.3,7,0,13.4,0
중앙대,41,C,15,475.3141552987111,0,start,2,2,0,86.8069307276574,2,2,0,40.364155298711125,0,true,21.3,6,0,13.4,0
중앙대,41,AB,0,585.2068414934619,0,start,4,4,0,12.26584297565239,4,4,0,27.326286953109758,0,true,14.2,14,0,20.3,0
중앙대,41,AB,5,585.2068414934619,0,start,4,4,0,14.26584297565239,4,4,0,22.25684149346182,0,true,11.2,14,0,20.3,0
중앙대,41,AB,10,585.2068414934619,0,start,4,4,0,53.51628695310977,4,4,0,45.22584297565243,0,true,11.2,12,0,20.3,4
중앙대,41,AB,15,585.2068414934619,0,start,4,4,0,27.26584297565239,4,4,0,45.4669307276574,0,true,11.2,13,0,20.3,4
중앙대,41,AC,0,475.3141552987111,0,start,2,2,0,12.536286953109766,2,2,0,27.326286953109758,0,true,14.3,8,0,13.7,0
중앙대,41,AC,5,475.3141552987111,0,start,2,2,0,9.826930727657412,2,2,0,20.364155298711125,0,true,18.3,8,0,13.7,0
중앙대,41,AC,10,475.3141552987111,0,start,2,2,0,53.516286953109756,2,2,0,29.364155298711125,0,true,21.3,7,0,13.7,0
중앙대,41,AC,15,475.3141552987111,0,start,2,2,0,86.8069307276574,2,2,0,40.364155298711125,0,true,21.3,6,0,13.7,0
중앙대,41,BC,0,475.3141552987111,0,start,2,2,0,12.536286953109766,2,2,0,27.326286953109758,0,true,14.3,8,0,13.4,0
중앙대,41,BC,5,475.3141552987111,0,start,2,2,0,9.826930727657412,2,2,0,20.364155298711125,0,true,18.3,8,0,13.4,0
중앙대,41,BC,10,475.3141552987111,0,start,2,2,0,53.516286953109756,2,2,0,29.364155298711125,0,true,21.3,7,0,13.4,0
중앙대,41,BC,15,475.3141552987111,0,start,2,2,0,86.8069307276574,2,2,0,40.364155298711125,0,true,21.3,6,0,13.4,0
중앙대,41,ABC,0,475.3141552987111,0,start,2,2,0,12.536286953109766,2,2,0,27.326286953109758,0,true,14.3,8,0,14.3,0
중앙대,41,ABC,5,475.3141552987111,0,start,2,2,0,9.826930727657412,2,2,0,20.364155298711125,0,true,18.3,8,0,14.3,0
중앙대,41,ABC,10,475.3141552987111,0,start,2,2,0,53.516286953109756,2,2,0,29.364155298711125,0,true,21.3,7,0,14.3,0
중앙대,41,ABC,15,475.3141552987111,0,start,2,2,0,86.8069307276574,2,2,0,40.364155298711125,0,true,21.3,6,0,14.3,0
중앙대,42,최단,0,698.6697913653451,0,start,3,3,0,11.994274456312027,7,7,0,24.413852267852633,0,true,14.7,15,0,8.3,0
중앙대,42,최단,5,698.6697913653451,0,start,3,3,0,8.173852267852624,7,7,0,22.257039877901548,0,true,12.7,15,0,8.3,0
중앙대,42,최단,10,698.6697913653451,0,start,3,3,0,7.173852267852624,7,7,0,25.764274456312023,0,true,12.7,15,0,8.3,0.3400000000000034
중앙대,42,최단,15,698.6697913653451,0,start,3,3,0,5.994274456312027,7,6,0,38.413852267852604,0,true,28.7,13,0,8.3,0
중앙대,42,A,0,698.6697913653451,0,start,3,3,0,11.994274456312027,7,7,0,24.413852267852633,0,true,14.7,15,0,12.9,0
중앙대,42,A,5,698.6697913653451,0,start,3,3,0,8.173852267852624,7,7,0,22.257039877901548,0,true,12.7,15,0,12.9,0
중앙대,42,A,10,698.6697913653451,0,start,3,3,0,7.173852267852624,7,7,0,25.764274456312023,0,true,12.7,15,0,12.9,0.3400000000000034
중앙대,42,A,15,698.6697913653451,0,start,3,3,0,5.994274456312027,7,6,0,38.41385226785263,0,true,28.7,13,0,12.9,0
중앙대,42,B,0,808.5624775600957,0,start,5,5,0,12.173852267852624,9,9,0,24.91427445631203,0,true,14.6,21,0,19.8,0
중앙대,42,B,5,808.5624775600957,0,start,5,5,0,11.03707671758616,9,9,0,24.612477560095613,0,true,12.6,21,0,19.8,0
중앙대,42,B,10,808.5624775600957,0,start,5,5,0,11.03707671758616,9,9,0,28.822566794291333,0,true,12.6,21,0,19.8,0.3400000000000034
중앙대,42,B,15,808.5624775600957,0,start,5,5,0,21.621479042286296,9,8,0,50.281479042286264,0,true,12.6,20,0,19.8,4
중앙대,42,C,0,698.6697913653451,0,start,3,3,0,11.994274456312027,7,7,0,24.413852267852633,0,true,14.7,15,0,13.4,0
중앙대,42,C,5,698.6697913653451,0,start,3,3,0,8.173852267852624,7,7,0,22.257039877901548,0,true,12.7,15,0,13.4,0
중앙대,42,C,10,698.6697913653451,0,start,3,3,0,7.173852267852624,7,7,0,25.764274456312023,0,true,12.7,15,0,13.4,0.3400000000000034
중앙대,42,C,15,698.6697913653451,0,start,3,3,0,5.994274456312027,7,6,0,38.41385226785263,0,true,28.7,13,0,13.4,0
중앙대,42,AB,0,808.5624775600957,0,start,5,5,0,12.173852267852624,9,9,0,24.91427445631203,0,true,14.6,21,0,20.3,0
중앙대,42,AB,5,808.5624775600957,0,start,5,5,0,11.03707671758616,9,9,0,24.612477560095613,0,true,12.6,21,0,20.3,0
중앙대,42,AB,10,808.5624775600957,0,start,5,5,0,11.03707671758616,9,9,0,28.822566794291333,0,true,12.6,21,0,20.3,0.3400000000000034
중앙대,42,AB,15,808.5624775600957,0,start,5,5,0,21.621479042286296,9,8,0,50.281479042286264,0,true,12.6,20,0,20.3,4
중앙대,42,AC,0,698.6697913653451,0,start,3,3,0,11.994274456312027,7,7,0,24.413852267852633,0,true,14.7,15,0,13.7,0
중앙대,42,AC,5,698.6697913653451,0,start,3,3,0,8.173852267852624,7,7,0,22.257039877901548,0,true,12.7,15,0,13.7,0
중앙대,42,AC,10,698.6697913653451,0,start,3,3,0,7.173852267852624,7,7,0,25.764274456312023,0,true,12.7,15,0,13.7,0.3400000000000034
중앙대,42,AC,15,698.6697913653451,0,start,3,3,0,5.994274456312027,7,6,0,38.41385226785263,0,true,28.7,13,0,13.7,0
중앙대,42,BC,0,698.6697913653451,0,start,3,3,0,11.994274456312027,7,7,0,24.413852267852633,0,true,14.7,15,0,13.4,0
중앙대,42,BC,5,698.6697913653451,0,start,3,3,0,8.173852267852624,7,7,0,22.257039877901548,0,true,12.7,15,0,13.4,0
중앙대,42,BC,10,698.6697913653451,0,start,3,3,0,7.173852267852624,7,7,0,25.764274456312023,0,true,12.7,15,0,13.4,0.3400000000000034
중앙대,42,BC,15,698.6697913653451,0,start,3,3,0,5.994274456312027,7,6,0,38.41385226785263,0,true,28.7,13,0,13.4,0
중앙대,42,ABC,0,698.6697913653451,0,start,3,3,0,11.994274456312027,7,7,0,24.413852267852633,0,true,14.7,15,0,14.3,0
중앙대,42,ABC,5,698.6697913653451,0,start,3,3,0,8.173852267852624,7,7,0,22.257039877901548,0,true,12.7,15,0,14.3,0
중앙대,42,ABC,10,698.6697913653451,0,start,3,3,0,7.173852267852624,7,7,0,25.764274456312023,0,true,12.7,15,0,14.3,0.3400000000000034
중앙대,42,ABC,15,698.6697913653451,0,start,3,3,0,5.994274456312027,7,6,0,38.41385226785263,0,true,28.7,13,0,14.3,0
중앙대,43,최단,0,1185.9744621515467,0,start,5,5,0,12.027555087678024,4,4,0,27.26466723633382,1,true,15,17,0,8.5,0
중앙대,43,최단,5,1185.9744621515467,0,start,5,5,0,16.364323211685246,4,4,0,29.264667236333935,1,true,23,16,0,8.5,3.4600000000000364
중앙대,43,최단,10,1185.9744621515467,6,start,3,3,0,23.364323211685246,1,1,0,45.264667236333935,1,true,35,18,2,8.5,0
중앙대,43,최단,15,1185.9744621515467,1,start,0,0,0,,0,0,0,,1,true,35,11,7,8.5,2.340000000000032
중앙대,43,A,0,1185.9744621515467,0,start,5,5,0,12.027555087678024,4,4,0,27.26466723633382,1,true,15,17,0,13.1,0
중앙대,43,A,5,1185.9744621515467,0,start,5,5,0,16.364323211685246,4,4,0,29.264667236333935,1,true,23,16,0,13.1,3.4600000000000364
중앙대,43,A,10,1185.9744621515467,6,start,3,3,0,23.364323211685246,1,1,0,45.264667236333935,1,true,35,18,2,13.1,0
중앙대,43,A,15,1185.9744621515467,1,start,0,0,0,,0,0,0,,1,true,35,11,7,13.1,2.340000000000032
중앙대,43,B,0,1419.2128954638008,0,start,3,3,0,11.811987019498332,11,11,0,21.707392653005968,1,true,14.2,20,0,23.1,0
중앙대,43,B,5,1419.2128954638008,0,start,3,3,0,14.811987019498332,11,11,0,24.89597942375292,1,true,16.2,20,0,23.1,0
중앙대,43,B,10,1419.2128954638008,0,start,3,3,0,16.811987019498332,11,11,0,32.77996462745796,1,true,33.2,20,0,23.1,0.9500000000000455
중앙대,43,B,15,1419.2128954638008,0,start,3,3,0,29.187124043505946,11,11,0,39.7647659654164,1,true,36.2,20,0,23.1,7.9500000000000455
중앙대,43,C,0,1185.9744621515467,0,start,5,5,0,12.027555087678024,4,4,0,27.26466723633382,1,true,15,17,0,13.6,0
중앙대,43,C,5,1185.9744621515467,0,start,5,5,0,16.364323211685246,4,4,0,29.264667236333935,1,true,23,16,0,13.6,3.4600000000000364
중앙대,43,C,10,1185.9744621515467,6,start,3,3,0,23.364323211685246,1,1,0,45.264667236333935,1,true,35,18,2,13.6,0
중앙대,43,C,15,1185.9744621515467,1,start,0,0,0,,0,0,0,,1,true,35,11,7,13.6,2.340000000000032
중앙대,43,AB,0,1194.305398345738,0,start,5,5,0,11.97587702373147,6,6,0,27.595603430525102,1,true,14.3,19,0,20.5,1.3400000000000034
중앙대,43,AB,5,1194.305398345738,0,start,5,5,0,16.358491281869306,6,6,0,28.96560343052522,1,true,20.3,19,0,20.5,1.3400000000000034
중앙대,43,AB,10,1194.305398345738,9,start,0,0,0,,0,0,0,,1,true,41.3,15,12,20.5,0
중앙대,43,AB,15,1194.305398345738,1,start,0,0,0,,0,0,0,,1,true,43.3,12,9,20.5,0
중앙대,43,AC,0,1185.9744621515467,0,start,5,5,0,12.027555087678024,4,4,0,27.26466723633382,1,true,15,17,0,13.9,0
중앙대,43,AC,5,1185.9744621515467,0,start,5,5,0,16.364323211685246,4,4,0,29.264667236333935,1,true,23,16,0,13.9,3.4600000000000364
중앙대,43,AC,10,1185.9744621515467,6,start,3,3,0,23.364323211685246,1,1,0,45.264667236333935,1,true,35,18,2,13.9,0
중앙대,43,AC,15,1185.9744621515467,1,start,0,0,0,,0,0,0,,1,true,35,11,7,13.9,2.340000000000032
중앙대,43,BC,0,1185.9744621515467,0,start,5,5,0,12.027555087678024,4,4,0,27.26466723633382,1,true,15,17,0,13.6,0
중앙대,43,BC,5,1185.9744621515467,0,start,5,5,0,16.364323211685246,4,4,0,29.264667236333935,1,true,23,16,0,13.6,3.4600000000000364
중앙대,43,BC,10,1185.9744621515467,6,start,3,3,0,23.364323211685246,1,1,0,45.264667236333935,1,true,35,18,2,13.6,0
중앙대,43,BC,15,1185.9744621515467,1,start,0,0,0,,0,0,0,,1,true,35,11,7,13.6,2.340000000000032
중앙대,43,ABC,0,1185.9744621515467,0,start,5,5,0,12.027555087678024,4,4,0,27.26466723633382,1,true,15,17,0,14.4,0
중앙대,43,ABC,5,1185.9744621515467,0,start,5,5,0,16.364323211685246,4,4,0,29.264667236333935,1,true,23,16,0,14.4,3.4600000000000364
중앙대,43,ABC,10,1185.9744621515467,6,start,3,3,0,23.364323211685246,1,1,0,45.264667236333935,1,true,35,18,2,14.4,0
중앙대,43,ABC,15,1185.9744621515467,1,start,0,0,0,,0,0,0,,1,true,35,11,7,14.4,2.340000000000032
중앙대,44,최단,0,1037.3101389398616,0,start,3,3,0,12.363231875992938,4,4,0,27.600344024648734,1,true,14.3,13,0,8.5,0
중앙대,44,최단,5,1037.3101389398616,0,start,3,3,0,9.160344024648765,4,4,0,28.600344024648734,1,true,19.3,13,0,8.5,2.32000000000005
중앙대,44,최단,10,1037.3101389398616,5,start,1,1,0,9.160344024648765,1,1,0,32.600344024648706,1,true,19.3,15,3,8.5,3.660000000000082
중앙대,44,최단,15,1037.3101389398616,4,start,1,1,0,9.160344024648765,1,1,0,36.600344024648706,1,true,19.3,14,3,8.5,2.340000000000032
중앙대,44,A,0,1037.3101389398616,0,start,3,3,0,12.363231875992938,4,4,0,27.600344024648734,1,true,14.3,13,0,13.1,0
중앙대,44,A,5,1037.3101389398616,0,start,3,3,0,9.160344024648765,4,4,0,28.600344024648734,1,true,19.3,13,0,13.1,2.32000000000005
중앙대,44,A,10,1037.3101389398616,5,start,1,1,0,9.160344024648765,1,1,0,32.600344024648706,1,true,19.3,15,3,13.1,3.660000000000082
중앙대,44,A,15,1037.3101389398616,4,start,1,1,0,9.160344024648765,1,1,0,36.600344024648706,1,true,19.3,14,3,13.1,2.340000000000032
중앙대,44,B,0,1037.3101389398616,0,start,3,3,0,12.363231875992938,4,4,0,27.600344024648734,1,true,14.3,13,0,13.1,0
중앙대,44,B,5,1037.3101389398616,0,start,3,3,0,9.160344024648765,4,4,0,28.600344024648734,1,true,19.3,13,0,13.1,2.32000000000005
중앙대,44,B,10,1037.3101389398616,5,start,1,1,0,9.160344024648765,1,1,0,32.600344024648706,1,true,19.3,15,3,13.1,3.660000000000082
중앙대,44,B,15,1037.3101389398616,4,start,1,1,0,9.160344024648765,1,1,0,36.600344024648706,1,true,19.3,14,3,13.1,2.340000000000032
중앙대,44,C,0,1037.3101389398616,0,start,3,3,0,12.363231875992938,4,4,0,27.600344024648734,1,true,14.3,13,0,13.6,0
중앙대,44,C,5,1037.3101389398616,0,start,3,3,0,9.160344024648765,4,4,0,28.600344024648734,1,true,19.3,13,0,13.6,2.32000000000005
중앙대,44,C,10,1037.3101389398616,5,start,1,1,0,9.160344024648765,1,1,0,32.600344024648706,1,true,19.3,15,3,13.6,3.660000000000082
중앙대,44,C,15,1037.3101389398616,4,start,1,1,0,9.160344024648765,1,1,0,36.600344024648706,1,true,19.3,14,3,13.6,2.340000000000032
중앙대,44,AB,0,1045.641075134053,0,start,3,3,0,11.866965178870032,6,6,0,26.931280218840016,1,true,14.6,15,0,20.5,4.34
중앙대,44,AB,5,1045.641075134053,0,start,3,3,0,9.406965178869996,6,6,0,30.611280218839966,1,true,17.6,15,0,20.5,5.34
중앙대,44,AB,10,1045.641075134053,8,start,1,1,0,8.227629277869216,3,3,0,27.647629277869225,1,true,25.6,18,3,20.5,5.34
중앙대,44,AB,15,1045.641075134053,5,start,1,1,0,11.547629277869216,3,3,0,32.30128021884005,1,true,27.6,14,2,20.5,5.02
중앙대,44,AC,0,1037.3101389398616,0,start,3,3,0,12.363231875992938,4,4,0,27.600344024648734,1,true,14.3,13,0,13.9,0
중앙대,44,AC,5,1037.3101389398616,0,start,3,3,0,9.160344024648765,4,4,0,28.600344024648734,1,true,19.3,13,0,13.9,2.32000000000005
중앙대,44,AC,10,1037.3101389398616,5,start,1,1,0,9.160344024648765,1,1,0,32.600344024648706,1,true,19.3,15,3,13.9,3.660000000000082
중앙대,44,AC,15,1037.3101389398616,4,start,1,1,0,9.160344024648765,1,1,0,36.600344024648706,1,true,19.3,14,3,13.9,2.340000000000032
중앙대,44,BC,0,1037.3101389398616,0,start,3,3,0,12.363231875992938,4,4,0,27.600344024648734,1,true,14.3,13,0,13.6,0
중앙대,44,BC,5,1037.3101389398616,0,start,3,3,0,9.160344024648765,4,4,0,28.600344024648734,1,true,19.3,13,0,13.6,2.32000000000005
중앙대,44,BC,10,1037.3101389398616,5,start,1,1,0,9.160344024648765,1,1,0,32.600344024648706,1,true,19.3,15,3,13.6,3.660000000000082
중앙대,44,BC,15,1037.3101389398616,4,start,1,1,0,9.160344024648765,1,1,0,36.600344024648706,1,true,19.3,14,3,13.6,2.340000000000032
중앙대,44,ABC,0,1037.3101389398616,0,start,3,3,0,12.363231875992938,4,4,0,27.600344024648734,1,true,14.3,13,0,14.4,0
중앙대,44,ABC,5,1037.3101389398616,0,start,3,3,0,9.160344024648765,4,4,0,28.600344024648734,1,true,19.3,13,0,14.4,2.32000000000005
중앙대,44,ABC,10,1037.3101389398616,5,start,1,1,0,9.160344024648765,1,1,0,32.600344024648706,1,true,19.3,15,3,14.4,3.660000000000082
중앙대,44,ABC,15,1037.3101389398616,4,start,1,1,0,9.160344024648765,1,1,0,36.600344024648706,1,true,19.3,14,3,14.4,2.340000000000032
중앙대,45,최단,0,269.9177130991825,0,start,2,2,0,12.779387597818548,3,3,0,21.967713099182475,0,true,14.9,9,0,8.3,0
중앙대,45,최단,5,269.9177130991825,0,start,2,2,0,44.759387597818545,3,3,0,29.484782262839673,0,true,11.9,8,0,8.3,0
중앙대,45,최단,10,269.9177130991825,0,start,2,2,0,26.77938759781855,3,3,0,40.35478226283968,0,true,27.9,9,0,8.3,3.9499999999999886
중앙대,45,최단,15,269.9177130991825,0,start,2,2,0,128.55540848895288,3,3,0,42.48478226283967,0,true,27.9,8,0,8.3,3.9499999999999886
중앙대,45,A,0,269.9177130991825,0,start,2,2,0,12.779387597818548,3,3,0,21.967713099182504,0,true,14.9,9,0,12.9,0
중앙대,45,A,5,269.9177130991825,0,start,2,2,0,44.75938759781855,3,3,0,29.484782262839673,0,true,11.9,8,0,12.9,0
중앙대,45,A,10,269.9177130991825,0,start,2,2,0,26.77938759781855,3,3,0,40.35478226283968,0,true,27.9,9,0,12.9,3.9499999999999886
중앙대,45,A,15,269.9177130991825,0,start,2,2,0,128.55540848895288,3,3,0,42.48478226283967,0,true,27.9,8,0,12.9,3.9499999999999886
중앙대,45,B,0,269.9177130991825,0,start,2,2,0,12.779387597818548,3,3,0,21.967713099182504,0,true,14.9,9,0,12.9,0
중앙대,45,B,5,269.9177130991825,0,start,2,2,0,44.75938759781855,3,3,0,29.484782262839673,0,true,11.9,8,0,12.9,0
중앙대,45,B,10,269.9177130991825,0,start,2,2,0,26.77938759781855,3,3,0,40.35478226283968,0,true,27.9,9,0,12.9,3.9499999999999886
중앙대,45,B,15,269.9177130991825,0,start,2,2,0,128.55540848895288,3,3,0,42.48478226283967,0,true,27.9,8,0,12.9,3.9499999999999886
중앙대,45,C,0,269.9177130991825,0,start,2,2,0,12.779387597818548,3,3,0,21.967713099182475,0,true,14.9,9,0,13.4,0
중앙대,45,C,5,269.9177130991825,0,start,2,2,0,44.75938759781855,3,3,0,29.484782262839673,0,true,11.9,8,0,13.4,0
중앙대,45,C,10,269.9177130991825,0,start,2,2,0,26.77938759781855,3,3,0,40.35478226283968,0,true,27.9,9,0,13.4,3.950000000000017
중앙대,45,C,15,269.9177130991825,0,start,2,2,0,128.55540848895288,3,3,0,42.48478226283967,0,true,27.9,8,0,13.4,3.950000000000017
중앙대,45,AB,0,269.9177130991825,0,start,2,2,0,12.779387597818548,3,3,0,21.967713099182475,0,true,14.9,9,0,13.4,0
중앙대,45,AB,5,269.9177130991825,0,start,2,2,0,44.75938759781855,3,3,0,29.484782262839673,0,true,11.9,8,0,13.4,0
중앙대,45,AB,10,269.9177130991825,0,start,2,2,0,26.77938759781855,3,3,0,40.35478226283968,0,true,27.9,9,0,13.4,3.950000000000017
중앙대,45,AB,15,269.9177130991825,0,start,2,2,0,128.55540848895288,3,3,0,42.48478226283967,0,true,27.9,8,0,13.4,3.950000000000017
중앙대,45,AC,0,269.9177130991825,0,start,2,2,0,12.779387597818548,3,3,0,21.967713099182504,0,true,14.9,9,0,13.7,0
중앙대,45,AC,5,269.9177130991825,0,start,2,2,0,44.75938759781855,3,3,0,29.484782262839673,0,true,11.9,8,0,13.7,0
중앙대,45,AC,10,269.9177130991825,0,start,2,2,0,26.77938759781855,3,3,0,40.35478226283968,0,true,27.9,9,0,13.7,3.9499999999999886
중앙대,45,AC,15,269.9177130991825,0,start,2,2,0,128.55540848895288,3,3,0,42.48478226283967,0,true,27.9,8,0,13.7,3.9499999999999886
중앙대,45,BC,0,269.9177130991825,0,start,2,2,0,12.779387597818548,3,3,0,21.967713099182475,0,true,14.9,9,0,13.4,0
중앙대,45,BC,5,269.9177130991825,0,start,2,2,0,44.75938759781855,3,3,0,29.484782262839673,0,true,11.9,8,0,13.4,0
중앙대,45,BC,10,269.9177130991825,0,start,2,2,0,26.77938759781855,3,3,0,40.35478226283968,0,true,27.9,9,0,13.4,3.950000000000017
중앙대,45,BC,15,269.9177130991825,0,start,2,2,0,128.55540848895288,3,3,0,42.48478226283967,0,true,27.9,8,0,13.4,3.950000000000017
중앙대,45,ABC,0,269.9177130991825,0,start,2,2,0,12.779387597818555,3,3,0,21.967713099182504,0,true,14.9,9,0,14.3,0
중앙대,45,ABC,5,269.9177130991825,0,start,2,2,0,44.75938759781855,3,3,0,29.484782262839673,0,true,11.9,8,0,14.3,0
중앙대,45,ABC,10,269.9177130991825,0,start,2,2,0,26.77938759781855,3,3,0,40.35478226283968,0,true,27.9,9,0,14.3,3.9499999999999886
중앙대,45,ABC,15,269.9177130991825,0,start,2,2,0,128.55540848895288,3,3,0,42.48478226283967,0,true,27.9,8,0,14.3,3.9499999999999886
중앙대,46,최단,0,207.00832550136397,0,start,1,1,0,12.666020891134337,3,3,0,21.575394665021108,0,true,14,7,0,8.3,0
중앙대,46,최단,5,207.00832550136397,0,start,1,1,0,16.666020891134337,3,3,0,22.66,0,true,7,7,0,8.3,0
중앙대,46,최단,10,207.00832550136397,0,start,1,1,0,16.666020891134337,3,3,0,21.66,0,true,4,7,0,8.3,0
중앙대,46,최단,15,207.00832550136397,0,start,1,1,0,16.666020891134337,3,3,0,32.44539466502111,0,true,27,7,0,8.3,1.1299999999999955
중앙대,46,A,0,207.00832550136397,0,start,1,1,0,12.666020891134337,3,3,0,21.575394665021108,0,true,14,7,0,12.9,0
중앙대,46,A,5,207.00832550136397,0,start,1,1,0,16.666020891134337,3,3,0,22.66,0,true,7,7,0,12.9,0
중앙대,46,A,10,207.00832550136397,0,start,1,1,0,16.666020891134337,3,3,0,21.66,0,true,4,7,0,12.9,0
중앙대,46,A,15,207.00832550136397,0,start,1,1,0,16.666020891134337,3,3,0,32.44539466502111,0,true,27,7,0,12.9,1.1299999999999955
중앙대,46,B,0,207.00832550136397,0,start,1,1,0,12.666020891134337,3,3,0,21.575394665021108,0,true,14,7,0,12.9,0
중앙대,46,B,5,207.00832550136397,0,start,1,1,0,16.666020891134337,3,3,0,22.66,0,true,7,7,0,12.9,0
중앙대,46,B,10,207.00832550136397,0,start,1,1,0,16.666020891134337,3,3,0,21.66,0,true,4,7,0,12.9,0
중앙대,46,B,15,207.00832550136397,0,start,1,1,0,16.666020891134337,3,3,0,32.44539466502111,0,true,27,7,0,12.9,1.1299999999999955
중앙대,46,C,0,207.00832550136397,0,start,1,1,0,12.666020891134337,3,3,0,21.575394665021108,0,true,14,7,0,13.4,0
중앙대,46,C,5,207.00832550136397,0,start,1,1,0,16.666020891134337,3,3,0,22.66,0,true,7,7,0,13.4,0
중앙대,46,C,10,207.00832550136397,0,start,1,1,0,16.666020891134337,3,3,0,21.66,0,true,4,7,0,13.4,0
중앙대,46,C,15,207.00832550136397,0,start,1,1,0,16.666020891134337,3,3,0,32.44539466502111,0,true,27,7,0,13.4,1.1299999999999955
중앙대,46,AB,0,207.00832550136397,0,start,1,1,0,12.666020891134337,3,3,0,21.575394665021108,0,true,14,7,0,13.4,0
중앙대,46,AB,5,207.00832550136397,0,start,1,1,0,16.666020891134337,3,3,0,22.66,0,true,7,7,0,13.4,0
중앙대,46,AB,10,207.00832550136397,0,start,1,1,0,16.666020891134337,3,3,0,21.66,0,true,4,7,0,13.4,0
중앙대,46,AB,15,207.00832550136397,0,start,1,1,0,16.666020891134337,3,3,0,32.44539466502111,0,true,27,7,0,13.4,1.1299999999999955
중앙대,46,AC,0,207.00832550136397,0,start,1,1,0,12.666020891134337,3,3,0,21.575394665021108,0,true,14,7,0,13.7,0
중앙대,46,AC,5,207.00832550136397,0,start,1,1,0,16.666020891134337,3,3,0,22.66,0,true,7,7,0,13.7,0
중앙대,46,AC,10,207.00832550136397,0,start,1,1,0,16.666020891134337,3,3,0,21.66,0,true,4,7,0,13.7,0
중앙대,46,AC,15,207.00832550136397,0,start,1,1,0,16.666020891134337,3,3,0,32.44539466502111,0,true,27,7,0,13.7,1.1299999999999955
중앙대,46,BC,0,207.00832550136397,0,start,1,1,0,12.666020891134337,3,3,0,21.575394665021108,0,true,14,7,0,13.4,0
중앙대,46,BC,5,207.00832550136397,0,start,1,1,0,16.666020891134337,3,3,0,22.66,0,true,7,7,0,13.4,0
중앙대,46,BC,10,207.00832550136397,0,start,1,1,0,16.666020891134337,3,3,0,21.66,0,true,4,7,0,13.4,0
중앙대,46,BC,15,207.00832550136397,0,start,1,1,0,16.666020891134337,3,3,0,32.44539466502111,0,true,27,7,0,13.4,1.1299999999999955
중앙대,46,ABC,0,207.00832550136397,0,start,1,1,0,12.666020891134337,3,3,0,21.575394665021108,0,true,14,7,0,14.3,0
중앙대,46,ABC,5,207.00832550136397,0,start,1,1,0,16.666020891134337,3,3,0,22.66,0,true,7,7,0,14.3,0
중앙대,46,ABC,10,207.00832550136397,0,start,1,1,0,16.666020891134337,3,3,0,21.66,0,true,4,7,0,14.3,0
중앙대,46,ABC,15,207.00832550136397,0,start,1,1,0,16.666020891134337,3,3,0,32.44539466502111,0,true,27,7,0,14.3,1.1299999999999955
중앙대,47,최단,0,258.8018697897023,0,start,2,2,0,12.620300531680158,2,2,0,26.82087127189277,1,true,14.8,9,0,8.3,0
중앙대,47,최단,5,258.8018697897023,0,start,2,2,0,5.620300531680158,2,2,0,36.82087127189277,1,true,17.8,9,0,8.3,0
중앙대,47,최단,10,258.8018697897023,0,start,2,2,0,3.2764689471927113,2,2,0,39.82087127189277,1,true,31.8,9,0,8.3,1.9499999999999886
중앙대,47,최단,15,258.8018697897023,0,start,2,2,1,33.95646894719272,2,2,0,46.82087127189277,1,true,35.8,9,0,8.3,5.949999999999989
중앙대,47,A,0,258.8018697897023,0,start,2,2,0,12.620300531680158,2,2,0,26.82087127189277,1,true,14.8,9,0,12.9,0
중앙대,47,A,5,258.8018697897023,0,start,2,2,0,5.620300531680158,2,2,0,36.82087127189277,1,true,17.8,9,0,12.9,0
중앙대,47,A,10,258.8018697897023,0,start,2,2,0,3.2764689471927113,2,2,0,39.82087127189277,1,true,31.8,9,0,12.9,1.9499999999999886
중앙대,47,A,15,258.8018697897023,0,start,2,2,1,33.95646894719272,2,2,0,46.82087127189277,1,true,35.8,9,0,12.9,5.949999999999989
중앙대,47,B,0,289.84016861514,0,start,2,2,0,12.691316856291493,2,2,0,21.89016861514,1,true,14.8,9,0,19.3,0
중앙대,47,B,5,289.84016861514,0,start,2,2,0,12.691316856291493,2,2,0,22.89016861514,1,true,14.8,8,0,19.3,0
중앙대,47,B,10,289.84016861514,0,start,2,2,0,14.691316856291493,2,2,0,24.89016861514,1,true,29.8,8,0,19.3,4.949999999999989
중앙대,47,B,15,289.84016861514,0,start,2,2,0,38.69131685629149,2,2,0,52.89016861513997,1,true,30.8,8,0,19.3,0.9799999999999898
중앙대,47,C,0,282.51395825903217,0,start,4,4,0,12.454407149487878,1,1,0,21.563958259032177,1,true,14.5,12,0,15.7,0
중앙대,47,C,5,282.51395825903217,0,start,4,4,0,14.33238900101,1,1,0,23.563958259032177,1,true,22.5,12,0,15.7,0
중앙대,47,C,10,282.51395825903217,0,start,4,4,0,46.01087127189277,1,1,0,42.56395825903218,1,true,23.5,11,0,15.7,2.319999999999993
중앙대,47,C,15,282.51395825903217,1,start,0,0,0,,0,0,0,,1,true,23.5,12,2,15.7,2.6999999999999886
중앙대,47,AB,0,306.57690269383977,0,start,5,5,0,12.395333435817605,1,1,0,21.62690269383978,1,true,14.6,14,0,13.2,1.1500000000000057
중앙대,47,AB,5,306.57690269383977,0,start,5,5,0,14.68735158429547,1,1,0,23.62690269383978,1,true,24.6,13,0,13.2,2.3000000000000114
중앙대,47,AB,10,306.57690269383977,0,start,5,5,0,15.901501851330153,1,1,0,36.62690269383978,1,true,24.6,13,0,13.2,2.3000000000000114
중앙대,47,AB,15,306.57690269383977,0,start,5,5,0,38.69131685629149,1,1,0,38.62690269383978,1,true,26.6,12,0,13.2,2.299999999999997
중앙대,47,AC,0,282.51395825903217,0,start,4,4,0,12.454407149487878,1,1,0,21.563958259032177,1,true,14.5,12,0,16.1,0
중앙대,47,AC,5,282.51395825903217,0,start,4,4,0,14.33238900101,1,1,0,23.563958259032177,1,true,22.5,12,0,16.1,0
중앙대,47,AC,10,282.51395825903217,0,start,4,4,0,46.01087127189277,1,1,0,42.56395825903215,1,true,23.5,11,0,16.1,2.3200000000000074
중앙대,47,AC,15,282.51395825903217,1,start,0,0,0,,0,0,0,,1,true,23.5,12,2,16.1,2.700000000000003
중앙대,47,BC,0,306.57690269383977,0,start,5,5,0,12.395333435817605,1,1,0,21.62690269383978,1,true,14.6,14,0,15.7,1.1500000000000057
중앙대,47,BC,5,306.57690269383977,0,start,5,5,0,14.68735158429547,1,1,0,23.62690269383978,1,true,24.6,13,0,15.7,2.3000000000000114
중앙대,47,BC,10,306.57690269383977,0,start,5,5,0,15.901501851330153,1,1,0,36.62690269383978,1,true,24.6,13,0,15.7,2.3000000000000114
중앙대,47,BC,15,306.57690269383977,0,start,5,5,0,38.69131685629149,1,1,0,38.62690269383978,1,true,26.6,12,0,15.7,2.299999999999997
중앙대,47,ABC,0,306.57690269383977,0,start,5,5,0,12.395333435817605,1,1,0,21.62690269383978,1,true,14.6,14,0,16.6,1.1500000000000057
중앙대,47,ABC,5,306.57690269383977,0,start,5,5,0,14.68735158429547,1,1,0,23.62690269383978,1,true,24.6,13,0,16.6,2.3000000000000114
중앙대,47,ABC,10,306.57690269383977,0,start,5,5,0,15.901501851330153,1,1,0,36.62690269383978,1,true,24.6,13,0,16.6,2.3000000000000114
중앙대,47,ABC,15,306.57690269383977,0,start,5,5,0,38.69131685629149,1,1,0,38.62690269383978,1,true,26.6,12,0,16.6,2.299999999999997
중앙대,48,최단,0,502.9148555493879,0,start,4,4,0,11.812985759685603,3,3,0,26.75999999999999,1,true,14.9,14,0,8.3,0
중앙대,48,최단,5,502.9148555493879,0,start,4,4,0,16.812985759685603,3,3,0,25.75999999999999,1,true,13.9,14,0,8.3,0
중앙대,48,최단,10,502.9148555493879,0,start,4,4,0,17.519934447471968,3,3,0,32.96485554938789,1,true,24.9,14,0,8.3,0
중앙대,48,최단,15,502.9148555493879,0,start,4,4,0,23.519934447471968,3,3,0,47.933857031578384,1,true,39.9,14,0,8.3,6.949999999999989
중앙대,48,A,0,502.9148555493879,0,start,4,4,0,11.812985759685603,3,3,0,26.75999999999999,1,true,14.9,14,0,12.9,0
중앙대,48,A,5,502.9148555493879,0,start,4,4,0,16.812985759685603,3,3,0,25.75999999999999,1,true,13.9,14,0,12.9,0
중앙대,48,A,10,502.9148555493879,0,start,4,4,0,17.519934447471968,3,3,0,32.96485554938789,1,true,24.9,14,0,12.9,0
중앙대,48,A,15,502.9148555493879,0,start,4,4,0,23.519934447471954,3,3,0,47.933857031578384,1,true,39.9,14,0,12.9,6.949999999999989
중앙대,48,B,0,620.202746014685,0,start,5,5,0,11.880294485302272,5,5,0,21.769815178342128,1,true,14.2,18,0,23,0
중앙대,48,B,5,620.202746014685,0,start,5,5,0,16.373894255836547,5,5,0,26.78981517834211,1,true,12.2,18,0,23,1.9799999999999898
중앙대,48,B,10,620.202746014685,0,start,5,5,0,17.373894255836547,5,5,0,29.769815178342128,1,true,12.2,18,0,23,7.9500000000000455
중앙대,48,B,15,620.202746014685,0,start,5,5,0,19.373894255836547,5,5,0,29.769815178342128,1,true,12.2,17,0,23,7.9500000000000455
중앙대,48,C,0,526.6269440187177,0,start,6,6,0,12.445374760695586,2,2,0,26.759999999999998,1,true,14.6,17,0,15.7,0
중앙대,48,C,5,526.6269440187177,0,start,6,6,0,16.445374760695586,2,2,0,25.759999999999998,1,true,17.6,17,0,15.7,1.9500000000000455
중앙대,48,C,10,526.6269440187177,0,start,6,6,0,17.519934447471968,2,2,0,27.676944018717677,1,true,17.6,16,0,15.7,0
중앙대,48,C,15,526.6269440187177,0,start,6,6,0,65.24739290917347,2,2,0,50.76,1,true,19.6,14,0,15.7,2.319999999999993
중앙대,48,AB,0,502.9148555493879,0,start,4,4,0,11.812985759685603,3,3,0,26.759999999999998,1,true,14.9,14,0,13.4,0
중앙대,48,AB,5,502.9148555493879,0,start,4,4,0,16.812985759685603,3,3,0,25.759999999999998,1,true,13.9,14,0,13.4,0
중앙대,48,AB,10,502.9148555493879,0,start,4,4,0,17.519934447471968,3,3,0,32.96485554938789,1,true,24.9,14,0,13.4,0
중앙대,48,AB,15,502.9148555493879,0,start,4,4,0,23.519934447471968,3,3,0,47.933857031578384,1,true,39.9,14,0,13.4,6.949999999999989
중앙대,48,AC,0,526.6269440187177,0,start,6,6,0,12.445374760695586,2,2,0,26.75999999999999,1,true,14.6,17,0,16.1,0
중앙대,48,AC,5,526.6269440187177,0,start,6,6,0,16.445374760695586,2,2,0,25.75999999999999,1,true,17.6,17,0,16.1,1.9500000000000455
중앙대,48,AC,10,526.6269440187177,0,start,6,6,0,17.519934447471968,2,2,0,27.676944018717734,1,true,17.6,16,0,16.1,0
중앙대,48,AC,15,526.6269440187177,0,start,6,6,0,65.24739290917347,2,2,0,50.75999999999999,1,true,19.6,14,0,16.1,2.319999999999993
중앙대,48,BC,0,550.6898884535254,0,start,6,6,0,12.508319195503248,2,2,0,26.759999999999998,1,true,14.7,17,0,15.7,1.1499999999999773
중앙대,48,BC,5,550.6898884535254,0,start,6,6,0,16.508319195503248,2,2,0,25.759999999999998,1,true,15.7,17,0,15.7,2.3000000000000114
중앙대,48,BC,10,550.6898884535254,0,start,6,6,0,22.508319195503248,2,2,0,25.759999999999998,1,true,16.7,17,0,15.7,2.3000000000000114
중앙대,48,BC,15,550.6898884535254,0,start,6,6,0,27.80033734398114,2,2,0,50.76,1,true,20.7,16,0,15.7,2.3000000000000114
중앙대,48,ABC,0,550.6898884535254,0,start,6,6,0,12.508319195503248,2,2,0,26.75999999999999,1,true,14.7,17,0,16.6,1.1499999999999773
중앙대,48,ABC,5,550.6898884535254,0,start,6,6,0,16.508319195503248,2,2,0,25.75999999999999,1,true,15.7,17,0,16.6,2.3000000000000114
중앙대,48,ABC,10,550.6898884535254,0,start,6,6,0,22.508319195503248,2,2,0,25.75999999999999,1,true,16.7,17,0,16.6,2.3000000000000114
중앙대,48,ABC,15,550.6898884535254,0,start,6,6,0,27.80033734398114,2,2,0,50.75999999999999,1,true,20.7,16,0,16.6,2.3000000000000114
중앙대,49,최단,0,958.6194711735695,0,start,4,4,0,12.123532076076913,11,11,0,26.713954264536312,1,true,14.6,22,0,8.5,0
중앙대,49,최단,5,958.6194711735695,0,start,4,4,0,11.819679808224237,11,11,0,25.960000000000008,1,true,17.6,22,0,8.5,0
중앙대,49,최단,10,958.6194711735695,11,start,0,0,0,,2,2,0,44.960000000000015,1,true,24.6,19,13,8.5,2.3400000000000034
중앙대,49,최단,15,958.6194711735695,2,start,2,2,0,91.45967980822422,8,8,0,44.960000000000015,1,true,25.6,18,5,8.5,3.1200000000000045
중앙대,49,A,0,958.6194711735695,0,start,4,4,0,12.123532076076913,11,11,0,26.713954264536312,1,true,14.6,22,0,13.1,0
중앙대,49,A,5,958.6194711735695,0,start,4,4,0,11.819679808224237,11,11,0,25.960000000000008,1,true,17.6,22,0,13.1,0
중앙대,49,A,10,958.6194711735695,11,start,0,0,0,,2,2,0,44.96000000000001,1,true,24.6,19,13,13.1,2.3400000000000034
중앙대,49,A,15,958.6194711735695,2,start,2,2,0,91.45967980822422,8,8,0,44.96000000000001,1,true,25.6,18,5,13.1,3.1200000000000045
중앙대,49,B,0,1068.51215736832,0,start,6,6,0,12.330588110297981,13,13,0,26.713954264536312,1,true,14.5,28,0,20,0
중앙대,49,B,5,1068.51215736832,0,start,6,6,0,15.986756525810506,13,13,0,26.531158850510565,1,true,17.5,28,0,20,0
중앙대,49,B,10,1068.51215736832,11,start,0,0,0,,2,2,0,44.96000000000001,1,true,21.5,19,19,20,2.3400000000000034
중앙대,49,B,15,1068.51215736832,2,start,2,2,0,91.45967980822422,8,8,0,44.96000000000001,1,true,30.5,18,9,20,3.1200000000000045
중앙대,49,C,0,958.6194711735695,0,start,4,4,0,12.123532076076913,11,11,0,26.713954264536312,1,true,14.6,22,0,13.6,0
중앙대,49,C,5,958.6194711735695,0,start,4,4,0,11.819679808224237,11,11,0,25.960000000000008,1,true,17.6,22,0,13.6,0
중앙대,49,C,10,958.6194711735695,11,start,0,0,0,,2,2,0,44.960000000000015,1,true,24.6,19,13,13.6,2.3400000000000034
중앙대,49,C,15,958.6194711735695,2,start,2,2,0,91.45967980822422,8,8,0,44.960000000000015,1,true,25.6,18,5,13.6,3.1200000000000045
중앙대,49,AB,0,1068.51215736832,0,start,6,6,0,12.330588110297981,13,13,0,26.713954264536312,1,true,14.5,28,0,20.5,0
중앙대,49,AB,5,1068.51215736832,0,start,6,6,0,15.986756525810506,13,13,0,26.531158850510565,1,true,17.5,28,0,20.5,0
중앙대,49,AB,10,1068.51215736832,11,start,0,0,0,,2,2,0,44.96000000000001,1,true,21.5,19,19,20.5,2.3400000000000034
중앙대,49,AB,15,1068.51215736832,2,start,2,2,0,91.45967980822422,8,8,0,44.96000000000001,1,true,30.5,18,9,20.5,3.1200000000000045
중앙대,49,AC,0,958.6194711735695,0,start,4,4,0,12.123532076076913,11,11,0,26.713954264536312,1,true,14.6,22,0,13.9,0
중앙대,49,AC,5,958.6194711735695,0,start,4,4,0,11.819679808224237,11,11,0,25.960000000000008,1,true,17.6,22,0,13.9,0
중앙대,49,AC,10,958.6194711735695,11,start,0,0,0,,2,2,0,44.96000000000001,1,true,24.6,19,13,13.9,2.3400000000000034
중앙대,49,AC,15,958.6194711735695,2,start,2,2,0,91.45967980822422,8,8,0,44.96000000000001,1,true,25.6,18,5,13.9,3.1200000000000045
중앙대,49,BC,0,958.6194711735695,0,start,4,4,0,12.123532076076913,11,11,0,26.713954264536312,1,true,14.6,22,0,13.6,0
중앙대,49,BC,5,958.6194711735695,0,start,4,4,0,11.819679808224237,11,11,0,25.960000000000008,1,true,17.6,22,0,13.6,0
중앙대,49,BC,10,958.6194711735695,11,start,0,0,0,,2,2,0,44.960000000000015,1,true,24.6,19,13,13.6,2.3400000000000034
중앙대,49,BC,15,958.6194711735695,2,start,2,2,0,91.45967980822422,8,8,0,44.960000000000015,1,true,25.6,18,5,13.6,3.1200000000000045
중앙대,49,ABC,0,958.6194711735695,0,start,4,4,0,12.123532076076913,11,11,0,26.713954264536312,1,true,14.6,22,0,14.4,0
중앙대,49,ABC,5,958.6194711735695,0,start,4,4,0,11.819679808224237,11,11,0,25.960000000000008,1,true,17.6,22,0,14.4,0
중앙대,49,ABC,10,958.6194711735695,11,start,0,0,0,,2,2,0,44.96000000000001,1,true,24.6,19,13,14.4,2.3400000000000034
중앙대,49,ABC,15,958.6194711735695,2,start,2,2,0,91.45967980822422,8,8,0,44.96000000000001,1,true,25.6,18,5,14.4,3.1200000000000045
중앙대,50,최단,0,1185.3846951235823,0,start,5,5,0,12.216109995766857,5,5,0,26.67490020836931,0,true,14.4,17,0,8.5,0
중앙대,50,최단,5,1185.3846951235823,0,start,5,5,0,16.774556183720648,5,5,0,30.450585168399357,0,true,28.4,17,0,8.5,2.6300000000000026
중앙대,50,최단,10,1185.3846951235823,8,start,3,3,0,28.216109995766857,2,2,0,22.767221054081922,0,true,51.4,19,2,8.5,2.6300000000000026
중앙대,50,최단,15,1185.3846951235823,0,start,5,5,0,48.77455618372066,5,4,0,41.45058516839936,0,true,57.4,14,0,8.5,9.630000000000003
중앙대,50,A,0,1185.3846951235823,0,start,5,5,0,12.216109995766857,5,5,0,26.67490020836931,0,true,14.4,17,0,13.1,0
중앙대,50,A,5,1185.3846951235823,0,start,5,5,0,16.774556183720648,5,5,0,30.450585168399357,0,true,28.4,17,0,13.1,2.6300000000000026
중앙대,50,A,10,1185.3846951235823,8,start,3,3,0,28.216109995766857,2,2,0,22.767221054081922,0,true,51.4,19,2,13.1,2.6300000000000026
중앙대,50,A,15,1185.3846951235823,0,start,5,5,0,48.77455618372066,5,4,0,41.45058516839936,0,true,57.4,14,0,13.1,9.630000000000003
중앙대,50,B,0,1227.5909084443028,0,start,2,2,0,12.565137024007981,9,9,0,21.640908444302795,1,true,14.6,16,0,23,0
중앙대,50,B,5,1227.5909084443028,0,start,2,2,0,12.565137024007981,9,9,0,23.65353695534418,1,true,18.6,16,0,23,5.9500000000000455
중앙대,50,B,10,1227.5909084443028,0,start,2,2,0,49.545137024008,9,9,0,24.72513702400795,1,true,18.6,15,0,23,0
중앙대,50,B,15,1227.5909084443028,0,start,2,2,0,51.545137024008,9,9,0,39.15797760795999,1,true,18.6,15,0,23,0
중앙대,50,C,0,1185.3846951235823,0,start,5,5,0,12.216109995766857,5,5,0,26.67490020836931,0,true,14.4,17,0,13.6,0
중앙대,50,C,5,1185.3846951235823,0,start,5,5,0,16.774556183720648,5,5,0,30.450585168399357,0,true,28.4,17,0,13.6,2.6300000000000026
중앙대,50,C,10,1185.3846951235823,8,start,3,3,0,28.216109995766857,2,2,0,22.767221054081922,0,true,51.4,19,2,13.6,2.6300000000000026
중앙대,50,C,15,1185.3846951235823,0,start,5,5,0,48.77455618372066,5,4,0,41.45058516839936,0,true,57.4,14,0,13.6,9.630000000000003
중앙대,50,AB,0,1193.7156313177736,0,start,5,5,0,11.768724253904907,7,7,0,27.00583640256059,0,true,14.7,19,0,20.5,1.3400000000000034
중앙대,50,AB,5,1193.7156313177736,0,start,5,5,0,16.264556183720657,7,7,0,27.00583640256059,0,true,12.7,19,0,20.5,2.6300000000000026
중앙대,50,AB,10,1193.7156313177736,0,start,5,5,0,30.94152136259072,7,7,0,38.78152136259064,0,true,41.7,18,0,20.5,3.8299999999999983
중앙대,50,AB,15,1193.7156313177736,7,start,3,3,0,34.30218546158986,4,4,0,50.40218546158988,0,true,59.7,20,2,20.5,9.630000000000003
중앙대,50,AC,0,1185.3846951235823,0,start,5,5,0,12.216109995766857,5,5,0,26.67490020836931,0,true,14.4,17,0,13.9,0
중앙대,50,AC,5,1185.3846951235823,0,start,5,5,0,16.774556183720648,5,5,0,30.450585168399357,0,true,28.4,17,0,13.9,2.6300000000000026
중앙대,50,AC,10,1185.3846951235823,8,start,3,3,0,28.216109995766857,2,2,0,22.767221054081922,0,true,51.4,19,2,13.9,2.6300000000000026
중앙대,50,AC,15,1185.3846951235823,0,start,5,5,0,48.77455618372066,5,4,0,41.45058516839936,0,true,57.4,14,0,13.9,9.630000000000003
중앙대,50,BC,0,1185.3846951235823,0,start,5,5,0,12.216109995766857,5,5,0,26.67490020836931,0,true,14.4,17,0,13.6,0
중앙대,50,BC,5,1185.3846951235823,0,start,5,5,0,16.774556183720648,5,5,0,30.450585168399357,0,true,28.4,17,0,13.6,2.6300000000000026
중앙대,50,BC,10,1185.3846951235823,8,start,3,3,0,28.216109995766857,2,2,0,22.767221054081922,0,true,51.4,19,2,13.6,2.6300000000000026
중앙대,50,BC,15,1185.3846951235823,0,start,5,5,0,48.77455618372066,5,4,0,41.45058516839936,0,true,57.4,14,0,13.6,9.630000000000003
중앙대,50,ABC,0,1185.3846951235823,0,start,5,5,0,12.216109995766857,5,5,0,26.67490020836931,0,true,14.4,17,0,14.4,0
중앙대,50,ABC,5,1185.3846951235823,0,start,5,5,0,16.774556183720648,5,5,0,30.450585168399357,0,true,28.4,17,0,14.4,2.6300000000000026
중앙대,50,ABC,10,1185.3846951235823,8,start,3,3,0,28.216109995766857,2,2,0,22.767221054081922,0,true,51.4,19,2,14.4,2.6300000000000026
중앙대,50,ABC,15,1185.3846951235823,0,start,5,5,0,48.77455618372066,5,4,0,41.45058516839936,0,true,57.4,14,0,14.4,9.630000000000003
중앙대,51,최단,0,1073.2354491458154,0,start,2,2,0,12.20967772552035,8,8,0,21.729946335019918,1,true,14.2,15,0,8.5,0
중앙대,51,최단,5,1073.2354491458154,0,start,2,2,0,18.239677725520323,8,8,0,20.80251830947259,1,true,18.2,15,0,8.5,3.9500000000000455
중앙대,51,최단,10,1073.2354491458154,0,start,2,2,0,20.20967772552035,8,8,0,27.80251830947259,1,true,18.2,15,0,8.5,6.9500000000000455
중앙대,51,최단,15,1073.2354491458154,2,start,0,0,0,,2,2,0,54.91853310576698,1,true,18.2,7,9,8.5,0
중앙대,51,A,0,1330.2656894376767,0,start,6,6,0,12.318782373807835,5,5,0,27.555894522463745,1,true,14.3,20,0,19.1,0
중앙대,51,A,5,1330.2656894376767,0,start,6,6,0,13.097104309861322,5,5,0,28.55589452246386,1,true,19.3,20,0,19.1,1.3199999999999932
중앙대,51,A,10,1330.2656894376767,0,start,6,6,0,15.115894522463805,5,5,0,35.55589452246386,1,true,20.3,19,0,19.1,6.760000000000019
중앙대,51,A,15,1330.2656894376767,0,start,6,6,0,29.65555049781517,5,5,0,39.33157948249368,1,true,47.3,18,0,19.1,8.780000000000001
중앙대,51,B,0,1073.2354491458154,0,start,2,2,0,12.20967772552035,8,8,0,21.729946335019918,1,true,14.2,15,0,13.1,0
중앙대,51,B,5,1073.2354491458154,0,start,2,2,0,18.239677725520323,8,8,0,20.80251830947259,1,true,18.2,15,0,13.1,3.9500000000000455
중앙대,51,B,10,1073.2354491458154,0,start,2,2,0,20.20967772552035,8,8,0,27.80251830947259,1,true,18.2,15,0,13.1,6.9500000000000455
중앙대,51,B,15,1073.2354491458154,2,start,0,0,0,,2,2,0,54.91853310576698,1,true,18.2,7,9,13.1,0
중앙대,51,C,0,1330.2656894376767,0,start,6,6,0,12.318782373807835,5,5,0,27.555894522463745,1,true,14.3,20,0,18.9,0
중앙대,51,C,5,1330.2656894376767,0,start,6,6,0,13.097104309861322,5,5,0,28.55589452246386,1,true,19.3,20,0,18.9,1.3199999999999932
중앙대,51,C,10,1330.2656894376767,0,start,6,6,0,15.115894522463805,5,5,0,35.55589452246386,1,true,20.3,19,0,18.9,6.760000000000019
중앙대,51,C,15,1330.2656894376767,0,start,6,6,0,29.65555049781517,5,5,0,39.33157948249368,1,true,47.3,18,0,18.9,8.780000000000001
중앙대,51,AB,0,1173.910884533476,0,start,12,12,0,12.021333423931537,5,5,0,21.729946335019918,1,true,14.9,32,0,16.8,2.1499999999999773
중앙대,51,AB,5,1173.910884533476,0,start,12,12,0,11.235483690966248,5,5,0,24.729946335019918,1,true,15.9,32,0,16.8,5.1299999999999955
중앙대,51,AB,10,1173.910884533476,0,start,12,12,0,21.953061534701305,5,5,0,30.918533105766983,1,true,31.9,29,0,16.8,5.1299999999999955
중앙대,51,AB,15,1173.910884533476,2,start,0,0,0,,2,2,0,54.91853310576698,1,true,31.9,7,26,16.8,0
중앙대,51,AC,0,1330.2656894376767,0,start,6,6,0,12.318782373807835,5,5,0,27.555894522463745,1,true,14.3,20,0,22.6,0
중앙대,51,AC,5,1330.2656894376767,0,start,6,6,0,13.097104309861322,5,5,0,28.55589452246386,1,true,19.3,20,0,22.6,1.3199999999999932
중앙대,51,AC,10,1330.2656894376767,0,start,6,6,0,15.115894522463805,5,5,0,35.55589452246386,1,true,20.3,19,0,22.6,6.760000000000019
중앙대,51,AC,15,1330.2656894376767,0,start,6,6,0,29.65555049781517,5,5,0,39.33157948249368,1,true,47.3,18,0,22.6,8.780000000000001
중앙대,51,BC,0,1173.910884533476,0,start,12,12,0,12.021333423931537,5,5,0,21.729946335019918,1,true,14.9,32,0,16.3,2.1499999999999773
중앙대,51,BC,5,1173.910884533476,0,start,12,12,0,11.235483690966248,5,5,0,24.729946335019918,1,true,15.9,32,0,16.3,5.1299999999999955
중앙대,51,BC,10,1173.910884533476,0,start,12,12,0,21.953061534701305,5,5,0,30.918533105766983,1,true,31.9,29,0,16.3,5.1299999999999955
중앙대,51,BC,15,1173.910884533476,2,start,0,0,0,,2,2,0,54.91853310576698,1,true,31.9,7,26,16.3,0
중앙대,51,ABC,0,1173.910884533476,0,start,12,12,0,12.021333423931537,5,5,0,21.729946335019918,1,true,14.9,32,0,20.3,2.1499999999999773
중앙대,51,ABC,5,1173.910884533476,0,start,12,12,0,11.235483690966248,5,5,0,24.729946335019918,1,true,15.9,32,0,20.3,5.1299999999999955
중앙대,51,ABC,10,1173.910884533476,0,start,12,12,0,21.953061534701305,5,5,0,30.918533105766983,1,true,31.9,29,0,20.3,5.1299999999999955
중앙대,51,ABC,15,1173.910884533476,2,start,0,0,0,,2,2,0,54.91853310576698,1,true,31.9,7,26,20.3,0
중앙대,52,최단,0,852.2307193685228,0,start,2,2,0,12.204947948227755,7,7,0,21.725216557727492,0,true,14.2,13,0,8.3,0
중앙대,52,최단,5,852.2307193685228,0,start,2,2,0,19.433347879564053,7,7,0,27.725216557727492,0,true,18.2,13,0,8.3,0
중앙대,52,최단,10,852.2307193685228,0,start,2,2,0,37.23494794822773,7,7,0,28.725216557727492,0,true,36.2,13,0,8.3,3.9700000000000273
중앙대,52,최단,15,852.2307193685228,0,start,2,2,0,53.18494794822777,7,7,0,34.280719368522796,0,true,37.2,12,0,8.3,2.9500000000000455
중앙대,52,A,0,952.9061547561832,0,start,12,12,0,12.016603646639055,4,4,0,21.913803328474557,0,true,14.9,30,0,16.3,2.1499999999999773
중앙대,52,A,5,952.9061547561832,0,start,12,12,0,14.016603646639055,4,4,0,27.725216557727492,0,true,23.9,30,0,16.3,6.1299999999999955
중앙대,52,A,10,952.9061547561832,0,start,12,12,0,27.94833175740871,4,4,0,28.725216557727492,0,true,23.9,27,0,16.3,9.100000000000023
중앙대,52,A,15,952.9061547561832,0,start,12,12,0,49.8934498189916,4,4,0,41.72521655772749,0,true,23.9,27,0,16.3,15.889999999999986
중앙대,52,B,0,852.2307193685228,0,start,2,2,0,12.204947948227755,7,7,0,21.725216557727492,0,true,14.2,13,0,12.9,0
중앙대,52,B,5,852.2307193685228,0,start,2,2,0,19.433347879564053,7,7,0,27.725216557727492,0,true,18.2,13,0,12.9,0
중앙대,52,B,10,852.2307193685228,0,start,2,2,0,37.23494794822773,7,7,0,28.725216557727492,0,true,36.2,13,0,12.9,3.9700000000000273
중앙대,52,B,15,852.2307193685228,0,start,2,2,0,53.18494794822777,7,7,0,34.280719368522796,0,true,37.2,12,0,12.9,2.9500000000000455
중앙대,52,C,0,952.9061547561832,0,start,12,12,0,12.016603646639055,4,4,0,21.913803328474557,0,true,14.9,30,0,16.3,2.1499999999999773
중앙대,52,C,5,952.9061547561832,0,start,12,12,0,14.016603646639055,4,4,0,27.725216557727492,0,true,23.9,30,0,16.3,6.1299999999999955
중앙대,52,C,10,952.9061547561832,0,start,12,12,0,27.94833175740871,4,4,0,28.725216557727492,0,true,23.9,27,0,16.3,9.100000000000023
중앙대,52,C,15,952.9061547561832,0,start,12,12,0,49.8934498189916,4,4,0,41.72521655772749,0,true,23.9,27,0,16.3,15.889999999999986
중앙대,52,AB,0,952.9061547561832,0,start,12,12,0,12.016603646639055,4,4,0,21.913803328474557,0,true,14.9,30,0,16.8,2.1499999999999773
중앙대,52,AB,5,952.9061547561832,0,start,12,12,0,14.016603646639055,4,4,0,27.725216557727492,0,true,23.9,30,0,16.8,6.1299999999999955
중앙대,52,AB,10,952.9061547561832,0,start,12,12,0,27.94833175740871,4,4,0,28.725216557727492,0,true,23.9,27,0,16.8,9.100000000000023
중앙대,52,AB,15,952.9061547561832,0,start,12,12,0,49.8934498189916,4,4,0,41.72521655772749,0,true,23.9,27,0,16.8,15.889999999999986
중앙대,52,AC,0,952.9061547561832,0,start,12,12,0,12.016603646639055,4,4,0,21.913803328474557,0,true,14.9,30,0,19.8,2.1499999999999773
중앙대,52,AC,5,952.9061547561832,0,start,12,12,0,14.016603646639055,4,4,0,27.725216557727492,0,true,23.9,30,0,19.8,6.1299999999999955
중앙대,52,AC,10,952.9061547561832,0,start,12,12,0,27.94833175740871,4,4,0,28.725216557727492,0,true,23.9,27,0,19.8,9.100000000000023
중앙대,52,AC,15,952.9061547561832,0,start,12,12,0,49.8934498189916,4,4,0,41.72521655772749,0,true,23.9,27,0,19.8,15.889999999999873
중앙대,52,BC,0,952.9061547561832,0,start,12,12,0,12.016603646639055,4,4,0,21.913803328474557,0,true,14.9,30,0,16.3,2.1499999999999773
중앙대,52,BC,5,952.9061547561832,0,start,12,12,0,14.016603646639055,4,4,0,27.725216557727492,0,true,23.9,30,0,16.3,6.1299999999999955
중앙대,52,BC,10,952.9061547561832,0,start,12,12,0,27.94833175740871,4,4,0,28.725216557727492,0,true,23.9,27,0,16.3,9.100000000000023
중앙대,52,BC,15,952.9061547561832,0,start,12,12,0,49.8934498189916,4,4,0,41.72521655772749,0,true,23.9,27,0,16.3,15.889999999999986
중앙대,52,ABC,0,952.9061547561832,0,start,12,12,0,12.016603646639055,4,4,0,21.913803328474557,0,true,14.9,30,0,20.3,2.1499999999999773
중앙대,52,ABC,5,952.9061547561832,0,start,12,12,0,14.016603646639055,4,4,0,27.725216557727492,0,true,23.9,30,0,20.3,6.1299999999999955
중앙대,52,ABC,10,952.9061547561832,0,start,12,12,0,27.94833175740871,4,4,0,28.725216557727492,0,true,23.9,27,0,20.3,9.099999999999966
중앙대,52,ABC,15,952.9061547561832,0,start,12,12,0,49.8934498189916,4,4,0,41.72521655772749,0,true,23.9,27,0,20.3,15.88999999999993
중앙대,53,최단,0,752.3669160400482,0,start,2,2,0,12.341144619753209,6,6,0,21.861413229252946,0,true,14.4,12,0,8.3,0
중앙대,53,최단,5,752.3669160400482,0,start,2,2,0,12.56954455108945,6,6,0,18.933985203705333,0,true,17.4,12,0,8.3,0
중앙대,53,최단,10,752.3669160400482,0,start,2,2,0,13.619544551089461,6,6,0,25.416916040048136,0,true,17.4,12,0,8.3,2.9499999999999886
중앙대,53,최단,15,752.3669160400482,0,start,2,2,0,13.619544551089461,6,6,0,31.419758177421613,0,true,33.4,12,0,8.3,6.949999999999989
중앙대,53,A,0,853.0423514277088,0,start,12,12,0,12.029646490517166,3,3,0,21.092351427708763,0,true,14,29,0,16.1,2.980000000000018
중앙대,53,A,5,853.0423514277088,0,start,12,12,0,13.029646490517166,3,3,0,17.861413229252946,0,true,17,29,0,16.1,4.1299999999999955
중앙대,53,A,10,853.0423514277088,0,start,12,12,0,13.40840358599064,3,3,0,35.09235142770876,0,true,17,29,0,16.1,5.1299999999999955
중앙대,53,A,15,853.0423514277088,0,start,12,12,0,21.2811037195097,3,3,0,36.09235142770876,0,true,18,26,0,16.1,6.1299999999999955
중앙대,53,B,0,752.3669160400482,0,start,2,2,0,12.341144619753209,6,6,0,21.861413229252946,0,true,14.4,12,0,12.9,0
중앙대,53,B,5,752.3669160400482,0,start,2,2,0,12.56954455108945,6,6,0,18.933985203705333,0,true,17.4,12,0,12.9,0
중앙대,53,B,10,752.3669160400482,0,start,2,2,0,13.619544551089461,6,6,0,25.416916040048136,0,true,17.4,12,0,12.9,2.9499999999999886
중앙대,53,B,15,752.3669160400482,0,start,2,2,0,13.619544551089461,6,6,0,31.419758177421613,0,true,33.4,12,0,12.9,6.949999999999989
중앙대,53,C,0,853.0423514277088,0,start,12,12,0,12.029646490517166,3,3,0,21.092351427708763,0,true,14,29,0,16.1,2.980000000000018
중앙대,53,C,5,853.0423514277088,0,start,12,12,0,13.029646490517166,3,3,0,17.861413229252946,0,true,17,29,0,16.1,4.1299999999999955
중앙대,53,C,10,853.0423514277088,0,start,12,12,0,13.40840358599064,3,3,0,35.09235142770876,0,true,17,29,0,16.1,5.1299999999999955
중앙대,53,C,15,853.0423514277088,0,start,12,12,0,21.2811037195097,3,3,0,36.09235142770876,0,true,18,26,0,16.1,6.1299999999999955
중앙대,53,AB,0,853.0423514277088,0,start,12,12,0,12.029646490517166,3,3,0,21.092351427708763,0,true,14,29,0,16.6,2.980000000000018
중앙대,53,AB,5,853.0423514277088,0,start,12,12,0,13.029646490517166,3,3,0,17.861413229252946,0,true,17,29,0,16.6,4.1299999999999955
중앙대,53,AB,10,853.0423514277088,0,start,12,12,0,13.40840358599064,3,3,0,35.09235142770876,0,true,17,29,0,16.6,5.1299999999999955
중앙대,53,AB,15,853.0423514277088,0,start,12,12,0,21.2811037195097,3,3,0,36.09235142770876,0,true,18,26,0,16.6,6.1299999999999955
중앙대,53,AC,0,853.0423514277088,0,start,12,12,0,12.029646490517166,3,3,0,21.092351427708763,0,true,14,29,0,19.6,2.980000000000018
중앙대,53,AC,5,853.0423514277088,0,start,12,12,0,13.029646490517166,3,3,0,17.861413229252946,0,true,17,29,0,19.6,4.1299999999999955
중앙대,53,AC,10,853.0423514277088,0,start,12,12,0,13.40840358599064,3,3,0,35.09235142770876,0,true,17,29,0,19.6,5.1299999999999955
중앙대,53,AC,15,853.0423514277088,0,start,12,12,0,21.2811037195097,3,3,0,36.09235142770876,0,true,18,26,0,19.6,6.1299999999999955
중앙대,53,BC,0,853.0423514277088,0,start,12,12,0,12.029646490517166,3,3,0,21.092351427708763,0,true,14,29,0,16.1,2.980000000000018
중앙대,53,BC,5,853.0423514277088,0,start,12,12,0,13.029646490517166,3,3,0,17.861413229252946,0,true,17,29,0,16.1,4.1299999999999955
중앙대,53,BC,10,853.0423514277088,0,start,12,12,0,13.40840358599064,3,3,0,35.09235142770876,0,true,17,29,0,16.1,5.1299999999999955
중앙대,53,BC,15,853.0423514277088,0,start,12,12,0,21.2811037195097,3,3,0,36.09235142770876,0,true,18,26,0,16.1,6.1299999999999955
중앙대,53,ABC,0,853.0423514277088,0,start,12,12,0,12.029646490517166,3,3,0,21.092351427708763,0,true,14,29,0,20.1,2.980000000000018
중앙대,53,ABC,5,853.0423514277088,0,start,12,12,0,13.029646490517166,3,3,0,17.861413229252946,0,true,17,29,0,20.1,4.1299999999999955
중앙대,53,ABC,10,853.0423514277088,0,start,12,12,0,13.40840358599064,3,3,0,35.09235142770876,0,true,17,29,0,20.1,5.1299999999999955
중앙대,53,ABC,15,853.0423514277088,0,start,12,12,0,21.2811037195097,3,3,0,36.09235142770876,0,true,18,26,0,20.1,6.1299999999999955
중앙대,54,최단,0,393.5555028107956,0,start,2,2,0,12.529731390500316,5,5,0,21.6055028107956,0,true,14.6,11,0,8.3,0
중앙대,54,최단,5,393.5555028107956,0,start,2,2,0,13.758131321836572,5,5,0,22.122571974452683,0,true,21.6,11,0,8.3,0
중앙대,54,최단,10,393.5555028107956,0,start,2,2,0,29.80813132183657,5,5,0,23.6055028107956,0,true,22.6,11,0,8.3,1.9500000000000028
중앙대,54,최단,15,393.5555028107956,0,start,2,2,0,35.80813132183657,5,5,0,23.6055028107956,0,true,22.6,11,0,8.3,0.9500000000000028
중앙대,54,A,0,494.2309381984561,0,start,12,12,0,12.049368940433908,2,2,0,21.280938198456113,0,true,14.2,28,0,16.1,2.980000000000004
중앙대,54,A,5,494.2309381984561,0,start,12,12,0,13.57734565265902,2,2,0,23.280938198456113,0,true,16.2,28,0,16.1,5.13000000000001
중앙대,54,A,10,494.2309381984561,0,start,12,12,0,26.336857423252212,2,2,0,30.689731390500313,0,true,16.2,26,0,16.1,3.1500000000000057
중앙대,54,A,15,494.2309381984561,0,start,12,12,0,31.70734565265903,2,2,0,33.68973139050031,0,true,16.2,26,0,16.1,6.810000000000002
중앙대,54,B,0,393.5555028107956,0,start,2,2,0,12.529731390500316,5,5,0,21.6055028107956,0,true,14.6,11,0,12.9,0
중앙대,54,B,5,393.5555028107956,0,start,2,2,0,13.758131321836572,5,5,0,22.122571974452683,0,true,21.6,11,0,12.9,0
중앙대,54,B,10,393.5555028107956,0,start,2,2,0,29.80813132183657,5,5,0,23.6055028107956,0,true,22.6,11,0,12.9,1.9500000000000028
중앙대,54,B,15,393.5555028107956,0,start,2,2,0,35.80813132183657,5,5,0,23.6055028107956,0,true,22.6,11,0,12.9,0.9500000000000028
중앙대,54,C,0,494.2309381984561,0,start,12,12,0,12.049368940433908,2,2,0,21.280938198456113,0,true,14.2,28,0,16.1,2.980000000000004
중앙대,54,C,5,494.2309381984561,0,start,12,12,0,13.57734565265902,2,2,0,23.280938198456113,0,true,16.2,28,0,16.1,5.13000000000001
중앙대,54,C,10,494.2309381984561,0,start,12,12,0,26.336857423252212,2,2,0,30.689731390500313,0,true,16.2,26,0,16.1,3.1500000000000057
중앙대,54,C,15,494.2309381984561,0,start,12,12,0,31.70734565265903,2,2,0,33.68973139050031,0,true,16.2,26,0,16.1,6.810000000000002
중앙대,54,AB,0,494.2309381984561,0,start,12,12,0,12.049368940433908,2,2,0,21.280938198456113,0,true,14.2,28,0,16.6,2.980000000000004
중앙대,54,AB,5,494.2309381984561,0,start,12,12,0,13.57734565265902,2,2,0,23.280938198456113,0,true,16.2,28,0,16.6,5.13000000000001
중앙대,54,AB,10,494.2309381984561,0,start,12,12,0,26.336857423252212,2,2,0,30.689731390500313,0,true,16.2,26,0,16.6,3.1500000000000057
중앙대,54,AB,15,494.2309381984561,0,start,12,12,0,31.70734565265903,2,2,0,33.68973139050031,0,true,16.2,26,0,16.6,6.810000000000002
중앙대,54,AC,0,494.2309381984561,0,start,12,12,0,12.049368940433908,2,2,0,21.280938198456113,0,true,14.2,28,0,19.6,2.980000000000004
중앙대,54,AC,5,494.2309381984561,0,start,12,12,0,13.57734565265902,2,2,0,23.280938198456113,0,true,16.2,28,0,19.6,5.13000000000001
중앙대,54,AC,10,494.2309381984561,0,start,12,12,0,26.336857423252212,2,2,0,30.689731390500313,0,true,16.2,26,0,19.6,3.1500000000000057
중앙대,54,AC,15,494.2309381984561,0,start,12,12,0,31.70734565265903,2,2,0,33.68973139050031,0,true,16.2,26,0,19.6,6.810000000000002
중앙대,54,BC,0,494.2309381984561,0,start,12,12,0,12.049368940433908,2,2,0,21.280938198456113,0,true,14.2,28,0,16.1,2.980000000000004
중앙대,54,BC,5,494.2309381984561,0,start,12,12,0,13.57734565265902,2,2,0,23.280938198456113,0,true,16.2,28,0,16.1,5.13000000000001
중앙대,54,BC,10,494.2309381984561,0,start,12,12,0,26.336857423252212,2,2,0,30.689731390500313,0,true,16.2,26,0,16.1,3.1500000000000057
중앙대,54,BC,15,494.2309381984561,0,start,12,12,0,31.70734565265903,2,2,0,33.68973139050031,0,true,16.2,26,0,16.1,6.810000000000002
중앙대,54,ABC,0,494.2309381984561,0,start,12,12,0,12.049368940433908,2,2,0,21.280938198456113,0,true,14.2,28,0,20.1,2.980000000000004
중앙대,54,ABC,5,494.2309381984561,0,start,12,12,0,13.57734565265902,2,2,0,23.280938198456113,0,true,16.2,28,0,20.1,5.13000000000001
중앙대,54,ABC,10,494.2309381984561,0,start,12,12,0,26.336857423252212,2,2,0,30.689731390500313,0,true,16.2,26,0,20.1,3.1500000000000057
중앙대,54,ABC,15,494.2309381984561,0,start,12,12,0,31.70734565265903,2,2,0,33.68973139050031,0,true,16.2,26,0,20.1,6.810000000000002
중앙대,55,최단,0,203.38501667316012,0,start,0,0,0,,3,3,0,21.952085836817275,0,true,14.4,5,0,8.3,0
중앙대,55,최단,5,203.38501667316012,0,start,0,0,0,,3,3,0,20.952085836817275,0,true,10.4,5,0,8.3,0
중앙대,55,최단,10,203.38501667316012,0,start,0,0,0,,3,3,0,25.435016673160135,0,true,10.4,5,0,8.3,0
중앙대,55,최단,15,203.38501667316012,0,start,0,0,0,,3,3,0,31.435016673160135,0,true,10.4,5,0,8.3,0
중앙대,55,A,0,203.38501667316012,0,start,0,0,0,,3,3,0,21.952085836817275,0,true,14.4,5,0,12.9,0
중앙대,55,A,5,203.38501667316012,0,start,0,0,0,,3,3,0,20.952085836817275,0,true,10.4,5,0,12.9,0
중앙대,55,A,10,203.38501667316012,0,start,0,0,0,,3,3,0,25.435016673160135,0,true,10.4,5,0,12.9,0
중앙대,55,A,15,203.38501667316012,0,start,0,0,0,,3,3,0,31.435016673160135,0,true,10.4,5,0,12.9,0
중앙대,55,B,0,203.38501667316012,0,start,0,0,0,,3,3,0,21.952085836817275,0,true,14.4,5,0,12.9,0
중앙대,55,B,5,203.38501667316012,0,start,0,0,0,,3,3,0,20.952085836817275,0,true,10.4,5,0,12.9,0
중앙대,55,B,10,203.38501667316012,0,start,0,0,0,,3,3,0,25.435016673160135,0,true,10.4,5,0,12.9,0
중앙대,55,B,15,203.38501667316012,0,start,0,0,0,,3,3,0,31.435016673160135,0,true,10.4,5,0,12.9,0
중앙대,55,C,0,203.38501667316012,0,start,0,0,0,,3,3,0,21.952085836817275,0,true,14.4,5,0,13.4,0
중앙대,55,C,5,203.38501667316012,0,start,0,0,0,,3,3,0,20.952085836817275,0,true,10.4,5,0,13.4,0
중앙대,55,C,10,203.38501667316012,0,start,0,0,0,,3,3,0,25.435016673160135,0,true,10.4,5,0,13.4,0
중앙대,55,C,15,203.38501667316012,0,start,0,0,0,,3,3,0,31.435016673160135,0,true,10.4,5,0,13.4,0
중앙대,55,AB,0,203.38501667316012,0,start,0,0,0,,3,3,0,21.952085836817275,0,true,14.4,5,0,13.4,0
중앙대,55,AB,5,203.38501667316012,0,start,0,0,0,,3,3,0,20.952085836817275,0,true,10.4,5,0,13.4,0
중앙대,55,AB,10,203.38501667316012,0,start,0,0,0,,3,3,0,25.435016673160135,0,true,10.4,5,0,13.4,0
중앙대,55,AB,15,203.38501667316012,0,start,0,0,0,,3,3,0,31.435016673160135,0,true,10.4,5,0,13.4,0
중앙대,55,AC,0,203.38501667316012,0,start,0,0,0,,3,3,0,21.952085836817275,0,true,14.4,5,0,13.7,0
중앙대,55,AC,5,203.38501667316012,0,start,0,0,0,,3,3,0,20.952085836817275,0,true,10.4,5,0,13.7,0
중앙대,55,AC,10,203.38501667316012,0,start,0,0,0,,3,3,0,25.435016673160135,0,true,10.4,5,0,13.7,0
중앙대,55,AC,15,203.38501667316012,0,start,0,0,0,,3,3,0,31.435016673160135,0,true,10.4,5,0,13.7,0
중앙대,55,BC,0,203.38501667316012,0,start,0,0,0,,3,3,0,21.952085836817275,0,true,14.4,5,0,13.4,0
중앙대,55,BC,5,203.38501667316012,0,start,0,0,0,,3,3,0,20.952085836817275,0,true,10.4,5,0,13.4,0
중앙대,55,BC,10,203.38501667316012,0,start,0,0,0,,3,3,0,25.435016673160135,0,true,10.4,5,0,13.4,0
중앙대,55,BC,15,203.38501667316012,0,start,0,0,0,,3,3,0,31.435016673160135,0,true,10.4,5,0,13.4,0
중앙대,55,ABC,0,203.38501667316012,0,start,0,0,0,,3,3,0,21.952085836817275,0,true,14.4,5,0,14.3,0
중앙대,55,ABC,5,203.38501667316012,0,start,0,0,0,,3,3,0,20.952085836817275,0,true,10.4,5,0,14.3,0
중앙대,55,ABC,10,203.38501667316012,0,start,0,0,0,,3,3,0,25.435016673160135,0,true,10.4,5,0,14.3,0
중앙대,55,ABC,15,203.38501667316012,0,start,0,0,0,,3,3,0,31.435016673160135,0,true,10.4,5,0,14.3,0
중앙대,56,최단,0,297.5389731659193,0,start,1,1,0,11.173956492759132,3,3,0,21.5889731659193,0,true,14.5,7,0,8.3,0
중앙대,56,최단,5,297.5389731659193,0,start,1,1,0,9.173956492759132,3,3,0,24.5889731659193,0,true,12.5,7,0,8.3,0
중앙대,56,최단,10,297.5389731659193,0,start,1,1,0,9.173956492759132,3,3,0,36.59181530329255,0,true,32.5,7,0,8.3,0.9499999999999886
중앙대,56,최단,15,297.5389731659193,0,start,1,1,0,30.17395649275913,3,3,0,38.59181530329255,0,true,39.5,7,0,8.3,0
중앙대,56,A,0,359.7947878745026,0,start,6,6,0,12.119387031993028,1,1,0,21.84478787450263,0,true,14.8,15,0,15.9,2.1500000000000057
중앙대,56,A,5,359.7947878745026,0,start,6,6,0,14.883540166303362,1,1,0,18.84478787450263,0,true,8.8,15,0,15.9,1.1500000000000057
중앙대,56,A,10,359.7947878745026,0,start,6,6,0,29.079202036954342,1,1,0,15.844787874502629,0,true,8.8,14,0,15.9,2.1500000000000057
중앙대,56,A,15,359.7947878745026,1,start,0,0,0,,0,0,0,,0,true,8.8,11,4,15.9,3.1500000000000057
중앙대,56,B,0,297.5389731659193,0,start,1,1,0,11.173956492759132,3,3,0,21.5889731659193,0,true,14.5,7,0,12.9,0
중앙대,56,B,5,297.5389731659193,0,start,1,1,0,9.173956492759132,3,3,0,24.5889731659193,0,true,12.5,7,0,12.9,0
중앙대,56,B,10,297.5389731659193,0,start,1,1,0,9.173956492759132,3,3,0,36.59181530329255,0,true,32.5,7,0,12.9,0.9499999999999886
중앙대,56,B,15,297.5389731659193,0,start,1,1,0,30.17395649275913,3,3,0,38.59181530329255,0,true,39.5,7,0,12.9,0
중앙대,56,C,0,359.7947878745026,0,start,6,6,0,12.119387031993028,1,1,0,21.84478787450263,0,true,14.8,15,0,15.7,2.1500000000000057
중앙대,56,C,5,359.7947878745026,0,start,6,6,0,14.883540166303362,1,1,0,18.84478787450263,0,true,8.8,15,0,15.7,1.1500000000000057
중앙대,56,C,10,359.7947878745026,0,start,6,6,0,29.079202036954342,1,1,0,15.844787874502629,0,true,8.8,14,0,15.7,2.1500000000000057
중앙대,56,C,15,359.7947878745026,1,start,0,0,0,,0,0,0,,0,true,8.8,11,4,15.7,3.1500000000000057
중앙대,56,AB,0,359.7947878745026,0,start,6,6,0,12.119387031993028,1,1,0,21.84478787450263,0,true,14.8,15,0,16.4,2.1500000000000057
중앙대,56,AB,5,359.7947878745026,0,start,6,6,0,14.883540166303362,1,1,0,18.84478787450263,0,true,8.8,15,0,16.4,1.1500000000000057
중앙대,56,AB,10,359.7947878745026,0,start,6,6,0,29.079202036954342,1,1,0,15.844787874502629,0,true,8.8,14,0,16.4,2.1500000000000057
중앙대,56,AB,15,359.7947878745026,1,start,0,0,0,,0,0,0,,0,true,8.8,11,4,16.4,3.1500000000000057
중앙대,56,AC,0,359.7947878745026,0,start,6,6,0,12.119387031993028,1,1,0,21.84478787450263,0,true,14.8,15,0,19.3,2.1500000000000057
중앙대,56,AC,5,359.7947878745026,0,start,6,6,0,14.883540166303362,1,1,0,18.84478787450263,0,true,8.8,15,0,19.3,1.1500000000000057
중앙대,56,AC,10,359.7947878745026,0,start,6,6,0,29.079202036954342,1,1,0,15.844787874502629,0,true,8.8,14,0,19.3,2.1500000000000057
중앙대,56,AC,15,359.7947878745026,1,start,0,0,0,,0,0,0,,0,true,8.8,11,4,19.3,3.1500000000000057
중앙대,56,BC,0,359.7947878745026,0,start,6,6,0,12.119387031993028,1,1,0,21.84478787450263,0,true,14.8,15,0,15.7,2.1500000000000057
중앙대,56,BC,5,359.7947878745026,0,start,6,6,0,14.883540166303362,1,1,0,18.84478787450263,0,true,8.8,15,0,15.7,1.1500000000000057
중앙대,56,BC,10,359.7947878745026,0,start,6,6,0,29.079202036954342,1,1,0,15.844787874502629,0,true,8.8,14,0,15.7,2.1500000000000057
중앙대,56,BC,15,359.7947878745026,1,start,0,0,0,,0,0,0,,0,true,8.8,11,4,15.7,3.1500000000000057
중앙대,56,ABC,0,359.7947878745026,0,start,6,6,0,12.119387031993028,1,1,0,21.84478787450263,0,true,14.8,15,0,19.8,2.1500000000000057
중앙대,56,ABC,5,359.7947878745026,0,start,6,6,0,14.883540166303362,1,1,0,18.84478787450263,0,true,8.8,15,0,19.8,1.1500000000000057
중앙대,56,ABC,10,359.7947878745026,0,start,6,6,0,29.079202036954342,1,1,0,15.844787874502629,0,true,8.8,14,0,19.8,2.1500000000000057
중앙대,56,ABC,15,359.7947878745026,1,start,0,0,0,,0,0,0,,0,true,8.8,11,4,19.8,3.1500000000000057
중앙대,57,최단,0,444.0224515293827,0,start,4,4,0,11.936800912463042,4,4,0,21.589520693039788,0,true,14,14,0,8.3,0
중앙대,57,최단,5,444.0224515293827,0,start,4,4,0,12.193599770534206,4,4,0,28.072451529382704,0,true,10,14,0,8.3,0
중앙대,57,최단,10,444.0224515293827,0,start,4,4,0,12.193599770534206,4,4,0,33.58952069303979,0,true,20,14,0,8.3,2.980000000000004
중앙대,57,최단,15,444.0224515293827,0,start,4,4,0,33.83014691915298,4,3,0,35.58952069303979,0,true,42,12,0,8.3,1.980000000000004
중앙대,57,A,0,460.7591856080825,0,start,7,7,0,11.956649795614823,3,3,0,21.809185608082487,0,true,14.8,19,0,15.9,1.1499999999999773
중앙대,57,A,5,460.7591856080825,0,start,7,7,0,10.869634498538176,3,3,0,17.809185608082487,0,true,10.8,19,0,15.9,0
중앙대,57,A,10,460.7591856080825,0,start,7,7,0,12.577616350060282,3,3,0,14.809185608082487,0,true,0,19,0,15.9,2.980000000000004
중앙대,57,A,15,460.7591856080825,0,start,7,7,0,38.57761635006028,3,2,0,49.80918560808249,0,false,,14,0,15.9,1.980000000000004
중앙대,57,B,0,444.0224515293827,0,start,4,4,0,11.936800912463042,4,4,0,21.589520693039788,0,true,14,14,0,12.9,0
중앙대,57,B,5,444.0224515293827,0,start,4,4,0,12.193599770534206,4,4,0,28.072451529382704,0,true,10,14,0,12.9,0
중앙대,57,B,10,444.0224515293827,0,start,4,4,0,12.193599770534206,4,4,0,33.58952069303979,0,true,20,14,0,12.9,2.980000000000004
중앙대,57,B,15,444.0224515293827,0,start,4,4,0,33.83014691915298,4,3,0,35.58952069303979,0,true,42,12,0,12.9,1.980000000000004
중앙대,57,C,0,462.711751679484,0,start,8,8,0,12.07921586701633,2,2,0,26.949215867016335,0,true,14.7,20,0,15.7,1.1499999999999773
중앙대,57,C,5,462.711751679484,0,start,8,8,0,11.822200569939696,2,2,0,27.949215867016342,0,true,3.7,20,0,15.7,2.3000000000000114
중앙대,57,C,10,462.711751679484,0,start,8,8,0,18.800503971284797,2,2,0,33.94921586701634,0,true,1.7,18,0,15.7,2.3399999999999963
중앙대,57,C,15,462.711751679484,0,start,8,8,0,58.059215867016334,2,2,0,33.94921586701634,0,false,,14,0,15.7,2.3399999999999963
중앙대,57,AB,0,460.7591856080825,0,start,7,7,0,11.956649795614823,3,3,0,21.809185608082487,0,true,14.8,19,0,16.4,1.1499999999999773
중앙대,57,AB,5,460.7591856080825,0,start,7,7,0,10.869634498538176,3,3,0,17.809185608082487,0,true,10.8,19,0,16.4,0
중앙대,57,AB,10,460.7591856080825,0,start,7,7,0,12.577616350060282,3,3,0,14.809185608082487,0,true,0,19,0,16.4,2.980000000000004
중앙대,57,AB,15,460.7591856080825,0,start,7,7,0,38.57761635006028,3,2,0,49.80918560808249,0,false,,14,0,16.4,1.980000000000004
중앙대,57,AC,0,462.711751679484,0,start,8,8,0,12.07921586701633,2,2,0,26.949215867016335,0,true,14.7,20,0,19.3,1.1499999999999773
중앙대,57,AC,5,462.711751679484,0,start,8,8,0,11.822200569939696,2,2,0,27.949215867016335,0,true,3.7,20,0,19.3,2.3000000000000114
중앙대,57,AC,10,462.711751679484,0,start,8,8,0,18.800503971284797,2,2,0,33.94921586701634,0,true,1.7,18,0,19.3,2.3399999999999963
중앙대,57,AC,15,462.711751679484,0,start,8,8,0,58.059215867016334,2,2,0,33.94921586701634,0,false,,14,0,19.3,2.3399999999999963
중앙대,57,BC,0,462.711751679484,0,start,8,8,0,12.07921586701633,2,2,0,26.949215867016335,0,true,14.7,20,0,15.7,1.1499999999999773
중앙대,57,BC,5,462.711751679484,0,start,8,8,0,11.822200569939696,2,2,0,27.949215867016342,0,true,3.7,20,0,15.7,2.3000000000000114
중앙대,57,BC,10,462.711751679484,0,start,8,8,0,18.800503971284797,2,2,0,33.94921586701634,0,true,1.7,18,0,15.7,2.3399999999999963
중앙대,57,BC,15,462.711751679484,0,start,8,8,0,58.059215867016334,2,2,0,33.94921586701634,0,false,,14,0,15.7,2.3399999999999963
중앙대,57,ABC,0,462.711751679484,0,start,8,8,0,12.07921586701633,2,2,0,26.949215867016335,0,true,14.7,20,0,19.8,1.1499999999999773
중앙대,57,ABC,5,462.711751679484,0,start,8,8,0,11.822200569939696,2,2,0,27.949215867016335,0,true,3.7,20,0,19.8,2.3000000000000114
중앙대,57,ABC,10,462.711751679484,0,start,8,8,0,18.800503971284797,2,2,0,33.949215867016335,0,true,1.7,18,0,19.8,2.3400000000000034
중앙대,57,ABC,15,462.711751679484,0,start,8,8,0,58.059215867016334,2,2,0,33.949215867016335,0,false,,14,0,19.8,2.3400000000000034
중앙대,58,최단,0,677.0159147225645,0,start,3,3,0,11.83434546454248,5,5,0,24.273275562395952,0,true,14,13,0,8.3,0
중앙대,58,최단,5,677.0159147225645,0,start,3,3,0,10.83434546454248,5,5,0,24.034916204755064,0,true,12,13,0,8.3,4
중앙대,58,최단,10,677.0159147225645,0,start,3,3,0,23.490513880055005,5,5,0,33.03491620475506,0,true,12,13,0,8.3,4.9500000000000455
중앙대,58,최단,15,677.0159147225645,0,start,3,3,0,38.83434546454248,5,5,0,40.03491620475506,0,true,12,12,0,8.3,2.980000000000018
중앙대,58,A,0,677.0159147225645,0,start,3,3,0,11.83434546454248,5,5,0,24.273275562395952,0,true,14,13,0,12.9,0
중앙대,58,A,5,677.0159147225645,0,start,3,3,0,10.83434546454248,5,5,0,24.034916204755064,0,true,12,13,0,12.9,4
중앙대,58,A,10,677.0159147225645,0,start,3,3,0,23.490513880055005,5,5,0,33.03491620475506,0,true,12,13,0,12.9,4.9500000000000455
중앙대,58,A,15,677.0159147225645,0,start,3,3,0,38.83434546454248,5,5,0,40.03491620475506,0,true,12,12,0,12.9,2.980000000000018
중앙대,58,B,0,795.9241329111394,0,start,3,3,0,11.559116237979424,6,6,0,21.97413291113935,0,true,14.9,14,0,23,0
중앙대,58,B,5,795.9241329111394,0,start,3,3,0,13.981549641921333,6,6,0,24.43515974522029,0,true,17.9,14,0,23,0
중앙대,58,B,10,795.9241329111394,0,start,3,3,0,17.40515974522026,6,6,0,33.49120207479655,0,true,17.9,14,0,23,0
중앙대,58,B,15,795.9241329111394,0,start,3,3,0,17.40515974522026,6,6,0,33.49120207479655,0,true,18.9,13,0,23,0
중앙대,58,C,0,700.7280031918943,0,start,5,5,0,12.373275562395953,4,4,0,24.273275562395952,0,true,14.7,16,0,15.7,0
중앙대,58,C,5,700.7280031918943,0,start,5,5,0,19.6684520823502,4,4,0,24.273275562395952,0,true,21.7,16,0,15.7,1.1299999999999955
중앙대,58,C,10,700.7280031918943,0,start,5,5,0,33.54643393387232,4,4,0,34.98793329743421,0,true,21.7,14,0,15.7,0
중앙대,58,C,15,700.7280031918943,0,start,5,5,0,35.54643393387232,4,4,0,36.27327556239595,0,true,21.7,14,0,15.7,0
중앙대,58,AB,0,832.4674149095155,0,start,8,8,0,12.285845651493446,4,4,0,24.273275562395952,0,true,14.5,22,0,16.9,1.1499999999999773
중앙대,58,AB,5,832.4674149095155,0,start,8,8,0,13.981549641921333,4,4,0,23.517414909515423,0,true,14.5,22,0,16.9,2.2999999999999545
중앙대,58,AB,10,832.4674149095155,0,start,8,8,0,21.792014067005994,4,4,0,32.12474059440177,0,true,16.5,20,0,16.9,2.2999999999999545
중앙대,58,AB,15,832.4674149095155,0,start,8,8,0,48.70616720131636,4,4,0,33.51741490951542,0,true,16.5,19,0,16.9,2.2999999999999545
중앙대,58,AC,0,700.7280031918943,0,start,5,5,0,12.373275562395953,4,4,0,24.273275562395952,0,true,14.7,16,0,16.1,0
중앙대,58,AC,5,700.7280031918943,0,start,5,5,0,19.6684520823502,4,4,0,24.273275562395952,0,true,21.7,16,0,16.1,1.1299999999999955
중앙대,58,AC,10,700.7280031918943,0,start,5,5,0,33.54643393387232,4,4,0,34.98793329743418,0,true,21.7,14,0,16.1,0
중앙대,58,AC,15,700.7280031918943,0,start,5,5,0,35.54643393387232,4,4,0,36.27327556239595,0,true,21.7,14,0,16.1,0
중앙대,58,BC,0,832.4674149095155,0,start,8,8,0,12.285845651493446,4,4,0,24.273275562395952,0,true,14.5,22,0,19.4,1.1499999999999773
중앙대,58,BC,5,832.4674149095155,0,start,8,8,0,13.981549641921333,4,4,0,23.517414909515423,0,true,14.5,22,0,19.4,2.2999999999999545
중앙대,58,BC,10,832.4674149095155,0,start,8,8,0,21.792014067005994,4,4,0,32.12474059440177,0,true,16.5,20,0,19.4,2.2999999999999545
중앙대,58,BC,15,832.4674149095155,0,start,8,8,0,48.70616720131636,4,4,0,33.51741490951542,0,true,16.5,19,0,19.4,2.2999999999999545
중앙대,58,ABC,0,832.4674149095155,0,start,8,8,0,12.285845651493446,4,4,0,24.273275562395952,0,true,14.5,22,0,20.3,1.1499999999999773
중앙대,58,ABC,5,832.4674149095155,0,start,8,8,0,13.981549641921333,4,4,0,23.517414909515423,0,true,14.5,22,0,20.3,2.2999999999999545
중앙대,58,ABC,10,832.4674149095155,0,start,8,8,0,21.792014067005994,4,4,0,32.12474059440177,0,true,16.5,20,0,20.3,2.2999999999999545
중앙대,58,ABC,15,832.4674149095155,0,start,8,8,0,48.70616720131636,4,4,0,33.51741490951542,0,true,16.5,19,0,20.3,2.2999999999999545
중앙대,59,최단,0,1450.991006038029,0,start,4,4,0,12.460286669506786,9,9,0,21.67408999798124,1,true,15,20,0,8.5,0
중앙대,59,최단,5,1450.991006038029,0,start,4,4,0,13.460286669506786,9,9,0,26.67408999798124,1,true,13,19,0,8.5,0
중앙대,59,최단,10,1450.991006038029,0,start,4,4,0,25.995234617734013,9,8,0,39.48550322723395,1,true,19,17,0,8.5,5.970000000000027
중앙대,59,최단,15,1450.991006038029,1,start,4,4,0,63.48252940725084,8,5,0,45.48550322723395,1,true,35,13,6,8.5,2.32000000000005
중앙대,59,A,0,1534.631110317023,0,start,6,6,0,12.116415193440275,6,6,0,26.921315401809807,0,true,14.6,20,0,19.1,0
중앙대,59,A,5,1534.631110317023,0,start,6,6,0,13.4625251892071,6,6,0,25.013636247522186,0,true,11.6,19,0,19.1,2.6299999999999955
중앙대,59,A,10,1534.631110317023,0,start,6,6,0,24.4625251892071,6,5,0,29.013636247522186,0,true,11.6,17,0,19.1,5.6299999999999955
중앙대,59,A,15,1534.631110317023,0,start,6,6,0,25.4625251892071,6,5,0,35.013636247522186,0,true,30.6,17,0,19.1,5.460000000000036
중앙대,59,B,0,1576.8373236377427,0,start,3,3,0,12.039952148784096,10,10,0,21.88732363774261,0,true,14.8,18,0,20.1,0
중앙대,59,B,5,1576.8373236377427,0,start,3,3,0,10.94641519344026,10,10,0,26.331820826947705,0,true,14.8,18,0,20.1,0
중앙대,59,B,10,1576.8373236377427,0,start,3,3,0,53.791552217447816,10,9,0,29.371874491927883,0,true,14.8,15,0,20.1,0
중앙대,59,B,15,1576.8373236377427,2,start,3,3,0,33.8115522174478,7,6,0,44.52040759769477,0,true,51.8,15,3,20.1,0
중앙대,59,C,0,1534.631110317023,0,start,6,6,0,12.116415193440275,6,6,0,26.921315401809807,0,true,14.6,20,0,18.9,0
중앙대,59,C,5,1534.631110317023,0,start,6,6,0,13.4625251892071,6,6,0,25.013636247522186,0,true,11.6,19,0,18.9,2.6299999999999955
중앙대,59,C,10,1534.631110317023,0,start,6,6,0,24.4625251892071,6,5,0,29.013636247522186,0,true,11.6,17,0,18.9,5.6299999999999955
중앙대,59,C,15,1534.631110317023,0,start,6,6,0,25.4625251892071,6,5,0,35.013636247522186,0,true,30.6,17,0,18.9,5.460000000000036
중앙대,59,AB,0,1677.512759025404,0,start,13,13,0,11.94641519344026,7,7,0,21.52040759769477,0,true,14.5,35,0,20.3,1.9800000000000182
중앙대,59,AB,5,1677.512759025404,0,start,13,13,0,14.87881118368523,7,7,0,26.331820826947705,0,true,17.5,35,0,20.3,5.130000000000109
중앙대,59,AB,10,1677.512759025404,0,start,13,13,0,23.83735818289415,7,6,0,34.56275902540392,0,true,21.5,30,0,20.3,5.809999999999945
중앙대,59,AB,15,1677.512759025404,2,start,7,7,0,42.618678250199764,6,5,0,39.37187449192788,0,true,39.5,24,12,20.3,6.130000000000109
중앙대,59,AC,0,1534.631110317023,0,start,6,6,0,12.116415193440275,6,6,0,26.921315401809807,0,true,14.6,20,0,22.6,0
중앙대,59,AC,5,1534.631110317023,0,start,6,6,0,13.4625251892071,6,6,0,25.013636247522186,0,true,11.6,19,0,22.6,2.6299999999999955
중앙대,59,AC,10,1534.631110317023,0,start,6,6,0,24.4625251892071,6,5,0,29.013636247522186,0,true,11.6,17,0,22.6,5.6299999999999955
중앙대,59,AC,15,1534.631110317023,0,start,6,6,0,25.4625251892071,6,5,0,35.013636247522186,0,true,30.6,17,0,22.6,5.460000000000036
중앙대,59,BC,0,1677.512759025404,0,start,13,13,0,11.94641519344026,7,7,0,21.52040759769477,0,true,14.5,35,0,19.6,1.9800000000000182
중앙대,59,BC,5,1677.512759025404,0,start,13,13,0,14.87881118368523,7,7,0,26.331820826947705,0,true,17.5,35,0,19.6,5.130000000000109
중앙대,59,BC,10,1677.512759025404,0,start,13,13,0,23.83735818289415,7,6,0,34.56275902540392,0,true,21.5,30,0,19.6,5.809999999999945
중앙대,59,BC,15,1677.512759025404,2,start,7,7,0,42.618678250199764,6,5,0,39.37187449192788,0,true,39.5,24,12,19.6,6.130000000000109
중앙대,59,ABC,0,1677.512759025404,0,start,13,13,0,11.94641519344026,7,7,0,21.52040759769477,0,true,14.5,35,0,23.6,1.9800000000000182
중앙대,59,ABC,5,1677.512759025404,0,start,13,13,0,14.87881118368523,7,7,0,26.331820826947705,0,true,17.5,35,0,23.6,5.130000000000109
중앙대,59,ABC,10,1677.512759025404,0,start,13,13,0,23.83735818289415,7,6,0,34.56275902540392,0,true,21.5,30,0,23.6,5.809999999999945
중앙대,59,ABC,15,1677.512759025404,2,start,7,7,0,42.618678250199764,6,5,0,39.37187449192788,0,true,39.5,24,12,23.6,6.130000000000109
중앙대,60,최단,0,1488.3311093316206,0,start,6,6,0,12.579081054214384,11,11,0,21.89817849527776,0,true,14.3,25,0,8.5,0
중앙대,60,최단,5,1488.3311093316206,0,start,6,6,0,17.842632700842444,11,11,0,25.89817849527776,0,true,20.3,25,0,8.5,0.15000000000000036
중앙대,60,최단,10,1488.3311093316206,0,start,6,6,0,27.579081054214384,11,11,0,31.465337911325832,0,true,29.3,25,0,8.5,4.440000000000055
중앙대,60,최단,15,1488.3311093316206,0,start,6,6,0,35.40721087297377,11,10,0,33.66,0,true,29.3,21,0,8.5,2.34
중앙대,60,A,0,1769.8058540951154,0,start,10,10,0,12.03174413993247,8,8,0,27.096059179901886,0,true,14.8,30,0,19.1,0
중앙대,60,A,5,1769.8058540951154,0,start,10,10,0,15.76721087297377,8,8,0,27.096059179901886,0,true,20.8,30,0,19.1,2.319999999999993
중앙대,60,A,10,1769.8058540951154,5,start,8,8,0,19.195715155253083,5,5,0,31.597586188861342,0,true,23.8,30,3,19.1,4.6299999999999955
중앙대,60,A,15,1769.8058540951154,5,start,8,8,0,34.63726896729929,5,5,0,31.597586188861342,0,true,42.8,28,2,19.1,4.6299999999999955
중앙대,60,B,0,1812.012067415835,0,start,7,7,0,11.977586188861352,12,12,0,21.695151375786963,0,true,14,28,0,16.6,0
중앙대,60,B,5,1812.012067415835,0,start,7,7,0,14.977586188861352,12,12,0,24.506564605040012,0,true,14,28,0,16.6,2.319999999999993
중앙대,60,B,10,1812.012067415835,0,start,7,7,0,19.004093597725756,12,12,0,28.54661827002019,0,true,14,27,0,16.6,3.9700000000000273
중앙대,60,B,15,1812.012067415835,0,start,7,7,0,28.977586188861352,12,12,0,32.0746959268763,0,true,30,25,0,16.6,4.9500000000000455
중앙대,60,C,0,1769.8058540951154,0,start,10,10,0,12.03174413993247,8,8,0,27.096059179901886,0,true,14.8,30,0,18.9,0
중앙대,60,C,5,1769.8058540951154,0,start,10,10,0,15.76721087297377,8,8,0,27.096059179901886,0,true,20.8,30,0,18.9,2.319999999999993
중앙대,60,C,10,1769.8058540951154,5,start,8,8,0,19.195715155253083,5,5,0,31.597586188861342,0,true,23.8,30,3,18.9,4.6299999999999955
중앙대,60,C,15,1769.8058540951154,5,start,8,8,0,34.63726896729929,5,5,0,31.597586188861342,0,true,42.8,28,2,18.9,4.6299999999999955
중앙대,60,AB,0,1912.6875028034963,0,start,17,17,0,11.986295995540104,9,9,0,21.737502803496227,0,true,14.7,45,0,16.8,1.9800000000000182
중앙대,60,AB,5,1912.6875028034963,0,start,17,17,0,14.304093597725753,9,9,0,23.341348047312522,0,true,17.7,45,0,16.8,4.100000000000136
중앙대,60,AB,10,1912.6875028034963,0,start,17,17,0,25.821955789627395,9,9,0,27.695151375786963,0,true,18.7,41,0,16.8,10.100000000000136
중앙대,60,AB,15,1912.6875028034963,1,start,11,11,0,28.977586188861352,8,8,0,31.597586188861342,0,true,18.7,33,13,16.8,10.720000000000027
중앙대,60,AC,0,1769.8058540951154,0,start,10,10,0,12.03174413993247,8,8,0,27.096059179901886,0,true,14.8,30,0,22.6,0
중앙대,60,AC,5,1769.8058540951154,0,start,10,10,0,15.76721087297377,8,8,0,27.096059179901886,0,true,20.8,30,0,22.6,2.319999999999993
중앙대,60,AC,10,1769.8058540951154,5,start,8,8,0,19.195715155253083,5,5,0,31.597586188861342,0,true,23.8,30,3,22.6,4.6299999999999955
중앙대,60,AC,15,1769.8058540951154,5,start,8,8,0,34.63726896729929,5,5,0,31.597586188861342,0,true,42.8,28,2,22.6,4.6299999999999955
중앙대,60,BC,0,1589.0065447192817,0,start,16,16,0,12.116993609737165,8,8,0,22.014193291572838,0,true,14,42,0,16.3,2.980000000000018
중앙대,60,BC,5,1589.0065447192817,0,start,16,16,0,13.116993609737165,8,8,0,28.465337911325832,0,true,16,42,0,16.3,5.130000000000109
중앙대,60,BC,10,1589.0065447192817,0,start,16,16,0,21.993839782089708,8,8,0,31.465337911325832,0,true,16,42,0,16.3,4.970000000000027
중앙대,60,BC,15,1589.0065447192817,0,start,16,16,0,44.824975461259555,8,6,0,33.66,0,true,24,35,0,16.3,17.74000000000001
중앙대,60,ABC,0,1912.6875028034963,0,start,17,17,0,11.986295995540104,9,9,0,21.737502803496227,0,true,14.7,45,0,20.1,1.9800000000000182
중앙대,60,ABC,5,1912.6875028034963,0,start,17,17,0,14.304093597725753,9,9,0,23.341348047312522,0,true,17.7,45,0,20.1,4.100000000000136
중앙대,60,ABC,10,1912.6875028034963,0,start,17,17,0,25.821955789627395,9,9,0,27.695151375786963,0,true,18.7,41,0,20.1,10.100000000000136
중앙대,60,ABC,15,1912.6875028034963,1,start,11,11,0,28.977586188861352,8,8,0,31.597586188861342,0,true,18.7,33,13,20.1,10.720000000000027
중앙대,61,최단,0,916.2175848600964,0,start,3,3,0,12.191813439801308,11,11,0,21.784654023753546,0,true,14.2,19,0,8.3,0
중앙대,61,최단,5,916.2175848600964,0,start,3,3,0,15.191813439801308,11,11,0,24.351813439801276,0,true,11.2,19,0,8.3,3.9499999999999886
중앙대,61,최단,10,916.2175848600964,1,start,0,0,0,,1,1,0,16.85999999999999,0,true,26.2,22,1,8.3,6.949999999999989
중앙대,61,최단,15,916.2175848600964,2,start,0,0,0,,1,1,0,16.85999999999999,0,true,28.2,19,9,8.3,6.949999999999989
중앙대,61,A,0,1016.8930202477568,0,start,13,13,0,12.003469138212608,8,8,0,21.94302024775675,0,true,14.9,36,0,16.3,2.1499999999999773
중앙대,61,A,5,1016.8930202477568,0,start,13,13,0,13.191813439801308,8,8,0,24.351813439801276,0,true,15.9,36,0,16.3,4.789999999999964
중앙대,61,A,10,1016.8930202477568,1,start,0,0,0,,1,1,0,16.85999999999999,0,true,15.9,36,1,16.3,7.75
중앙대,61,A,15,1016.8930202477568,2,start,0,0,0,,1,1,0,16.85999999999999,0,true,27.9,23,22,16.3,6.949999999999989
중앙대,61,B,0,916.2175848600964,0,start,3,3,0,12.191813439801308,11,11,0,21.784654023753546,0,true,14.2,19,0,12.9,0
중앙대,61,B,5,916.2175848600964,0,start,3,3,0,15.191813439801308,11,11,0,24.351813439801276,0,true,11.2,19,0,12.9,3.9499999999999886
중앙대,61,B,10,916.2175848600964,1,start,0,0,0,,1,1,0,16.85999999999999,0,true,26.2,22,1,12.9,6.949999999999989
중앙대,61,B,15,916.2175848600964,2,start,0,0,0,,1,1,0,16.85999999999999,0,true,28.2,19,9,12.9,6.949999999999989
중앙대,61,C,0,1016.8930202477568,0,start,13,13,0,12.003469138212608,8,8,0,21.94302024775675,0,true,14.9,36,0,16.3,2.1499999999999773
중앙대,61,C,5,1016.8930202477568,0,start,13,13,0,13.191813439801308,8,8,0,24.351813439801276,0,true,15.9,36,0,16.3,4.789999999999964
중앙대,61,C,10,1016.8930202477568,1,start,0,0,0,,1,1,0,16.85999999999999,0,true,15.9,36,1,16.3,7.75
중앙대,61,C,15,1016.8930202477568,2,start,0,0,0,,1,1,0,16.85999999999999,0,true,27.9,23,22,16.3,6.949999999999989
중앙대,61,AB,0,1016.8930202477568,0,start,13,13,0,12.003469138212608,8,8,0,21.94302024775675,0,true,14.9,36,0,16.8,2.1499999999999773
중앙대,61,AB,5,1016.8930202477568,0,start,13,13,0,13.191813439801308,8,8,0,24.351813439801276,0,true,15.9,36,0,16.8,4.789999999999964
중앙대,61,AB,10,1016.8930202477568,1,start,0,0,0,,1,1,0,16.85999999999999,0,true,15.9,36,1,16.8,7.75
중앙대,61,AB,15,1016.8930202477568,2,start,0,0,0,,1,1,0,16.85999999999999,0,true,27.9,23,22,16.8,6.949999999999989
중앙대,61,AC,0,1016.8930202477568,0,start,13,13,0,12.003469138212608,8,8,0,21.94302024775675,0,true,14.9,36,0,19.8,2.1499999999999773
중앙대,61,AC,5,1016.8930202477568,0,start,13,13,0,13.191813439801308,8,8,0,24.351813439801276,0,true,15.9,36,0,19.8,4.789999999999964
중앙대,61,AC,10,1016.8930202477568,1,start,0,0,0,,1,1,0,16.85999999999999,0,true,15.9,36,1,19.8,7.75
중앙대,61,AC,15,1016.8930202477568,2,start,0,0,0,,1,1,0,16.85999999999999,0,true,27.9,23,22,19.8,6.949999999999989
중앙대,61,BC,0,1016.8930202477568,0,start,13,13,0,12.003469138212608,8,8,0,21.94302024775675,0,true,14.9,36,0,16.3,2.1499999999999773
중앙대,61,BC,5,1016.8930202477568,0,start,13,13,0,13.191813439801308,8,8,0,24.351813439801276,0,true,15.9,36,0,16.3,4.789999999999964
중앙대,61,BC,10,1016.8930202477568,1,start,0,0,0,,1,1,0,16.85999999999999,0,true,15.9,36,1,16.3,7.75
중앙대,61,BC,15,1016.8930202477568,2,start,0,0,0,,1,1,0,16.85999999999999,0,true,27.9,23,22,16.3,6.949999999999989
중앙대,61,ABC,0,1016.8930202477568,0,start,13,13,0,12.003469138212608,8,8,0,21.94302024775675,0,true,14.9,36,0,20.3,2.1499999999999773
중앙대,61,ABC,5,1016.8930202477568,0,start,13,13,0,13.191813439801308,8,8,0,24.351813439801276,0,true,15.9,36,0,20.3,4.789999999999964
중앙대,61,ABC,10,1016.8930202477568,1,start,0,0,0,,1,1,0,16.85999999999999,0,true,15.9,36,1,20.3,7.75
중앙대,61,ABC,15,1016.8930202477568,2,start,0,0,0,,1,1,0,16.85999999999999,0,true,27.9,23,22,20.3,6.949999999999989
중앙대,62,최단,0,479.4406567608746,0,start,3,3,0,12.170816575476252,6,6,0,22.007725924531712,0,true,14.4,14,0,8.3,0
중앙대,62,최단,5,479.4406567608746,0,start,3,3,0,12.643285271915573,6,6,0,20.880859642369895,0,true,15.4,14,0,8.3,0
중앙대,62,최단,10,479.4406567608746,0,start,3,3,0,23.170816575476252,6,6,0,20.880859642369895,0,true,17.4,14,0,8.3,3.9499999999999886
중앙대,62,최단,15,479.4406567608746,0,start,3,3,0,38.150816575476256,6,6,0,20.880859642369895,0,true,17.4,13,0,8.3,8.969999999999999
중앙대,62,A,0,580.1160921485349,0,start,13,13,0,11.93452289051288,3,3,0,21.166092148534858,0,true,14.1,31,0,16.1,2.9799999999999898
중앙대,62,A,5,580.1160921485349,0,start,13,13,0,12.226541038990774,3,3,0,21.166092148534858,0,true,16.1,31,0,16.1,5.1299999999999955
중앙대,62,A,10,580.1160921485349,0,start,13,13,0,19.354844440335853,3,3,0,21.166092148534858,0,true,16.1,31,0,16.1,5.939999999999998
중앙대,62,A,15,580.1160921485349,0,start,13,13,0,38.15081657547624,3,3,0,30.166092148534858,0,true,16.1,28,0,16.1,8.969999999999999
중앙대,62,B,0,479.4406567608746,0,start,3,3,0,12.170816575476252,6,6,0,22.007725924531712,0,true,14.4,14,0,12.9,0
중앙대,62,B,5,479.4406567608746,0,start,3,3,0,12.643285271915573,6,6,0,20.8808596423699,0,true,15.4,14,0,12.9,0
중앙대,62,B,10,479.4406567608746,0,start,3,3,0,23.170816575476252,6,6,0,20.8808596423699,0,true,17.4,14,0,12.9,3.9499999999999886
중앙대,62,B,15,479.4406567608746,0,start,3,3,0,38.15081657547624,6,6,0,20.8808596423699,0,true,17.4,13,0,12.9,8.969999999999999
중앙대,62,C,0,580.1160921485349,0,start,13,13,0,11.93452289051288,3,3,0,21.166092148534858,0,true,14.1,31,0,16.1,2.9799999999999898
중앙대,62,C,5,580.1160921485349,0,start,13,13,0,12.226541038990774,3,3,0,21.166092148534858,0,true,16.1,31,0,16.1,5.1299999999999955
중앙대,62,C,10,580.1160921485349,0,start,13,13,0,19.354844440335853,3,3,0,21.166092148534858,0,true,16.1,31,0,16.1,5.939999999999998
중앙대,62,C,15,580.1160921485349,0,start,13,13,0,38.15081657547624,3,3,0,30.166092148534858,0,true,16.1,28,0,16.1,8.969999999999999
중앙대,62,AB,0,580.1160921485349,0,start,13,13,0,11.93452289051288,3,3,0,21.166092148534858,0,true,14.1,31,0,16.6,2.9799999999999898
중앙대,62,AB,5,580.1160921485349,0,start,13,13,0,12.226541038990774,3,3,0,21.166092148534858,0,true,16.1,31,0,16.6,5.1299999999999955
중앙대,62,AB,10,580.1160921485349,0,start,13,13,0,19.354844440335853,3,3,0,21.166092148534858,0,true,16.1,31,0,16.6,5.939999999999998
중앙대,62,AB,15,580.1160921485349,0,start,13,13,0,38.150816575476256,3,3,0,30.166092148534858,0,true,16.1,28,0,16.6,8.969999999999999
중앙대,62,AC,0,580.1160921485349,0,start,13,13,0,11.93452289051288,3,3,0,21.166092148534858,0,true,14.1,31,0,19.6,2.9799999999999898
중앙대,62,AC,5,580.1160921485349,0,start,13,13,0,12.226541038990774,3,3,0,21.166092148534858,0,true,16.1,31,0,19.6,5.1299999999999955
중앙대,62,AC,10,580.1160921485349,0,start,13,13,0,19.354844440335853,3,3,0,21.166092148534858,0,true,16.1,31,0,19.6,5.939999999999998
중앙대,62,AC,15,580.1160921485349,0,start,13,13,0,38.15081657547624,3,3,0,30.166092148534858,0,true,16.1,28,0,19.6,8.969999999999999
중앙대,62,BC,0,580.1160921485349,0,start,13,13,0,11.93452289051288,3,3,0,21.166092148534858,0,true,14.1,31,0,16.1,2.9799999999999898
중앙대,62,BC,5,580.1160921485349,0,start,13,13,0,12.226541038990774,3,3,0,21.166092148534858,0,true,16.1,31,0,16.1,5.1299999999999955
중앙대,62,BC,10,580.1160921485349,0,start,13,13,0,19.354844440335853,3,3,0,21.166092148534858,0,true,16.1,31,0,16.1,5.939999999999998
중앙대,62,BC,15,580.1160921485349,0,start,13,13,0,38.15081657547624,3,3,0,30.166092148534858,0,true,16.1,28,0,16.1,8.969999999999999
중앙대,62,ABC,0,580.1160921485349,0,start,13,13,0,11.93452289051288,3,3,0,21.166092148534858,0,true,14.1,31,0,20.1,2.9799999999999898
중앙대,62,ABC,5,580.1160921485349,0,start,13,13,0,12.226541038990774,3,3,0,21.166092148534858,0,true,16.1,31,0,20.1,5.1299999999999955
중앙대,62,ABC,10,580.1160921485349,0,start,13,13,0,19.354844440335853,3,3,0,21.166092148534858,0,true,16.1,31,0,20.1,5.939999999999998
중앙대,62,ABC,15,580.1160921485349,0,start,13,13,0,38.150816575476256,3,3,0,30.166092148534858,0,true,16.1,28,0,20.1,8.969999999999999
중앙대,63,최단,0,406.0192462590155,0,start,3,3,0,11.500273093096212,5,5,0,21.530273093096213,0,true,14,13,0,8.3,8.46
중앙대,63,최단,5,406.0192462590155,0,start,3,3,0,10.93985394227764,5,5,0,23.586315422672612,0,true,17,13,0,8.3,8.46
중앙대,63,최단,10,406.0192462590155,0,start,3,3,0,10.93985394227764,5,5,0,32.53027309309621,0,true,17,12,0,8.3,8.46
중앙대,63,최단,15,406.0192462590155,0,start,3,3,0,10.93985394227764,5,5,0,38.06924625901553,0,true,44,12,0,8.3,8.46
중앙대,63,A,0,525.6116211978546,0,start,11,11,0,12.241149332009797,1,1,0,21.661621197854515,0,true,14.6,25,0,16.1,1.1499999999999773
중앙대,63,A,5,525.6116211978546,0,start,11,11,0,13.685636513995277,1,1,0,16.661621197854515,0,true,15.6,25,0,16.1,2.1500000000000057
중앙대,63,A,10,525.6116211978546,0,start,11,11,1,23.722070088310375,1,1,0,42.66162119785457,0,true,18.6,24,0,16.1,2.3000000000000114
중앙대,63,A,15,525.6116211978546,0,start,11,11,0,28.850373489655453,1,1,0,45.66162119785457,0,true,18.6,24,0,16.1,3.1499999999999773
중앙대,63,B,0,406.0192462590155,0,start,3,3,0,11.500273093096212,5,5,0,21.530273093096213,0,true,14,13,0,12.9,8.46
중앙대,63,B,5,406.0192462590155,0,start,3,3,0,10.939853942277644,5,5,0,23.586315422672612,0,true,17,13,0,12.9,8.46
중앙대,63,B,10,406.0192462590155,0,start,3,3,0,10.939853942277644,5,5,0,32.53027309309621,0,true,17,12,0,12.9,8.46
중앙대,63,B,15,406.0192462590155,0,start,3,3,0,10.939853942277644,5,5,0,38.06924625901553,0,true,44,12,0,12.9,8.46
중앙대,63,C,0,525.6116211978546,0,start,11,11,0,12.241149332009797,1,1,0,21.661621197854515,0,true,14.6,25,0,16.1,1.1499999999999773
중앙대,63,C,5,525.6116211978546,0,start,11,11,0,13.685636513995277,1,1,0,16.661621197854515,0,true,15.6,25,0,16.1,2.1500000000000057
중앙대,63,C,10,525.6116211978546,0,start,11,11,1,23.722070088310375,1,1,0,42.66162119785457,0,true,18.6,24,0,16.1,2.3000000000000114
중앙대,63,C,15,525.6116211978546,0,start,11,11,0,28.850373489655453,1,1,0,45.66162119785457,0,true,18.6,24,0,16.1,3.1499999999999773
중앙대,63,AB,0,525.6116211978546,0,start,11,11,0,12.241149332009797,1,1,0,21.661621197854515,0,true,14.6,25,0,16.6,1.1499999999999773
중앙대,63,AB,5,525.6116211978546,0,start,11,11,0,13.685636513995277,1,1,0,16.661621197854515,0,true,15.6,25,0,16.6,2.1500000000000057
중앙대,63,AB,10,525.6116211978546,0,start,11,11,1,23.722070088310375,1,1,0,42.66162119785457,0,true,18.6,24,0,16.6,2.3000000000000114
중앙대,63,AB,15,525.6116211978546,0,start,11,11,0,28.850373489655453,1,1,0,45.66162119785457,0,true,18.6,24,0,16.6,3.1499999999999773
중앙대,63,AC,0,525.6116211978546,0,start,11,11,0,12.241149332009797,1,1,0,21.661621197854515,0,true,14.6,25,0,19.6,1.1499999999999773
중앙대,63,AC,5,525.6116211978546,0,start,11,11,0,13.685636513995277,1,1,0,16.661621197854515,0,true,15.6,25,0,19.6,2.1500000000000057
중앙대,63,AC,10,525.6116211978546,0,start,11,11,1,23.722070088310375,1,1,0,42.66162119785457,0,true,18.6,24,0,19.6,2.3000000000000114
중앙대,63,AC,15,525.6116211978546,0,start,11,11,0,28.850373489655453,1,1,0,45.66162119785457,0,true,18.6,24,0,19.6,3.1499999999999773
중앙대,63,BC,0,525.6116211978546,0,start,11,11,0,12.241149332009797,1,1,0,21.661621197854515,0,true,14.6,25,0,16.1,1.1499999999999773
중앙대,63,BC,5,525.6116211978546,0,start,11,11,0,13.685636513995277,1,1,0,16.661621197854515,0,true,15.6,25,0,16.1,2.1500000000000057
중앙대,63,BC,10,525.6116211978546,0,start,11,11,1,23.722070088310375,1,1,0,42.66162119785457,0,true,18.6,24,0,16.1,2.3000000000000114
중앙대,63,BC,15,525.6116211978546,0,start,11,11,0,28.850373489655453,1,1,0,45.66162119785457,0,true,18.6,24,0,16.1,3.1499999999999773
중앙대,63,ABC,0,525.6116211978546,0,start,11,11,0,12.241149332009797,1,1,0,21.661621197854515,0,true,14.6,25,0,20.1,1.1499999999999773
중앙대,63,ABC,5,525.6116211978546,0,start,11,11,0,13.685636513995277,1,1,0,16.661621197854515,0,true,15.6,25,0,20.1,2.1500000000000057
중앙대,63,ABC,10,525.6116211978546,0,start,11,11,1,23.722070088310375,1,1,0,42.66162119785457,0,true,18.6,24,0,20.1,2.3000000000000114
중앙대,63,ABC,15,525.6116211978546,0,start,11,11,0,28.850373489655453,1,1,0,45.66162119785457,0,true,18.6,24,0,20.1,3.1499999999999773
중앙대,64,최단,0,538.2504653236228,0,start,3,3,0,11.88544865046265,6,6,0,21.761492157703515,0,true,14.3,14,0,8.3,2.34
중앙대,64,최단,5,538.2504653236228,0,start,3,3,0,12.781492157703525,6,6,0,20.300465323622802,0,true,12.3,14,0,8.3,2.34
중앙대,64,최단,10,538.2504653236228,0,start,3,3,0,16.731492157703514,6,6,0,24.817534487279943,0,true,27.3,13,0,8.3,6.9500000000000455
중앙대,64,최단,15,538.2504653236228,0,start,3,3,0,16.731492157703514,6,6,0,24.817534487279943,0,true,27.3,13,0,8.3,6.9500000000000455
중앙대,64,A,0,574.7937473219987,0,start,8,8,0,12.118346479489105,4,4,0,21.84374732199865,0,true,14.8,22,0,15.9,2.34
중앙대,64,A,5,574.7937473219987,0,start,8,8,0,10.235908387608902,4,4,0,25.045908387608904,0,true,14.8,22,0,15.9,2.34
중앙대,64,A,10,574.7937473219987,0,start,8,8,0,26.882499613799553,4,4,0,27.19590838760891,0,true,14.8,21,0,15.9,6.460000000000008
중앙대,64,A,15,574.7937473219987,0,start,8,8,0,49.592178063976576,4,4,0,34.45107300688491,0,true,23.8,17,0,15.9,8.780000000000001
중앙대,64,B,0,538.2504653236228,0,start,3,3,0,11.88544865046265,6,6,0,21.761492157703515,0,true,14.3,14,0,12.9,2.34
중앙대,64,B,5,538.2504653236228,0,start,3,3,0,12.781492157703525,6,6,0,20.300465323622802,0,true,12.3,14,0,12.9,2.34
중앙대,64,B,10,538.2504653236228,0,start,3,3,0,16.731492157703514,6,6,0,24.817534487279943,0,true,27.3,13,0,12.9,6.9500000000000455
중앙대,64,B,15,538.2504653236228,0,start,3,3,0,16.731492157703514,6,6,0,24.817534487279943,0,true,27.3,13,0,12.9,6.9500000000000455
중앙대,64,C,0,575.8009713131004,0,start,8,8,0,12.148586617481044,3,3,0,21.85097131310033,0,true,14.8,21,0,15.9,2.1499999999999773
중앙대,64,C,5,575.8009713131004,0,start,8,8,0,11.148586617481044,3,3,0,25.05313237871067,0,true,15.8,21,0,15.9,2.3000000000000114
중앙대,64,C,10,575.8009713131004,0,start,8,8,0,20.148586617481044,3,3,0,24.203132378710677,0,true,15.8,21,0,15.9,6.460000000000008
중앙대,64,C,15,575.8009713131004,0,start,8,8,0,50.599402055078315,3,3,0,35.45829699798668,0,true,24.8,17,0,15.9,8.780000000000001
중앙대,64,AB,0,574.7937473219987,0,start,8,8,0,12.118346479489105,4,4,0,21.84374732199865,0,true,14.8,22,0,16.4,2.34
중앙대,64,AB,5,574.7937473219987,0,start,8,8,0,10.235908387608902,4,4,0,25.045908387608904,0,true,14.8,22,0,16.4,2.34
중앙대,64,AB,10,574.7937473219987,0,start,8,8,0,26.882499613799553,4,4,0,27.19590838760891,0,true,14.8,21,0,16.4,6.460000000000008
중앙대,64,AB,15,574.7937473219987,0,start,8,8,0,49.592178063976576,4,4,0,34.45107300688491,0,true,23.8,17,0,16.4,8.780000000000001
중앙대,64,AC,0,575.8009713131004,0,start,8,8,0,12.148586617481044,3,3,0,21.85097131310033,0,true,14.8,21,0,19.4,2.1499999999999773
중앙대,64,AC,5,575.8009713131004,0,start,8,8,0,11.148586617481044,3,3,0,25.05313237871067,0,true,15.8,21,0,19.4,2.3000000000000114
중앙대,64,AC,10,575.8009713131004,0,start,8,8,0,20.148586617481044,3,3,0,24.203132378710677,0,true,15.8,21,0,19.4,6.460000000000008
중앙대,64,AC,15,575.8009713131004,0,start,8,8,0,50.599402055078315,3,3,0,35.45829699798668,0,true,24.8,17,0,19.4,8.780000000000001
중앙대,64,BC,0,575.8009713131004,0,start,8,8,0,12.148586617481044,3,3,0,21.85097131310033,0,true,14.8,21,0,15.9,2.1499999999999773
중앙대,64,BC,5,575.8009713131004,0,start,8,8,0,11.148586617481044,3,3,0,25.05313237871067,0,true,15.8,21,0,15.9,2.3000000000000114
중앙대,64,BC,10,575.8009713131004,0,start,8,8,0,20.148586617481044,3,3,0,24.203132378710677,0,true,15.8,21,0,15.9,6.460000000000008
중앙대,64,BC,15,575.8009713131004,0,start,8,8,0,50.599402055078315,3,3,0,35.45829699798668,0,true,24.8,17,0,15.9,8.780000000000001
중앙대,64,ABC,0,575.8009713131004,0,start,8,8,0,12.148586617481044,3,3,0,21.85097131310033,0,true,14.8,21,0,20,2.1499999999999773
중앙대,64,ABC,5,575.8009713131004,0,start,8,8,0,11.148586617481044,3,3,0,25.05313237871067,0,true,15.8,21,0,20,2.3000000000000114
중앙대,64,ABC,10,575.8009713131004,0,start,8,8,0,20.148586617481044,3,3,0,24.203132378710677,0,true,15.8,21,0,20,6.460000000000008
중앙대,64,ABC,15,575.8009713131004,0,start,8,8,0,50.599402055078315,3,3,0,35.45829699798668,0,true,24.8,17,0,20,8.780000000000001
중앙대,65,최단,0,1402.9382180495643,0,start,4,4,0,12.407498681041943,9,9,0,21.98821804956424,1,true,14.9,20,0,8.5,0
중앙대,65,최단,5,1402.9382180495643,0,start,4,4,0,12.449741418786004,9,9,0,23.505287213221436,1,true,17.9,20,0,8.5,0
중앙대,65,최단,10,1402.9382180495643,0,start,4,4,1,22.942446629269398,9,9,0,27.000846560605623,1,true,18.9,20,0,8.5,6.970000000000027
중앙대,65,최단,15,1402.9382180495643,0,start,4,4,1,29.407498681041943,9,9,0,34.07244662926951,1,true,18.9,20,0,8.5,0
중앙대,65,A,0,1582.683898305488,0,start,6,6,0,12.073759365625733,6,6,0,26.974103390274536,1,true,14.7,21,0,19.1,0
중앙대,65,A,5,1582.683898305488,0,start,6,6,0,11.534103390274595,6,6,0,25.974103390274536,1,true,13.7,21,0,19.1,1.3199999999999363
중앙대,65,A,10,1582.683898305488,0,start,6,6,0,19.909788350305007,6,5,0,25.749788350304925,1,true,19.7,18,0,19.1,0
중앙대,65,A,15,1582.683898305488,0,start,6,6,0,32.515313177671885,6,5,0,32.06642423598697,1,true,19.7,19,0,19.1,7.4599999999999795
중앙대,65,B,0,1624.8901116262075,0,start,3,3,0,12.092740137248938,10,10,0,21.940111626207454,1,true,14.9,19,0,20.1,0
중앙대,65,B,5,1624.8901116262075,0,start,3,3,0,12.86434020591264,10,10,0,21.95274013724884,1,true,14.9,19,0,20.1,0
중앙대,65,B,10,1624.8901116262075,0,start,3,3,0,12.86434020591264,10,10,0,22.942953763580817,1,true,27.9,18,0,20.1,6.9500000000000455
중앙대,65,B,15,1624.8901116262075,0,start,3,3,0,22.86434020591264,10,10,0,32.38460881541255,1,true,28.9,18,0,20.1,9.800000000000011
중앙대,65,C,0,1582.683898305488,0,start,6,6,0,12.073759365625733,6,6,0,26.974103390274536,1,true,14.7,21,0,18.9,0
중앙대,65,C,5,1582.683898305488,0,start,6,6,0,11.534103390274595,6,6,0,25.974103390274536,1,true,13.7,21,0,18.9,1.3199999999999363
중앙대,65,C,10,1582.683898305488,0,start,6,6,0,19.909788350305007,6,5,0,25.749788350304925,1,true,19.7,18,0,18.9,0
중앙대,65,C,15,1582.683898305488,0,start,6,6,0,32.515313177671885,6,5,0,32.06642423598697,1,true,19.7,19,0,18.9,7.4599999999999795
중앙대,65,AB,0,1725.5655470138688,0,start,13,13,0,11.931599172150072,7,7,0,21.573195586159613,1,true,14.6,36,0,20.3,1.9800000000000182
중앙대,65,AB,5,1725.5655470138688,0,start,13,13,0,12.931599172150072,7,7,0,22.424662480392726,1,true,20.6,36,0,20.3,3.130000000000109
중앙대,65,AB,10,1725.5655470138688,0,start,13,13,0,19.91195446807137,7,7,0,27.615547013868763,1,true,20.6,35,0,20.3,5.130000000000109
중앙대,65,AB,15,1725.5655470138688,3,start,8,8,0,30.552842076676598,6,6,0,32.38460881541255,1,true,20.6,25,10,20.3,9.800000000000011
중앙대,65,AC,0,1582.683898305488,0,start,6,6,0,12.073759365625733,6,6,0,26.974103390274536,1,true,14.7,21,0,22.6,0
중앙대,65,AC,5,1582.683898305488,0,start,6,6,0,11.534103390274595,6,6,0,25.974103390274536,1,true,13.7,21,0,22.6,1.3199999999999363
중앙대,65,AC,10,1582.683898305488,0,start,6,6,0,19.909788350305007,6,5,0,25.749788350304925,1,true,19.7,18,0,22.6,0
중앙대,65,AC,15,1582.683898305488,0,start,6,6,0,32.515313177671885,6,5,0,32.06642423598697,1,true,19.7,19,0,22.6,7.4599999999999795
중앙대,65,BC,0,1725.5655470138688,0,start,13,13,0,11.931599172150072,7,7,0,21.573195586159613,1,true,14.6,36,0,19.6,1.9800000000000182
중앙대,65,BC,5,1725.5655470138688,0,start,13,13,0,12.931599172150072,7,7,0,22.424662480392726,1,true,20.6,36,0,19.6,3.130000000000109
중앙대,65,BC,10,1725.5655470138688,0,start,13,13,0,19.91195446807137,7,7,0,27.615547013868763,1,true,20.6,35,0,19.6,5.130000000000109
중앙대,65,BC,15,1725.5655470138688,3,start,8,8,0,30.552842076676598,6,6,0,32.38460881541255,1,true,20.6,25,10,19.6,9.800000000000011
중앙대,65,ABC,0,1725.5655470138688,0,start,13,13,0,11.931599172150072,7,7,0,21.573195586159613,1,true,14.6,36,0,23.6,1.9800000000000182
중앙대,65,ABC,5,1725.5655470138688,0,start,13,13,0,12.931599172150072,7,7,0,22.424662480392726,1,true,20.6,36,0,23.6,3.130000000000109
중앙대,65,ABC,10,1725.5655470138688,0,start,13,13,0,19.91195446807137,7,7,0,27.615547013868763,1,true,20.6,35,0,23.6,5.130000000000109
중앙대,65,ABC,15,1725.5655470138688,3,start,8,8,0,30.552842076676598,6,6,0,32.38460881541255,1,true,20.6,25,10,23.6,9.800000000000011
중앙대,66,최단,0,1333.6220282774066,0,start,4,4,0,12.133551646628064,9,9,0,21.672028277406525,1,true,14.6,20,0,8.5,0
중앙대,66,최단,5,1333.6220282774066,0,start,4,4,0,24.133551646628064,9,9,0,22.672028277406525,1,true,16.6,19,0,8.5,0
중앙대,66,최단,10,1333.6220282774066,0,start,4,4,0,26.59625685711171,9,9,0,29.67487041477989,1,true,16.6,20,0,8.5,1.1500000000000057
중앙대,66,최단,15,1333.6220282774066,0,start,4,4,0,35.626256857111684,9,9,0,33.672028277406525,1,true,28.6,20,0,8.5,6.970000000000027
중앙대,66,A,0,1652.0000880776458,0,start,6,6,0,12.225978122462948,6,6,0,27.290293162432363,1,true,14,21,0,19.1,0
중앙대,66,A,5,1652.0000880776458,0,start,6,6,0,10.485392954062945,6,6,0,24.290293162432363,1,true,15,21,0,19.1,8.629999999999995
중앙대,66,A,10,1652.0000880776458,8,start,4,4,0,19.83150294982977,3,3,0,35.29029316243236,1,true,15,24,3,19.1,0
중앙대,66,A,15,1652.0000880776458,3,start,4,4,0,23.38994913778356,3,3,0,35.29029316243236,1,true,15,18,3,19.1,1.6299999999999955
중앙대,66,B,0,1333.6220282774066,0,start,4,4,0,12.133551646628064,9,9,0,21.672028277406525,1,true,14.6,20,0,13.1,0
중앙대,66,B,5,1333.6220282774066,0,start,4,4,0,24.133551646628064,9,9,0,22.672028277406525,1,true,16.6,19,0,13.1,0
중앙대,66,B,10,1333.6220282774066,0,start,4,4,0,26.59625685711171,9,9,0,29.67487041477989,1,true,16.6,20,0,13.1,1.1500000000000057
중앙대,66,B,15,1333.6220282774066,0,start,4,4,0,35.626256857111684,9,9,0,33.672028277406525,1,true,28.6,20,0,13.1,6.970000000000027
중앙대,66,C,0,1643.3085290148185,0,start,17,17,0,12.295824077626321,6,6,0,21.96866470985742,1,true,14.3,43,0,16.3,2.150000000000091
중앙대,66,C,5,1643.3085290148185,0,start,17,17,0,13.181918519673445,6,6,0,26.82355164662806,1,true,16.3,42,0,16.3,2.2999999999999545
중앙대,66,C,10,1643.3085290148185,0,start,17,17,0,19.139129579575638,6,6,0,41.82355164662806,1,true,41.3,41,0,16.3,5.9500000000000455
중앙대,66,C,15,1643.3085290148185,0,start,17,17,0,45.27493646902121,6,6,0,53.672126404516916,1,true,42.3,36,0,16.3,5.130000000000109
중앙대,66,AB,0,1434.2974636650677,0,start,14,14,0,12.115894407045516,6,6,0,21.347463665067608,1,true,14.3,37,0,16.8,2.980000000000018
중앙대,66,AB,5,1434.2974636650677,0,start,14,14,0,13.407912555523126,6,6,0,21.347463665067608,1,true,13.3,36,0,16.8,5.940000000000055
중앙대,66,AB,10,1434.2974636650677,0,start,14,14,0,26.59625685711171,6,6,0,32.34746366506761,1,true,13.3,37,0,16.8,4.970000000000027
중앙대,66,AB,15,1434.2974636650677,0,start,14,14,0,35.626256857111684,6,6,0,32.34746366506761,1,true,22.3,34,0,16.8,12.100000000000023
중앙대,66,AC,0,1652.0000880776458,0,start,6,6,0,12.225978122462948,6,6,0,27.290293162432363,1,true,14,21,0,22.6,0
중앙대,66,AC,5,1652.0000880776458,0,start,6,6,0,10.485392954062945,6,6,0,24.290293162432363,1,true,15,21,0,22.6,8.629999999999995
중앙대,66,AC,10,1652.0000880776458,8,start,4,4,0,19.83150294982977,3,3,0,35.29029316243236,1,true,15,24,3,22.6,0
중앙대,66,AC,15,1652.0000880776458,3,start,4,4,0,23.38994913778356,3,3,0,35.29029316243236,1,true,15,18,3,22.6,1.6299999999999955
중앙대,66,BC,0,1434.2974636650677,0,start,14,14,0,12.115894407045516,6,6,0,21.347463665067608,1,true,14.3,37,0,16.3,2.980000000000018
중앙대,66,BC,5,1434.2974636650677,0,start,14,14,0,13.407912555523126,6,6,0,21.347463665067608,1,true,13.3,36,0,16.3,5.940000000000055
중앙대,66,BC,10,1434.2974636650677,0,start,14,14,0,26.59625685711171,6,6,0,32.34746366506761,1,true,13.3,37,0,16.3,4.970000000000027
중앙대,66,BC,15,1434.2974636650677,0,start,14,14,0,35.626256857111684,6,6,0,32.34746366506761,1,true,22.3,34,0,16.3,12.100000000000023
중앙대,66,ABC,0,1434.2974636650677,0,start,14,14,0,12.115894407045516,6,6,0,21.347463665067608,1,true,14.3,37,0,20.3,2.980000000000018
중앙대,66,ABC,5,1434.2974636650677,0,start,14,14,0,13.407912555523126,6,6,0,21.347463665067608,1,true,13.3,36,0,20.3,5.940000000000055
중앙대,66,ABC,10,1434.2974636650677,0,start,14,14,0,26.59625685711171,6,6,0,32.34746366506761,1,true,13.3,37,0,20.3,4.970000000000027
중앙대,66,ABC,15,1434.2974636650677,0,start,14,14,0,35.626256857111684,6,6,0,32.34746366506761,1,true,22.3,34,0,20.3,12.100000000000023
중앙대,67,최단,0,1185.3584766307788,0,start,3,3,0,11.827757262255886,8,8,0,21.852973819983276,1,true,14.4,17,0,8.5,0
중앙대,67,최단,5,1185.3584766307788,0,start,3,3,0,5.827757262255886,8,8,0,24.041560590730512,1,true,17.4,17,0,8.5,0
중앙대,67,최단,10,1185.3584766307788,0,start,3,3,0,29.33270521048371,8,7,0,33.49270521048368,1,true,25.4,14,0,8.5,0
중앙대,67,최단,15,1185.3584766307788,1,start,0,0,0,,0,0,0,,1,true,39.4,15,0,8.5,0
중앙대,67,A,0,1286.0339120184394,0,start,13,13,0,11.852342760417287,5,5,0,21.6877572622559,1,true,14,34,0,16.3,2.980000000000018
중앙대,67,A,5,1286.0339120184394,0,start,13,13,0,13.399964176721141,5,5,0,24.041560590730512,1,true,11,34,0,16.3,5.1299999999999955
중앙대,67,A,10,1286.0339120184394,0,start,13,13,0,25.358511175929607,5,4,0,43.08391201843938,1,true,11,30,0,16.3,4.1299999999999955
중앙대,67,A,15,1286.0339120184394,1,start,0,0,0,,0,0,0,,1,true,11,31,0,16.3,6.1299999999999955
중앙대,67,B,0,1185.3584766307788,0,start,3,3,0,11.827757262255886,8,8,0,21.852973819983276,1,true,14.4,17,0,13.1,0
중앙대,67,B,5,1185.3584766307788,0,start,3,3,0,5.827757262255886,8,8,0,24.041560590730512,1,true,17.4,17,0,13.1,0
중앙대,67,B,10,1185.3584766307788,0,start,3,3,0,29.33270521048371,8,7,0,33.49270521048368,1,true,25.4,14,0,13.1,0
중앙대,67,B,15,1185.3584766307788,1,start,0,0,0,,0,0,0,,1,true,39.4,15,0,13.1,0
중앙대,67,C,0,1495.0449773681905,0,start,16,16,0,12.155426258646003,5,5,0,21.705113063229362,1,true,14,40,0,16.3,2.150000000000091
중앙대,67,C,5,1495.0449773681905,0,start,16,16,0,15.155426258646003,5,5,0,24.4085747578888,1,true,11,40,0,16.3,2.980000000000018
중앙대,67,C,10,1495.0449773681905,0,start,16,16,0,22.283729659991195,5,5,0,35.70511306322936,1,true,11,37,0,16.3,2.980000000000018
중앙대,67,C,15,1495.0449773681905,2,start,3,3,0,45.38920218230817,3,3,0,42.54432072554164,1,true,11,12,23,16.3,0.14999999999997726
중앙대,67,AB,0,1286.0339120184394,0,start,13,13,0,11.852342760417287,5,5,0,21.6877572622559,1,true,14,34,0,16.8,2.980000000000018
중앙대,67,AB,5,1286.0339120184394,0,start,13,13,0,13.399964176721141,5,5,0,24.041560590730512,1,true,11,34,0,16.8,5.1299999999999955
중앙대,67,AB,10,1286.0339120184394,0,start,13,13,0,25.358511175929607,5,4,0,43.08391201843938,1,true,11,30,0,16.8,4.1299999999999955
중앙대,67,AB,15,1286.0339120184394,1,start,0,0,0,,0,0,0,,1,true,11,31,0,16.8,6.1299999999999955
중앙대,67,AC,0,1286.0339120184394,0,start,13,13,0,11.852342760417287,5,5,0,21.6877572622559,1,true,14,34,0,19.8,2.980000000000018
중앙대,67,AC,5,1286.0339120184394,0,start,13,13,0,13.399964176721141,5,5,0,24.041560590730512,1,true,11,34,0,19.8,5.1299999999999955
중앙대,67,AC,10,1286.0339120184394,0,start,13,13,0,25.358511175929607,5,4,0,43.08391201843938,1,true,11,30,0,19.8,4.1299999999999955
중앙대,67,AC,15,1286.0339120184394,1,start,0,0,0,,0,0,0,,1,true,11,31,0,19.8,6.1299999999999955
중앙대,67,BC,0,1286.0339120184394,0,start,13,13,0,11.852342760417287,5,5,0,21.6877572622559,1,true,14,34,0,16.3,2.980000000000018
중앙대,67,BC,5,1286.0339120184394,0,start,13,13,0,13.399964176721141,5,5,0,24.041560590730512,1,true,11,34,0,16.3,5.1299999999999955
중앙대,67,BC,10,1286.0339120184394,0,start,13,13,0,25.358511175929607,5,4,0,43.08391201843938,1,true,11,30,0,16.3,4.1299999999999955
중앙대,67,BC,15,1286.0339120184394,1,start,0,0,0,,0,0,0,,1,true,11,31,0,16.3,6.1299999999999955
중앙대,67,ABC,0,1286.0339120184394,0,start,13,13,0,11.852342760417287,5,5,0,21.6877572622559,1,true,14,34,0,20.3,2.980000000000018
중앙대,67,ABC,5,1286.0339120184394,0,start,13,13,0,13.399964176721141,5,5,0,24.041560590730512,1,true,11,34,0,20.3,5.1299999999999955
중앙대,67,ABC,10,1286.0339120184394,0,start,13,13,0,25.358511175929607,5,4,0,43.08391201843938,1,true,11,30,0,20.3,4.1299999999999955
중앙대,67,ABC,15,1286.0339120184394,1,start,0,0,0,,0,0,0,,1,true,11,31,0,20.3,6.1299999999999955
중앙대,68,최단,0,1021.3574911686351,0,start,7,7,0,12.08765098323704,14,14,0,22.242915747703478,0,true,14.4,30,0,8.5,0
중앙대,68,최단,5,1021.3574911686351,0,start,7,7,0,14.610119679676359,14,14,0,23.92456033229223,0,true,8.4,29,0,8.5,3.9500000000000455
중앙대,68,최단,10,1021.3574911686351,0,start,7,7,0,24.08765098323704,14,14,0,31.38291574770352,0,true,24.4,28,0,8.5,2.339999999999975
중앙대,68,최단,15,1021.3574911686351,5,start,0,0,0,,1,1,0,18.66,0,true,27.4,15,25,8.5,4.950000000000003
중앙대,68,A,0,1316.5257634925915,0,start,17,17,0,12.350382460247147,9,9,0,21.754570339344,0,true,14.5,45,0,16.4,1.150000000000091
중앙대,68,A,5,1316.5257634925915,0,start,17,17,0,14.960177655043026,9,9,0,22.754570339344,0,true,17.5,44,0,16.4,3.9500000000000455
중앙대,68,A,10,1316.5257634925915,0,start,17,17,0,25.764515784392188,9,9,0,32.183089177477314,0,true,19.5,43,0,16.4,3.319999999999993
중앙대,68,A,15,1316.5257634925915,4,start,0,0,0,,1,1,0,18.66,0,true,19.5,16,37,16.4,4.950000000000003
중앙대,68,B,0,1021.3574911686351,0,start,7,7,0,12.08765098323704,14,14,0,22.242915747703478,0,true,14.4,30,0,13.1,0
중앙대,68,B,5,1021.3574911686351,0,start,7,7,0,14.610119679676359,14,14,0,23.92456033229223,0,true,8.4,29,0,13.1,3.9500000000000455
중앙대,68,B,10,1021.3574911686351,0,start,7,7,0,24.08765098323704,14,14,0,31.38291574770352,0,true,24.4,28,0,13.1,2.339999999999975
중앙대,68,B,15,1021.3574911686351,5,start,0,0,0,,1,1,0,18.66,0,true,27.4,15,25,13.1,4.950000000000003
중앙대,68,C,0,1244.3909729496459,0,start,17,17,0,12.377380403848747,7,7,0,21.754570339344,0,true,14.4,43,0,16.3,2.150000000000091
중앙대,68,C,5,1244.3909729496459,0,start,17,17,0,14.20940369162372,7,7,0,25.44097294964581,0,true,16.4,42,0,16.3,2.980000000000018
중앙대,68,C,10,1244.3909729496459,0,start,17,17,0,23.378268012453873,7,7,0,29.44097294964581,0,true,29.4,40,0,16.3,3.5799999999999272
중앙대,68,C,15,1244.3909729496459,4,start,0,0,0,,1,1,0,18.66,0,true,33.4,16,33,16.3,4.950000000000003
중앙대,68,AB,0,1316.5257634925915,0,start,17,17,0,12.350382460247147,9,9,0,21.754570339344,0,true,14.5,45,0,16.9,1.150000000000091
중앙대,68,AB,5,1316.5257634925915,0,start,17,17,0,14.960177655043026,9,9,0,22.754570339344,0,true,17.5,44,0,16.9,3.9500000000000455
중앙대,68,AB,10,1316.5257634925915,0,start,17,17,0,25.764515784392188,9,9,0,32.183089177477314,0,true,19.5,43,0,16.9,3.319999999999993
중앙대,68,AB,15,1316.5257634925915,4,start,0,0,0,,1,1,0,18.66,0,true,19.5,16,37,16.9,4.950000000000003
중앙대,68,AC,0,1244.3909729496459,0,start,17,17,0,12.377380403848747,7,7,0,21.754570339344,0,true,14.4,43,0,20,2.150000000000091
중앙대,68,AC,5,1244.3909729496459,0,start,17,17,0,14.20940369162372,7,7,0,25.44097294964581,0,true,16.4,42,0,20,2.980000000000018
중앙대,68,AC,10,1244.3909729496459,0,start,17,17,0,23.378268012453873,7,7,0,29.44097294964581,0,true,29.4,40,0,20,3.5799999999999272
중앙대,68,AC,15,1244.3909729496459,4,start,0,0,0,,1,1,0,18.66,0,true,33.4,16,33,20,4.950000000000003
중앙대,68,BC,0,1244.3909729496459,0,start,17,17,0,12.377380403848747,7,7,0,21.754570339344,0,true,14.4,43,0,16.3,2.150000000000091
중앙대,68,BC,5,1244.3909729496459,0,start,17,17,0,14.20940369162372,7,7,0,25.44097294964581,0,true,16.4,42,0,16.3,2.980000000000018
중앙대,68,BC,10,1244.3909729496459,0,start,17,17,0,23.378268012453873,7,7,0,29.44097294964581,0,true,29.4,40,0,16.3,3.5799999999999272
중앙대,68,BC,15,1244.3909729496459,4,start,0,0,0,,1,1,0,18.66,0,true,33.4,16,33,16.3,4.950000000000003
중앙대,68,ABC,0,1244.3909729496459,0,start,17,17,0,12.377380403848747,7,7,0,21.754570339344,0,true,14.4,43,0,20.5,2.150000000000091
중앙대,68,ABC,5,1244.3909729496459,0,start,17,17,0,14.20940369162372,7,7,0,25.44097294964581,0,true,16.4,42,0,20.5,2.980000000000018
중앙대,68,ABC,10,1244.3909729496459,0,start,17,17,0,23.378268012453873,7,7,0,29.44097294964581,0,true,29.4,40,0,20.5,3.5799999999999272
중앙대,68,ABC,15,1244.3909729496459,4,start,0,0,0,,1,1,0,18.66,0,true,33.4,16,33,20.5,4.950000000000003
중앙대,69,최단,0,684.3697885808532,0,start,6,6,0,11.618830570030184,6,6,0,23.849203572706188,0,true,14.4,20,0,8.3,0
중앙대,69,최단,5,684.3697885808532,0,start,6,6,0,17.618830570030184,6,6,0,22.42263071822663,0,true,19.4,20,0,8.3,2.829999999999984
중앙대,69,최단,10,684.3697885808532,0,start,6,6,0,18.618830570030184,6,6,0,22.432417091894308,0,true,20.4,20,0,8.3,2.829999999999984
중앙대,69,최단,15,684.3697885808532,2,start,0,0,0,,0,0,0,,0,true,20.4,22,0,8.3,8.099999999999998
중앙대,69,A,0,774.6442475097,0,start,14,14,0,11.968846667190519,3,3,0,23.849203572706188,0,true,14.6,33,0,16.1,1.1499999999999773
중앙대,69,A,5,774.6442475097,0,start,14,14,0,13.73299980150091,3,3,0,22.69424750969995,0,true,14.6,33,0,16.1,2.980000000000018
중앙대,69,A,10,774.6442475097,0,start,14,14,0,20.46267825167797,3,3,0,23.849203572706188,0,true,14.6,33,0,16.1,2.829999999999984
중앙대,69,A,15,774.6442475097,2,start,0,0,0,,0,0,0,,0,true,14.6,32,0,16.1,8.099999999999998
중앙대,69,B,0,684.3697885808532,0,start,6,6,0,11.618830570030184,6,6,0,23.849203572706188,0,true,14.4,20,0,12.9,0
중앙대,69,B,5,684.3697885808532,0,start,6,6,0,17.618830570030184,6,6,0,22.42263071822663,0,true,19.4,20,0,12.9,2.829999999999984
중앙대,69,B,10,684.3697885808532,0,start,6,6,0,18.618830570030184,6,6,0,22.432417091894308,0,true,20.4,20,0,12.9,2.829999999999984
중앙대,69,B,15,684.3697885808532,2,start,0,0,0,,0,0,0,,0,true,20.4,22,0,12.9,8.100000000000001
중앙대,69,C,0,869.4053531178126,0,start,16,16,0,12.392648180620995,3,3,0,22.31442838007635,0,true,14.4,37,0,18.8,2.1499999999999773
중앙대,69,C,5,869.4053531178126,0,start,16,16,0,14.405953682570043,3,3,0,25.455353117812592,0,true,14.4,36,0,18.8,2.980000000000018
중앙대,69,C,10,869.4053531178126,0,start,16,16,0,22.689767280264505,3,3,0,27.455353117812592,0,true,14.4,34,0,18.8,2.980000000000018
중앙대,69,C,15,869.4053531178126,5,start,0,0,0,,0,0,0,,0,true,15.4,11,27,16.1,3.849999999999998
중앙대,69,AB,0,774.6442475097,0,start,14,14,0,11.968846667190519,3,3,0,23.849203572706188,0,true,14.6,33,0,16.6,1.1499999999999773
중앙대,69,AB,5,774.6442475097,0,start,14,14,0,13.73299980150091,3,3,0,22.69424750969995,0,true,14.6,33,0,16.6,2.980000000000018
중앙대,69,AB,10,774.6442475097,0,start,14,14,0,20.46267825167797,3,3,0,23.849203572706188,0,true,14.6,33,0,16.6,2.829999999999984
중앙대,69,AB,15,774.6442475097,2,start,0,0,0,,0,0,0,,0,true,14.6,33,0,16.6,6.379999999999999
중앙대,69,AC,0,869.4053531178126,0,start,16,16,0,12.392648180620995,3,3,0,22.31442838007635,0,true,14.4,37,0,22.3,2.1499999999999773
중앙대,69,AC,5,869.4053531178126,0,start,16,16,0,14.405953682570043,3,3,0,25.455353117812592,0,true,14.4,36,0,22.3,2.980000000000018
중앙대,69,AC,10,869.4053531178126,0,start,16,16,0,22.689767280264505,3,3,0,27.455353117812592,0,true,14.4,34,0,22.3,2.980000000000018
중앙대,69,AC,15,869.4053531178126,5,start,0,0,0,,0,0,0,,0,true,15.4,11,27,19.6,3.849999999999998
중앙대,69,BC,0,774.6442475097,0,start,14,14,0,11.968846667190519,3,3,0,23.849203572706188,0,true,14.6,33,0,16.1,1.1499999999999773
중앙대,69,BC,5,774.6442475097,0,start,14,14,0,13.73299980150091,3,3,0,22.69424750969995,0,true,14.6,33,0,16.1,2.980000000000018
중앙대,69,BC,10,774.6442475097,0,start,14,14,0,20.46267825167797,3,3,0,23.849203572706188,0,true,14.6,33,0,16.1,2.829999999999984
중앙대,69,BC,15,774.6442475097,1,start,0,0,0,,0,0,0,,0,true,14.6,31,0,16.1,3.849999999999998
중앙대,69,ABC,0,774.6442475097,0,start,14,14,0,11.968846667190519,3,3,0,23.849203572706188,0,true,14.6,33,0,20.1,1.1499999999999773
중앙대,69,ABC,5,774.6442475097,0,start,14,14,0,13.73299980150091,3,3,0,22.69424750969995,0,true,14.6,33,0,20.1,2.980000000000018
중앙대,69,ABC,10,774.6442475097,0,start,14,14,0,20.46267825167797,3,3,0,23.849203572706188,0,true,14.6,33,0,20.1,2.829999999999984
중앙대,69,ABC,15,774.6442475097,1,start,0,0,0,,0,0,0,,0,true,14.6,31,0,20.1,3.849999999999998
중앙대,70,최단,0,581.1792593865383,0,start,6,6,0,11.428301375715307,6,6,0,23.65867437839131,1,true,14.2,21,0,8.3,2.17
중앙대,70,최단,5,581.1792593865383,0,start,6,6,0,10.284318880142507,6,6,0,26.293899185761436,1,true,16.2,21,0,8.3,2.17
중앙대,70,최단,10,581.1792593865383,0,start,6,6,0,31.64061399899498,6,6,0,29.74632855019553,1,true,16.2,20,0,8.3,5.400000000000006
중앙대,70,최단,15,581.1792593865383,0,start,6,6,0,33.38188789757936,6,6,0,38.232101523911695,1,true,45.2,20,0,8.3,8.040000000000006
중앙대,70,A,0,747.9212239442688,0,start,9,9,0,12.031672834724645,4,4,0,26.787476622270276,0,true,14.9,24,0,16.3,2.1499999999999773
중앙대,70,A,5,747.9212239442688,0,start,9,9,0,13.355638106720676,4,4,0,22.971223944268786,0,true,18.9,24,0,16.3,3.469999999999999
중앙대,70,A,10,747.9212239442688,0,start,9,9,0,19.65747662227028,4,4,0,34.787476622270276,0,true,21.9,23,0,16.3,4.469999999999999
중앙대,70,A,15,747.9212239442688,0,start,9,9,0,46.977476622270274,4,4,0,36.787476622270276,0,true,30.9,18,0,16.3,2.9500000000000455
중앙대,70,B,0,600.552566623128,0,start,5,5,0,11.755195134169071,5,5,0,21.615195134169085,0,true,14.6,17,0,16.1,0
중앙대,70,B,5,600.552566623128,0,start,5,5,0,8.755195134169071,5,5,0,23.605408760501405,0,true,14.6,17,0,16.1,0
중앙대,70,B,10,600.552566623128,0,start,5,5,0,24.805195134169082,5,5,0,28.11963578678518,0,true,29.6,17,0,16.1,1.9500000000000455
중앙대,70,B,15,600.552566623128,0,start,5,5,0,28.805195134169082,5,5,0,39.211608612305014,0,true,29.6,16,0,16.1,1.9500000000000455
중앙대,70,C,0,690.8270255519749,0,start,13,13,0,12.111439714426638,2,2,0,24.211608612305014,0,true,14.8,30,0,16.1,2.1499999999999773
중앙대,70,C,5,690.8270255519749,0,start,13,13,0,14.700415056829911,2,2,0,33.21160861230503,0,true,14.8,30,0,16.1,2.1499999999999773
중앙대,70,C,10,690.8270255519749,0,start,13,13,0,23.06577784377572,2,2,0,38.211608612305014,0,true,28.8,30,0,16.1,3.4499999999999886
중앙대,70,C,15,690.8270255519749,0,start,13,13,0,37.18746212210353,2,2,0,39.211608612305014,0,true,33.8,27,0,16.1,6.9500000000000455
중앙대,70,AB,0,747.9212239442688,0,start,9,9,0,12.031672834724645,4,4,0,26.787476622270276,0,true,14.9,24,0,20.1,2.1499999999999773
중앙대,70,AB,5,747.9212239442688,0,start,9,9,0,13.355638106720676,4,4,0,22.971223944268786,0,true,18.9,24,0,20.1,3.469999999999999
중앙대,70,AB,10,747.9212239442688,0,start,9,9,0,19.65747662227028,4,4,0,34.787476622270276,0,true,21.9,23,0,20.1,4.469999999999999
중앙대,70,AB,15,747.9212239442688,0,start,9,9,0,46.977476622270274,4,4,0,36.787476622270276,0,true,30.9,18,0,20.1,2.9500000000000455
중앙대,70,AC,0,690.8270255519749,0,start,13,13,0,12.111439714426638,2,2,0,24.211608612305014,0,true,14.8,30,0,19.8,2.1499999999999773
중앙대,70,AC,5,690.8270255519749,0,start,13,13,0,14.700415056829911,2,2,0,33.211608612305014,0,true,14.8,30,0,19.8,2.1499999999999773
중앙대,70,AC,10,690.8270255519749,0,start,13,13,0,23.065777843775777,2,2,0,38.211608612305014,0,true,28.8,30,0,19.8,3.4499999999999886
중앙대,70,AC,15,690.8270255519749,0,start,13,13,0,37.18746212210353,2,2,0,39.211608612305014,0,true,33.8,27,0,19.8,6.9500000000000455
중앙대,70,BC,0,690.8270255519749,0,start,13,13,0,12.111439714426638,2,2,0,24.211608612305014,0,true,14.8,30,0,19.4,2.1499999999999773
중앙대,70,BC,5,690.8270255519749,0,start,13,13,0,14.700415056829911,2,2,0,33.211608612305014,0,true,14.8,30,0,19.4,2.1499999999999773
중앙대,70,BC,10,690.8270255519749,0,start,13,13,0,23.065777843775777,2,2,0,38.211608612305014,0,true,28.8,30,0,19.4,3.4499999999999886
중앙대,70,BC,15,690.8270255519749,0,start,13,13,0,37.18746212210353,2,2,0,39.211608612305014,0,true,33.8,27,0,19.4,6.9500000000000455
중앙대,70,ABC,0,690.8270255519749,0,start,13,13,0,12.111439714426638,2,2,0,24.211608612305014,0,true,14.8,30,0,23.6,2.1499999999999773
중앙대,70,ABC,5,690.8270255519749,0,start,13,13,0,14.700415056829911,2,2,0,33.211608612305014,0,true,14.8,30,0,23.6,2.1499999999999773
중앙대,70,ABC,10,690.8270255519749,0,start,13,13,0,23.065777843775777,2,2,0,38.211608612305014,0,true,28.8,30,0,23.6,3.4499999999999886
중앙대,70,ABC,15,690.8270255519749,0,start,13,13,0,37.18746212210353,2,2,0,39.211608612305014,0,true,33.8,27,0,23.6,6.9500000000000455
중앙대,71,최단,0,614.741017474777,0,start,4,4,0,11.943645985817966,6,6,0,21.80364598581798,0,true,14.7,16,0,8.3,0
중앙대,71,최단,5,614.741017474777,0,start,4,4,0,12.943645985817966,6,6,0,27.40005946395391,0,true,11.7,16,0,8.3,2.8300000000000125
중앙대,71,최단,10,614.741017474777,0,start,4,4,0,18.202372087233584,6,6,0,29.378609387814453,0,true,11.7,16,0,8.3,2.8300000000000125
중앙대,71,최단,15,614.741017474777,0,start,4,4,0,28.846076968381112,6,6,0,36.80364598581798,0,true,22.7,16,0,8.3,2.9799999999999898
중앙대,71,A,0,759.3687482387287,0,start,10,10,0,12.187178980706676,5,5,0,21.418748238728654,0,true,14.4,27,0,16.1,2.1499999999999773
중앙대,71,A,5,759.3687482387287,0,start,10,10,0,12.803162401180543,5,5,0,19.287924593750404,0,true,12.4,27,0,16.1,6.949999999999989
중앙대,71,A,10,759.3687482387287,0,start,10,10,0,15.803162401180543,5,5,0,25.235000916730115,0,true,12.4,27,0,16.1,7.949999999999989
중앙대,71,A,15,759.3687482387287,0,start,10,10,0,27.72952936761679,5,5,0,28.287924593750404,0,true,8.4,27,0,16.1,2.4899999999999523
중앙대,71,B,0,614.741017474777,0,start,4,4,0,11.943645985817966,6,6,0,21.80364598581798,0,true,14.7,16,0,12.9,0
중앙대,71,B,5,614.741017474777,0,start,4,4,0,12.943645985817966,6,6,0,27.40005946395391,0,true,11.7,16,0,12.9,2.8300000000000125
중앙대,71,B,10,614.741017474777,0,start,4,4,0,18.202372087233584,6,6,0,29.37860938781445,0,true,11.7,16,0,12.9,2.8300000000000125
중앙대,71,B,15,614.741017474777,0,start,4,4,0,28.846076968381112,6,6,0,36.80364598581798,0,true,22.7,16,0,12.9,2.9799999999999898
중앙대,71,C,0,705.0154764036237,0,start,12,12,0,12.00277146643208,3,3,0,21.37860938781445,0,true,14,29,0,16.1,2.1499999999999773
중앙대,71,C,5,705.0154764036237,0,start,12,12,0,16.34007556111419,3,3,0,27.40005946395391,0,true,9,28,0,16.1,2.8300000000000125
중앙대,71,C,10,705.0154764036237,0,start,12,12,0,30.833907145601643,3,3,0,29.37860938781445,0,true,5,27,0,16.1,2.8300000000000125
중앙대,71,C,15,705.0154764036237,0,start,12,12,0,32.057653404849134,3,3,0,32.37860938781445,0,true,2,27,0,16.1,2.980000000000018
중앙대,71,AB,0,759.3687482387287,0,start,10,10,0,12.187178980706676,5,5,0,21.418748238728654,0,true,14.4,27,0,16.6,2.1499999999999773
중앙대,71,AB,5,759.3687482387287,0,start,10,10,0,12.803162401180543,5,5,0,19.287924593750404,0,true,12.4,27,0,16.6,6.949999999999989
중앙대,71,AB,10,759.3687482387287,0,start,10,10,0,15.803162401180543,5,5,0,25.235000916730115,0,true,12.4,27,0,16.6,7.949999999999989
중앙대,71,AB,15,759.3687482387287,0,start,10,10,0,27.72952936761679,5,5,0,28.287924593750404,0,true,8.4,27,0,16.6,2.4899999999999523
중앙대,71,AC,0,705.0154764036237,0,start,12,12,0,12.00277146643208,3,3,0,21.37860938781445,0,true,14,29,0,19.6,2.1499999999999773
중앙대,71,AC,5,705.0154764036237,0,start,12,12,0,16.34007556111419,3,3,0,27.40005946395391,0,true,9,28,0,19.6,2.8300000000000125
중앙대,71,AC,10,705.0154764036237,0,start,12,12,0,30.833907145601643,3,3,0,29.37860938781445,0,true,5,27,0,19.6,2.8300000000000125
중앙대,71,AC,15,705.0154764036237,0,start,12,12,0,32.057653404849134,3,3,0,32.37860938781445,0,true,2,27,0,19.6,2.980000000000018
중앙대,71,BC,0,705.0154764036237,0,start,12,12,0,12.00277146643208,3,3,0,21.37860938781445,0,true,14,29,0,16.1,2.1499999999999773
중앙대,71,BC,5,705.0154764036237,0,start,12,12,0,16.34007556111419,3,3,0,27.40005946395391,0,true,9,28,0,16.1,2.8300000000000125
중앙대,71,BC,10,705.0154764036237,0,start,12,12,0,30.833907145601643,3,3,0,29.37860938781445,0,true,5,27,0,16.1,2.8300000000000125
중앙대,71,BC,15,705.0154764036237,0,start,12,12,0,32.057653404849134,3,3,0,32.37860938781445,0,true,2,27,0,16.1,2.980000000000018
중앙대,71,ABC,0,705.0154764036237,0,start,12,12,0,12.00277146643208,3,3,0,21.37860938781445,0,true,14,29,0,20.1,2.1499999999999773
중앙대,71,ABC,5,705.0154764036237,0,start,12,12,0,16.34007556111419,3,3,0,27.40005946395391,0,true,9,28,0,20.1,2.8300000000000125
중앙대,71,ABC,10,705.0154764036237,0,start,12,12,0,30.833907145601643,3,3,0,29.37860938781445,0,true,5,27,0,20.1,2.8300000000000125
중앙대,71,ABC,15,705.0154764036237,0,start,12,12,0,32.057653404849134,3,3,0,32.37860938781445,0,true,2,27,0,20.1,2.980000000000018
중앙대,72,최단,0,768.3022934048715,0,start,5,5,0,12.032453219473439,10,10,0,23.742496286367157,0,true,14.3,22,0,8.3,0
중앙대,72,최단,5,768.3022934048715,0,start,5,5,0,15.276521984576505,10,10,0,21.436521984576473,0,true,19.3,22,0,8.3,0.30000000000001137
중앙대,72,최단,10,768.3022934048715,0,start,5,5,0,19.306521984576477,10,10,0,25.869362568528686,0,true,19.3,21,0,8.3,7.970000000000027
중앙대,72,최단,15,768.3022934048715,0,start,5,5,0,35.03245321947344,10,10,0,35.32771798394006,0,true,19.3,20,0,8.3,9.270000000000039
중앙대,72,A,0,837.4173890816576,0,start,12,12,0,12.276521984576505,8,8,0,23.742496286367157,0,true,14.4,34,0,15.9,2.1499999999999773
중앙대,72,A,5,837.4173890816576,0,start,12,12,0,14.032453219473439,8,8,0,20.32771798394006,0,true,22.4,34,0,15.9,4.1299999999999955
중앙대,72,A,10,837.4173890816576,0,start,12,12,0,19.70989982566897,8,8,0,21.436521984576473,0,true,22.4,33,0,15.9,7.970000000000027
중앙대,72,A,15,837.4173890816576,0,start,12,12,0,24.617276731711513,8,8,0,36.248927337754054,0,true,22.4,32,0,15.9,9.270000000000039
중앙대,72,B,0,768.3022934048715,0,start,5,5,0,12.032453219473439,10,10,0,23.742496286367157,0,true,14.3,22,0,12.9,0
중앙대,72,B,5,768.3022934048715,0,start,5,5,0,15.276521984576505,10,10,0,21.436521984576473,0,true,19.3,22,0,12.9,0.30000000000001137
중앙대,72,B,10,768.3022934048715,0,start,5,5,0,19.306521984576477,10,10,0,25.869362568528686,0,true,19.3,21,0,12.9,7.970000000000027
중앙대,72,B,15,768.3022934048715,0,start,5,5,0,35.03245321947344,10,10,0,35.32771798394006,0,true,19.3,20,0,12.9,9.270000000000039
중앙대,72,C,0,991.3357751858822,0,start,14,14,0,12.323070248690556,3,3,0,23.72035824621247,0,true,14.3,33,0,16.3,2.1499999999999773
중앙대,72,C,5,991.3357751858822,0,start,14,14,0,13.154205927860176,3,3,0,27.385775185882153,0,true,17.3,33,0,16.3,2.980000000000018
중앙대,72,C,10,991.3357751858822,0,start,14,14,0,18.42609114086622,3,3,0,34.72035824621247,0,true,17.3,30,0,16.3,2.829999999999984
중앙대,72,C,15,991.3357751858822,0,start,14,14,0,41.209164690737396,3,3,0,39.705118543233425,0,true,31.3,28,0,16.3,4.600000000000023
중앙대,72,AB,0,768.3022934048715,0,start,5,5,0,12.032453219473439,10,10,0,23.742496286367157,0,true,14.3,22,0,13.4,0
중앙대,72,AB,5,768.3022934048715,0,start,5,5,0,15.276521984576505,10,10,0,21.436521984576473,0,true,19.3,22,0,13.4,0.30000000000001137
중앙대,72,AB,10,768.3022934048715,0,start,5,5,0,19.306521984576477,10,10,0,25.869362568528686,0,true,19.3,21,0,13.4,7.970000000000027
중앙대,72,AB,15,768.3022934048715,0,start,5,5,0,35.03245321947344,10,10,0,35.32771798394006,0,true,19.3,20,0,13.4,9.270000000000039
중앙대,72,AC,0,991.3357751858822,0,start,14,14,0,12.323070248690556,3,3,0,23.72035824621247,0,true,14.3,33,0,20,2.1499999999999773
중앙대,72,AC,5,991.3357751858822,0,start,14,14,0,13.154205927860176,3,3,0,27.385775185882153,0,true,17.3,33,0,20,2.980000000000018
중앙대,72,AC,10,991.3357751858822,0,start,14,14,0,18.42609114086622,3,3,0,34.72035824621247,0,true,17.3,30,0,20,2.829999999999984
중앙대,72,AC,15,991.3357751858822,0,start,14,14,0,41.209164690737396,3,3,0,39.705118543233425,0,true,31.3,28,0,20,4.600000000000023
중앙대,72,BC,0,991.3357751858822,0,start,14,14,0,12.323070248690556,3,3,0,23.72035824621247,0,true,14.3,33,0,16.3,2.1499999999999773
중앙대,72,BC,5,991.3357751858822,0,start,14,14,0,13.154205927860176,3,3,0,27.385775185882153,0,true,17.3,33,0,16.3,2.980000000000018
중앙대,72,BC,10,991.3357751858822,0,start,14,14,0,18.42609114086622,3,3,0,34.72035824621247,0,true,17.3,30,0,16.3,2.829999999999984
중앙대,72,BC,15,991.3357751858822,0,start,14,14,0,41.209164690737396,3,3,0,39.705118543233425,0,true,31.3,28,0,16.3,4.600000000000023
중앙대,72,ABC,0,991.3357751858822,0,start,14,14,0,12.323070248690556,3,3,0,23.72035824621247,0,true,14.3,33,0,20.5,2.1499999999999773
중앙대,72,ABC,5,991.3357751858822,0,start,14,14,0,13.154205927860176,3,3,0,27.385775185882153,0,true,17.3,33,0,20.5,2.980000000000018
중앙대,72,ABC,10,991.3357751858822,0,start,14,14,0,18.42609114086622,3,3,0,34.72035824621247,0,true,17.3,30,0,20.5,2.829999999999984
중앙대,72,ABC,15,991.3357751858822,0,start,14,14,0,41.209164690737396,3,3,0,39.705118543233425,0,true,31.3,28,0,20.5,4.600000000000023
중앙대,73,최단,0,710.5263845732738,0,start,5,5,0,11.729013084314886,7,7,0,23.6410243724969,0,true,14.5,19,0,8.3,0
중앙대,73,최단,5,710.5263845732738,0,start,5,5,0,15.987739185730504,7,7,0,20.093453736930996,0,true,12.5,19,0,8.3,2.980000000000018
중앙대,73,최단,10,710.5263845732738,0,start,5,5,0,30.779013084314897,7,7,0,20.093453736930996,0,true,11.5,17,0,8.3,4.949999999999989
중앙대,73,최단,15,710.5263845732738,0,start,5,5,0,52.674233006975726,7,7,0,28.769202122956212,0,true,11.5,16,0,8.3,4.210000000000008
중앙대,73,A,0,800.8008435021206,0,start,13,13,0,11.911292392576456,4,4,0,23.769202122956212,0,true,14.8,32,0,16.1,2.1499999999999773
중앙대,73,A,5,800.8008435021206,0,start,13,13,0,14.788138564929,4,4,0,23.769202122956212,0,true,11.8,32,0,16.1,2.980000000000018
중앙대,73,A,10,800.8008435021206,0,start,13,13,0,22.08525766457251,4,4,0,23.769202122956212,0,true,11.8,30,0,16.1,2.2999999999999545
중앙대,73,A,15,800.8008435021206,0,start,13,13,0,23.08525766457251,4,4,0,40.8508435021206,0,true,11.8,30,0,16.1,4.210000000000008
중앙대,73,B,0,710.5263845732738,0,start,5,5,0,11.729013084314886,7,7,0,23.6410243724969,0,true,14.5,19,0,12.9,0
중앙대,73,B,5,710.5263845732738,0,start,5,5,0,15.987739185730504,7,7,0,20.093453736930996,0,true,12.5,19,0,12.9,2.980000000000018
중앙대,73,B,10,710.5263845732738,0,start,5,5,0,30.779013084314897,7,7,0,20.093453736930996,0,true,11.5,17,0,12.9,4.949999999999989
중앙대,73,B,15,710.5263845732738,0,start,5,5,0,52.674233006975726,7,7,0,28.769202122956216,0,true,11.5,16,0,12.9,4.210000000000008
중앙대,73,C,0,881.5795885074491,0,start,15,15,0,11.945640665731048,3,3,0,21.629588507449057,0,true,14.6,35,0,18.8,4.569999999999993
중앙대,73,C,5,881.5795885074491,0,start,15,15,0,15.565995961652277,3,3,0,21.599202122956218,0,true,17.6,34,0,18.8,2.980000000000018
중앙대,73,C,10,881.5795885074491,0,start,15,15,0,31.4529780123043,3,3,0,21.599202122956218,0,true,17.6,30,0,18.8,7.569999999999997
중앙대,73,C,15,881.5795885074491,2,start,10,10,0,46.66142396289396,2,2,0,37.964171567779374,0,true,17.6,25,9,18.8,7.110000000000014
중앙대,73,AB,0,710.5263845732738,0,start,5,5,0,11.729013084314886,7,7,0,23.6410243724969,0,true,14.5,19,0,13.4,0
중앙대,73,AB,5,710.5263845732738,0,start,5,5,0,15.987739185730504,7,7,0,20.093453736930996,0,true,12.5,19,0,13.4,2.980000000000018
중앙대,73,AB,10,710.5263845732738,0,start,5,5,0,30.779013084314897,7,7,0,20.093453736930996,0,true,11.5,17,0,13.4,4.949999999999989
중앙대,73,AB,15,710.5263845732738,0,start,5,5,0,52.674233006975726,7,7,0,28.769202122956216,0,true,11.5,16,0,13.4,4.210000000000008
중앙대,73,AC,0,881.5795885074491,0,start,15,15,0,11.945640665731048,3,3,0,21.629588507449057,0,true,14.6,35,0,22.5,4.57
중앙대,73,AC,5,881.5795885074491,0,start,15,15,0,15.565995961652277,3,3,0,21.599202122956214,0,true,17.6,34,0,22.5,2.980000000000018
중앙대,73,AC,10,881.5795885074491,0,start,15,15,0,31.4529780123043,3,3,0,21.599202122956214,0,true,17.6,30,0,22.5,7.57
중앙대,73,AC,15,881.5795885074491,2,start,10,10,0,46.66142396289396,2,2,0,37.964171567779374,0,true,17.6,25,9,22.5,7.110000000000014
중앙대,73,BC,0,920.4205227471066,0,start,14,14,0,12.40693020130982,3,3,0,21.470522747106543,0,true,14.4,33,0,16.1,7.739999999999998
중앙대,73,BC,5,920.4205227471066,0,start,14,14,0,14.65927503890748,3,3,0,18.76,0,true,16.4,33,0,16.1,7.739999999999998
중앙대,73,BC,10,920.4205227471066,0,start,14,14,0,19.745121904597113,3,3,0,18.76,0,true,18.4,32,0,16.1,7.739999999999998
중앙대,73,BC,15,920.4205227471066,0,start,14,14,0,26.786574905388534,3,3,0,18.76,0,true,18.4,32,0,16.1,7.739999999999998
중앙대,73,ABC,0,920.4205227471066,0,start,14,14,0,12.40693020130982,3,3,0,21.470522747106543,0,true,14.4,33,0,20.3,7.739999999999998
중앙대,73,ABC,5,920.4205227471066,0,start,14,14,0,14.65927503890748,3,3,0,18.76,0,true,16.4,33,0,20.3,7.739999999999998
중앙대,73,ABC,10,920.4205227471066,0,start,14,14,0,19.745121904597113,3,3,0,18.76,0,true,18.4,32,0,20.3,7.739999999999998
중앙대,73,ABC,15,920.4205227471066,0,start,14,14,0,26.786574905388534,3,3,0,18.76,0,true,18.4,32,0,20.3,7.739999999999998