{
"type": "FeatureCollection",
"name": "숭실대_edges",
"crs": { "type": "name", "properties": { "name": "urn:ogc:def:crs:OGC:1.3:CRS84" } },
"features": [
{ "type": "Feature", "properties": { "u": "436821628", "v": "8537416813", "key": 0, "highway": "primary", "name": "관악로", "validation_status": "unobserved", "length_m": 57.628937003339445, "최대경사_pct": 8.9178513746732815, "B등급": "위험", "기준선_근처": true, "계단": false, "급한전환": 0 }, "geometry": { "type": "LineString", "coordinates": [ [ 126.9579934, 37.4881023 ], [ 126.957976400000021, 37.4879375 ], [ 126.95794020000001, 37.4878013 ], [ 126.9578705, 37.4876609 ], [ 126.957829799999985, 37.4876061 ] ] } },
{ "type": "Feature", "properties": { "u": "8537416813", "v": "2824759264", "key": 0, "highway": "residential", "name": "청림길", "validation_status": "unobserved", "length_m": 71.69744459875804, "최대경사_pct": 9.105772674539633, "B등급": "위험", "기준선_근처": true, "계단": false, "급한전환": 0 }, "geometry": { "type": "LineString", "coordinates": [ [ 126.95876, 37.4882998 ], [ 126.958213, 37.4881253 ], [ 126.9579934, 37.4881023 ] ] } },
{ "type": "Feature", "properties": { "u": "8537416813", "v": "2162056331", "key": 0, "highway": "primary", "name": "관악로", "validation_status": "unobserved", "length_m": 40.963832339172541, "최대경사_pct": 10.356272300146022, "B등급": "위험", "기준선_근처": true, "계단": false, "급한전환": 0 }, "geometry": { "type": "LineString", "coordinates": [ [ 126.9579534, 37.4884698 ], [ 126.9579877, 37.4882217 ], [ 126.9579934, 37.4881023 ] ] } },
{ "type": "Feature", "properties": { "u": "436821642", "v": "2825727213", "key": 0, "highway": "tertiary", "name": "관악로40길", "validation_status": "unobserved", "length_m": 17.498635430014748, "최대경사_pct": 2.6917292174454133, "B등급": "양호", "기준선_근처": true, "계단": false, "급한전환": 0 }, "geometry": { "type": "LineString", "coordinates": [ [ 126.9566976, 37.490795899999988 ], [ 126.95654260000002, 37.4906979 ] ] } },
{ "type": "Feature", "properties": { "u": "436821642", "v": "11413637586", "key": 0, "highway": "primary", "name": "관악로", "validation_status": "unobserved", "length_m": 9.0027086868014177, "최대경사_pct": 7.2790766261514026, "B등급": "주의", "기준선_근처": true, "계단": false, "급한전환": 0 }, "geometry": { "type": "LineString", "coordinates": [ [ 126.95659160000001, 37.4906268 ], [ 126.95654260000002, 37.4906979 ] ] } },
{ "type": "Feature", "properties": { "u": "436821642", "v": "1872054485", "key": 0, "highway": "primary", "name": "관악로", "validation_status": "unobserved", "length_m": 27.976337132224671, "최대경사_pct": 9.4761745478695047, "B등급": "위험", "기준선_근처": true, "계단": false, "급한전환": 0 }, "geometry": { "type": "LineString", "coordinates": [ [ 126.956414899999984, 37.4909283 ], [ 126.9564342, 37.4908838 ], [ 126.95654260000002, 37.4906979 ] ] } },
{ "type": "Feature", "properties": { "u": "2825727213", "v": "11413637819", "key": 0, "highway": "footway", "name": null, "validation_status": "validated", "length_m": 8.0618986232532315, "최대경사_pct": 5.7349789684209185, "B등급": "주의", "기준선_근처": true, "계단": false, "급한전환": 0 }, "geometry": { "type": "LineString", "coordinates": [ [ 126.956733700000015, 37.4907292 ], [ 126.9566976, 37.490795899999988 ] ] } },
{ "type": "Feature", "properties": { "u": "2825727213", "v": "2825728925", "key": 0, "highway": "tertiary", "name": "관악로40길", "validation_status": "validated", "length_m": 43.634890795998757, "최대경사_pct": 5.2780934503252297, "B등급": "양호", "기준선_근처": true, "계단": false, "급한전환": 0 }, "geometry": { "type": "LineString", "coordinates": [ [ 126.9571318, 37.490980300000025 ], [ 126.956857600000021, 37.4908801 ], [ 126.9566976, 37.490795899999988 ] ] } },
{ "type": "Feature", "properties": { "u": "2825727213", "v": "11413637528", "key": 0, "highway": [ "footway", "steps" ], "name": null, "validation_status": "validated", "length_m": 113.88868338273548, "최대경사_pct": 4.0397415862364623, "B등급": "양호", "기준선_근처": true, "계단": true, "급한전환": 3 }, "geometry": { "type": "LineString", "coordinates": [ [ 126.9560891, 37.4909779 ], [ 126.956109499999982, 37.4910224 ], [ 126.9561006, 37.4911927 ], [ 126.9565388, 37.491216 ], [ 126.9565814, 37.490935 ], [ 126.956634100000016, 37.4909138 ], [ 126.9566976, 37.490795899999988 ] ] } },
{ "type": "Feature", "properties": { "u": "11413637586", "v": "8537416816", "key": 0, "highway": "primary", "name": "관악로", "validation_status": "validated", "length_m": 93.221092515774629, "최대경사_pct": 10.892882567575667, "B등급": "위험", "기준선_근처": true, "계단": false, "급한전환": 0 }, "geometry": { "type": "LineString", "coordinates": [ [ 126.957081700000018, 37.4898833 ], [ 126.9568123, 37.4903063 ], [ 126.95659160000001, 37.4906268 ] ] } },
{ "type": "Feature", "properties": { "u": "11413637586", "v": "11413637819", "key": 0, "highway": "footway", "name": null, "validation_status": "validated", "length_m": 20.489097161567987, "최대경사_pct": 4.7061432545612076, "B등급": "양호", "기준선_근처": true, "계단": false, "급한전환": 1 }, "geometry": { "type": "LineString", "coordinates": [ [ 126.956733700000015, 37.4907292 ], [ 126.956755, 37.4906963 ], [ 126.95659160000001, 37.4906268 ] ] } },
{ "type": "Feature", "properties": { "u": "11413637586", "v": "11413637622", "key": 0, "highway": "footway", "name": null, "validation_status": "validated", "length_m": 49.332825797340057, "최대경사_pct": 5.9227429091890356, "B등급": "주의", "기준선_근처": true, "계단": false, "급한전환": 1 }, "geometry": { "type": "LineString", "coordinates": [ [ 126.956172100000018, 37.4907442 ], [ 126.956237800000011, 37.4907179 ], [ 126.956315599999982, 37.490665600000014 ], [ 126.956407, 37.4905483 ], [ 126.95659160000001, 37.4906268 ] ] } },
{ "type": "Feature", "properties": { "u": "1872054485", "v": "11413637747", "key": 0, "highway": "tertiary", "name": "성현로", "validation_status": "unobserved", "length_m": 28.433147421643987, "최대경사_pct": 3.1537096689782134, "B등급": "양호", "기준선_근처": true, "계단": false, "급한전환": 0 }, "geometry": { "type": "LineString", "coordinates": [ [ 126.9561172, 37.4908316 ], [ 126.9561377, 37.4908374 ], [ 126.956414899999984, 37.4909283 ] ] } },
{ "type": "Feature", "properties": { "u": "1872054485", "v": "969906543", "key": 0, "highway": "primary", "name": [ "관악로", "상도로" ], "validation_status": "validated", "length_m": 166.52262360353171, "최대경사_pct": 4.2247812453328084, "B등급": "양호", "기준선_근처": true, "계단": false, "급한전환": 0 }, "geometry": { "type": "LineString", "coordinates": [ [ 126.9565445, 37.4923984 ], [ 126.9564035, 37.4919696 ], [ 126.9563364, 37.4915825 ], [ 126.9563217, 37.4911802 ], [ 126.9563442, 37.491075 ], [ 126.956414899999984, 37.4909283 ] ] } },
{ "type": "Feature", "properties": { "u": "436821652", "v": "2825727130", "key": 0, "highway": "service", "name": "상도로68길", "validation_status": "validated", "length_m": 26.939767494360982, "최대경사_pct": 0.92722720780434054, "B등급": "양호", "기준선_근처": true, "계단": false, "급한전환": 0 }, "geometry": { "type": "LineString", "coordinates": [ [ 126.956270599999982, 37.4925615 ], [ 126.956574799999984, 37.4925486 ] ] } },
{ "type": "Feature", "properties": { "u": "436821652", "v": "969906543", "key": 0, "highway": "primary", "name": "상도로", "validation_status": "validated", "length_m": 16.884216510289232, "최대경사_pct": 6.8407713783113406, "B등급": "주의", "기준선_근처": true, "계단": false, "급한전환": 0 }, "geometry": { "type": "LineString", "coordinates": [ [ 126.9565445, 37.4923984 ], [ 126.956574799999984, 37.4925486 ] ] } },
{ "type": "Feature", "properties": { "u": "436821652", "v": "436821653", "key": 0, "highway": "primary", "name": "상도로", "validation_status": "validated", "length_m": 28.232757655453668, "최대경사_pct": 10.820446369370629, "B등급": "위험", "기준선_근처": true, "계단": false, "급한전환": 0 }, "geometry": { "type": "LineString", "coordinates": [ [ 126.9565564, 37.4928023 ], [ 126.956575, 37.4926409 ], [ 126.956574799999984, 37.4925486 ] ] } },
{ "type": "Feature", "properties": { "u": "2825727130", "v": "11413637533", "key": 0, "highway": "footway", "name": null, "validation_status": "validated", "length_m": 12.741431528538778, "최대경사_pct": 9.775834255724476, "B등급": "위험", "기준선_근처": true, "계단": false, "급한전환": 0 }, "geometry": { "type": "LineString", "coordinates": [ [ 126.9562547, 37.492447400000017 ], [ 126.956270599999982, 37.4925615 ] ] } },
{ "type": "Feature", "properties": { "u": "2825727130", "v": "2825727126", "key": 0, "highway": "service", "name": "상도로68길", "validation_status": "validated", "length_m": 89.074046389964963, "최대경사_pct": 12.109354574518569, "B등급": "위험", "기준선_근처": true, "계단": false, "급한전환": 0 }, "geometry": { "type": "LineString", "coordinates": [ [ 126.9559464, 37.4932835 ], [ 126.9559336, 37.4932573 ], [ 126.955928599999979, 37.493228 ], [ 126.9559371, 37.4931689 ], [ 126.955952100000019, 37.4931025 ], [ 126.9560133, 37.492941599999988 ], [ 126.9560736, 37.4927743 ], [ 126.9561276, 37.492672600000027 ], [ 126.9561586, 37.492628 ], [ 126.956192800000011, 37.492593200000016 ], [ 126.956236200000021, 37.4925709 ], [ 126.956270599999982, 37.4925615 ] ] } },
{ "type": "Feature", "properties": { "u": "2825727130", "v": "11413637692", "key": 0, "highway": "footway", "name": null, "validation_status": "validated", "length_m": 88.360724485393206, "최대경사_pct": 12.248708475980228, "B등급": "위험", "기준선_근처": true, "계단": false, "급한전환": 0 }, "geometry": { "type": "LineString", "coordinates": [ [ 126.9559613, 37.4932929 ], [ 126.956083399999983, 37.4931351 ], [ 126.9562095, 37.4929942 ], [ 126.95626, 37.4928296 ], [ 126.956268100000017, 37.49267720000001 ], [ 126.956270599999982, 37.4925615 ] ] } },
{ "type": "Feature", "properties": { "u": "969906543", "v": "11413637845", "key": 0, "highway": "footway", "name": null, "validation_status": "validated", "length_m": 15.15255090239339, "최대경사_pct": 9.1106925167820663, "B등급": "위험", "기준선_근처": true, "계단": false, "급한전환": 0 }, "geometry": { "type": "LineString", "coordinates": [ [ 126.956712200000013, 37.4923704 ], [ 126.9565445, 37.4923984 ] ] } },
{ "type": "Feature", "properties": { "u": "969906543", "v": "11413637533", "key": 0, "highway": "footway", "name": null, "validation_status": "validated", "length_m": 26.198947888724966, "최대경사_pct": 0.92099148681612053, "B등급": "양호", "기준선_근처": true, "계단": false, "급한전환": 0 }, "geometry": { "type": "LineString", "coordinates": [ [ 126.9562547, 37.492447400000017 ], [ 126.9565445, 37.4923984 ] ] } },
{ "type": "Feature", "properties": { "u": "436821653", "v": "2825727124", "key": 0, "highway": "primary", "name": "상도로", "validation_status": "unobserved", "length_m": 72.500658422827314, "최대경사_pct": 9.0085632610866302, "B등급": "위험", "기준선_근처": true, "계단": false, "급한전환": 0 }, "geometry": { "type": "LineString", "coordinates": [ [ 126.9560715, 37.4933262 ], [ 126.956309599999983, 37.4930514 ], [ 126.9563937, 37.4929386 ], [ 126.9565564, 37.4928023 ] ] } },
{ "type": "Feature", "properties": { "u": "436821653", "v": "14074780684", "key": 0, "highway": "primary", "name": "상도로", "validation_status": "validated", "length_m": 132.95581567996618, "최대경사_pct": 8.7545353481831736, "B등급": "위험", "기준선_근처": true, "계단": false, "급한전환": 0 }, "geometry": { "type": "LineString", "coordinates": [ [ 126.9558581, 37.4938378 ], [ 126.9562509, 37.4933961 ], [ 126.9564612, 37.4931232 ], [ 126.9565436, 37.4929888 ], [ 126.9565564, 37.4928023 ] ] } },
{ "type": "Feature", "properties": { "u": "2825727124", "v": "11413637692", "key": 0, "highway": "service", "name": "상도로68길", "validation_status": "unobserved", "length_m": 10.422637054537523, "최대경사_pct": 0.35188893672480975, "B등급": "양호", "기준선_근처": false, "계단": false, "급한전환": 0 }, "geometry": { "type": "LineString", "coordinates": [ [ 126.9559613, 37.4932929 ], [ 126.9560715, 37.4933262 ] ] } },
{ "type": "Feature", "properties": { "u": "2825727124", "v": "2825726704", "key": 0, "highway": "primary", "name": "상도로", "validation_status": "unobserved", "length_m": 84.865139078565903, "최대경사_pct": 9.2708300767720129, "B등급": "위험", "기준선_근처": true, "계단": false, "급한전환": 0 }, "geometry": { "type": "LineString", "coordinates": [ [ 126.9555264, 37.4939555 ], [ 126.9557027, 37.493748699999983 ], [ 126.9560715, 37.4933262 ] ] } },
{ "type": "Feature", "properties": { "u": "14074780684", "v": "12864837514", "key": 0, "highway": "service", "name": null, "validation_status": "validated", "length_m": 96.08865458424151, "최대경사_pct": 0.054656651338034698, "B등급": "양호", "기준선_근처": false, "계단": false, "급한전환": 1 }, "geometry": { "type": "LineString", "coordinates": [ [ 126.956418, 37.4944049 ], [ 126.9563709, 37.4941248 ], [ 126.9563621, 37.4940151 ], [ 126.956306200000014, 37.4939334 ], [ 126.9560914, 37.4939334 ], [ 126.9559797, 37.4938868 ], [ 126.9558581, 37.4938378 ] ] } },
{ "type": "Feature", "properties": { "u": "14074780684", "v": "14074780686", "key": 0, "highway": "primary", "name": "상도로", "validation_status": "unobserved", "length_m": 46.272810930162663, "최대경사_pct": 9.0525524132432142, "B등급": "위험", "기준선_근처": true, "계단": false, "급한전환": 0 }, "geometry": { "type": "LineString", "coordinates": [ [ 126.9555629, 37.4941816 ], [ 126.955680699999988, 37.494029199999986 ], [ 126.9558581, 37.4938378 ] ] } },
{ "type": "Feature", "properties": { "u": "436821663", "v": "13316391021", "key": 0, "highway": "primary", "name": "사당로", "validation_status": "unobserved", "length_m": 11.840442652838393, "최대경사_pct": 0.59069997698415477, "B등급": "양호", "기준선_근처": false, "계단": false, "급한전환": 0 }, "geometry": { "type": "LineString", "coordinates": [ [ 126.954323, 37.495555900000014 ], [ 126.9542155, 37.4954923 ] ] } },
{ "type": "Feature", "properties": { "u": "436821663", "v": "2825724224", "key": 0, "highway": "primary", "name": "상도로", "validation_status": "unobserved", "length_m": 24.801596091133238, "최대경사_pct": 5.6904926748429574, "B등급": "주의", "기준선_근처": true, "계단": false, "급한전환": 0 }, "geometry": { "type": "LineString", "coordinates": [ [ 126.954367499999989, 37.495304500000017 ], [ 126.9542155, 37.4954923 ] ] } },
{ "type": "Feature", "properties": { "u": "436821663", "v": "11413637825", "key": 0, "highway": "primary", "name": "상도로", "validation_status": "validated", "length_m": 18.075145887705695, "최대경사_pct": 5.4454500418565743, "B등급": "양호", "기준선_근처": true, "계단": false, "급한전환": 0 }, "geometry": { "type": "LineString", "coordinates": [ [ 126.9541044, 37.495629 ], [ 126.9542155, 37.4954923 ] ] } },
{ "type": "Feature", "properties": { "u": "13316391021", "v": "13528976148", "key": 0, "highway": "primary", "name": "상도로", "validation_status": "validated", "length_m": 17.961643990377414, "최대경사_pct": 6.3137495525191643, "B등급": "주의", "기준선_근처": true, "계단": false, "급한전환": 0 }, "geometry": { "type": "LineString", "coordinates": [ [ 126.9542131, 37.495692 ], [ 126.954323, 37.495555900000014 ] ] } },
{ "type": "Feature", "properties": { "u": "13316391021", "v": "12800872798", "key": 0, "highway": "primary", "name": "사당로", "validation_status": "unobserved", "length_m": 96.895570974762265, "최대경사_pct": 6.1283553264356936, "B등급": "주의", "기준선_근처": true, "계단": false, "급한전환": 0 }, "geometry": { "type": "LineString", "coordinates": [ [ 126.9553857, 37.495503500000012 ], [ 126.9546127, 37.4956161 ], [ 126.954526700000017, 37.4956222 ], [ 126.9544503, 37.4956135 ], [ 126.954323, 37.495555900000014 ] ] } },
{ "type": "Feature", "properties": { "u": "13316391021", "v": "14074780680", "key": 0, "highway": "primary", "name": "상도로", "validation_status": "unobserved", "length_m": 79.233169070815663, "최대경사_pct": 7.4944684840320646, "B등급": "주의", "기준선_근처": true, "계단": false, "급한전환": 0 }, "geometry": { "type": "LineString", "coordinates": [ [ 126.9548506, 37.4949789 ], [ 126.954463899999979, 37.4954005 ], [ 126.954323, 37.495555900000014 ] ] } },
{ "type": "Feature", "properties": { "u": "2825724224", "v": "10127668881", "key": 0, "highway": "primary", "name": "상도로", "validation_status": "unobserved", "length_m": 53.549243033674038, "최대경사_pct": 7.9320860472870196, "B등급": "주의", "기준선_근처": true, "계단": false, "급한전환": 0 }, "geometry": { "type": "LineString", "coordinates": [ [ 126.9547247, 37.4949149 ], [ 126.954367499999989, 37.495304500000017 ] ] } },
{ "type": "Feature", "properties": { "u": "2825724224", "v": "2825724223", "key": 0, "highway": "residential", "name": "상도로60길", "validation_status": "unobserved", "length_m": 4.0390288828163623, "최대경사_pct": 4.3737902199467511, "B등급": "양호", "기준선_근처": true, "계단": false, "급한전환": 0 }, "geometry": { "type": "LineString", "coordinates": [ [ 126.9543472, 37.4952719 ], [ 126.954367499999989, 37.495304500000017 ] ] } },
{ "type": "Feature", "properties": { "u": "11413637825", "v": "13528976148", "key": 0, "highway": "footway", "name": null, "validation_status": "validated", "length_m": 11.886500108670223, "최대경사_pct": 0.12953872646197814, "B등급": "양호", "기준선_근처": false, "계단": false, "급한전환": 0 }, "geometry": { "type": "LineString", "coordinates": [ [ 126.9542131, 37.495692 ], [ 126.9541044, 37.495629 ] ] } },
{ "type": "Feature", "properties": { "u": "11413637825", "v": "11413637566", "key": 0, "highway": "footway", "name": null, "validation_status": "validated", "length_m": 5.6857719960395041, "최대경사_pct": 0.96303209561114045, "B등급": "양호", "기준선_근처": true, "계단": false, "급한전환": 0 }, "geometry": { "type": "LineString", "coordinates": [ [ 126.9540535, 37.4955977 ], [ 126.9541044, 37.495629 ] ] } },
{ "type": "Feature", "properties": { "u": "11413637825", "v": "4620925483", "key": 0, "highway": "primary", "name": "상도로", "validation_status": "unobserved", "length_m": 68.396615991668426, "최대경사_pct": 4.8310677002444713, "B등급": "양호", "기준선_근처": true, "계단": false, "급한전환": 0 }, "geometry": { "type": "LineString", "coordinates": [ [ 126.953668400000012, 37.496138 ], [ 126.9536851, 37.4961172 ], [ 126.9541044, 37.495629 ] ] } },
{ "type": "Feature", "properties": { "u": "436821675", "v": "4621496738", "key": 0, "highway": "primary", "name": "상도로", "validation_status": "unobserved", "length_m": 45.833901289358273, "최대경사_pct": 0.57575969458013054, "B등급": "양호", "기준선_근처": false, "계단": false, "급한전환": 0 }, "geometry": { "type": "LineString", "coordinates": [ [ 126.9474232, 37.5035567 ], [ 126.9477015, 37.5032083 ] ] } },
{ "type": "Feature", "properties": { "u": "436821675", "v": "1829429042", "key": 0, "highway": "secondary", "name": "양녕로", "validation_status": "unobserved", "length_m": 44.928997152941974, "최대경사_pct": 0.81586084611392562, "B등급": "양호", "기준선_근처": false, "계단": false, "급한전환": 0 }, "geometry": { "type": "LineString", "coordinates": [ [ 126.947290200000012, 37.50297060000004 ], [ 126.9477015, 37.5032083 ] ] } },
{ "type": "Feature", "properties": { "u": "436821675", "v": "10265961156", "key": 0, "highway": "primary", "name": "양녕로", "validation_status": "unobserved", "length_m": 51.691578599909903, "최대경사_pct": 5.1596163994341282, "B등급": "양호", "기준선_근처": true, "계단": false, "급한전환": 0 }, "geometry": { "type": "LineString", "coordinates": [ [ 126.948195699999985, 37.5034571 ], [ 126.9477015, 37.5032083 ] ] } },
{ "type": "Feature", "properties": { "u": "436821675", "v": "13597219425", "key": 0, "highway": "primary", "name": "상도로", "validation_status": "unobserved", "length_m": 9.0997877073003242, "최대경사_pct": 2.2061647022032695, "B등급": "양호", "기준선_근처": true, "계단": false, "급한전환": 0 }, "geometry": { "type": "LineString", "coordinates": [ [ 126.947753400000011, 37.5031375 ], [ 126.9477015, 37.5032083 ] ] } },
{ "type": "Feature", "properties": { "u": "4621496738", "v": "2886858282", "key": 0, "highway": "primary", "name": "상도로", "validation_status": "unobserved", "length_m": 24.491138377925026, "최대경사_pct": 0.21747095316216064, "B등급": "양호", "기준선_근처": false, "계단": false, "급한전환": 0 }, "geometry": { "type": "LineString", "coordinates": [ [ 126.9472607, 37.5037354 ], [ 126.9474232, 37.5035567 ] ] } },
{ "type": "Feature", "properties": { "u": "4621496738", "v": "10265961155", "key": 0, "highway": "service", "name": "상도로", "validation_status": "unobserved", "length_m": 48.660673377420622, "최대경사_pct": 5.020478693524062, "B등급": "양호", "기준선_근처": true, "계단": false, "급한전환": 0 }, "geometry": { "type": "LineString", "coordinates": [ [ 126.9478715, 37.503811 ], [ 126.9474232, 37.5035567 ] ] } },
{ "type": "Feature", "properties": { "u": "1829429042", "v": "4621509674", "key": 0, "highway": "service", "name": null, "validation_status": "unobserved", "length_m": 95.449421497811755, "최대경사_pct": 3.8974620118134977, "B등급": "양호", "기준선_근처": true, "계단": false, "급한전환": 0 }, "geometry": { "type": "LineString", "coordinates": [ [ 126.9479039, 37.5022631 ], [ 126.947290200000012, 37.50297060000004 ] ] } },
{ "type": "Feature", "properties": { "u": "10265961156", "v": "2825706550", "key": 0, "highway": "primary", "name": "양녕로", "validation_status": "unobserved", "length_m": 48.589236586484276, "최대경사_pct": 4.2873912147628586, "B등급": "양호", "기준선_근처": true, "계단": false, "급한전환": 0 }, "geometry": { "type": "LineString", "coordinates": [ [ 126.948658699999982, 37.5036929 ], [ 126.948195699999985, 37.5034571 ] ] } },
{ "type": "Feature", "properties": { "u": "10265961156", "v": "10265961155", "key": 0, "highway": "service", "name": null, "validation_status": "unobserved", "length_m": 48.626500084372289, "최대경사_pct": 0.47490117961800132, "B등급": "양호", "기준선_근처": false, "계단": false, "급한전환": 0 }, "geometry": { "type": "LineString", "coordinates": [ [ 126.9478715, 37.503811 ], [ 126.948195699999985, 37.5034571 ] ] } },
{ "type": "Feature", "properties": { "u": "13597219425", "v": "2825706543", "key": 0, "highway": "primary", "name": "상도로", "validation_status": "unobserved", "length_m": 50.685938690578006, "최대경사_pct": 4.0632103540758395, "B등급": "양호", "기준선_근처": true, "계단": false, "급한전환": 0 }, "geometry": { "type": "LineString", "coordinates": [ [ 126.9481013, 37.502794 ], [ 126.947830200000013, 37.5031234 ], [ 126.947753400000011, 37.5031375 ] ] } },
{ "type": "Feature", "properties": { "u": "13597219425", "v": "13597219416", "key": 0, "highway": "primary", "name": "상도로", "validation_status": "unobserved", "length_m": 89.425107561728865, "최대경사_pct": 4.0425316678660161, "B등급": "양호", "기준선_근처": true, "계단": false, "급한전환": 0 }, "geometry": { "type": "LineString", "coordinates": [ [ 126.9482201, 37.5024416 ], [ 126.9480269, 37.502691499999983 ], [ 126.947738, 37.5030652 ], [ 126.947753400000011, 37.5031375 ] ] } },
{ "type": "Feature", "properties": { "u": "436821679", "v": "10239817468", "key": 0, "highway": "primary", "name": "양녕로", "validation_status": "unobserved", "length_m": 14.342318211978403, "최대경사_pct": 0.67436038105296825, "B등급": "양호", "기준선_근처": false, "계단": false, "급한전환": 0 }, "geometry": { "type": "LineString", "coordinates": [ [ 126.94958440000002, 37.5042932 ], [ 126.94951970000001, 37.5041747 ] ] } },
{ "type": "Feature", "properties": { "u": "436821679", "v": "2825730234", "key": 0, "highway": "primary", "name": "양녕로", "validation_status": "unobserved", "length_m": 34.008555032057899, "최대경사_pct": 1.1842378929335004e-14, "B등급": "양호", "기준선_근처": false, "계단": false, "급한전환": 0 }, "geometry": { "type": "LineString", "coordinates": [ [ 126.9492045, 37.5039991 ], [ 126.94951970000001, 37.5041747 ] ] } },
{ "type": "Feature", "properties": { "u": "436821679", "v": "10239817463", "key": 0, "highway": "primary", "name": "양녕로", "validation_status": "unobserved", "length_m": 33.709361774237806, "최대경사_pct": 2.077237755701399, "B등급": "양호", "기준선_근처": true, "계단": false, "급한전환": 0 }, "geometry": { "type": "LineString", "coordinates": [ [ 126.9498255, 37.5043362 ], [ 126.94967819999998, 37.5042094 ], [ 126.94951970000001, 37.5041747 ] ] } },
{ "type": "Feature", "properties": { "u": "2825730234", "v": "10712384714", "key": 0, "highway": "service", "name": "양녕로", "validation_status": "unobserved", "length_m": 19.784214324669321, "최대경사_pct": 16.666666666666664, "B등급": "위험", "기준선_근처": false, "계단": false, "급한전환": 0 }, "geometry": { "type": "LineString", "coordinates": [ [ 126.949365, 37.5038749 ], [ 126.9492045, 37.5039991 ] ] } },
{ "type": "Feature", "properties": { "u": "2825730234", "v": "4621496740", "key": 0, "highway": "service", "name": null, "validation_status": "unobserved", "length_m": 49.819288764556859, "최대경사_pct": 0.0, "B등급": "양호", "기준선_근처": false, "계단": false, "급한전환": 0 }, "geometry": { "type": "LineString", "coordinates": [ [ 126.9488877, 37.5043703 ], [ 126.9492045, 37.5039991 ] ] } },
{ "type": "Feature", "properties": { "u": "2825730234", "v": "2825706550", "key": 0, "highway": "primary", "name": "양녕로", "validation_status": "unobserved", "length_m": 59.025177040261745, "최대경사_pct": 0.0, "B등급": "양호", "기준선_근처": false, "계단": false, "급한전환": 0 }, "geometry": { "type": "LineString", "coordinates": [ [ 126.948658699999982, 37.5036929 ], [ 126.9492045, 37.5039991 ] ] } },
{ "type": "Feature", "properties": { "u": "10239817463", "v": "10239817464", "key": 0, "highway": "primary", "name": "양녕로", "validation_status": "unobserved", "length_m": 7.2083694120959043, "최대경사_pct": 5.6834828833744435, "B등급": "주의", "기준선_근처": true, "계단": false, "급한전환": 0 }, "geometry": { "type": "LineString", "coordinates": [ [ 126.949881499999989, 37.5043834 ], [ 126.9498255, 37.5043362 ] ] } },
{ "type": "Feature", "properties": { "u": "10239817463", "v": "2829147721", "key": 0, "highway": "service", "name": "상도로41마길", "validation_status": "unobserved", "length_m": 48.759391126995794, "최대경사_pct": 7.365150732231954, "B등급": "주의", "기준선_근처": true, "계단": false, "급한전환": 0 }, "geometry": { "type": "LineString", "coordinates": [ [ 126.95030340000001, 37.5041398 ], [ 126.9501124, 37.5041817 ], [ 126.949937399999982, 37.5042423 ], [ 126.9498255, 37.5043362 ] ] } },
{ "type": "Feature", "properties": { "u": "436849858", "v": "2824759281", "key": 0, "highway": "primary", "name": "사당로", "validation_status": "bridged", "length_m": 8.1829200003206264, "최대경사_pct": 9.0078753526558817, "B등급": "위험", "기준선_근처": true, "계단": false, "급한전환": 0 }, "geometry": { "type": "LineString", "coordinates": [ [ 126.9608523, 37.494771 ], [ 126.9609436, 37.494759 ] ] } },
{ "type": "Feature", "properties": { "u": "436849858", "v": "14076316446", "key": 0, "highway": "residential", "name": "사당로2자길", "validation_status": "unobserved", "length_m": 142.09470638831453, "최대경사_pct": 9.9834637498450522, "B등급": "위험", "기준선_근처": true, "계단": false, "급한전환": 1 }, "geometry": { "type": "LineString", "coordinates": [ [ 126.9620818, 37.4940401 ], [ 126.96200970000001, 37.4941412 ], [ 126.9619332, 37.4942338 ], [ 126.961773599999987, 37.4943668 ], [ 126.9616717, 37.494426399999988 ], [ 126.9615188, 37.4944924 ], [ 126.961387400000021, 37.4945285 ], [ 126.9611742, 37.4945775 ], [ 126.9609985, 37.4945998 ], [ 126.960924700000021, 37.4946222 ], [ 126.9609436, 37.494759 ] ] } },
{ "type": "Feature", "properties": { "u": "436849858", "v": "8482789908", "key": 0, "highway": "primary", "name": "사당로", "validation_status": "validated", "length_m": 349.60221906427421, "최대경사_pct": 14.301968715709876, "B등급": "위험", "기준선_근처": false, "계단": false, "급한전환": 0 }, "geometry": { "type": "LineString", "coordinates": [ [ 126.963264400000014, 37.4924411 ], [ 126.9630493, 37.4926419 ], [ 126.962902899999989, 37.4928366 ], [ 126.9624815, 37.4936954 ], [ 126.962297400000011, 37.494057 ], [ 126.9621223, 37.4942888 ], [ 126.96182730000001, 37.4945174 ], [ 126.9614936, 37.4946476 ], [ 126.9609436, 37.494759 ] ] } },
{ "type": "Feature", "properties": { "u": "2824759281", "v": "12785639994", "key": 0, "highway": "residential", "name": "서달로", "validation_status": "validated", "length_m": 61.209728906799036, "최대경사_pct": 3.8590705006147625, "B등급": "양호", "기준선_근처": true, "계단": false, "급한전환": 0 }, "geometry": { "type": "LineString", "coordinates": [ [ 126.9611947, 37.4952503 ], [ 126.9608523, 37.494771 ] ] } },
{ "type": "Feature", "properties": { "u": "2824759281", "v": "13322228135", "key": 0, "highway": "tertiary", "name": "관악로40길", "validation_status": "validated", "length_m": 113.49495455265659, "최대경사_pct": 10.524316520732382, "B등급": "위험", "기준선_근처": true, "계단": false, "급한전환": 0 }, "geometry": { "type": "LineString", "coordinates": [ [ 126.960189700000015, 37.493906100000025 ], [ 126.960199, 37.4939815 ], [ 126.960730799999979, 37.4945888 ], [ 126.9608523, 37.494771 ] ] } },
{ "type": "Feature", "properties": { "u": "2824759281", "v": "5746089412", "key": 0, "highway": "primary", "name": "사당로", "validation_status": "validated", "length_m": 116.79179463789632, "최대경사_pct": 8.3782531445951332, "B등급": "위험", "기준선_근처": true, "계단": false, "급한전환": 0 }, "geometry": { "type": "LineString", "coordinates": [ [ 126.9595446, 37.4949183 ], [ 126.96045220000002, 37.4948161 ], [ 126.9608523, 37.494771 ] ] } },
{ "type": "Feature", "properties": { "u": "14076316446", "v": "5406793587", "key": 0, "highway": "residential", "name": "사당로2자길", "validation_status": "unobserved", "length_m": 43.135706368673958, "최대경사_pct": 12.685518824208561, "B등급": "위험", "기준선_근처": true, "계단": false, "급한전환": 0 }, "geometry": { "type": "LineString", "coordinates": [ [ 126.9623021, 37.493693500000028 ], [ 126.962138400000015, 37.4939609 ], [ 126.9620818, 37.4940401 ] ] } },
{ "type": "Feature", "properties": { "u": "14076316446", "v": "13322228135", "key": 0, "highway": "service", "name": null, "validation_status": "validated", "length_m": 244.38547659568604, "최대경사_pct": 2.3875531778016525, "B등급": "양호", "기준선_근처": true, "계단": false, "급한전환": 1 }, "geometry": { "type": "LineString", "coordinates": [ [ 126.960189700000015, 37.493906100000025 ], [ 126.9614466, 37.4932733 ], [ 126.961502300000021, 37.4932556 ], [ 126.961594, 37.4932529 ], [ 126.9616528, 37.4932655 ], [ 126.961718100000013, 37.4933596 ], [ 126.9618642, 37.4935936 ], [ 126.9620818, 37.4940401 ] ] } },
{ "type": "Feature", "properties": { "u": "8482789908", "v": "8482835723", "key": 0, "highway": "residential", "name": null, "validation_status": "validated", "length_m": 39.76539822170195, "최대경사_pct": 2.4921530357962256, "B등급": "양호", "기준선_근처": true, "계단": false, "급한전환": 0 }, "geometry": { "type": "LineString", "coordinates": [ [ 126.9628989, 37.4922324 ], [ 126.963264400000014, 37.4924411 ] ] } },
{ "type": "Feature", "properties": { "u": "8482789908", "v": "8482789903", "key": 0, "highway": "primary", "name": "사당로", "validation_status": "unobserved", "length_m": 401.96313160926087, "최대경사_pct": 13.625537974188676, "B등급": "위험", "기준선_근처": false, "계단": false, "급한전환": 0 }, "geometry": { "type": "LineString", "coordinates": [ [ 126.965702, 37.4894677 ], [ 126.965574300000014, 37.4896146 ], [ 126.965326, 37.489829200000017 ], [ 126.964879199999984, 37.490178 ], [ 126.9646891, 37.4904098 ], [ 126.96432080000001, 37.4913981 ], [ 126.9642534, 37.491508499999988 ], [ 126.964140400000019, 37.4916426 ], [ 126.963264400000014, 37.4924411 ] ] } },
{ "type": "Feature", "properties": { "u": "11413637533", "v": "11413637528", "key": 0, "highway": "footway", "name": null, "validation_status": "validated", "length_m": 165.16446051451879, "최대경사_pct": 0.9904897569112685, "B등급": "양호", "기준선_근처": true, "계단": false, "급한전환": 0 }, "geometry": { "type": "LineString", "coordinates": [ [ 126.9560891, 37.4909779 ], [ 126.956079100000011, 37.4910759 ], [ 126.956058400000018, 37.491693500000018 ], [ 126.9560919, 37.491873 ], [ 126.9560991, 37.4919113 ], [ 126.956211400000015, 37.4922072 ], [ 126.9562547, 37.492447400000017 ] ] } },
{ "type": "Feature", "properties": { "u": "1667060265", "v": "6428306251", "key": 0, "highway": "steps", "name": null, "validation_status": "validated", "length_m": 70.024944631135597, "최대경사_pct": 19.053382311328239, "B등급": "위험", "기준선_근처": false, "계단": true, "급한전환": 0 }, "geometry": { "type": "LineString", "coordinates": [ [ 126.966403500000013, 37.495182500000013 ], [ 126.967032, 37.4955663 ] ] } },
{ "type": "Feature", "properties": { "u": "1667060265", "v": "7552260751", "key": 0, "highway": "service", "name": null, "validation_status": "validated", "length_m": 6.3781824350891352, "최대경사_pct": 0.57391822972623652, "B등급": "양호", "기준선_근처": false, "계단": false, "급한전환": 0 }, "geometry": { "type": "LineString", "coordinates": [ [ 126.967092, 37.4955364 ], [ 126.9670584, 37.4955466 ], [ 126.967032, 37.4955663 ] ] } },
{ "type": "Feature", "properties": { "u": "1667060265", "v": "1667060481", "key": 0, "highway": "service", "name": null, "validation_status": "validated", "length_m": 151.18709376836037, "최대경사_pct": 2.3342256772076304, "B등급": "양호", "기준선_근처": true, "계단": false, "급한전환": 0 }, "geometry": { "type": "LineString", "coordinates": [ [ 126.9661276, 37.4967006 ], [ 126.9661762, 37.4966153 ], [ 126.9664478, 37.4961153 ], [ 126.966565500000016, 37.4959638 ], [ 126.9666938, 37.4958294 ], [ 126.966878799999989, 37.4956806 ], [ 126.967032, 37.4955663 ] ] } },
{ "type": "Feature", "properties": { "u": "7552260751", "v": "7552260750", "key": 0, "highway": "steps", "name": null, "validation_status": "unobserved", "length_m": 72.092317650536842, "최대경사_pct": 19.265582072581047, "B등급": "위험", "기준선_근처": false, "계단": true, "급한전환": 0 }, "geometry": { "type": "LineString", "coordinates": [ [ 126.9664453, 37.4951409 ], [ 126.967092, 37.4955364 ] ] } },
{ "type": "Feature", "properties": { "u": "7552260751", "v": "7552118028", "key": 0, "highway": "service", "name": null, "validation_status": "unobserved", "length_m": 53.669339532568657, "최대경사_pct": 0.450737187135483, "B등급": "양호", "기준선_근처": false, "계단": false, "급한전환": 0 }, "geometry": { "type": "LineString", "coordinates": [ [ 126.967673500000018, 37.4954046 ], [ 126.9675604, 37.4954174 ], [ 126.967358500000017, 37.4954555 ], [ 126.967092, 37.4955364 ] ] } },
{ "type": "Feature", "properties": { "u": "1667060481", "v": "1667060965", "key": 0, "highway": "service", "name": null, "validation_status": "validated", "length_m": 194.68814861720327, "최대경사_pct": 6.4418439511172574, "B등급": "주의", "기준선_근처": true, "계단": false, "급한전환": 0 }, "geometry": { "type": "LineString", "coordinates": [ [ 126.9660334, 37.4984227 ], [ 126.9659493, 37.4982067 ], [ 126.9659079, 37.4980625 ], [ 126.96591789999998, 37.497911 ], [ 126.9659348, 37.497578 ], [ 126.965962800000014, 37.4972661 ], [ 126.9660436, 37.496934799999984 ], [ 126.9660854, 37.4967747 ], [ 126.9661276, 37.4967006 ] ] } },
{ "type": "Feature", "properties": { "u": "1667060481", "v": "7552118318", "key": 0, "highway": "service", "name": null, "validation_status": "validated", "length_m": 196.67063103543734, "최대경사_pct": 13.741115597226102, "B등급": "위험", "기준선_근처": false, "계단": false, "급한전환": 0 }, "geometry": { "type": "LineString", "coordinates": [ [ 126.96791140000002, 37.4977469 ], [ 126.9677508, 37.4976299 ], [ 126.9673556, 37.4973449 ], [ 126.966843600000018, 37.4970314 ], [ 126.9661276, 37.4967006 ] ] } },
{ "type": "Feature", "properties": { "u": "1667060965", "v": "2943859173", "key": 0, "highway": "service", "name": null, "validation_status": "validated", "length_m": 83.672179521441421, "최대경사_pct": 18.116351825685928, "B등급": "위험", "기준선_근처": false, "계단": false, "급한전환": 0 }, "geometry": { "type": "LineString", "coordinates": [ [ 126.965150300000019, 37.4982993 ], [ 126.9652647, 37.4982746 ], [ 126.9654064, 37.4982489 ], [ 126.965492700000013, 37.498252 ], [ 126.9657368, 37.4982885 ], [ 126.965947299999982, 37.498354500000019 ], [ 126.9660334, 37.4984227 ] ] } },
{ "type": "Feature", "properties": { "u": "1667060965", "v": "1667062355", "key": 0, "highway": "service", "name": null, "validation_status": "unobserved", "length_m": 363.15876884683604, "최대경사_pct": 9.6229694363821086, "B등급": "위험", "기준선_근처": true, "계단": false, "급한전환": 0 }, "geometry": { "type": "LineString", "coordinates": [ [ 126.9680363, 37.501115 ], [ 126.9678774, 37.5010347 ], [ 126.967784800000018, 37.5009496 ], [ 126.9676862, 37.5008354 ], [ 126.9676219, 37.500746 ], [ 126.9675578, 37.5006221 ], [ 126.967508899999984, 37.5005109 ], [ 126.9674688, 37.500388799999989 ], [ 126.9674266, 37.5002924 ], [ 126.967342, 37.5002044 ], [ 126.9672309, 37.5001357 ], [ 126.96706020000002, 37.5000881 ], [ 126.966940699999981, 37.500035 ], [ 126.966824499999987, 37.4999816 ], [ 126.9667313, 37.4999232 ], [ 126.966662400000018, 37.4998616 ], [ 126.9665956, 37.499737800000013 ], [ 126.9665361, 37.4995963 ], [ 126.966485, 37.4994776 ], [ 126.9664538, 37.4993566 ], [ 126.966414, 37.4992015 ], [ 126.966368, 37.499094499999984 ], [ 126.9663062, 37.4989735 ], [ 126.9662537, 37.4988564 ], [ 126.9661757, 37.4987149 ], [ 126.9661163, 37.4985676 ], [ 126.9660334, 37.4984227 ] ] } },
{ "type": "Feature", "properties": { "u": "7552118318", "v": "1667060781", "key": 0, "highway": "service", "name": null, "validation_status": "unobserved", "length_m": 20.034524644046719, "최대경사_pct": 8.5336462482785791, "B등급": "위험", "기준선_근처": true, "계단": false, "급한전환": 0 }, "geometry": { "type": "LineString", "coordinates": [ [ 126.968078500000018, 37.4978688 ], [ 126.96791140000002, 37.4977469 ] ] } },
{ "type": "Feature", "properties": { "u": "1667060781", "v": "6428306241", "key": 0, "highway": "service", "name": null, "validation_status": "unobserved", "length_m": 102.61695853624431, "최대경사_pct": 1.4717247958677315, "B등급": "양호", "기준선_근처": true, "계단": false, "급한전환": 0 }, "geometry": { "type": "LineString", "coordinates": [ [ 126.9681254, 37.4987891 ], [ 126.968094799999989, 37.4987202 ], [ 126.968078500000018, 37.4978688 ] ] } },
{ "type": "Feature", "properties": { "u": "6428306241", "v": "6428306229", "key": 0, "highway": "service", "name": null, "validation_status": "unobserved", "length_m": 21.194947690010324, "최대경사_pct": 10.498490669464454, "B등급": "위험", "기준선_근처": true, "계단": false, "급한전환": 0 }, "geometry": { "type": "LineString", "coordinates": [ [ 126.9683553, 37.4988351 ], [ 126.968208899999979, 37.49882 ], [ 126.9681254, 37.4987891 ] ] } },
{ "type": "Feature", "properties": { "u": "6428306241", "v": "6428306232", "key": 0, "highway": "service", "name": null, "validation_status": "unobserved", "length_m": 44.921474787348963, "최대경사_pct": 13.12350095850802, "B등급": "위험", "기준선_근처": false, "계단": false, "급한전환": 1 }, "geometry": { "type": "LineString", "coordinates": [ [ 126.9679912, 37.4991568 ], [ 126.967968, 37.499049 ], [ 126.9680848, 37.4989286 ], [ 126.9681254, 37.4987891 ] ] } },
{ "type": "Feature", "properties": { "u": "1667060931", "v": "2943859173", "key": 0, "highway": "service", "name": null, "validation_status": "validated", "length_m": 9.970210281783519, "최대경사_pct": 18.2169541617485, "B등급": "위험", "기준선_근처": false, "계단": false, "급한전환": 0 }, "geometry": { "type": "LineString", "coordinates": [ [ 126.965150300000019, 37.4982993 ], [ 126.965055800000016, 37.4983483 ] ] } },
{ "type": "Feature", "properties": { "u": "2943859173", "v": "5406793616", "key": 0, "highway": "path", "name": null, "validation_status": "validated", "length_m": 529.33916437971016, "최대경사_pct": 25.004487961685211, "B등급": "위험", "기준선_근처": false, "계단": false, "급한전환": 0 }, "geometry": { "type": "LineString", "coordinates": [ [ 126.9630446, 37.4945479 ], [ 126.9630455, 37.494558600000019 ], [ 126.96306220000001, 37.4947473 ], [ 126.9630065, 37.4949389 ], [ 126.9629099, 37.4952189 ], [ 126.9628765, 37.4953634 ], [ 126.9629285, 37.4956493 ], [ 126.962947, 37.4957731 ], [ 126.963002800000012, 37.4958615 ], [ 126.963140200000012, 37.4960856 ], [ 126.96321829999998, 37.4962595 ], [ 126.963223, 37.49638920000001 ], [ 126.9631242, 37.496586500000035 ], [ 126.9630882, 37.4967754 ], [ 126.9630468, 37.4969286 ], [ 126.9630362, 37.4971114 ], [ 126.963140200000012, 37.4972057 ], [ 126.9633409, 37.4972912 ], [ 126.96349690000001, 37.4973767 ], [ 126.9636121, 37.4974858 ], [ 126.963749599999986, 37.4976302 ], [ 126.963861, 37.4976891 ], [ 126.963991099999987, 37.4977216 ], [ 126.9642474, 37.4978218 ], [ 126.9643923, 37.4979456 ], [ 126.9645558, 37.4980399 ], [ 126.964745300000018, 37.4981077 ], [ 126.96498680000002, 37.498149 ], [ 126.9650685, 37.4982345 ], [ 126.965150300000019, 37.4982993 ] ] } },
{ "type": "Feature", "properties": { "u": "1667062355", "v": "7552118407", "key": 0, "highway": "service", "name": null, "validation_status": "unobserved", "length_m": 30.953350422020851, "최대경사_pct": 10.489928119774609, "B등급": "위험", "기준선_근처": true, "계단": false, "급한전환": 0 }, "geometry": { "type": "LineString", "coordinates": [ [ 126.9682801, 37.5013151 ], [ 126.968269, 37.5013049 ], [ 126.9680363, 37.501115 ] ] } },
{ "type": "Feature", "properties": { "u": "7552118407", "v": "1667062712", "key": 0, "highway": "service", "name": null, "validation_status": "unobserved", "length_m": 34.37861832632727, "최대경사_pct": 14.395753886753749, "B등급": "위험", "기준선_근처": false, "계단": false, "급한전환": 0 }, "geometry": { "type": "LineString", "coordinates": [ [ 126.9685347, 37.5015492 ], [ 126.9682801, 37.5013151 ] ] } },
{ "type": "Feature", "properties": { "u": "7552118407", "v": "7552118406", "key": 0, "highway": "steps", "name": null, "validation_status": "unobserved", "length_m": 24.621497282141068, "최대경사_pct": 21.823700756926101, "B등급": "위험", "기준선_근처": false, "계단": true, "급한전환": 0 }, "geometry": { "type": "LineString", "coordinates": [ [ 126.9680607, 37.5014517 ], [ 126.9682801, 37.5013151 ] ] } },
{ "type": "Feature", "properties": { "u": "4621509674", "v": "4621509675", "key": 0, "highway": "service", "name": "상도로38길", "validation_status": "unobserved", "length_m": 140.32516663784344, "최대경사_pct": 1.8584892348723503, "B등급": "양호", "기준선_근처": true, "계단": false, "급한전환": 0 }, "geometry": { "type": "LineString", "coordinates": [ [ 126.9487898, 37.5012141 ], [ 126.9479039, 37.5022631 ] ] } },
{ "type": "Feature", "properties": { "u": "4621509674", "v": "13597219416", "key": 0, "highway": "service", "name": "상도로38길", "validation_status": "unobserved", "length_m": 34.266654072424465, "최대경사_pct": 1.001944560763069, "B등급": "양호", "기준선_근처": true, "계단": false, "급한전환": 0 }, "geometry": { "type": "LineString", "coordinates": [ [ 126.9482201, 37.5024416 ], [ 126.9479039, 37.5022631 ] ] } },
{ "type": "Feature", "properties": { "u": "4621509674", "v": "12857612858", "key": 0, "highway": "service", "name": "상도로38길", "validation_status": "unobserved", "length_m": 38.728971313623219, "최대경사_pct": 2.0037963792089641, "B등급": "양호", "기준선_근처": true, "계단": false, "급한전환": 0 }, "geometry": { "type": "LineString", "coordinates": [ [ 126.947549, 37.5020586 ], [ 126.9479039, 37.5022631 ] ] } },
{ "type": "Feature", "properties": { "u": "1872054412", "v": "11413637670", "key": 0, "highway": "service", "name": null, "validation_status": "validated", "length_m": 14.561883667429294, "최대경사_pct": 21.65048703843193, "B등급": "위험", "기준선_근처": false, "계단": false, "급한전환": 0 }, "geometry": { "type": "LineString", "coordinates": [ [ 126.9552131, 37.490414600000015 ], [ 126.955136400000015, 37.4905307 ] ] } },
{ "type": "Feature", "properties": { "u": "1872054412", "v": "11413637794", "key": 0, "highway": "tertiary", "name": "성현로", "validation_status": "unobserved", "length_m": 16.20945322834649, "최대경사_pct": 5.4171552593670214, "B등급": "양호", "기준선_근처": true, "계단": false, "급한전환": 0 }, "geometry": { "type": "LineString", "coordinates": [ [ 126.9553166, 37.4905574 ], [ 126.955136400000015, 37.4905307 ] ] } },
{ "type": "Feature", "properties": { "u": "1872054412", "v": "13324709490", "key": 0, "highway": "tertiary", "name": "성현로", "validation_status": "validated", "length_m": 66.430735694699933, "최대경사_pct": 3.5496563155096008, "B등급": "양호", "기준선_근처": true, "계단": false, "급한전환": 0 }, "geometry": { "type": "LineString", "coordinates": [ [ 126.954424499999988, 37.4903582 ], [ 126.954474, 37.4903878 ], [ 126.954663599999989, 37.4904531 ], [ 126.955136400000015, 37.4905307 ] ] } },
{ "type": "Feature", "properties": { "u": "11413637670", "v": "11177542025", "key": 0, "highway": "service", "name": null, "validation_status": "bridged", "length_m": 13.157088221198606, "최대경사_pct": 14.961698437336915, "B등급": "위험", "기준선_근처": false, "계단": false, "급한전환": 0 }, "geometry": { "type": "LineString", "coordinates": [ [ 126.9552824, 37.4903097 ], [ 126.9552131, 37.490414600000015 ] ] } },
{ "type": "Feature", "properties": { "u": "11413637670", "v": "11413637576", "key": 0, "highway": "footway", "name": null, "validation_status": "validated", "length_m": 14.319916260941351, "최대경사_pct": 3.3168675216167287, "B등급": "양호", "기준선_근처": true, "계단": false, "급한전환": 0 }, "geometry": { "type": "LineString", "coordinates": [ [ 126.955361400000015, 37.490466400000017 ], [ 126.9552131, 37.490414600000015 ] ] } },
{ "type": "Feature", "properties": { "u": "11413637670", "v": "11413637648", "key": 0, "highway": "footway", "name": null, "validation_status": "validated", "length_m": 76.56320811820467, "최대경사_pct": 4.1176720775220259, "B등급": "양호", "기준선_근처": true, "계단": false, "급한전환": 0 }, "geometry": { "type": "LineString", "coordinates": [ [ 126.9544065, 37.4902017 ], [ 126.9545392, 37.4902801 ], [ 126.9547453, 37.490353400000018 ], [ 126.9550361, 37.490397 ], [ 126.9551143, 37.4903991 ], [ 126.9552131, 37.490414600000015 ] ] } },
{ "type": "Feature", "properties": { "u": "11413637794", "v": "11413637576", "key": 0, "highway": "footway", "name": null, "validation_status": "validated", "length_m": 10.849111640585591, "최대경사_pct": 25.0, "B등급": "위험", "기준선_근처": false, "계단": false, "급한전환": 0 }, "geometry": { "type": "LineString", "coordinates": [ [ 126.955361400000015, 37.490466400000017 ], [ 126.9553166, 37.4905574 ] ] } },
{ "type": "Feature", "properties": { "u": "11413637794", "v": "11413637699", "key": 0, "highway": "footway", "name": null, "validation_status": "validated", "length_m": 10.562383557627875, "최대경사_pct": 26.805834955085455, "B등급": "위험", "기준선_근처": false, "계단": false, "급한전환": 0 }, "geometry": { "type": "LineString", "coordinates": [ [ 126.955273, 37.490646 ], [ 126.9553166, 37.4905574 ] ] } },
{ "type": "Feature", "properties": { "u": "11413637794", "v": "11413637747", "key": 0, "highway": "tertiary", "name": "성현로", "validation_status": "unobserved", "length_m": 77.606413877015399, "최대경사_pct": 3.1762870165164889, "B등급": "양호", "기준선_근처": true, "계단": false, "급한전환": 0 }, "geometry": { "type": "LineString", "coordinates": [ [ 126.9561172, 37.4908316 ], [ 126.9560348, 37.4908037 ], [ 126.95571990000002, 37.4906617 ], [ 126.955445199999986, 37.4905741 ], [ 126.9553166, 37.4905574 ] ] } },
{ "type": "Feature", "properties": { "u": "13324709490", "v": "11413637902", "key": 0, "highway": "tertiary", "name": "성현로", "validation_status": "unobserved", "length_m": 11.892756918727535, "최대경사_pct": 2.0013026143496639, "B등급": "양호", "기준선_근처": true, "계단": false, "급한전환": 0 }, "geometry": { "type": "LineString", "coordinates": [ [ 126.9543187, 37.4902922 ], [ 126.954336899999987, 37.4903057 ], [ 126.954424499999988, 37.4903582 ] ] } },
{ "type": "Feature", "properties": { "u": "13324709490", "v": "11413637804", "key": 0, "highway": "service", "name": null, "validation_status": "unobserved", "length_m": 11.934223465786269, "최대경사_pct": 36.377418141324988, "B등급": "위험", "기준선_근처": false, "계단": false, "급한전환": 0 }, "geometry": { "type": "LineString", "coordinates": [ [ 126.9543366, 37.4904396 ], [ 126.9543612, 37.49041290000001 ], [ 126.954424499999988, 37.4903582 ] ] } },
{ "type": "Feature", "properties": { "u": "1872054413", "v": "1872054415", "key": 0, "highway": "tertiary", "name": "성현로", "validation_status": "unobserved", "length_m": 13.557505854924477, "최대경사_pct": 1.5070474397110445, "B등급": "양호", "기준선_근처": true, "계단": false, "급한전환": 0 }, "geometry": { "type": "LineString", "coordinates": [ [ 126.9536695, 37.4899879 ], [ 126.9535162, 37.4899875 ] ] } },
{ "type": "Feature", "properties": { "u": "1872054413", "v": "11413637654", "key": 0, "highway": "tertiary", "name": "성현로", "validation_status": "validated", "length_m": 126.17893820358658, "최대경사_pct": 4.7480270378987433, "B등급": "양호", "기준선_근처": true, "계단": false, "급한전환": 0 }, "geometry": { "type": "LineString", "coordinates": [ [ 126.9524837, 37.4907463 ], [ 126.952761400000014, 37.4904752 ], [ 126.9532554, 37.490088 ], [ 126.9533966, 37.4900101 ], [ 126.9535162, 37.4899875 ] ] } },
{ "type": "Feature", "properties": { "u": "1872054413", "v": "11413637836", "key": 0, "highway": "residential", "name": "은천로33길", "validation_status": "unobserved", "length_m": 18.332364432426161, "최대경사_pct": 19.353962370421936, "B등급": "위험", "기준선_근처": false, "계단": false, "급한전환": 0 }, "geometry": { "type": "LineString", "coordinates": [ [ 126.9534602, 37.489829 ], [ 126.95349539999998, 37.48990460000001 ], [ 126.9535162, 37.4899875 ] ] } },
{ "type": "Feature", "properties": { "u": "1872054415", "v": "11413637504", "key": 0, "highway": "service", "name": null, "validation_status": "unobserved", "length_m": 18.015484395810134, "최대경사_pct": 21.557007293163462, "B등급": "위험", "기준선_근처": false, "계단": false, "급한전환": 0 }, "geometry": { "type": "LineString", "coordinates": [ [ 126.95365169999998, 37.4898262 ], [ 126.9536695, 37.4899879 ] ] } },
{ "type": "Feature", "properties": { "u": "1872054415", "v": "11413637902", "key": 0, "highway": "tertiary", "name": "성현로", "validation_status": "unobserved", "length_m": 67.42113604915545, "최대경사_pct": 0.37759828729018385, "B등급": "양호", "기준선_근처": false, "계단": false, "급한전환": 0 }, "geometry": { "type": "LineString", "coordinates": [ [ 126.9543187, 37.4902922 ], [ 126.9542136, 37.4902184 ], [ 126.9540225, 37.4901043 ], [ 126.9538107, 37.4900205 ], [ 126.9536695, 37.4899879 ] ] } },
{ "type": "Feature", "properties": { "u": "11413637654", "v": "11413637756", "key": 0, "highway": "footway", "name": null, "validation_status": "unobserved", "length_m": 14.462312827664622, "최대경사_pct": 28.370191230185, "B등급": "위험", "기준선_근처": false, "계단": false, "급한전환": 0 }, "geometry": { "type": "LineString", "coordinates": [ [ 126.952356, 37.4906649 ], [ 126.9524837, 37.4907463 ] ] } },
{ "type": "Feature", "properties": { "u": "11413637654", "v": "11413637577", "key": 0, "highway": "footway", "name": null, "validation_status": "validated", "length_m": 8.9807522018614083, "최대경사_pct": 35.994842386778721, "B등급": "위험", "기준선_근처": false, "계단": false, "급한전환": 0 }, "geometry": { "type": "LineString", "coordinates": [ [ 126.9525614, 37.4907984 ], [ 126.9524837, 37.4907463 ] ] } },
{ "type": "Feature", "properties": { "u": "11413637654", "v": "1872054423", "key": 0, "highway": "tertiary", "name": "성현로", "validation_status": "validated", "length_m": 119.60559239971978, "최대경사_pct": 2.7627446703837477, "B등급": "양호", "기준선_근처": true, "계단": false, "급한전환": 0 }, "geometry": { "type": "LineString", "coordinates": [ [ 126.9514805, 37.491464799999989 ], [ 126.952327900000014, 37.4908984 ], [ 126.9524837, 37.4907463 ] ] } },
{ "type": "Feature", "properties": { "u": "11413637836", "v": "11413637857", "key": 0, "highway": "footway", "name": null, "validation_status": "unobserved", "length_m": 8.5099100406078581, "최대경사_pct": 3.3440534172972276, "B등급": "양호", "기준선_근처": true, "계단": false, "급한전환": 0 }, "geometry": { "type": "LineString", "coordinates": [ [ 126.9533644, 37.4898362 ], [ 126.9534602, 37.489829 ] ] } },
{ "type": "Feature", "properties": { "u": "11413637836", "v": "2161099535", "key": 0, "highway": "residential", "name": "은천로33길", "validation_status": "unobserved", "length_m": 114.26853232634166, "최대경사_pct": 4.2788569308425304, "B등급": "양호", "기준선_근처": true, "계단": false, "급한전환": 0 }, "geometry": { "type": "LineString", "coordinates": [ [ 126.9528663, 37.4889271 ], [ 126.9529338, 37.489128700000023 ], [ 126.9533714, 37.489638 ], [ 126.9534602, 37.489829 ] ] } },
{ "type": "Feature", "properties": { "u": "11413637836", "v": "11413637504", "key": 0, "highway": "footway", "name": null, "validation_status": "unobserved", "length_m": 17.276497159019101, "최대경사_pct": 0.21442574110065965, "B등급": "양호", "기준선_근처": false, "계단": false, "급한전환": 0 }, "geometry": { "type": "LineString", "coordinates": [ [ 126.95365169999998, 37.4898262 ], [ 126.953574599999982, 37.4898123 ], [ 126.9534602, 37.489829 ] ] } },
{ "type": "Feature", "properties": { "u": "11413637504", "v": "2526202678", "key": 0, "highway": "service", "name": "은천로39길", "validation_status": "unobserved", "length_m": 115.86631023046161, "최대경사_pct": 1.4660139881156662, "B등급": "양호", "기준선_근처": true, "계단": false, "급한전환": 0 }, "geometry": { "type": "LineString", "coordinates": [ [ 126.9531414, 37.488894 ], [ 126.953181500000014, 37.4890149 ], [ 126.9533537, 37.4892378 ], [ 126.9533538, 37.4893823 ], [ 126.9536412, 37.4897315 ], [ 126.95365169999998, 37.4898262 ] ] } },
{ "type": "Feature", "properties": { "u": "11413637504", "v": "11413637648", "key": 0, "highway": "footway", "name": null, "validation_status": "unobserved", "length_m": 80.697834507582769, "최대경사_pct": 1.7490352014898463, "B등급": "양호", "기준선_근처": true, "계단": false, "급한전환": 1 }, "geometry": { "type": "LineString", "coordinates": [ [ 126.9544065, 37.4902017 ], [ 126.954177500000014, 37.4900759 ], [ 126.953752, 37.4898878 ], [ 126.953706200000013, 37.489823200000011 ], [ 126.95365169999998, 37.4898262 ] ] } },
{ "type": "Feature", "properties": { "u": "11413637902", "v": "11413637648", "key": 0, "highway": "footway", "name": null, "validation_status": "unobserved", "length_m": 12.695660163194663, "최대경사_pct": 26.756791845934131, "B등급": "위험", "기준선_근처": false, "계단": false, "급한전환": 0 }, "geometry": { "type": "LineString", "coordinates": [ [ 126.9544065, 37.4902017 ], [ 126.9543187, 37.4902922 ] ] } },
{ "type": "Feature", "properties": { "u": "11413637902", "v": "11413637492", "key": 0, "highway": "footway", "name": null, "validation_status": "unobserved", "length_m": 11.434807090510999, "최대경사_pct": 42.271744404413504, "B등급": "위험", "기준선_근처": false, "계단": false, "급한전환": 0 }, "geometry": { "type": "LineString", "coordinates": [ [ 126.9542396, 37.4903737 ], [ 126.9543187, 37.4902922 ] ] } },
{ "type": "Feature", "properties": { "u": "1872054423", "v": "11413637545", "key": 0, "highway": "tertiary", "name": "성현로", "validation_status": "validated", "length_m": 15.900123791213122, "최대경사_pct": 6.2438419811546213, "B등급": "주의", "기준선_근처": true, "계단": false, "급한전환": 0 }, "geometry": { "type": "LineString", "coordinates": [ [ 126.951333600000012, 37.4915474 ], [ 126.9514805, 37.491464799999989 ] ] } },
{ "type": "Feature", "properties": { "u": "1872054423", "v": "11413637841", "key": 0, "highway": "service", "name": null, "validation_status": "unobserved", "length_m": 14.514923302206171, "최대경사_pct": 47.167770425621661, "B등급": "위험", "기준선_근처": false, "계단": false, "급한전환": 0 }, "geometry": { "type": "LineString", "coordinates": [ [ 126.951377, 37.491363300000025 ], [ 126.9514805, 37.491464799999989 ] ] } },
{ "type": "Feature", "properties": { "u": "11413637545", "v": "1872054458", "key": 0, "highway": "tertiary", "name": "성현로", "validation_status": "validated", "length_m": 27.906370746922715, "최대경사_pct": 2.8152868028299123, "B등급": "양호", "기준선_근처": true, "계단": false, "급한전환": 0 }, "geometry": { "type": "LineString", "coordinates": [ [ 126.9510758, 37.4916924 ], [ 126.951333600000012, 37.4915474 ] ] } },
{ "type": "Feature", "properties": { "u": "11413637545", "v": "11413637488", "key": 0, "highway": "footway", "name": null, "validation_status": "unobserved", "length_m": 13.058233867969776, "최대경사_pct": 42.532747610870842, "B등급": "위험", "기준선_근처": false, "계단": false, "급한전환": 0 }, "geometry": { "type": "LineString", "coordinates": [ [ 126.9512414, 37.4914555 ], [ 126.951333600000012, 37.4915474 ] ] } },
{ "type": "Feature", "properties": { "u": "11413637545", "v": "11413637659", "key": 0, "highway": "footway", "name": null, "validation_status": "validated", "length_m": 8.2080064601800604, "최대경사_pct": 54.097312558896014, "B등급": "위험", "기준선_근처": false, "계단": false, "급한전환": 0 }, "geometry": { "type": "LineString", "coordinates": [ [ 126.951391500000014, 37.4916052 ], [ 126.951333600000012, 37.4915474 ] ] } },
{ "type": "Feature", "properties": { "u": "11413637841", "v": "2828072309", "key": 0, "highway": "service", "name": null, "validation_status": "unobserved", "length_m": 65.701914544043433, "최대경사_pct": 11.731240098451138, "B등급": "위험", "기준선_근처": true, "계단": false, "급한전환": 0 }, "geometry": { "type": "LineString", "coordinates": [ [ 126.9509086, 37.4909038 ], [ 126.951377, 37.491363300000025 ] ] } },
{ "type": "Feature", "properties": { "u": "11413637841", "v": "11413637488", "key": 0, "highway": "footway", "name": null, "validation_status": "unobserved", "length_m": 15.764485127351668, "최대경사_pct": 2.0877732732438878, "B등급": "양호", "기준선_근처": true, "계단": false, "급한전환": 0 }, "geometry": { "type": "LineString", "coordinates": [ [ 126.9512414, 37.4914555 ], [ 126.951377, 37.491363300000025 ] ] } },
{ "type": "Feature", "properties": { "u": "11413637841", "v": "11413637756", "key": 0, "highway": "footway", "name": null, "validation_status": "unobserved", "length_m": 116.68429823597596, "최대경사_pct": 4.0065897198807914, "B등급": "양호", "기준선_근처": true, "계단": false, "급한전환": 0 }, "geometry": { "type": "LineString", "coordinates": [ [ 126.952356, 37.4906649 ], [ 126.9521874, 37.4908189 ], [ 126.9519448, 37.4910194 ], [ 126.9516716, 37.4911763 ], [ 126.951377, 37.491363300000025 ] ] } },
{ "type": "Feature", "properties": { "u": "1872054458", "v": "11413637563", "key": 0, "highway": "service", "name": null, "validation_status": "bridged", "length_m": 8.8131926497132245, "최대경사_pct": 46.111105994380921, "B등급": "위험", "기준선_근처": false, "계단": false, "급한전환": 0 }, "geometry": { "type": "LineString", "coordinates": [ [ 126.95111559999998, 37.4917652 ], [ 126.9510758, 37.4916924 ] ] } },
{ "type": "Feature", "properties": { "u": "1872054458", "v": "11413637790", "key": 0, "highway": "tertiary", "name": "성현로", "validation_status": "unobserved", "length_m": 178.42152309907436, "최대경사_pct": 6.6734503444918509, "B등급": "주의", "기준선_근처": true, "계단": false, "급한전환": 0 }, "geometry": { "type": "LineString", "coordinates": [ [ 126.9491706, 37.4922096 ], [ 126.950647800000013, 37.4918583 ], [ 126.9510758, 37.4916924 ] ] } },
{ "type": "Feature", "properties": { "u": "11413637563", "v": "11413637659", "key": 0, "highway": "footway", "name": null, "validation_status": "unobserved", "length_m": 30.180930267606833, "최대경사_pct": 12.054203104518351, "B등급": "위험", "기준선_근처": true, "계단": false, "급한전환": 0 }, "geometry": { "type": "LineString", "coordinates": [ [ 126.951391500000014, 37.4916052 ], [ 126.9512297, 37.4917016 ], [ 126.95111559999998, 37.4917652 ] ] } },
{ "type": "Feature", "properties": { "u": "11413637563", "v": "11413637898", "key": 0, "highway": "footway", "name": null, "validation_status": "validated", "length_m": 180.06411783781616, "최대경사_pct": 6.1975631881036861, "B등급": "주의", "기준선_근처": true, "계단": false, "급한전환": 0 }, "geometry": { "type": "LineString", "coordinates": [ [ 126.9492038, 37.492289600000021 ], [ 126.9497313, 37.492183 ], [ 126.9501124, 37.4921078 ], [ 126.950483, 37.4919967 ], [ 126.950795900000017, 37.49192570000001 ], [ 126.9510378, 37.491808499999983 ], [ 126.95111559999998, 37.4917652 ] ] } },
{ "type": "Feature", "properties": { "u": "11413637563", "v": "11413637721", "key": 0, "highway": "service", "name": null, "validation_status": "validated", "length_m": 122.7527768140427, "최대경사_pct": 12.862754250827457, "B등급": "위험", "기준선_근처": true, "계단": false, "급한전환": 2 }, "geometry": { "type": "LineString", "coordinates": [ [ 126.9501085, 37.4922639 ], [ 126.950086700000014, 37.4922083 ], [ 126.9501417, 37.492172 ], [ 126.9503654, 37.4921128 ], [ 126.9507182, 37.4920259 ], [ 126.951103599999982, 37.4919368 ], [ 126.9511586, 37.4918573 ], [ 126.95111559999998, 37.4917652 ] ] } },
{ "type": "Feature", "properties": { "u": "11413637790", "v": "1872054473", "key": 0, "highway": "tertiary", "name": "성현로", "validation_status": "unobserved", "length_m": 15.846137503286849, "최대경사_pct": 3.1687931581046533, "B등급": "양호", "기준선_근처": true, "계단": false, "급한전환": 0 }, "geometry": { "type": "LineString", "coordinates": [ [ 126.948999, 37.4922507 ], [ 126.9491706, 37.4922096 ] ] } },
{ "type": "Feature", "properties": { "u": "11413637790", "v": "11413637898", "key": 0, "highway": "footway", "name": null, "validation_status": "unobserved", "length_m": 9.3517955659975627, "최대경사_pct": 30.365233641172392, "B등급": "위험", "기준선_근처": false, "계단": false, "급한전환": 0 }, "geometry": { "type": "LineString", "coordinates": [ [ 126.9492038, 37.492289600000021 ], [ 126.9491706, 37.4922096 ] ] } },
{ "type": "Feature", "properties": { "u": "11413637790", "v": "11413637515", "key": 0, "highway": "footway", "name": null, "validation_status": "unobserved", "length_m": 9.219232907816588, "최대경사_pct": 23.714543895689413, "B등급": "위험", "기준선_근처": false, "계단": false, "급한전환": 0 }, "geometry": { "type": "LineString", "coordinates": [ [ 126.949138, 37.492130700000018 ], [ 126.9491706, 37.4922096 ] ] } },
{ "type": "Feature", "properties": { "u": "1872054473", "v": "11413637519", "key": 0, "highway": "tertiary", "name": "성현로", "validation_status": "unobserved", "length_m": 21.024295090342758, "최대경사_pct": 0.81570905586109654, "B등급": "양호", "기준선_근처": false, "계단": false, "급한전환": 0 }, "geometry": { "type": "LineString", "coordinates": [ [ 126.948769900000016, 37.4923013 ], [ 126.948999, 37.4922507 ] ] } },
{ "type": "Feature", "properties": { "u": "1872054473", "v": "11413637620", "key": 0, "highway": "residential", "name": "상도로50길", "validation_status": "unobserved", "length_m": 9.8555428020123959, "최대경사_pct": 22.830761445825917, "B등급": "위험", "기준선_근처": false, "계단": false, "급한전환": 0 }, "geometry": { "type": "LineString", "coordinates": [ [ 126.9490455, 37.4923314 ], [ 126.948999, 37.4922507 ] ] } },
{ "type": "Feature", "properties": { "u": "11413637519", "v": "11413637620", "key": 0, "highway": "footway", "name": null, "validation_status": "unobserved", "length_m": 31.847319264568029, "최대경사_pct": 9.2526594593732625, "B등급": "위험", "기준선_근처": true, "계단": false, "급한전환": 1 }, "geometry": { "type": "LineString", "coordinates": [ [ 126.9490455, 37.4923314 ], [ 126.9489383, 37.4923562 ], [ 126.9488115, 37.49238740000002 ], [ 126.948769900000016, 37.4923013 ] ] } },
{ "type": "Feature", "properties": { "u": "11413637519", "v": "11413637515", "key": 0, "highway": "footway", "name": null, "validation_status": "unobserved", "length_m": 44.386849176754978, "최대경사_pct": 5.3783695467827881, "B등급": "양호", "기준선_근처": true, "계단": false, "급한전환": 1 }, "geometry": { "type": "LineString", "coordinates": [ [ 126.949138, 37.492130700000018 ], [ 126.948748900000012, 37.4922283 ], [ 126.948769900000016, 37.4923013 ] ] } },
{ "type": "Feature", "properties": { "u": "11413637620", "v": "11413637898", "key": 0, "highway": "footway", "name": null, "validation_status": "unobserved", "length_m": 14.747877660903377, "최대경사_pct": 5.8251609279294545, "B등급": "주의", "기준선_근처": true, "계단": false, "급한전환": 0 }, "geometry": { "type": "LineString", "coordinates": [ [ 126.9492038, 37.492289600000021 ], [ 126.9490455, 37.4923314 ] ] } },
{ "type": "Feature", "properties": { "u": "11413637620", "v": "3382528795", "key": 0, "highway": "residential", "name": "상도로50길", "validation_status": "unobserved", "length_m": 78.118646595693605, "최대경사_pct": 21.833748382890146, "B등급": "위험", "기준선_근처": false, "계단": false, "급한전환": 0 }, "geometry": { "type": "LineString", "coordinates": [ [ 126.9493757, 37.4929832 ], [ 126.949251700000019, 37.4926898 ], [ 126.9490455, 37.4923314 ] ] } },
{ "type": "Feature", "properties": { "u": "11413637747", "v": "11413637622", "key": 0, "highway": "footway", "name": null, "validation_status": "unobserved", "length_m": 10.847462476429, "최대경사_pct": 26.808367305974318, "B등급": "위험", "기준선_근처": false, "계단": false, "급한전환": 0 }, "geometry": { "type": "LineString", "coordinates": [ [ 126.956172100000018, 37.4907442 ], [ 126.9561172, 37.4908316 ] ] } },
{ "type": "Feature", "properties": { "u": "11413637747", "v": "11413637910", "key": 0, "highway": "footway", "name": null, "validation_status": "unobserved", "length_m": 13.850944498621281, "최대경사_pct": 27.255960766594406, "B등급": "위험", "기준선_근처": false, "계단": false, "급한전환": 0 }, "geometry": { "type": "LineString", "coordinates": [ [ 126.9560471, 37.4909432 ], [ 126.9561172, 37.4908316 ] ] } },
{ "type": "Feature", "properties": { "u": "2161099516", "v": "11413637597", "key": 0, "highway": "service", "name": "은천로35라길", "validation_status": "unobserved", "length_m": 11.052571166430944, "최대경사_pct": 9.8948533513285746, "B등급": "위험", "기준선_근처": true, "계단": false, "급한전환": 0 }, "geometry": { "type": "LineString", "coordinates": [ [ 126.9522976, 37.4881294 ], [ 126.9521796, 37.488162200000012 ] ] } },
{ "type": "Feature", "properties": { "u": "2161099516", "v": "11413637690", "key": 0, "highway": "residential", "name": "은천로33길", "validation_status": "unobserved", "length_m": 19.25953491774623, "최대경사_pct": 12.522753037359777, "B등급": "위험", "기준선_근처": true, "계단": false, "급한전환": 0 }, "geometry": { "type": "LineString", "coordinates": [ [ 126.9520962, 37.4880019 ], [ 126.9521796, 37.488162200000012 ] ] } },
{ "type": "Feature", "properties": { "u": "2161099516", "v": "2161099566", "key": 0, "highway": "residential", "name": null, "validation_status": "unobserved", "length_m": 14.820605533675389, "최대경사_pct": 13.606567826672228, "B등급": "위험", "기준선_근처": false, "계단": false, "급한전환": 0 }, "geometry": { "type": "LineString", "coordinates": [ [ 126.9522785, 37.48827 ], [ 126.9521796, 37.488162200000012 ] ] } },
{ "type": "Feature", "properties": { "u": "2161099516", "v": "11413637471", "key": 0, "highway": "service", "name": null, "validation_status": "unobserved", "length_m": 34.881643299798426, "최대경사_pct": 4.8197580795283086, "B등급": "양호", "기준선_근처": true, "계단": false, "급한전환": 0 }, "geometry": { "type": "LineString", "coordinates": [ [ 126.951952299999988, 37.4884187 ], [ 126.9520854, 37.48828 ], [ 126.9521796, 37.488162200000012 ] ] } },
{ "type": "Feature", "properties": { "u": "11413637597", "v": "2161099597", "key": 0, "highway": "service", "name": "은천로35라길", "validation_status": "unobserved", "length_m": 12.505486041983584, "최대경사_pct": 3.7945746361973205, "B등급": "양호", "기준선_근처": true, "계단": false, "급한전환": 0 }, "geometry": { "type": "LineString", "coordinates": [ [ 126.9524334, 37.488098 ], [ 126.9522976, 37.4881294 ] ] } },
{ "type": "Feature", "properties": { "u": "11413637597", "v": "11413637634", "key": 0, "highway": "footway", "name": null, "validation_status": "unobserved", "length_m": 8.9738621602150079, "최대경사_pct": 14.0791737660786, "B등급": "위험", "기준선_근처": false, "계단": false, "급한전환": 0 }, "geometry": { "type": "LineString", "coordinates": [ [ 126.952344499999981, 37.4882011 ], [ 126.9522976, 37.4881294 ] ] } },
{ "type": "Feature", "properties": { "u": "11413637597", "v": "11413637634", "key": 1, "highway": "footway", "name": null, "validation_status": "unobserved", "length_m": 8.9738621602150079, "최대경사_pct": 14.0791737660786, "B등급": "위험", "기준선_근처": false, "계단": false, "급한전환": 0 }, "geometry": { "type": "LineString", "coordinates": [ [ 126.952344499999981, 37.4882011 ], [ 126.9522976, 37.4881294 ] ] } },
{ "type": "Feature", "properties": { "u": "11413637597", "v": "11413637639", "key": 0, "highway": "footway", "name": null, "validation_status": "unobserved", "length_m": 21.338953346256169, "최대경사_pct": 16.074458617460248, "B등급": "위험", "기준선_근처": false, "계단": false, "급한전환": 0 }, "geometry": { "type": "LineString", "coordinates": [ [ 126.9521447, 37.487981200000014 ], [ 126.95224039999998, 37.4880642 ], [ 126.9522976, 37.4881294 ] ] } },
{ "type": "Feature", "properties": { "u": "11413637690", "v": "11413637639", "key": 0, "highway": "footway", "name": null, "validation_status": "unobserved", "length_m": 4.8658456167301187, "최대경사_pct": 5.0860075456519382, "B등급": "양호", "기준선_근처": true, "계단": false, "급한전환": 0 }, "geometry": { "type": "LineString", "coordinates": [ [ 126.9521447, 37.487981200000014 ], [ 126.9520962, 37.4880019 ] ] } },
{ "type": "Feature", "properties": { "u": "11413637690", "v": "11413637877", "key": 0, "highway": "footway", "name": null, "validation_status": "unobserved", "length_m": 7.1602075088007133, "최대경사_pct": 6.1754460739284172, "B등급": "주의", "기준선_근처": true, "계단": false, "급한전환": 0 }, "geometry": { "type": "LineString", "coordinates": [ [ 126.9520259, 37.4880339 ], [ 126.9520962, 37.4880019 ] ] } },
{ "type": "Feature", "properties": { "u": "11413637690", "v": "2161099609", "key": 0, "highway": "residential", "name": "은천로33길", "validation_status": "unobserved", "length_m": 30.765262600219835, "최대경사_pct": 30.448746642965009, "B등급": "위험", "기준선_근처": false, "계단": false, "급한전환": 0 }, "geometry": { "type": "LineString", "coordinates": [ [ 126.951961899999986, 37.4877462 ], [ 126.951970200000019, 37.4877609 ], [ 126.9520962, 37.4880019 ] ] } },
{ "type": "Feature", "properties": { "u": "2161099566", "v": "2161099616", "key": 0, "highway": "residential", "name": "은천로33길", "validation_status": "unobserved", "length_m": 41.046691269122988, "최대경사_pct": 7.1758714356185278, "B등급": "주의", "기준선_근처": true, "계단": false, "급한전환": 0 }, "geometry": { "type": "LineString", "coordinates": [ [ 126.9526245, 37.4885165 ], [ 126.9522785, 37.48827 ] ] } },
{ "type": "Feature", "properties": { "u": "2161099566", "v": "11413637634", "key": 0, "highway": "footway", "name": null, "validation_status": "unobserved", "length_m": 9.6201366341561876, "최대경사_pct": 0.23687735531564633, "B등급": "양호", "기준선_근처": false, "계단": false, "급한전환": 0 }, "geometry": { "type": "LineString", "coordinates": [ [ 126.952344499999981, 37.4882011 ], [ 126.9522785, 37.48827 ] ] } },
{ "type": "Feature", "properties": { "u": "2161099566", "v": "11413637755", "key": 0, "highway": "footway", "name": null, "validation_status": "unobserved", "length_m": 10.562272298464032, "최대경사_pct": 3.5346285064283713, "B등급": "양호", "기준선_근처": true, "계단": false, "급한전환": 0 }, "geometry": { "type": "LineString", "coordinates": [ [ 126.9522078, 37.4883467 ], [ 126.9522785, 37.48827 ] ] } },
{ "type": "Feature", "properties": { "u": "11413637471", "v": "3980846361", "key": 0, "highway": "service", "name": null, "validation_status": "unobserved", "length_m": 81.475889830462464, "최대경사_pct": 7.0369843164892254, "B등급": "주의", "기준선_근처": true, "계단": false, "급한전환": 0 }, "geometry": { "type": "LineString", "coordinates": [ [ 126.9513931, 37.489002100000022 ], [ 126.951952299999988, 37.4884187 ] ] } },
{ "type": "Feature", "properties": { "u": "11413637471", "v": "11413637763", "key": 0, "highway": "footway", "name": null, "validation_status": "unobserved", "length_m": 17.749118766394584, "최대경사_pct": 13.858479870870374, "B등급": "위험", "기준선_근처": false, "계단": false, "급한전환": 0 }, "geometry": { "type": "LineString", "coordinates": [ [ 126.9517968, 37.4883176 ], [ 126.951952299999988, 37.4884187 ] ] } },
{ "type": "Feature", "properties": { "u": "11413637471", "v": "11413637511", "key": 0, "highway": "footway", "name": null, "validation_status": "unobserved", "length_m": 7.2867119059979153, "최대경사_pct": 10.534391817692494, "B등급": "위험", "기준선_근처": true, "계단": false, "급한전환": 0 }, "geometry": { "type": "LineString", "coordinates": [ [ 126.9520151, 37.48846120000001 ], [ 126.951952299999988, 37.4884187 ] ] } },
{ "type": "Feature", "properties": { "u": "2161099520", "v": "2161099532", "key": 0, "highway": "service", "name": "은천로35길", "validation_status": "unobserved", "length_m": 73.632976319259484, "최대경사_pct": 3.8305670056962295, "B등급": "양호", "기준선_근처": true, "계단": false, "급한전환": 0 }, "geometry": { "type": "LineString", "coordinates": [ [ 126.9539777, 37.487556 ], [ 126.9531642, 37.4876972 ] ] } },
{ "type": "Feature", "properties": { "u": "2161099532", "v": "2161099585", "key": 0, "highway": "residential", "name": "은천로35길", "validation_status": "unobserved", "length_m": 4.1267795110044458, "최대경사_pct": 16.638082789663855, "B등급": "위험", "기준선_근처": false, "계단": false, "급한전환": 0 }, "geometry": { "type": "LineString", "coordinates": [ [ 126.953968799999984, 37.4875925 ], [ 126.9539777, 37.487556 ] ] } },
{ "type": "Feature", "properties": { "u": "2161099524", "v": "2161099536", "key": 0, "highway": "service", "name": "은천로35바길", "validation_status": "unobserved", "length_m": 30.732623005612737, "최대경사_pct": 15.464596160753958, "B등급": "위험", "기준선_근처": false, "계단": false, "급한전환": 0 }, "geometry": { "type": "LineString", "coordinates": [ [ 126.9548492, 37.4882093 ], [ 126.9551936, 37.488172400000025 ] ] } },
{ "type": "Feature", "properties": { "u": "2161099524", "v": "10222189053", "key": 0, "highway": "residential", "name": "은천로39길", "validation_status": "unobserved", "length_m": 66.324060886779165, "최대경사_pct": 16.528670804073144, "B등급": "위험", "기준선_근처": false, "계단": false, "급한전환": 0 }, "geometry": { "type": "LineString", "coordinates": [ [ 126.9554426, 37.4876355 ], [ 126.955457100000018, 37.4877583 ], [ 126.9554471, 37.4878284 ], [ 126.955400199999985, 37.4879449 ], [ 126.9553194, 37.4880484 ], [ 126.9551936, 37.488172400000025 ] ] } },
{ "type": "Feature", "properties": { "u": "2161099524", "v": "2161099581", "key": 0, "highway": "residential", "name": "은천로39길", "validation_status": "unobserved", "length_m": 155.04600951905562, "최대경사_pct": 19.611762856368784, "B등급": "위험", "기준선_근처": false, "계단": false, "급한전환": 0 }, "geometry": { "type": "LineString", "coordinates": [ [ 126.9537456, 37.488817900000015 ], [ 126.954354900000013, 37.4887814 ], [ 126.954635499999981, 37.488641200000011 ], [ 126.9551936, 37.488172400000025 ] ] } },
{ "type": "Feature", "properties": { "u": "2161099536", "v": "2161099553", "key": 0, "highway": "service", "name": "은천로35바길", "validation_status": "unobserved", "length_m": 93.877862786154211, "최대경사_pct": 20.448352024502999, "B등급": "위험", "기준선_근처": false, "계단": false, "급한전환": 0 }, "geometry": { "type": "LineString", "coordinates": [ [ 126.9538002, 37.4883387 ], [ 126.9548492, 37.4882093 ] ] } },
{ "type": "Feature", "properties": { "u": "2161099536", "v": "2161099584", "key": 0, "highway": "service", "name": "은천로37길", "validation_status": "unobserved", "length_m": 44.169908675809893, "최대경사_pct": 8.9631053435301542, "B등급": "위험", "기준선_근처": true, "계단": false, "급한전환": 0 }, "geometry": { "type": "LineString", "coordinates": [ [ 126.9547697, 37.487816400000021 ], [ 126.9548492, 37.4882093 ] ] } },
{ "type": "Feature", "properties": { "u": "2161099581", "v": "2526202678", "key": 0, "highway": "residential", "name": "은천로39길", "validation_status": "unobserved", "length_m": 54.097998515635545, "최대경사_pct": 12.688836850798591, "B등급": "위험", "기준선_근처": true, "계단": false, "급한전환": 0 }, "geometry": { "type": "LineString", "coordinates": [ [ 126.9531414, 37.488894 ], [ 126.9537456, 37.488817900000015 ] ] } },
{ "type": "Feature", "properties": { "u": "2161099581", "v": "2161099553", "key": 0, "highway": "residential", "name": "은천로35길", "validation_status": "unobserved", "length_m": 53.403652735232981, "최대경사_pct": 6.7331595151251378, "B등급": "주의", "기준선_근처": true, "계단": false, "급한전환": 0 }, "geometry": { "type": "LineString", "coordinates": [ [ 126.9538002, 37.4883387 ], [ 126.9537456, 37.488817900000015 ] ] } },
{ "type": "Feature", "properties": { "u": "2161099585", "v": "2161099582", "key": 0, "highway": "service", "name": "은천로35길", "validation_status": "unobserved", "length_m": 65.574075642809788, "최대경사_pct": 24.026342523332076, "B등급": "위험", "기준선_근처": false, "계단": false, "급한전환": 0 }, "geometry": { "type": "LineString", "coordinates": [ [ 126.954702, 37.4875046 ], [ 126.953968799999984, 37.4875925 ] ] } },
{ "type": "Feature", "properties": { "u": "2161099585", "v": "2161099598", "key": 0, "highway": "residential", "name": "은천로35길", "validation_status": "unobserved", "length_m": 30.72654739607156, "최대경사_pct": 15.141633740924169, "B등급": "위험", "기준선_근처": false, "계단": false, "급한전환": 0 }, "geometry": { "type": "LineString", "coordinates": [ [ 126.953905400000011, 37.48786470000001 ], [ 126.953968799999984, 37.4875925 ] ] } },
{ "type": "Feature", "properties": { "u": "2161099535", "v": "2526202678", "key": 0, "highway": "residential", "name": "은천로39길", "validation_status": "unobserved", "length_m": 24.605234298306659, "최대경사_pct": 10.726598021305, "B등급": "위험", "기준선_근처": true, "계단": false, "급한전환": 0 }, "geometry": { "type": "LineString", "coordinates": [ [ 126.9531414, 37.488894 ], [ 126.9528663, 37.4889271 ] ] } },
{ "type": "Feature", "properties": { "u": "2161099535", "v": "2161099616", "key": 0, "highway": "residential", "name": "은천로33길", "validation_status": "unobserved", "length_m": 50.916367154182097, "최대경사_pct": 3.983194864195525, "B등급": "양호", "기준선_근처": true, "계단": false, "급한전환": 0 }, "geometry": { "type": "LineString", "coordinates": [ [ 126.9526245, 37.4885165 ], [ 126.952806400000014, 37.4887457 ], [ 126.9528663, 37.4889271 ] ] } },
{ "type": "Feature", "properties": { "u": "2161099616", "v": "11413637485", "key": 0, "highway": "service", "name": "은천로35마길", "validation_status": "unobserved", "length_m": 8.6052687115737871, "최대경사_pct": 10.947633738958325, "B등급": "위험", "기준선_근처": true, "계단": false, "급한전환": 0 }, "geometry": { "type": "LineString", "coordinates": [ [ 126.9527182, 37.4884956 ], [ 126.9526245, 37.4885165 ] ] } },
{ "type": "Feature", "properties": { "u": "2161099553", "v": "11413637485", "key": 0, "highway": "service", "name": "은천로35마길", "validation_status": "unobserved", "length_m": 97.262703837229864, "최대경사_pct": 5.7522140124001693, "B등급": "주의", "기준선_근처": true, "계단": false, "급한전환": 0 }, "geometry": { "type": "LineString", "coordinates": [ [ 126.9527182, 37.4884956 ], [ 126.9538002, 37.4883387 ] ] } },
{ "type": "Feature", "properties": { "u": "2161099553", "v": "2161099565", "key": 0, "highway": "residential", "name": "은천로35길", "validation_status": "unobserved", "length_m": 48.668820368667276, "최대경사_pct": 14.569973896056135, "B등급": "위험", "기준선_근처": false, "계단": false, "급한전환": 0 }, "geometry": { "type": "LineString", "coordinates": [ [ 126.9538961, 37.487906899999977 ], [ 126.9538002, 37.4883387 ] ] } },
{ "type": "Feature", "properties": { "u": "2161099584", "v": "2161099582", "key": 0, "highway": "service", "name": "은천로37길", "validation_status": "unobserved", "length_m": 35.11983445031845, "최대경사_pct": 12.682591529209736, "B등급": "위험", "기준선_근처": true, "계단": false, "급한전환": 0 }, "geometry": { "type": "LineString", "coordinates": [ [ 126.954702, 37.4875046 ], [ 126.9547697, 37.487816400000021 ] ] } },
{ "type": "Feature", "properties": { "u": "2161099584", "v": "2161099565", "key": 0, "highway": "service", "name": "은천로35길", "validation_status": "unobserved", "length_m": 77.911155424589509, "최대경사_pct": 22.194631374853195, "B등급": "위험", "기준선_근처": false, "계단": false, "급한전환": 0 }, "geometry": { "type": "LineString", "coordinates": [ [ 126.9538961, 37.487906899999977 ], [ 126.9547697, 37.487816400000021 ] ] } },
{ "type": "Feature", "properties": { "u": "2161099584", "v": "11960804833", "key": 0, "highway": "service", "name": "은천로37길", "validation_status": "unobserved", "length_m": 41.847925472740883, "최대경사_pct": 21.752971638348175, "B등급": "위험", "기준선_근처": false, "계단": false, "급한전환": 0 }, "geometry": { "type": "LineString", "coordinates": [ [ 126.9552323, 37.4877937 ], [ 126.9548546, 37.4878418 ], [ 126.9547697, 37.487816400000021 ] ] } },
{ "type": "Feature", "properties": { "u": "2161099537", "v": "2161099582", "key": 0, "highway": "service", "name": "은천로37길", "validation_status": "unobserved", "length_m": 37.523951845855578, "최대경사_pct": 21.835045796794798, "B등급": "위험", "기준선_근처": false, "계단": false, "급한전환": 0 }, "geometry": { "type": "LineString", "coordinates": [ [ 126.954702, 37.4875046 ], [ 126.955120899999983, 37.4874509 ] ] } },
{ "type": "Feature", "properties": { "u": "2161099543", "v": "2161099575", "key": 0, "highway": "service", "name": "은천로35다길", "validation_status": "unobserved", "length_m": 28.335691180871077, "최대경사_pct": 13.822254924964881, "B등급": "위험", "기준선_근처": false, "계단": false, "급한전환": 0 }, "geometry": { "type": "LineString", "coordinates": [ [ 126.9529089, 37.487332399999985 ], [ 126.952598899999984, 37.4873969 ] ] } },
{ "type": "Feature", "properties": { "u": "2161099543", "v": "2161099576", "key": 0, "highway": "service", "name": "은천로35다길", "validation_status": "unobserved", "length_m": 73.482164500963435, "최대경사_pct": 15.670929593905411, "B등급": "위험", "기준선_근처": false, "계단": false, "급한전환": 0 }, "geometry": { "type": "LineString", "coordinates": [ [ 126.952739, 37.4880495 ], [ 126.952598899999984, 37.4873969 ] ] } },
{ "type": "Feature", "properties": { "u": "2161099543", "v": "2161099597", "key": 0, "highway": "service", "name": "은천로35다길", "validation_status": "unobserved", "length_m": 102.89598786941453, "최대경사_pct": 13.196069455487432, "B등급": "위험", "기준선_근처": false, "계단": false, "급한전환": 1 }, "geometry": { "type": "LineString", "coordinates": [ [ 126.9524334, 37.488098 ], [ 126.952277200000012, 37.487443099999986 ], [ 126.952598899999984, 37.4873969 ] ] } },
{ "type": "Feature", "properties": { "u": "2161099575", "v": "2161099600", "key": 0, "highway": "service", "name": "은천로35다길", "validation_status": "unobserved", "length_m": 75.709301644051394, "최대경사_pct": 16.327492336236812, "B등급": "위험", "기준선_근처": false, "계단": false, "급한전환": 0 }, "geometry": { "type": "LineString", "coordinates": [ [ 126.9530342, 37.4880072 ], [ 126.9529089, 37.487332399999985 ] ] } },
{ "type": "Feature", "properties": { "u": "2161099576", "v": "2161099600", "key": 0, "highway": "service", "name": "은천로35라길", "validation_status": "unobserved", "length_m": 26.526120030432143, "최대경사_pct": 9.6251992217459783, "B등급": "위험", "기준선_근처": true, "계단": false, "급한전환": 0 }, "geometry": { "type": "LineString", "coordinates": [ [ 126.9530342, 37.4880072 ], [ 126.952739, 37.4880495 ] ] } },
{ "type": "Feature", "properties": { "u": "2161099576", "v": "2161099597", "key": 0, "highway": "service", "name": "은천로35라길", "validation_status": "unobserved", "length_m": 27.557945369701702, "최대경사_pct": 8.1844174753069385, "B등급": "주의", "기준선_근처": true, "계단": false, "급한전환": 0 }, "geometry": { "type": "LineString", "coordinates": [ [ 126.9524334, 37.488098 ], [ 126.952739, 37.4880495 ] ] } },
{ "type": "Feature", "properties": { "u": "2161099548", "v": "2162056331", "key": 0, "highway": "service", "name": "관악로", "validation_status": "unobserved", "length_m": 96.869203108502902, "최대경사_pct": 4.5693517900849789, "B등급": "양호", "기준선_근처": true, "계단": false, "급한전환": 0 }, "geometry": { "type": "LineString", "coordinates": [ [ 126.9579534, 37.4884698 ], [ 126.9568605, 37.4884118 ] ] } },
{ "type": "Feature", "properties": { "u": "2161099548", "v": "2162056334", "key": 0, "highway": "residential", "name": "관악로37길", "validation_status": "unobserved", "length_m": 96.562860794466886, "최대경사_pct": 10.174984639168052, "B등급": "위험", "기준선_근처": true, "계단": false, "급한전환": 0 }, "geometry": { "type": "LineString", "coordinates": [ [ 126.9567447, 37.4876226 ], [ 126.9569115, 37.4877631 ], [ 126.9569412, 37.4878056 ], [ 126.956956300000016, 37.487875 ], [ 126.956979800000013, 37.4880801 ], [ 126.9569824, 37.4881799 ], [ 126.9569304, 37.4882961 ], [ 126.9568605, 37.4884118 ] ] } },
{ "type": "Feature", "properties": { "u": "2161099548", "v": "10701233216", "key": 0, "highway": "residential", "name": "관악로37길", "validation_status": "unobserved", "length_m": 27.135884786884951, "최대경사_pct": 13.648529092092284, "B등급": "위험", "기준선_근처": false, "계단": false, "급한전환": 0 }, "geometry": { "type": "LineString", "coordinates": [ [ 126.9567888, 37.4886495 ], [ 126.9568443, 37.4884722 ], [ 126.9568605, 37.4884118 ] ] } },
{ "type": "Feature", "properties": { "u": "2162056331", "v": "8537501421", "key": 0, "highway": "primary", "name": "관악로", "validation_status": "unobserved", "length_m": 44.665966399026587, "최대경사_pct": 8.5505801609878294, "B등급": "위험", "기준선_근처": true, "계단": false, "급한전환": 0 }, "geometry": { "type": "LineString", "coordinates": [ [ 126.957773, 37.488844300000011 ], [ 126.9579122, 37.4885977 ], [ 126.9579534, 37.4884698 ] ] } },
{ "type": "Feature", "properties": { "u": "2162056334", "v": "10701233233", "key": 0, "highway": "residential", "name": "관악로", "validation_status": "unobserved", "length_m": 32.766530177068958, "최대경사_pct": 12.935859305843788, "B등급": "위험", "기준선_근처": true, "계단": false, "급한전환": 0 }, "geometry": { "type": "LineString", "coordinates": [ [ 126.9568146, 37.487341 ], [ 126.9567706, 37.4874339 ], [ 126.9567579, 37.487497399999988 ], [ 126.9567573, 37.487556 ], [ 126.956763400000014, 37.4876078 ], [ 126.9567447, 37.4876226 ] ] } },
{ "type": "Feature", "properties": { "u": "10701233216", "v": "2162056432", "key": 0, "highway": "residential", "name": "관악로37길", "validation_status": "validated", "length_m": 17.249551349407071, "최대경사_pct": 10.541727663152187, "B등급": "위험", "기준선_근처": true, "계단": false, "급한전환": 0 }, "geometry": { "type": "LineString", "coordinates": [ [ 126.956763200000012, 37.4888032 ], [ 126.9567759, 37.4886906 ], [ 126.9567888, 37.4886495 ] ] } },
{ "type": "Feature", "properties": { "u": "10701233216", "v": "10701233213", "key": 0, "highway": "service", "name": null, "validation_status": "unobserved", "length_m": 21.828544983293327, "최대경사_pct": 3.1381907824841209, "B등급": "양호", "기준선_근처": true, "계단": false, "급한전환": 0 }, "geometry": { "type": "LineString", "coordinates": [ [ 126.956560900000014, 37.48858 ], [ 126.956671699999987, 37.4886296 ], [ 126.9567888, 37.4886495 ] ] } },
{ "type": "Feature", "properties": { "u": "2161099551", "v": "2162056432", "key": 0, "highway": "residential", "name": "관악로37길", "validation_status": "validated", "length_m": 35.365133707094266, "최대경사_pct": 6.8779288322663961, "B등급": "주의", "기준선_근처": true, "계단": false, "급한전환": 0 }, "geometry": { "type": "LineString", "coordinates": [ [ 126.956763200000012, 37.4888032 ], [ 126.956747599999986, 37.4891216 ] ] } },
{ "type": "Feature", "properties": { "u": "2161099551", "v": "10701233221", "key": 0, "highway": "residential", "name": "관악로37길", "validation_status": "validated", "length_m": 13.543217096532938, "최대경사_pct": 6.6098998245429401, "B등급": "주의", "기준선_근처": true, "계단": false, "급한전환": 0 }, "geometry": { "type": "LineString", "coordinates": [ [ 126.9569007, 37.4891243 ], [ 126.956747599999986, 37.4891216 ] ] } },
{ "type": "Feature", "properties": { "u": "2161099551", "v": "10701233217", "key": 0, "highway": "service", "name": null, "validation_status": "validated", "length_m": 31.642685751882446, "최대경사_pct": 3.4057886004759537, "B등급": "양호", "기준선_근처": true, "계단": false, "급한전환": 0 }, "geometry": { "type": "LineString", "coordinates": [ [ 126.95640880000002, 37.4890351 ], [ 126.956465, 37.489061700000022 ], [ 126.956747599999986, 37.4891216 ] ] } },
{ "type": "Feature", "properties": { "u": "2162056432", "v": "8537501421", "key": 0, "highway": "service", "name": "관악로", "validation_status": "unobserved", "length_m": 91.25605344613686, "최대경사_pct": 7.4002950520355881, "B등급": "주의", "기준선_근처": true, "계단": false, "급한전환": 0 }, "geometry": { "type": "LineString", "coordinates": [ [ 126.957773, 37.488844300000011 ], [ 126.9576186, 37.488786099999984 ], [ 126.9575687, 37.4887748 ], [ 126.957391799999982, 37.488758499999989 ], [ 126.956763200000012, 37.4888032 ] ] } },
{ "type": "Feature", "properties": { "u": "10701233221", "v": "10792799832", "key": 0, "highway": "residential", "name": "관악로37길", "validation_status": "validated", "length_m": 55.942967573010485, "최대경사_pct": 5.8800584320956997, "B등급": "주의", "기준선_근처": true, "계단": false, "급한전환": 0 }, "geometry": { "type": "LineString", "coordinates": [ [ 126.9575053, 37.4892338 ], [ 126.95733730000002, 37.4891563 ], [ 126.9569007, 37.4891243 ] ] } },
{ "type": "Feature", "properties": { "u": "10701233221", "v": "10701233223", "key": 0, "highway": "service", "name": null, "validation_status": "unobserved", "length_m": 53.94366931787912, "최대경사_pct": 8.3333333333333321, "B등급": "주의", "기준선_근처": true, "계단": false, "급한전환": 0 }, "geometry": { "type": "LineString", "coordinates": [ [ 126.956650300000021, 37.4895594 ], [ 126.956896900000018, 37.4892054 ], [ 126.9569007, 37.4891243 ] ] } },
{ "type": "Feature", "properties": { "u": "10701233217", "v": "2477233574", "key": 0, "highway": "service", "name": null, "validation_status": "unobserved", "length_m": 16.775271414221177, "최대경사_pct": 0.82213027630963598, "B등급": "양호", "기준선_근처": false, "계단": false, "급한전환": 0 }, "geometry": { "type": "LineString", "coordinates": [ [ 126.9562458, 37.4889578 ], [ 126.95640880000002, 37.4890351 ] ] } },
{ "type": "Feature", "properties": { "u": "10701233217", "v": "10701233218", "key": 0, "highway": "service", "name": null, "validation_status": "unobserved", "length_m": 32.468641700461745, "최대경사_pct": 8.0737167825297007, "B등급": "주의", "기준선_근처": true, "계단": false, "급한전환": 0 }, "geometry": { "type": "LineString", "coordinates": [ [ 126.956578300000018, 37.4887756 ], [ 126.95640880000002, 37.4890351 ] ] } },
{ "type": "Feature", "properties": { "u": "11413637485", "v": "11413637634", "key": 0, "highway": "footway", "name": null, "validation_status": "unobserved", "length_m": 46.482633178084654, "최대경사_pct": 7.3085760488835669, "B등급": "주의", "기준선_근처": true, "계단": false, "급한전환": 0 }, "geometry": { "type": "LineString", "coordinates": [ [ 126.952344499999981, 37.4882011 ], [ 126.952467499999983, 37.488297899999985 ], [ 126.9527182, 37.4884956 ] ] } },
{ "type": "Feature", "properties": { "u": "2161099565", "v": "2161099598", "key": 0, "highway": "residential", "name": "은천로35길", "validation_status": "unobserved", "length_m": 4.7553141771125063, "최대경사_pct": 17.290354405264331, "B등급": "위험", "기준선_근처": false, "계단": false, "급한전환": 0 }, "geometry": { "type": "LineString", "coordinates": [ [ 126.953905400000011, 37.48786470000001 ], [ 126.9538961, 37.487906899999977 ] ] } },
{ "type": "Feature", "properties": { "u": "2161099598", "v": "2161099600", "key": 0, "highway": "service", "name": "은천로35라길", "validation_status": "unobserved", "length_m": 78.655128359262918, "최대경사_pct": 4.5395690996894995, "B등급": "양호", "기준선_근처": true, "계단": false, "급한전환": 0 }, "geometry": { "type": "LineString", "coordinates": [ [ 126.9530342, 37.4880072 ], [ 126.953905400000011, 37.48786470000001 ] ] } },
{ "type": "Feature", "properties": { "u": "11413637755", "v": "11413637511", "key": 0, "highway": "footway", "name": null, "validation_status": "unobserved", "length_m": 22.922576676529609, "최대경사_pct": 11.259351669861411, "B등급": "위험", "기준선_근처": true, "계단": false, "급한전환": 1 }, "geometry": { "type": "LineString", "coordinates": [ [ 126.9520151, 37.48846120000001 ], [ 126.95212810000001, 37.4883502 ], [ 126.9522078, 37.4883467 ] ] } },
{ "type": "Feature", "properties": { "u": "11413637755", "v": "11413637857", "key": 0, "highway": "footway", "name": null, "validation_status": "unobserved", "length_m": 198.65148463830903, "최대경사_pct": 7.1877359196390236, "B등급": "주의", "기준선_근처": true, "계단": false, "급한전환": 0 }, "geometry": { "type": "LineString", "coordinates": [ [ 126.9533644, 37.4898362 ], [ 126.95329510000002, 37.4897011 ], [ 126.953181500000014, 37.4895693 ], [ 126.9530744, 37.489442900000036 ], [ 126.952981099999988, 37.4893436 ], [ 126.952833199999986, 37.4891646 ], [ 126.9527924, 37.489045 ], [ 126.9527004, 37.488770700000011 ], [ 126.952666300000018, 37.4887098 ], [ 126.952599400000011, 37.48863 ], [ 126.9523276, 37.488414399999982 ], [ 126.9522078, 37.4883467 ] ] } },
{ "type": "Feature", "properties": { "u": "2161099603", "v": "2161099609", "key": 0, "highway": "residential", "name": "은천로33길", "validation_status": "unobserved", "length_m": 15.3354078968345, "최대경사_pct": 24.154767622597763, "B등급": "위험", "기준선_근처": false, "계단": false, "급한전환": 0 }, "geometry": { "type": "LineString", "coordinates": [ [ 126.951961899999986, 37.4877462 ], [ 126.951955, 37.4877305 ], [ 126.9519507, 37.487713600000021 ], [ 126.9519488, 37.4876949 ], [ 126.9519486, 37.4876711 ], [ 126.9519494, 37.4876474 ], [ 126.951951099999988, 37.4876094 ] ] } },
{ "type": "Feature", "properties": { "u": "2161099603", "v": "11413637639", "key": 0, "highway": "footway", "name": null, "validation_status": "unobserved", "length_m": 49.749235866390265, "최대경사_pct": 28.370914177675012, "B등급": "위험", "기준선_근처": false, "계단": false, "급한전환": 1 }, "geometry": { "type": "LineString", "coordinates": [ [ 126.9521447, 37.487981200000014 ], [ 126.9520901, 37.4879027 ], [ 126.952041, 37.4877986 ], [ 126.9519991, 37.487708199999986 ], [ 126.952014199999979, 37.4876083 ], [ 126.951951099999988, 37.4876094 ] ] } },
{ "type": "Feature", "properties": { "u": "2161099603", "v": "11413637754", "key": 0, "highway": "footway", "name": null, "validation_status": "unobserved", "length_m": 14.044526698355241, "최대경사_pct": 3.6596027207577464, "B등급": "양호", "기준선_근처": true, "계단": false, "급한전환": 1 }, "geometry": { "type": "LineString", "coordinates": [ [ 126.951843, 37.4876731 ], [ 126.9518856, 37.487662899999982 ], [ 126.951906, 37.4876102 ], [ 126.951951099999988, 37.4876094 ] ] } },
{ "type": "Feature", "properties": { "u": "2161099609", "v": "11413637700", "key": 0, "highway": "residential", "name": "은천로25가길", "validation_status": "unobserved", "length_m": 10.820664803084812, "최대경사_pct": 15.2915857840906, "B등급": "위험", "기준선_근처": false, "계단": false, "급한전환": 0 }, "geometry": { "type": "LineString", "coordinates": [ [ 126.9518396, 37.4877434 ], [ 126.951961899999986, 37.4877462 ] ] } },
{ "type": "Feature", "properties": { "u": "11413637754", "v": "11413637700", "key": 0, "highway": "footway", "name": null, "validation_status": "unobserved", "length_m": 7.8081662623182471, "최대경사_pct": 20.207034285179972, "B등급": "위험", "기준선_근처": false, "계단": false, "급한전환": 0 }, "geometry": { "type": "LineString", "coordinates": [ [ 126.9518396, 37.4877434 ], [ 126.951843, 37.4876731 ] ] } },
{ "type": "Feature", "properties": { "u": "11413637754", "v": "11413637932", "key": 0, "highway": "footway", "name": null, "validation_status": "unobserved", "length_m": 99.43900506180664, "최대경사_pct": 9.8552345465257893, "B등급": "위험", "기준선_근처": true, "계단": false, "급한전환": 0 }, "geometry": { "type": "LineString", "coordinates": [ [ 126.950733200000016, 37.4877604 ], [ 126.9509212, 37.4877608 ], [ 126.9511231, 37.4877374 ], [ 126.951327399999983, 37.4877068 ], [ 126.9515234, 37.4876604 ], [ 126.9517176, 37.4876684 ], [ 126.951843, 37.4876731 ] ] } },
{ "type": "Feature", "properties": { "u": "11413637700", "v": "11413637832", "key": 0, "highway": "footway", "name": null, "validation_status": "unobserved", "length_m": 7.7416240680317241, "최대경사_pct": 19.790327293459598, "B등급": "위험", "기준선_근처": false, "계단": false, "급한전환": 0 }, "geometry": { "type": "LineString", "coordinates": [ [ 126.951836199999988, 37.4878131 ], [ 126.9518396, 37.4877434 ] ] } },
{ "type": "Feature", "properties": { "u": "11413637700", "v": "7607210929", "key": 0, "highway": "residential", "name": "은천로25가길", "validation_status": "unobserved", "length_m": 98.934135867901745, "최대경사_pct": 14.655386261420011, "B등급": "위험", "기준선_근처": false, "계단": false, "급한전환": 0 }, "geometry": { "type": "LineString", "coordinates": [ [ 126.9507334, 37.487818499999989 ], [ 126.9510203, 37.4878228 ], [ 126.9514997, 37.4877358 ], [ 126.9518396, 37.4877434 ] ] } },
{ "type": "Feature", "properties": { "u": "2162056277", "v": "2162056423", "key": 0, "highway": "residential", "name": "구암길", "validation_status": "unobserved", "length_m": 35.337562472630601, "최대경사_pct": 5.4954703386472659, "B등급": "양호", "기준선_근처": true, "계단": false, "급한전환": 0 }, "geometry": { "type": "LineString", "coordinates": [ [ 126.9478768, 37.4894915 ], [ 126.947957700000018, 37.4898033 ] ] } },
{ "type": "Feature", "properties": { "u": "2162056277", "v": "2162056286", "key": 0, "highway": "residential", "name": "구암길", "validation_status": "unobserved", "length_m": 171.25114579296624, "최대경사_pct": 12.602362761432145, "B등급": "위험", "기준선_근처": true, "계단": false, "급한전환": 2 }, "geometry": { "type": "LineString", "coordinates": [ [ 126.947583600000016, 37.491037 ], [ 126.9475383, 37.4907298 ], [ 126.947559900000016, 37.49069380000001 ], [ 126.9476189, 37.4906695 ], [ 126.947917800000013, 37.4906304 ], [ 126.9479942, 37.4906105 ], [ 126.9480375, 37.4905825 ], [ 126.948052, 37.4905239 ], [ 126.9480402, 37.4902821 ], [ 126.9480494, 37.4902057 ], [ 126.948051600000014, 37.4901265 ], [ 126.9480457, 37.4900443 ], [ 126.947957700000018, 37.4898033 ] ] } },
{ "type": "Feature", "properties": { "u": "2162056423", "v": "2828072321", "key": 0, "highway": "residential", "name": "은천로25길", "validation_status": "unobserved", "length_m": 68.519021897042208, "최대경사_pct": 13.625015600850737, "B등급": "위험", "기준선_근처": false, "계단": false, "급한전환": 0 }, "geometry": { "type": "LineString", "coordinates": [ [ 126.948545200000012, 37.4891793 ], [ 126.9478768, 37.4894915 ] ] } },
{ "type": "Feature", "properties": { "u": "2162056423", "v": "2824756343", "key": 0, "highway": "residential", "name": "구암길", "validation_status": "unobserved", "length_m": 89.492661297056145, "최대경사_pct": 2.892309117613916, "B등급": "양호", "기준선_근처": true, "계단": false, "급한전환": 0 }, "geometry": { "type": "LineString", "coordinates": [ [ 126.9473607, 37.4888499 ], [ 126.947461599999983, 37.4888779 ], [ 126.9475, 37.4888922 ], [ 126.947534100000013, 37.4889079 ], [ 126.9475677, 37.488926200000023 ], [ 126.94759590000001, 37.4889469 ], [ 126.9476249, 37.488972 ], [ 126.947648700000016, 37.4889977 ], [ 126.9476706, 37.4890261 ], [ 126.947686800000014, 37.4890548 ], [ 126.9478768, 37.4894915 ] ] } },
{ "type": "Feature", "properties": { "u": "2162056286", "v": "4140716860", "key": 0, "highway": "service", "name": null, "validation_status": "unobserved", "length_m": 131.26125563691537, "최대경사_pct": 3.632528002663185, "B등급": "양호", "기준선_근처": true, "계단": false, "급한전환": 0 }, "geometry": { "type": "LineString", "coordinates": [ [ 126.949033900000018, 37.4907855 ], [ 126.947583600000016, 37.491037 ] ] } },
{ "type": "Feature", "properties": { "u": "2162056282", "v": "10673801539", "key": 0, "highway": "service", "name": null, "validation_status": "unobserved", "length_m": 16.562004561193792, "최대경사_pct": 8.8757219619506493, "B등급": "위험", "기준선_근처": true, "계단": false, "급한전환": 0 }, "geometry": { "type": "LineString", "coordinates": [ [ 126.9491232, 37.4876262 ], [ 126.949307800000014, 37.487601099999978 ] ] } },
{ "type": "Feature", "properties": { "u": "2162056282", "v": "10680607887", "key": 0, "highway": "residential", "name": "은천로25길", "validation_status": "unobserved", "length_m": 44.850899893245987, "최대경사_pct": 2.3598865590573106, "B등급": "양호", "기준선_근처": true, "계단": false, "급한전환": 0 }, "geometry": { "type": "LineString", "coordinates": [ [ 126.949551, 37.4879557 ], [ 126.949418, 37.4877589 ], [ 126.949307800000014, 37.487601099999978 ] ] } },
{ "type": "Feature", "properties": { "u": "2162056282", "v": "2162056295", "key": 0, "highway": "residential", "name": "은천로25가길", "validation_status": "unobserved", "length_m": 53.069835777520154, "최대경사_pct": 16.230967584485942, "B등급": "위험", "기준선_근처": false, "계단": false, "급한전환": 0 }, "geometry": { "type": "LineString", "coordinates": [ [ 126.9498384, 37.487392199999988 ], [ 126.9497464, 37.4874015 ], [ 126.94969829999998, 37.48741480000001 ], [ 126.9494665, 37.4875408 ], [ 126.949307800000014, 37.487601099999978 ] ] } },
{ "type": "Feature", "properties": { "u": "10680607887", "v": "10680607891", "key": 0, "highway": "residential", "name": "은천로25길", "validation_status": "unobserved", "length_m": 48.541893727508942, "최대경사_pct": 1.4229259396797527, "B등급": "양호", "기준선_근처": true, "계단": false, "급한전환": 0 }, "geometry": { "type": "LineString", "coordinates": [ [ 126.9497937, 37.4883479 ], [ 126.9496063, 37.4880375 ], [ 126.949551, 37.4879557 ] ] } },
{ "type": "Feature", "properties": { "u": "10680607887", "v": "10680607891", "key": 1, "highway": "service", "name": null, "validation_status": "unobserved", "length_m": 159.28487136692738, "최대경사_pct": 16.042445339326459, "B등급": "위험", "기준선_근처": false, "계단": false, "급한전환": 2 }, "geometry": { "type": "LineString", "coordinates": [ [ 126.9497937, 37.4883479 ], [ 126.94988810000001, 37.488305 ], [ 126.9503617, 37.4879117 ], [ 126.950008, 37.4876949 ], [ 126.949551, 37.4879557 ] ] } },
{ "type": "Feature", "properties": { "u": "2162056295", "v": "11413637725", "key": 0, "highway": "residential", "name": "은천로25가길", "validation_status": "unobserved", "length_m": 75.08816654226365, "최대경사_pct": 15.922043809368496, "B등급": "위험", "기준선_근처": false, "계단": false, "급한전환": 0 }, "geometry": { "type": "LineString", "coordinates": [ [ 126.950516, 37.48779420000001 ], [ 126.94992910000002, 37.487419399999986 ], [ 126.9498384, 37.487392199999988 ] ] } },
{ "type": "Feature", "properties": { "u": "4140716860", "v": "2828072314", "key": 0, "highway": "service", "name": null, "validation_status": "unobserved", "length_m": 41.152729264902085, "최대경사_pct": 12.9948660843075, "B등급": "위험", "기준선_근처": true, "계단": false, "급한전환": 0 }, "geometry": { "type": "LineString", "coordinates": [ [ 126.948973, 37.4904179 ], [ 126.949033900000018, 37.4907855 ] ] } },
{ "type": "Feature", "properties": { "u": "4140716860", "v": "4140716861", "key": 0, "highway": "service", "name": null, "validation_status": "unobserved", "length_m": 137.33783016132369, "최대경사_pct": 5.6815839076838657, "B등급": "주의", "기준선_근처": true, "계단": false, "급한전환": 0 }, "geometry": { "type": "LineString", "coordinates": [ [ 126.9504634, 37.490302 ], [ 126.949033900000018, 37.4907855 ] ] } },
{ "type": "Feature", "properties": { "u": "4140716860", "v": "2828072328", "key": 0, "highway": "steps", "name": null, "validation_status": "unobserved", "length_m": 67.011387273305004, "최대경사_pct": 15.824869581947217, "B등급": "위험", "기준선_근처": false, "계단": true, "급한전환": 0 }, "geometry": { "type": "LineString", "coordinates": [ [ 126.9491847, 37.4913772 ], [ 126.949033900000018, 37.4907855 ] ] } },
{ "type": "Feature", "properties": { "u": "11413637725", "v": "2162056427", "key": 0, "highway": "residential", "name": "은천로25가길", "validation_status": "unobserved", "length_m": 3.8387224227034906, "최대경사_pct": 22.022681942515142, "B등급": "위험", "기준선_근처": false, "계단": false, "급한전환": 0 }, "geometry": { "type": "LineString", "coordinates": [ [ 126.9505499, 37.4878158 ], [ 126.950516, 37.48779420000001 ] ] } },
{ "type": "Feature", "properties": { "u": "11413637725", "v": "11413588668", "key": 0, "highway": "footway", "name": null, "validation_status": "unobserved", "length_m": 7.5739279323540014, "최대경사_pct": 24.264578094672494, "B등급": "위험", "기준선_근처": false, "계단": false, "급한전환": 0 }, "geometry": { "type": "LineString", "coordinates": [ [ 126.9504667, 37.48785 ], [ 126.950516, 37.48779420000001 ] ] } },
{ "type": "Feature", "properties": { "u": "11413637725", "v": "11413637932", "key": 0, "highway": "footway", "name": null, "validation_status": "unobserved", "length_m": 21.71634960001213, "최대경사_pct": 16.664800937493375, "B등급": "위험", "기준선_근처": false, "계단": false, "급한전환": 1 }, "geometry": { "type": "LineString", "coordinates": [ [ 126.950733200000016, 37.4877604 ], [ 126.950618, 37.4877669 ], [ 126.950563700000018, 37.487751 ], [ 126.950516, 37.48779420000001 ] ] } },
{ "type": "Feature", "properties": { "u": "8537501421", "v": "8537501420", "key": 0, "highway": "primary", "name": "관악로", "validation_status": "unobserved", "length_m": 18.060142041456821, "최대경사_pct": 9.8140934475379993, "B등급": "위험", "기준선_근처": true, "계단": false, "급한전환": 0 }, "geometry": { "type": "LineString", "coordinates": [ [ 126.9576715, 37.4889855 ], [ 126.957773, 37.488844300000011 ] ] } },
{ "type": "Feature", "properties": { "u": "10701233233", "v": "10701233235", "key": 0, "highway": "service", "name": null, "validation_status": "unobserved", "length_m": 22.152921985036496, "최대경사_pct": 6.3076913560257948, "B등급": "주의", "기준선_근처": true, "계단": false, "급한전환": 0 }, "geometry": { "type": "LineString", "coordinates": [ [ 126.956565199999986, 37.4873411 ], [ 126.9567702, 37.48733390000001 ], [ 126.9568146, 37.487341 ] ] } },
{ "type": "Feature", "properties": { "u": "2162056377", "v": "7607210905", "key": 0, "highway": "service", "name": null, "validation_status": "unobserved", "length_m": 6.1063038649953993, "최대경사_pct": 31.536424260035268, "B등급": "위험", "기준선_근처": false, "계단": false, "급한전환": 0 }, "geometry": { "type": "LineString", "coordinates": [ [ 126.949873499999981, 37.4884858 ], [ 126.949822400000016, 37.488448800000015 ] ] } },
{ "type": "Feature", "properties": { "u": "2162056377", "v": "10672227663", "key": 0, "highway": "residential", "name": "은천로25길", "validation_status": "unobserved", "length_m": 39.749174134443429, "최대경사_pct": 0.17494122816331745, "B등급": "양호", "기준선_근처": false, "계단": false, "급한전환": 0 }, "geometry": { "type": "LineString", "coordinates": [ [ 126.949494800000011, 37.4886874 ], [ 126.94979050000002, 37.4884997 ], [ 126.949822400000016, 37.488448800000015 ] ] } },
{ "type": "Feature", "properties": { "u": "2162056377", "v": "10680607891", "key": 0, "highway": "residential", "name": "은천로25길", "validation_status": "unobserved", "length_m": 11.591492480050611, "최대경사_pct": 25.083142095813226, "B등급": "위험", "기준선_근처": false, "계단": false, "급한전환": 0 }, "geometry": { "type": "LineString", "coordinates": [ [ 126.9497937, 37.4883479 ], [ 126.9498091, 37.4883734 ], [ 126.949822400000016, 37.488448800000015 ] ] } },
{ "type": "Feature", "properties": { "u": "7607210905", "v": "7607210922", "key": 2, "highway": "service", "name": null, "validation_status": "unobserved", "length_m": 6.7419540439967172, "최대경사_pct": 34.169812148645612, "B등급": "위험", "기준선_근처": false, "계단": false, "급한전환": 0 }, "geometry": { "type": "LineString", "coordinates": [ [ 126.949873499999981, 37.4884858 ], [ 126.94990319999998, 37.4885046 ], [ 126.9499393, 37.4885148 ] ] } },
{ "type": "Feature", "properties": { "u": "7607210905", "v": "7607210922", "key": 3, "highway": "service", "name": null, "validation_status": "unobserved", "length_m": 57.240884066705654, "최대경사_pct": 41.666666666666671, "B등급": "위험", "기준선_근처": false, "계단": false, "급한전환": 1 }, "geometry": { "type": "LineString", "coordinates": [ [ 126.949873499999981, 37.4884858 ], [ 126.9498531, 37.488460299999986 ], [ 126.9498441, 37.4884311 ], [ 126.949847600000012, 37.488401 ], [ 126.949863, 37.4883735 ], [ 126.949888900000019, 37.4883514 ], [ 126.9499224, 37.4883372 ], [ 126.949959899999982, 37.48833230000001 ], [ 126.9499974, 37.488337300000012 ], [ 126.9500308, 37.4883516 ], [ 126.9500568, 37.488374 ], [ 126.9500721, 37.4884018 ], [ 126.9500752, 37.4884322 ], [ 126.9500656, 37.4884616 ], [ 126.9500445, 37.488487 ], [ 126.950014, 37.488505500000024 ], [ 126.949977700000019, 37.4885151 ], [ 126.9499393, 37.4885148 ] ] } },
{ "type": "Feature", "properties": { "u": "10672227663", "v": "2824735223", "key": 0, "highway": "residential", "name": "은천로25길", "validation_status": "unobserved", "length_m": 19.117359356851697, "최대경사_pct": 1.4999852671785519, "B등급": "양호", "기준선_근처": true, "계단": false, "급한전환": 0 }, "geometry": { "type": "LineString", "coordinates": [ [ 126.9493258, 37.4887948 ], [ 126.949494800000011, 37.4886874 ] ] } },
{ "type": "Feature", "properties": { "u": "10672227663", "v": "10672227660", "key": 0, "highway": "service", "name": null, "validation_status": "unobserved", "length_m": 100.9039690744755, "최대경사_pct": 4.9552064659712096, "B등급": "양호", "기준선_근처": true, "계단": false, "급한전환": 1 }, "geometry": { "type": "LineString", "coordinates": [ [ 126.948687100000015, 37.4881977 ], [ 126.9488548, 37.4881336 ], [ 126.948917800000018, 37.488148099999989 ], [ 126.949494800000011, 37.4886874 ] ] } },
{ "type": "Feature", "properties": { "u": "2828072321", "v": "2824735212", "key": 0, "highway": "residential", "name": "은천로25길", "validation_status": "unobserved", "length_m": 11.492036194512492, "최대경사_pct": 3.4925263409970597, "B등급": "양호", "기준선_근처": true, "계단": false, "급한전환": 0 }, "geometry": { "type": "LineString", "coordinates": [ [ 126.9486545, 37.4891233 ], [ 126.948545200000012, 37.4891793 ] ] } },
{ "type": "Feature", "properties": { "u": "2828072321", "v": "2828072314", "key": 0, "highway": "service", "name": null, "validation_status": "unobserved", "length_m": 142.77127216854205, "최대경사_pct": 11.231996908285447, "B등급": "위험", "기준선_근처": true, "계단": false, "급한전환": 0 }, "geometry": { "type": "LineString", "coordinates": [ [ 126.948973, 37.4904179 ], [ 126.9487693, 37.4898059 ], [ 126.9486372, 37.4893587 ], [ 126.948545200000012, 37.4891793 ] ] } },
{ "type": "Feature", "properties": { "u": "2824756343", "v": "2824756518", "key": 0, "highway": "service", "name": "은천로19길", "validation_status": "unobserved", "length_m": 69.232954008818666, "최대경사_pct": 4.723172113587041, "B등급": "양호", "기준선_근처": true, "계단": false, "급한전환": 0 }, "geometry": { "type": "LineString", "coordinates": [ [ 126.947326499999988, 37.4882333 ], [ 126.947378700000016, 37.488372600000012 ], [ 126.9473737, 37.4885802 ], [ 126.947369, 37.4888296 ], [ 126.9473607, 37.4888499 ] ] } },
{ "type": "Feature", "properties": { "u": "2162056427", "v": "7607210929", "key": 0, "highway": "residential", "name": "은천로25가길", "validation_status": "unobserved", "length_m": 16.231475089078526, "최대경사_pct": 16.669513727915088, "B등급": "위험", "기준선_근처": false, "계단": false, "급한전환": 0 }, "geometry": { "type": "LineString", "coordinates": [ [ 126.9507334, 37.487818499999989 ], [ 126.9505499, 37.4878158 ] ] } },
{ "type": "Feature", "properties": { "u": "2162056427", "v": "2828072323", "key": 0, "highway": "service", "name": null, "validation_status": "unobserved", "length_m": 92.824563356365246, "최대경사_pct": 0.9100636978428458, "B등급": "양호", "기준선_근처": true, "계단": false, "급한전환": 0 }, "geometry": { "type": "LineString", "coordinates": [ [ 126.9501062, 37.488559 ], [ 126.950183, 37.4883089 ], [ 126.950461799999985, 37.4880097 ], [ 126.9505499, 37.4878158 ] ] } },
{ "type": "Feature", "properties": { "u": "7607210929", "v": "11413637526", "key": 0, "highway": "footway", "name": null, "validation_status": "unobserved", "length_m": 5.4512904114909322, "최대경사_pct": 8.1051906663554973, "B등급": "주의", "기준선_근처": true, "계단": false, "급한전환": 0 }, "geometry": { "type": "LineString", "coordinates": [ [ 126.950735, 37.4878676 ], [ 126.9507334, 37.487818499999989 ] ] } },
{ "type": "Feature", "properties": { "u": "7607210929", "v": "11413637932", "key": 0, "highway": "footway", "name": null, "validation_status": "unobserved", "length_m": 6.4483592381677814, "최대경사_pct": 8.0405792272846561, "B등급": "주의", "기준선_근처": true, "계단": false, "급한전환": 0 }, "geometry": { "type": "LineString", "coordinates": [ [ 126.950733200000016, 37.4877604 ], [ 126.9507334, 37.487818499999989 ] ] } },
{ "type": "Feature", "properties": { "u": "2828072323", "v": "7604130032", "key": 0, "highway": "service", "name": null, "validation_status": "unobserved", "length_m": 19.153977870817087, "최대경사_pct": 41.692448257639775, "B등급": "위험", "기준선_근처": false, "계단": false, "급한전환": 0 }, "geometry": { "type": "LineString", "coordinates": [ [ 126.950268800000018, 37.488673 ], [ 126.9501062, 37.488559 ] ] } },
{ "type": "Feature", "properties": { "u": "2828072323", "v": "7607210922", "key": 0, "highway": "service", "name": null, "validation_status": "unobserved", "length_m": 15.554306476755546, "최대경사_pct": 41.750054746560167, "B등급": "위험", "기준선_근처": false, "계단": false, "급한전환": 0 }, "geometry": { "type": "LineString", "coordinates": [ [ 126.9499393, 37.4885148 ], [ 126.9501062, 37.488559 ] ] } },
{ "type": "Feature", "properties": { "u": "2477233574", "v": "2477234769", "key": 0, "highway": "service", "name": null, "validation_status": "unobserved", "length_m": 35.480448771216359, "최대경사_pct": 6.2031832310571628, "B등급": "주의", "기준선_근처": true, "계단": false, "급한전환": 0 }, "geometry": { "type": "LineString", "coordinates": [ [ 126.95605519999998, 37.4892391 ], [ 126.9562458, 37.4889578 ] ] } },
{ "type": "Feature", "properties": { "u": "2477233574", "v": "2477234980", "key": 0, "highway": "service", "name": null, "validation_status": "unobserved", "length_m": 106.80264844446623, "최대경사_pct": 0.44728851373530026, "B등급": "양호", "기준선_근처": false, "계단": false, "급한전환": 2 }, "geometry": { "type": "LineString", "coordinates": [ [ 126.9558925, 37.4887984 ], [ 126.9560892, 37.4885202 ], [ 126.9564419, 37.4886775 ], [ 126.9562458, 37.4889578 ] ] } },
{ "type": "Feature", "properties": { "u": "2477234769", "v": "2477235891", "key": 0, "highway": "service", "name": null, "validation_status": "unobserved", "length_m": 38.996541953267531, "최대경사_pct": 7.883871012316253, "B등급": "주의", "기준선_근처": true, "계단": false, "급한전환": 0 }, "geometry": { "type": "LineString", "coordinates": [ [ 126.9558365, 37.4895442 ], [ 126.95605519999998, 37.4892391 ] ] } },
{ "type": "Feature", "properties": { "u": "2477234769", "v": "2477234771", "key": 0, "highway": "service", "name": null, "validation_status": "unobserved", "length_m": 73.141619345833973, "최대경사_pct": 3.7981922553066934, "B등급": "양호", "기준선_근처": true, "계단": false, "급한전환": 1 }, "geometry": { "type": "LineString", "coordinates": [ [ 126.9554783, 37.489374 ], [ 126.955707100000012, 37.489085 ], [ 126.95605519999998, 37.4892391 ] ] } },
{ "type": "Feature", "properties": { "u": "2477234006", "v": "2477234007", "key": 0, "highway": "service", "name": null, "validation_status": "unobserved", "length_m": 75.793016679353784, "최대경사_pct": 0.0022593167083399409, "B등급": "양호", "기준선_근처": false, "계단": false, "급한전환": 0 }, "geometry": { "type": "LineString", "coordinates": [ [ 126.9541446, 37.4896811 ], [ 126.9548837, 37.4900268 ] ] } },
{ "type": "Feature", "properties": { "u": "2477234006", "v": "2477234135", "key": 0, "highway": "service", "name": null, "validation_status": "unobserved", "length_m": 53.445614143489067, "최대경사_pct": 8.9360559083555557, "B등급": "위험", "기준선_근처": true, "계단": false, "급한전환": 0 }, "geometry": { "type": "LineString", "coordinates": [ [ 126.955198, 37.4896155 ], [ 126.9548837, 37.4900268 ] ] } },
{ "type": "Feature", "properties": { "u": "2477234006", "v": "11177542025", "key": 0, "highway": "service", "name": null, "validation_status": "validated", "length_m": 50.44577562906332, "최대경사_pct": 3.4237275123267117, "B등급": "양호", "기준선_근처": true, "계단": false, "급한전환": 1 }, "geometry": { "type": "LineString", "coordinates": [ [ 126.9552824, 37.4903097 ], [ 126.9552471, 37.4902976 ], [ 126.954897099999982, 37.490118800000012 ], [ 126.9548837, 37.4900268 ] ] } },
{ "type": "Feature", "properties": { "u": "11177542025", "v": "2477234581", "key": 0, "highway": "service", "name": null, "validation_status": "validated", "length_m": 29.062326053172022, "최대경사_pct": 7.536044545973132, "B등급": "주의", "기준선_근처": true, "계단": false, "급한전환": 0 }, "geometry": { "type": "LineString", "coordinates": [ [ 126.9554355, 37.490078 ], [ 126.9552824, 37.4903097 ] ] } },
{ "type": "Feature", "properties": { "u": "2477234581", "v": "2477235891", "key": 0, "highway": "service", "name": null, "validation_status": "unobserved", "length_m": 69.047807343524696, "최대경사_pct": 9.0493543565631178, "B등급": "위험", "기준선_근처": true, "계단": false, "급한전환": 0 }, "geometry": { "type": "LineString", "coordinates": [ [ 126.9558365, 37.4895442 ], [ 126.9554355, 37.490078 ] ] } },
{ "type": "Feature", "properties": { "u": "2477234581", "v": "2477234585", "key": 0, "highway": "service", "name": null, "validation_status": "validated", "length_m": 91.020199829621561, "최대경사_pct": 3.599190037029989, "B등급": "양호", "기준선_근처": true, "계단": false, "급한전환": 1 }, "geometry": { "type": "LineString", "coordinates": [ [ 126.95621610000002, 37.490104 ], [ 126.9560247, 37.4903411 ], [ 126.9554355, 37.490078 ] ] } },
{ "type": "Feature", "properties": { "u": "2477235891", "v": "2477235893", "key": 0, "highway": "service", "name": null, "validation_status": "unobserved", "length_m": 77.89115389292246, "최대경사_pct": 2.4906742518604124, "B등급": "양호", "기준선_근처": true, "계단": false, "급한전환": 1 }, "geometry": { "type": "LineString", "coordinates": [ [ 126.956493199999983, 37.4895117 ], [ 126.9563358, 37.4897384 ], [ 126.9558365, 37.4895442 ] ] } },
{ "type": "Feature", "properties": { "u": "2824029413", "v": "2825665284", "key": 0, "highway": "service", "name": "양녕로22바길", "validation_status": "unobserved", "length_m": 99.53595102595601, "최대경사_pct": 3.9211435687016754, "B등급": "양호", "기준선_근처": true, "계단": false, "급한전환": 0 }, "geometry": { "type": "LineString", "coordinates": [ [ 126.9471531, 37.4975289 ], [ 126.9471412, 37.4967147 ], [ 126.9471022, 37.4966382 ] ] } },
{ "type": "Feature", "properties": { "u": "2825665284", "v": "10055919706", "key": 0, "highway": "service", "name": "양녕로22바길", "validation_status": "unobserved", "length_m": 25.628772287756206, "최대경사_pct": 2.856870726639992, "B등급": "양호", "기준선_근처": true, "계단": false, "급한전환": 0 }, "geometry": { "type": "LineString", "coordinates": [ [ 126.9471566, 37.4977598 ], [ 126.9471531, 37.4975289 ] ] } },
{ "type": "Feature", "properties": { "u": "2825665284", "v": "10057812429", "key": 0, "highway": "service", "name": null, "validation_status": "unobserved", "length_m": 49.001828372258529, "최대경사_pct": 9.4418666966579679, "B등급": "위험", "기준선_근처": true, "계단": false, "급한전환": 2 }, "geometry": { "type": "LineString", "coordinates": [ [ 126.9473238, 37.4977604 ], [ 126.947370500000019, 37.497760300000017 ], [ 126.947369099999989, 37.497528100000018 ], [ 126.9471531, 37.4975289 ] ] } },
{ "type": "Feature", "properties": { "u": "2824029415", "v": "10055919640", "key": 0, "highway": "service", "name": "양녕로22바길", "validation_status": "unobserved", "length_m": 72.838379386879438, "최대경사_pct": 0.99541983725291316, "B등급": "양호", "기준선_근처": true, "계단": false, "급한전환": 0 }, "geometry": { "type": "LineString", "coordinates": [ [ 126.9471116, 37.4988059 ], [ 126.9471542, 37.4981505 ] ] } },
{ "type": "Feature", "properties": { "u": "2824029415", "v": "10055919706", "key": 0, "highway": "service", "name": "양녕로22바길", "validation_status": "unobserved", "length_m": 43.363151208934845, "최대경사_pct": 2.1536244507887643, "B등급": "양호", "기준선_근처": true, "계단": false, "급한전환": 0 }, "geometry": { "type": "LineString", "coordinates": [ [ 126.9471566, 37.4977598 ], [ 126.9471542, 37.4981505 ] ] } },
{ "type": "Feature", "properties": { "u": "2824029415", "v": "2824029440", "key": 0, "highway": "residential", "name": "양녕로28길", "validation_status": "unobserved", "length_m": 14.956791622849348, "최대경사_pct": 24.033129434011897, "B등급": "위험", "기준선_근처": false, "계단": false, "급한전환": 0 }, "geometry": { "type": "LineString", "coordinates": [ [ 126.94732310000002, 37.4981577 ], [ 126.9471542, 37.4981505 ] ] } },
{ "type": "Feature", "properties": { "u": "10055919640", "v": "2824029416", "key": 0, "highway": "service", "name": "양녕로22바길", "validation_status": "unobserved", "length_m": 31.482433824896486, "최대경사_pct": 6.1676769813917076, "B등급": "주의", "기준선_근처": true, "계단": false, "급한전환": 0 }, "geometry": { "type": "LineString", "coordinates": [ [ 126.9470964, 37.4990893 ], [ 126.9471116, 37.4988059 ] ] } },
{ "type": "Feature", "properties": { "u": "10055919706", "v": "10057812429", "key": 0, "highway": "service", "name": null, "validation_status": "unobserved", "length_m": 14.785329809013454, "최대경사_pct": 24.507665565170502, "B등급": "위험", "기준선_근처": false, "계단": false, "급한전환": 0 }, "geometry": { "type": "LineString", "coordinates": [ [ 126.9473238, 37.4977604 ], [ 126.9471566, 37.4977598 ] ] } },
{ "type": "Feature", "properties": { "u": "2824029440", "v": "10057812438", "key": 0, "highway": [ "residential", "path" ], "name": "양녕로28길", "validation_status": "unobserved", "length_m": 101.66203365798425, "최대경사_pct": 34.900002393677738, "B등급": "위험", "기준선_근처": false, "계단": false, "급한전환": 4 }, "geometry": { "type": "LineString", "coordinates": [ [ 126.948151, 37.4979849 ], [ 126.9480696, 37.4980015 ], [ 126.9479715, 37.4980352 ], [ 126.947851, 37.4981242 ], [ 126.9477821, 37.4982114 ], [ 126.9477418, 37.4982344 ], [ 126.9476732, 37.498242 ], [ 126.9476115, 37.4982218 ], [ 126.9475745, 37.4981795 ], [ 126.9475726, 37.4981012 ], [ 126.9475321, 37.4980999 ], [ 126.947532699999982, 37.4981365 ], [ 126.9475169, 37.4981625 ], [ 126.94732310000002, 37.4981577 ] ] } },
{ "type": "Feature", "properties": { "u": "2824029440", "v": "10057812429", "key": 0, "highway": [ "service", "path" ], "name": null, "validation_status": "unobserved", "length_m": 44.097883610109378, "최대경사_pct": 1.2139377186074303, "B등급": "양호", "기준선_근처": true, "계단": false, "급한전환": 0 }, "geometry": { "type": "LineString", "coordinates": [ [ 126.9473238, 37.4977604 ], [ 126.9473262, 37.4979623 ], [ 126.94732310000002, 37.4981577 ] ] } },
{ "type": "Feature", "properties": { "u": "10057812438", "v": "13195507443", "key": 0, "highway": "footway", "name": null, "validation_status": "unobserved", "length_m": 62.955548636961502, "최대경사_pct": 5.0173117246850047, "B등급": "양호", "기준선_근처": true, "계단": false, "급한전환": 0 }, "geometry": { "type": "LineString", "coordinates": [ [ 126.9481713, 37.49854650000001 ], [ 126.9481946, 37.4980972 ], [ 126.948151, 37.4979849 ] ] } },
{ "type": "Feature", "properties": { "u": "10057812438", "v": "7256876618", "key": 0, "highway": "footway", "name": null, "validation_status": "unobserved", "length_m": 274.10436835121897, "최대경사_pct": 14.592981586031012, "B등급": "위험", "기준선_근처": false, "계단": false, "급한전환": 1 }, "geometry": { "type": "LineString", "coordinates": [ [ 126.947512500000016, 37.4957464 ], [ 126.9475253, 37.49577870000001 ], [ 126.9477595, 37.495874 ], [ 126.9482401, 37.4968053 ], [ 126.948237, 37.49704 ], [ 126.9480306, 37.4975142 ], [ 126.9480539, 37.4976951 ], [ 126.9480614, 37.497753800000027 ], [ 126.948151, 37.4979849 ] ] } },
{ "type": "Feature", "properties": { "u": "2824550249", "v": "4621475854", "key": 0, "highway": "residential", "name": "상도로47길", "validation_status": "unobserved", "length_m": 13.303162224245675, "최대경사_pct": 5.7430258217670271, "B등급": "주의", "기준선_근처": true, "계단": false, "급한전환": 0 }, "geometry": { "type": "LineString", "coordinates": [ [ 126.951887400000018, 37.50293940000001 ], [ 126.951900600000016, 37.50282 ] ] } },
{ "type": "Feature", "properties": { "u": "2824550249", "v": "2825701329", "key": 0, "highway": "residential", "name": "상도로41길", "validation_status": "unobserved", "length_m": 36.681265214276031, "최대경사_pct": 0.72979724844024929, "B등급": "양호", "기준선_근처": false, "계단": false, "급한전환": 0 }, "geometry": { "type": "LineString", "coordinates": [ [ 126.951632700000019, 37.5025727 ], [ 126.9517272, 37.5026256 ], [ 126.951900600000016, 37.50282 ] ] } },
{ "type": "Feature", "properties": { "u": "2824550249", "v": "4621475847", "key": 0, "highway": "residential", "name": "상도로47길", "validation_status": "unobserved", "length_m": 26.630107393941049, "최대경사_pct": 1.2373623269074112, "B등급": "양호", "기준선_근처": true, "계단": false, "급한전환": 0 }, "geometry": { "type": "LineString", "coordinates": [ [ 126.9519375, 37.5025821 ], [ 126.951926700000016, 37.5026944 ], [ 126.951900600000016, 37.50282 ] ] } },
{ "type": "Feature", "properties": { "u": "4621475854", "v": "2825701337", "key": 0, "highway": "residential", "name": "상도로47길", "validation_status": "unobserved", "length_m": 38.059989574224801, "최대경사_pct": 8.5516546816870918, "B등급": "위험", "기준선_근처": true, "계단": false, "급한전환": 0 }, "geometry": { "type": "LineString", "coordinates": [ [ 126.9518526, 37.5032812 ], [ 126.951887400000018, 37.50293940000001 ] ] } },
{ "type": "Feature", "properties": { "u": "4621475854", "v": "2825701313", "key": 0, "highway": "service", "name": "상도로41나길", "validation_status": "unobserved", "length_m": 99.112838202881832, "최대경사_pct": 5.3451438062325449, "B등급": "양호", "기준선_근처": true, "계단": false, "급한전환": 0 }, "geometry": { "type": "LineString", "coordinates": [ [ 126.953004799999988, 37.5029966 ], [ 126.9523939, 37.5029447 ], [ 126.951887400000018, 37.50293940000001 ] ] } },
{ "type": "Feature", "properties": { "u": "4621475854", "v": "4621475850", "key": 0, "highway": "service", "name": "상도로41나길", "validation_status": "unobserved", "length_m": 90.941524606126507, "최대경사_pct": 0.63380730986001799, "B등급": "양호", "기준선_근처": false, "계단": false, "급한전환": 0 }, "geometry": { "type": "LineString", "coordinates": [ [ 126.9509839, 37.5025597 ], [ 126.9514406, 37.5027261 ], [ 126.9515503, 37.5027795 ], [ 126.95166, 37.502860900000023 ], [ 126.951887400000018, 37.50293940000001 ] ] } },
{ "type": "Feature", "properties": { "u": "2825701329", "v": "8483442364", "key": 0, "highway": "residential", "name": "상도로41길", "validation_status": "unobserved", "length_m": 51.783858916136218, "최대경사_pct": 0.0, "B등급": "양호", "기준선_근처": false, "계단": false, "급한전환": 0 }, "geometry": { "type": "LineString", "coordinates": [ [ 126.9511068, 37.5023674 ], [ 126.951632700000019, 37.5025727 ] ] } },
{ "type": "Feature", "properties": { "u": "2825701329", "v": "4621475847", "key": 0, "highway": "residential", "name": "상도로41길", "validation_status": "unobserved", "length_m": 26.971340084561767, "최대경사_pct": 0.38573549015971764, "B등급": "양호", "기준선_근처": false, "계단": false, "급한전환": 0 }, "geometry": { "type": "LineString", "coordinates": [ [ 126.9519375, 37.5025821 ], [ 126.951632700000019, 37.5025727 ] ] } },
{ "type": "Feature", "properties": { "u": "4621475847", "v": "4621475848", "key": 0, "highway": "service", "name": "상도로47길", "validation_status": "unobserved", "length_m": 96.632726202305975, "최대경사_pct": 7.9152587011704068, "B등급": "주의", "기준선_근처": true, "계단": false, "급한전환": 0 }, "geometry": { "type": "LineString", "coordinates": [ [ 126.9530258, 37.502661500000016 ], [ 126.9519375, 37.5025821 ] ] } },
{ "type": "Feature", "properties": { "u": "4621475847", "v": "2824550250", "key": 0, "highway": "residential", "name": "상도로47길", "validation_status": "unobserved", "length_m": 26.286366996173669, "최대경사_pct": 4.7583475947948273, "B등급": "양호", "기준선_근처": true, "계단": false, "급한전환": 0 }, "geometry": { "type": "LineString", "coordinates": [ [ 126.9519792, 37.502347600000014 ], [ 126.9519375, 37.5025821 ] ] } },
{ "type": "Feature", "properties": { "u": "2824550250", "v": "4621469177", "key": 0, "highway": "service", "name": "상도로47마길", "validation_status": "unobserved", "length_m": 69.687738298919953, "최대경사_pct": 0.95135614462095042, "B등급": "양호", "기준선_근처": true, "계단": false, "급한전환": 0 }, "geometry": { "type": "LineString", "coordinates": [ [ 126.9512656, 37.5020816 ], [ 126.9516136, 37.5022045 ], [ 126.9517164, 37.5022408 ], [ 126.9519792, 37.502347600000014 ] ] } },
{ "type": "Feature", "properties": { "u": "2824550250", "v": "4621471102", "key": 0, "highway": "residential", "name": "상도로47길", "validation_status": "unobserved", "length_m": 51.923941343007279, "최대경사_pct": 7.6262022187883236, "B등급": "주의", "기준선_근처": true, "계단": false, "급한전환": 0 }, "geometry": { "type": "LineString", "coordinates": [ [ 126.952054600000011, 37.5018838 ], [ 126.952017700000013, 37.5020638 ], [ 126.9519792, 37.502347600000014 ] ] } },
{ "type": "Feature", "properties": { "u": "4621469177", "v": "4621469171", "key": 0, "highway": "service", "name": "상도로47마길", "validation_status": "unobserved", "length_m": 107.63232067212103, "최대경사_pct": 0.1505292657003045, "B등급": "양호", "기준선_근처": false, "계단": false, "급한전환": 0 }, "geometry": { "type": "LineString", "coordinates": [ [ 126.9508288, 37.501366800000014 ], [ 126.950761, 37.5014839 ], [ 126.9506996, 37.5016204 ], [ 126.9506994, 37.5016412 ], [ 126.9507151, 37.5017512 ], [ 126.950834900000018, 37.5018981 ], [ 126.9512656, 37.5020816 ] ] } },
{ "type": "Feature", "properties": { "u": "4621469177", "v": "8483442364", "key": 0, "highway": "service", "name": null, "validation_status": "unobserved", "length_m": 34.71746813838849, "최대경사_pct": 1.1842378929335004e-14, "B등급": "양호", "기준선_근처": false, "계단": false, "급한전환": 0 }, "geometry": { "type": "LineString", "coordinates": [ [ 126.9511068, 37.5023674 ], [ 126.9511883, 37.5022052 ], [ 126.9512656, 37.5020816 ] ] } },
{ "type": "Feature", "properties": { "u": "4621471102", "v": "4621471093", "key": 0, "highway": "service", "name": "상도로47라길", "validation_status": "unobserved", "length_m": 55.215455634657083, "최대경사_pct": 0.0, "B등급": "양호", "기준선_근처": false, "계단": false, "급한전환": 0 }, "geometry": { "type": "LineString", "coordinates": [ [ 126.951500700000011, 37.501654100000025 ], [ 126.952054600000011, 37.5018838 ] ] } },
{ "type": "Feature", "properties": { "u": "4621471102", "v": "4621475838", "key": 0, "highway": "residential", "name": "상도로47길", "validation_status": "unobserved", "length_m": 19.256103695878473, "최대경사_pct": 1.9009395063761523, "B등급": "양호", "기준선_근처": true, "계단": false, "급한전환": 0 }, "geometry": { "type": "LineString", "coordinates": [ [ 126.9521154, 37.5017173 ], [ 126.9520894, 37.5017988 ], [ 126.952054600000011, 37.5018838 ] ] } },
{ "type": "Feature", "properties": { "u": "2824550253", "v": "2825701327", "key": 0, "highway": "residential", "name": "상도로47길", "validation_status": "unobserved", "length_m": 24.105913593335682, "최대경사_pct": 0.95873159327215518, "B등급": "양호", "기준선_근처": true, "계단": false, "급한전환": 0 }, "geometry": { "type": "LineString", "coordinates": [ [ 126.9522611, 37.5011823 ], [ 126.95231050000001, 37.5009687 ] ] } },
{ "type": "Feature", "properties": { "u": "2824550253", "v": "2825731331", "key": 0, "highway": "service", "name": "상도로47길", "validation_status": "unobserved", "length_m": 56.313543074009843, "최대경사_pct": 9.4961238785919271, "B등급": "위험", "기준선_근처": true, "계단": false, "급한전환": 1 }, "geometry": { "type": "LineString", "coordinates": [ [ 126.9528401, 37.5010358 ], [ 126.9527574, 37.50113 ], [ 126.952567, 37.5010428 ], [ 126.952408, 37.5009937 ], [ 126.95231050000001, 37.5009687 ] ] } },
{ "type": "Feature", "properties": { "u": "2824550253", "v": "2825731308", "key": 0, "highway": "residential", "name": "상도로47길", "validation_status": "unobserved", "length_m": 69.200794467214934, "최대경사_pct": 0.23843916829311448, "B등급": "양호", "기준선_근처": false, "계단": false, "급한전환": 0 }, "geometry": { "type": "LineString", "coordinates": [ [ 126.9520757, 37.5003893 ], [ 126.952159600000016, 37.500482 ], [ 126.952291, 37.5007197 ], [ 126.95231050000001, 37.5009687 ] ] } },
{ "type": "Feature", "properties": { "u": "2825701327", "v": "2825731327", "key": 0, "highway": "service", "name": "상도로45길", "validation_status": "unobserved", "length_m": 78.772242690924585, "최대경사_pct": 1.423906774586869, "B등급": "양호", "기준선_근처": true, "계단": false, "급한전환": 0 }, "geometry": { "type": "LineString", "coordinates": [ [ 126.9515342, 37.500772 ], [ 126.9522611, 37.5011823 ] ] } },
{ "type": "Feature", "properties": { "u": "2825701327", "v": "2825701322", "key": 0, "highway": "service", "name": "상도로45길", "validation_status": "validated", "length_m": 93.678013806863504, "최대경사_pct": 8.8540583509451523, "B등급": "위험", "기준선_근처": true, "계단": false, "급한전환": 0 }, "geometry": { "type": "LineString", "coordinates": [ [ 126.9531303, 37.5016648 ], [ 126.953059700000011, 37.50162310000001 ], [ 126.9522611, 37.5011823 ] ] } },
{ "type": "Feature", "properties": { "u": "2825701327", "v": "4621475838", "key": 0, "highway": "residential", "name": "상도로47길", "validation_status": "unobserved", "length_m": 60.768669718394605, "최대경사_pct": 9.4590882962427436, "B등급": "위험", "기준선_근처": true, "계단": false, "급한전환": 0 }, "geometry": { "type": "LineString", "coordinates": [ [ 126.9521154, 37.5017173 ], [ 126.952169500000011, 37.50153959999998 ], [ 126.9522611, 37.5011823 ] ] } },
{ "type": "Feature", "properties": { "u": "2825731331", "v": "2825731302", "key": 0, "highway": "service", "name": "상도로47다길", "validation_status": "unobserved", "length_m": 21.951503222114617, "최대경사_pct": 4.2373056598287562, "B등급": "양호", "기준선_근처": true, "계단": false, "급한전환": 0 }, "geometry": { "type": "LineString", "coordinates": [ [ 126.953014700000011, 37.5008952 ], [ 126.9528401, 37.5010358 ] ] } },
{ "type": "Feature", "properties": { "u": "2825731331", "v": "2825701322", "key": 0, "highway": "service", "name": "상도로47다길", "validation_status": "unobserved", "length_m": 78.121957610760148, "최대경사_pct": 3.2591910868864149, "B등급": "양호", "기준선_근처": true, "계단": false, "급한전환": 0 }, "geometry": { "type": "LineString", "coordinates": [ [ 126.9531303, 37.5016648 ], [ 126.9531126, 37.5014276 ], [ 126.95311, 37.501334 ], [ 126.953061700000021, 37.501234 ], [ 126.9529571, 37.501136099999989 ], [ 126.9528401, 37.5010358 ] ] } },
{ "type": "Feature", "properties": { "u": "2825731308", "v": "2825731327", "key": 0, "highway": "service", "name": "상도로47길", "validation_status": "unobserved", "length_m": 65.868324083232835, "최대경사_pct": 2.7768605269066762, "B등급": "양호", "기준선_근처": true, "계단": false, "급한전환": 0 }, "geometry": { "type": "LineString", "coordinates": [ [ 126.9515342, 37.500772 ], [ 126.9518615, 37.500464 ], [ 126.951939700000011, 37.5004169 ], [ 126.9520757, 37.5003893 ] ] } },
{ "type": "Feature", "properties": { "u": "2825731308", "v": "2825731303", "key": 0, "highway": "service", "name": "상도로47나길", "validation_status": "validated", "length_m": 91.279111004814524, "최대경사_pct": 5.5223302227571294, "B등급": "양호", "기준선_근처": true, "계단": false, "급한전환": 0 }, "geometry": { "type": "LineString", "coordinates": [ [ 126.9529995, 37.5002985 ], [ 126.952944400000021, 37.5003816 ], [ 126.952858099999986, 37.500428 ], [ 126.952744399999986, 37.5004448 ], [ 126.9526376, 37.5004332 ], [ 126.9522315, 37.500354 ], [ 126.9521576, 37.5003514 ], [ 126.9520757, 37.5003893 ] ] } },
{ "type": "Feature", "properties": { "u": "2825731308", "v": "2825730230", "key": 0, "highway": "residential", "name": "상도로47길", "validation_status": "unobserved", "length_m": 50.435424742920759, "최대경사_pct": 3.5650134739087256, "B등급": "양호", "기준선_근처": true, "계단": false, "급한전환": 0 }, "geometry": { "type": "LineString", "coordinates": [ [ 126.9517475, 37.5000179 ], [ 126.9518026, 37.5000896 ], [ 126.9520757, 37.5003893 ] ] } },
{ "type": "Feature", "properties": { "u": "2824550259", "v": "2825701326", "key": 0, "highway": "primary", "name": "상도로", "validation_status": "validated", "length_m": 91.30122865709231, "최대경사_pct": 1.6438108248187902, "B등급": "양호", "기준선_근처": true, "계단": false, "급한전환": 0 }, "geometry": { "type": "LineString", "coordinates": [ [ 126.9503988, 37.5001308 ], [ 126.9509839, 37.499453 ] ] } },
{ "type": "Feature", "properties": { "u": "2824550259", "v": "2825706570", "key": 0, "highway": "residential", "name": "상도로47길", "validation_status": "validated", "length_m": 48.137994893205942, "최대경사_pct": 4.6446533814553348, "B등급": "양호", "기준선_근처": true, "계단": false, "급한전환": 0 }, "geometry": { "type": "LineString", "coordinates": [ [ 126.9514313, 37.499698700000025 ], [ 126.951339, 37.4996347 ], [ 126.9509839, 37.499453 ] ] } },
{ "type": "Feature", "properties": { "u": "2824550259", "v": "11413637598", "key": 0, "highway": "primary", "name": "상도로", "validation_status": "validated", "length_m": 77.818519510786444, "최대경사_pct": 6.1404814005443651, "B등급": "주의", "기준선_근처": true, "계단": false, "급한전환": 0 }, "geometry": { "type": "LineString", "coordinates": [ [ 126.951478, 37.4988728 ], [ 126.951353, 37.499017400000028 ], [ 126.9509839, 37.499453 ] ] } },
{ "type": "Feature", "properties": { "u": "2825701326", "v": "4621469141", "key": 0, "highway": "primary", "name": "상도로", "validation_status": "unobserved", "length_m": 91.18315928613697, "최대경사_pct": 2.4878948600308712, "B등급": "양호", "기준선_근처": true, "계단": false, "급한전환": 0 }, "geometry": { "type": "LineString", "coordinates": [ [ 126.9498242, 37.500813 ], [ 126.9503988, 37.5001308 ] ] } },
{ "type": "Feature", "properties": { "u": "2825701326", "v": "2825706577", "key": 0, "highway": "service", "name": "상도로45길", "validation_status": "validated", "length_m": 47.588267048183582, "최대경사_pct": 1.6533594044311193, "B등급": "양호", "기준선_근처": true, "계단": false, "급한전환": 0 }, "geometry": { "type": "LineString", "coordinates": [ [ 126.950836200000012, 37.5003799 ], [ 126.9504437, 37.5001637 ], [ 126.9503988, 37.5001308 ] ] } },
{ "type": "Feature", "properties": { "u": "2825706570", "v": "2825706548", "key": 0, "highway": "service", "name": "상도로37길", "validation_status": "unobserved", "length_m": 90.462977364658641, "최대경사_pct": 4.9744513957278143, "B등급": "양호", "기준선_근처": true, "계단": false, "급한전환": 0 }, "geometry": { "type": "LineString", "coordinates": [ [ 126.9520157, 37.4990297 ], [ 126.9514313, 37.499698700000025 ] ] } },
{ "type": "Feature", "properties": { "u": "2825706570", "v": "2825706577", "key": 0, "highway": "service", "name": "상도로37길", "validation_status": "unobserved", "length_m": 92.114573879787159, "최대경사_pct": 2.6970413428685736, "B등급": "양호", "기준선_근처": true, "계단": false, "급한전환": 0 }, "geometry": { "type": "LineString", "coordinates": [ [ 126.950836200000012, 37.5003799 ], [ 126.9514313, 37.499698700000025 ] ] } },
{ "type": "Feature", "properties": { "u": "2825706570", "v": "2825730230", "key": 0, "highway": "residential", "name": "상도로47길", "validation_status": "unobserved", "length_m": 45.199767503761926, "최대경사_pct": 5.6521042496055305, "B등급": "주의", "기준선_근처": true, "계단": false, "급한전환": 0 }, "geometry": { "type": "LineString", "coordinates": [ [ 126.9517475, 37.5000179 ], [ 126.951477, 37.499733 ], [ 126.9514313, 37.499698700000025 ] ] } },
{ "type": "Feature", "properties": { "u": "11413637598", "v": "2824550264", "key": 0, "highway": "primary", "name": "상도로", "validation_status": "validated", "length_m": 7.8993280947212554, "최대경사_pct": 8.3333333333333321, "B등급": "주의", "기준선_근처": true, "계단": false, "급한전환": 0 }, "geometry": { "type": "LineString", "coordinates": [ [ 126.951528699999983, 37.498814200000012 ], [ 126.951478, 37.4988728 ] ] } },
{ "type": "Feature", "properties": { "u": "11413637598", "v": "13597219419", "key": 0, "highway": "footway", "name": null, "validation_status": "unobserved", "length_m": 12.504235862728525, "최대경사_pct": 4.3485977770477406, "B등급": "양호", "기준선_근처": true, "계단": false, "급한전환": 0 }, "geometry": { "type": "LineString", "coordinates": [ [ 126.951367800000014, 37.4988022 ], [ 126.951478, 37.4988728 ] ] } },
{ "type": "Feature", "properties": { "u": "11413637598", "v": "11413637573", "key": 0, "highway": "footway", "name": null, "validation_status": "validated", "length_m": 24.319807029078746, "최대경사_pct": 6.8706257639684045, "B등급": "주의", "기준선_근처": true, "계단": false, "급한전환": 1 }, "geometry": { "type": "LineString", "coordinates": [ [ 126.951678900000019, 37.498873900000021 ], [ 126.951597600000014, 37.4989475 ], [ 126.951478, 37.4988728 ] ] } },
{ "type": "Feature", "properties": { "u": "2824550264", "v": "13597219420", "key": 0, "highway": "residential", "name": "상도로50길", "validation_status": "unobserved", "length_m": 12.568523466032294, "최대경사_pct": 1.8287344681982276, "B등급": "양호", "기준선_근처": true, "계단": false, "급한전환": 0 }, "geometry": { "type": "LineString", "coordinates": [ [ 126.9514117, 37.4987499 ], [ 126.951528699999983, 37.498814200000012 ] ] } },
{ "type": "Feature", "properties": { "u": "2824550264", "v": "11413637573", "key": 0, "highway": "service", "name": "상도로49길", "validation_status": "validated", "length_m": 14.842732397036093, "최대경사_pct": 0.44090656437980158, "B등급": "양호", "기준선_근처": false, "계단": false, "급한전환": 0 }, "geometry": { "type": "LineString", "coordinates": [ [ 126.951678900000019, 37.498873900000021 ], [ 126.951528699999983, 37.498814200000012 ] ] } },
{ "type": "Feature", "properties": { "u": "2824550264", "v": "2824550275", "key": 0, "highway": "primary", "name": "상도로", "validation_status": "unobserved", "length_m": 65.683570386011695, "최대경사_pct": 0.26193772521938324, "B등급": "양호", "기준선_근처": false, "계단": false, "급한전환": 0 }, "geometry": { "type": "LineString", "coordinates": [ [ 126.9519613, 37.4983334 ], [ 126.9516534, 37.4986624 ], [ 126.951528699999983, 37.498814200000012 ] ] } },
{ "type": "Feature", "properties": { "u": "13597219420", "v": "11413637596", "key": 0, "highway": "residential", "name": "상도로50길", "validation_status": "unobserved", "length_m": 9.3368674039294053, "최대경사_pct": 2.7098560458355556, "B등급": "양호", "기준선_근처": true, "계단": false, "급한전환": 0 }, "geometry": { "type": "LineString", "coordinates": [ [ 126.9513266, 37.4987001 ], [ 126.9514117, 37.4987499 ] ] } },
{ "type": "Feature", "properties": { "u": "13597219420", "v": "13597219419", "key": 0, "highway": "primary", "name": "상도로", "validation_status": "unobserved", "length_m": 6.9830584948670644, "최대경사_pct": 8.3333333333333321, "B등급": "주의", "기준선_근처": true, "계단": false, "급한전환": 0 }, "geometry": { "type": "LineString", "coordinates": [ [ 126.951367800000014, 37.4988022 ], [ 126.9514117, 37.4987499 ] ] } },
{ "type": "Feature", "properties": { "u": "13597219420", "v": "13597219421", "key": 0, "highway": "primary", "name": "상도로", "validation_status": "unobserved", "length_m": 65.556555962515944, "최대경사_pct": 1.0838622092447561e-14, "B등급": "양호", "기준선_근처": false, "계단": false, "급한전환": 0 }, "geometry": { "type": "LineString", "coordinates": [ [ 126.95183320000001, 37.498264 ], [ 126.95144190000002, 37.49871670000001 ], [ 126.9514117, 37.4987499 ] ] } },
{ "type": "Feature", "properties": { "u": "11413637573", "v": "2825706548", "key": 0, "highway": "service", "name": "상도로49길", "validation_status": "unobserved", "length_m": 34.438059193251796, "최대경사_pct": 0.11828661512894929, "B등급": "양호", "기준선_근처": false, "계단": false, "급한전환": 0 }, "geometry": { "type": "LineString", "coordinates": [ [ 126.9520157, 37.4990297 ], [ 126.951678900000019, 37.498873900000021 ] ] } },
{ "type": "Feature", "properties": { "u": "11413637573", "v": "11413637581", "key": 0, "highway": "footway", "name": null, "validation_status": "validated", "length_m": 63.479427323098228, "최대경사_pct": 0.6413352385999993, "B등급": "양호", "기준선_근처": false, "계단": false, "급한전환": 0 }, "geometry": { "type": "LineString", "coordinates": [ [ 126.952082499999989, 37.4984009 ], [ 126.951678900000019, 37.498873900000021 ] ] } },
{ "type": "Feature", "properties": { "u": "2824550275", "v": "11413637581", "key": 0, "highway": "service", "name": "상도로", "validation_status": "unobserved", "length_m": 13.076203277755333, "최대경사_pct": 0.98521187253185849, "B등급": "양호", "기준선_근처": true, "계단": false, "급한전환": 0 }, "geometry": { "type": "LineString", "coordinates": [ [ 126.952082499999989, 37.4984009 ], [ 126.9519613, 37.4983334 ] ] } },
{ "type": "Feature", "properties": { "u": "2824550275", "v": "11413637820", "key": 0, "highway": "primary", "name": "상도로", "validation_status": "unobserved", "length_m": 79.371963508751605, "최대경사_pct": 2.6934457262741169, "B등급": "양호", "기준선_근처": true, "계단": false, "급한전환": 0 }, "geometry": { "type": "LineString", "coordinates": [ [ 126.952468, 37.4977431 ], [ 126.9523071, 37.497930599999989 ], [ 126.9519613, 37.4983334 ] ] } },
{ "type": "Feature", "properties": { "u": "2824550268", "v": "11413637840", "key": 0, "highway": "residential", "name": "상도로50길", "validation_status": "unobserved", "length_m": 5.3562854822453669, "최대경사_pct": 7.3645411748198581, "B등급": "주의", "기준선_근처": true, "계단": false, "급한전환": 0 }, "geometry": { "type": "LineString", "coordinates": [ [ 126.9502903, 37.4972956 ], [ 126.950262800000019, 37.4972526 ] ] } },
{ "type": "Feature", "properties": { "u": "2824550268", "v": "11413637475", "key": 0, "highway": "residential", "name": "상도로50길", "validation_status": "unobserved", "length_m": 7.592158248489616, "최대경사_pct": 8.4000772653092071, "B등급": "위험", "기준선_근처": true, "계단": false, "급한전환": 0 }, "geometry": { "type": "LineString", "coordinates": [ [ 126.95022, 37.4971933 ], [ 126.950262800000019, 37.4972526 ] ] } },
{ "type": "Feature", "properties": { "u": "2824550268", "v": "11413637861", "key": 0, "highway": "tertiary", "name": "상도로54길", "validation_status": "unobserved", "length_m": 8.85424436909768, "최대경사_pct": 2.7504985276533724, "B등급": "양호", "기준선_근처": true, "계단": false, "급한전환": 0 }, "geometry": { "type": "LineString", "coordinates": [ [ 126.950352899999984, 37.4972178 ], [ 126.950262800000019, 37.4972526 ] ] } },
{ "type": "Feature", "properties": { "u": "2824550268", "v": "11413637605", "key": 0, "highway": "residential", "name": null, "validation_status": "unobserved", "length_m": 8.8017082585231101, "최대경사_pct": 5.5958917148923843, "B등급": "주의", "기준선_근처": true, "계단": false, "급한전환": 0 }, "geometry": { "type": "LineString", "coordinates": [ [ 126.9501714, 37.497284 ], [ 126.950262800000019, 37.4972526 ] ] } },
{ "type": "Feature", "properties": { "u": "11413637840", "v": "11413637803", "key": 0, "highway": "footway", "name": null, "validation_status": "unobserved", "length_m": 8.9486301772090062, "최대경사_pct": 5.9175531841774642, "B등급": "주의", "기준선_근처": true, "계단": false, "급한전환": 0 }, "geometry": { "type": "LineString", "coordinates": [ [ 126.9501986, 37.4973297 ], [ 126.9502903, 37.4972956 ] ] } },
{ "type": "Feature", "properties": { "u": "11413637840", "v": "11413637609", "key": 0, "highway": "footway", "name": null, "validation_status": "unobserved", "length_m": 8.528967682641623, "최대경사_pct": 3.4039264843442401, "B등급": "양호", "기준선_근처": true, "계단": false, "급한전환": 0 }, "geometry": { "type": "LineString", "coordinates": [ [ 126.950377700000018, 37.4972631 ], [ 126.9502903, 37.4972956 ] ] } },
{ "type": "Feature", "properties": { "u": "11413637840", "v": "2824550281", "key": 0, "highway": "residential", "name": "상도로50길", "validation_status": "unobserved", "length_m": 121.09480042329977, "최대경사_pct": 4.8400346558591281, "B등급": "양호", "기준선_근처": true, "계단": false, "급한전환": 0 }, "geometry": { "type": "LineString", "coordinates": [ [ 126.9509195, 37.4982646 ], [ 126.95077710000001, 37.4980568 ], [ 126.9502903, 37.4972956 ] ] } },
{ "type": "Feature", "properties": { "u": "11413637475", "v": "11413637759", "key": 0, "highway": "footway", "name": null, "validation_status": "validated", "length_m": 8.4472933227354829, "최대경사_pct": 5.4610849318004284, "B등급": "양호", "기준선_근처": true, "계단": false, "급한전환": 0 }, "geometry": { "type": "LineString", "coordinates": [ [ 126.9501321, 37.4972231 ], [ 126.95022, 37.4971933 ] ] } },
{ "type": "Feature", "properties": { "u": "11413637475", "v": "11413637584", "key": 0, "highway": "footway", "name": null, "validation_status": "validated", "length_m": 9.6800238843807627, "최대경사_pct": 2.172223837376658, "B등급": "양호", "기준선_근처": true, "계단": false, "급한전환": 0 }, "geometry": { "type": "LineString", "coordinates": [ [ 126.95032070000002, 37.4971591 ], [ 126.95022, 37.4971933 ] ] } },
{ "type": "Feature", "properties": { "u": "11413637475", "v": "10589255419", "key": 0, "highway": "residential", "name": "상도로50길", "validation_status": "validated", "length_m": 207.51488134975622, "최대경사_pct": 10.548817225109255, "B등급": "위험", "기준선_근처": true, "계단": false, "급한전환": 0 }, "geometry": { "type": "LineString", "coordinates": [ [ 126.9492612, 37.4954948 ], [ 126.949278, 37.495590100000015 ], [ 126.949381, 37.495843800000017 ], [ 126.94981580000001, 37.496599900000021 ], [ 126.95022, 37.4971933 ] ] } },
{ "type": "Feature", "properties": { "u": "11413637861", "v": "2824550279", "key": 0, "highway": "tertiary", "name": "상도로54길", "validation_status": "unobserved", "length_m": 31.485079488792433, "최대경사_pct": 0.096326284830752229, "B등급": "양호", "기준선_근처": false, "계단": false, "급한전환": 0 }, "geometry": { "type": "LineString", "coordinates": [ [ 126.9506747, 37.4970964 ], [ 126.950352899999984, 37.4972178 ] ] } },
{ "type": "Feature", "properties": { "u": "11413637861", "v": "11413637584", "key": 0, "highway": "footway", "name": null, "validation_status": "unobserved", "length_m": 7.1100025080009992, "최대경사_pct": 9.0336287729873508, "B등급": "위험", "기준선_근처": true, "계단": false, "급한전환": 0 }, "geometry": { "type": "LineString", "coordinates": [ [ 126.95032070000002, 37.4971591 ], [ 126.950352899999984, 37.4972178 ] ] } },
{ "type": "Feature", "properties": { "u": "11413637861", "v": "11413637609", "key": 0, "highway": "footway", "name": null, "validation_status": "unobserved", "length_m": 5.4851868109731496, "최대경사_pct": 8.3227289748823807, "B등급": "주의", "기준선_근처": true, "계단": false, "급한전환": 0 }, "geometry": { "type": "LineString", "coordinates": [ [ 126.950377700000018, 37.4972631 ], [ 126.950352899999984, 37.4972178 ] ] } },
{ "type": "Feature", "properties": { "u": "11413637605", "v": "11413637759", "key": 0, "highway": "footway", "name": null, "validation_status": "unobserved", "length_m": 7.6001910244330864, "최대경사_pct": 7.696558650894131, "B등급": "주의", "기준선_근처": true, "계단": false, "급한전환": 0 }, "geometry": { "type": "LineString", "coordinates": [ [ 126.9501321, 37.4972231 ], [ 126.9501714, 37.497284 ] ] } },
{ "type": "Feature", "properties": { "u": "11413637605", "v": "11413637803", "key": 0, "highway": "footway", "name": null, "validation_status": "unobserved", "length_m": 5.6135136164895743, "최대경사_pct": 6.3390640318428852, "B등급": "주의", "기준선_근처": true, "계단": false, "급한전환": 0 }, "geometry": { "type": "LineString", "coordinates": [ [ 126.9501986, 37.4973297 ], [ 126.9501714, 37.497284 ] ] } },
{ "type": "Feature", "properties": { "u": "11413637605", "v": "2825738321", "key": 0, "highway": "residential", "name": null, "validation_status": "unobserved", "length_m": 22.933549894448781, "최대경사_pct": 8.6456415853060999, "B등급": "위험", "기준선_근처": true, "계단": false, "급한전환": 1 }, "geometry": { "type": "LineString", "coordinates": [ [ 126.9499962, 37.497403399999982 ], [ 126.9500064, 37.4973403 ], [ 126.9501714, 37.497284 ] ] } },
{ "type": "Feature", "properties": { "u": "11413637581", "v": "4621460690", "key": 0, "highway": "service", "name": "상도로", "validation_status": "unobserved", "length_m": 35.02590515787422, "최대경사_pct": 4.7724706476221002, "B등급": "양호", "기준선_근처": true, "계단": false, "급한전환": 0 }, "geometry": { "type": "LineString", "coordinates": [ [ 126.9524068, 37.4985821 ], [ 126.952082499999989, 37.4984009 ] ] } },
{ "type": "Feature", "properties": { "u": "11413637581", "v": "11413637916", "key": 0, "highway": "footway", "name": null, "validation_status": "validated", "length_m": 80.2510098832945, "최대경사_pct": 3.7546763404601919, "B등급": "양호", "기준선_근처": true, "계단": false, "급한전환": 0 }, "geometry": { "type": "LineString", "coordinates": [ [ 126.9525737, 37.4977929 ], [ 126.952082499999989, 37.4984009 ] ] } },
{ "type": "Feature", "properties": { "u": "11413637820", "v": "13597219422", "key": 0, "highway": "footway", "name": null, "validation_status": "validated", "length_m": 12.67031693669353, "최대경사_pct": 0.68322146232006276, "B등급": "양호", "기준선_근처": false, "계단": false, "급한전환": 0 }, "geometry": { "type": "LineString", "coordinates": [ [ 126.952351, 37.4976772 ], [ 126.952468, 37.4977431 ] ] } },
{ "type": "Feature", "properties": { "u": "11413637820", "v": "11413637916", "key": 0, "highway": "footway", "name": null, "validation_status": "validated", "length_m": 10.858776404527081, "최대경사_pct": 3.8682904121072901, "B등급": "양호", "기준선_근처": true, "계단": false, "급한전환": 0 }, "geometry": { "type": "LineString", "coordinates": [ [ 126.9525737, 37.4977929 ], [ 126.952468, 37.4977431 ] ] } },
{ "type": "Feature", "properties": { "u": "11413637820", "v": "2824550308", "key": 0, "highway": "primary", "name": "상도로", "validation_status": "unobserved", "length_m": 22.148747881866733, "최대경사_pct": 4.0610050654080725, "B등급": "양호", "기준선_근처": true, "계단": false, "급한전환": 0 }, "geometry": { "type": "LineString", "coordinates": [ [ 126.952608700000013, 37.497578 ], [ 126.952468, 37.4977431 ] ] } },
{ "type": "Feature", "properties": { "u": "2824550277", "v": "2824550283", "key": 0, "highway": "service", "name": "상도로52길", "validation_status": "unobserved", "length_m": 34.733230755269325, "최대경사_pct": 8.0217034908784992, "B등급": "주의", "기준선_근처": true, "계단": false, "급한전환": 0 }, "geometry": { "type": "LineString", "coordinates": [ [ 126.9515194, 37.4980944 ], [ 126.9512645, 37.4978563 ] ] } },
{ "type": "Feature", "properties": { "u": "2824550277", "v": "2824550281", "key": 0, "highway": "service", "name": "상도로50길", "validation_status": "unobserved", "length_m": 54.628309362921996, "최대경사_pct": 0.51192235605496939, "B등급": "양호", "기준선_근처": false, "계단": false, "급한전환": 0 }, "geometry": { "type": "LineString", "coordinates": [ [ 126.9509195, 37.4982646 ], [ 126.9512645, 37.4978563 ] ] } },
{ "type": "Feature", "properties": { "u": "2824550277", "v": "11413637831", "key": 0, "highway": "service", "name": "상도로52길", "validation_status": "unobserved", "length_m": 94.821994244029824, "최대경사_pct": 4.3045803065267876, "B등급": "양호", "기준선_근처": true, "계단": false, "급한전환": 0 }, "geometry": { "type": "LineString", "coordinates": [ [ 126.950698800000012, 37.4971364 ], [ 126.9509623, 37.4975582 ], [ 126.9512645, 37.4978563 ] ] } },
{ "type": "Feature", "properties": { "u": "2824550283", "v": "11413637666", "key": 0, "highway": "service", "name": "상도로52길", "validation_status": "validated", "length_m": 24.264981498273141, "최대경사_pct": 4.8295461247090898, "B등급": "양호", "기준선_근처": true, "계단": false, "급한전환": 0 }, "geometry": { "type": "LineString", "coordinates": [ [ 126.9517466, 37.498217 ], [ 126.9515194, 37.4980944 ] ] } },
{ "type": "Feature", "properties": { "u": "2824550283", "v": "11413637793", "key": 0, "highway": "residential", "name": "상도로62길", "validation_status": "unobserved", "length_m": 87.93928595812578, "최대경사_pct": 3.6039418409849007, "B등급": "양호", "기준선_근처": true, "계단": false, "급한전환": 0 }, "geometry": { "type": "LineString", "coordinates": [ [ 126.9520931, 37.4974472 ], [ 126.9515194, 37.4980944 ] ] } },
{ "type": "Feature", "properties": { "u": "2824550283", "v": "2824550282", "key": 0, "highway": "residential", "name": "상도로62길", "validation_status": "unobserved", "length_m": 58.275831137910608, "최대경사_pct": 2.2752381847581304, "B등급": "양호", "기준선_근처": true, "계단": false, "급한전환": 0 }, "geometry": { "type": "LineString", "coordinates": [ [ 126.9511412, 37.4985244 ], [ 126.9515194, 37.4980944 ] ] } },
{ "type": "Feature", "properties": { "u": "2824550281", "v": "2824550282", "key": 0, "highway": "residential", "name": "상도로50길", "validation_status": "unobserved", "length_m": 34.898775676761971, "최대경사_pct": 7.8471543567176614, "B등급": "주의", "기준선_근처": true, "계단": false, "급한전환": 0 }, "geometry": { "type": "LineString", "coordinates": [ [ 126.9511412, 37.4985244 ], [ 126.950949600000015, 37.4983085 ], [ 126.9509195, 37.4982646 ] ] } },
{ "type": "Feature", "properties": { "u": "11413637831", "v": "2824550279", "key": 0, "highway": "service", "name": "상도로52길", "validation_status": "validated", "length_m": 4.9245024956243517, "최대경사_pct": 14.698483842745999, "B등급": "위험", "기준선_근처": false, "계단": false, "급한전환": 0 }, "geometry": { "type": "LineString", "coordinates": [ [ 126.9506747, 37.4970964 ], [ 126.950698800000012, 37.4971364 ] ] } },
{ "type": "Feature", "properties": { "u": "11413637831", "v": "11413637609", "key": 0, "highway": "footway", "name": null, "validation_status": "unobserved", "length_m": 31.685764889376671, "최대경사_pct": 0.045933353306040203, "B등급": "양호", "기준선_근처": false, "계단": false, "급한전환": 0 }, "geometry": { "type": "LineString", "coordinates": [ [ 126.950377700000018, 37.4972631 ], [ 126.950698800000012, 37.4971364 ] ] } },
{ "type": "Feature", "properties": { "u": "11413637831", "v": "11413637888", "key": 0, "highway": "footway", "name": null, "validation_status": "validated", "length_m": 66.630808255890571, "최대경사_pct": 2.3365781581686136, "B등급": "양호", "기준선_근처": true, "계단": false, "급한전환": 0 }, "geometry": { "type": "LineString", "coordinates": [ [ 126.9514103, 37.4972203 ], [ 126.951092, 37.4971175 ], [ 126.95093559999998, 37.4970868 ], [ 126.950847, 37.4970876 ], [ 126.950698800000012, 37.4971364 ] ] } },
{ "type": "Feature", "properties": { "u": "2824550279", "v": "10589220802", "key": 0, "highway": "tertiary", "name": "상도로54길", "validation_status": "unobserved", "length_m": 60.045451804750442, "최대경사_pct": 1.4969168821656755, "B등급": "양호", "기준선_근처": true, "계단": false, "급한전환": 0 }, "geometry": { "type": "LineString", "coordinates": [ [ 126.951316899999981, 37.4971075 ], [ 126.9512323, 37.4970788 ], [ 126.951010100000019, 37.4970242 ], [ 126.950888100000014, 37.4970228 ], [ 126.9506747, 37.4970964 ] ] } },
{ "type": "Feature", "properties": { "u": "10589220802", "v": "11413637897", "key": 0, "highway": "tertiary", "name": "상도로54길", "validation_status": "unobserved", "length_m": 13.037221164792722, "최대경사_pct": 4.1302290419634007, "B등급": "양호", "기준선_근처": true, "계단": false, "급한전환": 0 }, "geometry": { "type": "LineString", "coordinates": [ [ 126.951453900000018, 37.4971509 ], [ 126.951316899999981, 37.4971075 ] ] } },
{ "type": "Feature", "properties": { "u": "10589220802", "v": "11413637585", "key": 0, "highway": "service", "name": null, "validation_status": "unobserved", "length_m": 8.8187714531294201, "최대경사_pct": 5.9752169216805129, "B등급": "주의", "기준선_근처": true, "계단": false, "급한전환": 0 }, "geometry": { "type": "LineString", "coordinates": [ [ 126.9513529, 37.4970334 ], [ 126.951316899999981, 37.4971075 ] ] } },
{ "type": "Feature", "properties": { "u": "2824550282", "v": "3337436846", "key": 0, "highway": "residential", "name": "상도로50길", "validation_status": "validated", "length_m": 16.78902365393332, "최대경사_pct": 2.75328572792804, "B등급": "양호", "기준선_근처": true, "계단": false, "급한전환": 0 }, "geometry": { "type": "LineString", "coordinates": [ [ 126.9512597, 37.4986419 ], [ 126.9512013, 37.4985941 ], [ 126.9511412, 37.4985244 ] ] } },
{ "type": "Feature", "properties": { "u": "3337436846", "v": "11413637596", "key": 0, "highway": "residential", "name": "상도로50길", "validation_status": "bridged", "length_m": 8.7590383472520728, "최대경사_pct": 1.9585381704036329, "B등급": "양호", "기준선_근처": true, "계단": false, "급한전환": 0 }, "geometry": { "type": "LineString", "coordinates": [ [ 126.9513266, 37.4987001 ], [ 126.9512597, 37.4986419 ] ] } },
{ "type": "Feature", "properties": { "u": "3337436846", "v": "13281452472", "key": 0, "highway": "service", "name": "상도로50길", "validation_status": "validated", "length_m": 87.550214073123286, "최대경사_pct": 4.3519955259295298, "B등급": "양호", "기준선_근처": true, "계단": false, "급한전환": 0 }, "geometry": { "type": "LineString", "coordinates": [ [ 126.950698, 37.4992915 ], [ 126.9512597, 37.4986419 ] ] } },
{ "type": "Feature", "properties": { "u": "11413637666", "v": "13597219421", "key": 0, "highway": "service", "name": "상도로52길", "validation_status": "unobserved", "length_m": 9.2656899175217831, "최대경사_pct": 2.4014774059778907, "B등급": "양호", "기준선_근처": true, "계단": false, "급한전환": 0 }, "geometry": { "type": "LineString", "coordinates": [ [ 126.95183320000001, 37.498264 ], [ 126.9517466, 37.498217 ] ] } },
{ "type": "Feature", "properties": { "u": "11413637666", "v": "11413637779", "key": 0, "highway": "footway", "name": null, "validation_status": "validated", "length_m": 79.768661108464741, "최대경사_pct": 3.2282398770107927, "B등급": "양호", "기준선_근처": true, "계단": false, "급한전환": 0 }, "geometry": { "type": "LineString", "coordinates": [ [ 126.9522703, 37.4976318 ], [ 126.9517466, 37.498217 ] ] } },
{ "type": "Feature", "properties": { "u": "11413637666", "v": "11413637596", "key": 0, "highway": "footway", "name": null, "validation_status": "validated", "length_m": 65.224317986103216, "최대경사_pct": 0.0, "B등급": "양호", "기준선_근처": false, "계단": false, "급한전환": 0 }, "geometry": { "type": "LineString", "coordinates": [ [ 126.9513266, 37.4987001 ], [ 126.9517466, 37.498217 ] ] } },
{ "type": "Feature", "properties": { "u": "11413637793", "v": "2824550284", "key": 0, "highway": "residential", "name": "상도로62길", "validation_status": "validated", "length_m": 11.667611646390339, "최대경사_pct": 2.4007262299607746, "B등급": "양호", "기준선_근처": true, "계단": false, "급한전환": 0 }, "geometry": { "type": "LineString", "coordinates": [ [ 126.9521721, 37.497363 ], [ 126.9520931, 37.4974472 ] ] } },
{ "type": "Feature", "properties": { "u": "11413637793", "v": "11413637888", "key": 0, "highway": "footway", "name": null, "validation_status": "validated", "length_m": 65.420266131499545, "최대경사_pct": 3.8471850842617137, "B등급": "양호", "기준선_근처": true, "계단": false, "급한전환": 0 }, "geometry": { "type": "LineString", "coordinates": [ [ 126.9514103, 37.4972203 ], [ 126.9520931, 37.4974472 ] ] } },
{ "type": "Feature", "properties": { "u": "11413637793", "v": "11413637879", "key": 0, "highway": "footway", "name": null, "validation_status": "validated", "length_m": 21.82177780641954, "최대경사_pct": 4.6055026324565418, "B등급": "양호", "기준선_근처": true, "계단": false, "급한전환": 0 }, "geometry": { "type": "LineString", "coordinates": [ [ 126.9522967, 37.4975583 ], [ 126.9520931, 37.4974472 ] ] } },
{ "type": "Feature", "properties": { "u": "2824550284", "v": "2824550285", "key": 0, "highway": "residential", "name": "상도로62길", "validation_status": "unobserved", "length_m": 11.470025960507515, "최대경사_pct": 1.8082430671380105, "B등급": "양호", "기준선_근처": true, "계단": false, "급한전환": 0 }, "geometry": { "type": "LineString", "coordinates": [ [ 126.952248700000013, 37.4972796 ], [ 126.9521721, 37.497363 ] ] } },
{ "type": "Feature", "properties": { "u": "2824550284", "v": "11413637833", "key": 0, "highway": "tertiary", "name": "상도로54길", "validation_status": "validated", "length_m": 20.702260287527903, "최대경사_pct": 3.3955640854338283, "B등급": "양호", "기준선_근처": true, "계단": false, "급한전환": 0 }, "geometry": { "type": "LineString", "coordinates": [ [ 126.9523735, 37.4974581 ], [ 126.9521721, 37.497363 ] ] } },
{ "type": "Feature", "properties": { "u": "2824550284", "v": "11413637897", "key": 0, "highway": "tertiary", "name": "상도로54길", "validation_status": "validated", "length_m": 67.731848580796338, "최대경사_pct": 4.147383264313846, "B등급": "양호", "기준선_근처": true, "계단": false, "급한전환": 0 }, "geometry": { "type": "LineString", "coordinates": [ [ 126.951453900000018, 37.4971509 ], [ 126.9521721, 37.497363 ] ] } },
{ "type": "Feature", "properties": { "u": "2824550285", "v": "11413637693", "key": 0, "highway": "footway", "name": null, "validation_status": "validated", "length_m": 70.089499593494921, "최대경사_pct": 4.7270392577085847, "B등급": "양호", "기준선_근처": true, "계단": false, "급한전환": 0 }, "geometry": { "type": "LineString", "coordinates": [ [ 126.9514982, 37.497076499999984 ], [ 126.952248700000013, 37.4972796 ] ] } },
{ "type": "Feature", "properties": { "u": "2824550285", "v": "11413637799", "key": 0, "highway": "footway", "name": null, "validation_status": "validated", "length_m": 21.060503137872448, "최대경사_pct": 3.0406790167216138, "B등급": "양호", "기준선_근처": true, "계단": false, "급한전환": 0 }, "geometry": { "type": "LineString", "coordinates": [ [ 126.952465300000014, 37.4973585 ], [ 126.952248700000013, 37.4972796 ] ] } },
{ "type": "Feature", "properties": { "u": "2824550285", "v": "2824550287", "key": 0, "highway": "residential", "name": "상도로62길", "validation_status": "validated", "length_m": 122.73052878574924, "최대경사_pct": 3.0060983328475768, "B등급": "양호", "기준선_근처": true, "계단": false, "급한전환": 0 }, "geometry": { "type": "LineString", "coordinates": [ [ 126.953025400000016, 37.4963632 ], [ 126.9524993, 37.4969907 ], [ 126.952248700000013, 37.4972796 ] ] } },
{ "type": "Feature", "properties": { "u": "2824550285", "v": "2825723258", "key": 0, "highway": "service", "name": "상도로54길", "validation_status": "validated", "length_m": 149.91838420890761, "최대경사_pct": 7.0357797902153383, "B등급": "주의", "기준선_근처": true, "계단": false, "급한전환": 1 }, "geometry": { "type": "LineString", "coordinates": [ [ 126.952693, 37.496087199999984 ], [ 126.9521116, 37.4967414 ], [ 126.952248700000013, 37.4972796 ] ] } },
{ "type": "Feature", "properties": { "u": "11413637833", "v": "13597219423", "key": 0, "highway": "tertiary", "name": "상도로54길", "validation_status": "unobserved", "length_m": 12.126391658310494, "최대경사_pct": 1.5493741369743219, "B등급": "양호", "기준선_근처": true, "계단": false, "급한전환": 0 }, "geometry": { "type": "LineString", "coordinates": [ [ 126.952489, 37.497517 ], [ 126.9523735, 37.4974581 ] ] } },
{ "type": "Feature", "properties": { "u": "11413637833", "v": "11413637799", "key": 0, "highway": "footway", "name": null, "validation_status": "unobserved", "length_m": 13.714786253118451, "최대경사_pct": 2.9172995257240566, "B등급": "양호", "기준선_근처": true, "계단": false, "급한전환": 0 }, "geometry": { "type": "LineString", "coordinates": [ [ 126.952465300000014, 37.4973585 ], [ 126.9523735, 37.4974581 ] ] } },
{ "type": "Feature", "properties": { "u": "11413637833", "v": "11413637879", "key": 0, "highway": "footway", "name": null, "validation_status": "unobserved", "length_m": 13.030585679215571, "최대경사_pct": 3.6871222814383606, "B등급": "양호", "기준선_근처": true, "계단": false, "급한전환": 0 }, "geometry": { "type": "LineString", "coordinates": [ [ 126.9522967, 37.4975583 ], [ 126.9523735, 37.4974581 ] ] } },
{ "type": "Feature", "properties": { "u": "11413637897", "v": "11413637693", "key": 0, "highway": "footway", "name": null, "validation_status": "bridged", "length_m": 9.1395415318330109, "최대경사_pct": 6.4416226806666659, "B등급": "주의", "기준선_근처": true, "계단": false, "급한전환": 0 }, "geometry": { "type": "LineString", "coordinates": [ [ 126.9514982, 37.497076499999984 ], [ 126.951453900000018, 37.4971509 ] ] } },
{ "type": "Feature", "properties": { "u": "11413637897", "v": "11413637888", "key": 0, "highway": "footway", "name": null, "validation_status": "validated", "length_m": 8.6135546150813411, "최대경사_pct": 6.3204417771699895, "B등급": "주의", "기준선_근처": true, "계단": false, "급한전환": 0 }, "geometry": { "type": "LineString", "coordinates": [ [ 126.9514103, 37.4972203 ], [ 126.951453900000018, 37.4971509 ] ] } },
{ "type": "Feature", "properties": { "u": "11413637693", "v": "11413637585", "key": 0, "highway": "footway", "name": null, "validation_status": "validated", "length_m": 13.71417032193982, "최대경사_pct": 3.7940878282467123, "B등급": "양호", "기준선_근처": true, "계단": false, "급한전환": 0 }, "geometry": { "type": "LineString", "coordinates": [ [ 126.9513529, 37.4970334 ], [ 126.951442500000013, 37.4970615 ], [ 126.9514982, 37.497076499999984 ] ] } },
{ "type": "Feature", "properties": { "u": "11413637799", "v": "11413637939", "key": 0, "highway": "footway", "name": null, "validation_status": "validated", "length_m": 6.4271612983175306, "최대경사_pct": 2.3332478563516545, "B등급": "양호", "기준선_근처": true, "계단": false, "급한전환": 0 }, "geometry": { "type": "LineString", "coordinates": [ [ 126.952512700000014, 37.497314599999989 ], [ 126.952465300000014, 37.4973585 ] ] } },
{ "type": "Feature", "properties": { "u": "2824550287", "v": "2824550288", "key": 0, "highway": "residential", "name": "상도로62길", "validation_status": "unobserved", "length_m": 50.741797236368974, "최대경사_pct": 4.5261395361142345, "B등급": "양호", "기준선_근처": true, "계단": false, "급한전환": 0 }, "geometry": { "type": "LineString", "coordinates": [ [ 126.953362799999979, 37.49599340000001 ], [ 126.953025400000016, 37.4963632 ] ] } },
{ "type": "Feature", "properties": { "u": "2824550287", "v": "11413637678", "key": 0, "highway": "service", "name": "상도로56길", "validation_status": "validated", "length_m": 21.368043566595151, "최대경사_pct": 0.7174120127426894, "B등급": "양호", "기준선_근처": false, "계단": false, "급한전환": 0 }, "geometry": { "type": "LineString", "coordinates": [ [ 126.9532272, 37.4964691 ], [ 126.953025400000016, 37.4963632 ] ] } },
{ "type": "Feature", "properties": { "u": "2824550287", "v": "2825723258", "key": 0, "highway": "service", "name": "상도로56길", "validation_status": "validated", "length_m": 42.454184780718315, "최대경사_pct": 5.5373028659421664, "B등급": "양호", "기준선_근처": true, "계단": false, "급한전환": 0 }, "geometry": { "type": "LineString", "coordinates": [ [ 126.952693, 37.496087199999984 ], [ 126.953025400000016, 37.4963632 ] ] } },
{ "type": "Feature", "properties": { "u": "2825723258", "v": "13296689135", "key": 0, "highway": "service", "name": "상도로56길", "validation_status": "validated", "length_m": 29.536949791971168, "최대경사_pct": 9.1610838453164209, "B등급": "위험", "기준선_근처": true, "계단": false, "급한전환": 0 }, "geometry": { "type": "LineString", "coordinates": [ [ 126.9524621, 37.4958949 ], [ 126.952693, 37.496087199999984 ] ] } },
{ "type": "Feature", "properties": { "u": "2825723258", "v": "2825723289", "key": 0, "highway": "service", "name": "상도로54길", "validation_status": "unobserved", "length_m": 47.740012093423601, "최대경사_pct": 6.3805648347063482, "B등급": "주의", "기준선_근처": true, "계단": false, "급한전환": 0 }, "geometry": { "type": "LineString", "coordinates": [ [ 126.9530232, 37.495746900000015 ], [ 126.952693, 37.496087199999984 ] ] } },
{ "type": "Feature", "properties": { "u": "2824550288", "v": "2824550292", "key": 0, "highway": "residential", "name": "상도로62길", "validation_status": "unobserved", "length_m": 100.01044043894348, "최대경사_pct": 5.9980304216301583, "B등급": "주의", "기준선_근처": true, "계단": false, "급한전환": 0 }, "geometry": { "type": "LineString", "coordinates": [ [ 126.9537205, 37.495165400000012 ], [ 126.953693099999981, 37.495269 ], [ 126.9536912, 37.495489 ], [ 126.95368160000001, 37.4955523 ], [ 126.953631200000018, 37.4956643 ], [ 126.953362799999979, 37.49599340000001 ] ] } },
{ "type": "Feature", "properties": { "u": "2824550288", "v": "2825723289", "key": 0, "highway": "residential", "name": "상도로58길", "validation_status": "validated", "length_m": 41.170026224165774, "최대경사_pct": 5.9151243503642803, "B등급": "주의", "기준선_근처": true, "계단": false, "급한전환": 0 }, "geometry": { "type": "LineString", "coordinates": [ [ 126.9530232, 37.495746900000015 ], [ 126.953291299999989, 37.495970300000018 ], [ 126.953328199999987, 37.4959859 ], [ 126.953362799999979, 37.49599340000001 ] ] } },
{ "type": "Feature", "properties": { "u": "2824550288", "v": "11413637556", "key": 0, "highway": "residential", "name": "상도로58길", "validation_status": "validated", "length_m": 21.429199206680394, "최대경사_pct": 2.2283363213403127, "B등급": "양호", "기준선_근처": true, "계단": false, "급한전환": 0 }, "geometry": { "type": "LineString", "coordinates": [ [ 126.953574500000016, 37.4960789 ], [ 126.9534322, 37.4960032 ], [ 126.9533979, 37.4959942 ], [ 126.953362799999979, 37.49599340000001 ] ] } },
{ "type": "Feature", "properties": { "u": "11413637678", "v": "2825723240", "key": 0, "highway": "service", "name": "상도로56길", "validation_status": "unobserved", "length_m": 11.210969353330693, "최대경사_pct": 3.8301898131559162, "B등급": "양호", "기준선_근처": true, "계단": false, "급한전환": 0 }, "geometry": { "type": "LineString", "coordinates": [ [ 126.9533337, 37.496523900000014 ], [ 126.9532272, 37.4964691 ] ] } },
{ "type": "Feature", "properties": { "u": "11413637678", "v": "11413637556", "key": 0, "highway": "footway", "name": null, "validation_status": "validated", "length_m": 53.091569798785152, "최대경사_pct": 3.1865871468731299, "B등급": "양호", "기준선_근처": true, "계단": false, "급한전환": 0 }, "geometry": { "type": "LineString", "coordinates": [ [ 126.953574500000016, 37.4960789 ], [ 126.9532272, 37.4964691 ] ] } },
{ "type": "Feature", "properties": { "u": "11413637678", "v": "11413637939", "key": 0, "highway": "footway", "name": null, "validation_status": "unobserved", "length_m": 113.28621186244112, "최대경사_pct": 3.6469200770234496, "B등급": "양호", "기준선_근처": true, "계단": false, "급한전환": 0 }, "geometry": { "type": "LineString", "coordinates": [ [ 126.952512700000014, 37.497314599999989 ], [ 126.952894, 37.4969117 ], [ 126.9532272, 37.4964691 ] ] } },
{ "type": "Feature", "properties": { "u": "2824550292", "v": "2825724226", "key": 0, "highway": "residential", "name": "상도로62길", "validation_status": "unobserved", "length_m": 63.291098788546734, "최대경사_pct": 5.6140029754405729, "B등급": "주의", "기준선_근처": true, "계단": false, "급한전환": 0 }, "geometry": { "type": "LineString", "coordinates": [ [ 126.9542662, 37.4948374 ], [ 126.954176, 37.4948525 ], [ 126.9540859, 37.4948745 ], [ 126.954000800000017, 37.4949101 ], [ 126.9539167, 37.4949578 ], [ 126.953844599999982, 37.4950123 ], [ 126.9537792, 37.495071900000013 ], [ 126.9537205, 37.495165400000012 ] ] } },
{ "type": "Feature", "properties": { "u": "2824550292", "v": "13314251104", "key": 0, "highway": "service", "name": "상도로62가길", "validation_status": "unobserved", "length_m": 47.988722507227116, "최대경사_pct": 16.666666666666664, "B등급": "위험", "기준선_근처": false, "계단": false, "급한전환": 0 }, "geometry": { "type": "LineString", "coordinates": [ [ 126.953469500000011, 37.4948128 ], [ 126.9534856, 37.4948601 ], [ 126.9535337, 37.494991 ], [ 126.9535807, 37.4950946 ], [ 126.953617300000019, 37.4951301 ], [ 126.953664599999982, 37.49515490000001 ], [ 126.9537205, 37.495165400000012 ] ] } },
{ "type": "Feature", "properties": { "u": "2825723289", "v": "2825723225", "key": 0, "highway": "residential", "name": "상도로58길", "validation_status": "validated", "length_m": 91.649699365893682, "최대경사_pct": 6.9837515427028345, "B등급": "주의", "기준선_근처": true, "계단": false, "급한전환": 0 }, "geometry": { "type": "LineString", "coordinates": [ [ 126.9522954, 37.495159 ], [ 126.9530232, 37.495746900000015 ] ] } },
{ "type": "Feature", "properties": { "u": "2825723289", "v": "13314251024", "key": 0, "highway": "service", "name": "상도로54길", "validation_status": "unobserved", "length_m": 56.06392602979993, "최대경사_pct": 11.801381628538838, "B등급": "위험", "기준선_근처": true, "계단": false, "급한전환": 0 }, "geometry": { "type": "LineString", "coordinates": [ [ 126.953340200000014, 37.4953457 ], [ 126.9533514, 37.49539750000001 ], [ 126.9533499, 37.4954551 ], [ 126.9533276, 37.4955014 ], [ 126.9532616, 37.495557199999986 ], [ 126.9532011, 37.4956011 ], [ 126.9531526, 37.4956359 ], [ 126.9530232, 37.495746900000015 ] ] } },
{ "type": "Feature", "properties": { "u": "11413637556", "v": "11413637566", "key": 0, "highway": "footway", "name": null, "validation_status": "validated", "length_m": 68.165338436364038, "최대경사_pct": 5.4017197395063503, "B등급": "양호", "기준선_근처": true, "계단": false, "급한전환": 0 }, "geometry": { "type": "LineString", "coordinates": [ [ 126.9540535, 37.4955977 ], [ 126.953574500000016, 37.4960789 ] ] } },
{ "type": "Feature", "properties": { "u": "11413637556", "v": "4620925483", "key": 0, "highway": "residential", "name": "상도로58길", "validation_status": "unobserved", "length_m": 10.5817906219688, "최대경사_pct": 0.67978676102941438, "B등급": "양호", "기준선_근처": false, "계단": false, "급한전환": 0 }, "geometry": { "type": "LineString", "coordinates": [ [ 126.953668400000012, 37.496138 ], [ 126.953574500000016, 37.4960789 ] ] } },
{ "type": "Feature", "properties": { "u": "2825724226", "v": "10611854840", "key": 0, "highway": "residential", "name": "상도로60길", "validation_status": "validated", "length_m": 44.510159355619315, "최대경사_pct": 9.727104965426534, "B등급": "위험", "기준선_근처": true, "계단": false, "급한전환": 0 }, "geometry": { "type": "LineString", "coordinates": [ [ 126.9542401, 37.4944369 ], [ 126.9542662, 37.4948374 ] ] } },
{ "type": "Feature", "properties": { "u": "2825724226", "v": "2825724222", "key": 0, "highway": "residential", "name": "상도로62길", "validation_status": "validated", "length_m": 36.88731704167941, "최대경사_pct": 1.049992315576797, "B등급": "양호", "기준선_근처": true, "계단": false, "급한전환": 0 }, "geometry": { "type": "LineString", "coordinates": [ [ 126.9546703, 37.4948868 ], [ 126.9545734, 37.4948506 ], [ 126.954460400000016, 37.4948313 ], [ 126.954344300000017, 37.4948316 ], [ 126.9542662, 37.4948374 ] ] } },
{ "type": "Feature", "properties": { "u": "2825724226", "v": "2825724223", "key": 0, "highway": "residential", "name": "상도로60길", "validation_status": "validated", "length_m": 48.823834341628995, "최대경사_pct": 8.0147375406751564, "B등급": "주의", "기준선_근처": true, "계단": false, "급한전환": 0 }, "geometry": { "type": "LineString", "coordinates": [ [ 126.9543472, 37.4952719 ], [ 126.9543246, 37.4952056 ], [ 126.9543097, 37.495113900000028 ], [ 126.9542727, 37.4949005 ], [ 126.9542662, 37.4948374 ] ] } },
{ "type": "Feature", "properties": { "u": "13314251104", "v": "2825726703", "key": 0, "highway": "service", "name": "상도로62가길", "validation_status": "unobserved", "length_m": 73.43043093849731, "최대경사_pct": 13.618332171270575, "B등급": "위험", "기준선_근처": false, "계단": false, "급한전환": 0 }, "geometry": { "type": "LineString", "coordinates": [ [ 126.953286700000021, 37.4941687 ], [ 126.953356, 37.4943446 ], [ 126.953419700000012, 37.4945563 ], [ 126.953469500000011, 37.4948128 ] ] } },
{ "type": "Feature", "properties": { "u": "13314251104", "v": "13314251106", "key": 0, "highway": [ "service", "steps" ], "name": null, "validation_status": "unobserved", "length_m": 20.770645649592716, "최대경사_pct": 7.5835615918273422, "B등급": "주의", "기준선_근처": true, "계단": true, "급한전환": 0 }, "geometry": { "type": "LineString", "coordinates": [ [ 126.9532437, 37.4948643 ], [ 126.9533103, 37.4948499 ], [ 126.953469500000011, 37.4948128 ] ] } },
{ "type": "Feature", "properties": { "u": "2824550298", "v": "2824550301", "key": 0, "highway": "residential", "name": "상도로61길", "validation_status": "unobserved", "length_m": 93.332603893212351, "최대경사_pct": 5.0547797255974132, "B등급": "양호", "기준선_근처": true, "계단": false, "급한전환": 0 }, "geometry": { "type": "LineString", "coordinates": [ [ 126.9564981, 37.4948701 ], [ 126.9561291, 37.4949757 ], [ 126.9556201, 37.4951498 ], [ 126.955512699999986, 37.495166500000011 ] ] } },
{ "type": "Feature", "properties": { "u": "2824550298", "v": "14074780680", "key": 0, "highway": "residential", "name": "상도로61길", "validation_status": "unobserved", "length_m": 65.138048617857891, "최대경사_pct": 5.3039626828509849, "B등급": "양호", "기준선_근처": true, "계단": false, "급한전환": 0 }, "geometry": { "type": "LineString", "coordinates": [ [ 126.9548506, 37.4949789 ], [ 126.9550021, 37.4950544 ], [ 126.9552698, 37.495185 ], [ 126.955512699999986, 37.495166500000011 ] ] } },
{ "type": "Feature", "properties": { "u": "2824550298", "v": "4666594482", "key": 0, "highway": "service", "name": null, "validation_status": "validated", "length_m": 34.77807329829254, "최대경사_pct": 8.3333333333333321, "B등급": "주의", "기준선_근처": true, "계단": false, "급한전환": 0 }, "geometry": { "type": "LineString", "coordinates": [ [ 126.955593300000018, 37.4954732 ], [ 126.9555707, 37.4953851 ], [ 126.955512699999986, 37.495166500000011 ] ] } },
{ "type": "Feature", "properties": { "u": "2824550301", "v": "4620932579", "key": 0, "highway": "service", "name": null, "validation_status": "validated", "length_m": 29.785547011755391, "최대경사_pct": 7.3762330026519853, "B등급": "주의", "기준선_근처": true, "계단": false, "급한전환": 0 }, "geometry": { "type": "LineString", "coordinates": [ [ 126.9564516, 37.4946043 ], [ 126.9564981, 37.4948701 ] ] } },
{ "type": "Feature", "properties": { "u": "2824550301", "v": "2824550303", "key": 0, "highway": "residential", "name": "상도로61길", "validation_status": "validated", "length_m": 104.85541162283054, "최대경사_pct": 6.4513538981162482, "B등급": "주의", "기준선_근처": true, "계단": false, "급한전환": 0 }, "geometry": { "type": "LineString", "coordinates": [ [ 126.9576633, 37.4946951 ], [ 126.9571472, 37.4947738 ], [ 126.9564981, 37.4948701 ] ] } },
{ "type": "Feature", "properties": { "u": "2824550301", "v": "2890319200", "key": 0, "highway": "service", "name": null, "validation_status": "validated", "length_m": 51.485803922334178, "최대경사_pct": 0.88245733037628804, "B등급": "양호", "기준선_근처": false, "계단": false, "급한전환": 0 }, "geometry": { "type": "LineString", "coordinates": [ [ 126.9566252, 37.4953228 ], [ 126.956602, 37.4952379 ], [ 126.9564981, 37.4948701 ] ] } },
{ "type": "Feature", "properties": { "u": "14074780680", "v": "14074780687", "key": 0, "highway": "primary", "name": "상도로", "validation_status": "unobserved", "length_m": 85.052778093076867, "최대경사_pct": 8.0796729187508021, "B등급": "주의", "기준선_근처": true, "계단": false, "급한전환": 0 }, "geometry": { "type": "LineString", "coordinates": [ [ 126.9554082, 37.494354499999979 ], [ 126.955144, 37.4946493 ], [ 126.9548506, 37.4949789 ] ] } },
{ "type": "Feature", "properties": { "u": "4666594482", "v": "12800872798", "key": 0, "highway": "primary", "name": "사당로", "validation_status": "unobserved", "length_m": 18.663701284121714, "최대경사_pct": 2.6109700055143277, "B등급": "양호", "기준선_근처": true, "계단": false, "급한전환": 0 }, "geometry": { "type": "LineString", "coordinates": [ [ 126.9553857, 37.495503500000012 ], [ 126.955593300000018, 37.4954732 ] ] } },
{ "type": "Feature", "properties": { "u": "4666594482", "v": "2890319200", "key": 0, "highway": "primary", "name": "사당로", "validation_status": "validated", "length_m": 92.766020036665154, "최대경사_pct": 8.3779180168806118, "B등급": "위험", "기준선_근처": true, "계단": false, "급한전환": 0 }, "geometry": { "type": "LineString", "coordinates": [ [ 126.9566252, 37.4953228 ], [ 126.9564036, 37.49535510000004 ], [ 126.955593300000018, 37.4954732 ] ] } },
{ "type": "Feature", "properties": { "u": "4620932579", "v": "4620932580", "key": 0, "highway": "service", "name": "상도로63길", "validation_status": "unobserved", "length_m": 42.862368493543677, "최대경사_pct": 3.9349230652056617, "B등급": "양호", "기준선_근처": true, "계단": false, "급한전환": 0 }, "geometry": { "type": "LineString", "coordinates": [ [ 126.956933699999979, 37.4945644 ], [ 126.9564516, 37.4946043 ] ] } },
{ "type": "Feature", "properties": { "u": "4620932579", "v": "14074780687", "key": 0, "highway": "service", "name": "상도로63길", "validation_status": "validated", "length_m": 101.7899258041801, "최대경사_pct": 3.1623105937291243, "B등급": "양호", "기준선_근처": true, "계단": false, "급한전환": 0 }, "geometry": { "type": "LineString", "coordinates": [ [ 126.9554082, 37.494354499999979 ], [ 126.955524, 37.4944269 ], [ 126.955580400000017, 37.4944617 ], [ 126.955768699999979, 37.4945877 ], [ 126.955883400000019, 37.494611 ], [ 126.95608350000002, 37.4946087 ], [ 126.9564516, 37.4946043 ] ] } },
{ "type": "Feature", "properties": { "u": "4620932579", "v": "12864837514", "key": 0, "highway": "service", "name": null, "validation_status": "validated", "length_m": 22.329386583920193, "최대경사_pct": 10.730446864420387, "B등급": "위험", "기준선_근처": true, "계단": false, "급한전환": 0 }, "geometry": { "type": "LineString", "coordinates": [ [ 126.956418, 37.4944049 ], [ 126.9564474, 37.4945799 ], [ 126.9564516, 37.4946043 ] ] } },
{ "type": "Feature", "properties": { "u": "2824550303", "v": "2886858471", "key": 0, "highway": "residential", "name": "상도로61길", "validation_status": "unobserved", "length_m": 102.42367697585475, "최대경사_pct": 9.8246336023086869, "B등급": "위험", "기준선_근처": true, "계단": false, "급한전환": 0 }, "geometry": { "type": "LineString", "coordinates": [ [ 126.958800699999983, 37.4945209 ], [ 126.9576633, 37.4946951 ] ] } },
{ "type": "Feature", "properties": { "u": "2824550303", "v": "4620932587", "key": 0, "highway": "service", "name": "상도로61가길", "validation_status": "validated", "length_m": 52.046804103223053, "최대경사_pct": 0.53943934176160724, "B등급": "양호", "기준선_근처": false, "계단": false, "급한전환": 0 }, "geometry": { "type": "LineString", "coordinates": [ [ 126.9577914, 37.4951528 ], [ 126.9577713, 37.4950837 ], [ 126.9576633, 37.4946951 ] ] } },
{ "type": "Feature", "properties": { "u": "2824550303", "v": "4620932585", "key": 0, "highway": "service", "name": "상도로61가길", "validation_status": "validated", "length_m": 68.912201111360361, "최대경사_pct": 7.5288790593058401, "B등급": "주의", "기준선_근처": true, "계단": false, "급한전환": 1 }, "geometry": { "type": "LineString", "coordinates": [ [ 126.9582104, 37.494452 ], [ 126.957625, 37.4945552 ], [ 126.9576633, 37.4946951 ] ] } },
{ "type": "Feature", "properties": { "u": "2890319200", "v": "13149390530", "key": 0, "highway": "service", "name": null, "validation_status": "unobserved", "length_m": 10.990643212937368, "최대경사_pct": 4.4103790158308929, "B등급": "양호", "기준선_근처": true, "계단": false, "급한전환": 0 }, "geometry": { "type": "LineString", "coordinates": [ [ 126.9566841, 37.49541 ], [ 126.9566252, 37.4953228 ] ] } },
{ "type": "Feature", "properties": { "u": "2890319200", "v": "4620932587", "key": 0, "highway": "primary", "name": "사당로", "validation_status": "validated", "length_m": 104.84008637966332, "최대경사_pct": 6.6094721551928677, "B등급": "주의", "기준선_근처": true, "계단": false, "급한전환": 0 }, "geometry": { "type": "LineString", "coordinates": [ [ 126.9577914, 37.4951528 ], [ 126.9568836, 37.495285100000011 ], [ 126.9566252, 37.4953228 ] ] } },
{ "type": "Feature", "properties": { "u": "2886858471", "v": "13322228149", "key": 0, "highway": "residential", "name": null, "validation_status": "unobserved", "length_m": 26.843999913368854, "최대경사_pct": 4.8108655766027884, "B등급": "양호", "기준선_근처": true, "계단": false, "급한전환": 0 }, "geometry": { "type": "LineString", "coordinates": [ [ 126.9588637, 37.4947575 ], [ 126.958800699999983, 37.4945209 ] ] } },
{ "type": "Feature", "properties": { "u": "2886858471", "v": "13322228115", "key": 0, "highway": "residential", "name": "상도로61길", "validation_status": "unobserved", "length_m": 42.285935170869735, "최대경사_pct": 3.4051581186804709, "B등급": "양호", "기준선_근처": true, "계단": false, "급한전환": 0 }, "geometry": { "type": "LineString", "coordinates": [ [ 126.9592721, 37.4944575 ], [ 126.959158500000015, 37.4944693 ], [ 126.958800699999983, 37.4945209 ] ] } },
{ "type": "Feature", "properties": { "u": "4620932587", "v": "2890319302", "key": 0, "highway": "primary", "name": "사당로", "validation_status": "validated", "length_m": 101.91611588677429, "최대경사_pct": 7.2950738067561707, "B등급": "주의", "기준선_근처": true, "계단": false, "급한전환": 0 }, "geometry": { "type": "LineString", "coordinates": [ [ 126.95892520000001, 37.4949881 ], [ 126.9585846, 37.4950372 ], [ 126.9577914, 37.4951528 ] ] } },
{ "type": "Feature", "properties": { "u": "2824550308", "v": "11413637731", "key": 0, "highway": "tertiary", "name": "상도로53길", "validation_status": "validated", "length_m": 17.599748803394256, "최대경사_pct": 3.1640277124799825, "B등급": "양호", "기준선_근처": true, "계단": false, "급한전환": 0 }, "geometry": { "type": "LineString", "coordinates": [ [ 126.9527768, 37.4976629 ], [ 126.952608700000013, 37.497578 ] ] } },
{ "type": "Feature", "properties": { "u": "2824550308", "v": "13597219423", "key": 0, "highway": "tertiary", "name": "상도로54길", "validation_status": "unobserved", "length_m": 12.564842823111281, "최대경사_pct": 0.61092028095431528, "B등급": "양호", "기준선_근처": false, "계단": false, "급한전환": 0 }, "geometry": { "type": "LineString", "coordinates": [ [ 126.952489, 37.497517 ], [ 126.952608700000013, 37.497578 ] ] } },
{ "type": "Feature", "properties": { "u": "2824550308", "v": "13528976150", "key": 0, "highway": "primary", "name": "상도로", "validation_status": "unobserved", "length_m": 19.366037076450013, "최대경사_pct": 3.7498549554795111, "B등급": "양호", "기준선_근처": true, "계단": false, "급한전환": 0 }, "geometry": { "type": "LineString", "coordinates": [ [ 126.952733800000019, 37.497434800000015 ], [ 126.952641, 37.4975392 ], [ 126.952608700000013, 37.497578 ] ] } },
{ "type": "Feature", "properties": { "u": "11413637731", "v": "2825706563", "key": 0, "highway": "tertiary", "name": "상도로53길", "validation_status": "unobserved", "length_m": 31.437568759609356, "최대경사_pct": 6.7362262321771977, "B등급": "주의", "기준선_근처": true, "계단": false, "급한전환": 0 }, "geometry": { "type": "LineString", "coordinates": [ [ 126.9530751, 37.497817 ], [ 126.9527768, 37.4976629 ] ] } },
{ "type": "Feature", "properties": { "u": "11413637731", "v": "11413637673", "key": 0, "highway": "footway", "name": null, "validation_status": "validated", "length_m": 11.887497311914759, "최대경사_pct": 2.5201305166812915, "B등급": "양호", "기준선_근처": true, "계단": false, "급한전환": 0 }, "geometry": { "type": "LineString", "coordinates": [ [ 126.952858099999986, 37.4975776 ], [ 126.9527768, 37.4976629 ] ] } },
{ "type": "Feature", "properties": { "u": "11413637731", "v": "11413637561", "key": 0, "highway": "footway", "name": null, "validation_status": "validated", "length_m": 15.577305189863232, "최대경사_pct": 3.1337804552707147, "B등급": "양호", "기준선_근처": true, "계단": false, "급한전환": 0 }, "geometry": { "type": "LineString", "coordinates": [ [ 126.9526751, 37.4977775 ], [ 126.9527768, 37.4976629 ] ] } },
{ "type": "Feature", "properties": { "u": "13597219423", "v": "11413637615", "key": 0, "highway": "primary", "name": "상도로", "validation_status": "unobserved", "length_m": 19.60364089950988, "최대경사_pct": 3.9395437484786555, "B등급": "양호", "기준선_근처": true, "계단": false, "급한전환": 0 }, "geometry": { "type": "LineString", "coordinates": [ [ 126.95261, 37.497369 ], [ 126.952489, 37.497517 ] ] } },
{ "type": "Feature", "properties": { "u": "13597219423", "v": "13597219422", "key": 0, "highway": "primary", "name": "상도로", "validation_status": "unobserved", "length_m": 21.565026977922763, "최대경사_pct": 3.99650005705278, "B등급": "양호", "기준선_근처": true, "계단": false, "급한전환": 0 }, "geometry": { "type": "LineString", "coordinates": [ [ 126.952351, 37.4976772 ], [ 126.952390900000012, 37.4976312 ], [ 126.952489, 37.497517 ] ] } },
{ "type": "Feature", "properties": { "u": "13528976150", "v": "11413637615", "key": 0, "highway": "footway", "name": null, "validation_status": "validated", "length_m": 13.159776148481857, "최대경사_pct": 0.44805992010290413, "B등급": "양호", "기준선_근처": false, "계단": false, "급한전환": 0 }, "geometry": { "type": "LineString", "coordinates": [ [ 126.95261, 37.497369 ], [ 126.952733800000019, 37.497434800000015 ] ] } },
{ "type": "Feature", "properties": { "u": "13528976150", "v": "11413637762", "key": 0, "highway": "footway", "name": null, "validation_status": "validated", "length_m": 13.368486038973757, "최대경사_pct": 3.9451412884809396, "B등급": "양호", "기준선_근처": true, "계단": false, "급한전환": 0 }, "geometry": { "type": "LineString", "coordinates": [ [ 126.952859600000011, 37.4975016 ], [ 126.952733800000019, 37.497434800000015 ] ] } },
{ "type": "Feature", "properties": { "u": "13528976150", "v": "2825711406", "key": 0, "highway": "primary", "name": "상도로", "validation_status": "validated", "length_m": 39.406062494480302, "최대경사_pct": 5.7223272985237967, "B등급": "주의", "기준선_근처": true, "계단": false, "급한전환": 0 }, "geometry": { "type": "LineString", "coordinates": [ [ 126.952976800000016, 37.4971372 ], [ 126.9528539, 37.4972847 ], [ 126.952733800000019, 37.497434800000015 ] ] } },
{ "type": "Feature", "properties": { "u": "2824550315", "v": "4621460692", "key": 0, "highway": "tertiary", "name": "상도로53길", "validation_status": "validated", "length_m": 129.31471518316661, "최대경사_pct": 9.1028502709367416, "B등급": "위험", "기준선_근처": true, "계단": false, "급한전환": 0 }, "geometry": { "type": "LineString", "coordinates": [ [ 126.9530801, 37.4985726 ], [ 126.9530528, 37.498614 ], [ 126.9530109, 37.498749099999976 ], [ 126.9530339, 37.4988981 ], [ 126.9531324, 37.4990472 ], [ 126.9535245, 37.4994514 ], [ 126.953619500000016, 37.4995806 ] ] } },
{ "type": "Feature", "properties": { "u": "2824550315", "v": "4621466918", "key": 0, "highway": "tertiary", "name": "상도로53길", "validation_status": "validated", "length_m": 95.350518351209701, "최대경사_pct": 6.8529998928647435, "B등급": "주의", "기준선_근처": true, "계단": false, "급한전환": 0 }, "geometry": { "type": "LineString", "coordinates": [ [ 126.9537611, 37.5004244 ], [ 126.9537816, 37.50017170000001 ], [ 126.953672800000021, 37.4997122 ], [ 126.953619500000016, 37.4995806 ] ] } },
{ "type": "Feature", "properties": { "u": "2824550315", "v": "6963036771", "key": 0, "highway": "service", "name": "상도로47나길", "validation_status": "validated", "length_m": 47.078016692361956, "최대경사_pct": 14.635398677080195, "B등급": "위험", "기준선_근처": false, "계단": false, "급한전환": 0 }, "geometry": { "type": "LineString", "coordinates": [ [ 126.953104700000011, 37.499685 ], [ 126.9531552, 37.4996803 ], [ 126.953398400000012, 37.499638700000013 ], [ 126.953619500000016, 37.4995806 ] ] } },
{ "type": "Feature", "properties": { "u": "4621460692", "v": "11413637707", "key": 0, "highway": "service", "name": "상도로37길", "validation_status": "unobserved", "length_m": 8.6353315368653423, "최대경사_pct": 23.530240011263277, "B등급": "위험", "기준선_근처": false, "계단": false, "급한전환": 0 }, "geometry": { "type": "LineString", "coordinates": [ [ 126.9529829, 37.4985801 ], [ 126.9530801, 37.4985726 ] ] } },
{ "type": "Feature", "properties": { "u": "4621460692", "v": "2825706556", "key": 0, "highway": "tertiary", "name": "상도로53길", "validation_status": "validated", "length_m": 38.541165640515388, "최대경사_pct": 0.51626761721777825, "B등급": "양호", "기준선_근처": false, "계단": false, "급한전환": 0 }, "geometry": { "type": "LineString", "coordinates": [ [ 126.9533159, 37.4982813 ], [ 126.9531438, 37.498476 ], [ 126.9530801, 37.4985726 ] ] } },
{ "type": "Feature", "properties": { "u": "4621466918", "v": "2825731322", "key": 0, "highway": "tertiary", "name": "상도로53길", "validation_status": "validated", "length_m": 82.312881112251702, "최대경사_pct": 5.5127442942020144, "B등급": "양호", "기준선_근처": true, "계단": false, "급한전환": 0 }, "geometry": { "type": "LineString", "coordinates": [ [ 126.953631800000011, 37.5011578 ], [ 126.9537153, 37.5008251 ], [ 126.9537611, 37.5004244 ] ] } },
{ "type": "Feature", "properties": { "u": "4621466918", "v": "2825731332", "key": 0, "highway": "service", "name": "상도로53길", "validation_status": "validated", "length_m": 51.959607500234469, "최대경사_pct": 18.933397265534282, "B등급": "위험", "기준선_근처": false, "계단": false, "급한전환": 0 }, "geometry": { "type": "LineString", "coordinates": [ [ 126.953176, 37.5003816 ], [ 126.9533161, 37.5003892 ], [ 126.9537611, 37.5004244 ] ] } },
{ "type": "Feature", "properties": { "u": "6963036771", "v": "2825733606", "key": 0, "highway": "service", "name": "상도로47나길", "validation_status": "unobserved", "length_m": 42.981829492683545, "최대경사_pct": 9.6052879519699275, "B등급": "위험", "기준선_근처": true, "계단": false, "급한전환": 0 }, "geometry": { "type": "LineString", "coordinates": [ [ 126.952623700000018, 37.4996943 ], [ 126.952704499999982, 37.4997122 ], [ 126.9528096, 37.4997125 ], [ 126.953104700000011, 37.499685 ] ] } },
{ "type": "Feature", "properties": { "u": "6963036771", "v": "6963036773", "key": 0, "highway": "service", "name": "상도로47나길", "validation_status": "validated", "length_m": 57.110665637654108, "최대경사_pct": 6.7361356140700694, "B등급": "주의", "기준선_근처": true, "계단": false, "급한전환": 0 }, "geometry": { "type": "LineString", "coordinates": [ [ 126.9532392, 37.5001859 ], [ 126.953169499999987, 37.5000348 ], [ 126.953104700000011, 37.499685 ] ] } },
{ "type": "Feature", "properties": { "u": "2824550318", "v": "2825731322", "key": 0, "highway": "tertiary", "name": "상도로53길", "validation_status": "bridged", "length_m": 3.4402819778235827, "최대경사_pct": 0.89311226028835711, "B등급": "양호", "기준선_근처": true, "계단": false, "급한전환": 0 }, "geometry": { "type": "LineString", "coordinates": [ [ 126.953631800000011, 37.5011578 ], [ 126.9536242, 37.5011882 ] ] } },
{ "type": "Feature", "properties": { "u": "2824550318", "v": "4621475837", "key": 0, "highway": "tertiary", "name": "상도로53길", "validation_status": "validated", "length_m": 56.456149050135672, "최대경사_pct": 3.5973798547664395, "B등급": "양호", "기준선_근처": true, "계단": false, "급한전환": 0 }, "geometry": { "type": "LineString", "coordinates": [ [ 126.9535939, 37.5016963 ], [ 126.9536242, 37.5011882 ] ] } },
{ "type": "Feature", "properties": { "u": "2824550318", "v": "3713180481", "key": 0, "highway": "service", "name": null, "validation_status": "validated", "length_m": 504.88653423083616, "최대경사_pct": 11.3991285176033, "B등급": "위험", "기준선_근처": true, "계단": false, "급한전환": 0 }, "geometry": { "type": "LineString", "coordinates": [ [ 126.953354300000015, 37.4981112 ], [ 126.9535105, 37.4980853 ], [ 126.953561600000015, 37.498076800000014 ], [ 126.953736, 37.4980725 ], [ 126.953872799999985, 37.4981364 ], [ 126.954141, 37.4984173 ], [ 126.9543636, 37.498717300000024 ], [ 126.9546077, 37.4990812 ], [ 126.954744500000018, 37.4994749 ], [ 126.954825, 37.4998238 ], [ 126.9548759, 37.5001835 ], [ 126.9546992, 37.5011652 ], [ 126.9546026, 37.501233300000017 ], [ 126.9537658, 37.50120350000001 ], [ 126.9536242, 37.5011882 ] ] } },
{ "type": "Feature", "properties": { "u": "2825731322", "v": "2825731302", "key": 0, "highway": "service", "name": "상도로53길", "validation_status": "validated", "length_m": 61.948244679833934, "최대경사_pct": 10.360504478125474, "B등급": "위험", "기준선_근처": true, "계단": false, "급한전환": 0 }, "geometry": { "type": "LineString", "coordinates": [ [ 126.953014700000011, 37.5008952 ], [ 126.953388499999988, 37.5010379 ], [ 126.953631800000011, 37.5011578 ] ] } },
{ "type": "Feature", "properties": { "u": "4621475837", "v": "2825701322", "key": 0, "highway": "service", "name": "상도로53길", "validation_status": "validated", "length_m": 41.141937562918514, "최대경사_pct": 15.88503640728656, "B등급": "위험", "기준선_근처": false, "계단": false, "급한전환": 0 }, "geometry": { "type": "LineString", "coordinates": [ [ 126.9531303, 37.5016648 ], [ 126.9535939, 37.5016963 ] ] } },
{ "type": "Feature", "properties": { "u": "4621475837", "v": "2824550321", "key": 0, "highway": "tertiary", "name": "상도로53길", "validation_status": "validated", "length_m": 107.34619078492247, "최대경사_pct": 0.43428131479312176, "B등급": "양호", "기준선_근처": false, "계단": false, "급한전환": 0 }, "geometry": { "type": "LineString", "coordinates": [ [ 126.953687300000013, 37.5026164 ], [ 126.95356910000001, 37.5025166 ], [ 126.9535134, 37.5023655 ], [ 126.9535303, 37.5021371 ], [ 126.9535939, 37.5016963 ] ] } },
{ "type": "Feature", "properties": { "u": "3713180481", "v": "2825711099", "key": 0, "highway": "tertiary", "name": "상도로53길", "validation_status": "bridged", "length_m": 7.5750519064724076, "최대경사_pct": 10.649713955563318, "B등급": "위험", "기준선_근처": true, "계단": false, "급한전환": 0 }, "geometry": { "type": "LineString", "coordinates": [ [ 126.953333, 37.498046 ], [ 126.953347099999988, 37.4980683 ], [ 126.953354300000015, 37.4981112 ] ] } },
{ "type": "Feature", "properties": { "u": "3713180481", "v": "2825706556", "key": 0, "highway": "tertiary", "name": "상도로53길", "validation_status": "unobserved", "length_m": 19.625768546362043, "최대경사_pct": 7.3149642143015825, "B등급": "주의", "기준선_근처": true, "계단": false, "급한전환": 0 }, "geometry": { "type": "LineString", "coordinates": [ [ 126.9533159, 37.4982813 ], [ 126.953342600000013, 37.4982302 ], [ 126.9533632, 37.498164 ], [ 126.953354300000015, 37.4981112 ] ] } },
{ "type": "Feature", "properties": { "u": "2824550321", "v": "8761605951", "key": 0, "highway": "tertiary", "name": "상도로53길", "validation_status": "unobserved", "length_m": 143.97940423756012, "최대경사_pct": 6.8245010718209693, "B등급": "주의", "기준선_근처": true, "계단": false, "급한전환": 0 }, "geometry": { "type": "LineString", "coordinates": [ [ 126.9545391, 37.503581400000016 ], [ 126.9545709, 37.5035195 ], [ 126.9545938, 37.5034124 ], [ 126.9545899, 37.5033209 ], [ 126.9545455, 37.503216600000023 ], [ 126.9544751, 37.503129799999989 ], [ 126.954383, 37.5030292 ], [ 126.9542767, 37.5029479 ], [ 126.953687300000013, 37.5026164 ] ] } },
{ "type": "Feature", "properties": { "u": "2824550321", "v": "2825701309", "key": 0, "highway": "service", "name": null, "validation_status": "unobserved", "length_m": 96.380108281621062, "최대경사_pct": 3.4573375117945844, "B등급": "양호", "기준선_근처": true, "계단": false, "급한전환": 4 }, "geometry": { "type": "LineString", "coordinates": [ [ 126.953515, 37.5033661 ], [ 126.953537900000015, 37.5033209 ], [ 126.953540600000011, 37.5032564 ], [ 126.9534664, 37.5032472 ], [ 126.953497700000014, 37.5030301 ], [ 126.9535361, 37.5028854 ], [ 126.9535504, 37.5028322 ], [ 126.9535504, 37.5027443 ], [ 126.953639800000019, 37.5027216 ], [ 126.953687300000013, 37.5026164 ] ] } },
{ "type": "Feature", "properties": { "u": "8761605951", "v": "2829147711", "key": 0, "highway": "tertiary", "name": "상도로53길", "validation_status": "unobserved", "length_m": 82.325184496619443, "최대경사_pct": 5.6159482820876097, "B등급": "주의", "기준선_근처": true, "계단": false, "급한전환": 0 }, "geometry": { "type": "LineString", "coordinates": [ [ 126.9538375, 37.5040525 ], [ 126.9543815, 37.503753699999983 ], [ 126.9544241, 37.5037234 ], [ 126.9544799, 37.5036685 ], [ 126.9545126, 37.5036262 ], [ 126.9545391, 37.503581400000016 ] ] } },
{ "type": "Feature", "properties": { "u": "8761605951", "v": "8761605888", "key": 0, "highway": [ "path", "steps" ], "name": "동작충효길", "validation_status": "unobserved", "length_m": 695.83273764708747, "최대경사_pct": 14.661112059508778, "B등급": "위험", "기준선_근처": false, "계단": true, "급한전환": 4 }, "geometry": { "type": "LineString", "coordinates": [ [ 126.957803900000016, 37.4988191 ], [ 126.957782300000019, 37.4988465 ], [ 126.9577548, 37.4988526 ], [ 126.95771160000001, 37.4988623 ], [ 126.957676100000015, 37.4988716 ], [ 126.9576305, 37.4988807 ], [ 126.957499, 37.499003 ], [ 126.957331400000015, 37.4991828 ], [ 126.9571047, 37.4992785 ], [ 126.957069899999979, 37.49930410000001 ], [ 126.9570109, 37.4993339 ], [ 126.9569948, 37.49937 ], [ 126.956815099999986, 37.499436 ], [ 126.9567594, 37.4994733 ], [ 126.956694400000018, 37.4995424 ], [ 126.9566488, 37.4996616 ], [ 126.9565576, 37.4998658 ], [ 126.9564797, 37.5001244 ], [ 126.956465899999984, 37.500253900000018 ], [ 126.9564416, 37.5004599 ], [ 126.956455099999985, 37.500537500000014 ], [ 126.956441200000015, 37.500586399999989 ], [ 126.9564227, 37.5006169 ], [ 126.956388799999985, 37.5006609 ], [ 126.956282500000015, 37.5007673 ], [ 126.9562486, 37.5008137 ], [ 126.9562394, 37.500846700000011 ], [ 126.956234800000018, 37.5009164 ], [ 126.956200900000013, 37.5010337 ], [ 126.95615, 37.5011107 ], [ 126.9560899, 37.5011903 ], [ 126.9560283, 37.5012477 ], [ 126.955928200000017, 37.501338200000021 ], [ 126.955826500000015, 37.5014543 ], [ 126.9556463, 37.50165470000001 ], [ 126.955570800000018, 37.5017134 ], [ 126.955529199999987, 37.5017439 ], [ 126.9555015, 37.501769600000024 ], [ 126.955479900000014, 37.5017965 ], [ 126.9554198, 37.5018808 ], [ 126.955381299999985, 37.5019505 ], [ 126.955312599999985, 37.5020898 ], [ 126.9552599, 37.5023561 ], [ 126.9552424, 37.5024474 ], [ 126.955244100000016, 37.5025309 ], [ 126.9552505, 37.502681100000011 ], [ 126.9552588, 37.502837799999988 ], [ 126.9552581, 37.5029221 ], [ 126.9551949, 37.5031836 ], [ 126.9550994, 37.5034342 ], [ 126.955064, 37.503571 ], [ 126.9550609, 37.5036334 ], [ 126.9550301, 37.5036725 ], [ 126.955013, 37.5036997 ], [ 126.955004799999983, 37.5037127 ], [ 126.954996, 37.5037268 ], [ 126.954906600000015, 37.503747499999989 ], [ 126.9547922, 37.503777 ], [ 126.954726699999981, 37.5037804 ], [ 126.954674600000018, 37.5037725 ], [ 126.954596, 37.503750700000019 ], [ 126.954636, 37.5037302 ], [ 126.95463789999998, 37.5037138 ], [ 126.954633300000012, 37.503687 ], [ 126.95459630000002, 37.503589200000015 ], [ 126.9545391, 37.503581400000016 ] ] } },
{ "type": "Feature", "properties": { "u": "2825701309", "v": "2829147710", "key": 0, "highway": "service", "name": "상도로47바길", "validation_status": "unobserved", "length_m": 65.995202342481321, "최대경사_pct": 8.9911008841073716, "B등급": "위험", "기준선_근처": true, "계단": false, "급한전환": 1 }, "geometry": { "type": "LineString", "coordinates": [ [ 126.9534945, 37.503754 ], [ 126.953773499999983, 37.503639 ], [ 126.95356289999998, 37.5033934 ], [ 126.953515, 37.5033661 ] ] } },
{ "type": "Feature", "properties": { "u": "2825701309", "v": "2825701321", "key": 0, "highway": "service", "name": "상도로47바길", "validation_status": "unobserved", "length_m": 49.359352774321422, "최대경사_pct": 2.5957710524569797, "B등급": "양호", "기준선_근처": true, "계단": false, "급한전환": 0 }, "geometry": { "type": "LineString", "coordinates": [ [ 126.9529602, 37.5033524 ], [ 126.9534475, 37.5033488 ], [ 126.953515, 37.5033661 ] ] } },
{ "type": "Feature", "properties": { "u": "2824550326", "v": "2829147711", "key": 0, "highway": "tertiary", "name": "상도로53길", "validation_status": "unobserved", "length_m": 6.3592731226212544, "최대경사_pct": 1.7293058937325867, "B등급": "양호", "기준선_근처": true, "계단": false, "급한전환": 0 }, "geometry": { "type": "LineString", "coordinates": [ [ 126.9538375, 37.5040525 ], [ 126.953786500000021, 37.5040929 ] ] } },
{ "type": "Feature", "properties": { "u": "2824550326", "v": "4621486051", "key": 0, "highway": "service", "name": "상도로47아길", "validation_status": "unobserved", "length_m": 72.917023865693722, "최대경사_pct": 3.4998901463027976, "B등급": "양호", "기준선_근처": true, "계단": false, "급한전환": 0 }, "geometry": { "type": "LineString", "coordinates": [ [ 126.953207800000015, 37.5043457 ], [ 126.953228800000019, 37.5042158 ], [ 126.95331560000001, 37.5041069 ], [ 126.953427499999989, 37.50405180000002 ], [ 126.953541, 37.5040445 ], [ 126.953623, 37.5040617 ], [ 126.953786500000021, 37.5040929 ] ] } },
{ "type": "Feature", "properties": { "u": "2829147711", "v": "2829147710", "key": 0, "highway": "service", "name": null, "validation_status": "unobserved", "length_m": 44.915291673329406, "최대경사_pct": 2.6544116531115476, "B등급": "양호", "기준선_근처": true, "계단": false, "급한전환": 0 }, "geometry": { "type": "LineString", "coordinates": [ [ 126.9534945, 37.503754 ], [ 126.9538375, 37.5040525 ] ] } },
{ "type": "Feature", "properties": { "u": "4621486051", "v": "4621486053", "key": 0, "highway": "service", "name": "상도로47아길", "validation_status": "unobserved", "length_m": 54.017962451396912, "최대경사_pct": 1.7335742922481503, "B등급": "양호", "기준선_근처": true, "계단": false, "급한전환": 0 }, "geometry": { "type": "LineString", "coordinates": [ [ 126.9526029, 37.5042788 ], [ 126.9528717, 37.504315099999985 ], [ 126.953207800000015, 37.5043457 ] ] } },
{ "type": "Feature", "properties": { "u": "2824735212", "v": "2824735223", "key": 0, "highway": "residential", "name": "은천로25길", "validation_status": "unobserved", "length_m": 69.670086859646759, "최대경사_pct": 14.689241371238825, "B등급": "위험", "기준선_근처": false, "계단": false, "급한전환": 0 }, "geometry": { "type": "LineString", "coordinates": [ [ 126.9493258, 37.4887948 ], [ 126.9486545, 37.4891233 ] ] } },
{ "type": "Feature", "properties": { "u": "2824735212", "v": "2824756393", "key": 0, "highway": "service", "name": "은천로21길", "validation_status": "unobserved", "length_m": 109.70104124568621, "최대경사_pct": 3.1592780895104191, "B등급": "양호", "기준선_근처": true, "계단": false, "급한전환": 0 }, "geometry": { "type": "LineString", "coordinates": [ [ 126.948071199999987, 37.4882533 ], [ 126.9482489, 37.4885831 ], [ 126.9486545, 37.4891233 ] ] } },
{ "type": "Feature", "properties": { "u": "2824735223", "v": "10672227660", "key": 0, "highway": "service", "name": "은천로23길", "validation_status": "unobserved", "length_m": 87.824616900154695, "최대경사_pct": 5.6931646006316861, "B등급": "주의", "기준선_근처": true, "계단": false, "급한전환": 0 }, "geometry": { "type": "LineString", "coordinates": [ [ 126.948687100000015, 37.4881977 ], [ 126.9487905, 37.4883565 ], [ 126.94894450000001, 37.4884839 ], [ 126.9490992, 37.488628800000022 ], [ 126.9493258, 37.4887948 ] ] } },
{ "type": "Feature", "properties": { "u": "2824756393", "v": "10680607733", "key": 0, "highway": "service", "name": "은천로21길", "validation_status": "unobserved", "length_m": 104.86401530481919, "최대경사_pct": 11.939651627990806, "B등급": "위험", "기준선_근처": true, "계단": false, "급한전환": 0 }, "geometry": { "type": "LineString", "coordinates": [ [ 126.9476291, 37.487376600000012 ], [ 126.947788500000016, 37.4876928 ], [ 126.948071199999987, 37.4882533 ] ] } },
{ "type": "Feature", "properties": { "u": "2824756393", "v": "2824756518", "key": 0, "highway": "service", "name": [ "은천로21길", "은천로19길" ], "validation_status": "unobserved", "length_m": 83.637350568858039, "최대경사_pct": 13.427639943335826, "B등급": "위험", "기준선_근처": false, "계단": false, "급한전환": 4 }, "geometry": { "type": "LineString", "coordinates": [ [ 126.947326499999988, 37.4882333 ], [ 126.9473312, 37.488148099999989 ], [ 126.9473393, 37.4881259 ], [ 126.9473654, 37.488105900000015 ], [ 126.9474473, 37.4881128 ], [ 126.9474566, 37.4881324 ], [ 126.9475962, 37.4881426 ], [ 126.9476314, 37.4881992 ], [ 126.947689, 37.488211 ], [ 126.948071199999987, 37.4882533 ] ] } },
{ "type": "Feature", "properties": { "u": "10672227660", "v": "10672227693", "key": 0, "highway": "service", "name": "은천로23길", "validation_status": "unobserved", "length_m": 93.210817399609738, "최대경사_pct": 0.0, "B등급": "양호", "기준선_근처": false, "계단": false, "급한전환": 0 }, "geometry": { "type": "LineString", "coordinates": [ [ 126.9481898, 37.487465800000017 ], [ 126.948307899999989, 37.4877252 ], [ 126.948558100000014, 37.4879834 ], [ 126.948687100000015, 37.4881977 ] ] } },
{ "type": "Feature", "properties": { "u": "2824756158", "v": "8482847672", "key": 0, "highway": "service", "name": null, "validation_status": "unobserved", "length_m": 10.240763736289354, "최대경사_pct": 4.8423995332123821, "B등급": "양호", "기준선_근처": true, "계단": false, "급한전환": 0 }, "geometry": { "type": "LineString", "coordinates": [ [ 126.960175, 37.4880993 ], [ 126.9600621, 37.4881198 ] ] } },
{ "type": "Feature", "properties": { "u": "2824756158", "v": "2824756308", "key": 0, "highway": "residential", "name": "청림6길", "validation_status": "unobserved", "length_m": 95.489208735295449, "최대경사_pct": 5.0895346096232927, "B등급": "양호", "기준선_근처": true, "계단": false, "급한전환": 0 }, "geometry": { "type": "LineString", "coordinates": [ [ 126.9595191, 37.4874118 ], [ 126.9595285, 37.487514 ], [ 126.9595553, 37.4876226 ], [ 126.959616700000012, 37.4877074 ], [ 126.9597002, 37.4878099 ], [ 126.9598584, 37.487924800000023 ], [ 126.9599577, 37.4879908 ], [ 126.9599952, 37.4880376 ], [ 126.9600621, 37.4881198 ] ] } },
{ "type": "Feature", "properties": { "u": "2824756158", "v": "2825727788", "key": 0, "highway": "residential", "name": "청림길", "validation_status": "unobserved", "length_m": 83.959482229544108, "최대경사_pct": 2.1311921754171879, "B등급": "양호", "기준선_근처": true, "계단": false, "급한전환": 0 }, "geometry": { "type": "LineString", "coordinates": [ [ 126.9591553, 37.4883378 ], [ 126.9591989, 37.4883236 ], [ 126.959571400000016, 37.48826 ], [ 126.9600621, 37.4881198 ] ] } },
{ "type": "Feature", "properties": { "u": "2824756158", "v": "2824756464", "key": 0, "highway": "residential", "name": "청림5길", "validation_status": "unobserved", "length_m": 90.260585002940374, "최대경사_pct": 1.4150537820531826, "B등급": "양호", "기준선_근처": true, "계단": false, "급한전환": 0 }, "geometry": { "type": "LineString", "coordinates": [ [ 126.9599878, 37.4889186 ], [ 126.9599988, 37.4887004 ], [ 126.959981500000012, 37.4885909 ], [ 126.959974, 37.4884595 ], [ 126.960054, 37.4882801 ], [ 126.960075, 37.48819 ], [ 126.9600621, 37.4881198 ] ] } },
{ "type": "Feature", "properties": { "u": "8482847672", "v": "2824756464", "key": 0, "highway": "service", "name": null, "validation_status": "unobserved", "length_m": 98.368850536185491, "최대경사_pct": 0.69731682933801253, "B등급": "양호", "기준선_근처": false, "계단": false, "급한전환": 1 }, "geometry": { "type": "LineString", "coordinates": [ [ 126.9599878, 37.4889186 ], [ 126.960038200000014, 37.4889229 ], [ 126.9600597, 37.488916500000016 ], [ 126.9600731, 37.4889101 ], [ 126.960081799999983, 37.488883 ], [ 126.960175, 37.4880993 ] ] } },
{ "type": "Feature", "properties": { "u": "2825727788", "v": "2824759264", "key": 0, "highway": "residential", "name": "청림길", "validation_status": "unobserved", "length_m": 35.213504143586917, "최대경사_pct": 4.2060469837537324, "B등급": "양호", "기준선_근처": true, "계단": false, "급한전환": 0 }, "geometry": { "type": "LineString", "coordinates": [ [ 126.95876, 37.4882998 ], [ 126.9591553, 37.4883378 ] ] } },
{ "type": "Feature", "properties": { "u": "2825727788", "v": "2825727782", "key": 0, "highway": "residential", "name": "청림3길", "validation_status": "unobserved", "length_m": 124.75637109762867, "최대경사_pct": 6.3554497820250511, "B등급": "주의", "기준선_근처": true, "계단": false, "급한전환": 0 }, "geometry": { "type": "LineString", "coordinates": [ [ 126.9589808, 37.4894511 ], [ 126.95899350000002, 37.4891173 ], [ 126.9590639, 37.4887954 ], [ 126.9591553, 37.4883378 ] ] } },
{ "type": "Feature", "properties": { "u": "2824756464", "v": "2824756182", "key": 0, "highway": "residential", "name": "청림5길", "validation_status": "unobserved", "length_m": 49.236288799110064, "최대경사_pct": 3.3614370143942551, "B등급": "양호", "기준선_근처": true, "계단": false, "급한전환": 0 }, "geometry": { "type": "LineString", "coordinates": [ [ 126.9598103, 37.4893324 ], [ 126.9598222, 37.4892296 ], [ 126.95985469999998, 37.489119 ], [ 126.9599189, 37.4890279 ], [ 126.9599878, 37.4889186 ] ] } },
{ "type": "Feature", "properties": { "u": "2824756182", "v": "2824759278", "key": 0, "highway": "service", "name": "청림5가길", "validation_status": "unobserved", "length_m": 73.720066928334631, "최대경사_pct": 4.2511076110552963, "B등급": "양호", "기준선_근처": true, "계단": false, "급한전환": 0 }, "geometry": { "type": "LineString", "coordinates": [ [ 126.9592421, 37.4897504 ], [ 126.9593876, 37.4896043 ], [ 126.9594784, 37.4894342 ], [ 126.9595746, 37.4893805 ], [ 126.959702899999982, 37.4893308 ], [ 126.9598103, 37.4893324 ] ] } },
{ "type": "Feature", "properties": { "u": "2824756182", "v": "2824756187", "key": 0, "highway": "residential", "name": "청림5길", "validation_status": "unobserved", "length_m": 96.964951035605708, "최대경사_pct": 10.806232844361359, "B등급": "위험", "기준선_근처": true, "계단": false, "급한전환": 0 }, "geometry": { "type": "LineString", "coordinates": [ [ 126.959898400000014, 37.4901999 ], [ 126.9598968, 37.4897262 ], [ 126.9598566, 37.489509200000029 ], [ 126.9598103, 37.4893324 ] ] } },
{ "type": "Feature", "properties": { "u": "2824759278", "v": "2825727782", "key": 0, "highway": "service", "name": "청림3가길", "validation_status": "unobserved", "length_m": 41.622553808061788, "최대경사_pct": 4.4606445760767128, "B등급": "양호", "기준선_근처": true, "계단": false, "급한전환": 0 }, "geometry": { "type": "LineString", "coordinates": [ [ 126.9589808, 37.4894511 ], [ 126.959093400000015, 37.4895135 ], [ 126.959199600000019, 37.4896598 ], [ 126.9592421, 37.4897504 ] ] } },
{ "type": "Feature", "properties": { "u": "2824759278", "v": "2824759229", "key": 0, "highway": "service", "name": "청림5가길", "validation_status": "unobserved", "length_m": 34.468918054035015, "최대경사_pct": 12.792974961248593, "B등급": "위험", "기준선_근처": true, "계단": false, "급한전환": 0 }, "geometry": { "type": "LineString", "coordinates": [ [ 126.9589506, 37.4899492 ], [ 126.9591335, 37.489860200000017 ], [ 126.9592421, 37.4897504 ] ] } },
{ "type": "Feature", "properties": { "u": "2824756187", "v": "2825727784", "key": 0, "highway": "residential", "name": "청림5길", "validation_status": "unobserved", "length_m": 7.3819295965259819, "최대경사_pct": 8.667409734856145, "B등급": "위험", "기준선_근처": true, "계단": false, "급한전환": 0 }, "geometry": { "type": "LineString", "coordinates": [ [ 126.9598401, 37.4902475 ], [ 126.959898400000014, 37.4901999 ] ] } },
{ "type": "Feature", "properties": { "u": "2825727784", "v": "4619539823", "key": 0, "highway": "residential", "name": "청림5길", "validation_status": "unobserved", "length_m": 24.142679361848483, "최대경사_pct": 8.3333333333333321, "B등급": "주의", "기준선_근처": true, "계단": false, "급한전환": 0 }, "geometry": { "type": "LineString", "coordinates": [ [ 126.9598188, 37.4904641 ], [ 126.9598267, 37.4903192 ], [ 126.9598401, 37.4902475 ] ] } },
{ "type": "Feature", "properties": { "u": "2825727784", "v": "2824759229", "key": 0, "highway": "service", "name": "청림5나길", "validation_status": "unobserved", "length_m": 89.568028015232343, "최대경사_pct": 2.3998565337350963, "B등급": "양호", "기준선_근처": true, "계단": false, "급한전환": 0 }, "geometry": { "type": "LineString", "coordinates": [ [ 126.9589506, 37.4899492 ], [ 126.959213700000021, 37.4901622 ], [ 126.959480400000018, 37.490219900000014 ], [ 126.9598401, 37.4902475 ] ] } },
{ "type": "Feature", "properties": { "u": "2824759097", "v": "4619539829", "key": 0, "highway": "residential", "name": "청림5길", "validation_status": "unobserved", "length_m": 131.86749450360506, "최대경사_pct": 12.640267373801354, "B등급": "위험", "기준선_근처": true, "계단": false, "급한전환": 3 }, "geometry": { "type": "LineString", "coordinates": [ [ 126.959727799999982, 37.4907867 ], [ 126.9597323, 37.4908193 ], [ 126.959936200000016, 37.4910917 ], [ 126.9597744, 37.4913536 ], [ 126.959835700000014, 37.4915379 ], [ 126.9596195, 37.4916608 ], [ 126.959610600000019, 37.4918046 ] ] } },
{ "type": "Feature", "properties": { "u": "2824759097", "v": "2824759213", "key": 0, "highway": "residential", "name": "청림5길", "validation_status": "validated", "length_m": 28.399246895886002, "최대경사_pct": 12.5602467390204, "B등급": "위험", "기준선_근처": true, "계단": false, "급한전환": 0 }, "geometry": { "type": "LineString", "coordinates": [ [ 126.9594692, 37.4920256 ], [ 126.9596066, 37.4918708 ], [ 126.959610600000019, 37.4918046 ] ] } },
{ "type": "Feature", "properties": { "u": "2824759097", "v": "2824759209", "key": 0, "highway": "residential", "name": "청림3길", "validation_status": "validated", "length_m": 68.848606277375524, "최대경사_pct": 12.244436051997653, "B등급": "위험", "기준선_근처": true, "계단": false, "급한전환": 1 }, "geometry": { "type": "LineString", "coordinates": [ [ 126.959142, 37.491463700000033 ], [ 126.9592276, 37.491769300000023 ], [ 126.959610600000019, 37.4918046 ] ] } },
{ "type": "Feature", "properties": { "u": "4619539829", "v": "4619539825", "key": 0, "highway": "service", "name": "청림3바길", "validation_status": "unobserved", "length_m": 61.360153129127177, "최대경사_pct": 2.1846981486811945, "B등급": "양호", "기준선_근처": true, "계단": false, "급한전환": 0 }, "geometry": { "type": "LineString", "coordinates": [ [ 126.959055, 37.4909218 ], [ 126.959727799999982, 37.4907867 ] ] } },
{ "type": "Feature", "properties": { "u": "4619539829", "v": "4619539823", "key": 0, "highway": "residential", "name": "청림5길", "validation_status": "unobserved", "length_m": 36.862192411893602, "최대경사_pct": 8.5221270909466309, "B등급": "위험", "기준선_근처": true, "계단": false, "급한전환": 0 }, "geometry": { "type": "LineString", "coordinates": [ [ 126.9598188, 37.4904641 ], [ 126.959724300000019, 37.4907618 ], [ 126.959727799999982, 37.4907867 ] ] } },
{ "type": "Feature", "properties": { "u": "2824759213", "v": "8482687961", "key": 0, "highway": "tertiary", "name": "관악로40길", "validation_status": "validated", "length_m": 83.836219467086934, "최대경사_pct": 12.623876527494312, "B등급": "위험", "기준선_근처": true, "계단": false, "급한전환": 0 }, "geometry": { "type": "LineString", "coordinates": [ [ 126.9598682, 37.4926949 ], [ 126.9598021, 37.4925003 ], [ 126.959753800000016, 37.4923343 ], [ 126.9595258, 37.4920768 ], [ 126.9594692, 37.4920256 ] ] } },
{ "type": "Feature", "properties": { "u": "2824759213", "v": "2824759283", "key": 0, "highway": "tertiary", "name": "관악로40길", "validation_status": "unobserved", "length_m": 101.6483901416311, "최대경사_pct": 0.5993613958206796, "B등급": "양호", "기준선_근처": false, "계단": false, "급한전환": 0 }, "geometry": { "type": "LineString", "coordinates": [ [ 126.958456100000021, 37.4915961 ], [ 126.959171500000011, 37.4918723 ], [ 126.9594692, 37.4920256 ] ] } },
{ "type": "Feature", "properties": { "u": "2824759209", "v": "2825728953", "key": 0, "highway": "residential", "name": "청림3마길", "validation_status": "unobserved", "length_m": 118.3724593055188, "최대경사_pct": 4.1275930811484365, "B등급": "양호", "기준선_근처": true, "계단": false, "급한전환": 1 }, "geometry": { "type": "LineString", "coordinates": [ [ 126.9581284, 37.4910278 ], [ 126.958390799999989, 37.4913553 ], [ 126.958469, 37.4914769 ], [ 126.958748, 37.4914365 ], [ 126.959018499999985, 37.4914489 ], [ 126.959142, 37.491463700000033 ] ] } },
{ "type": "Feature", "properties": { "u": "2824759209", "v": "4619539828", "key": 0, "highway": "residential", "name": "청림3길", "validation_status": "validated", "length_m": 70.684684998439351, "최대경사_pct": 6.901280798992798, "B등급": "주의", "기준선_근처": true, "계단": false, "급한전환": 0 }, "geometry": { "type": "LineString", "coordinates": [ [ 126.958672899999982, 37.4909603 ], [ 126.9586807, 37.4909827 ], [ 126.9587423, 37.4910253 ], [ 126.9588309, 37.491136 ], [ 126.958919400000013, 37.491187 ], [ 126.9590669, 37.4913403 ], [ 126.959142, 37.491463700000033 ] ] } },
{ "type": "Feature", "properties": { "u": "2824759209", "v": "4619539825", "key": 0, "highway": "service", "name": "청림3바길", "validation_status": "unobserved", "length_m": 61.694562355062907, "최대경사_pct": 11.138447448304433, "B등급": "위험", "기준선_근처": true, "계단": false, "급한전환": 0 }, "geometry": { "type": "LineString", "coordinates": [ [ 126.959055, 37.4909218 ], [ 126.959144400000014, 37.4912225 ], [ 126.9591721, 37.4913985 ], [ 126.959142, 37.491463700000033 ] ] } },
{ "type": "Feature", "properties": { "u": "2824759203", "v": "13816446695", "key": 0, "highway": "tertiary", "name": "서달로", "validation_status": "unobserved", "length_m": 221.81331388314331, "최대경사_pct": 17.183475266974142, "B등급": "위험", "기준선_근처": false, "계단": false, "급한전환": 0 }, "geometry": { "type": "LineString", "coordinates": [ [ 126.9606931, 37.5028575 ], [ 126.960391900000019, 37.502244299999987 ], [ 126.9602279, 37.5018777 ], [ 126.9601293, 37.5016572 ], [ 126.9601132, 37.501510499999988 ], [ 126.9601547, 37.501191500000012 ], [ 126.9602943, 37.5009689 ] ] } },
{ "type": "Feature", "properties": { "u": "2824759203", "v": "2824759300", "key": 0, "highway": "residential", "name": "서달로1길", "validation_status": "validated", "length_m": 210.12335620500946, "최대경사_pct": 16.876147433090662, "B등급": "위험", "기준선_근처": false, "계단": false, "급한전환": 0 }, "geometry": { "type": "LineString", "coordinates": [ [ 126.9600069, 37.499174 ], [ 126.9599136, 37.4993238 ], [ 126.9599105, 37.4996541 ], [ 126.959918800000011, 37.5001522 ], [ 126.9601661, 37.5009024 ], [ 126.960245500000013, 37.500944899999986 ], [ 126.9602943, 37.5009689 ] ] } },
{ "type": "Feature", "properties": { "u": "2824759203", "v": "2824759222", "key": 0, "highway": "residential", "name": "서달로", "validation_status": "validated", "length_m": 154.93447115445974, "최대경사_pct": 16.488156599151431, "B등급": "위험", "기준선_근처": false, "계단": false, "급한전환": 0 }, "geometry": { "type": "LineString", "coordinates": [ [ 126.9604845, 37.499609 ], [ 126.960518900000011, 37.5002613 ], [ 126.960489, 37.5005677 ], [ 126.960422, 37.5007737 ], [ 126.960361, 37.5009041 ], [ 126.9602943, 37.5009689 ] ] } },
{ "type": "Feature", "properties": { "u": "13816446695", "v": "12864823352", "key": 0, "highway": "tertiary", "name": "서달로", "validation_status": "unobserved", "length_m": 100.32145119725662, "최대경사_pct": 5.5081443324214989, "B등급": "양호", "기준선_근처": true, "계단": false, "급한전환": 0 }, "geometry": { "type": "LineString", "coordinates": [ [ 126.960887099999979, 37.503730199999985 ], [ 126.9608958, 37.503706400000013 ], [ 126.9609243, 37.5035139 ], [ 126.9609001, 37.5033384 ], [ 126.96079, 37.5030547 ], [ 126.9606931, 37.5028575 ] ] } },
{ "type": "Feature", "properties": { "u": "13816446695", "v": "4611303880", "key": 0, "highway": "residential", "name": null, "validation_status": "unobserved", "length_m": 333.61004354575368, "최대경사_pct": 17.36154693820496, "B등급": "위험", "기준선_근처": false, "계단": false, "급한전환": 0 }, "geometry": { "type": "LineString", "coordinates": [ [ 126.9643982, 37.5031809 ], [ 126.9620992, 37.5031951 ], [ 126.9615829, 37.5031209 ], [ 126.9606931, 37.5028575 ] ] } },
{ "type": "Feature", "properties": { "u": "2824759300", "v": "2824759222", "key": 0, "highway": "residential", "name": "서달로", "validation_status": "validated", "length_m": 64.551821317467827, "최대경사_pct": 7.0871794110668827, "B등급": "주의", "기준선_근처": true, "계단": false, "급한전환": 0 }, "geometry": { "type": "LineString", "coordinates": [ [ 126.9604845, 37.499609 ], [ 126.960454699999985, 37.4995704 ], [ 126.960261799999984, 37.499357400000015 ], [ 126.9600069, 37.499174 ] ] } },
{ "type": "Feature", "properties": { "u": "2824759300", "v": "12816428872", "key": 0, "highway": "residential", "name": "서달로", "validation_status": "validated", "length_m": 31.203795901099276, "최대경사_pct": 12.666363617413293, "B등급": "위험", "기준선_근처": true, "계단": false, "급한전환": 0 }, "geometry": { "type": "LineString", "coordinates": [ [ 126.9597851, 37.4989569 ], [ 126.9598394, 37.499029 ], [ 126.9600069, 37.499174 ] ] } },
{ "type": "Feature", "properties": { "u": "2824759222", "v": "4697324255", "key": 0, "highway": "residential", "name": "서달로2길", "validation_status": "validated", "length_m": 349.99407128145361, "최대경사_pct": 6.6234051374937781, "B등급": "주의", "기준선_근처": true, "계단": false, "급한전환": 0 }, "geometry": { "type": "LineString", "coordinates": [ [ 126.963937900000019, 37.5008805 ], [ 126.9637484, 37.5008034 ], [ 126.963002800000012, 37.5006672 ], [ 126.962739900000017, 37.5005693 ], [ 126.9625414, 37.5004034 ], [ 126.9622625, 37.5002502 ], [ 126.9622424, 37.5002159 ], [ 126.9620948, 37.5000336 ], [ 126.9619204, 37.4999166 ], [ 126.9616772, 37.499855299999986 ], [ 126.9613867, 37.4998161 ], [ 126.9611612, 37.4997815 ], [ 126.960663, 37.4995855 ], [ 126.9604845, 37.499609 ] ] } },
{ "type": "Feature", "properties": { "u": "2824759204", "v": "2824759283", "key": 0, "highway": "tertiary", "name": "관악로40길", "validation_status": "unobserved", "length_m": 100.34985703849729, "최대경사_pct": 0.99498959860120451, "B등급": "양호", "기준선_근처": true, "계단": false, "급한전환": 0 }, "geometry": { "type": "LineString", "coordinates": [ [ 126.958456100000021, 37.4915961 ], [ 126.957467900000012, 37.491151699999989 ] ] } },
{ "type": "Feature", "properties": { "u": "2824759204", "v": "2825728925", "key": 0, "highway": "tertiary", "name": "관악로40길", "validation_status": "unobserved", "length_m": 35.28961784392358, "최대경사_pct": 1.4598337950302209, "B등급": "양호", "기준선_근처": true, "계단": false, "급한전환": 0 }, "geometry": { "type": "LineString", "coordinates": [ [ 126.9571318, 37.490980300000025 ], [ 126.957467900000012, 37.491151699999989 ] ] } },
{ "type": "Feature", "properties": { "u": "2824759204", "v": "11413637878", "key": 0, "highway": "footway", "name": null, "validation_status": "unobserved", "length_m": 7.9303075222616535, "최대경사_pct": 14.880585808918548, "B등급": "위험", "기준선_근처": false, "계단": false, "급한전환": 0 }, "geometry": { "type": "LineString", "coordinates": [ [ 126.9574194, 37.4912118 ], [ 126.957467900000012, 37.491151699999989 ] ] } },
{ "type": "Feature", "properties": { "u": "2824759204", "v": "11413637907", "key": 0, "highway": "footway", "name": null, "validation_status": "unobserved", "length_m": 5.8289813074269805, "최대경사_pct": 15.699405653313622, "B등급": "위험", "기준선_근처": false, "계단": false, "급한전환": 0 }, "geometry": { "type": "LineString", "coordinates": [ [ 126.9575035, 37.4911075 ], [ 126.957467900000012, 37.491151699999989 ] ] } },
{ "type": "Feature", "properties": { "u": "2824759283", "v": "11413637560", "key": 0, "highway": "footway", "name": null, "validation_status": "unobserved", "length_m": 11.828954042215296, "최대경사_pct": 26.30050825464399, "B등급": "위험", "기준선_근처": false, "계단": false, "급한전환": 0 }, "geometry": { "type": "LineString", "coordinates": [ [ 126.9583873, 37.4916875 ], [ 126.958456100000021, 37.4915961 ] ] } },
{ "type": "Feature", "properties": { "u": "2824759283", "v": "11413637907", "key": 0, "highway": "footway", "name": null, "validation_status": "unobserved", "length_m": 104.94315815524315, "최대경사_pct": 0.68391215916888926, "B등급": "양호", "기준선_근처": false, "계단": false, "급한전환": 1 }, "geometry": { "type": "LineString", "coordinates": [ [ 126.9575035, 37.4911075 ], [ 126.957884300000018, 37.4912787 ], [ 126.9582258, 37.491424800000033 ], [ 126.95848359999998, 37.4915595 ], [ 126.958456100000021, 37.4915961 ] ] } },
{ "type": "Feature", "properties": { "u": "2825728925", "v": "11413637870", "key": 0, "highway": "residential", "name": "청림3마길", "validation_status": "validated", "length_m": 5.1525324946963007, "최대경사_pct": 9.2582563044724733, "B등급": "위험", "기준선_근처": true, "계단": false, "급한전환": 0 }, "geometry": { "type": "LineString", "coordinates": [ [ 126.957165800000013, 37.4909426 ], [ 126.9571318, 37.490980300000025 ] ] } },
{ "type": "Feature", "properties": { "u": "11413637907", "v": "11413637870", "key": 0, "highway": "footway", "name": null, "validation_status": "unobserved", "length_m": 35.026603484115839, "최대경사_pct": 0.67238535619717743, "B등급": "양호", "기준선_근처": false, "계단": false, "급한전환": 0 }, "geometry": { "type": "LineString", "coordinates": [ [ 126.957165800000013, 37.4909426 ], [ 126.9575035, 37.4911075 ] ] } },
{ "type": "Feature", "properties": { "u": "2825728953", "v": "4619539838", "key": 0, "highway": "residential", "name": "청림3마길", "validation_status": "unobserved", "length_m": 14.211926457792558, "최대경사_pct": 0.56448314657188803, "B등급": "양호", "기준선_근처": false, "계단": false, "급한전환": 0 }, "geometry": { "type": "LineString", "coordinates": [ [ 126.95802740000002, 37.4909282 ], [ 126.9581284, 37.4910278 ] ] } },
{ "type": "Feature", "properties": { "u": "2825728953", "v": "2825728946", "key": 0, "highway": "steps", "name": "청림3마길", "validation_status": "unobserved", "length_m": 26.749483908498345, "최대경사_pct": 19.994322124692587, "B등급": "위험", "기준선_근처": false, "계단": true, "급한전환": 0 }, "geometry": { "type": "LineString", "coordinates": [ [ 126.957895, 37.4911811 ], [ 126.9581284, 37.4910278 ] ] } },
{ "type": "Feature", "properties": { "u": "4619539828", "v": "4619539825", "key": 0, "highway": "service", "name": "청림3바길", "validation_status": "unobserved", "length_m": 34.060541956825062, "최대경사_pct": 6.829158827261991, "B등급": "주의", "기준선_근처": true, "계단": false, "급한전환": 0 }, "geometry": { "type": "LineString", "coordinates": [ [ 126.959055, 37.4909218 ], [ 126.958672899999982, 37.4909603 ] ] } },
{ "type": "Feature", "properties": { "u": "4619539828", "v": "4619539841", "key": 0, "highway": "residential", "name": "청림3길", "validation_status": "validated", "length_m": 39.401702233359956, "최대경사_pct": 7.488926409295046, "B등급": "주의", "기준선_근처": true, "계단": false, "급한전환": 0 }, "geometry": { "type": "LineString", "coordinates": [ [ 126.95868590000002, 37.4906094 ], [ 126.9586914, 37.4906295 ], [ 126.9586675, 37.490817 ], [ 126.9586541, 37.4909063 ], [ 126.958672899999982, 37.4909603 ] ] } },
{ "type": "Feature", "properties": { "u": "4619539825", "v": "4619539822", "key": 0, "highway": "service", "name": "청림3라길", "validation_status": "unobserved", "length_m": 50.844773731982656, "최대경사_pct": 7.8538833905477166, "B등급": "주의", "기준선_근처": true, "계단": false, "급한전환": 0 }, "geometry": { "type": "LineString", "coordinates": [ [ 126.959125300000011, 37.490478799999977 ], [ 126.959021100000015, 37.4907336 ], [ 126.959055, 37.4909218 ] ] } },
{ "type": "Feature", "properties": { "u": "8482687961", "v": "8482687969", "key": 0, "highway": "tertiary", "name": "관악로40길", "validation_status": "validated", "length_m": 15.858864295339245, "최대경사_pct": 8.6080251487074371, "B등급": "위험", "기준선_근처": true, "계단": false, "급한전환": 0 }, "geometry": { "type": "LineString", "coordinates": [ [ 126.959918299999984, 37.4928321 ], [ 126.9598682, 37.4926949 ] ] } },
{ "type": "Feature", "properties": { "u": "8482687961", "v": "8482687969", "key": 1, "highway": "service", "name": null, "validation_status": "validated", "length_m": 178.33687141202631, "최대경사_pct": 2.0373432132976785, "B등급": "양호", "기준선_근처": true, "계단": false, "급한전환": 2 }, "geometry": { "type": "LineString", "coordinates": [ [ 126.959918299999984, 37.4928321 ], [ 126.9607168, 37.4926537 ], [ 126.9607303, 37.4926345 ], [ 126.9607329, 37.4926132 ], [ 126.9607329, 37.4925877 ], [ 126.9606659, 37.4924259 ], [ 126.960633700000017, 37.492406799999983 ], [ 126.9606015, 37.4924153 ], [ 126.9598682, 37.4926949 ] ] } },
{ "type": "Feature", "properties": { "u": "8482687961", "v": "8482687939", "key": 0, "highway": "service", "name": null, "validation_status": "validated", "length_m": 58.127499920804496, "최대경사_pct": 8.266861189956435, "B등급": "주의", "기준선_근처": true, "계단": false, "급한전환": 1 }, "geometry": { "type": "LineString", "coordinates": [ [ 126.9593489, 37.4929133 ], [ 126.9593744, 37.4929473 ], [ 126.959390500000012, 37.492956399999983 ], [ 126.959410600000012, 37.492958 ], [ 126.9594401, 37.4929532 ], [ 126.9594763, 37.4929378 ], [ 126.9598682, 37.4926949 ] ] } },
{ "type": "Feature", "properties": { "u": "2824759217", "v": "2824759229", "key": 0, "highway": "service", "name": "청림5가길", "validation_status": "validated", "length_m": 22.747175342483594, "최대경사_pct": 13.308817052490459, "B등급": "위험", "기준선_근처": false, "계단": false, "급한전환": 0 }, "geometry": { "type": "LineString", "coordinates": [ [ 126.9589506, 37.4899492 ], [ 126.9587327, 37.4900581 ] ] } },
{ "type": "Feature", "properties": { "u": "2824759217", "v": "2824759260", "key": 0, "highway": "service", "name": "청림5가길", "validation_status": "validated", "length_m": 14.792650470686514, "최대경사_pct": 13.207971244958802, "B등급": "위험", "기준선_근처": false, "계단": false, "급한전환": 0 }, "geometry": { "type": "LineString", "coordinates": [ [ 126.958576899999983, 37.4901066 ], [ 126.9587327, 37.4900581 ] ] } },
{ "type": "Feature", "properties": { "u": "2824759217", "v": "4619539822", "key": 0, "highway": "service", "name": "청림5가길", "validation_status": "unobserved", "length_m": 58.396074245928403, "최대경사_pct": 2.7604295321614103, "B등급": "양호", "기준선_근처": true, "계단": false, "급한전환": 0 }, "geometry": { "type": "LineString", "coordinates": [ [ 126.959125300000011, 37.490478799999977 ], [ 126.9590676, 37.490387499999983 ], [ 126.9587327, 37.4900581 ] ] } },
{ "type": "Feature", "properties": { "u": "2824759260", "v": "2825728950", "key": 0, "highway": "residential", "name": "청림3길", "validation_status": "validated", "length_m": 34.493166271056467, "최대경사_pct": 2.6759345906357384, "B등급": "양호", "기준선_근처": true, "계단": false, "급한전환": 0 }, "geometry": { "type": "LineString", "coordinates": [ [ 126.9585329, 37.4897992 ], [ 126.958576800000017, 37.489978200000017 ], [ 126.958576899999983, 37.4901066 ] ] } },
{ "type": "Feature", "properties": { "u": "2824759260", "v": "4619539820", "key": 0, "highway": "residential", "name": "청림3길", "validation_status": "validated", "length_m": 38.325470643419592, "최대경사_pct": 5.7557151005092537, "B등급": "주의", "기준선_근처": true, "계단": false, "급한전환": 1 }, "geometry": { "type": "LineString", "coordinates": [ [ 126.95855210000002, 37.49042330000001 ], [ 126.958541400000016, 37.490410600000011 ], [ 126.95852, 37.490351 ], [ 126.958503900000011, 37.490168 ], [ 126.958576899999983, 37.4901066 ] ] } },
{ "type": "Feature", "properties": { "u": "4619539822", "v": "4619539823", "key": 0, "highway": "service", "name": "청림5가길", "validation_status": "unobserved", "length_m": 61.352543363846699, "최대경사_pct": 0.13038269630098187, "B등급": "양호", "기준선_근처": false, "계단": false, "급한전환": 0 }, "geometry": { "type": "LineString", "coordinates": [ [ 126.9598188, 37.4904641 ], [ 126.959125300000011, 37.490478799999977 ] ] } },
{ "type": "Feature", "properties": { "u": "4619539822", "v": "4619539820", "key": 0, "highway": "service", "name": "청림3라길", "validation_status": "validated", "length_m": 51.190182079436639, "최대경사_pct": 6.3756250508713679, "B등급": "주의", "기준선_근처": true, "계단": false, "급한전환": 0 }, "geometry": { "type": "LineString", "coordinates": [ [ 126.95855210000002, 37.49042330000001 ], [ 126.958818399999984, 37.490436200000012 ], [ 126.959030100000021, 37.4904723 ], [ 126.959125300000011, 37.490478799999977 ] ] } },
{ "type": "Feature", "properties": { "u": "4697324255", "v": "4611250951", "key": 0, "highway": "residential", "name": "서달로2길", "validation_status": "validated", "length_m": 48.246148828510535, "최대경사_pct": 9.0997483047191707, "B등급": "위험", "기준선_근처": true, "계단": false, "급한전환": 0 }, "geometry": { "type": "LineString", "coordinates": [ [ 126.964266, 37.501217200000021 ], [ 126.9640829, 37.500964200000013 ], [ 126.963937900000019, 37.5008805 ] ] } },
{ "type": "Feature", "properties": { "u": "4697324255", "v": "4697324244", "key": 0, "highway": "service", "name": null, "validation_status": "validated", "length_m": 60.066185343378208, "최대경사_pct": 11.556126945397232, "B등급": "위험", "기준선_근처": true, "계단": false, "급한전환": 3 }, "geometry": { "type": "LineString", "coordinates": [ [ 126.9636652, 37.501211500000011 ], [ 126.9638205, 37.5012312 ], [ 126.963881200000017, 37.5012206 ], [ 126.963935500000019, 37.5011827 ], [ 126.963967600000018, 37.5011222 ], [ 126.9639626, 37.5010149 ], [ 126.963937900000019, 37.5008805 ] ] } },
{ "type": "Feature", "properties": { "u": "2824759227", "v": "8482687980", "key": 0, "highway": "tertiary", "name": "관악로40길", "validation_status": "validated", "length_m": 30.672805273531704, "최대경사_pct": 7.6447236890101538, "B등급": "주의", "기준선_근처": true, "계단": false, "급한전환": 0 }, "geometry": { "type": "LineString", "coordinates": [ [ 126.9600093, 37.4930918 ], [ 126.9601025, 37.493358 ] ] } },
{ "type": "Feature", "properties": { "u": "2824759227", "v": "8482687983", "key": 0, "highway": "service", "name": null, "validation_status": "validated", "length_m": 20.327963432451853, "최대경사_pct": 1.2364097225005346, "B등급": "양호", "기준선_근처": true, "계단": false, "급한전환": 0 }, "geometry": { "type": "LineString", "coordinates": [ [ 126.959873500000015, 37.4933739 ], [ 126.9601025, 37.493358 ] ] } },
{ "type": "Feature", "properties": { "u": "2824759227", "v": "13322228135", "key": 0, "highway": "tertiary", "name": "관악로40길", "validation_status": "validated", "length_m": 61.320263635574797, "최대경사_pct": 6.0623587788381812, "B등급": "주의", "기준선_근처": true, "계단": false, "급한전환": 0 }, "geometry": { "type": "LineString", "coordinates": [ [ 126.960189700000015, 37.493906100000025 ], [ 126.9601856, 37.493873 ], [ 126.9601025, 37.493358 ] ] } },
{ "type": "Feature", "properties": { "u": "8482687980", "v": "8482687969", "key": 0, "highway": "tertiary", "name": "관악로40길", "validation_status": "validated", "length_m": 29.925651635790452, "최대경사_pct": 7.0913642372494703, "B등급": "주의", "기준선_근처": true, "계단": false, "급한전환": 0 }, "geometry": { "type": "LineString", "coordinates": [ [ 126.959918299999984, 37.4928321 ], [ 126.9600093, 37.4930918 ] ] } },
{ "type": "Feature", "properties": { "u": "8482687980", "v": "8482687970", "key": 0, "highway": "service", "name": null, "validation_status": "validated", "length_m": 14.841972506038308, "최대경사_pct": 2.1632397996509667, "B등급": "양호", "기준선_근처": true, "계단": false, "급한전환": 0 }, "geometry": { "type": "LineString", "coordinates": [ [ 126.9601725, 37.4930606 ], [ 126.9600093, 37.4930918 ] ] } },
{ "type": "Feature", "properties": { "u": "8482687983", "v": "8482687983", "key": 0, "highway": "service", "name": null, "validation_status": "unobserved", "length_m": 87.456898806730862, "최대경사_pct": 0.0, "B등급": "양호", "기준선_근처": false, "계단": false, "급한전환": 3 }, "geometry": { "type": "LineString", "coordinates": [ [ 126.959873500000015, 37.4933739 ], [ 126.959681500000016, 37.4933751 ], [ 126.959641300000015, 37.4933687 ], [ 126.9596064, 37.4933474 ], [ 126.9595796, 37.4933176 ], [ 126.9595581, 37.4932751 ], [ 126.9595689, 37.4932538 ], [ 126.959590300000016, 37.49324 ], [ 126.9597821, 37.4931495 ], [ 126.959789599999979, 37.4931462 ], [ 126.9597984, 37.493143700000012 ], [ 126.9598079, 37.4931437 ], [ 126.959817799999982, 37.4931459 ], [ 126.959873500000015, 37.4933739 ] ] } },
{ "type": "Feature", "properties": { "u": "13322228135", "v": "13322228125", "key": 0, "highway": "service", "name": null, "validation_status": "unobserved", "length_m": 100.51163994131139, "최대경사_pct": 14.379520147864616, "B등급": "위험", "기준선_근처": false, "계단": false, "급한전환": 1 }, "geometry": { "type": "LineString", "coordinates": [ [ 126.9593129, 37.49413 ], [ 126.959314299999988, 37.4939329 ], [ 126.9593225, 37.4939189 ], [ 126.9593365, 37.4939139 ], [ 126.959351, 37.4939128 ], [ 126.9601182, 37.4939166 ], [ 126.960189700000015, 37.493906100000025 ] ] } },
{ "type": "Feature", "properties": { "u": "2824759242", "v": "2825711987", "key": 0, "highway": "residential", "name": "서달로", "validation_status": "validated", "length_m": 23.93233635250143, "최대경사_pct": 3.0297529535910193, "B등급": "양호", "기준선_근처": true, "계단": false, "급한전환": 0 }, "geometry": { "type": "LineString", "coordinates": [ [ 126.9592941, 37.4979699 ], [ 126.9593048, 37.4980119 ], [ 126.959331100000014, 37.4981834 ] ] } },
{ "type": "Feature", "properties": { "u": "2824759242", "v": "12816428873", "key": 0, "highway": "residential", "name": "서달로", "validation_status": "validated", "length_m": 56.784662194609894, "최대경사_pct": 9.1398607194608648, "B등급": "위험", "기준선_근처": true, "계단": false, "급한전환": 0 }, "geometry": { "type": "LineString", "coordinates": [ [ 126.9595543, 37.498651 ], [ 126.9595127, 37.4985975 ], [ 126.959355699999989, 37.49838170000001 ], [ 126.959331100000014, 37.4981834 ] ] } },
{ "type": "Feature", "properties": { "u": "2824759242", "v": "2825714904", "key": 0, "highway": "service", "name": null, "validation_status": "validated", "length_m": 244.81893499222303, "최대경사_pct": 8.0141056086888547, "B등급": "주의", "기준선_근처": true, "계단": false, "급한전환": 3 }, "geometry": { "type": "LineString", "coordinates": [ [ 126.957975500000018, 37.497559 ], [ 126.9581526, 37.4979079 ], [ 126.957745, 37.4980441 ], [ 126.9578683, 37.498325 ], [ 126.95850129999998, 37.4982058 ], [ 126.959331100000014, 37.4981834 ] ] } },
{ "type": "Feature", "properties": { "u": "2825711987", "v": "2825711424", "key": 0, "highway": "residential", "name": "상도로55길", "validation_status": "validated", "length_m": 71.35342486476668, "최대경사_pct": 5.7746702360614908, "B등급": "주의", "기준선_근처": true, "계단": false, "급한전환": 1 }, "geometry": { "type": "LineString", "coordinates": [ [ 126.959109699999985, 37.49740760000001 ], [ 126.9591476, 37.4974321 ], [ 126.9591754, 37.4974695 ], [ 126.9591869, 37.4975358 ], [ 126.9591323, 37.4978413 ], [ 126.959158299999984, 37.4978782 ], [ 126.9592289, 37.4979362 ], [ 126.9592941, 37.4979699 ] ] } },
{ "type": "Feature", "properties": { "u": "2825711987", "v": "12785639994", "key": 0, "highway": "residential", "name": "서달로", "validation_status": "validated", "length_m": 375.88906064284407, "최대경사_pct": 9.6234809926623974, "B등급": "위험", "기준선_근처": true, "계단": false, "급한전환": 0 }, "geometry": { "type": "LineString", "coordinates": [ [ 126.9611947, 37.4952503 ], [ 126.9612676, 37.4953377 ], [ 126.9613693, 37.495471599999988 ], [ 126.9613767, 37.4955624 ], [ 126.9613126, 37.4956975 ], [ 126.9611174, 37.495852500000026 ], [ 126.9603882, 37.4963759 ], [ 126.959767099999979, 37.496871 ], [ 126.9596219, 37.4969729 ], [ 126.959542099999979, 37.4971068 ], [ 126.959486200000015, 37.4972538 ], [ 126.959311899999989, 37.4978885 ], [ 126.9592941, 37.4979699 ] ] } },
{ "type": "Feature", "properties": { "u": "12816428873", "v": "12816428872", "key": 0, "highway": "residential", "name": "서달로", "validation_status": "validated", "length_m": 39.613001839348321, "최대경사_pct": 15.568814850610504, "B등급": "위험", "기준선_근처": false, "계단": false, "급한전환": 0 }, "geometry": { "type": "LineString", "coordinates": [ [ 126.9597851, 37.4989569 ], [ 126.9595543, 37.498651 ] ] } },
{ "type": "Feature", "properties": { "u": "12816428873", "v": "5406793613", "key": 0, "highway": [ "service", "path" ], "name": null, "validation_status": "validated", "length_m": 581.14231200172901, "최대경사_pct": 25.324249153439681, "B등급": "위험", "기준선_근처": false, "계단": false, "급한전환": 8 }, "geometry": { "type": "LineString", "coordinates": [ [ 126.9622136, 37.4977212 ], [ 126.96223950000001, 37.4978267 ], [ 126.96223670000002, 37.4979177 ], [ 126.9622666, 37.4980056 ], [ 126.962251, 37.498096099999984 ], [ 126.962296800000018, 37.4981802 ], [ 126.962180100000012, 37.4981802 ], [ 126.9620701, 37.498158300000028 ], [ 126.9619588, 37.498133 ], [ 126.961890900000014, 37.4982085 ], [ 126.9618266, 37.4982843 ], [ 126.9617899, 37.4983743 ], [ 126.9618702, 37.4984378 ], [ 126.9619683, 37.498485700000018 ], [ 126.9620868, 37.4984987 ], [ 126.962162, 37.4985663 ], [ 126.9622519, 37.4986253 ], [ 126.962342199999981, 37.4986813 ], [ 126.962354, 37.498591100000013 ], [ 126.9624188, 37.498514900000011 ], [ 126.9624779, 37.4984373 ], [ 126.9625577, 37.4985056 ], [ 126.9626575, 37.498555200000013 ], [ 126.9627458, 37.4986117 ], [ 126.962790600000019, 37.4986966 ], [ 126.9628885, 37.4987428 ], [ 126.96284, 37.4988248 ], [ 126.9627393, 37.4988744 ], [ 126.962681700000019, 37.498952 ], [ 126.9625854, 37.4990009 ], [ 126.9624892, 37.49895080000001 ], [ 126.9623738, 37.4989443 ], [ 126.962307900000013, 37.4988675 ], [ 126.9622, 37.4988372 ], [ 126.9621083, 37.49878360000001 ], [ 126.9619936, 37.4987576 ], [ 126.9618901, 37.4987092 ], [ 126.9617873, 37.4986689 ], [ 126.9616849, 37.4986215 ], [ 126.961572299999986, 37.4985908 ], [ 126.9614592, 37.4985671 ], [ 126.9613432, 37.4985427 ], [ 126.9612223, 37.498542 ], [ 126.961107100000021, 37.4985526 ], [ 126.960993500000015, 37.4985503 ], [ 126.9608746, 37.4985459 ], [ 126.9607575, 37.4985542 ], [ 126.960641599999988, 37.498559 ], [ 126.960525700000019, 37.498556300000025 ], [ 126.960413, 37.4985694 ], [ 126.960298600000016, 37.49857 ], [ 126.960183700000016, 37.4985737 ], [ 126.960064, 37.4985901 ], [ 126.9599499, 37.4985859 ], [ 126.9598338, 37.4986005 ], [ 126.95971830000002, 37.4986008 ], [ 126.959604399999989, 37.4986368 ], [ 126.9595543, 37.498651 ] ] } },
{ "type": "Feature", "properties": { "u": "2825714904", "v": "4686503139", "key": 0, "highway": "residential", "name": "상도로55길", "validation_status": "validated", "length_m": 7.19522664869094, "최대경사_pct": 8.6717033581785792, "B등급": "위험", "기준선_근처": true, "계단": false, "급한전환": 0 }, "geometry": { "type": "LineString", "coordinates": [ [ 126.958047500000021, 37.4975288 ], [ 126.957975500000018, 37.497559 ] ] } },
{ "type": "Feature", "properties": { "u": "2825714904", "v": "2825714913", "key": 0, "highway": "residential", "name": "상도로55길", "validation_status": "validated", "length_m": 225.87379930366188, "최대경사_pct": 10.491468078898503, "B등급": "위험", "기준선_근처": true, "계단": false, "급한전환": 0 }, "geometry": { "type": "LineString", "coordinates": [ [ 126.955521300000015, 37.4979801 ], [ 126.9555642, 37.4979633 ], [ 126.955631100000019, 37.49795060000001 ], [ 126.955788399999989, 37.4979202 ], [ 126.95647390000002, 37.4979064 ], [ 126.95661290000001, 37.4979144 ], [ 126.9569643, 37.4978952 ], [ 126.9570609, 37.4978718 ], [ 126.9571842, 37.497825 ], [ 126.9574551, 37.497710099999985 ], [ 126.9578575, 37.4975994 ], [ 126.957975500000018, 37.497559 ] ] } },
{ "type": "Feature", "properties": { "u": "2825728950", "v": "2825728935", "key": 0, "highway": "service", "name": "청림3다길", "validation_status": "unobserved", "length_m": 177.67933515746398, "최대경사_pct": 17.651701843067702, "B등급": "위험", "기준선_근처": false, "계단": false, "급한전환": 1 }, "geometry": { "type": "LineString", "coordinates": [ [ 126.9572442, 37.4908557 ], [ 126.957197699999981, 37.4907107 ], [ 126.9572348, 37.490672100000012 ], [ 126.9573157, 37.4905767 ], [ 126.9574015, 37.490525599999977 ], [ 126.9577234, 37.4903766 ], [ 126.957754, 37.4903473 ], [ 126.957833, 37.4902086 ], [ 126.9579379, 37.4900723 ], [ 126.9580104, 37.4900106 ], [ 126.9580903, 37.4899648 ], [ 126.9582653, 37.4898759 ], [ 126.9584588, 37.4898255 ], [ 126.9585329, 37.4897992 ] ] } },
{ "type": "Feature", "properties": { "u": "2825728950", "v": "2825727773", "key": 0, "highway": "residential", "name": "청림3길", "validation_status": "unobserved", "length_m": 37.614609648042624, "최대경사_pct": 19.023308584500974, "B등급": "위험", "기준선_근처": false, "계단": false, "급한전환": 0 }, "geometry": { "type": "LineString", "coordinates": [ [ 126.958624299999983, 37.4894684 ], [ 126.9585719, 37.4896318 ], [ 126.9585329, 37.4897992 ] ] } },
{ "type": "Feature", "properties": { "u": "4619539820", "v": "4619539841", "key": 0, "highway": "residential", "name": "청림3길", "validation_status": "validated", "length_m": 24.130697639463584, "최대경사_pct": 2.383655248259847, "B등급": "양호", "기준선_근처": true, "계단": false, "급한전환": 0 }, "geometry": { "type": "LineString", "coordinates": [ [ 126.95868590000002, 37.4906094 ], [ 126.958672899999982, 37.4905617 ], [ 126.958611200000021, 37.4904936 ], [ 126.95855210000002, 37.49042330000001 ] ] } },
{ "type": "Feature", "properties": { "u": "2824759264", "v": "2825727782", "key": 0, "highway": "service", "name": "청림1길", "validation_status": "unobserved", "length_m": 154.4196938581959, "최대경사_pct": 3.9474407006170069, "B등급": "양호", "기준선_근처": true, "계단": false, "급한전환": 2 }, "geometry": { "type": "LineString", "coordinates": [ [ 126.9589808, 37.4894511 ], [ 126.958756, 37.4892712 ], [ 126.958665699999983, 37.48903820000001 ], [ 126.958536600000016, 37.4887719 ], [ 126.958465500000017, 37.488656699999986 ], [ 126.958442199999979, 37.48859310000001 ], [ 126.958544100000012, 37.4885037 ], [ 126.9587212, 37.4884294 ], [ 126.95876, 37.4882998 ] ] } },
{ "type": "Feature", "properties": { "u": "2825727782", "v": "2825727773", "key": 0, "highway": "residential", "name": "청림3길", "validation_status": "unobserved", "length_m": 31.586518946217709, "최대경사_pct": 9.0942591945078277, "B등급": "위험", "기준선_근처": true, "계단": false, "급한전환": 0 }, "geometry": { "type": "LineString", "coordinates": [ [ 126.958624299999983, 37.4894684 ], [ 126.9589808, 37.4894511 ] ] } },
{ "type": "Feature", "properties": { "u": "12785639994", "v": "12785639987", "key": 0, "highway": "service", "name": null, "validation_status": "validated", "length_m": 34.803879868870617, "최대경사_pct": 5.3422671941287332, "B등급": "양호", "기준선_근처": true, "계단": false, "급한전환": 0 }, "geometry": { "type": "LineString", "coordinates": [ [ 126.960872600000016, 37.4954305 ], [ 126.9611947, 37.4952503 ] ] } },
{ "type": "Feature", "properties": { "u": "5746089412", "v": "13322228150", "key": 0, "highway": "residential", "name": "상도로61길", "validation_status": "bridged", "length_m": 7.6341678268480795, "최대경사_pct": 1.9270057885361069, "B등급": "양호", "기준선_근처": true, "계단": false, "급한전환": 0 }, "geometry": { "type": "LineString", "coordinates": [ [ 126.9595316, 37.4948503 ], [ 126.9595446, 37.4949183 ] ] } },
{ "type": "Feature", "properties": { "u": "5746089412", "v": "2890319302", "key": 0, "highway": "primary", "name": "사당로", "validation_status": "validated", "length_m": 55.319533877905755, "최대경사_pct": 6.1905165149420096, "B등급": "주의", "기준선_근처": true, "계단": false, "급한전환": 0 }, "geometry": { "type": "LineString", "coordinates": [ [ 126.95892520000001, 37.4949881 ], [ 126.9592775, 37.4949484 ], [ 126.9595446, 37.4949183 ] ] } },
{ "type": "Feature", "properties": { "u": "12816428872", "v": "8857857355", "key": 0, "highway": [ "path", "steps" ], "name": null, "validation_status": "validated", "length_m": 52.648719734398092, "최대경사_pct": 19.948458371658806, "B등급": "위험", "기준선_근처": false, "계단": true, "급한전환": 0 }, "geometry": { "type": "LineString", "coordinates": [ [ 126.9592229, 37.4989553 ], [ 126.9592833, 37.4989861 ], [ 126.959322900000018, 37.4990019 ], [ 126.959385700000013, 37.4990271 ], [ 126.959573800000015, 37.4989966 ], [ 126.9597689, 37.4989592 ], [ 126.9597851, 37.4989569 ] ] } },
{ "type": "Feature", "properties": { "u": "2829147710", "v": "4621486059", "key": 0, "highway": "service", "name": "상도로47바길", "validation_status": "unobserved", "length_m": 73.583988045309809, "최대경사_pct": 1.2688836879952174, "B등급": "양호", "기준선_근처": true, "계단": false, "급한전환": 0 }, "geometry": { "type": "LineString", "coordinates": [ [ 126.9527099, 37.503734 ], [ 126.9531421, 37.503854499999989 ], [ 126.9534945, 37.503754 ] ] } },
{ "type": "Feature", "properties": { "u": "2825701321", "v": "2825701313", "key": 0, "highway": "service", "name": "상도로45길", "validation_status": "unobserved", "length_m": 39.685643960015028, "최대경사_pct": 6.967244645934076, "B등급": "주의", "기준선_근처": true, "계단": false, "급한전환": 0 }, "geometry": { "type": "LineString", "coordinates": [ [ 126.953004799999988, 37.5029966 ], [ 126.9529602, 37.5033524 ] ] } },
{ "type": "Feature", "properties": { "u": "2825701321", "v": "2825701337", "key": 0, "highway": "service", "name": "상도로47바길", "validation_status": "unobserved", "length_m": 98.254005377508861, "최대경사_pct": 4.6070782206489449, "B등급": "양호", "기준선_근처": true, "계단": false, "급한전환": 0 }, "geometry": { "type": "LineString", "coordinates": [ [ 126.9518526, 37.5032812 ], [ 126.9529602, 37.5033524 ] ] } },
{ "type": "Feature", "properties": { "u": "2825701311", "v": "2825730232", "key": 0, "highway": "residential", "name": "상도로41길", "validation_status": "unobserved", "length_m": 18.044791625308097, "최대경사_pct": 11.47994906637893, "B등급": "위험", "기준선_근처": true, "계단": false, "급한전환": 0 }, "geometry": { "type": "LineString", "coordinates": [ [ 126.9500872, 37.5019191 ], [ 126.9502484, 37.5020188 ] ] } },
{ "type": "Feature", "properties": { "u": "2825701311", "v": "8483442364", "key": 0, "highway": "residential", "name": "상도로41길", "validation_status": "unobserved", "length_m": 85.194295577787813, "최대경사_pct": 8.4452386999774021, "B등급": "위험", "기준선_근처": true, "계단": false, "급한전환": 0 }, "geometry": { "type": "LineString", "coordinates": [ [ 126.9511068, 37.5023674 ], [ 126.9502484, 37.5020188 ] ] } },
{ "type": "Feature", "properties": { "u": "2825701311", "v": "4621475849", "key": 0, "highway": "residential", "name": "상도로41가길", "validation_status": "unobserved", "length_m": 24.379692037155127, "최대경사_pct": 7.9088703322283278, "B등급": "주의", "기준선_근처": true, "계단": false, "급한전환": 0 }, "geometry": { "type": "LineString", "coordinates": [ [ 126.9502303, 37.5022352 ], [ 126.950228900000013, 37.502054199999989 ], [ 126.9502484, 37.5020188 ] ] } },
{ "type": "Feature", "properties": { "u": "2825730232", "v": "2825730228", "key": 0, "highway": "residential", "name": "상도로41길", "validation_status": "unobserved", "length_m": 15.681160592129205, "최대경사_pct": 6.4896654113920249, "B등급": "주의", "기준선_근처": true, "계단": false, "급한전환": 0 }, "geometry": { "type": "LineString", "coordinates": [ [ 126.9499377, 37.5018431 ], [ 126.9500872, 37.5019191 ] ] } },
{ "type": "Feature", "properties": { "u": "2825730232", "v": "4621469140", "key": 0, "highway": "service", "name": "상도로47가길", "validation_status": "unobserved", "length_m": 87.70960777877302, "최대경사_pct": 4.2791504671602958, "B등급": "양호", "기준선_근처": true, "계단": false, "급한전환": 0 }, "geometry": { "type": "LineString", "coordinates": [ [ 126.950646800000015, 37.5012666 ], [ 126.9500872, 37.5019191 ] ] } },
{ "type": "Feature", "properties": { "u": "8483442364", "v": "4621475850", "key": 0, "highway": "service", "name": null, "validation_status": "unobserved", "length_m": 23.950168656092977, "최대경사_pct": 0.0, "B등급": "양호", "기준선_근처": false, "계단": false, "급한전환": 0 }, "geometry": { "type": "LineString", "coordinates": [ [ 126.9509839, 37.5025597 ], [ 126.9511068, 37.5023674 ] ] } },
{ "type": "Feature", "properties": { "u": "4621475849", "v": "2825701315", "key": 0, "highway": "residential", "name": "상도로41가길", "validation_status": "unobserved", "length_m": 30.677698071237746, "최대경사_pct": 10.290958747802687, "B등급": "위험", "기준선_근처": true, "계단": false, "급한전환": 0 }, "geometry": { "type": "LineString", "coordinates": [ [ 126.950227700000013, 37.5025116 ], [ 126.9502303, 37.5022352 ] ] } },
{ "type": "Feature", "properties": { "u": "4621475849", "v": "4621475850", "key": 0, "highway": "service", "name": "상도로41나길", "validation_status": "unobserved", "length_m": 75.745403824155247, "최대경사_pct": 3.852974385175155, "B등급": "양호", "기준선_근처": true, "계단": false, "급한전환": 0 }, "geometry": { "type": "LineString", "coordinates": [ [ 126.9509839, 37.5025597 ], [ 126.9502303, 37.5022352 ] ] } },
{ "type": "Feature", "properties": { "u": "2825701313", "v": "4621475848", "key": 0, "highway": "service", "name": "상도로45길", "validation_status": "unobserved", "length_m": 37.238106526489631, "최대경사_pct": 2.89396760735535, "B등급": "양호", "기준선_근처": true, "계단": false, "급한전환": 0 }, "geometry": { "type": "LineString", "coordinates": [ [ 126.9530258, 37.502661500000016 ], [ 126.953004799999988, 37.5029966 ] ] } },
{ "type": "Feature", "properties": { "u": "4621475848", "v": "4621475846", "key": 0, "highway": "service", "name": "상도로45길", "validation_status": "unobserved", "length_m": 64.063433354289117, "최대경사_pct": 4.1708156091005897, "B등급": "양호", "기준선_근처": true, "계단": false, "급한전환": 0 }, "geometry": { "type": "LineString", "coordinates": [ [ 126.95306770000002, 37.502085299999983 ], [ 126.9530485, 37.50228730000002 ], [ 126.9530258, 37.502661500000016 ] ] } },
{ "type": "Feature", "properties": { "u": "2825701315", "v": "8483442363", "key": 0, "highway": "service", "name": "상도로41다길", "validation_status": "unobserved", "length_m": 63.896327607630234, "최대경사_pct": 0.64589501699264207, "B등급": "양호", "기준선_근처": false, "계단": false, "급한전환": 0 }, "geometry": { "type": "LineString", "coordinates": [ [ 126.95088579999998, 37.502749399999985 ], [ 126.950227700000013, 37.5025116 ] ] } },
{ "type": "Feature", "properties": { "u": "2825701315", "v": "4621478345", "key": 0, "highway": "residential", "name": "상도로41가길", "validation_status": "unobserved", "length_m": 49.687639282276891, "최대경사_pct": 1.412407907167103, "B등급": "양호", "기준선_근처": true, "계단": false, "급한전환": 0 }, "geometry": { "type": "LineString", "coordinates": [ [ 126.9502565, 37.5029587 ], [ 126.950227700000013, 37.5025116 ] ] } },
{ "type": "Feature", "properties": { "u": "2825701315", "v": "10708858396", "key": 0, "highway": "service", "name": null, "validation_status": "unobserved", "length_m": 28.447053595590447, "최대경사_pct": 0.042980394900181317, "B등급": "양호", "기준선_근처": false, "계단": false, "급한전환": 0 }, "geometry": { "type": "LineString", "coordinates": [ [ 126.9499162, 37.5024997 ], [ 126.9499639, 37.502525100000014 ], [ 126.950227700000013, 37.5025116 ] ] } },
{ "type": "Feature", "properties": { "u": "8483442363", "v": "8483442362", "key": 0, "highway": "service", "name": null, "validation_status": "unobserved", "length_m": 27.003411745982216, "최대경사_pct": 6.5507528503576511, "B등급": "주의", "기준선_근처": true, "계단": false, "급한전환": 0 }, "geometry": { "type": "LineString", "coordinates": [ [ 126.950769900000012, 37.5029745 ], [ 126.95088579999998, 37.502749399999985 ] ] } },
{ "type": "Feature", "properties": { "u": "8483442363", "v": "4621475850", "key": 0, "highway": "service", "name": null, "validation_status": "unobserved", "length_m": 22.7711208930168, "최대경사_pct": 5.5605463002448143, "B등급": "주의", "기준선_근처": true, "계단": false, "급한전환": 0 }, "geometry": { "type": "LineString", "coordinates": [ [ 126.9509839, 37.5025597 ], [ 126.95088579999998, 37.502749399999985 ] ] } },
{ "type": "Feature", "properties": { "u": "8483442363", "v": "2825701337", "key": 0, "highway": "service", "name": "상도로41다길", "validation_status": "unobserved", "length_m": 106.44299123569374, "최대경사_pct": 4.3171845699088118, "B등급": "양호", "기준선_근처": true, "계단": false, "급한전환": 0 }, "geometry": { "type": "LineString", "coordinates": [ [ 126.9518526, 37.5032812 ], [ 126.951726, 37.5032486 ], [ 126.951589200000015, 37.503215 ], [ 126.9515458, 37.5031892 ], [ 126.9515056, 37.5031466 ], [ 126.951404100000019, 37.5030299 ], [ 126.9513098, 37.5029615 ], [ 126.950904800000018, 37.5027615 ], [ 126.95088579999998, 37.502749399999985 ] ] } },
{ "type": "Feature", "properties": { "u": "4621478345", "v": "4621482143", "key": 0, "highway": "residential", "name": "상도로41가길", "validation_status": "unobserved", "length_m": 41.933963785911608, "최대경사_pct": 0.0, "B등급": "양호", "기준선_근처": false, "계단": false, "급한전환": 0 }, "geometry": { "type": "LineString", "coordinates": [ [ 126.950262200000012, 37.5033365 ], [ 126.9502565, 37.5029587 ] ] } },
{ "type": "Feature", "properties": { "u": "4621478345", "v": "10708858400", "key": 0, "highway": "service", "name": "상도로39길", "validation_status": "unobserved", "length_m": 36.022249311917705, "최대경사_pct": 0.0, "B등급": "양호", "기준선_근처": false, "계단": false, "급한전환": 0 }, "geometry": { "type": "LineString", "coordinates": [ [ 126.9498684, 37.5030276 ], [ 126.9500029, 37.502968700000018 ], [ 126.9502565, 37.5029587 ] ] } },
{ "type": "Feature", "properties": { "u": "10708858396", "v": "4626902908", "key": 0, "highway": "service", "name": null, "validation_status": "unobserved", "length_m": 39.165903769722114, "최대경사_pct": 12.173307657442436, "B등급": "위험", "기준선_근처": true, "계단": false, "급한전환": 0 }, "geometry": { "type": "LineString", "coordinates": [ [ 126.94954820000001, 37.5023033 ], [ 126.9499162, 37.5024997 ] ] } },
{ "type": "Feature", "properties": { "u": "10708858396", "v": "10708858400", "key": 0, "highway": [ "service", "steps" ], "name": null, "validation_status": "unobserved", "length_m": 60.701949143826575, "최대경사_pct": 0.62078590387884336, "B등급": "양호", "기준선_근처": false, "계단": true, "급한전환": 0 }, "geometry": { "type": "LineString", "coordinates": [ [ 126.9498684, 37.5030276 ], [ 126.9498277, 37.5029608 ], [ 126.94983790000002, 37.5027254 ], [ 126.9498692, 37.5025691 ], [ 126.9499162, 37.5024997 ] ] } },
{ "type": "Feature", "properties": { "u": "2825701319", "v": "2825706567", "key": 0, "highway": "residential", "name": "상도로41길", "validation_status": "unobserved", "length_m": 44.964451751409356, "최대경사_pct": 4.1816976164776776, "B등급": "양호", "기준선_근처": true, "계단": false, "급한전환": 0 }, "geometry": { "type": "LineString", "coordinates": [ [ 126.9496819, 37.5017012 ], [ 126.9492675, 37.5014664 ] ] } },
{ "type": "Feature", "properties": { "u": "2825701319", "v": "13597219417", "key": 0, "highway": "service", "name": "상도로38길", "validation_status": "unobserved", "length_m": 15.868908635983493, "최대경사_pct": 0.95891236197559238, "B등급": "양호", "기준선_근처": true, "계단": false, "급한전환": 0 }, "geometry": { "type": "LineString", "coordinates": [ [ 126.949122, 37.5013827 ], [ 126.9492675, 37.5014664 ] ] } },
{ "type": "Feature", "properties": { "u": "2825701319", "v": "4621478356", "key": 0, "highway": "primary", "name": "상도로", "validation_status": "unobserved", "length_m": 63.931095690675932, "최대경사_pct": 3.5938802840240807, "B등급": "양호", "기준선_근처": true, "계단": false, "급한전환": 0 }, "geometry": { "type": "LineString", "coordinates": [ [ 126.9488511, 37.5019373 ], [ 126.9491166, 37.501637 ], [ 126.9492675, 37.5014664 ] ] } },
{ "type": "Feature", "properties": { "u": "2825701319", "v": "13597214695", "key": 0, "highway": "primary", "name": "상도로", "validation_status": "unobserved", "length_m": 30.411082187270953, "최대경사_pct": 2.3659168141362961, "B등급": "양호", "기준선_근처": true, "계단": false, "급한전환": 0 }, "geometry": { "type": "LineString", "coordinates": [ [ 126.9494565, 37.5012375 ], [ 126.9494127, 37.5012881 ], [ 126.9492675, 37.5014664 ] ] } },
{ "type": "Feature", "properties": { "u": "2825706567", "v": "2825730228", "key": 0, "highway": "residential", "name": "상도로41길", "validation_status": "unobserved", "length_m": 27.561544672929735, "최대경사_pct": 3.9650439896865919, "B등급": "양호", "기준선_근처": true, "계단": false, "급한전환": 0 }, "geometry": { "type": "LineString", "coordinates": [ [ 126.9499377, 37.5018431 ], [ 126.9496819, 37.5017012 ] ] } },
{ "type": "Feature", "properties": { "u": "2825706567", "v": "4626863240", "key": 0, "highway": "service", "name": "상도로37길", "validation_status": "unobserved", "length_m": 88.354152782507427, "최대경사_pct": 0.47233731872559015, "B등급": "양호", "기준선_근처": false, "계단": false, "급한전환": 0 }, "geometry": { "type": "LineString", "coordinates": [ [ 126.9502527, 37.501047799999988 ], [ 126.9496819, 37.5017012 ] ] } },
{ "type": "Feature", "properties": { "u": "2825706567", "v": "4626902909", "key": 0, "highway": "service", "name": "상도로37길", "validation_status": "unobserved", "length_m": 61.738491241417378, "최대경사_pct": 0.47013106780452574, "B등급": "양호", "기준선_근처": false, "계단": false, "급한전환": 0 }, "geometry": { "type": "LineString", "coordinates": [ [ 126.949284, 37.5021583 ], [ 126.9496819, 37.5017012 ] ] } },
{ "type": "Feature", "properties": { "u": "13597219417", "v": "4621509675", "key": 0, "highway": "service", "name": "상도로38길", "validation_status": "unobserved", "length_m": 34.828321737866602, "최대경사_pct": 4.8138560072598695, "B등급": "양호", "기준선_근처": true, "계단": false, "급한전환": 0 }, "geometry": { "type": "LineString", "coordinates": [ [ 126.9487898, 37.5012141 ], [ 126.949122, 37.5013827 ] ] } },
{ "type": "Feature", "properties": { "u": "13597219417", "v": "13597214694", "key": 0, "highway": "primary", "name": "상도로", "validation_status": "unobserved", "length_m": 29.719368701545967, "최대경사_pct": 2.560403639158094, "B등급": "양호", "기준선_근처": true, "계단": false, "급한전환": 0 }, "geometry": { "type": "LineString", "coordinates": [ [ 126.9493154, 37.5011637 ], [ 126.949122, 37.5013827 ] ] } },
{ "type": "Feature", "properties": { "u": "13597219417", "v": "13597219416", "key": 0, "highway": "primary", "name": "상도로", "validation_status": "unobserved", "length_m": 142.03497858616998, "최대경사_pct": 3.1956731741248876, "B등급": "양호", "기준선_근처": true, "계단": false, "급한전환": 0 }, "geometry": { "type": "LineString", "coordinates": [ [ 126.9482201, 37.5024416 ], [ 126.9487233, 37.5018414 ], [ 126.9489735, 37.5015578 ], [ 126.949122, 37.5013827 ] ] } },
{ "type": "Feature", "properties": { "u": "4621478356", "v": "4626902909", "key": 0, "highway": "service", "name": "상도로", "validation_status": "unobserved", "length_m": 45.462746974957668, "최대경사_pct": 0.32723018433578943, "B등급": "양호", "기준선_근처": false, "계단": false, "급한전환": 0 }, "geometry": { "type": "LineString", "coordinates": [ [ 126.949284, 37.5021583 ], [ 126.9488511, 37.5019373 ] ] } },
{ "type": "Feature", "properties": { "u": "4621478356", "v": "4621478352", "key": 0, "highway": "primary", "name": "상도로", "validation_status": "unobserved", "length_m": 77.930456742514664, "최대경사_pct": 1.0492394982649291, "B등급": "양호", "기준선_근처": true, "계단": false, "급한전환": 0 }, "geometry": { "type": "LineString", "coordinates": [ [ 126.9483515, 37.5025157 ], [ 126.9485289, 37.5023042 ], [ 126.9488511, 37.5019373 ] ] } },
{ "type": "Feature", "properties": { "u": "13597214695", "v": "13597214694", "key": 0, "highway": "primary_link", "name": null, "validation_status": "unobserved", "length_m": 14.925024538983777, "최대경사_pct": 5.9808965826095317, "B등급": "주의", "기준선_근처": true, "계단": false, "급한전환": 0 }, "geometry": { "type": "LineString", "coordinates": [ [ 126.9493154, 37.5011637 ], [ 126.9494565, 37.5012375 ] ] } },
{ "type": "Feature", "properties": { "u": "13597214695", "v": "4621469141", "key": 0, "highway": "primary", "name": "상도로", "validation_status": "unobserved", "length_m": 57.243905453961204, "최대경사_pct": 2.386361463328607, "B등급": "양호", "기준선_근처": true, "계단": false, "급한전환": 0 }, "geometry": { "type": "LineString", "coordinates": [ [ 126.9498242, 37.500813 ], [ 126.9494565, 37.5012375 ] ] } },
{ "type": "Feature", "properties": { "u": "2825701337", "v": "4621486058", "key": 0, "highway": "residential", "name": "상도로47길", "validation_status": "unobserved", "length_m": 60.108087098062612, "최대경사_pct": 1.2169463794747541, "B등급": "양호", "기준선_근처": true, "계단": false, "급한전환": 0 }, "geometry": { "type": "LineString", "coordinates": [ [ 126.9517509, 37.5038162 ], [ 126.9517949, 37.503654600000019 ], [ 126.9518526, 37.5032812 ] ] } },
{ "type": "Feature", "properties": { "u": "2825701322", "v": "4621475846", "key": 0, "highway": "service", "name": "상도로45길", "validation_status": "unobserved", "length_m": 47.046632418274122, "최대경사_pct": 3.3776814556040571, "B등급": "양호", "기준선_근처": true, "계단": false, "급한전환": 0 }, "geometry": { "type": "LineString", "coordinates": [ [ 126.95306770000002, 37.502085299999983 ], [ 126.95311270000002, 37.501865400000028 ], [ 126.9531303, 37.5016648 ] ] } },
{ "type": "Feature", "properties": { "u": "4621475846", "v": "4621475838", "key": 0, "highway": "service", "name": "상도로47길", "validation_status": "unobserved", "length_m": 96.044715556370178, "최대경사_pct": 5.2059084885991673, "B등급": "양호", "기준선_근처": true, "계단": false, "급한전환": 0 }, "geometry": { "type": "LineString", "coordinates": [ [ 126.9521154, 37.5017173 ], [ 126.952196199999989, 37.501778 ], [ 126.95237760000002, 37.5018909 ], [ 126.952596799999981, 37.502003599999988 ], [ 126.9528626, 37.502068 ], [ 126.95306770000002, 37.502085299999983 ] ] } },
{ "type": "Feature", "properties": { "u": "4621469141", "v": "4626863240", "key": 0, "highway": "service", "name": "상도로43길", "validation_status": "unobserved", "length_m": 45.986427846039632, "최대경사_pct": 0.75029840178702989, "B등급": "양호", "기준선_근처": false, "계단": false, "급한전환": 0 }, "geometry": { "type": "LineString", "coordinates": [ [ 126.9502527, 37.501047799999988 ], [ 126.9498242, 37.500813 ] ] } },
{ "type": "Feature", "properties": { "u": "2825706577", "v": "2825730235", "key": 0, "highway": "service", "name": "상도로45길", "validation_status": "validated", "length_m": 42.738949120919891, "최대경사_pct": 5.4855870192066662, "B등급": "양호", "기준선_근처": true, "계단": false, "급한전환": 0 }, "geometry": { "type": "LineString", "coordinates": [ [ 126.9512354, 37.500597 ], [ 126.950836200000012, 37.5003799 ] ] } },
{ "type": "Feature", "properties": { "u": "2825706577", "v": "4626863240", "key": 0, "highway": "service", "name": "상도로37길", "validation_status": "unobserved", "length_m": 90.316794639707425, "최대경사_pct": 3.3389083741861794, "B등급": "양호", "기준선_근처": true, "계단": false, "급한전환": 0 }, "geometry": { "type": "LineString", "coordinates": [ [ 126.9502527, 37.501047799999988 ], [ 126.950836200000012, 37.5003799 ] ] } },
{ "type": "Feature", "properties": { "u": "2825731327", "v": "2825730235", "key": 0, "highway": "service", "name": "상도로45길", "validation_status": "unobserved", "length_m": 32.792181850264889, "최대경사_pct": 7.7113068452746223, "B등급": "주의", "기준선_근처": true, "계단": false, "급한전환": 0 }, "geometry": { "type": "LineString", "coordinates": [ [ 126.9512354, 37.500597 ], [ 126.9515342, 37.500772 ] ] } },
{ "type": "Feature", "properties": { "u": "4621486058", "v": "13005797931", "key": 0, "highway": "service", "name": "상도로47아길", "validation_status": "unobserved", "length_m": 88.202454890059784, "최대경사_pct": 10.399986334981968, "B등급": "위험", "기준선_근처": true, "계단": false, "급한전환": 0 }, "geometry": { "type": "LineString", "coordinates": [ [ 126.9527088, 37.5036296 ], [ 126.952526899999981, 37.5036393 ], [ 126.952306600000014, 37.5037035 ], [ 126.952036, 37.5037959 ], [ 126.9517509, 37.5038162 ] ] } },
{ "type": "Feature", "properties": { "u": "4621486058", "v": "4621482136", "key": 0, "highway": "residential", "name": "상도로47길", "validation_status": "unobserved", "length_m": 36.272563863820452, "최대경사_pct": 3.5455386179147181, "B등급": "양호", "기준선_근처": true, "계단": false, "급한전환": 0 }, "geometry": { "type": "LineString", "coordinates": [ [ 126.9517241, 37.5041422 ], [ 126.9517244, 37.5040885 ], [ 126.9517509, 37.5038162 ] ] } },
{ "type": "Feature", "properties": { "u": "2825706542", "v": "2825706563", "key": 0, "highway": "tertiary", "name": "상도로53길", "validation_status": "validated", "length_m": 13.183910645357846, "최대경사_pct": 8.8152183612863411, "B등급": "위험", "기준선_근처": true, "계단": false, "급한전환": 0 }, "geometry": { "type": "LineString", "coordinates": [ [ 126.9530751, 37.497817 ], [ 126.9531901, 37.4978926 ] ] } },
{ "type": "Feature", "properties": { "u": "2825706542", "v": "11413637745", "key": 0, "highway": "footway", "name": null, "validation_status": "unobserved", "length_m": 12.378981873495741, "최대경사_pct": 4.0274647883772854, "B등급": "양호", "기준선_근처": true, "계단": false, "급한전환": 0 }, "geometry": { "type": "LineString", "coordinates": [ [ 126.953262, 37.4977969 ], [ 126.9531901, 37.4978926 ] ] } },
{ "type": "Feature", "properties": { "u": "2825706542", "v": "11413637591", "key": 0, "highway": "footway", "name": null, "validation_status": "unobserved", "length_m": 12.237891638631957, "최대경사_pct": 2.7611207813489713, "B등급": "양호", "기준선_근처": true, "계단": false, "급한전환": 0 }, "geometry": { "type": "LineString", "coordinates": [ [ 126.953119, 37.4979872 ], [ 126.9531901, 37.4978926 ] ] } },
{ "type": "Feature", "properties": { "u": "2825706542", "v": "2825711099", "key": 0, "highway": "tertiary", "name": "상도로53길", "validation_status": "unobserved", "length_m": 21.40583521551747, "최대경사_pct": 9.177679066998353, "B등급": "위험", "기준선_근처": true, "계단": false, "급한전환": 0 }, "geometry": { "type": "LineString", "coordinates": [ [ 126.953333, 37.498046 ], [ 126.953290700000011, 37.4979789 ], [ 126.9531901, 37.4978926 ] ] } },
{ "type": "Feature", "properties": { "u": "2825706563", "v": "2825711038", "key": 0, "highway": "service", "name": "상도로37길", "validation_status": "validated", "length_m": 41.255380672355741, "최대경사_pct": 5.2001906172441297, "B등급": "양호", "기준선_근처": true, "계단": false, "급한전환": 0 }, "geometry": { "type": "LineString", "coordinates": [ [ 126.9533416, 37.4975119 ], [ 126.9530751, 37.497817 ] ] } },
{ "type": "Feature", "properties": { "u": "2825706563", "v": "13230033251", "key": 0, "highway": "service", "name": "상도로37길", "validation_status": "validated", "length_m": 15.364536715476767, "최대경사_pct": 4.9044115474926882, "B등급": "양호", "기준선_근처": true, "계단": false, "급한전환": 0 }, "geometry": { "type": "LineString", "coordinates": [ [ 126.9529758, 37.4979306 ], [ 126.9530751, 37.497817 ] ] } },
{ "type": "Feature", "properties": { "u": "11413637591", "v": "13230033251", "key": 0, "highway": "footway", "name": null, "validation_status": "validated", "length_m": 14.135421257324184, "최대경사_pct": 9.2834565028434213, "B등급": "위험", "기준선_근처": true, "계단": false, "급한전환": 0 }, "geometry": { "type": "LineString", "coordinates": [ [ 126.9529758, 37.4979306 ], [ 126.953119, 37.4979872 ] ] } },
{ "type": "Feature", "properties": { "u": "11413637591", "v": "11413588662", "key": 0, "highway": "footway", "name": null, "validation_status": "validated", "length_m": 31.789021656327609, "최대경사_pct": 10.674836814929995, "B등급": "위험", "기준선_근처": true, "계단": false, "급한전환": 1 }, "geometry": { "type": "LineString", "coordinates": [ [ 126.953224400000011, 37.49823090000001 ], [ 126.9532305, 37.4981969 ], [ 126.9532307, 37.4981225 ], [ 126.9532323, 37.498062199999985 ], [ 126.953207600000013, 37.4980458 ], [ 126.953119, 37.4979872 ] ] } },
{ "type": "Feature", "properties": { "u": "2825711099", "v": "2825711071", "key": 0, "highway": "residential", "name": "상도로53가길", "validation_status": "validated", "length_m": 51.097034094521298, "최대경사_pct": 0.89982509660003984, "B등급": "양호", "기준선_근처": true, "계단": false, "급한전환": 0 }, "geometry": { "type": "LineString", "coordinates": [ [ 126.9535161, 37.4976126 ], [ 126.953480099999979, 37.49765470000002 ], [ 126.9534345, 37.497735600000013 ], [ 126.9533872, 37.4978804 ], [ 126.953333, 37.498046 ] ] } },
{ "type": "Feature", "properties": { "u": "2825706543", "v": "2825706571", "key": 0, "highway": "primary_link", "name": null, "validation_status": "unobserved", "length_m": 65.840053528605182, "최대경사_pct": 0.66881301280419891, "B등급": "양호", "기준선_근처": false, "계단": false, "급한전환": 0 }, "geometry": { "type": "LineString", "coordinates": [ [ 126.9482447, 37.5033463 ], [ 126.948199200000019, 37.503306400000014 ], [ 126.948150600000019, 37.5032532 ], [ 126.948121300000011, 37.5032116 ], [ 126.9481014, 37.5031681 ], [ 126.9480909, 37.503139 ], [ 126.9480792, 37.503090400000012 ], [ 126.9480677, 37.5030341 ], [ 126.9480661, 37.5029679 ], [ 126.948071400000018, 37.5029156 ], [ 126.9480818, 37.5028593 ], [ 126.9481013, 37.502794 ] ] } },
{ "type": "Feature", "properties": { "u": "2825706543", "v": "4621478352", "key": 0, "highway": "primary", "name": "상도로", "validation_status": "unobserved", "length_m": 38.001017119342123, "최대경사_pct": 4.7231837224964464, "B등급": "양호", "기준선_근처": true, "계단": false, "급한전환": 0 }, "geometry": { "type": "LineString", "coordinates": [ [ 126.9483515, 37.5025157 ], [ 126.9482935, 37.5025753 ], [ 126.9481013, 37.502794 ] ] } },
{ "type": "Feature", "properties": { "u": "2825706571", "v": "10712384713", "key": 0, "highway": "service", "name": "상도로37길", "validation_status": "unobserved", "length_m": 8.6253510637027837, "최대경사_pct": 2.0986191187337631, "B등급": "양호", "기준선_근처": true, "계단": false, "급한전환": 0 }, "geometry": { "type": "LineString", "coordinates": [ [ 126.9483004, 37.5032825 ], [ 126.9482447, 37.5033463 ] ] } },
{ "type": "Feature", "properties": { "u": "2825706571", "v": "2825706550", "key": 0, "highway": "primary_link", "name": null, "validation_status": "unobserved", "length_m": 53.286703405078995, "최대경사_pct": 3.7606500248857819, "B등급": "양호", "기준선_근처": true, "계단": false, "급한전환": 0 }, "geometry": { "type": "LineString", "coordinates": [ [ 126.948658699999982, 37.5036929 ], [ 126.9484722, 37.5035078 ], [ 126.9482447, 37.5033463 ] ] } },
{ "type": "Feature", "properties": { "u": "4621478352", "v": "4626938545", "key": 0, "highway": "service", "name": "상도로39길", "validation_status": "unobserved", "length_m": 44.918803320294188, "최대경사_pct": 1.5074516799629005, "B등급": "양호", "기준선_근처": true, "계단": false, "급한전환": 0 }, "geometry": { "type": "LineString", "coordinates": [ [ 126.9487751, 37.5027391 ], [ 126.9483515, 37.5025157 ] ] } },
{ "type": "Feature", "properties": { "u": "2825706548", "v": "4621460691", "key": 0, "highway": "service", "name": "상도로37길", "validation_status": "unobserved", "length_m": 54.130221091501959, "최대경사_pct": 2.2548630406277681, "B등급": "양호", "기준선_근처": true, "계단": false, "급한전환": 0 }, "geometry": { "type": "LineString", "coordinates": [ [ 126.9523654, 37.4986294 ], [ 126.9520157, 37.4990297 ] ] } },
{ "type": "Feature", "properties": { "u": "2825706548", "v": "2825733606", "key": 0, "highway": "service", "name": "상도로49길", "validation_status": "unobserved", "length_m": 150.37818549667188, "최대경사_pct": 12.17820983157285, "B등급": "위험", "기준선_근처": true, "계단": false, "급한전환": 1 }, "geometry": { "type": "LineString", "coordinates": [ [ 126.952623700000018, 37.4996943 ], [ 126.952693600000018, 37.4996558 ], [ 126.9527774, 37.4996274 ], [ 126.953013400000017, 37.499578400000011 ], [ 126.95304520000002, 37.4995419 ], [ 126.9530398, 37.4995164 ], [ 126.9520157, 37.4990297 ] ] } },
{ "type": "Feature", "properties": { "u": "4621460691", "v": "4621460690", "key": 0, "highway": "service", "name": "상도로37길", "validation_status": "unobserved", "length_m": 6.4000991995151013, "최대경사_pct": 2.6389847770991777, "B등급": "양호", "기준선_근처": true, "계단": false, "급한전환": 0 }, "geometry": { "type": "LineString", "coordinates": [ [ 126.9524068, 37.4985821 ], [ 126.9523654, 37.4986294 ] ] } },
{ "type": "Feature", "properties": { "u": "4621460691", "v": "11413637707", "key": 0, "highway": "service", "name": "상도로37길", "validation_status": "validated", "length_m": 54.877203274180253, "최대경사_pct": 16.50708304634712, "B등급": "위험", "기준선_근처": false, "계단": false, "급한전환": 0 }, "geometry": { "type": "LineString", "coordinates": [ [ 126.9529829, 37.4985801 ], [ 126.9523654, 37.4986294 ] ] } },
{ "type": "Feature", "properties": { "u": "2825733606", "v": "2825731303", "key": 0, "highway": "service", "name": "상도로47나길", "validation_status": "unobserved", "length_m": 122.39278793225915, "최대경사_pct": 8.1704160587752188, "B등급": "주의", "기준선_근처": true, "계단": false, "급한전환": 2 }, "geometry": { "type": "LineString", "coordinates": [ [ 126.9529995, 37.5002985 ], [ 126.9526942, 37.5001594 ], [ 126.95250919999998, 37.5000338 ], [ 126.9523643, 37.4999423 ], [ 126.95228920000001, 37.4998487 ], [ 126.952286500000014, 37.4997891 ], [ 126.952297300000012, 37.499752900000011 ], [ 126.952420600000011, 37.4997019 ], [ 126.9525226, 37.4996891 ], [ 126.952623700000018, 37.4996943 ] ] } },
{ "type": "Feature", "properties": { "u": "2825706556", "v": "11413588662", "key": 0, "highway": "footway", "name": null, "validation_status": "unobserved", "length_m": 9.8364722722395204, "최대경사_pct": 20.541106573534336, "B등급": "위험", "기준선_근처": false, "계단": false, "급한전환": 0 }, "geometry": { "type": "LineString", "coordinates": [ [ 126.953224400000011, 37.49823090000001 ], [ 126.9533159, 37.4982813 ] ] } },
{ "type": "Feature", "properties": { "u": "2825706556", "v": "11413637479", "key": 0, "highway": "footway", "name": null, "validation_status": "validated", "length_m": 18.356355211150252, "최대경사_pct": 18.654875807223828, "B등급": "위험", "기준선_근처": false, "계단": false, "급한전환": 0 }, "geometry": { "type": "LineString", "coordinates": [ [ 126.9534867, 37.4983753 ], [ 126.9533159, 37.4982813 ] ] } },
{ "type": "Feature", "properties": { "u": "11413588662", "v": "11413637707", "key": 0, "highway": "footway", "name": null, "validation_status": "validated", "length_m": 44.28189543508384, "최대경사_pct": 1.0892297942741416, "B등급": "양호", "기준선_근처": true, "계단": false, "급한전환": 0 }, "geometry": { "type": "LineString", "coordinates": [ [ 126.9529829, 37.4985801 ], [ 126.9531028, 37.4984222 ], [ 126.953224400000011, 37.49823090000001 ] ] } },
{ "type": "Feature", "properties": { "u": "2825711038", "v": "2825711094", "key": 0, "highway": "service", "name": "상도로37길", "validation_status": "validated", "length_m": 48.248345944975675, "최대경사_pct": 2.9153471543155973, "B등급": "양호", "기준선_근처": true, "계단": false, "급한전환": 0 }, "geometry": { "type": "LineString", "coordinates": [ [ 126.9536533, 37.4971551 ], [ 126.9533416, 37.4975119 ] ] } },
{ "type": "Feature", "properties": { "u": "2825711038", "v": "2825711071", "key": 0, "highway": "service", "name": null, "validation_status": "unobserved", "length_m": 19.053074065698407, "최대경사_pct": 15.078517202704825, "B등급": "위험", "기준선_근처": false, "계단": false, "급한전환": 0 }, "geometry": { "type": "LineString", "coordinates": [ [ 126.9535161, 37.4976126 ], [ 126.9533416, 37.4975119 ] ] } },
{ "type": "Feature", "properties": { "u": "13230033251", "v": "4621460690", "key": 0, "highway": "service", "name": "상도로37길", "validation_status": "unobserved", "length_m": 88.09131133575778, "최대경사_pct": 4.2901141959649847, "B등급": "양호", "기준선_근처": true, "계단": false, "급한전환": 0 }, "geometry": { "type": "LineString", "coordinates": [ [ 126.9524068, 37.4985821 ], [ 126.9529758, 37.4979306 ] ] } },
{ "type": "Feature", "properties": { "u": "13230033251", "v": "11413637561", "key": 0, "highway": "footway", "name": null, "validation_status": "unobserved", "length_m": 31.581879937623334, "최대경사_pct": 7.9155061046788449, "B등급": "주의", "기준선_근처": true, "계단": false, "급한전환": 0 }, "geometry": { "type": "LineString", "coordinates": [ [ 126.9526751, 37.4977775 ], [ 126.9529322, 37.497913100000027 ], [ 126.9529758, 37.4979306 ] ] } },
{ "type": "Feature", "properties": { "u": "2825730228", "v": "4626902908", "key": 0, "highway": "service", "name": "상도로39가길", "validation_status": "unobserved", "length_m": 61.603175406083103, "최대경사_pct": 8.2544953803781507, "B등급": "주의", "기준선_근처": true, "계단": false, "급한전환": 0 }, "geometry": { "type": "LineString", "coordinates": [ [ 126.94954820000001, 37.5023033 ], [ 126.9499377, 37.5018431 ] ] } },
{ "type": "Feature", "properties": { "u": "4626863240", "v": "4621469140", "key": 0, "highway": "service", "name": "상도로43길", "validation_status": "unobserved", "length_m": 42.474582774950619, "최대경사_pct": 12.67867159640725, "B등급": "위험", "기준선_근처": true, "계단": false, "급한전환": 0 }, "geometry": { "type": "LineString", "coordinates": [ [ 126.950646800000015, 37.5012666 ], [ 126.9502527, 37.501047799999988 ] ] } },
{ "type": "Feature", "properties": { "u": "4626902909", "v": "4626938545", "key": 0, "highway": "service", "name": "상도로37길", "validation_status": "unobserved", "length_m": 78.613634372558877, "최대경사_pct": 0.22079432171398569, "B등급": "양호", "기준선_근처": false, "계단": false, "급한전환": 0 }, "geometry": { "type": "LineString", "coordinates": [ [ 126.9487751, 37.5027391 ], [ 126.949284, 37.5021583 ] ] } },
{ "type": "Feature", "properties": { "u": "4626902909", "v": "4626902908", "key": 0, "highway": [ "service", "steps" ], "name": null, "validation_status": "unobserved", "length_m": 28.368431924243076, "최대경사_pct": 11.934427266821276, "B등급": "위험", "기준선_근처": true, "계단": true, "급한전환": 0 }, "geometry": { "type": "LineString", "coordinates": [ [ 126.94954820000001, 37.5023033 ], [ 126.9493604, 37.5021994 ], [ 126.949284, 37.5021583 ] ] } },
{ "type": "Feature", "properties": { "u": "2825730230", "v": "2825730235", "key": 0, "highway": "service", "name": "상도로47가길", "validation_status": "unobserved", "length_m": 78.62234302423667, "최대경사_pct": 3.3140335894593336, "B등급": "양호", "기준선_근처": true, "계단": false, "급한전환": 0 }, "geometry": { "type": "LineString", "coordinates": [ [ 126.9512354, 37.500597 ], [ 126.9517475, 37.5000179 ] ] } },
{ "type": "Feature", "properties": { "u": "10712384713", "v": "4626938545", "key": 0, "highway": "service", "name": "상도로37길", "validation_status": "unobserved", "length_m": 73.478918669494846, "최대경사_pct": 2.2826392847361636, "B등급": "양호", "기준선_근처": true, "계단": false, "급한전환": 0 }, "geometry": { "type": "LineString", "coordinates": [ [ 126.9487751, 37.5027391 ], [ 126.9483004, 37.5032825 ] ] } },
{ "type": "Feature", "properties": { "u": "10712384713", "v": "10712384714", "key": 0, "highway": "service", "name": null, "validation_status": "unobserved", "length_m": 114.82147914513064, "최대경사_pct": 1.7225966144825058, "B등급": "양호", "기준선_근처": true, "계단": false, "급한전환": 0 }, "geometry": { "type": "LineString", "coordinates": [ [ 126.949365, 37.5038749 ], [ 126.9483004, 37.5032825 ] ] } },
{ "type": "Feature", "properties": { "u": "2825730235", "v": "4621471425", "key": 0, "highway": "service", "name": "상도로47가길", "validation_status": "validated", "length_m": 49.768294248481261, "최대경사_pct": 0.99523491413105358, "B등급": "양호", "기준선_근처": true, "계단": false, "급한전환": 0 }, "geometry": { "type": "LineString", "coordinates": [ [ 126.950924700000016, 37.5009709 ], [ 126.9512354, 37.500597 ] ] } },
{ "type": "Feature", "properties": { "u": "2825711094", "v": "2825711047", "key": 0, "highway": "residential", "name": "상도로55길", "validation_status": "validated", "length_m": 19.823189963608108, "최대경사_pct": 3.2186724612315012, "B등급": "양호", "기준선_근처": true, "계단": false, "급한전환": 0 }, "geometry": { "type": "LineString", "coordinates": [ [ 126.9538774, 37.497159600000032 ], [ 126.9536533, 37.4971551 ] ] } },
{ "type": "Feature", "properties": { "u": "2825711094", "v": "2825711091", "key": 0, "highway": "service", "name": "상도로55길", "validation_status": "validated", "length_m": 39.356506957332186, "최대경사_pct": 8.3333333333333321, "B등급": "주의", "기준선_근처": true, "계단": false, "급한전환": 0 }, "geometry": { "type": "LineString", "coordinates": [ [ 126.9538378, 37.4968324 ], [ 126.9536533, 37.4971551 ] ] } },
{ "type": "Feature", "properties": { "u": "2825711094", "v": "2825711406", "key": 0, "highway": "residential", "name": "상도로55길", "validation_status": "validated", "length_m": 60.826461496881308, "최대경사_pct": 8.1464826374688073, "B등급": "주의", "기준선_근처": true, "계단": false, "급한전환": 0 }, "geometry": { "type": "LineString", "coordinates": [ [ 126.952976800000016, 37.4971372 ], [ 126.953155600000017, 37.4971853 ], [ 126.9536533, 37.4971551 ] ] } },
{ "type": "Feature", "properties": { "u": "2825711071", "v": "2825711413", "key": 0, "highway": "residential", "name": "상도로53가길", "validation_status": "validated", "length_m": 115.24595970411488, "최대경사_pct": 2.8946555633244482, "B등급": "양호", "기준선_근처": true, "계단": false, "급한전환": 1 }, "geometry": { "type": "LineString", "coordinates": [ [ 126.9545095, 37.4971449 ], [ 126.9545047, 37.49732490000001 ], [ 126.9544725, 37.497359 ], [ 126.9543331, 37.4974079 ], [ 126.954153299999987, 37.497448299999981 ], [ 126.9537269, 37.4975079 ], [ 126.9536594, 37.4975267 ], [ 126.9535767, 37.4975675 ], [ 126.9535161, 37.4976126 ] ] } },
{ "type": "Feature", "properties": { "u": "2825711047", "v": "2825711413", "key": 0, "highway": "residential", "name": "상도로55길", "validation_status": "validated", "length_m": 55.919662620974094, "최대경사_pct": 5.3908170528926762, "B등급": "양호", "기준선_근처": true, "계단": false, "급한전환": 0 }, "geometry": { "type": "LineString", "coordinates": [ [ 126.9545095, 37.4971449 ], [ 126.9538774, 37.497159600000032 ] ] } },
{ "type": "Feature", "properties": { "u": "2825711047", "v": "4686503142", "key": 0, "highway": "service", "name": "상도로55길", "validation_status": "validated", "length_m": 31.575506304120616, "최대경사_pct": 6.1009579535222969, "B등급": "주의", "기준선_근처": true, "계단": false, "급한전환": 0 }, "geometry": { "type": "LineString", "coordinates": [ [ 126.9538653, 37.4968753 ], [ 126.9538653, 37.4969242 ], [ 126.9538774, 37.497159600000032 ] ] } },
{ "type": "Feature", "properties": { "u": "2825711413", "v": "3713157340", "key": 0, "highway": "residential", "name": "상도로55길", "validation_status": "validated", "length_m": 142.46893749619534, "최대경사_pct": 8.4466509279912732, "B등급": "위험", "기준선_근처": true, "계단": false, "급한전환": 1 }, "geometry": { "type": "LineString", "coordinates": [ [ 126.9555146, 37.4979788 ], [ 126.9553781, 37.497941100000013 ], [ 126.955344900000014, 37.4979203 ], [ 126.9552966, 37.4978765 ], [ 126.9552638, 37.4978207 ], [ 126.955238400000013, 37.4977598 ], [ 126.955204800000018, 37.4976207 ], [ 126.955177, 37.4975652 ], [ 126.9551324, 37.4975228 ], [ 126.9548507, 37.4973249 ], [ 126.9547967, 37.4972607 ], [ 126.95477910000001, 37.4971756 ], [ 126.9547428, 37.4971441 ], [ 126.9546958, 37.4971315 ], [ 126.9545095, 37.4971449 ] ] } },
{ "type": "Feature", "properties": { "u": "2825711406", "v": "13528976148", "key": 0, "highway": "primary", "name": "상도로", "validation_status": "validated", "length_m": 194.11909541227851, "최대경사_pct": 6.4970740475693107, "B등급": "주의", "기준선_근처": true, "계단": false, "급한전환": 0 }, "geometry": { "type": "LineString", "coordinates": [ [ 126.9542131, 37.495692 ], [ 126.954077900000016, 37.495845 ], [ 126.9532378, 37.4968386 ], [ 126.952976800000016, 37.4971372 ] ] } },
{ "type": "Feature", "properties": { "u": "13528976148", "v": "13149390528", "key": 0, "highway": "footway", "name": null, "validation_status": "validated", "length_m": 14.653998974954634, "최대경사_pct": 1.5441406932755797, "B등급": "양호", "기준선_근처": true, "계단": false, "급한전환": 0 }, "geometry": { "type": "LineString", "coordinates": [ [ 126.954345500000017, 37.4957714 ], [ 126.9542131, 37.495692 ] ] } },
{ "type": "Feature", "properties": { "u": "3713157340", "v": "2825714913", "key": 0, "highway": "residential", "name": "상도로55길", "validation_status": "validated", "length_m": 0.60978212285480005, "최대경사_pct": 14.330301986888305, "B등급": "위험", "기준선_근처": false, "계단": false, "급한전환": 0 }, "geometry": { "type": "LineString", "coordinates": [ [ 126.955521300000015, 37.4979801 ], [ 126.9555146, 37.4979788 ] ] } },
{ "type": "Feature", "properties": { "u": "2825711424", "v": "4686503139", "key": 0, "highway": "residential", "name": "상도로55길", "validation_status": "validated", "length_m": 97.2330326728827, "최대경사_pct": 6.3786635082551824, "B등급": "주의", "기준선_근처": true, "계단": false, "급한전환": 0 }, "geometry": { "type": "LineString", "coordinates": [ [ 126.958047500000021, 37.4975288 ], [ 126.9582035, 37.4974632 ], [ 126.9583322, 37.4974292 ], [ 126.9585008, 37.4973969 ], [ 126.9586916, 37.4973866 ], [ 126.9590028, 37.497386600000013 ], [ 126.95906380000001, 37.4973908 ], [ 126.959109699999985, 37.49740760000001 ] ] } },
{ "type": "Feature", "properties": { "u": "2825711424", "v": "12785639987", "key": 0, "highway": "residential", "name": "상도로55길", "validation_status": "unobserved", "length_m": 328.12025888409192, "최대경사_pct": 8.4348762726446989, "B등급": "위험", "기준선_근처": true, "계단": false, "급한전환": 4 }, "geometry": { "type": "LineString", "coordinates": [ [ 126.960872600000016, 37.4954305 ], [ 126.960925900000021, 37.49550330000001 ], [ 126.960942, 37.4955596 ], [ 126.9609233, 37.495608599999983 ], [ 126.9607677, 37.495764 ], [ 126.9606895, 37.4958137 ], [ 126.960636, 37.4958354 ], [ 126.960352900000018, 37.495907099999989 ], [ 126.9598956, 37.4960708 ], [ 126.9598266, 37.4960997 ], [ 126.9597696, 37.4961467 ], [ 126.9594398, 37.4964703 ], [ 126.9593839, 37.4965466 ], [ 126.9593232, 37.496606700000022 ], [ 126.959248200000019, 37.4966437 ], [ 126.959177100000019, 37.4966595 ], [ 126.959104, 37.496688800000015 ], [ 126.959033799999986, 37.496724399999984 ], [ 126.9589561, 37.4967834 ], [ 126.958906500000012, 37.4968538 ], [ 126.95887860000002, 37.4969088 ], [ 126.9588673, 37.496954500000029 ], [ 126.958864800000015, 37.4970024 ], [ 126.9588687, 37.497043600000012 ], [ 126.9588821, 37.4970905 ], [ 126.9589226, 37.4971325 ], [ 126.958989100000011, 37.4971677 ], [ 126.959053899999986, 37.4971939 ], [ 126.9591138, 37.4972483 ], [ 126.95915, 37.4972987 ], [ 126.959139099999987, 37.4973681 ], [ 126.959109699999985, 37.49740760000001 ] ] } },
{ "type": "Feature", "properties": { "u": "12785639987", "v": "12800872692", "key": 0, "highway": "service", "name": null, "validation_status": "unobserved", "length_m": 2.961642202223723, "최대경사_pct": 4.9195606577000701, "B등급": "양호", "기준선_근처": true, "계단": false, "급한전환": 0 }, "geometry": { "type": "LineString", "coordinates": [ [ 126.9608414, 37.495440200000026 ], [ 126.960872600000016, 37.4954305 ] ] } },
{ "type": "Feature", "properties": { "u": "2825714913", "v": "4654271182", "key": 0, "highway": "service", "name": null, "validation_status": "validated", "length_m": 123.50093289251089, "최대경사_pct": 16.367844358631228, "B등급": "위험", "기준선_근처": false, "계단": false, "급한전환": 0 }, "geometry": { "type": "LineString", "coordinates": [ [ 126.956867, 37.4982748 ], [ 126.956457499999985, 37.4981907 ], [ 126.955856200000014, 37.4980675 ], [ 126.955703199999988, 37.4980352 ], [ 126.955521300000015, 37.4979801 ] ] } },
{ "type": "Feature", "properties": { "u": "2825723221", "v": "10611854835", "key": 0, "highway": "residential", "name": "상도로60길", "validation_status": "validated", "length_m": 22.503840035268386, "최대경사_pct": 11.127607497888665, "B등급": "위험", "기준선_근처": true, "계단": false, "급한전환": 0 }, "geometry": { "type": "LineString", "coordinates": [ [ 126.954225, 37.49426780000001 ], [ 126.9541906, 37.4940669 ] ] } },
{ "type": "Feature", "properties": { "u": "2825723221", "v": "2825723284", "key": 0, "highway": "residential", "name": "상도로60길", "validation_status": "validated", "length_m": 40.615322519631661, "최대경사_pct": 10.156864085073636, "B등급": "위험", "기준선_근처": true, "계단": false, "급한전환": 0 }, "geometry": { "type": "LineString", "coordinates": [ [ 126.954173600000018, 37.4937015 ], [ 126.9541705, 37.4938111 ], [ 126.9541756, 37.4938992 ], [ 126.9541906, 37.4940669 ] ] } },
{ "type": "Feature", "properties": { "u": "2825723221", "v": "2825726596", "key": 0, "highway": "service", "name": "상도로", "validation_status": "unobserved", "length_m": 64.349859554859364, "최대경사_pct": 0.94731507490921907, "B등급": "양호", "기준선_근처": true, "계단": false, "급한전환": 0 }, "geometry": { "type": "LineString", "coordinates": [ [ 126.954912600000014, 37.4941177 ], [ 126.954574, 37.4940705 ], [ 126.9543852, 37.49406089999998 ], [ 126.9541906, 37.4940669 ] ] } },
{ "type": "Feature", "properties": { "u": "10611854835", "v": "10611854840", "key": 0, "highway": "residential", "name": "상도로60길", "validation_status": "validated", "length_m": 18.815337552496302, "최대경사_pct": 10.508684483409946, "B등급": "위험", "기준선_근처": true, "계단": false, "급한전환": 0 }, "geometry": { "type": "LineString", "coordinates": [ [ 126.9542401, 37.4944369 ], [ 126.954225, 37.49426780000001 ] ] } },
{ "type": "Feature", "properties": { "u": "10611854835", "v": "10611854838", "key": 0, "highway": "service", "name": null, "validation_status": "validated", "length_m": 77.709932018459781, "최대경사_pct": 0.0013203638597390466, "B등급": "양호", "기준선_근처": false, "계단": false, "급한전환": 0 }, "geometry": { "type": "LineString", "coordinates": [ [ 126.955077, 37.4943933 ], [ 126.955008399999983, 37.4943637 ], [ 126.9548029, 37.4943076 ], [ 126.954521700000015, 37.4942647 ], [ 126.9543603, 37.4942597 ], [ 126.954225, 37.49426780000001 ] ] } },
{ "type": "Feature", "properties": { "u": "2825723284", "v": "2825726589", "key": 0, "highway": "service", "name": "상도로66길", "validation_status": "unobserved", "length_m": 36.466294409717058, "최대경사_pct": 24.479206836126533, "B등급": "위험", "기준선_근처": false, "계단": false, "급한전환": 0 }, "geometry": { "type": "LineString", "coordinates": [ [ 126.9537619, 37.4937201 ], [ 126.954173600000018, 37.4937015 ] ] } },
{ "type": "Feature", "properties": { "u": "2825723284", "v": "2825723264", "key": 0, "highway": "residential", "name": "상도로60길", "validation_status": "validated", "length_m": 31.014799528356285, "최대경사_pct": 8.3333333333333321, "B등급": "주의", "기준선_근처": true, "계단": false, "급한전환": 0 }, "geometry": { "type": "LineString", "coordinates": [ [ 126.9542028, 37.4934232 ], [ 126.9541807, 37.4935748 ], [ 126.954173600000018, 37.4937015 ] ] } },
{ "type": "Feature", "properties": { "u": "2825723284", "v": "2825726591", "key": 0, "highway": "service", "name": "상도로66길", "validation_status": "unobserved", "length_m": 75.029376833757951, "최대경사_pct": 0.3922650624778361, "B등급": "양호", "기준선_근처": false, "계단": false, "급한전환": 0 }, "geometry": { "type": "LineString", "coordinates": [ [ 126.9550092, 37.4937814 ], [ 126.95488779999998, 37.4937453 ], [ 126.9547501, 37.4937197 ], [ 126.9544776, 37.493701500000014 ], [ 126.954173600000018, 37.4937015 ] ] } },
{ "type": "Feature", "properties": { "u": "2825726596", "v": "2825726590", "key": 0, "highway": "service", "name": "상도로", "validation_status": "validated", "length_m": 27.312162553592124, "최대경사_pct": 0.2553284672468692, "B등급": "양호", "기준선_근처": false, "계단": false, "급한전환": 0 }, "geometry": { "type": "LineString", "coordinates": [ [ 126.9551921, 37.494222400000027 ], [ 126.954912600000014, 37.4941177 ] ] } },
{ "type": "Feature", "properties": { "u": "2825726596", "v": "2825726591", "key": 0, "highway": "service", "name": "상도로66길", "validation_status": "validated", "length_m": 38.290007652019945, "최대경사_pct": 8.2628596145390301, "B등급": "주의", "기준선_근처": true, "계단": false, "급한전환": 0 }, "geometry": { "type": "LineString", "coordinates": [ [ 126.9550092, 37.4937814 ], [ 126.954912600000014, 37.4941177 ] ] } },
{ "type": "Feature", "properties": { "u": "2825723223", "v": "2825723251", "key": 0, "highway": "service", "name": "상도로68가길", "validation_status": "unobserved", "length_m": 98.122013500792491, "최대경사_pct": 11.428656152291456, "B등급": "위험", "기준선_근처": true, "계단": false, "급한전환": 0 }, "geometry": { "type": "LineString", "coordinates": [ [ 126.9549982, 37.4931832 ], [ 126.9549827, 37.4922992 ] ] } },
{ "type": "Feature", "properties": { "u": "2825723223", "v": "10611854823", "key": 0, "highway": "service", "name": "상도로60길", "validation_status": "unobserved", "length_m": 33.057916628721266, "최대경사_pct": 8.6128005444309483, "B등급": "위험", "기준선_근처": true, "계단": false, "급한전환": 0 }, "geometry": { "type": "LineString", "coordinates": [ [ 126.954609, 37.4923065 ], [ 126.9549827, 37.4922992 ] ] } },
{ "type": "Feature", "properties": { "u": "2825723223", "v": "13324709651", "key": 0, "highway": "service", "name": "상도로68길", "validation_status": "unobserved", "length_m": 11.943620035022166, "최대경사_pct": 8.7602059827293264, "B등급": "위험", "기준선_근처": true, "계단": false, "급한전환": 0 }, "geometry": { "type": "LineString", "coordinates": [ [ 126.9551177, 37.4922961 ], [ 126.9549827, 37.4922992 ] ] } },
{ "type": "Feature", "properties": { "u": "2825723251", "v": "2825723287", "key": 0, "highway": "service", "name": "상도로68길", "validation_status": "unobserved", "length_m": 9.6659407445590393, "최대경사_pct": 10.39429654837067, "B등급": "위험", "기준선_근처": true, "계단": false, "급한전환": 0 }, "geometry": { "type": "LineString", "coordinates": [ [ 126.954888900000014, 37.4931837 ], [ 126.9549982, 37.4931832 ] ] } },
{ "type": "Feature", "properties": { "u": "2825723251", "v": "13324709651", "key": 0, "highway": "service", "name": "상도로68길", "validation_status": "unobserved", "length_m": 158.02244451894364, "최대경사_pct": 13.492234418083937, "B등급": "위험", "기준선_근처": false, "계단": false, "급한전환": 2 }, "geometry": { "type": "LineString", "coordinates": [ [ 126.9551177, 37.4922961 ], [ 126.955332699999985, 37.4922932 ], [ 126.9553794, 37.4922959 ], [ 126.955409700000018, 37.4923097 ], [ 126.9554243, 37.4923288 ], [ 126.95543, 37.4923544 ], [ 126.95542380000002, 37.4926314 ], [ 126.9553982, 37.4931526 ], [ 126.9553891, 37.4931729 ], [ 126.9553687, 37.4931886 ], [ 126.9553393, 37.4931945 ], [ 126.9549982, 37.4931832 ] ] } },
{ "type": "Feature", "properties": { "u": "10611854823", "v": "2825723404", "key": 0, "highway": "service", "name": "상도로60가길", "validation_status": "validated", "length_m": 94.296134698487052, "최대경사_pct": 13.201749845987742, "B등급": "위험", "기준선_근처": false, "계단": false, "급한전환": 0 }, "geometry": { "type": "LineString", "coordinates": [ [ 126.954615300000015, 37.4931561 ], [ 126.954609, 37.4923065 ] ] } },
{ "type": "Feature", "properties": { "u": "10611854823", "v": "2825723228", "key": 0, "highway": "service", "name": "상도로60길", "validation_status": "unobserved", "length_m": 3.5394303528790969, "최대경사_pct": 4.323149702831917, "B등급": "양호", "기준선_근처": true, "계단": false, "급한전환": 0 }, "geometry": { "type": "LineString", "coordinates": [ [ 126.954569100000015, 37.492309 ], [ 126.954609, 37.4923065 ] ] } },
{ "type": "Feature", "properties": { "u": "13324709651", "v": "13324709657", "key": 0, "highway": "service", "name": null, "validation_status": "unobserved", "length_m": 37.994391300705686, "최대경사_pct": 1.0455305013706351, "B등급": "양호", "기준선_근처": true, "계단": false, "급한전환": 1 }, "geometry": { "type": "LineString", "coordinates": [ [ 126.9549176, 37.4920864 ], [ 126.955028499999983, 37.4920831 ], [ 126.9550553, 37.4920851 ], [ 126.9550757, 37.4920906 ], [ 126.9550933, 37.4921015 ], [ 126.9551063, 37.4921203 ], [ 126.955110099999985, 37.492152200000014 ], [ 126.9551177, 37.4922961 ] ] } },
{ "type": "Feature", "properties": { "u": "2825723225", "v": "2825723272", "key": 0, "highway": "service", "name": null, "validation_status": "unobserved", "length_m": 45.818964623514617, "최대경사_pct": 2.8039861910720276, "B등급": "양호", "기준선_근처": true, "계단": false, "급한전환": 0 }, "geometry": { "type": "LineString", "coordinates": [ [ 126.95192320000001, 37.495446200000011 ], [ 126.9522954, 37.495159 ] ] } },
{ "type": "Feature", "properties": { "u": "2825723225", "v": "7256876601", "key": 0, "highway": "service", "name": "상도로58길", "validation_status": "validated", "length_m": 315.35637471204137, "최대경사_pct": 14.041599199680174, "B등급": "위험", "기준선_근처": false, "계단": false, "급한전환": 1 }, "geometry": { "type": "LineString", "coordinates": [ [ 126.950670200000019, 37.4940359 ], [ 126.951317, 37.4937958 ], [ 126.9518251, 37.4938008 ], [ 126.9524784, 37.4942093 ], [ 126.952597699999984, 37.4943359 ], [ 126.9526335, 37.4943912 ], [ 126.9526339, 37.494448899999988 ], [ 126.952601500000014, 37.494502 ], [ 126.9521493, 37.49487389999998 ], [ 126.952119400000015, 37.4949227 ], [ 126.9521085, 37.4949769 ], [ 126.952123200000017, 37.4950231 ], [ 126.9521576, 37.4950632 ], [ 126.9522174, 37.4951069 ], [ 126.9522954, 37.495159 ] ] } },
{ "type": "Feature", "properties": { "u": "2825723272", "v": "13296689135", "key": 0, "highway": "service", "name": "상도로56길", "validation_status": "validated", "length_m": 68.927839893441202, "최대경사_pct": 9.7627865468963506, "B등급": "위험", "기준선_근처": true, "계단": false, "급한전환": 0 }, "geometry": { "type": "LineString", "coordinates": [ [ 126.9524621, 37.4958949 ], [ 126.95192320000001, 37.495446200000011 ] ] } },
{ "type": "Feature", "properties": { "u": "2825723272", "v": "2825723246", "key": 0, "highway": "service", "name": "상도로56길", "validation_status": "validated", "length_m": 13.381128710361503, "최대경사_pct": 16.23446323177108, "B등급": "위험", "기준선_근처": false, "계단": false, "급한전환": 0 }, "geometry": { "type": "LineString", "coordinates": [ [ 126.9518191, 37.4953587 ], [ 126.95192320000001, 37.495446200000011 ] ] } },
{ "type": "Feature", "properties": { "u": "7256876601", "v": "3958853416", "key": 0, "highway": "service", "name": "상도로58길", "validation_status": "unobserved", "length_m": 92.153846932981651, "최대경사_pct": 8.3523185492523808, "B등급": "위험", "기준선_근처": true, "계단": false, "급한전환": 0 }, "geometry": { "type": "LineString", "coordinates": [ [ 126.9496464, 37.4939094 ], [ 126.950537, 37.4940495 ], [ 126.950670200000019, 37.4940359 ] ] } },
{ "type": "Feature", "properties": { "u": "7256876601", "v": "7256876597", "key": 0, "highway": "path", "name": null, "validation_status": "unobserved", "length_m": 133.36867213271688, "최대경사_pct": 14.457802296735995, "B등급": "위험", "기준선_근처": false, "계단": false, "급한전환": 0 }, "geometry": { "type": "LineString", "coordinates": [ [ 126.950776499999989, 37.492918699999983 ], [ 126.950685299999989, 37.4930294 ], [ 126.950527, 37.4931953 ], [ 126.950516300000018, 37.4933337 ], [ 126.9505297, 37.4935593 ], [ 126.9506316, 37.4937316 ], [ 126.950670200000019, 37.4940359 ] ] } },
{ "type": "Feature", "properties": { "u": "2825723228", "v": "13324709401", "key": 0, "highway": "service", "name": "상도로60길", "validation_status": "validated", "length_m": 82.025398643653304, "최대경사_pct": 14.843726125320631, "B등급": "위험", "기준선_근처": false, "계단": false, "급한전환": 0 }, "geometry": { "type": "LineString", "coordinates": [ [ 126.9541699, 37.4916487 ], [ 126.9542821, 37.4918025 ], [ 126.9544072, 37.491955 ], [ 126.9544525, 37.492024200000039 ], [ 126.9544861, 37.492116 ], [ 126.9545284, 37.4922467 ], [ 126.954538500000012, 37.4922656 ], [ 126.954569100000015, 37.492309 ] ] } },
{ "type": "Feature", "properties": { "u": "2825723228", "v": "13317612289", "key": 0, "highway": "service", "name": "상도로60길", "validation_status": "validated", "length_m": 145.81226799722296, "최대경사_pct": 10.804437983113191, "B등급": "위험", "기준선_근처": true, "계단": false, "급한전환": 1 }, "geometry": { "type": "LineString", "coordinates": [ [ 126.954208100000017, 37.4933902 ], [ 126.954244800000012, 37.4932085 ], [ 126.954253, 37.4931333 ], [ 126.9542609, 37.492864300000022 ], [ 126.9542574, 37.492663199999988 ], [ 126.95425520000002, 37.4923449 ], [ 126.9542584, 37.4923329 ], [ 126.954270500000021, 37.492322 ], [ 126.954288600000012, 37.4923169 ], [ 126.954569100000015, 37.492309 ] ] } },
{ "type": "Feature", "properties": { "u": "13324709401", "v": "4408894227", "key": 0, "highway": "service", "name": "상도로60길", "validation_status": "unobserved", "length_m": 108.53756792034437, "최대경사_pct": 15.810244083511751, "B등급": "위험", "기준선_근처": false, "계단": false, "급한전환": 0 }, "geometry": { "type": "LineString", "coordinates": [ [ 126.9532341, 37.4910704 ], [ 126.9532629, 37.4910683 ], [ 126.953397, 37.4910896 ], [ 126.953458700000013, 37.4911321 ], [ 126.9535954, 37.4912513 ], [ 126.9537269, 37.4913492 ], [ 126.9538261, 37.4914003 ], [ 126.9539656, 37.4914513 ], [ 126.954018500000018, 37.4914769 ], [ 126.9540535, 37.4915077 ], [ 126.954090800000017, 37.4915508 ], [ 126.9541699, 37.4916487 ] ] } },
{ "type": "Feature", "properties": { "u": "13324709401", "v": "13324709406", "key": 0, "highway": "service", "name": null, "validation_status": "validated", "length_m": 83.478430078399128, "최대경사_pct": 5.4623491838032567, "B등급": "양호", "기준선_근처": true, "계단": false, "급한전환": 1 }, "geometry": { "type": "LineString", "coordinates": [ [ 126.9539241, 37.49219530000002 ], [ 126.9538815, 37.4919922 ], [ 126.953811299999984, 37.4918301 ], [ 126.9538037, 37.4918105 ], [ 126.9538005, 37.4917913 ], [ 126.9538059, 37.4917747 ], [ 126.953817, 37.491764200000013 ], [ 126.9541699, 37.4916487 ] ] } },
{ "type": "Feature", "properties": { "u": "13317612289", "v": "2825723264", "key": 0, "highway": "service", "name": "상도로60길", "validation_status": "validated", "length_m": 3.6924364179329108, "최대경사_pct": 10.320634745653029, "B등급": "위험", "기준선_근처": true, "계단": false, "급한전환": 0 }, "geometry": { "type": "LineString", "coordinates": [ [ 126.9542028, 37.4934232 ], [ 126.954208100000017, 37.4933902 ] ] } },
{ "type": "Feature", "properties": { "u": "13317612289", "v": "10611854831", "key": 0, "highway": "service", "name": null, "validation_status": "validated", "length_m": 106.12933293886539, "최대경사_pct": 12.439051890349065, "B등급": "위험", "기준선_근처": true, "계단": false, "급한전환": 2 }, "geometry": { "type": "LineString", "coordinates": [ [ 126.953397100000018, 37.493021500000012 ], [ 126.9538892, 37.4930854 ], [ 126.9538308, 37.4933342 ], [ 126.954148, 37.4933832 ], [ 126.954208100000017, 37.4933902 ] ] } },
{ "type": "Feature", "properties": { "u": "2825723240", "v": "4620925483", "key": 0, "highway": "primary", "name": "상도로", "validation_status": "unobserved", "length_m": 52.061575723304408, "최대경사_pct": 2.275880904366995, "B등급": "양호", "기준선_근처": true, "계단": false, "급한전환": 0 }, "geometry": { "type": "LineString", "coordinates": [ [ 126.953668400000012, 37.496138 ], [ 126.9533337, 37.496523900000014 ] ] } },
{ "type": "Feature", "properties": { "u": "2825723240", "v": "11413637615", "key": 0, "highway": "primary", "name": "상도로", "validation_status": "unobserved", "length_m": 113.56802118246353, "최대경사_pct": 4.4265215315943269, "B등급": "양호", "기준선_근처": true, "계단": false, "급한전환": 0 }, "geometry": { "type": "LineString", "coordinates": [ [ 126.95261, 37.497369 ], [ 126.9527354, 37.497219200000011 ], [ 126.9528249, 37.4971041 ], [ 126.9531763, 37.4967034 ], [ 126.9533337, 37.496523900000014 ] ] } },
{ "type": "Feature", "properties": { "u": "11413637615", "v": "11413637939", "key": 0, "highway": "footway", "name": null, "validation_status": "validated", "length_m": 10.511152287297143, "최대경사_pct": 1.4589079471608102, "B등급": "양호", "기준선_근처": true, "계단": false, "급한전환": 0 }, "geometry": { "type": "LineString", "coordinates": [ [ 126.952512700000014, 37.497314599999989 ], [ 126.95261, 37.497369 ] ] } },
{ "type": "Feature", "properties": { "u": "2825723287", "v": "2825723404", "key": 0, "highway": "service", "name": "상도로60길", "validation_status": "unobserved", "length_m": 24.768006244416142, "최대경사_pct": 5.8232894359427689, "B등급": "주의", "기준선_근처": true, "계단": false, "급한전환": 0 }, "geometry": { "type": "LineString", "coordinates": [ [ 126.954615300000015, 37.4931561 ], [ 126.9546524, 37.4931722 ], [ 126.9546818, 37.4931791 ], [ 126.954888900000014, 37.4931837 ] ] } },
{ "type": "Feature", "properties": { "u": "2825723287", "v": "2825727126", "key": 0, "highway": "service", "name": "상도로68길", "validation_status": "validated", "length_m": 145.41722904813037, "최대경사_pct": 7.5391853632788735, "B등급": "주의", "기준선_근처": true, "계단": false, "급한전환": 2 }, "geometry": { "type": "LineString", "coordinates": [ [ 126.9559464, 37.4932835 ], [ 126.955818400000013, 37.4932936 ], [ 126.9557519, 37.493303 ], [ 126.9557198, 37.4933178 ], [ 126.95569540000001, 37.4933385 ], [ 126.9554516, 37.4935999 ], [ 126.9554221, 37.4936218 ], [ 126.955383900000015, 37.493629 ], [ 126.955342, 37.4936243 ], [ 126.9550595, 37.493568500000016 ], [ 126.9549791, 37.4935345 ], [ 126.9549335, 37.4934941 ], [ 126.954892299999983, 37.49335150000001 ], [ 126.9548849, 37.4932726 ], [ 126.954888900000014, 37.4931837 ] ] } },
{ "type": "Feature", "properties": { "u": "2825723257", "v": "13261401480", "key": 0, "highway": "service", "name": null, "validation_status": "unobserved", "length_m": 5.8622041732539412, "최대경사_pct": 27.313069273049056, "B등급": "위험", "기준선_근처": false, "계단": false, "급한전환": 0 }, "geometry": { "type": "LineString", "coordinates": [ [ 126.949631, 37.50012270000002 ], [ 126.9495724, 37.500098 ] ] } },
{ "type": "Feature", "properties": { "u": "13261401480", "v": "2825723281", "key": 0, "highway": "service", "name": null, "validation_status": "unobserved", "length_m": 26.351297579604402, "최대경사_pct": 19.888875080093307, "B등급": "위험", "기준선_근처": false, "계단": false, "급한전환": 0 }, "geometry": { "type": "LineString", "coordinates": [ [ 126.9498945, 37.5002336 ], [ 126.949631, 37.50012270000002 ] ] } },
{ "type": "Feature", "properties": { "u": "13261401480", "v": "13261401489", "key": 0, "highway": "steps", "name": null, "validation_status": "unobserved", "length_m": 92.060816132560831, "최대경사_pct": 25.854805581773434, "B등급": "위험", "기준선_근처": false, "계단": true, "급한전환": 1 }, "geometry": { "type": "LineString", "coordinates": [ [ 126.948705, 37.4998532 ], [ 126.9487399, 37.4998555 ], [ 126.9496009, 37.5001653 ], [ 126.949631, 37.50012270000002 ] ] } },
{ "type": "Feature", "properties": { "u": "13296689135", "v": "13296689136", "key": 0, "highway": "service", "name": null, "validation_status": "validated", "length_m": 32.918982083237168, "최대경사_pct": 2.173128423273833, "B등급": "양호", "기준선_근처": true, "계단": false, "급한전환": 0 }, "geometry": { "type": "LineString", "coordinates": [ [ 126.9522234, 37.4961225 ], [ 126.9524621, 37.4958949 ] ] } },
{ "type": "Feature", "properties": { "u": "2825723264", "v": "2825723404", "key": 0, "highway": "service", "name": "상도로60가길", "validation_status": "validated", "length_m": 50.801862264065143, "최대경사_pct": 5.3504782356361131, "B등급": "양호", "기준선_근처": true, "계단": false, "급한전환": 1 }, "geometry": { "type": "LineString", "coordinates": [ [ 126.954615300000015, 37.4931561 ], [ 126.9543553, 37.493405899999978 ], [ 126.9543363, 37.493422700000011 ], [ 126.9543114, 37.4934326 ], [ 126.9542776, 37.493436100000025 ], [ 126.9542449, 37.493433400000015 ], [ 126.9542028, 37.4934232 ] ] } },
{ "type": "Feature", "properties": { "u": "2825723281", "v": "13597219418", "key": 0, "highway": "service", "name": null, "validation_status": "unobserved", "length_m": 17.542128671247109, "최대경사_pct": 12.908333888023252, "B등급": "위험", "기준선_근처": true, "계단": false, "급한전환": 0 }, "geometry": { "type": "LineString", "coordinates": [ [ 126.950058100000021, 37.500323 ], [ 126.9498945, 37.5002336 ] ] } },
{ "type": "Feature", "properties": { "u": "2825723281", "v": "3337436844", "key": 0, "highway": "service", "name": null, "validation_status": "unobserved", "length_m": 115.53007189863941, "최대경사_pct": 3.0523604954007162, "B등급": "양호", "기준선_근처": true, "계단": false, "급한전환": 0 }, "geometry": { "type": "LineString", "coordinates": [ [ 126.9506282, 37.4993723 ], [ 126.9498945, 37.5002336 ] ] } },
{ "type": "Feature", "properties": { "u": "13597219418", "v": "13597214694", "key": 0, "highway": "primary", "name": "상도로", "validation_status": "unobserved", "length_m": 114.10127543453454, "최대경사_pct": 3.0178331455292482, "B등급": "양호", "기준선_근처": true, "계단": false, "급한전환": 0 }, "geometry": { "type": "LineString", "coordinates": [ [ 126.9493154, 37.5011637 ], [ 126.950058100000021, 37.500323 ] ] } },
{ "type": "Feature", "properties": { "u": "13597219418", "v": "13597219419", "key": 0, "highway": "primary", "name": "상도로", "validation_status": "unobserved", "length_m": 204.70115219243644, "최대경사_pct": 7.4117554082740318, "B등급": "주의", "기준선_근처": true, "계단": false, "급한전환": 0 }, "geometry": { "type": "LineString", "coordinates": [ [ 126.951367800000014, 37.4988022 ], [ 126.951266100000012, 37.4989176 ], [ 126.951107400000012, 37.4991017 ], [ 126.9505586, 37.4997385 ], [ 126.950058100000021, 37.500323 ] ] } },
{ "type": "Feature", "properties": { "u": "3337436844", "v": "13281452472", "key": 0, "highway": "service", "name": "상도로50길", "validation_status": "bridged", "length_m": 10.88650868399561, "최대경사_pct": 1.6119256462884244, "B등급": "양호", "기준선_근처": true, "계단": false, "급한전환": 0 }, "geometry": { "type": "LineString", "coordinates": [ [ 126.950698, 37.4992915 ], [ 126.9506282, 37.4993723 ] ] } },
{ "type": "Feature", "properties": { "u": "3337436844", "v": "3337436851", "key": 0, "highway": "service", "name": null, "validation_status": "validated", "length_m": 187.50241004407542, "최대경사_pct": 22.073070116091227, "B등급": "위험", "기준선_근처": false, "계단": false, "급한전환": 3 }, "geometry": { "type": "LineString", "coordinates": [ [ 126.949919900000012, 37.498298 ], [ 126.9500531, 37.4982878 ], [ 126.9505252, 37.498541 ], [ 126.9505507, 37.4985953 ], [ 126.950531900000016, 37.4986527 ], [ 126.950149300000021, 37.499108 ], [ 126.9506282, 37.4993723 ] ] } },
{ "type": "Feature", "properties": { "u": "2825726589", "v": "10611854826", "key": 0, "highway": "service", "name": null, "validation_status": "unobserved", "length_m": 34.961552497193452, "최대경사_pct": 17.317255303500829, "B등급": "위험", "기준선_근처": false, "계단": false, "급한전환": 0 }, "geometry": { "type": "LineString", "coordinates": [ [ 126.953795, 37.494034 ], [ 126.9537619, 37.4937201 ] ] } },
{ "type": "Feature", "properties": { "u": "2825726589", "v": "2825726703", "key": 0, "highway": [ "service", "steps" ], "name": [ "상도로66길", "상도로62가길" ], "validation_status": "unobserved", "length_m": 91.66524213314338, "최대경사_pct": 6.2113152889340624, "B등급": "주의", "기준선_근처": true, "계단": true, "급한전환": 1 }, "geometry": { "type": "LineString", "coordinates": [ [ 126.953286700000021, 37.4941687 ], [ 126.9532723, 37.4941104 ], [ 126.9532588, 37.4940266 ], [ 126.953256, 37.4939183 ], [ 126.95324410000002, 37.4937872 ], [ 126.953254900000019, 37.4937558 ], [ 126.95329790000001, 37.4937359 ], [ 126.953459, 37.4937315 ], [ 126.9536226, 37.4937262 ], [ 126.9537619, 37.4937201 ] ] } },
{ "type": "Feature", "properties": { "u": "2825726589", "v": "10611854825", "key": 0, "highway": "service", "name": null, "validation_status": "unobserved", "length_m": 17.655586945028997, "최대경사_pct": 12.145867258755937, "B등급": "위험", "기준선_근처": true, "계단": false, "급한전환": 0 }, "geometry": { "type": "LineString", "coordinates": [ [ 126.9537334, 37.4935635 ], [ 126.9537468, 37.4936851 ], [ 126.9537619, 37.4937201 ] ] } },
{ "type": "Feature", "properties": { "u": "2825726591", "v": "2825726710", "key": 0, "highway": "service", "name": "상도로66길", "validation_status": "validated", "length_m": 39.896046837438035, "최대경사_pct": 0.55872042980823267, "B등급": "양호", "기준선_근처": false, "계단": false, "급한전환": 0 }, "geometry": { "type": "LineString", "coordinates": [ [ 126.9554281, 37.4939144 ], [ 126.955284400000011, 37.4938631 ], [ 126.9550092, 37.4937814 ] ] } },
{ "type": "Feature", "properties": { "u": "2825727126", "v": "11413637692", "key": 0, "highway": "service", "name": "상도로68길", "validation_status": "unobserved", "length_m": 1.6806688946921855, "최대경사_pct": 4.5829991455989001, "B등급": "양호", "기준선_근처": true, "계단": false, "급한전환": 0 }, "geometry": { "type": "LineString", "coordinates": [ [ 126.9559613, 37.4932929 ], [ 126.9559464, 37.4932835 ] ] } },
{ "type": "Feature", "properties": { "u": "13314251024", "v": "13314251025", "key": 0, "highway": "service", "name": null, "validation_status": "unobserved", "length_m": 17.395774790909922, "최대경사_pct": 4.2392915339659254, "B등급": "양호", "기준선_근처": true, "계단": false, "급한전환": 0 }, "geometry": { "type": "LineString", "coordinates": [ [ 126.9531447, 37.4953631 ], [ 126.953340200000014, 37.4953457 ] ] } },
{ "type": "Feature", "properties": { "u": "13314251024", "v": "13296682682", "key": 0, "highway": "service", "name": "상도로54길", "validation_status": "unobserved", "length_m": 42.473426343600423, "최대경사_pct": 14.06032703776326, "B등급": "위험", "기준선_근처": false, "계단": false, "급한전환": 1 }, "geometry": { "type": "LineString", "coordinates": [ [ 126.9531512, 37.4950305 ], [ 126.9532381, 37.4950508 ], [ 126.953268100000017, 37.4950758 ], [ 126.953340200000014, 37.4953457 ] ] } },
{ "type": "Feature", "properties": { "u": "2825723290", "v": "13261418419", "key": 0, "highway": "service", "name": "상도로38다길", "validation_status": "unobserved", "length_m": 94.287176934838627, "최대경사_pct": 12.119591990062611, "B등급": "위험", "기준선_근처": true, "계단": false, "급한전환": 0 }, "geometry": { "type": "LineString", "coordinates": [ [ 126.94862430000002, 37.500007899999986 ], [ 126.9485658, 37.5000826 ], [ 126.9485276, 37.5001399 ], [ 126.9483881, 37.5002819 ], [ 126.9483256, 37.5003697 ], [ 126.948286599999989, 37.5004986 ], [ 126.948254700000021, 37.5006236 ], [ 126.9482534, 37.5006492 ], [ 126.948265600000013, 37.5006793 ], [ 126.948296500000012, 37.5007244 ], [ 126.9483183, 37.500767600000017 ] ] } },
{ "type": "Feature", "properties": { "u": "2825723290", "v": "10154131883", "key": 0, "highway": "service", "name": "상도로38길", "validation_status": "unobserved", "length_m": 43.938330588711523, "최대경사_pct": 0.10653414558781549, "B등급": "양호", "기준선_근처": false, "계단": false, "급한전환": 0 }, "geometry": { "type": "LineString", "coordinates": [ [ 126.9486572, 37.5004974 ], [ 126.9485539, 37.5005285 ], [ 126.948405400000013, 37.5006396 ], [ 126.9483671, 37.5006974 ], [ 126.9483183, 37.500767600000017 ] ] } },
{ "type": "Feature", "properties": { "u": "2825723290", "v": "10154131874", "key": 0, "highway": [ "service", "steps" ], "name": "상도로38길", "validation_status": "unobserved", "length_m": 31.04671874861571, "최대경사_pct": 31.485176518120095, "B등급": "위험", "기준선_근처": false, "계단": true, "급한전환": 0 }, "geometry": { "type": "LineString", "coordinates": [ [ 126.9484735, 37.5010077 ], [ 126.9484342, 37.5009709 ], [ 126.9483908, 37.500928 ], [ 126.9483584, 37.500899900000014 ], [ 126.9483389, 37.5008748 ], [ 126.9483314, 37.500853 ], [ 126.9483183, 37.500767600000017 ] ] } },
{ "type": "Feature", "properties": { "u": "13261418419", "v": "13261418420", "key": 0, "highway": "service", "name": null, "validation_status": "unobserved", "length_m": 23.429886268636636, "최대경사_pct": 7.6600503452260202, "B등급": "주의", "기준선_근처": true, "계단": false, "급한전환": 0 }, "geometry": { "type": "LineString", "coordinates": [ [ 126.9488567, 37.5001093 ], [ 126.94862430000002, 37.500007899999986 ] ] } },
{ "type": "Feature", "properties": { "u": "13261418419", "v": "13261401479", "key": 0, "highway": "service", "name": "상도로38다길", "validation_status": "unobserved", "length_m": 13.780090570649641, "최대경사_pct": 8.0415284055738336, "B등급": "주의", "기준선_근처": true, "계단": false, "급한전환": 0 }, "geometry": { "type": "LineString", "coordinates": [ [ 126.948701, 37.499899900000024 ], [ 126.948656200000016, 37.4999671 ], [ 126.94862430000002, 37.500007899999986 ] ] } },
{ "type": "Feature", "properties": { "u": "10154131883", "v": "10154131884", "key": 0, "highway": "service", "name": null, "validation_status": "unobserved", "length_m": 41.254541612007991, "최대경사_pct": 18.714893261504471, "B등급": "위험", "기준선_근처": false, "계단": false, "급한전환": 0 }, "geometry": { "type": "LineString", "coordinates": [ [ 126.949048600000012, 37.5006997 ], [ 126.9486572, 37.5004974 ] ] } },
{ "type": "Feature", "properties": { "u": "10154131883", "v": "4621509684", "key": 0, "highway": "service", "name": "상도로38길", "validation_status": "unobserved", "length_m": 58.09791802978733, "최대경사_pct": 0.6011899200788543, "B등급": "양호", "기준선_근처": false, "계단": false, "급한전환": 0 }, "geometry": { "type": "LineString", "coordinates": [ [ 126.9492653, 37.5003232 ], [ 126.94913080000002, 37.5003886 ], [ 126.9489722, 37.5004204 ], [ 126.948803100000021, 37.5004345 ], [ 126.9486572, 37.5004974 ] ] } },
{ "type": "Feature", "properties": { "u": "10154131874", "v": "10154131884", "key": 0, "highway": "service", "name": null, "validation_status": "unobserved", "length_m": 62.535088300744889, "최대경사_pct": 1.672915651113956, "B등급": "양호", "기준선_근처": true, "계단": false, "급한전환": 0 }, "geometry": { "type": "LineString", "coordinates": [ [ 126.949048600000012, 37.5006997 ], [ 126.9490049, 37.5007326 ], [ 126.9489707, 37.5007537 ], [ 126.948569, 37.5010014 ], [ 126.948523600000016, 37.5010056 ], [ 126.9484735, 37.5010077 ] ] } },
{ "type": "Feature", "properties": { "u": "10154131874", "v": "13255700963", "key": 0, "highway": "service", "name": null, "validation_status": "unobserved", "length_m": 36.372173978135407, "최대경사_pct": 0.11355498149920133, "B등급": "양호", "기준선_근처": false, "계단": false, "급한전환": 0 }, "geometry": { "type": "LineString", "coordinates": [ [ 126.9481571, 37.501212299999985 ], [ 126.9481964, 37.5012029 ], [ 126.948244300000013, 37.501173500000021 ], [ 126.948430300000012, 37.5010338 ], [ 126.9484735, 37.5010077 ] ] } },
{ "type": "Feature", "properties": { "u": "10154131874", "v": "4621509675", "key": 0, "highway": [ "service", "steps" ], "name": "상도로38길", "validation_status": "unobserved", "length_m": 36.164648737120409, "최대경사_pct": 18.156761315092876, "B등급": "위험", "기준선_근처": false, "계단": true, "급한전환": 0 }, "geometry": { "type": "LineString", "coordinates": [ [ 126.9487898, 37.5012141 ], [ 126.948526300000012, 37.5010463 ], [ 126.9484735, 37.5010077 ] ] } },
{ "type": "Feature", "properties": { "u": "2825724222", "v": "10127668881", "key": 0, "highway": "residential", "name": "상도로62길", "validation_status": "unobserved", "length_m": 5.7331550318429318, "최대경사_pct": 0.0, "B등급": "양호", "기준선_근처": false, "계단": false, "급한전환": 0 }, "geometry": { "type": "LineString", "coordinates": [ [ 126.9547247, 37.4949149 ], [ 126.9546703, 37.4948868 ] ] } },
{ "type": "Feature", "properties": { "u": "2825724222", "v": "2825724223", "key": 0, "highway": "footway", "name": null, "validation_status": "validated", "length_m": 51.411742252286999, "최대경사_pct": 8.0736838669463626, "B등급": "주의", "기준선_근처": true, "계단": false, "급한전환": 0 }, "geometry": { "type": "LineString", "coordinates": [ [ 126.9543472, 37.4952719 ], [ 126.9546703, 37.4948868 ] ] } },
{ "type": "Feature", "properties": { "u": "2825724222", "v": "10611854843", "key": 0, "highway": "footway", "name": null, "validation_status": "validated", "length_m": 46.075028285085331, "최대경사_pct": 8.18560189229866, "B등급": "주의", "기준선_근처": true, "계단": false, "급한전환": 0 }, "geometry": { "type": "LineString", "coordinates": [ [ 126.9549584, 37.4945409 ], [ 126.9546703, 37.4948868 ] ] } },
{ "type": "Feature", "properties": { "u": "10127668881", "v": "10611854844", "key": 0, "highway": "primary", "name": "상도로", "validation_status": "unobserved", "length_m": 45.915175708086856, "최대경사_pct": 8.5421655597750856, "B등급": "위험", "기준선_근처": true, "계단": false, "급한전환": 0 }, "geometry": { "type": "LineString", "coordinates": [ [ 126.955021400000021, 37.4945754 ], [ 126.9547247, 37.4949149 ] ] } },
{ "type": "Feature", "properties": { "u": "2825724223", "v": "11413637566", "key": 0, "highway": "footway", "name": null, "validation_status": "validated", "length_m": 44.52039414990567, "최대경사_pct": 5.1155701459763021, "B등급": "양호", "기준선_근처": true, "계단": false, "급한전환": 0 }, "geometry": { "type": "LineString", "coordinates": [ [ 126.9540535, 37.4955977 ], [ 126.9543472, 37.4952719 ] ] } },
{ "type": "Feature", "properties": { "u": "10611854843", "v": "10611854838", "key": 0, "highway": "footway", "name": null, "validation_status": "validated", "length_m": 19.451429344341797, "최대경사_pct": 8.2116694988729222, "B등급": "주의", "기준선_근처": true, "계단": false, "급한전환": 0 }, "geometry": { "type": "LineString", "coordinates": [ [ 126.955077, 37.4943933 ], [ 126.9549584, 37.4945409 ] ] } },
{ "type": "Feature", "properties": { "u": "10611854843", "v": "10611854844", "key": 0, "highway": "service", "name": null, "validation_status": "unobserved", "length_m": 6.7601764742766184, "최대경사_pct": 1.6138979633688659, "B등급": "양호", "기준선_근처": true, "계단": false, "급한전환": 0 }, "geometry": { "type": "LineString", "coordinates": [ [ 126.955021400000021, 37.4945754 ], [ 126.9549584, 37.4945409 ] ] } },
{ "type": "Feature", "properties": { "u": "10611854843", "v": "10611854840", "key": 0, "highway": "service", "name": null, "validation_status": "validated", "length_m": 65.3004216058483, "최대경사_pct": 0.083651897486247004, "B등급": "양호", "기준선_근처": false, "계단": false, "급한전환": 0 }, "geometry": { "type": "LineString", "coordinates": [ [ 126.9542401, 37.4944369 ], [ 126.954292400000014, 37.4944349 ], [ 126.9544624, 37.4944334 ], [ 126.95471520000001, 37.4944693 ], [ 126.9549584, 37.4945409 ] ] } },
{ "type": "Feature", "properties": { "u": "2825726703", "v": "2825726706", "key": 0, "highway": "service", "name": "상도로62가길", "validation_status": "unobserved", "length_m": 36.695908511036421, "최대경사_pct": 1.1224732845020924, "B등급": "양호", "기준선_근처": true, "계단": false, "급한전환": 0 }, "geometry": { "type": "LineString", "coordinates": [ [ 126.95288650000002, 37.4942561 ], [ 126.953286700000021, 37.4941687 ] ] } },
{ "type": "Feature", "properties": { "u": "2825726590", "v": "2825726599", "key": 0, "highway": "service", "name": "상도로", "validation_status": "unobserved", "length_m": 8.0547921502678648, "최대경사_pct": 1.2157389607418168, "B등급": "양호", "기준선_근처": true, "계단": false, "급한전환": 0 }, "geometry": { "type": "LineString", "coordinates": [ [ 126.9552729, 37.4942559 ], [ 126.9551921, 37.494222400000027 ] ] } },
{ "type": "Feature", "properties": { "u": "2825726590", "v": "10611854838", "key": 0, "highway": "footway", "name": null, "validation_status": "validated", "length_m": 21.526152533594264, "최대경사_pct": 8.0571545889734608, "B등급": "주의", "기준선_근처": true, "계단": false, "급한전환": 0 }, "geometry": { "type": "LineString", "coordinates": [ [ 126.955077, 37.4943933 ], [ 126.9551921, 37.494222400000027 ] ] } },
{ "type": "Feature", "properties": { "u": "2825726590", "v": "2825726710", "key": 0, "highway": "footway", "name": null, "validation_status": "validated", "length_m": 40.051265092074971, "최대경사_pct": 8.209961414344491, "B등급": "주의", "기준선_근처": true, "계단": false, "급한전환": 0 }, "geometry": { "type": "LineString", "coordinates": [ [ 126.9554281, 37.4939144 ], [ 126.9551921, 37.494222400000027 ] ] } },
{ "type": "Feature", "properties": { "u": "2825726599", "v": "10611854839", "key": 0, "highway": "primary", "name": "상도로", "validation_status": "unobserved", "length_m": 21.695170756751406, "최대경사_pct": 7.9767802094028184, "B등급": "주의", "기준선_근처": true, "계단": false, "급한전환": 0 }, "geometry": { "type": "LineString", "coordinates": [ [ 126.9551456, 37.494423 ], [ 126.9552729, 37.4942559 ] ] } },
{ "type": "Feature", "properties": { "u": "2825726599", "v": "2825726704", "key": 0, "highway": "primary", "name": "상도로", "validation_status": "unobserved", "length_m": 40.176543633352324, "최대경사_pct": 8.1089065199152088, "B등급": "주의", "기준선_근처": true, "계단": false, "급한전환": 0 }, "geometry": { "type": "LineString", "coordinates": [ [ 126.9555264, 37.4939555 ], [ 126.9554082, 37.4940945 ], [ 126.9552729, 37.4942559 ] ] } },
{ "type": "Feature", "properties": { "u": "10611854838", "v": "10611854839", "key": 0, "highway": "service", "name": null, "validation_status": "unobserved", "length_m": 6.9041551148489031, "최대경사_pct": 0.065175814992481193, "B등급": "양호", "기준선_근처": false, "계단": false, "급한전환": 0 }, "geometry": { "type": "LineString", "coordinates": [ [ 126.9551456, 37.494423 ], [ 126.955077, 37.4943933 ] ] } },
{ "type": "Feature", "properties": { "u": "2825726710", "v": "2825726704", "key": 0, "highway": "service", "name": "상도로66길", "validation_status": "unobserved", "length_m": 9.8170677796692427, "최대경사_pct": 1.5331589759768132, "B등급": "양호", "기준선_근처": true, "계단": false, "급한전환": 0 }, "geometry": { "type": "LineString", "coordinates": [ [ 126.9555264, 37.4939555 ], [ 126.9554281, 37.4939144 ] ] } },
{ "type": "Feature", "properties": { "u": "2825726710", "v": "11413637692", "key": 0, "highway": "footway", "name": null, "validation_status": "validated", "length_m": 83.596613967075442, "최대경사_pct": 9.4619622133196515, "B등급": "위험", "기준선_근처": true, "계단": false, "급한전환": 0 }, "geometry": { "type": "LineString", "coordinates": [ [ 126.9559613, 37.4932929 ], [ 126.9557965, 37.4935049 ], [ 126.9554281, 37.4939144 ] ] } },
{ "type": "Feature", "properties": { "u": "10611854839", "v": "10611854844", "key": 0, "highway": "primary", "name": "상도로", "validation_status": "unobserved", "length_m": 20.167524984692889, "최대경사_pct": 8.330895295200639, "B등급": "주의", "기준선_근처": true, "계단": false, "급한전환": 0 }, "geometry": { "type": "LineString", "coordinates": [ [ 126.955021400000021, 37.4945754 ], [ 126.9551456, 37.494423 ] ] } },
{ "type": "Feature", "properties": { "u": "11413637819", "v": "11413637870", "key": 0, "highway": "footway", "name": null, "validation_status": "validated", "length_m": 45.060591825120682, "최대경사_pct": 4.655592038148626, "B등급": "양호", "기준선_근처": true, "계단": false, "급한전환": 0 }, "geometry": { "type": "LineString", "coordinates": [ [ 126.957165800000013, 37.4909426 ], [ 126.9569603, 37.490852 ], [ 126.9568368, 37.490794 ], [ 126.956733700000015, 37.4907292 ] ] } },
{ "type": "Feature", "properties": { "u": "11413637528", "v": "11413637910", "key": 0, "highway": "footway", "name": null, "validation_status": "validated", "length_m": 5.3505362991197964, "최대경사_pct": 3.5076603171873915, "B등급": "양호", "기준선_근처": true, "계단": false, "급한전환": 0 }, "geometry": { "type": "LineString", "coordinates": [ [ 126.9560471, 37.4909432 ], [ 126.9560891, 37.4909779 ] ] } },
{ "type": "Feature", "properties": { "u": "2825727773", "v": "4619539837", "key": 0, "highway": "residential", "name": "청림3나길", "validation_status": "unobserved", "length_m": 51.591277994841903, "최대경사_pct": 4.5060108291834187, "B등급": "양호", "기준선_근처": true, "계단": false, "급한전환": 0 }, "geometry": { "type": "LineString", "coordinates": [ [ 126.9581761, 37.4891921 ], [ 126.9582464, 37.489221 ], [ 126.958388600000021, 37.489257200000026 ], [ 126.958465899999979, 37.4893186 ], [ 126.958624299999983, 37.4894684 ] ] } },
{ "type": "Feature", "properties": { "u": "4619539837", "v": "8537501420", "key": 0, "highway": "residential", "name": "청림3나길", "validation_status": "validated", "length_m": 50.17230534372581, "최대경사_pct": 12.176389319287395, "B등급": "위험", "기준선_근처": true, "계단": false, "급한전환": 0 }, "geometry": { "type": "LineString", "coordinates": [ [ 126.9576715, 37.4889855 ], [ 126.9578575, 37.4890614 ], [ 126.9581761, 37.4891921 ] ] } },
{ "type": "Feature", "properties": { "u": "4619539837", "v": "8537416816", "key": 0, "highway": "service", "name": "관악로38길", "validation_status": "validated", "length_m": 153.0054511296085, "최대경사_pct": 15.287838196500431, "B등급": "위험", "기준선_근처": false, "계단": false, "급한전환": 2 }, "geometry": { "type": "LineString", "coordinates": [ [ 126.957081700000018, 37.4898833 ], [ 126.957458300000013, 37.4900013 ], [ 126.958019, 37.489551499999983 ], [ 126.95813, 37.4894977 ], [ 126.9581084, 37.4893046 ], [ 126.9581761, 37.4891921 ] ] } },
{ "type": "Feature", "properties": { "u": "11413637870", "v": "2825728935", "key": 0, "highway": "residential", "name": "청림3마길", "validation_status": "validated", "length_m": 11.87827428103162, "최대경사_pct": 8.6408938909605837, "B등급": "위험", "기준선_근처": true, "계단": false, "급한전환": 0 }, "geometry": { "type": "LineString", "coordinates": [ [ 126.9572442, 37.4908557 ], [ 126.957165800000013, 37.4909426 ] ] } },
{ "type": "Feature", "properties": { "u": "2825728929", "v": "2825728946", "key": 0, "highway": "service", "name": "청림3마길", "validation_status": "unobserved", "length_m": 10.17930040154852, "최대경사_pct": 3.0571934537962164, "B등급": "양호", "기준선_근처": true, "계단": false, "급한전환": 0 }, "geometry": { "type": "LineString", "coordinates": [ [ 126.957895, 37.4911811 ], [ 126.957997, 37.491223600000026 ] ] } },
{ "type": "Feature", "properties": { "u": "2825728946", "v": "2825728935", "key": 0, "highway": "service", "name": "청림3마길", "validation_status": "unobserved", "length_m": 68.239703739693724, "최대경사_pct": 1.6814522948907462, "B등급": "양호", "기준선_근처": true, "계단": false, "급한전환": 0 }, "geometry": { "type": "LineString", "coordinates": [ [ 126.9572442, 37.4908557 ], [ 126.9575084, 37.4910211 ], [ 126.957895, 37.4911811 ] ] } },
{ "type": "Feature", "properties": { "u": "2825728935", "v": "4619539838", "key": 0, "highway": "residential", "name": "청림3마길", "validation_status": "validated", "length_m": 76.793483778608888, "최대경사_pct": 8.4907725646570018, "B등급": "위험", "기준선_근처": true, "계단": false, "급한전환": 1 }, "geometry": { "type": "LineString", "coordinates": [ [ 126.95802740000002, 37.4909282 ], [ 126.958018, 37.490919 ], [ 126.9577954, 37.4908083 ], [ 126.9576693, 37.4907551 ], [ 126.9576318, 37.490753 ], [ 126.957409499999983, 37.4908299 ], [ 126.9572442, 37.4908557 ] ] } },
{ "type": "Feature", "properties": { "u": "4619539838", "v": "4619539841", "key": 0, "highway": "service", "name": "청림3마길", "validation_status": "unobserved", "length_m": 68.901241811156339, "최대경사_pct": 15.488252307253978, "B등급": "위험", "기준선_근처": false, "계단": false, "급한전환": 0 }, "geometry": { "type": "LineString", "coordinates": [ [ 126.95868590000002, 37.4906094 ], [ 126.9583234, 37.4908317 ], [ 126.958221800000018, 37.4908509 ], [ 126.95802740000002, 37.4909282 ] ] } },
{ "type": "Feature", "properties": { "u": "4626902908", "v": "4621478353", "key": 0, "highway": "service", "name": "상도로39가길", "validation_status": "unobserved", "length_m": 78.415836444895191, "최대경사_pct": 1.8823392751585308, "B등급": "양호", "기준선_근처": true, "계단": false, "급한전환": 0 }, "geometry": { "type": "LineString", "coordinates": [ [ 126.9490524, 37.5028891 ], [ 126.94954820000001, 37.5023033 ] ] } },
{ "type": "Feature", "properties": { "u": "2825730231", "v": "4621482143", "key": 0, "highway": "residential", "name": "상도로41가길", "validation_status": "unobserved", "length_m": 34.741435165249506, "최대경사_pct": 8.3333333333333215, "B등급": "주의", "기준선_근처": true, "계단": false, "급한전환": 0 }, "geometry": { "type": "LineString", "coordinates": [ [ 126.950262200000012, 37.5033365 ], [ 126.9502826, 37.5036491 ] ] } },
{ "type": "Feature", "properties": { "u": "2825730231", "v": "11871139992", "key": 0, "highway": "residential", "name": "상도로41가길", "validation_status": "unobserved", "length_m": 21.479010228162338, "최대경사_pct": 8.055846751549657, "B등급": "주의", "기준선_근처": true, "계단": false, "급한전환": 0 }, "geometry": { "type": "LineString", "coordinates": [ [ 126.950291399999983, 37.503842500000019 ], [ 126.9502826, 37.5036491 ] ] } },
{ "type": "Feature", "properties": { "u": "2825730231", "v": "10712384714", "key": 0, "highway": "service", "name": "양녕로", "validation_status": "unobserved", "length_m": 86.707509543703125, "최대경사_pct": 5.766513219342154, "B등급": "주의", "기준선_근처": true, "계단": false, "급한전환": 0 }, "geometry": { "type": "LineString", "coordinates": [ [ 126.949365, 37.5038749 ], [ 126.9493758, 37.5038666 ], [ 126.9494613, 37.5038172 ], [ 126.9497616, 37.5037103 ], [ 126.9500776, 37.5036463 ], [ 126.9502826, 37.5036491 ] ] } },
{ "type": "Feature", "properties": { "u": "4621482143", "v": "4621482136", "key": 0, "highway": "service", "name": "상도로41라길", "validation_status": "unobserved", "length_m": 202.89839259248976, "최대경사_pct": 5.3808708734342909, "B등급": "양호", "기준선_근처": true, "계단": false, "급한전환": 3 }, "geometry": { "type": "LineString", "coordinates": [ [ 126.9517241, 37.5041422 ], [ 126.9513572, 37.5039796 ], [ 126.9510371, 37.504065 ], [ 126.9509449, 37.5040589 ], [ 126.9506401, 37.503744 ], [ 126.9506014, 37.503668899999987 ], [ 126.950624100000013, 37.5035915 ], [ 126.950709, 37.503417 ], [ 126.950684099999989, 37.5033508 ], [ 126.950262200000012, 37.5033365 ] ] } },
{ "type": "Feature", "properties": { "u": "11871139992", "v": "2829147721", "key": 0, "highway": "residential", "name": "상도로41가길", "validation_status": "unobserved", "length_m": 33.013531590137056, "최대경사_pct": 1.2864563192694807, "B등급": "양호", "기준선_근처": true, "계단": false, "급한전환": 0 }, "geometry": { "type": "LineString", "coordinates": [ [ 126.95030340000001, 37.5041398 ], [ 126.950291399999983, 37.503842500000019 ] ] } },
{ "type": "Feature", "properties": { "u": "11871139992", "v": "11871139989", "key": 0, "highway": "service", "name": null, "validation_status": "unobserved", "length_m": 60.421284046791612, "최대경사_pct": 7.5760213495978057, "B등급": "주의", "기준선_근처": true, "계단": false, "급한전환": 0 }, "geometry": { "type": "LineString", "coordinates": [ [ 126.9496431, 37.5039799 ], [ 126.9498978, 37.5038773 ], [ 126.9500779, 37.5038458 ], [ 126.950291399999983, 37.503842500000019 ] ] } },
{ "type": "Feature", "properties": { "u": "4621469140", "v": "4621469171", "key": 0, "highway": "steps", "name": null, "validation_status": "unobserved", "length_m": 19.561801942348044, "최대경사_pct": 19.991853445626511, "B등급": "위험", "기준선_근처": false, "계단": true, "급한전환": 0 }, "geometry": { "type": "LineString", "coordinates": [ [ 126.9508288, 37.501366800000014 ], [ 126.950646800000015, 37.5012666 ] ] } },
{ "type": "Feature", "properties": { "u": "4621469140", "v": "4621471425", "key": 0, "highway": "service", "name": "상도로47가길", "validation_status": "unobserved", "length_m": 40.9989597173671, "최대경사_pct": 2.2109851410340888, "B등급": "양호", "기준선_근처": true, "계단": false, "급한전환": 0 }, "geometry": { "type": "LineString", "coordinates": [ [ 126.950924700000016, 37.5009709 ], [ 126.950646800000015, 37.5012666 ] ] } },
{ "type": "Feature", "properties": { "u": "4621496740", "v": "10265961154", "key": 0, "highway": "service", "name": "상도로", "validation_status": "unobserved", "length_m": 107.47719281043913, "최대경사_pct": 2.1241340628148921, "B등급": "양호", "기준선_근처": true, "계단": false, "급한전환": 0 }, "geometry": { "type": "LineString", "coordinates": [ [ 126.9478883, 37.5038191 ], [ 126.9488877, 37.5043703 ] ] } },
{ "type": "Feature", "properties": { "u": "4621471425", "v": "6963036776", "key": 0, "highway": "service", "name": "상도로47가길", "validation_status": "unobserved", "length_m": 19.306365857884948, "최대경사_pct": 11.970282346195612, "B등급": "위험", "기준선_근처": true, "계단": false, "급한전환": 0 }, "geometry": { "type": "LineString", "coordinates": [ [ 126.9511004, 37.501074100000018 ], [ 126.9510108, 37.501023800000013 ], [ 126.950924700000016, 37.5009709 ] ] } },
{ "type": "Feature", "properties": { "u": "2825731302", "v": "2825731332", "key": 0, "highway": "service", "name": "상도로47다길", "validation_status": "unobserved", "length_m": 63.382619805970677, "최대경사_pct": 2.7397750152695277, "B등급": "양호", "기준선_근처": true, "계단": false, "급한전환": 0 }, "geometry": { "type": "LineString", "coordinates": [ [ 126.953176, 37.5003816 ], [ 126.9532297, 37.500518699999979 ], [ 126.9532271, 37.500634 ], [ 126.9531634, 37.5007334 ], [ 126.953014700000011, 37.5008952 ] ] } },
{ "type": "Feature", "properties": { "u": "2825731332", "v": "2825731303", "key": 0, "highway": "service", "name": "상도로53길", "validation_status": "validated", "length_m": 18.162835687139975, "최대경사_pct": 3.2642661930114754, "B등급": "양호", "기준선_근처": true, "계단": false, "급한전환": 0 }, "geometry": { "type": "LineString", "coordinates": [ [ 126.9529995, 37.5002985 ], [ 126.9530751, 37.5003399 ], [ 126.953176, 37.5003816 ] ] } },
{ "type": "Feature", "properties": { "u": "2825731303", "v": "6963036773", "key": 0, "highway": "steps", "name": null, "validation_status": "unobserved", "length_m": 24.618365290127002, "최대경사_pct": 25.656449112961266, "B등급": "위험", "기준선_근처": false, "계단": true, "급한전환": 0 }, "geometry": { "type": "LineString", "coordinates": [ [ 126.9532392, 37.5001859 ], [ 126.953121200000012, 37.500245500000027 ], [ 126.9529995, 37.5002985 ] ] } },
{ "type": "Feature", "properties": { "u": "6963036773", "v": "6963036774", "key": 0, "highway": "service", "name": "상도로47나길", "validation_status": "validated", "length_m": 40.431219258286994, "최대경사_pct": 8.2067732524552639, "B등급": "주의", "기준선_근처": true, "계단": false, "급한전환": 0 }, "geometry": { "type": "LineString", "coordinates": [ [ 126.953668400000012, 37.5003115 ], [ 126.9532392, 37.5001859 ] ] } },
{ "type": "Feature", "properties": { "u": "2825738321", "v": "11413637809", "key": 0, "highway": "residential", "name": null, "validation_status": "unobserved", "length_m": 14.628342592251853, "최대경사_pct": 6.1417756410202413, "B등급": "주의", "기준선_근처": true, "계단": false, "급한전환": 0 }, "geometry": { "type": "LineString", "coordinates": [ [ 126.9500704, 37.4975212 ], [ 126.9499962, 37.497403399999982 ] ] } },
{ "type": "Feature", "properties": { "u": "2825738321", "v": "11413637873", "key": 0, "highway": "service", "name": null, "validation_status": "unobserved", "length_m": 4.8297408391092427, "최대경사_pct": 15.418819734298808, "B등급": "위험", "기준선_근처": false, "계단": false, "급한전환": 0 }, "geometry": { "type": "LineString", "coordinates": [ [ 126.9499416, 37.4974045 ], [ 126.9499962, 37.497403399999982 ] ] } },
{ "type": "Feature", "properties": { "u": "11413637809", "v": "13195507460", "key": 0, "highway": "residential", "name": null, "validation_status": "unobserved", "length_m": 275.56734710570879, "최대경사_pct": 14.298745587429337, "B등급": "위험", "기준선_근처": false, "계단": false, "급한전환": 1 }, "geometry": { "type": "LineString", "coordinates": [ [ 126.9491658, 37.499290200000026 ], [ 126.949172200000021, 37.4992271 ], [ 126.9491414, 37.499089799999986 ], [ 126.9490949, 37.498957300000022 ], [ 126.9490879, 37.4988757 ], [ 126.9491442, 37.4985743 ], [ 126.9492348, 37.4984077 ], [ 126.949247500000013, 37.4981873 ], [ 126.9492739, 37.4980921 ], [ 126.949377100000021, 37.4980218 ], [ 126.949555100000012, 37.4979967 ], [ 126.949691200000018, 37.4980399 ], [ 126.9498681, 37.4980734 ], [ 126.9499497, 37.4980513 ], [ 126.950048699999982, 37.4980076 ], [ 126.9501945, 37.4979141 ], [ 126.9502341, 37.4978775 ], [ 126.950243, 37.4978417 ], [ 126.950235, 37.497807 ], [ 126.9501994, 37.4977465 ], [ 126.9500704, 37.4975212 ] ] } },
{ "type": "Feature", "properties": { "u": "11413637809", "v": "11413637803", "key": 0, "highway": "footway", "name": null, "validation_status": "unobserved", "length_m": 31.793864213026239, "최대경사_pct": 9.1346792332209734, "B등급": "위험", "기준선_근처": true, "계단": false, "급한전환": 2 }, "geometry": { "type": "LineString", "coordinates": [ [ 126.9501986, 37.4973297 ], [ 126.950065100000018, 37.4973959 ], [ 126.9501203, 37.497506100000017 ], [ 126.9500704, 37.4975212 ] ] } },
{ "type": "Feature", "properties": { "u": "11413637809", "v": "11413637873", "key": 0, "highway": "footway", "name": null, "validation_status": "unobserved", "length_m": 25.967755986120732, "최대경사_pct": 6.458851390013602, "B등급": "주의", "기준선_근처": true, "계단": false, "급한전환": 2 }, "geometry": { "type": "LineString", "coordinates": [ [ 126.9499416, 37.4974045 ], [ 126.949932500000017, 37.4974986 ], [ 126.9499746, 37.4975142 ], [ 126.950003600000016, 37.4975496 ], [ 126.9500704, 37.4975212 ] ] } },
{ "type": "Feature", "properties": { "u": "11413637873", "v": "10570464798", "key": 0, "highway": "footway", "name": null, "validation_status": "validated", "length_m": 12.490675715907512, "최대경사_pct": 3.8098062009723086, "B등급": "양호", "기준선_근처": true, "계단": false, "급한전환": 0 }, "geometry": { "type": "LineString", "coordinates": [ [ 126.949952600000017, 37.4972923 ], [ 126.9499416, 37.4974045 ] ] } },
{ "type": "Feature", "properties": { "u": "11413637873", "v": "11413637802", "key": 0, "highway": "service", "name": null, "validation_status": "validated", "length_m": 40.751202401856311, "최대경사_pct": 21.437670215242711, "B등급": "위험", "기준선_근처": false, "계단": false, "급한전환": 0 }, "geometry": { "type": "LineString", "coordinates": [ [ 126.9494808, 37.4974092 ], [ 126.9499416, 37.4974045 ] ] } },
{ "type": "Feature", "properties": { "u": "2826156911", "v": "2826160254", "key": 0, "highway": "residential", "name": "사당로2차길", "validation_status": "unobserved", "length_m": 21.750382449867633, "최대경사_pct": 5.0502236292542451, "B등급": "양호", "기준선_근처": true, "계단": false, "급한전환": 0 }, "geometry": { "type": "LineString", "coordinates": [ [ 126.9649279, 37.4878843 ], [ 126.9647642, 37.4878311 ], [ 126.9646957, 37.4878236 ] ] } },
{ "type": "Feature", "properties": { "u": "2826156911", "v": "2826160232", "key": 0, "highway": "residential", "name": "사당로2자길", "validation_status": "unobserved", "length_m": 130.20510022914942, "최대경사_pct": 4.4829862476574469, "B등급": "양호", "기준선_근처": true, "계단": false, "급한전환": 0 }, "geometry": { "type": "LineString", "coordinates": [ [ 126.964448200000021, 37.4889561 ], [ 126.9644481, 37.4888944 ], [ 126.964483, 37.4887667 ], [ 126.964587200000011, 37.4886164 ], [ 126.9646144, 37.4885347 ], [ 126.964587200000011, 37.4884164 ], [ 126.9645769, 37.4882985 ], [ 126.964627400000012, 37.4879928 ], [ 126.9646957, 37.4878236 ] ] } },
{ "type": "Feature", "properties": { "u": "2826156911", "v": "2826156918", "key": 0, "highway": "residential", "name": "사당로2가길", "validation_status": "unobserved", "length_m": 126.96852378956125, "최대경사_pct": 8.0524018246776343, "B등급": "주의", "기준선_근처": true, "계단": false, "급한전환": 0 }, "geometry": { "type": "LineString", "coordinates": [ [ 126.963637600000013, 37.4884994 ], [ 126.9636912, 37.4884057 ], [ 126.963728800000013, 37.4882908 ], [ 126.9637971, 37.4882312 ], [ 126.9639044, 37.4881503 ], [ 126.964384600000017, 37.4878801 ], [ 126.964581, 37.4878324 ], [ 126.9646957, 37.4878236 ] ] } },
{ "type": "Feature", "properties": { "u": "2826160254", "v": "4195610579", "key": 0, "highway": "residential", "name": "사당로2차길", "validation_status": "unobserved", "length_m": 49.314553446431027, "최대경사_pct": 5.6654708035103596, "B등급": "주의", "기준선_근처": true, "계단": false, "급한전환": 0 }, "geometry": { "type": "LineString", "coordinates": [ [ 126.965325900000011, 37.4875731 ], [ 126.9649279, 37.4878843 ] ] } },
{ "type": "Feature", "properties": { "u": "2826160254", "v": "4195610579", "key": 1, "highway": "service", "name": "사당로2차길", "validation_status": "unobserved", "length_m": 165.44601362898439, "최대경사_pct": 1.9967964361726627, "B등급": "양호", "기준선_근처": true, "계단": false, "급한전환": 3 }, "geometry": { "type": "LineString", "coordinates": [ [ 126.965325900000011, 37.4875731 ], [ 126.96555530000002, 37.487769900000011 ], [ 126.965832600000013, 37.4876721 ], [ 126.9658973, 37.4878359 ], [ 126.965422800000013, 37.4879728 ], [ 126.9652164, 37.4879582 ], [ 126.9649279, 37.4878843 ] ] } },
{ "type": "Feature", "properties": { "u": "2826160232", "v": "8482842642", "key": 0, "highway": "residential", "name": "사당로2자길", "validation_status": "unobserved", "length_m": 51.668572307916044, "최대경사_pct": 8.3333333333333321, "B등급": "주의", "기준선_근처": true, "계단": false, "급한전환": 0 }, "geometry": { "type": "LineString", "coordinates": [ [ 126.964598800000019, 37.4894043 ], [ 126.9645899, 37.4893741 ], [ 126.9645416, 37.489289 ], [ 126.964448200000021, 37.4889561 ] ] } },
{ "type": "Feature", "properties": { "u": "2826160232", "v": "2826156918", "key": 0, "highway": "service", "name": null, "validation_status": "unobserved", "length_m": 89.071335569389504, "최대경사_pct": 5.1108389254753135, "B등급": "양호", "기준선_근처": true, "계단": false, "급한전환": 0 }, "geometry": { "type": "LineString", "coordinates": [ [ 126.963637600000013, 37.4884994 ], [ 126.9637263, 37.488576 ], [ 126.9638416, 37.488625 ], [ 126.9640213, 37.4887314 ], [ 126.964147399999987, 37.4888165 ], [ 126.96423320000001, 37.4888867 ], [ 126.964292200000017, 37.4889165 ], [ 126.964448200000021, 37.4889561 ] ] } },
{ "type": "Feature", "properties": { "u": "2826156918", "v": "4619539872", "key": 0, "highway": "residential", "name": "사당로2가길", "validation_status": "unobserved", "length_m": 5.3289312901554702, "최대경사_pct": 13.508288659261822, "B등급": "위험", "기준선_근처": false, "계단": false, "급한전환": 0 }, "geometry": { "type": "LineString", "coordinates": [ [ 126.9635918, 37.4885306 ], [ 126.963637600000013, 37.4884994 ] ] } },
{ "type": "Feature", "properties": { "u": "4619539872", "v": "8482842646", "key": 0, "highway": "residential", "name": "사당로2다길", "validation_status": "unobserved", "length_m": 85.158921295829899, "최대경사_pct": 5.7608352658253805, "B등급": "주의", "기준선_근처": true, "계단": false, "급한전환": 0 }, "geometry": { "type": "LineString", "coordinates": [ [ 126.9632329, 37.4892426 ], [ 126.9635918, 37.4885306 ] ] } },
{ "type": "Feature", "properties": { "u": "4619539872", "v": "8482842647", "key": 0, "highway": "residential", "name": "사당로2가길", "validation_status": "unobserved", "length_m": 92.907737778910104, "최대경사_pct": 9.8941251030172594, "B등급": "위험", "기준선_근처": true, "계단": false, "급한전환": 0 }, "geometry": { "type": "LineString", "coordinates": [ [ 126.962876200000011, 37.4891072 ], [ 126.9629995, 37.4888995 ], [ 126.9630907, 37.4887973 ], [ 126.9631926, 37.4887292 ], [ 126.9635252, 37.488576 ], [ 126.9635918, 37.4885306 ] ] } },
{ "type": "Feature", "properties": { "u": "2826156923", "v": "5406793565", "key": 0, "highway": "residential", "name": "사당로2가길", "validation_status": "validated", "length_m": 87.9404172256056, "최대경사_pct": 26.578050499673793, "B등급": "위험", "기준선_근처": false, "계단": false, "급한전환": 0 }, "geometry": { "type": "LineString", "coordinates": [ [ 126.9624265, 37.4899623 ], [ 126.9620848, 37.4907064 ] ] } },
{ "type": "Feature", "properties": { "u": "5406793565", "v": "4619539868", "key": 0, "highway": "residential", "name": "사당로2가길", "validation_status": "unobserved", "length_m": 4.061787782581141, "최대경사_pct": 25.278805728462018, "B등급": "위험", "기준선_근처": false, "계단": false, "급한전환": 0 }, "geometry": { "type": "LineString", "coordinates": [ [ 126.9624503, 37.489931 ], [ 126.9624265, 37.4899623 ] ] } },
{ "type": "Feature", "properties": { "u": "5406793565", "v": "5406793587", "key": 0, "highway": "path", "name": "동작충효길", "validation_status": "validated", "length_m": 444.67279904795629, "최대경사_pct": 24.485802031498981, "B등급": "위험", "기준선_근처": false, "계단": false, "급한전환": 2 }, "geometry": { "type": "LineString", "coordinates": [ [ 126.9623021, 37.493693500000028 ], [ 126.9620548, 37.493672 ], [ 126.9619712, 37.493497 ], [ 126.961977200000021, 37.4933026 ], [ 126.9620028, 37.4931093 ], [ 126.9619947, 37.4929111 ], [ 126.9619286, 37.492738900000013 ], [ 126.9619493, 37.492541600000017 ], [ 126.9619412, 37.4923618 ], [ 126.9619557, 37.4921714 ], [ 126.9619237, 37.491982600000014 ], [ 126.9619568, 37.4917982 ], [ 126.961932200000021, 37.4916046 ], [ 126.9619955, 37.4914164 ], [ 126.96203580000001, 37.491222900000011 ], [ 126.9621074, 37.4910466 ], [ 126.9621677, 37.490907 ], [ 126.9622115, 37.4907064 ], [ 126.9622704, 37.4905383 ], [ 126.9623488, 37.4903295 ], [ 126.962408199999985, 37.4901518 ], [ 126.9624506, 37.4899642 ], [ 126.9624265, 37.4899623 ] ] } },
{ "type": "Feature", "properties": { "u": "2826160217", "v": "2826160240", "key": 0, "highway": "residential", "name": "사당로2자길", "validation_status": "unobserved", "length_m": 15.899345220479841, "최대경사_pct": 11.833541081119279, "B등급": "위험", "기준선_근처": true, "계단": false, "급한전환": 0 }, "geometry": { "type": "LineString", "coordinates": [ [ 126.964743100000021, 37.4901191 ], [ 126.9647589, 37.4899764 ] ] } },
{ "type": "Feature", "properties": { "u": "2826160217", "v": "8482842642", "key": 0, "highway": "residential", "name": "사당로2자길", "validation_status": "unobserved", "length_m": 75.9278008493134, "최대경사_pct": 6.5852032379062564, "B등급": "주의", "기준선_근처": true, "계단": false, "급한전환": 1 }, "geometry": { "type": "LineString", "coordinates": [ [ 126.964598800000019, 37.4894043 ], [ 126.9646409, 37.4895465 ], [ 126.9646999, 37.4895976 ], [ 126.964769600000011, 37.4896465 ], [ 126.9648505, 37.4897031 ], [ 126.964878299999981, 37.489745 ], [ 126.9648908, 37.4897946 ], [ 126.964847399999982, 37.4898705 ], [ 126.9648045, 37.48992 ], [ 126.964779, 37.4899556 ], [ 126.9647589, 37.4899764 ] ] } },
{ "type": "Feature", "properties": { "u": "2826160217", "v": "8482842639", "key": 0, "highway": "service", "name": null, "validation_status": "unobserved", "length_m": 94.505976756309707, "최대경사_pct": 5.2906706767264584, "B등급": "양호", "기준선_근처": true, "계단": false, "급한전환": 1 }, "geometry": { "type": "LineString", "coordinates": [ [ 126.9644335, 37.4894192 ], [ 126.964278799999988, 37.489850800000021 ], [ 126.9647589, 37.4899764 ] ] } },
{ "type": "Feature", "properties": { "u": "2826160240", "v": "2826160290", "key": 0, "highway": "residential", "name": "사당로2자길", "validation_status": "unobserved", "length_m": 6.226951414112567, "최대경사_pct": 8.9352482673333, "B등급": "위험", "기준선_근처": true, "계단": false, "급한전환": 0 }, "geometry": { "type": "LineString", "coordinates": [ [ 126.96472, 37.4901721 ], [ 126.964743100000021, 37.4901191 ] ] } },
{ "type": "Feature", "properties": { "u": "2826160240", "v": "8482789903", "key": 0, "highway": "residential", "name": null, "validation_status": "unobserved", "length_m": 112.45752511807785, "최대경사_pct": 5.2177529115694545, "B등급": "양호", "기준선_근처": true, "계단": false, "급한전환": 0 }, "geometry": { "type": "LineString", "coordinates": [ [ 126.965702, 37.4894677 ], [ 126.965551499999989, 37.4895119 ], [ 126.965319500000021, 37.4896784 ], [ 126.965099600000016, 37.4898381 ], [ 126.964743100000021, 37.4901191 ] ] } },
{ "type": "Feature", "properties": { "u": "8482842642", "v": "8482842639", "key": 0, "highway": "residential", "name": null, "validation_status": "unobserved", "length_m": 14.712029028348239, "최대경사_pct": 0.27988127507650046, "B등급": "양호", "기준선_근처": false, "계단": false, "급한전환": 0 }, "geometry": { "type": "LineString", "coordinates": [ [ 126.9644335, 37.4894192 ], [ 126.964598800000019, 37.4894043 ] ] } },
{ "type": "Feature", "properties": { "u": "8482842639", "v": "8482842637", "key": 0, "highway": "residential", "name": null, "validation_status": "unobserved", "length_m": 31.693617181666191, "최대경사_pct": 1.3834978018913802, "B등급": "양호", "기준선_근처": true, "계단": false, "급한전환": 0 }, "geometry": { "type": "LineString", "coordinates": [ [ 126.9640774, 37.4894513 ], [ 126.9644335, 37.4894192 ] ] } },
{ "type": "Feature", "properties": { "u": "2826160290", "v": "8482827910", "key": 0, "highway": "residential", "name": "사당로2아길", "validation_status": "unobserved", "length_m": 44.719944732472548, "최대경사_pct": 7.3525190142546508, "B등급": "주의", "기준선_근처": true, "계단": false, "급한전환": 0 }, "geometry": { "type": "LineString", "coordinates": [ [ 126.964247200000017, 37.4900292 ], [ 126.96472, 37.4901721 ] ] } },
{ "type": "Feature", "properties": { "u": "2826160290", "v": "8482827907", "key": 0, "highway": "residential", "name": "사당로2자길", "validation_status": "unobserved", "length_m": 82.393241555128867, "최대경사_pct": 8.3324832894015746, "B등급": "주의", "기준선_근처": true, "계단": false, "급한전환": 0 }, "geometry": { "type": "LineString", "coordinates": [ [ 126.964379600000015, 37.4908613 ], [ 126.964496, 37.4905588 ], [ 126.9646831, 37.4902426 ], [ 126.96472, 37.4901721 ] ] } },
{ "type": "Feature", "properties": { "u": "8482789903", "v": "3713452980", "key": 0, "highway": "primary", "name": "사당로", "validation_status": "unobserved", "length_m": 116.77101647952598, "최대경사_pct": 7.5444139670172801, "B등급": "주의", "기준선_근처": true, "계단": false, "급한전환": 0 }, "geometry": { "type": "LineString", "coordinates": [ [ 126.966195900000017, 37.4884959 ], [ 126.9657959, 37.4893597 ], [ 126.965702, 37.4894677 ] ] } },
{ "type": "Feature", "properties": { "u": "8482827910", "v": "8482827900", "key": 0, "highway": "residential", "name": "사당로2아길", "validation_status": "unobserved", "length_m": 29.140964090456041, "최대경사_pct": 0.92475610616075932, "B등급": "양호", "기준선_근처": true, "계단": false, "급한전환": 0 }, "geometry": { "type": "LineString", "coordinates": [ [ 126.963939100000019, 37.4899361 ], [ 126.964247200000017, 37.4900292 ] ] } },
{ "type": "Feature", "properties": { "u": "8482827910", "v": "8482827908", "key": 0, "highway": "service", "name": null, "validation_status": "unobserved", "length_m": 85.22324378924948, "최대경사_pct": 9.7969845887900409, "B등급": "위험", "기준선_근처": true, "계단": false, "급한전환": 0 }, "geometry": { "type": "LineString", "coordinates": [ [ 126.9639612, 37.4907623 ], [ 126.963986500000019, 37.4906808 ], [ 126.964247200000017, 37.4900292 ] ] } },
{ "type": "Feature", "properties": { "u": "8482827907", "v": "8482827908", "key": 0, "highway": "service", "name": null, "validation_status": "unobserved", "length_m": 38.598686190019336, "최대경사_pct": 10.868318728247649, "B등급": "위험", "기준선_근처": true, "계단": false, "급한전환": 0 }, "geometry": { "type": "LineString", "coordinates": [ [ 126.9639612, 37.4907623 ], [ 126.964379600000015, 37.4908613 ] ] } },
{ "type": "Feature", "properties": { "u": "8482827907", "v": "8482827916", "key": 0, "highway": "residential", "name": "사당로2자길", "validation_status": "unobserved", "length_m": 110.42748348828752, "최대경사_pct": 13.344582993099094, "B등급": "위험", "기준선_근처": false, "계단": false, "급한전환": 0 }, "geometry": { "type": "LineString", "coordinates": [ [ 126.96382, 37.4917325 ], [ 126.9639543, 37.491613 ], [ 126.9640535, 37.4915279 ], [ 126.964142, 37.4914129 ], [ 126.9641849, 37.4913299 ], [ 126.9642869, 37.4911022 ], [ 126.964379600000015, 37.4908613 ] ] } },
{ "type": "Feature", "properties": { "u": "2828072308", "v": "4140716861", "key": 0, "highway": "service", "name": null, "validation_status": "unobserved", "length_m": 48.97216060948233, "최대경사_pct": 11.733730779754953, "B등급": "위험", "기준선_근처": true, "계단": false, "급한전환": 0 }, "geometry": { "type": "LineString", "coordinates": [ [ 126.9504634, 37.490302 ], [ 126.9501475, 37.489939600000014 ] ] } },
{ "type": "Feature", "properties": { "u": "2828072308", "v": "7604130044", "key": 0, "highway": "service", "name": null, "validation_status": "unobserved", "length_m": 47.823870817003225, "최대경사_pct": 4.9196797691040688, "B등급": "양호", "기준선_근처": true, "계단": false, "급한전환": 0 }, "geometry": { "type": "LineString", "coordinates": [ [ 126.94970170000002, 37.4901835 ], [ 126.9501475, 37.489939600000014 ] ] } },
{ "type": "Feature", "properties": { "u": "2828072308", "v": "11413637927", "key": 0, "highway": "service", "name": null, "validation_status": "unobserved", "length_m": 111.22440791344664, "최대경사_pct": 7.1484789282439776, "B등급": "주의", "기준선_근처": true, "계단": false, "급한전환": 0 }, "geometry": { "type": "LineString", "coordinates": [ [ 126.9511043, 37.4892892 ], [ 126.9501475, 37.489939600000014 ] ] } },
{ "type": "Feature", "properties": { "u": "2828072308", "v": "7604130039", "key": 0, "highway": "footway", "name": null, "validation_status": "unobserved", "length_m": 79.437554300568976, "최대경사_pct": 2.7268121123202933, "B등급": "양호", "기준선_근처": true, "계단": false, "급한전환": 0 }, "geometry": { "type": "LineString", "coordinates": [ [ 126.9496762, 37.4893303 ], [ 126.9501475, 37.489939600000014 ] ] } },
{ "type": "Feature", "properties": { "u": "4140716861", "v": "2828072312", "key": 0, "highway": "service", "name": null, "validation_status": "unobserved", "length_m": 7.9157670472961232, "최대경사_pct": 11.075587185119105, "B등급": "위험", "기준선_근처": true, "계단": false, "급한전환": 0 }, "geometry": { "type": "LineString", "coordinates": [ [ 126.9505108, 37.49036250000001 ], [ 126.9504634, 37.490302 ] ] } },
{ "type": "Feature", "properties": { "u": "4140716861", "v": "11413637737", "key": 0, "highway": "service", "name": null, "validation_status": "unobserved", "length_m": 127.87369320925626, "최대경사_pct": 6.3311603669495771, "B등급": "주의", "기준선_근처": true, "계단": false, "급한전환": 0 }, "geometry": { "type": "LineString", "coordinates": [ [ 126.9514001, 37.48942430000001 ], [ 126.9504634, 37.490302 ] ] } },
{ "type": "Feature", "properties": { "u": "7604130044", "v": "2828072314", "key": 0, "highway": "service", "name": null, "validation_status": "unobserved", "length_m": 69.496924428895412, "최대경사_pct": 5.1258832547966726, "B등급": "양호", "기준선_근처": true, "계단": false, "급한전환": 0 }, "geometry": { "type": "LineString", "coordinates": [ [ 126.948973, 37.4904179 ], [ 126.94970170000002, 37.4901835 ] ] } },
{ "type": "Feature", "properties": { "u": "7604130044", "v": "7604130043", "key": 0, "highway": "service", "name": null, "validation_status": "unobserved", "length_m": 32.267105873769708, "최대경사_pct": 7.7921746532204139, "B등급": "주의", "기준선_근처": true, "계단": false, "급한전환": 1 }, "geometry": { "type": "LineString", "coordinates": [ [ 126.949546, 37.4899461 ], [ 126.9495717, 37.4899363 ], [ 126.94970170000002, 37.4901835 ] ] } },
{ "type": "Feature", "properties": { "u": "11413637927", "v": "2828072318", "key": 0, "highway": "service", "name": null, "validation_status": "unobserved", "length_m": 14.455579619076151, "최대경사_pct": 10.344216118311991, "B등급": "위험", "기준선_근처": true, "계단": false, "급한전환": 0 }, "geometry": { "type": "LineString", "coordinates": [ [ 126.9512198, 37.489197500000017 ], [ 126.9511612, 37.4892505 ], [ 126.9511043, 37.4892892 ] ] } },
{ "type": "Feature", "properties": { "u": "11413637927", "v": "11413637829", "key": 0, "highway": "footway", "name": null, "validation_status": "unobserved", "length_m": 15.726058674168897, "최대경사_pct": 11.675701760597619, "B등급": "위험", "기준선_근처": true, "계단": false, "급한전환": 0 }, "geometry": { "type": "LineString", "coordinates": [ [ 126.9512612, 37.4893363 ], [ 126.9511559, 37.48932940000001 ], [ 126.9511043, 37.4892892 ] ] } },
{ "type": "Feature", "properties": { "u": "11413637927", "v": "11413637628", "key": 0, "highway": "footway", "name": null, "validation_status": "unobserved", "length_m": 22.226773942935054, "최대경사_pct": 0.38943484097679004, "B등급": "양호", "기준선_근처": false, "계단": false, "급한전환": 1 }, "geometry": { "type": "LineString", "coordinates": [ [ 126.951095, 37.4891287 ], [ 126.9510308, 37.489200200000028 ], [ 126.951037400000018, 37.489238900000011 ], [ 126.9511043, 37.4892892 ] ] } },
{ "type": "Feature", "properties": { "u": "7604130039", "v": "7604130032", "key": 0, "highway": [ "footway", "service" ], "name": null, "validation_status": "unobserved", "length_m": 101.01899063020393, "최대경사_pct": 0.82909573020882732, "B등급": "양호", "기준선_근처": false, "계단": false, "급한전환": 3 }, "geometry": { "type": "LineString", "coordinates": [ [ 126.950268800000018, 37.488673 ], [ 126.949853600000012, 37.4890097 ], [ 126.9496855, 37.48907220000001 ], [ 126.949704299999979, 37.4891929 ], [ 126.949629500000015, 37.489265 ], [ 126.9496762, 37.4893303 ] ] } },
{ "type": "Feature", "properties": { "u": "7604130039", "v": "7604130043", "key": 0, "highway": "footway", "name": null, "validation_status": "unobserved", "length_m": 86.728146267068126, "최대경사_pct": 1.2242098633730558, "B등급": "양호", "기준선_근처": true, "계단": false, "급한전환": 0 }, "geometry": { "type": "LineString", "coordinates": [ [ 126.949546, 37.4899461 ], [ 126.9493498, 37.489562500000012 ], [ 126.949390400000013, 37.4894693 ], [ 126.9495814, 37.4893936 ], [ 126.9496762, 37.4893303 ] ] } },
{ "type": "Feature", "properties": { "u": "2828072309", "v": "7831305679", "key": 0, "highway": "service", "name": null, "validation_status": "unobserved", "length_m": 31.923732493390879, "최대경사_pct": 13.419936125215463, "B등급": "위험", "기준선_근처": false, "계단": false, "급한전환": 0 }, "geometry": { "type": "LineString", "coordinates": [ [ 126.950713100000016, 37.490662 ], [ 126.9509086, 37.4909038 ] ] } },
{ "type": "Feature", "properties": { "u": "2828072309", "v": "11413637516", "key": 0, "highway": "service", "name": null, "validation_status": "unobserved", "length_m": 171.77549445070275, "최대경사_pct": 9.9976894541928907, "B등급": "위험", "기준선_근처": true, "계단": false, "급한전환": 2 }, "geometry": { "type": "LineString", "coordinates": [ [ 126.9521723, 37.4898883 ], [ 126.9516301, 37.4903132 ], [ 126.9517271, 37.490409 ], [ 126.9509086, 37.4909038 ] ] } },
{ "type": "Feature", "properties": { "u": "2828072309", "v": "2828072328", "key": 0, "highway": [ "footway", "service" ], "name": null, "validation_status": "unobserved", "length_m": 168.38100462835189, "최대경사_pct": 10.682533806019656, "B등급": "위험", "기준선_근처": true, "계단": false, "급한전환": 1 }, "geometry": { "type": "LineString", "coordinates": [ [ 126.9491847, 37.4913772 ], [ 126.9492108, 37.4914323 ], [ 126.9495177, 37.4913728 ], [ 126.9502815, 37.4911622 ], [ 126.9509086, 37.4909038 ] ] } },
{ "type": "Feature", "properties": { "u": "7831305679", "v": "2828072312", "key": 0, "highway": "service", "name": null, "validation_status": "unobserved", "length_m": 37.749357614952217, "최대경사_pct": 13.665785008207934, "B등급": "위험", "기준선_근처": false, "계단": false, "급한전환": 0 }, "geometry": { "type": "LineString", "coordinates": [ [ 126.9505108, 37.49036250000001 ], [ 126.950713100000016, 37.490662 ] ] } },
{ "type": "Feature", "properties": { "u": "7831305679", "v": "11413637574", "key": 0, "highway": "service", "name": null, "validation_status": "unobserved", "length_m": 150.19883727621149, "최대경사_pct": 6.2429622991031986, "B등급": "주의", "기준선_근처": true, "계단": false, "급한전환": 0 }, "geometry": { "type": "LineString", "coordinates": [ [ 126.952030600000015, 37.489808 ], [ 126.950713100000016, 37.490662 ] ] } },
{ "type": "Feature", "properties": { "u": "7831305679", "v": "7831305681", "key": 0, "highway": "service", "name": null, "validation_status": "unobserved", "length_m": 131.78087531934207, "최대경사_pct": 1.4052557865592765, "B등급": "양호", "기준선_근처": true, "계단": false, "급한전환": 0 }, "geometry": { "type": "LineString", "coordinates": [ [ 126.9493936, 37.491213700000031 ], [ 126.950713100000016, 37.490662 ] ] } },
{ "type": "Feature", "properties": { "u": "11413637516", "v": "7831305678", "key": 0, "highway": "service", "name": null, "validation_status": "unobserved", "length_m": 8.8805030943569712, "최대경사_pct": 4.8091341327551138, "B등급": "양호", "기준선_근처": true, "계단": false, "급한전환": 0 }, "geometry": { "type": "LineString", "coordinates": [ [ 126.952243900000013, 37.4898322 ], [ 126.9521723, 37.4898883 ] ] } },
{ "type": "Feature", "properties": { "u": "11413637516", "v": "7607455970", "key": 0, "highway": "footway", "name": null, "validation_status": "unobserved", "length_m": 75.646740754035065, "최대경사_pct": 8.539736131528846, "B등급": "위험", "기준선_근처": true, "계단": false, "급한전환": 2 }, "geometry": { "type": "LineString", "coordinates": [ [ 126.9528658, 37.4901947 ], [ 126.952616, 37.4900316 ], [ 126.9525432, 37.4900746 ], [ 126.9524538, 37.490049399999982 ], [ 126.9522622, 37.4899323 ], [ 126.9521723, 37.4898883 ] ] } },
{ "type": "Feature", "properties": { "u": "11413637516", "v": "11413637574", "key": 0, "highway": "footway", "name": null, "validation_status": "unobserved", "length_m": 15.438789483186385, "최대경사_pct": 12.497369338104249, "B등급": "위험", "기준선_근처": true, "계단": false, "급한전환": 0 }, "geometry": { "type": "LineString", "coordinates": [ [ 126.952030600000015, 37.489808 ], [ 126.9520775, 37.4898276 ], [ 126.9521723, 37.4898883 ] ] } },
{ "type": "Feature", "properties": { "u": "2828072328", "v": "4140716857", "key": 0, "highway": "service", "name": null, "validation_status": "unobserved", "length_m": 6.7536662799524816, "최대경사_pct": 6.5120489223932765, "B등급": "주의", "기준선_근처": true, "계단": false, "급한전환": 0 }, "geometry": { "type": "LineString", "coordinates": [ [ 126.949111300000013, 37.491394 ], [ 126.9491847, 37.4913772 ] ] } },
{ "type": "Feature", "properties": { "u": "2828072312", "v": "2828072313", "key": 0, "highway": "service", "name": null, "validation_status": "unobserved", "length_m": 15.818694824082669, "최대경사_pct": 11.66934557445316, "B등급": "위험", "기준선_근처": true, "계단": false, "급한전환": 0 }, "geometry": { "type": "LineString", "coordinates": [ [ 126.9506639, 37.4902888 ], [ 126.9505108, 37.49036250000001 ] ] } },
{ "type": "Feature", "properties": { "u": "2828072318", "v": "11413588667", "key": 0, "highway": "service", "name": null, "validation_status": "unobserved", "length_m": 3.4121086226968558, "최대경사_pct": 6.9653551421106616, "B등급": "주의", "기준선_근처": true, "계단": false, "급한전환": 0 }, "geometry": { "type": "LineString", "coordinates": [ [ 126.9512419, 37.4891723 ], [ 126.9512198, 37.489197500000017 ] ] } },
{ "type": "Feature", "properties": { "u": "2828072318", "v": "11413637924", "key": 0, "highway": "service", "name": null, "validation_status": "unobserved", "length_m": 12.63840177644013, "최대경사_pct": 12.271651787433768, "B등급": "위험", "기준선_근처": true, "계단": false, "급한전환": 0 }, "geometry": { "type": "LineString", "coordinates": [ [ 126.95133, 37.48927 ], [ 126.9512198, 37.489197500000017 ] ] } },
{ "type": "Feature", "properties": { "u": "2828072318", "v": "11413637628", "key": 0, "highway": "service", "name": null, "validation_status": "unobserved", "length_m": 13.421040141759223, "최대경사_pct": 14.302878524915908, "B등급": "위험", "기준선_근처": false, "계단": false, "급한전환": 0 }, "geometry": { "type": "LineString", "coordinates": [ [ 126.951095, 37.4891287 ], [ 126.9512198, 37.489197500000017 ] ] } },
{ "type": "Feature", "properties": { "u": "11413588667", "v": "3980846361", "key": 0, "highway": "service", "name": null, "validation_status": "unobserved", "length_m": 23.143849317404726, "최대경사_pct": 7.6318252180695367, "B등급": "주의", "기준선_근처": true, "계단": false, "급한전환": 0 }, "geometry": { "type": "LineString", "coordinates": [ [ 126.9513931, 37.489002100000022 ], [ 126.9512419, 37.4891723 ] ] } },
{ "type": "Feature", "properties": { "u": "11413588667", "v": "11413637822", "key": 0, "highway": "footway", "name": null, "validation_status": "unobserved", "length_m": 12.915171617894211, "최대경사_pct": 13.464379461681423, "B등급": "위험", "기준선_근처": false, "계단": false, "급한전환": 0 }, "geometry": { "type": "LineString", "coordinates": [ [ 126.9513577, 37.4892432 ], [ 126.9512419, 37.4891723 ] ] } },
{ "type": "Feature", "properties": { "u": "11413588667", "v": "11413637903", "key": 0, "highway": "footway", "name": null, "validation_status": "unobserved", "length_m": 13.226753661306835, "최대경사_pct": 15.074469433207796, "B등급": "위험", "기준선_근처": false, "계단": false, "급한전환": 0 }, "geometry": { "type": "LineString", "coordinates": [ [ 126.9511232, 37.4890998 ], [ 126.9512419, 37.4891723 ] ] } },
{ "type": "Feature", "properties": { "u": "11413637924", "v": "4140716862", "key": 0, "highway": "service", "name": null, "validation_status": "unobserved", "length_m": 15.820588978407333, "최대경사_pct": 11.915982271974929, "B등급": "위험", "기준선_근처": true, "계단": false, "급한전환": 0 }, "geometry": { "type": "LineString", "coordinates": [ [ 126.9514679, 37.4893608 ], [ 126.95133, 37.48927 ] ] } },
{ "type": "Feature", "properties": { "u": "11413637924", "v": "11413637829", "key": 0, "highway": "footway", "name": null, "validation_status": "unobserved", "length_m": 9.548198701976494, "최대경사_pct": 10.744258745847663, "B등급": "위험", "기준선_근처": true, "계단": false, "급한전환": 0 }, "geometry": { "type": "LineString", "coordinates": [ [ 126.9512612, 37.4893363 ], [ 126.95133, 37.48927 ] ] } },
{ "type": "Feature", "properties": { "u": "11413637924", "v": "11413637822", "key": 0, "highway": "footway", "name": null, "validation_status": "unobserved", "length_m": 3.8533813240901464, "최대경사_pct": 10.281209464313955, "B등급": "위험", "기준선_근처": true, "계단": false, "급한전환": 0 }, "geometry": { "type": "LineString", "coordinates": [ [ 126.9513577, 37.4892432 ], [ 126.95133, 37.48927 ] ] } },
{ "type": "Feature", "properties": { "u": "11413637628", "v": "7604130032", "key": 0, "highway": "service", "name": null, "validation_status": "unobserved", "length_m": 88.864650477136976, "최대경사_pct": 9.8456054158140276, "B등급": "위험", "기준선_근처": true, "계단": false, "급한전환": 0 }, "geometry": { "type": "LineString", "coordinates": [ [ 126.950268800000018, 37.488673 ], [ 126.951095, 37.4891287 ] ] } },
{ "type": "Feature", "properties": { "u": "11413637628", "v": "11413637903", "key": 0, "highway": "footway", "name": null, "validation_status": "unobserved", "length_m": 4.0630065730672396, "최대경사_pct": 8.0392338981705791, "B등급": "주의", "기준선_근처": true, "계단": false, "급한전환": 0 }, "geometry": { "type": "LineString", "coordinates": [ [ 126.9511232, 37.4890998 ], [ 126.951095, 37.4891287 ] ] } },
{ "type": "Feature", "properties": { "u": "4140716857", "v": "4140716854", "key": 0, "highway": "service", "name": null, "validation_status": "unobserved", "length_m": 58.195973317769059, "최대경사_pct": 8.9263542845900901, "B등급": "위험", "기준선_근처": true, "계단": false, "급한전환": 0 }, "geometry": { "type": "LineString", "coordinates": [ [ 126.9492806, 37.4919007 ], [ 126.949111300000013, 37.491394 ] ] } },
{ "type": "Feature", "properties": { "u": "4621486059", "v": "13005797931", "key": 0, "highway": "service", "name": "상도로47아길", "validation_status": "unobserved", "length_m": 11.587464582981383, "최대경사_pct": 12.142625737298829, "B등급": "위험", "기준선_근처": true, "계단": false, "급한전환": 0 }, "geometry": { "type": "LineString", "coordinates": [ [ 126.9527088, 37.5036296 ], [ 126.9527099, 37.503734 ] ] } },
{ "type": "Feature", "properties": { "u": "4621486059", "v": "4621486053", "key": 0, "highway": "service", "name": "상도로47아길", "validation_status": "unobserved", "length_m": 61.201493906591502, "최대경사_pct": 0.0, "B등급": "양호", "기준선_근처": false, "계단": false, "급한전환": 0 }, "geometry": { "type": "LineString", "coordinates": [ [ 126.9526029, 37.5042788 ], [ 126.9527099, 37.503734 ] ] } },
{ "type": "Feature", "properties": { "u": "2886858282", "v": "10265961153", "key": 0, "highway": "service", "name": "상도로", "validation_status": "unobserved", "length_m": 51.155681131872576, "최대경사_pct": 5.8888692129979843, "B등급": "주의", "기준선_근처": true, "계단": false, "급한전환": 0 }, "geometry": { "type": "LineString", "coordinates": [ [ 126.9477461, 37.5039862 ], [ 126.9472607, 37.5037354 ] ] } },
{ "type": "Feature", "properties": { "u": "10265961153", "v": "10265961154", "key": 0, "highway": "service", "name": null, "validation_status": "unobserved", "length_m": 22.406335431773169, "최대경사_pct": 1.2050622765555492, "B등급": "양호", "기준선_근처": true, "계단": false, "급한전환": 0 }, "geometry": { "type": "LineString", "coordinates": [ [ 126.9478883, 37.5038191 ], [ 126.9477461, 37.5039862 ] ] } },
{ "type": "Feature", "properties": { "u": "13322228149", "v": "2890319302", "key": 0, "highway": "residential", "name": null, "validation_status": "unobserved", "length_m": 26.165046739968499, "최대경사_pct": 2.9243008147066498, "B등급": "양호", "기준선_근처": true, "계단": false, "급한전환": 0 }, "geometry": { "type": "LineString", "coordinates": [ [ 126.95892520000001, 37.4949881 ], [ 126.9588637, 37.4947575 ] ] } },
{ "type": "Feature", "properties": { "u": "13322228149", "v": "12794885931", "key": 0, "highway": "footway", "name": null, "validation_status": "validated", "length_m": 390.29311838133975, "최대경사_pct": 9.639008067121468, "B등급": "위험", "기준선_근처": true, "계단": false, "급한전환": 1 }, "geometry": { "type": "LineString", "coordinates": [ [ 126.954681500000021, 37.4955484 ], [ 126.958636, 37.4949792 ], [ 126.9586558, 37.494889 ], [ 126.9587105, 37.494816 ], [ 126.958795899999984, 37.4947684 ], [ 126.9588637, 37.4947575 ] ] } },
{ "type": "Feature", "properties": { "u": "13322228149", "v": "13322228150", "key": 0, "highway": "footway", "name": null, "validation_status": "validated", "length_m": 67.5497480895107, "최대경사_pct": 2.5064294261386104, "B등급": "양호", "기준선_근처": true, "계단": false, "급한전환": 1 }, "geometry": { "type": "LineString", "coordinates": [ [ 126.9595316, 37.4948503 ], [ 126.9591402, 37.4949066 ], [ 126.9590882, 37.494824 ], [ 126.9589952, 37.494768900000018 ], [ 126.9588956, 37.494752400000031 ], [ 126.9588637, 37.4947575 ] ] } },
{ "type": "Feature", "properties": { "u": "13322228115", "v": "13322228150", "key": 0, "highway": "residential", "name": "상도로61길", "validation_status": "validated", "length_m": 54.708083288565646, "최대경사_pct": 4.0374811105487876, "B등급": "양호", "기준선_근처": true, "계단": false, "급한전환": 2 }, "geometry": { "type": "LineString", "coordinates": [ [ 126.9595316, 37.4948503 ], [ 126.9595239, 37.4948105 ], [ 126.95946, 37.494567099999983 ], [ 126.9594279, 37.494502500000017 ], [ 126.9593546, 37.4944677 ], [ 126.9592721, 37.4944575 ] ] } },
{ "type": "Feature", "properties": { "u": "13322228115", "v": "13322228122", "key": 0, "highway": "service", "name": null, "validation_status": "unobserved", "length_m": 26.539266870638293, "최대경사_pct": 7.7284266465037401, "B등급": "주의", "기준선_근처": true, "계단": false, "급한전환": 2 }, "geometry": { "type": "LineString", "coordinates": [ [ 126.9590948, 37.4943039 ], [ 126.9590986, 37.4943359 ], [ 126.9591151, 37.494367 ], [ 126.9591586, 37.4943876 ], [ 126.95919840000002, 37.4943946 ], [ 126.959237, 37.4944001 ], [ 126.9592667, 37.49441860000001 ], [ 126.9592721, 37.4944575 ] ] } },
{ "type": "Feature", "properties": { "u": "13149390530", "v": "13149390529", "key": 0, "highway": "footway", "name": null, "validation_status": "validated", "length_m": 114.79742360964306, "최대경사_pct": 7.3558154985706832, "B등급": "주의", "기준선_근처": true, "계단": false, "급한전환": 0 }, "geometry": { "type": "LineString", "coordinates": [ [ 126.955408500000019, 37.495602 ], [ 126.9566841, 37.49541 ] ] } },
{ "type": "Feature", "properties": { "u": "13149390530", "v": "13149390531", "key": 0, "highway": "footway", "name": null, "validation_status": "validated", "length_m": 201.99542638080686, "최대경사_pct": 7.8020353098883239, "B등급": "주의", "기준선_근처": true, "계단": false, "급한전환": 0 }, "geometry": { "type": "LineString", "coordinates": [ [ 126.9589286, 37.4950721 ], [ 126.9566841, 37.49541 ] ] } },
{ "type": "Feature", "properties": { "u": "2890319302", "v": "13149390531", "key": 0, "highway": "service", "name": null, "validation_status": "unobserved", "length_m": 9.327751769096233, "최대경사_pct": 1.2212329537422069, "B등급": "양호", "기준선_근처": true, "계단": false, "급한전환": 0 }, "geometry": { "type": "LineString", "coordinates": [ [ 126.9589286, 37.4950721 ], [ 126.95892520000001, 37.4949881 ] ] } },
{ "type": "Feature", "properties": { "u": "13149390531", "v": "12791616330", "key": 0, "highway": "footway", "name": null, "validation_status": "validated", "length_m": 138.22447357541787, "최대경사_pct": 8.0592554565817203, "B등급": "주의", "기준선_근처": true, "계단": false, "급한전환": 0 }, "geometry": { "type": "LineString", "coordinates": [ [ 126.960464500000015, 37.4948409 ], [ 126.9589286, 37.4950721 ] ] } },
{ "type": "Feature", "properties": { "u": "5406793616", "v": "5406793593", "key": 0, "highway": "path", "name": "동작충효길", "validation_status": "validated", "length_m": 8.8051156567709636, "최대경사_pct": 9.5545033381284838, "B등급": "위험", "기준선_근처": true, "계단": false, "급한전환": 0 }, "geometry": { "type": "LineString", "coordinates": [ [ 126.962953, 37.4945168 ], [ 126.9630446, 37.4945479 ] ] } },
{ "type": "Feature", "properties": { "u": "5406793616", "v": "5406793629", "key": 0, "highway": "path", "name": "동작충효길", "validation_status": "validated", "length_m": 270.16971024490186, "최대경사_pct": 17.211289178025211, "B등급": "위험", "기준선_근처": false, "계단": false, "급한전환": 0 }, "geometry": { "type": "LineString", "coordinates": [ [ 126.96546, 37.4932563 ], [ 126.9652826, 37.493206499999978 ], [ 126.9651099, 37.493193100000013 ], [ 126.9650473, 37.4932215 ], [ 126.9648778, 37.493333800000016 ], [ 126.964763399999981, 37.4933919 ], [ 126.9646466, 37.4934626 ], [ 126.9645228, 37.4935741 ], [ 126.9644511, 37.4936542 ], [ 126.9642447, 37.493834300000017 ], [ 126.9640278, 37.4939415 ], [ 126.9639353, 37.4939829 ], [ 126.963870700000015, 37.49403 ], [ 126.9637162, 37.4941452 ], [ 126.9635316, 37.4942656 ], [ 126.963338800000017, 37.4943612 ], [ 126.9630446, 37.4945479 ] ] } },
{ "type": "Feature", "properties": { "u": "3021942862", "v": "7256876618", "key": 0, "highway": "footway", "name": null, "validation_status": "unobserved", "length_m": 206.99655038760434, "최대경사_pct": 20.499799389538133, "B등급": "위험", "기준선_근처": false, "계단": false, "급한전환": 0 }, "geometry": { "type": "LineString", "coordinates": [ [ 126.947512500000016, 37.4957464 ], [ 126.947368200000014, 37.4953826 ], [ 126.9473867, 37.4951602 ], [ 126.9473744, 37.4948595 ], [ 126.9472634, 37.4941873 ], [ 126.9474021, 37.4939281 ] ] } },
{ "type": "Feature", "properties": { "u": "3021942862", "v": "3382528801", "key": 0, "highway": "footway", "name": null, "validation_status": "unobserved", "length_m": 104.37405489512609, "최대경사_pct": 0.0, "B등급": "양호", "기준선_근처": false, "계단": false, "급한전환": 0 }, "geometry": { "type": "LineString", "coordinates": [ [ 126.9484841, 37.49366160000001 ], [ 126.947925900000016, 37.4936886 ], [ 126.9475654, 37.4937888 ], [ 126.9474021, 37.4939281 ] ] } },
{ "type": "Feature", "properties": { "u": "7256876618", "v": "3382528798", "key": 0, "highway": "path", "name": null, "validation_status": "unobserved", "length_m": 296.92635460664303, "최대경사_pct": 12.695599952393502, "B등급": "위험", "기준선_근처": true, "계단": false, "급한전환": 1 }, "geometry": { "type": "LineString", "coordinates": [ [ 126.9488625, 37.4936715 ], [ 126.9486817, 37.4937944 ], [ 126.9484081, 37.4937944 ], [ 126.9481882, 37.4939689 ], [ 126.948021900000015, 37.4941307 ], [ 126.9476839, 37.4942583 ], [ 126.9475444, 37.4946414 ], [ 126.9475015, 37.4949053 ], [ 126.947565900000015, 37.4951223 ], [ 126.947512500000016, 37.4957464 ] ] } },
{ "type": "Feature", "properties": { "u": "3382528801", "v": "3382528800", "key": 0, "highway": "service", "name": null, "validation_status": "unobserved", "length_m": 55.31787682307769, "최대경사_pct": 1.5551309821810833, "B등급": "양호", "기준선_근처": true, "계단": false, "급한전환": 0 }, "geometry": { "type": "LineString", "coordinates": [ [ 126.9478673, 37.493578600000014 ], [ 126.9484841, 37.49366160000001 ] ] } },
{ "type": "Feature", "properties": { "u": "3382528801", "v": "3382528798", "key": 0, "highway": "service", "name": null, "validation_status": "unobserved", "length_m": 33.901324354553417, "최대경사_pct": 8.3333333333333321, "B등급": "주의", "기준선_근처": true, "계단": false, "급한전환": 0 }, "geometry": { "type": "LineString", "coordinates": [ [ 126.9488625, 37.4936715 ], [ 126.9487023, 37.493691 ], [ 126.9484841, 37.49366160000001 ] ] } },
{ "type": "Feature", "properties": { "u": "13281452472", "v": "13281452478", "key": 0, "highway": "service", "name": null, "validation_status": "validated", "length_m": 64.272810193443249, "최대경사_pct": 15.364930005330473, "B등급": "위험", "기준선_근처": false, "계단": false, "급한전환": 1 }, "geometry": { "type": "LineString", "coordinates": [ [ 126.9504624, 37.4988896 ], [ 126.9503617, 37.4990235 ], [ 126.9503475, 37.4990479 ], [ 126.9503404, 37.4990818 ], [ 126.9503487, 37.4991072 ], [ 126.9503611, 37.4991228 ], [ 126.950698, 37.4992915 ] ] } },
{ "type": "Feature", "properties": { "u": "3337436851", "v": "3337436856", "key": 0, "highway": "service", "name": null, "validation_status": "unobserved", "length_m": 84.920516585644933, "최대경사_pct": 4.7530818763582747, "B등급": "양호", "기준선_근처": true, "계단": false, "급한전환": 2 }, "geometry": { "type": "LineString", "coordinates": [ [ 126.949552399999988, 37.4984576 ], [ 126.9494103, 37.4983746 ], [ 126.949391500000019, 37.4983129 ], [ 126.949533700000018, 37.4981384 ], [ 126.949606100000011, 37.498140500000027 ], [ 126.949919900000012, 37.498298 ] ] } },
{ "type": "Feature", "properties": { "u": "3337436851", "v": "3337436860", "key": 0, "highway": "service", "name": null, "validation_status": "validated", "length_m": 83.358475437981681, "최대경사_pct": 3.2133225968752397, "B등급": "양호", "기준선_근처": true, "계단": false, "급한전환": 2 }, "geometry": { "type": "LineString", "coordinates": [ [ 126.950019200000014, 37.4988534 ], [ 126.9501962, 37.498647 ], [ 126.9499923, 37.4985236 ], [ 126.9498394, 37.4984171 ], [ 126.949919900000012, 37.498298 ] ] } },
{ "type": "Feature", "properties": { "u": "11413637596", "v": "13597219419", "key": 0, "highway": "footway", "name": null, "validation_status": "unobserved", "length_m": 16.693604912154917, "최대경사_pct": 7.1245585990155167, "B등급": "주의", "기준선_근처": true, "계단": false, "급한전환": 1 }, "geometry": { "type": "LineString", "coordinates": [ [ 126.951367800000014, 37.4988022 ], [ 126.9512783, 37.4987439 ], [ 126.9513266, 37.4987001 ] ] } },
{ "type": "Feature", "properties": { "u": "3382528795", "v": "3382528798", "key": 0, "highway": "service", "name": null, "validation_status": "unobserved", "length_m": 92.688005801441022, "최대경사_pct": 14.686897108703423, "B등급": "위험", "기준선_근처": false, "계단": false, "급한전환": 0 }, "geometry": { "type": "LineString", "coordinates": [ [ 126.9488625, 37.4936715 ], [ 126.9490381, 37.4935175 ], [ 126.9493154, 37.49328770000001 ], [ 126.9493757, 37.4929832 ] ] } },
{ "type": "Feature", "properties": { "u": "3382528795", "v": "7256876661", "key": 0, "highway": "residential", "name": "상도로50길", "validation_status": "unobserved", "length_m": 45.890504122358628, "최대경사_pct": 7.0371000057435156, "B등급": "주의", "기준선_근처": true, "계단": false, "급한전환": 0 }, "geometry": { "type": "LineString", "coordinates": [ [ 126.949539500000014, 37.4933754 ], [ 126.949509, 37.4933144 ], [ 126.9493757, 37.4929832 ] ] } },
{ "type": "Feature", "properties": { "u": "3382528798", "v": "7256876661", "key": 0, "highway": "path", "name": null, "validation_status": "validated", "length_m": 70.347279126639592, "최대경사_pct": 13.625246997659325, "B등급": "위험", "기준선_근처": false, "계단": false, "급한전환": 0 }, "geometry": { "type": "LineString", "coordinates": [ [ 126.949539500000014, 37.4933754 ], [ 126.949387699999988, 37.49339410000001 ], [ 126.9492476, 37.4935231 ], [ 126.9490572, 37.4935954 ], [ 126.9488625, 37.4936715 ] ] } },
{ "type": "Feature", "properties": { "u": "7256876661", "v": "7256876600", "key": 0, "highway": "path", "name": null, "validation_status": "unobserved", "length_m": 185.00990399592098, "최대경사_pct": 10.504738262085098, "B등급": "위험", "기준선_근처": true, "계단": false, "급한전환": 2 }, "geometry": { "type": "LineString", "coordinates": [ [ 126.9508159, 37.4925462 ], [ 126.9505002, 37.4926271 ], [ 126.9500577, 37.492765500000033 ], [ 126.949829699999981, 37.4928634 ], [ 126.949808200000021, 37.4929889 ], [ 126.9498967, 37.4931038 ], [ 126.9499852, 37.4932294 ], [ 126.949931600000014, 37.4933124 ], [ 126.949539500000014, 37.4933754 ] ] } },
{ "type": "Feature", "properties": { "u": "7256876661", "v": "3958853416", "key": 0, "highway": "residential", "name": "상도로50길", "validation_status": "validated", "length_m": 61.075723150279302, "최대경사_pct": 25.667265323890369, "B등급": "위험", "기준선_근처": false, "계단": false, "급한전환": 0 }, "geometry": { "type": "LineString", "coordinates": [ [ 126.9496464, 37.4939094 ], [ 126.949662, 37.4937378 ], [ 126.949642700000012, 37.4936052 ], [ 126.949574, 37.4934288 ], [ 126.949539500000014, 37.4933754 ] ] } },
{ "type": "Feature", "properties": { "u": "3713452980", "v": "3713452985", "key": 0, "highway": "service", "name": null, "validation_status": "unobserved", "length_m": 74.414612126564336, "최대경사_pct": 10.12585419928174, "B등급": "위험", "기준선_근처": true, "계단": false, "급한전환": 0 }, "geometry": { "type": "LineString", "coordinates": [ [ 126.9667752, 37.488918 ], [ 126.966752500000013, 37.4888312 ], [ 126.9666509, 37.4886944 ], [ 126.9665139, 37.4885858 ], [ 126.966195900000017, 37.4884959 ] ] } },
{ "type": "Feature", "properties": { "u": "3713452980", "v": "4195610580", "key": 0, "highway": "primary", "name": "사당로", "validation_status": "unobserved", "length_m": 108.06962354514366, "최대경사_pct": 4.6658301366734856, "B등급": "양호", "기준선_근처": true, "계단": false, "급한전환": 0 }, "geometry": { "type": "LineString", "coordinates": [ [ 126.9667352, 37.487637399999983 ], [ 126.9665807, 37.4877633 ], [ 126.96651780000002, 37.4878695 ], [ 126.9664481, 37.4879612 ], [ 126.966375900000017, 37.4880713 ], [ 126.9663007, 37.4882146 ], [ 126.966195900000017, 37.4884959 ] ] } },
{ "type": "Feature", "properties": { "u": "3713452985", "v": "8482739039", "key": 0, "highway": "service", "name": null, "validation_status": "unobserved", "length_m": 60.223179175802173, "최대경사_pct": 7.1863335633464978, "B등급": "주의", "기준선_근처": true, "계단": false, "급한전환": 1 }, "geometry": { "type": "LineString", "coordinates": [ [ 126.9670157, 37.4893586 ], [ 126.9669272, 37.4893607 ], [ 126.9668786, 37.4893362 ], [ 126.9667752, 37.488918 ] ] } },
{ "type": "Feature", "properties": { "u": "3713452985", "v": "8482739037", "key": 0, "highway": "service", "name": null, "validation_status": "unobserved", "length_m": 116.91468709090005, "최대경사_pct": 3.9749692565325234, "B등급": "양호", "기준선_근처": true, "계단": false, "급한전환": 0 }, "geometry": { "type": "LineString", "coordinates": [ [ 126.965965200000014, 37.4895568 ], [ 126.9659926, 37.4894867 ], [ 126.9660677, 37.4891467 ], [ 126.9661738, 37.489076500000017 ], [ 126.9662975, 37.48904850000001 ], [ 126.96643, 37.4890555 ], [ 126.9665316, 37.489045 ], [ 126.9666686, 37.4889959 ], [ 126.9667752, 37.488918 ] ] } },
{ "type": "Feature", "properties": { "u": "4195610580", "v": "8482719770", "key": 0, "highway": "residential", "name": "사당로4길", "validation_status": "unobserved", "length_m": 44.611479874366189, "최대경사_pct": 6.5845099669827434, "B등급": "주의", "기준선_근처": true, "계단": false, "급한전환": 0 }, "geometry": { "type": "LineString", "coordinates": [ [ 126.9663992, 37.4873376 ], [ 126.9667352, 37.487637399999983 ] ] } },
{ "type": "Feature", "properties": { "u": "4195610580", "v": "3713453085", "key": 0, "highway": "primary", "name": "사당로", "validation_status": "unobserved", "length_m": 30.557219341455959, "최대경사_pct": 4.9362339739291512, "B등급": "양호", "기준선_근처": true, "계단": false, "급한전환": 0 }, "geometry": { "type": "LineString", "coordinates": [ [ 126.9669767, 37.4874405 ], [ 126.9667352, 37.487637399999983 ] ] } },
{ "type": "Feature", "properties": { "u": "8482739039", "v": "3713453010", "key": 0, "highway": "service", "name": null, "validation_status": "unobserved", "length_m": 19.021598636604061, "최대경사_pct": 10.389573362864581, "B등급": "위험", "기준선_근처": true, "계단": false, "급한전환": 0 }, "geometry": { "type": "LineString", "coordinates": [ [ 126.9672287, 37.4893348 ], [ 126.9670157, 37.4893586 ] ] } },
{ "type": "Feature", "properties": { "u": "8482739039", "v": "8482739038", "key": 0, "highway": "service", "name": null, "validation_status": "unobserved", "length_m": 7.1467738078562348, "최대경사_pct": 9.320684717165749, "B등급": "위험", "기준선_근처": true, "계단": false, "급한전환": 0 }, "geometry": { "type": "LineString", "coordinates": [ [ 126.967023400000016, 37.4894227 ], [ 126.9670157, 37.4893586 ] ] } },
{ "type": "Feature", "properties": { "u": "8482739037", "v": "8482739038", "key": 0, "highway": "service", "name": null, "validation_status": "unobserved", "length_m": 94.76102897156548, "최대경사_pct": 0.72649226603640049, "B등급": "양호", "기준선_근처": false, "계단": false, "급한전환": 0 }, "geometry": { "type": "LineString", "coordinates": [ [ 126.967023400000016, 37.4894227 ], [ 126.965965200000014, 37.4895568 ] ] } },
{ "type": "Feature", "properties": { "u": "8482739037", "v": "8482739038", "key": 1, "highway": "service", "name": null, "validation_status": "unobserved", "length_m": 120.06508486297054, "최대경사_pct": 1.5584056912244171, "B등급": "양호", "기준선_근처": true, "계단": false, "급한전환": 2 }, "geometry": { "type": "LineString", "coordinates": [ [ 126.967023400000016, 37.4894227 ], [ 126.9670334, 37.4895199 ], [ 126.967021399999979, 37.48953370000001 ], [ 126.967009300000015, 37.4895422 ], [ 126.9669852, 37.4895508 ], [ 126.9659646, 37.4896518 ], [ 126.96594180000001, 37.4896476 ], [ 126.9659351, 37.4896338 ], [ 126.96594180000001, 37.4896167 ], [ 126.965965200000014, 37.4895568 ] ] } },
{ "type": "Feature", "properties": { "u": "3713453010", "v": "3713453011", "key": 0, "highway": "service", "name": null, "validation_status": "unobserved", "length_m": 13.838524950722523, "최대경사_pct": 14.334073203084612, "B등급": "위험", "기준선_근처": false, "계단": false, "급한전환": 0 }, "geometry": { "type": "LineString", "coordinates": [ [ 126.967382299999983, 37.489311 ], [ 126.9672287, 37.4893348 ] ] } },
{ "type": "Feature", "properties": { "u": "3713453010", "v": "12152882901", "key": 0, "highway": "service", "name": null, "validation_status": "unobserved", "length_m": 17.440996903433074, "최대경사_pct": 19.53675365564462, "B등급": "위험", "기준선_근처": false, "계단": false, "급한전환": 0 }, "geometry": { "type": "LineString", "coordinates": [ [ 126.967410499999986, 37.4893957 ], [ 126.9672287, 37.4893348 ] ] } },
{ "type": "Feature", "properties": { "u": "3713453011", "v": "3713453012", "key": 0, "highway": "service", "name": null, "validation_status": "unobserved", "length_m": 5.8003265445722452, "최대경사_pct": 20.813440412756659, "B등급": "위험", "기준선_근처": false, "계단": false, "급한전환": 0 }, "geometry": { "type": "LineString", "coordinates": [ [ 126.9674441, 37.4893285 ], [ 126.967382299999983, 37.489311 ] ] } },
{ "type": "Feature", "properties": { "u": "3713453011", "v": "3713453034", "key": 0, "highway": "service", "name": null, "validation_status": "unobserved", "length_m": 164.92309043304084, "최대경사_pct": 4.7811630814695611, "B등급": "양호", "기준선_근처": true, "계단": false, "급한전환": 0 }, "geometry": { "type": "LineString", "coordinates": [ [ 126.9685045, 37.4881337 ], [ 126.967611, 37.4889619 ], [ 126.967382299999983, 37.489311 ] ] } },
{ "type": "Feature", "properties": { "u": "12152882901", "v": "3713453015", "key": 0, "highway": "service", "name": null, "validation_status": "unobserved", "length_m": 56.73691970364932, "최대경사_pct": 22.554141783328184, "B등급": "위험", "기준선_근처": false, "계단": false, "급한전환": 1 }, "geometry": { "type": "LineString", "coordinates": [ [ 126.9679416, 37.4895431 ], [ 126.9678069, 37.4896035 ], [ 126.967725499999986, 37.4895979 ], [ 126.9676671, 37.4895642 ], [ 126.967568, 37.4894884 ], [ 126.967410499999986, 37.4893957 ] ] } },
{ "type": "Feature", "properties": { "u": "12152882901", "v": "12152882921", "key": 0, "highway": "path", "name": null, "validation_status": "unobserved", "length_m": 147.46459871466774, "최대경사_pct": 34.808142898877335, "B등급": "위험", "기준선_근처": false, "계단": false, "급한전환": 2 }, "geometry": { "type": "LineString", "coordinates": [ [ 126.9681387, 37.4904745 ], [ 126.9681202, 37.4904041 ], [ 126.9680511, 37.4903559 ], [ 126.9680033, 37.490285900000018 ], [ 126.967976800000017, 37.4901623 ], [ 126.96789010000002, 37.4900626 ], [ 126.967725499999986, 37.4900247 ], [ 126.96764060000001, 37.4899236 ], [ 126.9676335, 37.4898464 ], [ 126.9675981, 37.48980430000001 ], [ 126.967545, 37.4897046 ], [ 126.9675627, 37.4896217 ], [ 126.9675485, 37.489565600000013 ], [ 126.967476, 37.4895347 ], [ 126.967454800000013, 37.4894729 ], [ 126.9674087, 37.4894336 ], [ 126.967410499999986, 37.4893957 ] ] } },
{ "type": "Feature", "properties": { "u": "3713453012", "v": "3713453015", "key": 0, "highway": "service", "name": null, "validation_status": "unobserved", "length_m": 51.494977428574757, "최대경사_pct": 22.890972317042742, "B등급": "위험", "기준선_근처": false, "계단": false, "급한전환": 0 }, "geometry": { "type": "LineString", "coordinates": [ [ 126.9679416, 37.4895431 ], [ 126.9678003, 37.489532500000024 ], [ 126.967692400000018, 37.4894876 ], [ 126.9674441, 37.4893285 ] ] } },
{ "type": "Feature", "properties": { "u": "3713453015", "v": "3713453016", "key": 0, "highway": "service", "name": null, "validation_status": "unobserved", "length_m": 16.724035526633319, "최대경사_pct": 8.1272864263986833, "B등급": "주의", "기준선_근처": true, "계단": false, "급한전환": 0 }, "geometry": { "type": "LineString", "coordinates": [ [ 126.9681024, 37.4894638 ], [ 126.9679416, 37.4895431 ] ] } },
{ "type": "Feature", "properties": { "u": "3713453085", "v": "3713453089", "key": 0, "highway": "service", "name": [ "사당로", "사당로9가길" ], "validation_status": "unobserved", "length_m": 185.51220821527181, "최대경사_pct": 9.072554306694153, "B등급": "위험", "기준선_근처": true, "계단": false, "급한전환": 1 }, "geometry": { "type": "LineString", "coordinates": [ [ 126.9681978, 37.4873392 ], [ 126.96727, 37.4880264 ], [ 126.967219, 37.4880243 ], [ 126.967025899999982, 37.4874795 ], [ 126.9669767, 37.4874405 ] ] } },
{ "type": "Feature", "properties": { "u": "3958853416", "v": "10589255419", "key": 0, "highway": "residential", "name": "상도로50길", "validation_status": "validated", "length_m": 184.04786516086025, "최대경사_pct": 13.848080894907799, "B등급": "위험", "기준선_근처": false, "계단": false, "급한전환": 0 }, "geometry": { "type": "LineString", "coordinates": [ [ 126.9492612, 37.4954948 ], [ 126.9492297, 37.495316 ], [ 126.9492195, 37.4947968 ], [ 126.9492648, 37.494551700000017 ], [ 126.949398700000017, 37.4943134 ], [ 126.9496464, 37.4939094 ] ] } },
{ "type": "Feature", "properties": { "u": "10589255419", "v": "10589255558", "key": 0, "highway": "service", "name": null, "validation_status": "unobserved", "length_m": 149.33904630052768, "최대경사_pct": 0.56403071358157353, "B등급": "양호", "기준선_근처": false, "계단": false, "급한전환": 0 }, "geometry": { "type": "LineString", "coordinates": [ [ 126.950877299999988, 37.4951227 ], [ 126.9504932, 37.4952174 ], [ 126.9501842, 37.495261600000013 ], [ 126.9499085, 37.4953238 ], [ 126.949755100000019, 37.495391 ], [ 126.9493506, 37.4954821 ], [ 126.9492612, 37.4954948 ] ] } },
{ "type": "Feature", "properties": { "u": "3980846361", "v": "11413637553", "key": 0, "highway": "service", "name": null, "validation_status": "unobserved", "length_m": 11.595204569864828, "최대경사_pct": 9.2616336376660282, "B등급": "위험", "기준선_근처": true, "계단": false, "급한전환": 0 }, "geometry": { "type": "LineString", "coordinates": [ [ 126.9512863, 37.4889415 ], [ 126.9513931, 37.489002100000022 ] ] } },
{ "type": "Feature", "properties": { "u": "11413637553", "v": "11413637903", "key": 0, "highway": "footway", "name": null, "validation_status": "unobserved", "length_m": 22.731872525649219, "최대경사_pct": 9.2576519868916538, "B등급": "위험", "기준선_근처": true, "계단": false, "급한전환": 0 }, "geometry": { "type": "LineString", "coordinates": [ [ 126.9511232, 37.4890998 ], [ 126.9512863, 37.4889415 ] ] } },
{ "type": "Feature", "properties": { "u": "11413637553", "v": "11413637781", "key": 0, "highway": [ "footway", "service" ], "name": null, "validation_status": "unobserved", "length_m": 160.11657623538383, "최대경사_pct": 2.3487349763658356, "B등급": "양호", "기준선_근처": true, "계단": false, "급한전환": 1 }, "geometry": { "type": "LineString", "coordinates": [ [ 126.9516949, 37.4877756 ], [ 126.9516923, 37.4877977 ], [ 126.9516743, 37.4880572 ], [ 126.951019599999981, 37.4887902 ], [ 126.9512863, 37.4889415 ] ] } },
{ "type": "Feature", "properties": { "u": "11413637553", "v": "11413637763", "key": 0, "highway": "footway", "name": null, "validation_status": "unobserved", "length_m": 82.683873469737605, "최대경사_pct": 3.7578176513940251, "B등급": "양호", "기준선_근처": true, "계단": false, "급한전환": 0 }, "geometry": { "type": "LineString", "coordinates": [ [ 126.9517968, 37.4883176 ], [ 126.9515722, 37.4885771 ], [ 126.951407100000011, 37.488785900000011 ], [ 126.9512863, 37.4889415 ] ] } },
{ "type": "Feature", "properties": { "u": "4140716854", "v": "4140716856", "key": 0, "highway": "service", "name": null, "validation_status": "unobserved", "length_m": 136.22192322480345, "최대경사_pct": 13.589056458141549, "B등급": "위험", "기준선_근처": false, "계단": false, "급한전환": 0 }, "geometry": { "type": "LineString", "coordinates": [ [ 126.950692800000013, 37.491426200000028 ], [ 126.9501442, 37.4916761 ], [ 126.9492806, 37.4919007 ] ] } },
{ "type": "Feature", "properties": { "u": "11413637737", "v": "4140716862", "key": 0, "highway": "service", "name": null, "validation_status": "unobserved", "length_m": 9.2532557079567219, "최대경사_pct": 9.2858807500944121, "B등급": "위험", "기준선_근처": true, "계단": false, "급한전환": 0 }, "geometry": { "type": "LineString", "coordinates": [ [ 126.9514679, 37.4893608 ], [ 126.9514001, 37.48942430000001 ] ] } },
{ "type": "Feature", "properties": { "u": "11413637737", "v": "11413637829", "key": 0, "highway": "footway", "name": null, "validation_status": "unobserved", "length_m": 15.693590572870329, "최대경사_pct": 12.266411610275179, "B등급": "위험", "기준선_근처": true, "계단": false, "급한전환": 0 }, "geometry": { "type": "LineString", "coordinates": [ [ 126.9512612, 37.4893363 ], [ 126.9514001, 37.48942430000001 ] ] } },
{ "type": "Feature", "properties": { "u": "11413637737", "v": "11413637574", "key": 0, "highway": "footway", "name": null, "validation_status": "unobserved", "length_m": 70.180789510959698, "최대경사_pct": 13.59353473742963, "B등급": "위험", "기준선_근처": false, "계단": false, "급한전환": 0 }, "geometry": { "type": "LineString", "coordinates": [ [ 126.952030600000015, 37.489808 ], [ 126.951791, 37.4896563 ], [ 126.9515044, 37.489491 ], [ 126.9514001, 37.48942430000001 ] ] } },
{ "type": "Feature", "properties": { "u": "4140716862", "v": "7831305680", "key": 0, "highway": "service", "name": null, "validation_status": "unobserved", "length_m": 72.156757679632165, "최대경사_pct": 11.694887367997065, "B등급": "위험", "기준선_근처": true, "계단": false, "급한전환": 0 }, "geometry": { "type": "LineString", "coordinates": [ [ 126.9521236, 37.4897477 ], [ 126.9514679, 37.4893608 ] ] } },
{ "type": "Feature", "properties": { "u": "7831305680", "v": "7831305678", "key": 0, "highway": "service", "name": null, "validation_status": "unobserved", "length_m": 14.182496196213398, "최대경사_pct": 11.240674128127187, "B등급": "위험", "기준선_근처": true, "계단": false, "급한전환": 0 }, "geometry": { "type": "LineString", "coordinates": [ [ 126.952243900000013, 37.4898322 ], [ 126.9521236, 37.4897477 ] ] } },
{ "type": "Feature", "properties": { "u": "7831305680", "v": "11413637574", "key": 0, "highway": "service", "name": null, "validation_status": "unobserved", "length_m": 10.603545422585533, "최대경사_pct": 4.8967871746557989, "B등급": "양호", "기준선_근처": true, "계단": false, "급한전환": 0 }, "geometry": { "type": "LineString", "coordinates": [ [ 126.952030600000015, 37.489808 ], [ 126.9521236, 37.4897477 ] ] } },
{ "type": "Feature", "properties": { "u": "4195737162", "v": "4195737166", "key": 0, "highway": "residential", "name": null, "validation_status": "unobserved", "length_m": 32.129968820551689, "최대경사_pct": 8.3333333333333321, "B등급": "주의", "기준선_근처": true, "계단": false, "급한전환": 0 }, "geometry": { "type": "LineString", "coordinates": [ [ 126.968113100000011, 37.4919296 ], [ 126.9683859, 37.4921208 ] ] } },
{ "type": "Feature", "properties": { "u": "4195737162", "v": "12152877155", "key": 0, "highway": [ "residential", "service" ], "name": [ "사당로23길", "사당로23아길" ], "validation_status": "unobserved", "length_m": 203.14093206404172, "최대경사_pct": 11.33784903179456, "B등급": "위험", "기준선_근처": true, "계단": false, "급한전환": 2 }, "geometry": { "type": "LineString", "coordinates": [ [ 126.968166200000013, 37.4929141 ], [ 126.9678834, 37.4931847 ], [ 126.967496200000014, 37.4929474 ], [ 126.9683859, 37.4921208 ] ] } },
{ "type": "Feature", "properties": { "u": "4195737166", "v": "12152877185", "key": 0, "highway": [ "residential", "path" ], "name": null, "validation_status": "unobserved", "length_m": 169.66600637014301, "최대경사_pct": 29.939829823427132, "B등급": "위험", "기준선_근처": false, "계단": false, "급한전환": 0 }, "geometry": { "type": "LineString", "coordinates": [ [ 126.966289299999985, 37.4920076 ], [ 126.966575100000014, 37.4919418 ], [ 126.9669137, 37.4919381 ], [ 126.9672266, 37.4918862 ], [ 126.9675628, 37.4918121 ], [ 126.9678243, 37.4917935 ], [ 126.967927900000021, 37.49179860000001 ], [ 126.968113100000011, 37.4919296 ] ] } },
{ "type": "Feature", "properties": { "u": "12152877185", "v": "12152877184", "key": 0, "highway": "path", "name": null, "validation_status": "unobserved", "length_m": 28.396087753613621, "최대경사_pct": 7.4009574889986132, "B등급": "주의", "기준선_근처": true, "계단": false, "급한전환": 0 }, "geometry": { "type": "LineString", "coordinates": [ [ 126.9661702, 37.4922452 ], [ 126.966289299999985, 37.4920076 ] ] } },
{ "type": "Feature", "properties": { "u": "12152877185", "v": "12155399130", "key": 0, "highway": "path", "name": null, "validation_status": "unobserved", "length_m": 203.0035275193539, "최대경사_pct": 13.334726262206193, "B등급": "위험", "기준선_근처": false, "계단": false, "급한전환": 0 }, "geometry": { "type": "LineString", "coordinates": [ [ 126.968002, 37.490874 ], [ 126.967925, 37.4910668 ], [ 126.9676601, 37.4912893 ], [ 126.9670593, 37.4915631 ], [ 126.9664862, 37.4918198 ], [ 126.966289299999985, 37.4920076 ] ] } },
{ "type": "Feature", "properties": { "u": "4408894227", "v": "7256876588", "key": 0, "highway": [ "service", "path" ], "name": "상도로60길", "validation_status": "unobserved", "length_m": 210.6637640654765, "최대경사_pct": 14.477374578413368, "B등급": "위험", "기준선_근처": false, "계단": false, "급한전환": 2 }, "geometry": { "type": "LineString", "coordinates": [ [ 126.9518027, 37.4923458 ], [ 126.9519084, 37.492293 ], [ 126.9521471, 37.4920589 ], [ 126.952316100000019, 37.4919355 ], [ 126.9524609, 37.4917801 ], [ 126.9526031, 37.4917014 ], [ 126.952820299999985, 37.4916397 ], [ 126.95288690000001, 37.4915021 ], [ 126.95286320000001, 37.491445 ], [ 126.952831, 37.4912683 ], [ 126.9528498, 37.4912024 ], [ 126.9529356, 37.49113 ], [ 126.953177, 37.4910747 ], [ 126.9532341, 37.4910704 ] ] } },
{ "type": "Feature", "properties": { "u": "4408894227", "v": "13319101346", "key": 0, "highway": "footway", "name": null, "validation_status": "unobserved", "length_m": 90.907978381079175, "최대경사_pct": 25.257165842559871, "B등급": "위험", "기준선_근처": false, "계단": false, "급한전환": 0 }, "geometry": { "type": "LineString", "coordinates": [ [ 126.9530823, 37.4902958 ], [ 126.9530313, 37.490617200000024 ], [ 126.9532118, 37.4908475 ], [ 126.9532341, 37.4910704 ] ] } },
{ "type": "Feature", "properties": { "u": "7256876588", "v": "7256876600", "key": 0, "highway": "path", "name": null, "validation_status": "unobserved", "length_m": 91.045785415872274, "최대경사_pct": 26.28254180349926, "B등급": "위험", "기준선_근처": false, "계단": false, "급한전환": 0 }, "geometry": { "type": "LineString", "coordinates": [ [ 126.9508159, 37.4925462 ], [ 126.95111439999998, 37.4924697 ], [ 126.951406800000015, 37.4923909 ], [ 126.9517421, 37.492376 ], [ 126.9518027, 37.4923458 ] ] } },
{ "type": "Feature", "properties": { "u": "7256876588", "v": "7256876597", "key": 0, "highway": "path", "name": null, "validation_status": "unobserved", "length_m": 179.69357731007045, "최대경사_pct": 35.471528933352637, "B등급": "위험", "기준선_근처": false, "계단": false, "급한전환": 3 }, "geometry": { "type": "LineString", "coordinates": [ [ 126.950776499999989, 37.492918699999983 ], [ 126.950840900000017, 37.4929783 ], [ 126.950870400000014, 37.4931634 ], [ 126.950857, 37.4932656 ], [ 126.9511466, 37.4930059 ], [ 126.9512995, 37.492957 ], [ 126.9513371, 37.4928612 ], [ 126.951546300000018, 37.4926335 ], [ 126.9518252, 37.4924377 ], [ 126.9518027, 37.4923458 ] ] } },
{ "type": "Feature", "properties": { "u": "13319101346", "v": "11413637492", "key": 0, "highway": "footway", "name": null, "validation_status": "validated", "length_m": 118.48230095551813, "최대경사_pct": 0.84543410137466224, "B등급": "양호", "기준선_근처": false, "계단": false, "급한전환": 0 }, "geometry": { "type": "LineString", "coordinates": [ [ 126.9542396, 37.4903737 ], [ 126.95391530000002, 37.4901665 ], [ 126.95374790000001, 37.4900971 ], [ 126.953626600000021, 37.4900819 ], [ 126.9535003, 37.4901029 ], [ 126.95333789999998, 37.490168 ], [ 126.9530823, 37.4902958 ] ] } },
{ "type": "Feature", "properties": { "u": "13319101346", "v": "11413637577", "key": 0, "highway": "footway", "name": null, "validation_status": "validated", "length_m": 72.433621342640407, "최대경사_pct": 3.5594466319386444, "B등급": "양호", "기준선_근처": true, "계단": false, "급한전환": 0 }, "geometry": { "type": "LineString", "coordinates": [ [ 126.9525614, 37.4907984 ], [ 126.9527862, 37.4905562 ], [ 126.9530823, 37.4902958 ] ] } },
{ "type": "Feature", "properties": { "u": "4611250951", "v": "4611263521", "key": 0, "highway": "residential", "name": [ "흑석한강로", "서달로2길" ], "validation_status": "unobserved", "length_m": 69.606865658434828, "최대경사_pct": 15.546273333989333, "B등급": "위험", "기준선_근처": false, "계단": false, "급한전환": 0 }, "geometry": { "type": "LineString", "coordinates": [ [ 126.964300600000016, 37.5018422 ], [ 126.9642772, 37.5012375 ], [ 126.964266, 37.501217200000021 ] ] } },
{ "type": "Feature", "properties": { "u": "4611250951", "v": "4611263520", "key": 0, "highway": "service", "name": "서달로10길", "validation_status": "validated", "length_m": 77.083317947660078, "최대경사_pct": 21.082207085135163, "B등급": "위험", "기준선_근처": false, "계단": false, "급한전환": 0 }, "geometry": { "type": "LineString", "coordinates": [ [ 126.9637539, 37.5017082 ], [ 126.9638132, 37.5014978 ], [ 126.9638805, 37.5013812 ], [ 126.964150100000012, 37.5012459 ], [ 126.964266, 37.501217200000021 ] ] } },
{ "type": "Feature", "properties": { "u": "4611263521", "v": "4611263519", "key": 0, "highway": "service", "name": null, "validation_status": "unobserved", "length_m": 50.511213740776938, "최대경사_pct": 14.608591457622792, "B등급": "위험", "기준선_근처": false, "계단": false, "급한전환": 0 }, "geometry": { "type": "LineString", "coordinates": [ [ 126.9637385, 37.5017611 ], [ 126.964300600000016, 37.5018422 ] ] } },
{ "type": "Feature", "properties": { "u": "4611263521", "v": "4611303880", "key": 0, "highway": "residential", "name": "흑석한강로", "validation_status": "unobserved", "length_m": 148.83150344892118, "최대경사_pct": 12.639898672729061, "B등급": "위험", "기준선_근처": true, "계단": false, "급한전환": 0 }, "geometry": { "type": "LineString", "coordinates": [ [ 126.9643982, 37.5031809 ], [ 126.964353700000018, 37.5025015 ], [ 126.964300600000016, 37.5018422 ] ] } },
{ "type": "Feature", "properties": { "u": "4611263520", "v": "4611263519", "key": 0, "highway": "service", "name": "서달로10길", "validation_status": "unobserved", "length_m": 6.0270613446723136, "최대경사_pct": 21.901190380916898, "B등급": "위험", "기준선_근처": false, "계단": false, "급한전환": 0 }, "geometry": { "type": "LineString", "coordinates": [ [ 126.9637385, 37.5017611 ], [ 126.9637539, 37.5017082 ] ] } },
{ "type": "Feature", "properties": { "u": "4611263520", "v": "4697324239", "key": 0, "highway": "service", "name": "서달로10길", "validation_status": "validated", "length_m": 63.848831589994816, "최대경사_pct": 1.0861770754140914, "B등급": "양호", "기준선_근처": true, "계단": false, "급한전환": 0 }, "geometry": { "type": "LineString", "coordinates": [ [ 126.9630411, 37.5016163 ], [ 126.9631728, 37.5016323 ], [ 126.9637539, 37.5017082 ] ] } },
{ "type": "Feature", "properties": { "u": "4611263519", "v": "10239817425", "key": 0, "highway": "service", "name": null, "validation_status": "unobserved", "length_m": 63.437879803152839, "최대경사_pct": 1.0930276272320745, "B등급": "양호", "기준선_근처": true, "계단": false, "급한전환": 0 }, "geometry": { "type": "LineString", "coordinates": [ [ 126.963029799999987, 37.5016722 ], [ 126.96310579999998, 37.5016813 ], [ 126.9637385, 37.5017611 ] ] } },
{ "type": "Feature", "properties": { "u": "10239817425", "v": "4697324239", "key": 0, "highway": "service", "name": null, "validation_status": "validated", "length_m": 6.2841224964972016, "최대경사_pct": 18.312045170533697, "B등급": "위험", "기준선_근처": false, "계단": false, "급한전환": 0 }, "geometry": { "type": "LineString", "coordinates": [ [ 126.9630411, 37.5016163 ], [ 126.963029799999987, 37.5016722 ] ] } },
{ "type": "Feature", "properties": { "u": "10239817425", "v": "4697324237", "key": 0, "highway": "service", "name": null, "validation_status": "validated", "length_m": 40.959750632226957, "최대경사_pct": 1.4453732405976776, "B등급": "양호", "기준선_근처": true, "계단": false, "급한전환": 1 }, "geometry": { "type": "LineString", "coordinates": [ [ 126.962661699999984, 37.5017243 ], [ 126.963012300000017, 37.501758700000018 ], [ 126.963029799999987, 37.5016722 ] ] } },
{ "type": "Feature", "properties": { "u": "4697324239", "v": "4697324250", "key": 0, "highway": "service", "name": null, "validation_status": "unobserved", "length_m": 42.829762308865568, "최대경사_pct": 9.2941238865865952, "B등급": "위험", "기준선_근처": true, "계단": false, "급한전환": 1 }, "geometry": { "type": "LineString", "coordinates": [ [ 126.962755500000014, 37.501429900000026 ], [ 126.9627314, 37.5015617 ], [ 126.9630411, 37.5016163 ] ] } },
{ "type": "Feature", "properties": { "u": "8537501420", "v": "10792799832", "key": 0, "highway": "primary", "name": "관악로", "validation_status": "validated", "length_m": 31.244316748973397, "최대경사_pct": 9.3294252146237966, "B등급": "위험", "기준선_근처": true, "계단": false, "급한전환": 0 }, "geometry": { "type": "LineString", "coordinates": [ [ 126.9575053, 37.4892338 ], [ 126.9576069, 37.48909 ], [ 126.9576715, 37.4889855 ] ] } },
{ "type": "Feature", "properties": { "u": "8537416816", "v": "10792799832", "key": 0, "highway": "primary", "name": "관악로", "validation_status": "validated", "length_m": 81.247179926221861, "최대경사_pct": 8.0205397963077409, "B등급": "주의", "기준선_근처": true, "계단": false, "급한전환": 0 }, "geometry": { "type": "LineString", "coordinates": [ [ 126.9575053, 37.4892338 ], [ 126.9574386, 37.4893284 ], [ 126.9572536, 37.4896135 ], [ 126.957081700000018, 37.4898833 ] ] } },
{ "type": "Feature", "properties": { "u": "4619539867", "v": "8482850191", "key": 0, "highway": "residential", "name": null, "validation_status": "validated", "length_m": 50.946834212612814, "최대경사_pct": 9.4773400565751835, "B등급": "위험", "기준선_근처": true, "계단": false, "급한전환": 0 }, "geometry": { "type": "LineString", "coordinates": [ [ 126.961964099999989, 37.4897535 ], [ 126.9614413, 37.4895607 ] ] } },
{ "type": "Feature", "properties": { "u": "8482850191", "v": "4619539868", "key": 0, "highway": "residential", "name": null, "validation_status": "validated", "length_m": 47.29639198442235, "최대경사_pct": 14.142305781288112, "B등급": "위험", "기준선_근처": false, "계단": false, "급한전환": 0 }, "geometry": { "type": "LineString", "coordinates": [ [ 126.9624503, 37.489931 ], [ 126.961964099999989, 37.4897535 ] ] } },
{ "type": "Feature", "properties": { "u": "8482850191", "v": "8482850182", "key": 0, "highway": "service", "name": null, "validation_status": "unobserved", "length_m": 90.056743882263675, "최대경사_pct": 1.8698066409995089, "B등급": "양호", "기준선_근처": true, "계단": false, "급한전환": 3 }, "geometry": { "type": "LineString", "coordinates": [ [ 126.9616207, 37.489216600000013 ], [ 126.9614719, 37.4894454 ], [ 126.9617227, 37.4895412 ], [ 126.9617508, 37.48960610000001 ], [ 126.9619855, 37.489704 ], [ 126.961964099999989, 37.4897535 ] ] } },
{ "type": "Feature", "properties": { "u": "4619539868", "v": "4619539869", "key": 0, "highway": "residential", "name": "사당로2다길", "validation_status": "validated", "length_m": 71.045405151200512, "최대경사_pct": 9.9056086736812308, "B등급": "위험", "기준선_근처": true, "계단": false, "급한전환": 1 }, "geometry": { "type": "LineString", "coordinates": [ [ 126.9629383, 37.489651500000029 ], [ 126.962751, 37.4900096 ], [ 126.9624503, 37.489931 ] ] } },
{ "type": "Feature", "properties": { "u": "4619539868", "v": "8482850207", "key": 0, "highway": "residential", "name": "사당로2가길", "validation_status": "unobserved", "length_m": 57.280887578324169, "최대경사_pct": 9.6399937016079793, "B등급": "위험", "기준선_근처": true, "계단": false, "급한전환": 0 }, "geometry": { "type": "LineString", "coordinates": [ [ 126.96267450000002, 37.489447 ], [ 126.9625733, 37.4896457 ], [ 126.9624503, 37.489931 ] ] } },
{ "type": "Feature", "properties": { "u": "4619539869", "v": "8482842641", "key": 0, "highway": "residential", "name": "사당로2아길", "validation_status": "validated", "length_m": 36.287826903701287, "최대경사_pct": 5.3590061958879192, "B등급": "양호", "기준선_근처": true, "계단": false, "급한전환": 0 }, "geometry": { "type": "LineString", "coordinates": [ [ 126.963326200000012, 37.48975810000001 ], [ 126.9629383, 37.489651500000029 ] ] } },
{ "type": "Feature", "properties": { "u": "4619539869", "v": "8482842646", "key": 0, "highway": "residential", "name": "사당로2다길", "validation_status": "unobserved", "length_m": 52.329477697410113, "최대경사_pct": 9.4806116496112356, "B등급": "위험", "기준선_근처": true, "계단": false, "급한전환": 0 }, "geometry": { "type": "LineString", "coordinates": [ [ 126.9632329, 37.4892426 ], [ 126.9629383, 37.489651500000029 ] ] } },
{ "type": "Feature", "properties": { "u": "8482850207", "v": "8482842647", "key": 0, "highway": "residential", "name": "사당로2가길", "validation_status": "unobserved", "length_m": 41.719160504608375, "최대경사_pct": 7.9744641798786375, "B등급": "주의", "기준선_근처": true, "계단": false, "급한전환": 0 }, "geometry": { "type": "LineString", "coordinates": [ [ 126.962876200000011, 37.4891072 ], [ 126.96267450000002, 37.489447 ] ] } },
{ "type": "Feature", "properties": { "u": "8482850207", "v": "8482850192", "key": 0, "highway": "service", "name": null, "validation_status": "unobserved", "length_m": 233.23510268820681, "최대경사_pct": 11.08635706184363, "B등급": "위험", "기준선_근처": true, "계단": false, "급한전환": 2 }, "geometry": { "type": "LineString", "coordinates": [ [ 126.962015, 37.4878013 ], [ 126.9620016, 37.4878311 ], [ 126.9620043, 37.4878652 ], [ 126.962117, 37.4882908 ], [ 126.9621545, 37.4884036 ], [ 126.9621572, 37.4884568 ], [ 126.962146500000017, 37.4884888 ], [ 126.962127699999982, 37.488516400000016 ], [ 126.96183, 37.4889357 ], [ 126.9618192, 37.4889825 ], [ 126.961838, 37.4890166 ], [ 126.9618568, 37.4890421 ], [ 126.9618943, 37.489074 ], [ 126.961988199999979, 37.4891145 ], [ 126.962146500000017, 37.489171900000017 ], [ 126.96267450000002, 37.489447 ] ] } },
{ "type": "Feature", "properties": { "u": "8482842641", "v": "4619539870", "key": 0, "highway": "residential", "name": "사당로2아길", "validation_status": "validated", "length_m": 24.658131918616899, "최대경사_pct": 5.1747976069700146, "B등급": "양호", "기준선_근처": true, "계단": false, "급한전환": 0 }, "geometry": { "type": "LineString", "coordinates": [ [ 126.9635898, 37.4898305 ], [ 126.963326200000012, 37.48975810000001 ] ] } },
{ "type": "Feature", "properties": { "u": "8482842641", "v": "8482842640", "key": 0, "highway": "service", "name": null, "validation_status": "unobserved", "length_m": 52.465963070636818, "최대경사_pct": 10.037110956593006, "B등급": "위험", "기준선_근처": true, "계단": false, "급한전환": 0 }, "geometry": { "type": "LineString", "coordinates": [ [ 126.9635506, 37.4893205 ], [ 126.963326200000012, 37.48975810000001 ] ] } },
{ "type": "Feature", "properties": { "u": "8482842646", "v": "8482842640", "key": 0, "highway": "residential", "name": null, "validation_status": "unobserved", "length_m": 29.396944388606219, "최대경사_pct": 6.3412547738149998, "B등급": "주의", "기준선_근처": true, "계단": false, "급한전환": 0 }, "geometry": { "type": "LineString", "coordinates": [ [ 126.9635506, 37.4893205 ], [ 126.9632329, 37.4892426 ] ] } },
{ "type": "Feature", "properties": { "u": "8482842646", "v": "8482842647", "key": 0, "highway": "residential", "name": null, "validation_status": "unobserved", "length_m": 34.942437746692633, "최대경사_pct": 27.604110178351863, "B등급": "위험", "기준선_근처": false, "계단": false, "급한전환": 0 }, "geometry": { "type": "LineString", "coordinates": [ [ 126.962876200000011, 37.4891072 ], [ 126.9632329, 37.4892426 ] ] } },
{ "type": "Feature", "properties": { "u": "4619539870", "v": "8482827900", "key": 0, "highway": "residential", "name": "사당로2아길", "validation_status": "unobserved", "length_m": 33.039798247244192, "최대경사_pct": 2.3891183535276284, "B등급": "양호", "기준선_근처": true, "계단": false, "급한전환": 0 }, "geometry": { "type": "LineString", "coordinates": [ [ 126.963939100000019, 37.4899361 ], [ 126.9635898, 37.4898305 ] ] } },
{ "type": "Feature", "properties": { "u": "4619539870", "v": "8482842644", "key": 0, "highway": "residential", "name": null, "validation_status": "unobserved", "length_m": 51.713629168137516, "최대경사_pct": 11.040395955320683, "B등급": "위험", "기준선_근처": true, "계단": false, "급한전환": 0 }, "geometry": { "type": "LineString", "coordinates": [ [ 126.963924799999987, 37.4894486 ], [ 126.9635898, 37.4898305 ] ] } },
{ "type": "Feature", "properties": { "u": "4619539870", "v": "4619556438", "key": 0, "highway": "residential", "name": "사당로2라길", "validation_status": "validated", "length_m": 68.612053275115187, "최대경사_pct": 12.749939611247974, "B등급": "위험", "기준선_근처": true, "계단": false, "급한전환": 0 }, "geometry": { "type": "LineString", "coordinates": [ [ 126.9635003, 37.4904262 ], [ 126.963465, 37.4901041 ], [ 126.963506200000012, 37.4899454 ], [ 126.9635898, 37.4898305 ] ] } },
{ "type": "Feature", "properties": { "u": "8482827900", "v": "4619556438", "key": 0, "highway": "service", "name": null, "validation_status": "validated", "length_m": 83.124189092467333, "최대경사_pct": 11.208656246984908, "B등급": "위험", "기준선_근처": true, "계단": false, "급한전환": 1 }, "geometry": { "type": "LineString", "coordinates": [ [ 126.9635003, 37.4904262 ], [ 126.9636311, 37.490454200000023 ], [ 126.963686, 37.490467 ], [ 126.963704800000016, 37.490468 ], [ 126.9637263, 37.490468 ], [ 126.9637397, 37.4904648 ], [ 126.963747700000013, 37.49044990000003 ], [ 126.963939100000019, 37.4899361 ] ] } },
{ "type": "Feature", "properties": { "u": "8482842644", "v": "8482842637", "key": 0, "highway": "residential", "name": null, "validation_status": "unobserved", "length_m": 13.665111431626389, "최대경사_pct": 4.4272750458348753, "B등급": "양호", "기준선_근처": true, "계단": false, "급한전환": 0 }, "geometry": { "type": "LineString", "coordinates": [ [ 126.9640774, 37.4894513 ], [ 126.9639891, 37.4894592 ], [ 126.963924799999987, 37.4894486 ] ] } },
{ "type": "Feature", "properties": { "u": "8482842644", "v": "8482842640", "key": 0, "highway": "residential", "name": null, "validation_status": "unobserved", "length_m": 36.019332306668744, "최대경사_pct": 3.2041380186626491, "B등급": "양호", "기준선_근처": true, "계단": false, "급한전환": 0 }, "geometry": { "type": "LineString", "coordinates": [ [ 126.9635506, 37.4893205 ], [ 126.9638658, 37.4894294 ], [ 126.963924799999987, 37.4894486 ] ] } },
{ "type": "Feature", "properties": { "u": "4619556438", "v": "8482827909", "key": 0, "highway": "residential", "name": "사당로2라길", "validation_status": "validated", "length_m": 24.745594098794747, "최대경사_pct": 14.434888154659925, "B등급": "위험", "기준선_근처": false, "계단": false, "급한전환": 0 }, "geometry": { "type": "LineString", "coordinates": [ [ 126.9634868, 37.490648899999989 ], [ 126.9635003, 37.4904262 ] ] } },
{ "type": "Feature", "properties": { "u": "8482827909", "v": "8482827908", "key": 0, "highway": "service", "name": null, "validation_status": "unobserved", "length_m": 43.801404159943985, "최대경사_pct": 12.467221806726272, "B등급": "위험", "기준선_근처": true, "계단": false, "급한전환": 0 }, "geometry": { "type": "LineString", "coordinates": [ [ 126.9639612, 37.4907623 ], [ 126.9634868, 37.490648899999989 ] ] } },
{ "type": "Feature", "properties": { "u": "8482827909", "v": "4619556441", "key": 0, "highway": "residential", "name": "사당로2라길", "validation_status": "validated", "length_m": 98.663881882253492, "최대경사_pct": 14.568167876728468, "B등급": "위험", "기준선_근처": false, "계단": false, "급한전환": 0 }, "geometry": { "type": "LineString", "coordinates": [ [ 126.963318700000016, 37.4915185 ], [ 126.963465, 37.4911685 ], [ 126.963465, 37.490972500000012 ], [ 126.9634868, 37.490648899999989 ] ] } },
{ "type": "Feature", "properties": { "u": "4619556441", "v": "8482827915", "key": 0, "highway": "service", "name": null, "validation_status": "unobserved", "length_m": 26.949922501038582, "최대경사_pct": 9.0256686136166309, "B등급": "위험", "기준선_근처": true, "계단": false, "급한전환": 0 }, "geometry": { "type": "LineString", "coordinates": [ [ 126.9635873, 37.49163320000001 ], [ 126.963318700000016, 37.4915185 ] ] } },
{ "type": "Feature", "properties": { "u": "4619556441", "v": "8482835723", "key": 0, "highway": "residential", "name": "사당로2라길", "validation_status": "validated", "length_m": 98.452168261585754, "최대경사_pct": 14.229830875368563, "B등급": "위험", "기준선_근처": false, "계단": false, "급한전환": 1 }, "geometry": { "type": "LineString", "coordinates": [ [ 126.9628989, 37.4922324 ], [ 126.9628224, 37.4921174 ], [ 126.9628197, 37.4920556 ], [ 126.9628519, 37.491979 ], [ 126.9628894, 37.4919322 ], [ 126.9629511, 37.4918982 ], [ 126.9630504, 37.4918513 ], [ 126.9631255, 37.4918088 ], [ 126.963160300000013, 37.491781100000011 ], [ 126.9632155, 37.4917304 ], [ 126.963318700000016, 37.4915185 ] ] } },
{ "type": "Feature", "properties": { "u": "8482827915", "v": "8482827916", "key": 0, "highway": "service", "name": null, "validation_status": "validated", "length_m": 23.34422710547333, "최대경사_pct": 4.2951708307327152, "B등급": "양호", "기준선_근처": true, "계단": false, "급한전환": 0 }, "geometry": { "type": "LineString", "coordinates": [ [ 126.96382, 37.4917325 ], [ 126.9635873, 37.49163320000001 ] ] } },
{ "type": "Feature", "properties": { "u": "8482827915", "v": "8482827908", "key": 0, "highway": "service", "name": null, "validation_status": "unobserved", "length_m": 102.74673816320902, "최대경사_pct": 15.345204356624443, "B등급": "위험", "기준선_근처": false, "계단": false, "급한전환": 0 }, "geometry": { "type": "LineString", "coordinates": [ [ 126.9639612, 37.4907623 ], [ 126.9638336, 37.491174600000022 ], [ 126.96379330000002, 37.4912874 ], [ 126.963755800000015, 37.4913789 ], [ 126.9635873, 37.49163320000001 ] ] } },
{ "type": "Feature", "properties": { "u": "8482835723", "v": "8482827916", "key": 0, "highway": "residential", "name": "사당로2자길", "validation_status": "validated", "length_m": 107.96376360992309, "최대경사_pct": 13.746709363286158, "B등급": "위험", "기준선_근처": false, "계단": false, "급한전환": 0 }, "geometry": { "type": "LineString", "coordinates": [ [ 126.96382, 37.4917325 ], [ 126.9633482, 37.4922102 ], [ 126.963229, 37.492246 ], [ 126.9628989, 37.4922324 ] ] } },
{ "type": "Feature", "properties": { "u": "8482835723", "v": "5406793587", "key": 0, "highway": "residential", "name": "사당로2자길", "validation_status": "validated", "length_m": 173.15738985299026, "최대경사_pct": 11.174312219442429, "B등급": "위험", "기준선_근처": true, "계단": false, "급한전환": 0 }, "geometry": { "type": "LineString", "coordinates": [ [ 126.9623021, 37.493693500000028 ], [ 126.962383200000019, 37.4935348 ], [ 126.9626622, 37.4929553 ], [ 126.9628106, 37.492707399999986 ], [ 126.9628626, 37.4926046 ], [ 126.9628862, 37.492459 ], [ 126.9628574, 37.49231530000003 ], [ 126.9628673, 37.4922771 ], [ 126.9628989, 37.4922324 ] ] } },
{ "type": "Feature", "properties": { "u": "14074780687", "v": "14074780686", "key": 0, "highway": "primary", "name": "상도로", "validation_status": "unobserved", "length_m": 23.566873568209843, "최대경사_pct": 8.6464123637762444, "B등급": "위험", "기준선_근처": true, "계단": false, "급한전환": 0 }, "geometry": { "type": "LineString", "coordinates": [ [ 126.9555629, 37.4941816 ], [ 126.9554082, 37.494354499999979 ] ] } },
{ "type": "Feature", "properties": { "u": "12864837514", "v": "14074780686", "key": 0, "highway": "service", "name": null, "validation_status": "unobserved", "length_m": 84.741559504372219, "최대경사_pct": 4.8974791859243911, "B등급": "양호", "기준선_근처": true, "계단": false, "급한전환": 0 }, "geometry": { "type": "LineString", "coordinates": [ [ 126.9555629, 37.4941816 ], [ 126.9557162, 37.494284100000016 ], [ 126.9558014, 37.4943452 ], [ 126.9559031, 37.4944055 ], [ 126.9559565, 37.4944161 ], [ 126.956418, 37.4944049 ] ] } },
{ "type": "Feature", "properties": { "u": "4621469171", "v": "4621471097", "key": 0, "highway": "steps", "name": null, "validation_status": "unobserved", "length_m": 26.163889312411406, "최대경사_pct": 21.242329709856946, "B등급": "위험", "기준선_근처": false, "계단": true, "급한전환": 0 }, "geometry": { "type": "LineString", "coordinates": [ [ 126.9510725, 37.5015005 ], [ 126.9508288, 37.501366800000014 ] ] } },
{ "type": "Feature", "properties": { "u": "4621469171", "v": "6963036776", "key": 0, "highway": "service", "name": "상도로47마길", "validation_status": "unobserved", "length_m": 40.399276991760431, "최대경사_pct": 1.9233174066937764, "B등급": "양호", "기준선_근처": true, "계단": false, "급한전환": 0 }, "geometry": { "type": "LineString", "coordinates": [ [ 126.9511004, 37.501074100000018 ], [ 126.9508288, 37.501366800000014 ] ] } },
{ "type": "Feature", "properties": { "u": "4621471097", "v": "4621471093", "key": 2, "highway": "service", "name": "상도로47라길", "validation_status": "unobserved", "length_m": 63.956894911911768, "최대경사_pct": 0.41850796427745485, "B등급": "양호", "기준선_근처": false, "계단": false, "급한전환": 2 }, "geometry": { "type": "LineString", "coordinates": [ [ 126.9510725, 37.5015005 ], [ 126.9511909, 37.5014286 ], [ 126.9512687, 37.5014073 ], [ 126.951561, 37.5015453 ], [ 126.951546300000018, 37.501602 ], [ 126.951500700000011, 37.501654100000025 ] ] } },
{ "type": "Feature", "properties": { "u": "4621471097", "v": "4621471093", "key": 3, "highway": "service", "name": "상도로47라길", "validation_status": "unobserved", "length_m": 70.735307497538699, "최대경사_pct": 0.37840324497101635, "B등급": "양호", "기준선_근처": false, "계단": false, "급한전환": 2 }, "geometry": { "type": "LineString", "coordinates": [ [ 126.9510725, 37.5015005 ], [ 126.9509857, 37.5016478 ], [ 126.9510394, 37.5016967 ], [ 126.951389400000011, 37.5017446 ], [ 126.951500700000011, 37.501654100000025 ] ] } },
{ "type": "Feature", "properties": { "u": "6963036776", "v": "4621471426", "key": 0, "highway": "service", "name": "상도로47가길", "validation_status": "unobserved", "length_m": 16.391088372322134, "최대경사_pct": 11.719946252052555, "B등급": "위험", "기준선_근처": true, "계단": false, "급한전환": 0 }, "geometry": { "type": "LineString", "coordinates": [ [ 126.9512519, 37.5011592 ], [ 126.9511004, 37.501074100000018 ] ] } },
{ "type": "Feature", "properties": { "u": "10708858400", "v": "4621478353", "key": 0, "highway": "service", "name": "상도로39길", "validation_status": "unobserved", "length_m": 148.13012242875683, "최대경사_pct": 4.6431024132127199, "B등급": "양호", "기준선_근처": true, "계단": false, "급한전환": 3 }, "geometry": { "type": "LineString", "coordinates": [ [ 126.9490524, 37.5028891 ], [ 126.9488603, 37.503114100000019 ], [ 126.948858799999982, 37.5031773 ], [ 126.9488834, 37.5032221 ], [ 126.9490473, 37.5033056 ], [ 126.9491358, 37.5033561 ], [ 126.9492526, 37.5033814 ], [ 126.9493694, 37.5032747 ], [ 126.949457800000019, 37.5032073 ], [ 126.9498684, 37.5030276 ] ] } },
{ "type": "Feature", "properties": { "u": "4626938545", "v": "4621478353", "key": 0, "highway": "service", "name": "상도로39길", "validation_status": "unobserved", "length_m": 29.63717517999903, "최대경사_pct": 17.445061658656016, "B등급": "위험", "기준선_근처": false, "계단": false, "급한전환": 0 }, "geometry": { "type": "LineString", "coordinates": [ [ 126.9490524, 37.5028891 ], [ 126.9487751, 37.5027391 ] ] } },
{ "type": "Feature", "properties": { "u": "13005797931", "v": "13005797934", "key": 0, "highway": "service", "name": "상도로47아길", "validation_status": "unobserved", "length_m": 28.703799508416637, "최대경사_pct": 6.047646531695297, "B등급": "주의", "기준선_근처": true, "계단": false, "급한전환": 1 }, "geometry": { "type": "LineString", "coordinates": [ [ 126.9528697, 37.5035392 ], [ 126.952879399999986, 37.5036586 ], [ 126.9527088, 37.5036296 ] ] } },
{ "type": "Feature", "properties": { "u": "10265961155", "v": "10265961154", "key": 0, "highway": "service", "name": "상도로", "validation_status": "unobserved", "length_m": 1.736324085995671, "최대경사_pct": 7.2624181473187237, "B등급": "주의", "기준선_근처": true, "계단": false, "급한전환": 0 }, "geometry": { "type": "LineString", "coordinates": [ [ 126.9478883, 37.5038191 ], [ 126.9478715, 37.503811 ] ] } },
{ "type": "Feature", "properties": { "u": "4621505856", "v": "12857612858", "key": 0, "highway": "service", "name": "상도로38길", "validation_status": "unobserved", "length_m": 26.186610901285263, "최대경사_pct": 11.163685252051229, "B등급": "위험", "기준선_근처": true, "계단": false, "급한전환": 0 }, "geometry": { "type": "LineString", "coordinates": [ [ 126.947549, 37.5020586 ], [ 126.9473049, 37.501925 ] ] } },
{ "type": "Feature", "properties": { "u": "4621505856", "v": "13255700963", "key": 0, "highway": "service", "name": null, "validation_status": "unobserved", "length_m": 124.27729175561183, "최대경사_pct": 12.777782412679972, "B등급": "위험", "기준선_근처": true, "계단": false, "급한전환": 2 }, "geometry": { "type": "LineString", "coordinates": [ [ 126.9481571, 37.501212299999985 ], [ 126.9481472, 37.5012147 ], [ 126.948091600000012, 37.5012087 ], [ 126.948035799999985, 37.501194100000014 ], [ 126.947981199999987, 37.501197 ], [ 126.9479371, 37.5012202 ], [ 126.947805099999982, 37.5015528 ], [ 126.9477608, 37.5015942 ], [ 126.9477125, 37.5016242 ], [ 126.94763810000002, 37.5016431 ], [ 126.9475555, 37.5016465 ], [ 126.9475001, 37.5016615 ], [ 126.9474674, 37.5016861 ], [ 126.9473049, 37.501925 ] ] } },
{ "type": "Feature", "properties": { "u": "13255700963", "v": "13255700967", "key": 0, "highway": [ "service", "steps" ], "name": null, "validation_status": "unobserved", "length_m": 40.018413810314996, "최대경사_pct": 3.9000111875759558, "B등급": "양호", "기준선_근처": true, "계단": true, "급한전환": 1 }, "geometry": { "type": "LineString", "coordinates": [ [ 126.9480005, 37.5015333 ], [ 126.948051600000014, 37.5014336 ], [ 126.948172899999989, 37.5012897 ], [ 126.9481761, 37.5012692 ], [ 126.9481571, 37.501212299999985 ] ] } },
{ "type": "Feature", "properties": { "u": "4621509675", "v": "10154131882", "key": 0, "highway": "service", "name": "상도로38길", "validation_status": "unobserved", "length_m": 60.592754449117791, "최대경사_pct": 9.5940415608745013, "B등급": "위험", "기준선_근처": true, "계단": false, "급한전환": 0 }, "geometry": { "type": "LineString", "coordinates": [ [ 126.949212499999987, 37.5007844 ], [ 126.9487898, 37.5012141 ] ] } },
{ "type": "Feature", "properties": { "u": "10154131882", "v": "4621509678", "key": 0, "highway": "service", "name": "상도로38길", "validation_status": "unobserved", "length_m": 52.221303108841106, "최대경사_pct": 0.26973294333043185, "B등급": "양호", "기준선_근처": false, "계단": false, "급한전환": 0 }, "geometry": { "type": "LineString", "coordinates": [ [ 126.949559900000011, 37.5004039 ], [ 126.949212499999987, 37.5007844 ] ] } },
{ "type": "Feature", "properties": { "u": "10154131882", "v": "10154131884", "key": 0, "highway": "service", "name": null, "validation_status": "unobserved", "length_m": 17.274616073858837, "최대경사_pct": 12.423339251808562, "B등급": "위험", "기준선_근처": true, "계단": false, "급한전환": 0 }, "geometry": { "type": "LineString", "coordinates": [ [ 126.949048600000012, 37.5006997 ], [ 126.949212499999987, 37.5007844 ] ] } },
{ "type": "Feature", "properties": { "u": "12800872798", "v": "13149390529", "key": 0, "highway": "service", "name": null, "validation_status": "unobserved", "length_m": 11.1165872040882, "최대경사_pct": 1.003911335535032, "B등급": "양호", "기준선_근처": true, "계단": false, "급한전환": 0 }, "geometry": { "type": "LineString", "coordinates": [ [ 126.955408500000019, 37.495602 ], [ 126.9553857, 37.495503500000012 ] ] } },
{ "type": "Feature", "properties": { "u": "4697324250", "v": "4697324251", "key": 0, "highway": "service", "name": null, "validation_status": "validated", "length_m": 57.974694894977446, "최대경사_pct": 3.3246181123487282, "B등급": "양호", "기준선_근처": true, "계단": false, "급한전환": 0 }, "geometry": { "type": "LineString", "coordinates": [ [ 126.963396900000021, 37.5015382 ], [ 126.962755500000014, 37.501429900000026 ] ] } },
{ "type": "Feature", "properties": { "u": "4697324250", "v": "4697324244", "key": 0, "highway": "service", "name": null, "validation_status": "validated", "length_m": 106.19839466413596, "최대경사_pct": 12.296490367637965, "B등급": "위험", "기준선_근처": true, "계단": false, "급한전환": 2 }, "geometry": { "type": "LineString", "coordinates": [ [ 126.9636652, 37.501211500000011 ], [ 126.9636128, 37.5012848 ], [ 126.9628529, 37.5011832 ], [ 126.962755500000014, 37.501429900000026 ] ] } },
{ "type": "Feature", "properties": { "u": "4697324244", "v": "4697324245", "key": 0, "highway": "service", "name": null, "validation_status": "validated", "length_m": 15.326276528028705, "최대경사_pct": 16.666666666666664, "B등급": "위험", "기준선_근처": false, "계단": false, "급한전환": 0 }, "geometry": { "type": "LineString", "coordinates": [ [ 126.963530700000021, 37.5011244 ], [ 126.9636652, 37.501211500000011 ] ] } },
{ "type": "Feature", "properties": { "u": "4697324245", "v": "4697324247", "key": 0, "highway": "service", "name": null, "validation_status": "unobserved", "length_m": 40.582509826413336, "최대경사_pct": 6.7125842532401707, "B등급": "주의", "기준선_근처": true, "계단": false, "급한전환": 0 }, "geometry": { "type": "LineString", "coordinates": [ [ 126.9630824, 37.5011094 ], [ 126.963464, 37.5011499 ], [ 126.963530700000021, 37.5011244 ] ] } },
{ "type": "Feature", "properties": { "u": "4697324245", "v": "4697324249", "key": 0, "highway": "service", "name": null, "validation_status": "validated", "length_m": 34.353711739304728, "최대경사_pct": 0.0, "B등급": "양호", "기준선_근처": false, "계단": false, "급한전환": 1 }, "geometry": { "type": "LineString", "coordinates": [ [ 126.963203799999988, 37.5010158 ], [ 126.963500200000013, 37.5010594 ], [ 126.963530700000021, 37.5011244 ] ] } },
{ "type": "Feature", "properties": { "u": "5406793587", "v": "5406793593", "key": 0, "highway": "path", "name": "동작충효길", "validation_status": "validated", "length_m": 121.63597626181506, "최대경사_pct": 33.227718260974342, "B등급": "위험", "기준선_근처": false, "계단": false, "급한전환": 0 }, "geometry": { "type": "LineString", "coordinates": [ [ 126.962953, 37.4945168 ], [ 126.9626981, 37.494368 ], [ 126.962584800000016, 37.4942115 ], [ 126.962624, 37.4940327 ], [ 126.9626093, 37.4938407 ], [ 126.9625058, 37.4937638 ], [ 126.9623343, 37.4937051 ], [ 126.9623021, 37.493693500000028 ] ] } },
{ "type": "Feature", "properties": { "u": "5406793593", "v": "5406793597", "key": 0, "highway": "path", "name": "동작충효길", "validation_status": "unobserved", "length_m": 119.61951064619467, "최대경사_pct": 1.3207092499098845, "B등급": "양호", "기준선_근처": true, "계단": false, "급한전환": 0 }, "geometry": { "type": "LineString", "coordinates": [ [ 126.9624212, 37.49544 ], [ 126.9626907, 37.4952885 ], [ 126.962821299999987, 37.4950833 ], [ 126.9628913, 37.4948835 ], [ 126.96287980000001, 37.4946724 ], [ 126.962953, 37.4945168 ] ] } },
{ "type": "Feature", "properties": { "u": "5406793597", "v": "8857857341", "key": 0, "highway": "path", "name": "동작충효길", "validation_status": "validated", "length_m": 435.41769037575614, "최대경사_pct": 11.668198288466252, "B등급": "위험", "기준선_근처": true, "계단": false, "급한전환": 8 }, "geometry": { "type": "LineString", "coordinates": [ [ 126.9602067, 37.4981554 ], [ 126.9602574, 37.4980949 ], [ 126.9602789, 37.4980342 ], [ 126.9602896, 37.49798950000001 ], [ 126.960303, 37.4979608 ], [ 126.9603231, 37.497937400000019 ], [ 126.9604707, 37.4978119 ], [ 126.9605015, 37.4977661 ], [ 126.9605096, 37.4977363 ], [ 126.9605015, 37.4977108 ], [ 126.960494800000021, 37.497690600000013 ], [ 126.9605055, 37.4976672 ], [ 126.9605256, 37.4976437 ], [ 126.960524299999989, 37.4976097 ], [ 126.9605096, 37.4975799 ], [ 126.960484099999988, 37.4975533 ], [ 126.9602628, 37.4974097 ], [ 126.9601984, 37.497365 ], [ 126.9601783, 37.4973256 ], [ 126.9601595, 37.4971054 ], [ 126.9601515, 37.4970245 ], [ 126.960175600000014, 37.4969362 ], [ 126.9601944, 37.4968713 ], [ 126.9602159, 37.4968298 ], [ 126.960233299999985, 37.4968117 ], [ 126.9602628, 37.4967904 ], [ 126.9605082, 37.496668100000015 ], [ 126.9607845, 37.4964872 ], [ 126.960840800000014, 37.4964372 ], [ 126.9608623, 37.4963978 ], [ 126.9608904, 37.4963637 ], [ 126.960928, 37.4963467 ], [ 126.961032599999982, 37.4963254 ], [ 126.9611895, 37.4962786 ], [ 126.961448300000015, 37.4961403 ], [ 126.9614953, 37.4961201 ], [ 126.9615154, 37.4961052 ], [ 126.961524800000021, 37.4960839 ], [ 126.9615234, 37.4960541 ], [ 126.9615355, 37.4959945 ], [ 126.9616039, 37.4958743 ], [ 126.961734, 37.4957523 ], [ 126.9617957, 37.4957012 ], [ 126.9618386, 37.4956821 ], [ 126.9618761, 37.4956778 ], [ 126.961932500000017, 37.495677800000017 ], [ 126.962050499999989, 37.4956799 ], [ 126.962084, 37.4956767 ], [ 126.9621149, 37.4956629 ], [ 126.9621377, 37.495648 ], [ 126.962156400000012, 37.49562250000001 ], [ 126.962173899999982, 37.495577800000014 ], [ 126.9622168, 37.4955161 ], [ 126.9622704, 37.495465 ], [ 126.9623938, 37.4954426 ], [ 126.9624212, 37.49544 ] ] } },
{ "type": "Feature", "properties": { "u": "5406793597", "v": "8761605856", "key": 0, "highway": [ "path", "steps" ], "name": "동작충효길", "validation_status": "unobserved", "length_m": 155.1990237088657, "최대경사_pct": 14.194366963110955, "B등급": "위험", "기준선_근처": false, "계단": true, "급한전환": 1 }, "geometry": { "type": "LineString", "coordinates": [ [ 126.962196300000016, 37.49675220000001 ], [ 126.9622538, 37.496636 ], [ 126.9624239, 37.49648770000001 ], [ 126.962331300000017, 37.4962596 ], [ 126.9623098, 37.496091 ], [ 126.962365500000018, 37.4959024 ], [ 126.962357400000016, 37.49571550000001 ], [ 126.9623984, 37.495606700000017 ], [ 126.9624176, 37.4955555 ], [ 126.9624199, 37.4955137 ], [ 126.9624212, 37.49544 ] ] } },
{ "type": "Feature", "properties": { "u": "8857857341", "v": "8761605867", "key": 0, "highway": "path", "name": "동작충효길", "validation_status": "unobserved", "length_m": 76.62239156367896, "최대경사_pct": 24.79310344789133, "B등급": "위험", "기준선_근처": false, "계단": false, "급한전환": 0 }, "geometry": { "type": "LineString", "coordinates": [ [ 126.96099580000002, 37.4979114 ], [ 126.9607763, 37.4979178 ], [ 126.9604754, 37.4980114 ], [ 126.9602067, 37.4981554 ] ] } },
{ "type": "Feature", "properties": { "u": "8857857341", "v": "8857857358", "key": 0, "highway": "path", "name": "동작충효길", "validation_status": "validated", "length_m": 122.09741222398776, "최대경사_pct": 28.201304325135325, "B등급": "위험", "기준선_근처": false, "계단": false, "급한전환": 0 }, "geometry": { "type": "LineString", "coordinates": [ [ 126.95912610000002, 37.498805400000016 ], [ 126.959150100000016, 37.4987855 ], [ 126.9592192, 37.4986629 ], [ 126.959337100000013, 37.4985823 ], [ 126.9596156, 37.4984484 ], [ 126.959861500000017, 37.4983404 ], [ 126.9602067, 37.4981554 ] ] } },
{ "type": "Feature", "properties": { "u": "8761605856", "v": "8761605867", "key": 0, "highway": "path", "name": "동작충효길", "validation_status": "unobserved", "length_m": 190.15722026772832, "최대경사_pct": 16.135643963885951, "B등급": "위험", "기준선_근처": false, "계단": false, "급한전환": 1 }, "geometry": { "type": "LineString", "coordinates": [ [ 126.96099580000002, 37.4979114 ], [ 126.961069, 37.4978727 ], [ 126.961174700000015, 37.497734 ], [ 126.961256, 37.4972663 ], [ 126.961256, 37.497105 ], [ 126.9612844, 37.4970534 ], [ 126.96135360000001, 37.4970115 ], [ 126.961455200000017, 37.496963099999988 ], [ 126.961637300000021, 37.496909 ], [ 126.961971600000012, 37.496816100000018 ], [ 126.9621164, 37.4967831 ], [ 126.962196300000016, 37.49675220000001 ] ] } },
{ "type": "Feature", "properties": { "u": "8761605856", "v": "5406793607", "key": 0, "highway": "path", "name": "동작충효길", "validation_status": "unobserved", "length_m": 29.409997057767992, "최대경사_pct": 15.8758295468859, "B등급": "위험", "기준선_근처": false, "계단": false, "급한전환": 0 }, "geometry": { "type": "LineString", "coordinates": [ [ 126.9620159, 37.496972899999989 ], [ 126.962168, 37.4968093 ], [ 126.962196300000016, 37.49675220000001 ] ] } },
{ "type": "Feature", "properties": { "u": "5406793607", "v": "5406793610", "key": 0, "highway": "path", "name": "동작충효길", "validation_status": "unobserved", "length_m": 35.487127009843299, "최대경사_pct": 11.517472167212523, "B등급": "위험", "기준선_근처": true, "계단": false, "급한전환": 0 }, "geometry": { "type": "LineString", "coordinates": [ [ 126.961839, 37.497259900000024 ], [ 126.9620159, 37.496972899999989 ] ] } },
{ "type": "Feature", "properties": { "u": "5406793607", "v": "5406793610", "key": 1, "highway": "path", "name": "동작충효길", "validation_status": "unobserved", "length_m": 61.730801726176573, "최대경사_pct": 8.9245842570294993, "B등급": "위험", "기준선_근처": true, "계단": false, "급한전환": 1 }, "geometry": { "type": "LineString", "coordinates": [ [ 126.961839, 37.497259900000024 ], [ 126.9616447, 37.49707020000001 ], [ 126.9620159, 37.496972899999989 ] ] } },
{ "type": "Feature", "properties": { "u": "5406793610", "v": "5406793613", "key": 0, "highway": "path", "name": "동작충효길", "validation_status": "unobserved", "length_m": 61.914758459692152, "최대경사_pct": 12.577599904357292, "B등급": "위험", "기준선_근처": true, "계단": false, "급한전환": 0 }, "geometry": { "type": "LineString", "coordinates": [ [ 126.9622136, 37.4977212 ], [ 126.9621328, 37.497538600000013 ], [ 126.9619939, 37.4973958 ], [ 126.961894199999989, 37.4973083 ], [ 126.961839, 37.497259900000024 ] ] } },
{ "type": "Feature", "properties": { "u": "5406793613", "v": "8761605867", "key": 0, "highway": "path", "name": "동작충효길", "validation_status": "unobserved", "length_m": 124.93333775574328, "최대경사_pct": 14.075266890574623, "B등급": "위험", "기준선_근처": false, "계단": false, "급한전환": 1 }, "geometry": { "type": "LineString", "coordinates": [ [ 126.96099580000002, 37.4979114 ], [ 126.9615853, 37.497937199999981 ], [ 126.9617764, 37.497959800000011 ], [ 126.962075700000014, 37.4979304 ], [ 126.962182299999981, 37.4978832 ], [ 126.9622136, 37.4977212 ] ] } },
{ "type": "Feature", "properties": { "u": "5406793629", "v": "12152877184", "key": 0, "highway": "path", "name": null, "validation_status": "validated", "length_m": 130.85389983555166, "최대경사_pct": 6.1814870482583171, "B등급": "주의", "기준선_근처": true, "계단": false, "급한전환": 0 }, "geometry": { "type": "LineString", "coordinates": [ [ 126.9661702, 37.4922452 ], [ 126.9660485, 37.492354 ], [ 126.9658712, 37.4926227 ], [ 126.9657712, 37.4926903 ], [ 126.9656888, 37.4928277 ], [ 126.9656605, 37.4929783 ], [ 126.96546, 37.4932563 ] ] } },
{ "type": "Feature", "properties": { "u": "12152877184", "v": "12155399129", "key": 0, "highway": "path", "name": null, "validation_status": "unobserved", "length_m": 226.67166050675638, "최대경사_pct": 15.764982634626074, "B등급": "위험", "기준선_근처": false, "계단": false, "급한전환": 0 }, "geometry": { "type": "LineString", "coordinates": [ [ 126.9679002, 37.4909038 ], [ 126.967854800000012, 37.490996500000016 ], [ 126.967653400000017, 37.49117840000001 ], [ 126.9674123, 37.4913151 ], [ 126.967133599999983, 37.4914378 ], [ 126.966844800000018, 37.49156880000001 ], [ 126.9664213, 37.4917415 ], [ 126.9662633, 37.4918689 ], [ 126.9661915, 37.4920143 ], [ 126.9661702, 37.4922452 ] ] } },
{ "type": "Feature", "properties": { "u": "13322228150", "v": "12794885932", "key": 0, "highway": "footway", "name": null, "validation_status": "validated", "length_m": 77.048280813229994, "최대경사_pct": 8.8924572513549656, "B등급": "위험", "기준선_근처": true, "계단": false, "급한전환": 0 }, "geometry": { "type": "LineString", "coordinates": [ [ 126.960389, 37.4947269 ], [ 126.9595316, 37.4948503 ] ] } },
{ "type": "Feature", "properties": { "u": "6428306229", "v": "6428306232", "key": 0, "highway": "service", "name": null, "validation_status": "unobserved", "length_m": 50.258231179809769, "최대경사_pct": 12.851132992467965, "B등급": "위험", "기준선_근처": true, "계단": false, "급한전환": 0 }, "geometry": { "type": "LineString", "coordinates": [ [ 126.9679912, 37.4991568 ], [ 126.9680319, 37.4990506 ], [ 126.9682618, 37.4989371 ], [ 126.9683553, 37.4988351 ] ] } },
{ "type": "Feature", "properties": { "u": "6428306232", "v": "6428306242", "key": 0, "highway": "service", "name": null, "validation_status": "unobserved", "length_m": 15.488252519154756, "최대경사_pct": 8.3446178032877913, "B등급": "위험", "기준선_근처": true, "계단": false, "급한전환": 0 }, "geometry": { "type": "LineString", "coordinates": [ [ 126.96781780000002, 37.499137099999984 ], [ 126.9679912, 37.4991568 ] ] } },
{ "type": "Feature", "properties": { "u": "7256876600", "v": "7256876597", "key": 0, "highway": "path", "name": null, "validation_status": "unobserved", "length_m": 46.442827381847998, "최대경사_pct": 29.965875224198179, "B등급": "위험", "기준선_근처": false, "계단": false, "급한전환": 2 }, "geometry": { "type": "LineString", "coordinates": [ [ 126.950776499999989, 37.492918699999983 ], [ 126.95080059999998, 37.4928527 ], [ 126.9507041, 37.4927399 ], [ 126.9508159, 37.4925462 ] ] } },
{ "type": "Feature", "properties": { "u": "7552118028", "v": "7552118055", "key": 0, "highway": "service", "name": null, "validation_status": "unobserved", "length_m": 10.117067845005913, "최대경사_pct": 12.49603232297074, "B등급": "위험", "기준선_근처": true, "계단": false, "급한전환": 0 }, "geometry": { "type": "LineString", "coordinates": [ [ 126.967626199999984, 37.4954876 ], [ 126.967673500000018, 37.4954046 ] ] } },
{ "type": "Feature", "properties": { "u": "7552118028", "v": "7553160421", "key": 0, "highway": "service", "name": null, "validation_status": "unobserved", "length_m": 27.344848145070838, "최대경사_pct": 0.67525448804052723, "B등급": "양호", "기준선_근처": false, "계단": false, "급한전환": 0 }, "geometry": { "type": "LineString", "coordinates": [ [ 126.967980200000014, 37.4953735 ], [ 126.9678522, 37.4953843 ], [ 126.967673500000018, 37.4954046 ] ] } },
{ "type": "Feature", "properties": { "u": "7552118055", "v": "7553160428", "key": 0, "highway": "steps", "name": null, "validation_status": "unobserved", "length_m": 59.090745394412735, "최대경사_pct": 9.1446162317442283, "B등급": "위험", "기준선_근처": true, "계단": true, "급한전환": 0 }, "geometry": { "type": "LineString", "coordinates": [ [ 126.96809140000002, 37.49586979999998 ], [ 126.967626199999984, 37.4954876 ] ] } },
{ "type": "Feature", "properties": { "u": "7552118055", "v": "7552118145", "key": 0, "highway": "service", "name": null, "validation_status": "unobserved", "length_m": 149.21192664319099, "최대경사_pct": 6.3990929068008615, "B등급": "주의", "기준선_근처": true, "계단": false, "급한전환": 0 }, "geometry": { "type": "LineString", "coordinates": [ [ 126.9679071, 37.4967113 ], [ 126.9676009, 37.4964395 ], [ 126.9675521, 37.4963589 ], [ 126.96749920000002, 37.4962202 ], [ 126.967491100000018, 37.4960912 ], [ 126.967584, 37.4955679 ], [ 126.967626199999984, 37.4954876 ] ] } },
{ "type": "Feature", "properties": { "u": "7553160421", "v": "7553160428", "key": 0, "highway": [ "footway", "steps" ], "name": null, "validation_status": "unobserved", "length_m": 63.172248273161451, "최대경사_pct": 7.9148678995555635, "B등급": "주의", "기준선_근처": true, "계단": true, "급한전환": 1 }, "geometry": { "type": "LineString", "coordinates": [ [ 126.96809140000002, 37.49586979999998 ], [ 126.9681693, 37.4957914 ], [ 126.9681249, 37.49575440000001 ], [ 126.96806890000002, 37.4957043 ], [ 126.9680128, 37.4956321 ], [ 126.967977800000014, 37.4955616 ], [ 126.967961399999979, 37.4954764 ], [ 126.967980200000014, 37.4953735 ] ] } },
{ "type": "Feature", "properties": { "u": "7553160428", "v": "7552118147", "key": 0, "highway": "steps", "name": null, "validation_status": "unobserved", "length_m": 11.743676574278146, "최대경사_pct": 16.666666666666664, "B등급": "위험", "기준선_근처": false, "계단": true, "급한전환": 0 }, "geometry": { "type": "LineString", "coordinates": [ [ 126.96818380000002, 37.4959458 ], [ 126.96809140000002, 37.49586979999998 ] ] } },
{ "type": "Feature", "properties": { "u": "7552118145", "v": "7552118148", "key": 0, "highway": "steps", "name": null, "validation_status": "unobserved", "length_m": 50.895940077074847, "최대경사_pct": 26.92372381413254, "B등급": "위험", "기준선_근처": false, "계단": true, "급한전환": 0 }, "geometry": { "type": "LineString", "coordinates": [ [ 126.9683303, 37.4964005 ], [ 126.9679071, 37.4967113 ] ] } },
{ "type": "Feature", "properties": { "u": "7552118148", "v": "7552118147", "key": 0, "highway": "footway", "name": null, "validation_status": "unobserved", "length_m": 60.268235737459406, "최대경사_pct": 1.4678379491883895, "B등급": "양호", "기준선_근처": true, "계단": false, "급한전환": 0 }, "geometry": { "type": "LineString", "coordinates": [ [ 126.96818380000002, 37.4959458 ], [ 126.9681693, 37.4959533 ], [ 126.9681213, 37.4959997 ], [ 126.9680934, 37.4960555 ], [ 126.9680883, 37.4961154 ], [ 126.9681066, 37.4961737 ], [ 126.9681464, 37.4962248 ], [ 126.9683303, 37.4964005 ] ] } },
{ "type": "Feature", "properties": { "u": "7604130043", "v": "7604130046", "key": 0, "highway": "service", "name": null, "validation_status": "unobserved", "length_m": 54.328254618917057, "최대경사_pct": 3.4872858419685571, "B등급": "양호", "기준선_근처": true, "계단": false, "급한전환": 0 }, "geometry": { "type": "LineString", "coordinates": [ [ 126.948980700000021, 37.4901377 ], [ 126.949546, 37.4899461 ] ] } },
{ "type": "Feature", "properties": { "u": "11413637526", "v": "11413637903", "key": 0, "highway": "footway", "name": null, "validation_status": "unobserved", "length_m": 201.58772802809699, "최대경사_pct": 11.896763973503711, "B등급": "위험", "기준선_근처": true, "계단": false, "급한전환": 2 }, "geometry": { "type": "LineString", "coordinates": [ [ 126.9511232, 37.4890998 ], [ 126.950669300000015, 37.4888425 ], [ 126.9503441, 37.488664 ], [ 126.950194300000021, 37.4885431 ], [ 126.9502083, 37.4883912 ], [ 126.9504162, 37.4881354 ], [ 126.9505622, 37.4879226 ], [ 126.9505692, 37.487866700000012 ], [ 126.950666900000016, 37.4878675 ], [ 126.950735, 37.4878676 ] ] } },
{ "type": "Feature", "properties": { "u": "11413637526", "v": "11413637781", "key": 0, "highway": "footway", "name": null, "validation_status": "unobserved", "length_m": 85.807076780226367, "최대경사_pct": 13.165952069581891, "B등급": "위험", "기준선_근처": false, "계단": false, "급한전환": 0 }, "geometry": { "type": "LineString", "coordinates": [ [ 126.9516949, 37.4877756 ], [ 126.951490899999982, 37.4877879 ], [ 126.951296499999984, 37.4878202 ], [ 126.9510745, 37.4878579 ], [ 126.9509421, 37.4878678 ], [ 126.950735, 37.4878676 ] ] } },
{ "type": "Feature", "properties": { "u": "7831305678", "v": "11413637510", "key": 0, "highway": "service", "name": null, "validation_status": "unobserved", "length_m": 40.266629909058594, "최대경사_pct": 8.5607525659849646, "B등급": "위험", "기준선_근처": true, "계단": false, "급한전환": 1 }, "geometry": { "type": "LineString", "coordinates": [ [ 126.9526062, 37.4899647 ], [ 126.9525711, 37.4900057 ], [ 126.952243900000013, 37.4898322 ] ] } },
{ "type": "Feature", "properties": { "u": "11413637510", "v": "11413637911", "key": 0, "highway": "service", "name": null, "validation_status": "unobserved", "length_m": 51.5696848623938, "최대경사_pct": 2.0896336948872354, "B등급": "양호", "기준선_근처": true, "계단": false, "급한전환": 0 }, "geometry": { "type": "LineString", "coordinates": [ [ 126.9529347, 37.4895808 ], [ 126.9526062, 37.4899647 ] ] } },
{ "type": "Feature", "properties": { "u": "11413637510", "v": "11413637822", "key": 0, "highway": "footway", "name": null, "validation_status": "unobserved", "length_m": 136.46842124675445, "최대경사_pct": 12.908357840832538, "B등급": "위험", "기준선_근처": true, "계단": false, "급한전환": 0 }, "geometry": { "type": "LineString", "coordinates": [ [ 126.9513577, 37.4892432 ], [ 126.9514331, 37.4892872 ], [ 126.951800799999987, 37.48950110000002 ], [ 126.952177299999988, 37.4897232 ], [ 126.9522347, 37.4897594 ], [ 126.9523245, 37.4898192 ], [ 126.9526062, 37.4899647 ] ] } },
{ "type": "Feature", "properties": { "u": "8482687939", "v": "8482687939", "key": 0, "highway": "service", "name": null, "validation_status": "unobserved", "length_m": 139.21051211665417, "최대경사_pct": 1.578277488275277, "B등급": "양호", "기준선_근처": true, "계단": false, "급한전환": 2 }, "geometry": { "type": "LineString", "coordinates": [ [ 126.9593489, 37.4929133 ], [ 126.959370400000012, 37.4928856 ], [ 126.95946960000002, 37.4928452 ], [ 126.9595259, 37.492809 ], [ 126.95958490000001, 37.4927579 ], [ 126.959601, 37.49270690000003 ], [ 126.95958229999998, 37.4926749 ], [ 126.959534, 37.4926302 ], [ 126.9594401, 37.4926005 ], [ 126.9593221, 37.4926132 ], [ 126.9592014, 37.4926494 ], [ 126.9591209, 37.4927132 ], [ 126.959078, 37.4927686 ], [ 126.959045799999984, 37.4928282 ], [ 126.9590431, 37.4928729 ], [ 126.9590619, 37.4929133 ], [ 126.9590861, 37.492945200000015 ], [ 126.9591209, 37.492968599999983 ], [ 126.9591773, 37.4929771 ], [ 126.9592121, 37.4929729 ], [ 126.9592738, 37.4929388 ], [ 126.959319400000012, 37.4929197 ], [ 126.9593489, 37.4929133 ] ] } },
{ "type": "Feature", "properties": { "u": "8482687970", "v": "8482687970", "key": 0, "highway": "service", "name": null, "validation_status": "unobserved", "length_m": 110.18074354905565, "최대경사_pct": 0.0, "B등급": "양호", "기준선_근처": false, "계단": false, "급한전환": 3 }, "geometry": { "type": "LineString", "coordinates": [ [ 126.9601725, 37.4930606 ], [ 126.960542500000017, 37.4929899 ], [ 126.960564, 37.493011199999984 ], [ 126.9605961, 37.4931389 ], [ 126.9605881, 37.4931644 ], [ 126.9605613, 37.4931814 ], [ 126.960531800000012, 37.4932027 ], [ 126.960266200000021, 37.4932623 ], [ 126.9602367, 37.4932559 ], [ 126.9602233, 37.4932346 ], [ 126.9601725, 37.4930606 ] ] } },
{ "type": "Feature", "properties": { "u": "8482842636", "v": "8482842637", "key": 0, "highway": "service", "name": null, "validation_status": "unobserved", "length_m": 43.165175535709274, "최대경사_pct": 9.4955379905834878, "B등급": "위험", "기준선_근처": true, "계단": false, "급한전환": 0 }, "geometry": { "type": "LineString", "coordinates": [ [ 126.9640774, 37.4894513 ], [ 126.9639435, 37.4898253 ] ] } },
{ "type": "Feature", "properties": { "u": "8761605888", "v": "8857857358", "key": 0, "highway": "path", "name": "동작충효길", "validation_status": "unobserved", "length_m": 128.80445476788742, "최대경사_pct": 3.1641237873014023, "B등급": "양호", "기준선_근처": true, "계단": false, "급한전환": 1 }, "geometry": { "type": "LineString", "coordinates": [ [ 126.95912610000002, 37.498805400000016 ], [ 126.959064699999985, 37.4988564 ], [ 126.95899150000001, 37.4988758 ], [ 126.9589387, 37.4988629 ], [ 126.958796400000011, 37.4988113 ], [ 126.958639, 37.4987487 ], [ 126.9584592, 37.498716700000024 ], [ 126.9583198, 37.4987019 ], [ 126.958059600000013, 37.498689099999986 ], [ 126.957979100000017, 37.4986976 ], [ 126.9579335, 37.4987104 ], [ 126.957803900000016, 37.4988191 ] ] } },
{ "type": "Feature", "properties": { "u": "8761605888", "v": "8857857355", "key": 0, "highway": "path", "name": "동작충효길", "validation_status": "unobserved", "length_m": 139.38542734547352, "최대경사_pct": 9.2802795204490707, "B등급": "위험", "기준선_근처": true, "계단": false, "급한전환": 0 }, "geometry": { "type": "LineString", "coordinates": [ [ 126.9592229, 37.4989553 ], [ 126.9591483, 37.499037 ], [ 126.9590288, 37.4990605 ], [ 126.958964, 37.499085700000023 ], [ 126.958882200000019, 37.4990873 ], [ 126.958761699999982, 37.4991011 ], [ 126.958608, 37.4990674 ], [ 126.9584945, 37.499039400000022 ], [ 126.958394399999989, 37.4989636 ], [ 126.9583037, 37.498920300000016 ], [ 126.9582379, 37.4988892 ], [ 126.9582064, 37.4988704 ], [ 126.9581683, 37.4988681 ], [ 126.9581326, 37.4988635 ], [ 126.958078, 37.4988566 ], [ 126.957992300000015, 37.4988467 ], [ 126.957894, 37.4988501 ], [ 126.957803900000016, 37.4988191 ] ] } },
{ "type": "Feature", "properties": { "u": "8857857358", "v": "8857857355", "key": 0, "highway": "path", "name": "동작충효길", "validation_status": "unobserved", "length_m": 18.904451296977463, "최대경사_pct": 11.74768209294181, "B등급": "위험", "기준선_근처": true, "계단": false, "급한전환": 0 }, "geometry": { "type": "LineString", "coordinates": [ [ 126.9592229, 37.4989553 ], [ 126.9591878, 37.4988893 ], [ 126.959164500000014, 37.4988412 ], [ 126.95912610000002, 37.498805400000016 ] ] } },
{ "type": "Feature", "properties": { "u": "13195507443", "v": "13195507460", "key": 0, "highway": [ "footway", "path" ], "name": null, "validation_status": "unobserved", "length_m": 181.00360793601541, "최대경사_pct": 25.027635444511453, "B등급": "위험", "기준선_근처": false, "계단": false, "급한전환": 3 }, "geometry": { "type": "LineString", "coordinates": [ [ 126.9491658, 37.499290200000026 ], [ 126.949090699999985, 37.4992906 ], [ 126.9488925, 37.4992637 ], [ 126.9486893, 37.4992018 ], [ 126.9485528, 37.4993282 ], [ 126.9484731, 37.4992643 ], [ 126.948365, 37.4992276 ], [ 126.9483144, 37.4992103 ], [ 126.948261, 37.4991921 ], [ 126.9480895, 37.4991683 ], [ 126.9480175, 37.499093599999988 ], [ 126.9481431, 37.4987822 ], [ 126.948167199999986, 37.4986267 ], [ 126.9481713, 37.49854650000001 ] ] } },
{ "type": "Feature", "properties": { "u": "13195507443", "v": "10127723815", "key": 0, "highway": "service", "name": "양녕로32길", "validation_status": "unobserved", "length_m": 139.48901127468383, "최대경사_pct": 22.054994264343499, "B등급": "위험", "기준선_근처": false, "계단": false, "급한전환": 0 }, "geometry": { "type": "LineString", "coordinates": [ [ 126.9476672, 37.4996971 ], [ 126.9476936, 37.4996559 ], [ 126.9477437, 37.4996196 ], [ 126.9477726, 37.4995799 ], [ 126.9477917, 37.4994754 ], [ 126.9477928, 37.4992811 ], [ 126.9478171, 37.499168800000021 ], [ 126.9478364, 37.4991315 ], [ 126.9478954, 37.499048800000011 ], [ 126.9480155, 37.498736 ], [ 126.9480824, 37.4986018 ], [ 126.9481713, 37.49854650000001 ] ] } },
{ "type": "Feature", "properties": { "u": "10127723815", "v": "13261401479", "key": 0, "highway": "service", "name": [ "상도로38다길", "양녕로32길" ], "validation_status": "unobserved", "length_m": 107.47302126921761, "최대경사_pct": 14.718112427237816, "B등급": "위험", "기준선_근처": false, "계단": false, "급한전환": 1 }, "geometry": { "type": "LineString", "coordinates": [ [ 126.948701, 37.499899900000024 ], [ 126.9486708, 37.499878 ], [ 126.9484304, 37.4997785 ], [ 126.9482759, 37.4997849 ], [ 126.948215, 37.4997833 ], [ 126.9481043, 37.4997691 ], [ 126.948032400000017, 37.4997642 ], [ 126.947968, 37.4997778 ], [ 126.9478913, 37.49980260000001 ], [ 126.9478353, 37.499825 ], [ 126.947775, 37.4998287 ], [ 126.9477144, 37.49981380000002 ], [ 126.9476768, 37.499792100000015 ], [ 126.9476663, 37.4997696 ], [ 126.9476636, 37.4997361 ], [ 126.9476672, 37.4996971 ] ] } },
{ "type": "Feature", "properties": { "u": "13261401479", "v": "13261401489", "key": 0, "highway": "residential", "name": null, "validation_status": "unobserved", "length_m": 5.1951504062422211, "최대경사_pct": 14.677922558515064, "B등급": "위험", "기준선_근처": false, "계단": false, "급한전환": 0 }, "geometry": { "type": "LineString", "coordinates": [ [ 126.948705, 37.4998532 ], [ 126.948701, 37.499899900000024 ] ] } },
{ "type": "Feature", "properties": { "u": "13261401479", "v": "13261401490", "key": 0, "highway": "service", "name": null, "validation_status": "unobserved", "length_m": 15.356077861439598, "최대경사_pct": 16.48997105323512, "B등급": "위험", "기준선_근처": false, "계단": false, "급한전환": 0 }, "geometry": { "type": "LineString", "coordinates": [ [ 126.9488565, 37.4999615 ], [ 126.948701, 37.499899900000024 ] ] } },
{ "type": "Feature", "properties": { "u": "10570453188", "v": "10570453206", "key": 0, "highway": "footway", "name": null, "validation_status": "unobserved", "length_m": 66.505296321614594, "최대경사_pct": 7.2523106552036465, "B등급": "주의", "기준선_근처": true, "계단": false, "급한전환": 0 }, "geometry": { "type": "LineString", "coordinates": [ [ 126.948505, 37.4947039 ], [ 126.9484979, 37.4947087 ], [ 126.9484448, 37.4948579 ], [ 126.9484418, 37.4949615 ], [ 126.948639, 37.49525520000001 ] ] } },
{ "type": "Feature", "properties": { "u": "10570453188", "v": "10570453205", "key": 0, "highway": "footway", "name": null, "validation_status": "validated", "length_m": 151.05779567112816, "최대경사_pct": 6.6199827394352155, "B등급": "주의", "기준선_근처": true, "계단": false, "급한전환": 1 }, "geometry": { "type": "LineString", "coordinates": [ [ 126.9490035, 37.4963654 ], [ 126.9487283, 37.4962215 ], [ 126.9486074, 37.496127799999989 ], [ 126.9485867, 37.4960662 ], [ 126.948605599999979, 37.4959009 ], [ 126.94859839999998, 37.495679 ], [ 126.9484992, 37.4955816 ], [ 126.9484739, 37.4954599 ], [ 126.9485019, 37.495354 ], [ 126.948553300000015, 37.4952831 ], [ 126.948639, 37.49525520000001 ] ] } },
{ "type": "Feature", "properties": { "u": "10570453188", "v": "10570453194", "key": 0, "highway": "footway", "name": null, "validation_status": "unobserved", "length_m": 13.206343425680927, "최대경사_pct": 3.7091730420688882, "B등급": "양호", "기준선_근처": true, "계단": false, "급한전환": 0 }, "geometry": { "type": "LineString", "coordinates": [ [ 126.9487861, 37.4952488 ], [ 126.9486985, 37.495243 ], [ 126.948639, 37.49525520000001 ] ] } },
{ "type": "Feature", "properties": { "u": "10570453206", "v": "10570453193", "key": 0, "highway": "footway", "name": null, "validation_status": "unobserved", "length_m": 64.58821948098695, "최대경사_pct": 2.774056468267907, "B등급": "양호", "기준선_근처": true, "계단": false, "급한전환": 2 }, "geometry": { "type": "LineString", "coordinates": [ [ 126.9490691, 37.4948389 ], [ 126.9488111, 37.4948315 ], [ 126.9487768, 37.4946978 ], [ 126.948713500000011, 37.4946612 ], [ 126.9485483, 37.4946748 ], [ 126.948505, 37.4947039 ] ] } },
{ "type": "Feature", "properties": { "u": "10570453206", "v": "10570453207", "key": 0, "highway": "footway", "name": null, "validation_status": "unobserved", "length_m": 22.047845916045574, "최대경사_pct": 30.608188056642071, "B등급": "위험", "기준선_근처": false, "계단": false, "급한전환": 0 }, "geometry": { "type": "LineString", "coordinates": [ [ 126.9483928, 37.4945265 ], [ 126.948414600000021, 37.494561100000027 ], [ 126.948505, 37.4947039 ] ] } },
{ "type": "Feature", "properties": { "u": "10570453205", "v": "10570464715", "key": 0, "highway": "footway", "name": null, "validation_status": "unobserved", "length_m": 67.442924881187537, "최대경사_pct": 7.6016289090853686, "B등급": "주의", "기준선_근처": true, "계단": false, "급한전환": 0 }, "geometry": { "type": "LineString", "coordinates": [ [ 126.949263400000021, 37.4968355 ], [ 126.9489821, 37.4966528 ], [ 126.9489291, 37.4965632 ], [ 126.9489183, 37.496463 ], [ 126.9490035, 37.4963654 ] ] } },
{ "type": "Feature", "properties": { "u": "10570453205", "v": "10570464709", "key": 0, "highway": "footway", "name": null, "validation_status": "validated", "length_m": 19.019140611343303, "최대경사_pct": 7.1943794696126648, "B등급": "주의", "기준선_근처": true, "계단": false, "급한전환": 1 }, "geometry": { "type": "LineString", "coordinates": [ [ 126.94920470000001, 37.4963724 ], [ 126.9491454, 37.4963471 ], [ 126.9490688, 37.4963431 ], [ 126.9490035, 37.4963654 ] ] } },
{ "type": "Feature", "properties": { "u": "10570453193", "v": "10570464787", "key": 0, "highway": "footway", "name": null, "validation_status": "validated", "length_m": 42.596814930021104, "최대경사_pct": 14.821963263120352, "B등급": "위험", "기준선_근처": false, "계단": false, "급한전환": 0 }, "geometry": { "type": "LineString", "coordinates": [ [ 126.9491705, 37.4944637 ], [ 126.9490691, 37.4948389 ] ] } },
{ "type": "Feature", "properties": { "u": "10570453193", "v": "10570464800", "key": 0, "highway": "footway", "name": null, "validation_status": "validated", "length_m": 237.77804475969782, "최대경사_pct": 10.190588902770488, "B등급": "위험", "기준선_근처": true, "계단": false, "급한전환": 0 }, "geometry": { "type": "LineString", "coordinates": [ [ 126.949846199999982, 37.496838 ], [ 126.9492938, 37.4959644 ], [ 126.9492477, 37.495858 ], [ 126.9490653, 37.4955294 ], [ 126.9490514, 37.4954136 ], [ 126.94903960000002, 37.495347300000013 ], [ 126.9490546, 37.49518470000001 ], [ 126.9490691, 37.4948389 ] ] } },
{ "type": "Feature", "properties": { "u": "10570464800", "v": "10570464715", "key": 0, "highway": "footway", "name": null, "validation_status": "validated", "length_m": 56.730559789015167, "최대경사_pct": 8.4105246781310434, "B등급": "위험", "기준선_근처": true, "계단": false, "급한전환": 1 }, "geometry": { "type": "LineString", "coordinates": [ [ 126.949263400000021, 37.4968355 ], [ 126.94929070000002, 37.4968039 ], [ 126.949331500000014, 37.4967847 ], [ 126.9493797, 37.4967835 ], [ 126.94945060000002, 37.496803 ], [ 126.949534600000021, 37.4968573 ], [ 126.949806, 37.4968503 ], [ 126.949846199999982, 37.496838 ] ] } },
{ "type": "Feature", "properties": { "u": "10570464800", "v": "10570464798", "key": 0, "highway": "footway", "name": null, "validation_status": "validated", "length_m": 53.475358046134616, "최대경사_pct": 8.0016213639279723, "B등급": "주의", "기준선_근처": true, "계단": false, "급한전환": 0 }, "geometry": { "type": "LineString", "coordinates": [ [ 126.949952600000017, 37.4972923 ], [ 126.9499226, 37.4972421 ], [ 126.9499183, 37.497214 ], [ 126.9499547, 37.4970625 ], [ 126.9499451, 37.4969944 ], [ 126.949846199999982, 37.496838 ] ] } },
{ "type": "Feature", "properties": { "u": "10570464715", "v": "10570464721", "key": 0, "highway": "footway", "name": null, "validation_status": "unobserved", "length_m": 135.46372185268581, "최대경사_pct": 6.554136692491622, "B등급": "주의", "기준선_근처": true, "계단": false, "급한전환": 1 }, "geometry": { "type": "LineString", "coordinates": [ [ 126.94969930000002, 37.4978955 ], [ 126.9495092, 37.497805900000017 ], [ 126.949439, 37.4977892 ], [ 126.949391, 37.4977662 ], [ 126.949368, 37.4977279 ], [ 126.9493591, 37.4973291 ], [ 126.949315699999985, 37.497188400000013 ], [ 126.949263400000021, 37.4968355 ] ] } },
{ "type": "Feature", "properties": { "u": "10570464798", "v": "11413637759", "key": 0, "highway": "footway", "name": null, "validation_status": "validated", "length_m": 17.633423250654513, "최대경사_pct": 8.9108803363561861, "B등급": "위험", "기준선_근처": true, "계단": false, "급한전환": 0 }, "geometry": { "type": "LineString", "coordinates": [ [ 126.9501321, 37.4972231 ], [ 126.949952600000017, 37.4972923 ] ] } },
{ "type": "Feature", "properties": { "u": "11413637585", "v": "10589255412", "key": 0, "highway": "service", "name": null, "validation_status": "validated", "length_m": 272.65457524263911, "최대경사_pct": 8.420658216892372, "B등급": "위험", "기준선_근처": true, "계단": false, "급한전환": 3 }, "geometry": { "type": "LineString", "coordinates": [ [ 126.9515374, 37.4949684 ], [ 126.951573699999983, 37.4949892 ], [ 126.9516938, 37.495093100000027 ], [ 126.9517088, 37.495126300000017 ], [ 126.9517024, 37.4951663 ], [ 126.9516455, 37.4953834 ], [ 126.9516133, 37.49542 ], [ 126.95118309999998, 37.49553490000001 ], [ 126.9511337, 37.4955655 ], [ 126.9511187, 37.4956217 ], [ 126.951487, 37.4966025 ], [ 126.9514879, 37.496632400000024 ], [ 126.9513529, 37.4970334 ] ] } },
{ "type": "Feature", "properties": { "u": "11413637585", "v": "11413637584", "key": 0, "highway": "footway", "name": null, "validation_status": "validated", "length_m": 98.643525019350747, "최대경사_pct": 0.79654941710066773, "B등급": "양호", "기준선_근처": false, "계단": false, "급한전환": 0 }, "geometry": { "type": "LineString", "coordinates": [ [ 126.95032070000002, 37.4971591 ], [ 126.950819600000017, 37.4969606 ], [ 126.950982, 37.496932900000026 ], [ 126.9512768, 37.497014199999988 ], [ 126.9513529, 37.4970334 ] ] } },
{ "type": "Feature", "properties": { "u": "10589255412", "v": "10589255546", "key": 0, "highway": "service", "name": null, "validation_status": "bridged", "length_m": 6.8719776853976962, "최대경사_pct": 6.5862711575068289, "B등급": "주의", "기준선_근처": true, "계단": false, "급한전환": 0 }, "geometry": { "type": "LineString", "coordinates": [ [ 126.951543900000019, 37.4949067 ], [ 126.9515374, 37.4949684 ] ] } },
{ "type": "Feature", "properties": { "u": "10589255412", "v": "10589255558", "key": 0, "highway": "service", "name": null, "validation_status": "unobserved", "length_m": 60.918708771920464, "최대경사_pct": 0.54999547052737874, "B등급": "양호", "기준선_근처": false, "계단": false, "급한전환": 0 }, "geometry": { "type": "LineString", "coordinates": [ [ 126.950877299999988, 37.4951227 ], [ 126.9514878, 37.4949722 ], [ 126.9515374, 37.4949684 ] ] } },
{ "type": "Feature", "properties": { "u": "10589255546", "v": "10589255559", "key": 0, "highway": "service", "name": null, "validation_status": "unobserved", "length_m": 8.7693659276902434, "최대경사_pct": 10.333201810438576, "B등급": "위험", "기준선_근처": true, "계단": false, "급한전환": 0 }, "geometry": { "type": "LineString", "coordinates": [ [ 126.9515127, 37.4948317 ], [ 126.951543900000019, 37.4949067 ] ] } },
{ "type": "Feature", "properties": { "u": "10589255546", "v": "10589255561", "key": 0, "highway": "path", "name": null, "validation_status": "validated", "length_m": 138.71839793628095, "최대경사_pct": 7.2660689036076196, "B등급": "주의", "기준선_근처": true, "계단": false, "급한전환": 2 }, "geometry": { "type": "LineString", "coordinates": [ [ 126.9522692, 37.4942073 ], [ 126.952485, 37.4943341 ], [ 126.952502200000012, 37.494364 ], [ 126.9525073, 37.49441 ], [ 126.9524939, 37.494474800000027 ], [ 126.95217169999998, 37.4947188 ], [ 126.9521009, 37.4947568 ], [ 126.95190190000001, 37.4947962 ], [ 126.951543900000019, 37.4949067 ] ] } },
{ "type": "Feature", "properties": { "u": "10589255558", "v": "10589255557", "key": 0, "highway": "path", "name": null, "validation_status": "unobserved", "length_m": 44.72012552917505, "최대경사_pct": 13.893448568978048, "B등급": "위험", "기준선_근처": false, "계단": false, "급한전환": 0 }, "geometry": { "type": "LineString", "coordinates": [ [ 126.9510289, 37.495507100000012 ], [ 126.950877299999988, 37.4951227 ] ] } },
{ "type": "Feature", "properties": { "u": "10589255558", "v": "10589255564", "key": 0, "highway": "path", "name": null, "validation_status": "unobserved", "length_m": 58.296093227030759, "최대경사_pct": 14.55686229179212, "B등급": "위험", "기준선_근처": false, "계단": false, "급한전환": 0 }, "geometry": { "type": "LineString", "coordinates": [ [ 126.9506797, 37.4946216 ], [ 126.950877299999988, 37.4951227 ] ] } },
{ "type": "Feature", "properties": { "u": "10589255561", "v": "10589255556", "key": 0, "highway": "path", "name": null, "validation_status": "unobserved", "length_m": 363.84171417662077, "최대경사_pct": 8.1798968376287533, "B등급": "주의", "기준선_근처": true, "계단": false, "급한전환": 3 }, "geometry": { "type": "LineString", "coordinates": [ [ 126.950633700000012, 37.49450490000001 ], [ 126.9505921, 37.4945131 ], [ 126.9504852, 37.49456 ], [ 126.9504267, 37.4946196 ], [ 126.9504055, 37.4946786 ], [ 126.95034560000002, 37.4947093 ], [ 126.95002310000001, 37.4947954 ], [ 126.949877099999981, 37.4945723 ], [ 126.94984070000001, 37.494429 ], [ 126.9498301, 37.4943628 ], [ 126.9498528, 37.4943255 ], [ 126.9498919, 37.494303 ], [ 126.95080320000001, 37.4940954 ], [ 126.950963, 37.493989500000012 ], [ 126.95109770000002, 37.4939439 ], [ 126.951266100000012, 37.4939039 ], [ 126.9515855, 37.4938609 ], [ 126.9518081, 37.4938604 ], [ 126.9519012, 37.4938877 ], [ 126.9521079, 37.494024399999986 ], [ 126.95214940000001, 37.494119 ], [ 126.952184800000012, 37.494157699999981 ], [ 126.9522692, 37.4942073 ] ] } },
{ "type": "Feature", "properties": { "u": "10589255561", "v": "10589255555", "key": 0, "highway": "path", "name": null, "validation_status": "validated", "length_m": 121.07667833571564, "최대경사_pct": 5.7961753660584723, "B등급": "주의", "기준선_근처": true, "계단": false, "급한전환": 0 }, "geometry": { "type": "LineString", "coordinates": [ [ 126.9509669, 37.4945311 ], [ 126.952228300000016, 37.494236 ], [ 126.9522692, 37.4942073 ] ] } },
{ "type": "Feature", "properties": { "u": "10589255555", "v": "10589255556", "key": 0, "highway": "path", "name": null, "validation_status": "validated", "length_m": 30.322563425162016, "최대경사_pct": 4.1764600137676906, "B등급": "양호", "기준선_근처": true, "계단": false, "급한전환": 0 }, "geometry": { "type": "LineString", "coordinates": [ [ 126.950633700000012, 37.49450490000001 ], [ 126.9507052, 37.4944908 ], [ 126.950851599999979, 37.494498 ], [ 126.9509669, 37.4945311 ] ] } },
{ "type": "Feature", "properties": { "u": "10589255555", "v": "10589255564", "key": 0, "highway": "path", "name": null, "validation_status": "validated", "length_m": 27.691928215480445, "최대경사_pct": 3.3008805005345225, "B등급": "양호", "기준선_근처": true, "계단": false, "급한전환": 0 }, "geometry": { "type": "LineString", "coordinates": [ [ 126.9506797, 37.4946216 ], [ 126.9509116, 37.494567 ], [ 126.9509669, 37.4945311 ] ] } },
{ "type": "Feature", "properties": { "u": "10589255556", "v": "10589255564", "key": 0, "highway": "path", "name": null, "validation_status": "validated", "length_m": 13.575951461699765, "최대경사_pct": 14.277859539328805, "B등급": "위험", "기준선_근처": false, "계단": false, "급한전환": 0 }, "geometry": { "type": "LineString", "coordinates": [ [ 126.9506797, 37.4946216 ], [ 126.950633700000012, 37.49450490000001 ] ] } },
{ "type": "Feature", "properties": { "u": "10611854831", "v": "10611854834", "key": 0, "highway": "service", "name": null, "validation_status": "validated", "length_m": 61.93577758402413, "최대경사_pct": 16.850962369895701, "B등급": "위험", "기준선_근처": false, "계단": false, "급한전환": 0 }, "geometry": { "type": "LineString", "coordinates": [ [ 126.953379200000015, 37.4924815 ], [ 126.9533187, 37.4928179 ], [ 126.9533361, 37.4929431 ], [ 126.953397100000018, 37.493021500000012 ] ] } },
{ "type": "Feature", "properties": { "u": "10611854831", "v": "13317612285", "key": 0, "highway": "service", "name": null, "validation_status": "unobserved", "length_m": 44.869381938574442, "최대경사_pct": 1.9908530561851026, "B등급": "양호", "기준선_근처": true, "계단": false, "급한전환": 1 }, "geometry": { "type": "LineString", "coordinates": [ [ 126.953535400000021, 37.4933451 ], [ 126.9533541, 37.4932355 ], [ 126.95333789999998, 37.4932006 ], [ 126.953368700000013, 37.493081300000014 ], [ 126.953397100000018, 37.493021500000012 ] ] } },
{ "type": "Feature", "properties": { "u": "10672227693", "v": "10672227697", "key": 0, "highway": "service", "name": null, "validation_status": "unobserved", "length_m": 25.098354595462361, "최대경사_pct": 0.0, "B등급": "양호", "기준선_근처": false, "계단": false, "급한전환": 0 }, "geometry": { "type": "LineString", "coordinates": [ [ 126.948453699999988, 37.4873829 ], [ 126.948239700000016, 37.4874529 ], [ 126.9481898, 37.487465800000017 ] ] } },
{ "type": "Feature", "properties": { "u": "10701233205", "v": "10701233213", "key": 0, "highway": "service", "name": null, "validation_status": "unobserved", "length_m": 189.35288533436048, "최대경사_pct": 11.3979097049065, "B등급": "위험", "기준선_근처": true, "계단": false, "급한전환": 0 }, "geometry": { "type": "LineString", "coordinates": [ [ 126.956560900000014, 37.48858 ], [ 126.95682140000001, 37.4882232 ], [ 126.9568767, 37.4881272 ], [ 126.9568827, 37.4880863 ], [ 126.956879, 37.488021 ], [ 126.956864800000019, 37.487903 ], [ 126.9568386, 37.4878438 ], [ 126.9566496, 37.4876611 ], [ 126.9559277, 37.487331400000024 ] ] } },
{ "type": "Feature", "properties": { "u": "10701233213", "v": "10701233214", "key": 0, "highway": "service", "name": null, "validation_status": "unobserved", "length_m": 32.928249457737223, "최대경사_pct": 1.8036242741196653, "B등급": "양호", "기준선_근처": true, "계단": false, "급한전환": 0 }, "geometry": { "type": "LineString", "coordinates": [ [ 126.956232700000015, 37.48843990000001 ], [ 126.956560900000014, 37.48858 ] ] } },
{ "type": "Feature", "properties": { "u": "11413637822", "v": "11413637511", "key": 0, "highway": "footway", "name": null, "validation_status": "unobserved", "length_m": 105.03969468121657, "최대경사_pct": 7.5717880226540757, "B등급": "주의", "기준선_근처": true, "계단": false, "급한전환": 0 }, "geometry": { "type": "LineString", "coordinates": [ [ 126.9520151, 37.48846120000001 ], [ 126.9513704, 37.4891864 ], [ 126.9513577, 37.4892432 ] ] } },
{ "type": "Feature", "properties": { "u": "11413637763", "v": "11413637877", "key": 0, "highway": "footway", "name": null, "validation_status": "unobserved", "length_m": 37.925329474999423, "최대경사_pct": 1.9053575575066855, "B등급": "양호", "기준선_근처": true, "계단": false, "급한전환": 0 }, "geometry": { "type": "LineString", "coordinates": [ [ 126.9520259, 37.4880339 ], [ 126.9519923, 37.48811950000001 ], [ 126.9519048, 37.4882094 ], [ 126.9517968, 37.4883176 ] ] } },
{ "type": "Feature", "properties": { "u": "11413637488", "v": "11413637515", "key": 0, "highway": "footway", "name": null, "validation_status": "unobserved", "length_m": 201.85200122129007, "최대경사_pct": 2.7628077326817624, "B등급": "양호", "기준선_근처": true, "계단": false, "급한전환": 0 }, "geometry": { "type": "LineString", "coordinates": [ [ 126.949138, 37.492130700000018 ], [ 126.9496839, 37.4919721 ], [ 126.9501182, 37.4918722 ], [ 126.9504976, 37.491783 ], [ 126.9508058, 37.4916764 ], [ 126.9510344, 37.4915791 ], [ 126.9512414, 37.4914555 ] ] } },
{ "type": "Feature", "properties": { "u": "11413637492", "v": "11413637804", "key": 0, "highway": "footway", "name": null, "validation_status": "validated", "length_m": 11.273131461698201, "최대경사_pct": 8.0093144216424861, "B등급": "주의", "기준선_근처": true, "계단": false, "급한전환": 0 }, "geometry": { "type": "LineString", "coordinates": [ [ 126.9543366, 37.4904396 ], [ 126.9542396, 37.4903737 ] ] } },
{ "type": "Feature", "properties": { "u": "11413637804", "v": "11413637699", "key": 0, "highway": "footway", "name": null, "validation_status": "validated", "length_m": 86.480847398742441, "최대경사_pct": 0.51105749619236218, "B등급": "양호", "기준선_근처": false, "계단": false, "급한전환": 0 }, "geometry": { "type": "LineString", "coordinates": [ [ 126.955273, 37.490646 ], [ 126.9550518, 37.4906187 ], [ 126.9547084, 37.4905613 ], [ 126.9545353, 37.4905181 ], [ 126.9543366, 37.4904396 ] ] } },
{ "type": "Feature", "properties": { "u": "11413637804", "v": "13324709500", "key": 0, "highway": "service", "name": null, "validation_status": "unobserved", "length_m": 64.233918375537073, "최대경사_pct": 9.8459264514447256, "B등급": "위험", "기준선_근처": true, "계단": false, "급한전환": 2 }, "geometry": { "type": "LineString", "coordinates": [ [ 126.9549027, 37.490698900000019 ], [ 126.954886500000015, 37.4906566 ], [ 126.954864, 37.490625 ], [ 126.954826299999979, 37.4906022 ], [ 126.9544696, 37.4905262 ], [ 126.954368100000011, 37.4905001 ], [ 126.9543363, 37.4904845 ], [ 126.95432150000002, 37.4904656 ], [ 126.9543256, 37.4904515 ], [ 126.9543366, 37.4904396 ] ] } },
{ "type": "Feature", "properties": { "u": "11413637781", "v": "11413637832", "key": 0, "highway": "footway", "name": null, "validation_status": "unobserved", "length_m": 13.171412062610816, "최대경사_pct": 25.069315935815673, "B등급": "위험", "기준선_근처": false, "계단": false, "급한전환": 0 }, "geometry": { "type": "LineString", "coordinates": [ [ 126.951836199999988, 37.4878131 ], [ 126.9516949, 37.4877756 ] ] } },
{ "type": "Feature", "properties": { "u": "11413637910", "v": "11413637699", "key": 0, "highway": "footway", "name": null, "validation_status": "validated", "length_m": 76.446665955400931, "최대경사_pct": 4.3487635397592497, "B등급": "양호", "기준선_근처": true, "계단": false, "급한전환": 0 }, "geometry": { "type": "LineString", "coordinates": [ [ 126.955273, 37.490646 ], [ 126.9556625, 37.4907539 ], [ 126.9560471, 37.4909432 ] ] } },
{ "type": "Feature", "properties": { "u": "11413637659", "v": "11413637577", "key": 0, "highway": "footway", "name": null, "validation_status": "unobserved", "length_m": 137.07250077284561, "최대경사_pct": 5.8532216766804686, "B등급": "주의", "기준선_근처": true, "계단": false, "급한전환": 0 }, "geometry": { "type": "LineString", "coordinates": [ [ 126.9525614, 37.4907984 ], [ 126.952402500000019, 37.4909407 ], [ 126.952153900000013, 37.4911011 ], [ 126.951874, 37.491297699999976 ], [ 126.951585, 37.4914865 ], [ 126.951391500000014, 37.4916052 ] ] } },
{ "type": "Feature", "properties": { "u": "11413637561", "v": "11413637916", "key": 0, "highway": "footway", "name": null, "validation_status": "validated", "length_m": 9.1280557869682664, "최대경사_pct": 6.5666147804057093, "B등급": "주의", "기준선_근처": true, "계단": false, "급한전환": 0 }, "geometry": { "type": "LineString", "coordinates": [ [ 126.9525737, 37.4977929 ], [ 126.9526751, 37.4977775 ] ] } },
{ "type": "Feature", "properties": { "u": "11413637576", "v": "11413637622", "key": 0, "highway": "footway", "name": null, "validation_status": "unobserved", "length_m": 78.384663233243927, "최대경사_pct": 1.317931268103687, "B등급": "양호", "기준선_근처": true, "계단": false, "급한전환": 0 }, "geometry": { "type": "LineString", "coordinates": [ [ 126.956172100000018, 37.4907442 ], [ 126.9558968, 37.4906548 ], [ 126.9556272, 37.490531 ], [ 126.955361400000015, 37.490466400000017 ] ] } },
{ "type": "Feature", "properties": { "u": "11413637756", "v": "11413637857", "key": 0, "highway": "footway", "name": null, "validation_status": "unobserved", "length_m": 129.47756242540095, "최대경사_pct": 1.7280820261678753, "B등급": "양호", "기준선_근처": true, "계단": false, "급한전환": 0 }, "geometry": { "type": "LineString", "coordinates": [ [ 126.9533644, 37.4898362 ], [ 126.9533382, 37.4899039 ], [ 126.95320390000002, 37.4899758 ], [ 126.9528602, 37.4902151 ], [ 126.9526827, 37.4903682 ], [ 126.952356, 37.4906649 ] ] } },
{ "type": "Feature", "properties": { "u": "13597219421", "v": "13597219422", "key": 0, "highway": "primary", "name": "상도로", "validation_status": "unobserved", "length_m": 79.612097622037552, "최대경사_pct": 2.532305177457467, "B등급": "양호", "기준선_근처": true, "계단": false, "급한전환": 0 }, "geometry": { "type": "LineString", "coordinates": [ [ 126.952351, 37.4976772 ], [ 126.952188, 37.4978619 ], [ 126.95183320000001, 37.498264 ] ] } },
{ "type": "Feature", "properties": { "u": "11413637779", "v": "11413637879", "key": 0, "highway": "footway", "name": null, "validation_status": "validated", "length_m": 8.4850147080257141, "최대경사_pct": 5.2281628436327194, "B등급": "양호", "기준선_근처": true, "계단": false, "급한전환": 0 }, "geometry": { "type": "LineString", "coordinates": [ [ 126.9522967, 37.4975583 ], [ 126.9522703, 37.4976318 ] ] } },
{ "type": "Feature", "properties": { "u": "11413637779", "v": "13597219422", "key": 0, "highway": "footway", "name": null, "validation_status": "bridged", "length_m": 8.7358093163960167, "최대경사_pct": 1.8153716455157227, "B등급": "양호", "기준선_근처": true, "계단": false, "급한전환": 0 }, "geometry": { "type": "LineString", "coordinates": [ [ 126.952351, 37.4976772 ], [ 126.9522703, 37.4976318 ] ] } },
{ "type": "Feature", "properties": { "u": "11413637877", "v": "11413637832", "key": 0, "highway": "footway", "name": null, "validation_status": "unobserved", "length_m": 31.058190454215953, "최대경사_pct": 21.324503708727935, "B등급": "위험", "기준선_근처": false, "계단": false, "급한전환": 0 }, "geometry": { "type": "LineString", "coordinates": [ [ 126.951836199999988, 37.4878131 ], [ 126.95194650000002, 37.4878798 ], [ 126.951990600000016, 37.4879263 ], [ 126.9520259, 37.4880339 ] ] } },
{ "type": "Feature", "properties": { "u": "11413637697", "v": "13149390528", "key": 0, "highway": "footway", "name": null, "validation_status": "validated", "length_m": 2.9462906055091023, "최대경사_pct": 2.4872196702361529, "B등급": "양호", "기준선_근처": true, "계단": false, "급한전환": 0 }, "geometry": { "type": "LineString", "coordinates": [ [ 126.954345500000017, 37.4957714 ], [ 126.954371600000016, 37.4957879 ] ] } },
{ "type": "Feature", "properties": { "u": "13149390528", "v": "12791615981", "key": 0, "highway": "footway", "name": null, "validation_status": "validated", "length_m": 52.487517749699222, "최대경사_pct": 5.6769443239298081, "B등급": "주의", "기준선_근처": true, "계단": false, "급한전환": 0 }, "geometry": { "type": "LineString", "coordinates": [ [ 126.954004, 37.496158200000032 ], [ 126.9540416, 37.4961156 ], [ 126.954345500000017, 37.4957714 ] ] } },
{ "type": "Feature", "properties": { "u": "13149390528", "v": "13149390529", "key": 0, "highway": "footway", "name": null, "validation_status": "validated", "length_m": 96.270298837487388, "최대경사_pct": 5.8099160492514725, "B등급": "주의", "기준선_근처": true, "계단": false, "급한전환": 0 }, "geometry": { "type": "LineString", "coordinates": [ [ 126.955408500000019, 37.495602 ], [ 126.9546667, 37.495713700000024 ], [ 126.954354900000013, 37.495760700000012 ], [ 126.954345500000017, 37.4957714 ] ] } },
{ "type": "Feature", "properties": { "u": "13195507460", "v": "13261401489", "key": 0, "highway": "residential", "name": null, "validation_status": "unobserved", "length_m": 80.999660956685659, "최대경사_pct": 10.430132505071018, "B등급": "위험", "기준선_근처": true, "계단": false, "급한전환": 1 }, "geometry": { "type": "LineString", "coordinates": [ [ 126.948705, 37.4998532 ], [ 126.9487198, 37.4996781 ], [ 126.9487304, 37.4996484 ], [ 126.948763900000017, 37.4996232 ], [ 126.9488299, 37.4996043 ], [ 126.9489933, 37.4995073 ], [ 126.949116799999985, 37.4994172 ], [ 126.949161, 37.4993432 ], [ 126.9491658, 37.499290200000026 ] ] } },
{ "type": "Feature", "properties": { "u": "12155399129", "v": "12155399130", "key": 0, "highway": "path", "name": null, "validation_status": "unobserved", "length_m": 9.5911129047238823, "최대경사_pct": 6.9296413237332173, "B등급": "주의", "기준선_근처": true, "계단": false, "급한전환": 0 }, "geometry": { "type": "LineString", "coordinates": [ [ 126.968002, 37.490874 ], [ 126.9679002, 37.4909038 ] ] } },
{ "type": "Feature", "properties": { "u": "12155399129", "v": "12152882921", "key": 0, "highway": "path", "name": null, "validation_status": "unobserved", "length_m": 53.436549846318854, "최대경사_pct": 7.7271401652332372, "B등급": "주의", "기준선_근처": true, "계단": false, "급한전환": 0 }, "geometry": { "type": "LineString", "coordinates": [ [ 126.9681387, 37.4904745 ], [ 126.9680394, 37.4905671 ], [ 126.9679688, 37.4906563 ], [ 126.9679419, 37.490755 ], [ 126.967921, 37.4908612 ], [ 126.9679002, 37.4909038 ] ] } },
{ "type": "Feature", "properties": { "u": "12155399130", "v": "12152877191", "key": 0, "highway": "path", "name": null, "validation_status": "unobserved", "length_m": 36.693588180390549, "최대경사_pct": 8.3333333333333321, "B등급": "주의", "기준선_근처": true, "계단": false, "급한전환": 0 }, "geometry": { "type": "LineString", "coordinates": [ [ 126.96819, 37.4905803 ], [ 126.9680236, 37.49081990000002 ], [ 126.968002, 37.490874 ] ] } },
{ "type": "Feature", "properties": { "u": "12152877191", "v": "12155399128", "key": 0, "highway": "path", "name": null, "validation_status": "unobserved", "length_m": 6.678564118574192, "최대경사_pct": 4.1328483322744107, "B등급": "양호", "기준선_근처": true, "계단": false, "급한전환": 0 }, "geometry": { "type": "LineString", "coordinates": [ [ 126.968237, 37.4905332 ], [ 126.96819, 37.4905803 ] ] } },
{ "type": "Feature", "properties": { "u": "12155399128", "v": "12152882921", "key": 0, "highway": "path", "name": null, "validation_status": "unobserved", "length_m": 10.863616401110848, "최대경사_pct": 5.1212326860294395, "B등급": "양호", "기준선_근처": true, "계단": false, "급한전환": 0 }, "geometry": { "type": "LineString", "coordinates": [ [ 126.9681387, 37.4904745 ], [ 126.968237, 37.4905332 ] ] } },
{ "type": "Feature", "properties": { "u": "12800872692", "v": "12800872678", "key": 0, "highway": "footway", "name": null, "validation_status": "unobserved", "length_m": 10.969281327831109, "최대경사_pct": 7.3062808580274448, "B등급": "주의", "기준선_근처": true, "계단": false, "급한전환": 0 }, "geometry": { "type": "LineString", "coordinates": [ [ 126.960743900000011, 37.4953791 ], [ 126.9608414, 37.495440200000026 ] ] } },
{ "type": "Feature", "properties": { "u": "12864823352", "v": "12864823363", "key": 0, "highway": "residential", "name": null, "validation_status": "unobserved", "length_m": 164.24779676032063, "최대경사_pct": 6.6316598252353058, "B등급": "주의", "기준선_근처": true, "계단": false, "급한전환": 5 }, "geometry": { "type": "LineString", "coordinates": [ [ 126.9619801, 37.5039299 ], [ 126.96191850000001, 37.5039653 ], [ 126.9618469, 37.5039562 ], [ 126.9618031, 37.5038909 ], [ 126.9617924, 37.5037867 ], [ 126.9617718, 37.50372 ], [ 126.9618004, 37.5036796 ], [ 126.961829, 37.5036696 ], [ 126.961869299999989, 37.503535600000014 ], [ 126.961779, 37.5034285 ], [ 126.9614938, 37.5035547 ], [ 126.961152200000015, 37.503678100000023 ], [ 126.960887099999979, 37.503730199999985 ] ] } },
{ "type": "Feature", "properties": { "u": "13322228123", "v": "13322228125", "key": 0, "highway": "service", "name": null, "validation_status": "unobserved", "length_m": 42.109834229419349, "최대경사_pct": 4.4872722070147359, "B등급": "양호", "기준선_근처": true, "계단": false, "급한전환": 0 }, "geometry": { "type": "LineString", "coordinates": [ [ 126.9593129, 37.49413 ], [ 126.959289, 37.4941296 ], [ 126.9591482, 37.4941275 ], [ 126.9588368, 37.494123 ] ] } },
{ "type": "Feature", "properties": { "u": "13322228125", "v": "13322228124", "key": 0, "highway": "service", "name": null, "validation_status": "unobserved", "length_m": 41.676371913918388, "최대경사_pct": 7.4288455105345488, "B등급": "주의", "기준선_근처": true, "계단": false, "급한전환": 0 }, "geometry": { "type": "LineString", "coordinates": [ [ 126.9597841, 37.4941369 ], [ 126.9593129, 37.49413 ] ] } }
]
}
