{
"type": "FeatureCollection",
"name": "중앙대_edges",
"crs": { "type": "name", "properties": { "name": "urn:ogc:def:crs:OGC:1.3:CRS84" } },
"features": [
{ "type": "Feature", "properties": { "u": "436821675", "v": "4621496738", "key": 0, "highway": "primary", "name": "상도로", "validation_status": "unobserved", "length_m": 45.833901289358273, "최대경사_pct": 0.57575969458013054, "B등급": "양호", "기준선_근처": false, "계단": false, "급한전환": 0 }, "geometry": { "type": "LineString", "coordinates": [ [ 126.9474232, 37.5035567 ], [ 126.9477015, 37.5032083 ] ] } },
{ "type": "Feature", "properties": { "u": "436821675", "v": "1829429042", "key": 0, "highway": "secondary", "name": "양녕로", "validation_status": "unobserved", "length_m": 44.928997152941974, "최대경사_pct": 0.81586084611392562, "B등급": "양호", "기준선_근처": false, "계단": false, "급한전환": 0 }, "geometry": { "type": "LineString", "coordinates": [ [ 126.947290200000012, 37.50297060000004 ], [ 126.9477015, 37.5032083 ] ] } },
{ "type": "Feature", "properties": { "u": "436821675", "v": "10265961156", "key": 0, "highway": "primary", "name": "양녕로", "validation_status": "unobserved", "length_m": 51.691578599909903, "최대경사_pct": 5.1596163994341282, "B등급": "양호", "기준선_근처": true, "계단": false, "급한전환": 0 }, "geometry": { "type": "LineString", "coordinates": [ [ 126.948195699999985, 37.5034571 ], [ 126.9477015, 37.5032083 ] ] } },
{ "type": "Feature", "properties": { "u": "436821675", "v": "13597219425", "key": 0, "highway": "primary", "name": "상도로", "validation_status": "unobserved", "length_m": 9.0997877073003242, "최대경사_pct": 2.2061647022032695, "B등급": "양호", "기준선_근처": true, "계단": false, "급한전환": 0 }, "geometry": { "type": "LineString", "coordinates": [ [ 126.947753400000011, 37.5031375 ], [ 126.9477015, 37.5032083 ] ] } },
{ "type": "Feature", "properties": { "u": "4621496738", "v": "2886858282", "key": 0, "highway": "primary", "name": "상도로", "validation_status": "unobserved", "length_m": 24.491138377925026, "최대경사_pct": 0.21747095316216064, "B등급": "양호", "기준선_근처": false, "계단": false, "급한전환": 0 }, "geometry": { "type": "LineString", "coordinates": [ [ 126.9472607, 37.5037354 ], [ 126.9474232, 37.5035567 ] ] } },
{ "type": "Feature", "properties": { "u": "4621496738", "v": "10265961155", "key": 0, "highway": "service", "name": "상도로", "validation_status": "unobserved", "length_m": 48.660673377420622, "최대경사_pct": 5.020478693524062, "B등급": "양호", "기준선_근처": true, "계단": false, "급한전환": 0 }, "geometry": { "type": "LineString", "coordinates": [ [ 126.9478715, 37.503811 ], [ 126.9474232, 37.5035567 ] ] } },
{ "type": "Feature", "properties": { "u": "1829429042", "v": "1829429056", "key": 0, "highway": "service", "name": "양녕로", "validation_status": "unobserved", "length_m": 72.469425109037317, "최대경사_pct": 0.64428907716542416, "B등급": "양호", "기준선_근처": false, "계단": false, "급한전환": 0 }, "geometry": { "type": "LineString", "coordinates": [ [ 126.946839, 37.5035157 ], [ 126.947290200000012, 37.50297060000004 ] ] } },
{ "type": "Feature", "properties": { "u": "1829429042", "v": "1829429044", "key": 0, "highway": "secondary", "name": "양녕로", "validation_status": "unobserved", "length_m": 40.149376534302355, "최대경사_pct": 0.0, "B등급": "양호", "기준선_근처": false, "계단": false, "급한전환": 0 }, "geometry": { "type": "LineString", "coordinates": [ [ 126.9469231, 37.5027577 ], [ 126.947290200000012, 37.50297060000004 ] ] } },
{ "type": "Feature", "properties": { "u": "1829429042", "v": "4621509674", "key": 0, "highway": "service", "name": null, "validation_status": "unobserved", "length_m": 95.449421497811755, "최대경사_pct": 3.8974620118134977, "B등급": "양호", "기준선_근처": true, "계단": false, "급한전환": 0 }, "geometry": { "type": "LineString", "coordinates": [ [ 126.9479039, 37.5022631 ], [ 126.947290200000012, 37.50297060000004 ] ] } },
{ "type": "Feature", "properties": { "u": "10265961156", "v": "2825706550", "key": 0, "highway": "primary", "name": "양녕로", "validation_status": "unobserved", "length_m": 48.589236586484276, "최대경사_pct": 4.2873912147628586, "B등급": "양호", "기준선_근처": true, "계단": false, "급한전환": 0 }, "geometry": { "type": "LineString", "coordinates": [ [ 126.948658699999982, 37.5036929 ], [ 126.948195699999985, 37.5034571 ] ] } },
{ "type": "Feature", "properties": { "u": "10265961156", "v": "10265961155", "key": 0, "highway": "service", "name": null, "validation_status": "unobserved", "length_m": 48.626500084372289, "최대경사_pct": 0.47490117961800132, "B등급": "양호", "기준선_근처": false, "계단": false, "급한전환": 0 }, "geometry": { "type": "LineString", "coordinates": [ [ 126.9478715, 37.503811 ], [ 126.948195699999985, 37.5034571 ] ] } },
{ "type": "Feature", "properties": { "u": "13597219425", "v": "2825706543", "key": 0, "highway": "primary", "name": "상도로", "validation_status": "unobserved", "length_m": 50.685938690578006, "최대경사_pct": 4.0632103540758395, "B등급": "양호", "기준선_근처": true, "계단": false, "급한전환": 0 }, "geometry": { "type": "LineString", "coordinates": [ [ 126.9481013, 37.502794 ], [ 126.947830200000013, 37.5031234 ], [ 126.947753400000011, 37.5031375 ] ] } },
{ "type": "Feature", "properties": { "u": "13597219425", "v": "13597219416", "key": 0, "highway": "primary", "name": "상도로", "validation_status": "unobserved", "length_m": 89.425107561728865, "최대경사_pct": 4.0425316678660161, "B등급": "양호", "기준선_근처": true, "계단": false, "급한전환": 0 }, "geometry": { "type": "LineString", "coordinates": [ [ 126.9482201, 37.5024416 ], [ 126.9480269, 37.502691499999983 ], [ 126.947738, 37.5030652 ], [ 126.947753400000011, 37.5031375 ] ] } },
{ "type": "Feature", "properties": { "u": "436821679", "v": "10239817468", "key": 0, "highway": "primary", "name": "양녕로", "validation_status": "validated", "length_m": 14.342318211978403, "최대경사_pct": 0.67436038105296825, "B등급": "양호", "기준선_근처": false, "계단": false, "급한전환": 0 }, "geometry": { "type": "LineString", "coordinates": [ [ 126.94958440000002, 37.5042932 ], [ 126.94951970000001, 37.5041747 ] ] } },
{ "type": "Feature", "properties": { "u": "436821679", "v": "2825730234", "key": 0, "highway": "primary", "name": "양녕로", "validation_status": "validated", "length_m": 34.008555032057899, "최대경사_pct": 1.1842378929335004e-14, "B등급": "양호", "기준선_근처": false, "계단": false, "급한전환": 0 }, "geometry": { "type": "LineString", "coordinates": [ [ 126.9492045, 37.5039991 ], [ 126.94951970000001, 37.5041747 ] ] } },
{ "type": "Feature", "properties": { "u": "436821679", "v": "10239817463", "key": 0, "highway": "primary", "name": "양녕로", "validation_status": "validated", "length_m": 33.709361774237806, "최대경사_pct": 2.077237755701399, "B등급": "양호", "기준선_근처": true, "계단": false, "급한전환": 0 }, "geometry": { "type": "LineString", "coordinates": [ [ 126.9498255, 37.5043362 ], [ 126.94967819999998, 37.5042094 ], [ 126.94951970000001, 37.5041747 ] ] } },
{ "type": "Feature", "properties": { "u": "10239817468", "v": "4644112573", "key": 0, "highway": "primary", "name": "양녕로", "validation_status": "unobserved", "length_m": 163.88613672174583, "최대경사_pct": 8.8452683241375532, "B등급": "위험", "기준선_근처": true, "계단": false, "급한전환": 0 }, "geometry": { "type": "LineString", "coordinates": [ [ 126.9503995, 37.50559710000001 ], [ 126.9502222, 37.5052322 ], [ 126.950124500000015, 37.5049981 ], [ 126.9498733, 37.5045452 ], [ 126.9497058, 37.5043714 ], [ 126.94958440000002, 37.5042932 ] ] } },
{ "type": "Feature", "properties": { "u": "10239817468", "v": "1831853297", "key": 0, "highway": "residential", "name": null, "validation_status": "validated", "length_m": 57.751169663651744, "최대경사_pct": 8.2912867953413052, "B등급": "주의", "기준선_근처": true, "계단": false, "급한전환": 0 }, "geometry": { "type": "LineString", "coordinates": [ [ 126.949711300000018, 37.5047944 ], [ 126.949699600000017, 37.504532700000013 ], [ 126.9496585, 37.504426 ], [ 126.949601300000012, 37.5043489 ], [ 126.94958440000002, 37.5042932 ] ] } },
{ "type": "Feature", "properties": { "u": "2825730234", "v": "10712384714", "key": 0, "highway": "service", "name": "양녕로", "validation_status": "unobserved", "length_m": 19.784214324669321, "최대경사_pct": 16.666666666666664, "B등급": "위험", "기준선_근처": false, "계단": false, "급한전환": 0 }, "geometry": { "type": "LineString", "coordinates": [ [ 126.949365, 37.5038749 ], [ 126.9492045, 37.5039991 ] ] } },
{ "type": "Feature", "properties": { "u": "2825730234", "v": "4621496740", "key": 0, "highway": "service", "name": null, "validation_status": "validated", "length_m": 49.819288764556859, "최대경사_pct": 0.0, "B등급": "양호", "기준선_근처": false, "계단": false, "급한전환": 0 }, "geometry": { "type": "LineString", "coordinates": [ [ 126.9488877, 37.5043703 ], [ 126.9492045, 37.5039991 ] ] } },
{ "type": "Feature", "properties": { "u": "2825730234", "v": "2825706550", "key": 0, "highway": "primary", "name": "양녕로", "validation_status": "unobserved", "length_m": 59.025177040261745, "최대경사_pct": 0.0, "B등급": "양호", "기준선_근처": false, "계단": false, "급한전환": 0 }, "geometry": { "type": "LineString", "coordinates": [ [ 126.948658699999982, 37.5036929 ], [ 126.9492045, 37.5039991 ] ] } },
{ "type": "Feature", "properties": { "u": "10239817463", "v": "10239817464", "key": 0, "highway": "primary", "name": "양녕로", "validation_status": "unobserved", "length_m": 7.2083694120959043, "최대경사_pct": 5.6834828833744435, "B등급": "주의", "기준선_근처": true, "계단": false, "급한전환": 0 }, "geometry": { "type": "LineString", "coordinates": [ [ 126.949881499999989, 37.5043834 ], [ 126.9498255, 37.5043362 ] ] } },
{ "type": "Feature", "properties": { "u": "10239817463", "v": "2829147721", "key": 0, "highway": "service", "name": "상도로41마길", "validation_status": "validated", "length_m": 48.759391126995794, "최대경사_pct": 7.365150732231954, "B등급": "주의", "기준선_근처": true, "계단": false, "급한전환": 0 }, "geometry": { "type": "LineString", "coordinates": [ [ 126.95030340000001, 37.5041398 ], [ 126.9501124, 37.5041817 ], [ 126.949937399999982, 37.5042423 ], [ 126.9498255, 37.5043362 ] ] } },
{ "type": "Feature", "properties": { "u": "436821690", "v": "571454796", "key": 0, "highway": "primary", "name": "양녕로", "validation_status": "unobserved", "length_m": 38.119545901169587, "최대경사_pct": 4.7376014434906768, "B등급": "양호", "기준선_근처": true, "계단": false, "급한전환": 0 }, "geometry": { "type": "LineString", "coordinates": [ [ 126.953838500000018, 37.5121468 ], [ 126.9540998, 37.51242 ] ] } },
{ "type": "Feature", "properties": { "u": "436821690", "v": "436821694", "key": 0, "highway": "primary", "name": "양녕로", "validation_status": "unobserved", "length_m": 27.422618297187956, "최대경사_pct": 2.7872685468325704, "B등급": "양호", "기준선_근처": true, "계단": false, "급한전환": 0 }, "geometry": { "type": "LineString", "coordinates": [ [ 126.9543166, 37.5125967 ], [ 126.9540998, 37.51242 ] ] } },
{ "type": "Feature", "properties": { "u": "436821690", "v": "2829530369", "key": 0, "highway": "residential", "name": "노량진로24길", "validation_status": "unobserved", "length_m": 27.54603262446588, "최대경사_pct": 6.2610893423300977, "B등급": "주의", "기준선_근처": true, "계단": false, "급한전환": 0 }, "geometry": { "type": "LineString", "coordinates": [ [ 126.953833700000018, 37.5122909 ], [ 126.9540998, 37.51242 ] ] } },
{ "type": "Feature", "properties": { "u": "571454796", "v": "2829530369", "key": 0, "highway": "primary_link", "name": null, "validation_status": "unobserved", "length_m": 15.999602905372313, "최대경사_pct": 1.9148971678772202, "B등급": "양호", "기준선_근처": true, "계단": false, "급한전환": 0 }, "geometry": { "type": "LineString", "coordinates": [ [ 126.953833700000018, 37.5122909 ], [ 126.9538368, 37.5122233 ], [ 126.953838500000018, 37.5121468 ] ] } },
{ "type": "Feature", "properties": { "u": "571454796", "v": "4644112573", "key": 0, "highway": "primary", "name": "양녕로", "validation_status": "validated", "length_m": 788.05900511622883, "최대경사_pct": 24.881379717020693, "B등급": "위험", "기준선_근처": false, "계단": false, "급한전환": 0 }, "geometry": { "type": "LineString", "coordinates": [ [ 126.9503995, 37.50559710000001 ], [ 126.9507037, 37.5061584 ], [ 126.9531205, 37.5108502 ], [ 126.9535252, 37.5116249 ], [ 126.953838500000018, 37.5121468 ] ] } },
{ "type": "Feature", "properties": { "u": "436821694", "v": "571452260", "key": 0, "highway": "primary", "name": "노량진로", "validation_status": "unobserved", "length_m": 64.631072797192502, "최대경사_pct": 2.8597694556265729, "B등급": "양호", "기준선_근처": true, "계단": false, "급한전환": 0 }, "geometry": { "type": "LineString", "coordinates": [ [ 126.9535858, 37.512582 ], [ 126.9543166, 37.5125967 ] ] } },
{ "type": "Feature", "properties": { "u": "436821694", "v": "798559711", "key": 0, "highway": "primary", "name": "노량진로", "validation_status": "unobserved", "length_m": 24.713467961695223, "최대경사_pct": 0.31740295348014885, "B등급": "양호", "기준선_근처": false, "계단": false, "급한전환": 0 }, "geometry": { "type": "LineString", "coordinates": [ [ 126.954593100000011, 37.5126294 ], [ 126.9543166, 37.5125967 ] ] } },
{ "type": "Feature", "properties": { "u": "436821694", "v": "2283084228", "key": 0, "highway": "primary", "name": "양녕로", "validation_status": "unobserved", "length_m": 94.065006593605148, "최대경사_pct": 0.34183699429525166, "B등급": "양호", "기준선_근처": false, "계단": false, "급한전환": 0 }, "geometry": { "type": "LineString", "coordinates": [ [ 126.9551639, 37.5131093 ], [ 126.9543166, 37.5125967 ] ] } },
{ "type": "Feature", "properties": { "u": "2829530369", "v": "8757685954", "key": 0, "highway": "primary_link", "name": null, "validation_status": "unobserved", "length_m": 23.766120390447334, "최대경사_pct": 1.446387469791534, "B등급": "양호", "기준선_근처": true, "계단": false, "급한전환": 0 }, "geometry": { "type": "LineString", "coordinates": [ [ 126.953743100000011, 37.512489200000012 ], [ 126.9537859, 37.512437099999985 ], [ 126.953810200000021, 37.5123807 ], [ 126.9538298, 37.5123292 ], [ 126.953833700000018, 37.5122909 ] ] } },
{ "type": "Feature", "properties": { "u": "2829530369", "v": "2829530350", "key": 0, "highway": "residential", "name": "노량진로24길", "validation_status": "unobserved", "length_m": 217.24624243402241, "최대경사_pct": 10.866475218502131, "B등급": "위험", "기준선_근처": true, "계단": false, "급한전환": 1 }, "geometry": { "type": "LineString", "coordinates": [ [ 126.9532809, 37.510618800000024 ], [ 126.9532023, 37.5106701 ], [ 126.953077600000015, 37.510741 ], [ 126.9530067, 37.5107923 ], [ 126.952979, 37.5108155 ], [ 126.9529836, 37.5108583 ], [ 126.9530745, 37.5110342 ], [ 126.953148400000018, 37.5111687 ], [ 126.9532794, 37.5114106 ], [ 126.9534011, 37.5116709 ], [ 126.9537169, 37.5122316 ], [ 126.953833700000018, 37.5122909 ] ] } },
{ "type": "Feature", "properties": { "u": "571452260", "v": "436831584", "key": 0, "highway": "primary", "name": "노량진로", "validation_status": "unobserved", "length_m": 126.60593968636645, "최대경사_pct": 0.92109359073108898, "B등급": "양호", "기준선_근처": true, "계단": false, "급한전환": 0 }, "geometry": { "type": "LineString", "coordinates": [ [ 126.9521543, 37.5126128 ], [ 126.9535858, 37.512582 ] ] } },
{ "type": "Feature", "properties": { "u": "571452260", "v": "8757685954", "key": 0, "highway": "primary_link", "name": null, "validation_status": "unobserved", "length_m": 17.305687880421264, "최대경사_pct": 0.82317705592836066, "B등급": "양호", "기준선_근처": false, "계단": false, "급한전환": 0 }, "geometry": { "type": "LineString", "coordinates": [ [ 126.953743100000011, 37.512489200000012 ], [ 126.9535858, 37.512582 ] ] } },
{ "type": "Feature", "properties": { "u": "571452260", "v": "4627760504", "key": 0, "highway": "primary_link", "name": "노량진로 (유턴)", "validation_status": "unobserved", "length_m": 29.787804396861269, "최대경사_pct": 5.614117575499697, "B등급": "주의", "기준선_근처": true, "계단": false, "급한전환": 1 }, "geometry": { "type": "LineString", "coordinates": [ [ 126.9535596, 37.512753 ], [ 126.9536283, 37.5127424 ], [ 126.9536653, 37.5127241 ], [ 126.9536868, 37.512698399999984 ], [ 126.9536803, 37.512667 ], [ 126.9536511, 37.5126261 ], [ 126.9535858, 37.512582 ] ] } },
{ "type": "Feature", "properties": { "u": "798559711", "v": "4613249930", "key": 0, "highway": "primary", "name": "양녕로", "validation_status": "unobserved", "length_m": 23.017667288797433, "최대경사_pct": 0.97804488195735106, "B등급": "양호", "기준선_근처": true, "계단": false, "급한전환": 0 }, "geometry": { "type": "LineString", "coordinates": [ [ 126.9548318, 37.5127122 ], [ 126.954593100000011, 37.5126294 ] ] } },
{ "type": "Feature", "properties": { "u": "798559711", "v": "4613249918", "key": 0, "highway": "residential", "name": "노량진로26길", "validation_status": "unobserved", "length_m": 42.938886852843495, "최대경사_pct": 2.8989434135668546, "B등급": "양호", "기준선_근처": true, "계단": false, "급한전환": 0 }, "geometry": { "type": "LineString", "coordinates": [ [ 126.95441910000001, 37.5122682 ], [ 126.954593100000011, 37.5126294 ] ] } },
{ "type": "Feature", "properties": { "u": "798559711", "v": "2829530351", "key": 0, "highway": "primary", "name": "양녕로", "validation_status": "unobserved", "length_m": 106.88415137211604, "최대경사_pct": 3.6204864949718529, "B등급": "양호", "기준선_근처": true, "계단": false, "급한전환": 0 }, "geometry": { "type": "LineString", "coordinates": [ [ 126.9538699, 37.5118631 ], [ 126.954037, 37.512101199999989 ], [ 126.9543007, 37.5123788 ], [ 126.954593100000011, 37.5126294 ] ] } },
{ "type": "Feature", "properties": { "u": "2283084228", "v": "4627760504", "key": 0, "highway": "primary", "name": "노량진로", "validation_status": "unobserved", "length_m": 149.15967682579964, "최대경사_pct": 0.90981386671353981, "B등급": "양호", "기준선_근처": true, "계단": false, "급한전환": 0 }, "geometry": { "type": "LineString", "coordinates": [ [ 126.9535596, 37.512753 ], [ 126.9540889, 37.5127803 ], [ 126.9543139, 37.5128185 ], [ 126.9545584, 37.5128812 ], [ 126.9548186, 37.5129812 ], [ 126.9551639, 37.5131093 ] ] } },
{ "type": "Feature", "properties": { "u": "2283084228", "v": "2281726765", "key": 0, "highway": "primary", "name": "양녕로", "validation_status": "unobserved", "length_m": 61.020700240009276, "최대경사_pct": 1.8931612711296741, "B등급": "양호", "기준선_근처": true, "계단": false, "급한전환": 0 }, "geometry": { "type": "LineString", "coordinates": [ [ 126.9556811, 37.5134727 ], [ 126.955554, 37.5133705 ], [ 126.9551639, 37.5131093 ] ] } },
{ "type": "Feature", "properties": { "u": "436831584", "v": "8757685953", "key": 0, "highway": "tertiary", "name": "매봉로", "validation_status": "unobserved", "length_m": 13.247036264726161, "최대경사_pct": 6.4531734046147271, "B등급": "주의", "기준선_근처": true, "계단": false, "급한전환": 0 }, "geometry": { "type": "LineString", "coordinates": [ [ 126.95210680000001, 37.5124996 ], [ 126.9521543, 37.5126128 ] ] } },
{ "type": "Feature", "properties": { "u": "436831584", "v": "4613274882", "key": 0, "highway": "primary", "name": "노량진로", "validation_status": "unobserved", "length_m": 54.737629920728857, "최대경사_pct": 3.692258397218152, "B등급": "양호", "기준선_근처": true, "계단": false, "급한전환": 0 }, "geometry": { "type": "LineString", "coordinates": [ [ 126.9515353, 37.5126229 ], [ 126.9521543, 37.5126128 ] ] } },
{ "type": "Feature", "properties": { "u": "436831584", "v": "570912259", "key": 0, "highway": "tertiary", "name": null, "validation_status": "unobserved", "length_m": 21.739187578420605, "최대경사_pct": 6.7948964039779218, "B등급": "주의", "기준선_근처": true, "계단": false, "급한전환": 0 }, "geometry": { "type": "LineString", "coordinates": [ [ 126.9522897, 37.5127763 ], [ 126.9521543, 37.5126128 ] ] } },
{ "type": "Feature", "properties": { "u": "8757685953", "v": "4613274881", "key": 0, "highway": "tertiary", "name": "매봉로", "validation_status": "unobserved", "length_m": 13.400696787002815, "최대경사_pct": 5.3537866792288469, "B등급": "양호", "기준선_근처": true, "계단": false, "급한전환": 0 }, "geometry": { "type": "LineString", "coordinates": [ [ 126.9520587, 37.5123851 ], [ 126.95210680000001, 37.5124996 ] ] } },
{ "type": "Feature", "properties": { "u": "8757685953", "v": "8757685951", "key": 0, "highway": "footway", "name": null, "validation_status": "unobserved", "length_m": 57.779579779891328, "최대경사_pct": 1.0147441406999391, "B등급": "양호", "기준선_근처": true, "계단": false, "급한전환": 0 }, "geometry": { "type": "LineString", "coordinates": [ [ 126.951454, 37.5125243 ], [ 126.95210680000001, 37.5124996 ] ] } },
{ "type": "Feature", "properties": { "u": "8757685953", "v": "8757685954", "key": 0, "highway": "footway", "name": null, "validation_status": "unobserved", "length_m": 144.67107765975911, "최대경사_pct": 1.343358186421916, "B등급": "양호", "기준선_근처": true, "계단": false, "급한전환": 0 }, "geometry": { "type": "LineString", "coordinates": [ [ 126.953743100000011, 37.512489200000012 ], [ 126.95210680000001, 37.5124996 ] ] } },
{ "type": "Feature", "properties": { "u": "4613274882", "v": "8757685951", "key": 0, "highway": "residential", "name": "노량진로22길", "validation_status": "unobserved", "length_m": 13.092788306730824, "최대경사_pct": 2.7079193297068942, "B등급": "양호", "기준선_근처": true, "계단": false, "급한전환": 0 }, "geometry": { "type": "LineString", "coordinates": [ [ 126.951454, 37.5125243 ], [ 126.9515353, 37.5126229 ] ] } },
{ "type": "Feature", "properties": { "u": "4613274882", "v": "8757685934", "key": 0, "highway": "primary", "name": "노량진로", "validation_status": "unobserved", "length_m": 71.348852924425103, "최대경사_pct": 0.0, "B등급": "양호", "기준선_근처": false, "계단": false, "급한전환": 0 }, "geometry": { "type": "LineString", "coordinates": [ [ 126.9507319, 37.5126837 ], [ 126.9515353, 37.5126229 ] ] } },
{ "type": "Feature", "properties": { "u": "570912259", "v": "8757692551", "key": 0, "highway": "tertiary", "name": "노량진로23길", "validation_status": "unobserved", "length_m": 12.99745426672861, "최대경사_pct": 3.8021591601746905, "B등급": "양호", "기준선_근처": true, "계단": false, "급한전환": 0 }, "geometry": { "type": "LineString", "coordinates": [ [ 126.9522834, 37.5128933 ], [ 126.9522897, 37.5127763 ] ] } },
{ "type": "Feature", "properties": { "u": "570912259", "v": "4627760504", "key": 0, "highway": "primary", "name": "노량진로", "validation_status": "unobserved", "length_m": 112.30215579455025, "최대경사_pct": 0.45835263254256897, "B등급": "양호", "기준선_근처": false, "계단": false, "급한전환": 0 }, "geometry": { "type": "LineString", "coordinates": [ [ 126.9535596, 37.512753 ], [ 126.9522897, 37.5127763 ] ] } },
{ "type": "Feature", "properties": { "u": "570912259", "v": "8757685936", "key": 0, "highway": "primary", "name": "노량진로", "validation_status": "unobserved", "length_m": 138.21952409387461, "최대경사_pct": 4.669738264864808, "B등급": "양호", "기준선_근처": true, "계단": false, "급한전환": 0 }, "geometry": { "type": "LineString", "coordinates": [ [ 126.9507279, 37.5128211 ], [ 126.9518467, 37.5127738 ], [ 126.9522897, 37.5127763 ] ] } },
{ "type": "Feature", "properties": { "u": "570912259", "v": "8757685935", "key": 0, "highway": "busway", "name": "노량진로", "validation_status": "unobserved", "length_m": 140.00134999627727, "최대경사_pct": 5.4381224194791429, "B등급": "양호", "기준선_근처": true, "계단": false, "급한전환": 0 }, "geometry": { "type": "LineString", "coordinates": [ [ 126.950726100000011, 37.5127379 ], [ 126.952157400000019, 37.5127167 ], [ 126.9522897, 37.5127763 ] ] } },
{ "type": "Feature", "properties": { "u": "436839947", "v": "2825744871", "key": 0, "highway": "tertiary", "name": "만양로", "validation_status": "unobserved", "length_m": 87.081936946969208, "최대경사_pct": 8.7383360753279522, "B등급": "위험", "기준선_근처": true, "계단": false, "급한전환": 0 }, "geometry": { "type": "LineString", "coordinates": [ [ 126.947417, 37.506355200000023 ], [ 126.9469107, 37.505682200000017 ] ] } },
{ "type": "Feature", "properties": { "u": "436839947", "v": "10265961205", "key": 0, "highway": "tertiary", "name": "만양로", "validation_status": "unobserved", "length_m": 18.800953269505904, "최대경사_pct": 4.8982347768516377, "B등급": "양호", "기준선_근처": true, "계단": false, "급한전환": 0 }, "geometry": { "type": "LineString", "coordinates": [ [ 126.9467921, 37.5055416 ], [ 126.9469107, 37.505682200000017 ] ] } },
{ "type": "Feature", "properties": { "u": "2825744871", "v": "436839948", "key": 0, "highway": "tertiary", "name": "만양로", "validation_status": "unobserved", "length_m": 72.970074857092882, "최대경사_pct": 3.7725873705446729, "B등급": "양호", "기준선_근처": true, "계단": false, "급한전환": 0 }, "geometry": { "type": "LineString", "coordinates": [ [ 126.9478928, 37.5068924 ], [ 126.947417, 37.506355200000023 ] ] } },
{ "type": "Feature", "properties": { "u": "2825744871", "v": "4621496726", "key": 0, "highway": "service", "name": "만양로2길", "validation_status": "unobserved", "length_m": 180.10701799493481, "최대경사_pct": 4.5926258739463472, "B등급": "양호", "기준선_근처": true, "계단": false, "급한전환": 1 }, "geometry": { "type": "LineString", "coordinates": [ [ 126.9493056, 37.5064554 ], [ 126.949261099999987, 37.506508900000014 ], [ 126.9491129, 37.5066316 ], [ 126.9489077, 37.5065852 ], [ 126.9475843, 37.5063426 ], [ 126.9474992, 37.5063355 ], [ 126.947417, 37.506355200000023 ] ] } },
{ "type": "Feature", "properties": { "u": "10265961205", "v": "7252276596", "key": 0, "highway": "tertiary", "name": "만양로", "validation_status": "unobserved", "length_m": 24.054610948623964, "최대경사_pct": 1.8866707150879711, "B등급": "양호", "기준선_근처": true, "계단": false, "급한전환": 0 }, "geometry": { "type": "LineString", "coordinates": [ [ 126.946655, 37.5053544 ], [ 126.9467921, 37.5055416 ] ] } },
{ "type": "Feature", "properties": { "u": "436839948", "v": "436839950", "key": 0, "highway": "tertiary", "name": "만양로", "validation_status": "unobserved", "length_m": 37.538328082720021, "최대경사_pct": 9.3021216538767604, "B등급": "위험", "기준선_근처": true, "계단": false, "급한전환": 0 }, "geometry": { "type": "LineString", "coordinates": [ [ 126.9480718, 37.5071986 ], [ 126.948, 37.5070553 ], [ 126.9478928, 37.5068924 ] ] } },
{ "type": "Feature", "properties": { "u": "436839948", "v": "13363593888", "key": 0, "highway": "service", "name": null, "validation_status": "unobserved", "length_m": 51.999426170235594, "최대경사_pct": 0.12048506357691244, "B등급": "양호", "기준선_근처": false, "계단": false, "급한전환": 0 }, "geometry": { "type": "LineString", "coordinates": [ [ 126.9484685, 37.50685050000002 ], [ 126.948142299999986, 37.50683690000001 ], [ 126.9479739, 37.5068604 ], [ 126.9478928, 37.5068924 ] ] } },
{ "type": "Feature", "properties": { "u": "436839950", "v": "436839951", "key": 0, "highway": "tertiary", "name": "만양로", "validation_status": "unobserved", "length_m": 9.0851642089341489, "최대경사_pct": 13.873408330039277, "B등급": "위험", "기준선_근처": false, "계단": false, "급한전환": 0 }, "geometry": { "type": "LineString", "coordinates": [ [ 126.9480848, 37.5072798 ], [ 126.9480718, 37.5071986 ] ] } },
{ "type": "Feature", "properties": { "u": "13363593888", "v": "13363593900", "key": 0, "highway": "service", "name": null, "validation_status": "unobserved", "length_m": 148.73543095565029, "최대경사_pct": 9.2138255883027647, "B등급": "위험", "기준선_근처": true, "계단": false, "급한전환": 0 }, "geometry": { "type": "LineString", "coordinates": [ [ 126.9499543, 37.5073384 ], [ 126.9497842, 37.5071513 ], [ 126.949735, 37.5071017 ], [ 126.9496715, 37.5070648 ], [ 126.949577600000012, 37.507034300000015 ], [ 126.94895, 37.506932200000016 ], [ 126.9484685, 37.50685050000002 ] ] } },
{ "type": "Feature", "properties": { "u": "13363593888", "v": "13363604104", "key": 0, "highway": "service", "name": null, "validation_status": "unobserved", "length_m": 107.06298027696133, "최대경사_pct": 7.7345947398571759, "B등급": "주의", "기준선_근처": true, "계단": false, "급한전환": 0 }, "geometry": { "type": "LineString", "coordinates": [ [ 126.949015, 37.5076648 ], [ 126.948986599999984, 37.5076455 ], [ 126.948913300000015, 37.5076214 ], [ 126.9488561, 37.5075887 ], [ 126.9486759, 37.5073378 ], [ 126.9486584, 37.5072913 ], [ 126.948651600000019, 37.5072522 ], [ 126.948632700000019, 37.5072044 ], [ 126.948484800000017, 37.5070056 ], [ 126.948463600000011, 37.506941 ], [ 126.9484685, 37.50685050000002 ] ] } },
{ "type": "Feature", "properties": { "u": "436839951", "v": "2824550210", "key": 0, "highway": "residential", "name": "만양로4길", "validation_status": "unobserved", "length_m": 78.087008732752139, "최대경사_pct": 1.487205013972464, "B등급": "양호", "기준선_근처": true, "계단": false, "급한전환": 0 }, "geometry": { "type": "LineString", "coordinates": [ [ 126.948708, 37.5077502 ], [ 126.948618300000021, 37.5075971 ], [ 126.948211200000017, 37.507321400000016 ], [ 126.9480848, 37.5072798 ] ] } },
{ "type": "Feature", "properties": { "u": "436839951", "v": "13363604131", "key": 0, "highway": "tertiary", "name": "만양로", "validation_status": "unobserved", "length_m": 42.294183486564833, "최대경사_pct": 10.870411783641742, "B등급": "위험", "기준선_근처": true, "계단": false, "급한전환": 0 }, "geometry": { "type": "LineString", "coordinates": [ [ 126.9479179, 37.507635799999981 ], [ 126.9479741, 37.5075415 ], [ 126.9480472, 37.5073951 ], [ 126.9480848, 37.5072798 ] ] } },
{ "type": "Feature", "properties": { "u": "2824550210", "v": "13363604134", "key": 0, "highway": "service", "name": "만양로8길", "validation_status": "unobserved", "length_m": 34.986826171887301, "최대경사_pct": 15.207350387427438, "B등급": "위험", "기준선_근처": false, "계단": false, "급한전환": 0 }, "geometry": { "type": "LineString", "coordinates": [ [ 126.9484691, 37.5080015 ], [ 126.948708, 37.5077502 ] ] } },
{ "type": "Feature", "properties": { "u": "2824550210", "v": "2824550212", "key": 0, "highway": "residential", "name": "만양로4길", "validation_status": "unobserved", "length_m": 114.09180230453515, "최대경사_pct": 7.8983537225312137, "B등급": "주의", "기준선_근처": true, "계단": false, "급한전환": 1 }, "geometry": { "type": "LineString", "coordinates": [ [ 126.9490271, 37.508573 ], [ 126.948779800000011, 37.5085121 ], [ 126.948681100000016, 37.5084694 ], [ 126.9486317, 37.5083982 ], [ 126.9486856, 37.5079994 ], [ 126.948708, 37.5077502 ] ] } },
{ "type": "Feature", "properties": { "u": "13363604131", "v": "4613276500", "key": 0, "highway": "tertiary", "name": "만양로", "validation_status": "unobserved", "length_m": 73.808836681924831, "최대경사_pct": 9.4465968930008781, "B등급": "위험", "기준선_근처": true, "계단": false, "급한전환": 0 }, "geometry": { "type": "LineString", "coordinates": [ [ 126.947356400000018, 37.5081266 ], [ 126.94778, 37.50778 ], [ 126.9479179, 37.507635799999981 ] ] } },
{ "type": "Feature", "properties": { "u": "13363604131", "v": "13363604138", "key": 0, "highway": "service", "name": null, "validation_status": "unobserved", "length_m": 16.729888606374708, "최대경사_pct": 5.4243597998449165, "B등급": "양호", "기준선_근처": true, "계단": false, "급한전환": 0 }, "geometry": { "type": "LineString", "coordinates": [ [ 126.948051300000017, 37.507742700000016 ], [ 126.9480314, 37.5077264 ], [ 126.9479179, 37.507635799999981 ] ] } },
{ "type": "Feature", "properties": { "u": "436881331", "v": "3888649128", "key": 0, "highway": "steps", "name": null, "validation_status": "validated", "length_m": 23.345231208659058, "최대경사_pct": 0.99036359774059035, "B등급": "양호", "기준선_근처": true, "계단": true, "급한전환": 0 }, "geometry": { "type": "LineString", "coordinates": [ [ 126.9652329, 37.5073487 ], [ 126.965355, 37.5075352 ] ] } },
{ "type": "Feature", "properties": { "u": "436881331", "v": "3888649162", "key": 0, "highway": "primary", "name": "현충로", "validation_status": "unobserved", "length_m": 64.010591292329252, "최대경사_pct": 3.8835734546529848, "B등급": "양호", "기준선_근처": true, "계단": false, "급한전환": 0 }, "geometry": { "type": "LineString", "coordinates": [ [ 126.966011100000017, 37.5072914 ], [ 126.965355, 37.5075352 ] ] } },
{ "type": "Feature", "properties": { "u": "436881331", "v": "4611246540", "key": 0, "highway": "primary", "name": "현충로", "validation_status": "validated", "length_m": 126.65521033190447, "최대경사_pct": 0.814089746714031, "B등급": "양호", "기준선_근처": false, "계단": false, "급한전환": 0 }, "geometry": { "type": "LineString", "coordinates": [ [ 126.964237, 37.508241 ], [ 126.9646692, 37.5079249 ], [ 126.96486680000001, 37.5077876 ], [ 126.9650409, 37.5076779 ], [ 126.965355, 37.5075352 ] ] } },
{ "type": "Feature", "properties": { "u": "3888649128", "v": "4612824444", "key": 0, "highway": "residential", "name": "서달로14사길", "validation_status": "unobserved", "length_m": 32.676169089959203, "최대경사_pct": 0.79449198686546652, "B등급": "양호", "기준선_근처": false, "계단": false, "급한전환": 0 }, "geometry": { "type": "LineString", "coordinates": [ [ 126.9651364, 37.5070645 ], [ 126.9652329, 37.5073487 ] ] } },
{ "type": "Feature", "properties": { "u": "3888649128", "v": "4612824445", "key": 0, "highway": "residential", "name": "서달로14길", "validation_status": "validated", "length_m": 41.225367806476712, "최대경사_pct": 3.8169717815744875, "B등급": "양호", "기준선_근처": true, "계단": false, "급한전환": 0 }, "geometry": { "type": "LineString", "coordinates": [ [ 126.9656758, 37.5072326 ], [ 126.9652329, 37.5073487 ] ] } },
{ "type": "Feature", "properties": { "u": "3888649128", "v": "3888649127", "key": 0, "highway": "residential", "name": "서달로14길", "validation_status": "validated", "length_m": 33.069883032566608, "최대경사_pct": 0.0, "B등급": "양호", "기준선_근처": false, "계단": false, "급한전환": 0 }, "geometry": { "type": "LineString", "coordinates": [ [ 126.9648824, 37.5074527 ], [ 126.9652329, 37.5073487 ] ] } },
{ "type": "Feature", "properties": { "u": "3888649162", "v": "10239817426", "key": 0, "highway": "primary", "name": "현충로", "validation_status": "unobserved", "length_m": 9.7011296250796377, "최대경사_pct": 3.8171585212661148, "B등급": "양호", "기준선_근처": true, "계단": false, "급한전환": 0 }, "geometry": { "type": "LineString", "coordinates": [ [ 126.9661082, 37.5072507 ], [ 126.966011100000017, 37.5072914 ] ] } },
{ "type": "Feature", "properties": { "u": "3888649162", "v": "4612824445", "key": 0, "highway": "residential", "name": "서달로14길", "validation_status": "validated", "length_m": 39.481076488851684, "최대경사_pct": 3.657445605947629, "B등급": "양호", "기준선_근처": true, "계단": false, "급한전환": 1 }, "geometry": { "type": "LineString", "coordinates": [ [ 126.9656758, 37.5072326 ], [ 126.9659064, 37.5071579 ], [ 126.966011100000017, 37.5072914 ] ] } },
{ "type": "Feature", "properties": { "u": "4611246540", "v": "4612845666", "key": 0, "highway": "steps", "name": null, "validation_status": "validated", "length_m": 37.753483288615726, "최대경사_pct": 0.13883512076287316, "B등급": "양호", "기준선_근처": false, "계단": true, "급한전환": 0 }, "geometry": { "type": "LineString", "coordinates": [ [ 126.964032499999988, 37.5079425 ], [ 126.9641236, 37.508084 ], [ 126.964237, 37.508241 ] ] } },
{ "type": "Feature", "properties": { "u": "4611246540", "v": "436881334", "key": 0, "highway": "primary", "name": "현충로", "validation_status": "validated", "length_m": 57.512325716062591, "최대경사_pct": 0.0, "B등급": "양호", "기준선_근처": false, "계단": false, "급한전환": 0 }, "geometry": { "type": "LineString", "coordinates": [ [ 126.9638331, 37.5086464 ], [ 126.9640584, 37.5084002 ], [ 126.964237, 37.508241 ] ] } },
{ "type": "Feature", "properties": { "u": "436881334", "v": "13675095844", "key": 0, "highway": "tertiary", "name": "서달로", "validation_status": "unobserved", "length_m": 12.16366783610454, "최대경사_pct": 0.0, "B등급": "양호", "기준선_근처": false, "계단": false, "급한전환": 0 }, "geometry": { "type": "LineString", "coordinates": [ [ 126.963934, 37.508720900000014 ], [ 126.9638331, 37.5086464 ] ] } },
{ "type": "Feature", "properties": { "u": "436881334", "v": "6964092884", "key": 0, "highway": "primary", "name": "현충로", "validation_status": "validated", "length_m": 116.17779394943008, "최대경사_pct": 0.92721663908482499, "B등급": "양호", "기준선_근처": true, "계단": false, "급한전환": 0 }, "geometry": { "type": "LineString", "coordinates": [ [ 126.9630769, 37.509502400000017 ], [ 126.9633365, 37.5092005 ], [ 126.9638331, 37.5086464 ] ] } },
{ "type": "Feature", "properties": { "u": "436881334", "v": "2288832800", "key": 0, "highway": "tertiary", "name": "서달로", "validation_status": "validated", "length_m": 90.562227693541189, "최대경사_pct": 4.3786344210224977, "B등급": "양호", "기준선_근처": true, "계단": false, "급한전환": 0 }, "geometry": { "type": "LineString", "coordinates": [ [ 126.9630737, 37.5080992 ], [ 126.963367600000012, 37.508311900000024 ], [ 126.9636462, 37.508501699999989 ], [ 126.9638331, 37.5086464 ] ] } },
{ "type": "Feature", "properties": { "u": "13675095844", "v": "13675095845", "key": 0, "highway": "tertiary", "name": "서달로", "validation_status": "bridged", "length_m": 7.2816643217173764, "최대경사_pct": 2.9605947323337509e-15, "B등급": "양호", "기준선_근처": false, "계단": false, "급한전환": 0 }, "geometry": { "type": "LineString", "coordinates": [ [ 126.9640106, 37.508745 ], [ 126.963934, 37.508720900000014 ] ] } },
{ "type": "Feature", "properties": { "u": "13675095844", "v": "13392265479", "key": 0, "highway": "primary", "name": "현충로", "validation_status": "validated", "length_m": 114.47296468332686, "최대경사_pct": 0.71666903460272746, "B등급": "양호", "기준선_근처": false, "계단": false, "급한전환": 0 }, "geometry": { "type": "LineString", "coordinates": [ [ 126.9631642, 37.5095502 ], [ 126.963934, 37.508720900000014 ] ] } },
{ "type": "Feature", "properties": { "u": "13675095844", "v": "13392265485", "key": 0, "highway": "primary", "name": "현충로", "validation_status": "unobserved", "length_m": 253.7234295158346, "최대경사_pct": 3.9450298016688659, "B등급": "양호", "기준선_근처": true, "계단": false, "급한전환": 0 }, "geometry": { "type": "LineString", "coordinates": [ [ 126.966142500000018, 37.507306599999978 ], [ 126.9653924, 37.5076224 ], [ 126.9651151, 37.5077703 ], [ 126.9645805, 37.5081186 ], [ 126.9642924, 37.5083483 ], [ 126.9640767, 37.5085671 ], [ 126.963934, 37.508720900000014 ] ] } },
{ "type": "Feature", "properties": { "u": "6964092884", "v": "436883262", "key": 0, "highway": "primary", "name": "현충로", "validation_status": "unobserved", "length_m": 18.625221457497165, "최대경사_pct": 2.5438153523199127, "B등급": "양호", "기준선_근처": true, "계단": false, "급한전환": 0 }, "geometry": { "type": "LineString", "coordinates": [ [ 126.9629585, 37.5096412 ], [ 126.9630769, 37.509502400000017 ] ] } },
{ "type": "Feature", "properties": { "u": "6964092884", "v": "13392265479", "key": 0, "highway": "footway", "name": null, "validation_status": "validated", "length_m": 9.3659611516446031, "최대경사_pct": 0.55697178295965877, "B등급": "양호", "기준선_근처": false, "계단": false, "급한전환": 0 }, "geometry": { "type": "LineString", "coordinates": [ [ 126.9631642, 37.5095502 ], [ 126.9630769, 37.509502400000017 ] ] } },
{ "type": "Feature", "properties": { "u": "6964092884", "v": "7775271115", "key": 0, "highway": "footway", "name": null, "validation_status": "validated", "length_m": 37.288034659004637, "최대경사_pct": 0.95621798375431344, "B등급": "양호", "기준선_근처": true, "계단": false, "급한전환": 1 }, "geometry": { "type": "LineString", "coordinates": [ [ 126.962778699999987, 37.5095385 ], [ 126.9629015, 37.5094049 ], [ 126.9630769, 37.509502400000017 ] ] } },
{ "type": "Feature", "properties": { "u": "2288832800", "v": "4612938749", "key": 0, "highway": "tertiary", "name": "서달로", "validation_status": "validated", "length_m": 40.103341976145124, "최대경사_pct": 0.90947518347915879, "B등급": "양호", "기준선_근처": true, "계단": false, "급한전환": 0 }, "geometry": { "type": "LineString", "coordinates": [ [ 126.9626972, 37.5078977 ], [ 126.9630737, 37.5080992 ] ] } },
{ "type": "Feature", "properties": { "u": "2288832800", "v": "3888649121", "key": 0, "highway": "residential", "name": "서달로14길", "validation_status": "validated", "length_m": 9.2631390625737833, "최대경사_pct": 2.4509372158547356, "B등급": "양호", "기준선_근처": true, "계단": false, "급한전환": 0 }, "geometry": { "type": "LineString", "coordinates": [ [ 126.963176499999989, 37.5080831 ], [ 126.9630737, 37.5080992 ] ] } },
{ "type": "Feature", "properties": { "u": "2288832800", "v": "4612938745", "key": 0, "highway": "residential", "name": "서달로15길", "validation_status": "validated", "length_m": 127.24916262819886, "최대경사_pct": 1.6054495121102539, "B등급": "양호", "기준선_근처": true, "계단": false, "급한전환": 0 }, "geometry": { "type": "LineString", "coordinates": [ [ 126.961892, 37.5087472 ], [ 126.96260460000002, 37.5084113 ], [ 126.96294450000002, 37.508188100000019 ], [ 126.9630737, 37.5080992 ] ] } },
{ "type": "Feature", "properties": { "u": "436883217", "v": "1831853316", "key": 0, "highway": "tertiary", "name": "흑석로", "validation_status": "validated", "length_m": 26.11268572477254, "최대경사_pct": 7.1032823462028816, "B등급": "주의", "기준선_근처": true, "계단": false, "급한전환": 0 }, "geometry": { "type": "LineString", "coordinates": [ [ 126.950385800000021, 37.5046456 ], [ 126.9506374, 37.5047688 ] ] } },
{ "type": "Feature", "properties": { "u": "436883217", "v": "4621482145", "key": 0, "highway": "tertiary", "name": "흑석로", "validation_status": "validated", "length_m": 40.413999544797235, "최대경사_pct": 5.828658561825435, "B등급": "주의", "기준선_근처": true, "계단": false, "급한전환": 0 }, "geometry": { "type": "LineString", "coordinates": [ [ 126.9510926, 37.5048017 ], [ 126.9506374, 37.5047688 ] ] } },
{ "type": "Feature", "properties": { "u": "436883217", "v": "1831853318", "key": 0, "highway": "residential", "name": "양녕로38길", "validation_status": "unobserved", "length_m": 9.519258278247321, "최대경사_pct": 3.5430624393849426, "B등급": "양호", "기준선_근처": true, "계단": false, "급한전환": 0 }, "geometry": { "type": "LineString", "coordinates": [ [ 126.950538599999987, 37.5047996 ], [ 126.950579099999985, 37.5047792 ], [ 126.9506374, 37.5047688 ] ] } },
{ "type": "Feature", "properties": { "u": "1831853316", "v": "2825701323", "key": 0, "highway": "tertiary", "name": "흑석로", "validation_status": "unobserved", "length_m": 14.167055676202178, "최대경사_pct": 7.6043011250034693, "B등급": "주의", "기준선_근처": true, "계단": false, "급한전환": 0 }, "geometry": { "type": "LineString", "coordinates": [ [ 126.9502567, 37.50457 ], [ 126.950385800000021, 37.5046456 ] ] } },
{ "type": "Feature", "properties": { "u": "1831853316", "v": "10239817452", "key": 0, "highway": "residential", "name": null, "validation_status": "unobserved", "length_m": 13.973114390830212, "최대경사_pct": 5.0785306675636601, "B등급": "양호", "기준선_근처": true, "계단": false, "급한전환": 0 }, "geometry": { "type": "LineString", "coordinates": [ [ 126.9504613, 37.5047549 ], [ 126.950449100000014, 37.5047216 ], [ 126.950385800000021, 37.5046456 ] ] } },
{ "type": "Feature", "properties": { "u": "4621482145", "v": "12989020958", "key": 0, "highway": "tertiary", "name": "흑석로", "validation_status": "validated", "length_m": 36.961014312852917, "최대경사_pct": 0.48438133631310148, "B등급": "양호", "기준선_근처": false, "계단": false, "급한전환": 0 }, "geometry": { "type": "LineString", "coordinates": [ [ 126.9515078, 37.5048403 ], [ 126.9510926, 37.5048017 ] ] } },
{ "type": "Feature", "properties": { "u": "4621482145", "v": "2829147725", "key": 0, "highway": "service", "name": "상도로41마길", "validation_status": "validated", "length_m": 39.081960465385471, "최대경사_pct": 0.49205245526742658, "B등급": "양호", "기준선_근처": false, "계단": false, "급한전환": 0 }, "geometry": { "type": "LineString", "coordinates": [ [ 126.9510153, 37.5044608 ], [ 126.9510879, 37.5046153 ], [ 126.9511008, 37.5047236 ], [ 126.9510926, 37.5048017 ] ] } },
{ "type": "Feature", "properties": { "u": "4621482145", "v": "2829147730", "key": 0, "highway": "service", "name": null, "validation_status": "unobserved", "length_m": 38.05979394053157, "최대경사_pct": 0.77833463055661412, "B등급": "양호", "기준선_근처": false, "계단": false, "급한전환": 0 }, "geometry": { "type": "LineString", "coordinates": [ [ 126.9509561, 37.5051239 ], [ 126.9510486, 37.5049733 ], [ 126.951082200000016, 37.504857 ], [ 126.9510926, 37.5048017 ] ] } },
{ "type": "Feature", "properties": { "u": "1831853318", "v": "10239817456", "key": 0, "highway": "residential", "name": null, "validation_status": "unobserved", "length_m": 3.9308177838821368, "최대경사_pct": 2.2380207767591287, "B등급": "양호", "기준선_근처": true, "계단": false, "급한전환": 0 }, "geometry": { "type": "LineString", "coordinates": [ [ 126.950497500000012, 37.5048131 ], [ 126.950538599999987, 37.5047996 ] ] } },
{ "type": "Feature", "properties": { "u": "1831853318", "v": "10239817455", "key": 0, "highway": "residential", "name": "양녕로38길", "validation_status": "unobserved", "length_m": 5.0285921814039174, "최대경사_pct": 0.93700245318771636, "B등급": "양호", "기준선_근처": true, "계단": false, "급한전환": 0 }, "geometry": { "type": "LineString", "coordinates": [ [ 126.9505145, 37.5048404 ], [ 126.9505147, 37.5048376 ], [ 126.950538599999987, 37.5047996 ] ] } },
{ "type": "Feature", "properties": { "u": "436883219", "v": "2824550328", "key": 0, "highway": "tertiary", "name": "흑석로", "validation_status": "validated", "length_m": 12.455176768931, "최대경사_pct": 3.0813896586881264, "B등급": "양호", "기준선_근처": true, "계단": false, "급한전환": 0 }, "geometry": { "type": "LineString", "coordinates": [ [ 126.9536058, 37.5050021 ], [ 126.953745500000011, 37.5050165 ] ] } },
{ "type": "Feature", "properties": { "u": "436883219", "v": "4613243688", "key": 0, "highway": "tertiary", "name": "흑석로", "validation_status": "validated", "length_m": 208.54603934451958, "최대경사_pct": 11.417687476172244, "B등급": "위험", "기준선_근처": true, "계단": false, "급한전환": 0 }, "geometry": { "type": "LineString", "coordinates": [ [ 126.955157700000015, 37.5062686 ], [ 126.954846300000014, 37.5063024 ], [ 126.9547975, 37.506299 ], [ 126.9547505, 37.506290300000011 ], [ 126.95471120000002, 37.5062812 ], [ 126.9546766, 37.5062666 ], [ 126.95464290000001, 37.506249 ], [ 126.9546086, 37.5062253 ], [ 126.9545863, 37.5062008 ], [ 126.954049400000017, 37.5052457 ], [ 126.9539349, 37.5051144 ], [ 126.9538624, 37.505060800000017 ], [ 126.9537858, 37.5050263 ], [ 126.953745500000011, 37.5050165 ] ] } },
{ "type": "Feature", "properties": { "u": "2824550328", "v": "2829147720", "key": 0, "highway": "tertiary", "name": "상도로53길", "validation_status": "validated", "length_m": 20.854493393414664, "최대경사_pct": 2.4752738074556411, "B등급": "양호", "기준선_근처": true, "계단": false, "급한전환": 0 }, "geometry": { "type": "LineString", "coordinates": [ [ 126.953606, 37.5048142 ], [ 126.9536058, 37.5050021 ] ] } },
{ "type": "Feature", "properties": { "u": "2824550328", "v": "4621486060", "key": 0, "highway": "tertiary", "name": "흑석로", "validation_status": "validated", "length_m": 143.5816477867958, "최대경사_pct": 9.6927571119616029, "B등급": "위험", "기준선_근처": true, "계단": false, "급한전환": 0 }, "geometry": { "type": "LineString", "coordinates": [ [ 126.9519886, 37.504885 ], [ 126.9536058, 37.5050021 ] ] } },
{ "type": "Feature", "properties": { "u": "4613243688", "v": "4613243797", "key": 0, "highway": "service", "name": "흑석로3길", "validation_status": "validated", "length_m": 118.29560096361043, "최대경사_pct": 11.612073648875311, "B등급": "위험", "기준선_근처": true, "계단": false, "급한전환": 3 }, "geometry": { "type": "LineString", "coordinates": [ [ 126.9559337, 37.5067407 ], [ 126.9558545, 37.5067222 ], [ 126.955641, 37.506751 ], [ 126.9554843, 37.5068211 ], [ 126.955389900000014, 37.5068261 ], [ 126.9553109, 37.5067807 ], [ 126.9552825, 37.5067312 ], [ 126.955279500000017, 37.506637 ], [ 126.955176, 37.5063928 ], [ 126.955157700000015, 37.5062686 ] ] } },
{ "type": "Feature", "properties": { "u": "4613243688", "v": "2829530627", "key": 0, "highway": "tertiary", "name": "흑석로", "validation_status": "validated", "length_m": 183.13584102930673, "최대경사_pct": 18.593385543891255, "B등급": "위험", "기준선_근처": false, "계단": false, "급한전환": 0 }, "geometry": { "type": "LineString", "coordinates": [ [ 126.9571048, 37.506534 ], [ 126.956780900000012, 37.506421400000015 ], [ 126.956591500000016, 37.5063365 ], [ 126.956426899999983, 37.5062632 ], [ 126.956301100000019, 37.5062061 ], [ 126.9562061, 37.5061734 ], [ 126.9561316, 37.506157 ], [ 126.956025, 37.506154299999984 ], [ 126.955915300000015, 37.5061613 ], [ 126.95569540000001, 37.5061859 ], [ 126.955157700000015, 37.5062686 ] ] } },
{ "type": "Feature", "properties": { "u": "436883255", "v": "2288832802", "key": 0, "highway": "tertiary", "name": "흑석로", "validation_status": "unobserved", "length_m": 25.95383885769035, "최대경사_pct": 0.043142519199695549, "B등급": "양호", "기준선_근처": false, "계단": false, "급한전환": 0 }, "geometry": { "type": "LineString", "coordinates": [ [ 126.961192100000019, 37.5080571 ], [ 126.961084600000021, 37.50783950000001 ] ] } },
{ "type": "Feature", "properties": { "u": "436883255", "v": "3119042928", "key": 0, "highway": "tertiary", "name": "흑석로", "validation_status": "unobserved", "length_m": 14.695273675849579, "최대경사_pct": 0.64843877725363264, "B등급": "양호", "기준선_근처": false, "계단": false, "급한전환": 0 }, "geometry": { "type": "LineString", "coordinates": [ [ 126.961014899999981, 37.5077193 ], [ 126.961084600000021, 37.50783950000001 ] ] } },
{ "type": "Feature", "properties": { "u": "436883255", "v": "5106672539", "key": 0, "highway": "footway", "name": null, "validation_status": "validated", "length_m": 25.338004995330746, "최대경사_pct": 2.930146565514284, "B등급": "양호", "기준선_근처": true, "계단": false, "급한전환": 0 }, "geometry": { "type": "LineString", "coordinates": [ [ 126.9608197, 37.5079266 ], [ 126.961084600000021, 37.50783950000001 ] ] } },
{ "type": "Feature", "properties": { "u": "436883255", "v": "7775271111", "key": 0, "highway": "footway", "name": null, "validation_status": "unobserved", "length_m": 12.827699341540157, "최대경사_pct": 1.2396741789613024, "B등급": "양호", "기준선_근처": true, "계단": false, "급한전환": 0 }, "geometry": { "type": "LineString", "coordinates": [ [ 126.9612202, 37.5077984 ], [ 126.961084600000021, 37.50783950000001 ] ] } },
{ "type": "Feature", "properties": { "u": "2288832802", "v": "4613243607", "key": 0, "highway": "residential", "name": "흑석로", "validation_status": "unobserved", "length_m": 13.644208346639326, "최대경사_pct": 1.7794116368684065, "B등급": "양호", "기준선_근처": true, "계단": false, "급한전환": 0 }, "geometry": { "type": "LineString", "coordinates": [ [ 126.96127730000002, 37.5079546 ], [ 126.961192100000019, 37.5080571 ] ] } },
{ "type": "Feature", "properties": { "u": "2288832802", "v": "436883256", "key": 0, "highway": "tertiary", "name": "흑석로", "validation_status": "unobserved", "length_m": 19.665670797212147, "최대경사_pct": 1.2031838951706735, "B등급": "양호", "기준선_근처": true, "계단": false, "급한전환": 0 }, "geometry": { "type": "LineString", "coordinates": [ [ 126.9612307, 37.5082316 ], [ 126.961192100000019, 37.5080571 ] ] } },
{ "type": "Feature", "properties": { "u": "3119042928", "v": "7775271107", "key": 0, "highway": "tertiary", "name": "흑석로", "validation_status": "validated", "length_m": 13.444448884503206, "최대경사_pct": 0.22709368673580715, "B등급": "양호", "기준선_근처": false, "계단": false, "급한전환": 0 }, "geometry": { "type": "LineString", "coordinates": [ [ 126.9611611, 37.507686 ], [ 126.961014899999981, 37.5077193 ] ] } },
{ "type": "Feature", "properties": { "u": "3119042928", "v": "4613243679", "key": 0, "highway": "tertiary", "name": "흑석로", "validation_status": "validated", "length_m": 41.667157428266194, "최대경사_pct": 1.096895232814902, "B등급": "양호", "기준선_근처": true, "계단": false, "급한전환": 0 }, "geometry": { "type": "LineString", "coordinates": [ [ 126.9605607, 37.5076214 ], [ 126.9606795, 37.5076561 ], [ 126.9607699, 37.5076757 ], [ 126.961014899999981, 37.5077193 ] ] } },
{ "type": "Feature", "properties": { "u": "5106672539", "v": "5106672540", "key": 0, "highway": "footway", "name": null, "validation_status": "validated", "length_m": 39.82656220069434, "최대경사_pct": 0.74881893773551589, "B등급": "양호", "기준선_근처": false, "계단": false, "급한전환": 0 }, "geometry": { "type": "LineString", "coordinates": [ [ 126.9605383, 37.50764640000002 ], [ 126.9608197, 37.5079266 ] ] } },
{ "type": "Feature", "properties": { "u": "5106672539", "v": "436883256", "key": 0, "highway": "footway", "name": null, "validation_status": "validated", "length_m": 51.054926600875191, "최대경사_pct": 1.3231436192736368, "B등급": "양호", "기준선_근처": true, "계단": false, "급한전환": 0 }, "geometry": { "type": "LineString", "coordinates": [ [ 126.9612307, 37.5082316 ], [ 126.9609412, 37.5080884 ], [ 126.9608197, 37.5079266 ] ] } },
{ "type": "Feature", "properties": { "u": "7775271111", "v": "7775271107", "key": 0, "highway": "footway", "name": null, "validation_status": "unobserved", "length_m": 13.525143673596116, "최대경사_pct": 0.99472476761524931, "B등급": "양호", "기준선_근처": true, "계단": false, "급한전환": 0 }, "geometry": { "type": "LineString", "coordinates": [ [ 126.9611611, 37.507686 ], [ 126.9612202, 37.5077984 ] ] } },
{ "type": "Feature", "properties": { "u": "7775271111", "v": "7775271106", "key": 0, "highway": "footway", "name": null, "validation_status": "unobserved", "length_m": 11.474977337440839, "최대경사_pct": 0.62649934034168631, "B등급": "양호", "기준선_근처": false, "계단": false, "급한전환": 0 }, "geometry": { "type": "LineString", "coordinates": [ [ 126.9613447, 37.5078276 ], [ 126.9612202, 37.5077984 ] ] } },
{ "type": "Feature", "properties": { "u": "436883256", "v": "2829530659", "key": 0, "highway": "tertiary", "name": "흑석로", "validation_status": "validated", "length_m": 43.372761517707275, "최대경사_pct": 0.13044295335555547, "B등급": "양호", "기준선_근처": false, "계단": false, "급한전환": 0 }, "geometry": { "type": "LineString", "coordinates": [ [ 126.9614534, 37.5085798 ], [ 126.9613654, 37.5084419 ], [ 126.9612307, 37.5082316 ] ] } },
{ "type": "Feature", "properties": { "u": "2829530659", "v": "2829530656", "key": 0, "highway": "tertiary", "name": "흑석로", "validation_status": "validated", "length_m": 40.739752422104345, "최대경사_pct": 0.2360616419555939, "B등급": "양호", "기준선_근처": false, "계단": false, "급한전환": 0 }, "geometry": { "type": "LineString", "coordinates": [ [ 126.9616846, 37.508897 ], [ 126.961610400000012, 37.508808 ], [ 126.9614534, 37.5085798 ] ] } },
{ "type": "Feature", "properties": { "u": "2829530659", "v": "4613247248", "key": 0, "highway": "service", "name": "흑석로13길", "validation_status": "validated", "length_m": 21.842206024883644, "최대경사_pct": 3.1865717197926817, "B등급": "양호", "기준선_근처": true, "계단": false, "급한전환": 1 }, "geometry": { "type": "LineString", "coordinates": [ [ 126.9613172, 37.508721100000017 ], [ 126.9613378, 37.5086313 ], [ 126.9614534, 37.5085798 ] ] } },
{ "type": "Feature", "properties": { "u": "436883262", "v": "7775271115", "key": 0, "highway": "tertiary", "name": "흑석로", "validation_status": "unobserved", "length_m": 19.561020772554123, "최대경사_pct": 2.452570270108219, "B등급": "양호", "기준선_근처": true, "계단": false, "급한전환": 0 }, "geometry": { "type": "LineString", "coordinates": [ [ 126.962778699999987, 37.5095385 ], [ 126.9629585, 37.5096412 ] ] } },
{ "type": "Feature", "properties": { "u": "436883262", "v": "13392271803", "key": 0, "highway": "tertiary", "name": "흑석로", "validation_status": "unobserved", "length_m": 9.3920799500337591, "최대경사_pct": 0.85620936222329469, "B등급": "양호", "기준선_근처": false, "계단": false, "급한전환": 0 }, "geometry": { "type": "LineString", "coordinates": [ [ 126.963046500000019, 37.5096886 ], [ 126.9630066, 37.5096671 ], [ 126.9629585, 37.5096412 ] ] } },
{ "type": "Feature", "properties": { "u": "436883262", "v": "2829530651", "key": 0, "highway": "primary", "name": "현충로", "validation_status": "unobserved", "length_m": 218.25928287283378, "최대경사_pct": 7.783006144198322, "B등급": "주의", "기준선_근처": true, "계단": false, "급한전환": 0 }, "geometry": { "type": "LineString", "coordinates": [ [ 126.961501100000021, 37.511224900000016 ], [ 126.9618337, 37.5109281 ], [ 126.9623698, 37.5103513 ], [ 126.9629585, 37.5096412 ] ] } },
{ "type": "Feature", "properties": { "u": "7775271115", "v": "2829530656", "key": 0, "highway": "tertiary", "name": "흑석로", "validation_status": "validated", "length_m": 120.12326459497493, "최대경사_pct": 2.4418621503954472, "B등급": "양호", "기준선_근처": true, "계단": false, "급한전환": 0 }, "geometry": { "type": "LineString", "coordinates": [ [ 126.9616846, 37.508897 ], [ 126.96173610000001, 37.5089249 ], [ 126.9623483, 37.5092926 ], [ 126.962778699999987, 37.5095385 ] ] } },
{ "type": "Feature", "properties": { "u": "13392271803", "v": "3215381025", "key": 0, "highway": "primary", "name": "현충로", "validation_status": "unobserved", "length_m": 503.6710737976623, "최대경사_pct": 11.993106887886345, "B등급": "위험", "기준선_근처": true, "계단": false, "급한전환": 0 }, "geometry": { "type": "LineString", "coordinates": [ [ 126.958717, 37.5123908 ], [ 126.9600561, 37.5120275 ], [ 126.9603672, 37.5119349 ], [ 126.9610419, 37.5116282 ], [ 126.9613161, 37.5114767 ], [ 126.961564200000012, 37.5112763 ], [ 126.962051, 37.5108217 ], [ 126.963046500000019, 37.5096886 ] ] } },
{ "type": "Feature", "properties": { "u": "13392271803", "v": "13392265479", "key": 0, "highway": "primary", "name": "현충로", "validation_status": "unobserved", "length_m": 18.555500766544874, "최대경사_pct": 4.4061415171774954, "B등급": "양호", "기준선_근처": true, "계단": false, "급한전환": 0 }, "geometry": { "type": "LineString", "coordinates": [ [ 126.9631642, 37.5095502 ], [ 126.9631031, 37.509624100000011 ], [ 126.963046500000019, 37.5096886 ] ] } },
{ "type": "Feature", "properties": { "u": "2829530651", "v": "4613243640", "key": 0, "highway": "primary", "name": "현충로", "validation_status": "unobserved", "length_m": 57.847757567772234, "최대경사_pct": 5.1009784907774387, "B등급": "양호", "기준선_근처": true, "계단": false, "급한전환": 0 }, "geometry": { "type": "LineString", "coordinates": [ [ 126.9610049, 37.5115603 ], [ 126.961244300000018, 37.5114337 ], [ 126.961501100000021, 37.511224900000016 ] ] } },
{ "type": "Feature", "properties": { "u": "2829530651", "v": "5819694070", "key": 0, "highway": "tertiary", "name": "현충로4길", "validation_status": "unobserved", "length_m": 135.07748250814421, "최대경사_pct": 3.9246597634860998, "B등급": "양호", "기준선_근처": true, "계단": false, "급한전환": 0 }, "geometry": { "type": "LineString", "coordinates": [ [ 126.9605879, 37.5102498 ], [ 126.96068360000001, 37.5103495 ], [ 126.960992, 37.5106537 ], [ 126.961336799999984, 37.5110387 ], [ 126.961501100000021, 37.511224900000016 ] ] } },
{ "type": "Feature", "properties": { "u": "570818861", "v": "5826295507", "key": 0, "highway": "primary", "name": "노량진로", "validation_status": "unobserved", "length_m": 117.18701093103002, "최대경사_pct": 4.2148865797139567, "B등급": "양호", "기준선_근처": true, "계단": false, "급한전환": 0 }, "geometry": { "type": "LineString", "coordinates": [ [ 126.947896200000017, 37.5131295 ], [ 126.946617299999986, 37.513407 ] ] } },
{ "type": "Feature", "properties": { "u": "570818861", "v": "4613466571", "key": 0, "highway": "primary", "name": "노량진로", "validation_status": "unobserved", "length_m": 12.04163279322181, "최대경사_pct": 0.3922372071687944, "B등급": "양호", "기준선_근처": false, "계단": false, "급한전환": 0 }, "geometry": { "type": "LineString", "coordinates": [ [ 126.9464845, 37.5134311 ], [ 126.946617299999986, 37.513407 ] ] } },
{ "type": "Feature", "properties": { "u": "570818861", "v": "5852845203", "key": 0, "highway": "primary_link", "name": "노량진로17길", "validation_status": "unobserved", "length_m": 13.096261827177081, "최대경사_pct": 3.3532085686043565, "B등급": "양호", "기준선_근처": true, "계단": false, "급한전환": 0 }, "geometry": { "type": "LineString", "coordinates": [ [ 126.9466536, 37.513521400000045 ], [ 126.946637699999982, 37.5134714 ], [ 126.9466239, 37.5134277 ], [ 126.946617299999986, 37.513407 ] ] } },
{ "type": "Feature", "properties": { "u": "5826295507", "v": "1994676560", "key": 0, "highway": "primary", "name": "노량진로", "validation_status": "unobserved", "length_m": 33.960276862997567, "최대경사_pct": 1.4084441585831204, "B등급": "양호", "기준선_근처": true, "계단": false, "급한전환": 0 }, "geometry": { "type": "LineString", "coordinates": [ [ 126.948243100000013, 37.512998100000026 ], [ 126.947896200000017, 37.5131295 ] ] } },
{ "type": "Feature", "properties": { "u": "5826295507", "v": "8757685938", "key": 0, "highway": "busway", "name": "노량진로", "validation_status": "unobserved", "length_m": 142.31044493809804, "최대경사_pct": 4.4165869067526415, "B등급": "양호", "기준선_근처": true, "계단": false, "급한전환": 0 }, "geometry": { "type": "LineString", "coordinates": [ [ 126.949455, 37.5128139 ], [ 126.9490227, 37.5129057 ], [ 126.948534099999989, 37.513024800000025 ], [ 126.947896200000017, 37.5131295 ] ] } },
{ "type": "Feature", "properties": { "u": "4613466571", "v": "6451784338", "key": 0, "highway": "residential", "name": "만양로18길", "validation_status": "unobserved", "length_m": 4.4356005490449153, "최대경사_pct": 0.457440619645754, "B등급": "양호", "기준선_근처": false, "계단": false, "급한전환": 0 }, "geometry": { "type": "LineString", "coordinates": [ [ 126.9464715, 37.5133925 ], [ 126.9464845, 37.5134311 ] ] } },
{ "type": "Feature", "properties": { "u": "5852845203", "v": "8757685963", "key": 0, "highway": "tertiary", "name": "노량진로17길", "validation_status": "unobserved", "length_m": 10.345025121657059, "최대경사_pct": 5.9081640166218312, "B등급": "주의", "기준선_근처": true, "계단": false, "급한전환": 0 }, "geometry": { "type": "LineString", "coordinates": [ [ 126.946690700000019, 37.5136098 ], [ 126.9466536, 37.513521400000045 ] ] } },
{ "type": "Feature", "properties": { "u": "5852845203", "v": "3215381040", "key": 0, "highway": "primary", "name": "노량진로", "validation_status": "unobserved", "length_m": 45.455065531473949, "최대경사_pct": 3.0464996487801139, "B등급": "양호", "기준선_근처": true, "계단": false, "급한전환": 0 }, "geometry": { "type": "LineString", "coordinates": [ [ 126.947148, 37.513409 ], [ 126.9468016, 37.513487800000014 ], [ 126.9466536, 37.513521400000045 ] ] } },
{ "type": "Feature", "properties": { "u": "8757692551", "v": "5211005701", "key": 0, "highway": "footway", "name": null, "validation_status": "unobserved", "length_m": 331.87500675443681, "최대경사_pct": 1.3922165574886725, "B등급": "양호", "기준선_근처": true, "계단": false, "급한전환": 1 }, "geometry": { "type": "LineString", "coordinates": [ [ 126.9556483, 37.5136261 ], [ 126.95562390000002, 37.513596 ], [ 126.9556454, 37.5135513 ], [ 126.955644, 37.5135269 ], [ 126.9556226, 37.513495 ], [ 126.9554885, 37.5134003 ], [ 126.955058, 37.5131578 ], [ 126.954697200000012, 37.512979 ], [ 126.954360599999987, 37.5129143 ], [ 126.953882600000014, 37.5128903 ], [ 126.953463299999981, 37.512841 ], [ 126.952531399999984, 37.5128635 ], [ 126.952419100000014, 37.5129044 ], [ 126.9522834, 37.5128933 ] ] } },
{ "type": "Feature", "properties": { "u": "8757692551", "v": "8757685956", "key": 0, "highway": "footway", "name": null, "validation_status": "unobserved", "length_m": 136.68104946199148, "최대경사_pct": 3.8018570888782048, "B등급": "양호", "기준선_근처": true, "계단": false, "급한전환": 0 }, "geometry": { "type": "LineString", "coordinates": [ [ 126.9507453, 37.5128835 ], [ 126.9512086, 37.5128727 ], [ 126.9520679, 37.5128527 ], [ 126.9521531, 37.5128787 ], [ 126.9522834, 37.5128933 ] ] } },
{ "type": "Feature", "properties": { "u": "8757685936", "v": "5826295506", "key": 0, "highway": "primary", "name": "노량진로", "validation_status": "unobserved", "length_m": 77.121013210830611, "최대경사_pct": 4.4846227553353559, "B등급": "양호", "기준선_근처": true, "계단": false, "급한전환": 0 }, "geometry": { "type": "LineString", "coordinates": [ [ 126.949855600000021, 37.512824 ], [ 126.9507279, 37.5128211 ] ] } },
{ "type": "Feature", "properties": { "u": "8757685936", "v": "8757685956", "key": 0, "highway": "footway", "name": null, "validation_status": "unobserved", "length_m": 7.0944014237210009, "최대경사_pct": 8.3679449422887942, "B등급": "위험", "기준선_근처": true, "계단": false, "급한전환": 0 }, "geometry": { "type": "LineString", "coordinates": [ [ 126.9507453, 37.5128835 ], [ 126.9507279, 37.5128211 ] ] } },
{ "type": "Feature", "properties": { "u": "8757685936", "v": "8757685935", "key": 0, "highway": "footway", "name": null, "validation_status": "unobserved", "length_m": 9.2355148172263668, "최대경사_pct": 8.3333333333333321, "B등급": "주의", "기준선_근처": true, "계단": false, "급한전환": 0 }, "geometry": { "type": "LineString", "coordinates": [ [ 126.950726100000011, 37.5127379 ], [ 126.9507279, 37.5128211 ] ] } },
{ "type": "Feature", "properties": { "u": "8757685935", "v": "5826295506", "key": 0, "highway": "busway", "name": "노량진로", "validation_status": "unobserved", "length_m": 77.552244334843692, "최대경사_pct": 4.4596859024029252, "B등급": "양호", "기준선_근처": true, "계단": false, "급한전환": 0 }, "geometry": { "type": "LineString", "coordinates": [ [ 126.949855600000021, 37.512824 ], [ 126.950726100000011, 37.5127379 ] ] } },
{ "type": "Feature", "properties": { "u": "8757685935", "v": "8757685934", "key": 0, "highway": "footway", "name": null, "validation_status": "unobserved", "length_m": 6.0373277210392455, "최대경사_pct": 9.145578068882271, "B등급": "위험", "기준선_근처": true, "계단": false, "급한전환": 0 }, "geometry": { "type": "LineString", "coordinates": [ [ 126.9507319, 37.5126837 ], [ 126.950726100000011, 37.5127379 ] ] } },
{ "type": "Feature", "properties": { "u": "4644112573", "v": "4644112576", "key": 0, "highway": "residential", "name": null, "validation_status": "unobserved", "length_m": 105.18457405402195, "최대경사_pct": 4.4900816895458, "B등급": "양호", "기준선_근처": true, "계단": false, "급한전환": 0 }, "geometry": { "type": "LineString", "coordinates": [ [ 126.949717400000011, 37.5048292 ], [ 126.9498754, 37.5050157 ], [ 126.9500244, 37.5051223 ], [ 126.9501787, 37.50527360000001 ], [ 126.9503995, 37.50559710000001 ] ] } },
{ "type": "Feature", "properties": { "u": "4613249930", "v": "8757719538", "key": 0, "highway": "residential", "name": "노량진로28길", "validation_status": "unobserved", "length_m": 18.566090198437202, "최대경사_pct": 3.9705707046176464, "B등급": "양호", "기준선_근처": true, "계단": false, "급한전환": 0 }, "geometry": { "type": "LineString", "coordinates": [ [ 126.954929199999981, 37.512564 ], [ 126.9548318, 37.5127122 ] ] } },
{ "type": "Feature", "properties": { "u": "4613249930", "v": "3215381031", "key": 0, "highway": "primary", "name": "양녕로", "validation_status": "unobserved", "length_m": 78.88841570756135, "최대경사_pct": 3.5389715692290808, "B등급": "양호", "기준선_근처": true, "계단": false, "급한전환": 0 }, "geometry": { "type": "LineString", "coordinates": [ [ 126.955556, 37.5131255 ], [ 126.955240500000016, 37.5129253 ], [ 126.9550137, 37.512797 ], [ 126.9548318, 37.5127122 ] ] } },
{ "type": "Feature", "properties": { "u": "4613249918", "v": "4613270071", "key": 0, "highway": "residential", "name": "노량진로26길", "validation_status": "unobserved", "length_m": 16.922036620531042, "최대경사_pct": 3.8448616606082515, "B등급": "양호", "기준선_근처": true, "계단": false, "급한전환": 0 }, "geometry": { "type": "LineString", "coordinates": [ [ 126.9543721, 37.5121204 ], [ 126.95441910000001, 37.5122682 ] ] } },
{ "type": "Feature", "properties": { "u": "4613249918", "v": "8757719538", "key": 0, "highway": "footway", "name": null, "validation_status": "unobserved", "length_m": 55.782376488592121, "최대경사_pct": 0.038393451395434632, "B등급": "양호", "기준선_근처": false, "계단": false, "급한전환": 0 }, "geometry": { "type": "LineString", "coordinates": [ [ 126.954929199999981, 37.512564 ], [ 126.95441910000001, 37.5122682 ] ] } },
{ "type": "Feature", "properties": { "u": "4613249918", "v": "8757719544", "key": 0, "highway": "footway", "name": null, "validation_status": "validated", "length_m": 196.36779734949391, "최대경사_pct": 11.46753611679827, "B등급": "위험", "기준선_근처": true, "계단": false, "급한전환": 0 }, "geometry": { "type": "LineString", "coordinates": [ [ 126.9534856, 37.5106765 ], [ 126.953703, 37.5111019 ], [ 126.953900300000015, 37.5115465 ], [ 126.954090599999986, 37.5118789 ], [ 126.954244700000018, 37.512116 ], [ 126.9543334, 37.5121956 ], [ 126.95441910000001, 37.5122682 ] ] } },
{ "type": "Feature", "properties": { "u": "2829530351", "v": "1831853301", "key": 0, "highway": "primary", "name": "양녕로", "validation_status": "validated", "length_m": 788.65325059684983, "최대경사_pct": 31.291271870864534, "B등급": "위험", "기준선_근처": false, "계단": false, "급한전환": 0 }, "geometry": { "type": "LineString", "coordinates": [ [ 126.950465, 37.505297 ], [ 126.950916, 37.506088399999989 ], [ 126.953324, 37.5107716 ], [ 126.95372620000002, 37.5116269 ], [ 126.9538699, 37.5118631 ] ] } },
{ "type": "Feature", "properties": { "u": "2829530351", "v": "2829530357", "key": 0, "highway": "residential", "name": "노량진로24길", "validation_status": "validated", "length_m": 143.69922833043455, "최대경사_pct": 11.659572737425208, "B등급": "위험", "기준선_근처": true, "계단": false, "급한전환": 0 }, "geometry": { "type": "LineString", "coordinates": [ [ 126.9533958, 37.5106437 ], [ 126.953465, 37.5107308 ], [ 126.9535056, 37.5108598 ], [ 126.9536357, 37.5111436 ], [ 126.9537414, 37.511379 ], [ 126.9538878, 37.5116789 ], [ 126.9538699, 37.5118631 ] ] } },
{ "type": "Feature", "properties": { "u": "1829429056", "v": "2886858282", "key": 0, "highway": "service", "name": "상도로36길", "validation_status": "unobserved", "length_m": 44.552326895299871, "최대경사_pct": 0.94430708423404985, "B등급": "양호", "기준선_근처": true, "계단": false, "급한전환": 0 }, "geometry": { "type": "LineString", "coordinates": [ [ 126.9472607, 37.5037354 ], [ 126.946839, 37.5035157 ] ] } },
{ "type": "Feature", "properties": { "u": "1829429056", "v": "1829429058", "key": 0, "highway": "service", "name": "상도로36길", "validation_status": "unobserved", "length_m": 42.504576189210802, "최대경사_pct": 0.12099850083219603, "B등급": "양호", "기준선_근처": false, "계단": false, "급한전환": 0 }, "geometry": { "type": "LineString", "coordinates": [ [ 126.946436600000013, 37.5033062 ], [ 126.946839, 37.5035157 ] ] } },
{ "type": "Feature", "properties": { "u": "1829429044", "v": "1829429058", "key": 0, "highway": "service", "name": "상도로34나길", "validation_status": "unobserved", "length_m": 74.541428299916959, "최대경사_pct": 1.0997151461133796, "B등급": "양호", "기준선_근처": true, "계단": false, "급한전환": 0 }, "geometry": { "type": "LineString", "coordinates": [ [ 126.946436600000013, 37.5033062 ], [ 126.9469231, 37.5027577 ] ] } },
{ "type": "Feature", "properties": { "u": "1829429044", "v": "12857612858", "key": 0, "highway": "service", "name": null, "validation_status": "unobserved", "length_m": 95.306373829632847, "최대경사_pct": 4.7329804501274033, "B등급": "양호", "기준선_근처": true, "계단": false, "급한전환": 0 }, "geometry": { "type": "LineString", "coordinates": [ [ 126.947549, 37.5020586 ], [ 126.9469231, 37.5027577 ] ] } },
{ "type": "Feature", "properties": { "u": "1829429044", "v": "2825695791", "key": 0, "highway": "secondary", "name": "양녕로", "validation_status": "unobserved", "length_m": 30.242135351377737, "최대경사_pct": 16.80633664291663, "B등급": "위험", "기준선_근처": false, "계단": false, "급한전환": 0 }, "geometry": { "type": "LineString", "coordinates": [ [ 126.9466539, 37.5025898 ], [ 126.9467141, 37.5026315 ], [ 126.9469231, 37.5027577 ] ] } },
{ "type": "Feature", "properties": { "u": "4621509674", "v": "4621509675", "key": 0, "highway": "service", "name": "상도로38길", "validation_status": "unobserved", "length_m": 140.32516663784344, "최대경사_pct": 1.8584892348723503, "B등급": "양호", "기준선_근처": true, "계단": false, "급한전환": 0 }, "geometry": { "type": "LineString", "coordinates": [ [ 126.9487898, 37.5012141 ], [ 126.9479039, 37.5022631 ] ] } },
{ "type": "Feature", "properties": { "u": "4621509674", "v": "13597219416", "key": 0, "highway": "service", "name": "상도로38길", "validation_status": "unobserved", "length_m": 34.266654072424465, "최대경사_pct": 1.001944560763069, "B등급": "양호", "기준선_근처": true, "계단": false, "급한전환": 0 }, "geometry": { "type": "LineString", "coordinates": [ [ 126.9482201, 37.5024416 ], [ 126.9479039, 37.5022631 ] ] } },
{ "type": "Feature", "properties": { "u": "4621509674", "v": "12857612858", "key": 0, "highway": "service", "name": "상도로38길", "validation_status": "unobserved", "length_m": 38.728971313623219, "최대경사_pct": 2.0037963792089641, "B등급": "양호", "기준선_근처": true, "계단": false, "급한전환": 0 }, "geometry": { "type": "LineString", "coordinates": [ [ 126.947549, 37.5020586 ], [ 126.9479039, 37.5022631 ] ] } },
{ "type": "Feature", "properties": { "u": "12857612858", "v": "4621505856", "key": 0, "highway": "service", "name": "상도로38길", "validation_status": "unobserved", "length_m": 26.186610901285263, "최대경사_pct": 11.163685252051229, "B등급": "위험", "기준선_근처": true, "계단": false, "급한전환": 0 }, "geometry": { "type": "LineString", "coordinates": [ [ 126.9473049, 37.501925 ], [ 126.947549, 37.5020586 ] ] } },
{ "type": "Feature", "properties": { "u": "2886858282", "v": "2290052292", "key": 0, "highway": "primary", "name": "상도로", "validation_status": "unobserved", "length_m": 51.488131292281537, "최대경사_pct": 0.021557374575268774, "B등급": "양호", "기준선_근처": false, "계단": false, "급한전환": 0 }, "geometry": { "type": "LineString", "coordinates": [ [ 126.946919099999988, 37.50411110000001 ], [ 126.9472607, 37.5037354 ] ] } },
{ "type": "Feature", "properties": { "u": "2886858282", "v": "10265961153", "key": 0, "highway": "service", "name": "상도로", "validation_status": "unobserved", "length_m": 51.155681131872576, "최대경사_pct": 5.8888692129979843, "B등급": "주의", "기준선_근처": true, "계단": false, "급한전환": 0 }, "geometry": { "type": "LineString", "coordinates": [ [ 126.9477461, 37.5039862 ], [ 126.9472607, 37.5037354 ] ] } },
{ "type": "Feature", "properties": { "u": "1831853297", "v": "4644112576", "key": 0, "highway": "residential", "name": "매봉로", "validation_status": "bridged", "length_m": 3.8998308276993492, "최대경사_pct": 14.104284169516237, "B등급": "위험", "기준선_근처": false, "계단": false, "급한전환": 0 }, "geometry": { "type": "LineString", "coordinates": [ [ 126.949717400000011, 37.5048292 ], [ 126.949711300000018, 37.5047944 ] ] } },
{ "type": "Feature", "properties": { "u": "1831853297", "v": "4621496740", "key": 0, "highway": "service", "name": "상도로", "validation_status": "validated", "length_m": 86.916034356560402, "최대경사_pct": 5.6602875265007491, "B등급": "주의", "기준선_근처": true, "계단": false, "급한전환": 0 }, "geometry": { "type": "LineString", "coordinates": [ [ 126.9488877, 37.5043703 ], [ 126.949543300000016, 37.5047329 ], [ 126.949711300000018, 37.5047944 ] ] } },
{ "type": "Feature", "properties": { "u": "4644112576", "v": "1831853312", "key": 0, "highway": "residential", "name": "매봉로", "validation_status": "validated", "length_m": 20.587189433903323, "최대경사_pct": 15.200724081781209, "B등급": "위험", "기준선_근처": false, "계단": false, "급한전환": 0 }, "geometry": { "type": "LineString", "coordinates": [ [ 126.9497761, 37.5050087 ], [ 126.949717400000011, 37.5048292 ] ] } },
{ "type": "Feature", "properties": { "u": "4621496740", "v": "10265961154", "key": 0, "highway": "service", "name": "상도로", "validation_status": "validated", "length_m": 107.47719281043913, "최대경사_pct": 2.1241340628148921, "B등급": "양호", "기준선_근처": true, "계단": false, "급한전환": 0 }, "geometry": { "type": "LineString", "coordinates": [ [ 126.9478883, 37.5038191 ], [ 126.9488877, 37.5043703 ] ] } },
{ "type": "Feature", "properties": { "u": "4621496740", "v": "4621496741", "key": 0, "highway": "service", "name": null, "validation_status": "validated", "length_m": 27.299004616756214, "최대경사_pct": 10.029615268345122, "B등급": "위험", "기준선_근처": true, "계단": false, "급한전환": 0 }, "geometry": { "type": "LineString", "coordinates": [ [ 126.948714100000018, 37.5045737 ], [ 126.9488877, 37.5043703 ] ] } },
{ "type": "Feature", "properties": { "u": "1831853301", "v": "10239817464", "key": 0, "highway": "primary", "name": "양녕로", "validation_status": "unobserved", "length_m": 113.97410500747746, "최대경사_pct": 7.6062190990390706, "B등급": "주의", "기준선_근처": true, "계단": false, "급한전환": 0 }, "geometry": { "type": "LineString", "coordinates": [ [ 126.949881499999989, 37.5043834 ], [ 126.9499189, 37.5044149 ], [ 126.950465, 37.505297 ] ] } },
{ "type": "Feature", "properties": { "u": "1831853301", "v": "10239817432", "key": 0, "highway": "residential", "name": null, "validation_status": "unobserved", "length_m": 53.164002867670256, "최대경사_pct": 6.02391977884339, "B등급": "주의", "기준선_근처": true, "계단": false, "급한전환": 0 }, "geometry": { "type": "LineString", "coordinates": [ [ 126.9504544, 37.5048272 ], [ 126.9504172, 37.504918 ], [ 126.950409599999986, 37.5050556 ], [ 126.950425100000018, 37.5051598 ], [ 126.950465, 37.505297 ] ] } },
{ "type": "Feature", "properties": { "u": "10239817464", "v": "2825701323", "key": 0, "highway": "tertiary", "name": "흑석로", "validation_status": "validated", "length_m": 39.373794324416366, "최대경사_pct": 8.3005962271729565, "B등급": "주의", "기준선_근처": true, "계단": false, "급한전환": 0 }, "geometry": { "type": "LineString", "coordinates": [ [ 126.9502567, 37.50457 ], [ 126.9499845, 37.5044138 ], [ 126.949881499999989, 37.5043834 ] ] } },
{ "type": "Feature", "properties": { "u": "10239817432", "v": "10239817456", "key": 0, "highway": "residential", "name": null, "validation_status": "unobserved", "length_m": 4.1196933235769411, "최대경사_pct": 1.5093312513051771, "B등급": "양호", "기준선_근처": true, "계단": false, "급한전환": 0 }, "geometry": { "type": "LineString", "coordinates": [ [ 126.950497500000012, 37.5048131 ], [ 126.9504544, 37.5048272 ] ] } },
{ "type": "Feature", "properties": { "u": "10239817432", "v": "10239817452", "key": 0, "highway": "residential", "name": null, "validation_status": "unobserved", "length_m": 8.118018886890825, "최대경사_pct": 2.8365911896052984, "B등급": "양호", "기준선_근처": true, "계단": false, "급한전환": 0 }, "geometry": { "type": "LineString", "coordinates": [ [ 126.9504613, 37.5047549 ], [ 126.950464400000016, 37.50478480000001 ], [ 126.9504544, 37.5048272 ] ] } },
{ "type": "Feature", "properties": { "u": "1831853303", "v": "10239817444", "key": 0, "highway": "residential", "name": "양녕로38길", "validation_status": "unobserved", "length_m": 16.277960131147424, "최대경사_pct": 9.3954613389704171, "B등급": "위험", "기준선_근처": true, "계단": false, "급한전환": 0 }, "geometry": { "type": "LineString", "coordinates": [ [ 126.9509815, 37.5062835 ], [ 126.9510132, 37.506263 ], [ 126.951039600000016, 37.5062154 ], [ 126.951050400000014, 37.506153900000022 ] ] } },
{ "type": "Feature", "properties": { "u": "1831853303", "v": "1831853337", "key": 0, "highway": "residential", "name": "양녕로38길", "validation_status": "unobserved", "length_m": 67.772871252475483, "최대경사_pct": 6.6054029463943174, "B등급": "주의", "기준선_근처": true, "계단": false, "급한전환": 0 }, "geometry": { "type": "LineString", "coordinates": [ [ 126.950767199999987, 37.505586799999989 ], [ 126.9510127, 37.5060591 ], [ 126.951050400000014, 37.506153900000022 ] ] } },
{ "type": "Feature", "properties": { "u": "1831853303", "v": "2824550239", "key": 0, "highway": "service", "name": "강남초등2길", "validation_status": "validated", "length_m": 105.21723089473528, "최대경사_pct": 4.4391789388362533, "B등급": "양호", "기준선_근처": true, "계단": false, "급한전환": 0 }, "geometry": { "type": "LineString", "coordinates": [ [ 126.9520962, 37.506498699999987 ], [ 126.9514211, 37.5064155 ], [ 126.951253200000011, 37.50635230000001 ], [ 126.951050400000014, 37.506153900000022 ] ] } },
{ "type": "Feature", "properties": { "u": "10239817444", "v": "10239817451", "key": 0, "highway": "residential", "name": [ "양녕로38길", "매봉로" ], "validation_status": "unobserved", "length_m": 21.301207046195216, "최대경사_pct": 3.9321851692773295, "B등급": "양호", "기준선_근처": true, "계단": false, "급한전환": 0 }, "geometry": { "type": "LineString", "coordinates": [ [ 126.950754500000016, 37.506334800000012 ], [ 126.9508025, 37.5063371 ], [ 126.95086910000002, 37.5063227 ], [ 126.9509624, 37.5062959 ], [ 126.9509815, 37.5062835 ] ] } },
{ "type": "Feature", "properties": { "u": "10239817444", "v": "4626178456", "key": 0, "highway": "residential", "name": null, "validation_status": "unobserved", "length_m": 24.5272584116777, "최대경사_pct": 3.5965499810248143, "B등급": "양호", "기준선_근처": true, "계단": false, "급한전환": 0 }, "geometry": { "type": "LineString", "coordinates": [ [ 126.950976, 37.5065031 ], [ 126.9509727, 37.5064514 ], [ 126.950964099999979, 37.506384 ], [ 126.9509754, 37.5063271 ], [ 126.9509815, 37.5062835 ] ] } },
{ "type": "Feature", "properties": { "u": "1831853337", "v": "4621488493", "key": 0, "highway": "residential", "name": "양녕로38길", "validation_status": "unobserved", "length_m": 11.002984918206407, "최대경사_pct": 1.2792078691932691, "B등급": "양호", "기준선_근처": true, "계단": false, "급한전환": 0 }, "geometry": { "type": "LineString", "coordinates": [ [ 126.9507087, 37.5054993 ], [ 126.950767199999987, 37.505586799999989 ] ] } },
{ "type": "Feature", "properties": { "u": "1831853337", "v": "4621488500", "key": 0, "highway": "service", "name": "강남초등4길", "validation_status": "unobserved", "length_m": 57.950539944155778, "최대경사_pct": 9.2336668121668453, "B등급": "위험", "기준선_근처": true, "계단": false, "급한전환": 0 }, "geometry": { "type": "LineString", "coordinates": [ [ 126.9514195, 37.5056376 ], [ 126.950767199999987, 37.505586799999989 ] ] } },
{ "type": "Feature", "properties": { "u": "2824550239", "v": "4621488498", "key": 0, "highway": "residential", "name": "강남초등길", "validation_status": "validated", "length_m": 86.007948877346365, "최대경사_pct": 7.9985564481656084, "B등급": "주의", "기준선_근처": true, "계단": false, "급한전환": 0 }, "geometry": { "type": "LineString", "coordinates": [ [ 126.9522467, 37.5057331 ], [ 126.9521762, 37.5060831 ], [ 126.9520962, 37.506498699999987 ] ] } },
{ "type": "Feature", "properties": { "u": "2824550239", "v": "2824550237", "key": 0, "highway": "residential", "name": "강남초등길", "validation_status": "validated", "length_m": 48.685450143473972, "최대경사_pct": 2.2064479341965417, "B등급": "양호", "기준선_근처": true, "계단": false, "급한전환": 0 }, "geometry": { "type": "LineString", "coordinates": [ [ 126.9520257, 37.5069336 ], [ 126.952055700000017, 37.5067043 ], [ 126.9520962, 37.506498699999987 ] ] } },
{ "type": "Feature", "properties": { "u": "1831853312", "v": "10239817451", "key": 0, "highway": "residential", "name": "매봉로", "validation_status": "unobserved", "length_m": 176.15486883800548, "최대경사_pct": 2.7384374314232542, "B등급": "양호", "기준선_근처": true, "계단": false, "급한전환": 0 }, "geometry": { "type": "LineString", "coordinates": [ [ 126.950754500000016, 37.506334800000012 ], [ 126.9507302, 37.5063337 ], [ 126.950633600000018, 37.5063 ], [ 126.950581500000013, 37.506253 ], [ 126.9505495, 37.5061994 ], [ 126.950151, 37.5053835 ], [ 126.950057900000019, 37.5052627 ], [ 126.949835900000011, 37.5051053 ], [ 126.9497761, 37.5050087 ] ] } },
{ "type": "Feature", "properties": { "u": "1831853312", "v": "14136808385", "key": 0, "highway": "service", "name": null, "validation_status": "validated", "length_m": 50.097213472493181, "최대경사_pct": 5.0415166469810542, "B등급": "양호", "기준선_근처": true, "계단": false, "급한전환": 0 }, "geometry": { "type": "LineString", "coordinates": [ [ 126.949257, 37.5051863 ], [ 126.9493821, 37.5051309 ], [ 126.949631599999989, 37.5050439 ], [ 126.9497761, 37.5050087 ] ] } },
{ "type": "Feature", "properties": { "u": "10239817451", "v": "4626178456", "key": 0, "highway": "residential", "name": null, "validation_status": "unobserved", "length_m": 27.202950265383855, "최대경사_pct": 6.9900279993071024, "B등급": "주의", "기준선_근처": true, "계단": false, "급한전환": 0 }, "geometry": { "type": "LineString", "coordinates": [ [ 126.950976, 37.5065031 ], [ 126.9509185, 37.5064587 ], [ 126.950858, 37.5064036 ], [ 126.9508155, 37.5063673 ], [ 126.950754500000016, 37.506334800000012 ] ] } },
{ "type": "Feature", "properties": { "u": "14136808385", "v": "14136808384", "key": 0, "highway": "service", "name": null, "validation_status": "validated", "length_m": 78.720272132920741, "최대경사_pct": 8.7178031567124439, "B등급": "위험", "기준선_근처": true, "계단": false, "급한전환": 2 }, "geometry": { "type": "LineString", "coordinates": [ [ 126.9492641, 37.5055597 ], [ 126.949045, 37.5054618 ], [ 126.9490075, 37.5054557 ], [ 126.948958300000015, 37.5054583 ], [ 126.948926299999982, 37.5054467 ], [ 126.948910600000019, 37.5054201 ], [ 126.9489159, 37.5053716 ], [ 126.9489525, 37.5053318 ], [ 126.949006600000018, 37.505301 ], [ 126.949046200000012, 37.5052742 ], [ 126.949185400000019, 37.505218 ], [ 126.949257, 37.5051863 ] ] } },
{ "type": "Feature", "properties": { "u": "14136808385", "v": "14136808395", "key": 0, "highway": "service", "name": null, "validation_status": "validated", "length_m": 50.767901519063386, "최대경사_pct": 0.0, "B등급": "양호", "기준선_근처": false, "계단": false, "급한전환": 2 }, "geometry": { "type": "LineString", "coordinates": [ [ 126.9497357, 37.5052848 ], [ 126.9495636, 37.5052042 ], [ 126.9495318, 37.5051956 ], [ 126.9494925, 37.5051983 ], [ 126.9494654, 37.505216 ], [ 126.949434200000013, 37.5052424 ], [ 126.94940720000001, 37.5052523 ], [ 126.9493686, 37.5052569 ], [ 126.949328800000018, 37.5052508 ], [ 126.9492961, 37.5052366 ], [ 126.9492696, 37.5052061 ], [ 126.949257, 37.5051863 ] ] } },
{ "type": "Feature", "properties": { "u": "2825701323", "v": "2829147721", "key": 0, "highway": "residential", "name": "상도로41가길", "validation_status": "validated", "length_m": 48.707140470275561, "최대경사_pct": 0.64319875854980779, "B등급": "양호", "기준선_근처": false, "계단": false, "급한전환": 0 }, "geometry": { "type": "LineString", "coordinates": [ [ 126.95030340000001, 37.5041398 ], [ 126.9503107, 37.504412 ], [ 126.9503032, 37.504492200000016 ], [ 126.9502567, 37.50457 ] ] } },
{ "type": "Feature", "properties": { "u": "10239817452", "v": "10239817456", "key": 0, "highway": "residential", "name": null, "validation_status": "unobserved", "length_m": 7.2089964220571989, "최대경사_pct": 4.6720609127552377, "B등급": "양호", "기준선_근처": true, "계단": false, "급한전환": 0 }, "geometry": { "type": "LineString", "coordinates": [ [ 126.950497500000012, 37.5048131 ], [ 126.9504613, 37.5047549 ] ] } },
{ "type": "Feature", "properties": { "u": "10239817456", "v": "10239817455", "key": 0, "highway": "residential", "name": null, "validation_status": "unobserved", "length_m": 3.3823085340185353, "최대경사_pct": 4.4696775309177639, "B등급": "양호", "기준선_근처": true, "계단": false, "급한전환": 0 }, "geometry": { "type": "LineString", "coordinates": [ [ 126.9505145, 37.5048404 ], [ 126.950497500000012, 37.5048131 ] ] } },
{ "type": "Feature", "properties": { "u": "10239817455", "v": "2829147732", "key": 0, "highway": "residential", "name": "양녕로38길", "validation_status": "unobserved", "length_m": 54.034167076237793, "최대경사_pct": 5.4977084469072919, "B등급": "양호", "기준선_근처": true, "계단": false, "급한전환": 0 }, "geometry": { "type": "LineString", "coordinates": [ [ 126.950600300000019, 37.5053138 ], [ 126.9505441, 37.5052131 ], [ 126.950510600000015, 37.5051056 ], [ 126.9505006, 37.5049934 ], [ 126.9505145, 37.5048404 ] ] } },
{ "type": "Feature", "properties": { "u": "4621488493", "v": "2829147732", "key": 0, "highway": "residential", "name": "양녕로38길", "validation_status": "unobserved", "length_m": 22.70981644497088, "최대경사_pct": 1.3005560752002054, "B등급": "양호", "기준선_근처": true, "계단": false, "급한전환": 0 }, "geometry": { "type": "LineString", "coordinates": [ [ 126.950600300000019, 37.5053138 ], [ 126.9507087, 37.5054993 ] ] } },
{ "type": "Feature", "properties": { "u": "4621488493", "v": "4621488501", "key": 0, "highway": "service", "name": "강남초등6길", "validation_status": "validated", "length_m": 67.95966873366983, "최대경사_pct": 1.5174985495681856, "B등급": "양호", "기준선_근처": true, "계단": false, "급한전환": 0 }, "geometry": { "type": "LineString", "coordinates": [ [ 126.9514481, 37.5054243 ], [ 126.9510144, 37.505398900000017 ], [ 126.9508555, 37.5054316 ], [ 126.9507087, 37.5054993 ] ] } },
{ "type": "Feature", "properties": { "u": "4621488500", "v": "4621488498", "key": 0, "highway": "service", "name": "강남초등4길", "validation_status": "validated", "length_m": 73.904017928926848, "최대경사_pct": 4.4173571074117026, "B등급": "양호", "기준선_근처": true, "계단": false, "급한전환": 0 }, "geometry": { "type": "LineString", "coordinates": [ [ 126.9522467, 37.5057331 ], [ 126.9514195, 37.5056376 ] ] } },
{ "type": "Feature", "properties": { "u": "4621488500", "v": "4621488499", "key": 0, "highway": "service", "name": "강남초등4길", "validation_status": "unobserved", "length_m": 19.485047656372082, "최대경사_pct": 20.43383376482911, "B등급": "위험", "기준선_근처": false, "계단": false, "급한전환": 0 }, "geometry": { "type": "LineString", "coordinates": [ [ 126.951399, 37.5058124 ], [ 126.9514195, 37.5056376 ] ] } },
{ "type": "Feature", "properties": { "u": "4621488500", "v": "4621488501", "key": 0, "highway": "service", "name": null, "validation_status": "unobserved", "length_m": 23.808240171995905, "최대경사_pct": 17.129641952785423, "B등급": "위험", "기준선_근처": false, "계단": false, "급한전환": 0 }, "geometry": { "type": "LineString", "coordinates": [ [ 126.9514481, 37.5054243 ], [ 126.9514195, 37.5056376 ] ] } },
{ "type": "Feature", "properties": { "u": "1994676560", "v": "6451784335", "key": 0, "highway": "residential", "name": "만양로14길", "validation_status": "unobserved", "length_m": 7.068193345530597, "최대경사_pct": 2.001758364486026, "B등급": "양호", "기준선_근처": true, "계단": false, "급한전환": 0 }, "geometry": { "type": "LineString", "coordinates": [ [ 126.9481783, 37.512960800000023 ], [ 126.948243100000013, 37.512998100000026 ] ] } },
{ "type": "Feature", "properties": { "u": "1994676560", "v": "8757685937", "key": 0, "highway": "primary", "name": "노량진로", "validation_status": "unobserved", "length_m": 109.51906878345383, "최대경사_pct": 6.695503764982111, "B등급": "주의", "기준선_근처": true, "계단": false, "급한전환": 0 }, "geometry": { "type": "LineString", "coordinates": [ [ 126.9494369, 37.5127355 ], [ 126.949278100000015, 37.512763099999972 ], [ 126.948243100000013, 37.512998100000026 ] ] } },
{ "type": "Feature", "properties": { "u": "6451784335", "v": "4613385579", "key": 0, "highway": "residential", "name": "만양로14길", "validation_status": "unobserved", "length_m": 123.08766587469225, "최대경사_pct": 6.4372010054138045, "B등급": "주의", "기준선_근처": true, "계단": false, "급한전환": 0 }, "geometry": { "type": "LineString", "coordinates": [ [ 126.9469734, 37.5124319 ], [ 126.947182, 37.5124898 ], [ 126.9475391, 37.5125842 ], [ 126.9475526, 37.5125923 ], [ 126.9479047, 37.512803400000017 ], [ 126.9481783, 37.512960800000023 ] ] } },
{ "type": "Feature", "properties": { "u": "6451784335", "v": "8323580266", "key": 0, "highway": "footway", "name": null, "validation_status": "unobserved", "length_m": 37.254628441552335, "최대경사_pct": 0.82997353594106948, "B등급": "양호", "기준선_근처": false, "계단": false, "급한전환": 0 }, "geometry": { "type": "LineString", "coordinates": [ [ 126.9477757, 37.5130599 ], [ 126.9477855, 37.5130576 ], [ 126.9481783, 37.512960800000023 ] ] } },
{ "type": "Feature", "properties": { "u": "6451784335", "v": "8757685949", "key": 0, "highway": "footway", "name": null, "validation_status": "unobserved", "length_m": 114.447085555028, "최대경사_pct": 6.1634125105177144, "B등급": "주의", "기준선_근처": true, "계단": false, "급한전환": 0 }, "geometry": { "type": "LineString", "coordinates": [ [ 126.949417399999987, 37.512662399999989 ], [ 126.9490975, 37.5127415 ], [ 126.9481783, 37.512960800000023 ] ] } },
{ "type": "Feature", "properties": { "u": "8757685937", "v": "8757685938", "key": 0, "highway": "footway", "name": null, "validation_status": "unobserved", "length_m": 8.8473258044392846, "최대경사_pct": 14.386881082850955, "B등급": "위험", "기준선_근처": false, "계단": false, "급한전환": 0 }, "geometry": { "type": "LineString", "coordinates": [ [ 126.949455, 37.5128139 ], [ 126.9494369, 37.5127355 ] ] } },
{ "type": "Feature", "properties": { "u": "8757685937", "v": "8757685949", "key": 0, "highway": "footway", "name": null, "validation_status": "unobserved", "length_m": 8.2943203112920436, "최대경사_pct": 16.666666666666664, "B등급": "위험", "기준선_근처": false, "계단": false, "급한전환": 0 }, "geometry": { "type": "LineString", "coordinates": [ [ 126.949417399999987, 37.512662399999989 ], [ 126.9494369, 37.5127355 ] ] } },
{ "type": "Feature", "properties": { "u": "8757685937", "v": "5826295509", "key": 0, "highway": "primary", "name": "노량진로", "validation_status": "unobserved", "length_m": 50.346518646630301, "최대경사_pct": 8.0704392740106332, "B등급": "주의", "기준선_근처": true, "계단": false, "급한전환": 0 }, "geometry": { "type": "LineString", "coordinates": [ [ 126.9500034, 37.51270190000001 ], [ 126.9496729, 37.5127058 ], [ 126.9494369, 37.5127355 ] ] } },
{ "type": "Feature", "properties": { "u": "2281726765", "v": "4644118981", "key": 0, "highway": "primary", "name": "양녕로", "validation_status": "unobserved", "length_m": 25.638899812024885, "최대경사_pct": 1.4731178599985206, "B등급": "양호", "기준선_근처": true, "계단": false, "급한전환": 0 }, "geometry": { "type": "LineString", "coordinates": [ [ 126.9558638, 37.513652099999987 ], [ 126.9556811, 37.5134727 ] ] } },
{ "type": "Feature", "properties": { "u": "2281726765", "v": "2281726768", "key": 0, "highway": "primary_link", "name": null, "validation_status": "unobserved", "length_m": 52.872775695706764, "최대경사_pct": 2.2146805834665173, "B등급": "양호", "기준선_근처": true, "계단": false, "급한전환": 0 }, "geometry": { "type": "LineString", "coordinates": [ [ 126.9562206, 37.5136534 ], [ 126.9561561, 37.5136499 ], [ 126.9560772, 37.5136102 ], [ 126.9559186, 37.5135191 ], [ 126.9556811, 37.5134727 ] ] } },
{ "type": "Feature", "properties": { "u": "2281726765", "v": "5211005701", "key": 0, "highway": "primary_link", "name": null, "validation_status": "unobserved", "length_m": 17.349044494386405, "최대경사_pct": 3.2897771846375226, "B등급": "양호", "기준선_근처": true, "계단": false, "급한전환": 0 }, "geometry": { "type": "LineString", "coordinates": [ [ 126.9556483, 37.5136261 ], [ 126.95567650000001, 37.513537799999987 ], [ 126.9556811, 37.5134727 ] ] } },
{ "type": "Feature", "properties": { "u": "2281726768", "v": "4644119691", "key": 0, "highway": "primary_link", "name": null, "validation_status": "unobserved", "length_m": 42.461966222267904, "최대경사_pct": 3.4913771979855386, "B등급": "양호", "기준선_근처": true, "계단": false, "급한전환": 0 }, "geometry": { "type": "LineString", "coordinates": [ [ 126.956638900000016, 37.5134654 ], [ 126.9562206, 37.5136534 ] ] } },
{ "type": "Feature", "properties": { "u": "2281726768", "v": "3215381031", "key": 0, "highway": "primary", "name": "양녕로", "validation_status": "unobserved", "length_m": 83.54781023829446, "최대경사_pct": 0.43271919493174965, "B등급": "양호", "기준선_근처": false, "계단": false, "급한전환": 0 }, "geometry": { "type": "LineString", "coordinates": [ [ 126.955556, 37.5131255 ], [ 126.9557598, 37.5132527 ], [ 126.9559605, 37.513399 ], [ 126.9559868, 37.5134181 ], [ 126.9560761, 37.513488199999983 ], [ 126.9561553, 37.5135699 ], [ 126.9562206, 37.5136534 ] ] } },
{ "type": "Feature", "properties": { "u": "4644119691", "v": "5211005698", "key": 0, "highway": "footway", "name": null, "validation_status": "unobserved", "length_m": 26.515459800043633, "최대경사_pct": 7.9292364647335871, "B등급": "주의", "기준선_근처": true, "계단": false, "급한전환": 0 }, "geometry": { "type": "LineString", "coordinates": [ [ 126.9564676, 37.513269300000012 ], [ 126.9564827, 37.513286200000017 ], [ 126.956626699999987, 37.5134517 ], [ 126.956638900000016, 37.5134654 ] ] } },
{ "type": "Feature", "properties": { "u": "4644119691", "v": "8757719524", "key": 0, "highway": "footway", "name": null, "validation_status": "unobserved", "length_m": 3.8684115901219878, "최대경사_pct": 13.489769223577577, "B등급": "위험", "기준선_근처": false, "계단": false, "급한전환": 0 }, "geometry": { "type": "LineString", "coordinates": [ [ 126.956663500000019, 37.5134942 ], [ 126.956652100000014, 37.5134819 ], [ 126.956638900000016, 37.5134654 ] ] } },
{ "type": "Feature", "properties": { "u": "4644119691", "v": "3215381025", "key": 0, "highway": "primary_link", "name": null, "validation_status": "unobserved", "length_m": 219.14902819087132, "최대경사_pct": 6.832712348858375, "B등급": "주의", "기준선_근처": true, "계단": false, "급한전환": 0 }, "geometry": { "type": "LineString", "coordinates": [ [ 126.958717, 37.5123908 ], [ 126.958198, 37.5126905 ], [ 126.957135799999989, 37.513225 ], [ 126.956638900000016, 37.5134654 ] ] } },
{ "type": "Feature", "properties": { "u": "3215381031", "v": "4613249956", "key": 0, "highway": "primary_link", "name": null, "validation_status": "unobserved", "length_m": 56.340051438330391, "최대경사_pct": 1.4363479740457545, "B등급": "양호", "기준선_근처": true, "계단": false, "급한전환": 0 }, "geometry": { "type": "LineString", "coordinates": [ [ 126.9561483, 37.5133092 ], [ 126.9561206, 37.5133076 ], [ 126.9559773, 37.5132668 ], [ 126.9558869, 37.5132411 ], [ 126.955556, 37.5131255 ] ] } },
{ "type": "Feature", "properties": { "u": "2288832799", "v": "4613243606", "key": 0, "highway": "residential", "name": "흑석로", "validation_status": "unobserved", "length_m": 5.2182750993847442, "최대경사_pct": 1.6780796420353135, "B등급": "양호", "기준선_근처": true, "계단": false, "급한전환": 0 }, "geometry": { "type": "LineString", "coordinates": [ [ 126.9615646, 37.5076231 ], [ 126.9615342, 37.5075828 ] ] } },
{ "type": "Feature", "properties": { "u": "2288832799", "v": "7775271107", "key": 0, "highway": "tertiary", "name": "흑석로", "validation_status": "validated", "length_m": 34.920069799446331, "최대경사_pct": 1.1989877322235436, "B등급": "양호", "기준선_근처": true, "계단": false, "급한전환": 0 }, "geometry": { "type": "LineString", "coordinates": [ [ 126.9611611, 37.507686 ], [ 126.9615342, 37.5075828 ] ] } },
{ "type": "Feature", "properties": { "u": "2288832799", "v": "2288832804", "key": 0, "highway": "tertiary", "name": "흑석로", "validation_status": "validated", "length_m": 31.669846520974065, "최대경사_pct": 1.5404729723656629, "B등급": "양호", "기준선_근처": true, "계단": false, "급한전환": 0 }, "geometry": { "type": "LineString", "coordinates": [ [ 126.961826699999989, 37.50741810000001 ], [ 126.9615342, 37.5075828 ] ] } },
{ "type": "Feature", "properties": { "u": "4613243606", "v": "4613243609", "key": 0, "highway": "service", "name": "서달로13길", "validation_status": "unobserved", "length_m": 20.343019921373546, "최대경사_pct": 1.1870216189872334, "B등급": "양호", "기준선_근처": true, "계단": false, "급한전환": 0 }, "geometry": { "type": "LineString", "coordinates": [ [ 126.9617531, 37.5077282 ], [ 126.9615646, 37.5076231 ] ] } },
{ "type": "Feature", "properties": { "u": "4613243606", "v": "7775271106", "key": 0, "highway": "residential", "name": "흑석로", "validation_status": "unobserved", "length_m": 30.229630703767654, "최대경사_pct": 1.5738543982014619, "B등급": "양호", "기준선_근처": true, "계단": false, "급한전환": 0 }, "geometry": { "type": "LineString", "coordinates": [ [ 126.9613447, 37.5078276 ], [ 126.961449299999984, 37.5076991 ], [ 126.9615646, 37.5076231 ] ] } },
{ "type": "Feature", "properties": { "u": "2288832804", "v": "4612938749", "key": 0, "highway": "tertiary", "name": "서달로", "validation_status": "validated", "length_m": 93.699135098464893, "최대경사_pct": 1.4362889187611905, "B등급": "양호", "기준선_근처": true, "계단": false, "급한전환": 0 }, "geometry": { "type": "LineString", "coordinates": [ [ 126.9626972, 37.5078977 ], [ 126.9626315, 37.5078658 ], [ 126.962218800000016, 37.5076599 ], [ 126.961826699999989, 37.50741810000001 ] ] } },
{ "type": "Feature", "properties": { "u": "2288832804", "v": "2824759219", "key": 0, "highway": "tertiary", "name": "서달로", "validation_status": "validated", "length_m": 40.216924684500825, "최대경사_pct": 1.0426080652205481, "B등급": "양호", "기준선_근처": true, "계단": false, "급한전환": 0 }, "geometry": { "type": "LineString", "coordinates": [ [ 126.961729799999986, 37.5070642 ], [ 126.961782899999989, 37.507280800000025 ], [ 126.961826699999989, 37.50741810000001 ] ] } },
{ "type": "Feature", "properties": { "u": "4612938749", "v": "4613243605", "key": 0, "highway": "service", "name": "서달로13길", "validation_status": "validated", "length_m": 30.900881398906957, "최대경사_pct": 0.732512799820905, "B등급": "양호", "기준선_근처": false, "계단": false, "급한전환": 0 }, "geometry": { "type": "LineString", "coordinates": [ [ 126.9623785, 37.5080088 ], [ 126.9624739, 37.5079784 ], [ 126.9625817, 37.5079274 ], [ 126.9626972, 37.5078977 ] ] } },
{ "type": "Feature", "properties": { "u": "3888649121", "v": "4612845666", "key": 0, "highway": "residential", "name": "서달로14길", "validation_status": "validated", "length_m": 81.441270359735654, "최대경사_pct": 4.445224026420596, "B등급": "양호", "기준선_근처": true, "계단": false, "급한전환": 0 }, "geometry": { "type": "LineString", "coordinates": [ [ 126.964032499999988, 37.5079425 ], [ 126.9637186, 37.5080317 ], [ 126.963438499999981, 37.5079712 ], [ 126.9632871, 37.5080294 ], [ 126.963176499999989, 37.5080831 ] ] } },
{ "type": "Feature", "properties": { "u": "3888649121", "v": "4612845662", "key": 0, "highway": "residential", "name": "서달로14가길", "validation_status": "validated", "length_m": 140.52970023859211, "최대경사_pct": 2.1372639211857813, "B등급": "양호", "기준선_근처": true, "계단": false, "급한전환": 0 }, "geometry": { "type": "LineString", "coordinates": [ [ 126.962625099999983, 37.5068957 ], [ 126.962705700000015, 37.5070542 ], [ 126.9629157, 37.5074995 ], [ 126.963176499999989, 37.5080831 ] ] } },
{ "type": "Feature", "properties": { "u": "4612938745", "v": "2829530656", "key": 0, "highway": "residential", "name": "서달로15길", "validation_status": "validated", "length_m": 24.752292187998329, "최대경사_pct": 1.4596258056940168, "B등급": "양호", "기준선_근처": true, "계단": false, "급한전환": 0 }, "geometry": { "type": "LineString", "coordinates": [ [ 126.9616846, 37.508897 ], [ 126.961892, 37.5087472 ] ] } },
{ "type": "Feature", "properties": { "u": "4612938745", "v": "4613243610", "key": 0, "highway": "service", "name": "서달로13길", "validation_status": "validated", "length_m": 63.245803679452457, "최대경사_pct": 1.0307784917577996, "B등급": "양호", "기준선_근처": true, "계단": false, "급한전환": 0 }, "geometry": { "type": "LineString", "coordinates": [ [ 126.962205, 37.5082348 ], [ 126.961892, 37.5087472 ] ] } },
{ "type": "Feature", "properties": { "u": "4613243607", "v": "7775271106", "key": 0, "highway": "residential", "name": "흑석로", "validation_status": "unobserved", "length_m": 15.303340410202754, "최대경사_pct": 0.21729140335332944, "B등급": "양호", "기준선_근처": false, "계단": false, "급한전환": 0 }, "geometry": { "type": "LineString", "coordinates": [ [ 126.9613447, 37.5078276 ], [ 126.96127730000002, 37.5079546 ] ] } },
{ "type": "Feature", "properties": { "u": "4613243607", "v": "4613243608", "key": 0, "highway": "service", "name": null, "validation_status": "unobserved", "length_m": 28.12752410969042, "최대경사_pct": 0.79134996748332576, "B등급": "양호", "기준선_근처": false, "계단": false, "급한전환": 0 }, "geometry": { "type": "LineString", "coordinates": [ [ 126.961593900000011, 37.5079794 ], [ 126.96127730000002, 37.5079546 ] ] } },
{ "type": "Feature", "properties": { "u": "2824759219", "v": "10107993115", "key": 0, "highway": "tertiary", "name": "서달로", "validation_status": "validated", "length_m": 28.763001745762011, "최대경사_pct": 0.37673607987472363, "B등급": "양호", "기준선_근처": false, "계단": false, "급한전환": 0 }, "geometry": { "type": "LineString", "coordinates": [ [ 126.9616628, 37.5068106 ], [ 126.961729799999986, 37.5070642 ] ] } },
{ "type": "Feature", "properties": { "u": "2824759219", "v": "4612845662", "key": 0, "highway": "residential", "name": "서달로12길", "validation_status": "validated", "length_m": 81.339021631406396, "최대경사_pct": 1.1482158047298696, "B등급": "양호", "기준선_근처": true, "계단": false, "급한전환": 0 }, "geometry": { "type": "LineString", "coordinates": [ [ 126.962625099999983, 37.5068957 ], [ 126.961729799999986, 37.5070642 ] ] } },
{ "type": "Feature", "properties": { "u": "2290052292", "v": "2886858413", "key": 0, "highway": "primary", "name": "상도로", "validation_status": "unobserved", "length_m": 49.306783106355546, "최대경사_pct": 1.4896893543860894, "B등급": "양호", "기준선_근처": true, "계단": false, "급한전환": 0 }, "geometry": { "type": "LineString", "coordinates": [ [ 126.946592, 37.504470900000015 ], [ 126.946919099999988, 37.50411110000001 ] ] } },
{ "type": "Feature", "properties": { "u": "2886858413", "v": "10265961153", "key": 0, "highway": "service", "name": "상도로", "validation_status": "unobserved", "length_m": 140.94383962268191, "최대경사_pct": 4.148563794879168, "B등급": "양호", "기준선_근처": true, "계단": false, "급한전환": 2 }, "geometry": { "type": "LineString", "coordinates": [ [ 126.9477461, 37.5039862 ], [ 126.9478643, 37.5040505 ], [ 126.9478067, 37.5041022 ], [ 126.9472918, 37.504296 ], [ 126.947156400000011, 37.504380200000014 ], [ 126.946984, 37.5044494 ], [ 126.9467009, 37.5045277 ], [ 126.946592, 37.504470900000015 ] ] } },
{ "type": "Feature", "properties": { "u": "2824029413", "v": "2824029431", "key": 0, "highway": "service", "name": null, "validation_status": "unobserved", "length_m": 33.468497290218011, "최대경사_pct": 21.812722073474902, "B등급": "위험", "기준선_근처": false, "계단": false, "급한전환": 0 }, "geometry": { "type": "LineString", "coordinates": [ [ 126.9467624, 37.496771 ], [ 126.9471022, 37.4966382 ] ] } },
{ "type": "Feature", "properties": { "u": "2824029413", "v": "2825665284", "key": 0, "highway": "service", "name": "양녕로22바길", "validation_status": "unobserved", "length_m": 99.53595102595601, "최대경사_pct": 3.9211435687016754, "B등급": "양호", "기준선_근처": true, "계단": false, "급한전환": 0 }, "geometry": { "type": "LineString", "coordinates": [ [ 126.9471531, 37.4975289 ], [ 126.9471412, 37.4967147 ], [ 126.9471022, 37.4966382 ] ] } },
{ "type": "Feature", "properties": { "u": "2824029431", "v": "2824029432", "key": 0, "highway": "service", "name": "양녕로22마길", "validation_status": "unobserved", "length_m": 151.34517269036652, "최대경사_pct": 4.068882074995388, "B등급": "양호", "기준선_근처": true, "계단": false, "급한전환": 0 }, "geometry": { "type": "LineString", "coordinates": [ [ 126.946768700000021, 37.4981329 ], [ 126.946796, 37.4975408 ], [ 126.94678, 37.4968515 ], [ 126.9467624, 37.496771 ] ] } },
{ "type": "Feature", "properties": { "u": "2825665284", "v": "10055919706", "key": 0, "highway": "service", "name": "양녕로22바길", "validation_status": "unobserved", "length_m": 25.628772287756206, "최대경사_pct": 2.856870726639992, "B등급": "양호", "기준선_근처": true, "계단": false, "급한전환": 0 }, "geometry": { "type": "LineString", "coordinates": [ [ 126.9471566, 37.4977598 ], [ 126.9471531, 37.4975289 ] ] } },
{ "type": "Feature", "properties": { "u": "2825665284", "v": "10057812429", "key": 0, "highway": "service", "name": null, "validation_status": "unobserved", "length_m": 49.001828372258529, "최대경사_pct": 9.4418666966579679, "B등급": "위험", "기준선_근처": true, "계단": false, "급한전환": 2 }, "geometry": { "type": "LineString", "coordinates": [ [ 126.9473238, 37.4977604 ], [ 126.947370500000019, 37.497760300000017 ], [ 126.947369099999989, 37.497528100000018 ], [ 126.9471531, 37.4975289 ] ] } },
{ "type": "Feature", "properties": { "u": "2824029415", "v": "10055919640", "key": 0, "highway": "service", "name": "양녕로22바길", "validation_status": "unobserved", "length_m": 72.838379386879438, "최대경사_pct": 0.99541983725291316, "B등급": "양호", "기준선_근처": true, "계단": false, "급한전환": 0 }, "geometry": { "type": "LineString", "coordinates": [ [ 126.9471116, 37.4988059 ], [ 126.9471542, 37.4981505 ] ] } },
{ "type": "Feature", "properties": { "u": "2824029415", "v": "10055919706", "key": 0, "highway": "service", "name": "양녕로22바길", "validation_status": "unobserved", "length_m": 43.363151208934845, "최대경사_pct": 2.1536244507887643, "B등급": "양호", "기준선_근처": true, "계단": false, "급한전환": 0 }, "geometry": { "type": "LineString", "coordinates": [ [ 126.9471566, 37.4977598 ], [ 126.9471542, 37.4981505 ] ] } },
{ "type": "Feature", "properties": { "u": "2824029415", "v": "2824029440", "key": 0, "highway": "residential", "name": "양녕로28길", "validation_status": "unobserved", "length_m": 14.956791622849348, "최대경사_pct": 24.033129434011897, "B등급": "위험", "기준선_근처": false, "계단": false, "급한전환": 0 }, "geometry": { "type": "LineString", "coordinates": [ [ 126.94732310000002, 37.4981577 ], [ 126.9471542, 37.4981505 ] ] } },
{ "type": "Feature", "properties": { "u": "2824029415", "v": "2824029432", "key": 0, "highway": "residential", "name": "양녕로28길", "validation_status": "unobserved", "length_m": 34.144783221722122, "최대경사_pct": 19.472252489582889, "B등급": "위험", "기준선_근처": false, "계단": false, "급한전환": 0 }, "geometry": { "type": "LineString", "coordinates": [ [ 126.946768700000021, 37.4981329 ], [ 126.9471542, 37.4981505 ] ] } },
{ "type": "Feature", "properties": { "u": "10055919640", "v": "2824029416", "key": 0, "highway": "service", "name": "양녕로22바길", "validation_status": "unobserved", "length_m": 31.482433824896486, "최대경사_pct": 6.1676769813917076, "B등급": "주의", "기준선_근처": true, "계단": false, "급한전환": 0 }, "geometry": { "type": "LineString", "coordinates": [ [ 126.9470964, 37.4990893 ], [ 126.9471116, 37.4988059 ] ] } },
{ "type": "Feature", "properties": { "u": "10055919640", "v": "10055919639", "key": 0, "highway": "service", "name": null, "validation_status": "unobserved", "length_m": 33.407785756672155, "최대경사_pct": 14.105817782543184, "B등급": "위험", "기준선_근처": false, "계단": false, "급한전환": 0 }, "geometry": { "type": "LineString", "coordinates": [ [ 126.9467343, 37.498790399999983 ], [ 126.9471116, 37.4988059 ] ] } },
{ "type": "Feature", "properties": { "u": "10055919706", "v": "10057812429", "key": 0, "highway": "service", "name": null, "validation_status": "unobserved", "length_m": 14.785329809013454, "최대경사_pct": 24.507665565170502, "B등급": "위험", "기준선_근처": false, "계단": false, "급한전환": 0 }, "geometry": { "type": "LineString", "coordinates": [ [ 126.9473238, 37.4977604 ], [ 126.9471566, 37.4977598 ] ] } },
{ "type": "Feature", "properties": { "u": "2824029440", "v": "10057812438", "key": 0, "highway": [ "residential", "path" ], "name": "양녕로28길", "validation_status": "unobserved", "length_m": 101.66203365798425, "최대경사_pct": 34.900002393677738, "B등급": "위험", "기준선_근처": false, "계단": false, "급한전환": 4 }, "geometry": { "type": "LineString", "coordinates": [ [ 126.948151, 37.4979849 ], [ 126.9480696, 37.4980015 ], [ 126.9479715, 37.4980352 ], [ 126.947851, 37.4981242 ], [ 126.9477821, 37.4982114 ], [ 126.9477418, 37.4982344 ], [ 126.9476732, 37.498242 ], [ 126.9476115, 37.4982218 ], [ 126.9475745, 37.4981795 ], [ 126.9475726, 37.4981012 ], [ 126.9475321, 37.4980999 ], [ 126.947532699999982, 37.4981365 ], [ 126.9475169, 37.4981625 ], [ 126.94732310000002, 37.4981577 ] ] } },
{ "type": "Feature", "properties": { "u": "2824029440", "v": "10057812429", "key": 0, "highway": [ "service", "path" ], "name": null, "validation_status": "unobserved", "length_m": 44.097883610109378, "최대경사_pct": 1.2139377186074303, "B등급": "양호", "기준선_근처": true, "계단": false, "급한전환": 0 }, "geometry": { "type": "LineString", "coordinates": [ [ 126.9473238, 37.4977604 ], [ 126.9473262, 37.4979623 ], [ 126.94732310000002, 37.4981577 ] ] } },
{ "type": "Feature", "properties": { "u": "2824029432", "v": "10055919639", "key": 0, "highway": "service", "name": "양녕로22마길", "validation_status": "unobserved", "length_m": 73.037350327687136, "최대경사_pct": 1.1924904959986633, "B등급": "양호", "기준선_근처": true, "계단": false, "급한전환": 0 }, "geometry": { "type": "LineString", "coordinates": [ [ 126.9467343, 37.498790399999983 ], [ 126.946768700000021, 37.4981329 ] ] } },
{ "type": "Feature", "properties": { "u": "10055919639", "v": "2824029433", "key": 0, "highway": "service", "name": "양녕로22마길", "validation_status": "unobserved", "length_m": 27.084762846079741, "최대경사_pct": 10.074620400718857, "B등급": "위험", "기준선_근처": true, "계단": false, "급한전환": 0 }, "geometry": { "type": "LineString", "coordinates": [ [ 126.946724099999983, 37.4990343 ], [ 126.9467343, 37.498790399999983 ] ] } },
{ "type": "Feature", "properties": { "u": "10057812438", "v": "13195507443", "key": 0, "highway": "footway", "name": null, "validation_status": "unobserved", "length_m": 62.955548636961502, "최대경사_pct": 5.0173117246850047, "B등급": "양호", "기준선_근처": true, "계단": false, "급한전환": 0 }, "geometry": { "type": "LineString", "coordinates": [ [ 126.9481713, 37.49854650000001 ], [ 126.9481946, 37.4980972 ], [ 126.948151, 37.4979849 ] ] } },
{ "type": "Feature", "properties": { "u": "13363604134", "v": "12056780982", "key": 0, "highway": "service", "name": "만양로8길", "validation_status": "unobserved", "length_m": 48.845333760163783, "최대경사_pct": 11.082787407247778, "B등급": "위험", "기준선_근처": true, "계단": false, "급한전환": 0 }, "geometry": { "type": "LineString", "coordinates": [ [ 126.9481355, 37.5083523 ], [ 126.9484691, 37.5080015 ] ] } },
{ "type": "Feature", "properties": { "u": "13363604134", "v": "13363604135", "key": 0, "highway": "service", "name": null, "validation_status": "unobserved", "length_m": 17.3438447925998, "최대경사_pct": 6.2171288012927306, "B등급": "주의", "기준선_근처": true, "계단": false, "급한전환": 0 }, "geometry": { "type": "LineString", "coordinates": [ [ 126.948335199999988, 37.5078873 ], [ 126.9484691, 37.5080015 ] ] } },
{ "type": "Feature", "properties": { "u": "2824550212", "v": "13363604110", "key": 0, "highway": "residential", "name": "만양로4길", "validation_status": "unobserved", "length_m": 135.90659876534804, "최대경사_pct": 12.403088005500337, "B등급": "위험", "기준선_근처": true, "계단": false, "급한전환": 0 }, "geometry": { "type": "LineString", "coordinates": [ [ 126.950442899999985, 37.5081046 ], [ 126.9493295, 37.5085118 ], [ 126.9490271, 37.508573 ] ] } },
{ "type": "Feature", "properties": { "u": "2824550212", "v": "3119042896", "key": 0, "highway": "residential", "name": "만양로12길", "validation_status": "unobserved", "length_m": 98.741222304170009, "최대경사_pct": 7.8403592161408335, "B등급": "주의", "기준선_근처": true, "계단": false, "급한전환": 0 }, "geometry": { "type": "LineString", "coordinates": [ [ 126.9487966, 37.5094412 ], [ 126.948823399999981, 37.509205 ], [ 126.9490271, 37.508573 ] ] } },
{ "type": "Feature", "properties": { "u": "13363604110", "v": "2829530328", "key": 0, "highway": "residential", "name": "만양로4길", "validation_status": "validated", "length_m": 98.678405433309763, "최대경사_pct": 0.86074787044341361, "B등급": "양호", "기준선_근처": false, "계단": false, "급한전환": 0 }, "geometry": { "type": "LineString", "coordinates": [ [ 126.951525300000014, 37.5080832 ], [ 126.950885, 37.5079902 ], [ 126.950488, 37.5080881 ], [ 126.950442899999985, 37.5081046 ] ] } },
{ "type": "Feature", "properties": { "u": "13363604110", "v": "13363593899", "key": 0, "highway": "service", "name": null, "validation_status": "validated", "length_m": 62.483770876013551, "최대경사_pct": 0.13299152711415782, "B등급": "양호", "기준선_근처": false, "계단": false, "급한전환": 0 }, "geometry": { "type": "LineString", "coordinates": [ [ 126.9501654, 37.5075873 ], [ 126.9502387, 37.5077035 ], [ 126.9502894, 37.5077926 ], [ 126.950442899999985, 37.5081046 ] ] } },
{ "type": "Feature", "properties": { "u": "3119042896", "v": "3119042897", "key": 0, "highway": "residential", "name": "만양로12길", "validation_status": "unobserved", "length_m": 19.894145732648802, "최대경사_pct": 6.9452465703415216, "B등급": "주의", "기준선_근처": true, "계단": false, "급한전환": 0 }, "geometry": { "type": "LineString", "coordinates": [ [ 126.94873459999998, 37.5096135 ], [ 126.9487789, 37.5094932 ], [ 126.9487966, 37.5094412 ] ] } },
{ "type": "Feature", "properties": { "u": "3119042896", "v": "3119042912", "key": 0, "highway": "service", "name": null, "validation_status": "unobserved", "length_m": 208.9432262442262, "최대경사_pct": 6.9934048667399882, "B등급": "주의", "기준선_근처": true, "계단": false, "급한전환": 1 }, "geometry": { "type": "LineString", "coordinates": [ [ 126.951036300000013, 37.509020599999978 ], [ 126.9509137, 37.5089571 ], [ 126.950845199999989, 37.5089497 ], [ 126.9507633, 37.5089795 ], [ 126.9506838, 37.5090242 ], [ 126.9505672, 37.5090669 ], [ 126.9498897, 37.509223400000018 ], [ 126.9487966, 37.5094412 ] ] } },
{ "type": "Feature", "properties": { "u": "2824550219", "v": "4626178456", "key": 0, "highway": "tertiary", "name": "매봉로", "validation_status": "unobserved", "length_m": 64.177989556008043, "최대경사_pct": 4.4234904975197313, "B등급": "양호", "기준선_근처": true, "계단": false, "급한전환": 0 }, "geometry": { "type": "LineString", "coordinates": [ [ 126.950976, 37.5065031 ], [ 126.9515282, 37.5068784 ] ] } },
{ "type": "Feature", "properties": { "u": "2824550219", "v": "2824550220", "key": 0, "highway": "tertiary", "name": "매봉로", "validation_status": "unobserved", "length_m": 55.315754363515154, "최대경사_pct": 12.297427670264772, "B등급": "위험", "기준선_근처": true, "계단": false, "급한전환": 0 }, "geometry": { "type": "LineString", "coordinates": [ [ 126.951799500000021, 37.5073242 ], [ 126.9517064, 37.5071092 ], [ 126.9515282, 37.5068784 ] ] } },
{ "type": "Feature", "properties": { "u": "2824550219", "v": "2824550237", "key": 0, "highway": "service", "name": null, "validation_status": "validated", "length_m": 44.634401375555235, "최대경사_pct": 6.3123028587942773, "B등급": "주의", "기준선_근처": true, "계단": false, "급한전환": 0 }, "geometry": { "type": "LineString", "coordinates": [ [ 126.9520257, 37.5069336 ], [ 126.951869800000011, 37.5068995 ], [ 126.951740700000016, 37.5068873 ], [ 126.9517141, 37.5068848 ], [ 126.951596, 37.5068768 ], [ 126.9515282, 37.5068784 ] ] } },
{ "type": "Feature", "properties": { "u": "4626178456", "v": "4621496734", "key": 0, "highway": "service", "name": "매봉로", "validation_status": "unobserved", "length_m": 121.28378592884174, "최대경사_pct": 12.895314761168009, "B등급": "위험", "기준선_근처": true, "계단": false, "급한전환": 2 }, "geometry": { "type": "LineString", "coordinates": [ [ 126.9499128, 37.5067627 ], [ 126.9501523, 37.50655620000002 ], [ 126.950492699999984, 37.5067532 ], [ 126.9505562, 37.5067555 ], [ 126.9507517, 37.5066749 ], [ 126.9509044, 37.5065362 ], [ 126.950976, 37.5065031 ] ] } },
{ "type": "Feature", "properties": { "u": "2824550220", "v": "2824550236", "key": 0, "highway": "residential", "name": "강남초등길", "validation_status": "validated", "length_m": 17.824945615407064, "최대경사_pct": 6.0372131256553985, "B등급": "주의", "기준선_근처": true, "계단": false, "급한전환": 0 }, "geometry": { "type": "LineString", "coordinates": [ [ 126.951914700000017, 37.5071924 ], [ 126.951799500000021, 37.5073242 ] ] } },
{ "type": "Feature", "properties": { "u": "2824550220", "v": "4621493611", "key": 0, "highway": "tertiary", "name": "매봉로", "validation_status": "validated", "length_m": 55.403246598565815, "최대경사_pct": 0.2036703437511278, "B등급": "양호", "기준선_근처": false, "계단": false, "급한전환": 0 }, "geometry": { "type": "LineString", "coordinates": [ [ 126.9516061, 37.5077983 ], [ 126.9517224, 37.5075553 ], [ 126.951799500000021, 37.5073242 ] ] } },
{ "type": "Feature", "properties": { "u": "2824550237", "v": "2824550236", "key": 0, "highway": "residential", "name": "강남초등길", "validation_status": "validated", "length_m": 30.353898678887134, "최대경사_pct": 8.4125095917233725, "B등급": "위험", "기준선_근처": true, "계단": false, "급한전환": 0 }, "geometry": { "type": "LineString", "coordinates": [ [ 126.951914700000017, 37.5071924 ], [ 126.9520257, 37.5069336 ] ] } },
{ "type": "Feature", "properties": { "u": "2824550236", "v": "8483283650", "key": 0, "highway": "service", "name": "매봉로2길", "validation_status": "validated", "length_m": 29.04574931647668, "최대경사_pct": 7.5325676899497287, "B등급": "주의", "기준선_근처": true, "계단": false, "급한전환": 0 }, "geometry": { "type": "LineString", "coordinates": [ [ 126.9522341, 37.5072536 ], [ 126.951914700000017, 37.5071924 ] ] } },
{ "type": "Feature", "properties": { "u": "4621493611", "v": "10239817443", "key": 0, "highway": "tertiary", "name": "매봉로", "validation_status": "bridged", "length_m": 5.1146790754696019, "최대경사_pct": 1.6473708040663126, "B등급": "양호", "기준선_근처": true, "계단": false, "급한전환": 0 }, "geometry": { "type": "LineString", "coordinates": [ [ 126.9515863, 37.5078416 ], [ 126.9516061, 37.5077983 ] ] } },
{ "type": "Feature", "properties": { "u": "4621493611", "v": "4621493613", "key": 0, "highway": "service", "name": "매봉로4길", "validation_status": "validated", "length_m": 63.599563031234311, "최대경사_pct": 7.6995493854058576, "B등급": "주의", "기준선_근처": true, "계단": false, "급한전환": 0 }, "geometry": { "type": "LineString", "coordinates": [ [ 126.9523187, 37.5078764 ], [ 126.9518049, 37.5078213 ], [ 126.9516061, 37.5077983 ] ] } },
{ "type": "Feature", "properties": { "u": "8483283650", "v": "8483284778", "key": 0, "highway": "service", "name": null, "validation_status": "validated", "length_m": 47.623094964647535, "최대경사_pct": 8.1332949673235309, "B등급": "주의", "기준선_근처": true, "계단": false, "급한전환": 0 }, "geometry": { "type": "LineString", "coordinates": [ [ 126.952292, 37.5076802 ], [ 126.9522341, 37.5072536 ] ] } },
{ "type": "Feature", "properties": { "u": "8483283650", "v": "4621493642", "key": 0, "highway": "service", "name": "매봉로2길", "validation_status": "validated", "length_m": 90.798569018397586, "최대경사_pct": 2.3867450011363385, "B등급": "양호", "기준선_근처": true, "계단": false, "급한전환": 0 }, "geometry": { "type": "LineString", "coordinates": [ [ 126.95325050000001, 37.5073555 ], [ 126.9524021, 37.5072921 ], [ 126.9522341, 37.5072536 ] ] } },
{ "type": "Feature", "properties": { "u": "4621488498", "v": "4621488496", "key": 0, "highway": "residential", "name": "강남초등길", "validation_status": "validated", "length_m": 25.970226572087448, "최대경사_pct": 6.3032706024531402, "B등급": "주의", "기준선_근처": true, "계단": false, "급한전환": 0 }, "geometry": { "type": "LineString", "coordinates": [ [ 126.9522638, 37.5055003 ], [ 126.9522678, 37.50561050000001 ], [ 126.9522467, 37.5057331 ] ] } },
{ "type": "Feature", "properties": { "u": "2824550249", "v": "4621475854", "key": 0, "highway": "residential", "name": "상도로47길", "validation_status": "validated", "length_m": 13.303162224245675, "최대경사_pct": 5.7430258217670271, "B등급": "주의", "기준선_근처": true, "계단": false, "급한전환": 0 }, "geometry": { "type": "LineString", "coordinates": [ [ 126.951887400000018, 37.50293940000001 ], [ 126.951900600000016, 37.50282 ] ] } },
{ "type": "Feature", "properties": { "u": "2824550249", "v": "2825701329", "key": 0, "highway": "residential", "name": "상도로41길", "validation_status": "validated", "length_m": 36.681265214276031, "최대경사_pct": 0.72979724844024929, "B등급": "양호", "기준선_근처": false, "계단": false, "급한전환": 0 }, "geometry": { "type": "LineString", "coordinates": [ [ 126.951632700000019, 37.5025727 ], [ 126.9517272, 37.5026256 ], [ 126.951900600000016, 37.50282 ] ] } },
{ "type": "Feature", "properties": { "u": "2824550249", "v": "4621475847", "key": 0, "highway": "residential", "name": "상도로47길", "validation_status": "validated", "length_m": 26.630107393941049, "최대경사_pct": 1.2373623269074112, "B등급": "양호", "기준선_근처": true, "계단": false, "급한전환": 0 }, "geometry": { "type": "LineString", "coordinates": [ [ 126.9519375, 37.5025821 ], [ 126.951926700000016, 37.5026944 ], [ 126.951900600000016, 37.50282 ] ] } },
{ "type": "Feature", "properties": { "u": "4621475854", "v": "2825701337", "key": 0, "highway": "residential", "name": "상도로47길", "validation_status": "validated", "length_m": 38.059989574224801, "최대경사_pct": 8.5516546816870918, "B등급": "위험", "기준선_근처": true, "계단": false, "급한전환": 0 }, "geometry": { "type": "LineString", "coordinates": [ [ 126.9518526, 37.5032812 ], [ 126.951887400000018, 37.50293940000001 ] ] } },
{ "type": "Feature", "properties": { "u": "4621475854", "v": "2825701313", "key": 0, "highway": "service", "name": "상도로41나길", "validation_status": "unobserved", "length_m": 99.112838202881832, "최대경사_pct": 5.3451438062325449, "B등급": "양호", "기준선_근처": true, "계단": false, "급한전환": 0 }, "geometry": { "type": "LineString", "coordinates": [ [ 126.953004799999988, 37.5029966 ], [ 126.9523939, 37.5029447 ], [ 126.951887400000018, 37.50293940000001 ] ] } },
{ "type": "Feature", "properties": { "u": "4621475854", "v": "4621475850", "key": 0, "highway": "service", "name": "상도로41나길", "validation_status": "unobserved", "length_m": 90.941524606126507, "최대경사_pct": 0.63380730986001799, "B등급": "양호", "기준선_근처": false, "계단": false, "급한전환": 0 }, "geometry": { "type": "LineString", "coordinates": [ [ 126.9509839, 37.5025597 ], [ 126.9514406, 37.5027261 ], [ 126.9515503, 37.5027795 ], [ 126.95166, 37.502860900000023 ], [ 126.951887400000018, 37.50293940000001 ] ] } },
{ "type": "Feature", "properties": { "u": "2825701329", "v": "8483442364", "key": 0, "highway": "residential", "name": "상도로41길", "validation_status": "validated", "length_m": 51.783858916136218, "최대경사_pct": 0.0, "B등급": "양호", "기준선_근처": false, "계단": false, "급한전환": 0 }, "geometry": { "type": "LineString", "coordinates": [ [ 126.9511068, 37.5023674 ], [ 126.951632700000019, 37.5025727 ] ] } },
{ "type": "Feature", "properties": { "u": "2825701329", "v": "4621475847", "key": 0, "highway": "residential", "name": "상도로41길", "validation_status": "validated", "length_m": 26.971340084561767, "최대경사_pct": 0.38573549015971764, "B등급": "양호", "기준선_근처": false, "계단": false, "급한전환": 0 }, "geometry": { "type": "LineString", "coordinates": [ [ 126.9519375, 37.5025821 ], [ 126.951632700000019, 37.5025727 ] ] } },
{ "type": "Feature", "properties": { "u": "4621475847", "v": "4621475848", "key": 0, "highway": "service", "name": "상도로47길", "validation_status": "unobserved", "length_m": 96.632726202305975, "최대경사_pct": 7.9152587011704068, "B등급": "주의", "기준선_근처": true, "계단": false, "급한전환": 0 }, "geometry": { "type": "LineString", "coordinates": [ [ 126.9530258, 37.502661500000016 ], [ 126.9519375, 37.5025821 ] ] } },
{ "type": "Feature", "properties": { "u": "4621475847", "v": "2824550250", "key": 0, "highway": "residential", "name": "상도로47길", "validation_status": "unobserved", "length_m": 26.286366996173669, "최대경사_pct": 4.7583475947948273, "B등급": "양호", "기준선_근처": true, "계단": false, "급한전환": 0 }, "geometry": { "type": "LineString", "coordinates": [ [ 126.9519792, 37.502347600000014 ], [ 126.9519375, 37.5025821 ] ] } },
{ "type": "Feature", "properties": { "u": "2824550250", "v": "4621469177", "key": 0, "highway": "service", "name": "상도로47마길", "validation_status": "unobserved", "length_m": 69.687738298919953, "최대경사_pct": 0.95135614462095042, "B등급": "양호", "기준선_근처": true, "계단": false, "급한전환": 0 }, "geometry": { "type": "LineString", "coordinates": [ [ 126.9512656, 37.5020816 ], [ 126.9516136, 37.5022045 ], [ 126.9517164, 37.5022408 ], [ 126.9519792, 37.502347600000014 ] ] } },
{ "type": "Feature", "properties": { "u": "2824550250", "v": "4621471102", "key": 0, "highway": "residential", "name": "상도로47길", "validation_status": "unobserved", "length_m": 51.923941343007279, "최대경사_pct": 7.6262022187883236, "B등급": "주의", "기준선_근처": true, "계단": false, "급한전환": 0 }, "geometry": { "type": "LineString", "coordinates": [ [ 126.952054600000011, 37.5018838 ], [ 126.952017700000013, 37.5020638 ], [ 126.9519792, 37.502347600000014 ] ] } },
{ "type": "Feature", "properties": { "u": "4621469177", "v": "4621469171", "key": 0, "highway": "service", "name": "상도로47마길", "validation_status": "unobserved", "length_m": 107.63232067212103, "최대경사_pct": 0.1505292657003045, "B등급": "양호", "기준선_근처": false, "계단": false, "급한전환": 0 }, "geometry": { "type": "LineString", "coordinates": [ [ 126.9508288, 37.501366800000014 ], [ 126.950761, 37.5014839 ], [ 126.9506996, 37.5016204 ], [ 126.9506994, 37.5016412 ], [ 126.9507151, 37.5017512 ], [ 126.950834900000018, 37.5018981 ], [ 126.9512656, 37.5020816 ] ] } },
{ "type": "Feature", "properties": { "u": "4621469177", "v": "8483442364", "key": 0, "highway": "service", "name": null, "validation_status": "unobserved", "length_m": 34.71746813838849, "최대경사_pct": 1.1842378929335004e-14, "B등급": "양호", "기준선_근처": false, "계단": false, "급한전환": 0 }, "geometry": { "type": "LineString", "coordinates": [ [ 126.9511068, 37.5023674 ], [ 126.9511883, 37.5022052 ], [ 126.9512656, 37.5020816 ] ] } },
{ "type": "Feature", "properties": { "u": "4621471102", "v": "4621471093", "key": 0, "highway": "service", "name": "상도로47라길", "validation_status": "unobserved", "length_m": 55.215455634657083, "최대경사_pct": 0.0, "B등급": "양호", "기준선_근처": false, "계단": false, "급한전환": 0 }, "geometry": { "type": "LineString", "coordinates": [ [ 126.951500700000011, 37.501654100000025 ], [ 126.952054600000011, 37.5018838 ] ] } },
{ "type": "Feature", "properties": { "u": "4621471102", "v": "4621475838", "key": 0, "highway": "residential", "name": "상도로47길", "validation_status": "unobserved", "length_m": 19.256103695878473, "최대경사_pct": 1.9009395063761523, "B등급": "양호", "기준선_근처": true, "계단": false, "급한전환": 0 }, "geometry": { "type": "LineString", "coordinates": [ [ 126.9521154, 37.5017173 ], [ 126.9520894, 37.5017988 ], [ 126.952054600000011, 37.5018838 ] ] } },
{ "type": "Feature", "properties": { "u": "2824550253", "v": "2825701327", "key": 0, "highway": "residential", "name": "상도로47길", "validation_status": "validated", "length_m": 24.105913593335682, "최대경사_pct": 0.95873159327215518, "B등급": "양호", "기준선_근처": true, "계단": false, "급한전환": 0 }, "geometry": { "type": "LineString", "coordinates": [ [ 126.9522611, 37.5011823 ], [ 126.95231050000001, 37.5009687 ] ] } },
{ "type": "Feature", "properties": { "u": "2824550253", "v": "2825731331", "key": 0, "highway": "service", "name": "상도로47길", "validation_status": "unobserved", "length_m": 56.313543074009843, "최대경사_pct": 9.4961238785919271, "B등급": "위험", "기준선_근처": true, "계단": false, "급한전환": 1 }, "geometry": { "type": "LineString", "coordinates": [ [ 126.9528401, 37.5010358 ], [ 126.9527574, 37.50113 ], [ 126.952567, 37.5010428 ], [ 126.952408, 37.5009937 ], [ 126.95231050000001, 37.5009687 ] ] } },
{ "type": "Feature", "properties": { "u": "2824550253", "v": "2825731308", "key": 0, "highway": "residential", "name": "상도로47길", "validation_status": "validated", "length_m": 69.200794467214934, "최대경사_pct": 0.23843916829311448, "B등급": "양호", "기준선_근처": false, "계단": false, "급한전환": 0 }, "geometry": { "type": "LineString", "coordinates": [ [ 126.9520757, 37.5003893 ], [ 126.952159600000016, 37.500482 ], [ 126.952291, 37.5007197 ], [ 126.95231050000001, 37.5009687 ] ] } },
{ "type": "Feature", "properties": { "u": "2825701327", "v": "2825731327", "key": 0, "highway": "service", "name": "상도로45길", "validation_status": "validated", "length_m": 78.772242690924585, "최대경사_pct": 1.423906774586869, "B등급": "양호", "기준선_근처": true, "계단": false, "급한전환": 0 }, "geometry": { "type": "LineString", "coordinates": [ [ 126.9515342, 37.500772 ], [ 126.9522611, 37.5011823 ] ] } },
{ "type": "Feature", "properties": { "u": "2825701327", "v": "2825701322", "key": 0, "highway": "service", "name": "상도로45길", "validation_status": "validated", "length_m": 93.678013806863504, "최대경사_pct": 8.8540583509451523, "B등급": "위험", "기준선_근처": true, "계단": false, "급한전환": 0 }, "geometry": { "type": "LineString", "coordinates": [ [ 126.9531303, 37.5016648 ], [ 126.953059700000011, 37.50162310000001 ], [ 126.9522611, 37.5011823 ] ] } },
{ "type": "Feature", "properties": { "u": "2825701327", "v": "4621475838", "key": 0, "highway": "residential", "name": "상도로47길", "validation_status": "validated", "length_m": 60.768669718394605, "최대경사_pct": 9.4590882962427436, "B등급": "위험", "기준선_근처": true, "계단": false, "급한전환": 0 }, "geometry": { "type": "LineString", "coordinates": [ [ 126.9521154, 37.5017173 ], [ 126.952169500000011, 37.50153959999998 ], [ 126.9522611, 37.5011823 ] ] } },
{ "type": "Feature", "properties": { "u": "2825731331", "v": "2825731302", "key": 0, "highway": "service", "name": "상도로47다길", "validation_status": "unobserved", "length_m": 21.951503222114617, "최대경사_pct": 4.2373056598287562, "B등급": "양호", "기준선_근처": true, "계단": false, "급한전환": 0 }, "geometry": { "type": "LineString", "coordinates": [ [ 126.953014700000011, 37.5008952 ], [ 126.9528401, 37.5010358 ] ] } },
{ "type": "Feature", "properties": { "u": "2825731331", "v": "2825701322", "key": 0, "highway": "service", "name": "상도로47다길", "validation_status": "validated", "length_m": 78.121957610760148, "최대경사_pct": 3.2591910868864149, "B등급": "양호", "기준선_근처": true, "계단": false, "급한전환": 0 }, "geometry": { "type": "LineString", "coordinates": [ [ 126.9531303, 37.5016648 ], [ 126.9531126, 37.5014276 ], [ 126.95311, 37.501334 ], [ 126.953061700000021, 37.501234 ], [ 126.9529571, 37.501136099999989 ], [ 126.9528401, 37.5010358 ] ] } },
{ "type": "Feature", "properties": { "u": "2825731308", "v": "2825731327", "key": 0, "highway": "service", "name": "상도로47길", "validation_status": "validated", "length_m": 65.868324083232835, "최대경사_pct": 2.7768605269066762, "B등급": "양호", "기준선_근처": true, "계단": false, "급한전환": 0 }, "geometry": { "type": "LineString", "coordinates": [ [ 126.9515342, 37.500772 ], [ 126.9518615, 37.500464 ], [ 126.951939700000011, 37.5004169 ], [ 126.9520757, 37.5003893 ] ] } },
{ "type": "Feature", "properties": { "u": "2825731308", "v": "2825731303", "key": 0, "highway": "service", "name": "상도로47나길", "validation_status": "unobserved", "length_m": 91.279111004814524, "최대경사_pct": 5.5223302227571294, "B등급": "양호", "기준선_근처": true, "계단": false, "급한전환": 0 }, "geometry": { "type": "LineString", "coordinates": [ [ 126.9529995, 37.5002985 ], [ 126.952944400000021, 37.5003816 ], [ 126.952858099999986, 37.500428 ], [ 126.952744399999986, 37.5004448 ], [ 126.9526376, 37.5004332 ], [ 126.9522315, 37.500354 ], [ 126.9521576, 37.5003514 ], [ 126.9520757, 37.5003893 ] ] } },
{ "type": "Feature", "properties": { "u": "2825731308", "v": "2825730230", "key": 0, "highway": "residential", "name": "상도로47길", "validation_status": "validated", "length_m": 50.435424742920759, "최대경사_pct": 3.5650134739087256, "B등급": "양호", "기준선_근처": true, "계단": false, "급한전환": 0 }, "geometry": { "type": "LineString", "coordinates": [ [ 126.9517475, 37.5000179 ], [ 126.9518026, 37.5000896 ], [ 126.9520757, 37.5003893 ] ] } },
{ "type": "Feature", "properties": { "u": "2824550259", "v": "2825701326", "key": 0, "highway": "primary", "name": "상도로", "validation_status": "unobserved", "length_m": 91.30122865709231, "최대경사_pct": 1.6438108248187902, "B등급": "양호", "기준선_근처": true, "계단": false, "급한전환": 0 }, "geometry": { "type": "LineString", "coordinates": [ [ 126.9503988, 37.5001308 ], [ 126.9509839, 37.499453 ] ] } },
{ "type": "Feature", "properties": { "u": "2824550259", "v": "2825706570", "key": 0, "highway": "residential", "name": "상도로47길", "validation_status": "validated", "length_m": 48.137994893205942, "최대경사_pct": 4.6446533814553348, "B등급": "양호", "기준선_근처": true, "계단": false, "급한전환": 0 }, "geometry": { "type": "LineString", "coordinates": [ [ 126.9514313, 37.499698700000025 ], [ 126.951339, 37.4996347 ], [ 126.9509839, 37.499453 ] ] } },
{ "type": "Feature", "properties": { "u": "2824550259", "v": "11413637598", "key": 0, "highway": "primary", "name": "상도로", "validation_status": "unobserved", "length_m": 77.818519510786444, "최대경사_pct": 6.1404814005443651, "B등급": "주의", "기준선_근처": true, "계단": false, "급한전환": 0 }, "geometry": { "type": "LineString", "coordinates": [ [ 126.951478, 37.4988728 ], [ 126.951353, 37.499017400000028 ], [ 126.9509839, 37.499453 ] ] } },
{ "type": "Feature", "properties": { "u": "2825701326", "v": "4621469141", "key": 0, "highway": "primary", "name": "상도로", "validation_status": "unobserved", "length_m": 91.18315928613697, "최대경사_pct": 2.4878948600308712, "B등급": "양호", "기준선_근처": true, "계단": false, "급한전환": 0 }, "geometry": { "type": "LineString", "coordinates": [ [ 126.9498242, 37.500813 ], [ 126.9503988, 37.5001308 ] ] } },
{ "type": "Feature", "properties": { "u": "2825701326", "v": "2825706577", "key": 0, "highway": "service", "name": "상도로45길", "validation_status": "unobserved", "length_m": 47.588267048183582, "최대경사_pct": 1.6533594044311193, "B등급": "양호", "기준선_근처": true, "계단": false, "급한전환": 0 }, "geometry": { "type": "LineString", "coordinates": [ [ 126.950836200000012, 37.5003799 ], [ 126.9504437, 37.5001637 ], [ 126.9503988, 37.5001308 ] ] } },
{ "type": "Feature", "properties": { "u": "2825706570", "v": "2825706548", "key": 0, "highway": "service", "name": "상도로37길", "validation_status": "unobserved", "length_m": 90.462977364658641, "최대경사_pct": 4.9744513957278143, "B등급": "양호", "기준선_근처": true, "계단": false, "급한전환": 0 }, "geometry": { "type": "LineString", "coordinates": [ [ 126.9520157, 37.4990297 ], [ 126.9514313, 37.499698700000025 ] ] } },
{ "type": "Feature", "properties": { "u": "2825706570", "v": "2825706577", "key": 0, "highway": "service", "name": "상도로37길", "validation_status": "unobserved", "length_m": 92.114573879787159, "최대경사_pct": 2.6970413428685736, "B등급": "양호", "기준선_근처": true, "계단": false, "급한전환": 0 }, "geometry": { "type": "LineString", "coordinates": [ [ 126.950836200000012, 37.5003799 ], [ 126.9514313, 37.499698700000025 ] ] } },
{ "type": "Feature", "properties": { "u": "2825706570", "v": "2825730230", "key": 0, "highway": "residential", "name": "상도로47길", "validation_status": "validated", "length_m": 45.199767503761926, "최대경사_pct": 5.6521042496055305, "B등급": "주의", "기준선_근처": true, "계단": false, "급한전환": 0 }, "geometry": { "type": "LineString", "coordinates": [ [ 126.9517475, 37.5000179 ], [ 126.951477, 37.499733 ], [ 126.9514313, 37.499698700000025 ] ] } },
{ "type": "Feature", "properties": { "u": "11413637598", "v": "2824550264", "key": 0, "highway": "primary", "name": "상도로", "validation_status": "unobserved", "length_m": 7.8993280947212554, "최대경사_pct": 8.3333333333333321, "B등급": "주의", "기준선_근처": true, "계단": false, "급한전환": 0 }, "geometry": { "type": "LineString", "coordinates": [ [ 126.951528699999983, 37.498814200000012 ], [ 126.951478, 37.4988728 ] ] } },
{ "type": "Feature", "properties": { "u": "11413637598", "v": "13597219419", "key": 0, "highway": "footway", "name": null, "validation_status": "unobserved", "length_m": 12.504235862728525, "최대경사_pct": 4.3485977770477406, "B등급": "양호", "기준선_근처": true, "계단": false, "급한전환": 0 }, "geometry": { "type": "LineString", "coordinates": [ [ 126.951367800000014, 37.4988022 ], [ 126.951478, 37.4988728 ] ] } },
{ "type": "Feature", "properties": { "u": "11413637598", "v": "11413637573", "key": 0, "highway": "footway", "name": null, "validation_status": "unobserved", "length_m": 24.319807029078746, "최대경사_pct": 6.8706257639684045, "B등급": "주의", "기준선_근처": true, "계단": false, "급한전환": 1 }, "geometry": { "type": "LineString", "coordinates": [ [ 126.951678900000019, 37.498873900000021 ], [ 126.951597600000014, 37.4989475 ], [ 126.951478, 37.4988728 ] ] } },
{ "type": "Feature", "properties": { "u": "2824550264", "v": "13597219420", "key": 0, "highway": "residential", "name": "상도로50길", "validation_status": "unobserved", "length_m": 12.568523466032294, "최대경사_pct": 1.8287344681982276, "B등급": "양호", "기준선_근처": true, "계단": false, "급한전환": 0 }, "geometry": { "type": "LineString", "coordinates": [ [ 126.9514117, 37.4987499 ], [ 126.951528699999983, 37.498814200000012 ] ] } },
{ "type": "Feature", "properties": { "u": "2824550264", "v": "11413637573", "key": 0, "highway": "service", "name": "상도로49길", "validation_status": "unobserved", "length_m": 14.842732397036093, "최대경사_pct": 0.44090656437980158, "B등급": "양호", "기준선_근처": false, "계단": false, "급한전환": 0 }, "geometry": { "type": "LineString", "coordinates": [ [ 126.951678900000019, 37.498873900000021 ], [ 126.951528699999983, 37.498814200000012 ] ] } },
{ "type": "Feature", "properties": { "u": "2824550264", "v": "2824550275", "key": 0, "highway": "primary", "name": "상도로", "validation_status": "unobserved", "length_m": 65.683570386011695, "최대경사_pct": 0.26193772521938324, "B등급": "양호", "기준선_근처": false, "계단": false, "급한전환": 0 }, "geometry": { "type": "LineString", "coordinates": [ [ 126.9519613, 37.4983334 ], [ 126.9516534, 37.4986624 ], [ 126.951528699999983, 37.498814200000012 ] ] } },
{ "type": "Feature", "properties": { "u": "13597219420", "v": "11413637596", "key": 0, "highway": "residential", "name": "상도로50길", "validation_status": "unobserved", "length_m": 9.3368674039294053, "최대경사_pct": 2.7098560458355556, "B등급": "양호", "기준선_근처": true, "계단": false, "급한전환": 0 }, "geometry": { "type": "LineString", "coordinates": [ [ 126.9513266, 37.4987001 ], [ 126.9514117, 37.4987499 ] ] } },
{ "type": "Feature", "properties": { "u": "13597219420", "v": "13597219419", "key": 0, "highway": "primary", "name": "상도로", "validation_status": "unobserved", "length_m": 6.9830584948670644, "최대경사_pct": 8.3333333333333321, "B등급": "주의", "기준선_근처": true, "계단": false, "급한전환": 0 }, "geometry": { "type": "LineString", "coordinates": [ [ 126.951367800000014, 37.4988022 ], [ 126.9514117, 37.4987499 ] ] } },
{ "type": "Feature", "properties": { "u": "13597219420", "v": "13597219421", "key": 0, "highway": "primary", "name": "상도로", "validation_status": "unobserved", "length_m": 65.556555962515944, "최대경사_pct": 1.0838622092447561e-14, "B등급": "양호", "기준선_근처": false, "계단": false, "급한전환": 0 }, "geometry": { "type": "LineString", "coordinates": [ [ 126.95183320000001, 37.498264 ], [ 126.95144190000002, 37.49871670000001 ], [ 126.9514117, 37.4987499 ] ] } },
{ "type": "Feature", "properties": { "u": "11413637573", "v": "2825706548", "key": 0, "highway": "service", "name": "상도로49길", "validation_status": "unobserved", "length_m": 34.438059193251796, "최대경사_pct": 0.11828661512894929, "B등급": "양호", "기준선_근처": false, "계단": false, "급한전환": 0 }, "geometry": { "type": "LineString", "coordinates": [ [ 126.9520157, 37.4990297 ], [ 126.951678900000019, 37.498873900000021 ] ] } },
{ "type": "Feature", "properties": { "u": "11413637573", "v": "11413637581", "key": 0, "highway": "footway", "name": null, "validation_status": "unobserved", "length_m": 63.479427323098228, "최대경사_pct": 0.6413352385999993, "B등급": "양호", "기준선_근처": false, "계단": false, "급한전환": 0 }, "geometry": { "type": "LineString", "coordinates": [ [ 126.952082499999989, 37.4984009 ], [ 126.951678900000019, 37.498873900000021 ] ] } },
{ "type": "Feature", "properties": { "u": "2824550275", "v": "11413637581", "key": 0, "highway": "service", "name": "상도로", "validation_status": "unobserved", "length_m": 13.076203277755333, "최대경사_pct": 0.98521187253185849, "B등급": "양호", "기준선_근처": true, "계단": false, "급한전환": 0 }, "geometry": { "type": "LineString", "coordinates": [ [ 126.952082499999989, 37.4984009 ], [ 126.9519613, 37.4983334 ] ] } },
{ "type": "Feature", "properties": { "u": "2824550275", "v": "11413637820", "key": 0, "highway": "primary", "name": "상도로", "validation_status": "unobserved", "length_m": 79.371963508751605, "최대경사_pct": 2.6934457262741169, "B등급": "양호", "기준선_근처": true, "계단": false, "급한전환": 0 }, "geometry": { "type": "LineString", "coordinates": [ [ 126.952468, 37.4977431 ], [ 126.9523071, 37.497930599999989 ], [ 126.9519613, 37.4983334 ] ] } },
{ "type": "Feature", "properties": { "u": "2824550268", "v": "11413637840", "key": 0, "highway": "residential", "name": "상도로50길", "validation_status": "unobserved", "length_m": 5.3562854822453669, "최대경사_pct": 7.3645411748198581, "B등급": "주의", "기준선_근처": true, "계단": false, "급한전환": 0 }, "geometry": { "type": "LineString", "coordinates": [ [ 126.9502903, 37.4972956 ], [ 126.950262800000019, 37.4972526 ] ] } },
{ "type": "Feature", "properties": { "u": "2824550268", "v": "11413637475", "key": 0, "highway": "residential", "name": "상도로50길", "validation_status": "unobserved", "length_m": 7.592158248489616, "최대경사_pct": 8.4000772653092071, "B등급": "위험", "기준선_근처": true, "계단": false, "급한전환": 0 }, "geometry": { "type": "LineString", "coordinates": [ [ 126.95022, 37.4971933 ], [ 126.950262800000019, 37.4972526 ] ] } },
{ "type": "Feature", "properties": { "u": "2824550268", "v": "11413637861", "key": 0, "highway": "tertiary", "name": "상도로54길", "validation_status": "unobserved", "length_m": 8.85424436909768, "최대경사_pct": 2.7504985276533724, "B등급": "양호", "기준선_근처": true, "계단": false, "급한전환": 0 }, "geometry": { "type": "LineString", "coordinates": [ [ 126.950352899999984, 37.4972178 ], [ 126.950262800000019, 37.4972526 ] ] } },
{ "type": "Feature", "properties": { "u": "2824550268", "v": "11413637605", "key": 0, "highway": "residential", "name": null, "validation_status": "unobserved", "length_m": 8.8017082585231101, "최대경사_pct": 5.5958917148923843, "B등급": "주의", "기준선_근처": true, "계단": false, "급한전환": 0 }, "geometry": { "type": "LineString", "coordinates": [ [ 126.9501714, 37.497284 ], [ 126.950262800000019, 37.4972526 ] ] } },
{ "type": "Feature", "properties": { "u": "11413637840", "v": "11413637803", "key": 0, "highway": "footway", "name": null, "validation_status": "unobserved", "length_m": 8.9486301772090062, "최대경사_pct": 5.9175531841774642, "B등급": "주의", "기준선_근처": true, "계단": false, "급한전환": 0 }, "geometry": { "type": "LineString", "coordinates": [ [ 126.9501986, 37.4973297 ], [ 126.9502903, 37.4972956 ] ] } },
{ "type": "Feature", "properties": { "u": "11413637840", "v": "11413637609", "key": 0, "highway": "footway", "name": null, "validation_status": "unobserved", "length_m": 8.528967682641623, "최대경사_pct": 3.4039264843442401, "B등급": "양호", "기준선_근처": true, "계단": false, "급한전환": 0 }, "geometry": { "type": "LineString", "coordinates": [ [ 126.950377700000018, 37.4972631 ], [ 126.9502903, 37.4972956 ] ] } },
{ "type": "Feature", "properties": { "u": "11413637840", "v": "2824550281", "key": 0, "highway": "residential", "name": "상도로50길", "validation_status": "unobserved", "length_m": 121.09480042329977, "최대경사_pct": 4.8400346558591281, "B등급": "양호", "기준선_근처": true, "계단": false, "급한전환": 0 }, "geometry": { "type": "LineString", "coordinates": [ [ 126.9509195, 37.4982646 ], [ 126.95077710000001, 37.4980568 ], [ 126.9502903, 37.4972956 ] ] } },
{ "type": "Feature", "properties": { "u": "11413637475", "v": "11413637759", "key": 0, "highway": "footway", "name": null, "validation_status": "unobserved", "length_m": 8.4472933227354829, "최대경사_pct": 5.4610849318004284, "B등급": "양호", "기준선_근처": true, "계단": false, "급한전환": 0 }, "geometry": { "type": "LineString", "coordinates": [ [ 126.9501321, 37.4972231 ], [ 126.95022, 37.4971933 ] ] } },
{ "type": "Feature", "properties": { "u": "11413637475", "v": "11413637584", "key": 0, "highway": "footway", "name": null, "validation_status": "unobserved", "length_m": 9.6800238843807627, "최대경사_pct": 2.172223837376658, "B등급": "양호", "기준선_근처": true, "계단": false, "급한전환": 0 }, "geometry": { "type": "LineString", "coordinates": [ [ 126.95032070000002, 37.4971591 ], [ 126.95022, 37.4971933 ] ] } },
{ "type": "Feature", "properties": { "u": "11413637861", "v": "2824550279", "key": 0, "highway": "tertiary", "name": "상도로54길", "validation_status": "unobserved", "length_m": 31.485079488792433, "최대경사_pct": 0.096326284830752229, "B등급": "양호", "기준선_근처": false, "계단": false, "급한전환": 0 }, "geometry": { "type": "LineString", "coordinates": [ [ 126.9506747, 37.4970964 ], [ 126.950352899999984, 37.4972178 ] ] } },
{ "type": "Feature", "properties": { "u": "11413637861", "v": "11413637584", "key": 0, "highway": "footway", "name": null, "validation_status": "unobserved", "length_m": 7.1100025080009992, "최대경사_pct": 9.0336287729873508, "B등급": "위험", "기준선_근처": true, "계단": false, "급한전환": 0 }, "geometry": { "type": "LineString", "coordinates": [ [ 126.95032070000002, 37.4971591 ], [ 126.950352899999984, 37.4972178 ] ] } },
{ "type": "Feature", "properties": { "u": "11413637861", "v": "11413637609", "key": 0, "highway": "footway", "name": null, "validation_status": "unobserved", "length_m": 5.4851868109731496, "최대경사_pct": 8.3227289748823807, "B등급": "주의", "기준선_근처": true, "계단": false, "급한전환": 0 }, "geometry": { "type": "LineString", "coordinates": [ [ 126.950377700000018, 37.4972631 ], [ 126.950352899999984, 37.4972178 ] ] } },
{ "type": "Feature", "properties": { "u": "11413637605", "v": "11413637759", "key": 0, "highway": "footway", "name": null, "validation_status": "unobserved", "length_m": 7.6001910244330864, "최대경사_pct": 7.696558650894131, "B등급": "주의", "기준선_근처": true, "계단": false, "급한전환": 0 }, "geometry": { "type": "LineString", "coordinates": [ [ 126.9501321, 37.4972231 ], [ 126.9501714, 37.497284 ] ] } },
{ "type": "Feature", "properties": { "u": "11413637605", "v": "11413637803", "key": 0, "highway": "footway", "name": null, "validation_status": "unobserved", "length_m": 5.6135136164895743, "최대경사_pct": 6.3390640318428852, "B등급": "주의", "기준선_근처": true, "계단": false, "급한전환": 0 }, "geometry": { "type": "LineString", "coordinates": [ [ 126.9501986, 37.4973297 ], [ 126.9501714, 37.497284 ] ] } },
{ "type": "Feature", "properties": { "u": "11413637605", "v": "2825738321", "key": 0, "highway": "residential", "name": null, "validation_status": "unobserved", "length_m": 22.933549894448781, "최대경사_pct": 8.6456415853060999, "B등급": "위험", "기준선_근처": true, "계단": false, "급한전환": 1 }, "geometry": { "type": "LineString", "coordinates": [ [ 126.9499962, 37.497403399999982 ], [ 126.9500064, 37.4973403 ], [ 126.9501714, 37.497284 ] ] } },
{ "type": "Feature", "properties": { "u": "11413637581", "v": "4621460690", "key": 0, "highway": "service", "name": "상도로", "validation_status": "unobserved", "length_m": 35.02590515787422, "최대경사_pct": 4.7724706476221002, "B등급": "양호", "기준선_근처": true, "계단": false, "급한전환": 0 }, "geometry": { "type": "LineString", "coordinates": [ [ 126.9524068, 37.4985821 ], [ 126.952082499999989, 37.4984009 ] ] } },
{ "type": "Feature", "properties": { "u": "11413637581", "v": "11413637916", "key": 0, "highway": "footway", "name": null, "validation_status": "unobserved", "length_m": 80.2510098832945, "최대경사_pct": 3.7546763404601919, "B등급": "양호", "기준선_근처": true, "계단": false, "급한전환": 0 }, "geometry": { "type": "LineString", "coordinates": [ [ 126.9525737, 37.4977929 ], [ 126.952082499999989, 37.4984009 ] ] } },
{ "type": "Feature", "properties": { "u": "11413637820", "v": "13597219422", "key": 0, "highway": "footway", "name": null, "validation_status": "unobserved", "length_m": 12.67031693669353, "최대경사_pct": 0.68322146232006276, "B등급": "양호", "기준선_근처": false, "계단": false, "급한전환": 0 }, "geometry": { "type": "LineString", "coordinates": [ [ 126.952351, 37.4976772 ], [ 126.952468, 37.4977431 ] ] } },
{ "type": "Feature", "properties": { "u": "11413637820", "v": "11413637916", "key": 0, "highway": "footway", "name": null, "validation_status": "unobserved", "length_m": 10.858776404527081, "최대경사_pct": 3.8682904121072901, "B등급": "양호", "기준선_근처": true, "계단": false, "급한전환": 0 }, "geometry": { "type": "LineString", "coordinates": [ [ 126.9525737, 37.4977929 ], [ 126.952468, 37.4977431 ] ] } },
{ "type": "Feature", "properties": { "u": "11413637820", "v": "2824550308", "key": 0, "highway": "primary", "name": "상도로", "validation_status": "unobserved", "length_m": 22.148747881866733, "최대경사_pct": 4.0610050654080725, "B등급": "양호", "기준선_근처": true, "계단": false, "급한전환": 0 }, "geometry": { "type": "LineString", "coordinates": [ [ 126.952608700000013, 37.497578 ], [ 126.952468, 37.4977431 ] ] } },
{ "type": "Feature", "properties": { "u": "2824550277", "v": "2824550283", "key": 0, "highway": "service", "name": "상도로52길", "validation_status": "unobserved", "length_m": 34.733230755269325, "최대경사_pct": 8.0217034908784992, "B등급": "주의", "기준선_근처": true, "계단": false, "급한전환": 0 }, "geometry": { "type": "LineString", "coordinates": [ [ 126.9515194, 37.4980944 ], [ 126.9512645, 37.4978563 ] ] } },
{ "type": "Feature", "properties": { "u": "2824550277", "v": "2824550281", "key": 0, "highway": "service", "name": "상도로50길", "validation_status": "unobserved", "length_m": 54.628309362921996, "최대경사_pct": 0.51192235605496939, "B등급": "양호", "기준선_근처": false, "계단": false, "급한전환": 0 }, "geometry": { "type": "LineString", "coordinates": [ [ 126.9509195, 37.4982646 ], [ 126.9512645, 37.4978563 ] ] } },
{ "type": "Feature", "properties": { "u": "2824550277", "v": "11413637831", "key": 0, "highway": "service", "name": "상도로52길", "validation_status": "unobserved", "length_m": 94.821994244029824, "최대경사_pct": 4.3045803065267876, "B등급": "양호", "기준선_근처": true, "계단": false, "급한전환": 0 }, "geometry": { "type": "LineString", "coordinates": [ [ 126.950698800000012, 37.4971364 ], [ 126.9509623, 37.4975582 ], [ 126.9512645, 37.4978563 ] ] } },
{ "type": "Feature", "properties": { "u": "2824550283", "v": "11413637666", "key": 0, "highway": "service", "name": "상도로52길", "validation_status": "unobserved", "length_m": 24.264981498273141, "최대경사_pct": 4.8295461247090898, "B등급": "양호", "기준선_근처": true, "계단": false, "급한전환": 0 }, "geometry": { "type": "LineString", "coordinates": [ [ 126.9517466, 37.498217 ], [ 126.9515194, 37.4980944 ] ] } },
{ "type": "Feature", "properties": { "u": "2824550283", "v": "11413637793", "key": 0, "highway": "residential", "name": "상도로62길", "validation_status": "unobserved", "length_m": 87.93928595812578, "최대경사_pct": 3.6039418409849007, "B등급": "양호", "기준선_근처": true, "계단": false, "급한전환": 0 }, "geometry": { "type": "LineString", "coordinates": [ [ 126.9520931, 37.4974472 ], [ 126.9515194, 37.4980944 ] ] } },
{ "type": "Feature", "properties": { "u": "2824550283", "v": "2824550282", "key": 0, "highway": "residential", "name": "상도로62길", "validation_status": "unobserved", "length_m": 58.275831137910608, "최대경사_pct": 2.2752381847581304, "B등급": "양호", "기준선_근처": true, "계단": false, "급한전환": 0 }, "geometry": { "type": "LineString", "coordinates": [ [ 126.9511412, 37.4985244 ], [ 126.9515194, 37.4980944 ] ] } },
{ "type": "Feature", "properties": { "u": "2824550281", "v": "2824550282", "key": 0, "highway": "residential", "name": "상도로50길", "validation_status": "unobserved", "length_m": 34.898775676761971, "최대경사_pct": 7.8471543567176614, "B등급": "주의", "기준선_근처": true, "계단": false, "급한전환": 0 }, "geometry": { "type": "LineString", "coordinates": [ [ 126.9511412, 37.4985244 ], [ 126.950949600000015, 37.4983085 ], [ 126.9509195, 37.4982646 ] ] } },
{ "type": "Feature", "properties": { "u": "11413637831", "v": "2824550279", "key": 0, "highway": "service", "name": "상도로52길", "validation_status": "unobserved", "length_m": 4.9245024956243517, "최대경사_pct": 14.698483842745999, "B등급": "위험", "기준선_근처": false, "계단": false, "급한전환": 0 }, "geometry": { "type": "LineString", "coordinates": [ [ 126.9506747, 37.4970964 ], [ 126.950698800000012, 37.4971364 ] ] } },
{ "type": "Feature", "properties": { "u": "11413637831", "v": "11413637609", "key": 0, "highway": "footway", "name": null, "validation_status": "unobserved", "length_m": 31.685764889376671, "최대경사_pct": 0.045933353306040203, "B등급": "양호", "기준선_근처": false, "계단": false, "급한전환": 0 }, "geometry": { "type": "LineString", "coordinates": [ [ 126.950377700000018, 37.4972631 ], [ 126.950698800000012, 37.4971364 ] ] } },
{ "type": "Feature", "properties": { "u": "11413637831", "v": "11413637888", "key": 0, "highway": "footway", "name": null, "validation_status": "unobserved", "length_m": 66.630808255890571, "최대경사_pct": 2.3365781581686136, "B등급": "양호", "기준선_근처": true, "계단": false, "급한전환": 0 }, "geometry": { "type": "LineString", "coordinates": [ [ 126.9514103, 37.4972203 ], [ 126.951092, 37.4971175 ], [ 126.95093559999998, 37.4970868 ], [ 126.950847, 37.4970876 ], [ 126.950698800000012, 37.4971364 ] ] } },
{ "type": "Feature", "properties": { "u": "2824550279", "v": "10589220802", "key": 0, "highway": "tertiary", "name": "상도로54길", "validation_status": "unobserved", "length_m": 60.045451804750442, "최대경사_pct": 1.4969168821656755, "B등급": "양호", "기준선_근처": true, "계단": false, "급한전환": 0 }, "geometry": { "type": "LineString", "coordinates": [ [ 126.951316899999981, 37.4971075 ], [ 126.9512323, 37.4970788 ], [ 126.951010100000019, 37.4970242 ], [ 126.950888100000014, 37.4970228 ], [ 126.9506747, 37.4970964 ] ] } },
{ "type": "Feature", "properties": { "u": "10589220802", "v": "11413637897", "key": 0, "highway": "tertiary", "name": "상도로54길", "validation_status": "unobserved", "length_m": 13.037221164792722, "최대경사_pct": 4.1302290419634007, "B등급": "양호", "기준선_근처": true, "계단": false, "급한전환": 0 }, "geometry": { "type": "LineString", "coordinates": [ [ 126.951453900000018, 37.4971509 ], [ 126.951316899999981, 37.4971075 ] ] } },
{ "type": "Feature", "properties": { "u": "10589220802", "v": "11413637585", "key": 0, "highway": "service", "name": null, "validation_status": "unobserved", "length_m": 8.8187714531294201, "최대경사_pct": 5.9752169216805129, "B등급": "주의", "기준선_근처": true, "계단": false, "급한전환": 0 }, "geometry": { "type": "LineString", "coordinates": [ [ 126.9513529, 37.4970334 ], [ 126.951316899999981, 37.4971075 ] ] } },
{ "type": "Feature", "properties": { "u": "2824550282", "v": "3337436846", "key": 0, "highway": "residential", "name": "상도로50길", "validation_status": "unobserved", "length_m": 16.78902365393332, "최대경사_pct": 2.75328572792804, "B등급": "양호", "기준선_근처": true, "계단": false, "급한전환": 0 }, "geometry": { "type": "LineString", "coordinates": [ [ 126.9512597, 37.4986419 ], [ 126.9512013, 37.4985941 ], [ 126.9511412, 37.4985244 ] ] } },
{ "type": "Feature", "properties": { "u": "3337436846", "v": "11413637596", "key": 0, "highway": "residential", "name": "상도로50길", "validation_status": "unobserved", "length_m": 8.7590383472520728, "최대경사_pct": 1.9585381704036329, "B등급": "양호", "기준선_근처": true, "계단": false, "급한전환": 0 }, "geometry": { "type": "LineString", "coordinates": [ [ 126.9513266, 37.4987001 ], [ 126.9512597, 37.4986419 ] ] } },
{ "type": "Feature", "properties": { "u": "3337436846", "v": "13281452472", "key": 0, "highway": "service", "name": "상도로50길", "validation_status": "unobserved", "length_m": 87.550214073123286, "최대경사_pct": 4.3519955259295298, "B등급": "양호", "기준선_근처": true, "계단": false, "급한전환": 0 }, "geometry": { "type": "LineString", "coordinates": [ [ 126.950698, 37.4992915 ], [ 126.9512597, 37.4986419 ] ] } },
{ "type": "Feature", "properties": { "u": "11413637666", "v": "13597219421", "key": 0, "highway": "service", "name": "상도로52길", "validation_status": "unobserved", "length_m": 9.2656899175217831, "최대경사_pct": 2.4014774059778907, "B등급": "양호", "기준선_근처": true, "계단": false, "급한전환": 0 }, "geometry": { "type": "LineString", "coordinates": [ [ 126.95183320000001, 37.498264 ], [ 126.9517466, 37.498217 ] ] } },
{ "type": "Feature", "properties": { "u": "11413637666", "v": "11413637779", "key": 0, "highway": "footway", "name": null, "validation_status": "unobserved", "length_m": 79.768661108464741, "최대경사_pct": 3.2282398770107927, "B등급": "양호", "기준선_근처": true, "계단": false, "급한전환": 0 }, "geometry": { "type": "LineString", "coordinates": [ [ 126.9522703, 37.4976318 ], [ 126.9517466, 37.498217 ] ] } },
{ "type": "Feature", "properties": { "u": "11413637666", "v": "11413637596", "key": 0, "highway": "footway", "name": null, "validation_status": "unobserved", "length_m": 65.224317986103216, "최대경사_pct": 0.0, "B등급": "양호", "기준선_근처": false, "계단": false, "급한전환": 0 }, "geometry": { "type": "LineString", "coordinates": [ [ 126.9513266, 37.4987001 ], [ 126.9517466, 37.498217 ] ] } },
{ "type": "Feature", "properties": { "u": "11413637793", "v": "2824550284", "key": 0, "highway": "residential", "name": "상도로62길", "validation_status": "unobserved", "length_m": 11.667611646390339, "최대경사_pct": 2.4007262299607746, "B등급": "양호", "기준선_근처": true, "계단": false, "급한전환": 0 }, "geometry": { "type": "LineString", "coordinates": [ [ 126.9521721, 37.497363 ], [ 126.9520931, 37.4974472 ] ] } },
{ "type": "Feature", "properties": { "u": "11413637793", "v": "11413637888", "key": 0, "highway": "footway", "name": null, "validation_status": "unobserved", "length_m": 65.420266131499545, "최대경사_pct": 3.8471850842617137, "B등급": "양호", "기준선_근처": true, "계단": false, "급한전환": 0 }, "geometry": { "type": "LineString", "coordinates": [ [ 126.9514103, 37.4972203 ], [ 126.9520931, 37.4974472 ] ] } },
{ "type": "Feature", "properties": { "u": "11413637793", "v": "11413637879", "key": 0, "highway": "footway", "name": null, "validation_status": "unobserved", "length_m": 21.82177780641954, "최대경사_pct": 4.6055026324565418, "B등급": "양호", "기준선_근처": true, "계단": false, "급한전환": 0 }, "geometry": { "type": "LineString", "coordinates": [ [ 126.9522967, 37.4975583 ], [ 126.9520931, 37.4974472 ] ] } },
{ "type": "Feature", "properties": { "u": "2824550284", "v": "2824550285", "key": 0, "highway": "residential", "name": "상도로62길", "validation_status": "unobserved", "length_m": 11.470025960507515, "최대경사_pct": 1.8082430671380105, "B등급": "양호", "기준선_근처": true, "계단": false, "급한전환": 0 }, "geometry": { "type": "LineString", "coordinates": [ [ 126.952248700000013, 37.4972796 ], [ 126.9521721, 37.497363 ] ] } },
{ "type": "Feature", "properties": { "u": "2824550284", "v": "11413637833", "key": 0, "highway": "tertiary", "name": "상도로54길", "validation_status": "unobserved", "length_m": 20.702260287527903, "최대경사_pct": 3.3955640854338283, "B등급": "양호", "기준선_근처": true, "계단": false, "급한전환": 0 }, "geometry": { "type": "LineString", "coordinates": [ [ 126.9523735, 37.4974581 ], [ 126.9521721, 37.497363 ] ] } },
{ "type": "Feature", "properties": { "u": "2824550284", "v": "11413637897", "key": 0, "highway": "tertiary", "name": "상도로54길", "validation_status": "unobserved", "length_m": 67.731848580796338, "최대경사_pct": 4.147383264313846, "B등급": "양호", "기준선_근처": true, "계단": false, "급한전환": 0 }, "geometry": { "type": "LineString", "coordinates": [ [ 126.951453900000018, 37.4971509 ], [ 126.9521721, 37.497363 ] ] } },
{ "type": "Feature", "properties": { "u": "2824550285", "v": "11413637693", "key": 0, "highway": "footway", "name": null, "validation_status": "unobserved", "length_m": 70.089499593494921, "최대경사_pct": 4.7270392577085847, "B등급": "양호", "기준선_근처": true, "계단": false, "급한전환": 0 }, "geometry": { "type": "LineString", "coordinates": [ [ 126.9514982, 37.497076499999984 ], [ 126.952248700000013, 37.4972796 ] ] } },
{ "type": "Feature", "properties": { "u": "2824550285", "v": "11413637799", "key": 0, "highway": "footway", "name": null, "validation_status": "unobserved", "length_m": 21.060503137872448, "최대경사_pct": 3.0406790167216138, "B등급": "양호", "기준선_근처": true, "계단": false, "급한전환": 0 }, "geometry": { "type": "LineString", "coordinates": [ [ 126.952465300000014, 37.4973585 ], [ 126.952248700000013, 37.4972796 ] ] } },
{ "type": "Feature", "properties": { "u": "11413637833", "v": "13597219423", "key": 0, "highway": "tertiary", "name": "상도로54길", "validation_status": "unobserved", "length_m": 12.126391658310494, "최대경사_pct": 1.5493741369743219, "B등급": "양호", "기준선_근처": true, "계단": false, "급한전환": 0 }, "geometry": { "type": "LineString", "coordinates": [ [ 126.952489, 37.497517 ], [ 126.9523735, 37.4974581 ] ] } },
{ "type": "Feature", "properties": { "u": "11413637833", "v": "11413637799", "key": 0, "highway": "footway", "name": null, "validation_status": "unobserved", "length_m": 13.714786253118451, "최대경사_pct": 2.9172995257240566, "B등급": "양호", "기준선_근처": true, "계단": false, "급한전환": 0 }, "geometry": { "type": "LineString", "coordinates": [ [ 126.952465300000014, 37.4973585 ], [ 126.9523735, 37.4974581 ] ] } },
{ "type": "Feature", "properties": { "u": "11413637833", "v": "11413637879", "key": 0, "highway": "footway", "name": null, "validation_status": "unobserved", "length_m": 13.030585679215571, "최대경사_pct": 3.6871222814383606, "B등급": "양호", "기준선_근처": true, "계단": false, "급한전환": 0 }, "geometry": { "type": "LineString", "coordinates": [ [ 126.9522967, 37.4975583 ], [ 126.9523735, 37.4974581 ] ] } },
{ "type": "Feature", "properties": { "u": "11413637897", "v": "11413637693", "key": 0, "highway": "footway", "name": null, "validation_status": "unobserved", "length_m": 9.1395415318330109, "최대경사_pct": 6.4416226806666659, "B등급": "주의", "기준선_근처": true, "계단": false, "급한전환": 0 }, "geometry": { "type": "LineString", "coordinates": [ [ 126.9514982, 37.497076499999984 ], [ 126.951453900000018, 37.4971509 ] ] } },
{ "type": "Feature", "properties": { "u": "11413637897", "v": "11413637888", "key": 0, "highway": "footway", "name": null, "validation_status": "unobserved", "length_m": 8.6135546150813411, "최대경사_pct": 6.3204417771699895, "B등급": "주의", "기준선_근처": true, "계단": false, "급한전환": 0 }, "geometry": { "type": "LineString", "coordinates": [ [ 126.9514103, 37.4972203 ], [ 126.951453900000018, 37.4971509 ] ] } },
{ "type": "Feature", "properties": { "u": "11413637693", "v": "11413637585", "key": 0, "highway": "footway", "name": null, "validation_status": "unobserved", "length_m": 13.71417032193982, "최대경사_pct": 3.7940878282467123, "B등급": "양호", "기준선_근처": true, "계단": false, "급한전환": 0 }, "geometry": { "type": "LineString", "coordinates": [ [ 126.9513529, 37.4970334 ], [ 126.951442500000013, 37.4970615 ], [ 126.9514982, 37.497076499999984 ] ] } },
{ "type": "Feature", "properties": { "u": "11413637799", "v": "11413637939", "key": 0, "highway": "footway", "name": null, "validation_status": "unobserved", "length_m": 6.4271612983175306, "최대경사_pct": 2.3332478563516545, "B등급": "양호", "기준선_근처": true, "계단": false, "급한전환": 0 }, "geometry": { "type": "LineString", "coordinates": [ [ 126.952512700000014, 37.497314599999989 ], [ 126.952465300000014, 37.4973585 ] ] } },
{ "type": "Feature", "properties": { "u": "2824550308", "v": "11413637731", "key": 0, "highway": "tertiary", "name": "상도로53길", "validation_status": "unobserved", "length_m": 17.599748803394256, "최대경사_pct": 3.1640277124799825, "B등급": "양호", "기준선_근처": true, "계단": false, "급한전환": 0 }, "geometry": { "type": "LineString", "coordinates": [ [ 126.9527768, 37.4976629 ], [ 126.952608700000013, 37.497578 ] ] } },
{ "type": "Feature", "properties": { "u": "2824550308", "v": "13597219423", "key": 0, "highway": "tertiary", "name": "상도로54길", "validation_status": "unobserved", "length_m": 12.564842823111281, "최대경사_pct": 0.61092028095431528, "B등급": "양호", "기준선_근처": false, "계단": false, "급한전환": 0 }, "geometry": { "type": "LineString", "coordinates": [ [ 126.952489, 37.497517 ], [ 126.952608700000013, 37.497578 ] ] } },
{ "type": "Feature", "properties": { "u": "2824550308", "v": "13528976150", "key": 0, "highway": "primary", "name": "상도로", "validation_status": "unobserved", "length_m": 19.366037076450013, "최대경사_pct": 3.7498549554795111, "B등급": "양호", "기준선_근처": true, "계단": false, "급한전환": 0 }, "geometry": { "type": "LineString", "coordinates": [ [ 126.952733800000019, 37.497434800000015 ], [ 126.952641, 37.4975392 ], [ 126.952608700000013, 37.497578 ] ] } },
{ "type": "Feature", "properties": { "u": "11413637731", "v": "2825706563", "key": 0, "highway": "tertiary", "name": "상도로53길", "validation_status": "unobserved", "length_m": 31.437568759609356, "최대경사_pct": 6.7362262321771977, "B등급": "주의", "기준선_근처": true, "계단": false, "급한전환": 0 }, "geometry": { "type": "LineString", "coordinates": [ [ 126.9530751, 37.497817 ], [ 126.9527768, 37.4976629 ] ] } },
{ "type": "Feature", "properties": { "u": "11413637731", "v": "11413637673", "key": 0, "highway": "footway", "name": null, "validation_status": "unobserved", "length_m": 11.887497311914759, "최대경사_pct": 2.5201305166812915, "B등급": "양호", "기준선_근처": true, "계단": false, "급한전환": 0 }, "geometry": { "type": "LineString", "coordinates": [ [ 126.952858099999986, 37.4975776 ], [ 126.9527768, 37.4976629 ] ] } },
{ "type": "Feature", "properties": { "u": "11413637731", "v": "11413637561", "key": 0, "highway": "footway", "name": null, "validation_status": "unobserved", "length_m": 15.577305189863232, "최대경사_pct": 3.1337804552707147, "B등급": "양호", "기준선_근처": true, "계단": false, "급한전환": 0 }, "geometry": { "type": "LineString", "coordinates": [ [ 126.9526751, 37.4977775 ], [ 126.9527768, 37.4976629 ] ] } },
{ "type": "Feature", "properties": { "u": "13597219423", "v": "11413637615", "key": 0, "highway": "primary", "name": "상도로", "validation_status": "unobserved", "length_m": 19.60364089950988, "최대경사_pct": 3.9395437484786555, "B등급": "양호", "기준선_근처": true, "계단": false, "급한전환": 0 }, "geometry": { "type": "LineString", "coordinates": [ [ 126.95261, 37.497369 ], [ 126.952489, 37.497517 ] ] } },
{ "type": "Feature", "properties": { "u": "13597219423", "v": "13597219422", "key": 0, "highway": "primary", "name": "상도로", "validation_status": "unobserved", "length_m": 21.565026977922763, "최대경사_pct": 3.99650005705278, "B등급": "양호", "기준선_근처": true, "계단": false, "급한전환": 0 }, "geometry": { "type": "LineString", "coordinates": [ [ 126.952351, 37.4976772 ], [ 126.952390900000012, 37.4976312 ], [ 126.952489, 37.497517 ] ] } },
{ "type": "Feature", "properties": { "u": "13528976150", "v": "11413637615", "key": 0, "highway": "footway", "name": null, "validation_status": "unobserved", "length_m": 13.159776148481857, "최대경사_pct": 0.44805992010290413, "B등급": "양호", "기준선_근처": false, "계단": false, "급한전환": 0 }, "geometry": { "type": "LineString", "coordinates": [ [ 126.95261, 37.497369 ], [ 126.952733800000019, 37.497434800000015 ] ] } },
{ "type": "Feature", "properties": { "u": "13528976150", "v": "11413637762", "key": 0, "highway": "footway", "name": null, "validation_status": "unobserved", "length_m": 13.368486038973757, "최대경사_pct": 3.9451412884809396, "B등급": "양호", "기준선_근처": true, "계단": false, "급한전환": 0 }, "geometry": { "type": "LineString", "coordinates": [ [ 126.952859600000011, 37.4975016 ], [ 126.952733800000019, 37.497434800000015 ] ] } },
{ "type": "Feature", "properties": { "u": "13528976150", "v": "2825711406", "key": 0, "highway": "primary", "name": "상도로", "validation_status": "unobserved", "length_m": 39.406062494480302, "최대경사_pct": 5.7223272985237967, "B등급": "주의", "기준선_근처": true, "계단": false, "급한전환": 0 }, "geometry": { "type": "LineString", "coordinates": [ [ 126.952976800000016, 37.4971372 ], [ 126.9528539, 37.4972847 ], [ 126.952733800000019, 37.497434800000015 ] ] } },
{ "type": "Feature", "properties": { "u": "2824550315", "v": "4621460692", "key": 0, "highway": "tertiary", "name": "상도로53길", "validation_status": "validated", "length_m": 129.31471518316661, "최대경사_pct": 9.1028502709367416, "B등급": "위험", "기준선_근처": true, "계단": false, "급한전환": 0 }, "geometry": { "type": "LineString", "coordinates": [ [ 126.9530801, 37.4985726 ], [ 126.9530528, 37.498614 ], [ 126.9530109, 37.498749099999976 ], [ 126.9530339, 37.4988981 ], [ 126.9531324, 37.4990472 ], [ 126.9535245, 37.4994514 ], [ 126.953619500000016, 37.4995806 ] ] } },
{ "type": "Feature", "properties": { "u": "2824550315", "v": "4621466918", "key": 0, "highway": "tertiary", "name": "상도로53길", "validation_status": "validated", "length_m": 95.350518351209701, "최대경사_pct": 6.8529998928647435, "B등급": "주의", "기준선_근처": true, "계단": false, "급한전환": 0 }, "geometry": { "type": "LineString", "coordinates": [ [ 126.9537611, 37.5004244 ], [ 126.9537816, 37.50017170000001 ], [ 126.953672800000021, 37.4997122 ], [ 126.953619500000016, 37.4995806 ] ] } },
{ "type": "Feature", "properties": { "u": "2824550315", "v": "6963036771", "key": 0, "highway": "service", "name": "상도로47나길", "validation_status": "validated", "length_m": 47.078016692361956, "최대경사_pct": 14.635398677080195, "B등급": "위험", "기준선_근처": false, "계단": false, "급한전환": 0 }, "geometry": { "type": "LineString", "coordinates": [ [ 126.953104700000011, 37.499685 ], [ 126.9531552, 37.4996803 ], [ 126.953398400000012, 37.499638700000013 ], [ 126.953619500000016, 37.4995806 ] ] } },
{ "type": "Feature", "properties": { "u": "4621460692", "v": "11413637707", "key": 0, "highway": "service", "name": "상도로37길", "validation_status": "unobserved", "length_m": 8.6353315368653423, "최대경사_pct": 23.530240011263277, "B등급": "위험", "기준선_근처": false, "계단": false, "급한전환": 0 }, "geometry": { "type": "LineString", "coordinates": [ [ 126.9529829, 37.4985801 ], [ 126.9530801, 37.4985726 ] ] } },
{ "type": "Feature", "properties": { "u": "4621460692", "v": "2825706556", "key": 0, "highway": "tertiary", "name": "상도로53길", "validation_status": "validated", "length_m": 38.541165640515388, "최대경사_pct": 0.51626761721777825, "B등급": "양호", "기준선_근처": false, "계단": false, "급한전환": 0 }, "geometry": { "type": "LineString", "coordinates": [ [ 126.9533159, 37.4982813 ], [ 126.9531438, 37.498476 ], [ 126.9530801, 37.4985726 ] ] } },
{ "type": "Feature", "properties": { "u": "4621466918", "v": "2825731322", "key": 0, "highway": "tertiary", "name": "상도로53길", "validation_status": "validated", "length_m": 82.312881112251702, "최대경사_pct": 5.5127442942020144, "B등급": "양호", "기준선_근처": true, "계단": false, "급한전환": 0 }, "geometry": { "type": "LineString", "coordinates": [ [ 126.953631800000011, 37.5011578 ], [ 126.9537153, 37.5008251 ], [ 126.9537611, 37.5004244 ] ] } },
{ "type": "Feature", "properties": { "u": "4621466918", "v": "2825731332", "key": 0, "highway": "service", "name": "상도로53길", "validation_status": "validated", "length_m": 51.959607500234469, "최대경사_pct": 18.933397265534282, "B등급": "위험", "기준선_근처": false, "계단": false, "급한전환": 0 }, "geometry": { "type": "LineString", "coordinates": [ [ 126.953176, 37.5003816 ], [ 126.9533161, 37.5003892 ], [ 126.9537611, 37.5004244 ] ] } },
{ "type": "Feature", "properties": { "u": "6963036771", "v": "2825733606", "key": 0, "highway": "service", "name": "상도로47나길", "validation_status": "unobserved", "length_m": 42.981829492683545, "최대경사_pct": 9.6052879519699275, "B등급": "위험", "기준선_근처": true, "계단": false, "급한전환": 0 }, "geometry": { "type": "LineString", "coordinates": [ [ 126.952623700000018, 37.4996943 ], [ 126.952704499999982, 37.4997122 ], [ 126.9528096, 37.4997125 ], [ 126.953104700000011, 37.499685 ] ] } },
{ "type": "Feature", "properties": { "u": "6963036771", "v": "6963036773", "key": 0, "highway": "service", "name": "상도로47나길", "validation_status": "unobserved", "length_m": 57.110665637654108, "최대경사_pct": 6.7361356140700694, "B등급": "주의", "기준선_근처": true, "계단": false, "급한전환": 0 }, "geometry": { "type": "LineString", "coordinates": [ [ 126.9532392, 37.5001859 ], [ 126.953169499999987, 37.5000348 ], [ 126.953104700000011, 37.499685 ] ] } },
{ "type": "Feature", "properties": { "u": "2824550318", "v": "2825731322", "key": 0, "highway": "tertiary", "name": "상도로53길", "validation_status": "bridged", "length_m": 3.4402819778235827, "최대경사_pct": 0.89311226028835711, "B등급": "양호", "기준선_근처": true, "계단": false, "급한전환": 0 }, "geometry": { "type": "LineString", "coordinates": [ [ 126.953631800000011, 37.5011578 ], [ 126.9536242, 37.5011882 ] ] } },
{ "type": "Feature", "properties": { "u": "2824550318", "v": "4621475837", "key": 0, "highway": "tertiary", "name": "상도로53길", "validation_status": "validated", "length_m": 56.456149050135672, "최대경사_pct": 3.5973798547664395, "B등급": "양호", "기준선_근처": true, "계단": false, "급한전환": 0 }, "geometry": { "type": "LineString", "coordinates": [ [ 126.9535939, 37.5016963 ], [ 126.9536242, 37.5011882 ] ] } },
{ "type": "Feature", "properties": { "u": "2824550318", "v": "3713180481", "key": 0, "highway": "service", "name": null, "validation_status": "validated", "length_m": 504.88653423083616, "최대경사_pct": 11.3991285176033, "B등급": "위험", "기준선_근처": true, "계단": false, "급한전환": 0 }, "geometry": { "type": "LineString", "coordinates": [ [ 126.953354300000015, 37.4981112 ], [ 126.9535105, 37.4980853 ], [ 126.953561600000015, 37.498076800000014 ], [ 126.953736, 37.4980725 ], [ 126.953872799999985, 37.4981364 ], [ 126.954141, 37.4984173 ], [ 126.9543636, 37.498717300000024 ], [ 126.9546077, 37.4990812 ], [ 126.954744500000018, 37.4994749 ], [ 126.954825, 37.4998238 ], [ 126.9548759, 37.5001835 ], [ 126.9546992, 37.5011652 ], [ 126.9546026, 37.501233300000017 ], [ 126.9537658, 37.50120350000001 ], [ 126.9536242, 37.5011882 ] ] } },
{ "type": "Feature", "properties": { "u": "2825731322", "v": "2825731302", "key": 0, "highway": "service", "name": "상도로53길", "validation_status": "validated", "length_m": 61.948244679833934, "최대경사_pct": 10.360504478125474, "B등급": "위험", "기준선_근처": true, "계단": false, "급한전환": 0 }, "geometry": { "type": "LineString", "coordinates": [ [ 126.953014700000011, 37.5008952 ], [ 126.953388499999988, 37.5010379 ], [ 126.953631800000011, 37.5011578 ] ] } },
{ "type": "Feature", "properties": { "u": "4621475837", "v": "2825701322", "key": 0, "highway": "service", "name": "상도로53길", "validation_status": "validated", "length_m": 41.141937562918514, "최대경사_pct": 15.88503640728656, "B등급": "위험", "기준선_근처": false, "계단": false, "급한전환": 0 }, "geometry": { "type": "LineString", "coordinates": [ [ 126.9531303, 37.5016648 ], [ 126.9535939, 37.5016963 ] ] } },
{ "type": "Feature", "properties": { "u": "4621475837", "v": "2824550321", "key": 0, "highway": "tertiary", "name": "상도로53길", "validation_status": "validated", "length_m": 107.34619078492247, "최대경사_pct": 0.43428131479312176, "B등급": "양호", "기준선_근처": false, "계단": false, "급한전환": 0 }, "geometry": { "type": "LineString", "coordinates": [ [ 126.953687300000013, 37.5026164 ], [ 126.95356910000001, 37.5025166 ], [ 126.9535134, 37.5023655 ], [ 126.9535303, 37.5021371 ], [ 126.9535939, 37.5016963 ] ] } },
{ "type": "Feature", "properties": { "u": "3713180481", "v": "2825711099", "key": 0, "highway": "tertiary", "name": "상도로53길", "validation_status": "bridged", "length_m": 7.5750519064724076, "최대경사_pct": 10.649713955563318, "B등급": "위험", "기준선_근처": true, "계단": false, "급한전환": 0 }, "geometry": { "type": "LineString", "coordinates": [ [ 126.953333, 37.498046 ], [ 126.953347099999988, 37.4980683 ], [ 126.953354300000015, 37.4981112 ] ] } },
{ "type": "Feature", "properties": { "u": "3713180481", "v": "2825706556", "key": 0, "highway": "tertiary", "name": "상도로53길", "validation_status": "unobserved", "length_m": 19.625768546362043, "최대경사_pct": 7.3149642143015825, "B등급": "주의", "기준선_근처": true, "계단": false, "급한전환": 0 }, "geometry": { "type": "LineString", "coordinates": [ [ 126.9533159, 37.4982813 ], [ 126.953342600000013, 37.4982302 ], [ 126.9533632, 37.498164 ], [ 126.953354300000015, 37.4981112 ] ] } },
{ "type": "Feature", "properties": { "u": "2824550321", "v": "8761605951", "key": 0, "highway": "tertiary", "name": "상도로53길", "validation_status": "validated", "length_m": 143.97940423756012, "최대경사_pct": 6.8245010718209693, "B등급": "주의", "기준선_근처": true, "계단": false, "급한전환": 0 }, "geometry": { "type": "LineString", "coordinates": [ [ 126.9545391, 37.503581400000016 ], [ 126.9545709, 37.5035195 ], [ 126.9545938, 37.5034124 ], [ 126.9545899, 37.5033209 ], [ 126.9545455, 37.503216600000023 ], [ 126.9544751, 37.503129799999989 ], [ 126.954383, 37.5030292 ], [ 126.9542767, 37.5029479 ], [ 126.953687300000013, 37.5026164 ] ] } },
{ "type": "Feature", "properties": { "u": "2824550321", "v": "2825701309", "key": 0, "highway": "service", "name": null, "validation_status": "validated", "length_m": 96.380108281621062, "최대경사_pct": 3.4573375117945844, "B등급": "양호", "기준선_근처": true, "계단": false, "급한전환": 4 }, "geometry": { "type": "LineString", "coordinates": [ [ 126.953515, 37.5033661 ], [ 126.953537900000015, 37.5033209 ], [ 126.953540600000011, 37.5032564 ], [ 126.9534664, 37.5032472 ], [ 126.953497700000014, 37.5030301 ], [ 126.9535361, 37.5028854 ], [ 126.9535504, 37.5028322 ], [ 126.9535504, 37.5027443 ], [ 126.953639800000019, 37.5027216 ], [ 126.953687300000013, 37.5026164 ] ] } },
{ "type": "Feature", "properties": { "u": "8761605951", "v": "2829147711", "key": 0, "highway": "tertiary", "name": "상도로53길", "validation_status": "validated", "length_m": 82.325184496619443, "최대경사_pct": 5.6159482820876097, "B등급": "주의", "기준선_근처": true, "계단": false, "급한전환": 0 }, "geometry": { "type": "LineString", "coordinates": [ [ 126.9538375, 37.5040525 ], [ 126.9543815, 37.503753699999983 ], [ 126.9544241, 37.5037234 ], [ 126.9544799, 37.5036685 ], [ 126.9545126, 37.5036262 ], [ 126.9545391, 37.503581400000016 ] ] } },
{ "type": "Feature", "properties": { "u": "8761605951", "v": "8761605888", "key": 0, "highway": [ "path", "steps" ], "name": "동작충효길", "validation_status": "validated", "length_m": 695.83273764708747, "최대경사_pct": 14.661112059508778, "B등급": "위험", "기준선_근처": false, "계단": true, "급한전환": 4 }, "geometry": { "type": "LineString", "coordinates": [ [ 126.957803900000016, 37.4988191 ], [ 126.957782300000019, 37.4988465 ], [ 126.9577548, 37.4988526 ], [ 126.95771160000001, 37.4988623 ], [ 126.957676100000015, 37.4988716 ], [ 126.9576305, 37.4988807 ], [ 126.957499, 37.499003 ], [ 126.957331400000015, 37.4991828 ], [ 126.9571047, 37.4992785 ], [ 126.957069899999979, 37.49930410000001 ], [ 126.9570109, 37.4993339 ], [ 126.9569948, 37.49937 ], [ 126.956815099999986, 37.499436 ], [ 126.9567594, 37.4994733 ], [ 126.956694400000018, 37.4995424 ], [ 126.9566488, 37.4996616 ], [ 126.9565576, 37.4998658 ], [ 126.9564797, 37.5001244 ], [ 126.956465899999984, 37.500253900000018 ], [ 126.9564416, 37.5004599 ], [ 126.956455099999985, 37.500537500000014 ], [ 126.956441200000015, 37.500586399999989 ], [ 126.9564227, 37.5006169 ], [ 126.956388799999985, 37.5006609 ], [ 126.956282500000015, 37.5007673 ], [ 126.9562486, 37.5008137 ], [ 126.9562394, 37.500846700000011 ], [ 126.956234800000018, 37.5009164 ], [ 126.956200900000013, 37.5010337 ], [ 126.95615, 37.5011107 ], [ 126.9560899, 37.5011903 ], [ 126.9560283, 37.5012477 ], [ 126.955928200000017, 37.501338200000021 ], [ 126.955826500000015, 37.5014543 ], [ 126.9556463, 37.50165470000001 ], [ 126.955570800000018, 37.5017134 ], [ 126.955529199999987, 37.5017439 ], [ 126.9555015, 37.501769600000024 ], [ 126.955479900000014, 37.5017965 ], [ 126.9554198, 37.5018808 ], [ 126.955381299999985, 37.5019505 ], [ 126.955312599999985, 37.5020898 ], [ 126.9552599, 37.5023561 ], [ 126.9552424, 37.5024474 ], [ 126.955244100000016, 37.5025309 ], [ 126.9552505, 37.502681100000011 ], [ 126.9552588, 37.502837799999988 ], [ 126.9552581, 37.5029221 ], [ 126.9551949, 37.5031836 ], [ 126.9550994, 37.5034342 ], [ 126.955064, 37.503571 ], [ 126.9550609, 37.5036334 ], [ 126.9550301, 37.5036725 ], [ 126.955013, 37.5036997 ], [ 126.955004799999983, 37.5037127 ], [ 126.954996, 37.5037268 ], [ 126.954906600000015, 37.503747499999989 ], [ 126.9547922, 37.503777 ], [ 126.954726699999981, 37.5037804 ], [ 126.954674600000018, 37.5037725 ], [ 126.954596, 37.503750700000019 ], [ 126.954636, 37.5037302 ], [ 126.95463789999998, 37.5037138 ], [ 126.954633300000012, 37.503687 ], [ 126.95459630000002, 37.503589200000015 ], [ 126.9545391, 37.503581400000016 ] ] } },
{ "type": "Feature", "properties": { "u": "2825701309", "v": "2829147710", "key": 0, "highway": "service", "name": "상도로47바길", "validation_status": "validated", "length_m": 65.995202342481321, "최대경사_pct": 8.9911008841073716, "B등급": "위험", "기준선_근처": true, "계단": false, "급한전환": 1 }, "geometry": { "type": "LineString", "coordinates": [ [ 126.9534945, 37.503754 ], [ 126.953773499999983, 37.503639 ], [ 126.95356289999998, 37.5033934 ], [ 126.953515, 37.5033661 ] ] } },
{ "type": "Feature", "properties": { "u": "2825701309", "v": "2825701321", "key": 0, "highway": "service", "name": "상도로47바길", "validation_status": "unobserved", "length_m": 49.359352774321422, "최대경사_pct": 2.5957710524569797, "B등급": "양호", "기준선_근처": true, "계단": false, "급한전환": 0 }, "geometry": { "type": "LineString", "coordinates": [ [ 126.9529602, 37.5033524 ], [ 126.9534475, 37.5033488 ], [ 126.953515, 37.5033661 ] ] } },
{ "type": "Feature", "properties": { "u": "2824550326", "v": "2829147711", "key": 0, "highway": "tertiary", "name": "상도로53길", "validation_status": "validated", "length_m": 6.3592731226212544, "최대경사_pct": 1.7293058937325867, "B등급": "양호", "기준선_근처": true, "계단": false, "급한전환": 0 }, "geometry": { "type": "LineString", "coordinates": [ [ 126.9538375, 37.5040525 ], [ 126.953786500000021, 37.5040929 ] ] } },
{ "type": "Feature", "properties": { "u": "2824550326", "v": "2829147720", "key": 0, "highway": "tertiary", "name": "상도로53길", "validation_status": "validated", "length_m": 83.21796812346598, "최대경사_pct": 5.4904740649080521, "B등급": "양호", "기준선_근처": true, "계단": false, "급한전환": 0 }, "geometry": { "type": "LineString", "coordinates": [ [ 126.953606, 37.5048142 ], [ 126.9536073, 37.5045123 ], [ 126.9536412, 37.5043547 ], [ 126.953694, 37.5042272 ], [ 126.9537499, 37.5041334 ], [ 126.953786500000021, 37.5040929 ] ] } },
{ "type": "Feature", "properties": { "u": "2824550326", "v": "4621486051", "key": 0, "highway": "service", "name": "상도로47아길", "validation_status": "validated", "length_m": 72.917023865693722, "최대경사_pct": 3.4998901463027976, "B등급": "양호", "기준선_근처": true, "계단": false, "급한전환": 0 }, "geometry": { "type": "LineString", "coordinates": [ [ 126.953207800000015, 37.5043457 ], [ 126.953228800000019, 37.5042158 ], [ 126.95331560000001, 37.5041069 ], [ 126.953427499999989, 37.50405180000002 ], [ 126.953541, 37.5040445 ], [ 126.953623, 37.5040617 ], [ 126.953786500000021, 37.5040929 ] ] } },
{ "type": "Feature", "properties": { "u": "2829147711", "v": "2829147710", "key": 0, "highway": "service", "name": null, "validation_status": "validated", "length_m": 44.915291673329406, "최대경사_pct": 2.6544116531115476, "B등급": "양호", "기준선_근처": true, "계단": false, "급한전환": 0 }, "geometry": { "type": "LineString", "coordinates": [ [ 126.9534945, 37.503754 ], [ 126.9538375, 37.5040525 ] ] } },
{ "type": "Feature", "properties": { "u": "2829147720", "v": "4621486051", "key": 0, "highway": "service", "name": "상도로47아길", "validation_status": "validated", "length_m": 82.158713815916201, "최대경사_pct": 2.4550593968998133, "B등급": "양호", "기준선_근처": true, "계단": false, "급한전환": 1 }, "geometry": { "type": "LineString", "coordinates": [ [ 126.953207800000015, 37.5043457 ], [ 126.9531785, 37.5046182 ], [ 126.9531723, 37.5047008 ], [ 126.9532002, 37.504743400000017 ], [ 126.9534484, 37.5048153 ], [ 126.953606, 37.5048142 ] ] } },
{ "type": "Feature", "properties": { "u": "4621486051", "v": "4621486053", "key": 0, "highway": "service", "name": "상도로47아길", "validation_status": "unobserved", "length_m": 54.017962451396912, "최대경사_pct": 1.7335742922481503, "B등급": "양호", "기준선_근처": true, "계단": false, "급한전환": 0 }, "geometry": { "type": "LineString", "coordinates": [ [ 126.9526029, 37.5042788 ], [ 126.9528717, 37.504315099999985 ], [ 126.953207800000015, 37.5043457 ] ] } },
{ "type": "Feature", "properties": { "u": "4621486060", "v": "12989020958", "key": 0, "highway": "tertiary", "name": "흑석로", "validation_status": "validated", "length_m": 42.800705860025175, "최대경사_pct": 3.8807475582330038, "B등급": "양호", "기준선_근처": true, "계단": false, "급한전환": 0 }, "geometry": { "type": "LineString", "coordinates": [ [ 126.9515078, 37.5048403 ], [ 126.9519886, 37.504885 ] ] } },
{ "type": "Feature", "properties": { "u": "4621486060", "v": "4621488491", "key": 0, "highway": "residential", "name": "강남초등길", "validation_status": "validated", "length_m": 45.614803370395663, "최대경사_pct": 4.5357680358736374, "B등급": "양호", "기준선_근처": true, "계단": false, "급한전환": 0 }, "geometry": { "type": "LineString", "coordinates": [ [ 126.9522027, 37.5052573 ], [ 126.9520657, 37.5049816 ], [ 126.9519886, 37.504885 ] ] } },
{ "type": "Feature", "properties": { "u": "4621486060", "v": "4621482136", "key": 0, "highway": "residential", "name": "상도로47길", "validation_status": "validated", "length_m": 86.807878485910109, "최대경사_pct": 9.0586574099932342, "B등급": "위험", "기준선_근처": true, "계단": false, "급한전환": 0 }, "geometry": { "type": "LineString", "coordinates": [ [ 126.9517241, 37.5041422 ], [ 126.9517232, 37.5043188 ], [ 126.951853899999989, 37.50465040000001 ], [ 126.9519886, 37.504885 ] ] } },
{ "type": "Feature", "properties": { "u": "2824759203", "v": "13816446695", "key": 0, "highway": "tertiary", "name": "서달로", "validation_status": "validated", "length_m": 221.81331388314331, "최대경사_pct": 17.183475266974142, "B등급": "위험", "기준선_근처": false, "계단": false, "급한전환": 0 }, "geometry": { "type": "LineString", "coordinates": [ [ 126.9606931, 37.5028575 ], [ 126.960391900000019, 37.502244299999987 ], [ 126.9602279, 37.5018777 ], [ 126.9601293, 37.5016572 ], [ 126.9601132, 37.501510499999988 ], [ 126.9601547, 37.501191500000012 ], [ 126.9602943, 37.5009689 ] ] } },
{ "type": "Feature", "properties": { "u": "2824759203", "v": "2824759300", "key": 0, "highway": "residential", "name": "서달로1길", "validation_status": "validated", "length_m": 210.12335620500946, "최대경사_pct": 16.876147433090662, "B등급": "위험", "기준선_근처": false, "계단": false, "급한전환": 0 }, "geometry": { "type": "LineString", "coordinates": [ [ 126.9600069, 37.499174 ], [ 126.9599136, 37.4993238 ], [ 126.9599105, 37.4996541 ], [ 126.959918800000011, 37.5001522 ], [ 126.9601661, 37.5009024 ], [ 126.960245500000013, 37.500944899999986 ], [ 126.9602943, 37.5009689 ] ] } },
{ "type": "Feature", "properties": { "u": "2824759203", "v": "2824759222", "key": 0, "highway": "residential", "name": "서달로", "validation_status": "validated", "length_m": 154.93447115445974, "최대경사_pct": 16.488156599151431, "B등급": "위험", "기준선_근처": false, "계단": false, "급한전환": 0 }, "geometry": { "type": "LineString", "coordinates": [ [ 126.9604845, 37.499609 ], [ 126.960518900000011, 37.5002613 ], [ 126.960489, 37.5005677 ], [ 126.960422, 37.5007737 ], [ 126.960361, 37.5009041 ], [ 126.9602943, 37.5009689 ] ] } },
{ "type": "Feature", "properties": { "u": "13816446695", "v": "12864823352", "key": 0, "highway": "tertiary", "name": "서달로", "validation_status": "validated", "length_m": 100.32145119725662, "최대경사_pct": 5.5081443324214989, "B등급": "양호", "기준선_근처": true, "계단": false, "급한전환": 0 }, "geometry": { "type": "LineString", "coordinates": [ [ 126.960887099999979, 37.503730199999985 ], [ 126.9608958, 37.503706400000013 ], [ 126.9609243, 37.5035139 ], [ 126.9609001, 37.5033384 ], [ 126.96079, 37.5030547 ], [ 126.9606931, 37.5028575 ] ] } },
{ "type": "Feature", "properties": { "u": "13816446695", "v": "4611303880", "key": 0, "highway": "residential", "name": null, "validation_status": "validated", "length_m": 333.61004354575368, "최대경사_pct": 17.36154693820496, "B등급": "위험", "기준선_근처": false, "계단": false, "급한전환": 0 }, "geometry": { "type": "LineString", "coordinates": [ [ 126.9643982, 37.5031809 ], [ 126.9620992, 37.5031951 ], [ 126.9615829, 37.5031209 ], [ 126.9606931, 37.5028575 ] ] } },
{ "type": "Feature", "properties": { "u": "2824759300", "v": "2824759222", "key": 0, "highway": "residential", "name": "서달로", "validation_status": "validated", "length_m": 64.551821317467827, "최대경사_pct": 7.0871794110668827, "B등급": "주의", "기준선_근처": true, "계단": false, "급한전환": 0 }, "geometry": { "type": "LineString", "coordinates": [ [ 126.9604845, 37.499609 ], [ 126.960454699999985, 37.4995704 ], [ 126.960261799999984, 37.499357400000015 ], [ 126.9600069, 37.499174 ] ] } },
{ "type": "Feature", "properties": { "u": "2824759300", "v": "12816428872", "key": 0, "highway": "residential", "name": "서달로", "validation_status": "validated", "length_m": 31.203795901099276, "최대경사_pct": 12.666363617413293, "B등급": "위험", "기준선_근처": true, "계단": false, "급한전환": 0 }, "geometry": { "type": "LineString", "coordinates": [ [ 126.9597851, 37.4989569 ], [ 126.9598394, 37.499029 ], [ 126.9600069, 37.499174 ] ] } },
{ "type": "Feature", "properties": { "u": "2824759222", "v": "4697324255", "key": 0, "highway": "residential", "name": "서달로2길", "validation_status": "validated", "length_m": 349.99407128145361, "최대경사_pct": 6.6234051374937781, "B등급": "주의", "기준선_근처": true, "계단": false, "급한전환": 0 }, "geometry": { "type": "LineString", "coordinates": [ [ 126.963937900000019, 37.5008805 ], [ 126.9637484, 37.5008034 ], [ 126.963002800000012, 37.5006672 ], [ 126.962739900000017, 37.5005693 ], [ 126.9625414, 37.5004034 ], [ 126.9622625, 37.5002502 ], [ 126.9622424, 37.5002159 ], [ 126.9620948, 37.5000336 ], [ 126.9619204, 37.4999166 ], [ 126.9616772, 37.499855299999986 ], [ 126.9613867, 37.4998161 ], [ 126.9611612, 37.4997815 ], [ 126.960663, 37.4995855 ], [ 126.9604845, 37.499609 ] ] } },
{ "type": "Feature", "properties": { "u": "10107993115", "v": "12864823352", "key": 0, "highway": "tertiary", "name": "서달로", "validation_status": "validated", "length_m": 360.10856285463461, "최대경사_pct": 7.5652885959973677, "B등급": "주의", "기준선_근처": true, "계단": false, "급한전환": 0 }, "geometry": { "type": "LineString", "coordinates": [ [ 126.960887099999979, 37.503730199999985 ], [ 126.960782, 37.504018800000011 ], [ 126.9607704, 37.504266 ], [ 126.9607704, 37.5046234 ], [ 126.9607918, 37.504766 ], [ 126.9608731, 37.505262399999985 ], [ 126.961027, 37.5057501 ], [ 126.9612127, 37.5062723 ], [ 126.9612878, 37.5063872 ], [ 126.9613575, 37.5064451 ], [ 126.961505, 37.5065999 ], [ 126.9615992, 37.5067236 ], [ 126.9616628, 37.5068106 ] ] } },
{ "type": "Feature", "properties": { "u": "10107993115", "v": "4612845662", "key": 0, "highway": "residential", "name": null, "validation_status": "validated", "length_m": 182.04013738048229, "최대경사_pct": 1.0448016910581734, "B등급": "양호", "기준선_근처": true, "계단": false, "급한전환": 3 }, "geometry": { "type": "LineString", "coordinates": [ [ 126.962625099999983, 37.5068957 ], [ 126.9625904, 37.5064248 ], [ 126.9625877, 37.5063896 ], [ 126.962586900000019, 37.5063431 ], [ 126.962587200000016, 37.5062923 ], [ 126.9625397, 37.5062932 ], [ 126.9624955, 37.5062948 ], [ 126.962453499999981, 37.5062988 ], [ 126.962339799999981, 37.5063118 ], [ 126.962144, 37.5063411 ], [ 126.9620359, 37.5063607 ], [ 126.961963299999979, 37.5063835 ], [ 126.9618796, 37.5064162 ], [ 126.961823600000017, 37.506444 ], [ 126.961799699999986, 37.506458100000046 ], [ 126.9617672, 37.5064739 ], [ 126.9617565, 37.5065291 ], [ 126.9617469, 37.5065725 ], [ 126.9617414, 37.5066008 ], [ 126.961727700000012, 37.5066431 ], [ 126.9617058, 37.5067018 ], [ 126.9616628, 37.5068106 ] ] } },
{ "type": "Feature", "properties": { "u": "4612845662", "v": "4611246549", "key": 0, "highway": "residential", "name": "서달로12길", "validation_status": "unobserved", "length_m": 33.339104185957552, "최대경사_pct": 1.1350058529225127, "B등급": "양호", "기준선_근처": true, "계단": false, "급한전환": 0 }, "geometry": { "type": "LineString", "coordinates": [ [ 126.96299830000001, 37.5068528 ], [ 126.962625099999983, 37.5068957 ] ] } },
{ "type": "Feature", "properties": { "u": "4697324255", "v": "4611250951", "key": 0, "highway": "residential", "name": "서달로2길", "validation_status": "unobserved", "length_m": 48.246148828510535, "최대경사_pct": 9.0997483047191707, "B등급": "위험", "기준선_근처": true, "계단": false, "급한전환": 0 }, "geometry": { "type": "LineString", "coordinates": [ [ 126.964266, 37.501217200000021 ], [ 126.9640829, 37.500964200000013 ], [ 126.963937900000019, 37.5008805 ] ] } },
{ "type": "Feature", "properties": { "u": "4697324255", "v": "4697324244", "key": 0, "highway": "service", "name": null, "validation_status": "validated", "length_m": 60.066185343378208, "최대경사_pct": 11.556126945397232, "B등급": "위험", "기준선_근처": true, "계단": false, "급한전환": 3 }, "geometry": { "type": "LineString", "coordinates": [ [ 126.9636652, 37.501211500000011 ], [ 126.9638205, 37.5012312 ], [ 126.963881200000017, 37.5012206 ], [ 126.963935500000019, 37.5011827 ], [ 126.963967600000018, 37.5011222 ], [ 126.9639626, 37.5010149 ], [ 126.963937900000019, 37.5008805 ] ] } },
{ "type": "Feature", "properties": { "u": "2824759242", "v": "2825711987", "key": 0, "highway": "residential", "name": "서달로", "validation_status": "validated", "length_m": 23.93233635250143, "최대경사_pct": 3.0297529535910193, "B등급": "양호", "기준선_근처": true, "계단": false, "급한전환": 0 }, "geometry": { "type": "LineString", "coordinates": [ [ 126.9592941, 37.4979699 ], [ 126.9593048, 37.4980119 ], [ 126.959331100000014, 37.4981834 ] ] } },
{ "type": "Feature", "properties": { "u": "2824759242", "v": "12816428873", "key": 0, "highway": "residential", "name": "서달로", "validation_status": "unobserved", "length_m": 56.784662194609894, "최대경사_pct": 9.1398607194608648, "B등급": "위험", "기준선_근처": true, "계단": false, "급한전환": 0 }, "geometry": { "type": "LineString", "coordinates": [ [ 126.9595543, 37.498651 ], [ 126.9595127, 37.4985975 ], [ 126.959355699999989, 37.49838170000001 ], [ 126.959331100000014, 37.4981834 ] ] } },
{ "type": "Feature", "properties": { "u": "2824759242", "v": "2825714904", "key": 0, "highway": "service", "name": null, "validation_status": "validated", "length_m": 244.81893499222303, "최대경사_pct": 8.0141056086888547, "B등급": "주의", "기준선_근처": true, "계단": false, "급한전환": 3 }, "geometry": { "type": "LineString", "coordinates": [ [ 126.957975500000018, 37.497559 ], [ 126.9581526, 37.4979079 ], [ 126.957745, 37.4980441 ], [ 126.9578683, 37.498325 ], [ 126.95850129999998, 37.4982058 ], [ 126.959331100000014, 37.4981834 ] ] } },
{ "type": "Feature", "properties": { "u": "2825711987", "v": "2825711424", "key": 0, "highway": "residential", "name": "상도로55길", "validation_status": "validated", "length_m": 71.35342486476668, "최대경사_pct": 5.7746702360614908, "B등급": "주의", "기준선_근처": true, "계단": false, "급한전환": 1 }, "geometry": { "type": "LineString", "coordinates": [ [ 126.959109699999985, 37.49740760000001 ], [ 126.9591476, 37.4974321 ], [ 126.9591754, 37.4974695 ], [ 126.9591869, 37.4975358 ], [ 126.9591323, 37.4978413 ], [ 126.959158299999984, 37.4978782 ], [ 126.9592289, 37.4979362 ], [ 126.9592941, 37.4979699 ] ] } },
{ "type": "Feature", "properties": { "u": "12816428873", "v": "12816428872", "key": 0, "highway": "residential", "name": "서달로", "validation_status": "unobserved", "length_m": 39.613001839348321, "최대경사_pct": 15.568814850610504, "B등급": "위험", "기준선_근처": false, "계단": false, "급한전환": 0 }, "geometry": { "type": "LineString", "coordinates": [ [ 126.9597851, 37.4989569 ], [ 126.9595543, 37.498651 ] ] } },
{ "type": "Feature", "properties": { "u": "12816428873", "v": "5406793613", "key": 0, "highway": [ "service", "path" ], "name": null, "validation_status": "unobserved", "length_m": 581.14231200172901, "최대경사_pct": 25.324249153439681, "B등급": "위험", "기준선_근처": false, "계단": false, "급한전환": 8 }, "geometry": { "type": "LineString", "coordinates": [ [ 126.9622136, 37.4977212 ], [ 126.96223950000001, 37.4978267 ], [ 126.96223670000002, 37.4979177 ], [ 126.9622666, 37.4980056 ], [ 126.962251, 37.498096099999984 ], [ 126.962296800000018, 37.4981802 ], [ 126.962180100000012, 37.4981802 ], [ 126.9620701, 37.498158300000028 ], [ 126.9619588, 37.498133 ], [ 126.961890900000014, 37.4982085 ], [ 126.9618266, 37.4982843 ], [ 126.9617899, 37.4983743 ], [ 126.9618702, 37.4984378 ], [ 126.9619683, 37.498485700000018 ], [ 126.9620868, 37.4984987 ], [ 126.962162, 37.4985663 ], [ 126.9622519, 37.4986253 ], [ 126.962342199999981, 37.4986813 ], [ 126.962354, 37.498591100000013 ], [ 126.9624188, 37.498514900000011 ], [ 126.9624779, 37.4984373 ], [ 126.9625577, 37.4985056 ], [ 126.9626575, 37.498555200000013 ], [ 126.9627458, 37.4986117 ], [ 126.962790600000019, 37.4986966 ], [ 126.9628885, 37.4987428 ], [ 126.96284, 37.4988248 ], [ 126.9627393, 37.4988744 ], [ 126.962681700000019, 37.498952 ], [ 126.9625854, 37.4990009 ], [ 126.9624892, 37.49895080000001 ], [ 126.9623738, 37.4989443 ], [ 126.962307900000013, 37.4988675 ], [ 126.9622, 37.4988372 ], [ 126.9621083, 37.49878360000001 ], [ 126.9619936, 37.4987576 ], [ 126.9618901, 37.4987092 ], [ 126.9617873, 37.4986689 ], [ 126.9616849, 37.4986215 ], [ 126.961572299999986, 37.4985908 ], [ 126.9614592, 37.4985671 ], [ 126.9613432, 37.4985427 ], [ 126.9612223, 37.498542 ], [ 126.961107100000021, 37.4985526 ], [ 126.960993500000015, 37.4985503 ], [ 126.9608746, 37.4985459 ], [ 126.9607575, 37.4985542 ], [ 126.960641599999988, 37.498559 ], [ 126.960525700000019, 37.498556300000025 ], [ 126.960413, 37.4985694 ], [ 126.960298600000016, 37.49857 ], [ 126.960183700000016, 37.4985737 ], [ 126.960064, 37.4985901 ], [ 126.9599499, 37.4985859 ], [ 126.9598338, 37.4986005 ], [ 126.95971830000002, 37.4986008 ], [ 126.959604399999989, 37.4986368 ], [ 126.9595543, 37.498651 ] ] } },
{ "type": "Feature", "properties": { "u": "2825714904", "v": "4686503139", "key": 0, "highway": "residential", "name": "상도로55길", "validation_status": "unobserved", "length_m": 7.19522664869094, "최대경사_pct": 8.6717033581785792, "B등급": "위험", "기준선_근처": true, "계단": false, "급한전환": 0 }, "geometry": { "type": "LineString", "coordinates": [ [ 126.958047500000021, 37.4975288 ], [ 126.957975500000018, 37.497559 ] ] } },
{ "type": "Feature", "properties": { "u": "2825714904", "v": "2825714913", "key": 0, "highway": "residential", "name": "상도로55길", "validation_status": "validated", "length_m": 225.87379930366188, "최대경사_pct": 10.491468078898503, "B등급": "위험", "기준선_근처": true, "계단": false, "급한전환": 0 }, "geometry": { "type": "LineString", "coordinates": [ [ 126.955521300000015, 37.4979801 ], [ 126.9555642, 37.4979633 ], [ 126.955631100000019, 37.49795060000001 ], [ 126.955788399999989, 37.4979202 ], [ 126.95647390000002, 37.4979064 ], [ 126.95661290000001, 37.4979144 ], [ 126.9569643, 37.4978952 ], [ 126.9570609, 37.4978718 ], [ 126.9571842, 37.497825 ], [ 126.9574551, 37.497710099999985 ], [ 126.9578575, 37.4975994 ], [ 126.957975500000018, 37.497559 ] ] } },
{ "type": "Feature", "properties": { "u": "12816428872", "v": "8857857355", "key": 0, "highway": [ "path", "steps" ], "name": null, "validation_status": "validated", "length_m": 52.648719734398092, "최대경사_pct": 19.948458371658806, "B등급": "위험", "기준선_근처": false, "계단": true, "급한전환": 0 }, "geometry": { "type": "LineString", "coordinates": [ [ 126.9592229, 37.4989553 ], [ 126.9592833, 37.4989861 ], [ 126.959322900000018, 37.4990019 ], [ 126.959385700000013, 37.4990271 ], [ 126.959573800000015, 37.4989966 ], [ 126.9597689, 37.4989592 ], [ 126.9597851, 37.4989569 ] ] } },
{ "type": "Feature", "properties": { "u": "2829147710", "v": "4621486059", "key": 0, "highway": "service", "name": "상도로47바길", "validation_status": "unobserved", "length_m": 73.583988045309809, "최대경사_pct": 1.2688836879952174, "B등급": "양호", "기준선_근처": true, "계단": false, "급한전환": 0 }, "geometry": { "type": "LineString", "coordinates": [ [ 126.9527099, 37.503734 ], [ 126.9531421, 37.503854499999989 ], [ 126.9534945, 37.503754 ] ] } },
{ "type": "Feature", "properties": { "u": "2825701321", "v": "2825701313", "key": 0, "highway": "service", "name": "상도로45길", "validation_status": "unobserved", "length_m": 39.685643960015028, "최대경사_pct": 6.967244645934076, "B등급": "주의", "기준선_근처": true, "계단": false, "급한전환": 0 }, "geometry": { "type": "LineString", "coordinates": [ [ 126.953004799999988, 37.5029966 ], [ 126.9529602, 37.5033524 ] ] } },
{ "type": "Feature", "properties": { "u": "2825701321", "v": "2825701337", "key": 0, "highway": "service", "name": "상도로47바길", "validation_status": "unobserved", "length_m": 98.254005377508861, "최대경사_pct": 4.6070782206489449, "B등급": "양호", "기준선_근처": true, "계단": false, "급한전환": 0 }, "geometry": { "type": "LineString", "coordinates": [ [ 126.9518526, 37.5032812 ], [ 126.9529602, 37.5033524 ] ] } },
{ "type": "Feature", "properties": { "u": "2825701311", "v": "2825730232", "key": 0, "highway": "residential", "name": "상도로41길", "validation_status": "validated", "length_m": 18.044791625308097, "최대경사_pct": 11.47994906637893, "B등급": "위험", "기준선_근처": true, "계단": false, "급한전환": 0 }, "geometry": { "type": "LineString", "coordinates": [ [ 126.9500872, 37.5019191 ], [ 126.9502484, 37.5020188 ] ] } },
{ "type": "Feature", "properties": { "u": "2825701311", "v": "8483442364", "key": 0, "highway": "residential", "name": "상도로41길", "validation_status": "validated", "length_m": 85.194295577787813, "최대경사_pct": 8.4452386999774021, "B등급": "위험", "기준선_근처": true, "계단": false, "급한전환": 0 }, "geometry": { "type": "LineString", "coordinates": [ [ 126.9511068, 37.5023674 ], [ 126.9502484, 37.5020188 ] ] } },
{ "type": "Feature", "properties": { "u": "2825701311", "v": "4621475849", "key": 0, "highway": "residential", "name": "상도로41가길", "validation_status": "validated", "length_m": 24.379692037155127, "최대경사_pct": 7.9088703322283278, "B등급": "주의", "기준선_근처": true, "계단": false, "급한전환": 0 }, "geometry": { "type": "LineString", "coordinates": [ [ 126.9502303, 37.5022352 ], [ 126.950228900000013, 37.502054199999989 ], [ 126.9502484, 37.5020188 ] ] } },
{ "type": "Feature", "properties": { "u": "2825730232", "v": "2825730228", "key": 0, "highway": "residential", "name": "상도로41길", "validation_status": "validated", "length_m": 15.681160592129205, "최대경사_pct": 6.4896654113920249, "B등급": "주의", "기준선_근처": true, "계단": false, "급한전환": 0 }, "geometry": { "type": "LineString", "coordinates": [ [ 126.9499377, 37.5018431 ], [ 126.9500872, 37.5019191 ] ] } },
{ "type": "Feature", "properties": { "u": "2825730232", "v": "4621469140", "key": 0, "highway": "service", "name": "상도로47가길", "validation_status": "unobserved", "length_m": 87.70960777877302, "최대경사_pct": 4.2791504671602958, "B등급": "양호", "기준선_근처": true, "계단": false, "급한전환": 0 }, "geometry": { "type": "LineString", "coordinates": [ [ 126.950646800000015, 37.5012666 ], [ 126.9500872, 37.5019191 ] ] } },
{ "type": "Feature", "properties": { "u": "8483442364", "v": "4621475850", "key": 0, "highway": "service", "name": null, "validation_status": "unobserved", "length_m": 23.950168656092977, "최대경사_pct": 0.0, "B등급": "양호", "기준선_근처": false, "계단": false, "급한전환": 0 }, "geometry": { "type": "LineString", "coordinates": [ [ 126.9509839, 37.5025597 ], [ 126.9511068, 37.5023674 ] ] } },
{ "type": "Feature", "properties": { "u": "4621475849", "v": "2825701315", "key": 0, "highway": "residential", "name": "상도로41가길", "validation_status": "validated", "length_m": 30.677698071237746, "최대경사_pct": 10.290958747802687, "B등급": "위험", "기준선_근처": true, "계단": false, "급한전환": 0 }, "geometry": { "type": "LineString", "coordinates": [ [ 126.950227700000013, 37.5025116 ], [ 126.9502303, 37.5022352 ] ] } },
{ "type": "Feature", "properties": { "u": "4621475849", "v": "4621475850", "key": 0, "highway": "service", "name": "상도로41나길", "validation_status": "unobserved", "length_m": 75.745403824155247, "최대경사_pct": 3.852974385175155, "B등급": "양호", "기준선_근처": true, "계단": false, "급한전환": 0 }, "geometry": { "type": "LineString", "coordinates": [ [ 126.9509839, 37.5025597 ], [ 126.9502303, 37.5022352 ] ] } },
{ "type": "Feature", "properties": { "u": "2825701313", "v": "4621475848", "key": 0, "highway": "service", "name": "상도로45길", "validation_status": "unobserved", "length_m": 37.238106526489631, "최대경사_pct": 2.89396760735535, "B등급": "양호", "기준선_근처": true, "계단": false, "급한전환": 0 }, "geometry": { "type": "LineString", "coordinates": [ [ 126.9530258, 37.502661500000016 ], [ 126.953004799999988, 37.5029966 ] ] } },
{ "type": "Feature", "properties": { "u": "4621475848", "v": "4621475846", "key": 0, "highway": "service", "name": "상도로45길", "validation_status": "unobserved", "length_m": 64.063433354289117, "최대경사_pct": 4.1708156091005897, "B등급": "양호", "기준선_근처": true, "계단": false, "급한전환": 0 }, "geometry": { "type": "LineString", "coordinates": [ [ 126.95306770000002, 37.502085299999983 ], [ 126.9530485, 37.50228730000002 ], [ 126.9530258, 37.502661500000016 ] ] } },
{ "type": "Feature", "properties": { "u": "2825701315", "v": "8483442363", "key": 0, "highway": "service", "name": "상도로41다길", "validation_status": "validated", "length_m": 63.896327607630234, "최대경사_pct": 0.64589501699264207, "B등급": "양호", "기준선_근처": false, "계단": false, "급한전환": 0 }, "geometry": { "type": "LineString", "coordinates": [ [ 126.95088579999998, 37.502749399999985 ], [ 126.950227700000013, 37.5025116 ] ] } },
{ "type": "Feature", "properties": { "u": "2825701315", "v": "4621478345", "key": 0, "highway": "residential", "name": "상도로41가길", "validation_status": "validated", "length_m": 49.687639282276891, "최대경사_pct": 1.412407907167103, "B등급": "양호", "기준선_근처": true, "계단": false, "급한전환": 0 }, "geometry": { "type": "LineString", "coordinates": [ [ 126.9502565, 37.5029587 ], [ 126.950227700000013, 37.5025116 ] ] } },
{ "type": "Feature", "properties": { "u": "2825701315", "v": "10708858396", "key": 0, "highway": "service", "name": null, "validation_status": "validated", "length_m": 28.447053595590447, "최대경사_pct": 0.042980394900181317, "B등급": "양호", "기준선_근처": false, "계단": false, "급한전환": 0 }, "geometry": { "type": "LineString", "coordinates": [ [ 126.9499162, 37.5024997 ], [ 126.9499639, 37.502525100000014 ], [ 126.950227700000013, 37.5025116 ] ] } },
{ "type": "Feature", "properties": { "u": "8483442363", "v": "8483442362", "key": 0, "highway": "service", "name": null, "validation_status": "validated", "length_m": 27.003411745982216, "최대경사_pct": 6.5507528503576511, "B등급": "주의", "기준선_근처": true, "계단": false, "급한전환": 0 }, "geometry": { "type": "LineString", "coordinates": [ [ 126.950769900000012, 37.5029745 ], [ 126.95088579999998, 37.502749399999985 ] ] } },
{ "type": "Feature", "properties": { "u": "8483442363", "v": "4621475850", "key": 0, "highway": "service", "name": null, "validation_status": "unobserved", "length_m": 22.7711208930168, "최대경사_pct": 5.5605463002448143, "B등급": "주의", "기준선_근처": true, "계단": false, "급한전환": 0 }, "geometry": { "type": "LineString", "coordinates": [ [ 126.9509839, 37.5025597 ], [ 126.95088579999998, 37.502749399999985 ] ] } },
{ "type": "Feature", "properties": { "u": "8483442363", "v": "2825701337", "key": 0, "highway": "service", "name": "상도로41다길", "validation_status": "validated", "length_m": 106.44299123569374, "최대경사_pct": 4.3171845699088118, "B등급": "양호", "기준선_근처": true, "계단": false, "급한전환": 0 }, "geometry": { "type": "LineString", "coordinates": [ [ 126.9518526, 37.5032812 ], [ 126.951726, 37.5032486 ], [ 126.951589200000015, 37.503215 ], [ 126.9515458, 37.5031892 ], [ 126.9515056, 37.5031466 ], [ 126.951404100000019, 37.5030299 ], [ 126.9513098, 37.5029615 ], [ 126.950904800000018, 37.5027615 ], [ 126.95088579999998, 37.502749399999985 ] ] } },
{ "type": "Feature", "properties": { "u": "4621478345", "v": "4621482143", "key": 0, "highway": "residential", "name": "상도로41가길", "validation_status": "validated", "length_m": 41.933963785911608, "최대경사_pct": 0.0, "B등급": "양호", "기준선_근처": false, "계단": false, "급한전환": 0 }, "geometry": { "type": "LineString", "coordinates": [ [ 126.950262200000012, 37.5033365 ], [ 126.9502565, 37.5029587 ] ] } },
{ "type": "Feature", "properties": { "u": "4621478345", "v": "10708858400", "key": 0, "highway": "service", "name": "상도로39길", "validation_status": "validated", "length_m": 36.022249311917705, "최대경사_pct": 0.0, "B등급": "양호", "기준선_근처": false, "계단": false, "급한전환": 0 }, "geometry": { "type": "LineString", "coordinates": [ [ 126.9498684, 37.5030276 ], [ 126.9500029, 37.502968700000018 ], [ 126.9502565, 37.5029587 ] ] } },
{ "type": "Feature", "properties": { "u": "10708858396", "v": "4626902908", "key": 0, "highway": "service", "name": null, "validation_status": "unobserved", "length_m": 39.165903769722114, "최대경사_pct": 12.173307657442436, "B등급": "위험", "기준선_근처": true, "계단": false, "급한전환": 0 }, "geometry": { "type": "LineString", "coordinates": [ [ 126.94954820000001, 37.5023033 ], [ 126.9499162, 37.5024997 ] ] } },
{ "type": "Feature", "properties": { "u": "10708858396", "v": "10708858400", "key": 0, "highway": [ "service", "steps" ], "name": null, "validation_status": "unobserved", "length_m": 60.701949143826575, "최대경사_pct": 0.62078590387884336, "B등급": "양호", "기준선_근처": false, "계단": true, "급한전환": 0 }, "geometry": { "type": "LineString", "coordinates": [ [ 126.9498684, 37.5030276 ], [ 126.9498277, 37.5029608 ], [ 126.94983790000002, 37.5027254 ], [ 126.9498692, 37.5025691 ], [ 126.9499162, 37.5024997 ] ] } },
{ "type": "Feature", "properties": { "u": "2825701319", "v": "2825706567", "key": 0, "highway": "residential", "name": "상도로41길", "validation_status": "unobserved", "length_m": 44.964451751409356, "최대경사_pct": 4.1816976164776776, "B등급": "양호", "기준선_근처": true, "계단": false, "급한전환": 0 }, "geometry": { "type": "LineString", "coordinates": [ [ 126.9496819, 37.5017012 ], [ 126.9492675, 37.5014664 ] ] } },
{ "type": "Feature", "properties": { "u": "2825701319", "v": "13597219417", "key": 0, "highway": "service", "name": "상도로38길", "validation_status": "unobserved", "length_m": 15.868908635983493, "최대경사_pct": 0.95891236197559238, "B등급": "양호", "기준선_근처": true, "계단": false, "급한전환": 0 }, "geometry": { "type": "LineString", "coordinates": [ [ 126.949122, 37.5013827 ], [ 126.9492675, 37.5014664 ] ] } },
{ "type": "Feature", "properties": { "u": "2825701319", "v": "4621478356", "key": 0, "highway": "primary", "name": "상도로", "validation_status": "unobserved", "length_m": 63.931095690675932, "최대경사_pct": 3.5938802840240807, "B등급": "양호", "기준선_근처": true, "계단": false, "급한전환": 0 }, "geometry": { "type": "LineString", "coordinates": [ [ 126.9488511, 37.5019373 ], [ 126.9491166, 37.501637 ], [ 126.9492675, 37.5014664 ] ] } },
{ "type": "Feature", "properties": { "u": "2825701319", "v": "13597214695", "key": 0, "highway": "primary", "name": "상도로", "validation_status": "unobserved", "length_m": 30.411082187270953, "최대경사_pct": 2.3659168141362961, "B등급": "양호", "기준선_근처": true, "계단": false, "급한전환": 0 }, "geometry": { "type": "LineString", "coordinates": [ [ 126.9494565, 37.5012375 ], [ 126.9494127, 37.5012881 ], [ 126.9492675, 37.5014664 ] ] } },
{ "type": "Feature", "properties": { "u": "2825706567", "v": "2825730228", "key": 0, "highway": "residential", "name": "상도로41길", "validation_status": "validated", "length_m": 27.561544672929735, "최대경사_pct": 3.9650439896865919, "B등급": "양호", "기준선_근처": true, "계단": false, "급한전환": 0 }, "geometry": { "type": "LineString", "coordinates": [ [ 126.9499377, 37.5018431 ], [ 126.9496819, 37.5017012 ] ] } },
{ "type": "Feature", "properties": { "u": "2825706567", "v": "4626863240", "key": 0, "highway": "service", "name": "상도로37길", "validation_status": "validated", "length_m": 88.354152782507427, "최대경사_pct": 0.47233731872559015, "B등급": "양호", "기준선_근처": false, "계단": false, "급한전환": 0 }, "geometry": { "type": "LineString", "coordinates": [ [ 126.9502527, 37.501047799999988 ], [ 126.9496819, 37.5017012 ] ] } },
{ "type": "Feature", "properties": { "u": "2825706567", "v": "4626902909", "key": 0, "highway": "service", "name": "상도로37길", "validation_status": "unobserved", "length_m": 61.738491241417378, "최대경사_pct": 0.47013106780452574, "B등급": "양호", "기준선_근처": false, "계단": false, "급한전환": 0 }, "geometry": { "type": "LineString", "coordinates": [ [ 126.949284, 37.5021583 ], [ 126.9496819, 37.5017012 ] ] } },
{ "type": "Feature", "properties": { "u": "13597219417", "v": "4621509675", "key": 0, "highway": "service", "name": "상도로38길", "validation_status": "unobserved", "length_m": 34.828321737866602, "최대경사_pct": 4.8138560072598695, "B등급": "양호", "기준선_근처": true, "계단": false, "급한전환": 0 }, "geometry": { "type": "LineString", "coordinates": [ [ 126.9487898, 37.5012141 ], [ 126.949122, 37.5013827 ] ] } },
{ "type": "Feature", "properties": { "u": "13597219417", "v": "13597214694", "key": 0, "highway": "primary", "name": "상도로", "validation_status": "unobserved", "length_m": 29.719368701545967, "최대경사_pct": 2.560403639158094, "B등급": "양호", "기준선_근처": true, "계단": false, "급한전환": 0 }, "geometry": { "type": "LineString", "coordinates": [ [ 126.9493154, 37.5011637 ], [ 126.949122, 37.5013827 ] ] } },
{ "type": "Feature", "properties": { "u": "13597219417", "v": "13597219416", "key": 0, "highway": "primary", "name": "상도로", "validation_status": "unobserved", "length_m": 142.03497858616998, "최대경사_pct": 3.1956731741248876, "B등급": "양호", "기준선_근처": true, "계단": false, "급한전환": 0 }, "geometry": { "type": "LineString", "coordinates": [ [ 126.9482201, 37.5024416 ], [ 126.9487233, 37.5018414 ], [ 126.9489735, 37.5015578 ], [ 126.949122, 37.5013827 ] ] } },
{ "type": "Feature", "properties": { "u": "4621478356", "v": "4626902909", "key": 0, "highway": "service", "name": "상도로", "validation_status": "unobserved", "length_m": 45.462746974957668, "최대경사_pct": 0.32723018433578943, "B등급": "양호", "기준선_근처": false, "계단": false, "급한전환": 0 }, "geometry": { "type": "LineString", "coordinates": [ [ 126.949284, 37.5021583 ], [ 126.9488511, 37.5019373 ] ] } },
{ "type": "Feature", "properties": { "u": "4621478356", "v": "4621478352", "key": 0, "highway": "primary", "name": "상도로", "validation_status": "unobserved", "length_m": 77.930456742514664, "최대경사_pct": 1.0492394982649291, "B등급": "양호", "기준선_근처": true, "계단": false, "급한전환": 0 }, "geometry": { "type": "LineString", "coordinates": [ [ 126.9483515, 37.5025157 ], [ 126.9485289, 37.5023042 ], [ 126.9488511, 37.5019373 ] ] } },
{ "type": "Feature", "properties": { "u": "13597214695", "v": "13597214694", "key": 0, "highway": "primary_link", "name": null, "validation_status": "unobserved", "length_m": 14.925024538983777, "최대경사_pct": 5.9808965826095317, "B등급": "주의", "기준선_근처": true, "계단": false, "급한전환": 0 }, "geometry": { "type": "LineString", "coordinates": [ [ 126.9493154, 37.5011637 ], [ 126.9494565, 37.5012375 ] ] } },
{ "type": "Feature", "properties": { "u": "13597214695", "v": "4621469141", "key": 0, "highway": "primary", "name": "상도로", "validation_status": "unobserved", "length_m": 57.243905453961204, "최대경사_pct": 2.386361463328607, "B등급": "양호", "기준선_근처": true, "계단": false, "급한전환": 0 }, "geometry": { "type": "LineString", "coordinates": [ [ 126.9498242, 37.500813 ], [ 126.9494565, 37.5012375 ] ] } },
{ "type": "Feature", "properties": { "u": "2825701337", "v": "4621486058", "key": 0, "highway": "residential", "name": "상도로47길", "validation_status": "validated", "length_m": 60.108087098062612, "최대경사_pct": 1.2169463794747541, "B등급": "양호", "기준선_근처": true, "계단": false, "급한전환": 0 }, "geometry": { "type": "LineString", "coordinates": [ [ 126.9517509, 37.5038162 ], [ 126.9517949, 37.503654600000019 ], [ 126.9518526, 37.5032812 ] ] } },
{ "type": "Feature", "properties": { "u": "2825701322", "v": "4621475846", "key": 0, "highway": "service", "name": "상도로45길", "validation_status": "unobserved", "length_m": 47.046632418274122, "최대경사_pct": 3.3776814556040571, "B등급": "양호", "기준선_근처": true, "계단": false, "급한전환": 0 }, "geometry": { "type": "LineString", "coordinates": [ [ 126.95306770000002, 37.502085299999983 ], [ 126.95311270000002, 37.501865400000028 ], [ 126.9531303, 37.5016648 ] ] } },
{ "type": "Feature", "properties": { "u": "4621475846", "v": "4621475838", "key": 0, "highway": "service", "name": "상도로47길", "validation_status": "unobserved", "length_m": 96.044715556370178, "최대경사_pct": 5.2059084885991673, "B등급": "양호", "기준선_근처": true, "계단": false, "급한전환": 0 }, "geometry": { "type": "LineString", "coordinates": [ [ 126.9521154, 37.5017173 ], [ 126.952196199999989, 37.501778 ], [ 126.95237760000002, 37.5018909 ], [ 126.952596799999981, 37.502003599999988 ], [ 126.9528626, 37.502068 ], [ 126.95306770000002, 37.502085299999983 ] ] } },
{ "type": "Feature", "properties": { "u": "2829147721", "v": "11871139992", "key": 0, "highway": "residential", "name": "상도로41가길", "validation_status": "validated", "length_m": 33.013531590137056, "최대경사_pct": 1.2864563192694807, "B등급": "양호", "기준선_근처": true, "계단": false, "급한전환": 0 }, "geometry": { "type": "LineString", "coordinates": [ [ 126.950291399999983, 37.503842500000019 ], [ 126.95030340000001, 37.5041398 ] ] } },
{ "type": "Feature", "properties": { "u": "2829147721", "v": "2829147725", "key": 0, "highway": "service", "name": "상도로41마길", "validation_status": "unobserved", "length_m": 76.750247833757157, "최대경사_pct": 7.0751989375949424, "B등급": "주의", "기준선_근처": true, "계단": false, "급한전환": 0 }, "geometry": { "type": "LineString", "coordinates": [ [ 126.9510153, 37.5044608 ], [ 126.950923, 37.5043532 ], [ 126.950778200000016, 37.5042361 ], [ 126.950518, 37.5041468 ], [ 126.95030340000001, 37.5041398 ] ] } },
{ "type": "Feature", "properties": { "u": "4621469141", "v": "4626863240", "key": 0, "highway": "service", "name": "상도로43길", "validation_status": "validated", "length_m": 45.986427846039632, "최대경사_pct": 0.75029840178702989, "B등급": "양호", "기준선_근처": false, "계단": false, "급한전환": 0 }, "geometry": { "type": "LineString", "coordinates": [ [ 126.9502527, 37.501047799999988 ], [ 126.9498242, 37.500813 ] ] } },
{ "type": "Feature", "properties": { "u": "2825706577", "v": "2825730235", "key": 0, "highway": "service", "name": "상도로45길", "validation_status": "unobserved", "length_m": 42.738949120919891, "최대경사_pct": 5.4855870192066662, "B등급": "양호", "기준선_근처": true, "계단": false, "급한전환": 0 }, "geometry": { "type": "LineString", "coordinates": [ [ 126.9512354, 37.500597 ], [ 126.950836200000012, 37.5003799 ] ] } },
{ "type": "Feature", "properties": { "u": "2825706577", "v": "4626863240", "key": 0, "highway": "service", "name": "상도로37길", "validation_status": "unobserved", "length_m": 90.316794639707425, "최대경사_pct": 3.3389083741861794, "B등급": "양호", "기준선_근처": true, "계단": false, "급한전환": 0 }, "geometry": { "type": "LineString", "coordinates": [ [ 126.9502527, 37.501047799999988 ], [ 126.950836200000012, 37.5003799 ] ] } },
{ "type": "Feature", "properties": { "u": "2825731327", "v": "2825730235", "key": 0, "highway": "service", "name": "상도로45길", "validation_status": "unobserved", "length_m": 32.792181850264889, "최대경사_pct": 7.7113068452746223, "B등급": "주의", "기준선_근처": true, "계단": false, "급한전환": 0 }, "geometry": { "type": "LineString", "coordinates": [ [ 126.9512354, 37.500597 ], [ 126.9515342, 37.500772 ] ] } },
{ "type": "Feature", "properties": { "u": "4621486058", "v": "13005797931", "key": 0, "highway": "service", "name": "상도로47아길", "validation_status": "unobserved", "length_m": 88.202454890059784, "최대경사_pct": 10.399986334981968, "B등급": "위험", "기준선_근처": true, "계단": false, "급한전환": 0 }, "geometry": { "type": "LineString", "coordinates": [ [ 126.9527088, 37.5036296 ], [ 126.952526899999981, 37.5036393 ], [ 126.952306600000014, 37.5037035 ], [ 126.952036, 37.5037959 ], [ 126.9517509, 37.5038162 ] ] } },
{ "type": "Feature", "properties": { "u": "4621486058", "v": "4621482136", "key": 0, "highway": "residential", "name": "상도로47길", "validation_status": "validated", "length_m": 36.272563863820452, "최대경사_pct": 3.5455386179147181, "B등급": "양호", "기준선_근처": true, "계단": false, "급한전환": 0 }, "geometry": { "type": "LineString", "coordinates": [ [ 126.9517241, 37.5041422 ], [ 126.9517244, 37.5040885 ], [ 126.9517509, 37.5038162 ] ] } },
{ "type": "Feature", "properties": { "u": "2825706542", "v": "2825706563", "key": 0, "highway": "tertiary", "name": "상도로53길", "validation_status": "unobserved", "length_m": 13.183910645357846, "최대경사_pct": 8.8152183612863411, "B등급": "위험", "기준선_근처": true, "계단": false, "급한전환": 0 }, "geometry": { "type": "LineString", "coordinates": [ [ 126.9530751, 37.497817 ], [ 126.9531901, 37.4978926 ] ] } },
{ "type": "Feature", "properties": { "u": "2825706542", "v": "11413637745", "key": 0, "highway": "footway", "name": null, "validation_status": "unobserved", "length_m": 12.378981873495741, "최대경사_pct": 4.0274647883772854, "B등급": "양호", "기준선_근처": true, "계단": false, "급한전환": 0 }, "geometry": { "type": "LineString", "coordinates": [ [ 126.953262, 37.4977969 ], [ 126.9531901, 37.4978926 ] ] } },
{ "type": "Feature", "properties": { "u": "2825706542", "v": "11413637591", "key": 0, "highway": "footway", "name": null, "validation_status": "unobserved", "length_m": 12.237891638631957, "최대경사_pct": 2.7611207813489713, "B등급": "양호", "기준선_근처": true, "계단": false, "급한전환": 0 }, "geometry": { "type": "LineString", "coordinates": [ [ 126.953119, 37.4979872 ], [ 126.9531901, 37.4978926 ] ] } },
{ "type": "Feature", "properties": { "u": "2825706542", "v": "2825711099", "key": 0, "highway": "tertiary", "name": "상도로53길", "validation_status": "unobserved", "length_m": 21.40583521551747, "최대경사_pct": 9.177679066998353, "B등급": "위험", "기준선_근처": true, "계단": false, "급한전환": 0 }, "geometry": { "type": "LineString", "coordinates": [ [ 126.953333, 37.498046 ], [ 126.953290700000011, 37.4979789 ], [ 126.9531901, 37.4978926 ] ] } },
{ "type": "Feature", "properties": { "u": "2825706563", "v": "2825711038", "key": 0, "highway": "service", "name": "상도로37길", "validation_status": "unobserved", "length_m": 41.255380672355741, "최대경사_pct": 5.2001906172441297, "B등급": "양호", "기준선_근처": true, "계단": false, "급한전환": 0 }, "geometry": { "type": "LineString", "coordinates": [ [ 126.9533416, 37.4975119 ], [ 126.9530751, 37.497817 ] ] } },
{ "type": "Feature", "properties": { "u": "2825706563", "v": "13230033251", "key": 0, "highway": "service", "name": "상도로37길", "validation_status": "unobserved", "length_m": 15.364536715476767, "최대경사_pct": 4.9044115474926882, "B등급": "양호", "기준선_근처": true, "계단": false, "급한전환": 0 }, "geometry": { "type": "LineString", "coordinates": [ [ 126.9529758, 37.4979306 ], [ 126.9530751, 37.497817 ] ] } },
{ "type": "Feature", "properties": { "u": "11413637591", "v": "13230033251", "key": 0, "highway": "footway", "name": null, "validation_status": "unobserved", "length_m": 14.135421257324184, "최대경사_pct": 9.2834565028434213, "B등급": "위험", "기준선_근처": true, "계단": false, "급한전환": 0 }, "geometry": { "type": "LineString", "coordinates": [ [ 126.9529758, 37.4979306 ], [ 126.953119, 37.4979872 ] ] } },
{ "type": "Feature", "properties": { "u": "11413637591", "v": "11413588662", "key": 0, "highway": "footway", "name": null, "validation_status": "unobserved", "length_m": 31.789021656327609, "최대경사_pct": 10.674836814929995, "B등급": "위험", "기준선_근처": true, "계단": false, "급한전환": 1 }, "geometry": { "type": "LineString", "coordinates": [ [ 126.953224400000011, 37.49823090000001 ], [ 126.9532305, 37.4981969 ], [ 126.9532307, 37.4981225 ], [ 126.9532323, 37.498062199999985 ], [ 126.953207600000013, 37.4980458 ], [ 126.953119, 37.4979872 ] ] } },
{ "type": "Feature", "properties": { "u": "2825711099", "v": "2825711071", "key": 0, "highway": "residential", "name": "상도로53가길", "validation_status": "validated", "length_m": 51.097034094521298, "최대경사_pct": 0.89982509660003984, "B등급": "양호", "기준선_근처": true, "계단": false, "급한전환": 0 }, "geometry": { "type": "LineString", "coordinates": [ [ 126.9535161, 37.4976126 ], [ 126.953480099999979, 37.49765470000002 ], [ 126.9534345, 37.497735600000013 ], [ 126.9533872, 37.4978804 ], [ 126.953333, 37.498046 ] ] } },
{ "type": "Feature", "properties": { "u": "2825706543", "v": "2825706571", "key": 0, "highway": "primary_link", "name": null, "validation_status": "unobserved", "length_m": 65.840053528605182, "최대경사_pct": 0.66881301280419891, "B등급": "양호", "기준선_근처": false, "계단": false, "급한전환": 0 }, "geometry": { "type": "LineString", "coordinates": [ [ 126.9482447, 37.5033463 ], [ 126.948199200000019, 37.503306400000014 ], [ 126.948150600000019, 37.5032532 ], [ 126.948121300000011, 37.5032116 ], [ 126.9481014, 37.5031681 ], [ 126.9480909, 37.503139 ], [ 126.9480792, 37.503090400000012 ], [ 126.9480677, 37.5030341 ], [ 126.9480661, 37.5029679 ], [ 126.948071400000018, 37.5029156 ], [ 126.9480818, 37.5028593 ], [ 126.9481013, 37.502794 ] ] } },
{ "type": "Feature", "properties": { "u": "2825706543", "v": "4621478352", "key": 0, "highway": "primary", "name": "상도로", "validation_status": "unobserved", "length_m": 38.001017119342123, "최대경사_pct": 4.7231837224964464, "B등급": "양호", "기준선_근처": true, "계단": false, "급한전환": 0 }, "geometry": { "type": "LineString", "coordinates": [ [ 126.9483515, 37.5025157 ], [ 126.9482935, 37.5025753 ], [ 126.9481013, 37.502794 ] ] } },
{ "type": "Feature", "properties": { "u": "2825706571", "v": "10712384713", "key": 0, "highway": "service", "name": "상도로37길", "validation_status": "unobserved", "length_m": 8.6253510637027837, "최대경사_pct": 2.0986191187337631, "B등급": "양호", "기준선_근처": true, "계단": false, "급한전환": 0 }, "geometry": { "type": "LineString", "coordinates": [ [ 126.9483004, 37.5032825 ], [ 126.9482447, 37.5033463 ] ] } },
{ "type": "Feature", "properties": { "u": "2825706571", "v": "2825706550", "key": 0, "highway": "primary_link", "name": null, "validation_status": "unobserved", "length_m": 53.286703405078995, "최대경사_pct": 3.7606500248857819, "B등급": "양호", "기준선_근처": true, "계단": false, "급한전환": 0 }, "geometry": { "type": "LineString", "coordinates": [ [ 126.948658699999982, 37.5036929 ], [ 126.9484722, 37.5035078 ], [ 126.9482447, 37.5033463 ] ] } },
{ "type": "Feature", "properties": { "u": "4621478352", "v": "4626938545", "key": 0, "highway": "service", "name": "상도로39길", "validation_status": "unobserved", "length_m": 44.918803320294188, "최대경사_pct": 1.5074516799629005, "B등급": "양호", "기준선_근처": true, "계단": false, "급한전환": 0 }, "geometry": { "type": "LineString", "coordinates": [ [ 126.9487751, 37.5027391 ], [ 126.9483515, 37.5025157 ] ] } },
{ "type": "Feature", "properties": { "u": "2825706548", "v": "4621460691", "key": 0, "highway": "service", "name": "상도로37길", "validation_status": "unobserved", "length_m": 54.130221091501959, "최대경사_pct": 2.2548630406277681, "B등급": "양호", "기준선_근처": true, "계단": false, "급한전환": 0 }, "geometry": { "type": "LineString", "coordinates": [ [ 126.9523654, 37.4986294 ], [ 126.9520157, 37.4990297 ] ] } },
{ "type": "Feature", "properties": { "u": "2825706548", "v": "2825733606", "key": 0, "highway": "service", "name": "상도로49길", "validation_status": "unobserved", "length_m": 150.37818549667188, "최대경사_pct": 12.17820983157285, "B등급": "위험", "기준선_근처": true, "계단": false, "급한전환": 1 }, "geometry": { "type": "LineString", "coordinates": [ [ 126.952623700000018, 37.4996943 ], [ 126.952693600000018, 37.4996558 ], [ 126.9527774, 37.4996274 ], [ 126.953013400000017, 37.499578400000011 ], [ 126.95304520000002, 37.4995419 ], [ 126.9530398, 37.4995164 ], [ 126.9520157, 37.4990297 ] ] } },
{ "type": "Feature", "properties": { "u": "4621460691", "v": "4621460690", "key": 0, "highway": "service", "name": "상도로37길", "validation_status": "unobserved", "length_m": 6.4000991995151013, "최대경사_pct": 2.6389847770991777, "B등급": "양호", "기준선_근처": true, "계단": false, "급한전환": 0 }, "geometry": { "type": "LineString", "coordinates": [ [ 126.9524068, 37.4985821 ], [ 126.9523654, 37.4986294 ] ] } },
{ "type": "Feature", "properties": { "u": "4621460691", "v": "11413637707", "key": 0, "highway": "service", "name": "상도로37길", "validation_status": "unobserved", "length_m": 54.877203274180253, "최대경사_pct": 16.50708304634712, "B등급": "위험", "기준선_근처": false, "계단": false, "급한전환": 0 }, "geometry": { "type": "LineString", "coordinates": [ [ 126.9529829, 37.4985801 ], [ 126.9523654, 37.4986294 ] ] } },
{ "type": "Feature", "properties": { "u": "2825733606", "v": "2825731303", "key": 0, "highway": "service", "name": "상도로47나길", "validation_status": "unobserved", "length_m": 122.39278793225915, "최대경사_pct": 8.1704160587752188, "B등급": "주의", "기준선_근처": true, "계단": false, "급한전환": 2 }, "geometry": { "type": "LineString", "coordinates": [ [ 126.9529995, 37.5002985 ], [ 126.9526942, 37.5001594 ], [ 126.95250919999998, 37.5000338 ], [ 126.9523643, 37.4999423 ], [ 126.95228920000001, 37.4998487 ], [ 126.952286500000014, 37.4997891 ], [ 126.952297300000012, 37.499752900000011 ], [ 126.952420600000011, 37.4997019 ], [ 126.9525226, 37.4996891 ], [ 126.952623700000018, 37.4996943 ] ] } },
{ "type": "Feature", "properties": { "u": "2825706556", "v": "11413588662", "key": 0, "highway": "footway", "name": null, "validation_status": "unobserved", "length_m": 9.8364722722395204, "최대경사_pct": 20.541106573534336, "B등급": "위험", "기준선_근처": false, "계단": false, "급한전환": 0 }, "geometry": { "type": "LineString", "coordinates": [ [ 126.953224400000011, 37.49823090000001 ], [ 126.9533159, 37.4982813 ] ] } },
{ "type": "Feature", "properties": { "u": "2825706556", "v": "11413637479", "key": 0, "highway": "footway", "name": null, "validation_status": "validated", "length_m": 18.356355211150252, "최대경사_pct": 18.654875807223828, "B등급": "위험", "기준선_근처": false, "계단": false, "급한전환": 0 }, "geometry": { "type": "LineString", "coordinates": [ [ 126.9534867, 37.4983753 ], [ 126.9533159, 37.4982813 ] ] } },
{ "type": "Feature", "properties": { "u": "11413588662", "v": "11413637707", "key": 0, "highway": "footway", "name": null, "validation_status": "unobserved", "length_m": 44.28189543508384, "최대경사_pct": 1.0892297942741416, "B등급": "양호", "기준선_근처": true, "계단": false, "급한전환": 0 }, "geometry": { "type": "LineString", "coordinates": [ [ 126.9529829, 37.4985801 ], [ 126.9531028, 37.4984222 ], [ 126.953224400000011, 37.49823090000001 ] ] } },
{ "type": "Feature", "properties": { "u": "2825711038", "v": "2825711094", "key": 0, "highway": "service", "name": "상도로37길", "validation_status": "unobserved", "length_m": 48.248345944975675, "최대경사_pct": 2.9153471543155973, "B등급": "양호", "기준선_근처": true, "계단": false, "급한전환": 0 }, "geometry": { "type": "LineString", "coordinates": [ [ 126.9536533, 37.4971551 ], [ 126.9533416, 37.4975119 ] ] } },
{ "type": "Feature", "properties": { "u": "2825711038", "v": "2825711071", "key": 0, "highway": "service", "name": null, "validation_status": "unobserved", "length_m": 19.053074065698407, "최대경사_pct": 15.078517202704825, "B등급": "위험", "기준선_근처": false, "계단": false, "급한전환": 0 }, "geometry": { "type": "LineString", "coordinates": [ [ 126.9535161, 37.4976126 ], [ 126.9533416, 37.4975119 ] ] } },
{ "type": "Feature", "properties": { "u": "13230033251", "v": "4621460690", "key": 0, "highway": "service", "name": "상도로37길", "validation_status": "unobserved", "length_m": 88.09131133575778, "최대경사_pct": 4.2901141959649847, "B등급": "양호", "기준선_근처": true, "계단": false, "급한전환": 0 }, "geometry": { "type": "LineString", "coordinates": [ [ 126.9524068, 37.4985821 ], [ 126.9529758, 37.4979306 ] ] } },
{ "type": "Feature", "properties": { "u": "13230033251", "v": "11413637561", "key": 0, "highway": "footway", "name": null, "validation_status": "unobserved", "length_m": 31.581879937623334, "최대경사_pct": 7.9155061046788449, "B등급": "주의", "기준선_근처": true, "계단": false, "급한전환": 0 }, "geometry": { "type": "LineString", "coordinates": [ [ 126.9526751, 37.4977775 ], [ 126.9529322, 37.497913100000027 ], [ 126.9529758, 37.4979306 ] ] } },
{ "type": "Feature", "properties": { "u": "2825730228", "v": "4626902908", "key": 0, "highway": "service", "name": "상도로39가길", "validation_status": "unobserved", "length_m": 61.603175406083103, "최대경사_pct": 8.2544953803781507, "B등급": "주의", "기준선_근처": true, "계단": false, "급한전환": 0 }, "geometry": { "type": "LineString", "coordinates": [ [ 126.94954820000001, 37.5023033 ], [ 126.9499377, 37.5018431 ] ] } },
{ "type": "Feature", "properties": { "u": "4626863240", "v": "4621469140", "key": 0, "highway": "service", "name": "상도로43길", "validation_status": "unobserved", "length_m": 42.474582774950619, "최대경사_pct": 12.67867159640725, "B등급": "위험", "기준선_근처": true, "계단": false, "급한전환": 0 }, "geometry": { "type": "LineString", "coordinates": [ [ 126.950646800000015, 37.5012666 ], [ 126.9502527, 37.501047799999988 ] ] } },
{ "type": "Feature", "properties": { "u": "4626902909", "v": "4626938545", "key": 0, "highway": "service", "name": "상도로37길", "validation_status": "unobserved", "length_m": 78.613634372558877, "최대경사_pct": 0.22079432171398569, "B등급": "양호", "기준선_근처": false, "계단": false, "급한전환": 0 }, "geometry": { "type": "LineString", "coordinates": [ [ 126.9487751, 37.5027391 ], [ 126.949284, 37.5021583 ] ] } },
{ "type": "Feature", "properties": { "u": "4626902909", "v": "4626902908", "key": 0, "highway": [ "service", "steps" ], "name": null, "validation_status": "unobserved", "length_m": 28.368431924243076, "최대경사_pct": 11.934427266821276, "B등급": "위험", "기준선_근처": true, "계단": true, "급한전환": 0 }, "geometry": { "type": "LineString", "coordinates": [ [ 126.94954820000001, 37.5023033 ], [ 126.9493604, 37.5021994 ], [ 126.949284, 37.5021583 ] ] } },
{ "type": "Feature", "properties": { "u": "2825730230", "v": "2825730235", "key": 0, "highway": "service", "name": "상도로47가길", "validation_status": "validated", "length_m": 78.62234302423667, "최대경사_pct": 3.3140335894593336, "B등급": "양호", "기준선_근처": true, "계단": false, "급한전환": 0 }, "geometry": { "type": "LineString", "coordinates": [ [ 126.9512354, 37.500597 ], [ 126.9517475, 37.5000179 ] ] } },
{ "type": "Feature", "properties": { "u": "10712384713", "v": "4626938545", "key": 0, "highway": "service", "name": "상도로37길", "validation_status": "unobserved", "length_m": 73.478918669494846, "최대경사_pct": 2.2826392847361636, "B등급": "양호", "기준선_근처": true, "계단": false, "급한전환": 0 }, "geometry": { "type": "LineString", "coordinates": [ [ 126.9487751, 37.5027391 ], [ 126.9483004, 37.5032825 ] ] } },
{ "type": "Feature", "properties": { "u": "10712384713", "v": "10712384714", "key": 0, "highway": "service", "name": null, "validation_status": "unobserved", "length_m": 114.82147914513064, "최대경사_pct": 1.7225966144825058, "B등급": "양호", "기준선_근처": true, "계단": false, "급한전환": 0 }, "geometry": { "type": "LineString", "coordinates": [ [ 126.949365, 37.5038749 ], [ 126.9483004, 37.5032825 ] ] } },
{ "type": "Feature", "properties": { "u": "2825730235", "v": "4621471425", "key": 0, "highway": "service", "name": "상도로47가길", "validation_status": "unobserved", "length_m": 49.768294248481261, "최대경사_pct": 0.99523491413105358, "B등급": "양호", "기준선_근처": true, "계단": false, "급한전환": 0 }, "geometry": { "type": "LineString", "coordinates": [ [ 126.950924700000016, 37.5009709 ], [ 126.9512354, 37.500597 ] ] } },
{ "type": "Feature", "properties": { "u": "2825711094", "v": "2825711047", "key": 0, "highway": "residential", "name": "상도로55길", "validation_status": "unobserved", "length_m": 19.823189963608108, "최대경사_pct": 3.2186724612315012, "B등급": "양호", "기준선_근처": true, "계단": false, "급한전환": 0 }, "geometry": { "type": "LineString", "coordinates": [ [ 126.9538774, 37.497159600000032 ], [ 126.9536533, 37.4971551 ] ] } },
{ "type": "Feature", "properties": { "u": "2825711094", "v": "2825711091", "key": 0, "highway": "service", "name": "상도로55길", "validation_status": "unobserved", "length_m": 39.356506957332186, "최대경사_pct": 8.3333333333333321, "B등급": "주의", "기준선_근처": true, "계단": false, "급한전환": 0 }, "geometry": { "type": "LineString", "coordinates": [ [ 126.9538378, 37.4968324 ], [ 126.9536533, 37.4971551 ] ] } },
{ "type": "Feature", "properties": { "u": "2825711094", "v": "2825711406", "key": 0, "highway": "residential", "name": "상도로55길", "validation_status": "unobserved", "length_m": 60.826461496881308, "최대경사_pct": 8.1464826374688073, "B등급": "주의", "기준선_근처": true, "계단": false, "급한전환": 0 }, "geometry": { "type": "LineString", "coordinates": [ [ 126.952976800000016, 37.4971372 ], [ 126.953155600000017, 37.4971853 ], [ 126.9536533, 37.4971551 ] ] } },
{ "type": "Feature", "properties": { "u": "2825711071", "v": "2825711413", "key": 0, "highway": "residential", "name": "상도로53가길", "validation_status": "validated", "length_m": 115.24595970411488, "최대경사_pct": 2.8946555633244482, "B등급": "양호", "기준선_근처": true, "계단": false, "급한전환": 1 }, "geometry": { "type": "LineString", "coordinates": [ [ 126.9545095, 37.4971449 ], [ 126.9545047, 37.49732490000001 ], [ 126.9544725, 37.497359 ], [ 126.9543331, 37.4974079 ], [ 126.954153299999987, 37.497448299999981 ], [ 126.9537269, 37.4975079 ], [ 126.9536594, 37.4975267 ], [ 126.9535767, 37.4975675 ], [ 126.9535161, 37.4976126 ] ] } },
{ "type": "Feature", "properties": { "u": "2825711047", "v": "2825711413", "key": 0, "highway": "residential", "name": "상도로55길", "validation_status": "unobserved", "length_m": 55.919662620974094, "최대경사_pct": 5.3908170528926762, "B등급": "양호", "기준선_근처": true, "계단": false, "급한전환": 0 }, "geometry": { "type": "LineString", "coordinates": [ [ 126.9545095, 37.4971449 ], [ 126.9538774, 37.497159600000032 ] ] } },
{ "type": "Feature", "properties": { "u": "2825711047", "v": "4686503142", "key": 0, "highway": "service", "name": "상도로55길", "validation_status": "unobserved", "length_m": 31.575506304120616, "최대경사_pct": 6.1009579535222969, "B등급": "주의", "기준선_근처": true, "계단": false, "급한전환": 0 }, "geometry": { "type": "LineString", "coordinates": [ [ 126.9538653, 37.4968753 ], [ 126.9538653, 37.4969242 ], [ 126.9538774, 37.497159600000032 ] ] } },
{ "type": "Feature", "properties": { "u": "2825711413", "v": "3713157340", "key": 0, "highway": "residential", "name": "상도로55길", "validation_status": "validated", "length_m": 142.46893749619534, "최대경사_pct": 8.4466509279912732, "B등급": "위험", "기준선_근처": true, "계단": false, "급한전환": 1 }, "geometry": { "type": "LineString", "coordinates": [ [ 126.9555146, 37.4979788 ], [ 126.9553781, 37.497941100000013 ], [ 126.955344900000014, 37.4979203 ], [ 126.9552966, 37.4978765 ], [ 126.9552638, 37.4978207 ], [ 126.955238400000013, 37.4977598 ], [ 126.955204800000018, 37.4976207 ], [ 126.955177, 37.4975652 ], [ 126.9551324, 37.4975228 ], [ 126.9548507, 37.4973249 ], [ 126.9547967, 37.4972607 ], [ 126.95477910000001, 37.4971756 ], [ 126.9547428, 37.4971441 ], [ 126.9546958, 37.4971315 ], [ 126.9545095, 37.4971449 ] ] } },
{ "type": "Feature", "properties": { "u": "3713157340", "v": "2825714913", "key": 0, "highway": "residential", "name": "상도로55길", "validation_status": "bridged", "length_m": 0.60978212285480005, "최대경사_pct": 14.330301986888305, "B등급": "위험", "기준선_근처": false, "계단": false, "급한전환": 0 }, "geometry": { "type": "LineString", "coordinates": [ [ 126.955521300000015, 37.4979801 ], [ 126.9555146, 37.4979788 ] ] } },
{ "type": "Feature", "properties": { "u": "3713157340", "v": "12785639986", "key": 0, "highway": "service", "name": null, "validation_status": "validated", "length_m": 24.643983951350435, "최대경사_pct": 0.76177861599189123, "B등급": "양호", "기준선_근처": false, "계단": false, "급한전환": 0 }, "geometry": { "type": "LineString", "coordinates": [ [ 126.955610100000015, 37.4977702 ], [ 126.9555384, 37.4979268 ], [ 126.9555146, 37.4979788 ] ] } },
{ "type": "Feature", "properties": { "u": "2825711424", "v": "4686503139", "key": 0, "highway": "residential", "name": "상도로55길", "validation_status": "validated", "length_m": 97.2330326728827, "최대경사_pct": 6.3786635082551824, "B등급": "주의", "기준선_근처": true, "계단": false, "급한전환": 0 }, "geometry": { "type": "LineString", "coordinates": [ [ 126.958047500000021, 37.4975288 ], [ 126.9582035, 37.4974632 ], [ 126.9583322, 37.4974292 ], [ 126.9585008, 37.4973969 ], [ 126.9586916, 37.4973866 ], [ 126.9590028, 37.497386600000013 ], [ 126.95906380000001, 37.4973908 ], [ 126.959109699999985, 37.49740760000001 ] ] } },
{ "type": "Feature", "properties": { "u": "4686503139", "v": "12794284301", "key": 0, "highway": "service", "name": null, "validation_status": "unobserved", "length_m": 23.73510971958596, "최대경사_pct": 16.666666666666643, "B등급": "위험", "기준선_근처": false, "계단": false, "급한전환": 0 }, "geometry": { "type": "LineString", "coordinates": [ [ 126.957921200000015, 37.4973401 ], [ 126.958047500000021, 37.4975288 ] ] } },
{ "type": "Feature", "properties": { "u": "2825714913", "v": "4654271182", "key": 0, "highway": "service", "name": null, "validation_status": "validated", "length_m": 123.50093289251089, "최대경사_pct": 16.367844358631228, "B등급": "위험", "기준선_근처": false, "계단": false, "급한전환": 0 }, "geometry": { "type": "LineString", "coordinates": [ [ 126.956867, 37.4982748 ], [ 126.956457499999985, 37.4981907 ], [ 126.955856200000014, 37.4980675 ], [ 126.955703199999988, 37.4980352 ], [ 126.955521300000015, 37.4979801 ] ] } },
{ "type": "Feature", "properties": { "u": "2825723257", "v": "13261401480", "key": 0, "highway": "service", "name": null, "validation_status": "unobserved", "length_m": 5.8622041732539412, "최대경사_pct": 27.313069273049056, "B등급": "위험", "기준선_근처": false, "계단": false, "급한전환": 0 }, "geometry": { "type": "LineString", "coordinates": [ [ 126.949631, 37.50012270000002 ], [ 126.9495724, 37.500098 ] ] } },
{ "type": "Feature", "properties": { "u": "13261401480", "v": "2825723281", "key": 0, "highway": "service", "name": null, "validation_status": "unobserved", "length_m": 26.351297579604402, "최대경사_pct": 19.888875080093307, "B등급": "위험", "기준선_근처": false, "계단": false, "급한전환": 0 }, "geometry": { "type": "LineString", "coordinates": [ [ 126.9498945, 37.5002336 ], [ 126.949631, 37.50012270000002 ] ] } },
{ "type": "Feature", "properties": { "u": "13261401480", "v": "13261401489", "key": 0, "highway": "steps", "name": null, "validation_status": "unobserved", "length_m": 92.060816132560831, "최대경사_pct": 25.854805581773434, "B등급": "위험", "기준선_근처": false, "계단": true, "급한전환": 1 }, "geometry": { "type": "LineString", "coordinates": [ [ 126.948705, 37.4998532 ], [ 126.9487399, 37.4998555 ], [ 126.9496009, 37.5001653 ], [ 126.949631, 37.50012270000002 ] ] } },
{ "type": "Feature", "properties": { "u": "2825723281", "v": "13597219418", "key": 0, "highway": "service", "name": null, "validation_status": "unobserved", "length_m": 17.542128671247109, "최대경사_pct": 12.908333888023252, "B등급": "위험", "기준선_근처": true, "계단": false, "급한전환": 0 }, "geometry": { "type": "LineString", "coordinates": [ [ 126.950058100000021, 37.500323 ], [ 126.9498945, 37.5002336 ] ] } },
{ "type": "Feature", "properties": { "u": "2825723281", "v": "3337436844", "key": 0, "highway": "service", "name": null, "validation_status": "unobserved", "length_m": 115.53007189863941, "최대경사_pct": 3.0523604954007162, "B등급": "양호", "기준선_근처": true, "계단": false, "급한전환": 0 }, "geometry": { "type": "LineString", "coordinates": [ [ 126.9506282, 37.4993723 ], [ 126.9498945, 37.5002336 ] ] } },
{ "type": "Feature", "properties": { "u": "13597219418", "v": "13597214694", "key": 0, "highway": "primary", "name": "상도로", "validation_status": "unobserved", "length_m": 114.10127543453454, "최대경사_pct": 3.0178331455292482, "B등급": "양호", "기준선_근처": true, "계단": false, "급한전환": 0 }, "geometry": { "type": "LineString", "coordinates": [ [ 126.9493154, 37.5011637 ], [ 126.950058100000021, 37.500323 ] ] } },
{ "type": "Feature", "properties": { "u": "13597219418", "v": "13597219419", "key": 0, "highway": "primary", "name": "상도로", "validation_status": "unobserved", "length_m": 204.70115219243644, "최대경사_pct": 7.4117554082740318, "B등급": "주의", "기준선_근처": true, "계단": false, "급한전환": 0 }, "geometry": { "type": "LineString", "coordinates": [ [ 126.951367800000014, 37.4988022 ], [ 126.951266100000012, 37.4989176 ], [ 126.951107400000012, 37.4991017 ], [ 126.9505586, 37.4997385 ], [ 126.950058100000021, 37.500323 ] ] } },
{ "type": "Feature", "properties": { "u": "3337436844", "v": "13281452472", "key": 0, "highway": "service", "name": "상도로50길", "validation_status": "unobserved", "length_m": 10.88650868399561, "최대경사_pct": 1.6119256462884244, "B등급": "양호", "기준선_근처": true, "계단": false, "급한전환": 0 }, "geometry": { "type": "LineString", "coordinates": [ [ 126.950698, 37.4992915 ], [ 126.9506282, 37.4993723 ] ] } },
{ "type": "Feature", "properties": { "u": "3337436844", "v": "3337436851", "key": 0, "highway": "service", "name": null, "validation_status": "unobserved", "length_m": 187.50241004407542, "최대경사_pct": 22.073070116091227, "B등급": "위험", "기준선_근처": false, "계단": false, "급한전환": 3 }, "geometry": { "type": "LineString", "coordinates": [ [ 126.949919900000012, 37.498298 ], [ 126.9500531, 37.4982878 ], [ 126.9505252, 37.498541 ], [ 126.9505507, 37.4985953 ], [ 126.950531900000016, 37.4986527 ], [ 126.950149300000021, 37.499108 ], [ 126.9506282, 37.4993723 ] ] } },
{ "type": "Feature", "properties": { "u": "2825723290", "v": "13261418419", "key": 0, "highway": "service", "name": "상도로38다길", "validation_status": "unobserved", "length_m": 94.287176934838627, "최대경사_pct": 12.119591990062611, "B등급": "위험", "기준선_근처": true, "계단": false, "급한전환": 0 }, "geometry": { "type": "LineString", "coordinates": [ [ 126.94862430000002, 37.500007899999986 ], [ 126.9485658, 37.5000826 ], [ 126.9485276, 37.5001399 ], [ 126.9483881, 37.5002819 ], [ 126.9483256, 37.5003697 ], [ 126.948286599999989, 37.5004986 ], [ 126.948254700000021, 37.5006236 ], [ 126.9482534, 37.5006492 ], [ 126.948265600000013, 37.5006793 ], [ 126.948296500000012, 37.5007244 ], [ 126.9483183, 37.500767600000017 ] ] } },
{ "type": "Feature", "properties": { "u": "2825723290", "v": "10154131883", "key": 0, "highway": "service", "name": "상도로38길", "validation_status": "unobserved", "length_m": 43.938330588711523, "최대경사_pct": 0.10653414558781549, "B등급": "양호", "기준선_근처": false, "계단": false, "급한전환": 0 }, "geometry": { "type": "LineString", "coordinates": [ [ 126.9486572, 37.5004974 ], [ 126.9485539, 37.5005285 ], [ 126.948405400000013, 37.5006396 ], [ 126.9483671, 37.5006974 ], [ 126.9483183, 37.500767600000017 ] ] } },
{ "type": "Feature", "properties": { "u": "2825723290", "v": "10154131874", "key": 0, "highway": [ "service", "steps" ], "name": "상도로38길", "validation_status": "unobserved", "length_m": 31.04671874861571, "최대경사_pct": 31.485176518120095, "B등급": "위험", "기준선_근처": false, "계단": true, "급한전환": 0 }, "geometry": { "type": "LineString", "coordinates": [ [ 126.9484735, 37.5010077 ], [ 126.9484342, 37.5009709 ], [ 126.9483908, 37.500928 ], [ 126.9483584, 37.500899900000014 ], [ 126.9483389, 37.5008748 ], [ 126.9483314, 37.500853 ], [ 126.9483183, 37.500767600000017 ] ] } },
{ "type": "Feature", "properties": { "u": "13261418419", "v": "13261418420", "key": 0, "highway": "service", "name": null, "validation_status": "unobserved", "length_m": 23.429886268636636, "최대경사_pct": 7.6600503452260202, "B등급": "주의", "기준선_근처": true, "계단": false, "급한전환": 0 }, "geometry": { "type": "LineString", "coordinates": [ [ 126.9488567, 37.5001093 ], [ 126.94862430000002, 37.500007899999986 ] ] } },
{ "type": "Feature", "properties": { "u": "13261418419", "v": "13261401479", "key": 0, "highway": "service", "name": "상도로38다길", "validation_status": "unobserved", "length_m": 13.780090570649641, "최대경사_pct": 8.0415284055738336, "B등급": "주의", "기준선_근처": true, "계단": false, "급한전환": 0 }, "geometry": { "type": "LineString", "coordinates": [ [ 126.948701, 37.499899900000024 ], [ 126.948656200000016, 37.4999671 ], [ 126.94862430000002, 37.500007899999986 ] ] } },
{ "type": "Feature", "properties": { "u": "10154131883", "v": "10154131884", "key": 0, "highway": "service", "name": null, "validation_status": "unobserved", "length_m": 41.254541612007991, "최대경사_pct": 18.714893261504471, "B등급": "위험", "기준선_근처": false, "계단": false, "급한전환": 0 }, "geometry": { "type": "LineString", "coordinates": [ [ 126.949048600000012, 37.5006997 ], [ 126.9486572, 37.5004974 ] ] } },
{ "type": "Feature", "properties": { "u": "10154131883", "v": "4621509684", "key": 0, "highway": "service", "name": "상도로38길", "validation_status": "unobserved", "length_m": 58.09791802978733, "최대경사_pct": 0.6011899200788543, "B등급": "양호", "기준선_근처": false, "계단": false, "급한전환": 0 }, "geometry": { "type": "LineString", "coordinates": [ [ 126.9492653, 37.5003232 ], [ 126.94913080000002, 37.5003886 ], [ 126.9489722, 37.5004204 ], [ 126.948803100000021, 37.5004345 ], [ 126.9486572, 37.5004974 ] ] } },
{ "type": "Feature", "properties": { "u": "10154131874", "v": "10154131884", "key": 0, "highway": "service", "name": null, "validation_status": "unobserved", "length_m": 62.535088300744889, "최대경사_pct": 1.672915651113956, "B등급": "양호", "기준선_근처": true, "계단": false, "급한전환": 0 }, "geometry": { "type": "LineString", "coordinates": [ [ 126.949048600000012, 37.5006997 ], [ 126.9490049, 37.5007326 ], [ 126.9489707, 37.5007537 ], [ 126.948569, 37.5010014 ], [ 126.948523600000016, 37.5010056 ], [ 126.9484735, 37.5010077 ] ] } },
{ "type": "Feature", "properties": { "u": "10154131874", "v": "13255700963", "key": 0, "highway": "service", "name": null, "validation_status": "unobserved", "length_m": 36.372173978135407, "최대경사_pct": 0.11355498149920133, "B등급": "양호", "기준선_근처": false, "계단": false, "급한전환": 0 }, "geometry": { "type": "LineString", "coordinates": [ [ 126.9481571, 37.501212299999985 ], [ 126.9481964, 37.5012029 ], [ 126.948244300000013, 37.501173500000021 ], [ 126.948430300000012, 37.5010338 ], [ 126.9484735, 37.5010077 ] ] } },
{ "type": "Feature", "properties": { "u": "10154131874", "v": "4621509675", "key": 0, "highway": [ "service", "steps" ], "name": "상도로38길", "validation_status": "unobserved", "length_m": 36.164648737120409, "최대경사_pct": 18.156761315092876, "B등급": "위험", "기준선_근처": false, "계단": true, "급한전환": 0 }, "geometry": { "type": "LineString", "coordinates": [ [ 126.9487898, 37.5012141 ], [ 126.948526300000012, 37.5010463 ], [ 126.9484735, 37.5010077 ] ] } },
{ "type": "Feature", "properties": { "u": "4626902908", "v": "4621478353", "key": 0, "highway": "service", "name": "상도로39가길", "validation_status": "unobserved", "length_m": 78.415836444895191, "최대경사_pct": 1.8823392751585308, "B등급": "양호", "기준선_근처": true, "계단": false, "급한전환": 0 }, "geometry": { "type": "LineString", "coordinates": [ [ 126.9490524, 37.5028891 ], [ 126.94954820000001, 37.5023033 ] ] } },
{ "type": "Feature", "properties": { "u": "2825730231", "v": "4621482143", "key": 0, "highway": "residential", "name": "상도로41가길", "validation_status": "validated", "length_m": 34.741435165249506, "최대경사_pct": 8.3333333333333215, "B등급": "주의", "기준선_근처": true, "계단": false, "급한전환": 0 }, "geometry": { "type": "LineString", "coordinates": [ [ 126.950262200000012, 37.5033365 ], [ 126.9502826, 37.5036491 ] ] } },
{ "type": "Feature", "properties": { "u": "2825730231", "v": "11871139992", "key": 0, "highway": "residential", "name": "상도로41가길", "validation_status": "validated", "length_m": 21.479010228162338, "최대경사_pct": 8.055846751549657, "B등급": "주의", "기준선_근처": true, "계단": false, "급한전환": 0 }, "geometry": { "type": "LineString", "coordinates": [ [ 126.950291399999983, 37.503842500000019 ], [ 126.9502826, 37.5036491 ] ] } },
{ "type": "Feature", "properties": { "u": "2825730231", "v": "10712384714", "key": 0, "highway": "service", "name": "양녕로", "validation_status": "validated", "length_m": 86.707509543703125, "최대경사_pct": 5.766513219342154, "B등급": "주의", "기준선_근처": true, "계단": false, "급한전환": 0 }, "geometry": { "type": "LineString", "coordinates": [ [ 126.949365, 37.5038749 ], [ 126.9493758, 37.5038666 ], [ 126.9494613, 37.5038172 ], [ 126.9497616, 37.5037103 ], [ 126.9500776, 37.5036463 ], [ 126.9502826, 37.5036491 ] ] } },
{ "type": "Feature", "properties": { "u": "4621482143", "v": "4621482136", "key": 0, "highway": "service", "name": "상도로41라길", "validation_status": "unobserved", "length_m": 202.89839259248976, "최대경사_pct": 5.3808708734342909, "B등급": "양호", "기준선_근처": true, "계단": false, "급한전환": 3 }, "geometry": { "type": "LineString", "coordinates": [ [ 126.9517241, 37.5041422 ], [ 126.9513572, 37.5039796 ], [ 126.9510371, 37.504065 ], [ 126.9509449, 37.5040589 ], [ 126.9506401, 37.503744 ], [ 126.9506014, 37.503668899999987 ], [ 126.950624100000013, 37.5035915 ], [ 126.950709, 37.503417 ], [ 126.950684099999989, 37.5033508 ], [ 126.950262200000012, 37.5033365 ] ] } },
{ "type": "Feature", "properties": { "u": "11871139992", "v": "11871139989", "key": 0, "highway": "service", "name": null, "validation_status": "validated", "length_m": 60.421284046791612, "최대경사_pct": 7.5760213495978057, "B등급": "주의", "기준선_근처": true, "계단": false, "급한전환": 0 }, "geometry": { "type": "LineString", "coordinates": [ [ 126.9496431, 37.5039799 ], [ 126.9498978, 37.5038773 ], [ 126.9500779, 37.5038458 ], [ 126.950291399999983, 37.503842500000019 ] ] } },
{ "type": "Feature", "properties": { "u": "4621469140", "v": "4621469171", "key": 0, "highway": "steps", "name": null, "validation_status": "unobserved", "length_m": 19.561801942348044, "최대경사_pct": 19.991853445626511, "B등급": "위험", "기준선_근처": false, "계단": true, "급한전환": 0 }, "geometry": { "type": "LineString", "coordinates": [ [ 126.9508288, 37.501366800000014 ], [ 126.950646800000015, 37.5012666 ] ] } },
{ "type": "Feature", "properties": { "u": "4621469140", "v": "4621471425", "key": 0, "highway": "service", "name": "상도로47가길", "validation_status": "unobserved", "length_m": 40.9989597173671, "최대경사_pct": 2.2109851410340888, "B등급": "양호", "기준선_근처": true, "계단": false, "급한전환": 0 }, "geometry": { "type": "LineString", "coordinates": [ [ 126.950924700000016, 37.5009709 ], [ 126.950646800000015, 37.5012666 ] ] } },
{ "type": "Feature", "properties": { "u": "4621471425", "v": "6963036776", "key": 0, "highway": "service", "name": "상도로47가길", "validation_status": "unobserved", "length_m": 19.306365857884948, "최대경사_pct": 11.970282346195612, "B등급": "위험", "기준선_근처": true, "계단": false, "급한전환": 0 }, "geometry": { "type": "LineString", "coordinates": [ [ 126.9511004, 37.501074100000018 ], [ 126.9510108, 37.501023800000013 ], [ 126.950924700000016, 37.5009709 ] ] } },
{ "type": "Feature", "properties": { "u": "2825731302", "v": "2825731332", "key": 0, "highway": "service", "name": "상도로47다길", "validation_status": "unobserved", "length_m": 63.382619805970677, "최대경사_pct": 2.7397750152695277, "B등급": "양호", "기준선_근처": true, "계단": false, "급한전환": 0 }, "geometry": { "type": "LineString", "coordinates": [ [ 126.953176, 37.5003816 ], [ 126.9532297, 37.500518699999979 ], [ 126.9532271, 37.500634 ], [ 126.9531634, 37.5007334 ], [ 126.953014700000011, 37.5008952 ] ] } },
{ "type": "Feature", "properties": { "u": "2825731332", "v": "2825731303", "key": 0, "highway": "service", "name": "상도로53길", "validation_status": "unobserved", "length_m": 18.162835687139975, "최대경사_pct": 3.2642661930114754, "B등급": "양호", "기준선_근처": true, "계단": false, "급한전환": 0 }, "geometry": { "type": "LineString", "coordinates": [ [ 126.9529995, 37.5002985 ], [ 126.9530751, 37.5003399 ], [ 126.953176, 37.5003816 ] ] } },
{ "type": "Feature", "properties": { "u": "2825731303", "v": "6963036773", "key": 0, "highway": "steps", "name": null, "validation_status": "unobserved", "length_m": 24.618365290127002, "최대경사_pct": 25.656449112961266, "B등급": "위험", "기준선_근처": false, "계단": true, "급한전환": 0 }, "geometry": { "type": "LineString", "coordinates": [ [ 126.9532392, 37.5001859 ], [ 126.953121200000012, 37.500245500000027 ], [ 126.9529995, 37.5002985 ] ] } },
{ "type": "Feature", "properties": { "u": "6963036773", "v": "6963036774", "key": 0, "highway": "service", "name": "상도로47나길", "validation_status": "validated", "length_m": 40.431219258286994, "최대경사_pct": 8.2067732524552639, "B등급": "주의", "기준선_근처": true, "계단": false, "급한전환": 0 }, "geometry": { "type": "LineString", "coordinates": [ [ 126.953668400000012, 37.5003115 ], [ 126.9532392, 37.5001859 ] ] } },
{ "type": "Feature", "properties": { "u": "2825738321", "v": "11413637809", "key": 0, "highway": "residential", "name": null, "validation_status": "unobserved", "length_m": 14.628342592251853, "최대경사_pct": 6.1417756410202413, "B등급": "주의", "기준선_근처": true, "계단": false, "급한전환": 0 }, "geometry": { "type": "LineString", "coordinates": [ [ 126.9500704, 37.4975212 ], [ 126.9499962, 37.497403399999982 ] ] } },
{ "type": "Feature", "properties": { "u": "2825738321", "v": "11413637873", "key": 0, "highway": "service", "name": null, "validation_status": "unobserved", "length_m": 4.8297408391092427, "최대경사_pct": 15.418819734298808, "B등급": "위험", "기준선_근처": false, "계단": false, "급한전환": 0 }, "geometry": { "type": "LineString", "coordinates": [ [ 126.9499416, 37.4974045 ], [ 126.9499962, 37.497403399999982 ] ] } },
{ "type": "Feature", "properties": { "u": "11413637809", "v": "13195507460", "key": 0, "highway": "residential", "name": null, "validation_status": "unobserved", "length_m": 275.56734710570879, "최대경사_pct": 14.298745587429337, "B등급": "위험", "기준선_근처": false, "계단": false, "급한전환": 1 }, "geometry": { "type": "LineString", "coordinates": [ [ 126.9491658, 37.499290200000026 ], [ 126.949172200000021, 37.4992271 ], [ 126.9491414, 37.499089799999986 ], [ 126.9490949, 37.498957300000022 ], [ 126.9490879, 37.4988757 ], [ 126.9491442, 37.4985743 ], [ 126.9492348, 37.4984077 ], [ 126.949247500000013, 37.4981873 ], [ 126.9492739, 37.4980921 ], [ 126.949377100000021, 37.4980218 ], [ 126.949555100000012, 37.4979967 ], [ 126.949691200000018, 37.4980399 ], [ 126.9498681, 37.4980734 ], [ 126.9499497, 37.4980513 ], [ 126.950048699999982, 37.4980076 ], [ 126.9501945, 37.4979141 ], [ 126.9502341, 37.4978775 ], [ 126.950243, 37.4978417 ], [ 126.950235, 37.497807 ], [ 126.9501994, 37.4977465 ], [ 126.9500704, 37.4975212 ] ] } },
{ "type": "Feature", "properties": { "u": "11413637809", "v": "11413637803", "key": 0, "highway": "footway", "name": null, "validation_status": "unobserved", "length_m": 31.793864213026239, "최대경사_pct": 9.1346792332209734, "B등급": "위험", "기준선_근처": true, "계단": false, "급한전환": 2 }, "geometry": { "type": "LineString", "coordinates": [ [ 126.9501986, 37.4973297 ], [ 126.950065100000018, 37.4973959 ], [ 126.9501203, 37.497506100000017 ], [ 126.9500704, 37.4975212 ] ] } },
{ "type": "Feature", "properties": { "u": "11413637809", "v": "11413637873", "key": 0, "highway": "footway", "name": null, "validation_status": "unobserved", "length_m": 25.967755986120732, "최대경사_pct": 6.458851390013602, "B등급": "주의", "기준선_근처": true, "계단": false, "급한전환": 2 }, "geometry": { "type": "LineString", "coordinates": [ [ 126.9499416, 37.4974045 ], [ 126.949932500000017, 37.4974986 ], [ 126.9499746, 37.4975142 ], [ 126.950003600000016, 37.4975496 ], [ 126.9500704, 37.4975212 ] ] } },
{ "type": "Feature", "properties": { "u": "11413637873", "v": "10570464798", "key": 0, "highway": "footway", "name": null, "validation_status": "unobserved", "length_m": 12.490675715907512, "최대경사_pct": 3.8098062009723086, "B등급": "양호", "기준선_근처": true, "계단": false, "급한전환": 0 }, "geometry": { "type": "LineString", "coordinates": [ [ 126.949952600000017, 37.4972923 ], [ 126.9499416, 37.4974045 ] ] } },
{ "type": "Feature", "properties": { "u": "11413637873", "v": "11413637802", "key": 0, "highway": "service", "name": null, "validation_status": "unobserved", "length_m": 40.751202401856311, "최대경사_pct": 21.437670215242711, "B등급": "위험", "기준선_근처": false, "계단": false, "급한전환": 0 }, "geometry": { "type": "LineString", "coordinates": [ [ 126.9494808, 37.4974092 ], [ 126.9499416, 37.4974045 ] ] } },
{ "type": "Feature", "properties": { "u": "4621496726", "v": "10265961199", "key": 0, "highway": "service", "name": "만양로2길", "validation_status": "unobserved", "length_m": 39.408645545403786, "최대경사_pct": 8.3827758751872601, "B등급": "위험", "기준선_근처": true, "계단": false, "급한전환": 0 }, "geometry": { "type": "LineString", "coordinates": [ [ 126.9497024, 37.5066061 ], [ 126.949512400000017, 37.5065662 ], [ 126.9493056, 37.5064554 ] ] } },
{ "type": "Feature", "properties": { "u": "4621496726", "v": "7252276597", "key": 0, "highway": "service", "name": null, "validation_status": "unobserved", "length_m": 250.13439597445611, "최대경사_pct": 12.324942213130255, "B등급": "위험", "기준선_근처": true, "계단": false, "급한전환": 0 }, "geometry": { "type": "LineString", "coordinates": [ [ 126.947030900000016, 37.505232900000017 ], [ 126.947055, 37.5052384 ], [ 126.9470824, 37.505256 ], [ 126.94736589999998, 37.5055762 ], [ 126.9483457, 37.5060965 ], [ 126.9486837, 37.5061058 ], [ 126.9493056, 37.5064554 ] ] } },
{ "type": "Feature", "properties": { "u": "4621486059", "v": "13005797931", "key": 0, "highway": "service", "name": "상도로47아길", "validation_status": "unobserved", "length_m": 11.587464582981383, "최대경사_pct": 12.142625737298829, "B등급": "위험", "기준선_근처": true, "계단": false, "급한전환": 0 }, "geometry": { "type": "LineString", "coordinates": [ [ 126.9527088, 37.5036296 ], [ 126.9527099, 37.503734 ] ] } },
{ "type": "Feature", "properties": { "u": "4621486059", "v": "4621486053", "key": 0, "highway": "service", "name": "상도로47아길", "validation_status": "unobserved", "length_m": 61.201493906591502, "최대경사_pct": 0.0, "B등급": "양호", "기준선_근처": false, "계단": false, "급한전환": 0 }, "geometry": { "type": "LineString", "coordinates": [ [ 126.9526029, 37.5042788 ], [ 126.9527099, 37.503734 ] ] } },
{ "type": "Feature", "properties": { "u": "2829147725", "v": "12989020955", "key": 0, "highway": "service", "name": "흑석로 8", "validation_status": "unobserved", "length_m": 30.264855982111886, "최대경사_pct": 2.3592666014855959, "B등급": "양호", "기준선_근처": true, "계단": false, "급한전환": 0 }, "geometry": { "type": "LineString", "coordinates": [ [ 126.9513365, 37.5043683 ], [ 126.95118930000001, 37.5044012 ], [ 126.9510153, 37.5044608 ] ] } },
{ "type": "Feature", "properties": { "u": "12989020955", "v": "13005863185", "key": 0, "highway": "service", "name": "흑석로 8", "validation_status": "unobserved", "length_m": 14.732723088300679, "최대경사_pct": 6.0974958251868356, "B등급": "주의", "기준선_근처": true, "계단": false, "급한전환": 0 }, "geometry": { "type": "LineString", "coordinates": [ [ 126.9513541, 37.5042363 ], [ 126.9513365, 37.5043683 ] ] } },
{ "type": "Feature", "properties": { "u": "12989020955", "v": "12989020958", "key": 0, "highway": "service", "name": "흑석로 8", "validation_status": "validated", "length_m": 60.023371501924935, "최대경사_pct": 0.0, "B등급": "양호", "기준선_근처": false, "계단": false, "급한전환": 0 }, "geometry": { "type": "LineString", "coordinates": [ [ 126.9515078, 37.5048403 ], [ 126.9515411, 37.5045814 ], [ 126.9514474, 37.5044191 ], [ 126.9513365, 37.5043683 ] ] } },
{ "type": "Feature", "properties": { "u": "2829147730", "v": "4621488491", "key": 0, "highway": "service", "name": "강남초등8길", "validation_status": "validated", "length_m": 111.21348821525606, "최대경사_pct": 0.3736806640847114, "B등급": "양호", "기준선_근처": false, "계단": false, "급한전환": 0 }, "geometry": { "type": "LineString", "coordinates": [ [ 126.9522027, 37.5052573 ], [ 126.9509561, 37.5051239 ] ] } },
{ "type": "Feature", "properties": { "u": "2829147730", "v": "2829147732", "key": 0, "highway": "service", "name": null, "validation_status": "unobserved", "length_m": 38.192608761806795, "최대경사_pct": 0.45213661876550998, "B등급": "양호", "기준선_근처": false, "계단": false, "급한전환": 0 }, "geometry": { "type": "LineString", "coordinates": [ [ 126.950600300000019, 37.5053138 ], [ 126.95082050000002, 37.5051707 ], [ 126.9509561, 37.5051239 ] ] } },
{ "type": "Feature", "properties": { "u": "4621488491", "v": "4621488492", "key": 0, "highway": "service", "name": "강남초등8길", "validation_status": "unobserved", "length_m": 21.381401781428163, "최대경사_pct": 3.4956068625427861, "B등급": "양호", "기준선_근처": true, "계단": false, "급한전환": 0 }, "geometry": { "type": "LineString", "coordinates": [ [ 126.952440700000011, 37.5052914 ], [ 126.9522027, 37.5052573 ] ] } },
{ "type": "Feature", "properties": { "u": "4621488491", "v": "4621488496", "key": 0, "highway": "residential", "name": "강남초등길", "validation_status": "validated", "length_m": 27.547645220695877, "최대경사_pct": 3.1892373680062036, "B등급": "양호", "기준선_근처": true, "계단": false, "급한전환": 0 }, "geometry": { "type": "LineString", "coordinates": [ [ 126.9522638, 37.5055003 ], [ 126.9522443, 37.505388 ], [ 126.9522027, 37.5052573 ] ] } },
{ "type": "Feature", "properties": { "u": "2829530328", "v": "10239817443", "key": 0, "highway": "tertiary", "name": "매봉로", "validation_status": "validated", "length_m": 27.700822874418719, "최대경사_pct": 1.3851663852905933, "B등급": "양호", "기준선_근처": true, "계단": false, "급한전환": 0 }, "geometry": { "type": "LineString", "coordinates": [ [ 126.9515863, 37.5078416 ], [ 126.951518100000015, 37.50803 ], [ 126.951525300000014, 37.5080832 ] ] } },
{ "type": "Feature", "properties": { "u": "2829530328", "v": "2829530337", "key": 0, "highway": "residential", "name": [ "매봉로6길", "고구동산지하차도" ], "validation_status": "unobserved", "length_m": 341.7604911660456, "최대경사_pct": 14.182888534332088, "B등급": "위험", "기준선_근처": false, "계단": false, "급한전환": 0 }, "geometry": { "type": "LineString", "coordinates": [ [ 126.9548396, 37.5092846 ], [ 126.954622400000019, 37.5091321 ], [ 126.9537778, 37.5090851 ], [ 126.9535668, 37.50911 ], [ 126.9533962, 37.5090851 ], [ 126.9532347, 37.5090352 ], [ 126.9530447, 37.5089235 ], [ 126.9527606, 37.5087772 ], [ 126.9526823, 37.5087516 ], [ 126.9523697, 37.5086448 ], [ 126.9522725, 37.50859 ], [ 126.95208550000001, 37.5083102 ], [ 126.95197060000001, 37.5082232 ], [ 126.951834300000016, 37.5081653 ], [ 126.9515999, 37.5081405 ], [ 126.951525300000014, 37.5080832 ] ] } },
{ "type": "Feature", "properties": { "u": "2829530328", "v": "3119042912", "key": 0, "highway": "tertiary", "name": "매봉로", "validation_status": "validated", "length_m": 116.73091620811815, "최대경사_pct": 10.738742796244068, "B등급": "위험", "기준선_근처": true, "계단": false, "급한전환": 0 }, "geometry": { "type": "LineString", "coordinates": [ [ 126.951036300000013, 37.509020599999978 ], [ 126.951248, 37.5088493 ], [ 126.9514955, 37.5084344 ], [ 126.951525300000014, 37.5080832 ] ] } },
{ "type": "Feature", "properties": { "u": "10239817443", "v": "4621496734", "key": 0, "highway": "service", "name": "만양로2길", "validation_status": "unobserved", "length_m": 220.15820815289968, "최대경사_pct": 1.8398344758102216, "B등급": "양호", "기준선_근처": true, "계단": false, "급한전환": 4 }, "geometry": { "type": "LineString", "coordinates": [ [ 126.9499128, 37.5067627 ], [ 126.950147, 37.5067533 ], [ 126.9502055, 37.5068728 ], [ 126.95027930000002, 37.5070552 ], [ 126.9503095, 37.5072387 ], [ 126.9503745, 37.5072943 ], [ 126.9508248, 37.50736040000001 ], [ 126.9513869, 37.5075707 ], [ 126.951463500000017, 37.5076294 ], [ 126.951482700000014, 37.5078132 ], [ 126.9515863, 37.5078416 ] ] } },
{ "type": "Feature", "properties": { "u": "2829530337", "v": "2829530350", "key": 0, "highway": "residential", "name": "노량진로32길", "validation_status": "unobserved", "length_m": 279.63205922116879, "최대경사_pct": 14.777292367171032, "B등급": "위험", "기준선_근처": false, "계단": false, "급한전환": 2 }, "geometry": { "type": "LineString", "coordinates": [ [ 126.9532809, 37.510618800000024 ], [ 126.9532332, 37.5105223 ], [ 126.9531447, 37.5103454 ], [ 126.9531801, 37.5102556 ], [ 126.9531837, 37.5101265 ], [ 126.9531129, 37.5099917 ], [ 126.953105800000017, 37.5099496 ], [ 126.9531483, 37.5098934 ], [ 126.953396, 37.5096717 ], [ 126.9535305, 37.5095397 ], [ 126.9537252, 37.5092281 ], [ 126.953803, 37.5091579 ], [ 126.9539269, 37.5091467 ], [ 126.9548396, 37.5092846 ] ] } },
{ "type": "Feature", "properties": { "u": "2829530337", "v": "4613249929", "key": 0, "highway": "residential", "name": "노량진로32길", "validation_status": "validated", "length_m": 77.45964130615431, "최대경사_pct": 6.8788801575147902, "B등급": "주의", "기준선_근처": true, "계단": false, "급한전환": 0 }, "geometry": { "type": "LineString", "coordinates": [ [ 126.9555524, 37.509626900000015 ], [ 126.955330299999986, 37.509629 ], [ 126.9548396, 37.5092846 ] ] } },
{ "type": "Feature", "properties": { "u": "3119042912", "v": "3119042915", "key": 0, "highway": "tertiary", "name": "매봉로", "validation_status": "validated", "length_m": 34.464904495327175, "최대경사_pct": 11.715642665144065, "B등급": "위험", "기준선_근처": true, "계단": false, "급한전환": 0 }, "geometry": { "type": "LineString", "coordinates": [ [ 126.9507596, 37.5092323 ], [ 126.950774, 37.5091975 ], [ 126.9510145, 37.5090382 ], [ 126.951036300000013, 37.509020599999978 ] ] } },
{ "type": "Feature", "properties": { "u": "2829530336", "v": "4613249929", "key": 0, "highway": "residential", "name": "노량진로32길", "validation_status": "validated", "length_m": 9.0394298237704547, "최대경사_pct": 1.0644463928716756, "B등급": "양호", "기준선_근처": true, "계단": false, "급한전환": 0 }, "geometry": { "type": "LineString", "coordinates": [ [ 126.9555524, 37.509626900000015 ], [ 126.955650100000014, 37.509650900000018 ] ] } },
{ "type": "Feature", "properties": { "u": "2829530336", "v": "11179633109", "key": 0, "highway": "residential", "name": "흑석로9길", "validation_status": "validated", "length_m": 54.315835217703068, "최대경사_pct": 7.5088257732155714, "B등급": "주의", "기준선_근처": true, "계단": false, "급한전환": 0 }, "geometry": { "type": "LineString", "coordinates": [ [ 126.9560773, 37.509308 ], [ 126.955877199999989, 37.5094145 ], [ 126.9558223, 37.5094717 ], [ 126.955650100000014, 37.509650900000018 ] ] } },
{ "type": "Feature", "properties": { "u": "2829530336", "v": "4613270057", "key": 0, "highway": "residential", "name": "노량진로32길", "validation_status": "validated", "length_m": 64.684296861304816, "최대경사_pct": 3.7929358511250797, "B등급": "양호", "기준선_근처": true, "계단": false, "급한전환": 0 }, "geometry": { "type": "LineString", "coordinates": [ [ 126.9559452, 37.5101782 ], [ 126.9558755, 37.5100299 ], [ 126.9558448, 37.5099127 ], [ 126.9557217, 37.5097322 ], [ 126.955650100000014, 37.509650900000018 ] ] } },
{ "type": "Feature", "properties": { "u": "4613249929", "v": "4613270035", "key": 0, "highway": "residential", "name": "노량진로26길", "validation_status": "validated", "length_m": 73.577660744108456, "최대경사_pct": 22.562549180767576, "B등급": "위험", "기준선_근처": false, "계단": false, "급한전환": 0 }, "geometry": { "type": "LineString", "coordinates": [ [ 126.9553012, 37.5102581 ], [ 126.955484400000017, 37.5097546 ], [ 126.9555524, 37.509626900000015 ] ] } },
{ "type": "Feature", "properties": { "u": "11179633109", "v": "2829530608", "key": 0, "highway": "residential", "name": "흑석로9길", "validation_status": "validated", "length_m": 35.569336642817952, "최대경사_pct": 10.091256087696769, "B등급": "위험", "기준선_근처": true, "계단": false, "급한전환": 0 }, "geometry": { "type": "LineString", "coordinates": [ [ 126.9563434, 37.509072700000011 ], [ 126.9561707, 37.5092582 ], [ 126.9560773, 37.509308 ] ] } },
{ "type": "Feature", "properties": { "u": "11179633109", "v": "11179633112", "key": 0, "highway": "residential", "name": null, "validation_status": "validated", "length_m": 66.9367069824238, "최대경사_pct": 0.17364060637504983, "B등급": "양호", "기준선_근처": false, "계단": false, "급한전환": 0 }, "geometry": { "type": "LineString", "coordinates": [ [ 126.955844400000018, 37.5087507 ], [ 126.955873900000014, 37.509017 ], [ 126.95594770000001, 37.5091662 ], [ 126.9560773, 37.509308 ] ] } },
{ "type": "Feature", "properties": { "u": "4613270057", "v": "4613270050", "key": 0, "highway": "service", "name": "노량진로28길", "validation_status": "validated", "length_m": 125.03003265689817, "최대경사_pct": 17.57160774367394, "B등급": "위험", "기준선_근처": false, "계단": false, "급한전환": 3 }, "geometry": { "type": "LineString", "coordinates": [ [ 126.956015, 37.5110219 ], [ 126.9559634, 37.5109972 ], [ 126.9558652, 37.5109768 ], [ 126.95576530000001, 37.5109308 ], [ 126.955696, 37.5108401 ], [ 126.955861899999988, 37.5107417 ], [ 126.9559715, 37.510644600000035 ], [ 126.9559683, 37.5105781 ], [ 126.9559167, 37.5104554 ], [ 126.9558603, 37.5102523 ], [ 126.9559452, 37.5101782 ] ] } },
{ "type": "Feature", "properties": { "u": "4613270057", "v": "4613249938", "key": 0, "highway": "residential", "name": "노량진로32길", "validation_status": "validated", "length_m": 117.2859840837321, "최대경사_pct": 1.8954047915555015, "B등급": "양호", "기준선_근처": true, "계단": false, "급한전환": 2 }, "geometry": { "type": "LineString", "coordinates": [ [ 126.956694, 37.5105084 ], [ 126.9568076, 37.5103983 ], [ 126.956767699999986, 37.51033 ], [ 126.9566323, 37.5103373 ], [ 126.956512300000014, 37.5103642 ], [ 126.9563277, 37.5104154 ], [ 126.956130900000019, 37.5104447 ], [ 126.9560509, 37.5104032 ], [ 126.9559452, 37.5101782 ] ] } },
{ "type": "Feature", "properties": { "u": "2829530350", "v": "2829530357", "key": 0, "highway": "residential", "name": "노량진로24길", "validation_status": "validated", "length_m": 10.527842064312409, "최대경사_pct": 15.384989768035512, "B등급": "위험", "기준선_근처": false, "계단": false, "급한전환": 0 }, "geometry": { "type": "LineString", "coordinates": [ [ 126.9533958, 37.5106437 ], [ 126.9532809, 37.510618800000024 ] ] } },
{ "type": "Feature", "properties": { "u": "2829530357", "v": "8757719544", "key": 0, "highway": "residential", "name": null, "validation_status": "bridged", "length_m": 8.7342822311723491, "최대경사_pct": 12.306397213644752, "B등급": "위험", "기준선_근처": true, "계단": false, "급한전환": 0 }, "geometry": { "type": "LineString", "coordinates": [ [ 126.9534856, 37.5106765 ], [ 126.9533958, 37.5106437 ] ] } },
{ "type": "Feature", "properties": { "u": "8757719544", "v": "4613249923", "key": 0, "highway": "residential", "name": null, "validation_status": "unobserved", "length_m": 29.461499382783668, "최대경사_pct": 6.0469620156435511, "B등급": "주의", "기준선_근처": true, "계단": false, "급한전환": 0 }, "geometry": { "type": "LineString", "coordinates": [ [ 126.9538014, 37.5107589 ], [ 126.9535751, 37.5107093 ], [ 126.9534856, 37.5106765 ] ] } },
{ "type": "Feature", "properties": { "u": "2829530608", "v": "4613243818", "key": 0, "highway": "residential", "name": "흑석로9길", "validation_status": "validated", "length_m": 9.0496067800217812, "최대경사_pct": 19.005751112559572, "B등급": "위험", "기준선_근처": false, "계단": false, "급한전환": 0 }, "geometry": { "type": "LineString", "coordinates": [ [ 126.95641160000001, 37.5090119 ], [ 126.9563434, 37.509072700000011 ] ] } },
{ "type": "Feature", "properties": { "u": "2829530608", "v": "4613243797", "key": 0, "highway": "service", "name": "흑석로3길", "validation_status": "validated", "length_m": 317.54239692191004, "최대경사_pct": 6.6036207897224974, "B등급": "주의", "기준선_근처": true, "계단": false, "급한전환": 2 }, "geometry": { "type": "LineString", "coordinates": [ [ 126.9559337, 37.5067407 ], [ 126.9560885, 37.5067739 ], [ 126.9562061, 37.5068858 ], [ 126.9562593, 37.5069441 ], [ 126.9562868, 37.5070827 ], [ 126.9562838, 37.5071713 ], [ 126.956212, 37.5072896 ], [ 126.9560655, 37.5073468 ], [ 126.955936, 37.5075042 ], [ 126.9559404, 37.507560099999985 ], [ 126.956122600000015, 37.5076784 ], [ 126.9562703, 37.5077907 ], [ 126.956278900000015, 37.507855300000017 ], [ 126.956122900000011, 37.5081714 ], [ 126.956052799999981, 37.5082501 ], [ 126.9560384, 37.5082926 ], [ 126.956076400000015, 37.5088424 ], [ 126.9561164, 37.5089527 ], [ 126.956186599999981, 37.5090118 ], [ 126.9563434, 37.509072700000011 ] ] } },
{ "type": "Feature", "properties": { "u": "4613243818", "v": "2829530610", "key": 0, "highway": "residential", "name": "흑석로9길", "validation_status": "validated", "length_m": 49.44670220696004, "최대경사_pct": 17.268140016603535, "B등급": "위험", "기준선_근처": false, "계단": false, "급한전환": 0 }, "geometry": { "type": "LineString", "coordinates": [ [ 126.956796199999985, 37.508694200000015 ], [ 126.9566431, 37.508783200000011 ], [ 126.956512900000021, 37.5088952 ], [ 126.95641160000001, 37.5090119 ] ] } },
{ "type": "Feature", "properties": { "u": "4613243818", "v": "4613243675", "key": 0, "highway": "service", "name": "흑석로3길", "validation_status": "validated", "length_m": 164.02838165078242, "최대경사_pct": 3.4155701475778719, "B등급": "양호", "기준선_근처": true, "계단": false, "급한전환": 0 }, "geometry": { "type": "LineString", "coordinates": [ [ 126.9580855, 37.5096049 ], [ 126.957316400000011, 37.5094173 ], [ 126.956907199999989, 37.5093074 ], [ 126.95641160000001, 37.5090119 ] ] } },
{ "type": "Feature", "properties": { "u": "4613243797", "v": "4621493630", "key": 0, "highway": "service", "name": "흑석로3길", "validation_status": "validated", "length_m": 99.654361851124008, "최대경사_pct": 20.297254018908259, "B등급": "위험", "기준선_근처": false, "계단": false, "급한전환": 1 }, "geometry": { "type": "LineString", "coordinates": [ [ 126.9553742, 37.5072532 ], [ 126.955472199999988, 37.5071754 ], [ 126.955696399999979, 37.5071069 ], [ 126.955862200000013, 37.5070902 ], [ 126.9559906, 37.507034599999976 ], [ 126.9560583, 37.506977200000023 ], [ 126.9560536, 37.50690680000001 ], [ 126.956028, 37.5068235 ], [ 126.9559337, 37.5067407 ] ] } },
{ "type": "Feature", "properties": { "u": "2829530610", "v": "4613243680", "key": 0, "highway": "residential", "name": "흑석로9길", "validation_status": "validated", "length_m": 29.853091631074307, "최대경사_pct": 13.039878957760251, "B등급": "위험", "기준선_근처": false, "계단": false, "급한전환": 0 }, "geometry": { "type": "LineString", "coordinates": [ [ 126.9571096, 37.5086047 ], [ 126.956864900000014, 37.508654 ], [ 126.956796199999985, 37.508694200000015 ] ] } },
{ "type": "Feature", "properties": { "u": "2829530610", "v": "2829530627", "key": 0, "highway": "service", "name": "흑석로5길", "validation_status": "validated", "length_m": 262.7961905714676, "최대경사_pct": 14.254473001661887, "B등급": "위험", "기준선_근처": false, "계단": false, "급한전환": 0 }, "geometry": { "type": "LineString", "coordinates": [ [ 126.9571048, 37.506534 ], [ 126.9570766, 37.5066144 ], [ 126.9570519, 37.506893 ], [ 126.9568787, 37.5073804 ], [ 126.95682, 37.5076854 ], [ 126.956764300000017, 37.507977 ], [ 126.9565866, 37.5081407 ], [ 126.956496, 37.5082855 ], [ 126.9565033, 37.5084811 ], [ 126.956729800000019, 37.5086748 ], [ 126.956796199999985, 37.508694200000015 ] ] } },
{ "type": "Feature", "properties": { "u": "2829530610", "v": "2829530617", "key": 0, "highway": "service", "name": "흑석로5길", "validation_status": "unobserved", "length_m": 177.58166257694853, "최대경사_pct": 1.267533852058639, "B등급": "양호", "기준선_근처": true, "계단": false, "급한전환": 0 }, "geometry": { "type": "LineString", "coordinates": [ [ 126.958670400000017, 37.5090982 ], [ 126.958309400000019, 37.509047700000025 ], [ 126.957813200000018, 37.5090234 ], [ 126.9573, 37.5089719 ], [ 126.9570268, 37.5088871 ], [ 126.956796199999985, 37.508694200000015 ] ] } },
{ "type": "Feature", "properties": { "u": "4613243680", "v": "2829530668", "key": 0, "highway": "residential", "name": "흑석로9길", "validation_status": "unobserved", "length_m": 186.17913961110966, "최대경사_pct": 15.275547441664239, "B등급": "위험", "기준선_근처": false, "계단": false, "급한전환": 1 }, "geometry": { "type": "LineString", "coordinates": [ [ 126.958888200000018, 37.5078353 ], [ 126.9588011, 37.507873600000025 ], [ 126.9586501, 37.5079538 ], [ 126.958066700000018, 37.5080638 ], [ 126.957325, 37.508609 ], [ 126.9572078, 37.5086005 ], [ 126.9571096, 37.5086047 ] ] } },
{ "type": "Feature", "properties": { "u": "4613243680", "v": "2890319153", "key": 0, "highway": "service", "name": "흑석로7길", "validation_status": "validated", "length_m": 233.24830414612046, "최대경사_pct": 14.097205501785529, "B등급": "위험", "기준선_근처": false, "계단": false, "급한전환": 0 }, "geometry": { "type": "LineString", "coordinates": [ [ 126.9584674, 37.506889 ], [ 126.9584126, 37.5069928 ], [ 126.9581835, 37.5072069 ], [ 126.9578935, 37.5074238 ], [ 126.957513800000015, 37.5077518 ], [ 126.9574785, 37.50798180000001 ], [ 126.957472, 37.508183699999989 ], [ 126.9573071, 37.508393300000023 ], [ 126.9571096, 37.5086047 ] ] } },
{ "type": "Feature", "properties": { "u": "2829530627", "v": "4613243837", "key": 0, "highway": "residential", "name": "흑석로6길", "validation_status": "validated", "length_m": 9.5624939660775219, "최대경사_pct": 15.732671710650184, "B등급": "위험", "기준선_근처": false, "계단": false, "급한전환": 0 }, "geometry": { "type": "LineString", "coordinates": [ [ 126.9571283, 37.5064499 ], [ 126.9571048, 37.506534 ] ] } },
{ "type": "Feature", "properties": { "u": "2829530627", "v": "2890319153", "key": 0, "highway": "tertiary", "name": "흑석로", "validation_status": "validated", "length_m": 127.84405818562728, "최대경사_pct": 6.9326786053779026, "B등급": "주의", "기준선_근처": true, "계단": false, "급한전환": 0 }, "geometry": { "type": "LineString", "coordinates": [ [ 126.9584674, 37.506889 ], [ 126.958152899999988, 37.5068561 ], [ 126.9579917, 37.5068295 ], [ 126.957867599999986, 37.5068018 ], [ 126.957723500000014, 37.5067613 ], [ 126.957623699999985, 37.5067283 ], [ 126.9572944, 37.5066194 ], [ 126.9571048, 37.506534 ] ] } },
{ "type": "Feature", "properties": { "u": "2829530617", "v": "2829530641", "key": 0, "highway": "service", "name": "흑석로5길", "validation_status": "validated", "length_m": 140.09342334768331, "최대경사_pct": 8.4537832316630386, "B등급": "위험", "기준선_근처": true, "계단": false, "급한전환": 1 }, "geometry": { "type": "LineString", "coordinates": [ [ 126.958945, 37.5101738 ], [ 126.95896, 37.5100829 ], [ 126.9590963, 37.5096023 ], [ 126.959069700000015, 37.5095358 ], [ 126.958753, 37.5093959 ], [ 126.95866860000001, 37.5093035 ], [ 126.958670400000017, 37.5090982 ] ] } },
{ "type": "Feature", "properties": { "u": "2829530617", "v": "4613243677", "key": 0, "highway": "service", "name": "흑석로11길", "validation_status": "unobserved", "length_m": 104.66223241754869, "최대경사_pct": 11.401427984666993, "B등급": "위험", "기준선_근처": true, "계단": false, "급한전환": 0 }, "geometry": { "type": "LineString", "coordinates": [ [ 126.95960980000001, 37.50854 ], [ 126.9592847, 37.5087876 ], [ 126.9591199, 37.508913100000015 ], [ 126.958670400000017, 37.5090982 ] ] } },
{ "type": "Feature", "properties": { "u": "2829530641", "v": "2829530643", "key": 0, "highway": "residential", "name": "흑석로13길", "validation_status": "validated", "length_m": 110.76969703324154, "최대경사_pct": 12.88055459009405, "B등급": "위험", "기준선_근처": true, "계단": false, "급한전환": 0 }, "geometry": { "type": "LineString", "coordinates": [ [ 126.9600387, 37.5096884 ], [ 126.9591182, 37.510112199999988 ], [ 126.958945, 37.5101738 ] ] } },
{ "type": "Feature", "properties": { "u": "2829530641", "v": "4613243622", "key": 0, "highway": "residential", "name": "흑석로13길", "validation_status": "unobserved", "length_m": 55.371461120260932, "최대경사_pct": 17.418137602585659, "B등급": "위험", "기준선_근처": false, "계단": false, "급한전환": 0 }, "geometry": { "type": "LineString", "coordinates": [ [ 126.9585643, 37.510548 ], [ 126.9586133, 37.5105217 ], [ 126.9588276, 37.510218 ], [ 126.958945, 37.5101738 ] ] } },
{ "type": "Feature", "properties": { "u": "4613243677", "v": "2829530643", "key": 0, "highway": "service", "name": "흑석로13마길", "validation_status": "validated", "length_m": 147.54230956419059, "최대경사_pct": 10.831028111160352, "B등급": "위험", "기준선_근처": true, "계단": false, "급한전환": 1 }, "geometry": { "type": "LineString", "coordinates": [ [ 126.9600387, 37.5096884 ], [ 126.9598077, 37.5094517 ], [ 126.9595604, 37.5092607 ], [ 126.9597157, 37.5088361 ], [ 126.959717500000011, 37.5087795 ], [ 126.959644800000021, 37.5085816 ], [ 126.95960980000001, 37.50854 ] ] } },
{ "type": "Feature", "properties": { "u": "4613243677", "v": "4613247245", "key": 0, "highway": "residential", "name": "흑석로11길", "validation_status": "validated", "length_m": 83.198226790699351, "최대경사_pct": 24.506384082714856, "B등급": "위험", "기준선_근처": false, "계단": false, "급한전환": 0 }, "geometry": { "type": "LineString", "coordinates": [ [ 126.96022720000002, 37.5079745 ], [ 126.9601815, 37.5080227 ], [ 126.95960980000001, 37.50854 ] ] } },
{ "type": "Feature", "properties": { "u": "4613243677", "v": "4178779526", "key": 0, "highway": "service", "name": "흑석로13마길", "validation_status": "validated", "length_m": 39.481782831276327, "최대경사_pct": 16.833766589974594, "B등급": "위험", "기준선_근처": false, "계단": false, "급한전환": 0 }, "geometry": { "type": "LineString", "coordinates": [ [ 126.9592892, 37.5082926 ], [ 126.9595014, 37.5084632 ], [ 126.95960980000001, 37.50854 ] ] } },
{ "type": "Feature", "properties": { "u": "4613243837", "v": "4613243825", "key": 0, "highway": "residential", "name": "흑석로6길", "validation_status": "validated", "length_m": 44.760028082334273, "최대경사_pct": 3.4840766660714921, "B등급": "양호", "기준선_근처": true, "계단": false, "급한전환": 0 }, "geometry": { "type": "LineString", "coordinates": [ [ 126.9571176, 37.5060467 ], [ 126.9571283, 37.5064499 ] ] } },
{ "type": "Feature", "properties": { "u": "4613243837", "v": "4613243835", "key": 0, "highway": "service", "name": "흑석로6가길", "validation_status": "validated", "length_m": 73.581518871171454, "최대경사_pct": 3.6546134368051826, "B등급": "양호", "기준선_근처": true, "계단": false, "급한전환": 0 }, "geometry": { "type": "LineString", "coordinates": [ [ 126.9564339, 37.5060932 ], [ 126.9569709, 37.5064066 ], [ 126.9571283, 37.5064499 ] ] } },
{ "type": "Feature", "properties": { "u": "2890319153", "v": "4613247240", "key": 0, "highway": "tertiary", "name": "흑석로", "validation_status": "validated", "length_m": 62.99915732951321, "최대경사_pct": 3.2288053861407762, "B등급": "양호", "기준선_근처": true, "계단": false, "급한전환": 0 }, "geometry": { "type": "LineString", "coordinates": [ [ 126.959073100000012, 37.5071863 ], [ 126.9588731, 37.5070887 ], [ 126.95864610000001, 37.5069641 ], [ 126.958578099999983, 37.5069309 ], [ 126.9584674, 37.506889 ] ] } },
{ "type": "Feature", "properties": { "u": "2829530628", "v": "2829530629", "key": 0, "highway": "residential", "name": "흑석로9길", "validation_status": "validated", "length_m": 44.025189284467189, "최대경사_pct": 3.7878969398483875, "B등급": "양호", "기준선_근처": true, "계단": false, "급한전환": 0 }, "geometry": { "type": "LineString", "coordinates": [ [ 126.9597449, 37.507702200000011 ], [ 126.9601302, 37.50754 ], [ 126.9601712, 37.5075028 ] ] } },
{ "type": "Feature", "properties": { "u": "2829530628", "v": "4613243821", "key": 0, "highway": "residential", "name": "흑석로10길", "validation_status": "validated", "length_m": 83.255233834736572, "최대경사_pct": 1.5939094989236249, "B등급": "양호", "기준선_근처": true, "계단": false, "급한전환": 1 }, "geometry": { "type": "LineString", "coordinates": [ [ 126.9601, 37.5067933 ], [ 126.9601132, 37.5068143 ], [ 126.9601776, 37.5071543 ], [ 126.9602375, 37.5074516 ], [ 126.9602233, 37.5074872 ], [ 126.9601712, 37.5075028 ] ] } },
{ "type": "Feature", "properties": { "u": "2829530628", "v": "4613243679", "key": 0, "highway": "tertiary", "name": "흑석로", "validation_status": "validated", "length_m": 36.876124335253671, "최대경사_pct": 1.5743879792314144, "B등급": "양호", "기준선_근처": true, "계단": false, "급한전환": 0 }, "geometry": { "type": "LineString", "coordinates": [ [ 126.9605607, 37.5076214 ], [ 126.960261700000018, 37.5075335 ], [ 126.9601712, 37.5075028 ] ] } },
{ "type": "Feature", "properties": { "u": "2829530628", "v": "4613243823", "key": 0, "highway": "tertiary", "name": "흑석로", "validation_status": "validated", "length_m": 67.41122003895768, "최대경사_pct": 2.4693457856747059, "B등급": "양호", "기준선_근처": true, "계단": false, "급한전환": 0 }, "geometry": { "type": "LineString", "coordinates": [ [ 126.959474400000019, 37.5072593 ], [ 126.95960239999998, 37.5072881 ], [ 126.9601712, 37.5075028 ] ] } },
{ "type": "Feature", "properties": { "u": "2829530629", "v": "8323580239", "key": 0, "highway": "service", "name": "흑석로13가길", "validation_status": "unobserved", "length_m": 23.703895171351327, "최대경사_pct": 0.53795390716386982, "B등급": "양호", "기준선_근처": false, "계단": false, "급한전환": 0 }, "geometry": { "type": "LineString", "coordinates": [ [ 126.9596232, 37.5075119 ], [ 126.9597449, 37.507702200000011 ] ] } },
{ "type": "Feature", "properties": { "u": "2829530629", "v": "10232792229", "key": 0, "highway": "residential", "name": "흑석로9길", "validation_status": "unobserved", "length_m": 33.713965867795856, "최대경사_pct": 1.5098408932895719, "B등급": "양호", "기준선_근처": true, "계단": false, "급한전환": 0 }, "geometry": { "type": "LineString", "coordinates": [ [ 126.9593711, 37.5077596 ], [ 126.9595249, 37.5077447 ], [ 126.9597449, 37.507702200000011 ] ] } },
{ "type": "Feature", "properties": { "u": "2829530629", "v": "4613247245", "key": 0, "highway": "service", "name": "흑석로13가길", "validation_status": "unobserved", "length_m": 53.2783633296511, "최대경사_pct": 0.065743100371659466, "B등급": "양호", "기준선_근처": false, "계단": false, "급한전환": 0 }, "geometry": { "type": "LineString", "coordinates": [ [ 126.96022720000002, 37.5079745 ], [ 126.9598896, 37.507839 ], [ 126.9597449, 37.507702200000011 ] ] } },
{ "type": "Feature", "properties": { "u": "4613243821", "v": "4613243823", "key": 0, "highway": "residential", "name": [ "흑석로8길", "흑석로10길" ], "validation_status": "validated", "length_m": 108.15846995462843, "최대경사_pct": 0.31213740431293446, "B등급": "양호", "기준선_근처": false, "계단": false, "급한전환": 1 }, "geometry": { "type": "LineString", "coordinates": [ [ 126.959474400000019, 37.5072593 ], [ 126.959636599999982, 37.5066841 ], [ 126.9601, 37.5067933 ] ] } },
{ "type": "Feature", "properties": { "u": "4613243821", "v": "10232790207", "key": 0, "highway": "service", "name": null, "validation_status": "validated", "length_m": 63.113485379375263, "최대경사_pct": 3.1221850645286446, "B등급": "양호", "기준선_근처": true, "계단": false, "급한전환": 0 }, "geometry": { "type": "LineString", "coordinates": [ [ 126.9597652, 37.5062923 ], [ 126.95986, 37.5064687 ], [ 126.9599928, 37.5066426 ], [ 126.9601, 37.5067933 ] ] } },
{ "type": "Feature", "properties": { "u": "4613243679", "v": "5106672540", "key": 0, "highway": "residential", "name": "흑석로11길", "validation_status": "unobserved", "length_m": 3.4090089735364932, "최대경사_pct": 2.299270936267221, "B등급": "양호", "기준선_근처": true, "계단": false, "급한전환": 0 }, "geometry": { "type": "LineString", "coordinates": [ [ 126.9605383, 37.50764640000002 ], [ 126.9605607, 37.5076214 ] ] } },
{ "type": "Feature", "properties": { "u": "4613243823", "v": "8323580239", "key": 0, "highway": "service", "name": "흑석로13가길", "validation_status": "validated", "length_m": 30.968901697134829, "최대경사_pct": 0.061068051010157255, "B등급": "양호", "기준선_근처": false, "계단": false, "급한전환": 0 }, "geometry": { "type": "LineString", "coordinates": [ [ 126.9596232, 37.5075119 ], [ 126.959474400000019, 37.5072593 ] ] } },
{ "type": "Feature", "properties": { "u": "4613243823", "v": "7775271120", "key": 0, "highway": "tertiary", "name": "흑석로", "validation_status": "validated", "length_m": 23.759164024635375, "최대경사_pct": 1.7401006255713816, "B등급": "양호", "기준선_근처": true, "계단": false, "급한전환": 0 }, "geometry": { "type": "LineString", "coordinates": [ [ 126.9592115, 37.507215 ], [ 126.9592886, 37.5072282 ], [ 126.959474400000019, 37.5072593 ] ] } },
{ "type": "Feature", "properties": { "u": "8323580239", "v": "7775271120", "key": 0, "highway": "service", "name": null, "validation_status": "unobserved", "length_m": 62.555923753462956, "최대경사_pct": 0.69171728085287176, "B등급": "양호", "기준선_근처": false, "계단": false, "급한전환": 1 }, "geometry": { "type": "LineString", "coordinates": [ [ 126.9592115, 37.507215 ], [ 126.95922250000001, 37.507349 ], [ 126.9593743, 37.507541 ], [ 126.9594798, 37.5075429 ], [ 126.9596232, 37.5075119 ] ] } },
{ "type": "Feature", "properties": { "u": "10232792229", "v": "2829530668", "key": 0, "highway": "residential", "name": "흑석로9길", "validation_status": "unobserved", "length_m": 43.657357601422333, "최대경사_pct": 1.7043647882829658, "B등급": "양호", "기준선_근처": true, "계단": false, "급한전환": 0 }, "geometry": { "type": "LineString", "coordinates": [ [ 126.958888200000018, 37.5078353 ], [ 126.959100099999986, 37.507786 ], [ 126.9593711, 37.5077596 ] ] } },
{ "type": "Feature", "properties": { "u": "10232792229", "v": "4613247241", "key": 0, "highway": "service", "name": null, "validation_status": "unobserved", "length_m": 59.37815101175859, "최대경사_pct": 0.0, "B등급": "양호", "기준선_근처": false, "계단": false, "급한전환": 0 }, "geometry": { "type": "LineString", "coordinates": [ [ 126.959014, 37.5073099 ], [ 126.9590753, 37.5073584 ], [ 126.9593271, 37.5076776 ], [ 126.9593711, 37.5077596 ] ] } },
{ "type": "Feature", "properties": { "u": "4613247245", "v": "5106672540", "key": 0, "highway": "residential", "name": "흑석로11길", "validation_status": "validated", "length_m": 45.635963929399843, "최대경사_pct": 4.4236196808620232, "B등급": "양호", "기준선_근처": true, "계단": false, "급한전환": 0 }, "geometry": { "type": "LineString", "coordinates": [ [ 126.9605383, 37.50764640000002 ], [ 126.96022720000002, 37.5079745 ] ] } },
{ "type": "Feature", "properties": { "u": "4613247245", "v": "4613247248", "key": 0, "highway": "service", "name": "흑석로13가길", "validation_status": "validated", "length_m": 132.2024479034971, "최대경사_pct": 3.0152470361066741, "B등급": "양호", "기준선_근처": true, "계단": false, "급한전환": 0 }, "geometry": { "type": "LineString", "coordinates": [ [ 126.9613172, 37.508721100000017 ], [ 126.960696100000021, 37.5085005 ], [ 126.960583900000017, 37.508407099999985 ], [ 126.960481699999988, 37.508238100000014 ], [ 126.96022720000002, 37.5079745 ] ] } },
{ "type": "Feature", "properties": { "u": "2829530643", "v": "10232790156", "key": 0, "highway": "tertiary", "name": "흑석로", "validation_status": "validated", "length_m": 65.693524398089181, "최대경사_pct": 13.657620206412766, "B등급": "위험", "기준선_근처": false, "계단": false, "급한전환": 0 }, "geometry": { "type": "LineString", "coordinates": [ [ 126.960674800000021, 37.5093825 ], [ 126.9600387, 37.5096884 ] ] } },
{ "type": "Feature", "properties": { "u": "2829530643", "v": "5819694070", "key": 0, "highway": "tertiary", "name": "현충로4길", "validation_status": "unobserved", "length_m": 78.99594569382441, "최대경사_pct": 0.11943018599889399, "B등급": "양호", "기준선_근처": false, "계단": false, "급한전환": 0 }, "geometry": { "type": "LineString", "coordinates": [ [ 126.9605879, 37.5102498 ], [ 126.9604299, 37.5100852 ], [ 126.9603016, 37.5099536 ], [ 126.9600387, 37.5096884 ] ] } },
{ "type": "Feature", "properties": { "u": "4613243622", "v": "4613243675", "key": 2, "highway": [ "residential", "service" ], "name": [ "흑석로13길", "흑석로3가길" ], "validation_status": "unobserved", "length_m": 142.70630384707891, "최대경사_pct": 19.584905400459018, "B등급": "위험", "기준선_근처": false, "계단": false, "급한전환": 1 }, "geometry": { "type": "LineString", "coordinates": [ [ 126.9585643, 37.510548 ], [ 126.95850369999998, 37.5106275 ], [ 126.958301, 37.510580300000015 ], [ 126.9582399, 37.510507800000013 ], [ 126.958206600000011, 37.5103561 ], [ 126.9580864, 37.5099949 ], [ 126.95800850000002, 37.5097658 ], [ 126.9580855, 37.5096049 ] ] } },
{ "type": "Feature", "properties": { "u": "4613243622", "v": "4613243675", "key": 3, "highway": "service", "name": "흑석로3길", "validation_status": "unobserved", "length_m": 132.75405224777393, "최대경사_pct": 11.551655807346163, "B등급": "위험", "기준선_근처": true, "계단": false, "급한전환": 1 }, "geometry": { "type": "LineString", "coordinates": [ [ 126.9585643, 37.510548 ], [ 126.9585315, 37.5103418 ], [ 126.958503, 37.5100386 ], [ 126.9585219, 37.5098189 ], [ 126.958504, 37.509703400000021 ], [ 126.9580855, 37.5096049 ] ] } },
{ "type": "Feature", "properties": { "u": "10232790156", "v": "10232790157", "key": 0, "highway": "tertiary", "name": "흑석로", "validation_status": "validated", "length_m": 55.743122587514662, "최대경사_pct": 5.9313034475268989, "B등급": "주의", "기준선_근처": true, "계단": false, "급한전환": 0 }, "geometry": { "type": "LineString", "coordinates": [ [ 126.961214600000019, 37.509123 ], [ 126.960674800000021, 37.5093825 ] ] } },
{ "type": "Feature", "properties": { "u": "10232790156", "v": "10232790154", "key": 0, "highway": "service", "name": null, "validation_status": "validated", "length_m": 67.133248990053602, "최대경사_pct": 4.5566495081843836, "B등급": "양호", "기준선_근처": true, "계단": false, "급한전환": 1 }, "geometry": { "type": "LineString", "coordinates": [ [ 126.9611401, 37.50901910000001 ], [ 126.9606078, 37.5093075 ], [ 126.960674800000021, 37.5093825 ] ] } },
{ "type": "Feature", "properties": { "u": "5819694070", "v": "5819694071", "key": 0, "highway": "service", "name": null, "validation_status": "unobserved", "length_m": 29.674041121772486, "최대경사_pct": 16.440363816452106, "B등급": "위험", "기준선_근처": false, "계단": false, "급한전환": 0 }, "geometry": { "type": "LineString", "coordinates": [ [ 126.9603117, 37.5104017 ], [ 126.9605879, 37.5102498 ] ] } },
{ "type": "Feature", "properties": { "u": "5819694070", "v": "5819694072", "key": 0, "highway": "service", "name": null, "validation_status": "unobserved", "length_m": 23.713424666773424, "최대경사_pct": 17.275403914452088, "B등급": "위험", "기준선_근처": false, "계단": false, "급한전환": 0 }, "geometry": { "type": "LineString", "coordinates": [ [ 126.9608034, 37.5101226 ], [ 126.9605879, 37.5102498 ] ] } },
{ "type": "Feature", "properties": { "u": "4613243640", "v": "13392265472", "key": 0, "highway": "primary", "name": "현충로", "validation_status": "unobserved", "length_m": 228.73757309278031, "최대경사_pct": 5.8345100516352089, "B등급": "주의", "기준선_근처": true, "계단": false, "급한전환": 0 }, "geometry": { "type": "LineString", "coordinates": [ [ 126.958621800000017, 37.5123361 ], [ 126.9598243, 37.5120226 ], [ 126.9600845, 37.5119531 ], [ 126.9603452, 37.5118722 ], [ 126.960768700000017, 37.5116852 ], [ 126.9610049, 37.5115603 ] ] } },
{ "type": "Feature", "properties": { "u": "4613243640", "v": "4613243641", "key": 0, "highway": "service", "name": "현충로2길", "validation_status": "unobserved", "length_m": 49.106543463143986, "최대경사_pct": 7.5831042795017343, "B등급": "주의", "기준선_근처": true, "계단": false, "급한전환": 0 }, "geometry": { "type": "LineString", "coordinates": [ [ 126.9606276, 37.511235599999978 ], [ 126.960866900000013, 37.5114416 ], [ 126.9610049, 37.5115603 ] ] } },
{ "type": "Feature", "properties": { "u": "2829530656", "v": "10232790157", "key": 0, "highway": "tertiary", "name": "흑석로", "validation_status": "validated", "length_m": 48.53841874283485, "최대경사_pct": 2.8680444190470311, "B등급": "양호", "기준선_근처": true, "계단": false, "급한전환": 0 }, "geometry": { "type": "LineString", "coordinates": [ [ 126.961214600000019, 37.509123 ], [ 126.9616846, 37.508897 ] ] } },
{ "type": "Feature", "properties": { "u": "10232790157", "v": "10232790154", "key": 0, "highway": "service", "name": null, "validation_status": "validated", "length_m": 13.280226315510088, "최대경사_pct": 0.81808347320344887, "B등급": "양호", "기준선_근처": false, "계단": false, "급한전환": 0 }, "geometry": { "type": "LineString", "coordinates": [ [ 126.9611401, 37.50901910000001 ], [ 126.961214600000019, 37.509123 ] ] } },
{ "type": "Feature", "properties": { "u": "4613247248", "v": "10232790154", "key": 0, "highway": "service", "name": "흑석로13길", "validation_status": "validated", "length_m": 38.439755428908775, "최대경사_pct": 2.4059483443506098, "B등급": "양호", "기준선_근처": true, "계단": false, "급한전환": 1 }, "geometry": { "type": "LineString", "coordinates": [ [ 126.9611401, 37.50901910000001 ], [ 126.961118, 37.5089841 ], [ 126.9613172, 37.508721100000017 ] ] } },
{ "type": "Feature", "properties": { "u": "2829530668", "v": "4613247241", "key": 0, "highway": "service", "name": "흑석로13마길", "validation_status": "validated", "length_m": 79.385673173981289, "최대경사_pct": 0.60582462346437516, "B등급": "양호", "기준선_근처": false, "계단": false, "급한전환": 1 }, "geometry": { "type": "LineString", "coordinates": [ [ 126.959014, 37.5073099 ], [ 126.9586498, 37.507574699999985 ], [ 126.958888200000018, 37.5078353 ] ] } },
{ "type": "Feature", "properties": { "u": "2829530668", "v": "4178779526", "key": 0, "highway": "service", "name": "흑석로13마길", "validation_status": "unobserved", "length_m": 62.907834319776839, "최대경사_pct": 20.853121782992279, "B등급": "위험", "기준선_근처": false, "계단": false, "급한전환": 0 }, "geometry": { "type": "LineString", "coordinates": [ [ 126.9592892, 37.5082926 ], [ 126.958929, 37.5079535 ], [ 126.958888200000018, 37.5078353 ] ] } },
{ "type": "Feature", "properties": { "u": "4613247241", "v": "4613247240", "key": 0, "highway": "service", "name": "흑석로13마길", "validation_status": "validated", "length_m": 14.679550499764495, "최대경사_pct": 2.9605947323337509e-15, "B등급": "양호", "기준선_근처": false, "계단": false, "급한전환": 0 }, "geometry": { "type": "LineString", "coordinates": [ [ 126.959073100000012, 37.5071863 ], [ 126.959014, 37.5073099 ] ] } },
{ "type": "Feature", "properties": { "u": "4178779526", "v": "4178779528", "key": 0, "highway": "service", "name": "흑석로13바길", "validation_status": "unobserved", "length_m": 52.399635813112319, "최대경사_pct": 1.1508230121575025, "B등급": "양호", "기준선_근처": true, "계단": false, "급한전환": 0 }, "geometry": { "type": "LineString", "coordinates": [ [ 126.9587489, 37.5084853 ], [ 126.9589352, 37.5084305 ], [ 126.9592892, 37.5082926 ] ] } },
{ "type": "Feature", "properties": { "u": "10265961153", "v": "10265961154", "key": 0, "highway": "service", "name": null, "validation_status": "unobserved", "length_m": 22.406335431773169, "최대경사_pct": 1.2050622765555492, "B등급": "양호", "기준선_근처": true, "계단": false, "급한전환": 0 }, "geometry": { "type": "LineString", "coordinates": [ [ 126.9478883, 37.5038191 ], [ 126.9477461, 37.5039862 ] ] } },
{ "type": "Feature", "properties": { "u": "2890315769", "v": "8471989453", "key": 0, "highway": "footway", "name": null, "validation_status": "unobserved", "length_m": 16.236866531383988, "최대경사_pct": 3.4654606881951362, "B등급": "양호", "기준선_근처": true, "계단": false, "급한전환": 0 }, "geometry": { "type": "LineString", "coordinates": [ [ 126.949113400000016, 37.5134668 ], [ 126.9492961, 37.5134519 ] ] } },
{ "type": "Feature", "properties": { "u": "8471989453", "v": "2890315771", "key": 0, "highway": "footway", "name": null, "validation_status": "unobserved", "length_m": 11.139972128434151, "최대경사_pct": 12.865961643988602, "B등급": "위험", "기준선_근처": true, "계단": false, "급한전환": 0 }, "geometry": { "type": "LineString", "coordinates": [ [ 126.9491256, 37.5135667 ], [ 126.949113400000016, 37.5134668 ] ] } },
{ "type": "Feature", "properties": { "u": "8471989453", "v": "2890315770", "key": 0, "highway": "footway", "name": null, "validation_status": "unobserved", "length_m": 12.39936637100913, "최대경사_pct": 18.416555440464847, "B등급": "위험", "기준선_근처": false, "계단": false, "급한전환": 0 }, "geometry": { "type": "LineString", "coordinates": [ [ 126.9490999, 37.5133556 ], [ 126.949113400000016, 37.5134668 ] ] } },
{ "type": "Feature", "properties": { "u": "8471989453", "v": "2890319021", "key": 0, "highway": [ "footway", "service" ], "name": null, "validation_status": "unobserved", "length_m": 46.378396532358217, "최대경사_pct": 4.7492401916805589, "B등급": "양호", "기준선_근처": true, "계단": false, "급한전환": 0 }, "geometry": { "type": "LineString", "coordinates": [ [ 126.948591300000018, 37.5135074 ], [ 126.9489342, 37.5134815 ], [ 126.949113400000016, 37.5134668 ] ] } },
{ "type": "Feature", "properties": { "u": "2890319021", "v": "8323580262", "key": 0, "highway": "service", "name": null, "validation_status": "unobserved", "length_m": 129.03704743914474, "최대경사_pct": 12.355989005135697, "B등급": "위험", "기준선_근처": true, "계단": false, "급한전환": 1 }, "geometry": { "type": "LineString", "coordinates": [ [ 126.9471924, 37.5135009 ], [ 126.9471946, 37.5135343 ], [ 126.94747940000002, 37.5134871 ], [ 126.947755, 37.513509300000031 ], [ 126.9480959, 37.51345 ], [ 126.948560599999979, 37.513501899999987 ], [ 126.948591300000018, 37.5135074 ] ] } },
{ "type": "Feature", "properties": { "u": "8323580262", "v": "3215381040", "key": 0, "highway": "service", "name": null, "validation_status": "unobserved", "length_m": 10.929009325093759, "최대경사_pct": 6.2196164864906578, "B등급": "주의", "기준선_근처": true, "계단": false, "급한전환": 0 }, "geometry": { "type": "LineString", "coordinates": [ [ 126.947148, 37.513409 ], [ 126.9471924, 37.5135009 ] ] } },
{ "type": "Feature", "properties": { "u": "8323580262", "v": "8757685963", "key": 0, "highway": "footway", "name": null, "validation_status": "unobserved", "length_m": 45.972309222539543, "최대경사_pct": 4.096746053482434, "B등급": "양호", "기준선_근처": true, "계단": false, "급한전환": 0 }, "geometry": { "type": "LineString", "coordinates": [ [ 126.946690700000019, 37.5136098 ], [ 126.9471924, 37.5135009 ] ] } },
{ "type": "Feature", "properties": { "u": "8323580262", "v": "8323580264", "key": 0, "highway": "footway", "name": null, "validation_status": "unobserved", "length_m": 36.795959416269106, "최대경사_pct": 3.8933538429342169, "B등급": "양호", "기준선_근처": true, "계단": false, "급한전환": 0 }, "geometry": { "type": "LineString", "coordinates": [ [ 126.9475936, 37.5134127 ], [ 126.9473048, 37.5134762 ], [ 126.9472409, 37.5134903 ], [ 126.9471924, 37.5135009 ] ] } },
{ "type": "Feature", "properties": { "u": "4613247240", "v": "7775271120", "key": 0, "highway": "tertiary", "name": "흑석로", "validation_status": "validated", "length_m": 12.644693095198347, "최대경사_pct": 0.81960864494412233, "B등급": "양호", "기준선_근처": false, "계단": false, "급한전환": 0 }, "geometry": { "type": "LineString", "coordinates": [ [ 126.9592115, 37.507215 ], [ 126.959073100000012, 37.5071863 ] ] } },
{ "type": "Feature", "properties": { "u": "4613243825", "v": "6963043036", "key": 0, "highway": "service", "name": "흑석로6길", "validation_status": "validated", "length_m": 50.181525242336342, "최대경사_pct": 8.8451425423085492, "B등급": "위험", "기준선_근처": true, "계단": false, "급한전환": 0 }, "geometry": { "type": "LineString", "coordinates": [ [ 126.9566583, 37.5057811 ], [ 126.9571176, 37.5060467 ] ] } },
{ "type": "Feature", "properties": { "u": "3119042897", "v": "3119042913", "key": 0, "highway": "service", "name": null, "validation_status": "unobserved", "length_m": 15.313277897903662, "최대경사_pct": 0.85498482357175243, "B등급": "양호", "기준선_근처": false, "계단": false, "급한전환": 0 }, "geometry": { "type": "LineString", "coordinates": [ [ 126.9489034, 37.5095826 ], [ 126.94873459999998, 37.5096135 ] ] } },
{ "type": "Feature", "properties": { "u": "3119042897", "v": "3119042901", "key": 0, "highway": "residential", "name": "만양로12길", "validation_status": "unobserved", "length_m": 121.12170088113211, "최대경사_pct": 10.667909426297173, "B등급": "위험", "기준선_근처": true, "계단": false, "급한전환": 1 }, "geometry": { "type": "LineString", "coordinates": [ [ 126.948277299999987, 37.5105711 ], [ 126.94848690000002, 37.5097461 ], [ 126.94853449999998, 37.5096815 ], [ 126.948671899999979, 37.509624 ], [ 126.94873459999998, 37.5096135 ] ] } },
{ "type": "Feature", "properties": { "u": "3119042913", "v": "3119042915", "key": 0, "highway": "service", "name": null, "validation_status": "validated", "length_m": 170.45456750449657, "최대경사_pct": 4.1068661948816398, "B등급": "양호", "기준선_근처": true, "계단": false, "급한전환": 0 }, "geometry": { "type": "LineString", "coordinates": [ [ 126.9507596, 37.5092323 ], [ 126.9505396, 37.5092018 ], [ 126.9489034, 37.5095826 ] ] } },
{ "type": "Feature", "properties": { "u": "3119042913", "v": "12056766167", "key": 0, "highway": "residential", "name": "노량진로22길", "validation_status": "unobserved", "length_m": 174.40711701887989, "최대경사_pct": 11.117562640328039, "B등급": "위험", "기준선_근처": true, "계단": false, "급한전환": 1 }, "geometry": { "type": "LineString", "coordinates": [ [ 126.9500524, 37.5104363 ], [ 126.949915, 37.5104298 ], [ 126.9496147, 37.5104868 ], [ 126.949442600000012, 37.5105036 ], [ 126.9493292, 37.5104928 ], [ 126.9492523, 37.510453 ], [ 126.9489034, 37.5095826 ] ] } },
{ "type": "Feature", "properties": { "u": "3119042901", "v": "4613466694", "key": 0, "highway": "residential", "name": "만양로12길", "validation_status": "unobserved", "length_m": 99.283032123717234, "최대경사_pct": 11.868961784368491, "B등급": "위험", "기준선_근처": true, "계단": false, "급한전환": 0 }, "geometry": { "type": "LineString", "coordinates": [ [ 126.947204, 37.510750800000018 ], [ 126.94785330000002, 37.510709799999987 ], [ 126.948221700000019, 37.5106259 ], [ 126.948277299999987, 37.5105711 ] ] } },
{ "type": "Feature", "properties": { "u": "3119042901", "v": "4613385576", "key": 0, "highway": "service", "name": "만양로12가길", "validation_status": "unobserved", "length_m": 249.75376391339597, "최대경사_pct": 12.210805327455878, "B등급": "위험", "기준선_근처": true, "계단": false, "급한전환": 1 }, "geometry": { "type": "LineString", "coordinates": [ [ 126.948232, 37.51184 ], [ 126.9482831, 37.512176 ], [ 126.948366099999987, 37.5121878 ], [ 126.9486772, 37.5118074 ], [ 126.9486772, 37.5115601 ], [ 126.948612499999982, 37.511392 ], [ 126.9483624, 37.5111914 ], [ 126.9482714, 37.5111176 ], [ 126.948220500000019, 37.5109989 ], [ 126.9482484, 37.510876900000028 ], [ 126.9483269, 37.5107867 ], [ 126.9483311, 37.510709 ], [ 126.948277299999987, 37.5105711 ] ] } },
{ "type": "Feature", "properties": { "u": "4613466694", "v": "4613466584", "key": 0, "highway": "residential", "name": "만양로12길", "validation_status": "unobserved", "length_m": 55.663589733285811, "최대경사_pct": 15.831216786450597, "B등급": "위험", "기준선_근처": false, "계단": false, "급한전환": 0 }, "geometry": { "type": "LineString", "coordinates": [ [ 126.9466087, 37.5105997 ], [ 126.9466453, 37.5106219 ], [ 126.94695990000001, 37.5107139 ], [ 126.947204, 37.510750800000018 ] ] } },
{ "type": "Feature", "properties": { "u": "4613466694", "v": "4613466700", "key": 0, "highway": "service", "name": "만양로12가길", "validation_status": "unobserved", "length_m": 101.52573261355138, "최대경사_pct": 3.3782221359261122, "B등급": "양호", "기준선_근처": true, "계단": false, "급한전환": 0 }, "geometry": { "type": "LineString", "coordinates": [ [ 126.9479777, 37.5113748 ], [ 126.947949, 37.5113527 ], [ 126.947561199999981, 37.511178699999988 ], [ 126.9474205, 37.5110734 ], [ 126.9472831, 37.5109382 ], [ 126.947229, 37.5108633 ], [ 126.947204, 37.510750800000018 ] ] } },
{ "type": "Feature", "properties": { "u": "4613466694", "v": "12056780980", "key": 0, "highway": "service", "name": null, "validation_status": "unobserved", "length_m": 20.728698324622918, "최대경사_pct": 4.9784440724657371, "B등급": "양호", "기준선_근처": true, "계단": false, "급한전환": 0 }, "geometry": { "type": "LineString", "coordinates": [ [ 126.947260199999988, 37.5105706 ], [ 126.94723470000001, 37.510615600000023 ], [ 126.947204, 37.510750800000018 ] ] } },
{ "type": "Feature", "properties": { "u": "4613385576", "v": "4613466700", "key": 0, "highway": "service", "name": "만양로12가길", "validation_status": "unobserved", "length_m": 61.085063949899457, "최대경사_pct": 7.1916961471254632, "B등급": "주의", "기준선_근처": true, "계단": false, "급한전환": 0 }, "geometry": { "type": "LineString", "coordinates": [ [ 126.9479777, 37.5113748 ], [ 126.9482296, 37.5115687 ], [ 126.9482336, 37.5117203 ], [ 126.948232, 37.51184 ] ] } },
{ "type": "Feature", "properties": { "u": "4613385576", "v": "4613385578", "key": 0, "highway": "service", "name": "만양로14아길", "validation_status": "unobserved", "length_m": 108.37897494506174, "최대경사_pct": 7.6293990425593465, "B등급": "주의", "기준선_근처": true, "계단": false, "급한전환": 1 }, "geometry": { "type": "LineString", "coordinates": [ [ 126.9472442, 37.5118889 ], [ 126.94792120000001, 37.5121338 ], [ 126.948232, 37.51184 ] ] } },
{ "type": "Feature", "properties": { "u": "3119042915", "v": "12056780871", "key": 0, "highway": "tertiary", "name": "매봉로", "validation_status": "validated", "length_m": 92.706760845170422, "최대경사_pct": 9.1343252381107547, "B등급": "위험", "기준선_근처": true, "계단": false, "급한전환": 0 }, "geometry": { "type": "LineString", "coordinates": [ [ 126.951028, 37.5099627 ], [ 126.9507833, 37.509730900000029 ], [ 126.950654900000018, 37.5094846 ], [ 126.9507596, 37.5092323 ] ] } },
{ "type": "Feature", "properties": { "u": "12056766167", "v": "4613387389", "key": 0, "highway": "residential", "name": "노량진로22길", "validation_status": "unobserved", "length_m": 69.121203891541967, "최대경사_pct": 14.467340608955528, "B등급": "위험", "기준선_근처": false, "계단": false, "급한전환": 0 }, "geometry": { "type": "LineString", "coordinates": [ [ 126.9502525, 37.5110263 ], [ 126.9502005, 37.5107353 ], [ 126.950131499999983, 37.5105101 ], [ 126.9500524, 37.5104363 ] ] } },
{ "type": "Feature", "properties": { "u": "12056766167", "v": "12056780871", "key": 0, "highway": "service", "name": null, "validation_status": "validated", "length_m": 113.15159129777626, "최대경사_pct": 9.5181003360661638, "B등급": "위험", "기준선_근처": true, "계단": false, "급한전환": 0 }, "geometry": { "type": "LineString", "coordinates": [ [ 126.951028, 37.5099627 ], [ 126.950298299999986, 37.5100905 ], [ 126.950187299999982, 37.5101354 ], [ 126.9501121, 37.5102198 ], [ 126.9500524, 37.5104363 ] ] } },
{ "type": "Feature", "properties": { "u": "12056780871", "v": "4613274881", "key": 0, "highway": "tertiary", "name": "매봉로", "validation_status": "unobserved", "length_m": 293.02600400092018, "최대경사_pct": 12.337849581466717, "B등급": "위험", "기준선_근처": true, "계단": false, "급한전환": 0 }, "geometry": { "type": "LineString", "coordinates": [ [ 126.9520587, 37.5123851 ], [ 126.951904200000016, 37.5120173 ], [ 126.9518792, 37.5119577 ], [ 126.9515585, 37.5116776 ], [ 126.9513811, 37.5114276 ], [ 126.9511079, 37.51057 ], [ 126.951156900000015, 37.510260700000011 ], [ 126.9511196, 37.5100495 ], [ 126.951028, 37.5099627 ] ] } },
{ "type": "Feature", "properties": { "u": "4613249956", "v": "8757719533", "key": 0, "highway": "residential", "name": "노량진로32길", "validation_status": "unobserved", "length_m": 9.8093005954028314, "최대경사_pct": 2.4859527869343978, "B등급": "양호", "기준선_근처": true, "계단": false, "급한전환": 0 }, "geometry": { "type": "LineString", "coordinates": [ [ 126.9561692, 37.5132224 ], [ 126.9561483, 37.5133092 ] ] } },
{ "type": "Feature", "properties": { "u": "4613249956", "v": "5211005698", "key": 0, "highway": "primary_link", "name": null, "validation_status": "unobserved", "length_m": 29.099643260233087, "최대경사_pct": 1.3733341729174953, "B등급": "양호", "기준선_근처": true, "계단": false, "급한전환": 0 }, "geometry": { "type": "LineString", "coordinates": [ [ 126.9564676, 37.513269300000012 ], [ 126.9562824, 37.5133171 ], [ 126.9561483, 37.5133092 ] ] } },
{ "type": "Feature", "properties": { "u": "3215381040", "v": "8757685940", "key": 0, "highway": "primary", "name": "노량진로", "validation_status": "unobserved", "length_m": 213.68994157436936, "최대경사_pct": 5.0426913499309904, "B등급": "양호", "기준선_근처": true, "계단": false, "급한전환": 0 }, "geometry": { "type": "LineString", "coordinates": [ [ 126.9494725, 37.5128819 ], [ 126.9482729, 37.5131415 ], [ 126.947148, 37.513409 ] ] } },
{ "type": "Feature", "properties": { "u": "8757685940", "v": "5826295506", "key": 0, "highway": "primary", "name": "노량진로", "validation_status": "unobserved", "length_m": 34.474218251117868, "최대경사_pct": 2.0614118611991179, "B등급": "양호", "기준선_근처": true, "계단": false, "급한전환": 0 }, "geometry": { "type": "LineString", "coordinates": [ [ 126.949855600000021, 37.512824 ], [ 126.9494725, 37.5128819 ] ] } },
{ "type": "Feature", "properties": { "u": "8757685940", "v": "8757685962", "key": 0, "highway": "footway", "name": null, "validation_status": "unobserved", "length_m": 10.044655498862051, "최대경사_pct": 12.802056579159061, "B등급": "위험", "기준선_근처": true, "계단": false, "급한전환": 0 }, "geometry": { "type": "LineString", "coordinates": [ [ 126.9495151, 37.5129658 ], [ 126.9494725, 37.5128819 ] ] } },
{ "type": "Feature", "properties": { "u": "8757685940", "v": "8757685938", "key": 0, "highway": "footway", "name": null, "validation_status": "unobserved", "length_m": 7.7040925148858275, "최대경사_pct": 2.3257968619029392, "B등급": "양호", "기준선_근처": true, "계단": false, "급한전환": 0 }, "geometry": { "type": "LineString", "coordinates": [ [ 126.949455, 37.5128139 ], [ 126.9494725, 37.5128819 ] ] } },
{ "type": "Feature", "properties": { "u": "13281452472", "v": "13281452478", "key": 0, "highway": "service", "name": null, "validation_status": "unobserved", "length_m": 64.272810193443249, "최대경사_pct": 15.364930005330473, "B등급": "위험", "기준선_근처": false, "계단": false, "급한전환": 1 }, "geometry": { "type": "LineString", "coordinates": [ [ 126.9504624, 37.4988896 ], [ 126.9503617, 37.4990235 ], [ 126.9503475, 37.4990479 ], [ 126.9503404, 37.4990818 ], [ 126.9503487, 37.4991072 ], [ 126.9503611, 37.4991228 ], [ 126.950698, 37.4992915 ] ] } },
{ "type": "Feature", "properties": { "u": "3337436851", "v": "3337436856", "key": 0, "highway": "service", "name": null, "validation_status": "unobserved", "length_m": 84.920516585644933, "최대경사_pct": 4.7530818763582747, "B등급": "양호", "기준선_근처": true, "계단": false, "급한전환": 2 }, "geometry": { "type": "LineString", "coordinates": [ [ 126.949552399999988, 37.4984576 ], [ 126.9494103, 37.4983746 ], [ 126.949391500000019, 37.4983129 ], [ 126.949533700000018, 37.4981384 ], [ 126.949606100000011, 37.498140500000027 ], [ 126.949919900000012, 37.498298 ] ] } },
{ "type": "Feature", "properties": { "u": "3337436851", "v": "3337436860", "key": 0, "highway": "service", "name": null, "validation_status": "unobserved", "length_m": 83.358475437981681, "최대경사_pct": 3.2133225968752397, "B등급": "양호", "기준선_근처": true, "계단": false, "급한전환": 2 }, "geometry": { "type": "LineString", "coordinates": [ [ 126.950019200000014, 37.4988534 ], [ 126.9501962, 37.498647 ], [ 126.9499923, 37.4985236 ], [ 126.9498394, 37.4984171 ], [ 126.949919900000012, 37.498298 ] ] } },
{ "type": "Feature", "properties": { "u": "11413637596", "v": "13597219419", "key": 0, "highway": "footway", "name": null, "validation_status": "unobserved", "length_m": 16.693604912154917, "최대경사_pct": 7.1245585990155167, "B등급": "주의", "기준선_근처": true, "계단": false, "급한전환": 1 }, "geometry": { "type": "LineString", "coordinates": [ [ 126.951367800000014, 37.4988022 ], [ 126.9512783, 37.4987439 ], [ 126.9513266, 37.4987001 ] ] } },
{ "type": "Feature", "properties": { "u": "12785639986", "v": "12791615943", "key": 0, "highway": "service", "name": null, "validation_status": "unobserved", "length_m": 165.17663400294086, "최대경사_pct": 6.2369056875274982, "B등급": "주의", "기준선_근처": true, "계단": false, "급한전환": 1 }, "geometry": { "type": "LineString", "coordinates": [ [ 126.9573012, 37.497427100000031 ], [ 126.957014200000017, 37.4977132 ], [ 126.9569872, 37.497723 ], [ 126.9556817, 37.4977637 ], [ 126.955610100000015, 37.4977702 ] ] } },
{ "type": "Feature", "properties": { "u": "12785639986", "v": "12794284418", "key": 0, "highway": "service", "name": null, "validation_status": "unobserved", "length_m": 107.19794184770984, "최대경사_pct": 2.7300735505270852, "B등급": "양호", "기준선_근처": true, "계단": false, "급한전환": 1 }, "geometry": { "type": "LineString", "coordinates": [ [ 126.955324500000017, 37.4969441 ], [ 126.9553927, 37.4977004 ], [ 126.955402, 37.4977249 ], [ 126.9554235, 37.497743 ], [ 126.955518699999985, 37.4977786 ], [ 126.955610100000015, 37.4977702 ] ] } },
{ "type": "Feature", "properties": { "u": "4612845666", "v": "4612824428", "key": 0, "highway": "residential", "name": "서달로14나길", "validation_status": "validated", "length_m": 23.620872675719866, "최대경사_pct": 0.98445007337939028, "B등급": "양호", "기준선_근처": true, "계단": false, "급한전환": 0 }, "geometry": { "type": "LineString", "coordinates": [ [ 126.963863299999986, 37.5077778 ], [ 126.964032499999988, 37.5079425 ] ] } },
{ "type": "Feature", "properties": { "u": "4612845666", "v": "3888649126", "key": 0, "highway": "residential", "name": "서달로14길", "validation_status": "validated", "length_m": 57.66087002713634, "최대경사_pct": 0.068833852915973395, "B등급": "양호", "기준선_근처": false, "계단": false, "급한전환": 0 }, "geometry": { "type": "LineString", "coordinates": [ [ 126.9645601, 37.507641900000017 ], [ 126.964254299999979, 37.5078483 ], [ 126.964032499999988, 37.5079425 ] ] } },
{ "type": "Feature", "properties": { "u": "3888649126", "v": "3888649127", "key": 0, "highway": "residential", "name": "서달로14길", "validation_status": "validated", "length_m": 35.397852929740019, "최대경사_pct": 0.0, "B등급": "양호", "기준선_근처": false, "계단": false, "급한전환": 0 }, "geometry": { "type": "LineString", "coordinates": [ [ 126.9648824, 37.5074527 ], [ 126.9645601, 37.507641900000017 ] ] } },
{ "type": "Feature", "properties": { "u": "3888649126", "v": "4612824440", "key": 0, "highway": "service", "name": "서달로14마길", "validation_status": "unobserved", "length_m": 70.773043606566603, "최대경사_pct": 2.5099342191289242e-15, "B등급": "양호", "기준선_근처": false, "계단": false, "급한전환": 1 }, "geometry": { "type": "LineString", "coordinates": [ [ 126.96429670000002, 37.50713810000002 ], [ 126.9643438, 37.5072091 ], [ 126.9642464, 37.5072388 ], [ 126.9645601, 37.507641900000017 ] ] } },
{ "type": "Feature", "properties": { "u": "3888649127", "v": "4612824441", "key": 0, "highway": "service", "name": "서달로14바길", "validation_status": "validated", "length_m": 48.209369753089312, "최대경사_pct": 0.0, "B등급": "양호", "기준선_근처": false, "계단": false, "급한전환": 0 }, "geometry": { "type": "LineString", "coordinates": [ [ 126.9645261, 37.5071239 ], [ 126.9648824, 37.5074527 ] ] } },
{ "type": "Feature", "properties": { "u": "4612824440", "v": "4612824433", "key": 0, "highway": "service", "name": "서달로14마길", "validation_status": "unobserved", "length_m": 44.86306898064835, "최대경사_pct": 0.41129722936856794, "B등급": "양호", "기준선_근처": false, "계단": false, "급한전환": 0 }, "geometry": { "type": "LineString", "coordinates": [ [ 126.964268200000021, 37.5067411 ], [ 126.9642604, 37.5070833 ], [ 126.96429670000002, 37.50713810000002 ] ] } },
{ "type": "Feature", "properties": { "u": "4612824440", "v": "4612824438", "key": 0, "highway": "service", "name": "서달로14마길", "validation_status": "unobserved", "length_m": 48.949528508548326, "최대경사_pct": 0.0, "B등급": "양호", "기준선_근처": false, "계단": false, "급한전환": 0 }, "geometry": { "type": "LineString", "coordinates": [ [ 126.9637697, 37.507271200000019 ], [ 126.9641784, 37.5071579 ], [ 126.96429670000002, 37.50713810000002 ] ] } },
{ "type": "Feature", "properties": { "u": "4612824441", "v": "4612824427", "key": 0, "highway": "service", "name": "서달로14바길", "validation_status": "validated", "length_m": 44.407158477181341, "최대경사_pct": 0.039552339526312721, "B등급": "양호", "기준선_근처": false, "계단": false, "급한전환": 0 }, "geometry": { "type": "LineString", "coordinates": [ [ 126.9644927, 37.5067402 ], [ 126.964472099999981, 37.5070741 ], [ 126.9645261, 37.5071239 ] ] } },
{ "type": "Feature", "properties": { "u": "4612824441", "v": "4612824444", "key": 0, "highway": "service", "name": "서달로14바길", "validation_status": "unobserved", "length_m": 68.38446802154786, "최대경사_pct": 0.0, "B등급": "양호", "기준선_근처": false, "계단": false, "급한전환": 2 }, "geometry": { "type": "LineString", "coordinates": [ [ 126.9651364, 37.5070645 ], [ 126.9649487, 37.5071214 ], [ 126.9648666, 37.5069849 ], [ 126.9645261, 37.5071239 ] ] } },
{ "type": "Feature", "properties": { "u": "4612824444", "v": "3888649131", "key": 0, "highway": "residential", "name": "서달로14사길", "validation_status": "unobserved", "length_m": 30.948633143974227, "최대경사_pct": 8.3333333333333321, "B등급": "주의", "기준선_근처": true, "계단": false, "급한전환": 0 }, "geometry": { "type": "LineString", "coordinates": [ [ 126.9651038, 37.506789499999989 ], [ 126.9651025, 37.506971600000021 ], [ 126.9651364, 37.5070645 ] ] } },
{ "type": "Feature", "properties": { "u": "4612824445", "v": "4612824446", "key": 0, "highway": "service", "name": "서달로14길", "validation_status": "unobserved", "length_m": 20.701715276840563, "최대경사_pct": 0.72991806129397929, "B등급": "양호", "기준선_근처": false, "계단": false, "급한전환": 0 }, "geometry": { "type": "LineString", "coordinates": [ [ 126.965529300000014, 37.5070871 ], [ 126.9656758, 37.5072326 ] ] } },
{ "type": "Feature", "properties": { "u": "3888649131", "v": "4611290232", "key": 0, "highway": "residential", "name": "서달로14라길", "validation_status": "unobserved", "length_m": 51.790822474975414, "최대경사_pct": 8.3333333333333321, "B등급": "주의", "기준선_근처": true, "계단": false, "급한전환": 0 }, "geometry": { "type": "LineString", "coordinates": [ [ 126.965652299999988, 37.506626 ], [ 126.9654587, 37.5066884 ], [ 126.9651038, 37.506789499999989 ] ] } },
{ "type": "Feature", "properties": { "u": "3888649131", "v": "6215701890", "key": 0, "highway": "residential", "name": "서달로14라길", "validation_status": "unobserved", "length_m": 19.45604311053388, "최대경사_pct": 4.0427882128643589, "B등급": "양호", "기준선_근처": true, "계단": false, "급한전환": 0 }, "geometry": { "type": "LineString", "coordinates": [ [ 126.9648849, 37.5067717 ], [ 126.964944500000016, 37.5067773 ], [ 126.9651038, 37.506789499999989 ] ] } },
{ "type": "Feature", "properties": { "u": "4611290232", "v": "3888649136", "key": 0, "highway": "residential", "name": "서달로14라길", "validation_status": "validated", "length_m": 94.222818340784812, "최대경사_pct": 5.8852527732569913, "B등급": "주의", "기준선_근처": true, "계단": false, "급한전환": 0 }, "geometry": { "type": "LineString", "coordinates": [ [ 126.9665933, 37.5062586 ], [ 126.966159200000021, 37.5063512 ], [ 126.9659232, 37.5064927 ], [ 126.965757599999989, 37.506592 ], [ 126.965652299999988, 37.506626 ] ] } },
{ "type": "Feature", "properties": { "u": "4611290232", "v": "4611290226", "key": 0, "highway": "service", "name": "현충로6길", "validation_status": "validated", "length_m": 84.743930824851901, "최대경사_pct": 1.0442030000809228, "B등급": "양호", "기준선_근처": true, "계단": false, "급한전환": 0 }, "geometry": { "type": "LineString", "coordinates": [ [ 126.9662712, 37.507186500000017 ], [ 126.9661057, 37.507 ], [ 126.966022200000012, 37.5069631 ], [ 126.965845500000015, 37.5068577 ], [ 126.9657538, 37.506786 ], [ 126.9656853, 37.506704499999977 ], [ 126.965652299999988, 37.506626 ] ] } },
{ "type": "Feature", "properties": { "u": "6215701890", "v": "6215701891", "key": 0, "highway": "service", "name": null, "validation_status": "unobserved", "length_m": 16.396204488695819, "최대경사_pct": 6.2327103347459216, "B등급": "주의", "기준선_근처": true, "계단": false, "급한전환": 0 }, "geometry": { "type": "LineString", "coordinates": [ [ 126.964798700000017, 37.5066409 ], [ 126.9648849, 37.5067717 ] ] } },
{ "type": "Feature", "properties": { "u": "6215701890", "v": "4612824427", "key": 0, "highway": "residential", "name": "서달로14라길", "validation_status": "unobserved", "length_m": 34.859807270371839, "최대경사_pct": 0.0, "B등급": "양호", "기준선_근처": false, "계단": false, "급한전환": 0 }, "geometry": { "type": "LineString", "coordinates": [ [ 126.9644927, 37.5067402 ], [ 126.9646679, 37.5067512 ], [ 126.9648849, 37.5067717 ] ] } },
{ "type": "Feature", "properties": { "u": "3888649136", "v": "4611246528", "key": 0, "highway": "tertiary", "name": "흑석한강로", "validation_status": "validated", "length_m": 79.396293597149608, "최대경사_pct": 2.870824693824567, "B등급": "양호", "기준선_근처": true, "계단": false, "급한전환": 0 }, "geometry": { "type": "LineString", "coordinates": [ [ 126.9670279, 37.5068846 ], [ 126.9665933, 37.5062586 ] ] } },
{ "type": "Feature", "properties": { "u": "3888649136", "v": "3888649139", "key": 0, "highway": "tertiary", "name": "흑석한강로", "validation_status": "validated", "length_m": 71.514651452953999, "최대경사_pct": 6.7686803074549422, "B등급": "주의", "기준선_근처": true, "계단": false, "급한전환": 0 }, "geometry": { "type": "LineString", "coordinates": [ [ 126.9662642, 37.50567 ], [ 126.9665933, 37.5062586 ] ] } },
{ "type": "Feature", "properties": { "u": "4611246528", "v": "8482522490", "key": 0, "highway": "primary", "name": "현충로", "validation_status": "unobserved", "length_m": 20.844096838464203, "최대경사_pct": 8.1027591860184067, "B등급": "주의", "기준선_근처": true, "계단": false, "급한전환": 0 }, "geometry": { "type": "LineString", "coordinates": [ [ 126.966817299999988, 37.506969 ], [ 126.9670279, 37.5068846 ] ] } },
{ "type": "Feature", "properties": { "u": "4611246528", "v": "4851352337", "key": 0, "highway": "service", "name": null, "validation_status": "unobserved", "length_m": 91.340529504083491, "최대경사_pct": 8.6106398739531915, "B등급": "위험", "기준선_근처": true, "계단": false, "급한전환": 0 }, "geometry": { "type": "LineString", "coordinates": [ [ 126.9668191, 37.5060988 ], [ 126.96681150000002, 37.5061717 ], [ 126.9670395, 37.5066018 ], [ 126.9670279, 37.5068846 ] ] } },
{ "type": "Feature", "properties": { "u": "3888649139", "v": "4611303880", "key": 0, "highway": [ "tertiary", "residential" ], "name": "흑석한강로", "validation_status": "validated", "length_m": 339.44903025711744, "최대경사_pct": 8.7670777356865592, "B등급": "위험", "기준선_근처": true, "계단": false, "급한전환": 0 }, "geometry": { "type": "LineString", "coordinates": [ [ 126.9643982, 37.5031809 ], [ 126.964418599999988, 37.5032079 ], [ 126.9644451, 37.5032289 ], [ 126.9644832, 37.5032427 ], [ 126.96468179999998, 37.5032973 ], [ 126.964934, 37.5033909 ], [ 126.9650362, 37.5035126 ], [ 126.965105600000015, 37.5035952 ], [ 126.9651415, 37.5036805 ], [ 126.9652022, 37.503825 ], [ 126.9652297, 37.503922 ], [ 126.965288, 37.5042335 ], [ 126.9653503, 37.5044812 ], [ 126.9654516, 37.5048048 ], [ 126.9656248, 37.505005 ], [ 126.965936400000018, 37.5052544 ], [ 126.9661238, 37.50550590000001 ], [ 126.9662642, 37.50567 ] ] } },
{ "type": "Feature", "properties": { "u": "3888649139", "v": "6215701774", "key": 0, "highway": "service", "name": null, "validation_status": "validated", "length_m": 88.003688840199487, "최대경사_pct": 3.2999714870288956, "B등급": "양호", "기준선_근처": true, "계단": false, "급한전환": 2 }, "geometry": { "type": "LineString", "coordinates": [ [ 126.9654997, 37.5059788 ], [ 126.9655453, 37.5060171 ], [ 126.9655963, 37.5060363 ], [ 126.965658, 37.506038400000016 ], [ 126.965700900000016, 37.506015 ], [ 126.96573309999998, 37.505987300000022 ], [ 126.965743800000013, 37.5059575 ], [ 126.9657975, 37.505836300000027 ], [ 126.9662642, 37.50567 ] ] } },
{ "type": "Feature", "properties": { "u": "3888649139", "v": "11750061048", "key": 0, "highway": "residential", "name": "현충로10길", "validation_status": "unobserved", "length_m": 108.29717422022986, "최대경사_pct": 17.082035963182964, "B등급": "위험", "기준선_근처": false, "계단": false, "급한전환": 0 }, "geometry": { "type": "LineString", "coordinates": [ [ 126.967023600000019, 37.50496290000001 ], [ 126.9668414, 37.5052218 ], [ 126.966702, 37.505481600000017 ], [ 126.9662642, 37.50567 ] ] } },
{ "type": "Feature", "properties": { "u": "4611303880", "v": "4611263521", "key": 0, "highway": "residential", "name": "흑석한강로", "validation_status": "validated", "length_m": 148.83150344892118, "최대경사_pct": 12.639898672729061, "B등급": "위험", "기준선_근처": true, "계단": false, "급한전환": 0 }, "geometry": { "type": "LineString", "coordinates": [ [ 126.964300600000016, 37.5018422 ], [ 126.964353700000018, 37.5025015 ], [ 126.9643982, 37.5031809 ] ] } },
{ "type": "Feature", "properties": { "u": "10239817426", "v": "4611290226", "key": 0, "highway": "primary", "name": "현충로", "validation_status": "unobserved", "length_m": 16.07717734248191, "최대경사_pct": 3.7482199960520117, "B등급": "양호", "기준선_근처": true, "계단": false, "급한전환": 0 }, "geometry": { "type": "LineString", "coordinates": [ [ 126.9662712, 37.507186500000017 ], [ 126.9661082, 37.5072507 ] ] } },
{ "type": "Feature", "properties": { "u": "10239817426", "v": "13392265485", "key": 0, "highway": "service", "name": null, "validation_status": "unobserved", "length_m": 6.9057335931589687, "최대경사_pct": 1.351497897726605, "B등급": "양호", "기준선_근처": true, "계단": false, "급한전환": 0 }, "geometry": { "type": "LineString", "coordinates": [ [ 126.966142500000018, 37.507306599999978 ], [ 126.9661082, 37.5072507 ] ] } },
{ "type": "Feature", "properties": { "u": "4178779528", "v": "4178779531", "key": 0, "highway": "service", "name": "흑석로13바길", "validation_status": "unobserved", "length_m": 18.032701529466515, "최대경사_pct": 13.17835361090598, "B등급": "위험", "기준선_근처": false, "계단": false, "급한전환": 0 }, "geometry": { "type": "LineString", "coordinates": [ [ 126.958563900000016, 37.5084169 ], [ 126.9587489, 37.5084853 ] ] } },
{ "type": "Feature", "properties": { "u": "4178779528", "v": "4178779530", "key": 0, "highway": "service", "name": "흑석로13바길", "validation_status": "unobserved", "length_m": 50.96930490865261, "최대경사_pct": 2.285297204488034, "B등급": "양호", "기준선_근처": true, "계단": false, "급한전환": 1 }, "geometry": { "type": "LineString", "coordinates": [ [ 126.9582904, 37.5085522 ], [ 126.958394799999979, 37.5086533 ], [ 126.9587489, 37.5084853 ] ] } },
{ "type": "Feature", "properties": { "u": "8482522490", "v": "7775281607", "key": 0, "highway": "primary", "name": "현충로", "validation_status": "validated", "length_m": 31.945781869202481, "최대경사_pct": 5.5011317769431107, "B등급": "양호", "기준선_근처": true, "계단": false, "급한전환": 0 }, "geometry": { "type": "LineString", "coordinates": [ [ 126.96649450000001, 37.507098299999988 ], [ 126.966817299999988, 37.506969 ] ] } },
{ "type": "Feature", "properties": { "u": "8482522490", "v": "13392265487", "key": 0, "highway": "service", "name": null, "validation_status": "unobserved", "length_m": 7.8322591848265741, "최대경사_pct": 1.8968343053947834, "B등급": "양호", "기준선_근처": true, "계단": false, "급한전환": 0 }, "geometry": { "type": "LineString", "coordinates": [ [ 126.9668538, 37.5070333 ], [ 126.966817299999988, 37.506969 ] ] } },
{ "type": "Feature", "properties": { "u": "4851352337", "v": "4851352336", "key": 0, "highway": "service", "name": null, "validation_status": "unobserved", "length_m": 61.295607497141198, "최대경사_pct": 7.1639898931166455, "B등급": "주의", "기준선_근처": true, "계단": false, "급한전환": 0 }, "geometry": { "type": "LineString", "coordinates": [ [ 126.9668762, 37.5055484 ], [ 126.9668191, 37.5060988 ] ] } },
{ "type": "Feature", "properties": { "u": "4851352337", "v": "4851352338", "key": 0, "highway": "service", "name": null, "validation_status": "unobserved", "length_m": 20.085100117998849, "최대경사_pct": 19.58260475427214, "B등급": "위험", "기준선_근처": false, "계단": false, "급한전환": 0 }, "geometry": { "type": "LineString", "coordinates": [ [ 126.9670457, 37.5060861 ], [ 126.9668191, 37.5060988 ] ] } },
{ "type": "Feature", "properties": { "u": "4611246549", "v": "4611329617", "key": 0, "highway": "residential", "name": [ "서달로12길", "서달로12나길" ], "validation_status": "unobserved", "length_m": 69.232775560952717, "최대경사_pct": 0.48497528454782002, "B등급": "양호", "기준선_근처": false, "계단": false, "급한전환": 1 }, "geometry": { "type": "LineString", "coordinates": [ [ 126.9634889, 37.5072199 ], [ 126.963348, 37.5070756 ], [ 126.963226299999988, 37.506948 ], [ 126.963179, 37.5068203 ], [ 126.96299830000001, 37.5068528 ] ] } },
{ "type": "Feature", "properties": { "u": "4611246549", "v": "4611290216", "key": 0, "highway": "residential", "name": "서달로14나길", "validation_status": "unobserved", "length_m": 57.268550560202385, "최대경사_pct": 1.8266619366728303, "B등급": "양호", "기준선_근처": true, "계단": false, "급한전환": 0 }, "geometry": { "type": "LineString", "coordinates": [ [ 126.9632994, 37.507307900000015 ], [ 126.9630613, 37.5069863 ], [ 126.96299830000001, 37.5068528 ] ] } },
{ "type": "Feature", "properties": { "u": "4611329617", "v": "4612824432", "key": 0, "highway": "residential", "name": "서달로14라길", "validation_status": "unobserved", "length_m": 18.547002842910345, "최대경사_pct": 2.4121056328412127, "B등급": "양호", "기준선_근처": true, "계단": false, "급한전환": 0 }, "geometry": { "type": "LineString", "coordinates": [ [ 126.9636698, 37.5071353 ], [ 126.9634889, 37.5072199 ] ] } },
{ "type": "Feature", "properties": { "u": "4611329617", "v": "4611290216", "key": 0, "highway": "residential", "name": "서달로14라길", "validation_status": "unobserved", "length_m": 19.393860887092799, "최대경사_pct": 3.0498936245333752, "B등급": "양호", "기준선_근처": true, "계단": false, "급한전환": 0 }, "geometry": { "type": "LineString", "coordinates": [ [ 126.9632994, 37.507307900000015 ], [ 126.9634889, 37.5072199 ] ] } },
{ "type": "Feature", "properties": { "u": "4611290216", "v": "4612824428", "key": 0, "highway": "residential", "name": "서달로14나길", "validation_status": "unobserved", "length_m": 74.082396422231795, "최대경사_pct": 1.439424444807067, "B등급": "양호", "기준선_근처": true, "계단": false, "급한전환": 0 }, "geometry": { "type": "LineString", "coordinates": [ [ 126.963863299999986, 37.5077778 ], [ 126.963834100000014, 37.5077496 ], [ 126.963751, 37.507695600000019 ], [ 126.9636318, 37.507636500000032 ], [ 126.9634679, 37.507547 ], [ 126.9634062, 37.5074828 ], [ 126.9632994, 37.507307900000015 ] ] } },
{ "type": "Feature", "properties": { "u": "4611250951", "v": "4611263521", "key": 0, "highway": "residential", "name": [ "흑석한강로", "서달로2길" ], "validation_status": "validated", "length_m": 69.606865658434828, "최대경사_pct": 15.546273333989333, "B등급": "위험", "기준선_근처": false, "계단": false, "급한전환": 0 }, "geometry": { "type": "LineString", "coordinates": [ [ 126.964300600000016, 37.5018422 ], [ 126.9642772, 37.5012375 ], [ 126.964266, 37.501217200000021 ] ] } },
{ "type": "Feature", "properties": { "u": "4611250951", "v": "4611263520", "key": 0, "highway": "service", "name": "서달로10길", "validation_status": "validated", "length_m": 77.083317947660078, "최대경사_pct": 21.082207085135163, "B등급": "위험", "기준선_근처": false, "계단": false, "급한전환": 0 }, "geometry": { "type": "LineString", "coordinates": [ [ 126.9637539, 37.5017082 ], [ 126.9638132, 37.5014978 ], [ 126.9638805, 37.5013812 ], [ 126.964150100000012, 37.5012459 ], [ 126.964266, 37.501217200000021 ] ] } },
{ "type": "Feature", "properties": { "u": "4611263521", "v": "4611263519", "key": 0, "highway": "service", "name": null, "validation_status": "validated", "length_m": 50.511213740776938, "최대경사_pct": 14.608591457622792, "B등급": "위험", "기준선_근처": false, "계단": false, "급한전환": 0 }, "geometry": { "type": "LineString", "coordinates": [ [ 126.9637385, 37.5017611 ], [ 126.964300600000016, 37.5018422 ] ] } },
{ "type": "Feature", "properties": { "u": "4611263520", "v": "4611263519", "key": 0, "highway": "service", "name": "서달로10길", "validation_status": "unobserved", "length_m": 6.0270613446723136, "최대경사_pct": 21.901190380916898, "B등급": "위험", "기준선_근처": false, "계단": false, "급한전환": 0 }, "geometry": { "type": "LineString", "coordinates": [ [ 126.9637385, 37.5017611 ], [ 126.9637539, 37.5017082 ] ] } },
{ "type": "Feature", "properties": { "u": "4611263520", "v": "4697324239", "key": 0, "highway": "service", "name": "서달로10길", "validation_status": "validated", "length_m": 63.848831589994816, "최대경사_pct": 1.0861770754140914, "B등급": "양호", "기준선_근처": true, "계단": false, "급한전환": 0 }, "geometry": { "type": "LineString", "coordinates": [ [ 126.9630411, 37.5016163 ], [ 126.9631728, 37.5016323 ], [ 126.9637539, 37.5017082 ] ] } },
{ "type": "Feature", "properties": { "u": "4611263519", "v": "10239817425", "key": 0, "highway": "service", "name": null, "validation_status": "unobserved", "length_m": 63.437879803152839, "최대경사_pct": 1.0930276272320745, "B등급": "양호", "기준선_근처": true, "계단": false, "급한전환": 0 }, "geometry": { "type": "LineString", "coordinates": [ [ 126.963029799999987, 37.5016722 ], [ 126.96310579999998, 37.5016813 ], [ 126.9637385, 37.5017611 ] ] } },
{ "type": "Feature", "properties": { "u": "10239817425", "v": "4697324239", "key": 0, "highway": "service", "name": null, "validation_status": "validated", "length_m": 6.2841224964972016, "최대경사_pct": 18.312045170533697, "B등급": "위험", "기준선_근처": false, "계단": false, "급한전환": 0 }, "geometry": { "type": "LineString", "coordinates": [ [ 126.9630411, 37.5016163 ], [ 126.963029799999987, 37.5016722 ] ] } },
{ "type": "Feature", "properties": { "u": "10239817425", "v": "4697324237", "key": 0, "highway": "service", "name": null, "validation_status": "validated", "length_m": 40.959750632226957, "최대경사_pct": 1.4453732405976776, "B등급": "양호", "기준선_근처": true, "계단": false, "급한전환": 1 }, "geometry": { "type": "LineString", "coordinates": [ [ 126.962661699999984, 37.5017243 ], [ 126.963012300000017, 37.501758700000018 ], [ 126.963029799999987, 37.5016722 ] ] } },
{ "type": "Feature", "properties": { "u": "4697324239", "v": "4697324250", "key": 0, "highway": "service", "name": null, "validation_status": "unobserved", "length_m": 42.829762308865568, "최대경사_pct": 9.2941238865865952, "B등급": "위험", "기준선_근처": true, "계단": false, "급한전환": 1 }, "geometry": { "type": "LineString", "coordinates": [ [ 126.962755500000014, 37.501429900000026 ], [ 126.9627314, 37.5015617 ], [ 126.9630411, 37.5016163 ] ] } },
{ "type": "Feature", "properties": { "u": "4612824428", "v": "4612824438", "key": 0, "highway": "service", "name": "서달로14다길", "validation_status": "unobserved", "length_m": 63.787486674302926, "최대경사_pct": 0.5254384333909029, "B등급": "양호", "기준선_근처": false, "계단": false, "급한전환": 1 }, "geometry": { "type": "LineString", "coordinates": [ [ 126.9637697, 37.507271200000019 ], [ 126.96393230000001, 37.5076261 ], [ 126.963976300000013, 37.507661 ], [ 126.963863299999986, 37.5077778 ] ] } },
{ "type": "Feature", "properties": { "u": "4611290226", "v": "4611290233", "key": 0, "highway": "primary", "name": "현충로", "validation_status": "unobserved", "length_m": 19.530071118462914, "최대경사_pct": 2.7090235422635209, "B등급": "양호", "기준선_근처": true, "계단": false, "급한전환": 0 }, "geometry": { "type": "LineString", "coordinates": [ [ 126.96646920000002, 37.5071085 ], [ 126.9662712, 37.507186500000017 ] ] } },
{ "type": "Feature", "properties": { "u": "4611290233", "v": "7775281607", "key": 0, "highway": "primary", "name": "현충로", "validation_status": "bridged", "length_m": 2.5070969712211331, "최대경사_pct": 3.613526657618245, "B등급": "양호", "기준선_근처": true, "계단": false, "급한전환": 0 }, "geometry": { "type": "LineString", "coordinates": [ [ 126.96649450000001, 37.507098299999988 ], [ 126.96646920000002, 37.5071085 ] ] } },
{ "type": "Feature", "properties": { "u": "4611290233", "v": "4611290237", "key": 0, "highway": "service", "name": "현충로8길", "validation_status": "validated", "length_m": 48.898214999632302, "최대경사_pct": 0.21783724931349133, "B등급": "양호", "기준선_근처": false, "계단": false, "급한전환": 0 }, "geometry": { "type": "LineString", "coordinates": [ [ 126.9661503, 37.5067486 ], [ 126.9662591, 37.5068664 ], [ 126.96646920000002, 37.5071085 ] ] } },
{ "type": "Feature", "properties": { "u": "7775281607", "v": "13392265486", "key": 0, "highway": "footway", "name": null, "validation_status": "unobserved", "length_m": 7.5495913628502276, "최대경사_pct": 0.43032384018311259, "B등급": "양호", "기준선_근처": false, "계단": false, "급한전환": 0 }, "geometry": { "type": "LineString", "coordinates": [ [ 126.9665267, 37.5071613 ], [ 126.96649450000001, 37.507098299999988 ] ] } },
{ "type": "Feature", "properties": { "u": "4611290237", "v": "4611290238", "key": 0, "highway": "service", "name": "현충로8길", "validation_status": "unobserved", "length_m": 20.546197685860992, "최대경사_pct": 6.6327425192346174, "B등급": "주의", "기준선_근처": true, "계단": false, "급한전환": 0 }, "geometry": { "type": "LineString", "coordinates": [ [ 126.9663316, 37.5066328 ], [ 126.9661503, 37.5067486 ] ] } },
{ "type": "Feature", "properties": { "u": "4611290237", "v": "4611290240", "key": 0, "highway": "service", "name": "현충로8길", "validation_status": "unobserved", "length_m": 42.126562815453212, "최대경사_pct": 9.7595493346042339, "B등급": "위험", "기준선_근처": true, "계단": false, "급한전환": 1 }, "geometry": { "type": "LineString", "coordinates": [ [ 126.9661975, 37.5064895 ], [ 126.96600530000002, 37.5065893 ], [ 126.9660304, 37.5066187 ], [ 126.9661503, 37.5067486 ] ] } },
{ "type": "Feature", "properties": { "u": "4611313608", "v": "4611313609", "key": 0, "highway": "service", "name": null, "validation_status": "unobserved", "length_m": 21.821995357418189, "최대경사_pct": 8.3333333333333321, "B등급": "주의", "기준선_근처": true, "계단": false, "급한전환": 0 }, "geometry": { "type": "LineString", "coordinates": [ [ 126.9637145, 37.5068114 ], [ 126.9639183, 37.5069223 ] ] } },
{ "type": "Feature", "properties": { "u": "4611313608", "v": "4612824433", "key": 0, "highway": "residential", "name": "서달로14라길", "validation_status": "unobserved", "length_m": 37.938331661783884, "최대경사_pct": 0.0, "B등급": "양호", "기준선_근처": false, "계단": false, "급한전환": 0 }, "geometry": { "type": "LineString", "coordinates": [ [ 126.964268200000021, 37.5067411 ], [ 126.9642133, 37.506746899999989 ], [ 126.9640764, 37.5067969 ], [ 126.9639183, 37.5069223 ] ] } },
{ "type": "Feature", "properties": { "u": "4611313608", "v": "4612824432", "key": 0, "highway": "residential", "name": "서달로14라길", "validation_status": "unobserved", "length_m": 37.546869301609803, "최대경사_pct": 0.39593440200256086, "B등급": "양호", "기준선_근처": false, "계단": false, "급한전환": 1 }, "geometry": { "type": "LineString", "coordinates": [ [ 126.9636698, 37.5071353 ], [ 126.96395680000002, 37.5069678 ], [ 126.9639183, 37.5069223 ] ] } },
{ "type": "Feature", "properties": { "u": "4612824433", "v": "4612824427", "key": 0, "highway": "residential", "name": "서달로14라길", "validation_status": "unobserved", "length_m": 19.955048792573308, "최대경사_pct": 0.7213640268539242, "B등급": "양호", "기준선_근처": false, "계단": false, "급한전환": 0 }, "geometry": { "type": "LineString", "coordinates": [ [ 126.9644927, 37.5067402 ], [ 126.964358500000017, 37.50673170000001 ], [ 126.964268200000021, 37.5067411 ] ] } },
{ "type": "Feature", "properties": { "u": "4612824432", "v": "4612824438", "key": 0, "highway": "service", "name": "서달로14다길", "validation_status": "unobserved", "length_m": 17.629272335848945, "최대경사_pct": 0.0, "B등급": "양호", "기준선_근처": false, "계단": false, "급한전환": 0 }, "geometry": { "type": "LineString", "coordinates": [ [ 126.9637697, 37.507271200000019 ], [ 126.963746200000017, 37.5072198 ], [ 126.9636698, 37.5071353 ] ] } },
{ "type": "Feature", "properties": { "u": "4613243610", "v": "4613243611", "key": 0, "highway": "service", "name": "서달로13길", "validation_status": "unobserved", "length_m": 14.969490729472417, "최대경사_pct": 0.2212519558880732, "B등급": "양호", "기준선_근처": false, "계단": false, "급한전환": 0 }, "geometry": { "type": "LineString", "coordinates": [ [ 126.9622901, 37.5081182 ], [ 126.962205, 37.5082348 ] ] } },
{ "type": "Feature", "properties": { "u": "4613243610", "v": "4613243613", "key": 0, "highway": "service", "name": "서달로13길", "validation_status": "unobserved", "length_m": 33.023968869501864, "최대경사_pct": 0.22789660642102008, "B등급": "양호", "기준선_근처": false, "계단": false, "급한전환": 0 }, "geometry": { "type": "LineString", "coordinates": [ [ 126.961882499999987, 37.5080847 ], [ 126.962205, 37.5082348 ] ] } },
{ "type": "Feature", "properties": { "u": "4613243605", "v": "4613243611", "key": 0, "highway": "service", "name": "서달로13길", "validation_status": "unobserved", "length_m": 14.440136715979019, "최대경사_pct": 0.49755477500617334, "B등급": "양호", "기준선_근처": false, "계단": false, "급한전환": 0 }, "geometry": { "type": "LineString", "coordinates": [ [ 126.9622901, 37.5081182 ], [ 126.9623785, 37.5080088 ] ] } },
{ "type": "Feature", "properties": { "u": "4613243605", "v": "4613243614", "key": 0, "highway": "service", "name": "서달로13길", "validation_status": "unobserved", "length_m": 33.202922618366529, "최대경사_pct": 0.9815165316363571, "B등급": "양호", "기준선_근처": true, "계단": false, "급한전환": 0 }, "geometry": { "type": "LineString", "coordinates": [ [ 126.9620477, 37.5078672 ], [ 126.9623785, 37.5080088 ] ] } },
{ "type": "Feature", "properties": { "u": "4613243611", "v": "4615044905", "key": 0, "highway": "service", "name": "서달로13길", "validation_status": "unobserved", "length_m": 32.490350034966397, "최대경사_pct": 0.29815288782048793, "B등급": "양호", "기준선_근처": false, "계단": false, "급한전환": 0 }, "geometry": { "type": "LineString", "coordinates": [ [ 126.9619721, 37.5079715 ], [ 126.9622901, 37.5081182 ] ] } },
{ "type": "Feature", "properties": { "u": "4613243614", "v": "4613243609", "key": 0, "highway": "service", "name": "서달로13길", "validation_status": "unobserved", "length_m": 30.273218598456761, "최대경사_pct": 1.3983965724619907, "B등급": "양호", "기준선_근처": true, "계단": false, "급한전환": 0 }, "geometry": { "type": "LineString", "coordinates": [ [ 126.9617531, 37.5077282 ], [ 126.9620477, 37.5078672 ] ] } },
{ "type": "Feature", "properties": { "u": "4613243614", "v": "4615044905", "key": 0, "highway": "service", "name": null, "validation_status": "unobserved", "length_m": 13.367209089422587, "최대경사_pct": 1.135715908208595, "B등급": "양호", "기준선_근처": true, "계단": false, "급한전환": 0 }, "geometry": { "type": "LineString", "coordinates": [ [ 126.9619721, 37.5079715 ], [ 126.9620477, 37.5078672 ] ] } },
{ "type": "Feature", "properties": { "u": "4613243609", "v": "4613243612", "key": 0, "highway": "service", "name": "서달로13길", "validation_status": "unobserved", "length_m": 14.864755369795486, "최대경사_pct": 1.691269118152148, "B등급": "양호", "기준선_근처": true, "계단": false, "급한전환": 0 }, "geometry": { "type": "LineString", "coordinates": [ [ 126.961669499999985, 37.50784440000001 ], [ 126.9617531, 37.5077282 ] ] } },
{ "type": "Feature", "properties": { "u": "4613243608", "v": "4613243613", "key": 0, "highway": "service", "name": "서달로13길", "validation_status": "unobserved", "length_m": 28.065898308570176, "최대경사_pct": 0.28390559167212004, "B등급": "양호", "기준선_근처": false, "계단": false, "급한전환": 0 }, "geometry": { "type": "LineString", "coordinates": [ [ 126.961882499999987, 37.5080847 ], [ 126.961593900000011, 37.5079794 ] ] } },
{ "type": "Feature", "properties": { "u": "4613243608", "v": "4613243612", "key": 0, "highway": "service", "name": "서달로13길", "validation_status": "unobserved", "length_m": 16.598476793954838, "최대경사_pct": 0.94827724705708027, "B등급": "양호", "기준선_근처": true, "계단": false, "급한전환": 0 }, "geometry": { "type": "LineString", "coordinates": [ [ 126.961669499999985, 37.50784440000001 ], [ 126.961604300000019, 37.5079354 ], [ 126.961593900000011, 37.5079794 ] ] } },
{ "type": "Feature", "properties": { "u": "4613243613", "v": "4615044905", "key": 0, "highway": "service", "name": null, "validation_status": "unobserved", "length_m": 14.852847675109757, "최대경사_pct": 0.37680315142062898, "B등급": "양호", "기준선_근처": false, "계단": false, "급한전환": 0 }, "geometry": { "type": "LineString", "coordinates": [ [ 126.9619721, 37.5079715 ], [ 126.961882499999987, 37.5080847 ] ] } },
{ "type": "Feature", "properties": { "u": "4613243612", "v": "4615044905", "key": 0, "highway": "service", "name": "서달로13길", "validation_status": "unobserved", "length_m": 30.245787942071576, "최대경사_pct": 0.82496825233484716, "B등급": "양호", "기준선_근처": false, "계단": false, "급한전환": 0 }, "geometry": { "type": "LineString", "coordinates": [ [ 126.9619721, 37.5079715 ], [ 126.961669499999985, 37.50784440000001 ] ] } },
{ "type": "Feature", "properties": { "u": "13392265472", "v": "5211005698", "key": 0, "highway": "primary_link", "name": null, "validation_status": "unobserved", "length_m": 217.50755572863216, "최대경사_pct": 5.2047872840466365, "B등급": "양호", "기준선_근처": true, "계단": false, "급한전환": 0 }, "geometry": { "type": "LineString", "coordinates": [ [ 126.9564676, 37.513269300000012 ], [ 126.95661410000001, 37.5132078 ], [ 126.957136, 37.5129254 ], [ 126.9577348, 37.5126623 ], [ 126.958044300000012, 37.5125168 ], [ 126.958621800000017, 37.5123361 ] ] } },
{ "type": "Feature", "properties": { "u": "4621493630", "v": "4621493618", "key": 0, "highway": "service", "name": "매봉로4가길", "validation_status": "validated", "length_m": 162.15868514490361, "최대경사_pct": 6.9928634184938634, "B등급": "주의", "기준선_근처": true, "계단": false, "급한전환": 2 }, "geometry": { "type": "LineString", "coordinates": [ [ 126.953817, 37.5068435 ], [ 126.954024500000017, 37.5068568 ], [ 126.954164600000013, 37.5068438 ], [ 126.954365399999986, 37.5068346 ], [ 126.9544915, 37.5067697 ], [ 126.954540599999987, 37.5067957 ], [ 126.9545849, 37.506842 ], [ 126.954624599999988, 37.5069327 ], [ 126.9546363, 37.5069883 ], [ 126.954953900000021, 37.507116100000012 ], [ 126.9553228, 37.5072328 ], [ 126.9553742, 37.5072532 ] ] } },
{ "type": "Feature", "properties": { "u": "4621493630", "v": "4621493631", "key": 0, "highway": "service", "name": "흑석로3길", "validation_status": "validated", "length_m": 45.028327707569538, "최대경사_pct": 8.4169894651133834, "B등급": "위험", "기준선_근처": true, "계단": false, "급한전환": 0 }, "geometry": { "type": "LineString", "coordinates": [ [ 126.9553205, 37.507649600000022 ], [ 126.9553134, 37.507375400000022 ], [ 126.9553742, 37.5072532 ] ] } },
{ "type": "Feature", "properties": { "u": "6963043036", "v": "4613243829", "key": 0, "highway": "service", "name": "흑석로6길", "validation_status": "validated", "length_m": 203.28863367869783, "최대경사_pct": 10.852105452328416, "B등급": "위험", "기준선_근처": true, "계단": false, "급한전환": 2 }, "geometry": { "type": "LineString", "coordinates": [ [ 126.9547782, 37.5056373 ], [ 126.9552139, 37.5056032 ], [ 126.9558093, 37.5058683 ], [ 126.9560761, 37.5055206 ], [ 126.9566583, 37.5057811 ] ] } },
{ "type": "Feature", "properties": { "u": "6963043036", "v": "4613243835", "key": 0, "highway": "service", "name": "흑석로6길", "validation_status": "unobserved", "length_m": 39.919122172415015, "최대경사_pct": 8.334668728438567, "B등급": "위험", "기준선_근처": true, "계단": false, "급한전환": 0 }, "geometry": { "type": "LineString", "coordinates": [ [ 126.9564339, 37.5060932 ], [ 126.9565551, 37.5059247 ], [ 126.9566583, 37.5057811 ] ] } },
{ "type": "Feature", "properties": { "u": "4613243829", "v": "4613243835", "key": 0, "highway": "service", "name": "흑석로6가길", "validation_status": "validated", "length_m": 174.14886564050758, "최대경사_pct": 9.8870079199657255, "B등급": "위험", "기준선_근처": true, "계단": false, "급한전환": 1 }, "geometry": { "type": "LineString", "coordinates": [ [ 126.9564339, 37.5060932 ], [ 126.956250400000016, 37.5060243 ], [ 126.9556116, 37.5061242 ], [ 126.955417200000014, 37.5060334 ], [ 126.9551809, 37.5059681 ], [ 126.9548789, 37.5058771 ], [ 126.9547782, 37.5056373 ] ] } },
{ "type": "Feature", "properties": { "u": "4613270071", "v": "4613249924", "key": 0, "highway": "residential", "name": "노량진로26길", "validation_status": "validated", "length_m": 53.911647951462058, "최대경사_pct": 5.0520294608153726, "B등급": "양호", "기준선_근처": true, "계단": false, "급한전환": 0 }, "geometry": { "type": "LineString", "coordinates": [ [ 126.954222, 37.5116496 ], [ 126.9542581, 37.5117622 ], [ 126.9543721, 37.5121204 ] ] } },
{ "type": "Feature", "properties": { "u": "4613270071", "v": "4613270067", "key": 0, "highway": "service", "name": "노량진로26길", "validation_status": "unobserved", "length_m": 66.652052632021508, "최대경사_pct": 3.4918662916588392, "B등급": "양호", "기준선_근처": true, "계단": false, "급한전환": 0 }, "geometry": { "type": "LineString", "coordinates": [ [ 126.9550777, 37.511921 ], [ 126.9549643, 37.5119578 ], [ 126.954770499999981, 37.5120261 ], [ 126.9545921, 37.512092 ], [ 126.9543721, 37.5121204 ] ] } },
{ "type": "Feature", "properties": { "u": "8757719538", "v": "4613249931", "key": 0, "highway": "residential", "name": "노량진로28길", "validation_status": "unobserved", "length_m": 58.348741976476475, "최대경사_pct": 4.3963872472185868, "B등급": "양호", "기준선_근처": true, "계단": false, "급한전환": 0 }, "geometry": { "type": "LineString", "coordinates": [ [ 126.9552352, 37.5120982 ], [ 126.954929199999981, 37.512564 ] ] } },
{ "type": "Feature", "properties": { "u": "8757719538", "v": "8757719537", "key": 0, "highway": "footway", "name": null, "validation_status": "unobserved", "length_m": 56.294004955760208, "최대경사_pct": 4.7384918507723066, "B등급": "양호", "기준선_근처": true, "계단": false, "급한전환": 0 }, "geometry": { "type": "LineString", "coordinates": [ [ 126.9554477, 37.5128584 ], [ 126.954929199999981, 37.512564 ] ] } },
{ "type": "Feature", "properties": { "u": "4613249921", "v": "4613249923", "key": 0, "highway": "residential", "name": "노량진로26길", "validation_status": "unobserved", "length_m": 11.482767893773705, "최대경사_pct": 15.239122799343066, "B등급": "위험", "기준선_근처": false, "계단": false, "급한전환": 0 }, "geometry": { "type": "LineString", "coordinates": [ [ 126.9538014, 37.5107589 ], [ 126.95377160000001, 37.5106582 ] ] } },
{ "type": "Feature", "properties": { "u": "4613249923", "v": "4613267682", "key": 0, "highway": "residential", "name": "노량진로26길", "validation_status": "unobserved", "length_m": 82.736703649628268, "최대경사_pct": 11.141017649563018, "B등급": "위험", "기준선_근처": true, "계단": false, "급한전환": 0 }, "geometry": { "type": "LineString", "coordinates": [ [ 126.954156800000021, 37.5114461 ], [ 126.9541034, 37.5112792 ], [ 126.9538014, 37.5107589 ] ] } },
{ "type": "Feature", "properties": { "u": "4613267682", "v": "4613249924", "key": 0, "highway": "residential", "name": "노량진로26길", "validation_status": "validated", "length_m": 23.309917961143366, "최대경사_pct": 10.336227110116827, "B등급": "위험", "기준선_근처": true, "계단": false, "급한전환": 0 }, "geometry": { "type": "LineString", "coordinates": [ [ 126.954222, 37.5116496 ], [ 126.954156800000021, 37.5114461 ] ] } },
{ "type": "Feature", "properties": { "u": "4613267682", "v": "4613267684", "key": 0, "highway": "service", "name": "노량진로26길", "validation_status": "unobserved", "length_m": 82.281159396158387, "최대경사_pct": 21.185022131267576, "B등급": "위험", "기준선_근처": false, "계단": false, "급한전환": 1 }, "geometry": { "type": "LineString", "coordinates": [ [ 126.9544215, 37.5107601 ], [ 126.954227900000021, 37.5114223 ], [ 126.954156800000021, 37.5114461 ] ] } },
{ "type": "Feature", "properties": { "u": "4613249924", "v": "4613270044", "key": 0, "highway": "residential", "name": "노량진로26길", "validation_status": "validated", "length_m": 66.36725742450443, "최대경사_pct": 5.7498674798794216, "B등급": "주의", "기준선_근처": true, "계단": false, "급한전환": 0 }, "geometry": { "type": "LineString", "coordinates": [ [ 126.9548032, 37.5112848 ], [ 126.9545564, 37.5115038 ], [ 126.954222, 37.5116496 ] ] } },
{ "type": "Feature", "properties": { "u": "4613270044", "v": "4613270031", "key": 0, "highway": "residential", "name": "노량진로26길", "validation_status": "validated", "length_m": 13.715433910486718, "최대경사_pct": 8.1319447840766603, "B등급": "주의", "기준선_근처": true, "계단": false, "급한전환": 0 }, "geometry": { "type": "LineString", "coordinates": [ [ 126.9548979, 37.511187 ], [ 126.95481909999998, 37.511270700000011 ], [ 126.9548032, 37.5112848 ] ] } },
{ "type": "Feature", "properties": { "u": "4613270044", "v": "4613270067", "key": 0, "highway": "service", "name": "노량진로28길", "validation_status": "unobserved", "length_m": 85.161529220381141, "최대경사_pct": 4.9899103240676412, "B등급": "양호", "기준선_근처": true, "계단": false, "급한전환": 0 }, "geometry": { "type": "LineString", "coordinates": [ [ 126.9550777, 37.511921 ], [ 126.9551217, 37.5118127 ], [ 126.9551573, 37.5116114 ], [ 126.955097199999983, 37.511486 ], [ 126.9550304, 37.5113995 ], [ 126.9548813, 37.51132 ], [ 126.9548032, 37.5112848 ] ] } },
{ "type": "Feature", "properties": { "u": "4613270035", "v": "4613270056", "key": 0, "highway": "residential", "name": "노량진로26길", "validation_status": "validated", "length_m": 12.90895385446459, "최대경사_pct": 17.445424105389407, "B등급": "위험", "기준선_근처": false, "계단": false, "급한전환": 0 }, "geometry": { "type": "LineString", "coordinates": [ [ 126.9552605, 37.5103698 ], [ 126.9553012, 37.5102581 ] ] } },
{ "type": "Feature", "properties": { "u": "4613270035", "v": "4613270031", "key": 0, "highway": "service", "name": "노량진로26길", "validation_status": "unobserved", "length_m": 137.75265442112149, "최대경사_pct": 13.250488126412776, "B등급": "위험", "기준선_근처": false, "계단": false, "급한전환": 1 }, "geometry": { "type": "LineString", "coordinates": [ [ 126.9548979, 37.511187 ], [ 126.9548041, 37.510907 ], [ 126.954787100000019, 37.5107924 ], [ 126.9550719, 37.510192100000012 ], [ 126.9553012, 37.5102581 ] ] } },
{ "type": "Feature", "properties": { "u": "4613249931", "v": "4613270049", "key": 0, "highway": "residential", "name": "노량진로28길", "validation_status": "unobserved", "length_m": 103.11090305716175, "최대경사_pct": 9.9908438046564143, "B등급": "위험", "기준선_근처": true, "계단": false, "급한전환": 0 }, "geometry": { "type": "LineString", "coordinates": [ [ 126.9559361, 37.5113665 ], [ 126.955869300000018, 37.511482300000026 ], [ 126.955762, 37.5116358 ], [ 126.955452, 37.5118762 ], [ 126.9552352, 37.5120982 ] ] } },
{ "type": "Feature", "properties": { "u": "4613249931", "v": "4613270067", "key": 0, "highway": "service", "name": "노량진로28길", "validation_status": "unobserved", "length_m": 29.564963602196343, "최대경사_pct": 1.060399325208857, "B등급": "양호", "기준선_근처": true, "계단": false, "급한전환": 1 }, "geometry": { "type": "LineString", "coordinates": [ [ 126.9550777, 37.511921 ], [ 126.955059300000016, 37.5119663 ], [ 126.9550727, 37.5120405 ], [ 126.9551395, 37.5120775 ], [ 126.9552352, 37.5120982 ] ] } },
{ "type": "Feature", "properties": { "u": "4613270049", "v": "4613249936", "key": 0, "highway": "residential", "name": "노량진로28길", "validation_status": "unobserved", "length_m": 36.864297749256444, "최대경사_pct": 16.452200452850533, "B등급": "위험", "기준선_근처": false, "계단": false, "급한전환": 0 }, "geometry": { "type": "LineString", "coordinates": [ [ 126.956109400000017, 37.5110644 ], [ 126.9560441, 37.5111791 ], [ 126.9559361, 37.5113665 ] ] } },
{ "type": "Feature", "properties": { "u": "4613270049", "v": "4613270045", "key": 0, "highway": "service", "name": "노량진로28길", "validation_status": "unobserved", "length_m": 104.76477579363278, "최대경사_pct": 0.36625743550327183, "B등급": "양호", "기준선_근처": false, "계단": false, "급한전환": 1 }, "geometry": { "type": "LineString", "coordinates": [ [ 126.9551169, 37.5108158 ], [ 126.9553888, 37.510815 ], [ 126.955520100000015, 37.5110728 ], [ 126.955598100000017, 37.5111717 ], [ 126.9559361, 37.5113665 ] ] } },
{ "type": "Feature", "properties": { "u": "4613249936", "v": "4613270050", "key": 0, "highway": "service", "name": "노량진로28길", "validation_status": "unobserved", "length_m": 9.5868479229432122, "최대경사_pct": 4.0162532681617451, "B등급": "양호", "기준선_근처": true, "계단": false, "급한전환": 0 }, "geometry": { "type": "LineString", "coordinates": [ [ 126.956015, 37.5110219 ], [ 126.956109400000017, 37.5110644 ] ] } },
{ "type": "Feature", "properties": { "u": "4613249936", "v": "4613249938", "key": 0, "highway": "residential", "name": "노량진로28길", "validation_status": "unobserved", "length_m": 80.507172413879829, "최대경사_pct": 20.387263366747089, "B등급": "위험", "기준선_근처": false, "계단": false, "급한전환": 0 }, "geometry": { "type": "LineString", "coordinates": [ [ 126.956694, 37.5105084 ], [ 126.9564102, 37.5107685 ], [ 126.956109400000017, 37.5110644 ] ] } },
{ "type": "Feature", "properties": { "u": "4613270050", "v": "4613270056", "key": 0, "highway": "service", "name": "노량진로26길", "validation_status": "validated", "length_m": 110.71926535146375, "최대경사_pct": 1.3237488653995324, "B등급": "양호", "기준선_근처": true, "계단": false, "급한전환": 1 }, "geometry": { "type": "LineString", "coordinates": [ [ 126.9552605, 37.5103698 ], [ 126.9554273, 37.5105998 ], [ 126.955520799999988, 37.5107358 ], [ 126.955629900000019, 37.51093 ], [ 126.955759, 37.5110466 ], [ 126.95585029999998, 37.511055399999989 ], [ 126.956015, 37.5110219 ] ] } },
{ "type": "Feature", "properties": { "u": "4613249938", "v": "4613249952", "key": 0, "highway": "residential", "name": "노량진로32길", "validation_status": "validated", "length_m": 44.815524505280585, "최대경사_pct": 9.9207056849744166, "B등급": "위험", "기준선_근처": true, "계단": false, "급한전환": 0 }, "geometry": { "type": "LineString", "coordinates": [ [ 126.9568668, 37.5108875 ], [ 126.956759600000012, 37.5106711 ], [ 126.9567293, 37.5105805 ], [ 126.956694, 37.5105084 ] ] } },
{ "type": "Feature", "properties": { "u": "4613249952", "v": "9555870578", "key": 0, "highway": "residential", "name": "노량진로30길", "validation_status": "validated", "length_m": 256.47712340470036, "최대경사_pct": 15.129563131757246, "B등급": "위험", "기준선_근처": false, "계단": false, "급한전환": 0 }, "geometry": { "type": "LineString", "coordinates": [ [ 126.9554861, 37.5127502 ], [ 126.9555473, 37.5125777 ], [ 126.9556639, 37.512154200000019 ], [ 126.955773400000012, 37.5120877 ], [ 126.9559669, 37.511986 ], [ 126.9561278, 37.5118325 ], [ 126.956253700000019, 37.5117381 ], [ 126.9563166, 37.5115162 ], [ 126.9563563, 37.5114071 ], [ 126.9564262, 37.5113535 ], [ 126.956689600000018, 37.5112351 ], [ 126.9567946, 37.5111593 ], [ 126.9568808, 37.5110613 ], [ 126.9568668, 37.5108875 ] ] } },
{ "type": "Feature", "properties": { "u": "4613249952", "v": "4613249965", "key": 0, "highway": "residential", "name": "노량진로32길", "validation_status": "validated", "length_m": 62.300139909709898, "최대경사_pct": 2.9359947143406857, "B등급": "양호", "기준선_근처": true, "계단": false, "급한전환": 0 }, "geometry": { "type": "LineString", "coordinates": [ [ 126.957274400000017, 37.5113379 ], [ 126.9571245, 37.5111206 ], [ 126.9569553, 37.5109986 ], [ 126.9568668, 37.5108875 ] ] } },
{ "type": "Feature", "properties": { "u": "9555870578", "v": "8757719537", "key": 0, "highway": "residential", "name": "노량진로30길", "validation_status": "unobserved", "length_m": 12.479488563513469, "최대경사_pct": 6.7871891324928475, "B등급": "주의", "기준선_근처": true, "계단": false, "급한전환": 0 }, "geometry": { "type": "LineString", "coordinates": [ [ 126.9554477, 37.5128584 ], [ 126.9554861, 37.5127502 ] ] } },
{ "type": "Feature", "properties": { "u": "9555870578", "v": "9555870581", "key": 0, "highway": "service", "name": null, "validation_status": "unobserved", "length_m": 63.944442433017819, "최대경사_pct": 7.8192878219831687, "B등급": "주의", "기준선_근처": true, "계단": false, "급한전환": 0 }, "geometry": { "type": "LineString", "coordinates": [ [ 126.9561909, 37.5126409 ], [ 126.955978099999982, 37.5127019 ], [ 126.9556616, 37.5127472 ], [ 126.9554861, 37.5127502 ] ] } },
{ "type": "Feature", "properties": { "u": "4613249965", "v": "8757719533", "key": 0, "highway": "residential", "name": "노량진로32길", "validation_status": "unobserved", "length_m": 241.93112501568737, "최대경사_pct": 16.201798864345374, "B등급": "위험", "기준선_근처": false, "계단": false, "급한전환": 0 }, "geometry": { "type": "LineString", "coordinates": [ [ 126.9561692, 37.5132224 ], [ 126.9562299, 37.513163499999983 ], [ 126.956339200000016, 37.5128566 ], [ 126.956526, 37.5126703 ], [ 126.9565565, 37.5122682 ], [ 126.9566931, 37.5119093 ], [ 126.95672, 37.5117585 ], [ 126.9568832, 37.5115773 ], [ 126.9571974, 37.511385 ], [ 126.957274400000017, 37.5113379 ] ] } },
{ "type": "Feature", "properties": { "u": "4613249965", "v": "10579158603", "key": 0, "highway": [ "service", "path" ], "name": "노량진로32길", "validation_status": "validated", "length_m": 260.32350111541962, "최대경사_pct": 16.339705340881331, "B등급": "위험", "기준선_근처": false, "계단": false, "급한전환": 6 }, "geometry": { "type": "LineString", "coordinates": [ [ 126.9596109, 37.5116335 ], [ 126.9593421, 37.511595599999985 ], [ 126.959288199999989, 37.5115999 ], [ 126.9591488, 37.5116682 ], [ 126.9591278, 37.5116692 ], [ 126.9589919, 37.5116156 ], [ 126.9589154, 37.511514899999987 ], [ 126.9589001, 37.5114502 ], [ 126.958833699999985, 37.5113622 ], [ 126.9587993, 37.511346 ], [ 126.9587374, 37.5113364 ], [ 126.9586832, 37.511339400000011 ], [ 126.958644300000017, 37.5113389 ], [ 126.9585283, 37.5112969 ], [ 126.95836749999998, 37.5112694 ], [ 126.9579235, 37.511442100000018 ], [ 126.95768630000002, 37.5115298 ], [ 126.957608, 37.511532599999981 ], [ 126.957538400000018, 37.5115039 ], [ 126.9574872, 37.5114398 ], [ 126.957483200000013, 37.5113095 ], [ 126.9574707, 37.5112795 ], [ 126.9574231, 37.5112732 ], [ 126.957359, 37.5112833 ], [ 126.957274400000017, 37.5113379 ] ] } },
{ "type": "Feature", "properties": { "u": "8757719533", "v": "8757719537", "key": 0, "highway": "footway", "name": null, "validation_status": "unobserved", "length_m": 76.232196936474764, "최대경사_pct": 0.14085542569312876, "B등급": "양호", "기준선_근처": false, "계단": false, "급한전환": 0 }, "geometry": { "type": "LineString", "coordinates": [ [ 126.9554477, 37.5128584 ], [ 126.9557146, 37.5130217 ], [ 126.95597140000001, 37.5131662 ], [ 126.95608350000002, 37.5132078 ], [ 126.9561692, 37.5132224 ] ] } },
{ "type": "Feature", "properties": { "u": "8757719533", "v": "5211005698", "key": 0, "highway": "footway", "name": null, "validation_status": "unobserved", "length_m": 29.721236796707501, "최대경사_pct": 3.1015745005116457, "B등급": "양호", "기준선_근처": true, "계단": false, "급한전환": 1 }, "geometry": { "type": "LineString", "coordinates": [ [ 126.9564676, 37.513269300000012 ], [ 126.956452900000016, 37.513251600000032 ], [ 126.9564239, 37.5132167 ], [ 126.9563205, 37.513231 ], [ 126.956247, 37.513231 ], [ 126.9561692, 37.5132224 ] ] } },
{ "type": "Feature", "properties": { "u": "4613270031", "v": "4613270045", "key": 0, "highway": "residential", "name": "노량진로26길", "validation_status": "validated", "length_m": 46.863839766804794, "최대경사_pct": 10.145973287557327, "B등급": "위험", "기준선_근처": true, "계단": false, "급한전환": 0 }, "geometry": { "type": "LineString", "coordinates": [ [ 126.9551169, 37.5108158 ], [ 126.955081800000016, 37.5109917 ], [ 126.9548979, 37.511187 ] ] } },
{ "type": "Feature", "properties": { "u": "4613270045", "v": "4613270056", "key": 0, "highway": "residential", "name": "노량진로26길", "validation_status": "validated", "length_m": 51.176685597994222, "최대경사_pct": 16.142222124529169, "B등급": "위험", "기준선_근처": false, "계단": false, "급한전환": 0 }, "geometry": { "type": "LineString", "coordinates": [ [ 126.9552605, 37.5103698 ], [ 126.9551396, 37.5107021 ], [ 126.9551169, 37.5108158 ] ] } },
{ "type": "Feature", "properties": { "u": "4613274878", "v": "4613385588", "key": 0, "highway": "residential", "name": "노량진로22길", "validation_status": "unobserved", "length_m": 74.393762802387414, "최대경사_pct": 0.16126232156850842, "B등급": "양호", "기준선_근처": false, "계단": false, "급한전환": 0 }, "geometry": { "type": "LineString", "coordinates": [ [ 126.950596, 37.5114705 ], [ 126.95105049999998, 37.5120346 ] ] } },
{ "type": "Feature", "properties": { "u": "4613274878", "v": "8757685951", "key": 0, "highway": "residential", "name": "노량진로22길", "validation_status": "unobserved", "length_m": 65.012280779056809, "최대경사_pct": 0.0, "B등급": "양호", "기준선_근처": false, "계단": false, "급한전환": 0 }, "geometry": { "type": "LineString", "coordinates": [ [ 126.951454, 37.5125243 ], [ 126.95105049999998, 37.5120346 ] ] } },
{ "type": "Feature", "properties": { "u": "4613274878", "v": "4613274881", "key": 0, "highway": "residential", "name": "노량진로18길", "validation_status": "unobserved", "length_m": 99.316066786689689, "최대경사_pct": 0.0, "B등급": "양호", "기준선_근처": false, "계단": false, "급한전환": 0 }, "geometry": { "type": "LineString", "coordinates": [ [ 126.9520587, 37.5123851 ], [ 126.951594600000021, 37.5121593 ], [ 126.951301299999983, 37.5120413 ], [ 126.95105049999998, 37.5120346 ] ] } },
{ "type": "Feature", "properties": { "u": "4613274878", "v": "4613385581", "key": 0, "highway": "residential", "name": "노량진로18길", "validation_status": "unobserved", "length_m": 65.714443333569335, "최대경사_pct": 0.54574666618375367, "B등급": "양호", "기준선_근처": false, "계단": false, "급한전환": 0 }, "geometry": { "type": "LineString", "coordinates": [ [ 126.950394500000016, 37.5122751 ], [ 126.9505701, 37.5121458 ], [ 126.9508379, 37.5120582 ], [ 126.95105049999998, 37.5120346 ] ] } },
{ "type": "Feature", "properties": { "u": "4613385588", "v": "4613387389", "key": 0, "highway": "residential", "name": "노량진로22길", "validation_status": "unobserved", "length_m": 58.088794092543004, "최대경사_pct": 8.3162646878377391, "B등급": "주의", "기준선_근처": true, "계단": false, "급한전환": 0 }, "geometry": { "type": "LineString", "coordinates": [ [ 126.9502525, 37.5110263 ], [ 126.950259800000012, 37.5110533 ], [ 126.9503941, 37.51122 ], [ 126.950596, 37.5114705 ] ] } },
{ "type": "Feature", "properties": { "u": "4613385588", "v": "4613385581", "key": 0, "highway": "service", "name": "노량진로20길", "validation_status": "unobserved", "length_m": 112.36402399722581, "최대경사_pct": 0.21240363793197689, "B등급": "양호", "기준선_근처": false, "계단": false, "급한전환": 3 }, "geometry": { "type": "LineString", "coordinates": [ [ 126.950394500000016, 37.5122751 ], [ 126.9502551, 37.5119031 ], [ 126.9502438, 37.5118597 ], [ 126.9504052, 37.5118401 ], [ 126.950411, 37.5116838 ], [ 126.9504258, 37.511546100000011 ], [ 126.950596, 37.5114705 ] ] } },
{ "type": "Feature", "properties": { "u": "8757685951", "v": "8757685952", "key": 0, "highway": "footway", "name": null, "validation_status": "unobserved", "length_m": 64.995214500445073, "최대경사_pct": 0.0, "B등급": "양호", "기준선_근처": false, "계단": false, "급한전환": 0 }, "geometry": { "type": "LineString", "coordinates": [ [ 126.9507219, 37.512577600000022 ], [ 126.951454, 37.5125243 ] ] } },
{ "type": "Feature", "properties": { "u": "4613385581", "v": "8757685950", "key": 0, "highway": "residential", "name": "노량진로18길", "validation_status": "unobserved", "length_m": 49.371673546419863, "최대경사_pct": 1.5225892110130641, "B등급": "양호", "기준선_근처": true, "계단": false, "급한전환": 0 }, "geometry": { "type": "LineString", "coordinates": [ [ 126.9500095, 37.5125964 ], [ 126.9502173, 37.5124055 ], [ 126.950394500000016, 37.5122751 ] ] } },
{ "type": "Feature", "properties": { "u": "8757685934", "v": "5826295509", "key": 0, "highway": "primary", "name": "노량진로", "validation_status": "unobserved", "length_m": 64.438713692575249, "최대경사_pct": 0.31736995567625831, "B등급": "양호", "기준선_근처": false, "계단": false, "급한전환": 0 }, "geometry": { "type": "LineString", "coordinates": [ [ 126.9500034, 37.51270190000001 ], [ 126.9507319, 37.5126837 ] ] } },
{ "type": "Feature", "properties": { "u": "8757685934", "v": "8757685952", "key": 0, "highway": "footway", "name": null, "validation_status": "unobserved", "length_m": 11.808894610558768, "최대경사_pct": 5.9211894646675018e-15, "B등급": "양호", "기준선_근처": false, "계단": false, "급한전환": 0 }, "geometry": { "type": "LineString", "coordinates": [ [ 126.9507219, 37.512577600000022 ], [ 126.9507319, 37.5126837 ] ] } },
{ "type": "Feature", "properties": { "u": "4613274893", "v": "4613466701", "key": 0, "highway": "residential", "name": "만양로14바길", "validation_status": "unobserved", "length_m": 66.17930274610066, "최대경사_pct": 9.3778101916587673, "B등급": "위험", "기준선_근처": true, "계단": false, "급한전환": 0 }, "geometry": { "type": "LineString", "coordinates": [ [ 126.9469259, 37.5117873 ], [ 126.946671899999984, 37.5123482 ] ] } },
{ "type": "Feature", "properties": { "u": "4613274893", "v": "4613385579", "key": 0, "highway": "residential", "name": "만양로14길", "validation_status": "unobserved", "length_m": 28.228229092900666, "최대경사_pct": 2.2760618768664997, "B등급": "양호", "기준선_근처": true, "계단": false, "급한전환": 0 }, "geometry": { "type": "LineString", "coordinates": [ [ 126.9469734, 37.5124319 ], [ 126.946671899999984, 37.5123482 ] ] } },
{ "type": "Feature", "properties": { "u": "4613466701", "v": "4613385578", "key": 0, "highway": "service", "name": "만양로14아길", "validation_status": "unobserved", "length_m": 30.316539092792581, "최대경사_pct": 1.5277613892624764, "B등급": "양호", "기준선_근처": true, "계단": false, "급한전환": 0 }, "geometry": { "type": "LineString", "coordinates": [ [ 126.9472442, 37.5118889 ], [ 126.9469259, 37.5117873 ] ] } },
{ "type": "Feature", "properties": { "u": "4613466701", "v": "4613466588", "key": 0, "highway": "residential", "name": "만양로14바길", "validation_status": "unobserved", "length_m": 59.937467752714291, "최대경사_pct": 14.925952114778857, "B등급": "위험", "기준선_근처": false, "계단": false, "급한전환": 0 }, "geometry": { "type": "LineString", "coordinates": [ [ 126.9468472, 37.5112722 ], [ 126.946988, 37.5116501 ], [ 126.9469259, 37.5117873 ] ] } },
{ "type": "Feature", "properties": { "u": "4613385579", "v": "4613385578", "key": 0, "highway": "service", "name": "만양로14사길", "validation_status": "unobserved", "length_m": 64.847587261130911, "최대경사_pct": 11.167601611273206, "B등급": "위험", "기준선_근처": true, "계단": false, "급한전환": 0 }, "geometry": { "type": "LineString", "coordinates": [ [ 126.9472442, 37.5118889 ], [ 126.9469734, 37.5124319 ] ] } },
{ "type": "Feature", "properties": { "u": "4613276492", "v": "6590235758", "key": 0, "highway": "residential", "name": "만양로8길", "validation_status": "unobserved", "length_m": 40.24965044420243, "최대경사_pct": 4.0115221216995485, "B등급": "양호", "기준선_근처": true, "계단": false, "급한전환": 0 }, "geometry": { "type": "LineString", "coordinates": [ [ 126.9471043, 37.508865300000011 ], [ 126.9467269, 37.5086625 ] ] } },
{ "type": "Feature", "properties": { "u": "4613276492", "v": "4613276505", "key": 0, "highway": "tertiary", "name": "만양로", "validation_status": "unobserved", "length_m": 31.054155811435383, "최대경사_pct": 6.6817882718940433, "B등급": "주의", "기준선_근처": true, "계단": false, "급한전환": 0 }, "geometry": { "type": "LineString", "coordinates": [ [ 126.9464899, 37.508869 ], [ 126.9467269, 37.5086625 ] ] } },
{ "type": "Feature", "properties": { "u": "4613276492", "v": "4613276500", "key": 0, "highway": "tertiary", "name": "만양로", "validation_status": "unobserved", "length_m": 81.467367151911304, "최대경사_pct": 6.2540695099340917, "B등급": "주의", "기준선_근처": true, "계단": false, "급한전환": 0 }, "geometry": { "type": "LineString", "coordinates": [ [ 126.947356400000018, 37.5081266 ], [ 126.94712, 37.50832 ], [ 126.9467269, 37.5086625 ] ] } },
{ "type": "Feature", "properties": { "u": "6590235758", "v": "4613277152", "key": 0, "highway": "residential", "name": "만양로8길", "validation_status": "unobserved", "length_m": 25.035733572040755, "최대경사_pct": 5.18024272238869, "B등급": "양호", "기준선_근처": true, "계단": false, "급한전환": 0 }, "geometry": { "type": "LineString", "coordinates": [ [ 126.947339, 37.508991500000029 ], [ 126.9471043, 37.508865300000011 ] ] } },
{ "type": "Feature", "properties": { "u": "6590235758", "v": "6590235759", "key": 0, "highway": "service", "name": "만양로6길", "validation_status": "unobserved", "length_m": 34.550546384855721, "최대경사_pct": 6.1112875074956579, "B등급": "주의", "기준선_근처": true, "계단": false, "급한전환": 0 }, "geometry": { "type": "LineString", "coordinates": [ [ 126.946887500000017, 37.5091243 ], [ 126.9471043, 37.508865300000011 ] ] } },
{ "type": "Feature", "properties": { "u": "6590235758", "v": "4613276503", "key": 0, "highway": "service", "name": "만양로6길", "validation_status": "unobserved", "length_m": 79.481880831547528, "최대경사_pct": 7.8998131957390454, "B등급": "주의", "기준선_근처": true, "계단": false, "급한전환": 0 }, "geometry": { "type": "LineString", "coordinates": [ [ 126.9475853, 37.5082603 ], [ 126.9471043, 37.508865300000011 ] ] } },
{ "type": "Feature", "properties": { "u": "4613276505", "v": "4613276504", "key": 0, "highway": "service", "name": "만양로10길", "validation_status": "unobserved", "length_m": 19.540051390096206, "최대경사_pct": 8.7800991888124305, "B등급": "위험", "기준선_근처": true, "계단": false, "급한전환": 0 }, "geometry": { "type": "LineString", "coordinates": [ [ 126.946649600000015, 37.5089907 ], [ 126.9464899, 37.508869 ] ] } },
{ "type": "Feature", "properties": { "u": "4613276500", "v": "4613276503", "key": 0, "highway": "residential", "name": "만양로6길", "validation_status": "unobserved", "length_m": 25.09556929180328, "최대경사_pct": 13.691516516602201, "B등급": "위험", "기준선_근처": false, "계단": false, "급한전환": 0 }, "geometry": { "type": "LineString", "coordinates": [ [ 126.9475853, 37.5082603 ], [ 126.947356400000018, 37.5081266 ] ] } },
{ "type": "Feature", "properties": { "u": "4613276503", "v": "4613277153", "key": 0, "highway": "residential", "name": "만양로8길", "validation_status": "unobserved", "length_m": 26.46114435609989, "최대경사_pct": 1.6103296399421534, "B등급": "양호", "기준선_근처": true, "계단": false, "급한전환": 0 }, "geometry": { "type": "LineString", "coordinates": [ [ 126.9478243, 37.5084038 ], [ 126.9475853, 37.5082603 ] ] } },
{ "type": "Feature", "properties": { "u": "4613277153", "v": "4613277152", "key": 0, "highway": "residential", "name": "만양로8길", "validation_status": "unobserved", "length_m": 78.074803721062992, "최대경사_pct": 6.2318360789446841, "B등급": "주의", "기준선_근처": true, "계단": false, "급한전환": 0 }, "geometry": { "type": "LineString", "coordinates": [ [ 126.947339, 37.508991500000029 ], [ 126.9478243, 37.5084038 ] ] } },
{ "type": "Feature", "properties": { "u": "4613277153", "v": "12056780993", "key": 0, "highway": "service", "name": "만양로8길", "validation_status": "unobserved", "length_m": 12.997143560362927, "최대경사_pct": 5.7932331195248921, "B등급": "주의", "기준선_근처": true, "계단": false, "급한전환": 0 }, "geometry": { "type": "LineString", "coordinates": [ [ 126.9479593, 37.50844080000001 ], [ 126.9479253, 37.5084438 ], [ 126.9478243, 37.5084038 ] ] } },
{ "type": "Feature", "properties": { "u": "4613276504", "v": "6590235759", "key": 0, "highway": "service", "name": null, "validation_status": "unobserved", "length_m": 25.735004919360279, "최대경사_pct": 0.095473616085754998, "B등급": "양호", "기준선_근처": false, "계단": false, "급한전환": 0 }, "geometry": { "type": "LineString", "coordinates": [ [ 126.946887500000017, 37.5091243 ], [ 126.946649600000015, 37.5089907 ] ] } },
{ "type": "Feature", "properties": { "u": "4613276504", "v": "6590235763", "key": 0, "highway": "service", "name": "만양로10길", "validation_status": "unobserved", "length_m": 88.623936818245056, "최대경사_pct": 6.5519034662609803, "B등급": "주의", "기준선_근처": true, "계단": false, "급한전환": 0 }, "geometry": { "type": "LineString", "coordinates": [ [ 126.946508900000012, 37.5097813 ], [ 126.946649600000015, 37.5089907 ] ] } },
{ "type": "Feature", "properties": { "u": "6590235759", "v": "6590235763", "key": 0, "highway": "service", "name": "만양로6길", "validation_status": "unobserved", "length_m": 85.661616615041552, "최대경사_pct": 6.3816650417640313, "B등급": "주의", "기준선_근처": true, "계단": false, "급한전환": 1 }, "geometry": { "type": "LineString", "coordinates": [ [ 126.946508900000012, 37.5097813 ], [ 126.9467167, 37.5096919 ], [ 126.946887500000017, 37.5091243 ] ] } },
{ "type": "Feature", "properties": { "u": "4613277152", "v": "12056781004", "key": 0, "highway": "residential", "name": "만양로8길", "validation_status": "unobserved", "length_m": 151.57875940676146, "최대경사_pct": 5.964451673131121, "B등급": "주의", "기준선_근처": true, "계단": false, "급한전환": 1 }, "geometry": { "type": "LineString", "coordinates": [ [ 126.9465681, 37.5101478 ], [ 126.9466336, 37.5101192 ], [ 126.946922699999988, 37.5098764 ], [ 126.9470417, 37.5096808 ], [ 126.947182, 37.509488600000019 ], [ 126.9473435, 37.5091716 ], [ 126.9473605, 37.509003 ], [ 126.947339, 37.508991500000029 ] ] } },
{ "type": "Feature", "properties": { "u": "12056781004", "v": "12056780993", "key": 0, "highway": "service", "name": null, "validation_status": "unobserved", "length_m": 242.38910102600059, "최대경사_pct": 11.976019569383453, "B등급": "위험", "기준선_근처": true, "계단": false, "급한전환": 1 }, "geometry": { "type": "LineString", "coordinates": [ [ 126.9479593, 37.50844080000001 ], [ 126.9479579, 37.5085494 ], [ 126.9479153, 37.5086413 ], [ 126.9474869, 37.5091243 ], [ 126.947447, 37.509312 ], [ 126.9471688, 37.5096632 ], [ 126.9470074, 37.5099066 ], [ 126.9467485, 37.5101817 ], [ 126.9466878, 37.5101969 ], [ 126.9466302, 37.510188099999986 ], [ 126.9465681, 37.5101478 ] ] } },
{ "type": "Feature", "properties": { "u": "12056780993", "v": "12056780982", "key": 0, "highway": "service", "name": "만양로8길", "validation_status": "unobserved", "length_m": 18.714842515924019, "최대경사_pct": 9.1602030959362324, "B등급": "위험", "기준선_근처": true, "계단": false, "급한전환": 0 }, "geometry": { "type": "LineString", "coordinates": [ [ 126.9481355, 37.5083523 ], [ 126.948053499999986, 37.508405 ], [ 126.9479855, 37.5084385 ], [ 126.9479593, 37.50844080000001 ] ] } },
{ "type": "Feature", "properties": { "u": "4613466700", "v": "4613385578", "key": 0, "highway": "service", "name": "만양로14사길", "validation_status": "unobserved", "length_m": 99.397385237211992, "최대경사_pct": 12.738480632192703, "B등급": "위험", "기준선_근처": true, "계단": false, "급한전환": 1 }, "geometry": { "type": "LineString", "coordinates": [ [ 126.9472442, 37.5118889 ], [ 126.9473602, 37.511526300000014 ], [ 126.9475721, 37.5114913 ], [ 126.9477398, 37.5114283 ], [ 126.947828, 37.5113886 ], [ 126.9478898, 37.5113886 ], [ 126.9479777, 37.5113748 ] ] } },
{ "type": "Feature", "properties": { "u": "8757685950", "v": "5826295509", "key": 0, "highway": "residential", "name": "노량진로18길", "validation_status": "unobserved", "length_m": 11.721573479805514, "최대경사_pct": 4.2509335461194668, "B등급": "양호", "기준선_근처": true, "계단": false, "급한전환": 0 }, "geometry": { "type": "LineString", "coordinates": [ [ 126.9500034, 37.51270190000001 ], [ 126.9500095, 37.5125964 ] ] } },
{ "type": "Feature", "properties": { "u": "8757685950", "v": "8757685949", "key": 0, "highway": "footway", "name": null, "validation_status": "unobserved", "length_m": 52.857927608892162, "최대경사_pct": 7.447710090614593, "B등급": "주의", "기준선_근처": true, "계단": false, "급한전환": 0 }, "geometry": { "type": "LineString", "coordinates": [ [ 126.949417399999987, 37.512662399999989 ], [ 126.9500095, 37.5125964 ] ] } },
{ "type": "Feature", "properties": { "u": "8757685950", "v": "8757685952", "key": 0, "highway": "footway", "name": null, "validation_status": "unobserved", "length_m": 63.018278654786556, "최대경사_pct": 1.3017710685993711, "B등급": "양호", "기준선_근처": true, "계단": false, "급한전환": 0 }, "geometry": { "type": "LineString", "coordinates": [ [ 126.9507219, 37.512577600000022 ], [ 126.9500095, 37.5125964 ] ] } },
{ "type": "Feature", "properties": { "u": "4613387389", "v": "4613387391", "key": 0, "highway": "service", "name": null, "validation_status": "unobserved", "length_m": 29.703990999599888, "최대경사_pct": 13.897598744162412, "B등급": "위험", "기준선_근처": false, "계단": false, "급한전환": 0 }, "geometry": { "type": "LineString", "coordinates": [ [ 126.9499467, 37.5109685 ], [ 126.950038100000015, 37.51103220000001 ], [ 126.9502525, 37.5110263 ] ] } },
{ "type": "Feature", "properties": { "u": "6451784338", "v": "6451784333", "key": 0, "highway": "footway", "name": null, "validation_status": "unobserved", "length_m": 71.511770515115515, "최대경사_pct": 2.7106735561348896, "B등급": "양호", "기준선_근처": true, "계단": false, "급한전환": 0 }, "geometry": { "type": "LineString", "coordinates": [ [ 126.9472525, 37.513225 ], [ 126.946552499999981, 37.5133775 ], [ 126.9464715, 37.5133925 ] ] } },
{ "type": "Feature", "properties": { "u": "4613466584", "v": "4613466588", "key": 0, "highway": "residential", "name": "만양로14바길", "validation_status": "unobserved", "length_m": 78.206280448942834, "최대경사_pct": 0.61743263270253046, "B등급": "양호", "기준선_근처": false, "계단": false, "급한전환": 0 }, "geometry": { "type": "LineString", "coordinates": [ [ 126.9468472, 37.5112722 ], [ 126.9467202, 37.5109314 ], [ 126.9466702, 37.510877700000023 ], [ 126.9466087, 37.5105997 ] ] } },
{ "type": "Feature", "properties": { "u": "12056780980", "v": "12056780912", "key": 0, "highway": "service", "name": null, "validation_status": "unobserved", "length_m": 234.07847477946947, "최대경사_pct": 5.8442842295919206, "B등급": "주의", "기준선_근처": true, "계단": false, "급한전환": 1 }, "geometry": { "type": "LineString", "coordinates": [ [ 126.9487686, 37.5089548 ], [ 126.9486426, 37.5089487 ], [ 126.9485637, 37.5089565 ], [ 126.948514300000014, 37.5089813 ], [ 126.9483835, 37.5091334 ], [ 126.9481832, 37.509579 ], [ 126.9481103, 37.5096754 ], [ 126.9477902, 37.510002 ], [ 126.947654700000015, 37.5100943 ], [ 126.947338599999981, 37.510444800000016 ], [ 126.9472751, 37.5105442 ], [ 126.947260199999988, 37.5105706 ] ] } },
{ "type": "Feature", "properties": { "u": "12056780980", "v": "12056780912", "key": 1, "highway": "service", "name": null, "validation_status": "unobserved", "length_m": 261.16242998492709, "최대경사_pct": 14.15572640434622, "B등급": "위험", "기준선_근처": false, "계단": false, "급한전환": 0 }, "geometry": { "type": "LineString", "coordinates": [ [ 126.9487686, 37.5089548 ], [ 126.9487042, 37.5091609 ], [ 126.9486629, 37.50927870000001 ], [ 126.9485673, 37.5094689 ], [ 126.94838, 37.5096883 ], [ 126.9483071, 37.5098759 ], [ 126.9482176, 37.5103558 ], [ 126.9480091, 37.5105558 ], [ 126.947412899999989, 37.5106118 ], [ 126.947260199999988, 37.5105706 ] ] } },
{ "type": "Feature", "properties": { "u": "4621469171", "v": "4621471097", "key": 0, "highway": "steps", "name": null, "validation_status": "unobserved", "length_m": 26.163889312411406, "최대경사_pct": 21.242329709856946, "B등급": "위험", "기준선_근처": false, "계단": true, "급한전환": 0 }, "geometry": { "type": "LineString", "coordinates": [ [ 126.9510725, 37.5015005 ], [ 126.9508288, 37.501366800000014 ] ] } },
{ "type": "Feature", "properties": { "u": "4621469171", "v": "6963036776", "key": 0, "highway": "service", "name": "상도로47마길", "validation_status": "unobserved", "length_m": 40.399276991760431, "최대경사_pct": 1.9233174066937764, "B등급": "양호", "기준선_근처": true, "계단": false, "급한전환": 0 }, "geometry": { "type": "LineString", "coordinates": [ [ 126.9511004, 37.501074100000018 ], [ 126.9508288, 37.501366800000014 ] ] } },
{ "type": "Feature", "properties": { "u": "4621471097", "v": "4621471093", "key": 2, "highway": "service", "name": "상도로47라길", "validation_status": "unobserved", "length_m": 70.735307497538699, "최대경사_pct": 0.37840324497101635, "B등급": "양호", "기준선_근처": false, "계단": false, "급한전환": 2 }, "geometry": { "type": "LineString", "coordinates": [ [ 126.9510725, 37.5015005 ], [ 126.9509857, 37.5016478 ], [ 126.9510394, 37.5016967 ], [ 126.951389400000011, 37.5017446 ], [ 126.951500700000011, 37.501654100000025 ] ] } },
{ "type": "Feature", "properties": { "u": "4621471097", "v": "4621471093", "key": 3, "highway": "service", "name": "상도로47라길", "validation_status": "unobserved", "length_m": 63.956894911911768, "최대경사_pct": 0.41850796427745485, "B등급": "양호", "기준선_근처": false, "계단": false, "급한전환": 2 }, "geometry": { "type": "LineString", "coordinates": [ [ 126.9510725, 37.5015005 ], [ 126.9511909, 37.5014286 ], [ 126.9512687, 37.5014073 ], [ 126.951561, 37.5015453 ], [ 126.951546300000018, 37.501602 ], [ 126.951500700000011, 37.501654100000025 ] ] } },
{ "type": "Feature", "properties": { "u": "6963036776", "v": "4621471426", "key": 0, "highway": "service", "name": "상도로47가길", "validation_status": "unobserved", "length_m": 16.391088372322134, "최대경사_pct": 11.719946252052555, "B등급": "위험", "기준선_근처": true, "계단": false, "급한전환": 0 }, "geometry": { "type": "LineString", "coordinates": [ [ 126.9512519, 37.5011592 ], [ 126.9511004, 37.501074100000018 ] ] } },
{ "type": "Feature", "properties": { "u": "10708858400", "v": "4621478353", "key": 0, "highway": "service", "name": "상도로39길", "validation_status": "unobserved", "length_m": 148.13012242875683, "최대경사_pct": 4.6431024132127199, "B등급": "양호", "기준선_근처": true, "계단": false, "급한전환": 3 }, "geometry": { "type": "LineString", "coordinates": [ [ 126.9490524, 37.5028891 ], [ 126.9488603, 37.503114100000019 ], [ 126.948858799999982, 37.5031773 ], [ 126.9488834, 37.5032221 ], [ 126.9490473, 37.5033056 ], [ 126.9491358, 37.5033561 ], [ 126.9492526, 37.5033814 ], [ 126.9493694, 37.5032747 ], [ 126.949457800000019, 37.5032073 ], [ 126.9498684, 37.5030276 ] ] } },
{ "type": "Feature", "properties": { "u": "4626938545", "v": "4621478353", "key": 0, "highway": "service", "name": "상도로39길", "validation_status": "unobserved", "length_m": 29.63717517999903, "최대경사_pct": 17.445061658656016, "B등급": "위험", "기준선_근처": false, "계단": false, "급한전환": 0 }, "geometry": { "type": "LineString", "coordinates": [ [ 126.9490524, 37.5028891 ], [ 126.9487751, 37.5027391 ] ] } },
{ "type": "Feature", "properties": { "u": "4621486053", "v": "13005891938", "key": 0, "highway": "service", "name": "상도로47아길", "validation_status": "unobserved", "length_m": 19.66069934064744, "최대경사_pct": 10.769523761062025, "B등급": "위험", "기준선_근처": true, "계단": false, "급한전환": 0 }, "geometry": { "type": "LineString", "coordinates": [ [ 126.952559899999983, 37.5044526 ], [ 126.9526029, 37.5042788 ] ] } },
{ "type": "Feature", "properties": { "u": "13005797931", "v": "13005797934", "key": 0, "highway": "service", "name": "상도로47아길", "validation_status": "unobserved", "length_m": 28.703799508416637, "최대경사_pct": 6.047646531695297, "B등급": "주의", "기준선_근처": true, "계단": false, "급한전환": 1 }, "geometry": { "type": "LineString", "coordinates": [ [ 126.9528697, 37.5035392 ], [ 126.952879399999986, 37.5036586 ], [ 126.9527088, 37.5036296 ] ] } },
{ "type": "Feature", "properties": { "u": "4621488496", "v": "4621488501", "key": 0, "highway": "service", "name": "강남초등6길", "validation_status": "validated", "length_m": 72.614970537566919, "최대경사_pct": 1.4202126361687997, "B등급": "양호", "기준선_근처": true, "계단": false, "급한전환": 0 }, "geometry": { "type": "LineString", "coordinates": [ [ 126.9514481, 37.5054243 ], [ 126.9522638, 37.5055003 ] ] } },
{ "type": "Feature", "properties": { "u": "4621493613", "v": "4621493616", "key": 0, "highway": "service", "name": "매봉로4길", "validation_status": "validated", "length_m": 63.660853467996994, "최대경사_pct": 12.244170640147784, "B등급": "위험", "기준선_근처": true, "계단": false, "급한전환": 0 }, "geometry": { "type": "LineString", "coordinates": [ [ 126.9529125, 37.5082008 ], [ 126.9523187, 37.5078764 ] ] } },
{ "type": "Feature", "properties": { "u": "4621493613", "v": "8483284778", "key": 0, "highway": "service", "name": null, "validation_status": "validated", "length_m": 21.903279558150324, "최대경사_pct": 8.2231583231622558, "B등급": "주의", "기준선_근처": true, "계단": false, "급한전환": 0 }, "geometry": { "type": "LineString", "coordinates": [ [ 126.952292, 37.5076802 ], [ 126.9523187, 37.5078764 ] ] } },
{ "type": "Feature", "properties": { "u": "4621493616", "v": "8483284777", "key": 0, "highway": "service", "name": "매봉로4가길", "validation_status": "unobserved", "length_m": 75.94993816856821, "최대경사_pct": 6.2828678998177097, "B등급": "주의", "기준선_근처": true, "계단": false, "급한전환": 0 }, "geometry": { "type": "LineString", "coordinates": [ [ 126.9535686, 37.5077591 ], [ 126.9529125, 37.5082008 ] ] } },
{ "type": "Feature", "properties": { "u": "4621493616", "v": "4621493615", "key": 0, "highway": "service", "name": "매봉로4길", "validation_status": "validated", "length_m": 35.929153276257352, "최대경사_pct": 20.675949248095026, "B등급": "위험", "기준선_근처": false, "계단": false, "급한전환": 1 }, "geometry": { "type": "LineString", "coordinates": [ [ 126.953009900000012, 37.5084671 ], [ 126.95305, 37.508283200000015 ], [ 126.9529125, 37.5082008 ] ] } },
{ "type": "Feature", "properties": { "u": "8483284778", "v": "8483284777", "key": 0, "highway": "service", "name": null, "validation_status": "unobserved", "length_m": 113.21150396918325, "최대경사_pct": 3.3378794031993468, "B등급": "양호", "기준선_근처": true, "계단": false, "급한전환": 0 }, "geometry": { "type": "LineString", "coordinates": [ [ 126.9535686, 37.5077591 ], [ 126.952292, 37.5076802 ] ] } },
{ "type": "Feature", "properties": { "u": "8483284777", "v": "4621493641", "key": 0, "highway": "service", "name": "매봉로4가길", "validation_status": "unobserved", "length_m": 47.450804531540754, "최대경사_pct": 2.8295954675162704, "B등급": "양호", "기준선_근처": true, "계단": false, "급한전환": 1 }, "geometry": { "type": "LineString", "coordinates": [ [ 126.953783900000019, 37.5074098 ], [ 126.953761600000021, 37.5076455 ], [ 126.9535686, 37.5077591 ] ] } },
{ "type": "Feature", "properties": { "u": "4621493618", "v": "4621493641", "key": 0, "highway": "service", "name": "매봉로4가길", "validation_status": "unobserved", "length_m": 62.920147268940219, "최대경사_pct": 1.2843843564709938, "B등급": "양호", "기준선_근처": true, "계단": false, "급한전환": 0 }, "geometry": { "type": "LineString", "coordinates": [ [ 126.953783900000019, 37.5074098 ], [ 126.953817, 37.5068435 ] ] } },
{ "type": "Feature", "properties": { "u": "4621493618", "v": "4621493619", "key": 0, "highway": "service", "name": "매봉로4가길", "validation_status": "unobserved", "length_m": 20.053092046578747, "최대경사_pct": 14.152219961471909, "B등급": "위험", "기준선_근처": false, "계단": false, "급한전환": 0 }, "geometry": { "type": "LineString", "coordinates": [ [ 126.953590199999979, 37.5068438 ], [ 126.953817, 37.5068435 ] ] } },
{ "type": "Feature", "properties": { "u": "4621493641", "v": "4621493642", "key": 0, "highway": "service", "name": "매봉로2길", "validation_status": "unobserved", "length_m": 47.544997915571862, "최대경사_pct": 8.0827935920288745, "B등급": "주의", "기준선_근처": true, "계단": false, "급한전환": 0 }, "geometry": { "type": "LineString", "coordinates": [ [ 126.95325050000001, 37.5073555 ], [ 126.953783900000019, 37.5074098 ] ] } },
{ "type": "Feature", "properties": { "u": "4621493642", "v": "4621493643", "key": 0, "highway": "service", "name": "매봉로2길", "validation_status": "validated", "length_m": 74.869531505215406, "최대경사_pct": 9.5963174725585194, "B등급": "위험", "기준선_근처": true, "계단": false, "급한전환": 0 }, "geometry": { "type": "LineString", "coordinates": [ [ 126.953315300000014, 37.5066829 ], [ 126.95325050000001, 37.5073555 ] ] } },
{ "type": "Feature", "properties": { "u": "10265961199", "v": "4621496734", "key": 0, "highway": "service", "name": "만양로2길", "validation_status": "unobserved", "length_m": 25.458964273550013, "최대경사_pct": 7.7841590368451579, "B등급": "주의", "기준선_근처": true, "계단": false, "급한전환": 0 }, "geometry": { "type": "LineString", "coordinates": [ [ 126.9499128, 37.5067627 ], [ 126.9497024, 37.5066061 ] ] } },
{ "type": "Feature", "properties": { "u": "10265961199", "v": "10265961200", "key": 0, "highway": "service", "name": null, "validation_status": "unobserved", "length_m": 48.298288355076266, "최대경사_pct": 0.62975919583898587, "B등급": "양호", "기준선_근처": false, "계단": false, "급한전환": 0 }, "geometry": { "type": "LineString", "coordinates": [ [ 126.9499686, 37.5062261 ], [ 126.9497024, 37.5066061 ] ] } },
{ "type": "Feature", "properties": { "u": "7252276597", "v": "7252276600", "key": 0, "highway": "service", "name": null, "validation_status": "unobserved", "length_m": 7.4295659350145309, "최대경사_pct": 1.3526715681645858, "B등급": "양호", "기준선_근처": true, "계단": false, "급한전환": 0 }, "geometry": { "type": "LineString", "coordinates": [ [ 126.947073500000016, 37.5051752 ], [ 126.947030900000016, 37.505232900000017 ] ] } },
{ "type": "Feature", "properties": { "u": "7252276597", "v": "7252276596", "key": 0, "highway": "service", "name": null, "validation_status": "unobserved", "length_m": 36.077805591729266, "최대경사_pct": 0.55886787231373825, "B등급": "양호", "기준선_근처": false, "계단": false, "급한전환": 0 }, "geometry": { "type": "LineString", "coordinates": [ [ 126.946655, 37.5053544 ], [ 126.9469267, 37.5052517 ], [ 126.9470007, 37.505234699999974 ], [ 126.947030900000016, 37.505232900000017 ] ] } },
{ "type": "Feature", "properties": { "u": "10265961155", "v": "10265961154", "key": 0, "highway": "service", "name": "상도로", "validation_status": "unobserved", "length_m": 1.736324085995671, "최대경사_pct": 7.2624181473187237, "B등급": "주의", "기준선_근처": true, "계단": false, "급한전환": 0 }, "geometry": { "type": "LineString", "coordinates": [ [ 126.9478883, 37.5038191 ], [ 126.9478715, 37.503811 ] ] } },
{ "type": "Feature", "properties": { "u": "4621505856", "v": "4621505861", "key": 0, "highway": "service", "name": "양녕로36길", "validation_status": "unobserved", "length_m": 39.083967788702601, "최대경사_pct": 11.322814188407229, "B등급": "위험", "기준선_근처": true, "계단": false, "급한전환": 0 }, "geometry": { "type": "LineString", "coordinates": [ [ 126.9468937, 37.5018916 ], [ 126.9470464, 37.5019553 ], [ 126.9472009, 37.5019637 ], [ 126.9473049, 37.501925 ] ] } },
{ "type": "Feature", "properties": { "u": "4621505856", "v": "13255700963", "key": 0, "highway": "service", "name": null, "validation_status": "unobserved", "length_m": 124.27729175561183, "최대경사_pct": 12.777782412679972, "B등급": "위험", "기준선_근처": true, "계단": false, "급한전환": 2 }, "geometry": { "type": "LineString", "coordinates": [ [ 126.9481571, 37.501212299999985 ], [ 126.9481472, 37.5012147 ], [ 126.948091600000012, 37.5012087 ], [ 126.948035799999985, 37.501194100000014 ], [ 126.947981199999987, 37.501197 ], [ 126.9479371, 37.5012202 ], [ 126.947805099999982, 37.5015528 ], [ 126.9477608, 37.5015942 ], [ 126.9477125, 37.5016242 ], [ 126.94763810000002, 37.5016431 ], [ 126.9475555, 37.5016465 ], [ 126.9475001, 37.5016615 ], [ 126.9474674, 37.5016861 ], [ 126.9473049, 37.501925 ] ] } },
{ "type": "Feature", "properties": { "u": "4621505861", "v": "4621505858", "key": 0, "highway": "service", "name": "양녕로36길", "validation_status": "unobserved", "length_m": 56.089686471835449, "최대경사_pct": 4.0998419441021028, "B등급": "양호", "기준선_근처": true, "계단": false, "급한전환": 0 }, "geometry": { "type": "LineString", "coordinates": [ [ 126.9464571, 37.5022465 ], [ 126.946528, 37.5022229 ], [ 126.9465949, 37.5021789 ], [ 126.9466344, 37.5021377 ], [ 126.9467409, 37.5020202 ], [ 126.946780700000019, 37.5019989 ], [ 126.9468937, 37.5018916 ] ] } },
{ "type": "Feature", "properties": { "u": "13255700963", "v": "13255700967", "key": 0, "highway": [ "service", "steps" ], "name": null, "validation_status": "unobserved", "length_m": 40.018413810314996, "최대경사_pct": 3.9000111875759558, "B등급": "양호", "기준선_근처": true, "계단": true, "급한전환": 1 }, "geometry": { "type": "LineString", "coordinates": [ [ 126.9480005, 37.5015333 ], [ 126.948051600000014, 37.5014336 ], [ 126.948172899999989, 37.5012897 ], [ 126.9481761, 37.5012692 ], [ 126.9481571, 37.501212299999985 ] ] } },
{ "type": "Feature", "properties": { "u": "4621509675", "v": "10154131882", "key": 0, "highway": "service", "name": "상도로38길", "validation_status": "unobserved", "length_m": 60.592754449117791, "최대경사_pct": 9.5940415608745013, "B등급": "위험", "기준선_근처": true, "계단": false, "급한전환": 0 }, "geometry": { "type": "LineString", "coordinates": [ [ 126.949212499999987, 37.5007844 ], [ 126.9487898, 37.5012141 ] ] } },
{ "type": "Feature", "properties": { "u": "10154131882", "v": "4621509678", "key": 0, "highway": "service", "name": "상도로38길", "validation_status": "unobserved", "length_m": 52.221303108841106, "최대경사_pct": 0.26973294333043185, "B등급": "양호", "기준선_근처": false, "계단": false, "급한전환": 0 }, "geometry": { "type": "LineString", "coordinates": [ [ 126.949559900000011, 37.5004039 ], [ 126.949212499999987, 37.5007844 ] ] } },
{ "type": "Feature", "properties": { "u": "10154131882", "v": "10154131884", "key": 0, "highway": "service", "name": null, "validation_status": "unobserved", "length_m": 17.274616073858837, "최대경사_pct": 12.423339251808562, "B등급": "위험", "기준선_근처": true, "계단": false, "급한전환": 0 }, "geometry": { "type": "LineString", "coordinates": [ [ 126.949048600000012, 37.5006997 ], [ 126.949212499999987, 37.5007844 ] ] } },
{ "type": "Feature", "properties": { "u": "4697324250", "v": "4697324251", "key": 0, "highway": "service", "name": null, "validation_status": "unobserved", "length_m": 57.974694894977446, "최대경사_pct": 3.3246181123487282, "B등급": "양호", "기준선_근처": true, "계단": false, "급한전환": 0 }, "geometry": { "type": "LineString", "coordinates": [ [ 126.963396900000021, 37.5015382 ], [ 126.962755500000014, 37.501429900000026 ] ] } },
{ "type": "Feature", "properties": { "u": "4697324250", "v": "4697324244", "key": 0, "highway": "service", "name": null, "validation_status": "unobserved", "length_m": 106.19839466413596, "최대경사_pct": 12.296490367637965, "B등급": "위험", "기준선_근처": true, "계단": false, "급한전환": 2 }, "geometry": { "type": "LineString", "coordinates": [ [ 126.9636652, 37.501211500000011 ], [ 126.9636128, 37.5012848 ], [ 126.9628529, 37.5011832 ], [ 126.962755500000014, 37.501429900000026 ] ] } },
{ "type": "Feature", "properties": { "u": "4697324244", "v": "4697324245", "key": 0, "highway": "service", "name": null, "validation_status": "unobserved", "length_m": 15.326276528028705, "최대경사_pct": 16.666666666666664, "B등급": "위험", "기준선_근처": false, "계단": false, "급한전환": 0 }, "geometry": { "type": "LineString", "coordinates": [ [ 126.963530700000021, 37.5011244 ], [ 126.9636652, 37.501211500000011 ] ] } },
{ "type": "Feature", "properties": { "u": "4697324245", "v": "4697324247", "key": 0, "highway": "service", "name": null, "validation_status": "unobserved", "length_m": 40.582509826413336, "최대경사_pct": 6.7125842532401707, "B등급": "주의", "기준선_근처": true, "계단": false, "급한전환": 0 }, "geometry": { "type": "LineString", "coordinates": [ [ 126.9630824, 37.5011094 ], [ 126.963464, 37.5011499 ], [ 126.963530700000021, 37.5011244 ] ] } },
{ "type": "Feature", "properties": { "u": "4697324245", "v": "4697324249", "key": 0, "highway": "service", "name": null, "validation_status": "unobserved", "length_m": 34.353711739304728, "최대경사_pct": 0.0, "B등급": "양호", "기준선_근처": false, "계단": false, "급한전환": 1 }, "geometry": { "type": "LineString", "coordinates": [ [ 126.963203799999988, 37.5010158 ], [ 126.963500200000013, 37.5010594 ], [ 126.963530700000021, 37.5011244 ] ] } },
{ "type": "Feature", "properties": { "u": "5215341513", "v": "6964092877", "key": 0, "highway": "footway", "name": null, "validation_status": "validated", "length_m": 522.980323065015, "최대경사_pct": 7.2094620998991692, "B등급": "주의", "기준선_근처": true, "계단": false, "급한전환": 0 }, "geometry": { "type": "LineString", "coordinates": [ [ 126.9621734, 37.5108909 ], [ 126.9614962, 37.5115058 ], [ 126.961367399999986, 37.5115909 ], [ 126.960441499999988, 37.512016 ], [ 126.9588193, 37.5124547 ], [ 126.9584827, 37.5125887 ], [ 126.958258, 37.5127093 ], [ 126.95715749999998, 37.5132486 ] ] } },
{ "type": "Feature", "properties": { "u": "6964092877", "v": "6964092883", "key": 0, "highway": "footway", "name": null, "validation_status": "validated", "length_m": 123.82632100313496, "최대경사_pct": 17.277280590472213, "B등급": "위험", "기준선_근처": false, "계단": false, "급한전환": 0 }, "geometry": { "type": "LineString", "coordinates": [ [ 126.962935200000018, 37.5099547 ], [ 126.9621734, 37.5108909 ] ] } },
{ "type": "Feature", "properties": { "u": "6964092877", "v": "6964092879", "key": 0, "highway": "steps", "name": null, "validation_status": "unobserved", "length_m": 102.9484296307171, "최대경사_pct": 4.4986356864418191, "B등급": "양호", "기준선_근처": true, "계단": true, "급한전환": 1 }, "geometry": { "type": "LineString", "coordinates": [ [ 126.9630371, 37.5103292 ], [ 126.9629099, 37.5105387 ], [ 126.9625811, 37.5106271 ], [ 126.9621734, 37.5108909 ] ] } },
{ "type": "Feature", "properties": { "u": "5406793607", "v": "5406793610", "key": 0, "highway": "path", "name": "동작충효길", "validation_status": "unobserved", "length_m": 35.487127009843299, "최대경사_pct": 11.517472167212523, "B등급": "위험", "기준선_근처": true, "계단": false, "급한전환": 0 }, "geometry": { "type": "LineString", "coordinates": [ [ 126.961839, 37.497259900000024 ], [ 126.9620159, 37.496972899999989 ] ] } },
{ "type": "Feature", "properties": { "u": "5406793607", "v": "5406793610", "key": 1, "highway": "path", "name": "동작충효길", "validation_status": "unobserved", "length_m": 61.730801726176573, "최대경사_pct": 8.9245842570294993, "B등급": "위험", "기준선_근처": true, "계단": false, "급한전환": 1 }, "geometry": { "type": "LineString", "coordinates": [ [ 126.961839, 37.497259900000024 ], [ 126.9616447, 37.49707020000001 ], [ 126.9620159, 37.496972899999989 ] ] } },
{ "type": "Feature", "properties": { "u": "5406793607", "v": "8761605856", "key": 0, "highway": "path", "name": "동작충효길", "validation_status": "unobserved", "length_m": 29.409997057767992, "최대경사_pct": 15.8758295468859, "B등급": "위험", "기준선_근처": false, "계단": false, "급한전환": 0 }, "geometry": { "type": "LineString", "coordinates": [ [ 126.962196300000016, 37.49675220000001 ], [ 126.962168, 37.4968093 ], [ 126.9620159, 37.496972899999989 ] ] } },
{ "type": "Feature", "properties": { "u": "5406793610", "v": "5406793613", "key": 0, "highway": "path", "name": "동작충효길", "validation_status": "unobserved", "length_m": 61.914758459692152, "최대경사_pct": 12.577599904357292, "B등급": "위험", "기준선_근처": true, "계단": false, "급한전환": 0 }, "geometry": { "type": "LineString", "coordinates": [ [ 126.9622136, 37.4977212 ], [ 126.9621328, 37.497538600000013 ], [ 126.9619939, 37.4973958 ], [ 126.961894199999989, 37.4973083 ], [ 126.961839, 37.497259900000024 ] ] } },
{ "type": "Feature", "properties": { "u": "8761605856", "v": "8761605867", "key": 0, "highway": "path", "name": "동작충효길", "validation_status": "unobserved", "length_m": 190.15722026772832, "최대경사_pct": 16.135643963885951, "B등급": "위험", "기준선_근처": false, "계단": false, "급한전환": 1 }, "geometry": { "type": "LineString", "coordinates": [ [ 126.96099580000002, 37.4979114 ], [ 126.961069, 37.4978727 ], [ 126.961174700000015, 37.497734 ], [ 126.961256, 37.4972663 ], [ 126.961256, 37.497105 ], [ 126.9612844, 37.4970534 ], [ 126.96135360000001, 37.4970115 ], [ 126.961455200000017, 37.496963099999988 ], [ 126.961637300000021, 37.496909 ], [ 126.961971600000012, 37.496816100000018 ], [ 126.9621164, 37.4967831 ], [ 126.962196300000016, 37.49675220000001 ] ] } },
{ "type": "Feature", "properties": { "u": "5406793613", "v": "8761605867", "key": 0, "highway": "path", "name": "동작충효길", "validation_status": "unobserved", "length_m": 124.93333775574328, "최대경사_pct": 14.075266890574623, "B등급": "위험", "기준선_근처": false, "계단": false, "급한전환": 1 }, "geometry": { "type": "LineString", "coordinates": [ [ 126.96099580000002, 37.4979114 ], [ 126.9615853, 37.497937199999981 ], [ 126.9617764, 37.497959800000011 ], [ 126.962075700000014, 37.4979304 ], [ 126.962182299999981, 37.4978832 ], [ 126.9622136, 37.4977212 ] ] } },
{ "type": "Feature", "properties": { "u": "8761605867", "v": "8857857341", "key": 0, "highway": "path", "name": "동작충효길", "validation_status": "unobserved", "length_m": 76.62239156367896, "최대경사_pct": 24.79310344789133, "B등급": "위험", "기준선_근처": false, "계단": false, "급한전환": 0 }, "geometry": { "type": "LineString", "coordinates": [ [ 126.9602067, 37.4981554 ], [ 126.9604754, 37.4980114 ], [ 126.9607763, 37.4979178 ], [ 126.96099580000002, 37.4979114 ] ] } },
{ "type": "Feature", "properties": { "u": "8757685938", "v": "5826295509", "key": 0, "highway": "busway", "name": "노량진로", "validation_status": "unobserved", "length_m": 50.052413279960149, "최대경사_pct": 7.8038809080704876, "B등급": "주의", "기준선_근처": true, "계단": false, "급한전환": 0 }, "geometry": { "type": "LineString", "coordinates": [ [ 126.9500034, 37.51270190000001 ], [ 126.949455, 37.5128139 ] ] } },
{ "type": "Feature", "properties": { "u": "6451784333", "v": "6451784334", "key": 0, "highway": "service", "name": "노량진로", "validation_status": "unobserved", "length_m": 39.714864745457639, "최대경사_pct": 1.470123426733571, "B등급": "양호", "기준선_근처": true, "계단": false, "급한전환": 0 }, "geometry": { "type": "LineString", "coordinates": [ [ 126.947122, 37.512882600000047 ], [ 126.9472525, 37.513225 ] ] } },
{ "type": "Feature", "properties": { "u": "6451784333", "v": "8323580268", "key": 0, "highway": "footway", "name": null, "validation_status": "unobserved", "length_m": 31.51305216685169, "최대경사_pct": 4.8778489348965985, "B등급": "양호", "기준선_근처": true, "계단": false, "급한전환": 0 }, "geometry": { "type": "LineString", "coordinates": [ [ 126.9475763, 37.5131063 ], [ 126.9472525, 37.513225 ] ] } },
{ "type": "Feature", "properties": { "u": "8323580268", "v": "8323580266", "key": 0, "highway": "footway", "name": null, "validation_status": "unobserved", "length_m": 18.365751744093995, "최대경사_pct": 3.457830406913847, "B등급": "양호", "기준선_근처": true, "계단": false, "급한전환": 0 }, "geometry": { "type": "LineString", "coordinates": [ [ 126.9477757, 37.5130599 ], [ 126.9475763, 37.5131063 ] ] } },
{ "type": "Feature", "properties": { "u": "8323580268", "v": "8323580270", "key": 0, "highway": "steps", "name": null, "validation_status": "unobserved", "length_m": 13.238095490006865, "최대경사_pct": 4.3731313809362797, "B등급": "양호", "기준선_근처": true, "계단": true, "급한전환": 1 }, "geometry": { "type": "LineString", "coordinates": [ [ 126.947706900000014, 37.5130954 ], [ 126.9475821, 37.513122 ], [ 126.9475763, 37.5131063 ] ] } },
{ "type": "Feature", "properties": { "u": "8323580266", "v": "8323580270", "key": 0, "highway": "steps", "name": null, "validation_status": "unobserved", "length_m": 8.7491419087723035, "최대경사_pct": 1.8503138233939251, "B등급": "양호", "기준선_근처": true, "계단": true, "급한전환": 0 }, "geometry": { "type": "LineString", "coordinates": [ [ 126.947706900000014, 37.5130954 ], [ 126.9477819, 37.5130747 ], [ 126.9477757, 37.5130599 ] ] } },
{ "type": "Feature", "properties": { "u": "6964092883", "v": "6964092882", "key": 0, "highway": "steps", "name": null, "validation_status": "unobserved", "length_m": 22.759341290992342, "최대경사_pct": 3.406432169783618, "B등급": "양호", "기준선_근처": true, "계단": true, "급한전환": 0 }, "geometry": { "type": "LineString", "coordinates": [ [ 126.963117600000018, 37.5100994 ], [ 126.962935200000018, 37.5099547 ] ] } },
{ "type": "Feature", "properties": { "u": "6964092883", "v": "6964093585", "key": 0, "highway": "footway", "name": null, "validation_status": "validated", "length_m": 48.474851914549305, "최대경사_pct": 5.9328292821153132, "B등급": "주의", "기준선_근처": true, "계단": false, "급한전환": 0 }, "geometry": { "type": "LineString", "coordinates": [ [ 126.963234, 37.5095885 ], [ 126.962935200000018, 37.5099547 ] ] } },
{ "type": "Feature", "properties": { "u": "6964092879", "v": "6964092882", "key": 0, "highway": "steps", "name": null, "validation_status": "unobserved", "length_m": 26.479312478518469, "최대경사_pct": 41.217359344071639, "B등급": "위험", "기준선_근처": false, "계단": true, "급한전환": 0 }, "geometry": { "type": "LineString", "coordinates": [ [ 126.963117600000018, 37.5100994 ], [ 126.9630371, 37.5103292 ] ] } },
{ "type": "Feature", "properties": { "u": "6964092879", "v": "6964092882", "key": 1, "highway": "steps", "name": null, "validation_status": "unobserved", "length_m": 91.533357911109661, "최대경사_pct": 17.891264360569895, "B등급": "위험", "기준선_근처": false, "계단": true, "급한전환": 2 }, "geometry": { "type": "LineString", "coordinates": [ [ 126.963117600000018, 37.5100994 ], [ 126.963509200000018, 37.510342 ], [ 126.963359, 37.5104356 ], [ 126.9630371, 37.5103292 ] ] } },
{ "type": "Feature", "properties": { "u": "6964093585", "v": "13392265479", "key": 0, "highway": "footway", "name": null, "validation_status": "unobserved", "length_m": 7.4936272566450235, "최대경사_pct": 0.00086983883151425811, "B등급": "양호", "기준선_근처": false, "계단": false, "급한전환": 0 }, "geometry": { "type": "LineString", "coordinates": [ [ 126.9631642, 37.5095502 ], [ 126.963234, 37.5095885 ] ] } },
{ "type": "Feature", "properties": { "u": "6964093585", "v": "13675095845", "key": 0, "highway": "footway", "name": null, "validation_status": "validated", "length_m": 116.11224752541763, "최대경사_pct": 0.5298991993738672, "B등급": "양호", "기준선_근처": false, "계단": false, "급한전환": 0 }, "geometry": { "type": "LineString", "coordinates": [ [ 126.9640106, 37.508745 ], [ 126.9639838, 37.5087719 ], [ 126.9637209, 37.509064400000014 ], [ 126.9634209, 37.5093795 ], [ 126.963234, 37.5095885 ] ] } },
{ "type": "Feature", "properties": { "u": "13675095845", "v": "13392271804", "key": 0, "highway": "footway", "name": null, "validation_status": "unobserved", "length_m": 248.81800336345015, "최대경사_pct": 3.8270083653686005, "B등급": "양호", "기준선_근처": true, "계단": false, "급한전환": 0 }, "geometry": { "type": "LineString", "coordinates": [ [ 126.966173, 37.507356200000011 ], [ 126.9660752, 37.5073924 ], [ 126.965834700000016, 37.5074857 ], [ 126.965788700000019, 37.5075036 ], [ 126.9654945, 37.5076405 ], [ 126.9654497, 37.5076636 ], [ 126.9652264, 37.5077786 ], [ 126.9649059, 37.5079775 ], [ 126.9648682, 37.5080023 ], [ 126.9648057, 37.508043399999984 ], [ 126.9645921, 37.508183899999985 ], [ 126.964407, 37.5083392 ], [ 126.964345300000019, 37.5084094 ], [ 126.9640106, 37.508745 ] ] } },
{ "type": "Feature", "properties": { "u": "13675095845", "v": "13675095847", "key": 0, "highway": "tertiary", "name": "서달로", "validation_status": "validated", "length_m": 52.129125362204412, "최대경사_pct": 2.9605947323337509e-15, "B등급": "양호", "기준선_근처": false, "계단": false, "급한전환": 0 }, "geometry": { "type": "LineString", "coordinates": [ [ 126.9645738, 37.5088823 ], [ 126.964292, 37.508802400000015 ], [ 126.9640106, 37.508745 ] ] } },
{ "type": "Feature", "properties": { "u": "13392265486", "v": "13392265485", "key": 0, "highway": "primary", "name": "현충로", "validation_status": "unobserved", "length_m": 37.603298648054086, "최대경사_pct": 3.178518607955052, "B등급": "양호", "기준선_근처": true, "계단": false, "급한전환": 0 }, "geometry": { "type": "LineString", "coordinates": [ [ 126.966142500000018, 37.507306599999978 ], [ 126.9665267, 37.5071613 ] ] } },
{ "type": "Feature", "properties": { "u": "13392265486", "v": "13392265487", "key": 0, "highway": "primary", "name": "현충로", "validation_status": "unobserved", "length_m": 32.222012304650605, "최대경사_pct": 4.905466018401861, "B등급": "양호", "기준선_근처": true, "계단": false, "급한전환": 0 }, "geometry": { "type": "LineString", "coordinates": [ [ 126.9668538, 37.5070333 ], [ 126.9665267, 37.5071613 ] ] } },
{ "type": "Feature", "properties": { "u": "13392265486", "v": "13392271804", "key": 0, "highway": "footway", "name": null, "validation_status": "unobserved", "length_m": 43.629165461600323, "최대경사_pct": 3.3765436065626568, "B등급": "양호", "기준선_근처": true, "계단": false, "급한전환": 1 }, "geometry": { "type": "LineString", "coordinates": [ [ 126.966173, 37.507356200000011 ], [ 126.9663122, 37.5073048 ], [ 126.9665543, 37.5072152 ], [ 126.9665267, 37.5071613 ] ] } },
{ "type": "Feature", "properties": { "u": "8323580259", "v": "8323580264", "key": 0, "highway": "footway", "name": null, "validation_status": "unobserved", "length_m": 31.774966592692273, "최대경사_pct": 1.8020477007384332, "B등급": "양호", "기준선_근처": true, "계단": false, "급한전환": 0 }, "geometry": { "type": "LineString", "coordinates": [ [ 126.9475936, 37.5134127 ], [ 126.9479368, 37.5133277 ] ] } },
{ "type": "Feature", "properties": { "u": "8323580259", "v": "8757685962", "key": 0, "highway": "footway", "name": null, "validation_status": "unobserved", "length_m": 145.31498642500165, "최대경사_pct": 5.1888289096582589, "B등급": "양호", "기준선_근처": true, "계단": false, "급한전환": 0 }, "geometry": { "type": "LineString", "coordinates": [ [ 126.9495151, 37.5129658 ], [ 126.9494649, 37.5129735 ], [ 126.9492516, 37.5130358 ], [ 126.9486713, 37.5131653 ], [ 126.948510399999989, 37.5132035 ], [ 126.9481166, 37.513297 ], [ 126.9479368, 37.5133277 ] ] } },
{ "type": "Feature", "properties": { "u": "8323580259", "v": "8323580271", "key": 0, "highway": "steps", "name": null, "validation_status": "unobserved", "length_m": 17.771565668869357, "최대경사_pct": 4.785604056437573, "B등급": "양호", "기준선_근처": true, "계단": true, "급한전환": 1 }, "geometry": { "type": "LineString", "coordinates": [ [ 126.9477725, 37.5133252 ], [ 126.9479133, 37.5132896 ], [ 126.9479368, 37.5133277 ] ] } },
{ "type": "Feature", "properties": { "u": "8323580264", "v": "8323580271", "key": 0, "highway": "steps", "name": null, "validation_status": "unobserved", "length_m": 23.886696029892057, "최대경사_pct": 3.4125563551686731, "B등급": "양호", "기준선_근처": true, "계단": true, "급한전환": 1 }, "geometry": { "type": "LineString", "coordinates": [ [ 126.9477725, 37.5133252 ], [ 126.947569299999984, 37.5133694 ], [ 126.9475936, 37.5134127 ] ] } },
{ "type": "Feature", "properties": { "u": "8757685962", "v": "8757685956", "key": 0, "highway": "footway", "name": null, "validation_status": "unobserved", "length_m": 109.49428960572594, "최대경사_pct": 4.5664481846535754, "B등급": "양호", "기준선_근처": true, "계단": false, "급한전환": 0 }, "geometry": { "type": "LineString", "coordinates": [ [ 126.9507453, 37.5128835 ], [ 126.9502278, 37.512881799999988 ], [ 126.949875, 37.5129124 ], [ 126.9495151, 37.5129658 ] ] } },
{ "type": "Feature", "properties": { "u": "8323580271", "v": "8323580270", "key": 0, "highway": "footway", "name": null, "validation_status": "unobserved", "length_m": 26.155984842677928, "최대경사_pct": 2.098774807887569, "B등급": "양호", "기준선_근처": true, "계단": false, "급한전환": 0 }, "geometry": { "type": "LineString", "coordinates": [ [ 126.947706900000014, 37.5130954 ], [ 126.9477725, 37.5133252 ] ] } },
{ "type": "Feature", "properties": { "u": "8482522483", "v": "8482522489", "key": 0, "highway": "service", "name": null, "validation_status": "unobserved", "length_m": 47.35928276786079, "최대경사_pct": 6.8696716988402908, "B등급": "주의", "기준선_근처": true, "계단": false, "급한전환": 0 }, "geometry": { "type": "LineString", "coordinates": [ [ 126.9673902, 37.507964099999988 ], [ 126.9678837, 37.5077982 ] ] } },
{ "type": "Feature", "properties": { "u": "8482522489", "v": "8482522484", "key": 0, "highway": "service", "name": null, "validation_status": "unobserved", "length_m": 84.320730350755412, "최대경사_pct": 5.7227789546538936, "B등급": "주의", "기준선_근처": true, "계단": false, "급한전환": 0 }, "geometry": { "type": "LineString", "coordinates": [ [ 126.9665211, 37.5082769 ], [ 126.9673902, 37.507964099999988 ] ] } },
{ "type": "Feature", "properties": { "u": "8482522489", "v": "8482522486", "key": 0, "highway": "service", "name": null, "validation_status": "unobserved", "length_m": 60.044171010004547, "최대경사_pct": 0.44452547160289652, "B등급": "양호", "기준선_근처": false, "계단": false, "급한전환": 0 }, "geometry": { "type": "LineString", "coordinates": [ [ 126.9671037, 37.507473600000012 ], [ 126.9673902, 37.507964099999988 ] ] } },
{ "type": "Feature", "properties": { "u": "8482522485", "v": "8482522486", "key": 0, "highway": "service", "name": null, "validation_status": "unobserved", "length_m": 35.829560019984818, "최대경사_pct": 5.7654548063031132, "B등급": "주의", "기준선_근처": true, "계단": false, "급한전환": 0 }, "geometry": { "type": "LineString", "coordinates": [ [ 126.9671037, 37.507473600000012 ], [ 126.967462600000019, 37.5073237 ] ] } },
{ "type": "Feature", "properties": { "u": "8482522486", "v": "8482522487", "key": 0, "highway": "service", "name": null, "validation_status": "unobserved", "length_m": 68.206149752025581, "최대경사_pct": 4.1968888436877032, "B등급": "양호", "기준선_근처": true, "계단": false, "급한전환": 0 }, "geometry": { "type": "LineString", "coordinates": [ [ 126.966411399999984, 37.5077447 ], [ 126.9671037, 37.507473600000012 ] ] } },
{ "type": "Feature", "properties": { "u": "8482522486", "v": "13392265487", "key": 0, "highway": "service", "name": null, "validation_status": "unobserved", "length_m": 53.630717983295646, "최대경사_pct": 1.0193502091811801, "B등급": "양호", "기준선_근처": true, "계단": false, "급한전환": 0 }, "geometry": { "type": "LineString", "coordinates": [ [ 126.9668538, 37.5070333 ], [ 126.9671037, 37.507473600000012 ] ] } },
{ "type": "Feature", "properties": { "u": "8482522487", "v": "13392271804", "key": 0, "highway": "service", "name": null, "validation_status": "unobserved", "length_m": 47.994900545649585, "최대경사_pct": 1.5081723485570642, "B등급": "양호", "기준선_근처": true, "계단": false, "급한전환": 0 }, "geometry": { "type": "LineString", "coordinates": [ [ 126.966173, 37.507356200000011 ], [ 126.966411399999984, 37.5077447 ] ] } },
{ "type": "Feature", "properties": { "u": "8482522487", "v": "8482522488", "key": 0, "highway": "service", "name": null, "validation_status": "unobserved", "length_m": 13.442422391220815, "최대경사_pct": 1.5285332102005356, "B등급": "양호", "기준선_근처": true, "계단": false, "급한전환": 0 }, "geometry": { "type": "LineString", "coordinates": [ [ 126.9664782, 37.50785350000001 ], [ 126.966411399999984, 37.5077447 ] ] } },
{ "type": "Feature", "properties": { "u": "13392271804", "v": "13392265485", "key": 0, "highway": "service", "name": null, "validation_status": "unobserved", "length_m": 6.1299994279211205, "최대경사_pct": 1.2873697959144024, "B등급": "양호", "기준선_근처": true, "계단": false, "급한전환": 0 }, "geometry": { "type": "LineString", "coordinates": [ [ 126.966142500000018, 37.507306599999978 ], [ 126.966173, 37.507356200000011 ] ] } },
{ "type": "Feature", "properties": { "u": "8857857341", "v": "8857857358", "key": 0, "highway": "path", "name": "동작충효길", "validation_status": "unobserved", "length_m": 122.09741222398776, "최대경사_pct": 28.201304325135325, "B등급": "위험", "기준선_근처": false, "계단": false, "급한전환": 0 }, "geometry": { "type": "LineString", "coordinates": [ [ 126.95912610000002, 37.498805400000016 ], [ 126.959150100000016, 37.4987855 ], [ 126.9592192, 37.4986629 ], [ 126.959337100000013, 37.4985823 ], [ 126.9596156, 37.4984484 ], [ 126.959861500000017, 37.4983404 ], [ 126.9602067, 37.4981554 ] ] } },
{ "type": "Feature", "properties": { "u": "8761605888", "v": "8857857358", "key": 0, "highway": "path", "name": "동작충효길", "validation_status": "unobserved", "length_m": 128.80445476788742, "최대경사_pct": 3.1641237873014023, "B등급": "양호", "기준선_근처": true, "계단": false, "급한전환": 1 }, "geometry": { "type": "LineString", "coordinates": [ [ 126.95912610000002, 37.498805400000016 ], [ 126.959064699999985, 37.4988564 ], [ 126.95899150000001, 37.4988758 ], [ 126.9589387, 37.4988629 ], [ 126.958796400000011, 37.4988113 ], [ 126.958639, 37.4987487 ], [ 126.9584592, 37.498716700000024 ], [ 126.9583198, 37.4987019 ], [ 126.958059600000013, 37.498689099999986 ], [ 126.957979100000017, 37.4986976 ], [ 126.9579335, 37.4987104 ], [ 126.957803900000016, 37.4988191 ] ] } },
{ "type": "Feature", "properties": { "u": "8761605888", "v": "8857857355", "key": 0, "highway": "path", "name": "동작충효길", "validation_status": "unobserved", "length_m": 139.38542734547352, "최대경사_pct": 9.2802795204490707, "B등급": "위험", "기준선_근처": true, "계단": false, "급한전환": 0 }, "geometry": { "type": "LineString", "coordinates": [ [ 126.9592229, 37.4989553 ], [ 126.9591483, 37.499037 ], [ 126.9590288, 37.4990605 ], [ 126.958964, 37.499085700000023 ], [ 126.958882200000019, 37.4990873 ], [ 126.958761699999982, 37.4991011 ], [ 126.958608, 37.4990674 ], [ 126.9584945, 37.499039400000022 ], [ 126.958394399999989, 37.4989636 ], [ 126.9583037, 37.498920300000016 ], [ 126.9582379, 37.4988892 ], [ 126.9582064, 37.4988704 ], [ 126.9581683, 37.4988681 ], [ 126.9581326, 37.4988635 ], [ 126.958078, 37.4988566 ], [ 126.957992300000015, 37.4988467 ], [ 126.957894, 37.4988501 ], [ 126.957803900000016, 37.4988191 ] ] } },
{ "type": "Feature", "properties": { "u": "8857857358", "v": "8857857355", "key": 0, "highway": "path", "name": "동작충효길", "validation_status": "unobserved", "length_m": 18.904451296977463, "최대경사_pct": 11.74768209294181, "B등급": "위험", "기준선_근처": true, "계단": false, "급한전환": 0 }, "geometry": { "type": "LineString", "coordinates": [ [ 126.9592229, 37.4989553 ], [ 126.9591878, 37.4988893 ], [ 126.959164500000014, 37.4988412 ], [ 126.95912610000002, 37.498805400000016 ] ] } },
{ "type": "Feature", "properties": { "u": "13195507443", "v": "13195507460", "key": 0, "highway": [ "footway", "path" ], "name": null, "validation_status": "unobserved", "length_m": 181.00360793601541, "최대경사_pct": 25.027635444511453, "B등급": "위험", "기준선_근처": false, "계단": false, "급한전환": 3 }, "geometry": { "type": "LineString", "coordinates": [ [ 126.9491658, 37.499290200000026 ], [ 126.949090699999985, 37.4992906 ], [ 126.9488925, 37.4992637 ], [ 126.9486893, 37.4992018 ], [ 126.9485528, 37.4993282 ], [ 126.9484731, 37.4992643 ], [ 126.948365, 37.4992276 ], [ 126.9483144, 37.4992103 ], [ 126.948261, 37.4991921 ], [ 126.9480895, 37.4991683 ], [ 126.9480175, 37.499093599999988 ], [ 126.9481431, 37.4987822 ], [ 126.948167199999986, 37.4986267 ], [ 126.9481713, 37.49854650000001 ] ] } },
{ "type": "Feature", "properties": { "u": "13195507443", "v": "10127723815", "key": 0, "highway": "service", "name": "양녕로32길", "validation_status": "unobserved", "length_m": 139.48901127468383, "최대경사_pct": 22.054994264343499, "B등급": "위험", "기준선_근처": false, "계단": false, "급한전환": 0 }, "geometry": { "type": "LineString", "coordinates": [ [ 126.9476672, 37.4996971 ], [ 126.9476936, 37.4996559 ], [ 126.9477437, 37.4996196 ], [ 126.9477726, 37.4995799 ], [ 126.9477917, 37.4994754 ], [ 126.9477928, 37.4992811 ], [ 126.9478171, 37.499168800000021 ], [ 126.9478364, 37.4991315 ], [ 126.9478954, 37.499048800000011 ], [ 126.9480155, 37.498736 ], [ 126.9480824, 37.4986018 ], [ 126.9481713, 37.49854650000001 ] ] } },
{ "type": "Feature", "properties": { "u": "12864823352", "v": "12864823363", "key": 0, "highway": "residential", "name": null, "validation_status": "validated", "length_m": 164.24779676032063, "최대경사_pct": 6.6316598252353058, "B등급": "주의", "기준선_근처": true, "계단": false, "급한전환": 5 }, "geometry": { "type": "LineString", "coordinates": [ [ 126.9619801, 37.5039299 ], [ 126.96191850000001, 37.5039653 ], [ 126.9618469, 37.5039562 ], [ 126.9618031, 37.5038909 ], [ 126.9617924, 37.5037867 ], [ 126.9617718, 37.50372 ], [ 126.9618004, 37.5036796 ], [ 126.961829, 37.5036696 ], [ 126.961869299999989, 37.503535600000014 ], [ 126.961779, 37.5034285 ], [ 126.9614938, 37.5035547 ], [ 126.961152200000015, 37.503678100000023 ], [ 126.960887099999979, 37.503730199999985 ] ] } },
{ "type": "Feature", "properties": { "u": "10127723815", "v": "13261401479", "key": 0, "highway": "service", "name": [ "상도로38다길", "양녕로32길" ], "validation_status": "unobserved", "length_m": 107.47302126921761, "최대경사_pct": 14.718112427237816, "B등급": "위험", "기준선_근처": false, "계단": false, "급한전환": 1 }, "geometry": { "type": "LineString", "coordinates": [ [ 126.948701, 37.499899900000024 ], [ 126.9486708, 37.499878 ], [ 126.9484304, 37.4997785 ], [ 126.9482759, 37.4997849 ], [ 126.948215, 37.4997833 ], [ 126.9481043, 37.4997691 ], [ 126.948032400000017, 37.4997642 ], [ 126.947968, 37.4997778 ], [ 126.9478913, 37.49980260000001 ], [ 126.9478353, 37.499825 ], [ 126.947775, 37.4998287 ], [ 126.9477144, 37.49981380000002 ], [ 126.9476768, 37.499792100000015 ], [ 126.9476663, 37.4997696 ], [ 126.9476636, 37.4997361 ], [ 126.9476672, 37.4996971 ] ] } },
{ "type": "Feature", "properties": { "u": "13261401479", "v": "13261401489", "key": 0, "highway": "residential", "name": null, "validation_status": "unobserved", "length_m": 5.1951504062422211, "최대경사_pct": 14.677922558515064, "B등급": "위험", "기준선_근처": false, "계단": false, "급한전환": 0 }, "geometry": { "type": "LineString", "coordinates": [ [ 126.948705, 37.4998532 ], [ 126.948701, 37.499899900000024 ] ] } },
{ "type": "Feature", "properties": { "u": "13261401479", "v": "13261401490", "key": 0, "highway": "service", "name": null, "validation_status": "unobserved", "length_m": 15.356077861439598, "최대경사_pct": 16.48997105323512, "B등급": "위험", "기준선_근처": false, "계단": false, "급한전환": 0 }, "geometry": { "type": "LineString", "coordinates": [ [ 126.9488565, 37.4999615 ], [ 126.948701, 37.499899900000024 ] ] } },
{ "type": "Feature", "properties": { "u": "10570464715", "v": "10570464721", "key": 0, "highway": "footway", "name": null, "validation_status": "unobserved", "length_m": 135.46372185268581, "최대경사_pct": 6.554136692491622, "B등급": "주의", "기준선_근처": true, "계단": false, "급한전환": 1 }, "geometry": { "type": "LineString", "coordinates": [ [ 126.94969930000002, 37.4978955 ], [ 126.9495092, 37.497805900000017 ], [ 126.949439, 37.4977892 ], [ 126.949391, 37.4977662 ], [ 126.949368, 37.4977279 ], [ 126.9493591, 37.4973291 ], [ 126.949315699999985, 37.497188400000013 ], [ 126.949263400000021, 37.4968355 ] ] } },
{ "type": "Feature", "properties": { "u": "10570464715", "v": "10570464800", "key": 0, "highway": "footway", "name": null, "validation_status": "unobserved", "length_m": 56.73055978901516, "최대경사_pct": 8.4105246781310434, "B등급": "위험", "기준선_근처": true, "계단": false, "급한전환": 1 }, "geometry": { "type": "LineString", "coordinates": [ [ 126.949846199999982, 37.496838 ], [ 126.949806, 37.4968503 ], [ 126.949534600000021, 37.4968573 ], [ 126.94945060000002, 37.496803 ], [ 126.9493797, 37.4967835 ], [ 126.949331500000014, 37.4967847 ], [ 126.94929070000002, 37.4968039 ], [ 126.949263400000021, 37.4968355 ] ] } },
{ "type": "Feature", "properties": { "u": "10570464800", "v": "10570464798", "key": 0, "highway": "footway", "name": null, "validation_status": "unobserved", "length_m": 53.475358046134616, "최대경사_pct": 8.0016213639279723, "B등급": "주의", "기준선_근처": true, "계단": false, "급한전환": 0 }, "geometry": { "type": "LineString", "coordinates": [ [ 126.949952600000017, 37.4972923 ], [ 126.9499226, 37.4972421 ], [ 126.9499183, 37.497214 ], [ 126.9499547, 37.4970625 ], [ 126.9499451, 37.4969944 ], [ 126.949846199999982, 37.496838 ] ] } },
{ "type": "Feature", "properties": { "u": "10570464798", "v": "11413637759", "key": 0, "highway": "footway", "name": null, "validation_status": "unobserved", "length_m": 17.633423250654513, "최대경사_pct": 8.9108803363561861, "B등급": "위험", "기준선_근처": true, "계단": false, "급한전환": 0 }, "geometry": { "type": "LineString", "coordinates": [ [ 126.9501321, 37.4972231 ], [ 126.949952600000017, 37.4972923 ] ] } },
{ "type": "Feature", "properties": { "u": "11413637585", "v": "11413637584", "key": 0, "highway": "footway", "name": null, "validation_status": "unobserved", "length_m": 98.643525019350747, "최대경사_pct": 0.79654941710066773, "B등급": "양호", "기준선_근처": false, "계단": false, "급한전환": 0 }, "geometry": { "type": "LineString", "coordinates": [ [ 126.95032070000002, 37.4971591 ], [ 126.950819600000017, 37.4969606 ], [ 126.950982, 37.496932900000026 ], [ 126.9512768, 37.497014199999988 ], [ 126.9513529, 37.4970334 ] ] } },
{ "type": "Feature", "properties": { "u": "11413637561", "v": "11413637916", "key": 0, "highway": "footway", "name": null, "validation_status": "unobserved", "length_m": 9.1280557869682664, "최대경사_pct": 6.5666147804057093, "B등급": "주의", "기준선_근처": true, "계단": false, "급한전환": 0 }, "geometry": { "type": "LineString", "coordinates": [ [ 126.9525737, 37.4977929 ], [ 126.9526751, 37.4977775 ] ] } },
{ "type": "Feature", "properties": { "u": "11413637615", "v": "11413637939", "key": 0, "highway": "footway", "name": null, "validation_status": "unobserved", "length_m": 10.511152287297143, "최대경사_pct": 1.4589079471608102, "B등급": "양호", "기준선_근처": true, "계단": false, "급한전환": 0 }, "geometry": { "type": "LineString", "coordinates": [ [ 126.952512700000014, 37.497314599999989 ], [ 126.95261, 37.497369 ] ] } },
{ "type": "Feature", "properties": { "u": "13597219421", "v": "13597219422", "key": 0, "highway": "primary", "name": "상도로", "validation_status": "unobserved", "length_m": 79.612097622037552, "최대경사_pct": 2.532305177457467, "B등급": "양호", "기준선_근처": true, "계단": false, "급한전환": 0 }, "geometry": { "type": "LineString", "coordinates": [ [ 126.952351, 37.4976772 ], [ 126.952188, 37.4978619 ], [ 126.95183320000001, 37.498264 ] ] } },
{ "type": "Feature", "properties": { "u": "11413637779", "v": "11413637879", "key": 0, "highway": "footway", "name": null, "validation_status": "unobserved", "length_m": 8.4850147080257141, "최대경사_pct": 5.2281628436327194, "B등급": "양호", "기준선_근처": true, "계단": false, "급한전환": 0 }, "geometry": { "type": "LineString", "coordinates": [ [ 126.9522967, 37.4975583 ], [ 126.9522703, 37.4976318 ] ] } },
{ "type": "Feature", "properties": { "u": "11413637779", "v": "13597219422", "key": 0, "highway": "footway", "name": null, "validation_status": "unobserved", "length_m": 8.7358093163960167, "최대경사_pct": 1.8153716455157227, "B등급": "양호", "기준선_근처": true, "계단": false, "급한전환": 0 }, "geometry": { "type": "LineString", "coordinates": [ [ 126.952351, 37.4976772 ], [ 126.9522703, 37.4976318 ] ] } },
{ "type": "Feature", "properties": { "u": "13195507460", "v": "13261401489", "key": 0, "highway": "residential", "name": null, "validation_status": "unobserved", "length_m": 80.999660956685659, "최대경사_pct": 10.430132505071018, "B등급": "위험", "기준선_근처": true, "계단": false, "급한전환": 1 }, "geometry": { "type": "LineString", "coordinates": [ [ 126.948705, 37.4998532 ], [ 126.9487198, 37.4996781 ], [ 126.9487304, 37.4996484 ], [ 126.948763900000017, 37.4996232 ], [ 126.9488299, 37.4996043 ], [ 126.9489933, 37.4995073 ], [ 126.949116799999985, 37.4994172 ], [ 126.949161, 37.4993432 ], [ 126.9491658, 37.499290200000026 ] ] } },
{ "type": "Feature", "properties": { "u": "12056780912", "v": "12056780982", "key": 0, "highway": "service", "name": null, "validation_status": "unobserved", "length_m": 93.795355226416348, "최대경사_pct": 4.934612284430214, "B등급": "양호", "기준선_근처": true, "계단": false, "급한전환": 0 }, "geometry": { "type": "LineString", "coordinates": [ [ 126.9481355, 37.5083523 ], [ 126.9487033, 37.508675200000013 ], [ 126.948765, 37.5087946 ], [ 126.9487686, 37.5089548 ] ] } },
{ "type": "Feature", "properties": { "u": "12791615943", "v": "12794284367", "key": 0, "highway": "service", "name": null, "validation_status": "unobserved", "length_m": 3.4265868318158863, "최대경사_pct": 5.6241087028997327, "B등급": "주의", "기준선_근처": true, "계단": false, "급한전환": 0 }, "geometry": { "type": "LineString", "coordinates": [ [ 126.95733970000002, 37.4974236 ], [ 126.9573012, 37.497427100000031 ] ] } },
{ "type": "Feature", "properties": { "u": "12791615943", "v": "12785640001", "key": 0, "highway": "service", "name": null, "validation_status": "unobserved", "length_m": 75.873571808734837, "최대경사_pct": 0.80451675503152675, "B등급": "양호", "기준선_근처": false, "계단": false, "급한전환": 0 }, "geometry": { "type": "LineString", "coordinates": [ [ 126.9571936, 37.4967495 ], [ 126.957211700000016, 37.4968011 ], [ 126.9573012, 37.497427100000031 ] ] } },
{ "type": "Feature", "properties": { "u": "12794284418", "v": "12794274325", "key": 0, "highway": "service", "name": null, "validation_status": "unobserved", "length_m": 25.72094781064877, "최대경사_pct": 14.393820292149423, "B등급": "위험", "기준선_근처": false, "계단": false, "급한전환": 0 }, "geometry": { "type": "LineString", "coordinates": [ [ 126.955614600000018, 37.4969273 ], [ 126.955324500000017, 37.4969441 ] ] } },
{ "type": "Feature", "properties": { "u": "12794284418", "v": "12785640056", "key": 0, "highway": "service", "name": null, "validation_status": "unobserved", "length_m": 25.816111432299607, "최대경사_pct": 6.8423986941358805, "B등급": "주의", "기준선_근처": true, "계단": false, "급한전환": 0 }, "geometry": { "type": "LineString", "coordinates": [ [ 126.9553511, 37.4967199 ], [ 126.9553189, 37.4967609 ], [ 126.9553108, 37.4967928 ], [ 126.955324500000017, 37.4969441 ] ] } },
{ "type": "Feature", "properties": { "u": "12785640056", "v": "12794284414", "key": 0, "highway": "service", "name": null, "validation_status": "unobserved", "length_m": 29.436535283388402, "최대경사_pct": 8.9438659090915245, "B등급": "위험", "기준선_근처": true, "계단": false, "급한전환": 0 }, "geometry": { "type": "LineString", "coordinates": [ [ 126.9556829, 37.4966999 ], [ 126.9555075, 37.4967126 ], [ 126.9554223, 37.4967187 ], [ 126.9553511, 37.4967199 ] ] } },
{ "type": "Feature", "properties": { "u": "12791615941", "v": "12794284367", "key": 0, "highway": "service", "name": null, "validation_status": "unobserved", "length_m": 49.450839554892248, "최대경사_pct": 13.467382321071236, "B등급": "위험", "기준선_근처": false, "계단": false, "급한전환": 0 }, "geometry": { "type": "LineString", "coordinates": [ [ 126.95733970000002, 37.4974236 ], [ 126.9578954, 37.4973737 ] ] } },
{ "type": "Feature", "properties": { "u": "12794284367", "v": "12794284368", "key": 0, "highway": "footway", "name": null, "validation_status": "unobserved", "length_m": 65.324850817693488, "최대경사_pct": 0.063782653686389079, "B등급": "양호", "기준선_근처": false, "계단": false, "급한전환": 0 }, "geometry": { "type": "LineString", "coordinates": [ [ 126.9572561, 37.496838800000013 ], [ 126.95733970000002, 37.4974236 ] ] } },
{ "type": "Feature", "properties": { "u": "13363593900", "v": "13363593899", "key": 0, "highway": "service", "name": null, "validation_status": "unobserved", "length_m": 33.339137165914558, "최대경사_pct": 12.101567397550166, "B등급": "위험", "기준선_근처": true, "계단": false, "급한전환": 0 }, "geometry": { "type": "LineString", "coordinates": [ [ 126.9501654, 37.5075873 ], [ 126.9499543, 37.5073384 ] ] } },
{ "type": "Feature", "properties": { "u": "13363593900", "v": "13363604104", "key": 0, "highway": "service", "name": null, "validation_status": "unobserved", "length_m": 90.840580122840919, "최대경사_pct": 1.8807686747341696, "B등급": "양호", "기준선_근처": true, "계단": false, "급한전환": 0 }, "geometry": { "type": "LineString", "coordinates": [ [ 126.949015, 37.5076648 ], [ 126.9490478, 37.5076405 ], [ 126.9499543, 37.5073384 ] ] } },
{ "type": "Feature", "properties": { "u": "13363604104", "v": "13363593899", "key": 0, "highway": "service", "name": null, "validation_status": "validated", "length_m": 120.76998179770941, "최대경사_pct": 6.8583991536435098, "B등급": "주의", "기준선_근처": true, "계단": false, "급한전환": 1 }, "geometry": { "type": "LineString", "coordinates": [ [ 126.9501654, 37.5075873 ], [ 126.949238599999987, 37.5078761 ], [ 126.949191199999987, 37.507874 ], [ 126.94915730000001, 37.5078568 ], [ 126.9490841, 37.507733 ], [ 126.9490489, 37.5076878 ], [ 126.949015, 37.5076648 ] ] } },
{ "type": "Feature", "properties": { "u": "13363604135", "v": "13363604139", "key": 0, "highway": "service", "name": null, "validation_status": "unobserved", "length_m": 4.8433757476161707, "최대경사_pct": 11.886823283311578, "B등급": "위험", "기준선_근처": true, "계단": false, "급한전환": 0 }, "geometry": { "type": "LineString", "coordinates": [ [ 126.948373500000017, 37.5078561 ], [ 126.948335199999988, 37.5078873 ] ] } },
{ "type": "Feature", "properties": { "u": "13363604135", "v": "13363604137", "key": 0, "highway": "service", "name": null, "validation_status": "unobserved", "length_m": 33.19395491872357, "최대경사_pct": 0.58950079590620896, "B등급": "양호", "기준선_근처": false, "계단": false, "급한전환": 1 }, "geometry": { "type": "LineString", "coordinates": [ [ 126.948063300000015, 37.5077621 ], [ 126.9482843, 37.5079278 ], [ 126.948335199999988, 37.5078873 ] ] } }
]
}
