{
"type": "FeatureCollection",
"name": "commute_all_edges_with_status",
"crs": { "type": "name", "properties": { "name": "urn:ogc:def:crs:OGC:1.3:CRS84" } },
"features": [
{ "type": "Feature", "properties": { "학교": "숭실대", "u": "436821628", "v": "8537416813", "key": 0, "osmid": "919243261", "name": "관악로", "highway": "primary", "length": 57.7, "validation_status": "unobserved", "tmap_hit_routes": 0 }, "geometry": { "type": "LineString", "coordinates": [ [ 126.9579934, 37.4881023 ], [ 126.957976400000021, 37.4879375 ], [ 126.95794020000001, 37.4878013 ], [ 126.9578705, 37.4876609 ], [ 126.957829799999985, 37.4876061 ] ] } },
{ "type": "Feature", "properties": { "학교": "숭실대", "u": "8537416813", "v": "2824759264", "key": 0, "osmid": "278046403", "name": "청림길", "highway": "residential", "length": 71.6, "validation_status": "unobserved", "tmap_hit_routes": 0 }, "geometry": { "type": "LineString", "coordinates": [ [ 126.95876, 37.4882998 ], [ 126.958213, 37.4881253 ], [ 126.9579934, 37.4881023 ] ] } },
{ "type": "Feature", "properties": { "학교": "숭실대", "u": "8537416813", "v": "2162056331", "key": 0, "osmid": "919243261", "name": "관악로", "highway": "primary", "length": 41.0, "validation_status": "unobserved", "tmap_hit_routes": 0 }, "geometry": { "type": "LineString", "coordinates": [ [ 126.9579534, 37.4884698 ], [ 126.9579877, 37.4882217 ], [ 126.9579934, 37.4881023 ] ] } },
{ "type": "Feature", "properties": { "학교": "숭실대", "u": "436821642", "v": "2825727213", "key": 0, "osmid": "278046400", "name": "관악로40길", "highway": "tertiary", "length": 17.5, "validation_status": "unobserved", "tmap_hit_routes": 0 }, "geometry": { "type": "LineString", "coordinates": [ [ 126.9566976, 37.490795899999988 ], [ 126.95654260000002, 37.4906979 ] ] } },
{ "type": "Feature", "properties": { "학교": "숭실대", "u": "436821642", "v": "11413637586", "key": 0, "osmid": "919243261", "name": "관악로", "highway": "primary", "length": 9.0, "validation_status": "unobserved", "tmap_hit_routes": 0 }, "geometry": { "type": "LineString", "coordinates": [ [ 126.95659160000001, 37.4906268 ], [ 126.95654260000002, 37.4906979 ] ] } },
{ "type": "Feature", "properties": { "학교": "숭실대", "u": "436821642", "v": "1872054485", "key": 0, "osmid": "919243262", "name": "관악로", "highway": "primary", "length": 28.0, "validation_status": "unobserved", "tmap_hit_routes": 0 }, "geometry": { "type": "LineString", "coordinates": [ [ 126.956414899999984, 37.4909283 ], [ 126.9564342, 37.4908838 ], [ 126.95654260000002, 37.4906979 ] ] } },
{ "type": "Feature", "properties": { "학교": "숭실대", "u": "2825727213", "v": "11413637819", "key": 0, "osmid": "1230724697", "name": "", "highway": "footway", "length": 8.1, "validation_status": "validated", "tmap_hit_routes": 3 }, "geometry": { "type": "LineString", "coordinates": [ [ 126.956733700000015, 37.4907292 ], [ 126.9566976, 37.490795899999988 ] ] } },
{ "type": "Feature", "properties": { "학교": "숭실대", "u": "2825727213", "v": "2825728925", "key": 0, "osmid": "278046400", "name": "관악로40길", "highway": "tertiary", "length": 43.6, "validation_status": "validated", "tmap_hit_routes": 2 }, "geometry": { "type": "LineString", "coordinates": [ [ 126.9571318, 37.490980300000018 ], [ 126.956857600000021, 37.4908801 ], [ 126.9566976, 37.490795899999988 ] ] } },
{ "type": "Feature", "properties": { "학교": "숭실대", "u": "2825727213", "v": "11413637528", "key": 0, "osmid": [ 612099142, 612099143, 612099145, 1230724697, 921539388, 921539389 ], "name": "", "highway": [ "footway", "steps" ], "length": 113.9, "validation_status": "validated", "tmap_hit_routes": 5 }, "geometry": { "type": "LineString", "coordinates": [ [ 126.9560891, 37.4909779 ], [ 126.956109499999982, 37.4910224 ], [ 126.9561006, 37.4911927 ], [ 126.9565388, 37.491216 ], [ 126.9565814, 37.490935 ], [ 126.956634100000016, 37.4909138 ], [ 126.9566976, 37.490795899999988 ] ] } },
{ "type": "Feature", "properties": { "학교": "숭실대", "u": "11413637586", "v": "8537416816", "key": 0, "osmid": "919243261", "name": "관악로", "highway": "primary", "length": 93.3, "validation_status": "validated", "tmap_hit_routes": 2 }, "geometry": { "type": "LineString", "coordinates": [ [ 126.957081700000018, 37.4898833 ], [ 126.9568123, 37.4903063 ], [ 126.95659160000001, 37.4906268 ] ] } },
{ "type": "Feature", "properties": { "학교": "숭실대", "u": "11413637586", "v": "11413637819", "key": 0, "osmid": [ 1230724702, 1230724606 ], "name": "", "highway": "footway", "length": 20.5, "validation_status": "validated", "tmap_hit_routes": 3 }, "geometry": { "type": "LineString", "coordinates": [ [ 126.956733700000015, 37.4907292 ], [ 126.956755, 37.4906963 ], [ 126.95659160000001, 37.4906268 ] ] } },
{ "type": "Feature", "properties": { "학교": "숭실대", "u": "11413637586", "v": "11413637622", "key": 0, "osmid": [ 1230724659, 1230724702 ], "name": "", "highway": "footway", "length": 49.3, "validation_status": "validated", "tmap_hit_routes": 1 }, "geometry": { "type": "LineString", "coordinates": [ [ 126.956172100000018, 37.4907442 ], [ 126.956237800000011, 37.4907179 ], [ 126.956315599999982, 37.490665600000014 ], [ 126.956407, 37.4905483 ], [ 126.95659160000001, 37.4906268 ] ] } },
{ "type": "Feature", "properties": { "학교": "숭실대", "u": "1872054485", "v": "11413637747", "key": 0, "osmid": "245411573", "name": "성현로", "highway": "tertiary", "length": 28.4, "validation_status": "unobserved", "tmap_hit_routes": 0 }, "geometry": { "type": "LineString", "coordinates": [ [ 126.9561172, 37.4908316 ], [ 126.9561377, 37.4908374 ], [ 126.956414899999984, 37.4909283 ] ] } },
{ "type": "Feature", "properties": { "학교": "숭실대", "u": "1872054485", "v": "969906543", "key": 0, "osmid": [ 1547465066, 520704308 ], "name": [ "관악로", "상도로" ], "highway": "primary", "length": 166.8, "validation_status": "validated", "tmap_hit_routes": 7 }, "geometry": { "type": "LineString", "coordinates": [ [ 126.9565445, 37.4923984 ], [ 126.9564035, 37.4919696 ], [ 126.9563364, 37.4915825 ], [ 126.9563217, 37.4911802 ], [ 126.9563442, 37.491075 ], [ 126.956414899999984, 37.4909283 ] ] } },
{ "type": "Feature", "properties": { "학교": "숭실대", "u": "436821652", "v": "2825727130", "key": 0, "osmid": "278148630", "name": "상도로68길", "highway": "service", "length": 26.9, "validation_status": "validated", "tmap_hit_routes": 1 }, "geometry": { "type": "LineString", "coordinates": [ [ 126.956270599999982, 37.4925615 ], [ 126.956574799999984, 37.4925486 ] ] } },
{ "type": "Feature", "properties": { "학교": "숭실대", "u": "436821652", "v": "969906543", "key": 0, "osmid": "1547465066", "name": "상도로", "highway": "primary", "length": 16.9, "validation_status": "validated", "tmap_hit_routes": 1 }, "geometry": { "type": "LineString", "coordinates": [ [ 126.9565445, 37.4923984 ], [ 126.956574799999984, 37.4925486 ] ] } },
{ "type": "Feature", "properties": { "학교": "숭실대", "u": "436821652", "v": "436821653", "key": 0, "osmid": "1547465066", "name": "상도로", "highway": "primary", "length": 28.3, "validation_status": "validated", "tmap_hit_routes": 8 }, "geometry": { "type": "LineString", "coordinates": [ [ 126.9565564, 37.4928023 ], [ 126.956575, 37.4926409 ], [ 126.956574799999984, 37.4925486 ] ] } },
{ "type": "Feature", "properties": { "학교": "숭실대", "u": "2825727130", "v": "11413637533", "key": 0, "osmid": "612099146", "name": "", "highway": "footway", "length": 12.8, "validation_status": "validated", "tmap_hit_routes": 4 }, "geometry": { "type": "LineString", "coordinates": [ [ 126.9562547, 37.492447400000017 ], [ 126.956270599999982, 37.4925615 ] ] } },
{ "type": "Feature", "properties": { "학교": "숭실대", "u": "2825727130", "v": "2825727126", "key": 0, "osmid": "278148630", "name": "상도로68길", "highway": "service", "length": 89.2, "validation_status": "validated", "tmap_hit_routes": 1 }, "geometry": { "type": "LineString", "coordinates": [ [ 126.9559464, 37.4932835 ], [ 126.9559336, 37.4932573 ], [ 126.955928599999979, 37.493228 ], [ 126.9559371, 37.4931689 ], [ 126.955952100000019, 37.4931025 ], [ 126.9560133, 37.492941599999988 ], [ 126.9560736, 37.4927743 ], [ 126.9561276, 37.49267260000002 ], [ 126.9561586, 37.492628 ], [ 126.956192800000011, 37.492593200000016 ], [ 126.956236200000021, 37.4925709 ], [ 126.956270599999982, 37.4925615 ] ] } },
{ "type": "Feature", "properties": { "학교": "숭실대", "u": "2825727130", "v": "11413637692", "key": 0, "osmid": "612099146", "name": "", "highway": "footway", "length": 88.5, "validation_status": "validated", "tmap_hit_routes": 4 }, "geometry": { "type": "LineString", "coordinates": [ [ 126.9559613, 37.4932929 ], [ 126.956083399999983, 37.4931351 ], [ 126.9562095, 37.4929942 ], [ 126.95626, 37.4928296 ], [ 126.956268100000017, 37.49267720000001 ], [ 126.956270599999982, 37.4925615 ] ] } },
{ "type": "Feature", "properties": { "학교": "숭실대", "u": "969906543", "v": "11413637845", "key": 0, "osmid": "1230724620", "name": "", "highway": "footway", "length": 15.1, "validation_status": "validated", "tmap_hit_routes": 8 }, "geometry": { "type": "LineString", "coordinates": [ [ 126.956712200000013, 37.4923704 ], [ 126.9565445, 37.4923984 ] ] } },
{ "type": "Feature", "properties": { "학교": "숭실대", "u": "969906543", "v": "11413637533", "key": 0, "osmid": "1230724620", "name": "", "highway": "footway", "length": 26.1, "validation_status": "validated", "tmap_hit_routes": 3 }, "geometry": { "type": "LineString", "coordinates": [ [ 126.9562547, 37.492447400000017 ], [ 126.9565445, 37.4923984 ] ] } },
{ "type": "Feature", "properties": { "학교": "숭실대", "u": "436821653", "v": "2825727124", "key": 0, "osmid": "220064934", "name": "상도로", "highway": "primary", "length": 72.5, "validation_status": "unobserved", "tmap_hit_routes": 0 }, "geometry": { "type": "LineString", "coordinates": [ [ 126.9560715, 37.4933262 ], [ 126.956309599999983, 37.4930514 ], [ 126.9563937, 37.4929386 ], [ 126.9565564, 37.4928023 ] ] } },
{ "type": "Feature", "properties": { "학교": "숭실대", "u": "436821653", "v": "14074780684", "key": 0, "osmid": "1547465065", "name": "상도로", "highway": "primary", "length": 133.1, "validation_status": "validated", "tmap_hit_routes": 9 }, "geometry": { "type": "LineString", "coordinates": [ [ 126.9558581, 37.4938378 ], [ 126.9562509, 37.4933961 ], [ 126.9564612, 37.4931232 ], [ 126.9565436, 37.4929888 ], [ 126.9565564, 37.4928023 ] ] } },
{ "type": "Feature", "properties": { "학교": "숭실대", "u": "2825727124", "v": "11413637692", "key": 0, "osmid": "278148630", "name": "상도로68길", "highway": "service", "length": 10.4, "validation_status": "unobserved", "tmap_hit_routes": 0 }, "geometry": { "type": "LineString", "coordinates": [ [ 126.9559613, 37.4932929 ], [ 126.9560715, 37.4933262 ] ] } },
{ "type": "Feature", "properties": { "학교": "숭실대", "u": "2825727124", "v": "2825726704", "key": 0, "osmid": "220064934", "name": "상도로", "highway": "primary", "length": 84.9, "validation_status": "unobserved", "tmap_hit_routes": 0 }, "geometry": { "type": "LineString", "coordinates": [ [ 126.9555264, 37.4939555 ], [ 126.9557027, 37.493748699999983 ], [ 126.9560715, 37.4933262 ] ] } },
{ "type": "Feature", "properties": { "학교": "숭실대", "u": "14074780684", "v": "12864837514", "key": 0, "osmid": "1381653372", "name": "", "highway": "service", "length": 96.1, "validation_status": "validated", "tmap_hit_routes": 9 }, "geometry": { "type": "LineString", "coordinates": [ [ 126.956418, 37.4944049 ], [ 126.9563709, 37.4941248 ], [ 126.9563621, 37.4940151 ], [ 126.956306200000014, 37.4939334 ], [ 126.9560914, 37.4939334 ], [ 126.9559797, 37.4938868 ], [ 126.9558581, 37.4938378 ] ] } },
{ "type": "Feature", "properties": { "학교": "숭실대", "u": "14074780684", "v": "14074780686", "key": 0, "osmid": "1547465065", "name": "상도로", "highway": "primary", "length": 46.3, "validation_status": "unobserved", "tmap_hit_routes": 0 }, "geometry": { "type": "LineString", "coordinates": [ [ 126.9555629, 37.4941816 ], [ 126.955680699999988, 37.494029199999986 ], [ 126.9558581, 37.4938378 ] ] } },
{ "type": "Feature", "properties": { "학교": "숭실대", "u": "436821663", "v": "13316391021", "key": 0, "osmid": "220064933", "name": "사당로", "highway": "primary", "length": 11.8, "validation_status": "unobserved", "tmap_hit_routes": 0 }, "geometry": { "type": "LineString", "coordinates": [ [ 126.954323, 37.495555900000014 ], [ 126.9542155, 37.4954923 ] ] } },
{ "type": "Feature", "properties": { "학교": "숭실대", "u": "436821663", "v": "2825724224", "key": 0, "osmid": "220064934", "name": "상도로", "highway": "primary", "length": 24.8, "validation_status": "unobserved", "tmap_hit_routes": 0 }, "geometry": { "type": "LineString", "coordinates": [ [ 126.954367499999989, 37.495304500000017 ], [ 126.9542155, 37.4954923 ] ] } },
{ "type": "Feature", "properties": { "학교": "숭실대", "u": "436821663", "v": "11413637825", "key": 0, "osmid": "1474731228", "name": "상도로", "highway": "primary", "length": 18.1, "validation_status": "validated", "tmap_hit_routes": 6 }, "geometry": { "type": "LineString", "coordinates": [ [ 126.9541044, 37.495629 ], [ 126.9542155, 37.4954923 ] ] } },
{ "type": "Feature", "properties": { "학교": "숭실대", "u": "13316391021", "v": "13528976148", "key": 0, "osmid": "1474731231", "name": "상도로", "highway": "primary", "length": 18.0, "validation_status": "validated", "tmap_hit_routes": 4 }, "geometry": { "type": "LineString", "coordinates": [ [ 126.9542131, 37.495692 ], [ 126.954323, 37.495555900000014 ] ] } },
{ "type": "Feature", "properties": { "학교": "숭실대", "u": "13316391021", "v": "12800872798", "key": 0, "osmid": "220064933", "name": "사당로", "highway": "primary", "length": 96.7, "validation_status": "unobserved", "tmap_hit_routes": 0 }, "geometry": { "type": "LineString", "coordinates": [ [ 126.9553857, 37.495503500000012 ], [ 126.9546127, 37.4956161 ], [ 126.954526700000017, 37.4956222 ], [ 126.9544503, 37.4956135 ], [ 126.954323, 37.495555900000014 ] ] } },
{ "type": "Feature", "properties": { "학교": "숭실대", "u": "13316391021", "v": "14074780680", "key": 0, "osmid": "1547465065", "name": "상도로", "highway": "primary", "length": 79.3, "validation_status": "unobserved", "tmap_hit_routes": 0 }, "geometry": { "type": "LineString", "coordinates": [ [ 126.9548506, 37.4949789 ], [ 126.954463899999979, 37.4954005 ], [ 126.954323, 37.495555900000014 ] ] } },
{ "type": "Feature", "properties": { "학교": "숭실대", "u": "2825724224", "v": "10127668881", "key": 0, "osmid": "220064934", "name": "상도로", "highway": "primary", "length": 53.6, "validation_status": "unobserved", "tmap_hit_routes": 0 }, "geometry": { "type": "LineString", "coordinates": [ [ 126.9547247, 37.4949149 ], [ 126.954367499999989, 37.495304500000017 ] ] } },
{ "type": "Feature", "properties": { "학교": "숭실대", "u": "2825724224", "v": "2825724223", "key": 0, "osmid": "278148184", "name": "상도로60길", "highway": "residential", "length": 4.0, "validation_status": "unobserved", "tmap_hit_routes": 0 }, "geometry": { "type": "LineString", "coordinates": [ [ 126.9543472, 37.4952719 ], [ 126.954367499999989, 37.495304500000017 ] ] } },
{ "type": "Feature", "properties": { "학교": "숭실대", "u": "11413637825", "v": "13528976148", "key": 0, "osmid": "1230724677", "name": "", "highway": "footway", "length": 11.9, "validation_status": "validated", "tmap_hit_routes": 10 }, "geometry": { "type": "LineString", "coordinates": [ [ 126.9542131, 37.495692 ], [ 126.9541044, 37.495629 ] ] } },
{ "type": "Feature", "properties": { "학교": "숭실대", "u": "11413637825", "v": "11413637566", "key": 0, "osmid": "1230724677", "name": "", "highway": "footway", "length": 5.7, "validation_status": "validated", "tmap_hit_routes": 1 }, "geometry": { "type": "LineString", "coordinates": [ [ 126.9540535, 37.4955977 ], [ 126.9541044, 37.495629 ] ] } },
{ "type": "Feature", "properties": { "학교": "숭실대", "u": "11413637825", "v": "4620925483", "key": 0, "osmid": [ 1474731228, 520704309 ], "name": "상도로", "highway": "primary", "length": 68.4, "validation_status": "unobserved", "tmap_hit_routes": 0 }, "geometry": { "type": "LineString", "coordinates": [ [ 126.953668400000012, 37.496138 ], [ 126.9536851, 37.4961172 ], [ 126.9541044, 37.495629 ] ] } },
{ "type": "Feature", "properties": { "학교": "숭실대", "u": "436821675", "v": "4621496738", "key": 0, "osmid": "219872334", "name": "상도로", "highway": "primary", "length": 45.9, "validation_status": "unobserved", "tmap_hit_routes": 0 }, "geometry": { "type": "LineString", "coordinates": [ [ 126.9474232, 37.5035567 ], [ 126.9477015, 37.5032083 ] ] } },
{ "type": "Feature", "properties": { "학교": "숭실대", "u": "436821675", "v": "1829429042", "key": 0, "osmid": "481148806", "name": "양녕로", "highway": "secondary", "length": 44.9, "validation_status": "unobserved", "tmap_hit_routes": 0 }, "geometry": { "type": "LineString", "coordinates": [ [ 126.947290200000012, 37.502970600000026 ], [ 126.9477015, 37.5032083 ] ] } },
{ "type": "Feature", "properties": { "학교": "숭실대", "u": "436821675", "v": "10265961156", "key": 0, "osmid": "493442598", "name": "양녕로", "highway": "primary", "length": 51.6, "validation_status": "unobserved", "tmap_hit_routes": 0 }, "geometry": { "type": "LineString", "coordinates": [ [ 126.948195699999985, 37.5034571 ], [ 126.9477015, 37.5032083 ] ] } },
{ "type": "Feature", "properties": { "학교": "숭실대", "u": "436821675", "v": "13597219425", "key": 0, "osmid": "1482765086", "name": "상도로", "highway": "primary", "length": 9.1, "validation_status": "unobserved", "tmap_hit_routes": 0 }, "geometry": { "type": "LineString", "coordinates": [ [ 126.947753400000011, 37.5031375 ], [ 126.9477015, 37.5032083 ] ] } },
{ "type": "Feature", "properties": { "학교": "숭실대", "u": "4621496738", "v": "2886858282", "key": 0, "osmid": "219872334", "name": "상도로", "highway": "primary", "length": 24.5, "validation_status": "unobserved", "tmap_hit_routes": 0 }, "geometry": { "type": "LineString", "coordinates": [ [ 126.9472607, 37.5037354 ], [ 126.9474232, 37.5035567 ] ] } },
{ "type": "Feature", "properties": { "학교": "숭실대", "u": "4621496738", "v": "10265961155", "key": 0, "osmid": "467541937", "name": "상도로", "highway": "service", "length": 48.6, "validation_status": "unobserved", "tmap_hit_routes": 0 }, "geometry": { "type": "LineString", "coordinates": [ [ 126.9478715, 37.503811 ], [ 126.9474232, 37.5035567 ] ] } },
{ "type": "Feature", "properties": { "학교": "숭실대", "u": "1829429042", "v": "4621509674", "key": 0, "osmid": "1109939811", "name": "", "highway": "service", "length": 95.5, "validation_status": "unobserved", "tmap_hit_routes": 0 }, "geometry": { "type": "LineString", "coordinates": [ [ 126.9479039, 37.5022631 ], [ 126.947290200000012, 37.502970600000026 ] ] } },
{ "type": "Feature", "properties": { "학교": "숭실대", "u": "10265961156", "v": "2825706550", "key": 0, "osmid": "493442598", "name": "양녕로", "highway": "primary", "length": 48.5, "validation_status": "unobserved", "tmap_hit_routes": 0 }, "geometry": { "type": "LineString", "coordinates": [ [ 126.948658699999982, 37.5036929 ], [ 126.948195699999985, 37.5034571 ] ] } },
{ "type": "Feature", "properties": { "학교": "숭실대", "u": "10265961156", "v": "10265961155", "key": 0, "osmid": "1122453740", "name": "", "highway": "service", "length": 48.6, "validation_status": "unobserved", "tmap_hit_routes": 0 }, "geometry": { "type": "LineString", "coordinates": [ [ 126.9478715, 37.503811 ], [ 126.948195699999985, 37.5034571 ] ] } },
{ "type": "Feature", "properties": { "학교": "숭실대", "u": "13597219425", "v": "2825706543", "key": 0, "osmid": "219107267", "name": "상도로", "highway": "primary", "length": 50.7, "validation_status": "unobserved", "tmap_hit_routes": 0 }, "geometry": { "type": "LineString", "coordinates": [ [ 126.9481013, 37.502794 ], [ 126.947830200000013, 37.5031234 ], [ 126.947753400000011, 37.5031375 ] ] } },
{ "type": "Feature", "properties": { "학교": "숭실대", "u": "13597219425", "v": "13597219416", "key": 0, "osmid": "1482765080", "name": "상도로", "highway": "primary", "length": 89.5, "validation_status": "unobserved", "tmap_hit_routes": 0 }, "geometry": { "type": "LineString", "coordinates": [ [ 126.9482201, 37.5024416 ], [ 126.9480269, 37.502691499999983 ], [ 126.947738, 37.5030652 ], [ 126.947753400000011, 37.5031375 ] ] } },
{ "type": "Feature", "properties": { "학교": "숭실대", "u": "436821679", "v": "10239817468", "key": 0, "osmid": "176729654", "name": "양녕로", "highway": "primary", "length": 14.4, "validation_status": "unobserved", "tmap_hit_routes": 0 }, "geometry": { "type": "LineString", "coordinates": [ [ 126.94958440000002, 37.5042932 ], [ 126.94951970000001, 37.5041747 ] ] } },
{ "type": "Feature", "properties": { "학교": "숭실대", "u": "436821679", "v": "2825730234", "key": 0, "osmid": "521182515", "name": "양녕로", "highway": "primary", "length": 34.0, "validation_status": "unobserved", "tmap_hit_routes": 0 }, "geometry": { "type": "LineString", "coordinates": [ [ 126.9492045, 37.5039991 ], [ 126.94951970000001, 37.5041747 ] ] } },
{ "type": "Feature", "properties": { "학교": "숭실대", "u": "436821679", "v": "10239817463", "key": 0, "osmid": "172263024", "name": "양녕로", "highway": "primary", "length": 33.7, "validation_status": "unobserved", "tmap_hit_routes": 0 }, "geometry": { "type": "LineString", "coordinates": [ [ 126.9498255, 37.5043362 ], [ 126.94967819999998, 37.5042094 ], [ 126.94951970000001, 37.5041747 ] ] } },
{ "type": "Feature", "properties": { "학교": "숭실대", "u": "2825730234", "v": "10712384714", "key": 0, "osmid": "278149000", "name": "양녕로", "highway": "service", "length": 19.8, "validation_status": "unobserved", "tmap_hit_routes": 0 }, "geometry": { "type": "LineString", "coordinates": [ [ 126.949365, 37.5038749 ], [ 126.9492045, 37.5039991 ] ] } },
{ "type": "Feature", "properties": { "학교": "숭실대", "u": "2825730234", "v": "4621496740", "key": 0, "osmid": "467541939", "name": "", "highway": "service", "length": 49.8, "validation_status": "unobserved", "tmap_hit_routes": 0 }, "geometry": { "type": "LineString", "coordinates": [ [ 126.9488877, 37.5043703 ], [ 126.9492045, 37.5039991 ] ] } },
{ "type": "Feature", "properties": { "학교": "숭실대", "u": "2825730234", "v": "2825706550", "key": 0, "osmid": "521182515", "name": "양녕로", "highway": "primary", "length": 59.0, "validation_status": "unobserved", "tmap_hit_routes": 0 }, "geometry": { "type": "LineString", "coordinates": [ [ 126.948658699999982, 37.5036929 ], [ 126.9492045, 37.5039991 ] ] } },
{ "type": "Feature", "properties": { "학교": "숭실대", "u": "10239817463", "v": "10239817464", "key": 0, "osmid": "172263024", "name": "양녕로", "highway": "primary", "length": 7.2, "validation_status": "unobserved", "tmap_hit_routes": 0 }, "geometry": { "type": "LineString", "coordinates": [ [ 126.949881499999989, 37.5043834 ], [ 126.9498255, 37.5043362 ] ] } },
{ "type": "Feature", "properties": { "학교": "숭실대", "u": "10239817463", "v": "2829147721", "key": 0, "osmid": "278565010", "name": "상도로41마길", "highway": "service", "length": 48.7, "validation_status": "unobserved", "tmap_hit_routes": 0 }, "geometry": { "type": "LineString", "coordinates": [ [ 126.95030340000001, 37.5041398 ], [ 126.9501124, 37.5041817 ], [ 126.949937399999982, 37.5042423 ], [ 126.9498255, 37.5043362 ] ] } },
{ "type": "Feature", "properties": { "학교": "숭실대", "u": "436849858", "v": "2824759281", "key": 0, "osmid": "913174410", "name": "사당로", "highway": "primary", "length": 8.2, "validation_status": "bridged", "tmap_hit_routes": 0 }, "geometry": { "type": "LineString", "coordinates": [ [ 126.9608523, 37.494771 ], [ 126.9609436, 37.494759 ] ] } },
{ "type": "Feature", "properties": { "학교": "숭실대", "u": "436849858", "v": "14076316446", "key": 0, "osmid": "278199770", "name": "사당로2자길", "highway": "residential", "length": 142.0, "validation_status": "unobserved", "tmap_hit_routes": 0 }, "geometry": { "type": "LineString", "coordinates": [ [ 126.9620818, 37.4940401 ], [ 126.96200970000001, 37.4941412 ], [ 126.9619332, 37.4942338 ], [ 126.961773599999987, 37.4943668 ], [ 126.9616717, 37.494426399999988 ], [ 126.9615188, 37.4944924 ], [ 126.961387400000021, 37.4945285 ], [ 126.9611742, 37.4945775 ], [ 126.9609985, 37.4945998 ], [ 126.960924700000021, 37.4946222 ], [ 126.9609436, 37.494759 ] ] } },
{ "type": "Feature", "properties": { "학교": "숭실대", "u": "436849858", "v": "8482789908", "key": 0, "osmid": "521279994", "name": "사당로", "highway": "primary", "length": 349.7, "validation_status": "validated", "tmap_hit_routes": 15 }, "geometry": { "type": "LineString", "coordinates": [ [ 126.963264400000014, 37.4924411 ], [ 126.9630493, 37.4926419 ], [ 126.962902899999989, 37.4928366 ], [ 126.9624815, 37.4936954 ], [ 126.962297400000011, 37.494057 ], [ 126.9621223, 37.4942888 ], [ 126.96182730000001, 37.4945174 ], [ 126.9614936, 37.4946476 ], [ 126.9609436, 37.494759 ] ] } },
{ "type": "Feature", "properties": { "학교": "숭실대", "u": "2824759281", "v": "12785639994", "key": 0, "osmid": "521182518", "name": "서달로", "highway": "residential", "length": 61.3, "validation_status": "validated", "tmap_hit_routes": 16 }, "geometry": { "type": "LineString", "coordinates": [ [ 126.9611947, 37.4952503 ], [ 126.9608523, 37.494771 ] ] } },
{ "type": "Feature", "properties": { "학교": "숭실대", "u": "2824759281", "v": "13322228135", "key": 0, "osmid": "278046400", "name": "관악로40길", "highway": "tertiary", "length": 113.6, "validation_status": "validated", "tmap_hit_routes": 4 }, "geometry": { "type": "LineString", "coordinates": [ [ 126.960189700000015, 37.493906100000011 ], [ 126.960199, 37.4939815 ], [ 126.960730799999979, 37.4945888 ], [ 126.9608523, 37.494771 ] ] } },
{ "type": "Feature", "properties": { "학교": "숭실대", "u": "2824759281", "v": "5746089412", "key": 0, "osmid": "521295452", "name": "사당로", "highway": "primary", "length": 116.5, "validation_status": "validated", "tmap_hit_routes": 17 }, "geometry": { "type": "LineString", "coordinates": [ [ 126.9595446, 37.4949183 ], [ 126.96045220000002, 37.4948161 ], [ 126.9608523, 37.494771 ] ] } },
{ "type": "Feature", "properties": { "학교": "숭실대", "u": "14076316446", "v": "5406793587", "key": 0, "osmid": "278199770", "name": "사당로2자길", "highway": "residential", "length": 43.2, "validation_status": "unobserved", "tmap_hit_routes": 0 }, "geometry": { "type": "LineString", "coordinates": [ [ 126.9623021, 37.493693500000013 ], [ 126.962138400000015, 37.4939609 ], [ 126.9620818, 37.4940401 ] ] } },
{ "type": "Feature", "properties": { "학교": "숭실대", "u": "14076316446", "v": "13322228135", "key": 0, "osmid": "1547633103", "name": "", "highway": "service", "length": 244.3, "validation_status": "validated", "tmap_hit_routes": 1 }, "geometry": { "type": "LineString", "coordinates": [ [ 126.960189700000015, 37.493906100000011 ], [ 126.9614466, 37.4932733 ], [ 126.961502300000021, 37.4932556 ], [ 126.961594, 37.4932529 ], [ 126.9616528, 37.4932655 ], [ 126.961718100000013, 37.4933596 ], [ 126.9618642, 37.4935936 ], [ 126.9620818, 37.4940401 ] ] } },
{ "type": "Feature", "properties": { "학교": "숭실대", "u": "8482789908", "v": "8482835723", "key": 0, "osmid": "913262311", "name": "", "highway": "residential", "length": 39.7, "validation_status": "validated", "tmap_hit_routes": 4 }, "geometry": { "type": "LineString", "coordinates": [ [ 126.9628989, 37.4922324 ], [ 126.963264400000014, 37.4924411 ] ] } },
{ "type": "Feature", "properties": { "학교": "숭실대", "u": "8482789908", "v": "8482789903", "key": 0, "osmid": [ 521118329, 521279994 ], "name": "사당로", "highway": "primary", "length": 402.2, "validation_status": "unobserved", "tmap_hit_routes": 0 }, "geometry": { "type": "LineString", "coordinates": [ [ 126.965702, 37.4894677 ], [ 126.965574300000014, 37.4896146 ], [ 126.965326, 37.489829200000017 ], [ 126.964879199999984, 37.490178 ], [ 126.9646891, 37.4904098 ], [ 126.96432080000001, 37.4913981 ], [ 126.9642534, 37.491508499999988 ], [ 126.964140400000019, 37.4916426 ], [ 126.963264400000014, 37.4924411 ] ] } },
{ "type": "Feature", "properties": { "학교": "숭실대", "u": "11413637533", "v": "11413637528", "key": 0, "osmid": "612099146", "name": "", "highway": "footway", "length": 165.5, "validation_status": "validated", "tmap_hit_routes": 7 }, "geometry": { "type": "LineString", "coordinates": [ [ 126.9560891, 37.4909779 ], [ 126.956079100000011, 37.4910759 ], [ 126.956058400000018, 37.491693500000011 ], [ 126.9560919, 37.491873 ], [ 126.9560991, 37.4919113 ], [ 126.956211400000015, 37.4922072 ], [ 126.9562547, 37.492447400000017 ] ] } },
{ "type": "Feature", "properties": { "학교": "숭실대", "u": "1667060265", "v": "6428306251", "key": 0, "osmid": "685865841", "name": "", "highway": "steps", "length": 70.0, "validation_status": "validated", "tmap_hit_routes": 1 }, "geometry": { "type": "LineString", "coordinates": [ [ 126.966403500000013, 37.495182500000013 ], [ 126.967032, 37.4955663 ] ] } },
{ "type": "Feature", "properties": { "학교": "숭실대", "u": "1667060265", "v": "7552260751", "key": 0, "osmid": "154112524", "name": "", "highway": "service", "length": 6.4, "validation_status": "validated", "tmap_hit_routes": 1 }, "geometry": { "type": "LineString", "coordinates": [ [ 126.967092, 37.4955364 ], [ 126.9670584, 37.4955466 ], [ 126.967032, 37.4955663 ] ] } },
{ "type": "Feature", "properties": { "학교": "숭실대", "u": "1667060265", "v": "1667060481", "key": 0, "osmid": "154112524", "name": "", "highway": "service", "length": 151.3, "validation_status": "validated", "tmap_hit_routes": 1 }, "geometry": { "type": "LineString", "coordinates": [ [ 126.9661276, 37.4967006 ], [ 126.9661762, 37.4966153 ], [ 126.9664478, 37.4961153 ], [ 126.966565500000016, 37.4959638 ], [ 126.9666938, 37.4958294 ], [ 126.966878799999989, 37.4956806 ], [ 126.967032, 37.4955663 ] ] } },
{ "type": "Feature", "properties": { "학교": "숭실대", "u": "7552260751", "v": "7552260750", "key": 0, "osmid": "807603698", "name": "", "highway": "steps", "length": 72.0, "validation_status": "unobserved", "tmap_hit_routes": 0 }, "geometry": { "type": "LineString", "coordinates": [ [ 126.9664453, 37.4951409 ], [ 126.967092, 37.4955364 ] ] } },
{ "type": "Feature", "properties": { "학교": "숭실대", "u": "7552260751", "v": "7552118028", "key": 0, "osmid": "154112524", "name": "", "highway": "service", "length": 53.6, "validation_status": "unobserved", "tmap_hit_routes": 0 }, "geometry": { "type": "LineString", "coordinates": [ [ 126.967673500000018, 37.4954046 ], [ 126.9675604, 37.4954174 ], [ 126.967358500000017, 37.4954555 ], [ 126.967092, 37.4955364 ] ] } },
{ "type": "Feature", "properties": { "학교": "숭실대", "u": "1667060481", "v": "1667060965", "key": 0, "osmid": "154112524", "name": "", "highway": "service", "length": 195.0, "validation_status": "validated", "tmap_hit_routes": 2 }, "geometry": { "type": "LineString", "coordinates": [ [ 126.9660334, 37.4984227 ], [ 126.9659493, 37.4982067 ], [ 126.9659079, 37.4980625 ], [ 126.96591789999998, 37.497911 ], [ 126.9659348, 37.497578 ], [ 126.965962800000014, 37.4972661 ], [ 126.9660436, 37.496934799999984 ], [ 126.9660854, 37.4967747 ], [ 126.9661276, 37.4967006 ] ] } },
{ "type": "Feature", "properties": { "학교": "숭실대", "u": "1667060481", "v": "7552118318", "key": 0, "osmid": "807573035", "name": "", "highway": "service", "length": 196.5, "validation_status": "validated", "tmap_hit_routes": 2 }, "geometry": { "type": "LineString", "coordinates": [ [ 126.96791140000002, 37.4977469 ], [ 126.9677508, 37.4976299 ], [ 126.9673556, 37.4973449 ], [ 126.966843600000018, 37.4970314 ], [ 126.9661276, 37.4967006 ] ] } },
{ "type": "Feature", "properties": { "학교": "숭실대", "u": "1667060965", "v": "2943859173", "key": 0, "osmid": "154112482", "name": "", "highway": "service", "length": 83.5, "validation_status": "validated", "tmap_hit_routes": 3 }, "geometry": { "type": "LineString", "coordinates": [ [ 126.965150300000019, 37.4982993 ], [ 126.9652647, 37.4982746 ], [ 126.9654064, 37.4982489 ], [ 126.965492700000013, 37.498252 ], [ 126.9657368, 37.4982885 ], [ 126.965947299999982, 37.498354500000012 ], [ 126.9660334, 37.4984227 ] ] } },
{ "type": "Feature", "properties": { "학교": "숭실대", "u": "1667060965", "v": "1667062355", "key": 0, "osmid": "154112524", "name": "", "highway": "service", "length": 363.4, "validation_status": "unobserved", "tmap_hit_routes": 0 }, "geometry": { "type": "LineString", "coordinates": [ [ 126.9680363, 37.501115 ], [ 126.9678774, 37.5010347 ], [ 126.967784800000018, 37.5009496 ], [ 126.9676862, 37.5008354 ], [ 126.9676219, 37.500746 ], [ 126.9675578, 37.5006221 ], [ 126.967508899999984, 37.5005109 ], [ 126.9674688, 37.500388799999989 ], [ 126.9674266, 37.5002924 ], [ 126.967342, 37.5002044 ], [ 126.9672309, 37.5001357 ], [ 126.96706020000002, 37.5000881 ], [ 126.966940699999981, 37.500035 ], [ 126.966824499999987, 37.4999816 ], [ 126.9667313, 37.4999232 ], [ 126.966662400000018, 37.4998616 ], [ 126.9665956, 37.499737800000013 ], [ 126.9665361, 37.4995963 ], [ 126.966485, 37.4994776 ], [ 126.9664538, 37.4993566 ], [ 126.966414, 37.4992015 ], [ 126.966368, 37.499094499999984 ], [ 126.9663062, 37.4989735 ], [ 126.9662537, 37.4988564 ], [ 126.9661757, 37.4987149 ], [ 126.9661163, 37.4985676 ], [ 126.9660334, 37.4984227 ] ] } },
{ "type": "Feature", "properties": { "학교": "숭실대", "u": "7552118318", "v": "1667060781", "key": 0, "osmid": "807573035", "name": "", "highway": "service", "length": 20.0, "validation_status": "unobserved", "tmap_hit_routes": 0 }, "geometry": { "type": "LineString", "coordinates": [ [ 126.968078500000018, 37.4978688 ], [ 126.96791140000002, 37.4977469 ] ] } },
{ "type": "Feature", "properties": { "학교": "숭실대", "u": "1667060781", "v": "6428306241", "key": 0, "osmid": "807573035", "name": "", "highway": "service", "length": 102.8, "validation_status": "unobserved", "tmap_hit_routes": 0 }, "geometry": { "type": "LineString", "coordinates": [ [ 126.9681254, 37.4987891 ], [ 126.968094799999989, 37.4987202 ], [ 126.968078500000018, 37.4978688 ] ] } },
{ "type": "Feature", "properties": { "학교": "숭실대", "u": "6428306241", "v": "6428306229", "key": 0, "osmid": "807573035", "name": "", "highway": "service", "length": 21.2, "validation_status": "unobserved", "tmap_hit_routes": 0 }, "geometry": { "type": "LineString", "coordinates": [ [ 126.9683553, 37.4988351 ], [ 126.968208899999979, 37.49882 ], [ 126.9681254, 37.4987891 ] ] } },
{ "type": "Feature", "properties": { "학교": "숭실대", "u": "6428306241", "v": "6428306232", "key": 0, "osmid": "807984571", "name": "", "highway": "service", "length": 45.0, "validation_status": "unobserved", "tmap_hit_routes": 0 }, "geometry": { "type": "LineString", "coordinates": [ [ 126.9679912, 37.4991568 ], [ 126.967968, 37.499049 ], [ 126.9680848, 37.4989286 ], [ 126.9681254, 37.4987891 ] ] } },
{ "type": "Feature", "properties": { "학교": "숭실대", "u": "1667060931", "v": "2943859173", "key": 0, "osmid": "154112482", "name": "", "highway": "service", "length": 10.0, "validation_status": "validated", "tmap_hit_routes": 5 }, "geometry": { "type": "LineString", "coordinates": [ [ 126.965150300000019, 37.4982993 ], [ 126.965055800000016, 37.4983483 ] ] } },
{ "type": "Feature", "properties": { "학교": "숭실대", "u": "2943859173", "v": "5406793616", "key": 0, "osmid": "154112505", "name": "", "highway": "path", "length": 529.6, "validation_status": "validated", "tmap_hit_routes": 10 }, "geometry": { "type": "LineString", "coordinates": [ [ 126.9630446, 37.4945479 ], [ 126.9630455, 37.494558600000012 ], [ 126.96306220000001, 37.4947473 ], [ 126.9630065, 37.4949389 ], [ 126.9629099, 37.4952189 ], [ 126.9628765, 37.4953634 ], [ 126.9629285, 37.4956493 ], [ 126.962947, 37.4957731 ], [ 126.963002800000012, 37.4958615 ], [ 126.963140200000012, 37.4960856 ], [ 126.96321829999998, 37.4962595 ], [ 126.963223, 37.49638920000001 ], [ 126.9631242, 37.496586500000021 ], [ 126.9630882, 37.4967754 ], [ 126.9630468, 37.4969286 ], [ 126.9630362, 37.4971114 ], [ 126.963140200000012, 37.4972057 ], [ 126.9633409, 37.4972912 ], [ 126.96349690000001, 37.4973767 ], [ 126.9636121, 37.4974858 ], [ 126.963749599999986, 37.4976302 ], [ 126.963861, 37.4976891 ], [ 126.963991099999987, 37.4977216 ], [ 126.9642474, 37.4978218 ], [ 126.9643923, 37.4979456 ], [ 126.9645558, 37.4980399 ], [ 126.964745300000018, 37.4981077 ], [ 126.96498680000002, 37.498149 ], [ 126.9650685, 37.4982345 ], [ 126.965150300000019, 37.4982993 ] ] } },
{ "type": "Feature", "properties": { "학교": "숭실대", "u": "1667062355", "v": "7552118407", "key": 0, "osmid": "154112524", "name": "", "highway": "service", "length": 30.9, "validation_status": "unobserved", "tmap_hit_routes": 0 }, "geometry": { "type": "LineString", "coordinates": [ [ 126.9682801, 37.5013151 ], [ 126.968269, 37.5013049 ], [ 126.9680363, 37.501115 ] ] } },
{ "type": "Feature", "properties": { "학교": "숭실대", "u": "7552118407", "v": "1667062712", "key": 0, "osmid": "154112524", "name": "", "highway": "service", "length": 34.4, "validation_status": "unobserved", "tmap_hit_routes": 0 }, "geometry": { "type": "LineString", "coordinates": [ [ 126.9685347, 37.5015492 ], [ 126.9682801, 37.5013151 ] ] } },
{ "type": "Feature", "properties": { "학교": "숭실대", "u": "7552118407", "v": "7552118406", "key": 0, "osmid": "807588589", "name": "", "highway": "steps", "length": 24.6, "validation_status": "unobserved", "tmap_hit_routes": 0 }, "geometry": { "type": "LineString", "coordinates": [ [ 126.9680607, 37.5014517 ], [ 126.9682801, 37.5013151 ] ] } },
{ "type": "Feature", "properties": { "학교": "숭실대", "u": "4621509674", "v": "4621509675", "key": 0, "osmid": "467543171", "name": "상도로38길", "highway": "service", "length": 140.4, "validation_status": "unobserved", "tmap_hit_routes": 0 }, "geometry": { "type": "LineString", "coordinates": [ [ 126.9487898, 37.5012141 ], [ 126.9479039, 37.5022631 ] ] } },
{ "type": "Feature", "properties": { "학교": "숭실대", "u": "4621509674", "v": "13597219416", "key": 0, "osmid": "467543171", "name": "상도로38길", "highway": "service", "length": 34.2, "validation_status": "unobserved", "tmap_hit_routes": 0 }, "geometry": { "type": "LineString", "coordinates": [ [ 126.9482201, 37.5024416 ], [ 126.9479039, 37.5022631 ] ] } },
{ "type": "Feature", "properties": { "학교": "숭실대", "u": "4621509674", "v": "12857612858", "key": 0, "osmid": "801862820", "name": "상도로38길", "highway": "service", "length": 38.7, "validation_status": "unobserved", "tmap_hit_routes": 0 }, "geometry": { "type": "LineString", "coordinates": [ [ 126.947549, 37.5020586 ], [ 126.9479039, 37.5022631 ] ] } },
{ "type": "Feature", "properties": { "학교": "숭실대", "u": "1872054412", "v": "11413637670", "key": 0, "osmid": "239950337", "name": "", "highway": "service", "length": 14.6, "validation_status": "validated", "tmap_hit_routes": 1 }, "geometry": { "type": "LineString", "coordinates": [ [ 126.9552131, 37.490414600000015 ], [ 126.955136400000015, 37.4905307 ] ] } },
{ "type": "Feature", "properties": { "학교": "숭실대", "u": "1872054412", "v": "11413637794", "key": 0, "osmid": "245411573", "name": "성현로", "highway": "tertiary", "length": 16.2, "validation_status": "unobserved", "tmap_hit_routes": 0 }, "geometry": { "type": "LineString", "coordinates": [ [ 126.9553166, 37.4905574 ], [ 126.955136400000015, 37.4905307 ] ] } },
{ "type": "Feature", "properties": { "학교": "숭실대", "u": "1872054412", "v": "13324709490", "key": 0, "osmid": "245411573", "name": "성현로", "highway": "tertiary", "length": 66.3, "validation_status": "validated", "tmap_hit_routes": 1 }, "geometry": { "type": "LineString", "coordinates": [ [ 126.954424499999988, 37.4903582 ], [ 126.954474, 37.4903878 ], [ 126.954663599999989, 37.4904531 ], [ 126.955136400000015, 37.4905307 ] ] } },
{ "type": "Feature", "properties": { "학교": "숭실대", "u": "11413637670", "v": "11177542025", "key": 0, "osmid": "239950337", "name": "", "highway": "service", "length": 13.2, "validation_status": "bridged", "tmap_hit_routes": 0 }, "geometry": { "type": "LineString", "coordinates": [ [ 126.9552824, 37.4903097 ], [ 126.9552131, 37.490414600000015 ] ] } },
{ "type": "Feature", "properties": { "학교": "숭실대", "u": "11413637670", "v": "11413637576", "key": 0, "osmid": "1230724659", "name": "", "highway": "footway", "length": 14.3, "validation_status": "validated", "tmap_hit_routes": 1 }, "geometry": { "type": "LineString", "coordinates": [ [ 126.955361400000015, 37.490466400000017 ], [ 126.9552131, 37.490414600000015 ] ] } },
{ "type": "Feature", "properties": { "학교": "숭실대", "u": "11413637670", "v": "11413637648", "key": 0, "osmid": "1230724659", "name": "", "highway": "footway", "length": 76.4, "validation_status": "validated", "tmap_hit_routes": 2 }, "geometry": { "type": "LineString", "coordinates": [ [ 126.9544065, 37.4902017 ], [ 126.9545392, 37.4902801 ], [ 126.9547453, 37.490353400000011 ], [ 126.9550361, 37.490397 ], [ 126.9551143, 37.4903991 ], [ 126.9552131, 37.490414600000015 ] ] } },
{ "type": "Feature", "properties": { "학교": "숭실대", "u": "11413637794", "v": "11413637576", "key": 0, "osmid": "1230724614", "name": "", "highway": "footway", "length": 10.9, "validation_status": "validated", "tmap_hit_routes": 1 }, "geometry": { "type": "LineString", "coordinates": [ [ 126.955361400000015, 37.490466400000017 ], [ 126.9553166, 37.4905574 ] ] } },
{ "type": "Feature", "properties": { "학교": "숭실대", "u": "11413637794", "v": "11413637699", "key": 0, "osmid": "1230724614", "name": "", "highway": "footway", "length": 10.6, "validation_status": "validated", "tmap_hit_routes": 1 }, "geometry": { "type": "LineString", "coordinates": [ [ 126.955273, 37.490646 ], [ 126.9553166, 37.4905574 ] ] } },
{ "type": "Feature", "properties": { "학교": "숭실대", "u": "11413637794", "v": "11413637747", "key": 0, "osmid": "245411573", "name": "성현로", "highway": "tertiary", "length": 77.5, "validation_status": "unobserved", "tmap_hit_routes": 0 }, "geometry": { "type": "LineString", "coordinates": [ [ 126.9561172, 37.4908316 ], [ 126.9560348, 37.4908037 ], [ 126.95571990000002, 37.4906617 ], [ 126.955445199999986, 37.4905741 ], [ 126.9553166, 37.4905574 ] ] } },
{ "type": "Feature", "properties": { "학교": "숭실대", "u": "13324709490", "v": "11413637902", "key": 0, "osmid": "245411573", "name": "성현로", "highway": "tertiary", "length": 11.9, "validation_status": "unobserved", "tmap_hit_routes": 0 }, "geometry": { "type": "LineString", "coordinates": [ [ 126.9543187, 37.4902922 ], [ 126.954336899999987, 37.4903057 ], [ 126.954424499999988, 37.4903582 ] ] } },
{ "type": "Feature", "properties": { "학교": "숭실대", "u": "13324709490", "v": "11413637804", "key": 0, "osmid": "1452931857", "name": "", "highway": "service", "length": 11.9, "validation_status": "unobserved", "tmap_hit_routes": 0 }, "geometry": { "type": "LineString", "coordinates": [ [ 126.9543366, 37.4904396 ], [ 126.9543612, 37.49041290000001 ], [ 126.954424499999988, 37.4903582 ] ] } },
{ "type": "Feature", "properties": { "학교": "숭실대", "u": "1872054413", "v": "1872054415", "key": 0, "osmid": "245411573", "name": "성현로", "highway": "tertiary", "length": 13.5, "validation_status": "unobserved", "tmap_hit_routes": 0 }, "geometry": { "type": "LineString", "coordinates": [ [ 126.9536695, 37.4899879 ], [ 126.9535162, 37.4899875 ] ] } },
{ "type": "Feature", "properties": { "학교": "숭실대", "u": "1872054413", "v": "11413637654", "key": 0, "osmid": "245411573", "name": "성현로", "highway": "tertiary", "length": 126.1, "validation_status": "validated", "tmap_hit_routes": 4 }, "geometry": { "type": "LineString", "coordinates": [ [ 126.9524837, 37.4907463 ], [ 126.952761400000014, 37.4904752 ], [ 126.9532554, 37.490088 ], [ 126.9533966, 37.4900101 ], [ 126.9535162, 37.4899875 ] ] } },
{ "type": "Feature", "properties": { "학교": "숭실대", "u": "1872054413", "v": "11413637836", "key": 0, "osmid": [ 1117670433, 912739359 ], "name": "은천로33길", "highway": "residential", "length": 18.4, "validation_status": "unobserved", "tmap_hit_routes": 0 }, "geometry": { "type": "LineString", "coordinates": [ [ 126.9534602, 37.489829 ], [ 126.95349539999998, 37.48990460000001 ], [ 126.9535162, 37.4899875 ] ] } },
{ "type": "Feature", "properties": { "학교": "숭실대", "u": "1872054415", "v": "11413637504", "key": 0, "osmid": "799313344", "name": "", "highway": "service", "length": 18.0, "validation_status": "unobserved", "tmap_hit_routes": 0 }, "geometry": { "type": "LineString", "coordinates": [ [ 126.95365169999998, 37.4898262 ], [ 126.9536695, 37.4899879 ] ] } },
{ "type": "Feature", "properties": { "학교": "숭실대", "u": "1872054415", "v": "11413637902", "key": 0, "osmid": "245411573", "name": "성현로", "highway": "tertiary", "length": 67.3, "validation_status": "unobserved", "tmap_hit_routes": 0 }, "geometry": { "type": "LineString", "coordinates": [ [ 126.9543187, 37.4902922 ], [ 126.9542136, 37.4902184 ], [ 126.9540225, 37.4901043 ], [ 126.9538107, 37.4900205 ], [ 126.9536695, 37.4899879 ] ] } },
{ "type": "Feature", "properties": { "학교": "숭실대", "u": "11413637654", "v": "11413637756", "key": 0, "osmid": "1230724624", "name": "", "highway": "footway", "length": 14.5, "validation_status": "unobserved", "tmap_hit_routes": 0 }, "geometry": { "type": "LineString", "coordinates": [ [ 126.952356, 37.4906649 ], [ 126.9524837, 37.4907463 ] ] } },
{ "type": "Feature", "properties": { "학교": "숭실대", "u": "11413637654", "v": "11413637577", "key": 0, "osmid": "1230724624", "name": "", "highway": "footway", "length": 9.0, "validation_status": "validated", "tmap_hit_routes": 2 }, "geometry": { "type": "LineString", "coordinates": [ [ 126.9525614, 37.4907984 ], [ 126.9524837, 37.4907463 ] ] } },
{ "type": "Feature", "properties": { "학교": "숭실대", "u": "11413637654", "v": "1872054423", "key": 0, "osmid": "245411573", "name": "성현로", "highway": "tertiary", "length": 119.6, "validation_status": "validated", "tmap_hit_routes": 3 }, "geometry": { "type": "LineString", "coordinates": [ [ 126.9514805, 37.491464799999989 ], [ 126.952327900000014, 37.4908984 ], [ 126.9524837, 37.4907463 ] ] } },
{ "type": "Feature", "properties": { "학교": "숭실대", "u": "11413637836", "v": "11413637857", "key": 0, "osmid": "1230724619", "name": "", "highway": "footway", "length": 8.5, "validation_status": "unobserved", "tmap_hit_routes": 0 }, "geometry": { "type": "LineString", "coordinates": [ [ 126.9533644, 37.4898362 ], [ 126.9534602, 37.489829 ] ] } },
{ "type": "Feature", "properties": { "학교": "숭실대", "u": "11413637836", "v": "2161099535", "key": 0, "osmid": "912739359", "name": "은천로33길", "highway": "residential", "length": 114.4, "validation_status": "unobserved", "tmap_hit_routes": 0 }, "geometry": { "type": "LineString", "coordinates": [ [ 126.9528663, 37.4889271 ], [ 126.9529338, 37.489128700000016 ], [ 126.9533714, 37.489638 ], [ 126.9534602, 37.489829 ] ] } },
{ "type": "Feature", "properties": { "학교": "숭실대", "u": "11413637836", "v": "11413637504", "key": 0, "osmid": [ 1230724619, 1230724659 ], "name": "", "highway": "footway", "length": 17.2, "validation_status": "unobserved", "tmap_hit_routes": 0 }, "geometry": { "type": "LineString", "coordinates": [ [ 126.95365169999998, 37.4898262 ], [ 126.953574599999982, 37.4898123 ], [ 126.9534602, 37.489829 ] ] } },
{ "type": "Feature", "properties": { "학교": "숭실대", "u": "11413637504", "v": "2526202678", "key": 0, "osmid": [ 799313344, 245411571 ], "name": "은천로39길", "highway": "service", "length": 116.0, "validation_status": "unobserved", "tmap_hit_routes": 0 }, "geometry": { "type": "LineString", "coordinates": [ [ 126.9531414, 37.488894 ], [ 126.953181500000014, 37.4890149 ], [ 126.9533537, 37.4892378 ], [ 126.9533538, 37.4893823 ], [ 126.9536412, 37.4897315 ], [ 126.95365169999998, 37.4898262 ] ] } },
{ "type": "Feature", "properties": { "학교": "숭실대", "u": "11413637504", "v": "11413637648", "key": 0, "osmid": "1230724659", "name": "", "highway": "footway", "length": 80.6, "validation_status": "unobserved", "tmap_hit_routes": 0 }, "geometry": { "type": "LineString", "coordinates": [ [ 126.9544065, 37.4902017 ], [ 126.954177500000014, 37.4900759 ], [ 126.953752, 37.4898878 ], [ 126.953706200000013, 37.489823200000011 ], [ 126.95365169999998, 37.4898262 ] ] } },
{ "type": "Feature", "properties": { "학교": "숭실대", "u": "11413637902", "v": "11413637648", "key": 0, "osmid": "1230724627", "name": "", "highway": "footway", "length": 12.7, "validation_status": "unobserved", "tmap_hit_routes": 0 }, "geometry": { "type": "LineString", "coordinates": [ [ 126.9544065, 37.4902017 ], [ 126.9543187, 37.4902922 ] ] } },
{ "type": "Feature", "properties": { "학교": "숭실대", "u": "11413637902", "v": "11413637492", "key": 0, "osmid": "1230724627", "name": "", "highway": "footway", "length": 11.4, "validation_status": "unobserved", "tmap_hit_routes": 0 }, "geometry": { "type": "LineString", "coordinates": [ [ 126.9542396, 37.4903737 ], [ 126.9543187, 37.4902922 ] ] } },
{ "type": "Feature", "properties": { "학교": "숭실대", "u": "1872054423", "v": "11413637545", "key": 0, "osmid": "245411573", "name": "성현로", "highway": "tertiary", "length": 15.9, "validation_status": "validated", "tmap_hit_routes": 3 }, "geometry": { "type": "LineString", "coordinates": [ [ 126.951333600000012, 37.4915474 ], [ 126.9514805, 37.491464799999989 ] ] } },
{ "type": "Feature", "properties": { "학교": "숭실대", "u": "1872054423", "v": "11413637841", "key": 0, "osmid": "278439046", "name": "", "highway": "service", "length": 14.5, "validation_status": "unobserved", "tmap_hit_routes": 0 }, "geometry": { "type": "LineString", "coordinates": [ [ 126.951377, 37.491363300000025 ], [ 126.9514805, 37.491464799999989 ] ] } },
{ "type": "Feature", "properties": { "학교": "숭실대", "u": "11413637545", "v": "1872054458", "key": 0, "osmid": "245411573", "name": "성현로", "highway": "tertiary", "length": 27.9, "validation_status": "validated", "tmap_hit_routes": 1 }, "geometry": { "type": "LineString", "coordinates": [ [ 126.9510758, 37.4916924 ], [ 126.951333600000012, 37.4915474 ] ] } },
{ "type": "Feature", "properties": { "학교": "숭실대", "u": "11413637545", "v": "11413637488", "key": 0, "osmid": "1230724641", "name": "", "highway": "footway", "length": 13.1, "validation_status": "unobserved", "tmap_hit_routes": 0 }, "geometry": { "type": "LineString", "coordinates": [ [ 126.9512414, 37.4914555 ], [ 126.951333600000012, 37.4915474 ] ] } },
{ "type": "Feature", "properties": { "학교": "숭실대", "u": "11413637545", "v": "11413637659", "key": 0, "osmid": "1230724641", "name": "", "highway": "footway", "length": 8.2, "validation_status": "validated", "tmap_hit_routes": 2 }, "geometry": { "type": "LineString", "coordinates": [ [ 126.951391500000014, 37.4916052 ], [ 126.951333600000012, 37.4915474 ] ] } },
{ "type": "Feature", "properties": { "학교": "숭실대", "u": "11413637841", "v": "2828072309", "key": 0, "osmid": "278439046", "name": "", "highway": "service", "length": 65.7, "validation_status": "unobserved", "tmap_hit_routes": 0 }, "geometry": { "type": "LineString", "coordinates": [ [ 126.9509086, 37.4909038 ], [ 126.951377, 37.491363300000025 ] ] } },
{ "type": "Feature", "properties": { "학교": "숭실대", "u": "11413637841", "v": "11413637488", "key": 0, "osmid": "1230724652", "name": "", "highway": "footway", "length": 15.8, "validation_status": "unobserved", "tmap_hit_routes": 0 }, "geometry": { "type": "LineString", "coordinates": [ [ 126.9512414, 37.4914555 ], [ 126.951377, 37.491363300000025 ] ] } },
{ "type": "Feature", "properties": { "학교": "숭실대", "u": "11413637841", "v": "11413637756", "key": 0, "osmid": "1230724652", "name": "", "highway": "footway", "length": 116.6, "validation_status": "unobserved", "tmap_hit_routes": 0 }, "geometry": { "type": "LineString", "coordinates": [ [ 126.952356, 37.4906649 ], [ 126.9521874, 37.4908189 ], [ 126.9519448, 37.4910194 ], [ 126.9516716, 37.4911763 ], [ 126.951377, 37.491363300000025 ] ] } },
{ "type": "Feature", "properties": { "학교": "숭실대", "u": "1872054458", "v": "11413637563", "key": 0, "osmid": "1230724657", "name": "", "highway": "service", "length": 8.8, "validation_status": "bridged", "tmap_hit_routes": 0 }, "geometry": { "type": "LineString", "coordinates": [ [ 126.95111559999998, 37.4917652 ], [ 126.9510758, 37.4916924 ] ] } },
{ "type": "Feature", "properties": { "학교": "숭실대", "u": "1872054458", "v": "11413637790", "key": 0, "osmid": "245411573", "name": "성현로", "highway": "tertiary", "length": 178.1, "validation_status": "unobserved", "tmap_hit_routes": 0 }, "geometry": { "type": "LineString", "coordinates": [ [ 126.9491706, 37.4922096 ], [ 126.950647800000013, 37.4918583 ], [ 126.9510758, 37.4916924 ] ] } },
{ "type": "Feature", "properties": { "학교": "숭실대", "u": "11413637563", "v": "11413637659", "key": 0, "osmid": "612099146", "name": "", "highway": "footway", "length": 30.2, "validation_status": "unobserved", "tmap_hit_routes": 0 }, "geometry": { "type": "LineString", "coordinates": [ [ 126.951391500000014, 37.4916052 ], [ 126.9512297, 37.4917016 ], [ 126.95111559999998, 37.4917652 ] ] } },
{ "type": "Feature", "properties": { "학교": "숭실대", "u": "11413637563", "v": "11413637898", "key": 0, "osmid": "612099146", "name": "", "highway": "footway", "length": 179.7, "validation_status": "validated", "tmap_hit_routes": 1 }, "geometry": { "type": "LineString", "coordinates": [ [ 126.9492038, 37.492289600000014 ], [ 126.9497313, 37.492183 ], [ 126.9501124, 37.4921078 ], [ 126.950483, 37.4919967 ], [ 126.950795900000017, 37.49192570000001 ], [ 126.9510378, 37.491808499999983 ], [ 126.95111559999998, 37.4917652 ] ] } },
{ "type": "Feature", "properties": { "학교": "숭실대", "u": "11413637563", "v": "11413637721", "key": 0, "osmid": "1230724657", "name": "", "highway": "service", "length": 122.6, "validation_status": "validated", "tmap_hit_routes": 1 }, "geometry": { "type": "LineString", "coordinates": [ [ 126.9501085, 37.4922639 ], [ 126.950086700000014, 37.4922083 ], [ 126.9501417, 37.492172 ], [ 126.9503654, 37.4921128 ], [ 126.9507182, 37.4920259 ], [ 126.951103599999982, 37.4919368 ], [ 126.9511586, 37.4918573 ], [ 126.95111559999998, 37.4917652 ] ] } },
{ "type": "Feature", "properties": { "학교": "숭실대", "u": "11413637790", "v": "1872054473", "key": 0, "osmid": "245411573", "name": "성현로", "highway": "tertiary", "length": 15.8, "validation_status": "unobserved", "tmap_hit_routes": 0 }, "geometry": { "type": "LineString", "coordinates": [ [ 126.948999, 37.4922507 ], [ 126.9491706, 37.4922096 ] ] } },
{ "type": "Feature", "properties": { "학교": "숭실대", "u": "11413637790", "v": "11413637898", "key": 0, "osmid": "1230724696", "name": "", "highway": "footway", "length": 9.4, "validation_status": "unobserved", "tmap_hit_routes": 0 }, "geometry": { "type": "LineString", "coordinates": [ [ 126.9492038, 37.492289600000014 ], [ 126.9491706, 37.4922096 ] ] } },
{ "type": "Feature", "properties": { "학교": "숭실대", "u": "11413637790", "v": "11413637515", "key": 0, "osmid": "1230724696", "name": "", "highway": "footway", "length": 9.2, "validation_status": "unobserved", "tmap_hit_routes": 0 }, "geometry": { "type": "LineString", "coordinates": [ [ 126.949138, 37.492130700000018 ], [ 126.9491706, 37.4922096 ] ] } },
{ "type": "Feature", "properties": { "학교": "숭실대", "u": "1872054473", "v": "11413637519", "key": 0, "osmid": "245411573", "name": "성현로", "highway": "tertiary", "length": 21.0, "validation_status": "unobserved", "tmap_hit_routes": 0 }, "geometry": { "type": "LineString", "coordinates": [ [ 126.948769900000016, 37.4923013 ], [ 126.948999, 37.4922507 ] ] } },
{ "type": "Feature", "properties": { "학교": "숭실대", "u": "1872054473", "v": "11413637620", "key": 0, "osmid": "1133800923", "name": "상도로50길", "highway": "residential", "length": 9.9, "validation_status": "unobserved", "tmap_hit_routes": 0 }, "geometry": { "type": "LineString", "coordinates": [ [ 126.9490455, 37.4923314 ], [ 126.948999, 37.4922507 ] ] } },
{ "type": "Feature", "properties": { "학교": "숭실대", "u": "11413637519", "v": "11413637620", "key": 0, "osmid": [ 1230724656, 612099146 ], "name": "", "highway": "footway", "length": 31.8, "validation_status": "unobserved", "tmap_hit_routes": 0 }, "geometry": { "type": "LineString", "coordinates": [ [ 126.9490455, 37.4923314 ], [ 126.9489383, 37.4923562 ], [ 126.9488115, 37.492387400000013 ], [ 126.948769900000016, 37.4923013 ] ] } },
{ "type": "Feature", "properties": { "학교": "숭실대", "u": "11413637519", "v": "11413637515", "key": 0, "osmid": [ 1230724656, 1230724652 ], "name": "", "highway": "footway", "length": 44.3, "validation_status": "unobserved", "tmap_hit_routes": 0 }, "geometry": { "type": "LineString", "coordinates": [ [ 126.949138, 37.492130700000018 ], [ 126.948748900000012, 37.4922283 ], [ 126.948769900000016, 37.4923013 ] ] } },
{ "type": "Feature", "properties": { "학교": "숭실대", "u": "11413637620", "v": "11413637898", "key": 0, "osmid": "612099146", "name": "", "highway": "footway", "length": 14.7, "validation_status": "unobserved", "tmap_hit_routes": 0 }, "geometry": { "type": "LineString", "coordinates": [ [ 126.9492038, 37.492289600000014 ], [ 126.9490455, 37.4923314 ] ] } },
{ "type": "Feature", "properties": { "학교": "숭실대", "u": "11413637620", "v": "3382528795", "key": 0, "osmid": "1133800923", "name": "상도로50길", "highway": "residential", "length": 78.2, "validation_status": "unobserved", "tmap_hit_routes": 0 }, "geometry": { "type": "LineString", "coordinates": [ [ 126.9493757, 37.4929832 ], [ 126.949251700000019, 37.4926898 ], [ 126.9490455, 37.4923314 ] ] } },
{ "type": "Feature", "properties": { "학교": "숭실대", "u": "11413637747", "v": "11413637622", "key": 0, "osmid": "1230724681", "name": "", "highway": "footway", "length": 10.9, "validation_status": "unobserved", "tmap_hit_routes": 0 }, "geometry": { "type": "LineString", "coordinates": [ [ 126.956172100000018, 37.4907442 ], [ 126.9561172, 37.4908316 ] ] } },
{ "type": "Feature", "properties": { "학교": "숭실대", "u": "11413637747", "v": "11413637910", "key": 0, "osmid": "1230724681", "name": "", "highway": "footway", "length": 13.9, "validation_status": "unobserved", "tmap_hit_routes": 0 }, "geometry": { "type": "LineString", "coordinates": [ [ 126.9560471, 37.4909432 ], [ 126.9561172, 37.4908316 ] ] } },
{ "type": "Feature", "properties": { "학교": "숭실대", "u": "2161099516", "v": "11413637597", "key": 0, "osmid": "206108965", "name": "은천로35라길", "highway": "service", "length": 11.0, "validation_status": "unobserved", "tmap_hit_routes": 0 }, "geometry": { "type": "LineString", "coordinates": [ [ 126.9522976, 37.4881294 ], [ 126.9521796, 37.488162200000012 ] ] } },
{ "type": "Feature", "properties": { "학교": "숭실대", "u": "2161099516", "v": "11413637690", "key": 0, "osmid": "549132418", "name": "은천로33길", "highway": "residential", "length": 19.3, "validation_status": "unobserved", "tmap_hit_routes": 0 }, "geometry": { "type": "LineString", "coordinates": [ [ 126.9520962, 37.4880019 ], [ 126.9521796, 37.488162200000012 ] ] } },
{ "type": "Feature", "properties": { "학교": "숭실대", "u": "2161099516", "v": "2161099566", "key": 0, "osmid": "1117670432", "name": "", "highway": "residential", "length": 14.8, "validation_status": "unobserved", "tmap_hit_routes": 0 }, "geometry": { "type": "LineString", "coordinates": [ [ 126.9522785, 37.48827 ], [ 126.9521796, 37.488162200000012 ] ] } },
{ "type": "Feature", "properties": { "학교": "숭실대", "u": "2161099516", "v": "11413637471", "key": 0, "osmid": "278439051", "name": "", "highway": "service", "length": 34.9, "validation_status": "unobserved", "tmap_hit_routes": 0 }, "geometry": { "type": "LineString", "coordinates": [ [ 126.951952299999988, 37.4884187 ], [ 126.9520854, 37.48828 ], [ 126.9521796, 37.488162200000012 ] ] } },
{ "type": "Feature", "properties": { "학교": "숭실대", "u": "11413637597", "v": "2161099597", "key": 0, "osmid": "206108965", "name": "은천로35라길", "highway": "service", "length": 12.5, "validation_status": "unobserved", "tmap_hit_routes": 0 }, "geometry": { "type": "LineString", "coordinates": [ [ 126.9524334, 37.488098 ], [ 126.9522976, 37.4881294 ] ] } },
{ "type": "Feature", "properties": { "학교": "숭실대", "u": "11413637597", "v": "11413637634", "key": 0, "osmid": "1230724674", "name": "", "highway": "footway", "length": 9.0, "validation_status": "unobserved", "tmap_hit_routes": 0 }, "geometry": { "type": "LineString", "coordinates": [ [ 126.952344499999981, 37.4882011 ], [ 126.9522976, 37.4881294 ] ] } },
{ "type": "Feature", "properties": { "학교": "숭실대", "u": "11413637597", "v": "11413637634", "key": 1, "osmid": "1230724678", "name": "", "highway": "footway", "length": 9.0, "validation_status": "unobserved", "tmap_hit_routes": 0 }, "geometry": { "type": "LineString", "coordinates": [ [ 126.952344499999981, 37.4882011 ], [ 126.9522976, 37.4881294 ] ] } },
{ "type": "Feature", "properties": { "학교": "숭실대", "u": "11413637597", "v": "11413637639", "key": 0, "osmid": "1230724678", "name": "", "highway": "footway", "length": 21.3, "validation_status": "unobserved", "tmap_hit_routes": 0 }, "geometry": { "type": "LineString", "coordinates": [ [ 126.9521447, 37.487981200000014 ], [ 126.95224039999998, 37.4880642 ], [ 126.9522976, 37.4881294 ] ] } },
{ "type": "Feature", "properties": { "학교": "숭실대", "u": "11413637690", "v": "11413637639", "key": 0, "osmid": "1230724639", "name": "", "highway": "footway", "length": 4.9, "validation_status": "unobserved", "tmap_hit_routes": 0 }, "geometry": { "type": "LineString", "coordinates": [ [ 126.9521447, 37.487981200000014 ], [ 126.9520962, 37.4880019 ] ] } },
{ "type": "Feature", "properties": { "학교": "숭실대", "u": "11413637690", "v": "11413637877", "key": 0, "osmid": "1230724639", "name": "", "highway": "footway", "length": 7.2, "validation_status": "unobserved", "tmap_hit_routes": 0 }, "geometry": { "type": "LineString", "coordinates": [ [ 126.9520259, 37.4880339 ], [ 126.9520962, 37.4880019 ] ] } },
{ "type": "Feature", "properties": { "학교": "숭실대", "u": "11413637690", "v": "2161099609", "key": 0, "osmid": "549132418", "name": "은천로33길", "highway": "residential", "length": 30.8, "validation_status": "unobserved", "tmap_hit_routes": 0 }, "geometry": { "type": "LineString", "coordinates": [ [ 126.951961899999986, 37.4877462 ], [ 126.951970200000019, 37.4877609 ], [ 126.9520962, 37.4880019 ] ] } },
{ "type": "Feature", "properties": { "학교": "숭실대", "u": "2161099566", "v": "2161099616", "key": 0, "osmid": "912739359", "name": "은천로33길", "highway": "residential", "length": 41.0, "validation_status": "unobserved", "tmap_hit_routes": 0 }, "geometry": { "type": "LineString", "coordinates": [ [ 126.9526245, 37.4885165 ], [ 126.9522785, 37.48827 ] ] } },
{ "type": "Feature", "properties": { "학교": "숭실대", "u": "2161099566", "v": "11413637634", "key": 0, "osmid": "1230724704", "name": "", "highway": "footway", "length": 9.6, "validation_status": "unobserved", "tmap_hit_routes": 0 }, "geometry": { "type": "LineString", "coordinates": [ [ 126.952344499999981, 37.4882011 ], [ 126.9522785, 37.48827 ] ] } },
{ "type": "Feature", "properties": { "학교": "숭실대", "u": "2161099566", "v": "11413637755", "key": 0, "osmid": "1230724704", "name": "", "highway": "footway", "length": 10.6, "validation_status": "unobserved", "tmap_hit_routes": 0 }, "geometry": { "type": "LineString", "coordinates": [ [ 126.9522078, 37.4883467 ], [ 126.9522785, 37.48827 ] ] } },
{ "type": "Feature", "properties": { "학교": "숭실대", "u": "11413637471", "v": "3980846361", "key": 0, "osmid": "278439051", "name": "", "highway": "service", "length": 81.5, "validation_status": "unobserved", "tmap_hit_routes": 0 }, "geometry": { "type": "LineString", "coordinates": [ [ 126.9513931, 37.489002100000015 ], [ 126.951952299999988, 37.4884187 ] ] } },
{ "type": "Feature", "properties": { "학교": "숭실대", "u": "11413637471", "v": "11413637763", "key": 0, "osmid": "1230724642", "name": "", "highway": "footway", "length": 17.7, "validation_status": "unobserved", "tmap_hit_routes": 0 }, "geometry": { "type": "LineString", "coordinates": [ [ 126.9517968, 37.4883176 ], [ 126.951952299999988, 37.4884187 ] ] } },
{ "type": "Feature", "properties": { "학교": "숭실대", "u": "11413637471", "v": "11413637511", "key": 0, "osmid": "1230724642", "name": "", "highway": "footway", "length": 7.3, "validation_status": "unobserved", "tmap_hit_routes": 0 }, "geometry": { "type": "LineString", "coordinates": [ [ 126.9520151, 37.48846120000001 ], [ 126.951952299999988, 37.4884187 ] ] } },
{ "type": "Feature", "properties": { "학교": "숭실대", "u": "2161099520", "v": "2161099532", "key": 0, "osmid": "206108949", "name": "은천로35길", "highway": "service", "length": 73.5, "validation_status": "unobserved", "tmap_hit_routes": 0 }, "geometry": { "type": "LineString", "coordinates": [ [ 126.9539777, 37.487556 ], [ 126.9531642, 37.4876972 ] ] } },
{ "type": "Feature", "properties": { "학교": "숭실대", "u": "2161099532", "v": "2161099585", "key": 0, "osmid": "206108956", "name": "은천로35길", "highway": "residential", "length": 4.1, "validation_status": "unobserved", "tmap_hit_routes": 0 }, "geometry": { "type": "LineString", "coordinates": [ [ 126.953968799999984, 37.4875925 ], [ 126.9539777, 37.487556 ] ] } },
{ "type": "Feature", "properties": { "학교": "숭실대", "u": "2161099524", "v": "2161099536", "key": 0, "osmid": "206108954", "name": "은천로35바길", "highway": "service", "length": 30.7, "validation_status": "unobserved", "tmap_hit_routes": 0 }, "geometry": { "type": "LineString", "coordinates": [ [ 126.9548492, 37.4882093 ], [ 126.9551936, 37.488172400000018 ] ] } },
{ "type": "Feature", "properties": { "학교": "숭실대", "u": "2161099524", "v": "10222189053", "key": 0, "osmid": "206108953", "name": "은천로39길", "highway": "residential", "length": 66.4, "validation_status": "unobserved", "tmap_hit_routes": 0 }, "geometry": { "type": "LineString", "coordinates": [ [ 126.9554426, 37.4876355 ], [ 126.955457100000018, 37.4877583 ], [ 126.9554471, 37.4878284 ], [ 126.955400199999985, 37.4879449 ], [ 126.9553194, 37.4880484 ], [ 126.9551936, 37.488172400000018 ] ] } },
{ "type": "Feature", "properties": { "학교": "숭실대", "u": "2161099524", "v": "2161099581", "key": 0, "osmid": "206108953", "name": "은천로39길", "highway": "residential", "length": 154.9, "validation_status": "unobserved", "tmap_hit_routes": 0 }, "geometry": { "type": "LineString", "coordinates": [ [ 126.9537456, 37.488817900000015 ], [ 126.954354900000013, 37.4887814 ], [ 126.954635499999981, 37.488641200000011 ], [ 126.9551936, 37.488172400000018 ] ] } },
{ "type": "Feature", "properties": { "학교": "숭실대", "u": "2161099536", "v": "2161099553", "key": 0, "osmid": "206108954", "name": "은천로35바길", "highway": "service", "length": 93.7, "validation_status": "unobserved", "tmap_hit_routes": 0 }, "geometry": { "type": "LineString", "coordinates": [ [ 126.9538002, 37.4883387 ], [ 126.9548492, 37.4882093 ] ] } },
{ "type": "Feature", "properties": { "학교": "숭실대", "u": "2161099536", "v": "2161099584", "key": 0, "osmid": "206108960", "name": "은천로37길", "highway": "service", "length": 44.2, "validation_status": "unobserved", "tmap_hit_routes": 0 }, "geometry": { "type": "LineString", "coordinates": [ [ 126.9547697, 37.487816400000014 ], [ 126.9548492, 37.4882093 ] ] } },
{ "type": "Feature", "properties": { "학교": "숭실대", "u": "2161099581", "v": "2526202678", "key": 0, "osmid": "206108953", "name": "은천로39길", "highway": "residential", "length": 54.0, "validation_status": "unobserved", "tmap_hit_routes": 0 }, "geometry": { "type": "LineString", "coordinates": [ [ 126.9531414, 37.488894 ], [ 126.9537456, 37.488817900000015 ] ] } },
{ "type": "Feature", "properties": { "학교": "숭실대", "u": "2161099581", "v": "2161099553", "key": 0, "osmid": "206108956", "name": "은천로35길", "highway": "residential", "length": 53.5, "validation_status": "unobserved", "tmap_hit_routes": 0 }, "geometry": { "type": "LineString", "coordinates": [ [ 126.9538002, 37.4883387 ], [ 126.9537456, 37.488817900000015 ] ] } },
{ "type": "Feature", "properties": { "학교": "숭실대", "u": "2161099585", "v": "2161099582", "key": 0, "osmid": "206108944", "name": "은천로35길", "highway": "service", "length": 65.4, "validation_status": "unobserved", "tmap_hit_routes": 0 }, "geometry": { "type": "LineString", "coordinates": [ [ 126.954702, 37.4875046 ], [ 126.953968799999984, 37.4875925 ] ] } },
{ "type": "Feature", "properties": { "학교": "숭실대", "u": "2161099585", "v": "2161099598", "key": 0, "osmid": "206108956", "name": "은천로35길", "highway": "residential", "length": 30.8, "validation_status": "unobserved", "tmap_hit_routes": 0 }, "geometry": { "type": "LineString", "coordinates": [ [ 126.953905400000011, 37.48786470000001 ], [ 126.953968799999984, 37.4875925 ] ] } },
{ "type": "Feature", "properties": { "학교": "숭실대", "u": "2161099535", "v": "2526202678", "key": 0, "osmid": "206108953", "name": "은천로39길", "highway": "residential", "length": 24.5, "validation_status": "unobserved", "tmap_hit_routes": 0 }, "geometry": { "type": "LineString", "coordinates": [ [ 126.9531414, 37.488894 ], [ 126.9528663, 37.4889271 ] ] } },
{ "type": "Feature", "properties": { "학교": "숭실대", "u": "2161099535", "v": "2161099616", "key": 0, "osmid": "912739359", "name": "은천로33길", "highway": "residential", "length": 51.0, "validation_status": "unobserved", "tmap_hit_routes": 0 }, "geometry": { "type": "LineString", "coordinates": [ [ 126.9526245, 37.4885165 ], [ 126.952806400000014, 37.4887457 ], [ 126.9528663, 37.4889271 ] ] } },
{ "type": "Feature", "properties": { "학교": "숭실대", "u": "2161099616", "v": "11413637485", "key": 0, "osmid": "206108955", "name": "은천로35마길", "highway": "service", "length": 8.6, "validation_status": "unobserved", "tmap_hit_routes": 0 }, "geometry": { "type": "LineString", "coordinates": [ [ 126.9527182, 37.4884956 ], [ 126.9526245, 37.4885165 ] ] } },
{ "type": "Feature", "properties": { "학교": "숭실대", "u": "2161099553", "v": "11413637485", "key": 0, "osmid": "206108955", "name": "은천로35마길", "highway": "service", "length": 97.0, "validation_status": "unobserved", "tmap_hit_routes": 0 }, "geometry": { "type": "LineString", "coordinates": [ [ 126.9527182, 37.4884956 ], [ 126.9538002, 37.4883387 ] ] } },
{ "type": "Feature", "properties": { "학교": "숭실대", "u": "2161099553", "v": "2161099565", "key": 0, "osmid": "206108956", "name": "은천로35길", "highway": "residential", "length": 48.8, "validation_status": "unobserved", "tmap_hit_routes": 0 }, "geometry": { "type": "LineString", "coordinates": [ [ 126.9538961, 37.487906899999984 ], [ 126.9538002, 37.4883387 ] ] } },
{ "type": "Feature", "properties": { "학교": "숭실대", "u": "2161099584", "v": "2161099582", "key": 0, "osmid": "206108960", "name": "은천로37길", "highway": "service", "length": 35.2, "validation_status": "unobserved", "tmap_hit_routes": 0 }, "geometry": { "type": "LineString", "coordinates": [ [ 126.954702, 37.4875046 ], [ 126.9547697, 37.487816400000014 ] ] } },
{ "type": "Feature", "properties": { "학교": "숭실대", "u": "2161099584", "v": "2161099565", "key": 0, "osmid": "206197214", "name": "은천로35길", "highway": "service", "length": 77.7, "validation_status": "unobserved", "tmap_hit_routes": 0 }, "geometry": { "type": "LineString", "coordinates": [ [ 126.9538961, 37.487906899999984 ], [ 126.9547697, 37.487816400000014 ] ] } },
{ "type": "Feature", "properties": { "학교": "숭실대", "u": "2161099584", "v": "11960804833", "key": 0, "osmid": "206108947", "name": "은천로37길", "highway": "service", "length": 41.8, "validation_status": "unobserved", "tmap_hit_routes": 0 }, "geometry": { "type": "LineString", "coordinates": [ [ 126.9552323, 37.4877937 ], [ 126.9548546, 37.4878418 ], [ 126.9547697, 37.487816400000014 ] ] } },
{ "type": "Feature", "properties": { "학교": "숭실대", "u": "2161099537", "v": "2161099582", "key": 0, "osmid": "206197221", "name": "은천로37길", "highway": "service", "length": 37.4, "validation_status": "unobserved", "tmap_hit_routes": 0 }, "geometry": { "type": "LineString", "coordinates": [ [ 126.954702, 37.4875046 ], [ 126.955120899999983, 37.4874509 ] ] } },
{ "type": "Feature", "properties": { "학교": "숭실대", "u": "2161099543", "v": "2161099575", "key": 0, "osmid": "206108946", "name": "은천로35다길", "highway": "service", "length": 28.3, "validation_status": "unobserved", "tmap_hit_routes": 0 }, "geometry": { "type": "LineString", "coordinates": [ [ 126.9529089, 37.487332399999985 ], [ 126.952598899999984, 37.4873969 ] ] } },
{ "type": "Feature", "properties": { "학교": "숭실대", "u": "2161099543", "v": "2161099576", "key": 0, "osmid": "206108962", "name": "은천로35다길", "highway": "service", "length": 73.6, "validation_status": "unobserved", "tmap_hit_routes": 0 }, "geometry": { "type": "LineString", "coordinates": [ [ 126.952739, 37.4880495 ], [ 126.952598899999984, 37.4873969 ] ] } },
{ "type": "Feature", "properties": { "학교": "숭실대", "u": "2161099543", "v": "2161099597", "key": 0, "osmid": "206108946", "name": "은천로35다길", "highway": "service", "length": 103.0, "validation_status": "unobserved", "tmap_hit_routes": 0 }, "geometry": { "type": "LineString", "coordinates": [ [ 126.9524334, 37.488098 ], [ 126.952277200000012, 37.487443099999986 ], [ 126.952598899999984, 37.4873969 ] ] } },
{ "type": "Feature", "properties": { "학교": "숭실대", "u": "2161099575", "v": "2161099600", "key": 0, "osmid": "206108958", "name": "은천로35다길", "highway": "service", "length": 75.8, "validation_status": "unobserved", "tmap_hit_routes": 0 }, "geometry": { "type": "LineString", "coordinates": [ [ 126.9530342, 37.4880072 ], [ 126.9529089, 37.487332399999985 ] ] } },
{ "type": "Feature", "properties": { "학교": "숭실대", "u": "2161099576", "v": "2161099600", "key": 0, "osmid": "206108965", "name": "은천로35라길", "highway": "service", "length": 26.5, "validation_status": "unobserved", "tmap_hit_routes": 0 }, "geometry": { "type": "LineString", "coordinates": [ [ 126.9530342, 37.4880072 ], [ 126.952739, 37.4880495 ] ] } },
{ "type": "Feature", "properties": { "학교": "숭실대", "u": "2161099576", "v": "2161099597", "key": 0, "osmid": "206108965", "name": "은천로35라길", "highway": "service", "length": 27.5, "validation_status": "unobserved", "tmap_hit_routes": 0 }, "geometry": { "type": "LineString", "coordinates": [ [ 126.9524334, 37.488098 ], [ 126.952739, 37.4880495 ] ] } },
{ "type": "Feature", "properties": { "학교": "숭실대", "u": "2161099548", "v": "2162056331", "key": 0, "osmid": "206197215", "name": "관악로", "highway": "service", "length": 96.6, "validation_status": "unobserved", "tmap_hit_routes": 0 }, "geometry": { "type": "LineString", "coordinates": [ [ 126.9579534, 37.4884698 ], [ 126.9568605, 37.4884118 ] ] } },
{ "type": "Feature", "properties": { "학교": "숭실대", "u": "2161099548", "v": "2162056334", "key": 0, "osmid": "206108961", "name": "관악로37길", "highway": "residential", "length": 96.7, "validation_status": "unobserved", "tmap_hit_routes": 0 }, "geometry": { "type": "LineString", "coordinates": [ [ 126.9567447, 37.4876226 ], [ 126.9569115, 37.4877631 ], [ 126.9569412, 37.4878056 ], [ 126.956956300000016, 37.487875 ], [ 126.956979800000013, 37.4880801 ], [ 126.9569824, 37.4881799 ], [ 126.9569304, 37.4882961 ], [ 126.9568605, 37.4884118 ] ] } },
{ "type": "Feature", "properties": { "학교": "숭실대", "u": "2161099548", "v": "10701233216", "key": 0, "osmid": "206108961", "name": "관악로37길", "highway": "residential", "length": 27.2, "validation_status": "unobserved", "tmap_hit_routes": 0 }, "geometry": { "type": "LineString", "coordinates": [ [ 126.9567888, 37.4886495 ], [ 126.9568443, 37.4884722 ], [ 126.9568605, 37.4884118 ] ] } },
{ "type": "Feature", "properties": { "학교": "숭실대", "u": "2162056331", "v": "8537501421", "key": 0, "osmid": "919243261", "name": "관악로", "highway": "primary", "length": 44.7, "validation_status": "unobserved", "tmap_hit_routes": 0 }, "geometry": { "type": "LineString", "coordinates": [ [ 126.957773, 37.488844300000011 ], [ 126.9579122, 37.4885977 ], [ 126.9579534, 37.4884698 ] ] } },
{ "type": "Feature", "properties": { "학교": "숭실대", "u": "2162056334", "v": "10701233233", "key": 0, "osmid": "206197220", "name": "관악로", "highway": "residential", "length": 32.8, "validation_status": "unobserved", "tmap_hit_routes": 0 }, "geometry": { "type": "LineString", "coordinates": [ [ 126.9568146, 37.487341 ], [ 126.9567706, 37.4874339 ], [ 126.9567579, 37.487497399999988 ], [ 126.9567573, 37.487556 ], [ 126.956763400000014, 37.4876078 ], [ 126.9567447, 37.4876226 ] ] } },
{ "type": "Feature", "properties": { "학교": "숭실대", "u": "10701233216", "v": "2162056432", "key": 0, "osmid": "206108961", "name": "관악로37길", "highway": "residential", "length": 17.3, "validation_status": "validated", "tmap_hit_routes": 1 }, "geometry": { "type": "LineString", "coordinates": [ [ 126.956763200000012, 37.4888032 ], [ 126.9567759, 37.4886906 ], [ 126.9567888, 37.4886495 ] ] } },
{ "type": "Feature", "properties": { "학교": "숭실대", "u": "10701233216", "v": "10701233213", "key": 0, "osmid": "1150363035", "name": "", "highway": "service", "length": 21.8, "validation_status": "unobserved", "tmap_hit_routes": 0 }, "geometry": { "type": "LineString", "coordinates": [ [ 126.956560900000014, 37.48858 ], [ 126.956671699999987, 37.4886296 ], [ 126.9567888, 37.4886495 ] ] } },
{ "type": "Feature", "properties": { "학교": "숭실대", "u": "2161099551", "v": "2162056432", "key": 0, "osmid": "206108961", "name": "관악로37길", "highway": "residential", "length": 35.4, "validation_status": "validated", "tmap_hit_routes": 1 }, "geometry": { "type": "LineString", "coordinates": [ [ 126.956763200000012, 37.4888032 ], [ 126.956747599999986, 37.4891216 ] ] } },
{ "type": "Feature", "properties": { "학교": "숭실대", "u": "2161099551", "v": "10701233221", "key": 0, "osmid": "206108961", "name": "관악로37길", "highway": "residential", "length": 13.5, "validation_status": "validated", "tmap_hit_routes": 1 }, "geometry": { "type": "LineString", "coordinates": [ [ 126.9569007, 37.4891243 ], [ 126.956747599999986, 37.4891216 ] ] } },
{ "type": "Feature", "properties": { "학교": "숭실대", "u": "2161099551", "v": "10701233217", "key": 0, "osmid": "245411574", "name": "", "highway": "service", "length": 31.6, "validation_status": "validated", "tmap_hit_routes": 1 }, "geometry": { "type": "LineString", "coordinates": [ [ 126.95640880000002, 37.4890351 ], [ 126.956465, 37.489061700000015 ], [ 126.956747599999986, 37.4891216 ] ] } },
{ "type": "Feature", "properties": { "학교": "숭실대", "u": "2162056432", "v": "8537501421", "key": 0, "osmid": "206197219", "name": "관악로", "highway": "service", "length": 91.1, "validation_status": "unobserved", "tmap_hit_routes": 0 }, "geometry": { "type": "LineString", "coordinates": [ [ 126.957773, 37.488844300000011 ], [ 126.9576186, 37.488786099999984 ], [ 126.9575687, 37.4887748 ], [ 126.957391799999982, 37.488758499999989 ], [ 126.956763200000012, 37.4888032 ] ] } },
{ "type": "Feature", "properties": { "학교": "숭실대", "u": "10701233221", "v": "10792799832", "key": 0, "osmid": "206108961", "name": "관악로37길", "highway": "residential", "length": 55.8, "validation_status": "validated", "tmap_hit_routes": 1 }, "geometry": { "type": "LineString", "coordinates": [ [ 126.9575053, 37.4892338 ], [ 126.95733730000002, 37.4891563 ], [ 126.9569007, 37.4891243 ] ] } },
{ "type": "Feature", "properties": { "학교": "숭실대", "u": "10701233221", "v": "10701233223", "key": 0, "osmid": "1150363037", "name": "", "highway": "service", "length": 54.0, "validation_status": "unobserved", "tmap_hit_routes": 0 }, "geometry": { "type": "LineString", "coordinates": [ [ 126.956650300000021, 37.4895594 ], [ 126.956896900000018, 37.4892054 ], [ 126.9569007, 37.4891243 ] ] } },
{ "type": "Feature", "properties": { "학교": "숭실대", "u": "10701233217", "v": "2477233574", "key": 0, "osmid": "245411574", "name": "", "highway": "service", "length": 16.8, "validation_status": "unobserved", "tmap_hit_routes": 0 }, "geometry": { "type": "LineString", "coordinates": [ [ 126.9562458, 37.4889578 ], [ 126.95640880000002, 37.4890351 ] ] } },
{ "type": "Feature", "properties": { "학교": "숭실대", "u": "10701233217", "v": "10701233218", "key": 0, "osmid": "1150363036", "name": "", "highway": "service", "length": 32.5, "validation_status": "unobserved", "tmap_hit_routes": 0 }, "geometry": { "type": "LineString", "coordinates": [ [ 126.956578300000018, 37.4887756 ], [ 126.95640880000002, 37.4890351 ] ] } },
{ "type": "Feature", "properties": { "학교": "숭실대", "u": "11413637485", "v": "11413637634", "key": 0, "osmid": "1230724674", "name": "", "highway": "footway", "length": 46.5, "validation_status": "unobserved", "tmap_hit_routes": 0 }, "geometry": { "type": "LineString", "coordinates": [ [ 126.952344499999981, 37.4882011 ], [ 126.952467499999983, 37.488297899999985 ], [ 126.9527182, 37.4884956 ] ] } },
{ "type": "Feature", "properties": { "학교": "숭실대", "u": "2161099565", "v": "2161099598", "key": 0, "osmid": "206108956", "name": "은천로35길", "highway": "residential", "length": 4.8, "validation_status": "unobserved", "tmap_hit_routes": 0 }, "geometry": { "type": "LineString", "coordinates": [ [ 126.953905400000011, 37.48786470000001 ], [ 126.9538961, 37.487906899999984 ] ] } },
{ "type": "Feature", "properties": { "학교": "숭실대", "u": "2161099598", "v": "2161099600", "key": 0, "osmid": "206108965", "name": "은천로35라길", "highway": "service", "length": 78.5, "validation_status": "unobserved", "tmap_hit_routes": 0 }, "geometry": { "type": "LineString", "coordinates": [ [ 126.9530342, 37.4880072 ], [ 126.953905400000011, 37.48786470000001 ] ] } },
{ "type": "Feature", "properties": { "학교": "숭실대", "u": "11413637755", "v": "11413637511", "key": 0, "osmid": "1230724637", "name": "", "highway": "footway", "length": 22.9, "validation_status": "unobserved", "tmap_hit_routes": 0 }, "geometry": { "type": "LineString", "coordinates": [ [ 126.9520151, 37.48846120000001 ], [ 126.95212810000001, 37.4883502 ], [ 126.9522078, 37.4883467 ] ] } },
{ "type": "Feature", "properties": { "학교": "숭실대", "u": "11413637755", "v": "11413637857", "key": 0, "osmid": "1230724637", "name": "", "highway": "footway", "length": 198.8, "validation_status": "unobserved", "tmap_hit_routes": 0 }, "geometry": { "type": "LineString", "coordinates": [ [ 126.9533644, 37.4898362 ], [ 126.95329510000002, 37.4897011 ], [ 126.953181500000014, 37.4895693 ], [ 126.9530744, 37.489442900000029 ], [ 126.952981099999988, 37.4893436 ], [ 126.952833199999986, 37.4891646 ], [ 126.9527924, 37.489045 ], [ 126.9527004, 37.488770700000011 ], [ 126.952666300000018, 37.4887098 ], [ 126.952599400000011, 37.48863 ], [ 126.9523276, 37.488414399999989 ], [ 126.9522078, 37.4883467 ] ] } },
{ "type": "Feature", "properties": { "학교": "숭실대", "u": "2161099603", "v": "2161099609", "key": 0, "osmid": "549132418", "name": "은천로33길", "highway": "residential", "length": 15.4, "validation_status": "unobserved", "tmap_hit_routes": 0 }, "geometry": { "type": "LineString", "coordinates": [ [ 126.951961899999986, 37.4877462 ], [ 126.951955, 37.4877305 ], [ 126.9519507, 37.487713600000014 ], [ 126.9519488, 37.4876949 ], [ 126.9519486, 37.4876711 ], [ 126.9519494, 37.4876474 ], [ 126.951951099999988, 37.4876094 ] ] } },
{ "type": "Feature", "properties": { "학교": "숭실대", "u": "2161099603", "v": "11413637639", "key": 0, "osmid": [ 1230724678, 1230724623 ], "name": "", "highway": "footway", "length": 49.8, "validation_status": "unobserved", "tmap_hit_routes": 0 }, "geometry": { "type": "LineString", "coordinates": [ [ 126.9521447, 37.487981200000014 ], [ 126.9520901, 37.4879027 ], [ 126.952041, 37.4877986 ], [ 126.9519991, 37.487708199999986 ], [ 126.952014199999979, 37.4876083 ], [ 126.951951099999988, 37.4876094 ] ] } },
{ "type": "Feature", "properties": { "학교": "숭실대", "u": "2161099603", "v": "11413637754", "key": 0, "osmid": [ 1230724621, 1230724623 ], "name": "", "highway": "footway", "length": 14.0, "validation_status": "unobserved", "tmap_hit_routes": 0 }, "geometry": { "type": "LineString", "coordinates": [ [ 126.951843, 37.4876731 ], [ 126.9518856, 37.487662899999982 ], [ 126.951906, 37.4876102 ], [ 126.951951099999988, 37.4876094 ] ] } },
{ "type": "Feature", "properties": { "학교": "숭실대", "u": "2161099609", "v": "11413637700", "key": 0, "osmid": "206197223", "name": "은천로25가길", "highway": "residential", "length": 10.8, "validation_status": "unobserved", "tmap_hit_routes": 0 }, "geometry": { "type": "LineString", "coordinates": [ [ 126.9518396, 37.4877434 ], [ 126.951961899999986, 37.4877462 ] ] } },
{ "type": "Feature", "properties": { "학교": "숭실대", "u": "11413637754", "v": "11413637700", "key": 0, "osmid": "1230724683", "name": "", "highway": "footway", "length": 7.8, "validation_status": "unobserved", "tmap_hit_routes": 0 }, "geometry": { "type": "LineString", "coordinates": [ [ 126.9518396, 37.4877434 ], [ 126.951843, 37.4876731 ] ] } },
{ "type": "Feature", "properties": { "학교": "숭실대", "u": "11413637754", "v": "11413637932", "key": 0, "osmid": "1230724621", "name": "", "highway": "footway", "length": 99.2, "validation_status": "unobserved", "tmap_hit_routes": 0 }, "geometry": { "type": "LineString", "coordinates": [ [ 126.950733200000016, 37.4877604 ], [ 126.9509212, 37.4877608 ], [ 126.9511231, 37.4877374 ], [ 126.951327399999983, 37.4877068 ], [ 126.9515234, 37.4876604 ], [ 126.9517176, 37.4876684 ], [ 126.951843, 37.4876731 ] ] } },
{ "type": "Feature", "properties": { "학교": "숭실대", "u": "11413637700", "v": "11413637832", "key": 0, "osmid": "1230724683", "name": "", "highway": "footway", "length": 7.8, "validation_status": "unobserved", "tmap_hit_routes": 0 }, "geometry": { "type": "LineString", "coordinates": [ [ 126.951836199999988, 37.4878131 ], [ 126.9518396, 37.4877434 ] ] } },
{ "type": "Feature", "properties": { "학교": "숭실대", "u": "11413637700", "v": "7607210929", "key": 0, "osmid": "206197223", "name": "은천로25가길", "highway": "residential", "length": 98.7, "validation_status": "unobserved", "tmap_hit_routes": 0 }, "geometry": { "type": "LineString", "coordinates": [ [ 126.9507334, 37.487818499999989 ], [ 126.9510203, 37.4878228 ], [ 126.9514997, 37.4877358 ], [ 126.9518396, 37.4877434 ] ] } },
{ "type": "Feature", "properties": { "학교": "숭실대", "u": "2162056277", "v": "2162056423", "key": 0, "osmid": "206197218", "name": "구암길", "highway": "residential", "length": 35.4, "validation_status": "unobserved", "tmap_hit_routes": 0 }, "geometry": { "type": "LineString", "coordinates": [ [ 126.9478768, 37.4894915 ], [ 126.947957700000018, 37.4898033 ] ] } },
{ "type": "Feature", "properties": { "학교": "숭실대", "u": "2162056277", "v": "2162056286", "key": 0, "osmid": "520704306", "name": "구암길", "highway": "residential", "length": 171.4, "validation_status": "unobserved", "tmap_hit_routes": 0 }, "geometry": { "type": "LineString", "coordinates": [ [ 126.947583600000016, 37.491037 ], [ 126.9475383, 37.4907298 ], [ 126.947559900000016, 37.49069380000001 ], [ 126.9476189, 37.4906695 ], [ 126.947917800000013, 37.4906304 ], [ 126.9479942, 37.4906105 ], [ 126.9480375, 37.4905825 ], [ 126.948052, 37.4905239 ], [ 126.9480402, 37.4902821 ], [ 126.9480494, 37.4902057 ], [ 126.948051600000014, 37.4901265 ], [ 126.9480457, 37.4900443 ], [ 126.947957700000018, 37.4898033 ] ] } },
{ "type": "Feature", "properties": { "학교": "숭실대", "u": "2162056423", "v": "2828072321", "key": 0, "osmid": "206197211", "name": "은천로25길", "highway": "residential", "length": 68.4, "validation_status": "unobserved", "tmap_hit_routes": 0 }, "geometry": { "type": "LineString", "coordinates": [ [ 126.948545200000012, 37.4891793 ], [ 126.9478768, 37.4894915 ] ] } },
{ "type": "Feature", "properties": { "학교": "숭실대", "u": "2162056423", "v": "2824756343", "key": 0, "osmid": "206197218", "name": "구암길", "highway": "residential", "length": 89.5, "validation_status": "unobserved", "tmap_hit_routes": 0 }, "geometry": { "type": "LineString", "coordinates": [ [ 126.9473607, 37.4888499 ], [ 126.947461599999983, 37.4888779 ], [ 126.9475, 37.4888922 ], [ 126.947534100000013, 37.4889079 ], [ 126.9475677, 37.488926200000016 ], [ 126.94759590000001, 37.4889469 ], [ 126.9476249, 37.488972 ], [ 126.947648700000016, 37.4889977 ], [ 126.9476706, 37.4890261 ], [ 126.947686800000014, 37.4890548 ], [ 126.9478768, 37.4894915 ] ] } },
{ "type": "Feature", "properties": { "학교": "숭실대", "u": "2162056286", "v": "4140716860", "key": 0, "osmid": "278439050", "name": "", "highway": "service", "length": 131.0, "validation_status": "unobserved", "tmap_hit_routes": 0 }, "geometry": { "type": "LineString", "coordinates": [ [ 126.949033900000018, 37.4907855 ], [ 126.947583600000016, 37.491037 ] ] } },
{ "type": "Feature", "properties": { "학교": "숭실대", "u": "2162056282", "v": "10673801539", "key": 0, "osmid": "1147050728", "name": "", "highway": "service", "length": 16.5, "validation_status": "unobserved", "tmap_hit_routes": 0 }, "geometry": { "type": "LineString", "coordinates": [ [ 126.9491232, 37.4876262 ], [ 126.949307800000014, 37.487601099999985 ] ] } },
{ "type": "Feature", "properties": { "학교": "숭실대", "u": "2162056282", "v": "10680607887", "key": 0, "osmid": "206197211", "name": "은천로25길", "highway": "residential", "length": 44.9, "validation_status": "unobserved", "tmap_hit_routes": 0 }, "geometry": { "type": "LineString", "coordinates": [ [ 126.949551, 37.4879557 ], [ 126.949418, 37.4877589 ], [ 126.949307800000014, 37.487601099999985 ] ] } },
{ "type": "Feature", "properties": { "학교": "숭실대", "u": "2162056282", "v": "2162056295", "key": 0, "osmid": "206197223", "name": "은천로25가길", "highway": "residential", "length": 53.0, "validation_status": "unobserved", "tmap_hit_routes": 0 }, "geometry": { "type": "LineString", "coordinates": [ [ 126.9498384, 37.487392199999988 ], [ 126.9497464, 37.4874015 ], [ 126.94969829999998, 37.4874148 ], [ 126.9494665, 37.4875408 ], [ 126.949307800000014, 37.487601099999985 ] ] } },
{ "type": "Feature", "properties": { "학교": "숭실대", "u": "10680607887", "v": "10680607891", "key": 0, "osmid": "206197211", "name": "은천로25길", "highway": "residential", "length": 48.6, "validation_status": "unobserved", "tmap_hit_routes": 0 }, "geometry": { "type": "LineString", "coordinates": [ [ 126.9497937, 37.4883479 ], [ 126.9496063, 37.4880375 ], [ 126.949551, 37.4879557 ] ] } },
{ "type": "Feature", "properties": { "학교": "숭실대", "u": "10680607887", "v": "10680607891", "key": 1, "osmid": "1147913467", "name": "", "highway": "service", "length": 159.2, "validation_status": "unobserved", "tmap_hit_routes": 0 }, "geometry": { "type": "LineString", "coordinates": [ [ 126.9497937, 37.4883479 ], [ 126.94988810000001, 37.488305 ], [ 126.9503617, 37.4879117 ], [ 126.950008, 37.4876949 ], [ 126.949551, 37.4879557 ] ] } },
{ "type": "Feature", "properties": { "학교": "숭실대", "u": "2162056295", "v": "11413637725", "key": 0, "osmid": "206197223", "name": "은천로25가길", "highway": "residential", "length": 75.0, "validation_status": "unobserved", "tmap_hit_routes": 0 }, "geometry": { "type": "LineString", "coordinates": [ [ 126.950516, 37.48779420000001 ], [ 126.94992910000002, 37.487419399999986 ], [ 126.9498384, 37.487392199999988 ] ] } },
{ "type": "Feature", "properties": { "학교": "숭실대", "u": "4140716860", "v": "2828072314", "key": 0, "osmid": "278439050", "name": "", "highway": "service", "length": 41.2, "validation_status": "unobserved", "tmap_hit_routes": 0 }, "geometry": { "type": "LineString", "coordinates": [ [ 126.948973, 37.4904179 ], [ 126.949033900000018, 37.4907855 ] ] } },
{ "type": "Feature", "properties": { "학교": "숭실대", "u": "4140716860", "v": "4140716861", "key": 0, "osmid": "412719649", "name": "", "highway": "service", "length": 137.1, "validation_status": "unobserved", "tmap_hit_routes": 0 }, "geometry": { "type": "LineString", "coordinates": [ [ 126.9504634, 37.490302 ], [ 126.949033900000018, 37.4907855 ] ] } },
{ "type": "Feature", "properties": { "학교": "숭실대", "u": "4140716860", "v": "2828072328", "key": 0, "osmid": "694950341", "name": "", "highway": "steps", "length": 67.1, "validation_status": "unobserved", "tmap_hit_routes": 0 }, "geometry": { "type": "LineString", "coordinates": [ [ 126.9491847, 37.4913772 ], [ 126.949033900000018, 37.4907855 ] ] } },
{ "type": "Feature", "properties": { "학교": "숭실대", "u": "11413637725", "v": "2162056427", "key": 0, "osmid": "206197223", "name": "은천로25가길", "highway": "residential", "length": 3.8, "validation_status": "unobserved", "tmap_hit_routes": 0 }, "geometry": { "type": "LineString", "coordinates": [ [ 126.9505499, 37.4878158 ], [ 126.950516, 37.48779420000001 ] ] } },
{ "type": "Feature", "properties": { "학교": "숭실대", "u": "11413637725", "v": "11413588668", "key": 0, "osmid": "1230724609", "name": "", "highway": "footway", "length": 7.6, "validation_status": "unobserved", "tmap_hit_routes": 0 }, "geometry": { "type": "LineString", "coordinates": [ [ 126.9504667, 37.48785 ], [ 126.950516, 37.48779420000001 ] ] } },
{ "type": "Feature", "properties": { "학교": "숭실대", "u": "11413637725", "v": "11413637932", "key": 0, "osmid": [ 1230724609, 1230724621 ], "name": "", "highway": "footway", "length": 21.7, "validation_status": "unobserved", "tmap_hit_routes": 0 }, "geometry": { "type": "LineString", "coordinates": [ [ 126.950733200000016, 37.4877604 ], [ 126.950618, 37.4877669 ], [ 126.950563700000018, 37.487751 ], [ 126.950516, 37.48779420000001 ] ] } },
{ "type": "Feature", "properties": { "학교": "숭실대", "u": "8537501421", "v": "8537501420", "key": 0, "osmid": "919243261", "name": "관악로", "highway": "primary", "length": 18.1, "validation_status": "unobserved", "tmap_hit_routes": 0 }, "geometry": { "type": "LineString", "coordinates": [ [ 126.9576715, 37.4889855 ], [ 126.957773, 37.488844300000011 ] ] } },
{ "type": "Feature", "properties": { "학교": "숭실대", "u": "10701233233", "v": "10701233235", "key": 0, "osmid": "1150363039", "name": "", "highway": "service", "length": 22.1, "validation_status": "unobserved", "tmap_hit_routes": 0 }, "geometry": { "type": "LineString", "coordinates": [ [ 126.956565199999986, 37.4873411 ], [ 126.9567702, 37.48733390000001 ], [ 126.9568146, 37.487341 ] ] } },
{ "type": "Feature", "properties": { "학교": "숭실대", "u": "2162056377", "v": "7607210905", "key": 0, "osmid": "814383861", "name": "", "highway": "service", "length": 6.1, "validation_status": "unobserved", "tmap_hit_routes": 0 }, "geometry": { "type": "LineString", "coordinates": [ [ 126.949873499999981, 37.4884858 ], [ 126.949822400000016, 37.488448800000015 ] ] } },
{ "type": "Feature", "properties": { "학교": "숭실대", "u": "2162056377", "v": "10672227663", "key": 0, "osmid": "206197211", "name": "은천로25길", "highway": "residential", "length": 39.7, "validation_status": "unobserved", "tmap_hit_routes": 0 }, "geometry": { "type": "LineString", "coordinates": [ [ 126.949494800000011, 37.4886874 ], [ 126.94979050000002, 37.4884997 ], [ 126.949822400000016, 37.488448800000015 ] ] } },
{ "type": "Feature", "properties": { "학교": "숭실대", "u": "2162056377", "v": "10680607891", "key": 0, "osmid": "206197211", "name": "은천로25길", "highway": "residential", "length": 11.6, "validation_status": "unobserved", "tmap_hit_routes": 0 }, "geometry": { "type": "LineString", "coordinates": [ [ 126.9497937, 37.4883479 ], [ 126.9498091, 37.4883734 ], [ 126.949822400000016, 37.488448800000015 ] ] } },
{ "type": "Feature", "properties": { "학교": "숭실대", "u": "7607210905", "v": "7607210922", "key": 2, "osmid": "814383859", "name": "", "highway": "service", "length": 6.7, "validation_status": "unobserved", "tmap_hit_routes": 0 }, "geometry": { "type": "LineString", "coordinates": [ [ 126.949873499999981, 37.4884858 ], [ 126.94990319999998, 37.4885046 ], [ 126.9499393, 37.4885148 ] ] } },
{ "type": "Feature", "properties": { "학교": "숭실대", "u": "7607210905", "v": "7607210922", "key": 3, "osmid": "814383859", "name": "", "highway": "service", "length": 57.2, "validation_status": "unobserved", "tmap_hit_routes": 0 }, "geometry": { "type": "LineString", "coordinates": [ [ 126.949873499999981, 37.4884858 ], [ 126.9498531, 37.488460299999986 ], [ 126.9498441, 37.4884311 ], [ 126.949847600000012, 37.488401 ], [ 126.949863, 37.4883735 ], [ 126.949888900000019, 37.4883514 ], [ 126.9499224, 37.4883372 ], [ 126.949959899999982, 37.48833230000001 ], [ 126.9499974, 37.488337300000012 ], [ 126.9500308, 37.4883516 ], [ 126.9500568, 37.488374 ], [ 126.9500721, 37.4884018 ], [ 126.9500752, 37.4884322 ], [ 126.9500656, 37.4884616 ], [ 126.9500445, 37.488487 ], [ 126.950014, 37.488505500000016 ], [ 126.949977700000019, 37.4885151 ], [ 126.9499393, 37.4885148 ] ] } },
{ "type": "Feature", "properties": { "학교": "숭실대", "u": "10672227663", "v": "2824735223", "key": 0, "osmid": "206197211", "name": "은천로25길", "highway": "residential", "length": 19.1, "validation_status": "unobserved", "tmap_hit_routes": 0 }, "geometry": { "type": "LineString", "coordinates": [ [ 126.9493258, 37.4887948 ], [ 126.949494800000011, 37.4886874 ] ] } },
{ "type": "Feature", "properties": { "학교": "숭실대", "u": "10672227663", "v": "10672227660", "key": 0, "osmid": "1146870962", "name": "", "highway": "service", "length": 100.9, "validation_status": "unobserved", "tmap_hit_routes": 0 }, "geometry": { "type": "LineString", "coordinates": [ [ 126.948687100000015, 37.4881977 ], [ 126.9488548, 37.4881336 ], [ 126.948917800000018, 37.488148099999989 ], [ 126.949494800000011, 37.4886874 ] ] } },
{ "type": "Feature", "properties": { "학교": "숭실대", "u": "2828072321", "v": "2824735212", "key": 0, "osmid": "206197211", "name": "은천로25길", "highway": "residential", "length": 11.5, "validation_status": "unobserved", "tmap_hit_routes": 0 }, "geometry": { "type": "LineString", "coordinates": [ [ 126.9486545, 37.4891233 ], [ 126.948545200000012, 37.4891793 ] ] } },
{ "type": "Feature", "properties": { "학교": "숭실대", "u": "2828072321", "v": "2828072314", "key": 0, "osmid": "412719647", "name": "", "highway": "service", "length": 143.0, "validation_status": "unobserved", "tmap_hit_routes": 0 }, "geometry": { "type": "LineString", "coordinates": [ [ 126.948973, 37.4904179 ], [ 126.9487693, 37.4898059 ], [ 126.9486372, 37.4893587 ], [ 126.948545200000012, 37.4891793 ] ] } },
{ "type": "Feature", "properties": { "학교": "숭실대", "u": "2824756343", "v": "2824756518", "key": 0, "osmid": "278046179", "name": "은천로19길", "highway": "service", "length": 69.4, "validation_status": "unobserved", "tmap_hit_routes": 0 }, "geometry": { "type": "LineString", "coordinates": [ [ 126.947326499999988, 37.4882333 ], [ 126.947378700000016, 37.488372600000012 ], [ 126.9473737, 37.4885802 ], [ 126.947369, 37.4888296 ], [ 126.9473607, 37.4888499 ] ] } },
{ "type": "Feature", "properties": { "학교": "숭실대", "u": "2162056427", "v": "7607210929", "key": 0, "osmid": "206197223", "name": "은천로25가길", "highway": "residential", "length": 16.2, "validation_status": "unobserved", "tmap_hit_routes": 0 }, "geometry": { "type": "LineString", "coordinates": [ [ 126.9507334, 37.487818499999989 ], [ 126.9505499, 37.4878158 ] ] } },
{ "type": "Feature", "properties": { "학교": "숭실대", "u": "2162056427", "v": "2828072323", "key": 0, "osmid": "278439054", "name": "", "highway": "service", "length": 92.9, "validation_status": "unobserved", "tmap_hit_routes": 0 }, "geometry": { "type": "LineString", "coordinates": [ [ 126.9501062, 37.488559 ], [ 126.950183, 37.4883089 ], [ 126.950461799999985, 37.4880097 ], [ 126.9505499, 37.4878158 ] ] } },
{ "type": "Feature", "properties": { "학교": "숭실대", "u": "7607210929", "v": "11413637526", "key": 0, "osmid": "1230724635", "name": "", "highway": "footway", "length": 5.5, "validation_status": "unobserved", "tmap_hit_routes": 0 }, "geometry": { "type": "LineString", "coordinates": [ [ 126.950735, 37.4878676 ], [ 126.9507334, 37.487818499999989 ] ] } },
{ "type": "Feature", "properties": { "학교": "숭실대", "u": "7607210929", "v": "11413637932", "key": 0, "osmid": "1230724635", "name": "", "highway": "footway", "length": 6.5, "validation_status": "unobserved", "tmap_hit_routes": 0 }, "geometry": { "type": "LineString", "coordinates": [ [ 126.950733200000016, 37.4877604 ], [ 126.9507334, 37.487818499999989 ] ] } },
{ "type": "Feature", "properties": { "학교": "숭실대", "u": "2828072323", "v": "7604130032", "key": 0, "osmid": "278439054", "name": "", "highway": "service", "length": 19.1, "validation_status": "unobserved", "tmap_hit_routes": 0 }, "geometry": { "type": "LineString", "coordinates": [ [ 126.950268800000018, 37.488673 ], [ 126.9501062, 37.488559 ] ] } },
{ "type": "Feature", "properties": { "학교": "숭실대", "u": "2828072323", "v": "7607210922", "key": 0, "osmid": "814383860", "name": "", "highway": "service", "length": 15.5, "validation_status": "unobserved", "tmap_hit_routes": 0 }, "geometry": { "type": "LineString", "coordinates": [ [ 126.9499393, 37.4885148 ], [ 126.9501062, 37.488559 ] ] } },
{ "type": "Feature", "properties": { "학교": "숭실대", "u": "2477233574", "v": "2477234769", "key": 0, "osmid": "239950337", "name": "", "highway": "service", "length": 35.5, "validation_status": "unobserved", "tmap_hit_routes": 0 }, "geometry": { "type": "LineString", "coordinates": [ [ 126.95605519999998, 37.4892391 ], [ 126.9562458, 37.4889578 ] ] } },
{ "type": "Feature", "properties": { "학교": "숭실대", "u": "2477233574", "v": "2477234980", "key": 0, "osmid": "239950337", "name": "", "highway": "service", "length": 106.8, "validation_status": "unobserved", "tmap_hit_routes": 0 }, "geometry": { "type": "LineString", "coordinates": [ [ 126.9558925, 37.4887984 ], [ 126.9560892, 37.4885202 ], [ 126.9564419, 37.4886775 ], [ 126.9562458, 37.4889578 ] ] } },
{ "type": "Feature", "properties": { "학교": "숭실대", "u": "2477234769", "v": "2477235891", "key": 0, "osmid": "239950337", "name": "", "highway": "service", "length": 39.0, "validation_status": "unobserved", "tmap_hit_routes": 0 }, "geometry": { "type": "LineString", "coordinates": [ [ 126.9558365, 37.4895442 ], [ 126.95605519999998, 37.4892391 ] ] } },
{ "type": "Feature", "properties": { "학교": "숭실대", "u": "2477234769", "v": "2477234771", "key": 0, "osmid": "239950315", "name": "", "highway": "service", "length": 73.1, "validation_status": "unobserved", "tmap_hit_routes": 0 }, "geometry": { "type": "LineString", "coordinates": [ [ 126.9554783, 37.489374 ], [ 126.955707100000012, 37.489085 ], [ 126.95605519999998, 37.4892391 ] ] } },
{ "type": "Feature", "properties": { "학교": "숭실대", "u": "2477234006", "v": "2477234007", "key": 0, "osmid": "239950228", "name": "", "highway": "service", "length": 75.7, "validation_status": "unobserved", "tmap_hit_routes": 0 }, "geometry": { "type": "LineString", "coordinates": [ [ 126.9541446, 37.4896811 ], [ 126.9548837, 37.4900268 ] ] } },
{ "type": "Feature", "properties": { "학교": "숭실대", "u": "2477234006", "v": "2477234135", "key": 0, "osmid": "239950238", "name": "", "highway": "service", "length": 53.5, "validation_status": "unobserved", "tmap_hit_routes": 0 }, "geometry": { "type": "LineString", "coordinates": [ [ 126.955198, 37.4896155 ], [ 126.9548837, 37.4900268 ] ] } },
{ "type": "Feature", "properties": { "학교": "숭실대", "u": "2477234006", "v": "11177542025", "key": 0, "osmid": "1206237308", "name": "", "highway": "service", "length": 50.4, "validation_status": "validated", "tmap_hit_routes": 1 }, "geometry": { "type": "LineString", "coordinates": [ [ 126.9552824, 37.4903097 ], [ 126.9552471, 37.4902976 ], [ 126.954897099999982, 37.490118800000012 ], [ 126.9548837, 37.4900268 ] ] } },
{ "type": "Feature", "properties": { "학교": "숭실대", "u": "11177542025", "v": "2477234581", "key": 0, "osmid": "239950337", "name": "", "highway": "service", "length": 29.1, "validation_status": "validated", "tmap_hit_routes": 1 }, "geometry": { "type": "LineString", "coordinates": [ [ 126.9554355, 37.490078 ], [ 126.9552824, 37.4903097 ] ] } },
{ "type": "Feature", "properties": { "학교": "숭실대", "u": "2477234581", "v": "2477235891", "key": 0, "osmid": "239950337", "name": "", "highway": "service", "length": 69.1, "validation_status": "unobserved", "tmap_hit_routes": 0 }, "geometry": { "type": "LineString", "coordinates": [ [ 126.9558365, 37.4895442 ], [ 126.9554355, 37.490078 ] ] } },
{ "type": "Feature", "properties": { "학교": "숭실대", "u": "2477234581", "v": "2477234585", "key": 0, "osmid": "239950276", "name": "", "highway": "service", "length": 91.0, "validation_status": "validated", "tmap_hit_routes": 1 }, "geometry": { "type": "LineString", "coordinates": [ [ 126.95621610000002, 37.490104 ], [ 126.9560247, 37.4903411 ], [ 126.9554355, 37.490078 ] ] } },
{ "type": "Feature", "properties": { "학교": "숭실대", "u": "2477235891", "v": "2477235893", "key": 0, "osmid": "239950439", "name": "", "highway": "service", "length": 77.8, "validation_status": "unobserved", "tmap_hit_routes": 0 }, "geometry": { "type": "LineString", "coordinates": [ [ 126.956493199999983, 37.4895117 ], [ 126.9563358, 37.4897384 ], [ 126.9558365, 37.4895442 ] ] } },
{ "type": "Feature", "properties": { "학교": "숭실대", "u": "2824029413", "v": "2825665284", "key": 0, "osmid": "277967738", "name": "양녕로22바길", "highway": "service", "length": 99.7, "validation_status": "unobserved", "tmap_hit_routes": 0 }, "geometry": { "type": "LineString", "coordinates": [ [ 126.9471531, 37.4975289 ], [ 126.9471412, 37.4967147 ], [ 126.9471022, 37.4966382 ] ] } },
{ "type": "Feature", "properties": { "학교": "숭실대", "u": "2825665284", "v": "10055919706", "key": 0, "osmid": "277967738", "name": "양녕로22바길", "highway": "service", "length": 25.7, "validation_status": "unobserved", "tmap_hit_routes": 0 }, "geometry": { "type": "LineString", "coordinates": [ [ 126.9471566, 37.4977598 ], [ 126.9471531, 37.4975289 ] ] } },
{ "type": "Feature", "properties": { "학교": "숭실대", "u": "2825665284", "v": "10057812429", "key": 0, "osmid": "278142952", "name": "", "highway": "service", "length": 49.0, "validation_status": "unobserved", "tmap_hit_routes": 0 }, "geometry": { "type": "LineString", "coordinates": [ [ 126.9473238, 37.4977604 ], [ 126.947370500000019, 37.497760300000017 ], [ 126.947369099999989, 37.497528100000011 ], [ 126.9471531, 37.4975289 ] ] } },
{ "type": "Feature", "properties": { "학교": "숭실대", "u": "2824029415", "v": "10055919640", "key": 0, "osmid": "277967738", "name": "양녕로22바길", "highway": "service", "length": 73.0, "validation_status": "unobserved", "tmap_hit_routes": 0 }, "geometry": { "type": "LineString", "coordinates": [ [ 126.9471116, 37.4988059 ], [ 126.9471542, 37.4981505 ] ] } },
{ "type": "Feature", "properties": { "학교": "숭실대", "u": "2824029415", "v": "10055919706", "key": 0, "osmid": "277967738", "name": "양녕로22바길", "highway": "service", "length": 43.4, "validation_status": "unobserved", "tmap_hit_routes": 0 }, "geometry": { "type": "LineString", "coordinates": [ [ 126.9471566, 37.4977598 ], [ 126.9471542, 37.4981505 ] ] } },
{ "type": "Feature", "properties": { "학교": "숭실대", "u": "2824029415", "v": "2824029440", "key": 0, "osmid": "277967740", "name": "양녕로28길", "highway": "residential", "length": 14.9, "validation_status": "unobserved", "tmap_hit_routes": 0 }, "geometry": { "type": "LineString", "coordinates": [ [ 126.94732310000002, 37.4981577 ], [ 126.9471542, 37.4981505 ] ] } },
{ "type": "Feature", "properties": { "학교": "숭실대", "u": "10055919640", "v": "2824029416", "key": 0, "osmid": "277967738", "name": "양녕로22바길", "highway": "service", "length": 31.5, "validation_status": "unobserved", "tmap_hit_routes": 0 }, "geometry": { "type": "LineString", "coordinates": [ [ 126.9470964, 37.4990893 ], [ 126.9471116, 37.4988059 ] ] } },
{ "type": "Feature", "properties": { "학교": "숭실대", "u": "10055919706", "v": "10057812429", "key": 0, "osmid": "278142952", "name": "", "highway": "service", "length": 14.8, "validation_status": "unobserved", "tmap_hit_routes": 0 }, "geometry": { "type": "LineString", "coordinates": [ [ 126.9473238, 37.4977604 ], [ 126.9471566, 37.4977598 ] ] } },
{ "type": "Feature", "properties": { "학교": "숭실대", "u": "2824029440", "v": "10057812438", "key": 0, "osmid": [ 277967740, 777608503 ], "name": "양녕로28길", "highway": [ "residential", "path" ], "length": 101.6, "validation_status": "unobserved", "tmap_hit_routes": 0 }, "geometry": { "type": "LineString", "coordinates": [ [ 126.948151, 37.4979849 ], [ 126.9480696, 37.4980015 ], [ 126.9479715, 37.4980352 ], [ 126.947851, 37.4981242 ], [ 126.9477821, 37.4982114 ], [ 126.9477418, 37.4982344 ], [ 126.9476732, 37.498242 ], [ 126.9476115, 37.4982218 ], [ 126.9475745, 37.4981795 ], [ 126.9475726, 37.4981012 ], [ 126.9475321, 37.4980999 ], [ 126.947532699999982, 37.4981365 ], [ 126.9475169, 37.4981625 ], [ 126.94732310000002, 37.4981577 ] ] } },
{ "type": "Feature", "properties": { "학교": "숭실대", "u": "2824029440", "v": "10057812429", "key": 0, "osmid": [ 1098251941, 277967741 ], "name": "", "highway": [ "service", "path" ], "length": 44.2, "validation_status": "unobserved", "tmap_hit_routes": 0 }, "geometry": { "type": "LineString", "coordinates": [ [ 126.9473238, 37.4977604 ], [ 126.9473262, 37.4979623 ], [ 126.94732310000002, 37.4981577 ] ] } },
{ "type": "Feature", "properties": { "학교": "숭실대", "u": "10057812438", "v": "13195507443", "key": 0, "osmid": "331197231", "name": "", "highway": "footway", "length": 63.1, "validation_status": "unobserved", "tmap_hit_routes": 0 }, "geometry": { "type": "LineString", "coordinates": [ [ 126.9481713, 37.49854650000001 ], [ 126.9481946, 37.4980972 ], [ 126.948151, 37.4979849 ] ] } },
{ "type": "Feature", "properties": { "학교": "숭실대", "u": "10057812438", "v": "7256876618", "key": 0, "osmid": "331197231", "name": "", "highway": "footway", "length": 274.4, "validation_status": "unobserved", "tmap_hit_routes": 0 }, "geometry": { "type": "LineString", "coordinates": [ [ 126.947512500000016, 37.4957464 ], [ 126.9475253, 37.49577870000001 ], [ 126.9477595, 37.495874 ], [ 126.9482401, 37.4968053 ], [ 126.948237, 37.49704 ], [ 126.9480306, 37.4975142 ], [ 126.9480539, 37.4976951 ], [ 126.9480614, 37.497753800000019 ], [ 126.948151, 37.4979849 ] ] } },
{ "type": "Feature", "properties": { "학교": "숭실대", "u": "2824550249", "v": "4621475854", "key": 0, "osmid": "467540934", "name": "상도로47길", "highway": "residential", "length": 13.3, "validation_status": "unobserved", "tmap_hit_routes": 0 }, "geometry": { "type": "LineString", "coordinates": [ [ 126.951887400000018, 37.50293940000001 ], [ 126.951900600000016, 37.50282 ] ] } },
{ "type": "Feature", "properties": { "학교": "숭실대", "u": "2824550249", "v": "2825701329", "key": 0, "osmid": "278145989", "name": "상도로41길", "highway": "residential", "length": 36.7, "validation_status": "unobserved", "tmap_hit_routes": 0 }, "geometry": { "type": "LineString", "coordinates": [ [ 126.951632700000019, 37.5025727 ], [ 126.9517272, 37.5026256 ], [ 126.951900600000016, 37.50282 ] ] } },
{ "type": "Feature", "properties": { "학교": "숭실대", "u": "2824550249", "v": "4621475847", "key": 0, "osmid": "467540934", "name": "상도로47길", "highway": "residential", "length": 26.7, "validation_status": "unobserved", "tmap_hit_routes": 0 }, "geometry": { "type": "LineString", "coordinates": [ [ 126.9519375, 37.5025821 ], [ 126.951926700000016, 37.5026944 ], [ 126.951900600000016, 37.50282 ] ] } },
{ "type": "Feature", "properties": { "학교": "숭실대", "u": "4621475854", "v": "2825701337", "key": 0, "osmid": "467540934", "name": "상도로47길", "highway": "residential", "length": 38.1, "validation_status": "unobserved", "tmap_hit_routes": 0 }, "geometry": { "type": "LineString", "coordinates": [ [ 126.9518526, 37.5032812 ], [ 126.951887400000018, 37.50293940000001 ] ] } },
{ "type": "Feature", "properties": { "학교": "숭실대", "u": "4621475854", "v": "2825701313", "key": 0, "osmid": "467539601", "name": "상도로41나길", "highway": "service", "length": 98.9, "validation_status": "unobserved", "tmap_hit_routes": 0 }, "geometry": { "type": "LineString", "coordinates": [ [ 126.953004799999988, 37.5029966 ], [ 126.9523939, 37.5029447 ], [ 126.951887400000018, 37.50293940000001 ] ] } },
{ "type": "Feature", "properties": { "학교": "숭실대", "u": "4621475854", "v": "4621475850", "key": 0, "osmid": "467539601", "name": "상도로41나길", "highway": "service", "length": 90.8, "validation_status": "unobserved", "tmap_hit_routes": 0 }, "geometry": { "type": "LineString", "coordinates": [ [ 126.9509839, 37.5025597 ], [ 126.9514406, 37.5027261 ], [ 126.9515503, 37.5027795 ], [ 126.95166, 37.502860900000016 ], [ 126.951887400000018, 37.50293940000001 ] ] } },
{ "type": "Feature", "properties": { "학교": "숭실대", "u": "2825701329", "v": "8483442364", "key": 0, "osmid": "278145989", "name": "상도로41길", "highway": "residential", "length": 51.7, "validation_status": "unobserved", "tmap_hit_routes": 0 }, "geometry": { "type": "LineString", "coordinates": [ [ 126.9511068, 37.5023674 ], [ 126.951632700000019, 37.5025727 ] ] } },
{ "type": "Feature", "properties": { "학교": "숭실대", "u": "2825701329", "v": "4621475847", "key": 0, "osmid": "744062046", "name": "상도로41길", "highway": "residential", "length": 26.9, "validation_status": "unobserved", "tmap_hit_routes": 0 }, "geometry": { "type": "LineString", "coordinates": [ [ 126.9519375, 37.5025821 ], [ 126.951632700000019, 37.5025727 ] ] } },
{ "type": "Feature", "properties": { "학교": "숭실대", "u": "4621475847", "v": "4621475848", "key": 0, "osmid": "467539600", "name": "상도로47길", "highway": "service", "length": 96.4, "validation_status": "unobserved", "tmap_hit_routes": 0 }, "geometry": { "type": "LineString", "coordinates": [ [ 126.9530258, 37.502661500000016 ], [ 126.9519375, 37.5025821 ] ] } },
{ "type": "Feature", "properties": { "학교": "숭실대", "u": "4621475847", "v": "2824550250", "key": 0, "osmid": "467540934", "name": "상도로47길", "highway": "residential", "length": 26.3, "validation_status": "unobserved", "tmap_hit_routes": 0 }, "geometry": { "type": "LineString", "coordinates": [ [ 126.9519792, 37.502347600000014 ], [ 126.9519375, 37.5025821 ] ] } },
{ "type": "Feature", "properties": { "학교": "숭실대", "u": "2824550250", "v": "4621469177", "key": 0, "osmid": "467539064", "name": "상도로47마길", "highway": "service", "length": 69.6, "validation_status": "unobserved", "tmap_hit_routes": 0 }, "geometry": { "type": "LineString", "coordinates": [ [ 126.9512656, 37.5020816 ], [ 126.9516136, 37.5022045 ], [ 126.9517164, 37.5022408 ], [ 126.9519792, 37.502347600000014 ] ] } },
{ "type": "Feature", "properties": { "학교": "숭실대", "u": "2824550250", "v": "4621471102", "key": 0, "osmid": "467540934", "name": "상도로47길", "highway": "residential", "length": 52.0, "validation_status": "unobserved", "tmap_hit_routes": 0 }, "geometry": { "type": "LineString", "coordinates": [ [ 126.952054600000011, 37.5018838 ], [ 126.952017700000013, 37.5020638 ], [ 126.9519792, 37.502347600000014 ] ] } },
{ "type": "Feature", "properties": { "학교": "숭실대", "u": "4621469177", "v": "4621469171", "key": 0, "osmid": "467539064", "name": "상도로47마길", "highway": "service", "length": 107.6, "validation_status": "unobserved", "tmap_hit_routes": 0 }, "geometry": { "type": "LineString", "coordinates": [ [ 126.9508288, 37.501366800000014 ], [ 126.950761, 37.5014839 ], [ 126.9506996, 37.5016204 ], [ 126.9506994, 37.5016412 ], [ 126.9507151, 37.5017512 ], [ 126.950834900000018, 37.5018981 ], [ 126.9512656, 37.5020816 ] ] } },
{ "type": "Feature", "properties": { "학교": "숭실대", "u": "4621469177", "v": "8483442364", "key": 0, "osmid": "913244965", "name": "", "highway": "service", "length": 34.8, "validation_status": "unobserved", "tmap_hit_routes": 0 }, "geometry": { "type": "LineString", "coordinates": [ [ 126.9511068, 37.5023674 ], [ 126.9511883, 37.5022052 ], [ 126.9512656, 37.5020816 ] ] } },
{ "type": "Feature", "properties": { "학교": "숭실대", "u": "4621471102", "v": "4621471093", "key": 0, "osmid": "467539111", "name": "상도로47라길", "highway": "service", "length": 55.1, "validation_status": "unobserved", "tmap_hit_routes": 0 }, "geometry": { "type": "LineString", "coordinates": [ [ 126.951500700000011, 37.501654100000017 ], [ 126.952054600000011, 37.5018838 ] ] } },
{ "type": "Feature", "properties": { "학교": "숭실대", "u": "4621471102", "v": "4621475838", "key": 0, "osmid": "467540934", "name": "상도로47길", "highway": "residential", "length": 19.3, "validation_status": "unobserved", "tmap_hit_routes": 0 }, "geometry": { "type": "LineString", "coordinates": [ [ 126.9521154, 37.5017173 ], [ 126.9520894, 37.5017988 ], [ 126.952054600000011, 37.5018838 ] ] } },
{ "type": "Feature", "properties": { "학교": "숭실대", "u": "2824550253", "v": "2825701327", "key": 0, "osmid": "467540934", "name": "상도로47길", "highway": "residential", "length": 24.1, "validation_status": "unobserved", "tmap_hit_routes": 0 }, "geometry": { "type": "LineString", "coordinates": [ [ 126.9522611, 37.5011823 ], [ 126.95231050000001, 37.5009687 ] ] } },
{ "type": "Feature", "properties": { "학교": "숭실대", "u": "2824550253", "v": "2825731331", "key": 0, "osmid": "467538721", "name": "상도로47길", "highway": "service", "length": 56.2, "validation_status": "unobserved", "tmap_hit_routes": 0 }, "geometry": { "type": "LineString", "coordinates": [ [ 126.9528401, 37.5010358 ], [ 126.9527574, 37.50113 ], [ 126.952567, 37.5010428 ], [ 126.952408, 37.5009937 ], [ 126.95231050000001, 37.5009687 ] ] } },
{ "type": "Feature", "properties": { "학교": "숭실대", "u": "2824550253", "v": "2825731308", "key": 0, "osmid": "467540934", "name": "상도로47길", "highway": "residential", "length": 69.3, "validation_status": "unobserved", "tmap_hit_routes": 0 }, "geometry": { "type": "LineString", "coordinates": [ [ 126.9520757, 37.5003893 ], [ 126.952159600000016, 37.500482 ], [ 126.952291, 37.5007197 ], [ 126.95231050000001, 37.5009687 ] ] } },
{ "type": "Feature", "properties": { "학교": "숭실대", "u": "2825701327", "v": "2825731327", "key": 0, "osmid": "278145988", "name": "상도로45길", "highway": "service", "length": 78.7, "validation_status": "unobserved", "tmap_hit_routes": 0 }, "geometry": { "type": "LineString", "coordinates": [ [ 126.9515342, 37.500772 ], [ 126.9522611, 37.5011823 ] ] } },
{ "type": "Feature", "properties": { "학교": "숭실대", "u": "2825701327", "v": "2825701322", "key": 0, "osmid": "278145988", "name": "상도로45길", "highway": "service", "length": 93.6, "validation_status": "validated", "tmap_hit_routes": 1 }, "geometry": { "type": "LineString", "coordinates": [ [ 126.9531303, 37.5016648 ], [ 126.953059700000011, 37.50162310000001 ], [ 126.9522611, 37.5011823 ] ] } },
{ "type": "Feature", "properties": { "학교": "숭실대", "u": "2825701327", "v": "4621475838", "key": 0, "osmid": "467540934", "name": "상도로47길", "highway": "residential", "length": 60.9, "validation_status": "unobserved", "tmap_hit_routes": 0 }, "geometry": { "type": "LineString", "coordinates": [ [ 126.9521154, 37.5017173 ], [ 126.952169500000011, 37.50153959999998 ], [ 126.9522611, 37.5011823 ] ] } },
{ "type": "Feature", "properties": { "학교": "숭실대", "u": "2825731331", "v": "2825731302", "key": 0, "osmid": "278149103", "name": "상도로47다길", "highway": "service", "length": 21.9, "validation_status": "unobserved", "tmap_hit_routes": 0 }, "geometry": { "type": "LineString", "coordinates": [ [ 126.953014700000011, 37.5008952 ], [ 126.9528401, 37.5010358 ] ] } },
{ "type": "Feature", "properties": { "학교": "숭실대", "u": "2825731331", "v": "2825701322", "key": 0, "osmid": "278149103", "name": "상도로47다길", "highway": "service", "length": 78.2, "validation_status": "unobserved", "tmap_hit_routes": 0 }, "geometry": { "type": "LineString", "coordinates": [ [ 126.9531303, 37.5016648 ], [ 126.9531126, 37.5014276 ], [ 126.95311, 37.501334 ], [ 126.953061700000021, 37.501234 ], [ 126.9529571, 37.501136099999989 ], [ 126.9528401, 37.5010358 ] ] } },
{ "type": "Feature", "properties": { "학교": "숭실대", "u": "2825731308", "v": "2825731327", "key": 0, "osmid": "278146428", "name": "상도로47길", "highway": "service", "length": 65.8, "validation_status": "unobserved", "tmap_hit_routes": 0 }, "geometry": { "type": "LineString", "coordinates": [ [ 126.9515342, 37.500772 ], [ 126.9518615, 37.500464 ], [ 126.951939700000011, 37.5004169 ], [ 126.9520757, 37.5003893 ] ] } },
{ "type": "Feature", "properties": { "학교": "숭실대", "u": "2825731308", "v": "2825731303", "key": 0, "osmid": "467538719", "name": "상도로47나길", "highway": "service", "length": 91.1, "validation_status": "validated", "tmap_hit_routes": 1 }, "geometry": { "type": "LineString", "coordinates": [ [ 126.9529995, 37.5002985 ], [ 126.952944400000021, 37.5003816 ], [ 126.952858099999986, 37.500428 ], [ 126.952744399999986, 37.5004448 ], [ 126.9526376, 37.5004332 ], [ 126.9522315, 37.500354 ], [ 126.9521576, 37.5003514 ], [ 126.9520757, 37.5003893 ] ] } },
{ "type": "Feature", "properties": { "학교": "숭실대", "u": "2825731308", "v": "2825730230", "key": 0, "osmid": "467540934", "name": "상도로47길", "highway": "residential", "length": 50.5, "validation_status": "unobserved", "tmap_hit_routes": 0 }, "geometry": { "type": "LineString", "coordinates": [ [ 126.9517475, 37.5000179 ], [ 126.9518026, 37.5000896 ], [ 126.9520757, 37.5003893 ] ] } },
{ "type": "Feature", "properties": { "학교": "숭실대", "u": "2824550259", "v": "2825701326", "key": 0, "osmid": "521182520", "name": "상도로", "highway": "primary", "length": 91.3, "validation_status": "validated", "tmap_hit_routes": 1 }, "geometry": { "type": "LineString", "coordinates": [ [ 126.9503988, 37.5001308 ], [ 126.9509839, 37.499453 ] ] } },
{ "type": "Feature", "properties": { "학교": "숭실대", "u": "2824550259", "v": "2825706570", "key": 0, "osmid": "467540934", "name": "상도로47길", "highway": "residential", "length": 48.1, "validation_status": "validated", "tmap_hit_routes": 1 }, "geometry": { "type": "LineString", "coordinates": [ [ 126.9514313, 37.499698700000017 ], [ 126.951339, 37.4996347 ], [ 126.9509839, 37.499453 ] ] } },
{ "type": "Feature", "properties": { "학교": "숭실대", "u": "2824550259", "v": "11413637598", "key": 0, "osmid": "521182520", "name": "상도로", "highway": "primary", "length": 77.9, "validation_status": "validated", "tmap_hit_routes": 1 }, "geometry": { "type": "LineString", "coordinates": [ [ 126.951478, 37.4988728 ], [ 126.951353, 37.499017400000021 ], [ 126.9509839, 37.499453 ] ] } },
{ "type": "Feature", "properties": { "학교": "숭실대", "u": "2825701326", "v": "4621469141", "key": 0, "osmid": "1482765083", "name": "상도로", "highway": "primary", "length": 91.2, "validation_status": "unobserved", "tmap_hit_routes": 0 }, "geometry": { "type": "LineString", "coordinates": [ [ 126.9498242, 37.500813 ], [ 126.9503988, 37.5001308 ] ] } },
{ "type": "Feature", "properties": { "학교": "숭실대", "u": "2825701326", "v": "2825706577", "key": 0, "osmid": "278145988", "name": "상도로45길", "highway": "service", "length": 47.5, "validation_status": "validated", "tmap_hit_routes": 1 }, "geometry": { "type": "LineString", "coordinates": [ [ 126.950836200000012, 37.5003799 ], [ 126.9504437, 37.5001637 ], [ 126.9503988, 37.5001308 ] ] } },
{ "type": "Feature", "properties": { "학교": "숭실대", "u": "2825706570", "v": "2825706548", "key": 0, "osmid": "278146424", "name": "상도로37길", "highway": "service", "length": 90.5, "validation_status": "unobserved", "tmap_hit_routes": 0 }, "geometry": { "type": "LineString", "coordinates": [ [ 126.9520157, 37.4990297 ], [ 126.9514313, 37.499698700000017 ] ] } },
{ "type": "Feature", "properties": { "학교": "숭실대", "u": "2825706570", "v": "2825706577", "key": 0, "osmid": "278146424", "name": "상도로37길", "highway": "service", "length": 92.2, "validation_status": "unobserved", "tmap_hit_routes": 0 }, "geometry": { "type": "LineString", "coordinates": [ [ 126.950836200000012, 37.5003799 ], [ 126.9514313, 37.499698700000017 ] ] } },
{ "type": "Feature", "properties": { "학교": "숭실대", "u": "2825706570", "v": "2825730230", "key": 0, "osmid": "467540934", "name": "상도로47길", "highway": "residential", "length": 45.2, "validation_status": "unobserved", "tmap_hit_routes": 0 }, "geometry": { "type": "LineString", "coordinates": [ [ 126.9517475, 37.5000179 ], [ 126.951477, 37.499733 ], [ 126.9514313, 37.499698700000017 ] ] } },
{ "type": "Feature", "properties": { "학교": "숭실대", "u": "11413637598", "v": "2824550264", "key": 0, "osmid": "521182520", "name": "상도로", "highway": "primary", "length": 7.9, "validation_status": "validated", "tmap_hit_routes": 1 }, "geometry": { "type": "LineString", "coordinates": [ [ 126.951528699999983, 37.498814200000012 ], [ 126.951478, 37.4988728 ] ] } },
{ "type": "Feature", "properties": { "학교": "숭실대", "u": "11413637598", "v": "13597219419", "key": 0, "osmid": "1230724664", "name": "", "highway": "footway", "length": 12.5, "validation_status": "unobserved", "tmap_hit_routes": 0 }, "geometry": { "type": "LineString", "coordinates": [ [ 126.951367800000014, 37.4988022 ], [ 126.951478, 37.4988728 ] ] } },
{ "type": "Feature", "properties": { "학교": "숭실대", "u": "11413637598", "v": "11413637573", "key": 0, "osmid": [ 1230724664, 1230724653 ], "name": "", "highway": "footway", "length": 24.3, "validation_status": "validated", "tmap_hit_routes": 2 }, "geometry": { "type": "LineString", "coordinates": [ [ 126.951678900000019, 37.498873900000014 ], [ 126.951597600000014, 37.4989475 ], [ 126.951478, 37.4988728 ] ] } },
{ "type": "Feature", "properties": { "학교": "숭실대", "u": "2824550264", "v": "13597219420", "key": 0, "osmid": "278024797", "name": "상도로50길", "highway": "residential", "length": 12.6, "validation_status": "unobserved", "tmap_hit_routes": 0 }, "geometry": { "type": "LineString", "coordinates": [ [ 126.9514117, 37.4987499 ], [ 126.951528699999983, 37.498814200000012 ] ] } },
{ "type": "Feature", "properties": { "학교": "숭실대", "u": "2824550264", "v": "11413637573", "key": 0, "osmid": "278149178", "name": "상도로49길", "highway": "service", "length": 14.8, "validation_status": "validated", "tmap_hit_routes": 2 }, "geometry": { "type": "LineString", "coordinates": [ [ 126.951678900000019, 37.498873900000014 ], [ 126.951528699999983, 37.498814200000012 ] ] } },
{ "type": "Feature", "properties": { "학교": "숭실대", "u": "2824550264", "v": "2824550275", "key": 0, "osmid": "1482765084", "name": "상도로", "highway": "primary", "length": 65.7, "validation_status": "unobserved", "tmap_hit_routes": 0 }, "geometry": { "type": "LineString", "coordinates": [ [ 126.9519613, 37.4983334 ], [ 126.9516534, 37.4986624 ], [ 126.951528699999983, 37.498814200000012 ] ] } },
{ "type": "Feature", "properties": { "학교": "숭실대", "u": "13597219420", "v": "11413637596", "key": 0, "osmid": "278024797", "name": "상도로50길", "highway": "residential", "length": 9.3, "validation_status": "unobserved", "tmap_hit_routes": 0 }, "geometry": { "type": "LineString", "coordinates": [ [ 126.9513266, 37.4987001 ], [ 126.9514117, 37.4987499 ] ] } },
{ "type": "Feature", "properties": { "학교": "숭실대", "u": "13597219420", "v": "13597219419", "key": 0, "osmid": "1482765074", "name": "상도로", "highway": "primary", "length": 7.0, "validation_status": "unobserved", "tmap_hit_routes": 0 }, "geometry": { "type": "LineString", "coordinates": [ [ 126.951367800000014, 37.4988022 ], [ 126.9514117, 37.4987499 ] ] } },
{ "type": "Feature", "properties": { "학교": "숭실대", "u": "13597219420", "v": "13597219421", "key": 0, "osmid": "1482765074", "name": "상도로", "highway": "primary", "length": 65.6, "validation_status": "unobserved", "tmap_hit_routes": 0 }, "geometry": { "type": "LineString", "coordinates": [ [ 126.95183320000001, 37.498264 ], [ 126.95144190000002, 37.49871670000001 ], [ 126.9514117, 37.4987499 ] ] } },
{ "type": "Feature", "properties": { "학교": "숭실대", "u": "11413637573", "v": "2825706548", "key": 0, "osmid": "278149178", "name": "상도로49길", "highway": "service", "length": 34.4, "validation_status": "unobserved", "tmap_hit_routes": 0 }, "geometry": { "type": "LineString", "coordinates": [ [ 126.9520157, 37.4990297 ], [ 126.951678900000019, 37.498873900000014 ] ] } },
{ "type": "Feature", "properties": { "학교": "숭실대", "u": "11413637573", "v": "11413637581", "key": 0, "osmid": "1230724653", "name": "", "highway": "footway", "length": 63.5, "validation_status": "validated", "tmap_hit_routes": 2 }, "geometry": { "type": "LineString", "coordinates": [ [ 126.952082499999989, 37.4984009 ], [ 126.951678900000019, 37.498873900000014 ] ] } },
{ "type": "Feature", "properties": { "학교": "숭실대", "u": "2824550275", "v": "11413637581", "key": 0, "osmid": "467538220", "name": "상도로", "highway": "service", "length": 13.1, "validation_status": "unobserved", "tmap_hit_routes": 0 }, "geometry": { "type": "LineString", "coordinates": [ [ 126.952082499999989, 37.4984009 ], [ 126.9519613, 37.4983334 ] ] } },
{ "type": "Feature", "properties": { "학교": "숭실대", "u": "2824550275", "v": "11413637820", "key": 0, "osmid": "1482765085", "name": "상도로", "highway": "primary", "length": 79.4, "validation_status": "unobserved", "tmap_hit_routes": 0 }, "geometry": { "type": "LineString", "coordinates": [ [ 126.952468, 37.4977431 ], [ 126.9523071, 37.497930599999989 ], [ 126.9519613, 37.4983334 ] ] } },
{ "type": "Feature", "properties": { "학교": "숭실대", "u": "2824550268", "v": "11413637840", "key": 0, "osmid": "278024797", "name": "상도로50길", "highway": "residential", "length": 5.4, "validation_status": "unobserved", "tmap_hit_routes": 0 }, "geometry": { "type": "LineString", "coordinates": [ [ 126.9502903, 37.4972956 ], [ 126.950262800000019, 37.4972526 ] ] } },
{ "type": "Feature", "properties": { "학교": "숭실대", "u": "2824550268", "v": "11413637475", "key": 0, "osmid": "278024797", "name": "상도로50길", "highway": "residential", "length": 7.6, "validation_status": "unobserved", "tmap_hit_routes": 0 }, "geometry": { "type": "LineString", "coordinates": [ [ 126.95022, 37.4971933 ], [ 126.950262800000019, 37.4972526 ] ] } },
{ "type": "Feature", "properties": { "학교": "숭실대", "u": "2824550268", "v": "11413637861", "key": 0, "osmid": "278148182", "name": "상도로54길", "highway": "tertiary", "length": 8.8, "validation_status": "unobserved", "tmap_hit_routes": 0 }, "geometry": { "type": "LineString", "coordinates": [ [ 126.950352899999984, 37.4972178 ], [ 126.950262800000019, 37.4972526 ] ] } },
{ "type": "Feature", "properties": { "학교": "숭실대", "u": "2824550268", "v": "11413637605", "key": 0, "osmid": "278150001", "name": "", "highway": "residential", "length": 8.8, "validation_status": "unobserved", "tmap_hit_routes": 0 }, "geometry": { "type": "LineString", "coordinates": [ [ 126.9501714, 37.497284 ], [ 126.950262800000019, 37.4972526 ] ] } },
{ "type": "Feature", "properties": { "학교": "숭실대", "u": "11413637840", "v": "11413637803", "key": 0, "osmid": "1230724651", "name": "", "highway": "footway", "length": 8.9, "validation_status": "unobserved", "tmap_hit_routes": 0 }, "geometry": { "type": "LineString", "coordinates": [ [ 126.9501986, 37.4973297 ], [ 126.9502903, 37.4972956 ] ] } },
{ "type": "Feature", "properties": { "학교": "숭실대", "u": "11413637840", "v": "11413637609", "key": 0, "osmid": "1230724651", "name": "", "highway": "footway", "length": 8.5, "validation_status": "unobserved", "tmap_hit_routes": 0 }, "geometry": { "type": "LineString", "coordinates": [ [ 126.950377700000018, 37.4972631 ], [ 126.9502903, 37.4972956 ] ] } },
{ "type": "Feature", "properties": { "학교": "숭실대", "u": "11413637840", "v": "2824550281", "key": 0, "osmid": "278024797", "name": "상도로50길", "highway": "residential", "length": 121.2, "validation_status": "unobserved", "tmap_hit_routes": 0 }, "geometry": { "type": "LineString", "coordinates": [ [ 126.9509195, 37.4982646 ], [ 126.95077710000001, 37.4980568 ], [ 126.9502903, 37.4972956 ] ] } },
{ "type": "Feature", "properties": { "학교": "숭실대", "u": "11413637475", "v": "11413637759", "key": 0, "osmid": "1230724612", "name": "", "highway": "footway", "length": 8.4, "validation_status": "validated", "tmap_hit_routes": 2 }, "geometry": { "type": "LineString", "coordinates": [ [ 126.9501321, 37.4972231 ], [ 126.95022, 37.4971933 ] ] } },
{ "type": "Feature", "properties": { "학교": "숭실대", "u": "11413637475", "v": "11413637584", "key": 0, "osmid": "1230724612", "name": "", "highway": "footway", "length": 9.7, "validation_status": "validated", "tmap_hit_routes": 2 }, "geometry": { "type": "LineString", "coordinates": [ [ 126.95032070000002, 37.4971591 ], [ 126.95022, 37.4971933 ] ] } },
{ "type": "Feature", "properties": { "학교": "숭실대", "u": "11413637475", "v": "10589255419", "key": 0, "osmid": "278024797", "name": "상도로50길", "highway": "residential", "length": 207.8, "validation_status": "validated", "tmap_hit_routes": 3 }, "geometry": { "type": "LineString", "coordinates": [ [ 126.9492612, 37.4954948 ], [ 126.949278, 37.495590100000015 ], [ 126.949381, 37.495843800000017 ], [ 126.94981580000001, 37.496599900000014 ], [ 126.95022, 37.4971933 ] ] } },
{ "type": "Feature", "properties": { "학교": "숭실대", "u": "11413637861", "v": "2824550279", "key": 0, "osmid": "278148182", "name": "상도로54길", "highway": "tertiary", "length": 31.4, "validation_status": "unobserved", "tmap_hit_routes": 0 }, "geometry": { "type": "LineString", "coordinates": [ [ 126.9506747, 37.4970964 ], [ 126.950352899999984, 37.4972178 ] ] } },
{ "type": "Feature", "properties": { "학교": "숭실대", "u": "11413637861", "v": "11413637584", "key": 0, "osmid": "1230724647", "name": "", "highway": "footway", "length": 7.1, "validation_status": "unobserved", "tmap_hit_routes": 0 }, "geometry": { "type": "LineString", "coordinates": [ [ 126.95032070000002, 37.4971591 ], [ 126.950352899999984, 37.4972178 ] ] } },
{ "type": "Feature", "properties": { "학교": "숭실대", "u": "11413637861", "v": "11413637609", "key": 0, "osmid": "1230724647", "name": "", "highway": "footway", "length": 5.5, "validation_status": "unobserved", "tmap_hit_routes": 0 }, "geometry": { "type": "LineString", "coordinates": [ [ 126.950377700000018, 37.4972631 ], [ 126.950352899999984, 37.4972178 ] ] } },
{ "type": "Feature", "properties": { "학교": "숭실대", "u": "11413637605", "v": "11413637759", "key": 0, "osmid": "1230724648", "name": "", "highway": "footway", "length": 7.6, "validation_status": "unobserved", "tmap_hit_routes": 0 }, "geometry": { "type": "LineString", "coordinates": [ [ 126.9501321, 37.4972231 ], [ 126.9501714, 37.497284 ] ] } },
{ "type": "Feature", "properties": { "학교": "숭실대", "u": "11413637605", "v": "11413637803", "key": 0, "osmid": "1230724648", "name": "", "highway": "footway", "length": 5.6, "validation_status": "unobserved", "tmap_hit_routes": 0 }, "geometry": { "type": "LineString", "coordinates": [ [ 126.9501986, 37.4973297 ], [ 126.9501714, 37.497284 ] ] } },
{ "type": "Feature", "properties": { "학교": "숭실대", "u": "11413637605", "v": "2825738321", "key": 0, "osmid": "278150001", "name": "", "highway": "residential", "length": 22.9, "validation_status": "unobserved", "tmap_hit_routes": 0 }, "geometry": { "type": "LineString", "coordinates": [ [ 126.9499962, 37.497403399999982 ], [ 126.9500064, 37.4973403 ], [ 126.9501714, 37.497284 ] ] } },
{ "type": "Feature", "properties": { "학교": "숭실대", "u": "11413637581", "v": "4621460690", "key": 0, "osmid": "467538220", "name": "상도로", "highway": "service", "length": 35.0, "validation_status": "unobserved", "tmap_hit_routes": 0 }, "geometry": { "type": "LineString", "coordinates": [ [ 126.9524068, 37.4985821 ], [ 126.952082499999989, 37.4984009 ] ] } },
{ "type": "Feature", "properties": { "학교": "숭실대", "u": "11413637581", "v": "11413637916", "key": 0, "osmid": "1230724653", "name": "", "highway": "footway", "length": 80.3, "validation_status": "validated", "tmap_hit_routes": 2 }, "geometry": { "type": "LineString", "coordinates": [ [ 126.9525737, 37.4977929 ], [ 126.952082499999989, 37.4984009 ] ] } },
{ "type": "Feature", "properties": { "학교": "숭실대", "u": "11413637820", "v": "13597219422", "key": 0, "osmid": "1230724626", "name": "", "highway": "footway", "length": 12.7, "validation_status": "validated", "tmap_hit_routes": 1 }, "geometry": { "type": "LineString", "coordinates": [ [ 126.952351, 37.4976772 ], [ 126.952468, 37.4977431 ] ] } },
{ "type": "Feature", "properties": { "학교": "숭실대", "u": "11413637820", "v": "11413637916", "key": 0, "osmid": "1230724626", "name": "", "highway": "footway", "length": 10.8, "validation_status": "validated", "tmap_hit_routes": 2 }, "geometry": { "type": "LineString", "coordinates": [ [ 126.9525737, 37.4977929 ], [ 126.952468, 37.4977431 ] ] } },
{ "type": "Feature", "properties": { "학교": "숭실대", "u": "11413637820", "v": "2824550308", "key": 0, "osmid": "1482765085", "name": "상도로", "highway": "primary", "length": 22.2, "validation_status": "unobserved", "tmap_hit_routes": 0 }, "geometry": { "type": "LineString", "coordinates": [ [ 126.952608700000013, 37.497578 ], [ 126.952468, 37.4977431 ] ] } },
{ "type": "Feature", "properties": { "학교": "숭실대", "u": "2824550277", "v": "2824550283", "key": 0, "osmid": "278024799", "name": "상도로52길", "highway": "service", "length": 34.7, "validation_status": "unobserved", "tmap_hit_routes": 0 }, "geometry": { "type": "LineString", "coordinates": [ [ 126.9515194, 37.4980944 ], [ 126.9512645, 37.4978563 ] ] } },
{ "type": "Feature", "properties": { "학교": "숭실대", "u": "2824550277", "v": "2824550281", "key": 0, "osmid": "278024800", "name": "상도로50길", "highway": "service", "length": 54.7, "validation_status": "unobserved", "tmap_hit_routes": 0 }, "geometry": { "type": "LineString", "coordinates": [ [ 126.9509195, 37.4982646 ], [ 126.9512645, 37.4978563 ] ] } },
{ "type": "Feature", "properties": { "학교": "숭실대", "u": "2824550277", "v": "11413637831", "key": 0, "osmid": "278024799", "name": "상도로52길", "highway": "service", "length": 94.9, "validation_status": "unobserved", "tmap_hit_routes": 0 }, "geometry": { "type": "LineString", "coordinates": [ [ 126.950698800000012, 37.4971364 ], [ 126.9509623, 37.4975582 ], [ 126.9512645, 37.4978563 ] ] } },
{ "type": "Feature", "properties": { "학교": "숭실대", "u": "2824550283", "v": "11413637666", "key": 0, "osmid": "278024799", "name": "상도로52길", "highway": "service", "length": 24.2, "validation_status": "validated", "tmap_hit_routes": 1 }, "geometry": { "type": "LineString", "coordinates": [ [ 126.9517466, 37.498217 ], [ 126.9515194, 37.4980944 ] ] } },
{ "type": "Feature", "properties": { "학교": "숭실대", "u": "2824550283", "v": "11413637793", "key": 0, "osmid": "278024801", "name": "상도로62길", "highway": "residential", "length": 88.0, "validation_status": "unobserved", "tmap_hit_routes": 0 }, "geometry": { "type": "LineString", "coordinates": [ [ 126.9520931, 37.4974472 ], [ 126.9515194, 37.4980944 ] ] } },
{ "type": "Feature", "properties": { "학교": "숭실대", "u": "2824550283", "v": "2824550282", "key": 0, "osmid": "278024801", "name": "상도로62길", "highway": "residential", "length": 58.3, "validation_status": "unobserved", "tmap_hit_routes": 0 }, "geometry": { "type": "LineString", "coordinates": [ [ 126.9511412, 37.4985244 ], [ 126.9515194, 37.4980944 ] ] } },
{ "type": "Feature", "properties": { "학교": "숭실대", "u": "2824550281", "v": "2824550282", "key": 0, "osmid": "278024797", "name": "상도로50길", "highway": "residential", "length": 34.9, "validation_status": "unobserved", "tmap_hit_routes": 0 }, "geometry": { "type": "LineString", "coordinates": [ [ 126.9511412, 37.4985244 ], [ 126.950949600000015, 37.4983085 ], [ 126.9509195, 37.4982646 ] ] } },
{ "type": "Feature", "properties": { "학교": "숭실대", "u": "11413637831", "v": "2824550279", "key": 0, "osmid": "278024799", "name": "상도로52길", "highway": "service", "length": 4.9, "validation_status": "validated", "tmap_hit_routes": 1 }, "geometry": { "type": "LineString", "coordinates": [ [ 126.9506747, 37.4970964 ], [ 126.950698800000012, 37.4971364 ] ] } },
{ "type": "Feature", "properties": { "학교": "숭실대", "u": "11413637831", "v": "11413637609", "key": 0, "osmid": "1230724618", "name": "", "highway": "footway", "length": 31.6, "validation_status": "unobserved", "tmap_hit_routes": 0 }, "geometry": { "type": "LineString", "coordinates": [ [ 126.950377700000018, 37.4972631 ], [ 126.950698800000012, 37.4971364 ] ] } },
{ "type": "Feature", "properties": { "학교": "숭실대", "u": "11413637831", "v": "11413637888", "key": 0, "osmid": "1230724618", "name": "", "highway": "footway", "length": 66.5, "validation_status": "validated", "tmap_hit_routes": 1 }, "geometry": { "type": "LineString", "coordinates": [ [ 126.9514103, 37.4972203 ], [ 126.951092, 37.4971175 ], [ 126.95093559999998, 37.4970868 ], [ 126.950847, 37.4970876 ], [ 126.950698800000012, 37.4971364 ] ] } },
{ "type": "Feature", "properties": { "학교": "숭실대", "u": "2824550279", "v": "10589220802", "key": 0, "osmid": "278148182", "name": "상도로54길", "highway": "tertiary", "length": 59.9, "validation_status": "unobserved", "tmap_hit_routes": 0 }, "geometry": { "type": "LineString", "coordinates": [ [ 126.951316899999981, 37.4971075 ], [ 126.9512323, 37.4970788 ], [ 126.951010100000019, 37.4970242 ], [ 126.950888100000014, 37.4970228 ], [ 126.9506747, 37.4970964 ] ] } },
{ "type": "Feature", "properties": { "학교": "숭실대", "u": "10589220802", "v": "11413637897", "key": 0, "osmid": "278148182", "name": "상도로54길", "highway": "tertiary", "length": 13.0, "validation_status": "unobserved", "tmap_hit_routes": 0 }, "geometry": { "type": "LineString", "coordinates": [ [ 126.951453900000018, 37.4971509 ], [ 126.951316899999981, 37.4971075 ] ] } },
{ "type": "Feature", "properties": { "학교": "숭실대", "u": "10589220802", "v": "11413637585", "key": 0, "osmid": "1135955732", "name": "", "highway": "service", "length": 8.8, "validation_status": "unobserved", "tmap_hit_routes": 0 }, "geometry": { "type": "LineString", "coordinates": [ [ 126.9513529, 37.4970334 ], [ 126.951316899999981, 37.4971075 ] ] } },
{ "type": "Feature", "properties": { "학교": "숭실대", "u": "2824550282", "v": "3337436846", "key": 0, "osmid": "278024797", "name": "상도로50길", "highway": "residential", "length": 16.8, "validation_status": "validated", "tmap_hit_routes": 1 }, "geometry": { "type": "LineString", "coordinates": [ [ 126.9512597, 37.4986419 ], [ 126.9512013, 37.4985941 ], [ 126.9511412, 37.4985244 ] ] } },
{ "type": "Feature", "properties": { "학교": "숭실대", "u": "3337436846", "v": "11413637596", "key": 0, "osmid": "278024797", "name": "상도로50길", "highway": "residential", "length": 8.8, "validation_status": "bridged", "tmap_hit_routes": 0 }, "geometry": { "type": "LineString", "coordinates": [ [ 126.9513266, 37.4987001 ], [ 126.9512597, 37.4986419 ] ] } },
{ "type": "Feature", "properties": { "학교": "숭실대", "u": "3337436846", "v": "13281452472", "key": 0, "osmid": "327031372", "name": "상도로50길", "highway": "service", "length": 87.6, "validation_status": "validated", "tmap_hit_routes": 1 }, "geometry": { "type": "LineString", "coordinates": [ [ 126.950698, 37.4992915 ], [ 126.9512597, 37.4986419 ] ] } },
{ "type": "Feature", "properties": { "학교": "숭실대", "u": "11413637666", "v": "13597219421", "key": 0, "osmid": "278024799", "name": "상도로52길", "highway": "service", "length": 9.3, "validation_status": "unobserved", "tmap_hit_routes": 0 }, "geometry": { "type": "LineString", "coordinates": [ [ 126.95183320000001, 37.498264 ], [ 126.9517466, 37.498217 ] ] } },
{ "type": "Feature", "properties": { "학교": "숭실대", "u": "11413637666", "v": "11413637779", "key": 0, "osmid": "1230724618", "name": "", "highway": "footway", "length": 79.8, "validation_status": "validated", "tmap_hit_routes": 1 }, "geometry": { "type": "LineString", "coordinates": [ [ 126.9522703, 37.4976318 ], [ 126.9517466, 37.498217 ] ] } },
{ "type": "Feature", "properties": { "학교": "숭실대", "u": "11413637666", "v": "11413637596", "key": 0, "osmid": "1230724618", "name": "", "highway": "footway", "length": 65.3, "validation_status": "validated", "tmap_hit_routes": 1 }, "geometry": { "type": "LineString", "coordinates": [ [ 126.9513266, 37.4987001 ], [ 126.9517466, 37.498217 ] ] } },
{ "type": "Feature", "properties": { "학교": "숭실대", "u": "11413637793", "v": "2824550284", "key": 0, "osmid": "278024801", "name": "상도로62길", "highway": "residential", "length": 11.7, "validation_status": "validated", "tmap_hit_routes": 1 }, "geometry": { "type": "LineString", "coordinates": [ [ 126.9521721, 37.497363 ], [ 126.9520931, 37.4974472 ] ] } },
{ "type": "Feature", "properties": { "학교": "숭실대", "u": "11413637793", "v": "11413637888", "key": 0, "osmid": "1230724618", "name": "", "highway": "footway", "length": 65.3, "validation_status": "validated", "tmap_hit_routes": 1 }, "geometry": { "type": "LineString", "coordinates": [ [ 126.9514103, 37.4972203 ], [ 126.9520931, 37.4974472 ] ] } },
{ "type": "Feature", "properties": { "학교": "숭실대", "u": "11413637793", "v": "11413637879", "key": 0, "osmid": "1230724618", "name": "", "highway": "footway", "length": 21.8, "validation_status": "validated", "tmap_hit_routes": 2 }, "geometry": { "type": "LineString", "coordinates": [ [ 126.9522967, 37.4975583 ], [ 126.9520931, 37.4974472 ] ] } },
{ "type": "Feature", "properties": { "학교": "숭실대", "u": "2824550284", "v": "2824550285", "key": 0, "osmid": "278024801", "name": "상도로62길", "highway": "residential", "length": 11.5, "validation_status": "unobserved", "tmap_hit_routes": 0 }, "geometry": { "type": "LineString", "coordinates": [ [ 126.952248700000013, 37.4972796 ], [ 126.9521721, 37.497363 ] ] } },
{ "type": "Feature", "properties": { "학교": "숭실대", "u": "2824550284", "v": "11413637833", "key": 0, "osmid": "278148182", "name": "상도로54길", "highway": "tertiary", "length": 20.7, "validation_status": "validated", "tmap_hit_routes": 2 }, "geometry": { "type": "LineString", "coordinates": [ [ 126.9523735, 37.4974581 ], [ 126.9521721, 37.497363 ] ] } },
{ "type": "Feature", "properties": { "학교": "숭실대", "u": "2824550284", "v": "11413637897", "key": 0, "osmid": "278148182", "name": "상도로54길", "highway": "tertiary", "length": 67.6, "validation_status": "validated", "tmap_hit_routes": 1 }, "geometry": { "type": "LineString", "coordinates": [ [ 126.951453900000018, 37.4971509 ], [ 126.9521721, 37.497363 ] ] } },
{ "type": "Feature", "properties": { "학교": "숭실대", "u": "2824550285", "v": "11413637693", "key": 0, "osmid": "1230724650", "name": "", "highway": "footway", "length": 70.0, "validation_status": "validated", "tmap_hit_routes": 6 }, "geometry": { "type": "LineString", "coordinates": [ [ 126.9514982, 37.497076499999984 ], [ 126.952248700000013, 37.4972796 ] ] } },
{ "type": "Feature", "properties": { "학교": "숭실대", "u": "2824550285", "v": "11413637799", "key": 0, "osmid": "1230724650", "name": "", "highway": "footway", "length": 21.0, "validation_status": "validated", "tmap_hit_routes": 8 }, "geometry": { "type": "LineString", "coordinates": [ [ 126.952465300000014, 37.4973585 ], [ 126.952248700000013, 37.4972796 ] ] } },
{ "type": "Feature", "properties": { "학교": "숭실대", "u": "2824550285", "v": "2824550287", "key": 0, "osmid": "278024801", "name": "상도로62길", "highway": "residential", "length": 122.8, "validation_status": "validated", "tmap_hit_routes": 1 }, "geometry": { "type": "LineString", "coordinates": [ [ 126.953025400000016, 37.4963632 ], [ 126.9524993, 37.4969907 ], [ 126.952248700000013, 37.4972796 ] ] } },
{ "type": "Feature", "properties": { "학교": "숭실대", "u": "2824550285", "v": "2825723258", "key": 0, "osmid": "278148191", "name": "상도로54길", "highway": "service", "length": 150.1, "validation_status": "validated", "tmap_hit_routes": 2 }, "geometry": { "type": "LineString", "coordinates": [ [ 126.952693, 37.496087199999984 ], [ 126.9521116, 37.4967414 ], [ 126.952248700000013, 37.4972796 ] ] } },
{ "type": "Feature", "properties": { "학교": "숭실대", "u": "11413637833", "v": "13597219423", "key": 0, "osmid": "278148182", "name": "상도로54길", "highway": "tertiary", "length": 12.1, "validation_status": "unobserved", "tmap_hit_routes": 0 }, "geometry": { "type": "LineString", "coordinates": [ [ 126.952489, 37.497517 ], [ 126.9523735, 37.4974581 ] ] } },
{ "type": "Feature", "properties": { "학교": "숭실대", "u": "11413637833", "v": "11413637799", "key": 0, "osmid": "1230724658", "name": "", "highway": "footway", "length": 13.7, "validation_status": "unobserved", "tmap_hit_routes": 0 }, "geometry": { "type": "LineString", "coordinates": [ [ 126.952465300000014, 37.4973585 ], [ 126.9523735, 37.4974581 ] ] } },
{ "type": "Feature", "properties": { "학교": "숭실대", "u": "11413637833", "v": "11413637879", "key": 0, "osmid": "1230724658", "name": "", "highway": "footway", "length": 13.0, "validation_status": "unobserved", "tmap_hit_routes": 0 }, "geometry": { "type": "LineString", "coordinates": [ [ 126.9522967, 37.4975583 ], [ 126.9523735, 37.4974581 ] ] } },
{ "type": "Feature", "properties": { "학교": "숭실대", "u": "11413637897", "v": "11413637693", "key": 0, "osmid": "1230724631", "name": "", "highway": "footway", "length": 9.1, "validation_status": "bridged", "tmap_hit_routes": 0 }, "geometry": { "type": "LineString", "coordinates": [ [ 126.9514982, 37.497076499999984 ], [ 126.951453900000018, 37.4971509 ] ] } },
{ "type": "Feature", "properties": { "학교": "숭실대", "u": "11413637897", "v": "11413637888", "key": 0, "osmid": "1230724631", "name": "", "highway": "footway", "length": 8.6, "validation_status": "validated", "tmap_hit_routes": 1 }, "geometry": { "type": "LineString", "coordinates": [ [ 126.9514103, 37.4972203 ], [ 126.951453900000018, 37.4971509 ] ] } },
{ "type": "Feature", "properties": { "학교": "숭실대", "u": "11413637693", "v": "11413637585", "key": 0, "osmid": [ 1230724650, 1230724611 ], "name": "", "highway": "footway", "length": 13.7, "validation_status": "validated", "tmap_hit_routes": 6 }, "geometry": { "type": "LineString", "coordinates": [ [ 126.9513529, 37.4970334 ], [ 126.951442500000013, 37.4970615 ], [ 126.9514982, 37.497076499999984 ] ] } },
{ "type": "Feature", "properties": { "학교": "숭실대", "u": "11413637799", "v": "11413637939", "key": 0, "osmid": "612099146", "name": "", "highway": "footway", "length": 6.4, "validation_status": "validated", "tmap_hit_routes": 6 }, "geometry": { "type": "LineString", "coordinates": [ [ 126.952512700000014, 37.497314599999989 ], [ 126.952465300000014, 37.4973585 ] ] } },
{ "type": "Feature", "properties": { "학교": "숭실대", "u": "2824550287", "v": "2824550288", "key": 0, "osmid": "278024801", "name": "상도로62길", "highway": "residential", "length": 50.8, "validation_status": "unobserved", "tmap_hit_routes": 0 }, "geometry": { "type": "LineString", "coordinates": [ [ 126.953362799999979, 37.49599340000001 ], [ 126.953025400000016, 37.4963632 ] ] } },
{ "type": "Feature", "properties": { "학교": "숭실대", "u": "2824550287", "v": "11413637678", "key": 0, "osmid": "278148189", "name": "상도로56길", "highway": "service", "length": 21.3, "validation_status": "validated", "tmap_hit_routes": 2 }, "geometry": { "type": "LineString", "coordinates": [ [ 126.9532272, 37.4964691 ], [ 126.953025400000016, 37.4963632 ] ] } },
{ "type": "Feature", "properties": { "학교": "숭실대", "u": "2824550287", "v": "2825723258", "key": 0, "osmid": "278148189", "name": "상도로56길", "highway": "service", "length": 42.4, "validation_status": "validated", "tmap_hit_routes": 2 }, "geometry": { "type": "LineString", "coordinates": [ [ 126.952693, 37.496087199999984 ], [ 126.953025400000016, 37.4963632 ] ] } },
{ "type": "Feature", "properties": { "학교": "숭실대", "u": "2825723258", "v": "13296689135", "key": 0, "osmid": "278148189", "name": "상도로56길", "highway": "service", "length": 29.5, "validation_status": "validated", "tmap_hit_routes": 2 }, "geometry": { "type": "LineString", "coordinates": [ [ 126.9524621, 37.4958949 ], [ 126.952693, 37.496087199999984 ] ] } },
{ "type": "Feature", "properties": { "학교": "숭실대", "u": "2825723258", "v": "2825723289", "key": 0, "osmid": "278148191", "name": "상도로54길", "highway": "service", "length": 47.8, "validation_status": "unobserved", "tmap_hit_routes": 0 }, "geometry": { "type": "LineString", "coordinates": [ [ 126.9530232, 37.495746900000015 ], [ 126.952693, 37.496087199999984 ] ] } },
{ "type": "Feature", "properties": { "학교": "숭실대", "u": "2824550288", "v": "2824550292", "key": 0, "osmid": "278024801", "name": "상도로62길", "highway": "residential", "length": 100.1, "validation_status": "unobserved", "tmap_hit_routes": 0 }, "geometry": { "type": "LineString", "coordinates": [ [ 126.9537205, 37.495165400000012 ], [ 126.953693099999981, 37.495269 ], [ 126.9536912, 37.495489 ], [ 126.95368160000001, 37.4955523 ], [ 126.953631200000018, 37.4956643 ], [ 126.953362799999979, 37.49599340000001 ] ] } },
{ "type": "Feature", "properties": { "학교": "숭실대", "u": "2824550288", "v": "2825723289", "key": 0, "osmid": "1450884426", "name": "상도로58길", "highway": "residential", "length": 41.2, "validation_status": "validated", "tmap_hit_routes": 1 }, "geometry": { "type": "LineString", "coordinates": [ [ 126.9530232, 37.495746900000015 ], [ 126.953291299999989, 37.495970300000018 ], [ 126.953328199999987, 37.4959859 ], [ 126.953362799999979, 37.49599340000001 ] ] } },
{ "type": "Feature", "properties": { "학교": "숭실대", "u": "2824550288", "v": "11413637556", "key": 0, "osmid": "1450884426", "name": "상도로58길", "highway": "residential", "length": 21.4, "validation_status": "validated", "tmap_hit_routes": 3 }, "geometry": { "type": "LineString", "coordinates": [ [ 126.953574500000016, 37.4960789 ], [ 126.9534322, 37.4960032 ], [ 126.9533979, 37.4959942 ], [ 126.953362799999979, 37.49599340000001 ] ] } },
{ "type": "Feature", "properties": { "학교": "숭실대", "u": "11413637678", "v": "2825723240", "key": 0, "osmid": "278148189", "name": "상도로56길", "highway": "service", "length": 11.2, "validation_status": "unobserved", "tmap_hit_routes": 0 }, "geometry": { "type": "LineString", "coordinates": [ [ 126.9533337, 37.496523900000014 ], [ 126.9532272, 37.4964691 ] ] } },
{ "type": "Feature", "properties": { "학교": "숭실대", "u": "11413637678", "v": "11413637556", "key": 0, "osmid": "612099146", "name": "", "highway": "footway", "length": 53.1, "validation_status": "validated", "tmap_hit_routes": 2 }, "geometry": { "type": "LineString", "coordinates": [ [ 126.953574500000016, 37.4960789 ], [ 126.9532272, 37.4964691 ] ] } },
{ "type": "Feature", "properties": { "학교": "숭실대", "u": "11413637678", "v": "11413637939", "key": 0, "osmid": "612099146", "name": "", "highway": "footway", "length": 113.3, "validation_status": "unobserved", "tmap_hit_routes": 0 }, "geometry": { "type": "LineString", "coordinates": [ [ 126.952512700000014, 37.497314599999989 ], [ 126.952894, 37.4969117 ], [ 126.9532272, 37.4964691 ] ] } },
{ "type": "Feature", "properties": { "학교": "숭실대", "u": "2824550292", "v": "2825724226", "key": 0, "osmid": "278024801", "name": "상도로62길", "highway": "residential", "length": 63.2, "validation_status": "unobserved", "tmap_hit_routes": 0 }, "geometry": { "type": "LineString", "coordinates": [ [ 126.9542662, 37.4948374 ], [ 126.954176, 37.4948525 ], [ 126.9540859, 37.4948745 ], [ 126.954000800000017, 37.4949101 ], [ 126.9539167, 37.4949578 ], [ 126.953844599999982, 37.4950123 ], [ 126.9537792, 37.495071900000013 ], [ 126.9537205, 37.495165400000012 ] ] } },
{ "type": "Feature", "properties": { "학교": "숭실대", "u": "2824550292", "v": "13314251104", "key": 0, "osmid": "278148591", "name": "상도로62가길", "highway": "service", "length": 48.0, "validation_status": "unobserved", "tmap_hit_routes": 0 }, "geometry": { "type": "LineString", "coordinates": [ [ 126.953469500000011, 37.4948128 ], [ 126.9534856, 37.4948601 ], [ 126.9535337, 37.494991 ], [ 126.9535807, 37.4950946 ], [ 126.953617300000019, 37.4951301 ], [ 126.953664599999982, 37.49515490000001 ], [ 126.9537205, 37.495165400000012 ] ] } },
{ "type": "Feature", "properties": { "학교": "숭실대", "u": "2825723289", "v": "2825723225", "key": 0, "osmid": "1450884426", "name": "상도로58길", "highway": "residential", "length": 91.6, "validation_status": "validated", "tmap_hit_routes": 1 }, "geometry": { "type": "LineString", "coordinates": [ [ 126.9522954, 37.495159 ], [ 126.9530232, 37.495746900000015 ] ] } },
{ "type": "Feature", "properties": { "학교": "숭실대", "u": "2825723289", "v": "13314251024", "key": 0, "osmid": "278148191", "name": "상도로54길", "highway": "service", "length": 56.1, "validation_status": "unobserved", "tmap_hit_routes": 0 }, "geometry": { "type": "LineString", "coordinates": [ [ 126.953340200000014, 37.4953457 ], [ 126.9533514, 37.49539750000001 ], [ 126.9533499, 37.4954551 ], [ 126.9533276, 37.4955014 ], [ 126.9532616, 37.495557199999986 ], [ 126.9532011, 37.4956011 ], [ 126.9531526, 37.4956359 ], [ 126.9530232, 37.495746900000015 ] ] } },
{ "type": "Feature", "properties": { "학교": "숭실대", "u": "11413637556", "v": "11413637566", "key": 0, "osmid": "612099146", "name": "", "highway": "footway", "length": 68.2, "validation_status": "validated", "tmap_hit_routes": 3 }, "geometry": { "type": "LineString", "coordinates": [ [ 126.9540535, 37.4955977 ], [ 126.953574500000016, 37.4960789 ] ] } },
{ "type": "Feature", "properties": { "학교": "숭실대", "u": "11413637556", "v": "4620925483", "key": 0, "osmid": "1450884426", "name": "상도로58길", "highway": "residential", "length": 10.6, "validation_status": "unobserved", "tmap_hit_routes": 0 }, "geometry": { "type": "LineString", "coordinates": [ [ 126.953668400000012, 37.496138 ], [ 126.953574500000016, 37.4960789 ] ] } },
{ "type": "Feature", "properties": { "학교": "숭실대", "u": "2825724226", "v": "10611854840", "key": 0, "osmid": "278148184", "name": "상도로60길", "highway": "residential", "length": 44.6, "validation_status": "validated", "tmap_hit_routes": 3 }, "geometry": { "type": "LineString", "coordinates": [ [ 126.9542401, 37.4944369 ], [ 126.9542662, 37.4948374 ] ] } },
{ "type": "Feature", "properties": { "학교": "숭실대", "u": "2825724226", "v": "2825724222", "key": 0, "osmid": "278024801", "name": "상도로62길", "highway": "residential", "length": 36.8, "validation_status": "validated", "tmap_hit_routes": 6 }, "geometry": { "type": "LineString", "coordinates": [ [ 126.9546703, 37.4948868 ], [ 126.9545734, 37.4948506 ], [ 126.954460400000016, 37.4948313 ], [ 126.954344300000017, 37.4948316 ], [ 126.9542662, 37.4948374 ] ] } },
{ "type": "Feature", "properties": { "학교": "숭실대", "u": "2825724226", "v": "2825724223", "key": 0, "osmid": "278148184", "name": "상도로60길", "highway": "residential", "length": 48.9, "validation_status": "validated", "tmap_hit_routes": 9 }, "geometry": { "type": "LineString", "coordinates": [ [ 126.9543472, 37.4952719 ], [ 126.9543246, 37.4952056 ], [ 126.9543097, 37.495113900000014 ], [ 126.9542727, 37.4949005 ], [ 126.9542662, 37.4948374 ] ] } },
{ "type": "Feature", "properties": { "학교": "숭실대", "u": "13314251104", "v": "2825726703", "key": 0, "osmid": "278148591", "name": "상도로62가길", "highway": "service", "length": 73.6, "validation_status": "unobserved", "tmap_hit_routes": 0 }, "geometry": { "type": "LineString", "coordinates": [ [ 126.953286700000021, 37.4941687 ], [ 126.953356, 37.4943446 ], [ 126.953419700000012, 37.4945563 ], [ 126.953469500000011, 37.4948128 ] ] } },
{ "type": "Feature", "properties": { "학교": "숭실대", "u": "13314251104", "v": "13314251106", "key": 0, "osmid": [ 1451725925, 1451725926 ], "name": "", "highway": [ "service", "steps" ], "length": 20.7, "validation_status": "unobserved", "tmap_hit_routes": 0 }, "geometry": { "type": "LineString", "coordinates": [ [ 126.9532437, 37.4948643 ], [ 126.9533103, 37.4948499 ], [ 126.953469500000011, 37.4948128 ] ] } },
{ "type": "Feature", "properties": { "학교": "숭실대", "u": "2824550298", "v": "2824550301", "key": 0, "osmid": "278148277", "name": "상도로61길", "highway": "residential", "length": 93.2, "validation_status": "unobserved", "tmap_hit_routes": 0 }, "geometry": { "type": "LineString", "coordinates": [ [ 126.9564981, 37.4948701 ], [ 126.9561291, 37.4949757 ], [ 126.9556201, 37.4951498 ], [ 126.955512699999986, 37.495166500000011 ] ] } },
{ "type": "Feature", "properties": { "학교": "숭실대", "u": "2824550298", "v": "14074780680", "key": 0, "osmid": "278148277", "name": "상도로61길", "highway": "residential", "length": 65.0, "validation_status": "unobserved", "tmap_hit_routes": 0 }, "geometry": { "type": "LineString", "coordinates": [ [ 126.9548506, 37.4949789 ], [ 126.9550021, 37.4950544 ], [ 126.9552698, 37.495185 ], [ 126.955512699999986, 37.495166500000011 ] ] } },
{ "type": "Feature", "properties": { "학교": "숭실대", "u": "2824550298", "v": "4666594482", "key": 0, "osmid": "472454783", "name": "", "highway": "service", "length": 34.8, "validation_status": "validated", "tmap_hit_routes": 1 }, "geometry": { "type": "LineString", "coordinates": [ [ 126.955593300000018, 37.4954732 ], [ 126.9555707, 37.4953851 ], [ 126.955512699999986, 37.495166500000011 ] ] } },
{ "type": "Feature", "properties": { "학교": "숭실대", "u": "2824550301", "v": "4620932579", "key": 0, "osmid": "1381653372", "name": "", "highway": "service", "length": 29.8, "validation_status": "validated", "tmap_hit_routes": 9 }, "geometry": { "type": "LineString", "coordinates": [ [ 126.9564516, 37.4946043 ], [ 126.9564981, 37.4948701 ] ] } },
{ "type": "Feature", "properties": { "학교": "숭실대", "u": "2824550301", "v": "2824550303", "key": 0, "osmid": "278148277", "name": "상도로61길", "highway": "residential", "length": 104.6, "validation_status": "validated", "tmap_hit_routes": 1 }, "geometry": { "type": "LineString", "coordinates": [ [ 126.9576633, 37.4946951 ], [ 126.9571472, 37.4947738 ], [ 126.9564981, 37.4948701 ] ] } },
{ "type": "Feature", "properties": { "학교": "숭실대", "u": "2824550301", "v": "2890319200", "key": 0, "osmid": "1381653372", "name": "", "highway": "service", "length": 51.6, "validation_status": "validated", "tmap_hit_routes": 9 }, "geometry": { "type": "LineString", "coordinates": [ [ 126.9566252, 37.4953228 ], [ 126.956602, 37.4952379 ], [ 126.9564981, 37.4948701 ] ] } },
{ "type": "Feature", "properties": { "학교": "숭실대", "u": "14074780680", "v": "14074780687", "key": 0, "osmid": "1547465065", "name": "상도로", "highway": "primary", "length": 85.1, "validation_status": "unobserved", "tmap_hit_routes": 0 }, "geometry": { "type": "LineString", "coordinates": [ [ 126.9554082, 37.494354499999986 ], [ 126.955144, 37.4946493 ], [ 126.9548506, 37.4949789 ] ] } },
{ "type": "Feature", "properties": { "학교": "숭실대", "u": "4666594482", "v": "12800872798", "key": 0, "osmid": "220064933", "name": "사당로", "highway": "primary", "length": 18.6, "validation_status": "unobserved", "tmap_hit_routes": 0 }, "geometry": { "type": "LineString", "coordinates": [ [ 126.9553857, 37.495503500000012 ], [ 126.955593300000018, 37.4954732 ] ] } },
{ "type": "Feature", "properties": { "학교": "숭실대", "u": "4666594482", "v": "2890319200", "key": 0, "osmid": "220064933", "name": "사당로", "highway": "primary", "length": 92.6, "validation_status": "validated", "tmap_hit_routes": 1 }, "geometry": { "type": "LineString", "coordinates": [ [ 126.9566252, 37.4953228 ], [ 126.9564036, 37.495355100000026 ], [ 126.955593300000018, 37.4954732 ] ] } },
{ "type": "Feature", "properties": { "학교": "숭실대", "u": "4620932579", "v": "4620932580", "key": 0, "osmid": "467478843", "name": "상도로63길", "highway": "service", "length": 42.8, "validation_status": "unobserved", "tmap_hit_routes": 0 }, "geometry": { "type": "LineString", "coordinates": [ [ 126.956933699999979, 37.4945644 ], [ 126.9564516, 37.4946043 ] ] } },
{ "type": "Feature", "properties": { "학교": "숭실대", "u": "4620932579", "v": "14074780687", "key": 0, "osmid": "467478843", "name": "상도로63길", "highway": "service", "length": 101.6, "validation_status": "validated", "tmap_hit_routes": 1 }, "geometry": { "type": "LineString", "coordinates": [ [ 126.9554082, 37.494354499999986 ], [ 126.955524, 37.4944269 ], [ 126.955580400000017, 37.4944617 ], [ 126.955768699999979, 37.4945877 ], [ 126.955883400000019, 37.494611 ], [ 126.95608350000002, 37.4946087 ], [ 126.9564516, 37.4946043 ] ] } },
{ "type": "Feature", "properties": { "학교": "숭실대", "u": "4620932579", "v": "12864837514", "key": 0, "osmid": "1381653372", "name": "", "highway": "service", "length": 22.4, "validation_status": "validated", "tmap_hit_routes": 9 }, "geometry": { "type": "LineString", "coordinates": [ [ 126.956418, 37.4944049 ], [ 126.9564474, 37.4945799 ], [ 126.9564516, 37.4946043 ] ] } },
{ "type": "Feature", "properties": { "학교": "숭실대", "u": "2824550303", "v": "2886858471", "key": 0, "osmid": "278148277", "name": "상도로61길", "highway": "residential", "length": 102.2, "validation_status": "unobserved", "tmap_hit_routes": 0 }, "geometry": { "type": "LineString", "coordinates": [ [ 126.958800699999983, 37.4945209 ], [ 126.9576633, 37.4946951 ] ] } },
{ "type": "Feature", "properties": { "학교": "숭실대", "u": "2824550303", "v": "4620932587", "key": 0, "osmid": "467478844", "name": "상도로61가길", "highway": "service", "length": 52.1, "validation_status": "validated", "tmap_hit_routes": 1 }, "geometry": { "type": "LineString", "coordinates": [ [ 126.9577914, 37.4951528 ], [ 126.9577713, 37.4950837 ], [ 126.9576633, 37.4946951 ] ] } },
{ "type": "Feature", "properties": { "학교": "숭실대", "u": "2824550303", "v": "4620932585", "key": 0, "osmid": "467478844", "name": "상도로61가길", "highway": "service", "length": 68.8, "validation_status": "validated", "tmap_hit_routes": 1 }, "geometry": { "type": "LineString", "coordinates": [ [ 126.9582104, 37.494452 ], [ 126.957625, 37.4945552 ], [ 126.9576633, 37.4946951 ] ] } },
{ "type": "Feature", "properties": { "학교": "숭실대", "u": "2890319200", "v": "13149390530", "key": 0, "osmid": "1381930941", "name": "", "highway": "service", "length": 11.0, "validation_status": "unobserved", "tmap_hit_routes": 0 }, "geometry": { "type": "LineString", "coordinates": [ [ 126.9566841, 37.49541 ], [ 126.9566252, 37.4953228 ] ] } },
{ "type": "Feature", "properties": { "학교": "숭실대", "u": "2890319200", "v": "4620932587", "key": 0, "osmid": "220064933", "name": "사당로", "highway": "primary", "length": 104.6, "validation_status": "validated", "tmap_hit_routes": 7 }, "geometry": { "type": "LineString", "coordinates": [ [ 126.9577914, 37.4951528 ], [ 126.9568836, 37.495285100000011 ], [ 126.9566252, 37.4953228 ] ] } },
{ "type": "Feature", "properties": { "학교": "숭실대", "u": "2886858471", "v": "13322228149", "key": 0, "osmid": "1381099026", "name": "", "highway": "residential", "length": 26.9, "validation_status": "unobserved", "tmap_hit_routes": 0 }, "geometry": { "type": "LineString", "coordinates": [ [ 126.9588637, 37.4947575 ], [ 126.958800699999983, 37.4945209 ] ] } },
{ "type": "Feature", "properties": { "학교": "숭실대", "u": "2886858471", "v": "13322228115", "key": 0, "osmid": "278148277", "name": "상도로61길", "highway": "residential", "length": 42.2, "validation_status": "unobserved", "tmap_hit_routes": 0 }, "geometry": { "type": "LineString", "coordinates": [ [ 126.9592721, 37.4944575 ], [ 126.959158500000015, 37.4944693 ], [ 126.958800699999983, 37.4945209 ] ] } },
{ "type": "Feature", "properties": { "학교": "숭실대", "u": "4620932587", "v": "2890319302", "key": 0, "osmid": "220064933", "name": "사당로", "highway": "primary", "length": 101.7, "validation_status": "validated", "tmap_hit_routes": 1 }, "geometry": { "type": "LineString", "coordinates": [ [ 126.95892520000001, 37.4949881 ], [ 126.9585846, 37.4950372 ], [ 126.9577914, 37.4951528 ] ] } },
{ "type": "Feature", "properties": { "학교": "숭실대", "u": "2824550308", "v": "11413637731", "key": 0, "osmid": "278024802", "name": "상도로53길", "highway": "tertiary", "length": 17.6, "validation_status": "validated", "tmap_hit_routes": 2 }, "geometry": { "type": "LineString", "coordinates": [ [ 126.9527768, 37.4976629 ], [ 126.952608700000013, 37.497578 ] ] } },
{ "type": "Feature", "properties": { "학교": "숭실대", "u": "2824550308", "v": "13597219423", "key": 0, "osmid": "278148182", "name": "상도로54길", "highway": "tertiary", "length": 12.6, "validation_status": "unobserved", "tmap_hit_routes": 0 }, "geometry": { "type": "LineString", "coordinates": [ [ 126.952489, 37.497517 ], [ 126.952608700000013, 37.497578 ] ] } },
{ "type": "Feature", "properties": { "학교": "숭실대", "u": "2824550308", "v": "13528976150", "key": 0, "osmid": [ 1474731232, 1474731226 ], "name": "상도로", "highway": "primary", "length": 19.4, "validation_status": "unobserved", "tmap_hit_routes": 0 }, "geometry": { "type": "LineString", "coordinates": [ [ 126.952733800000019, 37.497434800000015 ], [ 126.952641, 37.4975392 ], [ 126.952608700000013, 37.497578 ] ] } },
{ "type": "Feature", "properties": { "학교": "숭실대", "u": "11413637731", "v": "2825706563", "key": 0, "osmid": "278024802", "name": "상도로53길", "highway": "tertiary", "length": 31.4, "validation_status": "unobserved", "tmap_hit_routes": 0 }, "geometry": { "type": "LineString", "coordinates": [ [ 126.9530751, 37.497817 ], [ 126.9527768, 37.4976629 ] ] } },
{ "type": "Feature", "properties": { "학교": "숭실대", "u": "11413637731", "v": "11413637673", "key": 0, "osmid": "1230724670", "name": "", "highway": "footway", "length": 11.9, "validation_status": "validated", "tmap_hit_routes": 4 }, "geometry": { "type": "LineString", "coordinates": [ [ 126.952858099999986, 37.4975776 ], [ 126.9527768, 37.4976629 ] ] } },
{ "type": "Feature", "properties": { "학교": "숭실대", "u": "11413637731", "v": "11413637561", "key": 0, "osmid": "1230724670", "name": "", "highway": "footway", "length": 15.6, "validation_status": "validated", "tmap_hit_routes": 4 }, "geometry": { "type": "LineString", "coordinates": [ [ 126.9526751, 37.4977775 ], [ 126.9527768, 37.4976629 ] ] } },
{ "type": "Feature", "properties": { "학교": "숭실대", "u": "13597219423", "v": "11413637615", "key": 0, "osmid": "1474731225", "name": "상도로", "highway": "primary", "length": 19.6, "validation_status": "unobserved", "tmap_hit_routes": 0 }, "geometry": { "type": "LineString", "coordinates": [ [ 126.95261, 37.497369 ], [ 126.952489, 37.497517 ] ] } },
{ "type": "Feature", "properties": { "학교": "숭실대", "u": "13597219423", "v": "13597219422", "key": 0, "osmid": "1482765087", "name": "상도로", "highway": "primary", "length": 21.6, "validation_status": "unobserved", "tmap_hit_routes": 0 }, "geometry": { "type": "LineString", "coordinates": [ [ 126.952351, 37.4976772 ], [ 126.952390900000012, 37.4976312 ], [ 126.952489, 37.497517 ] ] } },
{ "type": "Feature", "properties": { "학교": "숭실대", "u": "13528976150", "v": "11413637615", "key": 0, "osmid": "1230724654", "name": "", "highway": "footway", "length": 13.1, "validation_status": "validated", "tmap_hit_routes": 8 }, "geometry": { "type": "LineString", "coordinates": [ [ 126.95261, 37.497369 ], [ 126.952733800000019, 37.497434800000015 ] ] } },
{ "type": "Feature", "properties": { "학교": "숭실대", "u": "13528976150", "v": "11413637762", "key": 0, "osmid": "1230724654", "name": "", "highway": "footway", "length": 13.4, "validation_status": "validated", "tmap_hit_routes": 12 }, "geometry": { "type": "LineString", "coordinates": [ [ 126.952859600000011, 37.4975016 ], [ 126.952733800000019, 37.497434800000015 ] ] } },
{ "type": "Feature", "properties": { "학교": "숭실대", "u": "13528976150", "v": "2825711406", "key": 0, "osmid": [ 1474731224, 1474731226 ], "name": "상도로", "highway": "primary", "length": 39.4, "validation_status": "validated", "tmap_hit_routes": 12 }, "geometry": { "type": "LineString", "coordinates": [ [ 126.952976800000016, 37.4971372 ], [ 126.9528539, 37.4972847 ], [ 126.952733800000019, 37.497434800000015 ] ] } },
{ "type": "Feature", "properties": { "학교": "숭실대", "u": "2824550315", "v": "4621460692", "key": 0, "osmid": "278024802", "name": "상도로53길", "highway": "tertiary", "length": 129.4, "validation_status": "validated", "tmap_hit_routes": 6 }, "geometry": { "type": "LineString", "coordinates": [ [ 126.9530801, 37.4985726 ], [ 126.9530528, 37.498614 ], [ 126.9530109, 37.498749099999984 ], [ 126.9530339, 37.4988981 ], [ 126.9531324, 37.4990472 ], [ 126.9535245, 37.4994514 ], [ 126.953619500000016, 37.4995806 ] ] } },
{ "type": "Feature", "properties": { "학교": "숭실대", "u": "2824550315", "v": "4621466918", "key": 0, "osmid": "278024802", "name": "상도로53길", "highway": "tertiary", "length": 95.5, "validation_status": "validated", "tmap_hit_routes": 4 }, "geometry": { "type": "LineString", "coordinates": [ [ 126.9537611, 37.5004244 ], [ 126.9537816, 37.50017170000001 ], [ 126.953672800000021, 37.4997122 ], [ 126.953619500000016, 37.4995806 ] ] } },
{ "type": "Feature", "properties": { "학교": "숭실대", "u": "2824550315", "v": "6963036771", "key": 0, "osmid": "467539597", "name": "상도로47나길", "highway": "service", "length": 47.0, "validation_status": "validated", "tmap_hit_routes": 5 }, "geometry": { "type": "LineString", "coordinates": [ [ 126.953104700000011, 37.499685 ], [ 126.9531552, 37.4996803 ], [ 126.953398400000012, 37.499638700000013 ], [ 126.953619500000016, 37.4995806 ] ] } },
{ "type": "Feature", "properties": { "학교": "숭실대", "u": "4621460692", "v": "11413637707", "key": 0, "osmid": "467538221", "name": "상도로37길", "highway": "service", "length": 8.6, "validation_status": "unobserved", "tmap_hit_routes": 0 }, "geometry": { "type": "LineString", "coordinates": [ [ 126.9529829, 37.4985801 ], [ 126.9530801, 37.4985726 ] ] } },
{ "type": "Feature", "properties": { "학교": "숭실대", "u": "4621460692", "v": "2825706556", "key": 0, "osmid": "278024802", "name": "상도로53길", "highway": "tertiary", "length": 38.6, "validation_status": "validated", "tmap_hit_routes": 1 }, "geometry": { "type": "LineString", "coordinates": [ [ 126.9533159, 37.4982813 ], [ 126.9531438, 37.498476 ], [ 126.9530801, 37.4985726 ] ] } },
{ "type": "Feature", "properties": { "학교": "숭실대", "u": "4621466918", "v": "2825731322", "key": 0, "osmid": "278024802", "name": "상도로53길", "highway": "tertiary", "length": 82.5, "validation_status": "validated", "tmap_hit_routes": 2 }, "geometry": { "type": "LineString", "coordinates": [ [ 126.953631800000011, 37.5011578 ], [ 126.9537153, 37.5008251 ], [ 126.9537611, 37.5004244 ] ] } },
{ "type": "Feature", "properties": { "학교": "숭실대", "u": "4621466918", "v": "2825731332", "key": 0, "osmid": "467538720", "name": "상도로53길", "highway": "service", "length": 51.8, "validation_status": "validated", "tmap_hit_routes": 3 }, "geometry": { "type": "LineString", "coordinates": [ [ 126.953176, 37.5003816 ], [ 126.9533161, 37.5003892 ], [ 126.9537611, 37.5004244 ] ] } },
{ "type": "Feature", "properties": { "학교": "숭실대", "u": "6963036771", "v": "2825733606", "key": 0, "osmid": "467539597", "name": "상도로47나길", "highway": "service", "length": 42.9, "validation_status": "unobserved", "tmap_hit_routes": 0 }, "geometry": { "type": "LineString", "coordinates": [ [ 126.952623700000018, 37.4996943 ], [ 126.952704499999982, 37.4997122 ], [ 126.9528096, 37.4997125 ], [ 126.953104700000011, 37.499685 ] ] } },
{ "type": "Feature", "properties": { "학교": "숭실대", "u": "6963036771", "v": "6963036773", "key": 0, "osmid": "744062048", "name": "상도로47나길", "highway": "service", "length": 57.2, "validation_status": "validated", "tmap_hit_routes": 1 }, "geometry": { "type": "LineString", "coordinates": [ [ 126.9532392, 37.5001859 ], [ 126.953169499999987, 37.5000348 ], [ 126.953104700000011, 37.499685 ] ] } },
{ "type": "Feature", "properties": { "학교": "숭실대", "u": "2824550318", "v": "2825731322", "key": 0, "osmid": "278024802", "name": "상도로53길", "highway": "tertiary", "length": 3.4, "validation_status": "bridged", "tmap_hit_routes": 0 }, "geometry": { "type": "LineString", "coordinates": [ [ 126.953631800000011, 37.5011578 ], [ 126.9536242, 37.5011882 ] ] } },
{ "type": "Feature", "properties": { "학교": "숭실대", "u": "2824550318", "v": "4621475837", "key": 0, "osmid": "278024802", "name": "상도로53길", "highway": "tertiary", "length": 56.6, "validation_status": "validated", "tmap_hit_routes": 2 }, "geometry": { "type": "LineString", "coordinates": [ [ 126.9535939, 37.5016963 ], [ 126.9536242, 37.5011882 ] ] } },
{ "type": "Feature", "properties": { "학교": "숭실대", "u": "2824550318", "v": "3713180481", "key": 0, "osmid": [ 367392508, 367392509 ], "name": "", "highway": "service", "length": 505.1, "validation_status": "validated", "tmap_hit_routes": 1 }, "geometry": { "type": "LineString", "coordinates": [ [ 126.953354300000015, 37.4981112 ], [ 126.9535105, 37.4980853 ], [ 126.953561600000015, 37.498076800000014 ], [ 126.953736, 37.4980725 ], [ 126.953872799999985, 37.4981364 ], [ 126.954141, 37.4984173 ], [ 126.9543636, 37.498717300000017 ], [ 126.9546077, 37.4990812 ], [ 126.954744500000018, 37.4994749 ], [ 126.954825, 37.4998238 ], [ 126.9548759, 37.5001835 ], [ 126.9546992, 37.5011652 ], [ 126.9546026, 37.501233300000017 ], [ 126.9537658, 37.50120350000001 ], [ 126.9536242, 37.5011882 ] ] } },
{ "type": "Feature", "properties": { "학교": "숭실대", "u": "2825731322", "v": "2825731302", "key": 0, "osmid": "278149101", "name": "상도로53길", "highway": "service", "length": 61.9, "validation_status": "validated", "tmap_hit_routes": 1 }, "geometry": { "type": "LineString", "coordinates": [ [ 126.953014700000011, 37.5008952 ], [ 126.953388499999988, 37.5010379 ], [ 126.953631800000011, 37.5011578 ] ] } },
{ "type": "Feature", "properties": { "학교": "숭실대", "u": "4621475837", "v": "2825701322", "key": 0, "osmid": "467539598", "name": "상도로53길", "highway": "service", "length": 41.0, "validation_status": "validated", "tmap_hit_routes": 2 }, "geometry": { "type": "LineString", "coordinates": [ [ 126.9531303, 37.5016648 ], [ 126.9535939, 37.5016963 ] ] } },
{ "type": "Feature", "properties": { "학교": "숭실대", "u": "4621475837", "v": "2824550321", "key": 0, "osmid": "278024802", "name": "상도로53길", "highway": "tertiary", "length": 107.5, "validation_status": "validated", "tmap_hit_routes": 1 }, "geometry": { "type": "LineString", "coordinates": [ [ 126.953687300000013, 37.5026164 ], [ 126.95356910000001, 37.5025166 ], [ 126.9535134, 37.5023655 ], [ 126.9535303, 37.5021371 ], [ 126.9535939, 37.5016963 ] ] } },
{ "type": "Feature", "properties": { "학교": "숭실대", "u": "3713180481", "v": "2825711099", "key": 0, "osmid": "278024802", "name": "상도로53길", "highway": "tertiary", "length": 7.6, "validation_status": "bridged", "tmap_hit_routes": 0 }, "geometry": { "type": "LineString", "coordinates": [ [ 126.953333, 37.498046 ], [ 126.953347099999988, 37.4980683 ], [ 126.953354300000015, 37.4981112 ] ] } },
{ "type": "Feature", "properties": { "학교": "숭실대", "u": "3713180481", "v": "2825706556", "key": 0, "osmid": "278024802", "name": "상도로53길", "highway": "tertiary", "length": 19.7, "validation_status": "unobserved", "tmap_hit_routes": 0 }, "geometry": { "type": "LineString", "coordinates": [ [ 126.9533159, 37.4982813 ], [ 126.953342600000013, 37.4982302 ], [ 126.9533632, 37.498164 ], [ 126.953354300000015, 37.4981112 ] ] } },
{ "type": "Feature", "properties": { "학교": "숭실대", "u": "2824550321", "v": "8761605951", "key": 0, "osmid": "278024802", "name": "상도로53길", "highway": "tertiary", "length": 144.0, "validation_status": "unobserved", "tmap_hit_routes": 0 }, "geometry": { "type": "LineString", "coordinates": [ [ 126.9545391, 37.503581400000016 ], [ 126.9545709, 37.5035195 ], [ 126.9545938, 37.5034124 ], [ 126.9545899, 37.5033209 ], [ 126.9545455, 37.503216600000016 ], [ 126.9544751, 37.503129799999989 ], [ 126.954383, 37.5030292 ], [ 126.9542767, 37.5029479 ], [ 126.953687300000013, 37.5026164 ] ] } },
{ "type": "Feature", "properties": { "학교": "숭실대", "u": "2824550321", "v": "2825701309", "key": 0, "osmid": "1389846634", "name": "", "highway": "service", "length": 96.5, "validation_status": "unobserved", "tmap_hit_routes": 0 }, "geometry": { "type": "LineString", "coordinates": [ [ 126.953515, 37.5033661 ], [ 126.953537900000015, 37.5033209 ], [ 126.953540600000011, 37.5032564 ], [ 126.9534664, 37.5032472 ], [ 126.953497700000014, 37.5030301 ], [ 126.9535361, 37.5028854 ], [ 126.9535504, 37.5028322 ], [ 126.9535504, 37.5027443 ], [ 126.953639800000019, 37.5027216 ], [ 126.953687300000013, 37.5026164 ] ] } },
{ "type": "Feature", "properties": { "학교": "숭실대", "u": "8761605951", "v": "2829147711", "key": 0, "osmid": "278024802", "name": "상도로53길", "highway": "tertiary", "length": 82.3, "validation_status": "unobserved", "tmap_hit_routes": 0 }, "geometry": { "type": "LineString", "coordinates": [ [ 126.9538375, 37.5040525 ], [ 126.9543815, 37.503753699999983 ], [ 126.9544241, 37.5037234 ], [ 126.9544799, 37.5036685 ], [ 126.9545126, 37.5036262 ], [ 126.9545391, 37.503581400000016 ] ] } },
{ "type": "Feature", "properties": { "학교": "숭실대", "u": "8761605951", "v": "8761605888", "key": 0, "osmid": [ 1384270192, 946506419, 1384270190, 1384270191 ], "name": "동작충효길", "highway": [ "path", "steps" ], "length": 696.3, "validation_status": "unobserved", "tmap_hit_routes": 0 }, "geometry": { "type": "LineString", "coordinates": [ [ 126.957803900000016, 37.4988191 ], [ 126.957782300000019, 37.4988465 ], [ 126.9577548, 37.4988526 ], [ 126.95771160000001, 37.4988623 ], [ 126.957676100000015, 37.4988716 ], [ 126.9576305, 37.4988807 ], [ 126.957499, 37.499003 ], [ 126.957331400000015, 37.4991828 ], [ 126.9571047, 37.4992785 ], [ 126.957069899999979, 37.49930410000001 ], [ 126.9570109, 37.4993339 ], [ 126.9569948, 37.49937 ], [ 126.956815099999986, 37.499436 ], [ 126.9567594, 37.4994733 ], [ 126.956694400000018, 37.4995424 ], [ 126.9566488, 37.4996616 ], [ 126.9565576, 37.4998658 ], [ 126.9564797, 37.5001244 ], [ 126.956465899999984, 37.500253900000011 ], [ 126.9564416, 37.5004599 ], [ 126.956455099999985, 37.500537500000014 ], [ 126.956441200000015, 37.500586399999989 ], [ 126.9564227, 37.5006169 ], [ 126.956388799999985, 37.5006609 ], [ 126.956282500000015, 37.5007673 ], [ 126.9562486, 37.5008137 ], [ 126.9562394, 37.500846700000011 ], [ 126.956234800000018, 37.5009164 ], [ 126.956200900000013, 37.5010337 ], [ 126.95615, 37.5011107 ], [ 126.9560899, 37.5011903 ], [ 126.9560283, 37.5012477 ], [ 126.955928200000017, 37.501338200000021 ], [ 126.955826500000015, 37.5014543 ], [ 126.9556463, 37.50165470000001 ], [ 126.955570800000018, 37.5017134 ], [ 126.955529199999987, 37.5017439 ], [ 126.9555015, 37.501769600000017 ], [ 126.955479900000014, 37.5017965 ], [ 126.9554198, 37.5018808 ], [ 126.955381299999985, 37.5019505 ], [ 126.955312599999985, 37.5020898 ], [ 126.9552599, 37.5023561 ], [ 126.9552424, 37.5024474 ], [ 126.955244100000016, 37.5025309 ], [ 126.9552505, 37.502681100000018 ], [ 126.9552588, 37.502837799999988 ], [ 126.9552581, 37.5029221 ], [ 126.9551949, 37.5031836 ], [ 126.9550994, 37.5034342 ], [ 126.955064, 37.503571 ], [ 126.9550609, 37.5036334 ], [ 126.9550301, 37.5036725 ], [ 126.955013, 37.5036997 ], [ 126.955004799999983, 37.5037127 ], [ 126.954996, 37.5037268 ], [ 126.954906600000015, 37.503747499999989 ], [ 126.9547922, 37.503777 ], [ 126.954726699999981, 37.5037804 ], [ 126.954674600000018, 37.5037725 ], [ 126.954596, 37.503750700000012 ], [ 126.954636, 37.5037302 ], [ 126.95463789999998, 37.5037138 ], [ 126.954633300000012, 37.503687 ], [ 126.95459630000002, 37.503589200000015 ], [ 126.9545391, 37.503581400000016 ] ] } },
{ "type": "Feature", "properties": { "학교": "숭실대", "u": "2825701309", "v": "2829147710", "key": 0, "osmid": "278565007", "name": "상도로47바길", "highway": "service", "length": 66.0, "validation_status": "unobserved", "tmap_hit_routes": 0 }, "geometry": { "type": "LineString", "coordinates": [ [ 126.9534945, 37.503754 ], [ 126.953773499999983, 37.503639 ], [ 126.95356289999998, 37.5033934 ], [ 126.953515, 37.5033661 ] ] } },
{ "type": "Feature", "properties": { "학교": "숭실대", "u": "2825701309", "v": "2825701321", "key": 0, "osmid": "278565007", "name": "상도로47바길", "highway": "service", "length": 49.2, "validation_status": "unobserved", "tmap_hit_routes": 0 }, "geometry": { "type": "LineString", "coordinates": [ [ 126.9529602, 37.5033524 ], [ 126.9534475, 37.5033488 ], [ 126.953515, 37.5033661 ] ] } },
{ "type": "Feature", "properties": { "학교": "숭실대", "u": "2824550326", "v": "2829147711", "key": 0, "osmid": "278024802", "name": "상도로53길", "highway": "tertiary", "length": 6.4, "validation_status": "unobserved", "tmap_hit_routes": 0 }, "geometry": { "type": "LineString", "coordinates": [ [ 126.9538375, 37.5040525 ], [ 126.953786500000021, 37.5040929 ] ] } },
{ "type": "Feature", "properties": { "학교": "숭실대", "u": "2824550326", "v": "4621486051", "key": 0, "osmid": "278565009", "name": "상도로47아길", "highway": "service", "length": 72.9, "validation_status": "unobserved", "tmap_hit_routes": 0 }, "geometry": { "type": "LineString", "coordinates": [ [ 126.953207800000015, 37.5043457 ], [ 126.953228800000019, 37.5042158 ], [ 126.95331560000001, 37.5041069 ], [ 126.953427499999989, 37.504051800000013 ], [ 126.953541, 37.5040445 ], [ 126.953623, 37.5040617 ], [ 126.953786500000021, 37.5040929 ] ] } },
{ "type": "Feature", "properties": { "학교": "숭실대", "u": "2829147711", "v": "2829147710", "key": 0, "osmid": "278565008", "name": "", "highway": "service", "length": 44.9, "validation_status": "unobserved", "tmap_hit_routes": 0 }, "geometry": { "type": "LineString", "coordinates": [ [ 126.9534945, 37.503754 ], [ 126.9538375, 37.5040525 ] ] } },
{ "type": "Feature", "properties": { "학교": "숭실대", "u": "4621486051", "v": "4621486053", "key": 0, "osmid": "467540933", "name": "상도로47아길", "highway": "service", "length": 53.9, "validation_status": "unobserved", "tmap_hit_routes": 0 }, "geometry": { "type": "LineString", "coordinates": [ [ 126.9526029, 37.5042788 ], [ 126.9528717, 37.504315099999985 ], [ 126.953207800000015, 37.5043457 ] ] } },
{ "type": "Feature", "properties": { "학교": "숭실대", "u": "2824735212", "v": "2824735223", "key": 0, "osmid": "206197211", "name": "은천로25길", "highway": "residential", "length": 69.6, "validation_status": "unobserved", "tmap_hit_routes": 0 }, "geometry": { "type": "LineString", "coordinates": [ [ 126.9493258, 37.4887948 ], [ 126.9486545, 37.4891233 ] ] } },
{ "type": "Feature", "properties": { "학교": "숭실대", "u": "2824735212", "v": "2824756393", "key": 0, "osmid": "278043570", "name": "은천로21길", "highway": "service", "length": 109.8, "validation_status": "unobserved", "tmap_hit_routes": 0 }, "geometry": { "type": "LineString", "coordinates": [ [ 126.948071199999987, 37.4882533 ], [ 126.9482489, 37.4885831 ], [ 126.9486545, 37.4891233 ] ] } },
{ "type": "Feature", "properties": { "학교": "숭실대", "u": "2824735223", "v": "10672227660", "key": 0, "osmid": "278043568", "name": "은천로23길", "highway": "service", "length": 87.8, "validation_status": "unobserved", "tmap_hit_routes": 0 }, "geometry": { "type": "LineString", "coordinates": [ [ 126.948687100000015, 37.4881977 ], [ 126.9487905, 37.4883565 ], [ 126.94894450000001, 37.4884839 ], [ 126.9490992, 37.488628800000015 ], [ 126.9493258, 37.4887948 ] ] } },
{ "type": "Feature", "properties": { "학교": "숭실대", "u": "2824756393", "v": "10680607733", "key": 0, "osmid": "278043570", "name": "은천로21길", "highway": "service", "length": 105.0, "validation_status": "unobserved", "tmap_hit_routes": 0 }, "geometry": { "type": "LineString", "coordinates": [ [ 126.9476291, 37.487376600000012 ], [ 126.947788500000016, 37.4876928 ], [ 126.948071199999987, 37.4882533 ] ] } },
{ "type": "Feature", "properties": { "학교": "숭실대", "u": "2824756393", "v": "2824756518", "key": 0, "osmid": [ 799313345, 278046147 ], "name": [ "은천로21길", "은천로19길" ], "highway": "service", "length": 83.5, "validation_status": "unobserved", "tmap_hit_routes": 0 }, "geometry": { "type": "LineString", "coordinates": [ [ 126.947326499999988, 37.4882333 ], [ 126.9473312, 37.488148099999989 ], [ 126.9473393, 37.4881259 ], [ 126.9473654, 37.488105900000015 ], [ 126.9474473, 37.4881128 ], [ 126.9474566, 37.4881324 ], [ 126.9475962, 37.4881426 ], [ 126.9476314, 37.4881992 ], [ 126.947689, 37.488211 ], [ 126.948071199999987, 37.4882533 ] ] } },
{ "type": "Feature", "properties": { "학교": "숭실대", "u": "10672227660", "v": "10672227693", "key": 0, "osmid": "278043568", "name": "은천로23길", "highway": "service", "length": 93.3, "validation_status": "unobserved", "tmap_hit_routes": 0 }, "geometry": { "type": "LineString", "coordinates": [ [ 126.9481898, 37.487465800000017 ], [ 126.948307899999989, 37.4877252 ], [ 126.948558100000014, 37.4879834 ], [ 126.948687100000015, 37.4881977 ] ] } },
{ "type": "Feature", "properties": { "학교": "숭실대", "u": "2824756158", "v": "8482847672", "key": 0, "osmid": "913177801", "name": "", "highway": "service", "length": 10.2, "validation_status": "unobserved", "tmap_hit_routes": 0 }, "geometry": { "type": "LineString", "coordinates": [ [ 126.960175, 37.4880993 ], [ 126.9600621, 37.4881198 ] ] } },
{ "type": "Feature", "properties": { "학교": "숭실대", "u": "2824756158", "v": "2824756308", "key": 0, "osmid": "278046164", "name": "청림6길", "highway": "residential", "length": 95.5, "validation_status": "unobserved", "tmap_hit_routes": 0 }, "geometry": { "type": "LineString", "coordinates": [ [ 126.9595191, 37.4874118 ], [ 126.9595285, 37.487514 ], [ 126.9595553, 37.4876226 ], [ 126.959616700000012, 37.4877074 ], [ 126.9597002, 37.4878099 ], [ 126.9598584, 37.487924800000016 ], [ 126.9599577, 37.4879908 ], [ 126.9599952, 37.4880376 ], [ 126.9600621, 37.4881198 ] ] } },
{ "type": "Feature", "properties": { "학교": "숭실대", "u": "2824756158", "v": "2825727788", "key": 0, "osmid": "278046403", "name": "청림길", "highway": "residential", "length": 83.8, "validation_status": "unobserved", "tmap_hit_routes": 0 }, "geometry": { "type": "LineString", "coordinates": [ [ 126.9591553, 37.4883378 ], [ 126.9591989, 37.4883236 ], [ 126.959571400000016, 37.48826 ], [ 126.9600621, 37.4881198 ] ] } },
{ "type": "Feature", "properties": { "학교": "숭실대", "u": "2824756158", "v": "2824756464", "key": 0, "osmid": "467304355", "name": "청림5길", "highway": "residential", "length": 90.4, "validation_status": "unobserved", "tmap_hit_routes": 0 }, "geometry": { "type": "LineString", "coordinates": [ [ 126.9599878, 37.4889186 ], [ 126.9599988, 37.4887004 ], [ 126.959981500000012, 37.4885909 ], [ 126.959974, 37.4884595 ], [ 126.960054, 37.4882801 ], [ 126.960075, 37.48819 ], [ 126.9600621, 37.4881198 ] ] } },
{ "type": "Feature", "properties": { "학교": "숭실대", "u": "8482847672", "v": "2824756464", "key": 0, "osmid": "913177803", "name": "", "highway": "service", "length": 98.5, "validation_status": "unobserved", "tmap_hit_routes": 0 }, "geometry": { "type": "LineString", "coordinates": [ [ 126.9599878, 37.4889186 ], [ 126.960038200000014, 37.4889229 ], [ 126.9600597, 37.488916500000016 ], [ 126.9600731, 37.4889101 ], [ 126.960081799999983, 37.488883 ], [ 126.960175, 37.4880993 ] ] } },
{ "type": "Feature", "properties": { "학교": "숭실대", "u": "2825727788", "v": "2824759264", "key": 0, "osmid": "278046403", "name": "청림길", "highway": "residential", "length": 35.1, "validation_status": "unobserved", "tmap_hit_routes": 0 }, "geometry": { "type": "LineString", "coordinates": [ [ 126.95876, 37.4882998 ], [ 126.9591553, 37.4883378 ] ] } },
{ "type": "Feature", "properties": { "학교": "숭실대", "u": "2825727788", "v": "2825727782", "key": 0, "osmid": "467304353", "name": "청림3길", "highway": "residential", "length": 125.0, "validation_status": "unobserved", "tmap_hit_routes": 0 }, "geometry": { "type": "LineString", "coordinates": [ [ 126.9589808, 37.4894511 ], [ 126.95899350000002, 37.4891173 ], [ 126.9590639, 37.4887954 ], [ 126.9591553, 37.4883378 ] ] } },
{ "type": "Feature", "properties": { "학교": "숭실대", "u": "2824756464", "v": "2824756182", "key": 0, "osmid": "467304355", "name": "청림5길", "highway": "residential", "length": 49.3, "validation_status": "unobserved", "tmap_hit_routes": 0 }, "geometry": { "type": "LineString", "coordinates": [ [ 126.9598103, 37.4893324 ], [ 126.9598222, 37.4892296 ], [ 126.95985469999998, 37.489119 ], [ 126.9599189, 37.4890279 ], [ 126.9599878, 37.4889186 ] ] } },
{ "type": "Feature", "properties": { "학교": "숭실대", "u": "2824756182", "v": "2824759278", "key": 0, "osmid": "467304351", "name": "청림5가길", "highway": "service", "length": 73.7, "validation_status": "unobserved", "tmap_hit_routes": 0 }, "geometry": { "type": "LineString", "coordinates": [ [ 126.9592421, 37.4897504 ], [ 126.9593876, 37.4896043 ], [ 126.9594784, 37.4894342 ], [ 126.9595746, 37.4893805 ], [ 126.959702899999982, 37.4893308 ], [ 126.9598103, 37.4893324 ] ] } },
{ "type": "Feature", "properties": { "학교": "숭실대", "u": "2824756182", "v": "2824756187", "key": 0, "osmid": "467304355", "name": "청림5길", "highway": "residential", "length": 97.1, "validation_status": "unobserved", "tmap_hit_routes": 0 }, "geometry": { "type": "LineString", "coordinates": [ [ 126.959898400000014, 37.4901999 ], [ 126.9598968, 37.4897262 ], [ 126.9598566, 37.489509200000022 ], [ 126.9598103, 37.4893324 ] ] } },
{ "type": "Feature", "properties": { "학교": "숭실대", "u": "2824759278", "v": "2825727782", "key": 0, "osmid": "467301802", "name": "청림3가길", "highway": "service", "length": 41.6, "validation_status": "unobserved", "tmap_hit_routes": 0 }, "geometry": { "type": "LineString", "coordinates": [ [ 126.9589808, 37.4894511 ], [ 126.959093400000015, 37.4895135 ], [ 126.959199600000019, 37.4896598 ], [ 126.9592421, 37.4897504 ] ] } },
{ "type": "Feature", "properties": { "학교": "숭실대", "u": "2824759278", "v": "2824759229", "key": 0, "osmid": "467304351", "name": "청림5가길", "highway": "service", "length": 34.5, "validation_status": "unobserved", "tmap_hit_routes": 0 }, "geometry": { "type": "LineString", "coordinates": [ [ 126.9589506, 37.4899492 ], [ 126.9591335, 37.489860200000017 ], [ 126.9592421, 37.4897504 ] ] } },
{ "type": "Feature", "properties": { "학교": "숭실대", "u": "2824756187", "v": "2825727784", "key": 0, "osmid": "278148742", "name": "청림5길", "highway": "residential", "length": 7.4, "validation_status": "unobserved", "tmap_hit_routes": 0 }, "geometry": { "type": "LineString", "coordinates": [ [ 126.9598401, 37.4902475 ], [ 126.959898400000014, 37.4901999 ] ] } },
{ "type": "Feature", "properties": { "학교": "숭실대", "u": "2825727784", "v": "4619539823", "key": 0, "osmid": "278148742", "name": "청림5길", "highway": "residential", "length": 24.2, "validation_status": "unobserved", "tmap_hit_routes": 0 }, "geometry": { "type": "LineString", "coordinates": [ [ 126.9598188, 37.4904641 ], [ 126.9598267, 37.4903192 ], [ 126.9598401, 37.4902475 ] ] } },
{ "type": "Feature", "properties": { "학교": "숭실대", "u": "2825727784", "v": "2824759229", "key": 0, "osmid": "467306987", "name": "청림5나길", "highway": "service", "length": 89.4, "validation_status": "unobserved", "tmap_hit_routes": 0 }, "geometry": { "type": "LineString", "coordinates": [ [ 126.9589506, 37.4899492 ], [ 126.959213700000021, 37.4901622 ], [ 126.959480400000018, 37.490219900000014 ], [ 126.9598401, 37.4902475 ] ] } },
{ "type": "Feature", "properties": { "학교": "숭실대", "u": "2824759097", "v": "4619539829", "key": 0, "osmid": "278148742", "name": "청림5길", "highway": "residential", "length": 132.0, "validation_status": "unobserved", "tmap_hit_routes": 0 }, "geometry": { "type": "LineString", "coordinates": [ [ 126.959727799999982, 37.4907867 ], [ 126.9597323, 37.4908193 ], [ 126.959936200000016, 37.4910917 ], [ 126.9597744, 37.4913536 ], [ 126.959835700000014, 37.4915379 ], [ 126.9596195, 37.4916608 ], [ 126.959610600000019, 37.4918046 ] ] } },
{ "type": "Feature", "properties": { "학교": "숭실대", "u": "2824759097", "v": "2824759213", "key": 0, "osmid": "278148742", "name": "청림5길", "highway": "residential", "length": 28.4, "validation_status": "validated", "tmap_hit_routes": 2 }, "geometry": { "type": "LineString", "coordinates": [ [ 126.9594692, 37.4920256 ], [ 126.9596066, 37.4918708 ], [ 126.959610600000019, 37.4918046 ] ] } },
{ "type": "Feature", "properties": { "학교": "숭실대", "u": "2824759097", "v": "2824759209", "key": 0, "osmid": "467304357", "name": "청림3길", "highway": "residential", "length": 68.8, "validation_status": "validated", "tmap_hit_routes": 1 }, "geometry": { "type": "LineString", "coordinates": [ [ 126.959142, 37.491463700000018 ], [ 126.9592276, 37.491769300000016 ], [ 126.959610600000019, 37.4918046 ] ] } },
{ "type": "Feature", "properties": { "학교": "숭실대", "u": "4619539829", "v": "4619539825", "key": 0, "osmid": "467306984", "name": "청림3바길", "highway": "service", "length": 61.2, "validation_status": "unobserved", "tmap_hit_routes": 0 }, "geometry": { "type": "LineString", "coordinates": [ [ 126.959055, 37.4909218 ], [ 126.959727799999982, 37.4907867 ] ] } },
{ "type": "Feature", "properties": { "학교": "숭실대", "u": "4619539829", "v": "4619539823", "key": 0, "osmid": "278148742", "name": "청림5길", "highway": "residential", "length": 36.9, "validation_status": "unobserved", "tmap_hit_routes": 0 }, "geometry": { "type": "LineString", "coordinates": [ [ 126.9598188, 37.4904641 ], [ 126.959724300000019, 37.4907618 ], [ 126.959727799999982, 37.4907867 ] ] } },
{ "type": "Feature", "properties": { "학교": "숭실대", "u": "2824759213", "v": "8482687961", "key": 0, "osmid": "278046400", "name": "관악로40길", "highway": "tertiary", "length": 83.9, "validation_status": "validated", "tmap_hit_routes": 2 }, "geometry": { "type": "LineString", "coordinates": [ [ 126.9598682, 37.4926949 ], [ 126.9598021, 37.4925003 ], [ 126.959753800000016, 37.4923343 ], [ 126.9595258, 37.4920768 ], [ 126.9594692, 37.4920256 ] ] } },
{ "type": "Feature", "properties": { "학교": "숭실대", "u": "2824759213", "v": "2824759283", "key": 0, "osmid": "278046400", "name": "관악로40길", "highway": "tertiary", "length": 101.5, "validation_status": "unobserved", "tmap_hit_routes": 0 }, "geometry": { "type": "LineString", "coordinates": [ [ 126.958456100000021, 37.4915961 ], [ 126.959171500000011, 37.4918723 ], [ 126.9594692, 37.4920256 ] ] } },
{ "type": "Feature", "properties": { "학교": "숭실대", "u": "2824759209", "v": "2825728953", "key": 0, "osmid": "278148944", "name": "청림3마길", "highway": "residential", "length": 118.3, "validation_status": "unobserved", "tmap_hit_routes": 0 }, "geometry": { "type": "LineString", "coordinates": [ [ 126.9581284, 37.4910278 ], [ 126.958390799999989, 37.4913553 ], [ 126.958469, 37.4914769 ], [ 126.958748, 37.4914365 ], [ 126.959018499999985, 37.4914489 ], [ 126.959142, 37.491463700000018 ] ] } },
{ "type": "Feature", "properties": { "학교": "숭실대", "u": "2824759209", "v": "4619539828", "key": 0, "osmid": "467304357", "name": "청림3길", "highway": "residential", "length": 70.7, "validation_status": "validated", "tmap_hit_routes": 1 }, "geometry": { "type": "LineString", "coordinates": [ [ 126.958672899999982, 37.4909603 ], [ 126.9586807, 37.4909827 ], [ 126.9587423, 37.4910253 ], [ 126.9588309, 37.491136 ], [ 126.958919400000013, 37.491187 ], [ 126.9590669, 37.4913403 ], [ 126.959142, 37.491463700000018 ] ] } },
{ "type": "Feature", "properties": { "학교": "숭실대", "u": "2824759209", "v": "4619539825", "key": 0, "osmid": "467306983", "name": "청림3바길", "highway": "service", "length": 61.8, "validation_status": "unobserved", "tmap_hit_routes": 0 }, "geometry": { "type": "LineString", "coordinates": [ [ 126.959055, 37.4909218 ], [ 126.959144400000014, 37.4912225 ], [ 126.9591721, 37.4913985 ], [ 126.959142, 37.491463700000018 ] ] } },
{ "type": "Feature", "properties": { "학교": "숭실대", "u": "2824759203", "v": "13816446695", "key": 0, "osmid": "278046401", "name": "서달로", "highway": "tertiary", "length": 222.1, "validation_status": "unobserved", "tmap_hit_routes": 0 }, "geometry": { "type": "LineString", "coordinates": [ [ 126.9606931, 37.5028575 ], [ 126.960391900000019, 37.502244299999987 ], [ 126.9602279, 37.5018777 ], [ 126.9601293, 37.5016572 ], [ 126.9601132, 37.501510499999988 ], [ 126.9601547, 37.501191500000012 ], [ 126.9602943, 37.5009689 ] ] } },
{ "type": "Feature", "properties": { "학교": "숭실대", "u": "2824759203", "v": "2824759300", "key": 0, "osmid": "278615379", "name": "서달로1길", "highway": "residential", "length": 210.4, "validation_status": "validated", "tmap_hit_routes": 1 }, "geometry": { "type": "LineString", "coordinates": [ [ 126.9600069, 37.499174 ], [ 126.9599136, 37.4993238 ], [ 126.9599105, 37.4996541 ], [ 126.959918800000011, 37.5001522 ], [ 126.9601661, 37.5009024 ], [ 126.960245500000013, 37.500944899999986 ], [ 126.9602943, 37.5009689 ] ] } },
{ "type": "Feature", "properties": { "학교": "숭실대", "u": "2824759203", "v": "2824759222", "key": 0, "osmid": "521182517", "name": "서달로", "highway": "residential", "length": 155.2, "validation_status": "validated", "tmap_hit_routes": 1 }, "geometry": { "type": "LineString", "coordinates": [ [ 126.9604845, 37.499609 ], [ 126.960518900000011, 37.5002613 ], [ 126.960489, 37.5005677 ], [ 126.960422, 37.5007737 ], [ 126.960361, 37.5009041 ], [ 126.9602943, 37.5009689 ] ] } },
{ "type": "Feature", "properties": { "학교": "숭실대", "u": "13816446695", "v": "12864823352", "key": 0, "osmid": "278046401", "name": "서달로", "highway": "tertiary", "length": 100.5, "validation_status": "unobserved", "tmap_hit_routes": 0 }, "geometry": { "type": "LineString", "coordinates": [ [ 126.960887099999979, 37.503730199999985 ], [ 126.9608958, 37.503706400000013 ], [ 126.9609243, 37.5035139 ], [ 126.9609001, 37.5033384 ], [ 126.96079, 37.5030547 ], [ 126.9606931, 37.5028575 ] ] } },
{ "type": "Feature", "properties": { "학교": "숭실대", "u": "13816446695", "v": "4611303880", "key": 0, "osmid": "1511793613", "name": "", "highway": "residential", "length": 332.9, "validation_status": "unobserved", "tmap_hit_routes": 0 }, "geometry": { "type": "LineString", "coordinates": [ [ 126.9643982, 37.5031809 ], [ 126.9620992, 37.5031951 ], [ 126.9615829, 37.5031209 ], [ 126.9606931, 37.5028575 ] ] } },
{ "type": "Feature", "properties": { "학교": "숭실대", "u": "2824759300", "v": "2824759222", "key": 0, "osmid": "521182512", "name": "서달로", "highway": "residential", "length": 64.6, "validation_status": "validated", "tmap_hit_routes": 6 }, "geometry": { "type": "LineString", "coordinates": [ [ 126.9604845, 37.499609 ], [ 126.960454699999985, 37.4995704 ], [ 126.960261799999984, 37.499357400000015 ], [ 126.9600069, 37.499174 ] ] } },
{ "type": "Feature", "properties": { "학교": "숭실대", "u": "2824759300", "v": "12816428872", "key": 0, "osmid": "1122019322", "name": "서달로", "highway": "residential", "length": 31.2, "validation_status": "validated", "tmap_hit_routes": 7 }, "geometry": { "type": "LineString", "coordinates": [ [ 126.9597851, 37.4989569 ], [ 126.9598394, 37.499029 ], [ 126.9600069, 37.499174 ] ] } },
{ "type": "Feature", "properties": { "학교": "숭실대", "u": "2824759222", "v": "4697324255", "key": 0, "osmid": "385515540", "name": "서달로2길", "highway": "residential", "length": 349.5, "validation_status": "validated", "tmap_hit_routes": 5 }, "geometry": { "type": "LineString", "coordinates": [ [ 126.963937900000019, 37.5008805 ], [ 126.9637484, 37.5008034 ], [ 126.963002800000012, 37.5006672 ], [ 126.962739900000017, 37.5005693 ], [ 126.9625414, 37.5004034 ], [ 126.9622625, 37.5002502 ], [ 126.9622424, 37.5002159 ], [ 126.9620948, 37.5000336 ], [ 126.9619204, 37.4999166 ], [ 126.9616772, 37.499855299999986 ], [ 126.9613867, 37.4998161 ], [ 126.9611612, 37.4997815 ], [ 126.960663, 37.4995855 ], [ 126.9604845, 37.499609 ] ] } },
{ "type": "Feature", "properties": { "학교": "숭실대", "u": "2824759204", "v": "2824759283", "key": 0, "osmid": "278046400", "name": "관악로40길", "highway": "tertiary", "length": 100.2, "validation_status": "unobserved", "tmap_hit_routes": 0 }, "geometry": { "type": "LineString", "coordinates": [ [ 126.958456100000021, 37.4915961 ], [ 126.957467900000012, 37.491151699999989 ] ] } },
{ "type": "Feature", "properties": { "학교": "숭실대", "u": "2824759204", "v": "2825728925", "key": 0, "osmid": "278046400", "name": "관악로40길", "highway": "tertiary", "length": 35.2, "validation_status": "unobserved", "tmap_hit_routes": 0 }, "geometry": { "type": "LineString", "coordinates": [ [ 126.9571318, 37.490980300000018 ], [ 126.957467900000012, 37.491151699999989 ] ] } },
{ "type": "Feature", "properties": { "학교": "숭실대", "u": "2824759204", "v": "11413637878", "key": 0, "osmid": "1230724645", "name": "", "highway": "footway", "length": 7.9, "validation_status": "unobserved", "tmap_hit_routes": 0 }, "geometry": { "type": "LineString", "coordinates": [ [ 126.9574194, 37.4912118 ], [ 126.957467900000012, 37.491151699999989 ] ] } },
{ "type": "Feature", "properties": { "학교": "숭실대", "u": "2824759204", "v": "11413637907", "key": 0, "osmid": "1230724645", "name": "", "highway": "footway", "length": 5.8, "validation_status": "unobserved", "tmap_hit_routes": 0 }, "geometry": { "type": "LineString", "coordinates": [ [ 126.9575035, 37.4911075 ], [ 126.957467900000012, 37.491151699999989 ] ] } },
{ "type": "Feature", "properties": { "학교": "숭실대", "u": "2824759283", "v": "11413637560", "key": 0, "osmid": "1230724660", "name": "", "highway": "footway", "length": 11.8, "validation_status": "unobserved", "tmap_hit_routes": 0 }, "geometry": { "type": "LineString", "coordinates": [ [ 126.9583873, 37.4916875 ], [ 126.958456100000021, 37.4915961 ] ] } },
{ "type": "Feature", "properties": { "학교": "숭실대", "u": "2824759283", "v": "11413637907", "key": 0, "osmid": [ 612099144, 1230724660 ], "name": "", "highway": "footway", "length": 104.8, "validation_status": "unobserved", "tmap_hit_routes": 0 }, "geometry": { "type": "LineString", "coordinates": [ [ 126.9575035, 37.4911075 ], [ 126.957884300000018, 37.4912787 ], [ 126.9582258, 37.491424800000019 ], [ 126.95848359999998, 37.4915595 ], [ 126.958456100000021, 37.4915961 ] ] } },
{ "type": "Feature", "properties": { "학교": "숭실대", "u": "2825728925", "v": "11413637870", "key": 0, "osmid": "278148944", "name": "청림3마길", "highway": "residential", "length": 5.2, "validation_status": "validated", "tmap_hit_routes": 1 }, "geometry": { "type": "LineString", "coordinates": [ [ 126.957165800000013, 37.4909426 ], [ 126.9571318, 37.490980300000018 ] ] } },
{ "type": "Feature", "properties": { "학교": "숭실대", "u": "11413637907", "v": "11413637870", "key": 0, "osmid": "612099144", "name": "", "highway": "footway", "length": 35.0, "validation_status": "unobserved", "tmap_hit_routes": 0 }, "geometry": { "type": "LineString", "coordinates": [ [ 126.957165800000013, 37.4909426 ], [ 126.9575035, 37.4911075 ] ] } },
{ "type": "Feature", "properties": { "학교": "숭실대", "u": "2825728953", "v": "4619539838", "key": 0, "osmid": "278148944", "name": "청림3마길", "highway": "residential", "length": 14.2, "validation_status": "unobserved", "tmap_hit_routes": 0 }, "geometry": { "type": "LineString", "coordinates": [ [ 126.95802740000002, 37.4909282 ], [ 126.9581284, 37.4910278 ] ] } },
{ "type": "Feature", "properties": { "학교": "숭실대", "u": "2825728953", "v": "2825728946", "key": 0, "osmid": "278148947", "name": "청림3마길", "highway": "steps", "length": 26.7, "validation_status": "unobserved", "tmap_hit_routes": 0 }, "geometry": { "type": "LineString", "coordinates": [ [ 126.957895, 37.4911811 ], [ 126.9581284, 37.4910278 ] ] } },
{ "type": "Feature", "properties": { "학교": "숭실대", "u": "4619539828", "v": "4619539825", "key": 0, "osmid": "467306982", "name": "청림3바길", "highway": "service", "length": 34.0, "validation_status": "unobserved", "tmap_hit_routes": 0 }, "geometry": { "type": "LineString", "coordinates": [ [ 126.959055, 37.4909218 ], [ 126.958672899999982, 37.4909603 ] ] } },
{ "type": "Feature", "properties": { "학교": "숭실대", "u": "4619539828", "v": "4619539841", "key": 0, "osmid": "467304357", "name": "청림3길", "highway": "residential", "length": 39.5, "validation_status": "validated", "tmap_hit_routes": 1 }, "geometry": { "type": "LineString", "coordinates": [ [ 126.95868590000002, 37.4906094 ], [ 126.9586914, 37.4906295 ], [ 126.9586675, 37.490817 ], [ 126.9586541, 37.4909063 ], [ 126.958672899999982, 37.4909603 ] ] } },
{ "type": "Feature", "properties": { "학교": "숭실대", "u": "4619539825", "v": "4619539822", "key": 0, "osmid": "467306981", "name": "청림3라길", "highway": "service", "length": 50.9, "validation_status": "unobserved", "tmap_hit_routes": 0 }, "geometry": { "type": "LineString", "coordinates": [ [ 126.959125300000011, 37.490478799999984 ], [ 126.959021100000015, 37.4907336 ], [ 126.959055, 37.4909218 ] ] } },
{ "type": "Feature", "properties": { "학교": "숭실대", "u": "8482687961", "v": "8482687969", "key": 0, "osmid": "278046400", "name": "관악로40길", "highway": "tertiary", "length": 15.9, "validation_status": "validated", "tmap_hit_routes": 3 }, "geometry": { "type": "LineString", "coordinates": [ [ 126.959918299999984, 37.4928321 ], [ 126.9598682, 37.4926949 ] ] } },
{ "type": "Feature", "properties": { "학교": "숭실대", "u": "8482687961", "v": "8482687969", "key": 1, "osmid": "913157049", "name": "", "highway": "service", "length": 178.1, "validation_status": "validated", "tmap_hit_routes": 2 }, "geometry": { "type": "LineString", "coordinates": [ [ 126.959918299999984, 37.4928321 ], [ 126.9607168, 37.4926537 ], [ 126.9607303, 37.4926345 ], [ 126.9607329, 37.4926132 ], [ 126.9607329, 37.4925877 ], [ 126.9606659, 37.4924259 ], [ 126.960633700000017, 37.492406799999983 ], [ 126.9606015, 37.4924153 ], [ 126.9598682, 37.4926949 ] ] } },
{ "type": "Feature", "properties": { "학교": "숭실대", "u": "8482687961", "v": "8482687939", "key": 0, "osmid": "913157048", "name": "", "highway": "service", "length": 58.1, "validation_status": "validated", "tmap_hit_routes": 1 }, "geometry": { "type": "LineString", "coordinates": [ [ 126.9593489, 37.4929133 ], [ 126.9593744, 37.4929473 ], [ 126.959390500000012, 37.492956399999983 ], [ 126.959410600000012, 37.492958 ], [ 126.9594401, 37.4929532 ], [ 126.9594763, 37.4929378 ], [ 126.9598682, 37.4926949 ] ] } },
{ "type": "Feature", "properties": { "학교": "숭실대", "u": "2824759217", "v": "2824759229", "key": 0, "osmid": "467304351", "name": "청림5가길", "highway": "service", "length": 22.7, "validation_status": "validated", "tmap_hit_routes": 1 }, "geometry": { "type": "LineString", "coordinates": [ [ 126.9589506, 37.4899492 ], [ 126.9587327, 37.4900581 ] ] } },
{ "type": "Feature", "properties": { "학교": "숭실대", "u": "2824759217", "v": "2824759260", "key": 0, "osmid": "467304351", "name": "청림5가길", "highway": "service", "length": 14.8, "validation_status": "validated", "tmap_hit_routes": 1 }, "geometry": { "type": "LineString", "coordinates": [ [ 126.958576899999983, 37.4901066 ], [ 126.9587327, 37.4900581 ] ] } },
{ "type": "Feature", "properties": { "학교": "숭실대", "u": "2824759217", "v": "4619539822", "key": 0, "osmid": "467306985", "name": "청림5가길", "highway": "service", "length": 58.4, "validation_status": "unobserved", "tmap_hit_routes": 0 }, "geometry": { "type": "LineString", "coordinates": [ [ 126.959125300000011, 37.490478799999984 ], [ 126.9590676, 37.490387499999983 ], [ 126.9587327, 37.4900581 ] ] } },
{ "type": "Feature", "properties": { "학교": "숭실대", "u": "2824759260", "v": "2825728950", "key": 0, "osmid": "467304357", "name": "청림3길", "highway": "residential", "length": 34.6, "validation_status": "validated", "tmap_hit_routes": 1 }, "geometry": { "type": "LineString", "coordinates": [ [ 126.9585329, 37.4897992 ], [ 126.958576800000017, 37.489978200000017 ], [ 126.958576899999983, 37.4901066 ] ] } },
{ "type": "Feature", "properties": { "학교": "숭실대", "u": "2824759260", "v": "4619539820", "key": 0, "osmid": "467304357", "name": "청림3길", "highway": "residential", "length": 38.4, "validation_status": "validated", "tmap_hit_routes": 1 }, "geometry": { "type": "LineString", "coordinates": [ [ 126.95855210000002, 37.49042330000001 ], [ 126.958541400000016, 37.490410600000011 ], [ 126.95852, 37.490351 ], [ 126.958503900000011, 37.490168 ], [ 126.958576899999983, 37.4901066 ] ] } },
{ "type": "Feature", "properties": { "학교": "숭실대", "u": "4619539822", "v": "4619539823", "key": 0, "osmid": "467306986", "name": "청림5가길", "highway": "service", "length": 61.2, "validation_status": "unobserved", "tmap_hit_routes": 0 }, "geometry": { "type": "LineString", "coordinates": [ [ 126.9598188, 37.4904641 ], [ 126.959125300000011, 37.490478799999984 ] ] } },
{ "type": "Feature", "properties": { "학교": "숭실대", "u": "4619539822", "v": "4619539820", "key": 0, "osmid": "467306980", "name": "청림3라길", "highway": "service", "length": 51.1, "validation_status": "validated", "tmap_hit_routes": 1 }, "geometry": { "type": "LineString", "coordinates": [ [ 126.95855210000002, 37.49042330000001 ], [ 126.958818399999984, 37.490436200000012 ], [ 126.959030100000021, 37.4904723 ], [ 126.959125300000011, 37.490478799999984 ] ] } },
{ "type": "Feature", "properties": { "학교": "숭실대", "u": "4697324255", "v": "4611250951", "key": 0, "osmid": "385515540", "name": "서달로2길", "highway": "residential", "length": 48.3, "validation_status": "validated", "tmap_hit_routes": 1 }, "geometry": { "type": "LineString", "coordinates": [ [ 126.964266, 37.501217200000021 ], [ 126.9640829, 37.500964200000013 ], [ 126.963937900000019, 37.5008805 ] ] } },
{ "type": "Feature", "properties": { "학교": "숭실대", "u": "4697324255", "v": "4697324244", "key": 0, "osmid": "476080928", "name": "", "highway": "service", "length": 60.1, "validation_status": "validated", "tmap_hit_routes": 4 }, "geometry": { "type": "LineString", "coordinates": [ [ 126.9636652, 37.501211500000011 ], [ 126.9638205, 37.5012312 ], [ 126.963881200000017, 37.5012206 ], [ 126.963935500000019, 37.5011827 ], [ 126.963967600000018, 37.5011222 ], [ 126.9639626, 37.5010149 ], [ 126.963937900000019, 37.5008805 ] ] } },
{ "type": "Feature", "properties": { "학교": "숭실대", "u": "2824759227", "v": "8482687980", "key": 0, "osmid": "278046400", "name": "관악로40길", "highway": "tertiary", "length": 30.7, "validation_status": "validated", "tmap_hit_routes": 3 }, "geometry": { "type": "LineString", "coordinates": [ [ 126.9600093, 37.4930918 ], [ 126.9601025, 37.493358 ] ] } },
{ "type": "Feature", "properties": { "학교": "숭실대", "u": "2824759227", "v": "8482687983", "key": 0, "osmid": "913157051", "name": "", "highway": "service", "length": 20.3, "validation_status": "validated", "tmap_hit_routes": 1 }, "geometry": { "type": "LineString", "coordinates": [ [ 126.959873500000015, 37.4933739 ], [ 126.9601025, 37.493358 ] ] } },
{ "type": "Feature", "properties": { "학교": "숭실대", "u": "2824759227", "v": "13322228135", "key": 0, "osmid": "278046400", "name": "관악로40길", "highway": "tertiary", "length": 61.4, "validation_status": "validated", "tmap_hit_routes": 3 }, "geometry": { "type": "LineString", "coordinates": [ [ 126.960189700000015, 37.493906100000011 ], [ 126.9601856, 37.493873 ], [ 126.9601025, 37.493358 ] ] } },
{ "type": "Feature", "properties": { "학교": "숭실대", "u": "8482687980", "v": "8482687969", "key": 0, "osmid": "278046400", "name": "관악로40길", "highway": "tertiary", "length": 30.0, "validation_status": "validated", "tmap_hit_routes": 3 }, "geometry": { "type": "LineString", "coordinates": [ [ 126.959918299999984, 37.4928321 ], [ 126.9600093, 37.4930918 ] ] } },
{ "type": "Feature", "properties": { "학교": "숭실대", "u": "8482687980", "v": "8482687970", "key": 0, "osmid": "913157050", "name": "", "highway": "service", "length": 14.8, "validation_status": "validated", "tmap_hit_routes": 2 }, "geometry": { "type": "LineString", "coordinates": [ [ 126.9601725, 37.4930606 ], [ 126.9600093, 37.4930918 ] ] } },
{ "type": "Feature", "properties": { "학교": "숭실대", "u": "8482687983", "v": "8482687983", "key": 0, "osmid": "913157051", "name": "", "highway": "service", "length": 87.4, "validation_status": "unobserved", "tmap_hit_routes": 0 }, "geometry": { "type": "LineString", "coordinates": [ [ 126.959873500000015, 37.4933739 ], [ 126.959681500000016, 37.4933751 ], [ 126.959641300000015, 37.4933687 ], [ 126.9596064, 37.4933474 ], [ 126.9595796, 37.4933176 ], [ 126.9595581, 37.4932751 ], [ 126.9595689, 37.4932538 ], [ 126.959590300000016, 37.49324 ], [ 126.9597821, 37.4931495 ], [ 126.959789599999979, 37.4931462 ], [ 126.9597984, 37.493143700000012 ], [ 126.9598079, 37.4931437 ], [ 126.959817799999982, 37.4931459 ], [ 126.959873500000015, 37.4933739 ] ] } },
{ "type": "Feature", "properties": { "학교": "숭실대", "u": "13322228135", "v": "13322228125", "key": 0, "osmid": "1452649882", "name": "", "highway": "service", "length": 100.4, "validation_status": "unobserved", "tmap_hit_routes": 0 }, "geometry": { "type": "LineString", "coordinates": [ [ 126.9593129, 37.49413 ], [ 126.959314299999988, 37.4939329 ], [ 126.9593225, 37.4939189 ], [ 126.9593365, 37.4939139 ], [ 126.959351, 37.4939128 ], [ 126.9601182, 37.4939166 ], [ 126.960189700000015, 37.493906100000011 ] ] } },
{ "type": "Feature", "properties": { "학교": "숭실대", "u": "2824759242", "v": "2825711987", "key": 0, "osmid": "521182518", "name": "서달로", "highway": "residential", "length": 24.0, "validation_status": "validated", "tmap_hit_routes": 4 }, "geometry": { "type": "LineString", "coordinates": [ [ 126.9592941, 37.4979699 ], [ 126.9593048, 37.4980119 ], [ 126.959331100000014, 37.4981834 ] ] } },
{ "type": "Feature", "properties": { "학교": "숭실대", "u": "2824759242", "v": "12816428873", "key": 0, "osmid": [ 1122019322, 1122019323, 521182518 ], "name": "서달로", "highway": "residential", "length": 56.9, "validation_status": "validated", "tmap_hit_routes": 9 }, "geometry": { "type": "LineString", "coordinates": [ [ 126.9595543, 37.498651 ], [ 126.9595127, 37.4985975 ], [ 126.959355699999989, 37.49838170000001 ], [ 126.959331100000014, 37.4981834 ] ] } },
{ "type": "Feature", "properties": { "학교": "숭실대", "u": "2824759242", "v": "2825714904", "key": 0, "osmid": "913153847", "name": "", "highway": "service", "length": 244.6, "validation_status": "validated", "tmap_hit_routes": 10 }, "geometry": { "type": "LineString", "coordinates": [ [ 126.957975500000018, 37.497559 ], [ 126.9581526, 37.4979079 ], [ 126.957745, 37.4980441 ], [ 126.9578683, 37.498325 ], [ 126.95850129999998, 37.4982058 ], [ 126.959331100000014, 37.4981834 ] ] } },
{ "type": "Feature", "properties": { "학교": "숭실대", "u": "2825711987", "v": "2825711424", "key": 0, "osmid": "261484534", "name": "상도로55길", "highway": "residential", "length": 71.4, "validation_status": "validated", "tmap_hit_routes": 11 }, "geometry": { "type": "LineString", "coordinates": [ [ 126.959109699999985, 37.49740760000001 ], [ 126.9591476, 37.4974321 ], [ 126.9591754, 37.4974695 ], [ 126.9591869, 37.4975358 ], [ 126.9591323, 37.4978413 ], [ 126.959158299999984, 37.4978782 ], [ 126.9592289, 37.4979362 ], [ 126.9592941, 37.4979699 ] ] } },
{ "type": "Feature", "properties": { "학교": "숭실대", "u": "2825711987", "v": "12785639994", "key": 0, "osmid": "521182518", "name": "서달로", "highway": "residential", "length": 376.1, "validation_status": "validated", "tmap_hit_routes": 2 }, "geometry": { "type": "LineString", "coordinates": [ [ 126.9611947, 37.4952503 ], [ 126.9612676, 37.4953377 ], [ 126.9613693, 37.495471599999988 ], [ 126.9613767, 37.4955624 ], [ 126.9613126, 37.4956975 ], [ 126.9611174, 37.495852500000019 ], [ 126.9603882, 37.4963759 ], [ 126.959767099999979, 37.496871 ], [ 126.9596219, 37.4969729 ], [ 126.959542099999979, 37.4971068 ], [ 126.959486200000015, 37.4972538 ], [ 126.959311899999989, 37.4978885 ], [ 126.9592941, 37.4979699 ] ] } },
{ "type": "Feature", "properties": { "학교": "숭실대", "u": "12816428873", "v": "12816428872", "key": 0, "osmid": "1122019322", "name": "서달로", "highway": "residential", "length": 39.6, "validation_status": "validated", "tmap_hit_routes": 8 }, "geometry": { "type": "LineString", "coordinates": [ [ 126.9597851, 37.4989569 ], [ 126.9595543, 37.498651 ] ] } },
{ "type": "Feature", "properties": { "학교": "숭실대", "u": "12816428873", "v": "5406793613", "key": 0, "osmid": [ 1384270195, 1384270196 ], "name": "", "highway": [ "service", "path" ], "length": 580.6, "validation_status": "validated", "tmap_hit_routes": 6 }, "geometry": { "type": "LineString", "coordinates": [ [ 126.9622136, 37.4977212 ], [ 126.96223950000001, 37.4978267 ], [ 126.96223670000002, 37.4979177 ], [ 126.9622666, 37.4980056 ], [ 126.962251, 37.498096099999984 ], [ 126.962296800000018, 37.4981802 ], [ 126.962180100000012, 37.4981802 ], [ 126.9620701, 37.498158300000021 ], [ 126.9619588, 37.498133 ], [ 126.961890900000014, 37.4982085 ], [ 126.9618266, 37.4982843 ], [ 126.9617899, 37.4983743 ], [ 126.9618702, 37.4984378 ], [ 126.9619683, 37.498485700000018 ], [ 126.9620868, 37.4984987 ], [ 126.962162, 37.4985663 ], [ 126.9622519, 37.4986253 ], [ 126.962342199999981, 37.4986813 ], [ 126.962354, 37.498591100000013 ], [ 126.9624188, 37.498514900000011 ], [ 126.9624779, 37.4984373 ], [ 126.9625577, 37.4985056 ], [ 126.9626575, 37.498555200000013 ], [ 126.9627458, 37.4986117 ], [ 126.962790600000019, 37.4986966 ], [ 126.9628885, 37.4987428 ], [ 126.96284, 37.4988248 ], [ 126.9627393, 37.4988744 ], [ 126.962681700000019, 37.498952 ], [ 126.9625854, 37.4990009 ], [ 126.9624892, 37.49895080000001 ], [ 126.9623738, 37.4989443 ], [ 126.962307900000013, 37.4988675 ], [ 126.9622, 37.4988372 ], [ 126.9621083, 37.49878360000001 ], [ 126.9619936, 37.4987576 ], [ 126.9618901, 37.4987092 ], [ 126.9617873, 37.4986689 ], [ 126.9616849, 37.4986215 ], [ 126.961572299999986, 37.4985908 ], [ 126.9614592, 37.4985671 ], [ 126.9613432, 37.4985427 ], [ 126.9612223, 37.498542 ], [ 126.961107100000021, 37.4985526 ], [ 126.960993500000015, 37.4985503 ], [ 126.9608746, 37.4985459 ], [ 126.9607575, 37.4985542 ], [ 126.960641599999988, 37.498559 ], [ 126.960525700000019, 37.498556300000011 ], [ 126.960413, 37.4985694 ], [ 126.960298600000016, 37.49857 ], [ 126.960183700000016, 37.4985737 ], [ 126.960064, 37.4985901 ], [ 126.9599499, 37.4985859 ], [ 126.9598338, 37.4986005 ], [ 126.95971830000002, 37.4986008 ], [ 126.959604399999989, 37.4986368 ], [ 126.9595543, 37.498651 ] ] } },
{ "type": "Feature", "properties": { "학교": "숭실대", "u": "2825714904", "v": "4686503139", "key": 0, "osmid": "261484534", "name": "상도로55길", "highway": "residential", "length": 7.2, "validation_status": "validated", "tmap_hit_routes": 14 }, "geometry": { "type": "LineString", "coordinates": [ [ 126.958047500000021, 37.4975288 ], [ 126.957975500000018, 37.497559 ] ] } },
{ "type": "Feature", "properties": { "학교": "숭실대", "u": "2825714904", "v": "2825714913", "key": 0, "osmid": "261484534", "name": "상도로55길", "highway": "residential", "length": 225.4, "validation_status": "validated", "tmap_hit_routes": 10 }, "geometry": { "type": "LineString", "coordinates": [ [ 126.955521300000015, 37.4979801 ], [ 126.9555642, 37.4979633 ], [ 126.955631100000019, 37.49795060000001 ], [ 126.955788399999989, 37.4979202 ], [ 126.95647390000002, 37.4979064 ], [ 126.95661290000001, 37.4979144 ], [ 126.9569643, 37.4978952 ], [ 126.9570609, 37.4978718 ], [ 126.9571842, 37.497825 ], [ 126.9574551, 37.497710099999985 ], [ 126.9578575, 37.4975994 ], [ 126.957975500000018, 37.497559 ] ] } },
{ "type": "Feature", "properties": { "학교": "숭실대", "u": "2825728950", "v": "2825728935", "key": 0, "osmid": "278148943", "name": "청림3다길", "highway": "service", "length": 177.6, "validation_status": "unobserved", "tmap_hit_routes": 0 }, "geometry": { "type": "LineString", "coordinates": [ [ 126.9572442, 37.4908557 ], [ 126.957197699999981, 37.4907107 ], [ 126.9572348, 37.490672100000012 ], [ 126.9573157, 37.4905767 ], [ 126.9574015, 37.490525599999984 ], [ 126.9577234, 37.4903766 ], [ 126.957754, 37.4903473 ], [ 126.957833, 37.4902086 ], [ 126.9579379, 37.4900723 ], [ 126.9580104, 37.4900106 ], [ 126.9580903, 37.4899648 ], [ 126.9582653, 37.4898759 ], [ 126.9584588, 37.4898255 ], [ 126.9585329, 37.4897992 ] ] } },
{ "type": "Feature", "properties": { "학교": "숭실대", "u": "2825728950", "v": "2825727773", "key": 0, "osmid": "467304357", "name": "청림3길", "highway": "residential", "length": 37.7, "validation_status": "unobserved", "tmap_hit_routes": 0 }, "geometry": { "type": "LineString", "coordinates": [ [ 126.958624299999983, 37.4894684 ], [ 126.9585719, 37.4896318 ], [ 126.9585329, 37.4897992 ] ] } },
{ "type": "Feature", "properties": { "학교": "숭실대", "u": "4619539820", "v": "4619539841", "key": 0, "osmid": "467304357", "name": "청림3길", "highway": "residential", "length": 24.1, "validation_status": "validated", "tmap_hit_routes": 1 }, "geometry": { "type": "LineString", "coordinates": [ [ 126.95868590000002, 37.4906094 ], [ 126.958672899999982, 37.4905617 ], [ 126.958611200000021, 37.4904936 ], [ 126.95855210000002, 37.49042330000001 ] ] } },
{ "type": "Feature", "properties": { "학교": "숭실대", "u": "2824759264", "v": "2825727782", "key": 0, "osmid": "278046139", "name": "청림1길", "highway": "service", "length": 154.5, "validation_status": "unobserved", "tmap_hit_routes": 0 }, "geometry": { "type": "LineString", "coordinates": [ [ 126.9589808, 37.4894511 ], [ 126.958756, 37.4892712 ], [ 126.958665699999983, 37.48903820000001 ], [ 126.958536600000016, 37.4887719 ], [ 126.958465500000017, 37.488656699999986 ], [ 126.958442199999979, 37.48859310000001 ], [ 126.958544100000012, 37.4885037 ], [ 126.9587212, 37.4884294 ], [ 126.95876, 37.4882998 ] ] } },
{ "type": "Feature", "properties": { "학교": "숭실대", "u": "2825727782", "v": "2825727773", "key": 0, "osmid": "467304353", "name": "청림3길", "highway": "residential", "length": 31.5, "validation_status": "unobserved", "tmap_hit_routes": 0 }, "geometry": { "type": "LineString", "coordinates": [ [ 126.958624299999983, 37.4894684 ], [ 126.9589808, 37.4894511 ] ] } },
{ "type": "Feature", "properties": { "학교": "숭실대", "u": "12785639994", "v": "12785639987", "key": 0, "osmid": "1381653407", "name": "", "highway": "service", "length": 34.8, "validation_status": "validated", "tmap_hit_routes": 2 }, "geometry": { "type": "LineString", "coordinates": [ [ 126.960872600000016, 37.4954305 ], [ 126.9611947, 37.4952503 ] ] } },
{ "type": "Feature", "properties": { "학교": "숭실대", "u": "5746089412", "v": "13322228150", "key": 0, "osmid": "278148277", "name": "상도로61길", "highway": "residential", "length": 7.6, "validation_status": "bridged", "tmap_hit_routes": 0 }, "geometry": { "type": "LineString", "coordinates": [ [ 126.9595316, 37.4948503 ], [ 126.9595446, 37.4949183 ] ] } },
{ "type": "Feature", "properties": { "학교": "숭실대", "u": "5746089412", "v": "2890319302", "key": 0, "osmid": "521295452", "name": "사당로", "highway": "primary", "length": 55.2, "validation_status": "validated", "tmap_hit_routes": 5 }, "geometry": { "type": "LineString", "coordinates": [ [ 126.95892520000001, 37.4949881 ], [ 126.9592775, 37.4949484 ], [ 126.9595446, 37.4949183 ] ] } },
{ "type": "Feature", "properties": { "학교": "숭실대", "u": "12816428872", "v": "8857857355", "key": 0, "osmid": [ 1384270193, 1384270194 ], "name": "", "highway": [ "path", "steps" ], "length": 52.5, "validation_status": "validated", "tmap_hit_routes": 2 }, "geometry": { "type": "LineString", "coordinates": [ [ 126.9592229, 37.4989553 ], [ 126.9592833, 37.4989861 ], [ 126.959322900000018, 37.4990019 ], [ 126.959385700000013, 37.4990271 ], [ 126.959573800000015, 37.4989966 ], [ 126.9597689, 37.4989592 ], [ 126.9597851, 37.4989569 ] ] } },
{ "type": "Feature", "properties": { "학교": "숭실대", "u": "2829147710", "v": "4621486059", "key": 0, "osmid": "278565007", "name": "상도로47바길", "highway": "service", "length": 73.4, "validation_status": "unobserved", "tmap_hit_routes": 0 }, "geometry": { "type": "LineString", "coordinates": [ [ 126.9527099, 37.503734 ], [ 126.9531421, 37.503854499999989 ], [ 126.9534945, 37.503754 ] ] } },
{ "type": "Feature", "properties": { "학교": "숭실대", "u": "2825701321", "v": "2825701313", "key": 0, "osmid": "278145988", "name": "상도로45길", "highway": "service", "length": 39.8, "validation_status": "unobserved", "tmap_hit_routes": 0 }, "geometry": { "type": "LineString", "coordinates": [ [ 126.953004799999988, 37.5029966 ], [ 126.9529602, 37.5033524 ] ] } },
{ "type": "Feature", "properties": { "학교": "숭실대", "u": "2825701321", "v": "2825701337", "key": 0, "osmid": "278565007", "name": "상도로47바길", "highway": "service", "length": 98.0, "validation_status": "unobserved", "tmap_hit_routes": 0 }, "geometry": { "type": "LineString", "coordinates": [ [ 126.9518526, 37.5032812 ], [ 126.9529602, 37.5033524 ] ] } },
{ "type": "Feature", "properties": { "학교": "숭실대", "u": "2825701311", "v": "2825730232", "key": 0, "osmid": "278145989", "name": "상도로41길", "highway": "residential", "length": 18.0, "validation_status": "unobserved", "tmap_hit_routes": 0 }, "geometry": { "type": "LineString", "coordinates": [ [ 126.9500872, 37.5019191 ], [ 126.9502484, 37.5020188 ] ] } },
{ "type": "Feature", "properties": { "학교": "숭실대", "u": "2825701311", "v": "8483442364", "key": 0, "osmid": "278145989", "name": "상도로41길", "highway": "residential", "length": 85.1, "validation_status": "unobserved", "tmap_hit_routes": 0 }, "geometry": { "type": "LineString", "coordinates": [ [ 126.9511068, 37.5023674 ], [ 126.9502484, 37.5020188 ] ] } },
{ "type": "Feature", "properties": { "학교": "숭실대", "u": "2825701311", "v": "4621475849", "key": 0, "osmid": "278145990", "name": "상도로41가길", "highway": "residential", "length": 24.4, "validation_status": "unobserved", "tmap_hit_routes": 0 }, "geometry": { "type": "LineString", "coordinates": [ [ 126.9502303, 37.5022352 ], [ 126.950228900000013, 37.502054199999989 ], [ 126.9502484, 37.5020188 ] ] } },
{ "type": "Feature", "properties": { "학교": "숭실대", "u": "2825730232", "v": "2825730228", "key": 0, "osmid": "278145989", "name": "상도로41길", "highway": "residential", "length": 15.7, "validation_status": "unobserved", "tmap_hit_routes": 0 }, "geometry": { "type": "LineString", "coordinates": [ [ 126.9499377, 37.5018431 ], [ 126.9500872, 37.5019191 ] ] } },
{ "type": "Feature", "properties": { "학교": "숭실대", "u": "2825730232", "v": "4621469140", "key": 0, "osmid": "278148999", "name": "상도로47가길", "highway": "service", "length": 87.8, "validation_status": "unobserved", "tmap_hit_routes": 0 }, "geometry": { "type": "LineString", "coordinates": [ [ 126.950646800000015, 37.5012666 ], [ 126.9500872, 37.5019191 ] ] } },
{ "type": "Feature", "properties": { "학교": "숭실대", "u": "8483442364", "v": "4621475850", "key": 0, "osmid": "913244965", "name": "", "highway": "service", "length": 24.0, "validation_status": "unobserved", "tmap_hit_routes": 0 }, "geometry": { "type": "LineString", "coordinates": [ [ 126.9509839, 37.5025597 ], [ 126.9511068, 37.5023674 ] ] } },
{ "type": "Feature", "properties": { "학교": "숭실대", "u": "4621475849", "v": "2825701315", "key": 0, "osmid": "278145990", "name": "상도로41가길", "highway": "residential", "length": 30.7, "validation_status": "unobserved", "tmap_hit_routes": 0 }, "geometry": { "type": "LineString", "coordinates": [ [ 126.950227700000013, 37.5025116 ], [ 126.9502303, 37.5022352 ] ] } },
{ "type": "Feature", "properties": { "학교": "숭실대", "u": "4621475849", "v": "4621475850", "key": 0, "osmid": "467539601", "name": "상도로41나길", "highway": "service", "length": 75.6, "validation_status": "unobserved", "tmap_hit_routes": 0 }, "geometry": { "type": "LineString", "coordinates": [ [ 126.9509839, 37.5025597 ], [ 126.9502303, 37.5022352 ] ] } },
{ "type": "Feature", "properties": { "학교": "숭실대", "u": "2825701313", "v": "4621475848", "key": 0, "osmid": "278145988", "name": "상도로45길", "highway": "service", "length": 37.3, "validation_status": "unobserved", "tmap_hit_routes": 0 }, "geometry": { "type": "LineString", "coordinates": [ [ 126.9530258, 37.502661500000016 ], [ 126.953004799999988, 37.5029966 ] ] } },
{ "type": "Feature", "properties": { "학교": "숭실대", "u": "4621475848", "v": "4621475846", "key": 0, "osmid": "278145988", "name": "상도로45길", "highway": "service", "length": 64.2, "validation_status": "unobserved", "tmap_hit_routes": 0 }, "geometry": { "type": "LineString", "coordinates": [ [ 126.95306770000002, 37.502085299999983 ], [ 126.9530485, 37.502287300000013 ], [ 126.9530258, 37.502661500000016 ] ] } },
{ "type": "Feature", "properties": { "학교": "숭실대", "u": "2825701315", "v": "8483442363", "key": 0, "osmid": "278145985", "name": "상도로41다길", "highway": "service", "length": 63.8, "validation_status": "unobserved", "tmap_hit_routes": 0 }, "geometry": { "type": "LineString", "coordinates": [ [ 126.95088579999998, 37.502749399999985 ], [ 126.950227700000013, 37.5025116 ] ] } },
{ "type": "Feature", "properties": { "학교": "숭실대", "u": "2825701315", "v": "4621478345", "key": 0, "osmid": "278145990", "name": "상도로41가길", "highway": "residential", "length": 49.8, "validation_status": "unobserved", "tmap_hit_routes": 0 }, "geometry": { "type": "LineString", "coordinates": [ [ 126.9502565, 37.5029587 ], [ 126.950227700000013, 37.5025116 ] ] } },
{ "type": "Feature", "properties": { "학교": "숭실대", "u": "2825701315", "v": "10708858396", "key": 0, "osmid": "467539854", "name": "", "highway": "service", "length": 28.4, "validation_status": "unobserved", "tmap_hit_routes": 0 }, "geometry": { "type": "LineString", "coordinates": [ [ 126.9499162, 37.5024997 ], [ 126.9499639, 37.502525100000014 ], [ 126.950227700000013, 37.5025116 ] ] } },
{ "type": "Feature", "properties": { "학교": "숭실대", "u": "8483442363", "v": "8483442362", "key": 0, "osmid": "913244965", "name": "", "highway": "service", "length": 27.0, "validation_status": "unobserved", "tmap_hit_routes": 0 }, "geometry": { "type": "LineString", "coordinates": [ [ 126.950769900000012, 37.5029745 ], [ 126.95088579999998, 37.502749399999985 ] ] } },
{ "type": "Feature", "properties": { "학교": "숭실대", "u": "8483442363", "v": "4621475850", "key": 0, "osmid": "913244965", "name": "", "highway": "service", "length": 22.8, "validation_status": "unobserved", "tmap_hit_routes": 0 }, "geometry": { "type": "LineString", "coordinates": [ [ 126.9509839, 37.5025597 ], [ 126.95088579999998, 37.502749399999985 ] ] } },
{ "type": "Feature", "properties": { "학교": "숭실대", "u": "8483442363", "v": "2825701337", "key": 0, "osmid": "278145985", "name": "상도로41다길", "highway": "service", "length": 106.3, "validation_status": "unobserved", "tmap_hit_routes": 0 }, "geometry": { "type": "LineString", "coordinates": [ [ 126.9518526, 37.5032812 ], [ 126.951726, 37.5032486 ], [ 126.951589200000015, 37.503215 ], [ 126.9515458, 37.5031892 ], [ 126.9515056, 37.5031466 ], [ 126.951404100000019, 37.5030299 ], [ 126.9513098, 37.5029615 ], [ 126.950904800000018, 37.5027615 ], [ 126.95088579999998, 37.502749399999985 ] ] } },
{ "type": "Feature", "properties": { "학교": "숭실대", "u": "4621478345", "v": "4621482143", "key": 0, "osmid": "278145990", "name": "상도로41가길", "highway": "residential", "length": 42.0, "validation_status": "unobserved", "tmap_hit_routes": 0 }, "geometry": { "type": "LineString", "coordinates": [ [ 126.950262200000012, 37.5033365 ], [ 126.9502565, 37.5029587 ] ] } },
{ "type": "Feature", "properties": { "학교": "숭실대", "u": "4621478345", "v": "10708858400", "key": 0, "osmid": "278149001", "name": "상도로39길", "highway": "service", "length": 36.0, "validation_status": "unobserved", "tmap_hit_routes": 0 }, "geometry": { "type": "LineString", "coordinates": [ [ 126.9498684, 37.5030276 ], [ 126.9500029, 37.502968700000018 ], [ 126.9502565, 37.5029587 ] ] } },
{ "type": "Feature", "properties": { "학교": "숭실대", "u": "10708858396", "v": "4626902908", "key": 0, "osmid": "467539854", "name": "", "highway": "service", "length": 39.1, "validation_status": "unobserved", "tmap_hit_routes": 0 }, "geometry": { "type": "LineString", "coordinates": [ [ 126.94954820000001, 37.5023033 ], [ 126.9499162, 37.5024997 ] ] } },
{ "type": "Feature", "properties": { "학교": "숭실대", "u": "10708858396", "v": "10708858400", "key": 0, "osmid": [ 1151169299, 1151169300 ], "name": "", "highway": [ "service", "steps" ], "length": 60.8, "validation_status": "unobserved", "tmap_hit_routes": 0 }, "geometry": { "type": "LineString", "coordinates": [ [ 126.9498684, 37.5030276 ], [ 126.9498277, 37.5029608 ], [ 126.94983790000002, 37.5027254 ], [ 126.9498692, 37.5025691 ], [ 126.9499162, 37.5024997 ] ] } },
{ "type": "Feature", "properties": { "학교": "숭실대", "u": "2825701319", "v": "2825706567", "key": 0, "osmid": "278145989", "name": "상도로41길", "highway": "residential", "length": 44.9, "validation_status": "unobserved", "tmap_hit_routes": 0 }, "geometry": { "type": "LineString", "coordinates": [ [ 126.9496819, 37.5017012 ], [ 126.9492675, 37.5014664 ] ] } },
{ "type": "Feature", "properties": { "학교": "숭실대", "u": "2825701319", "v": "13597219417", "key": 0, "osmid": "1444670203", "name": "상도로38길", "highway": "service", "length": 15.9, "validation_status": "unobserved", "tmap_hit_routes": 0 }, "geometry": { "type": "LineString", "coordinates": [ [ 126.949122, 37.5013827 ], [ 126.9492675, 37.5014664 ] ] } },
{ "type": "Feature", "properties": { "학교": "숭실대", "u": "2825701319", "v": "4621478356", "key": 0, "osmid": "521182521", "name": "상도로", "highway": "primary", "length": 64.0, "validation_status": "unobserved", "tmap_hit_routes": 0 }, "geometry": { "type": "LineString", "coordinates": [ [ 126.9488511, 37.5019373 ], [ 126.9491166, 37.501637 ], [ 126.9492675, 37.5014664 ] ] } },
{ "type": "Feature", "properties": { "학교": "숭실대", "u": "2825701319", "v": "13597214695", "key": 0, "osmid": [ 1482765082, 1482765083 ], "name": "상도로", "highway": "primary", "length": 30.4, "validation_status": "unobserved", "tmap_hit_routes": 0 }, "geometry": { "type": "LineString", "coordinates": [ [ 126.9494565, 37.5012375 ], [ 126.9494127, 37.5012881 ], [ 126.9492675, 37.5014664 ] ] } },
{ "type": "Feature", "properties": { "학교": "숭실대", "u": "2825706567", "v": "2825730228", "key": 0, "osmid": "278145989", "name": "상도로41길", "highway": "residential", "length": 27.5, "validation_status": "unobserved", "tmap_hit_routes": 0 }, "geometry": { "type": "LineString", "coordinates": [ [ 126.9499377, 37.5018431 ], [ 126.9496819, 37.5017012 ] ] } },
{ "type": "Feature", "properties": { "학교": "숭실대", "u": "2825706567", "v": "4626863240", "key": 0, "osmid": "278146424", "name": "상도로37길", "highway": "service", "length": 88.4, "validation_status": "unobserved", "tmap_hit_routes": 0 }, "geometry": { "type": "LineString", "coordinates": [ [ 126.9502527, 37.501047799999988 ], [ 126.9496819, 37.5017012 ] ] } },
{ "type": "Feature", "properties": { "학교": "숭실대", "u": "2825706567", "v": "4626902909", "key": 0, "osmid": "278146424", "name": "상도로37길", "highway": "service", "length": 61.8, "validation_status": "unobserved", "tmap_hit_routes": 0 }, "geometry": { "type": "LineString", "coordinates": [ [ 126.949284, 37.5021583 ], [ 126.9496819, 37.5017012 ] ] } },
{ "type": "Feature", "properties": { "학교": "숭실대", "u": "13597219417", "v": "4621509675", "key": 0, "osmid": "1444670203", "name": "상도로38길", "highway": "service", "length": 34.8, "validation_status": "unobserved", "tmap_hit_routes": 0 }, "geometry": { "type": "LineString", "coordinates": [ [ 126.9487898, 37.5012141 ], [ 126.949122, 37.5013827 ] ] } },
{ "type": "Feature", "properties": { "학교": "숭실대", "u": "13597219417", "v": "13597214694", "key": 0, "osmid": "1482765077", "name": "상도로", "highway": "primary", "length": 29.7, "validation_status": "unobserved", "tmap_hit_routes": 0 }, "geometry": { "type": "LineString", "coordinates": [ [ 126.9493154, 37.5011637 ], [ 126.949122, 37.5013827 ] ] } },
{ "type": "Feature", "properties": { "학교": "숭실대", "u": "13597219417", "v": "13597219416", "key": 0, "osmid": [ 1482765080, 1482765078, 1482765079 ], "name": "상도로", "highway": "primary", "length": 142.1, "validation_status": "unobserved", "tmap_hit_routes": 0 }, "geometry": { "type": "LineString", "coordinates": [ [ 126.9482201, 37.5024416 ], [ 126.9487233, 37.5018414 ], [ 126.9489735, 37.5015578 ], [ 126.949122, 37.5013827 ] ] } },
{ "type": "Feature", "properties": { "학교": "숭실대", "u": "4621478356", "v": "4626902909", "key": 0, "osmid": "801862821", "name": "상도로", "highway": "service", "length": 45.4, "validation_status": "unobserved", "tmap_hit_routes": 0 }, "geometry": { "type": "LineString", "coordinates": [ [ 126.949284, 37.5021583 ], [ 126.9488511, 37.5019373 ] ] } },
{ "type": "Feature", "properties": { "학교": "숭실대", "u": "4621478356", "v": "4621478352", "key": 0, "osmid": [ 1482765081, 521182521 ], "name": "상도로", "highway": "primary", "length": 78.0, "validation_status": "unobserved", "tmap_hit_routes": 0 }, "geometry": { "type": "LineString", "coordinates": [ [ 126.9483515, 37.5025157 ], [ 126.9485289, 37.5023042 ], [ 126.9488511, 37.5019373 ] ] } },
{ "type": "Feature", "properties": { "학교": "숭실대", "u": "13597214695", "v": "13597214694", "key": 0, "osmid": "1482765070", "name": "", "highway": "primary_link", "length": 14.9, "validation_status": "unobserved", "tmap_hit_routes": 0 }, "geometry": { "type": "LineString", "coordinates": [ [ 126.9493154, 37.5011637 ], [ 126.9494565, 37.5012375 ] ] } },
{ "type": "Feature", "properties": { "학교": "숭실대", "u": "13597214695", "v": "4621469141", "key": 0, "osmid": "1482765083", "name": "상도로", "highway": "primary", "length": 57.3, "validation_status": "unobserved", "tmap_hit_routes": 0 }, "geometry": { "type": "LineString", "coordinates": [ [ 126.9498242, 37.500813 ], [ 126.9494565, 37.5012375 ] ] } },
{ "type": "Feature", "properties": { "학교": "숭실대", "u": "2825701337", "v": "4621486058", "key": 0, "osmid": "467540934", "name": "상도로47길", "highway": "residential", "length": 60.2, "validation_status": "unobserved", "tmap_hit_routes": 0 }, "geometry": { "type": "LineString", "coordinates": [ [ 126.9517509, 37.5038162 ], [ 126.9517949, 37.503654600000019 ], [ 126.9518526, 37.5032812 ] ] } },
{ "type": "Feature", "properties": { "학교": "숭실대", "u": "2825701322", "v": "4621475846", "key": 0, "osmid": "278145988", "name": "상도로45길", "highway": "service", "length": 47.1, "validation_status": "unobserved", "tmap_hit_routes": 0 }, "geometry": { "type": "LineString", "coordinates": [ [ 126.95306770000002, 37.502085299999983 ], [ 126.95311270000002, 37.501865400000014 ], [ 126.9531303, 37.5016648 ] ] } },
{ "type": "Feature", "properties": { "학교": "숭실대", "u": "4621475846", "v": "4621475838", "key": 0, "osmid": "467539599", "name": "상도로47길", "highway": "service", "length": 95.9, "validation_status": "unobserved", "tmap_hit_routes": 0 }, "geometry": { "type": "LineString", "coordinates": [ [ 126.9521154, 37.5017173 ], [ 126.952196199999989, 37.501778 ], [ 126.95237760000002, 37.5018909 ], [ 126.952596799999981, 37.502003599999988 ], [ 126.9528626, 37.502068 ], [ 126.95306770000002, 37.502085299999983 ] ] } },
{ "type": "Feature", "properties": { "학교": "숭실대", "u": "4621469141", "v": "4626863240", "key": 0, "osmid": "744062052", "name": "상도로43길", "highway": "service", "length": 45.9, "validation_status": "unobserved", "tmap_hit_routes": 0 }, "geometry": { "type": "LineString", "coordinates": [ [ 126.9502527, 37.501047799999988 ], [ 126.9498242, 37.500813 ] ] } },
{ "type": "Feature", "properties": { "학교": "숭실대", "u": "2825706577", "v": "2825730235", "key": 0, "osmid": "278145988", "name": "상도로45길", "highway": "service", "length": 42.7, "validation_status": "validated", "tmap_hit_routes": 1 }, "geometry": { "type": "LineString", "coordinates": [ [ 126.9512354, 37.500597 ], [ 126.950836200000012, 37.5003799 ] ] } },
{ "type": "Feature", "properties": { "학교": "숭실대", "u": "2825706577", "v": "4626863240", "key": 0, "osmid": "278146424", "name": "상도로37길", "highway": "service", "length": 90.4, "validation_status": "unobserved", "tmap_hit_routes": 0 }, "geometry": { "type": "LineString", "coordinates": [ [ 126.9502527, 37.501047799999988 ], [ 126.950836200000012, 37.5003799 ] ] } },
{ "type": "Feature", "properties": { "학교": "숭실대", "u": "2825731327", "v": "2825730235", "key": 0, "osmid": "278145988", "name": "상도로45길", "highway": "service", "length": 32.8, "validation_status": "unobserved", "tmap_hit_routes": 0 }, "geometry": { "type": "LineString", "coordinates": [ [ 126.9512354, 37.500597 ], [ 126.9515342, 37.500772 ] ] } },
{ "type": "Feature", "properties": { "학교": "숭실대", "u": "4621486058", "v": "13005797931", "key": 0, "osmid": "467540933", "name": "상도로47아길", "highway": "service", "length": 88.0, "validation_status": "unobserved", "tmap_hit_routes": 0 }, "geometry": { "type": "LineString", "coordinates": [ [ 126.9527088, 37.5036296 ], [ 126.952526899999981, 37.5036393 ], [ 126.952306600000014, 37.5037035 ], [ 126.952036, 37.5037959 ], [ 126.9517509, 37.5038162 ] ] } },
{ "type": "Feature", "properties": { "학교": "숭실대", "u": "4621486058", "v": "4621482136", "key": 0, "osmid": "467540934", "name": "상도로47길", "highway": "residential", "length": 36.3, "validation_status": "unobserved", "tmap_hit_routes": 0 }, "geometry": { "type": "LineString", "coordinates": [ [ 126.9517241, 37.5041422 ], [ 126.9517244, 37.5040885 ], [ 126.9517509, 37.5038162 ] ] } },
{ "type": "Feature", "properties": { "학교": "숭실대", "u": "2825706542", "v": "2825706563", "key": 0, "osmid": "278024802", "name": "상도로53길", "highway": "tertiary", "length": 13.2, "validation_status": "validated", "tmap_hit_routes": 5 }, "geometry": { "type": "LineString", "coordinates": [ [ 126.9530751, 37.497817 ], [ 126.9531901, 37.4978926 ] ] } },
{ "type": "Feature", "properties": { "학교": "숭실대", "u": "2825706542", "v": "11413637745", "key": 0, "osmid": "1230724699", "name": "", "highway": "footway", "length": 12.4, "validation_status": "unobserved", "tmap_hit_routes": 0 }, "geometry": { "type": "LineString", "coordinates": [ [ 126.953262, 37.4977969 ], [ 126.9531901, 37.4978926 ] ] } },
{ "type": "Feature", "properties": { "학교": "숭실대", "u": "2825706542", "v": "11413637591", "key": 0, "osmid": "1230724699", "name": "", "highway": "footway", "length": 12.2, "validation_status": "unobserved", "tmap_hit_routes": 0 }, "geometry": { "type": "LineString", "coordinates": [ [ 126.953119, 37.4979872 ], [ 126.9531901, 37.4978926 ] ] } },
{ "type": "Feature", "properties": { "학교": "숭실대", "u": "2825706542", "v": "2825711099", "key": 0, "osmid": "278024802", "name": "상도로53길", "highway": "tertiary", "length": 21.4, "validation_status": "unobserved", "tmap_hit_routes": 0 }, "geometry": { "type": "LineString", "coordinates": [ [ 126.953333, 37.498046 ], [ 126.953290700000011, 37.4979789 ], [ 126.9531901, 37.4978926 ] ] } },
{ "type": "Feature", "properties": { "학교": "숭실대", "u": "2825706563", "v": "2825711038", "key": 0, "osmid": "278146424", "name": "상도로37길", "highway": "service", "length": 41.3, "validation_status": "validated", "tmap_hit_routes": 5 }, "geometry": { "type": "LineString", "coordinates": [ [ 126.9533416, 37.4975119 ], [ 126.9530751, 37.497817 ] ] } },
{ "type": "Feature", "properties": { "학교": "숭실대", "u": "2825706563", "v": "13230033251", "key": 0, "osmid": "278146424", "name": "상도로37길", "highway": "service", "length": 15.4, "validation_status": "validated", "tmap_hit_routes": 1 }, "geometry": { "type": "LineString", "coordinates": [ [ 126.9529758, 37.4979306 ], [ 126.9530751, 37.497817 ] ] } },
{ "type": "Feature", "properties": { "학교": "숭실대", "u": "11413637591", "v": "13230033251", "key": 0, "osmid": "1230724653", "name": "", "highway": "footway", "length": 14.1, "validation_status": "validated", "tmap_hit_routes": 5 }, "geometry": { "type": "LineString", "coordinates": [ [ 126.9529758, 37.4979306 ], [ 126.953119, 37.4979872 ] ] } },
{ "type": "Feature", "properties": { "학교": "숭실대", "u": "11413637591", "v": "11413588662", "key": 0, "osmid": "1230724653", "name": "", "highway": "footway", "length": 31.8, "validation_status": "validated", "tmap_hit_routes": 5 }, "geometry": { "type": "LineString", "coordinates": [ [ 126.953224400000011, 37.49823090000001 ], [ 126.9532305, 37.4981969 ], [ 126.9532307, 37.4981225 ], [ 126.9532323, 37.498062199999985 ], [ 126.953207600000013, 37.4980458 ], [ 126.953119, 37.4979872 ] ] } },
{ "type": "Feature", "properties": { "학교": "숭실대", "u": "2825711099", "v": "2825711071", "key": 0, "osmid": "278146912", "name": "상도로53가길", "highway": "residential", "length": 51.2, "validation_status": "validated", "tmap_hit_routes": 1 }, "geometry": { "type": "LineString", "coordinates": [ [ 126.9535161, 37.4976126 ], [ 126.953480099999979, 37.497654700000012 ], [ 126.9534345, 37.497735600000013 ], [ 126.9533872, 37.4978804 ], [ 126.953333, 37.498046 ] ] } },
{ "type": "Feature", "properties": { "학교": "숭실대", "u": "2825706543", "v": "2825706571", "key": 0, "osmid": "278146427", "name": "", "highway": "primary_link", "length": 65.9, "validation_status": "unobserved", "tmap_hit_routes": 0 }, "geometry": { "type": "LineString", "coordinates": [ [ 126.9482447, 37.5033463 ], [ 126.948199200000019, 37.503306400000014 ], [ 126.948150600000019, 37.5032532 ], [ 126.948121300000011, 37.5032116 ], [ 126.9481014, 37.5031681 ], [ 126.9480909, 37.503139 ], [ 126.9480792, 37.503090400000012 ], [ 126.9480677, 37.5030341 ], [ 126.9480661, 37.5029679 ], [ 126.948071400000018, 37.5029156 ], [ 126.9480818, 37.5028593 ], [ 126.9481013, 37.502794 ] ] } },
{ "type": "Feature", "properties": { "학교": "숭실대", "u": "2825706543", "v": "4621478352", "key": 0, "osmid": [ 1482765081, 1482765067 ], "name": "상도로", "highway": "primary", "length": 38.0, "validation_status": "unobserved", "tmap_hit_routes": 0 }, "geometry": { "type": "LineString", "coordinates": [ [ 126.9483515, 37.5025157 ], [ 126.9482935, 37.5025753 ], [ 126.9481013, 37.502794 ] ] } },
{ "type": "Feature", "properties": { "학교": "숭실대", "u": "2825706571", "v": "10712384713", "key": 0, "osmid": "278146424", "name": "상도로37길", "highway": "service", "length": 8.6, "validation_status": "unobserved", "tmap_hit_routes": 0 }, "geometry": { "type": "LineString", "coordinates": [ [ 126.9483004, 37.5032825 ], [ 126.9482447, 37.5033463 ] ] } },
{ "type": "Feature", "properties": { "학교": "숭실대", "u": "2825706571", "v": "2825706550", "key": 0, "osmid": "278146427", "name": "", "highway": "primary_link", "length": 53.3, "validation_status": "unobserved", "tmap_hit_routes": 0 }, "geometry": { "type": "LineString", "coordinates": [ [ 126.948658699999982, 37.5036929 ], [ 126.9484722, 37.5035078 ], [ 126.9482447, 37.5033463 ] ] } },
{ "type": "Feature", "properties": { "학교": "숭실대", "u": "4621478352", "v": "4626938545", "key": 0, "osmid": "467539853", "name": "상도로39길", "highway": "service", "length": 44.9, "validation_status": "unobserved", "tmap_hit_routes": 0 }, "geometry": { "type": "LineString", "coordinates": [ [ 126.9487751, 37.5027391 ], [ 126.9483515, 37.5025157 ] ] } },
{ "type": "Feature", "properties": { "학교": "숭실대", "u": "2825706548", "v": "4621460691", "key": 0, "osmid": "278146424", "name": "상도로37길", "highway": "service", "length": 54.2, "validation_status": "unobserved", "tmap_hit_routes": 0 }, "geometry": { "type": "LineString", "coordinates": [ [ 126.9523654, 37.4986294 ], [ 126.9520157, 37.4990297 ] ] } },
{ "type": "Feature", "properties": { "학교": "숭실대", "u": "2825706548", "v": "2825733606", "key": 0, "osmid": "278149178", "name": "상도로49길", "highway": "service", "length": 150.2, "validation_status": "unobserved", "tmap_hit_routes": 0 }, "geometry": { "type": "LineString", "coordinates": [ [ 126.952623700000018, 37.4996943 ], [ 126.952693600000018, 37.4996558 ], [ 126.9527774, 37.4996274 ], [ 126.953013400000017, 37.499578400000011 ], [ 126.95304520000002, 37.4995419 ], [ 126.9530398, 37.4995164 ], [ 126.9520157, 37.4990297 ] ] } },
{ "type": "Feature", "properties": { "학교": "숭실대", "u": "4621460691", "v": "4621460690", "key": 0, "osmid": "278146424", "name": "상도로37길", "highway": "service", "length": 6.4, "validation_status": "unobserved", "tmap_hit_routes": 0 }, "geometry": { "type": "LineString", "coordinates": [ [ 126.9524068, 37.4985821 ], [ 126.9523654, 37.4986294 ] ] } },
{ "type": "Feature", "properties": { "학교": "숭실대", "u": "4621460691", "v": "11413637707", "key": 0, "osmid": "467538221", "name": "상도로37길", "highway": "service", "length": 54.8, "validation_status": "validated", "tmap_hit_routes": 5 }, "geometry": { "type": "LineString", "coordinates": [ [ 126.9529829, 37.4985801 ], [ 126.9523654, 37.4986294 ] ] } },
{ "type": "Feature", "properties": { "학교": "숭실대", "u": "2825733606", "v": "2825731303", "key": 0, "osmid": "467539596", "name": "상도로47나길", "highway": "service", "length": 122.3, "validation_status": "unobserved", "tmap_hit_routes": 0 }, "geometry": { "type": "LineString", "coordinates": [ [ 126.9529995, 37.5002985 ], [ 126.9526942, 37.5001594 ], [ 126.95250919999998, 37.5000338 ], [ 126.9523643, 37.4999423 ], [ 126.95228920000001, 37.4998487 ], [ 126.952286500000014, 37.4997891 ], [ 126.952297300000012, 37.499752900000011 ], [ 126.952420600000011, 37.4997019 ], [ 126.9525226, 37.4996891 ], [ 126.952623700000018, 37.4996943 ] ] } },
{ "type": "Feature", "properties": { "학교": "숭실대", "u": "2825706556", "v": "11413588662", "key": 0, "osmid": "1230724636", "name": "", "highway": "footway", "length": 9.8, "validation_status": "unobserved", "tmap_hit_routes": 0 }, "geometry": { "type": "LineString", "coordinates": [ [ 126.953224400000011, 37.49823090000001 ], [ 126.9533159, 37.4982813 ] ] } },
{ "type": "Feature", "properties": { "학교": "숭실대", "u": "2825706556", "v": "11413637479", "key": 0, "osmid": "1230724636", "name": "", "highway": "footway", "length": 18.3, "validation_status": "validated", "tmap_hit_routes": 1 }, "geometry": { "type": "LineString", "coordinates": [ [ 126.9534867, 37.4983753 ], [ 126.9533159, 37.4982813 ] ] } },
{ "type": "Feature", "properties": { "학교": "숭실대", "u": "11413588662", "v": "11413637707", "key": 0, "osmid": "1230724653", "name": "", "highway": "footway", "length": 44.3, "validation_status": "validated", "tmap_hit_routes": 5 }, "geometry": { "type": "LineString", "coordinates": [ [ 126.9529829, 37.4985801 ], [ 126.9531028, 37.4984222 ], [ 126.953224400000011, 37.49823090000001 ] ] } },
{ "type": "Feature", "properties": { "학교": "숭실대", "u": "2825711038", "v": "2825711094", "key": 0, "osmid": "278146424", "name": "상도로37길", "highway": "service", "length": 48.3, "validation_status": "validated", "tmap_hit_routes": 5 }, "geometry": { "type": "LineString", "coordinates": [ [ 126.9536533, 37.4971551 ], [ 126.9533416, 37.4975119 ] ] } },
{ "type": "Feature", "properties": { "학교": "숭실대", "u": "2825711038", "v": "2825711071", "key": 0, "osmid": "278146919", "name": "", "highway": "service", "length": 19.0, "validation_status": "unobserved", "tmap_hit_routes": 0 }, "geometry": { "type": "LineString", "coordinates": [ [ 126.9535161, 37.4976126 ], [ 126.9533416, 37.4975119 ] ] } },
{ "type": "Feature", "properties": { "학교": "숭실대", "u": "13230033251", "v": "4621460690", "key": 0, "osmid": "278146424", "name": "상도로37길", "highway": "service", "length": 88.1, "validation_status": "unobserved", "tmap_hit_routes": 0 }, "geometry": { "type": "LineString", "coordinates": [ [ 126.9524068, 37.4985821 ], [ 126.9529758, 37.4979306 ] ] } },
{ "type": "Feature", "properties": { "학교": "숭실대", "u": "13230033251", "v": "11413637561", "key": 0, "osmid": "1230724653", "name": "", "highway": "footway", "length": 31.5, "validation_status": "unobserved", "tmap_hit_routes": 0 }, "geometry": { "type": "LineString", "coordinates": [ [ 126.9526751, 37.4977775 ], [ 126.9529322, 37.497913100000019 ], [ 126.9529758, 37.4979306 ] ] } },
{ "type": "Feature", "properties": { "학교": "숭실대", "u": "2825730228", "v": "4626902908", "key": 0, "osmid": "467539855", "name": "상도로39가길", "highway": "service", "length": 61.6, "validation_status": "unobserved", "tmap_hit_routes": 0 }, "geometry": { "type": "LineString", "coordinates": [ [ 126.94954820000001, 37.5023033 ], [ 126.9499377, 37.5018431 ] ] } },
{ "type": "Feature", "properties": { "학교": "숭실대", "u": "4626863240", "v": "4621469140", "key": 0, "osmid": "744062052", "name": "상도로43길", "highway": "service", "length": 42.4, "validation_status": "unobserved", "tmap_hit_routes": 0 }, "geometry": { "type": "LineString", "coordinates": [ [ 126.950646800000015, 37.5012666 ], [ 126.9502527, 37.501047799999988 ] ] } },
{ "type": "Feature", "properties": { "학교": "숭실대", "u": "4626902909", "v": "4626938545", "key": 0, "osmid": "278146424", "name": "상도로37길", "highway": "service", "length": 78.7, "validation_status": "unobserved", "tmap_hit_routes": 0 }, "geometry": { "type": "LineString", "coordinates": [ [ 126.9487751, 37.5027391 ], [ 126.949284, 37.5021583 ] ] } },
{ "type": "Feature", "properties": { "학교": "숭실대", "u": "4626902909", "v": "4626902908", "key": 0, "osmid": [ 1151539356, 467539854 ], "name": "", "highway": [ "service", "steps" ], "length": 28.3, "validation_status": "unobserved", "tmap_hit_routes": 0 }, "geometry": { "type": "LineString", "coordinates": [ [ 126.94954820000001, 37.5023033 ], [ 126.9493604, 37.5021994 ], [ 126.949284, 37.5021583 ] ] } },
{ "type": "Feature", "properties": { "학교": "숭실대", "u": "2825730230", "v": "2825730235", "key": 0, "osmid": "744062051", "name": "상도로47가길", "highway": "service", "length": 78.7, "validation_status": "unobserved", "tmap_hit_routes": 0 }, "geometry": { "type": "LineString", "coordinates": [ [ 126.9512354, 37.500597 ], [ 126.9517475, 37.5000179 ] ] } },
{ "type": "Feature", "properties": { "학교": "숭실대", "u": "10712384713", "v": "4626938545", "key": 0, "osmid": "278146424", "name": "상도로37길", "highway": "service", "length": 73.5, "validation_status": "unobserved", "tmap_hit_routes": 0 }, "geometry": { "type": "LineString", "coordinates": [ [ 126.9487751, 37.5027391 ], [ 126.9483004, 37.5032825 ] ] } },
{ "type": "Feature", "properties": { "학교": "숭실대", "u": "10712384713", "v": "10712384714", "key": 0, "osmid": "1151539376", "name": "", "highway": "service", "length": 114.7, "validation_status": "unobserved", "tmap_hit_routes": 0 }, "geometry": { "type": "LineString", "coordinates": [ [ 126.949365, 37.5038749 ], [ 126.9483004, 37.5032825 ] ] } },
{ "type": "Feature", "properties": { "학교": "숭실대", "u": "2825730235", "v": "4621471425", "key": 0, "osmid": "744062051", "name": "상도로47가길", "highway": "service", "length": 49.8, "validation_status": "validated", "tmap_hit_routes": 1 }, "geometry": { "type": "LineString", "coordinates": [ [ 126.950924700000016, 37.5009709 ], [ 126.9512354, 37.500597 ] ] } },
{ "type": "Feature", "properties": { "학교": "숭실대", "u": "2825711094", "v": "2825711047", "key": 0, "osmid": "261484534", "name": "상도로55길", "highway": "residential", "length": 19.8, "validation_status": "validated", "tmap_hit_routes": 6 }, "geometry": { "type": "LineString", "coordinates": [ [ 126.9538774, 37.497159600000025 ], [ 126.9536533, 37.4971551 ] ] } },
{ "type": "Feature", "properties": { "학교": "숭실대", "u": "2825711094", "v": "2825711091", "key": 0, "osmid": "278146909", "name": "상도로55길", "highway": "service", "length": 39.4, "validation_status": "validated", "tmap_hit_routes": 1 }, "geometry": { "type": "LineString", "coordinates": [ [ 126.9538378, 37.4968324 ], [ 126.9536533, 37.4971551 ] ] } },
{ "type": "Feature", "properties": { "학교": "숭실대", "u": "2825711094", "v": "2825711406", "key": 0, "osmid": "261484534", "name": "상도로55길", "highway": "residential", "length": 60.7, "validation_status": "validated", "tmap_hit_routes": 13 }, "geometry": { "type": "LineString", "coordinates": [ [ 126.952976800000016, 37.4971372 ], [ 126.953155600000017, 37.4971853 ], [ 126.9536533, 37.4971551 ] ] } },
{ "type": "Feature", "properties": { "학교": "숭실대", "u": "2825711071", "v": "2825711413", "key": 0, "osmid": "278146912", "name": "상도로53가길", "highway": "residential", "length": 115.1, "validation_status": "validated", "tmap_hit_routes": 3 }, "geometry": { "type": "LineString", "coordinates": [ [ 126.9545095, 37.4971449 ], [ 126.9545047, 37.49732490000001 ], [ 126.9544725, 37.497359 ], [ 126.9543331, 37.4974079 ], [ 126.954153299999987, 37.497448299999988 ], [ 126.9537269, 37.4975079 ], [ 126.9536594, 37.4975267 ], [ 126.9535767, 37.4975675 ], [ 126.9535161, 37.4976126 ] ] } },
{ "type": "Feature", "properties": { "학교": "숭실대", "u": "2825711047", "v": "2825711413", "key": 0, "osmid": "261484534", "name": "상도로55길", "highway": "residential", "length": 55.8, "validation_status": "validated", "tmap_hit_routes": 6 }, "geometry": { "type": "LineString", "coordinates": [ [ 126.9545095, 37.4971449 ], [ 126.9538774, 37.497159600000025 ] ] } },
{ "type": "Feature", "properties": { "학교": "숭실대", "u": "2825711047", "v": "4686503142", "key": 0, "osmid": "474771574", "name": "상도로55길", "highway": "service", "length": 31.6, "validation_status": "validated", "tmap_hit_routes": 1 }, "geometry": { "type": "LineString", "coordinates": [ [ 126.9538653, 37.4968753 ], [ 126.9538653, 37.4969242 ], [ 126.9538774, 37.497159600000025 ] ] } },
{ "type": "Feature", "properties": { "학교": "숭실대", "u": "2825711413", "v": "3713157340", "key": 0, "osmid": "261484534", "name": "상도로55길", "highway": "residential", "length": 142.5, "validation_status": "validated", "tmap_hit_routes": 9 }, "geometry": { "type": "LineString", "coordinates": [ [ 126.9555146, 37.4979788 ], [ 126.9553781, 37.497941100000013 ], [ 126.955344900000014, 37.4979203 ], [ 126.9552966, 37.4978765 ], [ 126.9552638, 37.4978207 ], [ 126.955238400000013, 37.4977598 ], [ 126.955204800000018, 37.4976207 ], [ 126.955177, 37.4975652 ], [ 126.9551324, 37.4975228 ], [ 126.9548507, 37.4973249 ], [ 126.9547967, 37.4972607 ], [ 126.95477910000001, 37.4971756 ], [ 126.9547428, 37.4971441 ], [ 126.9546958, 37.4971315 ], [ 126.9545095, 37.4971449 ] ] } },
{ "type": "Feature", "properties": { "학교": "숭실대", "u": "2825711406", "v": "13528976148", "key": 0, "osmid": [ 1474731224, 1474731231 ], "name": "상도로", "highway": "primary", "length": 194.2, "validation_status": "validated", "tmap_hit_routes": 11 }, "geometry": { "type": "LineString", "coordinates": [ [ 126.9542131, 37.495692 ], [ 126.954077900000016, 37.495845 ], [ 126.9532378, 37.4968386 ], [ 126.952976800000016, 37.4971372 ] ] } },
{ "type": "Feature", "properties": { "학교": "숭실대", "u": "13528976148", "v": "13149390528", "key": 0, "osmid": "1230724677", "name": "", "highway": "footway", "length": 14.6, "validation_status": "validated", "tmap_hit_routes": 12 }, "geometry": { "type": "LineString", "coordinates": [ [ 126.954345500000017, 37.4957714 ], [ 126.9542131, 37.495692 ] ] } },
{ "type": "Feature", "properties": { "학교": "숭실대", "u": "3713157340", "v": "2825714913", "key": 0, "osmid": "261484534", "name": "상도로55길", "highway": "residential", "length": 0.6, "validation_status": "validated", "tmap_hit_routes": 1 }, "geometry": { "type": "LineString", "coordinates": [ [ 126.955521300000015, 37.4979801 ], [ 126.9555146, 37.4979788 ] ] } },
{ "type": "Feature", "properties": { "학교": "숭실대", "u": "2825711424", "v": "4686503139", "key": 0, "osmid": "261484534", "name": "상도로55길", "highway": "residential", "length": 97.0, "validation_status": "validated", "tmap_hit_routes": 12 }, "geometry": { "type": "LineString", "coordinates": [ [ 126.958047500000021, 37.4975288 ], [ 126.9582035, 37.4974632 ], [ 126.9583322, 37.4974292 ], [ 126.9585008, 37.4973969 ], [ 126.9586916, 37.4973866 ], [ 126.9590028, 37.497386600000013 ], [ 126.95906380000001, 37.4973908 ], [ 126.959109699999985, 37.49740760000001 ] ] } },
{ "type": "Feature", "properties": { "학교": "숭실대", "u": "2825711424", "v": "12785639987", "key": 0, "osmid": "278146911", "name": "상도로55길", "highway": "residential", "length": 328.0, "validation_status": "unobserved", "tmap_hit_routes": 0 }, "geometry": { "type": "LineString", "coordinates": [ [ 126.960872600000016, 37.4954305 ], [ 126.960925900000021, 37.49550330000001 ], [ 126.960942, 37.4955596 ], [ 126.9609233, 37.495608599999983 ], [ 126.9607677, 37.495764 ], [ 126.9606895, 37.4958137 ], [ 126.960636, 37.4958354 ], [ 126.960352900000018, 37.495907099999989 ], [ 126.9598956, 37.4960708 ], [ 126.9598266, 37.4960997 ], [ 126.9597696, 37.4961467 ], [ 126.9594398, 37.4964703 ], [ 126.9593839, 37.4965466 ], [ 126.9593232, 37.496606700000015 ], [ 126.959248200000019, 37.4966437 ], [ 126.959177100000019, 37.4966595 ], [ 126.959104, 37.496688800000015 ], [ 126.959033799999986, 37.496724399999984 ], [ 126.9589561, 37.4967834 ], [ 126.958906500000012, 37.4968538 ], [ 126.95887860000002, 37.4969088 ], [ 126.9588673, 37.496954500000015 ], [ 126.958864800000015, 37.4970024 ], [ 126.9588687, 37.497043600000012 ], [ 126.9588821, 37.4970905 ], [ 126.9589226, 37.4971325 ], [ 126.958989100000011, 37.4971677 ], [ 126.959053899999986, 37.4971939 ], [ 126.9591138, 37.4972483 ], [ 126.95915, 37.4972987 ], [ 126.959139099999987, 37.4973681 ], [ 126.959109699999985, 37.49740760000001 ] ] } },
{ "type": "Feature", "properties": { "학교": "숭실대", "u": "12785639987", "v": "12800872692", "key": 0, "osmid": "1381653407", "name": "", "highway": "service", "length": 3.0, "validation_status": "unobserved", "tmap_hit_routes": 0 }, "geometry": { "type": "LineString", "coordinates": [ [ 126.9608414, 37.495440200000012 ], [ 126.960872600000016, 37.4954305 ] ] } },
{ "type": "Feature", "properties": { "학교": "숭실대", "u": "2825714913", "v": "4654271182", "key": 0, "osmid": "471256190", "name": "", "highway": "service", "length": 123.2, "validation_status": "validated", "tmap_hit_routes": 1 }, "geometry": { "type": "LineString", "coordinates": [ [ 126.956867, 37.4982748 ], [ 126.956457499999985, 37.4981907 ], [ 126.955856200000014, 37.4980675 ], [ 126.955703199999988, 37.4980352 ], [ 126.955521300000015, 37.4979801 ] ] } },
{ "type": "Feature", "properties": { "학교": "숭실대", "u": "2825723221", "v": "10611854835", "key": 0, "osmid": "278148184", "name": "상도로60길", "highway": "residential", "length": 22.5, "validation_status": "validated", "tmap_hit_routes": 3 }, "geometry": { "type": "LineString", "coordinates": [ [ 126.954225, 37.49426780000001 ], [ 126.9541906, 37.4940669 ] ] } },
{ "type": "Feature", "properties": { "학교": "숭실대", "u": "2825723221", "v": "2825723284", "key": 0, "osmid": "278148184", "name": "상도로60길", "highway": "residential", "length": 40.7, "validation_status": "validated", "tmap_hit_routes": 3 }, "geometry": { "type": "LineString", "coordinates": [ [ 126.954173600000018, 37.4937015 ], [ 126.9541705, 37.4938111 ], [ 126.9541756, 37.4938992 ], [ 126.9541906, 37.4940669 ] ] } },
{ "type": "Feature", "properties": { "학교": "숭실대", "u": "2825723221", "v": "2825726596", "key": 0, "osmid": "278148592", "name": "상도로", "highway": "service", "length": 64.2, "validation_status": "unobserved", "tmap_hit_routes": 0 }, "geometry": { "type": "LineString", "coordinates": [ [ 126.954912600000014, 37.4941177 ], [ 126.954574, 37.4940705 ], [ 126.9543852, 37.494060899999987 ], [ 126.9541906, 37.4940669 ] ] } },
{ "type": "Feature", "properties": { "학교": "숭실대", "u": "10611854835", "v": "10611854840", "key": 0, "osmid": "278148184", "name": "상도로60길", "highway": "residential", "length": 18.9, "validation_status": "validated", "tmap_hit_routes": 3 }, "geometry": { "type": "LineString", "coordinates": [ [ 126.9542401, 37.4944369 ], [ 126.954225, 37.49426780000001 ] ] } },
{ "type": "Feature", "properties": { "학교": "숭실대", "u": "10611854835", "v": "10611854838", "key": 0, "osmid": "1138377351", "name": "", "highway": "service", "length": 77.5, "validation_status": "validated", "tmap_hit_routes": 6 }, "geometry": { "type": "LineString", "coordinates": [ [ 126.955077, 37.4943933 ], [ 126.955008399999983, 37.4943637 ], [ 126.9548029, 37.4943076 ], [ 126.954521700000015, 37.4942647 ], [ 126.9543603, 37.4942597 ], [ 126.954225, 37.49426780000001 ] ] } },
{ "type": "Feature", "properties": { "학교": "숭실대", "u": "2825723284", "v": "2825726589", "key": 0, "osmid": "467479185", "name": "상도로66길", "highway": "service", "length": 36.4, "validation_status": "unobserved", "tmap_hit_routes": 0 }, "geometry": { "type": "LineString", "coordinates": [ [ 126.9537619, 37.4937201 ], [ 126.954173600000018, 37.4937015 ] ] } },
{ "type": "Feature", "properties": { "학교": "숭실대", "u": "2825723284", "v": "2825723264", "key": 0, "osmid": "278148184", "name": "상도로60길", "highway": "residential", "length": 31.1, "validation_status": "validated", "tmap_hit_routes": 3 }, "geometry": { "type": "LineString", "coordinates": [ [ 126.9542028, 37.4934232 ], [ 126.9541807, 37.4935748 ], [ 126.954173600000018, 37.4937015 ] ] } },
{ "type": "Feature", "properties": { "학교": "숭실대", "u": "2825723284", "v": "2825726591", "key": 0, "osmid": "467479185", "name": "상도로66길", "highway": "service", "length": 74.9, "validation_status": "unobserved", "tmap_hit_routes": 0 }, "geometry": { "type": "LineString", "coordinates": [ [ 126.9550092, 37.4937814 ], [ 126.95488779999998, 37.4937453 ], [ 126.9547501, 37.4937197 ], [ 126.9544776, 37.493701500000014 ], [ 126.954173600000018, 37.4937015 ] ] } },
{ "type": "Feature", "properties": { "학교": "숭실대", "u": "2825726596", "v": "2825726590", "key": 0, "osmid": "278148592", "name": "상도로", "highway": "service", "length": 27.3, "validation_status": "validated", "tmap_hit_routes": 5 }, "geometry": { "type": "LineString", "coordinates": [ [ 126.9551921, 37.494222400000027 ], [ 126.954912600000014, 37.4941177 ] ] } },
{ "type": "Feature", "properties": { "학교": "숭실대", "u": "2825726596", "v": "2825726591", "key": 0, "osmid": "278148593", "name": "상도로66길", "highway": "service", "length": 38.4, "validation_status": "validated", "tmap_hit_routes": 1 }, "geometry": { "type": "LineString", "coordinates": [ [ 126.9550092, 37.4937814 ], [ 126.954912600000014, 37.4941177 ] ] } },
{ "type": "Feature", "properties": { "학교": "숭실대", "u": "2825723223", "v": "2825723251", "key": 0, "osmid": "278148631", "name": "상도로68가길", "highway": "service", "length": 98.3, "validation_status": "unobserved", "tmap_hit_routes": 0 }, "geometry": { "type": "LineString", "coordinates": [ [ 126.9549982, 37.4931832 ], [ 126.9549827, 37.4922992 ] ] } },
{ "type": "Feature", "properties": { "학교": "숭실대", "u": "2825723223", "v": "10611854823", "key": 0, "osmid": "467478846", "name": "상도로60길", "highway": "service", "length": 33.0, "validation_status": "unobserved", "tmap_hit_routes": 0 }, "geometry": { "type": "LineString", "coordinates": [ [ 126.954609, 37.4923065 ], [ 126.9549827, 37.4922992 ] ] } },
{ "type": "Feature", "properties": { "학교": "숭실대", "u": "2825723223", "v": "13324709651", "key": 0, "osmid": "467478848", "name": "상도로68길", "highway": "service", "length": 11.9, "validation_status": "unobserved", "tmap_hit_routes": 0 }, "geometry": { "type": "LineString", "coordinates": [ [ 126.9551177, 37.4922961 ], [ 126.9549827, 37.4922992 ] ] } },
{ "type": "Feature", "properties": { "학교": "숭실대", "u": "2825723251", "v": "2825723287", "key": 0, "osmid": "467478848", "name": "상도로68길", "highway": "service", "length": 9.6, "validation_status": "unobserved", "tmap_hit_routes": 0 }, "geometry": { "type": "LineString", "coordinates": [ [ 126.954888900000014, 37.4931837 ], [ 126.9549982, 37.4931832 ] ] } },
{ "type": "Feature", "properties": { "학교": "숭실대", "u": "2825723251", "v": "13324709651", "key": 0, "osmid": "467478848", "name": "상도로68길", "highway": "service", "length": 158.1, "validation_status": "unobserved", "tmap_hit_routes": 0 }, "geometry": { "type": "LineString", "coordinates": [ [ 126.9551177, 37.4922961 ], [ 126.955332699999985, 37.4922932 ], [ 126.9553794, 37.4922959 ], [ 126.955409700000018, 37.4923097 ], [ 126.9554243, 37.4923288 ], [ 126.95543, 37.4923544 ], [ 126.95542380000002, 37.4926314 ], [ 126.9553982, 37.4931526 ], [ 126.9553891, 37.4931729 ], [ 126.9553687, 37.4931886 ], [ 126.9553393, 37.4931945 ], [ 126.9549982, 37.4931832 ] ] } },
{ "type": "Feature", "properties": { "학교": "숭실대", "u": "10611854823", "v": "2825723404", "key": 0, "osmid": "278148181", "name": "상도로60가길", "highway": "service", "length": 94.5, "validation_status": "validated", "tmap_hit_routes": 1 }, "geometry": { "type": "LineString", "coordinates": [ [ 126.954615300000015, 37.4931561 ], [ 126.954609, 37.4923065 ] ] } },
{ "type": "Feature", "properties": { "학교": "숭실대", "u": "10611854823", "v": "2825723228", "key": 0, "osmid": "467478846", "name": "상도로60길", "highway": "service", "length": 3.5, "validation_status": "unobserved", "tmap_hit_routes": 0 }, "geometry": { "type": "LineString", "coordinates": [ [ 126.954569100000015, 37.492309 ], [ 126.954609, 37.4923065 ] ] } },
{ "type": "Feature", "properties": { "학교": "숭실대", "u": "13324709651", "v": "13324709657", "key": 0, "osmid": "1452931872", "name": "", "highway": "service", "length": 38.0, "validation_status": "unobserved", "tmap_hit_routes": 0 }, "geometry": { "type": "LineString", "coordinates": [ [ 126.9549176, 37.4920864 ], [ 126.955028499999983, 37.4920831 ], [ 126.9550553, 37.4920851 ], [ 126.9550757, 37.4920906 ], [ 126.9550933, 37.4921015 ], [ 126.9551063, 37.4921203 ], [ 126.955110099999985, 37.492152200000014 ], [ 126.9551177, 37.4922961 ] ] } },
{ "type": "Feature", "properties": { "학교": "숭실대", "u": "2825723225", "v": "2825723272", "key": 0, "osmid": "278148188", "name": "", "highway": "service", "length": 45.8, "validation_status": "unobserved", "tmap_hit_routes": 0 }, "geometry": { "type": "LineString", "coordinates": [ [ 126.95192320000001, 37.495446200000011 ], [ 126.9522954, 37.495159 ] ] } },
{ "type": "Feature", "properties": { "학교": "숭실대", "u": "2825723225", "v": "7256876601", "key": 0, "osmid": "278148183", "name": "상도로58길", "highway": "service", "length": 315.1, "validation_status": "validated", "tmap_hit_routes": 2 }, "geometry": { "type": "LineString", "coordinates": [ [ 126.950670200000019, 37.4940359 ], [ 126.951317, 37.4937958 ], [ 126.9518251, 37.4938008 ], [ 126.9524784, 37.4942093 ], [ 126.952597699999984, 37.4943359 ], [ 126.9526335, 37.4943912 ], [ 126.9526339, 37.494448899999988 ], [ 126.952601500000014, 37.494502 ], [ 126.9521493, 37.494873899999988 ], [ 126.952119400000015, 37.4949227 ], [ 126.9521085, 37.4949769 ], [ 126.952123200000017, 37.4950231 ], [ 126.9521576, 37.4950632 ], [ 126.9522174, 37.4951069 ], [ 126.9522954, 37.495159 ] ] } },
{ "type": "Feature", "properties": { "학교": "숭실대", "u": "2825723272", "v": "13296689135", "key": 0, "osmid": "278148189", "name": "상도로56길", "highway": "service", "length": 68.9, "validation_status": "validated", "tmap_hit_routes": 1 }, "geometry": { "type": "LineString", "coordinates": [ [ 126.9524621, 37.4958949 ], [ 126.95192320000001, 37.495446200000011 ] ] } },
{ "type": "Feature", "properties": { "학교": "숭실대", "u": "2825723272", "v": "2825723246", "key": 0, "osmid": "278148189", "name": "상도로56길", "highway": "service", "length": 13.4, "validation_status": "validated", "tmap_hit_routes": 1 }, "geometry": { "type": "LineString", "coordinates": [ [ 126.9518191, 37.4953587 ], [ 126.95192320000001, 37.495446200000011 ] ] } },
{ "type": "Feature", "properties": { "학교": "숭실대", "u": "7256876601", "v": "3958853416", "key": 0, "osmid": "278148183", "name": "상도로58길", "highway": "service", "length": 92.0, "validation_status": "unobserved", "tmap_hit_routes": 0 }, "geometry": { "type": "LineString", "coordinates": [ [ 126.9496464, 37.4939094 ], [ 126.950537, 37.4940495 ], [ 126.950670200000019, 37.4940359 ] ] } },
{ "type": "Feature", "properties": { "학교": "숭실대", "u": "7256876601", "v": "7256876597", "key": 0, "osmid": "777608501", "name": "", "highway": "path", "length": 133.5, "validation_status": "unobserved", "tmap_hit_routes": 0 }, "geometry": { "type": "LineString", "coordinates": [ [ 126.950776499999989, 37.492918699999983 ], [ 126.950685299999989, 37.4930294 ], [ 126.950527, 37.4931953 ], [ 126.950516300000018, 37.4933337 ], [ 126.9505297, 37.4935593 ], [ 126.9506316, 37.4937316 ], [ 126.950670200000019, 37.4940359 ] ] } },
{ "type": "Feature", "properties": { "학교": "숭실대", "u": "2825723228", "v": "13324709401", "key": 0, "osmid": "278148193", "name": "상도로60길", "highway": "service", "length": 82.1, "validation_status": "validated", "tmap_hit_routes": 1 }, "geometry": { "type": "LineString", "coordinates": [ [ 126.9541699, 37.4916487 ], [ 126.9542821, 37.4918025 ], [ 126.9544072, 37.491955 ], [ 126.9544525, 37.492024200000024 ], [ 126.9544861, 37.492116 ], [ 126.9545284, 37.4922467 ], [ 126.954538500000012, 37.4922656 ], [ 126.954569100000015, 37.492309 ] ] } },
{ "type": "Feature", "properties": { "학교": "숭실대", "u": "2825723228", "v": "13317612289", "key": 0, "osmid": "467478846", "name": "상도로60길", "highway": "service", "length": 146.0, "validation_status": "validated", "tmap_hit_routes": 1 }, "geometry": { "type": "LineString", "coordinates": [ [ 126.954208100000017, 37.4933902 ], [ 126.954244800000012, 37.4932085 ], [ 126.954253, 37.4931333 ], [ 126.9542609, 37.492864300000022 ], [ 126.9542574, 37.492663199999988 ], [ 126.95425520000002, 37.4923449 ], [ 126.9542584, 37.4923329 ], [ 126.954270500000021, 37.492322 ], [ 126.954288600000012, 37.4923169 ], [ 126.954569100000015, 37.492309 ] ] } },
{ "type": "Feature", "properties": { "학교": "숭실대", "u": "13324709401", "v": "4408894227", "key": 0, "osmid": "278148193", "name": "상도로60길", "highway": "service", "length": 108.5, "validation_status": "unobserved", "tmap_hit_routes": 0 }, "geometry": { "type": "LineString", "coordinates": [ [ 126.9532341, 37.4910704 ], [ 126.9532629, 37.4910683 ], [ 126.953397, 37.4910896 ], [ 126.953458700000013, 37.4911321 ], [ 126.9535954, 37.4912513 ], [ 126.9537269, 37.4913492 ], [ 126.9538261, 37.4914003 ], [ 126.9539656, 37.4914513 ], [ 126.954018500000018, 37.4914769 ], [ 126.9540535, 37.4915077 ], [ 126.954090800000017, 37.4915508 ], [ 126.9541699, 37.4916487 ] ] } },
{ "type": "Feature", "properties": { "학교": "숭실대", "u": "13324709401", "v": "13324709406", "key": 0, "osmid": "1452931853", "name": "", "highway": "service", "length": 83.5, "validation_status": "validated", "tmap_hit_routes": 1 }, "geometry": { "type": "LineString", "coordinates": [ [ 126.9539241, 37.492195300000013 ], [ 126.9538815, 37.4919922 ], [ 126.953811299999984, 37.4918301 ], [ 126.9538037, 37.4918105 ], [ 126.9538005, 37.4917913 ], [ 126.9538059, 37.4917747 ], [ 126.953817, 37.491764200000013 ], [ 126.9541699, 37.4916487 ] ] } },
{ "type": "Feature", "properties": { "학교": "숭실대", "u": "13317612289", "v": "2825723264", "key": 0, "osmid": "467478846", "name": "상도로60길", "highway": "service", "length": 3.7, "validation_status": "validated", "tmap_hit_routes": 2 }, "geometry": { "type": "LineString", "coordinates": [ [ 126.9542028, 37.4934232 ], [ 126.954208100000017, 37.4933902 ] ] } },
{ "type": "Feature", "properties": { "학교": "숭실대", "u": "13317612289", "v": "10611854831", "key": 0, "osmid": "1138377350", "name": "", "highway": "service", "length": 106.0, "validation_status": "validated", "tmap_hit_routes": 1 }, "geometry": { "type": "LineString", "coordinates": [ [ 126.953397100000018, 37.493021500000012 ], [ 126.9538892, 37.4930854 ], [ 126.9538308, 37.4933342 ], [ 126.954148, 37.4933832 ], [ 126.954208100000017, 37.4933902 ] ] } },
{ "type": "Feature", "properties": { "학교": "숭실대", "u": "2825723240", "v": "4620925483", "key": 0, "osmid": "520704309", "name": "상도로", "highway": "primary", "length": 52.1, "validation_status": "unobserved", "tmap_hit_routes": 0 }, "geometry": { "type": "LineString", "coordinates": [ [ 126.953668400000012, 37.496138 ], [ 126.9533337, 37.496523900000014 ] ] } },
{ "type": "Feature", "properties": { "학교": "숭실대", "u": "2825723240", "v": "11413637615", "key": 0, "osmid": [ 1474731225, 520704309, 1474731223 ], "name": "상도로", "highway": "primary", "length": 113.6, "validation_status": "unobserved", "tmap_hit_routes": 0 }, "geometry": { "type": "LineString", "coordinates": [ [ 126.95261, 37.497369 ], [ 126.9527354, 37.497219200000011 ], [ 126.9528249, 37.4971041 ], [ 126.9531763, 37.4967034 ], [ 126.9533337, 37.496523900000014 ] ] } },
{ "type": "Feature", "properties": { "학교": "숭실대", "u": "11413637615", "v": "11413637939", "key": 0, "osmid": "1230724654", "name": "", "highway": "footway", "length": 10.5, "validation_status": "validated", "tmap_hit_routes": 8 }, "geometry": { "type": "LineString", "coordinates": [ [ 126.952512700000014, 37.497314599999989 ], [ 126.95261, 37.497369 ] ] } },
{ "type": "Feature", "properties": { "학교": "숭실대", "u": "2825723287", "v": "2825723404", "key": 0, "osmid": "467478847", "name": "상도로60길", "highway": "service", "length": 24.7, "validation_status": "unobserved", "tmap_hit_routes": 0 }, "geometry": { "type": "LineString", "coordinates": [ [ 126.954615300000015, 37.4931561 ], [ 126.9546524, 37.4931722 ], [ 126.9546818, 37.4931791 ], [ 126.954888900000014, 37.4931837 ] ] } },
{ "type": "Feature", "properties": { "학교": "숭실대", "u": "2825723287", "v": "2825727126", "key": 0, "osmid": "467478848", "name": "상도로68길", "highway": "service", "length": 145.4, "validation_status": "validated", "tmap_hit_routes": 2 }, "geometry": { "type": "LineString", "coordinates": [ [ 126.9559464, 37.4932835 ], [ 126.955818400000013, 37.4932936 ], [ 126.9557519, 37.493303 ], [ 126.9557198, 37.4933178 ], [ 126.95569540000001, 37.4933385 ], [ 126.9554516, 37.4935999 ], [ 126.9554221, 37.4936218 ], [ 126.955383900000015, 37.493629 ], [ 126.955342, 37.4936243 ], [ 126.9550595, 37.493568500000016 ], [ 126.9549791, 37.4935345 ], [ 126.9549335, 37.4934941 ], [ 126.954892299999983, 37.49335150000001 ], [ 126.9548849, 37.4932726 ], [ 126.954888900000014, 37.4931837 ] ] } },
{ "type": "Feature", "properties": { "학교": "숭실대", "u": "2825723257", "v": "13261401480", "key": 0, "osmid": "278148179", "name": "", "highway": "service", "length": 5.9, "validation_status": "unobserved", "tmap_hit_routes": 0 }, "geometry": { "type": "LineString", "coordinates": [ [ 126.949631, 37.500122700000013 ], [ 126.9495724, 37.500098 ] ] } },
{ "type": "Feature", "properties": { "학교": "숭실대", "u": "13261401480", "v": "2825723281", "key": 0, "osmid": "278148179", "name": "", "highway": "service", "length": 26.3, "validation_status": "unobserved", "tmap_hit_routes": 0 }, "geometry": { "type": "LineString", "coordinates": [ [ 126.9498945, 37.5002336 ], [ 126.949631, 37.500122700000013 ] ] } },
{ "type": "Feature", "properties": { "학교": "숭실대", "u": "13261401480", "v": "13261401489", "key": 0, "osmid": "1445405069", "name": "", "highway": "steps", "length": 91.9, "validation_status": "unobserved", "tmap_hit_routes": 0 }, "geometry": { "type": "LineString", "coordinates": [ [ 126.948705, 37.4998532 ], [ 126.9487399, 37.4998555 ], [ 126.9496009, 37.5001653 ], [ 126.949631, 37.500122700000013 ] ] } },
{ "type": "Feature", "properties": { "학교": "숭실대", "u": "13296689135", "v": "13296689136", "key": 0, "osmid": "1449652799", "name": "", "highway": "service", "length": 32.9, "validation_status": "validated", "tmap_hit_routes": 1 }, "geometry": { "type": "LineString", "coordinates": [ [ 126.9522234, 37.4961225 ], [ 126.9524621, 37.4958949 ] ] } },
{ "type": "Feature", "properties": { "학교": "숭실대", "u": "2825723264", "v": "2825723404", "key": 0, "osmid": "1138377348", "name": "상도로60가길", "highway": "service", "length": 50.8, "validation_status": "validated", "tmap_hit_routes": 1 }, "geometry": { "type": "LineString", "coordinates": [ [ 126.954615300000015, 37.4931561 ], [ 126.9543553, 37.493405899999985 ], [ 126.9543363, 37.493422700000011 ], [ 126.9543114, 37.4934326 ], [ 126.9542776, 37.493436100000025 ], [ 126.9542449, 37.493433400000015 ], [ 126.9542028, 37.4934232 ] ] } },
{ "type": "Feature", "properties": { "학교": "숭실대", "u": "2825723281", "v": "13597219418", "key": 0, "osmid": "278148179", "name": "", "highway": "service", "length": 17.5, "validation_status": "unobserved", "tmap_hit_routes": 0 }, "geometry": { "type": "LineString", "coordinates": [ [ 126.950058100000021, 37.500323 ], [ 126.9498945, 37.5002336 ] ] } },
{ "type": "Feature", "properties": { "학교": "숭실대", "u": "2825723281", "v": "3337436844", "key": 0, "osmid": "327031373", "name": "", "highway": "service", "length": 115.6, "validation_status": "unobserved", "tmap_hit_routes": 0 }, "geometry": { "type": "LineString", "coordinates": [ [ 126.9506282, 37.4993723 ], [ 126.9498945, 37.5002336 ] ] } },
{ "type": "Feature", "properties": { "학교": "숭실대", "u": "13597219418", "v": "13597214694", "key": 0, "osmid": "1482765077", "name": "상도로", "highway": "primary", "length": 114.2, "validation_status": "unobserved", "tmap_hit_routes": 0 }, "geometry": { "type": "LineString", "coordinates": [ [ 126.9493154, 37.5011637 ], [ 126.950058100000021, 37.500323 ] ] } },
{ "type": "Feature", "properties": { "학교": "숭실대", "u": "13597219418", "v": "13597219419", "key": 0, "osmid": [ 1482765075, 1482765076, 1482765077, 1482765071 ], "name": "상도로", "highway": "primary", "length": 204.8, "validation_status": "unobserved", "tmap_hit_routes": 0 }, "geometry": { "type": "LineString", "coordinates": [ [ 126.951367800000014, 37.4988022 ], [ 126.951266100000012, 37.4989176 ], [ 126.951107400000012, 37.4991017 ], [ 126.9505586, 37.4997385 ], [ 126.950058100000021, 37.500323 ] ] } },
{ "type": "Feature", "properties": { "학교": "숭실대", "u": "3337436844", "v": "13281452472", "key": 0, "osmid": "327031372", "name": "상도로50길", "highway": "service", "length": 10.9, "validation_status": "bridged", "tmap_hit_routes": 0 }, "geometry": { "type": "LineString", "coordinates": [ [ 126.950698, 37.4992915 ], [ 126.9506282, 37.4993723 ] ] } },
{ "type": "Feature", "properties": { "학교": "숭실대", "u": "3337436844", "v": "3337436851", "key": 0, "osmid": "327031371", "name": "", "highway": "service", "length": 187.4, "validation_status": "validated", "tmap_hit_routes": 1 }, "geometry": { "type": "LineString", "coordinates": [ [ 126.949919900000012, 37.498298 ], [ 126.9500531, 37.4982878 ], [ 126.9505252, 37.498541 ], [ 126.9505507, 37.4985953 ], [ 126.950531900000016, 37.4986527 ], [ 126.950149300000021, 37.499108 ], [ 126.9506282, 37.4993723 ] ] } },
{ "type": "Feature", "properties": { "학교": "숭실대", "u": "2825726589", "v": "10611854826", "key": 0, "osmid": "1138377349", "name": "", "highway": "service", "length": 35.0, "validation_status": "unobserved", "tmap_hit_routes": 0 }, "geometry": { "type": "LineString", "coordinates": [ [ 126.953795, 37.494034 ], [ 126.9537619, 37.4937201 ] ] } },
{ "type": "Feature", "properties": { "학교": "숭실대", "u": "2825726589", "v": "2825726703", "key": 0, "osmid": [ 467479185, 1450343620, 1450343621, 278148591 ], "name": [ "상도로66길", "상도로62가길" ], "highway": [ "service", "steps" ], "length": 91.6, "validation_status": "unobserved", "tmap_hit_routes": 0 }, "geometry": { "type": "LineString", "coordinates": [ [ 126.953286700000021, 37.4941687 ], [ 126.9532723, 37.4941104 ], [ 126.9532588, 37.4940266 ], [ 126.953256, 37.4939183 ], [ 126.95324410000002, 37.4937872 ], [ 126.953254900000019, 37.4937558 ], [ 126.95329790000001, 37.4937359 ], [ 126.953459, 37.4937315 ], [ 126.9536226, 37.4937262 ], [ 126.9537619, 37.4937201 ] ] } },
{ "type": "Feature", "properties": { "학교": "숭실대", "u": "2825726589", "v": "10611854825", "key": 0, "osmid": "1138377349", "name": "", "highway": "service", "length": 17.7, "validation_status": "unobserved", "tmap_hit_routes": 0 }, "geometry": { "type": "LineString", "coordinates": [ [ 126.9537334, 37.4935635 ], [ 126.9537468, 37.4936851 ], [ 126.9537619, 37.4937201 ] ] } },
{ "type": "Feature", "properties": { "학교": "숭실대", "u": "2825726591", "v": "2825726710", "key": 0, "osmid": "467479185", "name": "상도로66길", "highway": "service", "length": 39.8, "validation_status": "validated", "tmap_hit_routes": 6 }, "geometry": { "type": "LineString", "coordinates": [ [ 126.9554281, 37.4939144 ], [ 126.955284400000011, 37.4938631 ], [ 126.9550092, 37.4937814 ] ] } },
{ "type": "Feature", "properties": { "학교": "숭실대", "u": "2825727126", "v": "11413637692", "key": 0, "osmid": "278148630", "name": "상도로68길", "highway": "service", "length": 1.7, "validation_status": "unobserved", "tmap_hit_routes": 0 }, "geometry": { "type": "LineString", "coordinates": [ [ 126.9559613, 37.4932929 ], [ 126.9559464, 37.4932835 ] ] } },
{ "type": "Feature", "properties": { "학교": "숭실대", "u": "13314251024", "v": "13314251025", "key": 0, "osmid": "1451725913", "name": "", "highway": "service", "length": 17.4, "validation_status": "unobserved", "tmap_hit_routes": 0 }, "geometry": { "type": "LineString", "coordinates": [ [ 126.9531447, 37.4953631 ], [ 126.953340200000014, 37.4953457 ] ] } },
{ "type": "Feature", "properties": { "학교": "숭실대", "u": "13314251024", "v": "13296682682", "key": 0, "osmid": "278148191", "name": "상도로54길", "highway": "service", "length": 42.5, "validation_status": "unobserved", "tmap_hit_routes": 0 }, "geometry": { "type": "LineString", "coordinates": [ [ 126.9531512, 37.4950305 ], [ 126.9532381, 37.4950508 ], [ 126.953268100000017, 37.4950758 ], [ 126.953340200000014, 37.4953457 ] ] } },
{ "type": "Feature", "properties": { "학교": "숭실대", "u": "2825723290", "v": "13261418419", "key": 0, "osmid": "278148180", "name": "상도로38다길", "highway": "service", "length": 94.4, "validation_status": "unobserved", "tmap_hit_routes": 0 }, "geometry": { "type": "LineString", "coordinates": [ [ 126.94862430000002, 37.500007899999986 ], [ 126.9485658, 37.5000826 ], [ 126.9485276, 37.5001399 ], [ 126.9483881, 37.5002819 ], [ 126.9483256, 37.5003697 ], [ 126.948286599999989, 37.5004986 ], [ 126.948254700000021, 37.5006236 ], [ 126.9482534, 37.5006492 ], [ 126.948265600000013, 37.5006793 ], [ 126.948296500000012, 37.5007244 ], [ 126.9483183, 37.500767600000017 ] ] } },
{ "type": "Feature", "properties": { "학교": "숭실대", "u": "2825723290", "v": "10154131883", "key": 0, "osmid": "467543173", "name": "상도로38길", "highway": "service", "length": 43.9, "validation_status": "unobserved", "tmap_hit_routes": 0 }, "geometry": { "type": "LineString", "coordinates": [ [ 126.9486572, 37.5004974 ], [ 126.9485539, 37.5005285 ], [ 126.948405400000013, 37.5006396 ], [ 126.9483671, 37.5006974 ], [ 126.9483183, 37.500767600000017 ] ] } },
{ "type": "Feature", "properties": { "학교": "숭실대", "u": "2825723290", "v": "10154131874", "key": 0, "osmid": [ 467543173, 1444670230 ], "name": "상도로38길", "highway": [ "service", "steps" ], "length": 31.1, "validation_status": "unobserved", "tmap_hit_routes": 0 }, "geometry": { "type": "LineString", "coordinates": [ [ 126.9484735, 37.5010077 ], [ 126.9484342, 37.5009709 ], [ 126.9483908, 37.500928 ], [ 126.9483584, 37.500899900000014 ], [ 126.9483389, 37.5008748 ], [ 126.9483314, 37.500853 ], [ 126.9483183, 37.500767600000017 ] ] } },
{ "type": "Feature", "properties": { "학교": "숭실대", "u": "13261418419", "v": "13261418420", "key": 0, "osmid": "1445405093", "name": "", "highway": "service", "length": 23.4, "validation_status": "unobserved", "tmap_hit_routes": 0 }, "geometry": { "type": "LineString", "coordinates": [ [ 126.9488567, 37.5001093 ], [ 126.94862430000002, 37.500007899999986 ] ] } },
{ "type": "Feature", "properties": { "학교": "숭실대", "u": "13261418419", "v": "13261401479", "key": 0, "osmid": "278148180", "name": "상도로38다길", "highway": "service", "length": 13.8, "validation_status": "unobserved", "tmap_hit_routes": 0 }, "geometry": { "type": "LineString", "coordinates": [ [ 126.948701, 37.499899900000017 ], [ 126.948656200000016, 37.4999671 ], [ 126.94862430000002, 37.500007899999986 ] ] } },
{ "type": "Feature", "properties": { "학교": "숭실대", "u": "10154131883", "v": "10154131884", "key": 0, "osmid": "1109939812", "name": "", "highway": "service", "length": 41.2, "validation_status": "unobserved", "tmap_hit_routes": 0 }, "geometry": { "type": "LineString", "coordinates": [ [ 126.949048600000012, 37.5006997 ], [ 126.9486572, 37.5004974 ] ] } },
{ "type": "Feature", "properties": { "학교": "숭실대", "u": "10154131883", "v": "4621509684", "key": 0, "osmid": "467543173", "name": "상도로38길", "highway": "service", "length": 58.0, "validation_status": "unobserved", "tmap_hit_routes": 0 }, "geometry": { "type": "LineString", "coordinates": [ [ 126.9492653, 37.5003232 ], [ 126.94913080000002, 37.5003886 ], [ 126.9489722, 37.5004204 ], [ 126.948803100000021, 37.5004345 ], [ 126.9486572, 37.5004974 ] ] } },
{ "type": "Feature", "properties": { "학교": "숭실대", "u": "10154131874", "v": "10154131884", "key": 0, "osmid": "1109939810", "name": "", "highway": "service", "length": 62.5, "validation_status": "unobserved", "tmap_hit_routes": 0 }, "geometry": { "type": "LineString", "coordinates": [ [ 126.949048600000012, 37.5006997 ], [ 126.9490049, 37.5007326 ], [ 126.9489707, 37.5007537 ], [ 126.948569, 37.5010014 ], [ 126.948523600000016, 37.5010056 ], [ 126.9484735, 37.5010077 ] ] } },
{ "type": "Feature", "properties": { "학교": "숭실대", "u": "10154131874", "v": "13255700963", "key": 0, "osmid": "1109939810", "name": "", "highway": "service", "length": 36.3, "validation_status": "unobserved", "tmap_hit_routes": 0 }, "geometry": { "type": "LineString", "coordinates": [ [ 126.9481571, 37.501212299999985 ], [ 126.9481964, 37.5012029 ], [ 126.948244300000013, 37.501173500000014 ], [ 126.948430300000012, 37.5010338 ], [ 126.9484735, 37.5010077 ] ] } },
{ "type": "Feature", "properties": { "학교": "숭실대", "u": "10154131874", "v": "4621509675", "key": 0, "osmid": [ 1444670204, 1444670231 ], "name": "상도로38길", "highway": [ "service", "steps" ], "length": 36.1, "validation_status": "unobserved", "tmap_hit_routes": 0 }, "geometry": { "type": "LineString", "coordinates": [ [ 126.9487898, 37.5012141 ], [ 126.948526300000012, 37.5010463 ], [ 126.9484735, 37.5010077 ] ] } },
{ "type": "Feature", "properties": { "학교": "숭실대", "u": "2825724222", "v": "10127668881", "key": 0, "osmid": "278024801", "name": "상도로62길", "highway": "residential", "length": 5.7, "validation_status": "unobserved", "tmap_hit_routes": 0 }, "geometry": { "type": "LineString", "coordinates": [ [ 126.9547247, 37.4949149 ], [ 126.9546703, 37.4948868 ] ] } },
{ "type": "Feature", "properties": { "학교": "숭실대", "u": "2825724222", "v": "2825724223", "key": 0, "osmid": "612099146", "name": "", "highway": "footway", "length": 51.4, "validation_status": "validated", "tmap_hit_routes": 6 }, "geometry": { "type": "LineString", "coordinates": [ [ 126.9543472, 37.4952719 ], [ 126.9546703, 37.4948868 ] ] } },
{ "type": "Feature", "properties": { "학교": "숭실대", "u": "2825724222", "v": "10611854843", "key": 0, "osmid": "612099146", "name": "", "highway": "footway", "length": 46.1, "validation_status": "validated", "tmap_hit_routes": 6 }, "geometry": { "type": "LineString", "coordinates": [ [ 126.9549584, 37.4945409 ], [ 126.9546703, 37.4948868 ] ] } },
{ "type": "Feature", "properties": { "학교": "숭실대", "u": "10127668881", "v": "10611854844", "key": 0, "osmid": "220064934", "name": "상도로", "highway": "primary", "length": 45.9, "validation_status": "unobserved", "tmap_hit_routes": 0 }, "geometry": { "type": "LineString", "coordinates": [ [ 126.955021400000021, 37.4945754 ], [ 126.9547247, 37.4949149 ] ] } },
{ "type": "Feature", "properties": { "학교": "숭실대", "u": "2825724223", "v": "11413637566", "key": 0, "osmid": "612099146", "name": "", "highway": "footway", "length": 44.5, "validation_status": "validated", "tmap_hit_routes": 12 }, "geometry": { "type": "LineString", "coordinates": [ [ 126.9540535, 37.4955977 ], [ 126.9543472, 37.4952719 ] ] } },
{ "type": "Feature", "properties": { "학교": "숭실대", "u": "10611854843", "v": "10611854838", "key": 0, "osmid": "612099146", "name": "", "highway": "footway", "length": 19.5, "validation_status": "validated", "tmap_hit_routes": 5 }, "geometry": { "type": "LineString", "coordinates": [ [ 126.955077, 37.4943933 ], [ 126.9549584, 37.4945409 ] ] } },
{ "type": "Feature", "properties": { "학교": "숭실대", "u": "10611854843", "v": "10611854844", "key": 0, "osmid": "1138377352", "name": "", "highway": "service", "length": 6.8, "validation_status": "unobserved", "tmap_hit_routes": 0 }, "geometry": { "type": "LineString", "coordinates": [ [ 126.955021400000021, 37.4945754 ], [ 126.9549584, 37.4945409 ] ] } },
{ "type": "Feature", "properties": { "학교": "숭실대", "u": "10611854843", "v": "10611854840", "key": 0, "osmid": "1138377352", "name": "", "highway": "service", "length": 65.2, "validation_status": "validated", "tmap_hit_routes": 6 }, "geometry": { "type": "LineString", "coordinates": [ [ 126.9542401, 37.4944369 ], [ 126.954292400000014, 37.4944349 ], [ 126.9544624, 37.4944334 ], [ 126.95471520000001, 37.4944693 ], [ 126.9549584, 37.4945409 ] ] } },
{ "type": "Feature", "properties": { "학교": "숭실대", "u": "2825726703", "v": "2825726706", "key": 0, "osmid": "278148590", "name": "상도로62가길", "highway": "service", "length": 36.6, "validation_status": "unobserved", "tmap_hit_routes": 0 }, "geometry": { "type": "LineString", "coordinates": [ [ 126.95288650000002, 37.4942561 ], [ 126.953286700000021, 37.4941687 ] ] } },
{ "type": "Feature", "properties": { "학교": "숭실대", "u": "2825726590", "v": "2825726599", "key": 0, "osmid": "278148592", "name": "상도로", "highway": "service", "length": 8.0, "validation_status": "unobserved", "tmap_hit_routes": 0 }, "geometry": { "type": "LineString", "coordinates": [ [ 126.9552729, 37.4942559 ], [ 126.9551921, 37.494222400000027 ] ] } },
{ "type": "Feature", "properties": { "학교": "숭실대", "u": "2825726590", "v": "10611854838", "key": 0, "osmid": "612099146", "name": "", "highway": "footway", "length": 21.5, "validation_status": "validated", "tmap_hit_routes": 6 }, "geometry": { "type": "LineString", "coordinates": [ [ 126.955077, 37.4943933 ], [ 126.9551921, 37.494222400000027 ] ] } },
{ "type": "Feature", "properties": { "학교": "숭실대", "u": "2825726590", "v": "2825726710", "key": 0, "osmid": "612099146", "name": "", "highway": "footway", "length": 40.1, "validation_status": "validated", "tmap_hit_routes": 6 }, "geometry": { "type": "LineString", "coordinates": [ [ 126.9554281, 37.4939144 ], [ 126.9551921, 37.494222400000027 ] ] } },
{ "type": "Feature", "properties": { "학교": "숭실대", "u": "2825726599", "v": "10611854839", "key": 0, "osmid": "220064934", "name": "상도로", "highway": "primary", "length": 21.7, "validation_status": "unobserved", "tmap_hit_routes": 0 }, "geometry": { "type": "LineString", "coordinates": [ [ 126.9551456, 37.494423 ], [ 126.9552729, 37.4942559 ] ] } },
{ "type": "Feature", "properties": { "학교": "숭실대", "u": "2825726599", "v": "2825726704", "key": 0, "osmid": "220064934", "name": "상도로", "highway": "primary", "length": 40.2, "validation_status": "unobserved", "tmap_hit_routes": 0 }, "geometry": { "type": "LineString", "coordinates": [ [ 126.9555264, 37.4939555 ], [ 126.9554082, 37.4940945 ], [ 126.9552729, 37.4942559 ] ] } },
{ "type": "Feature", "properties": { "학교": "숭실대", "u": "10611854838", "v": "10611854839", "key": 0, "osmid": "1138377351", "name": "", "highway": "service", "length": 6.9, "validation_status": "unobserved", "tmap_hit_routes": 0 }, "geometry": { "type": "LineString", "coordinates": [ [ 126.9551456, 37.494423 ], [ 126.955077, 37.4943933 ] ] } },
{ "type": "Feature", "properties": { "학교": "숭실대", "u": "2825726710", "v": "2825726704", "key": 0, "osmid": "467479185", "name": "상도로66길", "highway": "service", "length": 9.8, "validation_status": "unobserved", "tmap_hit_routes": 0 }, "geometry": { "type": "LineString", "coordinates": [ [ 126.9555264, 37.4939555 ], [ 126.9554281, 37.4939144 ] ] } },
{ "type": "Feature", "properties": { "학교": "숭실대", "u": "2825726710", "v": "11413637692", "key": 0, "osmid": "612099146", "name": "", "highway": "footway", "length": 83.6, "validation_status": "validated", "tmap_hit_routes": 5 }, "geometry": { "type": "LineString", "coordinates": [ [ 126.9559613, 37.4932929 ], [ 126.9557965, 37.4935049 ], [ 126.9554281, 37.4939144 ] ] } },
{ "type": "Feature", "properties": { "학교": "숭실대", "u": "10611854839", "v": "10611854844", "key": 0, "osmid": "220064934", "name": "상도로", "highway": "primary", "length": 20.2, "validation_status": "unobserved", "tmap_hit_routes": 0 }, "geometry": { "type": "LineString", "coordinates": [ [ 126.955021400000021, 37.4945754 ], [ 126.9551456, 37.494423 ] ] } },
{ "type": "Feature", "properties": { "학교": "숭실대", "u": "11413637819", "v": "11413637870", "key": 0, "osmid": "612099144", "name": "", "highway": "footway", "length": 45.0, "validation_status": "validated", "tmap_hit_routes": 2 }, "geometry": { "type": "LineString", "coordinates": [ [ 126.957165800000013, 37.4909426 ], [ 126.9569603, 37.490852 ], [ 126.9568368, 37.490794 ], [ 126.956733700000015, 37.4907292 ] ] } },
{ "type": "Feature", "properties": { "학교": "숭실대", "u": "11413637528", "v": "11413637910", "key": 0, "osmid": "612099146", "name": "", "highway": "footway", "length": 5.3, "validation_status": "validated", "tmap_hit_routes": 3 }, "geometry": { "type": "LineString", "coordinates": [ [ 126.9560471, 37.4909432 ], [ 126.9560891, 37.4909779 ] ] } },
{ "type": "Feature", "properties": { "학교": "숭실대", "u": "2825727773", "v": "4619539837", "key": 0, "osmid": "278148743", "name": "청림3나길", "highway": "residential", "length": 51.6, "validation_status": "unobserved", "tmap_hit_routes": 0 }, "geometry": { "type": "LineString", "coordinates": [ [ 126.9581761, 37.4891921 ], [ 126.9582464, 37.489221 ], [ 126.958388600000021, 37.489257200000019 ], [ 126.958465899999979, 37.4893186 ], [ 126.958624299999983, 37.4894684 ] ] } },
{ "type": "Feature", "properties": { "학교": "숭실대", "u": "4619539837", "v": "8537501420", "key": 0, "osmid": "278148743", "name": "청림3나길", "highway": "residential", "length": 50.1, "validation_status": "validated", "tmap_hit_routes": 1 }, "geometry": { "type": "LineString", "coordinates": [ [ 126.9576715, 37.4889855 ], [ 126.9578575, 37.4890614 ], [ 126.9581761, 37.4891921 ] ] } },
{ "type": "Feature", "properties": { "학교": "숭실대", "u": "4619539837", "v": "8537416816", "key": 0, "osmid": "467306988", "name": "관악로38길", "highway": "service", "length": 153.0, "validation_status": "validated", "tmap_hit_routes": 2 }, "geometry": { "type": "LineString", "coordinates": [ [ 126.957081700000018, 37.4898833 ], [ 126.957458300000013, 37.4900013 ], [ 126.958019, 37.489551499999983 ], [ 126.95813, 37.4894977 ], [ 126.9581084, 37.4893046 ], [ 126.9581761, 37.4891921 ] ] } },
{ "type": "Feature", "properties": { "학교": "숭실대", "u": "11413637870", "v": "2825728935", "key": 0, "osmid": "278148944", "name": "청림3마길", "highway": "residential", "length": 11.9, "validation_status": "validated", "tmap_hit_routes": 1 }, "geometry": { "type": "LineString", "coordinates": [ [ 126.9572442, 37.4908557 ], [ 126.957165800000013, 37.4909426 ] ] } },
{ "type": "Feature", "properties": { "학교": "숭실대", "u": "2825728929", "v": "2825728946", "key": 0, "osmid": "278148949", "name": "청림3마길", "highway": "service", "length": 10.2, "validation_status": "unobserved", "tmap_hit_routes": 0 }, "geometry": { "type": "LineString", "coordinates": [ [ 126.957895, 37.4911811 ], [ 126.957997, 37.491223600000019 ] ] } },
{ "type": "Feature", "properties": { "학교": "숭실대", "u": "2825728946", "v": "2825728935", "key": 0, "osmid": "278148949", "name": "청림3마길", "highway": "service", "length": 68.2, "validation_status": "unobserved", "tmap_hit_routes": 0 }, "geometry": { "type": "LineString", "coordinates": [ [ 126.9572442, 37.4908557 ], [ 126.9575084, 37.4910211 ], [ 126.957895, 37.4911811 ] ] } },
{ "type": "Feature", "properties": { "학교": "숭실대", "u": "2825728935", "v": "4619539838", "key": 0, "osmid": "278148944", "name": "청림3마길", "highway": "residential", "length": 76.7, "validation_status": "validated", "tmap_hit_routes": 1 }, "geometry": { "type": "LineString", "coordinates": [ [ 126.95802740000002, 37.4909282 ], [ 126.958018, 37.490919 ], [ 126.9577954, 37.4908083 ], [ 126.9576693, 37.4907551 ], [ 126.9576318, 37.490753 ], [ 126.957409499999983, 37.4908299 ], [ 126.9572442, 37.4908557 ] ] } },
{ "type": "Feature", "properties": { "학교": "숭실대", "u": "4619539838", "v": "4619539841", "key": 0, "osmid": "467306989", "name": "청림3마길", "highway": "service", "length": 68.8, "validation_status": "unobserved", "tmap_hit_routes": 0 }, "geometry": { "type": "LineString", "coordinates": [ [ 126.95868590000002, 37.4906094 ], [ 126.9583234, 37.4908317 ], [ 126.958221800000018, 37.4908509 ], [ 126.95802740000002, 37.4909282 ] ] } },
{ "type": "Feature", "properties": { "학교": "숭실대", "u": "4626902908", "v": "4621478353", "key": 0, "osmid": "467539855", "name": "상도로39가길", "highway": "service", "length": 78.5, "validation_status": "unobserved", "tmap_hit_routes": 0 }, "geometry": { "type": "LineString", "coordinates": [ [ 126.9490524, 37.5028891 ], [ 126.94954820000001, 37.5023033 ] ] } },
{ "type": "Feature", "properties": { "학교": "숭실대", "u": "2825730231", "v": "4621482143", "key": 0, "osmid": "278145990", "name": "상도로41가길", "highway": "residential", "length": 34.8, "validation_status": "unobserved", "tmap_hit_routes": 0 }, "geometry": { "type": "LineString", "coordinates": [ [ 126.950262200000012, 37.5033365 ], [ 126.9502826, 37.5036491 ] ] } },
{ "type": "Feature", "properties": { "학교": "숭실대", "u": "2825730231", "v": "11871139992", "key": 0, "osmid": "278145990", "name": "상도로41가길", "highway": "residential", "length": 21.5, "validation_status": "unobserved", "tmap_hit_routes": 0 }, "geometry": { "type": "LineString", "coordinates": [ [ 126.950291399999983, 37.503842500000019 ], [ 126.9502826, 37.5036491 ] ] } },
{ "type": "Feature", "properties": { "학교": "숭실대", "u": "2825730231", "v": "10712384714", "key": 0, "osmid": "278149000", "name": "양녕로", "highway": "service", "length": 86.5, "validation_status": "unobserved", "tmap_hit_routes": 0 }, "geometry": { "type": "LineString", "coordinates": [ [ 126.949365, 37.5038749 ], [ 126.9493758, 37.5038666 ], [ 126.9494613, 37.5038172 ], [ 126.9497616, 37.5037103 ], [ 126.9500776, 37.5036463 ], [ 126.9502826, 37.5036491 ] ] } },
{ "type": "Feature", "properties": { "학교": "숭실대", "u": "4621482143", "v": "4621482136", "key": 0, "osmid": "467540390", "name": "상도로41라길", "highway": "service", "length": 202.8, "validation_status": "unobserved", "tmap_hit_routes": 0 }, "geometry": { "type": "LineString", "coordinates": [ [ 126.9517241, 37.5041422 ], [ 126.9513572, 37.5039796 ], [ 126.9510371, 37.504065 ], [ 126.9509449, 37.5040589 ], [ 126.9506401, 37.503744 ], [ 126.9506014, 37.503668899999987 ], [ 126.950624100000013, 37.5035915 ], [ 126.950709, 37.503417 ], [ 126.950684099999989, 37.5033508 ], [ 126.950262200000012, 37.5033365 ] ] } },
{ "type": "Feature", "properties": { "학교": "숭실대", "u": "11871139992", "v": "2829147721", "key": 0, "osmid": "278145990", "name": "상도로41가길", "highway": "residential", "length": 33.1, "validation_status": "unobserved", "tmap_hit_routes": 0 }, "geometry": { "type": "LineString", "coordinates": [ [ 126.95030340000001, 37.5041398 ], [ 126.950291399999983, 37.503842500000019 ] ] } },
{ "type": "Feature", "properties": { "학교": "숭실대", "u": "11871139992", "v": "11871139989", "key": 0, "osmid": "1278716117", "name": "", "highway": "service", "length": 60.3, "validation_status": "unobserved", "tmap_hit_routes": 0 }, "geometry": { "type": "LineString", "coordinates": [ [ 126.9496431, 37.5039799 ], [ 126.9498978, 37.5038773 ], [ 126.9500779, 37.5038458 ], [ 126.950291399999983, 37.503842500000019 ] ] } },
{ "type": "Feature", "properties": { "학교": "숭실대", "u": "4621469140", "v": "4621469171", "key": 0, "osmid": "467538891", "name": "", "highway": "steps", "length": 19.5, "validation_status": "unobserved", "tmap_hit_routes": 0 }, "geometry": { "type": "LineString", "coordinates": [ [ 126.9508288, 37.501366800000014 ], [ 126.950646800000015, 37.5012666 ] ] } },
{ "type": "Feature", "properties": { "학교": "숭실대", "u": "4621469140", "v": "4621471425", "key": 0, "osmid": "744062051", "name": "상도로47가길", "highway": "service", "length": 41.0, "validation_status": "unobserved", "tmap_hit_routes": 0 }, "geometry": { "type": "LineString", "coordinates": [ [ 126.950924700000016, 37.5009709 ], [ 126.950646800000015, 37.5012666 ] ] } },
{ "type": "Feature", "properties": { "학교": "숭실대", "u": "4621496740", "v": "10265961154", "key": 0, "osmid": "467541937", "name": "상도로", "highway": "service", "length": 107.4, "validation_status": "unobserved", "tmap_hit_routes": 0 }, "geometry": { "type": "LineString", "coordinates": [ [ 126.9478883, 37.5038191 ], [ 126.9488877, 37.5043703 ] ] } },
{ "type": "Feature", "properties": { "학교": "숭실대", "u": "4621471425", "v": "6963036776", "key": 0, "osmid": "467539125", "name": "상도로47가길", "highway": "service", "length": 19.3, "validation_status": "unobserved", "tmap_hit_routes": 0 }, "geometry": { "type": "LineString", "coordinates": [ [ 126.9511004, 37.501074100000011 ], [ 126.9510108, 37.501023800000013 ], [ 126.950924700000016, 37.5009709 ] ] } },
{ "type": "Feature", "properties": { "학교": "숭실대", "u": "2825731302", "v": "2825731332", "key": 0, "osmid": "278149103", "name": "상도로47다길", "highway": "service", "length": 63.5, "validation_status": "unobserved", "tmap_hit_routes": 0 }, "geometry": { "type": "LineString", "coordinates": [ [ 126.953176, 37.5003816 ], [ 126.9532297, 37.500518699999986 ], [ 126.9532271, 37.500634 ], [ 126.9531634, 37.5007334 ], [ 126.953014700000011, 37.5008952 ] ] } },
{ "type": "Feature", "properties": { "학교": "숭실대", "u": "2825731332", "v": "2825731303", "key": 0, "osmid": "467538720", "name": "상도로53길", "highway": "service", "length": 18.1, "validation_status": "validated", "tmap_hit_routes": 1 }, "geometry": { "type": "LineString", "coordinates": [ [ 126.9529995, 37.5002985 ], [ 126.9530751, 37.5003399 ], [ 126.953176, 37.5003816 ] ] } },
{ "type": "Feature", "properties": { "학교": "숭실대", "u": "2825731303", "v": "6963036773", "key": 0, "osmid": "744062049", "name": "", "highway": "steps", "length": 24.6, "validation_status": "unobserved", "tmap_hit_routes": 0 }, "geometry": { "type": "LineString", "coordinates": [ [ 126.9532392, 37.5001859 ], [ 126.953121200000012, 37.50024550000002 ], [ 126.9529995, 37.5002985 ] ] } },
{ "type": "Feature", "properties": { "학교": "숭실대", "u": "6963036773", "v": "6963036774", "key": 0, "osmid": "744062048", "name": "상도로47나길", "highway": "service", "length": 40.4, "validation_status": "validated", "tmap_hit_routes": 3 }, "geometry": { "type": "LineString", "coordinates": [ [ 126.953668400000012, 37.5003115 ], [ 126.9532392, 37.5001859 ] ] } },
{ "type": "Feature", "properties": { "학교": "숭실대", "u": "2825738321", "v": "11413637809", "key": 0, "osmid": "278150001", "name": "", "highway": "residential", "length": 14.6, "validation_status": "unobserved", "tmap_hit_routes": 0 }, "geometry": { "type": "LineString", "coordinates": [ [ 126.9500704, 37.4975212 ], [ 126.9499962, 37.497403399999982 ] ] } },
{ "type": "Feature", "properties": { "학교": "숭실대", "u": "2825738321", "v": "11413637873", "key": 0, "osmid": "1230724666", "name": "", "highway": "service", "length": 4.8, "validation_status": "unobserved", "tmap_hit_routes": 0 }, "geometry": { "type": "LineString", "coordinates": [ [ 126.9499416, 37.4974045 ], [ 126.9499962, 37.497403399999982 ] ] } },
{ "type": "Feature", "properties": { "학교": "숭실대", "u": "11413637809", "v": "13195507460", "key": 0, "osmid": "278150001", "name": "", "highway": "residential", "length": 275.7, "validation_status": "unobserved", "tmap_hit_routes": 0 }, "geometry": { "type": "LineString", "coordinates": [ [ 126.9491658, 37.499290200000026 ], [ 126.949172200000021, 37.4992271 ], [ 126.9491414, 37.499089799999986 ], [ 126.9490949, 37.498957300000015 ], [ 126.9490879, 37.4988757 ], [ 126.9491442, 37.4985743 ], [ 126.9492348, 37.4984077 ], [ 126.949247500000013, 37.4981873 ], [ 126.9492739, 37.4980921 ], [ 126.949377100000021, 37.4980218 ], [ 126.949555100000012, 37.4979967 ], [ 126.949691200000018, 37.4980399 ], [ 126.9498681, 37.4980734 ], [ 126.9499497, 37.4980513 ], [ 126.950048699999982, 37.4980076 ], [ 126.9501945, 37.4979141 ], [ 126.9502341, 37.4978775 ], [ 126.950243, 37.4978417 ], [ 126.950235, 37.497807 ], [ 126.9501994, 37.4977465 ], [ 126.9500704, 37.4975212 ] ] } },
{ "type": "Feature", "properties": { "학교": "숭실대", "u": "11413637809", "v": "11413637803", "key": 0, "osmid": [ 1230724700, 1230724694 ], "name": "", "highway": "footway", "length": 31.8, "validation_status": "unobserved", "tmap_hit_routes": 0 }, "geometry": { "type": "LineString", "coordinates": [ [ 126.9501986, 37.4973297 ], [ 126.950065100000018, 37.4973959 ], [ 126.9501203, 37.497506100000017 ], [ 126.9500704, 37.4975212 ] ] } },
{ "type": "Feature", "properties": { "학교": "숭실대", "u": "11413637809", "v": "11413637873", "key": 0, "osmid": [ 1230724632, 1230724672, 1230724700 ], "name": "", "highway": "footway", "length": 26.0, "validation_status": "unobserved", "tmap_hit_routes": 0 }, "geometry": { "type": "LineString", "coordinates": [ [ 126.9499416, 37.4974045 ], [ 126.949932500000017, 37.4974986 ], [ 126.9499746, 37.4975142 ], [ 126.950003600000016, 37.4975496 ], [ 126.9500704, 37.4975212 ] ] } },
{ "type": "Feature", "properties": { "학교": "숭실대", "u": "11413637873", "v": "10570464798", "key": 0, "osmid": "1230724632", "name": "", "highway": "footway", "length": 12.5, "validation_status": "validated", "tmap_hit_routes": 2 }, "geometry": { "type": "LineString", "coordinates": [ [ 126.949952600000017, 37.4972923 ], [ 126.9499416, 37.4974045 ] ] } },
{ "type": "Feature", "properties": { "학교": "숭실대", "u": "11413637873", "v": "11413637802", "key": 0, "osmid": "1230724666", "name": "", "highway": "service", "length": 40.7, "validation_status": "validated", "tmap_hit_routes": 1 }, "geometry": { "type": "LineString", "coordinates": [ [ 126.9494808, 37.4974092 ], [ 126.9499416, 37.4974045 ] ] } },
{ "type": "Feature", "properties": { "학교": "숭실대", "u": "2826156911", "v": "2826160254", "key": 0, "osmid": "278199767", "name": "사당로2차길", "highway": "residential", "length": 21.7, "validation_status": "unobserved", "tmap_hit_routes": 0 }, "geometry": { "type": "LineString", "coordinates": [ [ 126.9649279, 37.4878843 ], [ 126.9647642, 37.4878311 ], [ 126.9646957, 37.4878236 ] ] } },
{ "type": "Feature", "properties": { "학교": "숭실대", "u": "2826156911", "v": "2826160232", "key": 0, "osmid": "278199770", "name": "사당로2자길", "highway": "residential", "length": 130.4, "validation_status": "unobserved", "tmap_hit_routes": 0 }, "geometry": { "type": "LineString", "coordinates": [ [ 126.964448200000021, 37.4889561 ], [ 126.9644481, 37.4888944 ], [ 126.964483, 37.4887667 ], [ 126.964587200000011, 37.4886164 ], [ 126.9646144, 37.4885347 ], [ 126.964587200000011, 37.4884164 ], [ 126.9645769, 37.4882985 ], [ 126.964627400000012, 37.4879928 ], [ 126.9646957, 37.4878236 ] ] } },
{ "type": "Feature", "properties": { "학교": "숭실대", "u": "2826156911", "v": "2826156918", "key": 0, "osmid": "467307118", "name": "사당로2가길", "highway": "residential", "length": 126.9, "validation_status": "unobserved", "tmap_hit_routes": 0 }, "geometry": { "type": "LineString", "coordinates": [ [ 126.963637600000013, 37.4884994 ], [ 126.9636912, 37.4884057 ], [ 126.963728800000013, 37.4882908 ], [ 126.9637971, 37.4882312 ], [ 126.9639044, 37.4881503 ], [ 126.964384600000017, 37.4878801 ], [ 126.964581, 37.4878324 ], [ 126.9646957, 37.4878236 ] ] } },
{ "type": "Feature", "properties": { "학교": "숭실대", "u": "2826160254", "v": "4195610579", "key": 0, "osmid": "278199767", "name": "사당로2차길", "highway": "residential", "length": 49.3, "validation_status": "unobserved", "tmap_hit_routes": 0 }, "geometry": { "type": "LineString", "coordinates": [ [ 126.965325900000011, 37.4875731 ], [ 126.9649279, 37.4878843 ] ] } },
{ "type": "Feature", "properties": { "학교": "숭실대", "u": "2826160254", "v": "4195610579", "key": 1, "osmid": "419513783", "name": "사당로2차길", "highway": "service", "length": 165.2, "validation_status": "unobserved", "tmap_hit_routes": 0 }, "geometry": { "type": "LineString", "coordinates": [ [ 126.965325900000011, 37.4875731 ], [ 126.96555530000002, 37.487769900000011 ], [ 126.965832600000013, 37.4876721 ], [ 126.9658973, 37.4878359 ], [ 126.965422800000013, 37.4879728 ], [ 126.9652164, 37.4879582 ], [ 126.9649279, 37.4878843 ] ] } },
{ "type": "Feature", "properties": { "학교": "숭실대", "u": "2826160232", "v": "8482842642", "key": 0, "osmid": "278199770", "name": "사당로2자길", "highway": "residential", "length": 51.7, "validation_status": "unobserved", "tmap_hit_routes": 0 }, "geometry": { "type": "LineString", "coordinates": [ [ 126.964598800000019, 37.4894043 ], [ 126.9645899, 37.4893741 ], [ 126.9645416, 37.489289 ], [ 126.964448200000021, 37.4889561 ] ] } },
{ "type": "Feature", "properties": { "학교": "숭실대", "u": "2826160232", "v": "2826156918", "key": 0, "osmid": "913258394", "name": "", "highway": "service", "length": 89.0, "validation_status": "unobserved", "tmap_hit_routes": 0 }, "geometry": { "type": "LineString", "coordinates": [ [ 126.963637600000013, 37.4884994 ], [ 126.9637263, 37.488576 ], [ 126.9638416, 37.488625 ], [ 126.9640213, 37.4887314 ], [ 126.964147399999987, 37.4888165 ], [ 126.96423320000001, 37.4888867 ], [ 126.964292200000017, 37.4889165 ], [ 126.964448200000021, 37.4889561 ] ] } },
{ "type": "Feature", "properties": { "학교": "숭실대", "u": "2826156918", "v": "4619539872", "key": 0, "osmid": "467307118", "name": "사당로2가길", "highway": "residential", "length": 5.3, "validation_status": "unobserved", "tmap_hit_routes": 0 }, "geometry": { "type": "LineString", "coordinates": [ [ 126.9635918, 37.4885306 ], [ 126.963637600000013, 37.4884994 ] ] } },
{ "type": "Feature", "properties": { "학교": "숭실대", "u": "4619539872", "v": "8482842646", "key": 0, "osmid": "467306994", "name": "사당로2다길", "highway": "residential", "length": 85.3, "validation_status": "unobserved", "tmap_hit_routes": 0 }, "geometry": { "type": "LineString", "coordinates": [ [ 126.9632329, 37.4892426 ], [ 126.9635918, 37.4885306 ] ] } },
{ "type": "Feature", "properties": { "학교": "숭실대", "u": "4619539872", "v": "8482842647", "key": 0, "osmid": "467307118", "name": "사당로2가길", "highway": "residential", "length": 92.9, "validation_status": "unobserved", "tmap_hit_routes": 0 }, "geometry": { "type": "LineString", "coordinates": [ [ 126.962876200000011, 37.4891072 ], [ 126.9629995, 37.4888995 ], [ 126.9630907, 37.4887973 ], [ 126.9631926, 37.4887292 ], [ 126.9635252, 37.488576 ], [ 126.9635918, 37.4885306 ] ] } },
{ "type": "Feature", "properties": { "학교": "숭실대", "u": "2826156923", "v": "5406793565", "key": 0, "osmid": "467307118", "name": "사당로2가길", "highway": "residential", "length": 88.1, "validation_status": "validated", "tmap_hit_routes": 1 }, "geometry": { "type": "LineString", "coordinates": [ [ 126.9624265, 37.4899623 ], [ 126.9620848, 37.4907064 ] ] } },
{ "type": "Feature", "properties": { "학교": "숭실대", "u": "5406793565", "v": "4619539868", "key": 0, "osmid": "467307118", "name": "사당로2가길", "highway": "residential", "length": 4.1, "validation_status": "unobserved", "tmap_hit_routes": 0 }, "geometry": { "type": "LineString", "coordinates": [ [ 126.9624503, 37.489931 ], [ 126.9624265, 37.4899623 ] ] } },
{ "type": "Feature", "properties": { "학교": "숭실대", "u": "5406793565", "v": "5406793587", "key": 0, "osmid": "560659941", "name": "동작충효길", "highway": "path", "length": 445.3, "validation_status": "validated", "tmap_hit_routes": 2 }, "geometry": { "type": "LineString", "coordinates": [ [ 126.9623021, 37.493693500000013 ], [ 126.9620548, 37.493672 ], [ 126.9619712, 37.493497 ], [ 126.961977200000021, 37.4933026 ], [ 126.9620028, 37.4931093 ], [ 126.9619947, 37.4929111 ], [ 126.9619286, 37.492738900000013 ], [ 126.9619493, 37.492541600000017 ], [ 126.9619412, 37.4923618 ], [ 126.9619557, 37.4921714 ], [ 126.9619237, 37.491982600000014 ], [ 126.9619568, 37.4917982 ], [ 126.961932200000021, 37.4916046 ], [ 126.9619955, 37.4914164 ], [ 126.96203580000001, 37.491222900000011 ], [ 126.9621074, 37.4910466 ], [ 126.9621677, 37.490907 ], [ 126.9622115, 37.4907064 ], [ 126.9622704, 37.4905383 ], [ 126.9623488, 37.4903295 ], [ 126.962408199999985, 37.4901518 ], [ 126.9624506, 37.4899642 ], [ 126.9624265, 37.4899623 ] ] } },
{ "type": "Feature", "properties": { "학교": "숭실대", "u": "2826160217", "v": "2826160240", "key": 0, "osmid": "278199770", "name": "사당로2자길", "highway": "residential", "length": 15.9, "validation_status": "unobserved", "tmap_hit_routes": 0 }, "geometry": { "type": "LineString", "coordinates": [ [ 126.964743100000021, 37.4901191 ], [ 126.9647589, 37.4899764 ] ] } },
{ "type": "Feature", "properties": { "학교": "숭실대", "u": "2826160217", "v": "8482842642", "key": 0, "osmid": "278199770", "name": "사당로2자길", "highway": "residential", "length": 76.0, "validation_status": "unobserved", "tmap_hit_routes": 0 }, "geometry": { "type": "LineString", "coordinates": [ [ 126.964598800000019, 37.4894043 ], [ 126.9646409, 37.4895465 ], [ 126.9646999, 37.4895976 ], [ 126.964769600000011, 37.4896465 ], [ 126.9648505, 37.4897031 ], [ 126.964878299999981, 37.489745 ], [ 126.9648908, 37.4897946 ], [ 126.964847399999982, 37.4898705 ], [ 126.9648045, 37.48992 ], [ 126.964779, 37.4899556 ], [ 126.9647589, 37.4899764 ] ] } },
{ "type": "Feature", "properties": { "학교": "숭실대", "u": "2826160217", "v": "8482842639", "key": 0, "osmid": "913176117", "name": "", "highway": "service", "length": 94.5, "validation_status": "unobserved", "tmap_hit_routes": 0 }, "geometry": { "type": "LineString", "coordinates": [ [ 126.9644335, 37.4894192 ], [ 126.964278799999988, 37.489850800000013 ], [ 126.9647589, 37.4899764 ] ] } },
{ "type": "Feature", "properties": { "학교": "숭실대", "u": "2826160240", "v": "2826160290", "key": 0, "osmid": "278199770", "name": "사당로2자길", "highway": "residential", "length": 6.2, "validation_status": "unobserved", "tmap_hit_routes": 0 }, "geometry": { "type": "LineString", "coordinates": [ [ 126.96472, 37.4901721 ], [ 126.964743100000021, 37.4901191 ] ] } },
{ "type": "Feature", "properties": { "학교": "숭실대", "u": "2826160240", "v": "8482789903", "key": 0, "osmid": "913174409", "name": "", "highway": "residential", "length": 112.4, "validation_status": "unobserved", "tmap_hit_routes": 0 }, "geometry": { "type": "LineString", "coordinates": [ [ 126.965702, 37.4894677 ], [ 126.965551499999989, 37.4895119 ], [ 126.965319500000021, 37.4896784 ], [ 126.965099600000016, 37.4898381 ], [ 126.964743100000021, 37.4901191 ] ] } },
{ "type": "Feature", "properties": { "학교": "숭실대", "u": "8482842642", "v": "8482842639", "key": 0, "osmid": "913176120", "name": "", "highway": "residential", "length": 14.7, "validation_status": "unobserved", "tmap_hit_routes": 0 }, "geometry": { "type": "LineString", "coordinates": [ [ 126.9644335, 37.4894192 ], [ 126.964598800000019, 37.4894043 ] ] } },
{ "type": "Feature", "properties": { "학교": "숭실대", "u": "8482842639", "v": "8482842637", "key": 0, "osmid": "913176120", "name": "", "highway": "residential", "length": 31.6, "validation_status": "unobserved", "tmap_hit_routes": 0 }, "geometry": { "type": "LineString", "coordinates": [ [ 126.9640774, 37.4894513 ], [ 126.9644335, 37.4894192 ] ] } },
{ "type": "Feature", "properties": { "학교": "숭실대", "u": "2826160290", "v": "8482827910", "key": 0, "osmid": "467306993", "name": "사당로2아길", "highway": "residential", "length": 44.6, "validation_status": "unobserved", "tmap_hit_routes": 0 }, "geometry": { "type": "LineString", "coordinates": [ [ 126.964247200000017, 37.4900292 ], [ 126.96472, 37.4901721 ] ] } },
{ "type": "Feature", "properties": { "학교": "숭실대", "u": "2826160290", "v": "8482827907", "key": 0, "osmid": "278199770", "name": "사당로2자길", "highway": "residential", "length": 82.5, "validation_status": "unobserved", "tmap_hit_routes": 0 }, "geometry": { "type": "LineString", "coordinates": [ [ 126.964379600000015, 37.4908613 ], [ 126.964496, 37.4905588 ], [ 126.9646831, 37.4902426 ], [ 126.96472, 37.4901721 ] ] } },
{ "type": "Feature", "properties": { "학교": "숭실대", "u": "8482789903", "v": "3713452980", "key": 0, "osmid": "521118329", "name": "사당로", "highway": "primary", "length": 116.9, "validation_status": "unobserved", "tmap_hit_routes": 0 }, "geometry": { "type": "LineString", "coordinates": [ [ 126.966195900000017, 37.4884959 ], [ 126.9657959, 37.4893597 ], [ 126.965702, 37.4894677 ] ] } },
{ "type": "Feature", "properties": { "학교": "숭실대", "u": "8482827910", "v": "8482827900", "key": 0, "osmid": "467306993", "name": "사당로2아길", "highway": "residential", "length": 29.1, "validation_status": "unobserved", "tmap_hit_routes": 0 }, "geometry": { "type": "LineString", "coordinates": [ [ 126.963939100000019, 37.4899361 ], [ 126.964247200000017, 37.4900292 ] ] } },
{ "type": "Feature", "properties": { "학교": "숭실대", "u": "8482827910", "v": "8482827908", "key": 0, "osmid": "913175261", "name": "", "highway": "service", "length": 85.4, "validation_status": "unobserved", "tmap_hit_routes": 0 }, "geometry": { "type": "LineString", "coordinates": [ [ 126.9639612, 37.4907623 ], [ 126.963986500000019, 37.4906808 ], [ 126.964247200000017, 37.4900292 ] ] } },
{ "type": "Feature", "properties": { "학교": "숭실대", "u": "8482827907", "v": "8482827908", "key": 0, "osmid": "913175260", "name": "", "highway": "service", "length": 38.5, "validation_status": "unobserved", "tmap_hit_routes": 0 }, "geometry": { "type": "LineString", "coordinates": [ [ 126.9639612, 37.4907623 ], [ 126.964379600000015, 37.4908613 ] ] } },
{ "type": "Feature", "properties": { "학교": "숭실대", "u": "8482827907", "v": "8482827916", "key": 0, "osmid": "278199770", "name": "사당로2자길", "highway": "residential", "length": 110.5, "validation_status": "unobserved", "tmap_hit_routes": 0 }, "geometry": { "type": "LineString", "coordinates": [ [ 126.96382, 37.4917325 ], [ 126.9639543, 37.491613 ], [ 126.9640535, 37.4915279 ], [ 126.964142, 37.4914129 ], [ 126.9641849, 37.4913299 ], [ 126.9642869, 37.4911022 ], [ 126.964379600000015, 37.4908613 ] ] } },
{ "type": "Feature", "properties": { "학교": "숭실대", "u": "2828072308", "v": "4140716861", "key": 0, "osmid": "278439046", "name": "", "highway": "service", "length": 49.0, "validation_status": "unobserved", "tmap_hit_routes": 0 }, "geometry": { "type": "LineString", "coordinates": [ [ 126.9504634, 37.490302 ], [ 126.9501475, 37.489939600000014 ] ] } },
{ "type": "Feature", "properties": { "학교": "숭실대", "u": "2828072308", "v": "7604130044", "key": 0, "osmid": "278439050", "name": "", "highway": "service", "length": 47.8, "validation_status": "unobserved", "tmap_hit_routes": 0 }, "geometry": { "type": "LineString", "coordinates": [ [ 126.94970170000002, 37.4901835 ], [ 126.9501475, 37.489939600000014 ] ] } },
{ "type": "Feature", "properties": { "학교": "숭실대", "u": "2828072308", "v": "11413637927", "key": 0, "osmid": "278439051", "name": "", "highway": "service", "length": 111.2, "validation_status": "unobserved", "tmap_hit_routes": 0 }, "geometry": { "type": "LineString", "coordinates": [ [ 126.9511043, 37.4892892 ], [ 126.9501475, 37.489939600000014 ] ] } },
{ "type": "Feature", "properties": { "학교": "숭실대", "u": "2828072308", "v": "7604130039", "key": 0, "osmid": "472322240", "name": "", "highway": "footway", "length": 79.5, "validation_status": "unobserved", "tmap_hit_routes": 0 }, "geometry": { "type": "LineString", "coordinates": [ [ 126.9496762, 37.4893303 ], [ 126.9501475, 37.489939600000014 ] ] } },
{ "type": "Feature", "properties": { "학교": "숭실대", "u": "4140716861", "v": "2828072312", "key": 0, "osmid": "278439046", "name": "", "highway": "service", "length": 7.9, "validation_status": "unobserved", "tmap_hit_routes": 0 }, "geometry": { "type": "LineString", "coordinates": [ [ 126.9505108, 37.49036250000001 ], [ 126.9504634, 37.490302 ] ] } },
{ "type": "Feature", "properties": { "학교": "숭실대", "u": "4140716861", "v": "11413637737", "key": 0, "osmid": "412719649", "name": "", "highway": "service", "length": 127.9, "validation_status": "unobserved", "tmap_hit_routes": 0 }, "geometry": { "type": "LineString", "coordinates": [ [ 126.9514001, 37.48942430000001 ], [ 126.9504634, 37.490302 ] ] } },
{ "type": "Feature", "properties": { "학교": "숭실대", "u": "7604130044", "v": "2828072314", "key": 0, "osmid": "278439050", "name": "", "highway": "service", "length": 69.4, "validation_status": "unobserved", "tmap_hit_routes": 0 }, "geometry": { "type": "LineString", "coordinates": [ [ 126.948973, 37.4904179 ], [ 126.94970170000002, 37.4901835 ] ] } },
{ "type": "Feature", "properties": { "학교": "숭실대", "u": "7604130044", "v": "7604130043", "key": 0, "osmid": "814032386", "name": "", "highway": "service", "length": 32.3, "validation_status": "unobserved", "tmap_hit_routes": 0 }, "geometry": { "type": "LineString", "coordinates": [ [ 126.949546, 37.4899461 ], [ 126.9495717, 37.4899363 ], [ 126.94970170000002, 37.4901835 ] ] } },
{ "type": "Feature", "properties": { "학교": "숭실대", "u": "11413637927", "v": "2828072318", "key": 0, "osmid": "278439051", "name": "", "highway": "service", "length": 14.5, "validation_status": "unobserved", "tmap_hit_routes": 0 }, "geometry": { "type": "LineString", "coordinates": [ [ 126.9512198, 37.489197500000017 ], [ 126.9511612, 37.4892505 ], [ 126.9511043, 37.4892892 ] ] } },
{ "type": "Feature", "properties": { "학교": "숭실대", "u": "11413637927", "v": "11413637829", "key": 0, "osmid": [ 1230724605, 1230724646 ], "name": "", "highway": "footway", "length": 15.7, "validation_status": "unobserved", "tmap_hit_routes": 0 }, "geometry": { "type": "LineString", "coordinates": [ [ 126.9512612, 37.4893363 ], [ 126.9511559, 37.48932940000001 ], [ 126.9511043, 37.4892892 ] ] } },
{ "type": "Feature", "properties": { "학교": "숭실대", "u": "11413637927", "v": "11413637628", "key": 0, "osmid": [ 1230724698, 814425804, 1230724646 ], "name": "", "highway": "footway", "length": 22.2, "validation_status": "unobserved", "tmap_hit_routes": 0 }, "geometry": { "type": "LineString", "coordinates": [ [ 126.951095, 37.4891287 ], [ 126.9510308, 37.48920020000002 ], [ 126.951037400000018, 37.489238900000011 ], [ 126.9511043, 37.4892892 ] ] } },
{ "type": "Feature", "properties": { "학교": "숭실대", "u": "7604130039", "v": "7604130032", "key": 0, "osmid": [ 814032384, 814032381, 472322240 ], "name": "", "highway": [ "footway", "service" ], "length": 101.0, "validation_status": "unobserved", "tmap_hit_routes": 0 }, "geometry": { "type": "LineString", "coordinates": [ [ 126.950268800000018, 37.488673 ], [ 126.949853600000012, 37.4890097 ], [ 126.9496855, 37.48907220000001 ], [ 126.949704299999979, 37.4891929 ], [ 126.949629500000015, 37.489265 ], [ 126.9496762, 37.4893303 ] ] } },
{ "type": "Feature", "properties": { "학교": "숭실대", "u": "7604130039", "v": "7604130043", "key": 0, "osmid": "814032385", "name": "", "highway": "footway", "length": 86.8, "validation_status": "unobserved", "tmap_hit_routes": 0 }, "geometry": { "type": "LineString", "coordinates": [ [ 126.949546, 37.4899461 ], [ 126.9493498, 37.489562500000012 ], [ 126.949390400000013, 37.4894693 ], [ 126.9495814, 37.4893936 ], [ 126.9496762, 37.4893303 ] ] } },
{ "type": "Feature", "properties": { "학교": "숭실대", "u": "2828072309", "v": "7831305679", "key": 0, "osmid": "278439046", "name": "", "highway": "service", "length": 31.9, "validation_status": "unobserved", "tmap_hit_routes": 0 }, "geometry": { "type": "LineString", "coordinates": [ [ 126.950713100000016, 37.490662 ], [ 126.9509086, 37.4909038 ] ] } },
{ "type": "Feature", "properties": { "학교": "숭실대", "u": "2828072309", "v": "11413637516", "key": 0, "osmid": [ 278439047, 839216799 ], "name": "", "highway": "service", "length": 171.7, "validation_status": "unobserved", "tmap_hit_routes": 0 }, "geometry": { "type": "LineString", "coordinates": [ [ 126.9521723, 37.4898883 ], [ 126.9516301, 37.4903132 ], [ 126.9517271, 37.490409 ], [ 126.9509086, 37.4909038 ] ] } },
{ "type": "Feature", "properties": { "학교": "숭실대", "u": "2828072309", "v": "2828072328", "key": 0, "osmid": [ 278439048, 472321050 ], "name": "", "highway": [ "footway", "service" ], "length": 168.1, "validation_status": "unobserved", "tmap_hit_routes": 0 }, "geometry": { "type": "LineString", "coordinates": [ [ 126.9491847, 37.4913772 ], [ 126.9492108, 37.4914323 ], [ 126.9495177, 37.4913728 ], [ 126.9502815, 37.4911622 ], [ 126.9509086, 37.4909038 ] ] } },
{ "type": "Feature", "properties": { "학교": "숭실대", "u": "7831305679", "v": "2828072312", "key": 0, "osmid": "278439046", "name": "", "highway": "service", "length": 37.8, "validation_status": "unobserved", "tmap_hit_routes": 0 }, "geometry": { "type": "LineString", "coordinates": [ [ 126.9505108, 37.49036250000001 ], [ 126.950713100000016, 37.490662 ] ] } },
{ "type": "Feature", "properties": { "학교": "숭실대", "u": "7831305679", "v": "11413637574", "key": 0, "osmid": "839216800", "name": "", "highway": "service", "length": 150.1, "validation_status": "unobserved", "tmap_hit_routes": 0 }, "geometry": { "type": "LineString", "coordinates": [ [ 126.952030600000015, 37.489808 ], [ 126.950713100000016, 37.490662 ] ] } },
{ "type": "Feature", "properties": { "학교": "숭실대", "u": "7831305679", "v": "7831305681", "key": 0, "osmid": "839216801", "name": "", "highway": "service", "length": 131.6, "validation_status": "unobserved", "tmap_hit_routes": 0 }, "geometry": { "type": "LineString", "coordinates": [ [ 126.9493936, 37.491213700000017 ], [ 126.950713100000016, 37.490662 ] ] } },
{ "type": "Feature", "properties": { "학교": "숭실대", "u": "11413637516", "v": "7831305678", "key": 0, "osmid": "839216799", "name": "", "highway": "service", "length": 8.9, "validation_status": "unobserved", "tmap_hit_routes": 0 }, "geometry": { "type": "LineString", "coordinates": [ [ 126.952243900000013, 37.4898322 ], [ 126.9521723, 37.4898883 ] ] } },
{ "type": "Feature", "properties": { "학교": "숭실대", "u": "11413637516", "v": "7607455970", "key": 0, "osmid": "1230724605", "name": "", "highway": "footway", "length": 75.6, "validation_status": "unobserved", "tmap_hit_routes": 0 }, "geometry": { "type": "LineString", "coordinates": [ [ 126.9528658, 37.4901947 ], [ 126.952616, 37.4900316 ], [ 126.9525432, 37.4900746 ], [ 126.9524538, 37.490049399999982 ], [ 126.9522622, 37.4899323 ], [ 126.9521723, 37.4898883 ] ] } },
{ "type": "Feature", "properties": { "학교": "숭실대", "u": "11413637516", "v": "11413637574", "key": 0, "osmid": "1230724605", "name": "", "highway": "footway", "length": 15.4, "validation_status": "unobserved", "tmap_hit_routes": 0 }, "geometry": { "type": "LineString", "coordinates": [ [ 126.952030600000015, 37.489808 ], [ 126.9520775, 37.4898276 ], [ 126.9521723, 37.4898883 ] ] } },
{ "type": "Feature", "properties": { "학교": "숭실대", "u": "2828072328", "v": "4140716857", "key": 0, "osmid": "278439056", "name": "", "highway": "service", "length": 6.7, "validation_status": "unobserved", "tmap_hit_routes": 0 }, "geometry": { "type": "LineString", "coordinates": [ [ 126.949111300000013, 37.491394 ], [ 126.9491847, 37.4913772 ] ] } },
{ "type": "Feature", "properties": { "학교": "숭실대", "u": "2828072312", "v": "2828072313", "key": 0, "osmid": "278439049", "name": "", "highway": "service", "length": 15.8, "validation_status": "unobserved", "tmap_hit_routes": 0 }, "geometry": { "type": "LineString", "coordinates": [ [ 126.9506639, 37.4902888 ], [ 126.9505108, 37.49036250000001 ] ] } },
{ "type": "Feature", "properties": { "학교": "숭실대", "u": "2828072318", "v": "11413588667", "key": 0, "osmid": "278439051", "name": "", "highway": "service", "length": 3.4, "validation_status": "unobserved", "tmap_hit_routes": 0 }, "geometry": { "type": "LineString", "coordinates": [ [ 126.9512419, 37.4891723 ], [ 126.9512198, 37.489197500000017 ] ] } },
{ "type": "Feature", "properties": { "학교": "숭실대", "u": "2828072318", "v": "11413637924", "key": 0, "osmid": "278439052", "name": "", "highway": "service", "length": 12.6, "validation_status": "unobserved", "tmap_hit_routes": 0 }, "geometry": { "type": "LineString", "coordinates": [ [ 126.95133, 37.48927 ], [ 126.9512198, 37.489197500000017 ] ] } },
{ "type": "Feature", "properties": { "학교": "숭실대", "u": "2828072318", "v": "11413637628", "key": 0, "osmid": "278439054", "name": "", "highway": "service", "length": 13.4, "validation_status": "unobserved", "tmap_hit_routes": 0 }, "geometry": { "type": "LineString", "coordinates": [ [ 126.951095, 37.4891287 ], [ 126.9512198, 37.489197500000017 ] ] } },
{ "type": "Feature", "properties": { "학교": "숭실대", "u": "11413588667", "v": "3980846361", "key": 0, "osmid": "278439051", "name": "", "highway": "service", "length": 23.2, "validation_status": "unobserved", "tmap_hit_routes": 0 }, "geometry": { "type": "LineString", "coordinates": [ [ 126.9513931, 37.489002100000015 ], [ 126.9512419, 37.4891723 ] ] } },
{ "type": "Feature", "properties": { "학교": "숭실대", "u": "11413588667", "v": "11413637822", "key": 0, "osmid": "1230724655", "name": "", "highway": "footway", "length": 12.9, "validation_status": "unobserved", "tmap_hit_routes": 0 }, "geometry": { "type": "LineString", "coordinates": [ [ 126.9513577, 37.4892432 ], [ 126.9512419, 37.4891723 ] ] } },
{ "type": "Feature", "properties": { "학교": "숭실대", "u": "11413588667", "v": "11413637903", "key": 0, "osmid": "1230724655", "name": "", "highway": "footway", "length": 13.2, "validation_status": "unobserved", "tmap_hit_routes": 0 }, "geometry": { "type": "LineString", "coordinates": [ [ 126.9511232, 37.4890998 ], [ 126.9512419, 37.4891723 ] ] } },
{ "type": "Feature", "properties": { "학교": "숭실대", "u": "11413637924", "v": "4140716862", "key": 0, "osmid": "278439052", "name": "", "highway": "service", "length": 15.8, "validation_status": "unobserved", "tmap_hit_routes": 0 }, "geometry": { "type": "LineString", "coordinates": [ [ 126.9514679, 37.4893608 ], [ 126.95133, 37.48927 ] ] } },
{ "type": "Feature", "properties": { "학교": "숭실대", "u": "11413637924", "v": "11413637829", "key": 0, "osmid": "1230724629", "name": "", "highway": "footway", "length": 9.5, "validation_status": "unobserved", "tmap_hit_routes": 0 }, "geometry": { "type": "LineString", "coordinates": [ [ 126.9512612, 37.4893363 ], [ 126.95133, 37.48927 ] ] } },
{ "type": "Feature", "properties": { "학교": "숭실대", "u": "11413637924", "v": "11413637822", "key": 0, "osmid": "1230724629", "name": "", "highway": "footway", "length": 3.9, "validation_status": "unobserved", "tmap_hit_routes": 0 }, "geometry": { "type": "LineString", "coordinates": [ [ 126.9513577, 37.4892432 ], [ 126.95133, 37.48927 ] ] } },
{ "type": "Feature", "properties": { "학교": "숭실대", "u": "11413637628", "v": "7604130032", "key": 0, "osmid": "278439054", "name": "", "highway": "service", "length": 88.8, "validation_status": "unobserved", "tmap_hit_routes": 0 }, "geometry": { "type": "LineString", "coordinates": [ [ 126.950268800000018, 37.488673 ], [ 126.951095, 37.4891287 ] ] } },
{ "type": "Feature", "properties": { "학교": "숭실대", "u": "11413637628", "v": "11413637903", "key": 0, "osmid": "814425804", "name": "", "highway": "footway", "length": 4.1, "validation_status": "unobserved", "tmap_hit_routes": 0 }, "geometry": { "type": "LineString", "coordinates": [ [ 126.9511232, 37.4890998 ], [ 126.951095, 37.4891287 ] ] } },
{ "type": "Feature", "properties": { "학교": "숭실대", "u": "4140716857", "v": "4140716854", "key": 0, "osmid": "412719646", "name": "", "highway": "service", "length": 58.3, "validation_status": "unobserved", "tmap_hit_routes": 0 }, "geometry": { "type": "LineString", "coordinates": [ [ 126.9492806, 37.4919007 ], [ 126.949111300000013, 37.491394 ] ] } },
{ "type": "Feature", "properties": { "학교": "숭실대", "u": "4621486059", "v": "13005797931", "key": 0, "osmid": "467540933", "name": "상도로47아길", "highway": "service", "length": 11.6, "validation_status": "unobserved", "tmap_hit_routes": 0 }, "geometry": { "type": "LineString", "coordinates": [ [ 126.9527088, 37.5036296 ], [ 126.9527099, 37.503734 ] ] } },
{ "type": "Feature", "properties": { "학교": "숭실대", "u": "4621486059", "v": "4621486053", "key": 0, "osmid": "467540933", "name": "상도로47아길", "highway": "service", "length": 61.3, "validation_status": "unobserved", "tmap_hit_routes": 0 }, "geometry": { "type": "LineString", "coordinates": [ [ 126.9526029, 37.5042788 ], [ 126.9527099, 37.503734 ] ] } },
{ "type": "Feature", "properties": { "학교": "숭실대", "u": "2886858282", "v": "10265961153", "key": 0, "osmid": "467541938", "name": "상도로", "highway": "service", "length": 51.1, "validation_status": "unobserved", "tmap_hit_routes": 0 }, "geometry": { "type": "LineString", "coordinates": [ [ 126.9477461, 37.5039862 ], [ 126.9472607, 37.5037354 ] ] } },
{ "type": "Feature", "properties": { "학교": "숭실대", "u": "10265961153", "v": "10265961154", "key": 0, "osmid": "1122453739", "name": "", "highway": "service", "length": 22.4, "validation_status": "unobserved", "tmap_hit_routes": 0 }, "geometry": { "type": "LineString", "coordinates": [ [ 126.9478883, 37.5038191 ], [ 126.9477461, 37.5039862 ] ] } },
{ "type": "Feature", "properties": { "학교": "숭실대", "u": "13322228149", "v": "2890319302", "key": 0, "osmid": "1381099026", "name": "", "highway": "residential", "length": 26.2, "validation_status": "unobserved", "tmap_hit_routes": 0 }, "geometry": { "type": "LineString", "coordinates": [ [ 126.95892520000001, 37.4949881 ], [ 126.9588637, 37.4947575 ] ] } },
{ "type": "Feature", "properties": { "학교": "숭실대", "u": "13322228149", "v": "12794885931", "key": 0, "osmid": [ 1382013421, 1382013422 ], "name": "", "highway": "footway", "length": 389.5, "validation_status": "validated", "tmap_hit_routes": 11 }, "geometry": { "type": "LineString", "coordinates": [ [ 126.954681500000021, 37.4955484 ], [ 126.958636, 37.4949792 ], [ 126.9586558, 37.494889 ], [ 126.9587105, 37.494816 ], [ 126.958795899999984, 37.4947684 ], [ 126.9588637, 37.4947575 ] ] } },
{ "type": "Feature", "properties": { "학교": "숭실대", "u": "13322228149", "v": "13322228150", "key": 0, "osmid": [ 1382013422, 1382013455 ], "name": "", "highway": "footway", "length": 67.4, "validation_status": "validated", "tmap_hit_routes": 5 }, "geometry": { "type": "LineString", "coordinates": [ [ 126.9595316, 37.4948503 ], [ 126.9591402, 37.4949066 ], [ 126.9590882, 37.494824 ], [ 126.9589952, 37.494768900000011 ], [ 126.9588956, 37.494752400000017 ], [ 126.9588637, 37.4947575 ] ] } },
{ "type": "Feature", "properties": { "학교": "숭실대", "u": "13322228115", "v": "13322228150", "key": 0, "osmid": "278148277", "name": "상도로61길", "highway": "residential", "length": 54.7, "validation_status": "validated", "tmap_hit_routes": 5 }, "geometry": { "type": "LineString", "coordinates": [ [ 126.9595316, 37.4948503 ], [ 126.9595239, 37.4948105 ], [ 126.95946, 37.494567099999983 ], [ 126.9594279, 37.494502500000017 ], [ 126.9593546, 37.4944677 ], [ 126.9592721, 37.4944575 ] ] } },
{ "type": "Feature", "properties": { "학교": "숭실대", "u": "13322228115", "v": "13322228122", "key": 0, "osmid": "1452649880", "name": "", "highway": "service", "length": 26.5, "validation_status": "unobserved", "tmap_hit_routes": 0 }, "geometry": { "type": "LineString", "coordinates": [ [ 126.9590948, 37.4943039 ], [ 126.9590986, 37.4943359 ], [ 126.9591151, 37.494367 ], [ 126.9591586, 37.4943876 ], [ 126.95919840000002, 37.4943946 ], [ 126.959237, 37.4944001 ], [ 126.9592667, 37.49441860000001 ], [ 126.9592721, 37.4944575 ] ] } },
{ "type": "Feature", "properties": { "학교": "숭실대", "u": "13149390530", "v": "13149390529", "key": 0, "osmid": "1381653396", "name": "", "highway": "footway", "length": 114.5, "validation_status": "validated", "tmap_hit_routes": 1 }, "geometry": { "type": "LineString", "coordinates": [ [ 126.955408500000019, 37.495602 ], [ 126.9566841, 37.49541 ] ] } },
{ "type": "Feature", "properties": { "학교": "숭실대", "u": "13149390530", "v": "13149390531", "key": 0, "osmid": "1381653396", "name": "", "highway": "footway", "length": 201.5, "validation_status": "validated", "tmap_hit_routes": 31 }, "geometry": { "type": "LineString", "coordinates": [ [ 126.9589286, 37.4950721 ], [ 126.9566841, 37.49541 ] ] } },
{ "type": "Feature", "properties": { "학교": "숭실대", "u": "2890319302", "v": "13149390531", "key": 0, "osmid": "1381098993", "name": "", "highway": "service", "length": 9.3, "validation_status": "unobserved", "tmap_hit_routes": 0 }, "geometry": { "type": "LineString", "coordinates": [ [ 126.9589286, 37.4950721 ], [ 126.95892520000001, 37.4949881 ] ] } },
{ "type": "Feature", "properties": { "학교": "숭실대", "u": "13149390531", "v": "12791616330", "key": 0, "osmid": "1381653396", "name": "", "highway": "footway", "length": 137.9, "validation_status": "validated", "tmap_hit_routes": 20 }, "geometry": { "type": "LineString", "coordinates": [ [ 126.960464500000015, 37.4948409 ], [ 126.9589286, 37.4950721 ] ] } },
{ "type": "Feature", "properties": { "학교": "숭실대", "u": "5406793616", "v": "5406793593", "key": 0, "osmid": "560659940", "name": "동작충효길", "highway": "path", "length": 8.8, "validation_status": "validated", "tmap_hit_routes": 9 }, "geometry": { "type": "LineString", "coordinates": [ [ 126.962953, 37.4945168 ], [ 126.9630446, 37.4945479 ] ] } },
{ "type": "Feature", "properties": { "학교": "숭실대", "u": "5406793616", "v": "5406793629", "key": 0, "osmid": "560659940", "name": "동작충효길", "highway": "path", "length": 270.0, "validation_status": "validated", "tmap_hit_routes": 1 }, "geometry": { "type": "LineString", "coordinates": [ [ 126.96546, 37.4932563 ], [ 126.9652826, 37.493206499999978 ], [ 126.9651099, 37.493193100000013 ], [ 126.9650473, 37.4932215 ], [ 126.9648778, 37.493333800000016 ], [ 126.964763399999981, 37.4933919 ], [ 126.9646466, 37.4934626 ], [ 126.9645228, 37.4935741 ], [ 126.9644511, 37.4936542 ], [ 126.9642447, 37.493834300000017 ], [ 126.9640278, 37.4939415 ], [ 126.9639353, 37.4939829 ], [ 126.963870700000015, 37.49403 ], [ 126.9637162, 37.4941452 ], [ 126.9635316, 37.4942656 ], [ 126.963338800000017, 37.4943612 ], [ 126.9630446, 37.4945479 ] ] } },
{ "type": "Feature", "properties": { "학교": "숭실대", "u": "3021942862", "v": "7256876618", "key": 0, "osmid": "331197231", "name": "", "highway": "footway", "length": 207.3, "validation_status": "unobserved", "tmap_hit_routes": 0 }, "geometry": { "type": "LineString", "coordinates": [ [ 126.947512500000016, 37.4957464 ], [ 126.947368200000014, 37.4953826 ], [ 126.9473867, 37.4951602 ], [ 126.9473744, 37.4948595 ], [ 126.9472634, 37.4941873 ], [ 126.9474021, 37.4939281 ] ] } },
{ "type": "Feature", "properties": { "학교": "숭실대", "u": "3021942862", "v": "3382528801", "key": 0, "osmid": "331197231", "name": "", "highway": "footway", "length": 104.2, "validation_status": "unobserved", "tmap_hit_routes": 0 }, "geometry": { "type": "LineString", "coordinates": [ [ 126.9484841, 37.49366160000001 ], [ 126.947925900000016, 37.4936886 ], [ 126.9475654, 37.4937888 ], [ 126.9474021, 37.4939281 ] ] } },
{ "type": "Feature", "properties": { "학교": "숭실대", "u": "7256876618", "v": "3382528798", "key": 0, "osmid": "777608502", "name": "", "highway": "path", "length": 297.1, "validation_status": "unobserved", "tmap_hit_routes": 0 }, "geometry": { "type": "LineString", "coordinates": [ [ 126.9488625, 37.4936715 ], [ 126.9486817, 37.4937944 ], [ 126.9484081, 37.4937944 ], [ 126.9481882, 37.4939689 ], [ 126.948021900000015, 37.4941307 ], [ 126.9476839, 37.4942583 ], [ 126.9475444, 37.4946414 ], [ 126.9475015, 37.4949053 ], [ 126.947565900000015, 37.4951223 ], [ 126.947512500000016, 37.4957464 ] ] } },
{ "type": "Feature", "properties": { "학교": "숭실대", "u": "3382528801", "v": "3382528800", "key": 0, "osmid": "331197230", "name": "", "highway": "service", "length": 55.2, "validation_status": "unobserved", "tmap_hit_routes": 0 }, "geometry": { "type": "LineString", "coordinates": [ [ 126.9478673, 37.493578600000014 ], [ 126.9484841, 37.49366160000001 ] ] } },
{ "type": "Feature", "properties": { "학교": "숭실대", "u": "3382528801", "v": "3382528798", "key": 0, "osmid": "331197230", "name": "", "highway": "service", "length": 33.8, "validation_status": "unobserved", "tmap_hit_routes": 0 }, "geometry": { "type": "LineString", "coordinates": [ [ 126.9488625, 37.4936715 ], [ 126.9487023, 37.493691 ], [ 126.9484841, 37.49366160000001 ] ] } },
{ "type": "Feature", "properties": { "학교": "숭실대", "u": "13281452472", "v": "13281452478", "key": 0, "osmid": "1447543645", "name": "", "highway": "service", "length": 64.3, "validation_status": "validated", "tmap_hit_routes": 1 }, "geometry": { "type": "LineString", "coordinates": [ [ 126.9504624, 37.4988896 ], [ 126.9503617, 37.4990235 ], [ 126.9503475, 37.4990479 ], [ 126.9503404, 37.4990818 ], [ 126.9503487, 37.4991072 ], [ 126.9503611, 37.4991228 ], [ 126.950698, 37.4992915 ] ] } },
{ "type": "Feature", "properties": { "학교": "숭실대", "u": "3337436851", "v": "3337436856", "key": 0, "osmid": "327031371", "name": "", "highway": "service", "length": 84.9, "validation_status": "unobserved", "tmap_hit_routes": 0 }, "geometry": { "type": "LineString", "coordinates": [ [ 126.949552399999988, 37.4984576 ], [ 126.9494103, 37.4983746 ], [ 126.949391500000019, 37.4983129 ], [ 126.949533700000018, 37.4981384 ], [ 126.949606100000011, 37.498140500000027 ], [ 126.949919900000012, 37.498298 ] ] } },
{ "type": "Feature", "properties": { "학교": "숭실대", "u": "3337436851", "v": "3337436860", "key": 0, "osmid": "327031375", "name": "", "highway": "service", "length": 83.4, "validation_status": "validated", "tmap_hit_routes": 1 }, "geometry": { "type": "LineString", "coordinates": [ [ 126.950019200000014, 37.4988534 ], [ 126.9501962, 37.498647 ], [ 126.9499923, 37.4985236 ], [ 126.9498394, 37.4984171 ], [ 126.949919900000012, 37.498298 ] ] } },
{ "type": "Feature", "properties": { "학교": "숭실대", "u": "11413637596", "v": "13597219419", "key": 0, "osmid": [ 1230724664, 1230724618 ], "name": "", "highway": "footway", "length": 16.7, "validation_status": "unobserved", "tmap_hit_routes": 0 }, "geometry": { "type": "LineString", "coordinates": [ [ 126.951367800000014, 37.4988022 ], [ 126.9512783, 37.4987439 ], [ 126.9513266, 37.4987001 ] ] } },
{ "type": "Feature", "properties": { "학교": "숭실대", "u": "3382528795", "v": "3382528798", "key": 0, "osmid": "331197230", "name": "", "highway": "service", "length": 92.7, "validation_status": "unobserved", "tmap_hit_routes": 0 }, "geometry": { "type": "LineString", "coordinates": [ [ 126.9488625, 37.4936715 ], [ 126.9490381, 37.4935175 ], [ 126.9493154, 37.49328770000001 ], [ 126.9493757, 37.4929832 ] ] } },
{ "type": "Feature", "properties": { "학교": "숭실대", "u": "3382528795", "v": "7256876661", "key": 0, "osmid": [ 1133800923, 1133800924 ], "name": "상도로50길", "highway": "residential", "length": 46.0, "validation_status": "unobserved", "tmap_hit_routes": 0 }, "geometry": { "type": "LineString", "coordinates": [ [ 126.949539500000014, 37.4933754 ], [ 126.949509, 37.4933144 ], [ 126.9493757, 37.4929832 ] ] } },
{ "type": "Feature", "properties": { "학교": "숭실대", "u": "3382528798", "v": "7256876661", "key": 0, "osmid": "777608499", "name": "", "highway": "path", "length": 70.3, "validation_status": "validated", "tmap_hit_routes": 1 }, "geometry": { "type": "LineString", "coordinates": [ [ 126.949539500000014, 37.4933754 ], [ 126.949387699999988, 37.49339410000001 ], [ 126.9492476, 37.4935231 ], [ 126.9490572, 37.4935954 ], [ 126.9488625, 37.4936715 ] ] } },
{ "type": "Feature", "properties": { "학교": "숭실대", "u": "7256876661", "v": "7256876600", "key": 0, "osmid": "777608499", "name": "", "highway": "path", "length": 184.8, "validation_status": "unobserved", "tmap_hit_routes": 0 }, "geometry": { "type": "LineString", "coordinates": [ [ 126.9508159, 37.4925462 ], [ 126.9505002, 37.4926271 ], [ 126.9500577, 37.492765500000019 ], [ 126.949829699999981, 37.4928634 ], [ 126.949808200000021, 37.4929889 ], [ 126.9498967, 37.4931038 ], [ 126.9499852, 37.4932294 ], [ 126.949931600000014, 37.4933124 ], [ 126.949539500000014, 37.4933754 ] ] } },
{ "type": "Feature", "properties": { "학교": "숭실대", "u": "7256876661", "v": "3958853416", "key": 0, "osmid": [ 1133800924, 278024797 ], "name": "상도로50길", "highway": "residential", "length": 61.2, "validation_status": "validated", "tmap_hit_routes": 1 }, "geometry": { "type": "LineString", "coordinates": [ [ 126.9496464, 37.4939094 ], [ 126.949662, 37.4937378 ], [ 126.949642700000012, 37.4936052 ], [ 126.949574, 37.4934288 ], [ 126.949539500000014, 37.4933754 ] ] } },
{ "type": "Feature", "properties": { "학교": "숭실대", "u": "3713452980", "v": "3713452985", "key": 0, "osmid": "367420006", "name": "", "highway": "service", "length": 74.4, "validation_status": "unobserved", "tmap_hit_routes": 0 }, "geometry": { "type": "LineString", "coordinates": [ [ 126.9667752, 37.488918 ], [ 126.966752500000013, 37.4888312 ], [ 126.9666509, 37.4886944 ], [ 126.9665139, 37.4885858 ], [ 126.966195900000017, 37.4884959 ] ] } },
{ "type": "Feature", "properties": { "학교": "숭실대", "u": "3713452980", "v": "4195610580", "key": 0, "osmid": "521118329", "name": "사당로", "highway": "primary", "length": 108.2, "validation_status": "unobserved", "tmap_hit_routes": 0 }, "geometry": { "type": "LineString", "coordinates": [ [ 126.9667352, 37.487637399999983 ], [ 126.9665807, 37.4877633 ], [ 126.96651780000002, 37.4878695 ], [ 126.9664481, 37.4879612 ], [ 126.966375900000017, 37.4880713 ], [ 126.9663007, 37.4882146 ], [ 126.966195900000017, 37.4884959 ] ] } },
{ "type": "Feature", "properties": { "학교": "숭실대", "u": "3713452985", "v": "8482739039", "key": 0, "osmid": "367420006", "name": "", "highway": "service", "length": 60.3, "validation_status": "unobserved", "tmap_hit_routes": 0 }, "geometry": { "type": "LineString", "coordinates": [ [ 126.9670157, 37.4893586 ], [ 126.9669272, 37.4893607 ], [ 126.9668786, 37.4893362 ], [ 126.9667752, 37.488918 ] ] } },
{ "type": "Feature", "properties": { "학교": "숭실대", "u": "3713452985", "v": "8482739037", "key": 0, "osmid": "367420007", "name": "", "highway": "service", "length": 116.9, "validation_status": "unobserved", "tmap_hit_routes": 0 }, "geometry": { "type": "LineString", "coordinates": [ [ 126.965965200000014, 37.4895568 ], [ 126.9659926, 37.4894867 ], [ 126.9660677, 37.4891467 ], [ 126.9661738, 37.489076500000017 ], [ 126.9662975, 37.48904850000001 ], [ 126.96643, 37.4890555 ], [ 126.9665316, 37.489045 ], [ 126.9666686, 37.4889959 ], [ 126.9667752, 37.488918 ] ] } },
{ "type": "Feature", "properties": { "학교": "숭실대", "u": "4195610580", "v": "8482719770", "key": 0, "osmid": "419513784", "name": "사당로4길", "highway": "residential", "length": 44.6, "validation_status": "unobserved", "tmap_hit_routes": 0 }, "geometry": { "type": "LineString", "coordinates": [ [ 126.9663992, 37.4873376 ], [ 126.9667352, 37.487637399999983 ] ] } },
{ "type": "Feature", "properties": { "학교": "숭실대", "u": "4195610580", "v": "3713453085", "key": 0, "osmid": "521118329", "name": "사당로", "highway": "primary", "length": 30.6, "validation_status": "unobserved", "tmap_hit_routes": 0 }, "geometry": { "type": "LineString", "coordinates": [ [ 126.9669767, 37.4874405 ], [ 126.9667352, 37.487637399999983 ] ] } },
{ "type": "Feature", "properties": { "학교": "숭실대", "u": "8482739039", "v": "3713453010", "key": 0, "osmid": "367420006", "name": "", "highway": "service", "length": 19.0, "validation_status": "unobserved", "tmap_hit_routes": 0 }, "geometry": { "type": "LineString", "coordinates": [ [ 126.9672287, 37.4893348 ], [ 126.9670157, 37.4893586 ] ] } },
{ "type": "Feature", "properties": { "학교": "숭실대", "u": "8482739039", "v": "8482739038", "key": 0, "osmid": "367420007", "name": "", "highway": "service", "length": 7.2, "validation_status": "unobserved", "tmap_hit_routes": 0 }, "geometry": { "type": "LineString", "coordinates": [ [ 126.967023400000016, 37.4894227 ], [ 126.9670157, 37.4893586 ] ] } },
{ "type": "Feature", "properties": { "학교": "숭실대", "u": "8482739037", "v": "8482739038", "key": 0, "osmid": "913162838", "name": "", "highway": "service", "length": 94.5, "validation_status": "unobserved", "tmap_hit_routes": 0 }, "geometry": { "type": "LineString", "coordinates": [ [ 126.967023400000016, 37.4894227 ], [ 126.965965200000014, 37.4895568 ] ] } },
{ "type": "Feature", "properties": { "학교": "숭실대", "u": "8482739037", "v": "8482739038", "key": 1, "osmid": "367420007", "name": "", "highway": "service", "length": 119.9, "validation_status": "unobserved", "tmap_hit_routes": 0 }, "geometry": { "type": "LineString", "coordinates": [ [ 126.967023400000016, 37.4894227 ], [ 126.9670334, 37.4895199 ], [ 126.967021399999979, 37.48953370000001 ], [ 126.967009300000015, 37.4895422 ], [ 126.9669852, 37.4895508 ], [ 126.9659646, 37.4896518 ], [ 126.96594180000001, 37.4896476 ], [ 126.9659351, 37.4896338 ], [ 126.96594180000001, 37.4896167 ], [ 126.965965200000014, 37.4895568 ] ] } },
{ "type": "Feature", "properties": { "학교": "숭실대", "u": "3713453010", "v": "3713453011", "key": 0, "osmid": "367420006", "name": "", "highway": "service", "length": 13.8, "validation_status": "unobserved", "tmap_hit_routes": 0 }, "geometry": { "type": "LineString", "coordinates": [ [ 126.967382299999983, 37.489311 ], [ 126.9672287, 37.4893348 ] ] } },
{ "type": "Feature", "properties": { "학교": "숭실대", "u": "3713453010", "v": "12152882901", "key": 0, "osmid": "1312936648", "name": "", "highway": "service", "length": 17.4, "validation_status": "unobserved", "tmap_hit_routes": 0 }, "geometry": { "type": "LineString", "coordinates": [ [ 126.967410499999986, 37.4893957 ], [ 126.9672287, 37.4893348 ] ] } },
{ "type": "Feature", "properties": { "학교": "숭실대", "u": "3713453011", "v": "3713453012", "key": 0, "osmid": "367420006", "name": "", "highway": "service", "length": 5.8, "validation_status": "unobserved", "tmap_hit_routes": 0 }, "geometry": { "type": "LineString", "coordinates": [ [ 126.9674441, 37.4893285 ], [ 126.967382299999983, 37.489311 ] ] } },
{ "type": "Feature", "properties": { "학교": "숭실대", "u": "3713453011", "v": "3713453034", "key": 0, "osmid": "367420010", "name": "", "highway": "service", "length": 165.0, "validation_status": "unobserved", "tmap_hit_routes": 0 }, "geometry": { "type": "LineString", "coordinates": [ [ 126.9685045, 37.4881337 ], [ 126.967611, 37.4889619 ], [ 126.967382299999983, 37.489311 ] ] } },
{ "type": "Feature", "properties": { "학교": "숭실대", "u": "12152882901", "v": "3713453015", "key": 0, "osmid": "1312936648", "name": "", "highway": "service", "length": 56.7, "validation_status": "unobserved", "tmap_hit_routes": 0 }, "geometry": { "type": "LineString", "coordinates": [ [ 126.9679416, 37.4895431 ], [ 126.9678069, 37.4896035 ], [ 126.967725499999986, 37.4895979 ], [ 126.9676671, 37.4895642 ], [ 126.967568, 37.4894884 ], [ 126.967410499999986, 37.4893957 ] ] } },
{ "type": "Feature", "properties": { "학교": "숭실대", "u": "12152882901", "v": "12152882921", "key": 0, "osmid": "1312936649", "name": "", "highway": "path", "length": 147.6, "validation_status": "unobserved", "tmap_hit_routes": 0 }, "geometry": { "type": "LineString", "coordinates": [ [ 126.9681387, 37.4904745 ], [ 126.9681202, 37.4904041 ], [ 126.9680511, 37.4903559 ], [ 126.9680033, 37.490285900000018 ], [ 126.967976800000017, 37.4901623 ], [ 126.96789010000002, 37.4900626 ], [ 126.967725499999986, 37.4900247 ], [ 126.96764060000001, 37.4899236 ], [ 126.9676335, 37.4898464 ], [ 126.9675981, 37.48980430000001 ], [ 126.967545, 37.4897046 ], [ 126.9675627, 37.4896217 ], [ 126.9675485, 37.489565600000013 ], [ 126.967476, 37.4895347 ], [ 126.967454800000013, 37.4894729 ], [ 126.9674087, 37.4894336 ], [ 126.967410499999986, 37.4893957 ] ] } },
{ "type": "Feature", "properties": { "학교": "숭실대", "u": "3713453012", "v": "3713453015", "key": 0, "osmid": "367420006", "name": "", "highway": "service", "length": 51.4, "validation_status": "unobserved", "tmap_hit_routes": 0 }, "geometry": { "type": "LineString", "coordinates": [ [ 126.9679416, 37.4895431 ], [ 126.9678003, 37.489532500000017 ], [ 126.967692400000018, 37.4894876 ], [ 126.9674441, 37.4893285 ] ] } },
{ "type": "Feature", "properties": { "학교": "숭실대", "u": "3713453015", "v": "3713453016", "key": 0, "osmid": "367420006", "name": "", "highway": "service", "length": 16.7, "validation_status": "unobserved", "tmap_hit_routes": 0 }, "geometry": { "type": "LineString", "coordinates": [ [ 126.9681024, 37.4894638 ], [ 126.9679416, 37.4895431 ] ] } },
{ "type": "Feature", "properties": { "학교": "숭실대", "u": "3713453085", "v": "3713453089", "key": 0, "osmid": [ 367420019, 801540155 ], "name": [ "사당로", "사당로9가길" ], "highway": "service", "length": 185.6, "validation_status": "unobserved", "tmap_hit_routes": 0 }, "geometry": { "type": "LineString", "coordinates": [ [ 126.9681978, 37.4873392 ], [ 126.96727, 37.4880264 ], [ 126.967219, 37.4880243 ], [ 126.967025899999982, 37.4874795 ], [ 126.9669767, 37.4874405 ] ] } },
{ "type": "Feature", "properties": { "학교": "숭실대", "u": "3958853416", "v": "10589255419", "key": 0, "osmid": "278024797", "name": "상도로50길", "highway": "residential", "length": 184.3, "validation_status": "validated", "tmap_hit_routes": 1 }, "geometry": { "type": "LineString", "coordinates": [ [ 126.9492612, 37.4954948 ], [ 126.9492297, 37.495316 ], [ 126.9492195, 37.4947968 ], [ 126.9492648, 37.494551700000017 ], [ 126.949398700000017, 37.4943134 ], [ 126.9496464, 37.4939094 ] ] } },
{ "type": "Feature", "properties": { "학교": "숭실대", "u": "10589255419", "v": "10589255558", "key": 0, "osmid": "1135955732", "name": "", "highway": "service", "length": 149.0, "validation_status": "unobserved", "tmap_hit_routes": 0 }, "geometry": { "type": "LineString", "coordinates": [ [ 126.950877299999988, 37.4951227 ], [ 126.9504932, 37.4952174 ], [ 126.9501842, 37.495261600000013 ], [ 126.9499085, 37.4953238 ], [ 126.949755100000019, 37.495391 ], [ 126.9493506, 37.4954821 ], [ 126.9492612, 37.4954948 ] ] } },
{ "type": "Feature", "properties": { "학교": "숭실대", "u": "3980846361", "v": "11413637553", "key": 0, "osmid": "814383871", "name": "", "highway": "service", "length": 11.6, "validation_status": "unobserved", "tmap_hit_routes": 0 }, "geometry": { "type": "LineString", "coordinates": [ [ 126.9512863, 37.4889415 ], [ 126.9513931, 37.489002100000015 ] ] } },
{ "type": "Feature", "properties": { "학교": "숭실대", "u": "11413637553", "v": "11413637903", "key": 0, "osmid": "1230724661", "name": "", "highway": "footway", "length": 22.7, "validation_status": "unobserved", "tmap_hit_routes": 0 }, "geometry": { "type": "LineString", "coordinates": [ [ 126.9511232, 37.4890998 ], [ 126.9512863, 37.4889415 ] ] } },
{ "type": "Feature", "properties": { "학교": "숭실대", "u": "11413637553", "v": "11413637781", "key": 0, "osmid": [ 814383872, 814383871 ], "name": "", "highway": [ "footway", "service" ], "length": 160.2, "validation_status": "unobserved", "tmap_hit_routes": 0 }, "geometry": { "type": "LineString", "coordinates": [ [ 126.9516949, 37.4877756 ], [ 126.9516923, 37.4877977 ], [ 126.9516743, 37.4880572 ], [ 126.951019599999981, 37.4887902 ], [ 126.9512863, 37.4889415 ] ] } },
{ "type": "Feature", "properties": { "학교": "숭실대", "u": "11413637553", "v": "11413637763", "key": 0, "osmid": "1230724661", "name": "", "highway": "footway", "length": 82.7, "validation_status": "unobserved", "tmap_hit_routes": 0 }, "geometry": { "type": "LineString", "coordinates": [ [ 126.9517968, 37.4883176 ], [ 126.9515722, 37.4885771 ], [ 126.951407100000011, 37.488785900000011 ], [ 126.9512863, 37.4889415 ] ] } },
{ "type": "Feature", "properties": { "학교": "숭실대", "u": "4140716854", "v": "4140716856", "key": 0, "osmid": "412719645", "name": "", "highway": "service", "length": 136.0, "validation_status": "unobserved", "tmap_hit_routes": 0 }, "geometry": { "type": "LineString", "coordinates": [ [ 126.950692800000013, 37.491426200000014 ], [ 126.9501442, 37.4916761 ], [ 126.9492806, 37.4919007 ] ] } },
{ "type": "Feature", "properties": { "학교": "숭실대", "u": "11413637737", "v": "4140716862", "key": 0, "osmid": "412719649", "name": "", "highway": "service", "length": 9.3, "validation_status": "unobserved", "tmap_hit_routes": 0 }, "geometry": { "type": "LineString", "coordinates": [ [ 126.9514679, 37.4893608 ], [ 126.9514001, 37.48942430000001 ] ] } },
{ "type": "Feature", "properties": { "학교": "숭실대", "u": "11413637737", "v": "11413637829", "key": 0, "osmid": "1230724605", "name": "", "highway": "footway", "length": 15.7, "validation_status": "unobserved", "tmap_hit_routes": 0 }, "geometry": { "type": "LineString", "coordinates": [ [ 126.9512612, 37.4893363 ], [ 126.9514001, 37.48942430000001 ] ] } },
{ "type": "Feature", "properties": { "학교": "숭실대", "u": "11413637737", "v": "11413637574", "key": 0, "osmid": "1230724605", "name": "", "highway": "footway", "length": 70.1, "validation_status": "unobserved", "tmap_hit_routes": 0 }, "geometry": { "type": "LineString", "coordinates": [ [ 126.952030600000015, 37.489808 ], [ 126.951791, 37.4896563 ], [ 126.9515044, 37.489491 ], [ 126.9514001, 37.48942430000001 ] ] } },
{ "type": "Feature", "properties": { "학교": "숭실대", "u": "4140716862", "v": "7831305680", "key": 0, "osmid": "278439052", "name": "", "highway": "service", "length": 72.1, "validation_status": "unobserved", "tmap_hit_routes": 0 }, "geometry": { "type": "LineString", "coordinates": [ [ 126.9521236, 37.4897477 ], [ 126.9514679, 37.4893608 ] ] } },
{ "type": "Feature", "properties": { "학교": "숭실대", "u": "7831305680", "v": "7831305678", "key": 0, "osmid": "278439052", "name": "", "highway": "service", "length": 14.2, "validation_status": "unobserved", "tmap_hit_routes": 0 }, "geometry": { "type": "LineString", "coordinates": [ [ 126.952243900000013, 37.4898322 ], [ 126.9521236, 37.4897477 ] ] } },
{ "type": "Feature", "properties": { "학교": "숭실대", "u": "7831305680", "v": "11413637574", "key": 0, "osmid": "839216800", "name": "", "highway": "service", "length": 10.6, "validation_status": "unobserved", "tmap_hit_routes": 0 }, "geometry": { "type": "LineString", "coordinates": [ [ 126.952030600000015, 37.489808 ], [ 126.9521236, 37.4897477 ] ] } },
{ "type": "Feature", "properties": { "학교": "숭실대", "u": "4195737162", "v": "4195737166", "key": 0, "osmid": "419527854", "name": "", "highway": "residential", "length": 32.1, "validation_status": "unobserved", "tmap_hit_routes": 0 }, "geometry": { "type": "LineString", "coordinates": [ [ 126.968113100000011, 37.4919296 ], [ 126.9683859, 37.4921208 ] ] } },
{ "type": "Feature", "properties": { "학교": "숭실대", "u": "4195737162", "v": "12152877155", "key": 0, "osmid": [ 171850257, 419527853 ], "name": [ "사당로23길", "사당로23아길" ], "highway": [ "residential", "service" ], "length": 203.1, "validation_status": "unobserved", "tmap_hit_routes": 0 }, "geometry": { "type": "LineString", "coordinates": [ [ 126.968166200000013, 37.4929141 ], [ 126.9678834, 37.4931847 ], [ 126.967496200000014, 37.4929474 ], [ 126.9683859, 37.4921208 ] ] } },
{ "type": "Feature", "properties": { "학교": "숭실대", "u": "4195737166", "v": "12152877185", "key": 0, "osmid": [ 1313240641, 419527854 ], "name": "", "highway": [ "residential", "path" ], "length": 169.3, "validation_status": "unobserved", "tmap_hit_routes": 0 }, "geometry": { "type": "LineString", "coordinates": [ [ 126.966289299999985, 37.4920076 ], [ 126.966575100000014, 37.4919418 ], [ 126.9669137, 37.4919381 ], [ 126.9672266, 37.4918862 ], [ 126.9675628, 37.4918121 ], [ 126.9678243, 37.4917935 ], [ 126.967927900000021, 37.49179860000001 ], [ 126.968113100000011, 37.4919296 ] ] } },
{ "type": "Feature", "properties": { "학교": "숭실대", "u": "12152877185", "v": "12152877184", "key": 0, "osmid": "1312936642", "name": "", "highway": "path", "length": 28.4, "validation_status": "unobserved", "tmap_hit_routes": 0 }, "geometry": { "type": "LineString", "coordinates": [ [ 126.9661702, 37.4922452 ], [ 126.966289299999985, 37.4920076 ] ] } },
{ "type": "Feature", "properties": { "학교": "숭실대", "u": "12152877185", "v": "12155399130", "key": 0, "osmid": "1312936642", "name": "", "highway": "path", "length": 202.9, "validation_status": "unobserved", "tmap_hit_routes": 0 }, "geometry": { "type": "LineString", "coordinates": [ [ 126.968002, 37.490874 ], [ 126.967925, 37.4910668 ], [ 126.9676601, 37.4912893 ], [ 126.9670593, 37.4915631 ], [ 126.9664862, 37.4918198 ], [ 126.966289299999985, 37.4920076 ] ] } },
{ "type": "Feature", "properties": { "학교": "숭실대", "u": "4408894227", "v": "7256876588", "key": 0, "osmid": [ 278148193, 777608499 ], "name": "상도로60길", "highway": [ "service", "path" ], "length": 210.6, "validation_status": "unobserved", "tmap_hit_routes": 0 }, "geometry": { "type": "LineString", "coordinates": [ [ 126.9518027, 37.4923458 ], [ 126.9519084, 37.492293 ], [ 126.9521471, 37.4920589 ], [ 126.952316100000019, 37.4919355 ], [ 126.9524609, 37.4917801 ], [ 126.9526031, 37.4917014 ], [ 126.952820299999985, 37.4916397 ], [ 126.95288690000001, 37.4915021 ], [ 126.95286320000001, 37.491445 ], [ 126.952831, 37.4912683 ], [ 126.9528498, 37.4912024 ], [ 126.9529356, 37.49113 ], [ 126.953177, 37.4910747 ], [ 126.9532341, 37.4910704 ] ] } },
{ "type": "Feature", "properties": { "학교": "숭실대", "u": "4408894227", "v": "13319101346", "key": 0, "osmid": "443274496", "name": "", "highway": "footway", "length": 91.0, "validation_status": "unobserved", "tmap_hit_routes": 0 }, "geometry": { "type": "LineString", "coordinates": [ [ 126.9530823, 37.4902958 ], [ 126.9530313, 37.490617200000024 ], [ 126.9532118, 37.4908475 ], [ 126.9532341, 37.4910704 ] ] } },
{ "type": "Feature", "properties": { "학교": "숭실대", "u": "7256876588", "v": "7256876600", "key": 0, "osmid": "777608499", "name": "", "highway": "path", "length": 90.9, "validation_status": "unobserved", "tmap_hit_routes": 0 }, "geometry": { "type": "LineString", "coordinates": [ [ 126.9508159, 37.4925462 ], [ 126.95111439999998, 37.4924697 ], [ 126.951406800000015, 37.4923909 ], [ 126.9517421, 37.492376 ], [ 126.9518027, 37.4923458 ] ] } },
{ "type": "Feature", "properties": { "학교": "숭실대", "u": "7256876588", "v": "7256876597", "key": 0, "osmid": "777608500", "name": "", "highway": "path", "length": 179.8, "validation_status": "unobserved", "tmap_hit_routes": 0 }, "geometry": { "type": "LineString", "coordinates": [ [ 126.950776499999989, 37.492918699999983 ], [ 126.950840900000017, 37.4929783 ], [ 126.950870400000014, 37.4931634 ], [ 126.950857, 37.4932656 ], [ 126.9511466, 37.4930059 ], [ 126.9512995, 37.492957 ], [ 126.9513371, 37.4928612 ], [ 126.951546300000018, 37.4926335 ], [ 126.9518252, 37.4924377 ], [ 126.9518027, 37.4923458 ] ] } },
{ "type": "Feature", "properties": { "학교": "숭실대", "u": "13319101346", "v": "11413637492", "key": 0, "osmid": "612099146", "name": "", "highway": "footway", "length": 118.3, "validation_status": "validated", "tmap_hit_routes": 5 }, "geometry": { "type": "LineString", "coordinates": [ [ 126.9542396, 37.4903737 ], [ 126.95391530000002, 37.4901665 ], [ 126.95374790000001, 37.4900971 ], [ 126.953626600000021, 37.4900819 ], [ 126.9535003, 37.4901029 ], [ 126.95333789999998, 37.490168 ], [ 126.9530823, 37.4902958 ] ] } },
{ "type": "Feature", "properties": { "학교": "숭실대", "u": "13319101346", "v": "11413637577", "key": 0, "osmid": "612099146", "name": "", "highway": "footway", "length": 72.4, "validation_status": "validated", "tmap_hit_routes": 2 }, "geometry": { "type": "LineString", "coordinates": [ [ 126.9525614, 37.4907984 ], [ 126.9527862, 37.4905562 ], [ 126.9530823, 37.4902958 ] ] } },
{ "type": "Feature", "properties": { "학교": "숭실대", "u": "4611250951", "v": "4611263521", "key": 0, "osmid": [ 385515540, 1122019318 ], "name": [ "흑석한강로", "서달로2길" ], "highway": "residential", "length": 69.7, "validation_status": "unobserved", "tmap_hit_routes": 0 }, "geometry": { "type": "LineString", "coordinates": [ [ 126.964300600000016, 37.5018422 ], [ 126.9642772, 37.5012375 ], [ 126.964266, 37.501217200000021 ] ] } },
{ "type": "Feature", "properties": { "학교": "숭실대", "u": "4611250951", "v": "4611263520", "key": 0, "osmid": "876638786", "name": "서달로10길", "highway": "service", "length": 77.1, "validation_status": "validated", "tmap_hit_routes": 1 }, "geometry": { "type": "LineString", "coordinates": [ [ 126.9637539, 37.5017082 ], [ 126.9638132, 37.5014978 ], [ 126.9638805, 37.5013812 ], [ 126.964150100000012, 37.5012459 ], [ 126.964266, 37.501217200000021 ] ] } },
{ "type": "Feature", "properties": { "학교": "숭실대", "u": "4611263521", "v": "4611263519", "key": 0, "osmid": "801834133", "name": "", "highway": "service", "length": 50.4, "validation_status": "unobserved", "tmap_hit_routes": 0 }, "geometry": { "type": "LineString", "coordinates": [ [ 126.9637385, 37.5017611 ], [ 126.964300600000016, 37.5018422 ] ] } },
{ "type": "Feature", "properties": { "학교": "숭실대", "u": "4611263521", "v": "4611303880", "key": 0, "osmid": "1122019318", "name": "흑석한강로", "highway": "residential", "length": 149.1, "validation_status": "unobserved", "tmap_hit_routes": 0 }, "geometry": { "type": "LineString", "coordinates": [ [ 126.9643982, 37.5031809 ], [ 126.964353700000018, 37.5025015 ], [ 126.964300600000016, 37.5018422 ] ] } },
{ "type": "Feature", "properties": { "학교": "숭실대", "u": "4611263520", "v": "4611263519", "key": 0, "osmid": "876638786", "name": "서달로10길", "highway": "service", "length": 6.0, "validation_status": "unobserved", "tmap_hit_routes": 0 }, "geometry": { "type": "LineString", "coordinates": [ [ 126.9637385, 37.5017611 ], [ 126.9637539, 37.5017082 ] ] } },
{ "type": "Feature", "properties": { "학교": "숭실대", "u": "4611263520", "v": "4697324239", "key": 0, "osmid": [ 476080921, 801834134 ], "name": "서달로10길", "highway": "service", "length": 63.7, "validation_status": "validated", "tmap_hit_routes": 1 }, "geometry": { "type": "LineString", "coordinates": [ [ 126.9630411, 37.5016163 ], [ 126.9631728, 37.5016323 ], [ 126.9637539, 37.5017082 ] ] } },
{ "type": "Feature", "properties": { "학교": "숭실대", "u": "4611263519", "v": "10239817425", "key": 0, "osmid": [ 1119552035, 801834133 ], "name": "", "highway": "service", "length": 63.3, "validation_status": "unobserved", "tmap_hit_routes": 0 }, "geometry": { "type": "LineString", "coordinates": [ [ 126.963029799999987, 37.5016722 ], [ 126.96310579999998, 37.5016813 ], [ 126.9637385, 37.5017611 ] ] } },
{ "type": "Feature", "properties": { "학교": "숭실대", "u": "10239817425", "v": "4697324239", "key": 0, "osmid": "476080921", "name": "", "highway": "service", "length": 6.3, "validation_status": "validated", "tmap_hit_routes": 1 }, "geometry": { "type": "LineString", "coordinates": [ [ 126.9630411, 37.5016163 ], [ 126.963029799999987, 37.5016722 ] ] } },
{ "type": "Feature", "properties": { "학교": "숭실대", "u": "10239817425", "v": "4697324237", "key": 0, "osmid": "476080921", "name": "", "highway": "service", "length": 40.9, "validation_status": "validated", "tmap_hit_routes": 1 }, "geometry": { "type": "LineString", "coordinates": [ [ 126.962661699999984, 37.5017243 ], [ 126.963012300000017, 37.501758700000018 ], [ 126.963029799999987, 37.5016722 ] ] } },
{ "type": "Feature", "properties": { "학교": "숭실대", "u": "4697324239", "v": "4697324250", "key": 0, "osmid": [ 476080922, 476080923 ], "name": "", "highway": "service", "length": 42.8, "validation_status": "unobserved", "tmap_hit_routes": 0 }, "geometry": { "type": "LineString", "coordinates": [ [ 126.962755500000014, 37.501429900000012 ], [ 126.9627314, 37.5015617 ], [ 126.9630411, 37.5016163 ] ] } },
{ "type": "Feature", "properties": { "학교": "숭실대", "u": "8537501420", "v": "10792799832", "key": 0, "osmid": "919243261", "name": "관악로", "highway": "primary", "length": 31.3, "validation_status": "validated", "tmap_hit_routes": 2 }, "geometry": { "type": "LineString", "coordinates": [ [ 126.9575053, 37.4892338 ], [ 126.9576069, 37.48909 ], [ 126.9576715, 37.4889855 ] ] } },
{ "type": "Feature", "properties": { "학교": "숭실대", "u": "8537416816", "v": "10792799832", "key": 0, "osmid": "919243261", "name": "관악로", "highway": "primary", "length": 81.3, "validation_status": "validated", "tmap_hit_routes": 2 }, "geometry": { "type": "LineString", "coordinates": [ [ 126.9575053, 37.4892338 ], [ 126.9574386, 37.4893284 ], [ 126.9572536, 37.4896135 ], [ 126.957081700000018, 37.4898833 ] ] } },
{ "type": "Feature", "properties": { "학교": "숭실대", "u": "4619539867", "v": "8482850191", "key": 0, "osmid": "467306992", "name": "", "highway": "residential", "length": 50.9, "validation_status": "validated", "tmap_hit_routes": 1 }, "geometry": { "type": "LineString", "coordinates": [ [ 126.961964099999989, 37.4897535 ], [ 126.9614413, 37.4895607 ] ] } },
{ "type": "Feature", "properties": { "학교": "숭실대", "u": "8482850191", "v": "4619539868", "key": 0, "osmid": "467306992", "name": "", "highway": "residential", "length": 47.2, "validation_status": "validated", "tmap_hit_routes": 1 }, "geometry": { "type": "LineString", "coordinates": [ [ 126.9624503, 37.489931 ], [ 126.961964099999989, 37.4897535 ] ] } },
{ "type": "Feature", "properties": { "학교": "숭실대", "u": "8482850191", "v": "8482850182", "key": 0, "osmid": "913177141", "name": "", "highway": "service", "length": 90.0, "validation_status": "unobserved", "tmap_hit_routes": 0 }, "geometry": { "type": "LineString", "coordinates": [ [ 126.9616207, 37.489216600000013 ], [ 126.9614719, 37.4894454 ], [ 126.9617227, 37.4895412 ], [ 126.9617508, 37.48960610000001 ], [ 126.9619855, 37.489704 ], [ 126.961964099999989, 37.4897535 ] ] } },
{ "type": "Feature", "properties": { "학교": "숭실대", "u": "4619539868", "v": "4619539869", "key": 0, "osmid": "467306994", "name": "사당로2다길", "highway": "residential", "length": 71.0, "validation_status": "validated", "tmap_hit_routes": 1 }, "geometry": { "type": "LineString", "coordinates": [ [ 126.9629383, 37.489651500000022 ], [ 126.962751, 37.4900096 ], [ 126.9624503, 37.489931 ] ] } },
{ "type": "Feature", "properties": { "학교": "숭실대", "u": "4619539868", "v": "8482850207", "key": 0, "osmid": "467307118", "name": "사당로2가길", "highway": "residential", "length": 57.4, "validation_status": "unobserved", "tmap_hit_routes": 0 }, "geometry": { "type": "LineString", "coordinates": [ [ 126.96267450000002, 37.489447 ], [ 126.9625733, 37.4896457 ], [ 126.9624503, 37.489931 ] ] } },
{ "type": "Feature", "properties": { "학교": "숭실대", "u": "4619539869", "v": "8482842641", "key": 0, "osmid": "467306993", "name": "사당로2아길", "highway": "residential", "length": 36.2, "validation_status": "validated", "tmap_hit_routes": 1 }, "geometry": { "type": "LineString", "coordinates": [ [ 126.963326200000012, 37.48975810000001 ], [ 126.9629383, 37.489651500000022 ] ] } },
{ "type": "Feature", "properties": { "학교": "숭실대", "u": "4619539869", "v": "8482842646", "key": 0, "osmid": "467306994", "name": "사당로2다길", "highway": "residential", "length": 52.4, "validation_status": "unobserved", "tmap_hit_routes": 0 }, "geometry": { "type": "LineString", "coordinates": [ [ 126.9632329, 37.4892426 ], [ 126.9629383, 37.489651500000022 ] ] } },
{ "type": "Feature", "properties": { "학교": "숭실대", "u": "8482850207", "v": "8482842647", "key": 0, "osmid": "467307118", "name": "사당로2가길", "highway": "residential", "length": 41.8, "validation_status": "unobserved", "tmap_hit_routes": 0 }, "geometry": { "type": "LineString", "coordinates": [ [ 126.962876200000011, 37.4891072 ], [ 126.96267450000002, 37.489447 ] ] } },
{ "type": "Feature", "properties": { "학교": "숭실대", "u": "8482850207", "v": "8482850192", "key": 0, "osmid": "913177142", "name": "", "highway": "service", "length": 233.3, "validation_status": "unobserved", "tmap_hit_routes": 0 }, "geometry": { "type": "LineString", "coordinates": [ [ 126.962015, 37.4878013 ], [ 126.9620016, 37.4878311 ], [ 126.9620043, 37.4878652 ], [ 126.962117, 37.4882908 ], [ 126.9621545, 37.4884036 ], [ 126.9621572, 37.4884568 ], [ 126.962146500000017, 37.4884888 ], [ 126.962127699999982, 37.488516400000016 ], [ 126.96183, 37.4889357 ], [ 126.9618192, 37.4889825 ], [ 126.961838, 37.4890166 ], [ 126.9618568, 37.4890421 ], [ 126.9618943, 37.489074 ], [ 126.961988199999979, 37.4891145 ], [ 126.962146500000017, 37.489171900000017 ], [ 126.96267450000002, 37.489447 ] ] } },
{ "type": "Feature", "properties": { "학교": "숭실대", "u": "8482842641", "v": "4619539870", "key": 0, "osmid": "467306993", "name": "사당로2아길", "highway": "residential", "length": 24.6, "validation_status": "validated", "tmap_hit_routes": 1 }, "geometry": { "type": "LineString", "coordinates": [ [ 126.9635898, 37.4898305 ], [ 126.963326200000012, 37.48975810000001 ] ] } },
{ "type": "Feature", "properties": { "학교": "숭실대", "u": "8482842641", "v": "8482842640", "key": 0, "osmid": "913176118", "name": "", "highway": "service", "length": 52.5, "validation_status": "unobserved", "tmap_hit_routes": 0 }, "geometry": { "type": "LineString", "coordinates": [ [ 126.9635506, 37.4893205 ], [ 126.963326200000012, 37.48975810000001 ] ] } },
{ "type": "Feature", "properties": { "학교": "숭실대", "u": "8482842646", "v": "8482842640", "key": 0, "osmid": "913176120", "name": "", "highway": "residential", "length": 29.3, "validation_status": "unobserved", "tmap_hit_routes": 0 }, "geometry": { "type": "LineString", "coordinates": [ [ 126.9635506, 37.4893205 ], [ 126.9632329, 37.4892426 ] ] } },
{ "type": "Feature", "properties": { "학교": "숭실대", "u": "8482842646", "v": "8482842647", "key": 0, "osmid": "913176120", "name": "", "highway": "residential", "length": 34.9, "validation_status": "unobserved", "tmap_hit_routes": 0 }, "geometry": { "type": "LineString", "coordinates": [ [ 126.962876200000011, 37.4891072 ], [ 126.9632329, 37.4892426 ] ] } },
{ "type": "Feature", "properties": { "학교": "숭실대", "u": "4619539870", "v": "8482827900", "key": 0, "osmid": "467306993", "name": "사당로2아길", "highway": "residential", "length": 33.0, "validation_status": "unobserved", "tmap_hit_routes": 0 }, "geometry": { "type": "LineString", "coordinates": [ [ 126.963939100000019, 37.4899361 ], [ 126.9635898, 37.4898305 ] ] } },
{ "type": "Feature", "properties": { "학교": "숭실대", "u": "4619539870", "v": "8482842644", "key": 0, "osmid": "913176119", "name": "", "highway": "residential", "length": 51.7, "validation_status": "unobserved", "tmap_hit_routes": 0 }, "geometry": { "type": "LineString", "coordinates": [ [ 126.963924799999987, 37.4894486 ], [ 126.9635898, 37.4898305 ] ] } },
{ "type": "Feature", "properties": { "학교": "숭실대", "u": "4619539870", "v": "4619556438", "key": 0, "osmid": "467307117", "name": "사당로2라길", "highway": "residential", "length": 68.7, "validation_status": "validated", "tmap_hit_routes": 1 }, "geometry": { "type": "LineString", "coordinates": [ [ 126.9635003, 37.4904262 ], [ 126.963465, 37.4901041 ], [ 126.963506200000012, 37.4899454 ], [ 126.9635898, 37.4898305 ] ] } },
{ "type": "Feature", "properties": { "학교": "숭실대", "u": "8482827900", "v": "4619556438", "key": 0, "osmid": "913175259", "name": "", "highway": "service", "length": 83.2, "validation_status": "validated", "tmap_hit_routes": 1 }, "geometry": { "type": "LineString", "coordinates": [ [ 126.9635003, 37.4904262 ], [ 126.9636311, 37.490454200000016 ], [ 126.963686, 37.490467 ], [ 126.963704800000016, 37.490468 ], [ 126.9637263, 37.490468 ], [ 126.9637397, 37.4904648 ], [ 126.963747700000013, 37.490449900000016 ], [ 126.963939100000019, 37.4899361 ] ] } },
{ "type": "Feature", "properties": { "학교": "숭실대", "u": "8482842644", "v": "8482842637", "key": 0, "osmid": "913176120", "name": "", "highway": "residential", "length": 13.6, "validation_status": "unobserved", "tmap_hit_routes": 0 }, "geometry": { "type": "LineString", "coordinates": [ [ 126.9640774, 37.4894513 ], [ 126.9639891, 37.4894592 ], [ 126.963924799999987, 37.4894486 ] ] } },
{ "type": "Feature", "properties": { "학교": "숭실대", "u": "8482842644", "v": "8482842640", "key": 0, "osmid": "913176120", "name": "", "highway": "residential", "length": 36.0, "validation_status": "unobserved", "tmap_hit_routes": 0 }, "geometry": { "type": "LineString", "coordinates": [ [ 126.9635506, 37.4893205 ], [ 126.9638658, 37.4894294 ], [ 126.963924799999987, 37.4894486 ] ] } },
{ "type": "Feature", "properties": { "학교": "숭실대", "u": "4619556438", "v": "8482827909", "key": 0, "osmid": "467307117", "name": "사당로2라길", "highway": "residential", "length": 24.8, "validation_status": "validated", "tmap_hit_routes": 1 }, "geometry": { "type": "LineString", "coordinates": [ [ 126.9634868, 37.490648899999989 ], [ 126.9635003, 37.4904262 ] ] } },
{ "type": "Feature", "properties": { "학교": "숭실대", "u": "8482827909", "v": "8482827908", "key": 0, "osmid": "913175260", "name": "", "highway": "service", "length": 43.7, "validation_status": "unobserved", "tmap_hit_routes": 0 }, "geometry": { "type": "LineString", "coordinates": [ [ 126.9639612, 37.4907623 ], [ 126.9634868, 37.490648899999989 ] ] } },
{ "type": "Feature", "properties": { "학교": "숭실대", "u": "8482827909", "v": "4619556441", "key": 0, "osmid": "467307117", "name": "사당로2라길", "highway": "residential", "length": 98.8, "validation_status": "validated", "tmap_hit_routes": 1 }, "geometry": { "type": "LineString", "coordinates": [ [ 126.963318700000016, 37.4915185 ], [ 126.963465, 37.4911685 ], [ 126.963465, 37.490972500000012 ], [ 126.9634868, 37.490648899999989 ] ] } },
{ "type": "Feature", "properties": { "학교": "숭실대", "u": "4619556441", "v": "8482827915", "key": 0, "osmid": "913175262", "name": "", "highway": "service", "length": 26.9, "validation_status": "unobserved", "tmap_hit_routes": 0 }, "geometry": { "type": "LineString", "coordinates": [ [ 126.9635873, 37.49163320000001 ], [ 126.963318700000016, 37.4915185 ] ] } },
{ "type": "Feature", "properties": { "학교": "숭실대", "u": "4619556441", "v": "8482835723", "key": 0, "osmid": [ 467307117, 913262311 ], "name": "사당로2라길", "highway": "residential", "length": 98.5, "validation_status": "validated", "tmap_hit_routes": 3 }, "geometry": { "type": "LineString", "coordinates": [ [ 126.9628989, 37.4922324 ], [ 126.9628224, 37.4921174 ], [ 126.9628197, 37.4920556 ], [ 126.9628519, 37.491979 ], [ 126.9628894, 37.4919322 ], [ 126.9629511, 37.4918982 ], [ 126.9630504, 37.4918513 ], [ 126.9631255, 37.4918088 ], [ 126.963160300000013, 37.491781100000011 ], [ 126.9632155, 37.4917304 ], [ 126.963318700000016, 37.4915185 ] ] } },
{ "type": "Feature", "properties": { "학교": "숭실대", "u": "8482827915", "v": "8482827916", "key": 0, "osmid": "913175262", "name": "", "highway": "service", "length": 23.3, "validation_status": "validated", "tmap_hit_routes": 1 }, "geometry": { "type": "LineString", "coordinates": [ [ 126.96382, 37.4917325 ], [ 126.9635873, 37.49163320000001 ] ] } },
{ "type": "Feature", "properties": { "학교": "숭실대", "u": "8482827915", "v": "8482827908", "key": 0, "osmid": "913175261", "name": "", "highway": "service", "length": 102.9, "validation_status": "unobserved", "tmap_hit_routes": 0 }, "geometry": { "type": "LineString", "coordinates": [ [ 126.9639612, 37.4907623 ], [ 126.9638336, 37.491174600000015 ], [ 126.96379330000002, 37.4912874 ], [ 126.963755800000015, 37.4913789 ], [ 126.9635873, 37.49163320000001 ] ] } },
{ "type": "Feature", "properties": { "학교": "숭실대", "u": "8482835723", "v": "8482827916", "key": 0, "osmid": "278199770", "name": "사당로2자길", "highway": "residential", "length": 107.9, "validation_status": "validated", "tmap_hit_routes": 1 }, "geometry": { "type": "LineString", "coordinates": [ [ 126.96382, 37.4917325 ], [ 126.9633482, 37.4922102 ], [ 126.963229, 37.492246 ], [ 126.9628989, 37.4922324 ] ] } },
{ "type": "Feature", "properties": { "학교": "숭실대", "u": "8482835723", "v": "5406793587", "key": 0, "osmid": "278199770", "name": "사당로2자길", "highway": "residential", "length": 173.4, "validation_status": "validated", "tmap_hit_routes": 4 }, "geometry": { "type": "LineString", "coordinates": [ [ 126.9623021, 37.493693500000013 ], [ 126.962383200000019, 37.4935348 ], [ 126.9626622, 37.4929553 ], [ 126.9628106, 37.492707399999986 ], [ 126.9628626, 37.4926046 ], [ 126.9628862, 37.492459 ], [ 126.9628574, 37.492315300000016 ], [ 126.9628673, 37.4922771 ], [ 126.9628989, 37.4922324 ] ] } },
{ "type": "Feature", "properties": { "학교": "숭실대", "u": "14074780687", "v": "14074780686", "key": 0, "osmid": "1547465065", "name": "상도로", "highway": "primary", "length": 23.6, "validation_status": "unobserved", "tmap_hit_routes": 0 }, "geometry": { "type": "LineString", "coordinates": [ [ 126.9555629, 37.4941816 ], [ 126.9554082, 37.494354499999986 ] ] } },
{ "type": "Feature", "properties": { "학교": "숭실대", "u": "12864837514", "v": "14074780686", "key": 0, "osmid": "1389846119", "name": "", "highway": "service", "length": 84.6, "validation_status": "unobserved", "tmap_hit_routes": 0 }, "geometry": { "type": "LineString", "coordinates": [ [ 126.9555629, 37.4941816 ], [ 126.9557162, 37.494284100000016 ], [ 126.9558014, 37.4943452 ], [ 126.9559031, 37.4944055 ], [ 126.9559565, 37.4944161 ], [ 126.956418, 37.4944049 ] ] } },
{ "type": "Feature", "properties": { "학교": "숭실대", "u": "4621469171", "v": "4621471097", "key": 0, "osmid": "467538891", "name": "", "highway": "steps", "length": 26.1, "validation_status": "unobserved", "tmap_hit_routes": 0 }, "geometry": { "type": "LineString", "coordinates": [ [ 126.9510725, 37.5015005 ], [ 126.9508288, 37.501366800000014 ] ] } },
{ "type": "Feature", "properties": { "학교": "숭실대", "u": "4621469171", "v": "6963036776", "key": 0, "osmid": "744062050", "name": "상도로47마길", "highway": "service", "length": 40.4, "validation_status": "unobserved", "tmap_hit_routes": 0 }, "geometry": { "type": "LineString", "coordinates": [ [ 126.9511004, 37.501074100000011 ], [ 126.9508288, 37.501366800000014 ] ] } },
{ "type": "Feature", "properties": { "학교": "숭실대", "u": "4621471097", "v": "4621471093", "key": 2, "osmid": "467539110", "name": "상도로47라길", "highway": "service", "length": 63.9, "validation_status": "unobserved", "tmap_hit_routes": 0 }, "geometry": { "type": "LineString", "coordinates": [ [ 126.9510725, 37.5015005 ], [ 126.9511909, 37.5014286 ], [ 126.9512687, 37.5014073 ], [ 126.951561, 37.5015453 ], [ 126.951546300000018, 37.501602 ], [ 126.951500700000011, 37.501654100000017 ] ] } },
{ "type": "Feature", "properties": { "학교": "숭실대", "u": "4621471097", "v": "4621471093", "key": 3, "osmid": "467539110", "name": "상도로47라길", "highway": "service", "length": 70.7, "validation_status": "unobserved", "tmap_hit_routes": 0 }, "geometry": { "type": "LineString", "coordinates": [ [ 126.9510725, 37.5015005 ], [ 126.9509857, 37.5016478 ], [ 126.9510394, 37.5016967 ], [ 126.951389400000011, 37.5017446 ], [ 126.951500700000011, 37.501654100000017 ] ] } },
{ "type": "Feature", "properties": { "학교": "숭실대", "u": "6963036776", "v": "4621471426", "key": 0, "osmid": "467539125", "name": "상도로47가길", "highway": "service", "length": 16.4, "validation_status": "unobserved", "tmap_hit_routes": 0 }, "geometry": { "type": "LineString", "coordinates": [ [ 126.9512519, 37.5011592 ], [ 126.9511004, 37.501074100000011 ] ] } },
{ "type": "Feature", "properties": { "학교": "숭실대", "u": "10708858400", "v": "4621478353", "key": 0, "osmid": "278149001", "name": "상도로39길", "highway": "service", "length": 148.1, "validation_status": "unobserved", "tmap_hit_routes": 0 }, "geometry": { "type": "LineString", "coordinates": [ [ 126.9490524, 37.5028891 ], [ 126.9488603, 37.503114100000012 ], [ 126.948858799999982, 37.5031773 ], [ 126.9488834, 37.5032221 ], [ 126.9490473, 37.5033056 ], [ 126.9491358, 37.5033561 ], [ 126.9492526, 37.5033814 ], [ 126.9493694, 37.5032747 ], [ 126.949457800000019, 37.5032073 ], [ 126.9498684, 37.5030276 ] ] } },
{ "type": "Feature", "properties": { "학교": "숭실대", "u": "4626938545", "v": "4621478353", "key": 0, "osmid": "467539853", "name": "상도로39길", "highway": "service", "length": 29.6, "validation_status": "unobserved", "tmap_hit_routes": 0 }, "geometry": { "type": "LineString", "coordinates": [ [ 126.9490524, 37.5028891 ], [ 126.9487751, 37.5027391 ] ] } },
{ "type": "Feature", "properties": { "학교": "숭실대", "u": "13005797931", "v": "13005797934", "key": 0, "osmid": [ 1415331123, 1415331124 ], "name": "상도로47아길", "highway": "service", "length": 28.7, "validation_status": "unobserved", "tmap_hit_routes": 0 }, "geometry": { "type": "LineString", "coordinates": [ [ 126.9528697, 37.5035392 ], [ 126.952879399999986, 37.5036586 ], [ 126.9527088, 37.5036296 ] ] } },
{ "type": "Feature", "properties": { "학교": "숭실대", "u": "10265961155", "v": "10265961154", "key": 0, "osmid": "467541937", "name": "상도로", "highway": "service", "length": 1.7, "validation_status": "unobserved", "tmap_hit_routes": 0 }, "geometry": { "type": "LineString", "coordinates": [ [ 126.9478883, 37.5038191 ], [ 126.9478715, 37.503811 ] ] } },
{ "type": "Feature", "properties": { "학교": "숭실대", "u": "4621505856", "v": "12857612858", "key": 0, "osmid": "801862820", "name": "상도로38길", "highway": "service", "length": 26.2, "validation_status": "unobserved", "tmap_hit_routes": 0 }, "geometry": { "type": "LineString", "coordinates": [ [ 126.947549, 37.5020586 ], [ 126.9473049, 37.501925 ] ] } },
{ "type": "Feature", "properties": { "학교": "숭실대", "u": "4621505856", "v": "13255700963", "key": 0, "osmid": "1109939810", "name": "", "highway": "service", "length": 124.3, "validation_status": "unobserved", "tmap_hit_routes": 0 }, "geometry": { "type": "LineString", "coordinates": [ [ 126.9481571, 37.501212299999985 ], [ 126.9481472, 37.5012147 ], [ 126.948091600000012, 37.5012087 ], [ 126.948035799999985, 37.501194100000014 ], [ 126.947981199999987, 37.501197 ], [ 126.9479371, 37.5012202 ], [ 126.947805099999982, 37.5015528 ], [ 126.9477608, 37.5015942 ], [ 126.9477125, 37.5016242 ], [ 126.94763810000002, 37.5016431 ], [ 126.9475555, 37.5016465 ], [ 126.9475001, 37.5016615 ], [ 126.9474674, 37.5016861 ], [ 126.9473049, 37.501925 ] ] } },
{ "type": "Feature", "properties": { "학교": "숭실대", "u": "13255700963", "v": "13255700967", "key": 0, "osmid": [ 1444670217, 1444670218 ], "name": "", "highway": [ "service", "steps" ], "length": 40.1, "validation_status": "unobserved", "tmap_hit_routes": 0 }, "geometry": { "type": "LineString", "coordinates": [ [ 126.9480005, 37.5015333 ], [ 126.948051600000014, 37.5014336 ], [ 126.948172899999989, 37.5012897 ], [ 126.9481761, 37.5012692 ], [ 126.9481571, 37.501212299999985 ] ] } },
{ "type": "Feature", "properties": { "학교": "숭실대", "u": "4621509675", "v": "10154131882", "key": 0, "osmid": "467543172", "name": "상도로38길", "highway": "service", "length": 60.6, "validation_status": "unobserved", "tmap_hit_routes": 0 }, "geometry": { "type": "LineString", "coordinates": [ [ 126.949212499999987, 37.5007844 ], [ 126.9487898, 37.5012141 ] ] } },
{ "type": "Feature", "properties": { "학교": "숭실대", "u": "10154131882", "v": "4621509678", "key": 0, "osmid": "467543172", "name": "상도로38길", "highway": "service", "length": 52.2, "validation_status": "unobserved", "tmap_hit_routes": 0 }, "geometry": { "type": "LineString", "coordinates": [ [ 126.949559900000011, 37.5004039 ], [ 126.949212499999987, 37.5007844 ] ] } },
{ "type": "Feature", "properties": { "학교": "숭실대", "u": "10154131882", "v": "10154131884", "key": 0, "osmid": "1109939812", "name": "", "highway": "service", "length": 17.3, "validation_status": "unobserved", "tmap_hit_routes": 0 }, "geometry": { "type": "LineString", "coordinates": [ [ 126.949048600000012, 37.5006997 ], [ 126.949212499999987, 37.5007844 ] ] } },
{ "type": "Feature", "properties": { "학교": "숭실대", "u": "12800872798", "v": "13149390529", "key": 0, "osmid": "1382625639", "name": "", "highway": "service", "length": 11.1, "validation_status": "unobserved", "tmap_hit_routes": 0 }, "geometry": { "type": "LineString", "coordinates": [ [ 126.955408500000019, 37.495602 ], [ 126.9553857, 37.495503500000012 ] ] } },
{ "type": "Feature", "properties": { "학교": "숭실대", "u": "4697324250", "v": "4697324251", "key": 0, "osmid": "476080927", "name": "", "highway": "service", "length": 57.8, "validation_status": "validated", "tmap_hit_routes": 1 }, "geometry": { "type": "LineString", "coordinates": [ [ 126.963396900000021, 37.5015382 ], [ 126.962755500000014, 37.501429900000012 ] ] } },
{ "type": "Feature", "properties": { "학교": "숭실대", "u": "4697324250", "v": "4697324244", "key": 0, "osmid": "476080923", "name": "", "highway": "service", "length": 106.1, "validation_status": "validated", "tmap_hit_routes": 1 }, "geometry": { "type": "LineString", "coordinates": [ [ 126.9636652, 37.501211500000011 ], [ 126.9636128, 37.5012848 ], [ 126.9628529, 37.5011832 ], [ 126.962755500000014, 37.501429900000012 ] ] } },
{ "type": "Feature", "properties": { "학교": "숭실대", "u": "4697324244", "v": "4697324245", "key": 0, "osmid": "476080924", "name": "", "highway": "service", "length": 15.3, "validation_status": "validated", "tmap_hit_routes": 1 }, "geometry": { "type": "LineString", "coordinates": [ [ 126.963530700000021, 37.5011244 ], [ 126.9636652, 37.501211500000011 ] ] } },
{ "type": "Feature", "properties": { "학교": "숭실대", "u": "4697324245", "v": "4697324247", "key": 0, "osmid": "476080925", "name": "", "highway": "service", "length": 40.5, "validation_status": "unobserved", "tmap_hit_routes": 0 }, "geometry": { "type": "LineString", "coordinates": [ [ 126.9630824, 37.5011094 ], [ 126.963464, 37.5011499 ], [ 126.963530700000021, 37.5011244 ] ] } },
{ "type": "Feature", "properties": { "학교": "숭실대", "u": "4697324245", "v": "4697324249", "key": 0, "osmid": "476080926", "name": "", "highway": "service", "length": 34.3, "validation_status": "validated", "tmap_hit_routes": 1 }, "geometry": { "type": "LineString", "coordinates": [ [ 126.963203799999988, 37.5010158 ], [ 126.963500200000013, 37.5010594 ], [ 126.963530700000021, 37.5011244 ] ] } },
{ "type": "Feature", "properties": { "학교": "숭실대", "u": "5406793587", "v": "5406793593", "key": 0, "osmid": [ 560659941, 1150363061, 1150363062 ], "name": "동작충효길", "highway": "path", "length": 121.7, "validation_status": "validated", "tmap_hit_routes": 12 }, "geometry": { "type": "LineString", "coordinates": [ [ 126.962953, 37.4945168 ], [ 126.9626981, 37.494368 ], [ 126.962584800000016, 37.4942115 ], [ 126.962624, 37.4940327 ], [ 126.9626093, 37.4938407 ], [ 126.9625058, 37.4937638 ], [ 126.9623343, 37.4937051 ], [ 126.9623021, 37.493693500000013 ] ] } },
{ "type": "Feature", "properties": { "학교": "숭실대", "u": "5406793593", "v": "5406793597", "key": 0, "osmid": "957241481", "name": "동작충효길", "highway": "path", "length": 119.7, "validation_status": "unobserved", "tmap_hit_routes": 0 }, "geometry": { "type": "LineString", "coordinates": [ [ 126.9624212, 37.49544 ], [ 126.9626907, 37.4952885 ], [ 126.962821299999987, 37.4950833 ], [ 126.9628913, 37.4948835 ], [ 126.96287980000001, 37.4946724 ], [ 126.962953, 37.4945168 ] ] } },
{ "type": "Feature", "properties": { "학교": "숭실대", "u": "5406793597", "v": "8857857341", "key": 0, "osmid": "957241480", "name": "동작충효길", "highway": "path", "length": 435.4, "validation_status": "validated", "tmap_hit_routes": 1 }, "geometry": { "type": "LineString", "coordinates": [ [ 126.9602067, 37.4981554 ], [ 126.9602574, 37.4980949 ], [ 126.9602789, 37.4980342 ], [ 126.9602896, 37.49798950000001 ], [ 126.960303, 37.4979608 ], [ 126.9603231, 37.497937400000012 ], [ 126.9604707, 37.4978119 ], [ 126.9605015, 37.4977661 ], [ 126.9605096, 37.4977363 ], [ 126.9605015, 37.4977108 ], [ 126.960494800000021, 37.497690600000013 ], [ 126.9605055, 37.4976672 ], [ 126.9605256, 37.4976437 ], [ 126.960524299999989, 37.4976097 ], [ 126.9605096, 37.4975799 ], [ 126.960484099999988, 37.4975533 ], [ 126.9602628, 37.4974097 ], [ 126.9601984, 37.497365 ], [ 126.9601783, 37.4973256 ], [ 126.9601595, 37.4971054 ], [ 126.9601515, 37.4970245 ], [ 126.960175600000014, 37.4969362 ], [ 126.9601944, 37.4968713 ], [ 126.9602159, 37.4968298 ], [ 126.960233299999985, 37.4968117 ], [ 126.9602628, 37.4967904 ], [ 126.9605082, 37.496668100000015 ], [ 126.9607845, 37.4964872 ], [ 126.960840800000014, 37.4964372 ], [ 126.9608623, 37.4963978 ], [ 126.9608904, 37.4963637 ], [ 126.960928, 37.4963467 ], [ 126.961032599999982, 37.4963254 ], [ 126.9611895, 37.4962786 ], [ 126.961448300000015, 37.4961403 ], [ 126.9614953, 37.4961201 ], [ 126.9615154, 37.4961052 ], [ 126.961524800000021, 37.4960839 ], [ 126.9615234, 37.4960541 ], [ 126.9615355, 37.4959945 ], [ 126.9616039, 37.4958743 ], [ 126.961734, 37.4957523 ], [ 126.9617957, 37.4957012 ], [ 126.9618386, 37.4956821 ], [ 126.9618761, 37.4956778 ], [ 126.961932500000017, 37.495677800000017 ], [ 126.962050499999989, 37.4956799 ], [ 126.962084, 37.4956767 ], [ 126.9621149, 37.4956629 ], [ 126.9621377, 37.495648 ], [ 126.962156400000012, 37.49562250000001 ], [ 126.962173899999982, 37.495577800000014 ], [ 126.9622168, 37.4955161 ], [ 126.9622704, 37.495465 ], [ 126.9623938, 37.4954426 ], [ 126.9624212, 37.49544 ] ] } },
{ "type": "Feature", "properties": { "학교": "숭실대", "u": "5406793597", "v": "8761605856", "key": 0, "osmid": [ 946506418, 1384270197 ], "name": "동작충효길", "highway": [ "path", "steps" ], "length": 155.4, "validation_status": "unobserved", "tmap_hit_routes": 0 }, "geometry": { "type": "LineString", "coordinates": [ [ 126.962196300000016, 37.49675220000001 ], [ 126.9622538, 37.496636 ], [ 126.9624239, 37.49648770000001 ], [ 126.962331300000017, 37.4962596 ], [ 126.9623098, 37.496091 ], [ 126.962365500000018, 37.4959024 ], [ 126.962357400000016, 37.49571550000001 ], [ 126.9623984, 37.495606700000017 ], [ 126.9624176, 37.4955555 ], [ 126.9624199, 37.4955137 ], [ 126.9624212, 37.49544 ] ] } },
{ "type": "Feature", "properties": { "학교": "숭실대", "u": "8857857341", "v": "8761605867", "key": 0, "osmid": "946506418", "name": "동작충효길", "highway": "path", "length": 76.5, "validation_status": "unobserved", "tmap_hit_routes": 0 }, "geometry": { "type": "LineString", "coordinates": [ [ 126.96099580000002, 37.4979114 ], [ 126.9607763, 37.4979178 ], [ 126.9604754, 37.4980114 ], [ 126.9602067, 37.4981554 ] ] } },
{ "type": "Feature", "properties": { "학교": "숭실대", "u": "8857857341", "v": "8857857358", "key": 0, "osmid": [ 946506418, 946506420 ], "name": "동작충효길", "highway": "path", "length": 122.0, "validation_status": "validated", "tmap_hit_routes": 9 }, "geometry": { "type": "LineString", "coordinates": [ [ 126.95912610000002, 37.498805400000016 ], [ 126.959150100000016, 37.4987855 ], [ 126.9592192, 37.4986629 ], [ 126.959337100000013, 37.4985823 ], [ 126.9596156, 37.4984484 ], [ 126.959861500000017, 37.4983404 ], [ 126.9602067, 37.4981554 ] ] } },
{ "type": "Feature", "properties": { "학교": "숭실대", "u": "8761605856", "v": "8761605867", "key": 0, "osmid": "946506418", "name": "동작충효길", "highway": "path", "length": 190.1, "validation_status": "unobserved", "tmap_hit_routes": 0 }, "geometry": { "type": "LineString", "coordinates": [ [ 126.96099580000002, 37.4979114 ], [ 126.961069, 37.4978727 ], [ 126.961174700000015, 37.497734 ], [ 126.961256, 37.4972663 ], [ 126.961256, 37.497105 ], [ 126.9612844, 37.4970534 ], [ 126.96135360000001, 37.4970115 ], [ 126.961455200000017, 37.496963099999988 ], [ 126.961637300000021, 37.496909 ], [ 126.961971600000012, 37.496816100000011 ], [ 126.9621164, 37.4967831 ], [ 126.962196300000016, 37.49675220000001 ] ] } },
{ "type": "Feature", "properties": { "학교": "숭실대", "u": "8761605856", "v": "5406793607", "key": 0, "osmid": "946506421", "name": "동작충효길", "highway": "path", "length": 29.4, "validation_status": "unobserved", "tmap_hit_routes": 0 }, "geometry": { "type": "LineString", "coordinates": [ [ 126.9620159, 37.496972899999989 ], [ 126.962168, 37.4968093 ], [ 126.962196300000016, 37.49675220000001 ] ] } },
{ "type": "Feature", "properties": { "학교": "숭실대", "u": "5406793607", "v": "5406793610", "key": 0, "osmid": "946506417", "name": "동작충효길", "highway": "path", "length": 35.5, "validation_status": "unobserved", "tmap_hit_routes": 0 }, "geometry": { "type": "LineString", "coordinates": [ [ 126.961839, 37.497259900000017 ], [ 126.9620159, 37.496972899999989 ] ] } },
{ "type": "Feature", "properties": { "학교": "숭실대", "u": "5406793607", "v": "5406793610", "key": 1, "osmid": "946506421", "name": "동작충효길", "highway": "path", "length": 61.7, "validation_status": "unobserved", "tmap_hit_routes": 0 }, "geometry": { "type": "LineString", "coordinates": [ [ 126.961839, 37.497259900000017 ], [ 126.9616447, 37.49707020000001 ], [ 126.9620159, 37.496972899999989 ] ] } },
{ "type": "Feature", "properties": { "학교": "숭실대", "u": "5406793610", "v": "5406793613", "key": 0, "osmid": "946506417", "name": "동작충효길", "highway": "path", "length": 62.0, "validation_status": "unobserved", "tmap_hit_routes": 0 }, "geometry": { "type": "LineString", "coordinates": [ [ 126.9622136, 37.4977212 ], [ 126.9621328, 37.497538600000013 ], [ 126.9619939, 37.4973958 ], [ 126.961894199999989, 37.4973083 ], [ 126.961839, 37.497259900000017 ] ] } },
{ "type": "Feature", "properties": { "학교": "숭실대", "u": "5406793613", "v": "8761605867", "key": 0, "osmid": "946506417", "name": "동작충효길", "highway": "path", "length": 124.7, "validation_status": "unobserved", "tmap_hit_routes": 0 }, "geometry": { "type": "LineString", "coordinates": [ [ 126.96099580000002, 37.4979114 ], [ 126.9615853, 37.497937199999988 ], [ 126.9617764, 37.497959800000011 ], [ 126.962075700000014, 37.4979304 ], [ 126.962182299999981, 37.4978832 ], [ 126.9622136, 37.4977212 ] ] } },
{ "type": "Feature", "properties": { "학교": "숭실대", "u": "5406793629", "v": "12152877184", "key": 0, "osmid": "1312936642", "name": "", "highway": "path", "length": 131.0, "validation_status": "validated", "tmap_hit_routes": 1 }, "geometry": { "type": "LineString", "coordinates": [ [ 126.9661702, 37.4922452 ], [ 126.9660485, 37.492354 ], [ 126.9658712, 37.4926227 ], [ 126.9657712, 37.4926903 ], [ 126.9656888, 37.4928277 ], [ 126.9656605, 37.4929783 ], [ 126.96546, 37.4932563 ] ] } },
{ "type": "Feature", "properties": { "학교": "숭실대", "u": "12152877184", "v": "12155399129", "key": 0, "osmid": "1312936649", "name": "", "highway": "path", "length": 226.6, "validation_status": "unobserved", "tmap_hit_routes": 0 }, "geometry": { "type": "LineString", "coordinates": [ [ 126.9679002, 37.4909038 ], [ 126.967854800000012, 37.490996500000016 ], [ 126.967653400000017, 37.49117840000001 ], [ 126.9674123, 37.4913151 ], [ 126.967133599999983, 37.4914378 ], [ 126.966844800000018, 37.49156880000001 ], [ 126.9664213, 37.4917415 ], [ 126.9662633, 37.4918689 ], [ 126.9661915, 37.4920143 ], [ 126.9661702, 37.4922452 ] ] } },
{ "type": "Feature", "properties": { "학교": "숭실대", "u": "13322228150", "v": "12794885932", "key": 0, "osmid": "1382013455", "name": "", "highway": "footway", "length": 76.9, "validation_status": "validated", "tmap_hit_routes": 4 }, "geometry": { "type": "LineString", "coordinates": [ [ 126.960389, 37.4947269 ], [ 126.9595316, 37.4948503 ] ] } },
{ "type": "Feature", "properties": { "학교": "숭실대", "u": "6428306229", "v": "6428306232", "key": 0, "osmid": "685865833", "name": "", "highway": "service", "length": 50.3, "validation_status": "unobserved", "tmap_hit_routes": 0 }, "geometry": { "type": "LineString", "coordinates": [ [ 126.9679912, 37.4991568 ], [ 126.9680319, 37.4990506 ], [ 126.9682618, 37.4989371 ], [ 126.9683553, 37.4988351 ] ] } },
{ "type": "Feature", "properties": { "학교": "숭실대", "u": "6428306232", "v": "6428306242", "key": 0, "osmid": "685865836", "name": "", "highway": "service", "length": 15.5, "validation_status": "unobserved", "tmap_hit_routes": 0 }, "geometry": { "type": "LineString", "coordinates": [ [ 126.96781780000002, 37.499137099999984 ], [ 126.9679912, 37.4991568 ] ] } },
{ "type": "Feature", "properties": { "학교": "숭실대", "u": "7256876600", "v": "7256876597", "key": 0, "osmid": "777608500", "name": "", "highway": "path", "length": 46.5, "validation_status": "unobserved", "tmap_hit_routes": 0 }, "geometry": { "type": "LineString", "coordinates": [ [ 126.950776499999989, 37.492918699999983 ], [ 126.95080059999998, 37.4928527 ], [ 126.9507041, 37.4927399 ], [ 126.9508159, 37.4925462 ] ] } },
{ "type": "Feature", "properties": { "학교": "숭실대", "u": "7552118028", "v": "7552118055", "key": 0, "osmid": "807588491", "name": "", "highway": "service", "length": 10.1, "validation_status": "unobserved", "tmap_hit_routes": 0 }, "geometry": { "type": "LineString", "coordinates": [ [ 126.967626199999984, 37.4954876 ], [ 126.967673500000018, 37.4954046 ] ] } },
{ "type": "Feature", "properties": { "학교": "숭실대", "u": "7552118028", "v": "7553160421", "key": 0, "osmid": "154112524", "name": "", "highway": "service", "length": 27.3, "validation_status": "unobserved", "tmap_hit_routes": 0 }, "geometry": { "type": "LineString", "coordinates": [ [ 126.967980200000014, 37.4953735 ], [ 126.9678522, 37.4953843 ], [ 126.967673500000018, 37.4954046 ] ] } },
{ "type": "Feature", "properties": { "학교": "숭실대", "u": "7552118055", "v": "7553160428", "key": 0, "osmid": "807588504", "name": "", "highway": "steps", "length": 59.1, "validation_status": "unobserved", "tmap_hit_routes": 0 }, "geometry": { "type": "LineString", "coordinates": [ [ 126.96809140000002, 37.495869799999987 ], [ 126.967626199999984, 37.4954876 ] ] } },
{ "type": "Feature", "properties": { "학교": "숭실대", "u": "7552118055", "v": "7552118145", "key": 0, "osmid": "807588491", "name": "", "highway": "service", "length": 149.4, "validation_status": "unobserved", "tmap_hit_routes": 0 }, "geometry": { "type": "LineString", "coordinates": [ [ 126.9679071, 37.4967113 ], [ 126.9676009, 37.4964395 ], [ 126.9675521, 37.4963589 ], [ 126.96749920000002, 37.4962202 ], [ 126.967491100000018, 37.4960912 ], [ 126.967584, 37.4955679 ], [ 126.967626199999984, 37.4954876 ] ] } },
{ "type": "Feature", "properties": { "학교": "숭실대", "u": "7553160421", "v": "7553160428", "key": 0, "osmid": [ 807700289, 807700290 ], "name": "", "highway": [ "footway", "steps" ], "length": 63.2, "validation_status": "unobserved", "tmap_hit_routes": 0 }, "geometry": { "type": "LineString", "coordinates": [ [ 126.96809140000002, 37.495869799999987 ], [ 126.9681693, 37.4957914 ], [ 126.9681249, 37.49575440000001 ], [ 126.96806890000002, 37.4957043 ], [ 126.9680128, 37.4956321 ], [ 126.967977800000014, 37.4955616 ], [ 126.967961399999979, 37.4954764 ], [ 126.967980200000014, 37.4953735 ] ] } },
{ "type": "Feature", "properties": { "학교": "숭실대", "u": "7553160428", "v": "7552118147", "key": 0, "osmid": "807588504", "name": "", "highway": "steps", "length": 11.7, "validation_status": "unobserved", "tmap_hit_routes": 0 }, "geometry": { "type": "LineString", "coordinates": [ [ 126.96818380000002, 37.4959458 ], [ 126.96809140000002, 37.495869799999987 ] ] } },
{ "type": "Feature", "properties": { "학교": "숭실대", "u": "7552118145", "v": "7552118148", "key": 0, "osmid": "807588503", "name": "", "highway": "steps", "length": 50.9, "validation_status": "unobserved", "tmap_hit_routes": 0 }, "geometry": { "type": "LineString", "coordinates": [ [ 126.9683303, 37.4964005 ], [ 126.9679071, 37.4967113 ] ] } },
{ "type": "Feature", "properties": { "학교": "숭실대", "u": "7552118148", "v": "7552118147", "key": 0, "osmid": "807588502", "name": "", "highway": "footway", "length": 60.3, "validation_status": "unobserved", "tmap_hit_routes": 0 }, "geometry": { "type": "LineString", "coordinates": [ [ 126.96818380000002, 37.4959458 ], [ 126.9681693, 37.4959533 ], [ 126.9681213, 37.4959997 ], [ 126.9680934, 37.4960555 ], [ 126.9680883, 37.4961154 ], [ 126.9681066, 37.4961737 ], [ 126.9681464, 37.4962248 ], [ 126.9683303, 37.4964005 ] ] } },
{ "type": "Feature", "properties": { "학교": "숭실대", "u": "7604130043", "v": "7604130046", "key": 0, "osmid": "814032386", "name": "", "highway": "service", "length": 54.2, "validation_status": "unobserved", "tmap_hit_routes": 0 }, "geometry": { "type": "LineString", "coordinates": [ [ 126.948980700000021, 37.4901377 ], [ 126.949546, 37.4899461 ] ] } },
{ "type": "Feature", "properties": { "학교": "숭실대", "u": "11413637526", "v": "11413637903", "key": 0, "osmid": "1230724661", "name": "", "highway": "footway", "length": 201.6, "validation_status": "unobserved", "tmap_hit_routes": 0 }, "geometry": { "type": "LineString", "coordinates": [ [ 126.9511232, 37.4890998 ], [ 126.950669300000015, 37.4888425 ], [ 126.9503441, 37.488664 ], [ 126.950194300000021, 37.4885431 ], [ 126.9502083, 37.4883912 ], [ 126.9504162, 37.4881354 ], [ 126.9505622, 37.4879226 ], [ 126.9505692, 37.487866700000012 ], [ 126.950666900000016, 37.4878675 ], [ 126.950735, 37.4878676 ] ] } },
{ "type": "Feature", "properties": { "학교": "숭실대", "u": "11413637526", "v": "11413637781", "key": 0, "osmid": "1230724661", "name": "", "highway": "footway", "length": 85.6, "validation_status": "unobserved", "tmap_hit_routes": 0 }, "geometry": { "type": "LineString", "coordinates": [ [ 126.9516949, 37.4877756 ], [ 126.951490899999982, 37.4877879 ], [ 126.951296499999984, 37.4878202 ], [ 126.9510745, 37.4878579 ], [ 126.9509421, 37.4878678 ], [ 126.950735, 37.4878676 ] ] } },
{ "type": "Feature", "properties": { "학교": "숭실대", "u": "7831305678", "v": "11413637510", "key": 0, "osmid": "278439052", "name": "", "highway": "service", "length": 40.2, "validation_status": "unobserved", "tmap_hit_routes": 0 }, "geometry": { "type": "LineString", "coordinates": [ [ 126.9526062, 37.4899647 ], [ 126.9525711, 37.4900057 ], [ 126.952243900000013, 37.4898322 ] ] } },
{ "type": "Feature", "properties": { "학교": "숭실대", "u": "11413637510", "v": "11413637911", "key": 0, "osmid": "278439052", "name": "", "highway": "service", "length": 51.6, "validation_status": "unobserved", "tmap_hit_routes": 0 }, "geometry": { "type": "LineString", "coordinates": [ [ 126.9529347, 37.4895808 ], [ 126.9526062, 37.4899647 ] ] } },
{ "type": "Feature", "properties": { "학교": "숭실대", "u": "11413637510", "v": "11413637822", "key": 0, "osmid": "1230724637", "name": "", "highway": "footway", "length": 136.3, "validation_status": "unobserved", "tmap_hit_routes": 0 }, "geometry": { "type": "LineString", "coordinates": [ [ 126.9513577, 37.4892432 ], [ 126.9514331, 37.4892872 ], [ 126.951800799999987, 37.48950110000002 ], [ 126.952177299999988, 37.4897232 ], [ 126.9522347, 37.4897594 ], [ 126.9523245, 37.4898192 ], [ 126.9526062, 37.4899647 ] ] } },
{ "type": "Feature", "properties": { "학교": "숭실대", "u": "8482687939", "v": "8482687939", "key": 0, "osmid": "913157048", "name": "", "highway": "service", "length": 139.1, "validation_status": "unobserved", "tmap_hit_routes": 0 }, "geometry": { "type": "LineString", "coordinates": [ [ 126.9593489, 37.4929133 ], [ 126.959370400000012, 37.4928856 ], [ 126.95946960000002, 37.4928452 ], [ 126.9595259, 37.492809 ], [ 126.95958490000001, 37.4927579 ], [ 126.959601, 37.492706900000023 ], [ 126.95958229999998, 37.4926749 ], [ 126.959534, 37.4926302 ], [ 126.9594401, 37.4926005 ], [ 126.9593221, 37.4926132 ], [ 126.9592014, 37.4926494 ], [ 126.9591209, 37.4927132 ], [ 126.959078, 37.4927686 ], [ 126.959045799999984, 37.4928282 ], [ 126.9590431, 37.4928729 ], [ 126.9590619, 37.4929133 ], [ 126.9590861, 37.492945200000015 ], [ 126.9591209, 37.492968599999983 ], [ 126.9591773, 37.4929771 ], [ 126.9592121, 37.4929729 ], [ 126.9592738, 37.4929388 ], [ 126.959319400000012, 37.4929197 ], [ 126.9593489, 37.4929133 ] ] } },
{ "type": "Feature", "properties": { "학교": "숭실대", "u": "8482687970", "v": "8482687970", "key": 0, "osmid": "913157050", "name": "", "highway": "service", "length": 110.1, "validation_status": "unobserved", "tmap_hit_routes": 0 }, "geometry": { "type": "LineString", "coordinates": [ [ 126.9601725, 37.4930606 ], [ 126.960542500000017, 37.4929899 ], [ 126.960564, 37.493011199999984 ], [ 126.9605961, 37.4931389 ], [ 126.9605881, 37.4931644 ], [ 126.9605613, 37.4931814 ], [ 126.960531800000012, 37.4932027 ], [ 126.960266200000021, 37.4932623 ], [ 126.9602367, 37.4932559 ], [ 126.9602233, 37.4932346 ], [ 126.9601725, 37.4930606 ] ] } },
{ "type": "Feature", "properties": { "학교": "숭실대", "u": "8482842636", "v": "8482842637", "key": 0, "osmid": "913176116", "name": "", "highway": "service", "length": 43.2, "validation_status": "unobserved", "tmap_hit_routes": 0 }, "geometry": { "type": "LineString", "coordinates": [ [ 126.9640774, 37.4894513 ], [ 126.9639435, 37.4898253 ] ] } },
{ "type": "Feature", "properties": { "학교": "숭실대", "u": "8761605888", "v": "8857857358", "key": 0, "osmid": "946506420", "name": "동작충효길", "highway": "path", "length": 128.6, "validation_status": "unobserved", "tmap_hit_routes": 0 }, "geometry": { "type": "LineString", "coordinates": [ [ 126.95912610000002, 37.498805400000016 ], [ 126.959064699999985, 37.4988564 ], [ 126.95899150000001, 37.4988758 ], [ 126.9589387, 37.4988629 ], [ 126.958796400000011, 37.4988113 ], [ 126.958639, 37.4987487 ], [ 126.9584592, 37.498716700000017 ], [ 126.9583198, 37.4987019 ], [ 126.958059600000013, 37.498689099999986 ], [ 126.957979100000017, 37.4986976 ], [ 126.9579335, 37.4987104 ], [ 126.957803900000016, 37.4988191 ] ] } },
{ "type": "Feature", "properties": { "학교": "숭실대", "u": "8761605888", "v": "8857857355", "key": 0, "osmid": "957241483", "name": "동작충효길", "highway": "path", "length": 139.2, "validation_status": "unobserved", "tmap_hit_routes": 0 }, "geometry": { "type": "LineString", "coordinates": [ [ 126.9592229, 37.4989553 ], [ 126.9591483, 37.499037 ], [ 126.9590288, 37.4990605 ], [ 126.958964, 37.499085700000016 ], [ 126.958882200000019, 37.4990873 ], [ 126.958761699999982, 37.4991011 ], [ 126.958608, 37.4990674 ], [ 126.9584945, 37.499039400000015 ], [ 126.958394399999989, 37.4989636 ], [ 126.9583037, 37.498920300000016 ], [ 126.9582379, 37.4988892 ], [ 126.9582064, 37.4988704 ], [ 126.9581683, 37.4988681 ], [ 126.9581326, 37.4988635 ], [ 126.958078, 37.4988566 ], [ 126.957992300000015, 37.4988467 ], [ 126.957894, 37.4988501 ], [ 126.957803900000016, 37.4988191 ] ] } },
{ "type": "Feature", "properties": { "학교": "숭실대", "u": "8857857358", "v": "8857857355", "key": 0, "osmid": "957241483", "name": "동작충효길", "highway": "path", "length": 18.9, "validation_status": "unobserved", "tmap_hit_routes": 0 }, "geometry": { "type": "LineString", "coordinates": [ [ 126.9592229, 37.4989553 ], [ 126.9591878, 37.4988893 ], [ 126.959164500000014, 37.4988412 ], [ 126.95912610000002, 37.498805400000016 ] ] } },
{ "type": "Feature", "properties": { "학교": "숭실대", "u": "13195507443", "v": "13195507460", "key": 0, "osmid": [ 1435644005, 331197231 ], "name": "", "highway": [ "footway", "path" ], "length": 180.9, "validation_status": "unobserved", "tmap_hit_routes": 0 }, "geometry": { "type": "LineString", "coordinates": [ [ 126.9491658, 37.499290200000026 ], [ 126.949090699999985, 37.4992906 ], [ 126.9488925, 37.4992637 ], [ 126.9486893, 37.4992018 ], [ 126.9485528, 37.4993282 ], [ 126.9484731, 37.4992643 ], [ 126.948365, 37.4992276 ], [ 126.9483144, 37.4992103 ], [ 126.948261, 37.4991921 ], [ 126.9480895, 37.4991683 ], [ 126.9480175, 37.499093599999988 ], [ 126.9481431, 37.4987822 ], [ 126.948167199999986, 37.4986267 ], [ 126.9481713, 37.49854650000001 ] ] } },
{ "type": "Feature", "properties": { "학교": "숭실대", "u": "13195507443", "v": "10127723815", "key": 0, "osmid": "467543442", "name": "양녕로32길", "highway": "service", "length": 139.7, "validation_status": "unobserved", "tmap_hit_routes": 0 }, "geometry": { "type": "LineString", "coordinates": [ [ 126.9476672, 37.4996971 ], [ 126.9476936, 37.4996559 ], [ 126.9477437, 37.4996196 ], [ 126.9477726, 37.4995799 ], [ 126.9477917, 37.4994754 ], [ 126.9477928, 37.4992811 ], [ 126.9478171, 37.499168800000014 ], [ 126.9478364, 37.4991315 ], [ 126.9478954, 37.499048800000011 ], [ 126.9480155, 37.498736 ], [ 126.9480824, 37.4986018 ], [ 126.9481713, 37.49854650000001 ] ] } },
{ "type": "Feature", "properties": { "학교": "숭실대", "u": "10127723815", "v": "13261401479", "key": 0, "osmid": [ 467543442, 278148180 ], "name": [ "상도로38다길", "양녕로32길" ], "highway": "service", "length": 107.3, "validation_status": "unobserved", "tmap_hit_routes": 0 }, "geometry": { "type": "LineString", "coordinates": [ [ 126.948701, 37.499899900000017 ], [ 126.9486708, 37.499878 ], [ 126.9484304, 37.4997785 ], [ 126.9482759, 37.4997849 ], [ 126.948215, 37.4997833 ], [ 126.9481043, 37.4997691 ], [ 126.948032400000017, 37.4997642 ], [ 126.947968, 37.4997778 ], [ 126.9478913, 37.49980260000001 ], [ 126.9478353, 37.499825 ], [ 126.947775, 37.4998287 ], [ 126.9477144, 37.499813800000013 ], [ 126.9476768, 37.499792100000015 ], [ 126.9476663, 37.4997696 ], [ 126.9476636, 37.4997361 ], [ 126.9476672, 37.4996971 ] ] } },
{ "type": "Feature", "properties": { "학교": "숭실대", "u": "13261401479", "v": "13261401489", "key": 0, "osmid": "278150001", "name": "", "highway": "residential", "length": 5.2, "validation_status": "unobserved", "tmap_hit_routes": 0 }, "geometry": { "type": "LineString", "coordinates": [ [ 126.948705, 37.4998532 ], [ 126.948701, 37.499899900000017 ] ] } },
{ "type": "Feature", "properties": { "학교": "숭실대", "u": "13261401479", "v": "13261401490", "key": 0, "osmid": "1445405070", "name": "", "highway": "service", "length": 15.3, "validation_status": "unobserved", "tmap_hit_routes": 0 }, "geometry": { "type": "LineString", "coordinates": [ [ 126.9488565, 37.4999615 ], [ 126.948701, 37.499899900000017 ] ] } },
{ "type": "Feature", "properties": { "학교": "숭실대", "u": "10570453188", "v": "10570453206", "key": 0, "osmid": "1133800915", "name": "", "highway": "footway", "length": 66.6, "validation_status": "unobserved", "tmap_hit_routes": 0 }, "geometry": { "type": "LineString", "coordinates": [ [ 126.948505, 37.4947039 ], [ 126.9484979, 37.4947087 ], [ 126.9484448, 37.4948579 ], [ 126.9484418, 37.4949615 ], [ 126.948639, 37.49525520000001 ] ] } },
{ "type": "Feature", "properties": { "학교": "숭실대", "u": "10570453188", "v": "10570453205", "key": 0, "osmid": "1133800916", "name": "", "highway": "footway", "length": 151.2, "validation_status": "validated", "tmap_hit_routes": 1 }, "geometry": { "type": "LineString", "coordinates": [ [ 126.9490035, 37.4963654 ], [ 126.9487283, 37.4962215 ], [ 126.9486074, 37.496127799999989 ], [ 126.9485867, 37.4960662 ], [ 126.948605599999979, 37.4959009 ], [ 126.94859839999998, 37.495679 ], [ 126.9484992, 37.4955816 ], [ 126.9484739, 37.4954599 ], [ 126.9485019, 37.495354 ], [ 126.948553300000015, 37.4952831 ], [ 126.948639, 37.49525520000001 ] ] } },
{ "type": "Feature", "properties": { "학교": "숭실대", "u": "10570453188", "v": "10570453194", "key": 0, "osmid": "1133800916", "name": "", "highway": "footway", "length": 13.2, "validation_status": "unobserved", "tmap_hit_routes": 0 }, "geometry": { "type": "LineString", "coordinates": [ [ 126.9487861, 37.4952488 ], [ 126.9486985, 37.495243 ], [ 126.948639, 37.49525520000001 ] ] } },
{ "type": "Feature", "properties": { "학교": "숭실대", "u": "10570453206", "v": "10570453193", "key": 0, "osmid": "1133800915", "name": "", "highway": "footway", "length": 64.5, "validation_status": "unobserved", "tmap_hit_routes": 0 }, "geometry": { "type": "LineString", "coordinates": [ [ 126.9490691, 37.4948389 ], [ 126.9488111, 37.4948315 ], [ 126.9487768, 37.4946978 ], [ 126.948713500000011, 37.4946612 ], [ 126.9485483, 37.4946748 ], [ 126.948505, 37.4947039 ] ] } },
{ "type": "Feature", "properties": { "학교": "숭실대", "u": "10570453206", "v": "10570453207", "key": 0, "osmid": "1133800917", "name": "", "highway": "footway", "length": 22.1, "validation_status": "unobserved", "tmap_hit_routes": 0 }, "geometry": { "type": "LineString", "coordinates": [ [ 126.9483928, 37.4945265 ], [ 126.948414600000021, 37.494561100000013 ], [ 126.948505, 37.4947039 ] ] } },
{ "type": "Feature", "properties": { "학교": "숭실대", "u": "10570453205", "v": "10570464715", "key": 0, "osmid": "1133800918", "name": "", "highway": "footway", "length": 67.5, "validation_status": "unobserved", "tmap_hit_routes": 0 }, "geometry": { "type": "LineString", "coordinates": [ [ 126.949263400000021, 37.4968355 ], [ 126.9489821, 37.4966528 ], [ 126.9489291, 37.4965632 ], [ 126.9489183, 37.496463 ], [ 126.9490035, 37.4963654 ] ] } },
{ "type": "Feature", "properties": { "학교": "숭실대", "u": "10570453205", "v": "10570464709", "key": 0, "osmid": "1133800918", "name": "", "highway": "footway", "length": 19.0, "validation_status": "validated", "tmap_hit_routes": 1 }, "geometry": { "type": "LineString", "coordinates": [ [ 126.94920470000001, 37.4963724 ], [ 126.9491454, 37.4963471 ], [ 126.9490688, 37.4963431 ], [ 126.9490035, 37.4963654 ] ] } },
{ "type": "Feature", "properties": { "학교": "숭실대", "u": "10570453193", "v": "10570464787", "key": 0, "osmid": "1133800925", "name": "", "highway": "footway", "length": 42.7, "validation_status": "validated", "tmap_hit_routes": 1 }, "geometry": { "type": "LineString", "coordinates": [ [ 126.9491705, 37.4944637 ], [ 126.9490691, 37.4948389 ] ] } },
{ "type": "Feature", "properties": { "학교": "숭실대", "u": "10570453193", "v": "10570464800", "key": 0, "osmid": "1133800925", "name": "", "highway": "footway", "length": 238.1, "validation_status": "validated", "tmap_hit_routes": 2 }, "geometry": { "type": "LineString", "coordinates": [ [ 126.949846199999982, 37.496838 ], [ 126.9492938, 37.4959644 ], [ 126.9492477, 37.495858 ], [ 126.9490653, 37.4955294 ], [ 126.9490514, 37.4954136 ], [ 126.94903960000002, 37.495347300000013 ], [ 126.9490546, 37.49518470000001 ], [ 126.9490691, 37.4948389 ] ] } },
{ "type": "Feature", "properties": { "학교": "숭실대", "u": "10570464800", "v": "10570464715", "key": 0, "osmid": "1133800919", "name": "", "highway": "footway", "length": 56.6, "validation_status": "validated", "tmap_hit_routes": 1 }, "geometry": { "type": "LineString", "coordinates": [ [ 126.949263400000021, 37.4968355 ], [ 126.94929070000002, 37.4968039 ], [ 126.949331500000014, 37.4967847 ], [ 126.9493797, 37.4967835 ], [ 126.94945060000002, 37.496803 ], [ 126.949534600000021, 37.4968573 ], [ 126.949806, 37.4968503 ], [ 126.949846199999982, 37.496838 ] ] } },
{ "type": "Feature", "properties": { "학교": "숭실대", "u": "10570464800", "v": "10570464798", "key": 0, "osmid": "1133800925", "name": "", "highway": "footway", "length": 53.6, "validation_status": "validated", "tmap_hit_routes": 2 }, "geometry": { "type": "LineString", "coordinates": [ [ 126.949952600000017, 37.4972923 ], [ 126.9499226, 37.4972421 ], [ 126.9499183, 37.497214 ], [ 126.9499547, 37.4970625 ], [ 126.9499451, 37.4969944 ], [ 126.949846199999982, 37.496838 ] ] } },
{ "type": "Feature", "properties": { "학교": "숭실대", "u": "10570464715", "v": "10570464721", "key": 0, "osmid": "1133800918", "name": "", "highway": "footway", "length": 135.6, "validation_status": "unobserved", "tmap_hit_routes": 0 }, "geometry": { "type": "LineString", "coordinates": [ [ 126.94969930000002, 37.4978955 ], [ 126.9495092, 37.497805900000017 ], [ 126.949439, 37.4977892 ], [ 126.949391, 37.4977662 ], [ 126.949368, 37.4977279 ], [ 126.9493591, 37.4973291 ], [ 126.949315699999985, 37.497188400000013 ], [ 126.949263400000021, 37.4968355 ] ] } },
{ "type": "Feature", "properties": { "학교": "숭실대", "u": "10570464798", "v": "11413637759", "key": 0, "osmid": "1230724622", "name": "", "highway": "footway", "length": 17.6, "validation_status": "validated", "tmap_hit_routes": 2 }, "geometry": { "type": "LineString", "coordinates": [ [ 126.9501321, 37.4972231 ], [ 126.949952600000017, 37.4972923 ] ] } },
{ "type": "Feature", "properties": { "학교": "숭실대", "u": "11413637585", "v": "10589255412", "key": 0, "osmid": "1135955732", "name": "", "highway": "service", "length": 272.9, "validation_status": "validated", "tmap_hit_routes": 2 }, "geometry": { "type": "LineString", "coordinates": [ [ 126.9515374, 37.4949684 ], [ 126.951573699999983, 37.4949892 ], [ 126.9516938, 37.495093100000027 ], [ 126.9517088, 37.495126300000017 ], [ 126.9517024, 37.4951663 ], [ 126.9516455, 37.4953834 ], [ 126.9516133, 37.49542 ], [ 126.95118309999998, 37.49553490000001 ], [ 126.9511337, 37.4955655 ], [ 126.9511187, 37.4956217 ], [ 126.951487, 37.4966025 ], [ 126.9514879, 37.496632400000024 ], [ 126.9513529, 37.4970334 ] ] } },
{ "type": "Feature", "properties": { "학교": "숭실대", "u": "11413637585", "v": "11413637584", "key": 0, "osmid": [ 1230724611, 1230724703 ], "name": "", "highway": "footway", "length": 98.5, "validation_status": "validated", "tmap_hit_routes": 6 }, "geometry": { "type": "LineString", "coordinates": [ [ 126.95032070000002, 37.4971591 ], [ 126.950819600000017, 37.4969606 ], [ 126.950982, 37.496932900000012 ], [ 126.9512768, 37.497014199999988 ], [ 126.9513529, 37.4970334 ] ] } },
{ "type": "Feature", "properties": { "학교": "숭실대", "u": "10589255412", "v": "10589255546", "key": 0, "osmid": "1135955746", "name": "", "highway": "service", "length": 6.9, "validation_status": "bridged", "tmap_hit_routes": 0 }, "geometry": { "type": "LineString", "coordinates": [ [ 126.951543900000019, 37.4949067 ], [ 126.9515374, 37.4949684 ] ] } },
{ "type": "Feature", "properties": { "학교": "숭실대", "u": "10589255412", "v": "10589255558", "key": 0, "osmid": "1135955732", "name": "", "highway": "service", "length": 60.8, "validation_status": "unobserved", "tmap_hit_routes": 0 }, "geometry": { "type": "LineString", "coordinates": [ [ 126.950877299999988, 37.4951227 ], [ 126.9514878, 37.4949722 ], [ 126.9515374, 37.4949684 ] ] } },
{ "type": "Feature", "properties": { "학교": "숭실대", "u": "10589255546", "v": "10589255559", "key": 0, "osmid": "1135955746", "name": "", "highway": "service", "length": 8.8, "validation_status": "unobserved", "tmap_hit_routes": 0 }, "geometry": { "type": "LineString", "coordinates": [ [ 126.9515127, 37.4948317 ], [ 126.951543900000019, 37.4949067 ] ] } },
{ "type": "Feature", "properties": { "학교": "숭실대", "u": "10589255546", "v": "10589255561", "key": 0, "osmid": "1135955743", "name": "", "highway": "path", "length": 138.6, "validation_status": "validated", "tmap_hit_routes": 2 }, "geometry": { "type": "LineString", "coordinates": [ [ 126.9522692, 37.4942073 ], [ 126.952485, 37.4943341 ], [ 126.952502200000012, 37.494364 ], [ 126.9525073, 37.49441 ], [ 126.9524939, 37.49447480000002 ], [ 126.95217169999998, 37.4947188 ], [ 126.9521009, 37.4947568 ], [ 126.95190190000001, 37.4947962 ], [ 126.951543900000019, 37.4949067 ] ] } },
{ "type": "Feature", "properties": { "학교": "숭실대", "u": "10589255558", "v": "10589255557", "key": 0, "osmid": "1135955745", "name": "", "highway": "path", "length": 44.8, "validation_status": "unobserved", "tmap_hit_routes": 0 }, "geometry": { "type": "LineString", "coordinates": [ [ 126.9510289, 37.495507100000012 ], [ 126.950877299999988, 37.4951227 ] ] } },
{ "type": "Feature", "properties": { "학교": "숭실대", "u": "10589255558", "v": "10589255564", "key": 0, "osmid": "1135955745", "name": "", "highway": "path", "length": 58.4, "validation_status": "unobserved", "tmap_hit_routes": 0 }, "geometry": { "type": "LineString", "coordinates": [ [ 126.9506797, 37.4946216 ], [ 126.950877299999988, 37.4951227 ] ] } },
{ "type": "Feature", "properties": { "학교": "숭실대", "u": "10589255561", "v": "10589255556", "key": 0, "osmid": [ 1135955744, 1135955743 ], "name": "", "highway": "path", "length": 363.5, "validation_status": "unobserved", "tmap_hit_routes": 0 }, "geometry": { "type": "LineString", "coordinates": [ [ 126.950633700000012, 37.49450490000001 ], [ 126.9505921, 37.4945131 ], [ 126.9504852, 37.49456 ], [ 126.9504267, 37.4946196 ], [ 126.9504055, 37.4946786 ], [ 126.95034560000002, 37.4947093 ], [ 126.95002310000001, 37.4947954 ], [ 126.949877099999981, 37.4945723 ], [ 126.94984070000001, 37.494429 ], [ 126.9498301, 37.4943628 ], [ 126.9498528, 37.4943255 ], [ 126.9498919, 37.494303 ], [ 126.95080320000001, 37.4940954 ], [ 126.950963, 37.493989500000012 ], [ 126.95109770000002, 37.4939439 ], [ 126.951266100000012, 37.4939039 ], [ 126.9515855, 37.4938609 ], [ 126.9518081, 37.4938604 ], [ 126.9519012, 37.4938877 ], [ 126.9521079, 37.494024399999986 ], [ 126.95214940000001, 37.494119 ], [ 126.952184800000012, 37.494157699999988 ], [ 126.9522692, 37.4942073 ] ] } },
{ "type": "Feature", "properties": { "학교": "숭실대", "u": "10589255561", "v": "10589255555", "key": 0, "osmid": "1135955747", "name": "", "highway": "path", "length": 120.8, "validation_status": "validated", "tmap_hit_routes": 2 }, "geometry": { "type": "LineString", "coordinates": [ [ 126.9509669, 37.4945311 ], [ 126.952228300000016, 37.494236 ], [ 126.9522692, 37.4942073 ] ] } },
{ "type": "Feature", "properties": { "학교": "숭실대", "u": "10589255555", "v": "10589255556", "key": 0, "osmid": "1135955744", "name": "", "highway": "path", "length": 30.3, "validation_status": "validated", "tmap_hit_routes": 1 }, "geometry": { "type": "LineString", "coordinates": [ [ 126.950633700000012, 37.49450490000001 ], [ 126.9507052, 37.4944908 ], [ 126.950851599999979, 37.494498 ], [ 126.9509669, 37.4945311 ] ] } },
{ "type": "Feature", "properties": { "학교": "숭실대", "u": "10589255555", "v": "10589255564", "key": 0, "osmid": "1135955747", "name": "", "highway": "path", "length": 27.6, "validation_status": "validated", "tmap_hit_routes": 1 }, "geometry": { "type": "LineString", "coordinates": [ [ 126.9506797, 37.4946216 ], [ 126.9509116, 37.494567 ], [ 126.9509669, 37.4945311 ] ] } },
{ "type": "Feature", "properties": { "학교": "숭실대", "u": "10589255556", "v": "10589255564", "key": 0, "osmid": "1135955745", "name": "", "highway": "path", "length": 13.6, "validation_status": "validated", "tmap_hit_routes": 1 }, "geometry": { "type": "LineString", "coordinates": [ [ 126.9506797, 37.4946216 ], [ 126.950633700000012, 37.49450490000001 ] ] } },
{ "type": "Feature", "properties": { "학교": "숭실대", "u": "10611854831", "v": "10611854834", "key": 0, "osmid": "1138377350", "name": "", "highway": "service", "length": 62.0, "validation_status": "validated", "tmap_hit_routes": 1 }, "geometry": { "type": "LineString", "coordinates": [ [ 126.953379200000015, 37.4924815 ], [ 126.9533187, 37.4928179 ], [ 126.9533361, 37.4929431 ], [ 126.953397100000018, 37.493021500000012 ] ] } },
{ "type": "Feature", "properties": { "학교": "숭실대", "u": "10611854831", "v": "13317612285", "key": 0, "osmid": "1452116113", "name": "", "highway": "service", "length": 44.9, "validation_status": "unobserved", "tmap_hit_routes": 0 }, "geometry": { "type": "LineString", "coordinates": [ [ 126.953535400000021, 37.4933451 ], [ 126.9533541, 37.4932355 ], [ 126.95333789999998, 37.4932006 ], [ 126.953368700000013, 37.493081300000014 ], [ 126.953397100000018, 37.493021500000012 ] ] } },
{ "type": "Feature", "properties": { "학교": "숭실대", "u": "10672227693", "v": "10672227697", "key": 0, "osmid": "1146870969", "name": "", "highway": "service", "length": 25.1, "validation_status": "unobserved", "tmap_hit_routes": 0 }, "geometry": { "type": "LineString", "coordinates": [ [ 126.948453699999988, 37.4873829 ], [ 126.948239700000016, 37.4874529 ], [ 126.9481898, 37.487465800000017 ] ] } },
{ "type": "Feature", "properties": { "학교": "숭실대", "u": "10701233205", "v": "10701233213", "key": 0, "osmid": "1150363034", "name": "", "highway": "service", "length": 189.4, "validation_status": "unobserved", "tmap_hit_routes": 0 }, "geometry": { "type": "LineString", "coordinates": [ [ 126.956560900000014, 37.48858 ], [ 126.95682140000001, 37.4882232 ], [ 126.9568767, 37.4881272 ], [ 126.9568827, 37.4880863 ], [ 126.956879, 37.488021 ], [ 126.956864800000019, 37.487903 ], [ 126.9568386, 37.4878438 ], [ 126.9566496, 37.4876611 ], [ 126.9559277, 37.487331400000016 ] ] } },
{ "type": "Feature", "properties": { "학교": "숭실대", "u": "10701233213", "v": "10701233214", "key": 0, "osmid": "1150363035", "name": "", "highway": "service", "length": 32.9, "validation_status": "unobserved", "tmap_hit_routes": 0 }, "geometry": { "type": "LineString", "coordinates": [ [ 126.956232700000015, 37.48843990000001 ], [ 126.956560900000014, 37.48858 ] ] } },
{ "type": "Feature", "properties": { "학교": "숭실대", "u": "11413637822", "v": "11413637511", "key": 0, "osmid": "1230724637", "name": "", "highway": "footway", "length": 105.1, "validation_status": "unobserved", "tmap_hit_routes": 0 }, "geometry": { "type": "LineString", "coordinates": [ [ 126.9520151, 37.48846120000001 ], [ 126.9513704, 37.4891864 ], [ 126.9513577, 37.4892432 ] ] } },
{ "type": "Feature", "properties": { "학교": "숭실대", "u": "11413637763", "v": "11413637877", "key": 0, "osmid": "1230724661", "name": "", "highway": "footway", "length": 37.9, "validation_status": "unobserved", "tmap_hit_routes": 0 }, "geometry": { "type": "LineString", "coordinates": [ [ 126.9520259, 37.4880339 ], [ 126.9519923, 37.48811950000001 ], [ 126.9519048, 37.4882094 ], [ 126.9517968, 37.4883176 ] ] } },
{ "type": "Feature", "properties": { "학교": "숭실대", "u": "11413637488", "v": "11413637515", "key": 0, "osmid": "1230724652", "name": "", "highway": "footway", "length": 201.5, "validation_status": "unobserved", "tmap_hit_routes": 0 }, "geometry": { "type": "LineString", "coordinates": [ [ 126.949138, 37.492130700000018 ], [ 126.9496839, 37.4919721 ], [ 126.9501182, 37.4918722 ], [ 126.9504976, 37.491783 ], [ 126.9508058, 37.4916764 ], [ 126.9510344, 37.4915791 ], [ 126.9512414, 37.4914555 ] ] } },
{ "type": "Feature", "properties": { "학교": "숭실대", "u": "11413637492", "v": "11413637804", "key": 0, "osmid": "612099146", "name": "", "highway": "footway", "length": 11.3, "validation_status": "validated", "tmap_hit_routes": 5 }, "geometry": { "type": "LineString", "coordinates": [ [ 126.9543366, 37.4904396 ], [ 126.9542396, 37.4903737 ] ] } },
{ "type": "Feature", "properties": { "학교": "숭실대", "u": "11413637804", "v": "11413637699", "key": 0, "osmid": "612099146", "name": "", "highway": "footway", "length": 86.3, "validation_status": "validated", "tmap_hit_routes": 6 }, "geometry": { "type": "LineString", "coordinates": [ [ 126.955273, 37.490646 ], [ 126.9550518, 37.4906187 ], [ 126.9547084, 37.4905613 ], [ 126.9545353, 37.4905181 ], [ 126.9543366, 37.4904396 ] ] } },
{ "type": "Feature", "properties": { "학교": "숭실대", "u": "11413637804", "v": "13324709500", "key": 0, "osmid": "1452931857", "name": "", "highway": "service", "length": 64.2, "validation_status": "unobserved", "tmap_hit_routes": 0 }, "geometry": { "type": "LineString", "coordinates": [ [ 126.9549027, 37.490698900000012 ], [ 126.954886500000015, 37.4906566 ], [ 126.954864, 37.490625 ], [ 126.954826299999979, 37.4906022 ], [ 126.9544696, 37.4905262 ], [ 126.954368100000011, 37.4905001 ], [ 126.9543363, 37.4904845 ], [ 126.95432150000002, 37.4904656 ], [ 126.9543256, 37.4904515 ], [ 126.9543366, 37.4904396 ] ] } },
{ "type": "Feature", "properties": { "학교": "숭실대", "u": "11413637781", "v": "11413637832", "key": 0, "osmid": "1230724661", "name": "", "highway": "footway", "length": 13.1, "validation_status": "unobserved", "tmap_hit_routes": 0 }, "geometry": { "type": "LineString", "coordinates": [ [ 126.951836199999988, 37.4878131 ], [ 126.9516949, 37.4877756 ] ] } },
{ "type": "Feature", "properties": { "학교": "숭실대", "u": "11413637910", "v": "11413637699", "key": 0, "osmid": "612099146", "name": "", "highway": "footway", "length": 76.3, "validation_status": "validated", "tmap_hit_routes": 7 }, "geometry": { "type": "LineString", "coordinates": [ [ 126.955273, 37.490646 ], [ 126.9556625, 37.4907539 ], [ 126.9560471, 37.4909432 ] ] } },
{ "type": "Feature", "properties": { "학교": "숭실대", "u": "11413637659", "v": "11413637577", "key": 0, "osmid": "612099146", "name": "", "highway": "footway", "length": 137.0, "validation_status": "unobserved", "tmap_hit_routes": 0 }, "geometry": { "type": "LineString", "coordinates": [ [ 126.9525614, 37.4907984 ], [ 126.952402500000019, 37.4909407 ], [ 126.952153900000013, 37.4911011 ], [ 126.951874, 37.491297699999983 ], [ 126.951585, 37.4914865 ], [ 126.951391500000014, 37.4916052 ] ] } },
{ "type": "Feature", "properties": { "학교": "숭실대", "u": "11413637561", "v": "11413637916", "key": 0, "osmid": "1230724653", "name": "", "highway": "footway", "length": 9.1, "validation_status": "validated", "tmap_hit_routes": 4 }, "geometry": { "type": "LineString", "coordinates": [ [ 126.9525737, 37.4977929 ], [ 126.9526751, 37.4977775 ] ] } },
{ "type": "Feature", "properties": { "학교": "숭실대", "u": "11413637576", "v": "11413637622", "key": 0, "osmid": "1230724659", "name": "", "highway": "footway", "length": 78.3, "validation_status": "unobserved", "tmap_hit_routes": 0 }, "geometry": { "type": "LineString", "coordinates": [ [ 126.956172100000018, 37.4907442 ], [ 126.9558968, 37.4906548 ], [ 126.9556272, 37.490531 ], [ 126.955361400000015, 37.490466400000017 ] ] } },
{ "type": "Feature", "properties": { "학교": "숭실대", "u": "11413637756", "v": "11413637857", "key": 0, "osmid": "1230724652", "name": "", "highway": "footway", "length": 129.5, "validation_status": "unobserved", "tmap_hit_routes": 0 }, "geometry": { "type": "LineString", "coordinates": [ [ 126.9533644, 37.4898362 ], [ 126.9533382, 37.4899039 ], [ 126.95320390000002, 37.4899758 ], [ 126.9528602, 37.4902151 ], [ 126.9526827, 37.4903682 ], [ 126.952356, 37.4906649 ] ] } },
{ "type": "Feature", "properties": { "학교": "숭실대", "u": "13597219421", "v": "13597219422", "key": 0, "osmid": "1482765087", "name": "상도로", "highway": "primary", "length": 79.7, "validation_status": "unobserved", "tmap_hit_routes": 0 }, "geometry": { "type": "LineString", "coordinates": [ [ 126.952351, 37.4976772 ], [ 126.952188, 37.4978619 ], [ 126.95183320000001, 37.498264 ] ] } },
{ "type": "Feature", "properties": { "학교": "숭실대", "u": "11413637779", "v": "11413637879", "key": 0, "osmid": "1230724618", "name": "", "highway": "footway", "length": 8.5, "validation_status": "validated", "tmap_hit_routes": 1 }, "geometry": { "type": "LineString", "coordinates": [ [ 126.9522967, 37.4975583 ], [ 126.9522703, 37.4976318 ] ] } },
{ "type": "Feature", "properties": { "학교": "숭실대", "u": "11413637779", "v": "13597219422", "key": 0, "osmid": "1230724626", "name": "", "highway": "footway", "length": 8.7, "validation_status": "bridged", "tmap_hit_routes": 0 }, "geometry": { "type": "LineString", "coordinates": [ [ 126.952351, 37.4976772 ], [ 126.9522703, 37.4976318 ] ] } },
{ "type": "Feature", "properties": { "학교": "숭실대", "u": "11413637877", "v": "11413637832", "key": 0, "osmid": "1230724661", "name": "", "highway": "footway", "length": 31.1, "validation_status": "unobserved", "tmap_hit_routes": 0 }, "geometry": { "type": "LineString", "coordinates": [ [ 126.951836199999988, 37.4878131 ], [ 126.95194650000002, 37.4878798 ], [ 126.951990600000016, 37.4879263 ], [ 126.9520259, 37.4880339 ] ] } },
{ "type": "Feature", "properties": { "학교": "숭실대", "u": "11413637697", "v": "13149390528", "key": 0, "osmid": "1230724677", "name": "", "highway": "footway", "length": 2.9, "validation_status": "validated", "tmap_hit_routes": 2 }, "geometry": { "type": "LineString", "coordinates": [ [ 126.954345500000017, 37.4957714 ], [ 126.954371600000016, 37.4957879 ] ] } },
{ "type": "Feature", "properties": { "학교": "숭실대", "u": "13149390528", "v": "12791615981", "key": 0, "osmid": "1381653396", "name": "", "highway": "footway", "length": 52.5, "validation_status": "validated", "tmap_hit_routes": 12 }, "geometry": { "type": "LineString", "coordinates": [ [ 126.954004, 37.496158200000025 ], [ 126.9540416, 37.4961156 ], [ 126.954345500000017, 37.4957714 ] ] } },
{ "type": "Feature", "properties": { "학교": "숭실대", "u": "13149390528", "v": "13149390529", "key": 0, "osmid": "1381653396", "name": "", "highway": "footway", "length": 96.1, "validation_status": "validated", "tmap_hit_routes": 24 }, "geometry": { "type": "LineString", "coordinates": [ [ 126.955408500000019, 37.495602 ], [ 126.9546667, 37.495713700000017 ], [ 126.954354900000013, 37.495760700000012 ], [ 126.954345500000017, 37.4957714 ] ] } },
{ "type": "Feature", "properties": { "학교": "숭실대", "u": "13195507460", "v": "13261401489", "key": 0, "osmid": "278150001", "name": "", "highway": "residential", "length": 81.0, "validation_status": "unobserved", "tmap_hit_routes": 0 }, "geometry": { "type": "LineString", "coordinates": [ [ 126.948705, 37.4998532 ], [ 126.9487198, 37.4996781 ], [ 126.9487304, 37.4996484 ], [ 126.948763900000017, 37.4996232 ], [ 126.9488299, 37.4996043 ], [ 126.9489933, 37.4995073 ], [ 126.949116799999985, 37.4994172 ], [ 126.949161, 37.4993432 ], [ 126.9491658, 37.499290200000026 ] ] } },
{ "type": "Feature", "properties": { "학교": "숭실대", "u": "12155399129", "v": "12155399130", "key": 0, "osmid": "1313242598", "name": "", "highway": "path", "length": 9.6, "validation_status": "unobserved", "tmap_hit_routes": 0 }, "geometry": { "type": "LineString", "coordinates": [ [ 126.968002, 37.490874 ], [ 126.9679002, 37.4909038 ] ] } },
{ "type": "Feature", "properties": { "학교": "숭실대", "u": "12155399129", "v": "12152882921", "key": 0, "osmid": "1312936649", "name": "", "highway": "path", "length": 53.5, "validation_status": "unobserved", "tmap_hit_routes": 0 }, "geometry": { "type": "LineString", "coordinates": [ [ 126.9681387, 37.4904745 ], [ 126.9680394, 37.4905671 ], [ 126.9679688, 37.4906563 ], [ 126.9679419, 37.490755 ], [ 126.967921, 37.4908612 ], [ 126.9679002, 37.4909038 ] ] } },
{ "type": "Feature", "properties": { "학교": "숭실대", "u": "12155399130", "v": "12152877191", "key": 0, "osmid": "1312936642", "name": "", "highway": "path", "length": 36.7, "validation_status": "unobserved", "tmap_hit_routes": 0 }, "geometry": { "type": "LineString", "coordinates": [ [ 126.96819, 37.4905803 ], [ 126.9680236, 37.490819900000012 ], [ 126.968002, 37.490874 ] ] } },
{ "type": "Feature", "properties": { "학교": "숭실대", "u": "12152877191", "v": "12155399128", "key": 0, "osmid": "1312936642", "name": "", "highway": "path", "length": 6.7, "validation_status": "unobserved", "tmap_hit_routes": 0 }, "geometry": { "type": "LineString", "coordinates": [ [ 126.968237, 37.4905332 ], [ 126.96819, 37.4905803 ] ] } },
{ "type": "Feature", "properties": { "학교": "숭실대", "u": "12155399128", "v": "12152882921", "key": 0, "osmid": "1313242597", "name": "", "highway": "path", "length": 10.9, "validation_status": "unobserved", "tmap_hit_routes": 0 }, "geometry": { "type": "LineString", "coordinates": [ [ 126.9681387, 37.4904745 ], [ 126.968237, 37.4905332 ] ] } },
{ "type": "Feature", "properties": { "학교": "숭실대", "u": "12800872692", "v": "12800872678", "key": 0, "osmid": "1382625626", "name": "", "highway": "footway", "length": 11.0, "validation_status": "unobserved", "tmap_hit_routes": 0 }, "geometry": { "type": "LineString", "coordinates": [ [ 126.960743900000011, 37.4953791 ], [ 126.9608414, 37.495440200000012 ] ] } },
{ "type": "Feature", "properties": { "학교": "숭실대", "u": "12864823352", "v": "12864823363", "key": 0, "osmid": "1389847087", "name": "", "highway": "residential", "length": 164.2, "validation_status": "unobserved", "tmap_hit_routes": 0 }, "geometry": { "type": "LineString", "coordinates": [ [ 126.9619801, 37.5039299 ], [ 126.96191850000001, 37.5039653 ], [ 126.9618469, 37.5039562 ], [ 126.9618031, 37.5038909 ], [ 126.9617924, 37.5037867 ], [ 126.9617718, 37.50372 ], [ 126.9618004, 37.5036796 ], [ 126.961829, 37.5036696 ], [ 126.961869299999989, 37.503535600000014 ], [ 126.961779, 37.5034285 ], [ 126.9614938, 37.5035547 ], [ 126.961152200000015, 37.503678100000016 ], [ 126.960887099999979, 37.503730199999985 ] ] } },
{ "type": "Feature", "properties": { "학교": "숭실대", "u": "13322228123", "v": "13322228125", "key": 0, "osmid": [ 1452649881, 1452649884, 1452649885 ], "name": "", "highway": "service", "length": 42.0, "validation_status": "unobserved", "tmap_hit_routes": 0 }, "geometry": { "type": "LineString", "coordinates": [ [ 126.9593129, 37.49413 ], [ 126.959289, 37.4941296 ], [ 126.9591482, 37.4941275 ], [ 126.9588368, 37.494123 ] ] } },
{ "type": "Feature", "properties": { "학교": "숭실대", "u": "13322228125", "v": "13322228124", "key": 0, "osmid": "1452649881", "name": "", "highway": "service", "length": 41.6, "validation_status": "unobserved", "tmap_hit_routes": 0 }, "geometry": { "type": "LineString", "coordinates": [ [ 126.9597841, 37.4941369 ], [ 126.9593129, 37.49413 ] ] } },
{ "type": "Feature", "properties": { "학교": "중앙대", "u": "436821675", "v": "4621496738", "key": 0, "osmid": "219872334", "name": "상도로", "highway": "primary", "length": 45.9, "validation_status": "unobserved", "tmap_hit_routes": 0 }, "geometry": { "type": "LineString", "coordinates": [ [ 126.9474232, 37.5035567 ], [ 126.9477015, 37.5032083 ] ] } },
{ "type": "Feature", "properties": { "학교": "중앙대", "u": "436821675", "v": "1829429042", "key": 0, "osmid": "481148806", "name": "양녕로", "highway": "secondary", "length": 44.9, "validation_status": "unobserved", "tmap_hit_routes": 0 }, "geometry": { "type": "LineString", "coordinates": [ [ 126.947290200000012, 37.502970600000026 ], [ 126.9477015, 37.5032083 ] ] } },
{ "type": "Feature", "properties": { "학교": "중앙대", "u": "436821675", "v": "10265961156", "key": 0, "osmid": "493442598", "name": "양녕로", "highway": "primary", "length": 51.6, "validation_status": "unobserved", "tmap_hit_routes": 0 }, "geometry": { "type": "LineString", "coordinates": [ [ 126.948195699999985, 37.5034571 ], [ 126.9477015, 37.5032083 ] ] } },
{ "type": "Feature", "properties": { "학교": "중앙대", "u": "436821675", "v": "13597219425", "key": 0, "osmid": "1482765086", "name": "상도로", "highway": "primary", "length": 9.1, "validation_status": "unobserved", "tmap_hit_routes": 0 }, "geometry": { "type": "LineString", "coordinates": [ [ 126.947753400000011, 37.5031375 ], [ 126.9477015, 37.5032083 ] ] } },
{ "type": "Feature", "properties": { "학교": "중앙대", "u": "4621496738", "v": "2886858282", "key": 0, "osmid": "219872334", "name": "상도로", "highway": "primary", "length": 24.5, "validation_status": "unobserved", "tmap_hit_routes": 0 }, "geometry": { "type": "LineString", "coordinates": [ [ 126.9472607, 37.5037354 ], [ 126.9474232, 37.5035567 ] ] } },
{ "type": "Feature", "properties": { "학교": "중앙대", "u": "4621496738", "v": "10265961155", "key": 0, "osmid": "467541937", "name": "상도로", "highway": "service", "length": 48.6, "validation_status": "unobserved", "tmap_hit_routes": 0 }, "geometry": { "type": "LineString", "coordinates": [ [ 126.9478715, 37.503811 ], [ 126.9474232, 37.5035567 ] ] } },
{ "type": "Feature", "properties": { "학교": "중앙대", "u": "1829429042", "v": "1829429056", "key": 0, "osmid": "171985387", "name": "양녕로", "highway": "service", "length": 72.5, "validation_status": "unobserved", "tmap_hit_routes": 0 }, "geometry": { "type": "LineString", "coordinates": [ [ 126.946839, 37.5035157 ], [ 126.947290200000012, 37.502970600000026 ] ] } },
{ "type": "Feature", "properties": { "학교": "중앙대", "u": "1829429042", "v": "1829429044", "key": 0, "osmid": "481148806", "name": "양녕로", "highway": "secondary", "length": 40.1, "validation_status": "unobserved", "tmap_hit_routes": 0 }, "geometry": { "type": "LineString", "coordinates": [ [ 126.9469231, 37.5027577 ], [ 126.947290200000012, 37.502970600000026 ] ] } },
{ "type": "Feature", "properties": { "학교": "중앙대", "u": "1829429042", "v": "4621509674", "key": 0, "osmid": "1109939811", "name": "", "highway": "service", "length": 95.5, "validation_status": "unobserved", "tmap_hit_routes": 0 }, "geometry": { "type": "LineString", "coordinates": [ [ 126.9479039, 37.5022631 ], [ 126.947290200000012, 37.502970600000026 ] ] } },
{ "type": "Feature", "properties": { "학교": "중앙대", "u": "10265961156", "v": "2825706550", "key": 0, "osmid": "493442598", "name": "양녕로", "highway": "primary", "length": 48.5, "validation_status": "unobserved", "tmap_hit_routes": 0 }, "geometry": { "type": "LineString", "coordinates": [ [ 126.948658699999982, 37.5036929 ], [ 126.948195699999985, 37.5034571 ] ] } },
{ "type": "Feature", "properties": { "학교": "중앙대", "u": "10265961156", "v": "10265961155", "key": 0, "osmid": "1122453740", "name": "", "highway": "service", "length": 48.6, "validation_status": "unobserved", "tmap_hit_routes": 0 }, "geometry": { "type": "LineString", "coordinates": [ [ 126.9478715, 37.503811 ], [ 126.948195699999985, 37.5034571 ] ] } },
{ "type": "Feature", "properties": { "학교": "중앙대", "u": "13597219425", "v": "2825706543", "key": 0, "osmid": "219107267", "name": "상도로", "highway": "primary", "length": 50.7, "validation_status": "unobserved", "tmap_hit_routes": 0 }, "geometry": { "type": "LineString", "coordinates": [ [ 126.9481013, 37.502794 ], [ 126.947830200000013, 37.5031234 ], [ 126.947753400000011, 37.5031375 ] ] } },
{ "type": "Feature", "properties": { "학교": "중앙대", "u": "13597219425", "v": "13597219416", "key": 0, "osmid": "1482765080", "name": "상도로", "highway": "primary", "length": 89.5, "validation_status": "unobserved", "tmap_hit_routes": 0 }, "geometry": { "type": "LineString", "coordinates": [ [ 126.9482201, 37.5024416 ], [ 126.9480269, 37.502691499999983 ], [ 126.947738, 37.5030652 ], [ 126.947753400000011, 37.5031375 ] ] } },
{ "type": "Feature", "properties": { "학교": "중앙대", "u": "436821679", "v": "10239817468", "key": 0, "osmid": "176729654", "name": "양녕로", "highway": "primary", "length": 14.4, "validation_status": "validated", "tmap_hit_routes": 3 }, "geometry": { "type": "LineString", "coordinates": [ [ 126.94958440000002, 37.5042932 ], [ 126.94951970000001, 37.5041747 ] ] } },
{ "type": "Feature", "properties": { "학교": "중앙대", "u": "436821679", "v": "2825730234", "key": 0, "osmid": "521182515", "name": "양녕로", "highway": "primary", "length": 34.0, "validation_status": "validated", "tmap_hit_routes": 1 }, "geometry": { "type": "LineString", "coordinates": [ [ 126.9492045, 37.5039991 ], [ 126.94951970000001, 37.5041747 ] ] } },
{ "type": "Feature", "properties": { "학교": "중앙대", "u": "436821679", "v": "10239817463", "key": 0, "osmid": "172263024", "name": "양녕로", "highway": "primary", "length": 33.7, "validation_status": "validated", "tmap_hit_routes": 4 }, "geometry": { "type": "LineString", "coordinates": [ [ 126.9498255, 37.5043362 ], [ 126.94967819999998, 37.5042094 ], [ 126.94951970000001, 37.5041747 ] ] } },
{ "type": "Feature", "properties": { "학교": "중앙대", "u": "10239817468", "v": "4644112573", "key": 0, "osmid": "176729654", "name": "양녕로", "highway": "primary", "length": 164.0, "validation_status": "unobserved", "tmap_hit_routes": 0 }, "geometry": { "type": "LineString", "coordinates": [ [ 126.9503995, 37.50559710000001 ], [ 126.9502222, 37.5052322 ], [ 126.950124500000015, 37.5049981 ], [ 126.9498733, 37.5045452 ], [ 126.9497058, 37.5043714 ], [ 126.94958440000002, 37.5042932 ] ] } },
{ "type": "Feature", "properties": { "학교": "중앙대", "u": "10239817468", "v": "1831853297", "key": 0, "osmid": "801862814", "name": "", "highway": "residential", "length": 57.8, "validation_status": "validated", "tmap_hit_routes": 2 }, "geometry": { "type": "LineString", "coordinates": [ [ 126.949711300000018, 37.5047944 ], [ 126.949699600000017, 37.504532700000013 ], [ 126.9496585, 37.504426 ], [ 126.949601300000012, 37.5043489 ], [ 126.94958440000002, 37.5042932 ] ] } },
{ "type": "Feature", "properties": { "학교": "중앙대", "u": "2825730234", "v": "10712384714", "key": 0, "osmid": "278149000", "name": "양녕로", "highway": "service", "length": 19.8, "validation_status": "unobserved", "tmap_hit_routes": 0 }, "geometry": { "type": "LineString", "coordinates": [ [ 126.949365, 37.5038749 ], [ 126.9492045, 37.5039991 ] ] } },
{ "type": "Feature", "properties": { "학교": "중앙대", "u": "2825730234", "v": "4621496740", "key": 0, "osmid": "467541939", "name": "", "highway": "service", "length": 49.8, "validation_status": "validated", "tmap_hit_routes": 1 }, "geometry": { "type": "LineString", "coordinates": [ [ 126.9488877, 37.5043703 ], [ 126.9492045, 37.5039991 ] ] } },
{ "type": "Feature", "properties": { "학교": "중앙대", "u": "2825730234", "v": "2825706550", "key": 0, "osmid": "521182515", "name": "양녕로", "highway": "primary", "length": 59.0, "validation_status": "unobserved", "tmap_hit_routes": 0 }, "geometry": { "type": "LineString", "coordinates": [ [ 126.948658699999982, 37.5036929 ], [ 126.9492045, 37.5039991 ] ] } },
{ "type": "Feature", "properties": { "학교": "중앙대", "u": "10239817463", "v": "10239817464", "key": 0, "osmid": "172263024", "name": "양녕로", "highway": "primary", "length": 7.2, "validation_status": "unobserved", "tmap_hit_routes": 0 }, "geometry": { "type": "LineString", "coordinates": [ [ 126.949881499999989, 37.5043834 ], [ 126.9498255, 37.5043362 ] ] } },
{ "type": "Feature", "properties": { "학교": "중앙대", "u": "10239817463", "v": "2829147721", "key": 0, "osmid": "278565010", "name": "상도로41마길", "highway": "service", "length": 48.7, "validation_status": "validated", "tmap_hit_routes": 4 }, "geometry": { "type": "LineString", "coordinates": [ [ 126.95030340000001, 37.5041398 ], [ 126.9501124, 37.5041817 ], [ 126.949937399999982, 37.5042423 ], [ 126.9498255, 37.5043362 ] ] } },
{ "type": "Feature", "properties": { "학교": "중앙대", "u": "436821690", "v": "571454796", "key": 0, "osmid": "176729665", "name": "양녕로", "highway": "primary", "length": 38.1, "validation_status": "unobserved", "tmap_hit_routes": 0 }, "geometry": { "type": "LineString", "coordinates": [ [ 126.953838500000018, 37.5121468 ], [ 126.9540998, 37.51242 ] ] } },
{ "type": "Feature", "properties": { "학교": "중앙대", "u": "436821690", "v": "436821694", "key": 0, "osmid": "176729665", "name": "양녕로", "highway": "primary", "length": 27.4, "validation_status": "unobserved", "tmap_hit_routes": 0 }, "geometry": { "type": "LineString", "coordinates": [ [ 126.9543166, 37.5125967 ], [ 126.9540998, 37.51242 ] ] } },
{ "type": "Feature", "properties": { "학교": "중앙대", "u": "436821690", "v": "2829530369", "key": 0, "osmid": "278615362", "name": "노량진로24길", "highway": "residential", "length": 27.5, "validation_status": "unobserved", "tmap_hit_routes": 0 }, "geometry": { "type": "LineString", "coordinates": [ [ 126.953833700000018, 37.5122909 ], [ 126.9540998, 37.51242 ] ] } },
{ "type": "Feature", "properties": { "학교": "중앙대", "u": "571454796", "v": "2829530369", "key": 0, "osmid": "45066722", "name": "", "highway": "primary_link", "length": 16.0, "validation_status": "unobserved", "tmap_hit_routes": 0 }, "geometry": { "type": "LineString", "coordinates": [ [ 126.953833700000018, 37.5122909 ], [ 126.9538368, 37.5122233 ], [ 126.953838500000018, 37.5121468 ] ] } },
{ "type": "Feature", "properties": { "학교": "중앙대", "u": "571454796", "v": "4644112573", "key": 0, "osmid": [ 176729665, 176729661, 176729654 ], "name": "양녕로", "highway": "primary", "length": 789.0, "validation_status": "validated", "tmap_hit_routes": 3 }, "geometry": { "type": "LineString", "coordinates": [ [ 126.9503995, 37.50559710000001 ], [ 126.9507037, 37.5061584 ], [ 126.9531205, 37.5108502 ], [ 126.9535252, 37.5116249 ], [ 126.953838500000018, 37.5121468 ] ] } },
{ "type": "Feature", "properties": { "학교": "중앙대", "u": "436821694", "v": "571452260", "key": 0, "osmid": "315423461", "name": "노량진로", "highway": "primary", "length": 64.5, "validation_status": "unobserved", "tmap_hit_routes": 0 }, "geometry": { "type": "LineString", "coordinates": [ [ 126.9535858, 37.512582 ], [ 126.9543166, 37.5125967 ] ] } },
{ "type": "Feature", "properties": { "학교": "중앙대", "u": "436821694", "v": "798559711", "key": 0, "osmid": "919163601", "name": "노량진로", "highway": "primary", "length": 24.7, "validation_status": "unobserved", "tmap_hit_routes": 0 }, "geometry": { "type": "LineString", "coordinates": [ [ 126.954593100000011, 37.5126294 ], [ 126.9543166, 37.5125967 ] ] } },
{ "type": "Feature", "properties": { "학교": "중앙대", "u": "436821694", "v": "2283084228", "key": 0, "osmid": "919163602", "name": "양녕로", "highway": "primary", "length": 94.0, "validation_status": "unobserved", "tmap_hit_routes": 0 }, "geometry": { "type": "LineString", "coordinates": [ [ 126.9551639, 37.5131093 ], [ 126.9543166, 37.5125967 ] ] } },
{ "type": "Feature", "properties": { "학교": "중앙대", "u": "2829530369", "v": "8757685954", "key": 0, "osmid": "45066722", "name": "", "highway": "primary_link", "length": 23.8, "validation_status": "unobserved", "tmap_hit_routes": 0 }, "geometry": { "type": "LineString", "coordinates": [ [ 126.953743100000011, 37.512489200000012 ], [ 126.9537859, 37.512437099999985 ], [ 126.953810200000021, 37.5123807 ], [ 126.9538298, 37.5123292 ], [ 126.953833700000018, 37.5122909 ] ] } },
{ "type": "Feature", "properties": { "학교": "중앙대", "u": "2829530369", "v": "2829530350", "key": 0, "osmid": "278615362", "name": "노량진로24길", "highway": "residential", "length": 217.4, "validation_status": "unobserved", "tmap_hit_routes": 0 }, "geometry": { "type": "LineString", "coordinates": [ [ 126.9532809, 37.510618800000017 ], [ 126.9532023, 37.5106701 ], [ 126.953077600000015, 37.510741 ], [ 126.9530067, 37.5107923 ], [ 126.952979, 37.5108155 ], [ 126.9529836, 37.5108583 ], [ 126.9530745, 37.5110342 ], [ 126.953148400000018, 37.5111687 ], [ 126.9532794, 37.5114106 ], [ 126.9534011, 37.5116709 ], [ 126.9537169, 37.5122316 ], [ 126.953833700000018, 37.5122909 ] ] } },
{ "type": "Feature", "properties": { "학교": "중앙대", "u": "571452260", "v": "436831584", "key": 0, "osmid": "45066519", "name": "노량진로", "highway": "primary", "length": 126.3, "validation_status": "unobserved", "tmap_hit_routes": 0 }, "geometry": { "type": "LineString", "coordinates": [ [ 126.9521543, 37.5126128 ], [ 126.9535858, 37.512582 ] ] } },
{ "type": "Feature", "properties": { "학교": "중앙대", "u": "571452260", "v": "8757685954", "key": 0, "osmid": "45066722", "name": "", "highway": "primary_link", "length": 17.3, "validation_status": "unobserved", "tmap_hit_routes": 0 }, "geometry": { "type": "LineString", "coordinates": [ [ 126.953743100000011, 37.512489200000012 ], [ 126.9535858, 37.512582 ] ] } },
{ "type": "Feature", "properties": { "학교": "중앙대", "u": "571452260", "v": "4627760504", "key": 0, "osmid": "468221028", "name": "노량진로 (유턴)", "highway": "primary_link", "length": 29.8, "validation_status": "unobserved", "tmap_hit_routes": 0 }, "geometry": { "type": "LineString", "coordinates": [ [ 126.9535596, 37.512753 ], [ 126.9536283, 37.5127424 ], [ 126.9536653, 37.5127241 ], [ 126.9536868, 37.512698399999984 ], [ 126.9536803, 37.512667 ], [ 126.9536511, 37.5126261 ], [ 126.9535858, 37.512582 ] ] } },
{ "type": "Feature", "properties": { "학교": "중앙대", "u": "798559711", "v": "4613249930", "key": 0, "osmid": "219105928", "name": "양녕로", "highway": "primary", "length": 23.0, "validation_status": "unobserved", "tmap_hit_routes": 0 }, "geometry": { "type": "LineString", "coordinates": [ [ 126.9548318, 37.5127122 ], [ 126.954593100000011, 37.5126294 ] ] } },
{ "type": "Feature", "properties": { "학교": "중앙대", "u": "798559711", "v": "4613249918", "key": 0, "osmid": "466546960", "name": "노량진로26길", "highway": "residential", "length": 43.0, "validation_status": "unobserved", "tmap_hit_routes": 0 }, "geometry": { "type": "LineString", "coordinates": [ [ 126.95441910000001, 37.5122682 ], [ 126.954593100000011, 37.5126294 ] ] } },
{ "type": "Feature", "properties": { "학교": "중앙대", "u": "798559711", "v": "2829530351", "key": 0, "osmid": "521226887", "name": "양녕로", "highway": "primary", "length": 106.9, "validation_status": "unobserved", "tmap_hit_routes": 0 }, "geometry": { "type": "LineString", "coordinates": [ [ 126.9538699, 37.5118631 ], [ 126.954037, 37.512101199999989 ], [ 126.9543007, 37.5123788 ], [ 126.954593100000011, 37.5126294 ] ] } },
{ "type": "Feature", "properties": { "학교": "중앙대", "u": "2283084228", "v": "4627760504", "key": 0, "osmid": "219105925", "name": "노량진로", "highway": "primary", "length": 148.9, "validation_status": "unobserved", "tmap_hit_routes": 0 }, "geometry": { "type": "LineString", "coordinates": [ [ 126.9535596, 37.512753 ], [ 126.9540889, 37.5127803 ], [ 126.9543139, 37.5128185 ], [ 126.9545584, 37.5128812 ], [ 126.9548186, 37.5129812 ], [ 126.9551639, 37.5131093 ] ] } },
{ "type": "Feature", "properties": { "학교": "중앙대", "u": "2283084228", "v": "2281726765", "key": 0, "osmid": "219105929", "name": "양녕로", "highway": "primary", "length": 61.0, "validation_status": "unobserved", "tmap_hit_routes": 0 }, "geometry": { "type": "LineString", "coordinates": [ [ 126.9556811, 37.5134727 ], [ 126.955554, 37.5133705 ], [ 126.9551639, 37.5131093 ] ] } },
{ "type": "Feature", "properties": { "학교": "중앙대", "u": "436831584", "v": "8757685953", "key": 0, "osmid": "521226882", "name": "매봉로", "highway": "tertiary", "length": 13.3, "validation_status": "unobserved", "tmap_hit_routes": 0 }, "geometry": { "type": "LineString", "coordinates": [ [ 126.95210680000001, 37.5124996 ], [ 126.9521543, 37.5126128 ] ] } },
{ "type": "Feature", "properties": { "학교": "중앙대", "u": "436831584", "v": "4613274882", "key": 0, "osmid": "616215313", "name": "노량진로", "highway": "primary", "length": 54.6, "validation_status": "unobserved", "tmap_hit_routes": 0 }, "geometry": { "type": "LineString", "coordinates": [ [ 126.9515353, 37.5126229 ], [ 126.9521543, 37.5126128 ] ] } },
{ "type": "Feature", "properties": { "학교": "중앙대", "u": "436831584", "v": "570912259", "key": 0, "osmid": "1494511292", "name": "", "highway": "tertiary", "length": 21.8, "validation_status": "unobserved", "tmap_hit_routes": 0 }, "geometry": { "type": "LineString", "coordinates": [ [ 126.9522897, 37.5127763 ], [ 126.9521543, 37.5126128 ] ] } },
{ "type": "Feature", "properties": { "학교": "중앙대", "u": "8757685953", "v": "4613274881", "key": 0, "osmid": "521226882", "name": "매봉로", "highway": "tertiary", "length": 13.4, "validation_status": "unobserved", "tmap_hit_routes": 0 }, "geometry": { "type": "LineString", "coordinates": [ [ 126.9520587, 37.5123851 ], [ 126.95210680000001, 37.5124996 ] ] } },
{ "type": "Feature", "properties": { "학교": "중앙대", "u": "8757685953", "v": "8757685951", "key": 0, "osmid": "688136518", "name": "", "highway": "footway", "length": 57.6, "validation_status": "unobserved", "tmap_hit_routes": 0 }, "geometry": { "type": "LineString", "coordinates": [ [ 126.951454, 37.5125243 ], [ 126.95210680000001, 37.5124996 ] ] } },
{ "type": "Feature", "properties": { "학교": "중앙대", "u": "8757685953", "v": "8757685954", "key": 0, "osmid": "688136518", "name": "", "highway": "footway", "length": 144.3, "validation_status": "unobserved", "tmap_hit_routes": 0 }, "geometry": { "type": "LineString", "coordinates": [ [ 126.953743100000011, 37.512489200000012 ], [ 126.95210680000001, 37.5124996 ] ] } },
{ "type": "Feature", "properties": { "학교": "중앙대", "u": "4613274882", "v": "8757685951", "key": 0, "osmid": "466550145", "name": "노량진로22길", "highway": "residential", "length": 13.1, "validation_status": "unobserved", "tmap_hit_routes": 0 }, "geometry": { "type": "LineString", "coordinates": [ [ 126.951454, 37.5125243 ], [ 126.9515353, 37.5126229 ] ] } },
{ "type": "Feature", "properties": { "학교": "중앙대", "u": "4613274882", "v": "8757685934", "key": 0, "osmid": "616215313", "name": "노량진로", "highway": "primary", "length": 71.2, "validation_status": "unobserved", "tmap_hit_routes": 0 }, "geometry": { "type": "LineString", "coordinates": [ [ 126.9507319, 37.5126837 ], [ 126.9515353, 37.5126229 ] ] } },
{ "type": "Feature", "properties": { "학교": "중앙대", "u": "570912259", "v": "8757692551", "key": 0, "osmid": "282907478", "name": "노량진로23길", "highway": "tertiary", "length": 13.0, "validation_status": "unobserved", "tmap_hit_routes": 0 }, "geometry": { "type": "LineString", "coordinates": [ [ 126.9522834, 37.5128933 ], [ 126.9522897, 37.5127763 ] ] } },
{ "type": "Feature", "properties": { "학교": "중앙대", "u": "570912259", "v": "4627760504", "key": 0, "osmid": "521192622", "name": "노량진로", "highway": "primary", "length": 112.0, "validation_status": "unobserved", "tmap_hit_routes": 0 }, "geometry": { "type": "LineString", "coordinates": [ [ 126.9535596, 37.512753 ], [ 126.9522897, 37.5127763 ] ] } },
{ "type": "Feature", "properties": { "학교": "중앙대", "u": "570912259", "v": "8757685936", "key": 0, "osmid": "521226879", "name": "노량진로", "highway": "primary", "length": 137.9, "validation_status": "unobserved", "tmap_hit_routes": 0 }, "geometry": { "type": "LineString", "coordinates": [ [ 126.9507279, 37.5128211 ], [ 126.9518467, 37.5127738 ], [ 126.9522897, 37.5127763 ] ] } },
{ "type": "Feature", "properties": { "학교": "중앙대", "u": "570912259", "v": "8757685935", "key": 0, "osmid": "616215315", "name": "노량진로", "highway": "busway", "length": 139.7, "validation_status": "unobserved", "tmap_hit_routes": 0 }, "geometry": { "type": "LineString", "coordinates": [ [ 126.950726100000011, 37.5127379 ], [ 126.952157400000019, 37.5127167 ], [ 126.9522897, 37.5127763 ] ] } },
{ "type": "Feature", "properties": { "학교": "중앙대", "u": "436839947", "v": "2825744871", "key": 0, "osmid": "37400345", "name": "만양로", "highway": "tertiary", "length": 87.1, "validation_status": "unobserved", "tmap_hit_routes": 0 }, "geometry": { "type": "LineString", "coordinates": [ [ 126.947417, 37.506355200000016 ], [ 126.9469107, 37.505682200000017 ] ] } },
{ "type": "Feature", "properties": { "학교": "중앙대", "u": "436839947", "v": "10265961205", "key": 0, "osmid": "37400345", "name": "만양로", "highway": "tertiary", "length": 18.8, "validation_status": "unobserved", "tmap_hit_routes": 0 }, "geometry": { "type": "LineString", "coordinates": [ [ 126.9467921, 37.5055416 ], [ 126.9469107, 37.505682200000017 ] ] } },
{ "type": "Feature", "properties": { "학교": "중앙대", "u": "2825744871", "v": "436839948", "key": 0, "osmid": "37400345", "name": "만양로", "highway": "tertiary", "length": 73.0, "validation_status": "unobserved", "tmap_hit_routes": 0 }, "geometry": { "type": "LineString", "coordinates": [ [ 126.9478928, 37.5068924 ], [ 126.947417, 37.506355200000016 ] ] } },
{ "type": "Feature", "properties": { "학교": "중앙대", "u": "2825744871", "v": "4621496726", "key": 0, "osmid": "467541935", "name": "만양로2길", "highway": "service", "length": 179.8, "validation_status": "unobserved", "tmap_hit_routes": 0 }, "geometry": { "type": "LineString", "coordinates": [ [ 126.9493056, 37.5064554 ], [ 126.949261099999987, 37.506508900000014 ], [ 126.9491129, 37.5066316 ], [ 126.9489077, 37.5065852 ], [ 126.9475843, 37.5063426 ], [ 126.9474992, 37.5063355 ], [ 126.947417, 37.506355200000016 ] ] } },
{ "type": "Feature", "properties": { "학교": "중앙대", "u": "10265961205", "v": "7252276596", "key": 0, "osmid": "37400345", "name": "만양로", "highway": "tertiary", "length": 24.1, "validation_status": "unobserved", "tmap_hit_routes": 0 }, "geometry": { "type": "LineString", "coordinates": [ [ 126.946655, 37.5053544 ], [ 126.9467921, 37.5055416 ] ] } },
{ "type": "Feature", "properties": { "학교": "중앙대", "u": "436839948", "v": "436839950", "key": 0, "osmid": "37400345", "name": "만양로", "highway": "tertiary", "length": 37.6, "validation_status": "unobserved", "tmap_hit_routes": 0 }, "geometry": { "type": "LineString", "coordinates": [ [ 126.9480718, 37.5071986 ], [ 126.948, 37.5070553 ], [ 126.9478928, 37.5068924 ] ] } },
{ "type": "Feature", "properties": { "학교": "중앙대", "u": "436839948", "v": "13363593888", "key": 0, "osmid": "913019144", "name": "", "highway": "service", "length": 51.9, "validation_status": "unobserved", "tmap_hit_routes": 0 }, "geometry": { "type": "LineString", "coordinates": [ [ 126.9484685, 37.506850500000013 ], [ 126.948142299999986, 37.50683690000001 ], [ 126.9479739, 37.5068604 ], [ 126.9478928, 37.5068924 ] ] } },
{ "type": "Feature", "properties": { "학교": "중앙대", "u": "436839950", "v": "436839951", "key": 0, "osmid": "521260806", "name": "만양로", "highway": "tertiary", "length": 9.1, "validation_status": "unobserved", "tmap_hit_routes": 0 }, "geometry": { "type": "LineString", "coordinates": [ [ 126.9480848, 37.5072798 ], [ 126.9480718, 37.5071986 ] ] } },
{ "type": "Feature", "properties": { "학교": "중앙대", "u": "13363593888", "v": "13363593900", "key": 0, "osmid": "913019144", "name": "", "highway": "service", "length": 148.5, "validation_status": "unobserved", "tmap_hit_routes": 0 }, "geometry": { "type": "LineString", "coordinates": [ [ 126.9499543, 37.5073384 ], [ 126.9497842, 37.5071513 ], [ 126.949735, 37.5071017 ], [ 126.9496715, 37.5070648 ], [ 126.949577600000012, 37.507034300000015 ], [ 126.94895, 37.506932200000016 ], [ 126.9484685, 37.506850500000013 ] ] } },
{ "type": "Feature", "properties": { "학교": "중앙대", "u": "13363593888", "v": "13363604104", "key": 0, "osmid": "1457133766", "name": "", "highway": "service", "length": 107.1, "validation_status": "unobserved", "tmap_hit_routes": 0 }, "geometry": { "type": "LineString", "coordinates": [ [ 126.949015, 37.5076648 ], [ 126.948986599999984, 37.5076455 ], [ 126.948913300000015, 37.5076214 ], [ 126.9488561, 37.5075887 ], [ 126.9486759, 37.5073378 ], [ 126.9486584, 37.5072913 ], [ 126.948651600000019, 37.5072522 ], [ 126.948632700000019, 37.5072044 ], [ 126.948484800000017, 37.5070056 ], [ 126.948463600000011, 37.506941 ], [ 126.9484685, 37.506850500000013 ] ] } },
{ "type": "Feature", "properties": { "학교": "중앙대", "u": "436839951", "v": "2824550210", "key": 0, "osmid": "278024793", "name": "만양로4길", "highway": "residential", "length": 78.1, "validation_status": "unobserved", "tmap_hit_routes": 0 }, "geometry": { "type": "LineString", "coordinates": [ [ 126.948708, 37.5077502 ], [ 126.948618300000021, 37.5075971 ], [ 126.948211200000017, 37.507321400000016 ], [ 126.9480848, 37.5072798 ] ] } },
{ "type": "Feature", "properties": { "학교": "중앙대", "u": "436839951", "v": "13363604131", "key": 0, "osmid": "521260806", "name": "만양로", "highway": "tertiary", "length": 42.4, "validation_status": "unobserved", "tmap_hit_routes": 0 }, "geometry": { "type": "LineString", "coordinates": [ [ 126.9479179, 37.507635799999989 ], [ 126.9479741, 37.5075415 ], [ 126.9480472, 37.5073951 ], [ 126.9480848, 37.5072798 ] ] } },
{ "type": "Feature", "properties": { "학교": "중앙대", "u": "2824550210", "v": "13363604134", "key": 0, "osmid": "466550415", "name": "만양로8길", "highway": "service", "length": 35.0, "validation_status": "unobserved", "tmap_hit_routes": 0 }, "geometry": { "type": "LineString", "coordinates": [ [ 126.9484691, 37.5080015 ], [ 126.948708, 37.5077502 ] ] } },
{ "type": "Feature", "properties": { "학교": "중앙대", "u": "2824550210", "v": "2824550212", "key": 0, "osmid": "278024793", "name": "만양로4길", "highway": "residential", "length": 114.2, "validation_status": "unobserved", "tmap_hit_routes": 0 }, "geometry": { "type": "LineString", "coordinates": [ [ 126.9490271, 37.508573 ], [ 126.948779800000011, 37.5085121 ], [ 126.948681100000016, 37.5084694 ], [ 126.9486317, 37.5083982 ], [ 126.9486856, 37.5079994 ], [ 126.948708, 37.5077502 ] ] } },
{ "type": "Feature", "properties": { "학교": "중앙대", "u": "13363604131", "v": "4613276500", "key": 0, "osmid": "521260806", "name": "만양로", "highway": "tertiary", "length": 73.8, "validation_status": "unobserved", "tmap_hit_routes": 0 }, "geometry": { "type": "LineString", "coordinates": [ [ 126.947356400000018, 37.5081266 ], [ 126.94778, 37.50778 ], [ 126.9479179, 37.507635799999989 ] ] } },
{ "type": "Feature", "properties": { "학교": "중앙대", "u": "13363604131", "v": "13363604138", "key": 0, "osmid": [ 1457133769, 1457133772 ], "name": "", "highway": "service", "length": 16.7, "validation_status": "unobserved", "tmap_hit_routes": 0 }, "geometry": { "type": "LineString", "coordinates": [ [ 126.948051300000017, 37.507742700000016 ], [ 126.9480314, 37.5077264 ], [ 126.9479179, 37.507635799999989 ] ] } },
{ "type": "Feature", "properties": { "학교": "중앙대", "u": "436881331", "v": "3888649128", "key": 0, "osmid": "466296838", "name": "", "highway": "steps", "length": 23.4, "validation_status": "validated", "tmap_hit_routes": 3 }, "geometry": { "type": "LineString", "coordinates": [ [ 126.9652329, 37.5073487 ], [ 126.965355, 37.5075352 ] ] } },
{ "type": "Feature", "properties": { "학교": "중앙대", "u": "436881331", "v": "3888649162", "key": 0, "osmid": "521182519", "name": "현충로", "highway": "primary", "length": 63.9, "validation_status": "unobserved", "tmap_hit_routes": 0 }, "geometry": { "type": "LineString", "coordinates": [ [ 126.966011100000017, 37.5072914 ], [ 126.965355, 37.5075352 ] ] } },
{ "type": "Feature", "properties": { "학교": "중앙대", "u": "436881331", "v": "4611246540", "key": 0, "osmid": "521182519", "name": "현충로", "highway": "primary", "length": 126.6, "validation_status": "validated", "tmap_hit_routes": 3 }, "geometry": { "type": "LineString", "coordinates": [ [ 126.964237, 37.508241 ], [ 126.9646692, 37.5079249 ], [ 126.96486680000001, 37.5077876 ], [ 126.9650409, 37.5076779 ], [ 126.965355, 37.5075352 ] ] } },
{ "type": "Feature", "properties": { "학교": "중앙대", "u": "3888649128", "v": "4612824444", "key": 0, "osmid": "385515534", "name": "서달로14사길", "highway": "residential", "length": 32.7, "validation_status": "unobserved", "tmap_hit_routes": 0 }, "geometry": { "type": "LineString", "coordinates": [ [ 126.9651364, 37.5070645 ], [ 126.9652329, 37.5073487 ] ] } },
{ "type": "Feature", "properties": { "학교": "중앙대", "u": "3888649128", "v": "4612824445", "key": 0, "osmid": "385515535", "name": "서달로14길", "highway": "residential", "length": 41.1, "validation_status": "validated", "tmap_hit_routes": 3 }, "geometry": { "type": "LineString", "coordinates": [ [ 126.9656758, 37.5072326 ], [ 126.9652329, 37.5073487 ] ] } },
{ "type": "Feature", "properties": { "학교": "중앙대", "u": "3888649128", "v": "3888649127", "key": 0, "osmid": "385515536", "name": "서달로14길", "highway": "residential", "length": 33.0, "validation_status": "validated", "tmap_hit_routes": 1 }, "geometry": { "type": "LineString", "coordinates": [ [ 126.9648824, 37.5074527 ], [ 126.9652329, 37.5073487 ] ] } },
{ "type": "Feature", "properties": { "학교": "중앙대", "u": "3888649162", "v": "10239817426", "key": 0, "osmid": "521182519", "name": "현충로", "highway": "primary", "length": 9.7, "validation_status": "unobserved", "tmap_hit_routes": 0 }, "geometry": { "type": "LineString", "coordinates": [ [ 126.9661082, 37.5072507 ], [ 126.966011100000017, 37.5072914 ] ] } },
{ "type": "Feature", "properties": { "학교": "중앙대", "u": "3888649162", "v": "4612824445", "key": 0, "osmid": "385515535", "name": "서달로14길", "highway": "residential", "length": 39.5, "validation_status": "validated", "tmap_hit_routes": 3 }, "geometry": { "type": "LineString", "coordinates": [ [ 126.9656758, 37.5072326 ], [ 126.9659064, 37.5071579 ], [ 126.966011100000017, 37.5072914 ] ] } },
{ "type": "Feature", "properties": { "학교": "중앙대", "u": "4611246540", "v": "4612845666", "key": 0, "osmid": "466290319", "name": "", "highway": "steps", "length": 37.8, "validation_status": "validated", "tmap_hit_routes": 4 }, "geometry": { "type": "LineString", "coordinates": [ [ 126.964032499999988, 37.5079425 ], [ 126.9641236, 37.508084 ], [ 126.964237, 37.508241 ] ] } },
{ "type": "Feature", "properties": { "학교": "중앙대", "u": "4611246540", "v": "436881334", "key": 0, "osmid": "521182519", "name": "현충로", "highway": "primary", "length": 57.5, "validation_status": "validated", "tmap_hit_routes": 4 }, "geometry": { "type": "LineString", "coordinates": [ [ 126.9638331, 37.5086464 ], [ 126.9640584, 37.5084002 ], [ 126.964237, 37.508241 ] ] } },
{ "type": "Feature", "properties": { "학교": "중앙대", "u": "436881334", "v": "13675095844", "key": 0, "osmid": "1492275605", "name": "서달로", "highway": "tertiary", "length": 12.2, "validation_status": "unobserved", "tmap_hit_routes": 0 }, "geometry": { "type": "LineString", "coordinates": [ [ 126.963934, 37.508720900000014 ], [ 126.9638331, 37.5086464 ] ] } },
{ "type": "Feature", "properties": { "학교": "중앙대", "u": "436881334", "v": "6964092884", "key": 0, "osmid": "219745446", "name": "현충로", "highway": "primary", "length": 116.2, "validation_status": "validated", "tmap_hit_routes": 3 }, "geometry": { "type": "LineString", "coordinates": [ [ 126.9630769, 37.509502400000017 ], [ 126.9633365, 37.5092005 ], [ 126.9638331, 37.5086464 ] ] } },
{ "type": "Feature", "properties": { "학교": "중앙대", "u": "436881334", "v": "2288832800", "key": 0, "osmid": [ 1492275601, 1492275602, 219745443 ], "name": "서달로", "highway": "tertiary", "length": 90.5, "validation_status": "validated", "tmap_hit_routes": 5 }, "geometry": { "type": "LineString", "coordinates": [ [ 126.9630737, 37.5080992 ], [ 126.963367600000012, 37.508311900000017 ], [ 126.9636462, 37.508501699999989 ], [ 126.9638331, 37.5086464 ] ] } },
{ "type": "Feature", "properties": { "학교": "중앙대", "u": "13675095844", "v": "13675095845", "key": 0, "osmid": "1492275603", "name": "서달로", "highway": "tertiary", "length": 7.3, "validation_status": "bridged", "tmap_hit_routes": 0 }, "geometry": { "type": "LineString", "coordinates": [ [ 126.9640106, 37.508745 ], [ 126.963934, 37.508720900000014 ] ] } },
{ "type": "Feature", "properties": { "학교": "중앙대", "u": "13675095844", "v": "13392265479", "key": 0, "osmid": "1492275604", "name": "현충로", "highway": "primary", "length": 114.5, "validation_status": "validated", "tmap_hit_routes": 1 }, "geometry": { "type": "LineString", "coordinates": [ [ 126.9631642, 37.5095502 ], [ 126.963934, 37.508720900000014 ] ] } },
{ "type": "Feature", "properties": { "학교": "중앙대", "u": "13675095844", "v": "13392265485", "key": 0, "osmid": "1460192363", "name": "현충로", "highway": "primary", "length": 253.6, "validation_status": "unobserved", "tmap_hit_routes": 0 }, "geometry": { "type": "LineString", "coordinates": [ [ 126.966142500000018, 37.507306599999986 ], [ 126.9653924, 37.5076224 ], [ 126.9651151, 37.5077703 ], [ 126.9645805, 37.5081186 ], [ 126.9642924, 37.5083483 ], [ 126.9640767, 37.5085671 ], [ 126.963934, 37.508720900000014 ] ] } },
{ "type": "Feature", "properties": { "학교": "중앙대", "u": "6964092884", "v": "436883262", "key": 0, "osmid": "219745446", "name": "현충로", "highway": "primary", "length": 18.6, "validation_status": "unobserved", "tmap_hit_routes": 0 }, "geometry": { "type": "LineString", "coordinates": [ [ 126.9629585, 37.5096412 ], [ 126.9630769, 37.509502400000017 ] ] } },
{ "type": "Feature", "properties": { "학교": "중앙대", "u": "6964092884", "v": "13392265479", "key": 0, "osmid": "744089135", "name": "", "highway": "footway", "length": 9.4, "validation_status": "validated", "tmap_hit_routes": 1 }, "geometry": { "type": "LineString", "coordinates": [ [ 126.9631642, 37.5095502 ], [ 126.9630769, 37.509502400000017 ] ] } },
{ "type": "Feature", "properties": { "학교": "중앙대", "u": "6964092884", "v": "7775271115", "key": 0, "osmid": "744089135", "name": "", "highway": "footway", "length": 37.3, "validation_status": "validated", "tmap_hit_routes": 2 }, "geometry": { "type": "LineString", "coordinates": [ [ 126.962778699999987, 37.5095385 ], [ 126.9629015, 37.5094049 ], [ 126.9630769, 37.509502400000017 ] ] } },
{ "type": "Feature", "properties": { "학교": "중앙대", "u": "2288832800", "v": "4612938749", "key": 0, "osmid": "219745443", "name": "서달로", "highway": "tertiary", "length": 40.1, "validation_status": "validated", "tmap_hit_routes": 6 }, "geometry": { "type": "LineString", "coordinates": [ [ 126.9626972, 37.5078977 ], [ 126.9630737, 37.5080992 ] ] } },
{ "type": "Feature", "properties": { "학교": "중앙대", "u": "2288832800", "v": "3888649121", "key": 0, "osmid": "385515536", "name": "서달로14길", "highway": "residential", "length": 9.2, "validation_status": "validated", "tmap_hit_routes": 1 }, "geometry": { "type": "LineString", "coordinates": [ [ 126.963176499999989, 37.5080831 ], [ 126.9630737, 37.5080992 ] ] } },
{ "type": "Feature", "properties": { "학교": "중앙대", "u": "2288832800", "v": "4612938745", "key": 0, "osmid": "466511639", "name": "서달로15길", "highway": "residential", "length": 127.1, "validation_status": "validated", "tmap_hit_routes": 1 }, "geometry": { "type": "LineString", "coordinates": [ [ 126.961892, 37.5087472 ], [ 126.96260460000002, 37.5084113 ], [ 126.96294450000002, 37.508188100000012 ], [ 126.9630737, 37.5080992 ] ] } },
{ "type": "Feature", "properties": { "학교": "중앙대", "u": "436883217", "v": "1831853316", "key": 0, "osmid": "45027298", "name": "흑석로", "highway": "tertiary", "length": 26.1, "validation_status": "validated", "tmap_hit_routes": 5 }, "geometry": { "type": "LineString", "coordinates": [ [ 126.950385800000021, 37.5046456 ], [ 126.9506374, 37.5047688 ] ] } },
{ "type": "Feature", "properties": { "학교": "중앙대", "u": "436883217", "v": "4621482145", "key": 0, "osmid": "470199635", "name": "흑석로", "highway": "tertiary", "length": 40.3, "validation_status": "validated", "tmap_hit_routes": 5 }, "geometry": { "type": "LineString", "coordinates": [ [ 126.9510926, 37.5048017 ], [ 126.9506374, 37.5047688 ] ] } },
{ "type": "Feature", "properties": { "학교": "중앙대", "u": "436883217", "v": "1831853318", "key": 0, "osmid": "172263023", "name": "양녕로38길", "highway": "residential", "length": 9.5, "validation_status": "unobserved", "tmap_hit_routes": 0 }, "geometry": { "type": "LineString", "coordinates": [ [ 126.950538599999987, 37.5047996 ], [ 126.950579099999985, 37.5047792 ], [ 126.9506374, 37.5047688 ] ] } },
{ "type": "Feature", "properties": { "학교": "중앙대", "u": "1831853316", "v": "2825701323", "key": 0, "osmid": "45027298", "name": "흑석로", "highway": "tertiary", "length": 14.2, "validation_status": "unobserved", "tmap_hit_routes": 0 }, "geometry": { "type": "LineString", "coordinates": [ [ 126.9502567, 37.50457 ], [ 126.950385800000021, 37.5046456 ] ] } },
{ "type": "Feature", "properties": { "학교": "중앙대", "u": "1831853316", "v": "10239817452", "key": 0, "osmid": "172263025", "name": "", "highway": "residential", "length": 14.0, "validation_status": "unobserved", "tmap_hit_routes": 0 }, "geometry": { "type": "LineString", "coordinates": [ [ 126.9504613, 37.5047549 ], [ 126.950449100000014, 37.5047216 ], [ 126.950385800000021, 37.5046456 ] ] } },
{ "type": "Feature", "properties": { "학교": "중앙대", "u": "4621482145", "v": "12989020958", "key": 0, "osmid": "470199635", "name": "흑석로", "highway": "tertiary", "length": 36.9, "validation_status": "validated", "tmap_hit_routes": 5 }, "geometry": { "type": "LineString", "coordinates": [ [ 126.9515078, 37.5048403 ], [ 126.9510926, 37.5048017 ] ] } },
{ "type": "Feature", "properties": { "학교": "중앙대", "u": "4621482145", "v": "2829147725", "key": 0, "osmid": "278565010", "name": "상도로41마길", "highway": "service", "length": 39.1, "validation_status": "validated", "tmap_hit_routes": 5 }, "geometry": { "type": "LineString", "coordinates": [ [ 126.9510153, 37.5044608 ], [ 126.9510879, 37.5046153 ], [ 126.9511008, 37.5047236 ], [ 126.9510926, 37.5048017 ] ] } },
{ "type": "Feature", "properties": { "학교": "중앙대", "u": "4621482145", "v": "2829147730", "key": 0, "osmid": "467540391", "name": "", "highway": "service", "length": 38.1, "validation_status": "unobserved", "tmap_hit_routes": 0 }, "geometry": { "type": "LineString", "coordinates": [ [ 126.9509561, 37.5051239 ], [ 126.9510486, 37.5049733 ], [ 126.951082200000016, 37.504857 ], [ 126.9510926, 37.5048017 ] ] } },
{ "type": "Feature", "properties": { "학교": "중앙대", "u": "1831853318", "v": "10239817456", "key": 0, "osmid": "1119552038", "name": "", "highway": "residential", "length": 3.9, "validation_status": "unobserved", "tmap_hit_routes": 0 }, "geometry": { "type": "LineString", "coordinates": [ [ 126.950497500000012, 37.5048131 ], [ 126.950538599999987, 37.5047996 ] ] } },
{ "type": "Feature", "properties": { "학교": "중앙대", "u": "1831853318", "v": "10239817455", "key": 0, "osmid": "172263023", "name": "양녕로38길", "highway": "residential", "length": 5.0, "validation_status": "unobserved", "tmap_hit_routes": 0 }, "geometry": { "type": "LineString", "coordinates": [ [ 126.9505145, 37.5048404 ], [ 126.9505147, 37.5048376 ], [ 126.950538599999987, 37.5047996 ] ] } },
{ "type": "Feature", "properties": { "학교": "중앙대", "u": "436883219", "v": "2824550328", "key": 0, "osmid": "470199635", "name": "흑석로", "highway": "tertiary", "length": 12.4, "validation_status": "validated", "tmap_hit_routes": 23 }, "geometry": { "type": "LineString", "coordinates": [ [ 126.9536058, 37.5050021 ], [ 126.953745500000011, 37.5050165 ] ] } },
{ "type": "Feature", "properties": { "학교": "중앙대", "u": "436883219", "v": "4613243688", "key": 0, "osmid": "470199635", "name": "흑석로", "highway": "tertiary", "length": 208.6, "validation_status": "validated", "tmap_hit_routes": 34 }, "geometry": { "type": "LineString", "coordinates": [ [ 126.955157700000015, 37.5062686 ], [ 126.954846300000014, 37.5063024 ], [ 126.9547975, 37.506299 ], [ 126.9547505, 37.506290300000011 ], [ 126.95471120000002, 37.5062812 ], [ 126.9546766, 37.5062666 ], [ 126.95464290000001, 37.506249 ], [ 126.9546086, 37.5062253 ], [ 126.9545863, 37.5062008 ], [ 126.954049400000017, 37.5052457 ], [ 126.9539349, 37.5051144 ], [ 126.9538624, 37.505060800000017 ], [ 126.9537858, 37.5050263 ], [ 126.953745500000011, 37.5050165 ] ] } },
{ "type": "Feature", "properties": { "학교": "중앙대", "u": "2824550328", "v": "2829147720", "key": 0, "osmid": "278024802", "name": "상도로53길", "highway": "tertiary", "length": 20.9, "validation_status": "validated", "tmap_hit_routes": 21 }, "geometry": { "type": "LineString", "coordinates": [ [ 126.953606, 37.5048142 ], [ 126.9536058, 37.5050021 ] ] } },
{ "type": "Feature", "properties": { "학교": "중앙대", "u": "2824550328", "v": "4621486060", "key": 0, "osmid": "470199635", "name": "흑석로", "highway": "tertiary", "length": 143.2, "validation_status": "validated", "tmap_hit_routes": 17 }, "geometry": { "type": "LineString", "coordinates": [ [ 126.9519886, 37.504885 ], [ 126.9536058, 37.5050021 ] ] } },
{ "type": "Feature", "properties": { "학교": "중앙대", "u": "4613243688", "v": "4613243797", "key": 0, "osmid": "466546141", "name": "흑석로3길", "highway": "service", "length": 118.3, "validation_status": "validated", "tmap_hit_routes": 3 }, "geometry": { "type": "LineString", "coordinates": [ [ 126.9559337, 37.5067407 ], [ 126.9558545, 37.5067222 ], [ 126.955641, 37.506751 ], [ 126.9554843, 37.5068211 ], [ 126.955389900000014, 37.5068261 ], [ 126.9553109, 37.5067807 ], [ 126.9552825, 37.5067312 ], [ 126.955279500000017, 37.506637 ], [ 126.955176, 37.5063928 ], [ 126.955157700000015, 37.5062686 ] ] } },
{ "type": "Feature", "properties": { "학교": "중앙대", "u": "4613243688", "v": "2829530627", "key": 0, "osmid": "470199635", "name": "흑석로", "highway": "tertiary", "length": 182.8, "validation_status": "validated", "tmap_hit_routes": 5 }, "geometry": { "type": "LineString", "coordinates": [ [ 126.9571048, 37.506534 ], [ 126.956780900000012, 37.506421400000015 ], [ 126.956591500000016, 37.5063365 ], [ 126.956426899999983, 37.5062632 ], [ 126.956301100000019, 37.5062061 ], [ 126.9562061, 37.5061734 ], [ 126.9561316, 37.506157 ], [ 126.956025, 37.506154299999984 ], [ 126.955915300000015, 37.5061613 ], [ 126.95569540000001, 37.5061859 ], [ 126.955157700000015, 37.5062686 ] ] } },
{ "type": "Feature", "properties": { "학교": "중앙대", "u": "436883255", "v": "2288832802", "key": 0, "osmid": "219745445", "name": "흑석로", "highway": "tertiary", "length": 26.0, "validation_status": "unobserved", "tmap_hit_routes": 0 }, "geometry": { "type": "LineString", "coordinates": [ [ 126.961192100000019, 37.5080571 ], [ 126.961084600000021, 37.50783950000001 ] ] } },
{ "type": "Feature", "properties": { "학교": "중앙대", "u": "436883255", "v": "3119042928", "key": 0, "osmid": "219745445", "name": "흑석로", "highway": "tertiary", "length": 14.7, "validation_status": "unobserved", "tmap_hit_routes": 0 }, "geometry": { "type": "LineString", "coordinates": [ [ 126.961014899999981, 37.5077193 ], [ 126.961084600000021, 37.50783950000001 ] ] } },
{ "type": "Feature", "properties": { "학교": "중앙대", "u": "436883255", "v": "5106672539", "key": 0, "osmid": "832887499", "name": "", "highway": "footway", "length": 25.3, "validation_status": "validated", "tmap_hit_routes": 7 }, "geometry": { "type": "LineString", "coordinates": [ [ 126.9608197, 37.5079266 ], [ 126.961084600000021, 37.50783950000001 ] ] } },
{ "type": "Feature", "properties": { "학교": "중앙대", "u": "436883255", "v": "7775271111", "key": 0, "osmid": "832887499", "name": "", "highway": "footway", "length": 12.8, "validation_status": "unobserved", "tmap_hit_routes": 0 }, "geometry": { "type": "LineString", "coordinates": [ [ 126.9612202, 37.5077984 ], [ 126.961084600000021, 37.50783950000001 ] ] } },
{ "type": "Feature", "properties": { "학교": "중앙대", "u": "2288832802", "v": "4613243607", "key": 0, "osmid": "219745444", "name": "흑석로", "highway": "residential", "length": 13.7, "validation_status": "unobserved", "tmap_hit_routes": 0 }, "geometry": { "type": "LineString", "coordinates": [ [ 126.96127730000002, 37.5079546 ], [ 126.961192100000019, 37.5080571 ] ] } },
{ "type": "Feature", "properties": { "학교": "중앙대", "u": "2288832802", "v": "436883256", "key": 0, "osmid": "219745445", "name": "흑석로", "highway": "tertiary", "length": 19.7, "validation_status": "unobserved", "tmap_hit_routes": 0 }, "geometry": { "type": "LineString", "coordinates": [ [ 126.9612307, 37.5082316 ], [ 126.961192100000019, 37.5080571 ] ] } },
{ "type": "Feature", "properties": { "학교": "중앙대", "u": "3119042928", "v": "7775271107", "key": 0, "osmid": "521182513", "name": "흑석로", "highway": "tertiary", "length": 13.4, "validation_status": "validated", "tmap_hit_routes": 13 }, "geometry": { "type": "LineString", "coordinates": [ [ 126.9611611, 37.507686 ], [ 126.961014899999981, 37.5077193 ] ] } },
{ "type": "Feature", "properties": { "학교": "중앙대", "u": "3119042928", "v": "4613243679", "key": 0, "osmid": "470199635", "name": "흑석로", "highway": "tertiary", "length": 41.6, "validation_status": "validated", "tmap_hit_routes": 26 }, "geometry": { "type": "LineString", "coordinates": [ [ 126.9605607, 37.5076214 ], [ 126.9606795, 37.5076561 ], [ 126.9607699, 37.5076757 ], [ 126.961014899999981, 37.5077193 ] ] } },
{ "type": "Feature", "properties": { "학교": "중앙대", "u": "5106672539", "v": "5106672540", "key": 0, "osmid": "524821197", "name": "", "highway": "footway", "length": 39.8, "validation_status": "validated", "tmap_hit_routes": 8 }, "geometry": { "type": "LineString", "coordinates": [ [ 126.9605383, 37.507646400000013 ], [ 126.9608197, 37.5079266 ] ] } },
{ "type": "Feature", "properties": { "학교": "중앙대", "u": "5106672539", "v": "436883256", "key": 0, "osmid": "524821197", "name": "", "highway": "footway", "length": 51.0, "validation_status": "validated", "tmap_hit_routes": 7 }, "geometry": { "type": "LineString", "coordinates": [ [ 126.9612307, 37.5082316 ], [ 126.9609412, 37.5080884 ], [ 126.9608197, 37.5079266 ] ] } },
{ "type": "Feature", "properties": { "학교": "중앙대", "u": "7775271111", "v": "7775271107", "key": 0, "osmid": "832887498", "name": "", "highway": "footway", "length": 13.5, "validation_status": "unobserved", "tmap_hit_routes": 0 }, "geometry": { "type": "LineString", "coordinates": [ [ 126.9611611, 37.507686 ], [ 126.9612202, 37.5077984 ] ] } },
{ "type": "Feature", "properties": { "학교": "중앙대", "u": "7775271111", "v": "7775271106", "key": 0, "osmid": "832887498", "name": "", "highway": "footway", "length": 11.5, "validation_status": "unobserved", "tmap_hit_routes": 0 }, "geometry": { "type": "LineString", "coordinates": [ [ 126.9613447, 37.5078276 ], [ 126.9612202, 37.5077984 ] ] } },
{ "type": "Feature", "properties": { "학교": "중앙대", "u": "436883256", "v": "2829530659", "key": 0, "osmid": "219745445", "name": "흑석로", "highway": "tertiary", "length": 43.4, "validation_status": "validated", "tmap_hit_routes": 7 }, "geometry": { "type": "LineString", "coordinates": [ [ 126.9614534, 37.5085798 ], [ 126.9613654, 37.5084419 ], [ 126.9612307, 37.5082316 ] ] } },
{ "type": "Feature", "properties": { "학교": "중앙대", "u": "2829530659", "v": "2829530656", "key": 0, "osmid": "219745445", "name": "흑석로", "highway": "tertiary", "length": 40.8, "validation_status": "validated", "tmap_hit_routes": 6 }, "geometry": { "type": "LineString", "coordinates": [ [ 126.9616846, 37.508897 ], [ 126.961610400000012, 37.508808 ], [ 126.9614534, 37.5085798 ] ] } },
{ "type": "Feature", "properties": { "학교": "중앙대", "u": "2829530659", "v": "4613247248", "key": 0, "osmid": "1118866489", "name": "흑석로13길", "highway": "service", "length": 21.8, "validation_status": "validated", "tmap_hit_routes": 3 }, "geometry": { "type": "LineString", "coordinates": [ [ 126.9613172, 37.508721100000017 ], [ 126.9613378, 37.5086313 ], [ 126.9614534, 37.5085798 ] ] } },
{ "type": "Feature", "properties": { "학교": "중앙대", "u": "436883262", "v": "7775271115", "key": 0, "osmid": "219745445", "name": "흑석로", "highway": "tertiary", "length": 19.5, "validation_status": "unobserved", "tmap_hit_routes": 0 }, "geometry": { "type": "LineString", "coordinates": [ [ 126.962778699999987, 37.5095385 ], [ 126.9629585, 37.5096412 ] ] } },
{ "type": "Feature", "properties": { "학교": "중앙대", "u": "436883262", "v": "13392271803", "key": 0, "osmid": "219745445", "name": "흑석로", "highway": "tertiary", "length": 9.4, "validation_status": "unobserved", "tmap_hit_routes": 0 }, "geometry": { "type": "LineString", "coordinates": [ [ 126.963046500000019, 37.5096886 ], [ 126.9630066, 37.5096671 ], [ 126.9629585, 37.5096412 ] ] } },
{ "type": "Feature", "properties": { "학교": "중앙대", "u": "436883262", "v": "2829530651", "key": 0, "osmid": "219745446", "name": "현충로", "highway": "primary", "length": 218.3, "validation_status": "unobserved", "tmap_hit_routes": 0 }, "geometry": { "type": "LineString", "coordinates": [ [ 126.961501100000021, 37.511224900000016 ], [ 126.9618337, 37.5109281 ], [ 126.9623698, 37.5103513 ], [ 126.9629585, 37.5096412 ] ] } },
{ "type": "Feature", "properties": { "학교": "중앙대", "u": "7775271115", "v": "2829530656", "key": 0, "osmid": "219745445", "name": "흑석로", "highway": "tertiary", "length": 120.0, "validation_status": "validated", "tmap_hit_routes": 2 }, "geometry": { "type": "LineString", "coordinates": [ [ 126.9616846, 37.508897 ], [ 126.96173610000001, 37.5089249 ], [ 126.9623483, 37.5092926 ], [ 126.962778699999987, 37.5095385 ] ] } },
{ "type": "Feature", "properties": { "학교": "중앙대", "u": "13392271803", "v": "3215381025", "key": 0, "osmid": "1492275604", "name": "현충로", "highway": "primary", "length": 503.3, "validation_status": "unobserved", "tmap_hit_routes": 0 }, "geometry": { "type": "LineString", "coordinates": [ [ 126.958717, 37.5123908 ], [ 126.9600561, 37.5120275 ], [ 126.9603672, 37.5119349 ], [ 126.9610419, 37.5116282 ], [ 126.9613161, 37.5114767 ], [ 126.961564200000012, 37.5112763 ], [ 126.962051, 37.5108217 ], [ 126.963046500000019, 37.5096886 ] ] } },
{ "type": "Feature", "properties": { "학교": "중앙대", "u": "13392271803", "v": "13392265479", "key": 0, "osmid": "1492275604", "name": "현충로", "highway": "primary", "length": 18.6, "validation_status": "unobserved", "tmap_hit_routes": 0 }, "geometry": { "type": "LineString", "coordinates": [ [ 126.9631642, 37.5095502 ], [ 126.9631031, 37.509624100000011 ], [ 126.963046500000019, 37.5096886 ] ] } },
{ "type": "Feature", "properties": { "학교": "중앙대", "u": "2829530651", "v": "4613243640", "key": 0, "osmid": "219745446", "name": "현충로", "highway": "primary", "length": 57.8, "validation_status": "unobserved", "tmap_hit_routes": 0 }, "geometry": { "type": "LineString", "coordinates": [ [ 126.9610049, 37.5115603 ], [ 126.961244300000018, 37.5114337 ], [ 126.961501100000021, 37.511224900000016 ] ] } },
{ "type": "Feature", "properties": { "학교": "중앙대", "u": "2829530651", "v": "5819694070", "key": 0, "osmid": "278615372", "name": "현충로4길", "highway": "tertiary", "length": 135.1, "validation_status": "unobserved", "tmap_hit_routes": 0 }, "geometry": { "type": "LineString", "coordinates": [ [ 126.9605879, 37.5102498 ], [ 126.96068360000001, 37.5103495 ], [ 126.960992, 37.5106537 ], [ 126.961336799999984, 37.5110387 ], [ 126.961501100000021, 37.511224900000016 ] ] } },
{ "type": "Feature", "properties": { "학교": "중앙대", "u": "570818861", "v": "5826295507", "key": 0, "osmid": "219105930", "name": "노량진로", "highway": "primary", "length": 116.9, "validation_status": "unobserved", "tmap_hit_routes": 0 }, "geometry": { "type": "LineString", "coordinates": [ [ 126.947896200000017, 37.5131295 ], [ 126.946617299999986, 37.513407 ] ] } },
{ "type": "Feature", "properties": { "학교": "중앙대", "u": "570818861", "v": "4613466571", "key": 0, "osmid": "688131944", "name": "노량진로", "highway": "primary", "length": 12.0, "validation_status": "unobserved", "tmap_hit_routes": 0 }, "geometry": { "type": "LineString", "coordinates": [ [ 126.9464845, 37.5134311 ], [ 126.946617299999986, 37.513407 ] ] } },
{ "type": "Feature", "properties": { "학교": "중앙대", "u": "570818861", "v": "5852845203", "key": 0, "osmid": "1243077202", "name": "노량진로17길", "highway": "primary_link", "length": 13.1, "validation_status": "unobserved", "tmap_hit_routes": 0 }, "geometry": { "type": "LineString", "coordinates": [ [ 126.9466536, 37.51352140000003 ], [ 126.946637699999982, 37.5134714 ], [ 126.9466239, 37.5134277 ], [ 126.946617299999986, 37.513407 ] ] } },
{ "type": "Feature", "properties": { "학교": "중앙대", "u": "5826295507", "v": "1994676560", "key": 0, "osmid": "616215312", "name": "노량진로", "highway": "primary", "length": 33.9, "validation_status": "unobserved", "tmap_hit_routes": 0 }, "geometry": { "type": "LineString", "coordinates": [ [ 126.948243100000013, 37.512998100000019 ], [ 126.947896200000017, 37.5131295 ] ] } },
{ "type": "Feature", "properties": { "학교": "중앙대", "u": "5826295507", "v": "8757685938", "key": 0, "osmid": "616215311", "name": "노량진로", "highway": "busway", "length": 142.0, "validation_status": "unobserved", "tmap_hit_routes": 0 }, "geometry": { "type": "LineString", "coordinates": [ [ 126.949455, 37.5128139 ], [ 126.9490227, 37.5129057 ], [ 126.948534099999989, 37.513024800000018 ], [ 126.947896200000017, 37.5131295 ] ] } },
{ "type": "Feature", "properties": { "학교": "중앙대", "u": "4613466571", "v": "6451784338", "key": 0, "osmid": "688131931", "name": "만양로18길", "highway": "residential", "length": 4.4, "validation_status": "unobserved", "tmap_hit_routes": 0 }, "geometry": { "type": "LineString", "coordinates": [ [ 126.9464715, 37.5133925 ], [ 126.9464845, 37.5134311 ] ] } },
{ "type": "Feature", "properties": { "학교": "중앙대", "u": "5852845203", "v": "8757685963", "key": 0, "osmid": "45022168", "name": "노량진로17길", "highway": "tertiary", "length": 10.4, "validation_status": "unobserved", "tmap_hit_routes": 0 }, "geometry": { "type": "LineString", "coordinates": [ [ 126.946690700000019, 37.5136098 ], [ 126.9466536, 37.51352140000003 ] ] } },
{ "type": "Feature", "properties": { "학교": "중앙대", "u": "5852845203", "v": "3215381040", "key": 0, "osmid": "616215316", "name": "노량진로", "highway": "primary", "length": 45.4, "validation_status": "unobserved", "tmap_hit_routes": 0 }, "geometry": { "type": "LineString", "coordinates": [ [ 126.947148, 37.513409 ], [ 126.9468016, 37.513487800000014 ], [ 126.9466536, 37.51352140000003 ] ] } },
{ "type": "Feature", "properties": { "학교": "중앙대", "u": "8757692551", "v": "5211005701", "key": 0, "osmid": [ 946008034, 946008035, 538351845 ], "name": "", "highway": "footway", "length": 331.3, "validation_status": "unobserved", "tmap_hit_routes": 0 }, "geometry": { "type": "LineString", "coordinates": [ [ 126.9556483, 37.5136261 ], [ 126.95562390000002, 37.513596 ], [ 126.9556454, 37.5135513 ], [ 126.955644, 37.5135269 ], [ 126.9556226, 37.513495 ], [ 126.9554885, 37.5134003 ], [ 126.955058, 37.5131578 ], [ 126.954697200000012, 37.512979 ], [ 126.954360599999987, 37.5129143 ], [ 126.953882600000014, 37.5128903 ], [ 126.953463299999981, 37.512841 ], [ 126.952531399999984, 37.5128635 ], [ 126.952419100000014, 37.5129044 ], [ 126.9522834, 37.5128933 ] ] } },
{ "type": "Feature", "properties": { "학교": "중앙대", "u": "8757692551", "v": "8757685956", "key": 0, "osmid": [ 946008035, 688383942 ], "name": "", "highway": "footway", "length": 136.4, "validation_status": "unobserved", "tmap_hit_routes": 0 }, "geometry": { "type": "LineString", "coordinates": [ [ 126.9507453, 37.5128835 ], [ 126.9512086, 37.5128727 ], [ 126.9520679, 37.5128527 ], [ 126.9521531, 37.5128787 ], [ 126.9522834, 37.5128933 ] ] } },
{ "type": "Feature", "properties": { "학교": "중앙대", "u": "8757685936", "v": "5826295506", "key": 0, "osmid": "521226879", "name": "노량진로", "highway": "primary", "length": 76.9, "validation_status": "unobserved", "tmap_hit_routes": 0 }, "geometry": { "type": "LineString", "coordinates": [ [ 126.949855600000021, 37.512824 ], [ 126.9507279, 37.5128211 ] ] } },
{ "type": "Feature", "properties": { "학교": "중앙대", "u": "8757685936", "v": "8757685956", "key": 0, "osmid": "946006027", "name": "", "highway": "footway", "length": 7.1, "validation_status": "unobserved", "tmap_hit_routes": 0 }, "geometry": { "type": "LineString", "coordinates": [ [ 126.9507453, 37.5128835 ], [ 126.9507279, 37.5128211 ] ] } },
{ "type": "Feature", "properties": { "학교": "중앙대", "u": "8757685936", "v": "8757685935", "key": 0, "osmid": "946006027", "name": "", "highway": "footway", "length": 9.3, "validation_status": "unobserved", "tmap_hit_routes": 0 }, "geometry": { "type": "LineString", "coordinates": [ [ 126.950726100000011, 37.5127379 ], [ 126.9507279, 37.5128211 ] ] } },
{ "type": "Feature", "properties": { "학교": "중앙대", "u": "8757685935", "v": "5826295506", "key": 0, "osmid": "616215315", "name": "노량진로", "highway": "busway", "length": 77.4, "validation_status": "unobserved", "tmap_hit_routes": 0 }, "geometry": { "type": "LineString", "coordinates": [ [ 126.949855600000021, 37.512824 ], [ 126.950726100000011, 37.5127379 ] ] } },
{ "type": "Feature", "properties": { "학교": "중앙대", "u": "8757685935", "v": "8757685934", "key": 0, "osmid": "946006027", "name": "", "highway": "footway", "length": 6.0, "validation_status": "unobserved", "tmap_hit_routes": 0 }, "geometry": { "type": "LineString", "coordinates": [ [ 126.9507319, 37.5126837 ], [ 126.950726100000011, 37.5127379 ] ] } },
{ "type": "Feature", "properties": { "학교": "중앙대", "u": "4644112573", "v": "4644112576", "key": 0, "osmid": "470199636", "name": "", "highway": "residential", "length": 105.2, "validation_status": "unobserved", "tmap_hit_routes": 0 }, "geometry": { "type": "LineString", "coordinates": [ [ 126.949717400000011, 37.5048292 ], [ 126.9498754, 37.5050157 ], [ 126.9500244, 37.5051223 ], [ 126.9501787, 37.50527360000001 ], [ 126.9503995, 37.50559710000001 ] ] } },
{ "type": "Feature", "properties": { "학교": "중앙대", "u": "4613249930", "v": "8757719538", "key": 0, "osmid": "466546964", "name": "노량진로28길", "highway": "residential", "length": 18.6, "validation_status": "unobserved", "tmap_hit_routes": 0 }, "geometry": { "type": "LineString", "coordinates": [ [ 126.954929199999981, 37.512564 ], [ 126.9548318, 37.5127122 ] ] } },
{ "type": "Feature", "properties": { "학교": "중앙대", "u": "4613249930", "v": "3215381031", "key": 0, "osmid": "219105928", "name": "양녕로", "highway": "primary", "length": 78.8, "validation_status": "unobserved", "tmap_hit_routes": 0 }, "geometry": { "type": "LineString", "coordinates": [ [ 126.955556, 37.5131255 ], [ 126.955240500000016, 37.5129253 ], [ 126.9550137, 37.512797 ], [ 126.9548318, 37.5127122 ] ] } },
{ "type": "Feature", "properties": { "학교": "중앙대", "u": "4613249918", "v": "4613270071", "key": 0, "osmid": "466546960", "name": "노량진로26길", "highway": "residential", "length": 16.9, "validation_status": "unobserved", "tmap_hit_routes": 0 }, "geometry": { "type": "LineString", "coordinates": [ [ 126.9543721, 37.5121204 ], [ 126.95441910000001, 37.5122682 ] ] } },
{ "type": "Feature", "properties": { "학교": "중앙대", "u": "4613249918", "v": "8757719538", "key": 0, "osmid": "946008045", "name": "", "highway": "footway", "length": 55.7, "validation_status": "unobserved", "tmap_hit_routes": 0 }, "geometry": { "type": "LineString", "coordinates": [ [ 126.954929199999981, 37.512564 ], [ 126.95441910000001, 37.5122682 ] ] } },
{ "type": "Feature", "properties": { "학교": "중앙대", "u": "4613249918", "v": "8757719544", "key": 0, "osmid": "946008045", "name": "", "highway": "footway", "length": 196.6, "validation_status": "validated", "tmap_hit_routes": 1 }, "geometry": { "type": "LineString", "coordinates": [ [ 126.9534856, 37.5106765 ], [ 126.953703, 37.5111019 ], [ 126.953900300000015, 37.5115465 ], [ 126.954090599999986, 37.5118789 ], [ 126.954244700000018, 37.512116 ], [ 126.9543334, 37.5121956 ], [ 126.95441910000001, 37.5122682 ] ] } },
{ "type": "Feature", "properties": { "학교": "중앙대", "u": "2829530351", "v": "1831853301", "key": 0, "osmid": [ 172263024, 176729657, 172263032 ], "name": "양녕로", "highway": "primary", "length": 789.6, "validation_status": "validated", "tmap_hit_routes": 3 }, "geometry": { "type": "LineString", "coordinates": [ [ 126.950465, 37.505297 ], [ 126.950916, 37.506088399999989 ], [ 126.953324, 37.5107716 ], [ 126.95372620000002, 37.5116269 ], [ 126.9538699, 37.5118631 ] ] } },
{ "type": "Feature", "properties": { "학교": "중앙대", "u": "2829530351", "v": "2829530357", "key": 0, "osmid": "521226886", "name": "노량진로24길", "highway": "residential", "length": 143.9, "validation_status": "validated", "tmap_hit_routes": 1 }, "geometry": { "type": "LineString", "coordinates": [ [ 126.9533958, 37.5106437 ], [ 126.953465, 37.5107308 ], [ 126.9535056, 37.5108598 ], [ 126.9536357, 37.5111436 ], [ 126.9537414, 37.511379 ], [ 126.9538878, 37.5116789 ], [ 126.9538699, 37.5118631 ] ] } },
{ "type": "Feature", "properties": { "학교": "중앙대", "u": "1829429056", "v": "2886858282", "key": 0, "osmid": "171985384", "name": "상도로36길", "highway": "service", "length": 44.5, "validation_status": "unobserved", "tmap_hit_routes": 0 }, "geometry": { "type": "LineString", "coordinates": [ [ 126.9472607, 37.5037354 ], [ 126.946839, 37.5035157 ] ] } },
{ "type": "Feature", "properties": { "학교": "중앙대", "u": "1829429056", "v": "1829429058", "key": 0, "osmid": "171985384", "name": "상도로36길", "highway": "service", "length": 42.5, "validation_status": "unobserved", "tmap_hit_routes": 0 }, "geometry": { "type": "LineString", "coordinates": [ [ 126.946436600000013, 37.5033062 ], [ 126.946839, 37.5035157 ] ] } },
{ "type": "Feature", "properties": { "학교": "중앙대", "u": "1829429044", "v": "1829429058", "key": 0, "osmid": "171985386", "name": "상도로34나길", "highway": "service", "length": 74.6, "validation_status": "unobserved", "tmap_hit_routes": 0 }, "geometry": { "type": "LineString", "coordinates": [ [ 126.946436600000013, 37.5033062 ], [ 126.9469231, 37.5027577 ] ] } },
{ "type": "Feature", "properties": { "학교": "중앙대", "u": "1829429044", "v": "12857612858", "key": 0, "osmid": "1389015014", "name": "", "highway": "service", "length": 95.3, "validation_status": "unobserved", "tmap_hit_routes": 0 }, "geometry": { "type": "LineString", "coordinates": [ [ 126.947549, 37.5020586 ], [ 126.9469231, 37.5027577 ] ] } },
{ "type": "Feature", "properties": { "학교": "중앙대", "u": "1829429044", "v": "2825695791", "key": 0, "osmid": "481148806", "name": "양녕로", "highway": "secondary", "length": 30.2, "validation_status": "unobserved", "tmap_hit_routes": 0 }, "geometry": { "type": "LineString", "coordinates": [ [ 126.9466539, 37.5025898 ], [ 126.9467141, 37.5026315 ], [ 126.9469231, 37.5027577 ] ] } },
{ "type": "Feature", "properties": { "학교": "중앙대", "u": "4621509674", "v": "4621509675", "key": 0, "osmid": "467543171", "name": "상도로38길", "highway": "service", "length": 140.4, "validation_status": "unobserved", "tmap_hit_routes": 0 }, "geometry": { "type": "LineString", "coordinates": [ [ 126.9487898, 37.5012141 ], [ 126.9479039, 37.5022631 ] ] } },
{ "type": "Feature", "properties": { "학교": "중앙대", "u": "4621509674", "v": "13597219416", "key": 0, "osmid": "467543171", "name": "상도로38길", "highway": "service", "length": 34.2, "validation_status": "unobserved", "tmap_hit_routes": 0 }, "geometry": { "type": "LineString", "coordinates": [ [ 126.9482201, 37.5024416 ], [ 126.9479039, 37.5022631 ] ] } },
{ "type": "Feature", "properties": { "학교": "중앙대", "u": "4621509674", "v": "12857612858", "key": 0, "osmid": "801862820", "name": "상도로38길", "highway": "service", "length": 38.7, "validation_status": "unobserved", "tmap_hit_routes": 0 }, "geometry": { "type": "LineString", "coordinates": [ [ 126.947549, 37.5020586 ], [ 126.9479039, 37.5022631 ] ] } },
{ "type": "Feature", "properties": { "학교": "중앙대", "u": "12857612858", "v": "4621505856", "key": 0, "osmid": "801862820", "name": "상도로38길", "highway": "service", "length": 26.2, "validation_status": "unobserved", "tmap_hit_routes": 0 }, "geometry": { "type": "LineString", "coordinates": [ [ 126.9473049, 37.501925 ], [ 126.947549, 37.5020586 ] ] } },
{ "type": "Feature", "properties": { "학교": "중앙대", "u": "2886858282", "v": "2290052292", "key": 0, "osmid": "219872334", "name": "상도로", "highway": "primary", "length": 51.5, "validation_status": "unobserved", "tmap_hit_routes": 0 }, "geometry": { "type": "LineString", "coordinates": [ [ 126.946919099999988, 37.50411110000001 ], [ 126.9472607, 37.5037354 ] ] } },
{ "type": "Feature", "properties": { "학교": "중앙대", "u": "2886858282", "v": "10265961153", "key": 0, "osmid": "467541938", "name": "상도로", "highway": "service", "length": 51.1, "validation_status": "unobserved", "tmap_hit_routes": 0 }, "geometry": { "type": "LineString", "coordinates": [ [ 126.9477461, 37.5039862 ], [ 126.9472607, 37.5037354 ] ] } },
{ "type": "Feature", "properties": { "학교": "중앙대", "u": "1831853297", "v": "4644112576", "key": 0, "osmid": "172263026", "name": "매봉로", "highway": "residential", "length": 3.9, "validation_status": "bridged", "tmap_hit_routes": 0 }, "geometry": { "type": "LineString", "coordinates": [ [ 126.949717400000011, 37.5048292 ], [ 126.949711300000018, 37.5047944 ] ] } },
{ "type": "Feature", "properties": { "학교": "중앙대", "u": "1831853297", "v": "4621496740", "key": 0, "osmid": "467541937", "name": "상도로", "highway": "service", "length": 86.8, "validation_status": "validated", "tmap_hit_routes": 2 }, "geometry": { "type": "LineString", "coordinates": [ [ 126.9488877, 37.5043703 ], [ 126.949543300000016, 37.5047329 ], [ 126.949711300000018, 37.5047944 ] ] } },
{ "type": "Feature", "properties": { "학교": "중앙대", "u": "4644112576", "v": "1831853312", "key": 0, "osmid": "172263026", "name": "매봉로", "highway": "residential", "length": 20.6, "validation_status": "validated", "tmap_hit_routes": 1 }, "geometry": { "type": "LineString", "coordinates": [ [ 126.9497761, 37.5050087 ], [ 126.949717400000011, 37.5048292 ] ] } },
{ "type": "Feature", "properties": { "학교": "중앙대", "u": "4621496740", "v": "10265961154", "key": 0, "osmid": "467541937", "name": "상도로", "highway": "service", "length": 107.4, "validation_status": "validated", "tmap_hit_routes": 1 }, "geometry": { "type": "LineString", "coordinates": [ [ 126.9478883, 37.5038191 ], [ 126.9488877, 37.5043703 ] ] } },
{ "type": "Feature", "properties": { "학교": "중앙대", "u": "4621496740", "v": "4621496741", "key": 0, "osmid": "467541939", "name": "", "highway": "service", "length": 27.3, "validation_status": "validated", "tmap_hit_routes": 1 }, "geometry": { "type": "LineString", "coordinates": [ [ 126.948714100000018, 37.5045737 ], [ 126.9488877, 37.5043703 ] ] } },
{ "type": "Feature", "properties": { "학교": "중앙대", "u": "1831853301", "v": "10239817464", "key": 0, "osmid": "172263024", "name": "양녕로", "highway": "primary", "length": 114.1, "validation_status": "unobserved", "tmap_hit_routes": 0 }, "geometry": { "type": "LineString", "coordinates": [ [ 126.949881499999989, 37.5043834 ], [ 126.9499189, 37.5044149 ], [ 126.950465, 37.505297 ] ] } },
{ "type": "Feature", "properties": { "학교": "중앙대", "u": "1831853301", "v": "10239817432", "key": 0, "osmid": "172263025", "name": "", "highway": "residential", "length": 53.3, "validation_status": "unobserved", "tmap_hit_routes": 0 }, "geometry": { "type": "LineString", "coordinates": [ [ 126.9504544, 37.5048272 ], [ 126.9504172, 37.504918 ], [ 126.950409599999986, 37.5050556 ], [ 126.950425100000018, 37.5051598 ], [ 126.950465, 37.505297 ] ] } },
{ "type": "Feature", "properties": { "학교": "중앙대", "u": "10239817464", "v": "2825701323", "key": 0, "osmid": "45027298", "name": "흑석로", "highway": "tertiary", "length": 39.3, "validation_status": "validated", "tmap_hit_routes": 4 }, "geometry": { "type": "LineString", "coordinates": [ [ 126.9502567, 37.50457 ], [ 126.9499845, 37.5044138 ], [ 126.949881499999989, 37.5043834 ] ] } },
{ "type": "Feature", "properties": { "학교": "중앙대", "u": "10239817432", "v": "10239817456", "key": 0, "osmid": "1119552038", "name": "", "highway": "residential", "length": 4.1, "validation_status": "unobserved", "tmap_hit_routes": 0 }, "geometry": { "type": "LineString", "coordinates": [ [ 126.950497500000012, 37.5048131 ], [ 126.9504544, 37.5048272 ] ] } },
{ "type": "Feature", "properties": { "학교": "중앙대", "u": "10239817432", "v": "10239817452", "key": 0, "osmid": "172263025", "name": "", "highway": "residential", "length": 8.1, "validation_status": "unobserved", "tmap_hit_routes": 0 }, "geometry": { "type": "LineString", "coordinates": [ [ 126.9504613, 37.5047549 ], [ 126.950464400000016, 37.50478480000001 ], [ 126.9504544, 37.5048272 ] ] } },
{ "type": "Feature", "properties": { "학교": "중앙대", "u": "1831853303", "v": "10239817444", "key": 0, "osmid": "172263023", "name": "양녕로38길", "highway": "residential", "length": 16.3, "validation_status": "unobserved", "tmap_hit_routes": 0 }, "geometry": { "type": "LineString", "coordinates": [ [ 126.9509815, 37.5062835 ], [ 126.9510132, 37.506263 ], [ 126.951039600000016, 37.5062154 ], [ 126.951050400000014, 37.506153900000015 ] ] } },
{ "type": "Feature", "properties": { "학교": "중앙대", "u": "1831853303", "v": "1831853337", "key": 0, "osmid": "172263023", "name": "양녕로38길", "highway": "residential", "length": 67.9, "validation_status": "unobserved", "tmap_hit_routes": 0 }, "geometry": { "type": "LineString", "coordinates": [ [ 126.950767199999987, 37.505586799999989 ], [ 126.9510127, 37.5060591 ], [ 126.951050400000014, 37.506153900000015 ] ] } },
{ "type": "Feature", "properties": { "학교": "중앙대", "u": "1831853303", "v": "2824550239", "key": 0, "osmid": "467541186", "name": "강남초등2길", "highway": "service", "length": 105.1, "validation_status": "validated", "tmap_hit_routes": 2 }, "geometry": { "type": "LineString", "coordinates": [ [ 126.9520962, 37.506498699999987 ], [ 126.9514211, 37.5064155 ], [ 126.951253200000011, 37.50635230000001 ], [ 126.951050400000014, 37.506153900000015 ] ] } },
{ "type": "Feature", "properties": { "학교": "중앙대", "u": "10239817444", "v": "10239817451", "key": 0, "osmid": [ 172263026, 172263023 ], "name": [ "양녕로38길", "매봉로" ], "highway": "residential", "length": 21.3, "validation_status": "unobserved", "tmap_hit_routes": 0 }, "geometry": { "type": "LineString", "coordinates": [ [ 126.950754500000016, 37.506334800000012 ], [ 126.9508025, 37.5063371 ], [ 126.95086910000002, 37.5063227 ], [ 126.9509624, 37.5062959 ], [ 126.9509815, 37.5062835 ] ] } },
{ "type": "Feature", "properties": { "학교": "중앙대", "u": "10239817444", "v": "4626178456", "key": 0, "osmid": "1119552036", "name": "", "highway": "residential", "length": 24.6, "validation_status": "unobserved", "tmap_hit_routes": 0 }, "geometry": { "type": "LineString", "coordinates": [ [ 126.950976, 37.5065031 ], [ 126.9509727, 37.5064514 ], [ 126.950964099999979, 37.506384 ], [ 126.9509754, 37.5063271 ], [ 126.9509815, 37.5062835 ] ] } },
{ "type": "Feature", "properties": { "학교": "중앙대", "u": "1831853337", "v": "4621488493", "key": 0, "osmid": "172263023", "name": "양녕로38길", "highway": "residential", "length": 11.0, "validation_status": "unobserved", "tmap_hit_routes": 0 }, "geometry": { "type": "LineString", "coordinates": [ [ 126.9507087, 37.5054993 ], [ 126.950767199999987, 37.505586799999989 ] ] } },
{ "type": "Feature", "properties": { "학교": "중앙대", "u": "1831853337", "v": "4621488500", "key": 0, "osmid": "467541184", "name": "강남초등4길", "highway": "service", "length": 57.8, "validation_status": "unobserved", "tmap_hit_routes": 0 }, "geometry": { "type": "LineString", "coordinates": [ [ 126.9514195, 37.5056376 ], [ 126.950767199999987, 37.505586799999989 ] ] } },
{ "type": "Feature", "properties": { "학교": "중앙대", "u": "2824550239", "v": "4621488498", "key": 0, "osmid": "278024796", "name": "강남초등길", "highway": "residential", "length": 86.2, "validation_status": "validated", "tmap_hit_routes": 5 }, "geometry": { "type": "LineString", "coordinates": [ [ 126.9522467, 37.5057331 ], [ 126.9521762, 37.5060831 ], [ 126.9520962, 37.506498699999987 ] ] } },
{ "type": "Feature", "properties": { "학교": "중앙대", "u": "2824550239", "v": "2824550237", "key": 0, "osmid": "278024796", "name": "강남초등길", "highway": "residential", "length": 48.8, "validation_status": "validated", "tmap_hit_routes": 5 }, "geometry": { "type": "LineString", "coordinates": [ [ 126.9520257, 37.5069336 ], [ 126.952055700000017, 37.5067043 ], [ 126.9520962, 37.506498699999987 ] ] } },
{ "type": "Feature", "properties": { "학교": "중앙대", "u": "1831853312", "v": "10239817451", "key": 0, "osmid": "172263026", "name": "매봉로", "highway": "residential", "length": 176.3, "validation_status": "unobserved", "tmap_hit_routes": 0 }, "geometry": { "type": "LineString", "coordinates": [ [ 126.950754500000016, 37.506334800000012 ], [ 126.9507302, 37.5063337 ], [ 126.950633600000018, 37.5063 ], [ 126.950581500000013, 37.506253 ], [ 126.9505495, 37.5061994 ], [ 126.950151, 37.5053835 ], [ 126.950057900000019, 37.5052627 ], [ 126.949835900000011, 37.5051053 ], [ 126.9497761, 37.5050087 ] ] } },
{ "type": "Feature", "properties": { "학교": "중앙대", "u": "1831853312", "v": "14136808385", "key": 0, "osmid": "1553818038", "name": "", "highway": "service", "length": 50.0, "validation_status": "validated", "tmap_hit_routes": 1 }, "geometry": { "type": "LineString", "coordinates": [ [ 126.949257, 37.5051863 ], [ 126.9493821, 37.5051309 ], [ 126.949631599999989, 37.5050439 ], [ 126.9497761, 37.5050087 ] ] } },
{ "type": "Feature", "properties": { "학교": "중앙대", "u": "10239817451", "v": "4626178456", "key": 0, "osmid": "1119552037", "name": "", "highway": "residential", "length": 27.2, "validation_status": "unobserved", "tmap_hit_routes": 0 }, "geometry": { "type": "LineString", "coordinates": [ [ 126.950976, 37.5065031 ], [ 126.9509185, 37.5064587 ], [ 126.950858, 37.5064036 ], [ 126.9508155, 37.5063673 ], [ 126.950754500000016, 37.506334800000012 ] ] } },
{ "type": "Feature", "properties": { "학교": "중앙대", "u": "14136808385", "v": "14136808384", "key": 0, "osmid": [ 1553818040, 1553818041, 1553818038 ], "name": "", "highway": "service", "length": 78.6, "validation_status": "validated", "tmap_hit_routes": 1 }, "geometry": { "type": "LineString", "coordinates": [ [ 126.9492641, 37.5055597 ], [ 126.949045, 37.5054618 ], [ 126.9490075, 37.5054557 ], [ 126.948958300000015, 37.5054583 ], [ 126.948926299999982, 37.5054467 ], [ 126.948910600000019, 37.5054201 ], [ 126.9489159, 37.5053716 ], [ 126.9489525, 37.5053318 ], [ 126.949006600000018, 37.505301 ], [ 126.949046200000012, 37.5052742 ], [ 126.949185400000019, 37.505218 ], [ 126.949257, 37.5051863 ] ] } },
{ "type": "Feature", "properties": { "학교": "중앙대", "u": "14136808385", "v": "14136808395", "key": 0, "osmid": "1553818042", "name": "", "highway": "service", "length": 50.7, "validation_status": "validated", "tmap_hit_routes": 1 }, "geometry": { "type": "LineString", "coordinates": [ [ 126.9497357, 37.5052848 ], [ 126.9495636, 37.5052042 ], [ 126.9495318, 37.5051956 ], [ 126.9494925, 37.5051983 ], [ 126.9494654, 37.505216 ], [ 126.949434200000013, 37.5052424 ], [ 126.94940720000001, 37.5052523 ], [ 126.9493686, 37.5052569 ], [ 126.949328800000018, 37.5052508 ], [ 126.9492961, 37.5052366 ], [ 126.9492696, 37.5052061 ], [ 126.949257, 37.5051863 ] ] } },
{ "type": "Feature", "properties": { "학교": "중앙대", "u": "2825701323", "v": "2829147721", "key": 0, "osmid": "278145990", "name": "상도로41가길", "highway": "residential", "length": 48.8, "validation_status": "validated", "tmap_hit_routes": 5 }, "geometry": { "type": "LineString", "coordinates": [ [ 126.95030340000001, 37.5041398 ], [ 126.9503107, 37.504412 ], [ 126.9503032, 37.504492200000016 ], [ 126.9502567, 37.50457 ] ] } },
{ "type": "Feature", "properties": { "학교": "중앙대", "u": "10239817452", "v": "10239817456", "key": 0, "osmid": "1119552039", "name": "", "highway": "residential", "length": 7.2, "validation_status": "unobserved", "tmap_hit_routes": 0 }, "geometry": { "type": "LineString", "coordinates": [ [ 126.950497500000012, 37.5048131 ], [ 126.9504613, 37.5047549 ] ] } },
{ "type": "Feature", "properties": { "학교": "중앙대", "u": "10239817456", "v": "10239817455", "key": 0, "osmid": "1119552039", "name": "", "highway": "residential", "length": 3.4, "validation_status": "unobserved", "tmap_hit_routes": 0 }, "geometry": { "type": "LineString", "coordinates": [ [ 126.9505145, 37.5048404 ], [ 126.950497500000012, 37.5048131 ] ] } },
{ "type": "Feature", "properties": { "학교": "중앙대", "u": "10239817455", "v": "2829147732", "key": 0, "osmid": "172263023", "name": "양녕로38길", "highway": "residential", "length": 54.1, "validation_status": "unobserved", "tmap_hit_routes": 0 }, "geometry": { "type": "LineString", "coordinates": [ [ 126.950600300000019, 37.5053138 ], [ 126.9505441, 37.5052131 ], [ 126.950510600000015, 37.5051056 ], [ 126.9505006, 37.5049934 ], [ 126.9505145, 37.5048404 ] ] } },
{ "type": "Feature", "properties": { "학교": "중앙대", "u": "4621488493", "v": "2829147732", "key": 0, "osmid": "172263023", "name": "양녕로38길", "highway": "residential", "length": 22.7, "validation_status": "unobserved", "tmap_hit_routes": 0 }, "geometry": { "type": "LineString", "coordinates": [ [ 126.950600300000019, 37.5053138 ], [ 126.9507087, 37.5054993 ] ] } },
{ "type": "Feature", "properties": { "학교": "중앙대", "u": "4621488493", "v": "4621488501", "key": 0, "osmid": "467541183", "name": "강남초등6길", "highway": "service", "length": 67.8, "validation_status": "validated", "tmap_hit_routes": 1 }, "geometry": { "type": "LineString", "coordinates": [ [ 126.9514481, 37.5054243 ], [ 126.9510144, 37.505398900000017 ], [ 126.9508555, 37.5054316 ], [ 126.9507087, 37.5054993 ] ] } },
{ "type": "Feature", "properties": { "학교": "중앙대", "u": "4621488500", "v": "4621488498", "key": 0, "osmid": "467541184", "name": "강남초등4길", "highway": "service", "length": 73.7, "validation_status": "validated", "tmap_hit_routes": 4 }, "geometry": { "type": "LineString", "coordinates": [ [ 126.9522467, 37.5057331 ], [ 126.9514195, 37.5056376 ] ] } },
{ "type": "Feature", "properties": { "학교": "중앙대", "u": "4621488500", "v": "4621488499", "key": 0, "osmid": "467541185", "name": "강남초등4길", "highway": "service", "length": 19.5, "validation_status": "unobserved", "tmap_hit_routes": 0 }, "geometry": { "type": "LineString", "coordinates": [ [ 126.951399, 37.5058124 ], [ 126.9514195, 37.5056376 ] ] } },
{ "type": "Feature", "properties": { "학교": "중앙대", "u": "4621488500", "v": "4621488501", "key": 0, "osmid": "801862815", "name": "", "highway": "service", "length": 23.9, "validation_status": "unobserved", "tmap_hit_routes": 0 }, "geometry": { "type": "LineString", "coordinates": [ [ 126.9514481, 37.5054243 ], [ 126.9514195, 37.5056376 ] ] } },
{ "type": "Feature", "properties": { "학교": "중앙대", "u": "1994676560", "v": "6451784335", "key": 0, "osmid": "466550146", "name": "만양로14길", "highway": "residential", "length": 7.1, "validation_status": "unobserved", "tmap_hit_routes": 0 }, "geometry": { "type": "LineString", "coordinates": [ [ 126.9481783, 37.512960800000016 ], [ 126.948243100000013, 37.512998100000019 ] ] } },
{ "type": "Feature", "properties": { "학교": "중앙대", "u": "1994676560", "v": "8757685937", "key": 0, "osmid": "616215312", "name": "노량진로", "highway": "primary", "length": 109.3, "validation_status": "unobserved", "tmap_hit_routes": 0 }, "geometry": { "type": "LineString", "coordinates": [ [ 126.9494369, 37.5127355 ], [ 126.949278100000015, 37.512763099999979 ], [ 126.948243100000013, 37.512998100000019 ] ] } },
{ "type": "Feature", "properties": { "학교": "중앙대", "u": "6451784335", "v": "4613385579", "key": 0, "osmid": "466550146", "name": "만양로14길", "highway": "residential", "length": 122.9, "validation_status": "unobserved", "tmap_hit_routes": 0 }, "geometry": { "type": "LineString", "coordinates": [ [ 126.9469734, 37.5124319 ], [ 126.947182, 37.5124898 ], [ 126.9475391, 37.5125842 ], [ 126.9475526, 37.5125923 ], [ 126.9479047, 37.512803400000017 ], [ 126.9481783, 37.512960800000016 ] ] } },
{ "type": "Feature", "properties": { "학교": "중앙대", "u": "6451784335", "v": "8323580266", "key": 0, "osmid": "688136518", "name": "", "highway": "footway", "length": 37.2, "validation_status": "unobserved", "tmap_hit_routes": 0 }, "geometry": { "type": "LineString", "coordinates": [ [ 126.9477757, 37.5130599 ], [ 126.9477855, 37.5130576 ], [ 126.9481783, 37.512960800000016 ] ] } },
{ "type": "Feature", "properties": { "학교": "중앙대", "u": "6451784335", "v": "8757685949", "key": 0, "osmid": "688136518", "name": "", "highway": "footway", "length": 114.2, "validation_status": "unobserved", "tmap_hit_routes": 0 }, "geometry": { "type": "LineString", "coordinates": [ [ 126.949417399999987, 37.512662399999989 ], [ 126.9490975, 37.5127415 ], [ 126.9481783, 37.512960800000016 ] ] } },
{ "type": "Feature", "properties": { "학교": "중앙대", "u": "8757685937", "v": "8757685938", "key": 0, "osmid": "946006028", "name": "", "highway": "footway", "length": 8.9, "validation_status": "unobserved", "tmap_hit_routes": 0 }, "geometry": { "type": "LineString", "coordinates": [ [ 126.949455, 37.5128139 ], [ 126.9494369, 37.5127355 ] ] } },
{ "type": "Feature", "properties": { "학교": "중앙대", "u": "8757685937", "v": "8757685949", "key": 0, "osmid": "946006028", "name": "", "highway": "footway", "length": 8.3, "validation_status": "unobserved", "tmap_hit_routes": 0 }, "geometry": { "type": "LineString", "coordinates": [ [ 126.949417399999987, 37.512662399999989 ], [ 126.9494369, 37.5127355 ] ] } },
{ "type": "Feature", "properties": { "학교": "중앙대", "u": "8757685937", "v": "5826295509", "key": 0, "osmid": "616215312", "name": "노량진로", "highway": "primary", "length": 50.2, "validation_status": "unobserved", "tmap_hit_routes": 0 }, "geometry": { "type": "LineString", "coordinates": [ [ 126.9500034, 37.51270190000001 ], [ 126.9496729, 37.5127058 ], [ 126.9494369, 37.5127355 ] ] } },
{ "type": "Feature", "properties": { "학교": "중앙대", "u": "2281726765", "v": "4644118981", "key": 0, "osmid": "470199126", "name": "양녕로", "highway": "primary", "length": 25.6, "validation_status": "unobserved", "tmap_hit_routes": 0 }, "geometry": { "type": "LineString", "coordinates": [ [ 126.9558638, 37.513652099999987 ], [ 126.9556811, 37.5134727 ] ] } },
{ "type": "Feature", "properties": { "학교": "중앙대", "u": "2281726765", "v": "2281726768", "key": 0, "osmid": "218964501", "name": "", "highway": "primary_link", "length": 52.8, "validation_status": "unobserved", "tmap_hit_routes": 0 }, "geometry": { "type": "LineString", "coordinates": [ [ 126.9562206, 37.5136534 ], [ 126.9561561, 37.5136499 ], [ 126.9560772, 37.5136102 ], [ 126.9559186, 37.5135191 ], [ 126.9556811, 37.5134727 ] ] } },
{ "type": "Feature", "properties": { "학교": "중앙대", "u": "2281726765", "v": "5211005701", "key": 0, "osmid": "538351847", "name": "", "highway": "primary_link", "length": 17.4, "validation_status": "unobserved", "tmap_hit_routes": 0 }, "geometry": { "type": "LineString", "coordinates": [ [ 126.9556483, 37.5136261 ], [ 126.95567650000001, 37.513537799999987 ], [ 126.9556811, 37.5134727 ] ] } },
{ "type": "Feature", "properties": { "학교": "중앙대", "u": "2281726768", "v": "4644119691", "key": 0, "osmid": "538352859", "name": "", "highway": "primary_link", "length": 42.4, "validation_status": "unobserved", "tmap_hit_routes": 0 }, "geometry": { "type": "LineString", "coordinates": [ [ 126.956638900000016, 37.5134654 ], [ 126.9562206, 37.5136534 ] ] } },
{ "type": "Feature", "properties": { "학교": "중앙대", "u": "2281726768", "v": "3215381031", "key": 0, "osmid": "521226875", "name": "양녕로", "highway": "primary", "length": 83.5, "validation_status": "unobserved", "tmap_hit_routes": 0 }, "geometry": { "type": "LineString", "coordinates": [ [ 126.955556, 37.5131255 ], [ 126.9557598, 37.5132527 ], [ 126.9559605, 37.513399 ], [ 126.9559868, 37.5134181 ], [ 126.9560761, 37.513488199999983 ], [ 126.9561553, 37.5135699 ], [ 126.9562206, 37.5136534 ] ] } },
{ "type": "Feature", "properties": { "학교": "중앙대", "u": "4644119691", "v": "5211005698", "key": 0, "osmid": [ 537813370, 1370166334, 1370166335 ], "name": "", "highway": "footway", "length": 26.5, "validation_status": "unobserved", "tmap_hit_routes": 0 }, "geometry": { "type": "LineString", "coordinates": [ [ 126.9564676, 37.513269300000012 ], [ 126.9564827, 37.513286200000017 ], [ 126.956626699999987, 37.5134517 ], [ 126.956638900000016, 37.5134654 ] ] } },
{ "type": "Feature", "properties": { "학교": "중앙대", "u": "4644119691", "v": "8757719524", "key": 0, "osmid": [ 537813370, 1370196397 ], "name": "", "highway": "footway", "length": 3.9, "validation_status": "unobserved", "tmap_hit_routes": 0 }, "geometry": { "type": "LineString", "coordinates": [ [ 126.956663500000019, 37.5134942 ], [ 126.956652100000014, 37.5134819 ], [ 126.956638900000016, 37.5134654 ] ] } },
{ "type": "Feature", "properties": { "학교": "중앙대", "u": "4644119691", "v": "3215381025", "key": 0, "osmid": [ 538351842, 218964499 ], "name": "", "highway": "primary_link", "length": 218.9, "validation_status": "unobserved", "tmap_hit_routes": 0 }, "geometry": { "type": "LineString", "coordinates": [ [ 126.958717, 37.5123908 ], [ 126.958198, 37.5126905 ], [ 126.957135799999989, 37.513225 ], [ 126.956638900000016, 37.5134654 ] ] } },
{ "type": "Feature", "properties": { "학교": "중앙대", "u": "3215381031", "v": "4613249956", "key": 0, "osmid": "315423465", "name": "", "highway": "primary_link", "length": 56.2, "validation_status": "unobserved", "tmap_hit_routes": 0 }, "geometry": { "type": "LineString", "coordinates": [ [ 126.9561483, 37.5133092 ], [ 126.9561206, 37.5133076 ], [ 126.9559773, 37.5132668 ], [ 126.9558869, 37.5132411 ], [ 126.955556, 37.5131255 ] ] } },
{ "type": "Feature", "properties": { "학교": "중앙대", "u": "2288832799", "v": "4613243606", "key": 0, "osmid": "219745444", "name": "흑석로", "highway": "residential", "length": 5.2, "validation_status": "unobserved", "tmap_hit_routes": 0 }, "geometry": { "type": "LineString", "coordinates": [ [ 126.9615646, 37.5076231 ], [ 126.9615342, 37.5075828 ] ] } },
{ "type": "Feature", "properties": { "학교": "중앙대", "u": "2288832799", "v": "7775271107", "key": 0, "osmid": "521182513", "name": "흑석로", "highway": "tertiary", "length": 34.9, "validation_status": "validated", "tmap_hit_routes": 19 }, "geometry": { "type": "LineString", "coordinates": [ [ 126.9611611, 37.507686 ], [ 126.9615342, 37.5075828 ] ] } },
{ "type": "Feature", "properties": { "학교": "중앙대", "u": "2288832799", "v": "2288832804", "key": 0, "osmid": "832887496", "name": "흑석로", "highway": "tertiary", "length": 31.6, "validation_status": "validated", "tmap_hit_routes": 19 }, "geometry": { "type": "LineString", "coordinates": [ [ 126.961826699999989, 37.50741810000001 ], [ 126.9615342, 37.5075828 ] ] } },
{ "type": "Feature", "properties": { "학교": "중앙대", "u": "4613243606", "v": "4613243609", "key": 0, "osmid": "832887497", "name": "서달로13길", "highway": "service", "length": 20.3, "validation_status": "unobserved", "tmap_hit_routes": 0 }, "geometry": { "type": "LineString", "coordinates": [ [ 126.9617531, 37.5077282 ], [ 126.9615646, 37.5076231 ] ] } },
{ "type": "Feature", "properties": { "학교": "중앙대", "u": "4613243606", "v": "7775271106", "key": 0, "osmid": "219745444", "name": "흑석로", "highway": "residential", "length": 30.2, "validation_status": "unobserved", "tmap_hit_routes": 0 }, "geometry": { "type": "LineString", "coordinates": [ [ 126.9613447, 37.5078276 ], [ 126.961449299999984, 37.5076991 ], [ 126.9615646, 37.5076231 ] ] } },
{ "type": "Feature", "properties": { "학교": "중앙대", "u": "2288832804", "v": "4612938749", "key": 0, "osmid": "219745443", "name": "서달로", "highway": "tertiary", "length": 93.6, "validation_status": "validated", "tmap_hit_routes": 6 }, "geometry": { "type": "LineString", "coordinates": [ [ 126.9626972, 37.5078977 ], [ 126.9626315, 37.5078658 ], [ 126.962218800000016, 37.5076599 ], [ 126.961826699999989, 37.50741810000001 ] ] } },
{ "type": "Feature", "properties": { "학교": "중앙대", "u": "2288832804", "v": "2824759219", "key": 0, "osmid": "278046401", "name": "서달로", "highway": "tertiary", "length": 40.3, "validation_status": "validated", "tmap_hit_routes": 18 }, "geometry": { "type": "LineString", "coordinates": [ [ 126.961729799999986, 37.5070642 ], [ 126.961782899999989, 37.507280800000011 ], [ 126.961826699999989, 37.50741810000001 ] ] } },
{ "type": "Feature", "properties": { "학교": "중앙대", "u": "4612938749", "v": "4613243605", "key": 0, "osmid": "466511641", "name": "서달로13길", "highway": "service", "length": 30.8, "validation_status": "validated", "tmap_hit_routes": 1 }, "geometry": { "type": "LineString", "coordinates": [ [ 126.9623785, 37.5080088 ], [ 126.9624739, 37.5079784 ], [ 126.9625817, 37.5079274 ], [ 126.9626972, 37.5078977 ] ] } },
{ "type": "Feature", "properties": { "학교": "중앙대", "u": "3888649121", "v": "4612845666", "key": 0, "osmid": "385515536", "name": "서달로14길", "highway": "residential", "length": 81.3, "validation_status": "validated", "tmap_hit_routes": 4 }, "geometry": { "type": "LineString", "coordinates": [ [ 126.964032499999988, 37.5079425 ], [ 126.9637186, 37.5080317 ], [ 126.963438499999981, 37.5079712 ], [ 126.9632871, 37.5080294 ], [ 126.963176499999989, 37.5080831 ] ] } },
{ "type": "Feature", "properties": { "학교": "중앙대", "u": "3888649121", "v": "4612845662", "key": 0, "osmid": "466498683", "name": "서달로14가길", "highway": "residential", "length": 140.7, "validation_status": "validated", "tmap_hit_routes": 6 }, "geometry": { "type": "LineString", "coordinates": [ [ 126.962625099999983, 37.5068957 ], [ 126.962705700000015, 37.5070542 ], [ 126.9629157, 37.5074995 ], [ 126.963176499999989, 37.5080831 ] ] } },
{ "type": "Feature", "properties": { "학교": "중앙대", "u": "4612938745", "v": "2829530656", "key": 0, "osmid": "466511639", "name": "서달로15길", "highway": "residential", "length": 24.7, "validation_status": "validated", "tmap_hit_routes": 3 }, "geometry": { "type": "LineString", "coordinates": [ [ 126.9616846, 37.508897 ], [ 126.961892, 37.5087472 ] ] } },
{ "type": "Feature", "properties": { "학교": "중앙대", "u": "4612938745", "v": "4613243610", "key": 0, "osmid": "466511641", "name": "서달로13길", "highway": "service", "length": 63.3, "validation_status": "validated", "tmap_hit_routes": 1 }, "geometry": { "type": "LineString", "coordinates": [ [ 126.962205, 37.5082348 ], [ 126.961892, 37.5087472 ] ] } },
{ "type": "Feature", "properties": { "학교": "중앙대", "u": "4613243607", "v": "7775271106", "key": 0, "osmid": "219745444", "name": "흑석로", "highway": "residential", "length": 15.3, "validation_status": "unobserved", "tmap_hit_routes": 0 }, "geometry": { "type": "LineString", "coordinates": [ [ 126.9613447, 37.5078276 ], [ 126.96127730000002, 37.5079546 ] ] } },
{ "type": "Feature", "properties": { "학교": "중앙대", "u": "4613243607", "v": "4613243608", "key": 0, "osmid": "801862811", "name": "", "highway": "service", "length": 28.1, "validation_status": "unobserved", "tmap_hit_routes": 0 }, "geometry": { "type": "LineString", "coordinates": [ [ 126.961593900000011, 37.5079794 ], [ 126.96127730000002, 37.5079546 ] ] } },
{ "type": "Feature", "properties": { "학교": "중앙대", "u": "2824759219", "v": "10107993115", "key": 0, "osmid": "278046401", "name": "서달로", "highway": "tertiary", "length": 28.8, "validation_status": "validated", "tmap_hit_routes": 12 }, "geometry": { "type": "LineString", "coordinates": [ [ 126.9616628, 37.5068106 ], [ 126.961729799999986, 37.5070642 ] ] } },
{ "type": "Feature", "properties": { "학교": "중앙대", "u": "2824759219", "v": "4612845662", "key": 0, "osmid": "466290320", "name": "서달로12길", "highway": "residential", "length": 81.2, "validation_status": "validated", "tmap_hit_routes": 2 }, "geometry": { "type": "LineString", "coordinates": [ [ 126.962625099999983, 37.5068957 ], [ 126.961729799999986, 37.5070642 ] ] } },
{ "type": "Feature", "properties": { "학교": "중앙대", "u": "2290052292", "v": "2886858413", "key": 0, "osmid": "219872334", "name": "상도로", "highway": "primary", "length": 49.3, "validation_status": "unobserved", "tmap_hit_routes": 0 }, "geometry": { "type": "LineString", "coordinates": [ [ 126.946592, 37.504470900000015 ], [ 126.946919099999988, 37.50411110000001 ] ] } },
{ "type": "Feature", "properties": { "학교": "중앙대", "u": "2886858413", "v": "10265961153", "key": 0, "osmid": [ 467541938, 284984029, 284984031 ], "name": "상도로", "highway": "service", "length": 140.8, "validation_status": "unobserved", "tmap_hit_routes": 0 }, "geometry": { "type": "LineString", "coordinates": [ [ 126.9477461, 37.5039862 ], [ 126.9478643, 37.5040505 ], [ 126.9478067, 37.5041022 ], [ 126.9472918, 37.504296 ], [ 126.947156400000011, 37.504380200000014 ], [ 126.946984, 37.5044494 ], [ 126.9467009, 37.5045277 ], [ 126.946592, 37.504470900000015 ] ] } },
{ "type": "Feature", "properties": { "학교": "중앙대", "u": "2824029413", "v": "2824029431", "key": 0, "osmid": "277967736", "name": "", "highway": "service", "length": 33.4, "validation_status": "unobserved", "tmap_hit_routes": 0 }, "geometry": { "type": "LineString", "coordinates": [ [ 126.9467624, 37.496771 ], [ 126.9471022, 37.4966382 ] ] } },
{ "type": "Feature", "properties": { "학교": "중앙대", "u": "2824029413", "v": "2825665284", "key": 0, "osmid": "277967738", "name": "양녕로22바길", "highway": "service", "length": 99.7, "validation_status": "unobserved", "tmap_hit_routes": 0 }, "geometry": { "type": "LineString", "coordinates": [ [ 126.9471531, 37.4975289 ], [ 126.9471412, 37.4967147 ], [ 126.9471022, 37.4966382 ] ] } },
{ "type": "Feature", "properties": { "학교": "중앙대", "u": "2824029431", "v": "2824029432", "key": 0, "osmid": "277967735", "name": "양녕로22마길", "highway": "service", "length": 151.6, "validation_status": "unobserved", "tmap_hit_routes": 0 }, "geometry": { "type": "LineString", "coordinates": [ [ 126.946768700000021, 37.4981329 ], [ 126.946796, 37.4975408 ], [ 126.94678, 37.4968515 ], [ 126.9467624, 37.496771 ] ] } },
{ "type": "Feature", "properties": { "학교": "중앙대", "u": "2825665284", "v": "10055919706", "key": 0, "osmid": "277967738", "name": "양녕로22바길", "highway": "service", "length": 25.7, "validation_status": "unobserved", "tmap_hit_routes": 0 }, "geometry": { "type": "LineString", "coordinates": [ [ 126.9471566, 37.4977598 ], [ 126.9471531, 37.4975289 ] ] } },
{ "type": "Feature", "properties": { "학교": "중앙대", "u": "2825665284", "v": "10057812429", "key": 0, "osmid": "278142952", "name": "", "highway": "service", "length": 49.0, "validation_status": "unobserved", "tmap_hit_routes": 0 }, "geometry": { "type": "LineString", "coordinates": [ [ 126.9473238, 37.4977604 ], [ 126.947370500000019, 37.497760300000017 ], [ 126.947369099999989, 37.497528100000011 ], [ 126.9471531, 37.4975289 ] ] } },
{ "type": "Feature", "properties": { "학교": "중앙대", "u": "2824029415", "v": "10055919640", "key": 0, "osmid": "277967738", "name": "양녕로22바길", "highway": "service", "length": 73.0, "validation_status": "unobserved", "tmap_hit_routes": 0 }, "geometry": { "type": "LineString", "coordinates": [ [ 126.9471116, 37.4988059 ], [ 126.9471542, 37.4981505 ] ] } },
{ "type": "Feature", "properties": { "학교": "중앙대", "u": "2824029415", "v": "10055919706", "key": 0, "osmid": "277967738", "name": "양녕로22바길", "highway": "service", "length": 43.4, "validation_status": "unobserved", "tmap_hit_routes": 0 }, "geometry": { "type": "LineString", "coordinates": [ [ 126.9471566, 37.4977598 ], [ 126.9471542, 37.4981505 ] ] } },
{ "type": "Feature", "properties": { "학교": "중앙대", "u": "2824029415", "v": "2824029440", "key": 0, "osmid": "277967740", "name": "양녕로28길", "highway": "residential", "length": 14.9, "validation_status": "unobserved", "tmap_hit_routes": 0 }, "geometry": { "type": "LineString", "coordinates": [ [ 126.94732310000002, 37.4981577 ], [ 126.9471542, 37.4981505 ] ] } },
{ "type": "Feature", "properties": { "학교": "중앙대", "u": "2824029415", "v": "2824029432", "key": 0, "osmid": "277967740", "name": "양녕로28길", "highway": "residential", "length": 34.1, "validation_status": "unobserved", "tmap_hit_routes": 0 }, "geometry": { "type": "LineString", "coordinates": [ [ 126.946768700000021, 37.4981329 ], [ 126.9471542, 37.4981505 ] ] } },
{ "type": "Feature", "properties": { "학교": "중앙대", "u": "10055919640", "v": "2824029416", "key": 0, "osmid": "277967738", "name": "양녕로22바길", "highway": "service", "length": 31.5, "validation_status": "unobserved", "tmap_hit_routes": 0 }, "geometry": { "type": "LineString", "coordinates": [ [ 126.9470964, 37.4990893 ], [ 126.9471116, 37.4988059 ] ] } },
{ "type": "Feature", "properties": { "학교": "중앙대", "u": "10055919640", "v": "10055919639", "key": 0, "osmid": "1098251925", "name": "", "highway": "service", "length": 33.3, "validation_status": "unobserved", "tmap_hit_routes": 0 }, "geometry": { "type": "LineString", "coordinates": [ [ 126.9467343, 37.498790399999983 ], [ 126.9471116, 37.4988059 ] ] } },
{ "type": "Feature", "properties": { "학교": "중앙대", "u": "10055919706", "v": "10057812429", "key": 0, "osmid": "278142952", "name": "", "highway": "service", "length": 14.8, "validation_status": "unobserved", "tmap_hit_routes": 0 }, "geometry": { "type": "LineString", "coordinates": [ [ 126.9473238, 37.4977604 ], [ 126.9471566, 37.4977598 ] ] } },
{ "type": "Feature", "properties": { "학교": "중앙대", "u": "2824029440", "v": "10057812438", "key": 0, "osmid": [ 277967740, 777608503 ], "name": "양녕로28길", "highway": [ "residential", "path" ], "length": 101.6, "validation_status": "unobserved", "tmap_hit_routes": 0 }, "geometry": { "type": "LineString", "coordinates": [ [ 126.948151, 37.4979849 ], [ 126.9480696, 37.4980015 ], [ 126.9479715, 37.4980352 ], [ 126.947851, 37.4981242 ], [ 126.9477821, 37.4982114 ], [ 126.9477418, 37.4982344 ], [ 126.9476732, 37.498242 ], [ 126.9476115, 37.4982218 ], [ 126.9475745, 37.4981795 ], [ 126.9475726, 37.4981012 ], [ 126.9475321, 37.4980999 ], [ 126.947532699999982, 37.4981365 ], [ 126.9475169, 37.4981625 ], [ 126.94732310000002, 37.4981577 ] ] } },
{ "type": "Feature", "properties": { "학교": "중앙대", "u": "2824029440", "v": "10057812429", "key": 0, "osmid": [ 1098251941, 277967741 ], "name": "", "highway": [ "service", "path" ], "length": 44.2, "validation_status": "unobserved", "tmap_hit_routes": 0 }, "geometry": { "type": "LineString", "coordinates": [ [ 126.9473238, 37.4977604 ], [ 126.9473262, 37.4979623 ], [ 126.94732310000002, 37.4981577 ] ] } },
{ "type": "Feature", "properties": { "학교": "중앙대", "u": "2824029432", "v": "10055919639", "key": 0, "osmid": "277967735", "name": "양녕로22마길", "highway": "service", "length": 73.2, "validation_status": "unobserved", "tmap_hit_routes": 0 }, "geometry": { "type": "LineString", "coordinates": [ [ 126.9467343, 37.498790399999983 ], [ 126.946768700000021, 37.4981329 ] ] } },
{ "type": "Feature", "properties": { "학교": "중앙대", "u": "10055919639", "v": "2824029433", "key": 0, "osmid": "277967735", "name": "양녕로22마길", "highway": "service", "length": 27.1, "validation_status": "unobserved", "tmap_hit_routes": 0 }, "geometry": { "type": "LineString", "coordinates": [ [ 126.946724099999983, 37.4990343 ], [ 126.9467343, 37.498790399999983 ] ] } },
{ "type": "Feature", "properties": { "학교": "중앙대", "u": "10057812438", "v": "13195507443", "key": 0, "osmid": "331197231", "name": "", "highway": "footway", "length": 63.1, "validation_status": "unobserved", "tmap_hit_routes": 0 }, "geometry": { "type": "LineString", "coordinates": [ [ 126.9481713, 37.49854650000001 ], [ 126.9481946, 37.4980972 ], [ 126.948151, 37.4979849 ] ] } },
{ "type": "Feature", "properties": { "학교": "중앙대", "u": "13363604134", "v": "12056780982", "key": 0, "osmid": "466550415", "name": "만양로8길", "highway": "service", "length": 48.9, "validation_status": "unobserved", "tmap_hit_routes": 0 }, "geometry": { "type": "LineString", "coordinates": [ [ 126.9481355, 37.5083523 ], [ 126.9484691, 37.5080015 ] ] } },
{ "type": "Feature", "properties": { "학교": "중앙대", "u": "13363604134", "v": "13363604135", "key": 0, "osmid": "1457133771", "name": "", "highway": "service", "length": 17.3, "validation_status": "unobserved", "tmap_hit_routes": 0 }, "geometry": { "type": "LineString", "coordinates": [ [ 126.948335199999988, 37.5078873 ], [ 126.9484691, 37.5080015 ] ] } },
{ "type": "Feature", "properties": { "학교": "중앙대", "u": "2824550212", "v": "13363604110", "key": 0, "osmid": "278024793", "name": "만양로4길", "highway": "residential", "length": 135.7, "validation_status": "unobserved", "tmap_hit_routes": 0 }, "geometry": { "type": "LineString", "coordinates": [ [ 126.950442899999985, 37.5081046 ], [ 126.9493295, 37.5085118 ], [ 126.9490271, 37.508573 ] ] } },
{ "type": "Feature", "properties": { "학교": "중앙대", "u": "2824550212", "v": "3119042896", "key": 0, "osmid": "306877898", "name": "만양로12길", "highway": "residential", "length": 98.9, "validation_status": "unobserved", "tmap_hit_routes": 0 }, "geometry": { "type": "LineString", "coordinates": [ [ 126.9487966, 37.5094412 ], [ 126.948823399999981, 37.509205 ], [ 126.9490271, 37.508573 ] ] } },
{ "type": "Feature", "properties": { "학교": "중앙대", "u": "13363604110", "v": "2829530328", "key": 0, "osmid": "278024793", "name": "만양로4길", "highway": "residential", "length": 98.5, "validation_status": "validated", "tmap_hit_routes": 3 }, "geometry": { "type": "LineString", "coordinates": [ [ 126.951525300000014, 37.5080832 ], [ 126.950885, 37.5079902 ], [ 126.950488, 37.5080881 ], [ 126.950442899999985, 37.5081046 ] ] } },
{ "type": "Feature", "properties": { "학교": "중앙대", "u": "13363604110", "v": "13363593899", "key": 0, "osmid": "1457133768", "name": "", "highway": "service", "length": 62.6, "validation_status": "validated", "tmap_hit_routes": 2 }, "geometry": { "type": "LineString", "coordinates": [ [ 126.9501654, 37.5075873 ], [ 126.9502387, 37.5077035 ], [ 126.9502894, 37.5077926 ], [ 126.950442899999985, 37.5081046 ] ] } },
{ "type": "Feature", "properties": { "학교": "중앙대", "u": "3119042896", "v": "3119042897", "key": 0, "osmid": "306877898", "name": "만양로12길", "highway": "residential", "length": 19.9, "validation_status": "unobserved", "tmap_hit_routes": 0 }, "geometry": { "type": "LineString", "coordinates": [ [ 126.94873459999998, 37.5096135 ], [ 126.9487789, 37.5094932 ], [ 126.9487966, 37.5094412 ] ] } },
{ "type": "Feature", "properties": { "학교": "중앙대", "u": "3119042896", "v": "3119042912", "key": 0, "osmid": "306877899", "name": "", "highway": "service", "length": 208.5, "validation_status": "unobserved", "tmap_hit_routes": 0 }, "geometry": { "type": "LineString", "coordinates": [ [ 126.951036300000013, 37.509020599999985 ], [ 126.9509137, 37.5089571 ], [ 126.950845199999989, 37.5089497 ], [ 126.9507633, 37.5089795 ], [ 126.9506838, 37.5090242 ], [ 126.9505672, 37.5090669 ], [ 126.9498897, 37.509223400000018 ], [ 126.9487966, 37.5094412 ] ] } },
{ "type": "Feature", "properties": { "학교": "중앙대", "u": "2824550219", "v": "4626178456", "key": 0, "osmid": "278024795", "name": "매봉로", "highway": "tertiary", "length": 64.1, "validation_status": "unobserved", "tmap_hit_routes": 0 }, "geometry": { "type": "LineString", "coordinates": [ [ 126.950976, 37.5065031 ], [ 126.9515282, 37.5068784 ] ] } },
{ "type": "Feature", "properties": { "학교": "중앙대", "u": "2824550219", "v": "2824550220", "key": 0, "osmid": "278024795", "name": "매봉로", "highway": "tertiary", "length": 55.4, "validation_status": "unobserved", "tmap_hit_routes": 0 }, "geometry": { "type": "LineString", "coordinates": [ [ 126.951799500000021, 37.5073242 ], [ 126.9517064, 37.5071092 ], [ 126.9515282, 37.5068784 ] ] } },
{ "type": "Feature", "properties": { "학교": "중앙대", "u": "2824550219", "v": "2824550237", "key": 0, "osmid": "913231280", "name": "", "highway": "service", "length": 44.5, "validation_status": "validated", "tmap_hit_routes": 1 }, "geometry": { "type": "LineString", "coordinates": [ [ 126.9520257, 37.5069336 ], [ 126.951869800000011, 37.5068995 ], [ 126.951740700000016, 37.5068873 ], [ 126.9517141, 37.5068848 ], [ 126.951596, 37.5068768 ], [ 126.9515282, 37.5068784 ] ] } },
{ "type": "Feature", "properties": { "학교": "중앙대", "u": "4626178456", "v": "4621496734", "key": 0, "osmid": "467541936", "name": "매봉로", "highway": "service", "length": 121.2, "validation_status": "unobserved", "tmap_hit_routes": 0 }, "geometry": { "type": "LineString", "coordinates": [ [ 126.9499128, 37.5067627 ], [ 126.9501523, 37.506556200000013 ], [ 126.950492699999984, 37.5067532 ], [ 126.9505562, 37.5067555 ], [ 126.9507517, 37.5066749 ], [ 126.9509044, 37.5065362 ], [ 126.950976, 37.5065031 ] ] } },
{ "type": "Feature", "properties": { "학교": "중앙대", "u": "2824550220", "v": "2824550236", "key": 0, "osmid": "278024796", "name": "강남초등길", "highway": "residential", "length": 17.8, "validation_status": "validated", "tmap_hit_routes": 5 }, "geometry": { "type": "LineString", "coordinates": [ [ 126.951914700000017, 37.5071924 ], [ 126.951799500000021, 37.5073242 ] ] } },
{ "type": "Feature", "properties": { "학교": "중앙대", "u": "2824550220", "v": "4621493611", "key": 0, "osmid": "278024795", "name": "매봉로", "highway": "tertiary", "length": 55.5, "validation_status": "validated", "tmap_hit_routes": 3 }, "geometry": { "type": "LineString", "coordinates": [ [ 126.9516061, 37.5077983 ], [ 126.9517224, 37.5075553 ], [ 126.951799500000021, 37.5073242 ] ] } },
{ "type": "Feature", "properties": { "학교": "중앙대", "u": "2824550237", "v": "2824550236", "key": 0, "osmid": "278024796", "name": "강남초등길", "highway": "residential", "length": 30.4, "validation_status": "validated", "tmap_hit_routes": 5 }, "geometry": { "type": "LineString", "coordinates": [ [ 126.951914700000017, 37.5071924 ], [ 126.9520257, 37.5069336 ] ] } },
{ "type": "Feature", "properties": { "학교": "중앙대", "u": "2824550236", "v": "8483283650", "key": 0, "osmid": "467541640", "name": "매봉로2길", "highway": "service", "length": 29.0, "validation_status": "validated", "tmap_hit_routes": 2 }, "geometry": { "type": "LineString", "coordinates": [ [ 126.9522341, 37.5072536 ], [ 126.951914700000017, 37.5071924 ] ] } },
{ "type": "Feature", "properties": { "학교": "중앙대", "u": "4621493611", "v": "10239817443", "key": 0, "osmid": "278024795", "name": "매봉로", "highway": "tertiary", "length": 5.1, "validation_status": "bridged", "tmap_hit_routes": 0 }, "geometry": { "type": "LineString", "coordinates": [ [ 126.9515863, 37.5078416 ], [ 126.9516061, 37.5077983 ] ] } },
{ "type": "Feature", "properties": { "학교": "중앙대", "u": "4621493611", "v": "4621493613", "key": 0, "osmid": "467541636", "name": "매봉로4길", "highway": "service", "length": 63.5, "validation_status": "validated", "tmap_hit_routes": 4 }, "geometry": { "type": "LineString", "coordinates": [ [ 126.9523187, 37.5078764 ], [ 126.9518049, 37.5078213 ], [ 126.9516061, 37.5077983 ] ] } },
{ "type": "Feature", "properties": { "학교": "중앙대", "u": "8483283650", "v": "8483284778", "key": 0, "osmid": "913232392", "name": "", "highway": "service", "length": 47.7, "validation_status": "validated", "tmap_hit_routes": 2 }, "geometry": { "type": "LineString", "coordinates": [ [ 126.952292, 37.5076802 ], [ 126.9522341, 37.5072536 ] ] } },
{ "type": "Feature", "properties": { "학교": "중앙대", "u": "8483283650", "v": "4621493642", "key": 0, "osmid": "467541640", "name": "매봉로2길", "highway": "service", "length": 90.6, "validation_status": "validated", "tmap_hit_routes": 1 }, "geometry": { "type": "LineString", "coordinates": [ [ 126.95325050000001, 37.5073555 ], [ 126.9524021, 37.5072921 ], [ 126.9522341, 37.5072536 ] ] } },
{ "type": "Feature", "properties": { "학교": "중앙대", "u": "4621488498", "v": "4621488496", "key": 0, "osmid": "278024796", "name": "강남초등길", "highway": "residential", "length": 26.0, "validation_status": "validated", "tmap_hit_routes": 5 }, "geometry": { "type": "LineString", "coordinates": [ [ 126.9522638, 37.5055003 ], [ 126.9522678, 37.50561050000001 ], [ 126.9522467, 37.5057331 ] ] } },
{ "type": "Feature", "properties": { "학교": "중앙대", "u": "2824550249", "v": "4621475854", "key": 0, "osmid": "467540934", "name": "상도로47길", "highway": "residential", "length": 13.3, "validation_status": "validated", "tmap_hit_routes": 1 }, "geometry": { "type": "LineString", "coordinates": [ [ 126.951887400000018, 37.50293940000001 ], [ 126.951900600000016, 37.50282 ] ] } },
{ "type": "Feature", "properties": { "학교": "중앙대", "u": "2824550249", "v": "2825701329", "key": 0, "osmid": "278145989", "name": "상도로41길", "highway": "residential", "length": 36.7, "validation_status": "validated", "tmap_hit_routes": 1 }, "geometry": { "type": "LineString", "coordinates": [ [ 126.951632700000019, 37.5025727 ], [ 126.9517272, 37.5026256 ], [ 126.951900600000016, 37.50282 ] ] } },
{ "type": "Feature", "properties": { "학교": "중앙대", "u": "2824550249", "v": "4621475847", "key": 0, "osmid": "467540934", "name": "상도로47길", "highway": "residential", "length": 26.7, "validation_status": "validated", "tmap_hit_routes": 1 }, "geometry": { "type": "LineString", "coordinates": [ [ 126.9519375, 37.5025821 ], [ 126.951926700000016, 37.5026944 ], [ 126.951900600000016, 37.50282 ] ] } },
{ "type": "Feature", "properties": { "학교": "중앙대", "u": "4621475854", "v": "2825701337", "key": 0, "osmid": "467540934", "name": "상도로47길", "highway": "residential", "length": 38.1, "validation_status": "validated", "tmap_hit_routes": 1 }, "geometry": { "type": "LineString", "coordinates": [ [ 126.9518526, 37.5032812 ], [ 126.951887400000018, 37.50293940000001 ] ] } },
{ "type": "Feature", "properties": { "학교": "중앙대", "u": "4621475854", "v": "2825701313", "key": 0, "osmid": "467539601", "name": "상도로41나길", "highway": "service", "length": 98.9, "validation_status": "unobserved", "tmap_hit_routes": 0 }, "geometry": { "type": "LineString", "coordinates": [ [ 126.953004799999988, 37.5029966 ], [ 126.9523939, 37.5029447 ], [ 126.951887400000018, 37.50293940000001 ] ] } },
{ "type": "Feature", "properties": { "학교": "중앙대", "u": "4621475854", "v": "4621475850", "key": 0, "osmid": "467539601", "name": "상도로41나길", "highway": "service", "length": 90.8, "validation_status": "unobserved", "tmap_hit_routes": 0 }, "geometry": { "type": "LineString", "coordinates": [ [ 126.9509839, 37.5025597 ], [ 126.9514406, 37.5027261 ], [ 126.9515503, 37.5027795 ], [ 126.95166, 37.502860900000016 ], [ 126.951887400000018, 37.50293940000001 ] ] } },
{ "type": "Feature", "properties": { "학교": "중앙대", "u": "2825701329", "v": "8483442364", "key": 0, "osmid": "278145989", "name": "상도로41길", "highway": "residential", "length": 51.7, "validation_status": "validated", "tmap_hit_routes": 1 }, "geometry": { "type": "LineString", "coordinates": [ [ 126.9511068, 37.5023674 ], [ 126.951632700000019, 37.5025727 ] ] } },
{ "type": "Feature", "properties": { "학교": "중앙대", "u": "2825701329", "v": "4621475847", "key": 0, "osmid": "744062046", "name": "상도로41길", "highway": "residential", "length": 26.9, "validation_status": "validated", "tmap_hit_routes": 1 }, "geometry": { "type": "LineString", "coordinates": [ [ 126.9519375, 37.5025821 ], [ 126.951632700000019, 37.5025727 ] ] } },
{ "type": "Feature", "properties": { "학교": "중앙대", "u": "4621475847", "v": "4621475848", "key": 0, "osmid": "467539600", "name": "상도로47길", "highway": "service", "length": 96.4, "validation_status": "unobserved", "tmap_hit_routes": 0 }, "geometry": { "type": "LineString", "coordinates": [ [ 126.9530258, 37.502661500000016 ], [ 126.9519375, 37.5025821 ] ] } },
{ "type": "Feature", "properties": { "학교": "중앙대", "u": "4621475847", "v": "2824550250", "key": 0, "osmid": "467540934", "name": "상도로47길", "highway": "residential", "length": 26.3, "validation_status": "unobserved", "tmap_hit_routes": 0 }, "geometry": { "type": "LineString", "coordinates": [ [ 126.9519792, 37.502347600000014 ], [ 126.9519375, 37.5025821 ] ] } },
{ "type": "Feature", "properties": { "학교": "중앙대", "u": "2824550250", "v": "4621469177", "key": 0, "osmid": "467539064", "name": "상도로47마길", "highway": "service", "length": 69.6, "validation_status": "unobserved", "tmap_hit_routes": 0 }, "geometry": { "type": "LineString", "coordinates": [ [ 126.9512656, 37.5020816 ], [ 126.9516136, 37.5022045 ], [ 126.9517164, 37.5022408 ], [ 126.9519792, 37.502347600000014 ] ] } },
{ "type": "Feature", "properties": { "학교": "중앙대", "u": "2824550250", "v": "4621471102", "key": 0, "osmid": "467540934", "name": "상도로47길", "highway": "residential", "length": 52.0, "validation_status": "unobserved", "tmap_hit_routes": 0 }, "geometry": { "type": "LineString", "coordinates": [ [ 126.952054600000011, 37.5018838 ], [ 126.952017700000013, 37.5020638 ], [ 126.9519792, 37.502347600000014 ] ] } },
{ "type": "Feature", "properties": { "학교": "중앙대", "u": "4621469177", "v": "4621469171", "key": 0, "osmid": "467539064", "name": "상도로47마길", "highway": "service", "length": 107.6, "validation_status": "unobserved", "tmap_hit_routes": 0 }, "geometry": { "type": "LineString", "coordinates": [ [ 126.9508288, 37.501366800000014 ], [ 126.950761, 37.5014839 ], [ 126.9506996, 37.5016204 ], [ 126.9506994, 37.5016412 ], [ 126.9507151, 37.5017512 ], [ 126.950834900000018, 37.5018981 ], [ 126.9512656, 37.5020816 ] ] } },
{ "type": "Feature", "properties": { "학교": "중앙대", "u": "4621469177", "v": "8483442364", "key": 0, "osmid": "913244965", "name": "", "highway": "service", "length": 34.8, "validation_status": "unobserved", "tmap_hit_routes": 0 }, "geometry": { "type": "LineString", "coordinates": [ [ 126.9511068, 37.5023674 ], [ 126.9511883, 37.5022052 ], [ 126.9512656, 37.5020816 ] ] } },
{ "type": "Feature", "properties": { "학교": "중앙대", "u": "4621471102", "v": "4621471093", "key": 0, "osmid": "467539111", "name": "상도로47라길", "highway": "service", "length": 55.1, "validation_status": "unobserved", "tmap_hit_routes": 0 }, "geometry": { "type": "LineString", "coordinates": [ [ 126.951500700000011, 37.501654100000017 ], [ 126.952054600000011, 37.5018838 ] ] } },
{ "type": "Feature", "properties": { "학교": "중앙대", "u": "4621471102", "v": "4621475838", "key": 0, "osmid": "467540934", "name": "상도로47길", "highway": "residential", "length": 19.3, "validation_status": "unobserved", "tmap_hit_routes": 0 }, "geometry": { "type": "LineString", "coordinates": [ [ 126.9521154, 37.5017173 ], [ 126.9520894, 37.5017988 ], [ 126.952054600000011, 37.5018838 ] ] } },
{ "type": "Feature", "properties": { "학교": "중앙대", "u": "2824550253", "v": "2825701327", "key": 0, "osmid": "467540934", "name": "상도로47길", "highway": "residential", "length": 24.1, "validation_status": "validated", "tmap_hit_routes": 3 }, "geometry": { "type": "LineString", "coordinates": [ [ 126.9522611, 37.5011823 ], [ 126.95231050000001, 37.5009687 ] ] } },
{ "type": "Feature", "properties": { "학교": "중앙대", "u": "2824550253", "v": "2825731331", "key": 0, "osmid": "467538721", "name": "상도로47길", "highway": "service", "length": 56.2, "validation_status": "unobserved", "tmap_hit_routes": 0 }, "geometry": { "type": "LineString", "coordinates": [ [ 126.9528401, 37.5010358 ], [ 126.9527574, 37.50113 ], [ 126.952567, 37.5010428 ], [ 126.952408, 37.5009937 ], [ 126.95231050000001, 37.5009687 ] ] } },
{ "type": "Feature", "properties": { "학교": "중앙대", "u": "2824550253", "v": "2825731308", "key": 0, "osmid": "467540934", "name": "상도로47길", "highway": "residential", "length": 69.3, "validation_status": "validated", "tmap_hit_routes": 3 }, "geometry": { "type": "LineString", "coordinates": [ [ 126.9520757, 37.5003893 ], [ 126.952159600000016, 37.500482 ], [ 126.952291, 37.5007197 ], [ 126.95231050000001, 37.5009687 ] ] } },
{ "type": "Feature", "properties": { "학교": "중앙대", "u": "2825701327", "v": "2825731327", "key": 0, "osmid": "278145988", "name": "상도로45길", "highway": "service", "length": 78.7, "validation_status": "validated", "tmap_hit_routes": 3 }, "geometry": { "type": "LineString", "coordinates": [ [ 126.9515342, 37.500772 ], [ 126.9522611, 37.5011823 ] ] } },
{ "type": "Feature", "properties": { "학교": "중앙대", "u": "2825701327", "v": "2825701322", "key": 0, "osmid": "278145988", "name": "상도로45길", "highway": "service", "length": 93.6, "validation_status": "validated", "tmap_hit_routes": 3 }, "geometry": { "type": "LineString", "coordinates": [ [ 126.9531303, 37.5016648 ], [ 126.953059700000011, 37.50162310000001 ], [ 126.9522611, 37.5011823 ] ] } },
{ "type": "Feature", "properties": { "학교": "중앙대", "u": "2825701327", "v": "4621475838", "key": 0, "osmid": "467540934", "name": "상도로47길", "highway": "residential", "length": 60.9, "validation_status": "validated", "tmap_hit_routes": 1 }, "geometry": { "type": "LineString", "coordinates": [ [ 126.9521154, 37.5017173 ], [ 126.952169500000011, 37.50153959999998 ], [ 126.9522611, 37.5011823 ] ] } },
{ "type": "Feature", "properties": { "학교": "중앙대", "u": "2825731331", "v": "2825731302", "key": 0, "osmid": "278149103", "name": "상도로47다길", "highway": "service", "length": 21.9, "validation_status": "unobserved", "tmap_hit_routes": 0 }, "geometry": { "type": "LineString", "coordinates": [ [ 126.953014700000011, 37.5008952 ], [ 126.9528401, 37.5010358 ] ] } },
{ "type": "Feature", "properties": { "학교": "중앙대", "u": "2825731331", "v": "2825701322", "key": 0, "osmid": "278149103", "name": "상도로47다길", "highway": "service", "length": 78.2, "validation_status": "validated", "tmap_hit_routes": 1 }, "geometry": { "type": "LineString", "coordinates": [ [ 126.9531303, 37.5016648 ], [ 126.9531126, 37.5014276 ], [ 126.95311, 37.501334 ], [ 126.953061700000021, 37.501234 ], [ 126.9529571, 37.501136099999989 ], [ 126.9528401, 37.5010358 ] ] } },
{ "type": "Feature", "properties": { "학교": "중앙대", "u": "2825731308", "v": "2825731327", "key": 0, "osmid": "278146428", "name": "상도로47길", "highway": "service", "length": 65.8, "validation_status": "validated", "tmap_hit_routes": 2 }, "geometry": { "type": "LineString", "coordinates": [ [ 126.9515342, 37.500772 ], [ 126.9518615, 37.500464 ], [ 126.951939700000011, 37.5004169 ], [ 126.9520757, 37.5003893 ] ] } },
{ "type": "Feature", "properties": { "학교": "중앙대", "u": "2825731308", "v": "2825731303", "key": 0, "osmid": "467538719", "name": "상도로47나길", "highway": "service", "length": 91.1, "validation_status": "unobserved", "tmap_hit_routes": 0 }, "geometry": { "type": "LineString", "coordinates": [ [ 126.9529995, 37.5002985 ], [ 126.952944400000021, 37.5003816 ], [ 126.952858099999986, 37.500428 ], [ 126.952744399999986, 37.5004448 ], [ 126.9526376, 37.5004332 ], [ 126.9522315, 37.500354 ], [ 126.9521576, 37.5003514 ], [ 126.9520757, 37.5003893 ] ] } },
{ "type": "Feature", "properties": { "학교": "중앙대", "u": "2825731308", "v": "2825730230", "key": 0, "osmid": "467540934", "name": "상도로47길", "highway": "residential", "length": 50.5, "validation_status": "validated", "tmap_hit_routes": 2 }, "geometry": { "type": "LineString", "coordinates": [ [ 126.9517475, 37.5000179 ], [ 126.9518026, 37.5000896 ], [ 126.9520757, 37.5003893 ] ] } },
{ "type": "Feature", "properties": { "학교": "중앙대", "u": "2824550259", "v": "2825701326", "key": 0, "osmid": "521182520", "name": "상도로", "highway": "primary", "length": 91.3, "validation_status": "unobserved", "tmap_hit_routes": 0 }, "geometry": { "type": "LineString", "coordinates": [ [ 126.9503988, 37.5001308 ], [ 126.9509839, 37.499453 ] ] } },
{ "type": "Feature", "properties": { "학교": "중앙대", "u": "2824550259", "v": "2825706570", "key": 0, "osmid": "467540934", "name": "상도로47길", "highway": "residential", "length": 48.1, "validation_status": "validated", "tmap_hit_routes": 1 }, "geometry": { "type": "LineString", "coordinates": [ [ 126.9514313, 37.499698700000017 ], [ 126.951339, 37.4996347 ], [ 126.9509839, 37.499453 ] ] } },
{ "type": "Feature", "properties": { "학교": "중앙대", "u": "2824550259", "v": "11413637598", "key": 0, "osmid": "521182520", "name": "상도로", "highway": "primary", "length": 77.9, "validation_status": "unobserved", "tmap_hit_routes": 0 }, "geometry": { "type": "LineString", "coordinates": [ [ 126.951478, 37.4988728 ], [ 126.951353, 37.499017400000021 ], [ 126.9509839, 37.499453 ] ] } },
{ "type": "Feature", "properties": { "학교": "중앙대", "u": "2825701326", "v": "4621469141", "key": 0, "osmid": "1482765083", "name": "상도로", "highway": "primary", "length": 91.2, "validation_status": "unobserved", "tmap_hit_routes": 0 }, "geometry": { "type": "LineString", "coordinates": [ [ 126.9498242, 37.500813 ], [ 126.9503988, 37.5001308 ] ] } },
{ "type": "Feature", "properties": { "학교": "중앙대", "u": "2825701326", "v": "2825706577", "key": 0, "osmid": "278145988", "name": "상도로45길", "highway": "service", "length": 47.5, "validation_status": "unobserved", "tmap_hit_routes": 0 }, "geometry": { "type": "LineString", "coordinates": [ [ 126.950836200000012, 37.5003799 ], [ 126.9504437, 37.5001637 ], [ 126.9503988, 37.5001308 ] ] } },
{ "type": "Feature", "properties": { "학교": "중앙대", "u": "2825706570", "v": "2825706548", "key": 0, "osmid": "278146424", "name": "상도로37길", "highway": "service", "length": 90.5, "validation_status": "unobserved", "tmap_hit_routes": 0 }, "geometry": { "type": "LineString", "coordinates": [ [ 126.9520157, 37.4990297 ], [ 126.9514313, 37.499698700000017 ] ] } },
{ "type": "Feature", "properties": { "학교": "중앙대", "u": "2825706570", "v": "2825706577", "key": 0, "osmid": "278146424", "name": "상도로37길", "highway": "service", "length": 92.2, "validation_status": "unobserved", "tmap_hit_routes": 0 }, "geometry": { "type": "LineString", "coordinates": [ [ 126.950836200000012, 37.5003799 ], [ 126.9514313, 37.499698700000017 ] ] } },
{ "type": "Feature", "properties": { "학교": "중앙대", "u": "2825706570", "v": "2825730230", "key": 0, "osmid": "467540934", "name": "상도로47길", "highway": "residential", "length": 45.2, "validation_status": "validated", "tmap_hit_routes": 1 }, "geometry": { "type": "LineString", "coordinates": [ [ 126.9517475, 37.5000179 ], [ 126.951477, 37.499733 ], [ 126.9514313, 37.499698700000017 ] ] } },
{ "type": "Feature", "properties": { "학교": "중앙대", "u": "11413637598", "v": "2824550264", "key": 0, "osmid": "521182520", "name": "상도로", "highway": "primary", "length": 7.9, "validation_status": "unobserved", "tmap_hit_routes": 0 }, "geometry": { "type": "LineString", "coordinates": [ [ 126.951528699999983, 37.498814200000012 ], [ 126.951478, 37.4988728 ] ] } },
{ "type": "Feature", "properties": { "학교": "중앙대", "u": "11413637598", "v": "13597219419", "key": 0, "osmid": "1230724664", "name": "", "highway": "footway", "length": 12.5, "validation_status": "unobserved", "tmap_hit_routes": 0 }, "geometry": { "type": "LineString", "coordinates": [ [ 126.951367800000014, 37.4988022 ], [ 126.951478, 37.4988728 ] ] } },
{ "type": "Feature", "properties": { "학교": "중앙대", "u": "11413637598", "v": "11413637573", "key": 0, "osmid": [ 1230724664, 1230724653 ], "name": "", "highway": "footway", "length": 24.3, "validation_status": "unobserved", "tmap_hit_routes": 0 }, "geometry": { "type": "LineString", "coordinates": [ [ 126.951678900000019, 37.498873900000014 ], [ 126.951597600000014, 37.4989475 ], [ 126.951478, 37.4988728 ] ] } },
{ "type": "Feature", "properties": { "학교": "중앙대", "u": "2824550264", "v": "13597219420", "key": 0, "osmid": "278024797", "name": "상도로50길", "highway": "residential", "length": 12.6, "validation_status": "unobserved", "tmap_hit_routes": 0 }, "geometry": { "type": "LineString", "coordinates": [ [ 126.9514117, 37.4987499 ], [ 126.951528699999983, 37.498814200000012 ] ] } },
{ "type": "Feature", "properties": { "학교": "중앙대", "u": "2824550264", "v": "11413637573", "key": 0, "osmid": "278149178", "name": "상도로49길", "highway": "service", "length": 14.8, "validation_status": "unobserved", "tmap_hit_routes": 0 }, "geometry": { "type": "LineString", "coordinates": [ [ 126.951678900000019, 37.498873900000014 ], [ 126.951528699999983, 37.498814200000012 ] ] } },
{ "type": "Feature", "properties": { "학교": "중앙대", "u": "2824550264", "v": "2824550275", "key": 0, "osmid": "1482765084", "name": "상도로", "highway": "primary", "length": 65.7, "validation_status": "unobserved", "tmap_hit_routes": 0 }, "geometry": { "type": "LineString", "coordinates": [ [ 126.9519613, 37.4983334 ], [ 126.9516534, 37.4986624 ], [ 126.951528699999983, 37.498814200000012 ] ] } },
{ "type": "Feature", "properties": { "학교": "중앙대", "u": "13597219420", "v": "11413637596", "key": 0, "osmid": "278024797", "name": "상도로50길", "highway": "residential", "length": 9.3, "validation_status": "unobserved", "tmap_hit_routes": 0 }, "geometry": { "type": "LineString", "coordinates": [ [ 126.9513266, 37.4987001 ], [ 126.9514117, 37.4987499 ] ] } },
{ "type": "Feature", "properties": { "학교": "중앙대", "u": "13597219420", "v": "13597219419", "key": 0, "osmid": "1482765074", "name": "상도로", "highway": "primary", "length": 7.0, "validation_status": "unobserved", "tmap_hit_routes": 0 }, "geometry": { "type": "LineString", "coordinates": [ [ 126.951367800000014, 37.4988022 ], [ 126.9514117, 37.4987499 ] ] } },
{ "type": "Feature", "properties": { "학교": "중앙대", "u": "13597219420", "v": "13597219421", "key": 0, "osmid": "1482765074", "name": "상도로", "highway": "primary", "length": 65.6, "validation_status": "unobserved", "tmap_hit_routes": 0 }, "geometry": { "type": "LineString", "coordinates": [ [ 126.95183320000001, 37.498264 ], [ 126.95144190000002, 37.49871670000001 ], [ 126.9514117, 37.4987499 ] ] } },
{ "type": "Feature", "properties": { "학교": "중앙대", "u": "11413637573", "v": "2825706548", "key": 0, "osmid": "278149178", "name": "상도로49길", "highway": "service", "length": 34.4, "validation_status": "unobserved", "tmap_hit_routes": 0 }, "geometry": { "type": "LineString", "coordinates": [ [ 126.9520157, 37.4990297 ], [ 126.951678900000019, 37.498873900000014 ] ] } },
{ "type": "Feature", "properties": { "학교": "중앙대", "u": "11413637573", "v": "11413637581", "key": 0, "osmid": "1230724653", "name": "", "highway": "footway", "length": 63.5, "validation_status": "unobserved", "tmap_hit_routes": 0 }, "geometry": { "type": "LineString", "coordinates": [ [ 126.952082499999989, 37.4984009 ], [ 126.951678900000019, 37.498873900000014 ] ] } },
{ "type": "Feature", "properties": { "학교": "중앙대", "u": "2824550275", "v": "11413637581", "key": 0, "osmid": "467538220", "name": "상도로", "highway": "service", "length": 13.1, "validation_status": "unobserved", "tmap_hit_routes": 0 }, "geometry": { "type": "LineString", "coordinates": [ [ 126.952082499999989, 37.4984009 ], [ 126.9519613, 37.4983334 ] ] } },
{ "type": "Feature", "properties": { "학교": "중앙대", "u": "2824550275", "v": "11413637820", "key": 0, "osmid": "1482765085", "name": "상도로", "highway": "primary", "length": 79.4, "validation_status": "unobserved", "tmap_hit_routes": 0 }, "geometry": { "type": "LineString", "coordinates": [ [ 126.952468, 37.4977431 ], [ 126.9523071, 37.497930599999989 ], [ 126.9519613, 37.4983334 ] ] } },
{ "type": "Feature", "properties": { "학교": "중앙대", "u": "2824550268", "v": "11413637840", "key": 0, "osmid": "278024797", "name": "상도로50길", "highway": "residential", "length": 5.4, "validation_status": "unobserved", "tmap_hit_routes": 0 }, "geometry": { "type": "LineString", "coordinates": [ [ 126.9502903, 37.4972956 ], [ 126.950262800000019, 37.4972526 ] ] } },
{ "type": "Feature", "properties": { "학교": "중앙대", "u": "2824550268", "v": "11413637475", "key": 0, "osmid": "278024797", "name": "상도로50길", "highway": "residential", "length": 7.6, "validation_status": "unobserved", "tmap_hit_routes": 0 }, "geometry": { "type": "LineString", "coordinates": [ [ 126.95022, 37.4971933 ], [ 126.950262800000019, 37.4972526 ] ] } },
{ "type": "Feature", "properties": { "학교": "중앙대", "u": "2824550268", "v": "11413637861", "key": 0, "osmid": "278148182", "name": "상도로54길", "highway": "tertiary", "length": 8.8, "validation_status": "unobserved", "tmap_hit_routes": 0 }, "geometry": { "type": "LineString", "coordinates": [ [ 126.950352899999984, 37.4972178 ], [ 126.950262800000019, 37.4972526 ] ] } },
{ "type": "Feature", "properties": { "학교": "중앙대", "u": "2824550268", "v": "11413637605", "key": 0, "osmid": "278150001", "name": "", "highway": "residential", "length": 8.8, "validation_status": "unobserved", "tmap_hit_routes": 0 }, "geometry": { "type": "LineString", "coordinates": [ [ 126.9501714, 37.497284 ], [ 126.950262800000019, 37.4972526 ] ] } },
{ "type": "Feature", "properties": { "학교": "중앙대", "u": "11413637840", "v": "11413637803", "key": 0, "osmid": "1230724651", "name": "", "highway": "footway", "length": 8.9, "validation_status": "unobserved", "tmap_hit_routes": 0 }, "geometry": { "type": "LineString", "coordinates": [ [ 126.9501986, 37.4973297 ], [ 126.9502903, 37.4972956 ] ] } },
{ "type": "Feature", "properties": { "학교": "중앙대", "u": "11413637840", "v": "11413637609", "key": 0, "osmid": "1230724651", "name": "", "highway": "footway", "length": 8.5, "validation_status": "unobserved", "tmap_hit_routes": 0 }, "geometry": { "type": "LineString", "coordinates": [ [ 126.950377700000018, 37.4972631 ], [ 126.9502903, 37.4972956 ] ] } },
{ "type": "Feature", "properties": { "학교": "중앙대", "u": "11413637840", "v": "2824550281", "key": 0, "osmid": "278024797", "name": "상도로50길", "highway": "residential", "length": 121.2, "validation_status": "unobserved", "tmap_hit_routes": 0 }, "geometry": { "type": "LineString", "coordinates": [ [ 126.9509195, 37.4982646 ], [ 126.95077710000001, 37.4980568 ], [ 126.9502903, 37.4972956 ] ] } },
{ "type": "Feature", "properties": { "학교": "중앙대", "u": "11413637475", "v": "11413637759", "key": 0, "osmid": "1230724612", "name": "", "highway": "footway", "length": 8.4, "validation_status": "unobserved", "tmap_hit_routes": 0 }, "geometry": { "type": "LineString", "coordinates": [ [ 126.9501321, 37.4972231 ], [ 126.95022, 37.4971933 ] ] } },
{ "type": "Feature", "properties": { "학교": "중앙대", "u": "11413637475", "v": "11413637584", "key": 0, "osmid": "1230724612", "name": "", "highway": "footway", "length": 9.7, "validation_status": "unobserved", "tmap_hit_routes": 0 }, "geometry": { "type": "LineString", "coordinates": [ [ 126.95032070000002, 37.4971591 ], [ 126.95022, 37.4971933 ] ] } },
{ "type": "Feature", "properties": { "학교": "중앙대", "u": "11413637861", "v": "2824550279", "key": 0, "osmid": "278148182", "name": "상도로54길", "highway": "tertiary", "length": 31.4, "validation_status": "unobserved", "tmap_hit_routes": 0 }, "geometry": { "type": "LineString", "coordinates": [ [ 126.9506747, 37.4970964 ], [ 126.950352899999984, 37.4972178 ] ] } },
{ "type": "Feature", "properties": { "학교": "중앙대", "u": "11413637861", "v": "11413637584", "key": 0, "osmid": "1230724647", "name": "", "highway": "footway", "length": 7.1, "validation_status": "unobserved", "tmap_hit_routes": 0 }, "geometry": { "type": "LineString", "coordinates": [ [ 126.95032070000002, 37.4971591 ], [ 126.950352899999984, 37.4972178 ] ] } },
{ "type": "Feature", "properties": { "학교": "중앙대", "u": "11413637861", "v": "11413637609", "key": 0, "osmid": "1230724647", "name": "", "highway": "footway", "length": 5.5, "validation_status": "unobserved", "tmap_hit_routes": 0 }, "geometry": { "type": "LineString", "coordinates": [ [ 126.950377700000018, 37.4972631 ], [ 126.950352899999984, 37.4972178 ] ] } },
{ "type": "Feature", "properties": { "학교": "중앙대", "u": "11413637605", "v": "11413637759", "key": 0, "osmid": "1230724648", "name": "", "highway": "footway", "length": 7.6, "validation_status": "unobserved", "tmap_hit_routes": 0 }, "geometry": { "type": "LineString", "coordinates": [ [ 126.9501321, 37.4972231 ], [ 126.9501714, 37.497284 ] ] } },
{ "type": "Feature", "properties": { "학교": "중앙대", "u": "11413637605", "v": "11413637803", "key": 0, "osmid": "1230724648", "name": "", "highway": "footway", "length": 5.6, "validation_status": "unobserved", "tmap_hit_routes": 0 }, "geometry": { "type": "LineString", "coordinates": [ [ 126.9501986, 37.4973297 ], [ 126.9501714, 37.497284 ] ] } },
{ "type": "Feature", "properties": { "학교": "중앙대", "u": "11413637605", "v": "2825738321", "key": 0, "osmid": "278150001", "name": "", "highway": "residential", "length": 22.9, "validation_status": "unobserved", "tmap_hit_routes": 0 }, "geometry": { "type": "LineString", "coordinates": [ [ 126.9499962, 37.497403399999982 ], [ 126.9500064, 37.4973403 ], [ 126.9501714, 37.497284 ] ] } },
{ "type": "Feature", "properties": { "학교": "중앙대", "u": "11413637581", "v": "4621460690", "key": 0, "osmid": "467538220", "name": "상도로", "highway": "service", "length": 35.0, "validation_status": "unobserved", "tmap_hit_routes": 0 }, "geometry": { "type": "LineString", "coordinates": [ [ 126.9524068, 37.4985821 ], [ 126.952082499999989, 37.4984009 ] ] } },
{ "type": "Feature", "properties": { "학교": "중앙대", "u": "11413637581", "v": "11413637916", "key": 0, "osmid": "1230724653", "name": "", "highway": "footway", "length": 80.3, "validation_status": "unobserved", "tmap_hit_routes": 0 }, "geometry": { "type": "LineString", "coordinates": [ [ 126.9525737, 37.4977929 ], [ 126.952082499999989, 37.4984009 ] ] } },
{ "type": "Feature", "properties": { "학교": "중앙대", "u": "11413637820", "v": "13597219422", "key": 0, "osmid": "1230724626", "name": "", "highway": "footway", "length": 12.7, "validation_status": "unobserved", "tmap_hit_routes": 0 }, "geometry": { "type": "LineString", "coordinates": [ [ 126.952351, 37.4976772 ], [ 126.952468, 37.4977431 ] ] } },
{ "type": "Feature", "properties": { "학교": "중앙대", "u": "11413637820", "v": "11413637916", "key": 0, "osmid": "1230724626", "name": "", "highway": "footway", "length": 10.8, "validation_status": "unobserved", "tmap_hit_routes": 0 }, "geometry": { "type": "LineString", "coordinates": [ [ 126.9525737, 37.4977929 ], [ 126.952468, 37.4977431 ] ] } },
{ "type": "Feature", "properties": { "학교": "중앙대", "u": "11413637820", "v": "2824550308", "key": 0, "osmid": "1482765085", "name": "상도로", "highway": "primary", "length": 22.2, "validation_status": "unobserved", "tmap_hit_routes": 0 }, "geometry": { "type": "LineString", "coordinates": [ [ 126.952608700000013, 37.497578 ], [ 126.952468, 37.4977431 ] ] } },
{ "type": "Feature", "properties": { "학교": "중앙대", "u": "2824550277", "v": "2824550283", "key": 0, "osmid": "278024799", "name": "상도로52길", "highway": "service", "length": 34.7, "validation_status": "unobserved", "tmap_hit_routes": 0 }, "geometry": { "type": "LineString", "coordinates": [ [ 126.9515194, 37.4980944 ], [ 126.9512645, 37.4978563 ] ] } },
{ "type": "Feature", "properties": { "학교": "중앙대", "u": "2824550277", "v": "2824550281", "key": 0, "osmid": "278024800", "name": "상도로50길", "highway": "service", "length": 54.7, "validation_status": "unobserved", "tmap_hit_routes": 0 }, "geometry": { "type": "LineString", "coordinates": [ [ 126.9509195, 37.4982646 ], [ 126.9512645, 37.4978563 ] ] } },
{ "type": "Feature", "properties": { "학교": "중앙대", "u": "2824550277", "v": "11413637831", "key": 0, "osmid": "278024799", "name": "상도로52길", "highway": "service", "length": 94.9, "validation_status": "unobserved", "tmap_hit_routes": 0 }, "geometry": { "type": "LineString", "coordinates": [ [ 126.950698800000012, 37.4971364 ], [ 126.9509623, 37.4975582 ], [ 126.9512645, 37.4978563 ] ] } },
{ "type": "Feature", "properties": { "학교": "중앙대", "u": "2824550283", "v": "11413637666", "key": 0, "osmid": "278024799", "name": "상도로52길", "highway": "service", "length": 24.2, "validation_status": "unobserved", "tmap_hit_routes": 0 }, "geometry": { "type": "LineString", "coordinates": [ [ 126.9517466, 37.498217 ], [ 126.9515194, 37.4980944 ] ] } },
{ "type": "Feature", "properties": { "학교": "중앙대", "u": "2824550283", "v": "11413637793", "key": 0, "osmid": "278024801", "name": "상도로62길", "highway": "residential", "length": 88.0, "validation_status": "unobserved", "tmap_hit_routes": 0 }, "geometry": { "type": "LineString", "coordinates": [ [ 126.9520931, 37.4974472 ], [ 126.9515194, 37.4980944 ] ] } },
{ "type": "Feature", "properties": { "학교": "중앙대", "u": "2824550283", "v": "2824550282", "key": 0, "osmid": "278024801", "name": "상도로62길", "highway": "residential", "length": 58.3, "validation_status": "unobserved", "tmap_hit_routes": 0 }, "geometry": { "type": "LineString", "coordinates": [ [ 126.9511412, 37.4985244 ], [ 126.9515194, 37.4980944 ] ] } },
{ "type": "Feature", "properties": { "학교": "중앙대", "u": "2824550281", "v": "2824550282", "key": 0, "osmid": "278024797", "name": "상도로50길", "highway": "residential", "length": 34.9, "validation_status": "unobserved", "tmap_hit_routes": 0 }, "geometry": { "type": "LineString", "coordinates": [ [ 126.9511412, 37.4985244 ], [ 126.950949600000015, 37.4983085 ], [ 126.9509195, 37.4982646 ] ] } },
{ "type": "Feature", "properties": { "학교": "중앙대", "u": "11413637831", "v": "2824550279", "key": 0, "osmid": "278024799", "name": "상도로52길", "highway": "service", "length": 4.9, "validation_status": "unobserved", "tmap_hit_routes": 0 }, "geometry": { "type": "LineString", "coordinates": [ [ 126.9506747, 37.4970964 ], [ 126.950698800000012, 37.4971364 ] ] } },
{ "type": "Feature", "properties": { "학교": "중앙대", "u": "11413637831", "v": "11413637609", "key": 0, "osmid": "1230724618", "name": "", "highway": "footway", "length": 31.6, "validation_status": "unobserved", "tmap_hit_routes": 0 }, "geometry": { "type": "LineString", "coordinates": [ [ 126.950377700000018, 37.4972631 ], [ 126.950698800000012, 37.4971364 ] ] } },
{ "type": "Feature", "properties": { "학교": "중앙대", "u": "11413637831", "v": "11413637888", "key": 0, "osmid": "1230724618", "name": "", "highway": "footway", "length": 66.5, "validation_status": "unobserved", "tmap_hit_routes": 0 }, "geometry": { "type": "LineString", "coordinates": [ [ 126.9514103, 37.4972203 ], [ 126.951092, 37.4971175 ], [ 126.95093559999998, 37.4970868 ], [ 126.950847, 37.4970876 ], [ 126.950698800000012, 37.4971364 ] ] } },
{ "type": "Feature", "properties": { "학교": "중앙대", "u": "2824550279", "v": "10589220802", "key": 0, "osmid": "278148182", "name": "상도로54길", "highway": "tertiary", "length": 59.9, "validation_status": "unobserved", "tmap_hit_routes": 0 }, "geometry": { "type": "LineString", "coordinates": [ [ 126.951316899999981, 37.4971075 ], [ 126.9512323, 37.4970788 ], [ 126.951010100000019, 37.4970242 ], [ 126.950888100000014, 37.4970228 ], [ 126.9506747, 37.4970964 ] ] } },
{ "type": "Feature", "properties": { "학교": "중앙대", "u": "10589220802", "v": "11413637897", "key": 0, "osmid": "278148182", "name": "상도로54길", "highway": "tertiary", "length": 13.0, "validation_status": "unobserved", "tmap_hit_routes": 0 }, "geometry": { "type": "LineString", "coordinates": [ [ 126.951453900000018, 37.4971509 ], [ 126.951316899999981, 37.4971075 ] ] } },
{ "type": "Feature", "properties": { "학교": "중앙대", "u": "10589220802", "v": "11413637585", "key": 0, "osmid": "1135955732", "name": "", "highway": "service", "length": 8.8, "validation_status": "unobserved", "tmap_hit_routes": 0 }, "geometry": { "type": "LineString", "coordinates": [ [ 126.9513529, 37.4970334 ], [ 126.951316899999981, 37.4971075 ] ] } },
{ "type": "Feature", "properties": { "학교": "중앙대", "u": "2824550282", "v": "3337436846", "key": 0, "osmid": "278024797", "name": "상도로50길", "highway": "residential", "length": 16.8, "validation_status": "unobserved", "tmap_hit_routes": 0 }, "geometry": { "type": "LineString", "coordinates": [ [ 126.9512597, 37.4986419 ], [ 126.9512013, 37.4985941 ], [ 126.9511412, 37.4985244 ] ] } },
{ "type": "Feature", "properties": { "학교": "중앙대", "u": "3337436846", "v": "11413637596", "key": 0, "osmid": "278024797", "name": "상도로50길", "highway": "residential", "length": 8.8, "validation_status": "unobserved", "tmap_hit_routes": 0 }, "geometry": { "type": "LineString", "coordinates": [ [ 126.9513266, 37.4987001 ], [ 126.9512597, 37.4986419 ] ] } },
{ "type": "Feature", "properties": { "학교": "중앙대", "u": "3337436846", "v": "13281452472", "key": 0, "osmid": "327031372", "name": "상도로50길", "highway": "service", "length": 87.6, "validation_status": "unobserved", "tmap_hit_routes": 0 }, "geometry": { "type": "LineString", "coordinates": [ [ 126.950698, 37.4992915 ], [ 126.9512597, 37.4986419 ] ] } },
{ "type": "Feature", "properties": { "학교": "중앙대", "u": "11413637666", "v": "13597219421", "key": 0, "osmid": "278024799", "name": "상도로52길", "highway": "service", "length": 9.3, "validation_status": "unobserved", "tmap_hit_routes": 0 }, "geometry": { "type": "LineString", "coordinates": [ [ 126.95183320000001, 37.498264 ], [ 126.9517466, 37.498217 ] ] } },
{ "type": "Feature", "properties": { "학교": "중앙대", "u": "11413637666", "v": "11413637779", "key": 0, "osmid": "1230724618", "name": "", "highway": "footway", "length": 79.8, "validation_status": "unobserved", "tmap_hit_routes": 0 }, "geometry": { "type": "LineString", "coordinates": [ [ 126.9522703, 37.4976318 ], [ 126.9517466, 37.498217 ] ] } },
{ "type": "Feature", "properties": { "학교": "중앙대", "u": "11413637666", "v": "11413637596", "key": 0, "osmid": "1230724618", "name": "", "highway": "footway", "length": 65.3, "validation_status": "unobserved", "tmap_hit_routes": 0 }, "geometry": { "type": "LineString", "coordinates": [ [ 126.9513266, 37.4987001 ], [ 126.9517466, 37.498217 ] ] } },
{ "type": "Feature", "properties": { "학교": "중앙대", "u": "11413637793", "v": "2824550284", "key": 0, "osmid": "278024801", "name": "상도로62길", "highway": "residential", "length": 11.7, "validation_status": "unobserved", "tmap_hit_routes": 0 }, "geometry": { "type": "LineString", "coordinates": [ [ 126.9521721, 37.497363 ], [ 126.9520931, 37.4974472 ] ] } },
{ "type": "Feature", "properties": { "학교": "중앙대", "u": "11413637793", "v": "11413637888", "key": 0, "osmid": "1230724618", "name": "", "highway": "footway", "length": 65.3, "validation_status": "unobserved", "tmap_hit_routes": 0 }, "geometry": { "type": "LineString", "coordinates": [ [ 126.9514103, 37.4972203 ], [ 126.9520931, 37.4974472 ] ] } },
{ "type": "Feature", "properties": { "학교": "중앙대", "u": "11413637793", "v": "11413637879", "key": 0, "osmid": "1230724618", "name": "", "highway": "footway", "length": 21.8, "validation_status": "unobserved", "tmap_hit_routes": 0 }, "geometry": { "type": "LineString", "coordinates": [ [ 126.9522967, 37.4975583 ], [ 126.9520931, 37.4974472 ] ] } },
{ "type": "Feature", "properties": { "학교": "중앙대", "u": "2824550284", "v": "2824550285", "key": 0, "osmid": "278024801", "name": "상도로62길", "highway": "residential", "length": 11.5, "validation_status": "unobserved", "tmap_hit_routes": 0 }, "geometry": { "type": "LineString", "coordinates": [ [ 126.952248700000013, 37.4972796 ], [ 126.9521721, 37.497363 ] ] } },
{ "type": "Feature", "properties": { "학교": "중앙대", "u": "2824550284", "v": "11413637833", "key": 0, "osmid": "278148182", "name": "상도로54길", "highway": "tertiary", "length": 20.7, "validation_status": "unobserved", "tmap_hit_routes": 0 }, "geometry": { "type": "LineString", "coordinates": [ [ 126.9523735, 37.4974581 ], [ 126.9521721, 37.497363 ] ] } },
{ "type": "Feature", "properties": { "학교": "중앙대", "u": "2824550284", "v": "11413637897", "key": 0, "osmid": "278148182", "name": "상도로54길", "highway": "tertiary", "length": 67.6, "validation_status": "unobserved", "tmap_hit_routes": 0 }, "geometry": { "type": "LineString", "coordinates": [ [ 126.951453900000018, 37.4971509 ], [ 126.9521721, 37.497363 ] ] } },
{ "type": "Feature", "properties": { "학교": "중앙대", "u": "2824550285", "v": "11413637693", "key": 0, "osmid": "1230724650", "name": "", "highway": "footway", "length": 70.0, "validation_status": "unobserved", "tmap_hit_routes": 0 }, "geometry": { "type": "LineString", "coordinates": [ [ 126.9514982, 37.497076499999984 ], [ 126.952248700000013, 37.4972796 ] ] } },
{ "type": "Feature", "properties": { "학교": "중앙대", "u": "2824550285", "v": "11413637799", "key": 0, "osmid": "1230724650", "name": "", "highway": "footway", "length": 21.0, "validation_status": "unobserved", "tmap_hit_routes": 0 }, "geometry": { "type": "LineString", "coordinates": [ [ 126.952465300000014, 37.4973585 ], [ 126.952248700000013, 37.4972796 ] ] } },
{ "type": "Feature", "properties": { "학교": "중앙대", "u": "11413637833", "v": "13597219423", "key": 0, "osmid": "278148182", "name": "상도로54길", "highway": "tertiary", "length": 12.1, "validation_status": "unobserved", "tmap_hit_routes": 0 }, "geometry": { "type": "LineString", "coordinates": [ [ 126.952489, 37.497517 ], [ 126.9523735, 37.4974581 ] ] } },
{ "type": "Feature", "properties": { "학교": "중앙대", "u": "11413637833", "v": "11413637799", "key": 0, "osmid": "1230724658", "name": "", "highway": "footway", "length": 13.7, "validation_status": "unobserved", "tmap_hit_routes": 0 }, "geometry": { "type": "LineString", "coordinates": [ [ 126.952465300000014, 37.4973585 ], [ 126.9523735, 37.4974581 ] ] } },
{ "type": "Feature", "properties": { "학교": "중앙대", "u": "11413637833", "v": "11413637879", "key": 0, "osmid": "1230724658", "name": "", "highway": "footway", "length": 13.0, "validation_status": "unobserved", "tmap_hit_routes": 0 }, "geometry": { "type": "LineString", "coordinates": [ [ 126.9522967, 37.4975583 ], [ 126.9523735, 37.4974581 ] ] } },
{ "type": "Feature", "properties": { "학교": "중앙대", "u": "11413637897", "v": "11413637693", "key": 0, "osmid": "1230724631", "name": "", "highway": "footway", "length": 9.1, "validation_status": "unobserved", "tmap_hit_routes": 0 }, "geometry": { "type": "LineString", "coordinates": [ [ 126.9514982, 37.497076499999984 ], [ 126.951453900000018, 37.4971509 ] ] } },
{ "type": "Feature", "properties": { "학교": "중앙대", "u": "11413637897", "v": "11413637888", "key": 0, "osmid": "1230724631", "name": "", "highway": "footway", "length": 8.6, "validation_status": "unobserved", "tmap_hit_routes": 0 }, "geometry": { "type": "LineString", "coordinates": [ [ 126.9514103, 37.4972203 ], [ 126.951453900000018, 37.4971509 ] ] } },
{ "type": "Feature", "properties": { "학교": "중앙대", "u": "11413637693", "v": "11413637585", "key": 0, "osmid": [ 1230724650, 1230724611 ], "name": "", "highway": "footway", "length": 13.7, "validation_status": "unobserved", "tmap_hit_routes": 0 }, "geometry": { "type": "LineString", "coordinates": [ [ 126.9513529, 37.4970334 ], [ 126.951442500000013, 37.4970615 ], [ 126.9514982, 37.497076499999984 ] ] } },
{ "type": "Feature", "properties": { "학교": "중앙대", "u": "11413637799", "v": "11413637939", "key": 0, "osmid": "612099146", "name": "", "highway": "footway", "length": 6.4, "validation_status": "unobserved", "tmap_hit_routes": 0 }, "geometry": { "type": "LineString", "coordinates": [ [ 126.952512700000014, 37.497314599999989 ], [ 126.952465300000014, 37.4973585 ] ] } },
{ "type": "Feature", "properties": { "학교": "중앙대", "u": "2824550308", "v": "11413637731", "key": 0, "osmid": "278024802", "name": "상도로53길", "highway": "tertiary", "length": 17.6, "validation_status": "unobserved", "tmap_hit_routes": 0 }, "geometry": { "type": "LineString", "coordinates": [ [ 126.9527768, 37.4976629 ], [ 126.952608700000013, 37.497578 ] ] } },
{ "type": "Feature", "properties": { "학교": "중앙대", "u": "2824550308", "v": "13597219423", "key": 0, "osmid": "278148182", "name": "상도로54길", "highway": "tertiary", "length": 12.6, "validation_status": "unobserved", "tmap_hit_routes": 0 }, "geometry": { "type": "LineString", "coordinates": [ [ 126.952489, 37.497517 ], [ 126.952608700000013, 37.497578 ] ] } },
{ "type": "Feature", "properties": { "학교": "중앙대", "u": "2824550308", "v": "13528976150", "key": 0, "osmid": [ 1474731232, 1474731226 ], "name": "상도로", "highway": "primary", "length": 19.4, "validation_status": "unobserved", "tmap_hit_routes": 0 }, "geometry": { "type": "LineString", "coordinates": [ [ 126.952733800000019, 37.497434800000015 ], [ 126.952641, 37.4975392 ], [ 126.952608700000013, 37.497578 ] ] } },
{ "type": "Feature", "properties": { "학교": "중앙대", "u": "11413637731", "v": "2825706563", "key": 0, "osmid": "278024802", "name": "상도로53길", "highway": "tertiary", "length": 31.4, "validation_status": "unobserved", "tmap_hit_routes": 0 }, "geometry": { "type": "LineString", "coordinates": [ [ 126.9530751, 37.497817 ], [ 126.9527768, 37.4976629 ] ] } },
{ "type": "Feature", "properties": { "학교": "중앙대", "u": "11413637731", "v": "11413637673", "key": 0, "osmid": "1230724670", "name": "", "highway": "footway", "length": 11.9, "validation_status": "unobserved", "tmap_hit_routes": 0 }, "geometry": { "type": "LineString", "coordinates": [ [ 126.952858099999986, 37.4975776 ], [ 126.9527768, 37.4976629 ] ] } },
{ "type": "Feature", "properties": { "학교": "중앙대", "u": "11413637731", "v": "11413637561", "key": 0, "osmid": "1230724670", "name": "", "highway": "footway", "length": 15.6, "validation_status": "unobserved", "tmap_hit_routes": 0 }, "geometry": { "type": "LineString", "coordinates": [ [ 126.9526751, 37.4977775 ], [ 126.9527768, 37.4976629 ] ] } },
{ "type": "Feature", "properties": { "학교": "중앙대", "u": "13597219423", "v": "11413637615", "key": 0, "osmid": "1474731225", "name": "상도로", "highway": "primary", "length": 19.6, "validation_status": "unobserved", "tmap_hit_routes": 0 }, "geometry": { "type": "LineString", "coordinates": [ [ 126.95261, 37.497369 ], [ 126.952489, 37.497517 ] ] } },
{ "type": "Feature", "properties": { "학교": "중앙대", "u": "13597219423", "v": "13597219422", "key": 0, "osmid": "1482765087", "name": "상도로", "highway": "primary", "length": 21.6, "validation_status": "unobserved", "tmap_hit_routes": 0 }, "geometry": { "type": "LineString", "coordinates": [ [ 126.952351, 37.4976772 ], [ 126.952390900000012, 37.4976312 ], [ 126.952489, 37.497517 ] ] } },
{ "type": "Feature", "properties": { "학교": "중앙대", "u": "13528976150", "v": "11413637615", "key": 0, "osmid": "1230724654", "name": "", "highway": "footway", "length": 13.1, "validation_status": "unobserved", "tmap_hit_routes": 0 }, "geometry": { "type": "LineString", "coordinates": [ [ 126.95261, 37.497369 ], [ 126.952733800000019, 37.497434800000015 ] ] } },
{ "type": "Feature", "properties": { "학교": "중앙대", "u": "13528976150", "v": "11413637762", "key": 0, "osmid": "1230724654", "name": "", "highway": "footway", "length": 13.4, "validation_status": "unobserved", "tmap_hit_routes": 0 }, "geometry": { "type": "LineString", "coordinates": [ [ 126.952859600000011, 37.4975016 ], [ 126.952733800000019, 37.497434800000015 ] ] } },
{ "type": "Feature", "properties": { "학교": "중앙대", "u": "13528976150", "v": "2825711406", "key": 0, "osmid": [ 1474731224, 1474731226 ], "name": "상도로", "highway": "primary", "length": 39.4, "validation_status": "unobserved", "tmap_hit_routes": 0 }, "geometry": { "type": "LineString", "coordinates": [ [ 126.952976800000016, 37.4971372 ], [ 126.9528539, 37.4972847 ], [ 126.952733800000019, 37.497434800000015 ] ] } },
{ "type": "Feature", "properties": { "학교": "중앙대", "u": "2824550315", "v": "4621460692", "key": 0, "osmid": "278024802", "name": "상도로53길", "highway": "tertiary", "length": 129.4, "validation_status": "validated", "tmap_hit_routes": 3 }, "geometry": { "type": "LineString", "coordinates": [ [ 126.9530801, 37.4985726 ], [ 126.9530528, 37.498614 ], [ 126.9530109, 37.498749099999984 ], [ 126.9530339, 37.4988981 ], [ 126.9531324, 37.4990472 ], [ 126.9535245, 37.4994514 ], [ 126.953619500000016, 37.4995806 ] ] } },
{ "type": "Feature", "properties": { "학교": "중앙대", "u": "2824550315", "v": "4621466918", "key": 0, "osmid": "278024802", "name": "상도로53길", "highway": "tertiary", "length": 95.5, "validation_status": "validated", "tmap_hit_routes": 4 }, "geometry": { "type": "LineString", "coordinates": [ [ 126.9537611, 37.5004244 ], [ 126.9537816, 37.50017170000001 ], [ 126.953672800000021, 37.4997122 ], [ 126.953619500000016, 37.4995806 ] ] } },
{ "type": "Feature", "properties": { "학교": "중앙대", "u": "2824550315", "v": "6963036771", "key": 0, "osmid": "467539597", "name": "상도로47나길", "highway": "service", "length": 47.0, "validation_status": "validated", "tmap_hit_routes": 2 }, "geometry": { "type": "LineString", "coordinates": [ [ 126.953104700000011, 37.499685 ], [ 126.9531552, 37.4996803 ], [ 126.953398400000012, 37.499638700000013 ], [ 126.953619500000016, 37.4995806 ] ] } },
{ "type": "Feature", "properties": { "학교": "중앙대", "u": "4621460692", "v": "11413637707", "key": 0, "osmid": "467538221", "name": "상도로37길", "highway": "service", "length": 8.6, "validation_status": "unobserved", "tmap_hit_routes": 0 }, "geometry": { "type": "LineString", "coordinates": [ [ 126.9529829, 37.4985801 ], [ 126.9530801, 37.4985726 ] ] } },
{ "type": "Feature", "properties": { "학교": "중앙대", "u": "4621460692", "v": "2825706556", "key": 0, "osmid": "278024802", "name": "상도로53길", "highway": "tertiary", "length": 38.6, "validation_status": "validated", "tmap_hit_routes": 3 }, "geometry": { "type": "LineString", "coordinates": [ [ 126.9533159, 37.4982813 ], [ 126.9531438, 37.498476 ], [ 126.9530801, 37.4985726 ] ] } },
{ "type": "Feature", "properties": { "학교": "중앙대", "u": "4621466918", "v": "2825731322", "key": 0, "osmid": "278024802", "name": "상도로53길", "highway": "tertiary", "length": 82.5, "validation_status": "validated", "tmap_hit_routes": 5 }, "geometry": { "type": "LineString", "coordinates": [ [ 126.953631800000011, 37.5011578 ], [ 126.9537153, 37.5008251 ], [ 126.9537611, 37.5004244 ] ] } },
{ "type": "Feature", "properties": { "학교": "중앙대", "u": "4621466918", "v": "2825731332", "key": 0, "osmid": "467538720", "name": "상도로53길", "highway": "service", "length": 51.8, "validation_status": "validated", "tmap_hit_routes": 1 }, "geometry": { "type": "LineString", "coordinates": [ [ 126.953176, 37.5003816 ], [ 126.9533161, 37.5003892 ], [ 126.9537611, 37.5004244 ] ] } },
{ "type": "Feature", "properties": { "학교": "중앙대", "u": "6963036771", "v": "2825733606", "key": 0, "osmid": "467539597", "name": "상도로47나길", "highway": "service", "length": 42.9, "validation_status": "unobserved", "tmap_hit_routes": 0 }, "geometry": { "type": "LineString", "coordinates": [ [ 126.952623700000018, 37.4996943 ], [ 126.952704499999982, 37.4997122 ], [ 126.9528096, 37.4997125 ], [ 126.953104700000011, 37.499685 ] ] } },
{ "type": "Feature", "properties": { "학교": "중앙대", "u": "6963036771", "v": "6963036773", "key": 0, "osmid": "744062048", "name": "상도로47나길", "highway": "service", "length": 57.2, "validation_status": "unobserved", "tmap_hit_routes": 0 }, "geometry": { "type": "LineString", "coordinates": [ [ 126.9532392, 37.5001859 ], [ 126.953169499999987, 37.5000348 ], [ 126.953104700000011, 37.499685 ] ] } },
{ "type": "Feature", "properties": { "학교": "중앙대", "u": "2824550318", "v": "2825731322", "key": 0, "osmid": "278024802", "name": "상도로53길", "highway": "tertiary", "length": 3.4, "validation_status": "bridged", "tmap_hit_routes": 0 }, "geometry": { "type": "LineString", "coordinates": [ [ 126.953631800000011, 37.5011578 ], [ 126.9536242, 37.5011882 ] ] } },
{ "type": "Feature", "properties": { "학교": "중앙대", "u": "2824550318", "v": "4621475837", "key": 0, "osmid": "278024802", "name": "상도로53길", "highway": "tertiary", "length": 56.6, "validation_status": "validated", "tmap_hit_routes": 6 }, "geometry": { "type": "LineString", "coordinates": [ [ 126.9535939, 37.5016963 ], [ 126.9536242, 37.5011882 ] ] } },
{ "type": "Feature", "properties": { "학교": "중앙대", "u": "2824550318", "v": "3713180481", "key": 0, "osmid": [ 367392508, 367392509 ], "name": "", "highway": "service", "length": 505.1, "validation_status": "validated", "tmap_hit_routes": 4 }, "geometry": { "type": "LineString", "coordinates": [ [ 126.953354300000015, 37.4981112 ], [ 126.9535105, 37.4980853 ], [ 126.953561600000015, 37.498076800000014 ], [ 126.953736, 37.4980725 ], [ 126.953872799999985, 37.4981364 ], [ 126.954141, 37.4984173 ], [ 126.9543636, 37.498717300000017 ], [ 126.9546077, 37.4990812 ], [ 126.954744500000018, 37.4994749 ], [ 126.954825, 37.4998238 ], [ 126.9548759, 37.5001835 ], [ 126.9546992, 37.5011652 ], [ 126.9546026, 37.501233300000017 ], [ 126.9537658, 37.50120350000001 ], [ 126.9536242, 37.5011882 ] ] } },
{ "type": "Feature", "properties": { "학교": "중앙대", "u": "2825731322", "v": "2825731302", "key": 0, "osmid": "278149101", "name": "상도로53길", "highway": "service", "length": 61.9, "validation_status": "validated", "tmap_hit_routes": 1 }, "geometry": { "type": "LineString", "coordinates": [ [ 126.953014700000011, 37.5008952 ], [ 126.953388499999988, 37.5010379 ], [ 126.953631800000011, 37.5011578 ] ] } },
{ "type": "Feature", "properties": { "학교": "중앙대", "u": "4621475837", "v": "2825701322", "key": 0, "osmid": "467539598", "name": "상도로53길", "highway": "service", "length": 41.0, "validation_status": "validated", "tmap_hit_routes": 6 }, "geometry": { "type": "LineString", "coordinates": [ [ 126.9531303, 37.5016648 ], [ 126.9535939, 37.5016963 ] ] } },
{ "type": "Feature", "properties": { "학교": "중앙대", "u": "4621475837", "v": "2824550321", "key": 0, "osmid": "278024802", "name": "상도로53길", "highway": "tertiary", "length": 107.5, "validation_status": "validated", "tmap_hit_routes": 10 }, "geometry": { "type": "LineString", "coordinates": [ [ 126.953687300000013, 37.5026164 ], [ 126.95356910000001, 37.5025166 ], [ 126.9535134, 37.5023655 ], [ 126.9535303, 37.5021371 ], [ 126.9535939, 37.5016963 ] ] } },
{ "type": "Feature", "properties": { "학교": "중앙대", "u": "3713180481", "v": "2825711099", "key": 0, "osmid": "278024802", "name": "상도로53길", "highway": "tertiary", "length": 7.6, "validation_status": "bridged", "tmap_hit_routes": 0 }, "geometry": { "type": "LineString", "coordinates": [ [ 126.953333, 37.498046 ], [ 126.953347099999988, 37.4980683 ], [ 126.953354300000015, 37.4981112 ] ] } },
{ "type": "Feature", "properties": { "학교": "중앙대", "u": "3713180481", "v": "2825706556", "key": 0, "osmid": "278024802", "name": "상도로53길", "highway": "tertiary", "length": 19.7, "validation_status": "unobserved", "tmap_hit_routes": 0 }, "geometry": { "type": "LineString", "coordinates": [ [ 126.9533159, 37.4982813 ], [ 126.953342600000013, 37.4982302 ], [ 126.9533632, 37.498164 ], [ 126.953354300000015, 37.4981112 ] ] } },
{ "type": "Feature", "properties": { "학교": "중앙대", "u": "2824550321", "v": "8761605951", "key": 0, "osmid": "278024802", "name": "상도로53길", "highway": "tertiary", "length": 144.0, "validation_status": "validated", "tmap_hit_routes": 10 }, "geometry": { "type": "LineString", "coordinates": [ [ 126.9545391, 37.503581400000016 ], [ 126.9545709, 37.5035195 ], [ 126.9545938, 37.5034124 ], [ 126.9545899, 37.5033209 ], [ 126.9545455, 37.503216600000016 ], [ 126.9544751, 37.503129799999989 ], [ 126.954383, 37.5030292 ], [ 126.9542767, 37.5029479 ], [ 126.953687300000013, 37.5026164 ] ] } },
{ "type": "Feature", "properties": { "학교": "중앙대", "u": "2824550321", "v": "2825701309", "key": 0, "osmid": "1389846634", "name": "", "highway": "service", "length": 96.5, "validation_status": "validated", "tmap_hit_routes": 4 }, "geometry": { "type": "LineString", "coordinates": [ [ 126.953515, 37.5033661 ], [ 126.953537900000015, 37.5033209 ], [ 126.953540600000011, 37.5032564 ], [ 126.9534664, 37.5032472 ], [ 126.953497700000014, 37.5030301 ], [ 126.9535361, 37.5028854 ], [ 126.9535504, 37.5028322 ], [ 126.9535504, 37.5027443 ], [ 126.953639800000019, 37.5027216 ], [ 126.953687300000013, 37.5026164 ] ] } },
{ "type": "Feature", "properties": { "학교": "중앙대", "u": "8761605951", "v": "2829147711", "key": 0, "osmid": "278024802", "name": "상도로53길", "highway": "tertiary", "length": 82.3, "validation_status": "validated", "tmap_hit_routes": 12 }, "geometry": { "type": "LineString", "coordinates": [ [ 126.9538375, 37.5040525 ], [ 126.9543815, 37.503753699999983 ], [ 126.9544241, 37.5037234 ], [ 126.9544799, 37.5036685 ], [ 126.9545126, 37.5036262 ], [ 126.9545391, 37.503581400000016 ] ] } },
{ "type": "Feature", "properties": { "학교": "중앙대", "u": "8761605951", "v": "8761605888", "key": 0, "osmid": [ 1384270192, 946506419, 1384270190, 1384270191 ], "name": "동작충효길", "highway": [ "path", "steps" ], "length": 696.3, "validation_status": "validated", "tmap_hit_routes": 7 }, "geometry": { "type": "LineString", "coordinates": [ [ 126.957803900000016, 37.4988191 ], [ 126.957782300000019, 37.4988465 ], [ 126.9577548, 37.4988526 ], [ 126.95771160000001, 37.4988623 ], [ 126.957676100000015, 37.4988716 ], [ 126.9576305, 37.4988807 ], [ 126.957499, 37.499003 ], [ 126.957331400000015, 37.4991828 ], [ 126.9571047, 37.4992785 ], [ 126.957069899999979, 37.49930410000001 ], [ 126.9570109, 37.4993339 ], [ 126.9569948, 37.49937 ], [ 126.956815099999986, 37.499436 ], [ 126.9567594, 37.4994733 ], [ 126.956694400000018, 37.4995424 ], [ 126.9566488, 37.4996616 ], [ 126.9565576, 37.4998658 ], [ 126.9564797, 37.5001244 ], [ 126.956465899999984, 37.500253900000011 ], [ 126.9564416, 37.5004599 ], [ 126.956455099999985, 37.500537500000014 ], [ 126.956441200000015, 37.500586399999989 ], [ 126.9564227, 37.5006169 ], [ 126.956388799999985, 37.5006609 ], [ 126.956282500000015, 37.5007673 ], [ 126.9562486, 37.5008137 ], [ 126.9562394, 37.500846700000011 ], [ 126.956234800000018, 37.5009164 ], [ 126.956200900000013, 37.5010337 ], [ 126.95615, 37.5011107 ], [ 126.9560899, 37.5011903 ], [ 126.9560283, 37.5012477 ], [ 126.955928200000017, 37.501338200000021 ], [ 126.955826500000015, 37.5014543 ], [ 126.9556463, 37.50165470000001 ], [ 126.955570800000018, 37.5017134 ], [ 126.955529199999987, 37.5017439 ], [ 126.9555015, 37.501769600000017 ], [ 126.955479900000014, 37.5017965 ], [ 126.9554198, 37.5018808 ], [ 126.955381299999985, 37.5019505 ], [ 126.955312599999985, 37.5020898 ], [ 126.9552599, 37.5023561 ], [ 126.9552424, 37.5024474 ], [ 126.955244100000016, 37.5025309 ], [ 126.9552505, 37.502681100000018 ], [ 126.9552588, 37.502837799999988 ], [ 126.9552581, 37.5029221 ], [ 126.9551949, 37.5031836 ], [ 126.9550994, 37.5034342 ], [ 126.955064, 37.503571 ], [ 126.9550609, 37.5036334 ], [ 126.9550301, 37.5036725 ], [ 126.955013, 37.5036997 ], [ 126.955004799999983, 37.5037127 ], [ 126.954996, 37.5037268 ], [ 126.954906600000015, 37.503747499999989 ], [ 126.9547922, 37.503777 ], [ 126.954726699999981, 37.5037804 ], [ 126.954674600000018, 37.5037725 ], [ 126.954596, 37.503750700000012 ], [ 126.954636, 37.5037302 ], [ 126.95463789999998, 37.5037138 ], [ 126.954633300000012, 37.503687 ], [ 126.95459630000002, 37.503589200000015 ], [ 126.9545391, 37.503581400000016 ] ] } },
{ "type": "Feature", "properties": { "학교": "중앙대", "u": "2825701309", "v": "2829147710", "key": 0, "osmid": "278565007", "name": "상도로47바길", "highway": "service", "length": 66.0, "validation_status": "validated", "tmap_hit_routes": 1 }, "geometry": { "type": "LineString", "coordinates": [ [ 126.9534945, 37.503754 ], [ 126.953773499999983, 37.503639 ], [ 126.95356289999998, 37.5033934 ], [ 126.953515, 37.5033661 ] ] } },
{ "type": "Feature", "properties": { "학교": "중앙대", "u": "2825701309", "v": "2825701321", "key": 0, "osmid": "278565007", "name": "상도로47바길", "highway": "service", "length": 49.2, "validation_status": "unobserved", "tmap_hit_routes": 0 }, "geometry": { "type": "LineString", "coordinates": [ [ 126.9529602, 37.5033524 ], [ 126.9534475, 37.5033488 ], [ 126.953515, 37.5033661 ] ] } },
{ "type": "Feature", "properties": { "학교": "중앙대", "u": "2824550326", "v": "2829147711", "key": 0, "osmid": "278024802", "name": "상도로53길", "highway": "tertiary", "length": 6.4, "validation_status": "validated", "tmap_hit_routes": 6 }, "geometry": { "type": "LineString", "coordinates": [ [ 126.9538375, 37.5040525 ], [ 126.953786500000021, 37.5040929 ] ] } },
{ "type": "Feature", "properties": { "학교": "중앙대", "u": "2824550326", "v": "2829147720", "key": 0, "osmid": "278024802", "name": "상도로53길", "highway": "tertiary", "length": 83.3, "validation_status": "validated", "tmap_hit_routes": 13 }, "geometry": { "type": "LineString", "coordinates": [ [ 126.953606, 37.5048142 ], [ 126.9536073, 37.5045123 ], [ 126.9536412, 37.5043547 ], [ 126.953694, 37.5042272 ], [ 126.9537499, 37.5041334 ], [ 126.953786500000021, 37.5040929 ] ] } },
{ "type": "Feature", "properties": { "학교": "중앙대", "u": "2824550326", "v": "4621486051", "key": 0, "osmid": "278565009", "name": "상도로47아길", "highway": "service", "length": 72.9, "validation_status": "validated", "tmap_hit_routes": 1 }, "geometry": { "type": "LineString", "coordinates": [ [ 126.953207800000015, 37.5043457 ], [ 126.953228800000019, 37.5042158 ], [ 126.95331560000001, 37.5041069 ], [ 126.953427499999989, 37.504051800000013 ], [ 126.953541, 37.5040445 ], [ 126.953623, 37.5040617 ], [ 126.953786500000021, 37.5040929 ] ] } },
{ "type": "Feature", "properties": { "학교": "중앙대", "u": "2829147711", "v": "2829147710", "key": 0, "osmid": "278565008", "name": "", "highway": "service", "length": 44.9, "validation_status": "validated", "tmap_hit_routes": 5 }, "geometry": { "type": "LineString", "coordinates": [ [ 126.9534945, 37.503754 ], [ 126.9538375, 37.5040525 ] ] } },
{ "type": "Feature", "properties": { "학교": "중앙대", "u": "2829147720", "v": "4621486051", "key": 0, "osmid": "278565009", "name": "상도로47아길", "highway": "service", "length": 82.2, "validation_status": "validated", "tmap_hit_routes": 2 }, "geometry": { "type": "LineString", "coordinates": [ [ 126.953207800000015, 37.5043457 ], [ 126.9531785, 37.5046182 ], [ 126.9531723, 37.5047008 ], [ 126.9532002, 37.504743400000017 ], [ 126.9534484, 37.5048153 ], [ 126.953606, 37.5048142 ] ] } },
{ "type": "Feature", "properties": { "학교": "중앙대", "u": "4621486051", "v": "4621486053", "key": 0, "osmid": "467540933", "name": "상도로47아길", "highway": "service", "length": 53.9, "validation_status": "unobserved", "tmap_hit_routes": 0 }, "geometry": { "type": "LineString", "coordinates": [ [ 126.9526029, 37.5042788 ], [ 126.9528717, 37.504315099999985 ], [ 126.953207800000015, 37.5043457 ] ] } },
{ "type": "Feature", "properties": { "학교": "중앙대", "u": "4621486060", "v": "12989020958", "key": 0, "osmid": "470199635", "name": "흑석로", "highway": "tertiary", "length": 42.7, "validation_status": "validated", "tmap_hit_routes": 5 }, "geometry": { "type": "LineString", "coordinates": [ [ 126.9515078, 37.5048403 ], [ 126.9519886, 37.504885 ] ] } },
{ "type": "Feature", "properties": { "학교": "중앙대", "u": "4621486060", "v": "4621488491", "key": 0, "osmid": "278024796", "name": "강남초등길", "highway": "residential", "length": 45.7, "validation_status": "validated", "tmap_hit_routes": 7 }, "geometry": { "type": "LineString", "coordinates": [ [ 126.9522027, 37.5052573 ], [ 126.9520657, 37.5049816 ], [ 126.9519886, 37.504885 ] ] } },
{ "type": "Feature", "properties": { "학교": "중앙대", "u": "4621486060", "v": "4621482136", "key": 0, "osmid": "467540934", "name": "상도로47길", "highway": "residential", "length": 86.9, "validation_status": "validated", "tmap_hit_routes": 7 }, "geometry": { "type": "LineString", "coordinates": [ [ 126.9517241, 37.5041422 ], [ 126.9517232, 37.5043188 ], [ 126.951853899999989, 37.50465040000001 ], [ 126.9519886, 37.504885 ] ] } },
{ "type": "Feature", "properties": { "학교": "중앙대", "u": "2824759203", "v": "13816446695", "key": 0, "osmid": "278046401", "name": "서달로", "highway": "tertiary", "length": 222.1, "validation_status": "validated", "tmap_hit_routes": 5 }, "geometry": { "type": "LineString", "coordinates": [ [ 126.9606931, 37.5028575 ], [ 126.960391900000019, 37.502244299999987 ], [ 126.9602279, 37.5018777 ], [ 126.9601293, 37.5016572 ], [ 126.9601132, 37.501510499999988 ], [ 126.9601547, 37.501191500000012 ], [ 126.9602943, 37.5009689 ] ] } },
{ "type": "Feature", "properties": { "학교": "중앙대", "u": "2824759203", "v": "2824759300", "key": 0, "osmid": "278615379", "name": "서달로1길", "highway": "residential", "length": 210.4, "validation_status": "validated", "tmap_hit_routes": 1 }, "geometry": { "type": "LineString", "coordinates": [ [ 126.9600069, 37.499174 ], [ 126.9599136, 37.4993238 ], [ 126.9599105, 37.4996541 ], [ 126.959918800000011, 37.5001522 ], [ 126.9601661, 37.5009024 ], [ 126.960245500000013, 37.500944899999986 ], [ 126.9602943, 37.5009689 ] ] } },
{ "type": "Feature", "properties": { "학교": "중앙대", "u": "2824759203", "v": "2824759222", "key": 0, "osmid": "521182517", "name": "서달로", "highway": "residential", "length": 155.2, "validation_status": "validated", "tmap_hit_routes": 4 }, "geometry": { "type": "LineString", "coordinates": [ [ 126.9604845, 37.499609 ], [ 126.960518900000011, 37.5002613 ], [ 126.960489, 37.5005677 ], [ 126.960422, 37.5007737 ], [ 126.960361, 37.5009041 ], [ 126.9602943, 37.5009689 ] ] } },
{ "type": "Feature", "properties": { "학교": "중앙대", "u": "13816446695", "v": "12864823352", "key": 0, "osmid": "278046401", "name": "서달로", "highway": "tertiary", "length": 100.5, "validation_status": "validated", "tmap_hit_routes": 10 }, "geometry": { "type": "LineString", "coordinates": [ [ 126.960887099999979, 37.503730199999985 ], [ 126.9608958, 37.503706400000013 ], [ 126.9609243, 37.5035139 ], [ 126.9609001, 37.5033384 ], [ 126.96079, 37.5030547 ], [ 126.9606931, 37.5028575 ] ] } },
{ "type": "Feature", "properties": { "학교": "중앙대", "u": "13816446695", "v": "4611303880", "key": 0, "osmid": "1511793613", "name": "", "highway": "residential", "length": 332.9, "validation_status": "validated", "tmap_hit_routes": 5 }, "geometry": { "type": "LineString", "coordinates": [ [ 126.9643982, 37.5031809 ], [ 126.9620992, 37.5031951 ], [ 126.9615829, 37.5031209 ], [ 126.9606931, 37.5028575 ] ] } },
{ "type": "Feature", "properties": { "학교": "중앙대", "u": "2824759300", "v": "2824759222", "key": 0, "osmid": "521182512", "name": "서달로", "highway": "residential", "length": 64.6, "validation_status": "validated", "tmap_hit_routes": 1 }, "geometry": { "type": "LineString", "coordinates": [ [ 126.9604845, 37.499609 ], [ 126.960454699999985, 37.4995704 ], [ 126.960261799999984, 37.499357400000015 ], [ 126.9600069, 37.499174 ] ] } },
{ "type": "Feature", "properties": { "학교": "중앙대", "u": "2824759300", "v": "12816428872", "key": 0, "osmid": "1122019322", "name": "서달로", "highway": "residential", "length": 31.2, "validation_status": "validated", "tmap_hit_routes": 1 }, "geometry": { "type": "LineString", "coordinates": [ [ 126.9597851, 37.4989569 ], [ 126.9598394, 37.499029 ], [ 126.9600069, 37.499174 ] ] } },
{ "type": "Feature", "properties": { "학교": "중앙대", "u": "2824759222", "v": "4697324255", "key": 0, "osmid": "385515540", "name": "서달로2길", "highway": "residential", "length": 349.5, "validation_status": "validated", "tmap_hit_routes": 2 }, "geometry": { "type": "LineString", "coordinates": [ [ 126.963937900000019, 37.5008805 ], [ 126.9637484, 37.5008034 ], [ 126.963002800000012, 37.5006672 ], [ 126.962739900000017, 37.5005693 ], [ 126.9625414, 37.5004034 ], [ 126.9622625, 37.5002502 ], [ 126.9622424, 37.5002159 ], [ 126.9620948, 37.5000336 ], [ 126.9619204, 37.4999166 ], [ 126.9616772, 37.499855299999986 ], [ 126.9613867, 37.4998161 ], [ 126.9611612, 37.4997815 ], [ 126.960663, 37.4995855 ], [ 126.9604845, 37.499609 ] ] } },
{ "type": "Feature", "properties": { "학교": "중앙대", "u": "10107993115", "v": "12864823352", "key": 0, "osmid": "278046401", "name": "서달로", "highway": "tertiary", "length": 360.6, "validation_status": "validated", "tmap_hit_routes": 11 }, "geometry": { "type": "LineString", "coordinates": [ [ 126.960887099999979, 37.503730199999985 ], [ 126.960782, 37.504018800000011 ], [ 126.9607704, 37.504266 ], [ 126.9607704, 37.5046234 ], [ 126.9607918, 37.504766 ], [ 126.9608731, 37.505262399999985 ], [ 126.961027, 37.5057501 ], [ 126.9612127, 37.5062723 ], [ 126.9612878, 37.5063872 ], [ 126.9613575, 37.5064451 ], [ 126.961505, 37.5065999 ], [ 126.9615992, 37.5067236 ], [ 126.9616628, 37.5068106 ] ] } },
{ "type": "Feature", "properties": { "학교": "중앙대", "u": "10107993115", "v": "4612845662", "key": 0, "osmid": "1389991726", "name": "", "highway": "residential", "length": 182.1, "validation_status": "validated", "tmap_hit_routes": 1 }, "geometry": { "type": "LineString", "coordinates": [ [ 126.962625099999983, 37.5068957 ], [ 126.9625904, 37.5064248 ], [ 126.9625877, 37.5063896 ], [ 126.962586900000019, 37.5063431 ], [ 126.962587200000016, 37.5062923 ], [ 126.9625397, 37.5062932 ], [ 126.9624955, 37.5062948 ], [ 126.962453499999981, 37.5062988 ], [ 126.962339799999981, 37.5063118 ], [ 126.962144, 37.5063411 ], [ 126.9620359, 37.5063607 ], [ 126.961963299999979, 37.5063835 ], [ 126.9618796, 37.5064162 ], [ 126.961823600000017, 37.506444 ], [ 126.961799699999986, 37.506458100000039 ], [ 126.9617672, 37.5064739 ], [ 126.9617565, 37.5065291 ], [ 126.9617469, 37.5065725 ], [ 126.9617414, 37.5066008 ], [ 126.961727700000012, 37.5066431 ], [ 126.9617058, 37.5067018 ], [ 126.9616628, 37.5068106 ] ] } },
{ "type": "Feature", "properties": { "학교": "중앙대", "u": "4612845662", "v": "4611246549", "key": 0, "osmid": "466290320", "name": "서달로12길", "highway": "residential", "length": 33.3, "validation_status": "unobserved", "tmap_hit_routes": 0 }, "geometry": { "type": "LineString", "coordinates": [ [ 126.96299830000001, 37.5068528 ], [ 126.962625099999983, 37.5068957 ] ] } },
{ "type": "Feature", "properties": { "학교": "중앙대", "u": "4697324255", "v": "4611250951", "key": 0, "osmid": "385515540", "name": "서달로2길", "highway": "residential", "length": 48.3, "validation_status": "unobserved", "tmap_hit_routes": 0 }, "geometry": { "type": "LineString", "coordinates": [ [ 126.964266, 37.501217200000021 ], [ 126.9640829, 37.500964200000013 ], [ 126.963937900000019, 37.5008805 ] ] } },
{ "type": "Feature", "properties": { "학교": "중앙대", "u": "4697324255", "v": "4697324244", "key": 0, "osmid": "476080928", "name": "", "highway": "service", "length": 60.1, "validation_status": "validated", "tmap_hit_routes": 1 }, "geometry": { "type": "LineString", "coordinates": [ [ 126.9636652, 37.501211500000011 ], [ 126.9638205, 37.5012312 ], [ 126.963881200000017, 37.5012206 ], [ 126.963935500000019, 37.5011827 ], [ 126.963967600000018, 37.5011222 ], [ 126.9639626, 37.5010149 ], [ 126.963937900000019, 37.5008805 ] ] } },
{ "type": "Feature", "properties": { "학교": "중앙대", "u": "2824759242", "v": "2825711987", "key": 0, "osmid": "521182518", "name": "서달로", "highway": "residential", "length": 24.0, "validation_status": "validated", "tmap_hit_routes": 1 }, "geometry": { "type": "LineString", "coordinates": [ [ 126.9592941, 37.4979699 ], [ 126.9593048, 37.4980119 ], [ 126.959331100000014, 37.4981834 ] ] } },
{ "type": "Feature", "properties": { "학교": "중앙대", "u": "2824759242", "v": "12816428873", "key": 0, "osmid": [ 1122019322, 1122019323, 521182518 ], "name": "서달로", "highway": "residential", "length": 56.9, "validation_status": "unobserved", "tmap_hit_routes": 0 }, "geometry": { "type": "LineString", "coordinates": [ [ 126.9595543, 37.498651 ], [ 126.9595127, 37.4985975 ], [ 126.959355699999989, 37.49838170000001 ], [ 126.959331100000014, 37.4981834 ] ] } },
{ "type": "Feature", "properties": { "학교": "중앙대", "u": "2824759242", "v": "2825714904", "key": 0, "osmid": "913153847", "name": "", "highway": "service", "length": 244.6, "validation_status": "validated", "tmap_hit_routes": 2 }, "geometry": { "type": "LineString", "coordinates": [ [ 126.957975500000018, 37.497559 ], [ 126.9581526, 37.4979079 ], [ 126.957745, 37.4980441 ], [ 126.9578683, 37.498325 ], [ 126.95850129999998, 37.4982058 ], [ 126.959331100000014, 37.4981834 ] ] } },
{ "type": "Feature", "properties": { "학교": "중앙대", "u": "2825711987", "v": "2825711424", "key": 0, "osmid": "261484534", "name": "상도로55길", "highway": "residential", "length": 71.4, "validation_status": "validated", "tmap_hit_routes": 1 }, "geometry": { "type": "LineString", "coordinates": [ [ 126.959109699999985, 37.49740760000001 ], [ 126.9591476, 37.4974321 ], [ 126.9591754, 37.4974695 ], [ 126.9591869, 37.4975358 ], [ 126.9591323, 37.4978413 ], [ 126.959158299999984, 37.4978782 ], [ 126.9592289, 37.4979362 ], [ 126.9592941, 37.4979699 ] ] } },
{ "type": "Feature", "properties": { "학교": "중앙대", "u": "12816428873", "v": "12816428872", "key": 0, "osmid": "1122019322", "name": "서달로", "highway": "residential", "length": 39.6, "validation_status": "unobserved", "tmap_hit_routes": 0 }, "geometry": { "type": "LineString", "coordinates": [ [ 126.9597851, 37.4989569 ], [ 126.9595543, 37.498651 ] ] } },
{ "type": "Feature", "properties": { "학교": "중앙대", "u": "12816428873", "v": "5406793613", "key": 0, "osmid": [ 1384270195, 1384270196 ], "name": "", "highway": [ "service", "path" ], "length": 580.6, "validation_status": "unobserved", "tmap_hit_routes": 0 }, "geometry": { "type": "LineString", "coordinates": [ [ 126.9622136, 37.4977212 ], [ 126.96223950000001, 37.4978267 ], [ 126.96223670000002, 37.4979177 ], [ 126.9622666, 37.4980056 ], [ 126.962251, 37.498096099999984 ], [ 126.962296800000018, 37.4981802 ], [ 126.962180100000012, 37.4981802 ], [ 126.9620701, 37.498158300000021 ], [ 126.9619588, 37.498133 ], [ 126.961890900000014, 37.4982085 ], [ 126.9618266, 37.4982843 ], [ 126.9617899, 37.4983743 ], [ 126.9618702, 37.4984378 ], [ 126.9619683, 37.498485700000018 ], [ 126.9620868, 37.4984987 ], [ 126.962162, 37.4985663 ], [ 126.9622519, 37.4986253 ], [ 126.962342199999981, 37.4986813 ], [ 126.962354, 37.498591100000013 ], [ 126.9624188, 37.498514900000011 ], [ 126.9624779, 37.4984373 ], [ 126.9625577, 37.4985056 ], [ 126.9626575, 37.498555200000013 ], [ 126.9627458, 37.4986117 ], [ 126.962790600000019, 37.4986966 ], [ 126.9628885, 37.4987428 ], [ 126.96284, 37.4988248 ], [ 126.9627393, 37.4988744 ], [ 126.962681700000019, 37.498952 ], [ 126.9625854, 37.4990009 ], [ 126.9624892, 37.49895080000001 ], [ 126.9623738, 37.4989443 ], [ 126.962307900000013, 37.4988675 ], [ 126.9622, 37.4988372 ], [ 126.9621083, 37.49878360000001 ], [ 126.9619936, 37.4987576 ], [ 126.9618901, 37.4987092 ], [ 126.9617873, 37.4986689 ], [ 126.9616849, 37.4986215 ], [ 126.961572299999986, 37.4985908 ], [ 126.9614592, 37.4985671 ], [ 126.9613432, 37.4985427 ], [ 126.9612223, 37.498542 ], [ 126.961107100000021, 37.4985526 ], [ 126.960993500000015, 37.4985503 ], [ 126.9608746, 37.4985459 ], [ 126.9607575, 37.4985542 ], [ 126.960641599999988, 37.498559 ], [ 126.960525700000019, 37.498556300000011 ], [ 126.960413, 37.4985694 ], [ 126.960298600000016, 37.49857 ], [ 126.960183700000016, 37.4985737 ], [ 126.960064, 37.4985901 ], [ 126.9599499, 37.4985859 ], [ 126.9598338, 37.4986005 ], [ 126.95971830000002, 37.4986008 ], [ 126.959604399999989, 37.4986368 ], [ 126.9595543, 37.498651 ] ] } },
{ "type": "Feature", "properties": { "학교": "중앙대", "u": "2825714904", "v": "4686503139", "key": 0, "osmid": "261484534", "name": "상도로55길", "highway": "residential", "length": 7.2, "validation_status": "unobserved", "tmap_hit_routes": 0 }, "geometry": { "type": "LineString", "coordinates": [ [ 126.958047500000021, 37.4975288 ], [ 126.957975500000018, 37.497559 ] ] } },
{ "type": "Feature", "properties": { "학교": "중앙대", "u": "2825714904", "v": "2825714913", "key": 0, "osmid": "261484534", "name": "상도로55길", "highway": "residential", "length": 225.4, "validation_status": "validated", "tmap_hit_routes": 2 }, "geometry": { "type": "LineString", "coordinates": [ [ 126.955521300000015, 37.4979801 ], [ 126.9555642, 37.4979633 ], [ 126.955631100000019, 37.49795060000001 ], [ 126.955788399999989, 37.4979202 ], [ 126.95647390000002, 37.4979064 ], [ 126.95661290000001, 37.4979144 ], [ 126.9569643, 37.4978952 ], [ 126.9570609, 37.4978718 ], [ 126.9571842, 37.497825 ], [ 126.9574551, 37.497710099999985 ], [ 126.9578575, 37.4975994 ], [ 126.957975500000018, 37.497559 ] ] } },
{ "type": "Feature", "properties": { "학교": "중앙대", "u": "12816428872", "v": "8857857355", "key": 0, "osmid": [ 1384270193, 1384270194 ], "name": "", "highway": [ "path", "steps" ], "length": 52.5, "validation_status": "validated", "tmap_hit_routes": 1 }, "geometry": { "type": "LineString", "coordinates": [ [ 126.9592229, 37.4989553 ], [ 126.9592833, 37.4989861 ], [ 126.959322900000018, 37.4990019 ], [ 126.959385700000013, 37.4990271 ], [ 126.959573800000015, 37.4989966 ], [ 126.9597689, 37.4989592 ], [ 126.9597851, 37.4989569 ] ] } },
{ "type": "Feature", "properties": { "학교": "중앙대", "u": "2829147710", "v": "4621486059", "key": 0, "osmid": "278565007", "name": "상도로47바길", "highway": "service", "length": 73.4, "validation_status": "unobserved", "tmap_hit_routes": 0 }, "geometry": { "type": "LineString", "coordinates": [ [ 126.9527099, 37.503734 ], [ 126.9531421, 37.503854499999989 ], [ 126.9534945, 37.503754 ] ] } },
{ "type": "Feature", "properties": { "학교": "중앙대", "u": "2825701321", "v": "2825701313", "key": 0, "osmid": "278145988", "name": "상도로45길", "highway": "service", "length": 39.8, "validation_status": "unobserved", "tmap_hit_routes": 0 }, "geometry": { "type": "LineString", "coordinates": [ [ 126.953004799999988, 37.5029966 ], [ 126.9529602, 37.5033524 ] ] } },
{ "type": "Feature", "properties": { "학교": "중앙대", "u": "2825701321", "v": "2825701337", "key": 0, "osmid": "278565007", "name": "상도로47바길", "highway": "service", "length": 98.0, "validation_status": "unobserved", "tmap_hit_routes": 0 }, "geometry": { "type": "LineString", "coordinates": [ [ 126.9518526, 37.5032812 ], [ 126.9529602, 37.5033524 ] ] } },
{ "type": "Feature", "properties": { "학교": "중앙대", "u": "2825701311", "v": "2825730232", "key": 0, "osmid": "278145989", "name": "상도로41길", "highway": "residential", "length": 18.0, "validation_status": "validated", "tmap_hit_routes": 1 }, "geometry": { "type": "LineString", "coordinates": [ [ 126.9500872, 37.5019191 ], [ 126.9502484, 37.5020188 ] ] } },
{ "type": "Feature", "properties": { "학교": "중앙대", "u": "2825701311", "v": "8483442364", "key": 0, "osmid": "278145989", "name": "상도로41길", "highway": "residential", "length": 85.1, "validation_status": "validated", "tmap_hit_routes": 1 }, "geometry": { "type": "LineString", "coordinates": [ [ 126.9511068, 37.5023674 ], [ 126.9502484, 37.5020188 ] ] } },
{ "type": "Feature", "properties": { "학교": "중앙대", "u": "2825701311", "v": "4621475849", "key": 0, "osmid": "278145990", "name": "상도로41가길", "highway": "residential", "length": 24.4, "validation_status": "validated", "tmap_hit_routes": 1 }, "geometry": { "type": "LineString", "coordinates": [ [ 126.9502303, 37.5022352 ], [ 126.950228900000013, 37.502054199999989 ], [ 126.9502484, 37.5020188 ] ] } },
{ "type": "Feature", "properties": { "학교": "중앙대", "u": "2825730232", "v": "2825730228", "key": 0, "osmid": "278145989", "name": "상도로41길", "highway": "residential", "length": 15.7, "validation_status": "validated", "tmap_hit_routes": 1 }, "geometry": { "type": "LineString", "coordinates": [ [ 126.9499377, 37.5018431 ], [ 126.9500872, 37.5019191 ] ] } },
{ "type": "Feature", "properties": { "학교": "중앙대", "u": "2825730232", "v": "4621469140", "key": 0, "osmid": "278148999", "name": "상도로47가길", "highway": "service", "length": 87.8, "validation_status": "unobserved", "tmap_hit_routes": 0 }, "geometry": { "type": "LineString", "coordinates": [ [ 126.950646800000015, 37.5012666 ], [ 126.9500872, 37.5019191 ] ] } },
{ "type": "Feature", "properties": { "학교": "중앙대", "u": "8483442364", "v": "4621475850", "key": 0, "osmid": "913244965", "name": "", "highway": "service", "length": 24.0, "validation_status": "unobserved", "tmap_hit_routes": 0 }, "geometry": { "type": "LineString", "coordinates": [ [ 126.9509839, 37.5025597 ], [ 126.9511068, 37.5023674 ] ] } },
{ "type": "Feature", "properties": { "학교": "중앙대", "u": "4621475849", "v": "2825701315", "key": 0, "osmid": "278145990", "name": "상도로41가길", "highway": "residential", "length": 30.7, "validation_status": "validated", "tmap_hit_routes": 1 }, "geometry": { "type": "LineString", "coordinates": [ [ 126.950227700000013, 37.5025116 ], [ 126.9502303, 37.5022352 ] ] } },
{ "type": "Feature", "properties": { "학교": "중앙대", "u": "4621475849", "v": "4621475850", "key": 0, "osmid": "467539601", "name": "상도로41나길", "highway": "service", "length": 75.6, "validation_status": "unobserved", "tmap_hit_routes": 0 }, "geometry": { "type": "LineString", "coordinates": [ [ 126.9509839, 37.5025597 ], [ 126.9502303, 37.5022352 ] ] } },
{ "type": "Feature", "properties": { "학교": "중앙대", "u": "2825701313", "v": "4621475848", "key": 0, "osmid": "278145988", "name": "상도로45길", "highway": "service", "length": 37.3, "validation_status": "unobserved", "tmap_hit_routes": 0 }, "geometry": { "type": "LineString", "coordinates": [ [ 126.9530258, 37.502661500000016 ], [ 126.953004799999988, 37.5029966 ] ] } },
{ "type": "Feature", "properties": { "학교": "중앙대", "u": "4621475848", "v": "4621475846", "key": 0, "osmid": "278145988", "name": "상도로45길", "highway": "service", "length": 64.2, "validation_status": "unobserved", "tmap_hit_routes": 0 }, "geometry": { "type": "LineString", "coordinates": [ [ 126.95306770000002, 37.502085299999983 ], [ 126.9530485, 37.502287300000013 ], [ 126.9530258, 37.502661500000016 ] ] } },
{ "type": "Feature", "properties": { "학교": "중앙대", "u": "2825701315", "v": "8483442363", "key": 0, "osmid": "278145985", "name": "상도로41다길", "highway": "service", "length": 63.8, "validation_status": "validated", "tmap_hit_routes": 1 }, "geometry": { "type": "LineString", "coordinates": [ [ 126.95088579999998, 37.502749399999985 ], [ 126.950227700000013, 37.5025116 ] ] } },
{ "type": "Feature", "properties": { "학교": "중앙대", "u": "2825701315", "v": "4621478345", "key": 0, "osmid": "278145990", "name": "상도로41가길", "highway": "residential", "length": 49.8, "validation_status": "validated", "tmap_hit_routes": 1 }, "geometry": { "type": "LineString", "coordinates": [ [ 126.9502565, 37.5029587 ], [ 126.950227700000013, 37.5025116 ] ] } },
{ "type": "Feature", "properties": { "학교": "중앙대", "u": "2825701315", "v": "10708858396", "key": 0, "osmid": "467539854", "name": "", "highway": "service", "length": 28.4, "validation_status": "validated", "tmap_hit_routes": 1 }, "geometry": { "type": "LineString", "coordinates": [ [ 126.9499162, 37.5024997 ], [ 126.9499639, 37.502525100000014 ], [ 126.950227700000013, 37.5025116 ] ] } },
{ "type": "Feature", "properties": { "학교": "중앙대", "u": "8483442363", "v": "8483442362", "key": 0, "osmid": "913244965", "name": "", "highway": "service", "length": 27.0, "validation_status": "validated", "tmap_hit_routes": 1 }, "geometry": { "type": "LineString", "coordinates": [ [ 126.950769900000012, 37.5029745 ], [ 126.95088579999998, 37.502749399999985 ] ] } },
{ "type": "Feature", "properties": { "학교": "중앙대", "u": "8483442363", "v": "4621475850", "key": 0, "osmid": "913244965", "name": "", "highway": "service", "length": 22.8, "validation_status": "unobserved", "tmap_hit_routes": 0 }, "geometry": { "type": "LineString", "coordinates": [ [ 126.9509839, 37.5025597 ], [ 126.95088579999998, 37.502749399999985 ] ] } },
{ "type": "Feature", "properties": { "학교": "중앙대", "u": "8483442363", "v": "2825701337", "key": 0, "osmid": "278145985", "name": "상도로41다길", "highway": "service", "length": 106.3, "validation_status": "validated", "tmap_hit_routes": 2 }, "geometry": { "type": "LineString", "coordinates": [ [ 126.9518526, 37.5032812 ], [ 126.951726, 37.5032486 ], [ 126.951589200000015, 37.503215 ], [ 126.9515458, 37.5031892 ], [ 126.9515056, 37.5031466 ], [ 126.951404100000019, 37.5030299 ], [ 126.9513098, 37.5029615 ], [ 126.950904800000018, 37.5027615 ], [ 126.95088579999998, 37.502749399999985 ] ] } },
{ "type": "Feature", "properties": { "학교": "중앙대", "u": "4621478345", "v": "4621482143", "key": 0, "osmid": "278145990", "name": "상도로41가길", "highway": "residential", "length": 42.0, "validation_status": "validated", "tmap_hit_routes": 1 }, "geometry": { "type": "LineString", "coordinates": [ [ 126.950262200000012, 37.5033365 ], [ 126.9502565, 37.5029587 ] ] } },
{ "type": "Feature", "properties": { "학교": "중앙대", "u": "4621478345", "v": "10708858400", "key": 0, "osmid": "278149001", "name": "상도로39길", "highway": "service", "length": 36.0, "validation_status": "validated", "tmap_hit_routes": 1 }, "geometry": { "type": "LineString", "coordinates": [ [ 126.9498684, 37.5030276 ], [ 126.9500029, 37.502968700000018 ], [ 126.9502565, 37.5029587 ] ] } },
{ "type": "Feature", "properties": { "학교": "중앙대", "u": "10708858396", "v": "4626902908", "key": 0, "osmid": "467539854", "name": "", "highway": "service", "length": 39.1, "validation_status": "unobserved", "tmap_hit_routes": 0 }, "geometry": { "type": "LineString", "coordinates": [ [ 126.94954820000001, 37.5023033 ], [ 126.9499162, 37.5024997 ] ] } },
{ "type": "Feature", "properties": { "학교": "중앙대", "u": "10708858396", "v": "10708858400", "key": 0, "osmid": [ 1151169299, 1151169300 ], "name": "", "highway": [ "service", "steps" ], "length": 60.8, "validation_status": "unobserved", "tmap_hit_routes": 0 }, "geometry": { "type": "LineString", "coordinates": [ [ 126.9498684, 37.5030276 ], [ 126.9498277, 37.5029608 ], [ 126.94983790000002, 37.5027254 ], [ 126.9498692, 37.5025691 ], [ 126.9499162, 37.5024997 ] ] } },
{ "type": "Feature", "properties": { "학교": "중앙대", "u": "2825701319", "v": "2825706567", "key": 0, "osmid": "278145989", "name": "상도로41길", "highway": "residential", "length": 44.9, "validation_status": "unobserved", "tmap_hit_routes": 0 }, "geometry": { "type": "LineString", "coordinates": [ [ 126.9496819, 37.5017012 ], [ 126.9492675, 37.5014664 ] ] } },
{ "type": "Feature", "properties": { "학교": "중앙대", "u": "2825701319", "v": "13597219417", "key": 0, "osmid": "1444670203", "name": "상도로38길", "highway": "service", "length": 15.9, "validation_status": "unobserved", "tmap_hit_routes": 0 }, "geometry": { "type": "LineString", "coordinates": [ [ 126.949122, 37.5013827 ], [ 126.9492675, 37.5014664 ] ] } },
{ "type": "Feature", "properties": { "학교": "중앙대", "u": "2825701319", "v": "4621478356", "key": 0, "osmid": "521182521", "name": "상도로", "highway": "primary", "length": 64.0, "validation_status": "unobserved", "tmap_hit_routes": 0 }, "geometry": { "type": "LineString", "coordinates": [ [ 126.9488511, 37.5019373 ], [ 126.9491166, 37.501637 ], [ 126.9492675, 37.5014664 ] ] } },
{ "type": "Feature", "properties": { "학교": "중앙대", "u": "2825701319", "v": "13597214695", "key": 0, "osmid": [ 1482765082, 1482765083 ], "name": "상도로", "highway": "primary", "length": 30.4, "validation_status": "unobserved", "tmap_hit_routes": 0 }, "geometry": { "type": "LineString", "coordinates": [ [ 126.9494565, 37.5012375 ], [ 126.9494127, 37.5012881 ], [ 126.9492675, 37.5014664 ] ] } },
{ "type": "Feature", "properties": { "학교": "중앙대", "u": "2825706567", "v": "2825730228", "key": 0, "osmid": "278145989", "name": "상도로41길", "highway": "residential", "length": 27.5, "validation_status": "validated", "tmap_hit_routes": 1 }, "geometry": { "type": "LineString", "coordinates": [ [ 126.9499377, 37.5018431 ], [ 126.9496819, 37.5017012 ] ] } },
{ "type": "Feature", "properties": { "학교": "중앙대", "u": "2825706567", "v": "4626863240", "key": 0, "osmid": "278146424", "name": "상도로37길", "highway": "service", "length": 88.4, "validation_status": "validated", "tmap_hit_routes": 1 }, "geometry": { "type": "LineString", "coordinates": [ [ 126.9502527, 37.501047799999988 ], [ 126.9496819, 37.5017012 ] ] } },
{ "type": "Feature", "properties": { "학교": "중앙대", "u": "2825706567", "v": "4626902909", "key": 0, "osmid": "278146424", "name": "상도로37길", "highway": "service", "length": 61.8, "validation_status": "unobserved", "tmap_hit_routes": 0 }, "geometry": { "type": "LineString", "coordinates": [ [ 126.949284, 37.5021583 ], [ 126.9496819, 37.5017012 ] ] } },
{ "type": "Feature", "properties": { "학교": "중앙대", "u": "13597219417", "v": "4621509675", "key": 0, "osmid": "1444670203", "name": "상도로38길", "highway": "service", "length": 34.8, "validation_status": "unobserved", "tmap_hit_routes": 0 }, "geometry": { "type": "LineString", "coordinates": [ [ 126.9487898, 37.5012141 ], [ 126.949122, 37.5013827 ] ] } },
{ "type": "Feature", "properties": { "학교": "중앙대", "u": "13597219417", "v": "13597214694", "key": 0, "osmid": "1482765077", "name": "상도로", "highway": "primary", "length": 29.7, "validation_status": "unobserved", "tmap_hit_routes": 0 }, "geometry": { "type": "LineString", "coordinates": [ [ 126.9493154, 37.5011637 ], [ 126.949122, 37.5013827 ] ] } },
{ "type": "Feature", "properties": { "학교": "중앙대", "u": "13597219417", "v": "13597219416", "key": 0, "osmid": [ 1482765080, 1482765078, 1482765079 ], "name": "상도로", "highway": "primary", "length": 142.1, "validation_status": "unobserved", "tmap_hit_routes": 0 }, "geometry": { "type": "LineString", "coordinates": [ [ 126.9482201, 37.5024416 ], [ 126.9487233, 37.5018414 ], [ 126.9489735, 37.5015578 ], [ 126.949122, 37.5013827 ] ] } },
{ "type": "Feature", "properties": { "학교": "중앙대", "u": "4621478356", "v": "4626902909", "key": 0, "osmid": "801862821", "name": "상도로", "highway": "service", "length": 45.4, "validation_status": "unobserved", "tmap_hit_routes": 0 }, "geometry": { "type": "LineString", "coordinates": [ [ 126.949284, 37.5021583 ], [ 126.9488511, 37.5019373 ] ] } },
{ "type": "Feature", "properties": { "학교": "중앙대", "u": "4621478356", "v": "4621478352", "key": 0, "osmid": [ 1482765081, 521182521 ], "name": "상도로", "highway": "primary", "length": 78.0, "validation_status": "unobserved", "tmap_hit_routes": 0 }, "geometry": { "type": "LineString", "coordinates": [ [ 126.9483515, 37.5025157 ], [ 126.9485289, 37.5023042 ], [ 126.9488511, 37.5019373 ] ] } },
{ "type": "Feature", "properties": { "학교": "중앙대", "u": "13597214695", "v": "13597214694", "key": 0, "osmid": "1482765070", "name": "", "highway": "primary_link", "length": 14.9, "validation_status": "unobserved", "tmap_hit_routes": 0 }, "geometry": { "type": "LineString", "coordinates": [ [ 126.9493154, 37.5011637 ], [ 126.9494565, 37.5012375 ] ] } },
{ "type": "Feature", "properties": { "학교": "중앙대", "u": "13597214695", "v": "4621469141", "key": 0, "osmid": "1482765083", "name": "상도로", "highway": "primary", "length": 57.3, "validation_status": "unobserved", "tmap_hit_routes": 0 }, "geometry": { "type": "LineString", "coordinates": [ [ 126.9498242, 37.500813 ], [ 126.9494565, 37.5012375 ] ] } },
{ "type": "Feature", "properties": { "학교": "중앙대", "u": "2825701337", "v": "4621486058", "key": 0, "osmid": "467540934", "name": "상도로47길", "highway": "residential", "length": 60.2, "validation_status": "validated", "tmap_hit_routes": 2 }, "geometry": { "type": "LineString", "coordinates": [ [ 126.9517509, 37.5038162 ], [ 126.9517949, 37.503654600000019 ], [ 126.9518526, 37.5032812 ] ] } },
{ "type": "Feature", "properties": { "학교": "중앙대", "u": "2825701322", "v": "4621475846", "key": 0, "osmid": "278145988", "name": "상도로45길", "highway": "service", "length": 47.1, "validation_status": "unobserved", "tmap_hit_routes": 0 }, "geometry": { "type": "LineString", "coordinates": [ [ 126.95306770000002, 37.502085299999983 ], [ 126.95311270000002, 37.501865400000014 ], [ 126.9531303, 37.5016648 ] ] } },
{ "type": "Feature", "properties": { "학교": "중앙대", "u": "4621475846", "v": "4621475838", "key": 0, "osmid": "467539599", "name": "상도로47길", "highway": "service", "length": 95.9, "validation_status": "unobserved", "tmap_hit_routes": 0 }, "geometry": { "type": "LineString", "coordinates": [ [ 126.9521154, 37.5017173 ], [ 126.952196199999989, 37.501778 ], [ 126.95237760000002, 37.5018909 ], [ 126.952596799999981, 37.502003599999988 ], [ 126.9528626, 37.502068 ], [ 126.95306770000002, 37.502085299999983 ] ] } },
{ "type": "Feature", "properties": { "학교": "중앙대", "u": "2829147721", "v": "11871139992", "key": 0, "osmid": "278145990", "name": "상도로41가길", "highway": "residential", "length": 33.1, "validation_status": "validated", "tmap_hit_routes": 1 }, "geometry": { "type": "LineString", "coordinates": [ [ 126.950291399999983, 37.503842500000019 ], [ 126.95030340000001, 37.5041398 ] ] } },
{ "type": "Feature", "properties": { "학교": "중앙대", "u": "2829147721", "v": "2829147725", "key": 0, "osmid": "278565010", "name": "상도로41마길", "highway": "service", "length": 76.7, "validation_status": "unobserved", "tmap_hit_routes": 0 }, "geometry": { "type": "LineString", "coordinates": [ [ 126.9510153, 37.5044608 ], [ 126.950923, 37.5043532 ], [ 126.950778200000016, 37.5042361 ], [ 126.950518, 37.5041468 ], [ 126.95030340000001, 37.5041398 ] ] } },
{ "type": "Feature", "properties": { "학교": "중앙대", "u": "4621469141", "v": "4626863240", "key": 0, "osmid": "744062052", "name": "상도로43길", "highway": "service", "length": 45.9, "validation_status": "validated", "tmap_hit_routes": 1 }, "geometry": { "type": "LineString", "coordinates": [ [ 126.9502527, 37.501047799999988 ], [ 126.9498242, 37.500813 ] ] } },
{ "type": "Feature", "properties": { "학교": "중앙대", "u": "2825706577", "v": "2825730235", "key": 0, "osmid": "278145988", "name": "상도로45길", "highway": "service", "length": 42.7, "validation_status": "unobserved", "tmap_hit_routes": 0 }, "geometry": { "type": "LineString", "coordinates": [ [ 126.9512354, 37.500597 ], [ 126.950836200000012, 37.5003799 ] ] } },
{ "type": "Feature", "properties": { "학교": "중앙대", "u": "2825706577", "v": "4626863240", "key": 0, "osmid": "278146424", "name": "상도로37길", "highway": "service", "length": 90.4, "validation_status": "unobserved", "tmap_hit_routes": 0 }, "geometry": { "type": "LineString", "coordinates": [ [ 126.9502527, 37.501047799999988 ], [ 126.950836200000012, 37.5003799 ] ] } },
{ "type": "Feature", "properties": { "학교": "중앙대", "u": "2825731327", "v": "2825730235", "key": 0, "osmid": "278145988", "name": "상도로45길", "highway": "service", "length": 32.8, "validation_status": "unobserved", "tmap_hit_routes": 0 }, "geometry": { "type": "LineString", "coordinates": [ [ 126.9512354, 37.500597 ], [ 126.9515342, 37.500772 ] ] } },
{ "type": "Feature", "properties": { "학교": "중앙대", "u": "4621486058", "v": "13005797931", "key": 0, "osmid": "467540933", "name": "상도로47아길", "highway": "service", "length": 88.0, "validation_status": "unobserved", "tmap_hit_routes": 0 }, "geometry": { "type": "LineString", "coordinates": [ [ 126.9527088, 37.5036296 ], [ 126.952526899999981, 37.5036393 ], [ 126.952306600000014, 37.5037035 ], [ 126.952036, 37.5037959 ], [ 126.9517509, 37.5038162 ] ] } },
{ "type": "Feature", "properties": { "학교": "중앙대", "u": "4621486058", "v": "4621482136", "key": 0, "osmid": "467540934", "name": "상도로47길", "highway": "residential", "length": 36.3, "validation_status": "validated", "tmap_hit_routes": 2 }, "geometry": { "type": "LineString", "coordinates": [ [ 126.9517241, 37.5041422 ], [ 126.9517244, 37.5040885 ], [ 126.9517509, 37.5038162 ] ] } },
{ "type": "Feature", "properties": { "학교": "중앙대", "u": "2825706542", "v": "2825706563", "key": 0, "osmid": "278024802", "name": "상도로53길", "highway": "tertiary", "length": 13.2, "validation_status": "unobserved", "tmap_hit_routes": 0 }, "geometry": { "type": "LineString", "coordinates": [ [ 126.9530751, 37.497817 ], [ 126.9531901, 37.4978926 ] ] } },
{ "type": "Feature", "properties": { "학교": "중앙대", "u": "2825706542", "v": "11413637745", "key": 0, "osmid": "1230724699", "name": "", "highway": "footway", "length": 12.4, "validation_status": "unobserved", "tmap_hit_routes": 0 }, "geometry": { "type": "LineString", "coordinates": [ [ 126.953262, 37.4977969 ], [ 126.9531901, 37.4978926 ] ] } },
{ "type": "Feature", "properties": { "학교": "중앙대", "u": "2825706542", "v": "11413637591", "key": 0, "osmid": "1230724699", "name": "", "highway": "footway", "length": 12.2, "validation_status": "unobserved", "tmap_hit_routes": 0 }, "geometry": { "type": "LineString", "coordinates": [ [ 126.953119, 37.4979872 ], [ 126.9531901, 37.4978926 ] ] } },
{ "type": "Feature", "properties": { "학교": "중앙대", "u": "2825706542", "v": "2825711099", "key": 0, "osmid": "278024802", "name": "상도로53길", "highway": "tertiary", "length": 21.4, "validation_status": "unobserved", "tmap_hit_routes": 0 }, "geometry": { "type": "LineString", "coordinates": [ [ 126.953333, 37.498046 ], [ 126.953290700000011, 37.4979789 ], [ 126.9531901, 37.4978926 ] ] } },
{ "type": "Feature", "properties": { "학교": "중앙대", "u": "2825706563", "v": "2825711038", "key": 0, "osmid": "278146424", "name": "상도로37길", "highway": "service", "length": 41.3, "validation_status": "unobserved", "tmap_hit_routes": 0 }, "geometry": { "type": "LineString", "coordinates": [ [ 126.9533416, 37.4975119 ], [ 126.9530751, 37.497817 ] ] } },
{ "type": "Feature", "properties": { "학교": "중앙대", "u": "2825706563", "v": "13230033251", "key": 0, "osmid": "278146424", "name": "상도로37길", "highway": "service", "length": 15.4, "validation_status": "unobserved", "tmap_hit_routes": 0 }, "geometry": { "type": "LineString", "coordinates": [ [ 126.9529758, 37.4979306 ], [ 126.9530751, 37.497817 ] ] } },
{ "type": "Feature", "properties": { "학교": "중앙대", "u": "11413637591", "v": "13230033251", "key": 0, "osmid": "1230724653", "name": "", "highway": "footway", "length": 14.1, "validation_status": "unobserved", "tmap_hit_routes": 0 }, "geometry": { "type": "LineString", "coordinates": [ [ 126.9529758, 37.4979306 ], [ 126.953119, 37.4979872 ] ] } },
{ "type": "Feature", "properties": { "학교": "중앙대", "u": "11413637591", "v": "11413588662", "key": 0, "osmid": "1230724653", "name": "", "highway": "footway", "length": 31.8, "validation_status": "unobserved", "tmap_hit_routes": 0 }, "geometry": { "type": "LineString", "coordinates": [ [ 126.953224400000011, 37.49823090000001 ], [ 126.9532305, 37.4981969 ], [ 126.9532307, 37.4981225 ], [ 126.9532323, 37.498062199999985 ], [ 126.953207600000013, 37.4980458 ], [ 126.953119, 37.4979872 ] ] } },
{ "type": "Feature", "properties": { "학교": "중앙대", "u": "2825711099", "v": "2825711071", "key": 0, "osmid": "278146912", "name": "상도로53가길", "highway": "residential", "length": 51.2, "validation_status": "validated", "tmap_hit_routes": 3 }, "geometry": { "type": "LineString", "coordinates": [ [ 126.9535161, 37.4976126 ], [ 126.953480099999979, 37.497654700000012 ], [ 126.9534345, 37.497735600000013 ], [ 126.9533872, 37.4978804 ], [ 126.953333, 37.498046 ] ] } },
{ "type": "Feature", "properties": { "학교": "중앙대", "u": "2825706543", "v": "2825706571", "key": 0, "osmid": "278146427", "name": "", "highway": "primary_link", "length": 65.9, "validation_status": "unobserved", "tmap_hit_routes": 0 }, "geometry": { "type": "LineString", "coordinates": [ [ 126.9482447, 37.5033463 ], [ 126.948199200000019, 37.503306400000014 ], [ 126.948150600000019, 37.5032532 ], [ 126.948121300000011, 37.5032116 ], [ 126.9481014, 37.5031681 ], [ 126.9480909, 37.503139 ], [ 126.9480792, 37.503090400000012 ], [ 126.9480677, 37.5030341 ], [ 126.9480661, 37.5029679 ], [ 126.948071400000018, 37.5029156 ], [ 126.9480818, 37.5028593 ], [ 126.9481013, 37.502794 ] ] } },
{ "type": "Feature", "properties": { "학교": "중앙대", "u": "2825706543", "v": "4621478352", "key": 0, "osmid": [ 1482765081, 1482765067 ], "name": "상도로", "highway": "primary", "length": 38.0, "validation_status": "unobserved", "tmap_hit_routes": 0 }, "geometry": { "type": "LineString", "coordinates": [ [ 126.9483515, 37.5025157 ], [ 126.9482935, 37.5025753 ], [ 126.9481013, 37.502794 ] ] } },
{ "type": "Feature", "properties": { "학교": "중앙대", "u": "2825706571", "v": "10712384713", "key": 0, "osmid": "278146424", "name": "상도로37길", "highway": "service", "length": 8.6, "validation_status": "unobserved", "tmap_hit_routes": 0 }, "geometry": { "type": "LineString", "coordinates": [ [ 126.9483004, 37.5032825 ], [ 126.9482447, 37.5033463 ] ] } },
{ "type": "Feature", "properties": { "학교": "중앙대", "u": "2825706571", "v": "2825706550", "key": 0, "osmid": "278146427", "name": "", "highway": "primary_link", "length": 53.3, "validation_status": "unobserved", "tmap_hit_routes": 0 }, "geometry": { "type": "LineString", "coordinates": [ [ 126.948658699999982, 37.5036929 ], [ 126.9484722, 37.5035078 ], [ 126.9482447, 37.5033463 ] ] } },
{ "type": "Feature", "properties": { "학교": "중앙대", "u": "4621478352", "v": "4626938545", "key": 0, "osmid": "467539853", "name": "상도로39길", "highway": "service", "length": 44.9, "validation_status": "unobserved", "tmap_hit_routes": 0 }, "geometry": { "type": "LineString", "coordinates": [ [ 126.9487751, 37.5027391 ], [ 126.9483515, 37.5025157 ] ] } },
{ "type": "Feature", "properties": { "학교": "중앙대", "u": "2825706548", "v": "4621460691", "key": 0, "osmid": "278146424", "name": "상도로37길", "highway": "service", "length": 54.2, "validation_status": "unobserved", "tmap_hit_routes": 0 }, "geometry": { "type": "LineString", "coordinates": [ [ 126.9523654, 37.4986294 ], [ 126.9520157, 37.4990297 ] ] } },
{ "type": "Feature", "properties": { "학교": "중앙대", "u": "2825706548", "v": "2825733606", "key": 0, "osmid": "278149178", "name": "상도로49길", "highway": "service", "length": 150.2, "validation_status": "unobserved", "tmap_hit_routes": 0 }, "geometry": { "type": "LineString", "coordinates": [ [ 126.952623700000018, 37.4996943 ], [ 126.952693600000018, 37.4996558 ], [ 126.9527774, 37.4996274 ], [ 126.953013400000017, 37.499578400000011 ], [ 126.95304520000002, 37.4995419 ], [ 126.9530398, 37.4995164 ], [ 126.9520157, 37.4990297 ] ] } },
{ "type": "Feature", "properties": { "학교": "중앙대", "u": "4621460691", "v": "4621460690", "key": 0, "osmid": "278146424", "name": "상도로37길", "highway": "service", "length": 6.4, "validation_status": "unobserved", "tmap_hit_routes": 0 }, "geometry": { "type": "LineString", "coordinates": [ [ 126.9524068, 37.4985821 ], [ 126.9523654, 37.4986294 ] ] } },
{ "type": "Feature", "properties": { "학교": "중앙대", "u": "4621460691", "v": "11413637707", "key": 0, "osmid": "467538221", "name": "상도로37길", "highway": "service", "length": 54.8, "validation_status": "unobserved", "tmap_hit_routes": 0 }, "geometry": { "type": "LineString", "coordinates": [ [ 126.9529829, 37.4985801 ], [ 126.9523654, 37.4986294 ] ] } },
{ "type": "Feature", "properties": { "학교": "중앙대", "u": "2825733606", "v": "2825731303", "key": 0, "osmid": "467539596", "name": "상도로47나길", "highway": "service", "length": 122.3, "validation_status": "unobserved", "tmap_hit_routes": 0 }, "geometry": { "type": "LineString", "coordinates": [ [ 126.9529995, 37.5002985 ], [ 126.9526942, 37.5001594 ], [ 126.95250919999998, 37.5000338 ], [ 126.9523643, 37.4999423 ], [ 126.95228920000001, 37.4998487 ], [ 126.952286500000014, 37.4997891 ], [ 126.952297300000012, 37.499752900000011 ], [ 126.952420600000011, 37.4997019 ], [ 126.9525226, 37.4996891 ], [ 126.952623700000018, 37.4996943 ] ] } },
{ "type": "Feature", "properties": { "학교": "중앙대", "u": "2825706556", "v": "11413588662", "key": 0, "osmid": "1230724636", "name": "", "highway": "footway", "length": 9.8, "validation_status": "unobserved", "tmap_hit_routes": 0 }, "geometry": { "type": "LineString", "coordinates": [ [ 126.953224400000011, 37.49823090000001 ], [ 126.9533159, 37.4982813 ] ] } },
{ "type": "Feature", "properties": { "학교": "중앙대", "u": "2825706556", "v": "11413637479", "key": 0, "osmid": "1230724636", "name": "", "highway": "footway", "length": 18.3, "validation_status": "validated", "tmap_hit_routes": 3 }, "geometry": { "type": "LineString", "coordinates": [ [ 126.9534867, 37.4983753 ], [ 126.9533159, 37.4982813 ] ] } },
{ "type": "Feature", "properties": { "학교": "중앙대", "u": "11413588662", "v": "11413637707", "key": 0, "osmid": "1230724653", "name": "", "highway": "footway", "length": 44.3, "validation_status": "unobserved", "tmap_hit_routes": 0 }, "geometry": { "type": "LineString", "coordinates": [ [ 126.9529829, 37.4985801 ], [ 126.9531028, 37.4984222 ], [ 126.953224400000011, 37.49823090000001 ] ] } },
{ "type": "Feature", "properties": { "학교": "중앙대", "u": "2825711038", "v": "2825711094", "key": 0, "osmid": "278146424", "name": "상도로37길", "highway": "service", "length": 48.3, "validation_status": "unobserved", "tmap_hit_routes": 0 }, "geometry": { "type": "LineString", "coordinates": [ [ 126.9536533, 37.4971551 ], [ 126.9533416, 37.4975119 ] ] } },
{ "type": "Feature", "properties": { "학교": "중앙대", "u": "2825711038", "v": "2825711071", "key": 0, "osmid": "278146919", "name": "", "highway": "service", "length": 19.0, "validation_status": "unobserved", "tmap_hit_routes": 0 }, "geometry": { "type": "LineString", "coordinates": [ [ 126.9535161, 37.4976126 ], [ 126.9533416, 37.4975119 ] ] } },
{ "type": "Feature", "properties": { "학교": "중앙대", "u": "13230033251", "v": "4621460690", "key": 0, "osmid": "278146424", "name": "상도로37길", "highway": "service", "length": 88.1, "validation_status": "unobserved", "tmap_hit_routes": 0 }, "geometry": { "type": "LineString", "coordinates": [ [ 126.9524068, 37.4985821 ], [ 126.9529758, 37.4979306 ] ] } },
{ "type": "Feature", "properties": { "학교": "중앙대", "u": "13230033251", "v": "11413637561", "key": 0, "osmid": "1230724653", "name": "", "highway": "footway", "length": 31.5, "validation_status": "unobserved", "tmap_hit_routes": 0 }, "geometry": { "type": "LineString", "coordinates": [ [ 126.9526751, 37.4977775 ], [ 126.9529322, 37.497913100000019 ], [ 126.9529758, 37.4979306 ] ] } },
{ "type": "Feature", "properties": { "학교": "중앙대", "u": "2825730228", "v": "4626902908", "key": 0, "osmid": "467539855", "name": "상도로39가길", "highway": "service", "length": 61.6, "validation_status": "unobserved", "tmap_hit_routes": 0 }, "geometry": { "type": "LineString", "coordinates": [ [ 126.94954820000001, 37.5023033 ], [ 126.9499377, 37.5018431 ] ] } },
{ "type": "Feature", "properties": { "학교": "중앙대", "u": "4626863240", "v": "4621469140", "key": 0, "osmid": "744062052", "name": "상도로43길", "highway": "service", "length": 42.4, "validation_status": "unobserved", "tmap_hit_routes": 0 }, "geometry": { "type": "LineString", "coordinates": [ [ 126.950646800000015, 37.5012666 ], [ 126.9502527, 37.501047799999988 ] ] } },
{ "type": "Feature", "properties": { "학교": "중앙대", "u": "4626902909", "v": "4626938545", "key": 0, "osmid": "278146424", "name": "상도로37길", "highway": "service", "length": 78.7, "validation_status": "unobserved", "tmap_hit_routes": 0 }, "geometry": { "type": "LineString", "coordinates": [ [ 126.9487751, 37.5027391 ], [ 126.949284, 37.5021583 ] ] } },
{ "type": "Feature", "properties": { "학교": "중앙대", "u": "4626902909", "v": "4626902908", "key": 0, "osmid": [ 1151539356, 467539854 ], "name": "", "highway": [ "service", "steps" ], "length": 28.3, "validation_status": "unobserved", "tmap_hit_routes": 0 }, "geometry": { "type": "LineString", "coordinates": [ [ 126.94954820000001, 37.5023033 ], [ 126.9493604, 37.5021994 ], [ 126.949284, 37.5021583 ] ] } },
{ "type": "Feature", "properties": { "학교": "중앙대", "u": "2825730230", "v": "2825730235", "key": 0, "osmid": "744062051", "name": "상도로47가길", "highway": "service", "length": 78.7, "validation_status": "validated", "tmap_hit_routes": 1 }, "geometry": { "type": "LineString", "coordinates": [ [ 126.9512354, 37.500597 ], [ 126.9517475, 37.5000179 ] ] } },
{ "type": "Feature", "properties": { "학교": "중앙대", "u": "10712384713", "v": "4626938545", "key": 0, "osmid": "278146424", "name": "상도로37길", "highway": "service", "length": 73.5, "validation_status": "unobserved", "tmap_hit_routes": 0 }, "geometry": { "type": "LineString", "coordinates": [ [ 126.9487751, 37.5027391 ], [ 126.9483004, 37.5032825 ] ] } },
{ "type": "Feature", "properties": { "학교": "중앙대", "u": "10712384713", "v": "10712384714", "key": 0, "osmid": "1151539376", "name": "", "highway": "service", "length": 114.7, "validation_status": "unobserved", "tmap_hit_routes": 0 }, "geometry": { "type": "LineString", "coordinates": [ [ 126.949365, 37.5038749 ], [ 126.9483004, 37.5032825 ] ] } },
{ "type": "Feature", "properties": { "학교": "중앙대", "u": "2825730235", "v": "4621471425", "key": 0, "osmid": "744062051", "name": "상도로47가길", "highway": "service", "length": 49.8, "validation_status": "unobserved", "tmap_hit_routes": 0 }, "geometry": { "type": "LineString", "coordinates": [ [ 126.950924700000016, 37.5009709 ], [ 126.9512354, 37.500597 ] ] } },
{ "type": "Feature", "properties": { "학교": "중앙대", "u": "2825711094", "v": "2825711047", "key": 0, "osmid": "261484534", "name": "상도로55길", "highway": "residential", "length": 19.8, "validation_status": "unobserved", "tmap_hit_routes": 0 }, "geometry": { "type": "LineString", "coordinates": [ [ 126.9538774, 37.497159600000025 ], [ 126.9536533, 37.4971551 ] ] } },
{ "type": "Feature", "properties": { "학교": "중앙대", "u": "2825711094", "v": "2825711091", "key": 0, "osmid": "278146909", "name": "상도로55길", "highway": "service", "length": 39.4, "validation_status": "unobserved", "tmap_hit_routes": 0 }, "geometry": { "type": "LineString", "coordinates": [ [ 126.9538378, 37.4968324 ], [ 126.9536533, 37.4971551 ] ] } },
{ "type": "Feature", "properties": { "학교": "중앙대", "u": "2825711094", "v": "2825711406", "key": 0, "osmid": "261484534", "name": "상도로55길", "highway": "residential", "length": 60.7, "validation_status": "unobserved", "tmap_hit_routes": 0 }, "geometry": { "type": "LineString", "coordinates": [ [ 126.952976800000016, 37.4971372 ], [ 126.953155600000017, 37.4971853 ], [ 126.9536533, 37.4971551 ] ] } },
{ "type": "Feature", "properties": { "학교": "중앙대", "u": "2825711071", "v": "2825711413", "key": 0, "osmid": "278146912", "name": "상도로53가길", "highway": "residential", "length": 115.1, "validation_status": "validated", "tmap_hit_routes": 3 }, "geometry": { "type": "LineString", "coordinates": [ [ 126.9545095, 37.4971449 ], [ 126.9545047, 37.49732490000001 ], [ 126.9544725, 37.497359 ], [ 126.9543331, 37.4974079 ], [ 126.954153299999987, 37.497448299999988 ], [ 126.9537269, 37.4975079 ], [ 126.9536594, 37.4975267 ], [ 126.9535767, 37.4975675 ], [ 126.9535161, 37.4976126 ] ] } },
{ "type": "Feature", "properties": { "학교": "중앙대", "u": "2825711047", "v": "2825711413", "key": 0, "osmid": "261484534", "name": "상도로55길", "highway": "residential", "length": 55.8, "validation_status": "unobserved", "tmap_hit_routes": 0 }, "geometry": { "type": "LineString", "coordinates": [ [ 126.9545095, 37.4971449 ], [ 126.9538774, 37.497159600000025 ] ] } },
{ "type": "Feature", "properties": { "학교": "중앙대", "u": "2825711047", "v": "4686503142", "key": 0, "osmid": "474771574", "name": "상도로55길", "highway": "service", "length": 31.6, "validation_status": "unobserved", "tmap_hit_routes": 0 }, "geometry": { "type": "LineString", "coordinates": [ [ 126.9538653, 37.4968753 ], [ 126.9538653, 37.4969242 ], [ 126.9538774, 37.497159600000025 ] ] } },
{ "type": "Feature", "properties": { "학교": "중앙대", "u": "2825711413", "v": "3713157340", "key": 0, "osmid": "261484534", "name": "상도로55길", "highway": "residential", "length": 142.5, "validation_status": "validated", "tmap_hit_routes": 3 }, "geometry": { "type": "LineString", "coordinates": [ [ 126.9555146, 37.4979788 ], [ 126.9553781, 37.497941100000013 ], [ 126.955344900000014, 37.4979203 ], [ 126.9552966, 37.4978765 ], [ 126.9552638, 37.4978207 ], [ 126.955238400000013, 37.4977598 ], [ 126.955204800000018, 37.4976207 ], [ 126.955177, 37.4975652 ], [ 126.9551324, 37.4975228 ], [ 126.9548507, 37.4973249 ], [ 126.9547967, 37.4972607 ], [ 126.95477910000001, 37.4971756 ], [ 126.9547428, 37.4971441 ], [ 126.9546958, 37.4971315 ], [ 126.9545095, 37.4971449 ] ] } },
{ "type": "Feature", "properties": { "학교": "중앙대", "u": "3713157340", "v": "2825714913", "key": 0, "osmid": "261484534", "name": "상도로55길", "highway": "residential", "length": 0.6, "validation_status": "bridged", "tmap_hit_routes": 0 }, "geometry": { "type": "LineString", "coordinates": [ [ 126.955521300000015, 37.4979801 ], [ 126.9555146, 37.4979788 ] ] } },
{ "type": "Feature", "properties": { "학교": "중앙대", "u": "3713157340", "v": "12785639986", "key": 0, "osmid": "367389875", "name": "", "highway": "service", "length": 24.7, "validation_status": "validated", "tmap_hit_routes": 1 }, "geometry": { "type": "LineString", "coordinates": [ [ 126.955610100000015, 37.4977702 ], [ 126.9555384, 37.4979268 ], [ 126.9555146, 37.4979788 ] ] } },
{ "type": "Feature", "properties": { "학교": "중앙대", "u": "2825711424", "v": "4686503139", "key": 0, "osmid": "261484534", "name": "상도로55길", "highway": "residential", "length": 97.0, "validation_status": "validated", "tmap_hit_routes": 1 }, "geometry": { "type": "LineString", "coordinates": [ [ 126.958047500000021, 37.4975288 ], [ 126.9582035, 37.4974632 ], [ 126.9583322, 37.4974292 ], [ 126.9585008, 37.4973969 ], [ 126.9586916, 37.4973866 ], [ 126.9590028, 37.497386600000013 ], [ 126.95906380000001, 37.4973908 ], [ 126.959109699999985, 37.49740760000001 ] ] } },
{ "type": "Feature", "properties": { "학교": "중앙대", "u": "4686503139", "v": "12794284301", "key": 0, "osmid": "1381930919", "name": "", "highway": "service", "length": 23.8, "validation_status": "unobserved", "tmap_hit_routes": 0 }, "geometry": { "type": "LineString", "coordinates": [ [ 126.957921200000015, 37.4973401 ], [ 126.958047500000021, 37.4975288 ] ] } },
{ "type": "Feature", "properties": { "학교": "중앙대", "u": "2825714913", "v": "4654271182", "key": 0, "osmid": "471256190", "name": "", "highway": "service", "length": 123.2, "validation_status": "validated", "tmap_hit_routes": 1 }, "geometry": { "type": "LineString", "coordinates": [ [ 126.956867, 37.4982748 ], [ 126.956457499999985, 37.4981907 ], [ 126.955856200000014, 37.4980675 ], [ 126.955703199999988, 37.4980352 ], [ 126.955521300000015, 37.4979801 ] ] } },
{ "type": "Feature", "properties": { "학교": "중앙대", "u": "2825723257", "v": "13261401480", "key": 0, "osmid": "278148179", "name": "", "highway": "service", "length": 5.9, "validation_status": "unobserved", "tmap_hit_routes": 0 }, "geometry": { "type": "LineString", "coordinates": [ [ 126.949631, 37.500122700000013 ], [ 126.9495724, 37.500098 ] ] } },
{ "type": "Feature", "properties": { "학교": "중앙대", "u": "13261401480", "v": "2825723281", "key": 0, "osmid": "278148179", "name": "", "highway": "service", "length": 26.3, "validation_status": "unobserved", "tmap_hit_routes": 0 }, "geometry": { "type": "LineString", "coordinates": [ [ 126.9498945, 37.5002336 ], [ 126.949631, 37.500122700000013 ] ] } },
{ "type": "Feature", "properties": { "학교": "중앙대", "u": "13261401480", "v": "13261401489", "key": 0, "osmid": "1445405069", "name": "", "highway": "steps", "length": 91.9, "validation_status": "unobserved", "tmap_hit_routes": 0 }, "geometry": { "type": "LineString", "coordinates": [ [ 126.948705, 37.4998532 ], [ 126.9487399, 37.4998555 ], [ 126.9496009, 37.5001653 ], [ 126.949631, 37.500122700000013 ] ] } },
{ "type": "Feature", "properties": { "학교": "중앙대", "u": "2825723281", "v": "13597219418", "key": 0, "osmid": "278148179", "name": "", "highway": "service", "length": 17.5, "validation_status": "unobserved", "tmap_hit_routes": 0 }, "geometry": { "type": "LineString", "coordinates": [ [ 126.950058100000021, 37.500323 ], [ 126.9498945, 37.5002336 ] ] } },
{ "type": "Feature", "properties": { "학교": "중앙대", "u": "2825723281", "v": "3337436844", "key": 0, "osmid": "327031373", "name": "", "highway": "service", "length": 115.6, "validation_status": "unobserved", "tmap_hit_routes": 0 }, "geometry": { "type": "LineString", "coordinates": [ [ 126.9506282, 37.4993723 ], [ 126.9498945, 37.5002336 ] ] } },
{ "type": "Feature", "properties": { "학교": "중앙대", "u": "13597219418", "v": "13597214694", "key": 0, "osmid": "1482765077", "name": "상도로", "highway": "primary", "length": 114.2, "validation_status": "unobserved", "tmap_hit_routes": 0 }, "geometry": { "type": "LineString", "coordinates": [ [ 126.9493154, 37.5011637 ], [ 126.950058100000021, 37.500323 ] ] } },
{ "type": "Feature", "properties": { "학교": "중앙대", "u": "13597219418", "v": "13597219419", "key": 0, "osmid": [ 1482765075, 1482765076, 1482765077, 1482765071 ], "name": "상도로", "highway": "primary", "length": 204.8, "validation_status": "unobserved", "tmap_hit_routes": 0 }, "geometry": { "type": "LineString", "coordinates": [ [ 126.951367800000014, 37.4988022 ], [ 126.951266100000012, 37.4989176 ], [ 126.951107400000012, 37.4991017 ], [ 126.9505586, 37.4997385 ], [ 126.950058100000021, 37.500323 ] ] } },
{ "type": "Feature", "properties": { "학교": "중앙대", "u": "3337436844", "v": "13281452472", "key": 0, "osmid": "327031372", "name": "상도로50길", "highway": "service", "length": 10.9, "validation_status": "unobserved", "tmap_hit_routes": 0 }, "geometry": { "type": "LineString", "coordinates": [ [ 126.950698, 37.4992915 ], [ 126.9506282, 37.4993723 ] ] } },
{ "type": "Feature", "properties": { "학교": "중앙대", "u": "3337436844", "v": "3337436851", "key": 0, "osmid": "327031371", "name": "", "highway": "service", "length": 187.4, "validation_status": "unobserved", "tmap_hit_routes": 0 }, "geometry": { "type": "LineString", "coordinates": [ [ 126.949919900000012, 37.498298 ], [ 126.9500531, 37.4982878 ], [ 126.9505252, 37.498541 ], [ 126.9505507, 37.4985953 ], [ 126.950531900000016, 37.4986527 ], [ 126.950149300000021, 37.499108 ], [ 126.9506282, 37.4993723 ] ] } },
{ "type": "Feature", "properties": { "학교": "중앙대", "u": "2825723290", "v": "13261418419", "key": 0, "osmid": "278148180", "name": "상도로38다길", "highway": "service", "length": 94.4, "validation_status": "unobserved", "tmap_hit_routes": 0 }, "geometry": { "type": "LineString", "coordinates": [ [ 126.94862430000002, 37.500007899999986 ], [ 126.9485658, 37.5000826 ], [ 126.9485276, 37.5001399 ], [ 126.9483881, 37.5002819 ], [ 126.9483256, 37.5003697 ], [ 126.948286599999989, 37.5004986 ], [ 126.948254700000021, 37.5006236 ], [ 126.9482534, 37.5006492 ], [ 126.948265600000013, 37.5006793 ], [ 126.948296500000012, 37.5007244 ], [ 126.9483183, 37.500767600000017 ] ] } },
{ "type": "Feature", "properties": { "학교": "중앙대", "u": "2825723290", "v": "10154131883", "key": 0, "osmid": "467543173", "name": "상도로38길", "highway": "service", "length": 43.9, "validation_status": "unobserved", "tmap_hit_routes": 0 }, "geometry": { "type": "LineString", "coordinates": [ [ 126.9486572, 37.5004974 ], [ 126.9485539, 37.5005285 ], [ 126.948405400000013, 37.5006396 ], [ 126.9483671, 37.5006974 ], [ 126.9483183, 37.500767600000017 ] ] } },
{ "type": "Feature", "properties": { "학교": "중앙대", "u": "2825723290", "v": "10154131874", "key": 0, "osmid": [ 467543173, 1444670230 ], "name": "상도로38길", "highway": [ "service", "steps" ], "length": 31.1, "validation_status": "unobserved", "tmap_hit_routes": 0 }, "geometry": { "type": "LineString", "coordinates": [ [ 126.9484735, 37.5010077 ], [ 126.9484342, 37.5009709 ], [ 126.9483908, 37.500928 ], [ 126.9483584, 37.500899900000014 ], [ 126.9483389, 37.5008748 ], [ 126.9483314, 37.500853 ], [ 126.9483183, 37.500767600000017 ] ] } },
{ "type": "Feature", "properties": { "학교": "중앙대", "u": "13261418419", "v": "13261418420", "key": 0, "osmid": "1445405093", "name": "", "highway": "service", "length": 23.4, "validation_status": "unobserved", "tmap_hit_routes": 0 }, "geometry": { "type": "LineString", "coordinates": [ [ 126.9488567, 37.5001093 ], [ 126.94862430000002, 37.500007899999986 ] ] } },
{ "type": "Feature", "properties": { "학교": "중앙대", "u": "13261418419", "v": "13261401479", "key": 0, "osmid": "278148180", "name": "상도로38다길", "highway": "service", "length": 13.8, "validation_status": "unobserved", "tmap_hit_routes": 0 }, "geometry": { "type": "LineString", "coordinates": [ [ 126.948701, 37.499899900000017 ], [ 126.948656200000016, 37.4999671 ], [ 126.94862430000002, 37.500007899999986 ] ] } },
{ "type": "Feature", "properties": { "학교": "중앙대", "u": "10154131883", "v": "10154131884", "key": 0, "osmid": "1109939812", "name": "", "highway": "service", "length": 41.2, "validation_status": "unobserved", "tmap_hit_routes": 0 }, "geometry": { "type": "LineString", "coordinates": [ [ 126.949048600000012, 37.5006997 ], [ 126.9486572, 37.5004974 ] ] } },
{ "type": "Feature", "properties": { "학교": "중앙대", "u": "10154131883", "v": "4621509684", "key": 0, "osmid": "467543173", "name": "상도로38길", "highway": "service", "length": 58.0, "validation_status": "unobserved", "tmap_hit_routes": 0 }, "geometry": { "type": "LineString", "coordinates": [ [ 126.9492653, 37.5003232 ], [ 126.94913080000002, 37.5003886 ], [ 126.9489722, 37.5004204 ], [ 126.948803100000021, 37.5004345 ], [ 126.9486572, 37.5004974 ] ] } },
{ "type": "Feature", "properties": { "학교": "중앙대", "u": "10154131874", "v": "10154131884", "key": 0, "osmid": "1109939810", "name": "", "highway": "service", "length": 62.5, "validation_status": "unobserved", "tmap_hit_routes": 0 }, "geometry": { "type": "LineString", "coordinates": [ [ 126.949048600000012, 37.5006997 ], [ 126.9490049, 37.5007326 ], [ 126.9489707, 37.5007537 ], [ 126.948569, 37.5010014 ], [ 126.948523600000016, 37.5010056 ], [ 126.9484735, 37.5010077 ] ] } },
{ "type": "Feature", "properties": { "학교": "중앙대", "u": "10154131874", "v": "13255700963", "key": 0, "osmid": "1109939810", "name": "", "highway": "service", "length": 36.3, "validation_status": "unobserved", "tmap_hit_routes": 0 }, "geometry": { "type": "LineString", "coordinates": [ [ 126.9481571, 37.501212299999985 ], [ 126.9481964, 37.5012029 ], [ 126.948244300000013, 37.501173500000014 ], [ 126.948430300000012, 37.5010338 ], [ 126.9484735, 37.5010077 ] ] } },
{ "type": "Feature", "properties": { "학교": "중앙대", "u": "10154131874", "v": "4621509675", "key": 0, "osmid": [ 1444670204, 1444670231 ], "name": "상도로38길", "highway": [ "service", "steps" ], "length": 36.1, "validation_status": "unobserved", "tmap_hit_routes": 0 }, "geometry": { "type": "LineString", "coordinates": [ [ 126.9487898, 37.5012141 ], [ 126.948526300000012, 37.5010463 ], [ 126.9484735, 37.5010077 ] ] } },
{ "type": "Feature", "properties": { "학교": "중앙대", "u": "4626902908", "v": "4621478353", "key": 0, "osmid": "467539855", "name": "상도로39가길", "highway": "service", "length": 78.5, "validation_status": "unobserved", "tmap_hit_routes": 0 }, "geometry": { "type": "LineString", "coordinates": [ [ 126.9490524, 37.5028891 ], [ 126.94954820000001, 37.5023033 ] ] } },
{ "type": "Feature", "properties": { "학교": "중앙대", "u": "2825730231", "v": "4621482143", "key": 0, "osmid": "278145990", "name": "상도로41가길", "highway": "residential", "length": 34.8, "validation_status": "validated", "tmap_hit_routes": 1 }, "geometry": { "type": "LineString", "coordinates": [ [ 126.950262200000012, 37.5033365 ], [ 126.9502826, 37.5036491 ] ] } },
{ "type": "Feature", "properties": { "학교": "중앙대", "u": "2825730231", "v": "11871139992", "key": 0, "osmid": "278145990", "name": "상도로41가길", "highway": "residential", "length": 21.5, "validation_status": "validated", "tmap_hit_routes": 1 }, "geometry": { "type": "LineString", "coordinates": [ [ 126.950291399999983, 37.503842500000019 ], [ 126.9502826, 37.5036491 ] ] } },
{ "type": "Feature", "properties": { "학교": "중앙대", "u": "2825730231", "v": "10712384714", "key": 0, "osmid": "278149000", "name": "양녕로", "highway": "service", "length": 86.5, "validation_status": "validated", "tmap_hit_routes": 1 }, "geometry": { "type": "LineString", "coordinates": [ [ 126.949365, 37.5038749 ], [ 126.9493758, 37.5038666 ], [ 126.9494613, 37.5038172 ], [ 126.9497616, 37.5037103 ], [ 126.9500776, 37.5036463 ], [ 126.9502826, 37.5036491 ] ] } },
{ "type": "Feature", "properties": { "학교": "중앙대", "u": "4621482143", "v": "4621482136", "key": 0, "osmid": "467540390", "name": "상도로41라길", "highway": "service", "length": 202.8, "validation_status": "unobserved", "tmap_hit_routes": 0 }, "geometry": { "type": "LineString", "coordinates": [ [ 126.9517241, 37.5041422 ], [ 126.9513572, 37.5039796 ], [ 126.9510371, 37.504065 ], [ 126.9509449, 37.5040589 ], [ 126.9506401, 37.503744 ], [ 126.9506014, 37.503668899999987 ], [ 126.950624100000013, 37.5035915 ], [ 126.950709, 37.503417 ], [ 126.950684099999989, 37.5033508 ], [ 126.950262200000012, 37.5033365 ] ] } },
{ "type": "Feature", "properties": { "학교": "중앙대", "u": "11871139992", "v": "11871139989", "key": 0, "osmid": "1278716117", "name": "", "highway": "service", "length": 60.3, "validation_status": "validated", "tmap_hit_routes": 5 }, "geometry": { "type": "LineString", "coordinates": [ [ 126.9496431, 37.5039799 ], [ 126.9498978, 37.5038773 ], [ 126.9500779, 37.5038458 ], [ 126.950291399999983, 37.503842500000019 ] ] } },
{ "type": "Feature", "properties": { "학교": "중앙대", "u": "4621469140", "v": "4621469171", "key": 0, "osmid": "467538891", "name": "", "highway": "steps", "length": 19.5, "validation_status": "unobserved", "tmap_hit_routes": 0 }, "geometry": { "type": "LineString", "coordinates": [ [ 126.9508288, 37.501366800000014 ], [ 126.950646800000015, 37.5012666 ] ] } },
{ "type": "Feature", "properties": { "학교": "중앙대", "u": "4621469140", "v": "4621471425", "key": 0, "osmid": "744062051", "name": "상도로47가길", "highway": "service", "length": 41.0, "validation_status": "unobserved", "tmap_hit_routes": 0 }, "geometry": { "type": "LineString", "coordinates": [ [ 126.950924700000016, 37.5009709 ], [ 126.950646800000015, 37.5012666 ] ] } },
{ "type": "Feature", "properties": { "학교": "중앙대", "u": "4621471425", "v": "6963036776", "key": 0, "osmid": "467539125", "name": "상도로47가길", "highway": "service", "length": 19.3, "validation_status": "unobserved", "tmap_hit_routes": 0 }, "geometry": { "type": "LineString", "coordinates": [ [ 126.9511004, 37.501074100000011 ], [ 126.9510108, 37.501023800000013 ], [ 126.950924700000016, 37.5009709 ] ] } },
{ "type": "Feature", "properties": { "학교": "중앙대", "u": "2825731302", "v": "2825731332", "key": 0, "osmid": "278149103", "name": "상도로47다길", "highway": "service", "length": 63.5, "validation_status": "unobserved", "tmap_hit_routes": 0 }, "geometry": { "type": "LineString", "coordinates": [ [ 126.953176, 37.5003816 ], [ 126.9532297, 37.500518699999986 ], [ 126.9532271, 37.500634 ], [ 126.9531634, 37.5007334 ], [ 126.953014700000011, 37.5008952 ] ] } },
{ "type": "Feature", "properties": { "학교": "중앙대", "u": "2825731332", "v": "2825731303", "key": 0, "osmid": "467538720", "name": "상도로53길", "highway": "service", "length": 18.1, "validation_status": "unobserved", "tmap_hit_routes": 0 }, "geometry": { "type": "LineString", "coordinates": [ [ 126.9529995, 37.5002985 ], [ 126.9530751, 37.5003399 ], [ 126.953176, 37.5003816 ] ] } },
{ "type": "Feature", "properties": { "학교": "중앙대", "u": "2825731303", "v": "6963036773", "key": 0, "osmid": "744062049", "name": "", "highway": "steps", "length": 24.6, "validation_status": "unobserved", "tmap_hit_routes": 0 }, "geometry": { "type": "LineString", "coordinates": [ [ 126.9532392, 37.5001859 ], [ 126.953121200000012, 37.50024550000002 ], [ 126.9529995, 37.5002985 ] ] } },
{ "type": "Feature", "properties": { "학교": "중앙대", "u": "6963036773", "v": "6963036774", "key": 0, "osmid": "744062048", "name": "상도로47나길", "highway": "service", "length": 40.4, "validation_status": "validated", "tmap_hit_routes": 1 }, "geometry": { "type": "LineString", "coordinates": [ [ 126.953668400000012, 37.5003115 ], [ 126.9532392, 37.5001859 ] ] } },
{ "type": "Feature", "properties": { "학교": "중앙대", "u": "2825738321", "v": "11413637809", "key": 0, "osmid": "278150001", "name": "", "highway": "residential", "length": 14.6, "validation_status": "unobserved", "tmap_hit_routes": 0 }, "geometry": { "type": "LineString", "coordinates": [ [ 126.9500704, 37.4975212 ], [ 126.9499962, 37.497403399999982 ] ] } },
{ "type": "Feature", "properties": { "학교": "중앙대", "u": "2825738321", "v": "11413637873", "key": 0, "osmid": "1230724666", "name": "", "highway": "service", "length": 4.8, "validation_status": "unobserved", "tmap_hit_routes": 0 }, "geometry": { "type": "LineString", "coordinates": [ [ 126.9499416, 37.4974045 ], [ 126.9499962, 37.497403399999982 ] ] } },
{ "type": "Feature", "properties": { "학교": "중앙대", "u": "11413637809", "v": "13195507460", "key": 0, "osmid": "278150001", "name": "", "highway": "residential", "length": 275.7, "validation_status": "unobserved", "tmap_hit_routes": 0 }, "geometry": { "type": "LineString", "coordinates": [ [ 126.9491658, 37.499290200000026 ], [ 126.949172200000021, 37.4992271 ], [ 126.9491414, 37.499089799999986 ], [ 126.9490949, 37.498957300000015 ], [ 126.9490879, 37.4988757 ], [ 126.9491442, 37.4985743 ], [ 126.9492348, 37.4984077 ], [ 126.949247500000013, 37.4981873 ], [ 126.9492739, 37.4980921 ], [ 126.949377100000021, 37.4980218 ], [ 126.949555100000012, 37.4979967 ], [ 126.949691200000018, 37.4980399 ], [ 126.9498681, 37.4980734 ], [ 126.9499497, 37.4980513 ], [ 126.950048699999982, 37.4980076 ], [ 126.9501945, 37.4979141 ], [ 126.9502341, 37.4978775 ], [ 126.950243, 37.4978417 ], [ 126.950235, 37.497807 ], [ 126.9501994, 37.4977465 ], [ 126.9500704, 37.4975212 ] ] } },
{ "type": "Feature", "properties": { "학교": "중앙대", "u": "11413637809", "v": "11413637803", "key": 0, "osmid": [ 1230724700, 1230724694 ], "name": "", "highway": "footway", "length": 31.8, "validation_status": "unobserved", "tmap_hit_routes": 0 }, "geometry": { "type": "LineString", "coordinates": [ [ 126.9501986, 37.4973297 ], [ 126.950065100000018, 37.4973959 ], [ 126.9501203, 37.497506100000017 ], [ 126.9500704, 37.4975212 ] ] } },
{ "type": "Feature", "properties": { "학교": "중앙대", "u": "11413637809", "v": "11413637873", "key": 0, "osmid": [ 1230724632, 1230724672, 1230724700 ], "name": "", "highway": "footway", "length": 26.0, "validation_status": "unobserved", "tmap_hit_routes": 0 }, "geometry": { "type": "LineString", "coordinates": [ [ 126.9499416, 37.4974045 ], [ 126.949932500000017, 37.4974986 ], [ 126.9499746, 37.4975142 ], [ 126.950003600000016, 37.4975496 ], [ 126.9500704, 37.4975212 ] ] } },
{ "type": "Feature", "properties": { "학교": "중앙대", "u": "11413637873", "v": "10570464798", "key": 0, "osmid": "1230724632", "name": "", "highway": "footway", "length": 12.5, "validation_status": "unobserved", "tmap_hit_routes": 0 }, "geometry": { "type": "LineString", "coordinates": [ [ 126.949952600000017, 37.4972923 ], [ 126.9499416, 37.4974045 ] ] } },
{ "type": "Feature", "properties": { "학교": "중앙대", "u": "11413637873", "v": "11413637802", "key": 0, "osmid": "1230724666", "name": "", "highway": "service", "length": 40.7, "validation_status": "unobserved", "tmap_hit_routes": 0 }, "geometry": { "type": "LineString", "coordinates": [ [ 126.9494808, 37.4974092 ], [ 126.9499416, 37.4974045 ] ] } },
{ "type": "Feature", "properties": { "학교": "중앙대", "u": "4621496726", "v": "10265961199", "key": 0, "osmid": "467541935", "name": "만양로2길", "highway": "service", "length": 39.3, "validation_status": "unobserved", "tmap_hit_routes": 0 }, "geometry": { "type": "LineString", "coordinates": [ [ 126.9497024, 37.5066061 ], [ 126.949512400000017, 37.5065662 ], [ 126.9493056, 37.5064554 ] ] } },
{ "type": "Feature", "properties": { "학교": "중앙대", "u": "4621496726", "v": "7252276597", "key": 0, "osmid": "777222924", "name": "", "highway": "service", "length": 249.9, "validation_status": "unobserved", "tmap_hit_routes": 0 }, "geometry": { "type": "LineString", "coordinates": [ [ 126.947030900000016, 37.505232900000017 ], [ 126.947055, 37.5052384 ], [ 126.9470824, 37.505256 ], [ 126.94736589999998, 37.5055762 ], [ 126.9483457, 37.5060965 ], [ 126.9486837, 37.5061058 ], [ 126.9493056, 37.5064554 ] ] } },
{ "type": "Feature", "properties": { "학교": "중앙대", "u": "4621486059", "v": "13005797931", "key": 0, "osmid": "467540933", "name": "상도로47아길", "highway": "service", "length": 11.6, "validation_status": "unobserved", "tmap_hit_routes": 0 }, "geometry": { "type": "LineString", "coordinates": [ [ 126.9527088, 37.5036296 ], [ 126.9527099, 37.503734 ] ] } },
{ "type": "Feature", "properties": { "학교": "중앙대", "u": "4621486059", "v": "4621486053", "key": 0, "osmid": "467540933", "name": "상도로47아길", "highway": "service", "length": 61.3, "validation_status": "unobserved", "tmap_hit_routes": 0 }, "geometry": { "type": "LineString", "coordinates": [ [ 126.9526029, 37.5042788 ], [ 126.9527099, 37.503734 ] ] } },
{ "type": "Feature", "properties": { "학교": "중앙대", "u": "2829147725", "v": "12989020955", "key": 0, "osmid": "1413411580", "name": "흑석로 8", "highway": "service", "length": 30.2, "validation_status": "unobserved", "tmap_hit_routes": 0 }, "geometry": { "type": "LineString", "coordinates": [ [ 126.9513365, 37.5043683 ], [ 126.95118930000001, 37.5044012 ], [ 126.9510153, 37.5044608 ] ] } },
{ "type": "Feature", "properties": { "학교": "중앙대", "u": "12989020955", "v": "13005863185", "key": 0, "osmid": "1415330242", "name": "흑석로 8", "highway": "service", "length": 14.8, "validation_status": "unobserved", "tmap_hit_routes": 0 }, "geometry": { "type": "LineString", "coordinates": [ [ 126.9513541, 37.5042363 ], [ 126.9513365, 37.5043683 ] ] } },
{ "type": "Feature", "properties": { "학교": "중앙대", "u": "12989020955", "v": "12989020958", "key": 0, "osmid": "1413411580", "name": "흑석로 8", "highway": "service", "length": 60.1, "validation_status": "validated", "tmap_hit_routes": 5 }, "geometry": { "type": "LineString", "coordinates": [ [ 126.9515078, 37.5048403 ], [ 126.9515411, 37.5045814 ], [ 126.9514474, 37.5044191 ], [ 126.9513365, 37.5043683 ] ] } },
{ "type": "Feature", "properties": { "학교": "중앙대", "u": "2829147730", "v": "4621488491", "key": 0, "osmid": "467541182", "name": "강남초등8길", "highway": "service", "length": 111.0, "validation_status": "validated", "tmap_hit_routes": 5 }, "geometry": { "type": "LineString", "coordinates": [ [ 126.9522027, 37.5052573 ], [ 126.9509561, 37.5051239 ] ] } },
{ "type": "Feature", "properties": { "학교": "중앙대", "u": "2829147730", "v": "2829147732", "key": 0, "osmid": "467540391", "name": "", "highway": "service", "length": 38.2, "validation_status": "unobserved", "tmap_hit_routes": 0 }, "geometry": { "type": "LineString", "coordinates": [ [ 126.950600300000019, 37.5053138 ], [ 126.95082050000002, 37.5051707 ], [ 126.9509561, 37.5051239 ] ] } },
{ "type": "Feature", "properties": { "학교": "중앙대", "u": "4621488491", "v": "4621488492", "key": 0, "osmid": "467541182", "name": "강남초등8길", "highway": "service", "length": 21.3, "validation_status": "unobserved", "tmap_hit_routes": 0 }, "geometry": { "type": "LineString", "coordinates": [ [ 126.952440700000011, 37.5052914 ], [ 126.9522027, 37.5052573 ] ] } },
{ "type": "Feature", "properties": { "학교": "중앙대", "u": "4621488491", "v": "4621488496", "key": 0, "osmid": "278024796", "name": "강남초등길", "highway": "residential", "length": 27.6, "validation_status": "validated", "tmap_hit_routes": 6 }, "geometry": { "type": "LineString", "coordinates": [ [ 126.9522638, 37.5055003 ], [ 126.9522443, 37.505388 ], [ 126.9522027, 37.5052573 ] ] } },
{ "type": "Feature", "properties": { "학교": "중앙대", "u": "2829530328", "v": "10239817443", "key": 0, "osmid": "278024795", "name": "매봉로", "highway": "tertiary", "length": 27.7, "validation_status": "validated", "tmap_hit_routes": 3 }, "geometry": { "type": "LineString", "coordinates": [ [ 126.9515863, 37.5078416 ], [ 126.951518100000015, 37.50803 ], [ 126.951525300000014, 37.5080832 ] ] } },
{ "type": "Feature", "properties": { "학교": "중앙대", "u": "2829530328", "v": "2829530337", "key": 0, "osmid": [ 278615360, 521226883, 521226884 ], "name": [ "매봉로6길", "고구동산지하차도" ], "highway": "residential", "length": 341.3, "validation_status": "unobserved", "tmap_hit_routes": 0 }, "geometry": { "type": "LineString", "coordinates": [ [ 126.9548396, 37.5092846 ], [ 126.954622400000019, 37.5091321 ], [ 126.9537778, 37.5090851 ], [ 126.9535668, 37.50911 ], [ 126.9533962, 37.5090851 ], [ 126.9532347, 37.5090352 ], [ 126.9530447, 37.5089235 ], [ 126.9527606, 37.5087772 ], [ 126.9526823, 37.5087516 ], [ 126.9523697, 37.5086448 ], [ 126.9522725, 37.50859 ], [ 126.95208550000001, 37.5083102 ], [ 126.95197060000001, 37.5082232 ], [ 126.951834300000016, 37.5081653 ], [ 126.9515999, 37.5081405 ], [ 126.951525300000014, 37.5080832 ] ] } },
{ "type": "Feature", "properties": { "학교": "중앙대", "u": "2829530328", "v": "3119042912", "key": 0, "osmid": "521226882", "name": "매봉로", "highway": "tertiary", "length": 116.9, "validation_status": "validated", "tmap_hit_routes": 1 }, "geometry": { "type": "LineString", "coordinates": [ [ 126.951036300000013, 37.509020599999985 ], [ 126.951248, 37.5088493 ], [ 126.9514955, 37.5084344 ], [ 126.951525300000014, 37.5080832 ] ] } },
{ "type": "Feature", "properties": { "학교": "중앙대", "u": "10239817443", "v": "4621496734", "key": 0, "osmid": "467541935", "name": "만양로2길", "highway": "service", "length": 220.0, "validation_status": "unobserved", "tmap_hit_routes": 0 }, "geometry": { "type": "LineString", "coordinates": [ [ 126.9499128, 37.5067627 ], [ 126.950147, 37.5067533 ], [ 126.9502055, 37.5068728 ], [ 126.95027930000002, 37.5070552 ], [ 126.9503095, 37.5072387 ], [ 126.9503745, 37.5072943 ], [ 126.9508248, 37.50736040000001 ], [ 126.9513869, 37.5075707 ], [ 126.951463500000017, 37.5076294 ], [ 126.951482700000014, 37.5078132 ], [ 126.9515863, 37.5078416 ] ] } },
{ "type": "Feature", "properties": { "학교": "중앙대", "u": "2829530337", "v": "2829530350", "key": 0, "osmid": "278615361", "name": "노량진로32길", "highway": "residential", "length": 279.6, "validation_status": "unobserved", "tmap_hit_routes": 0 }, "geometry": { "type": "LineString", "coordinates": [ [ 126.9532809, 37.510618800000017 ], [ 126.9532332, 37.5105223 ], [ 126.9531447, 37.5103454 ], [ 126.9531801, 37.5102556 ], [ 126.9531837, 37.5101265 ], [ 126.9531129, 37.5099917 ], [ 126.953105800000017, 37.5099496 ], [ 126.9531483, 37.5098934 ], [ 126.953396, 37.5096717 ], [ 126.9535305, 37.5095397 ], [ 126.9537252, 37.5092281 ], [ 126.953803, 37.5091579 ], [ 126.9539269, 37.5091467 ], [ 126.9548396, 37.5092846 ] ] } },
{ "type": "Feature", "properties": { "학교": "중앙대", "u": "2829530337", "v": "4613249929", "key": 0, "osmid": "521226885", "name": "노량진로32길", "highway": "residential", "length": 77.4, "validation_status": "validated", "tmap_hit_routes": 1 }, "geometry": { "type": "LineString", "coordinates": [ [ 126.9555524, 37.509626900000015 ], [ 126.955330299999986, 37.509629 ], [ 126.9548396, 37.5092846 ] ] } },
{ "type": "Feature", "properties": { "학교": "중앙대", "u": "3119042912", "v": "3119042915", "key": 0, "osmid": "521226882", "name": "매봉로", "highway": "tertiary", "length": 34.5, "validation_status": "validated", "tmap_hit_routes": 1 }, "geometry": { "type": "LineString", "coordinates": [ [ 126.9507596, 37.5092323 ], [ 126.950774, 37.5091975 ], [ 126.9510145, 37.5090382 ], [ 126.951036300000013, 37.509020599999985 ] ] } },
{ "type": "Feature", "properties": { "학교": "중앙대", "u": "2829530336", "v": "4613249929", "key": 0, "osmid": "521226885", "name": "노량진로32길", "highway": "residential", "length": 9.0, "validation_status": "validated", "tmap_hit_routes": 4 }, "geometry": { "type": "LineString", "coordinates": [ [ 126.9555524, 37.509626900000015 ], [ 126.955650100000014, 37.509650900000011 ] ] } },
{ "type": "Feature", "properties": { "학교": "중앙대", "u": "2829530336", "v": "11179633109", "key": 0, "osmid": "278615366", "name": "흑석로9길", "highway": "residential", "length": 54.3, "validation_status": "validated", "tmap_hit_routes": 5 }, "geometry": { "type": "LineString", "coordinates": [ [ 126.9560773, 37.509308 ], [ 126.955877199999989, 37.5094145 ], [ 126.9558223, 37.5094717 ], [ 126.955650100000014, 37.509650900000011 ] ] } },
{ "type": "Feature", "properties": { "학교": "중앙대", "u": "2829530336", "v": "4613270057", "key": 0, "osmid": "521226885", "name": "노량진로32길", "highway": "residential", "length": 64.8, "validation_status": "validated", "tmap_hit_routes": 1 }, "geometry": { "type": "LineString", "coordinates": [ [ 126.9559452, 37.5101782 ], [ 126.9558755, 37.5100299 ], [ 126.9558448, 37.5099127 ], [ 126.9557217, 37.5097322 ], [ 126.955650100000014, 37.509650900000011 ] ] } },
{ "type": "Feature", "properties": { "학교": "중앙대", "u": "4613249929", "v": "4613270035", "key": 0, "osmid": "466546963", "name": "노량진로26길", "highway": "residential", "length": 73.7, "validation_status": "validated", "tmap_hit_routes": 4 }, "geometry": { "type": "LineString", "coordinates": [ [ 126.9553012, 37.5102581 ], [ 126.955484400000017, 37.5097546 ], [ 126.9555524, 37.509626900000015 ] ] } },
{ "type": "Feature", "properties": { "학교": "중앙대", "u": "11179633109", "v": "2829530608", "key": 0, "osmid": "278615366", "name": "흑석로9길", "highway": "residential", "length": 35.6, "validation_status": "validated", "tmap_hit_routes": 6 }, "geometry": { "type": "LineString", "coordinates": [ [ 126.9563434, 37.509072700000011 ], [ 126.9561707, 37.5092582 ], [ 126.9560773, 37.509308 ] ] } },
{ "type": "Feature", "properties": { "학교": "중앙대", "u": "11179633109", "v": "11179633112", "key": 0, "osmid": "1206490106", "name": "", "highway": "residential", "length": 67.0, "validation_status": "validated", "tmap_hit_routes": 4 }, "geometry": { "type": "LineString", "coordinates": [ [ 126.955844400000018, 37.5087507 ], [ 126.955873900000014, 37.509017 ], [ 126.95594770000001, 37.5091662 ], [ 126.9560773, 37.509308 ] ] } },
{ "type": "Feature", "properties": { "학교": "중앙대", "u": "4613270057", "v": "4613270050", "key": 0, "osmid": "466549474", "name": "노량진로28길", "highway": "service", "length": 125.1, "validation_status": "validated", "tmap_hit_routes": 1 }, "geometry": { "type": "LineString", "coordinates": [ [ 126.956015, 37.5110219 ], [ 126.9559634, 37.5109972 ], [ 126.9558652, 37.5109768 ], [ 126.95576530000001, 37.5109308 ], [ 126.955696, 37.5108401 ], [ 126.955861899999988, 37.5107417 ], [ 126.9559715, 37.51064460000002 ], [ 126.9559683, 37.5105781 ], [ 126.9559167, 37.5104554 ], [ 126.9558603, 37.5102523 ], [ 126.9559452, 37.5101782 ] ] } },
{ "type": "Feature", "properties": { "학교": "중앙대", "u": "4613270057", "v": "4613249938", "key": 0, "osmid": "521226885", "name": "노량진로32길", "highway": "residential", "length": 117.2, "validation_status": "validated", "tmap_hit_routes": 1 }, "geometry": { "type": "LineString", "coordinates": [ [ 126.956694, 37.5105084 ], [ 126.9568076, 37.5103983 ], [ 126.956767699999986, 37.51033 ], [ 126.9566323, 37.5103373 ], [ 126.956512300000014, 37.5103642 ], [ 126.9563277, 37.5104154 ], [ 126.956130900000019, 37.5104447 ], [ 126.9560509, 37.5104032 ], [ 126.9559452, 37.5101782 ] ] } },
{ "type": "Feature", "properties": { "학교": "중앙대", "u": "2829530350", "v": "2829530357", "key": 0, "osmid": "521226886", "name": "노량진로24길", "highway": "residential", "length": 10.5, "validation_status": "validated", "tmap_hit_routes": 1 }, "geometry": { "type": "LineString", "coordinates": [ [ 126.9533958, 37.5106437 ], [ 126.9532809, 37.510618800000017 ] ] } },
{ "type": "Feature", "properties": { "학교": "중앙대", "u": "2829530357", "v": "8757719544", "key": 0, "osmid": "466546961", "name": "", "highway": "residential", "length": 8.7, "validation_status": "bridged", "tmap_hit_routes": 0 }, "geometry": { "type": "LineString", "coordinates": [ [ 126.9534856, 37.5106765 ], [ 126.9533958, 37.5106437 ] ] } },
{ "type": "Feature", "properties": { "학교": "중앙대", "u": "8757719544", "v": "4613249923", "key": 0, "osmid": "466546961", "name": "", "highway": "residential", "length": 29.4, "validation_status": "unobserved", "tmap_hit_routes": 0 }, "geometry": { "type": "LineString", "coordinates": [ [ 126.9538014, 37.5107589 ], [ 126.9535751, 37.5107093 ], [ 126.9534856, 37.5106765 ] ] } },
{ "type": "Feature", "properties": { "학교": "중앙대", "u": "2829530608", "v": "4613243818", "key": 0, "osmid": "278615366", "name": "흑석로9길", "highway": "residential", "length": 9.0, "validation_status": "validated", "tmap_hit_routes": 7 }, "geometry": { "type": "LineString", "coordinates": [ [ 126.95641160000001, 37.5090119 ], [ 126.9563434, 37.509072700000011 ] ] } },
{ "type": "Feature", "properties": { "학교": "중앙대", "u": "2829530608", "v": "4613243797", "key": 0, "osmid": "466546141", "name": "흑석로3길", "highway": "service", "length": 317.7, "validation_status": "validated", "tmap_hit_routes": 3 }, "geometry": { "type": "LineString", "coordinates": [ [ 126.9559337, 37.5067407 ], [ 126.9560885, 37.5067739 ], [ 126.9562061, 37.5068858 ], [ 126.9562593, 37.5069441 ], [ 126.9562868, 37.5070827 ], [ 126.9562838, 37.5071713 ], [ 126.956212, 37.5072896 ], [ 126.9560655, 37.5073468 ], [ 126.955936, 37.5075042 ], [ 126.9559404, 37.507560099999985 ], [ 126.956122600000015, 37.5076784 ], [ 126.9562703, 37.5077907 ], [ 126.956278900000015, 37.507855300000017 ], [ 126.956122900000011, 37.5081714 ], [ 126.956052799999981, 37.5082501 ], [ 126.9560384, 37.5082926 ], [ 126.956076400000015, 37.5088424 ], [ 126.9561164, 37.5089527 ], [ 126.956186599999981, 37.5090118 ], [ 126.9563434, 37.509072700000011 ] ] } },
{ "type": "Feature", "properties": { "학교": "중앙대", "u": "4613243818", "v": "2829530610", "key": 0, "osmid": "278615366", "name": "흑석로9길", "highway": "residential", "length": 49.4, "validation_status": "validated", "tmap_hit_routes": 8 }, "geometry": { "type": "LineString", "coordinates": [ [ 126.956796199999985, 37.508694200000015 ], [ 126.9566431, 37.508783200000011 ], [ 126.956512900000021, 37.5088952 ], [ 126.95641160000001, 37.5090119 ] ] } },
{ "type": "Feature", "properties": { "학교": "중앙대", "u": "4613243818", "v": "4613243675", "key": 0, "osmid": "466546136", "name": "흑석로3길", "highway": "service", "length": 163.8, "validation_status": "validated", "tmap_hit_routes": 1 }, "geometry": { "type": "LineString", "coordinates": [ [ 126.9580855, 37.5096049 ], [ 126.957316400000011, 37.5094173 ], [ 126.956907199999989, 37.5093074 ], [ 126.95641160000001, 37.5090119 ] ] } },
{ "type": "Feature", "properties": { "학교": "중앙대", "u": "4613243797", "v": "4621493630", "key": 0, "osmid": "467541639", "name": "흑석로3길", "highway": "service", "length": 99.6, "validation_status": "validated", "tmap_hit_routes": 2 }, "geometry": { "type": "LineString", "coordinates": [ [ 126.9553742, 37.5072532 ], [ 126.955472199999988, 37.5071754 ], [ 126.955696399999979, 37.5071069 ], [ 126.955862200000013, 37.5070902 ], [ 126.9559906, 37.507034599999983 ], [ 126.9560583, 37.506977200000016 ], [ 126.9560536, 37.50690680000001 ], [ 126.956028, 37.5068235 ], [ 126.9559337, 37.5067407 ] ] } },
{ "type": "Feature", "properties": { "학교": "중앙대", "u": "2829530610", "v": "4613243680", "key": 0, "osmid": "278615366", "name": "흑석로9길", "highway": "residential", "length": 29.8, "validation_status": "validated", "tmap_hit_routes": 9 }, "geometry": { "type": "LineString", "coordinates": [ [ 126.9571096, 37.5086047 ], [ 126.956864900000014, 37.508654 ], [ 126.956796199999985, 37.508694200000015 ] ] } },
{ "type": "Feature", "properties": { "학교": "중앙대", "u": "2829530610", "v": "2829530627", "key": 0, "osmid": "278615368", "name": "흑석로5길", "highway": "service", "length": 263.1, "validation_status": "validated", "tmap_hit_routes": 9 }, "geometry": { "type": "LineString", "coordinates": [ [ 126.9571048, 37.506534 ], [ 126.9570766, 37.5066144 ], [ 126.9570519, 37.506893 ], [ 126.9568787, 37.5073804 ], [ 126.95682, 37.5076854 ], [ 126.956764300000017, 37.507977 ], [ 126.9565866, 37.5081407 ], [ 126.956496, 37.5082855 ], [ 126.9565033, 37.5084811 ], [ 126.956729800000019, 37.5086748 ], [ 126.956796199999985, 37.508694200000015 ] ] } },
{ "type": "Feature", "properties": { "학교": "중앙대", "u": "2829530610", "v": "2829530617", "key": 0, "osmid": "278615368", "name": "흑석로5길", "highway": "service", "length": 177.3, "validation_status": "unobserved", "tmap_hit_routes": 0 }, "geometry": { "type": "LineString", "coordinates": [ [ 126.958670400000017, 37.5090982 ], [ 126.958309400000019, 37.509047700000018 ], [ 126.957813200000018, 37.5090234 ], [ 126.9573, 37.5089719 ], [ 126.9570268, 37.5088871 ], [ 126.956796199999985, 37.508694200000015 ] ] } },
{ "type": "Feature", "properties": { "학교": "중앙대", "u": "4613243680", "v": "2829530668", "key": 0, "osmid": "278615366", "name": "흑석로9길", "highway": "residential", "length": 186.0, "validation_status": "unobserved", "tmap_hit_routes": 0 }, "geometry": { "type": "LineString", "coordinates": [ [ 126.958888200000018, 37.5078353 ], [ 126.9588011, 37.507873600000025 ], [ 126.9586501, 37.5079538 ], [ 126.958066700000018, 37.5080638 ], [ 126.957325, 37.508609 ], [ 126.9572078, 37.5086005 ], [ 126.9571096, 37.5086047 ] ] } },
{ "type": "Feature", "properties": { "학교": "중앙대", "u": "4613243680", "v": "2890319153", "key": 0, "osmid": "466546140", "name": "흑석로7길", "highway": "service", "length": 233.4, "validation_status": "validated", "tmap_hit_routes": 14 }, "geometry": { "type": "LineString", "coordinates": [ [ 126.9584674, 37.506889 ], [ 126.9584126, 37.5069928 ], [ 126.9581835, 37.5072069 ], [ 126.9578935, 37.5074238 ], [ 126.957513800000015, 37.5077518 ], [ 126.9574785, 37.50798180000001 ], [ 126.957472, 37.508183699999989 ], [ 126.9573071, 37.508393300000023 ], [ 126.9571096, 37.5086047 ] ] } },
{ "type": "Feature", "properties": { "학교": "중앙대", "u": "2829530627", "v": "4613243837", "key": 0, "osmid": "285364023", "name": "흑석로6길", "highway": "residential", "length": 9.6, "validation_status": "validated", "tmap_hit_routes": 2 }, "geometry": { "type": "LineString", "coordinates": [ [ 126.9571283, 37.5064499 ], [ 126.9571048, 37.506534 ] ] } },
{ "type": "Feature", "properties": { "학교": "중앙대", "u": "2829530627", "v": "2890319153", "key": 0, "osmid": "470199635", "name": "흑석로", "highway": "tertiary", "length": 127.6, "validation_status": "validated", "tmap_hit_routes": 41 }, "geometry": { "type": "LineString", "coordinates": [ [ 126.9584674, 37.506889 ], [ 126.958152899999988, 37.5068561 ], [ 126.9579917, 37.5068295 ], [ 126.957867599999986, 37.5068018 ], [ 126.957723500000014, 37.5067613 ], [ 126.957623699999985, 37.5067283 ], [ 126.9572944, 37.5066194 ], [ 126.9571048, 37.506534 ] ] } },
{ "type": "Feature", "properties": { "학교": "중앙대", "u": "2829530617", "v": "2829530641", "key": 0, "osmid": "278615368", "name": "흑석로5길", "highway": "service", "length": 140.2, "validation_status": "validated", "tmap_hit_routes": 1 }, "geometry": { "type": "LineString", "coordinates": [ [ 126.958945, 37.5101738 ], [ 126.95896, 37.5100829 ], [ 126.9590963, 37.5096023 ], [ 126.959069700000015, 37.5095358 ], [ 126.958753, 37.5093959 ], [ 126.95866860000001, 37.5093035 ], [ 126.958670400000017, 37.5090982 ] ] } },
{ "type": "Feature", "properties": { "학교": "중앙대", "u": "2829530617", "v": "4613243677", "key": 0, "osmid": "466546139", "name": "흑석로11길", "highway": "service", "length": 104.6, "validation_status": "unobserved", "tmap_hit_routes": 0 }, "geometry": { "type": "LineString", "coordinates": [ [ 126.95960980000001, 37.50854 ], [ 126.9592847, 37.5087876 ], [ 126.9591199, 37.508913100000015 ], [ 126.958670400000017, 37.5090982 ] ] } },
{ "type": "Feature", "properties": { "학교": "중앙대", "u": "2829530641", "v": "2829530643", "key": 0, "osmid": "278615371", "name": "흑석로13길", "highway": "residential", "length": 110.6, "validation_status": "validated", "tmap_hit_routes": 2 }, "geometry": { "type": "LineString", "coordinates": [ [ 126.9600387, 37.5096884 ], [ 126.9591182, 37.510112199999988 ], [ 126.958945, 37.5101738 ] ] } },
{ "type": "Feature", "properties": { "학교": "중앙대", "u": "2829530641", "v": "4613243622", "key": 0, "osmid": "466546133", "name": "흑석로13길", "highway": "residential", "length": 55.4, "validation_status": "unobserved", "tmap_hit_routes": 0 }, "geometry": { "type": "LineString", "coordinates": [ [ 126.9585643, 37.510548 ], [ 126.9586133, 37.5105217 ], [ 126.9588276, 37.510218 ], [ 126.958945, 37.5101738 ] ] } },
{ "type": "Feature", "properties": { "학교": "중앙대", "u": "4613243677", "v": "2829530643", "key": 0, "osmid": "278615376", "name": "흑석로13마길", "highway": "service", "length": 147.7, "validation_status": "validated", "tmap_hit_routes": 2 }, "geometry": { "type": "LineString", "coordinates": [ [ 126.9600387, 37.5096884 ], [ 126.9598077, 37.5094517 ], [ 126.9595604, 37.5092607 ], [ 126.9597157, 37.5088361 ], [ 126.959717500000011, 37.5087795 ], [ 126.959644800000021, 37.5085816 ], [ 126.95960980000001, 37.50854 ] ] } },
{ "type": "Feature", "properties": { "학교": "중앙대", "u": "4613243677", "v": "4613247245", "key": 0, "osmid": "466546474", "name": "흑석로11길", "highway": "residential", "length": 83.2, "validation_status": "validated", "tmap_hit_routes": 1 }, "geometry": { "type": "LineString", "coordinates": [ [ 126.96022720000002, 37.5079745 ], [ 126.9601815, 37.5080227 ], [ 126.95960980000001, 37.50854 ] ] } },
{ "type": "Feature", "properties": { "학교": "중앙대", "u": "4613243677", "v": "4178779526", "key": 0, "osmid": "466546475", "name": "흑석로13마길", "highway": "service", "length": 39.5, "validation_status": "validated", "tmap_hit_routes": 1 }, "geometry": { "type": "LineString", "coordinates": [ [ 126.9592892, 37.5082926 ], [ 126.9595014, 37.5084632 ], [ 126.95960980000001, 37.50854 ] ] } },
{ "type": "Feature", "properties": { "학교": "중앙대", "u": "4613243837", "v": "4613243825", "key": 0, "osmid": "285364023", "name": "흑석로6길", "highway": "residential", "length": 44.8, "validation_status": "validated", "tmap_hit_routes": 3 }, "geometry": { "type": "LineString", "coordinates": [ [ 126.9571176, 37.5060467 ], [ 126.9571283, 37.5064499 ] ] } },
{ "type": "Feature", "properties": { "학교": "중앙대", "u": "4613243837", "v": "4613243835", "key": 0, "osmid": "466546145", "name": "흑석로6가길", "highway": "service", "length": 73.5, "validation_status": "validated", "tmap_hit_routes": 2 }, "geometry": { "type": "LineString", "coordinates": [ [ 126.9564339, 37.5060932 ], [ 126.9569709, 37.5064066 ], [ 126.9571283, 37.5064499 ] ] } },
{ "type": "Feature", "properties": { "학교": "중앙대", "u": "2890319153", "v": "4613247240", "key": 0, "osmid": "470199635", "name": "흑석로", "highway": "tertiary", "length": 62.9, "validation_status": "validated", "tmap_hit_routes": 40 }, "geometry": { "type": "LineString", "coordinates": [ [ 126.959073100000012, 37.5071863 ], [ 126.9588731, 37.5070887 ], [ 126.95864610000001, 37.5069641 ], [ 126.958578099999983, 37.5069309 ], [ 126.9584674, 37.506889 ] ] } },
{ "type": "Feature", "properties": { "학교": "중앙대", "u": "2829530628", "v": "2829530629", "key": 0, "osmid": "278615366", "name": "흑석로9길", "highway": "residential", "length": 44.0, "validation_status": "validated", "tmap_hit_routes": 7 }, "geometry": { "type": "LineString", "coordinates": [ [ 126.9597449, 37.507702200000011 ], [ 126.9601302, 37.50754 ], [ 126.9601712, 37.5075028 ] ] } },
{ "type": "Feature", "properties": { "학교": "중앙대", "u": "2829530628", "v": "4613243821", "key": 0, "osmid": "466546142", "name": "흑석로10길", "highway": "residential", "length": 83.4, "validation_status": "validated", "tmap_hit_routes": 19 }, "geometry": { "type": "LineString", "coordinates": [ [ 126.9601, 37.5067933 ], [ 126.9601132, 37.5068143 ], [ 126.9601776, 37.5071543 ], [ 126.9602375, 37.5074516 ], [ 126.9602233, 37.5074872 ], [ 126.9601712, 37.5075028 ] ] } },
{ "type": "Feature", "properties": { "학교": "중앙대", "u": "2829530628", "v": "4613243679", "key": 0, "osmid": "470199635", "name": "흑석로", "highway": "tertiary", "length": 36.8, "validation_status": "validated", "tmap_hit_routes": 28 }, "geometry": { "type": "LineString", "coordinates": [ [ 126.9605607, 37.5076214 ], [ 126.960261700000018, 37.5075335 ], [ 126.9601712, 37.5075028 ] ] } },
{ "type": "Feature", "properties": { "학교": "중앙대", "u": "2829530628", "v": "4613243823", "key": 0, "osmid": "470199635", "name": "흑석로", "highway": "tertiary", "length": 67.3, "validation_status": "validated", "tmap_hit_routes": 28 }, "geometry": { "type": "LineString", "coordinates": [ [ 126.959474400000019, 37.5072593 ], [ 126.95960239999998, 37.5072881 ], [ 126.9601712, 37.5075028 ] ] } },
{ "type": "Feature", "properties": { "학교": "중앙대", "u": "2829530629", "v": "8323580239", "key": 0, "osmid": "466546476", "name": "흑석로13가길", "highway": "service", "length": 23.7, "validation_status": "unobserved", "tmap_hit_routes": 0 }, "geometry": { "type": "LineString", "coordinates": [ [ 126.9596232, 37.5075119 ], [ 126.9597449, 37.507702200000011 ] ] } },
{ "type": "Feature", "properties": { "학교": "중앙대", "u": "2829530629", "v": "10232792229", "key": 0, "osmid": "278615366", "name": "흑석로9길", "highway": "residential", "length": 33.6, "validation_status": "unobserved", "tmap_hit_routes": 0 }, "geometry": { "type": "LineString", "coordinates": [ [ 126.9593711, 37.5077596 ], [ 126.9595249, 37.5077447 ], [ 126.9597449, 37.507702200000011 ] ] } },
{ "type": "Feature", "properties": { "학교": "중앙대", "u": "2829530629", "v": "4613247245", "key": 0, "osmid": "466546476", "name": "흑석로13가길", "highway": "service", "length": 53.2, "validation_status": "unobserved", "tmap_hit_routes": 0 }, "geometry": { "type": "LineString", "coordinates": [ [ 126.96022720000002, 37.5079745 ], [ 126.9598896, 37.507839 ], [ 126.9597449, 37.507702200000011 ] ] } },
{ "type": "Feature", "properties": { "학교": "중앙대", "u": "4613243821", "v": "4613243823", "key": 0, "osmid": [ 466546142, 466546143 ], "name": [ "흑석로8길", "흑석로10길" ], "highway": "residential", "length": 108.2, "validation_status": "validated", "tmap_hit_routes": 21 }, "geometry": { "type": "LineString", "coordinates": [ [ 126.959474400000019, 37.5072593 ], [ 126.959636599999982, 37.5066841 ], [ 126.9601, 37.5067933 ] ] } },
{ "type": "Feature", "properties": { "학교": "중앙대", "u": "4613243821", "v": "10232790207", "key": 0, "osmid": "1118866494", "name": "", "highway": "service", "length": 63.2, "validation_status": "validated", "tmap_hit_routes": 1 }, "geometry": { "type": "LineString", "coordinates": [ [ 126.9597652, 37.5062923 ], [ 126.95986, 37.5064687 ], [ 126.9599928, 37.5066426 ], [ 126.9601, 37.5067933 ] ] } },
{ "type": "Feature", "properties": { "학교": "중앙대", "u": "4613243679", "v": "5106672540", "key": 0, "osmid": "466546474", "name": "흑석로11길", "highway": "residential", "length": 3.4, "validation_status": "unobserved", "tmap_hit_routes": 0 }, "geometry": { "type": "LineString", "coordinates": [ [ 126.9605383, 37.507646400000013 ], [ 126.9605607, 37.5076214 ] ] } },
{ "type": "Feature", "properties": { "학교": "중앙대", "u": "4613243823", "v": "8323580239", "key": 0, "osmid": "466546476", "name": "흑석로13가길", "highway": "service", "length": 31.0, "validation_status": "validated", "tmap_hit_routes": 7 }, "geometry": { "type": "LineString", "coordinates": [ [ 126.9596232, 37.5075119 ], [ 126.959474400000019, 37.5072593 ] ] } },
{ "type": "Feature", "properties": { "학교": "중앙대", "u": "4613243823", "v": "7775271120", "key": 0, "osmid": "470199635", "name": "흑석로", "highway": "tertiary", "length": 23.7, "validation_status": "validated", "tmap_hit_routes": 30 }, "geometry": { "type": "LineString", "coordinates": [ [ 126.9592115, 37.507215 ], [ 126.9592886, 37.5072282 ], [ 126.959474400000019, 37.5072593 ] ] } },
{ "type": "Feature", "properties": { "학교": "중앙대", "u": "8323580239", "v": "7775271120", "key": 0, "osmid": "895444307", "name": "", "highway": "service", "length": 62.6, "validation_status": "unobserved", "tmap_hit_routes": 0 }, "geometry": { "type": "LineString", "coordinates": [ [ 126.9592115, 37.507215 ], [ 126.95922250000001, 37.507349 ], [ 126.9593743, 37.507541 ], [ 126.9594798, 37.5075429 ], [ 126.9596232, 37.5075119 ] ] } },
{ "type": "Feature", "properties": { "학교": "중앙대", "u": "10232792229", "v": "2829530668", "key": 0, "osmid": "278615366", "name": "흑석로9길", "highway": "residential", "length": 43.6, "validation_status": "unobserved", "tmap_hit_routes": 0 }, "geometry": { "type": "LineString", "coordinates": [ [ 126.958888200000018, 37.5078353 ], [ 126.959100099999986, 37.507786 ], [ 126.9593711, 37.5077596 ] ] } },
{ "type": "Feature", "properties": { "학교": "중앙대", "u": "10232792229", "v": "4613247241", "key": 0, "osmid": "1118866495", "name": "", "highway": "service", "length": 59.4, "validation_status": "unobserved", "tmap_hit_routes": 0 }, "geometry": { "type": "LineString", "coordinates": [ [ 126.959014, 37.5073099 ], [ 126.9590753, 37.5073584 ], [ 126.9593271, 37.5076776 ], [ 126.9593711, 37.5077596 ] ] } },
{ "type": "Feature", "properties": { "학교": "중앙대", "u": "4613247245", "v": "5106672540", "key": 0, "osmid": "466546474", "name": "흑석로11길", "highway": "residential", "length": 45.7, "validation_status": "validated", "tmap_hit_routes": 5 }, "geometry": { "type": "LineString", "coordinates": [ [ 126.9605383, 37.507646400000013 ], [ 126.96022720000002, 37.5079745 ] ] } },
{ "type": "Feature", "properties": { "학교": "중앙대", "u": "4613247245", "v": "4613247248", "key": 0, "osmid": "466546476", "name": "흑석로13가길", "highway": "service", "length": 132.1, "validation_status": "validated", "tmap_hit_routes": 2 }, "geometry": { "type": "LineString", "coordinates": [ [ 126.9613172, 37.508721100000017 ], [ 126.960696100000021, 37.5085005 ], [ 126.960583900000017, 37.508407099999985 ], [ 126.960481699999988, 37.508238100000014 ], [ 126.96022720000002, 37.5079745 ] ] } },
{ "type": "Feature", "properties": { "학교": "중앙대", "u": "2829530643", "v": "10232790156", "key": 0, "osmid": "278615374", "name": "흑석로", "highway": "tertiary", "length": 65.6, "validation_status": "validated", "tmap_hit_routes": 3 }, "geometry": { "type": "LineString", "coordinates": [ [ 126.960674800000021, 37.5093825 ], [ 126.9600387, 37.5096884 ] ] } },
{ "type": "Feature", "properties": { "학교": "중앙대", "u": "2829530643", "v": "5819694070", "key": 0, "osmid": "278615372", "name": "현충로4길", "highway": "tertiary", "length": 79.0, "validation_status": "unobserved", "tmap_hit_routes": 0 }, "geometry": { "type": "LineString", "coordinates": [ [ 126.9605879, 37.5102498 ], [ 126.9604299, 37.5100852 ], [ 126.9603016, 37.5099536 ], [ 126.9600387, 37.5096884 ] ] } },
{ "type": "Feature", "properties": { "학교": "중앙대", "u": "4613243622", "v": "4613243675", "key": 2, "osmid": [ 466546138, 466546133 ], "name": [ "흑석로13길", "흑석로3가길" ], "highway": [ "residential", "service" ], "length": 142.8, "validation_status": "unobserved", "tmap_hit_routes": 0 }, "geometry": { "type": "LineString", "coordinates": [ [ 126.9585643, 37.510548 ], [ 126.95850369999998, 37.5106275 ], [ 126.958301, 37.510580300000015 ], [ 126.9582399, 37.510507800000013 ], [ 126.958206600000011, 37.5103561 ], [ 126.9580864, 37.5099949 ], [ 126.95800850000002, 37.5097658 ], [ 126.9580855, 37.5096049 ] ] } },
{ "type": "Feature", "properties": { "학교": "중앙대", "u": "4613243622", "v": "4613243675", "key": 3, "osmid": "466546136", "name": "흑석로3길", "highway": "service", "length": 132.8, "validation_status": "unobserved", "tmap_hit_routes": 0 }, "geometry": { "type": "LineString", "coordinates": [ [ 126.9585643, 37.510548 ], [ 126.9585315, 37.5103418 ], [ 126.958503, 37.5100386 ], [ 126.9585219, 37.5098189 ], [ 126.958504, 37.509703400000021 ], [ 126.9580855, 37.5096049 ] ] } },
{ "type": "Feature", "properties": { "학교": "중앙대", "u": "10232790156", "v": "10232790157", "key": 0, "osmid": "278615374", "name": "흑석로", "highway": "tertiary", "length": 55.7, "validation_status": "validated", "tmap_hit_routes": 1 }, "geometry": { "type": "LineString", "coordinates": [ [ 126.961214600000019, 37.509123 ], [ 126.960674800000021, 37.5093825 ] ] } },
{ "type": "Feature", "properties": { "학교": "중앙대", "u": "10232790156", "v": "10232790154", "key": 0, "osmid": "1118866490", "name": "", "highway": "service", "length": 67.1, "validation_status": "validated", "tmap_hit_routes": 2 }, "geometry": { "type": "LineString", "coordinates": [ [ 126.9611401, 37.50901910000001 ], [ 126.9606078, 37.5093075 ], [ 126.960674800000021, 37.5093825 ] ] } },
{ "type": "Feature", "properties": { "학교": "중앙대", "u": "5819694070", "v": "5819694071", "key": 0, "osmid": "615435489", "name": "", "highway": "service", "length": 29.6, "validation_status": "unobserved", "tmap_hit_routes": 0 }, "geometry": { "type": "LineString", "coordinates": [ [ 126.9603117, 37.5104017 ], [ 126.9605879, 37.5102498 ] ] } },
{ "type": "Feature", "properties": { "학교": "중앙대", "u": "5819694070", "v": "5819694072", "key": 0, "osmid": "615435490", "name": "", "highway": "service", "length": 23.7, "validation_status": "unobserved", "tmap_hit_routes": 0 }, "geometry": { "type": "LineString", "coordinates": [ [ 126.9608034, 37.5101226 ], [ 126.9605879, 37.5102498 ] ] } },
{ "type": "Feature", "properties": { "학교": "중앙대", "u": "4613243640", "v": "13392265472", "key": 0, "osmid": "219745446", "name": "현충로", "highway": "primary", "length": 228.3, "validation_status": "unobserved", "tmap_hit_routes": 0 }, "geometry": { "type": "LineString", "coordinates": [ [ 126.958621800000017, 37.5123361 ], [ 126.9598243, 37.5120226 ], [ 126.9600845, 37.5119531 ], [ 126.9603452, 37.5118722 ], [ 126.960768700000017, 37.5116852 ], [ 126.9610049, 37.5115603 ] ] } },
{ "type": "Feature", "properties": { "학교": "중앙대", "u": "4613243640", "v": "4613243641", "key": 0, "osmid": "466546135", "name": "현충로2길", "highway": "service", "length": 49.1, "validation_status": "unobserved", "tmap_hit_routes": 0 }, "geometry": { "type": "LineString", "coordinates": [ [ 126.9606276, 37.511235599999985 ], [ 126.960866900000013, 37.5114416 ], [ 126.9610049, 37.5115603 ] ] } },
{ "type": "Feature", "properties": { "학교": "중앙대", "u": "2829530656", "v": "10232790157", "key": 0, "osmid": "278615374", "name": "흑석로", "highway": "tertiary", "length": 48.5, "validation_status": "validated", "tmap_hit_routes": 3 }, "geometry": { "type": "LineString", "coordinates": [ [ 126.961214600000019, 37.509123 ], [ 126.9616846, 37.508897 ] ] } },
{ "type": "Feature", "properties": { "학교": "중앙대", "u": "10232790157", "v": "10232790154", "key": 0, "osmid": "1118866490", "name": "", "highway": "service", "length": 13.3, "validation_status": "validated", "tmap_hit_routes": 2 }, "geometry": { "type": "LineString", "coordinates": [ [ 126.9611401, 37.50901910000001 ], [ 126.961214600000019, 37.509123 ] ] } },
{ "type": "Feature", "properties": { "학교": "중앙대", "u": "4613247248", "v": "10232790154", "key": 0, "osmid": "1118866489", "name": "흑석로13길", "highway": "service", "length": 38.5, "validation_status": "validated", "tmap_hit_routes": 2 }, "geometry": { "type": "LineString", "coordinates": [ [ 126.9611401, 37.50901910000001 ], [ 126.961118, 37.5089841 ], [ 126.9613172, 37.508721100000017 ] ] } },
{ "type": "Feature", "properties": { "학교": "중앙대", "u": "2829530668", "v": "4613247241", "key": 0, "osmid": "466546475", "name": "흑석로13마길", "highway": "service", "length": 79.4, "validation_status": "validated", "tmap_hit_routes": 1 }, "geometry": { "type": "LineString", "coordinates": [ [ 126.959014, 37.5073099 ], [ 126.9586498, 37.507574699999985 ], [ 126.958888200000018, 37.5078353 ] ] } },
{ "type": "Feature", "properties": { "학교": "중앙대", "u": "2829530668", "v": "4178779526", "key": 0, "osmid": "466546475", "name": "흑석로13마길", "highway": "service", "length": 62.9, "validation_status": "unobserved", "tmap_hit_routes": 0 }, "geometry": { "type": "LineString", "coordinates": [ [ 126.9592892, 37.5082926 ], [ 126.958929, 37.5079535 ], [ 126.958888200000018, 37.5078353 ] ] } },
{ "type": "Feature", "properties": { "학교": "중앙대", "u": "4613247241", "v": "4613247240", "key": 0, "osmid": "466546475", "name": "흑석로13마길", "highway": "service", "length": 14.7, "validation_status": "validated", "tmap_hit_routes": 1 }, "geometry": { "type": "LineString", "coordinates": [ [ 126.959073100000012, 37.5071863 ], [ 126.959014, 37.5073099 ] ] } },
{ "type": "Feature", "properties": { "학교": "중앙대", "u": "4178779526", "v": "4178779528", "key": 0, "osmid": "466546473", "name": "흑석로13바길", "highway": "service", "length": 52.3, "validation_status": "unobserved", "tmap_hit_routes": 0 }, "geometry": { "type": "LineString", "coordinates": [ [ 126.9587489, 37.5084853 ], [ 126.9589352, 37.5084305 ], [ 126.9592892, 37.5082926 ] ] } },
{ "type": "Feature", "properties": { "학교": "중앙대", "u": "10265961153", "v": "10265961154", "key": 0, "osmid": "1122453739", "name": "", "highway": "service", "length": 22.4, "validation_status": "unobserved", "tmap_hit_routes": 0 }, "geometry": { "type": "LineString", "coordinates": [ [ 126.9478883, 37.5038191 ], [ 126.9477461, 37.5039862 ] ] } },
{ "type": "Feature", "properties": { "학교": "중앙대", "u": "2890315769", "v": "8471989453", "key": 0, "osmid": "285364005", "name": "", "highway": "footway", "length": 16.2, "validation_status": "unobserved", "tmap_hit_routes": 0 }, "geometry": { "type": "LineString", "coordinates": [ [ 126.949113400000016, 37.5134668 ], [ 126.9492961, 37.5134519 ] ] } },
{ "type": "Feature", "properties": { "학교": "중앙대", "u": "8471989453", "v": "2890315771", "key": 0, "osmid": "285364006", "name": "", "highway": "footway", "length": 11.2, "validation_status": "unobserved", "tmap_hit_routes": 0 }, "geometry": { "type": "LineString", "coordinates": [ [ 126.9491256, 37.5135667 ], [ 126.949113400000016, 37.5134668 ] ] } },
{ "type": "Feature", "properties": { "학교": "중앙대", "u": "8471989453", "v": "2890315770", "key": 0, "osmid": "285364006", "name": "", "highway": "footway", "length": 12.4, "validation_status": "unobserved", "tmap_hit_routes": 0 }, "geometry": { "type": "LineString", "coordinates": [ [ 126.9490999, 37.5133556 ], [ 126.949113400000016, 37.5134668 ] ] } },
{ "type": "Feature", "properties": { "학교": "중앙대", "u": "8471989453", "v": "2890319021", "key": 0, "osmid": [ 285364010, 285364005 ], "name": "", "highway": [ "footway", "service" ], "length": 46.3, "validation_status": "unobserved", "tmap_hit_routes": 0 }, "geometry": { "type": "LineString", "coordinates": [ [ 126.948591300000018, 37.5135074 ], [ 126.9489342, 37.5134815 ], [ 126.949113400000016, 37.5134668 ] ] } },
{ "type": "Feature", "properties": { "학교": "중앙대", "u": "2890319021", "v": "8323580262", "key": 0, "osmid": "285364008", "name": "", "highway": "service", "length": 128.8, "validation_status": "unobserved", "tmap_hit_routes": 0 }, "geometry": { "type": "LineString", "coordinates": [ [ 126.9471924, 37.5135009 ], [ 126.9471946, 37.5135343 ], [ 126.94747940000002, 37.5134871 ], [ 126.947755, 37.513509300000024 ], [ 126.9480959, 37.51345 ], [ 126.948560599999979, 37.513501899999987 ], [ 126.948591300000018, 37.5135074 ] ] } },
{ "type": "Feature", "properties": { "학교": "중앙대", "u": "8323580262", "v": "3215381040", "key": 0, "osmid": "285364008", "name": "", "highway": "service", "length": 10.9, "validation_status": "unobserved", "tmap_hit_routes": 0 }, "geometry": { "type": "LineString", "coordinates": [ [ 126.947148, 37.513409 ], [ 126.9471924, 37.5135009 ] ] } },
{ "type": "Feature", "properties": { "학교": "중앙대", "u": "8323580262", "v": "8757685963", "key": 0, "osmid": "688383942", "name": "", "highway": "footway", "length": 45.9, "validation_status": "unobserved", "tmap_hit_routes": 0 }, "geometry": { "type": "LineString", "coordinates": [ [ 126.946690700000019, 37.5136098 ], [ 126.9471924, 37.5135009 ] ] } },
{ "type": "Feature", "properties": { "학교": "중앙대", "u": "8323580262", "v": "8323580264", "key": 0, "osmid": "688383942", "name": "", "highway": "footway", "length": 36.7, "validation_status": "unobserved", "tmap_hit_routes": 0 }, "geometry": { "type": "LineString", "coordinates": [ [ 126.9475936, 37.5134127 ], [ 126.9473048, 37.5134762 ], [ 126.9472409, 37.5134903 ], [ 126.9471924, 37.5135009 ] ] } },
{ "type": "Feature", "properties": { "학교": "중앙대", "u": "4613247240", "v": "7775271120", "key": 0, "osmid": "470199635", "name": "흑석로", "highway": "tertiary", "length": 12.6, "validation_status": "validated", "tmap_hit_routes": 30 }, "geometry": { "type": "LineString", "coordinates": [ [ 126.9592115, 37.507215 ], [ 126.959073100000012, 37.5071863 ] ] } },
{ "type": "Feature", "properties": { "학교": "중앙대", "u": "4613243825", "v": "6963043036", "key": 0, "osmid": "466546144", "name": "흑석로6길", "highway": "service", "length": 50.1, "validation_status": "validated", "tmap_hit_routes": 2 }, "geometry": { "type": "LineString", "coordinates": [ [ 126.9566583, 37.5057811 ], [ 126.9571176, 37.5060467 ] ] } },
{ "type": "Feature", "properties": { "학교": "중앙대", "u": "3119042897", "v": "3119042913", "key": 0, "osmid": "306877900", "name": "", "highway": "service", "length": 15.3, "validation_status": "unobserved", "tmap_hit_routes": 0 }, "geometry": { "type": "LineString", "coordinates": [ [ 126.9489034, 37.5095826 ], [ 126.94873459999998, 37.5096135 ] ] } },
{ "type": "Feature", "properties": { "학교": "중앙대", "u": "3119042897", "v": "3119042901", "key": 0, "osmid": "306877898", "name": "만양로12길", "highway": "residential", "length": 121.3, "validation_status": "unobserved", "tmap_hit_routes": 0 }, "geometry": { "type": "LineString", "coordinates": [ [ 126.948277299999987, 37.5105711 ], [ 126.94848690000002, 37.5097461 ], [ 126.94853449999998, 37.5096815 ], [ 126.948671899999979, 37.509624 ], [ 126.94873459999998, 37.5096135 ] ] } },
{ "type": "Feature", "properties": { "학교": "중앙대", "u": "3119042913", "v": "3119042915", "key": 0, "osmid": "306877900", "name": "", "highway": "service", "length": 170.1, "validation_status": "validated", "tmap_hit_routes": 1 }, "geometry": { "type": "LineString", "coordinates": [ [ 126.9507596, 37.5092323 ], [ 126.9505396, 37.5092018 ], [ 126.9489034, 37.5095826 ] ] } },
{ "type": "Feature", "properties": { "학교": "중앙대", "u": "3119042913", "v": "12056766167", "key": 0, "osmid": "466550145", "name": "노량진로22길", "highway": "residential", "length": 174.4, "validation_status": "unobserved", "tmap_hit_routes": 0 }, "geometry": { "type": "LineString", "coordinates": [ [ 126.9500524, 37.5104363 ], [ 126.949915, 37.5104298 ], [ 126.9496147, 37.5104868 ], [ 126.949442600000012, 37.5105036 ], [ 126.9493292, 37.5104928 ], [ 126.9492523, 37.510453 ], [ 126.9489034, 37.5095826 ] ] } },
{ "type": "Feature", "properties": { "학교": "중앙대", "u": "3119042901", "v": "4613466694", "key": 0, "osmid": "306877898", "name": "만양로12길", "highway": "residential", "length": 99.1, "validation_status": "unobserved", "tmap_hit_routes": 0 }, "geometry": { "type": "LineString", "coordinates": [ [ 126.947204, 37.510750800000018 ], [ 126.94785330000002, 37.510709799999987 ], [ 126.948221700000019, 37.5106259 ], [ 126.948277299999987, 37.5105711 ] ] } },
{ "type": "Feature", "properties": { "학교": "중앙대", "u": "3119042901", "v": "4613385576", "key": 0, "osmid": "466568427", "name": "만양로12가길", "highway": "service", "length": 250.0, "validation_status": "unobserved", "tmap_hit_routes": 0 }, "geometry": { "type": "LineString", "coordinates": [ [ 126.948232, 37.51184 ], [ 126.9482831, 37.512176 ], [ 126.948366099999987, 37.5121878 ], [ 126.9486772, 37.5118074 ], [ 126.9486772, 37.5115601 ], [ 126.948612499999982, 37.511392 ], [ 126.9483624, 37.5111914 ], [ 126.9482714, 37.5111176 ], [ 126.948220500000019, 37.5109989 ], [ 126.9482484, 37.510876900000021 ], [ 126.9483269, 37.5107867 ], [ 126.9483311, 37.510709 ], [ 126.948277299999987, 37.5105711 ] ] } },
{ "type": "Feature", "properties": { "학교": "중앙대", "u": "4613466694", "v": "4613466584", "key": 0, "osmid": "306877898", "name": "만양로12길", "highway": "residential", "length": 55.6, "validation_status": "unobserved", "tmap_hit_routes": 0 }, "geometry": { "type": "LineString", "coordinates": [ [ 126.9466087, 37.5105997 ], [ 126.9466453, 37.5106219 ], [ 126.94695990000001, 37.5107139 ], [ 126.947204, 37.510750800000018 ] ] } },
{ "type": "Feature", "properties": { "학교": "중앙대", "u": "4613466694", "v": "4613466700", "key": 0, "osmid": "466568427", "name": "만양로12가길", "highway": "service", "length": 101.5, "validation_status": "unobserved", "tmap_hit_routes": 0 }, "geometry": { "type": "LineString", "coordinates": [ [ 126.9479777, 37.5113748 ], [ 126.947949, 37.5113527 ], [ 126.947561199999981, 37.511178699999988 ], [ 126.9474205, 37.5110734 ], [ 126.9472831, 37.5109382 ], [ 126.947229, 37.5108633 ], [ 126.947204, 37.510750800000018 ] ] } },
{ "type": "Feature", "properties": { "학교": "중앙대", "u": "4613466694", "v": "12056780980", "key": 0, "osmid": "1301694834", "name": "", "highway": "service", "length": 20.8, "validation_status": "unobserved", "tmap_hit_routes": 0 }, "geometry": { "type": "LineString", "coordinates": [ [ 126.947260199999988, 37.5105706 ], [ 126.94723470000001, 37.510615600000023 ], [ 126.947204, 37.510750800000018 ] ] } },
{ "type": "Feature", "properties": { "학교": "중앙대", "u": "4613385576", "v": "4613466700", "key": 0, "osmid": "466568427", "name": "만양로12가길", "highway": "service", "length": 61.1, "validation_status": "unobserved", "tmap_hit_routes": 0 }, "geometry": { "type": "LineString", "coordinates": [ [ 126.9479777, 37.5113748 ], [ 126.9482296, 37.5115687 ], [ 126.9482336, 37.5117203 ], [ 126.948232, 37.51184 ] ] } },
{ "type": "Feature", "properties": { "학교": "중앙대", "u": "4613385576", "v": "4613385578", "key": 0, "osmid": "466572468", "name": "만양로14아길", "highway": "service", "length": 108.3, "validation_status": "unobserved", "tmap_hit_routes": 0 }, "geometry": { "type": "LineString", "coordinates": [ [ 126.9472442, 37.5118889 ], [ 126.94792120000001, 37.5121338 ], [ 126.948232, 37.51184 ] ] } },
{ "type": "Feature", "properties": { "학교": "중앙대", "u": "3119042915", "v": "12056780871", "key": 0, "osmid": "521226882", "name": "매봉로", "highway": "tertiary", "length": 92.8, "validation_status": "validated", "tmap_hit_routes": 1 }, "geometry": { "type": "LineString", "coordinates": [ [ 126.951028, 37.5099627 ], [ 126.9507833, 37.509730900000015 ], [ 126.950654900000018, 37.5094846 ], [ 126.9507596, 37.5092323 ] ] } },
{ "type": "Feature", "properties": { "학교": "중앙대", "u": "12056766167", "v": "4613387389", "key": 0, "osmid": "466550145", "name": "노량진로22길", "highway": "residential", "length": 69.2, "validation_status": "unobserved", "tmap_hit_routes": 0 }, "geometry": { "type": "LineString", "coordinates": [ [ 126.9502525, 37.5110263 ], [ 126.9502005, 37.5107353 ], [ 126.950131499999983, 37.5105101 ], [ 126.9500524, 37.5104363 ] ] } },
{ "type": "Feature", "properties": { "학교": "중앙대", "u": "12056766167", "v": "12056780871", "key": 0, "osmid": "1301694829", "name": "", "highway": "service", "length": 113.0, "validation_status": "validated", "tmap_hit_routes": 1 }, "geometry": { "type": "LineString", "coordinates": [ [ 126.951028, 37.5099627 ], [ 126.950298299999986, 37.5100905 ], [ 126.950187299999982, 37.5101354 ], [ 126.9501121, 37.5102198 ], [ 126.9500524, 37.5104363 ] ] } },
{ "type": "Feature", "properties": { "학교": "중앙대", "u": "12056780871", "v": "4613274881", "key": 0, "osmid": "521226882", "name": "매봉로", "highway": "tertiary", "length": 293.4, "validation_status": "unobserved", "tmap_hit_routes": 0 }, "geometry": { "type": "LineString", "coordinates": [ [ 126.9520587, 37.5123851 ], [ 126.951904200000016, 37.5120173 ], [ 126.9518792, 37.5119577 ], [ 126.9515585, 37.5116776 ], [ 126.9513811, 37.5114276 ], [ 126.9511079, 37.51057 ], [ 126.951156900000015, 37.510260700000011 ], [ 126.9511196, 37.5100495 ], [ 126.951028, 37.5099627 ] ] } },
{ "type": "Feature", "properties": { "학교": "중앙대", "u": "4613249956", "v": "8757719533", "key": 0, "osmid": "466546967", "name": "노량진로32길", "highway": "residential", "length": 9.8, "validation_status": "unobserved", "tmap_hit_routes": 0 }, "geometry": { "type": "LineString", "coordinates": [ [ 126.9561692, 37.5132224 ], [ 126.9561483, 37.5133092 ] ] } },
{ "type": "Feature", "properties": { "학교": "중앙대", "u": "4613249956", "v": "5211005698", "key": 0, "osmid": "315423465", "name": "", "highway": "primary_link", "length": 29.0, "validation_status": "unobserved", "tmap_hit_routes": 0 }, "geometry": { "type": "LineString", "coordinates": [ [ 126.9564676, 37.513269300000012 ], [ 126.9562824, 37.5133171 ], [ 126.9561483, 37.5133092 ] ] } },
{ "type": "Feature", "properties": { "학교": "중앙대", "u": "3215381040", "v": "8757685940", "key": 0, "osmid": "616215316", "name": "노량진로", "highway": "primary", "length": 213.3, "validation_status": "unobserved", "tmap_hit_routes": 0 }, "geometry": { "type": "LineString", "coordinates": [ [ 126.9494725, 37.5128819 ], [ 126.9482729, 37.5131415 ], [ 126.947148, 37.513409 ] ] } },
{ "type": "Feature", "properties": { "학교": "중앙대", "u": "8757685940", "v": "5826295506", "key": 0, "osmid": "616215316", "name": "노량진로", "highway": "primary", "length": 34.4, "validation_status": "unobserved", "tmap_hit_routes": 0 }, "geometry": { "type": "LineString", "coordinates": [ [ 126.949855600000021, 37.512824 ], [ 126.9494725, 37.5128819 ] ] } },
{ "type": "Feature", "properties": { "학교": "중앙대", "u": "8757685940", "v": "8757685962", "key": 0, "osmid": "946006028", "name": "", "highway": "footway", "length": 10.1, "validation_status": "unobserved", "tmap_hit_routes": 0 }, "geometry": { "type": "LineString", "coordinates": [ [ 126.9495151, 37.5129658 ], [ 126.9494725, 37.5128819 ] ] } },
{ "type": "Feature", "properties": { "학교": "중앙대", "u": "8757685940", "v": "8757685938", "key": 0, "osmid": "946006028", "name": "", "highway": "footway", "length": 7.7, "validation_status": "unobserved", "tmap_hit_routes": 0 }, "geometry": { "type": "LineString", "coordinates": [ [ 126.949455, 37.5128139 ], [ 126.9494725, 37.5128819 ] ] } },
{ "type": "Feature", "properties": { "학교": "중앙대", "u": "13281452472", "v": "13281452478", "key": 0, "osmid": "1447543645", "name": "", "highway": "service", "length": 64.3, "validation_status": "unobserved", "tmap_hit_routes": 0 }, "geometry": { "type": "LineString", "coordinates": [ [ 126.9504624, 37.4988896 ], [ 126.9503617, 37.4990235 ], [ 126.9503475, 37.4990479 ], [ 126.9503404, 37.4990818 ], [ 126.9503487, 37.4991072 ], [ 126.9503611, 37.4991228 ], [ 126.950698, 37.4992915 ] ] } },
{ "type": "Feature", "properties": { "학교": "중앙대", "u": "3337436851", "v": "3337436856", "key": 0, "osmid": "327031371", "name": "", "highway": "service", "length": 84.9, "validation_status": "unobserved", "tmap_hit_routes": 0 }, "geometry": { "type": "LineString", "coordinates": [ [ 126.949552399999988, 37.4984576 ], [ 126.9494103, 37.4983746 ], [ 126.949391500000019, 37.4983129 ], [ 126.949533700000018, 37.4981384 ], [ 126.949606100000011, 37.498140500000027 ], [ 126.949919900000012, 37.498298 ] ] } },
{ "type": "Feature", "properties": { "학교": "중앙대", "u": "3337436851", "v": "3337436860", "key": 0, "osmid": "327031375", "name": "", "highway": "service", "length": 83.4, "validation_status": "unobserved", "tmap_hit_routes": 0 }, "geometry": { "type": "LineString", "coordinates": [ [ 126.950019200000014, 37.4988534 ], [ 126.9501962, 37.498647 ], [ 126.9499923, 37.4985236 ], [ 126.9498394, 37.4984171 ], [ 126.949919900000012, 37.498298 ] ] } },
{ "type": "Feature", "properties": { "학교": "중앙대", "u": "11413637596", "v": "13597219419", "key": 0, "osmid": [ 1230724664, 1230724618 ], "name": "", "highway": "footway", "length": 16.7, "validation_status": "unobserved", "tmap_hit_routes": 0 }, "geometry": { "type": "LineString", "coordinates": [ [ 126.951367800000014, 37.4988022 ], [ 126.9512783, 37.4987439 ], [ 126.9513266, 37.4987001 ] ] } },
{ "type": "Feature", "properties": { "학교": "중앙대", "u": "12785639986", "v": "12791615943", "key": 0, "osmid": [ 1381099036, 1381653374 ], "name": "", "highway": "service", "length": 164.9, "validation_status": "unobserved", "tmap_hit_routes": 0 }, "geometry": { "type": "LineString", "coordinates": [ [ 126.9573012, 37.497427100000024 ], [ 126.957014200000017, 37.4977132 ], [ 126.9569872, 37.497723 ], [ 126.9556817, 37.4977637 ], [ 126.955610100000015, 37.4977702 ] ] } },
{ "type": "Feature", "properties": { "학교": "중앙대", "u": "12785639986", "v": "12794284418", "key": 0, "osmid": "1381099036", "name": "", "highway": "service", "length": 107.3, "validation_status": "unobserved", "tmap_hit_routes": 0 }, "geometry": { "type": "LineString", "coordinates": [ [ 126.955324500000017, 37.4969441 ], [ 126.9553927, 37.4977004 ], [ 126.955402, 37.4977249 ], [ 126.9554235, 37.497743 ], [ 126.955518699999985, 37.4977786 ], [ 126.955610100000015, 37.4977702 ] ] } },
{ "type": "Feature", "properties": { "학교": "중앙대", "u": "4612845666", "v": "4612824428", "key": 0, "osmid": "466498684", "name": "서달로14나길", "highway": "residential", "length": 23.6, "validation_status": "validated", "tmap_hit_routes": 1 }, "geometry": { "type": "LineString", "coordinates": [ [ 126.963863299999986, 37.5077778 ], [ 126.964032499999988, 37.5079425 ] ] } },
{ "type": "Feature", "properties": { "학교": "중앙대", "u": "4612845666", "v": "3888649126", "key": 0, "osmid": "385515536", "name": "서달로14길", "highway": "residential", "length": 57.6, "validation_status": "validated", "tmap_hit_routes": 1 }, "geometry": { "type": "LineString", "coordinates": [ [ 126.9645601, 37.507641900000017 ], [ 126.964254299999979, 37.5078483 ], [ 126.964032499999988, 37.5079425 ] ] } },
{ "type": "Feature", "properties": { "학교": "중앙대", "u": "3888649126", "v": "3888649127", "key": 0, "osmid": "385515536", "name": "서달로14길", "highway": "residential", "length": 35.4, "validation_status": "validated", "tmap_hit_routes": 1 }, "geometry": { "type": "LineString", "coordinates": [ [ 126.9648824, 37.5074527 ], [ 126.9645601, 37.507641900000017 ] ] } },
{ "type": "Feature", "properties": { "학교": "중앙대", "u": "3888649126", "v": "4612824440", "key": 0, "osmid": "466501851", "name": "서달로14마길", "highway": "service", "length": 70.8, "validation_status": "unobserved", "tmap_hit_routes": 0 }, "geometry": { "type": "LineString", "coordinates": [ [ 126.96429670000002, 37.507138100000013 ], [ 126.9643438, 37.5072091 ], [ 126.9642464, 37.5072388 ], [ 126.9645601, 37.507641900000017 ] ] } },
{ "type": "Feature", "properties": { "학교": "중앙대", "u": "3888649127", "v": "4612824441", "key": 0, "osmid": "466501845", "name": "서달로14바길", "highway": "service", "length": 48.2, "validation_status": "validated", "tmap_hit_routes": 1 }, "geometry": { "type": "LineString", "coordinates": [ [ 126.9645261, 37.5071239 ], [ 126.9648824, 37.5074527 ] ] } },
{ "type": "Feature", "properties": { "학교": "중앙대", "u": "4612824440", "v": "4612824433", "key": 0, "osmid": "466501851", "name": "서달로14마길", "highway": "service", "length": 44.9, "validation_status": "unobserved", "tmap_hit_routes": 0 }, "geometry": { "type": "LineString", "coordinates": [ [ 126.964268200000021, 37.5067411 ], [ 126.9642604, 37.5070833 ], [ 126.96429670000002, 37.507138100000013 ] ] } },
{ "type": "Feature", "properties": { "학교": "중앙대", "u": "4612824440", "v": "4612824438", "key": 0, "osmid": "466501854", "name": "서달로14마길", "highway": "service", "length": 48.9, "validation_status": "unobserved", "tmap_hit_routes": 0 }, "geometry": { "type": "LineString", "coordinates": [ [ 126.9637697, 37.507271200000019 ], [ 126.9641784, 37.5071579 ], [ 126.96429670000002, 37.507138100000013 ] ] } },
{ "type": "Feature", "properties": { "학교": "중앙대", "u": "4612824441", "v": "4612824427", "key": 0, "osmid": "466501845", "name": "서달로14바길", "highway": "service", "length": 44.5, "validation_status": "validated", "tmap_hit_routes": 1 }, "geometry": { "type": "LineString", "coordinates": [ [ 126.9644927, 37.5067402 ], [ 126.964472099999981, 37.5070741 ], [ 126.9645261, 37.5071239 ] ] } },
{ "type": "Feature", "properties": { "학교": "중앙대", "u": "4612824441", "v": "4612824444", "key": 0, "osmid": "466501856", "name": "서달로14바길", "highway": "service", "length": 68.3, "validation_status": "unobserved", "tmap_hit_routes": 0 }, "geometry": { "type": "LineString", "coordinates": [ [ 126.9651364, 37.5070645 ], [ 126.9649487, 37.5071214 ], [ 126.9648666, 37.5069849 ], [ 126.9645261, 37.5071239 ] ] } },
{ "type": "Feature", "properties": { "학교": "중앙대", "u": "4612824444", "v": "3888649131", "key": 0, "osmid": "385515534", "name": "서달로14사길", "highway": "residential", "length": 31.0, "validation_status": "unobserved", "tmap_hit_routes": 0 }, "geometry": { "type": "LineString", "coordinates": [ [ 126.9651038, 37.506789499999989 ], [ 126.9651025, 37.506971600000021 ], [ 126.9651364, 37.5070645 ] ] } },
{ "type": "Feature", "properties": { "학교": "중앙대", "u": "4612824445", "v": "4612824446", "key": 0, "osmid": "466501857", "name": "서달로14길", "highway": "service", "length": 20.7, "validation_status": "unobserved", "tmap_hit_routes": 0 }, "geometry": { "type": "LineString", "coordinates": [ [ 126.965529300000014, 37.5070871 ], [ 126.9656758, 37.5072326 ] ] } },
{ "type": "Feature", "properties": { "학교": "중앙대", "u": "3888649131", "v": "4611290232", "key": 0, "osmid": "385515539", "name": "서달로14라길", "highway": "residential", "length": 51.7, "validation_status": "unobserved", "tmap_hit_routes": 0 }, "geometry": { "type": "LineString", "coordinates": [ [ 126.965652299999988, 37.506626 ], [ 126.9654587, 37.5066884 ], [ 126.9651038, 37.506789499999989 ] ] } },
{ "type": "Feature", "properties": { "학교": "중앙대", "u": "3888649131", "v": "6215701890", "key": 0, "osmid": "385515539", "name": "서달로14라길", "highway": "residential", "length": 19.4, "validation_status": "unobserved", "tmap_hit_routes": 0 }, "geometry": { "type": "LineString", "coordinates": [ [ 126.9648849, 37.5067717 ], [ 126.964944500000016, 37.5067773 ], [ 126.9651038, 37.506789499999989 ] ] } },
{ "type": "Feature", "properties": { "학교": "중앙대", "u": "4611290232", "v": "3888649136", "key": 0, "osmid": "385515539", "name": "서달로14라길", "highway": "residential", "length": 94.1, "validation_status": "validated", "tmap_hit_routes": 1 }, "geometry": { "type": "LineString", "coordinates": [ [ 126.9665933, 37.5062586 ], [ 126.966159200000021, 37.5063512 ], [ 126.9659232, 37.5064927 ], [ 126.965757599999989, 37.506592 ], [ 126.965652299999988, 37.506626 ] ] } },
{ "type": "Feature", "properties": { "학교": "중앙대", "u": "4611290232", "v": "4611290226", "key": 0, "osmid": "466296839", "name": "현충로6길", "highway": "service", "length": 84.7, "validation_status": "validated", "tmap_hit_routes": 2 }, "geometry": { "type": "LineString", "coordinates": [ [ 126.9662712, 37.507186500000017 ], [ 126.9661057, 37.507 ], [ 126.966022200000012, 37.5069631 ], [ 126.965845500000015, 37.5068577 ], [ 126.9657538, 37.506786 ], [ 126.9656853, 37.506704499999984 ], [ 126.965652299999988, 37.506626 ] ] } },
{ "type": "Feature", "properties": { "학교": "중앙대", "u": "6215701890", "v": "6215701891", "key": 0, "osmid": "664079165", "name": "", "highway": "service", "length": 16.4, "validation_status": "unobserved", "tmap_hit_routes": 0 }, "geometry": { "type": "LineString", "coordinates": [ [ 126.964798700000017, 37.5066409 ], [ 126.9648849, 37.5067717 ] ] } },
{ "type": "Feature", "properties": { "학교": "중앙대", "u": "6215701890", "v": "4612824427", "key": 0, "osmid": "385515539", "name": "서달로14라길", "highway": "residential", "length": 34.8, "validation_status": "unobserved", "tmap_hit_routes": 0 }, "geometry": { "type": "LineString", "coordinates": [ [ 126.9644927, 37.5067402 ], [ 126.9646679, 37.5067512 ], [ 126.9648849, 37.5067717 ] ] } },
{ "type": "Feature", "properties": { "학교": "중앙대", "u": "3888649136", "v": "4611246528", "key": 0, "osmid": "385515537", "name": "흑석한강로", "highway": "tertiary", "length": 79.5, "validation_status": "validated", "tmap_hit_routes": 1 }, "geometry": { "type": "LineString", "coordinates": [ [ 126.9670279, 37.5068846 ], [ 126.9665933, 37.5062586 ] ] } },
{ "type": "Feature", "properties": { "학교": "중앙대", "u": "3888649136", "v": "3888649139", "key": 0, "osmid": "385515537", "name": "흑석한강로", "highway": "tertiary", "length": 71.6, "validation_status": "validated", "tmap_hit_routes": 1 }, "geometry": { "type": "LineString", "coordinates": [ [ 126.9662642, 37.50567 ], [ 126.9665933, 37.5062586 ] ] } },
{ "type": "Feature", "properties": { "학교": "중앙대", "u": "4611246528", "v": "8482522490", "key": 0, "osmid": "521182519", "name": "현충로", "highway": "primary", "length": 20.8, "validation_status": "unobserved", "tmap_hit_routes": 0 }, "geometry": { "type": "LineString", "coordinates": [ [ 126.966817299999988, 37.506969 ], [ 126.9670279, 37.5068846 ] ] } },
{ "type": "Feature", "properties": { "학교": "중앙대", "u": "4611246528", "v": "4851352337", "key": 0, "osmid": "493204660", "name": "", "highway": "service", "length": 91.5, "validation_status": "unobserved", "tmap_hit_routes": 0 }, "geometry": { "type": "LineString", "coordinates": [ [ 126.9668191, 37.5060988 ], [ 126.96681150000002, 37.5061717 ], [ 126.9670395, 37.5066018 ], [ 126.9670279, 37.5068846 ] ] } },
{ "type": "Feature", "properties": { "학교": "중앙대", "u": "3888649139", "v": "4611303880", "key": 0, "osmid": [ 385515537, 1122019318 ], "name": "흑석한강로", "highway": [ "tertiary", "residential" ], "length": 339.7, "validation_status": "validated", "tmap_hit_routes": 3 }, "geometry": { "type": "LineString", "coordinates": [ [ 126.9643982, 37.5031809 ], [ 126.964418599999988, 37.5032079 ], [ 126.9644451, 37.5032289 ], [ 126.9644832, 37.5032427 ], [ 126.96468179999998, 37.5032973 ], [ 126.964934, 37.5033909 ], [ 126.9650362, 37.5035126 ], [ 126.965105600000015, 37.5035952 ], [ 126.9651415, 37.5036805 ], [ 126.9652022, 37.503825 ], [ 126.9652297, 37.503922 ], [ 126.965288, 37.5042335 ], [ 126.9653503, 37.5044812 ], [ 126.9654516, 37.5048048 ], [ 126.9656248, 37.505005 ], [ 126.965936400000018, 37.5052544 ], [ 126.9661238, 37.50550590000001 ], [ 126.9662642, 37.50567 ] ] } },
{ "type": "Feature", "properties": { "학교": "중앙대", "u": "3888649139", "v": "6215701774", "key": 0, "osmid": [ 664079158, 664079159 ], "name": "", "highway": "service", "length": 87.9, "validation_status": "validated", "tmap_hit_routes": 1 }, "geometry": { "type": "LineString", "coordinates": [ [ 126.9654997, 37.5059788 ], [ 126.9655453, 37.5060171 ], [ 126.9655963, 37.5060363 ], [ 126.965658, 37.506038400000016 ], [ 126.965700900000016, 37.506015 ], [ 126.96573309999998, 37.505987300000015 ], [ 126.965743800000013, 37.5059575 ], [ 126.9657975, 37.50583630000002 ], [ 126.9662642, 37.50567 ] ] } },
{ "type": "Feature", "properties": { "학교": "중앙대", "u": "3888649139", "v": "11750061048", "key": 0, "osmid": "1264762614", "name": "현충로10길", "highway": "residential", "length": 108.3, "validation_status": "unobserved", "tmap_hit_routes": 0 }, "geometry": { "type": "LineString", "coordinates": [ [ 126.967023600000019, 37.50496290000001 ], [ 126.9668414, 37.5052218 ], [ 126.966702, 37.505481600000017 ], [ 126.9662642, 37.50567 ] ] } },
{ "type": "Feature", "properties": { "학교": "중앙대", "u": "4611303880", "v": "4611263521", "key": 0, "osmid": "1122019318", "name": "흑석한강로", "highway": "residential", "length": 149.1, "validation_status": "validated", "tmap_hit_routes": 3 }, "geometry": { "type": "LineString", "coordinates": [ [ 126.964300600000016, 37.5018422 ], [ 126.964353700000018, 37.5025015 ], [ 126.9643982, 37.5031809 ] ] } },
{ "type": "Feature", "properties": { "학교": "중앙대", "u": "10239817426", "v": "4611290226", "key": 0, "osmid": "521182519", "name": "현충로", "highway": "primary", "length": 16.1, "validation_status": "unobserved", "tmap_hit_routes": 0 }, "geometry": { "type": "LineString", "coordinates": [ [ 126.9662712, 37.507186500000017 ], [ 126.9661082, 37.5072507 ] ] } },
{ "type": "Feature", "properties": { "학교": "중앙대", "u": "10239817426", "v": "13392265485", "key": 0, "osmid": "913142566", "name": "", "highway": "service", "length": 6.9, "validation_status": "unobserved", "tmap_hit_routes": 0 }, "geometry": { "type": "LineString", "coordinates": [ [ 126.966142500000018, 37.507306599999986 ], [ 126.9661082, 37.5072507 ] ] } },
{ "type": "Feature", "properties": { "학교": "중앙대", "u": "4178779528", "v": "4178779531", "key": 0, "osmid": "417317468", "name": "흑석로13바길", "highway": "service", "length": 18.0, "validation_status": "unobserved", "tmap_hit_routes": 0 }, "geometry": { "type": "LineString", "coordinates": [ [ 126.958563900000016, 37.5084169 ], [ 126.9587489, 37.5084853 ] ] } },
{ "type": "Feature", "properties": { "학교": "중앙대", "u": "4178779528", "v": "4178779530", "key": 0, "osmid": "466546473", "name": "흑석로13바길", "highway": "service", "length": 50.9, "validation_status": "unobserved", "tmap_hit_routes": 0 }, "geometry": { "type": "LineString", "coordinates": [ [ 126.9582904, 37.5085522 ], [ 126.958394799999979, 37.5086533 ], [ 126.9587489, 37.5084853 ] ] } },
{ "type": "Feature", "properties": { "학교": "중앙대", "u": "8482522490", "v": "7775281607", "key": 0, "osmid": "521182519", "name": "현충로", "highway": "primary", "length": 31.9, "validation_status": "validated", "tmap_hit_routes": 1 }, "geometry": { "type": "LineString", "coordinates": [ [ 126.96649450000001, 37.507098299999988 ], [ 126.966817299999988, 37.506969 ] ] } },
{ "type": "Feature", "properties": { "학교": "중앙대", "u": "8482522490", "v": "13392265487", "key": 0, "osmid": "913142567", "name": "", "highway": "service", "length": 7.8, "validation_status": "unobserved", "tmap_hit_routes": 0 }, "geometry": { "type": "LineString", "coordinates": [ [ 126.9668538, 37.5070333 ], [ 126.966817299999988, 37.506969 ] ] } },
{ "type": "Feature", "properties": { "학교": "중앙대", "u": "4851352337", "v": "4851352336", "key": 0, "osmid": "493204660", "name": "", "highway": "service", "length": 61.4, "validation_status": "unobserved", "tmap_hit_routes": 0 }, "geometry": { "type": "LineString", "coordinates": [ [ 126.9668762, 37.5055484 ], [ 126.9668191, 37.5060988 ] ] } },
{ "type": "Feature", "properties": { "학교": "중앙대", "u": "4851352337", "v": "4851352338", "key": 0, "osmid": "493204661", "name": "", "highway": "service", "length": 20.0, "validation_status": "unobserved", "tmap_hit_routes": 0 }, "geometry": { "type": "LineString", "coordinates": [ [ 126.9670457, 37.5060861 ], [ 126.9668191, 37.5060988 ] ] } },
{ "type": "Feature", "properties": { "학교": "중앙대", "u": "4611246549", "v": "4611329617", "key": 0, "osmid": [ 466290320, 466304489 ], "name": [ "서달로12길", "서달로12나길" ], "highway": "residential", "length": 69.2, "validation_status": "unobserved", "tmap_hit_routes": 0 }, "geometry": { "type": "LineString", "coordinates": [ [ 126.9634889, 37.5072199 ], [ 126.963348, 37.5070756 ], [ 126.963226299999988, 37.506948 ], [ 126.963179, 37.5068203 ], [ 126.96299830000001, 37.5068528 ] ] } },
{ "type": "Feature", "properties": { "학교": "중앙대", "u": "4611246549", "v": "4611290216", "key": 0, "osmid": "466498684", "name": "서달로14나길", "highway": "residential", "length": 57.3, "validation_status": "unobserved", "tmap_hit_routes": 0 }, "geometry": { "type": "LineString", "coordinates": [ [ 126.9632994, 37.507307900000015 ], [ 126.9630613, 37.5069863 ], [ 126.96299830000001, 37.5068528 ] ] } },
{ "type": "Feature", "properties": { "학교": "중앙대", "u": "4611329617", "v": "4612824432", "key": 0, "osmid": "385515539", "name": "서달로14라길", "highway": "residential", "length": 18.5, "validation_status": "unobserved", "tmap_hit_routes": 0 }, "geometry": { "type": "LineString", "coordinates": [ [ 126.9636698, 37.5071353 ], [ 126.9634889, 37.5072199 ] ] } },
{ "type": "Feature", "properties": { "학교": "중앙대", "u": "4611329617", "v": "4611290216", "key": 0, "osmid": "385515539", "name": "서달로14라길", "highway": "residential", "length": 19.4, "validation_status": "unobserved", "tmap_hit_routes": 0 }, "geometry": { "type": "LineString", "coordinates": [ [ 126.9632994, 37.507307900000015 ], [ 126.9634889, 37.5072199 ] ] } },
{ "type": "Feature", "properties": { "학교": "중앙대", "u": "4611290216", "v": "4612824428", "key": 0, "osmid": "466498684", "name": "서달로14나길", "highway": "residential", "length": 74.1, "validation_status": "unobserved", "tmap_hit_routes": 0 }, "geometry": { "type": "LineString", "coordinates": [ [ 126.963863299999986, 37.5077778 ], [ 126.963834100000014, 37.5077496 ], [ 126.963751, 37.507695600000012 ], [ 126.9636318, 37.507636500000025 ], [ 126.9634679, 37.507547 ], [ 126.9634062, 37.5074828 ], [ 126.9632994, 37.507307900000015 ] ] } },
{ "type": "Feature", "properties": { "학교": "중앙대", "u": "4611250951", "v": "4611263521", "key": 0, "osmid": [ 385515540, 1122019318 ], "name": [ "흑석한강로", "서달로2길" ], "highway": "residential", "length": 69.7, "validation_status": "validated", "tmap_hit_routes": 2 }, "geometry": { "type": "LineString", "coordinates": [ [ 126.964300600000016, 37.5018422 ], [ 126.9642772, 37.5012375 ], [ 126.964266, 37.501217200000021 ] ] } },
{ "type": "Feature", "properties": { "학교": "중앙대", "u": "4611250951", "v": "4611263520", "key": 0, "osmid": "876638786", "name": "서달로10길", "highway": "service", "length": 77.1, "validation_status": "validated", "tmap_hit_routes": 1 }, "geometry": { "type": "LineString", "coordinates": [ [ 126.9637539, 37.5017082 ], [ 126.9638132, 37.5014978 ], [ 126.9638805, 37.5013812 ], [ 126.964150100000012, 37.5012459 ], [ 126.964266, 37.501217200000021 ] ] } },
{ "type": "Feature", "properties": { "학교": "중앙대", "u": "4611263521", "v": "4611263519", "key": 0, "osmid": "801834133", "name": "", "highway": "service", "length": 50.4, "validation_status": "validated", "tmap_hit_routes": 1 }, "geometry": { "type": "LineString", "coordinates": [ [ 126.9637385, 37.5017611 ], [ 126.964300600000016, 37.5018422 ] ] } },
{ "type": "Feature", "properties": { "학교": "중앙대", "u": "4611263520", "v": "4611263519", "key": 0, "osmid": "876638786", "name": "서달로10길", "highway": "service", "length": 6.0, "validation_status": "unobserved", "tmap_hit_routes": 0 }, "geometry": { "type": "LineString", "coordinates": [ [ 126.9637385, 37.5017611 ], [ 126.9637539, 37.5017082 ] ] } },
{ "type": "Feature", "properties": { "학교": "중앙대", "u": "4611263520", "v": "4697324239", "key": 0, "osmid": [ 476080921, 801834134 ], "name": "서달로10길", "highway": "service", "length": 63.7, "validation_status": "validated", "tmap_hit_routes": 1 }, "geometry": { "type": "LineString", "coordinates": [ [ 126.9630411, 37.5016163 ], [ 126.9631728, 37.5016323 ], [ 126.9637539, 37.5017082 ] ] } },
{ "type": "Feature", "properties": { "학교": "중앙대", "u": "4611263519", "v": "10239817425", "key": 0, "osmid": [ 1119552035, 801834133 ], "name": "", "highway": "service", "length": 63.3, "validation_status": "unobserved", "tmap_hit_routes": 0 }, "geometry": { "type": "LineString", "coordinates": [ [ 126.963029799999987, 37.5016722 ], [ 126.96310579999998, 37.5016813 ], [ 126.9637385, 37.5017611 ] ] } },
{ "type": "Feature", "properties": { "학교": "중앙대", "u": "10239817425", "v": "4697324239", "key": 0, "osmid": "476080921", "name": "", "highway": "service", "length": 6.3, "validation_status": "validated", "tmap_hit_routes": 1 }, "geometry": { "type": "LineString", "coordinates": [ [ 126.9630411, 37.5016163 ], [ 126.963029799999987, 37.5016722 ] ] } },
{ "type": "Feature", "properties": { "학교": "중앙대", "u": "10239817425", "v": "4697324237", "key": 0, "osmid": "476080921", "name": "", "highway": "service", "length": 40.9, "validation_status": "validated", "tmap_hit_routes": 1 }, "geometry": { "type": "LineString", "coordinates": [ [ 126.962661699999984, 37.5017243 ], [ 126.963012300000017, 37.501758700000018 ], [ 126.963029799999987, 37.5016722 ] ] } },
{ "type": "Feature", "properties": { "학교": "중앙대", "u": "4697324239", "v": "4697324250", "key": 0, "osmid": [ 476080922, 476080923 ], "name": "", "highway": "service", "length": 42.8, "validation_status": "unobserved", "tmap_hit_routes": 0 }, "geometry": { "type": "LineString", "coordinates": [ [ 126.962755500000014, 37.501429900000012 ], [ 126.9627314, 37.5015617 ], [ 126.9630411, 37.5016163 ] ] } },
{ "type": "Feature", "properties": { "학교": "중앙대", "u": "4612824428", "v": "4612824438", "key": 0, "osmid": "466501849", "name": "서달로14다길", "highway": "service", "length": 63.8, "validation_status": "unobserved", "tmap_hit_routes": 0 }, "geometry": { "type": "LineString", "coordinates": [ [ 126.9637697, 37.507271200000019 ], [ 126.96393230000001, 37.5076261 ], [ 126.963976300000013, 37.507661 ], [ 126.963863299999986, 37.5077778 ] ] } },
{ "type": "Feature", "properties": { "학교": "중앙대", "u": "4611290226", "v": "4611290233", "key": 0, "osmid": "521182519", "name": "현충로", "highway": "primary", "length": 19.5, "validation_status": "unobserved", "tmap_hit_routes": 0 }, "geometry": { "type": "LineString", "coordinates": [ [ 126.96646920000002, 37.5071085 ], [ 126.9662712, 37.507186500000017 ] ] } },
{ "type": "Feature", "properties": { "학교": "중앙대", "u": "4611290233", "v": "7775281607", "key": 0, "osmid": "521182519", "name": "현충로", "highway": "primary", "length": 2.5, "validation_status": "bridged", "tmap_hit_routes": 0 }, "geometry": { "type": "LineString", "coordinates": [ [ 126.96649450000001, 37.507098299999988 ], [ 126.96646920000002, 37.5071085 ] ] } },
{ "type": "Feature", "properties": { "학교": "중앙대", "u": "4611290233", "v": "4611290237", "key": 0, "osmid": "466296840", "name": "현충로8길", "highway": "service", "length": 48.9, "validation_status": "validated", "tmap_hit_routes": 1 }, "geometry": { "type": "LineString", "coordinates": [ [ 126.9661503, 37.5067486 ], [ 126.9662591, 37.5068664 ], [ 126.96646920000002, 37.5071085 ] ] } },
{ "type": "Feature", "properties": { "학교": "중앙대", "u": "7775281607", "v": "13392265486", "key": 0, "osmid": "832888232", "name": "", "highway": "footway", "length": 7.6, "validation_status": "unobserved", "tmap_hit_routes": 0 }, "geometry": { "type": "LineString", "coordinates": [ [ 126.9665267, 37.5071613 ], [ 126.96649450000001, 37.507098299999988 ] ] } },
{ "type": "Feature", "properties": { "학교": "중앙대", "u": "4611290237", "v": "4611290238", "key": 0, "osmid": "466296841", "name": "현충로8길", "highway": "service", "length": 20.5, "validation_status": "unobserved", "tmap_hit_routes": 0 }, "geometry": { "type": "LineString", "coordinates": [ [ 126.9663316, 37.5066328 ], [ 126.9661503, 37.5067486 ] ] } },
{ "type": "Feature", "properties": { "학교": "중앙대", "u": "4611290237", "v": "4611290240", "key": 0, "osmid": "466296840", "name": "현충로8길", "highway": "service", "length": 42.1, "validation_status": "unobserved", "tmap_hit_routes": 0 }, "geometry": { "type": "LineString", "coordinates": [ [ 126.9661975, 37.5064895 ], [ 126.96600530000002, 37.5065893 ], [ 126.9660304, 37.5066187 ], [ 126.9661503, 37.5067486 ] ] } },
{ "type": "Feature", "properties": { "학교": "중앙대", "u": "4611313608", "v": "4611313609", "key": 0, "osmid": "466301343", "name": "", "highway": "service", "length": 21.8, "validation_status": "unobserved", "tmap_hit_routes": 0 }, "geometry": { "type": "LineString", "coordinates": [ [ 126.9637145, 37.5068114 ], [ 126.9639183, 37.5069223 ] ] } },
{ "type": "Feature", "properties": { "학교": "중앙대", "u": "4611313608", "v": "4612824433", "key": 0, "osmid": "385515539", "name": "서달로14라길", "highway": "residential", "length": 37.9, "validation_status": "unobserved", "tmap_hit_routes": 0 }, "geometry": { "type": "LineString", "coordinates": [ [ 126.964268200000021, 37.5067411 ], [ 126.9642133, 37.506746899999989 ], [ 126.9640764, 37.5067969 ], [ 126.9639183, 37.5069223 ] ] } },
{ "type": "Feature", "properties": { "학교": "중앙대", "u": "4611313608", "v": "4612824432", "key": 0, "osmid": "385515539", "name": "서달로14라길", "highway": "residential", "length": 37.5, "validation_status": "unobserved", "tmap_hit_routes": 0 }, "geometry": { "type": "LineString", "coordinates": [ [ 126.9636698, 37.5071353 ], [ 126.96395680000002, 37.5069678 ], [ 126.9639183, 37.5069223 ] ] } },
{ "type": "Feature", "properties": { "학교": "중앙대", "u": "4612824433", "v": "4612824427", "key": 0, "osmid": "385515539", "name": "서달로14라길", "highway": "residential", "length": 19.9, "validation_status": "unobserved", "tmap_hit_routes": 0 }, "geometry": { "type": "LineString", "coordinates": [ [ 126.9644927, 37.5067402 ], [ 126.964358500000017, 37.50673170000001 ], [ 126.964268200000021, 37.5067411 ] ] } },
{ "type": "Feature", "properties": { "학교": "중앙대", "u": "4612824432", "v": "4612824438", "key": 0, "osmid": "466501849", "name": "서달로14다길", "highway": "service", "length": 17.6, "validation_status": "unobserved", "tmap_hit_routes": 0 }, "geometry": { "type": "LineString", "coordinates": [ [ 126.9637697, 37.507271200000019 ], [ 126.963746200000017, 37.5072198 ], [ 126.9636698, 37.5071353 ] ] } },
{ "type": "Feature", "properties": { "학교": "중앙대", "u": "4613243610", "v": "4613243611", "key": 0, "osmid": "466511641", "name": "서달로13길", "highway": "service", "length": 15.0, "validation_status": "unobserved", "tmap_hit_routes": 0 }, "geometry": { "type": "LineString", "coordinates": [ [ 126.9622901, 37.5081182 ], [ 126.962205, 37.5082348 ] ] } },
{ "type": "Feature", "properties": { "학교": "중앙대", "u": "4613243610", "v": "4613243613", "key": 0, "osmid": "466546129", "name": "서달로13길", "highway": "service", "length": 33.0, "validation_status": "unobserved", "tmap_hit_routes": 0 }, "geometry": { "type": "LineString", "coordinates": [ [ 126.961882499999987, 37.5080847 ], [ 126.962205, 37.5082348 ] ] } },
{ "type": "Feature", "properties": { "학교": "중앙대", "u": "4613243605", "v": "4613243611", "key": 0, "osmid": "466511641", "name": "서달로13길", "highway": "service", "length": 14.4, "validation_status": "unobserved", "tmap_hit_routes": 0 }, "geometry": { "type": "LineString", "coordinates": [ [ 126.9622901, 37.5081182 ], [ 126.9623785, 37.5080088 ] ] } },
{ "type": "Feature", "properties": { "학교": "중앙대", "u": "4613243605", "v": "4613243614", "key": 0, "osmid": "466546127", "name": "서달로13길", "highway": "service", "length": 33.2, "validation_status": "unobserved", "tmap_hit_routes": 0 }, "geometry": { "type": "LineString", "coordinates": [ [ 126.9620477, 37.5078672 ], [ 126.9623785, 37.5080088 ] ] } },
{ "type": "Feature", "properties": { "학교": "중앙대", "u": "4613243611", "v": "4615044905", "key": 0, "osmid": "466546130", "name": "서달로13길", "highway": "service", "length": 32.4, "validation_status": "unobserved", "tmap_hit_routes": 0 }, "geometry": { "type": "LineString", "coordinates": [ [ 126.9619721, 37.5079715 ], [ 126.9622901, 37.5081182 ] ] } },
{ "type": "Feature", "properties": { "학교": "중앙대", "u": "4613243614", "v": "4613243609", "key": 0, "osmid": "466546127", "name": "서달로13길", "highway": "service", "length": 30.2, "validation_status": "unobserved", "tmap_hit_routes": 0 }, "geometry": { "type": "LineString", "coordinates": [ [ 126.9617531, 37.5077282 ], [ 126.9620477, 37.5078672 ] ] } },
{ "type": "Feature", "properties": { "학교": "중앙대", "u": "4613243614", "v": "4615044905", "key": 0, "osmid": "466546131", "name": "", "highway": "service", "length": 13.4, "validation_status": "unobserved", "tmap_hit_routes": 0 }, "geometry": { "type": "LineString", "coordinates": [ [ 126.9619721, 37.5079715 ], [ 126.9620477, 37.5078672 ] ] } },
{ "type": "Feature", "properties": { "학교": "중앙대", "u": "4613243609", "v": "4613243612", "key": 0, "osmid": "466546128", "name": "서달로13길", "highway": "service", "length": 14.9, "validation_status": "unobserved", "tmap_hit_routes": 0 }, "geometry": { "type": "LineString", "coordinates": [ [ 126.961669499999985, 37.50784440000001 ], [ 126.9617531, 37.5077282 ] ] } },
{ "type": "Feature", "properties": { "학교": "중앙대", "u": "4613243608", "v": "4613243613", "key": 0, "osmid": "466546129", "name": "서달로13길", "highway": "service", "length": 28.0, "validation_status": "unobserved", "tmap_hit_routes": 0 }, "geometry": { "type": "LineString", "coordinates": [ [ 126.961882499999987, 37.5080847 ], [ 126.961593900000011, 37.5079794 ] ] } },
{ "type": "Feature", "properties": { "학교": "중앙대", "u": "4613243608", "v": "4613243612", "key": 0, "osmid": "466546128", "name": "서달로13길", "highway": "service", "length": 16.6, "validation_status": "unobserved", "tmap_hit_routes": 0 }, "geometry": { "type": "LineString", "coordinates": [ [ 126.961669499999985, 37.50784440000001 ], [ 126.961604300000019, 37.5079354 ], [ 126.961593900000011, 37.5079794 ] ] } },
{ "type": "Feature", "properties": { "학교": "중앙대", "u": "4613243613", "v": "4615044905", "key": 0, "osmid": "466546131", "name": "", "highway": "service", "length": 14.9, "validation_status": "unobserved", "tmap_hit_routes": 0 }, "geometry": { "type": "LineString", "coordinates": [ [ 126.9619721, 37.5079715 ], [ 126.961882499999987, 37.5080847 ] ] } },
{ "type": "Feature", "properties": { "학교": "중앙대", "u": "4613243612", "v": "4615044905", "key": 0, "osmid": "466546130", "name": "서달로13길", "highway": "service", "length": 30.2, "validation_status": "unobserved", "tmap_hit_routes": 0 }, "geometry": { "type": "LineString", "coordinates": [ [ 126.9619721, 37.5079715 ], [ 126.961669499999985, 37.50784440000001 ] ] } },
{ "type": "Feature", "properties": { "학교": "중앙대", "u": "13392265472", "v": "5211005698", "key": 0, "osmid": "630100249", "name": "", "highway": "primary_link", "length": 217.2, "validation_status": "unobserved", "tmap_hit_routes": 0 }, "geometry": { "type": "LineString", "coordinates": [ [ 126.9564676, 37.513269300000012 ], [ 126.95661410000001, 37.5132078 ], [ 126.957136, 37.5129254 ], [ 126.9577348, 37.5126623 ], [ 126.958044300000012, 37.5125168 ], [ 126.958621800000017, 37.5123361 ] ] } },
{ "type": "Feature", "properties": { "학교": "중앙대", "u": "4621493630", "v": "4621493618", "key": 0, "osmid": "467541638", "name": "매봉로4가길", "highway": "service", "length": 161.9, "validation_status": "validated", "tmap_hit_routes": 2 }, "geometry": { "type": "LineString", "coordinates": [ [ 126.953817, 37.5068435 ], [ 126.954024500000017, 37.5068568 ], [ 126.954164600000013, 37.5068438 ], [ 126.954365399999986, 37.5068346 ], [ 126.9544915, 37.5067697 ], [ 126.954540599999987, 37.5067957 ], [ 126.9545849, 37.506842 ], [ 126.954624599999988, 37.5069327 ], [ 126.9546363, 37.5069883 ], [ 126.954953900000021, 37.507116100000012 ], [ 126.9553228, 37.5072328 ], [ 126.9553742, 37.5072532 ] ] } },
{ "type": "Feature", "properties": { "학교": "중앙대", "u": "4621493630", "v": "4621493631", "key": 0, "osmid": "467541639", "name": "흑석로3길", "highway": "service", "length": 45.1, "validation_status": "validated", "tmap_hit_routes": 1 }, "geometry": { "type": "LineString", "coordinates": [ [ 126.9553205, 37.507649600000015 ], [ 126.9553134, 37.507375400000015 ], [ 126.9553742, 37.5072532 ] ] } },
{ "type": "Feature", "properties": { "학교": "중앙대", "u": "6963043036", "v": "4613243829", "key": 0, "osmid": "466546144", "name": "흑석로6길", "highway": "service", "length": 203.1, "validation_status": "validated", "tmap_hit_routes": 1 }, "geometry": { "type": "LineString", "coordinates": [ [ 126.9547782, 37.5056373 ], [ 126.9552139, 37.5056032 ], [ 126.9558093, 37.5058683 ], [ 126.9560761, 37.5055206 ], [ 126.9566583, 37.5057811 ] ] } },
{ "type": "Feature", "properties": { "학교": "중앙대", "u": "6963043036", "v": "4613243835", "key": 0, "osmid": "744062093", "name": "흑석로6길", "highway": "service", "length": 40.0, "validation_status": "unobserved", "tmap_hit_routes": 0 }, "geometry": { "type": "LineString", "coordinates": [ [ 126.9564339, 37.5060932 ], [ 126.9565551, 37.5059247 ], [ 126.9566583, 37.5057811 ] ] } },
{ "type": "Feature", "properties": { "학교": "중앙대", "u": "4613243829", "v": "4613243835", "key": 0, "osmid": "466546145", "name": "흑석로6가길", "highway": "service", "length": 173.9, "validation_status": "validated", "tmap_hit_routes": 3 }, "geometry": { "type": "LineString", "coordinates": [ [ 126.9564339, 37.5060932 ], [ 126.956250400000016, 37.5060243 ], [ 126.9556116, 37.5061242 ], [ 126.955417200000014, 37.5060334 ], [ 126.9551809, 37.5059681 ], [ 126.9548789, 37.5058771 ], [ 126.9547782, 37.5056373 ] ] } },
{ "type": "Feature", "properties": { "학교": "중앙대", "u": "4613270071", "v": "4613249924", "key": 0, "osmid": "466546960", "name": "노량진로26길", "highway": "residential", "length": 54.0, "validation_status": "validated", "tmap_hit_routes": 1 }, "geometry": { "type": "LineString", "coordinates": [ [ 126.954222, 37.5116496 ], [ 126.9542581, 37.5117622 ], [ 126.9543721, 37.5121204 ] ] } },
{ "type": "Feature", "properties": { "학교": "중앙대", "u": "4613270071", "v": "4613270067", "key": 0, "osmid": "466549476", "name": "노량진로26길", "highway": "service", "length": 66.5, "validation_status": "unobserved", "tmap_hit_routes": 0 }, "geometry": { "type": "LineString", "coordinates": [ [ 126.9550777, 37.511921 ], [ 126.9549643, 37.5119578 ], [ 126.954770499999981, 37.5120261 ], [ 126.9545921, 37.512092 ], [ 126.9543721, 37.5121204 ] ] } },
{ "type": "Feature", "properties": { "학교": "중앙대", "u": "8757719538", "v": "4613249931", "key": 0, "osmid": "466546964", "name": "노량진로28길", "highway": "residential", "length": 58.4, "validation_status": "unobserved", "tmap_hit_routes": 0 }, "geometry": { "type": "LineString", "coordinates": [ [ 126.9552352, 37.5120982 ], [ 126.954929199999981, 37.512564 ] ] } },
{ "type": "Feature", "properties": { "학교": "중앙대", "u": "8757719538", "v": "8757719537", "key": 0, "osmid": "946008045", "name": "", "highway": "footway", "length": 56.2, "validation_status": "unobserved", "tmap_hit_routes": 0 }, "geometry": { "type": "LineString", "coordinates": [ [ 126.9554477, 37.5128584 ], [ 126.954929199999981, 37.512564 ] ] } },
{ "type": "Feature", "properties": { "학교": "중앙대", "u": "4613249921", "v": "4613249923", "key": 0, "osmid": "466546960", "name": "노량진로26길", "highway": "residential", "length": 11.5, "validation_status": "unobserved", "tmap_hit_routes": 0 }, "geometry": { "type": "LineString", "coordinates": [ [ 126.9538014, 37.5107589 ], [ 126.95377160000001, 37.5106582 ] ] } },
{ "type": "Feature", "properties": { "학교": "중앙대", "u": "4613249923", "v": "4613267682", "key": 0, "osmid": "466546960", "name": "노량진로26길", "highway": "residential", "length": 82.8, "validation_status": "unobserved", "tmap_hit_routes": 0 }, "geometry": { "type": "LineString", "coordinates": [ [ 126.954156800000021, 37.5114461 ], [ 126.9541034, 37.5112792 ], [ 126.9538014, 37.5107589 ] ] } },
{ "type": "Feature", "properties": { "학교": "중앙대", "u": "4613267682", "v": "4613249924", "key": 0, "osmid": "466546960", "name": "노량진로26길", "highway": "residential", "length": 23.3, "validation_status": "validated", "tmap_hit_routes": 1 }, "geometry": { "type": "LineString", "coordinates": [ [ 126.954222, 37.5116496 ], [ 126.954156800000021, 37.5114461 ] ] } },
{ "type": "Feature", "properties": { "학교": "중앙대", "u": "4613267682", "v": "4613267684", "key": 0, "osmid": "466549574", "name": "노량진로26길", "highway": "service", "length": 82.4, "validation_status": "unobserved", "tmap_hit_routes": 0 }, "geometry": { "type": "LineString", "coordinates": [ [ 126.9544215, 37.5107601 ], [ 126.954227900000021, 37.5114223 ], [ 126.954156800000021, 37.5114461 ] ] } },
{ "type": "Feature", "properties": { "학교": "중앙대", "u": "4613249924", "v": "4613270044", "key": 0, "osmid": "466546963", "name": "노량진로26길", "highway": "residential", "length": 66.3, "validation_status": "validated", "tmap_hit_routes": 2 }, "geometry": { "type": "LineString", "coordinates": [ [ 126.9548032, 37.5112848 ], [ 126.9545564, 37.5115038 ], [ 126.954222, 37.5116496 ] ] } },
{ "type": "Feature", "properties": { "학교": "중앙대", "u": "4613270044", "v": "4613270031", "key": 0, "osmid": "466546963", "name": "노량진로26길", "highway": "residential", "length": 13.7, "validation_status": "validated", "tmap_hit_routes": 2 }, "geometry": { "type": "LineString", "coordinates": [ [ 126.9548979, 37.511187 ], [ 126.95481909999998, 37.511270700000011 ], [ 126.9548032, 37.5112848 ] ] } },
{ "type": "Feature", "properties": { "학교": "중앙대", "u": "4613270044", "v": "4613270067", "key": 0, "osmid": "466549471", "name": "노량진로28길", "highway": "service", "length": 85.2, "validation_status": "unobserved", "tmap_hit_routes": 0 }, "geometry": { "type": "LineString", "coordinates": [ [ 126.9550777, 37.511921 ], [ 126.9551217, 37.5118127 ], [ 126.9551573, 37.5116114 ], [ 126.955097199999983, 37.511486 ], [ 126.9550304, 37.5113995 ], [ 126.9548813, 37.51132 ], [ 126.9548032, 37.5112848 ] ] } },
{ "type": "Feature", "properties": { "학교": "중앙대", "u": "4613270035", "v": "4613270056", "key": 0, "osmid": "466546963", "name": "노량진로26길", "highway": "residential", "length": 12.9, "validation_status": "validated", "tmap_hit_routes": 3 }, "geometry": { "type": "LineString", "coordinates": [ [ 126.9552605, 37.5103698 ], [ 126.9553012, 37.5102581 ] ] } },
{ "type": "Feature", "properties": { "학교": "중앙대", "u": "4613270035", "v": "4613270031", "key": 0, "osmid": "466549470", "name": "노량진로26길", "highway": "service", "length": 137.9, "validation_status": "unobserved", "tmap_hit_routes": 0 }, "geometry": { "type": "LineString", "coordinates": [ [ 126.9548979, 37.511187 ], [ 126.9548041, 37.510907 ], [ 126.954787100000019, 37.5107924 ], [ 126.9550719, 37.510192100000012 ], [ 126.9553012, 37.5102581 ] ] } },
{ "type": "Feature", "properties": { "학교": "중앙대", "u": "4613249931", "v": "4613270049", "key": 0, "osmid": "466546964", "name": "노량진로28길", "highway": "residential", "length": 103.1, "validation_status": "unobserved", "tmap_hit_routes": 0 }, "geometry": { "type": "LineString", "coordinates": [ [ 126.9559361, 37.5113665 ], [ 126.955869300000018, 37.511482300000019 ], [ 126.955762, 37.5116358 ], [ 126.955452, 37.5118762 ], [ 126.9552352, 37.5120982 ] ] } },
{ "type": "Feature", "properties": { "학교": "중앙대", "u": "4613249931", "v": "4613270067", "key": 0, "osmid": "466549471", "name": "노량진로28길", "highway": "service", "length": 29.6, "validation_status": "unobserved", "tmap_hit_routes": 0 }, "geometry": { "type": "LineString", "coordinates": [ [ 126.9550777, 37.511921 ], [ 126.955059300000016, 37.5119663 ], [ 126.9550727, 37.5120405 ], [ 126.9551395, 37.5120775 ], [ 126.9552352, 37.5120982 ] ] } },
{ "type": "Feature", "properties": { "학교": "중앙대", "u": "4613270049", "v": "4613249936", "key": 0, "osmid": "466546964", "name": "노량진로28길", "highway": "residential", "length": 36.9, "validation_status": "unobserved", "tmap_hit_routes": 0 }, "geometry": { "type": "LineString", "coordinates": [ [ 126.956109400000017, 37.5110644 ], [ 126.9560441, 37.5111791 ], [ 126.9559361, 37.5113665 ] ] } },
{ "type": "Feature", "properties": { "학교": "중앙대", "u": "4613270049", "v": "4613270045", "key": 0, "osmid": "466549472", "name": "노량진로28길", "highway": "service", "length": 104.7, "validation_status": "unobserved", "tmap_hit_routes": 0 }, "geometry": { "type": "LineString", "coordinates": [ [ 126.9551169, 37.5108158 ], [ 126.9553888, 37.510815 ], [ 126.955520100000015, 37.5110728 ], [ 126.955598100000017, 37.5111717 ], [ 126.9559361, 37.5113665 ] ] } },
{ "type": "Feature", "properties": { "학교": "중앙대", "u": "4613249936", "v": "4613270050", "key": 0, "osmid": "466549474", "name": "노량진로28길", "highway": "service", "length": 9.6, "validation_status": "unobserved", "tmap_hit_routes": 0 }, "geometry": { "type": "LineString", "coordinates": [ [ 126.956015, 37.5110219 ], [ 126.956109400000017, 37.5110644 ] ] } },
{ "type": "Feature", "properties": { "학교": "중앙대", "u": "4613249936", "v": "4613249938", "key": 0, "osmid": "466546964", "name": "노량진로28길", "highway": "residential", "length": 80.5, "validation_status": "unobserved", "tmap_hit_routes": 0 }, "geometry": { "type": "LineString", "coordinates": [ [ 126.956694, 37.5105084 ], [ 126.9564102, 37.5107685 ], [ 126.956109400000017, 37.5110644 ] ] } },
{ "type": "Feature", "properties": { "학교": "중앙대", "u": "4613270050", "v": "4613270056", "key": 0, "osmid": "466549475", "name": "노량진로26길", "highway": "service", "length": 110.7, "validation_status": "validated", "tmap_hit_routes": 1 }, "geometry": { "type": "LineString", "coordinates": [ [ 126.9552605, 37.5103698 ], [ 126.9554273, 37.5105998 ], [ 126.955520799999988, 37.5107358 ], [ 126.955629900000019, 37.51093 ], [ 126.955759, 37.5110466 ], [ 126.95585029999998, 37.511055399999989 ], [ 126.956015, 37.5110219 ] ] } },
{ "type": "Feature", "properties": { "학교": "중앙대", "u": "4613249938", "v": "4613249952", "key": 0, "osmid": "521226885", "name": "노량진로32길", "highway": "residential", "length": 44.9, "validation_status": "validated", "tmap_hit_routes": 1 }, "geometry": { "type": "LineString", "coordinates": [ [ 126.9568668, 37.5108875 ], [ 126.956759600000012, 37.5106711 ], [ 126.9567293, 37.5105805 ], [ 126.956694, 37.5105084 ] ] } },
{ "type": "Feature", "properties": { "학교": "중앙대", "u": "4613249952", "v": "9555870578", "key": 0, "osmid": "466546965", "name": "노량진로30길", "highway": "residential", "length": 256.6, "validation_status": "validated", "tmap_hit_routes": 1 }, "geometry": { "type": "LineString", "coordinates": [ [ 126.9554861, 37.5127502 ], [ 126.9555473, 37.5125777 ], [ 126.9556639, 37.512154200000012 ], [ 126.955773400000012, 37.5120877 ], [ 126.9559669, 37.511986 ], [ 126.9561278, 37.5118325 ], [ 126.956253700000019, 37.5117381 ], [ 126.9563166, 37.5115162 ], [ 126.9563563, 37.5114071 ], [ 126.9564262, 37.5113535 ], [ 126.956689600000018, 37.5112351 ], [ 126.9567946, 37.5111593 ], [ 126.9568808, 37.5110613 ], [ 126.9568668, 37.5108875 ] ] } },
{ "type": "Feature", "properties": { "학교": "중앙대", "u": "4613249952", "v": "4613249965", "key": 0, "osmid": "521226885", "name": "노량진로32길", "highway": "residential", "length": 62.3, "validation_status": "validated", "tmap_hit_routes": 1 }, "geometry": { "type": "LineString", "coordinates": [ [ 126.957274400000017, 37.5113379 ], [ 126.9571245, 37.5111206 ], [ 126.9569553, 37.5109986 ], [ 126.9568668, 37.5108875 ] ] } },
{ "type": "Feature", "properties": { "학교": "중앙대", "u": "9555870578", "v": "8757719537", "key": 0, "osmid": "466546965", "name": "노량진로30길", "highway": "residential", "length": 12.5, "validation_status": "unobserved", "tmap_hit_routes": 0 }, "geometry": { "type": "LineString", "coordinates": [ [ 126.9554477, 37.5128584 ], [ 126.9554861, 37.5127502 ] ] } },
{ "type": "Feature", "properties": { "학교": "중앙대", "u": "9555870578", "v": "9555870581", "key": 0, "osmid": "1037319492", "name": "", "highway": "service", "length": 63.8, "validation_status": "unobserved", "tmap_hit_routes": 0 }, "geometry": { "type": "LineString", "coordinates": [ [ 126.9561909, 37.5126409 ], [ 126.955978099999982, 37.5127019 ], [ 126.9556616, 37.5127472 ], [ 126.9554861, 37.5127502 ] ] } },
{ "type": "Feature", "properties": { "학교": "중앙대", "u": "4613249965", "v": "8757719533", "key": 0, "osmid": "466546967", "name": "노량진로32길", "highway": "residential", "length": 242.1, "validation_status": "unobserved", "tmap_hit_routes": 0 }, "geometry": { "type": "LineString", "coordinates": [ [ 126.9561692, 37.5132224 ], [ 126.9562299, 37.513163499999983 ], [ 126.956339200000016, 37.5128566 ], [ 126.956526, 37.5126703 ], [ 126.9565565, 37.5122682 ], [ 126.9566931, 37.5119093 ], [ 126.95672, 37.5117585 ], [ 126.9568832, 37.5115773 ], [ 126.9571974, 37.511385 ], [ 126.957274400000017, 37.5113379 ] ] } },
{ "type": "Feature", "properties": { "학교": "중앙대", "u": "4613249965", "v": "10579158603", "key": 0, "osmid": [ 1134811325, 1134811326 ], "name": "노량진로32길", "highway": [ "service", "path" ], "length": 260.0, "validation_status": "validated", "tmap_hit_routes": 2 }, "geometry": { "type": "LineString", "coordinates": [ [ 126.9596109, 37.5116335 ], [ 126.9593421, 37.511595599999985 ], [ 126.959288199999989, 37.5115999 ], [ 126.9591488, 37.5116682 ], [ 126.9591278, 37.5116692 ], [ 126.9589919, 37.5116156 ], [ 126.9589154, 37.511514899999987 ], [ 126.9589001, 37.5114502 ], [ 126.958833699999985, 37.5113622 ], [ 126.9587993, 37.511346 ], [ 126.9587374, 37.5113364 ], [ 126.9586832, 37.511339400000011 ], [ 126.958644300000017, 37.5113389 ], [ 126.9585283, 37.5112969 ], [ 126.95836749999998, 37.5112694 ], [ 126.9579235, 37.511442100000011 ], [ 126.95768630000002, 37.5115298 ], [ 126.957608, 37.511532599999988 ], [ 126.957538400000018, 37.5115039 ], [ 126.9574872, 37.5114398 ], [ 126.957483200000013, 37.5113095 ], [ 126.9574707, 37.5112795 ], [ 126.9574231, 37.5112732 ], [ 126.957359, 37.5112833 ], [ 126.957274400000017, 37.5113379 ] ] } },
{ "type": "Feature", "properties": { "학교": "중앙대", "u": "8757719533", "v": "8757719537", "key": 0, "osmid": "946008045", "name": "", "highway": "footway", "length": 76.1, "validation_status": "unobserved", "tmap_hit_routes": 0 }, "geometry": { "type": "LineString", "coordinates": [ [ 126.9554477, 37.5128584 ], [ 126.9557146, 37.5130217 ], [ 126.95597140000001, 37.5131662 ], [ 126.95608350000002, 37.5132078 ], [ 126.9561692, 37.5132224 ] ] } },
{ "type": "Feature", "properties": { "학교": "중앙대", "u": "8757719533", "v": "5211005698", "key": 0, "osmid": [ 1370186391, 946008045, 1370166335 ], "name": "", "highway": "footway", "length": 29.7, "validation_status": "unobserved", "tmap_hit_routes": 0 }, "geometry": { "type": "LineString", "coordinates": [ [ 126.9564676, 37.513269300000012 ], [ 126.956452900000016, 37.513251600000025 ], [ 126.9564239, 37.5132167 ], [ 126.9563205, 37.513231 ], [ 126.956247, 37.513231 ], [ 126.9561692, 37.5132224 ] ] } },
{ "type": "Feature", "properties": { "학교": "중앙대", "u": "4613270031", "v": "4613270045", "key": 0, "osmid": "466546963", "name": "노량진로26길", "highway": "residential", "length": 46.9, "validation_status": "validated", "tmap_hit_routes": 2 }, "geometry": { "type": "LineString", "coordinates": [ [ 126.9551169, 37.5108158 ], [ 126.955081800000016, 37.5109917 ], [ 126.9548979, 37.511187 ] ] } },
{ "type": "Feature", "properties": { "학교": "중앙대", "u": "4613270045", "v": "4613270056", "key": 0, "osmid": "466546963", "name": "노량진로26길", "highway": "residential", "length": 51.3, "validation_status": "validated", "tmap_hit_routes": 2 }, "geometry": { "type": "LineString", "coordinates": [ [ 126.9552605, 37.5103698 ], [ 126.9551396, 37.5107021 ], [ 126.9551169, 37.5108158 ] ] } },
{ "type": "Feature", "properties": { "학교": "중앙대", "u": "4613274878", "v": "4613385588", "key": 0, "osmid": "466550145", "name": "노량진로22길", "highway": "residential", "length": 74.4, "validation_status": "unobserved", "tmap_hit_routes": 0 }, "geometry": { "type": "LineString", "coordinates": [ [ 126.950596, 37.5114705 ], [ 126.95105049999998, 37.5120346 ] ] } },
{ "type": "Feature", "properties": { "학교": "중앙대", "u": "4613274878", "v": "8757685951", "key": 0, "osmid": "466550145", "name": "노량진로22길", "highway": "residential", "length": 65.1, "validation_status": "unobserved", "tmap_hit_routes": 0 }, "geometry": { "type": "LineString", "coordinates": [ [ 126.951454, 37.5125243 ], [ 126.95105049999998, 37.5120346 ] ] } },
{ "type": "Feature", "properties": { "학교": "중앙대", "u": "4613274878", "v": "4613274881", "key": 0, "osmid": "466550144", "name": "노량진로18길", "highway": "residential", "length": 99.2, "validation_status": "unobserved", "tmap_hit_routes": 0 }, "geometry": { "type": "LineString", "coordinates": [ [ 126.9520587, 37.5123851 ], [ 126.951594600000021, 37.5121593 ], [ 126.951301299999983, 37.5120413 ], [ 126.95105049999998, 37.5120346 ] ] } },
{ "type": "Feature", "properties": { "학교": "중앙대", "u": "4613274878", "v": "4613385581", "key": 0, "osmid": "466550144", "name": "노량진로18길", "highway": "residential", "length": 65.6, "validation_status": "unobserved", "tmap_hit_routes": 0 }, "geometry": { "type": "LineString", "coordinates": [ [ 126.950394500000016, 37.5122751 ], [ 126.9505701, 37.5121458 ], [ 126.9508379, 37.5120582 ], [ 126.95105049999998, 37.5120346 ] ] } },
{ "type": "Feature", "properties": { "학교": "중앙대", "u": "4613385588", "v": "4613387389", "key": 0, "osmid": "466550145", "name": "노량진로22길", "highway": "residential", "length": 58.1, "validation_status": "unobserved", "tmap_hit_routes": 0 }, "geometry": { "type": "LineString", "coordinates": [ [ 126.9502525, 37.5110263 ], [ 126.950259800000012, 37.5110533 ], [ 126.9503941, 37.51122 ], [ 126.950596, 37.5114705 ] ] } },
{ "type": "Feature", "properties": { "학교": "중앙대", "u": "4613385588", "v": "4613385581", "key": 0, "osmid": "466568428", "name": "노량진로20길", "highway": "service", "length": 112.4, "validation_status": "unobserved", "tmap_hit_routes": 0 }, "geometry": { "type": "LineString", "coordinates": [ [ 126.950394500000016, 37.5122751 ], [ 126.9502551, 37.5119031 ], [ 126.9502438, 37.5118597 ], [ 126.9504052, 37.5118401 ], [ 126.950411, 37.5116838 ], [ 126.9504258, 37.511546100000011 ], [ 126.950596, 37.5114705 ] ] } },
{ "type": "Feature", "properties": { "학교": "중앙대", "u": "8757685951", "v": "8757685952", "key": 0, "osmid": "688136518", "name": "", "highway": "footway", "length": 64.8, "validation_status": "unobserved", "tmap_hit_routes": 0 }, "geometry": { "type": "LineString", "coordinates": [ [ 126.9507219, 37.512577600000022 ], [ 126.951454, 37.5125243 ] ] } },
{ "type": "Feature", "properties": { "학교": "중앙대", "u": "4613385581", "v": "8757685950", "key": 0, "osmid": "466550144", "name": "노량진로18길", "highway": "residential", "length": 49.4, "validation_status": "unobserved", "tmap_hit_routes": 0 }, "geometry": { "type": "LineString", "coordinates": [ [ 126.9500095, 37.5125964 ], [ 126.9502173, 37.5124055 ], [ 126.950394500000016, 37.5122751 ] ] } },
{ "type": "Feature", "properties": { "학교": "중앙대", "u": "8757685934", "v": "5826295509", "key": 0, "osmid": "616215313", "name": "노량진로", "highway": "primary", "length": 64.3, "validation_status": "unobserved", "tmap_hit_routes": 0 }, "geometry": { "type": "LineString", "coordinates": [ [ 126.9500034, 37.51270190000001 ], [ 126.9507319, 37.5126837 ] ] } },
{ "type": "Feature", "properties": { "학교": "중앙대", "u": "8757685934", "v": "8757685952", "key": 0, "osmid": "946006027", "name": "", "highway": "footway", "length": 11.8, "validation_status": "unobserved", "tmap_hit_routes": 0 }, "geometry": { "type": "LineString", "coordinates": [ [ 126.9507219, 37.512577600000022 ], [ 126.9507319, 37.5126837 ] ] } },
{ "type": "Feature", "properties": { "학교": "중앙대", "u": "4613274893", "v": "4613466701", "key": 0, "osmid": "466572465", "name": "만양로14바길", "highway": "residential", "length": 66.3, "validation_status": "unobserved", "tmap_hit_routes": 0 }, "geometry": { "type": "LineString", "coordinates": [ [ 126.9469259, 37.5117873 ], [ 126.946671899999984, 37.5123482 ] ] } },
{ "type": "Feature", "properties": { "학교": "중앙대", "u": "4613274893", "v": "4613385579", "key": 0, "osmid": "688645532", "name": "만양로14길", "highway": "residential", "length": 28.2, "validation_status": "unobserved", "tmap_hit_routes": 0 }, "geometry": { "type": "LineString", "coordinates": [ [ 126.9469734, 37.5124319 ], [ 126.946671899999984, 37.5123482 ] ] } },
{ "type": "Feature", "properties": { "학교": "중앙대", "u": "4613466701", "v": "4613385578", "key": 0, "osmid": "466572468", "name": "만양로14아길", "highway": "service", "length": 30.3, "validation_status": "unobserved", "tmap_hit_routes": 0 }, "geometry": { "type": "LineString", "coordinates": [ [ 126.9472442, 37.5118889 ], [ 126.9469259, 37.5117873 ] ] } },
{ "type": "Feature", "properties": { "학교": "중앙대", "u": "4613466701", "v": "4613466588", "key": 0, "osmid": "466572465", "name": "만양로14바길", "highway": "residential", "length": 60.0, "validation_status": "unobserved", "tmap_hit_routes": 0 }, "geometry": { "type": "LineString", "coordinates": [ [ 126.9468472, 37.5112722 ], [ 126.946988, 37.5116501 ], [ 126.9469259, 37.5117873 ] ] } },
{ "type": "Feature", "properties": { "학교": "중앙대", "u": "4613385579", "v": "4613385578", "key": 0, "osmid": "466572467", "name": "만양로14사길", "highway": "service", "length": 64.9, "validation_status": "unobserved", "tmap_hit_routes": 0 }, "geometry": { "type": "LineString", "coordinates": [ [ 126.9472442, 37.5118889 ], [ 126.9469734, 37.5124319 ] ] } },
{ "type": "Feature", "properties": { "학교": "중앙대", "u": "4613276492", "v": "6590235758", "key": 0, "osmid": "375121716", "name": "만양로8길", "highway": "residential", "length": 40.2, "validation_status": "unobserved", "tmap_hit_routes": 0 }, "geometry": { "type": "LineString", "coordinates": [ [ 126.9471043, 37.508865300000011 ], [ 126.9467269, 37.5086625 ] ] } },
{ "type": "Feature", "properties": { "학교": "중앙대", "u": "4613276492", "v": "4613276505", "key": 0, "osmid": "521260806", "name": "만양로", "highway": "tertiary", "length": 31.1, "validation_status": "unobserved", "tmap_hit_routes": 0 }, "geometry": { "type": "LineString", "coordinates": [ [ 126.9464899, 37.508869 ], [ 126.9467269, 37.5086625 ] ] } },
{ "type": "Feature", "properties": { "학교": "중앙대", "u": "4613276492", "v": "4613276500", "key": 0, "osmid": "521260806", "name": "만양로", "highway": "tertiary", "length": 81.5, "validation_status": "unobserved", "tmap_hit_routes": 0 }, "geometry": { "type": "LineString", "coordinates": [ [ 126.947356400000018, 37.5081266 ], [ 126.94712, 37.50832 ], [ 126.9467269, 37.5086625 ] ] } },
{ "type": "Feature", "properties": { "학교": "중앙대", "u": "6590235758", "v": "4613277152", "key": 0, "osmid": "375121716", "name": "만양로8길", "highway": "residential", "length": 25.0, "validation_status": "unobserved", "tmap_hit_routes": 0 }, "geometry": { "type": "LineString", "coordinates": [ [ 126.947339, 37.508991500000022 ], [ 126.9471043, 37.508865300000011 ] ] } },
{ "type": "Feature", "properties": { "학교": "중앙대", "u": "6590235758", "v": "6590235759", "key": 0, "osmid": "466550416", "name": "만양로6길", "highway": "service", "length": 34.6, "validation_status": "unobserved", "tmap_hit_routes": 0 }, "geometry": { "type": "LineString", "coordinates": [ [ 126.946887500000017, 37.5091243 ], [ 126.9471043, 37.508865300000011 ] ] } },
{ "type": "Feature", "properties": { "학교": "중앙대", "u": "6590235758", "v": "4613276503", "key": 0, "osmid": "801862813", "name": "만양로6길", "highway": "service", "length": 79.5, "validation_status": "unobserved", "tmap_hit_routes": 0 }, "geometry": { "type": "LineString", "coordinates": [ [ 126.9475853, 37.5082603 ], [ 126.9471043, 37.508865300000011 ] ] } },
{ "type": "Feature", "properties": { "학교": "중앙대", "u": "4613276505", "v": "4613276504", "key": 0, "osmid": "701734089", "name": "만양로10길", "highway": "service", "length": 19.5, "validation_status": "unobserved", "tmap_hit_routes": 0 }, "geometry": { "type": "LineString", "coordinates": [ [ 126.946649600000015, 37.5089907 ], [ 126.9464899, 37.508869 ] ] } },
{ "type": "Feature", "properties": { "학교": "중앙대", "u": "4613276500", "v": "4613276503", "key": 0, "osmid": "466550414", "name": "만양로6길", "highway": "residential", "length": 25.1, "validation_status": "unobserved", "tmap_hit_routes": 0 }, "geometry": { "type": "LineString", "coordinates": [ [ 126.9475853, 37.5082603 ], [ 126.947356400000018, 37.5081266 ] ] } },
{ "type": "Feature", "properties": { "학교": "중앙대", "u": "4613276503", "v": "4613277153", "key": 0, "osmid": "801862812", "name": "만양로8길", "highway": "residential", "length": 26.4, "validation_status": "unobserved", "tmap_hit_routes": 0 }, "geometry": { "type": "LineString", "coordinates": [ [ 126.9478243, 37.5084038 ], [ 126.9475853, 37.5082603 ] ] } },
{ "type": "Feature", "properties": { "학교": "중앙대", "u": "4613277153", "v": "4613277152", "key": 0, "osmid": "466550518", "name": "만양로8길", "highway": "residential", "length": 78.1, "validation_status": "unobserved", "tmap_hit_routes": 0 }, "geometry": { "type": "LineString", "coordinates": [ [ 126.947339, 37.508991500000022 ], [ 126.9478243, 37.5084038 ] ] } },
{ "type": "Feature", "properties": { "학교": "중앙대", "u": "4613277153", "v": "12056780993", "key": 0, "osmid": "466550415", "name": "만양로8길", "highway": "service", "length": 13.0, "validation_status": "unobserved", "tmap_hit_routes": 0 }, "geometry": { "type": "LineString", "coordinates": [ [ 126.9479593, 37.50844080000001 ], [ 126.9479253, 37.5084438 ], [ 126.9478243, 37.5084038 ] ] } },
{ "type": "Feature", "properties": { "학교": "중앙대", "u": "4613276504", "v": "6590235759", "key": 0, "osmid": "701734088", "name": "", "highway": "service", "length": 25.7, "validation_status": "unobserved", "tmap_hit_routes": 0 }, "geometry": { "type": "LineString", "coordinates": [ [ 126.946887500000017, 37.5091243 ], [ 126.946649600000015, 37.5089907 ] ] } },
{ "type": "Feature", "properties": { "학교": "중앙대", "u": "4613276504", "v": "6590235763", "key": 0, "osmid": "701734089", "name": "만양로10길", "highway": "service", "length": 88.8, "validation_status": "unobserved", "tmap_hit_routes": 0 }, "geometry": { "type": "LineString", "coordinates": [ [ 126.946508900000012, 37.5097813 ], [ 126.946649600000015, 37.5089907 ] ] } },
{ "type": "Feature", "properties": { "학교": "중앙대", "u": "6590235759", "v": "6590235763", "key": 0, "osmid": "466550416", "name": "만양로6길", "highway": "service", "length": 85.7, "validation_status": "unobserved", "tmap_hit_routes": 0 }, "geometry": { "type": "LineString", "coordinates": [ [ 126.946508900000012, 37.5097813 ], [ 126.9467167, 37.5096919 ], [ 126.946887500000017, 37.5091243 ] ] } },
{ "type": "Feature", "properties": { "학교": "중앙대", "u": "4613277152", "v": "12056781004", "key": 0, "osmid": "375121716", "name": "만양로8길", "highway": "residential", "length": 151.7, "validation_status": "unobserved", "tmap_hit_routes": 0 }, "geometry": { "type": "LineString", "coordinates": [ [ 126.9465681, 37.5101478 ], [ 126.9466336, 37.5101192 ], [ 126.946922699999988, 37.5098764 ], [ 126.9470417, 37.5096808 ], [ 126.947182, 37.509488600000012 ], [ 126.9473435, 37.5091716 ], [ 126.9473605, 37.509003 ], [ 126.947339, 37.508991500000022 ] ] } },
{ "type": "Feature", "properties": { "학교": "중앙대", "u": "12056781004", "v": "12056780993", "key": 0, "osmid": "1301694840", "name": "", "highway": "service", "length": 242.5, "validation_status": "unobserved", "tmap_hit_routes": 0 }, "geometry": { "type": "LineString", "coordinates": [ [ 126.9479593, 37.50844080000001 ], [ 126.9479579, 37.5085494 ], [ 126.9479153, 37.5086413 ], [ 126.9474869, 37.5091243 ], [ 126.947447, 37.509312 ], [ 126.9471688, 37.5096632 ], [ 126.9470074, 37.5099066 ], [ 126.9467485, 37.5101817 ], [ 126.9466878, 37.5101969 ], [ 126.9466302, 37.510188099999986 ], [ 126.9465681, 37.5101478 ] ] } },
{ "type": "Feature", "properties": { "학교": "중앙대", "u": "12056780993", "v": "12056780982", "key": 0, "osmid": "466550415", "name": "만양로8길", "highway": "service", "length": 18.7, "validation_status": "unobserved", "tmap_hit_routes": 0 }, "geometry": { "type": "LineString", "coordinates": [ [ 126.9481355, 37.5083523 ], [ 126.948053499999986, 37.508405 ], [ 126.9479855, 37.5084385 ], [ 126.9479593, 37.50844080000001 ] ] } },
{ "type": "Feature", "properties": { "학교": "중앙대", "u": "4613466700", "v": "4613385578", "key": 0, "osmid": "466572467", "name": "만양로14사길", "highway": "service", "length": 99.4, "validation_status": "unobserved", "tmap_hit_routes": 0 }, "geometry": { "type": "LineString", "coordinates": [ [ 126.9472442, 37.5118889 ], [ 126.9473602, 37.511526300000014 ], [ 126.9475721, 37.5114913 ], [ 126.9477398, 37.5114283 ], [ 126.947828, 37.5113886 ], [ 126.9478898, 37.5113886 ], [ 126.9479777, 37.5113748 ] ] } },
{ "type": "Feature", "properties": { "학교": "중앙대", "u": "8757685950", "v": "5826295509", "key": 0, "osmid": "466550144", "name": "노량진로18길", "highway": "residential", "length": 11.7, "validation_status": "unobserved", "tmap_hit_routes": 0 }, "geometry": { "type": "LineString", "coordinates": [ [ 126.9500034, 37.51270190000001 ], [ 126.9500095, 37.5125964 ] ] } },
{ "type": "Feature", "properties": { "학교": "중앙대", "u": "8757685950", "v": "8757685949", "key": 0, "osmid": "688136518", "name": "", "highway": "footway", "length": 52.7, "validation_status": "unobserved", "tmap_hit_routes": 0 }, "geometry": { "type": "LineString", "coordinates": [ [ 126.949417399999987, 37.512662399999989 ], [ 126.9500095, 37.5125964 ] ] } },
{ "type": "Feature", "properties": { "학교": "중앙대", "u": "8757685950", "v": "8757685952", "key": 0, "osmid": "688136518", "name": "", "highway": "footway", "length": 62.9, "validation_status": "unobserved", "tmap_hit_routes": 0 }, "geometry": { "type": "LineString", "coordinates": [ [ 126.9507219, 37.512577600000022 ], [ 126.9500095, 37.5125964 ] ] } },
{ "type": "Feature", "properties": { "학교": "중앙대", "u": "4613387389", "v": "4613387391", "key": 0, "osmid": "466568430", "name": "", "highway": "service", "length": 29.7, "validation_status": "unobserved", "tmap_hit_routes": 0 }, "geometry": { "type": "LineString", "coordinates": [ [ 126.9499467, 37.5109685 ], [ 126.950038100000015, 37.51103220000001 ], [ 126.9502525, 37.5110263 ] ] } },
{ "type": "Feature", "properties": { "학교": "중앙대", "u": "6451784338", "v": "6451784333", "key": 0, "osmid": [ 688136518, 688136519 ], "name": "", "highway": "footway", "length": 71.4, "validation_status": "unobserved", "tmap_hit_routes": 0 }, "geometry": { "type": "LineString", "coordinates": [ [ 126.9472525, 37.513225 ], [ 126.946552499999981, 37.5133775 ], [ 126.9464715, 37.5133925 ] ] } },
{ "type": "Feature", "properties": { "학교": "중앙대", "u": "4613466584", "v": "4613466588", "key": 0, "osmid": "466572465", "name": "만양로14바길", "highway": "residential", "length": 78.3, "validation_status": "unobserved", "tmap_hit_routes": 0 }, "geometry": { "type": "LineString", "coordinates": [ [ 126.9468472, 37.5112722 ], [ 126.9467202, 37.5109314 ], [ 126.9466702, 37.510877700000016 ], [ 126.9466087, 37.5105997 ] ] } },
{ "type": "Feature", "properties": { "학교": "중앙대", "u": "12056780980", "v": "12056780912", "key": 0, "osmid": "1301694834", "name": "", "highway": "service", "length": 234.2, "validation_status": "unobserved", "tmap_hit_routes": 0 }, "geometry": { "type": "LineString", "coordinates": [ [ 126.9487686, 37.5089548 ], [ 126.9486426, 37.5089487 ], [ 126.9485637, 37.5089565 ], [ 126.948514300000014, 37.5089813 ], [ 126.9483835, 37.5091334 ], [ 126.9481832, 37.509579 ], [ 126.9481103, 37.5096754 ], [ 126.9477902, 37.510002 ], [ 126.947654700000015, 37.5100943 ], [ 126.947338599999981, 37.510444800000016 ], [ 126.9472751, 37.5105442 ], [ 126.947260199999988, 37.5105706 ] ] } },
{ "type": "Feature", "properties": { "학교": "중앙대", "u": "12056780980", "v": "12056780912", "key": 1, "osmid": "1301694839", "name": "", "highway": "service", "length": 261.3, "validation_status": "unobserved", "tmap_hit_routes": 0 }, "geometry": { "type": "LineString", "coordinates": [ [ 126.9487686, 37.5089548 ], [ 126.9487042, 37.5091609 ], [ 126.9486629, 37.50927870000001 ], [ 126.9485673, 37.5094689 ], [ 126.94838, 37.5096883 ], [ 126.9483071, 37.5098759 ], [ 126.9482176, 37.5103558 ], [ 126.9480091, 37.5105558 ], [ 126.947412899999989, 37.5106118 ], [ 126.947260199999988, 37.5105706 ] ] } },
{ "type": "Feature", "properties": { "학교": "중앙대", "u": "4621469171", "v": "4621471097", "key": 0, "osmid": "467538891", "name": "", "highway": "steps", "length": 26.1, "validation_status": "unobserved", "tmap_hit_routes": 0 }, "geometry": { "type": "LineString", "coordinates": [ [ 126.9510725, 37.5015005 ], [ 126.9508288, 37.501366800000014 ] ] } },
{ "type": "Feature", "properties": { "학교": "중앙대", "u": "4621469171", "v": "6963036776", "key": 0, "osmid": "744062050", "name": "상도로47마길", "highway": "service", "length": 40.4, "validation_status": "unobserved", "tmap_hit_routes": 0 }, "geometry": { "type": "LineString", "coordinates": [ [ 126.9511004, 37.501074100000011 ], [ 126.9508288, 37.501366800000014 ] ] } },
{ "type": "Feature", "properties": { "학교": "중앙대", "u": "4621471097", "v": "4621471093", "key": 2, "osmid": "467539110", "name": "상도로47라길", "highway": "service", "length": 70.7, "validation_status": "unobserved", "tmap_hit_routes": 0 }, "geometry": { "type": "LineString", "coordinates": [ [ 126.9510725, 37.5015005 ], [ 126.9509857, 37.5016478 ], [ 126.9510394, 37.5016967 ], [ 126.951389400000011, 37.5017446 ], [ 126.951500700000011, 37.501654100000017 ] ] } },
{ "type": "Feature", "properties": { "학교": "중앙대", "u": "4621471097", "v": "4621471093", "key": 3, "osmid": "467539110", "name": "상도로47라길", "highway": "service", "length": 63.9, "validation_status": "unobserved", "tmap_hit_routes": 0 }, "geometry": { "type": "LineString", "coordinates": [ [ 126.9510725, 37.5015005 ], [ 126.9511909, 37.5014286 ], [ 126.9512687, 37.5014073 ], [ 126.951561, 37.5015453 ], [ 126.951546300000018, 37.501602 ], [ 126.951500700000011, 37.501654100000017 ] ] } },
{ "type": "Feature", "properties": { "학교": "중앙대", "u": "6963036776", "v": "4621471426", "key": 0, "osmid": "467539125", "name": "상도로47가길", "highway": "service", "length": 16.4, "validation_status": "unobserved", "tmap_hit_routes": 0 }, "geometry": { "type": "LineString", "coordinates": [ [ 126.9512519, 37.5011592 ], [ 126.9511004, 37.501074100000011 ] ] } },
{ "type": "Feature", "properties": { "학교": "중앙대", "u": "10708858400", "v": "4621478353", "key": 0, "osmid": "278149001", "name": "상도로39길", "highway": "service", "length": 148.1, "validation_status": "unobserved", "tmap_hit_routes": 0 }, "geometry": { "type": "LineString", "coordinates": [ [ 126.9490524, 37.5028891 ], [ 126.9488603, 37.503114100000012 ], [ 126.948858799999982, 37.5031773 ], [ 126.9488834, 37.5032221 ], [ 126.9490473, 37.5033056 ], [ 126.9491358, 37.5033561 ], [ 126.9492526, 37.5033814 ], [ 126.9493694, 37.5032747 ], [ 126.949457800000019, 37.5032073 ], [ 126.9498684, 37.5030276 ] ] } },
{ "type": "Feature", "properties": { "학교": "중앙대", "u": "4626938545", "v": "4621478353", "key": 0, "osmid": "467539853", "name": "상도로39길", "highway": "service", "length": 29.6, "validation_status": "unobserved", "tmap_hit_routes": 0 }, "geometry": { "type": "LineString", "coordinates": [ [ 126.9490524, 37.5028891 ], [ 126.9487751, 37.5027391 ] ] } },
{ "type": "Feature", "properties": { "학교": "중앙대", "u": "4621486053", "v": "13005891938", "key": 0, "osmid": "1415331571", "name": "상도로47아길", "highway": "service", "length": 19.7, "validation_status": "unobserved", "tmap_hit_routes": 0 }, "geometry": { "type": "LineString", "coordinates": [ [ 126.952559899999983, 37.5044526 ], [ 126.9526029, 37.5042788 ] ] } },
{ "type": "Feature", "properties": { "학교": "중앙대", "u": "13005797931", "v": "13005797934", "key": 0, "osmid": [ 1415331123, 1415331124 ], "name": "상도로47아길", "highway": "service", "length": 28.7, "validation_status": "unobserved", "tmap_hit_routes": 0 }, "geometry": { "type": "LineString", "coordinates": [ [ 126.9528697, 37.5035392 ], [ 126.952879399999986, 37.5036586 ], [ 126.9527088, 37.5036296 ] ] } },
{ "type": "Feature", "properties": { "학교": "중앙대", "u": "4621488496", "v": "4621488501", "key": 0, "osmid": "467541183", "name": "강남초등6길", "highway": "service", "length": 72.4, "validation_status": "validated", "tmap_hit_routes": 2 }, "geometry": { "type": "LineString", "coordinates": [ [ 126.9514481, 37.5054243 ], [ 126.9522638, 37.5055003 ] ] } },
{ "type": "Feature", "properties": { "학교": "중앙대", "u": "4621493613", "v": "4621493616", "key": 0, "osmid": "467541636", "name": "매봉로4길", "highway": "service", "length": 63.6, "validation_status": "validated", "tmap_hit_routes": 1 }, "geometry": { "type": "LineString", "coordinates": [ [ 126.9529125, 37.5082008 ], [ 126.9523187, 37.5078764 ] ] } },
{ "type": "Feature", "properties": { "학교": "중앙대", "u": "4621493613", "v": "8483284778", "key": 0, "osmid": "913232392", "name": "", "highway": "service", "length": 21.9, "validation_status": "validated", "tmap_hit_routes": 1 }, "geometry": { "type": "LineString", "coordinates": [ [ 126.952292, 37.5076802 ], [ 126.9523187, 37.5078764 ] ] } },
{ "type": "Feature", "properties": { "학교": "중앙대", "u": "4621493616", "v": "8483284777", "key": 0, "osmid": "467541637", "name": "매봉로4가길", "highway": "service", "length": 75.9, "validation_status": "unobserved", "tmap_hit_routes": 0 }, "geometry": { "type": "LineString", "coordinates": [ [ 126.9535686, 37.5077591 ], [ 126.9529125, 37.5082008 ] ] } },
{ "type": "Feature", "properties": { "학교": "중앙대", "u": "4621493616", "v": "4621493615", "key": 0, "osmid": "467541636", "name": "매봉로4길", "highway": "service", "length": 36.0, "validation_status": "validated", "tmap_hit_routes": 1 }, "geometry": { "type": "LineString", "coordinates": [ [ 126.953009900000012, 37.5084671 ], [ 126.95305, 37.508283200000015 ], [ 126.9529125, 37.5082008 ] ] } },
{ "type": "Feature", "properties": { "학교": "중앙대", "u": "8483284778", "v": "8483284777", "key": 0, "osmid": "913233036", "name": "", "highway": "service", "length": 112.9, "validation_status": "unobserved", "tmap_hit_routes": 0 }, "geometry": { "type": "LineString", "coordinates": [ [ 126.9535686, 37.5077591 ], [ 126.952292, 37.5076802 ] ] } },
{ "type": "Feature", "properties": { "학교": "중앙대", "u": "8483284777", "v": "4621493641", "key": 0, "osmid": "467541637", "name": "매봉로4가길", "highway": "service", "length": 47.5, "validation_status": "unobserved", "tmap_hit_routes": 0 }, "geometry": { "type": "LineString", "coordinates": [ [ 126.953783900000019, 37.5074098 ], [ 126.953761600000021, 37.5076455 ], [ 126.9535686, 37.5077591 ] ] } },
{ "type": "Feature", "properties": { "학교": "중앙대", "u": "4621493618", "v": "4621493641", "key": 0, "osmid": "467541637", "name": "매봉로4가길", "highway": "service", "length": 63.0, "validation_status": "unobserved", "tmap_hit_routes": 0 }, "geometry": { "type": "LineString", "coordinates": [ [ 126.953783900000019, 37.5074098 ], [ 126.953817, 37.5068435 ] ] } },
{ "type": "Feature", "properties": { "학교": "중앙대", "u": "4621493618", "v": "4621493619", "key": 0, "osmid": "467541638", "name": "매봉로4가길", "highway": "service", "length": 20.0, "validation_status": "unobserved", "tmap_hit_routes": 0 }, "geometry": { "type": "LineString", "coordinates": [ [ 126.953590199999979, 37.5068438 ], [ 126.953817, 37.5068435 ] ] } },
{ "type": "Feature", "properties": { "학교": "중앙대", "u": "4621493641", "v": "4621493642", "key": 0, "osmid": "467541640", "name": "매봉로2길", "highway": "service", "length": 47.4, "validation_status": "unobserved", "tmap_hit_routes": 0 }, "geometry": { "type": "LineString", "coordinates": [ [ 126.95325050000001, 37.5073555 ], [ 126.953783900000019, 37.5074098 ] ] } },
{ "type": "Feature", "properties": { "학교": "중앙대", "u": "4621493642", "v": "4621493643", "key": 0, "osmid": "467541641", "name": "매봉로2길", "highway": "service", "length": 75.0, "validation_status": "validated", "tmap_hit_routes": 1 }, "geometry": { "type": "LineString", "coordinates": [ [ 126.953315300000014, 37.5066829 ], [ 126.95325050000001, 37.5073555 ] ] } },
{ "type": "Feature", "properties": { "학교": "중앙대", "u": "10265961199", "v": "4621496734", "key": 0, "osmid": "467541935", "name": "만양로2길", "highway": "service", "length": 25.4, "validation_status": "unobserved", "tmap_hit_routes": 0 }, "geometry": { "type": "LineString", "coordinates": [ [ 126.9499128, 37.5067627 ], [ 126.9497024, 37.5066061 ] ] } },
{ "type": "Feature", "properties": { "학교": "중앙대", "u": "10265961199", "v": "10265961200", "key": 0, "osmid": "1122453749", "name": "", "highway": "service", "length": 48.3, "validation_status": "unobserved", "tmap_hit_routes": 0 }, "geometry": { "type": "LineString", "coordinates": [ [ 126.9499686, 37.5062261 ], [ 126.9497024, 37.5066061 ] ] } },
{ "type": "Feature", "properties": { "학교": "중앙대", "u": "7252276597", "v": "7252276600", "key": 0, "osmid": "777222925", "name": "", "highway": "service", "length": 7.4, "validation_status": "unobserved", "tmap_hit_routes": 0 }, "geometry": { "type": "LineString", "coordinates": [ [ 126.947073500000016, 37.5051752 ], [ 126.947030900000016, 37.505232900000017 ] ] } },
{ "type": "Feature", "properties": { "학교": "중앙대", "u": "7252276597", "v": "7252276596", "key": 0, "osmid": "777222924", "name": "", "highway": "service", "length": 36.0, "validation_status": "unobserved", "tmap_hit_routes": 0 }, "geometry": { "type": "LineString", "coordinates": [ [ 126.946655, 37.5053544 ], [ 126.9469267, 37.5052517 ], [ 126.9470007, 37.505234699999988 ], [ 126.947030900000016, 37.505232900000017 ] ] } },
{ "type": "Feature", "properties": { "학교": "중앙대", "u": "10265961155", "v": "10265961154", "key": 0, "osmid": "467541937", "name": "상도로", "highway": "service", "length": 1.7, "validation_status": "unobserved", "tmap_hit_routes": 0 }, "geometry": { "type": "LineString", "coordinates": [ [ 126.9478883, 37.5038191 ], [ 126.9478715, 37.503811 ] ] } },
{ "type": "Feature", "properties": { "학교": "중앙대", "u": "4621505856", "v": "4621505861", "key": 0, "osmid": "467543820", "name": "양녕로36길", "highway": "service", "length": 39.0, "validation_status": "unobserved", "tmap_hit_routes": 0 }, "geometry": { "type": "LineString", "coordinates": [ [ 126.9468937, 37.5018916 ], [ 126.9470464, 37.5019553 ], [ 126.9472009, 37.5019637 ], [ 126.9473049, 37.501925 ] ] } },
{ "type": "Feature", "properties": { "학교": "중앙대", "u": "4621505856", "v": "13255700963", "key": 0, "osmid": "1109939810", "name": "", "highway": "service", "length": 124.3, "validation_status": "unobserved", "tmap_hit_routes": 0 }, "geometry": { "type": "LineString", "coordinates": [ [ 126.9481571, 37.501212299999985 ], [ 126.9481472, 37.5012147 ], [ 126.948091600000012, 37.5012087 ], [ 126.948035799999985, 37.501194100000014 ], [ 126.947981199999987, 37.501197 ], [ 126.9479371, 37.5012202 ], [ 126.947805099999982, 37.5015528 ], [ 126.9477608, 37.5015942 ], [ 126.9477125, 37.5016242 ], [ 126.94763810000002, 37.5016431 ], [ 126.9475555, 37.5016465 ], [ 126.9475001, 37.5016615 ], [ 126.9474674, 37.5016861 ], [ 126.9473049, 37.501925 ] ] } },
{ "type": "Feature", "properties": { "학교": "중앙대", "u": "4621505861", "v": "4621505858", "key": 0, "osmid": [ 801862817, 801862818 ], "name": "양녕로36길", "highway": "service", "length": 56.1, "validation_status": "unobserved", "tmap_hit_routes": 0 }, "geometry": { "type": "LineString", "coordinates": [ [ 126.9464571, 37.5022465 ], [ 126.946528, 37.5022229 ], [ 126.9465949, 37.5021789 ], [ 126.9466344, 37.5021377 ], [ 126.9467409, 37.5020202 ], [ 126.946780700000019, 37.5019989 ], [ 126.9468937, 37.5018916 ] ] } },
{ "type": "Feature", "properties": { "학교": "중앙대", "u": "13255700963", "v": "13255700967", "key": 0, "osmid": [ 1444670217, 1444670218 ], "name": "", "highway": [ "service", "steps" ], "length": 40.1, "validation_status": "unobserved", "tmap_hit_routes": 0 }, "geometry": { "type": "LineString", "coordinates": [ [ 126.9480005, 37.5015333 ], [ 126.948051600000014, 37.5014336 ], [ 126.948172899999989, 37.5012897 ], [ 126.9481761, 37.5012692 ], [ 126.9481571, 37.501212299999985 ] ] } },
{ "type": "Feature", "properties": { "학교": "중앙대", "u": "4621509675", "v": "10154131882", "key": 0, "osmid": "467543172", "name": "상도로38길", "highway": "service", "length": 60.6, "validation_status": "unobserved", "tmap_hit_routes": 0 }, "geometry": { "type": "LineString", "coordinates": [ [ 126.949212499999987, 37.5007844 ], [ 126.9487898, 37.5012141 ] ] } },
{ "type": "Feature", "properties": { "학교": "중앙대", "u": "10154131882", "v": "4621509678", "key": 0, "osmid": "467543172", "name": "상도로38길", "highway": "service", "length": 52.2, "validation_status": "unobserved", "tmap_hit_routes": 0 }, "geometry": { "type": "LineString", "coordinates": [ [ 126.949559900000011, 37.5004039 ], [ 126.949212499999987, 37.5007844 ] ] } },
{ "type": "Feature", "properties": { "학교": "중앙대", "u": "10154131882", "v": "10154131884", "key": 0, "osmid": "1109939812", "name": "", "highway": "service", "length": 17.3, "validation_status": "unobserved", "tmap_hit_routes": 0 }, "geometry": { "type": "LineString", "coordinates": [ [ 126.949048600000012, 37.5006997 ], [ 126.949212499999987, 37.5007844 ] ] } },
{ "type": "Feature", "properties": { "학교": "중앙대", "u": "4697324250", "v": "4697324251", "key": 0, "osmid": "476080927", "name": "", "highway": "service", "length": 57.8, "validation_status": "unobserved", "tmap_hit_routes": 0 }, "geometry": { "type": "LineString", "coordinates": [ [ 126.963396900000021, 37.5015382 ], [ 126.962755500000014, 37.501429900000012 ] ] } },
{ "type": "Feature", "properties": { "학교": "중앙대", "u": "4697324250", "v": "4697324244", "key": 0, "osmid": "476080923", "name": "", "highway": "service", "length": 106.1, "validation_status": "unobserved", "tmap_hit_routes": 0 }, "geometry": { "type": "LineString", "coordinates": [ [ 126.9636652, 37.501211500000011 ], [ 126.9636128, 37.5012848 ], [ 126.9628529, 37.5011832 ], [ 126.962755500000014, 37.501429900000012 ] ] } },
{ "type": "Feature", "properties": { "학교": "중앙대", "u": "4697324244", "v": "4697324245", "key": 0, "osmid": "476080924", "name": "", "highway": "service", "length": 15.3, "validation_status": "unobserved", "tmap_hit_routes": 0 }, "geometry": { "type": "LineString", "coordinates": [ [ 126.963530700000021, 37.5011244 ], [ 126.9636652, 37.501211500000011 ] ] } },
{ "type": "Feature", "properties": { "학교": "중앙대", "u": "4697324245", "v": "4697324247", "key": 0, "osmid": "476080925", "name": "", "highway": "service", "length": 40.5, "validation_status": "unobserved", "tmap_hit_routes": 0 }, "geometry": { "type": "LineString", "coordinates": [ [ 126.9630824, 37.5011094 ], [ 126.963464, 37.5011499 ], [ 126.963530700000021, 37.5011244 ] ] } },
{ "type": "Feature", "properties": { "학교": "중앙대", "u": "4697324245", "v": "4697324249", "key": 0, "osmid": "476080926", "name": "", "highway": "service", "length": 34.3, "validation_status": "unobserved", "tmap_hit_routes": 0 }, "geometry": { "type": "LineString", "coordinates": [ [ 126.963203799999988, 37.5010158 ], [ 126.963500200000013, 37.5010594 ], [ 126.963530700000021, 37.5011244 ] ] } },
{ "type": "Feature", "properties": { "학교": "중앙대", "u": "5215341513", "v": "6964092877", "key": 0, "osmid": "744089138", "name": "", "highway": "footway", "length": 522.3, "validation_status": "validated", "tmap_hit_routes": 1 }, "geometry": { "type": "LineString", "coordinates": [ [ 126.9621734, 37.5108909 ], [ 126.9614962, 37.5115058 ], [ 126.961367399999986, 37.5115909 ], [ 126.960441499999988, 37.512016 ], [ 126.9588193, 37.5124547 ], [ 126.9584827, 37.5125887 ], [ 126.958258, 37.5127093 ], [ 126.95715749999998, 37.5132486 ] ] } },
{ "type": "Feature", "properties": { "학교": "중앙대", "u": "6964092877", "v": "6964092883", "key": 0, "osmid": "744089138", "name": "", "highway": "footway", "length": 123.9, "validation_status": "validated", "tmap_hit_routes": 1 }, "geometry": { "type": "LineString", "coordinates": [ [ 126.962935200000018, 37.5099547 ], [ 126.9621734, 37.5108909 ] ] } },
{ "type": "Feature", "properties": { "학교": "중앙대", "u": "6964092877", "v": "6964092879", "key": 0, "osmid": "744089133", "name": "", "highway": "steps", "length": 102.9, "validation_status": "unobserved", "tmap_hit_routes": 0 }, "geometry": { "type": "LineString", "coordinates": [ [ 126.9630371, 37.5103292 ], [ 126.9629099, 37.5105387 ], [ 126.9625811, 37.5106271 ], [ 126.9621734, 37.5108909 ] ] } },
{ "type": "Feature", "properties": { "학교": "중앙대", "u": "5406793607", "v": "5406793610", "key": 0, "osmid": "946506417", "name": "동작충효길", "highway": "path", "length": 35.5, "validation_status": "unobserved", "tmap_hit_routes": 0 }, "geometry": { "type": "LineString", "coordinates": [ [ 126.961839, 37.497259900000017 ], [ 126.9620159, 37.496972899999989 ] ] } },
{ "type": "Feature", "properties": { "학교": "중앙대", "u": "5406793607", "v": "5406793610", "key": 1, "osmid": "946506421", "name": "동작충효길", "highway": "path", "length": 61.7, "validation_status": "unobserved", "tmap_hit_routes": 0 }, "geometry": { "type": "LineString", "coordinates": [ [ 126.961839, 37.497259900000017 ], [ 126.9616447, 37.49707020000001 ], [ 126.9620159, 37.496972899999989 ] ] } },
{ "type": "Feature", "properties": { "학교": "중앙대", "u": "5406793607", "v": "8761605856", "key": 0, "osmid": "946506421", "name": "동작충효길", "highway": "path", "length": 29.4, "validation_status": "unobserved", "tmap_hit_routes": 0 }, "geometry": { "type": "LineString", "coordinates": [ [ 126.962196300000016, 37.49675220000001 ], [ 126.962168, 37.4968093 ], [ 126.9620159, 37.496972899999989 ] ] } },
{ "type": "Feature", "properties": { "학교": "중앙대", "u": "5406793610", "v": "5406793613", "key": 0, "osmid": "946506417", "name": "동작충효길", "highway": "path", "length": 62.0, "validation_status": "unobserved", "tmap_hit_routes": 0 }, "geometry": { "type": "LineString", "coordinates": [ [ 126.9622136, 37.4977212 ], [ 126.9621328, 37.497538600000013 ], [ 126.9619939, 37.4973958 ], [ 126.961894199999989, 37.4973083 ], [ 126.961839, 37.497259900000017 ] ] } },
{ "type": "Feature", "properties": { "학교": "중앙대", "u": "8761605856", "v": "8761605867", "key": 0, "osmid": "946506418", "name": "동작충효길", "highway": "path", "length": 190.1, "validation_status": "unobserved", "tmap_hit_routes": 0 }, "geometry": { "type": "LineString", "coordinates": [ [ 126.96099580000002, 37.4979114 ], [ 126.961069, 37.4978727 ], [ 126.961174700000015, 37.497734 ], [ 126.961256, 37.4972663 ], [ 126.961256, 37.497105 ], [ 126.9612844, 37.4970534 ], [ 126.96135360000001, 37.4970115 ], [ 126.961455200000017, 37.496963099999988 ], [ 126.961637300000021, 37.496909 ], [ 126.961971600000012, 37.496816100000011 ], [ 126.9621164, 37.4967831 ], [ 126.962196300000016, 37.49675220000001 ] ] } },
{ "type": "Feature", "properties": { "학교": "중앙대", "u": "5406793613", "v": "8761605867", "key": 0, "osmid": "946506417", "name": "동작충효길", "highway": "path", "length": 124.7, "validation_status": "unobserved", "tmap_hit_routes": 0 }, "geometry": { "type": "LineString", "coordinates": [ [ 126.96099580000002, 37.4979114 ], [ 126.9615853, 37.497937199999988 ], [ 126.9617764, 37.497959800000011 ], [ 126.962075700000014, 37.4979304 ], [ 126.962182299999981, 37.4978832 ], [ 126.9622136, 37.4977212 ] ] } },
{ "type": "Feature", "properties": { "학교": "중앙대", "u": "8761605867", "v": "8857857341", "key": 0, "osmid": "946506418", "name": "동작충효길", "highway": "path", "length": 76.5, "validation_status": "unobserved", "tmap_hit_routes": 0 }, "geometry": { "type": "LineString", "coordinates": [ [ 126.9602067, 37.4981554 ], [ 126.9604754, 37.4980114 ], [ 126.9607763, 37.4979178 ], [ 126.96099580000002, 37.4979114 ] ] } },
{ "type": "Feature", "properties": { "학교": "중앙대", "u": "8757685938", "v": "5826295509", "key": 0, "osmid": "616215311", "name": "노량진로", "highway": "busway", "length": 49.9, "validation_status": "unobserved", "tmap_hit_routes": 0 }, "geometry": { "type": "LineString", "coordinates": [ [ 126.9500034, 37.51270190000001 ], [ 126.949455, 37.5128139 ] ] } },
{ "type": "Feature", "properties": { "학교": "중앙대", "u": "6451784333", "v": "6451784334", "key": 0, "osmid": "688136517", "name": "노량진로", "highway": "service", "length": 39.8, "validation_status": "unobserved", "tmap_hit_routes": 0 }, "geometry": { "type": "LineString", "coordinates": [ [ 126.947122, 37.512882600000026 ], [ 126.9472525, 37.513225 ] ] } },
{ "type": "Feature", "properties": { "학교": "중앙대", "u": "6451784333", "v": "8323580268", "key": 0, "osmid": "688136518", "name": "", "highway": "footway", "length": 31.5, "validation_status": "unobserved", "tmap_hit_routes": 0 }, "geometry": { "type": "LineString", "coordinates": [ [ 126.9475763, 37.5131063 ], [ 126.9472525, 37.513225 ] ] } },
{ "type": "Feature", "properties": { "학교": "중앙대", "u": "8323580268", "v": "8323580266", "key": 0, "osmid": "688136518", "name": "", "highway": "footway", "length": 18.3, "validation_status": "unobserved", "tmap_hit_routes": 0 }, "geometry": { "type": "LineString", "coordinates": [ [ 126.9477757, 37.5130599 ], [ 126.9475763, 37.5131063 ] ] } },
{ "type": "Feature", "properties": { "학교": "중앙대", "u": "8323580268", "v": "8323580270", "key": 0, "osmid": "895444316", "name": "", "highway": "steps", "length": 13.2, "validation_status": "unobserved", "tmap_hit_routes": 0 }, "geometry": { "type": "LineString", "coordinates": [ [ 126.947706900000014, 37.5130954 ], [ 126.9475821, 37.513122 ], [ 126.9475763, 37.5131063 ] ] } },
{ "type": "Feature", "properties": { "학교": "중앙대", "u": "8323580266", "v": "8323580270", "key": 0, "osmid": "895444315", "name": "", "highway": "steps", "length": 8.7, "validation_status": "unobserved", "tmap_hit_routes": 0 }, "geometry": { "type": "LineString", "coordinates": [ [ 126.947706900000014, 37.5130954 ], [ 126.9477819, 37.5130747 ], [ 126.9477757, 37.5130599 ] ] } },
{ "type": "Feature", "properties": { "학교": "중앙대", "u": "6964092883", "v": "6964092882", "key": 0, "osmid": "744089133", "name": "", "highway": "steps", "length": 22.8, "validation_status": "unobserved", "tmap_hit_routes": 0 }, "geometry": { "type": "LineString", "coordinates": [ [ 126.963117600000018, 37.5100994 ], [ 126.962935200000018, 37.5099547 ] ] } },
{ "type": "Feature", "properties": { "학교": "중앙대", "u": "6964092883", "v": "6964093585", "key": 0, "osmid": "744089136", "name": "", "highway": "footway", "length": 48.5, "validation_status": "validated", "tmap_hit_routes": 1 }, "geometry": { "type": "LineString", "coordinates": [ [ 126.963234, 37.5095885 ], [ 126.962935200000018, 37.5099547 ] ] } },
{ "type": "Feature", "properties": { "학교": "중앙대", "u": "6964092879", "v": "6964092882", "key": 0, "osmid": "744089134", "name": "", "highway": "steps", "length": 26.5, "validation_status": "unobserved", "tmap_hit_routes": 0 }, "geometry": { "type": "LineString", "coordinates": [ [ 126.963117600000018, 37.5100994 ], [ 126.9630371, 37.5103292 ] ] } },
{ "type": "Feature", "properties": { "학교": "중앙대", "u": "6964092879", "v": "6964092882", "key": 1, "osmid": "744089133", "name": "", "highway": "steps", "length": 91.4, "validation_status": "unobserved", "tmap_hit_routes": 0 }, "geometry": { "type": "LineString", "coordinates": [ [ 126.963117600000018, 37.5100994 ], [ 126.963509200000018, 37.510342 ], [ 126.963359, 37.5104356 ], [ 126.9630371, 37.5103292 ] ] } },
{ "type": "Feature", "properties": { "학교": "중앙대", "u": "6964093585", "v": "13392265479", "key": 0, "osmid": "744089135", "name": "", "highway": "footway", "length": 7.5, "validation_status": "unobserved", "tmap_hit_routes": 0 }, "geometry": { "type": "LineString", "coordinates": [ [ 126.9631642, 37.5095502 ], [ 126.963234, 37.5095885 ] ] } },
{ "type": "Feature", "properties": { "학교": "중앙대", "u": "6964093585", "v": "13675095845", "key": 0, "osmid": "744089136", "name": "", "highway": "footway", "length": 116.2, "validation_status": "validated", "tmap_hit_routes": 2 }, "geometry": { "type": "LineString", "coordinates": [ [ 126.9640106, 37.508745 ], [ 126.9639838, 37.5087719 ], [ 126.9637209, 37.509064400000014 ], [ 126.9634209, 37.5093795 ], [ 126.963234, 37.5095885 ] ] } },
{ "type": "Feature", "properties": { "학교": "중앙대", "u": "13675095845", "v": "13392271804", "key": 0, "osmid": "744089136", "name": "", "highway": "footway", "length": 248.7, "validation_status": "unobserved", "tmap_hit_routes": 0 }, "geometry": { "type": "LineString", "coordinates": [ [ 126.966173, 37.507356200000011 ], [ 126.9660752, 37.5073924 ], [ 126.965834700000016, 37.5074857 ], [ 126.965788700000019, 37.5075036 ], [ 126.9654945, 37.5076405 ], [ 126.9654497, 37.5076636 ], [ 126.9652264, 37.5077786 ], [ 126.9649059, 37.5079775 ], [ 126.9648682, 37.5080023 ], [ 126.9648057, 37.508043399999984 ], [ 126.9645921, 37.508183899999985 ], [ 126.964407, 37.5083392 ], [ 126.964345300000019, 37.5084094 ], [ 126.9640106, 37.508745 ] ] } },
{ "type": "Feature", "properties": { "학교": "중앙대", "u": "13675095845", "v": "13675095847", "key": 0, "osmid": "1492275603", "name": "서달로", "highway": "tertiary", "length": 52.0, "validation_status": "validated", "tmap_hit_routes": 1 }, "geometry": { "type": "LineString", "coordinates": [ [ 126.9645738, 37.5088823 ], [ 126.964292, 37.508802400000015 ], [ 126.9640106, 37.508745 ] ] } },
{ "type": "Feature", "properties": { "학교": "중앙대", "u": "13392265486", "v": "13392265485", "key": 0, "osmid": "1460192363", "name": "현충로", "highway": "primary", "length": 37.5, "validation_status": "unobserved", "tmap_hit_routes": 0 }, "geometry": { "type": "LineString", "coordinates": [ [ 126.966142500000018, 37.507306599999986 ], [ 126.9665267, 37.5071613 ] ] } },
{ "type": "Feature", "properties": { "학교": "중앙대", "u": "13392265486", "v": "13392265487", "key": 0, "osmid": "1460192363", "name": "현충로", "highway": "primary", "length": 32.2, "validation_status": "unobserved", "tmap_hit_routes": 0 }, "geometry": { "type": "LineString", "coordinates": [ [ 126.9668538, 37.5070333 ], [ 126.9665267, 37.5071613 ] ] } },
{ "type": "Feature", "properties": { "학교": "중앙대", "u": "13392265486", "v": "13392271804", "key": 0, "osmid": [ 744089136, 832888232 ], "name": "", "highway": "footway", "length": 43.6, "validation_status": "unobserved", "tmap_hit_routes": 0 }, "geometry": { "type": "LineString", "coordinates": [ [ 126.966173, 37.507356200000011 ], [ 126.9663122, 37.5073048 ], [ 126.9665543, 37.5072152 ], [ 126.9665267, 37.5071613 ] ] } },
{ "type": "Feature", "properties": { "학교": "중앙대", "u": "8323580259", "v": "8323580264", "key": 0, "osmid": "688383942", "name": "", "highway": "footway", "length": 31.7, "validation_status": "unobserved", "tmap_hit_routes": 0 }, "geometry": { "type": "LineString", "coordinates": [ [ 126.9475936, 37.5134127 ], [ 126.9479368, 37.5133277 ] ] } },
{ "type": "Feature", "properties": { "학교": "중앙대", "u": "8323580259", "v": "8757685962", "key": 0, "osmid": "688383942", "name": "", "highway": "footway", "length": 145.0, "validation_status": "unobserved", "tmap_hit_routes": 0 }, "geometry": { "type": "LineString", "coordinates": [ [ 126.9495151, 37.5129658 ], [ 126.9494649, 37.5129735 ], [ 126.9492516, 37.5130358 ], [ 126.9486713, 37.5131653 ], [ 126.948510399999989, 37.5132035 ], [ 126.9481166, 37.513297 ], [ 126.9479368, 37.5133277 ] ] } },
{ "type": "Feature", "properties": { "학교": "중앙대", "u": "8323580259", "v": "8323580271", "key": 0, "osmid": "895444311", "name": "", "highway": "steps", "length": 17.8, "validation_status": "unobserved", "tmap_hit_routes": 0 }, "geometry": { "type": "LineString", "coordinates": [ [ 126.9477725, 37.5133252 ], [ 126.9479133, 37.5132896 ], [ 126.9479368, 37.5133277 ] ] } },
{ "type": "Feature", "properties": { "학교": "중앙대", "u": "8323580264", "v": "8323580271", "key": 0, "osmid": "895444314", "name": "", "highway": "steps", "length": 23.9, "validation_status": "unobserved", "tmap_hit_routes": 0 }, "geometry": { "type": "LineString", "coordinates": [ [ 126.9477725, 37.5133252 ], [ 126.947569299999984, 37.5133694 ], [ 126.9475936, 37.5134127 ] ] } },
{ "type": "Feature", "properties": { "학교": "중앙대", "u": "8757685962", "v": "8757685956", "key": 0, "osmid": "688383942", "name": "", "highway": "footway", "length": 109.2, "validation_status": "unobserved", "tmap_hit_routes": 0 }, "geometry": { "type": "LineString", "coordinates": [ [ 126.9507453, 37.5128835 ], [ 126.9502278, 37.512881799999988 ], [ 126.949875, 37.5129124 ], [ 126.9495151, 37.5129658 ] ] } },
{ "type": "Feature", "properties": { "학교": "중앙대", "u": "8323580271", "v": "8323580270", "key": 0, "osmid": "895444312", "name": "", "highway": "footway", "length": 26.2, "validation_status": "unobserved", "tmap_hit_routes": 0 }, "geometry": { "type": "LineString", "coordinates": [ [ 126.947706900000014, 37.5130954 ], [ 126.9477725, 37.5133252 ] ] } },
{ "type": "Feature", "properties": { "학교": "중앙대", "u": "8482522483", "v": "8482522489", "key": 0, "osmid": "913142564", "name": "", "highway": "service", "length": 47.3, "validation_status": "unobserved", "tmap_hit_routes": 0 }, "geometry": { "type": "LineString", "coordinates": [ [ 126.9673902, 37.507964099999988 ], [ 126.9678837, 37.5077982 ] ] } },
{ "type": "Feature", "properties": { "학교": "중앙대", "u": "8482522489", "v": "8482522484", "key": 0, "osmid": "913142564", "name": "", "highway": "service", "length": 84.2, "validation_status": "unobserved", "tmap_hit_routes": 0 }, "geometry": { "type": "LineString", "coordinates": [ [ 126.9665211, 37.5082769 ], [ 126.9673902, 37.507964099999988 ] ] } },
{ "type": "Feature", "properties": { "학교": "중앙대", "u": "8482522489", "v": "8482522486", "key": 0, "osmid": "913142567", "name": "", "highway": "service", "length": 60.1, "validation_status": "unobserved", "tmap_hit_routes": 0 }, "geometry": { "type": "LineString", "coordinates": [ [ 126.9671037, 37.507473600000012 ], [ 126.9673902, 37.507964099999988 ] ] } },
{ "type": "Feature", "properties": { "학교": "중앙대", "u": "8482522485", "v": "8482522486", "key": 0, "osmid": "913142565", "name": "", "highway": "service", "length": 35.8, "validation_status": "unobserved", "tmap_hit_routes": 0 }, "geometry": { "type": "LineString", "coordinates": [ [ 126.9671037, 37.507473600000012 ], [ 126.967462600000019, 37.5073237 ] ] } },
{ "type": "Feature", "properties": { "학교": "중앙대", "u": "8482522486", "v": "8482522487", "key": 0, "osmid": "913142565", "name": "", "highway": "service", "length": 68.1, "validation_status": "unobserved", "tmap_hit_routes": 0 }, "geometry": { "type": "LineString", "coordinates": [ [ 126.966411399999984, 37.5077447 ], [ 126.9671037, 37.507473600000012 ] ] } },
{ "type": "Feature", "properties": { "학교": "중앙대", "u": "8482522486", "v": "13392265487", "key": 0, "osmid": "913142567", "name": "", "highway": "service", "length": 53.7, "validation_status": "unobserved", "tmap_hit_routes": 0 }, "geometry": { "type": "LineString", "coordinates": [ [ 126.9668538, 37.5070333 ], [ 126.9671037, 37.507473600000012 ] ] } },
{ "type": "Feature", "properties": { "학교": "중앙대", "u": "8482522487", "v": "13392271804", "key": 0, "osmid": "913142566", "name": "", "highway": "service", "length": 48.0, "validation_status": "unobserved", "tmap_hit_routes": 0 }, "geometry": { "type": "LineString", "coordinates": [ [ 126.966173, 37.507356200000011 ], [ 126.966411399999984, 37.5077447 ] ] } },
{ "type": "Feature", "properties": { "학교": "중앙대", "u": "8482522487", "v": "8482522488", "key": 0, "osmid": "913142566", "name": "", "highway": "service", "length": 13.5, "validation_status": "unobserved", "tmap_hit_routes": 0 }, "geometry": { "type": "LineString", "coordinates": [ [ 126.9664782, 37.50785350000001 ], [ 126.966411399999984, 37.5077447 ] ] } },
{ "type": "Feature", "properties": { "학교": "중앙대", "u": "13392271804", "v": "13392265485", "key": 0, "osmid": "913142566", "name": "", "highway": "service", "length": 6.1, "validation_status": "unobserved", "tmap_hit_routes": 0 }, "geometry": { "type": "LineString", "coordinates": [ [ 126.966142500000018, 37.507306599999986 ], [ 126.966173, 37.507356200000011 ] ] } },
{ "type": "Feature", "properties": { "학교": "중앙대", "u": "8857857341", "v": "8857857358", "key": 0, "osmid": [ 946506418, 946506420 ], "name": "동작충효길", "highway": "path", "length": 122.0, "validation_status": "unobserved", "tmap_hit_routes": 0 }, "geometry": { "type": "LineString", "coordinates": [ [ 126.95912610000002, 37.498805400000016 ], [ 126.959150100000016, 37.4987855 ], [ 126.9592192, 37.4986629 ], [ 126.959337100000013, 37.4985823 ], [ 126.9596156, 37.4984484 ], [ 126.959861500000017, 37.4983404 ], [ 126.9602067, 37.4981554 ] ] } },
{ "type": "Feature", "properties": { "학교": "중앙대", "u": "8761605888", "v": "8857857358", "key": 0, "osmid": "946506420", "name": "동작충효길", "highway": "path", "length": 128.6, "validation_status": "unobserved", "tmap_hit_routes": 0 }, "geometry": { "type": "LineString", "coordinates": [ [ 126.95912610000002, 37.498805400000016 ], [ 126.959064699999985, 37.4988564 ], [ 126.95899150000001, 37.4988758 ], [ 126.9589387, 37.4988629 ], [ 126.958796400000011, 37.4988113 ], [ 126.958639, 37.4987487 ], [ 126.9584592, 37.498716700000017 ], [ 126.9583198, 37.4987019 ], [ 126.958059600000013, 37.498689099999986 ], [ 126.957979100000017, 37.4986976 ], [ 126.9579335, 37.4987104 ], [ 126.957803900000016, 37.4988191 ] ] } },
{ "type": "Feature", "properties": { "학교": "중앙대", "u": "8761605888", "v": "8857857355", "key": 0, "osmid": "957241483", "name": "동작충효길", "highway": "path", "length": 139.2, "validation_status": "unobserved", "tmap_hit_routes": 0 }, "geometry": { "type": "LineString", "coordinates": [ [ 126.9592229, 37.4989553 ], [ 126.9591483, 37.499037 ], [ 126.9590288, 37.4990605 ], [ 126.958964, 37.499085700000016 ], [ 126.958882200000019, 37.4990873 ], [ 126.958761699999982, 37.4991011 ], [ 126.958608, 37.4990674 ], [ 126.9584945, 37.499039400000015 ], [ 126.958394399999989, 37.4989636 ], [ 126.9583037, 37.498920300000016 ], [ 126.9582379, 37.4988892 ], [ 126.9582064, 37.4988704 ], [ 126.9581683, 37.4988681 ], [ 126.9581326, 37.4988635 ], [ 126.958078, 37.4988566 ], [ 126.957992300000015, 37.4988467 ], [ 126.957894, 37.4988501 ], [ 126.957803900000016, 37.4988191 ] ] } },
{ "type": "Feature", "properties": { "학교": "중앙대", "u": "8857857358", "v": "8857857355", "key": 0, "osmid": "957241483", "name": "동작충효길", "highway": "path", "length": 18.9, "validation_status": "unobserved", "tmap_hit_routes": 0 }, "geometry": { "type": "LineString", "coordinates": [ [ 126.9592229, 37.4989553 ], [ 126.9591878, 37.4988893 ], [ 126.959164500000014, 37.4988412 ], [ 126.95912610000002, 37.498805400000016 ] ] } },
{ "type": "Feature", "properties": { "학교": "중앙대", "u": "13195507443", "v": "13195507460", "key": 0, "osmid": [ 1435644005, 331197231 ], "name": "", "highway": [ "footway", "path" ], "length": 180.9, "validation_status": "unobserved", "tmap_hit_routes": 0 }, "geometry": { "type": "LineString", "coordinates": [ [ 126.9491658, 37.499290200000026 ], [ 126.949090699999985, 37.4992906 ], [ 126.9488925, 37.4992637 ], [ 126.9486893, 37.4992018 ], [ 126.9485528, 37.4993282 ], [ 126.9484731, 37.4992643 ], [ 126.948365, 37.4992276 ], [ 126.9483144, 37.4992103 ], [ 126.948261, 37.4991921 ], [ 126.9480895, 37.4991683 ], [ 126.9480175, 37.499093599999988 ], [ 126.9481431, 37.4987822 ], [ 126.948167199999986, 37.4986267 ], [ 126.9481713, 37.49854650000001 ] ] } },
{ "type": "Feature", "properties": { "학교": "중앙대", "u": "13195507443", "v": "10127723815", "key": 0, "osmid": "467543442", "name": "양녕로32길", "highway": "service", "length": 139.7, "validation_status": "unobserved", "tmap_hit_routes": 0 }, "geometry": { "type": "LineString", "coordinates": [ [ 126.9476672, 37.4996971 ], [ 126.9476936, 37.4996559 ], [ 126.9477437, 37.4996196 ], [ 126.9477726, 37.4995799 ], [ 126.9477917, 37.4994754 ], [ 126.9477928, 37.4992811 ], [ 126.9478171, 37.499168800000014 ], [ 126.9478364, 37.4991315 ], [ 126.9478954, 37.499048800000011 ], [ 126.9480155, 37.498736 ], [ 126.9480824, 37.4986018 ], [ 126.9481713, 37.49854650000001 ] ] } },
{ "type": "Feature", "properties": { "학교": "중앙대", "u": "12864823352", "v": "12864823363", "key": 0, "osmid": "1389847087", "name": "", "highway": "residential", "length": 164.2, "validation_status": "validated", "tmap_hit_routes": 1 }, "geometry": { "type": "LineString", "coordinates": [ [ 126.9619801, 37.5039299 ], [ 126.96191850000001, 37.5039653 ], [ 126.9618469, 37.5039562 ], [ 126.9618031, 37.5038909 ], [ 126.9617924, 37.5037867 ], [ 126.9617718, 37.50372 ], [ 126.9618004, 37.5036796 ], [ 126.961829, 37.5036696 ], [ 126.961869299999989, 37.503535600000014 ], [ 126.961779, 37.5034285 ], [ 126.9614938, 37.5035547 ], [ 126.961152200000015, 37.503678100000016 ], [ 126.960887099999979, 37.503730199999985 ] ] } },
{ "type": "Feature", "properties": { "학교": "중앙대", "u": "10127723815", "v": "13261401479", "key": 0, "osmid": [ 467543442, 278148180 ], "name": [ "상도로38다길", "양녕로32길" ], "highway": "service", "length": 107.3, "validation_status": "unobserved", "tmap_hit_routes": 0 }, "geometry": { "type": "LineString", "coordinates": [ [ 126.948701, 37.499899900000017 ], [ 126.9486708, 37.499878 ], [ 126.9484304, 37.4997785 ], [ 126.9482759, 37.4997849 ], [ 126.948215, 37.4997833 ], [ 126.9481043, 37.4997691 ], [ 126.948032400000017, 37.4997642 ], [ 126.947968, 37.4997778 ], [ 126.9478913, 37.49980260000001 ], [ 126.9478353, 37.499825 ], [ 126.947775, 37.4998287 ], [ 126.9477144, 37.499813800000013 ], [ 126.9476768, 37.499792100000015 ], [ 126.9476663, 37.4997696 ], [ 126.9476636, 37.4997361 ], [ 126.9476672, 37.4996971 ] ] } },
{ "type": "Feature", "properties": { "학교": "중앙대", "u": "13261401479", "v": "13261401489", "key": 0, "osmid": "278150001", "name": "", "highway": "residential", "length": 5.2, "validation_status": "unobserved", "tmap_hit_routes": 0 }, "geometry": { "type": "LineString", "coordinates": [ [ 126.948705, 37.4998532 ], [ 126.948701, 37.499899900000017 ] ] } },
{ "type": "Feature", "properties": { "학교": "중앙대", "u": "13261401479", "v": "13261401490", "key": 0, "osmid": "1445405070", "name": "", "highway": "service", "length": 15.3, "validation_status": "unobserved", "tmap_hit_routes": 0 }, "geometry": { "type": "LineString", "coordinates": [ [ 126.9488565, 37.4999615 ], [ 126.948701, 37.499899900000017 ] ] } },
{ "type": "Feature", "properties": { "학교": "중앙대", "u": "10570464715", "v": "10570464721", "key": 0, "osmid": "1133800918", "name": "", "highway": "footway", "length": 135.6, "validation_status": "unobserved", "tmap_hit_routes": 0 }, "geometry": { "type": "LineString", "coordinates": [ [ 126.94969930000002, 37.4978955 ], [ 126.9495092, 37.497805900000017 ], [ 126.949439, 37.4977892 ], [ 126.949391, 37.4977662 ], [ 126.949368, 37.4977279 ], [ 126.9493591, 37.4973291 ], [ 126.949315699999985, 37.497188400000013 ], [ 126.949263400000021, 37.4968355 ] ] } },
{ "type": "Feature", "properties": { "학교": "중앙대", "u": "10570464715", "v": "10570464800", "key": 0, "osmid": "1133800919", "name": "", "highway": "footway", "length": 56.6, "validation_status": "unobserved", "tmap_hit_routes": 0 }, "geometry": { "type": "LineString", "coordinates": [ [ 126.949846199999982, 37.496838 ], [ 126.949806, 37.4968503 ], [ 126.949534600000021, 37.4968573 ], [ 126.94945060000002, 37.496803 ], [ 126.9493797, 37.4967835 ], [ 126.949331500000014, 37.4967847 ], [ 126.94929070000002, 37.4968039 ], [ 126.949263400000021, 37.4968355 ] ] } },
{ "type": "Feature", "properties": { "학교": "중앙대", "u": "10570464800", "v": "10570464798", "key": 0, "osmid": "1133800925", "name": "", "highway": "footway", "length": 53.6, "validation_status": "unobserved", "tmap_hit_routes": 0 }, "geometry": { "type": "LineString", "coordinates": [ [ 126.949952600000017, 37.4972923 ], [ 126.9499226, 37.4972421 ], [ 126.9499183, 37.497214 ], [ 126.9499547, 37.4970625 ], [ 126.9499451, 37.4969944 ], [ 126.949846199999982, 37.496838 ] ] } },
{ "type": "Feature", "properties": { "학교": "중앙대", "u": "10570464798", "v": "11413637759", "key": 0, "osmid": "1230724622", "name": "", "highway": "footway", "length": 17.6, "validation_status": "unobserved", "tmap_hit_routes": 0 }, "geometry": { "type": "LineString", "coordinates": [ [ 126.9501321, 37.4972231 ], [ 126.949952600000017, 37.4972923 ] ] } },
{ "type": "Feature", "properties": { "학교": "중앙대", "u": "11413637585", "v": "11413637584", "key": 0, "osmid": [ 1230724611, 1230724703 ], "name": "", "highway": "footway", "length": 98.5, "validation_status": "unobserved", "tmap_hit_routes": 0 }, "geometry": { "type": "LineString", "coordinates": [ [ 126.95032070000002, 37.4971591 ], [ 126.950819600000017, 37.4969606 ], [ 126.950982, 37.496932900000012 ], [ 126.9512768, 37.497014199999988 ], [ 126.9513529, 37.4970334 ] ] } },
{ "type": "Feature", "properties": { "학교": "중앙대", "u": "11413637561", "v": "11413637916", "key": 0, "osmid": "1230724653", "name": "", "highway": "footway", "length": 9.1, "validation_status": "unobserved", "tmap_hit_routes": 0 }, "geometry": { "type": "LineString", "coordinates": [ [ 126.9525737, 37.4977929 ], [ 126.9526751, 37.4977775 ] ] } },
{ "type": "Feature", "properties": { "학교": "중앙대", "u": "11413637615", "v": "11413637939", "key": 0, "osmid": "1230724654", "name": "", "highway": "footway", "length": 10.5, "validation_status": "unobserved", "tmap_hit_routes": 0 }, "geometry": { "type": "LineString", "coordinates": [ [ 126.952512700000014, 37.497314599999989 ], [ 126.95261, 37.497369 ] ] } },
{ "type": "Feature", "properties": { "학교": "중앙대", "u": "13597219421", "v": "13597219422", "key": 0, "osmid": "1482765087", "name": "상도로", "highway": "primary", "length": 79.7, "validation_status": "unobserved", "tmap_hit_routes": 0 }, "geometry": { "type": "LineString", "coordinates": [ [ 126.952351, 37.4976772 ], [ 126.952188, 37.4978619 ], [ 126.95183320000001, 37.498264 ] ] } },
{ "type": "Feature", "properties": { "학교": "중앙대", "u": "11413637779", "v": "11413637879", "key": 0, "osmid": "1230724618", "name": "", "highway": "footway", "length": 8.5, "validation_status": "unobserved", "tmap_hit_routes": 0 }, "geometry": { "type": "LineString", "coordinates": [ [ 126.9522967, 37.4975583 ], [ 126.9522703, 37.4976318 ] ] } },
{ "type": "Feature", "properties": { "학교": "중앙대", "u": "11413637779", "v": "13597219422", "key": 0, "osmid": "1230724626", "name": "", "highway": "footway", "length": 8.7, "validation_status": "unobserved", "tmap_hit_routes": 0 }, "geometry": { "type": "LineString", "coordinates": [ [ 126.952351, 37.4976772 ], [ 126.9522703, 37.4976318 ] ] } },
{ "type": "Feature", "properties": { "학교": "중앙대", "u": "13195507460", "v": "13261401489", "key": 0, "osmid": "278150001", "name": "", "highway": "residential", "length": 81.0, "validation_status": "unobserved", "tmap_hit_routes": 0 }, "geometry": { "type": "LineString", "coordinates": [ [ 126.948705, 37.4998532 ], [ 126.9487198, 37.4996781 ], [ 126.9487304, 37.4996484 ], [ 126.948763900000017, 37.4996232 ], [ 126.9488299, 37.4996043 ], [ 126.9489933, 37.4995073 ], [ 126.949116799999985, 37.4994172 ], [ 126.949161, 37.4993432 ], [ 126.9491658, 37.499290200000026 ] ] } },
{ "type": "Feature", "properties": { "학교": "중앙대", "u": "12056780912", "v": "12056780982", "key": 0, "osmid": "1301694839", "name": "", "highway": "service", "length": 93.8, "validation_status": "unobserved", "tmap_hit_routes": 0 }, "geometry": { "type": "LineString", "coordinates": [ [ 126.9481355, 37.5083523 ], [ 126.9487033, 37.508675200000013 ], [ 126.948765, 37.5087946 ], [ 126.9487686, 37.5089548 ] ] } },
{ "type": "Feature", "properties": { "학교": "중앙대", "u": "12791615943", "v": "12794284367", "key": 0, "osmid": "1381653390", "name": "", "highway": "service", "length": 3.4, "validation_status": "unobserved", "tmap_hit_routes": 0 }, "geometry": { "type": "LineString", "coordinates": [ [ 126.95733970000002, 37.4974236 ], [ 126.9573012, 37.497427100000024 ] ] } },
{ "type": "Feature", "properties": { "학교": "중앙대", "u": "12791615943", "v": "12785640001", "key": 0, "osmid": [ 1381099037, 1381653374 ], "name": "", "highway": "service", "length": 76.0, "validation_status": "unobserved", "tmap_hit_routes": 0 }, "geometry": { "type": "LineString", "coordinates": [ [ 126.9571936, 37.4967495 ], [ 126.957211700000016, 37.4968011 ], [ 126.9573012, 37.497427100000024 ] ] } },
{ "type": "Feature", "properties": { "학교": "중앙대", "u": "12794284418", "v": "12794274325", "key": 0, "osmid": "1381930943", "name": "", "highway": "service", "length": 25.7, "validation_status": "unobserved", "tmap_hit_routes": 0 }, "geometry": { "type": "LineString", "coordinates": [ [ 126.955614600000018, 37.4969273 ], [ 126.955324500000017, 37.4969441 ] ] } },
{ "type": "Feature", "properties": { "학교": "중앙대", "u": "12794284418", "v": "12785640056", "key": 0, "osmid": "1381099036", "name": "", "highway": "service", "length": 25.9, "validation_status": "unobserved", "tmap_hit_routes": 0 }, "geometry": { "type": "LineString", "coordinates": [ [ 126.9553511, 37.4967199 ], [ 126.9553189, 37.4967609 ], [ 126.9553108, 37.4967928 ], [ 126.955324500000017, 37.4969441 ] ] } },
{ "type": "Feature", "properties": { "학교": "중앙대", "u": "12785640056", "v": "12794284414", "key": 0, "osmid": "1381099037", "name": "", "highway": "service", "length": 29.4, "validation_status": "unobserved", "tmap_hit_routes": 0 }, "geometry": { "type": "LineString", "coordinates": [ [ 126.9556829, 37.4966999 ], [ 126.9555075, 37.4967126 ], [ 126.9554223, 37.4967187 ], [ 126.9553511, 37.4967199 ] ] } },
{ "type": "Feature", "properties": { "학교": "중앙대", "u": "12791615941", "v": "12794284367", "key": 0, "osmid": "1381653390", "name": "", "highway": "service", "length": 49.3, "validation_status": "unobserved", "tmap_hit_routes": 0 }, "geometry": { "type": "LineString", "coordinates": [ [ 126.95733970000002, 37.4974236 ], [ 126.9578954, 37.4973737 ] ] } },
{ "type": "Feature", "properties": { "학교": "중앙대", "u": "12794284367", "v": "12794284368", "key": 0, "osmid": "1381930934", "name": "", "highway": "footway", "length": 65.4, "validation_status": "unobserved", "tmap_hit_routes": 0 }, "geometry": { "type": "LineString", "coordinates": [ [ 126.9572561, 37.496838800000013 ], [ 126.95733970000002, 37.4974236 ] ] } },
{ "type": "Feature", "properties": { "학교": "중앙대", "u": "13363593900", "v": "13363593899", "key": 0, "osmid": "913019144", "name": "", "highway": "service", "length": 33.4, "validation_status": "unobserved", "tmap_hit_routes": 0 }, "geometry": { "type": "LineString", "coordinates": [ [ 126.9501654, 37.5075873 ], [ 126.9499543, 37.5073384 ] ] } },
{ "type": "Feature", "properties": { "학교": "중앙대", "u": "13363593900", "v": "13363604104", "key": 0, "osmid": "1457133767", "name": "", "highway": "service", "length": 90.7, "validation_status": "unobserved", "tmap_hit_routes": 0 }, "geometry": { "type": "LineString", "coordinates": [ [ 126.949015, 37.5076648 ], [ 126.9490478, 37.5076405 ], [ 126.9499543, 37.5073384 ] ] } },
{ "type": "Feature", "properties": { "학교": "중앙대", "u": "13363604104", "v": "13363593899", "key": 0, "osmid": "1457133766", "name": "", "highway": "service", "length": 120.6, "validation_status": "validated", "tmap_hit_routes": 1 }, "geometry": { "type": "LineString", "coordinates": [ [ 126.9501654, 37.5075873 ], [ 126.949238599999987, 37.5078761 ], [ 126.949191199999987, 37.507874 ], [ 126.94915730000001, 37.5078568 ], [ 126.9490841, 37.507733 ], [ 126.9490489, 37.5076878 ], [ 126.949015, 37.5076648 ] ] } },
{ "type": "Feature", "properties": { "학교": "중앙대", "u": "13363604135", "v": "13363604139", "key": 0, "osmid": "1457133773", "name": "", "highway": "service", "length": 4.8, "validation_status": "unobserved", "tmap_hit_routes": 0 }, "geometry": { "type": "LineString", "coordinates": [ [ 126.948373500000017, 37.5078561 ], [ 126.948335199999988, 37.5078873 ] ] } },
{ "type": "Feature", "properties": { "학교": "중앙대", "u": "13363604135", "v": "13363604137", "key": 0, "osmid": "1457133771", "name": "", "highway": "service", "length": 33.2, "validation_status": "unobserved", "tmap_hit_routes": 0 }, "geometry": { "type": "LineString", "coordinates": [ [ 126.948063300000015, 37.5077621 ], [ 126.9482843, 37.5079278 ], [ 126.948335199999988, 37.5078873 ] ] } }
]
}
