사고다발지fid,사고다발지id,법정동코드,지점코드,시도시군구명,지점명,사고건수,사상자수,사망자수,중상자수,경상자수,부상신고자수,경도,위도,site_id,면적_m2,사고당_사상자수,사망자_비율,중상자_비율,경상자_비율,부상신고자_비율,사망중상_비율,사망자_발생,횡단보도수_0m,보행등없음_비율,보행등정보_횡단보도수,교차로수,횡단보도수_50m,횡단보도수_100m,최근접횡단보도_m,고도관측점수,격자수,유효격자수,경사_충족률,지형경사_평균_pct,지형경사_p90_pct,지형경사_5pct초과비율,경사_상태,횡단시설_구분,지형경사_구간
6778887,2022040,1111017100,11110001,서울특별시 종로구1,서울특별시 종로구 명륜2가(성균관대입구교차로 부근),9,10,1,9,0,0,126.998779663951,37.582939742576,acc_row_0,19569.116387138485,1.1111111111111112,0.1,0.9,0.0,0.0,1.0,1,7,0.42857142857142855,7,1,7,7,0.0,2365,52,52,1.0,3.375540363115385,4.935323262427212,0.07692307692307693,사용가능,보행등 무 포함,2~5%
6779548,2022040,1111013700,11110002,서울특별시 종로구2,서울특별시 종로구 낙원동(낙원상가 부근),8,8,0,8,0,0,126.988435365001,37.571898949278,acc_row_1,19574.86635954221,1.0,0.0,1.0,0.0,0.0,1.0,0,0,,0,0,7,9,0.43050313584121846,911,48,48,1.0,0.8184869090771195,1.0075850604520458,0.0,사용가능,횡단보도 없음,2% 이하
6779517,2022040,1111011900,11110003,서울특별시 종로구3,서울특별시 종로구 세종로(세종로180 부근),7,8,0,8,0,0,126.976898868989,37.569865431945,acc_row_2,19575.918878506014,1.1428571428571428,0.0,1.0,0.0,0.0,1.0,0,8,0.25,8,1,13,13,0.0,1053,47,46,0.9787234042553191,1.10085316747935,2.8368736256134954,0.0,사용가능,보행등 무 포함,2% 이하
6779511,2022040,1111017500,11110004,서울특별시 종로구4,서울특별시 종로구 숭인동(신설동역6번출구 부근),7,8,0,7,1,0,127.02374655536,37.575111266473,acc_row_3,19573.23030704633,1.1428571428571428,0.0,0.875,0.125,0.0,0.875,0,11,0.5454545454545454,11,3,15,18,0.0,968,46,39,0.8478260869565217,0.3524194311699013,0.386646317138463,0.0,사용가능,보행등 무 포함,2% 이하
6779131,2022040,1111013800,11110005,서울특별시 종로구5,서울특별시 종로구 종로2가(종로2가교차로 부근),7,8,0,7,0,1,126.987315332238,37.5700913983,acc_row_4,19575.861473115885,1.1428571428571428,0.0,0.875,0.0,0.125,0.875,0,6,0.0,6,1,8,12,0.0,913,46,43,0.9347826086956522,1.1800133935472905,2.4845827091904065,0.0,사용가능,알려진 보행등 모두 유,2% 이하
6779066,2022040,1111017500,11110006,서울특별시 종로구6,서울특별시 종로구 숭인동(신설동역11번출구 부근),7,7,0,7,0,0,127.021486279369,37.574381048448,acc_row_5,19573.649285210377,1.0,0.0,1.0,0.0,0.0,1.0,0,3,0.6666666666666666,3,1,3,7,0.0,2159,46,46,1.0,1.5499037128655886,2.762562805305807,0.0,사용가능,보행등 무 포함,2% 이하
6778909,2022040,1114017400,11140001,서울특별시 중구1,서울특별시 중구 만리동2가(용산구마포구 부근),9,9,1,8,0,0,126.962535521398,37.551593702688,acc_row_6,19585.428489002934,1.0,0.1111111111111111,0.8888888888888888,0.0,0.0,1.0,1,9,0.6666666666666666,9,2,9,9,0.0,7070,52,52,1.0,16.853136008805592,29.54007885443178,0.9038461538461539,사용가능,보행등 무 포함,10% 초과
6778923,2022040,1114011800,11140002,서울특별시 중구2,서울특별시 중구 남대문로5가(서울역91번출구 부근),8,10,0,9,0,1,126.972473679318,37.555063645971,acc_row_7,19583.641076632146,1.25,0.0,0.9,0.0,0.1,0.9,0,9,0.8888888888888888,9,2,11,14,0.0,2460,49,49,1.0,3.4834109736374987,7.15218649540356,0.30612244897959184,사용가능,보행등 무 포함,2~5%
6779094,2022040,1114016200,11140003,서울특별시 중구3,서울특별시 중구 신당동(약수역앞교차로 부근),8,9,0,9,0,0,127.01051584723,37.554866948052,acc_row_8,19583.713349111338,1.125,0.0,1.0,0.0,0.0,1.0,0,9,0.5555555555555556,9,1,10,13,0.0,3325,50,50,1.0,5.316105261619636,13.459119173834928,0.3,사용가능,보행등 무 포함,5~10%
6779002,2022040,1114016500,11140004,서울특별시 중구4,서울특별시 중구 황학동(신당역서울6호선 부근),8,8,0,8,0,0,127.018144728697,37.565714518411,acc_row_9,19578.12013269779,1.0,0.0,1.0,0.0,0.0,1.0,0,5,0.8,5,1,7,11,0.0,956,48,8,0.16666666666666666,,,,격자충족부족,보행등 무 포함,
6778973,2022040,1114016200,11140005,서울특별시 중구5,서울특별시 중구 신당동(기업은행성동지점 부근),8,8,0,8,0,0,127.021996859568,37.565369639198,acc_row_10,19578.25508159129,1.0,0.0,1.0,0.0,0.0,1.0,0,3,0.6666666666666666,3,1,4,10,0.0,3336,46,46,1.0,4.703089888238872,7.859362338678085,0.391304347826087,사용가능,보행등 무 포함,2~5%
6779277,2022040,1114015100,11140006,서울특별시 중구6,서울특별시 중구 을지로5가(중부시장앞 부근),7,8,1,6,1,0,127.00092775941,37.56654433995,acc_row_11,19577.63379201292,1.1428571428571428,0.125,0.75,0.125,0.0,0.875,1,4,0.75,4,1,7,17,0.0,888,48,48,1.0,1.3648689516741108,1.6455262460161282,0.0,사용가능,보행등 무 포함,2% 이하
6779561,2022040,1114011800,11140007,서울특별시 중구7,서울특별시 중구 남대문로5가(연세봉래빌딩 부근),7,10,0,8,1,1,126.972899867136,37.558851211815,acc_row_12,19581.643618374328,1.4285714285714286,0.0,0.8,0.1,0.1,0.8,0,0,,0,0,9,16,0.09472375245254833,1678,51,51,1.0,3.459205879690827,5.225355029091904,0.17647058823529413,사용가능,횡단보도 없음,2~5%
6779166,2022040,1114010400,11140008,서울특별시 중구8,서울특별시 중구 을지로1가(을지로1가 부근),7,8,0,8,0,0,126.982810813369,37.566466362434,acc_row_13,19577.718487610706,1.1428571428571428,0.0,1.0,0.0,0.0,1.0,0,6,0.3333333333333333,6,1,9,9,0.0,684,47,37,0.7872340425531915,,,,격자충족부족,보행등 무 포함,
6779300,2022040,1114016200,11140009,서울특별시 중구9,서울특별시 중구 신당동(약수역서울3호선 부근),7,9,0,7,2,0,127.010754058754,37.553065235473,acc_row_14,19584.69561113642,1.2857142857142858,0.0,0.7777777777777778,0.2222222222222222,0.0,0.7777777777777778,0,0,,0,0,4,10,9.759587098985397,3872,50,50,1.0,7.056954698530939,11.357332050702219,0.64,사용가능,횡단보도 없음,5~10%
6779125,2022040,1117013000,11170001,서울특별시 용산구1,서울특별시 용산구 이태원동(이태원소방파출소 부근),8,8,0,8,0,0,126.995256175933,37.534432173007,acc_row_15,19594.417570917758,1.0,0.0,1.0,0.0,0.0,1.0,0,5,0.0,5,1,10,12,0.0,6060,48,48,1.0,9.14314371851403,19.08038794515201,0.75,사용가능,알려진 보행등 모두 유,5~10%
6778963,2022040,1117013100,11170002,서울특별시 용산구2,서울특별시 용산구 한남동(순천향병원 부근),7,8,0,8,0,0,127.006582749495,37.533218146701,acc_row_16,19594.927603207787,1.1428571428571428,0.0,1.0,0.0,0.0,1.0,0,5,0.4,5,2,13,17,0.0,2856,48,48,1.0,2.7266939283970792,4.057995410869447,0.10416666666666667,사용가능,보행등 무 포함,2~5%
6779073,2022040,1120011500,11200001,서울특별시 성동구1,서울특별시 성동구 성수동2가(성수역앞교차로 부근),7,10,0,8,2,0,127.057224063141,37.544235122354,acc_row_17,19589.267974279617,1.4285714285714286,0.0,0.8,0.2,0.0,0.8,0,5,0.6,5,2,5,9,0.0,20,50,50,1.0,8.949972962596933,18.410076478968524,0.6,사용가능,보행등 무 포함,5~10%
6779206,2022040,1121510700,11215001,서울특별시 광진구1,서울특별시 광진구 화양동(성수사거리 부근),7,7,1,6,0,0,127.064028562169,37.542097192832,acc_row_18,19590.424019635255,1.0,0.14285714285714285,0.8571428571428571,0.0,0.0,1.0,1,6,0.3333333333333333,6,1,7,7,0.0,25,47,47,1.0,9.31289922412311,33.32116045884904,0.48936170212765956,사용가능,보행등 무 포함,5~10%
6779214,2022040,1121510500,11215002,서울특별시 광진구2,서울특별시 광진구 자양동(건대입구역앞교차로 부근),7,7,1,6,0,0,127.069922998549,37.540676642614,acc_row_19,19591.170737392364,1.0,0.14285714285714285,0.8571428571428571,0.0,0.0,1.0,1,0,,0,0,4,5,12.952687958456515,186,46,46,1.0,7.0026799550285075,9.95799934263286,0.6521739130434783,사용가능,횡단보도 없음,5~10%
6778866,2022040,1123010700,11230001,서울특별시 동대문구1,서울특별시 동대문구 청량리동(청량리역 부근),12,14,1,13,0,0,127.045683175739,37.580605813908,acc_row_20,19570.32070176622,1.1666666666666667,0.07142857142857142,0.9285714285714286,0.0,0.0,1.0,1,7,0.5714285714285714,7,2,11,12,0.0,469,49,49,1.0,1.130630607995393,2.682417473623855,0.02040816326530612,사용가능,보행등 무 포함,2% 이하
6778943,2022040,1123010300,11230002,서울특별시 동대문구2,서울특별시 동대문구 제기동(우리은행청량리중앙지 부근),10,10,0,10,0,0,127.041160795435,37.579326435667,acc_row_21,19571.040486495072,1.0,0.0,1.0,0.0,0.0,1.0,0,4,0.5,4,1,11,12,0.0,330,49,49,1.0,0.5695849320606277,0.918151901087916,0.0,사용가능,보행등 무 포함,2% 이하
6778933,2022040,1123010200,11230003,서울특별시 동대문구3,서울특별시 동대문구 용두동(경동시장앞교차로 부근),9,9,0,9,0,0,127.038224059294,37.578053099072,acc_row_22,19571.684389084807,1.0,0.0,1.0,0.0,0.0,1.0,0,8,0.375,8,1,8,8,0.0,417,49,49,1.0,0.34294227478604,0.5690825842083677,0.0,사용가능,보행등 무 포함,2% 이하
6778914,2022040,1123010300,11230004,서울특별시 동대문구4,서울특별시 동대문구 제기동(경동시장앞교차로 부근),8,10,1,8,1,0,127.038439429837,37.579856634577,acc_row_23,19570.74578361692,1.25,0.1,0.8,0.1,0.0,0.9,1,2,0.5,2,1,3,4,0.0,423,49,49,1.0,0.15237325721877382,0.41508765362266536,0.0,사용가능,보행등 무 포함,2% 이하
6778989,2022040,1123010900,11230005,서울특별시 동대문구5,서울특별시 동대문구 휘경동(위생병원앞교차로 부근),8,8,1,7,0,0,127.062389798651,37.590042937932,acc_row_24,19565.423684005124,1.0,0.125,0.875,0.0,0.0,1.0,1,5,0.4,5,2,5,5,0.0,1886,48,48,1.0,2.5895250250562274,3.848986626372786,0.0,사용가능,보행등 무 포함,2~5%
6779579,2022040,1123010600,11230006,서울특별시 동대문구6,서울특별시 동대문구 장안동(장안APT 부근),7,7,1,6,0,0,127.074497769757,37.572240520784,acc_row_25,19574.68693159485,1.0,0.14285714285714285,0.8571428571428571,0.0,0.0,1.0,1,4,0.25,4,2,8,9,0.0,123,49,49,1.0,1.4429362528151763,3.4635269653800678,0.04081632653061224,사용가능,보행등 무 포함,2% 이하
6779580,2022040,1123010200,11230007,서울특별시 동대문구7,서울특별시 동대문구 용두동(용신동주민센터 부근),7,7,1,6,0,0,127.037329219469,37.576246899776,acc_row_26,19572.586743405995,1.0,0.14285714285714285,0.8571428571428571,0.0,0.0,1.0,1,1,1.0,1,1,3,3,0.0,538,50,50,1.0,1.1531506377611407,1.5758906455149475,0.0,사용가능,보행등 무 포함,2% 이하
6779301,2022040,1123010600,11230008,서울특별시 동대문구8,서울특별시 동대문구 장안동(장안동우리은행 부근),7,9,0,8,1,0,127.067287899518,37.565724598013,acc_row_27,19578.13518463619,1.2857142857142858,0.0,0.8888888888888888,0.1111111111111111,0.0,0.8888888888888888,0,4,0.0,4,1,4,4,0.0,25,48,46,0.9583333333333334,0.6131561866673472,0.7275351183162655,0.0,사용가능,알려진 보행등 모두 유,2% 이하
6779549,2022040,1123010700,11230009,서울특별시 동대문구9,서울특별시 동대문구 청량리동(영휘원사거리 부근),7,9,0,8,0,1,127.042249158573,37.586541433841,acc_row_28,19567.297276610527,1.2857142857142858,0.0,0.8888888888888888,0.0,0.1111111111111111,0.8888888888888888,0,3,0.3333333333333333,3,2,7,10,0.0,1751,52,29,0.5576923076923077,,,,격자충족부족,보행등 무 포함,
6779138,2022040,1123010900,11230010,서울특별시 동대문구10,서울특별시 동대문구 휘경동(중랑교사거리 부근),7,9,0,7,2,0,127.067138692997,37.591502603264,acc_row_29,19564.674976150676,1.2857142857142858,0.0,0.7777777777777778,0.2222222222222222,0.0,0.7777777777777778,0,8,0.25,8,2,10,11,0.0,1668,46,46,1.0,1.246635824450611,2.3215025595642325,0.0,사용가능,보행등 무 포함,2% 이하
6779257,2022040,1123010400,11230011,서울특별시 동대문구11,서울특별시 동대문구 전농동(전농동29568 부근),7,7,0,7,0,0,127.058155951437,37.578129386763,acc_row_30,19571.678602189877,1.0,0.0,1.0,0.0,0.0,1.0,0,5,0.6,5,2,14,14,0.0,1872,48,48,1.0,2.805407853825836,5.130798390593465,0.125,사용가능,보행등 무 포함,2~5%
6779542,2022040,1123010200,11230012,서울특별시 동대문구12,서울특별시 동대문구 용두동(서울시설공단 부근),7,7,0,7,0,0,127.038026516911,37.573365319055,acc_row_31,19574.09199563615,1.0,0.0,1.0,0.0,0.0,1.0,0,10,0.5,10,2,15,19,0.0,863,48,48,1.0,3.6969438973083073,8.622119440960187,0.2708333333333333,사용가능,보행등 무 포함,2~5%
6779063,2022040,1123010600,11230013,서울특별시 동대문구13,서울특별시 동대문구 장안동(장안동46914 부근),7,7,0,7,0,0,127.071330123687,37.571688251612,acc_row_32,19574.99177290971,1.0,0.0,1.0,0.0,0.0,1.0,0,4,0.5,4,1,11,13,0.0,19,47,45,0.9574468085106383,0.3074168983066802,0.35846055103829544,0.0,사용가능,보행등 무 포함,2% 이하
6779113,2022040,1123010300,11230014,서울특별시 동대문구14,서울특별시 동대문구 제기동(용두교 부근),7,7,0,7,0,0,127.03391946871,37.57821645013,acc_row_33,19571.593837976594,1.0,0.0,1.0,0.0,0.0,1.0,0,0,,0,0,7,8,14.03138900640367,717,51,51,1.0,8.399882744815777,29.56267638046083,0.35294117647058826,사용가능,횡단보도 없음,5~10%
6779512,2022040,1123010300,11230015,서울특별시 동대문구15,서울특별시 동대문구 제기동(식당재료유통할인 부근),7,7,0,7,0,0,127.040008320529,37.582566799119,acc_row_34,19569.308039293228,1.0,0.0,1.0,0.0,0.0,1.0,0,0,,0,0,2,6,33.51099195546455,310,49,49,1.0,0.27256716099286304,0.5072270765015636,0.0,사용가능,횡단보도 없음,2% 이하
6779507,2022040,1123010500,11230016,서울특별시 동대문구16,서울특별시 동대문구 답십리동(신답고가차도남측 부근),7,7,0,7,0,0,127.050049712525,37.570166902681,acc_row_35,19575.782936458567,1.0,0.0,1.0,0.0,0.0,1.0,0,2,0.0,2,2,9,11,0.0,1861,50,50,1.0,3.1499671253008783,11.655603863553798,0.3,사용가능,알려진 보행등 모두 유,2~5%
6779095,2022040,1123010900,11230017,서울특별시 동대문구17,서울특별시 동대문구 휘경동(백합빌딩 부근),7,7,0,7,0,0,127.058769489621,37.589308383376,acc_row_36,19565.75289805321,1.0,0.0,1.0,0.0,0.0,1.0,0,5,0.8,5,1,6,9,0.0,1388,48,48,1.0,2.004286489970228,3.3987727069506004,0.041666666666666664,사용가능,보행등 무 포함,2~5%
6779070,2022040,1126010100,11260001,서울특별시 중랑구1,서울특별시 중랑구 면목동(면남초등교입구 부근),8,9,0,8,1,0,127.086916447637,37.579134880971,acc_row_37,19571.114577300134,1.125,0.0,0.8888888888888888,0.1111111111111111,0.0,0.8888888888888888,0,7,0.5714285714285714,7,2,7,11,0.0,1605,48,48,1.0,5.251548923445674,8.838051063079742,0.3125,사용가능,보행등 무 포함,5~10%
6779082,2022040,1126010100,11260002,서울특별시 중랑구2,서울특별시 중랑구 면목동(면목역앞교차로 부근),7,9,1,6,1,1,127.087771767654,37.588331619809,acc_row_38,19566.326364692428,1.2857142857142858,0.1111111111111111,0.6666666666666666,0.1111111111111111,0.1111111111111111,0.7777777777777778,1,5,0.0,5,1,7,11,0.0,1174,52,52,1.0,3.740772421175516,8.62021374411445,0.3269230769230769,사용가능,알려진 보행등 모두 유,2~5%
6778994,2022040,1126010500,11260003,서울특별시 중랑구3,서울특별시 중랑구 망우동(LG전자스토어 부근),7,7,1,6,0,0,127.09519359371,37.598272118664,acc_row_39,19561.184630599026,1.0,0.14285714285714285,0.8571428571428571,0.0,0.0,1.0,1,9,0.6666666666666666,9,2,9,9,0.0,1062,49,49,1.0,2.117378745692017,3.928708493286348,0.0,사용가능,보행등 무 포함,2~5%
6779232,2022040,1126010400,11260004,서울특별시 중랑구4,서울특별시 중랑구 묵동(묵동우체국 부근),7,8,0,8,0,0,127.077457604086,37.609566893099,acc_row_40,19555.1974152239,1.1428571428571428,0.0,1.0,0.0,0.0,1.0,0,2,0.5,2,1,7,14,0.0,1112,47,47,1.0,2.012336969015837,5.967894911066517,0.19148936170212766,사용가능,보행등 무 포함,2~5%
6779352,2022040,1126010100,11260005,서울특별시 중랑구5,서울특별시 중랑구 면목동(면목2동사거리 부근),7,7,0,7,0,0,127.078948235774,37.586317510745,acc_row_41,19567.452200536543,1.0,0.0,1.0,0.0,0.0,1.0,0,5,0.4,5,2,11,13,0.0,232,50,48,0.96,0.16981411439989977,0.22511145694799717,0.0,사용가능,보행등 무 포함,2% 이하
6779314,2022040,1126010200,11260006,서울특별시 중랑구6,서울특별시 중랑구 상봉동(우리은행중랑교지점 부근),7,7,0,7,0,0,127.075281844582,37.593695416611,acc_row_42,19563.495747475212,1.0,0.0,1.0,0.0,0.0,1.0,0,5,0.2,5,2,5,7,0.0,465,49,49,1.0,0.17439814343467125,0.6449007530736401,0.0,사용가능,보행등 무 포함,2% 이하
6779259,2022040,1126010500,11260007,서울특별시 중랑구7,서울특별시 중랑구 망우동(우림시장앞교차로 부근),7,7,0,7,0,0,127.099739306925,37.595583583716,acc_row_43,19562.540473872745,1.0,0.0,1.0,0.0,0.0,1.0,0,6,0.3333333333333333,6,2,8,13,0.0,1994,49,49,1.0,2.857018561160946,6.927616793314108,0.20408163265306123,사용가능,보행등 무 포함,2~5%
6779313,2022040,1126010100,11260008,서울특별시 중랑구8,서울특별시 중랑구 면목동(서울시체육회앞교차로 부근),7,7,0,7,0,0,127.073252188039,37.592065672394,acc_row_44,19564.373915941465,1.0,0.0,1.0,0.0,0.0,1.0,0,5,0.4,5,1,8,9,0.0,494,50,49,0.98,0.8904173741626596,3.408517635858988,0.061224489795918366,사용가능,보행등 무 포함,2% 이하
6779563,2022040,1126010200,11260009,서울특별시 중랑구9,서울특별시 중랑구 상봉동(한일써너스빌103동 부근),7,7,0,7,0,0,127.090669281663,37.596994629,acc_row_45,19561.821866099228,1.0,0.0,1.0,0.0,0.0,1.0,0,1,0.0,1,1,3,4,0.0,665,50,50,1.0,0.2643880383380621,1.08320559652913,0.0,사용가능,알려진 보행등 모두 유,2% 이하
6779057,2022040,1126010400,11260010,서울특별시 중랑구10,서울특별시 중랑구 묵동(극동늘푸른아파트 부근),7,7,0,7,0,0,127.076742060299,37.615873731588,acc_row_46,19551.94956212042,1.0,0.0,1.0,0.0,0.0,1.0,0,5,0.2,5,2,7,11,0.0,1039,49,49,1.0,1.4111478563596762,2.0486124451518033,0.0,사용가능,보행등 무 포함,2% 이하
6779114,2022040,1126010500,11260011,서울특별시 중랑구11,서울특별시 중랑구 망우동(신내지하차도앞교차로 부근),7,7,0,7,0,0,127.097456294274,37.598820664643,acc_row_47,19560.91422240155,1.0,0.0,1.0,0.0,0.0,1.0,0,5,0.2,5,1,11,14,0.0,1014,50,50,1.0,1.1508779079181655,1.7212374088545415,0.0,사용가능,보행등 무 포함,2% 이하
6779099,2022040,1129013400,11290001,서울특별시 성북구1,서울특별시 성북구 길음동(길음역앞교차로 부근),8,8,0,8,0,0,127.024922194105,37.603959042777,acc_row_48,19558.147594354636,1.0,0.0,1.0,0.0,0.0,1.0,0,4,0.25,4,3,9,14,0.0,2781,46,46,1.0,3.698038105352791,5.780456794922481,0.2826086956521739,사용가능,보행등 무 포함,2~5%
6779151,2022040,1129011600,11290002,서울특별시 성북구2,서울특별시 성북구 동선동1가(성신여대입구역사거리 부근),7,7,0,7,0,0,127.017968112639,37.593114724366,acc_row_49,19563.823687820914,1.0,0.0,1.0,0.0,0.0,1.0,0,5,0.4,5,1,6,16,0.0,2454,48,48,1.0,3.8847153999721384,6.614300804353625,0.375,사용가능,보행등 무 포함,2~5%
6779149,2022040,1129013500,11290003,서울특별시 성북구3,서울특별시 성북구 종암동(종암사거리 부근),7,7,0,7,0,0,127.031950587451,37.603266052188,acc_row_50,19558.504942928095,1.0,0.0,1.0,0.0,0.0,1.0,0,8,0.375,8,2,10,11,0.0,1096,49,49,1.0,5.464478204757683,22.206067026839097,0.1836734693877551,사용가능,보행등 무 포함,5~10%
6779008,2022040,1129013600,11290004,서울특별시 성북구4,서울특별시 성북구 하월곡동(성북트리즘빌딩앞교차 부근),7,7,0,7,0,0,127.038299135598,37.602569983219,acc_row_51,19558.962911235445,1.0,0.0,1.0,0.0,0.0,1.0,0,9,0.3333333333333333,9,3,9,14,0.0,663,49,49,1.0,4.920532830602092,15.1067327875214,0.2857142857142857,사용가능,보행등 무 포함,2~5%
6779190,2022040,1129013300,11290005,서울특별시 성북구5,서울특별시 성북구 정릉동(미진미싱 부근),7,7,0,7,0,0,127.021084264428,37.601780308316,acc_row_52,19559.337582300283,1.0,0.0,1.0,0.0,0.0,1.0,0,0,,0,0,1,2,31.226923073737893,4773,46,46,1.0,14.20287678386754,22.802328409057075,0.8695652173913043,사용가능,횡단보도 없음,10% 초과
6779540,2022040,1129013700,11290006,서울특별시 성북구6,서울특별시 성북구 상월곡동(부동산 부근),7,7,0,7,0,0,127.046881568231,37.607109963255,acc_row_53,19556.528593928026,1.0,0.0,1.0,0.0,0.0,1.0,0,1,1.0,1,1,5,10,0.0,2451,48,48,1.0,6.5997386644115865,10.695407007436,0.6041666666666666,사용가능,보행등 무 포함,5~10%
6779208,2022040,1129013500,11290007,서울특별시 성북구7,서울특별시 성북구 종암동(속성변화점 부근),7,7,0,7,0,0,127.034018992184,37.598587251002,acc_row_54,19560.981687325835,1.0,0.0,1.0,0.0,0.0,1.0,0,3,0.6666666666666666,3,1,3,3,0.0,1854,49,49,1.0,3.2032538112868374,4.112886134104938,0.0,사용가능,보행등 무 포함,2~5%
6778890,2022040,1130510100,11305001,서울특별시 강북구1,서울특별시 강북구 미아동(미아삼거리역 부근),11,14,0,11,3,0,127.030757696112,37.612815543803,acc_row_55,19553.566476305492,1.2727272727272727,0.0,0.7857142857142857,0.21428571428571427,0.0,0.7857142857142857,0,2,0.0,2,1,5,10,0.0,645,50,35,0.7,,,,격자충족부족,알려진 보행등 모두 유,
6778928,2022040,1130510300,11305002,서울특별시 강북구2,서울특별시 강북구 수유동(강북구청사거리 부근),8,9,1,7,1,0,127.027416365774,37.639481858902,acc_row_56,19539.66098416605,1.125,0.1111111111111111,0.7777777777777778,0.1111111111111111,0.0,0.8888888888888888,1,4,0.0,4,1,8,13,0.0,489,48,48,1.0,1.183745494678105,2.565986647263056,0.0,사용가능,알려진 보행등 모두 유,2% 이하
6779229,2022040,1130510200,11305003,서울특별시 강북구3,서울특별시 강북구 번동(강북구도봉구 부근),7,8,1,7,0,0,127.02966843635,37.641834335187,acc_row_57,19538.47788594101,1.1428571428571428,0.125,0.875,0.0,0.0,1.0,1,1,0.0,1,1,5,6,0.0,637,49,49,1.0,1.1386016572448834,2.3758126837591784,0.0,사용가능,알려진 보행등 모두 유,2% 이하
6778983,2022040,1130510200,11305004,서울특별시 강북구4,서울특별시 강북구 번동(새마을금고 부근),7,9,1,6,2,0,127.039725166284,37.628534189502,acc_row_58,19545.373821455756,1.2857142857142858,0.1111111111111111,0.6666666666666666,0.2222222222222222,0.0,0.7777777777777778,1,7,0.14285714285714285,7,2,9,17,0.0,2032,51,51,1.0,4.629835044838068,10.480238398444692,0.39215686274509803,사용가능,보행등 무 포함,2~5%
6779000,2022040,1130510100,11305005,서울특별시 강북구5,서울특별시 강북구 미아동(방천시장입구교차로 부근),7,8,1,6,1,0,127.03483992932,37.612290900905,acc_row_59,19553.815843418193,1.1428571428571428,0.125,0.75,0.125,0.0,0.875,1,4,0.5,4,2,12,13,0.0,1598,49,45,0.9183673469387755,2.690536165372212,4.333554200035443,0.0,사용가능,보행등 무 포함,2~5%
6779115,2022040,1130510100,11305006,서울특별시 강북구6,서울특별시 강북구 미아동(삼양동사거리 부근),7,7,1,6,0,0,127.020969811309,37.619626407334,acc_row_60,19550.003678152814,1.0,0.14285714285714285,0.8571428571428571,0.0,0.0,1.0,1,5,0.2,5,1,6,15,0.0,4376,48,48,1.0,3.000227679048338,6.8363078612798205,0.3333333333333333,사용가능,보행등 무 포함,2~5%
6779119,2022040,1130510100,11305007,서울특별시 강북구7,서울특별시 강북구 미아동(삼성생명 부근),7,8,0,7,1,0,127.026598831672,37.625417700467,acc_row_61,19546.967792564443,1.1428571428571428,0.0,0.875,0.125,0.0,0.875,0,0,,0,0,9,9,6.497020374642268,1755,49,49,1.0,2.19362780930404,3.550870803968494,0.04081632653061224,사용가능,횡단보도 없음,2~5%
6779365,2022040,1130510100,11305008,서울특별시 강북구8,서울특별시 강북구 미아동(삼양입구사거리 부근),7,8,0,7,1,0,127.029598560826,37.616957098093,acc_row_62,19551.429065001914,1.1428571428571428,0.0,0.875,0.125,0.0,0.875,0,13,0.6153846153846154,13,5,17,24,0.0,1196,49,49,1.0,0.146059116720303,0.45336853030804075,0.0,사용가능,보행등 무 포함,2% 이하
6779346,2022040,1130510300,11305009,서울특별시 강북구9,서울특별시 강북구 수유동(국민마트 부근),7,7,0,7,0,0,127.016965552919,37.643044881117,acc_row_63,19537.758519198276,1.0,0.0,1.0,0.0,0.0,1.0,0,2,0.5,2,1,7,7,0.0,888,46,46,1.0,1.7027860201028064,2.021886854123884,0.021739130434782608,사용가능,보행등 무 포함,2% 이하
6778919,2022040,1132010500,11320001,서울특별시 도봉구1,서울특별시 도봉구 쌍문동(이영수의원입구 부근),9,13,0,9,4,0,127.034612917054,37.648704103413,acc_row_64,19534.796476944706,1.4444444444444444,0.0,0.6923076923076923,0.3076923076923077,0.0,0.6923076923076923,0,4,0.25,4,1,4,4,0.0,1431,49,49,1.0,4.0946134865483845,5.522704426767489,0.14285714285714285,사용가능,보행등 무 포함,2~5%
6778879,2022040,1132010600,11320002,서울특별시 도봉구2,서울특별시 도봉구 방학동(녹산교회 부근),8,8,0,8,0,0,127.044255800566,37.666047386978,acc_row_65,19525.76919584693,1.0,0.0,1.0,0.0,0.0,1.0,0,0,,0,0,5,10,11.241046691872524,531,49,49,1.0,2.737331949699169,6.749115813369674,0.14285714285714285,사용가능,횡단보도 없음,2~5%
6779554,2022040,1132010500,11320003,서울특별시 도봉구3,서울특별시 도봉구 쌍문동(도봉보건소교차로 부근),7,8,0,8,0,0,127.038642446393,37.657012220339,acc_row_66,19530.513963382607,1.1428571428571428,0.0,1.0,0.0,0.0,1.0,0,5,0.4,5,2,8,12,0.0,1181,52,52,1.0,3.839844889828559,7.058382549911273,0.34615384615384615,사용가능,보행등 무 포함,2~5%
6779084,2022040,1132010500,11320004,서울특별시 도봉구4,서울특별시 도봉구 쌍문동(쌍문주택은행 부근),7,8,0,7,1,0,127.03273935314,37.658250852995,acc_row_67,19529.81059853133,1.1428571428571428,0.0,0.875,0.125,0.0,0.875,0,4,0.5,4,1,5,10,0.0,937,52,52,1.0,3.9230687866698633,7.193460656153069,0.36538461538461536,사용가능,보행등 무 포함,2~5%
6779077,2022040,1132010700,11320005,서울특별시 도봉구5,서울특별시 도봉구 창동(도봉구보건소 부근),7,7,0,7,0,0,127.049095298011,37.653267028751,acc_row_68,19532.42787426464,1.0,0.0,1.0,0.0,0.0,1.0,0,0,,0,0,0,4,56.94621741663067,298,49,49,1.0,11.621828623707126,20.511969185869717,0.9591836734693877,사용가능,횡단보도 없음,10% 초과
6779298,2022040,1132010500,11320006,서울특별시 도봉구6,서울특별시 도봉구 쌍문동(성북택시 부근),7,7,0,7,0,0,127.032597356484,37.644730253799,acc_row_69,19536.895698711873,1.0,0.0,1.0,0.0,0.0,1.0,0,3,0.0,3,1,3,3,0.0,887,49,49,1.0,2.19096776747645,4.3137172814817335,0.02040816326530612,사용가능,알려진 보행등 모두 유,2~5%
6779246,2022040,1135010500,11350001,서울특별시 노원구1,서울특별시 노원구 상계동(노원역6번출구 부근),7,7,2,5,0,0,127.060656260979,37.653671186777,acc_row_70,19532.275363980098,1.0,0.2857142857142857,0.7142857142857143,0.0,0.0,1.0,1,2,0.0,2,1,4,6,0.0,331,48,48,1.0,0.4060613453721847,0.6502266144253691,0.0,사용가능,알려진 보행등 모두 유,2% 이하
6779076,2022040,1135010300,11350002,서울특별시 노원구2,서울특별시 노원구 공릉동(서울동아의원 부근),7,9,1,6,2,0,127.078311053513,37.618943912732,acc_row_71,19550.366896811167,1.2857142857142858,0.1111111111111111,0.6666666666666666,0.2222222222222222,0.0,0.7777777777777778,1,4,0.0,4,1,5,9,0.0,1435,50,50,1.0,0.8926949561350537,1.3371568166781513,0.0,사용가능,알려진 보행등 모두 유,2% 이하
6779363,2022040,1135010600,11350003,서울특별시 노원구3,서울특별시 노원구 중계동(중계동45321 부근),7,9,0,8,1,0,127.07354371767,37.660027835117,acc_row_72,19528.914137371907,1.2857142857142858,0.0,0.8888888888888888,0.1111111111111111,0.0,0.8888888888888888,0,0,,0,0,9,12,2.717780335517392,901,52,52,1.0,4.247871164040238,7.768785748239488,0.21153846153846154,사용가능,횡단보도 없음,2~5%
6779100,2022040,1135010500,11350004,서울특별시 노원구4,서울특별시 노원구 상계동(수락산역 부근),7,8,0,7,1,0,127.055077070252,37.676724437784,acc_row_73,19520.230500847076,1.1428571428571428,0.0,0.875,0.125,0.0,0.875,0,2,0.0,2,1,4,7,0.0,1028,46,46,1.0,3.3595834551437527,5.263613147905429,0.15217391304347827,사용가능,알려진 보행등 모두 유,2~5%
6779179,2022040,1135010500,11350005,서울특별시 노원구5,서울특별시 노원구 상계동(기업은행 부근),7,7,0,7,0,0,127.081647983469,37.67051234467,acc_row_74,19523.483031478827,1.0,0.0,1.0,0.0,0.0,1.0,0,5,0.2,5,1,9,10,0.0,5293,49,49,1.0,5.339486778014031,10.554864613657406,0.40816326530612246,사용가능,보행등 무 포함,5~10%
6778761,2022040,1138010600,11380001,서울특별시 은평구1,서울특별시 은평구 대조동(연신내역앞교차로 부근),12,14,0,12,2,0,126.921487192381,37.618639813278,acc_row_75,19550.521328755236,1.1666666666666667,0.0,0.8571428571428571,0.14285714285714285,0.0,0.8571428571428571,0,6,0.0,6,1,9,12,0.0,1458,49,49,1.0,1.9570515406028537,3.5034859663778923,0.04081632653061224,사용가능,알려진 보행등 모두 유,2% 이하
6779271,2022040,1138010600,11380002,서울특별시 은평구2,서울특별시 은평구 대조동(불광역6번출구 부근),9,10,1,9,0,0,126.929028973609,37.610384240142,acc_row_76,19554.84036746461,1.1111111111111112,0.1,0.9,0.0,0.0,1.0,1,2,0.0,2,1,7,7,0.0,2026,50,50,1.0,1.948944598906126,3.1995965404160103,0.0,사용가능,알려진 보행등 모두 유,2% 이하
6779032,2022040,1138010800,11380003,서울특별시 은평구3,서울특별시 은평구 역촌동(역촌역앞교차로 부근),7,9,1,7,1,0,126.922028327047,37.607285611643,acc_row_77,19556.445744759,1.2857142857142858,0.1111111111111111,0.7777777777777778,0.1111111111111111,0.0,0.8888888888888888,1,4,0.75,4,1,6,12,0.0,864,49,49,1.0,1.4929214849497638,3.3628208641812867,0.04081632653061224,사용가능,보행등 무 포함,2% 이하
6779546,2022040,1138010400,11380004,서울특별시 은평구4,서울특별시 은평구 갈현동(갈현사안경나라 부근),7,8,1,7,0,0,126.918734103197,37.62295269741,acc_row_78,19548.312311472182,1.1428571428571428,0.125,0.875,0.0,0.0,1.0,1,0,,0,0,3,6,13.500763622850275,2707,50,50,1.0,3.456596290538838,4.162125028462034,0.04,사용가능,횡단보도 없음,2~5%
6779061,2022040,1138011000,11380005,서울특별시 은평구5,서울특별시 은평구 증산동(증산시장 부근),7,8,1,6,1,0,126.905244153796,37.580883096479,acc_row_79,19570.218912536053,1.1428571428571428,0.125,0.75,0.125,0.0,0.875,1,7,0.5714285714285714,7,3,12,19,0.0,1332,50,50,1.0,2.397790779903014,4.001365690181439,0.08,사용가능,보행등 무 포함,2~5%
6778957,2022040,1138010600,11380006,서울특별시 은평구6,서울특별시 은평구 대조동(불광전화국앞 부근),7,7,1,6,0,0,126.928335397562,37.612183559625,acc_row_80,19553.87279270047,1.0,0.14285714285714285,0.8571428571428571,0.0,0.0,1.0,1,4,0.25,4,1,6,8,0.0,2774,50,50,1.0,6.301164550922726,14.801242722785931,0.42,사용가능,보행등 무 포함,5~10%
6779337,2022040,1138010700,11380007,서울특별시 은평구7,서울특별시 은평구 응암동(파리바게뜨 부근),7,7,0,7,0,0,126.91742330894,37.587613762966,acc_row_81,19566.7472375429,1.0,0.0,1.0,0.0,0.0,1.0,0,1,1.0,1,1,6,9,0.0,1602,51,51,1.0,3.2081770352181267,5.797034572901247,0.3333333333333333,사용가능,보행등 무 포함,2~5%
6779175,2022040,1138010800,11380008,서울특별시 은평구8,서울특별시 은평구 역촌동(서북병원사거리 부근),7,7,0,7,0,0,126.910484003335,37.605786367148,acc_row_82,19557.240533598608,1.0,0.0,1.0,0.0,0.0,1.0,0,5,0.0,5,1,5,7,0.0,2469,49,49,1.0,7.1578783349650585,9.620782634658717,0.8979591836734694,사용가능,알려진 보행등 모두 유,5~10%
6779075,2022040,1138010400,11380009,서울특별시 은평구9,서울특별시 은평구 갈현동(연신내역 부근),7,7,0,7,0,0,126.919665847602,37.619712474252,acc_row_83,19549.982801334532,1.0,0.0,1.0,0.0,0.0,1.0,0,1,0.0,1,1,2,10,0.0,1323,49,47,0.9591836734693877,2.3334182941994417,3.9438633694659004,0.06382978723404255,사용가능,알려진 보행등 모두 유,2~5%
6778918,2022040,1141011100,11410001,서울특별시 서대문구1,서울특별시 서대문구 홍제동(서부빌딩 부근),11,11,2,9,0,0,126.944831337198,37.587926126291,acc_row_84,19566.505108440604,1.0,0.18181818181818182,0.8181818181818182,0.0,0.0,1.0,1,6,0.3333333333333333,6,2,6,7,0.0,6202,49,49,1.0,7.484033806763352,27.228517572759944,0.30612244897959184,사용가능,보행등 무 포함,5~10%
6778945,2022040,1141011800,11410002,서울특별시 서대문구2,서울특별시 서대문구 홍은동(홍은사거리 부근),9,9,1,8,0,0,126.941406520096,37.591515334966,acc_row_85,19564.654360170145,1.0,0.1111111111111111,0.8888888888888888,0.0,0.0,1.0,1,9,0.5555555555555556,9,2,9,9,0.0,7413,50,50,1.0,26.662248794825846,45.53353181612247,0.94,사용가능,보행등 무 포함,10% 초과
6778948,2022040,1141010400,11410003,서울특별시 서대문구3,서울특별시 서대문구 미근동(서대문역 부근),8,9,0,9,0,0,126.966281733716,37.566032256085,acc_row_86,19577.942680112694,1.125,0.0,1.0,0.0,0.0,1.0,0,11,0.36363636363636365,11,2,11,11,0.0,3059,48,48,1.0,2.467254506955037,3.9503847147383713,0.041666666666666664,사용가능,보행등 무 포함,2~5%
6778980,2022040,1141011600,11410004,서울특별시 서대문구4,서울특별시 서대문구 창천동(창천오피스텔 부근),8,8,0,8,0,0,126.931888776347,37.562086110986,acc_row_87,19580.021245578104,1.0,0.0,1.0,0.0,0.0,1.0,0,3,0.0,3,1,3,4,0.0,3329,47,47,1.0,13.74619514074808,27.11673530924405,0.7872340425531915,사용가능,알려진 보행등 모두 유,10% 초과
6779361,2022040,1141011100,11410005,서울특별시 서대문구5,서울특별시 서대문구 홍제동(홍제교 부근),7,10,2,5,3,0,126.943897071993,37.591707364504,acc_row_88,19564.561922790912,1.4285714285714286,0.2,0.5,0.3,0.0,0.7,1,7,0.42857142857142855,7,2,9,10,0.0,4283,51,51,1.0,17.66696828828988,31.48169531465162,0.6470588235294118,사용가능,보행등 무 포함,10% 초과
6779027,2022040,1141011900,11410006,서울특별시 서대문구6,서울특별시 서대문구 북가좌동(은현교회 부근),7,8,0,7,0,1,126.914729028223,37.584535872833,acc_row_89,19568.308166526167,1.1428571428571428,0.0,0.875,0.0,0.125,0.875,0,0,,0,0,5,5,1.5094136158932765,1958,52,52,1.0,10.013214137452055,24.608267027950173,0.7115384615384616,사용가능,횡단보도 없음,10% 초과
6779515,2022040,1141011200,11410007,서울특별시 서대문구7,서울특별시 서대문구 대현동(신촌기차역입구교차로 부근),7,7,0,7,0,0,126.943929295602,37.556915626156,acc_row_90,19582.726434450255,1.0,0.0,1.0,0.0,0.0,1.0,0,1,1.0,1,1,6,11,0.0,5248,50,50,1.0,8.069710288192194,11.066837789768405,0.84,사용가능,보행등 무 포함,5~10%
6778886,2022040,1144010400,11440001,서울특별시 마포구1,서울특별시 마포구 도화동(진도빌딩 부근),7,9,0,8,1,0,126.94745086087,37.539986809545,acc_row_91,19591.514291198673,1.2857142857142858,0.0,0.8888888888888888,0.1111111111111111,0.0,0.8888888888888888,0,1,0.0,1,1,2,6,0.0,1597,49,49,1.0,3.872370580110167,11.825591775518934,0.14285714285714285,사용가능,알려진 보행등 모두 유,2~5%
6779020,2022040,1144010400,11440002,서울특별시 마포구2,서울특별시 마포구 도화동(독막길입구 부근),7,8,0,8,0,0,126.949931771135,37.541260281937,acc_row_92,19590.84724594483,1.1428571428571428,0.0,1.0,0.0,0.0,1.0,0,0,,0,0,0,10,52.101568121296594,1828,50,50,1.0,2.6020802761687243,4.25707772984497,0.04,사용가능,횡단보도 없음,2~5%
6779192,2022040,1144012000,11440003,서울특별시 마포구3,서울특별시 마포구 서교동(태성빌딩 부근),7,8,0,7,1,0,126.921108628162,37.550496513604,acc_row_93,19586.027008721136,1.1428571428571428,0.0,0.875,0.125,0.0,0.875,0,8,0.875,8,2,9,13,0.0,1015,52,52,1.0,3.570014500665039,4.0636580997982215,0.07692307692307693,사용가능,보행등 무 포함,2~5%
6778870,2022040,1147010200,11470001,서울특별시 양천구1,서울특별시 양천구 목동(서울도시가스앞교차로 부근),10,10,0,10,0,0,126.872232932805,37.546821658893,acc_row_94,19587.935348813084,1.0,0.0,1.0,0.0,0.0,1.0,0,4,1.0,4,1,4,6,0.0,1361,52,52,1.0,0.8642972824950856,1.8821827542532987,0.0,사용가능,보행등 무 포함,2% 이하
6779053,2022040,1147010300,11470002,서울특별시 양천구2,서울특별시 양천구 신월동(곰달래사거리 부근),8,10,0,10,0,0,126.838195240919,37.529870768422,acc_row_95,19596.816155743258,1.25,0.0,1.0,0.0,0.0,1.0,0,8,0.25,8,2,9,10,0.0,345,50,50,1.0,1.261462436736656,2.1688753958158133,0.0,사용가능,보행등 무 포함,2% 이하
6779140,2022040,1147010300,11470003,서울특별시 양천구3,서울특별시 양천구 신월동(대한빌라 부근),7,9,0,8,1,0,126.832286176167,37.532541543558,acc_row_96,19595.47602605033,1.2857142857142858,0.0,0.8888888888888888,0.1111111111111111,0.0,0.8888888888888888,0,0,,0,0,1,2,38.827138866443285,895,49,49,1.0,3.204752829765154,7.820443786087757,0.24489795918367346,사용가능,횡단보도 없음,2~5%
6779060,2022040,1147010300,11470004,서울특별시 양천구4,서울특별시 양천구 신월동(서서울호수공원앞교차 부근),7,8,0,8,0,0,126.832766181215,37.529479679345,acc_row_97,19597.14409615469,1.1428571428571428,0.0,1.0,0.0,0.0,1.0,0,4,0.25,4,1,5,7,0.0,1971,48,48,1.0,4.699596729499713,8.473022395438043,0.5,사용가능,보행등 무 포함,2~5%
6778955,2022040,1147010300,11470005,서울특별시 양천구5,서울특별시 양천구 신월동(명성빌딩 부근),7,9,0,7,0,2,126.851612021479,37.522734412364,acc_row_98,19600.57917169864,1.2857142857142858,0.0,0.7777777777777778,0.0,0.2222222222222222,0.7777777777777778,0,3,0.6666666666666666,3,1,5,15,0.0,3025,47,47,1.0,5.8574157857249824,10.38218825200905,0.5531914893617021,사용가능,보행등 무 포함,5~10%
6779080,2022040,1147010300,11470006,서울특별시 양천구6,서울특별시 양천구 신월동(신월사거리 부근),7,7,0,7,0,0,126.828637065449,37.535585429425,acc_row_99,19593.905565756282,1.0,0.0,1.0,0.0,0.0,1.0,0,5,0.2,5,1,8,10,0.0,1405,49,49,1.0,2.7434836413840604,4.200817849234647,0.0,사용가능,보행등 무 포함,2~5%
6779341,2022040,1147010100,11470007,서울특별시 양천구7,서울특별시 양천구 신정동(영등포여상사거리 부근),7,7,0,7,0,0,126.858604919483,37.525476641335,acc_row_100,19599.15284076114,1.0,0.0,1.0,0.0,0.0,1.0,0,4,0.0,4,1,7,19,0.0,1224,47,47,1.0,2.174982936155073,3.023710435754345,0.06382978723404255,사용가능,알려진 보행등 모두 유,2~5%
6779109,2022040,1147010200,11470008,서울특별시 양천구8,서울특별시 양천구 목동(롯데캐슬위너앞사거리 부근),7,7,0,7,0,0,126.866334393718,37.548232303079,acc_row_101,19587.33759839592,1.0,0.0,1.0,0.0,0.0,1.0,0,3,1.0,3,1,3,5,0.0,1192,49,49,1.0,4.06799332115476,7.643907755761775,0.4489795918367347,사용가능,보행등 무 포함,2~5%
6779225,2022040,1147010200,11470009,서울특별시 양천구9,서울특별시 양천구 목동(SC제일은행등촌지점 부근),7,7,0,7,0,0,126.863619108436,37.548037431683,acc_row_102,19587.408882579024,1.0,0.0,1.0,0.0,0.0,1.0,0,3,0.6666666666666666,3,1,6,8,0.0,1190,49,49,1.0,1.4521219742795133,2.8363516832438114,0.0,사용가능,보행등 무 포함,2% 이하
6779245,2022040,1147010100,11470010,서울특별시 양천구10,서울특별시 양천구 신정동(이화빌딩 부근),7,7,0,7,0,0,126.861320909833,37.525491360539,acc_row_103,19599.10875204807,1.0,0.0,1.0,0.0,0.0,1.0,0,3,0.6666666666666666,3,1,7,8,0.0,404,47,47,1.0,0.8643664601265886,1.4843920553433068,0.0,사용가능,보행등 무 포함,2% 이하
6778896,2022040,1150010300,11500001,서울특별시 강서구1,서울특별시 강서구 화곡동(한라한의원 부근),8,8,0,8,0,0,126.847664055253,37.534249915502,acc_row_104,19594.598763920367,1.0,0.0,1.0,0.0,0.0,1.0,0,4,1.0,4,1,4,6,0.0,2535,49,49,1.0,5.58312752529672,9.016702200049712,0.4489795918367347,사용가능,보행등 무 포함,5~10%
6778940,2022040,1150010300,11500002,서울특별시 강서구2,서울특별시 강서구 화곡동(우장산역앞교차로 부근),8,8,0,8,0,0,126.835545506321,37.547882788761,acc_row_105,19587.505537437966,1.0,0.0,1.0,0.0,0.0,1.0,0,3,0.0,3,1,4,6,0.0,1445,52,52,1.0,3.602273937345333,5.347833660818459,0.28846153846153844,사용가능,알려진 보행등 모두 유,2~5%
6779255,2022040,1150010300,11500003,서울특별시 강서구3,서울특별시 강서구 화곡동(화곡사거리 부근),7,8,1,6,1,0,126.846783777251,37.531360740906,acc_row_106,19596.103791817517,1.1428571428571428,0.125,0.75,0.125,0.0,0.875,1,0,,0,0,6,7,0.26817717228387844,1498,49,49,1.0,6.294684233507999,13.690553704819369,0.4489795918367347,사용가능,횡단보도 없음,5~10%
6779333,2022040,1150010300,11500004,서울특별시 강서구4,서울특별시 강서구 화곡동(화곡역사거리 부근),7,7,1,6,0,0,126.841264180998,37.541244882846,acc_row_107,19590.936717880882,1.0,0.14285714285714285,0.8571428571428571,0.0,0.0,1.0,1,3,0.3333333333333333,3,1,9,11,0.0,1253,50,50,1.0,5.599359060565461,7.938031529324636,0.7,사용가능,보행등 무 포함,5~10%
6779044,2022040,1150010300,11500005,서울특별시 강서구5,서울특별시 강서구 화곡동(동면빌딩 부근),7,9,0,7,2,0,126.851541806011,37.530846155127,acc_row_108,19596.40598929933,1.2857142857142858,0.0,0.7777777777777778,0.2222222222222222,0.0,0.7777777777777778,0,3,0.6666666666666666,3,1,7,7,0.0,1573,47,47,1.0,3.95572661146313,6.617559354078158,0.2978723404255319,사용가능,보행등 무 포함,2~5%
6779578,2022040,1150010900,11500006,서울특별시 강서구6,서울특별시 강서구 방화동(국제예식장 부근),7,8,0,7,1,0,126.812064084491,37.565414600804,acc_row_109,19578.385526481852,1.1428571428571428,0.0,0.875,0.125,0.0,0.875,0,3,0.3333333333333333,3,3,4,6,0.0,1226,47,47,1.0,3.872928558247234,5.587177085736531,0.1702127659574468,사용가능,보행등 무 포함,2~5%
6779339,2022040,1150010300,11500007,서울특별시 강서구7,서울특별시 강서구 화곡동(목동사거리 부근),7,7,0,7,0,0,126.863747793327,37.53289551132,acc_row_110,19595.27503028186,1.0,0.0,1.0,0.0,0.0,1.0,0,4,0.0,4,1,4,7,0.0,1735,49,49,1.0,4.123222356080596,5.493203858910893,0.2653061224489796,사용가능,알려진 보행등 모두 유,2~5%
6779280,2022040,1150010300,11500008,서울특별시 강서구8,서울특별시 강서구 화곡동(신라빌딩 부근),7,7,0,7,0,0,126.851574594393,37.55319969671,acc_row_111,19584.756226997783,1.0,0.0,1.0,0.0,0.0,1.0,0,9,0.3333333333333333,9,4,12,19,0.0,1424,48,48,1.0,0.48695134696687,0.6647043508124104,0.0,사용가능,보행등 무 포함,2% 이하
6778926,2022040,1153010800,11530001,서울특별시 구로구1,서울특별시 구로구 오류동(쉬즈미스 부근),10,12,1,9,1,1,126.843473337725,37.495829226539,acc_row_112,19614.536281688004,1.2,0.08333333333333333,0.75,0.08333333333333333,0.08333333333333333,0.8333333333333334,1,2,0.0,2,1,5,5,0.0,3594,49,49,1.0,1.7000059011087139,2.363635980913498,0.0,사용가능,알려진 보행등 모두 유,2% 이하
6779019,2022040,1153010200,11530002,서울특별시 구로구2,서울특별시 구로구 구로동(영서중 부근),8,8,0,8,0,0,126.891264898557,37.489415140297,acc_row_113,19617.869998005473,1.0,0.0,1.0,0.0,0.0,1.0,0,4,0.0,4,1,6,11,0.0,489,51,51,1.0,2.720537156092447,4.483860349090786,0.0,사용가능,알려진 보행등 모두 유,2~5%
6779303,2022040,1153010200,11530003,서울특별시 구로구3,서울특별시 구로구 구로동(AK플라자앞 부근),7,9,1,6,1,1,126.882805578616,37.500187494958,acc_row_114,19612.29307322922,1.2857142857142858,0.1111111111111111,0.6666666666666666,0.1111111111111111,0.1111111111111111,0.7777777777777778,1,7,0.5714285714285714,7,3,11,13,0.0,1844,49,49,1.0,5.382951765389638,5.502580331274772,0.22448979591836735,사용가능,보행등 무 포함,5~10%
6779568,2022040,1153010200,11530004,서울특별시 구로구4,서울특별시 구로구 구로동(가마산고가차도남측 부근),7,8,0,7,1,0,126.882872335291,37.492075660464,acc_row_115,19616.51730284938,1.1428571428571428,0.0,0.875,0.125,0.0,0.875,0,6,0.8333333333333334,6,1,14,16,0.0,941,50,50,1.0,2.559309039914332,5.997434434642683,0.16,사용가능,보행등 무 포함,2~5%
6779324,2022040,1153010600,11530005,서울특별시 구로구5,서울특별시 구로구 고척동(고척2파출소앞교차로 부근),7,8,0,7,1,0,126.859898272289,37.506555318274,acc_row_116,19608.98849937593,1.1428571428571428,0.0,0.875,0.125,0.0,0.875,0,7,0.42857142857142855,7,2,9,13,0.0,1725,48,48,1.0,1.6665511729526898,2.131418603584779,0.0,사용가능,보행등 무 포함,2% 이하
6779242,2022040,1153010300,11530006,서울특별시 구로구6,서울특별시 구로구 가리봉동(현대자동차AS센타 부근),7,7,0,7,0,0,126.887254690253,37.481823024014,acc_row_117,19621.852283706896,1.0,0.0,1.0,0.0,0.0,1.0,0,5,0.0,5,1,7,11,0.0,1314,51,51,1.0,0.3676056597333,0.7954175440357538,0.0,사용가능,알려진 보행등 모두 유,2% 이하
6779105,2022040,1153010200,11530007,서울특별시 구로구7,서울특별시 구로구 구로동(구로단지우체국 부근),7,7,0,7,0,0,126.899911927694,37.483149888258,acc_row_118,19621.144679176123,1.0,0.0,1.0,0.0,0.0,1.0,0,4,0.25,4,2,7,14,0.0,1295,48,48,1.0,2.094590160413528,6.357712389793534,0.25,사용가능,보행등 무 포함,2~5%
6779180,2022040,1153010200,11530008,서울특별시 구로구8,서울특별시 구로구 구로동(구로정형외과앞교차로 부근),7,7,0,7,0,0,126.884244529862,37.490280112738,acc_row_119,19617.435466159768,1.0,0.0,1.0,0.0,0.0,1.0,0,5,0.4,5,1,7,9,0.0,1006,49,49,1.0,3.2387749425222556,7.28795910399308,0.3673469387755102,사용가능,보행등 무 포함,2~5%
6779012,2022040,1154510200,11545001,서울특별시 금천구1,서울특별시 금천구 독산동(독산4동사거리 부근),8,12,0,10,2,0,126.902546583359,37.464775541859,acc_row_120,19630.727599433067,1.5,0.0,0.8333333333333334,0.16666666666666666,0.0,0.8333333333333334,0,2,0.5,2,1,6,6,0.0,2487,46,46,1.0,6.146076222507981,11.591809150216893,0.5,사용가능,보행등 무 포함,5~10%
6778986,2022040,1154510200,11545002,서울특별시 금천구2,서울특별시 금천구 독산동(gs25시 부근),8,10,0,9,1,0,126.903378124402,37.473973600003,acc_row_121,19625.95044660627,1.25,0.0,0.9,0.1,0.0,0.9,0,3,0.6666666666666666,3,1,6,7,0.0,3754,48,48,1.0,6.545792265395716,13.27689989844156,0.6041666666666666,사용가능,보행등 무 포함,5~10%
6779144,2022040,1154510200,11545003,서울특별시 금천구3,서울특별시 금천구 독산동(독산1동새마을금고 부근),7,7,2,5,0,0,126.897517732758,37.471420061388,acc_row_122,19627.28216934011,1.0,0.2857142857142857,0.7142857142857143,0.0,0.0,1.0,1,5,0.2,5,2,6,10,0.0,1071,51,51,1.0,1.8441745939436478,3.367467273164909,0.0,사용가능,보행등 무 포함,2% 이하
6779268,2022040,1154510300,11545004,서울특별시 금천구4,서울특별시 금천구 시흥동(은행나무오거리 부근),7,8,1,6,1,0,126.908986651914,37.451107247902,acc_row_123,19637.886593193954,1.1428571428571428,0.125,0.75,0.125,0.0,0.875,1,4,0.0,4,3,8,8,0.0,2673,50,50,1.0,3.092345809081611,4.871513681100335,0.1,사용가능,알려진 보행등 모두 유,2~5%
6779513,2022040,1154510300,11545005,서울특별시 금천구5,서울특별시 금천구 시흥동(장혁빌딩 부근),7,7,1,6,0,0,126.905778325011,37.456499325684,acc_row_124,19635.024325702376,1.0,0.14285714285714285,0.8571428571428571,0.0,0.0,1.0,1,3,0.6666666666666666,3,1,6,8,0.0,2330,48,48,1.0,5.058912259431421,8.983037337762003,0.4166666666666667,사용가능,보행등 무 포함,5~10%
6779209,2022040,1154510200,11545006,서울특별시 금천구6,서울특별시 금천구 독산동(박재영과위원 부근),7,13,0,9,3,1,126.902064131256,37.468558808043,acc_row_125,19628.771780944495,1.8571428571428572,0.0,0.6923076923076923,0.23076923076923078,0.07692307692307693,0.6923076923076923,0,3,0.6666666666666666,3,1,6,9,0.0,2486,47,47,1.0,4.19046172540628,7.1886008559071275,0.2978723404255319,사용가능,보행등 무 포함,2~5%
6779116,2022040,1154510300,11545007,서울특별시 금천구7,서울특별시 금천구 시흥동(시흥사거리 부근),7,9,0,7,1,1,126.900594684898,37.454309882096,acc_row_126,19636.248036517565,1.2857142857142858,0.0,0.7777777777777778,0.1111111111111111,0.1111111111111111,0.7777777777777778,0,4,0.0,4,2,6,7,0.0,1213,49,47,0.9591836734693877,1.527602964120882,4.110799554465225,0.02127659574468085,사용가능,알려진 보행등 모두 유,2% 이하
6779375,2022040,1154510100,11545008,서울특별시 금천구8,서울특별시 금천구 가산동(디지털단지오거리 부근),7,8,0,7,1,0,126.890217289997,37.479134282222,acc_row_127,19623.252587453047,1.1428571428571428,0.0,0.875,0.125,0.0,0.875,0,5,0.0,5,1,8,9,0.0,1042,50,50,1.0,4.188841244645964,6.6632830234026565,0.54,사용가능,알려진 보행등 모두 유,2~5%
6779153,2022040,1154510200,11545009,서울특별시 금천구9,서울특별시 금천구 독산동(우리은행독산동점입구 부근),7,7,0,7,0,0,126.898629813716,37.473769256947,acc_row_128,19626.09301498192,1.0,0.0,1.0,0.0,0.0,1.0,0,2,0.0,2,1,2,2,0.0,1662,51,51,1.0,4.3743219589204685,6.641758095543403,0.43137254901960786,사용가능,알려진 보행등 모두 유,2~5%
6778759,2022040,1156010100,11560001,서울특별시 영등포구1,서울특별시 영등포구 영등포동(롯데백화점 부근),14,15,1,13,0,1,126.905533260653,37.515987593154,acc_row_129,19604.090521688395,1.0714285714285714,0.06666666666666667,0.8666666666666667,0.0,0.06666666666666667,0.9333333333333333,1,3,0.3333333333333333,3,1,6,8,0.0,605,49,42,0.8571428571428571,3.0202349652626332,7.408336418109074,0.11904761904761904,사용가능,보행등 무 포함,2~5%
6778874,2022040,1156010600,11560002,서울특별시 영등포구2,서울특별시 영등포구 영등포동5가(경방필백화점 부근),14,15,0,14,1,0,126.907318044393,37.51924142845,acc_row_130,19602.374056907425,1.0714285714285714,0.0,0.9333333333333333,0.06666666666666667,0.0,0.9333333333333333,0,0,,0,0,0,0,115.21685540122513,377,49,49,1.0,0.7424357474322781,1.1935146700730388,0.0,사용가능,횡단보도 없음,2% 이하
6779254,2022040,1156011300,11560003,서울특별시 영등포구3,서울특별시 영등포구 당산동3가(영등포구청앞교차로 부근),8,9,0,8,1,0,126.897294913131,37.527302856842,acc_row_131,19598.14862588265,1.125,0.0,0.8888888888888888,0.1111111111111111,0.0,0.8888888888888888,0,4,0.0,4,1,4,7,0.0,444,46,46,1.0,0.7642883729584228,0.98401291189752,0.0,사용가능,알려진 보행등 모두 유,2% 이하
6778925,2022040,1156010400,11560004,서울특별시 영등포구4,서울특별시 영등포구 영등포동3가(선한치과 부근),8,9,0,8,1,0,126.90958404277,37.518892236988,acc_row_132,19602.53938684397,1.125,0.0,0.8888888888888888,0.1111111111111111,0.0,0.8888888888888888,0,3,0.6666666666666666,3,1,3,6,0.0,562,49,46,0.9387755102040817,0.52119934420794,0.8635526464414724,0.0,사용가능,보행등 무 포함,2% 이하
6779221,2022040,1156012100,11560005,서울특별시 영등포구5,서울특별시 영등포구 문래동3가(청과시장입구교차로 부근),7,7,1,6,0,0,126.903049640729,37.515253985584,acc_row_133,19604.43649916534,1.0,0.14285714285714285,0.8571428571428571,0.0,0.0,1.0,1,9,0.8888888888888888,9,2,9,12,0.0,539,48,48,1.0,14.637319217387807,22.884861405876986,0.9166666666666666,사용가능,보행등 무 포함,10% 초과
6779343,2022040,1156013200,11560006,서울특별시 영등포구6,서울특별시 영등포구 신길동(대신시장 부근),7,8,0,8,0,0,126.916650322755,37.512437614705,acc_row_134,19605.823568645923,1.1428571428571428,0.0,1.0,0.0,0.0,1.0,0,4,0.0,4,1,4,4,0.0,1828,52,50,0.9615384615384616,2.0908673826463033,3.263785016430036,0.0,사용가능,알려진 보행등 모두 유,2~5%
6779171,2022040,1156010100,11560007,서울특별시 영등포구7,서울특별시 영등포구 영등포동(영등포역1번출구 부근),7,8,0,7,1,0,126.907806290829,37.514737120023,acc_row_135,19604.688269116257,1.1428571428571428,0.0,0.875,0.125,0.0,0.875,0,0,,0,0,0,0,115.90380431219793,1233,49,49,1.0,12.236692866091682,25.128315267203615,0.7551020408163265,사용가능,횡단보도 없음,10% 초과
6779152,2022040,1156013200,11560008,서울특별시 영등포구8,서울특별시 영등포구 신길동(사러가시장앞교차로 부근),7,7,0,7,0,0,126.911038264505,37.506641106403,acc_row_136,19608.90646212328,1.0,0.0,1.0,0.0,0.0,1.0,0,6,0.6666666666666666,6,2,9,10,0.0,2918,49,49,1.0,7.669061138748656,15.365709354402851,0.7346938775510204,사용가능,보행등 무 포함,5~10%
6779519,2022040,1156013300,11560009,서울특별시 영등포구9,서울특별시 영등포구 대림동(대림공원교차로 부근),7,7,0,7,0,0,126.900976751077,37.491447764604,acc_row_137,19616.86240016198,1.0,0.0,1.0,0.0,0.0,1.0,0,0,,0,0,3,7,2.900834921499186,339,46,46,1.0,0.5608498760794401,0.6257007187778862,0.0,사용가능,횡단보도 없음,2% 이하
6779359,2022040,1156010400,11560010,서울특별시 영등포구10,서울특별시 영등포구 영등포동3가(영등포역앞교차로 부근),7,7,0,7,0,0,126.907562887518,37.516899143282,acc_row_138,19603.56466151133,1.0,0.0,1.0,0.0,0.0,1.0,0,2,0.0,2,1,5,8,0.0,692,49,45,0.9183673469387755,1.0319225390169253,2.3991875099999125,0.0,사용가능,알려진 보행등 모두 유,2% 이하
6778766,2022040,1159010200,11590001,서울특별시 동작구1,서울특별시 동작구 상도동(성대약국 부근),11,12,0,12,0,0,126.932358933819,37.500075464612,acc_row_139,19612.334005841312,1.0909090909090908,0.0,1.0,0.0,0.0,1.0,0,2,0.0,2,1,2,5,0.0,4299,49,49,1.0,1.216241786226985,2.74380699793379,0.02040816326530612,사용가능,알려진 보행등 모두 유,2% 이하
6778976,2022040,1159010700,11590002,서울특별시 동작구2,서울특별시 동작구 사당동(사당역사거리 부근),9,10,0,9,1,0,126.98139315717,37.476865583181,acc_row_140,19624.411348095087,1.1111111111111112,0.0,0.9,0.1,0.0,0.9,0,11,0.2727272727272727,11,1,13,15,0.0,1761,51,51,1.0,8.169730292390183,15.894245036610549,0.5686274509803921,사용가능,보행등 무 포함,5~10%
6779030,2022040,1159010700,11590003,서울특별시 동작구3,서울특별시 동작구 사당동(동작대로27길34 부근),9,9,0,9,0,0,126.981090923808,37.487860843804,acc_row_141,19618.699219092417,1.0,0.0,1.0,0.0,0.0,1.0,0,0,,0,0,3,4,16.34504193141068,3281,49,36,0.7346938775510204,,,,격자충족부족,횡단보도 없음,
6778949,2022040,1159010200,11590004,서울특별시 동작구4,서울특별시 동작구 상도동(리치타운 부근),8,9,1,7,1,0,126.952966948867,37.49764889678,acc_row_142,19613.59274327173,1.125,0.1111111111111111,0.7777777777777778,0.1111111111111111,0.0,0.8888888888888888,1,10,0.3,10,3,10,11,0.0,3856,48,48,1.0,9.857958729895664,16.20854345179737,0.75,사용가능,보행등 무 포함,5~10%
6778922,2022040,1159010100,11590005,서울특별시 동작구5,서울특별시 동작구 노량진동(노량진삼거리 부근),7,9,2,6,1,0,126.938820595995,37.513446382446,acc_row_143,19605.316341773156,1.2857142857142858,0.2222222222222222,0.6666666666666666,0.1111111111111111,0.0,0.8888888888888888,1,4,0.25,4,1,7,9,0.0,1539,48,48,1.0,0.6931896042562106,1.2581883881539122,0.0,사용가능,보행등 무 포함,2% 이하
6779132,2022040,1159010500,11590006,서울특별시 동작구6,서울특별시 동작구 흑석동(명수대상가 부근),7,7,1,6,0,0,126.96149463527,37.507422722482,acc_row_144,19608.5093559744,1.0,0.14285714285714285,0.8571428571428571,0.0,0.0,1.0,1,10,0.1,10,3,13,18,0.0,3270,49,42,0.8571428571428571,1.6574815893496821,2.8867297778339234,0.0,사용가능,보행등 무 포함,2% 이하
6779224,2022040,1159010700,11590007,서울특별시 동작구7,서울특별시 동작구 사당동(대성문구인쇄 부근),7,31,0,13,18,0,126.979757332636,37.484429815085,acc_row_145,19620.389678010317,4.428571428571429,0.0,0.41935483870967744,0.5806451612903226,0.0,0.41935483870967744,0,2,0.5,2,1,2,2,0.0,3247,49,49,1.0,1.1627044796155415,2.3492447378193733,0.0,사용가능,보행등 무 포함,2% 이하
6779178,2022040,1159010700,11590008,서울특별시 동작구8,서울특별시 동작구 사당동(신한은행사당지점 부근),7,8,0,7,1,0,126.977770344427,37.477390442816,acc_row_146,19624.134867195517,1.1428571428571428,0.0,0.875,0.125,0.0,0.875,0,1,0.0,1,1,3,3,0.0,3008,49,49,1.0,3.0988017464742774,5.73323986143878,0.1836734693877551,사용가능,알려진 보행등 모두 유,2~5%
6779106,2022040,1159010800,11590009,서울특별시 동작구9,서울특별시 동작구 대방동(해군회관앞교차로 부근),7,7,0,7,0,0,126.921917684355,37.50435133085,acc_row_147,19610.112637792114,1.0,0.0,1.0,0.0,0.0,1.0,0,11,0.45454545454545453,11,2,13,16,0.0,1483,50,50,1.0,4.595133389361119,9.811368700397443,0.52,사용가능,보행등 무 포함,2~5%
6779590,2022040,1159010900,11590010,서울특별시 동작구10,서울특별시 동작구 신대방동(우성차밍빌 부근),7,7,0,7,0,0,126.923827587175,37.491381149122,acc_row_148,19616.786433307276,1.0,0.0,1.0,0.0,0.0,1.0,0,1,1.0,1,1,3,9,0.0,1506,49,49,1.0,0.8176776784106542,2.3088606103338623,0.0,사용가능,보행등 무 포함,2% 이하
6779374,2022040,1159010700,11590011,서울특별시 동작구11,서울특별시 동작구 사당동(남성역앞교차로 부근),7,7,0,7,0,0,126.968208961975,37.486000844364,acc_row_149,19619.656739905888,1.0,0.0,1.0,0.0,0.0,1.0,0,2,0.0,2,1,7,9,0.0,4436,52,52,1.0,6.330578483748671,14.041836710069326,0.34615384615384615,사용가능,알려진 보행등 모두 유,5~10%
6778868,2022040,1162010200,11620001,서울특별시 관악구1,서울특별시 관악구 신림동(구로디지털단지역앞교 부근),12,13,0,12,1,0,126.902390148987,37.484424349005,acc_row_150,19620.508129518214,1.0833333333333333,0.0,0.9230769230769231,0.07692307692307693,0.0,0.9230769230769231,0,8,0.125,8,2,15,16,0.0,1068,48,48,1.0,5.27526546425683,15.979029671274882,0.3541666666666667,사용가능,보행등 무 포함,5~10%
6779037,2022040,1162010200,11620002,서울특별시 관악구2,서울특별시 관악구 신림동(구로전화국앞교차로 부근),9,10,0,9,1,0,126.904682290656,37.480650222631,acc_row_151,19622.476826725782,1.1111111111111112,0.0,0.9,0.1,0.0,0.9,0,3,0.6666666666666666,3,2,6,11,0.0,1812,47,47,1.0,4.870066026807424,8.930737899255998,0.5106382978723404,사용가능,보행등 무 포함,2~5%
6779067,2022040,1162010200,11620003,서울특별시 관악구3,서울특별시 관악구 신림동(봉림교앞교차로 부근),8,11,2,7,2,0,126.925922998549,37.483639682426,acc_row_152,19620.880105403976,1.375,0.18181818181818182,0.6363636363636364,0.18181818181818182,0.0,0.8181818181818182,1,5,0.2,5,2,8,8,0.0,966,52,52,1.0,3.3043641274827937,6.272116306055795,0.19230769230769232,사용가능,보행등 무 포함,2~5%
6778901,2022040,1162010100,11620004,서울특별시 관악구4,서울특별시 관악구 봉천동(까치고개 부근),8,8,0,8,0,0,126.966017346524,37.476076006304,acc_row_153,19624.853414607707,1.0,0.0,1.0,0.0,0.0,1.0,0,4,0.5,4,1,5,7,0.0,4616,50,50,1.0,9.210945554778146,16.752131091183195,0.84,사용가능,보행등 무 포함,5~10%
6779308,2022040,1162010100,11620005,서울특별시 관악구5,서울특별시 관악구 봉천동(임마누엘교회 부근),7,9,2,5,1,1,126.944031781443,37.48210384092,acc_row_154,19621.66598488288,1.2857142857142858,0.2222222222222222,0.5555555555555556,0.1111111111111111,0.1111111111111111,0.7777777777777778,1,3,0.6666666666666666,3,1,4,5,0.0,3384,48,32,0.6666666666666666,,,,격자충족부족,보행등 무 포함,
6779204,2022040,1162010200,11620006,서울특별시 관악구6,서울특별시 관악구 신림동(SK허브그린 부근),7,13,1,7,5,0,126.929760333774,37.484739895031,acc_row_155,19620.317633044928,1.8571428571428572,0.07692307692307693,0.5384615384615384,0.38461538461538464,0.0,0.6153846153846154,1,7,0.42857142857142855,7,1,8,9,0.0,1511,50,50,1.0,1.7323766412915,5.094248252503784,0.12,사용가능,보행등 무 포함,2% 이하
6778969,2022040,1162010200,11620007,서울특별시 관악구7,서울특별시 관악구 신림동(뿌리약국 부근),7,8,0,8,0,0,126.918756927991,37.47423052462,acc_row_156,19625.816702043576,1.1428571428571428,0.0,1.0,0.0,0.0,1.0,0,3,1.0,3,1,8,9,0.0,3954,50,50,1.0,4.837139172689309,9.59737666014792,0.44,사용가능,보행등 무 포함,2~5%
6779362,2022040,1162010100,11620008,서울특별시 관악구8,서울특별시 관악구 봉천동(플랫화이트 부근),7,8,0,7,1,0,126.966482536141,37.4742753882,acc_row_157,19625.68591480294,1.1428571428571428,0.0,0.875,0.125,0.0,0.875,0,0,,0,0,0,1,69.99216510975081,4682,50,50,1.0,4.181481799569435,6.758705505445983,0.48,사용가능,횡단보도 없음,2~5%
6779357,2022040,1162010100,11620009,서울특별시 관악구9,서울특별시 관악구 봉천동(낙성대역앞교차로 부근),7,7,0,7,0,0,126.96215923696,37.477861227115,acc_row_158,19623.882818331964,1.0,0.0,1.0,0.0,0.0,1.0,0,7,0.7142857142857143,7,3,12,17,0.0,4031,50,50,1.0,6.22026372666496,13.138643296740074,0.48,사용가능,보행등 무 포함,5~10%
6779134,2022040,1162010200,11620010,서울특별시 관악구10,서울특별시 관악구 신림동(청암인터그린타워 부근),7,7,0,7,0,0,126.92977677428,37.482576716144,acc_row_159,19621.395601973385,1.0,0.0,1.0,0.0,0.0,1.0,0,4,0.0,4,1,4,13,0.0,2489,52,52,1.0,5.6646807448295124,11.195606578811669,0.3076923076923077,사용가능,알려진 보행등 모두 유,5~10%
6778951,2022040,1162010100,11620011,서울특별시 관악구11,서울특별시 관악구 봉천동(호혜빌딩입구 부근),7,7,0,7,0,0,126.950370810266,37.481412413353,acc_row_160,19622.063658765845,1.0,0.0,1.0,0.0,0.0,1.0,0,3,0.3333333333333333,3,1,4,5,0.0,2225,48,48,1.0,2.3900665185124237,2.7351826363389993,0.041666666666666664,사용가능,보행등 무 포함,2~5%
6779107,2022040,1162010100,11620012,서울특별시 관악구12,서울특별시 관악구 봉천동(봉천본동농협앞 부근),7,7,0,7,0,0,126.946299153984,37.481393401685,acc_row_161,19622.03852823185,1.0,0.0,1.0,0.0,0.0,1.0,0,2,0.0,2,1,5,14,0.0,2826,48,48,1.0,1.3334977450562067,2.436803799281167,0.0,사용가능,알려진 보행등 모두 유,2% 이하
6778960,2022040,1165010600,11650001,서울특별시 서초구1,서울특별시 서초구 잠원동(고속터미널역앞교차로 부근),8,8,1,7,0,0,127.004270503482,37.506348089294,acc_row_162,19609.037516152905,1.0,0.125,0.875,0.0,0.0,1.0,1,10,0.4,10,3,14,16,0.0,291,49,49,1.0,2.0384061005233733,5.314118124971608,0.14285714285714285,사용가능,보행등 무 포함,2~5%
6779079,2022040,1165010800,11650002,서울특별시 서초구2,서울특별시 서초구 서초동(서초삼익아파트 부근),8,9,0,9,0,0,127.020626112007,37.496500655881,acc_row_163,19614.18327632413,1.125,0.0,1.0,0.0,0.0,1.0,0,2,0.5,2,1,3,3,0.0,1417,50,50,1.0,6.129255745310038,10.595568345032774,0.56,사용가능,보행등 무 포함,5~10%
6779111,2022040,1165010800,11650003,서울특별시 서초구3,서울특별시 서초구 서초동(서초동1390 부근),8,8,0,8,0,0,127.025575130689,37.501027429373,acc_row_164,19611.825137405147,1.0,0.0,1.0,0.0,0.0,1.0,0,6,0.3333333333333333,6,2,6,11,0.0,1251,47,47,1.0,3.526026197201674,6.129409193769935,0.3191489361702128,사용가능,보행등 무 포함,2~5%
6778880,2022040,1168010100,11680001,서울특별시 강남구1,서울특별시 강남구 역삼동(국기원입구교차로 부근),8,8,0,8,0,0,127.02966599559,37.498159439208,acc_row_165,19613.279831996166,1.0,0.0,1.0,0.0,0.0,1.0,0,0,,0,0,0,6,60.57257550847941,1071,46,46,1.0,4.1484275397867485,6.285746513271048,0.5217391304347826,사용가능,횡단보도 없음,2~5%
6779520,2022040,1168011800,11680002,서울특별시 강남구2,서울특별시 강남구 도곡동(매봉역앞교차로 부근),7,9,1,6,2,0,127.046256911728,37.485965827462,acc_row_166,19619.636303450756,1.2857142857142858,0.1111111111111111,0.6666666666666666,0.2222222222222222,0.0,0.7777777777777778,1,1,0.0,1,1,4,6,0.0,1368,52,52,1.0,0.45294691790575387,1.1309714384310805,0.0,사용가능,알려진 보행등 모두 유,2% 이하
6779305,2022040,1168011500,11680003,서울특별시 강남구3,서울특별시 강남구 수서동(나산투루빌I 부근),7,7,1,6,0,0,127.102354100163,37.487249588998,acc_row_167,19618.998816842042,1.0,0.14285714285714285,0.8571428571428571,0.0,0.0,1.0,1,4,0.25,4,2,7,13,0.0,1024,49,49,1.0,1.4714341696407063,3.4763208313565723,0.04081632653061224,사용가능,보행등 무 포함,2% 이하
6779261,2022040,1168010400,11680004,서울특별시 강남구4,서울특별시 강남구 청담동(강남구청역사거리 부근),7,10,0,8,2,0,127.040862919289,37.517132005639,acc_row_168,19603.38861248716,1.4285714285714286,0.0,0.8,0.2,0.0,0.8,0,4,0.0,4,1,4,6,0.0,1645,50,50,1.0,3.049883703120214,6.728889085364813,0.3,사용가능,알려진 보행등 모두 유,2~5%
6779137,2022040,1168010100,11680005,서울특별시 강남구5,서울특별시 강남구 역삼동(진선여고 부근),7,9,0,7,2,0,127.050451379429,37.503287978758,acc_row_169,19610.595984441086,1.2857142857142858,0.0,0.7777777777777778,0.2222222222222222,0.0,0.7777777777777778,0,2,0.0,2,1,3,5,0.0,773,47,47,1.0,4.811604041359398,7.229839420366081,0.5531914893617021,사용가능,알려진 보행등 모두 유,2~5%
6779289,2022040,1168010600,11680006,서울특별시 강남구6,서울특별시 강남구 대치동(선릉역사거리 부근),7,8,0,7,1,0,127.048631431297,37.50490348401,acc_row_170,19609.811928373936,1.1428571428571428,0.0,0.875,0.125,0.0,0.875,0,4,0.0,4,1,10,10,0.0,870,48,48,1.0,2.2899533099463185,4.488697085538799,0.08333333333333333,사용가능,알려진 보행등 모두 유,2~5%
6779054,2022040,1168010500,11680007,서울특별시 강남구7,서울특별시 강남구 삼성동(KTF타워 부근),7,8,0,7,1,0,127.052699049623,37.505820315856,acc_row_171,19609.304484052205,1.1428571428571428,0.0,0.875,0.125,0.0,0.875,0,3,0.6666666666666666,3,1,3,3,0.0,707,47,47,1.0,3.7795180996179756,7.784310594182724,0.425531914893617,사용가능,보행등 무 포함,2~5%
6779018,2022040,1168010800,11680008,서울특별시 강남구8,서울특별시 강남구 논현동(옥타곤 부근),7,7,0,7,0,0,127.032074942106,37.510968291554,acc_row_172,19606.674581904168,1.0,0.0,1.0,0.0,0.0,1.0,0,3,0.6666666666666666,3,1,3,3,0.0,1740,49,49,1.0,9.05353142628683,14.084323992135323,0.8163265306122449,사용가능,보행등 무 포함,5~10%
6779161,2022040,1168010100,11680009,서울특별시 강남구9,서울특별시 강남구 역삼동(준빌딩 부근),7,7,0,7,0,0,127.029224798986,37.496354963911,acc_row_173,19614.207931761142,1.0,0.0,1.0,0.0,0.0,1.0,0,0,,0,0,2,3,5.932233852824379,562,48,48,1.0,6.148454553372733,8.617686380733497,0.6666666666666666,사용가능,횡단보도 없음,5~10%
6779195,2022040,1168010400,11680010,서울특별시 강남구10,서울특별시 강남구 청담동(청담사거리 부근),7,7,0,7,0,0,127.047843855411,37.522927616417,acc_row_174,19600.458819678464,1.0,0.0,1.0,0.0,0.0,1.0,0,3,0.6666666666666666,3,1,4,10,0.0,1868,52,52,1.0,2.31151323507065,4.12079283559838,0.057692307692307696,사용가능,보행등 무 포함,2~5%
6779015,2022040,1171010100,11710001,서울특별시 송파구1,서울특별시 송파구 잠실동(잠실천주교회 부근),8,9,0,8,1,0,127.083218927313,37.510979553764,acc_row_175,19606.64687280178,1.125,0.0,0.8888888888888888,0.1111111111111111,0.0,0.8888888888888888,0,1,1.0,1,1,2,2,0.0,417,51,51,1.0,0.977717116101604,1.4663833427079336,0.0,사용가능,보행등 무 포함,2% 이하
6779325,2022040,1171010700,11710002,서울특별시 송파구2,서울특별시 송파구 가락동(금호아파트 부근),7,7,2,5,0,0,127.116794813731,37.494688484187,acc_row_176,19615.206047469543,1.0,0.2857142857142857,0.7142857142857143,0.0,0.0,1.0,1,4,0.25,4,1,5,5,0.0,359,48,47,0.9791666666666666,2.8704784163601094,6.294274169822218,0.19148936170212766,사용가능,보행등 무 포함,2~5%
6779210,2022040,1171010800,11710003,서울특별시 송파구3,서울특별시 송파구 문정동(GS마트입구 부근),7,7,0,7,0,0,127.117261109514,37.491985909023,acc_row_177,19616.55604686497,1.0,0.0,1.0,0.0,0.0,1.0,0,4,0.0,4,1,6,10,0.0,269,46,46,1.0,1.0336803592336061,1.2009993655672102,0.0,사용가능,알려진 보행등 모두 유,2% 이하
6779031,2022040,1171010500,11710004,서울특별시 송파구4,서울특별시 송파구 석촌동(송파사거리 부근),7,7,0,7,0,0,127.108162520885,37.501330242797,acc_row_178,19611.673582697833,1.0,0.0,1.0,0.0,0.0,1.0,0,3,0.6666666666666666,3,1,3,4,0.0,468,49,49,1.0,0.373329305656386,0.7763363422400549,0.0,사용가능,보행등 무 포함,2% 이하
6778904,2022040,1174010900,11740001,서울특별시 강동구1,서울특별시 강동구 천호동(천호사거리 부근),10,11,0,10,1,0,127.123359460871,37.539056459089,acc_row_179,19592.08181588111,1.1,0.0,0.9090909090909091,0.09090909090909091,0.0,0.9090909090909091,0,7,0.42857142857142855,7,1,8,8,0.0,272,51,51,1.0,3.331488898046007,7.392595669330045,0.23529411764705882,사용가능,보행등 무 포함,2~5%
6779157,2022040,1174010900,11740002,서울특별시 강동구2,서울특별시 강동구 천호동(천호신사거리 부근),9,12,0,9,2,1,127.127211559367,37.538347598164,acc_row_180,19592.390788217785,1.3333333333333333,0.0,0.75,0.16666666666666666,0.08333333333333333,0.75,0,1,1.0,1,1,5,7,0.0,745,49,49,1.0,0.9498070373368204,2.426147817713649,0.0,사용가능,보행등 무 포함,2% 이하
6779045,2022040,1174010500,11740003,서울특별시 강동구3,서울특별시 강동구 길동(길동사거리 부근),9,10,0,9,1,0,127.138776989268,37.53423730251,acc_row_181,19594.578488164,1.1111111111111112,0.0,0.9,0.1,0.0,0.9,0,8,0.125,8,1,11,12,0.0,363,50,50,1.0,1.292976847241723,2.6772319681745196,0.0,사용가능,보행등 무 포함,2% 이하
6778877,2022040,1174010900,11740004,서울특별시 강동구4,서울특별시 강동구 천호동(강동구민회관 부근),9,10,0,9,1,0,127.140758093213,37.545960971722,acc_row_182,19588.507703054773,1.1111111111111112,0.0,0.9,0.1,0.0,0.9,0,3,0.6666666666666666,3,1,4,4,0.0,1067,48,48,1.0,4.454091940401788,7.25455092946024,0.3333333333333333,사용가능,보행등 무 포함,2~5%
6778916,2022040,1174010900,11740005,서울특별시 강동구5,서울특별시 강동구 천호동(천동초교앞교차로 부근),8,9,0,8,1,0,127.13670381543,37.541622063009,acc_row_183,19590.701102775718,1.125,0.0,0.8888888888888888,0.1111111111111111,0.0,0.8888888888888888,0,5,0.6,5,2,5,11,0.0,1403,49,49,1.0,3.8878073052061892,7.850310006314429,0.2857142857142857,사용가능,보행등 무 포함,2~5%
6779235,2022040,1174010900,11740006,서울특별시 강동구6,서울특별시 강동구 천호동(천호동1663 부근),7,7,1,6,0,0,127.131057368904,37.538900489667,acc_row_184,19592.1784413127,1.0,0.14285714285714285,0.8571428571428571,0.0,0.0,1.0,1,2,0.0,2,1,4,8,0.0,1893,48,48,1.0,8.74184778039427,15.287704342231187,0.75,사용가능,알려진 보행등 모두 유,5~10%
6779311,2022040,1174010500,11740007,서울특별시 강동구7,서울특별시 강동구 길동(길동탑스위트앞 부근),7,8,0,7,1,0,127.138536698511,37.537120907605,acc_row_185,19593.062846374647,1.1428571428571428,0.0,0.875,0.125,0.0,0.875,0,0,,0,0,2,5,13.986597939980875,316,49,49,1.0,1.0475557529550013,1.5939837477561614,0.0,사용가능,횡단보도 없음,2% 이하
6778956,2022040,1174010900,11740008,서울특별시 강동구8,서울특별시 강동구 천호동(천호초교입구교차로 부근),7,8,0,7,1,0,127.133278813068,37.547560419579,acc_row_186,19587.6435456772,1.1428571428571428,0.0,0.875,0.125,0.0,0.875,0,0,,0,0,1,5,36.84792849398402,1270,49,49,1.0,3.6773505879060244,6.1265264241389,0.3469387755102041,사용가능,횡단보도 없음,2~5%
6779147,2022040,1174010900,11740009,서울특별시 강동구9,서울특별시 강동구 천호동(천호동4252 부근),7,8,0,7,1,0,127.1256151773,37.540686072006,acc_row_187,19591.199508477956,1.1428571428571428,0.0,0.875,0.125,0.0,0.875,0,3,0.6666666666666666,3,1,6,10,0.0,353,49,49,1.0,2.0461302776977357,3.5630067074504863,0.02040816326530612,사용가능,보행등 무 포함,2~5%
6779527,2022040,1174010100,11740010,서울특별시 강동구10,서울특별시 강동구 명일동(굽은다리역교차로 부근),7,7,0,7,0,0,127.143926036958,37.546331110194,acc_row_188,19588.298752468396,1.0,0.0,1.0,0.0,0.0,1.0,0,4,0.0,4,2,8,13,0.0,562,48,48,1.0,1.716193997385993,3.376317714102326,0.0,사용가능,알려진 보행등 모두 유,2% 이하
6779572,2022040,1174010600,11740011,서울특별시 강동구11,서울특별시 강동구 둔촌동(길동사거리앞교차로 부근),7,7,0,7,0,0,127.142621815845,37.534970085402,acc_row_189,19594.217715188508,1.0,0.0,1.0,0.0,0.0,1.0,0,0,,0,0,4,4,5.126732614383228,578,49,49,1.0,2.2668038337039964,3.3511887808543404,0.0,사용가능,횡단보도 없음,2~5%
6779135,2022040,1174010900,11740012,서울특별시 강동구12,서울특별시 강동구 천호동(산경빌딩 부근),7,7,0,7,0,0,127.128804267704,37.536730174659,acc_row_190,19593.22876451443,1.0,0.0,1.0,0.0,0.0,1.0,0,4,0.75,4,1,4,4,0.0,1031,49,49,1.0,5.19395483028465,9.891298832319713,0.5306122448979592,사용가능,보행등 무 포함,5~10%
6838196,2023060,1111017100,11110001,서울 종로구1,서울 종로구 명륜2가(성균관대입구교차로 부근),10,13,1,11,1,0,126.998795016912,37.58337793028,acc_row_609,19568.872084184582,1.3,0.07692307692307693,0.8461538461538461,0.07692307692307693,0.0,0.9230769230769231,1,7,0.42857142857142855,7,1,7,9,0.0,2445,49,49,1.0,3.2083431337049415,4.935323262427207,0.02040816326530612,사용가능,보행등 무 포함,2~5%
6838216,2023060,1111013800,11110002,서울 종로구2,서울 종로구 종로2가(로앤산부인과의원 종로점 부근),7,8,0,7,0,1,126.986524532012,37.570224275739,acc_row_610,19575.735407071974,1.1428571428571428,0.0,0.875,0.0,0.125,0.875,0,5,0.2,5,3,10,11,0.0,919,46,41,0.8913043478260869,1.5258116034968745,2.48458270919041,0.0,사용가능,보행등 무 포함,2% 이하
6838258,2023060,1111017400,11110003,서울 종로구3,서울 종로구 창신동(동묘앞역교차로 부근),8,9,1,8,0,0,127.016124194935,37.573458437385,acc_row_611,19574.081120551775,1.125,0.1111111111111111,0.8888888888888888,0.0,0.0,1.0,1,3,0.0,3,1,10,12,0.0,3326,49,49,1.0,3.3437007650104538,7.831969533156305,0.22448979591836735,사용가능,알려진 보행등 모두 유,2~5%
6838334,2023060,1111017500,11110004,서울 종로구4,서울 종로구 숭인동(NH농협은행 신설동지점 부근),9,9,0,9,0,0,127.021537008307,37.574417307344,acc_row_612,19573.564737616747,1.0,0.0,1.0,0.0,0.0,1.0,0,3,0.6666666666666666,3,1,3,8,0.0,2140,49,49,1.0,1.525737658781285,2.762173908976956,0.0,사용가능,보행등 무 포함,2% 이하
6838520,2023060,1111017700,11110005,서울 종로구5,서울 종로구 평동(서대문역 5호선 부근),9,11,0,11,0,0,126.966772868026,37.566119459497,acc_row_613,19577.83502679163,1.2222222222222223,0.0,1.0,0.0,0.0,1.0,0,11,0.36363636363636365,11,2,11,11,0.0,2836,49,49,1.0,2.533706734937493,3.613133518967551,0.061224489795918366,사용가능,보행등 무 포함,2~5%
6838475,2023060,1114016200,11140001,서울 중구1,서울 중구 신당동(약수역사거리 부근),9,12,1,9,2,0,127.010526488397,37.554105350493,acc_row_614,19584.18311942593,1.3333333333333333,0.08333333333333333,0.75,0.16666666666666666,0.0,0.8333333333333334,1,6,0.6666666666666666,6,2,14,15,0.0,3551,52,52,1.0,6.294573810141058,12.890185625499521,0.38461538461538464,사용가능,보행등 무 포함,5~10%
6838149,2023060,1114016200,11140002,서울 중구2,서울 중구 신당동(길상사안경원 부근),10,10,0,10,0,0,127.018221835546,37.565373711698,acc_row_615,19578.281616494034,1.0,0.0,1.0,0.0,0.0,1.0,0,5,0.8,5,1,7,11,0.0,984,48,16,0.3333333333333333,,,,격자충족부족,보행등 무 포함,
6838515,2023060,1114016500,11140003,서울 중구3,서울 중구 황학동(동대문중앙교회 부근),7,7,0,7,0,0,127.020467041955,37.568202680991,acc_row_616,19576.786822654063,1.0,0.0,1.0,0.0,0.0,1.0,0,6,0.6666666666666666,6,2,7,10,0.0,1958,49,49,1.0,4.1936398041105445,7.389814073437915,0.46938775510204084,사용가능,보행등 무 포함,2~5%
6838261,2023060,1114016200,11140004,서울 중구4,서울 중구 신당동(신당제5동주민센터 부근),7,7,0,7,0,0,127.021543305896,37.565466948946,acc_row_617,19578.26941406455,1.0,0.0,1.0,0.0,0.0,1.0,0,3,0.6666666666666666,3,1,3,8,0.0,2751,49,49,1.0,3.6538087680988633,6.217202590859775,0.2653061224489796,사용가능,보행등 무 포함,2~5%
6838596,2023060,1114016200,11140005,서울 중구5,서울 중구 신당동(신평화패션타운 부근),9,10,0,10,0,0,127.012179653293,37.569150705032,acc_row_618,19576.296557216334,1.1111111111111112,0.0,1.0,0.0,0.0,1.0,0,2,1.0,2,1,5,11,0.0,1324,48,48,1.0,2.4846559785734015,10.508656134787083,0.1875,사용가능,보행등 무 포함,2~5%
6838135,2023060,1117010700,11170001,서울 용산구1,서울 용산구 동자동(OK저축은행 서울역출장소 부근),8,8,0,8,0,0,126.972533865595,37.55434865753,acc_row_619,19584.06484843444,1.0,0.0,1.0,0.0,0.0,1.0,0,9,0.8888888888888888,9,2,10,13,0.0,2506,49,49,1.0,4.492990943041612,6.195780808357648,0.3469387755102041,사용가능,보행등 무 포함,2~5%
6838154,2023060,1117010800,11170002,서울 용산구2,서울 용산구 서계동(만리시장 부근),7,7,0,7,0,0,126.963277775518,37.551493422846,acc_row_620,19585.525046472645,1.0,0.0,1.0,0.0,0.0,1.0,0,3,0.3333333333333333,3,2,9,10,0.0,6420,48,48,1.0,14.045757787979307,27.838171845546142,0.8541666666666666,사용가능,보행등 무 포함,10% 초과
6838395,2023060,1117013100,11170003,서울 용산구3,서울 용산구 한남동(메가커피 한남오거리점부근),9,10,0,10,0,0,127.006169847011,37.533184872842,acc_row_621,19595.09058665834,1.1111111111111112,0.0,1.0,0.0,0.0,1.0,0,4,0.25,4,2,9,18,0.0,2967,49,49,1.0,1.2344583109335205,1.8639680645299324,0.0,사용가능,보행등 무 포함,2% 이하
6838222,2023060,1117013600,11170004,서울 용산구4,서울 용산구 보광동(보광동주민센터 부근),7,8,2,6,0,0,127.000708142076,37.526243792692,acc_row_622,19598.626911284493,1.1428571428571428,0.25,0.75,0.0,0.0,1.0,1,3,1.0,3,1,3,5,0.0,4588,49,49,1.0,5.768158505658618,12.847212184131376,0.4489795918367347,사용가능,보행등 무 포함,5~10%
6838412,2023060,1117010800,11170005,서울 용산구5,서울 용산구 서계동(청파동자치회관 별관 부근),8,8,0,8,0,0,126.96830004986,37.554490595623,acc_row_623,19583.906388517804,1.0,0.0,1.0,0.0,0.0,1.0,0,2,0.5,2,2,12,15,0.0,3283,48,48,1.0,5.166530133336952,7.597188996239643,0.6041666666666666,사용가능,보행등 무 포함,5~10%
6838392,2023060,1120011500,11200001,서울 성동구1,서울 성동구 성수동2가(성수역 2호선 부근),7,10,0,8,2,0,127.057104857975,37.54429326212,acc_row_624,19589.240065408398,1.4285714285714286,0.0,0.8,0.2,0.0,0.8,0,5,0.6,5,2,5,7,0.0,20,49,48,0.9795918367346939,7.967832457059216,18.46152457676192,0.5,사용가능,보행등 무 포함,5~10%
6838492,2023060,1120011200,11200002,서울 성동구2,서울 성동구 금호동4가(금남시장교차로 부근),7,7,1,6,0,0,127.021008220428,37.548230971038,acc_row_625,19587.198280534496,1.0,0.14285714285714285,0.8571428571428571,0.0,0.0,1.0,1,3,0.3333333333333333,3,1,4,5,0.0,5814,48,48,1.0,8.608547329479707,17.676872591281548,0.6041666666666666,사용가능,보행등 무 포함,5~10%
6838524,2023060,1121510700,11215001,서울 광진구1,서울 광진구 화양동(건대입구역교차로 부근),8,11,1,7,2,1,127.069799831976,37.540441840932,acc_row_626,19591.280281602707,1.375,0.09090909090909091,0.6363636363636364,0.18181818181818182,0.09090909090909091,0.7272727272727273,1,1,0.0,1,1,4,5,0.0,142,49,42,0.8571428571428571,8.019171522796906,9.957999342632862,0.8333333333333334,사용가능,알려진 보행등 모두 유,5~10%
6838570,2023060,1123010300,11230001,서울 동대문구1,서울 동대문구 제기동(경동시장사거리 부근),13,14,0,14,0,0,127.038794688589,37.57826263831,acc_row_627,19571.63040491201,1.0769230769230769,0.0,1.0,0.0,0.0,1.0,0,7,0.2857142857142857,7,1,8,11,0.0,418,51,51,1.0,0.2904105682081178,0.5684560169866429,0.0,사용가능,보행등 무 포함,2% 이하
6838245,2023060,1123010300,11230002,서울 동대문구2,서울 동대문구 제기동(성바오로병원교차로 부근),10,11,1,10,0,0,127.042690044032,37.579273781908,acc_row_628,19571.024766083046,1.1,0.09090909090909091,0.9090909090909091,0.0,0.0,1.0,1,5,0.2,5,1,10,12,0.0,479,49,47,0.9591836734693877,0.594598914903905,0.8041160529084657,0.0,사용가능,보행등 무 포함,2% 이하
6838156,2023060,1123010300,11230003,서울 동대문구3,서울 동대문구 제기동(제기동역 1호선 부근),9,9,0,9,0,0,127.034528054195,37.57810269274,acc_row_629,19571.65677197531,1.0,0.0,1.0,0.0,0.0,1.0,0,5,0.2,5,2,6,8,0.0,665,50,50,1.0,11.511926563922039,38.87828920563885,0.58,사용가능,보행등 무 포함,10% 초과
6838529,2023060,1123010300,11230004,서울 동대문구4,서울 동대문구 제기동(청량리 종합시장 부근),8,8,0,8,0,0,127.040862264667,37.580170089748,acc_row_630,19570.592302118566,1.0,0.0,1.0,0.0,0.0,1.0,0,0,,0,0,2,9,44.79819367288713,384,49,49,1.0,0.4984372423378755,0.6157120211683473,0.0,사용가능,횡단보도 없음,2% 이하
6838533,2023060,1123010700,11230005,서울 동대문구5,서울 동대문구 청량리동(청량리역교차로 부근),9,10,1,9,0,0,127.044979805561,37.580688598478,acc_row_631,19570.360928291833,1.1111111111111112,0.1,0.9,0.0,0.0,1.0,1,3,0.0,3,3,9,12,0.0,490,48,48,1.0,0.5780839709571913,1.165624887350319,0.0,사용가능,알려진 보행등 모두 유,2% 이하
6838517,2023060,1123010200,11230006,서울 동대문구6,서울 동대문구 용두동(용신동주민센터 부근),7,7,1,6,0,0,127.03741568095,37.576115480914,acc_row_632,19572.70031153536,1.0,0.14285714285714285,0.8571428571428571,0.0,0.0,1.0,1,2,0.5,2,1,3,3,0.0,557,49,49,1.0,1.2649860001837456,1.7119044040110483,0.0,사용가능,보행등 무 포함,2% 이하
6838307,2023060,1123010300,11230007,서울 동대문구7,서울 동대문구 제기동(청량 종합도매시장 부근),7,7,0,7,0,0,127.039822530357,37.582428674289,acc_row_633,19569.361772211352,1.0,0.0,1.0,0.0,0.0,1.0,0,0,,0,0,2,5,26.52129243822295,290,50,50,1.0,0.267274837066142,0.4247879354906803,0.0,사용가능,횡단보도 없음,2% 이하
6838188,2023060,1123010900,11230008,서울 동대문구8,서울 동대문구 휘경동(삼육서울병원앞교차로 부근),8,8,0,8,0,0,127.063049943524,37.589626407553,acc_row_634,19565.697328377686,1.0,0.0,1.0,0.0,0.0,1.0,0,1,0.0,1,1,5,5,0.0,2396,51,51,1.0,5.592310921056507,12.785996558999093,0.23529411764705882,사용가능,알려진 보행등 모두 유,5~10%
6838263,2023060,1123010400,11230009,서울 동대문구9,서울 동대문구 전농동(전농동사거리 부근),9,9,0,9,0,0,127.057440799141,37.578410630899,acc_row_635,19571.49710827623,1.0,0.0,1.0,0.0,0.0,1.0,0,6,0.8333333333333334,6,2,12,14,0.0,1534,49,49,1.0,2.231184983486253,3.957738703458406,0.08163265306122448,사용가능,보행등 무 포함,2~5%
6838464,2023060,1123010100,11230010,서울 동대문구10,서울 동대문구 신설동(신설동역교차로 부근),9,10,0,9,1,0,127.023532622213,37.575098744341,acc_row_636,19573.15936709442,1.1111111111111112,0.0,0.9,0.1,0.0,0.9,0,11,0.45454545454545453,11,3,15,16,0.0,1151,46,38,0.8260869565217391,0.5398118305108093,1.865134824074722,0.0,사용가능,보행등 무 포함,2% 이하
6838389,2023060,1126010500,11260001,서울 중랑구1,서울 중랑구 망우동(유디치과의원 상봉점 부근),9,9,0,9,0,0,127.094871427486,37.598144823745,acc_row_637,19561.220062063672,1.0,0.0,1.0,0.0,0.0,1.0,0,8,0.625,8,2,9,12,0.0,1090,47,47,1.0,1.843360605830259,3.9336179138736935,0.0,사용가능,보행등 무 포함,2% 이하
6838201,2023060,1126010500,11260002,서울 중랑구2,서울 중랑구 망우동(망우사거리 부근),7,7,0,7,0,0,127.10064873795,37.59922359488,acc_row_638,19560.648448248718,1.0,0.0,1.0,0.0,0.0,1.0,0,6,0.3333333333333333,6,2,7,12,0.0,1030,48,48,1.0,1.9046936255923848,3.465895391669675,0.0,사용가능,보행등 무 포함,2% 이하
6838172,2023060,1126010100,11260003,서울 중랑구3,서울 중랑구 면목동(면목7동주민센터 임시청사 부근),11,13,0,11,2,0,127.087294098521,37.579451673475,acc_row_639,19570.931677123117,1.1818181818181819,0.0,0.8461538461538461,0.15384615384615385,0.0,0.8461538461538461,0,4,0.5,4,1,8,12,0.0,1566,50,50,1.0,5.225426616681437,9.556916494842994,0.4,사용가능,보행등 무 포함,5~10%
6838410,2023060,1126010100,11260004,서울 중랑구4,서울 중랑구 면목동(면목시장 부근),7,7,0,7,0,0,127.08545642671,37.578963012905,acc_row_640,19571.26595231176,1.0,0.0,1.0,0.0,0.0,1.0,0,2,0.5,2,1,6,7,0.0,1403,52,52,1.0,3.277371079545155,4.7887426210923305,0.038461538461538464,사용가능,보행등 무 포함,2~5%
6838469,2023060,1126010100,11260005,서울 중랑구5,서울 중랑구 면목동(상봉파출소 부근),7,7,0,7,0,0,127.072702901224,37.590909163099,acc_row_641,19565.009412400777,1.0,0.0,1.0,0.0,0.0,1.0,0,3,0.0,3,2,8,8,0.0,569,46,46,1.0,0.9945056949599795,3.6351156962878894,0.0,사용가능,알려진 보행등 모두 유,2% 이하
6838268,2023060,1126010100,11260006,서울 중랑구6,서울 중랑구 면목동(면목역교차로 부근),9,11,1,8,0,2,127.087323715429,37.588011722789,acc_row_642,19566.50396295429,1.2222222222222223,0.09090909090909091,0.7272727272727273,0.0,0.18181818181818182,0.8181818181818182,1,6,0.0,6,2,10,12,0.0,1209,49,49,1.0,3.8610789690431817,7.1976226725251955,0.3673469387755102,사용가능,알려진 보행등 모두 유,2~5%
6838288,2023060,1126010400,11260007,서울 중랑구7,서울 중랑구 묵동(묵2동문화체육복합센터 부근),7,7,0,7,0,0,127.07718112152,37.609372113985,acc_row_643,19555.40453958518,1.0,0.0,1.0,0.0,0.0,1.0,0,1,0.0,1,1,7,17,0.0,958,49,49,1.0,1.0392067284015252,1.4053584707635192,0.061224489795918366,사용가능,알려진 보행등 모두 유,2% 이하
6838289,2023060,1126010300,11260008,서울 중랑구8,서울 중랑구 중화동(중화2동주민센터 부근),7,7,1,6,0,0,127.079813586934,37.598883077694,acc_row_644,19560.819923899333,1.0,0.14285714285714285,0.8571428571428571,0.0,0.0,1.0,1,2,0.0,2,1,6,11,0.0,1055,49,49,1.0,3.457876193373648,6.437873072224553,0.24489795918367346,사용가능,알려진 보행등 모두 유,2~5%
6838462,2023060,1126010500,11260009,서울 중랑구9,서울 중랑구 망우동(우림시장교차로 부근),7,7,0,7,0,0,127.100177381712,37.594966298374,acc_row_645,19562.864722284477,1.0,0.0,1.0,0.0,0.0,1.0,0,3,0.0,3,1,13,14,0.0,1984,51,51,1.0,3.3586052695504605,6.56253156747157,0.21568627450980393,사용가능,알려진 보행등 모두 유,2~5%
6838465,2023060,1126010600,11260010,서울 중랑구10,서울 중랑구 신내동(중랑구청사거리 부근),7,10,0,8,1,1,127.095190387221,37.606181410919,acc_row_646,19557.008068245894,1.4285714285714286,0.0,0.8,0.1,0.1,0.8,0,3,0.0,3,2,10,15,0.0,1498,49,49,1.0,3.2325937300639604,6.880914969559508,0.2857142857142857,사용가능,알려진 보행등 모두 유,2~5%
6838583,2023060,1129011600,11290001,서울 성북구1,서울 성북구 동선동1가(율치과교정과치과의원 부근),9,13,0,11,2,0,127.018230436442,37.593715188035,acc_row_647,19563.467634642973,1.4444444444444444,0.0,0.8461538461538461,0.15384615384615385,0.0,0.8461538461538461,0,5,0.4,5,1,5,9,0.0,2913,50,50,1.0,3.7547952421848034,6.5804437872963515,0.24,사용가능,보행등 무 포함,2~5%
6838197,2023060,1129013400,11290002,서울 성북구2,서울 성북구 길음동(길음역교차로 부근),11,11,0,11,0,0,127.024948812402,37.603603569326,acc_row_648,19558.311842657324,1.0,0.0,1.0,0.0,0.0,1.0,0,3,0.3333333333333333,3,2,10,15,0.0,2943,49,49,1.0,3.618238483243962,5.780456794922456,0.1836734693877551,사용가능,보행등 무 포함,2~5%
6838508,2023060,1129013300,11290003,서울 성북구3,서울 성북구 정릉동(정릉아산내과의원 부근),7,7,1,6,0,0,127.009988181096,37.60775572399,acc_row_649,19556.218534726253,1.0,0.14285714285714285,0.8571428571428571,0.0,0.0,1.0,1,1,1.0,1,1,3,5,0.0,6009,48,48,1.0,8.131816692334167,12.894812891209716,0.8541666666666666,사용가능,보행등 무 포함,5~10%
6838373,2023060,1129010500,11290004,서울 성북구4,서울 성북구 동소문동2가(서울바른소아치과의원 부근),7,7,0,7,0,0,127.009365996458,37.588857339018,acc_row_650,19566.0206819293,1.0,0.0,1.0,0.0,0.0,1.0,0,0,,0,0,13,19,10.890857790827397,3755,50,50,1.0,2.2288631554599845,4.745169698173621,0.1,사용가능,횡단보도 없음,2~5%
6838495,2023060,1129010200,11290005,서울 성북구5,서울 성북구 성북동1가(한성대입구역교차로 부근),7,7,0,7,0,0,127.005521769001,37.588279802622,acc_row_651,19566.31818151736,1.0,0.0,1.0,0.0,0.0,1.0,0,5,0.4,5,2,14,18,0.0,4897,49,49,1.0,7.701026001377614,14.098388057288851,0.6122448979591837,사용가능,보행등 무 포함,5~10%
6838565,2023060,1130510100,11305001,서울 강북구1,서울 강북구 미아동(삼양시장교차로 부근),7,8,0,7,1,0,127.017846969257,37.624608912958,acc_row_652,19547.364380540486,1.1428571428571428,0.0,0.875,0.125,0.0,0.875,0,5,0.2,5,1,9,10,0.0,6409,50,50,1.0,9.019789152951537,14.460662956417504,0.78,사용가능,보행등 무 포함,5~10%
6838183,2023060,1130510200,11305002,서울 강북구2,서울 강북구 번동(강북구청사거리 부근),11,15,2,10,3,0,127.026848225361,37.639704914989,acc_row_653,19539.582618643497,1.3636363636363635,0.13333333333333333,0.6666666666666666,0.2,0.0,0.8,1,8,0.25,8,3,11,12,0.0,433,52,52,1.0,0.987192140601009,2.304022856757426,0.0,사용가능,보행등 무 포함,2% 이하
6838539,2023060,1130510200,11305003,서울 강북구3,서울 강북구 번동(수유역교차로 부근),8,8,0,8,0,0,127.025748268671,37.638001477351,acc_row_654,19540.428172990753,1.0,0.0,1.0,0.0,0.0,1.0,0,7,0.0,7,1,8,12,0.0,514,48,48,1.0,1.4684413650098016,2.0309101341558375,0.0,사용가능,알려진 보행등 모두 유,2% 이하
6838536,2023060,1130510200,11305004,서울 강북구4,서울 강북구 번동(구립번1동어린이집 부근),7,8,1,7,0,0,127.029539537481,37.641603979442,acc_row_655,19538.475904362433,1.1428571428571428,0.125,0.875,0.0,0.0,1.0,1,1,1.0,1,1,6,6,0.0,603,48,48,1.0,0.8217691373459015,1.3453348508681673,0.0,사용가능,보행등 무 포함,2% 이하
6838388,2023060,1130510300,11305005,서울 강북구5,서울 강북구 수유동(수유2동주민센터 부근),7,7,0,7,0,0,127.020596659964,37.644680580084,acc_row_656,19536.941904982836,1.0,0.0,1.0,0.0,0.0,1.0,0,4,0.75,4,2,7,7,0.0,491,47,47,1.0,0.5953242056544081,1.2474282221331123,0.0,사용가능,보행등 무 포함,2% 이하
6838446,2023060,1130510100,11305006,서울 강북구6,서울 강북구 미아동(미아사거리역 4호선 부근),14,16,0,14,2,0,127.030553678247,37.612987516502,acc_row_657,19553.44316778466,1.1428571428571428,0.0,0.875,0.125,0.0,0.875,0,3,0.0,3,2,5,10,0.0,689,50,41,0.82,2.3794506307224035,5.367538342308519,0.1951219512195122,사용가능,알려진 보행등 모두 유,2~5%
6838262,2023060,1130510100,11305007,서울 강북구7,서울 강북구 미아동(미아역교차로 부근),14,15,1,13,1,0,127.026433876942,37.625644375241,acc_row_658,19546.851214426344,1.0714285714285714,0.06666666666666667,0.8666666666666667,0.06666666666666667,0.0,0.9333333333333333,1,3,0.0,3,1,7,12,0.0,1719,50,50,1.0,2.400279868557477,5.417803736112294,0.12,사용가능,알려진 보행등 모두 유,2~5%
6838141,2023060,1132010600,11320001,서울 도봉구1,서울 도봉구 방학동(녹산교회 부근),8,9,0,8,1,0,127.043956959919,37.666365418498,acc_row_659,19525.618603603038,1.125,0.0,0.8888888888888888,0.1111111111111111,0.0,0.8888888888888888,0,1,1.0,1,1,8,8,0.0,513,47,47,1.0,2.1331918106936807,6.479748567010029,0.1276595744680851,사용가능,보행등 무 포함,2~5%
6838586,2023060,1132010800,11320002,서울 도봉구2,서울 도봉구 도봉동(신도봉사거리 부근),7,7,1,6,0,0,127.043336014605,37.670685952521,acc_row_660,19523.423733866955,1.0,0.14285714285714285,0.8571428571428571,0.0,0.0,1.0,1,2,0.0,2,1,10,13,0.0,320,49,49,1.0,2.796535036279639,6.064827072551891,0.30612244897959184,사용가능,알려진 보행등 모두 유,2~5%
6838546,2023060,1132010600,11320003,서울 도봉구3,서울 도봉구 방학동(도봉소방서 부근),7,8,0,7,1,0,127.043458961219,37.664450900235,acc_row_661,19526.624904893895,1.1428571428571428,0.0,0.875,0.125,0.0,0.875,0,2,0.5,2,1,4,9,0.0,493,50,50,1.0,1.6555480506090388,2.6941131390683575,0.06,사용가능,보행등 무 포함,2% 이하
6838489,2023060,1132010700,11320004,서울 도봉구4,서울 도봉구 창동(쌍문역 4호선 부근),7,9,0,7,2,0,127.033847226266,37.648786706169,acc_row_662,19534.79947524404,1.2857142857142858,0.0,0.7777777777777778,0.2222222222222222,0.0,0.7777777777777778,0,3,0.3333333333333333,3,1,4,4,0.0,1657,49,49,1.0,5.484788789238599,12.895700439133016,0.3469387755102041,사용가능,보행등 무 포함,5~10%
6838191,2023060,1132010700,11320005,서울 도봉구5,서울 도봉구 창동(창동역 2번출구 부근),7,7,0,7,0,0,127.045923250207,37.653146533358,acc_row_663,19532.493720622108,1.0,0.0,1.0,0.0,0.0,1.0,0,5,0.8,5,1,5,5,0.0,491,50,50,1.0,5.188421707400036,13.88132303715167,0.32,사용가능,보행등 무 포함,5~10%
6838292,2023060,1132010700,11320006,서울 도봉구6,서울 도봉구 창동(초안교 부근),7,8,0,8,0,0,127.041887144279,37.630968280528,acc_row_664,19544.099092414486,1.1428571428571428,0.0,1.0,0.0,0.0,1.0,0,8,0.0,8,2,8,13,0.0,903,46,46,1.0,8.79560614170383,20.992138895723663,0.5,사용가능,알려진 보행등 모두 유,5~10%
6838431,2023060,1132010700,11320007,서울 도봉구7,서울 도봉구 창동(도봉보건소교차로 부근),8,9,0,9,0,0,127.039105043565,37.657515154521,acc_row_665,19530.223155242853,1.125,0.0,1.0,0.0,0.0,1.0,0,0,,0,0,8,14,3.0035291802945108,1182,52,52,1.0,3.9701444166587985,6.7015429919339375,0.38461538461538464,사용가능,횡단보도 없음,2~5%
6838270,2023060,1135010500,11350001,서울 노원구1,서울 노원구 상계동(상계역교차로 부근),7,9,0,8,1,0,127.073493343701,37.659914984526,acc_row_666,19529.004859065477,1.2857142857142858,0.0,0.8888888888888888,0.1111111111111111,0.0,0.8888888888888888,0,2,0.0,2,1,9,12,0.0,914,50,50,1.0,4.897758222496375,10.414423002699575,0.26,사용가능,알려진 보행등 모두 유,2~5%
6838504,2023060,1135010500,11350002,서울 노원구2,서울 노원구 상계동(수락산역교차로 부근),7,8,1,6,1,0,127.054535035057,37.678137546139,acc_row_667,19519.45814800168,1.1428571428571428,0.125,0.75,0.125,0.0,0.875,1,3,0.3333333333333333,3,2,8,9,0.0,1049,49,49,1.0,1.2755252264665085,1.9203044544841836,0.0,사용가능,보행등 무 포함,2% 이하
6838454,2023060,1135010300,11350003,서울 노원구3,서울 노원구 공릉동(태능약국부근),9,11,0,9,2,0,127.077937914389,37.618802869877,acc_row_668,19550.488399695154,1.2222222222222223,0.0,0.8181818181818182,0.18181818181818182,0.0,0.8181818181818182,0,5,0.0,5,2,6,9,0.0,1380,48,48,1.0,1.1663934832857974,2.7831843177692197,0.0,사용가능,알려진 보행등 모두 유,2% 이하
6838162,2023060,1138010900,11380001,서울 은평구1,서울 은평구 신사동(신사종합사회복지관 방과후어린이집 부근),8,8,0,8,0,0,126.91263746203,37.598469219422,acc_row_669,19561.043965195113,1.0,0.0,1.0,0.0,0.0,1.0,0,4,0.25,4,1,5,6,0.0,1440,51,51,1.0,3.3329588197297273,5.51131503699061,0.13725490196078433,사용가능,보행등 무 포함,2~5%
6838275,2023060,1138010300,11380002,서울 은평구2,서울 은평구 불광동(연신내역교차로 부근),7,9,0,7,2,0,126.920925048224,37.618654180594,acc_row_670,19550.533778587975,1.2857142857142858,0.0,0.7777777777777778,0.2222222222222222,0.0,0.7777777777777778,0,7,0.14285714285714285,7,2,9,12,0.0,1252,48,48,1.0,2.446662142509289,4.704640080710596,0.08333333333333333,사용가능,보행등 무 포함,2~5%
6838599,2023060,1138010300,11380003,서울 은평구3,서울 은평구 불광동(불광2치안센터 부근),7,7,0,7,0,0,126.919269321224,37.624072988821,acc_row_671,19547.693833350666,1.0,0.0,1.0,0.0,0.0,1.0,0,1,1.0,1,1,7,7,0.0,3085,50,50,1.0,3.5891644301297223,6.064106907837254,0.36,사용가능,보행등 무 포함,2~5%
6838487,2023060,1138010300,11380004,서울 은평구4,서울 은평구 불광동(세븐일레븐 연신내중앙점 부근),7,7,0,7,0,0,126.919444567606,37.62058346459,acc_row_672,19549.548649727843,1.0,0.0,1.0,0.0,0.0,1.0,0,1,1.0,1,1,3,4,0.0,1688,52,49,0.9423076923076923,2.903366816649939,5.703269442692557,0.12244897959183673,사용가능,보행등 무 포함,2~5%
6838286,2023060,1138010700,11380005,서울 은평구5,서울 은평구 응암동(대림골목시장 부근),7,7,0,7,0,0,126.91685588263,37.587754272884,acc_row_673,19566.66776276333,1.0,0.0,1.0,0.0,0.0,1.0,0,6,0.3333333333333333,6,2,6,9,0.0,1402,49,49,1.0,2.5538639746647243,5.788445771314458,0.2857142857142857,사용가능,보행등 무 포함,2~5%
6838302,2023060,1138010600,11380006,서울 은평구6,서울 은평구 대조동(불광역교차로 부근),8,9,1,8,0,0,126.929180733451,37.611281805695,acc_row_674,19554.406900546186,1.125,0.1111111111111111,0.8888888888888888,0.0,0.0,1.0,1,4,0.25,4,1,9,11,0.0,2496,50,50,1.0,2.628474773522502,3.4869978506199626,0.02,사용가능,보행등 무 포함,2~5%
6838350,2023060,1138010800,11380007,서울 은평구7,서울 은평구 역촌동(뚜레쥬르 역촌2동점 부근),7,7,0,7,0,0,126.909813889172,37.605999338341,acc_row_675,19557.108295521586,1.0,0.0,1.0,0.0,0.0,1.0,0,2,0.0,2,1,5,5,0.0,2770,49,49,1.0,14.863540686041961,29.853718071318575,1.0,사용가능,알려진 보행등 모두 유,10% 초과
6838177,2023060,1141011100,11410001,서울 서대문구1,서울 서대문구 홍제동(홍제역 3호선 부근),11,12,1,10,1,0,126.944862571469,37.588295822335,acc_row_676,19566.31864973442,1.0909090909090908,0.08333333333333333,0.8333333333333334,0.08333333333333333,0.0,0.9166666666666666,1,6,0.3333333333333333,6,2,6,10,0.0,5258,50,50,1.0,3.40211828001171,2.8009749717644494,0.1,사용가능,보행등 무 포함,2~5%
6838221,2023060,1141011800,11410002,서울 서대문구2,서울 서대문구 홍은동(홍은사거리 부근),9,9,0,9,0,0,126.941580500367,37.590924515136,acc_row_677,19564.919653605586,1.0,0.0,1.0,0.0,0.0,1.0,0,4,0.25,4,1,9,11,0.0,7189,46,46,1.0,18.656746146058264,34.721525970108914,0.9782608695652174,사용가능,보행등 무 포함,10% 초과
6838380,2023060,1141012000,11410003,서울 서대문구3,서울 서대문구 남가좌동(가좌삼거리 부근),7,8,0,7,0,1,126.912145821722,37.570343585415,acc_row_678,19575.732930868104,1.1428571428571428,0.0,0.875,0.0,0.125,0.875,0,2,0.0,2,1,4,12,0.0,1281,49,49,1.0,3.1684035834167825,5.6031777112959835,0.20408163265306123,사용가능,알려진 보행등 모두 유,2~5%
6838251,2023060,1144010400,11440001,서울 마포구1,서울 마포구 도화동(도화동주민센터 부근),8,9,1,8,0,0,126.949184040978,37.541346930459,acc_row_679,19590.776193388814,1.125,0.1111111111111111,0.8888888888888888,0.0,0.0,1.0,1,1,0.0,1,1,4,8,0.0,1524,50,50,1.0,1.502151576727369,3.370272550366701,0.0,사용가능,알려진 보행등 모두 유,2% 이하
6838555,2023060,1144010400,11440002,서울 마포구2,서울 마포구 도화동(가든치과의원 부근),7,7,2,5,0,0,126.947603102025,37.540064135807,acc_row_680,19591.51065489106,1.0,0.2857142857142857,0.7142857142857143,0.0,0.0,1.0,1,1,0.0,1,1,3,6,0.0,1586,52,52,1.0,4.116033275820863,11.358052086451455,0.19230769230769232,사용가능,알려진 보행등 모두 유,2~5%
6838192,2023060,1147010300,11470001,서울 양천구1,서울 양천구 신월동(해나어린이집 부근),7,8,0,8,0,0,126.843419451848,37.521895384953,acc_row_681,19601.014427512673,1.1428571428571428,0.0,1.0,0.0,0.0,1.0,0,5,0.0,5,1,6,9,0.0,951,49,41,0.8367346938775511,3.227274830914566,6.757598471163837,0.21951219512195122,사용가능,알려진 보행등 모두 유,2~5%
6838328,2023060,1147010300,11470002,서울 양천구2,서울 양천구 신월동(신월1동주민센터 부근),7,9,0,8,1,0,126.832121938203,37.532809215067,acc_row_682,19595.36248403418,1.2857142857142858,0.0,0.8888888888888888,0.1111111111111111,0.0,0.8888888888888888,0,0,,0,0,0,2,50.958150394948255,935,47,47,1.0,3.2119630161024366,8.709473347740868,0.2127659574468085,사용가능,횡단보도 없음,2~5%
6838243,2023060,1147010300,11470003,서울 양천구3,서울 양천구 신월1동(신명전기 부근),7,8,0,8,0,0,126.833814900604,37.52976718489,acc_row_683,19596.950881366178,1.1428571428571428,0.0,1.0,0.0,0.0,1.0,0,1,0.0,1,1,7,8,0.0,1142,47,47,1.0,2.715505719118118,8.178201184491314,0.23404255319148937,사용가능,알려진 보행등 모두 유,2~5%
6838225,2023060,1147010200,11470004,서울 양천구4,서울 양천구 목동(전비뇨기과의원 부근),7,7,0,7,0,0,126.864159852994,37.548039453243,acc_row_684,19587.39127421976,1.0,0.0,1.0,0.0,0.0,1.0,0,0,,0,0,6,6,0.13843940811436897,1046,50,50,1.0,1.7872472547960288,3.5255951690574174,0.06,사용가능,횡단보도 없음,2% 이하
6838424,2023060,1147010100,11470005,서울 양천구5,서울 양천구 신정동(우신동물병원 부근),11,13,0,11,0,2,126.851096261889,37.522808477418,acc_row_685,19600.58350861159,1.1818181818181819,0.0,0.8461538461538461,0.0,0.15384615384615385,0.8461538461538461,0,4,0.75,4,2,6,15,0.0,3038,51,51,1.0,5.007757700260252,7.179479459163146,0.5490196078431373,사용가능,보행등 무 포함,5~10%
6838341,2023060,1147010200,11470006,서울 양천구6,서울 양천구 목동(대명교회 부근),15,15,1,14,0,0,126.871276450618,37.547138862187,acc_row_686,19587.85441541573,1.0,0.06666666666666667,0.9333333333333333,0.0,0.0,1.0,1,5,1.0,5,2,9,9,0.0,1201,51,51,1.0,2.5534287127442563,8.471456586652234,0.21568627450980393,사용가능,보행등 무 포함,2~5%
6838294,2023060,1147010200,11470007,서울 양천구7,서울 양천구 목동(염창역 부근),8,8,1,7,0,0,126.874471203285,37.546753320706,acc_row_687,19588.08241659906,1.0,0.125,0.875,0.0,0.0,1.0,1,2,0.5,2,1,5,8,0.0,1349,48,48,1.0,3.4274789218747443,8.091389675924527,0.25,사용가능,보행등 무 포함,2~5%
6838460,2023060,1147010100,11470008,서울 양천구8,서울 양천구 신정동(신정1동주민센터 부근),7,7,0,7,0,0,126.853528686752,37.518077947401,acc_row_688,19602.98035956967,1.0,0.0,1.0,0.0,0.0,1.0,0,9,0.5555555555555556,9,3,15,15,0.0,2661,47,47,1.0,2.8396861042543615,4.206280720865846,0.0425531914893617,사용가능,보행등 무 포함,2~5%
6838451,2023060,1150010300,11500001,서울 강서구1,서울 강서구 화곡동(주함지역아동센터 부근),9,9,0,9,0,0,126.847437814178,37.534235144095,acc_row_689,19594.626128168067,1.0,0.0,1.0,0.0,0.0,1.0,0,4,1.0,4,1,5,8,0.0,2532,51,51,1.0,5.071877028903618,8.913247976229748,0.3333333333333333,사용가능,보행등 무 포함,5~10%
6838217,2023060,1150010300,11500002,서울 강서구2,서울 강서구 화곡동(곰달래사거리 부근),9,9,0,9,0,0,126.83918936878,37.530079137035,acc_row_690,19596.736811187788,1.0,0.0,1.0,0.0,0.0,1.0,0,3,0.0,3,1,5,8,0.0,527,49,46,0.9387755102040817,1.8739374445357238,2.3733489762102815,0.0,사용가능,알려진 보행등 모두 유,2% 이하
6838234,2023060,1150010300,11500003,서울 강서구3,서울 강서구 화곡동(신월초교입구교차로 부근),7,7,1,6,0,0,126.841260046383,37.54070058201,acc_row_691,19591.253919068866,1.0,0.14285714285714285,0.8571428571428571,0.0,0.0,1.0,1,4,0.0,4,1,7,10,0.0,1364,51,51,1.0,6.727567826623072,8.447142988786837,0.9019607843137255,사용가능,알려진 보행등 모두 유,5~10%
6838362,2023060,1150010300,11500004,서울 강서구4,서울 강서구 화곡동(우장산역교차로 부근),8,9,0,8,0,1,126.8361651864,37.548215263433,acc_row_692,19587.37580626572,1.125,0.0,0.8888888888888888,0.0,0.1111111111111111,0.8888888888888888,0,4,0.0,4,1,5,9,0.0,1395,50,50,1.0,2.78480607618744,4.735739556802146,0.04,사용가능,알려진 보행등 모두 유,2~5%
6838473,2023060,1150010300,11500005,서울 강서구5,서울 강서구 화곡동(화곡본동시장 부근),9,11,0,9,2,0,126.843553768875,37.543143467348,acc_row_693,19590.014472343802,1.2222222222222223,0.0,0.8181818181818182,0.18181818181818182,0.0,0.8181818181818182,0,5,0.4,5,2,7,10,0.0,1567,51,51,1.0,3.4122136422847515,5.6819116829519585,0.45098039215686275,사용가능,보행등 무 포함,2~5%
6838360,2023060,1153010200,11530001,서울 구로구1,서울 구로구 구로동(서울구로4동우체국 부근),7,7,0,7,0,0,126.884732835288,37.490214266443,acc_row_694,19617.468861583067,1.0,0.0,1.0,0.0,0.0,1.0,0,3,0.6666666666666666,3,1,7,8,0.0,943,49,49,1.0,1.6406872349167723,5.503998050474287,0.12244897959183673,사용가능,보행등 무 포함,2% 이하
6838584,2023060,1153010200,11530002,서울 구로구2,서울 구로구 구로동(구로4동주민센터 부근),7,12,0,10,2,0,126.889569459638,37.491059926564,acc_row_695,19617.034038319118,1.7142857142857142,0.0,0.8333333333333334,0.16666666666666666,0.0,0.8333333333333334,0,0,,0,0,0,0,120.00744323886272,475,51,51,1.0,1.821042025993199,3.8629899090902855,0.0784313725490196,사용가능,횡단보도 없음,2% 이하
6838159,2023060,1153010200,11530003,서울 구로구3,서울 구로구 구로동(구로2동자치회관 부근),8,10,1,7,2,0,126.882991953168,37.500017210529,acc_row_696,19612.34327922116,1.25,0.1,0.7,0.2,0.0,0.8,1,7,0.5714285714285714,7,3,10,13,0.0,1883,50,50,1.0,6.116222396310144,9.933523900396983,0.36,사용가능,보행등 무 포함,5~10%
6838344,2023060,1153010200,11530004,서울 구로구4,서울 구로구 구로동(디지털단지입구교차로 부근),9,9,0,9,0,0,126.900344781521,37.482769008764,acc_row_697,19621.342579549273,1.0,0.0,1.0,0.0,0.0,1.0,0,6,0.16666666666666666,6,3,8,9,0.0,1372,51,51,1.0,1.1951151579680033,3.749839746883601,0.058823529411764705,사용가능,보행등 무 포함,2% 이하
6838538,2023060,1153010200,11530005,서울 구로구5,서울 구로구 구로동(구로디지털단지역교차로 부근),7,8,0,7,1,0,126.902807813225,37.484530115485,acc_row_698,19620.420635595317,1.1428571428571428,0.0,0.875,0.125,0.0,0.875,0,5,0.0,5,1,15,16,0.0,1027,49,49,1.0,7.05169324625772,13.7324981359398,0.5510204081632653,사용가능,알려진 보행등 모두 유,5~10%
6838353,2023060,1153010800,11530006,서울 구로구6,서울 구로구 오류동(오류동역앞교차로 부근),7,7,0,7,0,0,126.843865086124,37.496182317006,acc_row_699,19614.431139710945,1.0,0.0,1.0,0.0,0.0,1.0,0,5,0.4,5,2,5,5,0.0,4090,50,50,1.0,1.6269440566107647,2.24513501718289,0.0,사용가능,보행등 무 포함,2% 이하
6838167,2023060,1154510300,11545001,서울 금천구1,서울 금천구 시흥동(시흥사거리 부근),11,12,1,10,1,0,126.900601890676,37.454823693265,acc_row_700,19635.902580982816,1.0909090909090908,0.08333333333333333,0.8333333333333334,0.08333333333333333,0.0,0.9166666666666666,1,4,0.25,4,2,6,7,0.0,1501,49,49,1.0,3.040921310436617,5.042281665911202,0.10204081632653061,사용가능,보행등 무 포함,2~5%
6838331,2023060,1154510200,11545002,서울 금천구2,서울 금천구 독산2동(뜰이삭어린이집 부근),7,12,0,9,3,0,126.902889930852,37.464240719384,acc_row_701,19631.00735968896,1.7142857142857142,0.0,0.75,0.25,0.0,0.75,0,4,0.5,4,2,4,7,0.0,2749,47,47,1.0,11.327629781692535,18.43575643031198,0.8936170212765957,사용가능,보행등 무 포함,10% 초과
6838209,2023060,1154510200,11545003,서울 금천구3,서울 금천구 독산동(향기어린이집 부근),9,15,0,11,3,1,126.902136991563,37.468451064906,acc_row_702,19628.799494370243,1.6666666666666667,0.0,0.7333333333333333,0.2,0.06666666666666667,0.7333333333333333,0,5,0.8,5,2,6,9,0.0,2493,50,50,1.0,4.915905799063239,10.291329723395643,0.36,사용가능,보행등 무 포함,2~5%
6838321,2023060,1154510200,11545004,서울 금천구4,서울 금천구 독산동(관악농협 신독산지점 부근),7,7,2,5,0,0,126.894792883813,37.473025631005,acc_row_703,19626.462670470926,1.0,0.2857142857142857,0.7142857142857143,0.0,0.0,1.0,1,1,0.0,1,1,5,5,0.0,926,49,49,1.0,3.810422707240582,6.255046043551995,0.14285714285714285,사용가능,알려진 보행등 모두 유,2~5%
6838484,2023060,1156013300,11560001,서울 영등포구1,서울 영등포구 대림2동(조개창고 부근),8,8,0,8,0,0,126.900829968033,37.49123922746,acc_row_704,19616.954700951457,1.0,0.0,1.0,0.0,0.0,1.0,0,1,1.0,1,1,2,8,0.0,277,49,49,1.0,0.5629784395274288,0.7834445612500913,0.0,사용가능,보행등 무 포함,2% 이하
6838274,2023060,1156013200,11560002,서울 영등포구2,서울 영등포구 신길동(온누리종합동물병원 부근),7,8,0,7,1,0,126.912788222421,37.511167991492,acc_row_705,19606.52478238606,1.1428571428571428,0.0,0.875,0.125,0.0,0.875,0,2,0.0,2,2,3,4,0.0,2288,52,52,1.0,4.235055850579965,5.548327077149229,0.40384615384615385,사용가능,알려진 보행등 모두 유,2~5%
6838352,2023060,1156010100,11560003,서울 영등포구3,서울 영등포구 영등포동(경인동물의료센터 부근),17,18,0,17,0,1,126.904496419224,37.515746246934,acc_row_706,19604.17588115793,1.0588235294117647,0.0,0.9444444444444444,0.0,0.05555555555555555,0.9444444444444444,0,0,,0,0,5,10,12.971054198419939,452,49,49,1.0,9.18414236903823,22.06982815190745,0.3877551020408163,사용가능,횡단보도 없음,5~10%
6838394,2023060,1156010300,11560004,서울 영등포구4,서울 영등포구 영등포동2가(영등포전통시장 부근),10,12,1,9,2,0,126.907762208618,37.519136015926,acc_row_707,19602.458919665387,1.2,0.08333333333333333,0.75,0.16666666666666666,0.0,0.8333333333333334,1,0,,0,0,0,3,74.47169850482472,402,49,49,1.0,0.7461579853807525,1.1935146700730388,0.0,사용가능,횡단보도 없음,2% 이하
6838435,2023060,1156010500,11560005,서울 영등포구5,서울 영등포구 영등포동4가(영등포역교차로 부근),8,8,1,7,0,0,126.907199296477,37.517086601851,acc_row_708,19603.520076052922,1.0,0.125,0.875,0.0,0.0,1.0,1,3,0.0,3,1,5,6,0.0,643,50,41,0.82,0.8246020670555374,1.3756386636543545,0.0,사용가능,알려진 보행등 모두 유,2% 이하
6838181,2023060,1159010700,11590001,서울 동작구1,서울 동작구 사당동(남성역교차로 부근),7,7,0,7,0,0,126.968496016467,37.486195927333,acc_row_709,19619.55313772879,1.0,0.0,1.0,0.0,0.0,1.0,0,2,0.0,2,1,4,10,0.0,4241,50,50,1.0,9.493503258007449,19.77499160937431,0.54,사용가능,알려진 보행등 모두 유,5~10%
6838315,2023060,1159010500,11590002,서울 동작구2,서울 동작구 흑석동(김연두내과의원 부근),12,12,1,11,0,0,126.961492250898,37.507189656502,acc_row_710,19608.584590780567,1.0,0.08333333333333333,0.9166666666666666,0.0,0.0,1.0,1,9,0.2222222222222222,9,3,14,16,0.0,3161,50,38,0.76,,,,격자충족부족,보행등 무 포함,
6838339,2023060,1159010200,11590003,서울 동작구3,서울 동작구 상도동(행복한어린이집 부근),9,10,0,10,0,0,126.932523852458,37.500707204923,acc_row_711,19611.933283809416,1.1111111111111112,0.0,1.0,0.0,0.0,1.0,0,2,0.0,2,1,3,3,0.0,4573,49,49,1.0,4.119819121814939,14.448839329465986,0.2857142857142857,사용가능,알려진 보행등 모두 유,2~5%
6838333,2023060,1159010200,11590004,서울 동작구4,서울 동작구 상도동(상도3치안센터 부근),7,7,0,7,0,0,126.930403212832,37.499264339395,acc_row_712,19612.711842811084,1.0,0.0,1.0,0.0,0.0,1.0,0,3,0.6666666666666666,3,1,5,8,0.0,3616,49,49,1.0,1.8215512561049927,2.3455908719581418,0.02040816326530612,사용가능,보행등 무 포함,2% 이하
6838427,2023060,1159010700,11590005,서울 동작구5,서울 동작구 사당동(이수역 먹자골목 부근),8,8,0,8,0,0,126.981508042602,37.487958429697,acc_row_713,19618.602278385708,1.0,0.0,1.0,0.0,0.0,1.0,0,2,0.0,2,1,4,4,0.0,2977,49,37,0.7551020408163265,,,,격자충족부족,알려진 보행등 모두 유,
6838434,2023060,1159010200,11590006,서울 동작구6,서울 동작구 상도동(상도1동주민센터 부근),7,7,1,6,0,0,126.95245956807,37.49764789783,acc_row_714,19613.559443522467,1.0,0.14285714285714285,0.8571428571428571,0.0,0.0,1.0,1,7,0.2857142857142857,7,2,10,13,0.0,3965,50,50,1.0,7.466201336282477,11.155388088535068,0.7,사용가능,보행등 무 포함,5~10%
6838182,2023060,1162010200,11620001,서울 관악구1,서울 관악구 신림동(난곡우체국앞교차로 부근),7,8,0,7,0,1,126.916231253727,37.477423642614,acc_row_715,19624.15095842007,1.1428571428571428,0.0,0.875,0.0,0.125,0.875,0,6,0.3333333333333333,6,4,11,15,0.0,3193,46,46,1.0,3.22810172345405,3.867987229470645,0.043478260869565216,사용가능,보행등 무 포함,2~5%
6838237,2023060,1162010100,11620002,서울 관악구2,서울 관악구 봉천동(서울어린이집 부근),9,10,0,9,1,0,126.966378991905,37.474522793352,acc_row_716,19625.65754589244,1.1111111111111112,0.0,0.9,0.1,0.0,0.9,0,0,,0,0,0,2,50.43030807833439,4626,51,51,1.0,4.432890347050892,6.7438330355314475,0.49019607843137253,사용가능,횡단보도 없음,2~5%
6838597,2023060,1162010100,11620003,서울 관악구3,서울 관악구 봉천동(관악중앙새마을금고본점 부근),7,7,0,7,0,0,126.946549065079,37.481421463626,acc_row_717,19622.06745875489,1.0,0.0,1.0,0.0,0.0,1.0,0,2,0.0,2,1,7,16,0.0,2622,49,49,1.0,1.2556417948432754,2.1993750253984987,0.0,사용가능,알려진 보행등 모두 유,2% 이하
6838448,2023060,1162010100,11620004,서울 관악구4,서울 관악구 봉천동(봉천제일종합시장 부근),7,9,2,5,1,1,126.944091070159,37.481734562085,acc_row_718,19621.83274894019,1.2857142857142858,0.2222222222222222,0.5555555555555556,0.1111111111111111,0.1111111111111111,0.7777777777777778,1,2,0.5,2,1,3,6,0.0,3604,49,40,0.8163265306122449,1.4870965732818564,1.7228368671829493,0.0,사용가능,보행등 무 포함,2% 이하
6838589,2023060,1162010100,11620005,서울 관악구5,서울 관악구 봉천동(세븐일레븐 관악타워점 부근),8,8,0,8,0,0,126.950322532195,37.482130183062,acc_row_719,19621.60975879791,1.0,0.0,1.0,0.0,0.0,1.0,0,3,0.0,3,2,5,5,0.0,2325,49,49,1.0,2.15740625775379,2.3662007061205674,0.0,사용가능,알려진 보행등 모두 유,2~5%
6838301,2023060,1162010200,11620006,서울 관악구6,서울 관악구 신림동(메디Q의원 부근),9,13,2,9,2,0,126.926558477955,37.483738762313,acc_row_720,19620.822383442868,1.4444444444444444,0.15384615384615385,0.6923076923076923,0.15384615384615385,0.0,0.8461538461538461,1,6,0.3333333333333333,6,2,8,8,0.0,892,49,49,1.0,2.8967393313505725,6.36900831878649,0.24489795918367346,사용가능,보행등 무 포함,2~5%
6838559,2023060,1162010200,11620007,서울 관악구7,서울 관악구 신림동(서원치안센터 부근),8,8,0,8,0,0,126.929804865144,37.482675549537,acc_row_721,19621.40484889862,1.0,0.0,1.0,0.0,0.0,1.0,0,4,0.0,4,1,4,15,0.0,2447,49,49,1.0,5.811427478555623,12.028022903895755,0.30612244897959184,사용가능,알려진 보행등 모두 유,5~10%
6838498,2023060,1162010200,11620008,서울 관악구8,서울 관악구 신림동(신원동주민센터 부근),7,8,0,7,1,0,126.928138667762,37.481208198458,acc_row_722,19622.165605922903,1.1428571428571428,0.0,0.875,0.125,0.0,0.875,0,3,0.0,3,1,3,7,0.0,2292,48,48,1.0,2.9906228665970467,5.928396651912092,0.125,사용가능,알려진 보행등 모두 유,2~5%
6838562,2023060,1162010200,11620009,서울 관악구9,서울 관악구 신림동(신림역교차로 부근),7,13,1,7,5,0,126.929707223905,37.484796225464,acc_row_723,19620.28591483068,1.8571428571428572,0.07692307692307693,0.5384615384615384,0.38461538461538464,0.0,0.6153846153846154,1,5,0.4,5,1,8,10,0.0,1495,46,46,1.0,1.4587626766737112,4.870505889621154,0.10869565217391304,사용가능,보행등 무 포함,2% 이하
6838171,2023060,1165010600,11650001,서울 서초구1,서울 서초구 반포동(고속터미널역 9호선 부근),7,7,0,7,0,0,127.003768848749,37.506071067779,acc_row_724,19609.19996330384,1.0,0.0,1.0,0.0,0.0,1.0,0,10,0.6,10,3,14,16,0.0,341,50,50,1.0,3.038880831462535,9.375445520969613,0.26,사용가능,보행등 무 포함,2~5%
6838497,2023060,1165010100,11650002,서울 서초구2,서울 서초구 방배동(사당역사거리 부근),10,10,0,10,0,0,126.982015646902,37.477575706784,acc_row_725,19624.04134717876,1.0,0.0,1.0,0.0,0.0,1.0,0,1,1.0,1,1,15,21,0.0,1748,49,49,1.0,2.313318097425293,6.6358722217365615,0.14285714285714285,사용가능,보행등 무 포함,2~5%
6838254,2023060,1165010800,11650003,서울 서초구3,서울 서초구 서초동(에스엠성형외과 부근),9,12,0,9,3,0,127.02529726164,37.501096088779,acc_row_726,19611.807354528533,1.3333333333333333,0.0,0.75,0.25,0.0,0.75,0,2,0.0,2,2,6,9,0.0,1146,51,51,1.0,2.5048791636679937,5.305270049797365,0.17647058823529413,사용가능,알려진 보행등 모두 유,2~5%
6838290,2023060,1165010200,11650004,서울 서초구4,서울 서초구 서초동(양재역 신분당선 부근),7,9,0,7,2,0,127.036113360201,37.482990357332,acc_row_727,19621.186762391273,1.2857142857142858,0.0,0.7777777777777778,0.2222222222222222,0.0,0.7777777777777778,0,2,0.5,2,1,5,5,0.0,3164,51,51,1.0,4.501854962154857,6.408176303467618,0.45098039215686275,사용가능,보행등 무 포함,2~5%
6838313,2023060,1165010800,11650005,서울 서초구5,서울 서초구 서초동(서초1교 부근),10,11,0,11,0,0,127.020541152727,37.496518337832,acc_row_728,19614.19746177609,1.1,0.0,1.0,0.0,0.0,1.0,0,2,0.5,2,1,3,3,0.0,1453,48,48,1.0,6.296328867722761,10.628249281599604,0.5833333333333334,사용가능,보행등 무 포함,5~10%
6838282,2023060,1168010100,11680001,서울 강남구1,서울 강남구 역삼동(우리누리어린이집 부근),8,8,0,8,0,0,127.030621834928,37.497783521338,acc_row_729,19613.54231880181,1.0,0.0,1.0,0.0,0.0,1.0,0,0,,0,0,6,10,33.047182181729326,960,48,48,1.0,1.9175826102215403,4.632090374236229,0.0625,사용가능,횡단보도 없음,2% 이하
6838241,2023060,1168010100,11680002,서울 강남구2,서울 강남구 역삼동(강남역 신분당선 부근),7,7,0,7,0,0,127.028414562543,37.496572564511,acc_row_730,19614.124530952216,1.0,0.0,1.0,0.0,0.0,1.0,0,0,,0,0,2,7,28.26727552575572,545,49,49,1.0,4.103661324122798,8.150868318305184,0.30612244897959184,사용가능,횡단보도 없음,2~5%
6838507,2023060,1168010100,11680003,서울 강남구3,서울 강남구 역삼동(비타바른이치과의원 부근),7,9,0,7,2,0,127.030133150278,37.494921522349,acc_row_731,19614.990345342274,1.2857142857142858,0.0,0.7777777777777778,0.2222222222222222,0.0,0.7777777777777778,0,0,,0,0,1,3,29.040784907605353,429,48,48,1.0,2.555083033165532,3.801290611986015,0.041666666666666664,사용가능,횡단보도 없음,2~5%
6838348,2023060,1168010100,11680004,서울 강남구4,서울 강남구 역삼동(도곡지구대 부근),8,10,0,9,1,0,127.04383096171,37.501170324502,acc_row_732,19611.7455063126,1.25,0.0,0.9,0.1,0.0,0.9,0,0,,0,0,2,4,6.067017752104022,971,51,51,1.0,3.4546024780761315,6.700294210268347,0.23529411764705882,사용가능,횡단보도 없음,2~5%
6838132,2023060,1171010700,11710001,서울 송파구1,서울 송파구 가락동(가락시장역 3호선 부근),7,7,0,7,0,0,127.116905992438,37.491777058741,acc_row_733,19616.64379008401,1.0,0.0,1.0,0.0,0.0,1.0,0,5,0.2,5,2,5,7,0.0,182,47,47,1.0,0.8545517955339696,1.200999365567203,0.0,사용가능,보행등 무 포함,2% 이하
6838189,2023060,1171011100,11710002,서울 송파구2,서울 송파구 방이동(방이동먹자골목 부근),10,11,0,11,0,0,127.109432772095,37.514845834624,acc_row_734,19604.64103974754,1.1,0.0,1.0,0.0,0.0,1.0,0,0,,0,0,0,2,81.63398696630428,90,50,50,1.0,0.10911225281025047,0.18879387175238638,0.0,사용가능,횡단보도 없음,2% 이하
6838195,2023060,1171011300,11710003,서울 송파구3,서울 송파구 거여동(거여역교차로 부근),7,9,0,7,2,0,127.144282987829,37.492620192262,acc_row_735,19616.271862055968,1.2857142857142858,0.0,0.7777777777777778,0.2222222222222222,0.0,0.7777777777777778,0,8,0.25,8,2,8,11,0.0,1333,48,48,1.0,4.477985471671996,7.845875089918937,0.3125,사용가능,보행등 무 포함,2~5%
6838273,2023060,1171010100,11710004,서울 송파구4,서울 송파구 잠실동(잠실어린이집 부근),9,11,0,10,1,0,127.083511329997,37.510764533151,acc_row_736,19606.818433275865,1.2222222222222223,0.0,0.9090909090909091,0.09090909090909091,0.0,0.9090909090909091,0,0,,0,0,1,2,17.494980113034867,373,48,48,1.0,0.8271021820082357,1.2608483402730537,0.0,사용가능,횡단보도 없음,2% 이하
6838218,2023060,1171011400,11710005,서울 송파구5,서울 송파구 마천동(마천사거리 부근),7,8,1,6,0,1,127.146454148834,37.498141955294,acc_row_737,19613.391699417574,1.1428571428571428,0.125,0.75,0.0,0.125,0.875,1,7,0.42857142857142855,7,2,11,21,0.0,1174,52,52,1.0,2.0024268529162756,3.600083068029722,0.0,사용가능,보행등 무 포함,2~5%
6838592,2023060,1174010800,11740001,서울 강동구1,서울 강동구 천호동(천호역 5호선 부근),9,10,0,9,1,0,127.123816916511,37.538879219356,acc_row_738,19592.189821798638,1.1111111111111112,0.0,0.9,0.1,0.0,0.9,0,8,0.5,8,1,8,8,0.0,249,50,50,1.0,3.797640745094369,7.392595669330059,0.26,사용가능,보행등 무 포함,2~5%
6838369,2023060,1174010900,11740002,서울 강동구2,서울 강동구 천호동(천호시장교차로 부근),8,9,0,8,1,0,127.126823456365,37.54019216305,acc_row_739,19591.468685580683,1.125,0.0,0.8888888888888888,0.1111111111111111,0.0,0.8888888888888888,0,2,0.0,2,1,5,7,0.0,725,51,51,1.0,1.2017657121676983,2.9267303300621,0.0196078431372549,사용가능,알려진 보행등 모두 유,2% 이하
6838310,2023060,1174010900,11740003,서울 강동구3,서울 강동구 천호동(천사약국 부근),8,8,0,8,0,0,127.133581347211,37.546319178364,acc_row_740,19588.273831676837,1.0,0.0,1.0,0.0,0.0,1.0,0,0,,0,0,2,4,33.197217869979504,1436,49,49,1.0,5.061582480717569,7.947571702256002,0.5918367346938775,사용가능,횡단보도 없음,5~10%
6838461,2023060,1174010900,11740004,서울 강동구4,서울 강동구 천호동(천호초교입구교차로 부근),7,8,0,7,1,0,127.133969291766,37.547460707952,acc_row_741,19587.723233600853,1.1428571428571428,0.0,0.875,0.125,0.0,0.875,0,3,0.0,3,1,4,5,0.0,1422,46,46,1.0,3.986763997814353,6.454519940203311,0.3695652173913043,사용가능,알려진 보행등 모두 유,2~5%
6838399,2023060,1174010500,11740005,서울 강동구5,서울 강동구 길동(길동사거리 부근),7,7,0,7,0,0,127.138946721796,37.534246833827,acc_row_742,19594.57811484191,1.0,0.0,1.0,0.0,0.0,1.0,0,7,0.14285714285714285,7,1,11,12,0.0,379,48,48,1.0,1.4330790120487562,3.095701610556538,0.0,사용가능,보행등 무 포함,2% 이하
6931961,2024051,1111015600,11110001,서울 종로구1,서울 종로구 종로3가(정약국 부근),12,12,1,11,0,0,126.99002131862,37.570986437256,acc_row_1079,19658.14345218919,1.0,0.08333333333333333,0.9166666666666666,0.0,0.0,1.0,1,3,0.0,3,1,4,6,0.0,705,47,47,1.0,0.8840289959310025,1.680630587747845,0.0,사용가능,알려진 보행등 모두 유,2% 이하
6931791,2024051,1111017700,11110002,서울 종로구2,서울 종로구 평동(서대문역 5호선 부근),11,13,0,13,0,0,126.966857116575,37.566140011373,acc_row_1080,19660.71378822699,1.1818181818181819,0.0,1.0,0.0,0.0,1.0,0,10,0.4,10,2,11,14,0.0,2801,47,47,1.0,2.186451126297407,3.4510242375060853,0.0425531914893617,사용가능,보행등 무 포함,2~5%
6932107,2024051,1111017100,11110003,서울 종로구3,서울 종로구 명륜2가(성균관대입구교차로 부근),8,8,1,7,0,0,126.999213102697,37.583329159465,acc_row_1081,19651.631120137245,1.0,0.125,0.875,0.0,0.0,1.0,1,7,0.42857142857142855,7,1,7,9,0.0,2360,52,52,1.0,3.27219727302603,4.814667613806204,0.019230769230769232,사용가능,보행등 무 포함,2~5%
6931790,2024051,1111017400,11110004,서울 종로구4,서울 종로구 창신동(동묘앞역교차로 부근),7,7,1,6,0,0,127.014685196265,37.572735365735,acc_row_1082,19657.291230110874,1.0,0.14285714285714285,0.8571428571428571,0.0,0.0,1.0,1,4,0.5,4,2,8,11,0.0,2310,49,48,0.9795918367346939,2.5296471539281167,11.23556950163192,0.1875,사용가능,보행등 무 포함,2~5%
6932219,2024051,1111013500,11110005,서울 종로구5,서울 종로구 관철동(종로1가교차로 부근),7,7,0,7,0,0,126.982178978323,37.570226714616,acc_row_1083,19658.54699046333,1.0,0.0,1.0,0.0,0.0,1.0,0,4,0.5,4,1,14,18,0.0,783,49,49,1.0,2.3309984855181742,3.1220631359129363,0.0,사용가능,보행등 무 포함,2~5%
6932158,2024051,1111017500,11110006,서울 종로구6,서울 종로구 숭인동(정성약국 부근),7,7,0,7,0,0,127.02140424876,37.574255910909,acc_row_1084,19656.443235436054,1.0,0.0,1.0,0.0,0.0,1.0,0,1,1.0,1,1,3,6,0.0,1958,48,43,0.8958333333333334,1.1655219641507069,1.5148062330320573,0.0,사용가능,보행등 무 포함,2% 이하
6932052,2024051,1114016200,11140001,서울 중구1,서울 중구 신당동(신평화패션타운 부근),9,10,0,10,0,0,127.012163013616,37.569127244821,acc_row_1085,19659.126688427663,1.1111111111111112,0.0,1.0,0.0,0.0,1.0,0,1,1.0,1,1,8,13,0.0,1293,50,50,1.0,0.5911755782465619,0.2831764105864251,0.04,사용가능,보행등 무 포함,2% 이하
6932167,2024051,1114016200,11140002,서울 중구2,서울 중구 신당동(약수역사거리 부근),7,7,1,6,0,0,127.010965050289,37.554777085446,acc_row_1086,19666.682927659327,1.0,0.14285714285714285,0.8571428571428571,0.0,0.0,1.0,1,10,0.6,10,2,13,13,0.0,3267,50,50,1.0,7.460288763664215,15.028098210743206,0.46,사용가능,보행등 무 포함,5~10%
6932043,2024051,1114017100,11140003,서울 중구3,서울 중구 중림동(충정로호프 부근),7,7,0,7,0,0,126.964278424501,37.559578551567,acc_row_1087,19664.138014306573,1.0,0.0,1.0,0.0,0.0,1.0,0,2,1.0,2,2,6,8,0.0,7045,49,49,1.0,5.198258235279006,9.563604046245121,0.4489795918367347,사용가능,보행등 무 포함,5~10%
6931870,2024051,1117013100,11170001,서울 용산구1,서울 용산구 한남동(옵티마찬미약국 부근),13,20,0,17,3,0,127.006078471615,37.532774118339,acc_row_1088,19678.210194016403,1.5384615384615385,0.0,0.85,0.15,0.0,0.85,0,2,1.0,2,2,12,19,0.0,3333,49,49,1.0,1.1688903751880073,1.390818834617364,0.0,사용가능,보행등 무 포함,2% 이하
6932118,2024051,1117010800,11170002,서울 용산구2,서울 용산구 서계동(소아제일약국 부근),7,7,0,7,0,0,126.968553997386,37.554384025741,acc_row_1089,19666.832924436712,1.0,0.0,1.0,0.0,0.0,1.0,0,3,0.6666666666666666,3,1,7,17,0.0,3040,49,49,1.0,3.8148410944487927,7.282403783077498,0.4489795918367347,사용가능,보행등 무 포함,2~5%
6932047,2024051,1120010900,11200001,서울 성동구1,서울 성동구 금호동1가(신금호역교차로 부근),8,8,0,8,0,0,127.01981985489,37.55391106749,acc_row_1090,19667.17754494518,1.0,0.0,1.0,0.0,0.0,1.0,0,1,1.0,1,1,11,15,0.0,6919,50,50,1.0,13.050331993830023,23.464851350373042,0.82,사용가능,보행등 무 포함,10% 초과
6931983,2024051,1121510700,11215001,서울 광진구1,서울 광진구 화양동(건대입구역교차로 부근),8,11,1,7,2,1,127.069776298595,37.540498991166,acc_row_1091,19674.21421605922,1.375,0.09090909090909091,0.6363636363636364,0.18181818181818182,0.09090909090909091,0.7272727272727273,1,1,0.0,1,1,4,5,0.0,119,49,40,0.8163265306122449,8.597630290524103,9.957999342632862,0.925,사용가능,알려진 보행등 모두 유,5~10%
6932029,2024051,1123010300,11230001,서울 동대문구1,서울 동대문구 제기동(경동시장사거리 부근),12,12,0,12,0,0,127.038681439086,37.578262195788,acc_row_1092,19654.31103198985,1.0,0.0,1.0,0.0,0.0,1.0,0,7,0.2857142857142857,7,1,8,11,0.0,413,51,51,1.0,0.33061343474641264,0.5817654929551003,0.0,사용가능,보행등 무 포함,2% 이하
6931950,2024051,1123010300,11230002,서울 동대문구2,서울 동대문구 제기동(청량리종합시장 부근),12,16,0,12,4,0,127.040389662131,37.579490184443,acc_row_1093,19653.702084665045,1.3333333333333333,0.0,0.75,0.25,0.0,0.75,0,3,0.3333333333333333,3,2,7,9,0.0,354,49,49,1.0,0.4822194919363853,1.2066247171543334,0.0,사용가능,보행등 무 포함,2% 이하
6931899,2024051,1123010300,11230003,서울 동대문구3,서울 동대문구 제기동(제기동역 1호선 부근),10,10,0,10,0,0,127.034106280147,37.578134263166,acc_row_1094,19654.356239687095,1.0,0.0,1.0,0.0,0.0,1.0,0,1,0.0,1,1,7,8,0.0,644,52,52,1.0,11.219675026922905,38.60975052005956,0.46153846153846156,사용가능,알려진 보행등 모두 유,10% 초과
6932083,2024051,1123010900,11230004,서울 동대문구4,서울 동대문구 휘경동(삼육서울병원앞교차로 부근),10,10,0,10,0,0,127.062019553728,37.589437661943,acc_row_1095,19648.464304502966,1.0,0.0,1.0,0.0,0.0,1.0,0,1,1.0,1,1,4,9,0.0,2286,51,51,1.0,2.264566527930158,3.8510262202410863,0.0,사용가능,보행등 무 포함,2~5%
6931917,2024051,1123010300,11230005,서울 동대문구5,서울 동대문구 제기동(청량리청과물시장 부근),9,10,1,9,0,0,127.042730206127,37.579193976363,acc_row_1096,19653.856098904474,1.1111111111111112,0.1,0.9,0.0,0.0,1.0,1,6,0.16666666666666666,6,2,10,12,0.0,511,50,48,0.96,0.7086057645598203,1.340963624161303,0.0,사용가능,보행등 무 포함,2% 이하
6932137,2024051,1123010200,11230006,서울 동대문구6,서울 동대문구 용두동(용신동주민센터 부근),8,8,1,7,0,0,127.037894215458,37.576412056482,acc_row_1097,19655.304633235442,1.0,0.125,0.875,0.0,0.0,1.0,1,3,0.6666666666666666,3,1,3,3,0.0,547,48,48,1.0,1.1078305998258946,1.6017700566747024,0.0,사용가능,보행등 무 포함,2% 이하
6931948,2024051,1123010200,11230007,서울 동대문구7,서울 동대문구 용두동(시립동부병원앞교차로 부근),7,8,1,7,0,0,127.031370028195,37.573249181535,acc_row_1098,19656.93697365213,1.1428571428571428,0.125,0.875,0.0,0.0,1.0,1,0,,0,0,10,15,11.212330286073728,424,52,52,1.0,1.318370570532451,1.8226361906837476,0.0,사용가능,횡단보도 없음,2% 이하
6931949,2024051,1123010500,11230008,서울 동대문구8,서울 동대문구 답십리동(답십리1동교차로 부근),7,7,1,6,0,0,127.054830227937,37.566061352886,acc_row_1099,19660.7337315394,1.0,0.14285714285714285,0.8571428571428571,0.0,0.0,1.0,1,9,0.1111111111111111,9,2,14,14,0.0,439,49,49,1.0,1.354447271626009,1.5623930460961437,0.02040816326530612,사용가능,보행등 무 포함,2% 이하
6932156,2024051,1123010600,11230009,서울 동대문구9,서울 동대문구 장안동(장한평역교차로 부근),7,7,1,6,0,0,127.065527596606,37.561743177258,acc_row_1100,19663.04474695453,1.0,0.14285714285714285,0.8571428571428571,0.0,0.0,1.0,1,0,,0,0,10,10,6.073665041456782,97,52,50,0.9615384615384616,0.3982524109295057,0.6694987975800234,0.0,사용가능,횡단보도 없음,2% 이하
6931815,2024051,1123010700,11230010,서울 동대문구10,서울 동대문구 청량리동(청량리역교차로 부근),7,7,1,6,0,0,127.045373181715,37.580365762574,acc_row_1101,19653.259805207927,1.0,0.14285714285714285,0.8571428571428571,0.0,0.0,1.0,1,7,0.2857142857142857,7,4,9,10,0.0,477,48,48,1.0,0.9143597466668135,1.5142745210162039,0.020833333333333332,사용가능,보행등 무 포함,2% 이하
6932061,2024051,1123010100,11230011,서울 동대문구11,서울 동대문구 신설동(신설동역교차로 부근),7,7,0,7,0,0,127.023709969388,37.575521231298,acc_row_1102,19655.779488566677,1.0,0.0,1.0,0.0,0.0,1.0,0,12,0.5,12,2,15,16,0.0,1135,48,45,0.9375,0.6018703017958456,1.6266746955517557,0.0,사용가능,보행등 무 포함,2% 이하
6931866,2024051,1123010600,11230012,서울 동대문구12,서울 동대문구 장안동(장안동사거리 부근),7,8,0,7,1,0,127.07103991333,37.571815045665,acc_row_1103,19657.768359064557,1.1428571428571428,0.0,0.875,0.125,0.0,0.875,0,3,1.0,3,2,10,13,0.0,19,49,46,0.9387755102040817,0.37536457263808426,0.8019416589435837,0.0,사용가능,보행등 무 포함,2% 이하
6932074,2024051,1123010400,11230013,서울 동대문구13,서울 동대문구 전농동(전농로타리시장 부근),7,7,0,7,0,0,127.057530199072,37.578613769264,acc_row_1104,19654.179789650796,1.0,0.0,1.0,0.0,0.0,1.0,0,6,0.8333333333333334,6,2,13,14,0.0,1560,49,49,1.0,2.33715763175568,3.812592824928373,0.08163265306122448,사용가능,보행등 무 포함,2~5%
6931906,2024051,1126010500,11260001,서울 중랑구1,서울 중랑구 망우동(망우사거리 부근),11,11,0,11,0,0,127.100721263534,37.599431149799,acc_row_1105,19643.285301726202,1.0,0.0,1.0,0.0,0.0,1.0,0,4,0.5,4,2,7,12,0.0,1041,48,48,1.0,1.933676223957759,3.465895391669675,0.0,사용가능,보행등 무 포함,2% 이하
6931839,2024051,1126010100,11260002,서울 중랑구2,서울 중랑구 면목동(면목7동주민센터 임시청사 부근),10,10,0,10,0,0,127.08700572901,37.57937405031,acc_row_1106,19653.72233052589,1.0,0.0,1.0,0.0,0.0,1.0,0,7,0.5714285714285714,7,2,7,11,0.0,1604,49,49,1.0,5.528139740444689,9.57134629813047,0.3673469387755102,사용가능,보행등 무 포함,5~10%
6931941,2024051,1126010100,11260003,서울 중랑구3,서울 중랑구 면목동(로데오약국 부근),9,9,0,9,0,0,127.089057512509,37.581936632143,acc_row_1107,19652.414248057907,1.0,0.0,1.0,0.0,0.0,1.0,0,3,0.6666666666666666,3,2,8,11,0.0,1317,50,50,1.0,2.4480099145373115,3.653611360428474,0.0,사용가능,보행등 무 포함,2~5%
6932174,2024051,1126010200,11260004,서울 중랑구4,서울 중랑구 상봉동(자연약국 부근),9,9,0,9,0,0,127.09481809529,37.598157564451,acc_row_1108,19643.94826592418,1.0,0.0,1.0,0.0,0.0,1.0,0,4,1.0,4,1,9,13,0.0,1109,50,50,1.0,2.421419203662245,4.016464162218355,0.0,사용가능,보행등 무 포함,2~5%
6932164,2024051,1126010500,11260005,서울 중랑구5,서울 중랑구 망우동(신내지하차도교차로 부근),8,8,2,6,0,0,127.097956758819,37.599498379338,acc_row_1109,19643.20802085585,1.0,0.25,0.75,0.0,0.0,1.0,1,8,0.125,8,2,13,14,0.0,999,50,50,1.0,1.178982485582263,1.6741731004874176,0.0,사용가능,보행등 무 포함,2% 이하
6931877,2024051,1126010100,11260006,서울 중랑구6,서울 중랑구 면목동(면목역교차로 부근),8,8,1,7,0,0,127.087454278578,37.587990595863,acc_row_1110,19649.269480108534,1.0,0.125,0.875,0.0,0.0,1.0,1,5,0.0,5,2,10,13,0.0,1213,49,49,1.0,4.433176907117419,7.197622672525177,0.46938775510204084,사용가능,알려진 보행등 모두 유,2~5%
6932084,2024051,1126010600,11260007,서울 중랑구7,서울 중랑구 신내동(신내2동주민센터 부근),8,10,0,9,1,0,127.095151760656,37.605991996045,acc_row_1111,19639.73918509076,1.25,0.0,0.9,0.1,0.0,0.9,0,3,0.3333333333333333,3,1,8,15,0.0,1318,50,50,1.0,4.068681671639567,7.587937427997225,0.38,사용가능,보행등 무 포함,2~5%
6932056,2024051,1126010500,11260008,서울 중랑구8,서울 중랑구 망우동(우림시장교차로 부근),8,8,0,8,0,0,127.099548253949,37.594835522107,acc_row_1112,19645.666489129366,1.0,0.0,1.0,0.0,0.0,1.0,0,3,0.6666666666666666,3,1,12,15,0.0,2072,52,52,1.0,4.8976294987253235,7.394678484047645,0.40384615384615385,사용가능,보행등 무 포함,2~5%
6931819,2024051,1126010600,11260009,서울 중랑구9,서울 중랑구 신내동(예쁜별어린이집 부근),7,9,0,8,1,0,127.097560428402,37.607879537715,acc_row_1113,19638.810881578946,1.2857142857142858,0.0,0.8888888888888888,0.1111111111111111,0.0,0.8888888888888888,0,3,0.3333333333333333,3,2,5,5,0.0,1290,51,51,1.0,3.744119737282676,6.8435525772446395,0.3137254901960784,사용가능,보행등 무 포함,2~5%
6932193,2024051,1126010100,11260010,서울 중랑구10,서울 중랑구 면목동(겸재삼거리 부근),7,9,0,7,2,0,127.097436186554,37.589857973193,acc_row_1114,19648.272790316067,1.2857142857142858,0.0,0.7777777777777778,0.2222222222222222,0.0,0.7777777777777778,0,3,0.0,3,1,8,9,0.0,2143,51,51,1.0,4.39891044082779,7.076074026405825,0.3137254901960784,사용가능,알려진 보행등 모두 유,2~5%
6932225,2024051,1126010100,11260011,서울 중랑구11,서울 중랑구 면목동(동일유치원 부근),7,7,0,7,0,0,127.085079010634,37.578605654257,acc_row_1115,19654.114890936573,1.0,0.0,1.0,0.0,0.0,1.0,0,1,1.0,1,1,6,6,0.0,1501,49,49,1.0,3.8372821877537957,7.475098168279745,0.2857142857142857,사용가능,보행등 무 포함,2~5%
6931936,2024051,1126010100,11260012,서울 중랑구12,서울 중랑구 면목동(예아랑어린이집 부근),7,7,0,7,0,0,127.084920145759,37.576474703018,acc_row_1116,19655.307263157232,1.0,0.0,1.0,0.0,0.0,1.0,0,0,,0,0,5,11,23.2037861174416,2214,46,46,1.0,5.292091378503593,7.315232629469564,0.6739130434782609,사용가능,횡단보도 없음,5~10%
6932245,2024051,1126010200,11260013,서울 중랑구13,서울 중랑구 상봉동(동백섬 부근),7,7,0,7,0,0,127.089439372074,37.596111544828,acc_row_1117,19644.96955801918,1.0,0.0,1.0,0.0,0.0,1.0,0,0,,0,0,0,2,70.45908018487773,685,47,47,1.0,1.3028752170061992,2.297186358234301,0.0,사용가능,횡단보도 없음,2% 이하
6931940,2024051,1126010200,11260014,서울 중랑구14,서울 중랑구 상봉동(상봉역 7호선 부근),7,7,0,7,0,0,127.085619942217,37.595246247719,acc_row_1118,19645.429468830444,1.0,0.0,1.0,0.0,0.0,1.0,0,5,0.0,5,1,6,8,0.0,680,49,49,1.0,1.231452900803005,1.8877138454141993,0.0,사용가능,알려진 보행등 모두 유,2% 이하
6931799,2024051,1126010300,11260015,서울 중랑구15,서울 중랑구 중화동(중화2동주민센터 부근),7,7,0,7,0,0,127.080003374038,37.599102358205,acc_row_1119,19643.417076168655,1.0,0.0,1.0,0.0,0.0,1.0,0,2,0.0,2,2,6,10,0.0,1100,48,48,1.0,3.8053847311399465,6.43787307222457,0.2708333333333333,사용가능,알려진 보행등 모두 유,2~5%
6931800,2024051,1129013400,11290001,서울 성북구1,서울 성북구 길음동(길음역교차로 부근),11,11,0,11,0,0,127.024557505259,37.603675002336,acc_row_1120,19640.993906229418,1.0,0.0,1.0,0.0,0.0,1.0,0,4,0.25,4,1,9,12,0.0,3137,49,49,1.0,3.4641357072390497,5.761961171238116,0.1836734693877551,사용가능,보행등 무 포함,2~5%
6931979,2024051,1129011900,11290002,서울 성북구2,서울 성북구 동선동4가(새성신약국 부근),8,11,0,9,2,0,127.018230436442,37.593715188035,acc_row_1121,19646.243406609392,1.375,0.0,0.8181818181818182,0.18181818181818182,0.0,0.8181818181818182,0,5,0.4,5,1,5,9,0.0,2742,48,48,1.0,3.7138028189374546,6.529413193405244,0.3125,사용가능,보행등 무 포함,2~5%
6931838,2024051,1129011400,11290003,서울 성북구3,서울 성북구 동소문동3가(늘벗다리 부근),7,7,0,7,0,0,127.009365996458,37.588857339018,acc_row_1122,19648.78976729261,1.0,0.0,1.0,0.0,0.0,1.0,0,0,,0,0,10,20,2.829617939282206,3823,48,48,1.0,2.7629333481972718,5.213437340896309,0.125,사용가능,횡단보도 없음,2~5%
6932238,2024051,1129010200,11290004,서울 성북구4,서울 성북구 성북동1가(한성대입구역교차로 부근),7,8,0,7,1,0,127.005949323147,37.588645403593,acc_row_1123,19648.880842159164,1.1428571428571428,0.0,0.875,0.125,0.0,0.875,0,8,0.5,8,3,15,17,0.0,4773,51,51,1.0,7.1897944969829,12.501008006743863,0.6470588235294118,사용가능,보행등 무 포함,5~10%
6931814,2024051,1130510100,11305001,서울 강북구1,서울 강북구 미아동(미아사거리역 4호선 부근),16,16,0,16,0,0,127.030566064752,37.61300389636,acc_row_1124,19636.058184390036,1.0,0.0,1.0,0.0,0.0,1.0,0,2,0.0,2,1,5,10,0.0,705,47,38,0.8085106382978723,2.1790923153575283,5.367538342308496,0.13157894736842105,사용가능,알려진 보행등 모두 유,2~5%
6932231,2024051,1130510200,11305002,서울 강북구2,서울 강북구 번동(수유역교차로 부근),11,11,0,11,0,0,127.02607808477,37.63828258617,acc_row_1125,19622.802698229807,1.0,0.0,1.0,0.0,0.0,1.0,0,7,0.0,7,1,9,13,0.0,498,49,49,1.0,1.3036267366319418,1.8292267298550202,0.0,사용가능,알려진 보행등 모두 유,2% 이하
6932030,2024051,1130510100,11305003,서울 강북구3,서울 강북구 미아동(미아역교차로 부근),9,9,1,8,0,0,127.026672369536,37.625605612758,acc_row_1126,19629.457480094305,1.0,0.1111111111111111,0.8888888888888888,0.0,0.0,1.0,1,0,,0,0,8,9,10.827286342500043,1756,48,48,1.0,2.1335360284651697,3.422373177461977,0.0,사용가능,횡단보도 없음,2~5%
6932169,2024051,1130510200,11305004,서울 강북구4,서울 강북구 번동(강북구청사거리 부근),9,9,1,8,0,0,127.026864506173,37.639859611035,acc_row_1127,19621.962092408605,1.0,0.1111111111111111,0.8888888888888888,0.0,0.0,1.0,1,8,0.25,8,3,11,12,0.0,432,47,47,1.0,1.020732602425262,2.430111579110723,0.0,사용가능,보행등 무 포함,2% 이하
6931803,2024051,1130510200,11305005,서울 강북구5,서울 강북구 번동(구립번1동어린이집 부근),8,8,1,7,0,0,127.02925774646,37.641353635663,acc_row_1128,19621.158109186275,1.0,0.125,0.875,0.0,0.0,1.0,1,5,0.4,5,1,5,6,0.0,589,50,50,1.0,0.7071527977096271,1.4182810733754943,0.0,사용가능,보행등 무 포함,2% 이하
6932163,2024051,1130510100,11305006,서울 강북구6,서울 강북구 미아동(송중동주민센터 부근),8,8,0,8,0,0,127.033763185775,37.615977643898,acc_row_1129,19634.504420837286,1.0,0.0,1.0,0.0,0.0,1.0,0,5,0.6,5,2,10,16,0.0,2206,47,47,1.0,5.639437329782671,10.112060616038919,0.6382978723404256,사용가능,보행등 무 포함,5~10%
6932121,2024051,1130510300,11305007,서울 강북구7,서울 강북구 수유동(세계로약국 부근),7,7,1,6,0,0,127.024286837101,37.630959748477,acc_row_1130,19626.654937967563,1.0,0.14285714285714285,0.8571428571428571,0.0,0.0,1.0,1,3,0.0,3,1,10,11,0.0,1424,50,50,1.0,2.2692078121667167,3.896567973917647,0.0,사용가능,알려진 보행등 모두 유,2~5%
6932013,2024051,1130510100,11305008,서울 강북구8,서울 강북구 미아동(삼양시장교차로 부근),7,8,0,7,1,0,127.018179254738,37.624482280081,acc_row_1131,19630.074009240223,1.1428571428571428,0.0,0.875,0.125,0.0,0.875,0,7,0.42857142857142855,7,2,9,9,0.0,6287,50,50,1.0,8.016929245195788,12.454461438694446,0.86,사용가능,보행등 무 포함,5~10%
6931793,2024051,1132010700,11320001,서울 도봉구1,서울 도봉구 창동(쌍문역 4호선 부근),7,7,1,6,0,0,127.034822122535,37.64878559706,acc_row_1132,19617.224095080215,1.0,0.14285714285714285,0.8571428571428571,0.0,0.0,1.0,1,4,0.25,4,1,4,4,0.0,1375,50,50,1.0,3.463456203664614,5.183803226510418,0.14,사용가능,보행등 무 포함,2~5%
6931963,2024051,1132010600,11320002,서울 도봉구2,서울 도봉구 방학동(지안약국 부근),7,8,0,7,1,0,127.043468496001,37.665373749278,acc_row_1133,19608.545899706263,1.1428571428571428,0.0,0.875,0.125,0.0,0.875,0,2,0.5,2,1,8,8,0.0,511,49,49,1.0,1.5577249893068679,2.6941131390683606,0.02040816326530612,사용가능,보행등 무 포함,2% 이하
6931934,2024051,1135010300,11350001,서울 노원구1,서울 노원구 공릉동(태능약국 부근),7,7,0,7,0,0,127.078005239068,37.618920285145,acc_row_1134,19632.925710928022,1.0,0.0,1.0,0.0,0.0,1.0,0,5,0.0,5,2,7,9,0.0,1392,48,48,1.0,1.477273502236611,2.7901112303834323,0.020833333333333332,사용가능,알려진 보행등 모두 유,2% 이하
6932001,2024051,1135010500,11350002,서울 노원구2,서울 노원구 상계동(수락산역교차로 부근),7,7,0,7,0,0,127.05487820633,37.677742192148,acc_row_1135,19602.03874141085,1.0,0.0,1.0,0.0,0.0,1.0,0,0,,0,0,5,10,3.036868105284741,1091,48,48,1.0,1.6573431004726913,2.1054874593488457,0.0,사용가능,횡단보도 없음,2% 이하
6931895,2024051,1135010600,11350003,서울 노원구3,서울 노원구 중계동(상계1번약국 부근),7,8,0,7,1,0,127.073930116887,37.659767587547,acc_row_1136,19611.483162412573,1.1428571428571428,0.0,0.875,0.125,0.0,0.875,0,3,0.3333333333333333,3,1,5,13,0.0,971,50,50,1.0,3.05080489112947,7.1363824674663725,0.14,사용가능,보행등 무 포함,2~5%
6931931,2024051,1138010300,11380001,서울 은평구1,서울 은평구 불광동(연신내역교차로 부근),11,13,0,11,2,0,126.920718400411,37.619000180911,acc_row_1137,19632.937234595425,1.1818181818181819,0.0,0.8461538461538461,0.15384615384615385,0.0,0.8461538461538461,0,7,0.2857142857142857,7,2,10,12,0.0,1223,47,47,1.0,2.657444568862313,4.907402431127925,0.10638297872340426,사용가능,보행등 무 포함,2~5%
6931807,2024051,1138010700,11380002,서울 은평구2,서울 은평구 응암동(응암오거리 부근),10,12,0,10,2,0,126.917532441858,37.590320068366,acc_row_1138,19648.016917216875,1.2,0.0,0.8333333333333334,0.16666666666666666,0.0,0.8333333333333334,0,8,0.375,8,1,11,17,0.0,1431,51,51,1.0,1.3843166428264504,4.252494162985123,0.0392156862745098,사용가능,보행등 무 포함,2% 이하
6931955,2024051,1138010800,11380003,서울 은평구3,서울 은평구 신사동(신사오거리 부근),9,10,0,10,0,0,126.914843556906,37.598840713701,acc_row_1139,19643.516342802308,1.1111111111111112,0.0,1.0,0.0,0.0,1.0,0,5,0.4,5,2,7,11,0.0,843,48,48,1.0,2.593620346665238,3.788257090602735,0.0,사용가능,보행등 무 포함,2~5%
6931821,2024051,1138010400,11380004,서울 은평구4,서울 은평구 갈현동(청구프라자약국 부근),8,9,0,8,1,0,126.919600717446,37.620750083538,acc_row_1140,19631.977959428677,1.125,0.0,0.8888888888888888,0.1111111111111111,0.0,0.8888888888888888,0,1,1.0,1,1,4,4,0.0,1631,48,45,0.9375,3.318246416647572,6.983294718716362,0.15555555555555556,사용가능,보행등 무 포함,2~5%
6932180,2024051,1138011000,11380005,서울 은평구5,서울 은평구 증산동(증산3교교차로 부근),7,8,1,6,1,0,126.905280409568,37.580161539069,acc_row_1141,19653.361013892252,1.1428571428571428,0.125,0.75,0.125,0.0,0.875,1,3,0.0,3,1,11,15,0.0,1281,48,48,1.0,5.444078946329118,10.378518590686276,0.4375,사용가능,알려진 보행등 모두 유,5~10%
6932123,2024051,1138010800,11380006,서울 은평구6,서울 은평구 역촌동(전주식당 부근),7,7,0,7,0,0,126.919285038934,37.607568842827,acc_row_1142,19638.880209653922,1.0,0.0,1.0,0.0,0.0,1.0,0,1,0.0,1,1,1,3,0.0,839,48,48,1.0,4.751224224431454,6.442251726795597,0.6041666666666666,사용가능,알려진 보행등 모두 유,2~5%
6931836,2024051,1141011800,11410001,서울 서대문구1,서울 서대문구 홍은동(홍은사거리 부근),11,11,0,11,0,0,126.941580500367,37.590924515136,acc_row_1143,19647.644750665324,1.0,0.0,1.0,0.0,0.0,1.0,0,2,0.5,2,1,7,12,0.0,7137,48,48,1.0,13.92318503792525,32.68112197769611,0.8333333333333334,사용가능,보행등 무 포함,10% 초과
6931797,2024051,1141011100,11410002,서울 서대문구2,서울 서대문구 홍제동(홍제역 3호선 부근),10,10,1,9,0,0,126.944862571469,37.588295822335,acc_row_1144,19649.054564167844,1.0,0.1,0.9,0.0,0.0,1.0,1,6,0.3333333333333333,6,2,6,9,0.0,5984,48,48,1.0,5.966077647029993,23.81596300204996,0.22916666666666666,사용가능,보행등 무 포함,5~10%
6932094,2024051,1144010400,11440001,서울 마포구1,서울 마포구 도화동(마포역 5호선 부근),10,12,2,9,1,0,126.94662164557,37.539613372461,acc_row_1145,19674.63836365321,1.2,0.16666666666666666,0.75,0.08333333333333333,0.0,0.9166666666666666,1,0,,0,0,1,3,32.34830912547743,1917,49,49,1.0,1.299220720679262,1.7200902086625987,0.02040816326530612,사용가능,횡단보도 없음,2% 이하
6932051,2024051,1144010400,11440002,서울 마포구2,서울 마포구 도화동(도화동주민센터 부근),7,7,2,5,0,0,126.949211050147,37.541141448041,acc_row_1146,19673.807880895933,1.0,0.2857142857142857,0.7142857142857143,0.0,0.0,1.0,1,1,0.0,1,1,4,4,0.0,1777,49,49,1.0,1.8905990253279619,3.8667015289120146,0.0,사용가능,알려진 보행등 모두 유,2% 이하
6932135,2024051,1144010200,11440003,서울 마포구3,서울 마포구 공덕동(152약국 부근),7,7,0,7,0,0,126.945979149581,37.545303825824,acc_row_1147,19671.594564002262,1.0,0.0,1.0,0.0,0.0,1.0,0,3,0.3333333333333333,3,1,14,16,0.0,1224,50,50,1.0,1.5367948158670952,2.3248924562503084,0.0,사용가능,보행등 무 포함,2% 이하
6931805,2024051,1147010200,11470001,서울 양천구1,서울 양천구 목동(목2동주민센터 부근),15,15,0,15,0,0,126.871457312448,37.546831399158,acc_row_1148,19670.903219516604,1.0,0.0,1.0,0.0,0.0,1.0,0,4,1.0,4,1,5,8,0.0,1434,48,48,1.0,0.17536287055998254,0.5530401875218394,0.0,사용가능,보행등 무 포함,2% 이하
6932127,2024051,1147010200,11470002,서울 양천구2,서울 양천구 목동(혜림어린이집 부근),7,7,1,6,0,0,126.867160043379,37.548838244681,acc_row_1149,19669.86019804737,1.0,0.14285714285714285,0.8571428571428571,0.0,0.0,1.0,1,3,1.0,3,1,10,11,0.0,1192,49,49,1.0,4.781836822157514,8.948375718728107,0.5306122448979592,사용가능,보행등 무 포함,2~5%
6932246,2024051,1147010200,11470003,서울 양천구3,서울 양천구 목동(목동깨비시장 부근),7,8,0,7,1,0,126.863680448807,37.548145922559,acc_row_1150,19670.24465041448,1.1428571428571428,0.0,0.875,0.125,0.0,0.875,0,3,0.6666666666666666,3,1,6,9,0.0,1172,51,51,1.0,1.6638845211434363,2.8363516832438265,0.0,사용가능,보행등 무 포함,2% 이하
6932126,2024051,1147010200,11470004,서울 양천구4,서울 양천구 목동(양천구목2동시장 부근),7,7,0,7,0,0,126.874354033956,37.546559183339,acc_row_1151,19671.047897585475,1.0,0.0,1.0,0.0,0.0,1.0,0,0,,0,0,4,5,2.4430385795992,1583,50,50,1.0,3.7067291116926384,10.714925054809726,0.34,사용가능,횡단보도 없음,2~5%
6932129,2024051,1147010100,11470005,서울 양천구5,서울 양천구 신정동(목동제일큰약국 부근),7,7,0,7,0,0,126.862494349182,37.525907813435,acc_row_1152,19681.919134377848,1.0,0.0,1.0,0.0,0.0,1.0,0,0,,0,0,7,11,0.4199673968858195,175,51,51,1.0,0.28114449200937575,0.3437564359527377,0.0,사용가능,횡단보도 없음,2% 이하
6932108,2024051,1147010100,11470006,서울 양천구6,서울 양천구 신정동(신정119안전센터 부근),7,7,0,7,0,0,126.850995821795,37.522482717854,acc_row_1153,19683.75103390052,1.0,0.0,1.0,0.0,0.0,1.0,0,4,0.5,4,2,6,8,0.0,3073,49,49,1.0,6.123977749921383,14.321792677966627,0.42857142857142855,사용가능,보행등 무 포함,5~10%
6932040,2024051,1147010100,11470007,서울 양천구7,서울 양천구 신정동(신정1동주민센터 부근),7,7,0,7,0,0,126.85351972145,37.518101056619,acc_row_1154,19686.02235158384,1.0,0.0,1.0,0.0,0.0,1.0,0,13,0.6153846153846154,13,3,14,17,0.0,2752,48,48,1.0,2.307565843020311,4.151386857508647,0.0,사용가능,보행등 무 포함,2~5%
6932188,2024051,1150010300,11500001,서울 강서구1,서울 강서구 화곡동(화곡본동시장 부근),8,9,0,8,1,0,126.843553768875,37.543143467348,acc_row_1155,19672.86373372219,1.125,0.0,0.8888888888888888,0.1111111111111111,0.0,0.8888888888888888,0,5,0.4,5,1,7,10,0.0,1536,49,49,1.0,3.9927265017362235,6.632681984570953,0.5918367346938775,사용가능,보행등 무 포함,2~5%
6931904,2024051,1150010300,11500002,서울 강서구2,서울 강서구 화곡동(까치산메가약국 부근),7,7,0,7,0,0,126.84784494541,37.534273447031,acc_row_1156,19677.55804728008,1.0,0.0,1.0,0.0,0.0,1.0,0,4,1.0,4,1,4,5,0.0,2528,51,51,1.0,6.407245938395394,9.81827594308968,0.5294117647058824,사용가능,보행등 무 포함,5~10%
6931808,2024051,1150010300,11500003,서울 강서구3,서울 강서구 화곡동(우장산역교차로 부근),7,7,0,7,0,0,126.83643948419,37.548326282861,acc_row_1157,19670.182115995438,1.0,0.0,1.0,0.0,0.0,1.0,0,4,0.0,4,1,6,9,0.0,1471,49,49,1.0,2.832204788671283,4.750860002564181,0.08163265306122448,사용가능,알려진 보행등 모두 유,2~5%
6931925,2024051,1150010300,11500004,서울 강서구4,서울 강서구 화곡동(화곡역교차로 부근),7,7,0,7,0,0,126.84040729786,37.540802385326,acc_row_1158,19674.11161414198,1.0,0.0,1.0,0.0,0.0,1.0,0,0,,0,0,7,10,14.5416569258073,1182,48,48,1.0,5.7094588405146425,8.048248170558269,0.7708333333333334,사용가능,횡단보도 없음,5~10%
6932005,2024051,1153010800,11530001,서울 구로구1,서울 구로구 오류동(오류동삼거리 부근),8,8,0,8,0,0,126.840777489747,37.49501564768,acc_row_1159,19698.14154277577,1.0,0.0,1.0,0.0,0.0,1.0,0,8,0.625,8,3,10,11,0.0,3505,46,46,1.0,3.3819702126946996,6.8479706901802855,0.21739130434782608,사용가능,보행등 무 포함,2~5%
6932113,2024051,1153010700,11530002,서울 구로구2,서울 구로구 개봉동(개봉2동주민센터 부근),7,7,0,7,0,0,126.855824484381,37.490827112874,acc_row_1160,19700.38966976122,1.0,0.0,1.0,0.0,0.0,1.0,0,3,0.6666666666666666,3,1,7,7,0.0,925,52,51,0.9807692307692307,0.40598639221311045,0.7279882719401523,0.0,사용가능,보행등 무 포함,2% 이하
6932111,2024051,1153010200,11530003,서울 구로구3,서울 구로구 구로동(구로4동주민센터 부근),7,7,0,7,0,0,126.889074518952,37.491411282176,acc_row_1161,19700.011148360994,1.0,0.0,1.0,0.0,0.0,1.0,0,0,,0,0,0,0,144.02210170072075,512,52,52,1.0,2.7019565749938628,5.284947587890039,0.11538461538461539,사용가능,횡단보도 없음,2~5%
6932195,2024051,1153010200,11530004,서울 구로구4,서울 구로구 구로동(구로디지털단지역교차로 부근),7,7,0,7,0,0,126.902807813225,37.484530115485,acc_row_1162,19703.6034770032,1.0,0.0,1.0,0.0,0.0,1.0,0,6,0.16666666666666666,6,2,11,16,0.0,1028,51,51,1.0,4.982374902718789,11.117386808982381,0.39215686274509803,사용가능,보행등 무 포함,2~5%
6931865,2024051,1153010200,11530005,서울 구로구5,서울 구로구 구로동(서울약국 부근),7,7,0,7,0,0,126.884306322062,37.49012495022,acc_row_1163,19700.719251833918,1.0,0.0,1.0,0.0,0.0,1.0,0,4,0.5,4,2,7,10,0.0,1056,52,52,1.0,3.590734140263575,7.500451598746683,0.46153846153846156,사용가능,보행등 무 포함,2~5%
6932006,2024051,1153010800,11530006,서울 구로구6,서울 구로구 오류동(예쁜별어린이집 부근),7,7,0,7,0,0,126.842867733309,37.492430942462,acc_row_1164,19699.533848025567,1.0,0.0,1.0,0.0,0.0,1.0,0,1,1.0,1,1,3,4,0.0,3676,50,50,1.0,3.0013991005378258,7.667280893164856,0.12,사용가능,보행등 무 포함,2~5%
6932015,2024051,1154510300,11545001,서울 금천구1,서울 금천구 시흥동(시흥사거리 부근),12,12,1,11,0,0,126.900975697261,37.454563337127,acc_row_1165,19719.372738271777,1.0,0.08333333333333333,0.9166666666666666,0.0,0.0,1.0,1,5,0.2,5,3,7,10,0.0,1181,46,37,0.8043478260869565,1.7476475298495866,4.110799554465219,0.0,사용가능,보행등 무 포함,2% 이하
6931943,2024051,1154510300,11545002,서울 금천구2,서울 금천구 시흥동(시흥5동주민센터 부근),9,9,0,9,0,0,126.909121608918,37.45109308015,acc_row_1166,19721.141201573006,1.0,0.0,1.0,0.0,0.0,1.0,0,5,0.2,5,2,8,8,0.0,2722,49,49,1.0,3.7879376958581052,6.2127594600027845,0.1836734693877551,사용가능,보행등 무 포함,2~5%
6932069,2024051,1154510200,11545003,서울 금천구3,서울 금천구 독산동(막고 금천본점 부근),7,7,2,5,0,0,126.894659297687,37.473884184798,acc_row_1167,19709.23798138952,1.0,0.2857142857142857,0.7142857142857143,0.0,0.0,1.0,1,2,0.5,2,1,2,7,0.0,1023,49,49,1.0,5.268970257747646,11.995502151122302,0.2857142857142857,사용가능,보행등 무 포함,5~10%
6932139,2024051,1154510200,11545004,서울 금천구4,서울 금천구 독산동(협진정육 부산물도매시장 부근),7,8,1,6,1,0,126.896708782334,37.467005903581,acc_row_1168,19712.79755909203,1.1428571428571428,0.125,0.75,0.125,0.0,0.875,1,2,0.5,2,2,6,12,0.0,1673,47,47,1.0,4.528998367377616,5.563744918343242,0.3829787234042553,사용가능,보행등 무 포함,2~5%
6931916,2024051,1156010500,11560001,서울 영등포구1,서울 영등포구 영등포동4가(영등포역교차로 부근),15,15,1,14,0,0,126.906288186299,37.516109467143,acc_row_1169,19687.038714187584,1.0,0.06666666666666667,0.9333333333333333,0.0,0.0,1.0,1,4,0.5,4,2,8,8,0.0,753,50,42,0.84,9.440212982900208,14.652671287498663,0.5952380952380952,사용가능,보행등 무 포함,5~10%
6932092,2024051,1156010300,11560002,서울 영등포구2,서울 영등포구 영등포동2가(영등포전통시장 부근),8,9,1,7,1,0,126.907790431516,37.519136806046,acc_row_1170,19685.38421513839,1.125,0.1111111111111111,0.7777777777777778,0.1111111111111111,0.0,0.8888888888888888,1,0,,0,0,0,3,69.53542644154516,346,51,51,1.0,0.7362813529960169,1.173397897904767,0.0,사용가능,횡단보도 없음,2% 이하
6931850,2024051,1156013200,11560003,서울 영등포구3,서울 영등포구 신길동(신길동홍어거리 부근),7,8,0,8,0,0,126.912788222421,37.511167991492,acc_row_1171,19689.569361388167,1.1428571428571428,0.0,1.0,0.0,0.0,1.0,0,2,0.0,2,2,3,4,0.0,2460,49,49,1.0,3.65237987272109,5.5483270771492,0.2653061224489796,사용가능,알려진 보행등 모두 유,2~5%
6931929,2024051,1156013300,11560004,서울 영등포구4,서울 영등포구 대림동(대림2동주민센터 부근),7,7,0,7,0,0,126.898124689929,37.493169529748,acc_row_1172,19699.062965517405,1.0,0.0,1.0,0.0,0.0,1.0,0,0,,0,0,6,8,5.28425387352764,262,50,50,1.0,0.4736398695949234,0.7835681613648088,0.0,사용가능,횡단보도 없음,2% 이하
6932142,2024051,1156013300,11560005,서울 영등포구5,서울 영등포구 대림동(이레약국 부근),7,7,0,7,0,0,126.900829968033,37.49123922746,acc_row_1173,19700.113483909183,1.0,0.0,1.0,0.0,0.0,1.0,0,2,0.5,2,1,2,8,0.0,251,52,52,1.0,0.5743417803407519,0.7904385530104586,0.0,사용가능,보행등 무 포함,2% 이하
6932141,2024051,1156013200,11560006,서울 영등포구6,서울 영등포구 신길동(대신시장 부근),7,7,0,7,0,0,126.917737535963,37.511586693402,acc_row_1174,19689.377801085626,1.0,0.0,1.0,0.0,0.0,1.0,0,0,,0,0,4,6,11.657761583679914,1757,50,50,1.0,2.511880712922982,3.8396259391940646,0.04,사용가능,횡단보도 없음,2~5%
6931825,2024051,1159010500,11590001,서울 동작구1,서울 동작구 흑석동(소망메디컬약국 부근),15,15,0,15,0,0,126.961720627105,37.507306575137,acc_row_1175,19691.613866517968,1.0,0.0,1.0,0.0,0.0,1.0,0,5,0.2,5,2,13,16,0.0,3061,50,36,0.72,,,,격자충족부족,보행등 무 포함,
6931952,2024051,1159010200,11590002,서울 동작구2,서울 동작구 상도동(행복한어린이집 부근),10,11,0,11,0,0,126.932580956312,37.4997537493,acc_row_1176,19695.617186894335,1.1,0.0,1.0,0.0,0.0,1.0,0,0,,0,0,2,2,29.238052207816125,4674,50,50,1.0,3.1838539588879926,8.634145965432667,0.26,사용가능,횡단보도 없음,2~5%
6931875,2024051,1159010200,11590003,서울 동작구3,서울 동작구 상도동(구립로야어린이집 부근),8,8,1,7,0,0,126.952083399669,37.497537541572,acc_row_1177,19696.77458518812,1.0,0.125,0.875,0.0,0.0,1.0,1,4,0.0,4,1,7,16,0.0,4153,51,51,1.0,6.924243526287262,10.08213689223394,0.6666666666666666,사용가능,알려진 보행등 모두 유,5~10%
6932079,2024051,1159010800,11590004,서울 동작구4,서울 동작구 대방동(신대방삼거리역교차로 부근),8,9,0,8,1,0,126.92797286481,37.498873531279,acc_row_1178,19696.074512746363,1.125,0.0,0.8888888888888888,0.1111111111111111,0.0,0.8888888888888888,0,2,1.0,2,1,7,14,0.0,3225,49,49,1.0,1.3394862899672897,2.536937580230042,0.0,사용가능,보행등 무 포함,2% 이하
6932044,2024051,1159010700,11590005,서울 동작구5,서울 동작구 사당동(광주약국 부근),7,7,1,6,0,0,126.982096468077,37.488032006913,acc_row_1179,19701.790484959147,1.0,0.14285714285714285,0.8571428571428571,0.0,0.0,1.0,1,4,0.25,4,1,4,4,0.0,2473,49,41,0.8367346938775511,0.47310924523910985,0.7809402564003621,0.0,사용가능,보행등 무 포함,2% 이하
6931913,2024051,1159010200,11590006,서울 동작구6,서울 동작구 상도동(상도3동주민센터 부근),7,7,0,7,0,0,126.930862008438,37.499054236903,acc_row_1180,19695.993015082022,1.0,0.0,1.0,0.0,0.0,1.0,0,0,,0,0,3,5,22.28110994109333,4158,50,50,1.0,2.076805392036709,2.18662814052814,0.06,사용가능,횡단보도 없음,2~5%
6932014,2024051,1162010200,11620001,서울 관악구1,서울 관악구 신림동(신원약국 부근),12,12,2,10,0,0,126.92609347454,37.484255039421,acc_row_1181,19703.74114143041,1.0,0.16666666666666666,0.8333333333333334,0.0,0.0,1.0,1,7,0.2857142857142857,7,2,8,8,0.0,913,51,51,1.0,2.845230872349034,5.235366303352131,0.11764705882352941,사용가능,보행등 무 포함,2~5%
6932184,2024051,1162010100,11620002,서울 관악구2,서울 관악구 봉천동(서울어린이집 부근),9,9,0,9,0,0,126.96674008152,37.474221226031,acc_row_1182,19709.016546664236,1.0,0.0,1.0,0.0,0.0,1.0,0,0,,0,0,0,1,91.76847970131148,4692,47,47,1.0,4.227133296459855,6.687618428291309,0.5319148936170213,사용가능,횡단보도 없음,2~5%
6931869,2024051,1162010200,11620003,서울 관악구3,서울 관악구 신림동(서원치안센터 부근),9,9,0,9,0,0,126.928405740946,37.481411845653,acc_row_1183,19705.209789556033,1.0,0.0,1.0,0.0,0.0,1.0,0,3,0.0,3,1,4,8,0.0,2414,50,50,1.0,5.046290269557596,16.846026252543716,0.24,사용가능,알려진 보행등 모두 유,5~10%
6931844,2024051,1162010100,11620004,서울 관악구4,서울 관악구 봉천동(봉천제일종합시장 부근),8,9,2,6,0,1,126.943918915723,37.481842365626,acc_row_1184,19704.99222075047,1.125,0.2222222222222222,0.6666666666666666,0.0,0.1111111111111111,0.8888888888888888,1,2,0.5,2,1,3,4,0.0,3738,48,41,0.8541666666666666,1.6761800541970826,1.7228368671829661,0.024390243902439025,사용가능,보행등 무 포함,2% 이하
6932191,2024051,1162010300,11620005,서울 관악구5,서울 관악구 남현동(사랑약국 부근),7,8,1,6,1,0,126.980898731541,37.4765145359,acc_row_1185,19707.768850266802,1.1428571428571428,0.125,0.75,0.125,0.0,0.875,1,5,0.2,5,1,12,13,0.0,2092,52,52,1.0,6.698532713968883,15.93134366167983,0.4807692307692308,사용가능,보행등 무 포함,5~10%
6932214,2024051,1162010200,11620006,서울 관악구6,서울 관악구 신림동(구로전화국교차로 부근),7,7,1,6,0,0,126.902914480998,37.479735296123,acc_row_1186,19706.141042529638,1.0,0.14285714285714285,0.8571428571428571,0.0,0.0,1.0,1,4,0.75,4,1,8,10,0.0,2136,50,50,1.0,3.6488425835067733,7.052519768483547,0.3,사용가능,보행등 무 포함,2~5%
6931890,2024051,1162010100,11620007,서울 관악구7,서울 관악구 봉천동(늘푸른어린이집 부근),7,7,0,7,0,0,126.94526754873,37.480180741511,acc_row_1187,19705.820017260754,1.0,0.0,1.0,0.0,0.0,1.0,0,0,,0,0,6,6,0.6188156270585184,4061,46,46,1.0,6.08230060854,8.616551934265836,0.5869565217391305,사용가능,횡단보도 없음,5~10%
6931964,2024051,1162010200,11620008,서울 관악구8,서울 관악구 신림동(새난곡약국 부근),7,7,0,7,0,0,126.918363392966,37.47354078145,acc_row_1188,19709.334642532747,1.0,0.0,1.0,0.0,0.0,1.0,0,3,0.0,3,1,10,11,0.0,4267,49,49,1.0,3.9316940064586747,7.446854125945784,0.24489795918367346,사용가능,알려진 보행등 모두 유,2~5%
6932109,2024051,1162010200,11620009,서울 관악구9,서울 관악구 신림동(편한M약국 부근),7,7,0,7,0,0,126.930208870861,37.482558506555,acc_row_1189,19704.61698670264,1.0,0.0,1.0,0.0,0.0,1.0,0,4,0.0,4,1,6,10,0.0,2912,49,49,1.0,8.153209287183133,15.906010353614821,0.5918367346938775,사용가능,알려진 보행등 모두 유,5~10%
6931988,2024051,1165010800,11650001,서울 서초구1,서울 서초구 서초동(에이원약국 부근),11,11,0,11,0,0,127.025904216861,37.499728451935,acc_row_1190,19695.62701739612,1.0,0.0,1.0,0.0,0.0,1.0,0,2,0.0,2,2,3,6,0.0,972,52,52,1.0,1.405120444069363,1.7868243503034895,0.0,사용가능,알려진 보행등 모두 유,2% 이하
6931827,2024051,1165010100,11650002,서울 서초구2,서울 서초구 방배동(사당13번약국 부근),9,10,0,10,0,0,126.982629037313,37.477651431707,acc_row_1191,19707.208061067402,1.1111111111111112,0.0,1.0,0.0,0.0,1.0,0,1,1.0,1,1,13,21,0.0,1878,48,48,1.0,2.5967374548479265,11.125255362246572,0.1875,사용가능,보행등 무 포함,2~5%
6931930,2024051,1165010200,11650003,서울 서초구3,서울 서초구 양재동(엔스온누리약국 부근),8,8,1,7,0,0,127.036400393111,37.482214756874,acc_row_1192,19704.766818051143,1.0,0.125,0.875,0.0,0.0,1.0,1,5,0.4,5,2,5,5,0.0,3367,48,48,1.0,4.563345713847694,8.196099239579024,0.4791666666666667,사용가능,보행등 무 포함,2~5%
6932151,2024051,1165010800,11650004,서울 서초구4,서울 서초구 서초동(한나어린이집 부근),8,8,0,8,0,0,127.020321725522,37.496623556217,acc_row_1193,19697.245893995543,1.0,0.0,1.0,0.0,0.0,1.0,0,2,0.5,2,1,3,3,0.0,1502,49,49,1.0,5.704135958704165,8.738843628663636,0.5510204081632653,사용가능,보행등 무 포함,5~10%
6932152,2024051,1165010600,11650005,서울 서초구5,서울 서초구 잠원동(반포역 7호선 부근),7,7,1,6,0,0,127.012189780783,37.508672581181,acc_row_1194,19690.87947550738,1.0,0.14285714285714285,0.8571428571428571,0.0,0.0,1.0,1,6,0.3333333333333333,6,3,11,12,0.0,536,47,47,1.0,6.0820316239122,10.962441874525428,0.6382978723404256,사용가능,보행등 무 포함,5~10%
6931923,2024051,1165010800,11650006,서울 서초구6,서울 서초구 서초동(서초우리약국 부근),7,7,0,7,0,0,127.008430520331,37.490185372774,acc_row_1195,19700.513682776273,1.0,0.0,1.0,0.0,0.0,1.0,0,3,0.6666666666666666,3,1,3,4,0.0,1715,50,50,1.0,4.4384105705731765,9.804776288928476,0.32,사용가능,보행등 무 포함,2~5%
6931887,2024051,1168010600,11680001,서울 강남구1,서울 강남구 대치동(테헤란건강약국 부근),9,10,0,10,0,0,127.051202977226,37.503573909776,acc_row_1196,19693.563887626176,1.1111111111111112,0.0,1.0,0.0,0.0,1.0,0,0,,0,0,1,3,42.86710719550005,815,49,49,1.0,4.59135770291498,6.287741346507086,0.6530612244897959,사용가능,횡단보도 없음,2~5%
6931957,2024051,1168010100,11680002,서울 강남구2,서울 강남구 역삼동(센터필드교차로 부근),7,9,0,8,1,0,127.042906951933,37.502042190992,acc_row_1197,19694.354222382448,1.2857142857142858,0.0,0.8888888888888888,0.1111111111111111,0.0,0.8888888888888888,0,2,0.0,2,1,6,8,0.0,1002,50,50,1.0,5.228256651207522,9.048356922828264,0.58,사용가능,알려진 보행등 모두 유,5~10%
6932031,2024051,1168010800,11680003,서울 강남구3,서울 강남구 논현동(민트약국 부근),7,7,0,7,0,0,127.02079077358,37.5144164982,acc_row_1198,19687.8633735035,1.0,0.0,1.0,0.0,0.0,1.0,0,3,0.3333333333333333,3,1,5,7,0.0,2706,47,47,1.0,12.177413095818157,26.277644775428495,0.723404255319149,사용가능,보행등 무 포함,10% 초과
6932130,2024051,1168010600,11680004,서울 강남구4,서울 강남구 대치동(동명온누리약국 부근),7,9,0,7,2,0,127.053392967778,37.497593530406,acc_row_1199,19696.687144300693,1.2857142857142858,0.0,0.7777777777777778,0.2222222222222222,0.0,0.7777777777777778,0,0,,0,0,6,10,14.477443897793025,636,50,50,1.0,1.6722495232515064,2.180721815643331,0.0,사용가능,횡단보도 없음,2% 이하
6931893,2024051,1168010600,11680005,서울 강남구5,서울 강남구 대치동(메디칼청실약국 부근),7,7,0,7,0,0,127.059160498217,37.492745861722,acc_row_1200,19699.26903969572,1.0,0.0,1.0,0.0,0.0,1.0,0,5,0.8,5,2,8,8,0.0,411,49,49,1.0,0.6795491906719601,0.7471837377205764,0.0,사용가능,보행등 무 포함,2% 이하
6932091,2024051,1168010100,11680006,서울 강남구6,서울 강남구 역삼동(강남역사거리 부근),7,7,0,7,0,0,127.028034831743,37.4984838571,acc_row_1201,19696.280526853043,1.0,0.0,1.0,0.0,0.0,1.0,0,0,,0,0,1,2,38.734577519010614,961,47,47,1.0,3.259901374317747,4.63203370596125,0.06382978723404255,사용가능,횡단보도 없음,2~5%
6931920,2024051,1171010100,11710001,서울 송파구1,서울 송파구 잠실동(헬로팜약국 부근),13,17,0,15,2,0,127.082811466656,37.511000648513,acc_row_1202,19689.63270438876,1.3076923076923077,0.0,0.8823529411764706,0.11764705882352941,0.0,0.8823529411764706,0,0,,0,0,2,2,5.072675407010706,366,47,47,1.0,0.7552363351435586,1.2800331350182803,0.0,사용가능,횡단보도 없음,2% 이하
6932032,2024051,1171011100,11710002,서울 송파구2,서울 송파구 방이동(친절한약국 부근),10,11,0,11,0,0,127.109530178548,37.514627606426,acc_row_1203,19687.840782663632,1.1,0.0,1.0,0.0,0.0,1.0,0,0,,0,0,0,0,108.62738042090125,88,49,48,0.9795918367346939,0.13113437838881642,0.23852910988584483,0.0,사용가능,횡단보도 없음,2% 이하
6932002,2024051,1171011400,11710003,서울 송파구3,서울 송파구 마천동(마천2동주민센터 부근),8,8,0,8,0,0,127.149465218968,37.497048067393,acc_row_1204,19697.038149570228,1.0,0.0,1.0,0.0,0.0,1.0,0,2,0.5,2,1,2,10,0.0,1257,47,47,1.0,5.585626589486641,9.226587862188067,0.48936170212765956,사용가능,보행등 무 포함,5~10%
6932235,2024051,1171011400,11710004,서울 송파구4,서울 송파구 마천동(마천사거리 부근),7,7,1,6,0,0,127.145938457202,37.497534599617,acc_row_1205,19696.78683488579,1.0,0.14285714285714285,0.8571428571428571,0.0,0.0,1.0,1,3,0.3333333333333333,3,2,9,16,0.0,1281,52,52,1.0,4.826613778610594,9.756974075138949,0.28846153846153844,사용가능,보행등 무 포함,2~5%
6932027,2024051,1171011300,11710005,서울 송파구5,서울 송파구 거여동(거여역교차로 부근),7,7,0,7,0,0,127.143926141452,37.492727280848,acc_row_1206,19699.35827842085,1.0,0.0,1.0,0.0,0.0,1.0,0,5,0.4,5,2,8,8,0.0,1369,48,48,1.0,5.013026751763168,8.550851627715575,0.3541666666666667,사용가능,보행등 무 포함,5~10%
6931901,2024051,1171010100,11710006,서울 송파구6,서울 송파구 잠실동(잠실새내역교차로 부근),7,7,0,7,0,0,127.085227204921,37.511456695804,acc_row_1207,19689.502137491843,1.0,0.0,1.0,0.0,0.0,1.0,0,3,0.0,3,1,4,4,0.0,468,49,49,1.0,0.5525093088398135,1.3088699598121252,0.0,사용가능,알려진 보행등 모두 유,2% 이하
6932042,2024051,1174010800,11740001,서울 강동구1,서울 강동구 천호동(강동역 5호선 부근),7,7,0,7,0,0,127.132638065165,37.535637793045,acc_row_1208,19676.85642840584,1.0,0.0,1.0,0.0,0.0,1.0,0,4,0.5,4,1,8,13,0.0,957,48,48,1.0,3.5774138672289446,5.902386342722414,0.4166666666666667,사용가능,보행등 무 포함,2~5%
6932068,2024051,1174010900,11740002,서울 강동구2,서울 강동구 천호동(상미어린이집 부근),7,7,0,7,0,0,127.13326522518,37.546336970127,acc_row_1209,19671.182412210488,1.0,0.0,1.0,0.0,0.0,1.0,0,0,,0,0,0,7,69.63323309590623,1399,49,49,1.0,5.426789665220479,8.485103805083984,0.6122448979591837,사용가능,횡단보도 없음,5~10%
6932088,2024051,1174010900,11740003,서울 강동구3,서울 강동구 천호동(새실로암약국 부근),7,7,0,7,0,0,127.143792119324,37.549494460371,acc_row_1210,19669.487405981075,1.0,0.0,1.0,0.0,0.0,1.0,0,2,0.5,2,1,2,10,0.0,968,49,49,1.0,3.915773464684471,5.859160913062032,0.20408163265306123,사용가능,보행등 무 포함,2~5%
7125946,2025083,1111015600,11110001,서울 종로구1,서울 종로구 종로3가(정약국 부근),11,11,1,10,0,0,126.990040055758,37.570729634422,acc_row_1538,19658.343874925144,1.0,0.09090909090909091,0.9090909090909091,0.0,0.0,1.0,1,4,0.25,4,1,4,6,0.0,743,47,47,1.0,0.6883530951256421,1.4611660712294243,0.0,사용가능,보행등 무 포함,2% 이하
7125952,2025083,1111017400,11110002,서울 종로구2,서울 종로구 창신동(365열린동대문약국 부근),10,10,3,7,0,0,127.013171056208,37.572224376896,acc_row_1539,19657.506307417145,1.0,0.3,0.7,0.0,0.0,1.0,1,2,1.0,2,2,6,6,0.0,2213,51,51,1.0,1.6594016969120733,5.136188386028882,0.19607843137254902,사용가능,보행등 무 포함,2% 이하
7126065,2025083,1111017500,11110003,서울 종로구3,서울 종로구 숭인동(숭인약국 부근),9,9,0,9,0,0,127.022103876351,37.575203775527,acc_row_1540,19655.99806895119,1.0,0.0,1.0,0.0,0.0,1.0,0,2,0.5,2,1,10,16,0.0,2220,49,49,1.0,1.7883946484666136,2.676124835215251,0.0,사용가능,보행등 무 포함,2% 이하
7126191,2025083,1111017700,11110004,서울 종로구4,서울 종로구 평동(서대문역 5호선 부근),8,9,0,9,0,0,126.966857116575,37.566140011373,acc_row_1541,19660.71378822699,1.125,0.0,1.0,0.0,0.0,1.0,0,10,0.4,10,2,11,14,0.0,2801,47,47,1.0,2.186451126297407,3.4510242375060853,0.0425531914893617,사용가능,보행등 무 포함,2~5%
7126068,2025083,1111013500,11110005,서울 종로구5,서울 종로구 관철동(국일약국 부근),7,8,1,7,0,0,126.987806931197,37.569235250128,acc_row_1542,19659.055526396252,1.1428571428571428,0.125,0.875,0.0,0.0,1.0,1,2,0.0,2,1,11,15,0.0,695,49,49,1.0,2.0631146531968296,6.842578245600658,0.1836734693877551,사용가능,알려진 보행등 모두 유,2~5%
7126017,2025083,1111017500,11110006,서울 종로구6,서울 종로구 숭인동(동묘벼룩시장 부근),7,8,0,8,0,0,127.017757876906,37.573906188852,acc_row_1543,19656.61491560248,1.1428571428571428,0.0,1.0,0.0,0.0,1.0,0,3,0.6666666666666666,3,1,6,8,0.0,3031,48,48,1.0,8.291778231270664,19.993213144240517,0.4791666666666667,사용가능,보행등 무 포함,5~10%
7126276,2025083,1111013500,11110007,서울 종로구7,서울 종로구 관철동(종로1가교차로 부근),7,7,0,7,0,0,126.982025980947,37.570050984695,acc_row_1544,19658.61915499826,1.0,0.0,1.0,0.0,0.0,1.0,0,3,0.3333333333333333,3,2,16,18,0.0,749,50,50,1.0,2.6964518036652283,3.6815296066823016,0.0,사용가능,보행등 무 포함,2~5%
7126138,2025083,1111017100,11110008,서울 종로구8,서울 종로구 명륜2가(성균관대입구교차로 부근),7,7,0,7,0,0,126.999213102697,37.583329159465,acc_row_1545,19651.631120137245,1.0,0.0,1.0,0.0,0.0,1.0,0,7,0.42857142857142855,7,1,7,9,0.0,2360,52,52,1.0,3.27219727302603,4.814667613806204,0.019230769230769232,사용가능,보행등 무 포함,2~5%
7126284,2025083,1114016200,11140001,서울 중구1,서울 중구 신당동(신평화패션타운 부근),10,11,0,11,0,0,127.012201766731,37.569181882649,acc_row_1546,19659.075554559393,1.1,0.0,1.0,0.0,0.0,1.0,0,2,1.0,2,1,9,13,0.0,1291,48,48,1.0,0.8555275386398291,0.7037980653496967,0.0625,사용가능,보행등 무 포함,2% 이하
7125992,2025083,1114012000,11140002,서울 중구2,서울 중구 봉래동2가(서울역 GTX-A 부근),7,7,1,6,0,0,126.97318831811,37.554868540169,acc_row_1547,19666.60960140229,1.0,0.14285714285714285,0.8571428571428571,0.0,0.0,1.0,1,4,0.75,4,2,12,17,0.0,3058,52,52,1.0,5.6229758919542485,11.66003678679812,0.38461538461538464,사용가능,보행등 무 포함,5~10%
7126205,2025083,1114016200,11140003,서울 중구3,서울 중구 신당동(약수역사거리 부근),7,7,1,6,0,0,127.010871374101,37.554297133327,acc_row_1548,19666.899569131398,1.0,0.14285714285714285,0.8571428571428571,0.0,0.0,1.0,1,9,0.6666666666666666,9,3,13,15,0.0,3491,48,48,1.0,7.682840786027732,15.098680878190377,0.5833333333333334,사용가능,보행등 무 포함,5~10%
7126115,2025083,1117013100,11170001,서울 용산구1,서울 용산구 한남동(자연약국 부근),12,15,0,15,0,0,127.005441662297,37.533159877536,acc_row_1549,19677.997382844922,1.25,0.0,1.0,0.0,0.0,1.0,0,1,0.0,1,1,6,14,0.0,3339,47,47,1.0,1.7336212405883002,3.0327476910357407,0.0425531914893617,사용가능,알려진 보행등 모두 유,2% 이하
7126147,2025083,1117010800,11170002,서울 용산구2,서울 용산구 서계동(소아제일약국 부근),7,7,0,7,0,0,126.968565895177,37.554394229036,acc_row_1550,19666.893349004382,1.0,0.0,1.0,0.0,0.0,1.0,0,3,0.6666666666666666,3,1,6,17,0.0,3024,49,49,1.0,3.8747090366828525,7.282403783077498,0.4489795918367347,사용가능,보행등 무 포함,2~5%
7126081,2025083,1117013000,11170003,서울 용산구3,서울 용산구 이태원동(10.29 기억과 안전의 길 부근),7,7,0,7,0,0,126.992654704917,37.534462105523,acc_row_1551,19677.3530992474,1.0,0.0,1.0,0.0,0.0,1.0,0,1,0.0,1,1,6,6,0.0,5365,49,49,1.0,12.284890104958166,25.396014936579977,1.0,사용가능,알려진 보행등 모두 유,10% 초과
7126195,2025083,1120011000,11200001,서울 성동구1,"서울 성동구 금호동2가(금호2,3가동주민센터 부근)",7,7,0,7,0,0,127.019916513846,37.553687048706,acc_row_1552,19667.271571492325,1.0,0.0,1.0,0.0,0.0,1.0,0,4,0.75,4,2,10,14,0.0,6870,46,46,1.0,14.199293548566656,25.097861426737037,0.8260869565217391,사용가능,보행등 무 포함,10% 초과
7125929,2025083,1123010300,11230001,서울 동대문구1,서울 동대문구 제기동(청량리종합시장 부근),13,13,0,13,0,0,127.041248891966,37.579492688121,acc_row_1553,19653.739433260514,1.0,0.0,1.0,0.0,0.0,1.0,0,4,0.5,4,1,12,12,0.0,338,48,48,1.0,0.6035617789380857,0.9198038005165344,0.0,사용가능,보행등 무 포함,2% 이하
7126126,2025083,1123010900,11230002,서울 동대문구2,서울 동대문구 휘경동(삼육서울병원앞교차로 부근),11,11,0,11,0,0,127.062008943085,37.589458592283,acc_row_1554,19648.436134162923,1.0,0.0,1.0,0.0,0.0,1.0,0,1,1.0,1,1,4,9,0.0,2270,49,49,1.0,2.2067987757845824,3.851026220241082,0.0,사용가능,보행등 무 포함,2~5%
7126028,2025083,1123010300,11230003,서울 동대문구3,서울 동대문구 제기동(경동시장교차로 부근),10,10,1,9,0,0,127.038971308257,37.578274006421,acc_row_1555,19654.294901522382,1.0,0.1,0.9,0.0,0.0,1.0,1,7,0.2857142857142857,7,1,9,11,0.0,409,51,51,1.0,0.3223814918612398,0.6158495177235073,0.0,사용가능,보행등 무 포함,2% 이하
7125926,2025083,1123010500,11230004,서울 동대문구4,서울 동대문구 답십리동(답십리1동교차로 부근),7,7,1,6,0,0,127.054896840805,37.565997359073,acc_row_1556,19660.769458001734,1.0,0.14285714285714285,0.8571428571428571,0.0,0.0,1.0,1,10,0.1,10,2,14,14,0.0,427,50,50,1.0,1.2782640139098858,1.5600408475070593,0.0,사용가능,보행등 무 포함,2% 이하
7126286,2025083,1123010100,11230005,서울 동대문구5,서울 동대문구 신설동(남화루 부근),7,7,1,6,0,0,127.023721728287,37.573693737026,acc_row_1557,19656.714545587525,1.0,0.14285714285714285,0.8571428571428571,0.0,0.0,1.0,1,5,0.8,5,2,8,14,0.0,582,49,46,0.9387755102040817,0.31258150920561606,0.47338281775555063,0.0,사용가능,보행등 무 포함,2% 이하
7126135,2025083,1123010600,11230006,서울 동대문구6,서울 동대문구 장안동(장안동사거리 부근),7,7,1,6,0,0,127.071031573558,37.571813179305,acc_row_1558,19657.720566531087,1.0,0.14285714285714285,0.8571428571428571,0.0,0.0,1.0,1,3,1.0,3,2,10,13,0.0,19,49,46,0.9387755102040817,0.37536457263808426,0.8019416589435837,0.0,사용가능,보행등 무 포함,2% 이하
7125925,2025083,1123010200,11230007,서울 동대문구7,서울 동대문구 용두동(용두동사거리 부근),7,7,0,7,0,0,127.030268280108,37.577643709918,acc_row_1559,19654.668952043772,1.0,0.0,1.0,0.0,0.0,1.0,0,9,0.4444444444444444,9,1,9,15,0.0,737,50,50,1.0,0.7538341852724395,1.2465514381889515,0.0,사용가능,보행등 무 포함,2% 이하
7126180,2025083,1123010300,11230008,서울 동대문구8,서울 동대문구 제기동(제1제기교 부근),7,7,0,7,0,0,127.037190808151,37.586715497392,acc_row_1560,19649.90385543789,1.0,0.0,1.0,0.0,0.0,1.0,0,2,0.0,2,1,9,14,0.0,814,51,51,1.0,5.314525880063353,8.643632897173054,0.23529411764705882,사용가능,알려진 보행등 모두 유,5~10%
7125964,2025083,1123010300,11230009,서울 동대문구9,서울 동대문구 제기동(제기동역 1호선 부근),7,7,0,7,0,0,127.035181414327,37.578347614048,acc_row_1561,19654.333373305028,1.0,0.0,1.0,0.0,0.0,1.0,0,6,0.3333333333333333,6,2,6,6,0.0,606,49,49,1.0,7.335402924518834,12.631311126195337,0.3877551020408163,사용가능,보행등 무 포함,5~10%
7125927,2025083,1123010700,11230010,서울 동대문구10,서울 동대문구 청량리동(떡전교사거리 부근),7,7,0,7,0,0,127.052220075237,37.585353264783,acc_row_1562,19650.64735362028,1.0,0.0,1.0,0.0,0.0,1.0,0,4,0.25,4,2,8,10,0.0,3029,50,50,1.0,9.114553034604901,16.78040427859819,0.8,사용가능,보행등 무 포함,5~10%
7126099,2025083,1123010800,11230011,서울 동대문구11,서울 동대문구 회기동(회기역앞교차로 부근),7,7,0,7,0,0,127.056080122695,37.589840773784,acc_row_1563,19648.264259219457,1.0,0.0,1.0,0.0,0.0,1.0,0,6,0.3333333333333333,6,1,7,10,0.0,1696,51,51,1.0,2.447317763267749,2.8353857916812126,0.0,사용가능,보행등 무 포함,2~5%
7125864,2025083,1126010500,11260001,서울 중랑구1,서울 중랑구 망우동(망우사거리 부근),11,11,0,11,0,0,127.100504147232,37.599781939935,acc_row_1564,19643.040335536567,1.0,0.0,1.0,0.0,0.0,1.0,0,7,0.2857142857142857,7,2,10,14,0.0,914,50,50,1.0,1.8993127864110255,3.6008971135840113,0.04,사용가능,보행등 무 포함,2% 이하
7126116,2025083,1126010100,11260002,서울 중랑구2,서울 중랑구 면목동(면목역교차로 부근),9,11,1,10,0,0,127.086594554205,37.588192299103,acc_row_1565,19649.139705173056,1.2222222222222223,0.09090909090909091,0.9090909090909091,0.0,0.0,1.0,1,3,0.6666666666666666,3,1,9,11,0.0,1228,52,52,1.0,2.6563069731496256,6.257149717004922,0.1346153846153846,사용가능,보행등 무 포함,2~5%
7126201,2025083,1126010500,11260003,서울 중랑구3,서울 중랑구 망우동(신내지하차도교차로 부근),8,8,1,7,0,0,127.098019815874,37.599358885536,acc_row_1566,19643.267623444,1.0,0.125,0.875,0.0,0.0,1.0,1,7,0.14285714285714285,7,2,13,14,0.0,1027,49,49,1.0,1.203151697937913,1.674173100487418,0.0,사용가능,보행등 무 포함,2% 이하
7125917,2025083,1126010100,11260004,서울 중랑구4,서울 중랑구 면목동(면목시장 부근),8,8,0,8,0,0,127.086385585811,37.578876137362,acc_row_1567,19654.01267048924,1.0,0.0,1.0,0.0,0.0,1.0,0,4,0.5,4,2,7,10,0.0,1683,49,49,1.0,4.680917581767681,6.437742097855061,0.1836734693877551,사용가능,보행등 무 포함,2~5%
7126208,2025083,1126010500,11260005,서울 중랑구5,서울 중랑구 망우동(망우지구대 부근),7,8,1,7,0,0,127.095269157309,37.598474967992,acc_row_1568,19643.712155728037,1.1428571428571428,0.125,0.875,0.0,0.0,1.0,1,9,0.6666666666666666,9,2,9,9,0.0,1060,50,50,1.0,2.211326172050994,3.948414459216573,0.0,사용가능,보행등 무 포함,2~5%
7126113,2025083,1126010600,11260006,서울 중랑구6,서울 중랑구 신내동(구신내교 부근),7,7,1,6,0,0,127.100624640559,37.613742153503,acc_row_1569,19635.710942953843,1.0,0.14285714285714285,0.8571428571428571,0.0,0.0,1.0,1,8,0.25,8,4,14,14,0.0,1678,49,49,1.0,1.7155656951842027,4.272813439294516,0.08163265306122448,사용가능,보행등 무 포함,2% 이하
7126022,2025083,1126010600,11260007,서울 중랑구7,서울 중랑구 신내동(중랑구청사거리 부근),7,8,0,8,0,0,127.095847736147,37.607184156345,acc_row_1570,19639.184599587457,1.1428571428571428,0.0,1.0,0.0,0.0,1.0,0,4,0.0,4,1,6,9,0.0,1557,48,48,1.0,3.553274497147133,6.046796680458218,0.125,사용가능,알려진 보행등 모두 유,2~5%
7126112,2025083,1126010500,11260008,서울 중랑구8,서울 중랑구 망우동(우림시장교차로 부근),7,7,0,7,0,0,127.099548253949,37.594835522107,acc_row_1571,19645.666489129366,1.0,0.0,1.0,0.0,0.0,1.0,0,3,0.6666666666666666,3,1,12,15,0.0,2072,52,52,1.0,4.8976294987253235,7.394678484047645,0.40384615384615385,사용가능,보행등 무 포함,2~5%
7126140,2025083,1126010500,11260009,서울 중랑구9,서울 중랑구 망우동(참약사삼흥약국 부근),7,7,0,7,0,0,127.10307282351,37.600326907443,acc_row_1572,19642.80529197529,1.0,0.0,1.0,0.0,0.0,1.0,0,6,0.16666666666666666,6,2,8,9,0.0,1556,47,47,1.0,2.8174352511460157,3.6832963779617796,0.02127659574468085,사용가능,보행등 무 포함,2~5%
7125916,2025083,1126010100,11260010,서울 중랑구10,서울 중랑구 면목동(로데오약국 부근),7,7,0,7,0,0,127.088667849352,37.581926162754,acc_row_1573,19652.432594998667,1.0,0.0,1.0,0.0,0.0,1.0,0,3,0.6666666666666666,3,2,9,12,0.0,1261,49,49,1.0,2.0683374490187383,2.7671601367185175,0.0,사용가능,보행등 무 포함,2~5%
7126234,2025083,1126010200,11260011,서울 중랑구11,서울 중랑구 상봉동(상봉역 7호선 부근),7,7,0,7,0,0,127.086002184529,37.594936802061,acc_row_1574,19645.578271756454,1.0,0.0,1.0,0.0,0.0,1.0,0,5,0.0,5,1,5,7,0.0,699,49,49,1.0,1.1980216538584605,1.87909097974052,0.0,사용가능,알려진 보행등 모두 유,2% 이하
7126100,2025083,1126010200,11260012,서울 중랑구12,서울 중랑구 상봉동(인제약국 부근),7,7,0,7,0,0,127.076022584514,37.593909894985,acc_row_1575,19646.179113412214,1.0,0.0,1.0,0.0,0.0,1.0,0,2,0.0,2,1,9,10,0.0,470,50,50,1.0,0.31933151717773567,0.6449007530736455,0.0,사용가능,알려진 보행등 모두 유,2% 이하
7126071,2025083,1129013400,11290001,서울 성북구1,서울 성북구 길음동(길음역교차로 부근),12,12,0,12,0,0,127.02427170542,37.603812206744,acc_row_1576,19640.850120988944,1.0,0.0,1.0,0.0,0.0,1.0,0,4,0.25,4,1,9,15,0.0,3206,46,46,1.0,3.1945611385785706,5.507086724967159,0.15217391304347827,사용가능,보행등 무 포함,2~5%
7125972,2025083,1129011600,11290002,서울 성북구2,서울 성북구 동선동4가(성신여대입구역 4호선 부근),10,11,0,11,0,0,127.018166104999,37.59315158534,acc_row_1577,19646.507050996956,1.1,0.0,1.0,0.0,0.0,1.0,0,3,0.3333333333333333,3,1,6,15,0.0,2415,49,49,1.0,4.194007188941855,7.190140443550088,0.4489795918367347,사용가능,보행등 무 포함,2~5%
7125974,2025083,1129010500,11290003,서울 성북구3,서울 성북구 동소문동2가(올리브한성약국 부근),7,7,0,7,0,0,127.008889195144,37.589094862654,acc_row_1578,19648.659961195182,1.0,0.0,1.0,0.0,0.0,1.0,0,1,0.0,1,1,10,18,0.0,3911,49,49,1.0,1.6160915417081623,1.66803223061757,0.04081632653061224,사용가능,알려진 보행등 모두 유,2% 이하
7125989,2025083,1129013800,11290004,서울 성북구4,서울 성북구 장위동(장위1동주민센터 부근),7,7,0,7,0,0,127.043065354482,37.613789936557,acc_row_1579,19635.66088745995,1.0,0.0,1.0,0.0,0.0,1.0,0,2,0.0,2,2,2,2,0.0,3688,49,49,1.0,12.304391984261704,21.177894303498174,0.9591836734693877,사용가능,알려진 보행등 모두 유,10% 초과
7126069,2025083,1129013500,11290005,서울 성북구5,서울 성북구 종암동(종암중앙어린이집 부근),7,7,0,7,0,0,127.033646471274,37.599284319562,acc_row_1580,19643.305358694288,1.0,0.0,1.0,0.0,0.0,1.0,0,3,0.6666666666666666,3,1,3,4,0.0,2036,49,49,1.0,4.223900933181907,5.788026639572163,0.14285714285714285,사용가능,보행등 무 포함,2~5%
7125963,2025083,1130510100,11305001,서울 강북구1,서울 강북구 미아동(미아사거리역 4호선 부근),22,22,0,22,0,0,127.030288014848,37.612888751869,acc_row_1581,19636.10393141757,1.0,0.0,1.0,0.0,0.0,1.0,0,2,0.0,2,1,5,6,0.0,772,49,47,0.9591836734693877,2.6233665998691973,5.367538342308521,0.1702127659574468,사용가능,알려진 보행등 모두 유,2~5%
7125869,2025083,1130510200,11305002,서울 강북구2,서울 강북구 번동(수유역교차로 부근),13,13,0,13,0,0,127.025438089411,37.638069827665,acc_row_1582,19622.84397346147,1.0,0.0,1.0,0.0,0.0,1.0,0,7,0.0,7,1,7,12,0.0,523,50,50,1.0,1.5320358206177453,2.030910134155854,0.0,사용가능,알려진 보행등 모두 유,2% 이하
7126210,2025083,1130510100,11305003,서울 강북구3,서울 강북구 미아동(미아역교차로 부근),9,9,2,7,0,0,127.026720064786,37.625586208516,acc_row_1583,19629.466097524637,1.0,0.2222222222222222,0.7777777777777778,0.0,0.0,1.0,1,0,,0,0,8,9,7.646404667871198,1762,47,47,1.0,2.16168862468084,3.4345451277805505,0.0,사용가능,횡단보도 없음,2~5%
7126143,2025083,1130510200,11305004,서울 강북구4,서울 강북구 번동(강북구청사거리 부근),9,9,0,9,0,0,127.026800780363,37.639706459006,acc_row_1584,19621.990757485633,1.0,0.0,1.0,0.0,0.0,1.0,0,7,0.2857142857142857,7,3,12,12,0.0,438,51,51,1.0,1.0666824800736463,2.3284285618957554,0.0,사용가능,보행등 무 포함,2% 이하
7126242,2025083,1130510100,11305005,서울 강북구5,서울 강북구 미아동(수유시장약국 부근),8,9,1,8,0,0,127.024527134777,37.630420815202,acc_row_1585,19626.892062059684,1.125,0.1111111111111111,0.8888888888888888,0.0,0.0,1.0,1,4,0.25,4,2,8,15,0.0,1558,49,49,1.0,3.30462221211216,4.424324572463096,0.04081632653061224,사용가능,보행등 무 포함,2~5%
7126249,2025083,1130510100,11305006,서울 강북구6,서울 강북구 미아동(파스타잇 부근),8,9,1,8,0,0,127.029054160138,37.618834221923,acc_row_1586,19632.97249387757,1.125,0.1111111111111111,0.8888888888888888,0.0,0.0,1.0,1,5,0.6,5,2,14,20,0.0,1592,49,49,1.0,1.0849567022699904,1.5799721617869409,0.0,사용가능,보행등 무 포함,2% 이하
7126014,2025083,1130510100,11305007,서울 강북구7,서울 강북구 미아동(삼양시장교차로 부근),7,7,0,7,0,0,127.01914928424,37.624470544255,acc_row_1587,19630.066134493052,1.0,0.0,1.0,0.0,0.0,1.0,0,4,0.75,4,2,9,9,0.0,5155,51,51,1.0,3.8711817643316873,5.683518894785834,0.3137254901960784,사용가능,보행등 무 포함,2~5%
7126170,2025083,1132010700,11320001,서울 도봉구1,서울 도봉구 창동(쌍문역 4호선 부근),7,7,1,6,0,0,127.034570876078,37.649012131613,acc_row_1588,19617.13190435101,1.0,0.14285714285714285,0.8571428571428571,0.0,0.0,1.0,1,4,0.25,4,1,4,4,0.0,1430,49,49,1.0,4.501310130504444,10.293132734623324,0.1836734693877551,사용가능,보행등 무 포함,2~5%
7126037,2025083,1135010500,11350001,서울 노원구1,서울 노원구 상계동(친절한약국 부근),8,9,0,9,0,0,127.057672564913,37.65428208687,acc_row_1589,19614.380770585994,1.125,0.0,1.0,0.0,0.0,1.0,0,4,0.0,4,1,6,6,0.0,319,49,49,1.0,1.0920298592464086,1.314462210764852,0.02040816326530612,사용가능,알려진 보행등 모두 유,2% 이하
7125910,2025083,1135010300,11350002,서울 노원구2,서울 노원구 공릉동(건강약국 부근),8,8,0,8,0,0,127.078005239068,37.618920285145,acc_row_1590,19632.925710928022,1.0,0.0,1.0,0.0,0.0,1.0,0,5,0.0,5,2,7,9,0.0,1392,48,48,1.0,1.477273502236611,2.7901112303834323,0.020833333333333332,사용가능,알려진 보행등 모두 유,2% 이하
7126075,2025083,1135010200,11350003,서울 노원구3,서울 노원구 월계동(석계역교차로 부근),8,8,0,8,0,0,127.064843889574,37.615019246592,acc_row_1591,19634.98722283865,1.0,0.0,1.0,0.0,0.0,1.0,0,8,0.0,8,2,11,17,0.0,547,49,49,1.0,7.909137767919226,20.058117658446086,0.5102040816326531,사용가능,알려진 보행등 모두 유,5~10%
7125999,2025083,1135010500,11350004,서울 노원구4,서울 노원구 상계동(건강한생활약국 부근),7,7,1,6,0,0,127.062900861777,37.654189410205,acc_row_1592,19614.460674633076,1.0,0.14285714285714285,0.8571428571428571,0.0,0.0,1.0,1,0,,0,0,3,4,12.881716876224273,315,51,51,1.0,1.0677717290921325,1.8864508794436772,0.0,사용가능,횡단보도 없음,2% 이하
7125905,2025083,1138010400,11380001,서울 은평구1,서울 은평구 갈현동(연신내역 GTX-A 부근),14,15,0,15,0,0,126.92027223655,37.619133102731,acc_row_1593,19632.85063698525,1.0714285714285714,0.0,1.0,0.0,0.0,1.0,0,5,0.4,5,2,10,13,0.0,1243,48,48,1.0,2.472611045098889,5.312516542308485,0.125,사용가능,보행등 무 포함,2~5%
7125912,2025083,1138010700,11380002,서울 은평구2,서울 은평구 응암동(응암오거리 부근),11,11,0,11,0,0,126.917952938797,37.590144636177,acc_row_1594,19648.098454749183,1.0,0.0,1.0,0.0,0.0,1.0,0,6,0.5,6,2,12,16,0.0,1534,50,50,1.0,3.1173027267730915,9.26013823714678,0.2,사용가능,보행등 무 포함,2~5%
7125935,2025083,1138010800,11380003,서울 은평구3,서울 은평구 신사동(신사오거리 부근),7,8,0,8,0,0,126.915108808743,37.598963709355,acc_row_1595,19643.47692374167,1.1428571428571428,0.0,1.0,0.0,0.0,1.0,0,5,0.4,5,2,7,11,0.0,775,51,51,1.0,3.0686436898296754,4.415230622850887,0.09803921568627451,사용가능,보행등 무 포함,2~5%
7126251,2025083,1138010400,11380004,서울 은평구4,서울 은평구 갈현동(오은약국 부근),7,7,0,7,0,0,126.914664250547,37.61263809513,acc_row_1596,19636.241846800775,1.0,0.0,1.0,0.0,0.0,1.0,0,4,0.5,4,2,6,6,0.0,446,51,51,1.0,2.6841202925068024,4.878423468943813,0.058823529411764705,사용가능,보행등 무 포함,2~5%
7126148,2025083,1138010600,11380005,서울 은평구5,서울 은평구 대조동(불광시장 부근),7,7,0,7,0,0,126.929125471796,37.609274099771,acc_row_1597,19638.046198865362,1.0,0.0,1.0,0.0,0.0,1.0,0,2,0.5,2,1,4,6,0.0,1203,49,49,1.0,1.2470986818008298,2.0976273045290443,0.0,사용가능,보행등 무 포함,2% 이하
7125939,2025083,1141011100,11410001,서울 서대문구1,서울 서대문구 홍제동(홍제1동주민센터 부근),10,10,0,10,0,0,126.945331296121,37.587799818563,acc_row_1598,19649.33146248409,1.0,0.0,1.0,0.0,0.0,1.0,0,3,0.3333333333333333,3,1,6,6,0.0,6356,49,49,1.0,11.806277024699222,28.842641807752944,0.5714285714285714,사용가능,보행등 무 포함,10% 초과
7126227,2025083,1141011600,11410002,서울 서대문구2,서울 서대문구 창천동(신촌1번약국 부근),8,8,1,7,0,0,126.935984380563,37.555525298161,acc_row_1599,19666.258523311488,1.0,0.125,0.875,0.0,0.0,1.0,1,5,0.4,5,2,8,13,0.0,1928,49,49,1.0,2.7052058666498717,3.26813040300322,0.02040816326530612,사용가능,보행등 무 포함,2~5%
7126246,2025083,1141011800,11410003,서울 서대문구3,서울 서대문구 홍은동(홍은사거리 부근),8,8,0,8,0,0,126.94116462733,37.590985141444,acc_row_1600,19647.657798683595,1.0,0.0,1.0,0.0,0.0,1.0,0,3,0.3333333333333333,3,1,7,11,0.0,7749,48,48,1.0,20.808145647319936,49.96574848148295,0.8541666666666666,사용가능,보행등 무 포함,10% 초과
7126109,2025083,1144010400,11440001,서울 마포구1,서울 마포구 도화동(마포역 5호선 부근),11,12,2,10,0,0,126.94662164557,37.539613372461,acc_row_1601,19674.63836365321,1.0909090909090908,0.16666666666666666,0.8333333333333334,0.0,0.0,1.0,1,0,,0,0,1,3,32.34830912547743,1917,49,49,1.0,1.299220720679262,1.7200902086625987,0.02040816326530612,사용가능,횡단보도 없음,2% 이하
7126259,2025083,1144010400,11440002,서울 마포구2,서울 마포구 도화동(도화동주민센터 부근),8,8,2,6,0,0,126.949003364805,37.54128749982,acc_row_1602,19673.76793286863,1.0,0.25,0.75,0.0,0.0,1.0,1,2,0.0,2,1,4,5,0.0,1630,51,51,1.0,1.5920052652880337,3.3700161404223667,0.0,사용가능,알려진 보행등 모두 유,2% 이하
7125884,2025083,1147010200,11470001,서울 양천구1,서울 양천구 목동(목2동주민센터 부근),13,13,0,13,0,0,126.871362876515,37.546887145326,acc_row_1603,19670.930641808376,1.0,0.0,1.0,0.0,0.0,1.0,0,4,1.0,4,1,6,9,0.0,1415,52,52,1.0,0.3632379565104785,0.9682520642430155,0.019230769230769232,사용가능,보행등 무 포함,2% 이하
7126155,2025083,1147010200,11470002,서울 양천구2,서울 양천구 목동(약초원한약국 부근),12,12,1,11,0,0,126.867286369075,37.548778214703,acc_row_1604,19669.862753202848,1.0,0.08333333333333333,0.9166666666666666,0.0,0.0,1.0,1,3,1.0,3,1,10,13,0.0,1235,48,48,1.0,4.955608068000957,10.258630251468416,0.5416666666666666,사용가능,보행등 무 포함,2~5%
7126097,2025083,1147010200,11470003,서울 양천구3,서울 양천구 목동(옹달샘어린이집 부근),7,7,0,7,0,0,126.863258911895,37.547129637072,acc_row_1605,19670.778398833972,1.0,0.0,1.0,0.0,0.0,1.0,0,3,0.6666666666666666,3,1,6,8,0.0,1214,48,48,1.0,3.0685277992184368,3.4765559154639107,0.0625,사용가능,보행등 무 포함,2~5%
7126159,2025083,1147010100,11470004,서울 양천구4,서울 양천구 신정동(목동제일큰약국 부근),7,7,0,7,0,0,126.862494349182,37.525907813435,acc_row_1606,19681.919134377848,1.0,0.0,1.0,0.0,0.0,1.0,0,0,,0,0,7,11,0.4199673968858195,175,51,51,1.0,0.28114449200937575,0.3437564359527377,0.0,사용가능,횡단보도 없음,2% 이하
7126232,2025083,1147010100,11470005,서울 양천구5,서울 양천구 신정동(양강중교앞교차로 부근),7,7,0,7,0,0,126.851063923938,37.523952728091,acc_row_1607,19682.93227012771,1.0,0.0,1.0,0.0,0.0,1.0,0,7,0.42857142857142855,7,2,10,16,0.0,3380,49,49,1.0,7.505262973466003,10.77495497569198,0.8367346938775511,사용가능,보행등 무 포함,5~10%
7125896,2025083,1150010300,11500001,서울 강서구1,서울 강서구 화곡동(화곡역교차로 부근),10,10,0,10,0,0,126.840983552186,37.541096191954,acc_row_1608,19673.981880824544,1.0,0.0,1.0,0.0,0.0,1.0,0,2,0.0,2,1,9,10,0.0,1237,51,51,1.0,6.546646306458203,8.278600998965757,0.8823529411764706,사용가능,알려진 보행등 모두 유,5~10%
7125861,2025083,1150010300,11500002,서울 강서구2,서울 강서구 화곡동(불만난곱창 부근),9,9,0,9,0,0,126.847522889767,37.533564111216,acc_row_1609,19677.888234688413,1.0,0.0,1.0,0.0,0.0,1.0,0,0,,0,0,5,12,22.851754604343824,2200,51,51,1.0,4.285994887340499,8.12051698299891,0.27450980392156865,사용가능,횡단보도 없음,2~5%
7126052,2025083,1150010200,11500003,서울 강서구3,서울 강서구 등촌동(가양역교차로 부근),7,7,0,7,0,0,126.854804992459,37.560635446673,acc_row_1610,19663.65431515911,1.0,0.0,1.0,0.0,0.0,1.0,0,1,0.0,1,1,6,10,0.0,299,50,50,1.0,0.727770965784773,1.2116915090459244,0.0,사용가능,알려진 보행등 모두 유,2% 이하
7126004,2025083,1153010800,11530001,서울 구로구1,서울 구로구 오류동(오류동삼거리 부근),10,10,0,10,0,0,126.840721502771,37.494867480809,acc_row_1611,19698.213843188463,1.0,0.0,1.0,0.0,0.0,1.0,0,8,0.5,8,2,10,11,0.0,3490,48,48,1.0,2.993371877485791,6.5619132559516276,0.1875,사용가능,보행등 무 포함,2~5%
7126087,2025083,1153010700,11530002,서울 구로구2,서울 구로구 개봉동(세진약국 부근),8,8,0,8,0,0,126.855526626875,37.491300676753,acc_row_1612,19700.07343694047,1.0,0.0,1.0,0.0,0.0,1.0,0,2,0.5,2,1,5,9,0.0,1257,49,49,1.0,0.4615953975644099,0.7303413885211879,0.0,사용가능,보행등 무 포함,2% 이하
7126016,2025083,1154510300,11545001,서울 금천구1,서울 금천구 시흥동(시흥사거리 부근),9,9,0,9,0,0,126.900434062613,37.454602008571,acc_row_1613,19719.33450516357,1.0,0.0,1.0,0.0,0.0,1.0,0,4,0.0,4,2,6,7,0.0,1280,50,50,1.0,1.6499795826020476,4.170863249151667,0.04,사용가능,알려진 보행등 모두 유,2% 이하
7126119,2025083,1154510100,11545002,서울 금천구2,서울 금천구 가산동(진도식당 부근),8,8,1,7,0,0,126.893889135741,37.474226895492,acc_row_1614,19709.042218435057,1.0,0.125,0.875,0.0,0.0,1.0,1,2,0.5,2,1,4,4,0.0,1076,51,51,1.0,2.8536492752023523,4.697565654561296,0.0784313725490196,사용가능,보행등 무 포함,2~5%
7126090,2025083,1154510200,11545003,서울 금천구3,서울 금천구 독산동(독산중앙약국 부근),7,7,2,5,0,0,126.903909906352,37.4786506963,acc_row_1615,19706.707275063167,1.0,0.2857142857142857,0.7142857142857143,0.0,0.0,1.0,1,3,0.6666666666666666,3,1,3,7,0.0,2701,48,48,1.0,3.57575288810666,4.80581034320447,0.0,사용가능,보행등 무 포함,2~5%
7126120,2025083,1154510200,11545004,서울 금천구4,서울 금천구 독산동(명수약국 부근),7,7,0,7,0,0,126.898958743283,37.473405373843,acc_row_1616,19709.541701741793,1.0,0.0,1.0,0.0,0.0,1.0,0,1,0.0,1,1,2,2,0.0,1575,50,50,1.0,2.6854732948862337,4.831431483627807,0.08,사용가능,알려진 보행등 모두 유,2~5%
7126189,2025083,1154510300,11545005,서울 금천구5,서울 금천구 시흥동(수약국 부근),7,7,0,7,0,0,126.901099851251,37.451928342738,acc_row_1617,19720.72391628911,1.0,0.0,1.0,0.0,0.0,1.0,0,6,0.3333333333333333,6,2,15,17,0.0,1255,52,51,0.9807692307692307,1.7652249766327233,3.054315510622415,0.0,사용가능,보행등 무 포함,2% 이하
7125919,2025083,1154510300,11545006,서울 금천구6,서울 금천구 시흥동(은행나무시장교차로 부근),7,7,0,7,0,0,126.909122884991,37.45103581916,acc_row_1618,19721.19667884598,1.0,0.0,1.0,0.0,0.0,1.0,0,5,0.2,5,2,8,8,0.0,2789,48,48,1.0,4.064268682531062,6.964581334894332,0.22916666666666666,사용가능,보행등 무 포함,2~5%
7125878,2025083,1156010500,11560001,서울 영등포구1,서울 영등포구 영등포동4가(영등포역교차로 부근),17,17,1,16,0,0,126.906213121914,37.516585904757,acc_row_1619,19686.786475714885,1.0,0.058823529411764705,0.9411764705882353,0.0,0.0,1.0,1,8,0.375,8,2,8,8,0.0,641,49,47,0.9591836734693877,3.9926638095002267,14.422218323306582,0.2127659574468085,사용가능,보행등 무 포함,2~5%
7126266,2025083,1156010300,11560002,서울 영등포구2,서울 영등포구 영등포동2가(영등포전통시장 부근),10,10,1,9,0,0,126.907760868377,37.519103594643,acc_row_1620,19685.40551616217,1.0,0.1,0.9,0.0,0.0,1.0,1,0,,0,0,0,3,72.15374535159435,340,51,51,1.0,0.7271899894717437,1.173397897904767,0.0,사용가능,횡단보도 없음,2% 이하
7126059,2025083,1159010700,11590001,서울 동작구1,서울 동작구 사당동(시장약국 부근),15,15,1,14,0,0,126.981379145543,37.488240920023,acc_row_1621,19701.68122868965,1.0,0.06666666666666667,0.9333333333333333,0.0,0.0,1.0,1,1,0.0,1,1,4,4,0.0,3078,50,38,0.76,,,,격자충족부족,알려진 보행등 모두 유,
7125933,2025083,1159010200,11590002,서울 동작구2,서울 동작구 상도동(상도3동주민센터 부근),14,14,0,14,0,0,126.932071712028,37.499830614012,acc_row_1622,19695.553592047763,1.0,0.0,1.0,0.0,0.0,1.0,0,0,,0,0,2,5,9.368673217566178,4418,51,51,1.0,2.0399077627086832,5.401256833630482,0.13725490196078433,사용가능,횡단보도 없음,2~5%
7126003,2025083,1159010500,11590003,서울 동작구3,서울 동작구 흑석동(흑석시장 부근),12,12,0,12,0,0,126.962169212721,37.50749686225,acc_row_1623,19691.4609978157,1.0,0.0,1.0,0.0,0.0,1.0,0,5,0.2,5,2,10,16,0.0,3143,49,36,0.7346938775510204,,,,격자충족부족,보행등 무 포함,
7126207,2025083,1159010900,11590004,서울 동작구4,서울 동작구 신대방동(메디칼우리약국 부근),11,11,0,11,0,0,126.927801334254,37.498372448448,acc_row_1624,19696.326519820737,1.0,0.0,1.0,0.0,0.0,1.0,0,1,0.0,1,1,6,13,0.0,3472,48,48,1.0,2.094397486726606,3.2023367223512387,0.020833333333333332,사용가능,알려진 보행등 모두 유,2~5%
7125932,2025083,1159010100,11590005,서울 동작구5,서울 동작구 노량진동(서울동작경찰서 부근),10,10,0,10,0,0,126.943514577258,37.513003248903,acc_row_1625,19688.611722249774,1.0,0.0,1.0,0.0,0.0,1.0,0,0,,0,0,5,8,33.34698581618199,2436,51,51,1.0,5.020318605246566,12.102354150926072,0.35294117647058826,사용가능,횡단보도 없음,5~10%
7126039,2025083,1159010700,11590006,서울 동작구6,서울 동작구 사당동(남성역골목시장 부근),7,7,1,6,0,0,126.972748643059,37.483610698724,acc_row_1626,19704.081112914177,1.0,0.14285714285714285,0.8571428571428571,0.0,0.0,1.0,1,2,0.5,2,1,4,12,0.0,3533,48,48,1.0,1.467160548873041,2.4425642326542953,0.0,사용가능,보행등 무 포함,2% 이하
7126141,2025083,1159010200,11590007,서울 동작구7,서울 동작구 상도동(아이세상어린이집 부근),7,8,0,8,0,0,126.933564180538,37.501523417464,acc_row_1627,19694.648785075307,1.1428571428571428,0.0,1.0,0.0,0.0,1.0,0,1,0.0,1,1,2,5,0.0,4692,50,50,1.0,4.084156965039786,11.193285710405627,0.4,사용가능,알려진 보행등 모두 유,2~5%
7125862,2025083,1162010200,11620001,서울 관악구1,서울 관악구 신림동(봉림교 부근),9,9,1,8,0,0,126.925922619453,37.48442836742,acc_row_1628,19703.601313983083,1.0,0.1111111111111111,0.8888888888888888,0.0,0.0,1.0,1,5,0.4,5,2,8,8,0.0,993,51,51,1.0,2.774089810420294,4.867133259332822,0.09803921568627451,사용가능,보행등 무 포함,2~5%
7126287,2025083,1162010200,11620002,서울 관악구2,서울 관악구 신림동(리춘시장 신림역점 부근),8,8,0,8,0,0,126.928838309561,37.482769213375,acc_row_1629,19704.49574089291,1.0,0.0,1.0,0.0,0.0,1.0,0,0,,0,0,7,8,4.0822013864866475,1880,50,50,1.0,3.867908571097538,4.435038983543043,0.08,사용가능,횡단보도 없음,2~5%
7126093,2025083,1162010200,11620003,서울 관악구3,서울 관악구 신림동(중앙온누리약국 부근),8,8,0,8,0,0,126.902696465892,37.484308720328,acc_row_1630,19703.723312372425,1.0,0.0,1.0,0.0,0.0,1.0,0,6,0.16666666666666666,6,2,11,16,0.0,1102,49,49,1.0,2.3862293646108923,8.701407096634124,0.1836734693877551,사용가능,보행등 무 포함,2~5%
7126275,2025083,1162010100,11620004,서울 관악구4,서울 관악구 봉천동(그린약국 부근),7,7,1,6,0,0,126.943861524663,37.482208346413,acc_row_1631,19704.815416148984,1.0,0.14285714285714285,0.8571428571428571,0.0,0.0,1.0,1,3,0.6666666666666666,3,1,4,5,0.0,3520,50,38,0.76,,,,격자충족부족,보행등 무 포함,
7126176,2025083,1162010100,11620005,서울 관악구5,서울 관악구 봉천동(원당종합시장 부근),7,7,0,7,0,0,126.966914992404,37.474691964478,acc_row_1632,19708.69227487103,1.0,0.0,1.0,0.0,0.0,1.0,0,0,,0,0,1,1,37.282316134026644,4826,52,52,1.0,3.671120811102401,6.4842258554911325,0.38461538461538464,사용가능,횡단보도 없음,2~5%
7126139,2025083,1162010200,11620006,서울 관악구6,서울 관악구 신림동(당곡사거리 부근),7,7,0,7,0,0,126.927961498173,37.489981601564,acc_row_1633,19700.670434217245,1.0,0.0,1.0,0.0,0.0,1.0,0,4,0.0,4,1,6,7,0.0,2776,52,52,1.0,1.6567642485309935,2.9124803636263286,0.0,사용가능,알려진 보행등 모두 유,2% 이하
7125953,2025083,1162010200,11620007,서울 관악구7,서울 관악구 신림동(새난곡약국 부근),7,7,0,7,0,0,126.917859385851,37.47352971701,acc_row_1634,19709.394376497334,1.0,0.0,1.0,0.0,0.0,1.0,0,4,0.5,4,2,9,11,0.0,4542,51,51,1.0,4.354108833507225,7.441461019028499,0.4117647058823529,사용가능,보행등 무 포함,2~5%
7125942,2025083,1165010800,11650001,서울 서초구1,서울 서초구 서초동(강남성지약국 부근),14,14,0,14,0,0,127.026551519715,37.499589171802,acc_row_1635,19695.647799054623,1.0,0.0,1.0,0.0,0.0,1.0,0,3,0.0,3,2,3,4,0.0,1093,50,50,1.0,2.3976498828768062,5.068825219700402,0.12,사용가능,알려진 보행등 모두 유,2~5%
7125903,2025083,1165010200,11650002,서울 서초구2,서울 서초구 양재동(엔스온누리약국 부근),10,10,1,9,0,0,127.036311254433,37.482669233682,acc_row_1636,19704.547251020293,1.0,0.1,0.9,0.0,0.0,1.0,1,5,0.4,5,2,5,5,0.0,3267,49,49,1.0,3.919351058109446,6.80391918081894,0.42857142857142855,사용가능,보행등 무 포함,2~5%
7126244,2025083,1165010600,11650003,서울 서초구3,서울 서초구 반포동(고속터미널역 9호선 부근),8,9,0,9,0,0,127.003747802518,37.506080138312,acc_row_1637,19692.24457015262,1.125,0.0,1.0,0.0,0.0,1.0,0,5,0.4,5,2,14,16,0.0,370,51,51,1.0,3.9706197514530928,9.680247540006764,0.3137254901960784,사용가능,보행등 무 포함,2~5%
7125889,2025083,1165010800,11650004,서울 서초구4,서울 서초구 서초동(미유끼 부근),8,8,0,8,0,0,127.008355001705,37.490140640368,acc_row_1638,19700.66466242734,1.0,0.0,1.0,0.0,0.0,1.0,0,3,0.6666666666666666,3,1,3,5,0.0,1718,49,49,1.0,4.4568700775339805,9.849155063585304,0.30612244897959184,사용가능,보행등 무 포함,2~5%
7125907,2025083,1165010100,11650005,서울 서초구5,서울 서초구 방배동(사당역사거리 부근),7,8,0,8,0,0,126.982318899011,37.477468057592,acc_row_1639,19707.28718148375,1.1428571428571428,0.0,1.0,0.0,0.0,1.0,0,4,0.5,4,1,18,21,0.0,1830,48,48,1.0,4.951013956302599,12.222997133844949,0.375,사용가능,보행등 무 포함,2~5%
7126067,2025083,1165010800,11650006,서울 서초구6,서울 서초구 서초동(강남드림약국 부근),7,7,0,7,0,0,127.025492766822,37.501138684579,acc_row_1640,19694.897723634593,1.0,0.0,1.0,0.0,0.0,1.0,0,4,0.25,4,2,6,10,0.0,1197,50,50,1.0,3.047064857595335,6.031219924847536,0.26,사용가능,보행등 무 포함,2~5%
7126063,2025083,1168010600,11680001,서울 강남구1,서울 강남구 대치동(테헤란건강약국 부근),10,11,0,11,0,0,127.05119608834,37.503466753912,acc_row_1641,19693.63590187565,1.1,0.0,1.0,0.0,0.0,1.0,0,0,,0,0,1,3,38.844501846956284,814,49,49,1.0,4.430587200533775,6.112937351229756,0.5918367346938775,사용가능,횡단보도 없음,2~5%
7126146,2025083,1168010100,11680002,서울 강남구2,서울 강남구 역삼동(유니팜서울약국 부근),8,8,0,8,0,0,127.028822726171,37.498975641676,acc_row_1642,19695.952931107386,1.0,0.0,1.0,0.0,0.0,1.0,0,0,,0,0,0,0,105.27468235120342,1257,49,49,1.0,6.030350195315806,10.270458245423345,0.6122448979591837,사용가능,횡단보도 없음,5~10%
7125901,2025083,1168010800,11680003,서울 강남구3,서울 강남구 논현동(블루밍약국 부근),7,8,0,8,0,0,127.024339277041,37.505907818869,acc_row_1643,19692.361492310032,1.1428571428571428,0.0,1.0,0.0,0.0,1.0,0,0,,0,0,4,7,30.16344776245343,1262,49,49,1.0,3.358561475299399,4.8950440276781455,0.10204081632653061,사용가능,횡단보도 없음,2~5%
7125940,2025083,1168010100,11680004,서울 강남구4,서울 강남구 역삼동(센터필드교차로 부근),7,8,0,8,0,0,127.04309472231,37.502346290956,acc_row_1644,19694.22005639514,1.1428571428571428,0.0,1.0,0.0,0.0,1.0,0,5,0.0,5,1,6,6,0.0,1049,48,48,1.0,5.931747375025985,9.136680176373316,0.7083333333333334,사용가능,알려진 보행등 모두 유,5~10%
7125870,2025083,1168010600,11680005,서울 강남구5,서울 강남구 대치동(한가족약국 부근),7,7,0,7,0,0,127.060012330471,37.493526193539,acc_row_1645,19698.806750318603,1.0,0.0,1.0,0.0,0.0,1.0,0,3,0.6666666666666666,3,1,11,12,0.0,566,50,50,1.0,0.5786317706730678,0.6846961072072587,0.0,사용가능,보행등 무 포함,2% 이하
7126161,2025083,1168010100,11680006,서울 강남구6,서울 강남구 역삼동(도곡시장 부근),7,7,0,7,0,0,127.052360551028,37.497966508017,acc_row_1646,19696.49589284817,1.0,0.0,1.0,0.0,0.0,1.0,0,3,0.6666666666666666,3,1,5,9,0.0,696,50,50,1.0,1.7761500153377656,2.4826348369653166,0.0,사용가능,보행등 무 포함,2% 이하
7125958,2025083,1168010100,11680007,서울 강남구7,서울 강남구 역삼동(일번지약국 부근),7,7,0,7,0,0,127.030723588263,37.497385023194,acc_row_1647,19696.88279092843,1.0,0.0,1.0,0.0,0.0,1.0,0,0,,0,0,4,4,14.422182426228403,880,49,49,1.0,3.1039713759723786,5.008213927376338,0.16326530612244897,사용가능,횡단보도 없음,2~5%
7125881,2025083,1171010100,11710001,서울 송파구1,서울 송파구 잠실동(유한약국 부근),11,13,0,13,0,0,127.082811466656,37.511000648513,acc_row_1648,19689.63270438876,1.1818181818181819,0.0,1.0,0.0,0.0,1.0,0,0,,0,0,2,2,5.072675407010706,366,47,47,1.0,0.7552363351435586,1.2800331350182803,0.0,사용가능,횡단보도 없음,2% 이하
7126038,2025083,1171011100,11710002,서울 송파구2,서울 송파구 방이동(친절한약국 부근),10,11,0,11,0,0,127.109003644795,37.515282315476,acc_row_1649,19687.514065579115,1.1,0.0,1.0,0.0,0.0,1.0,0,0,,0,0,1,4,48.119135255292946,84,46,46,1.0,0.11418054824875357,0.20813011907911175,0.0,사용가능,횡단보도 없음,2% 이하
7125853,2025083,1171010100,11710003,서울 송파구3,서울 송파구 잠실동(잠실새내역교차로 부근),8,8,0,8,0,0,127.085129065081,37.51136034133,acc_row_1650,19689.551382421978,1.0,0.0,1.0,0.0,0.0,1.0,0,2,0.0,2,1,4,4,0.0,463,51,51,1.0,0.5439260143550312,1.241896919722779,0.0,사용가능,알려진 보행등 모두 유,2% 이하
7126031,2025083,1171011300,11710004,서울 송파구4,서울 송파구 거여동(거여역교차로 부근),7,7,1,6,0,0,127.143883293592,37.492797504233,acc_row_1651,19699.303454079207,1.0,0.14285714285714285,0.8571428571428571,0.0,0.0,1.0,1,5,0.4,5,2,8,9,0.0,1370,49,49,1.0,4.921586293941464,8.546672217110874,0.32653061224489793,사용가능,보행등 무 포함,2~5%
7126268,2025083,1171011400,11710005,서울 송파구5,서울 송파구 마천동(마천사거리 부근),7,7,1,6,0,0,127.146058263874,37.49754875432,acc_row_1652,19696.9174101101,1.0,0.14285714285714285,0.8571428571428571,0.0,0.0,1.0,1,3,0.3333333333333333,3,2,9,16,0.0,1288,49,49,1.0,4.690116612160394,9.132352969785813,0.2653061224489796,사용가능,보행등 무 포함,2~5%
7126153,2025083,1171010200,11710006,서울 송파구6,서울 송파구 신천동(잠실역사거리 부근),7,8,0,8,0,0,127.100448929197,37.513091144871,acc_row_1653,19688.57084189449,1.1428571428571428,0.0,1.0,0.0,0.0,1.0,0,6,0.3333333333333333,6,1,10,10,0.0,197,48,47,0.9791666666666666,0.3423407657153846,0.8260552881312744,0.0,사용가능,보행등 무 포함,2% 이하
7125997,2025083,1171011400,11710007,서울 송파구7,서울 송파구 마천동(마천2동주민센터 부근),7,7,0,7,0,0,127.149465218968,37.497048067393,acc_row_1654,19697.038149570228,1.0,0.0,1.0,0.0,0.0,1.0,0,2,0.5,2,1,2,10,0.0,1257,47,47,1.0,5.585626589486641,9.226587862188067,0.48936170212765956,사용가능,보행등 무 포함,5~10%
7126057,2025083,1174010900,11740001,서울 강동구1,서울 강동구 천호동(천호초교입구교차로 부근),9,9,0,9,0,0,127.133695604568,37.546682328158,acc_row_1655,19671.03382652786,1.0,0.0,1.0,0.0,0.0,1.0,0,0,,0,0,4,4,15.917290399543273,1446,49,49,1.0,4.669110291876441,7.728283105328351,0.5510204081632653,사용가능,횡단보도 없음,2~5%
7126007,2025083,1174010800,11740002,서울 강동구2,서울 강동구 천호동(천호역 5호선 부근),8,8,1,7,0,0,127.123750106493,37.539030663058,acc_row_1656,19675.03824660129,1.0,0.125,0.875,0.0,0.0,1.0,1,8,0.5,8,1,8,8,0.0,245,48,48,1.0,3.824323590958317,7.392595669330046,0.2708333333333333,사용가능,보행등 무 포함,2~5%
7125960,2025083,1174010900,11740003,서울 강동구3,서울 강동구 천호동(리춘시장 천호역점 부근),7,7,0,7,0,0,127.126955464197,37.538223680548,acc_row_1657,19675.449046939953,1.0,0.0,1.0,0.0,0.0,1.0,0,4,0.5,4,1,6,7,0.0,626,47,47,1.0,0.9577308915563508,1.9091902592089955,0.0,사용가능,보행등 무 포함,2% 이하
7126101,2025083,1174010900,11740004,서울 강동구4,서울 강동구 천호동(새실로암약국 부근),7,7,0,7,0,0,127.143792119324,37.549494460371,acc_row_1658,19669.487405981075,1.0,0.0,1.0,0.0,0.0,1.0,0,2,0.5,2,1,2,10,0.0,968,49,49,1.0,3.915773464684471,5.859160913062032,0.20408163265306123,사용가능,보행등 무 포함,2~5%
7301669,2026122,1111015600,11110001,서울 종로구1,서울 종로구 종로3가(정약국 부근),11,11,2,9,0,0,126.989999132043,37.570918740417,acc_row_1984,19658.20007397188,1.0,0.18181818181818182,0.8181818181818182,0.0,0.0,1.0,1,4,0.25,4,1,4,6,0.0,716,49,49,1.0,0.8452472202729603,1.6777671094060793,0.0,사용가능,보행등 무 포함,2% 이하
7301676,2026122,1111017400,11110002,서울 종로구2,서울 종로구 창신동(동묘앞역교차로 부근),8,8,3,5,0,0,127.014685196265,37.572735365735,acc_row_1985,19657.291230110874,1.0,0.375,0.625,0.0,0.0,1.0,1,4,0.5,4,2,8,11,0.0,2310,49,48,0.9795918367346939,2.5296471539281167,11.23556950163192,0.1875,사용가능,보행등 무 포함,2~5%
7301860,2026122,1111016300,11110003,서울 종로구3,서울 종로구 종로5가(종로5가교차로 부근),8,8,0,8,0,0,127.002779595356,37.570982432926,acc_row_1986,19658.164823657284,1.0,0.0,1.0,0.0,0.0,1.0,0,1,0.0,1,1,9,12,0.0,348,51,51,1.0,0.6673479617182358,0.8051888429027133,0.0,사용가능,알려진 보행등 모두 유,2% 이하
7301728,2026122,1111013800,11110004,서울 종로구4,서울 종로구 종로2가(종로2가교차로 부근),7,8,1,7,0,0,126.987599381705,37.570714918123,acc_row_1987,19658.253166818904,1.1428571428571428,0.125,0.875,0.0,0.0,1.0,1,6,0.0,6,1,7,11,0.0,924,49,49,1.0,1.2529489430417553,2.6032994102152855,0.0,사용가능,알려진 보행등 모두 유,2% 이하
7301675,2026122,1111017400,11110005,서울 종로구5,서울 종로구 창신동(동대문역 1호선 부근),7,7,0,7,0,0,127.011286433275,37.571937827163,acc_row_1988,19657.655634907882,1.0,0.0,1.0,0.0,0.0,1.0,0,2,0.5,2,1,5,5,0.0,2798,49,49,1.0,1.05069332110228,3.1786232244579726,0.10204081632653061,사용가능,보행등 무 포함,2% 이하
7301907,2026122,1117010200,11170001,서울 용산구1,서울 용산구 용산동2가(해방촌오거리 부근),9,9,0,9,0,0,126.985954439498,37.545663444048,acc_row_1989,19671.436817302,1.0,0.0,1.0,0.0,0.0,1.0,0,0,,0,0,1,3,39.46148066767999,7457,48,48,1.0,11.884829483304507,17.656374068057517,0.8541666666666666,사용가능,횡단보도 없음,10% 초과
7301831,2026122,1117013100,11170002,서울 용산구2,서울 용산구 한남동(자연약국 부근),7,10,0,10,0,0,127.005513475432,37.533029120009,acc_row_1990,19678.11541576903,1.4285714285714286,0.0,1.0,0.0,0.0,1.0,0,1,0.0,1,1,7,15,0.0,3438,49,49,1.0,1.6503176116326814,2.8575396253860186,0.04081632653061224,사용가능,알려진 보행등 모두 유,2% 이하
7301750,2026122,1117013000,11170003,서울 용산구3,서울 용산구 이태원동(이태원365약국 부근),7,7,0,7,0,0,126.992676114671,37.534466774251,acc_row_1991,19677.35833665976,1.0,0.0,1.0,0.0,0.0,1.0,0,1,0.0,1,1,6,6,0.0,5356,49,49,1.0,12.284890104958166,25.396014936579977,1.0,사용가능,알려진 보행등 모두 유,10% 초과
7301822,2026122,1120011000,11200001,서울 성동구1,서울 성동구 금호동2가(21세기메디칼약국 부근),7,7,0,7,0,0,127.019721837149,37.553755531915,acc_row_1992,19667.172999149247,1.0,0.0,1.0,0.0,0.0,1.0,0,3,0.6666666666666666,3,2,8,14,0.0,6936,50,50,1.0,14.026579879392763,23.994066341234944,0.84,사용가능,보행등 무 포함,10% 초과
7301807,2026122,1121510700,11215001,서울 광진구1,서울 광진구 화양동(건대입구역교차로 부근),7,7,0,7,0,0,127.070328592552,37.540444154295,acc_row_1993,19674.17504503102,1.0,0.0,1.0,0.0,0.0,1.0,0,4,0.0,4,1,4,4,0.0,173,50,50,1.0,8.45437399983796,9.957999342632847,0.94,사용가능,알려진 보행등 모두 유,5~10%
7301614,2026122,1123010300,11230001,서울 동대문구1,서울 동대문구 제기동(동서시장 부근),17,17,0,17,0,0,127.041572130049,37.579255767934,acc_row_1994,19653.759022411352,1.0,0.0,1.0,0.0,0.0,1.0,0,5,0.4,5,2,11,15,0.0,420,49,49,1.0,0.7332704900262584,0.9483718827774865,0.0,사용가능,보행등 무 포함,2% 이하
7301839,2026122,1123010900,11230002,서울 동대문구2,서울 동대문구 휘경동(삼육서울병원앞교차로 부근),9,9,0,9,0,0,127.06184740793,37.589820095157,acc_row_1995,19648.231217443015,1.0,0.0,1.0,0.0,0.0,1.0,0,4,0.25,4,1,6,9,0.0,1886,49,49,1.0,1.9093999778428858,3.851026220241082,0.0,사용가능,보행등 무 포함,2% 이하
7301865,2026122,1123010300,11230003,서울 동대문구3,서울 동대문구 제기동(경동시장교차로 부근),8,8,2,6,0,0,127.039146639722,37.578388653102,acc_row_1996,19654.266058040415,1.0,0.25,0.75,0.0,0.0,1.0,1,5,0.4,5,1,11,11,0.0,375,46,46,1.0,0.3401589920643179,0.6625060028803761,0.0,사용가능,보행등 무 포함,2% 이하
7301883,2026122,1123010700,11230004,서울 동대문구4,서울 동대문구 청량리동(청량리역교차로 부근),8,8,1,7,0,0,127.045155561352,37.580766023652,acc_row_1997,19653.021819267673,1.0,0.125,0.875,0.0,0.0,1.0,1,6,0.3333333333333333,6,3,9,12,0.0,501,49,49,1.0,0.58299554424683,1.215946043108069,0.0,사용가능,보행등 무 포함,2% 이하
7301655,2026122,1123010200,11230005,서울 동대문구5,서울 동대문구 용두동(시립동부병원앞교차로 부근),8,9,0,9,0,0,127.03148960124,37.573794736001,acc_row_1998,19656.640828931286,1.125,0.0,1.0,0.0,0.0,1.0,0,4,0.25,4,1,12,15,0.0,340,48,48,1.0,0.9653844937917574,1.4583342509732087,0.0,사용가능,보행등 무 포함,2% 이하
7301903,2026122,1123010100,11230006,서울 동대문구6,서울 동대문구 신설동(동촌 부근),7,7,1,6,0,0,127.02385817338,37.573588439412,acc_row_1999,19656.802707569357,1.0,0.14285714285714285,0.8571428571428571,0.0,0.0,1.0,1,4,0.75,4,1,7,13,0.0,504,50,49,0.98,0.3885930675922307,0.5686786838785575,0.0,사용가능,보행등 무 포함,2% 이하
7301902,2026122,1123010600,11230007,서울 동대문구7,서울 동대문구 장안동(조령약국 부근),7,7,1,6,0,0,127.065869753678,37.562150007101,acc_row_2000,19662.837371281377,1.0,0.14285714285714285,0.8571428571428571,0.0,0.0,1.0,1,0,,0,0,6,10,4.923913113636261,101,46,46,1.0,0.26624947701844176,0.2919021098082275,0.0,사용가능,횡단보도 없음,2% 이하
7301656,2026122,1123010700,11230008,서울 동대문구8,서울 동대문구 청량리동(떡전교사거리 부근),7,7,1,6,0,0,127.052220075237,37.585353264783,acc_row_2001,19650.64735362028,1.0,0.14285714285714285,0.8571428571428571,0.0,0.0,1.0,1,4,0.25,4,2,8,10,0.0,3029,50,50,1.0,9.114553034604901,16.78040427859819,0.8,사용가능,보행등 무 포함,5~10%
7301930,2026122,1123010300,11230009,서울 동대문구9,서울 동대문구 제기동(서울약령시장 부근),7,7,0,7,0,0,127.037869214559,37.580494359244,acc_row_2002,19653.151844818152,1.0,0.0,1.0,0.0,0.0,1.0,0,2,0.5,2,1,3,4,0.0,450,49,49,1.0,0.08221653779920839,0.18252638946099636,0.0,사용가능,보행등 무 포함,2% 이하
7301852,2026122,1123010300,11230010,서울 동대문구10,서울 동대문구 제기동(홍파초교교차로 부근),7,7,0,7,0,0,127.037810354771,37.586470374553,acc_row_2003,19650.008169573946,1.0,0.0,1.0,0.0,0.0,1.0,0,4,0.0,4,2,7,16,0.0,665,47,47,1.0,1.1842196509402392,3.0970813765119494,0.0425531914893617,사용가능,알려진 보행등 모두 유,2% 이하
7301769,2026122,1123010800,11230011,서울 동대문구11,서울 동대문구 회기동(회기역앞교차로 부근),7,7,0,7,0,0,127.056053287729,37.589820167891,acc_row_2004,19648.23251920845,1.0,0.0,1.0,0.0,0.0,1.0,0,6,0.3333333333333333,6,1,7,10,0.0,1700,52,52,1.0,2.449901371310877,2.8353857916812126,0.0,사용가능,보행등 무 포함,2~5%
7301941,2026122,1126010100,11260001,서울 중랑구1,서울 중랑구 면목동(면목역교차로 부근),10,12,1,11,0,0,127.086781167847,37.588242526641,acc_row_2005,19649.119121181484,1.2,0.08333333333333333,0.9166666666666666,0.0,0.0,1.0,1,4,0.5,4,2,9,11,0.0,1214,50,50,1.0,3.032097243000665,6.575286337961015,0.2,사용가능,보행등 무 포함,2~5%
7301593,2026122,1126010500,11260002,서울 중랑구2,서울 중랑구 망우동(망우사거리 부근),8,9,0,9,0,0,127.100452977066,37.599817820547,acc_row_2006,19643.030983310717,1.125,0.0,1.0,0.0,0.0,1.0,0,7,0.2857142857142857,7,2,10,14,0.0,898,48,48,1.0,2.0186545149270065,3.949839459705003,0.0625,사용가능,보행등 무 포함,2~5%
7301647,2026122,1126010100,11260003,서울 중랑구3,서울 중랑구 면목동(사가정시장 부근),8,8,0,8,0,0,127.089058009697,37.581910804896,acc_row_2007,19652.445296239504,1.0,0.0,1.0,0.0,0.0,1.0,0,3,0.6666666666666666,3,2,9,12,0.0,1312,50,50,1.0,2.445676334018664,3.6536113604284703,0.0,사용가능,보행등 무 포함,2~5%
7301738,2026122,1126010500,11260004,서울 중랑구4,서울 중랑구 망우동(개술 망우점 부근),7,8,2,6,0,0,127.094428801951,37.598296532356,acc_row_2008,19643.84142554643,1.1428571428571428,0.25,0.75,0.0,0.0,1.0,1,4,1.0,4,1,10,16,0.0,1033,48,48,1.0,1.4648145367621652,3.3167204624772344,0.0,사용가능,보행등 무 포함,2% 이하
7301609,2026122,1126010100,11260005,서울 중랑구5,서울 중랑구 면목동(면목시장 부근),7,7,1,6,0,0,127.085427294447,37.57881961327,acc_row_2009,19654.12256559843,1.0,0.14285714285714285,0.8571428571428571,0.0,0.0,1.0,1,3,0.6666666666666666,3,2,6,6,0.0,1463,50,50,1.0,4.090522299499441,6.051757696491007,0.2,사용가능,보행등 무 포함,2~5%
7301882,2026122,1126010500,11260006,서울 중랑구6,서울 중랑구 망우동(신내지하차도교차로 부근),7,7,0,7,0,0,127.097956758819,37.599498379338,acc_row_2010,19643.20802085585,1.0,0.0,1.0,0.0,0.0,1.0,0,8,0.125,8,2,13,14,0.0,999,50,50,1.0,1.178982485582263,1.6741731004874176,0.0,사용가능,보행등 무 포함,2% 이하
7301646,2026122,1126010200,11260007,서울 중랑구7,서울 중랑구 상봉동(상봉삼거리 부근),7,7,0,7,0,0,127.085848811258,37.59625255292,acc_row_2011,19644.92264225876,1.0,0.0,1.0,0.0,0.0,1.0,0,4,0.0,4,2,4,9,0.0,656,49,49,1.0,2.0913885442848166,3.177863324766116,0.04081632653061224,사용가능,알려진 보행등 모두 유,2~5%
7301770,2026122,1126010200,11260008,서울 중랑구8,서울 중랑구 상봉동(인제약국 부근),7,7,0,7,0,0,127.07610149271,37.593977779353,acc_row_2012,19646.063398954906,1.0,0.0,1.0,0.0,0.0,1.0,0,2,0.0,2,1,9,10,0.0,480,48,48,1.0,0.31135798492126493,0.6449007530736408,0.0,사용가능,알려진 보행등 모두 유,2% 이하
7301732,2026122,1129013400,11290001,서울 성북구1,서울 성북구 길음동(길음역교차로 부근),10,10,0,10,0,0,127.02470025,37.604120389965,acc_row_2013,19640.750115468476,1.0,0.0,1.0,0.0,0.0,1.0,0,2,0.5,2,1,8,15,0.0,2921,48,48,1.0,3.603013739040906,5.780456794922479,0.22916666666666666,사용가능,보행등 무 포함,2~5%
7301730,2026122,1129013500,11290002,서울 성북구2,서울 성북구 종암동(종암동주민센터 부근),8,9,0,9,0,0,127.034480492666,37.599062276206,acc_row_2014,19643.38509330946,1.125,0.0,1.0,0.0,0.0,1.0,0,3,0.6666666666666666,3,1,3,3,0.0,1595,49,49,1.0,2.691742162540176,4.112886134104936,0.0,사용가능,보행등 무 포함,2~5%
7301953,2026122,1129011700,11290003,서울 성북구3,서울 성북구 동선동2가(카타리 부근),8,8,0,8,0,0,127.019957114028,37.589791946535,acc_row_2015,19648.26276305747,1.0,0.0,1.0,0.0,0.0,1.0,0,0,,0,0,4,4,31.983048260752753,2885,50,50,1.0,2.664428133582502,3.9274307629580396,0.04,사용가능,횡단보도 없음,2~5%
7301688,2026122,1130510100,11305001,서울 강북구1,서울 강북구 미아동(미아사거리역 4호선 부근),20,20,0,20,0,0,127.030288014848,37.612888751869,acc_row_2016,19636.10393141757,1.0,0.0,1.0,0.0,0.0,1.0,0,2,0.0,2,1,5,6,0.0,772,49,47,0.9591836734693877,2.6233665998691973,5.367538342308521,0.1702127659574468,사용가능,알려진 보행등 모두 유,2~5%
7301857,2026122,1130510100,11305002,서울 강북구2,서울 강북구 미아동(미아역교차로 부근),11,11,1,10,0,0,127.026176140864,37.625952300084,acc_row_2017,19629.261517211296,1.0,0.09090909090909091,0.9090909090909091,0.0,0.0,1.0,1,3,0.0,3,1,4,12,0.0,1621,48,48,1.0,2.040286245054791,3.5725177911067427,0.08333333333333333,사용가능,알려진 보행등 모두 유,2~5%
7301603,2026122,1130510200,11305003,서울 강북구3,서울 강북구 번동(수유역교차로 부근),11,11,0,11,0,0,127.025379569979,37.638054074962,acc_row_2018,19622.901375420584,1.0,0.0,1.0,0.0,0.0,1.0,0,7,0.0,7,1,7,12,0.0,518,46,46,1.0,1.5682009288894352,2.030910134155854,0.0,사용가능,알려진 보행등 모두 유,2% 이하
7301889,2026122,1130510100,11305004,서울 강북구4,서울 강북구 미아동(수유시장약국 부근),8,9,1,8,0,0,127.02451107113,37.630428181147,acc_row_2019,19626.887401119668,1.125,0.1111111111111111,0.8888888888888888,0.0,0.0,1.0,1,4,0.25,4,2,8,15,0.0,1560,51,51,1.0,3.226004047203973,4.424324572463095,0.0392156862745098,사용가능,보행등 무 포함,2~5%
7301905,2026122,1130510200,11305005,서울 강북구5,서울 강북구 번동(구립번1동어린이집 부근),8,8,0,8,0,0,127.029198172922,37.641169734207,acc_row_2020,19621.207014536718,1.0,0.0,1.0,0.0,0.0,1.0,0,5,0.4,5,1,5,6,0.0,593,50,50,1.0,0.629577400226064,1.4182810733754796,0.0,사용가능,보행등 무 포함,2% 이하
7301936,2026122,1130510100,11305006,서울 강북구6,서울 강북구 미아동(미아119안전센터 부근),7,8,1,7,0,0,127.028870246894,37.619500746438,acc_row_2021,19632.60995131545,1.1428571428571428,0.125,0.875,0.0,0.0,1.0,1,9,0.3333333333333333,9,3,12,20,0.0,1669,50,50,1.0,0.7941997011237371,1.5676626446530526,0.0,사용가능,보행등 무 포함,2% 이하
7301968,2026122,1130510100,11305007,서울 강북구7,서울 강북구 미아동(수유사거리 부근),7,7,0,7,0,0,127.023426398211,37.635525591246,acc_row_2022,19624.245384047503,1.0,0.0,1.0,0.0,0.0,1.0,0,5,0.2,5,3,17,19,0.0,509,48,48,1.0,2.1854620607856146,2.6777398608004956,0.0,사용가능,보행등 무 포함,2~5%
7301739,2026122,1135010200,11350001,서울 노원구1,서울 노원구 월계동(석계역교차로 부근),8,8,0,8,0,0,127.064843889574,37.615019246592,acc_row_2023,19634.98722283865,1.0,0.0,1.0,0.0,0.0,1.0,0,8,0.0,8,2,11,17,0.0,547,49,49,1.0,7.909137767919226,20.058117658446086,0.5102040816326531,사용가능,알려진 보행등 모두 유,5~10%
7301643,2026122,1138010700,11380001,서울 은평구1,서울 은평구 응암동(응암오거리 부근),13,14,0,14,0,0,126.917817347935,37.589918582311,acc_row_2024,19648.22935308969,1.0769230769230769,0.0,1.0,0.0,0.0,1.0,0,8,0.5,8,2,15,17,0.0,1459,47,47,1.0,2.980136663433121,5.2768020479486255,0.19148936170212766,사용가능,보행등 무 포함,2~5%
7301638,2026122,1138010400,11380002,서울 은평구2,서울 은평구 갈현동(연신내역 GTX-A 부근),13,13,0,13,0,0,126.920089260717,37.619319233402,acc_row_2025,19632.738700082973,1.0,0.0,1.0,0.0,0.0,1.0,0,2,0.5,2,1,8,11,0.0,1230,51,51,1.0,2.4365129955234144,5.197193413981446,0.11764705882352941,사용가능,보행등 무 포함,2~5%
7301938,2026122,1138010400,11380003,서울 은평구3,서울 은평구 갈현동(오은약국 부근),8,8,0,8,0,0,126.91457278842,37.612625623831,acc_row_2026,19636.292485408958,1.0,0.0,1.0,0.0,0.0,1.0,0,5,0.6,5,2,6,6,0.0,464,47,47,1.0,2.832444095641518,4.88092082511322,0.06382978723404255,사용가능,보행등 무 포함,2~5%
7301796,2026122,1138010700,11380004,서울 은평구4,서울 은평구 응암동(응암시장교차로 부근),7,7,0,7,0,0,126.917211737058,37.593781360686,acc_row_2027,19646.154895356147,1.0,0.0,1.0,0.0,0.0,1.0,0,2,0.0,2,1,5,8,0.0,1073,52,52,1.0,1.0955976760217474,2.1763876439162155,0.0,사용가능,알려진 보행등 모두 유,2% 이하
7301664,2026122,1141011100,11410001,서울 서대문구1,서울 서대문구 홍제동(홍제1동주민센터 부근),11,11,1,10,0,0,126.945343737294,37.587835934268,acc_row_2028,19649.299350722562,1.0,0.09090909090909091,0.9090909090909091,0.0,0.0,1.0,1,3,0.3333333333333333,3,1,6,6,0.0,6275,52,52,1.0,11.212999798786102,28.729814108048114,0.5384615384615384,사용가능,보행등 무 포함,10% 초과
7301914,2026122,1141011600,11410002,서울 서대문구2,서울 서대문구 창천동(신촌1번약국 부근),8,8,1,7,0,0,126.935976664431,37.555528893778,acc_row_2029,19666.30930053398,1.0,0.125,0.875,0.0,0.0,1.0,1,5,0.4,5,2,8,13,0.0,1918,49,49,1.0,2.7052058666498717,3.26813040300322,0.02040816326530612,사용가능,보행등 무 포함,2~5%
7301734,2026122,1141011100,11410003,서울 서대문구3,서울 서대문구 홍제동(꽃동산놀이방 부근),7,7,1,6,0,0,126.946695089389,37.592446093259,acc_row_2030,19646.849743251198,1.0,0.14285714285714285,0.8571428571428571,0.0,0.0,1.0,1,1,0.0,1,1,7,12,0.0,4519,48,48,1.0,3.2908146700237406,7.222644580362385,0.125,사용가능,알려진 보행등 모두 유,2~5%
7301942,2026122,1141011100,11410004,서울 서대문구4,서울 서대문구 홍제동(서울약국 부근),7,7,1,6,0,0,126.942569936174,37.589677590724,acc_row_2031,19648.36362027307,1.0,0.14285714285714285,0.8571428571428571,0.0,0.0,1.0,1,3,0.6666666666666666,3,1,3,3,0.0,5821,50,50,1.0,6.750208751443197,13.320125840304538,0.38,사용가능,보행등 무 포함,5~10%
7301829,2026122,1144010400,11440001,서울 마포구1,서울 마포구 도화동(포도약국 부근),10,10,1,9,0,0,126.946941977883,37.540053035922,acc_row_2032,19674.389571097017,1.0,0.1,0.9,0.0,0.0,1.0,1,1,0.0,1,1,2,3,0.0,1640,50,50,1.0,1.980227071641535,1.926252143241046,0.04,사용가능,알려진 보행등 모두 유,2% 이하
7301590,2026122,1144012000,11440002,서울 마포구2,서울 마포구 서교동(홍대참신한약국 부근),7,8,0,8,0,0,126.921980413014,37.550487264079,acc_row_2033,19668.940060747667,1.1428571428571428,0.0,1.0,0.0,0.0,1.0,0,1,1.0,1,1,9,14,0.0,1423,49,49,1.0,3.430515384255992,3.867582256756165,0.02040816326530612,사용가능,보행등 무 포함,2~5%
7301767,2026122,1144012100,11440003,서울 마포구3,서울 마포구 동교동(홍대입구역 2호선 부근),7,7,0,7,0,0,126.924006781729,37.557117557466,acc_row_2034,19665.426554691596,1.0,0.0,1.0,0.0,0.0,1.0,0,5,0.2,5,2,5,7,0.0,567,48,48,1.0,1.747782601692973,3.1517905440946703,0.0,사용가능,보행등 무 포함,2% 이하
7301869,2026122,1147010200,11470001,서울 양천구1,서울 양천구 목동(약초원한약국 부근),12,12,0,12,0,0,126.867297385789,37.548767490999,acc_row_2035,19669.886280281877,1.0,0.0,1.0,0.0,0.0,1.0,0,3,1.0,3,1,10,13,0.0,1236,48,48,1.0,4.955608068000957,10.258630251468425,0.5416666666666666,사용가능,보행등 무 포함,2~5%
7301619,2026122,1147010200,11470002,서울 양천구2,서울 양천구 목동(목2동주민센터 부근),9,9,0,9,0,0,126.871362876515,37.546887145326,acc_row_2036,19670.930641808376,1.0,0.0,1.0,0.0,0.0,1.0,0,4,1.0,4,1,6,9,0.0,1415,52,52,1.0,0.3632379565104785,0.9682520642430155,0.019230769230769232,사용가능,보행등 무 포함,2% 이하
7301625,2026122,1147010300,11470003,서울 양천구3,서울 양천구 신월동(신월사거리 부근),7,7,1,6,0,0,126.828270843973,37.535403076215,acc_row_2037,19676.96588576346,1.0,0.14285714285714285,0.8571428571428571,0.0,0.0,1.0,1,3,0.3333333333333333,3,1,5,10,0.0,1631,47,47,1.0,3.1707844684594284,4.200817849234652,0.0,사용가능,보행등 무 포함,2~5%
7301624,2026122,1147010200,11470004,서울 양천구4,서울 양천구 목동(땡초곱도리탕 부근),7,7,0,7,0,0,126.864735484999,37.534388138101,acc_row_2038,19677.49608551922,1.0,0.0,1.0,0.0,0.0,1.0,0,0,,0,0,2,3,21.580738038331273,2133,50,50,1.0,13.601811313273467,29.289212782602352,0.66,사용가능,횡단보도 없음,10% 초과
7301876,2026122,1147010300,11470005,서울 양천구5,서울 양천구 신월동(신정네거리역교차로 부근),7,7,0,7,0,0,126.852760082844,37.521492341765,acc_row_2039,19684.214304924855,1.0,0.0,1.0,0.0,0.0,1.0,0,5,0.2,5,1,6,10,0.0,2726,51,51,1.0,2.9470879431372774,6.598594041855139,0.21568627450980393,사용가능,보행등 무 포함,2~5%
7301928,2026122,1147010100,11470006,서울 양천구6,서울 양천구 신정동(목동제일큰약국 부근),7,7,0,7,0,0,126.862497926349,37.525689664911,acc_row_2040,19682.01416789659,1.0,0.0,1.0,0.0,0.0,1.0,0,0,,0,0,6,10,4.732329267195097,184,49,49,1.0,0.29053082671730646,0.3465039392682021,0.0,사용가능,횡단보도 없음,2% 이하
7301917,2026122,1147010100,11470007,서울 양천구7,서울 양천구 신정동(양강중교앞교차로 부근),7,7,0,7,0,0,126.851072018058,37.524666561,acc_row_2041,19682.54744909331,1.0,0.0,1.0,0.0,0.0,1.0,0,8,0.375,8,2,11,11,0.0,3496,49,49,1.0,6.697230416157151,9.237032919590119,0.7346938775510204,사용가능,보행등 무 포함,5~10%
7301632,2026122,1150010300,11500001,서울 강서구1,서울 강서구 화곡동(화곡역교차로 부근),11,11,0,11,0,0,126.840983552186,37.541096191954,acc_row_2042,19673.981880824544,1.0,0.0,1.0,0.0,0.0,1.0,0,2,0.0,2,1,9,10,0.0,1237,51,51,1.0,6.546646306458203,8.278600998965757,0.8823529411764706,사용가능,알려진 보행등 모두 유,5~10%
7301709,2026122,1150010200,11500002,서울 강서구2,서울 강서구 등촌동(가양역교차로 부근),9,10,0,10,0,0,126.854804992459,37.560635446673,acc_row_2043,19663.65431515911,1.1111111111111112,0.0,1.0,0.0,0.0,1.0,0,1,0.0,1,1,6,10,0.0,299,50,50,1.0,0.727770965784773,1.2116915090459244,0.0,사용가능,알려진 보행등 모두 유,2% 이하
7301700,2026122,1150010200,11500003,서울 강서구3,서울 강서구 등촌동(또오랑 부근),8,8,0,8,0,0,126.862941034077,37.54723608385,acc_row_2044,19670.706571672352,1.0,0.0,1.0,0.0,0.0,1.0,0,3,0.6666666666666666,3,1,6,8,0.0,1194,52,52,1.0,2.7596861414810396,3.1656063341923257,0.0,사용가능,보행등 무 포함,2~5%
7301589,2026122,1150010300,11500004,서울 강서구4,서울 강서구 화곡동(까치산메가약국 부근),7,7,1,6,0,0,126.84717416285,37.534616759,acc_row_2045,19677.35074836911,1.0,0.14285714285714285,0.8571428571428571,0.0,0.0,1.0,1,4,1.0,4,1,5,8,0.0,2571,52,52,1.0,4.883937892514968,8.868489244600227,0.2692307692307692,사용가능,보행등 무 포함,2~5%
7301775,2026122,1150010300,11500005,서울 강서구5,서울 강서구 화곡동(신영유치원 부근),7,7,1,6,0,0,126.84962990624,37.530750012415,acc_row_2046,19679.385379500098,1.0,0.14285714285714285,0.8571428571428571,0.0,0.0,1.0,1,3,0.6666666666666666,3,1,4,10,0.0,1183,50,50,1.0,5.253775006187099,8.693054344906827,0.54,사용가능,보행등 무 포함,5~10%
7301633,2026122,1150010300,11500006,서울 강서구6,서울 강서구 화곡동(우장공원입구교차로 부근),7,8,0,8,0,0,126.85134509197,37.553554466016,acc_row_2047,19667.375140685228,1.1428571428571428,0.0,1.0,0.0,0.0,1.0,0,12,0.3333333333333333,12,4,12,15,0.0,1382,49,49,1.0,0.5128145121899861,0.6647043508124183,0.0,사용가능,보행등 무 포함,2% 이하
7301939,2026122,1150010300,11500007,서울 강서구7,서울 강서구 화곡동(전주뼈해장국감자탕 부근),7,7,0,7,0,0,126.848177310454,37.529124255992,acc_row_2048,19680.240281431088,1.0,0.0,1.0,0.0,0.0,1.0,0,4,1.0,4,1,11,12,0.0,1190,46,46,1.0,4.364822084249601,6.353528068801218,0.5652173913043478,사용가능,보행등 무 포함,2~5%
7301756,2026122,1153010700,11530001,서울 구로구1,서울 구로구 개봉동(정제약국 부근),7,7,0,7,0,0,126.855319888827,37.491626564605,acc_row_2049,19699.956277057863,1.0,0.0,1.0,0.0,0.0,1.0,0,3,0.6666666666666666,3,1,3,8,0.0,1427,48,48,1.0,0.8601175662533417,2.684304891897887,0.0,사용가능,보행등 무 포함,2% 이하
7301985,2026122,1153010600,11530002,서울 구로구2,서울 구로구 고척동(고척2파출소앞교차로 부근),7,7,0,7,0,0,126.859912626439,37.506861854482,acc_row_2050,19691.91342855406,1.0,0.0,1.0,0.0,0.0,1.0,0,5,0.2,5,1,9,13,0.0,1736,50,50,1.0,1.7216754829757468,2.1314186035847813,0.0,사용가능,보행등 무 포함,2% 이하
7301703,2026122,1153010200,11530003,서울 구로구3,서울 구로구 구로동(고대구로병원교차로 부근),7,7,0,7,0,0,126.883717856651,37.492427095677,acc_row_2051,19699.515863928576,1.0,0.0,1.0,0.0,0.0,1.0,0,2,0.5,2,1,11,17,0.0,962,50,41,0.82,3.4527766208471626,6.632626309754505,0.14634146341463414,사용가능,보행등 무 포함,2~5%
7301884,2026122,1154510200,11545001,서울 금천구1,서울 금천구 독산동(명수약국 부근),8,8,0,8,0,0,126.898943321055,37.473408248353,acc_row_2052,19709.426110160482,1.0,0.0,1.0,0.0,0.0,1.0,0,1,0.0,1,1,2,2,0.0,1575,48,48,1.0,2.7612822661903724,4.843622244766052,0.08333333333333333,사용가능,알려진 보행등 모두 유,2~5%
7301793,2026122,1154510300,11545002,서울 금천구2,서울 금천구 시흥동(시흥사거리 부근),8,8,0,8,0,0,126.900627052314,37.454767354157,acc_row_2053,19719.228467383764,1.0,0.0,1.0,0.0,0.0,1.0,0,5,0.2,5,3,6,7,0.0,1353,50,50,1.0,2.2740707937336664,4.848027918744782,0.06,사용가능,보행등 무 포함,2~5%
7301654,2026122,1154510200,11545003,서울 금천구3,서울 금천구 독산동(시흥4동교차로 부근),7,7,1,6,0,0,126.904541812498,37.462716992038,acc_row_2054,19715.097456614883,1.0,0.14285714285714285,0.8571428571428571,0.0,0.0,1.0,1,6,0.5,6,2,6,7,0.0,3144,52,52,1.0,10.304915514523774,15.052521130804745,0.9038461538461539,사용가능,보행등 무 포함,10% 초과
7301649,2026122,1154510200,11545004,서울 금천구4,서울 금천구 독산동(독산3동주민센터 부근),7,7,0,7,0,0,126.903372495083,37.474353895411,acc_row_2055,19708.99931972992,1.0,0.0,1.0,0.0,0.0,1.0,0,3,0.6666666666666666,3,1,6,6,0.0,3715,50,50,1.0,6.575526559502094,12.996825885348889,0.6,사용가능,보행등 무 포함,5~10%
7301613,2026122,1156010500,11560001,서울 영등포구1,서울 영등포구 영등포동4가(영등포역교차로 부근),12,12,0,12,0,0,126.906146979541,37.516364741093,acc_row_2056,19686.90424288285,1.0,0.0,1.0,0.0,0.0,1.0,0,8,0.375,8,2,8,8,0.0,686,47,40,0.851063829787234,5.581400498788,14.422218323306588,0.325,사용가능,보행등 무 포함,5~10%
7301761,2026122,1156010300,11560002,서울 영등포구2,서울 영등포구 영등포동2가(영등포전통시장 부근),7,7,0,7,0,0,126.907586057259,37.519145673651,acc_row_2057,19685.413444915474,1.0,0.0,1.0,0.0,0.0,1.0,0,0,,0,0,0,2,87.62389349598294,313,52,52,1.0,0.7236890589453407,1.1713225895309114,0.0,사용가능,횡단보도 없음,2% 이하
7301661,2026122,1159010200,11590001,서울 동작구1,서울 동작구 상도동(상도3동주민센터 부근),15,15,0,15,0,0,126.931980104977,37.499718487376,acc_row_2058,19695.605346750777,1.0,0.0,1.0,0.0,0.0,1.0,0,0,,0,0,2,5,21.945107480968193,4399,50,50,1.0,2.6023783741691506,8.353160228249992,0.18,사용가능,횡단보도 없음,2~5%
7301719,2026122,1159010700,11590002,서울 동작구2,서울 동작구 사당동(남성사계시장 부근),14,14,1,13,0,0,126.9813342109,37.488220926481,acc_row_2059,19701.604032146646,1.0,0.07142857142857142,0.9285714285714286,0.0,0.0,1.0,1,1,0.0,1,1,4,4,0.0,3111,52,40,0.7692307692307693,,,,격자충족부족,알려진 보행등 모두 유,
7301660,2026122,1159010100,11590003,서울 동작구3,서울 동작구 노량진동(서울동작경찰서 부근),11,11,0,11,0,0,126.943514577258,37.513003248903,acc_row_2060,19688.611722249774,1.0,0.0,1.0,0.0,0.0,1.0,0,0,,0,0,5,8,33.34698581618199,2436,51,51,1.0,5.020318605246566,12.102354150926072,0.35294117647058826,사용가능,횡단보도 없음,5~10%
7301611,2026122,1159010500,11590004,서울 동작구4,서울 동작구 흑석동(신세명약국 부근),11,11,0,11,0,0,126.962159523774,37.507628990886,acc_row_2061,19691.509894237184,1.0,0.0,1.0,0.0,0.0,1.0,0,3,0.0,3,1,11,18,0.0,3104,50,39,0.78,,,,격자충족부족,알려진 보행등 모두 유,
7301921,2026122,1159010800,11590005,서울 동작구5,서울 동작구 대방동(신대방삼거리역교차로 부근),10,10,0,10,0,0,126.928797597289,37.499021738862,acc_row_2062,19696.010274367312,1.0,0.0,1.0,0.0,0.0,1.0,0,2,1.0,2,1,7,11,0.0,3461,49,49,1.0,1.067567712855751,1.531274873930867,0.0,사용가능,보행등 무 포함,2% 이하
7301847,2026122,1159010800,11590006,서울 동작구6,서울 동작구 대방동(서울지방병무청역 신림선 부근),7,7,1,6,0,0,126.923173430478,37.505835689639,acc_row_2063,19692.38332942247,1.0,0.14285714285714285,0.8571428571428571,0.0,0.0,1.0,1,2,0.5,2,1,7,9,0.0,1826,52,52,1.0,5.450658654212003,8.330047150319299,0.5,사용가능,보행등 무 포함,5~10%
7301867,2026122,1159010200,11590007,서울 동작구7,서울 동작구 상도동(수라청 부근),7,7,0,7,0,0,126.947035228481,37.505865186026,acc_row_2064,19692.33988104669,1.0,0.0,1.0,0.0,0.0,1.0,0,1,1.0,1,1,7,10,0.0,2939,49,49,1.0,9.788293670707207,17.006690777741277,0.6938775510204082,사용가능,보행등 무 포함,5~10%
7301782,2026122,1159010200,11590008,서울 동작구8,서울 동작구 상도동(장승배기교차로 부근),7,7,0,7,0,0,126.939749693628,37.505189142933,acc_row_2065,19692.76944535611,1.0,0.0,1.0,0.0,0.0,1.0,0,6,0.3333333333333333,6,1,10,21,0.0,5003,49,49,1.0,5.7516080288606535,12.428244162684035,0.24489795918367346,사용가능,보행등 무 포함,5~10%
7301762,2026122,1162010200,11620001,서울 관악구1,서울 관악구 신림동(중앙온누리약국 부근),12,12,1,11,0,0,126.902764006052,37.484349622799,acc_row_2066,19703.746403009103,1.0,0.08333333333333333,0.9166666666666666,0.0,0.0,1.0,1,6,0.16666666666666666,6,2,11,16,0.0,1086,48,48,1.0,2.710290779909992,9.64009255723045,0.20833333333333334,사용가능,보행등 무 포함,2~5%
7301699,2026122,1162010100,11620002,서울 관악구2,서울 관악구 봉천동(은천삼거리 부근),8,8,1,7,0,0,126.956572420751,37.485826278835,acc_row_2067,19702.86649266801,1.0,0.125,0.875,0.0,0.0,1.0,1,3,0.3333333333333333,3,1,7,13,0.0,4522,48,48,1.0,7.108040895325504,11.865872870751092,0.6875,사용가능,보행등 무 포함,5~10%
7301591,2026122,1162010200,11620003,서울 관악구3,서울 관악구 신림동(봉림교 부근),8,8,1,7,0,0,126.925966257162,37.484322114609,acc_row_2068,19703.677632157505,1.0,0.125,0.875,0.0,0.0,1.0,1,5,0.4,5,2,8,8,0.0,972,48,48,1.0,2.883026467222763,4.9776031725386165,0.10416666666666667,사용가능,보행등 무 포함,2~5%
7301952,2026122,1162010200,11620004,서울 관악구4,서울 관악구 신림동(구로전화국교차로 부근),8,8,0,8,0,0,126.903019485941,37.479961307453,acc_row_2069,19706.01197358931,1.0,0.0,1.0,0.0,0.0,1.0,0,6,0.5,6,2,9,9,0.0,2061,47,47,1.0,3.793462076335096,9.698912921424162,0.3191489361702128,사용가능,보행등 무 포함,2~5%
7301854,2026122,1162010200,11620005,서울 관악구5,서울 관악구 신림동(당곡사거리 부근),8,8,0,8,0,0,126.927971925747,37.489852380371,acc_row_2070,19700.771538519857,1.0,0.0,1.0,0.0,0.0,1.0,0,6,0.0,6,1,6,6,0.0,2605,50,50,1.0,1.8679561980669366,3.810715492959867,0.02,사용가능,알려진 보행등 모두 유,2% 이하
7301666,2026122,1165010800,11650001,서울 서초구1,서울 서초구 서초동(굿약국 부근),13,13,0,13,0,0,127.026749139255,37.499566721472,acc_row_2071,19695.680540442063,1.0,0.0,1.0,0.0,0.0,1.0,0,3,0.0,3,2,3,4,0.0,1140,50,50,1.0,2.8252232512814675,5.226552768964796,0.14,사용가능,알려진 보행등 모두 유,2~5%
7301636,2026122,1165010200,11650002,서울 서초구2,서울 서초구 양재동(엔스온누리약국 부근),8,8,1,7,0,0,127.036165769906,37.482546535185,acc_row_2072,19704.62793572573,1.0,0.125,0.875,0.0,0.0,1.0,1,5,0.4,5,2,5,5,0.0,3391,47,47,1.0,4.404207902211938,7.689467372535525,0.5106382978723404,사용가능,보행등 무 포함,2~5%
7301722,2026122,1168010600,11680001,서울 강남구1,서울 강남구 대치동(테헤란건강약국 부근),12,13,0,13,0,0,127.05119608834,37.503466753912,acc_row_2073,19693.63590187565,1.0833333333333333,0.0,1.0,0.0,0.0,1.0,0,0,,0,0,1,3,38.844501846956284,814,49,49,1.0,4.430587200533775,6.112937351229756,0.5918367346938775,사용가능,횡단보도 없음,2~5%
7301916,2026122,1168010800,11680002,서울 강남구2,서울 강남구 논현동(서울세관사거리 부근),8,10,1,9,0,0,127.035571269922,37.515883037791,acc_row_2074,19687.143894056633,1.25,0.1,0.9,0.0,0.0,1.0,1,5,0.2,5,1,5,5,0.0,1600,49,49,1.0,4.91169806997004,8.447717299725754,0.5510204081632653,사용가능,보행등 무 포함,2~5%
7301783,2026122,1168010800,11680003,서울 강남구3,서울 강남구 논현동(신사역교차로 부근),8,8,1,7,0,0,127.019564319287,37.516551544089,acc_row_2075,19686.76351045385,1.0,0.125,0.875,0.0,0.0,1.0,1,6,0.3333333333333333,6,1,9,9,0.0,2184,50,50,1.0,3.4448487574678537,4.479351110959359,0.02,사용가능,보행등 무 포함,2~5%
7301634,2026122,1168010800,11680004,서울 강남구4,서울 강남구 논현동(블루밍약국 부근),8,9,0,9,0,0,127.024367361864,37.505939479475,acc_row_2076,19692.36316442044,1.125,0.0,1.0,0.0,0.0,1.0,0,0,,0,0,3,7,28.543314707575497,1262,49,49,1.0,3.374816703972148,5.617084365269244,0.12244897959183673,사용가능,횡단보도 없음,2~5%
7301605,2026122,1168010600,11680005,서울 강남구5,서울 강남구 대치동(메디칼청실약국 부근),8,8,0,8,0,0,127.059209345696,37.492797191863,acc_row_2077,19699.268662353505,1.0,0.0,1.0,0.0,0.0,1.0,0,5,0.8,5,2,7,8,0.0,416,48,48,1.0,0.6827705670190042,0.7472336208022626,0.0,사용가능,보행등 무 포함,2% 이하
7301962,2026122,1168010600,11680006,서울 강남구6,서울 강남구 대치동(소모 쎈트럴주유소 부근),7,7,0,7,0,0,127.059456626941,37.502169663323,acc_row_2078,19694.285931494564,1.0,0.0,1.0,0.0,0.0,1.0,0,3,0.6666666666666666,3,1,4,8,0.0,1455,47,47,1.0,4.3394662502469945,5.51596319499119,0.44680851063829785,사용가능,보행등 무 포함,2~5%
7301665,2026122,1168010100,11680007,서울 강남구7,서울 강남구 역삼동(역삼센터약국 부근),7,7,0,7,0,0,127.041637335105,37.502392627656,acc_row_2079,19694.225955892034,1.0,0.0,1.0,0.0,0.0,1.0,0,0,,0,0,4,9,7.942007313223679,1145,49,49,1.0,5.742651598602313,9.62528281330137,0.5918367346938775,사용가능,횡단보도 없음,5~10%
7301827,2026122,1168010100,11680008,서울 강남구8,서울 강남구 역삼동(우리누리어린이집 부근),7,7,0,7,0,0,127.029724056203,37.498346012989,acc_row_2080,19696.34271209134,1.0,0.0,1.0,0.0,0.0,1.0,0,0,,0,0,0,6,59.50973941221033,1059,49,49,1.0,3.862842369801118,6.190333840211694,0.4489795918367347,사용가능,횡단보도 없음,2~5%
7301617,2026122,1171010100,11710001,서울 송파구1,서울 송파구 잠실동(헬로팜약국 부근),10,11,0,11,0,0,127.082971153292,37.510771365922,acc_row_2081,19689.808098953286,1.1,0.0,1.0,0.0,0.0,1.0,0,0,,0,0,1,2,29.129477464279425,328,49,49,1.0,0.6645873764804563,1.1833939714648118,0.0,사용가능,횡단보도 없음,2% 이하
7301725,2026122,1171011300,11710002,서울 송파구2,서울 송파구 거여동(거여역교차로 부근),8,8,2,6,0,0,127.144619690482,37.493296908168,acc_row_2082,19699.02818521883,1.0,0.25,0.75,0.0,0.0,1.0,1,6,0.16666666666666666,6,1,10,12,0.0,1362,49,49,1.0,3.03490276119515,4.493735484983538,0.061224489795918366,사용가능,보행등 무 포함,2~5%
7301849,2026122,1171010700,11710003,서울 송파구3,서울 송파구 가락동(참좋은약국 부근),8,9,0,9,0,0,127.119318097427,37.493461775071,acc_row_2083,19698.948237871835,1.125,0.0,1.0,0.0,0.0,1.0,0,1,0.0,1,1,6,7,0.0,379,48,48,1.0,2.028698396782627,6.273302139812634,0.16666666666666666,사용가능,알려진 보행등 모두 유,2~5%
7301813,2026122,1171010700,11710004,서울 송파구4,서울 송파구 가락동(가락약국 부근),8,8,0,8,0,0,127.11721838512,37.494816047498,acc_row_2084,19698.238759477656,1.0,0.0,1.0,0.0,0.0,1.0,0,5,0.4,5,2,5,5,0.0,377,50,50,1.0,3.758249789558917,6.412654859705007,0.26,사용가능,보행등 무 포함,2~5%
7301726,2026122,1171011100,11710005,서울 송파구5,서울 송파구 방이동(친절한약국 부근),8,8,0,8,0,0,127.109828559747,37.515560426286,acc_row_2085,19687.335347071916,1.0,0.0,1.0,0.0,0.0,1.0,0,0,,0,0,1,3,48.625295554718875,87,52,52,1.0,0.0902743877210931,0.1020795972058729,0.0,사용가능,횡단보도 없음,2% 이하
7301958,2026122,1171010200,11710006,서울 송파구6,서울 송파구 신천동(잠실역사거리 부근),8,8,0,8,0,0,127.100427243501,37.51345916797,acc_row_2086,19688.406770992555,1.0,0.0,1.0,0.0,0.0,1.0,0,9,0.3333333333333333,9,1,10,10,0.0,166,47,47,1.0,0.49481825323034584,0.8260552881312744,0.0,사용가능,보행등 무 포함,2% 이하
7301677,2026122,1171011400,11710007,서울 송파구7,서울 송파구 마천동(마천사거리 부근),7,7,1,6,0,0,127.14703824885,37.498478301288,acc_row_2087,19696.284715666876,1.0,0.14285714285714285,0.8571428571428571,0.0,0.0,1.0,1,8,0.375,8,2,12,16,0.0,1154,46,46,1.0,1.6446841438384912,3.628987165206958,0.0,사용가능,보행등 무 포함,2% 이하
7301947,2026122,1171011100,11710008,서울 송파구8,서울 송파구 방이동(방이역사거리 부근),7,7,1,6,0,0,127.1265242137,37.509245661258,acc_row_2088,19690.60467894897,1.0,0.14285714285714285,0.8571428571428571,0.0,0.0,1.0,1,5,0.2,5,1,5,6,0.0,469,50,48,0.96,3.6614220862297615,8.85555796647145,0.20833333333333334,사용가능,보행등 무 포함,2~5%
7301890,2026122,1171010500,11710009,서울 송파구9,서울 송파구 석촌동(대성석유 석촌주유소 부근),7,7,1,6,0,0,127.098908357245,37.502304089048,acc_row_2089,19694.290645763118,1.0,0.14285714285714285,0.8571428571428571,0.0,0.0,1.0,1,3,0.6666666666666666,3,1,3,5,0.0,272,48,48,1.0,0.5868017968747293,0.9216651614072728,0.0,사용가능,보행등 무 포함,2% 이하
7301753,2026122,1171010500,11710010,서울 송파구10,서울 송파구 석촌동(석촌미소약국 부근),7,7,1,6,0,0,127.106165454022,37.506579967423,acc_row_2090,19692.03479396128,1.0,0.14285714285714285,0.8571428571428571,0.0,0.0,1.0,1,0,,0,0,4,10,12.592050311040765,312,50,50,1.0,0.3178810774191651,0.5077927785315325,0.0,사용가능,횡단보도 없음,2% 이하
7301582,2026122,1171010100,11710011,서울 송파구11,서울 송파구 잠실동(잠실새내역교차로 부근),7,7,0,7,0,0,127.085179907327,37.511374040275,acc_row_2091,19689.494724901022,1.0,0.0,1.0,0.0,0.0,1.0,0,2,0.0,2,1,4,4,0.0,464,49,49,1.0,0.5368676265718273,1.255173133307418,0.0,사용가능,알려진 보행등 모두 유,2% 이하
7301972,2026122,1174010500,11740001,서울 강동구1,서울 강동구 길동(길동119안전센터 부근),8,13,0,13,0,0,127.143433358938,37.540439264004,acc_row_2092,19674.221004396753,1.625,0.0,1.0,0.0,0.0,1.0,0,0,,0,0,2,3,4.340693468977989,315,49,49,1.0,1.9239305551639847,2.2932663806352225,0.0,사용가능,횡단보도 없음,2% 이하
7301991,2026122,1174010800,11740002,서울 강동구2,서울 강동구 천호동(강동역 5호선 부근),7,7,1,6,0,0,127.132559611947,37.535634771773,acc_row_2093,19676.79528595058,1.0,0.14285714285714285,0.8571428571428571,0.0,0.0,1.0,1,5,0.6,5,1,7,13,0.0,962,48,48,1.0,3.6767953304975194,5.925688668561295,0.4583333333333333,사용가능,보행등 무 포함,2~5%
7301718,2026122,1174010900,11740003,서울 강동구3,서울 강동구 천호동(천호초교입구교차로 부근),7,7,1,6,0,0,127.133791903618,37.54689112104,acc_row_2094,19670.88643875185,1.0,0.14285714285714285,0.8571428571428571,0.0,0.0,1.0,1,1,0.0,1,1,4,4,0.0,1486,49,49,1.0,4.107815794590014,7.2811603833236695,0.46938775510204084,사용가능,알려진 보행등 모두 유,2~5%
7301906,2026122,1174010100,11740004,서울 강동구4,서울 강동구 명일동(굽은다리역교차로 부근),7,7,0,7,0,0,127.14392590814,37.546358149139,acc_row_2095,19671.130935439967,1.0,0.0,1.0,0.0,0.0,1.0,0,3,0.0,3,1,8,13,0.0,528,48,48,1.0,1.3675059824845892,3.1441895799776907,0.0,사용가능,알려진 보행등 모두 유,2% 이하
7301810,2026122,1174010100,11740005,서울 강동구5,서울 강동구 명일동(명일역교차로 부근),7,7,0,7,0,0,127.144032338142,37.549989333253,acc_row_2096,19669.3090620681,1.0,0.0,1.0,0.0,0.0,1.0,0,2,0.5,2,1,5,9,0.0,1026,49,49,1.0,2.5274068391013906,5.346999275454116,0.12244897959183673,사용가능,보행등 무 포함,2~5%
7301870,2026122,1174010700,11740006,서울 강동구6,서울 강동구 암사동(암사종합시장 부근),7,7,0,7,0,0,127.128852635093,37.55041107014,acc_row_2097,19669.00885174891,1.0,0.0,1.0,0.0,0.0,1.0,0,1,1.0,1,1,8,15,0.0,351,49,46,0.9387755102040817,1.4975786267046303,2.6085101182083132,0.0,사용가능,보행등 무 포함,2% 이하
7301686,2026122,1174010900,11740007,서울 강동구7,서울 강동구 천호동(대한약국 부근),7,7,0,7,0,0,127.12659752563,37.537773296156,acc_row_2098,19675.676469368533,1.0,0.0,1.0,0.0,0.0,1.0,0,6,0.3333333333333333,6,1,6,6,0.0,513,49,49,1.0,1.3057780666213004,2.476165585850432,0.02040816326530612,사용가능,보행등 무 포함,2% 이하
