univ_id,univ_name,old_count,kakao_id,place_name,category_name,lat,lon,campus_distance_m,nearest_old_gate_m,place_url,address_name,status,queries
17384594,KAIST 서울캠퍼스,1,20576850,마장축산물시장서문 공영주차장,"교통,수송 > 교통시설 > 주차장 > 공영주차장",37.5704040774208,127.03831004887,2584.4,2355.4,http://place.map.kakao.com/20576850,서울 성동구 마장동 522-1,candidate_unverified,KAIST 서울캠퍼스 서문 | KAIST 서문 | 카이스트 서울캠퍼스 서문 | 한국과학기술원 서울캠퍼스 서문 | 고등과학원 서문
17384594,KAIST 서울캠퍼스,1,414874702,마장축산물시장서문 공영주차장 입구,"교통,수송 > 입출구",37.5706446434896,127.038309040125,2558.8,2328.9,http://place.map.kakao.com/414874702,서울 성동구 마장동 522-1,candidate_unverified,KAIST 서울캠퍼스 서문 | KAIST 서문 | 카이스트 서울캠퍼스 서문 | 한국과학기술원 서울캠퍼스 서문 | 고등과학원 서문
17384594,KAIST 서울캠퍼스,1,1955995835,쏘카존 마장축산물시장 서문 공영주차장,"교통,수송 > 교통시설 > 카셰어링 > 쏘카존",37.57048155638996,127.03833046385209,2575.6,2346.6,http://place.map.kakao.com/1955995835,서울 성동구 마장동 522-1,candidate_unverified,KAIST 서울캠퍼스 서문 | KAIST 서문 | 카이스트 서울캠퍼스 서문 | 한국과학기술원 서울캠퍼스 서문 | 고등과학원 서문
17384594,KAIST 서울캠퍼스,1,1113195942,마장축산물시장 서문 공영주차장 전기차충전소,"교통,수송 > 자동차 > 전기차 충전소",37.5704698541006,127.038297630992,2577.7,2348.3,http://place.map.kakao.com/1113195942,서울 성동구 마장동 522-1,candidate_unverified,KAIST 서울캠퍼스 서문 | KAIST 서문 | 카이스트 서울캠퍼스 서문 | 한국과학기술원 서울캠퍼스 서문 | 고등과학원 서문
17384594,KAIST 서울캠퍼스,1,1776230822,성동구 마장축산물시장 서문 공영주차장 전기차충전소,"교통,수송 > 자동차 > 전기차 충전소",37.5704229751497,127.038381372034,2580.6,2352.5,http://place.map.kakao.com/1776230822,서울 성동구 마장동 522-1,candidate_unverified,KAIST 서울캠퍼스 서문 | KAIST 서문 | 카이스트 서울캠퍼스 서문 | 한국과학기술원 서울캠퍼스 서문 | 고등과학원 서문
17384594,KAIST 서울캠퍼스,1,51411800,마장축산물시장 서문 공영주차장 1 전기차충전소,"교통,수송 > 자동차 > 전기차 충전소",37.570410377767125,127.03833042737465,2583.2,2354.5,http://place.map.kakao.com/51411800,서울 성동구 마장동 522-1,candidate_unverified,KAIST 서울캠퍼스 서문 | KAIST 서문 | 카이스트 서울캠퍼스 서문 | 한국과학기술원 서울캠퍼스 서문 | 고등과학원 서문
17384594,KAIST 서울캠퍼스,1,193241218,경희대학교 남문,"교통,수송 > 입출구",37.5945543473825,127.056208639286,863.8,1311.0,http://place.map.kakao.com/193241218,서울 동대문구 회기동 1-5,candidate_unverified,KAIST 서울캠퍼스 남문 | KAIST 서울캠퍼스 출입구 | KAIST 남문 | KAIST 출입구 | 카이스트 서울캠퍼스 남문 | 카이스트 서울캠퍼스 출입구 | 한국과학기술원 서울캠퍼스 남문 | 한국과학기술원 서울캠퍼스 출입구 | 고등과학원 남문 | 고등과학원 출입구
17384594,KAIST 서울캠퍼스,1,1921733296,KAIST 서울캠퍼스 중문,"교통,수송 > 입출구",37.5913978228737,127.041871630289,448.2,0.0,http://place.map.kakao.com/1921733296,서울 동대문구 청량리동 산 5-8,candidate_unverified,KAIST 서울캠퍼스 중문 | KAIST 서울캠퍼스 출입구 | KAIST 서울캠퍼스 입구 | KAIST 후문 | KAIST 중문 | KAIST 출입구 | KAIST 입구 | 카이스트 서울캠퍼스 중문 | 카이스트 서울캠퍼스 출입구 | 카이스트 서울캠퍼스 입구 | 한국과학기술원 서울캠퍼스 중문 | 한국과학기술원 서울캠퍼스 출입구 | 한국과학기술원 서울캠퍼스 입구 | 고등과학원 출입구
17384594,KAIST 서울캠퍼스,1,26397117,경희대학교 정문,"교통,수송 > 입출구",37.5938315697917,127.052697920723,544.2,991.5,http://place.map.kakao.com/26397117,서울 동대문구 회기동 36-17,candidate_unverified,KAIST 서울캠퍼스 출입구 | KAIST 출입구 | 카이스트 서울캠퍼스 출입구 | 한국과학기술원 서울캠퍼스 출입구 | 고등과학원 출입구
17384594,KAIST 서울캠퍼스,1,186594796,경희대학교 후문,"교통,수송 > 입출구",37.5981142355862,127.05412773906,891.3,1312.9,http://place.map.kakao.com/186594796,서울 동대문구 회기동 1-5,candidate_unverified,KAIST 서울캠퍼스 출입구 | KAIST 출입구 | 카이스트 서울캠퍼스 출입구 | 한국과학기술원 서울캠퍼스 출입구 | 고등과학원 출입구
17384594,KAIST 서울캠퍼스,1,1435351662,서울시립대학교 정문,"교통,수송 > 입출구",37.5834771622868,127.055113438416,1263.4,1461.9,http://place.map.kakao.com/1435351662,서울 동대문구 전농동 694,candidate_unverified,KAIST 서울캠퍼스 출입구 | KAIST 출입구 | 카이스트 서울캠퍼스 출입구 | 한국과학기술원 서울캠퍼스 출입구 | 고등과학원 출입구
17384594,KAIST 서울캠퍼스,1,1900627195,한국과학기술연구원 북문,"교통,수송 > 입출구",37.6042175699009,127.045534434212,1287.5,1461.6,http://place.map.kakao.com/1900627195,서울 성북구 하월곡동 39-1,candidate_unverified,KAIST 서울캠퍼스 출입구 | KAIST 출입구 | 카이스트 서울캠퍼스 출입구 | 한국과학기술원 서울캠퍼스 출입구 | 고등과학원 출입구
17384594,KAIST 서울캠퍼스,1,27384930,한국외대정문,"교통,수송 > 입출구",37.5965021772992,127.060096346596,1255.0,1703.1,http://place.map.kakao.com/27384930,서울 동대문구 이문동 270-1,candidate_unverified,KAIST 서울캠퍼스 출입구 | KAIST 출입구 | 카이스트 서울캠퍼스 출입구 | 한국과학기술원 서울캠퍼스 출입구 | 고등과학원 출입구
17384594,KAIST 서울캠퍼스,1,36677180,한국과학기술연구원 중문,"교통,수송 > 입출구",37.5914068408239,127.041848989785,449.7,2.2,http://place.map.kakao.com/36677180,서울 동대문구 청량리동 산 5-8,candidate_unverified,KAIST 서울캠퍼스 출입구 | KAIST 출입구 | 카이스트 서울캠퍼스 출입구 | 한국과학기술원 서울캠퍼스 출입구 | 고등과학원 출입구
17384594,KAIST 서울캠퍼스,1,137156823,이문아이파크자이아파트 2단지 정문,"교통,수송 > 입출구",37.5985669155017,127.064153082247,1671.7,2118.8,http://place.map.kakao.com/137156823,서울 동대문구 이문동 149-8,candidate_unverified,KAIST 서울캠퍼스 출입구 | KAIST 출입구 | 카이스트 서울캠퍼스 출입구 | 한국과학기술원 서울캠퍼스 출입구 | 고등과학원 출입구
17384594,KAIST 서울캠퍼스,1,1891018401,이문아이파크자이아파트 1단지 후문,"교통,수송 > 입출구",37.5962451042884,127.062392547736,1438.8,1886.6,http://place.map.kakao.com/1891018401,서울 동대문구 이문동 149-8,candidate_unverified,KAIST 서울캠퍼스 출입구 | KAIST 출입구 | 카이스트 서울캠퍼스 출입구 | 한국과학기술원 서울캠퍼스 출입구 | 고등과학원 출입구
17384594,KAIST 서울캠퍼스,1,657726338,래미안라센트아파트 정문,"교통,수송 > 입출구",37.5992265186196,127.039307742306,976.9,899.3,http://place.map.kakao.com/657726338,서울 성북구 종암동 134,candidate_unverified,KAIST 서울캠퍼스 출입구 | KAIST 출입구 | 카이스트 서울캠퍼스 출입구 | 한국과학기술원 서울캠퍼스 출입구 | 고등과학원 출입구
17384594,KAIST 서울캠퍼스,1,2009989067,이문아이파크자이아파트 1단지 정문,"교통,수송 > 입출구",37.5981679688244,127.063798304729,1625.9,2073.3,http://place.map.kakao.com/2009989067,서울 동대문구 이문동 149-8,candidate_unverified,KAIST 서울캠퍼스 출입구 | KAIST 출입구 | 카이스트 서울캠퍼스 출입구 | 한국과학기술원 서울캠퍼스 출입구 | 고등과학원 출입구
17384594,KAIST 서울캠퍼스,1,1161895632,국립산림과학원 정문,"교통,수송 > 입출구",37.591440803427,127.042617825784,384.6,65.9,http://place.map.kakao.com/1161895632,서울 동대문구 청량리동 산 4-2,candidate_unverified,KAIST 서울캠퍼스 출입구 | KAIST 출입구 | 카이스트 서울캠퍼스 출입구 | 한국과학기술원 서울캠퍼스 출입구 | 고등과학원 출입구
17384594,KAIST 서울캠퍼스,1,1972191955,월곡래미안루나밸리아파트 정문,"교통,수송 > 입출구",37.6000230801872,127.041683954154,928.7,959.2,http://place.map.kakao.com/1972191955,서울 성북구 하월곡동 226,candidate_unverified,KAIST 서울캠퍼스 출입구 | KAIST 출입구 | 카이스트 서울캠퍼스 출입구 | 한국과학기술원 서울캠퍼스 출입구 | 고등과학원 출입구
17384594,KAIST 서울캠퍼스,1,1390155690,래미안이문2차아파트 정문,"교통,수송 > 입출구",37.5937285243427,127.05910673921,1099.7,1540.5,http://place.map.kakao.com/1390155690,서울 동대문구 이문동 311,candidate_unverified,KAIST 서울캠퍼스 출입구 | KAIST 출입구 | 카이스트 서울캠퍼스 출입구 | 한국과학기술원 서울캠퍼스 출입구 | 고등과학원 출입구
17384594,KAIST 서울캠퍼스,1,27853236,신현대아파트 정문,"교통,수송 > 입출구",37.5891635290163,127.052700290591,657.6,985.9,http://place.map.kakao.com/27853236,서울 동대문구 회기동 65,candidate_unverified,KAIST 서울캠퍼스 출입구 | KAIST 출입구 | 카이스트 서울캠퍼스 출입구 | 한국과학기술원 서울캠퍼스 출입구 | 고등과학원 출입구
17384594,KAIST 서울캠퍼스,1,536324711,래미안라그란데아파트 게이트2,"교통,수송 > 입출구",37.599768851645,127.060719531634,1465.8,1903.7,http://place.map.kakao.com/536324711,서울 동대문구 이문동 257-42,candidate_unverified,KAIST 서울캠퍼스 출입구 | KAIST 출입구 | 카이스트 서울캠퍼스 출입구 | 한국과학기술원 서울캠퍼스 출입구 | 고등과학원 출입구
17384594,KAIST 서울캠퍼스,1,1243961672,한국과학기술연구원 쪽문,"교통,수송 > 입출구",37.60134874681516,127.04332671505159,1009.1,1113.9,http://place.map.kakao.com/1243961672,서울 성북구 하월곡동 39-1,candidate_unverified,KAIST 서울캠퍼스 출입구 | KAIST 서울캠퍼스 쪽문 | KAIST 출입구 | 카이스트 서울캠퍼스 출입구 | 카이스트 서울캠퍼스 쪽문 | 한국과학기술원 서울캠퍼스 출입구 | 한국과학기술원 서울캠퍼스 쪽문 | 고등과학원 출입구
17384594,KAIST 서울캠퍼스,1,1220652183,휘경자이디센시아아파트 정문,"교통,수송 > 입출구",37.5939020513347,127.063285120747,1468.0,1907.1,http://place.map.kakao.com/1220652183,서울 동대문구 휘경동 172,candidate_unverified,KAIST 서울캠퍼스 출입구 | KAIST 출입구 | 카이스트 서울캠퍼스 출입구 | 한국과학기술원 서울캠퍼스 출입구 | 고등과학원 출입구
17384594,KAIST 서울캠퍼스,1,403198476,삼육초등학교 후문,"교통,수송 > 입출구",37.5894062601637,127.047601951384,372.2,551.3,http://place.map.kakao.com/403198476,서울 동대문구 회기동 102-292,candidate_unverified,KAIST 서울캠퍼스 출입구 | KAIST 출입구 | 카이스트 서울캠퍼스 출입구 | 한국과학기술원 서울캠퍼스 출입구 | 고등과학원 출입구
17384594,KAIST 서울캠퍼스,1,531860710,이문삼성래미안1차아파트 입구,"교통,수송 > 입출구",37.6000669543276,127.057367843371,1248.8,1671.3,http://place.map.kakao.com/531860710,서울 동대문구 이문동 264-442,candidate_unverified,KAIST 서울캠퍼스 출입구 | KAIST 출입구 | 카이스트 서울캠퍼스 출입구 | 한국과학기술원 서울캠퍼스 출입구 | 고등과학원 출입구
17384594,KAIST 서울캠퍼스,1,355663192,래미안라그란데아파트 게이트5,"교통,수송 > 입출구",37.5985489373759,127.058887472186,1257.1,1697.0,http://place.map.kakao.com/355663192,서울 동대문구 이문동 263-10,candidate_unverified,KAIST 서울캠퍼스 출입구 | KAIST 출입구 | 카이스트 서울캠퍼스 출입구 | 한국과학기술원 서울캠퍼스 출입구 | 고등과학원 출입구
17384594,KAIST 서울캠퍼스,1,2143884454,휘경자이디센시아아파트 후문,"교통,수송 > 입출구",37.592307107959,127.063634780463,1493.0,1920.2,http://place.map.kakao.com/2143884454,서울 동대문구 휘경동 98-38,candidate_unverified,KAIST 서울캠퍼스 출입구 | KAIST 출입구 | 카이스트 서울캠퍼스 출입구 | 한국과학기술원 서울캠퍼스 출입구 | 고등과학원 출입구
17384594,KAIST 서울캠퍼스,1,124606080,래미안라그란데아파트 게이트3,"교통,수송 > 입출구",37.6004229057925,127.059072400295,1389.6,1817.6,http://place.map.kakao.com/124606080,서울 동대문구 이문동 257-42,candidate_unverified,KAIST 서울캠퍼스 출입구 | KAIST 출입구 | 카이스트 서울캠퍼스 출입구 | 한국과학기술원 서울캠퍼스 출입구 | 고등과학원 출입구
17384594,KAIST 서울캠퍼스,1,638768484,시조사 정문,"교통,수송 > 입출구",37.5887398774826,127.053113258525,715.0,1033.7,http://place.map.kakao.com/638768484,서울 동대문구 회기동 65-143,candidate_unverified,KAIST 서울캠퍼스 출입구 | KAIST 출입구 | 카이스트 서울캠퍼스 출입구 | 한국과학기술원 서울캠퍼스 출입구 | 고등과학원 출입구
17384594,KAIST 서울캠퍼스,1,26896071,서울시립대학교 후문,"교통,수송 > 입출구",37.58521140994416,127.06094546401724,1505.1,1816.0,http://place.map.kakao.com/26896071,서울 동대문구 전농동 694,candidate_unverified,KAIST 서울캠퍼스 출입구 | KAIST 출입구 | 카이스트 서울캠퍼스 출입구 | 한국과학기술원 서울캠퍼스 출입구 | 고등과학원 출입구
17384594,KAIST 서울캠퍼스,1,18224570,홍릉근린공원 출입구,"교통,수송 > 입출구",37.58914156652013,127.04710812465622,394.6,525.2,http://place.map.kakao.com/18224570,서울 동대문구 청량리동 산 1-143,candidate_unverified,KAIST 서울캠퍼스 출입구 | KAIST 출입구 | 카이스트 서울캠퍼스 출입구 | 한국과학기술원 서울캠퍼스 출입구 | 고등과학원 출입구
17384594,KAIST 서울캠퍼스,1,1045137873,래미안라그란데아파트 게이트1,"교통,수송 > 입출구",37.60310501925855,127.06110727778606,1719.6,2137.0,http://place.map.kakao.com/1045137873,서울 동대문구 이문동 257-42,candidate_unverified,KAIST 서울캠퍼스 출입구 | KAIST 출입구 | 카이스트 서울캠퍼스 출입구 | 한국과학기술원 서울캠퍼스 출입구
17384594,KAIST 서울캠퍼스,1,1443531489,래미안라그란데아파트 게이트4,"교통,수송 > 입출구",37.5995193587653,127.060560792787,1439.2,1878.0,http://place.map.kakao.com/1443531489,서울 동대문구 이문동 263-10,candidate_unverified,KAIST 서울캠퍼스 출입구 | KAIST 출입구 | 카이스트 서울캠퍼스 출입구 | 한국과학기술원 서울캠퍼스 출입구 | 고등과학원 출입구
17384594,KAIST 서울캠퍼스,1,27337727,고려대학교 서울캠퍼스 정문,"교통,수송 > 입출구",37.58815247199953,127.03424727911144,1206.7,762.6,http://place.map.kakao.com/27337727,서울 성북구 안암동5가 1-2,candidate_unverified,KAIST 서울캠퍼스 출입구 | KAIST 출입구 | 카이스트 서울캠퍼스 출입구 | 한국과학기술원 서울캠퍼스 출입구 | 고등과학원 출입구
17384594,KAIST 서울캠퍼스,1,790938502,이문쌍용아파트 정문,"교통,수송 > 입출구",37.5991966457134,127.069053499257,2099.0,2547.0,http://place.map.kakao.com/790938502,서울 동대문구 이문동 64,candidate_unverified,KAIST 서울캠퍼스 출입구 | KAIST 출입구 | 카이스트 서울캠퍼스 출입구 | 한국과학기술원 서울캠퍼스 출입구
17384594,KAIST 서울캠퍼스,1,1281331983,이문아이파크자이아파트 2단지 후문,"교통,수송 > 입출구",37.600766962919,127.064468651513,1805.9,2247.0,http://place.map.kakao.com/1281331983,서울 동대문구 이문동 163-83,candidate_unverified,KAIST 서울캠퍼스 출입구 | KAIST 출입구 | 카이스트 서울캠퍼스 출입구 | 한국과학기술원 서울캠퍼스 출입구
17384594,KAIST 서울캠퍼스,1,135172949,한신아파트 후문,"교통,수송 > 입출구",37.5904559570135,127.040227056158,621.1,178.8,http://place.map.kakao.com/135172949,서울 동대문구 제기동 1212,candidate_unverified,KAIST 서울캠퍼스 출입구 | KAIST 출입구 | 카이스트 서울캠퍼스 출입구 | 한국과학기술원 서울캠퍼스 출입구 | 고등과학원 출입구
17384594,KAIST 서울캠퍼스,1,1024933968,래미안라센트아파트 후문,"교통,수송 > 입출구",37.6003277635331,127.038598298722,1110.4,1034.0,http://place.map.kakao.com/1024933968,서울 성북구 종암동 134,candidate_unverified,KAIST 서울캠퍼스 출입구 | KAIST 출입구 | 카이스트 서울캠퍼스 출입구 | 한국과학기술원 서울캠퍼스 출입구 | 고등과학원 출입구
17384594,KAIST 서울캠퍼스,1,1675081897,삼육병원 입구,"교통,수송 > 입출구",37.5899379607451,127.062772249188,1448.8,1848.7,http://place.map.kakao.com/1675081897,서울 동대문구 휘경동 255-5,candidate_unverified,KAIST 서울캠퍼스 출입구 | KAIST 출입구 | 카이스트 서울캠퍼스 출입구 | 한국과학기술원 서울캠퍼스 출입구
17384594,KAIST 서울캠퍼스,1,1563628359,래미안아트리치아파트 정문,"교통,수송 > 입출구",37.6066667304378,127.06263907854,2096.0,2496.0,http://place.map.kakao.com/1563628359,서울 성북구 석관동 410,candidate_unverified,KAIST 서울캠퍼스 출입구 | KAIST 출입구 | 카이스트 서울캠퍼스 출입구 | 한국과학기술원 서울캠퍼스 출입구
17384594,KAIST 서울캠퍼스,1,1054228410,월곡두산위브아파트 후문,"교통,수송 > 입출구",37.6061629106599,127.040294403354,1602.3,1647.7,http://place.map.kakao.com/1054228410,서울 성북구 하월곡동 222,candidate_unverified,KAIST 서울캠퍼스 출입구 | KAIST 출입구 | 카이스트 서울캠퍼스 출입구 | 한국과학기술원 서울캠퍼스 출입구
17384594,KAIST 서울캠퍼스,1,1059156737,한신아파트 정문,"교통,수송 > 입출구",37.5874760750086,127.038422960947,930.4,531.5,http://place.map.kakao.com/1059156737,서울 동대문구 제기동 1212,candidate_unverified,KAIST 서울캠퍼스 출입구 | KAIST 출입구 | 카이스트 서울캠퍼스 출입구 | 한국과학기술원 서울캠퍼스 출입구 | 고등과학원 출입구
17384594,KAIST 서울캠퍼스,1,1666503182,종암중학교 정문,"교통,수송 > 입출구",37.592503657226,127.032253408544,1272.6,856.3,http://place.map.kakao.com/1666503182,서울 성북구 종암동 32-3,candidate_unverified,KAIST 서울캠퍼스 출입구 | KAIST 출입구 | 카이스트 서울캠퍼스 출입구 | 한국과학기술원 서울캠퍼스 출입구 | 고등과학원 출입구
17384594,KAIST 서울캠퍼스,1,917818808,과학자아파트 입구,"교통,수송 > 입출구",37.6055090552401,127.049113894619,1442.8,1693.9,http://place.map.kakao.com/917818808,서울 성북구 상월곡동 24-228,candidate_unverified,KAIST 서울캠퍼스 출입구 | KAIST 출입구 | 카이스트 서울캠퍼스 출입구 | 한국과학기술원 서울캠퍼스 출입구
17384594,KAIST 서울캠퍼스,1,1744946338,래미안세레니티아파트 정문,"교통,수송 > 입출구",37.5995629419303,127.032190776368,1489.9,1245.7,http://place.map.kakao.com/1744946338,서울 성북구 종암동 133,candidate_unverified,KAIST 서울캠퍼스 출입구 | KAIST 출입구 | 카이스트 서울캠퍼스 출입구 | 한국과학기술원 서울캠퍼스 출입구 | 고등과학원 출입구
17384594,KAIST 서울캠퍼스,1,1814495982,휘경롯데낙천대아파트 정문,"교통,수송 > 입출구",37.5923234565011,127.065047894289,1617.4,2044.6,http://place.map.kakao.com/1814495982,서울 동대문구 휘경동 109,candidate_unverified,KAIST 서울캠퍼스 출입구 | KAIST 출입구 | 카이스트 서울캠퍼스 출입구 | 한국과학기술원 서울캠퍼스 출입구
17384594,KAIST 서울캠퍼스,1,12804270,성신여자대학교입구,"교통,수송 > 입출구",37.5913042778387,127.020969757591,2271.8,1841.7,http://place.map.kakao.com/12804270,서울 성북구 동선동3가,candidate_unverified,KAIST 서울캠퍼스 출입구 | KAIST 출입구 | 카이스트 서울캠퍼스 출입구 | 한국과학기술원 서울캠퍼스 출입구 | 고등과학원 출입구
17384594,KAIST 서울캠퍼스,1,520969019,거산프라자신관 주차장입구,"교통,수송 > 입출구",37.5919608876506,127.036618137718,891.5,467.1,http://place.map.kakao.com/520969019,서울 성북구 종암동 30-90,candidate_unverified,KAIST 서울캠퍼스 출입구 | KAIST 출입구 | 카이스트 서울캠퍼스 출입구 | 한국과학기술원 서울캠퍼스 출입구 | 고등과학원 출입구
17384594,KAIST 서울캠퍼스,1,484442211,동신아파트 정문,"교통,수송 > 입출구",37.6042748946843,127.036091910729,1592.6,1519.7,http://place.map.kakao.com/484442211,서울 성북구 하월곡동 219,candidate_unverified,KAIST 서울캠퍼스 출입구 | KAIST 출입구 | 카이스트 서울캠퍼스 출입구 | 한국과학기술원 서울캠퍼스 출입구
17384594,KAIST 서울캠퍼스,1,899785535,마장축산물시장 서문입구,"교통,수송 > 입출구",37.5700600610958,127.037801625054,2634.0,2399.6,http://place.map.kakao.com/899785535,서울 성동구 마장동 500,candidate_unverified,고등과학원 서문
17384594,KAIST 서울캠퍼스,1,1293094558,서울홍파초등학교 후문,"교통,수송 > 입출구",37.5865007787571,127.039698452976,922.8,577.2,http://place.map.kakao.com/1293094558,서울 동대문구 제기동 678,candidate_unverified,고등과학원 출입구
17384594,KAIST 서울캠퍼스,1,303088050,청량리청과물 도매시장 1번입구,"교통,수송 > 입출구",37.579106709537,127.041208133274,1584.4,1368.0,http://place.map.kakao.com/303088050,서울 동대문구 제기동 849,candidate_unverified,고등과학원 출입구
17384594,KAIST 서울캠퍼스,1,303948085,고려대학교법과대학 입구,"교통,수송 > 입출구",37.59119430589926,127.03301259975677,1216.8,780.9,http://place.map.kakao.com/303948085,서울 성북구 종암동 29-26,candidate_unverified,고등과학원 출입구
17384594,KAIST 서울캠퍼스,1,166872841,청량리역롯데캐슬SKY-L65아파트 정문,"교통,수송 > 입출구",37.5782286305219,127.045071432324,1612.8,1491.2,http://place.map.kakao.com/166872841,서울 동대문구 전농동 620-47,candidate_unverified,고등과학원 출입구
17384594,KAIST 서울캠퍼스,1,12810655,고려대학교 서울캠퍼스 후문,"교통,수송 > 입출구",37.5909234976879,127.031585819286,1345.5,907.8,http://place.map.kakao.com/12810655,서울 성북구 안암동5가 1-6,candidate_unverified,고등과학원 출입구
17384594,KAIST 서울캠퍼스,1,963376973,종암중학교 후문,"교통,수송 > 입출구",37.593428006437975,127.03250291533631,1253.3,855.8,http://place.map.kakao.com/963376973,서울 성북구 종암동 32-3,candidate_unverified,고등과학원 출입구
17384594,KAIST 서울캠퍼스,1,17569302,고려대학교 정경관후문,"교통,수송 > 입출구",37.5868333780378,127.030107690954,1599.5,1154.1,http://place.map.kakao.com/17569302,서울 성북구 안암동5가 1-2,candidate_unverified,고등과학원 출입구
17384594,KAIST 서울캠퍼스,1,1745191049,래미안세레니티아파트 후문,"교통,수송 > 입출구",37.5992005426997,127.029512503828,1678.8,1392.3,http://place.map.kakao.com/1745191049,서울 성북구 종암동 133,candidate_unverified,고등과학원 출입구
17384594,KAIST 서울캠퍼스,1,27388653,경동시장광성상가 4번입구,"교통,수송 > 입출구",37.57983560382287,127.03857073601638,1597.2,1318.2,http://place.map.kakao.com/27388653,서울 동대문구 제기동 849,candidate_unverified,고등과학원 출입구
10148561,광운대학교,1,1052095114,광운대학교 후문,"교통,수송 > 입출구",37.6202031137874,127.061053306516,267.4,0.0,http://place.map.kakao.com/1052095114,서울 노원구 월계동 447-1,candidate_unverified,광운대학교 정문 | 광운대학교 후문 | 광운대학교 출입구 | 광운대학교 입구
10148561,광운대학교,1,1569937142,북서울꿈의숲 서문 주차장,"교통,수송 > 교통시설 > 주차장",37.6219481274988,127.037887918169,1820.3,2049.5,http://place.map.kakao.com/1569937142,서울 강북구 번동 90,candidate_unverified,광운대학교 서문
10148561,광운대학교,1,479854614,월계한진한화그랑빌아파트 서문,"교통,수송 > 입출구",37.6197965188943,127.069638901449,1003.2,757.5,http://place.map.kakao.com/479854614,서울 노원구 월계동 18,candidate_unverified,광운대학교 서문 | 광운대학교 출입구
10148561,광운대학교,1,18091378,북서울꿈의숲 서문,"교통,수송 > 입출구",37.6221535743957,127.037820057795,1830.1,2057.7,http://place.map.kakao.com/18091378,서울 강북구 번동 120-6,candidate_unverified,광운대학교 서문 | 광운대학교 출입구
10148561,광운대학교,1,1214365824,서울강북 북서울꿈의숲 동문 및 서문주차장(콘센트) 전기차충전소,"교통,수송 > 자동차 > 전기차 충전소",37.6202547317687,127.04432427911007,1233.5,1473.4,http://place.map.kakao.com/1214365824,서울 강북구 번동 90,candidate_unverified,광운대학교 서문
10148561,광운대학교,1,193241218,경희대학교 남문,"교통,수송 > 입출구",37.5945543473825,127.056208639286,2751.0,2883.8,http://place.map.kakao.com/193241218,서울 동대문구 회기동 1-5,candidate_unverified,광운대학교 남문
10148561,광운대학교,1,1967820620,장위자이레디언트아파트 게이트1,"교통,수송 > 입출구",37.6143888169309,127.057916841383,540.4,703.1,http://place.map.kakao.com/1967820620,서울 성북구 장위동 37-59,candidate_unverified,광운대학교 출입구
10148561,광운대학교,1,1719452636,광운전자공업고등학교 정문,"교통,수송 > 입출구",37.61915666562245,127.05642990850215,162.4,423.5,http://place.map.kakao.com/1719452636,서울 노원구 월계동 502-33,candidate_unverified,광운대학교 출입구
10148561,광운대학교,1,1164204862,꿈의숲아이파크아파트 정문,"교통,수송 > 입출구",37.6196051989429,127.048695003232,844.4,1090.5,http://place.map.kakao.com/1164204862,서울 성북구 장위동 182-25,candidate_unverified,광운대학교 출입구
10148561,광운대학교,1,182078663,래미안장위퍼스트하이아파트 후문,"교통,수송 > 입출구",37.62090187351257,127.05047422713827,711.1,935.0,http://place.map.kakao.com/182078663,서울 성북구 장위동 320,candidate_unverified,광운대학교 출입구
10148561,광운대학교,1,1371112320,월계미성미륭삼호아파트 정문,"교통,수송 > 입출구",37.6230738871398,127.067263167198,899.4,633.3,http://place.map.kakao.com/1371112320,서울 노원구 월계동 17,candidate_unverified,광운대학교 출입구
10148561,광운대학교,1,68416093,롯데캐슬루나아파트 정문,"교통,수송 > 입출구",37.6263976521353,127.051038683306,1019.3,1119.1,http://place.map.kakao.com/68416093,서울 노원구 월계동 947,candidate_unverified,광운대학교 출입구
10148561,광운대학교,1,18225100,북서울꿈의숲 동문,"교통,수송 > 입출구",37.6200860635905,127.04481011268,1189.3,1430.7,http://place.map.kakao.com/18225100,서울 강북구 번동 95-2,candidate_unverified,광운대학교 출입구
10148561,광운대학교,1,1243889371,꿈의숲아이파크아파트 후문,"교통,수송 > 입출구",37.6192170367541,127.050450434131,688.8,940.3,http://place.map.kakao.com/1243889371,서울 성북구 장위동 177-24,candidate_unverified,광운대학교 출입구
10148561,광운대학교,1,61014225,번동주공1단지 정문,"교통,수송 > 입출구",37.6236852146531,127.047852620194,1042.2,1225.4,http://place.map.kakao.com/61014225,서울 강북구 번동 242,candidate_unverified,광운대학교 출입구
10148561,광운대학교,1,223748954,대명루첸아파트 정문,"교통,수송 > 입출구",37.6200817910442,127.046537496722,1037.6,1278.5,http://place.map.kakao.com/223748954,서울 성북구 장위동 317,candidate_unverified,광운대학교 출입구
10148561,광운대학교,1,1956944050,월계센트럴아이파크아파트 정문,"교통,수송 > 입출구",37.6311013597156,127.057649987321,1320.0,1248.3,http://place.map.kakao.com/1956944050,서울 노원구 월계동 277-18,candidate_unverified,광운대학교 출입구
10148561,광운대학교,1,1563628359,래미안아트리치아파트 정문,"교통,수송 > 입출구",37.6066667304378,127.06263907854,1450.1,1511.6,http://place.map.kakao.com/1563628359,서울 성북구 석관동 410,candidate_unverified,광운대학교 출입구
10148561,광운대학교,1,961385010,월계한진한화그랑빌아파트 후문,"교통,수송 > 입출구",37.6197775928112,127.069647945458,1003.8,758.4,http://place.map.kakao.com/961385010,서울 노원구 월계동 18,candidate_unverified,광운대학교 출입구
10148561,광운대학교,1,26396910,서울과학기술대학교 정문,"교통,수송 > 입출구",37.63022194847668,127.07672337790524,2032.7,1773.6,http://place.map.kakao.com/26396910,서울 노원구 공릉동 172,candidate_unverified,광운대학교 출입구
10148561,광운대학교,1,26423405,롯데캐슬루나아파트 후문,"교통,수송 > 입출구",37.627635238328274,127.04979455253942,1195.2,1290.8,http://place.map.kakao.com/26423405,서울 노원구 월계동 947,candidate_unverified,광운대학교 출입구
10148561,광운대학교,1,272187506,월계한진한화그랑빌아파트 동문,"교통,수송 > 입출구",37.6175971131986,127.069798822589,1031.7,823.0,http://place.map.kakao.com/272187506,서울 노원구 월계동 18,candidate_unverified,광운대학교 출입구
10148561,광운대학교,1,18091183,북서울꿈의숲 1번출입구,"교통,수송 > 입출구",37.6199238772375,127.044832669541,1186.0,1429.0,http://place.map.kakao.com/18091183,서울 강북구 번동 95-2,candidate_unverified,광운대학교 출입구
10148561,광운대학교,1,1400277510,꿈의숲코오롱하늘채 주차장 입구,"교통,수송 > 입출구",37.6199845624064,127.046339211683,1054.1,1296.2,http://place.map.kakao.com/1400277510,서울 성북구 장위동 319,candidate_unverified,광운대학교 출입구
10148561,광운대학교,1,18093212,북서울꿈의숲 2번출입구,"교통,수송 > 입출구",37.6215853203212,127.044774765014,1216.9,1441.9,http://place.map.kakao.com/18093212,서울 강북구 번동 113-11,candidate_unverified,광운대학교 출입구
10148561,광운대학교,1,1791510231,래미안석관아파트 정문,"교통,수송 > 입출구",37.6080252106611,127.05394805303,1303.9,1491.8,http://place.map.kakao.com/1791510231,서울 성북구 석관동 407,candidate_unverified,광운대학교 출입구
10148561,광운대학교,1,1234529421,월계센트럴아이파크아파트 후문,"교통,수송 > 입출구",37.6296386933821,127.05654432143,1166.2,1121.8,http://place.map.kakao.com/1234529421,서울 노원구 월계동 951,candidate_unverified,광운대학교 출입구
10148561,광운대학교,1,1411706418,묵동아이파크아파트 정문,"교통,수송 > 입출구",37.6102403261785,127.073130742807,1647.7,1535.9,http://place.map.kakao.com/1411706418,서울 중랑구 묵동 385,candidate_unverified,광운대학교 출입구
10148561,광운대학교,1,18093041,북서울꿈의숲 3번출입구,"교통,수송 > 입출구",37.6218844755658,127.044702449079,1230.6,1452.2,http://place.map.kakao.com/18093041,서울 강북구 번동 113-2,candidate_unverified,광운대학교 출입구
10148561,광운대학교,1,24636573,중랑천월계 진출입로1,"교통,수송 > 입출구",37.6244716589419,127.068238616622,1053.1,791.0,http://place.map.kakao.com/24636573,서울 노원구 월계동 192-5,candidate_unverified,광운대학교 출입구
10148561,광운대학교,1,921740083,석관중학교 후문,"교통,수송 > 입출구",37.6081757887686,127.066124012046,1411.5,1410.0,http://place.map.kakao.com/921740083,서울 성북구 석관동 88-2,candidate_unverified,광운대학교 출입구
10148561,광운대학교,1,24636570,중랑천석관경사로 진출입로5,"교통,수송 > 입출구",37.614214586539,127.068632456633,1070.2,942.9,http://place.map.kakao.com/24636570,서울 성북구 석관동 159-1,candidate_unverified,광운대학교 출입구
10148561,광운대학교,1,18225105,북서울꿈의숲 4번출입구,"교통,수송 > 입출구",37.6230048724882,127.045826814797,1173.2,1376.8,http://place.map.kakao.com/18225105,서울 강북구 번동 90,candidate_unverified,광운대학교 출입구
10148561,광운대학교,1,1130521703,서울월곡초등학교 후문,"교통,수송 > 입출구",37.6106666873956,127.045963079457,1443.6,1700.3,http://place.map.kakao.com/1130521703,서울 성북구 장위동 246-194,candidate_unverified,광운대학교 출입구
10148561,광운대학교,1,1900627195,한국과학기술연구원 북문,"교통,수송 > 입출구",37.6042175699009,127.045534434212,2012.2,2242.4,http://place.map.kakao.com/1900627195,서울 성북구 하월곡동 39-1,candidate_unverified,광운대학교 출입구
10148561,광운대학교,1,24636569,중랑천석관계단 진출입로4,"교통,수송 > 입출구",37.6137238357596,127.069678542758,1177.2,1047.0,http://place.map.kakao.com/24636569,서울 성북구 석관동 6-1,candidate_unverified,광운대학교 출입구
10148561,광운대학교,1,825389687,래미안아트리치아파트 후문,"교통,수송 > 입출구",37.60622489784135,127.0649490126888,1562.2,1591.7,http://place.map.kakao.com/825389687,서울 성북구 석관동 410,candidate_unverified,광운대학교 출입구
10148561,광운대학교,1,24636571,중랑천공릉경사로 진출입로1,"교통,수송 > 입출구",37.6162711660666,127.070795451834,1151.5,963.0,http://place.map.kakao.com/24636571,서울 노원구 공릉동 699-1,candidate_unverified,광운대학교 출입구
10148561,광운대학교,1,1045137873,래미안라그란데아파트 게이트1,"교통,수송 > 입출구",37.60310501925855,127.06110727778606,1811.5,1901.2,http://place.map.kakao.com/1045137873,서울 동대문구 이문동 257-42,candidate_unverified,광운대학교 출입구
10148561,광운대학교,1,137156823,이문아이파크자이아파트 2단지 정문,"교통,수송 > 입출구",37.5985669155017,127.064153082247,2356.5,2421.3,http://place.map.kakao.com/137156823,서울 동대문구 이문동 149-8,candidate_unverified,광운대학교 출입구
10148561,광운대학교,1,210441335,한국철도공사 수도권동부본부 입구,"교통,수송 > 입출구",37.6042421062854,127.069199721883,1925.7,1914.4,http://place.map.kakao.com/210441335,서울 동대문구 이문동 7,candidate_unverified,광운대학교 출입구
10148561,광운대학교,1,527938456,석관동삼성아파트 정문,"교통,수송 > 입출구",37.6100193676995,127.065847034494,1223.4,1208.5,http://place.map.kakao.com/527938456,서울 성북구 석관동 404,candidate_unverified,광운대학교 출입구
10148561,광운대학교,1,26397117,경희대학교 정문,"교통,수송 > 입출구",37.5938315697917,127.052697920723,2867.7,3023.3,http://place.map.kakao.com/26397117,서울 동대문구 회기동 36-17,candidate_unverified,광운대학교 출입구
10148561,광운대학교,1,18093000,북서울꿈의숲 17번출입구,"교통,수송 > 입출구",37.6182451026331,127.043042019726,1345.8,1601.2,http://place.map.kakao.com/18093000,서울 강북구 번동 90,candidate_unverified,광운대학교 출입구
10148561,광운대학교,1,18095179,북서울꿈의숲 6번출입구,"교통,수송 > 입출구",37.6256652400515,127.044111127384,1437.2,1611.0,http://place.map.kakao.com/18095179,서울 강북구 번동 90,candidate_unverified,광운대학교 출입구
10148561,광운대학교,1,24636223,중랑천공릉경사로 진출입로2,"교통,수송 > 입출구",37.625313866262,127.070142476745,1244.7,981.7,http://place.map.kakao.com/24636223,서울 노원구 공릉동 547-1,candidate_unverified,광운대학교 출입구
10148561,광운대학교,1,24636221,중랑천공릉경사로 진출입로1,"교통,수송 > 입출구",37.6246684898378,127.070594983117,1242.0,976.1,http://place.map.kakao.com/24636221,서울 노원구 공릉동 406-1,candidate_unverified,광운대학교 출입구
10148561,광운대학교,1,790938502,이문쌍용아파트 정문,"교통,수송 > 입출구",37.5991966457134,127.069053499257,2422.7,2439.8,http://place.map.kakao.com/790938502,서울 동대문구 이문동 64,candidate_unverified,광운대학교 출입구
10148561,광운대학교,1,1243961672,한국과학기술연구원 쪽문,"교통,수송 > 입출구",37.60134874681516,127.04332671505159,2385.5,2614.1,http://place.map.kakao.com/1243961672,서울 성북구 하월곡동 39-1,candidate_unverified,광운대학교 쪽문
8262964,덕성여자대학교,1,18095030,덕성여자대학교 후문,"교통,수송 > 입출구",37.6525503981283,127.017288184806,224.1,0.0,http://place.map.kakao.com/18095030,서울 도봉구 쌍문동 429-9,candidate_unverified,덕성여자대학교 정문 | 덕성여자대학교 후문 | 덕성여자대학교 출입구 | 덕성여자대학교 입구 | 덕성여대 정문 | 덕성여대 후문 | 덕성여대 출입구 | 덕성여대 입구
8262964,덕성여자대학교,1,1210010785,방학청구아파트 입구,"교통,수송 > 입출구",37.65730224901969,127.02660029705605,1199.0,975.3,http://place.map.kakao.com/1210010785,서울 도봉구 방학동 734-1,candidate_unverified,덕성여자대학교 출입구 | 덕성여대 출입구
8262964,덕성여자대학교,1,18224841,국립419민주묘지 정문,"교통,수송 > 입출구",37.64761578035926,127.00839649802464,733.5,956.0,http://place.map.kakao.com/18224841,서울 강북구 수유동 산 7-1,candidate_unverified,덕성여자대학교 출입구 | 덕성여대 출입구
8262964,덕성여자대학교,1,18082620,솔밭근린공원 출입구,"교통,수송 > 입출구",37.6519383504211,127.012347307026,242.2,440.3,http://place.map.kakao.com/18082620,서울 강북구 우이동 80,candidate_unverified,덕성여자대학교 출입구 | 덕성여대 출입구
8262964,덕성여자대학교,1,1500247876,서울백운초등학교 후문,"교통,수송 > 입출구",37.65337972873001,127.0140802363282,218.4,297.1,http://place.map.kakao.com/1500247876,서울 도봉구 쌍문동 422-2,candidate_unverified,덕성여자대학교 출입구 | 덕성여대 출입구
8262964,덕성여자대학교,1,18607821,솔밭근린공원상단,"교통,수송 > 입출구",37.651603238196,127.011825983582,284.7,492.3,http://place.map.kakao.com/18607821,서울 강북구 우이동 산 70,candidate_unverified,덕성여자대학교 출입구 | 덕성여대 출입구
8262964,덕성여자대학교,1,1470578573,수유벽산1차아파트 후문,"교통,수송 > 입출구",37.6437790578507,127.019019752474,934.3,987.2,http://place.map.kakao.com/1470578573,서울 강북구 수유동 205,candidate_unverified,덕성여자대학교 출입구 | 덕성여대 출입구
8262964,덕성여자대학교,1,1500378950,서울백운초등학교 정문,"교통,수송 > 입출구",37.6526409715704,127.013666476291,170.6,319.0,http://place.map.kakao.com/1500378950,서울 도봉구 쌍문동 422-2,candidate_unverified,덕성여자대학교 출입구 | 덕성여대 출입구
8262964,덕성여자대학교,1,1284820202,서울우이초등학교 후문,"교통,수송 > 입출구",37.6386432685382,127.013822531114,1442.1,1576.2,http://place.map.kakao.com/1284820202,서울 강북구 수유동,candidate_unverified,덕성여자대학교 출입구 | 덕성여대 출입구
8262964,덕성여자대학교,1,1386332049,서울우이초등학교 정문,"교통,수송 > 입출구",37.6380988661702,127.015492451739,1499.0,1614.7,http://place.map.kakao.com/1386332049,서울 강북구 수유동 409-6,candidate_unverified,덕성여자대학교 출입구 | 덕성여대 출입구
8262964,덕성여자대학교,1,913229691,쌍문근린공원 세심천지구 입구,"교통,수송 > 입출구",37.6567557955259,127.024559083737,1015.5,792.7,http://place.map.kakao.com/913229691,서울 도봉구 방학동 734-6,candidate_unverified,덕성여자대학교 출입구 | 덕성여대 출입구
8262964,덕성여자대학교,1,18607784,우이우이령길입구,"교통,수송 > 입출구",37.664433215822,127.011877887772,1457.0,1404.5,http://place.map.kakao.com/18607784,서울 강북구 우이동 207-14,candidate_unverified,덕성여자대학교 출입구 | 덕성여대 출입구
8262964,덕성여자대학교,1,1520913353,서울인수초등학교 후문,"교통,수송 > 입출구",37.6432387128378,127.00955173076,1046.1,1239.4,http://place.map.kakao.com/1520913353,서울 강북구 수유동 551-19,candidate_unverified,덕성여자대학교 출입구 | 덕성여대 출입구
8262964,덕성여자대학교,1,27558152,아카데미하우스호텔 입구,"교통,수송 > 입출구",37.641701106717946,127.00171995592623,1607.8,1826.0,http://place.map.kakao.com/27558152,서울 강북구 수유동 산 76,candidate_unverified,덕성여자대학교 출입구 | 덕성여대 출입구
8262964,덕성여자대학교,1,884025231,염광아파트 정문,"교통,수송 > 입출구",37.6486943696891,127.026111106672,1024.3,887.2,http://place.map.kakao.com/884025231,서울 도봉구 쌍문동 722,candidate_unverified,덕성여자대학교 출입구 | 덕성여대 출입구
8262964,덕성여자대학교,1,18607898,이준열사묘역입구,"교통,수송 > 입출구",37.642298450322,127.002257035335,1527.9,1746.7,http://place.map.kakao.com/18607898,서울 강북구 수유동 산 73-9,candidate_unverified,덕성여자대학교 출입구 | 덕성여대 출입구
8262964,덕성여자대학교,1,828138798,한양1차아파트 정문,"교통,수송 > 입출구",37.6447122906007,127.028826854131,1432.3,1338.5,http://place.map.kakao.com/828138798,서울 도봉구 쌍문동 388-33,candidate_unverified,덕성여자대학교 출입구 | 덕성여대 출입구
8262964,덕성여자대학교,1,1345623283,한신초등학교 정문,"교통,수송 > 입출구",37.6524742938251,127.032188672231,1511.3,1311.8,http://place.map.kakao.com/1345623283,서울 도봉구 쌍문동 150-1,candidate_unverified,덕성여자대학교 출입구 | 덕성여대 출입구
8262964,덕성여자대학교,1,1446877201,백년시장 1번게이트,"교통,수송 > 입출구",37.6416865905594,127.02577667284,1448.9,1420.5,http://place.map.kakao.com/1446877201,서울 강북구 수유동 141,candidate_unverified,덕성여자대학교 출입구 | 덕성여대 출입구
8262964,덕성여자대학교,1,957864059,둘리쌍문근린공원 입구,"교통,수송 > 입출구",37.6552201803553,127.033299305518,1656.1,1440.5,http://place.map.kakao.com/957864059,서울 도봉구 쌍문동 158-1,candidate_unverified,덕성여자대학교 출입구 | 덕성여대 출입구
8262964,덕성여자대학교,1,18091632,한일병원 출입구,"교통,수송 > 입출구",37.6461186787473,127.029021159092,1370.7,1256.4,http://place.map.kakao.com/18091632,서울 도봉구 쌍문동 388-1,candidate_unverified,덕성여자대학교 출입구 | 덕성여대 출입구
8262964,덕성여자대학교,1,118749313,백년시장 7번게이트,"교통,수송 > 입출구",37.6428035451164,127.026966769166,1431.9,1378.7,http://place.map.kakao.com/118749313,서울 강북구 수유동 141,candidate_unverified,덕성여자대학교 출입구 | 덕성여대 출입구
8262964,덕성여자대학교,1,1476375486,한신초등학교 후문,"교통,수송 > 입출구",37.6530038477377,127.032999147719,1587.3,1384.0,http://place.map.kakao.com/1476375486,서울 도봉구 쌍문동 150-1,candidate_unverified,덕성여자대학교 출입구 | 덕성여대 출입구
8262964,덕성여자대학교,1,220646912,신도봉중학교 정문,"교통,수송 > 입출구",37.6487753542338,127.033637505474,1664.9,1499.3,http://place.map.kakao.com/220646912,서울 도봉구 쌍문동 94-1,candidate_unverified,덕성여자대학교 출입구 | 덕성여대 출입구
8262964,덕성여자대학교,1,18090503,국립 재활원 출입구,"교통,수송 > 입출구",37.6395337672872,127.010686530302,1393.2,1559.7,http://place.map.kakao.com/18090503,서울 강북구 수유동 521-13,candidate_unverified,덕성여자대학교 출입구 | 덕성여대 출입구
11333604,명지대학교 인문캠퍼스,1,27119687,명지대학교 입구,"교통,수송 > 입출구",37.5798245779138,126.923891021078,104.5,170.8,http://place.map.kakao.com/27119687,서울 서대문구 남가좌동 50-3,candidate_unverified,명지대학교 인문캠퍼스 출입구 | 명지대학교 정문 | 명지대학교 출입구 | 명지대학교 입구
11333604,명지대학교 인문캠퍼스,1,701959593,DMC센트럴아이파크아파트 정문,"교통,수송 > 입출구",37.5793734203346,126.921506155368,150.5,351.4,http://place.map.kakao.com/701959593,서울 서대문구 남가좌동 388,candidate_unverified,명지대학교 인문캠퍼스 출입구 | 명지대학교 출입구
11333604,명지대학교 인문캠퍼스,1,1604106416,명지대학교 후문,"교통,수송 > 입출구",37.5811955492862,126.924764756554,201.6,0.0,http://place.map.kakao.com/1604106416,서울 서대문구 남가좌동 50-3,candidate_unverified,명지대학교 인문캠퍼스 출입구 | 명지대학교 정문 | 명지대학교 후문 | 명지대학교 출입구 | 명지대학교 입구
11333604,명지대학교 인문캠퍼스,1,1393518829,DMC파크뷰자이3단지아파트 게이트1,"교통,수송 > 입출구",37.5729083071357,126.920788462933,834.2,985.9,http://place.map.kakao.com/1393518829,서울 서대문구 남가좌동 385,candidate_unverified,명지대학교 인문캠퍼스 출입구 | 명지대학교 출입구
11333604,명지대학교 인문캠퍼스,1,1502302031,DMC에코자이 정문,"교통,수송 > 입출구",37.5768089722529,126.919839063959,462.9,652.9,http://place.map.kakao.com/1502302031,서울 서대문구 남가좌동 215-16,candidate_unverified,명지대학교 인문캠퍼스 출입구 | 명지대학교 출입구
11333604,명지대학교 인문캠퍼스,1,2029641336,DMC파크뷰자이2단지아파트 정문,"교통,수송 > 입출구",37.5750843688263,126.914557726776,926.6,1127.3,http://place.map.kakao.com/2029641336,서울 서대문구 남가좌동 384,candidate_unverified,명지대학교 인문캠퍼스 출입구 | 명지대학교 출입구
11333604,명지대학교 인문캠퍼스,1,257711854,DMC파크뷰자이1단지아파트 게이트2,"교통,수송 > 입출구",37.5726505338801,126.920656292701,864.7,1016.8,http://place.map.kakao.com/257711854,서울 서대문구 남가좌동 115-7,candidate_unverified,명지대학교 인문캠퍼스 출입구 | 명지대학교 출입구
11333604,명지대학교 인문캠퍼스,1,544789257,DMC파크뷰자이2단지아파트 게이트7,"교통,수송 > 입출구",37.572953302647306,126.91426244598621,1106.7,1302.5,http://place.map.kakao.com/544789257,서울 서대문구 남가좌동 385,candidate_unverified,명지대학교 인문캠퍼스 출입구 | 명지대학교 출입구
11333604,명지대학교 인문캠퍼스,1,216461891,남가좌동현대아파트 후문,"교통,수송 > 입출구",37.5745567870401,126.920282966897,669.9,837.2,http://place.map.kakao.com/216461891,서울 서대문구 남가좌동 376,candidate_unverified,명지대학교 인문캠퍼스 출입구 | 명지대학교 출입구
11333604,명지대학교 인문캠퍼스,1,121884186,DMC센트럴아이파크아파트 후문,"교통,수송 > 입출구",37.5793103552118,126.920169218084,255.5,456.0,http://place.map.kakao.com/121884186,서울 서대문구 남가좌동 388,candidate_unverified,명지대학교 인문캠퍼스 출입구 | 명지대학교 출입구
11333604,명지대학교 인문캠퍼스,1,810270426,DMC파크뷰자이1단지아파트 게이트4,"교통,수송 > 입출구",37.5719118733027,126.915680881773,1119.3,1306.3,http://place.map.kakao.com/810270426,서울 서대문구 남가좌동 155-305,candidate_unverified,명지대학교 인문캠퍼스 출입구 | 명지대학교 출입구
11333604,명지대학교 인문캠퍼스,1,1481584013,서울가재울초등학교 후문,"교통,수송 > 입출구",37.5739380478405,126.918008280193,818.7,1002.9,http://place.map.kakao.com/1481584013,서울 서대문구 남가좌동 385-1,candidate_unverified,명지대학교 인문캠퍼스 출입구 | 명지대학교 출입구
11333604,명지대학교 인문캠퍼스,1,918074092,힐스테이트백련산4차아파트 정문,"교통,수송 > 입출구",37.5893059075563,126.921416468518,1016.3,948.9,http://place.map.kakao.com/918074092,서울 은평구 응암동 764,candidate_unverified,명지대학교 인문캠퍼스 출입구 | 명지대학교 출입구
11333604,명지대학교 인문캠퍼스,1,1879682761,백련산힐스테이트3차아파트 정문,"교통,수송 > 입출구",37.5888698980976,126.922889970102,960.2,869.2,http://place.map.kakao.com/1879682761,서울 은평구 응암동 761,candidate_unverified,명지대학교 인문캠퍼스 출입구 | 명지대학교 출입구
11333604,명지대학교 인문캠퍼스,1,1367404603,DMC파크뷰자이1단지아파트 게이트5,"교통,수송 > 입출구",37.5735178580138,126.91625979054,944.7,1136.0,http://place.map.kakao.com/1367404603,서울 서대문구 남가좌동 385,candidate_unverified,명지대학교 인문캠퍼스 출입구 | 명지대학교 출입구
11333604,명지대학교 인문캠퍼스,1,1734223187,래미안루센티아 후문,"교통,수송 > 입출구",37.5755338169922,126.918163883757,664.8,857.2,http://place.map.kakao.com/1734223187,서울 서대문구 남가좌동 181-14,candidate_unverified,명지대학교 인문캠퍼스 출입구 | 명지대학교 출입구
11333604,명지대학교 인문캠퍼스,1,1201522040,명지전문대학 후문,"교통,수송 > 입출구",37.5836776456485,126.925968009718,472.6,295.7,http://place.map.kakao.com/1201522040,서울 서대문구 홍은동 361-2,candidate_unverified,명지대학교 인문캠퍼스 출입구 | 명지대학교 정문 | 명지대학교 후문 | 명지대학교 출입구 | 명지대학교 입구
11333604,명지대학교 인문캠퍼스,1,879204141,DMC센트레빌아파트 정문,"교통,수송 > 입출구",37.5761758432457,126.916332661278,728.7,929.4,http://place.map.kakao.com/879204141,서울 서대문구 남가좌동 381,candidate_unverified,명지대학교 인문캠퍼스 출입구 | 명지대학교 출입구
11333604,명지대학교 인문캠퍼스,1,1490088544,DMC파크뷰자이2단지아파트 게이트6,"교통,수송 > 입출구",37.5737339156024,126.916004846376,940.0,1133.3,http://place.map.kakao.com/1490088544,서울 서대문구 남가좌동 385,candidate_unverified,명지대학교 인문캠퍼스 출입구 | 명지대학교 출입구
11333604,명지대학교 인문캠퍼스,1,1604051531,DMC파크뷰자이1단지아파트 게이트3,"교통,수송 > 입출구",37.5705969772924,126.917747063687,1161.3,1330.9,http://place.map.kakao.com/1604051531,서울 서대문구 남가좌동 385,candidate_unverified,명지대학교 인문캠퍼스 출입구 | 명지대학교 출입구
11333604,명지대학교 인문캠퍼스,1,1962396769,DMC래미안E편한세상2단지아파트 정문,"교통,수송 > 입출구",37.5756293783248,126.910779491215,1178.5,1379.1,http://place.map.kakao.com/1962396769,서울 서대문구 북가좌동 477-1,candidate_unverified,명지대학교 인문캠퍼스 출입구 | 명지대학교 출입구
11333604,명지대학교 인문캠퍼스,1,1647485528,DMC파크뷰자이1단지아파트 P7주차장입구,"교통,수송 > 입출구",37.5742039258821,126.918130246537,787.9,972.7,http://place.map.kakao.com/1647485528,서울 서대문구 남가좌동 385,candidate_unverified,명지대학교 인문캠퍼스 출입구 | 명지대학교 출입구
11333604,명지대학교 인문캠퍼스,1,737979858,래미안루센티아 정문,"교통,수송 > 입출구",37.5758156220784,126.916582113432,737.6,936.9,http://place.map.kakao.com/737979858,서울 서대문구 남가좌동 175-210,candidate_unverified,명지대학교 인문캠퍼스 출입구 | 명지대학교 출입구
11333604,명지대학교 인문캠퍼스,1,522196207,백련산파크자이아파트 정문,"교통,수송 > 입출구",37.5913792281753,126.921623759854,1243.7,1165.7,http://place.map.kakao.com/522196207,서울 은평구 응암동 766,candidate_unverified,명지대학교 인문캠퍼스 출입구 | 명지대학교 출입구
11333604,명지대학교 인문캠퍼스,1,24638098,홍제천남가좌 진출입로7,"교통,수송 > 입출구",37.5734127529246,126.923349656251,760.0,874.3,http://place.map.kakao.com/24638098,서울 서대문구 남가좌동 332-27,candidate_unverified,명지대학교 인문캠퍼스 출입구 | 명지대학교 출입구
11333604,명지대학교 인문캠퍼스,1,1200760199,백련산힐스테이트3차아파트 후문,"교통,수송 > 입출구",37.5883379800379,126.925173096825,924.5,795.0,http://place.map.kakao.com/1200760199,서울 은평구 응암동 761,candidate_unverified,명지대학교 인문캠퍼스 출입구 | 명지대학교 출입구
11333604,명지대학교 인문캠퍼스,1,729309302,래미안DMC루센티아 부출입구2,"교통,수송 > 입출구",37.5759911354233,126.92023162793,524.3,703.2,http://place.map.kakao.com/729309302,서울 서대문구 남가좌동 190-39,candidate_unverified,명지대학교 인문캠퍼스 출입구 | 명지대학교 출입구
11333604,명지대학교 인문캠퍼스,1,288673881,백련산힐스테이트1차아파트 정문,"교통,수송 > 입출구",37.5917143862617,126.924369192915,1283.7,1170.2,http://place.map.kakao.com/288673881,서울 은평구 응암동 759,candidate_unverified,명지대학교 인문캠퍼스 출입구 | 명지대학교 출입구
11333604,명지대학교 인문캠퍼스,1,1381655316,DMC래미안e편한세상2단지아파트 후문,"교통,수송 > 입출구",37.575042011467,126.914543058785,930.6,1131.2,http://place.map.kakao.com/1381655316,서울 서대문구 남가좌동 384,candidate_unverified,명지대학교 인문캠퍼스 출입구 | 명지대학교 출입구
11333604,명지대학교 인문캠퍼스,1,977695565,서울문화재단 연희문학창작촌 후문,"교통,수송 > 입출구",37.5724698669074,126.931413793741,1148.3,1133.5,http://place.map.kakao.com/977695565,서울 서대문구 연희동 200-141,candidate_unverified,명지대학교 인문캠퍼스 출입구 | 명지대학교 출입구
11333604,명지대학교 인문캠퍼스,1,1660033784,백련산힐스테이트2차아파트 정문,"교통,수송 > 입출구",37.5888933342305,126.922905797278,962.8,871.5,http://place.map.kakao.com/1660033784,서울 은평구 응암동 760,candidate_unverified,명지대학교 인문캠퍼스 출입구 | 명지대학교 출입구
11333604,명지대학교 인문캠퍼스,1,24638105,홍제천남가좌계단 진출입로9,"교통,수송 > 입출구",37.5757789342478,126.926449023214,589.5,620.3,http://place.map.kakao.com/24638105,서울 서대문구 남가좌동 79-167,candidate_unverified,명지대학교 인문캠퍼스 출입구 | 명지대학교 출입구
11333604,명지대학교 인문캠퍼스,1,24636683,홍제천연희계단 진출입로7,"교통,수송 > 입출구",37.5753034009479,126.926757404111,648.7,678.3,http://place.map.kakao.com/24636683,서울 서대문구 연희동 696,candidate_unverified,명지대학교 인문캠퍼스 출입구 | 명지대학교 출입구
11333604,명지대학교 인문캠퍼스,1,24638099,홍제천남가좌경사로 진출입로8,"교통,수송 > 입출구",37.5751801151948,126.925557571035,611.5,672.5,http://place.map.kakao.com/24638099,서울 서대문구 남가좌동 79-167,candidate_unverified,명지대학교 인문캠퍼스 출입구 | 명지대학교 출입구
11333604,명지대학교 인문캠퍼스,1,24638089,홍제천남가좌계단 진출입로6,"교통,수송 > 입출구",37.5722404838801,126.921861162292,893.0,1028.1,http://place.map.kakao.com/24638089,서울 서대문구 연희동 526,candidate_unverified,명지대학교 인문캠퍼스 출입구 | 명지대학교 출입구
11333604,명지대학교 인문캠퍼스,1,1729686180,DMC래미안e편한세상3단지아파트 후문,"교통,수송 > 입출구",37.5752131668032,126.907332949484,1474.9,1674.0,http://place.map.kakao.com/1729686180,서울 서대문구 북가좌동 481,candidate_unverified,명지대학교 인문캠퍼스 출입구 | 명지대학교 출입구
11333604,명지대학교 인문캠퍼스,1,24636680,홍제천연희경사로 진출입로6,"교통,수송 > 입출구",37.5749751064562,126.926223408049,657.1,703.5,http://place.map.kakao.com/24636680,서울 서대문구 연희동 696,candidate_unverified,명지대학교 인문캠퍼스 출입구 | 명지대학교 출입구
11333604,명지대학교 인문캠퍼스,1,24638106,홍제천홍은경사로 진출입로1,"교통,수송 > 입출구",37.5763959194252,126.927589523086,598.8,588.9,http://place.map.kakao.com/24638106,서울 서대문구 홍은동 387-61,candidate_unverified,명지대학교 인문캠퍼스 출입구 | 명지대학교 출입구
11333604,명지대학교 인문캠퍼스,1,1641608092,DMC파크뷰자이2단지아파트 후문,"교통,수송 > 입출구",37.5728180737557,126.914152797394,1124.3,1320.0,http://place.map.kakao.com/1641608092,서울 서대문구 남가좌동 384,candidate_unverified,명지대학교 인문캠퍼스 출입구 | 명지대학교 출입구
11333604,명지대학교 인문캠퍼스,1,24636685,홍제천연희계단 진출입로8,"교통,수송 > 입출구",37.5762126577631,126.928477225824,669.5,643.4,http://place.map.kakao.com/24636685,서울 서대문구 연희동 735,candidate_unverified,명지대학교 인문캠퍼스 출입구 | 명지대학교 출입구
11333604,명지대학교 인문캠퍼스,1,24638110,홍제천홍은계단 진출입로3,"교통,수송 > 입출구",37.5772438231417,126.929187175207,651.9,587.3,http://place.map.kakao.com/24638110,서울 서대문구 홍은동 387-61,candidate_unverified,명지대학교 인문캠퍼스 출입구 | 명지대학교 출입구
11333604,명지대학교 인문캠퍼스,1,24638109,홍제천홍은계단 진출입로2,"교통,수송 > 입출구",37.5769515438773,126.92859425321,626.0,580.2,http://place.map.kakao.com/24638109,서울 서대문구 홍은동 387-16,candidate_unverified,명지대학교 인문캠퍼스 출입구 | 명지대학교 출입구
11333604,명지대학교 인문캠퍼스,1,24638858,홍제천홍은경사로 진출입로4,"교통,수송 > 입출구",37.5777273223086,126.930137656546,702.2,610.7,http://place.map.kakao.com/24638858,서울 서대문구 홍은동 277-152,candidate_unverified,명지대학교 인문캠퍼스 출입구 | 명지대학교 출입구
11333604,명지대학교 인문캠퍼스,1,1782441173,래미안남가좌2차아파트 정문,"교통,수송 > 입출구",37.5721734061593,126.913527548947,1214.4,1409.7,http://place.map.kakao.com/1782441173,서울 서대문구 남가좌동 379,candidate_unverified,명지대학교 인문캠퍼스 출입구 | 명지대학교 출입구
11333604,명지대학교 인문캠퍼스,1,24636671,홍제천연희경사로 진출입로2,"교통,수송 > 입출구",37.5719307900046,126.922237304106,924.8,1054.0,http://place.map.kakao.com/24636671,서울 서대문구 연희동 526,candidate_unverified,명지대학교 인문캠퍼스 출입구 | 명지대학교 출입구
8356870,상명대학교 서울캠퍼스,1,905888256,상명대학교 서울캠퍼스 후문,"교통,수송 > 입출구",37.6040681518797,126.957266254381,257.3,0.0,http://place.map.kakao.com/905888256,서울 종로구 홍지동 7-1,candidate_unverified,상명대학교 서울캠퍼스 정문 | 상명대학교 서울캠퍼스 후문 | 상명대학교 서울캠퍼스 출입구 | 상명대학교 서울캠퍼스 입구 | 상명대학교 정문 | 상명대학교 후문 | 상명대학교 출입구 | 상명대학교 입구
8356870,상명대학교 서울캠퍼스,1,161482594,홍제역해링턴플레이스아파트 서문,"교통,수송 > 입출구",37.5889426566929,126.947011143829,1659.3,1909.2,http://place.map.kakao.com/161482594,서울 서대문구 홍제동 270-1,candidate_unverified,상명대학교 서울캠퍼스 서문 | 상명대학교 서울캠퍼스 출입구 | 상명대학교 서문 | 상명대학교 출입구
8356870,상명대학교 서울캠퍼스,1,884704741,홍은벽산아파트 정문,"교통,수송 > 입출구",37.5946382051167,126.945858926215,1195.5,1452.4,http://place.map.kakao.com/884704741,서울 서대문구 홍은동 455,candidate_unverified,상명대학교 서울캠퍼스 출입구 | 상명대학교 출입구
8356870,상명대학교 서울캠퍼스,1,18608018,탕춘 대성암문입구,"교통,수송 > 입출구",37.6085900334825,126.956755157713,707.9,504.8,http://place.map.kakao.com/18608018,서울 종로구 구기동 127-13,candidate_unverified,상명대학교 서울캠퍼스 출입구 | 상명대학교 출입구
8356870,상명대학교 서울캠퍼스,1,24637828,홍제천홍제경사로 진출입로12,"교통,수송 > 입출구",37.5982579468376,126.948911468985,725.2,979.4,http://place.map.kakao.com/24637828,서울 서대문구 홍제동 287-198,candidate_unverified,상명대학교 서울캠퍼스 출입구 | 상명대학교 출입구
8356870,상명대학교 서울캠퍼스,1,24637826,홍제천홍제경사로 진출입로11,"교통,수송 > 입출구",37.5984377334065,126.947969202315,780.6,1030.9,http://place.map.kakao.com/24637826,서울 서대문구 홍제동 287-59,candidate_unverified,상명대학교 서울캠퍼스 출입구 | 상명대학교 출입구
8356870,상명대학교 서울캠퍼스,1,24637268,홍제천홍제계단 진출입로8,"교통,수송 > 입출구",37.5943541144215,126.947233771448,1138.6,1395.7,http://place.map.kakao.com/24637268,서울 서대문구 홍제동 277-67,candidate_unverified,상명대학교 서울캠퍼스 출입구 | 상명대학교 출입구
8356870,상명대학교 서울캠퍼스,1,1803959914,목인박물관 목석원 입구,"교통,수송 > 입출구",37.58900829713274,126.9632564977883,1636.1,1755.8,http://place.map.kakao.com/1803959914,서울 종로구 부암동 338-42,candidate_unverified,상명대학교 서울캠퍼스 출입구 | 상명대학교 출입구
8356870,상명대학교 서울캠퍼스,1,24637825,홍제천홍제경사로 진출입로10,"교통,수송 > 입출구",37.5973451707758,126.946710770173,941.0,1193.1,http://place.map.kakao.com/24637825,서울 서대문구 홍제동 287-108,candidate_unverified,상명대학교 서울캠퍼스 출입구 | 상명대학교 출입구
8356870,상명대학교 서울캠퍼스,1,743856372,현대그랜드빌리젠시 입구,"교통,수송 > 입출구",37.6117903481097,126.956757834999,1060.1,859.8,http://place.map.kakao.com/743856372,서울 종로구 구기동 139-21,candidate_unverified,상명대학교 서울캠퍼스 출입구 | 상명대학교 출입구
8356870,상명대학교 서울캠퍼스,1,24637562,홍제천홍제경사로 진출입로9,"교통,수송 > 입출구",37.5963360609445,126.946711489818,1011.1,1266.4,http://place.map.kakao.com/24637562,서울 서대문구 홍제동 287-198,candidate_unverified,상명대학교 서울캠퍼스 출입구 | 상명대학교 출입구
8356870,상명대학교 서울캠퍼스,1,27271133,청와대 사랑채 입구,"교통,수송 > 입출구",37.5818877258424,126.97321371671741,2764.1,2838.5,http://place.map.kakao.com/27271133,서울 종로구 효자동 196,candidate_unverified,상명대학교 서울캠퍼스 출입구 | 상명대학교 출입구
8356870,상명대학교 서울캠퍼스,1,1161463024,북한산푸르지오아파트 정문,"교통,수송 > 입출구",37.6054254591325,126.936224942205,1719.8,1859.7,http://place.map.kakao.com/1161463024,서울 은평구 녹번동 281,candidate_unverified,상명대학교 서울캠퍼스 출입구 | 상명대학교 출입구
8356870,상명대학교 서울캠퍼스,1,18071588,실락어린이공원 출입구,"교통,수송 > 입출구",37.5950043664302,126.942799099171,1372.9,1624.9,http://place.map.kakao.com/18071588,서울 서대문구 홍은동 71-1026,candidate_unverified,상명대학교 서울캠퍼스 출입구 | 상명대학교 출입구
8356870,상명대학교 서울캠퍼스,1,1491119879,대림e편한세상아파트 후문,"교통,수송 > 입출구",37.6000079542964,126.936502477103,1680.2,1884.1,http://place.map.kakao.com/1491119879,서울 은평구 녹번동 55,candidate_unverified,상명대학교 서울캠퍼스 출입구 | 상명대학교 출입구
8356870,상명대학교 서울캠퍼스,1,910562907,래미안베라힐즈아파트 정문,"교통,수송 > 입출구",37.6027721265447,126.936378955624,1672.0,1845.7,http://place.map.kakao.com/910562907,서울 은평구 녹번동 283,candidate_unverified,상명대학교 서울캠퍼스 출입구 | 상명대학교 출입구
8356870,상명대학교 서울캠퍼스,1,24637264,홍제천홍제경사로 진출입로7,"교통,수송 > 입출구",37.5925982512776,126.945622621958,1379.7,1636.7,http://place.map.kakao.com/24637264,서울 서대문구 홍제동 433,candidate_unverified,상명대학교 서울캠퍼스 출입구 | 상명대학교 출입구
8356870,상명대학교 서울캠퍼스,1,161603189,홍제역해링턴플레이스 동문,"교통,수송 > 입출구",37.5901955484498,126.948165160191,1489.6,1738.5,http://place.map.kakao.com/161603189,서울 서대문구 홍제동 270-1,candidate_unverified,상명대학교 서울캠퍼스 출입구 | 상명대학교 출입구
8356870,상명대학교 서울캠퍼스,1,84651259,HDX휴팰리스아파트 정문,"교통,수송 > 입출구",37.5956248790418,126.94043089781,1510.7,1755.3,http://place.map.kakao.com/84651259,서울 서대문구 홍은동 465,candidate_unverified,상명대학교 서울캠퍼스 출입구 | 상명대학교 출입구
8356870,상명대학교 서울캠퍼스,1,24637262,홍제천홍제경사로 진출입로6,"교통,수송 > 입출구",37.592064479505,126.944794175718,1471.7,1728.8,http://place.map.kakao.com/24637262,서울 서대문구 홍제동 266-271,candidate_unverified,상명대학교 서울캠퍼스 출입구 | 상명대학교 출입구
8356870,상명대학교 서울캠퍼스,1,1134629756,래미안베라힐즈 2번게이트,"교통,수송 > 입출구",37.6053245262821,126.936184258785,1721.1,1862.4,http://place.map.kakao.com/1134629756,서울 은평구 녹번동 281-12,candidate_unverified,상명대학교 서울캠퍼스 출입구 | 상명대학교 출입구
8356870,상명대학교 서울캠퍼스,1,234661776,북한산더샵아파트 게이트2,"교통,수송 > 입출구",37.5925082759246,126.942094457966,1598.3,1854.4,http://place.map.kakao.com/234661776,서울 서대문구 홍은동 464,candidate_unverified,상명대학교 서울캠퍼스 출입구 | 상명대학교 출입구
8356870,상명대학교 서울캠퍼스,1,75444292,인왕산 등산로 입구,"교통,수송 > 입출구",37.5782355968308,126.961916883022,2740.1,2901.5,http://place.map.kakao.com/75444292,서울 종로구 사직동 산 1-24,candidate_unverified,상명대학교 서울캠퍼스 출입구 | 상명대학교 출입구
8356870,상명대학교 서울캠퍼스,1,2093859707,홍제센트럴아이파크아파트 정문,"교통,수송 > 입출구",37.58475336982117,126.94775002847291,2065.1,2305.6,http://place.map.kakao.com/2093859707,서울 서대문구 홍제동 473,candidate_unverified,상명대학교 서울캠퍼스 출입구 | 상명대학교 출입구
8356870,상명대학교 서울캠퍼스,1,699204189,안산자락길 입구,"교통,수송 > 입출구",37.5770768343509,126.951822887173,2824.3,3039.4,http://place.map.kakao.com/699204189,서울 서대문구 현저동 산 5-47,candidate_unverified,상명대학교 서울캠퍼스 출입구 | 상명대학교 출입구
8356870,상명대학교 서울캠퍼스,1,720274158,녹번역e편한세상캐슬아파트 후문,"교통,수송 > 입출구",37.5994288631158,126.933673103501,1936.6,2141.5,http://place.map.kakao.com/720274158,서울 은평구 응암동 769,candidate_unverified,상명대학교 서울캠퍼스 출입구 | 상명대학교 출입구
8356870,상명대학교 서울캠퍼스,1,1445219111,통인시장 출입구,"교통,수송 > 입출구",37.5808294405755,126.97101778763,2759.9,2854.0,http://place.map.kakao.com/1445219111,서울 종로구 창성동,candidate_unverified,상명대학교 서울캠퍼스 출입구 | 상명대학교 출입구
8356870,상명대학교 서울캠퍼스,1,18607976,형제봉 입구,"교통,수송 > 입출구",37.6127843997002,126.982118480824,2629.4,2394.1,http://place.map.kakao.com/18607976,서울 종로구 평창동 산 6-416,candidate_unverified,상명대학교 서울캠퍼스 출입구 | 상명대학교 출입구
8356870,상명대학교 서울캠퍼스,1,1176118518,홍제센트럴아이파크아파트 후문,"교통,수송 > 입출구",37.58483107389,126.944287773374,2175.5,2425.5,http://place.map.kakao.com/1176118518,서울 서대문구 홍제동 321-19,candidate_unverified,상명대학교 서울캠퍼스 출입구 | 상명대학교 출입구
8356870,상명대학교 서울캠퍼스,1,1100739713,불광롯데캐슬아파트 정문,"교통,수송 > 입출구",37.6133647251987,126.932532648047,2355.3,2411.5,http://place.map.kakao.com/1100739713,서울 은평구 불광동 645,candidate_unverified,상명대학교 서울캠퍼스 출입구 | 상명대학교 출입구
8356870,상명대학교 서울캠퍼스,1,775956582,서대문푸르지오센트럴파크아파트 게이트2,"교통,수송 > 입출구",37.5799415824008,126.950821393397,2520.4,2742.2,http://place.map.kakao.com/775956582,서울 서대문구 홍제동 478,candidate_unverified,상명대학교 서울캠퍼스 출입구 | 상명대학교 출입구
8356870,상명대학교 서울캠퍼스,1,1946546145,녹번e편한세상캐슬아파트 출입구4,"교통,수송 > 입출구",37.5984797644361,126.92993934076155,2279.0,2486.3,http://place.map.kakao.com/1946546145,서울 은평구 응암동 769,candidate_unverified,상명대학교 서울캠퍼스 출입구 | 상명대학교 출입구
8356870,상명대학교 서울캠퍼스,1,1752657863,배화여자중학교 정문,"교통,수송 > 입출구",37.5780508109265,126.967684902097,2909.5,3035.1,http://place.map.kakao.com/1752657863,서울 종로구 필운동 12,candidate_unverified,상명대학교 서울캠퍼스 출입구 | 상명대학교 출입구
8356870,상명대학교 서울캠퍼스,1,1100662456,불광롯데캐슬아파트 후문,"교통,수송 > 입출구",37.61281596320849,126.93402025051276,2211.8,2267.0,http://place.map.kakao.com/1100662456,서울 은평구 불광동 645,candidate_unverified,상명대학교 서울캠퍼스 출입구 | 상명대학교 출입구
8356870,상명대학교 서울캠퍼스,1,1178271027,무악현대아파트후문,"교통,수송 > 입출구",37.5765642374516,126.961870188001,2921.2,3085.1,http://place.map.kakao.com/1178271027,서울 종로구 무악동 82,candidate_unverified,상명대학교 서울캠퍼스 출입구 | 상명대학교 출입구
8356870,상명대학교 서울캠퍼스,1,24636880,홍제천홍제경사로 진출입로5,"교통,수송 > 입출구",37.5893762982886,126.93828347668,2081.6,2337.9,http://place.map.kakao.com/24636880,서울 서대문구 홍제동 산 40-10,candidate_unverified,상명대학교 서울캠퍼스 출입구 | 상명대학교 출입구
8356870,상명대학교 서울캠퍼스,1,640487566,삼익 정문,"교통,수송 > 입출구",37.6196345790769,126.932318564921,2796.7,2797.3,http://place.map.kakao.com/640487566,서울 은평구 불광동 19-3,candidate_unverified,상명대학교 서울캠퍼스 출입구 | 상명대학교 출입구
8356870,상명대학교 서울캠퍼스,1,24636710,홍제천홍제계단 진출입로3,"교통,수송 > 입출구",37.5864232281607,126.935627504072,2478.9,2735.7,http://place.map.kakao.com/24636710,서울 서대문구 홍제동 361-136,candidate_unverified,상명대학교 서울캠퍼스 출입구 | 상명대학교 출입구
8356870,상명대학교 서울캠퍼스,1,24636878,홍제천홍제경사로 진출입로4,"교통,수송 > 입출구",37.5876777216333,126.936201592105,2344.7,2601.1,http://place.map.kakao.com/24636878,서울 서대문구 홍제동 361-136,candidate_unverified,상명대학교 서울캠퍼스 출입구 | 상명대학교 출입구
8356870,상명대학교 서울캠퍼스,1,24640498,홍제천홍은경사로 진출입로11,"교통,수송 > 입출구",37.5879730408198,126.935820912213,2346.5,2602.5,http://place.map.kakao.com/24640498,서울 서대문구 홍은동 산 11-82,candidate_unverified,상명대학교 서울캠퍼스 출입구 | 상명대학교 출입구
8356870,상명대학교 서울캠퍼스,1,1432065473,e편한세상백련산아파트 후문,"교통,수송 > 입출구",37.59563674503722,126.9235023788824,2902.6,3118.8,http://place.map.kakao.com/1432065473,서울 은평구 응암동 771,candidate_unverified,상명대학교 서울캠퍼스 출입구 | 상명대학교 출입구
8356870,상명대학교 서울캠퍼스,1,24636705,홍제천홍제계단 진출입로1,"교통,수송 > 입출구",37.5830830903278,126.937007076583,2681.1,2937.9,http://place.map.kakao.com/24636705,서울 서대문구 홍제동 361-132,candidate_unverified,상명대학교 서울캠퍼스 출입구 | 상명대학교 출입구
8356870,상명대학교 서울캠퍼스,1,24640494,홍제천홍은계단 진출입로10,"교통,수송 > 입출구",37.5866211463535,126.935079346313,2497.5,2754.0,http://place.map.kakao.com/24640494,서울 서대문구 홍은동 265-479,candidate_unverified,상명대학교 서울캠퍼스 출입구 | 상명대학교 출입구
8356870,상명대학교 서울캠퍼스,1,105702353,북한산힐스테이트7차아파트 정문,"교통,수송 > 입출구",37.6158170979367,126.926309931158,2965.7,3023.6,http://place.map.kakao.com/105702353,서울 은평구 불광동 643,candidate_unverified,상명대학교 서울캠퍼스 출입구 | 상명대학교 출입구
8356870,상명대학교 서울캠퍼스,1,437551942,본서부병원 주차장입구,"교통,수송 > 입출구",37.60070528965984,126.92284151923238,2869.5,3055.6,http://place.map.kakao.com/437551942,서울 은평구 응암동 87-12,candidate_unverified,상명대학교 서울캠퍼스 출입구 | 상명대학교 출입구
7946584,서경대학교,1,1025075529,서경대학교 서문입구,"교통,수송 > 입출구",37.6162361929177,127.009061234256,389.9,0.0,http://place.map.kakao.com/1025075529,서울 성북구 정릉동 239-23,candidate_unverified,서경대학교 정문 | 서경대학교 후문 | 서경대학교 서문 | 서경대학교 출입구 | 서경대학교 입구
7946584,서경대학교,1,1569937142,북서울꿈의숲 서문 주차장,"교통,수송 > 교통시설 > 주차장",37.6219481274988,127.037887918169,2281.4,2617.2,http://place.map.kakao.com/1569937142,서울 강북구 번동 90,candidate_unverified,서경대학교 서문
7946584,서경대학교,1,18091378,북서울꿈의숲 서문,"교통,수송 > 입출구",37.6221535743957,127.037820057795,2283.2,2617.0,http://place.map.kakao.com/18091378,서울 강북구 번동 120-6,candidate_unverified,서경대학교 서문
7946584,서경대학교,1,1214365824,서울강북 북서울꿈의숲 동문 및 서문주차장(콘센트) 전기차충전소,"교통,수송 > 자동차 > 전기차 충전소",37.6202547317687,127.04432427911007,2781.5,3137.8,http://place.map.kakao.com/1214365824,서울 강북구 번동 90,candidate_unverified,서경대학교 서문
7946584,서경대학교,1,606155507,미아두산위브트레이지움아파트 정문,"교통,수송 > 입출구",37.6182663263179,127.015680892184,381.5,625.2,http://place.map.kakao.com/606155507,서울 강북구 미아동 811,candidate_unverified,서경대학교 출입구
7946584,서경대학교,1,208407582,대일외국어고등학교 정문,"교통,수송 > 입출구",37.61312740639759,127.01307028626044,251.0,494.2,http://place.map.kakao.com/208407582,서울 성북구 정릉동 산 17-83,candidate_unverified,서경대학교 출입구
7946584,서경대학교,1,527095321,길음뉴타운4단지e편한세상아파트 후문,"교통,수송 > 입출구",37.6122339151647,127.017751139109,521.6,885.4,http://place.map.kakao.com/527095321,서울 성북구 길음동 1281-8,candidate_unverified,서경대학교 출입구
7946584,서경대학교,1,26396952,국민대학교 후문,"교통,수송 > 입출구",37.6111819935464,126.99966022671174,1292.9,1000.8,http://place.map.kakao.com/26396952,서울 성북구 정릉동 848-10,candidate_unverified,서경대학교 출입구
7946584,서경대학교,1,2014110659,대일외국어고등학교 후문,"교통,수송 > 입출구",37.613367836936,127.014224458714,235.9,555.5,http://place.map.kakao.com/2014110659,서울 성북구 정릉동 227-13,candidate_unverified,서경대학교 출입구
7946584,서경대학교,1,1644907959,정릉힐스테이트3차아파트 후문,"교통,수송 > 입출구",37.61543704491,127.008679436875,411.6,95.0,http://place.map.kakao.com/1644907959,서울 성북구 정릉동 1031-4,candidate_unverified,서경대학교 출입구
7946584,서경대학교,1,18094037,국민대학교 정문,"교통,수송 > 입출구",37.611078257923545,126.99462592662364,1717.2,1394.9,http://place.map.kakao.com/18094037,서울 성북구 정릉동 861-1,candidate_unverified,서경대학교 출입구
7946584,서경대학교,1,642896342,길음뉴타운4단지e편한세상아파트 정문,"교통,수송 > 입출구",37.6112800801063,127.021308343344,835.7,1211.4,http://place.map.kakao.com/642896342,서울 성북구 길음동 1281-8,candidate_unverified,서경대학교 출입구
7946584,서경대학교,1,715506317,길음뉴타운8단지래미안아파트 정문,"교통,수송 > 입출구",37.607701705619,127.019240464655,998.4,1305.6,http://place.map.kakao.com/715506317,서울 성북구 길음동 1284,candidate_unverified,서경대학교 출입구
7946584,서경대학교,1,2014376991,길음동부센트레빌아파트 정문,"교통,수송 > 입출구",37.6088730489181,127.023862672718,1174.6,1539.5,http://place.map.kakao.com/2014376991,서울 성북구 길음동 1278,candidate_unverified,서경대학교 출입구
7946584,서경대학교,1,601685807,SK북한산시티아파트 1출입구,"교통,수송 > 입출구",37.6192453666625,127.010581682745,494.8,360.4,http://place.map.kakao.com/601685807,서울 강북구 미아동 1353,candidate_unverified,서경대학교 출입구
7946584,서경대학교,1,615145477,SK북한산시티아파트 4출입구,"교통,수송 > 입출구",37.6171410459724,127.015270630049,259.2,556.1,http://place.map.kakao.com/615145477,서울 강북구 미아동 1353,candidate_unverified,서경대학교 출입구
7946584,서경대학교,1,659939100,서울송천초등학교 정문,"교통,수송 > 입출구",37.6148466375138,127.023706012833,913.9,1299.1,http://place.map.kakao.com/659939100,서울 강북구 미아동 438,candidate_unverified,서경대학교 출입구
7946584,서경대학교,1,602720401,벽산라이브파크아파트 후문,"교통,수송 > 입출구",37.6216192932363,127.012389865777,699.6,666.5,http://place.map.kakao.com/602720401,서울 강북구 미아동 1354,candidate_unverified,서경대학교 출입구
7946584,서경대학교,1,600483446,SK북한산시티아파트 3출입구(방문차량),"교통,수송 > 입출구",37.6186186671223,127.0152652688,398.3,607.3,http://place.map.kakao.com/600483446,서울 강북구 미아동 1353,candidate_unverified,서경대학교 출입구
7946584,서경대학교,1,79127439,서울삼양초등학교 후문,"교통,수송 > 입출구",37.62334789523,127.015691021623,910.3,983.0,http://place.map.kakao.com/79127439,서울 강북구 미아동 791-1932,candidate_unverified,서경대학교 출입구
7946584,서경대학교,1,968612218,롯데캐슬클라시아아파트 정문,"교통,수송 > 입출구",37.60937041778745,127.0278697939705,1442.6,1824.2,http://place.map.kakao.com/968612218,서울 성북구 길음동 1289,candidate_unverified,서경대학교 출입구
7946584,서경대학교,1,399808620,길음뉴타운8단지래미안아파트 후문,"교통,수송 > 입출구",37.6070200015407,127.016992247768,982.7,1240.3,http://place.map.kakao.com/399808620,서울 성북구 길음동 1284,candidate_unverified,서경대학교 출입구
7946584,서경대학교,1,1404239571,정릉대우아파트 정문,"교통,수송 > 입출구",37.6174645215763,127.003953028475,859.8,470.2,http://place.map.kakao.com/1404239571,서울 성북구 정릉동 1021,candidate_unverified,서경대학교 출입구
7946584,서경대학교,1,1770621346,미아동부센트레빌아파트 정문,"교통,수송 > 입출구",37.6133234071765,127.026344510767,1166.9,1556.4,http://place.map.kakao.com/1770621346,서울 강북구 미아동 474,candidate_unverified,서경대학교 출입구
7946584,서경대학교,1,601154249,SK북한산시티아파트 2출입구,"교통,수송 > 입출구",37.6199209581633,127.012133591436,516.9,491.0,http://place.map.kakao.com/601154249,서울 강북구 미아동 1353,candidate_unverified,서경대학교 출입구
7946584,서경대학교,1,2014538889,래미안센터피스 정문,"교통,수송 > 입출구",37.6125051255695,127.027155162032,1257.0,1646.9,http://place.map.kakao.com/2014538889,서울 성북구 길음동 481-1,candidate_unverified,서경대학교 출입구
7946584,서경대학교,1,413157008,영훈초등학교 후문,"교통,수송 > 입출구",37.6127942693075,127.027473528345,1276.5,1666.3,http://place.map.kakao.com/413157008,서울 강북구 미아동 471-2,candidate_unverified,서경대학교 출입구
7946584,서경대학교,1,1791097469,고려대학교 메디사이언스파크 후문,"교통,수송 > 입출구",37.6091935104215,126.999737248986,1382.1,1134.8,http://place.map.kakao.com/1791097469,서울 성북구 정릉동 656-2,candidate_unverified,서경대학교 출입구
7946584,서경대학교,1,1892528642,서울청덕초등학교 후문,"교통,수송 > 입출구",37.6120154081853,126.999586604553,1268.6,957.5,http://place.map.kakao.com/1892528642,서울 성북구 정릉동 847,candidate_unverified,서경대학교 출입구
7946584,서경대학교,1,2015250746,래미안길음센터피스아파트 게이트2,"교통,수송 > 입출구",37.61237898843733,127.02714945318834,1260.1,1650.0,http://place.map.kakao.com/2015250746,서울 성북구 길음동 1288,candidate_unverified,서경대학교 출입구
7946584,서경대학교,1,1988860420,래미안길음센터피스아파트 게이트1,"교통,수송 > 입출구",37.60989847750558,127.02752909101751,1389.3,1772.8,http://place.map.kakao.com/1988860420,서울 성북구 길음동 1288,candidate_unverified,서경대학교 출입구
7946584,서경대학교,1,1017446777,래미안길음센터피스아파트 게이트3,"교통,수송 > 입출구",37.6111828583854,127.025428632974,1161.4,1547.3,http://place.map.kakao.com/1017446777,서울 성북구 길음동 503-108,candidate_unverified,서경대학교 출입구
7946584,서경대학교,1,598742338,영훈고등학교 후문,"교통,수송 > 입출구",37.6133322165335,127.027227949834,1243.2,1632.4,http://place.map.kakao.com/598742338,서울 강북구 미아동 471-14,candidate_unverified,서경대학교 출입구
7946584,서경대학교,1,1464961576,롯데캐슬클라시아아파트 후문,"교통,수송 > 입출구",37.6075191746754,127.026612003746,1458.5,1824.7,http://place.map.kakao.com/1464961576,서울 성북구 길음동 1289,candidate_unverified,서경대학교 출입구
7946584,서경대학교,1,1359866633,길음뉴타운9단지래미안아파트 정문,"교통,수송 > 입출구",37.6029579768084,127.019341163622,1477.9,1732.0,http://place.map.kakao.com/1359866633,서울 성북구 길음동 1286,candidate_unverified,서경대학교 출입구
7946584,서경대학교,1,925889463,래미안미아1차아파트 정문,"교통,수송 > 입출구",37.6261322222505,127.019835405451,1325.6,1453.0,http://place.map.kakao.com/925889463,서울 강북구 미아동 797,candidate_unverified,서경대학교 출입구
7946584,서경대학교,1,218316140,길음뉴타운6단지래미안아파트 정문,"교통,수송 > 입출구",37.6069119712016,127.021920919174,1206.2,1535.6,http://place.map.kakao.com/218316140,서울 성북구 길음동 1283,candidate_unverified,서경대학교 출입구
7946584,서경대학교,1,945311373,정릉우성아파트 정문,"교통,수송 > 입출구",37.6007052336443,127.01497963572,1637.3,1803.9,http://place.map.kakao.com/945311373,서울 성북구 정릉동 1020,candidate_unverified,서경대학교 출입구
7946584,서경대학교,1,1900403078,송천센트레빌아파트 정문,"교통,수송 > 입출구",37.6128371012679,127.025302344732,1089.8,1479.6,http://place.map.kakao.com/1900403078,서울 강북구 미아동 461,candidate_unverified,서경대학교 출입구
7946584,서경대학교,1,1888307060,돈암브라운스톤아파트 정문,"교통,수송 > 입출구",37.59910286382341,127.01790881901711,1853.2,2058.4,http://place.map.kakao.com/1888307060,서울 성북구 돈암동 636,candidate_unverified,서경대학교 출입구
7946584,서경대학교,1,1832893960,미아동부센트레빌 후문,"교통,수송 > 입출구",37.6144677305799,127.026039105057,1122.1,1508.3,http://place.map.kakao.com/1832893960,서울 강북구 미아동 474,candidate_unverified,서경대학교 출입구
7946584,서경대학교,1,1922456604,고려대학교 사범대학 부속중고등학교 후문,"교통,수송 > 입출구",37.6103440560905,127.002061268156,1141.0,899.7,http://place.map.kakao.com/1922456604,서울 성북구 정릉동 660,candidate_unverified,서경대학교 출입구
7946584,서경대학교,1,12804270,성신여자대학교입구,"교통,수송 > 입출구",37.5913042778387,127.020969757591,2759.2,2964.2,http://place.map.kakao.com/12804270,서울 성북구 동선동3가,candidate_unverified,서경대학교 출입구
7946584,서경대학교,1,1983433673,돈암코오롱하늘채아파트 후문,"교통,수송 > 입출구",37.5991415119745,127.011416807283,1812.9,1912.1,http://place.map.kakao.com/1983433673,서울 성북구 돈암동 644,candidate_unverified,서경대학교 출입구
7946584,서경대학교,1,2021509909,흥천사 입구,"교통,수송 > 입출구",37.5984307639568,127.009936672384,1907.8,1981.4,http://place.map.kakao.com/2021509909,서울 성북구 돈암동 592-5,candidate_unverified,서경대학교 출입구
7946584,서경대학교,1,49844591,롯데캐슬클라시아아파트 차량전용 출입구,"교통,수송 > 입출구",37.6074488818951,127.026681062483,1468.0,1834.0,http://place.map.kakao.com/49844591,서울 성북구 길음동 918-15,candidate_unverified,서경대학교 출입구
7946584,서경대학교,1,49549874,롯데캐슬클라시아아파트 도보전용 출입구,"교통,수송 > 입출구",37.6068363805324,127.025910735741,1457.7,1815.3,http://place.map.kakao.com/49549874,서울 성북구 길음동 508-16,candidate_unverified,서경대학교 출입구
7946584,서경대학교,1,173574751,정릉힐스테이트1차아파트 후문,"교통,수송 > 입출구",37.6007157376705,127.017235416352,1665.4,1870.0,http://place.map.kakao.com/173574751,서울 성북구 정릉동 1030,candidate_unverified,서경대학교 출입구
9108449,서울과학기술대학교,1,26396910,서울과학기술대학교 정문,"교통,수송 > 입출구",37.63022194847668,127.07672337790524,363.4,0.0,http://place.map.kakao.com/26396910,서울 노원구 공릉동 172,candidate_unverified,서울과학기술대학교 정문 | 서울과학기술대학교 출입구 | 서울과학기술대학교 입구 | 서울과기대 정문 | 서울과기대 후문 | 서울과기대 출입구 | 서울과기대 입구
9108449,서울과학기술대학교,1,26804858,서울과학기술대학교 협동문,"교통,수송 > 입출구",37.6363709900495,127.075613734931,646.6,690.7,http://place.map.kakao.com/26804858,서울 노원구 하계동 72-26,candidate_unverified,서울과학기술대학교 후문 | 서울과학기술대학교 출입구 | 서울과학기술대학교 입구 | 서울과기대 정문 | 서울과기대 후문 | 서울과기대 출입구 | 서울과기대 입구 | 서울과학기술대학교 협동문
9108449,서울과학기술대학교,1,479854614,월계한진한화그랑빌아파트 서문,"교통,수송 > 입출구",37.6197965188943,127.069638901449,1638.2,1316.5,http://place.map.kakao.com/479854614,서울 노원구 월계동 18,candidate_unverified,서울과학기술대학교 서문 | 서울과학기술대학교 출입구 | 서울과기대 서문 | 서울과기대 출입구
9108449,서울과학기술대학교,1,1091852105,태릉해링턴플레이스아파트 정문,"교통,수송 > 입출구",37.6249792775989,127.081835919199,779.6,736.6,http://place.map.kakao.com/1091852105,서울 노원구 공릉동 230-2,candidate_unverified,서울과학기술대학교 출입구 | 서울과기대 출입구
9108449,서울과학기술대학교,1,1685395036,태릉해링턴플레이스아파트 후문,"교통,수송 > 입출구",37.625319933993,127.084277458985,810.1,860.0,http://place.map.kakao.com/1685395036,서울 노원구 공릉동 230-5,candidate_unverified,서울과학기술대학교 출입구 | 서울과기대 출입구
9108449,서울과학기술대학교,1,715106079,공릉해링턴플레이스아파트 정문,"교통,수송 > 입출구",37.6270192429984,127.08669794313,782.2,947.9,http://place.map.kakao.com/715106079,서울 노원구 공릉동 106-2,candidate_unverified,서울과학기술대학교 출입구 | 서울과기대 출입구
9108449,서울과학기술대학교,1,930020490,청솔아파트 정문,"교통,수송 > 입출구",37.6331971710845,127.070685752965,857.4,626.2,http://place.map.kakao.com/930020490,서울 노원구 하계동 274,candidate_unverified,서울과학기술대학교 출입구 | 서울과기대 출입구
9108449,서울과학기술대학교,1,26639627,서울과학기술대학교 창의문,"교통,수송 > 입출구",37.63152013408023,127.08305249432318,247.5,575.7,http://place.map.kakao.com/26639627,서울 노원구 공릉동 172-18,candidate_unverified,서울과학기술대학교 출입구 | 서울과학기술대학교 입구 | 서울과기대 정문 | 서울과기대 후문 | 서울과기대 출입구 | 서울과기대 입구 | 서울과학기술대학교 창의문
9108449,서울과학기술대학교,1,361863857,공릉우성아파트 정문,"교통,수송 > 입출구",37.6289593672361,127.072933839338,723.8,362.0,http://place.map.kakao.com/361863857,서울 노원구 공릉동 738,candidate_unverified,서울과학기술대학교 출입구 | 서울과기대 출입구
9108449,서울과학기술대학교,1,1174844833,한신동성아파트 정문,"교통,수송 > 입출구",37.6410215830963,127.076064862131,1082.0,1202.3,http://place.map.kakao.com/1174844833,서울 노원구 하계동 256-5,candidate_unverified,서울과학기술대학교 출입구 | 서울과기대 출입구
9108449,서울과학기술대학교,1,1371112320,월계미성미륭삼호아파트 정문,"교통,수송 > 입출구",37.6230738871398,127.067263167198,1507.6,1151.5,http://place.map.kakao.com/1371112320,서울 노원구 월계동 17,candidate_unverified,서울과학기술대학교 출입구 | 서울과기대 출입구
9108449,서울과학기술대학교,1,1991883404,서울용원초등학교 정문,"교통,수송 > 입출구",37.6292495159638,127.068367598395,1089.0,743.7,http://place.map.kakao.com/1991883404,서울 노원구 공릉동 709,candidate_unverified,서울과학기술대학교 출입구 | 서울과기대 출입구
9108449,서울과학기술대학교,1,1636920921,서울여자대학교 서울캠퍼스 후문,"교통,수송 > 입출구",37.6254026275759,127.088244593526,1005.5,1147.4,http://place.map.kakao.com/1636920921,서울 노원구 공릉동 126,candidate_unverified,서울과학기술대학교 출입구 | 서울과기대 출입구
9108449,서울과학기술대학교,1,1144795028,공릉중학교 후문,"교통,수송 > 입출구",37.6226342799703,127.084013894281,1079.5,1060.2,http://place.map.kakao.com/1144795028,서울 노원구 공릉동 250,candidate_unverified,서울과학기술대학교 출입구 | 서울과기대 출입구
9108449,서울과학기술대학교,1,964287709,태랑중학교 정문,"교통,수송 > 입출구",37.6260307641131,127.09159616599,1190.2,1390.2,http://place.map.kakao.com/964287709,서울 노원구 공릉동 117,candidate_unverified,서울과학기술대학교 출입구 | 서울과기대 출입구
9108449,서울과학기술대학교,1,24636223,중랑천공릉경사로 진출입로2,"교통,수송 > 입출구",37.625313866262,127.070142476745,1153.3,796.1,http://place.map.kakao.com/24636223,서울 노원구 공릉동 547-1,candidate_unverified,서울과학기술대학교 출입구 | 서울과기대 출입구
9108449,서울과학기술대학교,1,24636221,중랑천공릉경사로 진출입로1,"교통,수송 > 입출구",37.6246684898378,127.070594983117,1170.7,820.1,http://place.map.kakao.com/24636221,서울 노원구 공릉동 406-1,candidate_unverified,서울과학기술대학교 출입구 | 서울과기대 출입구
9108449,서울과학기술대학교,1,2035287725,학여울청구아파트 정문,"교통,수송 > 입출구",37.6370938295044,127.061197416303,1777.4,1566.2,http://place.map.kakao.com/2035287725,서울 노원구 하계동 354,candidate_unverified,서울과학기술대학교 출입구 | 서울과기대 출입구
9108449,서울과학기술대학교,1,1048346703,e편한세상화랑대아파트 출입구,"교통,수송 > 입출구",37.6172228926157,127.081524994883,1633.6,1506.0,http://place.map.kakao.com/1048346703,서울 중랑구 묵동 156-33,candidate_unverified,서울과학기술대학교 출입구 | 서울과기대 출입구
9108449,서울과학기술대학교,1,707354414,학여울청구아파트 후문,"교통,수송 > 입출구",37.6344915380365,127.063370509888,1517.0,1268.1,http://place.map.kakao.com/707354414,서울 노원구 하계동 354,candidate_unverified,서울과학기술대학교 출입구 | 서울과기대 출입구
9108449,서울과학기술대학교,1,18080703,골마을근린공원 출입구1,"교통,수송 > 입출구",37.639049917048,127.073717541366,984.5,1016.7,http://place.map.kakao.com/18080703,서울 노원구 하계동 251-8,candidate_unverified,서울과학기술대학교 출입구 | 서울과기대 출입구
9108449,서울과학기술대학교,1,24636573,중랑천월계 진출입로1,"교통,수송 > 입출구",37.6244716589419,127.068238616622,1342.8,983.5,http://place.map.kakao.com/24636573,서울 노원구 월계동 192-5,candidate_unverified,서울과학기술대학교 출입구 | 서울과기대 출입구
9108449,서울과학기술대학교,1,18080704,골마을근린공원 출입구2,"교통,수송 > 입출구",37.6391542382461,127.07402582095,978.4,1021.2,http://place.map.kakao.com/18080704,서울 노원구 하계동 251-8,candidate_unverified,서울과학기술대학교 출입구 | 서울과기대 출입구
9108449,서울과학기술대학교,1,280027347,청구아파트 입구,"교통,수송 > 입출구",37.639966933552,127.072563905953,1126.9,1143.8,http://place.map.kakao.com/280027347,서울 노원구 하계동 251,candidate_unverified,서울과학기술대학교 출입구 | 서울과기대 출입구
9108449,서울과학기술대학교,1,961385010,월계한진한화그랑빌아파트 후문,"교통,수송 > 입출구",37.6197775928112,127.069647945458,1639.5,1318.0,http://place.map.kakao.com/961385010,서울 노원구 월계동 18,candidate_unverified,서울과학기술대학교 출입구 | 서울과기대 출입구
9108449,서울과학기술대학교,1,268054824,신내효성아파트 정문,"교통,수송 > 입출구",37.6218858648832,127.088525886858,1327.7,1392.7,http://place.map.kakao.com/268054824,서울 노원구 공릉동 742,candidate_unverified,서울과학기술대학교 출입구 | 서울과기대 출입구
9108449,서울과학기술대학교,1,1956944050,월계센트럴아이파크아파트 정문,"교통,수송 > 입출구",37.6311013597156,127.057649987321,1994.6,1682.5,http://place.map.kakao.com/1956944050,서울 노원구 월계동 277-18,candidate_unverified,서울과학기술대학교 출입구 | 서울과기대 출입구
9108449,서울과학기술대학교,1,1642502372,중계브라운스톤오피스텔 주차장입구,"교통,수송 > 입출구",37.6396967205691,127.06467675952,1625.7,1495.1,http://place.map.kakao.com/1642502372,서울 노원구 중계동 506,candidate_unverified,서울과학기술대학교 출입구 | 서울과기대 출입구
9108449,서울과학기술대학교,1,24636233,중랑천하계경사로 진출입로1,"교통,수송 > 입출구",37.633131045059,127.063379550757,1494.6,1218.8,http://place.map.kakao.com/24636233,서울 노원구 하계동 312-28,candidate_unverified,서울과학기술대학교 출입구 | 서울과기대 출입구
9108449,서울과학기술대학교,1,1796961112,태릉고등학교 후문,"교통,수송 > 입출구",37.6195585175199,127.084981160774,1431.4,1391.0,http://place.map.kakao.com/1796961112,서울 중랑구 묵동 6,candidate_unverified,서울과학기술대학교 출입구 | 서울과기대 출입구
9108449,서울과학기술대학교,1,461458167,서울연지초등학교 후문,"교통,수송 > 입출구",37.6335379310116,127.060634839242,1739.6,1464.0,http://place.map.kakao.com/461458167,서울 노원구 월계동 320-8,candidate_unverified,서울과학기술대학교 출입구 | 서울과기대 출입구
9108449,서울과학기술대학교,1,18143234,등나무근린공원 출입구4,"교통,수송 > 입출구",37.6390930422822,127.067916619039,1352.1,1254.8,http://place.map.kakao.com/18143234,서울 노원구 중계동 508,candidate_unverified,서울과학기술대학교 출입구 | 서울과기대 출입구
9108449,서울과학기술대학교,1,18131601,등나무근린공원 출입구3,"교통,수송 > 입출구",37.639777690977,127.068089460015,1386.8,1306.5,http://place.map.kakao.com/18131601,서울 노원구 중계동 509-2,candidate_unverified,서울과학기술대학교 출입구 | 서울과기대 출입구
9108449,서울과학기술대학교,1,18093021,중계근린공원 출입구1,"교통,수송 > 입출구",37.6386110807865,127.066216689813,1446.8,1313.8,http://place.map.kakao.com/18093021,서울 노원구 중계동 506-2,candidate_unverified,서울과학기술대학교 출입구 | 서울과기대 출입구
9108449,서울과학기술대학교,1,18143439,중계근린공원 출입구5,"교통,수송 > 입출구",37.6393028735533,127.066507352859,1466.9,1352.4,http://place.map.kakao.com/18143439,서울 노원구 중계동 507-3,candidate_unverified,서울과학기술대학교 출입구 | 서울과기대 출입구
9108449,서울과학기술대학교,1,18151381,중계근린공원 출입구2,"교통,수송 > 입출구",37.6395199108652,127.06507089285,1585.8,1456.6,http://place.map.kakao.com/18151381,서울 노원구 중계동 506-3,candidate_unverified,서울과학기술대학교 출입구 | 서울과기대 출입구
9108449,서울과학기술대학교,1,18143247,등나무근린공원 출입구6,"교통,수송 > 입출구",37.6411301738377,127.066323164584,1602.5,1519.8,http://place.map.kakao.com/18143247,서울 노원구 중계동 508,candidate_unverified,서울과학기술대학교 출입구 | 서울과기대 출입구
9108449,서울과학기술대학교,1,2130938020,공릉동근린공원 입구,"교통,수송 > 입출구",37.6203217140633,127.087366396507,1428.9,1445.8,http://place.map.kakao.com/2130938020,서울 노원구 공릉동 63-1,candidate_unverified,서울과학기술대학교 출입구 | 서울과기대 출입구
9108449,서울과학기술대학교,1,18154970,등나무근린공원 출입구2,"교통,수송 > 입출구",37.6403364316544,127.067863365977,1441.9,1368.8,http://place.map.kakao.com/18154970,서울 노원구 중계동 508-2,candidate_unverified,서울과학기술대학교 출입구 | 서울과기대 출입구
9108449,서울과학기술대학교,1,272187506,월계한진한화그랑빌아파트 동문,"교통,수송 > 입출구",37.6175971131986,127.069798822589,1837.0,1530.6,http://place.map.kakao.com/272187506,서울 노원구 월계동 18,candidate_unverified,서울과학기술대학교 출입구 | 서울과기대 출입구
9108449,서울과학기술대학교,1,18131599,등나무근린공원 출입구1,"교통,수송 > 입출구",37.6409059862542,127.067632746249,1499.0,1432.5,http://place.map.kakao.com/18131599,서울 노원구 중계동 509-3,candidate_unverified,서울과학기술대학교 출입구 | 서울과기대 출입구
9108449,서울과학기술대학교,1,1052095114,광운대학교 후문,"교통,수송 > 입출구",37.6202031137874,127.061053306516,2133.8,1773.6,http://place.map.kakao.com/1052095114,서울 노원구 월계동 447-1,candidate_unverified,서울과학기술대학교 출입구 | 서울과기대 출입구
9108449,서울과학기술대학교,1,18143243,등나무 근린공원 출입구5,"교통,수송 > 입출구",37.6406256100764,127.066345376514,1565.5,1474.2,http://place.map.kakao.com/18143243,서울 노원구 중계동 508,candidate_unverified,서울과학기술대학교 출입구 | 서울과기대 출입구
9108449,서울과학기술대학교,1,18143433,중계근린공원 출입구3,"교통,수송 > 입출구",37.6401255343207,127.064776836728,1644.3,1522.9,http://place.map.kakao.com/18143433,서울 노원구 중계동 506,candidate_unverified,서울과학기술대학교 출입구 | 서울과기대 출입구
9108449,서울과학기술대학교,1,18143248,등나무근린공원 출입구7,"교통,수송 > 입출구",37.6413388488545,127.066948785471,1576.0,1506.3,http://place.map.kakao.com/18143248,서울 노원구 중계동 509-3,candidate_unverified,서울과학기술대학교 출입구 | 서울과기대 출입구
9879420,서울여자대학교 서울캠퍼스,1,1636920921,서울여자대학교 서울캠퍼스 후문,"교통,수송 > 입출구",37.6254026275759,127.088244593526,428.6,0.0,http://place.map.kakao.com/1636920921,서울 노원구 공릉동 126,candidate_unverified,서울여자대학교 서울캠퍼스 후문 | 서울여자대학교 서울캠퍼스 출입구 | 서울여자대학교 서울캠퍼스 입구 | 서울여자대학교 정문 | 서울여자대학교 후문 | 서울여자대학교 출입구 | 서울여자대학교 입구 | 서울여대 정문 | 서울여대 후문 | 서울여대 출입구 | 서울여대 입구
9879420,서울여자대학교 서울캠퍼스,1,479854614,월계한진한화그랑빌아파트 서문,"교통,수송 > 입출구",37.6197965188943,127.069638901449,2176.9,1753.2,http://place.map.kakao.com/479854614,서울 노원구 월계동 18,candidate_unverified,서울여자대학교 서울캠퍼스 서문
9879420,서울여자대학교 서울캠퍼스,1,26396910,서울과학기술대학교 정문,"교통,수송 > 입출구",37.63022194847668,127.07672337790524,1505.1,1147.4,http://place.map.kakao.com/26396910,서울 노원구 공릉동 172,candidate_unverified,서울여자대학교 출입구 | 서울여대 출입구
9879420,서울여자대학교 서울캠퍼스,1,715106079,공릉해링턴플레이스아파트 정문,"교통,수송 > 입출구",37.6270192429984,127.08669794313,565.2,225.5,http://place.map.kakao.com/715106079,서울 노원구 공릉동 106-2,candidate_unverified,서울여자대학교 출입구 | 서울여대 출입구
9879420,서울여자대학교 서울캠퍼스,1,1091852105,태릉해링턴플레이스아파트 정문,"교통,수송 > 입출구",37.6249792775989,127.081835919199,993.5,566.4,http://place.map.kakao.com/1091852105,서울 노원구 공릉동 230-2,candidate_unverified,서울여자대학교 출입구 | 서울여대 출입구
9879420,서울여자대학교 서울캠퍼스,1,1685395036,태릉해링턴플레이스아파트 후문,"교통,수송 > 입출구",37.625319933993,127.084277458985,775.4,349.5,http://place.map.kakao.com/1685395036,서울 노원구 공릉동 230-5,candidate_unverified,서울여자대학교 출입구 | 서울여대 출입구
9879420,서울여자대학교 서울캠퍼스,1,964287709,태랑중학교 정문,"교통,수송 > 입출구",37.6260307641131,127.09159616599,126.1,303.3,http://place.map.kakao.com/964287709,서울 노원구 공릉동 117,candidate_unverified,서울여자대학교 출입구 | 서울여대 출입구
9879420,서울여자대학교 서울캠퍼스,1,26639627,서울과학기술대학교 창의문,"교통,수송 > 입출구",37.63152013408023,127.08305249432318,1062.0,819.6,http://place.map.kakao.com/26639627,서울 노원구 공릉동 172-18,candidate_unverified,서울여자대학교 출입구 | 서울여대 출입구
9879420,서울여자대학교 서울캠퍼스,1,268054824,신내효성아파트 정문,"교통,수송 > 입출구",37.6218858648832,127.088525886858,617.2,391.8,http://place.map.kakao.com/268054824,서울 노원구 공릉동 742,candidate_unverified,서울여자대학교 출입구 | 서울여대 출입구
9879420,서울여자대학교 서울캠퍼스,1,1144795028,공릉중학교 후문,"교통,수송 > 입출구",37.6226342799703,127.084013894281,884.0,483.3,http://place.map.kakao.com/1144795028,서울 노원구 공릉동 250,candidate_unverified,서울여자대학교 출입구 | 서울여대 출입구
9879420,서울여자대학교 서울캠퍼스,1,18093570,태릉 출입구,"교통,수송 > 입출구",37.6300875040571,127.097711813275,602.4,983.1,http://place.map.kakao.com/18093570,서울 노원구 공릉동 25-35,candidate_unverified,서울여자대학교 출입구 | 서울여대 출입구
9879420,서울여자대학교 서울캠퍼스,1,26804858,서울과학기술대학교 협동문,"교통,수송 > 입출구",37.6363709900495,127.075613734931,1908.6,1650.7,http://place.map.kakao.com/26804858,서울 노원구 하계동 72-26,candidate_unverified,서울여자대학교 출입구 | 서울여대 출입구
9879420,서울여자대학교 서울캠퍼스,1,2130938020,공릉동근린공원 입구,"교통,수송 > 입출구",37.6203217140633,127.087366396507,816.8,570.2,http://place.map.kakao.com/2130938020,서울 노원구 공릉동 63-1,candidate_unverified,서울여자대학교 출입구 | 서울여대 출입구
9879420,서울여자대학교 서울캠퍼스,1,1048346703,e편한세상화랑대아파트 출입구,"교통,수송 > 입출구",37.6172228926157,127.081524994883,1417.5,1085.1,http://place.map.kakao.com/1048346703,서울 중랑구 묵동 156-33,candidate_unverified,서울여자대학교 출입구 | 서울여대 출입구
9879420,서울여자대학교 서울캠퍼스,1,1796961112,태릉고등학교 후문,"교통,수송 > 입출구",37.6195585175199,127.084981160774,1018.7,710.6,http://place.map.kakao.com/1796961112,서울 중랑구 묵동 6,candidate_unverified,서울여자대학교 출입구 | 서울여대 출입구
9879420,서울여자대학교 서울캠퍼스,1,18091054,삼육대학교 정문,"교통,수송 > 입출구",37.6384726542803,127.107407603219,1866.6,2227.1,http://place.map.kakao.com/18091054,서울 노원구 공릉동 26-21,candidate_unverified,서울여자대학교 출입구 | 서울여대 출입구
9879420,서울여자대학교 서울캠퍼스,1,102763780,서울의료원 후문,"교통,수송 > 입출구",37.6133011796262,127.097751006274,1487.7,1584.8,http://place.map.kakao.com/102763780,서울 중랑구 신내동 316,candidate_unverified,서울여자대학교 출입구 | 서울여대 출입구
9879420,서울여자대학교 서울캠퍼스,1,1297356159,육사테니스코트 입구,"교통,수송 > 입출구",37.6252237623258,127.108283440937,1348.1,1764.9,http://place.map.kakao.com/1297356159,경기 구리시 갈매동 456-4,candidate_unverified,서울여자대학교 출입구 | 서울여대 출입구
9879420,서울여자대학교 서울캠퍼스,1,103649750,신내우디안1단지아파트 정문,"교통,수송 > 입출구",37.6164175393362,127.107268268261,1656.7,1950.8,http://place.map.kakao.com/103649750,서울 중랑구 신내동 816,candidate_unverified,서울여자대학교 출입구 | 서울여대 출입구
9879420,서울여자대학교 서울캠퍼스,1,2097138516,신내어울공원 입구,"교통,수송 > 입출구",37.6150487674634,127.095956933418,1260.7,1336.7,http://place.map.kakao.com/2097138516,서울 중랑구 신내동 643-1,candidate_unverified,서울여자대학교 출입구 | 서울여대 출입구
9879420,서울여자대학교 서울캠퍼스,1,2070905074,신내우디안1단지아파트 후문,"교통,수송 > 입출구",37.61800740451012,127.10569046278206,1436.7,1742.7,http://place.map.kakao.com/2070905074,서울 중랑구 신내동 259-6,candidate_unverified,서울여자대학교 출입구 | 서울여대 출입구
9879420,서울여자대학교 서울캠퍼스,1,361863857,공릉우성아파트 정문,"교통,수송 > 입출구",37.6289593672361,127.072933839338,1796.4,1405.2,http://place.map.kakao.com/361863857,서울 노원구 공릉동 738,candidate_unverified,서울여자대학교 출입구 | 서울여대 출입구
9879420,서울여자대학교 서울캠퍼스,1,930020490,청솔아파트 정문,"교통,수송 > 입출구",37.6331971710845,127.070685752965,2117.4,1772.6,http://place.map.kakao.com/930020490,서울 노원구 하계동 274,candidate_unverified,서울여자대학교 출입구 | 서울여대 출입구
9879420,서울여자대학교 서울캠퍼스,1,1174844833,한신동성아파트 정문,"교통,수송 > 입출구",37.6410215830963,127.076064862131,2228.4,2041.2,http://place.map.kakao.com/1174844833,서울 노원구 하계동 256-5,candidate_unverified,서울여자대학교 출입구 | 서울여대 출입구
9879420,서울여자대학교 서울캠퍼스,1,1226923513,금성초등학교 후문,"교통,수송 > 입출구",37.6144627196591,127.089596479742,1333.5,1222.3,http://place.map.kakao.com/1226923513,서울 중랑구 신내동 651,candidate_unverified,서울여자대학교 출입구 | 서울여대 출입구
9879420,서울여자대학교 서울캠퍼스,1,2142524728,태릉체력단련장 입구,"교통,수송 > 입출구",37.62974554629207,127.10954747424952,1509.5,1937.2,http://place.map.kakao.com/2142524728,경기 구리시 갈매동 산 109-10,candidate_unverified,서울여자대학교 출입구 | 서울여대 출입구
9879420,서울여자대학교 서울캠퍼스,1,1079053294,신내데시앙아파트 후문,"교통,수송 > 입출구",37.6123290580436,127.099849564212,1649.8,1777.1,http://place.map.kakao.com/1079053294,서울 중랑구 신내동 316-5,candidate_unverified,서울여자대학교 출입구 | 서울여대 출입구
9879420,서울여자대학교 서울캠퍼스,1,449372565,묵동자이2단지 주차장입구,"교통,수송 > 입출구",37.6142848424551,127.077403564929,1905.5,1562.0,http://place.map.kakao.com/449372565,서울 중랑구 묵동 190-3,candidate_unverified,서울여자대학교 출입구 | 서울여대 출입구
9879420,서울여자대학교 서울캠퍼스,1,1177070760,묵동자이2단지아파트 정문,"교통,수송 > 입출구",37.6138367586924,127.07784821921,1912.8,1578.7,http://place.map.kakao.com/1177070760,서울 중랑구 묵동 170-1,candidate_unverified,서울여자대학교 출입구 | 서울여대 출입구
9879420,서울여자대학교 서울캠퍼스,1,419028594,구리갈매6단지아파트(S1) 후문,"교통,수송 > 입출구",37.6262202499616,127.112145486702,1684.3,2106.9,http://place.map.kakao.com/419028594,경기 구리시 갈매동 631,candidate_unverified,서울여자대학교 출입구 | 서울여대 출입구
9879420,서울여자대학교 서울캠퍼스,1,24636221,중랑천공릉경사로 진출입로1,"교통,수송 > 입출구",37.6246684898378,127.070594983117,1981.8,1556.5,http://place.map.kakao.com/24636221,서울 노원구 공릉동 406-1,candidate_unverified,서울여자대학교 출입구 | 서울여대 출입구
9879420,서울여자대학교 서울캠퍼스,1,24636223,중랑천공릉경사로 진출입로2,"교통,수송 > 입출구",37.625313866262,127.070142476745,2016.9,1594.3,http://place.map.kakao.com/24636223,서울 노원구 공릉동 547-1,candidate_unverified,서울여자대학교 출입구 | 서울여대 출입구
9879420,서울여자대학교 서울캠퍼스,1,1991883404,서울용원초등학교 정문,"교통,수송 > 입출구",37.6292495159638,127.068367598395,2198.3,1802.0,http://place.map.kakao.com/1991883404,서울 노원구 공릉동 709,candidate_unverified,서울여자대학교 출입구 | 서울여대 출입구
9879420,서울여자대학교 서울캠퍼스,1,18080703,골마을근린공원 출입구1,"교통,수송 > 입출구",37.639049917048,127.073717541366,2224.5,1984.8,http://place.map.kakao.com/18080703,서울 노원구 하계동 251-8,candidate_unverified,서울여자대학교 출입구 | 서울여대 출입구
9879420,서울여자대학교 서울캠퍼스,1,18080704,골마을근린공원 출입구2,"교통,수송 > 입출구",37.6391542382461,127.07402582095,2211.4,1976.3,http://place.map.kakao.com/18080704,서울 노원구 하계동 251-8,candidate_unverified,서울여자대학교 출입구 | 서울여대 출입구
9879420,서울여자대학교 서울캠퍼스,1,1352691950,우리은행 365코너 대신빌딩 1층 출입구,"금융,보험 > 금융서비스 > 은행 > ATM",37.639099491744,127.075113447628,2135.8,1912.3,http://place.map.kakao.com/1352691950,서울 노원구 하계동 256-8,candidate_unverified,서울여자대학교 출입구 | 서울여대 출입구
9879420,서울여자대학교 서울캠퍼스,1,1310795582,이화여자대학교 병설미디어고등학교 후문,"교통,수송 > 입출구",37.6043229329723,127.105974601661,2681.4,2816.6,http://place.map.kakao.com/1310795582,서울 중랑구 망우동 178-79,candidate_unverified,서울여자대학교 입구 | 서울여대 입구
7949668,세종대학교,1,194081591,세종대학교 정문,"교통,수송 > 입출구",37.5491013244794,127.074995883714,182.9,0.0,http://place.map.kakao.com/194081591,서울 광진구 군자동,candidate_unverified,세종대학교 정문 | 세종대학교 후문 | 세종대학교 출입구 | 세종대학교 입구
7949668,세종대학교,1,1848245368,세종대학교 대양AI센터 지하주차장 출입구,"교통,수송 > 교통시설 > 주차장",37.5514038427338,127.075674930739,151.0,262.9,http://place.map.kakao.com/1848245368,서울 광진구 군자동 226,candidate_unverified,세종대학교 후문 | 세종대학교 입구
7949668,세종대학교,1,1968799237,어린이대공원 서문,"교통,수송 > 입출구",37.5519929203311,127.078699378208,419.4,458.2,http://place.map.kakao.com/1968799237,서울 광진구 능동 18,candidate_unverified,세종대학교 서문 | 세종대학교 출입구
7949668,세종대학교,1,1557335537,장로회신학대학교 서문,"교통,수송 > 입출구",37.5503594632698,127.102160290498,2459.8,2398.8,http://place.map.kakao.com/1557335537,서울 광진구 광장동 353,candidate_unverified,세종대학교 서문
7949668,세종대학교,1,26332016,남문 개방화장실,"가정,생활 > 화장실",37.5468798614309,127.082502980763,838.4,706.4,http://place.map.kakao.com/26332016,서울 광진구 능동 18,candidate_unverified,세종대학교 남문
7949668,세종대학교,1,2006614494,어린이대공원 남문,"교통,수송 > 입출구",37.545447948752,127.081530505239,862.6,704.9,http://place.map.kakao.com/2006614494,서울 광진구 능동 18,candidate_unverified,세종대학교 남문 | 세종대학교 출입구
7949668,세종대학교,1,1171079148,더샵스타시티아파트 남문,"교통,수송 > 입출구",37.5368324823168,127.071994299047,1548.1,1389.7,http://place.map.kakao.com/1171079148,서울 광진구 자양동 227-7,candidate_unverified,세종대학교 남문
7949668,세종대학교,1,1606022749,장로회신학대학교 남문,"교통,수송 > 입출구",37.5492641798734,127.104866809209,2702.6,2633.4,http://place.map.kakao.com/1606022749,서울 광진구 광장동 353,candidate_unverified,세종대학교 남문
7949668,세종대학교,1,18164729,서울어린이대공원 정문,"교통,수송 > 입출구",37.54938520021207,127.07630660918782,228.0,119.8,http://place.map.kakao.com/18164729,서울 광진구 능동 18,candidate_unverified,세종대학교 출입구
7949668,세종대학교,1,18164731,서울어린이대공원 후문,"교통,수송 > 입출구",37.551126006358,127.086640512262,1092.8,1051.0,http://place.map.kakao.com/18164731,서울 광진구 능동 18,candidate_unverified,세종대학교 출입구
7949668,세종대학교,1,10122700,건국대학교 건국문,"교통,수송 > 입출구",37.545150296654754,127.07663044995195,645.1,462.4,http://place.map.kakao.com/10122700,서울 광진구 화양동 428-4,candidate_unverified,세종대학교 출입구
7949668,세종대학교,1,17556285,서울어린이대공원 구의문,"교통,수송 > 입출구",37.54622612081522,127.08450744459128,1028.1,897.4,http://place.map.kakao.com/17556285,서울 광진구 능동 18,candidate_unverified,세종대학교 출입구
7949668,세종대학교,1,432721347,e편한세상광진그랜드파크아파트 후문,"교통,수송 > 입출구",37.544976774584,127.080143812739,815.8,645.2,http://place.map.kakao.com/432721347,서울 광진구 구의동 680,candidate_unverified,세종대학교 출입구
7949668,세종대학교,1,381426557,건국대학교병원 입구,"교통,수송 > 입출구",37.5403820337445,127.072629091964,1149.5,991.7,http://place.map.kakao.com/381426557,서울 광진구 화양동 4-12,candidate_unverified,세종대학교 출입구
7949668,세종대학교,1,1736089588,서울어린이대공원 능동문,"교통,수송 > 입출구",37.5502416163978,127.076974026832,243.3,215.6,http://place.map.kakao.com/1736089588,서울 광진구 능동 18,candidate_unverified,세종대학교 출입구
7949668,세종대학교,1,18431171,서울어린이대공원 북문,"교통,수송 > 입출구",37.5521817756738,127.081870555134,692.5,696.1,http://place.map.kakao.com/18431171,서울 광진구 능동 18,candidate_unverified,세종대학교 출입구
7949668,세종대학교,1,1581049148,세종사이버대학교 주차장입구,"교통,수송 > 입출구",37.5538671509841,127.072841357594,380.1,562.9,http://place.map.kakao.com/1581049148,서울 광진구 군자동 111-1,candidate_unverified,세종대학교 출입구
7949668,세종대학교,1,1635434228,어린이회관 정문,"교통,수송 > 입출구",37.54576171449,127.078550247159,661.2,485.9,http://place.map.kakao.com/1635434228,서울 광진구 능동 18-11,candidate_unverified,세종대학교 출입구
7949668,세종대학교,1,646638238,생각공장데시앙플렉스 주차장 입구,"교통,수송 > 입출구",37.5463375433842,127.065066757939,941.0,927.7,http://place.map.kakao.com/646638238,서울 성동구 성수동2가 280-8,candidate_unverified,세종대학교 출입구
7949668,세종대학교,1,1362064886,성동자동차검사소 입구,"교통,수송 > 입출구",37.554036351034,127.056766684136,1587.7,1698.1,http://place.map.kakao.com/1362064886,서울 성동구 송정동 73-377,candidate_unverified,세종대학교 출입구
7949668,세종대학교,1,2138388979,군자동거주자전용주차장 1층 출입구,"교통,수송 > 입출구",37.5540250655374,127.076730073143,435.0,568.4,http://place.map.kakao.com/2138388979,서울 광진구 군자동 2-41,candidate_unverified,세종대학교 출입구
7949668,세종대학교,1,1388365333,건대입구역자이엘라오피스텔 정문,"교통,수송 > 입출구",37.5390889821466,127.069835330127,1342.2,1202.7,http://place.map.kakao.com/1388365333,서울 광진구 자양동 2-2,candidate_unverified,세종대학교 출입구
7949668,세종대학교,1,18091041,건국대학교 출입구4,"교통,수송 > 입출구",37.5429365798393,127.07228305438,874.0,726.0,http://place.map.kakao.com/18091041,서울 광진구 화양동 4-16,candidate_unverified,세종대학교 출입구
7949668,세종대학교,1,317811526,SKV1센터 입구,"교통,수송 > 입출구",37.5463372113842,127.065666503349,895.9,878.0,http://place.map.kakao.com/317811526,서울 성동구 성수동2가 280-2,candidate_unverified,세종대학교 출입구
7949668,세종대학교,1,1263466475,더샵스타시티아파트 정문,"교통,수송 > 입출구",37.537866186888685,127.07157099251276,1439.9,1285.3,http://place.map.kakao.com/1263466475,서울 광진구 자양동 227-7,candidate_unverified,세종대학교 출입구
7949668,세종대학교,1,24635915,중랑천송정계단 진출입로11,"교통,수송 > 입출구",37.5517049106105,127.066470176282,696.8,805.4,http://place.map.kakao.com/24635915,서울 성동구 송정동 73-450,candidate_unverified,세종대학교 출입구
7949668,세종대학교,1,24635918,중랑천송정계단경사로 진출입로12,"교통,수송 > 입출구",37.5525370532873,127.067140875434,662.1,790.9,http://place.map.kakao.com/24635918,서울 성동구 송정동 73-450,candidate_unverified,세종대학교 출입구
7949668,세종대학교,1,24635935,중랑천송정 진출입로17,"교통,수송 > 입출구",37.5565212120544,127.070326929844,740.3,922.0,http://place.map.kakao.com/24635935,서울 성동구 송정동 92-6,candidate_unverified,세종대학교 출입구
7949668,세종대학교,1,1992939226,성수SKV1센터 주차장 입구,"교통,수송 > 입출구",37.5464030157149,127.065609981239,896.3,880.2,http://place.map.kakao.com/1992939226,서울 성동구 성수동2가 280-1,candidate_unverified,세종대학교 출입구
7949668,세종대학교,1,24635920,중랑천송정계단 진출입로14,"교통,수송 > 입출구",37.5539744144285,127.068242188114,647.3,805.0,http://place.map.kakao.com/24635920,서울 성동구 송정동 72-37,candidate_unverified,세종대학교 출입구
7949668,세종대학교,1,24520826,건국대학교 상허문,"교통,수송 > 입출구",37.539599090412,127.072587598758,1236.4,1077.7,http://place.map.kakao.com/24520826,서울 광진구 화양동 1,candidate_unverified,세종대학교 출입구
7949668,세종대학교,1,24635934,중랑천송정경사로 진출입로16,"교통,수송 > 입출구",37.5557719424208,127.069719613983,697.1,875.5,http://place.map.kakao.com/24635934,서울 성동구 송정동 93-26,candidate_unverified,세종대학교 출입구
7949668,세종대학교,1,24635933,중랑천송정계단경사로 진출입로15,"교통,수송 > 입출구",37.5553433608531,127.069221252707,686.2,860.8,http://place.map.kakao.com/24635933,서울 성동구 송정동 73-186,candidate_unverified,세종대학교 출입구
7949668,세종대학교,1,24635919,중랑천송정계단 진출입로13,"교통,수송 > 입출구",37.553167467283,127.067639388498,647.8,790.6,http://place.map.kakao.com/24635919,서울 성동구 송정동 73-35,candidate_unverified,세종대학교 출입구
7949668,세종대학교,1,24635936,중랑천송정 진출입로18,"교통,수송 > 입출구",37.5573640813599,127.071101847431,797.9,980.8,http://place.map.kakao.com/24635936,서울 성동구 송정동 95-48,candidate_unverified,세종대학교 출입구
7949668,세종대학교,1,24635914,중랑천송정계단 진출입로10,"교통,수송 > 입출구",37.5509231794835,127.065871962932,740.1,829.5,http://place.map.kakao.com/24635914,서울 성동구 송정동 73-462,candidate_unverified,세종대학교 출입구
7949668,세종대학교,1,192892426,선화예술중학교 후문,"교통,수송 > 입출구",37.5511643552597,127.087175835847,1140.2,1098.0,http://place.map.kakao.com/192892426,서울 광진구 능동 18,candidate_unverified,세종대학교 출입구
7949668,세종대학교,1,18131649,건국대학교 출입문3,"교통,수송 > 입출구",37.541952973462,127.071815914684,989.6,842.9,http://place.map.kakao.com/18131649,서울 광진구 화양동 4-17,candidate_unverified,세종대학교 출입구
7949668,세종대학교,1,24521105,건국대학교 일감문,"교통,수송 > 입출구",37.5390502671874,127.074220931761,1288.6,1119.7,http://place.map.kakao.com/24521105,서울 광진구 화양동 526-3,candidate_unverified,세종대학교 출입구
7949668,세종대학교,1,24635912,중랑천송정계단 진출입로9,"교통,수송 > 입출구",37.5501919336062,127.06521496011,798.9,870.8,http://place.map.kakao.com/24635912,서울 성동구 송정동 73-457,candidate_unverified,세종대학교 출입구
7949668,세종대학교,1,24635911,중랑천송정계단 진출입로8,"교통,수송 > 입출구",37.5496732674816,127.064653211752,853.7,914.0,http://place.map.kakao.com/24635911,서울 성동구 송정동 73-460,candidate_unverified,세종대학교 출입구
7949668,세종대학교,1,1658284644,서울어린이대공원 동문,"교통,수송 > 입출구",37.5473244409407,127.085753455973,1078.2,968.7,http://place.map.kakao.com/1658284644,서울 광진구 능동 18,candidate_unverified,세종대학교 출입구
7949668,세종대학교,1,1210076442,래미안파크스위트아파트 후문,"교통,수송 > 입출구",37.54544764567652,127.08941763196725,1455.7,1334.8,http://place.map.kakao.com/1210076442,서울 광진구 구의동 668,candidate_unverified,세종대학교 출입구
7949668,세종대학교,1,24635910,중랑천송정계단경사로 진출입로7,"교통,수송 > 입출구",37.5491799712342,127.063824426185,934.1,984.9,http://place.map.kakao.com/24635910,서울 성동구 송정동 73-460,candidate_unverified,세종대학교 출입구
7949668,세종대학교,1,24635937,중랑천중곡경사로 진출입로1,"교통,수송 > 입출구",37.5600877102146,127.072720650987,1059.4,1238.0,http://place.map.kakao.com/24635937,서울 광진구 중곡동 680-16,candidate_unverified,세종대학교 출입구
7949668,세종대학교,1,1855908957,더샵스타시티아파트 북문B,"교통,수송 > 입출구",37.5379786369153,127.073324877389,1410.2,1245.5,http://place.map.kakao.com/1855908957,서울 광진구 자양동 227-7,candidate_unverified,세종대학교 출입구
7949668,세종대학교,1,24635908,중랑천송정계단 진출입로6,"교통,수송 > 입출구",37.548733909959,127.062262393823,1078.7,1123.3,http://place.map.kakao.com/24635908,서울 성동구 송정동 73-472,candidate_unverified,세종대학교 출입구
7949668,세종대학교,1,18131645,건국대학교 출입구1,"교통,수송 > 입출구",37.5390502472709,127.074252613335,1288.6,1119.5,http://place.map.kakao.com/18131645,서울 광진구 화양동 1,candidate_unverified,세종대학교 출입구
7949668,세종대학교,1,1854304178,더샵스타시티아파트 북문A,"교통,수송 > 입출구",37.5383442333349,127.072202812368,1379.1,1221.2,http://place.map.kakao.com/1854304178,서울 광진구 자양동 227-7,candidate_unverified,세종대학교 출입구
7949668,세종대학교,1,1543588850,더샵스타시티아파트 동문,"교통,수송 > 입출구",37.5370612327241,127.073623814779,1510.8,1344.3,http://place.map.kakao.com/1543588850,서울 광진구 자양동 227-7,candidate_unverified,세종대학교 출입구
7813439,숙명여자대학교,1,2075323793,숙명여자대학교 제1캠퍼스 정문,"교통,수송 > 입출구",37.5452474193529,126.964862197806,133.0,0.0,http://place.map.kakao.com/2075323793,서울 용산구 청파동2가 53-12,candidate_unverified,숙명여자대학교 정문 | 숙명여자대학교 후문 | 숙명여자대학교 출입구 | 숙명여자대학교 입구 | 숙명여대 정문 | 숙명여대 후문 | 숙명여대 출입구 | 숙명여대 입구
7813439,숙명여자대학교,1,2851054,숙명여자대학교 제2창학캠퍼스 지하주차장입구,"교통,수송 > 입출구",37.5450033598019,126.965237995466,165.8,42.8,http://place.map.kakao.com/2851054,서울 용산구 청파동3가 115,candidate_unverified,숙명여자대학교 후문 | 숙명여자대학교 출입구 | 숙명여자대학교 입구 | 숙명여대 후문 | 숙명여대 출입구 | 숙명여대 입구
7813439,숙명여자대학교,1,1052898871,종근당빌딩 서문,"교통,수송 > 입출구",37.55982408696,126.962965248078,1496.5,1629.5,http://place.map.kakao.com/1052898871,서울 서대문구 충정로3가 368,candidate_unverified,숙명여자대학교 서문 | 숙명여대 서문
7813439,숙명여자대학교,1,16984282,남문 이용원,"가정,생활 > 이발소",37.5579229001817,126.972561343436,1451.8,1564.4,http://place.map.kakao.com/16984282,서울 중구 남대문로5가 63-4,candidate_unverified,숙명여자대학교 남문 | 숙명여대 남문
7813439,숙명여자대학교,1,897362656,서울역KTX 고객주차장 입출구,"교통,수송 > 입출구",37.5532441051647,126.969251704,855.5,969.7,http://place.map.kakao.com/897362656,서울 용산구 동자동 43-205,candidate_unverified,숙명여자대학교 출입구 | 숙명여대 출입구
7813439,숙명여자대학교,1,26131902,서울역 서부출입구,"교통,수송 > 입출구",37.553705509211525,126.96961139732429,915.7,1029.5,http://place.map.kakao.com/26131902,서울 용산구 동자동 43-205,candidate_unverified,숙명여자대학교 출입구 | 숙명여대 출입구
7813439,숙명여자대학교,1,19807033,효창공원 후문,"교통,수송 > 입출구",37.5467187116527,126.961833341453,256.9,313.2,http://place.map.kakao.com/19807033,서울 용산구 효창동 3-335,candidate_unverified,숙명여자대학교 출입구 | 숙명여대 출입구
7813439,숙명여자대학교,1,18091097,효창공원 정문,"교통,수송 > 입출구",37.54438521253169,126.96210837014884,324.6,261.0,http://place.map.kakao.com/18091097,서울 용산구 효창동 255,candidate_unverified,숙명여자대학교 출입구 | 숙명여대 출입구
7813439,숙명여자대학교,1,1142964882,서울역센트럴자이아파트 정문,"교통,수송 > 입출구",37.5548572301628,126.964070005939,937.9,1070.8,http://place.map.kakao.com/1142964882,서울 중구 만리동2가 37-1,candidate_unverified,숙명여자대학교 출입구 | 숙명여대 출입구
7813439,숙명여자대학교,1,1994469060,용산원효루미니아파트 정문,"교통,수송 > 입출구",37.5415762543533,126.969576717548,689.4,582.6,http://place.map.kakao.com/1994469060,서울 용산구 원효로1가 104,candidate_unverified,숙명여자대학교 출입구 | 숙명여대 출입구
7813439,숙명여자대학교,1,1398014608,숙명여자대학교 제2창학캠퍼스 주차장입구,"교통,수송 > 입출구",37.5444019983003,126.963921131243,237.3,125.4,http://place.map.kakao.com/1398014608,서울 용산구 청파동2가 144,candidate_unverified,숙명여자대학교 출입구 | 숙명여자대학교 입구 | 숙명여대 출입구 | 숙명여대 입구
7813439,숙명여자대학교,1,1164213179,숙명여자대학교 제2창학캠퍼스 후문,"교통,수송 > 입출구",37.5441342779426,126.966562327127,303.1,194.4,http://place.map.kakao.com/1164213179,서울 용산구 청파동3가 115,candidate_unverified,숙명여자대학교 출입구 | 숙명여자대학교 입구 | 숙명여대 출입구 | 숙명여대 입구
7813439,숙명여자대학교,1,18145377,효창공원 출입구3,"교통,수송 > 입출구",37.5434888228871,126.959703142731,551.1,495.1,http://place.map.kakao.com/18145377,서울 용산구 효창동 265,candidate_unverified,숙명여자대학교 출입구 | 숙명여대 출입구
7813439,숙명여자대학교,1,564449907,효창파크푸르지오아파트 정문,"교통,수송 > 입출구",37.5397378610592,126.959410972489,880.2,778.7,http://place.map.kakao.com/564449907,서울 용산구 효창동 274,candidate_unverified,숙명여자대학교 출입구 | 숙명여대 출입구
7813439,숙명여자대학교,1,18145380,효창공원 출입구4,"교통,수송 > 입출구",37.5449136490183,126.963540675712,199.2,122.3,http://place.map.kakao.com/18145380,서울 용산구 청파동2가 134-2,candidate_unverified,숙명여자대학교 출입구 | 숙명여대 출입구
7813439,숙명여자대학교,1,1752711707,용산KCC스위첸아파트 정문,"교통,수송 > 입출구",37.5401119644736,126.959962942522,819.3,716.0,http://place.map.kakao.com/1752711707,서울 용산구 효창동 286,candidate_unverified,숙명여자대학교 출입구 | 숙명여대 출입구
7813439,숙명여자대학교,1,27577050,공덕자이아파트 후문,"교통,수송 > 입출구",37.551964922444,126.958272661727,837.4,946.3,http://place.map.kakao.com/27577050,서울 마포구 아현동 418-3,candidate_unverified,숙명여자대학교 출입구 | 숙명여대 출입구
7813439,숙명여자대학교,1,1204924432,남정초등학교 후문,"교통,수송 > 입출구",37.5370430774041,126.965411409286,1046.5,913.6,http://place.map.kakao.com/1204924432,서울 용산구 원효로2가 54-1,candidate_unverified,숙명여자대학교 출입구 | 숙명여대 출입구
7813439,숙명여자대학교,1,366164486,용산CJ나인파크아파트 입구,"교통,수송 > 입출구",37.5361252104189,126.96960382389,1224.8,1097.1,http://place.map.kakao.com/366164486,서울 용산구 문배동 24-6,candidate_unverified,숙명여자대학교 출입구 | 숙명여대 출입구
7813439,숙명여자대학교,1,530444064,공덕래미안5차아파트 주차장입구,"교통,수송 > 입출구",37.5503784887496,126.954024174659,1040.2,1112.9,http://place.map.kakao.com/530444064,서울 마포구 공덕동 470,candidate_unverified,숙명여자대학교 출입구 | 숙명여대 출입구
7813439,숙명여자대학교,1,18091048,숙명여자대학교 지혜문,"교통,수송 > 입출구",37.5457100606441,126.963309444239,148.8,146.2,http://place.map.kakao.com/18091048,서울 용산구 청파동2가 53-41,candidate_unverified,숙명여자대학교 출입구 | 숙명여자대학교 입구 | 숙명여대 출입구 | 숙명여대 입구
7813439,숙명여자대학교,1,552566875,도화현대1차아파트 정문,"교통,수송 > 입출구",37.5405040189234,126.955274896878,1062.9,996.3,http://place.map.kakao.com/552566875,서울 마포구 도화동 357,candidate_unverified,숙명여자대학교 출입구 | 숙명여대 출입구
7813439,숙명여자대학교,1,1778026578,공덕삼성래미안4차아파트 정문,"교통,수송 > 입출구",37.5493620751301,126.951552162346,1206.0,1259.5,http://place.map.kakao.com/1778026578,서울 마포구 공덕동 464,candidate_unverified,숙명여자대학교 출입구 | 숙명여대 출입구
7813439,숙명여자대학교,1,1270612383,용산어린이정원 주출입구,"교통,수송 > 입출구",37.5283722718181,126.970297077981,2068.1,1936.7,http://place.map.kakao.com/1270612383,서울 용산구 용산동5가 2-1,candidate_unverified,숙명여자대학교 출입구 | 숙명여대 출입구
7813439,숙명여자대학교,1,1994277118,용산원효루미니아파트 후문,"교통,수송 > 입출구",37.5409842405091,126.969356312692,731.1,617.8,http://place.map.kakao.com/1994277118,서울 용산구 원효로1가 104,candidate_unverified,숙명여자대학교 출입구 | 숙명여대 출입구
7813439,숙명여자대학교,1,39701325,아이파크몰 용산점 달주차장 입구,"교통,수송 > 입출구",37.530977367214355,126.96482816413895,1719.2,1586.8,http://place.map.kakao.com/39701325,서울 용산구 한강로3가 40-999,candidate_unverified,숙명여자대학교 출입구 | 숙명여대 출입구
7813439,숙명여자대학교,1,1772275928,공덕삼성래미안2차아파트 후문,"교통,수송 > 입출구",37.5518696672492,126.958987936222,787.8,900.2,http://place.map.kakao.com/1772275928,서울 마포구 공덕동 43,candidate_unverified,숙명여자대학교 출입구 | 숙명여대 출입구
7813439,숙명여자대학교,1,1211898341,전쟁기념관 1문,"교통,수송 > 입출구",37.5376796854223,126.974460572051,1298.2,1193.4,http://place.map.kakao.com/1211898341,서울 용산구 용산동1가,candidate_unverified,숙명여자대학교 출입구 | 숙명여대 출입구
7813439,숙명여자대학교,1,1076223845,한국철도공사 서울본부 입구,"교통,수송 > 입출구",37.55752208696419,126.96942536978734,1300.2,1422.9,http://place.map.kakao.com/1076223845,서울 중구 봉래동2가 122,candidate_unverified,숙명여자대학교 출입구 | 숙명여대 출입구
7813439,숙명여자대학교,1,115450973,약현성당 정문,"교통,수송 > 입출구",37.5594021768961,126.968321103042,1475.9,1603.2,http://place.map.kakao.com/115450973,서울 중구 중림동 149-2,candidate_unverified,숙명여자대학교 출입구 | 숙명여대 출입구
7813439,숙명여자대학교,1,261698324,공덕푸르지오펜트라우스아파트 동문,"교통,수송 > 입출구",37.5437760744148,126.954295276961,966.1,945.9,http://place.map.kakao.com/261698324,서울 마포구 신공덕동 172,candidate_unverified,숙명여자대학교 출입구 | 숙명여대 출입구
7813439,숙명여자대학교,1,26923796,마포래미안푸르지오2단지아파트 P4주차장입구,"교통,수송 > 입출구",37.5526915446465,126.954524093271,1136.8,1231.2,http://place.map.kakao.com/26923796,서울 마포구 아현동 779,candidate_unverified,숙명여자대학교 출입구 | 숙명여대 출입구
7813439,숙명여자대학교,1,18143551,청년창업플러스센터 출입구2,"교통,수송 > 입출구",37.5383225867782,126.96571631644,906.7,773.7,http://place.map.kakao.com/18143551,서울 용산구 원효로1가 25,candidate_unverified,숙명여자대학교 출입구 | 숙명여대 출입구
7813439,숙명여자대학교,1,887531644,래미안공덕3차아파트 중문,"교통,수송 > 입출구",37.5479408183473,126.952834076045,1061.6,1101.9,http://place.map.kakao.com/887531644,서울 마포구 공덕동 457,candidate_unverified,숙명여자대학교 출입구 | 숙명여대 출입구
7813439,숙명여자대학교,1,418851170,공덕자이아파트 정문,"교통,수송 > 입출구",37.553790613053,126.959040073871,958.9,1079.8,http://place.map.kakao.com/418851170,서울 마포구 아현동 378-60,candidate_unverified,숙명여자대학교 출입구 | 숙명여대 출입구
7813439,숙명여자대학교,1,1844501862,서강대학교 후문,"교통,수송 > 입출구",37.5507696837461,126.943969110916,1892.2,1941.6,http://place.map.kakao.com/1844501862,서울 마포구 대흥동 22-60,candidate_unverified,숙명여자대학교 출입구 | 숙명여대 출입구
7813439,숙명여자대학교,1,623665564,용산용문시장 5문,"교통,수송 > 입출구",37.5372784974592,126.960492848775,1084.8,966.2,http://place.map.kakao.com/623665564,서울 용산구 용문동 9-2,candidate_unverified,숙명여자대학교 출입구 | 숙명여대 출입구
7813439,숙명여자대학교,1,705093022,용산용문시장 4문,"교통,수송 > 입출구",37.5370280636082,126.960625361142,1107.1,987.3,http://place.map.kakao.com/705093022,서울 용산구 용문동 8-19,candidate_unverified,숙명여자대학교 출입구 | 숙명여대 출입구
7813439,숙명여자대학교,1,20526376,아현시장 입구,"교통,수송 > 입출구",37.5555678587332,126.955386991232,1307.0,1419.4,http://place.map.kakao.com/20526376,서울 마포구 아현동 291-27,candidate_unverified,숙명여자대학교 출입구 | 숙명여대 출입구
7813439,숙명여자대학교,1,1653744137,용산용문시장 6문,"교통,수송 > 입출구",37.5372151308333,126.95961600232,1120.2,1005.8,http://place.map.kakao.com/1653744137,서울 용산구 용문동 41-52,candidate_unverified,숙명여자대학교 출입구 | 숙명여대 출입구
7813439,숙명여자대학교,1,666482238,마포도화우성아파트 정문,"교통,수송 > 입출구",37.5363922706164,126.94752921422,1883.3,1818.0,http://place.map.kakao.com/666482238,서울 마포구 도화동 83,candidate_unverified,숙명여자대학교 출입구 | 숙명여대 출입구
7813439,숙명여자대학교,1,1686066387,용산용문시장 3문,"교통,수송 > 입출구",37.5367172862428,126.960829185619,1134.2,1013.0,http://place.map.kakao.com/1686066387,서울 용산구 용문동 9-2,candidate_unverified,숙명여자대학교 출입구 | 숙명여대 출입구
7813439,숙명여자대학교,1,423188181,서울역센트럴자이아파트 주차장입구,"교통,수송 > 입출구",37.5555021568241,126.963458559745,1014.0,1147.0,http://place.map.kakao.com/423188181,서울 중구 만리동2가 48-10,candidate_unverified,숙명여자대학교 출입구 | 숙명여대 출입구
7813439,숙명여자대학교,1,1238436797,KCC파크타운오피스텔 정문,"교통,수송 > 입출구",37.5549082740397,126.966057291204,949.1,1079.4,http://place.map.kakao.com/1238436797,서울 중구 만리동2가 11-1,candidate_unverified,숙명여자대학교 출입구 | 숙명여대 출입구
7813439,숙명여자대학교,1,860700721,용산용문시장 2문,"교통,수송 > 입출구",37.5364722591134,126.960965087388,1156.7,1034.5,http://place.map.kakao.com/860700721,서울 용산구 용문동 11-1,candidate_unverified,숙명여자대학교 출입구 | 숙명여대 출입구
7813439,숙명여자대학교,1,686379401,도화현대홈타운2차아파트 후문,"교통,수송 > 입출구",37.5393196548176,126.951839270109,1384.7,1323.9,http://place.map.kakao.com/686379401,서울 마포구 도화동 353,candidate_unverified,숙명여자대학교 출입구 | 숙명여대 출입구
7813439,숙명여자대학교,1,2081941161,용산용문시장 7문,"교통,수송 > 입출구",37.5370140834131,126.959254045179,1153.7,1040.5,http://place.map.kakao.com/2081941161,서울 용산구 용문동 54-6,candidate_unverified,숙명여자대학교 출입구 | 숙명여대 출입구
7813439,숙명여자대학교,1,1803002675,숙대입구 숙대입구역점,"가정,생활 > 미용 > 미용실",37.5446402976858,126.968598927393,395.7,336.3,http://place.map.kakao.com/1803002675,서울 용산구 청파동2가 71-74,candidate_unverified,숙명여자대학교 입구 | 숙명여대 입구
11244281,한국외국어대학교 서울캠퍼스,1,479854614,월계한진한화그랑빌아파트 서문,"교통,수송 > 입출구",37.6197965188943,127.069638901449,2683.6,2723.2,http://place.map.kakao.com/479854614,서울 노원구 월계동 18,candidate_unverified,한국외국어대학교 서울캠퍼스 서문 | 한국외국어대학교 서문 | 한국외대 서문
11244281,한국외국어대학교 서울캠퍼스,1,1214365824,서울강북 북서울꿈의숲 동문 및 서문주차장(콘센트) 전기차충전소,"교통,수송 > 자동차 > 전기차 충전소",37.6202547317687,127.04432427911007,2792.3,2984.3,http://place.map.kakao.com/1214365824,서울 강북구 번동 90,candidate_unverified,한국외국어대학교 서울캠퍼스 서문 | 한국외국어대학교 서문 | 한국외대 서문
11244281,한국외국어대학교 서울캠퍼스,1,193241218,경희대학교 남문,"교통,수송 > 입출구",37.5945543473825,127.056208639286,362.4,405.3,http://place.map.kakao.com/193241218,서울 동대문구 회기동 1-5,candidate_unverified,한국외국어대학교 서울캠퍼스 남문 | 한국외국어대학교 서울캠퍼스 출입구 | 한국외국어대학교 남문 | 한국외국어대학교 출입구 | 한국외대 남문 | 한국외대 출입구
11244281,한국외국어대학교 서울캠퍼스,1,26397117,경희대학교 정문,"교통,수송 > 입출구",37.5938315697917,127.052697920723,613.4,716.3,http://place.map.kakao.com/26397117,서울 동대문구 회기동 36-17,candidate_unverified,한국외국어대학교 서울캠퍼스 출입구 | 한국외국어대학교 출입구 | 한국외대 출입구 | 외대 서울캠퍼스 정문 | 외대 서울캠퍼스 출입구 | 외대 서울캠퍼스 입구
11244281,한국외국어대학교 서울캠퍼스,1,137156823,이문아이파크자이아파트 2단지 정문,"교통,수송 > 입출구",37.5985669155017,127.064153082247,567.0,424.8,http://place.map.kakao.com/137156823,서울 동대문구 이문동 149-8,candidate_unverified,한국외국어대학교 서울캠퍼스 출입구 | 한국외국어대학교 출입구 | 한국외대 출입구
11244281,한국외국어대학교 서울캠퍼스,1,2009989067,이문아이파크자이아파트 1단지 정문,"교통,수송 > 입출구",37.5981679688244,127.063798304729,528.8,375.1,http://place.map.kakao.com/2009989067,서울 동대문구 이문동 149-8,candidate_unverified,한국외국어대학교 서울캠퍼스 출입구 | 한국외국어대학교 출입구 | 한국외대 출입구
11244281,한국외국어대학교 서울캠퍼스,1,186594796,경희대학교 후문,"교통,수송 > 입출구",37.5981142355862,127.05412773906,333.9,555.6,http://place.map.kakao.com/186594796,서울 동대문구 회기동 1-5,candidate_unverified,한국외국어대학교 서울캠퍼스 출입구 | 한국외국어대학교 출입구 | 한국외대 출입구
11244281,한국외국어대학교 서울캠퍼스,1,1891018401,이문아이파크자이아파트 1단지 후문,"교통,수송 > 입출구",37.5962451042884,127.062392547736,425.6,204.3,http://place.map.kakao.com/1891018401,서울 동대문구 이문동 149-8,candidate_unverified,한국외국어대학교 서울캠퍼스 출입구 | 한국외국어대학교 출입구 | 한국외대 출입구
11244281,한국외국어대학교 서울캠퍼스,1,27384930,한국외대정문,"교통,수송 > 입출구",37.5965021772992,127.060096346596,229.4,0.0,http://place.map.kakao.com/27384930,서울 동대문구 이문동 270-1,candidate_unverified,한국외국어대학교 서울캠퍼스 출입구 | 한국외국어대학교 정문 | 한국외국어대학교 후문 | 한국외국어대학교 출입구 | 한국외국어대학교 입구 | 한국외대 정문 | 한국외대 후문 | 한국외대 출입구 | 한국외대 입구
11244281,한국외국어대학교 서울캠퍼스,1,790938502,이문쌍용아파트 정문,"교통,수송 > 입출구",37.5991966457134,127.069053499257,1004.2,844.1,http://place.map.kakao.com/790938502,서울 동대문구 이문동 64,candidate_unverified,한국외국어대학교 서울캠퍼스 출입구 | 한국외국어대학교 출입구 | 한국외대 출입구
11244281,한국외국어대학교 서울캠퍼스,1,536324711,래미안라그란데아파트 게이트2,"교통,수송 > 입출구",37.599768851645,127.060719531634,353.9,367.4,http://place.map.kakao.com/536324711,서울 동대문구 이문동 257-42,candidate_unverified,한국외국어대학교 서울캠퍼스 출입구 | 한국외국어대학교 출입구 | 한국외대 출입구
11244281,한국외국어대학교 서울캠퍼스,1,1220652183,휘경자이디센시아아파트 정문,"교통,수송 > 입출구",37.5939020513347,127.063285120747,627.2,403.1,http://place.map.kakao.com/1220652183,서울 동대문구 휘경동 172,candidate_unverified,한국외국어대학교 서울캠퍼스 출입구 | 한국외국어대학교 출입구 | 한국외대 출입구
11244281,한국외국어대학교 서울캠퍼스,1,2143884454,휘경자이디센시아아파트 후문,"교통,수송 > 입출구",37.592307107959,127.063634780463,773.9,561.1,http://place.map.kakao.com/2143884454,서울 동대문구 휘경동 98-38,candidate_unverified,한국외국어대학교 서울캠퍼스 출입구 | 한국외국어대학교 출입구 | 한국외대 출입구
11244281,한국외국어대학교 서울캠퍼스,1,1045137873,래미안라그란데아파트 게이트1,"교통,수송 > 입출구",37.60310501925855,127.06110727778606,681.9,739.6,http://place.map.kakao.com/1045137873,서울 동대문구 이문동 257-42,candidate_unverified,한국외국어대학교 서울캠퍼스 출입구 | 한국외국어대학교 출입구 | 한국외대 출입구
11244281,한국외국어대학교 서울캠퍼스,1,1390155690,래미안이문2차아파트 정문,"교통,수송 > 입출구",37.5937285243427,127.05910673921,438.4,320.5,http://place.map.kakao.com/1390155690,서울 동대문구 이문동 311,candidate_unverified,한국외국어대학교 서울캠퍼스 출입구 | 한국외국어대학교 출입구 | 한국외대 출입구
11244281,한국외국어대학교 서울캠퍼스,1,355663192,래미안라그란데아파트 게이트5,"교통,수송 > 입출구",37.5985489373759,127.058887472186,144.5,251.3,http://place.map.kakao.com/355663192,서울 동대문구 이문동 263-10,candidate_unverified,한국외국어대학교 서울캠퍼스 출입구 | 한국외국어대학교 출입구 | 한국외대 출입구
11244281,한국외국어대학교 서울캠퍼스,1,1281331983,이문아이파크자이아파트 2단지 후문,"교통,수송 > 입출구",37.600766962919,127.064468651513,684.6,611.0,http://place.map.kakao.com/1281331983,서울 동대문구 이문동 163-83,candidate_unverified,한국외국어대학교 서울캠퍼스 출입구 | 한국외국어대학교 출입구 | 한국외대 출입구
11244281,한국외국어대학교 서울캠퍼스,1,531860710,이문삼성래미안1차아파트 입구,"교통,수송 > 입출구",37.6000669543276,127.057367843371,283.8,463.6,http://place.map.kakao.com/531860710,서울 동대문구 이문동 264-442,candidate_unverified,한국외국어대학교 서울캠퍼스 출입구 | 한국외국어대학교 출입구 | 한국외대 출입구
11244281,한국외국어대학교 서울캠퍼스,1,124606080,래미안라그란데아파트 게이트3,"교통,수송 > 입출구",37.6004229057925,127.059072400295,337.9,445.2,http://place.map.kakao.com/124606080,서울 동대문구 이문동 257-42,candidate_unverified,한국외국어대학교 서울캠퍼스 출입구 | 한국외국어대학교 출입구 | 한국외대 출입구
11244281,한국외국어대학교 서울캠퍼스,1,1443531489,래미안라그란데아파트 게이트4,"교통,수송 > 입출구",37.5995193587653,127.060560792787,324.7,338.0,http://place.map.kakao.com/1443531489,서울 동대문구 이문동 263-10,candidate_unverified,한국외국어대학교 서울캠퍼스 출입구 | 한국외국어대학교 출입구 | 한국외대 출입구
11244281,한국외국어대학교 서울캠퍼스,1,1435351662,서울시립대학교 정문,"교통,수송 > 입출구",37.5834771622868,127.055113438416,1582.5,1513.4,http://place.map.kakao.com/1435351662,서울 동대문구 전농동 694,candidate_unverified,한국외국어대학교 서울캠퍼스 출입구 | 한국외국어대학교 출입구 | 한국외대 출입구
11244281,한국외국어대학교 서울캠퍼스,1,1563628359,래미안아트리치아파트 정문,"교통,수송 > 입출구",37.6066667304378,127.06263907854,1098.8,1152.2,http://place.map.kakao.com/1563628359,서울 성북구 석관동 410,candidate_unverified,한국외국어대학교 서울캠퍼스 출입구 | 한국외국어대학교 출입구 | 한국외대 출입구
11244281,한국외국어대학교 서울캠퍼스,1,210441335,한국철도공사 수도권동부본부 입구,"교통,수송 > 입출구",37.6042421062854,127.069199721883,1247.0,1176.4,http://place.map.kakao.com/210441335,서울 동대문구 이문동 7,candidate_unverified,한국외국어대학교 서울캠퍼스 출입구 | 한국외국어대학교 출입구 | 한국외대 출입구
11244281,한국외국어대학교 서울캠퍼스,1,1900627195,한국과학기술연구원 북문,"교통,수송 > 입출구",37.6042175699009,127.045534434212,1314.4,1543.3,http://place.map.kakao.com/1900627195,서울 성북구 하월곡동 39-1,candidate_unverified,한국외국어대학교 서울캠퍼스 출입구 | 한국외국어대학교 출입구 | 한국외대 출입구
11244281,한국외국어대학교 서울캠퍼스,1,26896071,서울시립대학교 후문,"교통,수송 > 입출구",37.58521140994416,127.06094546401724,1398.1,1257.7,http://place.map.kakao.com/26896071,서울 동대문구 전농동 694,candidate_unverified,한국외국어대학교 서울캠퍼스 출입구 | 한국외국어대학교 출입구 | 한국외대 출입구
11244281,한국외국어대학교 서울캠퍼스,1,1814495982,휘경롯데낙천대아파트 정문,"교통,수송 > 입출구",37.5923234565011,127.065047894289,859.8,637.4,http://place.map.kakao.com/1814495982,서울 동대문구 휘경동 109,candidate_unverified,한국외국어대학교 서울캠퍼스 출입구 | 한국외국어대학교 출입구 | 한국외대 출입구
11244281,한국외국어대학교 서울캠퍼스,1,27853236,신현대아파트 정문,"교통,수송 > 입출구",37.5891635290163,127.052700290591,1036.3,1044.3,http://place.map.kakao.com/27853236,서울 동대문구 회기동 65,candidate_unverified,한국외국어대학교 서울캠퍼스 출입구 | 한국외국어대학교 출입구 | 한국외대 출입구
11244281,한국외국어대학교 서울캠퍼스,1,1675081897,삼육병원 입구,"교통,수송 > 입출구",37.5899379607451,127.062772249188,950.4,767.0,http://place.map.kakao.com/1675081897,서울 동대문구 휘경동 255-5,candidate_unverified,한국외국어대학교 서울캠퍼스 출입구 | 한국외국어대학교 출입구 | 한국외대 출입구
11244281,한국외국어대학교 서울캠퍼스,1,134576252,이문삼익아파트 북문,"교통,수송 > 입출구",37.5964929343978,127.067210924191,833.1,626.8,http://place.map.kakao.com/134576252,서울 동대문구 이문동 73,candidate_unverified,한국외국어대학교 서울캠퍼스 출입구 | 한국외국어대학교 출입구 | 한국외대 출입구
11244281,한국외국어대학교 서울캠퍼스,1,1900157257,이문e편한세상아파트 후문,"교통,수송 > 입출구",37.60531716493,127.064098857056,1024.9,1041.7,http://place.map.kakao.com/1900157257,서울 동대문구 이문동 225,candidate_unverified,한국외국어대학교 서울캠퍼스 출입구 | 한국외국어대학교 출입구 | 한국외대 출입구
11244281,한국외국어대학교 서울캠퍼스,1,825389687,래미안아트리치아파트 후문,"교통,수송 > 입출구",37.60622489784135,127.0649490126888,1150.3,1162.6,http://place.map.kakao.com/825389687,서울 성북구 석관동 410,candidate_unverified,한국외국어대학교 서울캠퍼스 출입구 | 한국외국어대학교 출입구 | 한국외대 출입구
11244281,한국외국어대학교 서울캠퍼스,1,24636548,중랑천이문계단 진출입로3,"교통,수송 > 입출구",37.5989406370584,127.069270681887,1018.2,852.5,http://place.map.kakao.com/24636548,서울 동대문구 이문동 67-1,candidate_unverified,한국외국어대학교 서울캠퍼스 출입구 | 한국외국어대학교 출입구 | 한국외대 출입구
11244281,한국외국어대학교 서울캠퍼스,1,24636542,중랑천휘경연결통로경사로 진출입로4,"교통,수송 > 입출구",37.5932179798904,127.068518055792,1055.9,827.0,http://place.map.kakao.com/24636542,서울 동대문구 휘경동 5-1,candidate_unverified,한국외국어대학교 서울캠퍼스 출입구 | 한국외국어대학교 출입구 | 한국외대 출입구
11244281,한국외국어대학교 서울캠퍼스,1,1017302941,브라운스톤휘경아파트 후문,"교통,수송 > 입출구",37.590463532433,127.065547868224,1039.2,825.6,http://place.map.kakao.com/1017302941,서울 동대문구 휘경동 368,candidate_unverified,한국외국어대학교 서울캠퍼스 출입구 | 한국외국어대학교 출입구 | 한국외대 출입구
11244281,한국외국어대학교 서울캠퍼스,1,24636544,중랑천이문연결통로경사로 진출입로1,"교통,수송 > 입출구",37.5980363868172,127.068681006948,956.0,775.3,http://place.map.kakao.com/24636544,서울 동대문구 이문동 98-1,candidate_unverified,한국외국어대학교 서울캠퍼스 출입구 | 한국외국어대학교 출입구 | 한국외대 출입구
11244281,한국외국어대학교 서울캠퍼스,1,638768484,시조사 정문,"교통,수송 > 입출구",37.5887398774826,127.053113258525,1064.1,1060.0,http://place.map.kakao.com/638768484,서울 동대문구 회기동 65-143,candidate_unverified,한국외국어대학교 서울캠퍼스 출입구 | 한국외국어대학교 출입구 | 한국외대 출입구
11244281,한국외국어대학교 서울캠퍼스,1,271001933,래미안아트리치아파트 지하주차장 입구,"교통,수송 > 입출구",37.6065766254989,127.062650328057,1089.9,1142.6,http://place.map.kakao.com/271001933,서울 성북구 석관동 410,candidate_unverified,한국외국어대학교 서울캠퍼스 출입구 | 한국외국어대학교 출입구 | 한국외대 출입구
11244281,한국외국어대학교 서울캠퍼스,1,1791510231,래미안석관아파트 정문,"교통,수송 > 입출구",37.6080252106611,127.05394805303,1215.2,1391.1,http://place.map.kakao.com/1791510231,서울 성북구 석관동 407,candidate_unverified,한국외국어대학교 서울캠퍼스 출입구 | 한국외국어대학교 출입구 | 한국외대 출입구
11244281,한국외국어대학교 서울캠퍼스,1,24636545,중랑천이문연결통로경사로 진출입로2,"교통,수송 > 입출구",37.5985480147342,127.068912483951,981.1,809.3,http://place.map.kakao.com/24636545,서울 동대문구 이문동 69-1,candidate_unverified,한국외국어대학교 서울캠퍼스 출입구 | 한국외국어대학교 출입구 | 한국외대 출입구
11244281,한국외국어대학교 서울캠퍼스,1,24636540,중랑천휘경계단 진출입로3,"교통,수송 > 입출구",37.5922224728454,127.069903066097,1215.7,986.4,http://place.map.kakao.com/24636540,서울 동대문구 휘경동 346,candidate_unverified,한국외국어대학교 서울캠퍼스 출입구 | 한국외국어대학교 출입구 | 한국외대 출입구
11244281,한국외국어대학교 서울캠퍼스,1,24636204,중랑천중화경사로 진출입로1,"교통,수송 > 입출구",37.5979049436693,127.071543532988,1207.2,1020.5,http://place.map.kakao.com/24636204,서울 중랑구 중화동 404-5,candidate_unverified,한국외국어대학교 서울캠퍼스 출입구 | 한국외국어대학교 출입구 | 한국외대 출입구
11244281,한국외국어대학교 서울캠퍼스,1,1243961672,한국과학기술연구원 쪽문,"교통,수송 > 입출구",37.60134874681516,127.04332671505159,1347.5,1572.6,http://place.map.kakao.com/1243961672,서울 성북구 하월곡동 39-1,candidate_unverified,한국외국어대학교 서울캠퍼스 출입구 | 한국외국어대학교 서울캠퍼스 쪽문 | 한국외국어대학교 출입구 | 한국외국어대학교 쪽문 | 한국외대 출입구 | 한국외대 쪽문
11244281,한국외국어대학교 서울캠퍼스,1,403198476,삼육초등학교 후문,"교통,수송 > 입출구",37.5894062601637,127.047601951384,1278.1,1354.4,http://place.map.kakao.com/403198476,서울 동대문구 회기동 102-292,candidate_unverified,한국외국어대학교 서울캠퍼스 출입구 | 한국외국어대학교 출입구 | 한국외대 출입구
11244281,한국외국어대학교 서울캠퍼스,1,1972191955,월곡래미안루나밸리아파트 정문,"교통,수송 > 입출구",37.6000230801872,127.041683954154,1450.5,1668.7,http://place.map.kakao.com/1972191955,서울 성북구 하월곡동 226,candidate_unverified,한국외국어대학교 서울캠퍼스 출입구 | 한국외국어대학교 출입구 | 한국외대 출입구
11244281,한국외국어대학교 서울캠퍼스,1,380021007,리버센SKVIEW롯데캐슬아파트 후문,"교통,수송 > 입출구",37.6028152733369,127.074566215795,1585.2,1455.3,http://place.map.kakao.com/380021007,서울 중랑구 중화동 331-1,candidate_unverified,한국외국어대학교 서울캠퍼스 출입구 | 한국외국어대학교 출입구 | 한국외대 출입구
11244281,한국외국어대학교 서울캠퍼스,1,921740083,석관중학교 후문,"교통,수송 > 입출구",37.6081757887686,127.066124012046,1389.0,1402.5,http://place.map.kakao.com/921740083,서울 성북구 석관동 88-2,candidate_unverified,한국외국어대학교 서울캠퍼스 출입구 | 한국외국어대학교 출입구 | 한국외대 출입구
11244281,한국외국어대학교 서울캠퍼스,1,24636549,중랑천이문계단 진출입로4,"교통,수송 > 입출구",37.5996322371061,127.069882820328,1085.4,929.8,http://place.map.kakao.com/24636549,서울 동대문구 이문동 59,candidate_unverified,한국외국어대학교 서울캠퍼스 출입구 | 한국외국어대학교 출입구 | 한국외대 출입구
11244281,한국외국어대학교 서울캠퍼스,1,27337727,고려대학교 서울캠퍼스 정문,"교통,수송 > 입출구",37.58815247199953,127.03424727911144,2326.9,2459.5,http://place.map.kakao.com/27337727,서울 성북구 안암동5가 1-2,candidate_unverified,외대 서울캠퍼스 정문 | 외대 서울캠퍼스 출입구 | 외대 서울캠퍼스 입구
11244281,한국외국어대학교 서울캠퍼스,1,12810655,고려대학교 서울캠퍼스 후문,"교통,수송 > 입출구",37.5909234976879,127.031585819286,2428.1,2587.4,http://place.map.kakao.com/12810655,서울 성북구 안암동5가 1-6,candidate_unverified,외대 서울캠퍼스 후문 | 외대 서울캠퍼스 출입구 | 외대 서울캠퍼스 입구
11244281,한국외국어대학교 서울캠퍼스,1,1921733296,KAIST 서울캠퍼스 중문,"교통,수송 > 입출구",37.5913978228737,127.041871630289,1564.7,1703.1,http://place.map.kakao.com/1921733296,서울 동대문구 청량리동 산 5-8,candidate_unverified,외대 서울캠퍼스 중문 | 외대 서울캠퍼스 출입구 | 외대 서울캠퍼스 입구
11272875,한성대학교,1,687079444,한성대학교 남문,"교통,수송 > 입출구",37.5811424451233,127.010811769121,166.1,0.0,http://place.map.kakao.com/687079444,서울 성북구 삼선동2가 산 1-1,candidate_unverified,한성대학교 정문 | 한성대학교 후문 | 한성대학교 남문 | 한성대학교 출입구 | 한성대학교 입구
11272875,한성대학교,1,7940957,서문,"여행 > 관광,명소 > 문화유적 > 문",37.5709791010621,126.987887936369,2352.5,2314.8,http://place.map.kakao.com/7940957,서울 종로구 종로2가 38-4,candidate_unverified,한성대학교 서문
11272875,한성대학교,1,20576850,마장축산물시장서문 공영주차장,"교통,수송 > 교통시설 > 주차장 > 공영주차장",37.5704040774208,127.03831004887,2820.2,2701.6,http://place.map.kakao.com/20576850,서울 성동구 마장동 522-1,candidate_unverified,한성대학교 서문
11272875,한성대학교,1,414874702,마장축산물시장서문 공영주차장 입구,"교통,수송 > 입출구",37.5706446434896,127.038309040125,2807.4,2689.8,http://place.map.kakao.com/414874702,서울 성동구 마장동 522-1,candidate_unverified,한성대학교 서문
11272875,한성대학교,1,942123983,광장시장 서문,"교통,수송 > 입출구",37.570161603164,126.998089257945,1745.1,1657.7,http://place.map.kakao.com/942123983,서울 종로구 예지동 293-1,candidate_unverified,한성대학교 서문 | 한성대학교 출입구
11272875,한성대학교,1,899785535,마장축산물시장 서문입구,"교통,수송 > 입출구",37.5700600610958,127.037801625054,2799.7,2678.8,http://place.map.kakao.com/899785535,서울 성동구 마장동 500,candidate_unverified,한성대학교 서문
11272875,한성대학교,1,8066059,정전 서문,"여행 > 관광,명소 > 문화유적 > 문",37.5750159859724,126.993234990705,1716.4,1692.1,http://place.map.kakao.com/8066059,서울 종로구 훈정동 1-2,candidate_unverified,한성대학교 서문
11272875,한성대학교,1,17933692,종묘 서문,"여행 > 관광,명소 > 문화유적 > 문",37.5759781895547,126.992279458327,1742.7,1731.2,http://place.map.kakao.com/17933692,서울 종로구 훈정동 1-2,candidate_unverified,한성대학교 서문
11272875,한성대학교,1,11101684,영령전 서문,"여행 > 관광,명소 > 문화유적 > 문",37.5759781895547,126.992279458327,1742.7,1731.2,http://place.map.kakao.com/11101684,서울 종로구 훈정동 1-2,candidate_unverified,한성대학교 서문
11272875,한성대학교,1,1183593067,NPD현대계동사옥주차장 서문,"교통,수송 > 입출구",37.5782950752746,126.986924483996,2107.4,2128.7,http://place.map.kakao.com/1183593067,서울 종로구 계동 140-2,candidate_unverified,한성대학교 서문
11272875,한성대학교,1,1955995835,쏘카존 마장축산물시장 서문 공영주차장,"교통,수송 > 교통시설 > 카셰어링 > 쏘카존",37.57048155638996,127.03833046385209,2817.6,2699.4,http://place.map.kakao.com/1955995835,서울 성동구 마장동 522-1,candidate_unverified,한성대학교 서문
11272875,한성대학교,1,1113195942,마장축산물시장 서문 공영주차장 전기차충전소,"교통,수송 > 자동차 > 전기차 충전소",37.5704698541006,127.038297630992,2815.7,2697.3,http://place.map.kakao.com/1113195942,서울 성동구 마장동 522-1,candidate_unverified,한성대학교 서문
11272875,한성대학교,1,1776230822,성동구 마장축산물시장 서문 공영주차장 전기차충전소,"교통,수송 > 자동차 > 전기차 충전소",37.5704229751497,127.038381372034,2824.7,2706.3,http://place.map.kakao.com/1776230822,서울 성동구 마장동 522-1,candidate_unverified,한성대학교 서문
11272875,한성대학교,1,51411800,마장축산물시장 서문 공영주차장 1 전기차충전소,"교통,수송 > 자동차 > 전기차 충전소",37.570410377767125,127.03833042737465,2821.4,2702.9,http://place.map.kakao.com/51411800,서울 성동구 마장동 522-1,candidate_unverified,한성대학교 서문
11272875,한성대학교,1,8508492,정전 남문,"여행 > 관광,명소 > 문화유적 > 문",37.5743672948719,126.993687857325,1718.8,1686.6,http://place.map.kakao.com/8508492,서울 종로구 훈정동 1-2,candidate_unverified,한성대학교 남문
11272875,한성대학교,1,18090722,보문사 출입구,"교통,수송 > 입출구",37.5844430223015,127.016534245742,593.9,623.7,http://place.map.kakao.com/18090722,서울 성북구 보문동3가 187-3,candidate_unverified,한성대학교 출입구
11272875,한성대학교,1,117042694,성균관대학교 인문사회과학캠퍼스 정문,"교통,수송 > 입출구",37.5850002309339,126.996838384994,1210.4,1303.9,http://place.map.kakao.com/117042694,서울 종로구 명륜3가 53,candidate_unverified,한성대학교 출입구
11272875,한성대학교,1,1627522015,삼선푸르지오아파트 정문,"교통,수송 > 입출구",37.5843479206725,127.013344899129,339.1,420.6,http://place.map.kakao.com/1627522015,서울 성북구 삼선동2가 425,candidate_unverified,한성대학교 출입구
11272875,한성대학교,1,18143729,낙산공원 출입구3,"교통,수송 > 입출구",37.5805227479092,127.008536132308,271.3,212.0,http://place.map.kakao.com/18143729,서울 종로구 동숭동 50-112,candidate_unverified,한성대학교 출입구
11272875,한성대학교,1,12804270,성신여자대학교입구,"교통,수송 > 입출구",37.5913042778387,127.020969757591,1356.9,1441.5,http://place.map.kakao.com/12804270,서울 성북구 동선동3가,candidate_unverified,한성대학교 출입구
11272875,한성대학교,1,1146029540,보문파크뷰자이아파트 정문,"교통,수송 > 입출구",37.5806766804553,127.017833081235,702.4,620.9,http://place.map.kakao.com/1146029540,서울 성북구 보문동6가 194-3,candidate_unverified,한성대학교 출입구
11272875,한성대학교,1,18093191,낙산공원 주출입구,"교통,수송 > 입출구",37.5803282544374,127.00665227891,401.1,377.6,http://place.map.kakao.com/18093191,서울 종로구 동숭동 50-127,candidate_unverified,한성대학교 출입구
11272875,한성대학교,1,425186218,종로센트레빌아파트 정문,"교통,수송 > 입출구",37.5797236801173,127.016084890104,605.2,490.7,http://place.map.kakao.com/425186218,서울 종로구 숭인동 2-1,candidate_unverified,한성대학교 출입구
11272875,한성대학교,1,1597000245,e편한세상보문1단지아파트 출입구,"교통,수송 > 입출구",37.5820456119322,127.015555549951,473.2,429.9,http://place.map.kakao.com/1597000245,서울 성북구 보문동3가 230,candidate_unverified,한성대학교 출입구
11272875,한성대학교,1,2009442075,서울대학교병원 후문,"교통,수송 > 입출구",37.5799644239191,127.001969861978,782.8,790.1,http://place.map.kakao.com/2009442075,서울 종로구 연건동 28-21,candidate_unverified,한성대학교 출입구
11272875,한성대학교,1,18143728,낙산공원 출입구2,"교통,수송 > 입출구",37.5788686120996,127.007200079635,489.7,406.5,http://place.map.kakao.com/18143728,서울 종로구 이화동 9-308,candidate_unverified,한성대학교 출입구
11272875,한성대학교,1,18091355,낙산공원 출입구1,"교통,수송 > 입출구",37.5794957280832,127.006792584929,455.9,398.7,http://place.map.kakao.com/18091355,서울 종로구 동숭동 50-132,candidate_unverified,한성대학교 출입구
11272875,한성대학교,1,1825728644,창신동 쪽방촌입구,"교통,수송 > 입출구",37.570934162008,127.010980088474,1294.7,1135.2,http://place.map.kakao.com/1825728644,서울 종로구 창신동 447-2,candidate_unverified,한성대학교 출입구
11272875,한성대학교,1,424760688,종로센트레빌아파트 후문,"교통,수송 > 입출구",37.5816582150576,127.015323382653,460.3,401.7,http://place.map.kakao.com/424760688,서울 종로구 숭인동 2-1,candidate_unverified,한성대학교 출입구
11272875,한성대학교,1,172805003,보문파크뷰자이아파트 후문,"교통,수송 > 입출구",37.5801502863029,127.019196012975,834.8,747.0,http://place.map.kakao.com/172805003,서울 성북구 보문동6가 153-3,candidate_unverified,한성대학교 출입구
11272875,한성대학교,1,1181142078,e편한세상보문1단지아파트 후문,"교통,수송 > 입출구",37.58357449693901,127.0163030931668,547.2,554.3,http://place.map.kakao.com/1181142078,서울 성북구 보문동3가 230,candidate_unverified,한성대학교 출입구
11272875,한성대학교,1,1148185088,성신여자대학교 돈암수정캠퍼스 중문,"교통,수송 > 입출구",37.590898620551144,127.02212455934625,1399.5,1473.3,http://place.map.kakao.com/1148185088,서울 성북구 동선동2가 365-1,candidate_unverified,한성대학교 출입구
11272875,한성대학교,1,26396794,서울대학교병원 정문,"교통,수송 > 입출구",37.5770596068084,126.997405317092,1284.8,1265.6,http://place.map.kakao.com/26396794,서울 종로구 연건동 28-21,candidate_unverified,한성대학교 출입구
11272875,한성대학교,1,900488651,광장시장 동문,"교통,수송 > 입출구",37.5703778448469,127.001729634064,1548.0,1439.9,http://place.map.kakao.com/900488651,서울 종로구 종로5가 194-1,candidate_unverified,한성대학교 출입구
11272875,한성대학교,1,972331115,창덕궁 후원 입구,"교통,수송 > 입출구",37.5795389611989,126.992958349553,1558.3,1583.3,http://place.map.kakao.com/972331115,서울 종로구 와룡동 2-71,candidate_unverified,한성대학교 출입구
11272875,한성대학교,1,27425368,서울효제초등학교 후문,"교통,수송 > 입출구",37.5732718145745,127.003047352795,1211.4,1110.9,http://place.map.kakao.com/27425368,서울 종로구 효제동 255-4,candidate_unverified,한성대학교 출입구
11272875,한성대학교,1,521063470,숭인근린공원 입구,"교통,수송 > 입출구",37.5755582607413,127.016963587529,979.4,824.3,http://place.map.kakao.com/521063470,서울 종로구 숭인동 59-47,candidate_unverified,한성대학교 출입구
11272875,한성대학교,1,177870206,종오지하쇼핑센터 12번출구,"교통,수송 > 입출구",37.5709887308555,126.999409112333,1601.5,1511.5,http://place.map.kakao.com/177870206,서울 종로구 종로5가 82-1,candidate_unverified,한성대학교 출입구
11272875,한성대학교,1,1383518559,서울동구고등학교 후문,"교통,수송 > 입출구",37.5931465730501,127.008333759244,1188.6,1352.5,http://place.map.kakao.com/1383518559,서울 성북구 성북동 168-275,candidate_unverified,한성대학교 출입구
11272875,한성대학교,1,457781282,경신고등학교 후문,"교통,수송 > 입출구",37.5913322557512,127.001791261831,1226.1,1384.0,http://place.map.kakao.com/457781282,서울 성북구 성북동 131-113,candidate_unverified,한성대학교 출입구
11272875,한성대학교,1,1203810267,래미안엘리니티아파트 정문,"교통,수송 > 입출구",37.57888533553471,127.02798861744166,1617.8,1534.3,http://place.map.kakao.com/1203810267,서울 동대문구 용두동 796,candidate_unverified,한성대학교 출입구
11272875,한성대학교,1,177748535,종오지하쇼핑센터 13번출구,"교통,수송 > 입출구",37.5710202671533,127.000059994367,1565.2,1471.3,http://place.map.kakao.com/177748535,서울 종로구 종로5가 82-1,candidate_unverified,한성대학교 출입구
11272875,한성대학교,1,27220202,동관왕묘 입구,"교통,수송 > 입출구",37.57255320363,127.018555619175,1333.3,1173.8,http://place.map.kakao.com/27220202,서울 종로구 숭인동 238-1,candidate_unverified,한성대학교 출입구
11272875,한성대학교,1,24582638,오간수교 진출입 계단 24번,"교통,수송 > 입출구",37.5697142723471,127.010336962123,1428.7,1271.4,http://place.map.kakao.com/24582638,서울 중구 신당동,candidate_unverified,한성대학교 출입구
11272875,한성대학교,1,24632697,영도교 진출입 계단 25번,"교통,수송 > 입출구",37.5712268456188,127.019139387816,1485.2,1324.5,http://place.map.kakao.com/24632697,서울 종로구 숭인동,candidate_unverified,한성대학교 출입구
11272875,한성대학교,1,1629922481,한신한진아파트 후문,"교통,수송 > 입출구",37.5950462803216,127.013556291008,1418.8,1564.8,http://place.map.kakao.com/1629922481,서울 성북구 돈암동 609-1,candidate_unverified,한성대학교 출입구
11272875,한성대학교,1,27254919,광장시장 북2문,"교통,수송 > 입출구",37.5707238387684,127.000475425175,1572.0,1473.7,http://place.map.kakao.com/27254919,서울 종로구 종로4가 170-1,candidate_unverified,한성대학교 출입구
11272875,한성대학교,1,26396925,성신여자대학교 돈암수정캠퍼스 후문,"교통,수송 > 입출구",37.58972730081695,127.02228272795851,1328.0,1390.3,http://place.map.kakao.com/26396925,서울 성북구 동선동2가 320,candidate_unverified,한성대학교 출입구
11272875,한성대학교,1,24582632,전태일다리(버들다리) 진출입 경사로 17번,"교통,수송 > 입출구",37.569739739021,127.007104116997,1452.1,1309.3,http://place.map.kakao.com/24582632,서울 종로구 종로6가,candidate_unverified,한성대학교 출입구
11272875,한성대학교,1,1545173796,서울풍물시장 후문,"교통,수송 > 입출구",37.5733808957001,127.025162205112,1665.8,1531.1,http://place.map.kakao.com/1545173796,서울 동대문구 신설동 109-5,candidate_unverified,한성대학교 출입구
11272875,한성대학교,1,24582635,전태일다리(버들다리) 진출입 계단 20번,"교통,수송 > 입출구",37.569646033308,127.007140330446,1461.7,1318.7,http://place.map.kakao.com/24582635,서울 중구 을지로6가,candidate_unverified,한성대학교 출입구
11272875,한성대학교,1,24632696,다산교 진출입 경사로 23번,"교통,수송 > 입출구",37.5699730894244,127.016277488981,1498.0,1332.1,http://place.map.kakao.com/24632696,서울 종로구 창신동,candidate_unverified,한성대학교 출입구
11272875,한성대학교,1,772586286,용문고등학교 후문,"교통,수송 > 입출구",37.5884201544401,127.025758292413,1515.8,1545.8,http://place.map.kakao.com/772586286,서울 성북구 안암동2가 96-1,candidate_unverified,한성대학교 출입구
11272875,한성대학교,1,222409565,성동공업고등학교 입구,"교통,수송 > 입출구",37.5689288554117,127.01613350567,1602.9,1436.8,http://place.map.kakao.com/222409565,서울 중구 흥인동 1-1,candidate_unverified,한성대학교 출입구
11272875,한성대학교,1,1358559046,홍익대학교사범대학 부속고등학교 후문,"교통,수송 > 입출구",37.5950289781094,127.003791050107,1497.7,1663.4,http://place.map.kakao.com/1358559046,서울 성북구 성북동 151,candidate_unverified,한성대학교 출입구
11272875,한성대학교,1,391618469,광장시장 남1문,"교통,수송 > 입출구",37.5698012117878,127.001430785735,1616.9,1507.9,http://place.map.kakao.com/391618469,서울 종로구 종로5가 194-1,candidate_unverified,한성대학교 출입구
11272875,한성대학교,1,18093911,성균관대학교 후문,"교통,수송 > 입출구",37.5892983133587,126.990086054512,1926.2,2039.0,http://place.map.kakao.com/18093911,서울 종로구 명륜3가 산 2-14,candidate_unverified,한성대학교 출입구
11272875,한성대학교,1,2021509909,흥천사 입구,"교통,수송 > 입출구",37.5984307639568,127.009936672384,1764.7,1923.9,http://place.map.kakao.com/2021509909,서울 성북구 돈암동 592-5,candidate_unverified,한성대학교 출입구
11272875,한성대학교,1,742637236,IBK기업은행365 세븐일레븐한성대입구,"금융,보험 > 금융서비스 > 은행 > ATM",37.5871972635372,127.009107530371,524.7,689.8,http://place.map.kakao.com/742637236,서울 성북구 삼선동1가 103,candidate_unverified,한성대학교 입구
