univ_id,univ_name,old_count,kakao_id,place_name,category_name,lat,lon,campus_distance_m,nearest_old_gate_m,place_url,address_name,status,queries
19553259,KAIST 도곡캠퍼스,0,2135392617,개포자이프레지던스아파트 서문,"교통,수송 > 입출구",37.4843833158472,127.068807488298,2201.2,,http://place.map.kakao.com/2135392617,서울 강남구 개포동 189,candidate_unverified,KAIST 도곡캠퍼스 서문 | KAIST 서문 | 카이스트 도곡캠퍼스 서문
19553259,KAIST 도곡캠퍼스,0,28100769,강남센트럴아이파크아파트 남문,"교통,수송 > 입출구",37.50025822547371,127.04652522912208,1861.4,,http://place.map.kakao.com/28100769,서울 강남구 역삼동 902,candidate_unverified,KAIST 도곡캠퍼스 남문 | KAIST 남문 | 카이스트 도곡캠퍼스 남문
19553259,KAIST 도곡캠퍼스,0,1684721936,은마아파트 남문,"교통,수송 > 입출구",37.4953229079267,127.064807616389,2257.1,,http://place.map.kakao.com/1684721936,서울 강남구 대치동 316,candidate_unverified,KAIST 도곡캠퍼스 남문 | KAIST 남문 | 카이스트 도곡캠퍼스 남문
19553259,KAIST 도곡캠퍼스,0,27150563,서초래미안아파트 남문,"교통,수송 > 입출구",37.497555555294,127.01947339791748,2650.9,,http://place.map.kakao.com/27150563,서울 서초구 서초동 1682,candidate_unverified,KAIST 도곡캠퍼스 남문 | KAIST 남문 | 카이스트 도곡캠퍼스 남문
19553259,KAIST 도곡캠퍼스,0,520057386,개포래미안포레스트아파트 정문,"교통,수송 > 입출구",37.48001183758606,127.05260431819389,869.8,,http://place.map.kakao.com/520057386,서울 강남구 개포동 1282,candidate_unverified,KAIST 도곡캠퍼스 출입구 | KAIST 출입구 | 카이스트 도곡캠퍼스 출입구
19553259,KAIST 도곡캠퍼스,0,635562913,양재주차빌딩 입구,"교통,수송 > 입출구",37.4831071183226,127.034674514562,814.3,,http://place.map.kakao.com/635562913,서울 서초구 양재동 23,candidate_unverified,KAIST 도곡캠퍼스 출입구 | KAIST 출입구 | 카이스트 도곡캠퍼스 출입구
19553259,KAIST 도곡캠퍼스,0,1476439016,개포현대6차아파트 정문,"교통,수송 > 입출구",37.4797821570512,127.045938190626,466.9,,http://place.map.kakao.com/1476439016,서울 강남구 개포동 1242-2,candidate_unverified,KAIST 도곡캠퍼스 출입구 | KAIST 출입구 | 카이스트 도곡캠퍼스 출입구
19553259,KAIST 도곡캠퍼스,0,1988752929,연세대학교 의과대학 강남세브란스병원 1동 입구,"교통,수송 > 입출구",37.492059004650784,127.04667845157928,967.1,,http://place.map.kakao.com/1988752929,서울 강남구 도곡동 146-92,candidate_unverified,KAIST 도곡캠퍼스 출입구 | KAIST 출입구 | 카이스트 도곡캠퍼스 출입구
19553259,KAIST 도곡캠퍼스,0,1333247426,역삼럭키아파트 정문,"교통,수송 > 입출구",37.4906860527171,127.041349476381,813.6,,http://place.map.kakao.com/1333247426,서울 강남구 도곡동 963,candidate_unverified,KAIST 도곡캠퍼스 출입구 | KAIST 출입구 | 카이스트 도곡캠퍼스 출입구
19553259,KAIST 도곡캠퍼스,0,921924153,도곡근린공원 입구,"교통,수송 > 입출구",37.4858637396038,127.041688284704,312.9,,http://place.map.kakao.com/921924153,서울 강남구 도곡동 산 39-3,candidate_unverified,KAIST 도곡캠퍼스 출입구 | KAIST 출입구 | 카이스트 도곡캠퍼스 출입구
19553259,KAIST 도곡캠퍼스,0,1964692762,디에이치퍼스티어아이파크아파트 게이트2,"교통,수송 > 입출구",37.4796434828429,127.05803993297,1326.6,,http://place.map.kakao.com/1964692762,서울 강남구 개포동 660-1,candidate_unverified,KAIST 도곡캠퍼스 출입구 | KAIST 출입구 | 카이스트 도곡캠퍼스 출입구
19553259,KAIST 도곡캠퍼스,0,1128531862,디에이치퍼스티어 아이파크아파트 게이트3,"교통,수송 > 입출구",37.4818757802629,127.055117868913,1011.2,,http://place.map.kakao.com/1128531862,서울 강남구 개포동 660-1,candidate_unverified,KAIST 도곡캠퍼스 출입구 | KAIST 출입구 | 카이스트 도곡캠퍼스 출입구
19553259,KAIST 도곡캠퍼스,0,1657902937,도곡렉슬아파트 후문,"교통,수송 > 입출구",37.49424130431483,127.04875936798854,1254.0,,http://place.map.kakao.com/1657902937,서울 강남구 도곡동 527,candidate_unverified,KAIST 도곡캠퍼스 출입구 | KAIST 출입구 | 카이스트 도곡캠퍼스 출입구
19553259,KAIST 도곡캠퍼스,0,874484589,디에이치퍼스티어아이파크아파트 게이트4,"교통,수송 > 입출구",37.4833462064194,127.057058005264,1163.4,,http://place.map.kakao.com/874484589,서울 강남구 개포동 660-11,candidate_unverified,KAIST 도곡캠퍼스 출입구 | KAIST 출입구 | 카이스트 도곡캠퍼스 출입구
19553259,KAIST 도곡캠퍼스,0,24635591,양재천양재경사로 진출입로1,"교통,수송 > 입출구",37.48042086185,127.043858275819,359.1,,http://place.map.kakao.com/24635591,서울 서초구 양재동 99-6,candidate_unverified,KAIST 도곡캠퍼스 출입구 | KAIST 출입구 | 카이스트 도곡캠퍼스 출입구
19553259,KAIST 도곡캠퍼스,0,24635581,양재천도곡계단 진출입로12,"교통,수송 > 입출구",37.4833421325625,127.047980053713,363.5,,http://place.map.kakao.com/24635581,서울 강남구 도곡동 468-2,candidate_unverified,KAIST 도곡캠퍼스 출입구 | KAIST 출입구 | 카이스트 도곡캠퍼스 출입구
19553259,KAIST 도곡캠퍼스,0,706044734,연세대학교 의과대학 강남세브란스병원 2동 입구,"교통,수송 > 입출구",37.4926508977615,127.04685183008,1034.7,,http://place.map.kakao.com/706044734,서울 강남구 도곡동 146-92,candidate_unverified,KAIST 도곡캠퍼스 출입구 | KAIST 출입구 | 카이스트 도곡캠퍼스 출입구
19553259,KAIST 도곡캠퍼스,0,24635579,양재천도곡계단 진출입로11,"교통,수송 > 입출구",37.4839255664517,127.049002537822,453.2,,http://place.map.kakao.com/24635579,서울 강남구 도곡동 468-2,candidate_unverified,KAIST 도곡캠퍼스 출입구 | KAIST 출입구 | 카이스트 도곡캠퍼스 출입구
19553259,KAIST 도곡캠퍼스,0,24635586,양재천도곡계단 진출입로15,"교통,수송 > 입출구",37.4816205304089,127.045120747884,250.9,,http://place.map.kakao.com/24635586,서울 강남구 도곡동 468-2,candidate_unverified,KAIST 도곡캠퍼스 출입구 | KAIST 출입구 | 카이스트 도곡캠퍼스 출입구
19553259,KAIST 도곡캠퍼스,0,24635588,양재천도곡계단 진출입로17,"교통,수송 > 입출구",37.4805289980129,127.043817637327,347.1,,http://place.map.kakao.com/24635588,서울 서초구 양재동 84-20,candidate_unverified,KAIST 도곡캠퍼스 출입구 | KAIST 출입구 | 카이스트 도곡캠퍼스 출입구
19553259,KAIST 도곡캠퍼스,0,24635830,양재천양재 진출입로17,"교통,수송 > 입출구",37.4773181335654,127.042911319154,709.2,,http://place.map.kakao.com/24635830,서울 서초구 양재동 261-22,candidate_unverified,KAIST 도곡캠퍼스 출입구 | KAIST 출입구 | 카이스트 도곡캠퍼스 출입구
19553259,KAIST 도곡캠퍼스,0,24635636,양재천양재계단 진출입로8,"교통,수송 > 입출구",37.4764972714922,127.040477923664,850.1,,http://place.map.kakao.com/24635636,서울 서초구 양재동 99-5,candidate_unverified,KAIST 도곡캠퍼스 출입구 | KAIST 출입구 | 카이스트 도곡캠퍼스 출입구
19553259,KAIST 도곡캠퍼스,0,24635770,양재천개포 진출입로10,"교통,수송 > 입출구",37.4842775614612,127.051815847493,703.8,,http://place.map.kakao.com/24635770,서울 강남구 개포동 659,candidate_unverified,KAIST 도곡캠퍼스 출입구 | KAIST 출입구 | 카이스트 도곡캠퍼스 출입구
19553259,KAIST 도곡캠퍼스,0,24635587,양재천도곡계단 진출입로16,"교통,수송 > 입출구",37.4812171373266,127.044437615076,275.0,,http://place.map.kakao.com/24635587,서울 강남구 도곡동 468-2,candidate_unverified,KAIST 도곡캠퍼스 출입구 | KAIST 출입구 | 카이스트 도곡캠퍼스 출입구
19553259,KAIST 도곡캠퍼스,0,24635584,양재천도곡계단 진출입로14,"교통,수송 > 입출구",37.4823264609368,127.046310594821,260.2,,http://place.map.kakao.com/24635584,서울 강남구 도곡동 468-2,candidate_unverified,KAIST 도곡캠퍼스 출입구 | KAIST 출입구 | 카이스트 도곡캠퍼스 출입구
19553259,KAIST 도곡캠퍼스,0,24635600,양재천양재경사로 진출입로4,"교통,수송 > 입출구",37.4797075423646,127.043098102268,443.8,,http://place.map.kakao.com/24635600,서울 서초구 양재동 99-4,candidate_unverified,KAIST 도곡캠퍼스 출입구 | KAIST 출입구 | 카이스트 도곡캠퍼스 출입구
19553259,KAIST 도곡캠퍼스,0,24635637,양재천양재 진출입로9,"교통,수송 > 입출구",37.4750849737921,127.039034617661,1043.9,,http://place.map.kakao.com/24635637,서울 서초구 양재동 99-5,candidate_unverified,KAIST 도곡캠퍼스 출입구 | KAIST 출입구 | 카이스트 도곡캠퍼스 출입구
19553259,KAIST 도곡캠퍼스,0,24635597,양재천양재경사로 진출입로3,"교통,수송 > 입출구",37.4799921735219,127.043337951781,409.5,,http://place.map.kakao.com/24635597,서울 서초구 양재동 99-4,candidate_unverified,KAIST 도곡캠퍼스 출입구 | KAIST 출입구 | 카이스트 도곡캠퍼스 출입구
19553259,KAIST 도곡캠퍼스,0,1039967583,구룡사 입구,"교통,수송 > 입출구",37.4713906793766,127.049107400223,1439.2,,http://place.map.kakao.com/1039967583,서울 서초구 양재동,candidate_unverified,KAIST 도곡캠퍼스 출입구 | KAIST 출입구 | 카이스트 도곡캠퍼스 출입구
19553259,KAIST 도곡캠퍼스,0,152227195,경남아파트 정문,"교통,수송 > 입출구",37.4833031037214,127.052871196389,794.4,,http://place.map.kakao.com/152227195,서울 강남구 개포동 649,candidate_unverified,KAIST 도곡캠퍼스 출입구 | KAIST 출입구 | 카이스트 도곡캠퍼스 출입구
19553259,KAIST 도곡캠퍼스,0,2125882203,개포래미안포레스트아파트 2번게이트,"교통,수송 > 입출구",37.4777444882784,127.05547096114,1215.6,,http://place.map.kakao.com/2125882203,서울 강남구 개포동 1282-1,candidate_unverified,KAIST 도곡캠퍼스 출입구 | KAIST 출입구 | 카이스트 도곡캠퍼스 출입구
19553259,KAIST 도곡캠퍼스,0,24635791,양재천개포계단 진출입로16,"교통,수송 > 입출구",37.4795376466143,127.044463754613,460.2,,http://place.map.kakao.com/24635791,서울 강남구 개포동 1279-2,candidate_unverified,KAIST 도곡캠퍼스 출입구 | KAIST 출입구 | 카이스트 도곡캠퍼스 출입구
19553259,KAIST 도곡캠퍼스,0,24635593,양재천양재경사로 진출입로2,"교통,수송 > 입출구",37.4800677584336,127.043609338395,399.0,,http://place.map.kakao.com/24635593,서울 서초구 양재동 99-5,candidate_unverified,KAIST 도곡캠퍼스 출입구 | KAIST 출입구 | 카이스트 도곡캠퍼스 출입구
19553259,KAIST 도곡캠퍼스,0,1109580037,도곡1차아이파크 정문,"교통,수송 > 입출구",37.492228126975,127.04261679889,960.3,,http://place.map.kakao.com/1109580037,서울 강남구 도곡동 543-7,candidate_unverified,KAIST 도곡캠퍼스 출입구 | KAIST 출입구 | 카이스트 도곡캠퍼스 출입구
19553259,KAIST 도곡캠퍼스,0,24635786,양재천개포계단 진출입로14,"교통,수송 > 입출구",37.4813027745813,127.046667237132,358.7,,http://place.map.kakao.com/24635786,서울 강남구 개포동 1279,candidate_unverified,KAIST 도곡캠퍼스 출입구 | KAIST 출입구 | 카이스트 도곡캠퍼스 출입구
19553259,KAIST 도곡캠퍼스,0,24635603,양재천양재계단 진출입로6,"교통,수송 > 입출구",37.4792535766802,127.042704398521,499.7,,http://place.map.kakao.com/24635603,서울 서초구 양재동 99-4,candidate_unverified,KAIST 도곡캠퍼스 출입구 | KAIST 출입구 | 카이스트 도곡캠퍼스 출입구
19553259,KAIST 도곡캠퍼스,0,24635602,양재천양재계단 진출입로5,"교통,수송 > 입출구",37.4789220917253,127.042464527261,540.3,,http://place.map.kakao.com/24635602,서울 서초구 양재동 99-4,candidate_unverified,KAIST 도곡캠퍼스 출입구 | KAIST 출입구 | 카이스트 도곡캠퍼스 출입구
19553259,KAIST 도곡캠퍼스,0,1022089062,서울구룡초등학교 후문,"교통,수송 > 입출구",37.4810913625236,127.052342773211,799.2,,http://place.map.kakao.com/1022089062,서울 강남구 개포동 655,candidate_unverified,KAIST 도곡캠퍼스 출입구 | KAIST 출입구 | 카이스트 도곡캠퍼스 출입구
19553259,KAIST 도곡캠퍼스,0,24635827,양재천양재계단 진출입로15,"교통,수송 > 입출구",37.4790728952763,127.04401124697,509.1,,http://place.map.kakao.com/24635827,서울 서초구 양재동 261-23,candidate_unverified,KAIST 도곡캠퍼스 출입구 | KAIST 출입구 | 카이스트 도곡캠퍼스 출입구
19553259,KAIST 도곡캠퍼스,0,24635789,양재천개포경사로 진출입로15,"교통,수송 > 입출구",37.4799375596018,127.044821259183,421.1,,http://place.map.kakao.com/24635789,서울 강남구 개포동 1279,candidate_unverified,KAIST 도곡캠퍼스 출입구 | KAIST 출입구 | 카이스트 도곡캠퍼스 출입구
19553259,KAIST 도곡캠퍼스,0,24635582,양재천도곡경사로 진출입로13,"교통,수송 > 입출구",37.4830395983559,127.047473333341,324.4,,http://place.map.kakao.com/24635582,서울 강남구 도곡동 468-2,candidate_unverified,KAIST 도곡캠퍼스 출입구 | KAIST 출입구 | 카이스트 도곡캠퍼스 출입구
19553259,KAIST 도곡캠퍼스,0,24635784,양재천개포계단 진출입로13,"교통,수송 > 입출구",37.4823184209941,127.048386425743,424.5,,http://place.map.kakao.com/24635784,서울 강남구 개포동 1279,candidate_unverified,KAIST 도곡캠퍼스 출입구 | KAIST 출입구 | 카이스트 도곡캠퍼스 출입구
19553259,KAIST 도곡캠퍼스,0,24635604,양재천양재계단 진출입로7,"교통,수송 > 입출구",37.4778376109723,127.041523285958,678.9,,http://place.map.kakao.com/24635604,서울 서초구 양재동 99-4,candidate_unverified,KAIST 도곡캠퍼스 출입구 | KAIST 출입구 | 카이스트 도곡캠퍼스 출입구
19553259,KAIST 도곡캠퍼스,0,24635829,양재천양재 진출입로16,"교통,수송 > 입출구",37.4782619127842,127.044209751403,599.8,,http://place.map.kakao.com/24635829,서울 서초구 양재동 261-22,candidate_unverified,KAIST 도곡캠퍼스 출입구 | KAIST 출입구 | 카이스트 도곡캠퍼스 출입구
19553259,KAIST 도곡캠퍼스,0,1971712660,도곡렉슬아파트 정문,"교통,수송 > 입출구",37.4951035580201,127.052967718194,1505.0,,http://place.map.kakao.com/1971712660,서울 강남구 도곡동 527,candidate_unverified,KAIST 도곡캠퍼스 출입구 | KAIST 출입구 | 카이스트 도곡캠퍼스 출입구
19553259,KAIST 도곡캠퍼스,0,24635769,양재천개포 진출입로9,"교통,수송 > 입출구",37.4845296625286,127.052227582882,743.2,,http://place.map.kakao.com/24635769,서울 강남구 개포동 648-2,candidate_unverified,KAIST 도곡캠퍼스 출입구 | KAIST 출입구 | 카이스트 도곡캠퍼스 출입구
19553259,KAIST 도곡캠퍼스,0,557121536,서초그랑자이아파트 정문,"교통,수송 > 입출구",37.4882467753069,127.02653797492273,1613.1,,http://place.map.kakao.com/557121536,서울 서초구 서초동 1757,candidate_unverified,KAIST 도곡캠퍼스 출입구 | KAIST 출입구 | 카이스트 도곡캠퍼스 출입구
19553259,KAIST 도곡캠퍼스,0,24635778,양재천개포계단 진출입로12,"교통,수송 > 입출구",37.4831466860822,127.049978903859,541.2,,http://place.map.kakao.com/24635778,서울 강남구 개포동 1279-2,candidate_unverified,KAIST 도곡캠퍼스 출입구 | KAIST 출입구 | 카이스트 도곡캠퍼스 출입구
19553259,KAIST 도곡캠퍼스,0,24635327,양재천도곡계단 진출입로9,"교통,수송 > 입출구",37.4852725445035,127.051196925271,670.5,,http://place.map.kakao.com/24635327,서울 강남구 도곡동 466,candidate_unverified,KAIST 도곡캠퍼스 출입구 | KAIST 출입구 | 카이스트 도곡캠퍼스 출입구
19553259,KAIST 도곡캠퍼스,0,388626939,서울교육대학교 쪽문,"교통,수송 > 입출구",37.4915192138678,127.016837140498,2541.3,,http://place.map.kakao.com/388626939,서울 서초구 서초동 1650,candidate_unverified,KAIST 도곡캠퍼스 쪽문 | 카이스트 도곡캠퍼스 쪽문
8132452,가톨릭대학교 성신교정,0,7940957,서문,"여행 > 관광,명소 > 문화유적 > 문",37.5709791010621,126.987887936369,2253.7,,http://place.map.kakao.com/7940957,서울 종로구 종로2가 38-4,candidate_unverified,가톨릭대학교 성신교정 서문 | 가톨릭대학교 서문
8132452,가톨릭대학교 성신교정,0,942123983,광장시장 서문,"교통,수송 > 입출구",37.570161603164,126.998089257945,1887.3,,http://place.map.kakao.com/942123983,서울 종로구 예지동 293-1,candidate_unverified,가톨릭대학교 성신교정 서문 | 가톨릭대학교 성신교정 출입구 | 가톨릭대학교 서문
8132452,가톨릭대학교 성신교정,0,17933692,종묘 서문,"여행 > 관광,명소 > 문화유적 > 문",37.5759781895547,126.992279458327,1581.5,,http://place.map.kakao.com/17933692,서울 종로구 훈정동 1-2,candidate_unverified,가톨릭대학교 성신교정 서문 | 가톨릭대학교 서문
8132452,가톨릭대학교 성신교정,0,11101684,영령전 서문,"여행 > 관광,명소 > 문화유적 > 문",37.5759781895547,126.992279458327,1581.5,,http://place.map.kakao.com/11101684,서울 종로구 훈정동 1-2,candidate_unverified,가톨릭대학교 성신교정 서문 | 가톨릭대학교 서문
8132452,가톨릭대학교 성신교정,0,1183593067,NPD현대계동사옥주차장 서문,"교통,수송 > 입출구",37.5782950752746,126.986924483996,1794.3,,http://place.map.kakao.com/1183593067,서울 종로구 계동 140-2,candidate_unverified,가톨릭대학교 성신교정 서문 | 가톨릭대학교 서문
8132452,가톨릭대학교 성신교정,0,8066059,정전 서문,"여행 > 관광,명소 > 문화유적 > 문",37.5750159859724,126.993234990705,1607.4,,http://place.map.kakao.com/8066059,서울 종로구 훈정동 1-2,candidate_unverified,가톨릭대학교 성신교정 서문 | 가톨릭대학교 서문
8132452,가톨릭대학교 성신교정,0,687079444,한성대학교 남문,"교통,수송 > 입출구",37.5811424451233,127.010811769121,797.0,,http://place.map.kakao.com/687079444,서울 성북구 삼선동2가 산 1-1,candidate_unverified,가톨릭대학교 성신교정 남문 | 가톨릭대학교 성신교정 출입구 | 가톨릭대학교 남문
8132452,가톨릭대학교 성신교정,0,8508492,정전 남문,"여행 > 관광,명소 > 문화유적 > 문",37.5743672948719,126.993687857325,1640.8,,http://place.map.kakao.com/8508492,서울 종로구 훈정동 1-2,candidate_unverified,가톨릭대학교 성신교정 남문 | 가톨릭대학교 남문
8132452,가톨릭대학교 성신교정,0,117042694,성균관대학교 인문사회과학캠퍼스 정문,"교통,수송 > 입출구",37.5850002309339,126.996838384994,698.0,,http://place.map.kakao.com/117042694,서울 종로구 명륜3가 53,candidate_unverified,가톨릭대학교 성신교정 출입구
8132452,가톨릭대학교 성신교정,0,2009442075,서울대학교병원 후문,"교통,수송 > 입출구",37.5799644239191,127.001969861978,744.9,,http://place.map.kakao.com/2009442075,서울 종로구 연건동 28-21,candidate_unverified,가톨릭대학교 성신교정 출입구
8132452,가톨릭대학교 성신교정,0,12804270,성신여자대학교입구,"교통,수송 > 입출구",37.5913042778387,127.020969757591,1546.3,,http://place.map.kakao.com/12804270,서울 성북구 동선동3가,candidate_unverified,가톨릭대학교 성신교정 출입구
8132452,가톨릭대학교 성신교정,0,1627522015,삼선푸르지오아파트 정문,"교통,수송 > 입출구",37.5843479206725,127.013344899129,803.5,,http://place.map.kakao.com/1627522015,서울 성북구 삼선동2가 425,candidate_unverified,가톨릭대학교 성신교정 출입구
8132452,가톨릭대학교 성신교정,0,18090722,보문사 출입구,"교통,수송 > 입출구",37.5844430223015,127.016534245742,1074.3,,http://place.map.kakao.com/18090722,서울 성북구 보문동3가 187-3,candidate_unverified,가톨릭대학교 성신교정 출입구
8132452,가톨릭대학교 성신교정,0,18143729,낙산공원 출입구3,"교통,수송 > 입출구",37.5805227479092,127.008536132308,734.5,,http://place.map.kakao.com/18143729,서울 종로구 동숭동 50-112,candidate_unverified,가톨릭대학교 성신교정 출입구
8132452,가톨릭대학교 성신교정,0,457781282,경신고등학교 후문,"교통,수송 > 입출구",37.5913322557512,127.001791261831,607.4,,http://place.map.kakao.com/457781282,서울 성북구 성북동 131-113,candidate_unverified,가톨릭대학교 성신교정 출입구
8132452,가톨릭대학교 성신교정,0,18093191,낙산공원 주출입구,"교통,수송 > 입출구",37.5803282544374,127.00665227891,692.6,,http://place.map.kakao.com/18093191,서울 종로구 동숭동 50-127,candidate_unverified,가톨릭대학교 성신교정 출입구
8132452,가톨릭대학교 성신교정,0,972331115,창덕궁 후원 입구,"교통,수송 > 입출구",37.5795389611989,126.992958349553,1272.7,,http://place.map.kakao.com/972331115,서울 종로구 와룡동 2-71,candidate_unverified,가톨릭대학교 성신교정 출입구
8132452,가톨릭대학교 성신교정,0,18093911,성균관대학교 후문,"교통,수송 > 입출구",37.5892983133587,126.990086054512,1318.8,,http://place.map.kakao.com/18093911,서울 종로구 명륜3가 산 2-14,candidate_unverified,가톨릭대학교 성신교정 출입구
8132452,가톨릭대학교 성신교정,0,1383518559,서울동구고등학교 후문,"교통,수송 > 입출구",37.5931465730501,127.008333759244,826.4,,http://place.map.kakao.com/1383518559,서울 성북구 성북동 168-275,candidate_unverified,가톨릭대학교 성신교정 출입구
8132452,가톨릭대학교 성신교정,0,1358559046,홍익대학교사범대학 부속고등학교 후문,"교통,수송 > 입출구",37.5950289781094,127.003791050107,969.1,,http://place.map.kakao.com/1358559046,서울 성북구 성북동 151,candidate_unverified,가톨릭대학교 성신교정 출입구
8132452,가톨릭대학교 성신교정,0,18143728,낙산공원 출입구2,"교통,수송 > 입출구",37.5788686120996,127.007200079635,861.9,,http://place.map.kakao.com/18143728,서울 종로구 이화동 9-308,candidate_unverified,가톨릭대학교 성신교정 출입구
8132452,가톨릭대학교 성신교정,0,26396794,서울대학교병원 정문,"교통,수송 > 입출구",37.5770596068084,126.997405317092,1209.8,,http://place.map.kakao.com/26396794,서울 종로구 연건동 28-21,candidate_unverified,가톨릭대학교 성신교정 출입구
8132452,가톨릭대학교 성신교정,0,18091355,낙산공원 출입구1,"교통,수송 > 입출구",37.5794957280832,127.006792584929,785.2,,http://place.map.kakao.com/18091355,서울 종로구 동숭동 50-132,candidate_unverified,가톨릭대학교 성신교정 출입구
8132452,가톨릭대학교 성신교정,0,1597000245,e편한세상보문1단지아파트 출입구,"교통,수송 > 입출구",37.5820456119322,127.015555549951,1078.5,,http://place.map.kakao.com/1597000245,서울 성북구 보문동3가 230,candidate_unverified,가톨릭대학교 성신교정 출입구
8132452,가톨릭대학교 성신교정,0,1364021540,경신중학교 후문,"교통,수송 > 입출구",37.5913241458011,127.001856933682,604.3,,http://place.map.kakao.com/1364021540,서울 성북구 성북동1가 120-1,candidate_unverified,가톨릭대학교 성신교정 출입구
8132452,가톨릭대학교 성신교정,0,1146029540,보문파크뷰자이아파트 정문,"교통,수송 > 입출구",37.5806766804553,127.017833081235,1326.7,,http://place.map.kakao.com/1146029540,서울 성북구 보문동6가 194-3,candidate_unverified,가톨릭대학교 성신교정 출입구
8132452,가톨릭대학교 성신교정,0,1629922481,한신한진아파트 후문,"교통,수송 > 입출구",37.5950462803216,127.013556291008,1250.5,,http://place.map.kakao.com/1629922481,서울 성북구 돈암동 609-1,candidate_unverified,가톨릭대학교 성신교정 출입구
8132452,가톨릭대학교 성신교정,0,425186218,종로센트레빌아파트 정문,"교통,수송 > 입출구",37.5797236801173,127.016084890104,1252.5,,http://place.map.kakao.com/425186218,서울 종로구 숭인동 2-1,candidate_unverified,가톨릭대학교 성신교정 출입구
8132452,가톨릭대학교 성신교정,0,2021509909,흥천사 입구,"교통,수송 > 입출구",37.5984307639568,127.009936672384,1425.3,,http://place.map.kakao.com/2021509909,서울 성북구 돈암동 592-5,candidate_unverified,가톨릭대학교 성신교정 출입구
8132452,가톨릭대학교 성신교정,0,1148185088,성신여자대학교 돈암수정캠퍼스 중문,"교통,수송 > 입출구",37.590898620551144,127.02212455934625,1627.1,,http://place.map.kakao.com/1148185088,서울 성북구 동선동2가 365-1,candidate_unverified,가톨릭대학교 성신교정 출입구
8132452,가톨릭대학교 성신교정,0,1983433673,돈암코오롱하늘채아파트 후문,"교통,수송 > 입출구",37.5991415119745,127.011416807283,1546.1,,http://place.map.kakao.com/1983433673,서울 성북구 돈암동 644,candidate_unverified,가톨릭대학교 성신교정 출입구
8132452,가톨릭대학교 성신교정,0,177870206,종오지하쇼핑센터 12번출구,"교통,수송 > 입출구",37.5709887308555,126.999409112333,1766.3,,http://place.map.kakao.com/177870206,서울 종로구 종로5가 82-1,candidate_unverified,가톨릭대학교 성신교정 출입구
8132452,가톨릭대학교 성신교정,0,424760688,종로센트레빌아파트 후문,"교통,수송 > 입출구",37.5816582150576,127.015323382653,1080.3,,http://place.map.kakao.com/424760688,서울 종로구 숭인동 2-1,candidate_unverified,가톨릭대학교 성신교정 출입구
8132452,가톨릭대학교 성신교정,0,27588664,주한호주대사관저 입구,"교통,수송 > 입출구",37.59662917964544,127.00218318432779,1163.8,,http://place.map.kakao.com/27588664,서울 성북구 성북동 1-66,candidate_unverified,가톨릭대학교 성신교정 출입구
8132452,가톨릭대학교 성신교정,0,900488651,광장시장 동문,"교통,수송 > 입출구",37.5703778448469,127.001729634064,1792.2,,http://place.map.kakao.com/900488651,서울 종로구 종로5가 194-1,candidate_unverified,가톨릭대학교 성신교정 출입구
8132452,가톨릭대학교 성신교정,0,1181142078,e편한세상보문1단지아파트 후문,"교통,수송 > 입출구",37.58357449693901,127.0163030931668,1077.8,,http://place.map.kakao.com/1181142078,서울 성북구 보문동3가 230,candidate_unverified,가톨릭대학교 성신교정 출입구
8132452,가톨릭대학교 성신교정,0,27425368,서울효제초등학교 후문,"교통,수송 > 입출구",37.5732718145745,127.003047352795,1458.9,,http://place.map.kakao.com/27425368,서울 종로구 효제동 255-4,candidate_unverified,가톨릭대학교 성신교정 출입구
8132452,가톨릭대학교 성신교정,0,18094037,국민대학교 정문,"교통,수송 > 입출구",37.611078257923545,126.99462592662364,2887.5,,http://place.map.kakao.com/18094037,서울 성북구 정릉동 861-1,candidate_unverified,가톨릭대학교 성신교정 출입구
8132452,가톨릭대학교 성신교정,0,27271133,청와대 사랑채 입구,"교통,수송 > 입출구",37.5818877258424,126.97321371671741,2807.7,,http://place.map.kakao.com/27271133,서울 종로구 효자동 196,candidate_unverified,가톨릭대학교 성신교정 출입구
8132452,가톨릭대학교 성신교정,0,1888307060,돈암브라운스톤아파트 정문,"교통,수송 > 입출구",37.59910286382341,127.01790881901711,1842.5,,http://place.map.kakao.com/1888307060,서울 성북구 돈암동 636,candidate_unverified,가톨릭대학교 성신교정 출입구
8132452,가톨릭대학교 성신교정,0,1825728644,창신동 쪽방촌입구,"교통,수송 > 입출구",37.570934162008,127.010980088474,1803.1,,http://place.map.kakao.com/1825728644,서울 종로구 창신동 447-2,candidate_unverified,가톨릭대학교 성신교정 출입구
8132452,가톨릭대학교 성신교정,0,172805003,보문파크뷰자이아파트 후문,"교통,수송 > 입출구",37.5801502863029,127.019196012975,1460.2,,http://place.map.kakao.com/172805003,서울 성북구 보문동6가 153-3,candidate_unverified,가톨릭대학교 성신교정 출입구
8132452,가톨릭대학교 성신교정,0,177748535,종오지하쇼핑센터 13번출구,"교통,수송 > 입출구",37.5710202671533,127.000059994367,1749.0,,http://place.map.kakao.com/177748535,서울 종로구 종로5가 82-1,candidate_unverified,가톨릭대학교 성신교정 출입구
8132452,가톨릭대학교 성신교정,0,27610515,동방문화대학원대학교 정문,"교통,수송 > 입출구",37.59687398733751,126.99183907625228,1622.6,,http://place.map.kakao.com/27610515,서울 성북구 성북동 292-1,candidate_unverified,가톨릭대학교 성신교정 출입구
8132452,가톨릭대학교 성신교정,0,27254919,광장시장 북2문,"교통,수송 > 입출구",37.5707238387684,127.000475425175,1773.3,,http://place.map.kakao.com/27254919,서울 종로구 종로4가 170-1,candidate_unverified,가톨릭대학교 성신교정 출입구
8132452,가톨릭대학교 성신교정,0,26396925,성신여자대학교 돈암수정캠퍼스 후문,"교통,수송 > 입출구",37.58972730081695,127.02228272795851,1604.9,,http://place.map.kakao.com/26396925,서울 성북구 동선동2가 320,candidate_unverified,가톨릭대학교 성신교정 출입구
8132452,가톨릭대학교 성신교정,0,1429323459,원서공원앞 공영주차장 입구,"교통,수송 > 입출구",37.5783376414894,126.989084485094,1629.5,,http://place.map.kakao.com/1429323459,서울 종로구 원서동 181,candidate_unverified,가톨릭대학교 성신교정 출입구
8132452,가톨릭대학교 성신교정,0,740271303,현대계동사옥 공유주차장 입구,"교통,수송 > 입출구",37.5783890000368,126.98910485505,1624.9,,http://place.map.kakao.com/740271303,서울 종로구 원서동 181,candidate_unverified,가톨릭대학교 성신교정 출입구
8132452,가톨릭대학교 성신교정,0,727066808,현대원서공원 주차장입구,"교통,수송 > 입출구",37.578364675178825,126.9891263681207,1624.7,,http://place.map.kakao.com/727066808,서울 종로구 원서동 181,candidate_unverified,가톨릭대학교 성신교정 출입구
8132452,가톨릭대학교 성신교정,0,945311373,정릉우성아파트 정문,"교통,수송 > 입출구",37.6007052336443,127.01497963572,1841.9,,http://place.map.kakao.com/945311373,서울 성북구 정릉동 1020,candidate_unverified,가톨릭대학교 성신교정 출입구
8132452,가톨릭대학교 성신교정,0,26396952,국민대학교 후문,"교통,수송 > 입출구",37.6111819935464,126.99966022671174,2796.5,,http://place.map.kakao.com/26396952,서울 성북구 정릉동 848-10,candidate_unverified,가톨릭대학교 성신교정 출입구
8127185,가톨릭대학교 성의교정,0,397224411,서문여자중학교 정문,"교통,수송 > 입출구",37.4894236659471,126.984597104045,2205.0,,http://place.map.kakao.com/397224411,서울 서초구 방배동 1514,candidate_unverified,가톨릭대학교 성의교정 서문 | 가톨릭대학교 서문
8127185,가톨릭대학교 성의교정,0,2029399651,아크로비스타아파트 서문,"교통,수송 > 입출구",37.4985160421862,127.012767565565,675.6,,http://place.map.kakao.com/2029399651,서울 서초구 서초동 1685-3,candidate_unverified,가톨릭대학교 성의교정 서문 | 가톨릭대학교 성의교정 출입구 | 가톨릭대학교 서문
8127185,가톨릭대학교 성의교정,0,1953390538,원촌중학교 서문,"교통,수송 > 입출구",37.5059790022209,127.013406712744,940.4,,http://place.map.kakao.com/1953390538,서울 서초구 반포동 22,candidate_unverified,가톨릭대학교 성의교정 서문 | 가톨릭대학교 성의교정 출입구 | 가톨릭대학교 서문
8127185,가톨릭대학교 성의교정,0,1262912745,방배래미안아트힐아파트 서문,"교통,수송 > 입출구",37.4770077907567,127.00430626364,2596.5,,http://place.map.kakao.com/1262912745,서울 서초구 방배동 1008-2,candidate_unverified,가톨릭대학교 성의교정 서문 | 가톨릭대학교 서문
8127185,가톨릭대학교 성의교정,0,1881280515,아크로비스타아파트 남문,"교통,수송 > 입출구",37.4970067483412,127.013730793716,818.2,,http://place.map.kakao.com/1881280515,서울 서초구 서초동 1685-3,candidate_unverified,가톨릭대학교 성의교정 남문 | 가톨릭대학교 성의교정 출입구 | 가톨릭대학교 남문
8127185,가톨릭대학교 성의교정,0,27150563,서초래미안아파트 남문,"교통,수송 > 입출구",37.497555555294,127.01947339791748,1274.2,,http://place.map.kakao.com/27150563,서울 서초구 서초동 1682,candidate_unverified,가톨릭대학교 성의교정 남문 | 가톨릭대학교 성의교정 출입구 | 가톨릭대학교 남문
8127185,가톨릭대학교 성의교정,0,1882629393,서울회생법원 입구,"교통,수송 > 입출구",37.4983926528184,127.012310672283,641.8,,http://place.map.kakao.com/1882629393,서울 서초구 서초동 1701-1,candidate_unverified,가톨릭대학교 성의교정 출입구
8127185,가톨릭대학교 성의교정,0,1351257842,디에이치반포라클라스아파트 정문,"교통,수송 > 입출구",37.5001514070147,127.012405956491,612.9,,http://place.map.kakao.com/1351257842,서울 서초구 반포동 1343,candidate_unverified,가톨릭대학교 성의교정 출입구
8127185,가톨릭대학교 성의교정,0,1084835702,반포래미안아이파크아파트 정문,"교통,수송 > 입출구",37.5013227354159,127.012208239959,605.0,,http://place.map.kakao.com/1084835702,서울 서초구 반포동 1341,candidate_unverified,가톨릭대학교 성의교정 출입구
8127185,가톨릭대학교 성의교정,0,1286161269,반포센트럴자이아파트 정문,"교통,수송 > 입출구",37.5062626473368,127.002720032581,701.6,,http://place.map.kakao.com/1286161269,서울 서초구 잠원동 162,candidate_unverified,가톨릭대학교 성의교정 출입구
8127185,가톨릭대학교 성의교정,0,1565392118,반포리체아파트 정문,"교통,수송 > 입출구",37.5027100948518,127.013921835527,791.4,,http://place.map.kakao.com/1565392118,서울 서초구 반포동 30-26,candidate_unverified,가톨릭대학교 성의교정 출입구
8127185,가톨릭대학교 성의교정,0,1948504359,삼풍아파트 북문,"교통,수송 > 입출구",37.4994683204506,127.013534469892,718.7,,http://place.map.kakao.com/1948504359,서울 서초구 서초동 1685,candidate_unverified,가톨릭대학교 성의교정 출입구
8127185,가톨릭대학교 성의교정,0,763463242,서울잠원초등학교 정문,"교통,수송 > 입출구",37.500839504462,126.997741574977,683.3,,http://place.map.kakao.com/763463242,서울 서초구 반포동 17,candidate_unverified,가톨릭대학교 성의교정 출입구
8127185,가톨릭대학교 성의교정,0,1476883495,래미안원베일리아파트 GATE1,"교통,수송 > 입출구",37.505495891908645,126.99728112621719,921.7,,http://place.map.kakao.com/1476883495,서울 서초구 반포동 1,candidate_unverified,가톨릭대학교 성의교정 출입구
8127185,가톨릭대학교 성의교정,0,1953377165,원촌중학교 정문,"교통,수송 > 입출구",37.5052058417705,127.014243495782,944.9,,http://place.map.kakao.com/1953377165,서울 서초구 반포동 20-43,candidate_unverified,가톨릭대학교 성의교정 출입구
8127185,가톨릭대학교 성의교정,0,1755787680,서울중앙지방법원 동문,"교통,수송 > 입출구",37.4976231707589,127.012525409433,692.5,,http://place.map.kakao.com/1755787680,서울 서초구 서초동,candidate_unverified,가톨릭대학교 성의교정 출입구
8127185,가톨릭대학교 성의교정,0,26524162,삼풍아파트 입구,"교통,수송 > 입출구",37.4969706614128,127.014126584792,851.2,,http://place.map.kakao.com/26524162,서울 서초구 서초동 1685,candidate_unverified,가톨릭대학교 성의교정 출입구
8127185,가톨릭대학교 성의교정,0,1417136688,서울중앙지방검찰청 정문,"교통,수송 > 입출구",37.4946284686609,127.00995908958,748.8,,http://place.map.kakao.com/1417136688,서울 서초구 서초동 1724,candidate_unverified,가톨릭대학교 성의교정 출입구
8127185,가톨릭대학교 성의교정,0,1272386304,대검찰청 정문,"교통,수송 > 입출구",37.4940637895707,127.006290677672,701.7,,http://place.map.kakao.com/1272386304,서울 서초구 서초동 1730-1,candidate_unverified,가톨릭대학교 성의교정 출입구
8127185,가톨릭대학교 성의교정,0,492794007,아크로리버파크아파트 게이트1,"교통,수송 > 입출구",37.5052741012286,126.993576057657,1183.4,,http://place.map.kakao.com/492794007,서울 서초구 반포동 2-12,candidate_unverified,가톨릭대학교 성의교정 출입구
8127185,가톨릭대학교 성의교정,0,802346251,래미안원베일리아파트 GATE3 입주민전용,"교통,수송 > 입출구",37.5071889116875,126.999779454093,911.7,,http://place.map.kakao.com/802346251,서울 서초구 반포동 1-13,candidate_unverified,가톨릭대학교 성의교정 출입구
8127185,가톨릭대학교 성의교정,0,1535495417,반포래미안아이파크아파트 후문,"교통,수송 > 입출구",37.5023415740249,127.01400206324,785.5,,http://place.map.kakao.com/1535495417,서울 서초구 반포동 1341,candidate_unverified,가톨릭대학교 성의교정 출입구
8127185,가톨릭대학교 성의교정,0,1887355506,아크로리버파크아파트 GATE2,"교통,수송 > 입출구",37.5059994779225,126.994967109151,1119.4,,http://place.map.kakao.com/1887355506,서울 서초구 반포동 2-12,candidate_unverified,가톨릭대학교 성의교정 출입구
8127185,가톨릭대학교 성의교정,0,190830760,반포르엘아파트 정문,"교통,수송 > 입출구",37.5063329118351,127.003268566123,693.9,,http://place.map.kakao.com/190830760,서울 서초구 잠원동 74-1,candidate_unverified,가톨릭대학교 성의교정 출입구
8127185,가톨릭대학교 성의교정,0,1287180740,반포센트럴자이아파트 후문,"교통,수송 > 입출구",37.5067744433676,127.001210168287,807.8,,http://place.map.kakao.com/1287180740,서울 서초구 잠원동 162,candidate_unverified,가톨릭대학교 성의교정 출입구
8127185,가톨릭대학교 성의교정,0,968275977,반포써밋아파트 게이트3,"교통,수송 > 입출구",37.50293142124,127.016421254944,1008.8,,http://place.map.kakao.com/968275977,서울 서초구 반포동 1342,candidate_unverified,가톨릭대학교 성의교정 출입구
8127185,가톨릭대학교 성의교정,0,418296799,래미안원베일리아파트 GATE2,"교통,수송 > 입출구",37.5065761753995,126.996459984373,1054.2,,http://place.map.kakao.com/418296799,서울 서초구 반포동 1-1,candidate_unverified,가톨릭대학교 성의교정 출입구
8127185,가톨릭대학교 성의교정,0,189530319,반포르엘아파트 후문,"교통,수송 > 입출구",37.5082953036624,127.003161204658,907.6,,http://place.map.kakao.com/189530319,서울 서초구 잠원동 74-1,candidate_unverified,가톨릭대학교 성의교정 출입구
8127185,가톨릭대학교 성의교정,0,1529937698,아크로비스타 오피스텔 입구,"교통,수송 > 입출구",37.4973491532705,127.013536349137,786.1,,http://place.map.kakao.com/1529937698,서울 서초구 서초동 1685-3,candidate_unverified,가톨릭대학교 성의교정 출입구
8127185,가톨릭대학교 성의교정,0,18082968,가톨릭대학교 출입구,"교통,수송 > 입출구",37.5025143867259,127.005080156141,244.1,,http://place.map.kakao.com/18082968,서울 서초구 반포동 505,candidate_unverified,가톨릭대학교 성의교정 출입구 | 가톨릭대학교 출입구
8127185,가톨릭대학교 성의교정,0,887596010,디에이치반포라클라스아파트 후문,"교통,수송 > 입출구",37.50174133962475,127.0153273922825,884.1,,http://place.map.kakao.com/887596010,서울 서초구 반포동 1343,candidate_unverified,가톨릭대학교 성의교정 출입구
8127185,가톨릭대학교 성의교정,0,1457043828,삼호가든맨션5차아파트 주차장 입구,"교통,수송 > 입출구",37.5032626733931,127.011484750757,622.8,,http://place.map.kakao.com/1457043828,서울 서초구 반포동 30-1,candidate_unverified,가톨릭대학교 성의교정 출입구
8127185,가톨릭대학교 성의교정,0,1473963842,반포자이아파트 출입구2,"교통,수송 > 입출구",37.506264954727,127.010043197518,772.9,,http://place.map.kakao.com/1473963842,서울 서초구 반포동 20-43,candidate_unverified,가톨릭대학교 성의교정 출입구
8127185,가톨릭대학교 성의교정,0,635541793,롯데마트 서초점 주차장입구,"교통,수송 > 입출구",37.4899543315569,127.005563264161,1154.9,,http://place.map.kakao.com/635541793,서울 서초구 서초동 1498-44,candidate_unverified,가톨릭대학교 성의교정 출입구
8127185,가톨릭대학교 성의교정,0,21962527,서울교육대학교 사향문,"교통,수송 > 입출구",37.4892180773366,127.016576555259,1578.3,,http://place.map.kakao.com/21962527,서울 서초구 서초동 1650,candidate_unverified,가톨릭대학교 성의교정 출입구
8127185,가톨릭대학교 성의교정,0,24580390,한강공원반포나들목 진출입로1,"교통,수송 > 입출구",37.5120579290546,127.001683044241,1344.9,,http://place.map.kakao.com/24580390,서울 서초구 잠원동 122-2,candidate_unverified,가톨릭대학교 성의교정 출입구
8127185,가톨릭대학교 성의교정,0,2101496160,고투몰 16번출구,"교통,수송 > 입출구",37.5078823443589,127.008980259997,894.2,,http://place.map.kakao.com/2101496160,서울 서초구 잠원동 68,candidate_unverified,가톨릭대학교 성의교정 출입구
8127185,가톨릭대학교 성의교정,0,1413298340,반포써밋아파트 게이트2-2,"교통,수송 > 입출구",37.502880933265,127.016647431817,1026.3,,http://place.map.kakao.com/1413298340,서울 서초구 반포동 1342,candidate_unverified,가톨릭대학교 성의교정 출입구
8127185,가톨릭대학교 성의교정,0,2100305009,고투몰 14번출구,"교통,수송 > 입출구",37.5075580103674,127.008606987772,849.2,,http://place.map.kakao.com/2100305009,서울 서초구 잠원동 69-25,candidate_unverified,가톨릭대학교 성의교정 출입구
8127185,가톨릭대학교 성의교정,0,1519844147,동일하이빌상가 지하입구,"교통,수송 > 입출구",37.4916462454024,127.008548623109,1004.3,,http://place.map.kakao.com/1519844147,서울 서초구 서초동 1542-1,candidate_unverified,가톨릭대학교 성의교정 출입구
8127185,가톨릭대학교 성의교정,0,17355629,대법원후문,"교통,수송 > 입출구",37.4917924554747,127.003840103266,961.2,,http://place.map.kakao.com/17355629,서울 서초구 서초동 170-18,candidate_unverified,가톨릭대학교 성의교정 출입구
8127185,가톨릭대학교 성의교정,0,838300481,반포써밋아파트 게이트2-1,"교통,수송 > 입출구",37.5020203376419,127.017580255247,1085.2,,http://place.map.kakao.com/838300481,서울 서초구 반포동 1342,candidate_unverified,가톨릭대학교 성의교정 출입구
8127185,가톨릭대학교 성의교정,0,746961141,신반포자이아파트 후문,"교통,수송 > 입출구",37.5113062084789,127.008347272795,1245.6,,http://place.map.kakao.com/746961141,서울 서초구 잠원동 66-13,candidate_unverified,가톨릭대학교 성의교정 출입구
8127185,가톨릭대학교 성의교정,0,1468366410,반포써밋정문,"교통,수송 > 입출구",37.500826444449,127.017981447906,1105.7,,http://place.map.kakao.com/1468366410,서울 서초구 반포동 120-3,candidate_unverified,가톨릭대학교 성의교정 출입구
8127185,가톨릭대학교 성의교정,0,1084742201,삼풍아파트 출입문,"교통,수송 > 입출구",37.498330686523,127.017788601375,1110.1,,http://place.map.kakao.com/1084742201,서울 서초구 서초동 1685,candidate_unverified,가톨릭대학교 성의교정 출입구
8127185,가톨릭대학교 성의교정,0,1260084479,하이파킹 마제스타시티 주차장입구,"교통,수송 > 입출구",37.4907039240671,127.006463401568,1075.1,,http://place.map.kakao.com/1260084479,서울 서초구 서초동 1498-5,candidate_unverified,가톨릭대학교 성의교정 출입구
8127185,가톨릭대학교 성의교정,0,24580392,한강공원반포나들목 진출입로2,"교통,수송 > 입출구",37.5111893479608,127.002425003386,1235.8,,http://place.map.kakao.com/24580392,서울 서초구 잠원동 118,candidate_unverified,가톨릭대학교 성의교정 출입구
8138835,감리교신학대학교,0,897141236,서문,"여행 > 관광,명소 > 문화유적 > 사당,제단",37.57566024891,126.96687652701,1031.6,,http://place.map.kakao.com/897141236,서울 종로구 사직동 1-28,candidate_unverified,감리교신학대학교 서문
8138835,감리교신학대학교,0,7940957,서문,"여행 > 관광,명소 > 문화유적 > 문",37.5709791010621,126.987887936369,2296.4,,http://place.map.kakao.com/7940957,서울 종로구 종로2가 38-4,candidate_unverified,감리교신학대학교 서문
8138835,감리교신학대학교,0,1436482704,이화여자고등학교 서문,"교통,수송 > 입출구",37.5646866837945,126.968930077008,645.0,,http://place.map.kakao.com/1436482704,서울 중구 순화동 1-1,candidate_unverified,감리교신학대학교 서문 | 감리교신학대학교 출입구
8138835,감리교신학대학교,0,1052898871,종근당빌딩 서문,"교통,수송 > 입출구",37.55982408696,126.962965248078,814.0,,http://place.map.kakao.com/1052898871,서울 서대문구 충정로3가 368,candidate_unverified,감리교신학대학교 서문 | 감리교신학대학교 출입구
8138835,감리교신학대학교,0,18922244,연세대학교 서문,"교통,수송 > 입출구",37.5637749061639,126.933953735176,2525.2,,http://place.map.kakao.com/18922244,서울 서대문구 연희동 25,candidate_unverified,감리교신학대학교 서문
8138835,감리교신학대학교,0,161482594,홍제역해링턴플레이스아파트 서문,"교통,수송 > 입출구",37.5889426566929,126.947011143829,2774.7,,http://place.map.kakao.com/161482594,서울 서대문구 홍제동 270-1,candidate_unverified,감리교신학대학교 서문
8138835,감리교신학대학교,0,1183593067,NPD현대계동사옥주차장 서문,"교통,수송 > 입출구",37.5782950752746,126.986924483996,2501.2,,http://place.map.kakao.com/1183593067,서울 종로구 계동 140-2,candidate_unverified,감리교신학대학교 서문
8138835,감리교신학대학교,0,17933692,종묘 서문,"여행 > 관광,명소 > 문화유적 > 문",37.5759781895547,126.992279458327,2820.4,,http://place.map.kakao.com/17933692,서울 종로구 훈정동 1-2,candidate_unverified,감리교신학대학교 서문
8138835,감리교신학대학교,0,11101684,영령전 서문,"여행 > 관광,명소 > 문화유적 > 문",37.5759781895547,126.992279458327,2820.4,,http://place.map.kakao.com/11101684,서울 종로구 훈정동 1-2,candidate_unverified,감리교신학대학교 서문
8138835,감리교신학대학교,0,8066059,정전 서문,"여행 > 관광,명소 > 문화유적 > 문",37.5750159859724,126.993234990705,2864.9,,http://place.map.kakao.com/8066059,서울 종로구 훈정동 1-2,candidate_unverified,감리교신학대학교 서문
8138835,감리교신학대학교,0,16984282,남문 이용원,"가정,생활 > 이발소",37.5579229001817,126.972561343436,1366.2,,http://place.map.kakao.com/16984282,서울 중구 남대문로5가 63-4,candidate_unverified,감리교신학대학교 남문
8138835,감리교신학대학교,0,18922240,연세대학교 남문,"교통,수송 > 입출구",37.5614750339922,126.933014087396,2655.8,,http://place.map.kakao.com/18922240,서울 서대문구 신촌동 134,candidate_unverified,감리교신학대학교 남문
8138835,감리교신학대학교,0,433433574,서강대학교 남문,"교통,수송 > 입출구",37.5494986137581,126.938996489276,2838.6,,http://place.map.kakao.com/433433574,서울 마포구 신수동 1-1,candidate_unverified,감리교신학대학교 남문
8138835,감리교신학대학교,0,2040519528,남산리더십센터 남문,"교통,수송 > 입출구",37.5592552852651,126.98737486939,2377.9,,http://place.map.kakao.com/2040519528,서울 중구 남산동3가 34-5,candidate_unverified,감리교신학대학교 남문
8138835,감리교신학대학교,0,8508492,정전 남문,"여행 > 관광,명소 > 문화유적 > 문",37.5743672948719,126.993687857325,2882.0,,http://place.map.kakao.com/8508492,서울 종로구 훈정동 1-2,candidate_unverified,감리교신학대학교 남문
8138835,감리교신학대학교,0,1834345241,경기대학교 서울캠퍼스 후문,"교통,수송 > 입출구",37.564039417736,126.961611716429,348.2,,http://place.map.kakao.com/1834345241,서울 서대문구 충정로3가 1-50,candidate_unverified,감리교신학대학교 출입구
8138835,감리교신학대학교,0,2029123161,경희궁자이2단지아파트 후문,"교통,수송 > 입출구",37.569028238981154,126.96451371163015,288.4,,http://place.map.kakao.com/2029123161,서울 종로구 송월동 145,candidate_unverified,감리교신학대학교 출입구
8138835,감리교신학대학교,0,2028906449,경희궁자이2단지아파트 정문,"교통,수송 > 입출구",37.5713828481189,126.962593897506,474.2,,http://place.map.kakao.com/2028906449,서울 종로구 홍파동 199,candidate_unverified,감리교신학대학교 출입구
8138835,감리교신학대학교,0,2101546257,인왕산 입구,"교통,수송 > 입출구",37.573695232134,126.96397945272,745.6,,http://place.map.kakao.com/2101546257,서울 종로구 사직동 산 1-6,candidate_unverified,감리교신학대학교 출입구
8138835,감리교신학대학교,0,115450973,약현성당 정문,"교통,수송 > 입출구",37.5594021768961,126.968321103042,1009.9,,http://place.map.kakao.com/115450973,서울 중구 중림동 149-2,candidate_unverified,감리교신학대학교 출입구
8138835,감리교신학대학교,0,63477494,경희궁자이3단지아파트 정문,"교통,수송 > 입출구",37.569211287352,126.965003755568,333.2,,http://place.map.kakao.com/63477494,서울 종로구 평동 233,candidate_unverified,감리교신학대학교 출입구
8138835,감리교신학대학교,0,75444292,인왕산 등산로 입구,"교통,수송 > 입출구",37.5782355968308,126.961916883022,1235.9,,http://place.map.kakao.com/75444292,서울 종로구 사직동 산 1-24,candidate_unverified,감리교신학대학교 출입구
8138835,감리교신학대학교,0,756036389,이화여자외국어고등학교 정문,"교통,수송 > 입출구",37.5646550951387,126.968726353018,630.2,,http://place.map.kakao.com/756036389,서울 중구 순화동 1-149,candidate_unverified,감리교신학대학교 출입구
8138835,감리교신학대학교,0,26397093,이화여자대학교 후문,"교통,수송 > 입출구",37.5635317504439,126.944692996803,1601.7,,http://place.map.kakao.com/26397093,서울 서대문구 대신동 47,candidate_unverified,감리교신학대학교 출입구
8138835,감리교신학대학교,0,832082252,e편한세상신촌3단지아파트 입구,"교통,수송 > 입출구",37.5600984287875,126.956339532477,941.0,,http://place.map.kakao.com/832082252,서울 서대문구 북아현동 142-2,candidate_unverified,감리교신학대학교 출입구
8138835,감리교신학대학교,0,897362656,서울역KTX 고객주차장 입출구,"교통,수송 > 입출구",37.5532441051647,126.969251704,1660.9,,http://place.map.kakao.com/897362656,서울 용산구 동자동 43-205,candidate_unverified,감리교신학대학교 출입구
8138835,감리교신학대학교,0,27377630,중앙여자고등학교 정문,"교통,수송 > 입출구",37.5622891231938,126.954930248887,842.6,,http://place.map.kakao.com/27377630,서울 서대문구 북아현동 190-1,candidate_unverified,감리교신학대학교 출입구
8138835,감리교신학대학교,0,1941047737,경기대학교 서울캠퍼스 정문,"교통,수송 > 입출구",37.5646956381472,126.962530460914,270.9,,http://place.map.kakao.com/1941047737,서울 서대문구 충정로2가 68-13,candidate_unverified,감리교신학대학교 출입구
8138835,감리교신학대학교,0,2109875238,힐스테이트신촌아파트 정문,"교통,수송 > 입출구",37.5623942632169,126.951944395407,1052.7,,http://place.map.kakao.com/2109875238,서울 서대문구 북아현동 1-954,candidate_unverified,감리교신학대학교 출입구
8138835,감리교신학대학교,0,1369183914,경희궁자이3단지아파트 후문,"교통,수송 > 입출구",37.5682178993461,126.966415732966,383.4,,http://place.map.kakao.com/1369183914,서울 종로구 평동 233,candidate_unverified,감리교신학대학교 출입구
8138835,감리교신학대학교,0,1971212927,천연뜨란채아파트 제1출입구,"교통,수송 > 입출구",37.56816144967576,126.95886354895846,323.3,,http://place.map.kakao.com/1971212927,서울 서대문구 천연동 145,candidate_unverified,감리교신학대학교 출입구
8138835,감리교신학대학교,0,451681720,천연뜨란채아파트 제2출입구,"교통,수송 > 입출구",37.5662694422555,126.95910455162,296.5,,http://place.map.kakao.com/451681720,서울 서대문구 천연동 145,candidate_unverified,감리교신학대학교 출입구
8138835,감리교신학대학교,0,592662879,이화여자대학교 정문,"교통,수송 > 입출구",37.5594236592153,126.94566937595,1696.9,,http://place.map.kakao.com/592662879,서울 서대문구 대현동,candidate_unverified,감리교신학대학교 출입구
8138835,감리교신학대학교,0,26131902,서울역 서부출입구,"교통,수송 > 입출구",37.553705509211525,126.96961139732429,1625.7,,http://place.map.kakao.com/26131902,서울 용산구 동자동 43-205,candidate_unverified,감리교신학대학교 출입구
8138835,감리교신학대학교,0,699204189,안산자락길 입구,"교통,수송 > 입출구",37.5770768343509,126.951822887173,1440.7,,http://place.map.kakao.com/699204189,서울 서대문구 현저동 산 5-47,candidate_unverified,감리교신학대학교 출입구
8138835,감리교신학대학교,0,838350412,경희궁자이1단지아파트 정문,"교통,수송 > 입출구",37.5717271527204,126.962988786266,515.5,,http://place.map.kakao.com/838350412,서울 종로구 행촌동 37-19,candidate_unverified,감리교신학대학교 출입구
8138835,감리교신학대학교,0,24582617,청계광장 진출입 경사로2번,"교통,수송 > 입출구",37.5691288374739,126.978040353196,1405.9,,http://place.map.kakao.com/24582617,서울 중구 무교동,candidate_unverified,감리교신학대학교 출입구
8138835,감리교신학대학교,0,906098285,새문안교회 정문,"교통,수송 > 입출구",37.57063438281043,126.97355733641811,1067.0,,http://place.map.kakao.com/906098285,서울 종로구 신문로1가 240,candidate_unverified,감리교신학대학교 출입구
8138835,감리교신학대학교,0,1199034911,천연뜨란채아파트 제3출입구,"교통,수송 > 입출구",37.5661881393311,126.958493372233,350.5,,http://place.map.kakao.com/1199034911,서울 서대문구 천연동 145,candidate_unverified,감리교신학대학교 출입구
8138835,감리교신학대학교,0,450056042,서울경찰청 정문,"교통,수송 > 입출구",37.5743452475062,126.972107039427,1180.3,,http://place.map.kakao.com/450056042,서울 종로구 내자동 201-11,candidate_unverified,감리교신학대학교 출입구
8138835,감리교신학대학교,0,1142964882,서울역센트럴자이아파트 정문,"교통,수송 > 입출구",37.5548572301628,126.964070005939,1373.1,,http://place.map.kakao.com/1142964882,서울 중구 만리동2가 37-1,candidate_unverified,감리교신학대학교 출입구
8138835,감리교신학대학교,0,1178271027,무악현대아파트후문,"교통,수송 > 입출구",37.5765642374516,126.961870188001,1050.3,,http://place.map.kakao.com/1178271027,서울 종로구 무악동 82,candidate_unverified,감리교신학대학교 출입구
8138835,감리교신학대학교,0,395048112,천연뜨란채아파트 후문입구,"교통,수송 > 입출구",37.5687110990256,126.958984363633,340.6,,http://place.map.kakao.com/395048112,서울 서대문구 천연동 145-9,candidate_unverified,감리교신학대학교 출입구
8138835,감리교신학대학교,0,27271133,청와대 사랑채 입구,"교통,수송 > 입출구",37.5818877258424,126.97321371671741,1903.0,,http://place.map.kakao.com/27271133,서울 종로구 효자동 196,candidate_unverified,감리교신학대학교 출입구
8138835,감리교신학대학교,0,1056760774,천연뜨란채아파트 입구,"교통,수송 > 입출구",37.5684570116348,126.958965260143,328.4,,http://place.map.kakao.com/1056760774,서울 서대문구 천연동 145,candidate_unverified,감리교신학대학교 출입구
8138835,감리교신학대학교,0,1138070347,세란병원 정문,"교통,수송 > 입출구",37.5750364816136,126.957559065069,973.6,,http://place.map.kakao.com/1138070347,서울 종로구 무악동 32-2,candidate_unverified,감리교신학대학교 출입구
8138835,감리교신학대학교,0,1076223845,한국철도공사 서울본부 입구,"교통,수송 > 입출구",37.55752208696419,126.96942536978734,1239.2,,http://place.map.kakao.com/1076223845,서울 중구 봉래동2가 122,candidate_unverified,감리교신학대학교 출입구
8138835,감리교신학대학교,0,24172371,중앙대학교 평동캠퍼스입구,"교통,수송 > 입출구",37.5673997572719,126.966282534397,353.2,,http://place.map.kakao.com/24172371,서울 종로구 평동 85-15,candidate_unverified,감리교신학대학교 출입구
8138835,감리교신학대학교,0,18090971,서소문역사공원 주차장출입구,"교통,수송 > 입출구",37.5614249624486,126.968499074788,837.3,,http://place.map.kakao.com/18090971,서울 중구 의주로2가 16-4,candidate_unverified,감리교신학대학교 출입구
8138835,감리교신학대학교,0,1053051576,종근당빌딩 정문,"교통,수송 > 입출구",37.5596484552514,126.963165663089,834.9,,http://place.map.kakao.com/1053051576,서울 서대문구 충정로3가 368,candidate_unverified,감리교신학대학교 출입구
8138835,감리교신학대학교,0,1557454094,신촌푸르지오아파트 정문,"교통,수송 > 입출구",37.5605052392461,126.9528521884927,1110.8,,http://place.map.kakao.com/1557454094,서울 서대문구 북아현동 1011,candidate_unverified,감리교신학대학교 출입구
8138835,감리교신학대학교,0,7999562,연세대학교 동문,"교통,수송 > 입출구",37.5660622423696,126.945759633944,1461.8,,http://place.map.kakao.com/7999562,서울 서대문구 신촌동 134,candidate_unverified,감리교신학대학교 출입구
8138835,감리교신학대학교,0,1752657863,배화여자중학교 정문,"교통,수송 > 입출구",37.5780508109265,126.967684902097,1304.6,,http://place.map.kakao.com/1752657863,서울 종로구 필운동 12,candidate_unverified,감리교신학대학교 출입구
8138835,감리교신학대학교,0,18143069,서대문독립공원 출입구2,"교통,수송 > 입출구",37.572637449946,126.958451305453,700.2,,http://place.map.kakao.com/18143069,서울 서대문구 현저동 101,candidate_unverified,감리교신학대학교 출입구
8138835,감리교신학대학교,0,1052996044,종근당빌딩 동문,"교통,수송 > 입출구",37.5596530446653,126.963437292143,836.9,,http://place.map.kakao.com/1052996044,서울 서대문구 충정로3가 368,candidate_unverified,감리교신학대학교 출입구
8138835,감리교신학대학교,0,18151439,서대문독립공원 출입구1,"교통,수송 > 입출구",37.5729543493807,126.957744762408,762.0,,http://place.map.kakao.com/18151439,서울 서대문구 현저동 101,candidate_unverified,감리교신학대학교 출입구
8138835,감리교신학대학교,0,18143068,서대문독립공원 출입구3,"교통,수송 > 입출구",37.5741797506194,126.957879912067,875.5,,http://place.map.kakao.com/18143068,서울 서대문구 현저동 101-399,candidate_unverified,감리교신학대학교 출입구
8138835,감리교신학대학교,0,1341536850,이대공대 철문,"교통,수송 > 입출구",37.5668145259871,126.947649370519,1290.9,,http://place.map.kakao.com/1341536850,서울 서대문구 신촌동 34-1,candidate_unverified,감리교신학대학교 출입구
11025307,강서대학교,0,928423966,목동롯데캐슬위너아파트 서문,"교통,수송 > 입출구",37.5471895437624,126.866085454262,1064.9,,http://place.map.kakao.com/928423966,서울 양천구 목동 956,candidate_unverified,강서대학교 서문 | 강서대학교 출입구
11025307,강서대학교,0,325693407,송화벽화시장 서문,"교통,수송 > 입출구",37.5493714327806,126.835196812434,1673.1,,http://place.map.kakao.com/325693407,서울 강서구 내발산동 724-61,candidate_unverified,강서대학교 서문
11025307,강서대학교,0,312694295,화곡중앙시장 서문,"교통,수송 > 입출구",37.534472944802,126.838111317648,2121.3,,http://place.map.kakao.com/312694295,서울 강서구 화곡동 662-16,candidate_unverified,강서대학교 서문
11025307,강서대학교,0,928327612,목동롯데캐슬위너아파트 남문,"교통,수송 > 입출구",37.5461374931555,126.867965779029,1250.2,,http://place.map.kakao.com/928327612,서울 양천구 목동 956,candidate_unverified,강서대학교 남문 | 강서대학교 출입구
11025307,강서대학교,0,325583265,송화벽화시장 남문,"교통,수송 > 입출구",37.5486016500209,126.835605893645,1635.3,,http://place.map.kakao.com/325583265,서울 강서구 내발산동 724-62,candidate_unverified,강서대학교 남문 | 강서대학교 출입구
11025307,강서대학교,0,312502663,화곡중앙시장 남문,"교통,수송 > 입출구",37.5347987492464,126.839168491369,2032.6,,http://place.map.kakao.com/312502663,서울 강서구 화곡동 362-95,candidate_unverified,강서대학교 남문
11025307,강서대학교,0,302461159,까치산시장 남문,"교통,수송 > 입출구",37.5315464333096,126.847541965651,1993.4,,http://place.map.kakao.com/302461159,서울 강서구 화곡동 663-15,candidate_unverified,강서대학교 남문
11025307,강서대학교,0,1036347197,등촌아이파크아파트 정문,"교통,수송 > 입출구",37.5439591932762,126.86193841083,864.5,,http://place.map.kakao.com/1036347197,서울 강서구 등촌동 715,candidate_unverified,강서대학교 출입구
11025307,강서대학교,0,1805877454,가양역두산위브아파트 정문,"교통,수송 > 입출구",37.5560416835155,126.854525849641,818.2,,http://place.map.kakao.com/1805877454,서울 강서구 등촌동 666-101,candidate_unverified,강서대학교 출입구
11025307,강서대학교,0,916725361,서울시니어스가양타워아파트 정문,"교통,수송 > 입출구",37.5567960603231,126.859184942272,1004.6,,http://place.map.kakao.com/916725361,서울 강서구 등촌동 637,candidate_unverified,강서대학교 출입구
11025307,강서대학교,0,1070513907,강나루현대홈타운 정문,"교통,수송 > 입출구",37.5605473636423,126.856569060934,1335.6,,http://place.map.kakao.com/1070513907,서울 강서구 가양동 448-1,candidate_unverified,강서대학교 출입구
11025307,강서대학교,0,1423562880,목동롯데캐슬위너아파트 동문,"교통,수송 > 입출구",37.5468631088977,126.868245136762,1258.6,,http://place.map.kakao.com/1423562880,서울 양천구 목동 956,candidate_unverified,강서대학교 출입구
11025307,강서대학교,0,471376957,서울화일초등학교 정문,"교통,수송 > 입출구",37.5406368866816,126.84774862824,1058.6,,http://place.map.kakao.com/471376957,서울 강서구 화곡동 61-184,candidate_unverified,강서대학교 출입구
11025307,강서대학교,0,2075549962,서울시니어스가양타워 B동입구,"교통,수송 > 입출구",37.556988147572,126.859331709089,1029.5,,http://place.map.kakao.com/2075549962,서울 강서구 등촌동 637,candidate_unverified,강서대학교 출입구
11025307,강서대학교,0,1273896754,가양7단지아파트 정문,"교통,수송 > 입출구",37.5609995220301,126.861737200921,1523.3,,http://place.map.kakao.com/1273896754,서울 강서구 가양동 1486,candidate_unverified,강서대학교 출입구
11025307,강서대학교,0,1557703322,KBS스포츠월드 정문,"교통,수송 > 입출구",37.5566885761017,126.849475849174,980.5,,http://place.map.kakao.com/1557703322,서울 강서구 화곡동 1135,candidate_unverified,강서대학교 출입구
11025307,강서대학교,0,1584791873,이대서울병원 정문,"교통,수송 > 입출구",37.5572197425741,126.83564581402,1887.4,,http://place.map.kakao.com/1584791873,서울 강서구 마곡동 728-35,candidate_unverified,강서대학교 출입구
11025307,강서대학교,0,916870674,서울시니어스가양타워아파트 후문,"교통,수송 > 입출구",37.5571729727892,126.859433219944,1051.9,,http://place.map.kakao.com/916870674,서울 강서구 등촌동 637,candidate_unverified,강서대학교 출입구
11025307,강서대학교,0,292256231,우장산힐스테이트아파트 후문,"교통,수송 > 입출구",37.5556474831244,126.842235967471,1304.9,,http://place.map.kakao.com/292256231,서울 강서구 내발산동 657,candidate_unverified,강서대학교 출입구
11025307,강서대학교,0,189487851,목동건영아파트 정문,"교통,수송 > 입출구",37.5415232320322,126.872664076502,1815.9,,http://place.map.kakao.com/189487851,서울 양천구 목동 928,candidate_unverified,강서대학교 출입구
11025307,강서대학교,0,1960923247,우장산아이파크e편한세상아파트 정문,"교통,수송 > 입출구",37.5481163218303,126.837784199369,1444.7,,http://place.map.kakao.com/1960923247,서울 강서구 화곡동 1159,candidate_unverified,강서대학교 출입구
11025307,강서대학교,0,1064041585,삼성한사랑1차아파트 후문,"교통,수송 > 입출구",37.5548292267721,126.865401804621,1203.8,,http://place.map.kakao.com/1064041585,서울 강서구 등촌동 632-4,candidate_unverified,강서대학교 출입구
11025307,강서대학교,0,219788049,화곡본동시장 3문,"교통,수송 > 입출구",37.5427774039164,126.844099582003,1103.7,,http://place.map.kakao.com/219788049,서울 강서구 화곡동 98-151,candidate_unverified,강서대학교 출입구
11025307,강서대학교,0,219973715,화곡본동시장 1문,"교통,수송 > 입출구",37.5435035600085,126.843381797541,1111.1,,http://place.map.kakao.com/219973715,서울 강서구 화곡동 110-6,candidate_unverified,강서대학교 출입구
11025307,강서대학교,0,1764395898,등촌주공9단지아파트 후문,"교통,수송 > 입출구",37.5609695819702,126.85047794882,1403.5,,http://place.map.kakao.com/1764395898,서울 강서구 등촌동 704,candidate_unverified,강서대학교 출입구
11025307,강서대학교,0,1765227892,강서힐스테이트아파트 2번 GATE,"교통,수송 > 입출구",37.5477851751754,126.840740699484,1186.9,,http://place.map.kakao.com/1765227892,서울 강서구 화곡동 1165,candidate_unverified,강서대학교 출입구
11025307,강서대학교,0,1173189682,한강공원염창나들목 진출입로1,"교통,수송 > 입출구",37.5570894221227,126.872337677253,1855.2,,http://place.map.kakao.com/1173189682,서울 강서구 염창동 223-5,candidate_unverified,강서대학교 출입구
11025307,강서대학교,0,219811993,화곡본동시장 2문,"교통,수송 > 입출구",37.542893728142,126.843490569805,1139.9,,http://place.map.kakao.com/219811993,서울 강서구 화곡동 98-158,candidate_unverified,강서대학교 출입구
11025307,강서대학교,0,770332724,가양6단지아파트 후문,"교통,수송 > 입출구",37.56195413296954,126.85983169684552,1557.6,,http://place.map.kakao.com/770332724,서울 강서구 가양동 1485,candidate_unverified,강서대학교 출입구
11025307,강서대학교,0,219636736,화곡본동시장 4문,"교통,수송 > 입출구",37.5431531148545,126.844095405017,1079.6,,http://place.map.kakao.com/219636736,서울 강서구 화곡동 98-37,candidate_unverified,강서대학교 출입구
11025307,강서대학교,0,1719876652,서울염동초등학교 후문,"교통,수송 > 입출구",37.5528678981427,126.872012160468,1641.3,,http://place.map.kakao.com/1719876652,서울 강서구 염창동 45-4,candidate_unverified,강서대학교 출입구
11025307,강서대학교,0,24580093,한강공원염강나들목 진출입로2,"교통,수송 > 입출구",37.561838114163926,126.86464445282537,1729.9,,http://place.map.kakao.com/24580093,서울 강서구 염창동 226-4,candidate_unverified,강서대학교 출입구
11025307,강서대학교,0,1168205930,보람더하임1차아파트 주차장 입구,"교통,수송 > 입출구",37.5520473201458,126.869751332531,1424.7,,http://place.map.kakao.com/1168205930,서울 강서구 염창동 305,candidate_unverified,강서대학교 출입구
11025307,강서대학교,0,710775794,우장산아이파크e편한세상 후문,"교통,수송 > 입출구",37.5481366381167,126.8407954012,1179.4,,http://place.map.kakao.com/710775794,서울 강서구 화곡동 1159,candidate_unverified,강서대학교 출입구
11025307,강서대학교,0,2043095533,우장산힐스테이트아파트 정문,"교통,수송 > 입출구",37.5552918187946,126.83906787298,1519.2,,http://place.map.kakao.com/2043095533,서울 강서구 내발산동 657,candidate_unverified,강서대학교 출입구
11025307,강서대학교,0,533149980,강서힐스테이트아파트 1번 GATE,"교통,수송 > 입출구",37.5477702028397,126.837685367187,1455.6,,http://place.map.kakao.com/533149980,서울 강서구 화곡동 1165,candidate_unverified,강서대학교 출입구
11025307,강서대학교,0,439227165,강서힐스테이트아파트 게이트2,"교통,수송 > 입출구",37.5479148818679,126.840713264682,1188.2,,http://place.map.kakao.com/439227165,서울 강서구 화곡동 산 86-18,candidate_unverified,강서대학교 출입구
11025307,강서대학교,0,62063476,서울등원초등학교 후문,"교통,수송 > 입출구",37.5602814530571,126.849243392143,1359.8,,http://place.map.kakao.com/62063476,서울 강서구 등촌동 704-1,candidate_unverified,강서대학교 출입구
11025307,강서대학교,0,1761616318,보람더하임1차아파트 후문,"교통,수송 > 입출구",37.5514764640079,126.870092959461,1438.8,,http://place.map.kakao.com/1761616318,서울 강서구 염창동 305,candidate_unverified,강서대학교 출입구
11025307,강서대학교,0,24580296,한강공원염창나들목 진출입로2,"교통,수송 > 입출구",37.5567608958431,126.871817631464,1797.2,,http://place.map.kakao.com/24580296,서울 강서구 염창동 223-3,candidate_unverified,강서대학교 출입구
11025307,강서대학교,0,588754542,등촌주공5단지아파트 정문,"교통,수송 > 입출구",37.5613026482053,126.844660854515,1633.3,,http://place.map.kakao.com/588754542,서울 강서구 등촌동 695,candidate_unverified,강서대학교 출입구
11025307,강서대학교,0,27504738,화곡푸르지오아파트 정문,"교통,수송 > 입출구",37.5420059121861,126.831465401831,2134.0,,http://place.map.kakao.com/27504738,서울 강서구 화곡동 1091,candidate_unverified,강서대학교 출입구
11025307,강서대학교,0,459944913,강서고등학교 정문,"교통,수송 > 입출구",37.5363428521933,126.867270240237,1794.9,,http://place.map.kakao.com/459944913,서울 양천구 목동 735,candidate_unverified,강서대학교 출입구
11025307,강서대학교,0,1735382291,염경중학교 후문,"교통,수송 > 입출구",37.5548935144706,126.870519346885,1599.1,,http://place.map.kakao.com/1735382291,서울 강서구 염창동 79-8,candidate_unverified,강서대학교 출입구
11025307,강서대학교,0,1911480473,가양7단지아파트 후문 (입주민전용),"교통,수송 > 입출구",37.5617608513798,126.860196507632,1548.0,,http://place.map.kakao.com/1911480473,서울 강서구 가양동 1486,candidate_unverified,강서대학교 출입구
11025307,강서대학교,0,1784261541,남부시장 4번출구,"교통,수송 > 입출구",37.5326626864735,126.859835620995,1851.1,,http://place.map.kakao.com/1784261541,서울 강서구 화곡동 943-7,candidate_unverified,강서대학교 출입구
11025307,강서대학교,0,24580092,한강공원염강나들목 진출입로1,"교통,수송 > 입출구",37.5622746488159,126.865039805682,1789.6,,http://place.map.kakao.com/24580092,서울 강서구 염창동 233-1,candidate_unverified,강서대학교 출입구
11025307,강서대학교,0,1579152573,염창한화꿈에그린1차아파트 후문,"교통,수송 > 입출구",37.5482696828144,126.872453435089,1613.8,,http://place.map.kakao.com/1579152573,서울 강서구 염창동 281-22,candidate_unverified,강서대학교 출입구
11025307,강서대학교,0,18083076,강서운전면허시험장 출입구,"교통,수송 > 입출구",37.549636119836,126.822019362232,2835.0,,http://place.map.kakao.com/18083076,서울 강서구 외발산동 425,candidate_unverified,강서대학교 출입구
11025307,강서대학교,0,15134925,한국폴리텍대학입구,"교통,수송 > 도로시설 > 교차로",37.546486605116,126.845310587658,817.3,,http://place.map.kakao.com/15134925,서울 강서구 화곡동,candidate_unverified,강서대학교 입구
12840668,건국대학교 서울캠퍼스,0,24521105,건국대학교 일감문,"교통,수송 > 입출구",37.5390502671874,127.074220931761,572.9,,http://place.map.kakao.com/24521105,서울 광진구 화양동 526-3,candidate_unverified,건국대학교 서울캠퍼스 정문 | 건국대학교 서울캠퍼스 후문 | 건국대학교 서울캠퍼스 출입구 | 건국대학교 서울캠퍼스 입구 | 건국대학교 출입구 | 건국대학교 입구 | 건국대학교 건국문 | 건국대학교 일감문 | 건국대학교 새천년관 출입구
12840668,건국대학교 서울캠퍼스,0,1968799237,어린이대공원 서문,"교통,수송 > 입출구",37.5519929203311,127.078699378208,947.1,,http://place.map.kakao.com/1968799237,서울 광진구 능동 18,candidate_unverified,건국대학교 서울캠퍼스 서문 | 건국대학교 서울캠퍼스 출입구 | 건국대학교 서문 | 건국대학교 출입구 | 건국대학교 새천년관 출입구
12840668,건국대학교 서울캠퍼스,0,1557335537,장로회신학대학교 서문,"교통,수송 > 입출구",37.5503594632698,127.102160290498,2309.6,,http://place.map.kakao.com/1557335537,서울 광진구 광장동 353,candidate_unverified,건국대학교 서울캠퍼스 서문 | 건국대학교 서문
12840668,건국대학교 서울캠퍼스,0,26332016,남문 개방화장실,"가정,생활 > 화장실",37.5468798614309,127.082502980763,582.5,,http://place.map.kakao.com/26332016,서울 광진구 능동 18,candidate_unverified,건국대학교 서울캠퍼스 남문 | 건국대학교 남문
12840668,건국대학교 서울캠퍼스,0,2006614494,어린이대공원 남문,"교통,수송 > 입출구",37.545447948752,127.081530505239,420.4,,http://place.map.kakao.com/2006614494,서울 광진구 능동 18,candidate_unverified,건국대학교 서울캠퍼스 남문 | 건국대학교 서울캠퍼스 출입구 | 건국대학교 남문 | 건국대학교 출입구 | 건국대학교 새천년관 출입구
12840668,건국대학교 서울캠퍼스,0,1171079148,더샵스타시티아파트 남문,"교통,수송 > 입출구",37.5368324823168,127.071994299047,885.5,,http://place.map.kakao.com/1171079148,서울 광진구 자양동 227-7,candidate_unverified,건국대학교 서울캠퍼스 남문 | 건국대학교 서울캠퍼스 출입구 | 건국대학교 남문 | 건국대학교 출입구 | 건국대학교 새천년관 출입구
12840668,건국대학교 서울캠퍼스,0,1606022749,장로회신학대학교 남문,"교통,수송 > 입출구",37.5492641798734,127.104866809209,2502.5,,http://place.map.kakao.com/1606022749,서울 광진구 광장동 353,candidate_unverified,건국대학교 서울캠퍼스 남문 | 건국대학교 남문
12840668,건국대학교 서울캠퍼스,0,381426557,건국대학교병원 입구,"교통,수송 > 입출구",37.5403820337445,127.072629091964,548.8,,http://place.map.kakao.com/381426557,서울 광진구 화양동 4-12,candidate_unverified,건국대학교 서울캠퍼스 출입구 | 건국대학교 정문 | 건국대학교 후문 | 건국대학교 출입구 | 건국대학교 입구 | 건국대학교 새천년관 출입구
12840668,건국대학교 서울캠퍼스,0,194081591,세종대학교 정문,"교통,수송 > 입출구",37.5491013244794,127.074995883714,654.6,,http://place.map.kakao.com/194081591,서울 광진구 군자동,candidate_unverified,건국대학교 서울캠퍼스 출입구 | 건국대학교 출입구 | 건국대학교 새천년관 출입구
12840668,건국대학교 서울캠퍼스,0,1263466475,더샵스타시티아파트 정문,"교통,수송 > 입출구",37.537866186888685,127.07157099251276,814.3,,http://place.map.kakao.com/1263466475,서울 광진구 자양동 227-7,candidate_unverified,건국대학교 서울캠퍼스 출입구 | 건국대학교 출입구 | 건국대학교 새천년관 출입구
12840668,건국대학교 서울캠퍼스,0,10122700,건국대학교 건국문,"교통,수송 > 입출구",37.545150296654754,127.07663044995195,192.4,,http://place.map.kakao.com/10122700,서울 광진구 화양동 428-4,candidate_unverified,건국대학교 서울캠퍼스 출입구 | 건국대학교 정문 | 건국대학교 후문 | 건국대학교 출입구 | 건국대학교 입구 | 건국대학교 건국문 | 건국대학교 새천년관 출입구
12840668,건국대학교 서울캠퍼스,0,17556285,서울어린이대공원 구의문,"교통,수송 > 입출구",37.54622612081522,127.08450744459128,693.0,,http://place.map.kakao.com/17556285,서울 광진구 능동 18,candidate_unverified,건국대학교 서울캠퍼스 출입구 | 건국대학교 출입구 | 건국대학교 새천년관 출입구
12840668,건국대학교 서울캠퍼스,0,432721347,e편한세상광진그랜드파크아파트 후문,"교통,수송 > 입출구",37.544976774584,127.080143812739,288.9,,http://place.map.kakao.com/432721347,서울 광진구 구의동 680,candidate_unverified,건국대학교 서울캠퍼스 출입구 | 건국대학교 출입구 | 건국대학교 새천년관 출입구
12840668,건국대학교 서울캠퍼스,0,1388365333,건대입구역자이엘라오피스텔 정문,"교통,수송 > 입출구",37.5390889821466,127.069835330127,831.4,,http://place.map.kakao.com/1388365333,서울 광진구 자양동 2-2,candidate_unverified,건국대학교 서울캠퍼스 출입구 | 건국대학교 출입구 | 건국대학교 입구 | 건국대학교 새천년관 출입구
12840668,건국대학교 서울캠퍼스,0,18164729,서울어린이대공원 정문,"교통,수송 > 입출구",37.54938520021207,127.07630660918782,657.7,,http://place.map.kakao.com/18164729,서울 광진구 능동 18,candidate_unverified,건국대학교 서울캠퍼스 출입구 | 건국대학교 출입구 | 건국대학교 새천년관 출입구
12840668,건국대학교 서울캠퍼스,0,18164731,서울어린이대공원 후문,"교통,수송 > 입출구",37.551126006358,127.086640512262,1172.0,,http://place.map.kakao.com/18164731,서울 광진구 능동 18,candidate_unverified,건국대학교 서울캠퍼스 출입구 | 건국대학교 출입구 | 건국대학교 새천년관 출입구
12840668,건국대학교 서울캠퍼스,0,24520826,건국대학교 상허문,"교통,수송 > 입출구",37.539599090412,127.072587598758,610.7,,http://place.map.kakao.com/24520826,서울 광진구 화양동 1,candidate_unverified,건국대학교 서울캠퍼스 출입구 | 건국대학교 출입구 | 건국대학교 입구 | 건국대학교 건국문 | 건국대학교 상허문 | 건국대학교 새천년관 출입구
12840668,건국대학교 서울캠퍼스,0,1855908957,더샵스타시티아파트 북문B,"교통,수송 > 입출구",37.5379786369153,127.073324877389,715.5,,http://place.map.kakao.com/1855908957,서울 광진구 자양동 227-7,candidate_unverified,건국대학교 서울캠퍼스 출입구 | 건국대학교 출입구 | 건국대학교 새천년관 출입구
12840668,건국대학교 서울캠퍼스,0,1543588850,더샵스타시티아파트 동문,"교통,수송 > 입출구",37.5370612327241,127.073623814779,793.8,,http://place.map.kakao.com/1543588850,서울 광진구 자양동 227-7,candidate_unverified,건국대학교 서울캠퍼스 출입구 | 건국대학교 출입구 | 건국대학교 새천년관 출입구
12840668,건국대학교 서울캠퍼스,0,1635434228,어린이회관 정문,"교통,수송 > 입출구",37.54576171449,127.078550247159,266.9,,http://place.map.kakao.com/1635434228,서울 광진구 능동 18-11,candidate_unverified,건국대학교 서울캠퍼스 출입구 | 건국대학교 출입구 | 건국대학교 새천년관 출입구
12840668,건국대학교 서울캠퍼스,0,1854304178,더샵스타시티아파트 북문A,"교통,수송 > 입출구",37.5383442333349,127.072202812368,738.0,,http://place.map.kakao.com/1854304178,서울 광진구 자양동 227-7,candidate_unverified,건국대학교 서울캠퍼스 출입구 | 건국대학교 출입구 | 건국대학교 새천년관 출입구
12840668,건국대학교 서울캠퍼스,0,18131645,건국대학교 출입구1,"교통,수송 > 입출구",37.5390502472709,127.074252613335,571.5,,http://place.map.kakao.com/18131645,서울 광진구 화양동 1,candidate_unverified,건국대학교 서울캠퍼스 출입구 | 건국대학교 출입구 | 건국대학교 입구 | 건국대학교 새천년관 출입구
12840668,건국대학교 서울캠퍼스,0,18091041,건국대학교 출입구4,"교통,수송 > 입출구",37.5429365798393,127.07228305438,457.5,,http://place.map.kakao.com/18091041,서울 광진구 화양동 4-16,candidate_unverified,건국대학교 서울캠퍼스 출입구 | 건국대학교 출입구 | 건국대학교 입구 | 건국대학교 새천년관 출입구
12840668,건국대학교 서울캠퍼스,0,18131649,건국대학교 출입문3,"교통,수송 > 입출구",37.541952973462,127.071815914684,524.2,,http://place.map.kakao.com/18131649,서울 광진구 화양동 4-17,candidate_unverified,건국대학교 서울캠퍼스 출입구 | 건국대학교 출입구 | 건국대학교 입구 | 건국대학교 새천년관 출입구
12840668,건국대학교 서울캠퍼스,0,305702815,호반써밋자양 주차장입구,"교통,수송 > 입출구",37.5370417131151,127.068634078412,1058.8,,http://place.map.kakao.com/305702815,서울 광진구 자양동 547-70,candidate_unverified,건국대학교 서울캠퍼스 출입구 | 건국대학교 출입구 | 건국대학교 새천년관 출입구
12840668,건국대학교 서울캠퍼스,0,1569950865,스타시티몰 입구,"교통,수송 > 입출구",37.5388385131821,127.072804106062,662.0,,http://place.map.kakao.com/1569950865,서울 광진구 자양동 227-7,candidate_unverified,건국대학교 서울캠퍼스 출입구 | 건국대학교 출입구 | 건국대학교 새천년관 출입구
12840668,건국대학교 서울캠퍼스,0,1210076442,래미안파크스위트아파트 후문,"교통,수송 > 입출구",37.54544764567652,127.08941763196725,1079.2,,http://place.map.kakao.com/1210076442,서울 광진구 구의동 668,candidate_unverified,건국대학교 서울캠퍼스 출입구 | 건국대학교 출입구 | 건국대학교 새천년관 출입구
12840668,건국대학교 서울캠퍼스,0,18151206,건국 대학교 출입구2,"교통,수송 > 입출구",37.5395558702549,127.072542297135,616.9,,http://place.map.kakao.com/18151206,서울 광진구 화양동 1,candidate_unverified,건국대학교 서울캠퍼스 출입구 | 건국대학교 출입구 | 건국대학교 입구 | 건국대학교 새천년관 출입구
12840668,건국대학교 서울캠퍼스,0,1736089588,서울어린이대공원 능동문,"교통,수송 > 입출구",37.5502416163978,127.076974026832,746.6,,http://place.map.kakao.com/1736089588,서울 광진구 능동 18,candidate_unverified,건국대학교 서울캠퍼스 출입구 | 건국대학교 출입구 | 건국대학교 새천년관 출입구
12840668,건국대학교 서울캠퍼스,0,646638238,생각공장데시앙플렉스 주차장 입구,"교통,수송 > 입출구",37.5463375433842,127.065066757939,1132.5,,http://place.map.kakao.com/646638238,서울 성동구 성수동2가 280-8,candidate_unverified,건국대학교 서울캠퍼스 출입구 | 건국대학교 출입구 | 건국대학교 새천년관 출입구
12840668,건국대학교 서울캠퍼스,0,1775918078,롯데캐슬리버파크시그니처 후문,"교통,수송 > 입출구",37.538173679262734,127.06323799314842,1385.0,,http://place.map.kakao.com/1775918078,서울 광진구 자양동 246-59,candidate_unverified,건국대학교 서울캠퍼스 출입구 | 건국대학교 출입구 | 건국대학교 새천년관 출입구
12840668,건국대학교 서울캠퍼스,0,1658284644,서울어린이대공원 동문,"교통,수송 > 입출구",37.5473244409407,127.085753455973,847.2,,http://place.map.kakao.com/1658284644,서울 광진구 능동 18,candidate_unverified,건국대학교 서울캠퍼스 출입구 | 건국대학교 출입구 | 건국대학교 새천년관 출입구
12840668,건국대학교 서울캠퍼스,0,1141756917,롯데캐슬리버파크시그니처아파트 정문,"교통,수송 > 입출구",37.5370586928434,127.062388459984,1508.1,,http://place.map.kakao.com/1141756917,서울 광진구 자양동 238-7,candidate_unverified,건국대학교 서울캠퍼스 출입구 | 건국대학교 출입구 | 건국대학교 새천년관 출입구
12840668,건국대학교 서울캠퍼스,0,24582402,한강공원뚝섬나들목 진출입로2,"교통,수송 > 입출구",37.5316157724707,127.067266932768,1599.3,,http://place.map.kakao.com/24582402,서울 광진구 자양동 71-2,candidate_unverified,건국대학교 서울캠퍼스 출입구 | 건국대학교 출입구 | 건국대학교 새천년관 출입구
12840668,건국대학교 서울캠퍼스,0,18431171,서울어린이대공원 북문,"교통,수송 > 입출구",37.5521817756738,127.081870555134,1038.5,,http://place.map.kakao.com/18431171,서울 광진구 능동 18,candidate_unverified,건국대학교 서울캠퍼스 출입구 | 건국대학교 출입구 | 건국대학교 새천년관 출입구
12840668,건국대학교 서울캠퍼스,0,317811526,SKV1센터 입구,"교통,수송 > 입출구",37.5463372113842,127.065666503349,1081.7,,http://place.map.kakao.com/317811526,서울 성동구 성수동2가 280-2,candidate_unverified,건국대학교 서울캠퍼스 출입구 | 건국대학교 출입구 | 건국대학교 새천년관 출입구
12840668,건국대학교 서울캠퍼스,0,1992939226,성수SKV1센터 주차장 입구,"교통,수송 > 입출구",37.5464030157149,127.065609981239,1088.6,,http://place.map.kakao.com/1992939226,서울 성동구 성수동2가 280-1,candidate_unverified,건국대학교 서울캠퍼스 출입구 | 건국대학교 출입구 | 건국대학교 새천년관 출입구
12840668,건국대학교 서울캠퍼스,0,24582405,한강공원자양나들목 진출입로1,"교통,수송 > 입출구",37.5292400180836,127.074464629765,1610.8,,http://place.map.kakao.com/24582405,서울 광진구 자양동 704-3,candidate_unverified,건국대학교 서울캠퍼스 출입구 | 건국대학교 출입구 | 건국대학교 새천년관 출입구
12840668,건국대학교 서울캠퍼스,0,1218216607,한강공원 노유나들목 진출입로1,"교통,수송 > 입출구",37.5313350423895,127.06659238475,1658.8,,http://place.map.kakao.com/1218216607,서울 광진구 자양동 73-2,candidate_unverified,건국대학교 서울캠퍼스 출입구 | 건국대학교 출입구 | 건국대학교 새천년관 출입구
12840668,건국대학교 서울캠퍼스,0,27191383,한강공원 뚝섬지구 자양입구,"교통,수송 > 입출구",37.5295786286234,127.074727437813,1570.0,,http://place.map.kakao.com/27191383,서울 광진구 자양동 747-1,candidate_unverified,건국대학교 서울캠퍼스 출입구 | 건국대학교 출입구 | 건국대학교 새천년관 출입구
12840668,건국대학교 서울캠퍼스,0,1157761993,서울신자초등학교 후문,"교통,수송 > 입출구",37.5300228321165,127.076122834383,1506.9,,http://place.map.kakao.com/1157761993,서울 광진구 자양동 591,candidate_unverified,건국대학교 서울캠퍼스 출입구 | 건국대학교 출입구 | 건국대학교 새천년관 출입구
12840668,건국대학교 서울캠퍼스,0,1218124007,한강공원 노유나들목 진출입로2,"교통,수송 > 입출구",37.531731380483,127.066773757119,1613.6,,http://place.map.kakao.com/1218124007,서울 광진구 자양동 73-2,candidate_unverified,건국대학교 서울캠퍼스 출입구 | 건국대학교 출입구 | 건국대학교 새천년관 출입구
12840668,건국대학교 서울캠퍼스,0,24582412,한강공원자양중앙나들목 진출입로2,"교통,수송 > 입출구",37.5284809378552,127.077934782701,1674.7,,http://place.map.kakao.com/24582412,서울 광진구 자양동 705,candidate_unverified,건국대학교 서울캠퍼스 출입구 | 건국대학교 출입구
12840668,건국대학교 서울캠퍼스,0,192892426,선화예술중학교 후문,"교통,수송 > 입출구",37.5511643552597,127.087175835847,1208.2,,http://place.map.kakao.com/192892426,서울 광진구 능동 18,candidate_unverified,건국대학교 서울캠퍼스 출입구 | 건국대학교 출입구 | 건국대학교 새천년관 출입구
12840668,건국대학교 서울캠퍼스,0,138220039,롯데캐슬리버파크시그니처아파트 후문 (입주민전용),"교통,수송 > 입출구",37.5381799862609,127.063237998475,1384.7,,http://place.map.kakao.com/138220039,서울 광진구 자양동 246-59,candidate_unverified,건국대학교 서울캠퍼스 출입구 | 건국대학교 출입구
12840668,건국대학교 서울캠퍼스,0,1977121974,강변테크노마트 입구,"교통,수송 > 입출구",37.5361178988587,127.095052381613,1760.2,,http://place.map.kakao.com/1977121974,서울 광진구 구의동 546-4,candidate_unverified,건국대학교 서울캠퍼스 출입구 | 건국대학교 출입구 | 건국대학교 새천년관 출입구
12840668,건국대학교 서울캠퍼스,0,24582430,한강공원잠실철교북단경사로 진출입로2,"교통,수송 > 입출구",37.5327359259674,127.094575168377,1931.6,,http://place.map.kakao.com/24582430,서울 광진구 구의동 572,candidate_unverified,건국대학교 서울캠퍼스 출입구 | 건국대학교 출입구 | 건국대학교 새천년관 출입구
12840668,건국대학교 서울캠퍼스,0,1208542244,한강공원뚝섬나들목 진출입로1,"교통,수송 > 입출구",37.5312176305501,127.067090081924,1644.8,,http://place.map.kakao.com/1208542244,서울 광진구 자양동 97-5,candidate_unverified,건국대학교 서울캠퍼스 출입구 | 건국대학교 출입구
12840668,건국대학교 서울캠퍼스,0,2025672671,롯데시네마 건대입구 오픈스튜디오,"언론,미디어 > 방송",37.5385599814042,127.073002975397,676.4,,http://place.map.kakao.com/2025672671,서울 광진구 자양동 227-7,candidate_unverified,건국대학교 입구
12840668,건국대학교 서울캠퍼스,0,1718442591,나이스파크 건대입구 자양동 나대지 주차장,"교통,수송 > 교통시설 > 주차장",37.5405635839604,127.067308915726,950.5,,http://place.map.kakao.com/1718442591,서울 광진구 자양동 8-16,candidate_unverified,건국대학교 입구
12840668,건국대학교 서울캠퍼스,0,731974985,애플몬 건대입구 아이폰수리센터,"가정,생활 > 전자제품 > 전자제품서비스센터 > 휴대폰수리",37.5407977744133,127.06899055296,802.9,,http://place.map.kakao.com/731974985,서울 광진구 화양동 7-3,candidate_unverified,건국대학교 입구
12840668,건국대학교 서울캠퍼스,0,21304567,롯데시네마 건대입구,"문화,예술 > 영화,영상 > 영화관 > 롯데시네마",37.53860688301305,127.07292268612835,676.3,,http://place.map.kakao.com/21304567,서울 광진구 자양동 227-7,candidate_unverified,건국대학교 입구
12840668,건국대학교 서울캠퍼스,0,1057410264,CGV 건대입구,"문화,예술 > 영화,영상 > 영화관 > CGV",37.53969788896453,127.06701734324294,1011.3,,http://place.map.kakao.com/1057410264,서울 광진구 자양동 9-4,candidate_unverified,건국대학교 입구
12840668,건국대학교 서울캠퍼스,0,1581049148,세종사이버대학교 주차장입구,"교통,수송 > 입출구",37.5538671509841,127.072841357594,1217.5,,http://place.map.kakao.com/1581049148,서울 광진구 군자동 111-1,candidate_unverified,건국대학교 새천년관 출입구
12840668,건국대학교 서울캠퍼스,0,1362064886,성동자동차검사소 입구,"교통,수송 > 입출구",37.554036351034,127.056766684136,2162.7,,http://place.map.kakao.com/1362064886,서울 성동구 송정동 73-377,candidate_unverified,건국대학교 새천년관 출입구
12840668,건국대학교 서울캠퍼스,0,2138388979,군자동거주자전용주차장 1층 출입구,"교통,수송 > 입출구",37.5540250655374,127.076730073143,1167.9,,http://place.map.kakao.com/2138388979,서울 광진구 군자동 2-41,candidate_unverified,건국대학교 새천년관 출입구
1958037939,국방대학교 서울캠퍼스,0,1436482704,이화여자고등학교 서문,"교통,수송 > 입출구",37.5646866837945,126.968930077008,2552.2,,http://place.map.kakao.com/1436482704,서울 중구 순화동 1-1,candidate_unverified,국방대학교 서울캠퍼스 서문
1958037939,국방대학교 서울캠퍼스,0,1396211958,한남더힐아파트 서문,"교통,수송 > 입출구",37.5356603861257,127.007139351684,2575.9,,http://place.map.kakao.com/1396211958,서울 용산구 한남동 810,candidate_unverified,국방대학교 서울캠퍼스 서문
1958037939,국방대학교 서울캠퍼스,0,1052898871,종근당빌딩 서문,"교통,수송 > 입출구",37.55982408696,126.962965248078,2345.9,,http://place.map.kakao.com/1052898871,서울 서대문구 충정로3가 368,candidate_unverified,국방대학교 서울캠퍼스 서문
1958037939,국방대학교 서울캠퍼스,0,16984282,남문 이용원,"가정,생활 > 이발소",37.5579229001817,126.972561343436,1735.2,,http://place.map.kakao.com/16984282,서울 중구 남대문로5가 63-4,candidate_unverified,국방대학교 서울캠퍼스 남문
1958037939,국방대학교 서울캠퍼스,0,2040519528,남산리더십센터 남문,"교통,수송 > 입출구",37.5592552852651,126.98737486939,1898.2,,http://place.map.kakao.com/2040519528,서울 중구 남산동3가 34-5,candidate_unverified,국방대학교 서울캠퍼스 남문
1958037939,국방대학교 서울캠퍼스,0,897362656,서울역KTX 고객주차장 입출구,"교통,수송 > 입출구",37.5532441051647,126.969251704,1428.6,,http://place.map.kakao.com/897362656,서울 용산구 동자동 43-205,candidate_unverified,국방대학교 서울캠퍼스 출입구
1958037939,국방대학교 서울캠퍼스,0,2075323793,숙명여자대학교 제1캠퍼스 정문,"교통,수송 > 입출구",37.5452474193529,126.964862197806,1314.6,,http://place.map.kakao.com/2075323793,서울 용산구 청파동2가 53-12,candidate_unverified,국방대학교 서울캠퍼스 출입구
1958037939,국방대학교 서울캠퍼스,0,26131902,서울역 서부출입구,"교통,수송 > 입출구",37.553705509211525,126.96961139732429,1449.1,,http://place.map.kakao.com/26131902,서울 용산구 동자동 43-205,candidate_unverified,국방대학교 서울캠퍼스 출입구
1958037939,국방대학교 서울캠퍼스,0,221652592,남산대림아파트 정문,"교통,수송 > 입출구",37.5401902497506,126.988277629517,843.3,,http://place.map.kakao.com/221652592,서울 용산구 이태원동 729,candidate_unverified,국방대학교 서울캠퍼스 출입구
1958037939,국방대학교 서울캠퍼스,0,1989309214,남산하늘숲길 입구,"교통,수송 > 입출구",37.5523278045985,126.982572029257,1033.4,,http://place.map.kakao.com/1989309214,서울 용산구 후암동 30-84,candidate_unverified,국방대학교 서울캠퍼스 출입구
1958037939,국방대학교 서울캠퍼스,0,1375070350,남산공원 1번입구,"교통,수송 > 입출구",37.5522872184416,126.98229477569,1023.0,,http://place.map.kakao.com/1375070350,서울 용산구 후암동 30-84,candidate_unverified,국방대학교 서울캠퍼스 출입구
1958037939,국방대학교 서울캠퍼스,0,1211898341,전쟁기념관 1문,"교통,수송 > 입출구",37.5376796854223,126.974460572051,774.6,,http://place.map.kakao.com/1211898341,서울 용산구 용산동1가,candidate_unverified,국방대학교 서울캠퍼스 출입구
1958037939,국방대학교 서울캠퍼스,0,1994469060,용산원효루미니아파트 정문,"교통,수송 > 입출구",37.5415762543533,126.969576717548,903.4,,http://place.map.kakao.com/1994469060,서울 용산구 원효로1가 104,candidate_unverified,국방대학교 서울캠퍼스 출입구
1958037939,국방대학교 서울캠퍼스,0,1270612383,용산어린이정원 주출입구,"교통,수송 > 입출구",37.5283722718181,126.970297077981,1854.9,,http://place.map.kakao.com/1270612383,서울 용산구 용산동5가 2-1,candidate_unverified,국방대학교 서울캠퍼스 출입구
1958037939,국방대학교 서울캠퍼스,0,614917604,해오름빌 정문,"교통,수송 > 입출구",37.5454534084028,126.984157845206,467.1,,http://place.map.kakao.com/614917604,서울 용산구 용산동2가 1-1485,candidate_unverified,국방대학교 서울캠퍼스 출입구
1958037939,국방대학교 서울캠퍼스,0,366164486,용산CJ나인파크아파트 입구,"교통,수송 > 입출구",37.5361252104189,126.96960382389,1190.5,,http://place.map.kakao.com/366164486,서울 용산구 문배동 24-6,candidate_unverified,국방대학교 서울캠퍼스 출입구
1958037939,국방대학교 서울캠퍼스,0,945720580,전쟁기념관 2문,"교통,수송 > 입출구",37.5347841815071,126.975945984164,1004.1,,http://place.map.kakao.com/945720580,서울 용산구 용산동1가 8,candidate_unverified,국방대학교 서울캠퍼스 출입구
1958037939,국방대학교 서울캠퍼스,0,18143503,안중근의사기념관 출입구1,"교통,수송 > 입출구",37.5546522540074,126.981743067785,1272.0,,http://place.map.kakao.com/18143503,서울 중구 회현동1가 147-32,candidate_unverified,국방대학교 서울캠퍼스 출입구
1958037939,국방대학교 서울캠퍼스,0,18096102,안중근의사기념관 출입구2,"교통,수송 > 입출구",37.5523780908817,126.98145843738,1018.3,,http://place.map.kakao.com/18096102,서울 용산구 후암동 30-84,candidate_unverified,국방대학교 서울캠퍼스 출입구
1958037939,국방대학교 서울캠퍼스,0,945424323,전쟁기념관 3문,"교통,수송 > 입출구",37.534856852315,126.97904605802559,944.7,,http://place.map.kakao.com/945424323,서울 용산구 용산동1가 8-57,candidate_unverified,국방대학교 서울캠퍼스 출입구
1958037939,국방대학교 서울캠퍼스,0,2851054,숙명여자대학교 제2창학캠퍼스 지하주차장입구,"교통,수송 > 입출구",37.5450033598019,126.965237995466,1277.7,,http://place.map.kakao.com/2851054,서울 용산구 청파동3가 115,candidate_unverified,국방대학교 서울캠퍼스 출입구
1958037939,국방대학교 서울캠퍼스,0,1994277118,용산원효루미니아파트 후문,"교통,수송 > 입출구",37.5409842405091,126.969356312692,938.6,,http://place.map.kakao.com/1994277118,서울 용산구 원효로1가 104,candidate_unverified,국방대학교 서울캠퍼스 출입구
1958037939,국방대학교 서울캠퍼스,0,1164213179,숙명여자대학교 제2창학캠퍼스 후문,"교통,수송 > 입출구",37.5441342779426,126.966562327127,1150.9,,http://place.map.kakao.com/1164213179,서울 용산구 청파동3가 115,candidate_unverified,국방대학교 서울캠퍼스 출입구
1958037939,국방대학교 서울캠퍼스,0,1210455181,남산대림아파트 후문,"교통,수송 > 입출구",37.5415635056655,126.989694082181,913.6,,http://place.map.kakao.com/1210455181,서울 용산구 이태원동 729,candidate_unverified,국방대학교 서울캠퍼스 출입구
1958037939,국방대학교 서울캠퍼스,0,778074052,리움미술관 정문,"교통,수송 > 입출구",37.5380392388206,126.998979413662,1809.4,,http://place.map.kakao.com/778074052,서울 용산구 한남동 742-19,candidate_unverified,국방대학교 서울캠퍼스 출입구
1958037939,국방대학교 서울캠퍼스,0,26985073,남대문시장 6번게이트,"교통,수송 > 입출구",37.558717858962936,126.97822449419233,1713.8,,http://place.map.kakao.com/26985073,서울 중구 남창동 64-1,candidate_unverified,국방대학교 서울캠퍼스 출입구
1958037939,국방대학교 서울캠퍼스,0,39701325,아이파크몰 용산점 달주차장 입구,"교통,수송 > 입출구",37.530977367214355,126.96482816413895,1892.6,,http://place.map.kakao.com/39701325,서울 용산구 한강로3가 40-999,candidate_unverified,국방대학교 서울캠퍼스 출입구
1958037939,국방대학교 서울캠퍼스,0,1142964882,서울역센트럴자이아파트 정문,"교통,수송 > 입출구",37.5548572301628,126.964070005939,1873.1,,http://place.map.kakao.com/1142964882,서울 중구 만리동2가 37-1,candidate_unverified,국방대학교 서울캠퍼스 출입구
1958037939,국방대학교 서울캠퍼스,0,201829478,용산구청 지하주차장입구,"교통,수송 > 입출구",37.5320382135481,126.990720423057,1595.4,,http://place.map.kakao.com/201829478,서울 용산구 이태원동 34-87,candidate_unverified,국방대학교 서울캠퍼스 출입구
1958037939,국방대학교 서울캠퍼스,0,1204924432,남정초등학교 후문,"교통,수송 > 입출구",37.5370430774041,126.965411409286,1432.0,,http://place.map.kakao.com/1204924432,서울 용산구 원효로2가 54-1,candidate_unverified,국방대학교 서울캠퍼스 출입구
1958037939,국방대학교 서울캠퍼스,0,18143508,안중근의사기념관 출입구3,"교통,수송 > 입출구",37.5545763689024,126.980484613211,1251.7,,http://place.map.kakao.com/18143508,서울 중구 회현동1가 100-236,candidate_unverified,국방대학교 서울캠퍼스 출입구
1958037939,국방대학교 서울캠퍼스,0,18093167,백범광장 주차장출입구,"교통,수송 > 입출구",37.5549692470028,126.980747071271,1296.9,,http://place.map.kakao.com/18093167,서울 중구 회현동1가 100-115,candidate_unverified,국방대학교 서울캠퍼스 출입구
1958037939,국방대학교 서울캠퍼스,0,18091097,효창공원 정문,"교통,수송 > 입출구",37.54438521253169,126.96210837014884,1544.5,,http://place.map.kakao.com/18091097,서울 용산구 효창동 255,candidate_unverified,국방대학교 서울캠퍼스 출입구
1958037939,국방대학교 서울캠퍼스,0,19807033,효창공원 후문,"교통,수송 > 입출구",37.5467187116527,126.961833341453,1608.8,,http://place.map.kakao.com/19807033,서울 용산구 효창동 3-335,candidate_unverified,국방대학교 서울캠퍼스 출입구
1958037939,국방대학교 서울캠퍼스,0,1398014608,숙명여자대학교 제2창학캠퍼스 주차장입구,"교통,수송 > 입출구",37.5444019983003,126.963921131243,1385.4,,http://place.map.kakao.com/1398014608,서울 용산구 청파동2가 144,candidate_unverified,국방대학교 서울캠퍼스 출입구
1958037939,국방대학교 서울캠퍼스,0,18617868,명동입구,"교통,수송 > 입출구",37.5633884936779,126.982890899437,2248.1,,http://place.map.kakao.com/18617868,서울 중구 명동2가,candidate_unverified,국방대학교 서울캠퍼스 출입구
1958037939,국방대학교 서울캠퍼스,0,1076223845,한국철도공사 서울본부 입구,"교통,수송 > 입출구",37.55752208696419,126.96942536978734,1813.0,,http://place.map.kakao.com/1076223845,서울 중구 봉래동2가 122,candidate_unverified,국방대학교 서울캠퍼스 출입구
1958037939,국방대학교 서울캠퍼스,0,337122800,그랜드하얏트 그랜드볼룸 정문,"교통,수송 > 입출구",37.5404475740622,126.996831780868,1554.9,,http://place.map.kakao.com/337122800,서울 용산구 한남동 747-23,candidate_unverified,국방대학교 서울캠퍼스 출입구
1958037939,국방대학교 서울캠퍼스,0,115450973,약현성당 정문,"교통,수송 > 입출구",37.5594021768961,126.968321103042,2042.9,,http://place.map.kakao.com/115450973,서울 중구 중림동 149-2,candidate_unverified,국방대학교 서울캠퍼스 출입구
1958037939,국방대학교 서울캠퍼스,0,1270524906,용산어린이정원 부출입구,"교통,수송 > 입출구",37.5251712607762,126.980055603002,2021.0,,http://place.map.kakao.com/1270524906,서울 용산구 용산동6가 11-424,candidate_unverified,국방대학교 서울캠퍼스 출입구
1958037939,국방대학교 서울캠퍼스,0,223372481,남산공원 입구,"교통,수송 > 입출구",37.5507883780697,126.998837781955,1889.1,,http://place.map.kakao.com/223372481,서울 중구 장충동2가 산 14-21,candidate_unverified,국방대학교 서울캠퍼스 출입구
1958037939,국방대학교 서울캠퍼스,0,18145380,효창공원 출입구4,"교통,수송 > 입출구",37.5449136490183,126.963540675712,1424.7,,http://place.map.kakao.com/18145380,서울 용산구 청파동2가 134-2,candidate_unverified,국방대학교 서울캠퍼스 출입구
1958037939,국방대학교 서울캠퍼스,0,398782212,눈스퀘어 주차장입구,"교통,수송 > 입출구",37.5633307627586,126.9824336441,2236.8,,http://place.map.kakao.com/398782212,서울 중구 명동2가 83-5,candidate_unverified,국방대학교 서울캠퍼스 출입구
1958037939,국방대학교 서울캠퍼스,0,1863305801,용산기지 미군장교숙소 부지 입구,"교통,수송 > 입출구",37.52138195501112,126.98944120322085,2592.2,,http://place.map.kakao.com/1863305801,서울 용산구 서빙고동 235-101,candidate_unverified,국방대학교 서울캠퍼스 출입구
1958037939,국방대학교 서울캠퍼스,0,18143551,청년창업플러스센터 출입구2,"교통,수송 > 입출구",37.5383225867782,126.96571631644,1343.6,,http://place.map.kakao.com/18143551,서울 용산구 원효로1가 25,candidate_unverified,국방대학교 서울캠퍼스 출입구
1958037939,국방대학교 서울캠퍼스,0,599749237,나인원한남아파트 정문,"교통,수송 > 입출구",37.5366687224053,127.004840341958,2347.8,,http://place.map.kakao.com/599749237,서울 용산구 한남동 829,candidate_unverified,국방대학교 서울캠퍼스 출입구
1958037939,국방대학교 서울캠퍼스,0,564449907,효창파크푸르지오아파트 정문,"교통,수송 > 입출구",37.5397378610592,126.959410972489,1822.7,,http://place.map.kakao.com/564449907,서울 용산구 효창동 274,candidate_unverified,국방대학교 서울캠퍼스 출입구
1958037939,국방대학교 서울캠퍼스,0,18145377,효창공원 출입구3,"교통,수송 > 입출구",37.5434888228871,126.959703142731,1752.3,,http://place.map.kakao.com/18145377,서울 용산구 효창동 265,candidate_unverified,국방대학교 서울캠퍼스 출입구
1958037939,국방대학교 서울캠퍼스,0,18091048,숙명여자대학교 지혜문,"교통,수송 > 입출구",37.5457100606441,126.963309444239,1458.2,,http://place.map.kakao.com/18091048,서울 용산구 청파동2가 53-41,candidate_unverified,국방대학교 서울캠퍼스 출입구
1958037939,국방대학교 서울캠퍼스,0,2020097631,그랜드하얏트서울 입구,"교통,수송 > 입출구",37.5403754948222,126.996860071561,1559.0,,http://place.map.kakao.com/2020097631,서울 용산구 한남동 747-7,candidate_unverified,국방대학교 서울캠퍼스 출입구
24917807,덕성여자대학교 종로운현캠퍼스,0,7940957,서문,"여행 > 관광,명소 > 문화유적 > 문",37.5709791010621,126.987887936369,512.5,,http://place.map.kakao.com/7940957,서울 종로구 종로2가 38-4,candidate_unverified,덕성여자대학교 종로운현캠퍼스 서문
24917807,덕성여자대학교 종로운현캠퍼스,0,897141236,서문,"여행 > 관광,명소 > 문화유적 > 사당,제단",37.57566024891,126.96687652701,1847.1,,http://place.map.kakao.com/897141236,서울 종로구 사직동 1-28,candidate_unverified,덕성여자대학교 종로운현캠퍼스 서문
24917807,덕성여자대학교 종로운현캠퍼스,0,942123983,광장시장 서문,"교통,수송 > 입출구",37.570161603164,126.998089257945,1086.5,,http://place.map.kakao.com/942123983,서울 종로구 예지동 293-1,candidate_unverified,덕성여자대학교 종로운현캠퍼스 서문 | 덕성여자대학교 종로운현캠퍼스 출입구
24917807,덕성여자대학교 종로운현캠퍼스,0,1183593067,NPD현대계동사옥주차장 서문,"교통,수송 > 입출구",37.5782950752746,126.986924483996,311.6,,http://place.map.kakao.com/1183593067,서울 종로구 계동 140-2,candidate_unverified,덕성여자대학교 종로운현캠퍼스 서문 | 덕성여자대학교 종로운현캠퍼스 출입구
24917807,덕성여자대학교 종로운현캠퍼스,0,17933692,종묘 서문,"여행 > 관광,명소 > 문화유적 > 문",37.5759781895547,126.992279458327,394.0,,http://place.map.kakao.com/17933692,서울 종로구 훈정동 1-2,candidate_unverified,덕성여자대학교 종로운현캠퍼스 서문
24917807,덕성여자대학교 종로운현캠퍼스,0,11101684,영령전 서문,"여행 > 관광,명소 > 문화유적 > 문",37.5759781895547,126.992279458327,394.0,,http://place.map.kakao.com/11101684,서울 종로구 훈정동 1-2,candidate_unverified,덕성여자대학교 종로운현캠퍼스 서문
24917807,덕성여자대학교 종로운현캠퍼스,0,8066059,정전 서문,"여행 > 관광,명소 > 문화유적 > 문",37.5750159859724,126.993234990705,480.0,,http://place.map.kakao.com/8066059,서울 종로구 훈정동 1-2,candidate_unverified,덕성여자대학교 종로운현캠퍼스 서문
24917807,덕성여자대학교 종로운현캠퍼스,0,1436482704,이화여자고등학교 서문,"교통,수송 > 입출구",37.5646866837945,126.968930077008,2060.5,,http://place.map.kakao.com/1436482704,서울 중구 순화동 1-1,candidate_unverified,덕성여자대학교 종로운현캠퍼스 서문
24917807,덕성여자대학교 종로운현캠퍼스,0,1052898871,종근당빌딩 서문,"교통,수송 > 입출구",37.55982408696,126.962965248078,2806.7,,http://place.map.kakao.com/1052898871,서울 서대문구 충정로3가 368,candidate_unverified,덕성여자대학교 종로운현캠퍼스 서문
24917807,덕성여자대학교 종로운현캠퍼스,0,16984282,남문 이용원,"가정,생활 > 이발소",37.5579229001817,126.972561343436,2381.3,,http://place.map.kakao.com/16984282,서울 중구 남대문로5가 63-4,candidate_unverified,덕성여자대학교 종로운현캠퍼스 남문
24917807,덕성여자대학교 종로운현캠퍼스,0,8508492,정전 남문,"여행 > 관광,명소 > 문화유적 > 문",37.5743672948719,126.993687857325,533.2,,http://place.map.kakao.com/8508492,서울 종로구 훈정동 1-2,candidate_unverified,덕성여자대학교 종로운현캠퍼스 남문
24917807,덕성여자대학교 종로운현캠퍼스,0,2040519528,남산리더십센터 남문,"교통,수송 > 입출구",37.5592552852651,126.98737486939,1816.5,,http://place.map.kakao.com/2040519528,서울 중구 남산동3가 34-5,candidate_unverified,덕성여자대학교 종로운현캠퍼스 남문
24917807,덕성여자대학교 종로운현캠퍼스,0,687079444,한성대학교 남문,"교통,수송 > 입출구",37.5811424451233,127.010811769121,2116.8,,http://place.map.kakao.com/687079444,서울 성북구 삼선동2가 산 1-1,candidate_unverified,덕성여자대학교 종로운현캠퍼스 남문
24917807,덕성여자대학교 종로운현캠퍼스,0,972331115,창덕궁 후원 입구,"교통,수송 > 입출구",37.5795389611989,126.992958349553,629.9,,http://place.map.kakao.com/972331115,서울 종로구 와룡동 2-71,candidate_unverified,덕성여자대학교 종로운현캠퍼스 출입구
24917807,덕성여자대학교 종로운현캠퍼스,0,24582622,삼일교 진출입 계단 7번,"교통,수송 > 입출구",37.5682075854278,126.987376754328,821.6,,http://place.map.kakao.com/24582622,서울 종로구 관철동,candidate_unverified,덕성여자대학교 종로운현캠퍼스 출입구
24917807,덕성여자대학교 종로운현캠퍼스,0,117042694,성균관대학교 인문사회과학캠퍼스 정문,"교통,수송 > 입출구",37.5850002309339,126.996838384994,1313.3,,http://place.map.kakao.com/117042694,서울 종로구 명륜3가 53,candidate_unverified,덕성여자대학교 종로운현캠퍼스 출입구
24917807,덕성여자대학교 종로운현캠퍼스,0,24582618,광통교 진출입 계단 3번,"교통,수송 > 입출구",37.5690501205507,126.981359222493,924.3,,http://place.map.kakao.com/24582618,서울 종로구 서린동,candidate_unverified,덕성여자대학교 종로운현캠퍼스 출입구
24917807,덕성여자대학교 종로운현캠퍼스,0,27271133,청와대 사랑채 입구,"교통,수송 > 입출구",37.5818877258424,126.97321371671741,1466.7,,http://place.map.kakao.com/27271133,서울 종로구 효자동 196,candidate_unverified,덕성여자대학교 종로운현캠퍼스 출입구
24917807,덕성여자대학교 종로운현캠퍼스,0,2095650008,국립민속박물관 정문,"교통,수송 > 입출구",37.579630169106,126.979359561587,871.8,,http://place.map.kakao.com/2095650008,서울 종로구 세종로 1-1,candidate_unverified,덕성여자대학교 종로운현캠퍼스 출입구
24917807,덕성여자대학교 종로운현캠퍼스,0,24582617,청계광장 진출입 경사로2번,"교통,수송 > 입출구",37.5691288374739,126.978040353196,1123.0,,http://place.map.kakao.com/24582617,서울 중구 무교동,candidate_unverified,덕성여자대학교 종로운현캠퍼스 출입구
24917807,덕성여자대학교 종로운현캠퍼스,0,24582621,광교 진출입 계단 6번,"교통,수송 > 입출구",37.5687548570305,126.983107003547,866.6,,http://place.map.kakao.com/24582621,서울 중구 남대문로1가,candidate_unverified,덕성여자대학교 종로운현캠퍼스 출입구
24917807,덕성여자대학교 종로운현캠퍼스,0,24582623,장통교 진출입 계단 8번,"교통,수송 > 입출구",37.5682434489874,126.985823744215,835.7,,http://place.map.kakao.com/24582623,서울 중구 삼각동,candidate_unverified,덕성여자대학교 종로운현캠퍼스 출입구
24917807,덕성여자대학교 종로운현캠퍼스,0,1429323459,원서공원앞 공영주차장 입구,"교통,수송 > 입출구",37.5783376414894,126.989084485094,325.0,,http://place.map.kakao.com/1429323459,서울 종로구 원서동 181,candidate_unverified,덕성여자대학교 종로운현캠퍼스 출입구
24917807,덕성여자대학교 종로운현캠퍼스,0,740271303,현대계동사옥 공유주차장 입구,"교통,수송 > 입출구",37.5783890000368,126.98910485505,330.9,,http://place.map.kakao.com/740271303,서울 종로구 원서동 181,candidate_unverified,덕성여자대학교 종로운현캠퍼스 출입구
24917807,덕성여자대학교 종로운현캠퍼스,0,26396794,서울대학교병원 정문,"교통,수송 > 입출구",37.5770596068084,126.997405317092,859.0,,http://place.map.kakao.com/26396794,서울 종로구 연건동 28-21,candidate_unverified,덕성여자대학교 종로운현캠퍼스 출입구
24917807,덕성여자대학교 종로운현캠퍼스,0,177870206,종오지하쇼핑센터 12번출구,"교통,수송 > 입출구",37.5709887308555,126.999409112333,1140.9,,http://place.map.kakao.com/177870206,서울 종로구 종로5가 82-1,candidate_unverified,덕성여자대학교 종로운현캠퍼스 출입구
24917807,덕성여자대학교 종로운현캠퍼스,0,554804728,서머셋팰리스서울 정문,"교통,수송 > 입출구",37.575140812568,126.981140354329,592.2,,http://place.map.kakao.com/554804728,서울 종로구 수송동 85,candidate_unverified,덕성여자대학교 종로운현캠퍼스 출입구
24917807,덕성여자대학교 종로운현캠퍼스,0,727066808,현대원서공원 주차장입구,"교통,수송 > 입출구",37.578364675178825,126.9891263681207,329.1,,http://place.map.kakao.com/727066808,서울 종로구 원서동 181,candidate_unverified,덕성여자대학교 종로운현캠퍼스 출입구
24917807,덕성여자대학교 종로운현캠퍼스,0,18617868,명동입구,"교통,수송 > 입출구",37.5633884936779,126.982890899437,1424.8,,http://place.map.kakao.com/18617868,서울 중구 명동2가,candidate_unverified,덕성여자대학교 종로운현캠퍼스 출입구
24917807,덕성여자대학교 종로운현캠퍼스,0,1375963086,탑골공원 북문,"교통,수송 > 입출구",37.571860290611234,126.98804740311353,414.9,,http://place.map.kakao.com/1375963086,서울 종로구 종로2가 38-1,candidate_unverified,덕성여자대학교 종로운현캠퍼스 출입구
24917807,덕성여자대학교 종로운현캠퍼스,0,24582625,수표교 진출입 계단 10번,"교통,수송 > 입출구",37.5681069489297,126.990283554953,859.3,,http://place.map.kakao.com/24582625,서울 중구 수표동,candidate_unverified,덕성여자대학교 종로운현캠퍼스 출입구
24917807,덕성여자대학교 종로운현캠퍼스,0,1266803081,운현궁 입구,"교통,수송 > 입출구",37.5758083191276,126.986818506908,93.0,,http://place.map.kakao.com/1266803081,서울 종로구 운니동 114-10,candidate_unverified,덕성여자대학교 종로운현캠퍼스 출입구
24917807,덕성여자대학교 종로운현캠퍼스,0,1489762143,종로타워 주차장입구,"교통,수송 > 입출구",37.5710416714161,126.983733598158,621.5,,http://place.map.kakao.com/1489762143,서울 종로구 공평동 70-2,candidate_unverified,덕성여자대학교 종로운현캠퍼스 출입구
24917807,덕성여자대학교 종로운현캠퍼스,0,72546964,천주교서울대교구 주교좌 명동대성당 입구,"교통,수송 > 입출구",37.5642737528582,126.986613407841,1262.7,,http://place.map.kakao.com/72546964,서울 중구 명동2가 1-17,candidate_unverified,덕성여자대학교 종로운현캠퍼스 출입구
24917807,덕성여자대학교 종로운현캠퍼스,0,24582616,청계광장 진출입 계단 1번,"교통,수송 > 입출구",37.5692262620098,126.978678739891,1073.2,,http://place.map.kakao.com/24582616,서울 종로구 서린동,candidate_unverified,덕성여자대학교 종로운현캠퍼스 출입구
24917807,덕성여자대학교 종로운현캠퍼스,0,526594387,서울재동초등학교 정문,"교통,수송 > 입출구",37.5798626506945,126.985599649314,514.6,,http://place.map.kakao.com/526594387,서울 종로구 가회동 210,candidate_unverified,덕성여자대학교 종로운현캠퍼스 출입구
24917807,덕성여자대학교 종로운현캠퍼스,0,975007361,투썸플레이스 앞 1-1 진입로,"교통,수송 > 입출구",37.5691921407208,126.979334143748,1033.0,,http://place.map.kakao.com/975007361,서울 종로구 서린동 148,candidate_unverified,덕성여자대학교 종로운현캠퍼스 출입구
24917807,덕성여자대학교 종로운현캠퍼스,0,24582619,모전교 진출입 계단 4번,"교통,수송 > 입출구",37.5689922605279,126.980154854369,998.1,,http://place.map.kakao.com/24582619,서울 중구 다동,candidate_unverified,덕성여자대학교 종로운현캠퍼스 출입구
24917807,덕성여자대학교 종로운현캠퍼스,0,244220432,탑골공원 입구,"교통,수송 > 입출구",37.5719035485338,126.988148142647,410.6,,http://place.map.kakao.com/244220432,서울 종로구 종로2가 38-6,candidate_unverified,덕성여자대학교 종로운현캠퍼스 출입구
24917807,덕성여자대학교 종로운현캠퍼스,0,900488651,광장시장 동문,"교통,수송 > 입출구",37.5703778448469,127.001729634064,1354.6,,http://place.map.kakao.com/900488651,서울 종로구 종로5가 194-1,candidate_unverified,덕성여자대학교 종로운현캠퍼스 출입구
24917807,덕성여자대학교 종로운현캠퍼스,0,398782212,눈스퀘어 주차장입구,"교통,수송 > 입출구",37.5633307627586,126.9824336441,1443.7,,http://place.map.kakao.com/398782212,서울 중구 명동2가 83-5,candidate_unverified,덕성여자대학교 종로운현캠퍼스 출입구
24917807,덕성여자대학교 종로운현캠퍼스,0,24582620,장통교 진출입 계단 5번,"교통,수송 > 입출구",37.5686649641772,126.984619287048,820.3,,http://place.map.kakao.com/24582620,서울 종로구 관철동,candidate_unverified,덕성여자대학교 종로운현캠퍼스 출입구
24917807,덕성여자대학교 종로운현캠퍼스,0,177748535,종오지하쇼핑센터 13번출구,"교통,수송 > 입출구",37.5710202671533,127.000059994367,1191.0,,http://place.map.kakao.com/177748535,서울 종로구 종로5가 82-1,candidate_unverified,덕성여자대학교 종로운현캠퍼스 출입구
24917807,덕성여자대학교 종로운현캠퍼스,0,861787992,명동성당 가톨릭회관 후문,"교통,수송 > 입출구",37.5641430857663,126.986415354827,1278.7,,http://place.map.kakao.com/861787992,서울 중구 명동2가 1-17,candidate_unverified,덕성여자대학교 종로운현캠퍼스 출입구
24917807,덕성여자대학교 종로운현캠퍼스,0,24582627,관수교 진출입 계단 12번,"교통,수송 > 입출구",37.5682945282997,126.992669634675,916.0,,http://place.map.kakao.com/24582627,서울 중구 입정동,candidate_unverified,덕성여자대학교 종로운현캠퍼스 출입구
24917807,덕성여자대학교 종로운현캠퍼스,0,27254919,광장시장 북2문,"교통,수송 > 입출구",37.5707238387684,127.000475425175,1238.3,,http://place.map.kakao.com/27254919,서울 종로구 종로4가 170-1,candidate_unverified,덕성여자대학교 종로운현캠퍼스 출입구
24917807,덕성여자대학교 종로운현캠퍼스,0,18093911,성균관대학교 후문,"교통,수송 > 입출구",37.5892983133587,126.990086054512,1537.4,,http://place.map.kakao.com/18093911,서울 종로구 명륜3가 산 2-14,candidate_unverified,덕성여자대학교 종로운현캠퍼스 출입구
24917807,덕성여자대학교 종로운현캠퍼스,0,1634961301,미래에셋센터원빌딩 주차장입구,"교통,수송 > 입출구",37.5674063906119,126.98554884763,931.8,,http://place.map.kakao.com/1634961301,서울 중구 수하동 67,candidate_unverified,덕성여자대학교 종로운현캠퍼스 출입구
24917807,덕성여자대학교 종로운현캠퍼스,0,24582624,수표교 진출입 계단 9번,"교통,수송 > 입출구",37.5683088157803,126.990831381956,851.3,,http://place.map.kakao.com/24582624,서울 종로구 관수동,candidate_unverified,덕성여자대학교 종로운현캠퍼스 출입구
24917807,덕성여자대학교 종로운현캠퍼스,0,24582626,세운교 진출입 경사로 11번,"교통,수송 > 입출구",37.5687019434723,126.99616047952,1060.4,,http://place.map.kakao.com/24582626,서울 종로구 장사동,candidate_unverified,덕성여자대학교 종로운현캠퍼스 출입구
24917807,덕성여자대학교 종로운현캠퍼스,0,257766416,광장시장 북문,"교통,수송 > 입출구",37.5706355397427,126.999241584545,1146.1,,http://place.map.kakao.com/257766416,서울 종로구 종로4가 157-2,candidate_unverified,덕성여자대학교 종로운현캠퍼스 출입구
24917807,덕성여자대학교 종로운현캠퍼스,0,966544243,중부시장 1문,"교통,수송 > 입출구",37.5666261112491,127.000303349922,1483.3,,http://place.map.kakao.com/966544243,서울 중구 을지로5가 270-37,candidate_unverified,덕성여자대학교 종로운현캠퍼스 출입구
24917807,덕성여자대학교 종로운현캠퍼스,0,1445219111,통인시장 출입구,"교통,수송 > 입출구",37.5808294405755,126.97101778763,1592.6,,http://place.map.kakao.com/1445219111,서울 종로구 창성동,candidate_unverified,덕성여자대학교 종로운현캠퍼스 출입구
24917807,덕성여자대학교 종로운현캠퍼스,0,2009442075,서울대학교병원 후문,"교통,수송 > 입출구",37.5799644239191,127.001969861978,1337.2,,http://place.map.kakao.com/2009442075,서울 종로구 연건동 28-21,candidate_unverified,덕성여자대학교 종로운현캠퍼스 출입구
24917807,덕성여자대학교 종로운현캠퍼스,0,450056042,서울경찰청 정문,"교통,수송 > 입출구",37.5743452475062,126.972107039427,1393.1,,http://place.map.kakao.com/450056042,서울 종로구 내자동 201-11,candidate_unverified,덕성여자대학교 종로운현캠퍼스 출입구
24917807,덕성여자대학교 종로운현캠퍼스,0,906098285,새문안교회 정문,"교통,수송 > 입출구",37.57063438281043,126.97355733641811,1373.7,,http://place.map.kakao.com/906098285,서울 종로구 신문로1가 240,candidate_unverified,덕성여자대학교 종로운현캠퍼스 출입구
8917867,동덕여자대학교,0,1569937142,북서울꿈의숲 서문 주차장,"교통,수송 > 교통시설 > 주차장",37.6219481274988,127.037887918169,1698.8,,http://place.map.kakao.com/1569937142,서울 강북구 번동 90,candidate_unverified,동덕여자대학교 서문
8917867,동덕여자대학교,0,18091378,북서울꿈의숲 서문,"교통,수송 > 입출구",37.6221535743957,127.037820057795,1722.3,,http://place.map.kakao.com/18091378,서울 강북구 번동 120-6,candidate_unverified,동덕여자대학교 서문 | 동덕여자대학교 출입구
8917867,동덕여자대학교,0,1214365824,서울강북 북서울꿈의숲 동문 및 서문주차장(콘센트) 전기차충전소,"교통,수송 > 자동차 > 전기차 충전소",37.6202547317687,127.04432427911007,1491.4,,http://place.map.kakao.com/1214365824,서울 강북구 번동 90,candidate_unverified,동덕여자대학교 서문
8917867,동덕여자대학교,0,193241218,경희대학교 남문,"교통,수송 > 입출구",37.5945543473825,127.056208639286,1876.4,,http://place.map.kakao.com/193241218,서울 동대문구 회기동 1-5,candidate_unverified,동덕여자대학교 남문
8917867,동덕여자대학교,0,1900627195,한국과학기술연구원 북문,"교통,수송 > 입출구",37.6042175699009,127.045534434212,450.1,,http://place.map.kakao.com/1900627195,서울 성북구 하월곡동 39-1,candidate_unverified,동덕여자대학교 출입구
8917867,동덕여자대학교,0,2066183936,꿈의숲푸르지오아파트 정문,"교통,수송 > 입출구",37.6099774097701,127.038465112827,444.1,,http://place.map.kakao.com/2066183936,서울 성북구 하월곡동 228,candidate_unverified,동덕여자대학교 출입구
8917867,동덕여자대학교,0,657726338,래미안라센트아파트 정문,"교통,수송 > 입출구",37.5992265186196,127.039307742306,891.1,,http://place.map.kakao.com/657726338,서울 성북구 종암동 134,candidate_unverified,동덕여자대학교 출입구
8917867,동덕여자대학교,0,1054228410,월곡두산위브아파트 후문,"교통,수송 > 입출구",37.6061629106599,127.040294403354,162.3,,http://place.map.kakao.com/1054228410,서울 성북구 하월곡동 222,candidate_unverified,동덕여자대학교 출입구
8917867,동덕여자대학교,0,1972191955,월곡래미안루나밸리아파트 정문,"교통,수송 > 입출구",37.6000230801872,127.041683954154,774.8,,http://place.map.kakao.com/1972191955,서울 성북구 하월곡동 226,candidate_unverified,동덕여자대학교 출입구
8917867,동덕여자대학교,0,1243961672,한국과학기술연구원 쪽문,"교통,수송 > 입출구",37.60134874681516,127.04332671505159,641.3,,http://place.map.kakao.com/1243961672,서울 성북구 하월곡동 39-1,candidate_unverified,동덕여자대학교 출입구 | 동덕여자대학교 쪽문
8917867,동덕여자대학교,0,2017874963,래미안월곡아파트 정문,"교통,수송 > 입출구",37.6100321623712,127.036275902297,593.5,,http://place.map.kakao.com/2017874963,서울 성북구 하월곡동 225,candidate_unverified,동덕여자대학교 출입구
8917867,동덕여자대학교,0,484442211,동신아파트 정문,"교통,수송 > 입출구",37.6042748946843,127.036091910729,587.5,,http://place.map.kakao.com/484442211,서울 성북구 하월곡동 219,candidate_unverified,동덕여자대학교 출입구
8917867,동덕여자대학교,0,1130521703,서울월곡초등학교 후문,"교통,수송 > 입출구",37.6106666873956,127.045963079457,548.4,,http://place.map.kakao.com/1130521703,서울 성북구 장위동 246-194,candidate_unverified,동덕여자대학교 출입구
8917867,동덕여자대학교,0,1022325693,서울숭인초등학교 후문,"교통,수송 > 입출구",37.6094277167458,127.038738907065,383.1,,http://place.map.kakao.com/1022325693,서울 성북구 하월곡동 222-4,candidate_unverified,동덕여자대학교 출입구
8917867,동덕여자대학교,0,1674258606,미아한일유앤아이아파트 정문,"교통,수송 > 입출구",37.6138764437991,127.037043419706,873.4,,http://place.map.kakao.com/1674258606,서울 강북구 미아동 1355,candidate_unverified,동덕여자대학교 출입구
8917867,동덕여자대학교,0,968612218,롯데캐슬클라시아아파트 정문,"교통,수송 > 입출구",37.60937041778745,127.0278697939705,1256.4,,http://place.map.kakao.com/968612218,서울 성북구 길음동 1289,candidate_unverified,동덕여자대학교 출입구
8917867,동덕여자대학교,0,849950893,꿈의숲푸르지오아파트 후문,"교통,수송 > 입출구",37.6116622147628,127.038601890739,591.5,,http://place.map.kakao.com/849950893,서울 성북구 하월곡동 228,candidate_unverified,동덕여자대학교 출입구
8917867,동덕여자대학교,0,26397117,경희대학교 정문,"교통,수송 > 입출구",37.5938315697917,127.052697920723,1749.5,,http://place.map.kakao.com/26397117,서울 동대문구 회기동 36-17,candidate_unverified,동덕여자대학교 출입구
8917867,동덕여자대학교,0,186594796,경희대학교 후문,"교통,수송 > 입출구",37.5981142355862,127.05412773906,1466.7,,http://place.map.kakao.com/186594796,서울 동대문구 회기동 1-5,candidate_unverified,동덕여자대학교 출입구
8917867,동덕여자대학교,0,1659872900,래미안월곡아파트 후문,"교통,수송 > 입출구",37.6118427937365,127.037418430051,664.0,,http://place.map.kakao.com/1659872900,서울 성북구 하월곡동 225,candidate_unverified,동덕여자대학교 출입구
8917867,동덕여자대학교,0,1744946338,래미안세레니티아파트 정문,"교통,수송 > 입출구",37.5995629419303,127.032190776368,1183.5,,http://place.map.kakao.com/1744946338,서울 성북구 종암동 133,candidate_unverified,동덕여자대학교 출입구
8917867,동덕여자대학교,0,225466068,래미안크리시엘아파트 입구,"교통,수송 > 입출구",37.6014207244694,127.028944901169,1291.7,,http://place.map.kakao.com/225466068,서울 성북구 종암동 80,candidate_unverified,동덕여자대학교 출입구
8917867,동덕여자대학교,0,1024933968,래미안라센트아파트 후문,"교통,수송 > 입출구",37.6003277635331,127.038598298722,793.1,,http://place.map.kakao.com/1024933968,서울 성북구 종암동 134,candidate_unverified,동덕여자대학교 출입구
8917867,동덕여자대학교,0,917818808,과학자아파트 입구,"교통,수송 > 입출구",37.6055090552401,127.049113894619,664.0,,http://place.map.kakao.com/917818808,서울 성북구 상월곡동 24-228,candidate_unverified,동덕여자대학교 출입구
8917867,동덕여자대학교,0,18225100,북서울꿈의숲 동문,"교통,수송 > 입출구",37.6200860635905,127.04481011268,1479.9,,http://place.map.kakao.com/18225100,서울 강북구 번동 95-2,candidate_unverified,동덕여자대학교 출입구
8917867,동덕여자대학교,0,1791510231,래미안석관아파트 정문,"교통,수송 > 입출구",37.6080252106611,127.05394805303,1075.2,,http://place.map.kakao.com/1791510231,서울 성북구 석관동 407,candidate_unverified,동덕여자대학교 출입구
8917867,동덕여자대학교,0,1686924936,미아한일유앤아이아파트 후문,"교통,수송 > 입출구",37.6153495651692,127.037027160858,1020.6,,http://place.map.kakao.com/1686924936,서울 강북구 미아동 1355,candidate_unverified,동덕여자대학교 출입구
8917867,동덕여자대학교,0,1988860420,래미안길음센터피스아파트 게이트1,"교통,수송 > 입출구",37.60989847750558,127.02752909101751,1299.1,,http://place.map.kakao.com/1988860420,서울 성북구 길음동 1288,candidate_unverified,동덕여자대학교 출입구
8917867,동덕여자대학교,0,983518246,성북힐스테이트아파트 101동 입구,"교통,수송 > 입출구",37.6064839337524,127.030360230955,1010.4,,http://place.map.kakao.com/983518246,서울 성북구 하월곡동 88-64,candidate_unverified,동덕여자대학교 출입구
8917867,동덕여자대학교,0,1745191049,래미안세레니티아파트 후문,"교통,수송 > 입출구",37.5992005426997,127.029512503828,1387.2,,http://place.map.kakao.com/1745191049,서울 성북구 종암동 133,candidate_unverified,동덕여자대학교 출입구
8917867,동덕여자대학교,0,1164204862,꿈의숲아이파크아파트 정문,"교통,수송 > 입출구",37.6196051989429,127.048695003232,1528.1,,http://place.map.kakao.com/1164204862,서울 성북구 장위동 182-25,candidate_unverified,동덕여자대학교 출입구
8917867,동덕여자대학교,0,1464961576,롯데캐슬클라시아아파트 후문,"교통,수송 > 입출구",37.6075191746754,127.026612003746,1340.3,,http://place.map.kakao.com/1464961576,서울 성북구 길음동 1289,candidate_unverified,동덕여자대학교 출입구
8917867,동덕여자대학교,0,2014376991,길음동부센트레빌아파트 정문,"교통,수송 > 입출구",37.6088730489181,127.023862672718,1595.0,,http://place.map.kakao.com/2014376991,서울 성북구 길음동 1278,candidate_unverified,동덕여자대학교 출입구
8917867,동덕여자대학교,0,17559129,북서울꿈의숲 숲속진입마당,"교통,수송 > 입출구",37.6161847945457,127.039756137152,1038.3,,http://place.map.kakao.com/17559129,서울 강북구 번동 90,candidate_unverified,동덕여자대학교 출입구
8917867,동덕여자대학교,0,2014538889,래미안센터피스 정문,"교통,수송 > 입출구",37.6125051255695,127.027155162032,1429.3,,http://place.map.kakao.com/2014538889,서울 성북구 길음동 481-1,candidate_unverified,동덕여자대학교 출입구
8917867,동덕여자대학교,0,988010776,꿈의숲롯데캐슬아파트 정문,"교통,수송 > 입출구",37.6182897537773,127.036175706786,1351.0,,http://place.map.kakao.com/988010776,서울 강북구 미아동 4,candidate_unverified,동덕여자대학교 출입구
8917867,동덕여자대학교,0,413157008,영훈초등학교 후문,"교통,수송 > 입출구",37.6127942693075,127.027473528345,1418.4,,http://place.map.kakao.com/413157008,서울 강북구 미아동 471-2,candidate_unverified,동덕여자대학교 출입구
8917867,동덕여자대학교,0,225509587,래미안크리시엘아파트 입구,"교통,수송 > 입출구",37.6017264088351,127.031492996613,1081.2,,http://place.map.kakao.com/225509587,서울 성북구 종암동 80,candidate_unverified,동덕여자대학교 출입구
8917867,동덕여자대학교,0,18091087,북서울꿈의숲 15번출입구,"교통,수송 > 입출구",37.6165340894594,127.040603551855,1066.5,,http://place.map.kakao.com/18091087,서울 강북구 번동 90,candidate_unverified,동덕여자대학교 출입구
8917867,동덕여자대학교,0,1770621346,미아동부센트레빌아파트 정문,"교통,수송 > 입출구",37.6133234071765,127.026344510767,1533.7,,http://place.map.kakao.com/1770621346,서울 강북구 미아동 474,candidate_unverified,동덕여자대학교 출입구
8917867,동덕여자대학교,0,2015250746,래미안길음센터피스아파트 게이트2,"교통,수송 > 입출구",37.61237898843733,127.02714945318834,1423.8,,http://place.map.kakao.com/2015250746,서울 성북구 길음동 1288,candidate_unverified,동덕여자대학교 출입구
8917867,동덕여자대학교,0,1967820620,장위자이레디언트아파트 게이트1,"교통,수송 > 입출구",37.6143888169309,127.057916841383,1639.9,,http://place.map.kakao.com/1967820620,서울 성북구 장위동 37-59,candidate_unverified,동덕여자대학교 출입구
8917867,동덕여자대학교,0,49844591,롯데캐슬클라시아아파트 차량전용 출입구,"교통,수송 > 입출구",37.6074488818951,127.026681062483,1333.9,,http://place.map.kakao.com/49844591,서울 성북구 길음동 918-15,candidate_unverified,동덕여자대학교 출입구
8917867,동덕여자대학교,0,1045137873,래미안라그란데아파트 게이트1,"교통,수송 > 입출구",37.60310501925855,127.06110727778606,1753.8,,http://place.map.kakao.com/1045137873,서울 동대문구 이문동 257-42,candidate_unverified,동덕여자대학교 출입구
8917867,동덕여자대학교,0,531860710,이문삼성래미안1차아파트 입구,"교통,수송 > 입출구",37.6000669543276,127.057367843371,1571.8,,http://place.map.kakao.com/531860710,서울 동대문구 이문동 264-442,candidate_unverified,동덕여자대학교 출입구
8917867,동덕여자대학교,0,18093171,북서울꿈의숲 16번출입구,"교통,수송 > 입출구",37.6173337764476,127.041723065518,1150.2,,http://place.map.kakao.com/18093171,서울 강북구 번동 90,candidate_unverified,동덕여자대학교 출입구
8917867,동덕여자대학교,0,36677180,한국과학기술연구원 중문,"교통,수송 > 입출구",37.5914068408239,127.041848989785,1732.8,,http://place.map.kakao.com/36677180,서울 동대문구 청량리동 산 5-8,candidate_unverified,동덕여자대학교 출입구
8917867,동덕여자대학교,0,18093586,북서울꿈의숲 14번출입구,"교통,수송 > 입출구",37.6171115045134,127.038261509469,1168.1,,http://place.map.kakao.com/18093586,서울 강북구 번동 90,candidate_unverified,동덕여자대학교 출입구
21412515,백석대학교 서울캠퍼스,0,397224411,서문여자중학교 정문,"교통,수송 > 입출구",37.4894236659471,126.984597104045,1512.4,,http://place.map.kakao.com/397224411,서울 서초구 방배동 1514,candidate_unverified,백석대학교 서울캠퍼스 서문 | 백석대학교 서울캠퍼스 출입구
21412515,백석대학교 서울캠퍼스,0,1262912745,방배래미안아트힐아파트 서문,"교통,수송 > 입출구",37.4770077907567,127.00430626364,710.1,,http://place.map.kakao.com/1262912745,서울 서초구 방배동 1008-2,candidate_unverified,백석대학교 서울캠퍼스 서문 | 백석대학교 서울캠퍼스 출입구
21412515,백석대학교 서울캠퍼스,0,2029399651,아크로비스타아파트 서문,"교통,수송 > 입출구",37.4985160421862,127.012767565565,2390.3,,http://place.map.kakao.com/2029399651,서울 서초구 서초동 1685-3,candidate_unverified,백석대학교 서울캠퍼스 서문
21412515,백석대학교 서울캠퍼스,0,1881280515,아크로비스타아파트 남문,"교통,수송 > 입출구",37.4970067483412,127.013730793716,2303.9,,http://place.map.kakao.com/1881280515,서울 서초구 서초동 1685-3,candidate_unverified,백석대학교 서울캠퍼스 남문 | 백석대학교 서울캠퍼스 출입구
21412515,백석대학교 서울캠퍼스,0,27150563,서초래미안아파트 남문,"교통,수송 > 입출구",37.497555555294,127.01947339791748,2687.7,,http://place.map.kakao.com/27150563,서울 서초구 서초동 1682,candidate_unverified,백석대학교 서울캠퍼스 남문
21412515,백석대학교 서울캠퍼스,0,1317254606,서울고등학교 정문,"교통,수송 > 입출구",37.4835714551171,127.007923585025,958.9,,http://place.map.kakao.com/1317254606,서울 서초구 서초동 1526-1,candidate_unverified,백석대학교 서울캠퍼스 출입구
21412515,백석대학교 서울캠퍼스,0,27341305,상문고등학교 후문,"교통,수송 > 입출구",37.4807353068898,127.002998366618,467.8,,http://place.map.kakao.com/27341305,서울 서초구 방배동 992-13,candidate_unverified,백석대학교 서울캠퍼스 출입구
21412515,백석대학교 서울캠퍼스,0,1924111349,서울고등학교 후문,"교통,수송 > 입출구",37.4830400148702,127.005117279086,706.4,,http://place.map.kakao.com/1924111349,서울 서초구 서초동 1526-1,candidate_unverified,백석대학교 서울캠퍼스 출입구
21412515,백석대학교 서울캠퍼스,0,1947968472,방배서리풀e편한세상아파트 정문,"교통,수송 > 입출구",37.4836401644055,126.997205034228,335.1,,http://place.map.kakao.com/1947968472,서울 서초구 방배동 906-13,candidate_unverified,백석대학교 서울캠퍼스 출입구
21412515,백석대학교 서울캠퍼스,0,969824285,방배서리풀e편한세상아파트 후문,"교통,수송 > 입출구",37.4844925455195,126.998804889812,438.0,,http://place.map.kakao.com/969824285,서울 서초구 방배동 906-13,candidate_unverified,백석대학교 서울캠퍼스 출입구
21412515,백석대학교 서울캠퍼스,0,829649399,동덕여자중학교 정문,"교통,수송 > 입출구",37.4748866864664,126.993028097316,762.1,,http://place.map.kakao.com/829649399,서울 서초구 방배동 593-96,candidate_unverified,백석대학교 서울캠퍼스 출입구
21412515,백석대학교 서울캠퍼스,0,1280196131,방배e편한세상1차아파트 정문,"교통,수송 > 입출구",37.48719105982945,126.99834691207037,729.3,,http://place.map.kakao.com/1280196131,서울 서초구 방배동 884-21,candidate_unverified,백석대학교 서울캠퍼스 출입구
21412515,백석대학교 서울캠퍼스,0,1164217107,방배롯데캐슬아르떼아파트 정문,"교통,수송 > 입출구",37.4828426360604,126.984100974592,1224.3,,http://place.map.kakao.com/1164217107,서울 서초구 방배동 424-28,candidate_unverified,백석대학교 서울캠퍼스 출입구
21412515,백석대학교 서울캠퍼스,0,1787409940,서초더샵오데움1단지아파트 주차장입구,"교통,수송 > 입출구",37.4827243666409,127.009794697788,1092.0,,http://place.map.kakao.com/1787409940,서울 서초구 서초동 1483-18,candidate_unverified,백석대학교 서울캠퍼스 출입구
21412515,백석대학교 서울캠퍼스,0,635541793,롯데마트 서초점 주차장입구,"교통,수송 > 입출구",37.4899543315569,127.005563264161,1245.6,,http://place.map.kakao.com/635541793,서울 서초구 서초동 1498-44,candidate_unverified,백석대학교 서울캠퍼스 출입구
21412515,백석대학교 서울캠퍼스,0,179085955,서초3차대림이편한세상아파트 입구,"교통,수송 > 입출구",37.4790997783393,127.007450529919,877.7,,http://place.map.kakao.com/179085955,서울 서초구 서초동 1467-37,candidate_unverified,백석대학교 서울캠퍼스 출입구
21412515,백석대학교 서울캠퍼스,0,1163690796,방배롯데캐슬아르떼아파트 후문,"교통,수송 > 입출구",37.483886036821,126.984346105257,1231.8,,http://place.map.kakao.com/1163690796,서울 서초구 방배동 424-28,candidate_unverified,백석대학교 서울캠퍼스 출입구
21412515,백석대학교 서울캠퍼스,0,1529325318,래미안원페를라아파트 2단지 정문,"교통,수송 > 입출구",37.4897521914745,126.989741911297,1231.5,,http://place.map.kakao.com/1529325318,서울 서초구 방배동 818-14,candidate_unverified,백석대학교 서울캠퍼스 출입구
21412515,백석대학교 서울캠퍼스,0,1448960356,서초3차대림이편한세상아파트 입구,"교통,수송 > 입출구",37.4783113640066,127.007928682455,939.5,,http://place.map.kakao.com/1448960356,서울 서초구 서초동 1467-37,candidate_unverified,백석대학교 서울캠퍼스 출입구
21412515,백석대학교 서울캠퍼스,0,21962527,서울교육대학교 사향문,"교통,수송 > 입출구",37.4892180773366,127.016576555259,1918.8,,http://place.map.kakao.com/21962527,서울 서초구 서초동 1650,candidate_unverified,백석대학교 서울캠퍼스 출입구
21412515,백석대학교 서울캠퍼스,0,1428404457,래미안원페를라아파트 3단지 정문,"교통,수송 > 입출구",37.4898441109837,126.989936386537,1230.3,,http://place.map.kakao.com/1428404457,서울 서초구 방배동 818-14,candidate_unverified,백석대학교 서울캠퍼스 출입구
21412515,백석대학교 서울캠퍼스,0,1283218348,우면산 입구,"교통,수송 > 입출구",37.473418392451,126.986648847118,1264.0,,http://place.map.kakao.com/1283218348,서울 서초구 방배동 산 100-3,candidate_unverified,백석대학교 서울캠퍼스 출입구
21412515,백석대학교 서울캠퍼스,0,11026470,관악산 입구,"교통,수송 > 입출구",37.46890582887555,126.97848796231449,2140.1,,http://place.map.kakao.com/11026470,서울 관악구 남현동 산 65,candidate_unverified,백석대학교 서울캠퍼스 출입구
21412515,백석대학교 서울캠퍼스,0,17355629,대법원후문,"교통,수송 > 입출구",37.4917924554747,127.003840103266,1352.1,,http://place.map.kakao.com/17355629,서울 서초구 서초동 170-18,candidate_unverified,백석대학교 서울캠퍼스 출입구
21412515,백석대학교 서울캠퍼스,0,1260084479,하이파킹 마제스타시티 주차장입구,"교통,수송 > 입출구",37.4907039240671,127.006463401568,1359.2,,http://place.map.kakao.com/1260084479,서울 서초구 서초동 1498-5,candidate_unverified,백석대학교 서울캠퍼스 출입구
21412515,백석대학교 서울캠퍼스,0,1710825109,방배3차e편한세상아파트 후문,"교통,수송 > 입출구",37.4938807923348,126.992157874671,1550.0,,http://place.map.kakao.com/1710825109,서울 서초구 방배동 797-30,candidate_unverified,백석대학교 서울캠퍼스 출입구
21412515,백석대학교 서울캠퍼스,0,1272386304,대검찰청 정문,"교통,수송 > 입출구",37.4940637895707,127.006290677672,1672.9,,http://place.map.kakao.com/1272386304,서울 서초구 서초동 1730-1,candidate_unverified,백석대학교 서울캠퍼스 출입구
21412515,백석대학교 서울캠퍼스,0,1519844147,동일하이빌상가 지하입구,"교통,수송 > 입출구",37.4916462454024,127.008548623109,1552.7,,http://place.map.kakao.com/1519844147,서울 서초구 서초동 1542-1,candidate_unverified,백석대학교 서울캠퍼스 출입구
21412515,백석대학교 서울캠퍼스,0,120306509,우면산 등산로 입구,"교통,수송 > 입출구",37.48195211884159,127.01812503563777,1808.2,,http://place.map.kakao.com/120306509,서울 서초구 서초동 419-3,candidate_unverified,백석대학교 서울캠퍼스 출입구
21412515,백석대학교 서울캠퍼스,0,1882629393,서울회생법원 입구,"교통,수송 > 입출구",37.4983926528184,127.012310672283,2356.6,,http://place.map.kakao.com/1882629393,서울 서초구 서초동 1701-1,candidate_unverified,백석대학교 서울캠퍼스 출입구
21412515,백석대학교 서울캠퍼스,0,1417136688,서울중앙지방검찰청 정문,"교통,수송 > 입출구",37.4946284686609,127.00995908958,1893.5,,http://place.map.kakao.com/1417136688,서울 서초구 서초동 1724,candidate_unverified,백석대학교 서울캠퍼스 출입구
21412515,백석대학교 서울캠퍼스,0,557121536,서초그랑자이아파트 정문,"교통,수송 > 입출구",37.4882467753069,127.02653797492273,2681.2,,http://place.map.kakao.com/557121536,서울 서초구 서초동 1757,candidate_unverified,백석대학교 서울캠퍼스 출입구
21412515,백석대학교 서울캠퍼스,0,619825499,이수푸르지오더프레티움아파트 1단지 정문,"교통,수송 > 입출구",37.492149372277275,126.97968557624485,2039.7,,http://place.map.kakao.com/619825499,서울 동작구 사당동 43-26,candidate_unverified,백석대학교 서울캠퍼스 출입구
21412515,백석대학교 서울캠퍼스,0,1351257842,디에이치반포라클라스아파트 정문,"교통,수송 > 입출구",37.5001514070147,127.012405956491,2526.8,,http://place.map.kakao.com/1351257842,서울 서초구 반포동 1343,candidate_unverified,백석대학교 서울캠퍼스 출입구
21412515,백석대학교 서울캠퍼스,0,763463242,서울잠원초등학교 정문,"교통,수송 > 입출구",37.500839504462,126.997741574977,2244.7,,http://place.map.kakao.com/763463242,서울 서초구 반포동 17,candidate_unverified,백석대학교 서울캠퍼스 출입구
21412515,백석대학교 서울캠퍼스,0,492794007,아크로리버파크아파트 게이트1,"교통,수송 > 입출구",37.5052741012286,126.993576057657,2761.9,,http://place.map.kakao.com/492794007,서울 서초구 반포동 2-12,candidate_unverified,백석대학교 서울캠퍼스 출입구
21412515,백석대학교 서울캠퍼스,0,26524162,삼풍아파트 입구,"교통,수송 > 입출구",37.4969706614128,127.014126584792,2322.4,,http://place.map.kakao.com/26524162,서울 서초구 서초동 1685,candidate_unverified,백석대학교 서울캠퍼스 출입구
21412515,백석대학교 서울캠퍼스,0,25491573,동작삼성래미안아파트정문,"교통,수송 > 입출구",37.4898246579274,126.970578072837,2601.2,,http://place.map.kakao.com/25491573,서울 동작구 사당동 1133,candidate_unverified,백석대학교 서울캠퍼스 출입구
21412515,백석대학교 서울캠퍼스,0,148851889,사당휴먼시아아파트 정문,"교통,수송 > 입출구",37.47971817410693,126.97109532388056,2349.7,,http://place.map.kakao.com/148851889,서울 동작구 사당동 1154,candidate_unverified,백석대학교 서울캠퍼스 출입구
21412515,백석대학교 서울캠퍼스,0,1948504359,삼풍아파트 북문,"교통,수송 > 입출구",37.4994683204506,127.013534469892,2515.9,,http://place.map.kakao.com/1948504359,서울 서초구 서초동 1685,candidate_unverified,백석대학교 서울캠퍼스 출입구
21412515,백석대학교 서울캠퍼스,0,12663315,서울교육대학교 청람문,"교통,수송 > 입출구",37.4903283840274,127.014564064946,1836.4,,http://place.map.kakao.com/12663315,서울 서초구 서초동 1650,candidate_unverified,백석대학교 서울캠퍼스 출입구
21412515,백석대학교 서울캠퍼스,0,1476883495,래미안원베일리아파트 GATE1,"교통,수송 > 입출구",37.505495891908645,126.99728112621719,2762.7,,http://place.map.kakao.com/1476883495,서울 서초구 반포동 1,candidate_unverified,백석대학교 서울캠퍼스 출입구
21412515,백석대학교 서울캠퍼스,0,1755787680,서울중앙지방법원 동문,"교통,수송 > 입출구",37.4976231707589,127.012525409433,2296.2,,http://place.map.kakao.com/1755787680,서울 서초구 서초동,candidate_unverified,백석대학교 서울캠퍼스 출입구
21412515,백석대학교 서울캠퍼스,0,1212091856,서달산둘레길 입구,"교통,수송 > 입출구",37.4914189683841,126.976513973168,2219.7,,http://place.map.kakao.com/1212091856,서울 동작구 사당동 1137-6,candidate_unverified,백석대학교 서울캠퍼스 출입구
21412515,백석대학교 서울캠퍼스,0,1565392118,반포리체아파트 정문,"교통,수송 > 입출구",37.5027100948518,127.013921835527,2839.8,,http://place.map.kakao.com/1565392118,서울 서초구 반포동 30-26,candidate_unverified,백석대학교 서울캠퍼스 출입구
21412515,백석대학교 서울캠퍼스,0,1084835702,반포래미안아이파크아파트 정문,"교통,수송 > 입출구",37.5013227354159,127.012208239959,2630.9,,http://place.map.kakao.com/1084835702,서울 서초구 반포동 1341,candidate_unverified,백석대학교 서울캠퍼스 출입구
21412515,백석대학교 서울캠퍼스,0,1515014931,래미안리더스원아파트 정문,"교통,수송 > 입출구",37.4895610038272,127.028018576924,2852.8,,http://place.map.kakao.com/1515014931,서울 서초구 서초동 1336,candidate_unverified,백석대학교 서울캠퍼스 출입구
8317120,백석예술대학교,0,397224411,서문여자중학교 정문,"교통,수송 > 입출구",37.4894236659471,126.984597104045,1454.4,,http://place.map.kakao.com/397224411,서울 서초구 방배동 1514,candidate_unverified,백석예술대학교 서문 | 백석예술대학교 출입구
8317120,백석예술대학교,0,1262912745,방배래미안아트힐아파트 서문,"교통,수송 > 입출구",37.4770077907567,127.00430626364,790.5,,http://place.map.kakao.com/1262912745,서울 서초구 방배동 1008-2,candidate_unverified,백석예술대학교 서문 | 백석예술대학교 출입구
8317120,백석예술대학교,0,1317254606,서울고등학교 정문,"교통,수송 > 입출구",37.4835714551171,127.007923585025,1089.4,,http://place.map.kakao.com/1317254606,서울 서초구 서초동 1526-1,candidate_unverified,백석예술대학교 출입구
8317120,백석예술대학교,0,27341305,상문고등학교 후문,"교통,수송 > 입출구",37.4807353068898,127.002998366618,592.1,,http://place.map.kakao.com/27341305,서울 서초구 방배동 992-13,candidate_unverified,백석예술대학교 출입구
8317120,백석예술대학교,0,1947968472,방배서리풀e편한세상아파트 정문,"교통,수송 > 입출구",37.4836401644055,126.997205034228,387.5,,http://place.map.kakao.com/1947968472,서울 서초구 방배동 906-13,candidate_unverified,백석예술대학교 출입구
8317120,백석예술대학교,0,1924111349,서울고등학교 후문,"교통,수송 > 입출구",37.4830400148702,127.005117279086,837.0,,http://place.map.kakao.com/1924111349,서울 서초구 서초동 1526-1,candidate_unverified,백석예술대학교 출입구
8317120,백석예술대학교,0,829649399,동덕여자중학교 정문,"교통,수송 > 입출구",37.4748866864664,126.993028097316,661.0,,http://place.map.kakao.com/829649399,서울 서초구 방배동 593-96,candidate_unverified,백석예술대학교 출입구
8317120,백석예술대학교,0,969824285,방배서리풀e편한세상아파트 후문,"교통,수송 > 입출구",37.4844925455195,126.998804889812,522.6,,http://place.map.kakao.com/969824285,서울 서초구 방배동 906-13,candidate_unverified,백석예술대학교 출입구
8317120,백석예술대학교,0,1280196131,방배e편한세상1차아파트 정문,"교통,수송 > 입출구",37.48719105982945,126.99834691207037,794.8,,http://place.map.kakao.com/1280196131,서울 서초구 방배동 884-21,candidate_unverified,백석예술대학교 출입구
8317120,백석예술대학교,0,1164217107,방배롯데캐슬아르떼아파트 정문,"교통,수송 > 입출구",37.4828426360604,126.984100974592,1116.6,,http://place.map.kakao.com/1164217107,서울 서초구 방배동 424-28,candidate_unverified,백석예술대학교 출입구
8317120,백석예술대학교,0,1163690796,방배롯데캐슬아르떼아파트 후문,"교통,수송 > 입출구",37.483886036821,126.984346105257,1132.1,,http://place.map.kakao.com/1163690796,서울 서초구 방배동 424-28,candidate_unverified,백석예술대학교 출입구
8317120,백석예술대학교,0,1529325318,래미안원페를라아파트 2단지 정문,"교통,수송 > 입출구",37.4897521914745,126.989741911297,1207.7,,http://place.map.kakao.com/1529325318,서울 서초구 방배동 818-14,candidate_unverified,백석예술대학교 출입구
8317120,백석예술대학교,0,1787409940,서초더샵오데움1단지아파트 주차장입구,"교통,수송 > 입출구",37.4827243666409,127.009794697788,1221.1,,http://place.map.kakao.com/1787409940,서울 서초구 서초동 1483-18,candidate_unverified,백석예술대학교 출입구
8317120,백석예술대학교,0,179085955,서초3차대림이편한세상아파트 입구,"교통,수송 > 입출구",37.4790997783393,127.007450529919,990.2,,http://place.map.kakao.com/179085955,서울 서초구 서초동 1467-37,candidate_unverified,백석예술대학교 출입구
8317120,백석예술대학교,0,635541793,롯데마트 서초점 주차장입구,"교통,수송 > 입출구",37.4899543315569,127.005563264161,1354.7,,http://place.map.kakao.com/635541793,서울 서초구 서초동 1498-44,candidate_unverified,백석예술대학교 출입구
8317120,백석예술대학교,0,1283218348,우면산 입구,"교통,수송 > 입출구",37.473418392451,126.986648847118,1140.8,,http://place.map.kakao.com/1283218348,서울 서초구 방배동 산 100-3,candidate_unverified,백석예술대학교 출입구
8317120,백석예술대학교,0,1448960356,서초3차대림이편한세상아파트 입구,"교통,수송 > 입출구",37.4783113640066,127.007928682455,1046.4,,http://place.map.kakao.com/1448960356,서울 서초구 서초동 1467-37,candidate_unverified,백석예술대학교 출입구
8317120,백석예술대학교,0,1428404457,래미안원페를라아파트 3단지 정문,"교통,수송 > 입출구",37.4898441109837,126.989936386537,1208.6,,http://place.map.kakao.com/1428404457,서울 서초구 방배동 818-14,candidate_unverified,백석예술대학교 출입구
8317120,백석예술대학교,0,17355629,대법원후문,"교통,수송 > 입출구",37.4917924554747,127.003840103266,1447.1,,http://place.map.kakao.com/17355629,서울 서초구 서초동 170-18,candidate_unverified,백석예술대학교 출입구
8317120,백석예술대학교,0,1260084479,하이파킹 마제스타시티 주차장입구,"교통,수송 > 입출구",37.4907039240671,127.006463401568,1469.1,,http://place.map.kakao.com/1260084479,서울 서초구 서초동 1498-5,candidate_unverified,백석예술대학교 출입구
8317120,백석예술대학교,0,1710825109,방배3차e편한세상아파트 후문,"교통,수송 > 입출구",37.4938807923348,126.992157874671,1562.0,,http://place.map.kakao.com/1710825109,서울 서초구 방배동 797-30,candidate_unverified,백석예술대학교 출입구
8317120,백석예술대학교,0,1272386304,대검찰청 정문,"교통,수송 > 입출구",37.4940637895707,127.006290677672,1772.4,,http://place.map.kakao.com/1272386304,서울 서초구 서초동 1730-1,candidate_unverified,백석예술대학교 출입구
8317120,백석예술대학교,0,120306509,우면산 등산로 입구,"교통,수송 > 입출구",37.48195211884159,127.01812503563777,1933.7,,http://place.map.kakao.com/120306509,서울 서초구 서초동 419-3,candidate_unverified,백석예술대학교 출입구
8317120,백석예술대학교,0,1519844147,동일하이빌상가 지하입구,"교통,수송 > 입출구",37.4916462454024,127.008548623109,1666.3,,http://place.map.kakao.com/1519844147,서울 서초구 서초동 1542-1,candidate_unverified,백석예술대학교 출입구
8317120,백석예술대학교,0,619825499,이수푸르지오더프레티움아파트 1단지 정문,"교통,수송 > 입출구",37.492149372277275,126.97968557624485,1977.7,,http://place.map.kakao.com/619825499,서울 동작구 사당동 43-26,candidate_unverified,백석예술대학교 출입구
8317120,백석예술대학교,0,12663315,서울교육대학교 청람문,"교통,수송 > 입출구",37.4903283840274,127.014564064946,1963.0,,http://place.map.kakao.com/12663315,서울 서초구 서초동 1650,candidate_unverified,백석예술대학교 출입구
24447409,서울과학종합대학교,0,897141236,서문,"여행 > 관광,명소 > 문화유적 > 사당,제단",37.57566024891,126.96687652701,2596.8,,http://place.map.kakao.com/897141236,서울 종로구 사직동 1-28,candidate_unverified,서울과학종합대학교 서문
24447409,서울과학종합대학교,0,18922244,연세대학교 서문,"교통,수송 > 입출구",37.5637749061639,126.933953735176,1470.3,,http://place.map.kakao.com/18922244,서울 서대문구 연희동 25,candidate_unverified,서울과학종합대학교 서문 | 서울과학종합대학교 출입구
24447409,서울과학종합대학교,0,1052898871,종근당빌딩 서문,"교통,수송 > 입출구",37.55982408696,126.962965248078,1299.5,,http://place.map.kakao.com/1052898871,서울 서대문구 충정로3가 368,candidate_unverified,서울과학종합대학교 서문
24447409,서울과학종합대학교,0,1436482704,이화여자고등학교 서문,"교통,수송 > 입출구",37.5646866837945,126.968930077008,1971.8,,http://place.map.kakao.com/1436482704,서울 중구 순화동 1-1,candidate_unverified,서울과학종합대학교 서문
24447409,서울과학종합대학교,0,16984282,남문 이용원,"가정,생활 > 이발소",37.5579229001817,126.972561343436,2117.4,,http://place.map.kakao.com/16984282,서울 중구 남대문로5가 63-4,candidate_unverified,서울과학종합대학교 남문
24447409,서울과학종합대학교,0,18922240,연세대학교 남문,"교통,수송 > 입출구",37.5614750339922,126.933014087396,1443.4,,http://place.map.kakao.com/18922240,서울 서대문구 신촌동 134,candidate_unverified,서울과학종합대학교 남문 | 서울과학종합대학교 출입구
24447409,서울과학종합대학교,0,433433574,서강대학교 남문,"교통,수송 > 입출구",37.5494986137581,126.938996489276,1215.0,,http://place.map.kakao.com/433433574,서울 마포구 신수동 1-1,candidate_unverified,서울과학종합대학교 남문 | 서울과학종합대학교 출입구
24447409,서울과학종합대학교,0,592662879,이화여자대학교 정문,"교통,수송 > 입출구",37.5594236592153,126.94566937595,341.2,,http://place.map.kakao.com/592662879,서울 서대문구 대현동,candidate_unverified,서울과학종합대학교 출입구
24447409,서울과학종합대학교,0,26397093,이화여자대학교 후문,"교통,수송 > 입출구",37.5635317504439,126.944692996803,764.4,,http://place.map.kakao.com/26397093,서울 서대문구 대신동 47,candidate_unverified,서울과학종합대학교 출입구
24447409,서울과학종합대학교,0,18097390,연세대학교 정문,"교통,수송 > 입출구",37.5604968585685,126.936840480172,1089.0,,http://place.map.kakao.com/18097390,서울 서대문구 신촌동 134,candidate_unverified,서울과학종합대학교 출입구
24447409,서울과학종합대학교,0,1844501862,서강대학교 후문,"교통,수송 > 입출구",37.5507696837461,126.943969110916,838.1,,http://place.map.kakao.com/1844501862,서울 마포구 대흥동 22-60,candidate_unverified,서울과학종합대학교 출입구
24447409,서울과학종합대학교,0,10043389,서강대학교 정문,"교통,수송 > 입출구",37.5516352233547,126.937925314256,1133.3,,http://place.map.kakao.com/10043389,서울 마포구 신수동 1-1,candidate_unverified,서울과학종합대학교 출입구
24447409,서울과학종합대학교,0,1122624057,마포더클래시 2단지아파트 정문,"교통,수송 > 입출구",37.5564114656951,126.949363325085,128.8,,http://place.map.kakao.com/1122624057,서울 마포구 아현동 662,candidate_unverified,서울과학종합대학교 출입구
24447409,서울과학종합대학교,0,1238780392,마포프레스티지자이아파트 정문,"교통,수송 > 입출구",37.5542211934313,126.947422784266,364.4,,http://place.map.kakao.com/1238780392,서울 마포구 염리동 14-149,candidate_unverified,서울과학종합대학교 출입구
24447409,서울과학종합대학교,0,313573795,e편한세상신촌아파트1단지 후문,"교통,수송 > 입출구",37.5588278232198,126.949091193407,168.5,,http://place.map.kakao.com/313573795,서울 서대문구 북아현동 1013,candidate_unverified,서울과학종합대학교 출입구
24447409,서울과학종합대학교,0,2066729900,마포그랑자이아파트 2단지 GATE2,"교통,수송 > 입출구",37.5542187596704,126.944086490514,527.2,,http://place.map.kakao.com/2066729900,서울 마포구 대흥동 806,candidate_unverified,서울과학종합대학교 출입구
24447409,서울과학종합대학교,0,666043195,마포더클래시아파트1단지 게이트1,"교통,수송 > 입출구",37.5553139489017,126.949126404109,234.7,,http://place.map.kakao.com/666043195,서울 마포구 아현동 662,candidate_unverified,서울과학종합대학교 출입구
24447409,서울과학종합대학교,0,1407355588,세브란스병원 본관주차장 입구,"교통,수송 > 입출구",37.56155810250957,126.9400471787673,882.1,,http://place.map.kakao.com/1407355588,서울 서대문구 신촌동 134,candidate_unverified,서울과학종합대학교 출입구
24447409,서울과학종합대학교,0,2109875238,힐스테이트신촌아파트 정문,"교통,수송 > 입출구",37.5623942632169,126.951944395407,633.3,,http://place.map.kakao.com/2109875238,서울 서대문구 북아현동 1-954,candidate_unverified,서울과학종합대학교 출입구
24447409,서울과학종합대학교,0,478077231,이화여자대학교 학관 출입구,"교통,수송 > 입출구",37.5635607324599,126.945014422532,755.2,,http://place.map.kakao.com/478077231,서울 서대문구 대현동 11-1,candidate_unverified,서울과학종합대학교 출입구
24447409,서울과학종합대학교,0,832082252,e편한세상신촌3단지아파트 입구,"교통,수송 > 입출구",37.5600984287875,126.956339532477,750.5,,http://place.map.kakao.com/832082252,서울 서대문구 북아현동 142-2,candidate_unverified,서울과학종합대학교 출입구
24447409,서울과학종합대학교,0,1315137150,마포프레스티지자이아파트 게이트1,"교통,수송 > 입출구",37.55316400676476,126.94671734682578,495.3,,http://place.map.kakao.com/1315137150,서울 마포구 염리동 532,candidate_unverified,서울과학종합대학교 출입구
24447409,서울과학종합대학교,0,20526376,아현시장 입구,"교통,수송 > 입출구",37.5555678587332,126.955386991232,635.3,,http://place.map.kakao.com/20526376,서울 마포구 아현동 291-27,candidate_unverified,서울과학종합대학교 출입구
24447409,서울과학종합대학교,0,7999562,연세대학교 동문,"교통,수송 > 입출구",37.5660622423696,126.945759633944,996.9,,http://place.map.kakao.com/7999562,서울 서대문구 신촌동 134,candidate_unverified,서울과학종합대학교 출입구
24447409,서울과학종합대학교,0,1469643354,마포자이더센트리지아파트 정문,"교통,수송 > 입출구",37.5506546829242,126.946619547031,766.3,,http://place.map.kakao.com/1469643354,서울 마포구 염리동 36-250,candidate_unverified,서울과학종합대학교 출입구
24447409,서울과학종합대학교,0,1557454094,신촌푸르지오아파트 정문,"교통,수송 > 입출구",37.5605052392461,126.9528521884927,514.8,,http://place.map.kakao.com/1557454094,서울 서대문구 북아현동 1011,candidate_unverified,서울과학종합대학교 출입구
24447409,서울과학종합대학교,0,27377630,중앙여자고등학교 정문,"교통,수송 > 입출구",37.5622891231938,126.954930248887,784.2,,http://place.map.kakao.com/27377630,서울 서대문구 북아현동 190-1,candidate_unverified,서울과학종합대학교 출입구
24447409,서울과학종합대학교,0,1778026578,공덕삼성래미안4차아파트 정문,"교통,수송 > 입출구",37.5493620751301,126.951552162346,929.4,,http://place.map.kakao.com/1778026578,서울 마포구 공덕동 464,candidate_unverified,서울과학종합대학교 출입구
24447409,서울과학종합대학교,0,17578909,세브란스병원 본관주차장입구,"교통,수송 > 입출구",37.562144744763685,126.9420387378147,781.5,,http://place.map.kakao.com/17578909,서울 서대문구 대신동 5,candidate_unverified,서울과학종합대학교 출입구
24447409,서울과학종합대학교,0,792576920,신촌푸르지오1단지아파트 후문,"교통,수송 > 입출구",37.5606731796172,126.951504093947,449.8,,http://place.map.kakao.com/792576920,서울 서대문구 북아현동 1011,candidate_unverified,서울과학종합대학교 출입구
24447409,서울과학종합대학교,0,26923796,마포래미안푸르지오2단지아파트 P4주차장입구,"교통,수송 > 입출구",37.5526915446465,126.954524093271,740.6,,http://place.map.kakao.com/26923796,서울 마포구 아현동 779,candidate_unverified,서울과학종합대학교 출입구
24447409,서울과학종합대학교,0,530444064,공덕래미안5차아파트 주차장입구,"교통,수송 > 입출구",37.5503784887496,126.954024174659,915.4,,http://place.map.kakao.com/530444064,서울 마포구 공덕동 470,candidate_unverified,서울과학종합대학교 출입구
24447409,서울과학종합대학교,0,363935908,마포더클래시아파트 게이트2,"교통,수송 > 입출구",37.5561716457537,126.951134667398,264.2,,http://place.map.kakao.com/363935908,서울 마포구 아현동 662,candidate_unverified,서울과학종합대학교 출입구
24447409,서울과학종합대학교,0,754924844,래미안공덕4차아파트 후문,"교통,수송 > 입출구",37.5508593108509,126.951010257783,756.2,,http://place.map.kakao.com/754924844,서울 마포구 공덕동 464,candidate_unverified,서울과학종합대학교 출입구
24447409,서울과학종합대학교,0,897362656,서울역KTX 고객주차장 입출구,"교통,수송 > 입출구",37.5532441051647,126.969251704,1881.8,,http://place.map.kakao.com/897362656,서울 용산구 동자동 43-205,candidate_unverified,서울과학종합대학교 출입구
24447409,서울과학종합대학교,0,17578489,세브란스병원 정문,"교통,수송 > 입출구",37.560436337978,126.938253028733,969.4,,http://place.map.kakao.com/17578489,서울 서대문구 신촌동 134,candidate_unverified,서울과학종합대학교 출입구
24447409,서울과학종합대학교,0,152234594,마포그랑자이아파트 1-1GATE(입주민 전용),"교통,수송 > 입출구",37.55453372776068,126.94519534043667,432.7,,http://place.map.kakao.com/152234594,서울 마포구 대흥동 806,candidate_unverified,서울과학종합대학교 출입구
24447409,서울과학종합대학교,0,1142964882,서울역센트럴자이아파트 정문,"교통,수송 > 입출구",37.5548572301628,126.964070005939,1396.4,,http://place.map.kakao.com/1142964882,서울 중구 만리동2가 37-1,candidate_unverified,서울과학종합대학교 출입구
24447409,서울과학종합대학교,0,1081845899,공덕래미안5차아파트 후문,"교통,수송 > 입출구",37.5506396612402,126.951480040774,792.1,,http://place.map.kakao.com/1081845899,서울 마포구 공덕동 469,candidate_unverified,서울과학종합대학교 출입구
24447409,서울과학종합대학교,0,1341536850,이대공대 철문,"교통,수송 > 입출구",37.5668145259871,126.947649370519,1052.7,,http://place.map.kakao.com/1341536850,서울 서대문구 신촌동 34-1,candidate_unverified,서울과학종합대학교 출입구
24447409,서울과학종합대학교,0,186568161,마포그랑자이아파트 GATE 1-2,"교통,수송 > 입출구",37.55521664937008,126.943215444615,527.9,,http://place.map.kakao.com/186568161,서울 마포구 대흥동 806,candidate_unverified,서울과학종합대학교 출입구
24447409,서울과학종합대학교,0,27577050,공덕자이아파트 후문,"교통,수송 > 입출구",37.551964922444,126.958272661727,1047.1,,http://place.map.kakao.com/27577050,서울 마포구 아현동 418-3,candidate_unverified,서울과학종합대학교 출입구
24447409,서울과학종합대학교,0,1124796872,서울한서초등학교 정문,"교통,수송 > 입출구",37.5536541407917,126.948732566886,414.0,,http://place.map.kakao.com/1124796872,서울 마포구 염리동 24-140,candidate_unverified,서울과학종합대학교 출입구
24447409,서울과학종합대학교,0,1255394510,힐스테이트신촌아파트 후문,"교통,수송 > 입출구",37.5612121264876,126.951872718162,517.6,,http://place.map.kakao.com/1255394510,서울 서대문구 북아현동 1017,candidate_unverified,서울과학종합대학교 출입구
24447409,서울과학종합대학교,0,1834345241,경기대학교 서울캠퍼스 후문,"교통,수송 > 입출구",37.564039417736,126.961611716429,1369.2,,http://place.map.kakao.com/1834345241,서울 서대문구 충정로3가 1-50,candidate_unverified,서울과학종합대학교 출입구
24447409,서울과학종합대학교,0,26131902,서울역 서부출입구,"교통,수송 > 입출구",37.553705509211525,126.96961139732429,1900.9,,http://place.map.kakao.com/26131902,서울 용산구 동자동 43-205,candidate_unverified,서울과학종합대학교 출입구
24447409,서울과학종합대학교,0,1732284481,마포자이더센트리지아파트 후문,"교통,수송 > 입출구",37.5501505554667,126.947582943579,807.8,,http://place.map.kakao.com/1732284481,서울 마포구 염리동 517,candidate_unverified,서울과학종합대학교 출입구
24447409,서울과학종합대학교,0,18090848,마포아트센터 주차장출입구,"교통,수송 > 입출구",37.5502477750196,126.945399913313,839.7,,http://place.map.kakao.com/18090848,서울 마포구 대흥동 30-3,candidate_unverified,서울과학종합대학교 출입구
24447409,서울과학종합대학교,0,2105863684,공덕자이아파트 입구,"교통,수송 > 입출구",37.5535449777618,126.957445636323,892.3,,http://place.map.kakao.com/2105863684,서울 마포구 아현동 603-16,candidate_unverified,서울과학종합대학교 출입구
7940291,서울교육대학교,0,21962527,서울교육대학교 사향문,"교통,수송 > 입출구",37.4892180773366,127.016576555259,136.4,,http://place.map.kakao.com/21962527,서울 서초구 서초동 1650,candidate_unverified,서울교육대학교 정문 | 서울교육대학교 후문 | 서울교육대학교 출입구 | 서울교육대학교 입구
7940291,서울교육대학교,0,12663315,서울교육대학교 청람문,"교통,수송 > 입출구",37.4903283840274,127.014564064946,96.6,,http://place.map.kakao.com/12663315,서울 서초구 서초동 1650,candidate_unverified,서울교육대학교 후문 | 서울교육대학교 출입구 | 서울교육대학교 입구
7940291,서울교육대학교,0,388626939,서울교육대학교 쪽문,"교통,수송 > 입출구",37.4915192138678,127.016837140498,265.8,,http://place.map.kakao.com/388626939,서울 서초구 서초동 1650,candidate_unverified,서울교육대학교 후문 | 서울교육대학교 출입구 | 서울교육대학교 입구 | 서울교육대학교 쪽문
7940291,서울교육대학교,0,2029399651,아크로비스타아파트 서문,"교통,수송 > 입출구",37.4985160421862,127.012767565565,1015.9,,http://place.map.kakao.com/2029399651,서울 서초구 서초동 1685-3,candidate_unverified,서울교육대학교 서문 | 서울교육대학교 출입구
7940291,서울교육대학교,0,1262912745,방배래미안아트힐아파트 서문,"교통,수송 > 입출구",37.4770077907567,127.00430626364,1690.3,,http://place.map.kakao.com/1262912745,서울 서초구 방배동 1008-2,candidate_unverified,서울교육대학교 서문
7940291,서울교육대학교,0,1953390538,원촌중학교 서문,"교통,수송 > 입출구",37.5059790022209,127.013406712744,1830.8,,http://place.map.kakao.com/1953390538,서울 서초구 반포동 22,candidate_unverified,서울교육대학교 서문
7940291,서울교육대학교,0,1881280515,아크로비스타아파트 남문,"교통,수송 > 입출구",37.4970067483412,127.013730793716,835.8,,http://place.map.kakao.com/1881280515,서울 서초구 서초동 1685-3,candidate_unverified,서울교육대학교 남문 | 서울교육대학교 출입구
7940291,서울교육대학교,0,27150563,서초래미안아파트 남문,"교통,수송 > 입출구",37.497555555294,127.01947339791748,968.4,,http://place.map.kakao.com/27150563,서울 서초구 서초동 1682,candidate_unverified,서울교육대학교 남문 | 서울교육대학교 출입구
7940291,서울교육대학교,0,557121536,서초그랑자이아파트 정문,"교통,수송 > 입출구",37.4882467753069,127.02653797492273,1020.2,,http://place.map.kakao.com/557121536,서울 서초구 서초동 1757,candidate_unverified,서울교육대학교 출입구
7940291,서울교육대학교,0,1882629393,서울회생법원 입구,"교통,수송 > 입출구",37.4983926528184,127.012310672283,1011.5,,http://place.map.kakao.com/1882629393,서울 서초구 서초동 1701-1,candidate_unverified,서울교육대학교 출입구
7940291,서울교육대학교,0,1317254606,서울고등학교 정문,"교통,수송 > 입출구",37.4835714551171,127.007923585025,919.3,,http://place.map.kakao.com/1317254606,서울 서초구 서초동 1526-1,candidate_unverified,서울교육대학교 출입구
7940291,서울교육대학교,0,26524162,삼풍아파트 입구,"교통,수송 > 입출구",37.4969706614128,127.014126584792,827.5,,http://place.map.kakao.com/26524162,서울 서초구 서초동 1685,candidate_unverified,서울교육대학교 출입구
7940291,서울교육대학교,0,1417136688,서울중앙지방검찰청 정문,"교통,수송 > 입출구",37.4946284686609,127.00995908958,722.4,,http://place.map.kakao.com/1417136688,서울 서초구 서초동 1724,candidate_unverified,서울교육대학교 출입구
7940291,서울교육대학교,0,1515014931,래미안리더스원아파트 정문,"교통,수송 > 입출구",37.4895610038272,127.028018576924,1140.2,,http://place.map.kakao.com/1515014931,서울 서초구 서초동 1336,candidate_unverified,서울교육대학교 출입구
7940291,서울교육대학교,0,120306509,우면산 등산로 입구,"교통,수송 > 입출구",37.48195211884159,127.01812503563777,888.1,,http://place.map.kakao.com/120306509,서울 서초구 서초동 419-3,candidate_unverified,서울교육대학교 출입구
7940291,서울교육대학교,0,806190684,래미안서초에스티지아파트 정문,"교통,수송 > 입출구",37.4928943024636,127.025951608897,1026.7,,http://place.map.kakao.com/806190684,서울 서초구 서초동 1332-13,candidate_unverified,서울교육대학교 출입구
7940291,서울교육대학교,0,1755787680,서울중앙지방법원 동문,"교통,수송 > 입출구",37.4976231707589,127.012525409433,923.9,,http://place.map.kakao.com/1755787680,서울 서초구 서초동,candidate_unverified,서울교육대학교 출입구
7940291,서울교육대학교,0,1948504359,삼풍아파트 북문,"교통,수송 > 입출구",37.4994683204506,127.013534469892,1109.4,,http://place.map.kakao.com/1948504359,서울 서초구 서초동 1685,candidate_unverified,서울교육대학교 출입구
7940291,서울교육대학교,0,955647565,서초리시온아파트 입구,"교통,수송 > 입출구",37.4935854230613,127.015373218997,447.3,,http://place.map.kakao.com/955647565,서울 서초구 서초동 1671-5,candidate_unverified,서울교육대학교 출입구
7940291,서울교육대학교,0,904876727,두성종이 서초본사 후문,"교통,수송 > 입출구",37.4923214931287,127.02014824565,540.8,,http://place.map.kakao.com/904876727,서울 서초구 서초동 1641-6,candidate_unverified,서울교육대학교 출입구
7940291,서울교육대학교,0,903840803,두성종이 서초본사 정문,"교통,수송 > 입출구",37.4921159637144,127.020724886873,571.8,,http://place.map.kakao.com/903840803,서울 서초구 서초동 1641-6,candidate_unverified,서울교육대학교 출입구
7940291,서울교육대학교,0,1351257842,디에이치반포라클라스아파트 정문,"교통,수송 > 입출구",37.5001514070147,127.012405956491,1200.4,,http://place.map.kakao.com/1351257842,서울 서초구 반포동 1343,candidate_unverified,서울교육대학교 출입구
7940291,서울교육대학교,0,635541793,롯데마트 서초점 주차장입구,"교통,수송 > 입출구",37.4899543315569,127.005563264161,842.1,,http://place.map.kakao.com/635541793,서울 서초구 서초동 1498-44,candidate_unverified,서울교육대학교 출입구
7940291,서울교육대학교,0,1519844147,동일하이빌상가 지하입구,"교통,수송 > 입출구",37.4916462454024,127.008548623109,622.1,,http://place.map.kakao.com/1519844147,서울 서초구 서초동 1542-1,candidate_unverified,서울교육대학교 출입구
7940291,서울교육대학교,0,2093236267,서초그랑자이 동문,"교통,수송 > 입출구",37.4894646923766,127.027609214036,1104.1,,http://place.map.kakao.com/2093236267,서울 서초구 서초동 1335,candidate_unverified,서울교육대학교 출입구
7940291,서울교육대학교,0,657781576,현대아파트 후문,"교통,수송 > 입출구",37.4855802486832,127.024417008953,934.4,,http://place.map.kakao.com/657781576,서울 서초구 서초동 1436-1,candidate_unverified,서울교육대학교 출입구
7940291,서울교육대학교,0,1272386304,대검찰청 정문,"교통,수송 > 입출구",37.4940637895707,127.006290677672,923.7,,http://place.map.kakao.com/1272386304,서울 서초구 서초동 1730-1,candidate_unverified,서울교육대학교 출입구
7940291,서울교육대학교,0,1787409940,서초더샵오데움1단지아파트 주차장입구,"교통,수송 > 입출구",37.4827243666409,127.009794697788,893.3,,http://place.map.kakao.com/1787409940,서울 서초구 서초동 1483-18,candidate_unverified,서울교육대학교 출입구
7940291,서울교육대학교,0,1529937698,아크로비스타 오피스텔 입구,"교통,수송 > 입출구",37.4973491532705,127.013536349137,876.0,,http://place.map.kakao.com/1529937698,서울 서초구 서초동 1685-3,candidate_unverified,서울교육대학교 출입구
7940291,서울교육대학교,0,270769932,래미안리더스원아파트 후문,"교통,수송 > 입출구",37.4910325341482,127.027227593896,1082.7,,http://place.map.kakao.com/270769932,서울 서초구 서초동 1755,candidate_unverified,서울교육대학교 출입구
7940291,서울교육대학교,0,76712705,우성5차아파트 정문,"교통,수송 > 입출구",37.4948420500354,127.026976804317,1201.1,,http://place.map.kakao.com/76712705,서울 서초구 서초동 1326-17,candidate_unverified,서울교육대학교 출입구
7940291,서울교육대학교,0,1924111349,서울고등학교 후문,"교통,수송 > 입출구",37.4830400148702,127.005117279086,1141.1,,http://place.map.kakao.com/1924111349,서울 서초구 서초동 1526-1,candidate_unverified,서울교육대학교 출입구
7940291,서울교육대학교,0,1084835702,반포래미안아이파크아파트 정문,"교통,수송 > 입출구",37.5013227354159,127.012208239959,1331.6,,http://place.map.kakao.com/1084835702,서울 서초구 반포동 1341,candidate_unverified,서울교육대학교 출입구
7940291,서울교육대학교,0,1260084479,하이파킹 마제스타시티 주차장입구,"교통,수송 > 입출구",37.4907039240671,127.006463401568,772.0,,http://place.map.kakao.com/1260084479,서울 서초구 서초동 1498-5,candidate_unverified,서울교육대학교 출입구
7940291,서울교육대학교,0,1555704834,서초한양수자인아파트 입구,"교통,수송 > 입출구",37.4875222017743,127.027254587514,1096.7,,http://place.map.kakao.com/1555704834,서울 서초구 서초동 1344-2,candidate_unverified,서울교육대학교 출입구
7940291,서울교육대학교,0,1565392118,반포리체아파트 정문,"교통,수송 > 입출구",37.5027100948518,127.013921835527,1464.9,,http://place.map.kakao.com/1565392118,서울 서초구 반포동 30-26,candidate_unverified,서울교육대학교 출입구
7940291,서울교육대학교,0,1084742201,삼풍아파트 출입문,"교통,수송 > 입출구",37.498330686523,127.017788601375,1002.8,,http://place.map.kakao.com/1084742201,서울 서초구 서초동 1685,candidate_unverified,서울교육대학교 출입구
7940291,서울교육대학교,0,407374829,르피에드인강남오피스텔 입구,"교통,수송 > 입출구",37.4957272290443,127.025209632688,1124.8,,http://place.map.kakao.com/407374829,서울 서초구 서초동 1321-7,candidate_unverified,서울교육대학교 출입구
7940291,서울교육대학교,0,907824318,래미안리더스원아파트 주차장입구,"교통,수송 > 입출구",37.4911207618522,127.027534062505,1110.9,,http://place.map.kakao.com/907824318,서울 서초구 서초동 1336,candidate_unverified,서울교육대학교 출입구
7940291,서울교육대학교,0,2065909628,서초삼성가든스위트아파트 정문,"교통,수송 > 입출구",37.4945115387845,127.026274450303,1129.1,,http://place.map.kakao.com/2065909628,서울 서초구 서초동 1326-12,candidate_unverified,서울교육대학교 출입구
7940291,서울교육대학교,0,27561053,서울역삼초등학교 정문,"교통,수송 > 입출구",37.4922421432386,127.032543825982,1567.9,,http://place.map.kakao.com/27561053,서울 강남구 역삼동 833-7,candidate_unverified,서울교육대학교 출입구
7940291,서울교육대학교,0,876252358,르피에드인강남오피스텔 주차장출입구,"교통,수송 > 입출구",37.4955271777333,127.025339610748,1120.6,,http://place.map.kakao.com/876252358,서울 서초구 서초동 1321-7,candidate_unverified,서울교육대학교 출입구
7940291,서울교육대학교,0,1133648853,서초롯데캐슬클래식아파트 후문,"교통,수송 > 입출구",37.4995544354917,127.022050083217,1268.6,,http://place.map.kakao.com/1133648853,서울 서초구 서초동 1312-3,candidate_unverified,서울교육대학교 출입구
7940291,서울교육대학교,0,635562913,양재주차빌딩 입구,"교통,수송 > 입출구",37.4831071183226,127.034674514562,1871.0,,http://place.map.kakao.com/635562913,서울 서초구 양재동 23,candidate_unverified,서울교육대학교 출입구
7940291,서울교육대학교,0,17355629,대법원후문,"교통,수송 > 입출구",37.4917924554747,127.003840103266,1023.3,,http://place.map.kakao.com/17355629,서울 서초구 서초동 170-18,candidate_unverified,서울교육대학교 출입구
7940291,서울교육대학교,0,968275977,반포써밋아파트 게이트3,"교통,수송 > 입출구",37.50293142124,127.016421254944,1490.5,,http://place.map.kakao.com/968275977,서울 서초구 반포동 1342,candidate_unverified,서울교육대학교 출입구
7940291,서울교육대학교,0,1468366410,반포써밋정문,"교통,수송 > 입출구",37.500826444449,127.017981447906,1277.4,,http://place.map.kakao.com/1468366410,서울 서초구 반포동 120-3,candidate_unverified,서울교육대학교 출입구
7939462,서울기독대학교,0,1660802262,응암역효성해링턴플레이스아파트 정문,"교통,수송 > 입출구",37.598766845886,126.908401030521,420.8,,http://place.map.kakao.com/1660802262,서울 은평구 신사동 372,candidate_unverified,서울기독대학교 출입구
7939462,서울기독대학교,0,344383578,센트레빌아스테리움시그니처아파트 정문,"교통,수송 > 입출구",37.6043939646581,126.907801847046,593.2,,http://place.map.kakao.com/344383578,서울 은평구 역촌동 75-39,candidate_unverified,서울기독대학교 출입구
7939462,서울기독대학교,0,1528001902,서울상신초등학교 정문,"교통,수송 > 입출구",37.59820155052485,126.90563871520064,666.8,,http://place.map.kakao.com/1528001902,서울 은평구 신사동 산 46-1,candidate_unverified,서울기독대학교 출입구
7939462,서울기독대학교,0,1143418824,백련산SK뷰아이파크아파트 정문,"교통,수송 > 입출구",37.5957073113402,126.92120251846,937.0,,http://place.map.kakao.com/1143418824,서울 은평구 응암동 452-35,candidate_unverified,서울기독대학교 출입구
7939462,서울기독대학교,0,1119987693,백련산해모로아파트 후문,"교통,수송 > 입출구",37.5969383539151,126.921636047099,898.1,,http://place.map.kakao.com/1119987693,서울 은평구 응암동 106-31,candidate_unverified,서울기독대학교 출입구
7939462,서울기독대학교,0,1144340914,현대2차아파트 정문,"교통,수송 > 입출구",37.5975454885331,126.907740091014,545.6,,http://place.map.kakao.com/1144340914,서울 은평구 신사동 355,candidate_unverified,서울기독대학교 출입구
7939462,서울기독대학교,0,1839277370,응암역효성해링턴플레이스아파트 후문,"교통,수송 > 입출구",37.59723329939869,126.90832364486033,530.6,,http://place.map.kakao.com/1839277370,서울 은평구 신사동 372,candidate_unverified,서울기독대학교 출입구
7939462,서울기독대학교,0,24645875,불광천응암경사로 진출입로18,"교통,수송 > 입출구",37.5988701331544,126.916461260445,394.8,,http://place.map.kakao.com/24645875,서울 은평구 응암동 114-9,candidate_unverified,서울기독대학교 출입구
7939462,서울기독대학교,0,1444836900,백련산해모로아파트 정문,"교통,수송 > 입출구",37.5958731147768,126.921234049291,928.6,,http://place.map.kakao.com/1444836900,서울 은평구 응암동 768,candidate_unverified,서울기독대학교 출입구
7939462,서울기독대학교,0,1647081388,백련산SK뷰아이파크아파트 후문,"교통,수송 > 입출구",37.59415311514624,126.921223406692,1048.6,,http://place.map.kakao.com/1647081388,서울 은평구 응암동 409-20,candidate_unverified,서울기독대학교 출입구
7939462,서울기독대학교,0,785061744,신진과학기술고등학교 후문,"교통,수송 > 입출구",37.5975930096492,126.917144375827,525.7,,http://place.map.kakao.com/785061744,서울 은평구 응암동 114-1,candidate_unverified,서울기독대학교 출입구
7939462,서울기독대학교,0,522196207,백련산파크자이아파트 정문,"교통,수송 > 입출구",37.5913792281753,126.921623759854,1301.4,,http://place.map.kakao.com/522196207,서울 은평구 응암동 766,candidate_unverified,서울기독대학교 출입구
7939462,서울기독대학교,0,262039793,서울상신초등학교 후문,"교통,수송 > 입출구",37.5977015735116,126.90572993642917,684.1,,http://place.map.kakao.com/262039793,서울 은평구 신사동 238-2,candidate_unverified,서울기독대학교 출입구
7939462,서울기독대학교,0,18082993,서울특별시서북병원 출입구3,"교통,수송 > 입출구",37.60466588629219,126.9053021315222,781.9,,http://place.map.kakao.com/18082993,서울 은평구 역촌동 산 31-1,candidate_unverified,서울기독대학교 출입구
7939462,서울기독대학교,0,24649645,불광천신사경사로 진출입로8,"교통,수송 > 입출구",37.5977233901543,126.915502289986,413.4,,http://place.map.kakao.com/24649645,서울 은평구 신사동 22-15,candidate_unverified,서울기독대학교 출입구
7939462,서울기독대학교,0,24649653,불광천신사경사로 진출입로9,"교통,수송 > 입출구",37.59849844239217,126.91578224499317,369.0,,http://place.map.kakao.com/24649653,서울 은평구 응암동 114-10,candidate_unverified,서울기독대학교 출입구
7939462,서울기독대학교,0,24649644,불광천신사계단 진출입로7,"교통,수송 > 입출구",37.596778990006,126.915276886136,489.7,,http://place.map.kakao.com/24649644,서울 은평구 응암동 122-20,candidate_unverified,서울기독대학교 출입구
7939462,서울기독대학교,0,24644543,불광천응암경사로 진출입로15,"교통,수송 > 입출구",37.5968839680486,126.91592447735,510.4,,http://place.map.kakao.com/24644543,서울 은평구 응암동 122-19,candidate_unverified,서울기독대학교 출입구
7939462,서울기독대학교,0,288673881,백련산힐스테이트1차아파트 정문,"교통,수송 > 입출구",37.5917143862617,126.924369192915,1436.3,,http://place.map.kakao.com/288673881,서울 은평구 응암동 759,candidate_unverified,서울기독대학교 출입구
7939462,서울기독대학교,0,24644991,불광천응암계단 진출입로16,"교통,수송 > 입출구",37.5969993109403,126.915946994817,501.1,,http://place.map.kakao.com/24644991,서울 은평구 응암동 122-19,candidate_unverified,서울기독대학교 출입구
7939462,서울기독대학교,0,24645435,불광천응암계단 진출입로17,"교통,수송 > 입출구",37.5978428053177,126.916181580002,444.0,,http://place.map.kakao.com/24645435,서울 은평구 응암동 114-9,candidate_unverified,서울기독대학교 출입구
7939462,서울기독대학교,0,24643670,불광천응암경사로 진출입로13,"교통,수송 > 입출구",37.5945229325322,126.915311149054,720.1,,http://place.map.kakao.com/24643670,서울 은평구 응암동 123-35,candidate_unverified,서울기독대학교 출입구
7939462,서울기독대학교,0,24649634,불광천신사경사로 진출입로5,"교통,수송 > 입출구",37.5957913417398,126.915051537126,580.2,,http://place.map.kakao.com/24649634,서울 은평구 응암동 122-20,candidate_unverified,서울기독대학교 출입구
7939462,서울기독대학교,0,18082990,서울특별시서북병원 출입구1,"교통,수송 > 입출구",37.60432368296097,126.90551773523636,744.8,,http://place.map.kakao.com/18082990,서울 은평구 역촌동 산 31-1,candidate_unverified,서울기독대학교 출입구
7939462,서울기독대학교,0,18082987,서울특별시서북병원 출입구4,"교통,수송 > 입출구",37.6045417349716,126.905533314121,757.3,,http://place.map.kakao.com/18082987,서울 은평구 역촌동 219-32,candidate_unverified,서울기독대학교 출입구
7939462,서울기독대학교,0,24644101,불광천응암계단 진출입로14,"교통,수송 > 입출구",37.5955250125678,126.91555912819,625.2,,http://place.map.kakao.com/24644101,서울 은평구 응암동 122-20,candidate_unverified,서울기독대학교 출입구
7939462,서울기독대학교,0,24643669,불광천응암경사로 진출입로12,"교통,수송 > 입출구",37.5941841080078,126.915239064573,753.7,,http://place.map.kakao.com/24643669,서울 은평구 응암동 610-1,candidate_unverified,서울기독대학교 출입구
7939462,서울기독대학교,0,24649635,불광천신사계단 진출입로6,"교통,수송 > 입출구",37.5959463283976,126.915074007864,565.0,,http://place.map.kakao.com/24649635,서울 은평구 응암동 122-20,candidate_unverified,서울기독대학교 출입구
7939462,서울기독대학교,0,18082988,서울특별시서북병원 출입구2,"교통,수송 > 입출구",37.604692925044915,126.9053134220343,782.8,,http://place.map.kakao.com/18082988,서울 은평구 역촌동 산 20-9,candidate_unverified,서울기독대학교 출입구
7939462,서울기독대학교,0,24649628,불광천신사경사로 진출입로4,"교통,수송 > 입출구",37.5946414491661,126.914735792842,692.0,,http://place.map.kakao.com/24649628,서울 은평구 응암동 123-35,candidate_unverified,서울기독대학교 출입구
7939462,서울기독대학교,0,24649626,불광천신사계단 진출입로3,"교통,수송 > 입출구",37.5942232912558,126.914600391516,733.8,,http://place.map.kakao.com/24649626,서울 은평구 신사동 34-13,candidate_unverified,서울기독대학교 출입구
7939462,서울기독대학교,0,918074092,힐스테이트백련산4차아파트 정문,"교통,수송 > 입출구",37.5893059075563,126.921416468518,1480.5,,http://place.map.kakao.com/918074092,서울 은평구 응암동 764,candidate_unverified,서울기독대학교 출입구
7939462,서울기독대학교,0,437551942,본서부병원 주차장입구,"교통,수송 > 입출구",37.60070528965984,126.92284151923238,905.5,,http://place.map.kakao.com/437551942,서울 은평구 응암동 87-12,candidate_unverified,서울기독대학교 출입구
7939462,서울기독대학교,0,24643255,불광천응암계단 진출입로10,"교통,수송 > 입출구",37.5927242159588,126.914842151624,900.9,,http://place.map.kakao.com/24643255,서울 은평구 응암동 610-2,candidate_unverified,서울기독대학교 출입구
7939462,서울기독대학교,0,24649624,불광천신사경사로 진출입로2,"교통,수송 > 입출구",37.5931166546143,126.914298198783,848.5,,http://place.map.kakao.com/24649624,서울 은평구 신사동 35-23,candidate_unverified,서울기독대학교 출입구
7939462,서울기독대학교,0,24643256,불광천응암계단 진출입로11,"교통,수송 > 입출구",37.5937010564941,126.915072030229,800.7,,http://place.map.kakao.com/24643256,서울 은평구 응암동 610-1,candidate_unverified,서울기독대학교 출입구
7939462,서울기독대학교,0,956530375,백련산파크자이아파트 후문,"교통,수송 > 입출구",37.5920150354583,126.921183765797,1221.8,,http://place.map.kakao.com/956530375,서울 은평구 응암동 403-2,candidate_unverified,서울기독대학교 출입구
7939462,서울기독대학교,0,24649622,불광천신사계단 진출입로1,"교통,수송 > 입출구",37.5927237633591,126.914217123912,890.3,,http://place.map.kakao.com/24649622,서울 은평구 응암동 610-2,candidate_unverified,서울기독대학교 출입구
7939462,서울기독대학교,0,886011812,힐스테이트백련산4차아파트 북문,"교통,수송 > 입출구",37.5911341209303,126.921567403217,1320.0,,http://place.map.kakao.com/886011812,서울 은평구 응암동 764,candidate_unverified,서울기독대학교 출입구
7939462,서울기독대학교,0,1432065473,e편한세상백련산아파트 후문,"교통,수송 > 입출구",37.59563674503722,126.9235023788824,1111.8,,http://place.map.kakao.com/1432065473,서울 은평구 응암동 771,candidate_unverified,서울기독대학교 출입구
7939462,서울기독대학교,0,24649620,불광천응암계단 진출입로22,"교통,수송 > 입출구",37.5923308456591,126.91409981659,931.9,,http://place.map.kakao.com/24649620,서울 은평구 응암동 610-2,candidate_unverified,서울기독대학교 출입구
7939462,서울기독대학교,0,872476348,DMC해링턴플레이스NHF아파트 정문,"교통,수송 > 입출구",37.6053069807948,126.896241413942,1529.4,,http://place.map.kakao.com/872476348,경기 고양시 덕양구 향동동 421,candidate_unverified,서울기독대학교 출입구
7939462,서울기독대학교,0,24643045,불광천응암경사로 진출입로9,"교통,수송 > 입출구",37.5924466388105,126.914742826102,929.2,,http://place.map.kakao.com/24643045,서울 은평구 응암동 610-2,candidate_unverified,서울기독대학교 출입구
7939462,서울기독대학교,0,1071538382,백련산힐스테이트2차아파트 후문,"교통,수송 > 입출구",37.5916060200063,126.923984327156,1420.4,,http://place.map.kakao.com/1071538382,서울 은평구 응암동 760,candidate_unverified,서울기독대학교 출입구
7939462,서울기독대학교,0,3540342,브라운스톤구산아파트 정문,"교통,수송 > 입출구",37.6118856889133,126.908960297208,1292.0,,http://place.map.kakao.com/3540342,서울 은평구 구산동 159-10,candidate_unverified,서울기독대학교 출입구
11137164,서울대학교 연건캠퍼스,0,7940957,서문,"여행 > 관광,명소 > 문화유적 > 문",37.5709791010621,126.987887936369,1600.3,,http://place.map.kakao.com/7940957,서울 종로구 종로2가 38-4,candidate_unverified,서울대학교 연건캠퍼스 서문 | 서울대학교 서문
11137164,서울대학교 연건캠퍼스,0,942123983,광장시장 서문,"교통,수송 > 입출구",37.570161603164,126.998089257945,1196.3,,http://place.map.kakao.com/942123983,서울 종로구 예지동 293-1,candidate_unverified,서울대학교 연건캠퍼스 서문 | 서울대학교 연건캠퍼스 출입구 | 서울대학교 서문 | 서울대학교 출입구
11137164,서울대학교 연건캠퍼스,0,17933692,종묘 서문,"여행 > 관광,명소 > 문화유적 > 문",37.5759781895547,126.992279458327,953.6,,http://place.map.kakao.com/17933692,서울 종로구 훈정동 1-2,candidate_unverified,서울대학교 연건캠퍼스 서문 | 서울대학교 서문
11137164,서울대학교 연건캠퍼스,0,11101684,영령전 서문,"여행 > 관광,명소 > 문화유적 > 문",37.5759781895547,126.992279458327,953.6,,http://place.map.kakao.com/11101684,서울 종로구 훈정동 1-2,candidate_unverified,서울대학교 연건캠퍼스 서문 | 서울대학교 서문
11137164,서울대학교 연건캠퍼스,0,8066059,정전 서문,"여행 > 관광,명소 > 문화유적 > 문",37.5750159859724,126.993234990705,950.0,,http://place.map.kakao.com/8066059,서울 종로구 훈정동 1-2,candidate_unverified,서울대학교 연건캠퍼스 서문 | 서울대학교 서문
11137164,서울대학교 연건캠퍼스,0,1183593067,NPD현대계동사옥주차장 서문,"교통,수송 > 입출구",37.5782950752746,126.986924483996,1300.9,,http://place.map.kakao.com/1183593067,서울 종로구 계동 140-2,candidate_unverified,서울대학교 연건캠퍼스 서문 | 서울대학교 서문
11137164,서울대학교 연건캠퍼스,0,687079444,한성대학교 남문,"교통,수송 > 입출구",37.5811424451233,127.010811769121,831.8,,http://place.map.kakao.com/687079444,서울 성북구 삼선동2가 산 1-1,candidate_unverified,서울대학교 연건캠퍼스 남문 | 서울대학교 연건캠퍼스 출입구 | 서울대학교 남문 | 서울대학교 출입구 | 서울대학교 입구
11137164,서울대학교 연건캠퍼스,0,8508492,정전 남문,"여행 > 관광,명소 > 문화유적 > 문",37.5743672948719,126.993687857325,970.2,,http://place.map.kakao.com/8508492,서울 종로구 훈정동 1-2,candidate_unverified,서울대학교 연건캠퍼스 남문 | 서울대학교 남문
11137164,서울대학교 연건캠퍼스,0,2040519528,남산리더십센터 남문,"교통,수송 > 입출구",37.5592552852651,126.98737486939,2675.6,,http://place.map.kakao.com/2040519528,서울 중구 남산동3가 34-5,candidate_unverified,서울대학교 연건캠퍼스 남문 | 서울대학교 남문
11137164,서울대학교 연건캠퍼스,0,117042694,성균관대학교 인문사회과학캠퍼스 정문,"교통,수송 > 입출구",37.5850002309339,126.996838384994,633.5,,http://place.map.kakao.com/117042694,서울 종로구 명륜3가 53,candidate_unverified,서울대학교 연건캠퍼스 출입구 | 서울대학교 정문 | 서울대학교 출입구 | 서울대학교 입구
11137164,서울대학교 연건캠퍼스,0,972331115,창덕궁 후원 입구,"교통,수송 > 입출구",37.5795389611989,126.992958349553,753.0,,http://place.map.kakao.com/972331115,서울 종로구 와룡동 2-71,candidate_unverified,서울대학교 연건캠퍼스 출입구 | 서울대학교 출입구
11137164,서울대학교 연건캠퍼스,0,2009442075,서울대학교병원 후문,"교통,수송 > 입출구",37.5799644239191,127.001969861978,86.4,,http://place.map.kakao.com/2009442075,서울 종로구 연건동 28-21,candidate_unverified,서울대학교 연건캠퍼스 출입구 | 서울대학교 후문 | 서울대학교 출입구 | 서울대학교 입구
11137164,서울대학교 연건캠퍼스,0,26396794,서울대학교병원 정문,"교통,수송 > 입출구",37.5770596068084,126.997405317092,527.7,,http://place.map.kakao.com/26396794,서울 종로구 연건동 28-21,candidate_unverified,서울대학교 연건캠퍼스 출입구 | 서울대학교 정문 | 서울대학교 출입구 | 서울대학교 입구
11137164,서울대학교 연건캠퍼스,0,177870206,종오지하쇼핑센터 12번출구,"교통,수송 > 입출구",37.5709887308555,126.999409112333,1082.6,,http://place.map.kakao.com/177870206,서울 종로구 종로5가 82-1,candidate_unverified,서울대학교 연건캠퍼스 출입구 | 서울대학교 출입구
11137164,서울대학교 연건캠퍼스,0,18093191,낙산공원 주출입구,"교통,수송 > 입출구",37.5803282544374,127.00665227891,464.0,,http://place.map.kakao.com/18093191,서울 종로구 동숭동 50-127,candidate_unverified,서울대학교 연건캠퍼스 출입구 | 서울대학교 출입구
11137164,서울대학교 연건캠퍼스,0,900488651,광장시장 동문,"교통,수송 > 입출구",37.5703778448469,127.001729634064,1136.6,,http://place.map.kakao.com/900488651,서울 종로구 종로5가 194-1,candidate_unverified,서울대학교 연건캠퍼스 출입구 | 서울대학교 출입구
11137164,서울대학교 연건캠퍼스,0,18143729,낙산공원 출입구3,"교통,수송 > 입출구",37.5805227479092,127.008536132308,629.1,,http://place.map.kakao.com/18143729,서울 종로구 동숭동 50-112,candidate_unverified,서울대학교 연건캠퍼스 출입구 | 서울대학교 출입구
11137164,서울대학교 연건캠퍼스,0,18143728,낙산공원 출입구2,"교통,수송 > 입출구",37.5788686120996,127.007200079635,546.2,,http://place.map.kakao.com/18143728,서울 종로구 이화동 9-308,candidate_unverified,서울대학교 연건캠퍼스 출입구 | 서울대학교 출입구
11137164,서울대학교 연건캠퍼스,0,177748535,종오지하쇼핑센터 13번출구,"교통,수송 > 입출구",37.5710202671533,127.000059994367,1071.3,,http://place.map.kakao.com/177748535,서울 종로구 종로5가 82-1,candidate_unverified,서울대학교 연건캠퍼스 출입구 | 서울대학교 출입구
11137164,서울대학교 연건캠퍼스,0,27425368,서울효제초등학교 후문,"교통,수송 > 입출구",37.5732718145745,127.003047352795,827.3,,http://place.map.kakao.com/27425368,서울 종로구 효제동 255-4,candidate_unverified,서울대학교 연건캠퍼스 출입구 | 서울대학교 출입구
11137164,서울대학교 연건캠퍼스,0,18091355,낙산공원 출입구1,"교통,수송 > 입출구",37.5794957280832,127.006792584929,490.9,,http://place.map.kakao.com/18091355,서울 종로구 동숭동 50-132,candidate_unverified,서울대학교 연건캠퍼스 출입구 | 서울대학교 출입구
11137164,서울대학교 연건캠퍼스,0,27254919,광장시장 북2문,"교통,수송 > 입출구",37.5707238387684,127.000475425175,1100.7,,http://place.map.kakao.com/27254919,서울 종로구 종로4가 170-1,candidate_unverified,서울대학교 연건캠퍼스 출입구 | 서울대학교 출입구
11137164,서울대학교 연건캠퍼스,0,18093911,성균관대학교 후문,"교통,수송 > 입출구",37.5892983133587,126.990086054512,1389.2,,http://place.map.kakao.com/18093911,서울 종로구 명륜3가 산 2-14,candidate_unverified,서울대학교 연건캠퍼스 출입구 | 서울대학교 후문 | 서울대학교 출입구 | 서울대학교 입구
11137164,서울대학교 연건캠퍼스,0,1627522015,삼선푸르지오아파트 정문,"교통,수송 > 입출구",37.5843479206725,127.013344899129,1132.4,,http://place.map.kakao.com/1627522015,서울 성북구 삼선동2가 425,candidate_unverified,서울대학교 연건캠퍼스 출입구 | 서울대학교 출입구
11137164,서울대학교 연건캠퍼스,0,1825728644,창신동 쪽방촌입구,"교통,수송 > 입출구",37.570934162008,127.010980088474,1366.5,,http://place.map.kakao.com/1825728644,서울 종로구 창신동 447-2,candidate_unverified,서울대학교 연건캠퍼스 출입구 | 서울대학교 출입구
11137164,서울대학교 연건캠퍼스,0,391618469,광장시장 남1문,"교통,수송 > 입출구",37.5698012117878,127.001430785735,1200.3,,http://place.map.kakao.com/391618469,서울 종로구 종로5가 194-1,candidate_unverified,서울대학교 연건캠퍼스 출입구 | 서울대학교 출입구
11137164,서울대학교 연건캠퍼스,0,1429323459,원서공원앞 공영주차장 입구,"교통,수송 > 입출구",37.5783376414894,126.989084485094,1113.8,,http://place.map.kakao.com/1429323459,서울 종로구 원서동 181,candidate_unverified,서울대학교 연건캠퍼스 출입구 | 서울대학교 출입구
11137164,서울대학교 연건캠퍼스,0,740271303,현대계동사옥 공유주차장 입구,"교통,수송 > 입출구",37.5783890000368,126.98910485505,1110.8,,http://place.map.kakao.com/740271303,서울 종로구 원서동 181,candidate_unverified,서울대학교 연건캠퍼스 출입구 | 서울대학교 출입구
11137164,서울대학교 연건캠퍼스,0,257766416,광장시장 북문,"교통,수송 > 입출구",37.5706355397427,126.999241584545,1123.7,,http://place.map.kakao.com/257766416,서울 종로구 종로4가 157-2,candidate_unverified,서울대학교 연건캠퍼스 출입구 | 서울대학교 출입구
11137164,서울대학교 연건캠퍼스,0,18090722,보문사 출입구,"교통,수송 > 입출구",37.5844430223015,127.016534245742,1400.7,,http://place.map.kakao.com/18090722,서울 성북구 보문동3가 187-3,candidate_unverified,서울대학교 연건캠퍼스 출입구 | 서울대학교 출입구
11137164,서울대학교 연건캠퍼스,0,727066808,현대원서공원 주차장입구,"교통,수송 > 입출구",37.578364675178825,126.9891263681207,1109.5,,http://place.map.kakao.com/727066808,서울 종로구 원서동 181,candidate_unverified,서울대학교 연건캠퍼스 출입구 | 서울대학교 출입구
11137164,서울대학교 연건캠퍼스,0,1305579219,광장시장 남2문,"교통,수송 > 입출구",37.5696174168277,127.000362223347,1224.2,,http://place.map.kakao.com/1305579219,서울 종로구 예지동,candidate_unverified,서울대학교 연건캠퍼스 출입구 | 서울대학교 출입구
11137164,서울대학교 연건캠퍼스,0,24582630,마전교 진출입 계단 15번,"교통,수송 > 입출구",37.5696930756845,127.002445010062,1215.9,,http://place.map.kakao.com/24582630,서울 종로구 종로5가,candidate_unverified,서울대학교 연건캠퍼스 출입구 | 서울대학교 출입구
11137164,서울대학교 연건캠퍼스,0,457781282,경신고등학교 후문,"교통,수송 > 입출구",37.5913322557512,127.001791261831,1194.3,,http://place.map.kakao.com/457781282,서울 성북구 성북동 131-113,candidate_unverified,서울대학교 연건캠퍼스 출입구 | 서울대학교 출입구
11137164,서울대학교 연건캠퍼스,0,966544243,중부시장 1문,"교통,수송 > 입출구",37.5666261112491,127.000303349922,1556.4,,http://place.map.kakao.com/966544243,서울 중구 을지로5가 270-37,candidate_unverified,서울대학교 연건캠퍼스 출입구 | 서울대학교 출입구
11137164,서울대학교 연건캠퍼스,0,425186218,종로센트레빌아파트 정문,"교통,수송 > 입출구",37.5797236801173,127.016084890104,1297.9,,http://place.map.kakao.com/425186218,서울 종로구 숭인동 2-1,candidate_unverified,서울대학교 연건캠퍼스 출입구 | 서울대학교 출입구
11137164,서울대학교 연건캠퍼스,0,1597000245,e편한세상보문1단지아파트 출입구,"교통,수송 > 입출구",37.5820456119322,127.015555549951,1257.9,,http://place.map.kakao.com/1597000245,서울 성북구 보문동3가 230,candidate_unverified,서울대학교 연건캠퍼스 출입구 | 서울대학교 출입구
11137164,서울대학교 연건캠퍼스,0,177718565,종오지하쇼핑센터 14번출구,"교통,수송 > 입출구",37.5709707109614,127.000588623588,1072.7,,http://place.map.kakao.com/177718565,서울 종로구 종로5가 82-1,candidate_unverified,서울대학교 연건캠퍼스 출입구 | 서울대학교 출입구
11137164,서울대학교 연건캠퍼스,0,1146029540,보문파크뷰자이아파트 정문,"교통,수송 > 입출구",37.5806766804553,127.017833081235,1448.3,,http://place.map.kakao.com/1146029540,서울 성북구 보문동6가 194-3,candidate_unverified,서울대학교 연건캠퍼스 출입구 | 서울대학교 출입구
11137164,서울대학교 연건캠퍼스,0,12804270,성신여자대학교입구,"교통,수송 > 입출구",37.5913042778387,127.020969757591,2095.7,,http://place.map.kakao.com/12804270,서울 성북구 동선동3가,candidate_unverified,서울대학교 연건캠퍼스 출입구 | 서울대학교 출입구 | 서울대학교 입구
11137164,서울대학교 연건캠퍼스,0,24582632,전태일다리(버들다리) 진출입 경사로 17번,"교통,수송 > 입출구",37.569739739021,127.007104116997,1307.7,,http://place.map.kakao.com/24582632,서울 종로구 종로6가,candidate_unverified,서울대학교 연건캠퍼스 출입구 | 서울대학교 출입구
11137164,서울대학교 연건캠퍼스,0,792285301,광장시장 남3문,"교통,수송 > 입출구",37.5694228006309,126.999361583013,1255.3,,http://place.map.kakao.com/792285301,서울 종로구 예지동 262-1,candidate_unverified,서울대학교 연건캠퍼스 출입구 | 서울대학교 출입구
11137164,서울대학교 연건캠퍼스,0,24582622,삼일교 진출입 계단 7번,"교통,수송 > 입출구",37.5682075854278,126.987376754328,1850.5,,http://place.map.kakao.com/24582622,서울 종로구 관철동,candidate_unverified,서울대학교 연건캠퍼스 출입구 | 서울대학교 출입구
11137164,서울대학교 연건캠퍼스,0,1876556792,광장시장 북1문,"교통,수송 > 입출구",37.5706202227402,126.999228001142,1125.6,,http://place.map.kakao.com/1876556792,서울 종로구 종로4가 157-2,candidate_unverified,서울대학교 연건캠퍼스 출입구 | 서울대학교 출입구
11137164,서울대학교 연건캠퍼스,0,207501270,종오지하쇼핑센터 10번출구,"교통,수송 > 입출구",37.5707815030805,127.000285255325,1095.7,,http://place.map.kakao.com/207501270,서울 종로구 종로4가 160-2,candidate_unverified,서울대학교 연건캠퍼스 출입구 | 서울대학교 출입구
11137164,서울대학교 연건캠퍼스,0,24582635,전태일다리(버들다리) 진출입 계단 20번,"교통,수송 > 입출구",37.569646033308,127.007140330446,1318.6,,http://place.map.kakao.com/24582635,서울 중구 을지로6가,candidate_unverified,서울대학교 연건캠퍼스 출입구 | 서울대학교 출입구
11137164,서울대학교 연건캠퍼스,0,1198501183,종오지하쇼핑센터 11번출구,"교통,수송 > 입출구",37.5707274425982,126.99948835193,1110.2,,http://place.map.kakao.com/1198501183,서울 종로구 종로4가 160-2,candidate_unverified,서울대학교 연건캠퍼스 출입구 | 서울대학교 출입구
11137164,서울대학교 연건캠퍼스,0,1471031688,중부건어물시장 7문,"교통,수송 > 입출구",37.5655151644709,127.00212228603,1678.1,,http://place.map.kakao.com/1471031688,서울 중구 을지로5가 275-15,candidate_unverified,서울대학교 연건캠퍼스 출입구 | 서울대학교 출입구
11137164,서울대학교 연건캠퍼스,0,27271133,청와대 사랑채 입구,"교통,수송 > 입출구",37.5818877258424,126.97321371671741,2487.8,,http://place.map.kakao.com/27271133,서울 종로구 효자동 196,candidate_unverified,서울대학교 연건캠퍼스 출입구 | 서울대학교 출입구
11137164,서울대학교 연건캠퍼스,0,24582633,나래교 진출입 계단 18번,"교통,수송 > 입출구",37.5696029046329,127.004781347245,1258.2,,http://place.map.kakao.com/24582633,서울 중구 방산동,candidate_unverified,서울대학교 연건캠퍼스 출입구 | 서울대학교 출입구
11137164,서울대학교 연건캠퍼스,0,24582638,오간수교 진출입 계단 24번,"교통,수송 > 입출구",37.5697142723471,127.010336962123,1443.8,,http://place.map.kakao.com/24582638,서울 중구 신당동,candidate_unverified,서울대학교 연건캠퍼스 출입구 | 서울대학교 출입구
11137164,서울대학교 연건캠퍼스,0,24582629,배오개다리 진출입 계단 14번,"교통,수송 > 입출구",37.5688569636048,126.998211540409,1335.2,,http://place.map.kakao.com/24582629,서울 중구 주교동,candidate_unverified,서울대학교 연건캠퍼스 출입구 | 서울대학교 출입구
11137164,서울대학교 연건캠퍼스,0,27610515,동방문화대학원대학교 정문,"교통,수송 > 입출구",37.59687398733751,126.99183907625228,1996.4,,http://place.map.kakao.com/27610515,서울 성북구 성북동 292-1,candidate_unverified,서울대학교 정문 | 서울대학교 입구
11137164,서울대학교 연건캠퍼스,0,1747420471,동국대학교 서울캠퍼스 정문,"교통,수송 > 입출구",37.5565862667084,127.003021774672,2673.6,,http://place.map.kakao.com/1747420471,서울 중구 필동3가 26-1,candidate_unverified,서울대학교 정문 | 서울대학교 입구
11137164,서울대학교 연건캠퍼스,0,17569302,고려대학교 정경관후문,"교통,수송 > 입출구",37.5868333780378,127.030107690954,2623.2,,http://place.map.kakao.com/17569302,서울 성북구 안암동5가 1-2,candidate_unverified,서울대학교 후문 | 서울대학교 입구
11137164,서울대학교 연건캠퍼스,0,1732716971,동국대학교 서울캠퍼스 후문,"교통,수송 > 입출구",37.56071287063473,126.99936392096474,2218.2,,http://place.map.kakao.com/1732716971,서울 중구 필동3가 26-1,candidate_unverified,서울대학교 후문 | 서울대학교 입구
11137164,서울대학교 연건캠퍼스,0,1358559046,홍익대학교사범대학 부속고등학교 후문,"교통,수송 > 입출구",37.5950289781094,127.003791050107,1618.7,,http://place.map.kakao.com/1358559046,서울 성북구 성북동 151,candidate_unverified,서울대학교 후문 | 서울대학교 입구
11137164,서울대학교 연건캠퍼스,0,26396925,성신여자대학교 돈암수정캠퍼스 후문,"교통,수송 > 입출구",37.58972730081695,127.02228272795851,2101.8,,http://place.map.kakao.com/26396925,서울 성북구 동선동2가 320,candidate_unverified,서울대학교 후문 | 서울대학교 입구
11137164,서울대학교 연건캠퍼스,0,1045105981,고려대학교 의과대학 후문,"교통,수송 > 입출구",37.5880714049665,127.026055948019,2326.3,,http://place.map.kakao.com/1045105981,서울 성북구 안암동5가 126-1,candidate_unverified,서울대학교 후문 | 서울대학교 입구
11137164,서울대학교 연건캠퍼스,0,27610514,동방문화대학원대학교 후문,"교통,수송 > 입출구",37.59675502206242,126.99135557198605,2002.9,,http://place.map.kakao.com/27610514,서울 성북구 성북동 292-1,candidate_unverified,서울대학교 후문 | 서울대학교 입구
11137164,서울대학교 연건캠퍼스,0,12810655,고려대학교 서울캠퍼스 후문,"교통,수송 > 입출구",37.5909234976879,127.031585819286,2897.3,,http://place.map.kakao.com/12810655,서울 성북구 안암동5가 1-6,candidate_unverified,서울대학교 후문 | 서울대학교 입구
11137164,서울대학교 연건캠퍼스,0,1148185088,성신여자대학교 돈암수정캠퍼스 중문,"교통,수송 > 입출구",37.590898620551144,127.02212455934625,2155.9,,http://place.map.kakao.com/1148185088,서울 성북구 동선동2가 365-1,candidate_unverified,서울대학교 중문 | 서울대학교 입구
11137164,서울대학교 연건캠퍼스,0,27383109,고려대학교안암병원 응급의료센터 입구,"교통,수송 > 입출구",37.5864668520415,127.025528914306,2224.3,,http://place.map.kakao.com/27383109,서울 성북구 안암동5가 126-1,candidate_unverified,서울대학교 입구
11137164,서울대학교 연건캠퍼스,0,2015502956,동국대학교 서울캠퍼스 혜화문,"교통,수송 > 입출구",37.558491876337975,127.00301053382917,2462.0,,http://place.map.kakao.com/2015502956,서울 중구 필동3가 26-1,candidate_unverified,서울대학교 입구
11137164,서울대학교 연건캠퍼스,0,1134605619,신한 서울대학교병원 ATM 입구,"금융,보험 > 금융서비스 > 은행 > ATM",37.57905713730707,126.99929244321993,252.4,,http://place.map.kakao.com/1134605619,서울 종로구 연건동 28-21,candidate_unverified,서울대학교 입구
11137164,서울대학교 연건캠퍼스,0,1814022853,신한 동국대학교 ATM 입구,"금융,보험 > 금융서비스 > 은행 > ATM",37.55897304018692,126.99871429006693,2416.0,,http://place.map.kakao.com/1814022853,서울 중구 필동3가 26-1,candidate_unverified,서울대학교 입구
1555825433,서울예술대학교 남산캠퍼스,0,7940957,서문,"여행 > 관광,명소 > 문화유적 > 문",37.5709791010621,126.987887936369,1338.1,,http://place.map.kakao.com/7940957,서울 종로구 종로2가 38-4,candidate_unverified,서울예술대학교 남산캠퍼스 서문
1555825433,서울예술대학교 남산캠퍼스,0,897141236,서문,"여행 > 관광,명소 > 문화유적 > 사당,제단",37.57566024891,126.96687652701,2653.0,,http://place.map.kakao.com/897141236,서울 종로구 사직동 1-28,candidate_unverified,서울예술대학교 남산캠퍼스 서문
1555825433,서울예술대학교 남산캠퍼스,0,942123983,광장시장 서문,"교통,수송 > 입출구",37.570161603164,126.998089257945,1512.9,,http://place.map.kakao.com/942123983,서울 종로구 예지동 293-1,candidate_unverified,서울예술대학교 남산캠퍼스 서문 | 서울예술대학교 남산캠퍼스 출입구
1555825433,서울예술대학교 남산캠퍼스,0,1436482704,이화여자고등학교 서문,"교통,수송 > 입출구",37.5646866837945,126.968930077008,1827.8,,http://place.map.kakao.com/1436482704,서울 중구 순화동 1-1,candidate_unverified,서울예술대학교 남산캠퍼스 서문
1555825433,서울예술대학교 남산캠퍼스,0,8066059,정전 서문,"여행 > 관광,명소 > 문화유적 > 문",37.5750159859724,126.993234990705,1837.2,,http://place.map.kakao.com/8066059,서울 종로구 훈정동 1-2,candidate_unverified,서울예술대학교 남산캠퍼스 서문
1555825433,서울예술대학교 남산캠퍼스,0,1183593067,NPD현대계동사옥주차장 서문,"교통,수송 > 입출구",37.5782950752746,126.986924483996,2154.7,,http://place.map.kakao.com/1183593067,서울 종로구 계동 140-2,candidate_unverified,서울예술대학교 남산캠퍼스 서문
1555825433,서울예술대학교 남산캠퍼스,0,17933692,종묘 서문,"여행 > 관광,명소 > 문화유적 > 문",37.5759781895547,126.992279458327,1924.6,,http://place.map.kakao.com/17933692,서울 종로구 훈정동 1-2,candidate_unverified,서울예술대학교 남산캠퍼스 서문
1555825433,서울예술대학교 남산캠퍼스,0,11101684,영령전 서문,"여행 > 관광,명소 > 문화유적 > 문",37.5759781895547,126.992279458327,1924.6,,http://place.map.kakao.com/11101684,서울 종로구 훈정동 1-2,candidate_unverified,서울예술대학교 남산캠퍼스 서문
1555825433,서울예술대학교 남산캠퍼스,0,1052898871,종근당빌딩 서문,"교통,수송 > 입출구",37.55982408696,126.962965248078,2240.8,,http://place.map.kakao.com/1052898871,서울 서대문구 충정로3가 368,candidate_unverified,서울예술대학교 남산캠퍼스 서문
1555825433,서울예술대학교 남산캠퍼스,0,16984282,남문 이용원,"가정,생활 > 이발소",37.5579229001817,126.972561343436,1397.6,,http://place.map.kakao.com/16984282,서울 중구 남대문로5가 63-4,candidate_unverified,서울예술대학교 남산캠퍼스 남문
1555825433,서울예술대학교 남산캠퍼스,0,2040519528,남산리더십센터 남문,"교통,수송 > 입출구",37.5592552852651,126.98737486939,93.4,,http://place.map.kakao.com/2040519528,서울 중구 남산동3가 34-5,candidate_unverified,서울예술대학교 남산캠퍼스 남문 | 서울예술대학교 남산캠퍼스 출입구
1555825433,서울예술대학교 남산캠퍼스,0,8508492,정전 남문,"여행 > 관광,명소 > 문화유적 > 문",37.5743672948719,126.993687857325,1777.3,,http://place.map.kakao.com/8508492,서울 종로구 훈정동 1-2,candidate_unverified,서울예술대학교 남산캠퍼스 남문
1555825433,서울예술대학교 남산캠퍼스,0,18617868,명동입구,"교통,수송 > 입출구",37.5633884936779,126.982890899437,690.0,,http://place.map.kakao.com/18617868,서울 중구 명동2가,candidate_unverified,서울예술대학교 남산캠퍼스 출입구
1555825433,서울예술대학교 남산캠퍼스,0,398782212,눈스퀘어 주차장입구,"교통,수송 > 입출구",37.5633307627586,126.9824336441,714.4,,http://place.map.kakao.com/398782212,서울 중구 명동2가 83-5,candidate_unverified,서울예술대학교 남산캠퍼스 출입구
1555825433,서울예술대학교 남산캠퍼스,0,72546964,천주교서울대교구 주교좌 명동대성당 입구,"교통,수송 > 입출구",37.5642737528582,126.986613407841,611.6,,http://place.map.kakao.com/72546964,서울 중구 명동2가 1-17,candidate_unverified,서울예술대학교 남산캠퍼스 출입구
1555825433,서울예술대학교 남산캠퍼스,0,861787992,명동성당 가톨릭회관 후문,"교통,수송 > 입출구",37.5641430857663,126.986415354827,602.3,,http://place.map.kakao.com/861787992,서울 중구 명동2가 1-17,candidate_unverified,서울예술대학교 남산캠퍼스 출입구
1555825433,서울예술대학교 남산캠퍼스,0,24582622,삼일교 진출입 계단 7번,"교통,수송 > 입출구",37.5682075854278,126.987376754328,1033.0,,http://place.map.kakao.com/24582622,서울 종로구 관철동,candidate_unverified,서울예술대학교 남산캠퍼스 출입구
1555825433,서울예술대학교 남산캠퍼스,0,26985073,남대문시장 6번게이트,"교통,수송 > 입출구",37.558717858962936,126.97822449419233,894.1,,http://place.map.kakao.com/26985073,서울 중구 남창동 64-1,candidate_unverified,서울예술대학교 남산캠퍼스 출입구
1555825433,서울예술대학교 남산캠퍼스,0,1989309214,남산하늘숲길 입구,"교통,수송 > 입출구",37.5523278045985,126.982572029257,896.1,,http://place.map.kakao.com/1989309214,서울 용산구 후암동 30-84,candidate_unverified,서울예술대학교 남산캠퍼스 출입구
1555825433,서울예술대학교 남산캠퍼스,0,2134789290,남산리더십센터 동문,"교통,수송 > 입출구",37.5595905239504,126.988025595667,77.1,,http://place.map.kakao.com/2134789290,서울 중구 남산동3가 34-5,candidate_unverified,서울예술대학교 남산캠퍼스 출입구
1555825433,서울예술대학교 남산캠퍼스,0,1375070350,남산공원 1번입구,"교통,수송 > 입출구",37.5522872184416,126.98229477569,913.9,,http://place.map.kakao.com/1375070350,서울 용산구 후암동 30-84,candidate_unverified,서울예술대학교 남산캠퍼스 출입구
1555825433,서울예술대학교 남산캠퍼스,0,18143503,안중근의사기념관 출입구1,"교통,수송 > 입출구",37.5546522540074,126.981743067785,754.3,,http://place.map.kakao.com/18143503,서울 중구 회현동1가 147-32,candidate_unverified,서울예술대학교 남산캠퍼스 출입구
1555825433,서울예술대학교 남산캠퍼스,0,1732716971,동국대학교 서울캠퍼스 후문,"교통,수송 > 입출구",37.56071287063473,126.99936392096474,989.3,,http://place.map.kakao.com/1732716971,서울 중구 필동3가 26-1,candidate_unverified,서울예술대학교 남산캠퍼스 출입구
1555825433,서울예술대학교 남산캠퍼스,0,897362656,서울역KTX 고객주차장 입출구,"교통,수송 > 입출구",37.5532441051647,126.969251704,1800.2,,http://place.map.kakao.com/897362656,서울 용산구 동자동 43-205,candidate_unverified,서울예술대학교 남산캠퍼스 출입구
1555825433,서울예술대학교 남산캠퍼스,0,24582623,장통교 진출입 계단 8번,"교통,수송 > 입출구",37.5682434489874,126.985823744215,1057.3,,http://place.map.kakao.com/24582623,서울 중구 삼각동,candidate_unverified,서울예술대학교 남산캠퍼스 출입구
1555825433,서울예술대학교 남산캠퍼스,0,1086812147,영락교회 지하주차장 입구,"교통,수송 > 입출구",37.5638432599419,126.988341835977,544.0,,http://place.map.kakao.com/1086812147,서울 중구 저동1가 6,candidate_unverified,서울예술대학교 남산캠퍼스 출입구
1555825433,서울예술대학교 남산캠퍼스,0,24582621,광교 진출입 계단 6번,"교통,수송 > 입출구",37.5687548570305,126.983107003547,1184.5,,http://place.map.kakao.com/24582621,서울 중구 남대문로1가,candidate_unverified,서울예술대학교 남산캠퍼스 출입구
1555825433,서울예술대학교 남산캠퍼스,0,744959050,르메르디앙 서울명동 지하주차장 입구,"교통,수송 > 입출구",37.5618963847265,126.982490572436,612.5,,http://place.map.kakao.com/744959050,서울 중구 충무로1가 21-17,candidate_unverified,서울예술대학교 남산캠퍼스 출입구
1555825433,서울예술대학교 남산캠퍼스,0,24582618,광통교 진출입 계단 3번,"교통,수송 > 입출구",37.5690501205507,126.981359222493,1281.5,,http://place.map.kakao.com/24582618,서울 종로구 서린동,candidate_unverified,서울예술대학교 남산캠퍼스 출입구
1555825433,서울예술대학교 남산캠퍼스,0,135697378,남대문시장 게이트3,"교통,수송 > 입출구",37.56093160629,126.978212531763,921.4,,http://place.map.kakao.com/135697378,서울 중구 남대문로3가 30-13,candidate_unverified,서울예술대학교 남산캠퍼스 출입구
1555825433,서울예술대학교 남산캠퍼스,0,24582617,청계광장 진출입 경사로2번,"교통,수송 > 입출구",37.5691288374739,126.978040353196,1452.1,,http://place.map.kakao.com/24582617,서울 중구 무교동,candidate_unverified,서울예술대학교 남산캠퍼스 출입구
1555825433,서울예술대학교 남산캠퍼스,0,26131902,서울역 서부출입구,"교통,수송 > 입출구",37.553705509211525,126.96961139732429,1752.8,,http://place.map.kakao.com/26131902,서울 용산구 동자동 43-205,candidate_unverified,서울예술대학교 남산캠퍼스 출입구
1555825433,서울예술대학교 남산캠퍼스,0,464705988,SK리더스뷰남산아파트 정문,"교통,수송 > 입출구",37.5591327772663,126.980878419377,660.1,,http://place.map.kakao.com/464705988,서울 중구 회현동1가 206,candidate_unverified,서울예술대학교 남산캠퍼스 출입구
1555825433,서울예술대학교 남산캠퍼스,0,1750160498,영락교회 정문,"교통,수송 > 입출구",37.5642848976288,126.98996939228,609.8,,http://place.map.kakao.com/1750160498,서울 중구 저동2가 69,candidate_unverified,서울예술대학교 남산캠퍼스 출입구
1555825433,서울예술대학교 남산캠퍼스,0,24582625,수표교 진출입 계단 10번,"교통,수송 > 입출구",37.5681069489297,126.990283554953,1032.1,,http://place.map.kakao.com/24582625,서울 중구 수표동,candidate_unverified,서울예술대학교 남산캠퍼스 출입구
1555825433,서울예술대학교 남산캠퍼스,0,1084625862,국립극장 해오름극장 출연자출입구,"교통,수송 > 입출구",37.5531850382763,126.999603905218,1180.2,,http://place.map.kakao.com/1084625862,서울 중구 장충동2가 산 14-67,candidate_unverified,서울예술대학교 남산캠퍼스 출입구
1555825433,서울예술대학교 남산캠퍼스,0,966544243,중부시장 1문,"교통,수송 > 입출구",37.5666261112491,127.000303349922,1355.0,,http://place.map.kakao.com/966544243,서울 중구 을지로5가 270-37,candidate_unverified,서울예술대학교 남산캠퍼스 출입구
1555825433,서울예술대학교 남산캠퍼스,0,223372481,남산공원 입구,"교통,수송 > 입출구",37.5507883780697,126.998837781955,1294.8,,http://place.map.kakao.com/223372481,서울 중구 장충동2가 산 14-21,candidate_unverified,서울예술대학교 남산캠퍼스 출입구
1555825433,서울예술대학교 남산캠퍼스,0,18096102,안중근의사기념관 출입구2,"교통,수송 > 입출구",37.5523780908817,126.98145843738,951.1,,http://place.map.kakao.com/18096102,서울 용산구 후암동 30-84,candidate_unverified,서울예술대학교 남산캠퍼스 출입구
1555825433,서울예술대학교 남산캠퍼스,0,18093167,백범광장 주차장출입구,"교통,수송 > 입출구",37.5549692470028,126.980747071271,804.2,,http://place.map.kakao.com/18093167,서울 중구 회현동1가 100-115,candidate_unverified,서울예술대학교 남산캠퍼스 출입구
1555825433,서울예술대학교 남산캠퍼스,0,1471031688,중부건어물시장 7문,"교통,수송 > 입출구",37.5655151644709,127.00212228603,1415.5,,http://place.map.kakao.com/1471031688,서울 중구 을지로5가 275-15,candidate_unverified,서울예술대학교 남산캠퍼스 출입구
1555825433,서울예술대학교 남산캠퍼스,0,1357417594,영락유치원 입구,"교통,수송 > 입출구",37.5638613129101,126.98868139142,546.7,,http://place.map.kakao.com/1357417594,서울 중구 저동2가 69,candidate_unverified,서울예술대학교 남산캠퍼스 출입구
1555825433,서울예술대학교 남산캠퍼스,0,2100074496,남대문시장 1번게이트,"교통,수송 > 입출구",37.5599937766433,126.97598281472,1097.4,,http://place.map.kakao.com/2100074496,서울 중구 남대문로4가 24,candidate_unverified,서울예술대학교 남산캠퍼스 출입구
1555825433,서울예술대학교 남산캠퍼스,0,1747420471,동국대학교 서울캠퍼스 정문,"교통,수송 > 입출구",37.5565862667084,127.003021774672,1318.6,,http://place.map.kakao.com/1747420471,서울 중구 필동3가 26-1,candidate_unverified,서울예술대학교 남산캠퍼스 출입구
1555825433,서울예술대학교 남산캠퍼스,0,1003368506,SK리더스뷰남산아파트 입구,"교통,수송 > 입출구",37.5592472212587,126.98098591028,651.1,,http://place.map.kakao.com/1003368506,서울 중구 회현동1가 206,candidate_unverified,서울예술대학교 남산캠퍼스 출입구
1555825433,서울예술대학교 남산캠퍼스,0,907172688,더그랜드롯데 서울 정문,"교통,수송 > 입출구",37.56552260173246,126.980613056773,1000.3,,http://place.map.kakao.com/907172688,서울 중구 소공동 1,candidate_unverified,서울예술대학교 남산캠퍼스 출입구
1555825433,서울예술대학교 남산캠퍼스,0,1634961301,미래에셋센터원빌딩 주차장입구,"교통,수송 > 입출구",37.5674063906119,126.98554884763,972.4,,http://place.map.kakao.com/1634961301,서울 중구 수하동 67,candidate_unverified,서울예술대학교 남산캠퍼스 출입구
1555825433,서울예술대학교 남산캠퍼스,0,24582627,관수교 진출입 계단 12번,"교통,수송 > 입출구",37.5682945282997,126.992669634675,1106.1,,http://place.map.kakao.com/24582627,서울 중구 입정동,candidate_unverified,서울예술대학교 남산캠퍼스 출입구
1555825433,서울예술대학교 남산캠퍼스,0,18143508,안중근의사기념관 출입구3,"교통,수송 > 입출구",37.5545763689024,126.980484613211,847.9,,http://place.map.kakao.com/18143508,서울 중구 회현동1가 100-236,candidate_unverified,서울예술대학교 남산캠퍼스 출입구
1555825433,서울예술대학교 남산캠퍼스,0,18071387,중구청 출입구,"교통,수송 > 입출구",37.5634041371514,126.998306746501,1006.7,,http://place.map.kakao.com/18071387,서울 중구 충무로4가 60-2,candidate_unverified,서울예술대학교 남산캠퍼스 출입구
1555825433,서울예술대학교 남산캠퍼스,0,24582620,장통교 진출입 계단 5번,"교통,수송 > 입출구",37.5686649641772,126.984619287048,1129.4,,http://place.map.kakao.com/24582620,서울 종로구 관철동,candidate_unverified,서울예술대학교 남산캠퍼스 출입구
1555825433,서울예술대학교 남산캠퍼스,0,154149261,나이스파크 시청역시티스퀘어 주차장입구,"교통,수송 > 입출구",37.56295288370011,126.97536874325,1228.8,,http://place.map.kakao.com/154149261,서울 중구 서소문동 143,candidate_unverified,서울예술대학교 남산캠퍼스 출입구
1555825433,서울예술대학교 남산캠퍼스,0,24582619,모전교 진출입 계단 4번,"교통,수송 > 입출구",37.5689922605279,126.980154854369,1330.5,,http://place.map.kakao.com/24582619,서울 중구 다동,candidate_unverified,서울예술대학교 남산캠퍼스 출입구
1555825433,서울예술대학교 남산캠퍼스,0,177870206,종오지하쇼핑센터 12번출구,"교통,수송 > 입출구",37.5709887308555,126.999409112333,1655.2,,http://place.map.kakao.com/177870206,서울 종로구 종로5가 82-1,candidate_unverified,서울예술대학교 남산캠퍼스 출입구
1555825433,서울예술대학교 남산캠퍼스,0,24582616,청계광장 진출입 계단 1번,"교통,수송 > 입출구",37.5692262620098,126.978678739891,1426.2,,http://place.map.kakao.com/24582616,서울 종로구 서린동,candidate_unverified,서울예술대학교 남산캠퍼스 출입구
8139895,서울한영대학교,0,1523522756,구로중앙유통단지 남문,"교통,수송 > 입출구",37.4993885425505,126.873304495463,1947.1,,http://place.map.kakao.com/1523522756,서울 구로구 구로동 1258,candidate_unverified,서울한영대학교 남문
8139895,서울한영대학교,0,1917461434,목동힐스테이트아파트 남문,"교통,수송 > 입출구",37.5196142609088,126.85525155905,2587.5,,http://place.map.kakao.com/1917461434,서울 양천구 신정동 1323,candidate_unverified,서울한영대학교 남문
8139895,서울한영대학교,0,2072643351,코스트코 고척점 주차장입구,"교통,수송 > 입출구",37.4971149779842,126.860995620945,837.6,,http://place.map.kakao.com/2072643351,서울 구로구 고척동 100-7,candidate_unverified,서울한영대학교 출입구
8139895,서울한영대학교,0,222169700,삼환로즈빌아파트 정문,"교통,수송 > 입출구",37.4975282665117,126.858488873443,623.9,,http://place.map.kakao.com/222169700,서울 구로구 고척동 336,candidate_unverified,서울한영대학교 출입구
8139895,서울한영대학교,0,766932581,동부골든아파트 정문,"교통,수송 > 입출구",37.4989116021699,126.840340182141,1021.9,,http://place.map.kakao.com/766932581,서울 구로구 오류동 338,candidate_unverified,서울한영대학교 출입구
8139895,서울한영대학교,0,1395915753,고척공구상가 정문,"교통,수송 > 입출구",37.4990031388033,126.86146709072,918.8,,http://place.map.kakao.com/1395915753,서울 구로구 고척동 103-4,candidate_unverified,서울한영대학교 출입구
8139895,서울한영대학교,0,385170282,트리우스광명아파트2단지 2번게이트,"교통,수송 > 입출구",37.4866992305222,126.860901852549,1370.9,,http://place.map.kakao.com/385170282,경기 광명시 광명동 12-2,candidate_unverified,서울한영대학교 출입구
8139895,서울한영대학교,0,1329307425,고척아이파크아파트(MD) GATE5,"교통,수송 > 입출구",37.4984903432447,126.858324212315,637.8,,http://place.map.kakao.com/1329307425,서울 구로구 고척동 351,candidate_unverified,서울한영대학교 출입구
8139895,서울한영대학교,0,2087738896,고척아이파크아파트(MD) 정문,"교통,수송 > 입출구",37.498222826331435,126.86066561556461,827.6,,http://place.map.kakao.com/2087738896,서울 구로구 고척동 351,candidate_unverified,서울한영대학교 출입구
8139895,서울한영대학교,0,114215626,아이파크몰 고척점 주차장입구,"교통,수송 > 입출구",37.4989423169132,126.85955601691721,757.1,,http://place.map.kakao.com/114215626,서울 구로구 고척동 100-7,candidate_unverified,서울한영대학교 출입구
8139895,서울한영대학교,0,1912508065,개웅산 입구,"교통,수송 > 입출구",37.4898457887941,126.8507623067,746.6,,http://place.map.kakao.com/1912508065,서울 구로구 개봉동 375-21,candidate_unverified,서울한영대학교 출입구
8139895,서울한영대학교,0,714426544,오류동행복주택아파트 상가주차장 입구,"교통,수송 > 입출구",37.4961522944151,126.847517825466,356.4,,http://place.map.kakao.com/714426544,서울 구로구 오류동 64-28,candidate_unverified,서울한영대학교 출입구
8139895,서울한영대학교,0,1782142738,고척아이파크아파트(RD) 정문,"교통,수송 > 입출구",37.5011727809862,126.859956706185,905.0,,http://place.map.kakao.com/1782142738,서울 구로구 고척동 350,candidate_unverified,서울한영대학교 출입구
8139895,서울한영대학교,0,391658755,트리우스광명아파트1단지 1번게이트,"교통,수송 > 입출구",37.4867527575058,126.860449475058,1342.3,,http://place.map.kakao.com/391658755,경기 광명시 광명동 12-2,candidate_unverified,서울한영대학교 출입구
8139895,서울한영대학교,0,1206838206,광명자이더샵포레나아파트 2단지후문,"교통,수송 > 입출구",37.4909167460009,126.865484911206,1380.5,,http://place.map.kakao.com/1206838206,경기 광명시 광명동 9-8,candidate_unverified,서울한영대학교 출입구
8139895,서울한영대학교,0,1524997608,현대1단지아파트 후문,"교통,수송 > 입출구",37.492098277552806,126.86031853732645,918.9,,http://place.map.kakao.com/1524997608,서울 구로구 개봉동 481,candidate_unverified,서울한영대학교 출입구
8139895,서울한영대학교,0,687445207,고척아이파크아파트 주차장입구,"교통,수송 > 입출구",37.4981822331468,126.860624979741,823.1,,http://place.map.kakao.com/687445207,서울 구로구 고척동 100-7,candidate_unverified,서울한영대학교 출입구
8139895,서울한영대학교,0,1524728624,현대1단지아파트 정문,"교통,수송 > 입출구",37.4923069833848,126.856289181986,630.1,,http://place.map.kakao.com/1524728624,서울 구로구 개봉동 481,candidate_unverified,서울한영대학교 출입구
8139895,서울한영대학교,0,1664316378,고척아이파크아파트(MD) GATE3,"교통,수송 > 입출구",37.49769963365023,126.86091311527686,838.0,,http://place.map.kakao.com/1664316378,서울 구로구 고척동 351,candidate_unverified,서울한영대학교 출입구
8139895,서울한영대학교,0,252934804,삼환로즈빌 후문,"교통,수송 > 입출구",37.4982465241383,126.857121428484,528.9,,http://place.map.kakao.com/252934804,서울 구로구 고척동 336,candidate_unverified,서울한영대학교 출입구
8139895,서울한영대학교,0,2025158837,광명자이더샵포레나아파트 2단지 게이트1,"교통,수송 > 입출구",37.489707982278,126.863466446044,1298.1,,http://place.map.kakao.com/2025158837,경기 광명시 광명동 9-8,candidate_unverified,서울한영대학교 출입구
8139895,서울한영대학교,0,755918325,능곡어린이집 정문,"교통,수송 > 입출구",37.5026124587797,126.854629576676,729.3,,http://place.map.kakao.com/755918325,서울 구로구 고척동 304,candidate_unverified,서울한영대학교 출입구
8139895,서울한영대학교,0,1791125343,평화교회 후문,"교통,수송 > 입출구",37.5030011719767,126.853478656515,739.6,,http://place.map.kakao.com/1791125343,서울 구로구 고척동 162-32,candidate_unverified,서울한영대학교 출입구
8139895,서울한영대학교,0,844597650,영풍마드레빌아파트 정문,"교통,수송 > 입출구",37.4918163032957,126.839102391193,1215.3,,http://place.map.kakao.com/844597650,서울 구로구 오류동 342,candidate_unverified,서울한영대학교 출입구
8139895,서울한영대학교,0,487622046,서울덕의초등학교 후문,"교통,수송 > 입출구",37.5063018143014,126.855889132189,1152.4,,http://place.map.kakao.com/487622046,서울 구로구 고척동 217,candidate_unverified,서울한영대학교 출입구 | 서울한영대학교 입구
8139895,서울한영대학교,0,333258023,벽산베스트블루밍아파트 정문,"교통,수송 > 입출구",37.5051027035745,126.859736742862,1196.8,,http://place.map.kakao.com/333258023,서울 구로구 고척동 342,candidate_unverified,서울한영대학교 출입구
8139895,서울한영대학교,0,18224474,고척근린소공원 출입구1,"교통,수송 > 입출구",37.5034742710331,126.85209005922,773.5,,http://place.map.kakao.com/18224474,서울 구로구 고척동 264-31,candidate_unverified,서울한영대학교 출입구
8139895,서울한영대학교,0,392649611,상우아파트 정문,"교통,수송 > 입출구",37.4938508195626,126.860389906509,836.6,,http://place.map.kakao.com/392649611,서울 구로구 개봉동 473,candidate_unverified,서울한영대학교 출입구
8139895,서울한영대학교,0,2084807702,고척파크푸르지오아파트 후문,"교통,수송 > 입출구",37.5067657976317,126.858845798352,1308.2,,http://place.map.kakao.com/2084807702,서울 구로구 고척동 339,candidate_unverified,서울한영대학교 출입구
8139895,서울한영대학교,0,18224475,고척근린소공원 출입구2,"교통,수송 > 입출구",37.503738301671,126.852840490224,809.6,,http://place.map.kakao.com/18224475,서울 구로구 고척동 164-129,candidate_unverified,서울한영대학교 출입구
8139895,서울한영대학교,0,1039387222,광명센트럴아이파크아파트 게이트B,"교통,수송 > 입출구",37.484405869385,126.858376817476,1477.5,,http://place.map.kakao.com/1039387222,경기 광명시 광명동 88-14,candidate_unverified,서울한영대학교 출입구
8139895,서울한영대학교,0,874213891,트리우스광명2단지아파트 GATE6,"교통,수송 > 입출구",37.4850293082892,126.861366261834,1545.7,,http://place.map.kakao.com/874213891,경기 광명시 광명동 12-2,candidate_unverified,서울한영대학교 출입구
8139895,서울한영대학교,0,757534637,동아한신아파트 정문,"교통,수송 > 입출구",37.5005028161107,126.864928275883,1261.8,,http://place.map.kakao.com/757534637,서울 구로구 고척동 327,candidate_unverified,서울한영대학교 출입구
8139895,서울한영대학교,0,939573400,광명자이더샵포레나아파트1단지 게이트2,"교통,수송 > 입출구",37.487100433952,126.865005552885,1585.4,,http://place.map.kakao.com/939573400,경기 광명시 광명동 9-8,candidate_unverified,서울한영대학교 출입구
8139895,서울한영대학교,0,24586373,목감천광명계단 진출입로1,"교통,수송 > 입출구",37.4904185102199,126.862373978164,1173.7,,http://place.map.kakao.com/24586373,경기 광명시 광명동 12-65,candidate_unverified,서울한영대학교 출입구
8139895,서울한영대학교,0,803599547,서울고원초등학교 정문,"교통,수송 > 입출구",37.4972296050419,126.865052911159,1195.6,,http://place.map.kakao.com/803599547,서울 구로구 고척동 66-26,candidate_unverified,서울한영대학교 출입구 | 서울한영대학교 입구
8139895,서울한영대학교,0,44250009,광명롯데낙천대아파트 정문,"교통,수송 > 입출구",37.4919692041395,126.867953765695,1535.3,,http://place.map.kakao.com/44250009,경기 광명시 철산동 453,candidate_unverified,서울한영대학교 출입구
8139895,서울한영대학교,0,192042472,목동2차우성아파트 정문,"교통,수송 > 입출구",37.5067927522852,126.865736917329,1694.9,,http://place.map.kakao.com/192042472,서울 양천구 신정동 337-2,candidate_unverified,서울한영대학교 출입구
8139895,서울한영대학교,0,27233961,고척스카이돔 본루출입구,"교통,수송 > 입출구",37.4992976384895,126.867641177642,1454.3,,http://place.map.kakao.com/27233961,서울 구로구 고척동 63-6,candidate_unverified,서울한영대학교 출입구
8139895,서울한영대학교,0,27233796,고척스카이돔 3루출입구,"교통,수송 > 입출구",37.4989016976948,126.868089704528,1484.5,,http://place.map.kakao.com/27233796,서울 구로구 고척동 66-2,candidate_unverified,서울한영대학교 출입구
8139895,서울한영대학교,0,563618395,트리우스광명아파트 GATE5,"교통,수송 > 입출구",37.4846895533175,126.858265476871,1444.7,,http://place.map.kakao.com/563618395,경기 광명시 광명동 12-2,candidate_unverified,서울한영대학교 출입구
8139895,서울한영대학교,0,18071143,고척근린공원 출입구2,"교통,수송 > 입출구",37.5066863249864,126.852789463689,1134.5,,http://place.map.kakao.com/18071143,서울 구로구 고척동 239-1,candidate_unverified,서울한영대학교 출입구
8139895,서울한영대학교,0,58540450,광명자이더샵포레나3단지 입구,"교통,수송 > 입출구",37.4910341467821,126.865722160317,1393.4,,http://place.map.kakao.com/58540450,경기 광명시 광명동 9-8,candidate_unverified,서울한영대학교 출입구
8139895,서울한영대학교,0,27233965,고척스카이돔 외야출입구,"교통,수송 > 입출구",37.4974442899004,126.866857372395,1356.0,,http://place.map.kakao.com/27233965,서울 구로구 고척동 66-47,candidate_unverified,서울한영대학교 출입구
8139895,서울한영대학교,0,24587680,목감천개봉계단경사로 진출입로2,"교통,수송 > 입출구",37.4880795199664,126.859334382871,1165.2,,http://place.map.kakao.com/24587680,서울 구로구 개봉동 372-4,candidate_unverified,서울한영대학교 출입구
8139895,서울한영대학교,0,285539874,트리우스광명아파트 GATE4,"교통,수송 > 입출구",37.4857893612613,126.861027914417,1459.2,,http://place.map.kakao.com/285539874,경기 광명시 광명동 12-2,candidate_unverified,서울한영대학교 출입구
8139895,서울한영대학교,0,18131527,동양미래대학교 정문,"교통,수송 > 입출구",37.4998283684292,126.868481625127,1539.8,,http://place.map.kakao.com/18131527,서울 구로구 고척동 62-228,candidate_unverified,서울한영대학교 출입구
8139895,서울한영대학교,0,369374909,백암고등학교 정문,"교통,수송 > 입출구",37.5108512059251,126.843325632308,1748.9,,http://place.map.kakao.com/369374909,서울 양천구 신정동 733,candidate_unverified,서울한영대학교 입구
8139895,서울한영대학교,0,589655788,우신고등학교 정문,"교통,수송 > 입출구",37.4949239468143,126.827655234634,2113.8,,http://place.map.kakao.com/589655788,서울 구로구 궁동 230,candidate_unverified,서울한영대학교 입구
8139895,서울한영대학교,0,1429179603,신기초등학교 후문,"교통,수송 > 입출구",37.5112095567843,126.852943453903,1636.8,,http://place.map.kakao.com/1429179603,서울 양천구 신정동 1266-5,candidate_unverified,서울한영대학교 입구
8139895,서울한영대학교,0,495233603,서울갈산초등학교 후문,"교통,수송 > 입출구",37.511222202617,126.869864156148,2298.7,,http://place.map.kakao.com/495233603,서울 양천구 신정동 330-10,candidate_unverified,서울한영대학교 입구
8139895,서울한영대학교,0,130622505,서울은정초등학교 정문,"교통,수송 > 입출구",37.5106189173581,126.866976487475,2076.1,,http://place.map.kakao.com/130622505,서울 양천구 신정동 276,candidate_unverified,서울한영대학교 입구
8139895,서울한영대학교,0,148724075,서울양명초등학교 후문,"교통,수송 > 입출구",37.5160135293085,126.857205200601,2223.3,,http://place.map.kakao.com/148724075,서울 양천구 신정동 310-9,candidate_unverified,서울한영대학교 입구
20599241,성공회대학교,0,300595586,역곡남부시장 남문,"교통,수송 > 입출구",37.4816404964403,126.812339871207,1355.4,,http://place.map.kakao.com/300595586,경기 부천시 소사구 괴안동 224-2,candidate_unverified,성공회대학교 남문 | 성공회대학교 출입구
20599241,성공회대학교,0,1729572200,푸른수목원 후문,"교통,수송 > 입출구",37.4845924655908,126.823024031941,406.7,,http://place.map.kakao.com/1729572200,서울 구로구 항동 11-1,candidate_unverified,성공회대학교 출입구
20599241,성공회대학교,0,589655788,우신고등학교 정문,"교통,수송 > 입출구",37.4949239468143,126.827655234634,840.2,,http://place.map.kakao.com/589655788,서울 구로구 궁동 230,candidate_unverified,성공회대학교 출입구
20599241,성공회대학교,0,1568272710,푸른수목원 정문,"교통,수송 > 입출구",37.4820461873176,126.824210409368,623.8,,http://place.map.kakao.com/1568272710,서울 구로구 항동 81-1,candidate_unverified,성공회대학교 출입구
20599241,성공회대학교,0,512891398,한양수자인 에듀힐즈아파트 정문,"교통,수송 > 입출구",37.4783677015444,126.825039819377,1019.0,,http://place.map.kakao.com/512891398,서울 구로구 항동 140-1,candidate_unverified,성공회대학교 출입구
20599241,성공회대학교,0,240084917,온수자동차운전전문학원 입구,"교통,수송 > 입출구",37.4934275530386,126.817571975581,979.7,,http://place.map.kakao.com/240084917,서울 구로구 온수동 121-1,candidate_unverified,성공회대학교 출입구
20599241,성공회대학교,0,606964616,항동하버라인2단지아파트 정문,"교통,수송 > 입출구",37.4819385632159,126.82153673923,725.0,,http://place.map.kakao.com/606964616,서울 구로구 항동 237,candidate_unverified,성공회대학교 출입구
20599241,성공회대학교,0,1600530205,항동하버라인3단지아파트 후문,"교통,수송 > 입출구",37.4804603303902,126.825369598025,785.1,,http://place.map.kakao.com/1600530205,서울 구로구 항동 87-2,candidate_unverified,성공회대학교 출입구
20599241,성공회대학교,0,413660425,항동하버라인4단지아파트 후문,"교통,수송 > 입출구",37.4817894837643,126.826093493592,636.9,,http://place.map.kakao.com/413660425,서울 구로구 항동 79,candidate_unverified,성공회대학교 출입구
20599241,성공회대학교,0,1590213069,그린빌라 후문,"교통,수송 > 입출구",37.4843554067007,126.821762775737,500.2,,http://place.map.kakao.com/1590213069,서울 구로구 항동 1-5,candidate_unverified,성공회대학교 출입구
20599241,성공회대학교,0,1751344308,항동하버라인3단지아파트 정문,"교통,수송 > 입출구",37.4785287118066,126.824857422033,1002.4,,http://place.map.kakao.com/1751344308,서울 구로구 항동 242,candidate_unverified,성공회대학교 출입구
20599241,성공회대학교,0,1613204316,항동하버라인2단지아파트 후문,"교통,수송 > 입출구",37.4828769848869,126.821849954858,622.2,,http://place.map.kakao.com/1613204316,서울 구로구 항동 237,candidate_unverified,성공회대학교 출입구
20599241,성공회대학교,0,1711292418,항동하버라인4단지아파트 정문,"교통,수송 > 입출구",37.4808992500693,126.825456763902,736.0,,http://place.map.kakao.com/1711292418,서울 구로구 항동 87-4,candidate_unverified,성공회대학교 출입구
20599241,성공회대학교,0,844597650,영풍마드레빌아파트 정문,"교통,수송 > 입출구",37.4918163032957,126.839102391193,1267.4,,http://place.map.kakao.com/844597650,서울 구로구 오류동 342,candidate_unverified,성공회대학교 출입구
20599241,성공회대학교,0,26952115,역곡북부시장출입구,"교통,수송 > 입출구",37.4864077099662,126.812897814875,1145.1,,http://place.map.kakao.com/26952115,경기 부천시 원미구 역곡동 265,candidate_unverified,성공회대학교 출입구
20599241,성공회대학교,0,512740316,한양수자인 에듀힐즈아파트 후문,"교통,수송 > 입출구",37.4788874149671,126.826146572762,959.5,,http://place.map.kakao.com/512740316,서울 구로구 항동 산 38-4,candidate_unverified,성공회대학교 출입구
20599241,성공회대학교,0,766932581,동부골든아파트 정문,"교통,수송 > 입출구",37.4989116021699,126.840340182141,1803.3,,http://place.map.kakao.com/766932581,서울 구로구 오류동 338,candidate_unverified,성공회대학교 출입구
20599241,성공회대학교,0,2118450451,부천범박휴먼시아1단지아파트 정문,"교통,수송 > 입출구",37.4771527193768,126.812998898935,1613.4,,http://place.map.kakao.com/2118450451,경기 부천시 소사구 괴안동 251-1,candidate_unverified,성공회대학교 출입구
20599241,성공회대학교,0,267426073,천왕이펜하우스4단지아파트 정문,"교통,수송 > 입출구",37.4800623308267,126.839521043826,1466.9,,http://place.map.kakao.com/267426073,서울 구로구 천왕동 273,candidate_unverified,성공회대학교 출입구
20599241,성공회대학교,0,1296920988,부천일루미스테이트1단지아파트 정문,"교통,수송 > 입출구",37.4721203519763,126.811717043558,2115.1,,http://place.map.kakao.com/1296920988,경기 부천시 소사구 범박동 327,candidate_unverified,성공회대학교 출입구
20599241,성공회대학교,0,1441298451,부천일루미스테이트4단지아파트 정문,"교통,수송 > 입출구",37.4658829440174,126.8102032821043,2771.1,,http://place.map.kakao.com/1441298451,경기 부천시 소사구 범박동 327,candidate_unverified,성공회대학교 출입구
20599241,성공회대학교,0,1369644519,역곡역e편한세상아파트 정문,"교통,수송 > 입출구",37.4866170471242,126.809703085523,1423.8,,http://place.map.kakao.com/1369644519,경기 부천시 원미구 역곡동 74-2,candidate_unverified,성공회대학교 출입구
20599241,성공회대학교,0,27364618,부천동여자중학교 정문,"교통,수송 > 입출구",37.4818946358721,126.810118694647,1518.2,,http://place.map.kakao.com/27364618,경기 부천시 소사구 괴안동 171-15,candidate_unverified,성공회대학교 출입구
20599241,성공회대학교,0,18224723,궁동 저수지생태공원 출입구1,"교통,수송 > 입출구",37.5016564122102,126.829624525617,1608.5,,http://place.map.kakao.com/18224723,서울 구로구 궁동 41-2,candidate_unverified,성공회대학교 출입구
20599241,성공회대학교,0,309086814,가톨릭대학교 성심교정 정문,"교통,수송 > 입출구",37.485997639666,126.804482029877,1888.5,,http://place.map.kakao.com/309086814,경기 부천시 원미구 역곡동 산 43-1,candidate_unverified,성공회대학교 출입구
20599241,성공회대학교,0,96611224,부천범박힐스테이트1단지아파트 후문,"교통,수송 > 입출구",37.4739025829141,126.811174454242,1988.9,,http://place.map.kakao.com/96611224,경기 부천시 소사구 범박동 154-2,candidate_unverified,성공회대학교 출입구
20599241,성공회대학교,0,18224725,궁동 저수지생태공원 출입구2,"교통,수송 > 입출구",37.5007155050717,126.829445718621,1502.9,,http://place.map.kakao.com/18224725,서울 구로구 궁동 47,candidate_unverified,성공회대학교 출입구
20599241,성공회대학교,0,18224727,궁동저수지생태공원 출입구3,"교통,수송 > 입출구",37.5008764610948,126.828599433247,1506.4,,http://place.map.kakao.com/18224727,서울 구로구 궁동 110,candidate_unverified,성공회대학교 출입구
20599241,성공회대학교,0,1296780608,부천일루미스테이트2단지아파트 정문,"교통,수송 > 입출구",37.4681580754712,126.810254051044,2552.2,,http://place.map.kakao.com/1296780608,경기 부천시 소사구 범박동 327,candidate_unverified,성공회대학교 출입구
20599241,성공회대학교,0,1296744908,부천일루미스테이트3단지아파트 후문,"교통,수송 > 입출구",37.4660683847346,126.810660618542,2733.2,,http://place.map.kakao.com/1296744908,경기 부천시 소사구 범박동 327,candidate_unverified,성공회대학교 출입구
20599241,성공회대학교,0,243965114,소사SK뷰아파트 정문,"교통,수송 > 입출구",37.4782978641183,126.799779712553,2514.3,,http://place.map.kakao.com/243965114,경기 부천시 소사구 소사본동 135,candidate_unverified,성공회대학교 출입구
20599241,성공회대학교,0,18224729,궁동저수지생태공원 출입구4,"교통,수송 > 입출구",37.5018067671687,126.82892301224,1613.2,,http://place.map.kakao.com/18224729,서울 구로구 궁동 40-3,candidate_unverified,성공회대학교 출입구
20599241,성공회대학교,0,187645976,부천범박힐스테이트4단지아파트 후문,"교통,수송 > 입출구",37.470415607973,126.807778314348,2478.6,,http://place.map.kakao.com/187645976,경기 부천시 소사구 범박동 152-2,candidate_unverified,성공회대학교 출입구
20599241,성공회대학교,0,18224721,궁동저수지생태공원 출입구5,"교통,수송 > 입출구",37.5018935579725,126.829126380439,1625.8,,http://place.map.kakao.com/18224721,서울 구로구 궁동 40-1,candidate_unverified,성공회대학교 출입구
20599241,성공회대학교,0,1296865421,부천일루미스테이트1단지아파트 후문,"교통,수송 > 입출구",37.4728593655317,126.811833890783,2043.0,,http://place.map.kakao.com/1296865421,경기 부천시 소사구 범박동 327,candidate_unverified,성공회대학교 출입구
20599241,성공회대학교,0,90989876,부천범박힐스테이트1단지아파트 정문,"교통,수송 > 입출구",37.4747492920353,126.808784678495,2066.1,,http://place.map.kakao.com/90989876,경기 부천시 소사구 범박동 154-2,candidate_unverified,성공회대학교 출입구
20599241,성공회대학교,0,2121166669,부천일루미스테이트3단지아파트 정문,"교통,수송 > 입출구",37.467833867534395,126.81035095531342,2578.1,,http://place.map.kakao.com/2121166669,경기 부천시 소사구 범박동 338,candidate_unverified,성공회대학교 출입구
20599241,성공회대학교,0,1783794608,소사역푸르지오아파트 후문,"교통,수송 > 입출구",37.4801368287466,126.797668507526,2614.3,,http://place.map.kakao.com/1783794608,경기 부천시 소사구 소사본동 133-12,candidate_unverified,성공회대학교 출입구
20599241,성공회대학교,0,451807551,천왕연지타운2단지 후문,"교통,수송 > 입출구",37.482287607451,126.846133850838,1885.8,,http://place.map.kakao.com/451807551,서울 구로구 천왕동 3-2,candidate_unverified,성공회대학교 출입구
20599241,성공회대학교,0,2071365127,우성테크노파크1 주차장입구,"교통,수송 > 입출구",37.46726831986,126.825141426423,2251.8,,http://place.map.kakao.com/2071365127,경기 부천시 소사구 옥길동 794-1,candidate_unverified,성공회대학교 출입구
20599241,성공회대학교,0,1619643088,여월휴먼시아3단지아파트 정문,"교통,수송 > 입출구",37.5082492204438,126.806889629827,2846.1,,http://place.map.kakao.com/1619643088,경기 부천시 오정구 여월동 340,candidate_unverified,성공회대학교 출입구
20599241,성공회대학교,0,1912508065,개웅산 입구,"교통,수송 > 입출구",37.4898457887941,126.8507623067,2217.6,,http://place.map.kakao.com/1912508065,서울 구로구 개봉동 375-21,candidate_unverified,성공회대학교 출입구
20599241,성공회대학교,0,813423670,소사SK뷰아파트 후문,"교통,수송 > 입출구",37.4770125365669,126.801625934846,2431.8,,http://place.map.kakao.com/813423670,경기 부천시 소사구 소사본동 135,candidate_unverified,성공회대학교 출입구
20599241,성공회대학교,0,90321771,옥길브리즈힐아파트 정문,"교통,수송 > 입출구",37.4642279414171,126.820685862683,2628.1,,http://place.map.kakao.com/90321771,경기 부천시 소사구 옥길동 751-1,candidate_unverified,성공회대학교 출입구
20599241,성공회대학교,0,1362631301,옥길데시앙아파트 정문,"교통,수송 > 입출구",37.46439956328991,126.82518201838613,2570.6,,http://place.map.kakao.com/1362631301,경기 부천시 소사구 옥길동 747-1,candidate_unverified,성공회대학교 출입구
12817755,성신여자대학교 미아운정그린캠퍼스,0,1569937142,북서울꿈의숲 서문 주차장,"교통,수송 > 교통시설 > 주차장",37.6219481274988,127.037887918169,1461.2,,http://place.map.kakao.com/1569937142,서울 강북구 번동 90,candidate_unverified,성신여자대학교 미아운정그린캠퍼스 서문
12817755,성신여자대학교 미아운정그린캠퍼스,0,18091378,북서울꿈의숲 서문,"교통,수송 > 입출구",37.6221535743957,127.037820057795,1439.9,,http://place.map.kakao.com/18091378,서울 강북구 번동 120-6,candidate_unverified,성신여자대학교 미아운정그린캠퍼스 서문 | 성신여자대학교 미아운정그린캠퍼스 출입구
12817755,성신여자대학교 미아운정그린캠퍼스,0,1025075529,서경대학교 서문입구,"교통,수송 > 입출구",37.6162361929177,127.009061234256,2374.9,,http://place.map.kakao.com/1025075529,서울 성북구 정릉동 239-23,candidate_unverified,성신여자대학교 미아운정그린캠퍼스 서문
12817755,성신여자대학교 미아운정그린캠퍼스,0,1214365824,서울강북 북서울꿈의숲 동문 및 서문주차장(콘센트) 전기차충전소,"교통,수송 > 자동차 > 전기차 충전소",37.6202547317687,127.04432427911007,1994.4,,http://place.map.kakao.com/1214365824,서울 강북구 번동 90,candidate_unverified,성신여자대학교 미아운정그린캠퍼스 서문
12817755,성신여자대학교 미아운정그린캠퍼스,0,1157333186,성신여대 운정캠퍼스 부설주차장입구,"교통,수송 > 입출구",37.6314944365467,127.026717978863,73.6,,http://place.map.kakao.com/1157333186,서울 강북구 미아동 147,candidate_unverified,성신여자대학교 미아운정그린캠퍼스 출입구 | 성신여자대학교 후문 | 성신여자대학교 출입구 | 성신여자대학교 입구
12817755,성신여자대학교 미아운정그린캠퍼스,0,1386332049,서울우이초등학교 정문,"교통,수송 > 입출구",37.6380988661702,127.015492451739,1235.0,,http://place.map.kakao.com/1386332049,서울 강북구 수유동 409-6,candidate_unverified,성신여자대학교 미아운정그린캠퍼스 출입구
12817755,성신여자대학교 미아운정그린캠퍼스,0,1818970992,신일해피트리아파트 후문,"교통,수송 > 입출구",37.626192031563,127.03082363283,721.1,,http://place.map.kakao.com/1818970992,서울 강북구 미아동 1358,candidate_unverified,성신여자대학교 미아운정그린캠퍼스 출입구
12817755,성신여자대학교 미아운정그린캠퍼스,0,925889463,래미안미아1차아파트 정문,"교통,수송 > 입출구",37.6261322222505,127.019835405451,923.2,,http://place.map.kakao.com/925889463,서울 강북구 미아동 797,candidate_unverified,성신여자대학교 미아운정그린캠퍼스 출입구
12817755,성신여자대학교 미아운정그린캠퍼스,0,1284820202,서울우이초등학교 후문,"교통,수송 > 입출구",37.6386432685382,127.013822531114,1391.5,,http://place.map.kakao.com/1284820202,서울 강북구 수유동,candidate_unverified,성신여자대학교 미아운정그린캠퍼스 출입구
12817755,성신여자대학교 미아운정그린캠퍼스,0,1446877201,백년시장 1번게이트,"교통,수송 > 입출구",37.6416865905594,127.02577667284,1082.6,,http://place.map.kakao.com/1446877201,서울 강북구 수유동 141,candidate_unverified,성신여자대학교 미아운정그린캠퍼스 출입구
12817755,성신여자대학교 미아운정그린캠퍼스,0,1594706095,초안2단지아파트 정문,"교통,수송 > 입출구",37.631079799881,127.042663108944,1363.1,,http://place.map.kakao.com/1594706095,서울 노원구 월계동 924,candidate_unverified,성신여자대학교 미아운정그린캠퍼스 출입구
12817755,성신여자대학교 미아운정그린캠퍼스,0,2130956393,대성 정문,"교통,수송 > 입출구",37.6247379262719,127.030486595772,858.9,,http://place.map.kakao.com/2130956393,서울 강북구 미아동 258-601,candidate_unverified,성신여자대학교 미아운정그린캠퍼스 출입구
12817755,성신여자대학교 미아운정그린캠퍼스,0,18093172,북서울꿈의숲 10번출입구,"교통,수송 > 입출구",37.626571718708,127.038733076337,1180.3,,http://place.map.kakao.com/18093172,서울 강북구 번동 140-1,candidate_unverified,성신여자대학교 미아운정그린캠퍼스 출입구
12817755,성신여자대학교 미아운정그린캠퍼스,0,1470578573,수유벽산1차아파트 후문,"교통,수송 > 입출구",37.6437790578507,127.019019752474,1494.2,,http://place.map.kakao.com/1470578573,서울 강북구 수유동 205,candidate_unverified,성신여자대학교 미아운정그린캠퍼스 출입구
12817755,성신여자대학교 미아운정그린캠퍼스,0,828138798,한양1차아파트 정문,"교통,수송 > 입출구",37.6447122906007,127.028826854131,1418.5,,http://place.map.kakao.com/828138798,서울 도봉구 쌍문동 388-33,candidate_unverified,성신여자대학교 미아운정그린캠퍼스 출입구
12817755,성신여자대학교 미아운정그린캠퍼스,0,2011180970,해모로아파트 정문,"교통,수송 > 입출구",37.6262272314469,127.036889822531,1067.0,,http://place.map.kakao.com/2011180970,서울 강북구 번동 139,candidate_unverified,성신여자대학교 미아운정그린캠퍼스 출입구
12817755,성신여자대학교 미아운정그린캠퍼스,0,118749313,백년시장 7번게이트,"교통,수송 > 입출구",37.6428035451164,127.026966769166,1199.4,,http://place.map.kakao.com/118749313,서울 강북구 수유동 141,candidate_unverified,성신여자대학교 미아운정그린캠퍼스 출입구
12817755,성신여자대학교 미아운정그린캠퍼스,0,79127439,서울삼양초등학교 후문,"교통,수송 > 입출구",37.62334789523,127.015691021623,1400.7,,http://place.map.kakao.com/79127439,서울 강북구 미아동 791-1932,candidate_unverified,성신여자대학교 미아운정그린캠퍼스 출입구
12817755,성신여자대학교 미아운정그린캠퍼스,0,984713174,한빛맹학교 후문,"교통,수송 > 입출구",37.6280203723288,127.015995603108,1084.6,,http://place.map.kakao.com/984713174,서울 강북구 수유동 산 162-19,candidate_unverified,성신여자대학교 미아운정그린캠퍼스 출입구
12817755,성신여자대학교 미아운정그린캠퍼스,0,18093001,북서울꿈의숲 11번출입구,"교통,수송 > 입출구",37.6255053356886,127.03754082281,1161.5,,http://place.map.kakao.com/18093001,서울 강북구 번동 632-3,candidate_unverified,성신여자대학교 미아운정그린캠퍼스 출입구
12817755,성신여자대학교 미아운정그린캠퍼스,0,606155507,미아두산위브트레이지움아파트 정문,"교통,수송 > 입출구",37.6182663263179,127.015680892184,1836.5,,http://place.map.kakao.com/606155507,서울 강북구 미아동 811,candidate_unverified,성신여자대학교 미아운정그린캠퍼스 출입구
12817755,성신여자대학교 미아운정그린캠퍼스,0,18225124,북서울꿈의숲 12번출입구,"교통,수송 > 입출구",37.62239864292,127.037820181947,1419.2,,http://place.map.kakao.com/18225124,서울 강북구 번동 90,candidate_unverified,성신여자대학교 미아운정그린캠퍼스 출입구
12817755,성신여자대학교 미아운정그린캠퍼스,0,1931112424,꿈의숲한신더휴아파트 정문,"교통,수송 > 입출구",37.6197908675607,127.032863262757,1447.4,,http://place.map.kakao.com/1931112424,서울 강북구 미아동 1371,candidate_unverified,성신여자대학교 미아운정그린캠퍼스 출입구
12817755,성신여자대학교 미아운정그린캠퍼스,0,18091383,북서울꿈의숲 9번출입구,"교통,수송 > 입출구",37.6265640321046,127.040164945342,1290.6,,http://place.map.kakao.com/18091383,서울 강북구 번동 28-47,candidate_unverified,성신여자대학교 미아운정그린캠퍼스 출입구
12817755,성신여자대학교 미아운정그린캠퍼스,0,18095998,북서울꿈의숲 7번출입구,"교통,수송 > 입출구",37.6263611966165,127.043042168079,1528.1,,http://place.map.kakao.com/18095998,서울 강북구 번동 200-1,candidate_unverified,성신여자대학교 미아운정그린캠퍼스 출입구
12817755,성신여자대학교 미아운정그린캠퍼스,0,18225100,북서울꿈의숲 동문,"교통,수송 > 입출구",37.6200860635905,127.04481011268,2039.1,,http://place.map.kakao.com/18225100,서울 강북구 번동 95-2,candidate_unverified,성신여자대학교 미아운정그린캠퍼스 출입구
12817755,성신여자대학교 미아운정그린캠퍼스,0,18095030,덕성여자대학교 후문,"교통,수송 > 입출구",37.6525503981283,127.017288184806,2445.1,,http://place.map.kakao.com/18095030,서울 도봉구 쌍문동 429-9,candidate_unverified,성신여자대학교 미아운정그린캠퍼스 출입구
12817755,성신여자대학교 미아운정그린캠퍼스,0,18225115,북서울꿈의숲 8번출입구,"교통,수송 > 입출구",37.6271654332731,127.041488402759,1366.8,,http://place.map.kakao.com/18225115,서울 강북구 번동 175-3,candidate_unverified,성신여자대학교 미아운정그린캠퍼스 출입구
12817755,성신여자대학교 미아운정그린캠퍼스,0,988010776,꿈의숲롯데캐슬아파트 정문,"교통,수송 > 입출구",37.6182897537773,127.036175706786,1717.9,,http://place.map.kakao.com/988010776,서울 강북구 미아동 4,candidate_unverified,성신여자대학교 미아운정그린캠퍼스 출입구
12817755,성신여자대학교 미아운정그린캠퍼스,0,1190131993,신창아파트 정문,"교통,수송 > 입출구",37.6405262147874,127.041041376157,1540.8,,http://place.map.kakao.com/1190131993,서울 도봉구 창동 810,candidate_unverified,성신여자대학교 미아운정그린캠퍼스 출입구
12817755,성신여자대학교 미아운정그린캠퍼스,0,18091632,한일병원 출입구,"교통,수송 > 입출구",37.6461186787473,127.029021159092,1575.8,,http://place.map.kakao.com/18091632,서울 도봉구 쌍문동 388-1,candidate_unverified,성신여자대학교 미아운정그린캠퍼스 출입구
12817755,성신여자대학교 미아운정그린캠퍼스,0,18095179,북서울꿈의숲 6번출입구,"교통,수송 > 입출구",37.6256652400515,127.044111127384,1646.0,,http://place.map.kakao.com/18095179,서울 강북구 번동 90,candidate_unverified,성신여자대학교 미아운정그린캠퍼스 출입구
12817755,성신여자대학교 미아운정그린캠퍼스,0,602720401,벽산라이브파크아파트 후문,"교통,수송 > 입출구",37.6216192932363,127.012389865777,1745.0,,http://place.map.kakao.com/602720401,서울 강북구 미아동 1354,candidate_unverified,성신여자대학교 미아운정그린캠퍼스 출입구
12817755,성신여자대학교 미아운정그린캠퍼스,0,68416093,롯데캐슬루나아파트 정문,"교통,수송 > 입출구",37.6263976521353,127.051038683306,2187.9,,http://place.map.kakao.com/68416093,서울 노원구 월계동 947,candidate_unverified,성신여자대학교 미아운정그린캠퍼스 출입구
12817755,성신여자대학교 미아운정그린캠퍼스,0,968612218,롯데캐슬클라시아아파트 정문,"교통,수송 > 입출구",37.60937041778745,127.0278697939705,2519.0,,http://place.map.kakao.com/968612218,서울 성북구 길음동 1289,candidate_unverified,성신여자대학교 미아운정그린캠퍼스 출입구
12817755,성신여자대학교 미아운정그린캠퍼스,0,61014225,번동주공1단지 정문,"교통,수송 > 입출구",37.6236852146531,127.047852620194,2039.0,,http://place.map.kakao.com/61014225,서울 강북구 번동 242,candidate_unverified,성신여자대학교 미아운정그린캠퍼스 출입구
12817755,성신여자대학교 미아운정그린캠퍼스,0,1210010785,방학청구아파트 입구,"교통,수송 > 입출구",37.65730224901969,127.02660029705605,2811.9,,http://place.map.kakao.com/1210010785,서울 도봉구 방학동 734-1,candidate_unverified,성신여자대학교 미아운정그린캠퍼스 출입구
12817755,성신여자대학교 미아운정그린캠퍼스,0,27558152,아카데미하우스호텔 입구,"교통,수송 > 입출구",37.641701106717946,127.00171995592623,2490.9,,http://place.map.kakao.com/27558152,서울 강북구 수유동 산 76,candidate_unverified,성신여자대학교 미아운정그린캠퍼스 출입구
12817755,성신여자대학교 미아운정그린캠퍼스,0,659939100,서울송천초등학교 정문,"교통,수송 > 입출구",37.6148466375138,127.023706012833,1934.5,,http://place.map.kakao.com/659939100,서울 강북구 미아동 438,candidate_unverified,성신여자대학교 미아운정그린캠퍼스 출입구
12817755,성신여자대학교 미아운정그린캠퍼스,0,527095321,길음뉴타운4단지e편한세상아파트 후문,"교통,수송 > 입출구",37.6122339151647,127.017751139109,2353.0,,http://place.map.kakao.com/527095321,서울 성북구 길음동 1281-8,candidate_unverified,성신여자대학교 미아운정그린캠퍼스 출입구
12817755,성신여자대학교 미아운정그린캠퍼스,0,1770621346,미아동부센트레빌아파트 정문,"교통,수송 > 입출구",37.6133234071765,127.026344510767,2080.3,,http://place.map.kakao.com/1770621346,서울 강북구 미아동 474,candidate_unverified,성신여자대학교 미아운정그린캠퍼스 출입구
12817755,성신여자대학교 미아운정그린캠퍼스,0,1164204862,꿈의숲아이파크아파트 정문,"교통,수송 > 입출구",37.6196051989429,127.048695003232,2340.8,,http://place.map.kakao.com/1164204862,서울 성북구 장위동 182-25,candidate_unverified,성신여자대학교 미아운정그린캠퍼스 출입구
12817755,성신여자대학교 미아운정그린캠퍼스,0,1605677228,성바오로수도회 입구,"교통,수송 > 입출구",37.61746561083925,127.03216224747777,1675.5,,http://place.map.kakao.com/1605677228,서울 강북구 미아동 103-36,candidate_unverified,성신여자대학교 미아운정그린캠퍼스 출입구
12817755,성신여자대학교 미아운정그린캠퍼스,0,18225126,북서울꿈의숲 13번출입구,"교통,수송 > 입출구",37.6189212478697,127.03649543273,1669.4,,http://place.map.kakao.com/18225126,서울 강북구 미아동 1-14,candidate_unverified,성신여자대학교 미아운정그린캠퍼스 출입구
12817755,성신여자대학교 미아운정그린캠퍼스,0,2014538889,래미안센터피스 정문,"교통,수송 > 입출구",37.6125051255695,127.027155162032,2169.8,,http://place.map.kakao.com/2014538889,서울 성북구 길음동 481-1,candidate_unverified,성신여자대학교 미아운정그린캠퍼스 출입구
12817755,성신여자대학교 미아운정그린캠퍼스,0,2014376991,길음동부센트레빌아파트 정문,"교통,수송 > 입출구",37.6088730489181,127.023862672718,2590.7,,http://place.map.kakao.com/2014376991,서울 성북구 길음동 1278,candidate_unverified,성신여자대학교 미아운정그린캠퍼스 출입구
12817755,성신여자대학교 미아운정그린캠퍼스,0,208407582,대일외국어고등학교 정문,"교통,수송 > 입출구",37.61312740639759,127.01307028626044,2442.9,,http://place.map.kakao.com/208407582,서울 성북구 정릉동 산 17-83,candidate_unverified,성신여자대학교 미아운정그린캠퍼스 출입구
12817755,성신여자대학교 미아운정그린캠퍼스,0,413157008,영훈초등학교 후문,"교통,수송 > 입출구",37.6127942693075,127.027473528345,2137.8,,http://place.map.kakao.com/413157008,서울 강북구 미아동 471-2,candidate_unverified,성신여자대학교 미아운정그린캠퍼스 출입구
1675674517,이화여자대학교 의과대학,0,325693407,송화벽화시장 서문,"교통,수송 > 입출구",37.5493714327806,126.835196812434,769.1,,http://place.map.kakao.com/325693407,서울 강서구 내발산동 724-61,candidate_unverified,이화여자대학교 의과대학 서문 | 이화여자대학교 의과대학 출입구
1675674517,이화여자대학교 의과대학,0,928423966,목동롯데캐슬위너아파트 서문,"교통,수송 > 입출구",37.5471895437624,126.866085454262,2822.3,,http://place.map.kakao.com/928423966,서울 양천구 목동 956,candidate_unverified,이화여자대학교 의과대학 서문
1675674517,이화여자대학교 의과대학,0,312694295,화곡중앙시장 서문,"교통,수송 > 입출구",37.534472944802,126.838111317648,2426.9,,http://place.map.kakao.com/312694295,서울 강서구 화곡동 662-16,candidate_unverified,이화여자대학교 의과대학 서문
1675674517,이화여자대학교 의과대학,0,325583265,송화벽화시장 남문,"교통,수송 > 입출구",37.5486016500209,126.835605893645,851.4,,http://place.map.kakao.com/325583265,서울 강서구 내발산동 724-62,candidate_unverified,이화여자대학교 의과대학 남문 | 이화여자대학교 의과대학 출입구
1675674517,이화여자대학교 의과대학,0,312502663,화곡중앙시장 남문,"교통,수송 > 입출구",37.5347987492464,126.839168491369,2399.2,,http://place.map.kakao.com/312502663,서울 강서구 화곡동 362-95,candidate_unverified,이화여자대학교 의과대학 남문
1675674517,이화여자대학교 의과대학,0,302461159,까치산시장 남문,"교통,수송 > 입출구",37.5315464333096,126.847541965651,2923.4,,http://place.map.kakao.com/302461159,서울 강서구 화곡동 663-15,candidate_unverified,이화여자대학교 의과대학 남문
1675674517,이화여자대학교 의과대학,0,1584791873,이대서울병원 정문,"교통,수송 > 입출구",37.5572197425741,126.83564581402,118.1,,http://place.map.kakao.com/1584791873,서울 강서구 마곡동 728-35,candidate_unverified,이화여자대학교 의과대학 출입구
1675674517,이화여자대학교 의과대학,0,2043095533,우장산힐스테이트아파트 정문,"교통,수송 > 입출구",37.5552918187946,126.83906787298,275.9,,http://place.map.kakao.com/2043095533,서울 강서구 내발산동 657,candidate_unverified,이화여자대학교 의과대학 출입구
1675674517,이화여자대학교 의과대학,0,1254034584,마곡수명산파크1단지아파트 정문,"교통,수송 > 입출구",37.5534593680736,126.830187950361,612.1,,http://place.map.kakao.com/1254034584,서울 강서구 내발산동 742,candidate_unverified,이화여자대학교 의과대학 출입구
1675674517,이화여자대학교 의과대학,0,1703110222,명덕여자고등학교 정문,"교통,수송 > 입출구",37.5532941904924,126.834420882284,362.8,,http://place.map.kakao.com/1703110222,서울 강서구 내발산동 169-1,candidate_unverified,이화여자대학교 의과대학 출입구
1675674517,이화여자대학교 의과대학,0,1095043201,마곡엠밸리15단지아파트 정문,"교통,수송 > 입출구",37.5576966447754,126.828243014675,717.8,,http://place.map.kakao.com/1095043201,서울 강서구 마곡동 728-280,candidate_unverified,이화여자대학교 의과대학 출입구
1675674517,이화여자대학교 의과대학,0,292256231,우장산힐스테이트아파트 후문,"교통,수송 > 입출구",37.5556474831244,126.842235967471,538.2,,http://place.map.kakao.com/292256231,서울 강서구 내발산동 657,candidate_unverified,이화여자대학교 의과대학 출입구
1675674517,이화여자대학교 의과대학,0,1933691166,마곡범한기술원 주차장입출구,"교통,수송 > 입출구",37.5607951099595,126.83515354448,514.0,,http://place.map.kakao.com/1933691166,서울 강서구 마곡동 796,candidate_unverified,이화여자대학교 의과대학 출입구
1675674517,이화여자대학교 의과대학,0,524630000,LG사이언스파크 ISC 주차장 입구,"교통,수송 > 입출구",37.5639218901557,126.831554129634,946.0,,http://place.map.kakao.com/524630000,서울 강서구 마곡동 770-7,candidate_unverified,이화여자대학교 의과대학 출입구
1675674517,이화여자대학교 의과대학,0,1960923247,우장산아이파크e편한세상아파트 정문,"교통,수송 > 입출구",37.5481163218303,126.837784199369,914.9,,http://place.map.kakao.com/1960923247,서울 강서구 화곡동 1159,candidate_unverified,이화여자대학교 의과대학 출입구
1675674517,이화여자대학교 의과대학,0,18083076,강서운전면허시험장 출입구,"교통,수송 > 입출구",37.549636119836,126.822019362232,1448.4,,http://place.map.kakao.com/18083076,서울 강서구 외발산동 425,candidate_unverified,이화여자대학교 의과대학 출입구
1675674517,이화여자대학교 의과대학,0,717438498,마곡수명산파크2단지아파트 정문,"교통,수송 > 입출구",37.5537524938805,126.827290116243,831.0,,http://place.map.kakao.com/717438498,서울 강서구 내발산동 741,candidate_unverified,이화여자대학교 의과대학 출입구
1675674517,이화여자대학교 의과대학,0,497090114,명덕외국어고등학교 교문,"교통,수송 > 입출구",37.5549273212475,126.83479526497,190.5,,http://place.map.kakao.com/497090114,서울 강서구 내발산동 169-1,candidate_unverified,이화여자대학교 의과대학 출입구
1675674517,이화여자대학교 의과대학,0,325854192,송화벽화시장 동문,"교통,수송 > 입출구",37.5493709489763,126.836143996599,764.3,,http://place.map.kakao.com/325854192,서울 강서구 내발산동 724-62,candidate_unverified,이화여자대학교 의과대학 출입구
1675674517,이화여자대학교 의과대학,0,588754542,등촌주공5단지아파트 정문,"교통,수송 > 입출구",37.5613026482053,126.844660854515,935.7,,http://place.map.kakao.com/588754542,서울 강서구 등촌동 695,candidate_unverified,이화여자대학교 의과대학 출입구
1675674517,이화여자대학교 의과대학,0,247876428,화곡푸르지오아파트 후문,"교통,수송 > 입출구",37.5473057339867,126.832838560181,1036.6,,http://place.map.kakao.com/247876428,서울 강서구 화곡동 1091,candidate_unverified,이화여자대학교 의과대학 출입구
1675674517,이화여자대학교 의과대학,0,191621217,마곡엠밸리15단지아파트 후문,"교통,수송 > 입출구",37.5565124933803,126.829318630072,605.4,,http://place.map.kakao.com/191621217,서울 강서구 마곡동 728-294,candidate_unverified,이화여자대학교 의과대학 출입구
1675674517,이화여자대학교 의과대학,0,1934488664,마곡엠밸리14단지아파트 정문,"교통,수송 > 입출구",37.5580120024828,126.825179718405,989.2,,http://place.map.kakao.com/1934488664,서울 강서구 마곡동 750,candidate_unverified,이화여자대학교 의과대학 출입구
1675674517,이화여자대학교 의과대학,0,533149980,강서힐스테이트아파트 1번 GATE,"교통,수송 > 입출구",37.5477702028397,126.837685367187,951.6,,http://place.map.kakao.com/533149980,서울 강서구 화곡동 1165,candidate_unverified,이화여자대학교 의과대학 출입구
1675674517,이화여자대학교 의과대학,0,551361726,마곡엠벨리7단지아파트 게이트1,"교통,수송 > 입출구",37.5657405754189,126.824459888287,1477.1,,http://place.map.kakao.com/551361726,서울 강서구 마곡동 380-4,candidate_unverified,이화여자대학교 의과대학 출입구
1675674517,이화여자대학교 의과대학,0,325800203,송화벽화시장 북문,"교통,수송 > 입출구",37.5496901227374,126.835654427116,730.3,,http://place.map.kakao.com/325800203,서울 강서구 내발산동 724-62,candidate_unverified,이화여자대학교 의과대학 출입구
1675674517,이화여자대학교 의과대학,0,84125965,명덕고등학교 신교문,"교통,수송 > 입출구",37.5549254812466,126.834768107645,192.2,,http://place.map.kakao.com/84125965,서울 강서구 내발산동 169-1,candidate_unverified,이화여자대학교 의과대학 출입구
1675674517,이화여자대학교 의과대학,0,613128898,마곡수명산파크8단지 정문,"교통,수송 > 입출구",37.5517995949581,126.828224861356,857.8,,http://place.map.kakao.com/613128898,서울 강서구 내발산동 745,candidate_unverified,이화여자대학교 의과대학 출입구
1675674517,이화여자대학교 의과대학,0,577871692,LG사이언스파크 남측주차장입구,"교통,수송 > 입출구",37.5618465228204,126.829410590627,862.4,,http://place.map.kakao.com/577871692,서울 강서구 마곡동 770,candidate_unverified,이화여자대학교 의과대학 출입구
1675674517,이화여자대학교 의과대학,0,1257715541,화곡고등학교 정문,"교통,수송 > 입출구",37.5483163831732,126.832203272527,948.7,,http://place.map.kakao.com/1257715541,서울 강서구 내발산동 산 48-3,candidate_unverified,이화여자대학교 의과대학 출입구
1675674517,이화여자대학교 의과대학,0,62257272,SM타워 지하주차장 입출구,"교통,수송 > 입출구",37.55282970842734,126.83091139897829,599.8,,http://place.map.kakao.com/62257272,서울 강서구 내발산동 689-5,candidate_unverified,이화여자대학교 의과대학 출입구
1675674517,이화여자대학교 의과대학,0,765981478,강서농산물도매시장 5번게이트,"교통,수송 > 입출구",37.5556843882726,126.821340649628,1309.4,,http://place.map.kakao.com/765981478,서울 강서구 외발산동 427,candidate_unverified,이화여자대학교 의과대학 출입구
1675674517,이화여자대학교 의과대학,0,1941961040,서울강서구육아종합지원센터 주차장입구,"교통,수송 > 입출구",37.5496378001871,126.82617136139,1148.0,,http://place.map.kakao.com/1941961040,서울 강서구 내발산동 748-4,candidate_unverified,이화여자대학교 의과대학 출입구
1675674517,이화여자대학교 의과대학,0,27504738,화곡푸르지오아파트 정문,"교통,수송 > 입출구",37.5420059121861,126.831465401831,1636.9,,http://place.map.kakao.com/27504738,서울 강서구 화곡동 1091,candidate_unverified,이화여자대학교 의과대학 출입구
1675674517,이화여자대학교 의과대학,0,1338037102,마곡광장 주차장입구,"교통,수송 > 입출구",37.56600549949053,126.82692226349172,1357.8,,http://place.map.kakao.com/1338037102,서울 강서구 마곡동 376-2,candidate_unverified,이화여자대학교 의과대학 출입구
1675674517,이화여자대학교 의과대학,0,1765227892,강서힐스테이트아파트 2번 GATE,"교통,수송 > 입출구",37.5477851751754,126.840740699484,1023.1,,http://place.map.kakao.com/1765227892,서울 강서구 화곡동 1165,candidate_unverified,이화여자대학교 의과대학 출입구
1675674517,이화여자대학교 의과대학,0,368800838,초록아파트 후문,"교통,수송 > 입출구",37.5452010412174,126.832865891401,1262.2,,http://place.map.kakao.com/368800838,서울 강서구 화곡동 1139,candidate_unverified,이화여자대학교 의과대학 출입구
1675674517,이화여자대학교 의과대학,0,294368441,우장산역동문디이스트아파트 정문,"교통,수송 > 입출구",37.5493674759224,126.833660053442,796.3,,http://place.map.kakao.com/294368441,서울 강서구 내발산동 716-20,candidate_unverified,이화여자대학교 의과대학 출입구
1675674517,이화여자대학교 의과대학,0,325665978,송화벽화시장 서남문,"교통,수송 > 입출구",37.5489259136529,126.835537283465,815.8,,http://place.map.kakao.com/325665978,서울 강서구 내발산동 724-61,candidate_unverified,이화여자대학교 의과대학 출입구
1675674517,이화여자대학교 의과대학,0,710775794,우장산아이파크e편한세상 후문,"교통,수송 > 입출구",37.5481366381167,126.8407954012,989.2,,http://place.map.kakao.com/710775794,서울 강서구 화곡동 1159,candidate_unverified,이화여자대학교 의과대학 출입구
1675674517,이화여자대학교 의과대학,0,439329540,강서힐스테이트아파트 게이트1,"교통,수송 > 입출구",37.5479107207524,126.83765790365,935.8,,http://place.map.kakao.com/439329540,서울 강서구 화곡동 1089-7,candidate_unverified,이화여자대학교 의과대학 출입구
1675674517,이화여자대학교 의과대학,0,535918157,원그로브 주차장 입구 동측,"교통,수송 > 입출구",37.5613183717493,126.826819924581,999.3,,http://place.map.kakao.com/535918157,서울 강서구 마곡동 769,candidate_unverified,이화여자대학교 의과대학 출입구
1675674517,이화여자대학교 의과대학,0,1693866155,강서수산물도매시장 냉동냉장창고 입구,"교통,수송 > 입출구",37.5542848301461,126.819360095169,1498.4,,http://place.map.kakao.com/1693866155,서울 강서구 외발산동,candidate_unverified,이화여자대학교 의과대학 출입구
1675674517,이화여자대학교 의과대학,0,1165967078,원그로브 주차장 출구 북측,"교통,수송 > 입출구",37.5619558856074,126.825331223427,1147.8,,http://place.map.kakao.com/1165967078,서울 강서구 마곡동 769,candidate_unverified,이화여자대학교 의과대학 출입구
1675674517,이화여자대학교 의과대학,0,439227165,강서힐스테이트아파트 게이트2,"교통,수송 > 입출구",37.5479148818679,126.840713264682,1008.9,,http://place.map.kakao.com/439227165,서울 강서구 화곡동 산 86-18,candidate_unverified,이화여자대학교 의과대학 출입구
1675674517,이화여자대학교 의과대학,0,514812238,김포국제공항 국내선 출발층,"교통,수송 > 입출구",37.5592059480138,126.803487326597,2900.4,,http://place.map.kakao.com/514812238,서울 강서구 공항동 1373,candidate_unverified,이화여자대학교 의과대학 출입구
1675674517,이화여자대학교 의과대학,0,583541678,르웨스트시티 주차장 GATE3,"교통,수송 > 입출구",37.5646871727554,126.824972834361,1362.6,,http://place.map.kakao.com/583541678,서울 강서구 마곡동 767,candidate_unverified,이화여자대학교 의과대학 출입구
1675674517,이화여자대학교 의과대학,0,1977015891,마곡13단지힐스테이트마스터아파트 후문,"교통,수송 > 입출구",37.5568880402402,126.818336364547,1574.3,,http://place.map.kakao.com/1977015891,서울 강서구 마곡동 748,candidate_unverified,이화여자대학교 의과대학 출입구
1675674517,이화여자대학교 의과대학,0,491665076,강서농산물도매시장 4번게이트,"교통,수송 > 입출구",37.554380484293,126.819457191862,1488.4,,http://place.map.kakao.com/491665076,서울 강서구 외발산동 424,candidate_unverified,이화여자대학교 의과대학 출입구
26379626,정화예술대학교 명동캠퍼스 남산관,0,7940957,서문,"여행 > 관광,명소 > 문화유적 > 문",37.5709791010621,126.987887936369,1730.3,,http://place.map.kakao.com/7940957,서울 종로구 종로2가 38-4,candidate_unverified,정화예술대학교 명동캠퍼스 남산관 서문
26379626,정화예술대학교 명동캠퍼스 남산관,0,897141236,서문,"여행 > 관광,명소 > 문화유적 > 사당,제단",37.57566024891,126.96687652701,2454.8,,http://place.map.kakao.com/897141236,서울 종로구 사직동 1-28,candidate_unverified,정화예술대학교 명동캠퍼스 남산관 서문
26379626,정화예술대학교 명동캠퍼스 남산관,0,1436482704,이화여자고등학교 서문,"교통,수송 > 입출구",37.5646866837945,126.968930077008,1380.8,,http://place.map.kakao.com/1436482704,서울 중구 순화동 1-1,candidate_unverified,정화예술대학교 명동캠퍼스 남산관 서문 | 정화예술대학교 명동캠퍼스 남산관 출입구
26379626,정화예술대학교 명동캠퍼스 남산관,0,942123983,광장시장 서문,"교통,수송 > 입출구",37.570161603164,126.998089257945,2157.8,,http://place.map.kakao.com/942123983,서울 종로구 예지동 293-1,candidate_unverified,정화예술대학교 명동캠퍼스 남산관 서문
26379626,정화예술대학교 명동캠퍼스 남산관,0,1052898871,종근당빌딩 서문,"교통,수송 > 입출구",37.55982408696,126.962965248078,1607.0,,http://place.map.kakao.com/1052898871,서울 서대문구 충정로3가 368,candidate_unverified,정화예술대학교 명동캠퍼스 남산관 서문
26379626,정화예술대학교 명동캠퍼스 남산관,0,1183593067,NPD현대계동사옥주차장 서문,"교통,수송 > 입출구",37.5782950752746,126.986924483996,2485.0,,http://place.map.kakao.com/1183593067,서울 종로구 계동 140-2,candidate_unverified,정화예술대학교 명동캠퍼스 남산관 서문
26379626,정화예술대학교 명동캠퍼스 남산관,0,17933692,종묘 서문,"여행 > 관광,명소 > 문화유적 > 문",37.5759781895547,126.992279458327,2394.3,,http://place.map.kakao.com/17933692,서울 종로구 훈정동 1-2,candidate_unverified,정화예술대학교 명동캠퍼스 남산관 서문
26379626,정화예술대학교 명동캠퍼스 남산관,0,8066059,정전 서문,"여행 > 관광,명소 > 문화유적 > 문",37.5750159859724,126.993234990705,2336.6,,http://place.map.kakao.com/8066059,서울 종로구 훈정동 1-2,candidate_unverified,정화예술대학교 명동캠퍼스 남산관 서문
26379626,정화예술대학교 명동캠퍼스 남산관,0,11101684,영령전 서문,"여행 > 관광,명소 > 문화유적 > 문",37.5759781895547,126.992279458327,2394.3,,http://place.map.kakao.com/11101684,서울 종로구 훈정동 1-2,candidate_unverified,정화예술대학교 명동캠퍼스 남산관 서문
26379626,정화예술대학교 명동캠퍼스 남산관,0,16984282,남문 이용원,"가정,생활 > 이발소",37.5579229001817,126.972561343436,735.2,,http://place.map.kakao.com/16984282,서울 중구 남대문로5가 63-4,candidate_unverified,정화예술대학교 명동캠퍼스 남산관 남문
26379626,정화예술대학교 명동캠퍼스 남산관,0,2040519528,남산리더십센터 남문,"교통,수송 > 입출구",37.5592552852651,126.98737486939,663.0,,http://place.map.kakao.com/2040519528,서울 중구 남산동3가 34-5,candidate_unverified,정화예술대학교 명동캠퍼스 남산관 남문 | 정화예술대학교 명동캠퍼스 남산관 출입구
26379626,정화예술대학교 명동캠퍼스 남산관,0,8508492,정전 남문,"여행 > 관광,명소 > 문화유적 > 문",37.5743672948719,126.993687857325,2292.9,,http://place.map.kakao.com/8508492,서울 종로구 훈정동 1-2,candidate_unverified,정화예술대학교 명동캠퍼스 남산관 남문
26379626,정화예술대학교 명동캠퍼스 남산관,0,897362656,서울역KTX 고객주차장 입출구,"교통,수송 > 입출구",37.5532441051647,126.969251704,1072.6,,http://place.map.kakao.com/897362656,서울 용산구 동자동 43-205,candidate_unverified,정화예술대학교 명동캠퍼스 남산관 출입구
26379626,정화예술대학교 명동캠퍼스 남산관,0,26131902,서울역 서부출입구,"교통,수송 > 입출구",37.553705509211525,126.96961139732429,1026.1,,http://place.map.kakao.com/26131902,서울 용산구 동자동 43-205,candidate_unverified,정화예술대학교 명동캠퍼스 남산관 출입구
26379626,정화예술대학교 명동캠퍼스 남산관,0,18617868,명동입구,"교통,수송 > 입출구",37.5633884936779,126.982890899437,790.1,,http://place.map.kakao.com/18617868,서울 중구 명동2가,candidate_unverified,정화예술대학교 명동캠퍼스 남산관 출입구
26379626,정화예술대학교 명동캠퍼스 남산관,0,26985073,남대문시장 6번게이트,"교통,수송 > 입출구",37.558717858962936,126.97822449419233,329.9,,http://place.map.kakao.com/26985073,서울 중구 남창동 64-1,candidate_unverified,정화예술대학교 명동캠퍼스 남산관 출입구
26379626,정화예술대학교 명동캠퍼스 남산관,0,1989309214,남산하늘숲길 입구,"교통,수송 > 입출구",37.5523278045985,126.982572029257,491.9,,http://place.map.kakao.com/1989309214,서울 용산구 후암동 30-84,candidate_unverified,정화예술대학교 명동캠퍼스 남산관 출입구
26379626,정화예술대학교 명동캠퍼스 남산관,0,398782212,눈스퀘어 주차장입구,"교통,수송 > 입출구",37.5633307627586,126.9824336441,775.0,,http://place.map.kakao.com/398782212,서울 중구 명동2가 83-5,candidate_unverified,정화예술대학교 명동캠퍼스 남산관 출입구
26379626,정화예술대학교 명동캠퍼스 남산관,0,1375070350,남산공원 1번입구,"교통,수송 > 입출구",37.5522872184416,126.98229477569,488.6,,http://place.map.kakao.com/1375070350,서울 용산구 후암동 30-84,candidate_unverified,정화예술대학교 명동캠퍼스 남산관 출입구
26379626,정화예술대학교 명동캠퍼스 남산관,0,18143503,안중근의사기념관 출입구1,"교통,수송 > 입출구",37.5546522540074,126.981743067785,224.6,,http://place.map.kakao.com/18143503,서울 중구 회현동1가 147-32,candidate_unverified,정화예술대학교 명동캠퍼스 남산관 출입구
26379626,정화예술대학교 명동캠퍼스 남산관,0,72546964,천주교서울대교구 주교좌 명동대성당 입구,"교통,수송 > 입출구",37.5642737528582,126.986613407841,1009.4,,http://place.map.kakao.com/72546964,서울 중구 명동2가 1-17,candidate_unverified,정화예술대학교 명동캠퍼스 남산관 출입구
26379626,정화예술대학교 명동캠퍼스 남산관,0,135697378,남대문시장 게이트3,"교통,수송 > 입출구",37.56093160629,126.978212531763,539.8,,http://place.map.kakao.com/135697378,서울 중구 남대문로3가 30-13,candidate_unverified,정화예술대학교 명동캠퍼스 남산관 출입구
26379626,정화예술대학교 명동캠퍼스 남산관,0,115450973,약현성당 정문,"교통,수송 > 입출구",37.5594021768961,126.968321103042,1138.5,,http://place.map.kakao.com/115450973,서울 중구 중림동 149-2,candidate_unverified,정화예술대학교 명동캠퍼스 남산관 출입구
26379626,정화예술대학교 명동캠퍼스 남산관,0,861787992,명동성당 가톨릭회관 후문,"교통,수송 > 입출구",37.5641430857663,126.986415354827,988.0,,http://place.map.kakao.com/861787992,서울 중구 명동2가 1-17,candidate_unverified,정화예술대학교 명동캠퍼스 남산관 출입구
26379626,정화예술대학교 명동캠퍼스 남산관,0,2100074496,남대문시장 1번게이트,"교통,수송 > 입출구",37.5599937766433,126.97598281472,569.6,,http://place.map.kakao.com/2100074496,서울 중구 남대문로4가 24,candidate_unverified,정화예술대학교 명동캠퍼스 남산관 출입구
26379626,정화예술대학교 명동캠퍼스 남산관,0,1076223845,한국철도공사 서울본부 입구,"교통,수송 > 입출구",37.55752208696419,126.96942536978734,1000.9,,http://place.map.kakao.com/1076223845,서울 중구 봉래동2가 122,candidate_unverified,정화예술대학교 명동캠퍼스 남산관 출입구
26379626,정화예술대학교 명동캠퍼스 남산관,0,18096102,안중근의사기념관 출입구2,"교통,수송 > 입출구",37.5523780908817,126.98145843738,462.8,,http://place.map.kakao.com/18096102,서울 용산구 후암동 30-84,candidate_unverified,정화예술대학교 명동캠퍼스 남산관 출입구
26379626,정화예술대학교 명동캠퍼스 남산관,0,464705988,SK리더스뷰남산아파트 정문,"교통,수송 > 입출구",37.5591327772663,126.980878419377,293.4,,http://place.map.kakao.com/464705988,서울 중구 회현동1가 206,candidate_unverified,정화예술대학교 명동캠퍼스 남산관 출입구
26379626,정화예술대학교 명동캠퍼스 남산관,0,2134789290,남산리더십센터 동문,"교통,수송 > 입출구",37.5595905239504,126.988025595667,731.2,,http://place.map.kakao.com/2134789290,서울 중구 남산동3가 34-5,candidate_unverified,정화예술대학교 명동캠퍼스 남산관 출입구
26379626,정화예술대학교 명동캠퍼스 남산관,0,18093167,백범광장 주차장출입구,"교통,수송 > 입출구",37.5549692470028,126.980747071271,170.0,,http://place.map.kakao.com/18093167,서울 중구 회현동1가 100-115,candidate_unverified,정화예술대학교 명동캠퍼스 남산관 출입구
26379626,정화예술대학교 명동캠퍼스 남산관,0,744959050,르메르디앙 서울명동 지하주차장 입구,"교통,수송 > 입출구",37.5618963847265,126.982490572436,620.6,,http://place.map.kakao.com/744959050,서울 중구 충무로1가 21-17,candidate_unverified,정화예술대학교 명동캠퍼스 남산관 출입구
26379626,정화예술대학교 명동캠퍼스 남산관,0,18143508,안중근의사기념관 출입구3,"교통,수송 > 입출구",37.5545763689024,126.980484613211,214.5,,http://place.map.kakao.com/18143508,서울 중구 회현동1가 100-236,candidate_unverified,정화예술대학교 명동캠퍼스 남산관 출입구
26379626,정화예술대학교 명동캠퍼스 남산관,0,24582617,청계광장 진출입 경사로2번,"교통,수송 > 입출구",37.5691288374739,126.978040353196,1424.1,,http://place.map.kakao.com/24582617,서울 중구 무교동,candidate_unverified,정화예술대학교 명동캠퍼스 남산관 출입구
26379626,정화예술대학교 명동캠퍼스 남산관,0,24582622,삼일교 진출입 계단 7번,"교통,수송 > 입출구",37.5682075854278,126.987376754328,1428.7,,http://place.map.kakao.com/24582622,서울 종로구 관철동,candidate_unverified,정화예술대학교 명동캠퍼스 남산관 출입구
26379626,정화예술대학교 명동캠퍼스 남산관,0,154149261,나이스파크 시청역시티스퀘어 주차장입구,"교통,수송 > 입출구",37.56295288370011,126.97536874325,858.3,,http://place.map.kakao.com/154149261,서울 중구 서소문동 143,candidate_unverified,정화예술대학교 명동캠퍼스 남산관 출입구
26379626,정화예술대학교 명동캠퍼스 남산관,0,1003368506,SK리더스뷰남산아파트 입구,"교통,수송 > 입출구",37.5592472212587,126.98098591028,306.8,,http://place.map.kakao.com/1003368506,서울 중구 회현동1가 206,candidate_unverified,정화예술대학교 명동캠퍼스 남산관 출입구
26379626,정화예술대학교 명동캠퍼스 남산관,0,24582618,광통교 진출입 계단 3번,"교통,수송 > 입출구",37.5690501205507,126.981359222493,1397.0,,http://place.map.kakao.com/24582618,서울 종로구 서린동,candidate_unverified,정화예술대학교 명동캠퍼스 남산관 출입구
26379626,정화예술대학교 명동캠퍼스 남산관,0,1142964882,서울역센트럴자이아파트 정문,"교통,수송 > 입출구",37.5548572301628,126.964070005939,1477.8,,http://place.map.kakao.com/1142964882,서울 중구 만리동2가 37-1,candidate_unverified,정화예술대학교 명동캠퍼스 남산관 출입구
26379626,정화예술대학교 명동캠퍼스 남산관,0,24582621,광교 진출입 계단 6번,"교통,수송 > 입출구",37.5687548570305,126.983107003547,1379.3,,http://place.map.kakao.com/24582621,서울 중구 남대문로1가,candidate_unverified,정화예술대학교 명동캠퍼스 남산관 출입구
26379626,정화예술대학교 명동캠퍼스 남산관,0,907172688,더그랜드롯데 서울 정문,"교통,수송 > 입출구",37.56552260173246,126.980613056773,1003.6,,http://place.map.kakao.com/907172688,서울 중구 소공동 1,candidate_unverified,정화예술대학교 명동캠퍼스 남산관 출입구
26379626,정화예술대학교 명동캠퍼스 남산관,0,2075323793,숙명여자대학교 제1캠퍼스 정문,"교통,수송 > 입출구",37.5452474193529,126.964862197806,1875.0,,http://place.map.kakao.com/2075323793,서울 용산구 청파동2가 53-12,candidate_unverified,정화예술대학교 명동캠퍼스 남산관 출입구
26379626,정화예술대학교 명동캠퍼스 남산관,0,24582623,장통교 진출입 계단 8번,"교통,수송 > 입출구",37.5682434489874,126.985823744215,1381.8,,http://place.map.kakao.com/24582623,서울 중구 삼각동,candidate_unverified,정화예술대학교 명동캠퍼스 남산관 출입구
26379626,정화예술대학교 명동캠퍼스 남산관,0,1086812147,영락교회 지하주차장 입구,"교통,수송 > 입출구",37.5638432599419,126.988341835977,1058.4,,http://place.map.kakao.com/1086812147,서울 중구 저동1가 6,candidate_unverified,정화예술대학교 명동캠퍼스 남산관 출입구
26379626,정화예술대학교 명동캠퍼스 남산관,0,24582616,청계광장 진출입 계단 1번,"교통,수송 > 입출구",37.5692262620098,126.978678739891,1426.6,,http://place.map.kakao.com/24582616,서울 종로구 서린동,candidate_unverified,정화예술대학교 명동캠퍼스 남산관 출입구
26379626,정화예술대학교 명동캠퍼스 남산관,0,756036389,이화여자외국어고등학교 정문,"교통,수송 > 입출구",37.5646550951387,126.968726353018,1392.1,,http://place.map.kakao.com/756036389,서울 중구 순화동 1-149,candidate_unverified,정화예술대학교 명동캠퍼스 남산관 출입구
26379626,정화예술대학교 명동캠퍼스 남산관,0,975007361,투썸플레이스 앞 1-1 진입로,"교통,수송 > 입출구",37.5691921407208,126.979334143748,1416.8,,http://place.map.kakao.com/975007361,서울 종로구 서린동 148,candidate_unverified,정화예술대학교 명동캠퍼스 남산관 출입구
26379626,정화예술대학교 명동캠퍼스 남산관,0,24582619,모전교 진출입 계단 4번,"교통,수송 > 입출구",37.5689922605279,126.980154854369,1390.2,,http://place.map.kakao.com/24582619,서울 중구 다동,candidate_unverified,정화예술대학교 명동캠퍼스 남산관 출입구
26379626,정화예술대학교 명동캠퍼스 남산관,0,379041791,서소문성지역사박물관 부출입구,"교통,수송 > 입출구",37.5603736272741,126.968982799457,1119.7,,http://place.map.kakao.com/379041791,서울 중구 의주로2가 16-4,candidate_unverified,정화예술대학교 명동캠퍼스 남산관 출입구
26379626,정화예술대학교 명동캠퍼스 남산관,0,18090971,서소문역사공원 주차장출입구,"교통,수송 > 입출구",37.5614249624486,126.968499074788,1207.5,,http://place.map.kakao.com/18090971,서울 중구 의주로2가 16-4,candidate_unverified,정화예술대학교 명동캠퍼스 남산관 출입구
26379626,정화예술대학교 명동캠퍼스 남산관,0,18143132,서소문 근린공원 출입구6,"교통,수송 > 입출구",37.5606251366118,126.969486351472,1090.3,,http://place.map.kakao.com/18143132,서울 중구 의주로2가 16-4,candidate_unverified,정화예술대학교 명동캠퍼스 남산관 출입구
26379626,정화예술대학교 명동캠퍼스 남산관,0,1750160498,영락교회 정문,"교통,수송 > 입출구",37.5642848976288,126.98996939228,1190.2,,http://place.map.kakao.com/1750160498,서울 중구 저동2가 69,candidate_unverified,정화예술대학교 명동캠퍼스 남산관 출입구
26379626,정화예술대학교 명동캠퍼스 남산관,0,18091210,서소문근린공원 출입구1,"교통,수송 > 입출구",37.5596918763336,126.970161283521,995.1,,http://place.map.kakao.com/18091210,서울 중구 의주로2가 16-4,candidate_unverified,정화예술대학교 명동캠퍼스 남산관 출입구
26379626,정화예술대학교 명동캠퍼스 남산관,0,1732716971,동국대학교 서울캠퍼스 후문,"교통,수송 > 입출구",37.56071287063473,126.99936392096474,1710.2,,http://place.map.kakao.com/1732716971,서울 중구 필동3가 26-1,candidate_unverified,정화예술대학교 명동캠퍼스 남산관 출입구
26379626,정화예술대학교 명동캠퍼스 남산관,0,1634961301,미래에셋센터원빌딩 주차장입구,"교통,수송 > 입출구",37.5674063906119,126.98554884763,1285.9,,http://place.map.kakao.com/1634961301,서울 중구 수하동 67,candidate_unverified,정화예술대학교 명동캠퍼스 남산관 출입구
26379626,정화예술대학교 명동캠퍼스 남산관,0,1357417594,영락유치원 입구,"교통,수송 > 입출구",37.5638613129101,126.98868139142,1079.2,,http://place.map.kakao.com/1357417594,서울 중구 저동2가 69,candidate_unverified,정화예술대학교 명동캠퍼스 남산관 출입구
11237653,총신대학교 사당캠퍼스,0,397224411,서문여자중학교 정문,"교통,수송 > 입출구",37.4894236659471,126.984597104045,1547.0,,http://place.map.kakao.com/397224411,서울 서초구 방배동 1514,candidate_unverified,총신대학교 사당캠퍼스 서문 | 총신대학교 사당캠퍼스 출입구 | 총신대학교 서문 | 총신대학교 출입구
11237653,총신대학교 사당캠퍼스,0,692682845,숭실대학교 남문,"교통,수송 > 입출구",37.49526235075583,126.95888773551715,1007.5,,http://place.map.kakao.com/692682845,서울 동작구 상도동 511,candidate_unverified,총신대학교 사당캠퍼스 남문 | 총신대학교 사당캠퍼스 출입구 | 총신대학교 남문 | 총신대학교 출입구
11237653,총신대학교 사당캠퍼스,0,1409168461,관악드림타운아파트 남문,"교통,수송 > 입출구",37.4892639291416,126.948617171841,1628.8,,http://place.map.kakao.com/1409168461,서울 관악구 봉천동 1712,candidate_unverified,총신대학교 사당캠퍼스 남문 | 총신대학교 사당캠퍼스 출입구 | 총신대학교 남문 | 총신대학교 출입구
11237653,총신대학교 사당캠퍼스,0,1337038013,사당롯데캐슬골든포레아파트 정문,"교통,수송 > 입출구",37.4921353206135,126.962703562233,523.9,,http://place.map.kakao.com/1337038013,서울 동작구 사당동 1160,candidate_unverified,총신대학교 사당캠퍼스 출입구 | 총신대학교 출입구
11237653,총신대학교 사당캠퍼스,0,25491573,동작삼성래미안아파트정문,"교통,수송 > 입출구",37.4898246579274,126.970578072837,324.4,,http://place.map.kakao.com/25491573,서울 동작구 사당동 1133,candidate_unverified,총신대학교 사당캠퍼스 출입구 | 총신대학교 출입구
11237653,총신대학교 사당캠퍼스,0,26396782,숭실대학교 정문,"교통,수송 > 입출구",37.4959716382717,126.954504228758,1356.6,,http://place.map.kakao.com/26396782,서울 동작구 상도동 511,candidate_unverified,총신대학교 사당캠퍼스 출입구 | 총신대학교 출입구
11237653,총신대학교 사당캠퍼스,0,954005505,래미안로이파크아파트 후문,"교통,수송 > 입출구",37.4886432826493,126.973747958223,589.9,,http://place.map.kakao.com/954005505,서울 동작구 사당동 1159,candidate_unverified,총신대학교 사당캠퍼스 출입구 | 총신대학교 출입구
11237653,총신대학교 사당캠퍼스,0,570565310,숭실대학교 중문,"교통,수송 > 입출구",37.4954282647667,126.956725502974,1163.3,,http://place.map.kakao.com/570565310,서울 동작구 상도동,candidate_unverified,총신대학교 사당캠퍼스 출입구 | 총신대학교 출입구
11237653,총신대학교 사당캠퍼스,0,1212091856,서달산둘레길 입구,"교통,수송 > 입출구",37.4914189683841,126.976513973168,877.2,,http://place.map.kakao.com/1212091856,서울 동작구 사당동 1137-6,candidate_unverified,총신대학교 사당캠퍼스 출입구 | 총신대학교 출입구
11237653,총신대학교 사당캠퍼스,0,1837835714,서울대입구역서희스타힐스아파트 정문,"교통,수송 > 입출구",37.4886842566187,126.959350415417,682.0,,http://place.map.kakao.com/1837835714,서울 관악구 봉천동 1729,candidate_unverified,총신대학교 사당캠퍼스 출입구 | 총신대학교 출입구
11237653,총신대학교 사당캠퍼스,0,148851889,사당휴먼시아아파트 정문,"교통,수송 > 입출구",37.47971817410693,126.97109532388056,1085.6,,http://place.map.kakao.com/148851889,서울 동작구 사당동 1154,candidate_unverified,총신대학교 사당캠퍼스 출입구 | 총신대학교 출입구
11237653,총신대학교 사당캠퍼스,0,2013367291,관악드림타운아파트 북문,"교통,수송 > 입출구",37.49127610878637,126.95128665939158,1416.7,,http://place.map.kakao.com/2013367291,서울 관악구 봉천동 1712,candidate_unverified,총신대학교 사당캠퍼스 출입구 | 총신대학교 출입구
11237653,총신대학교 사당캠퍼스,0,507655019,관악우성아파트 후문,"교통,수송 > 입출구",37.4852725138157,126.95784846743,910.6,,http://place.map.kakao.com/507655019,서울 관악구 봉천동 1706,candidate_unverified,총신대학교 사당캠퍼스 출입구 | 총신대학교 출입구
11237653,총신대학교 사당캠퍼스,0,27496929,관악푸르지오아파트 정문,"교통,수송 > 입출구",37.4855331121042,126.961077537492,650.9,,http://place.map.kakao.com/27496929,서울 관악구 봉천동 1717,candidate_unverified,총신대학교 사당캠퍼스 출입구 | 총신대학교 출입구
11237653,총신대학교 사당캠퍼스,0,1883174239,동작삼성래미안아파트 지하주차장출입구,"교통,수송 > 입출구",37.4884732248469,126.970895205147,341.3,,http://place.map.kakao.com/1883174239,서울 동작구 사당동 1133,candidate_unverified,총신대학교 사당캠퍼스 출입구 | 총신대학교 출입구
11237653,총신대학교 사당캠퍼스,0,746098898,브라운스톤관악아파트 후문,"교통,수송 > 입출구",37.4876204271611,126.95753054958,854.7,,http://place.map.kakao.com/746098898,서울 관악구 봉천동 1721,candidate_unverified,총신대학교 사당캠퍼스 출입구 | 총신대학교 출입구
11237653,총신대학교 사당캠퍼스,0,1093742759,관악드림타운아파트 정문,"교통,수송 > 입출구",37.488285101783966,126.95211402690988,1321.9,,http://place.map.kakao.com/1093742759,서울 관악구 봉천동 1712,candidate_unverified,총신대학교 사당캠퍼스 출입구 | 총신대학교 출입구
11237653,총신대학교 사당캠퍼스,0,681158900,상도현대아파트 후문주차장 입구,"교통,수송 > 입출구",37.4943740519124,126.959158486348,923.1,,http://place.map.kakao.com/681158900,서울 동작구 상도동 412,candidate_unverified,총신대학교 사당캠퍼스 출입구 | 총신대학교 출입구
11237653,총신대학교 사당캠퍼스,0,27299111,국립서울현충원 정문,"교통,수송 > 입출구",37.5036472062595,126.975422168197,1793.1,,http://place.map.kakao.com/27299111,서울 동작구 동작동 205-8,candidate_unverified,총신대학교 사당캠퍼스 출입구 | 총신대학교 출입구
11237653,총신대학교 사당캠퍼스,0,740185391,관악브라운스톤 정문,"교통,수송 > 입출구",37.487989672779,126.957066747373,889.2,,http://place.map.kakao.com/740185391,서울 관악구 봉천동 1721,candidate_unverified,총신대학교 사당캠퍼스 출입구 | 총신대학교 출입구
11237653,총신대학교 사당캠퍼스,0,619825499,이수푸르지오더프레티움아파트 1단지 정문,"교통,수송 > 입출구",37.492149372277275,126.97968557624485,1168.4,,http://place.map.kakao.com/619825499,서울 동작구 사당동 43-26,candidate_unverified,총신대학교 사당캠퍼스 출입구 | 총신대학교 출입구
11237653,총신대학교 사당캠퍼스,0,26397039,중앙대학교 서울캠퍼스 후문,"교통,수송 > 입출구",37.5049202595248,126.954064506402,2114.9,,http://place.map.kakao.com/26397039,서울 동작구 흑석동 221,candidate_unverified,총신대학교 사당캠퍼스 출입구 | 총신대학교 출입구
11237653,총신대학교 사당캠퍼스,0,147478312,래미안상도2차아파트 정문,"교통,수송 > 입출구",37.4981312547529,126.959173403215,1236.6,,http://place.map.kakao.com/147478312,서울 동작구 상도동 421,candidate_unverified,총신대학교 사당캠퍼스 출입구 | 총신대학교 출입구
11237653,총신대학교 사당캠퍼스,0,62547136,서울대입구역서희스타힐스 주출입구,"교통,수송 > 입출구",37.4886887597115,126.959344759349,682.5,,http://place.map.kakao.com/62547136,서울 관악구 봉천동 1729,candidate_unverified,총신대학교 사당캠퍼스 출입구 | 총신대학교 출입구
11237653,총신대학교 사당캠퍼스,0,685732447,숭실대학교 후문,"교통,수송 > 입출구",37.4975118612233,126.958025918926,1242.9,,http://place.map.kakao.com/685732447,서울 동작구 상도동 511-3,candidate_unverified,총신대학교 사당캠퍼스 출입구 | 총신대학교 출입구
11237653,총신대학교 사당캠퍼스,0,409231082,상도래미안3차아파트 정문,"교통,수송 > 입출구",37.4980904638478,126.953625390296,1562.7,,http://place.map.kakao.com/409231082,서울 동작구 상도동 431,candidate_unverified,총신대학교 사당캠퍼스 출입구 | 총신대학교 출입구
11237653,총신대학교 사당캠퍼스,0,1869851950,중앙대학교 서울캠퍼스 정문,"교통,수송 > 입출구",37.5067563369528,126.958469749756,2121.0,,http://place.map.kakao.com/1869851950,서울 동작구 흑석동 221,candidate_unverified,총신대학교 사당캠퍼스 출입구 | 총신대학교 출입구
11237653,총신대학교 사당캠퍼스,0,369509956,이수힐스테이트아파트 후문,"교통,수송 > 입출구",37.4947494476877,126.978383301627,1188.4,,http://place.map.kakao.com/369509956,서울 동작구 동작동 333,candidate_unverified,총신대학교 사당캠퍼스 출입구 | 총신대학교 출입구
11237653,총신대학교 사당캠퍼스,0,1415206107,흑석자이아파트 GATE1,"교통,수송 > 입출구",37.5029798817072,126.962854238342,1604.4,,http://place.map.kakao.com/1415206107,서울 동작구 흑석동 253-89,candidate_unverified,총신대학교 사당캠퍼스 출입구 | 총신대학교 출입구
11237653,총신대학교 사당캠퍼스,0,1742329224,흑석자이아파트 게이트2,"교통,수송 > 입출구",37.5017807110784,126.960293291815,1547.6,,http://place.map.kakao.com/1742329224,서울 동작구 흑석동 250-2,candidate_unverified,총신대학교 사당캠퍼스 출입구 | 총신대학교 출입구
11237653,총신대학교 사당캠퍼스,0,480786392,이수푸르지오더프레티움아파트 2단지 정문,"교통,수송 > 입출구",37.493212705039,126.980542429992,1279.6,,http://place.map.kakao.com/480786392,서울 동작구 사당동 1161,candidate_unverified,총신대학교 사당캠퍼스 출입구 | 총신대학교 출입구
11237653,총신대학교 사당캠퍼스,0,1680011588,상도근린공원 산책로 입구,"교통,수송 > 입출구",37.4921618864599,126.956107721226,1031.5,,http://place.map.kakao.com/1680011588,서울 동작구 상도동 124-54,candidate_unverified,총신대학교 사당캠퍼스 출입구 | 총신대학교 출입구
11237653,총신대학교 사당캠퍼스,0,1236177787,흑석자이아파트 Gate3,"교통,수송 > 입출구",37.5005761550696,126.960558561406,1415.3,,http://place.map.kakao.com/1236177787,서울 동작구 흑석동 253-89,candidate_unverified,총신대학교 사당캠퍼스 출입구 | 총신대학교 출입구
11237653,총신대학교 사당캠퍼스,0,2123809786,래미안상도2차아파트 후문,"교통,수송 > 입출구",37.497627186809176,126.95801680749399,1253.2,,http://place.map.kakao.com/2123809786,서울 동작구 상도동 421,candidate_unverified,총신대학교 사당캠퍼스 출입구 | 총신대학교 출입구
11237653,총신대학교 사당캠퍼스,0,1284662025,사당휴먼시아아파트 후문,"교통,수송 > 입출구",37.4780049621282,126.96953015173,1235.6,,http://place.map.kakao.com/1284662025,서울 동작구 사당동 1154,candidate_unverified,총신대학교 사당캠퍼스 출입구 | 총신대학교 출입구
11237653,총신대학교 사당캠퍼스,0,625907172,흑석한강푸르지오아파트 Gate2,"교통,수송 > 입출구",37.5025262720579,126.96447056812,1527.6,,http://place.map.kakao.com/625907172,서울 동작구 흑석동 336,candidate_unverified,총신대학교 사당캠퍼스 출입구 | 총신대학교 출입구
11237653,총신대학교 사당캠퍼스,0,1246676399,중앙대학교 서울캠퍼스 중문,"교통,수송 > 입출구",37.5059431853532,126.957222722899,2080.4,,http://place.map.kakao.com/1246676399,서울 동작구 흑석동 221,candidate_unverified,총신대학교 사당캠퍼스 출입구 | 총신대학교 출입구
11237653,총신대학교 사당캠퍼스,0,1828420270,힐스테이트상도센트럴파크아파트 정문,"교통,수송 > 입출구",37.4968930106759,126.951346338675,1645.1,,http://place.map.kakao.com/1828420270,서울 동작구 상도동 531,candidate_unverified,총신대학교 사당캠퍼스 출입구 | 총신대학교 출입구
11237653,총신대학교 사당캠퍼스,0,1164217107,방배롯데캐슬아르떼아파트 정문,"교통,수송 > 입출구",37.4828426360604,126.984100974592,1648.5,,http://place.map.kakao.com/1164217107,서울 서초구 방배동 424-28,candidate_unverified,총신대학교 사당캠퍼스 출입구 | 총신대학교 출입구
11237653,총신대학교 사당캠퍼스,0,107717438,흑석한강센트레빌2차 정문,"교통,수송 > 입출구",37.5017355385932,126.959931420595,1555.6,,http://place.map.kakao.com/107717438,서울 동작구 흑석동 339,candidate_unverified,총신대학교 사당캠퍼스 출입구 | 총신대학교 출입구
11237653,총신대학교 사당캠퍼스,0,690423881,관악산등산로입구,"교통,수송 > 입출구",37.4682674594153,126.946033845893,2955.2,,http://place.map.kakao.com/690423881,서울 관악구 신림동 805,candidate_unverified,총신대학교 사당캠퍼스 출입구 | 총신대학교 출입구
11237653,총신대학교 사당캠퍼스,0,1470499924,서울원당초등학교 후문,"교통,수송 > 입출구",37.4814749389597,126.955864106955,1291.5,,http://place.map.kakao.com/1470499924,서울 관악구 봉천동 1669-1,candidate_unverified,총신대학교 사당캠퍼스 출입구 | 총신대학교 출입구
11237653,총신대학교 사당캠퍼스,0,1163690796,방배롯데캐슬아르떼아파트 후문,"교통,수송 > 입출구",37.483886036821,126.984346105257,1624.5,,http://place.map.kakao.com/1163690796,서울 서초구 방배동 424-28,candidate_unverified,총신대학교 사당캠퍼스 출입구 | 총신대학교 출입구
11237653,총신대학교 사당캠퍼스,0,581462508,동아타운아파트 주자창입구,"교통,수송 > 입출구",37.4769662324028,126.96081517141,1441.8,,http://place.map.kakao.com/581462508,서울 관악구 봉천동 1629-2,candidate_unverified,총신대학교 사당캠퍼스 출입구 | 총신대학교 출입구
11237653,총신대학교 사당캠퍼스,0,1410370198,힐스테이트관악센트씨엘아파트 정문,"교통,수송 > 입출구",37.4902288355792,126.946425119797,1827.3,,http://place.map.kakao.com/1410370198,서울 관악구 봉천동 1699-1,candidate_unverified,총신대학교 사당캠퍼스 출입구 | 총신대학교 출입구
8095775,추계예술대학교,0,606820975,SC제일은행 365코너 추계예술대정문,"금융,보험 > 금융서비스 > 은행 > ATM",37.5631498063206,126.953209318398,87.4,,http://place.map.kakao.com/606820975,서울 서대문구 북아현동 190-1,candidate_unverified,추계예술대학교 정문 | 추계예술대학교 후문 | 추계예술대학교 입구
8095775,추계예술대학교,0,897141236,서문,"여행 > 관광,명소 > 문화유적 > 사당,제단",37.57566024891,126.96687652701,1851.6,,http://place.map.kakao.com/897141236,서울 종로구 사직동 1-28,candidate_unverified,추계예술대학교 서문
8095775,추계예술대학교,0,1436482704,이화여자고등학교 서문,"교통,수송 > 입출구",37.5646866837945,126.968930077008,1346.8,,http://place.map.kakao.com/1436482704,서울 중구 순화동 1-1,candidate_unverified,추계예술대학교 서문 | 추계예술대학교 출입구
8095775,추계예술대학교,0,1052898871,종근당빌딩 서문,"교통,수송 > 입출구",37.55982408696,126.962965248078,856.9,,http://place.map.kakao.com/1052898871,서울 서대문구 충정로3가 368,candidate_unverified,추계예술대학교 서문 | 추계예술대학교 출입구
8095775,추계예술대학교,0,18922244,연세대학교 서문,"교통,수송 > 입출구",37.5637749061639,126.933953735176,1761.8,,http://place.map.kakao.com/18922244,서울 서대문구 연희동 25,candidate_unverified,추계예술대학교 서문
8095775,추계예술대학교,0,161482594,홍제역해링턴플레이스아파트 서문,"교통,수송 > 입출구",37.5889426566929,126.947011143829,2993.9,,http://place.map.kakao.com/161482594,서울 서대문구 홍제동 270-1,candidate_unverified,추계예술대학교 서문
8095775,추계예술대학교,0,16984282,남문 이용원,"가정,생활 > 이발소",37.5579229001817,126.972561343436,1725.6,,http://place.map.kakao.com/16984282,서울 중구 남대문로5가 63-4,candidate_unverified,추계예술대학교 남문
8095775,추계예술대학교,0,18922240,연세대학교 남문,"교통,수송 > 입출구",37.5614750339922,126.933014087396,1843.6,,http://place.map.kakao.com/18922240,서울 서대문구 신촌동 134,candidate_unverified,추계예술대학교 남문
8095775,추계예술대학교,0,433433574,서강대학교 남문,"교통,수송 > 입출구",37.5494986137581,126.938996489276,1958.6,,http://place.map.kakao.com/433433574,서울 마포구 신수동 1-1,candidate_unverified,추계예술대학교 남문
8095775,추계예술대학교,0,26397093,이화여자대학교 후문,"교통,수송 > 입출구",37.5635317504439,126.944692996803,817.1,,http://place.map.kakao.com/26397093,서울 서대문구 대신동 47,candidate_unverified,추계예술대학교 출입구
8095775,추계예술대학교,0,592662879,이화여자대학교 정문,"교통,수송 > 입출구",37.5594236592153,126.94566937595,804.4,,http://place.map.kakao.com/592662879,서울 서대문구 대현동,candidate_unverified,추계예술대학교 출입구
8095775,추계예술대학교,0,2109875238,힐스테이트신촌아파트 정문,"교통,수송 > 입출구",37.5623942632169,126.951944395407,172.2,,http://place.map.kakao.com/2109875238,서울 서대문구 북아현동 1-954,candidate_unverified,추계예술대학교 출입구
8095775,추계예술대학교,0,832082252,e편한세상신촌3단지아파트 입구,"교통,수송 > 입출구",37.5600984287875,126.956339532477,350.2,,http://place.map.kakao.com/832082252,서울 서대문구 북아현동 142-2,candidate_unverified,추계예술대학교 출입구
8095775,추계예술대학교,0,27377630,중앙여자고등학교 정문,"교통,수송 > 입출구",37.5622891231938,126.954930248887,97.5,,http://place.map.kakao.com/27377630,서울 서대문구 북아현동 190-1,candidate_unverified,추계예술대학교 출입구
8095775,추계예술대학교,0,7999562,연세대학교 동문,"교통,수송 > 입출구",37.5660622423696,126.945759633944,814.4,,http://place.map.kakao.com/7999562,서울 서대문구 신촌동 134,candidate_unverified,추계예술대학교 출입구
8095775,추계예술대학교,0,478077231,이화여자대학교 학관 출입구,"교통,수송 > 입출구",37.5635607324599,126.945014422532,789.5,,http://place.map.kakao.com/478077231,서울 서대문구 대현동 11-1,candidate_unverified,추계예술대학교 출입구
8095775,추계예술대학교,0,313573795,e편한세상신촌아파트1단지 후문,"교통,수송 > 입출구",37.5588278232198,126.949091193407,593.3,,http://place.map.kakao.com/313573795,서울 서대문구 북아현동 1013,candidate_unverified,추계예술대학교 출입구
8095775,추계예술대학교,0,1834345241,경기대학교 서울캠퍼스 후문,"교통,수송 > 입출구",37.564039417736,126.961611716429,700.3,,http://place.map.kakao.com/1834345241,서울 서대문구 충정로3가 1-50,candidate_unverified,추계예술대학교 출입구
8095775,추계예술대학교,0,18097390,연세대학교 정문,"교통,수송 > 입출구",37.5604968585685,126.936840480172,1520.0,,http://place.map.kakao.com/18097390,서울 서대문구 신촌동 134,candidate_unverified,추계예술대학교 출입구
8095775,추계예술대학교,0,1557454094,신촌푸르지오아파트 정문,"교통,수송 > 입출구",37.5605052392461,126.9528521884927,247.4,,http://place.map.kakao.com/1557454094,서울 서대문구 북아현동 1011,candidate_unverified,추계예술대학교 출입구
8095775,추계예술대학교,0,1122624057,마포더클래시 2단지아파트 정문,"교통,수송 > 입출구",37.5564114656951,126.949363325085,792.7,,http://place.map.kakao.com/1122624057,서울 마포구 아현동 662,candidate_unverified,추계예술대학교 출입구
8095775,추계예술대학교,0,1407355588,세브란스병원 본관주차장 입구,"교통,수송 > 입출구",37.56155810250957,126.9400471787673,1224.9,,http://place.map.kakao.com/1407355588,서울 서대문구 신촌동 134,candidate_unverified,추계예술대학교 출입구
8095775,추계예술대학교,0,1341536850,이대공대 철문,"교통,수송 > 입출구",37.5668145259871,126.947649370519,724.1,,http://place.map.kakao.com/1341536850,서울 서대문구 신촌동 34-1,candidate_unverified,추계예술대학교 출입구
8095775,추계예술대학교,0,666043195,마포더클래시아파트1단지 게이트1,"교통,수송 > 입출구",37.5553139489017,126.949126404109,909.8,,http://place.map.kakao.com/666043195,서울 마포구 아현동 662,candidate_unverified,추계예술대학교 출입구
8095775,추계예술대학교,0,792576920,신촌푸르지오1단지아파트 후문,"교통,수송 > 입출구",37.5606731796172,126.951504093947,297.8,,http://place.map.kakao.com/792576920,서울 서대문구 북아현동 1011,candidate_unverified,추계예술대학교 출입구
8095775,추계예술대학교,0,20526376,아현시장 입구,"교통,수송 > 입출구",37.5555678587332,126.955386991232,790.3,,http://place.map.kakao.com/20526376,서울 마포구 아현동 291-27,candidate_unverified,추계예술대학교 출입구
8095775,추계예술대학교,0,897362656,서울역KTX 고객주차장 입출구,"교통,수송 > 입출구",37.5532441051647,126.969251704,1706.3,,http://place.map.kakao.com/897362656,서울 용산구 동자동 43-205,candidate_unverified,추계예술대학교 출입구
8095775,추계예술대학교,0,1238780392,마포프레스티지자이아파트 정문,"교통,수송 > 입출구",37.5542211934313,126.947422784266,1089.6,,http://place.map.kakao.com/1238780392,서울 마포구 염리동 14-149,candidate_unverified,추계예술대학교 출입구
8095775,추계예술대학교,0,1142964882,서울역센트럴자이아파트 정문,"교통,수송 > 입출구",37.5548572301628,126.964070005939,1242.0,,http://place.map.kakao.com/1142964882,서울 중구 만리동2가 37-1,candidate_unverified,추계예술대학교 출입구
8095775,추계예술대학교,0,1844501862,서강대학교 후문,"교통,수송 > 입출구",37.5507696837461,126.943969110916,1577.0,,http://place.map.kakao.com/1844501862,서울 마포구 대흥동 22-60,candidate_unverified,추계예술대학교 출입구
8095775,추계예술대학교,0,17578909,세브란스병원 본관주차장입구,"교통,수송 > 입출구",37.562144744763685,126.9420387378147,1045.2,,http://place.map.kakao.com/17578909,서울 서대문구 대신동 5,candidate_unverified,추계예술대학교 출입구
8095775,추계예술대학교,0,2029123161,경희궁자이2단지아파트 후문,"교통,수송 > 입출구",37.569028238981154,126.96451371163015,1180.1,,http://place.map.kakao.com/2029123161,서울 종로구 송월동 145,candidate_unverified,추계예술대학교 출입구
8095775,추계예술대학교,0,26131902,서울역 서부출입구,"교통,수송 > 입출구",37.553705509211525,126.96961139732429,1701.3,,http://place.map.kakao.com/26131902,서울 용산구 동자동 43-205,candidate_unverified,추계예술대학교 출입구
8095775,추계예술대학교,0,115450973,약현성당 정문,"교통,수송 > 입출구",37.5594021768961,126.968321103042,1320.5,,http://place.map.kakao.com/115450973,서울 중구 중림동 149-2,candidate_unverified,추계예술대학교 출입구
8095775,추계예술대학교,0,2066729900,마포그랑자이아파트 2단지 GATE2,"교통,수송 > 입출구",37.5542187596704,126.944086490514,1268.5,,http://place.map.kakao.com/2066729900,서울 마포구 대흥동 806,candidate_unverified,추계예술대학교 출입구
8095775,추계예술대학교,0,451681720,천연뜨란채아파트 제2출입구,"교통,수송 > 입출구",37.5662694422555,126.95910455162,616.9,,http://place.map.kakao.com/451681720,서울 서대문구 천연동 145,candidate_unverified,추계예술대학교 출입구
8095775,추계예술대학교,0,10043389,서강대학교 정문,"교통,수송 > 입출구",37.5516352233547,126.937925314256,1859.7,,http://place.map.kakao.com/10043389,서울 마포구 신수동 1-1,candidate_unverified,추계예술대학교 출입구
8095775,추계예술대학교,0,1255394510,힐스테이트신촌아파트 후문,"교통,수송 > 입출구",37.5612121264876,126.951872718162,233.2,,http://place.map.kakao.com/1255394510,서울 서대문구 북아현동 1017,candidate_unverified,추계예술대학교 출입구
8095775,추계예술대학교,0,1941047737,경기대학교 서울캠퍼스 정문,"교통,수송 > 입출구",37.5646956381472,126.962530460914,797.8,,http://place.map.kakao.com/1941047737,서울 서대문구 충정로2가 68-13,candidate_unverified,추계예술대학교 출입구
8095775,추계예술대학교,0,345254034,이화여자대학교 북아현문,"교통,수송 > 입출구",37.56809505093891,126.95021794364267,693.7,,http://place.map.kakao.com/345254034,서울 서대문구 대현동 11-1,candidate_unverified,추계예술대학교 출입구
8095775,추계예술대학교,0,1199034911,천연뜨란채아파트 제3출입구,"교통,수송 > 입출구",37.5661881393311,126.958493372233,571.4,,http://place.map.kakao.com/1199034911,서울 서대문구 천연동 145,candidate_unverified,추계예술대학교 출입구
8095775,추계예술대학교,0,1971212927,천연뜨란채아파트 제1출입구,"교통,수송 > 입출구",37.56816144967576,126.95886354895846,760.6,,http://place.map.kakao.com/1971212927,서울 서대문구 천연동 145,candidate_unverified,추계예술대학교 출입구
8095775,추계예술대학교,0,2028906449,경희궁자이2단지아파트 정문,"교통,수송 > 입출구",37.5713828481189,126.962593897506,1244.4,,http://place.map.kakao.com/2028906449,서울 종로구 홍파동 199,candidate_unverified,추계예술대학교 출입구
8095775,추계예술대학교,0,363935908,마포더클래시아파트 게이트2,"교통,수송 > 입출구",37.5561716457537,126.951134667398,752.1,,http://place.map.kakao.com/363935908,서울 마포구 아현동 662,candidate_unverified,추계예술대학교 출입구
8095775,추계예술대학교,0,1315137150,마포프레스티지자이아파트 게이트1,"교통,수송 > 입출구",37.55316400676476,126.94671734682578,1222.3,,http://place.map.kakao.com/1315137150,서울 마포구 염리동 532,candidate_unverified,추계예술대학교 출입구
8095775,추계예술대학교,0,26923796,마포래미안푸르지오2단지아파트 P4주차장입구,"교통,수송 > 입출구",37.5526915446465,126.954524093271,1100.4,,http://place.map.kakao.com/26923796,서울 마포구 아현동 779,candidate_unverified,추계예술대학교 출입구
8095775,추계예술대학교,0,699204189,안산자락길 입구,"교통,수송 > 입출구",37.5770768343509,126.951822887173,1622.8,,http://place.map.kakao.com/699204189,서울 서대문구 현저동 산 5-47,candidate_unverified,추계예술대학교 출입구
8095775,추계예술대학교,0,1053051576,종근당빌딩 정문,"교통,수송 > 입출구",37.5596484552514,126.963165663089,880.4,,http://place.map.kakao.com/1053051576,서울 서대문구 충정로3가 368,candidate_unverified,추계예술대학교 출입구
8095775,추계예술대학교,0,27577050,공덕자이아파트 후문,"교통,수송 > 입출구",37.551964922444,126.958272661727,1241.5,,http://place.map.kakao.com/27577050,서울 마포구 아현동 418-3,candidate_unverified,추계예술대학교 출입구
8095775,추계예술대학교,0,1056760774,천연뜨란채아파트 입구,"교통,수송 > 입출구",37.5684570116348,126.958965260143,792.7,,http://place.map.kakao.com/1056760774,서울 서대문구 천연동 145,candidate_unverified,추계예술대학교 출입구
8095775,추계예술대학교,0,395048112,천연뜨란채아파트 후문입구,"교통,수송 > 입출구",37.5687110990256,126.958984363633,817.1,,http://place.map.kakao.com/395048112,서울 서대문구 천연동 145-9,candidate_unverified,추계예술대학교 출입구
8095775,추계예술대학교,0,63477494,경희궁자이3단지아파트 정문,"교통,수송 > 입출구",37.569211287352,126.965003755568,1226.8,,http://place.map.kakao.com/63477494,서울 종로구 평동 233,candidate_unverified,추계예술대학교 출입구
1111828096,태재대학교,0,7940957,서문,"여행 > 관광,명소 > 문화유적 > 문",37.5709791010621,126.987887936369,1403.1,,http://place.map.kakao.com/7940957,서울 종로구 종로2가 38-4,candidate_unverified,태재대학교 서문
1111828096,태재대학교,0,897141236,서문,"여행 > 관광,명소 > 문화유적 > 사당,제단",37.57566024891,126.96687652701,2086.0,,http://place.map.kakao.com/897141236,서울 종로구 사직동 1-28,candidate_unverified,태재대학교 서문
1111828096,태재대학교,0,1183593067,NPD현대계동사옥주차장 서문,"교통,수송 > 입출구",37.5782950752746,126.986924483996,601.9,,http://place.map.kakao.com/1183593067,서울 종로구 계동 140-2,candidate_unverified,태재대학교 서문 | 태재대학교 출입구
1111828096,태재대학교,0,17933692,종묘 서문,"여행 > 관광,명소 > 문화유적 > 문",37.5759781895547,126.992279458327,915.6,,http://place.map.kakao.com/17933692,서울 종로구 훈정동 1-2,candidate_unverified,태재대학교 서문
1111828096,태재대학교,0,11101684,영령전 서문,"여행 > 관광,명소 > 문화유적 > 문",37.5759781895547,126.992279458327,915.6,,http://place.map.kakao.com/11101684,서울 종로구 훈정동 1-2,candidate_unverified,태재대학교 서문
1111828096,태재대학교,0,942123983,광장시장 서문,"교통,수송 > 입출구",37.570161603164,126.998089257945,1723.6,,http://place.map.kakao.com/942123983,서울 종로구 예지동 293-1,candidate_unverified,태재대학교 서문 | 태재대학교 출입구
1111828096,태재대학교,0,8066059,정전 서문,"여행 > 관광,명소 > 문화유적 > 문",37.5750159859724,126.993234990705,1047.2,,http://place.map.kakao.com/8066059,서울 종로구 훈정동 1-2,candidate_unverified,태재대학교 서문
1111828096,태재대학교,0,1436482704,이화여자고등학교 서문,"교통,수송 > 입출구",37.5646866837945,126.968930077008,2709.6,,http://place.map.kakao.com/1436482704,서울 중구 순화동 1-1,candidate_unverified,태재대학교 서문 | 태재대학교 입구
1111828096,태재대학교,0,8508492,정전 남문,"여행 > 관광,명소 > 문화유적 > 문",37.5743672948719,126.993687857325,1129.4,,http://place.map.kakao.com/8508492,서울 종로구 훈정동 1-2,candidate_unverified,태재대학교 남문
1111828096,태재대학교,0,687079444,한성대학교 남문,"교통,수송 > 입출구",37.5811424451233,127.010811769121,2000.0,,http://place.map.kakao.com/687079444,서울 성북구 삼선동2가 산 1-1,candidate_unverified,태재대학교 남문
1111828096,태재대학교,0,2040519528,남산리더십센터 남문,"교통,수송 > 입출구",37.5592552852651,126.98737486939,2707.5,,http://place.map.kakao.com/2040519528,서울 중구 남산동3가 34-5,candidate_unverified,태재대학교 남문
1111828096,태재대학교,0,117042694,성균관대학교 인문사회과학캠퍼스 정문,"교통,수송 > 입출구",37.5850002309339,126.996838384994,766.1,,http://place.map.kakao.com/117042694,서울 종로구 명륜3가 53,candidate_unverified,태재대학교 출입구
1111828096,태재대학교,0,972331115,창덕궁 후원 입구,"교통,수송 > 입출구",37.5795389611989,126.992958349553,608.1,,http://place.map.kakao.com/972331115,서울 종로구 와룡동 2-71,candidate_unverified,태재대학교 출입구
1111828096,태재대학교,0,18093911,성균관대학교 후문,"교통,수송 > 입출구",37.5892983133587,126.990086054512,653.0,,http://place.map.kakao.com/18093911,서울 종로구 명륜3가 산 2-14,candidate_unverified,태재대학교 출입구
1111828096,태재대학교,0,27271133,청와대 사랑채 입구,"교통,수송 > 입출구",37.5818877258424,126.97321371671741,1345.2,,http://place.map.kakao.com/27271133,서울 종로구 효자동 196,candidate_unverified,태재대학교 출입구
1111828096,태재대학교,0,2095650008,국립민속박물관 정문,"교통,수송 > 입출구",37.579630169106,126.979359561587,904.8,,http://place.map.kakao.com/2095650008,서울 종로구 세종로 1-1,candidate_unverified,태재대학교 출입구
1111828096,태재대학교,0,1429323459,원서공원앞 공영주차장 입구,"교통,수송 > 입출구",37.5783376414894,126.989084485094,588.2,,http://place.map.kakao.com/1429323459,서울 종로구 원서동 181,candidate_unverified,태재대학교 출입구
1111828096,태재대학교,0,740271303,현대계동사옥 공유주차장 입구,"교통,수송 > 입출구",37.5783890000368,126.98910485505,582.7,,http://place.map.kakao.com/740271303,서울 종로구 원서동 181,candidate_unverified,태재대학교 출입구
1111828096,태재대학교,0,1121088682,중앙중학교 후문,"교통,수송 > 입출구",37.5861759383013,126.985820344138,362.3,,http://place.map.kakao.com/1121088682,서울 종로구 계동 1-30,candidate_unverified,태재대학교 출입구
1111828096,태재대학교,0,727066808,현대원서공원 주차장입구,"교통,수송 > 입출구",37.578364675178825,126.9891263681207,585.6,,http://place.map.kakao.com/727066808,서울 종로구 원서동 181,candidate_unverified,태재대학교 출입구
1111828096,태재대학교,0,26396794,서울대학교병원 정문,"교통,수송 > 입출구",37.5770596068084,126.997405317092,1080.6,,http://place.map.kakao.com/26396794,서울 종로구 연건동 28-21,candidate_unverified,태재대학교 출입구
1111828096,태재대학교,0,526594387,서울재동초등학교 정문,"교통,수송 > 입출구",37.5798626506945,126.985599649314,479.4,,http://place.map.kakao.com/526594387,서울 종로구 가회동 210,candidate_unverified,태재대학교 출입구 | 태재대학교 입구
1111828096,태재대학교,0,1095971293,감사원 후문 입구,"교통,수송 > 입출구",37.5865975447486,126.985343605846,425.1,,http://place.map.kakao.com/1095971293,서울 종로구 삼청동 산 2-1,candidate_unverified,태재대학교 출입구
1111828096,태재대학교,0,554804728,서머셋팰리스서울 정문,"교통,수송 > 입출구",37.575140812568,126.981140354329,1133.3,,http://place.map.kakao.com/554804728,서울 종로구 수송동 85,candidate_unverified,태재대학교 출입구
1111828096,태재대학교,0,2009442075,서울대학교병원 후문,"교통,수송 > 입출구",37.5799644239191,127.001969861978,1268.1,,http://place.map.kakao.com/2009442075,서울 종로구 연건동 28-21,candidate_unverified,태재대학교 출입구
1111828096,태재대학교,0,1445219111,통인시장 출입구,"교통,수송 > 입출구",37.5808294405755,126.97101778763,1556.0,,http://place.map.kakao.com/1445219111,서울 종로구 창성동,candidate_unverified,태재대학교 출입구
1111828096,태재대학교,0,1266803081,운현궁 입구,"교통,수송 > 입출구",37.5758083191276,126.986818506908,875.8,,http://place.map.kakao.com/1266803081,서울 종로구 운니동 114-10,candidate_unverified,태재대학교 출입구
1111828096,태재대학교,0,24582622,삼일교 진출입 계단 7번,"교통,수송 > 입출구",37.5682075854278,126.987376754328,1712.8,,http://place.map.kakao.com/24582622,서울 종로구 관철동,candidate_unverified,태재대학교 출입구
1111828096,태재대학교,0,177870206,종오지하쇼핑센터 12번출구,"교통,수송 > 입출구",37.5709887308555,126.999409112333,1708.2,,http://place.map.kakao.com/177870206,서울 종로구 종로5가 82-1,candidate_unverified,태재대학교 출입구
1111828096,태재대학교,0,24582617,청계광장 진출입 경사로2번,"교통,수송 > 입출구",37.5691288374739,126.978040353196,1846.3,,http://place.map.kakao.com/24582617,서울 중구 무교동,candidate_unverified,태재대학교 출입구
1111828096,태재대학교,0,24582618,광통교 진출입 계단 3번,"교통,수송 > 입출구",37.5690501205507,126.981359222493,1729.8,,http://place.map.kakao.com/24582618,서울 종로구 서린동,candidate_unverified,태재대학교 출입구
1111828096,태재대학교,0,1375963086,탑골공원 북문,"교통,수송 > 입출구",37.571860290611234,126.98804740311353,1304.9,,http://place.map.kakao.com/1375963086,서울 종로구 종로2가 38-1,candidate_unverified,태재대학교 출입구
1111828096,태재대학교,0,24582621,광교 진출입 계단 6번,"교통,수송 > 입출구",37.5687548570305,126.983107003547,1712.9,,http://place.map.kakao.com/24582621,서울 중구 남대문로1가,candidate_unverified,태재대학교 출입구
1111828096,태재대학교,0,27610515,동방문화대학원대학교 정문,"교통,수송 > 입출구",37.59687398733751,126.99183907625228,1508.8,,http://place.map.kakao.com/27610515,서울 성북구 성북동 292-1,candidate_unverified,태재대학교 출입구
1111828096,태재대학교,0,457781282,경신고등학교 후문,"교통,수송 > 입출구",37.5913322557512,127.001791261831,1465.6,,http://place.map.kakao.com/457781282,서울 성북구 성북동 131-113,candidate_unverified,태재대학교 출입구 | 태재대학교 입구
1111828096,태재대학교,0,900488651,광장시장 동문,"교통,수송 > 입출구",37.5703778448469,127.001729634064,1885.3,,http://place.map.kakao.com/900488651,서울 종로구 종로5가 194-1,candidate_unverified,태재대학교 출입구
1111828096,태재대학교,0,24582623,장통교 진출입 계단 8번,"교통,수송 > 입출구",37.5682434489874,126.985823744215,1721.0,,http://place.map.kakao.com/24582623,서울 중구 삼각동,candidate_unverified,태재대학교 출입구
1111828096,태재대학교,0,1489762143,종로타워 주차장입구,"교통,수송 > 입출구",37.5710416714161,126.983733598158,1453.2,,http://place.map.kakao.com/1489762143,서울 종로구 공평동 70-2,candidate_unverified,태재대학교 출입구
1111828096,태재대학교,0,244220432,탑골공원 입구,"교통,수송 > 입출구",37.5719035485338,126.988148142647,1299.9,,http://place.map.kakao.com/244220432,서울 종로구 종로2가 38-6,candidate_unverified,태재대학교 출입구
1111828096,태재대학교,0,177748535,종오지하쇼핑센터 13번출구,"교통,수송 > 입출구",37.5710202671533,127.000059994367,1738.8,,http://place.map.kakao.com/177748535,서울 종로구 종로5가 82-1,candidate_unverified,태재대학교 출입구
1111828096,태재대학교,0,450056042,서울경찰청 정문,"교통,수송 > 입출구",37.5743452475062,126.972107039427,1760.9,,http://place.map.kakao.com/450056042,서울 종로구 내자동 201-11,candidate_unverified,태재대학교 출입구
1111828096,태재대학교,0,18617868,명동입구,"교통,수송 > 입출구",37.5633884936779,126.982890899437,2297.2,,http://place.map.kakao.com/18617868,서울 중구 명동2가,candidate_unverified,태재대학교 출입구
1111828096,태재대학교,0,27254919,광장시장 북2문,"교통,수송 > 입출구",37.5707238387684,127.000475425175,1787.1,,http://place.map.kakao.com/27254919,서울 종로구 종로4가 170-1,candidate_unverified,태재대학교 출입구
1111828096,태재대학교,0,18093191,낙산공원 주출입구,"교통,수송 > 입출구",37.5803282544374,127.00665227891,1655.1,,http://place.map.kakao.com/18093191,서울 종로구 동숭동 50-127,candidate_unverified,태재대학교 출입구
1111828096,태재대학교,0,24582616,청계광장 진출입 계단 1번,"교통,수송 > 입출구",37.5692262620098,126.978678739891,1809.7,,http://place.map.kakao.com/24582616,서울 종로구 서린동,candidate_unverified,태재대학교 출입구
1111828096,태재대학교,0,975007361,투썸플레이스 앞 1-1 진입로,"교통,수송 > 입출구",37.5691921407208,126.979334143748,1786.7,,http://place.map.kakao.com/975007361,서울 종로구 서린동 148,candidate_unverified,태재대학교 출입구
1111828096,태재대학교,0,24582625,수표교 진출입 계단 10번,"교통,수송 > 입출구",37.5681069489297,126.990283554953,1730.6,,http://place.map.kakao.com/24582625,서울 중구 수표동,candidate_unverified,태재대학교 출입구
1111828096,태재대학교,0,24582619,모전교 진출입 계단 4번,"교통,수송 > 입출구",37.5689922605279,126.980154854369,1776.1,,http://place.map.kakao.com/24582619,서울 중구 다동,candidate_unverified,태재대학교 출입구
1111828096,태재대학교,0,72546964,천주교서울대교구 주교좌 명동대성당 입구,"교통,수송 > 입출구",37.5642737528582,126.986613407841,2153.5,,http://place.map.kakao.com/72546964,서울 중구 명동2가 1-17,candidate_unverified,태재대학교 출입구
1111828096,태재대학교,0,398782212,눈스퀘어 주차장입구,"교통,수송 > 입출구",37.5633307627586,126.9824336441,2312.2,,http://place.map.kakao.com/398782212,서울 중구 명동2가 83-5,candidate_unverified,태재대학교 출입구
1111828096,태재대학교,0,75444292,인왕산 등산로 입구,"교통,수송 > 입출구",37.5782355968308,126.961916883022,2402.4,,http://place.map.kakao.com/75444292,서울 종로구 사직동 산 1-24,candidate_unverified,태재대학교 출입구
1111828096,태재대학교,0,27425368,서울효제초등학교 후문,"교통,수송 > 입출구",37.5732718145745,127.003047352795,1732.0,,http://place.map.kakao.com/27425368,서울 종로구 효제동 255-4,candidate_unverified,태재대학교 출입구 | 태재대학교 입구
1111828096,태재대학교,0,18143729,낙산공원 출입구3,"교통,수송 > 입출구",37.5805227479092,127.008536132308,1813.2,,http://place.map.kakao.com/18143729,서울 종로구 동숭동 50-112,candidate_unverified,태재대학교 출입구
1111828096,태재대학교,0,257766416,광장시장 북문,"교통,수송 > 입출구",37.5706355397427,126.999241584545,1732.3,,http://place.map.kakao.com/257766416,서울 종로구 종로4가 157-2,candidate_unverified,태재대학교 출입구
1111828096,태재대학교,0,222409565,성동공업고등학교 입구,"교통,수송 > 입출구",37.5689288554117,127.01613350567,2943.4,,http://place.map.kakao.com/222409565,서울 중구 흥인동 1-1,candidate_unverified,태재대학교 입구
1111828096,태재대학교,0,1358559046,홍익대학교사범대학 부속고등학교 후문,"교통,수송 > 입출구",37.5950289781094,127.003791050107,1863.7,,http://place.map.kakao.com/1358559046,서울 성북구 성북동 151,candidate_unverified,태재대학교 입구
1111828096,태재대학교,0,1383518559,서울동구고등학교 후문,"교통,수송 > 입출구",37.5931465730501,127.008333759244,2058.1,,http://place.map.kakao.com/1383518559,서울 성북구 성북동 168-275,candidate_unverified,태재대학교 입구
1111828096,태재대학교,0,756036389,이화여자외국어고등학교 정문,"교통,수송 > 입출구",37.5646550951387,126.968726353018,2723.7,,http://place.map.kakao.com/756036389,서울 중구 순화동 1-149,candidate_unverified,태재대학교 입구
1111828096,태재대학교,0,1622962699,서울광희초등학교 후문,"교통,수송 > 입출구",37.5679108374446,127.015329621392,2950.2,,http://place.map.kakao.com/1622962699,서울 중구 신당동 193-30,candidate_unverified,태재대학교 입구
8135259,한국방송통신대학교 대학본부,0,7940957,서문,"여행 > 관광,명소 > 문화유적 > 문",37.5709791010621,126.987887936369,1611.6,,http://place.map.kakao.com/7940957,서울 종로구 종로2가 38-4,candidate_unverified,한국방송통신대학교 대학본부 서문
8135259,한국방송통신대학교 대학본부,0,942123983,광장시장 서문,"교통,수송 > 입출구",37.570161603164,126.998089257945,1095.9,,http://place.map.kakao.com/942123983,서울 종로구 예지동 293-1,candidate_unverified,한국방송통신대학교 대학본부 서문 | 한국방송통신대학교 대학본부 출입구
8135259,한국방송통신대학교 대학본부,0,8066059,정전 서문,"여행 > 관광,명소 > 문화유적 > 문",37.5750159859724,126.993234990705,973.6,,http://place.map.kakao.com/8066059,서울 종로구 훈정동 1-2,candidate_unverified,한국방송통신대학교 대학본부 서문
8135259,한국방송통신대학교 대학본부,0,17933692,종묘 서문,"여행 > 관광,명소 > 문화유적 > 문",37.5759781895547,126.992279458327,1004.6,,http://place.map.kakao.com/17933692,서울 종로구 훈정동 1-2,candidate_unverified,한국방송통신대학교 대학본부 서문
8135259,한국방송통신대학교 대학본부,0,11101684,영령전 서문,"여행 > 관광,명소 > 문화유적 > 문",37.5759781895547,126.992279458327,1004.6,,http://place.map.kakao.com/11101684,서울 종로구 훈정동 1-2,candidate_unverified,한국방송통신대학교 대학본부 서문
8135259,한국방송통신대학교 대학본부,0,1183593067,NPD현대계동사옥주차장 서문,"교통,수송 > 입출구",37.5782950752746,126.986924483996,1412.4,,http://place.map.kakao.com/1183593067,서울 종로구 계동 140-2,candidate_unverified,한국방송통신대학교 대학본부 서문
8135259,한국방송통신대학교 대학본부,0,687079444,한성대학교 남문,"교통,수송 > 입출구",37.5811424451233,127.010811769121,727.7,,http://place.map.kakao.com/687079444,서울 성북구 삼선동2가 산 1-1,candidate_unverified,한국방송통신대학교 대학본부 남문 | 한국방송통신대학교 대학본부 출입구
8135259,한국방송통신대학교 대학본부,0,8508492,정전 남문,"여행 > 관광,명소 > 문화유적 > 문",37.5743672948719,126.993687857325,977.0,,http://place.map.kakao.com/8508492,서울 종로구 훈정동 1-2,candidate_unverified,한국방송통신대학교 대학본부 남문
8135259,한국방송통신대학교 대학본부,0,2040519528,남산리더십센터 남문,"교통,수송 > 입출구",37.5592552852651,126.98737486939,2610.7,,http://place.map.kakao.com/2040519528,서울 중구 남산동3가 34-5,candidate_unverified,한국방송통신대학교 대학본부 남문
8135259,한국방송통신대학교 대학본부,0,117042694,성균관대학교 인문사회과학캠퍼스 정문,"교통,수송 > 입출구",37.5850002309339,126.996838384994,833.8,,http://place.map.kakao.com/117042694,서울 종로구 명륜3가 53,candidate_unverified,한국방송통신대학교 대학본부 출입구
8135259,한국방송통신대학교 대학본부,0,2009442075,서울대학교병원 후문,"교통,수송 > 입출구",37.5799644239191,127.001969861978,114.8,,http://place.map.kakao.com/2009442075,서울 종로구 연건동 28-21,candidate_unverified,한국방송통신대학교 대학본부 출입구
8135259,한국방송통신대학교 대학본부,0,972331115,창덕궁 후원 입구,"교통,수송 > 입출구",37.5795389611989,126.992958349553,877.3,,http://place.map.kakao.com/972331115,서울 종로구 와룡동 2-71,candidate_unverified,한국방송통신대학교 대학본부 출입구
8135259,한국방송통신대학교 대학본부,0,26396794,서울대학교병원 정문,"교통,수송 > 입출구",37.5770596068084,126.997405317092,542.5,,http://place.map.kakao.com/26396794,서울 종로구 연건동 28-21,candidate_unverified,한국방송통신대학교 대학본부 출입구
8135259,한국방송통신대학교 대학본부,0,177870206,종오지하쇼핑센터 12번출구,"교통,수송 > 입출구",37.5709887308555,126.999409112333,968.7,,http://place.map.kakao.com/177870206,서울 종로구 종로5가 82-1,candidate_unverified,한국방송통신대학교 대학본부 출입구
8135259,한국방송통신대학교 대학본부,0,900488651,광장시장 동문,"교통,수송 > 입출구",37.5703778448469,127.001729634064,991.7,,http://place.map.kakao.com/900488651,서울 종로구 종로5가 194-1,candidate_unverified,한국방송통신대학교 대학본부 출입구
8135259,한국방송통신대학교 대학본부,0,18093191,낙산공원 주출입구,"교통,수송 > 입출구",37.5803282544374,127.00665227891,351.2,,http://place.map.kakao.com/18093191,서울 종로구 동숭동 50-127,candidate_unverified,한국방송통신대학교 대학본부 출입구
8135259,한국방송통신대학교 대학본부,0,18143729,낙산공원 출입구3,"교통,수송 > 입출구",37.5805227479092,127.008536132308,515.9,,http://place.map.kakao.com/18143729,서울 종로구 동숭동 50-112,candidate_unverified,한국방송통신대학교 대학본부 출입구
8135259,한국방송통신대학교 대학본부,0,18143728,낙산공원 출입구2,"교통,수송 > 입출구",37.5788686120996,127.007200079635,380.6,,http://place.map.kakao.com/18143728,서울 종로구 이화동 9-308,candidate_unverified,한국방송통신대학교 대학본부 출입구
8135259,한국방송통신대학교 대학본부,0,177748535,종오지하쇼핑센터 13번출구,"교통,수송 > 입출구",37.5710202671533,127.000059994367,948.6,,http://place.map.kakao.com/177748535,서울 종로구 종로5가 82-1,candidate_unverified,한국방송통신대학교 대학본부 출입구
8135259,한국방송통신대학교 대학본부,0,27425368,서울효제초등학교 후문,"교통,수송 > 입출구",37.5732718145745,127.003047352795,664.5,,http://place.map.kakao.com/27425368,서울 종로구 효제동 255-4,candidate_unverified,한국방송통신대학교 대학본부 출입구
8135259,한국방송통신대학교 대학본부,0,27254919,광장시장 북2문,"교통,수송 > 입출구",37.5707238387684,127.000475425175,971.7,,http://place.map.kakao.com/27254919,서울 종로구 종로4가 170-1,candidate_unverified,한국방송통신대학교 대학본부 출입구
8135259,한국방송통신대학교 대학본부,0,18091355,낙산공원 출입구1,"교통,수송 > 입출구",37.5794957280832,127.006792584929,343.5,,http://place.map.kakao.com/18091355,서울 종로구 동숭동 50-132,candidate_unverified,한국방송통신대학교 대학본부 출입구
8135259,한국방송통신대학교 대학본부,0,1825728644,창신동 쪽방촌입구,"교통,수송 > 입출구",37.570934162008,127.010980088474,1166.5,,http://place.map.kakao.com/1825728644,서울 종로구 창신동 447-2,candidate_unverified,한국방송통신대학교 대학본부 출입구
8135259,한국방송통신대학교 대학본부,0,1627522015,삼선푸르지오아파트 정문,"교통,수송 > 입출구",37.5843479206725,127.013344899129,1080.6,,http://place.map.kakao.com/1627522015,서울 성북구 삼선동2가 425,candidate_unverified,한국방송통신대학교 대학본부 출입구
8135259,한국방송통신대학교 대학본부,0,391618469,광장시장 남1문,"교통,수송 > 입출구",37.5698012117878,127.001430785735,1058.4,,http://place.map.kakao.com/391618469,서울 종로구 종로5가 194-1,candidate_unverified,한국방송통신대학교 대학본부 출입구
8135259,한국방송통신대학교 대학본부,0,18090722,보문사 출입구,"교통,수송 > 입출구",37.5844430223015,127.016534245742,1332.6,,http://place.map.kakao.com/18090722,서울 성북구 보문동3가 187-3,candidate_unverified,한국방송통신대학교 대학본부 출입구
8135259,한국방송통신대학교 대학본부,0,257766416,광장시장 북문,"교통,수송 > 입출구",37.5706355397427,126.999241584545,1010.6,,http://place.map.kakao.com/257766416,서울 종로구 종로4가 157-2,candidate_unverified,한국방송통신대학교 대학본부 출입구
8135259,한국방송통신대학교 대학본부,0,1305579219,광장시장 남2문,"교통,수송 > 입출구",37.5696174168277,127.000362223347,1094.0,,http://place.map.kakao.com/1305579219,서울 종로구 예지동,candidate_unverified,한국방송통신대학교 대학본부 출입구
8135259,한국방송통신대학교 대학본부,0,425186218,종로센트레빌아파트 정문,"교통,수송 > 입출구",37.5797236801173,127.016084890104,1162.5,,http://place.map.kakao.com/425186218,서울 종로구 숭인동 2-1,candidate_unverified,한국방송통신대학교 대학본부 출입구
8135259,한국방송통신대학교 대학본부,0,24582630,마전교 진출입 계단 15번,"교통,수송 > 입출구",37.5696930756845,127.002445010062,1063.2,,http://place.map.kakao.com/24582630,서울 종로구 종로5가,candidate_unverified,한국방송통신대학교 대학본부 출입구
8135259,한국방송통신대학교 대학본부,0,24582632,전태일다리(버들다리) 진출입 경사로 17번,"교통,수송 > 입출구",37.569739739021,127.007104116997,1120.0,,http://place.map.kakao.com/24582632,서울 종로구 종로6가,candidate_unverified,한국방송통신대학교 대학본부 출입구
8135259,한국방송통신대학교 대학본부,0,1597000245,e편한세상보문1단지아파트 출입구,"교통,수송 > 입출구",37.5820456119322,127.015555549951,1157.2,,http://place.map.kakao.com/1597000245,서울 성북구 보문동3가 230,candidate_unverified,한국방송통신대학교 대학본부 출입구
8135259,한국방송통신대학교 대학본부,0,966544243,중부시장 1문,"교통,수송 > 입출구",37.5666261112491,127.000303349922,1422.0,,http://place.map.kakao.com/966544243,서울 중구 을지로5가 270-37,candidate_unverified,한국방송통신대학교 대학본부 출입구
8135259,한국방송통신대학교 대학본부,0,1146029540,보문파크뷰자이아파트 정문,"교통,수송 > 입출구",37.5806766804553,127.017833081235,1324.9,,http://place.map.kakao.com/1146029540,서울 성북구 보문동6가 194-3,candidate_unverified,한국방송통신대학교 대학본부 출입구
8135259,한국방송통신대학교 대학본부,0,24582635,전태일다리(버들다리) 진출입 계단 20번,"교통,수송 > 입출구",37.569646033308,127.007140330446,1130.9,,http://place.map.kakao.com/24582635,서울 중구 을지로6가,candidate_unverified,한국방송통신대학교 대학본부 출입구
8135259,한국방송통신대학교 대학본부,0,177718565,종오지하쇼핑센터 14번출구,"교통,수송 > 입출구",37.5709707109614,127.000588623588,942.7,,http://place.map.kakao.com/177718565,서울 종로구 종로5가 82-1,candidate_unverified,한국방송통신대학교 대학본부 출입구
8135259,한국방송통신대학교 대학본부,0,18093911,성균관대학교 후문,"교통,수송 > 입출구",37.5892983133587,126.990086054512,1589.2,,http://place.map.kakao.com/18093911,서울 종로구 명륜3가 산 2-14,candidate_unverified,한국방송통신대학교 대학본부 출입구
8135259,한국방송통신대학교 대학본부,0,24582638,오간수교 진출입 계단 24번,"교통,수송 > 입출구",37.5697142723471,127.010336962123,1245.9,,http://place.map.kakao.com/24582638,서울 중구 신당동,candidate_unverified,한국방송통신대학교 대학본부 출입구
8135259,한국방송통신대학교 대학본부,0,1471031688,중부건어물시장 7문,"교통,수송 > 입출구",37.5655151644709,127.00212228603,1528.5,,http://place.map.kakao.com/1471031688,서울 중구 을지로5가 275-15,candidate_unverified,한국방송통신대학교 대학본부 출입구
8135259,한국방송통신대학교 대학본부,0,792285301,광장시장 남3문,"교통,수송 > 입출구",37.5694228006309,126.999361583013,1136.2,,http://place.map.kakao.com/792285301,서울 종로구 예지동 262-1,candidate_unverified,한국방송통신대학교 대학본부 출입구
8135259,한국방송통신대학교 대학본부,0,1429323459,원서공원앞 공영주차장 입구,"교통,수송 > 입출구",37.5783376414894,126.989084485094,1222.3,,http://place.map.kakao.com/1429323459,서울 종로구 원서동 181,candidate_unverified,한국방송통신대학교 대학본부 출입구
8135259,한국방송통신대학교 대학본부,0,740271303,현대계동사옥 공유주차장 입구,"교통,수송 > 입출구",37.5783890000368,126.98910485505,1220.1,,http://place.map.kakao.com/740271303,서울 종로구 원서동 181,candidate_unverified,한국방송통신대학교 대학본부 출입구
8135259,한국방송통신대학교 대학본부,0,1876556792,광장시장 북1문,"교통,수송 > 입출구",37.5706202227402,126.999228001142,1012.6,,http://place.map.kakao.com/1876556792,서울 종로구 종로4가 157-2,candidate_unverified,한국방송통신대학교 대학본부 출입구
8135259,한국방송통신대학교 대학본부,0,12804270,성신여자대학교입구,"교통,수송 > 입출구",37.5913042778387,127.020969757591,2081.0,,http://place.map.kakao.com/12804270,서울 성북구 동선동3가,candidate_unverified,한국방송통신대학교 대학본부 출입구
8135259,한국방송통신대학교 대학본부,0,207501270,종오지하쇼핑센터 10번출구,"교통,수송 > 입출구",37.5707815030805,127.000285255325,969.3,,http://place.map.kakao.com/207501270,서울 종로구 종로4가 160-2,candidate_unverified,한국방송통신대학교 대학본부 출입구
8135259,한국방송통신대학교 대학본부,0,24582633,나래교 진출입 계단 18번,"교통,수송 > 입출구",37.5696029046329,127.004781347245,1085.0,,http://place.map.kakao.com/24582633,서울 중구 방산동,candidate_unverified,한국방송통신대학교 대학본부 출입구
8135259,한국방송통신대학교 대학본부,0,727066808,현대원서공원 주차장입구,"교통,수송 > 입출구",37.578364675178825,126.9891263681207,1218.4,,http://place.map.kakao.com/727066808,서울 종로구 원서동 181,candidate_unverified,한국방송통신대학교 대학본부 출입구
8135259,한국방송통신대학교 대학본부,0,1198501183,종오지하쇼핑센터 11번출구,"교통,수송 > 입출구",37.5707274425982,126.99948835193,994.1,,http://place.map.kakao.com/1198501183,서울 종로구 종로4가 160-2,candidate_unverified,한국방송통신대학교 대학본부 출입구
8135259,한국방송통신대학교 대학본부,0,24582629,배오개다리 진출입 계단 14번,"교통,수송 > 입출구",37.5688569636048,126.998211540409,1227.2,,http://place.map.kakao.com/24582629,서울 중구 주교동,candidate_unverified,한국방송통신대학교 대학본부 출입구
8135259,한국방송통신대학교 대학본부,0,356238254,종오지하쇼핑센터 9번출구,"교통,수송 > 입출구",37.5708067294679,127.000656540255,959.3,,http://place.map.kakao.com/356238254,서울 종로구 종로5가 194-1,candidate_unverified,한국방송통신대학교 대학본부 출입구
8135259,한국방송통신대학교 대학본부,0,24582622,삼일교 진출입 계단 7번,"교통,수송 > 입출구",37.5682075854278,126.987376754328,1838.5,,http://place.map.kakao.com/24582622,서울 종로구 관철동,candidate_unverified,한국방송통신대학교 대학본부 출입구
8135259,한국방송통신대학교 대학본부,0,24582637,오간수교 진출입 계단 22번,"교통,수송 > 입출구",37.5697359810435,127.00931821035,1199.1,,http://place.map.kakao.com/24582637,서울 중구 을지로6가,candidate_unverified,한국방송통신대학교 대학본부 출입구
12552760,한국방송통신대학교 서울지역대학,0,20576850,마장축산물시장서문 공영주차장,"교통,수송 > 교통시설 > 주차장 > 공영주차장",37.5704040774208,127.03831004887,2648.7,,http://place.map.kakao.com/20576850,서울 성동구 마장동 522-1,candidate_unverified,한국방송통신대학교 서울지역대학 서문
12552760,한국방송통신대학교 서울지역대학,0,414874702,마장축산물시장서문 공영주차장 입구,"교통,수송 > 입출구",37.5706446434896,127.038309040125,2674.6,,http://place.map.kakao.com/414874702,서울 성동구 마장동 522-1,candidate_unverified,한국방송통신대학교 서울지역대학 서문
12552760,한국방송통신대학교 서울지역대학,0,899785535,마장축산물시장 서문입구,"교통,수송 > 입출구",37.5700600610958,127.037801625054,2623.4,,http://place.map.kakao.com/899785535,서울 성동구 마장동 500,candidate_unverified,한국방송통신대학교 서울지역대학 서문
12552760,한국방송통신대학교 서울지역대학,0,1955995835,쏘카존 마장축산물시장 서문 공영주차장,"교통,수송 > 교통시설 > 카셰어링 > 쏘카존",37.57048155638996,127.03833046385209,2656.6,,http://place.map.kakao.com/1955995835,서울 성동구 마장동 522-1,candidate_unverified,한국방송통신대학교 서울지역대학 서문
12552760,한국방송통신대학교 서울지역대학,0,1968799237,어린이대공원 서문,"교통,수송 > 입출구",37.5519929203311,127.078699378208,2941.4,,http://place.map.kakao.com/1968799237,서울 광진구 능동 18,candidate_unverified,한국방송통신대학교 서울지역대학 서문
12552760,한국방송통신대학교 서울지역대학,0,1113195942,마장축산물시장 서문 공영주차장 전기차충전소,"교통,수송 > 자동차 > 전기차 충전소",37.5704698541006,127.038297630992,2656.0,,http://place.map.kakao.com/1113195942,서울 성동구 마장동 522-1,candidate_unverified,한국방송통신대학교 서울지역대학 서문
12552760,한국방송통신대학교 서울지역대학,0,1776230822,성동구 마장축산물시장 서문 공영주차장 전기차충전소,"교통,수송 > 자동차 > 전기차 충전소",37.5704229751497,127.038381372034,2649.1,,http://place.map.kakao.com/1776230822,서울 성동구 마장동 522-1,candidate_unverified,한국방송통신대학교 서울지역대학 서문
12552760,한국방송통신대학교 서울지역대학,0,51411800,마장축산물시장 서문 공영주차장 1 전기차충전소,"교통,수송 > 자동차 > 전기차 충전소",37.570410377767125,127.03833042737465,2648.9,,http://place.map.kakao.com/51411800,서울 성동구 마장동 522-1,candidate_unverified,한국방송통신대학교 서울지역대학 서문
12552760,한국방송통신대학교 서울지역대학,0,1174388774,서울숲한신더휴아파트 남문,"교통,수송 > 입출구",37.5538874370605,127.036965043061,1069.1,,http://place.map.kakao.com/1174388774,서울 성동구 행당동 349,candidate_unverified,한국방송통신대학교 서울지역대학 남문 | 한국방송통신대학교 서울지역대학 출입구
12552760,한국방송통신대학교 서울지역대학,0,1171079148,더샵스타시티아파트 남문,"교통,수송 > 입출구",37.5368324823168,127.071994299047,2584.4,,http://place.map.kakao.com/1171079148,서울 광진구 자양동 227-7,candidate_unverified,한국방송통신대학교 서울지역대학 남문
12552760,한국방송통신대학교 서울지역대학,0,2120159743,서울숲 4번출입구,"교통,수송 > 입출구",37.5464635237022,127.041448161733,400.6,,http://place.map.kakao.com/2120159743,서울 성동구 성수동1가 720,candidate_unverified,한국방송통신대학교 서울지역대학 출입구
12552760,한국방송통신대학교 서울지역대학,0,723416098,서울숲 3번출입구,"교통,수송 > 입출구",37.5450231256979,127.043127754466,352.8,,http://place.map.kakao.com/723416098,서울 성동구 성수동1가 720,candidate_unverified,한국방송통신대학교 서울지역대학 출입구
12552760,한국방송통신대학교 서울지역대학,0,798022641,서울숲 6번 출입구,"교통,수송 > 입출구",37.5483491585519,127.03926743052,591.2,,http://place.map.kakao.com/798022641,서울 성동구 성수동1가 685-124,candidate_unverified,한국방송통신대학교 서울지역대학 출입구
12552760,한국방송통신대학교 서울지역대학,0,1485080531,서울숲 2번출입구,"교통,수송 > 입출구",37.5438925751039,127.04256698158,481.1,,http://place.map.kakao.com/1485080531,서울 성동구 성수동1가 720,candidate_unverified,한국방송통신대학교 서울지역대학 출입구
12552760,한국방송통신대학교 서울지역대학,0,689197429,한양대학교 후문,"교통,수송 > 입출구",37.5558504729312,127.049864448928,1009.5,,http://place.map.kakao.com/689197429,서울 성동구 사근동 110,candidate_unverified,한국방송통신대학교 서울지역대학 출입구
12552760,한국방송통신대학교 서울지역대학,0,684755187,한양대학교 서울캠퍼스 정문,"교통,수송 > 입출구",37.5579753193835,127.042173212423,1225.6,,http://place.map.kakao.com/684755187,서울 성동구 사근동 110,candidate_unverified,한국방송통신대학교 서울지역대학 출입구
12552760,한국방송통신대학교 서울지역대학,0,1554261768,서울숲 입구,"교통,수송 > 입출구",37.5417179336093,127.044011835372,646.6,,http://place.map.kakao.com/1554261768,서울 성동구 성수동1가 655-4,candidate_unverified,한국방송통신대학교 서울지역대학 출입구
12552760,한국방송통신대학교 서울지역대학,0,522489340,서울숲 1번출입구,"교통,수송 > 입출구",37.5426475523779,127.04212497312,617.3,,http://place.map.kakao.com/522489340,서울 성동구 성수동1가 720,candidate_unverified,한국방송통신대학교 서울지역대학 출입구
12552760,한국방송통신대학교 서울지역대학,0,1362064886,성동자동차검사소 입구,"교통,수송 > 입출구",37.554036351034,127.056766684136,1216.1,,http://place.map.kakao.com/1362064886,서울 성동구 송정동 73-377,candidate_unverified,한국방송통신대학교 서울지역대학 출입구
12552760,한국방송통신대학교 서울지역대학,0,716434522,서울숲 5번출입구,"교통,수송 > 입출구",37.5470246604474,127.039357264229,573.8,,http://place.map.kakao.com/716434522,서울 성동구 성수동1가 720,candidate_unverified,한국방송통신대학교 서울지역대학 출입구
12552760,한국방송통신대학교 서울지역대학,0,27233769,서울숲 16번출입구,"교통,수송 > 입출구",37.5421584158906,127.041825973307,677.4,,http://place.map.kakao.com/27233769,서울 성동구 성수동1가 643,candidate_unverified,한국방송통신대학교 서울지역대학 출입구
12552760,한국방송통신대학교 서울지역대학,0,268343246,서울숲 디타워 주차장 입구,"교통,수송 > 입출구",37.5451489158345,127.044074957552,290.3,,http://place.map.kakao.com/268343246,서울 성동구 성수동1가 685-700,candidate_unverified,한국방송통신대학교 서울지역대학 출입구
12552760,한국방송통신대학교 서울지역대학,0,459565466,서울숲 9번출입구,"교통,수송 > 입출구",37.54405227285244,127.03652679847582,900.1,,http://place.map.kakao.com/459565466,서울 성동구 성수동1가 719,candidate_unverified,한국방송통신대학교 서울지역대학 출입구
12552760,한국방송통신대학교 서울지역대학,0,639896591,서울숲리버그린동아아파트 정문,"교통,수송 > 입출구",37.5534448073696,127.037723065612,986.6,,http://place.map.kakao.com/639896591,서울 성동구 응봉동 276,candidate_unverified,한국방송통신대학교 서울지역대학 출입구
12552760,한국방송통신대학교 서울지역대학,0,1424741564,한진타운아파트 후문,"교통,수송 > 입출구",37.5406790939421,127.046333083748,742.6,,http://place.map.kakao.com/1424741564,서울 성동구 성수동1가 704,candidate_unverified,한국방송통신대학교 서울지역대학 출입구
12552760,한국방송통신대학교 서울지역대학,0,654829038,라체르보푸르지오써밋아파트 정문,"교통,수송 > 입출구",37.5561460880762,127.037441491242,1227.7,,http://place.map.kakao.com/654829038,서울 성동구 행당동 128-7,candidate_unverified,한국방송통신대학교 서울지역대학 출입구
12552760,한국방송통신대학교 서울지역대학,0,2066627065,대림강변타운아파트 후문,"교통,수송 > 입출구",37.5542697307081,127.036090415634,1154.7,,http://place.map.kakao.com/2066627065,서울 성동구 응봉동 15,candidate_unverified,한국방송통신대학교 서울지역대학 출입구
12552760,한국방송통신대학교 서울지역대학,0,24582353,한강공원성덕정나들목 진출입로1,"교통,수송 > 입출구",37.5370935164714,127.045294451437,1141.2,,http://place.map.kakao.com/24582353,서울 성동구 성수동1가 697-1,candidate_unverified,한국방송통신대학교 서울지역대학 출입구
12552760,한국방송통신대학교 서울지역대학,0,26851499,한양대학교 서울캠퍼스 입구,"교통,수송 > 입출구",37.5541011796159,127.044227351969,764.6,,http://place.map.kakao.com/26851499,서울 성동구 행당동 17-7,candidate_unverified,한국방송통신대학교 서울지역대학 출입구
12552760,한국방송통신대학교 서울지역대학,0,1483993845,서울숲아이파크리버포레2차아파트 정문,"교통,수송 > 입출구",37.5491760191708,127.042605066776,351.2,,http://place.map.kakao.com/1483993845,서울 성동구 성수동1가 723,candidate_unverified,한국방송통신대학교 서울지역대학 출입구
12552760,한국방송통신대학교 서울지역대학,0,1219400889,강변건영아파트 후문,"교통,수송 > 입출구",37.5406070175178,127.046323987074,750.6,,http://place.map.kakao.com/1219400889,서울 성동구 성수동1가 710,candidate_unverified,한국방송통신대학교 서울지역대학 출입구
12552760,한국방송통신대학교 서울지역대학,0,1527859080,서울숲 15번출입구,"교통,수송 > 입출구",37.5418785609388,127.043337538883,647.2,,http://place.map.kakao.com/1527859080,서울 성동구 성수동1가 719,candidate_unverified,한국방송통신대학교 서울지역대학 출입구
12552760,한국방송통신대학교 서울지역대학,0,995645242,성수아이파크아파트 후문,"교통,수송 > 입출구",37.5472199668664,127.055571061964,856.9,,http://place.map.kakao.com/995645242,서울 성동구 성수동2가 834,candidate_unverified,한국방송통신대학교 서울지역대학 출입구
12552760,한국방송통신대학교 서울지역대학,0,1975033280,서울숲 11번출입구,"교통,수송 > 입출구",37.5436020634275,127.035576073088,997.1,,http://place.map.kakao.com/1975033280,서울 성동구 성수동1가 683-4,candidate_unverified,한국방송통신대학교 서울지역대학 출입구
12552760,한국방송통신대학교 서울지역대학,0,24582360,한강공원수레나루나들목 진출입로2,"교통,수송 > 입출구",37.5367463156157,127.048362736024,1199.3,,http://place.map.kakao.com/24582360,서울 성동구 성수동1가 694-119,candidate_unverified,한국방송통신대학교 서울지역대학 출입구
12552760,한국방송통신대학교 서울지역대학,0,24635895,중랑천성수계단 진출입로2,"교통,수송 > 입출구",37.5516285699555,127.044945636612,482.8,,http://place.map.kakao.com/24635895,서울 성동구 성수동1가 671-5,candidate_unverified,한국방송통신대학교 서울지역대학 출입구
12552760,한국방송통신대학교 서울지역대학,0,1228968804,서울숲 14번출입구,"교통,수송 > 입출구",37.5405269239682,127.043710154178,781.5,,http://place.map.kakao.com/1228968804,서울 성동구 성수동1가 643,candidate_unverified,한국방송통신대학교 서울지역대학 출입구
12552760,한국방송통신대학교 서울지역대학,0,1375822961,대림강변타운아파트 정문,"교통,수송 > 입출구",37.552224610015,127.035614121824,1053.1,,http://place.map.kakao.com/1375822961,서울 성동구 응봉동 15,candidate_unverified,한국방송통신대학교 서울지역대학 출입구
12552760,한국방송통신대학교 서울지역대학,0,396805567,서울숲 8번출입구,"교통,수송 > 입출구",37.5475299310196,127.037162199085,766.4,,http://place.map.kakao.com/396805567,서울 성동구 성수동1가 685-686,candidate_unverified,한국방송통신대학교 서울지역대학 출입구
12552760,한국방송통신대학교 서울지역대학,0,24635896,중랑천성수계단 진출입로3,"교통,수송 > 입출구",37.5517002665129,127.045941555282,484.2,,http://place.map.kakao.com/24635896,서울 성동구 성수동1가 656-40,candidate_unverified,한국방송통신대학교 서울지역대학 출입구
12552760,한국방송통신대학교 서울지역대학,0,24635894,중랑천성수경사로 진출입로1,"교통,수송 > 입출구",37.5516178216152,127.04477814217,484.3,,http://place.map.kakao.com/24635894,서울 성동구 성수동1가 671-5,candidate_unverified,한국방송통신대학교 서울지역대학 출입구
12552760,한국방송통신대학교 서울지역대학,0,24635898,중랑천성수계단 진출입로4,"교통,수송 > 입출구",37.5518043833934,127.046955603042,505.1,,http://place.map.kakao.com/24635898,서울 성동구 성수동1가 656-40,candidate_unverified,한국방송통신대학교 서울지역대학 출입구
12552760,한국방송통신대학교 서울지역대학,0,24582355,한강공원성덕정나들목 진출입로2,"교통,수송 > 입출구",37.5375619669663,127.045475768885,1088.5,,http://place.map.kakao.com/24582355,서울 성동구 성수동1가 694-1,candidate_unverified,한국방송통신대학교 서울지역대학 출입구
12552760,한국방송통신대학교 서울지역대학,0,24635899,중랑천성수계단 진출입로5,"교통,수송 > 입출구",37.5518366529698,127.047372081119,516.9,,http://place.map.kakao.com/24635899,서울 성동구 성수동1가 3-6,candidate_unverified,한국방송통신대학교 서울지역대학 출입구
12552760,한국방송통신대학교 서울지역대학,0,1076405162,한강공원서울숲나들목 진출입로1,"교통,수송 > 입출구",37.5401423404248,127.03518971848,1235.1,,http://place.map.kakao.com/1076405162,서울 성동구 성수동1가 701-1,candidate_unverified,한국방송통신대학교 서울지역대학 출입구
12552760,한국방송통신대학교 서울지역대학,0,1692680655,서울숲리버뷰자이아파트 정문,"교통,수송 > 입출구",37.5564115327555,127.038528102235,1197.1,,http://place.map.kakao.com/1692680655,서울 성동구 행당동 380,candidate_unverified,한국방송통신대학교 서울지역대학 출입구
12552760,한국방송통신대학교 서울지역대학,0,24582362,한강공원한신아파트나들목 진출입로1,"교통,수송 > 입출구",37.5349097721211,127.053258348939,1529.3,,http://place.map.kakao.com/24582362,서울 성동구 성수동2가 623,candidate_unverified,한국방송통신대학교 서울지역대학 출입구
12552760,한국방송통신대학교 서울지역대학,0,24635901,중랑천성수계단 진출입로7,"교통,수송 > 입출구",37.55135594621,127.050685311353,616.6,,http://place.map.kakao.com/24635901,서울 성동구 성수동1가 2-20,candidate_unverified,한국방송통신대학교 서울지역대학 출입구
12552760,한국방송통신대학교 서울지역대학,0,63135672,서울숲 10번출입구,"교통,수송 > 입출구",37.5436829016096,127.036402147141,927.5,,http://place.map.kakao.com/63135672,서울 성동구 성수동1가 685-30,candidate_unverified,한국방송통신대학교 서울지역대학 출입구
12552760,한국방송통신대학교 서울지역대학,0,24636293,중랑천응봉지하보도 진출입로1,"교통,수송 > 입출구",37.5510767446456,127.035593205622,995.0,,http://place.map.kakao.com/24636293,서울 성동구 응봉동 232,candidate_unverified,한국방송통신대학교 서울지역대학 출입구
12552760,한국방송통신대학교 서울지역대학,0,24635902,중랑천성수계단 진출입로8,"교통,수송 > 입출구",37.5512223090372,127.051355169249,648.9,,http://place.map.kakao.com/24635902,서울 성동구 성수동1가 2-20,candidate_unverified,한국방송통신대학교 서울지역대학 출입구
12552760,한국방송통신대학교 서울지역대학,0,24636295,중랑천행당경사로 진출입로1,"교통,수송 > 입출구",37.5535213258535,127.043176787638,726.0,,http://place.map.kakao.com/24636295,서울 성동구 행당동 81-1,candidate_unverified,한국방송통신대학교 서울지역대학 출입구
12552760,한국방송통신대학교 서울지역대학,0,24635900,중랑천성수계단 진출입로6,"교통,수송 > 입출구",37.5516158949574,127.04959907887,578.3,,http://place.map.kakao.com/24635900,서울 성동구 성수동1가 2-20,candidate_unverified,한국방송통신대학교 서울지역대학 출입구
12552760,한국방송통신대학교 서울지역대학,0,1075902199,한강공원서울숲나들목 진출입로2,"교통,수송 > 입출구",37.5414939740051,127.034737744688,1176.4,,http://place.map.kakao.com/1075902199,서울 성동구 성수동1가 698,candidate_unverified,한국방송통신대학교 서울지역대학 출입구
17010755,한국성서대학교,0,115330624,북한산아이파크아파트 남문,"교통,수송 > 입출구",37.6564648710679,127.043089004808,2092.6,,http://place.map.kakao.com/115330624,서울 도봉구 창동 825,candidate_unverified,한국성서대학교 남문
17010755,한국성서대학교,0,2010622185,대상타운현대아파트 남문,"교통,수송 > 입출구",37.6643662750807,127.048268608373,2251.2,,http://place.map.kakao.com/2010622185,서울 도봉구 방학동 720-1,candidate_unverified,한국성서대학교 남문
17010755,한국성서대학교,0,1251589918,상계한양아파트 후문,"교통,수송 > 입출구",37.6505178798149,127.067283378876,269.9,,http://place.map.kakao.com/1251589918,서울 노원구 상계동 757,candidate_unverified,한국성서대학교 출입구
17010755,한국성서대학교,0,18147050,달맞이 어린이교통공원 출입구2,"교통,수송 > 입출구",37.6454135172879,127.062914084754,434.4,,http://place.map.kakao.com/18147050,서울 노원구 중계동 500,candidate_unverified,한국성서대학교 출입구
17010755,한국성서대학교,0,26217824,노해근린공원 출입구,"교통,수송 > 입출구",37.6481515067461,127.071025133917,547.0,,http://place.map.kakao.com/26217824,서울 노원구 중계동 360-18,candidate_unverified,한국성서대학교 출입구
17010755,한국성서대학교,0,24635886,당현천상계계단 진출입로9,"교통,수송 > 입출구",37.6503482929348,127.067636775527,284.3,,http://place.map.kakao.com/24635886,서울 노원구 상계동 225-1,candidate_unverified,한국성서대학교 출입구
17010755,한국성서대학교,0,18071005,인제대학교 상계백병원 출입구,"교통,수송 > 입출구",37.6485632524913,127.063107109917,165.0,,http://place.map.kakao.com/18071005,서울 노원구 상계동 749-8,candidate_unverified,한국성서대학교 출입구
17010755,한국성서대학교,0,24635885,당현천상계 진출입로8,"교통,수송 > 입출구",37.6496717745482,127.065832168599,111.7,,http://place.map.kakao.com/24635885,서울 노원구 상계동 759-1,candidate_unverified,한국성서대학교 출입구
17010755,한국성서대학교,0,27383628,신상중학교 후문,"교통,수송 > 입출구",37.651882060063,127.06387595829,334.2,,http://place.map.kakao.com/27383628,서울 노원구 상계동 754-4,candidate_unverified,한국성서대학교 출입구
17010755,한국성서대학교,0,24635861,당현천중계계단 진출입로5,"교통,수송 > 입출구",37.6469048963709,127.064120982011,241.7,,http://place.map.kakao.com/24635861,서울 노원구 중계동 515-10,candidate_unverified,한국성서대학교 출입구
17010755,한국성서대학교,0,1680060488,청구3차아파트 정문,"교통,수송 > 입출구",37.6502398391099,127.074190934091,829.5,,http://place.map.kakao.com/1680060488,서울 노원구 중계동 360-2,candidate_unverified,한국성서대학교 출입구
17010755,한국성서대학교,0,24635863,당현천중계계단경사로 진출입로6,"교통,수송 > 입출구",37.648641226955,127.065513978071,66.3,,http://place.map.kakao.com/24635863,서울 노원구 중계동 467-2,candidate_unverified,한국성서대학교 출입구
17010755,한국성서대학교,0,2035287725,학여울청구아파트 정문,"교통,수송 > 입출구",37.6370938295044,127.061197416303,1362.3,,http://place.map.kakao.com/2035287725,서울 노원구 하계동 354,candidate_unverified,한국성서대학교 출입구
17010755,한국성서대학교,0,1787699212,롯데우성아파트 후문,"교통,수송 > 입출구",37.6475868385148,127.072101069678,652.7,,http://place.map.kakao.com/1787699212,서울 노원구 중계동 378,candidate_unverified,한국성서대학교 출입구
17010755,한국성서대학교,0,24635868,당현천중계계단경사로 진출입로8,"교통,수송 > 입출구",37.6503907817805,127.068946761579,388.7,,http://place.map.kakao.com/24635868,서울 노원구 중계동 421-1,candidate_unverified,한국성서대학교 출입구
17010755,한국성서대학교,0,1617797883,서울상천초등학교 정문,"교통,수송 > 입출구",37.6454320767243,127.058357916155,698.8,,http://place.map.kakao.com/1617797883,서울 노원구 상계동 769-4,candidate_unverified,한국성서대학교 출입구
17010755,한국성서대학교,0,24635882,당현천상계계단 진출입로6,"교통,수송 > 입출구",37.6472438453721,127.063790400954,217.3,,http://place.map.kakao.com/24635882,서울 노원구 상계동 205-1,candidate_unverified,한국성서대학교 출입구
17010755,한국성서대학교,0,24635867,당현천중계계단 진출입로7,"교통,수송 > 입출구",37.6500668863857,127.068157777447,310.7,,http://place.map.kakao.com/24635867,서울 노원구 중계동 454-10,candidate_unverified,한국성서대학교 출입구
17010755,한국성서대학교,0,1174790548,진로대림아파트 정문,"교통,수송 > 입출구",37.6489340274122,127.081455395469,1457.3,,http://place.map.kakao.com/1174790548,서울 노원구 중계동 78,candidate_unverified,한국성서대학교 출입구
17010755,한국성서대학교,0,24635884,당현천상계계단 진출입로7,"교통,수송 > 입출구",37.6484685689938,127.064915526691,57.8,,http://place.map.kakao.com/24635884,서울 노원구 상계동 205-1,candidate_unverified,한국성서대학교 출입구
17010755,한국성서대학교,0,24635879,당현천상계경사로 진출입로5,"교통,수송 > 입출구",37.6465270963038,127.062983010855,321.7,,http://place.map.kakao.com/24635879,서울 노원구 상계동 769-2,candidate_unverified,한국성서대학교 출입구
17010755,한국성서대학교,0,18091335,노해근린공원 출입구3,"교통,수송 > 입출구",37.6493666463643,127.069997384526,450.5,,http://place.map.kakao.com/18091335,서울 노원구 중계동 390-1,candidate_unverified,한국성서대학교 출입구
17010755,한국성서대학교,0,18131647,노해근린공원 출입구1,"교통,수송 > 입출구",37.6497375380368,127.070523520097,501.8,,http://place.map.kakao.com/18131647,서울 노원구 중계동 580,candidate_unverified,한국성서대학교 출입구
17010755,한국성서대학교,0,1936022185,롯데마트 지하주차장 입구,"교통,수송 > 입출구",37.6456230061403,127.071589276309,697.6,,http://place.map.kakao.com/1936022185,서울 노원구 중계동 361-5,candidate_unverified,한국성서대학교 출입구
17010755,한국성서대학교,0,1642502372,중계브라운스톤오피스텔 주차장입구,"교통,수송 > 입출구",37.6396967205691,127.06467675952,1033.4,,http://place.map.kakao.com/1642502372,서울 노원구 중계동 506,candidate_unverified,한국성서대학교 출입구
17010755,한국성서대학교,0,356517639,상계중앙시장 입구,"교통,수송 > 입출구",37.6587939628028,127.07094007392,1213.0,,http://place.map.kakao.com/356517639,서울 노원구 상계동,candidate_unverified,한국성서대학교 출입구
17010755,한국성서대학교,0,18143247,등나무근린공원 출입구6,"교통,수송 > 입출구",37.6411301738377,127.066323164584,882.7,,http://place.map.kakao.com/18143247,서울 노원구 중계동 508,candidate_unverified,한국성서대학교 출입구
17010755,한국성서대학교,0,18145229,노해근린공원 출입구6,"교통,수송 > 입출구",37.6498779528914,127.070754818491,524.7,,http://place.map.kakao.com/18145229,서울 노원구 중계동 517-1,candidate_unverified,한국성서대학교 출입구
17010755,한국성서대학교,0,18145227,노해근린공원 출입구4,"교통,수송 > 입출구",37.6478202685713,127.070485446932,508.4,,http://place.map.kakao.com/18145227,서울 노원구 중계동 517-1,candidate_unverified,한국성서대학교 출입구
17010755,한국성서대학교,0,24635857,당현천중계 진출입로4,"교통,수송 > 입출구",37.6441023221508,127.061707384844,611.8,,http://place.map.kakao.com/24635857,서울 노원구 중계동 501,candidate_unverified,한국성서대학교 출입구
17010755,한국성서대학교,0,18151234,노해근린공원 출입구2,"교통,수송 > 입출구",37.6495646873525,127.070292192004,478.8,,http://place.map.kakao.com/18151234,서울 노원구 중계동 390-1,candidate_unverified,한국성서대학교 출입구
17010755,한국성서대학교,0,24636589,중랑천창동경사로 진출입로3,"교통,수송 > 입출구",37.6461562868516,127.054982953062,928.4,,http://place.map.kakao.com/24636589,서울 도봉구 창동 756-43,candidate_unverified,한국성서대학교 출입구
17010755,한국성서대학교,0,755252270,녹천역두산위브아파트 정문,"교통,수송 > 입출구",37.6409611551804,127.053142483339,1367.0,,http://place.map.kakao.com/755252270,서울 노원구 월계동 950,candidate_unverified,한국성서대학교 출입구
17010755,한국성서대학교,0,18145228,노해근린공원 출입구5,"교통,수송 > 입출구",37.6478555565842,127.071731927744,614.3,,http://place.map.kakao.com/18145228,서울 노원구 중계동 517-1,candidate_unverified,한국성서대학교 출입구
17010755,한국성서대학교,0,1174844833,한신동성아파트 정문,"교통,수송 > 입출구",37.6410215830963,127.076064862131,1323.1,,http://place.map.kakao.com/1174844833,서울 노원구 하계동 256-5,candidate_unverified,한국성서대학교 출입구
17010755,한국성서대학교,0,24635876,당현천상계계단 진출입로4,"교통,수송 > 입출구",37.6446793567726,127.060928299114,593.3,,http://place.map.kakao.com/24635876,서울 노원구 상계동 711-2,candidate_unverified,한국성서대학교 출입구
17010755,한국성서대학교,0,24636587,중랑천창동계단 진출입로2,"교통,수송 > 입출구",37.6455868716853,127.054968936136,952.9,,http://place.map.kakao.com/24636587,서울 도봉구 창동 756-164,candidate_unverified,한국성서대학교 출입구
17010755,한국성서대학교,0,24635887,당현천상계계단 진출입로10,"교통,수송 > 입출구",37.6540182729122,127.071742388502,821.8,,http://place.map.kakao.com/24635887,서울 노원구 상계동 197-39,candidate_unverified,한국성서대학교 출입구
17010755,한국성서대학교,0,24635875,당현천상계경사로 진출입로3,"교통,수송 > 입출구",37.6440523073289,127.060859802368,654.2,,http://place.map.kakao.com/24635875,서울 노원구 상계동 711-1,candidate_unverified,한국성서대학교 출입구
17010755,한국성서대학교,0,24636235,중랑천상계경사로 진출입로2,"교통,수송 > 입출구",37.6462059201092,127.056718912762,784.1,,http://place.map.kakao.com/24636235,서울 노원구 상계동 739-3,candidate_unverified,한국성서대학교 출입구
17010755,한국성서대학교,0,24635855,당현천중계경사로 진출입로3,"교통,수송 > 입출구",37.642477190831,127.061239222953,792.6,,http://place.map.kakao.com/24635855,서울 노원구 중계동 504-3,candidate_unverified,한국성서대학교 출입구
17010755,한국성서대학교,0,24636234,중랑천상계계단 진출입로1,"교통,수송 > 입출구",37.6457806646853,127.056700459756,805.4,,http://place.map.kakao.com/24636234,서울 노원구 상계동 770-5,candidate_unverified,한국성서대학교 출입구
17010755,한국성서대학교,0,18143248,등나무근린공원 출입구7,"교통,수송 > 입출구",37.6413388488545,127.066948785471,869.5,,http://place.map.kakao.com/18143248,서울 노원구 중계동 509-3,candidate_unverified,한국성서대학교 출입구
17010755,한국성서대학교,0,18151381,중계근린공원 출입구2,"교통,수송 > 입출구",37.6395199108652,127.06507089285,1053.0,,http://place.map.kakao.com/18151381,서울 노원구 중계동 506-3,candidate_unverified,한국성서대학교 출입구
17010755,한국성서대학교,0,24636241,중랑천상계계단 진출입로4,"교통,수송 > 입출구",37.6528776504502,127.054919915815,979.5,,http://place.map.kakao.com/24636241,서울 노원구 상계동 739,candidate_unverified,한국성서대학교 출입구
17010755,한국성서대학교,0,18143436,중계근린공원 출입구4,"교통,수송 > 입출구",37.6409359717552,127.065588789157,897.4,,http://place.map.kakao.com/18143436,서울 노원구 중계동 507-1,candidate_unverified,한국성서대학교 출입구
17010755,한국성서대학교,0,18143433,중계근린공원 출입구3,"교통,수송 > 입출구",37.6401255343207,127.064776836728,985.6,,http://place.map.kakao.com/18143433,서울 노원구 중계동 506,candidate_unverified,한국성서대학교 출입구
26628690,한국예술종합학교 대학로캠퍼스,0,7940957,서문,"여행 > 관광,명소 > 문화유적 > 문",37.5709791010621,126.987887936369,1500.5,,http://place.map.kakao.com/7940957,서울 종로구 종로2가 38-4,candidate_unverified,한국예술종합학교 대학로캠퍼스 서문 | 한국예술종합학교 서문
26628690,한국예술종합학교 대학로캠퍼스,0,897141236,서문,"여행 > 관광,명소 > 문화유적 > 사당,제단",37.57566024891,126.96687652701,2738.7,,http://place.map.kakao.com/897141236,서울 종로구 사직동 1-28,candidate_unverified,한국예술종합학교 대학로캠퍼스 서문 | 한국예술종합학교 서문
26628690,한국예술종합학교 대학로캠퍼스,0,942123983,광장시장 서문,"교통,수송 > 입출구",37.570161603164,126.998089257945,1378.6,,http://place.map.kakao.com/942123983,서울 종로구 예지동 293-1,candidate_unverified,한국예술종합학교 대학로캠퍼스 서문 | 한국예술종합학교 대학로캠퍼스 출입구 | 한국예술종합학교 서문 | 한국예술종합학교 출입구
26628690,한국예술종합학교 대학로캠퍼스,0,1183593067,NPD현대계동사옥주차장 서문,"교통,수송 > 입출구",37.5782950752746,126.986924483996,983.0,,http://place.map.kakao.com/1183593067,서울 종로구 계동 140-2,candidate_unverified,한국예술종합학교 대학로캠퍼스 서문 | 한국예술종합학교 대학로캠퍼스 출입구 | 한국예술종합학교 서문 | 한국예술종합학교 출입구
26628690,한국예술종합학교 대학로캠퍼스,0,17933692,종묘 서문,"여행 > 관광,명소 > 문화유적 > 문",37.5759781895547,126.992279458327,825.6,,http://place.map.kakao.com/17933692,서울 종로구 훈정동 1-2,candidate_unverified,한국예술종합학교 대학로캠퍼스 서문 | 한국예술종합학교 서문
26628690,한국예술종합학교 대학로캠퍼스,0,11101684,영령전 서문,"여행 > 관광,명소 > 문화유적 > 문",37.5759781895547,126.992279458327,825.6,,http://place.map.kakao.com/11101684,서울 종로구 훈정동 1-2,candidate_unverified,한국예술종합학교 대학로캠퍼스 서문 | 한국예술종합학교 서문
26628690,한국예술종합학교 대학로캠퍼스,0,8066059,정전 서문,"여행 > 관광,명소 > 문화유적 > 문",37.5750159859724,126.993234990705,888.6,,http://place.map.kakao.com/8066059,서울 종로구 훈정동 1-2,candidate_unverified,한국예술종합학교 대학로캠퍼스 서문 | 한국예술종합학교 서문
26628690,한국예술종합학교 대학로캠퍼스,0,8508492,정전 남문,"여행 > 관광,명소 > 문화유적 > 문",37.5743672948719,126.993687857325,944.5,,http://place.map.kakao.com/8508492,서울 종로구 훈정동 1-2,candidate_unverified,한국예술종합학교 대학로캠퍼스 남문 | 한국예술종합학교 남문
26628690,한국예술종합학교 대학로캠퍼스,0,687079444,한성대학교 남문,"교통,수송 > 입출구",37.5811424451233,127.010811769121,1250.4,,http://place.map.kakao.com/687079444,서울 성북구 삼선동2가 산 1-1,candidate_unverified,한국예술종합학교 대학로캠퍼스 남문 | 한국예술종합학교 대학로캠퍼스 출입구 | 한국예술종합학교 남문 | 한국예술종합학교 출입구
26628690,한국예술종합학교 대학로캠퍼스,0,2040519528,남산리더십센터 남문,"교통,수송 > 입출구",37.5592552852651,126.98737486939,2714.3,,http://place.map.kakao.com/2040519528,서울 중구 남산동3가 34-5,candidate_unverified,한국예술종합학교 대학로캠퍼스 남문 | 한국예술종합학교 남문
26628690,한국예술종합학교 대학로캠퍼스,0,117042694,성균관대학교 인문사회과학캠퍼스 정문,"교통,수송 > 입출구",37.5850002309339,126.996838384994,276.8,,http://place.map.kakao.com/117042694,서울 종로구 명륜3가 53,candidate_unverified,한국예술종합학교 대학로캠퍼스 출입구 | 한국예술종합학교 출입구
26628690,한국예술종합학교 대학로캠퍼스,0,972331115,창덕궁 후원 입구,"교통,수송 > 입출구",37.5795389611989,126.992958349553,468.7,,http://place.map.kakao.com/972331115,서울 종로구 와룡동 2-71,candidate_unverified,한국예술종합학교 대학로캠퍼스 출입구 | 한국예술종합학교 출입구
26628690,한국예술종합학교 대학로캠퍼스,0,18093911,성균관대학교 후문,"교통,수송 > 입출구",37.5892983133587,126.990086054512,954.9,,http://place.map.kakao.com/18093911,서울 종로구 명륜3가 산 2-14,candidate_unverified,한국예술종합학교 대학로캠퍼스 출입구 | 한국예술종합학교 출입구
26628690,한국예술종합학교 대학로캠퍼스,0,26396794,서울대학교병원 정문,"교통,수송 > 입출구",37.5770596068084,126.997405317092,609.3,,http://place.map.kakao.com/26396794,서울 종로구 연건동 28-21,candidate_unverified,한국예술종합학교 대학로캠퍼스 출입구 | 한국예술종합학교 출입구
26628690,한국예술종합학교 대학로캠퍼스,0,2009442075,서울대학교병원 후문,"교통,수송 > 입출구",37.5799644239191,127.001969861978,541.9,,http://place.map.kakao.com/2009442075,서울 종로구 연건동 28-21,candidate_unverified,한국예술종합학교 대학로캠퍼스 출입구 | 한국예술종합학교 출입구
26628690,한국예술종합학교 대학로캠퍼스,0,177870206,종오지하쇼핑센터 12번출구,"교통,수송 > 입출구",37.5709887308555,126.999409112333,1303.0,,http://place.map.kakao.com/177870206,서울 종로구 종로5가 82-1,candidate_unverified,한국예술종합학교 대학로캠퍼스 출입구 | 한국예술종합학교 출입구
26628690,한국예술종합학교 대학로캠퍼스,0,18093191,낙산공원 주출입구,"교통,수송 > 입출구",37.5803282544374,127.00665227891,907.6,,http://place.map.kakao.com/18093191,서울 종로구 동숭동 50-127,candidate_unverified,한국예술종합학교 대학로캠퍼스 출입구 | 한국예술종합학교 출입구
26628690,한국예술종합학교 대학로캠퍼스,0,1429323459,원서공원앞 공영주차장 입구,"교통,수송 > 입출구",37.5783376414894,126.989084485094,818.0,,http://place.map.kakao.com/1429323459,서울 종로구 원서동 181,candidate_unverified,한국예술종합학교 대학로캠퍼스 출입구 | 한국예술종합학교 출입구
26628690,한국예술종합학교 대학로캠퍼스,0,740271303,현대계동사옥 공유주차장 입구,"교통,수송 > 입출구",37.5783890000368,126.98910485505,813.3,,http://place.map.kakao.com/740271303,서울 종로구 원서동 181,candidate_unverified,한국예술종합학교 대학로캠퍼스 출입구 | 한국예술종합학교 출입구
26628690,한국예술종합학교 대학로캠퍼스,0,727066808,현대원서공원 주차장입구,"교통,수송 > 입출구",37.578364675178825,126.9891263681207,813.3,,http://place.map.kakao.com/727066808,서울 종로구 원서동 181,candidate_unverified,한국예술종합학교 대학로캠퍼스 출입구 | 한국예술종합학교 출입구
26628690,한국예술종합학교 대학로캠퍼스,0,18143729,낙산공원 출입구3,"교통,수송 > 입출구",37.5805227479092,127.008536132308,1063.8,,http://place.map.kakao.com/18143729,서울 종로구 동숭동 50-112,candidate_unverified,한국예술종합학교 대학로캠퍼스 출입구 | 한국예술종합학교 출입구
26628690,한국예술종합학교 대학로캠퍼스,0,900488651,광장시장 동문,"교통,수송 > 입출구",37.5703778448469,127.001729634064,1419.5,,http://place.map.kakao.com/900488651,서울 종로구 종로5가 194-1,candidate_unverified,한국예술종합학교 대학로캠퍼스 출입구 | 한국예술종합학교 출입구
26628690,한국예술종합학교 대학로캠퍼스,0,457781282,경신고등학교 후문,"교통,수송 > 입출구",37.5913322557512,127.001791261831,1077.4,,http://place.map.kakao.com/457781282,서울 성북구 성북동 131-113,candidate_unverified,한국예술종합학교 대학로캠퍼스 출입구 | 한국예술종합학교 출입구
26628690,한국예술종합학교 대학로캠퍼스,0,18143728,낙산공원 출입구2,"교통,수송 > 입출구",37.5788686120996,127.007200079635,1007.8,,http://place.map.kakao.com/18143728,서울 종로구 이화동 9-308,candidate_unverified,한국예술종합학교 대학로캠퍼스 출입구 | 한국예술종합학교 출입구
26628690,한국예술종합학교 대학로캠퍼스,0,177748535,종오지하쇼핑센터 13번출구,"교통,수송 > 입출구",37.5710202671533,127.000059994367,1311.2,,http://place.map.kakao.com/177748535,서울 종로구 종로5가 82-1,candidate_unverified,한국예술종합학교 대학로캠퍼스 출입구 | 한국예술종합학교 출입구
26628690,한국예술종합학교 대학로캠퍼스,0,18091355,낙산공원 출입구1,"교통,수송 > 입출구",37.5794957280832,127.006792584929,948.2,,http://place.map.kakao.com/18091355,서울 종로구 동숭동 50-132,candidate_unverified,한국예술종합학교 대학로캠퍼스 출입구 | 한국예술종합학교 출입구
26628690,한국예술종합학교 대학로캠퍼스,0,27425368,서울효제초등학교 후문,"교통,수송 > 입출구",37.5732718145745,127.003047352795,1168.7,,http://place.map.kakao.com/27425368,서울 종로구 효제동 255-4,candidate_unverified,한국예술종합학교 대학로캠퍼스 출입구 | 한국예술종합학교 출입구
26628690,한국예술종합학교 대학로캠퍼스,0,1121088682,중앙중학교 후문,"교통,수송 > 입출구",37.5861759383013,126.985820344138,1043.9,,http://place.map.kakao.com/1121088682,서울 종로구 계동 1-30,candidate_unverified,한국예술종합학교 대학로캠퍼스 출입구 | 한국예술종합학교 출입구
26628690,한국예술종합학교 대학로캠퍼스,0,27271133,청와대 사랑채 입구,"교통,수송 > 입출구",37.5818877258424,126.97321371671741,2073.2,,http://place.map.kakao.com/27271133,서울 종로구 효자동 196,candidate_unverified,한국예술종합학교 대학로캠퍼스 출입구 | 한국예술종합학교 출입구
26628690,한국예술종합학교 대학로캠퍼스,0,27254919,광장시장 북2문,"교통,수송 > 입출구",37.5707238387684,127.000475425175,1351.8,,http://place.map.kakao.com/27254919,서울 종로구 종로4가 170-1,candidate_unverified,한국예술종합학교 대학로캠퍼스 출입구 | 한국예술종합학교 출입구
26628690,한국예술종합학교 대학로캠퍼스,0,526594387,서울재동초등학교 정문,"교통,수송 > 입출구",37.5798626506945,126.985599649314,1024.0,,http://place.map.kakao.com/526594387,서울 종로구 가회동 210,candidate_unverified,한국예술종합학교 대학로캠퍼스 출입구 | 한국예술종합학교 출입구
26628690,한국예술종합학교 대학로캠퍼스,0,2095650008,국립민속박물관 정문,"교통,수송 > 입출구",37.579630169106,126.979359561587,1563.7,,http://place.map.kakao.com/2095650008,서울 종로구 세종로 1-1,candidate_unverified,한국예술종합학교 대학로캠퍼스 출입구 | 한국예술종합학교 출입구
26628690,한국예술종합학교 대학로캠퍼스,0,24582622,삼일교 진출입 계단 7번,"교통,수송 > 입출구",37.5682075854278,126.987376754328,1791.4,,http://place.map.kakao.com/24582622,서울 종로구 관철동,candidate_unverified,한국예술종합학교 대학로캠퍼스 출입구 | 한국예술종합학교 출입구
26628690,한국예술종합학교 대학로캠퍼스,0,1627522015,삼선푸르지오아파트 정문,"교통,수송 > 입출구",37.5843479206725,127.013344899129,1478.4,,http://place.map.kakao.com/1627522015,서울 성북구 삼선동2가 425,candidate_unverified,한국예술종합학교 대학로캠퍼스 출입구 | 한국예술종합학교 출입구
26628690,한국예술종합학교 대학로캠퍼스,0,257766416,광장시장 북문,"교통,수송 > 입출구",37.5706355397427,126.999241584545,1339.1,,http://place.map.kakao.com/257766416,서울 종로구 종로4가 157-2,candidate_unverified,한국예술종합학교 대학로캠퍼스 출입구 | 한국예술종합학교 출입구
26628690,한국예술종합학교 대학로캠퍼스,0,1266803081,운현궁 입구,"교통,수송 > 입출구",37.5758083191276,126.986818506908,1148.2,,http://place.map.kakao.com/1266803081,서울 종로구 운니동 114-10,candidate_unverified,한국예술종합학교 대학로캠퍼스 출입구 | 한국예술종합학교 출입구
26628690,한국예술종합학교 대학로캠퍼스,0,391618469,광장시장 남1문,"교통,수송 > 입출구",37.5698012117878,127.001430785735,1472.9,,http://place.map.kakao.com/391618469,서울 종로구 종로5가 194-1,candidate_unverified,한국예술종합학교 대학로캠퍼스 출입구 | 한국예술종합학교 출입구
26628690,한국예술종합학교 대학로캠퍼스,0,12804270,성신여자대학교입구,"교통,수송 > 입출구",37.5913042778387,127.020969757591,2349.1,,http://place.map.kakao.com/12804270,서울 성북구 동선동3가,candidate_unverified,한국예술종합학교 대학로캠퍼스 출입구 | 한국예술종합학교 출입구
26628690,한국예술종합학교 대학로캠퍼스,0,1305579219,광장시장 남2문,"교통,수송 > 입출구",37.5696174168277,127.000362223347,1469.2,,http://place.map.kakao.com/1305579219,서울 종로구 예지동,candidate_unverified,한국예술종합학교 대학로캠퍼스 출입구 | 한국예술종합학교 출입구
26628690,한국예술종합학교 대학로캠퍼스,0,1364021540,경신중학교 후문,"교통,수송 > 입출구",37.5913241458011,127.001856933682,1079.0,,http://place.map.kakao.com/1364021540,서울 성북구 성북동1가 120-1,candidate_unverified,한국예술종합학교 대학로캠퍼스 출입구 | 한국예술종합학교 출입구
26628690,한국예술종합학교 대학로캠퍼스,0,18090722,보문사 출입구,"교통,수송 > 입출구",37.5844430223015,127.016534245742,1758.4,,http://place.map.kakao.com/18090722,서울 성북구 보문동3가 187-3,candidate_unverified,한국예술종합학교 대학로캠퍼스 출입구 | 한국예술종합학교 출입구
26628690,한국예술종합학교 대학로캠퍼스,0,1095971293,감사원 후문 입구,"교통,수송 > 입출구",37.5865975447486,126.985343605846,1101.2,,http://place.map.kakao.com/1095971293,서울 종로구 삼청동 산 2-1,candidate_unverified,한국예술종합학교 대학로캠퍼스 출입구 | 한국예술종합학교 출입구
26628690,한국예술종합학교 대학로캠퍼스,0,1358559046,홍익대학교사범대학 부속고등학교 후문,"교통,수송 > 입출구",37.5950289781094,127.003791050107,1524.6,,http://place.map.kakao.com/1358559046,서울 성북구 성북동 151,candidate_unverified,한국예술종합학교 대학로캠퍼스 출입구 | 한국예술종합학교 출입구
26628690,한국예술종합학교 대학로캠퍼스,0,966544243,중부시장 1문,"교통,수송 > 입출구",37.5666261112491,127.000303349922,1794.4,,http://place.map.kakao.com/966544243,서울 중구 을지로5가 270-37,candidate_unverified,한국예술종합학교 대학로캠퍼스 출입구 | 한국예술종합학교 출입구
26628690,한국예술종합학교 대학로캠퍼스,0,1825728644,창신동 쪽방촌입구,"교통,수송 > 입출구",37.570934162008,127.010980088474,1798.6,,http://place.map.kakao.com/1825728644,서울 종로구 창신동 447-2,candidate_unverified,한국예술종합학교 대학로캠퍼스 출입구 | 한국예술종합학교 출입구
26628690,한국예술종합학교 대학로캠퍼스,0,24582630,마전교 진출입 계단 15번,"교통,수송 > 입출구",37.5696930756845,127.002445010062,1511.9,,http://place.map.kakao.com/24582630,서울 종로구 종로5가,candidate_unverified,한국예술종합학교 대학로캠퍼스 출입구 | 한국예술종합학교 출입구
26628690,한국예술종합학교 대학로캠퍼스,0,177718565,종오지하쇼핑센터 14번출구,"교통,수송 > 입출구",37.5709707109614,127.000588623588,1327.7,,http://place.map.kakao.com/177718565,서울 종로구 종로5가 82-1,candidate_unverified,한국예술종합학교 대학로캠퍼스 출입구 | 한국예술종합학교 출입구
26628690,한국예술종합학교 대학로캠퍼스,0,1375963086,탑골공원 북문,"교통,수송 > 입출구",37.571860290611234,126.98804740311353,1410.0,,http://place.map.kakao.com/1375963086,서울 종로구 종로2가 38-1,candidate_unverified,한국예술종합학교 대학로캠퍼스 출입구 | 한국예술종합학교 출입구
26628690,한국예술종합학교 대학로캠퍼스,0,792285301,광장시장 남3문,"교통,수송 > 입출구",37.5694228006309,126.999361583013,1473.9,,http://place.map.kakao.com/792285301,서울 종로구 예지동 262-1,candidate_unverified,한국예술종합학교 대학로캠퍼스 출입구 | 한국예술종합학교 출입구
26628690,한국예술종합학교 대학로캠퍼스,0,1876556792,광장시장 북1문,"교통,수송 > 입출구",37.5706202227402,126.999228001142,1340.6,,http://place.map.kakao.com/1876556792,서울 종로구 종로4가 157-2,candidate_unverified,한국예술종합학교 대학로캠퍼스 출입구 | 한국예술종합학교 출입구
26628690,한국예술종합학교 대학로캠퍼스,0,24582626,세운교 진출입 경사로 11번,"교통,수송 > 입출구",37.5687019434723,126.99616047952,1536.5,,http://place.map.kakao.com/24582626,서울 종로구 장사동,candidate_unverified,한국예술종합학교 대학로캠퍼스 출입구 | 한국예술종합학교 출입구
26628690,한국예술종합학교 대학로캠퍼스,0,554804728,서머셋팰리스서울 정문,"교통,수송 > 입출구",37.575140812568,126.981140354329,1599.6,,http://place.map.kakao.com/554804728,서울 종로구 수송동 85,candidate_unverified,한국예술종합학교 대학로캠퍼스 출입구 | 한국예술종합학교 출입구
8149858,한국예술종합학교 서초동캠퍼스,0,397224411,서문여자중학교 정문,"교통,수송 > 입출구",37.4894236659471,126.984597104045,2637.6,,http://place.map.kakao.com/397224411,서울 서초구 방배동 1514,candidate_unverified,한국예술종합학교 서초동캠퍼스 서문 | 한국예술종합학교 서문
8149858,한국예술종합학교 서초동캠퍼스,0,1262912745,방배래미안아트힐아파트 서문,"교통,수송 > 입출구",37.4770077907567,127.00430626364,588.9,,http://place.map.kakao.com/1262912745,서울 서초구 방배동 1008-2,candidate_unverified,한국예술종합학교 서초동캠퍼스 서문 | 한국예술종합학교 서초동캠퍼스 출입구 | 한국예술종합학교 서문 | 한국예술종합학교 출입구
8149858,한국예술종합학교 서초동캠퍼스,0,2029399651,아크로비스타아파트 서문,"교통,수송 > 입출구",37.4985160421862,127.012767565565,2279.7,,http://place.map.kakao.com/2029399651,서울 서초구 서초동 1685-3,candidate_unverified,한국예술종합학교 서초동캠퍼스 서문 | 한국예술종합학교 서초동캠퍼스 출입구 | 한국예술종합학교 서문 | 한국예술종합학교 출입구
8149858,한국예술종합학교 서초동캠퍼스,0,1881280515,아크로비스타아파트 남문,"교통,수송 > 입출구",37.4970067483412,127.013730793716,2120.9,,http://place.map.kakao.com/1881280515,서울 서초구 서초동 1685-3,candidate_unverified,한국예술종합학교 서초동캠퍼스 남문 | 한국예술종합학교 서초동캠퍼스 출입구 | 한국예술종합학교 남문 | 한국예술종합학교 출입구
8149858,한국예술종합학교 서초동캠퍼스,0,27150563,서초래미안아파트 남문,"교통,수송 > 입출구",37.497555555294,127.01947339791748,2296.4,,http://place.map.kakao.com/27150563,서울 서초구 서초동 1682,candidate_unverified,한국예술종합학교 서초동캠퍼스 남문 | 한국예술종합학교 남문
8149858,한국예술종합학교 서초동캠퍼스,0,1317254606,서울고등학교 정문,"교통,수송 > 입출구",37.4835714551171,127.007923585025,663.7,,http://place.map.kakao.com/1317254606,서울 서초구 서초동 1526-1,candidate_unverified,한국예술종합학교 서초동캠퍼스 출입구 | 한국예술종합학교 출입구
8149858,한국예술종합학교 서초동캠퍼스,0,1924111349,서울고등학교 후문,"교통,수송 > 입출구",37.4830400148702,127.005117279086,748.7,,http://place.map.kakao.com/1924111349,서울 서초구 서초동 1526-1,candidate_unverified,한국예술종합학교 서초동캠퍼스 출입구 | 한국예술종합학교 출입구
8149858,한국예술종합학교 서초동캠퍼스,0,120306509,우면산 등산로 입구,"교통,수송 > 입출구",37.48195211884159,127.01812503563777,773.9,,http://place.map.kakao.com/120306509,서울 서초구 서초동 419-3,candidate_unverified,한국예술종합학교 서초동캠퍼스 출입구 | 한국예술종합학교 출입구
8149858,한국예술종합학교 서초동캠퍼스,0,27341305,상문고등학교 후문,"교통,수송 > 입출구",37.4807353068898,127.002998366618,753.0,,http://place.map.kakao.com/27341305,서울 서초구 방배동 992-13,candidate_unverified,한국예술종합학교 서초동캠퍼스 출입구 | 한국예술종합학교 출입구
8149858,한국예술종합학교 서초동캠퍼스,0,1787409940,서초더샵오데움1단지아파트 주차장입구,"교통,수송 > 입출구",37.4827243666409,127.009794697788,525.6,,http://place.map.kakao.com/1787409940,서울 서초구 서초동 1483-18,candidate_unverified,한국예술종합학교 서초동캠퍼스 출입구 | 한국예술종합학교 출입구
8149858,한국예술종합학교 서초동캠퍼스,0,21962527,서울교육대학교 사향문,"교통,수송 > 입출구",37.4892180773366,127.016576555259,1338.7,,http://place.map.kakao.com/21962527,서울 서초구 서초동 1650,candidate_unverified,한국예술종합학교 서초동캠퍼스 출입구 | 한국예술종합학교 출입구
8149858,한국예술종합학교 서초동캠퍼스,0,179085955,서초3차대림이편한세상아파트 입구,"교통,수송 > 입출구",37.4790997783393,127.007450529919,320.6,,http://place.map.kakao.com/179085955,서울 서초구 서초동 1467-37,candidate_unverified,한국예술종합학교 서초동캠퍼스 출입구 | 한국예술종합학교 출입구
8149858,한국예술종합학교 서초동캠퍼스,0,1448960356,서초3차대림이편한세상아파트 입구,"교통,수송 > 입출구",37.4783113640066,127.007928682455,258.7,,http://place.map.kakao.com/1448960356,서울 서초구 서초동 1467-37,candidate_unverified,한국예술종합학교 서초동캠퍼스 출입구 | 한국예술종합학교 출입구
8149858,한국예술종합학교 서초동캠퍼스,0,557121536,서초그랑자이아파트 정문,"교통,수송 > 입출구",37.4882467753069,127.02653797492273,1788.2,,http://place.map.kakao.com/557121536,서울 서초구 서초동 1757,candidate_unverified,한국예술종합학교 서초동캠퍼스 출입구 | 한국예술종합학교 출입구
8149858,한국예술종합학교 서초동캠퍼스,0,635541793,롯데마트 서초점 주차장입구,"교통,수송 > 입출구",37.4899543315569,127.005563264161,1401.1,,http://place.map.kakao.com/635541793,서울 서초구 서초동 1498-44,candidate_unverified,한국예술종합학교 서초동캠퍼스 출입구 | 한국예술종합학교 출입구
8149858,한국예술종합학교 서초동캠퍼스,0,1947968472,방배서리풀e편한세상아파트 정문,"교통,수송 > 입출구",37.4836401644055,126.997205034228,1353.5,,http://place.map.kakao.com/1947968472,서울 서초구 방배동 906-13,candidate_unverified,한국예술종합학교 서초동캠퍼스 출입구 | 한국예술종합학교 출입구
8149858,한국예술종합학교 서초동캠퍼스,0,969824285,방배서리풀e편한세상아파트 후문,"교통,수송 > 입출구",37.4844925455195,126.998804889812,1280.0,,http://place.map.kakao.com/969824285,서울 서초구 방배동 906-13,candidate_unverified,한국예술종합학교 서초동캠퍼스 출입구 | 한국예술종합학교 출입구
8149858,한국예술종합학교 서초동캠퍼스,0,856657886,우면산자연생태공원 입구,"교통,수송 > 입출구",37.4670437937844,127.0194666113,1443.1,,http://place.map.kakao.com/856657886,서울 서초구 우면동 634-81,candidate_unverified,한국예술종합학교 서초동캠퍼스 출입구 | 한국예술종합학교 출입구
8149858,한국예술종합학교 서초동캠퍼스,0,657781576,현대아파트 후문,"교통,수송 > 입출구",37.4855802486832,127.024417008953,1459.9,,http://place.map.kakao.com/657781576,서울 서초구 서초동 1436-1,candidate_unverified,한국예술종합학교 서초동캠퍼스 출입구 | 한국예술종합학교 출입구
8149858,한국예술종합학교 서초동캠퍼스,0,1877944690,동양고속아파트 후문,"교통,수송 > 입출구",37.4719391277292,127.023626892012,1318.1,,http://place.map.kakao.com/1877944690,서울 서초구 우면동 59,candidate_unverified,한국예술종합학교 서초동캠퍼스 출입구 | 한국예술종합학교 출입구
8149858,한국예술종합학교 서초동캠퍼스,0,1280196131,방배e편한세상1차아파트 정문,"교통,수송 > 입출구",37.48719105982945,126.99834691207037,1498.1,,http://place.map.kakao.com/1280196131,서울 서초구 방배동 884-21,candidate_unverified,한국예술종합학교 서초동캠퍼스 출입구 | 한국예술종합학교 출입구
8149858,한국예술종합학교 서초동캠퍼스,0,12663315,서울교육대학교 청람문,"교통,수송 > 입출구",37.4903283840274,127.014564064946,1401.9,,http://place.map.kakao.com/12663315,서울 서초구 서초동 1650,candidate_unverified,한국예술종합학교 서초동캠퍼스 출입구 | 한국예술종합학교 출입구
8149858,한국예술종합학교 서초동캠퍼스,0,1519844147,동일하이빌상가 지하입구,"교통,수송 > 입출구",37.4916462454024,127.008548623109,1523.0,,http://place.map.kakao.com/1519844147,서울 서초구 서초동 1542-1,candidate_unverified,한국예술종합학교 서초동캠퍼스 출입구 | 한국예술종합학교 출입구
8149858,한국예술종합학교 서초동캠퍼스,0,1882629393,서울회생법원 입구,"교통,수송 > 입출구",37.4983926528184,127.012310672283,2263.3,,http://place.map.kakao.com/1882629393,서울 서초구 서초동 1701-1,candidate_unverified,한국예술종합학교 서초동캠퍼스 출입구 | 한국예술종합학교 출입구
8149858,한국예술종합학교 서초동캠퍼스,0,1260084479,하이파킹 마제스타시티 주차장입구,"교통,수송 > 입출구",37.4907039240671,127.006463401568,1456.9,,http://place.map.kakao.com/1260084479,서울 서초구 서초동 1498-5,candidate_unverified,한국예술종합학교 서초동캠퍼스 출입구 | 한국예술종합학교 출입구
8149858,한국예술종합학교 서초동캠퍼스,0,635562913,양재주차빌딩 입구,"교통,수송 > 입출구",37.4831071183226,127.034674514562,2176.0,,http://place.map.kakao.com/635562913,서울 서초구 양재동 23,candidate_unverified,한국예술종합학교 서초동캠퍼스 출입구 | 한국예술종합학교 출입구
8149858,한국예술종합학교 서초동캠퍼스,0,1515014931,래미안리더스원아파트 정문,"교통,수송 > 입출구",37.4895610038272,127.028018576924,1982.1,,http://place.map.kakao.com/1515014931,서울 서초구 서초동 1336,candidate_unverified,한국예술종합학교 서초동캠퍼스 출입구 | 한국예술종합학교 출입구
8149858,한국예술종합학교 서초동캠퍼스,0,829649399,동덕여자중학교 정문,"교통,수송 > 입출구",37.4748866864664,126.993028097316,1611.6,,http://place.map.kakao.com/829649399,서울 서초구 방배동 593-96,candidate_unverified,한국예술종합학교 서초동캠퍼스 출입구 | 한국예술종합학교 출입구
8149858,한국예술종합학교 서초동캠퍼스,0,1417136688,서울중앙지방검찰청 정문,"교통,수송 > 입출구",37.4946284686609,127.00995908958,1842.7,,http://place.map.kakao.com/1417136688,서울 서초구 서초동 1724,candidate_unverified,한국예술종합학교 서초동캠퍼스 출입구 | 한국예술종합학교 출입구
8149858,한국예술종합학교 서초동캠퍼스,0,1272386304,대검찰청 정문,"교통,수송 > 입출구",37.4940637895707,127.006290677672,1823.1,,http://place.map.kakao.com/1272386304,서울 서초구 서초동 1730-1,candidate_unverified,한국예술종합학교 서초동캠퍼스 출입구 | 한국예술종합학교 출입구
8149858,한국예술종합학교 서초동캠퍼스,0,17355629,대법원후문,"교통,수송 > 입출구",37.4917924554747,127.003840103266,1646.1,,http://place.map.kakao.com/17355629,서울 서초구 서초동 170-18,candidate_unverified,한국예술종합학교 서초동캠퍼스 출입구 | 한국예술종합학교 출입구
8149858,한국예술종합학교 서초동캠퍼스,0,26524162,삼풍아파트 입구,"교통,수송 > 입출구",37.4969706614128,127.014126584792,2121.4,,http://place.map.kakao.com/26524162,서울 서초구 서초동 1685,candidate_unverified,한국예술종합학교 서초동캠퍼스 출입구 | 한국예술종합학교 출입구
8149858,한국예술종합학교 서초동캠퍼스,0,1295304002,서울양재초등학교 후문,"교통,수송 > 입출구",37.4737755025341,127.030930506099,1835.7,,http://place.map.kakao.com/1295304002,서울 서초구 양재동 101,candidate_unverified,한국예술종합학교 서초동캠퍼스 출입구 | 한국예술종합학교 출입구
8149858,한국예술종합학교 서초동캠퍼스,0,2093236267,서초그랑자이 동문,"교통,수송 > 입출구",37.4894646923766,127.027609214036,1947.6,,http://place.map.kakao.com/2093236267,서울 서초구 서초동 1335,candidate_unverified,한국예술종합학교 서초동캠퍼스 출입구 | 한국예술종합학교 출입구
8149858,한국예술종합학교 서초동캠퍼스,0,388626939,서울교육대학교 쪽문,"교통,수송 > 입출구",37.4915192138678,127.016837140498,1586.1,,http://place.map.kakao.com/388626939,서울 서초구 서초동 1650,candidate_unverified,한국예술종합학교 서초동캠퍼스 출입구 | 한국예술종합학교 서초동캠퍼스 쪽문 | 한국예술종합학교 출입구 | 한국예술종합학교 쪽문
8149858,한국예술종합학교 서초동캠퍼스,0,1555704834,서초한양수자인아파트 입구,"교통,수송 > 입출구",37.4875222017743,127.027254587514,1789.1,,http://place.map.kakao.com/1555704834,서울 서초구 서초동 1344-2,candidate_unverified,한국예술종합학교 서초동캠퍼스 출입구 | 한국예술종합학교 출입구
8149858,한국예술종합학교 서초동캠퍼스,0,955647565,서초리시온아파트 입구,"교통,수송 > 입출구",37.4935854230613,127.015373218997,1770.7,,http://place.map.kakao.com/955647565,서울 서초구 서초동 1671-5,candidate_unverified,한국예술종합학교 서초동캠퍼스 출입구 | 한국예술종합학교 출입구
8149858,한국예술종합학교 서초동캠퍼스,0,806190684,래미안서초에스티지아파트 정문,"교통,수송 > 입출구",37.4928943024636,127.025951608897,2119.8,,http://place.map.kakao.com/806190684,서울 서초구 서초동 1332-13,candidate_unverified,한국예술종합학교 서초동캠퍼스 출입구 | 한국예술종합학교 출입구
8149858,한국예술종합학교 서초동캠퍼스,0,1351257842,디에이치반포라클라스아파트 정문,"교통,수송 > 입출구",37.5001514070147,127.012405956491,2459.0,,http://place.map.kakao.com/1351257842,서울 서초구 반포동 1343,candidate_unverified,한국예술종합학교 서초동캠퍼스 출입구 | 한국예술종합학교 출입구
8149858,한국예술종합학교 서초동캠퍼스,0,903840803,두성종이 서초본사 정문,"교통,수송 > 입출구",37.4921159637144,127.020724886873,1788.5,,http://place.map.kakao.com/903840803,서울 서초구 서초동 1641-6,candidate_unverified,한국예술종합학교 서초동캠퍼스 출입구 | 한국예술종합학교 출입구
8149858,한국예술종합학교 서초동캠퍼스,0,904876727,두성종이 서초본사 후문,"교통,수송 > 입출구",37.4923214931287,127.02014824565,1784.6,,http://place.map.kakao.com/904876727,서울 서초구 서초동 1641-6,candidate_unverified,한국예술종합학교 서초동캠퍼스 출입구 | 한국예술종합학교 출입구
8149858,한국예술종합학교 서초동캠퍼스,0,1755787680,서울중앙지방법원 동문,"교통,수송 > 입출구",37.4976231707589,127.012525409433,2179.1,,http://place.map.kakao.com/1755787680,서울 서초구 서초동,candidate_unverified,한국예술종합학교 서초동캠퍼스 출입구 | 한국예술종합학교 출입구
8149858,한국예술종합학교 서초동캠퍼스,0,1948504359,삼풍아파트 북문,"교통,수송 > 입출구",37.4994683204506,127.013534469892,2391.0,,http://place.map.kakao.com/1948504359,서울 서초구 서초동 1685,candidate_unverified,한국예술종합학교 서초동캠퍼스 출입구 | 한국예술종합학교 출입구
8149858,한국예술종합학교 서초동캠퍼스,0,791713712,서초네이처힐3단지아파트 A출입구,"교통,수송 > 입출구",37.46423479891,127.02683468209,2087.7,,http://place.map.kakao.com/791713712,서울 서초구 우면동 717,candidate_unverified,한국예술종합학교 서초동캠퍼스 출입구 | 한국예술종합학교 출입구
8149858,한국예술종합학교 서초동캠퍼스,0,1125504132,서초네이처힐5단지아파트 정문,"교통,수송 > 입출구",37.4622946547383,127.023874789842,2097.6,,http://place.map.kakao.com/1125504132,서울 서초구 우면동 730,candidate_unverified,한국예술종합학교 서초동캠퍼스 출입구 | 한국예술종합학교 출입구
8149858,한국예술종합학교 서초동캠퍼스,0,27561053,서울역삼초등학교 정문,"교통,수송 > 입출구",37.4922421432386,127.032543825982,2479.7,,http://place.map.kakao.com/27561053,서울 강남구 역삼동 833-7,candidate_unverified,한국예술종합학교 서초동캠퍼스 출입구 | 한국예술종합학교 출입구
8149858,한국예술종합학교 서초동캠퍼스,0,1565392118,반포리체아파트 정문,"교통,수송 > 입출구",37.5027100948518,127.013921835527,2753.1,,http://place.map.kakao.com/1565392118,서울 서초구 반포동 30-26,candidate_unverified,한국예술종합학교 서초동캠퍼스 출입구 | 한국예술종합학교 출입구
8644095,한국예술종합학교 석관동캠퍼스,0,1569937142,북서울꿈의숲 서문 주차장,"교통,수송 > 교통시설 > 주차장",37.6219481274988,127.037887918169,2397.8,,http://place.map.kakao.com/1569937142,서울 강북구 번동 90,candidate_unverified,한국예술종합학교 석관동캠퍼스 서문 | 한국예술종합학교 서문
8644095,한국예술종합학교 석관동캠퍼스,0,18091378,북서울꿈의숲 서문,"교통,수송 > 입출구",37.6221535743957,127.037820057795,2418.3,,http://place.map.kakao.com/18091378,서울 강북구 번동 120-6,candidate_unverified,한국예술종합학교 석관동캠퍼스 서문 | 한국예술종합학교 서문
8644095,한국예술종합학교 석관동캠퍼스,0,479854614,월계한진한화그랑빌아파트 서문,"교통,수송 > 입출구",37.6197965188943,127.069638901449,1846.1,,http://place.map.kakao.com/479854614,서울 노원구 월계동 18,candidate_unverified,한국예술종합학교 석관동캠퍼스 서문 | 한국예술종합학교 서문
8644095,한국예술종합학교 석관동캠퍼스,0,1214365824,서울강북 북서울꿈의숲 동문 및 서문주차장(콘센트) 전기차충전소,"교통,수송 > 자동차 > 전기차 충전소",37.6202547317687,127.04432427911007,1885.9,,http://place.map.kakao.com/1214365824,서울 강북구 번동 90,candidate_unverified,한국예술종합학교 석관동캠퍼스 서문 | 한국예술종합학교 서문
8644095,한국예술종합학교 석관동캠퍼스,0,193241218,경희대학교 남문,"교통,수송 > 입출구",37.5945543473825,127.056208639286,1337.7,,http://place.map.kakao.com/193241218,서울 동대문구 회기동 1-5,candidate_unverified,한국예술종합학교 석관동캠퍼스 남문 | 한국예술종합학교 석관동캠퍼스 출입구 | 한국예술종합학교 남문 | 한국예술종합학교 출입구
8644095,한국예술종합학교 석관동캠퍼스,0,137156823,이문아이파크자이아파트 2단지 정문,"교통,수송 > 입출구",37.5985669155017,127.064153082247,1091.9,,http://place.map.kakao.com/137156823,서울 동대문구 이문동 149-8,candidate_unverified,한국예술종합학교 석관동캠퍼스 출입구 | 한국예술종합학교 출입구
8644095,한국예술종합학교 석관동캠퍼스,0,186594796,경희대학교 후문,"교통,수송 > 입출구",37.5981142355862,127.05412773906,973.0,,http://place.map.kakao.com/186594796,서울 동대문구 회기동 1-5,candidate_unverified,한국예술종합학교 석관동캠퍼스 출입구 | 한국예술종합학교 출입구
8644095,한국예술종합학교 석관동캠퍼스,0,2009989067,이문아이파크자이아파트 1단지 정문,"교통,수송 > 입출구",37.5981679688244,127.063798304729,1111.1,,http://place.map.kakao.com/2009989067,서울 동대문구 이문동 149-8,candidate_unverified,한국예술종합학교 석관동캠퍼스 출입구 | 한국예술종합학교 출입구
8644095,한국예술종합학교 석관동캠퍼스,0,26397117,경희대학교 정문,"교통,수송 > 입출구",37.5938315697917,127.052697920723,1465.6,,http://place.map.kakao.com/26397117,서울 동대문구 회기동 36-17,candidate_unverified,한국예술종합학교 석관동캠퍼스 출입구 | 한국예술종합학교 출입구
8644095,한국예술종합학교 석관동캠퍼스,0,1045137873,래미안라그란데아파트 게이트1,"교통,수송 > 입출구",37.60310501925855,127.06110727778606,530.3,,http://place.map.kakao.com/1045137873,서울 동대문구 이문동 257-42,candidate_unverified,한국예술종합학교 석관동캠퍼스 출입구 | 한국예술종합학교 출입구
8644095,한국예술종합학교 석관동캠퍼스,0,1563628359,래미안아트리치아파트 정문,"교통,수송 > 입출구",37.6066667304378,127.06263907854,499.4,,http://place.map.kakao.com/1563628359,서울 성북구 석관동 410,candidate_unverified,한국예술종합학교 석관동캠퍼스 출입구 | 한국예술종합학교 출입구
8644095,한국예술종합학교 석관동캠퍼스,0,536324711,래미안라그란데아파트 게이트2,"교통,수송 > 입출구",37.599768851645,127.060719531634,825.2,,http://place.map.kakao.com/536324711,서울 동대문구 이문동 257-42,candidate_unverified,한국예술종합학교 석관동캠퍼스 출입구 | 한국예술종합학교 출입구
8644095,한국예술종합학교 석관동캠퍼스,0,1900627195,한국과학기술연구원 북문,"교통,수송 > 입출구",37.6042175699009,127.045534434212,1040.8,,http://place.map.kakao.com/1900627195,서울 성북구 하월곡동 39-1,candidate_unverified,한국예술종합학교 석관동캠퍼스 출입구 | 한국예술종합학교 출입구
8644095,한국예술종합학교 석관동캠퍼스,0,790938502,이문쌍용아파트 정문,"교통,수송 > 입출구",37.5991966457134,127.069053499257,1343.6,,http://place.map.kakao.com/790938502,서울 동대문구 이문동 64,candidate_unverified,한국예술종합학교 석관동캠퍼스 출입구 | 한국예술종합학교 출입구
8644095,한국예술종합학교 석관동캠퍼스,0,1891018401,이문아이파크자이아파트 1단지 후문,"교통,수송 > 입출구",37.5962451042884,127.062392547736,1243.4,,http://place.map.kakao.com/1891018401,서울 동대문구 이문동 149-8,candidate_unverified,한국예술종합학교 석관동캠퍼스 출입구 | 한국예술종합학교 출입구
8644095,한국예술종합학교 석관동캠퍼스,0,27384930,한국외대정문,"교통,수송 > 입출구",37.5965021772992,127.060096346596,1152.8,,http://place.map.kakao.com/27384930,서울 동대문구 이문동 270-1,candidate_unverified,한국예술종합학교 석관동캠퍼스 출입구 | 한국예술종합학교 출입구
8644095,한국예술종합학교 석관동캠퍼스,0,531860710,이문삼성래미안1차아파트 입구,"교통,수송 > 입출구",37.6000669543276,127.057367843371,723.9,,http://place.map.kakao.com/531860710,서울 동대문구 이문동 264-442,candidate_unverified,한국예술종합학교 석관동캠퍼스 출입구 | 한국예술종합학교 출입구
8644095,한국예술종합학교 석관동캠퍼스,0,124606080,래미안라그란데아파트 게이트3,"교통,수송 > 입출구",37.6004229057925,127.059072400295,708.1,,http://place.map.kakao.com/124606080,서울 동대문구 이문동 257-42,candidate_unverified,한국예술종합학교 석관동캠퍼스 출입구 | 한국예술종합학교 출입구
8644095,한국예술종합학교 석관동캠퍼스,0,1281331983,이문아이파크자이아파트 2단지 후문,"교통,수송 > 입출구",37.600766962919,127.064468651513,923.4,,http://place.map.kakao.com/1281331983,서울 동대문구 이문동 163-83,candidate_unverified,한국예술종합학교 석관동캠퍼스 출입구 | 한국예술종합학교 출입구
8644095,한국예술종합학교 석관동캠퍼스,0,210441335,한국철도공사 수도권동부본부 입구,"교통,수송 > 입출구",37.6042421062854,127.069199721883,1107.9,,http://place.map.kakao.com/210441335,서울 동대문구 이문동 7,candidate_unverified,한국예술종합학교 석관동캠퍼스 출입구 | 한국예술종합학교 출입구
8644095,한국예술종합학교 석관동캠퍼스,0,1443531489,래미안라그란데아파트 게이트4,"교통,수송 > 입출구",37.5995193587653,127.060560792787,845.3,,http://place.map.kakao.com/1443531489,서울 동대문구 이문동 263-10,candidate_unverified,한국예술종합학교 석관동캠퍼스 출입구 | 한국예술종합학교 출입구
8644095,한국예술종합학교 석관동캠퍼스,0,355663192,래미안라그란데아파트 게이트5,"교통,수송 > 입출구",37.5985489373759,127.058887472186,907.7,,http://place.map.kakao.com/355663192,서울 동대문구 이문동 263-10,candidate_unverified,한국예술종합학교 석관동캠퍼스 출입구 | 한국예술종합학교 출입구
8644095,한국예술종합학교 석관동캠퍼스,0,825389687,래미안아트리치아파트 후문,"교통,수송 > 입출구",37.60622489784135,127.0649490126888,703.9,,http://place.map.kakao.com/825389687,서울 성북구 석관동 410,candidate_unverified,한국예술종합학교 석관동캠퍼스 출입구 | 한국예술종합학교 출입구
8644095,한국예술종합학교 석관동캠퍼스,0,1791510231,래미안석관아파트 정문,"교통,수송 > 입출구",37.6080252106611,127.05394805303,311.6,,http://place.map.kakao.com/1791510231,서울 성북구 석관동 407,candidate_unverified,한국예술종합학교 석관동캠퍼스 출입구 | 한국예술종합학교 출입구
8644095,한국예술종합학교 석관동캠퍼스,0,1900157257,이문e편한세상아파트 후문,"교통,수송 > 입출구",37.60531716493,127.064098857056,643.2,,http://place.map.kakao.com/1900157257,서울 동대문구 이문동 225,candidate_unverified,한국예술종합학교 석관동캠퍼스 출입구 | 한국예술종합학교 출입구
8644095,한국예술종합학교 석관동캠퍼스,0,1220652183,휘경자이디센시아아파트 정문,"교통,수송 > 입출구",37.5939020513347,127.063285120747,1514.4,,http://place.map.kakao.com/1220652183,서울 동대문구 휘경동 172,candidate_unverified,한국예술종합학교 석관동캠퍼스 출입구 | 한국예술종합학교 출입구
8644095,한국예술종합학교 석관동캠퍼스,0,1967820620,장위자이레디언트아파트 게이트1,"교통,수송 > 입출구",37.6143888169309,127.057916841383,873.4,,http://place.map.kakao.com/1967820620,서울 성북구 장위동 37-59,candidate_unverified,한국예술종합학교 석관동캠퍼스 출입구 | 한국예술종합학교 출입구
8644095,한국예술종합학교 석관동캠퍼스,0,271001933,래미안아트리치아파트 지하주차장 입구,"교통,수송 > 입출구",37.6065766254989,127.062650328057,500.3,,http://place.map.kakao.com/271001933,서울 성북구 석관동 410,candidate_unverified,한국예술종합학교 석관동캠퍼스 출입구 | 한국예술종합학교 출입구
8644095,한국예술종합학교 석관동캠퍼스,0,921740083,석관중학교 후문,"교통,수송 > 입출구",37.6081757887686,127.066124012046,825.8,,http://place.map.kakao.com/921740083,서울 성북구 석관동 88-2,candidate_unverified,한국예술종합학교 석관동캠퍼스 출입구 | 한국예술종합학교 출입구
8644095,한국예술종합학교 석관동캠퍼스,0,1390155690,래미안이문2차아파트 정문,"교통,수송 > 입출구",37.5937285243427,127.05910673921,1440.2,,http://place.map.kakao.com/1390155690,서울 동대문구 이문동 311,candidate_unverified,한국예술종합학교 석관동캠퍼스 출입구 | 한국예술종합학교 출입구
8644095,한국예술종합학교 석관동캠퍼스,0,2143884454,휘경자이디센시아아파트 후문,"교통,수송 > 입출구",37.592307107959,127.063634780463,1691.1,,http://place.map.kakao.com/2143884454,서울 동대문구 휘경동 98-38,candidate_unverified,한국예술종합학교 석관동캠퍼스 출입구 | 한국예술종합학교 출입구
8644095,한국예술종합학교 석관동캠퍼스,0,1243961672,한국과학기술연구원 쪽문,"교통,수송 > 입출구",37.60134874681516,127.04332671505159,1334.8,,http://place.map.kakao.com/1243961672,서울 성북구 하월곡동 39-1,candidate_unverified,한국예술종합학교 석관동캠퍼스 출입구 | 한국예술종합학교 석관동캠퍼스 쪽문 | 한국예술종합학교 출입구 | 한국예술종합학교 쪽문
8644095,한국예술종합학교 석관동캠퍼스,0,917818808,과학자아파트 입구,"교통,수송 > 입출구",37.6055090552401,127.049113894619,702.1,,http://place.map.kakao.com/917818808,서울 성북구 상월곡동 24-228,candidate_unverified,한국예술종합학교 석관동캠퍼스 출입구 | 한국예술종합학교 출입구
8644095,한국예술종합학교 석관동캠퍼스,0,1130521703,서울월곡초등학교 후문,"교통,수송 > 입출구",37.6106666873956,127.045963079457,1071.3,,http://place.map.kakao.com/1130521703,서울 성북구 장위동 246-194,candidate_unverified,한국예술종합학교 석관동캠퍼스 출입구 | 한국예술종합학교 출입구
8644095,한국예술종합학교 석관동캠퍼스,0,1972191955,월곡래미안루나밸리아파트 정문,"교통,수송 > 입출구",37.6000230801872,127.041683954154,1530.8,,http://place.map.kakao.com/1972191955,서울 성북구 하월곡동 226,candidate_unverified,한국예술종합학교 석관동캠퍼스 출입구 | 한국예술종합학교 출입구
8644095,한국예술종합학교 석관동캠퍼스,0,1435351662,서울시립대학교 정문,"교통,수송 > 입출구",37.5834771622868,127.055113438416,2573.0,,http://place.map.kakao.com/1435351662,서울 동대문구 전농동 694,candidate_unverified,한국예술종합학교 석관동캠퍼스 출입구 | 한국예술종합학교 출입구
8644095,한국예술종합학교 석관동캠퍼스,0,1411706418,묵동아이파크아파트 정문,"교통,수송 > 입출구",37.6102403261785,127.073130742807,1480.9,,http://place.map.kakao.com/1411706418,서울 중랑구 묵동 385,candidate_unverified,한국예술종합학교 석관동캠퍼스 출입구 | 한국예술종합학교 출입구
8644095,한국예술종합학교 석관동캠퍼스,0,657726338,래미안라센트아파트 정문,"교통,수송 > 입출구",37.5992265186196,127.039307742306,1757.2,,http://place.map.kakao.com/657726338,서울 성북구 종암동 134,candidate_unverified,한국예술종합학교 석관동캠퍼스 출입구 | 한국예술종합학교 출입구
8644095,한국예술종합학교 석관동캠퍼스,0,527938456,석관동삼성아파트 정문,"교통,수송 > 입출구",37.6100193676995,127.065847034494,870.9,,http://place.map.kakao.com/527938456,서울 성북구 석관동 404,candidate_unverified,한국예술종합학교 석관동캠퍼스 출입구 | 한국예술종합학교 출입구
8644095,한국예술종합학교 석관동캠퍼스,0,134576252,이문삼익아파트 북문,"교통,수송 > 입출구",37.5964929343978,127.067210924191,1438.5,,http://place.map.kakao.com/134576252,서울 동대문구 이문동 73,candidate_unverified,한국예술종합학교 석관동캠퍼스 출입구 | 한국예술종합학교 출입구
8644095,한국예술종합학교 석관동캠퍼스,0,1054228410,월곡두산위브아파트 후문,"교통,수송 > 입출구",37.6061629106599,127.040294403354,1469.7,,http://place.map.kakao.com/1054228410,서울 성북구 하월곡동 222,candidate_unverified,한국예술종합학교 석관동캠퍼스 출입구 | 한국예술종합학교 출입구
8644095,한국예술종합학교 석관동캠퍼스,0,380021007,리버센SKVIEW롯데캐슬아파트 후문,"교통,수송 > 입출구",37.6028152733369,127.074566215795,1605.3,,http://place.map.kakao.com/380021007,서울 중랑구 중화동 331-1,candidate_unverified,한국예술종합학교 석관동캠퍼스 출입구 | 한국예술종합학교 출입구
8644095,한국예술종합학교 석관동캠퍼스,0,24636548,중랑천이문계단 진출입로3,"교통,수송 > 입출구",37.5989406370584,127.069270681887,1376.1,,http://place.map.kakao.com/24636548,서울 동대문구 이문동 67-1,candidate_unverified,한국예술종합학교 석관동캠퍼스 출입구 | 한국예술종합학교 출입구
8644095,한국예술종합학교 석관동캠퍼스,0,24636563,중랑천석관 진출입로1,"교통,수송 > 입출구",37.6074417243351,127.070379375015,1185.1,,http://place.map.kakao.com/24636563,서울 성북구 석관동 38-1,candidate_unverified,한국예술종합학교 석관동캠퍼스 출입구 | 한국예술종합학교 출입구
8644095,한국예술종합학교 석관동캠퍼스,0,1730755440,이문현대아파트 출입구,"교통,수송 > 입출구",37.6022129274718,127.070967848241,1324.8,,http://place.map.kakao.com/1730755440,서울 동대문구 이문동 54-1,candidate_unverified,한국예술종합학교 석관동캠퍼스 출입구 | 한국예술종합학교 출입구
8644095,한국예술종합학교 석관동캠퍼스,0,1814495982,휘경롯데낙천대아파트 정문,"교통,수송 > 입출구",37.5923234565011,127.065047894289,1736.6,,http://place.map.kakao.com/1814495982,서울 동대문구 휘경동 109,candidate_unverified,한국예술종합학교 석관동캠퍼스 출입구 | 한국예술종합학교 출입구
8644095,한국예술종합학교 석관동캠퍼스,0,1164204862,꿈의숲아이파크아파트 정문,"교통,수송 > 입출구",37.6196051989429,127.048695003232,1622.5,,http://place.map.kakao.com/1164204862,서울 성북구 장위동 182-25,candidate_unverified,한국예술종합학교 석관동캠퍼스 출입구 | 한국예술종합학교 출입구
8644095,한국예술종합학교 석관동캠퍼스,0,24636544,중랑천이문연결통로경사로 진출입로1,"교통,수송 > 입출구",37.5980363868172,127.068681006948,1401.6,,http://place.map.kakao.com/24636544,서울 동대문구 이문동 98-1,candidate_unverified,한국예술종합학교 석관동캠퍼스 출입구 | 한국예술종합학교 출입구
8644095,한국예술종합학교 석관동캠퍼스,0,690386838,리버센SKVIEW롯데캐슬아파트 정문,"교통,수송 > 입출구",37.6027891514203,127.077355414371,1844.3,,http://place.map.kakao.com/690386838,서울 중랑구 중화동 310-6,candidate_unverified,한국예술종합학교 석관동캠퍼스 출입구 | 한국예술종합학교 출입구
11219441,한국체육대학교,0,524246413,서울아산병원 남문,"교통,수송 > 입출구",37.52650597208945,127.11253567307618,1759.3,,http://place.map.kakao.com/524246413,서울 송파구 풍납동 388-1,candidate_unverified,한국체육대학교 남문
11219441,한국체육대학교,0,502664524,올림픽공원 SK올림픽핸드볼경기장 게이트1-3,"교통,수송 > 입출구",37.5170679705957,127.126768371778,495.6,,http://place.map.kakao.com/502664524,서울 송파구 방이동 88,candidate_unverified,한국체육대학교 출입구
11219441,한국체육대학교,0,1484088989,올림픽파크포레온3단지아파트 입구,"교통,수송 > 입출구",37.5227556041873,127.136812082662,602.6,,http://place.map.kakao.com/1484088989,서울 강동구 둔촌동 174-1,candidate_unverified,한국체육대학교 출입구
11219441,한국체육대학교,0,510458889,올림픽공원 북2문,"교통,수송 > 입출구",37.5236858176236,127.127786383512,474.0,,http://place.map.kakao.com/510458889,서울 송파구 방이동 88-10,candidate_unverified,한국체육대학교 출입구
11219441,한국체육대학교,0,1151322006,올림픽파크포레온아파트 게이트3,"교통,수송 > 입출구",37.52311391365355,127.13706161065981,641.4,,http://place.map.kakao.com/1151322006,서울 강동구 둔촌동 174-1,candidate_unverified,한국체육대학교 출입구
11219441,한국체육대학교,0,1665309698,올림픽공원 SK올림픽핸드볼경기장 게이트1-1,"교통,수송 > 입출구",37.5168880734995,127.12648527989,527.5,,http://place.map.kakao.com/1665309698,서울 송파구 방이동 88,candidate_unverified,한국체육대학교 출입구
11219441,한국체육대학교,0,2131046587,올림픽공원 SK올림픽핸드볼경기장 게이트1-2,"교통,수송 > 입출구",37.5169605406739,127.126123433756,545.7,,http://place.map.kakao.com/2131046587,서울 송파구 방이동 88,candidate_unverified,한국체육대학교 출입구
11219441,한국체육대학교,0,816397042,올림픽파크 한양수자인 아파트 정문,"교통,수송 > 입출구",37.5265152759287,127.128990383143,724.4,,http://place.map.kakao.com/816397042,서울 강동구 성내동 547-1,candidate_unverified,한국체육대학교 출입구
11219441,한국체육대학교,0,21945605,서울올림픽공원 북1문,"교통,수송 > 입출구",37.5254505990758,127.123648910405,863.0,,http://place.map.kakao.com/21945605,서울 송파구 방이동,candidate_unverified,한국체육대학교 출입구
11219441,한국체육대학교,0,26396985,올림픽공원 남2문,"교통,수송 > 입출구",37.51434218890176,127.12273700280079,962.4,,http://place.map.kakao.com/26396985,서울 송파구 방이동 88-2,candidate_unverified,한국체육대학교 출입구
11219441,한국체육대학교,0,26021156,올림픽공원 동2문,"교통,수송 > 입출구",37.51607331541359,127.13003567800881,459.9,,http://place.map.kakao.com/26021156,서울 송파구 방이동 89-28,candidate_unverified,한국체육대학교 출입구
11219441,한국체육대학교,0,1961378727,올림픽수영장 1-1출입문,"교통,수송 > 입출구",37.5215042489882,127.127008908365,367.1,,http://place.map.kakao.com/1961378727,서울 송파구 방이동 88-2,candidate_unverified,한국체육대학교 출입구
11219441,한국체육대학교,0,1393465344,올림픽수영장 1-2출입문,"교통,수송 > 입출구",37.5211336527721,127.127272984341,330.2,,http://place.map.kakao.com/1393465344,서울 송파구 방이동 88,candidate_unverified,한국체육대학교 출입구
11219441,한국체육대학교,0,884502117,올림픽파크포레온아파트 게이트1,"교통,수송 > 입출구",37.52417063865604,127.13641306927553,665.3,,http://place.map.kakao.com/884502117,서울 강동구 둔촌동 174-1,candidate_unverified,한국체육대학교 출입구
11219441,한국체육대학교,0,915324167,올림픽공원 동1문,"교통,수송 > 입출구",37.5169227341771,127.131056318752,360.9,,http://place.map.kakao.com/915324167,서울 송파구 방이동 89-27,candidate_unverified,한국체육대학교 출입구
11219441,한국체육대학교,0,454487591,올림픽수영장 1-3출입문,"교통,수송 > 입출구",37.5208408580193,127.127244206757,323.6,,http://place.map.kakao.com/454487591,서울 송파구 방이동 88,candidate_unverified,한국체육대학교 출입구
11219441,한국체육대학교,0,1128138464,서울 둔촌초등학교 후문,"교통,수송 > 입출구",37.5258475791533,127.137813260253,883.6,,http://place.map.kakao.com/1128138464,서울 강동구 둔촌동 170-2,candidate_unverified,한국체육대학교 출입구
11219441,한국체육대학교,0,669176350,둔촌역전통시장 입구,"교통,수송 > 입출구",37.5283662610888,127.133558460909,943.8,,http://place.map.kakao.com/669176350,서울 강동구 성내동 450-23,candidate_unverified,한국체육대학교 출입구
11219441,한국체육대학교,0,1376627535,한솔브리즈아파트 정문,"교통,수송 > 입출구",37.5245278241068,127.129669114378,495.7,,http://place.map.kakao.com/1376627535,서울 강동구 성내동 594,candidate_unverified,한국체육대학교 출입구
11219441,한국체육대학교,0,1870215007,성내올림픽파크한양수자인아파트 후문,"교통,수송 > 입출구",37.5271619729839,127.127535506635,830.2,,http://place.map.kakao.com/1870215007,서울 강동구 성내동 606,candidate_unverified,한국체육대학교 출입구
11219441,한국체육대학교,0,1859204222,올림픽파크포레온아파트 게이트2,"교통,수송 > 입출구",37.5229925082222,127.13686342115828,619.5,,http://place.map.kakao.com/1859204222,서울 강동구 둔촌동 174-1,candidate_unverified,한국체육대학교 출입구
11219441,한국체육대학교,0,860850374,올림픽파크포레온아파트 게이트4,"교통,수송 > 입출구",37.52505197272601,127.13783215962337,823.9,,http://place.map.kakao.com/860850374,서울 강동구 둔촌동 174-1,candidate_unverified,한국체육대학교 출입구
11219441,한국체육대학교,0,1212554696,올림픽파크포레온아파트 게이트5,"교통,수송 > 입출구",37.5255159056672,127.137903152553,863.3,,http://place.map.kakao.com/1212554696,서울 강동구 둔촌동 175-1,candidate_unverified,한국체육대학교 출입구
11219441,한국체육대학교,0,1186038957,맑을청365한의원 주차장입구,"교통,수송 > 입출구",37.5281367549801,127.135710953747,986.3,,http://place.map.kakao.com/1186038957,서울 강동구 성내동 416-6,candidate_unverified,한국체육대학교 출입구
11219441,한국체육대학교,0,1913233212,올림픽파크포레온아파트 게이트9,"교통,수송 > 입출구",37.521290611241,127.139858036449,807.6,,http://place.map.kakao.com/1913233212,서울 강동구 둔촌동 174-1,candidate_unverified,한국체육대학교 출입구
11219441,한국체육대학교,0,1586747060,삼진아파트 출구,"교통,수송 > 입출구",37.5266402868753,127.1316468849,724.0,,http://place.map.kakao.com/1586747060,서울 강동구 성내동 433-12,candidate_unverified,한국체육대학교 출입구
11219441,한국체육대학교,0,2055734695,올림픽파크포레온아파트 게이트8,"교통,수송 > 입출구",37.5228147748214,127.14013803521,873.7,,http://place.map.kakao.com/2055734695,서울 강동구 둔촌동 174-1,candidate_unverified,한국체육대학교 출입구
11219441,한국체육대학교,0,867695178,삼진아파트 입구,"교통,수송 > 입출구",37.5269176559866,127.131771815512,755.8,,http://place.map.kakao.com/867695178,서울 강동구 성내동 433-12,candidate_unverified,한국체육대학교 출입구
11219441,한국체육대학교,0,1181878704,올림픽프라자상가 제2문,"교통,수송 > 입출구",37.5151586689313,127.132582513685,578.0,,http://place.map.kakao.com/1181878704,서울 송파구 방이동 89-11,candidate_unverified,한국체육대학교 출입구
11219441,한국체육대학교,0,1683500220,올림픽파크포레온아파트 게이트7,"교통,수송 > 입출구",37.524629832391,127.140526061038,990.3,,http://place.map.kakao.com/1683500220,서울 강동구 둔촌동 174-1,candidate_unverified,한국체육대학교 출입구
11219441,한국체육대학교,0,832111629,둔촌역청구아파트 정문,"교통,수송 > 입출구",37.52957538287726,127.13357758689895,1074.6,,http://place.map.kakao.com/832111629,서울 강동구 성내동 450-21,candidate_unverified,한국체육대학교 출입구
11219441,한국체육대학교,0,1912705579,성내삼성아파트 정문,"교통,수송 > 입출구",37.53048346440495,127.12547870061573,1240.2,,http://place.map.kakao.com/1912705579,서울 강동구 성내동 590,candidate_unverified,한국체육대학교 출입구
11219441,한국체육대학교,0,1324088513,올림픽파크포레온아파트 게이트6,"교통,수송 > 입출구",37.5253675310963,127.141466405626,1103.5,,http://place.map.kakao.com/1324088513,서울 강동구 둔촌동 174-1,candidate_unverified,한국체육대학교 출입구
11219441,한국체육대학교,0,1424719264,중앙보훈병원 정문,"교통,수송 > 입출구",37.530296395174915,127.14849009964554,1923.6,,http://place.map.kakao.com/1424719264,서울 강동구 둔촌동 6-2,candidate_unverified,한국체육대학교 출입구
11219441,한국체육대학교,0,474981426,중앙보훈병원 후문,"교통,수송 > 입출구",37.52849706274,127.146351721904,1654.3,,http://place.map.kakao.com/474981426,서울 강동구 둔촌동 6-2,candidate_unverified,한국체육대학교 출입구
11219441,한국체육대학교,0,429172225,올림픽공원 남1문,"교통,수송 > 입출구",37.5123421702246,127.127640360059,913.5,,http://place.map.kakao.com/429172225,서울 송파구 방이동,candidate_unverified,한국체육대학교 출입구
11219441,한국체육대학교,0,10623519,올림픽공원 남3문,"교통,수송 > 입출구",37.5158079589915,127.118484076975,1190.2,,http://place.map.kakao.com/10623519,서울 송파구 방이동,candidate_unverified,한국체육대학교 출입구
11219441,한국체육대학교,0,572825460,올림픽선수기자촌아파트 후문,"교통,수송 > 입출구",37.50979822644,127.13371199247,1180.6,,http://place.map.kakao.com/572825460,서울 송파구 방이동 181-8,candidate_unverified,한국체육대학교 출입구
11219441,한국체육대학교,0,834425585,올림픽공원 서1문,"교통,수송 > 입출구",37.5197613624824,127.115037924471,1391.9,,http://place.map.kakao.com/834425585,서울 송파구 방이동 88-1,candidate_unverified,한국체육대학교 출입구
11219441,한국체육대학교,0,27149694,서울방이초등학교 후문,"교통,수송 > 입출구",37.5131032528352,127.120162867912,1224.1,,http://place.map.kakao.com/27149694,서울 송파구 방이동 167,candidate_unverified,한국체육대학교 출입구
11219441,한국체육대학교,0,1285698719,올림픽공원 서2문,"교통,수송 > 입출구",37.5221174342119,127.116009874116,1323.4,,http://place.map.kakao.com/1285698719,서울 송파구 방이동,candidate_unverified,한국체육대학교 출입구
11219441,한국체육대학교,0,1140023117,대림아파트 후문,"교통,수송 > 입출구",37.5104322310906,127.128297642543,1104.5,,http://place.map.kakao.com/1140023117,서울 송파구 오금동 2,candidate_unverified,한국체육대학교 출입구
11219441,한국체육대학교,0,120715350,서울올림픽공원 동3문,"교통,수송 > 입출구",37.5125436127958,127.127993601539,883.0,,http://place.map.kakao.com/120715350,서울 송파구 방이동 88-2,candidate_unverified,한국체육대학교 출입구
11219441,한국체육대학교,0,24268120,올림픽공원 남4문,"교통,수송 > 입출구",37.5166753240835,127.116064793319,1357.2,,http://place.map.kakao.com/24268120,서울 송파구 방이동 88-21,candidate_unverified,한국체육대학교 출입구
11219441,한국체육대학교,0,66396059,천호역공영주차장 출구,"교통,수송 > 입출구",37.5347142306486,127.135562210328,1671.4,,http://place.map.kakao.com/66396059,서울 강동구 성내동 450-31,candidate_unverified,한국체육대학교 출입구
11219441,한국체육대학교,0,632048198,파크리오아파트 정문,"교통,수송 > 입출구",37.52005432360894,127.11208594684847,1651.6,,http://place.map.kakao.com/632048198,서울 송파구 신천동 20,candidate_unverified,한국체육대학교 출입구
10942308,한양여자대학교,0,684755187,한양대학교 서울캠퍼스 정문,"교통,수송 > 입출구",37.5579753193835,127.042173212423,647.7,,http://place.map.kakao.com/684755187,서울 성동구 사근동 110,candidate_unverified,한양여자대학교 정문 | 한양여자대학교 후문 | 한양여자대학교 출입구 | 한양여자대학교 입구
10942308,한양여자대학교,0,689197429,한양대학교 후문,"교통,수송 > 입출구",37.5558504729312,127.049864448928,348.9,,http://place.map.kakao.com/689197429,서울 성동구 사근동 110,candidate_unverified,한양여자대학교 정문 | 한양여자대학교 후문 | 한양여자대학교 출입구 | 한양여자대학교 입구
10942308,한양여자대학교,0,20576850,마장축산물시장서문 공영주차장,"교통,수송 > 교통시설 > 주차장 > 공영주차장",37.5704040774208,127.03831004887,1604.6,,http://place.map.kakao.com/20576850,서울 성동구 마장동 522-1,candidate_unverified,한양여자대학교 서문
10942308,한양여자대학교,0,414874702,마장축산물시장서문 공영주차장 입구,"교통,수송 > 입출구",37.5706446434896,127.038309040125,1626.0,,http://place.map.kakao.com/414874702,서울 성동구 마장동 522-1,candidate_unverified,한양여자대학교 서문
10942308,한양여자대학교,0,899785535,마장축산물시장 서문입구,"교통,수송 > 입출구",37.5700600610958,127.037801625054,1602.7,,http://place.map.kakao.com/899785535,서울 성동구 마장동 500,candidate_unverified,한양여자대학교 서문
10942308,한양여자대학교,0,1955995835,쏘카존 마장축산물시장 서문 공영주차장,"교통,수송 > 교통시설 > 카셰어링 > 쏘카존",37.57048155638996,127.03833046385209,1610.4,,http://place.map.kakao.com/1955995835,서울 성동구 마장동 522-1,candidate_unverified,한양여자대학교 서문
10942308,한양여자대학교,0,1968799237,어린이대공원 서문,"교통,수송 > 입출구",37.5519929203311,127.078699378208,2695.6,,http://place.map.kakao.com/1968799237,서울 광진구 능동 18,candidate_unverified,한양여자대학교 서문
10942308,한양여자대학교,0,1113195942,마장축산물시장 서문 공영주차장 전기차충전소,"교통,수송 > 자동차 > 전기차 충전소",37.5704698541006,127.038297630992,1611.1,,http://place.map.kakao.com/1113195942,서울 성동구 마장동 522-1,candidate_unverified,한양여자대학교 서문
10942308,한양여자대학교,0,1776230822,성동구 마장축산물시장 서문 공영주차장 전기차충전소,"교통,수송 > 자동차 > 전기차 충전소",37.5704229751497,127.038381372034,1602.5,,http://place.map.kakao.com/1776230822,서울 성동구 마장동 522-1,candidate_unverified,한양여자대학교 서문
10942308,한양여자대학교,0,51411800,마장축산물시장 서문 공영주차장 1 전기차충전소,"교통,수송 > 자동차 > 전기차 충전소",37.570410377767125,127.03833042737465,1604.1,,http://place.map.kakao.com/51411800,서울 성동구 마장동 522-1,candidate_unverified,한양여자대학교 서문
10942308,한양여자대학교,0,1174388774,서울숲한신더휴아파트 남문,"교통,수송 > 입출구",37.5538874370605,127.036965043061,1234.2,,http://place.map.kakao.com/1174388774,서울 성동구 행당동 349,candidate_unverified,한양여자대학교 남문
1754204137,호원대학교 서울캠퍼스,0,312694295,화곡중앙시장 서문,"교통,수송 > 입출구",37.534472944802,126.838111317648,1619.1,,http://place.map.kakao.com/312694295,서울 강서구 화곡동 662-16,candidate_unverified,호원대학교 서울캠퍼스 서문 | 호원대학교 서울캠퍼스 출입구
1754204137,호원대학교 서울캠퍼스,0,928423966,목동롯데캐슬위너아파트 서문,"교통,수송 > 입출구",37.5471895437624,126.866085454262,1980.5,,http://place.map.kakao.com/928423966,서울 양천구 목동 956,candidate_unverified,호원대학교 서울캠퍼스 서문 | 호원대학교 서울캠퍼스 출입구
1754204137,호원대학교 서울캠퍼스,0,325693407,송화벽화시장 서문,"교통,수송 > 입출구",37.5493714327806,126.835196812434,2724.8,,http://place.map.kakao.com/325693407,서울 강서구 내발산동 724-61,candidate_unverified,호원대학교 서울캠퍼스 서문
1754204137,호원대학교 서울캠퍼스,0,302461159,까치산시장 남문,"교통,수송 > 입출구",37.5315464333096,126.847541965651,748.4,,http://place.map.kakao.com/302461159,서울 강서구 화곡동 663-15,candidate_unverified,호원대학교 서울캠퍼스 남문 | 호원대학교 서울캠퍼스 출입구
1754204137,호원대학교 서울캠퍼스,0,1917461434,목동힐스테이트아파트 남문,"교통,수송 > 입출구",37.5196142609088,126.85525155905,1297.4,,http://place.map.kakao.com/1917461434,서울 양천구 신정동 1323,candidate_unverified,호원대학교 서울캠퍼스 남문 | 호원대학교 서울캠퍼스 출입구
1754204137,호원대학교 서울캠퍼스,0,312502663,화곡중앙시장 남문,"교통,수송 > 입출구",37.5347987492464,126.839168491369,1537.2,,http://place.map.kakao.com/312502663,서울 강서구 화곡동 362-95,candidate_unverified,호원대학교 서울캠퍼스 남문 | 호원대학교 서울캠퍼스 출입구
1754204137,호원대학교 서울캠퍼스,0,928327612,목동롯데캐슬위너아파트 남문,"교통,수송 > 입출구",37.5461374931555,126.867965779029,1960.5,,http://place.map.kakao.com/928327612,서울 양천구 목동 956,candidate_unverified,호원대학교 서울캠퍼스 남문
1754204137,호원대학교 서울캠퍼스,0,2672056,목동운동장 남문,"교통,수송 > 입출구",37.5296255255574,126.879534584562,2081.4,,http://place.map.kakao.com/2672056,서울 양천구 목동 914,candidate_unverified,호원대학교 서울캠퍼스 남문
1754204137,호원대학교 서울캠퍼스,0,1939651995,목동운동장 남문출입구,"교통,수송 > 입출구",37.5296560625763,126.879439502626,2072.7,,http://place.map.kakao.com/1939651995,서울 양천구 목동 914,candidate_unverified,호원대학교 서울캠퍼스 남문
1754204137,호원대학교 서울캠퍼스,0,325583265,송화벽화시장 남문,"교통,수송 > 입출구",37.5486016500209,126.835605893645,2637.4,,http://place.map.kakao.com/325583265,서울 강서구 내발산동 724-62,candidate_unverified,호원대학교 서울캠퍼스 남문
1754204137,호원대학교 서울캠퍼스,0,463747333,목동신시가지7단지아파트 정문,"교통,수송 > 입출구",37.5276140109998,126.864932578571,884.5,,http://place.map.kakao.com/463747333,서울 양천구 목동 925,candidate_unverified,호원대학교 서울캠퍼스 출입구
1754204137,호원대학교 서울캠퍼스,0,1784261541,남부시장 4번출구,"교통,수송 > 입출구",37.5326626864735,126.859835620995,370.4,,http://place.map.kakao.com/1784261541,서울 강서구 화곡동 943-7,candidate_unverified,호원대학교 서울캠퍼스 출입구
1754204137,호원대학교 서울캠퍼스,0,1334980773,양강중학교 후문,"교통,수송 > 입출구",37.5247023814787,126.85032184441,886.2,,http://place.map.kakao.com/1334980773,서울 양천구 신월동 499-2,candidate_unverified,호원대학교 서울캠퍼스 출입구
1754204137,호원대학교 서울캠퍼스,0,1784035261,남부시장 3번출구,"교통,수송 > 입출구",37.5329653607496,126.860544437912,441.3,,http://place.map.kakao.com/1784035261,서울 강서구 화곡동 943-7,candidate_unverified,호원대학교 서울캠퍼스 출입구
1754204137,호원대학교 서울캠퍼스,0,302670219,까치산시장 서1문,"교통,수송 > 입출구",37.5327123180865,126.846838131317,825.6,,http://place.map.kakao.com/302670219,서울 강서구 화곡동 663-13,candidate_unverified,호원대학교 서울캠퍼스 출입구
1754204137,호원대학교 서울캠퍼스,0,997751310,래미안목동아델리체아파트 정문,"교통,수송 > 입출구",37.519420524434,126.852323286826,1357.0,,http://place.map.kakao.com/997751310,서울 양천구 신정동 1326,candidate_unverified,호원대학교 서울캠퍼스 출입구
1754204137,호원대학교 서울캠퍼스,0,795477740,양동초등학교 후문,"교통,수송 > 입출구",37.5257367728761,126.851067556239,754.3,,http://place.map.kakao.com/795477740,서울 양천구 신정동 941,candidate_unverified,호원대학교 서울캠퍼스 출입구
1754204137,호원대학교 서울캠퍼스,0,302545873,까치산시장 서2문,"교통,수송 > 입출구",37.5315553702505,126.847485378888,753.5,,http://place.map.kakao.com/302545873,서울 강서구 화곡동 663-15,candidate_unverified,호원대학교 서울캠퍼스 출입구
1754204137,호원대학교 서울캠퍼스,0,459944913,강서고등학교 정문,"교통,수송 > 입출구",37.5363428521933,126.867270240237,1141.2,,http://place.map.kakao.com/459944913,서울 양천구 목동 735,candidate_unverified,호원대학교 서울캠퍼스 출입구
1754204137,호원대학교 서울캠퍼스,0,302734150,까치산시장 북문,"교통,수송 > 입출구",37.5336125514197,126.846247961026,900.5,,http://place.map.kakao.com/302734150,서울 강서구 화곡동 339-24,candidate_unverified,호원대학교 서울캠퍼스 출입구
1754204137,호원대학교 서울캠퍼스,0,2040418059,양동초등학교 정문,"교통,수송 > 입출구",37.5264298289459,126.850501662681,725.4,,http://place.map.kakao.com/2040418059,서울 양천구 신정동 941,candidate_unverified,호원대학교 서울캠퍼스 출입구
1754204137,호원대학교 서울캠퍼스,0,2047483458,목동신시가지7단지아파트 후문,"교통,수송 > 입출구",37.5277935964565,126.870005070696,1292.1,,http://place.map.kakao.com/2047483458,서울 양천구 목동 925,candidate_unverified,호원대학교 서울캠퍼스 출입구
1754204137,호원대학교 서울캠퍼스,0,175469685,목동힐스테이트아파트 동문,"교통,수송 > 입출구",37.5203036270295,126.858305603036,1235.5,,http://place.map.kakao.com/175469685,서울 양천구 신정동 1323,candidate_unverified,호원대학교 서울캠퍼스 출입구
1754204137,호원대학교 서울캠퍼스,0,474851989,서울양목초등학교 후문,"교통,수송 > 입출구",37.5231727226997,126.861602281363,1025.7,,http://place.map.kakao.com/474851989,서울 양천구 신정동 1001,candidate_unverified,호원대학교 서울캠퍼스 출입구
1754204137,호원대학교 서울캠퍼스,0,302319054,까치산시장 동문,"교통,수송 > 입출구",37.5315844080936,126.847644843195,739.6,,http://place.map.kakao.com/302319054,서울 강서구 화곡동 663-15,candidate_unverified,호원대학교 서울캠퍼스 출입구
1754204137,호원대학교 서울캠퍼스,0,1036347197,등촌아이파크아파트 정문,"교통,수송 > 입출구",37.5439591932762,126.86193841083,1504.7,,http://place.map.kakao.com/1036347197,서울 강서구 등촌동 715,candidate_unverified,호원대학교 서울캠퍼스 출입구
1754204137,호원대학교 서울캠퍼스,0,1616448214,화곡보람5차아파트 정문,"교통,수송 > 입출구",37.5278087764908,126.841828513857,1309.3,,http://place.map.kakao.com/1616448214,서울 강서구 화곡동 1152,candidate_unverified,호원대학교 서울캠퍼스 출입구
1754204137,호원대학교 서울캠퍼스,0,471376957,서울화일초등학교 정문,"교통,수송 > 입출구",37.5406368866816,126.84774862824,1272.0,,http://place.map.kakao.com/471376957,서울 강서구 화곡동 61-184,candidate_unverified,호원대학교 서울캠퍼스 출입구
1754204137,호원대학교 서울캠퍼스,0,312736222,화곡중앙시장 동문,"교통,수송 > 입출구",37.5351646984131,126.839937075057,1483.1,,http://place.map.kakao.com/312736222,서울 강서구 화곡동 668-10,candidate_unverified,호원대학교 서울캠퍼스 출입구
1754204137,호원대학교 서울캠퍼스,0,336125432,래미안목동아델리체아파트 게이트2,"교통,수송 > 입출구",37.5207367795533,126.85151753492,1236.4,,http://place.map.kakao.com/336125432,서울 양천구 신정동 1326,candidate_unverified,호원대학교 서울캠퍼스 출입구
1754204137,호원대학교 서울캠퍼스,0,189487851,목동건영아파트 정문,"교통,수송 > 입출구",37.5415232320322,126.872664076502,1858.5,,http://place.map.kakao.com/189487851,서울 양천구 목동 928,candidate_unverified,호원대학교 서울캠퍼스 출입구
1754204137,호원대학교 서울캠퍼스,0,1894769399,신정뉴타운두산위브아파트 정문,"교통,수송 > 입출구",37.5196041967506,126.845183978517,1610.9,,http://place.map.kakao.com/1894769399,서울 양천구 신월동 1055,candidate_unverified,호원대학교 서울캠퍼스 출입구
1754204137,호원대학교 서울캠퍼스,0,26634957,목동현대하이페리온2 주차장입구,"교통,수송 > 입출구",37.5233649839559,126.870653041385,1560.9,,http://place.map.kakao.com/26634957,서울 양천구 목동 961-1,candidate_unverified,호원대학교 서울캠퍼스 출입구
1754204137,호원대학교 서울캠퍼스,0,1809002618,이마트 목동점 지하주차장입구,"교통,수송 > 입출구",37.5256013836425,126.871582487725,1509.8,,http://place.map.kakao.com/1809002618,서울 양천구 목동 962-1,candidate_unverified,호원대학교 서울캠퍼스 출입구
1754204137,호원대학교 서울캠퍼스,0,1809421383,래미안목동아델리체아파트 출입구,"교통,수송 > 입출구",37.5198871966605,126.850851813219,1344.9,,http://place.map.kakao.com/1809421383,서울 양천구 신정동 1326,candidate_unverified,호원대학교 서울캠퍼스 출입구
1754204137,호원대학교 서울캠퍼스,0,928114404,목동센트럴아이파크위브2단지아파트 정문,"교통,수송 > 입출구",37.5158835032781,126.842118371893,2104.6,,http://place.map.kakao.com/928114404,서울 양천구 신월동 1076,candidate_unverified,호원대학교 서울캠퍼스 출입구
1754204137,호원대학교 서울캠퍼스,0,1702898626,e편한세상목동아파트 정문,"교통,수송 > 입출구",37.53935147910514,126.8706887945884,1575.0,,http://place.map.kakao.com/1702898626,서울 양천구 목동 950,candidate_unverified,호원대학교 서울캠퍼스 출입구
1754204137,호원대학교 서울캠퍼스,0,1889544062,목동센트럴아이파크위브1단지아파트 정문,"교통,수송 > 입출구",37.517112799724,126.843041065453,1946.1,,http://place.map.kakao.com/1889544062,서울 양천구 신월동 1079-2,candidate_unverified,호원대학교 서울캠퍼스 출입구
1754204137,호원대학교 서울캠퍼스,0,901214389,화곡본동성당 입구,"교통,수송 > 입출구",37.539308841557,126.843632710239,1411.8,,http://place.map.kakao.com/901214389,서울 강서구 화곡동 105-244,candidate_unverified,호원대학교 서울캠퍼스 출입구
1754204137,호원대학교 서울캠퍼스,0,27504738,화곡푸르지오아파트 정문,"교통,수송 > 입출구",37.5420059121861,126.831465401831,2472.7,,http://place.map.kakao.com/27504738,서울 강서구 화곡동 1091,candidate_unverified,호원대학교 서울캠퍼스 출입구
1754204137,호원대학교 서울캠퍼스,0,1172859896,서울강서초등학교 후문,"교통,수송 > 입출구",37.5225018643316,126.839812545363,1730.0,,http://place.map.kakao.com/1172859896,서울 양천구 신월동 441,candidate_unverified,호원대학교 서울캠퍼스 출입구
1754204137,호원대학교 서울캠퍼스,0,1267003904,신트리1단지아파트 정문,"교통,수송 > 입출구",37.5134139205725,126.853353110609,1999.0,,http://place.map.kakao.com/1267003904,서울 양천구 신정동 1259,candidate_unverified,호원대학교 서울캠퍼스 출입구
1754204137,호원대학교 서울캠퍼스,0,1041957280,해태아파트 정문,"교통,수송 > 입출구",37.5213141136666,126.842996066036,1595.0,,http://place.map.kakao.com/1041957280,서울 양천구 신월동 514-3,candidate_unverified,호원대학교 서울캠퍼스 출입구
1754204137,호원대학교 서울캠퍼스,0,1616242445,신트리1단지아파트 후문,"교통,수송 > 입출구",37.5145405010995,126.854345156021,1865.7,,http://place.map.kakao.com/1616242445,서울 양천구 신정동 1259,candidate_unverified,호원대학교 서울캠퍼스 출입구
1754204137,호원대학교 서울캠퍼스,0,18151222,오목공원 출입구1,"교통,수송 > 입출구",37.5284576252217,126.87415588098,1629.3,,http://place.map.kakao.com/18151222,서울 양천구 목동 920-2,candidate_unverified,호원대학교 서울캠퍼스 출입구
1754204137,호원대학교 서울캠퍼스,0,18143608,오목공원 출입구3,"교통,수송 > 입출구",37.5274971021102,126.872424326948,1505.9,,http://place.map.kakao.com/18143608,서울 양천구 목동 924-2,candidate_unverified,호원대학교 서울캠퍼스 출입구
1754204137,호원대학교 서울캠퍼스,0,312377845,화곡중앙시장 북2문,"교통,수송 > 입출구",37.5351729864375,126.839405287131,1528.3,,http://place.map.kakao.com/312377845,서울 강서구 화곡동 370-58,candidate_unverified,호원대학교 서울캠퍼스 출입구
1754204137,호원대학교 서울캠퍼스,0,148724075,서울양명초등학교 후문,"교통,수송 > 입출구",37.5160135293085,126.857205200601,1699.2,,http://place.map.kakao.com/148724075,서울 양천구 신정동 310-9,candidate_unverified,호원대학교 서울캠퍼스 출입구
1754204137,호원대학교 서울캠퍼스,0,1861729731,신월시영아파트 정문,"교통,수송 > 입출구",37.51672288064173,126.83461483432542,2485.8,,http://place.map.kakao.com/1861729731,서울 양천구 신월동 987-4,candidate_unverified,호원대학교 서울캠퍼스 출입구
1754204137,호원대학교 서울캠퍼스,0,18091193,오목공원 출입구2,"교통,수송 > 입출구",37.5285901994233,126.873431608988,1563.8,,http://place.map.kakao.com/18091193,서울 양천구 목동 920-1,candidate_unverified,호원대학교 서울캠퍼스 출입구
18710749,홍익대학교 대학로캠퍼스,0,7940957,서문,"여행 > 관광,명소 > 문화유적 > 문",37.5709791010621,126.987887936369,1330.2,,http://place.map.kakao.com/7940957,서울 종로구 종로2가 38-4,candidate_unverified,홍익대학교 대학로캠퍼스 서문
18710749,홍익대학교 대학로캠퍼스,0,942123983,광장시장 서문,"교통,수송 > 입출구",37.570161603164,126.998089257945,749.1,,http://place.map.kakao.com/942123983,서울 종로구 예지동 293-1,candidate_unverified,홍익대학교 대학로캠퍼스 서문 | 홍익대학교 대학로캠퍼스 출입구
18710749,홍익대학교 대학로캠퍼스,0,8066059,정전 서문,"여행 > 관광,명소 > 문화유적 > 문",37.5750159859724,126.993234990705,731.4,,http://place.map.kakao.com/8066059,서울 종로구 훈정동 1-2,candidate_unverified,홍익대학교 대학로캠퍼스 서문
18710749,홍익대학교 대학로캠퍼스,0,17933692,종묘 서문,"여행 > 관광,명소 > 문화유적 > 문",37.5759781895547,126.992279458327,801.0,,http://place.map.kakao.com/17933692,서울 종로구 훈정동 1-2,candidate_unverified,홍익대학교 대학로캠퍼스 서문
18710749,홍익대학교 대학로캠퍼스,0,11101684,영령전 서문,"여행 > 관광,명소 > 문화유적 > 문",37.5759781895547,126.992279458327,801.0,,http://place.map.kakao.com/11101684,서울 종로구 훈정동 1-2,candidate_unverified,홍익대학교 대학로캠퍼스 서문
18710749,홍익대학교 대학로캠퍼스,0,1183593067,NPD현대계동사옥주차장 서문,"교통,수송 > 입출구",37.5782950752746,126.986924483996,1289.3,,http://place.map.kakao.com/1183593067,서울 종로구 계동 140-2,candidate_unverified,홍익대학교 대학로캠퍼스 서문
18710749,홍익대학교 대학로캠퍼스,0,8508492,정전 남문,"여행 > 관광,명소 > 문화유적 > 문",37.5743672948719,126.993687857325,711.8,,http://place.map.kakao.com/8508492,서울 종로구 훈정동 1-2,candidate_unverified,홍익대학교 대학로캠퍼스 남문
18710749,홍익대학교 대학로캠퍼스,0,687079444,한성대학교 남문,"교통,수송 > 입출구",37.5811424451233,127.010811769121,987.3,,http://place.map.kakao.com/687079444,서울 성북구 삼선동2가 산 1-1,candidate_unverified,홍익대학교 대학로캠퍼스 남문 | 홍익대학교 대학로캠퍼스 출입구
18710749,홍익대학교 대학로캠퍼스,0,117042694,성균관대학교 인문사회과학캠퍼스 정문,"교통,수송 > 입출구",37.5850002309339,126.996838384994,1037.6,,http://place.map.kakao.com/117042694,서울 종로구 명륜3가 53,candidate_unverified,홍익대학교 대학로캠퍼스 출입구
18710749,홍익대학교 대학로캠퍼스,0,177870206,종오지하쇼핑센터 12번출구,"교통,수송 > 입출구",37.5709887308555,126.999409112333,623.7,,http://place.map.kakao.com/177870206,서울 종로구 종로5가 82-1,candidate_unverified,홍익대학교 대학로캠퍼스 출입구
18710749,홍익대학교 대학로캠퍼스,0,900488651,광장시장 동문,"교통,수송 > 입출구",37.5703778448469,127.001729634064,668.5,,http://place.map.kakao.com/900488651,서울 종로구 종로5가 194-1,candidate_unverified,홍익대학교 대학로캠퍼스 출입구
18710749,홍익대학교 대학로캠퍼스,0,972331115,창덕궁 후원 입구,"교통,수송 > 입출구",37.5795389611989,126.992958349553,818.9,,http://place.map.kakao.com/972331115,서울 종로구 와룡동 2-71,candidate_unverified,홍익대학교 대학로캠퍼스 출입구
18710749,홍익대학교 대학로캠퍼스,0,26396794,서울대학교병원 정문,"교통,수송 > 입출구",37.5770596068084,126.997405317092,356.0,,http://place.map.kakao.com/26396794,서울 종로구 연건동 28-21,candidate_unverified,홍익대학교 대학로캠퍼스 출입구
18710749,홍익대학교 대학로캠퍼스,0,2009442075,서울대학교병원 후문,"교통,수송 > 입출구",37.5799644239191,127.001969861978,402.0,,http://place.map.kakao.com/2009442075,서울 종로구 연건동 28-21,candidate_unverified,홍익대학교 대학로캠퍼스 출입구
18710749,홍익대학교 대학로캠퍼스,0,177748535,종오지하쇼핑센터 13번출구,"교통,수송 > 입출구",37.5710202671533,127.000059994367,607.0,,http://place.map.kakao.com/177748535,서울 종로구 종로5가 82-1,candidate_unverified,홍익대학교 대학로캠퍼스 출입구
18710749,홍익대학교 대학로캠퍼스,0,27254919,광장시장 북2문,"교통,수송 > 입출구",37.5707238387684,127.000475425175,633.9,,http://place.map.kakao.com/27254919,서울 종로구 종로4가 170-1,candidate_unverified,홍익대학교 대학로캠퍼스 출입구
18710749,홍익대학교 대학로캠퍼스,0,27425368,서울효제초등학교 후문,"교통,수송 > 입출구",37.5732718145745,127.003047352795,376.7,,http://place.map.kakao.com/27425368,서울 종로구 효제동 255-4,candidate_unverified,홍익대학교 대학로캠퍼스 출입구
18710749,홍익대학교 대학로캠퍼스,0,18093191,낙산공원 주출입구,"교통,수송 > 입출구",37.5803282544374,127.00665227891,640.7,,http://place.map.kakao.com/18093191,서울 종로구 동숭동 50-127,candidate_unverified,홍익대학교 대학로캠퍼스 출입구
18710749,홍익대학교 대학로캠퍼스,0,1825728644,창신동 쪽방촌입구,"교통,수송 > 입출구",37.570934162008,127.010980088474,1042.4,,http://place.map.kakao.com/1825728644,서울 종로구 창신동 447-2,candidate_unverified,홍익대학교 대학로캠퍼스 출입구
18710749,홍익대학교 대학로캠퍼스,0,391618469,광장시장 남1문,"교통,수송 > 입출구",37.5698012117878,127.001430785735,731.8,,http://place.map.kakao.com/391618469,서울 종로구 종로5가 194-1,candidate_unverified,홍익대학교 대학로캠퍼스 출입구
18710749,홍익대학교 대학로캠퍼스,0,966544243,중부시장 1문,"교통,수송 > 입출구",37.5666261112491,127.000303349922,1088.8,,http://place.map.kakao.com/966544243,서울 중구 을지로5가 270-37,candidate_unverified,홍익대학교 대학로캠퍼스 출입구
18710749,홍익대학교 대학로캠퍼스,0,18143729,낙산공원 출입구3,"교통,수송 > 입출구",37.5805227479092,127.008536132308,782.7,,http://place.map.kakao.com/18143729,서울 종로구 동숭동 50-112,candidate_unverified,홍익대학교 대학로캠퍼스 출입구
18710749,홍익대학교 대학로캠퍼스,0,257766416,광장시장 북문,"교통,수송 > 입출구",37.5706355397427,126.999241584545,665.6,,http://place.map.kakao.com/257766416,서울 종로구 종로4가 157-2,candidate_unverified,홍익대학교 대학로캠퍼스 출입구
18710749,홍익대학교 대학로캠퍼스,0,1305579219,광장시장 남2문,"교통,수송 > 입출구",37.5696174168277,127.000362223347,757.3,,http://place.map.kakao.com/1305579219,서울 종로구 예지동,candidate_unverified,홍익대학교 대학로캠퍼스 출입구
18710749,홍익대학교 대학로캠퍼스,0,18143728,낙산공원 출입구2,"교통,수송 > 입출구",37.5788686120996,127.007200079635,584.7,,http://place.map.kakao.com/18143728,서울 종로구 이화동 9-308,candidate_unverified,홍익대학교 대학로캠퍼스 출입구
18710749,홍익대학교 대학로캠퍼스,0,24582630,마전교 진출입 계단 15번,"교통,수송 > 입출구",37.5696930756845,127.002445010062,750.0,,http://place.map.kakao.com/24582630,서울 종로구 종로5가,candidate_unverified,홍익대학교 대학로캠퍼스 출입구
18710749,홍익대학교 대학로캠퍼스,0,1471031688,중부건어물시장 7문,"교통,수송 > 입출구",37.5655151644709,127.00212228603,1210.2,,http://place.map.kakao.com/1471031688,서울 중구 을지로5가 275-15,candidate_unverified,홍익대학교 대학로캠퍼스 출입구
18710749,홍익대학교 대학로캠퍼스,0,24582632,전태일다리(버들다리) 진출입 경사로 17번,"교통,수송 > 입출구",37.569739739021,127.007104116997,895.7,,http://place.map.kakao.com/24582632,서울 종로구 종로6가,candidate_unverified,홍익대학교 대학로캠퍼스 출입구
18710749,홍익대학교 대학로캠퍼스,0,18091355,낙산공원 출입구1,"교통,수송 > 입출구",37.5794957280832,127.006792584929,591.3,,http://place.map.kakao.com/18091355,서울 종로구 동숭동 50-132,candidate_unverified,홍익대학교 대학로캠퍼스 출입구
18710749,홍익대학교 대학로캠퍼스,0,24582635,전태일다리(버들다리) 진출입 계단 20번,"교통,수송 > 입출구",37.569646033308,127.007140330446,906.1,,http://place.map.kakao.com/24582635,서울 중구 을지로6가,candidate_unverified,홍익대학교 대학로캠퍼스 출입구
18710749,홍익대학교 대학로캠퍼스,0,792285301,광장시장 남3문,"교통,수송 > 입출구",37.5694228006309,126.999361583013,793.5,,http://place.map.kakao.com/792285301,서울 종로구 예지동 262-1,candidate_unverified,홍익대학교 대학로캠퍼스 출입구
18710749,홍익대학교 대학로캠퍼스,0,177718565,종오지하쇼핑센터 14번출구,"교통,수송 > 입출구",37.5709707109614,127.000588623588,605.5,,http://place.map.kakao.com/177718565,서울 종로구 종로5가 82-1,candidate_unverified,홍익대학교 대학로캠퍼스 출입구
18710749,홍익대학교 대학로캠퍼스,0,24582629,배오개다리 진출입 계단 14번,"교통,수송 > 입출구",37.5688569636048,126.998211540409,881.4,,http://place.map.kakao.com/24582629,서울 중구 주교동,candidate_unverified,홍익대학교 대학로캠퍼스 출입구
18710749,홍익대학교 대학로캠퍼스,0,1876556792,광장시장 북1문,"교통,수송 > 입출구",37.5706202227402,126.999228001142,667.5,,http://place.map.kakao.com/1876556792,서울 종로구 종로4가 157-2,candidate_unverified,홍익대학교 대학로캠퍼스 출입구
18710749,홍익대학교 대학로캠퍼스,0,24582622,삼일교 진출입 계단 7번,"교통,수송 > 입출구",37.5682075854278,126.987376754328,1530.9,,http://place.map.kakao.com/24582622,서울 종로구 관철동,candidate_unverified,홍익대학교 대학로캠퍼스 출입구
18710749,홍익대학교 대학로캠퍼스,0,207501270,종오지하쇼핑센터 10번출구,"교통,수송 > 입출구",37.5707815030805,127.000285255325,629.8,,http://place.map.kakao.com/207501270,서울 종로구 종로4가 160-2,candidate_unverified,홍익대학교 대학로캠퍼스 출입구
18710749,홍익대학교 대학로캠퍼스,0,24582626,세운교 진출입 경사로 11번,"교통,수송 > 입출구",37.5687019434723,126.99616047952,968.9,,http://place.map.kakao.com/24582626,서울 종로구 장사동,candidate_unverified,홍익대학교 대학로캠퍼스 출입구
18710749,홍익대학교 대학로캠퍼스,0,24582633,나래교 진출입 계단 18번,"교통,수송 > 입출구",37.5696029046329,127.004781347245,812.1,,http://place.map.kakao.com/24582633,서울 중구 방산동,candidate_unverified,홍익대학교 대학로캠퍼스 출입구
18710749,홍익대학교 대학로캠퍼스,0,24582638,오간수교 진출입 계단 24번,"교통,수송 > 입출구",37.5697142723471,127.010336962123,1084.7,,http://place.map.kakao.com/24582638,서울 중구 신당동,candidate_unverified,홍익대학교 대학로캠퍼스 출입구
18710749,홍익대학교 대학로캠퍼스,0,1198501183,종오지하쇼핑센터 11번출구,"교통,수송 > 입출구",37.5707274425982,126.99948835193,649.9,,http://place.map.kakao.com/1198501183,서울 종로구 종로4가 160-2,candidate_unverified,홍익대학교 대학로캠퍼스 출입구
18710749,홍익대학교 대학로캠퍼스,0,356238254,종오지하쇼핑센터 9번출구,"교통,수송 > 입출구",37.5708067294679,127.000656540255,623.0,,http://place.map.kakao.com/356238254,서울 종로구 종로5가 194-1,candidate_unverified,홍익대학교 대학로캠퍼스 출입구
18710749,홍익대학교 대학로캠퍼스,0,1429323459,원서공원앞 공영주차장 입구,"교통,수송 > 입출구",37.5783376414894,126.989084485094,1102.9,,http://place.map.kakao.com/1429323459,서울 종로구 원서동 181,candidate_unverified,홍익대학교 대학로캠퍼스 출입구
18710749,홍익대학교 대학로캠퍼스,0,740271303,현대계동사옥 공유주차장 입구,"교통,수송 > 입출구",37.5783890000368,126.98910485505,1102.3,,http://place.map.kakao.com/740271303,서울 종로구 원서동 181,candidate_unverified,홍익대학교 대학로캠퍼스 출입구
18710749,홍익대학교 대학로캠퍼스,0,727066808,현대원서공원 주차장입구,"교통,수송 > 입출구",37.578364675178825,126.9891263681207,1099.9,,http://place.map.kakao.com/727066808,서울 종로구 원서동 181,candidate_unverified,홍익대학교 대학로캠퍼스 출입구
18710749,홍익대학교 대학로캠퍼스,0,24582631,새벽다리 진출입 계단 16번,"교통,수송 > 입출구",37.5693290978845,127.000470888535,788.1,,http://place.map.kakao.com/24582631,서울 종로구 예지동,candidate_unverified,홍익대학교 대학로캠퍼스 출입구
18710749,홍익대학교 대학로캠퍼스,0,24582627,관수교 진출입 계단 12번,"교통,수송 > 입출구",37.5682945282997,126.992669634675,1180.9,,http://place.map.kakao.com/24582627,서울 중구 입정동,candidate_unverified,홍익대학교 대학로캠퍼스 출입구
18710749,홍익대학교 대학로캠퍼스,0,24582637,오간수교 진출입 계단 22번,"교통,수송 > 입출구",37.5697359810435,127.00931821035,1019.2,,http://place.map.kakao.com/24582637,서울 중구 을지로6가,candidate_unverified,홍익대학교 대학로캠퍼스 출입구
18710749,홍익대학교 대학로캠퍼스,0,24582636,오간수교 진출입 계단 21번,"교통,수송 > 입출구",37.5698440317988,127.010151340029,1062.8,,http://place.map.kakao.com/24582636,서울 종로구 창신동,candidate_unverified,홍익대학교 대학로캠퍼스 출입구
18710749,홍익대학교 대학로캠퍼스,0,425186218,종로센트레빌아파트 정문,"교통,수송 > 입출구",37.5797236801173,127.016084890104,1350.3,,http://place.map.kakao.com/425186218,서울 종로구 숭인동 2-1,candidate_unverified,홍익대학교 대학로캠퍼스 출입구
18710749,홍익대학교 대학로캠퍼스,0,1627522015,삼선푸르지오아파트 정문,"교통,수송 > 입출구",37.5843479206725,127.013344899129,1378.8,,http://place.map.kakao.com/1627522015,서울 성북구 삼선동2가 425,candidate_unverified,홍익대학교 대학로캠퍼스 출입구
18710749,홍익대학교 대학로캠퍼스,0,24582625,수표교 진출입 계단 10번,"교통,수송 > 입출구",37.5681069489297,126.990283554953,1341.1,,http://place.map.kakao.com/24582625,서울 중구 수표동,candidate_unverified,홍익대학교 대학로캠퍼스 출입구
18710749,홍익대학교 대학로캠퍼스,0,1358559046,홍익대학교사범대학 부속고등학교 후문,"교통,수송 > 입출구",37.5950289781094,127.003791050107,2084.5,,http://place.map.kakao.com/1358559046,서울 성북구 성북동 151,candidate_unverified,홍익대학교 후문 | 홍익대학교 출입구 | 홍익대학교 입구
