univ_id,univ_name,old_count,kakao_id,place_name,category_name,lat,lon,campus_distance_m,nearest_old_gate_m,place_url,address_name,status,queries
11124718,숭실대학교,5,26396782,숭실대학교 정문,"교통,수송 > 입출구",37.4959716382717,126.954504228758,292.6,0.0,http://place.map.kakao.com/26396782,서울 동작구 상도동 511,candidate_unverified,숭실대학교 정문 | 숭실대학교 출입구 | 숭실대학교 입구
11124718,숭실대학교,5,1634498382,IBK기업은행365 예림고시원숭실대정문입구,"금융,보험 > 금융서비스 > 은행 > ATM",37.4950572884777,126.957381593553,96.5,71.1,http://place.map.kakao.com/1634498382,서울 동작구 상도동 505-2,candidate_unverified,숭실대학교 정문
11124718,숭실대학교,5,685732447,숭실대학교 후문,"교통,수송 > 입출구",37.4975118612233,126.958025918926,185.4,0.0,http://place.map.kakao.com/685732447,서울 동작구 상도동 511-3,candidate_unverified,숭실대학교 후문 | 숭실대학교 출입구 | 숭실대학교 입구
11124718,숭실대학교,5,397224411,서문여자중학교 정문,"교통,수송 > 입출구",37.4894236659471,126.984597104045,2468.4,2359.3,http://place.map.kakao.com/397224411,서울 서초구 방배동 1514,candidate_unverified,숭실대학교 서문
11124718,숭실대학교,5,692682845,숭실대학교 남문,"교통,수송 > 입출구",37.49526235075583,126.95888773551715,115.0,0.0,http://place.map.kakao.com/692682845,서울 동작구 상도동 511,candidate_unverified,숭실대학교 남문 | 숭실대학교 출입구 | 숭실대학교 입구
11124718,숭실대학교,5,1409168461,관악드림타운아파트 남문,"교통,수송 > 입출구",37.4892639291416,126.948617171841,1093.5,908.9,http://place.map.kakao.com/1409168461,서울 관악구 봉천동 1712,candidate_unverified,숭실대학교 남문 | 숭실대학교 출입구
11124718,숭실대학교,5,1684785321,숭실대학교 북문,"교통,수송 > 입출구",37.49788848499963,126.95557060175777,300.9,0.0,http://place.map.kakao.com/1684785321,서울 동작구 상도동 511,candidate_unverified,숭실대학교 북문 | 숭실대학교 출입구
11124718,숭실대학교,5,570565310,숭실대학교 중문,"교통,수송 > 입출구",37.4954282647667,126.956725502974,107.3,0.0,http://place.map.kakao.com/570565310,서울 동작구 상도동,candidate_unverified,숭실대학교 중문 | 숭실대학교 출입구 | 숭실대학교 입구
11124718,숭실대학교,5,26397039,중앙대학교 서울캠퍼스 후문,"교통,수송 > 입출구",37.5049202595248,126.954064506402,1061.2,793.1,http://place.map.kakao.com/26397039,서울 동작구 흑석동 221,candidate_unverified,숭실대학교 출입구
11124718,숭실대학교,5,1337038013,사당롯데캐슬골든포레아파트 정문,"교통,수송 > 입출구",37.4921353206135,126.962703562233,597.2,484.0,http://place.map.kakao.com/1337038013,서울 동작구 사당동 1160,candidate_unverified,숭실대학교 출입구
11124718,숭실대학교,5,1869851950,중앙대학교 서울캠퍼스 정문,"교통,수송 > 입출구",37.5067563369528,126.958469749756,1213.8,1018.7,http://place.map.kakao.com/1869851950,서울 동작구 흑석동 221,candidate_unverified,숭실대학교 출입구
11124718,숭실대학교,5,409231082,상도래미안3차아파트 정문,"교통,수송 > 입출구",37.4980904638478,126.953625390296,445.7,173.1,http://place.map.kakao.com/409231082,서울 동작구 상도동 431,candidate_unverified,숭실대학교 출입구
11124718,숭실대학교,5,2013367291,관악드림타운아파트 북문,"교통,수송 > 입출구",37.49127610878637,126.95128665939158,768.8,594.3,http://place.map.kakao.com/2013367291,서울 관악구 봉천동 1712,candidate_unverified,숭실대학교 출입구
11124718,숭실대학교,5,1742329224,흑석자이아파트 게이트2,"교통,수송 > 입출구",37.5017807110784,126.960293291815,694.4,515.1,http://place.map.kakao.com/1742329224,서울 동작구 흑석동 250-2,candidate_unverified,숭실대학교 출입구
11124718,숭실대학교,5,1246676399,중앙대학교 서울캠퍼스 중문,"교통,수송 > 입출구",37.5059431853532,126.957222722899,1123.2,907.4,http://place.map.kakao.com/1246676399,서울 동작구 흑석동 221,candidate_unverified,숭실대학교 출입구
11124718,숭실대학교,5,147478312,래미안상도2차아파트 정문,"교통,수송 > 입출구",37.4981312547529,126.959173403215,280.1,122.4,http://place.map.kakao.com/147478312,서울 동작구 상도동 421,candidate_unverified,숭실대학교 출입구
11124718,숭실대학교,5,1415206107,흑석자이아파트 GATE1,"교통,수송 > 입출구",37.5029798817072,126.962854238342,908.5,742.4,http://place.map.kakao.com/1415206107,서울 동작구 흑석동 253-89,candidate_unverified,숭실대학교 출입구
11124718,숭실대학교,5,1828420270,힐스테이트상도센트럴파크아파트 정문,"교통,수송 > 입출구",37.4968930106759,126.951346338675,582.5,296.8,http://place.map.kakao.com/1828420270,서울 동작구 상도동 531,candidate_unverified,숭실대학교 출입구
11124718,숭실대학교,5,1236177787,흑석자이아파트 Gate3,"교통,수송 > 입출구",37.5005761550696,126.960558561406,578.2,407.5,http://place.map.kakao.com/1236177787,서울 동작구 흑석동 253-89,candidate_unverified,숭실대학교 출입구
11124718,숭실대학교,5,1093742759,관악드림타운아파트 정문,"교통,수송 > 입출구",37.488285101783966,126.95211402690988,980.5,880.3,http://place.map.kakao.com/1093742759,서울 관악구 봉천동 1712,candidate_unverified,숭실대학교 출입구
11124718,숭실대학교,5,681158900,상도현대아파트 후문주차장 입구,"교통,수송 > 입출구",37.4943740519124,126.959158486348,202.6,101.6,http://place.map.kakao.com/681158900,서울 동작구 상도동 412,candidate_unverified,숭실대학교 출입구
11124718,숭실대학교,5,82687184,상도역롯데캐슬파크엘아파트 정문,"교통,수송 > 입출구",37.50144609146417,126.94581771958835,1227.8,947.0,http://place.map.kakao.com/82687184,서울 동작구 상도동 904,candidate_unverified,숭실대학교 출입구
11124718,숭실대학교,5,107717438,흑석한강센트레빌2차 정문,"교통,수송 > 입출구",37.5017355385932,126.959931420595,680.2,498.8,http://place.map.kakao.com/107717438,서울 동작구 흑석동 339,candidate_unverified,숭실대학교 출입구
11124718,숭실대학교,5,2123809786,래미안상도2차아파트 후문,"교통,수송 > 입출구",37.497627186809176,126.95801680749399,198.1,12.8,http://place.map.kakao.com/2123809786,서울 동작구 상도동 421,candidate_unverified,숭실대학교 출입구
11124718,숭실대학교,5,1522511926,힐스테이트상도프레스티지아파트 후문,"교통,수송 > 입출구",37.4954450603521,126.949129725457,767.8,477.8,http://place.map.kakao.com/1522511926,서울 동작구 상도동 533,candidate_unverified,숭실대학교 출입구
11124718,숭실대학교,5,1489109506,힐스테이트관악센트씨엘아파트 후문,"교통,수송 > 입출구",37.4919634265646,126.9467608518,1067.1,815.7,http://place.map.kakao.com/1489109506,서울 관악구 봉천동 1699-1,candidate_unverified,숭실대학교 출입구
11124718,숭실대학교,5,625907172,흑석한강푸르지오아파트 Gate2,"교통,수송 > 입출구",37.5025262720579,126.96447056812,946.1,796.3,http://place.map.kakao.com/625907172,서울 동작구 흑석동 336,candidate_unverified,숭실대학교 출입구
11124718,숭실대학교,5,1680011588,상도근린공원 산책로 입구,"교통,수송 > 입출구",37.4921618864599,126.956107721226,437.3,367.3,http://place.map.kakao.com/1680011588,서울 동작구 상도동 124-54,candidate_unverified,숭실대학교 출입구
11124718,숭실대학교,5,1837835714,서울대입구역서희스타힐스아파트 정문,"교통,수송 > 입출구",37.4886842566187,126.959350415417,808.5,732.6,http://place.map.kakao.com/1837835714,서울 관악구 봉천동 1729,candidate_unverified,숭실대학교 출입구
11124718,숭실대학교,5,1410370198,힐스테이트관악센트씨엘아파트 정문,"교통,수송 > 입출구",37.4902288355792,126.946425119797,1183.8,957.0,http://place.map.kakao.com/1410370198,서울 관악구 봉천동 1699-1,candidate_unverified,숭실대학교 출입구
11124718,숭실대학교,5,1392506670,서울은로초등학교 후문,"교통,수송 > 입출구",37.5038513694752,126.960734398336,925.8,744.3,http://place.map.kakao.com/1392506670,서울 동작구 흑석동 245-34,candidate_unverified,숭실대학교 출입구
11124718,숭실대학교,5,740185391,관악브라운스톤 정문,"교통,수송 > 입출구",37.487989672779,126.957066747373,876.9,824.5,http://place.map.kakao.com/740185391,서울 관악구 봉천동 1721,candidate_unverified,숭실대학교 출입구
11124718,숭실대학교,5,746098898,브라운스톤관악아파트 후문,"교통,수송 > 입출구",37.4876204271611,126.95753054958,915.8,858.1,http://place.map.kakao.com/746098898,서울 관악구 봉천동 1721,candidate_unverified,숭실대학교 출입구
11124718,숭실대학교,5,25491573,동작삼성래미안아파트정문,"교통,수송 > 입출구",37.4898246579274,126.970578072837,1310.2,1195.6,http://place.map.kakao.com/25491573,서울 동작구 사당동 1133,candidate_unverified,숭실대학교 출입구
11124718,숭실대학교,5,27299111,국립서울현충원 정문,"교통,수송 > 입출구",37.5036472062595,126.975422168197,1778.5,1679.4,http://place.map.kakao.com/27299111,서울 동작구 동작동 205-8,candidate_unverified,숭실대학교 출입구
11124718,숭실대학교,5,18080716,상도근린공원 출입구,"교통,수송 > 입출구",37.4937419804248,126.948720399553,836.2,567.3,http://place.map.kakao.com/18080716,서울 관악구 봉천동 1712-23,candidate_unverified,숭실대학교 출입구
11124718,숭실대학교,5,1472021074,흑석한강센트레빌1차아파트 정문,"교통,수송 > 입출구",37.5057199132258,126.966096538396,1318.0,1157.5,http://place.map.kakao.com/1472021074,서울 동작구 흑석동 335,candidate_unverified,숭실대학교 출입구
11124718,숭실대학교,5,1944182133,상도역롯데캐슬파크엘아파트 후문,"교통,수송 > 입출구",37.500630464193,126.94534672132039,1221.7,952.1,http://place.map.kakao.com/1944182133,서울 동작구 상도동 904,candidate_unverified,숭실대학교 출입구
11124718,숭실대학교,5,698568068,상도푸르지오클라베뉴아파트 후문,"교통,수송 > 입출구",37.49707345032326,126.94009876814354,1569.1,1276.8,http://place.map.kakao.com/698568068,서울 동작구 상도동 906,candidate_unverified,숭실대학교 출입구
11124718,숭실대학교,5,62547136,서울대입구역서희스타힐스 주출입구,"교통,수송 > 입출구",37.4886887597115,126.959344759349,807.9,732.1,http://place.map.kakao.com/62547136,서울 관악구 봉천동 1729,candidate_unverified,숭실대학교 출입구
11124718,숭실대학교,5,507655019,관악우성아파트 후문,"교통,수송 > 입출구",37.4852725138157,126.95784846743,1176.5,1114.6,http://place.map.kakao.com/507655019,서울 관악구 봉천동 1706,candidate_unverified,숭실대학교 출입구
11124718,숭실대학교,5,1209670072,흑석한강푸르지오아파트 게이트1,"교통,수송 > 입출구",37.5036014080491,126.965265116831,1083.5,930.8,http://place.map.kakao.com/1209670072,서울 동작구 흑석동 336,candidate_unverified,숭실대학교 출입구
11124718,숭실대학교,5,18090579,중앙대학교병원 출입구2,"교통,수송 > 입출구",37.506187772836,126.961026100938,1183.5,1000.4,http://place.map.kakao.com/18090579,서울 동작구 흑석동 233,candidate_unverified,숭실대학교 출입구
11124718,숭실대학교,5,361535592,상도푸르지오클라베뉴아파트 정문,"교통,수송 > 입출구",37.4980940829893,126.939690840664,1618.5,1328.0,http://place.map.kakao.com/361535592,서울 동작구 상도동 906,candidate_unverified,숭실대학교 출입구
11124718,숭실대학교,5,27496929,관악푸르지오아파트 정문,"교통,수송 > 입출구",37.4855331121042,126.961077537492,1183.0,1099.0,http://place.map.kakao.com/27496929,서울 관악구 봉천동 1717,candidate_unverified,숭실대학교 출입구
11124718,숭실대학교,5,980708965,본동삼성래미안아파트 정문,"교통,수송 > 입출구",37.5099853249459,126.950870719804,1686.7,1407.5,http://place.map.kakao.com/980708965,서울 동작구 본동 492,candidate_unverified,숭실대학교 출입구
11124718,숭실대학교,5,1746101402,본동신동아아파트 정문,"교통,수송 > 입출구",37.5104774633584,126.951329605234,1723.9,1449.0,http://place.map.kakao.com/1746101402,서울 동작구 본동 481,candidate_unverified,숭실대학교 출입구
7813437,연세대학교 신촌캠퍼스,5,502939733,연세대학교 신촌캠퍼스 지하주차장입구,"교통,수송 > 입출구",37.5645485111383,126.938301700878,60.6,392.8,http://place.map.kakao.com/502939733,서울 서대문구 신촌동 134,candidate_unverified,연세대학교 신촌캠퍼스 정문 | 연세대학교 신촌캠퍼스 후문 | 연세대학교 신촌캠퍼스 출입구 | 연세대학교 신촌캠퍼스 입구 | 연세대학교 출입구
7813437,연세대학교 신촌캠퍼스,5,7999562,연세대학교 동문,"교통,수송 > 입출구",37.5660622423696,126.945759633944,631.3,0.0,http://place.map.kakao.com/7999562,서울 서대문구 신촌동 134,candidate_unverified,연세대학교 신촌캠퍼스 동문 | 연세대학교 신촌캠퍼스 출입구 | 연세대학교 동문 | 연세대학교 출입구 | 연세대학교 입구
7813437,연세대학교 신촌캠퍼스,5,18922244,연세대학교 서문,"교통,수송 > 입출구",37.5637749061639,126.933953735176,443.5,0.0,http://place.map.kakao.com/18922244,서울 서대문구 연희동 25,candidate_unverified,연세대학교 신촌캠퍼스 서문 | 연세대학교 신촌캠퍼스 출입구 | 연세대학교 서문 | 연세대학교 출입구 | 연세대학교 입구
7813437,연세대학교 신촌캠퍼스,5,18922240,연세대학교 남문,"교통,수송 > 입출구",37.5614750339922,126.933014087396,611.3,0.0,http://place.map.kakao.com/18922240,서울 서대문구 신촌동 134,candidate_unverified,연세대학교 신촌캠퍼스 남문 | 연세대학교 신촌캠퍼스 출입구 | 연세대학교 남문 | 연세대학교 출입구 | 연세대학교 입구
7813437,연세대학교 신촌캠퍼스,5,26397093,이화여자대학교 후문,"교통,수송 > 입출구",37.5635317504439,126.944692996803,515.3,296.7,http://place.map.kakao.com/26397093,서울 서대문구 대신동 47,candidate_unverified,연세대학교 신촌캠퍼스 출입구 | 연세대학교 출입구
7813437,연세대학교 신촌캠퍼스,5,18097390,연세대학교 정문,"교통,수송 > 입출구",37.5604968585685,126.936840480172,465.2,0.0,http://place.map.kakao.com/18097390,서울 서대문구 신촌동 134,candidate_unverified,연세대학교 신촌캠퍼스 출입구 | 연세대학교 정문 | 연세대학교 출입구 | 연세대학교 입구
7813437,연세대학교 신촌캠퍼스,5,592662879,이화여자대학교 정문,"교통,수송 > 입출구",37.5594236592153,126.94566937595,806.7,738.2,http://place.map.kakao.com/592662879,서울 서대문구 대현동,candidate_unverified,연세대학교 신촌캠퍼스 출입구 | 연세대학교 출입구
7813437,연세대학교 신촌캠퍼스,5,1407355588,세브란스병원 본관주차장 입구,"교통,수송 > 입출구",37.56155810250957,126.9400471787673,324.2,306.3,http://place.map.kakao.com/1407355588,서울 서대문구 신촌동 134,candidate_unverified,연세대학교 신촌캠퍼스 출입구 | 연세대학교 출입구
7813437,연세대학교 신촌캠퍼스,5,18922248,연세대학교 북문,"교통,수송 > 입출구",37.5726756675515,126.93864138705,927.6,0.0,http://place.map.kakao.com/18922248,서울 서대문구 연희동 7,candidate_unverified,연세대학교 신촌캠퍼스 출입구 | 연세대학교 북문 | 연세대학교 출입구
7813437,연세대학교 신촌캠퍼스,5,478077231,이화여자대학교 학관 출입구,"교통,수송 > 입출구",37.5635607324599,126.945014422532,542.7,285.8,http://place.map.kakao.com/478077231,서울 서대문구 대현동 11-1,candidate_unverified,연세대학교 신촌캠퍼스 출입구 | 연세대학교 출입구
7813437,연세대학교 신촌캠퍼스,5,17578909,세브란스병원 본관주차장입구,"교통,수송 > 입출구",37.562144744763685,126.9420387378147,366.4,493.5,http://place.map.kakao.com/17578909,서울 서대문구 대신동 5,candidate_unverified,연세대학교 신촌캠퍼스 출입구 | 연세대학교 출입구
7813437,연세대학교 신촌캠퍼스,5,1341536850,이대공대 철문,"교통,수송 > 입출구",37.5668145259871,126.947649370519,815.9,186.4,http://place.map.kakao.com/1341536850,서울 서대문구 신촌동 34-1,candidate_unverified,연세대학교 신촌캠퍼스 출입구 | 연세대학교 출입구
7813437,연세대학교 신촌캠퍼스,5,977695565,서울문화재단 연희문학창작촌 후문,"교통,수송 > 입출구",37.5724698669074,126.931413793741,1121.3,637.4,http://place.map.kakao.com/977695565,서울 서대문구 연희동 200-141,candidate_unverified,연세대학교 신촌캠퍼스 출입구 | 연세대학교 출입구
7813437,연세대학교 신촌캠퍼스,5,17578489,세브란스병원 정문,"교통,수송 > 입출구",37.560436337978,126.938253028733,437.9,124.7,http://place.map.kakao.com/17578489,서울 서대문구 신촌동 134,candidate_unverified,연세대학교 신촌캠퍼스 출입구 | 연세대학교 정문 | 연세대학교 출입구
7813437,연세대학교 신촌캠퍼스,5,1749325750,연희대우아파트 정문,"교통,수송 > 입출구",37.5621790681908,126.928997705781,908.2,362.6,http://place.map.kakao.com/1749325750,서울 서대문구 연희동 739,candidate_unverified,연세대학교 신촌캠퍼스 출입구 | 연세대학교 출입구
7813437,연세대학교 신촌캠퍼스,5,10043389,서강대학교 정문,"교통,수송 > 입출구",37.5516352233547,126.937925314256,1415.2,990.0,http://place.map.kakao.com/10043389,서울 마포구 신수동 1-1,candidate_unverified,연세대학교 신촌캠퍼스 출입구 | 연세대학교 출입구
7813437,연세대학교 신촌캠퍼스,5,1018016160,서울연희초등학교 후문,"교통,수송 > 입출구",37.5691686204553,126.934588519515,659.9,528.8,http://place.map.kakao.com/1018016160,서울 서대문구 연희동 88-1,candidate_unverified,연세대학교 신촌캠퍼스 출입구 | 연세대학교 출입구
7813437,연세대학교 신촌캠퍼스,5,2109875238,힐스테이트신촌아파트 정문,"교통,수송 > 입출구",37.5623942632169,126.951944395407,1166.8,680.8,http://place.map.kakao.com/2109875238,서울 서대문구 북아현동 1-954,candidate_unverified,연세대학교 신촌캠퍼스 출입구 | 연세대학교 출입구
7813437,연세대학교 신촌캠퍼스,5,699204189,안산자락길 입구,"교통,수송 > 입출구",37.5770768343509,126.951822887173,1815.7,1260.5,http://place.map.kakao.com/699204189,서울 서대문구 현저동 산 5-47,candidate_unverified,연세대학교 신촌캠퍼스 출입구 | 연세대학교 출입구
7813437,연세대학교 신촌캠퍼스,5,312240339,안산도시자연공원 입구,"교통,수송 > 입출구",37.5776387430855,126.939411650055,1479.7,556.0,http://place.map.kakao.com/312240339,서울 서대문구 연희동 산 2-37,candidate_unverified,연세대학교 신촌캠퍼스 출입구 | 연세대학교 출입구
7813437,연세대학교 신촌캠퍼스,5,881985914,연세대학교 지하주차장 입구,"교통,수송 > 입출구",37.5602861728324,126.937116818828,478.1,33.8,http://place.map.kakao.com/881985914,서울 서대문구 신촌동 134,candidate_unverified,연세대학교 신촌캠퍼스 출입구 | 연세대학교 출입구
7813437,연세대학교 신촌캠퍼스,5,313573795,e편한세상신촌아파트1단지 후문,"교통,수송 > 입출구",37.5588278232198,126.949091193407,1084.7,856.4,http://place.map.kakao.com/313573795,서울 서대문구 북아현동 1013,candidate_unverified,연세대학교 신촌캠퍼스 출입구 | 연세대학교 출입구
7813437,연세대학교 신촌캠퍼스,5,345254034,이화여자대학교 북아현문,"교통,수송 > 입출구",37.56809505093891,126.95021794364267,1078.6,453.3,http://place.map.kakao.com/345254034,서울 서대문구 대현동 11-1,candidate_unverified,연세대학교 신촌캠퍼스 출입구 | 연세대학교 출입구
7813437,연세대학교 신촌캠퍼스,5,1844501862,서강대학교 후문,"교통,수송 > 입출구",37.5507696837461,126.943969110916,1572.5,1250.9,http://place.map.kakao.com/1844501862,서울 마포구 대흥동 22-60,candidate_unverified,연세대학교 신촌캠퍼스 출입구 | 연세대학교 출입구
7813437,연세대학교 신촌캠퍼스,5,2066729900,마포그랑자이아파트 2단지 GATE2,"교통,수송 > 입출구",37.5542187596704,126.944086490514,1213.3,946.2,http://place.map.kakao.com/2066729900,서울 마포구 대흥동 806,candidate_unverified,연세대학교 신촌캠퍼스 출입구 | 연세대학교 출입구
7813437,연세대학교 신촌캠퍼스,5,1393518829,DMC파크뷰자이3단지아파트 게이트1,"교통,수송 > 입출구",37.5729083071357,126.920788462933,1861.9,1542.0,http://place.map.kakao.com/1393518829,서울 서대문구 남가좌동 385,candidate_unverified,연세대학교 신촌캠퍼스 출입구 | 연세대학교 출입구
7813437,연세대학교 신촌캠퍼스,5,1122624057,마포더클래시 2단지아파트 정문,"교통,수송 > 입출구",37.5564114656951,126.949363325085,1273.4,1119.1,http://place.map.kakao.com/1122624057,서울 마포구 아현동 662,candidate_unverified,연세대학교 신촌캠퍼스 출입구 | 연세대학교 출입구
7813437,연세대학교 신촌캠퍼스,5,829661085,AK플라자 홍대 주차장 입구,"교통,수송 > 입출구",37.5571362489688,126.927612690937,1279.6,677.8,http://place.map.kakao.com/829661085,서울 마포구 동교동 193-9,candidate_unverified,연세대학교 신촌캠퍼스 출입구 | 연세대학교 출입구
7813437,연세대학교 신촌캠퍼스,5,257711854,DMC파크뷰자이1단지아파트 게이트2,"교통,수송 > 입출구",37.5726505338801,126.920656292701,1857.4,1532.2,http://place.map.kakao.com/257711854,서울 서대문구 남가좌동 115-7,candidate_unverified,연세대학교 신촌캠퍼스 출입구 | 연세대학교 출입구
7813437,연세대학교 신촌캠퍼스,5,27377630,중앙여자고등학교 정문,"교통,수송 > 입출구",37.5622891231938,126.954930248887,1428.1,910.7,http://place.map.kakao.com/27377630,서울 서대문구 북아현동 190-1,candidate_unverified,연세대학교 신촌캠퍼스 출입구 | 연세대학교 출입구
7813437,연세대학교 신촌캠퍼스,5,1557454094,신촌푸르지오아파트 정문,"교통,수송 > 입출구",37.5605052392461,126.9528521884927,1298.5,879.0,http://place.map.kakao.com/1557454094,서울 서대문구 북아현동 1011,candidate_unverified,연세대학교 신촌캠퍼스 출입구 | 연세대학교 출입구
7813437,연세대학교 신촌캠퍼스,5,1238780392,마포프레스티지자이아파트 정문,"교통,수송 > 입출구",37.5542211934313,126.947422784266,1350.9,1165.0,http://place.map.kakao.com/1238780392,서울 마포구 염리동 14-149,candidate_unverified,연세대학교 신촌캠퍼스 출입구 | 연세대학교 출입구
7813437,연세대학교 신촌캠퍼스,5,792576920,신촌푸르지오1단지아파트 후문,"교통,수송 > 입출구",37.5606731796172,126.951504093947,1180.4,784.5,http://place.map.kakao.com/792576920,서울 서대문구 북아현동 1011,candidate_unverified,연세대학교 신촌캠퍼스 출입구 | 연세대학교 출입구
7813437,연세대학교 신촌캠퍼스,5,666043195,마포더클래시아파트1단지 게이트1,"교통,수송 > 입출구",37.5553139489017,126.949126404109,1346.7,1226.8,http://place.map.kakao.com/666043195,서울 마포구 아현동 662,candidate_unverified,연세대학교 신촌캠퍼스 출입구 | 연세대학교 출입구
7813437,연세대학교 신촌캠퍼스,5,24636694,홍제천연희경사로 진출입로13,"교통,수송 > 입출구",37.5792003793766,126.934741633783,1693.6,802.8,http://place.map.kakao.com/24636694,서울 서대문구 연희동 170-181,candidate_unverified,연세대학교 신촌캠퍼스 출입구 | 연세대학교 출입구
7813437,연세대학교 신촌캠퍼스,5,832082252,e편한세상신촌3단지아파트 입구,"교통,수송 > 입출구",37.5600984287875,126.956339532477,1604.8,1144.3,http://place.map.kakao.com/832082252,서울 서대문구 북아현동 142-2,candidate_unverified,연세대학교 신촌캠퍼스 출입구 | 연세대학교 출입구
7813437,연세대학교 신촌캠퍼스,5,27119687,명지대학교 입구,"교통,수송 > 입출구",37.5798245779138,126.923891021078,2173.4,1523.7,http://place.map.kakao.com/27119687,서울 서대문구 남가좌동 50-3,candidate_unverified,연세대학교 신촌캠퍼스 출입구 | 연세대학교 출입구
7813437,연세대학교 신촌캠퍼스,5,24638098,홍제천남가좌 진출입로7,"교통,수송 > 입출구",37.5734127529246,126.923349656251,1704.5,1350.2,http://place.map.kakao.com/24638098,서울 서대문구 남가좌동 332-27,candidate_unverified,연세대학교 신촌캠퍼스 출입구 | 연세대학교 출입구
7813437,연세대학교 신촌캠퍼스,5,24639476,홍제천홍은경사로 진출입로6,"교통,수송 > 입출구",37.5792934946913,126.933686440688,1726.2,855.7,http://place.map.kakao.com/24639476,서울 서대문구 홍은동 275-36,candidate_unverified,연세대학교 신촌캠퍼스 출입구 | 연세대학교 출입구
7813437,연세대학교 신촌캠퍼스,5,1604051531,DMC파크뷰자이1단지아파트 게이트3,"교통,수송 > 입출구",37.5705969772924,126.917747063687,1993.0,1617.3,http://place.map.kakao.com/1604051531,서울 서대문구 남가좌동 385,candidate_unverified,연세대학교 신촌캠퍼스 출입구 | 연세대학교 출입구
7813437,연세대학교 신촌캠퍼스,5,24636690,홍제천연희경사로 진출입로11,"교통,수송 > 입출구",37.5780239114804,126.931957756029,1641.5,837.0,http://place.map.kakao.com/24636690,서울 서대문구 연희동 735,candidate_unverified,연세대학교 신촌캠퍼스 출입구 | 연세대학교 출입구
7813437,연세대학교 신촌캠퍼스,5,24636686,홍제천연희경사로 진출입로9,"교통,수송 > 입출구",37.5768945811736,126.92976259134,1613.5,912.3,http://place.map.kakao.com/24636686,서울 서대문구 연희동 735,candidate_unverified,연세대학교 신촌캠퍼스 출입구 | 연세대학교 출입구
7813437,연세대학교 신촌캠퍼스,5,701959593,DMC센트럴아이파크아파트 정문,"교통,수송 > 입출구",37.5793734203346,126.921506155368,2270.5,1683.7,http://place.map.kakao.com/701959593,서울 서대문구 남가좌동 388,candidate_unverified,연세대학교 신촌캠퍼스 출입구 | 연세대학교 출입구
7813437,연세대학교 신촌캠퍼스,5,24636689,홍제천연희계단 진출입로10,"교통,수송 > 입출구",37.5775801130179,126.931079674884,1627.2,861.1,http://place.map.kakao.com/24636689,서울 서대문구 연희동 735,candidate_unverified,연세대학교 신촌캠퍼스 출입구 | 연세대학교 출입구
7813437,연세대학교 신촌캠퍼스,5,24636683,홍제천연희계단 진출입로7,"교통,수송 > 입출구",37.5753034009479,126.926757404111,1624.5,1087.3,http://place.map.kakao.com/24636683,서울 서대문구 연희동 696,candidate_unverified,연세대학교 신촌캠퍼스 출입구 | 연세대학교 출입구
7813437,연세대학교 신촌캠퍼스,5,12803265,연세대학교 후문,"교육,학문 > 학교부속시설",37.57220871795817,126.93819237130116,877.7,65.3,http://place.map.kakao.com/12803265,서울 서대문구 연희동 7,candidate_unverified,연세대학교 후문
7813437,연세대학교 신촌캠퍼스,5,1999387975,우리은행 365코너 에비슨생명연구센터 식당후문,"금융,보험 > 금융서비스 > 은행 > ATM",37.56403149813,126.942175363392,287.6,388.3,http://place.map.kakao.com/1999387975,서울 서대문구 신촌동 134,candidate_unverified,연세대학교 후문
7813437,연세대학교 신촌캠퍼스,5,892335531,투루카 연세대 동문 옆 명하우스,"교통,수송 > 교통시설 > 카셰어링 > 투루카",37.5654033000453,126.9450798494,554.4,94.6,http://place.map.kakao.com/892335531,서울 서대문구 대신동 93,candidate_unverified,연세대학교 동문
11038502,경희대학교 서울캠퍼스,3,26397117,경희대학교 정문,"교통,수송 > 입출구",37.5938315697917,127.052697920723,380.2,0.0,http://place.map.kakao.com/26397117,서울 동대문구 회기동 36-17,candidate_unverified,경희대학교 서울캠퍼스 정문 | 경희대학교 서울캠퍼스 후문 | 경희대학교 서울캠퍼스 출입구 | 경희대학교 서울캠퍼스 입구 | 경희대학교 정문 | 경희대학교 출입구 | 경희대학교 입구
11038502,경희대학교 서울캠퍼스,3,193241218,경희대학교 남문,"교통,수송 > 입출구",37.5945543473825,127.056208639286,489.3,0.0,http://place.map.kakao.com/193241218,서울 동대문구 회기동 1-5,candidate_unverified,경희대학교 서울캠퍼스 남문 | 경희대학교 서울캠퍼스 출입구 | 경희대학교 남문 | 경희대학교 출입구
11038502,경희대학교 서울캠퍼스,3,186594796,경희대학교 후문,"교통,수송 > 입출구",37.5981142355862,127.05412773906,235.4,0.0,http://place.map.kakao.com/186594796,서울 동대문구 회기동 1-5,candidate_unverified,경희대학교 서울캠퍼스 출입구 | 경희대학교 후문 | 경희대학교 출입구 | 경희대학교 입구
11038502,경희대학교 서울캠퍼스,3,137156823,이문아이파크자이아파트 2단지 정문,"교통,수송 > 입출구",37.5985669155017,127.064153082247,1104.7,830.0,http://place.map.kakao.com/137156823,서울 동대문구 이문동 149-8,candidate_unverified,경희대학교 서울캠퍼스 출입구 | 경희대학교 출입구
11038502,경희대학교 서울캠퍼스,3,1891018401,이문아이파크자이아파트 1단지 후문,"교통,수송 > 입출구",37.5962451042884,127.062392547736,944.2,576.4,http://place.map.kakao.com/1891018401,서울 동대문구 이문동 149-8,candidate_unverified,경희대학교 서울캠퍼스 출입구 | 경희대학교 출입구
11038502,경희대학교 서울캠퍼스,3,2009989067,이문아이파크자이아파트 1단지 정문,"교통,수송 > 입출구",37.5981679688244,127.063798304729,1068.3,780.1,http://place.map.kakao.com/2009989067,서울 동대문구 이문동 149-8,candidate_unverified,경희대학교 서울캠퍼스 출입구 | 경희대학교 출입구
11038502,경희대학교 서울캠퍼스,3,27384930,한국외대정문,"교통,수송 > 입출구",37.5965021772992,127.060096346596,740.0,405.3,http://place.map.kakao.com/27384930,서울 동대문구 이문동 270-1,candidate_unverified,경희대학교 서울캠퍼스 출입구 | 경희대학교 출입구
11038502,경희대학교 서울캠퍼스,3,1435351662,서울시립대학교 정문,"교통,수송 > 입출구",37.5834771622868,127.055113438416,1550.9,1170.9,http://place.map.kakao.com/1435351662,서울 동대문구 전농동 694,candidate_unverified,경희대학교 서울캠퍼스 출입구 | 경희대학교 출입구
11038502,경희대학교 서울캠퍼스,3,536324711,래미안라그란데아파트 게이트2,"교통,수송 > 입출구",37.599768851645,127.060719531634,842.5,609.2,http://place.map.kakao.com/536324711,서울 동대문구 이문동 257-42,candidate_unverified,경희대학교 서울캠퍼스 출입구 | 경희대학교 출입구
11038502,경희대학교 서울캠퍼스,3,1220652183,휘경자이디센시아아파트 정문,"교통,수송 > 입출구",37.5939020513347,127.063285120747,1080.1,627.7,http://place.map.kakao.com/1220652183,서울 동대문구 휘경동 172,candidate_unverified,경희대학교 서울캠퍼스 출입구 | 경희대학교 출입구
11038502,경희대학교 서울캠퍼스,3,1390155690,래미안이문2차아파트 정문,"교통,수송 > 입출구",37.5937285243427,127.05910673921,753.3,271.3,http://place.map.kakao.com/1390155690,서울 동대문구 이문동 311,candidate_unverified,경희대학교 서울캠퍼스 출입구 | 경희대학교 출입구
11038502,경희대학교 서울캠퍼스,3,1900627195,한국과학기술연구원 북문,"교통,수송 > 입출구",37.6042175699009,127.045534434212,955.8,1016.7,http://place.map.kakao.com/1900627195,서울 성북구 하월곡동 39-1,candidate_unverified,경희대학교 서울캠퍼스 출입구 | 경희대학교 출입구
11038502,경희대학교 서울캠퍼스,3,2143884454,휘경자이디센시아아파트 후문,"교통,수송 > 입출구",37.592307107959,127.063634780463,1179.1,700.4,http://place.map.kakao.com/2143884454,서울 동대문구 휘경동 98-38,candidate_unverified,경희대학교 서울캠퍼스 출입구 | 경희대학교 출입구
11038502,경희대학교 서울캠퍼스,3,531860710,이문삼성래미안1차아파트 입구,"교통,수송 > 입출구",37.6000669543276,127.057367843371,591.6,358.6,http://place.map.kakao.com/531860710,서울 동대문구 이문동 264-442,candidate_unverified,경희대학교 서울캠퍼스 출입구 | 경희대학교 출입구
11038502,경희대학교 서울캠퍼스,3,355663192,래미안라그란데아파트 게이트5,"교통,수송 > 입출구",37.5985489373759,127.058887472186,648.3,422.1,http://place.map.kakao.com/355663192,서울 동대문구 이문동 263-10,candidate_unverified,경희대학교 서울캠퍼스 출입구 | 경희대학교 출입구
11038502,경희대학교 서울캠퍼스,3,27853236,신현대아파트 정문,"교통,수송 > 입출구",37.5891635290163,127.052700290591,893.8,519.1,http://place.map.kakao.com/27853236,서울 동대문구 회기동 65,candidate_unverified,경희대학교 서울캠퍼스 출입구 | 경희대학교 출입구
11038502,경희대학교 서울캠퍼스,3,124606080,래미안라그란데아파트 게이트3,"교통,수송 > 입출구",37.6004229057925,127.059072400295,740.7,505.6,http://place.map.kakao.com/124606080,서울 동대문구 이문동 257-42,candidate_unverified,경희대학교 서울캠퍼스 출입구 | 경희대학교 출입구
11038502,경희대학교 서울캠퍼스,3,1045137873,래미안라그란데아파트 게이트1,"교통,수송 > 입출구",37.60310501925855,127.06110727778606,1057.0,828.3,http://place.map.kakao.com/1045137873,서울 동대문구 이문동 257-42,candidate_unverified,경희대학교 서울캠퍼스 출입구 | 경희대학교 출입구
11038502,경희대학교 서울캠퍼스,3,1443531489,래미안라그란데아파트 게이트4,"교통,수송 > 입출구",37.5995193587653,127.060560792787,820.1,587.9,http://place.map.kakao.com/1443531489,서울 동대문구 이문동 263-10,candidate_unverified,경희대학교 서울캠퍼스 출입구 | 경희대학교 출입구
11038502,경희대학교 서울캠퍼스,3,790938502,이문쌍용아파트 정문,"교통,수송 > 입출구",37.5991966457134,127.069053499257,1542.1,1243.8,http://place.map.kakao.com/790938502,서울 동대문구 이문동 64,candidate_unverified,경희대학교 서울캠퍼스 출입구 | 경희대학교 출입구
11038502,경희대학교 서울캠퍼스,3,36677180,한국과학기술연구원 중문,"교통,수송 > 입출구",37.5914068408239,127.041848989785,1081.3,993.2,http://place.map.kakao.com/36677180,서울 동대문구 청량리동 산 5-8,candidate_unverified,경희대학교 서울캠퍼스 출입구 | 경희대학교 출입구
11038502,경희대학교 서울캠퍼스,3,26896071,서울시립대학교 후문,"교통,수송 > 입출구",37.58521140994416,127.06094546401724,1557.2,1119.6,http://place.map.kakao.com/26896071,서울 동대문구 전농동 694,candidate_unverified,경희대학교 서울캠퍼스 출입구 | 경희대학교 출입구
11038502,경희대학교 서울캠퍼스,3,403198476,삼육초등학교 후문,"교통,수송 > 입출구",37.5894062601637,127.047601951384,936.6,666.1,http://place.map.kakao.com/403198476,서울 동대문구 회기동 102-292,candidate_unverified,경희대학교 서울캠퍼스 출입구 | 경희대학교 출입구
11038502,경희대학교 서울캠퍼스,3,1972191955,월곡래미안루나밸리아파트 정문,"교통,수송 > 입출구",37.6000230801872,127.041683954154,941.1,1116.7,http://place.map.kakao.com/1972191955,서울 성북구 하월곡동 226,candidate_unverified,경희대학교 서울캠퍼스 출입구 | 경희대학교 출입구
11038502,경희대학교 서울캠퍼스,3,1161895632,국립산림과학원 정문,"교통,수송 > 입출구",37.591440803427,127.042617825784,1025.2,927.1,http://place.map.kakao.com/1161895632,서울 동대문구 청량리동 산 4-2,candidate_unverified,경희대학교 서울캠퍼스 출입구 | 경희대학교 출입구
11038502,경희대학교 서울캠퍼스,3,657726338,래미안라센트아파트 정문,"교통,수송 > 입출구",37.5992265186196,127.039307742306,1118.9,1311.5,http://place.map.kakao.com/657726338,서울 성북구 종암동 134,candidate_unverified,경희대학교 서울캠퍼스 출입구 | 경희대학교 출입구
11038502,경희대학교 서울캠퍼스,3,1281331983,이문아이파크자이아파트 2단지 후문,"교통,수송 > 입출구",37.600766962919,127.064468651513,1190.8,957.6,http://place.map.kakao.com/1281331983,서울 동대문구 이문동 163-83,candidate_unverified,경희대학교 서울캠퍼스 출입구 | 경희대학교 출입구
11038502,경희대학교 서울캠퍼스,3,1243961672,한국과학기술연구원 쪽문,"교통,수송 > 입출구",37.60134874681516,127.04332671505159,875.0,1017.3,http://place.map.kakao.com/1243961672,서울 성북구 하월곡동 39-1,candidate_unverified,경희대학교 서울캠퍼스 출입구 | 경희대학교 서울캠퍼스 쪽문 | 경희대학교 출입구 | 경희대학교 쪽문
11038502,경희대학교 서울캠퍼스,3,638768484,시조사 정문,"교통,수송 > 입출구",37.5887398774826,127.053113258525,944.7,567.4,http://place.map.kakao.com/638768484,서울 동대문구 회기동 65-143,candidate_unverified,경희대학교 서울캠퍼스 출입구 | 경희대학교 출입구
11038502,경희대학교 서울캠퍼스,3,18224570,홍릉근린공원 출입구,"교통,수송 > 입출구",37.58914156652013,127.04710812465622,981.1,717.3,http://place.map.kakao.com/18224570,서울 동대문구 청량리동 산 1-143,candidate_unverified,경희대학교 서울캠퍼스 출입구 | 경희대학교 출입구
11038502,경희대학교 서울캠퍼스,3,1563628359,래미안아트리치아파트 정문,"교통,수송 > 입출구",37.6066667304378,127.06263907854,1427.7,1211.0,http://place.map.kakao.com/1563628359,서울 성북구 석관동 410,candidate_unverified,경희대학교 서울캠퍼스 출입구 | 경희대학교 출입구
11038502,경희대학교 서울캠퍼스,3,1675081897,삼육병원 입구,"교통,수송 > 입출구",37.5899379607451,127.062772249188,1261.3,773.3,http://place.map.kakao.com/1675081897,서울 동대문구 휘경동 255-5,candidate_unverified,경희대학교 서울캠퍼스 출입구 | 경희대학교 출입구
11038502,경희대학교 서울캠퍼스,3,1814495982,휘경롯데낙천대아파트 정문,"교통,수송 > 입출구",37.5923234565011,127.065047894289,1290.3,817.3,http://place.map.kakao.com/1814495982,서울 동대문구 휘경동 109,candidate_unverified,경희대학교 서울캠퍼스 출입구 | 경희대학교 출입구
11038502,경희대학교 서울캠퍼스,3,1921733296,KAIST 서울캠퍼스 중문,"교통,수송 > 입출구",37.5913978228737,127.041871630289,1080.3,991.5,http://place.map.kakao.com/1921733296,서울 동대문구 청량리동 산 5-8,candidate_unverified,경희대학교 서울캠퍼스 출입구 | 경희대학교 출입구
11038502,경희대학교 서울캠퍼스,3,210441335,한국철도공사 수도권동부본부 입구,"교통,수송 > 입출구",37.6042421062854,127.069199721883,1727.8,1492.4,http://place.map.kakao.com/210441335,서울 동대문구 이문동 7,candidate_unverified,경희대학교 서울캠퍼스 출입구 | 경희대학교 출입구
11038502,경희대학교 서울캠퍼스,3,27337727,고려대학교 서울캠퍼스 정문,"교통,수송 > 입출구",37.58815247199953,127.03424727911144,1838.4,1744.0,http://place.map.kakao.com/27337727,서울 성북구 안암동5가 1-2,candidate_unverified,경희대학교 서울캠퍼스 출입구 | 경희대학교 출입구
11038502,경희대학교 서울캠퍼스,3,134576252,이문삼익아파트 북문,"교통,수송 > 입출구",37.5964929343978,127.067210924191,1365.2,993.0,http://place.map.kakao.com/134576252,서울 동대문구 이문동 73,candidate_unverified,경희대학교 서울캠퍼스 출입구 | 경희대학교 출입구
11038502,경희대학교 서울캠퍼스,3,1791510231,래미안석관아파트 정문,"교통,수송 > 입출구",37.6080252106611,127.05394805303,1223.1,1102.2,http://place.map.kakao.com/1791510231,서울 성북구 석관동 407,candidate_unverified,경희대학교 서울캠퍼스 출입구 | 경희대학교 출입구
11038502,경희대학교 서울캠퍼스,3,917818808,과학자아파트 입구,"교통,수송 > 입출구",37.6055090552401,127.049113894619,956.1,933.4,http://place.map.kakao.com/917818808,서울 성북구 상월곡동 24-228,candidate_unverified,경희대학교 서울캠퍼스 출입구 | 경희대학교 출입구
11038502,경희대학교 서울캠퍼스,3,1900157257,이문e편한세상아파트 후문,"교통,수송 > 입출구",37.60531716493,127.064098857056,1416.8,1188.7,http://place.map.kakao.com/1900157257,서울 동대문구 이문동 225,candidate_unverified,경희대학교 서울캠퍼스 출입구 | 경희대학교 출입구
11038502,경희대학교 서울캠퍼스,3,1017302941,브라운스톤휘경아파트 후문,"교통,수송 > 입출구",37.590463532433,127.065547868224,1426.8,940.2,http://place.map.kakao.com/1017302941,서울 동대문구 휘경동 368,candidate_unverified,경희대학교 서울캠퍼스 출입구 | 경희대학교 출입구
11038502,경희대학교 서울캠퍼스,3,825389687,래미안아트리치아파트 후문,"교통,수송 > 입출구",37.60622489784135,127.0649490126888,1539.2,1312.3,http://place.map.kakao.com/825389687,서울 성북구 석관동 410,candidate_unverified,경희대학교 서울캠퍼스 출입구 | 경희대학교 출입구
11038502,경희대학교 서울캠퍼스,3,135172949,한신아파트 후문,"교통,수송 > 입출구",37.5904559570135,127.040227056158,1259.1,1161.1,http://place.map.kakao.com/135172949,서울 동대문구 제기동 1212,candidate_unverified,경희대학교 서울캠퍼스 출입구 | 경희대학교 출입구
11038502,경희대학교 서울캠퍼스,3,1054228410,월곡두산위브아파트 후문,"교통,수송 > 입출구",37.6061629106599,127.040294403354,1420.4,1512.0,http://place.map.kakao.com/1054228410,서울 성북구 하월곡동 222,candidate_unverified,경희대학교 서울캠퍼스 출입구 | 경희대학교 출입구
11038502,경희대학교 서울캠퍼스,3,1024933968,래미안라센트아파트 후문,"교통,수송 > 입출구",37.6003277635331,127.038598298722,1209.9,1390.1,http://place.map.kakao.com/1024933968,서울 성북구 종암동 134,candidate_unverified,경희대학교 서울캠퍼스 출입구 | 경희대학교 출입구
11038502,경희대학교 서울캠퍼스,3,19945508,신등용문,"교육,학문 > 학원 > 보습학원",37.59140793812,127.056514252416,766.1,350.9,http://place.map.kakao.com/19945508,서울 동대문구 이문동 339-1,candidate_unverified,경희대학교 등용문
8505917,장로회신학대학교,3,1606022749,장로회신학대학교 남문,"교통,수송 > 입출구",37.5492641798734,127.104866809209,85.0,0.0,http://place.map.kakao.com/1606022749,서울 광진구 광장동 353,candidate_unverified,장로회신학대학교 정문 | 장로회신학대학교 후문 | 장로회신학대학교 남문 | 장로회신학대학교 출입구 | 장로회신학대학교 입구
8505917,장로회신학대학교,3,18093904,장로회신학대학교 북문,"교통,수송 > 입출구",37.5516819391163,127.103412597755,254.4,0.0,http://place.map.kakao.com/18093904,서울 광진구 광장동 5-116,candidate_unverified,장로회신학대학교 정문 | 장로회신학대학교 후문 | 장로회신학대학교 북문 | 장로회신학대학교 출입구 | 장로회신학대학교 입구
8505917,장로회신학대학교,3,1557335537,장로회신학대학교 서문,"교통,수송 > 입출구",37.5503594632698,127.102160290498,186.8,0.0,http://place.map.kakao.com/1557335537,서울 광진구 광장동 353,candidate_unverified,장로회신학대학교 정문 | 장로회신학대학교 후문 | 장로회신학대학교 서문 | 장로회신학대학교 출입구 | 장로회신학대학교 입구
11160006,중앙대학교 서울캠퍼스,3,1869851950,중앙대학교 서울캠퍼스 정문,"교통,수송 > 입출구",37.5067563369528,126.958469749756,212.1,0.0,http://place.map.kakao.com/1869851950,서울 동작구 흑석동 221,candidate_unverified,중앙대학교 서울캠퍼스 정문 | 중앙대학교 서울캠퍼스 출입구 | 중앙대학교 서울캠퍼스 입구 | 중앙대학교 정문 | 중앙대학교 출입구 | 중앙대학교 입구
11160006,중앙대학교 서울캠퍼스,3,26397039,중앙대학교 서울캠퍼스 후문,"교통,수송 > 입출구",37.5049202595248,126.954064506402,275.4,0.0,http://place.map.kakao.com/26397039,서울 동작구 흑석동 221,candidate_unverified,중앙대학교 서울캠퍼스 후문 | 중앙대학교 서울캠퍼스 출입구 | 중앙대학교 서울캠퍼스 입구 | 중앙대학교 후문 | 중앙대학교 출입구 | 중앙대학교 입구
11160006,중앙대학교 서울캠퍼스,3,397224411,서문여자중학교 정문,"교통,수송 > 입출구",37.4894236659471,126.984597104045,2985.1,3004.5,http://place.map.kakao.com/397224411,서울 서초구 방배동 1514,candidate_unverified,중앙대학교 서울캠퍼스 서문 | 중앙대학교 서문
11160006,중앙대학교 서울캠퍼스,3,692682845,숭실대학교 남문,"교통,수송 > 입출구",37.49526235075583,126.95888773551715,1109.7,1155.1,http://place.map.kakao.com/692682845,서울 동작구 상도동 511,candidate_unverified,중앙대학교 서울캠퍼스 남문 | 중앙대학교 서울캠퍼스 출입구 | 중앙대학교 남문 | 중앙대학교 출입구
11160006,중앙대학교 서울캠퍼스,3,1409168461,관악드림타운아파트 남문,"교통,수송 > 입출구",37.4892639291416,126.948617171841,1920.9,1806.0,http://place.map.kakao.com/1409168461,서울 관악구 봉천동 1712,candidate_unverified,중앙대학교 서울캠퍼스 남문 | 중앙대학교 남문
11160006,중앙대학교 서울캠퍼스,3,1246676399,중앙대학교 서울캠퍼스 중문,"교통,수송 > 입출구",37.5059431853532,126.957222722899,88.4,0.0,http://place.map.kakao.com/1246676399,서울 동작구 흑석동 221,candidate_unverified,중앙대학교 서울캠퍼스 중문 | 중앙대학교 서울캠퍼스 출입구 | 중앙대학교 서울캠퍼스 입구 | 중앙대학교 중문 | 중앙대학교 출입구 | 중앙대학교 입구
11160006,중앙대학교 서울캠퍼스,3,26396782,숭실대학교 정문,"교통,수송 > 입출구",37.4959716382717,126.954504228758,1047.3,995.8,http://place.map.kakao.com/26396782,서울 동작구 상도동 511,candidate_unverified,중앙대학교 서울캠퍼스 출입구 | 중앙대학교 출입구
11160006,중앙대학교 서울캠퍼스,3,1415206107,흑석자이아파트 GATE1,"교통,수송 > 입출구",37.5029798817072,126.962854238342,556.2,570.9,http://place.map.kakao.com/1415206107,서울 동작구 흑석동 253-89,candidate_unverified,중앙대학교 서울캠퍼스 출입구 | 중앙대학교 출입구
11160006,중앙대학교 서울캠퍼스,3,1742329224,흑석자이아파트 게이트2,"교통,수송 > 입출구",37.5017807110784,126.960293291815,464.8,536.3,http://place.map.kakao.com/1742329224,서울 동작구 흑석동 250-2,candidate_unverified,중앙대학교 서울캠퍼스 출입구 | 중앙대학교 출입구
11160006,중앙대학교 서울캠퍼스,3,409231082,상도래미안3차아파트 정문,"교통,수송 > 입출구",37.4980904638478,126.953625390296,845.0,760.4,http://place.map.kakao.com/409231082,서울 동작구 상도동 431,candidate_unverified,중앙대학교 서울캠퍼스 출입구 | 중앙대학교 출입구
11160006,중앙대학교 서울캠퍼스,3,1472021074,흑석한강센트레빌1차아파트 정문,"교통,수송 > 입출구",37.5057199132258,126.966096538396,789.7,682.6,http://place.map.kakao.com/1472021074,서울 동작구 흑석동 335,candidate_unverified,중앙대학교 서울캠퍼스 출입구 | 중앙대학교 출입구
11160006,중앙대학교 서울캠퍼스,3,1236177787,흑석자이아파트 Gate3,"교통,수송 > 입출구",37.5005761550696,126.960558561406,589.7,665.4,http://place.map.kakao.com/1236177787,서울 동작구 흑석동 253-89,candidate_unverified,중앙대학교 서울캠퍼스 출입구 | 중앙대학교 출입구
11160006,중앙대학교 서울캠퍼스,3,980708965,본동삼성래미안아파트 정문,"교통,수송 > 입출구",37.5099853249459,126.950870719804,773.5,629.7,http://place.map.kakao.com/980708965,서울 동작구 본동 492,candidate_unverified,중앙대학교 서울캠퍼스 출입구 | 중앙대학교 출입구
11160006,중앙대학교 서울캠퍼스,3,1746101402,본동신동아아파트 정문,"교통,수송 > 입출구",37.5104774633584,126.951329605234,785.3,663.4,http://place.map.kakao.com/1746101402,서울 동작구 본동 481,candidate_unverified,중앙대학교 서울캠퍼스 출입구 | 중앙대학교 출입구
11160006,중앙대학교 서울캠퍼스,3,24530241,반포한강공원입구,"교통,수송 > 입출구",37.509468696661,126.965073514735,846.3,655.9,http://place.map.kakao.com/24530241,서울 동작구 흑석동 260-5,candidate_unverified,중앙대학교 서울캠퍼스 출입구 | 중앙대학교 출입구
11160006,중앙대학교 서울캠퍼스,3,107717438,흑석한강센트레빌2차 정문,"교통,수송 > 입출구",37.5017355385932,126.959931420595,450.9,525.4,http://place.map.kakao.com/107717438,서울 동작구 흑석동 339,candidate_unverified,중앙대학교 서울캠퍼스 출입구 | 중앙대학교 출입구
11160006,중앙대학교 서울캠퍼스,3,1392506670,서울은로초등학교 후문,"교통,수송 > 입출구",37.5038513694752,126.960734398336,345.7,379.8,http://place.map.kakao.com/1392506670,서울 동작구 흑석동 245-34,candidate_unverified,중앙대학교 서울캠퍼스 출입구 | 중앙대학교 출입구
11160006,중앙대학교 서울캠퍼스,3,570565310,숭실대학교 중문,"교통,수송 > 입출구",37.4954282647667,126.956725502974,1081.7,1081.3,http://place.map.kakao.com/570565310,서울 동작구 상도동,candidate_unverified,중앙대학교 서울캠퍼스 출입구 | 중앙대학교 출입구
11160006,중앙대학교 서울캠퍼스,3,625907172,흑석한강푸르지오아파트 Gate2,"교통,수송 > 입출구",37.5025262720579,126.96447056812,706.7,708.1,http://place.map.kakao.com/625907172,서울 동작구 흑석동 336,candidate_unverified,중앙대학교 서울캠퍼스 출입구 | 중앙대학교 출입구
11160006,중앙대학교 서울캠퍼스,3,147478312,래미안상도2차아파트 정문,"교통,수송 > 입출구",37.4981312547529,126.959173403215,800.1,879.2,http://place.map.kakao.com/147478312,서울 동작구 상도동 421,candidate_unverified,중앙대학교 서울캠퍼스 출입구 | 중앙대학교 출입구
11160006,중앙대학교 서울캠퍼스,3,82687184,상도역롯데캐슬파크엘아파트 정문,"교통,수송 > 입출구",37.50144609146417,126.94581771958835,1083.1,823.7,http://place.map.kakao.com/82687184,서울 동작구 상도동 904,candidate_unverified,중앙대학교 서울캠퍼스 출입구 | 중앙대학교 출입구
11160006,중앙대학교 서울캠퍼스,3,685732447,숭실대학교 후문,"교통,수송 > 입출구",37.4975118612233,126.958025918926,852.6,894.8,http://place.map.kakao.com/685732447,서울 동작구 상도동 511-3,candidate_unverified,중앙대학교 서울캠퍼스 출입구 | 중앙대학교 출입구
11160006,중앙대학교 서울캠퍼스,3,18090579,중앙대학교병원 출입구2,"교통,수송 > 입출구",37.506187772836,126.961026100938,358.9,234.2,http://place.map.kakao.com/18090579,서울 동작구 흑석동 233,candidate_unverified,중앙대학교 서울캠퍼스 출입구 | 중앙대학교 출입구
11160006,중앙대학교 서울캠퍼스,3,27299111,국립서울현충원 정문,"교통,수송 > 입출구",37.5036472062595,126.975422168197,1618.4,1534.8,http://place.map.kakao.com/27299111,서울 동작구 동작동 205-8,candidate_unverified,중앙대학교 서울캠퍼스 출입구 | 중앙대학교 출입구
11160006,중앙대학교 서울캠퍼스,3,24580323,한강공원한강대교남단상류측경사로 진출입로,"교통,수송 > 입출구",37.5133512267146,126.957172120148,912.0,742.2,http://place.map.kakao.com/24580323,서울 동작구 본동 5-20,candidate_unverified,중앙대학교 서울캠퍼스 출입구 | 중앙대학교 출입구
11160006,중앙대학교 서울캠퍼스,3,1337038013,사당롯데캐슬골든포레아파트 정문,"교통,수송 > 입출구",37.4921353206135,126.962703562233,1527.1,1609.7,http://place.map.kakao.com/1337038013,서울 동작구 사당동 1160,candidate_unverified,중앙대학교 서울캠퍼스 출입구 | 중앙대학교 출입구
11160006,중앙대학교 서울캠퍼스,3,1209670072,흑석한강푸르지오아파트 게이트1,"교통,수송 > 입출구",37.5036014080491,126.965265116831,734.2,694.5,http://place.map.kakao.com/1209670072,서울 동작구 흑석동 336,candidate_unverified,중앙대학교 서울캠퍼스 출입구 | 중앙대학교 출입구
11160006,중앙대학교 서울캠퍼스,3,24580332,한강공원한강나들길 진출입로2,"교통,수송 > 입출구",37.5088161326137,126.964282098379,747.9,561.5,http://place.map.kakao.com/24580332,서울 동작구 흑석동 2-3,candidate_unverified,중앙대학교 서울캠퍼스 출입구 | 중앙대학교 출입구
11160006,중앙대학교 서울캠퍼스,3,1828420270,힐스테이트상도센트럴파크아파트 정문,"교통,수송 > 입출구",37.4968930106759,126.951346338675,1052.2,924.2,http://place.map.kakao.com/1828420270,서울 동작구 상도동 531,candidate_unverified,중앙대학교 서울캠퍼스 출입구 | 중앙대학교 출입구
11160006,중앙대학교 서울캠퍼스,3,24580333,한강공원명수대현대아파트 진출입로,"교통,수송 > 입출구",37.5081182438791,126.96884269799,1081.0,927.4,http://place.map.kakao.com/24580333,서울 동작구 흑석동 86-43,candidate_unverified,중앙대학교 서울캠퍼스 출입구 | 중앙대학교 출입구
11160006,중앙대학교 서울캠퍼스,3,24580331,한강공원한강나들길 진출입로1,"교통,수송 > 입출구",37.5093858189497,126.965123319011,844.8,655.7,http://place.map.kakao.com/24580331,서울 동작구 흑석동 260-5,candidate_unverified,중앙대학교 서울캠퍼스 출입구 | 중앙대학교 출입구
11160006,중앙대학교 서울캠퍼스,3,1314605414,래미안트윈파크아파트 정문,"교통,수송 > 입출구",37.5147281331335,126.950684369759,1209.2,1121.3,http://place.map.kakao.com/1314605414,서울 동작구 본동 494,candidate_unverified,중앙대학교 서울캠퍼스 출입구 | 중앙대학교 출입구
11160006,중앙대학교 서울캠퍼스,3,2123809786,래미안상도2차아파트 후문,"교통,수송 > 입출구",37.497627186809176,126.95801680749399,839.7,882.7,http://place.map.kakao.com/2123809786,서울 동작구 상도동 421,candidate_unverified,중앙대학교 서울캠퍼스 출입구 | 중앙대학교 출입구
11160006,중앙대학교 서울캠퍼스,3,24580322,한강공원한강대교남단하류측경사로 진출입로,"교통,수송 > 입출구",37.5140210684959,126.955800834896,993.9,841.4,http://place.map.kakao.com/24580322,서울 동작구 본동 475-1,candidate_unverified,중앙대학교 서울캠퍼스 출입구 | 중앙대학교 출입구
11160006,중앙대학교 서울캠퍼스,3,2013367291,관악드림타운아파트 북문,"교통,수송 > 입출구",37.49127610878637,126.95128665939158,1627.7,1536.8,http://place.map.kakao.com/2013367291,서울 관악구 봉천동 1712,candidate_unverified,중앙대학교 서울캠퍼스 출입구 | 중앙대학교 출입구
11160006,중앙대학교 서울캠퍼스,3,1151799252,본동삼성래미안아파트 후문,"교통,수송 > 입출구",37.5102035618558,126.94919888483,900.4,727.6,http://place.map.kakao.com/1151799252,서울 동작구 본동 492,candidate_unverified,중앙대학교 서울캠퍼스 출입구 | 중앙대학교 출입구
11160006,중앙대학교 서울캠퍼스,3,1944182133,상도역롯데캐슬파크엘아파트 후문,"교통,수송 > 입출구",37.500630464193,126.94534672132039,1158.0,905.0,http://place.map.kakao.com/1944182133,서울 동작구 상도동 904,candidate_unverified,중앙대학교 서울캠퍼스 출입구 | 중앙대학교 출입구
11160006,중앙대학교 서울캠퍼스,3,1684785321,숭실대학교 북문,"교통,수송 > 입출구",37.49788848499963,126.95557060175777,819.7,793.1,http://place.map.kakao.com/1684785321,서울 동작구 상도동 511,candidate_unverified,중앙대학교 서울캠퍼스 출입구 | 중앙대학교 출입구
11160006,중앙대학교 서울캠퍼스,3,681158900,상도현대아파트 후문주차장 입구,"교통,수송 > 입출구",37.4943740519124,126.959158486348,1210.9,1255.8,http://place.map.kakao.com/681158900,서울 동작구 상도동 412,candidate_unverified,중앙대학교 서울캠퍼스 출입구 | 중앙대학교 출입구
11160006,중앙대학교 서울캠퍼스,3,24580346,한강공원한강현대아파트 진출입로,"교통,수송 > 입출구",37.505898512213,126.970178182996,1150.2,1037.2,http://place.map.kakao.com/24580346,서울 동작구 흑석동 28-5,candidate_unverified,중앙대학교 서울캠퍼스 출입구 | 중앙대학교 출입구
11160006,중앙대학교 서울캠퍼스,3,1522511926,힐스테이트상도프레스티지아파트 후문,"교통,수송 > 입출구",37.4954450603521,126.949129725457,1291.5,1140.0,http://place.map.kakao.com/1522511926,서울 동작구 상도동 533,candidate_unverified,중앙대학교 서울캠퍼스 출입구 | 중앙대학교 출입구
11160006,중앙대학교 서울캠퍼스,3,1270612383,용산어린이정원 주출입구,"교통,수송 > 입출구",37.5283722718181,126.970297077981,2829.8,2620.2,http://place.map.kakao.com/1270612383,서울 용산구 용산동5가 2-1,candidate_unverified,중앙대학교 서울캠퍼스 출입구 | 중앙대학교 출입구
11160006,중앙대학교 서울캠퍼스,3,698568068,상도푸르지오클라베뉴아파트 후문,"교통,수송 > 입출구",37.49707345032326,126.94009876814354,1753.6,1509.7,http://place.map.kakao.com/698568068,서울 동작구 상도동 906,candidate_unverified,중앙대학교 서울캠퍼스 출입구 | 중앙대학교 출입구
11160006,중앙대학교 서울캠퍼스,3,361535592,상도푸르지오클라베뉴아파트 정문,"교통,수송 > 입출구",37.4980940829893,126.939690840664,1730.3,1477.8,http://place.map.kakao.com/361535592,서울 동작구 상도동 906,candidate_unverified,중앙대학교 서울캠퍼스 출입구 | 중앙대학교 출입구
11160006,중앙대학교 서울캠퍼스,3,1489109506,힐스테이트관악센트씨엘아파트 후문,"교통,수송 > 입출구",37.4919634265646,126.9467608518,1730.2,1578.2,http://place.map.kakao.com/1489109506,서울 관악구 봉천동 1699-1,candidate_unverified,중앙대학교 서울캠퍼스 출입구 | 중앙대학교 출입구
11160006,중앙대학교 서울캠퍼스,3,1093742759,관악드림타운아파트 정문,"교통,수송 > 입출구",37.488285101783966,126.95211402690988,1927.6,1857.7,http://place.map.kakao.com/1093742759,서울 관악구 봉천동 1712,candidate_unverified,중앙대학교 서울캠퍼스 출입구 | 중앙대학교 출입구
11160006,중앙대학교 서울캠퍼스,3,990755940,청화여성병원 주차장 입구,"교통,수송 > 입출구",37.5073576643874,126.940366517278,1502.7,1238.3,http://place.map.kakao.com/990755940,서울 동작구 노량진동 311-8,candidate_unverified,중앙대학교 서울캠퍼스 출입구 | 중앙대학교 출입구
11350554,경기대학교 서울캠퍼스,2,1941047737,경기대학교 서울캠퍼스 정문,"교통,수송 > 입출구",37.5646956381472,126.962530460914,66.3,0.0,http://place.map.kakao.com/1941047737,서울 서대문구 충정로2가 68-13,candidate_unverified,경기대학교 서울캠퍼스 정문 | 경기대학교 서울캠퍼스 출입구 | 경기대학교 서울캠퍼스 입구 | 경기대학교 정문 | 경기대학교 출입구 | 경기대학교 입구
11350554,경기대학교 서울캠퍼스,2,1834345241,경기대학교 서울캠퍼스 후문,"교통,수송 > 입출구",37.564039417736,126.961611716429,136.3,0.0,http://place.map.kakao.com/1834345241,서울 서대문구 충정로3가 1-50,candidate_unverified,경기대학교 서울캠퍼스 후문 | 경기대학교 서울캠퍼스 출입구 | 경기대학교 서울캠퍼스 입구 | 경기대학교 정문 | 경기대학교 후문 | 경기대학교 출입구 | 경기대학교 입구
11350554,경기대학교 서울캠퍼스,2,897141236,서문,"여행 > 관광,명소 > 문화유적 > 사당,제단",37.57566024891,126.96687652701,1236.7,1278.0,http://place.map.kakao.com/897141236,서울 종로구 사직동 1-28,candidate_unverified,경기대학교 서울캠퍼스 서문 | 경기대학교 서문
11350554,경기대학교 서울캠퍼스,2,7940957,서문,"여행 > 관광,명소 > 문화유적 > 문",37.5709791010621,126.987887936369,2360.1,2341.6,http://place.map.kakao.com/7940957,서울 종로구 종로2가 38-4,candidate_unverified,경기대학교 서울캠퍼스 서문 | 경기대학교 서문
11350554,경기대학교 서울캠퍼스,2,1436482704,이화여자고등학교 서문,"교통,수송 > 입출구",37.5646866837945,126.968930077008,602.7,564.1,http://place.map.kakao.com/1436482704,서울 중구 순화동 1-1,candidate_unverified,경기대학교 서울캠퍼스 서문 | 경기대학교 서울캠퍼스 출입구 | 경기대학교 서문 | 경기대학교 출입구
11350554,경기대학교 서울캠퍼스,2,1052898871,종근당빌딩 서문,"교통,수송 > 입출구",37.55982408696,126.962965248078,602.0,483.7,http://place.map.kakao.com/1052898871,서울 서대문구 충정로3가 368,candidate_unverified,경기대학교 서울캠퍼스 서문 | 경기대학교 서울캠퍼스 출입구 | 경기대학교 서문 | 경기대학교 출입구
11350554,경기대학교 서울캠퍼스,2,18922244,연세대학교 서문,"교통,수송 > 입출구",37.5637749061639,126.933953735176,2487.9,2438.0,http://place.map.kakao.com/18922244,서울 서대문구 연희동 25,candidate_unverified,경기대학교 서울캠퍼스 서문 | 경기대학교 서문
11350554,경기대학교 서울캠퍼스,2,1183593067,NPD현대계동사옥주차장 서문,"교통,수송 > 입출구",37.5782950752746,126.986924483996,2626.6,2628.5,http://place.map.kakao.com/1183593067,서울 종로구 계동 140-2,candidate_unverified,경기대학교 서울캠퍼스 서문 | 경기대학교 서문
11350554,경기대학교 서울캠퍼스,2,17933692,종묘 서문,"여행 > 관광,명소 > 문화유적 > 문",37.5759781895547,126.992279458327,2915.7,2906.6,http://place.map.kakao.com/17933692,서울 종로구 훈정동 1-2,candidate_unverified,경기대학교 서울캠퍼스 서문 | 경기대학교 서문
11350554,경기대학교 서울캠퍼스,2,11101684,영령전 서문,"여행 > 관광,명소 > 문화유적 > 문",37.5759781895547,126.992279458327,2915.7,2906.6,http://place.map.kakao.com/11101684,서울 종로구 훈정동 1-2,candidate_unverified,경기대학교 서울캠퍼스 서문 | 경기대학교 서문
11350554,경기대학교 서울캠퍼스,2,8066059,정전 서문,"여행 > 관광,명소 > 문화유적 > 문",37.5750159859724,126.993234990705,2951.4,2939.4,http://place.map.kakao.com/8066059,서울 종로구 훈정동 1-2,candidate_unverified,경기대학교 서울캠퍼스 서문 | 경기대학교 서문
11350554,경기대학교 서울캠퍼스,2,16984282,남문 이용원,"가정,생활 > 이발소",37.5579229001817,126.972561343436,1225.0,1161.4,http://place.map.kakao.com/16984282,서울 중구 남대문로5가 63-4,candidate_unverified,경기대학교 서울캠퍼스 남문 | 경기대학교 남문
11350554,경기대학교 서울캠퍼스,2,18922240,연세대학교 남문,"교통,수송 > 입출구",37.5614750339922,126.933014087396,2598.8,2536.7,http://place.map.kakao.com/18922240,서울 서대문구 신촌동 134,candidate_unverified,경기대학교 서울캠퍼스 남문 | 경기대학교 남문
11350554,경기대학교 서울캠퍼스,2,433433574,서강대학교 남문,"교통,수송 > 입출구",37.5494986137581,126.938996489276,2683.8,2566.8,http://place.map.kakao.com/433433574,서울 마포구 신수동 1-1,candidate_unverified,경기대학교 서울캠퍼스 남문 | 경기대학교 남문
11350554,경기대학교 서울캠퍼스,2,2040519528,남산리더십센터 남문,"교통,수송 > 입출구",37.5592552852651,126.98737486939,2321.8,2271.9,http://place.map.kakao.com/2040519528,서울 중구 남산동3가 34-5,candidate_unverified,경기대학교 서울캠퍼스 남문 | 경기대학교 남문
11350554,경기대학교 서울캠퍼스,2,8508492,정전 남문,"여행 > 관광,명소 > 문화유적 > 문",37.5743672948719,126.993687857325,2963.0,2949.1,http://place.map.kakao.com/8508492,서울 종로구 훈정동 1-2,candidate_unverified,경기대학교 서울캠퍼스 남문 | 경기대학교 남문
11350554,경기대학교 서울캠퍼스,2,115450973,약현성당 정문,"교통,수송 > 입출구",37.5594021768961,126.968321103042,844.8,779.1,http://place.map.kakao.com/115450973,서울 중구 중림동 149-2,candidate_unverified,경기대학교 서울캠퍼스 출입구 | 경기대학교 출입구
11350554,경기대학교 서울캠퍼스,2,897362656,서울역KTX 고객주차장 입출구,"교통,수송 > 입출구",37.5532441051647,126.969251704,1470.1,1376.4,http://place.map.kakao.com/897362656,서울 용산구 동자동 43-205,candidate_unverified,경기대학교 서울캠퍼스 출입구 | 경기대학교 출입구
11350554,경기대학교 서울캠퍼스,2,2029123161,경희궁자이2단지아파트 후문,"교통,수송 > 입출구",37.569028238981154,126.96451371163015,475.3,512.5,http://place.map.kakao.com/2029123161,서울 종로구 송월동 145,candidate_unverified,경기대학교 서울캠퍼스 출입구 | 경기대학교 출입구
11350554,경기대학교 서울캠퍼스,2,26131902,서울역 서부출입구,"교통,수송 > 입출구",37.553705509211525,126.96961139732429,1438.2,1348.2,http://place.map.kakao.com/26131902,서울 용산구 동자동 43-205,candidate_unverified,경기대학교 서울캠퍼스 출입구 | 경기대학교 출입구
11350554,경기대학교 서울캠퍼스,2,832082252,e편한세상신촌3단지아파트 입구,"교통,수송 > 입출구",37.5600984287875,126.956339532477,762.4,638.7,http://place.map.kakao.com/832082252,서울 서대문구 북아현동 142-2,candidate_unverified,경기대학교 서울캠퍼스 출입구 | 경기대학교 출입구
11350554,경기대학교 서울캠퍼스,2,756036389,이화여자외국어고등학교 정문,"교통,수송 > 입출구",37.5646550951387,126.968726353018,585.1,546.1,http://place.map.kakao.com/756036389,서울 중구 순화동 1-149,candidate_unverified,경기대학교 서울캠퍼스 출입구 | 경기대학교 출입구
11350554,경기대학교 서울캠퍼스,2,2028906449,경희궁자이2단지아파트 정문,"교통,수송 > 입출구",37.5713828481189,126.962593897506,689.1,743.6,http://place.map.kakao.com/2028906449,서울 종로구 홍파동 199,candidate_unverified,경기대학교 서울캠퍼스 출입구 | 경기대학교 출입구
11350554,경기대학교 서울캠퍼스,2,1142964882,서울역센트럴자이아파트 정문,"교통,수송 > 입출구",37.5548572301628,126.964070005939,1162.4,1043.8,http://place.map.kakao.com/1142964882,서울 중구 만리동2가 37-1,candidate_unverified,경기대학교 서울캠퍼스 출입구 | 경기대학교 출입구
11350554,경기대학교 서울캠퍼스,2,27377630,중앙여자고등학교 정문,"교통,수송 > 입출구",37.5622891231938,126.954930248887,711.6,620.2,http://place.map.kakao.com/27377630,서울 서대문구 북아현동 190-1,candidate_unverified,경기대학교 서울캠퍼스 출입구 | 경기대학교 출입구
11350554,경기대학교 서울캠퍼스,2,26397093,이화여자대학교 후문,"교통,수송 > 입출구",37.5635317504439,126.944692996803,1547.4,1492.3,http://place.map.kakao.com/26397093,서울 서대문구 대신동 47,candidate_unverified,경기대학교 서울캠퍼스 출입구 | 경기대학교 출입구
11350554,경기대학교 서울캠퍼스,2,2109875238,힐스테이트신촌아파트 정문,"교통,수송 > 입출구",37.5623942632169,126.951944395407,949.7,871.5,http://place.map.kakao.com/2109875238,서울 서대문구 북아현동 1-954,candidate_unverified,경기대학교 서울캠퍼스 출입구 | 경기대학교 출입구
11350554,경기대학교 서울캠퍼스,2,63477494,경희궁자이3단지아파트 정문,"교통,수송 > 입출구",37.569211287352,126.965003755568,513.6,547.4,http://place.map.kakao.com/63477494,서울 종로구 평동 233,candidate_unverified,경기대학교 서울캠퍼스 출입구 | 경기대학교 출입구
11350554,경기대학교 서울캠퍼스,2,592662879,이화여자대학교 정문,"교통,수송 > 입출구",37.5594236592153,126.94566937595,1586.0,1496.0,http://place.map.kakao.com/592662879,서울 서대문구 대현동,candidate_unverified,경기대학교 서울캠퍼스 출입구 | 경기대학교 출입구
11350554,경기대학교 서울캠퍼스,2,2101546257,인왕산 입구,"교통,수송 > 입출구",37.573695232134,126.96397945272,959.1,1008.8,http://place.map.kakao.com/2101546257,서울 종로구 사직동 산 1-6,candidate_unverified,경기대학교 서울캠퍼스 출입구 | 경기대학교 출입구
11350554,경기대학교 서울캠퍼스,2,1076223845,한국철도공사 서울본부 입구,"교통,수송 > 입출구",37.55752208696419,126.96942536978734,1068.9,999.8,http://place.map.kakao.com/1076223845,서울 중구 봉래동2가 122,candidate_unverified,경기대학교 서울캠퍼스 출입구 | 경기대학교 출입구
11350554,경기대학교 서울캠퍼스,2,1369183914,경희궁자이3단지아파트 후문,"교통,수송 > 입출구",37.5682178993461,126.966415732966,506.0,520.3,http://place.map.kakao.com/1369183914,서울 종로구 평동 233,candidate_unverified,경기대학교 서울캠퍼스 출입구 | 경기대학교 출입구
11350554,경기대학교 서울캠퍼스,2,451681720,천연뜨란채아파트 제2출입구,"교통,수송 > 입출구",37.5662694422555,126.95910455162,291.6,332.1,http://place.map.kakao.com/451681720,서울 서대문구 천연동 145,candidate_unverified,경기대학교 서울캠퍼스 출입구 | 경기대학교 출입구
11350554,경기대학교 서울캠퍼스,2,1971212927,천연뜨란채아파트 제1출입구,"교통,수송 > 입출구",37.56816144967576,126.95886354895846,437.3,503.0,http://place.map.kakao.com/1971212927,서울 서대문구 천연동 145,candidate_unverified,경기대학교 서울캠퍼스 출입구 | 경기대학교 출입구
11350554,경기대학교 서울캠퍼스,2,1053051576,종근당빌딩 정문,"교통,수송 > 입출구",37.5596484552514,126.963165663089,623.7,507.1,http://place.map.kakao.com/1053051576,서울 서대문구 충정로3가 368,candidate_unverified,경기대학교 서울캠퍼스 출입구 | 경기대학교 출입구
11350554,경기대학교 서울캠퍼스,2,24582617,청계광장 진출입 경사로2번,"교통,수송 > 입출구",37.5691288374739,126.978040353196,1469.5,1453.2,http://place.map.kakao.com/24582617,서울 중구 무교동,candidate_unverified,경기대학교 서울캠퍼스 출입구 | 경기대학교 출입구
11350554,경기대학교 서울캠퍼스,2,18090971,서소문역사공원 주차장출입구,"교통,수송 > 입출구",37.5614249624486,126.968499074788,701.2,639.6,http://place.map.kakao.com/18090971,서울 중구 의주로2가 16-4,candidate_unverified,경기대학교 서울캠퍼스 출입구 | 경기대학교 출입구
11350554,경기대학교 서울캠퍼스,2,1199034911,천연뜨란채아파트 제3출입구,"교통,수송 > 입출구",37.5661881393311,126.958493372233,338.4,364.2,http://place.map.kakao.com/1199034911,서울 서대문구 천연동 145,candidate_unverified,경기대학교 서울캠퍼스 출입구 | 경기대학교 출입구
11350554,경기대학교 서울캠퍼스,2,75444292,인왕산 등산로 입구,"교통,수송 > 입출구",37.5782355968308,126.961916883022,1450.0,1506.5,http://place.map.kakao.com/75444292,서울 종로구 사직동 산 1-24,candidate_unverified,경기대학교 서울캠퍼스 출입구 | 경기대학교 출입구
11350554,경기대학교 서울캠퍼스,2,1557454094,신촌푸르지오아파트 정문,"교통,수송 > 입출구",37.5605052392461,126.9528521884927,969.4,866.4,http://place.map.kakao.com/1557454094,서울 서대문구 북아현동 1011,candidate_unverified,경기대학교 서울캠퍼스 출입구 | 경기대학교 출입구
11350554,경기대학교 서울캠퍼스,2,906098285,새문안교회 정문,"교통,수송 > 입출구",37.57063438281043,126.97355733641811,1175.3,1175.0,http://place.map.kakao.com/906098285,서울 종로구 신문로1가 240,candidate_unverified,경기대학교 서울캠퍼스 출입구 | 경기대학교 출입구
11350554,경기대학교 서울캠퍼스,2,1052996044,종근당빌딩 동문,"교통,수송 > 입출구",37.5596530446653,126.963437292143,627.2,513.6,http://place.map.kakao.com/1052996044,서울 서대문구 충정로3가 368,candidate_unverified,경기대학교 서울캠퍼스 출입구 | 경기대학교 출입구
11350554,경기대학교 서울캠퍼스,2,838350412,경희궁자이1단지아파트 정문,"교통,수송 > 입출구",37.5717271527204,126.962988786266,730.2,782.9,http://place.map.kakao.com/838350412,서울 종로구 행촌동 37-19,candidate_unverified,경기대학교 서울캠퍼스 출입구 | 경기대학교 출입구
11350554,경기대학교 서울캠퍼스,2,379041791,서소문성지역사박물관 부출입구,"교통,수송 > 입출구",37.5603736272741,126.968982799457,808.2,744.6,http://place.map.kakao.com/379041791,서울 중구 의주로2가 16-4,candidate_unverified,경기대학교 서울캠퍼스 출입구 | 경기대학교 출입구
11350554,경기대학교 서울캠퍼스,2,24172371,중앙대학교 평동캠퍼스입구,"교통,수송 > 입출구",37.5673997572719,126.966282534397,441.0,447.0,http://place.map.kakao.com/24172371,서울 종로구 평동 85-15,candidate_unverified,경기대학교 서울캠퍼스 출입구 | 경기대학교 출입구
11350554,경기대학교 서울캠퍼스,2,395048112,천연뜨란채아파트 후문입구,"교통,수송 > 입출구",37.5687110990256,126.958984363633,478.8,545.0,http://place.map.kakao.com/395048112,서울 서대문구 천연동 145-9,candidate_unverified,경기대학교 서울캠퍼스 출입구 | 경기대학교 출입구
11350554,경기대학교 서울캠퍼스,2,20526376,아현시장 입구,"교통,수송 > 입출구",37.5555678587332,126.955386991232,1224.3,1090.1,http://place.map.kakao.com/20526376,서울 마포구 아현동 291-27,candidate_unverified,경기대학교 서울캠퍼스 출입구 | 경기대학교 출입구
11350554,경기대학교 서울캠퍼스,2,1056760774,천연뜨란채아파트 입구,"교통,수송 > 입출구",37.5684570116348,126.958965260143,457.0,523.1,http://place.map.kakao.com/1056760774,서울 서대문구 천연동 145,candidate_unverified,경기대학교 서울캠퍼스 출입구 | 경기대학교 출입구
11350554,경기대학교 서울캠퍼스,2,18143132,서소문 근린공원 출입구6,"교통,수송 > 입출구",37.5606251366118,126.969486351472,824.4,762.1,http://place.map.kakao.com/18143132,서울 중구 의주로2가 16-4,candidate_unverified,경기대학교 서울캠퍼스 출입구 | 경기대학교 출입구
11350554,경기대학교 서울캠퍼스,2,450056042,서울경찰청 정문,"교통,수송 > 입출구",37.5743452475062,126.972107039427,1345.1,1365.2,http://place.map.kakao.com/450056042,서울 종로구 내자동 201-11,candidate_unverified,경기대학교 서울캠퍼스 출입구 | 경기대학교 출입구
11350554,경기대학교 서울캠퍼스,2,7999562,연세대학교 동문,"교통,수송 > 입출구",37.5660622423696,126.945759633944,1445.4,1415.2,http://place.map.kakao.com/7999562,서울 서대문구 신촌동 134,candidate_unverified,경기대학교 서울캠퍼스 출입구 | 경기대학교 출입구
11350554,경기대학교 서울캠퍼스,2,26985073,남대문시장 6번게이트,"교통,수송 > 입출구",37.558717858962936,126.97822449419233,1591.6,1534.7,http://place.map.kakao.com/26985073,서울 중구 남창동 64-1,candidate_unverified,경기대학교 서울캠퍼스 출입구 | 경기대학교 출입구
11350554,경기대학교 서울캠퍼스,2,154149261,나이스파크 시청역시티스퀘어 주차장입구,"교통,수송 > 입출구",37.56295288370011,126.97536874325,1193.9,1148.1,http://place.map.kakao.com/154149261,서울 중구 서소문동 143,candidate_unverified,경기대학교 서울캠퍼스 출입구 | 경기대학교 출입구
11350554,경기대학교 서울캠퍼스,2,313573795,e편한세상신촌아파트1단지 후문,"교통,수송 > 입출구",37.5588278232198,126.949091193407,1349.4,1246.5,http://place.map.kakao.com/313573795,서울 서대문구 북아현동 1013,candidate_unverified,경기대학교 서울캠퍼스 출입구 | 경기대학교 출입구
11350554,경기대학교 서울캠퍼스,2,699204189,안산자락길 입구,"교통,수송 > 입출구",37.5770768343509,126.951822887173,1602.9,1669.1,http://place.map.kakao.com/699204189,서울 서대문구 현저동 산 5-47,candidate_unverified,경기대학교 서울캠퍼스 출입구 | 경기대학교 출입구
11350554,경기대학교 서울캠퍼스,2,18617868,명동입구,"교통,수송 > 입출구",37.5633884936779,126.982890899437,1841.5,1800.5,http://place.map.kakao.com/18617868,서울 중구 명동2가,candidate_unverified,경기대학교 서울캠퍼스 출입구 | 경기대학교 출입구
11350554,경기대학교 서울캠퍼스,2,27271133,청와대 사랑채 입구,"교통,수송 > 입출구",37.5818877258424,126.97321371671741,2097.6,2131.0,http://place.map.kakao.com/27271133,서울 종로구 효자동 196,candidate_unverified,경기대학교 서울캠퍼스 출입구 | 경기대학교 출입구
11369827,고려대학교 서울캠퍼스,2,27337727,고려대학교 서울캠퍼스 정문,"교통,수송 > 입출구",37.58815247199953,127.03424727911144,228.5,0.0,http://place.map.kakao.com/27337727,서울 성북구 안암동5가 1-2,candidate_unverified,고려대학교 서울캠퍼스 정문 | 고려대학교 서울캠퍼스 출입구 | 고려대학교 서울캠퍼스 입구 | 고려대학교 정문 | 고려대학교 후문 | 고려대학교 출입구 | 고려대학교 입구
11369827,고려대학교 서울캠퍼스,2,12810655,고려대학교 서울캠퍼스 후문,"교통,수송 > 입출구",37.5909234976879,127.031585819286,168.2,0.0,http://place.map.kakao.com/12810655,서울 성북구 안암동5가 1-6,candidate_unverified,고려대학교 서울캠퍼스 후문 | 고려대학교 서울캠퍼스 출입구 | 고려대학교 서울캠퍼스 입구 | 고려대학교 출입구
11369827,고려대학교 서울캠퍼스,2,20576850,마장축산물시장서문 공영주차장,"교통,수송 > 교통시설 > 주차장 > 공영주차장",37.5704040774208,127.03831004887,2190.9,2005.7,http://place.map.kakao.com/20576850,서울 성동구 마장동 522-1,candidate_unverified,고려대학교 서울캠퍼스 서문 | 고려대학교 서문
11369827,고려대학교 서울캠퍼스,2,414874702,마장축산물시장서문 공영주차장 입구,"교통,수송 > 입출구",37.5706446434896,127.038309040125,2164.9,1979.4,http://place.map.kakao.com/414874702,서울 성동구 마장동 522-1,candidate_unverified,고려대학교 서울캠퍼스 서문 | 고려대학교 서문
11369827,고려대학교 서울캠퍼스,2,899785535,마장축산물시장 서문입구,"교통,수송 > 입출구",37.5700600610958,127.037801625054,2217.9,2036.0,http://place.map.kakao.com/899785535,서울 성동구 마장동 500,candidate_unverified,고려대학교 서울캠퍼스 서문 | 고려대학교 서문
11369827,고려대학교 서울캠퍼스,2,1955995835,쏘카존 마장축산물시장 서문 공영주차장,"교통,수송 > 교통시설 > 카셰어링 > 쏘카존",37.57048155638996,127.03833046385209,2183.0,1997.6,http://place.map.kakao.com/1955995835,서울 성동구 마장동 522-1,candidate_unverified,고려대학교 서울캠퍼스 서문 | 고려대학교 서문
11369827,고려대학교 서울캠퍼스,2,1113195942,마장축산물시장 서문 공영주차장 전기차충전소,"교통,수송 > 자동차 > 전기차 충전소",37.5704698541006,127.038297630992,2183.5,1998.4,http://place.map.kakao.com/1113195942,서울 성동구 마장동 522-1,candidate_unverified,고려대학교 서울캠퍼스 서문 | 고려대학교 서문
11369827,고려대학교 서울캠퍼스,2,1776230822,성동구 마장축산물시장 서문 공영주차장 전기차충전소,"교통,수송 > 자동차 > 전기차 충전소",37.5704229751497,127.038381372034,2190.4,2004.8,http://place.map.kakao.com/1776230822,서울 성동구 마장동 522-1,candidate_unverified,고려대학교 서울캠퍼스 서문 | 고려대학교 서문
11369827,고려대학교 서울캠퍼스,2,51411800,마장축산물시장 서문 공영주차장 1 전기차충전소,"교통,수송 > 자동차 > 전기차 충전소",37.570410377767125,127.03833042737465,2190.7,2005.4,http://place.map.kakao.com/51411800,서울 성동구 마장동 522-1,candidate_unverified,고려대학교 서울캠퍼스 서문 | 고려대학교 서문
11369827,고려대학교 서울캠퍼스,2,193241218,경희대학교 남문,"교통,수송 > 입출구",37.5945543473825,127.056208639286,2177.8,2061.8,http://place.map.kakao.com/193241218,서울 동대문구 회기동 1-5,candidate_unverified,고려대학교 서울캠퍼스 남문 | 고려대학교 남문
11369827,고려대학교 서울캠퍼스,2,687079444,한성대학교 남문,"교통,수송 > 입출구",37.5811424451233,127.010811769121,2112.0,2129.2,http://place.map.kakao.com/687079444,서울 성북구 삼선동2가 산 1-1,candidate_unverified,고려대학교 서울캠퍼스 남문 | 고려대학교 남문
11369827,고려대학교 서울캠퍼스,2,12804270,성신여자대학교입구,"교통,수송 > 입출구",37.5913042778387,127.020969757591,1019.3,936.3,http://place.map.kakao.com/12804270,서울 성북구 동선동3가,candidate_unverified,고려대학교 출입구
11369827,고려대학교 서울캠퍼스,2,1666503182,종암중학교 정문,"교통,수송 > 입출구",37.592503657226,127.032253408544,331.1,185.3,http://place.map.kakao.com/1666503182,서울 성북구 종암동 32-3,candidate_unverified,고려대학교 출입구
11369827,고려대학교 서울캠퍼스,2,1148185088,성신여자대학교 돈암수정캠퍼스 중문,"교통,수송 > 입출구",37.590898620551144,127.02212455934625,911.1,833.6,http://place.map.kakao.com/1148185088,서울 성북구 동선동2가 365-1,candidate_unverified,고려대학교 출입구
11369827,고려대학교 서울캠퍼스,2,17569302,고려대학교 정경관후문,"교통,수송 > 입출구",37.5868333780378,127.030107690954,357.3,393.1,http://place.map.kakao.com/17569302,서울 성북구 안암동5가 1-2,candidate_unverified,고려대학교 출입구
11369827,고려대학교 서울캠퍼스,2,36677180,한국과학기술연구원 중문,"교통,수송 > 입출구",37.5914068408239,127.041848989785,865.3,761.3,http://place.map.kakao.com/36677180,서울 동대문구 청량리동 산 5-8,candidate_unverified,고려대학교 출입구
11369827,고려대학교 서울캠퍼스,2,772586286,용문고등학교 후문,"교통,수송 > 입출구",37.5884201544401,127.025758292413,591.0,584.1,http://place.map.kakao.com/772586286,서울 성북구 안암동2가 96-1,candidate_unverified,고려대학교 출입구
11369827,고려대학교 서울캠퍼스,2,1059156737,한신아파트 정문,"교통,수송 > 입출구",37.5874760750086,127.038422960947,584.2,375.5,http://place.map.kakao.com/1059156737,서울 동대문구 제기동 1212,candidate_unverified,고려대학교 출입구
11369827,고려대학교 서울캠퍼스,2,1161895632,국립산림과학원 정문,"교통,수송 > 입출구",37.591440803427,127.042617825784,932.1,823.2,http://place.map.kakao.com/1161895632,서울 동대문구 청량리동 산 4-2,candidate_unverified,고려대학교 출입구
11369827,고려대학교 서울캠퍼스,2,303948085,고려대학교법과대학 입구,"교통,수송 > 입출구",37.59119430589926,127.03301259975677,195.2,129.3,http://place.map.kakao.com/303948085,서울 성북구 종암동 29-26,candidate_unverified,고려대학교 출입구
11369827,고려대학교 서울캠퍼스,2,2118374337,래미안안암아파트 후문,"교통,수송 > 입출구",37.5888644724286,127.025161755396,634.9,610.6,http://place.map.kakao.com/2118374337,서울 성북구 안암동1가 361,candidate_unverified,고려대학교 출입구
11369827,고려대학교 서울캠퍼스,2,1203810267,래미안엘리니티아파트 정문,"교통,수송 > 입출구",37.57888533553471,127.02798861744166,1243.3,1168.8,http://place.map.kakao.com/1203810267,서울 동대문구 용두동 796,candidate_unverified,고려대학교 출입구
11369827,고려대학교 서울캠퍼스,2,657726338,래미안라센트아파트 정문,"교통,수송 > 입출구",37.5992265186196,127.039307742306,1242.0,1146.8,http://place.map.kakao.com/657726338,서울 성북구 종암동 134,candidate_unverified,고려대학교 출입구
11369827,고려대학교 서울캠퍼스,2,26396925,성신여자대학교 돈암수정캠퍼스 후문,"교통,수송 > 입출구",37.58972730081695,127.02228272795851,884.6,830.4,http://place.map.kakao.com/26396925,서울 성북구 동선동2가 320,candidate_unverified,고려대학교 출입구
11369827,고려대학교 서울캠퍼스,2,963376973,종암중학교 후문,"교통,수송 > 입출구",37.593428006437975,127.03250291533631,434.1,290.0,http://place.map.kakao.com/963376973,서울 성북구 종암동 32-3,candidate_unverified,고려대학교 출입구
11369827,고려대학교 서울캠퍼스,2,27383109,고려대학교안암병원 응급의료센터 입구,"교통,수송 > 입출구",37.5864668520415,127.025528914306,688.3,728.3,http://place.map.kakao.com/27383109,서울 성북구 안암동5가 126-1,candidate_unverified,고려대학교 출입구
11369827,고려대학교 서울캠퍼스,2,1744946338,래미안세레니티아파트 정문,"교통,수송 > 입출구",37.5995629419303,127.032190776368,1116.0,962.1,http://place.map.kakao.com/1744946338,서울 성북구 종암동 133,candidate_unverified,고려대학교 출입구
11369827,고려대학교 서울캠퍼스,2,1745191049,래미안세레니티아파트 후문,"교통,수송 > 입출구",37.5992005426997,127.029512503828,1103.7,938.3,http://place.map.kakao.com/1745191049,서울 성북구 종암동 133,candidate_unverified,고려대학교 출입구
11369827,고려대학교 서울캠퍼스,2,1921733296,KAIST 서울캠퍼스 중문,"교통,수송 > 입출구",37.5913978228737,127.041871630289,867.0,762.6,http://place.map.kakao.com/1921733296,서울 동대문구 청량리동 산 5-8,candidate_unverified,고려대학교 출입구
11369827,고려대학교 서울캠퍼스,2,520969019,거산프라자신관 주차장입구,"교통,수송 > 입출구",37.5919608876506,127.036618137718,465.6,458.2,http://place.map.kakao.com/520969019,서울 성북구 종암동 30-90,candidate_unverified,고려대학교 출입구
11369827,고려대학교 서울캠퍼스,2,26397117,경희대학교 정문,"교통,수송 > 입출구",37.5938315697917,127.052697920723,1858.3,1744.0,http://place.map.kakao.com/26397117,서울 동대문구 회기동 36-17,candidate_unverified,고려대학교 출입구
11369827,고려대학교 서울캠퍼스,2,1045105981,고려대학교 의과대학 후문,"교통,수송 > 입출구",37.5880714049665,127.026055948019,575.1,581.4,http://place.map.kakao.com/1045105981,서울 성북구 안암동5가 126-1,candidate_unverified,고려대학교 출입구
11369827,고려대학교 서울캠퍼스,2,1293094558,서울홍파초등학교 후문,"교통,수송 > 입출구",37.5865007787571,127.039698452976,732.1,514.2,http://place.map.kakao.com/1293094558,서울 동대문구 제기동 678,candidate_unverified,고려대학교 출입구
11369827,고려대학교 서울캠퍼스,2,27388653,경동시장광성상가 4번입구,"교통,수송 > 입출구",37.57983560382287,127.03857073601638,1210.3,1000.2,http://place.map.kakao.com/27388653,서울 동대문구 제기동 849,candidate_unverified,고려대학교 출입구
11369827,고려대학교 서울캠퍼스,2,135172949,한신아파트 후문,"교통,수송 > 입출구",37.5904559570135,127.040227056158,704.4,585.8,http://place.map.kakao.com/135172949,서울 동대문구 제기동 1212,candidate_unverified,고려대학교 출입구
11369827,고려대학교 서울캠퍼스,2,772664530,용문중학교 후문,"교통,수송 > 입출구",37.5884201544401,127.025758292413,591.0,584.1,http://place.map.kakao.com/772664530,서울 성북구 안암동2가 96-1,candidate_unverified,고려대학교 출입구
11369827,고려대학교 서울캠퍼스,2,303088050,청량리청과물 도매시장 1번입구,"교통,수송 > 입출구",37.579106709537,127.041208133274,1398.6,1178.1,http://place.map.kakao.com/303088050,서울 동대문구 제기동 849,candidate_unverified,고려대학교 출입구
11369827,고려대학교 서울캠퍼스,2,225466068,래미안크리시엘아파트 입구,"교통,수송 > 입출구",37.6014207244694,127.028944901169,1355.5,1190.2,http://place.map.kakao.com/225466068,서울 성북구 종암동 80,candidate_unverified,고려대학교 출입구
11369827,고려대학교 서울캠퍼스,2,1435351662,서울시립대학교 정문,"교통,수송 > 입출구",37.5834771622868,127.055113438416,2118.2,1910.7,http://place.map.kakao.com/1435351662,서울 동대문구 전농동 694,candidate_unverified,고려대학교 출입구
11369827,고려대학교 서울캠퍼스,2,18090722,보문사 출입구,"교통,수송 > 입출구",37.5844430223015,127.016534245742,1501.3,1509.4,http://place.map.kakao.com/18090722,서울 성북구 보문동3가 187-3,candidate_unverified,고려대학교 출입구
11369827,고려대학교 서울캠퍼스,2,175362328,서울종암초등학교 후문,"교통,수송 > 입출구",37.5823641258676,127.031360303142,800.9,692.1,http://place.map.kakao.com/175362328,서울 동대문구 제기동 1157,candidate_unverified,고려대학교 출입구
11369827,고려대학교 서울캠퍼스,2,1972191955,월곡래미안루나밸리아파트 정문,"교통,수송 > 입출구",37.6000230801872,127.041683954154,1429.3,1347.3,http://place.map.kakao.com/1972191955,서울 성북구 하월곡동 226,candidate_unverified,고려대학교 출입구
11369827,고려대학교 서울캠퍼스,2,1424699522,경동시장 3번출입구,"교통,수송 > 입출구",37.5795608059127,127.038554744882,1236.9,1028.0,http://place.map.kakao.com/1424699522,서울 동대문구 제기동 1035,candidate_unverified,고려대학교 출입구
11369827,고려대학교 서울캠퍼스,2,1191799796,래미안엘리니티아파트 후문,"교통,수송 > 입출구",37.5800008393534,127.027677706105,1135.4,1075.5,http://place.map.kakao.com/1191799796,서울 동대문구 용두동 753-9,candidate_unverified,고려대학교 출입구
11369827,고려대학교 서울캠퍼스,2,1123684058,경동시장 1번출입구,"교통,수송 > 입출구",37.5790724765194,127.038526190806,1284.7,1077.8,http://place.map.kakao.com/1123684058,서울 동대문구 제기동 1043,candidate_unverified,고려대학교 출입구
11369827,고려대학교 서울캠퍼스,2,1888307060,돈암브라운스톤아파트 정문,"교통,수송 > 입출구",37.59910286382341,127.01790881901711,1657.0,1509.7,http://place.map.kakao.com/1888307060,서울 성북구 돈암동 636,candidate_unverified,고려대학교 출입구
11369827,고려대학교 서울캠퍼스,2,403198476,삼육초등학교 후문,"교통,수송 > 입출구",37.5894062601637,127.047601951384,1346.7,1184.9,http://place.map.kakao.com/403198476,서울 동대문구 회기동 102-292,candidate_unverified,고려대학교 출입구
11369827,고려대학교 서울캠퍼스,2,1146029540,보문파크뷰자이아파트 정문,"교통,수송 > 입출구",37.5806766804553,127.017833081235,1611.7,1663.4,http://place.map.kakao.com/1146029540,서울 성북구 보문동6가 194-3,candidate_unverified,고려대학교 출입구
11369827,고려대학교 서울캠퍼스,2,1112533546,청량리종합시장 입구,"교통,수송 > 입출구",37.5791540073538,127.039909649539,1333.3,1118.1,http://place.map.kakao.com/1112533546,서울 동대문구 제기동 849,candidate_unverified,고려대학교 출입구
11369827,고려대학교 서울캠퍼스,2,166872841,청량리역롯데캐슬SKY-L65아파트 정문,"교통,수송 > 입출구",37.5782286305219,127.045071432324,1685.5,1458.6,http://place.map.kakao.com/166872841,서울 동대문구 전농동 620-47,candidate_unverified,고려대학교 출입구
11369827,고려대학교 서울캠퍼스,2,1220492257,경동시장 2번출입구,"교통,수송 > 입출구",37.5793085335715,127.038536501287,1261.4,1053.5,http://place.map.kakao.com/1220492257,서울 동대문구 제기동 1040,candidate_unverified,고려대학교 출입구
11369827,고려대학교 서울캠퍼스,2,1900627195,한국과학기술연구원 북문,"교통,수송 > 입출구",37.6042175699009,127.045534434212,2006.0,1922.3,http://place.map.kakao.com/1900627195,서울 성북구 하월곡동 39-1,candidate_unverified,고려대학교 출입구
11369827,고려대학교 서울캠퍼스,2,1919786334,동도교회 정문,"교통,수송 > 입출구",37.5823877557433,127.042262832995,1182.3,953.8,http://place.map.kakao.com/1919786334,서울 동대문구 제기동 519,candidate_unverified,고려대학교 출입구
11369827,고려대학교 서울캠퍼스,2,18224570,홍릉근린공원 출입구,"교통,수송 > 입출구",37.58914156652013,127.04710812465622,1303.8,1138.5,http://place.map.kakao.com/18224570,서울 동대문구 청량리동 산 1-143,candidate_unverified,고려대학교 출입구
11369827,고려대학교 서울캠퍼스,2,1243961672,한국과학기술연구원 쪽문,"교통,수송 > 입출구",37.60134874681516,127.04332671505159,1633.6,1553.7,http://place.map.kakao.com/1243961672,서울 성북구 하월곡동 39-1,candidate_unverified,고려대학교 쪽문
11325169,국민대학교,2,18094037,국민대학교 정문,"교통,수송 > 입출구",37.611078257923545,126.99462592662364,209.4,0.0,http://place.map.kakao.com/18094037,서울 성북구 정릉동 861-1,candidate_unverified,국민대학교 정문 | 국민대학교 출입구 | 국민대학교 입구
11325169,국민대학교,2,26396952,국민대학교 후문,"교통,수송 > 입출구",37.6111819935464,126.99966022671174,241.6,0.0,http://place.map.kakao.com/26396952,서울 성북구 정릉동 848-10,candidate_unverified,국민대학교 후문 | 국민대학교 출입구 | 국민대학교 입구
11325169,국민대학교,2,515811563,투루카 국민대학교 후문 앞(청명원룸),"교통,수송 > 교통시설 > 카셰어링 > 투루카",37.61076122962873,126.99923664697965,199.7,59.8,http://place.map.kakao.com/515811563,서울 성북구 정릉동 852-2,candidate_unverified,국민대학교 후문
11325169,국민대학교,2,1025075529,서경대학교 서문입구,"교통,수송 > 입출구",37.6162361929177,127.009061234256,1226.7,1000.8,http://place.map.kakao.com/1025075529,서울 성북구 정릉동 239-23,candidate_unverified,국민대학교 서문 | 국민대학교 출입구
11325169,국민대학교,2,1791097469,고려대학교 메디사이언스파크 후문,"교통,수송 > 입출구",37.6091935104215,126.999737248986,299.9,221.2,http://place.map.kakao.com/1791097469,서울 성북구 정릉동 656-2,candidate_unverified,국민대학교 출입구
11325169,국민대학교,2,1892528642,서울청덕초등학교 후문,"교통,수송 > 입출구",37.6120154081853,126.999586604553,269.3,92.9,http://place.map.kakao.com/1892528642,서울 성북구 정릉동 847,candidate_unverified,국민대학교 출입구
11325169,국민대학교,2,18607976,형제봉 입구,"교통,수송 > 입출구",37.6127843997002,126.982118480824,1327.3,1117.9,http://place.map.kakao.com/18607976,서울 종로구 평창동 산 6-416,candidate_unverified,국민대학교 출입구
11325169,국민대학교,2,334867362,그린빌라 정문,"교통,수송 > 입출구",37.6065373822678,126.998386177239,486.3,528.5,http://place.map.kakao.com/334867362,서울 성북구 정릉동 897,candidate_unverified,국민대학교 출입구
11325169,국민대학교,2,1404239571,정릉대우아파트 정문,"교통,수송 > 입출구",37.6174645215763,127.003953028475,966.2,794.4,http://place.map.kakao.com/1404239571,서울 성북구 정릉동 1021,candidate_unverified,국민대학교 출입구
11325169,국민대학교,2,1922456604,고려대학교 사범대학 부속중고등학교 후문,"교통,수송 > 입출구",37.6103440560905,127.002061268156,451.0,231.1,http://place.map.kakao.com/1922456604,서울 성북구 정릉동 660,candidate_unverified,국민대학교 출입구
11325169,국민대학교,2,1644907959,정릉힐스테이트3차아파트 후문,"교통,수송 > 입출구",37.61543704491,127.008679436875,1155.0,924.7,http://place.map.kakao.com/1644907959,서울 성북구 정릉동 1031-4,candidate_unverified,국민대학교 출입구
11325169,국민대학교,2,208407582,대일외국어고등학교 정문,"교통,수송 > 입출구",37.61312740639759,127.01307028626044,1442.4,1200.9,http://place.map.kakao.com/208407582,서울 성북구 정릉동 산 17-83,candidate_unverified,국민대학교 출입구
11325169,국민대학교,2,606155507,미아두산위브트레이지움아파트 정문,"교통,수송 > 입출구",37.6182663263179,127.015680892184,1847.3,1616.1,http://place.map.kakao.com/606155507,서울 강북구 미아동 811,candidate_unverified,국민대학교 출입구
11325169,국민대학교,2,2021509909,흥천사 입구,"교통,수송 > 입출구",37.5984307639568,127.009936672384,1784.8,1682.2,http://place.map.kakao.com/2021509909,서울 성북구 돈암동 592-5,candidate_unverified,국민대학교 출입구
11325169,국민대학교,2,527095321,길음뉴타운4단지e편한세상아파트 후문,"교통,수송 > 입출구",37.6122339151647,127.017751139109,1837.9,1597.8,http://place.map.kakao.com/527095321,서울 성북구 길음동 1281-8,candidate_unverified,국민대학교 출입구
11325169,국민대학교,2,2014110659,대일외국어고등학교 후문,"교통,수송 > 입출구",37.613367836936,127.014224458714,1547.2,1305.7,http://place.map.kakao.com/2014110659,서울 성북구 정릉동 227-13,candidate_unverified,국민대학교 출입구
11325169,국민대학교,2,27610515,동방문화대학원대학교 정문,"교통,수송 > 입출구",37.59687398733751,126.99183907625228,1609.3,1598.4,http://place.map.kakao.com/27610515,서울 성북구 성북동 292-1,candidate_unverified,국민대학교 출입구
11325169,국민대학교,2,117042694,성균관대학교 인문사회과학캠퍼스 정문,"교통,수송 > 입출구",37.5850002309339,126.996838384994,2864.8,2906.3,http://place.map.kakao.com/117042694,서울 종로구 명륜3가 53,candidate_unverified,국민대학교 출입구
11325169,국민대학교,2,601685807,SK북한산시티아파트 1출입구,"교통,수송 > 입출구",37.6192453666625,127.010581682745,1525.5,1315.0,http://place.map.kakao.com/601685807,서울 강북구 미아동 1353,candidate_unverified,국민대학교 출입구
11325169,국민대학교,2,1983433673,돈암코오롱하늘채아파트 후문,"교통,수송 > 입출구",37.5991415119745,127.011416807283,1813.8,1692.7,http://place.map.kakao.com/1983433673,서울 성북구 돈암동 644,candidate_unverified,국민대학교 출입구
11325169,국민대학교,2,715506317,길음뉴타운8단지래미안아파트 정문,"교통,수송 > 입출구",37.607701705619,127.019240464655,1991.1,1767.7,http://place.map.kakao.com/715506317,서울 성북구 길음동 1284,candidate_unverified,국민대학교 출입구
11325169,국민대학교,2,18093911,성균관대학교 후문,"교통,수송 > 입출구",37.5892983133587,126.990086054512,2462.7,2454.6,http://place.map.kakao.com/18093911,서울 종로구 명륜3가 산 2-14,candidate_unverified,국민대학교 출입구
11325169,국민대학교,2,1888307060,돈암브라운스톤아파트 정문,"교통,수송 > 입출구",37.59910286382341,127.01790881901711,2254.8,2094.8,http://place.map.kakao.com/1888307060,서울 성북구 돈암동 636,candidate_unverified,국민대학교 출입구
11325169,국민대학교,2,945311373,정릉우성아파트 정문,"교통,수송 > 입출구",37.6007052336443,127.01497963572,1941.2,1782.8,http://place.map.kakao.com/945311373,서울 성북구 정릉동 1020,candidate_unverified,국민대학교 출입구
11325169,국민대학교,2,1358559046,홍익대학교사범대학 부속고등학교 후문,"교통,수송 > 입출구",37.5950289781094,127.003791050107,1850.0,1832.6,http://place.map.kakao.com/1358559046,서울 성북구 성북동 151,candidate_unverified,국민대학교 출입구
11325169,국민대학교,2,602720401,벽산라이브파크아파트 후문,"교통,수송 > 입출구",37.6216192932363,127.012389865777,1817.1,1613.7,http://place.map.kakao.com/602720401,서울 강북구 미아동 1354,candidate_unverified,국민대학교 출입구
11325169,국민대학교,2,2014376991,길음동부센트레빌아파트 정문,"교통,수송 > 입출구",37.6088730489181,127.023862672718,2378.3,2147.3,http://place.map.kakao.com/2014376991,서울 성북구 길음동 1278,candidate_unverified,국민대학교 출입구
11325169,국민대학교,2,968612218,롯데캐슬클라시아아파트 정문,"교통,수송 > 입출구",37.60937041778745,127.0278697939705,2726.3,2493.0,http://place.map.kakao.com/968612218,서울 성북구 길음동 1289,candidate_unverified,국민대학교 출입구
11325169,국민대학교,2,27588664,주한호주대사관저 입구,"교통,수송 > 입출구",37.59662917964544,127.00218318432779,1637.4,1633.4,http://place.map.kakao.com/27588664,서울 성북구 성북동 1-66,candidate_unverified,국민대학교 출입구
11325169,국민대학교,2,399808620,길음뉴타운8단지래미안아파트 후문,"교통,수송 > 입출구",37.6070200015407,127.016992247768,1812.3,1595.3,http://place.map.kakao.com/399808620,서울 성북구 길음동 1284,candidate_unverified,국민대학교 출입구
11325169,국민대학교,2,642896342,길음뉴타운4단지e편한세상아파트 정문,"교통,수송 > 입출구",37.6112800801063,127.021308343344,2144.7,1906.9,http://place.map.kakao.com/642896342,서울 성북구 길음동 1281-8,candidate_unverified,국민대학교 출입구
11325169,국민대학교,2,601154249,SK북한산시티아파트 2출입구,"교통,수송 > 입출구",37.6199209581633,127.012133591436,1679.5,1466.7,http://place.map.kakao.com/601154249,서울 강북구 미아동 1353,candidate_unverified,국민대학교 출입구
11325169,국민대학교,2,615145477,SK북한산시티아파트 4출입구,"교통,수송 > 입출구",37.6171410459724,127.015270630049,1761.1,1526.3,http://place.map.kakao.com/615145477,서울 강북구 미아동 1353,candidate_unverified,국민대학교 출입구
11325169,국민대학교,2,27610514,동방문화대학원대학교 후문,"교통,수송 > 입출구",37.59675502206242,126.99135557198605,1634.3,1618.5,http://place.map.kakao.com/27610514,서울 성북구 성북동 292-1,candidate_unverified,국민대학교 출입구
11325169,국민대학교,2,1629922481,한신한진아파트 후문,"교통,수송 > 입출구",37.5950462803216,127.013556291008,2278.1,2172.0,http://place.map.kakao.com/1629922481,서울 성북구 돈암동 609-1,candidate_unverified,국민대학교 출입구
11325169,국민대학교,2,79127439,서울삼양초등학교 후문,"교통,수송 > 입출구",37.62334789523,127.015691021623,2162.7,1955.4,http://place.map.kakao.com/79127439,서울 강북구 미아동 791-1932,candidate_unverified,국민대학교 출입구
11325169,국민대학교,2,600483446,SK북한산시티아파트 3출입구(방문차량),"교통,수송 > 입출구",37.6186186671223,127.0152652688,1833.0,1604.1,http://place.map.kakao.com/600483446,서울 강북구 미아동 1353,candidate_unverified,국민대학교 출입구
11325169,국민대학교,2,1359866633,길음뉴타운9단지래미안아파트 정문,"교통,수송 > 입출구",37.6029579768084,127.019341163622,2153.4,1960.1,http://place.map.kakao.com/1359866633,서울 성북구 길음동 1286,candidate_unverified,국민대학교 출입구
11325169,국민대학교,2,457781282,경신고등학교 후문,"교통,수송 > 입출구",37.5913322557512,127.001791261831,2202.1,2215.2,http://place.map.kakao.com/457781282,서울 성북구 성북동 131-113,candidate_unverified,국민대학교 출입구
11325169,국민대학교,2,1770621346,미아동부센트레빌아파트 정문,"교통,수송 > 입출구",37.6133234071765,127.026344510767,2603.1,2362.5,http://place.map.kakao.com/1770621346,서울 강북구 미아동 474,candidate_unverified,국민대학교 출입구
11325169,국민대학교,2,1383518559,서울동구고등학교 후문,"교통,수송 > 입출구",37.5931465730501,127.008333759244,2200.0,2146.1,http://place.map.kakao.com/1383518559,서울 성북구 성북동 168-275,candidate_unverified,국민대학교 출입구
11325169,국민대학교,2,2014538889,래미안센터피스 정문,"교통,수송 > 입출구",37.6125051255695,127.027155162032,2666.0,2426.3,http://place.map.kakao.com/2014538889,서울 성북구 길음동 481-1,candidate_unverified,국민대학교 출입구
11325169,국민대학교,2,659939100,서울송천초등학교 정문,"교통,수송 > 입출구",37.6148466375138,127.023706012833,2398.4,2156.9,http://place.map.kakao.com/659939100,서울 강북구 미아동 438,candidate_unverified,국민대학교 출입구
11325169,국민대학교,2,173574751,정릉힐스테이트1차아파트 후문,"교통,수송 > 입출구",37.6007157376705,127.017235416352,2106.1,1936.9,http://place.map.kakao.com/173574751,서울 성북구 정릉동 1030,candidate_unverified,국민대학교 출입구
11325169,국민대학교,2,1545750505,정릉2차e편한세상아파트 정문,"교통,수송 > 입출구",37.5996385870405,127.020179414654,2389.8,2217.0,http://place.map.kakao.com/1545750505,서울 성북구 정릉동 1035,candidate_unverified,국민대학교 출입구
11325169,국민대학교,2,1988860420,래미안길음센터피스아파트 게이트1,"교통,수송 > 입출구",37.60989847750558,127.02752909101751,2693.6,2459.0,http://place.map.kakao.com/1988860420,서울 성북구 길음동 1288,candidate_unverified,국민대학교 출입구
17932927,동국대학교 서울캠퍼스,2,1747420471,동국대학교 서울캠퍼스 정문,"교통,수송 > 입출구",37.5565862667084,127.003021774672,250.3,0.0,http://place.map.kakao.com/1747420471,서울 중구 필동3가 26-1,candidate_unverified,동국대학교 서울캠퍼스 정문 | 동국대학교 서울캠퍼스 출입구 | 동국대학교 서울캠퍼스 입구 | 동국대학교 정문 | 동국대학교 출입구 | 동국대학교 입구
17932927,동국대학교 서울캠퍼스,2,1732716971,동국대학교 서울캠퍼스 후문,"교통,수송 > 입출구",37.56071287063473,126.99936392096474,322.1,0.0,http://place.map.kakao.com/1732716971,서울 중구 필동3가 26-1,candidate_unverified,동국대학교 서울캠퍼스 후문 | 동국대학교 서울캠퍼스 출입구 | 동국대학교 서울캠퍼스 입구 | 동국대학교 정문 | 동국대학교 후문 | 동국대학교 출입구 | 동국대학교 입구
17932927,동국대학교 서울캠퍼스,2,2015502956,동국대학교 서울캠퍼스 혜화문,"교통,수송 > 입출구",37.558491876337975,127.00301053382917,191.0,211.9,http://place.map.kakao.com/2015502956,서울 중구 필동3가 26-1,candidate_unverified,동국대학교 서울캠퍼스 중문 | 동국대학교 서울캠퍼스 출입구 | 동국대학교 서울캠퍼스 입구 | 동국대학교 정문 | 동국대학교 중문 | 동국대학교 출입구 | 동국대학교 입구 | 동국대학교 혜화문
17932927,동국대학교 서울캠퍼스,2,1084625862,국립극장 해오름극장 출연자출입구,"교통,수송 > 입출구",37.5531850382763,126.999603905218,557.0,483.5,http://place.map.kakao.com/1084625862,서울 중구 장충동2가 산 14-67,candidate_unverified,동국대학교 서울캠퍼스 출입구 | 동국대학교 출입구
17932927,동국대학교 서울캠퍼스,2,223372481,남산공원 입구,"교통,수송 > 입출구",37.5507883780697,126.998837781955,831.7,742.7,http://place.map.kakao.com/223372481,서울 중구 장충동2가 산 14-21,candidate_unverified,동국대학교 서울캠퍼스 출입구 | 동국대학교 출입구
17932927,동국대학교 서울캠퍼스,2,2126211153,서울신라호텔 입구,"교통,수송 > 입출구",37.558784579266,127.006137664967,467.7,367.7,http://place.map.kakao.com/2126211153,서울 중구 장충동2가 202,candidate_unverified,동국대학교 서울캠퍼스 출입구 | 동국대학교 출입구
17932927,동국대학교 서울캠퍼스,2,1162666963,서울신라호텔 후문,"교통,수송 > 입출구",37.5563744761892,127.004730705011,387.2,152.5,http://place.map.kakao.com/1162666963,서울 중구 장충동2가 202,candidate_unverified,동국대학교 서울캠퍼스 출입구 | 동국대학교 출입구
17932927,동국대학교 서울캠퍼스,2,18151305,장충체육관 출입구1,"교통,수송 > 입출구",37.5587728664797,127.006134268655,467.2,366.6,http://place.map.kakao.com/18151305,서울 중구 장충동2가 200-100,candidate_unverified,동국대학교 서울캠퍼스 출입구 | 동국대학교 출입구
17932927,동국대학교 서울캠퍼스,2,18092205,장충체육관 출입구2,"교통,수송 > 입출구",37.5583980485888,127.006193090395,467.4,344.6,http://place.map.kakao.com/18092205,서울 중구 장충동2가 200-101,candidate_unverified,동국대학교 서울캠퍼스 출입구 | 동국대학교 출입구
17932927,동국대학교 서울캠퍼스,2,18143282,장충 체육관 출입구5,"교통,수송 > 입출구",37.556552844538,127.005409766471,432.1,210.5,http://place.map.kakao.com/18143282,서울 중구 장충동2가 202,candidate_unverified,동국대학교 서울캠퍼스 출입구 | 동국대학교 출입구
17932927,동국대학교 서울캠퍼스,2,18086380,서울클럽 출입구,"교통,수송 > 입출구",37.55290838911553,127.00320269740232,610.3,409.3,http://place.map.kakao.com/18086380,서울 중구 장충동2가 208,candidate_unverified,동국대학교 서울캠퍼스 출입구 | 동국대학교 출입구
17932927,동국대학교 서울캠퍼스,2,18071387,중구청 출입구,"교통,수송 > 입출구",37.5634041371514,126.998306746501,634.1,313.4,http://place.map.kakao.com/18071387,서울 중구 충무로4가 60-2,candidate_unverified,동국대학교 서울캠퍼스 출입구 | 동국대학교 출입구
17932927,동국대학교 서울캠퍼스,2,18143281,장충체육관 출입구4,"교통,수송 > 입출구",37.5571330047238,127.006976162981,545.5,353.8,http://place.map.kakao.com/18143281,서울 중구 장충동2가 207,candidate_unverified,동국대학교 서울캠퍼스 출입구 | 동국대학교 출입구
17932927,동국대학교 서울캠퍼스,2,18143279,장충체육관 출입구3,"교통,수송 > 입출구",37.557468224365,127.006097945251,462.8,288.4,http://place.map.kakao.com/18143279,서울 중구 장충동2가 202,candidate_unverified,동국대학교 서울캠퍼스 출입구 | 동국대학교 출입구
17932927,동국대학교 서울캠퍼스,2,18071129,국립극장 출입구2,"교통,수송 > 입출구",37.5518425515458,127.000235389248,696.8,581.9,http://place.map.kakao.com/18071129,서울 중구 장충동2가 산 14-67,candidate_unverified,동국대학교 서울캠퍼스 출입구 | 동국대학교 출입구
17932927,동국대학교 서울캠퍼스,2,18071099,국립극장 출입구,"교통,수송 > 입출구",37.5527976091043,126.999597117107,599.3,518.3,http://place.map.kakao.com/18071099,서울 중구 장충동2가 산 14-67,candidate_unverified,동국대학교 서울캠퍼스 출입구 | 동국대학교 출입구
17932927,동국대학교 서울캠퍼스,2,18071133,국립극장 출입구3,"교통,수송 > 입출구",37.5518353435228,127.000253496089,697.5,581.9,http://place.map.kakao.com/18071133,서울 중구 장충동2가 산 14-67,candidate_unverified,동국대학교 서울캠퍼스 출입구 | 동국대학교 출입구
7927244,삼육대학교,2,18091054,삼육대학교 정문,"교통,수송 > 입출구",37.6384726542803,127.107407603219,541.1,0.0,http://place.map.kakao.com/18091054,서울 노원구 공릉동 26-21,candidate_unverified,삼육대학교 정문 | 삼육대학교 출입구 | 삼육대학교 입구
7927244,삼육대학교,2,12553209,삼육대학교 후문,"교통,수송 > 입출구",37.643703255477476,127.10894931173725,308.4,0.0,http://place.map.kakao.com/12553209,경기 남양주시 별내동 산 133-16,candidate_unverified,삼육대학교 후문 | 삼육대학교 출입구 | 삼육대학교 입구
7927244,삼육대학교,2,226682374,포레나별내아파트 후문,"교통,수송 > 입출구",37.6445804985894,127.112169684599,607.2,299.9,http://place.map.kakao.com/226682374,경기 남양주시 별내동 1041,candidate_unverified,삼육대학교 출입구
7927244,삼육대학교,2,393140830,신안인스빌아파트 정문,"교통,수송 > 입출구",37.6490843416284,127.113292613029,953.5,710.1,http://place.map.kakao.com/393140830,경기 남양주시 별내동 1047,candidate_unverified,삼육대학교 출입구
7927244,삼육대학교,2,1722301775,미리내마을4-3단지아파트 정문,"교통,수송 > 입출구",37.6454555724108,127.112884851779,698.4,397.5,http://place.map.kakao.com/1722301775,경기 남양주시 별내동 1043,candidate_unverified,삼육대학교 출입구
7927244,삼육대학교,2,1892256247,갈매역아이파크아파트 후문,"교통,수송 > 입출구",37.6352101716333,127.115990604907,1272.6,838.3,http://place.map.kakao.com/1892256247,경기 구리시 갈매동 245-3,candidate_unverified,삼육대학교 출입구
7927244,삼육대학교,2,26099922,성베네딕도회요셉수도원 입구,"교통,수송 > 입출구",37.6526997311141,127.104794517397,1068.7,1065.1,http://place.map.kakao.com/26099922,경기 남양주시 별내동 640-9,candidate_unverified,삼육대학교 출입구
7927244,삼육대학교,2,1826164801,별내신일유토빌아파트 정문,"교통,수송 > 입출구",37.6484876148026,127.117263373846,1193.9,904.9,http://place.map.kakao.com/1826164801,경기 남양주시 별내동 1050,candidate_unverified,삼육대학교 출입구
7927244,삼육대학교,2,640965653,별빛마을휴먼시아3단지아파트 후문,"교통,수송 > 입출구",37.6500396607757,127.1148691662,1127.2,876.4,http://place.map.kakao.com/640965653,경기 남양주시 별내동 1049,candidate_unverified,삼육대학교 출입구
7927244,삼육대학교,2,168307673,미리내마을4-2단지아파트 정문,"교통,수송 > 입출구",37.6462832437621,127.114166518476,838.5,541.6,http://place.map.kakao.com/168307673,경기 남양주시 별내동 1048,candidate_unverified,삼육대학교 출입구
7927244,삼육대학교,2,526726773,한라비발디아파트 후문,"교통,수송 > 입출구",37.63723512632635,127.12093464513535,1505.4,1199.0,http://place.map.kakao.com/526726773,경기 구리시 갈매동 110-6,candidate_unverified,삼육대학교 출입구
7927244,삼육대학교,2,1588154460,갈매역아이파크아파트 정문,"교통,수송 > 입출구",37.6334094771764,127.118335204374,1560.2,1114.8,http://place.map.kakao.com/1588154460,경기 구리시 갈매동 285-8,candidate_unverified,삼육대학교 출입구
7927244,삼육대학교,2,1304366137,LH이스트힐아파트 정문,"교통,수송 > 입출구",37.6353824246182,127.12032438432,1560.4,1188.2,http://place.map.kakao.com/1304366137,경기 구리시 갈매동 569,candidate_unverified,삼육대학교 출입구
7927244,삼육대학교,2,1469557332,한라비발디아파트 정문,"교통,수송 > 입출구",37.6356151495551,127.120058516876,1526.6,1158.4,http://place.map.kakao.com/1469557332,경기 구리시 갈매동 579,candidate_unverified,삼육대학교 출입구
7927244,삼육대학교,2,738033480,갈매3단지아파트 정문,"교통,수송 > 입출구",37.6357396074031,127.119938624465,1510.3,1144.5,http://place.map.kakao.com/738033480,경기 구리시 갈매동 108-8,candidate_unverified,삼육대학교 출입구
7927244,삼육대학교,2,745763926,별빛마을3-6단지아파트 후문,"교통,수송 > 입출구",37.6459709916508,127.12012617308,1324.1,1015.9,http://place.map.kakao.com/745763926,경기 남양주시 별내동 1030,candidate_unverified,삼육대학교 출입구
7927244,삼육대학교,2,26396910,서울과학기술대학교 정문,"교통,수송 > 입출구",37.63022194847668,127.07672337790524,2913.1,2853.5,http://place.map.kakao.com/26396910,서울 노원구 공릉동 172,candidate_unverified,삼육대학교 출입구
7927244,삼육대학교,2,2142524728,태릉체력단련장 입구,"교통,수송 > 입출구",37.62974554629207,127.10954747424952,1527.2,988.5,http://place.map.kakao.com/2142524728,경기 구리시 갈매동 산 109-10,candidate_unverified,삼육대학교 출입구
7927244,삼육대학교,2,765551892,남양주별내스위첸아파트 정문,"교통,수송 > 입출구",37.6557450907497,127.117199991655,1740.9,1523.3,http://place.map.kakao.com/765551892,경기 남양주시 별내동 1072,candidate_unverified,삼육대학교 출입구
7927244,삼육대학교,2,277942406,갈매스타힐스아파트 정문,"교통,수송 > 입출구",37.63039247488746,127.11883567987257,1836.2,1349.1,http://place.map.kakao.com/277942406,경기 구리시 갈매동 584,candidate_unverified,삼육대학교 출입구
7927244,삼육대학교,2,1174790548,진로대림아파트 정문,"교통,수송 > 입출구",37.6489340274122,127.081455395469,2216.4,2489.6,http://place.map.kakao.com/1174790548,서울 노원구 중계동 78,candidate_unverified,삼육대학교 출입구
7927244,삼육대학교,2,1601109714,구리갈매푸르지오아파트 정문,"교통,수송 > 입출구",37.626731798827,127.114244224869,1975.9,1437.6,http://place.map.kakao.com/1601109714,경기 구리시 갈매동 585,candidate_unverified,삼육대학교 출입구
7927244,삼육대학교,2,1008539534,불암사 입구,"교통,수송 > 입출구",37.658292403311,127.101384367804,1727.6,1753.6,http://place.map.kakao.com/1008539534,경기 남양주시 별내동 797,candidate_unverified,삼육대학교 출입구
7927244,삼육대학교,2,1944699054,남양주별내스위첸아파트 후문,"교통,수송 > 입출구",37.6550623313135,127.115182878871,1577.9,1377.1,http://place.map.kakao.com/1944699054,경기 남양주시 별내동 1073,candidate_unverified,삼육대학교 출입구
7927244,삼육대학교,2,1366248015,갈매3단지아파트 후문,"교통,수송 > 입출구",37.6371443045821,127.120761153377,1496.1,1185.1,http://place.map.kakao.com/1366248015,경기 구리시 갈매동 110-7,candidate_unverified,삼육대학교 출입구
7927244,삼육대학교,2,1297356159,육사테니스코트 입구,"교통,수송 > 입출구",37.6252237623258,127.108283440937,2003.2,1475.2,http://place.map.kakao.com/1297356159,경기 구리시 갈매동 456-4,candidate_unverified,삼육대학교 출입구
7927244,삼육대학교,2,18093570,태릉 출입구,"교통,수송 > 입출구",37.6300875040571,127.097711813275,1602.9,1264.2,http://place.map.kakao.com/18093570,서울 노원구 공릉동 25-35,candidate_unverified,삼육대학교 출입구
7927244,삼육대학교,2,1801077755,별내자이더스타아파트 후문,"교통,수송 > 입출구",37.6431564676454,127.123473238784,1580.0,1280.2,http://place.map.kakao.com/1801077755,경기 남양주시 별내동 999,candidate_unverified,삼육대학교 출입구
7927244,삼육대학교,2,540929807,구리갈매스타힐스 정문,"교통,수송 > 입출구",37.6302430722759,127.11867570785,1840.1,1349.8,http://place.map.kakao.com/540929807,경기 구리시 갈매동 135-10,candidate_unverified,삼육대학교 출입구
7927244,삼육대학교,2,1896881133,별내자이더스타아파트 정문,"교통,수송 > 입출구",37.6443739112042,127.123267900162,1568.2,1262.9,http://place.map.kakao.com/1896881133,경기 남양주시 별내동 999,candidate_unverified,삼육대학교 출입구
7927244,삼육대학교,2,1864868256,엘에이치이스트힐아파트 후문,"교통,수송 > 입출구",37.634985890280824,127.12217609881648,1721.6,1357.0,http://place.map.kakao.com/1864868256,경기 구리시 갈매동 568,candidate_unverified,삼육대학교 출입구
7927244,삼육대학교,2,476365652,구리갈매6단지아파트(S1) 정문,"교통,수송 > 입출구",37.6269888916722,127.113921765562,1938.6,1399.9,http://place.map.kakao.com/476365652,경기 구리시 갈매동 631,candidate_unverified,삼육대학교 출입구
7927244,삼육대학교,2,1717693348,구리갈매푸르지오아파트 후문,"교통,수송 > 입출구",37.6255841552745,127.115873693945,2150.8,1615.5,http://place.map.kakao.com/1717693348,경기 구리시 갈매동 640,candidate_unverified,삼육대학교 출입구
7927244,삼육대학교,2,208674829,별내역아이파크스위트 게이트1,"교통,수송 > 입출구",37.6445573814809,127.127811868105,1968.6,1663.5,http://place.map.kakao.com/208674829,경기 남양주시 별내동 1005,candidate_unverified,삼육대학교 출입구
7927244,삼육대학교,2,208815378,별내더샵아파트 정문,"교통,수송 > 입출구",37.6501236725756,127.125275178289,1905.6,1604.9,http://place.map.kakao.com/208815378,경기 남양주시 별내동 922,candidate_unverified,삼육대학교 출입구
7927244,삼육대학교,2,715106079,공릉해링턴플레이스아파트 정문,"교통,수송 > 입출구",37.6270192429984,127.08669794313,2439.1,2224.4,http://place.map.kakao.com/715106079,서울 노원구 공릉동 106-2,candidate_unverified,삼육대학교 출입구
7927244,삼육대학교,2,26804858,서울과학기술대학교 협동문,"교통,수송 > 입출구",37.6363709900495,127.075613734931,2738.5,2809.3,http://place.map.kakao.com/26804858,서울 노원구 하계동 72-26,candidate_unverified,삼육대학교 출입구
7927244,삼육대학교,2,1091852105,태릉해링턴플레이스아파트 정문,"교통,수송 > 입출구",37.6249792775989,127.081835919199,2901.0,2705.9,http://place.map.kakao.com/1091852105,서울 노원구 공릉동 230-2,candidate_unverified,삼육대학교 출입구
7927244,삼육대학교,2,964287709,태랑중학교 정문,"교통,수송 > 입출구",37.6260307641131,127.09159616599,2260.6,1962.8,http://place.map.kakao.com/964287709,서울 노원구 공릉동 117,candidate_unverified,삼육대학교 출입구
7927244,삼육대학교,2,103649750,신내우디안1단지아파트 정문,"교통,수송 > 입출구",37.6164175393362,127.107268268261,2971.6,2452.4,http://place.map.kakao.com/103649750,서울 중랑구 신내동 816,candidate_unverified,삼육대학교 출입구
7927244,삼육대학교,2,940553178,갈매스타힐스 후문,"교통,수송 > 입출구",37.6285360471014,127.119229218161,2020.0,1518.1,http://place.map.kakao.com/940553178,경기 구리시 갈매동 378-3,candidate_unverified,삼육대학교 출입구
7927244,삼육대학교,2,741403898,남양주별내스위첸아파트 입구,"교통,수송 > 입출구",37.6557640304769,127.117180756109,1741.6,1524.4,http://place.map.kakao.com/741403898,경기 남양주시 별내동 1072,candidate_unverified,삼육대학교 출입구
7927244,삼육대학교,2,419028594,구리갈매6단지아파트(S1) 후문,"교통,수송 > 입출구",37.6262202499616,127.112145486702,1966.0,1424.9,http://place.map.kakao.com/419028594,경기 구리시 갈매동 631,candidate_unverified,삼육대학교 출입구
7927244,삼육대학교,2,1685395036,태릉해링턴플레이스아파트 후문,"교통,수송 > 입출구",37.625319933993,127.084277458985,2722.8,2507.5,http://place.map.kakao.com/1685395036,서울 노원구 공릉동 230-5,candidate_unverified,삼육대학교 출입구
7927244,삼육대학교,2,1249930595,별내아이파크2차아파트 정문,"교통,수송 > 입출구",37.6649375807814,127.115597091473,2584.3,2432.6,http://place.map.kakao.com/1249930595,경기 남양주시 별내동 852,candidate_unverified,삼육대학교 출입구
11265361,서강대학교,2,10043389,서강대학교 정문,"교통,수송 > 입출구",37.5516352233547,126.937925314256,200.7,0.0,http://place.map.kakao.com/10043389,서울 마포구 신수동 1-1,candidate_unverified,서강대학교 정문 | 서강대학교 출입구 | 서강대학교 입구
11265361,서강대학교,2,1844501862,서강대학교 후문,"교통,수송 > 입출구",37.5507696837461,126.943969110916,343.0,0.0,http://place.map.kakao.com/1844501862,서울 마포구 대흥동 22-60,candidate_unverified,서강대학교 후문 | 서강대학교 출입구 | 서강대학교 입구
11265361,서강대학교,2,18922244,연세대학교 서문,"교통,수송 > 입출구",37.5637749061639,126.933953735176,1509.3,1394.5,http://place.map.kakao.com/18922244,서울 서대문구 연희동 25,candidate_unverified,서강대학교 서문 | 서강대학교 출입구
11265361,서강대학교,2,1436482704,이화여자고등학교 서문,"교통,수송 > 입출구",37.5646866837945,126.968930077008,2956.0,2690.0,http://place.map.kakao.com/1436482704,서울 중구 순화동 1-1,candidate_unverified,서강대학교 서문
11265361,서강대학교,2,1052898871,종근당빌딩 서문,"교통,수송 > 입출구",37.55982408696,126.962965248078,2236.4,1953.9,http://place.map.kakao.com/1052898871,서울 서대문구 충정로3가 368,candidate_unverified,서강대학교 서문
11265361,서강대학교,2,16984282,남문 이용원,"가정,생활 > 이발소",37.5579229001817,126.972561343436,2960.1,2643.0,http://place.map.kakao.com/16984282,서울 중구 남대문로5가 63-4,candidate_unverified,서강대학교 남문
11265361,서강대학교,2,433433574,서강대학교 남문,"교통,수송 > 입출구",37.5494986137581,126.938996489276,203.6,255.7,http://place.map.kakao.com/433433574,서울 마포구 신수동 1-1,candidate_unverified,서강대학교 남문 | 서강대학교 출입구 | 서강대학교 입구
11265361,서강대학교,2,18922240,연세대학교 남문,"교통,수송 > 입출구",37.5614750339922,126.933014087396,1311.3,1176.7,http://place.map.kakao.com/18922240,서울 서대문구 신촌동 134,candidate_unverified,서강대학교 남문 | 서강대학교 출입구
11265361,서강대학교,2,592662879,이화여자대학교 정문,"교통,수송 > 입출구",37.5594236592153,126.94566937595,1047.0,973.9,http://place.map.kakao.com/592662879,서울 서대문구 대현동,candidate_unverified,서강대학교 출입구
11265361,서강대학교,2,18097390,연세대학교 정문,"교통,수송 > 입출구",37.5604968585685,126.936840480172,1083.0,990.0,http://place.map.kakao.com/18097390,서울 서대문구 신촌동 134,candidate_unverified,서강대학교 출입구
11265361,서강대학교,2,2066729900,마포그랑자이아파트 2단지 GATE2,"교통,수송 > 입출구",37.5542187596704,126.944086490514,493.1,383.7,http://place.map.kakao.com/2066729900,서울 마포구 대흥동 806,candidate_unverified,서강대학교 출입구
11265361,서강대학교,2,26397093,이화여자대학교 후문,"교통,수송 > 입출구",37.5635317504439,126.944692996803,1439.7,1420.5,http://place.map.kakao.com/26397093,서울 서대문구 대신동 47,candidate_unverified,서강대학교 출입구
11265361,서강대학교,2,1238780392,마포프레스티지자이아파트 정문,"교통,수송 > 입출구",37.5542211934313,126.947422784266,732.4,489.9,http://place.map.kakao.com/1238780392,서울 마포구 염리동 14-149,candidate_unverified,서강대학교 출입구
11265361,서강대학교,2,1469643354,마포자이더센트리지아파트 정문,"교통,수송 > 입출구",37.5506546829242,126.946619547031,576.8,234.0,http://place.map.kakao.com/1469643354,서울 마포구 염리동 36-250,candidate_unverified,서강대학교 출입구
11265361,서강대학교,2,23774540,홍익대학교 서울캠퍼스 정문,"교통,수송 > 입출구",37.55275180872968,126.92443913897051,1392.8,1195.3,http://place.map.kakao.com/23774540,서울 마포구 서교동 338-19,candidate_unverified,서강대학교 출입구
11265361,서강대학교,2,1315137150,마포프레스티지자이아파트 게이트1,"교통,수송 > 입출구",37.55316400676476,126.94671734682578,626.5,360.0,http://place.map.kakao.com/1315137150,서울 마포구 염리동 532,candidate_unverified,서강대학교 출입구
11265361,서강대학교,2,1407355588,세브란스병원 본관주차장 입구,"교통,수송 > 입출구",37.56155810250957,126.9400471787673,1162.2,1119.1,http://place.map.kakao.com/1407355588,서울 서대문구 신촌동 134,candidate_unverified,서강대학교 출입구
11265361,서강대학교,2,1122624057,마포더클래시 2단지아파트 정문,"교통,수송 > 입출구",37.5564114656951,126.949363325085,1007.2,787.2,http://place.map.kakao.com/1122624057,서울 마포구 아현동 662,candidate_unverified,서강대학교 출입구
11265361,서강대학교,2,666043195,마포더클래시아파트1단지 게이트1,"교통,수송 > 입출구",37.5553139489017,126.949126404109,922.9,679.7,http://place.map.kakao.com/666043195,서울 마포구 아현동 662,candidate_unverified,서강대학교 출입구
11265361,서강대학교,2,1778026578,공덕삼성래미안4차아파트 정문,"교통,수송 > 입출구",37.5493620751301,126.951552162346,1027.9,686.6,http://place.map.kakao.com/1778026578,서울 마포구 공덕동 464,candidate_unverified,서강대학교 출입구
11265361,서강대학교,2,1993934381,대흥동태영아파트 후문,"교통,수송 > 입출구",37.5444938650684,126.941366675925,743.7,734.6,http://place.map.kakao.com/1993934381,서울 마포구 대흥동 660,candidate_unverified,서강대학교 출입구
11265361,서강대학교,2,1233245720,광성중고등학교 후문,"교통,수송 > 입출구",37.54836417089,126.937115519246,402.9,370.7,http://place.map.kakao.com/1233245720,서울 마포구 신수동 91-20,candidate_unverified,서강대학교 출입구
11265361,서강대학교,2,781694873,래미안웰스트림아파트 정문,"교통,수송 > 입출구",37.543708877861,126.935754773183,907.5,901.9,http://place.map.kakao.com/781694873,서울 마포구 현석동 225,candidate_unverified,서강대학교 출입구
11265361,서강대학교,2,313573795,e편한세상신촌아파트1단지 후문,"교통,수송 > 입출구",37.5588278232198,126.949091193407,1168.4,1003.4,http://place.map.kakao.com/313573795,서울 서대문구 북아현동 1013,candidate_unverified,서강대학교 출입구
11265361,서강대학교,2,18090848,마포아트센터 주차장출입구,"교통,수송 > 입출구",37.5502477750196,126.945399913313,476.7,138.8,http://place.map.kakao.com/18090848,서울 마포구 대흥동 30-3,candidate_unverified,서강대학교 출입구
11265361,서강대학교,2,20494207,홍익대학교 후문,"교통,수송 > 입출구",37.5514381904153,126.927369234147,1123.1,930.8,http://place.map.kakao.com/20494207,서울 마포구 상수동,candidate_unverified,서강대학교 출입구
11265361,서강대학교,2,476026012,마포웨스트리버태영데시앙아파트 후문,"교통,수송 > 입출구",37.5504522303439,126.931441895787,766.9,586.5,http://place.map.kakao.com/476026012,서울 마포구 창전동 449,candidate_unverified,서강대학교 출입구
11265361,서강대학교,2,152234594,마포그랑자이아파트 1-1GATE(입주민 전용),"교통,수송 > 입출구",37.55453372776068,126.94519534043667,588.9,432.3,http://place.map.kakao.com/152234594,서울 마포구 대흥동 806,candidate_unverified,서강대학교 출입구
11265361,서강대학교,2,186568161,마포그랑자이아파트 GATE 1-2,"교통,수송 > 입출구",37.55521664937008,126.943215444615,533.1,498.9,http://place.map.kakao.com/186568161,서울 마포구 대흥동 806,candidate_unverified,서강대학교 출입구
11265361,서강대학교,2,17578489,세브란스병원 정문,"교통,수송 > 입출구",37.560436337978,126.938253028733,1050.1,979.1,http://place.map.kakao.com/17578489,서울 서대문구 신촌동 134,candidate_unverified,서강대학교 출입구
11265361,서강대학교,2,1732284481,마포자이더센트리지아파트 후문,"교통,수송 > 입출구",37.5501505554667,126.947582943579,668.0,325.9,http://place.map.kakao.com/1732284481,서울 마포구 염리동 517,candidate_unverified,서강대학교 출입구
11265361,서강대학교,2,754924844,래미안공덕4차아파트 후문,"교통,수송 > 입출구",37.5508593108509,126.951010257783,962.0,620.8,http://place.map.kakao.com/754924844,서울 마포구 공덕동 464,candidate_unverified,서강대학교 출입구
11265361,서강대학교,2,530444064,공덕래미안5차아파트 주차장입구,"교통,수송 > 입출구",37.5503784887496,126.954024174659,1230.0,887.5,http://place.map.kakao.com/530444064,서울 마포구 공덕동 470,candidate_unverified,서강대학교 출입구
11265361,서강대학교,2,1285180952,마포아이파크포레아파트 후문,"교통,수송 > 입출구",37.5500901945164,126.934918663516,470.7,315.9,http://place.map.kakao.com/1285180952,서울 마포구 신수동 462,candidate_unverified,서강대학교 출입구
11265361,서강대학교,2,1066238114,한강공원 토정나들목 진출입로1,"교통,수송 > 입출구",37.5403751979503,126.939192884541,1196.0,1230.1,http://place.map.kakao.com/1066238114,서울 마포구 토정동 136,candidate_unverified,서강대학교 출입구
11265361,서강대학교,2,18090845,마포아트센터 출입구,"교통,수송 > 입출구",37.5503560512801,126.94573933127,503.9,162.7,http://place.map.kakao.com/18090845,서울 마포구 대흥동 30-3,candidate_unverified,서강대학교 출입구
11265361,서강대학교,2,1631981919,e편한세상마포리버파크아파트 정문,"교통,수송 > 입출구",37.54182761592,126.942812593093,1059.1,999.5,http://place.map.kakao.com/1631981919,서울 마포구 용강동 508,candidate_unverified,서강대학교 출입구
11265361,서강대학교,2,478077231,이화여자대학교 학관 출입구,"교통,수송 > 입출구",37.5635607324599,126.945014422532,1451.0,1425.3,http://place.map.kakao.com/478077231,서울 서대문구 대현동 11-1,candidate_unverified,서강대학교 출입구
11265361,서강대학교,2,17578909,세브란스병원 본관주차장입구,"교통,수송 > 입출구",37.562144744763685,126.9420387378147,1239.2,1223.6,http://place.map.kakao.com/17578909,서울 서대문구 대신동 5,candidate_unverified,서강대학교 출입구
11265361,서강대학교,2,1081845899,공덕래미안5차아파트 후문,"교통,수송 > 입출구",37.5506396612402,126.951480040774,1004.4,662.3,http://place.map.kakao.com/1081845899,서울 마포구 공덕동 469,candidate_unverified,서강대학교 출입구
11265361,서강대학교,2,627053570,래미안마포리버웰아파트 정문,"교통,수송 > 입출구",37.5420050046127,126.942589546149,1035.5,982.1,http://place.map.kakao.com/627053570,서울 마포구 용강동 502,candidate_unverified,서강대학교 출입구
11265361,서강대학교,2,379929562,염리삼성래미안아파트 입구,"교통,수송 > 입출구",37.5497000599269,126.947591180582,678.5,340.7,http://place.map.kakao.com/379929562,서울 마포구 염리동 519,candidate_unverified,서강대학교 출입구
11265361,서강대학교,2,24581961,한강공원서강대교북단경사로 진출입로,"교통,수송 > 입출구",37.5434599199502,126.928970200109,1298.5,1204.0,http://place.map.kakao.com/24581961,서울 마포구 신정동 149-1,candidate_unverified,서강대학교 출입구
11265361,서강대학교,2,921581159,한강밤섬자이아파트 정문,"교통,수송 > 입출구",37.5455058434529,126.928563152241,1192.8,1070.4,http://place.map.kakao.com/921581159,서울 마포구 하중동 101,candidate_unverified,서강대학교 출입구
11265361,서강대학교,2,26923796,마포래미안푸르지오2단지아파트 P4주차장입구,"교통,수송 > 입출구",37.5526915446465,126.954524093271,1283.5,954.7,http://place.map.kakao.com/26923796,서울 마포구 아현동 779,candidate_unverified,서강대학교 출입구
11265361,서강대학교,2,625654049,래미안웰스트림아파트 후문,"교통,수송 > 입출구",37.5425050149629,126.935520446363,1038.2,1037.1,http://place.map.kakao.com/625654049,서울 마포구 현석동 225,candidate_unverified,서강대학교 출입구
11265361,서강대학교,2,1124796872,서울한서초등학교 정문,"교통,수송 > 입출구",37.5536541407917,126.948732566886,811.9,528.4,http://place.map.kakao.com/1124796872,서울 마포구 염리동 24-140,candidate_unverified,서강대학교 출입구
11265361,서강대학교,2,829661085,AK플라자 홍대 주차장 입구,"교통,수송 > 입출구",37.5571362489688,126.927612690937,1289.1,1095.7,http://place.map.kakao.com/829661085,서울 마포구 동교동 193-9,candidate_unverified,서강대학교 출입구
11265361,서강대학교,2,21325261,서강대학교SLP 서대문,"교육,학문 > 학원 > 어학원 > 영어학원 > 서강대학교SLP",37.56804425239098,126.93154123155266,2028.9,1909.4,http://place.map.kakao.com/21325261,서울 서대문구 연희동 134-5,candidate_unverified,서강대학교 입구
11137036,서울대학교 관악캠퍼스,2,12797103,서울대학교 관악캠퍼스 정문,"교통,수송 > 입출구",37.466352968363864,126.9484033871627,768.7,0.0,http://place.map.kakao.com/12797103,서울 관악구 신림동 165-1,candidate_unverified,서울대학교 관악캠퍼스 정문 | 서울대학교 관악캠퍼스 출입구 | 서울대학교 관악캠퍼스 입구 | 서울대학교 정문 | 서울대학교 출입구
11137036,서울대학교 관악캠퍼스,2,1295451410,서울대학교 관악캠퍼스 후문,"교통,수송 > 입출구",37.46435380870474,126.95796646773651,789.1,0.0,http://place.map.kakao.com/1295451410,서울 관악구 신림동 산 56-1,candidate_unverified,서울대학교 관악캠퍼스 후문 | 서울대학교 관악캠퍼스 출입구 | 서울대학교 후문 | 서울대학교 출입구
11137036,서울대학교 관악캠퍼스,2,690423881,관악산등산로입구,"교통,수송 > 입출구",37.4682674594153,126.946033845893,1044.7,298.4,http://place.map.kakao.com/690423881,서울 관악구 신림동 805,candidate_unverified,서울대학교 관악캠퍼스 출입구 | 서울대학교 출입구
11137036,서울대학교 관악캠퍼스,2,1073969674,관악산공원 입구,"교통,수송 > 입출구",37.467584831722,126.946780405618,948.2,198.2,http://place.map.kakao.com/1073969674,서울 관악구 신림동 산 32-15,candidate_unverified,서울대학교 관악캠퍼스 출입구 | 서울대학교 출입구
11137036,서울대학교 관악캠퍼스,2,1162358737,서울대학교 관악캠퍼스 나들문 G12,"교통,수송 > 입출구",37.4614362044532,126.955166049872,401.2,407.8,http://place.map.kakao.com/1162358737,서울 관악구 신림동 산 56-1,candidate_unverified,서울대학교 관악캠퍼스 출입구 | 서울대학교 출입구
11137036,서울대학교 관악캠퍼스,2,174903168,서울대학교 관악캠퍼스 농업생명과학대학 지하주차장,"교통,수송 > 입출구",37.4580862259796,126.948497227909,299.1,919.3,http://place.map.kakao.com/174903168,서울 관악구 신림동 산 56-1,candidate_unverified,서울대학교 관악캠퍼스 출입구 | 서울대학교 출입구
11137036,서울대학교 관악캠퍼스,2,1163076388,서울대학교 관악캠퍼스 나들문 G4,"교통,수송 > 입출구",37.4574955641623,126.949428963706,295.4,989.0,http://place.map.kakao.com/1163076388,서울 관악구 신림동 산 56-1,candidate_unverified,서울대학교 관악캠퍼스 출입구 | 서울대학교 출입구
11137036,서울대학교 관악캠퍼스,2,1163062508,서울대학교 관악캠퍼스 나들문 G5,"교통,수송 > 입출구",37.4551676056574,126.95003632949,522.4,1238.3,http://place.map.kakao.com/1163062508,서울 관악구 신림동 산 56-1,candidate_unverified,서울대학교 관악캠퍼스 출입구 | 서울대학교 출입구
11137036,서울대학교 관악캠퍼스,2,1163182632,서울대학교 관악캠퍼스 나들문 G2,"교통,수송 > 입출구",37.4601753791265,126.949908665216,115.7,699.6,http://place.map.kakao.com/1163182632,서울 관악구 신림동 산 56-1,candidate_unverified,서울대학교 관악캠퍼스 출입구 | 서울대학교 출입구
11137036,서울대학교 관악캠퍼스,2,1162290245,서울대학교 관악캠퍼스 나들문 G13,"교통,수송 > 입출구",37.4605759167854,126.948944250338,211.5,644.2,http://place.map.kakao.com/1162290245,서울 관악구 신림동 산 56-1,candidate_unverified,서울대학교 관악캠퍼스 출입구 | 서울대학교 출입구
11137036,서울대학교 관악캠퍼스,2,1162820686,서울대학교 관악캠퍼스 나들문 G7,"교통,수송 > 입출구",37.4602321467396,126.956763878354,500.3,470.4,http://place.map.kakao.com/1162820686,서울 관악구 신림동 산 56-1,candidate_unverified,서울대학교 관악캠퍼스 출입구 | 서울대학교 출입구
11137036,서울대학교 관악캠퍼스,2,1163444811,서울대학교 관악캠퍼스 나들문 G1,"교통,수송 > 입출구",37.4627403532963,126.949423170907,361.2,411.7,http://place.map.kakao.com/1163444811,서울 관악구 신림동 산 56-1,candidate_unverified,서울대학교 관악캠퍼스 출입구 | 서울대학교 출입구
11137036,서울대학교 관악캠퍼스,2,523053095,서울대학교 관악캠퍼스 나들문 G18,"교통,수송 > 입출구",37.457413660833,126.95405967164,369.7,845.2,http://place.map.kakao.com/523053095,서울 관악구 신림동 산 56-1,candidate_unverified,서울대학교 관악캠퍼스 출입구 | 서울대학교 출입구
11137036,서울대학교 관악캠퍼스,2,1163110223,서울대학교 관악캠퍼스 나들문 G3,"교통,수송 > 입출구",37.4583613136908,126.949141292457,236.0,891.0,http://place.map.kakao.com/1163110223,서울 관악구 신림동 산 56-1,candidate_unverified,서울대학교 관악캠퍼스 출입구 | 서울대학교 출입구
11137036,서울대학교 관악캠퍼스,2,8227161,관악산관문,"교통,수송 > 입출구",37.4677234791935,126.946540660475,970.9,224.2,http://place.map.kakao.com/8227161,서울 관악구 신림동 32-14,candidate_unverified,서울대학교 관악캠퍼스 출입구 | 서울대학교 출입구
11137036,서울대학교 관악캠퍼스,2,1162488137,서울대학교 관악캠퍼스 나들문 G11,"교통,수송 > 입출구",37.4581944775842,126.948796674231,271.1,907.8,http://place.map.kakao.com/1162488137,서울 관악구 신림동 산 56-1,candidate_unverified,서울대학교 관악캠퍼스 출입구 | 서울대학교 출입구
11137036,서울대학교 관악캠퍼스,2,1162265498,서울대학교 관악캠퍼스 나들문 G14,"교통,수송 > 입출구",37.4657186119272,126.954901244682,739.2,310.2,http://place.map.kakao.com/1162265498,서울 관악구 신림동 산 56-1,candidate_unverified,서울대학교 관악캠퍼스 출입구 | 서울대학교 출입구
11137036,서울대학교 관악캠퍼스,2,1162944054,서울대학교 관악캠퍼스 나들문 G6,"교통,수송 > 입출구",37.4539025216326,126.952062492445,659.4,1273.6,http://place.map.kakao.com/1162944054,서울 관악구 신림동 산 56-1,candidate_unverified,서울대학교 관악캠퍼스 출입구 | 서울대학교 출입구
11137036,서울대학교 관악캠퍼스,2,522860757,서울대학교 관악캠퍼스 나들문 G19,"교통,수송 > 입출구",37.4667527135059,126.951957074627,778.2,316.8,http://place.map.kakao.com/522860757,서울 관악구 신림동 산 56-1,candidate_unverified,서울대학교 관악캠퍼스 출입구 | 서울대학교 출입구
11137036,서울대학교 관악캠퍼스,2,1162552208,서울대학교 관악캠퍼스 나들문 G9,"교통,수송 > 입출구",37.4657712935186,126.951421902366,666.1,274.1,http://place.map.kakao.com/1162552208,서울 관악구 신림동 산 56-1,candidate_unverified,서울대학교 관악캠퍼스 출입구 | 서울대학교 출입구
11137036,서울대학교 관악캠퍼스,2,1162741523,서울대학교 관악캠퍼스 나들문 G8,"교통,수송 > 입출구",37.4659881144379,126.952849436558,706.3,394.5,http://place.map.kakao.com/1162741523,서울 관악구 신림동 산 56-1,candidate_unverified,서울대학교 관악캠퍼스 출입구 | 서울대학교 출입구
11137036,서울대학교 관악캠퍼스,2,1162167021,서울대학교 관악캠퍼스 나들문 G16,"교통,수송 > 입출구",37.4665878451498,126.954269963448,805.7,410.1,http://place.map.kakao.com/1162167021,서울 관악구 신림동 산 56-1,candidate_unverified,서울대학교 관악캠퍼스 출입구 | 서울대학교 출입구
11137036,서울대학교 관악캠퍼스,2,522843956,서울대학교 관악캠퍼스 나들문 G20,"교통,수송 > 입출구",37.451004110509,126.952430513349,983.3,1562.8,http://place.map.kakao.com/522843956,서울 관악구 신림동 산 56-1,candidate_unverified,서울대학교 관악캠퍼스 출입구 | 서울대학교 출입구
11137036,서울대학교 관악캠퍼스,2,1162497790,서울대학교 관악캠퍼스 나들문 G10,"교통,수송 > 입출구",37.4502173778964,126.952064844156,1067.2,1656.0,http://place.map.kakao.com/1162497790,서울 관악구 신림동 산 56-1,candidate_unverified,서울대학교 관악캠퍼스 출입구 | 서울대학교 출입구
11137036,서울대학교 관악캠퍼스,2,523074675,서울대학교 관악캠퍼스 나들문 G17,"교통,수송 > 입출구",37.4485486144466,126.951853446179,1251.2,1838.4,http://place.map.kakao.com/523074675,서울 관악구 신림동 산 56-1,candidate_unverified,서울대학교 관악캠퍼스 출입구 | 서울대학교 출입구
11137036,서울대학교 관악캠퍼스,2,1162195903,서울대학교 관악캠퍼스 나들문 G15,"교통,수송 > 입출구",37.4482577182474,126.952176846,1285.2,1861.3,http://place.map.kakao.com/1162195903,서울 관악구 신림동 산 56-1,candidate_unverified,서울대학교 관악캠퍼스 출입구 | 서울대학교 출입구
11137036,서울대학교 관악캠퍼스,2,1805582313,서울대벤처타운역푸르지오아파트 정문,"교통,수송 > 입출구",37.4615335967455,126.932576616582,1648.5,1496.1,http://place.map.kakao.com/1805582313,서울 관악구 신림동 316-55,candidate_unverified,서울대학교 관악캠퍼스 출입구 | 서울대학교 정문 | 서울대학교 출입구
11137036,서울대학교 관악캠퍼스,2,11026470,관악산 입구,"교통,수송 > 입출구",37.46890582887555,126.97848796231449,2619.4,1880.5,http://place.map.kakao.com/11026470,서울 관악구 남현동 산 65,candidate_unverified,서울대학교 관악캠퍼스 출입구 | 서울대학교 출입구
11137036,서울대학교 관악캠퍼스,2,2104372543,부미아띠랑스힐아파트 입구,"교통,수송 > 입출구",37.4749446947433,126.954210607274,1707.5,1084.1,http://place.map.kakao.com/2104372543,서울 관악구 봉천동 1715,candidate_unverified,서울대학교 관악캠퍼스 출입구 | 서울대학교 출입구
11137036,서울대학교 관악캠퍼스,2,1830241781,e편한세상서울대입구1차아파트 정문,"교통,수송 > 입출구",37.4784101550261,126.944148675085,2160.5,1392.3,http://place.map.kakao.com/1830241781,서울 관악구 봉천동 1730,candidate_unverified,서울대학교 관악캠퍼스 출입구 | 서울대학교 정문 | 서울대학교 출입구 | 서울대학교 입구
11137036,서울대학교 관악캠퍼스,2,26946032,신성초등학교 정문,"교통,수송 > 입출구",37.4711676249757,126.936585624353,1802.3,1172.3,http://place.map.kakao.com/26946032,서울 관악구 신림동 117-10,candidate_unverified,서울대학교 관악캠퍼스 출입구 | 서울대학교 출입구
11137036,서울대학교 관악캠퍼스,2,139798453,e편한세상서울대입구2차아파트 후문,"교통,수송 > 입출구",37.4772278922575,126.941991329603,2100.3,1335.1,http://place.map.kakao.com/139798453,서울 관악구 봉천동 1733,candidate_unverified,서울대학교 관악캠퍼스 출입구 | 서울대학교 후문 | 서울대학교 출입구 | 서울대학교 입구
11137036,서울대학교 관악캠퍼스,2,148851889,사당휴먼시아아파트 정문,"교통,수송 > 입출구",37.47971817410693,126.97109532388056,2831.8,2064.3,http://place.map.kakao.com/148851889,서울 동작구 사당동 1154,candidate_unverified,서울대학교 관악캠퍼스 출입구 | 서울대학교 출입구
11137036,서울대학교 관악캠퍼스,2,581462508,동아타운아파트 주자창입구,"교통,수송 > 입출구",37.4769662324028,126.96081517141,2093.1,1424.8,http://place.map.kakao.com/581462508,서울 관악구 봉천동 1629-2,candidate_unverified,서울대학교 관악캠퍼스 출입구 | 서울대학교 출입구
11137036,서울대학교 관악캠퍼스,2,868202389,e편한세상서울대입구2차아파트 정문,"교통,수송 > 입출구",37.4785882589505,126.941671456392,2251.0,1484.6,http://place.map.kakao.com/868202389,서울 관악구 봉천동 1733,candidate_unverified,서울대학교 관악캠퍼스 출입구 | 서울대학교 정문 | 서울대학교 출입구 | 서울대학교 입구
11137036,서울대학교 관악캠퍼스,2,757400473,서울원신초등학교 정문,"교통,수송 > 입출구",37.4665192482743,126.927104435893,2248.3,1879.9,http://place.map.kakao.com/757400473,서울 관악구 신림동 336,candidate_unverified,서울대학교 관악캠퍼스 출입구 | 서울대학교 출입구
11137036,서울대학교 관악캠퍼스,2,507655019,관악우성아파트 후문,"교통,수송 > 입출구",37.4852725138157,126.95784846743,2895.5,2262.9,http://place.map.kakao.com/507655019,서울 관악구 봉천동 1706,candidate_unverified,서울대학교 관악캠퍼스 출입구 | 서울대학교 출입구
11137036,서울대학교 관악캠퍼스,2,24582809,도림천신림계단 진출입로8,"교통,수송 > 입출구",37.4771686480373,126.937141307683,2293.2,1560.2,http://place.map.kakao.com/24582809,서울 관악구 신림동 808-132,candidate_unverified,서울대학교 관악캠퍼스 출입구 | 서울대학교 출입구
11137036,서울대학교 관악캠퍼스,2,8184986,호암산 입구,"교통,수송 > 입출구",37.4520397751644,126.922528854968,2667.0,2783.7,http://place.map.kakao.com/8184986,서울 금천구 시흥동,candidate_unverified,서울대학교 관악캠퍼스 출입구 | 서울대학교 출입구
11137036,서울대학교 관악캠퍼스,2,24583326,도림천서림계단 진출입로4,"교통,수송 > 입출구",37.4718725599049,126.933926158392,2027.3,1417.4,http://place.map.kakao.com/24583326,서울 관악구 신림동 808-1,candidate_unverified,서울대학교 관악캠퍼스 출입구 | 서울대학교 출입구
11137036,서울대학교 관악캠퍼스,2,24583577,도림천서림계단 진출입로5,"교통,수송 > 입출구",37.4717319188356,126.933777060152,2026.9,1422.7,http://place.map.kakao.com/24583577,서울 관악구 신림동 289-5,candidate_unverified,서울대학교 관악캠퍼스 출입구 | 서울대학교 출입구
11137036,서울대학교 관악캠퍼스,2,24583127,도림천서림계단 진출입로1,"교통,수송 > 입출구",37.4751573079525,126.936604863972,2136.2,1429.2,http://place.map.kakao.com/24583127,서울 관악구 신림동 107-129,candidate_unverified,서울대학교 관악캠퍼스 출입구 | 서울대학교 출입구
11137036,서울대학교 관악캠퍼스,2,1470499924,서울원당초등학교 후문,"교통,수송 > 입출구",37.4814749389597,126.955864106955,2447.7,1805.8,http://place.map.kakao.com/1470499924,서울 관악구 봉천동 1669-1,candidate_unverified,서울대학교 관악캠퍼스 출입구 | 서울대학교 출입구
11137036,서울대학교 관악캠퍼스,2,24582812,도림천신림경사로 진출입로9,"교통,수송 > 입출구",37.4768912333276,126.937322427673,2258.6,1526.2,http://place.map.kakao.com/24582812,서울 관악구 신림동 808-397,candidate_unverified,서울대학교 관악캠퍼스 출입구 | 서울대학교 출입구
11137036,서울대학교 관악캠퍼스,2,1284662025,사당휴먼시아아파트 후문,"교통,수송 > 입출구",37.4780049621282,126.96953015173,2596.7,1829.1,http://place.map.kakao.com/1284662025,서울 동작구 사당동 1154,candidate_unverified,서울대학교 관악캠퍼스 출입구 | 서울대학교 출입구
11137036,서울대학교 관악캠퍼스,2,1977045482,서울대학교 정문 대여소,"스포츠,레저 > 자전거,싸이클 > 자전거대여소",37.467093998438784,126.94932528447343,828.0,115.8,http://place.map.kakao.com/1977045482,서울 관악구 신림동 산 56-1,candidate_unverified,서울대학교 정문
11137036,서울대학교 관악캠퍼스,2,20576344,서울대입구 주차장,"교통,수송 > 교통시설 > 주차장",37.462762091929,126.949691045663,354.3,415.1,http://place.map.kakao.com/20576344,서울 관악구 신림동 산 56-1,candidate_unverified,서울대학교 입구
11137036,서울대학교 관악캠퍼스,2,21582611,서울대입구 토모,음식점 > 술집 > 일본식주점,37.4804116444666,126.951026891369,2293.5,1580.3,http://place.map.kakao.com/21582611,서울 관악구 봉천동 868-9,candidate_unverified,서울대학교 입구
11137036,서울대학교 관악캠퍼스,2,1774821253,데일리픽스 서울대입구,음식점 > 양식 > 햄버거,37.479739342564,126.952875845929,2224.1,1539.9,http://place.map.kakao.com/1774821253,서울 관악구 봉천동 856-5,candidate_unverified,서울대학교 입구
11137036,서울대학교 관악캠퍼스,2,1196077786,맨프롬오키나와 서울대입구,음식점 > 술집 > 일본식주점,37.4779224901497,126.954103648042,2033.8,1381.3,http://place.map.kakao.com/1196077786,서울 관악구 봉천동 1605-7,candidate_unverified,서울대학교 입구
11137036,서울대학교 관악캠퍼스,2,1788433967,오천집 서울대입구 직영점,음식점 > 한식,37.48134425220611,126.95341188011426,2405.7,1724.6,http://place.map.kakao.com/1788433967,서울 관악구 봉천동 858-7,candidate_unverified,서울대학교 입구
11137036,서울대학교 관악캠퍼스,2,145585527,스캔몬 서울대입구,"서비스,산업 > 인쇄,복사",37.4797503408702,126.953345034235,2228.6,1552.2,http://place.map.kakao.com/145585527,서울 관악구 봉천동 854-3,candidate_unverified,서울대학교 입구
11137036,서울대학교 관악캠퍼스,2,1840473326,서울대입구 자유한의원,"의료,건강 > 병원 > 한의원",37.4817352855088,126.953400331123,2448.9,1766.4,http://place.map.kakao.com/1840473326,서울 관악구 봉천동 858-1,candidate_unverified,서울대학교 입구
10498806,서울시립대학교,2,1435351662,서울시립대학교 정문,"교통,수송 > 입출구",37.5834771622868,127.055113438416,275.4,0.0,http://place.map.kakao.com/1435351662,서울 동대문구 전농동 694,candidate_unverified,서울시립대학교 정문 | 서울시립대학교 출입구 | 서울시립대학교 입구
10498806,서울시립대학교,2,26896071,서울시립대학교 후문,"교통,수송 > 입출구",37.58521140994416,127.06094546401724,286.2,0.0,http://place.map.kakao.com/26896071,서울 동대문구 전농동 694,candidate_unverified,서울시립대학교 후문 | 서울시립대학교 출입구 | 서울시립대학교 입구
10498806,서울시립대학교,2,20576850,마장축산물시장서문 공영주차장,"교통,수송 > 교통시설 > 주차장 > 공영주차장",37.5704040774208,127.03831004887,2345.7,2075.1,http://place.map.kakao.com/20576850,서울 성동구 마장동 522-1,candidate_unverified,서울시립대학교 서문
10498806,서울시립대학교,2,414874702,마장축산물시장서문 공영주차장 입구,"교통,수송 > 입출구",37.5706446434896,127.038309040125,2327.6,2056.5,http://place.map.kakao.com/414874702,서울 성동구 마장동 522-1,candidate_unverified,서울시립대학교 서문
10498806,서울시립대학교,2,899785535,마장축산물시장 서문입구,"교통,수송 > 입출구",37.5700600610958,127.037801625054,2404.6,2133.9,http://place.map.kakao.com/899785535,서울 성동구 마장동 500,candidate_unverified,서울시립대학교 서문
10498806,서울시립대학교,2,1955995835,쏘카존 마장축산물시장 서문 공영주차장,"교통,수송 > 교통시설 > 카셰어링 > 쏘카존",37.57048155638996,127.03833046385209,2338.5,2067.8,http://place.map.kakao.com/1955995835,서울 성동구 마장동 522-1,candidate_unverified,서울시립대학교 서문
10498806,서울시립대학교,2,1113195942,마장축산물시장 서문 공영주차장 전기차충전소,"교통,수송 > 자동차 > 전기차 충전소",37.5704698541006,127.038297630992,2341.5,2070.7,http://place.map.kakao.com/1113195942,서울 성동구 마장동 522-1,candidate_unverified,서울시립대학교 서문
10498806,서울시립대학교,2,1776230822,성동구 마장축산물시장 서문 공영주차장 전기차충전소,"교통,수송 > 자동차 > 전기차 충전소",37.5704229751497,127.038381372034,2339.7,2069.1,http://place.map.kakao.com/1776230822,서울 성동구 마장동 522-1,candidate_unverified,서울시립대학교 서문
10498806,서울시립대학교,2,51411800,마장축산물시장 서문 공영주차장 1 전기차충전소,"교통,수송 > 자동차 > 전기차 충전소",37.570410377767125,127.03833042737465,2343.9,2073.3,http://place.map.kakao.com/51411800,서울 성동구 마장동 522-1,candidate_unverified,서울시립대학교 서문
10498806,서울시립대학교,2,193241218,경희대학교 남문,"교통,수송 > 입출구",37.5945543473825,127.056208639286,1089.8,1119.6,http://place.map.kakao.com/193241218,서울 동대문구 회기동 1-5,candidate_unverified,서울시립대학교 남문 | 서울시립대학교 출입구
10498806,서울시립대학교,2,26397117,경희대학교 정문,"교통,수송 > 입출구",37.5938315697917,127.052697920723,1095.0,1170.9,http://place.map.kakao.com/26397117,서울 동대문구 회기동 36-17,candidate_unverified,서울시립대학교 출입구
10498806,서울시립대학교,2,1581971777,주공아파트 정문,"교통,수송 > 입출구",37.5829610106078,127.068639983595,983.3,722.7,http://place.map.kakao.com/1581971777,서울 동대문구 휘경동 57,candidate_unverified,서울시립대학교 출입구
10498806,서울시립대학교,2,2017245523,전농우성아파트 정문,"교통,수송 > 입출구",37.5784539059006,127.066068285096,1020.7,876.6,http://place.map.kakao.com/2017245523,서울 동대문구 전농동 6-3,candidate_unverified,서울시립대학교 출입구
10498806,서울시립대학교,2,1719739583,래미안아름숲아파트 입구,"교통,수송 > 입출구",37.5796887667644,127.060074905493,607.6,607.1,http://place.map.kakao.com/1719739583,서울 동대문구 전농동 688,candidate_unverified,서울시립대학교 출입구
10498806,서울시립대학교,2,637326947,전농SK아파트 정문,"교통,수송 > 입출구",37.5777645457305,127.061240524841,844.1,828.5,http://place.map.kakao.com/637326947,서울 동대문구 전농동 10,candidate_unverified,서울시립대학교 출입구
10498806,서울시립대학교,2,2143884454,휘경자이디센시아아파트 후문,"교통,수송 > 입출구",37.592307107959,127.063634780463,980.8,823.8,http://place.map.kakao.com/2143884454,서울 동대문구 휘경동 98-38,candidate_unverified,서울시립대학교 출입구
10498806,서울시립대학교,2,1220652183,휘경자이디센시아아파트 정문,"교통,수송 > 입출구",37.5939020513347,127.063285120747,1121.3,988.1,http://place.map.kakao.com/1220652183,서울 동대문구 휘경동 172,candidate_unverified,서울시립대학교 출입구
10498806,서울시립대학교,2,27853236,신현대아파트 정문,"교통,수송 > 입출구",37.5891635290163,127.052700290591,655.0,667.1,http://place.map.kakao.com/27853236,서울 동대문구 회기동 65,candidate_unverified,서울시립대학교 출입구
10498806,서울시립대학교,2,1846906800,동대문롯데캐슬노블레스아파트 정문,"교통,수송 > 입출구",37.576794432248,127.049125594217,1171.9,911.4,http://place.map.kakao.com/1846906800,서울 동대문구 전농동 695,candidate_unverified,서울시립대학교 출입구
10498806,서울시립대학교,2,1675081897,삼육병원 입구,"교통,수송 > 입출구",37.5899379607451,127.062772249188,721.1,549.7,http://place.map.kakao.com/1675081897,서울 동대문구 휘경동 255-5,candidate_unverified,서울시립대학교 출입구
10498806,서울시립대학교,2,1390155690,래미안이문2차아파트 정문,"교통,수송 > 입출구",37.5937285243427,127.05910673921,997.0,960.8,http://place.map.kakao.com/1390155690,서울 동대문구 이문동 311,candidate_unverified,서울시립대학교 출입구
10498806,서울시립대학교,2,1891018401,이문아이파크자이아파트 1단지 후문,"교통,수송 > 입출구",37.5962451042884,127.062392547736,1334.2,1233.5,http://place.map.kakao.com/1891018401,서울 동대문구 이문동 149-8,candidate_unverified,서울시립대학교 출입구
10498806,서울시립대학교,2,1167962615,래미안엘파인아파트 정문,"교통,수송 > 입출구",37.57638094365547,127.0656645757561,1170.8,1066.3,http://place.map.kakao.com/1167962615,서울 동대문구 답십리동 1000,candidate_unverified,서울시립대학교 출입구
10498806,서울시립대학교,2,1412331547,주공1단지아파트 후문,"교통,수송 > 입출구",37.5824027469262,127.072570265586,1334.9,1070.9,http://place.map.kakao.com/1412331547,서울 동대문구 휘경동 57,candidate_unverified,서울시립대학교 출입구
10498806,서울시립대학교,2,638768484,시조사 정문,"교통,수송 > 입출구",37.5887398774826,127.053113258525,595.7,611.2,http://place.map.kakao.com/638768484,서울 동대문구 회기동 65-143,candidate_unverified,서울시립대학교 출입구
10498806,서울시립대학교,2,137156823,이문아이파크자이아파트 2단지 정문,"교통,수송 > 입출구",37.5985669155017,127.064153082247,1629.0,1511.7,http://place.map.kakao.com/137156823,서울 동대문구 이문동 149-8,candidate_unverified,서울시립대학교 출입구
10498806,서울시립대학교,2,186359417,롯데백화점 청량리점 후문,"교통,수송 > 입출구",37.5809839012778,127.049491757291,842.7,567.7,http://place.map.kakao.com/186359417,서울 동대문구 전농동 591-53,candidate_unverified,서울시립대학교 출입구
10498806,서울시립대학교,2,27384930,한국외대정문,"교통,수송 > 입출구",37.5965021772992,127.060096346596,1314.7,1257.7,http://place.map.kakao.com/27384930,서울 동대문구 이문동 270-1,candidate_unverified,서울시립대학교 출입구
10498806,서울시립대학교,2,2009989067,이문아이파크자이아파트 1단지 정문,"교통,수송 > 입출구",37.5981679688244,127.063798304729,1576.6,1462.5,http://place.map.kakao.com/2009989067,서울 동대문구 이문동 149-8,candidate_unverified,서울시립대학교 출입구
10498806,서울시립대학교,2,166872841,청량리역롯데캐슬SKY-L65아파트 정문,"교통,수송 > 입출구",37.5782286305219,127.045071432324,1335.5,1060.0,http://place.map.kakao.com/166872841,서울 동대문구 전농동 620-47,candidate_unverified,서울시립대학교 출입구
10498806,서울시립대학교,2,1155399713,전농우성아파트 후문,"교통,수송 > 입출구",37.5764483446164,127.065975949011,1181.5,1070.5,http://place.map.kakao.com/1155399713,서울 동대문구 전농동 6,candidate_unverified,서울시립대학교 출입구
10498806,서울시립대학교,2,1814495982,휘경롯데낙천대아파트 정문,"교통,수송 > 입출구",37.5923234565011,127.065047894289,1053.6,869.5,http://place.map.kakao.com/1814495982,서울 동대문구 휘경동 109,candidate_unverified,서울시립대학교 출입구
10498806,서울시립대학교,2,2023521774,서울가든아파트 입구,"교통,수송 > 입출구",37.5843286404058,127.071799994858,1240.8,961.5,http://place.map.kakao.com/2023521774,서울 동대문구 휘경동 49-5,candidate_unverified,서울시립대학교 출입구
10498806,서울시립대학교,2,1391529931,장안한신아파트 후문,"교통,수송 > 입출구",37.5790923324714,127.071361375428,1359.8,1142.5,http://place.map.kakao.com/1391529931,서울 동대문구 장안동 555-1,candidate_unverified,서울시립대학교 출입구
10498806,서울시립대학교,2,1017302941,브라운스톤휘경아파트 후문,"교통,수송 > 입출구",37.590463532433,127.065547868224,931.0,711.0,http://place.map.kakao.com/1017302941,서울 동대문구 휘경동 368,candidate_unverified,서울시립대학교 출입구
10498806,서울시립대학교,2,186594796,경희대학교 후문,"교통,수송 > 입출구",37.5981142355862,127.05412773906,1511.1,1555.4,http://place.map.kakao.com/186594796,서울 동대문구 회기동 1-5,candidate_unverified,서울시립대학교 출입구
10498806,서울시립대학교,2,403198476,삼육초등학교 후문,"교통,수송 > 입출구",37.5894062601637,127.047601951384,1027.6,934.2,http://place.map.kakao.com/403198476,서울 동대문구 회기동 102-292,candidate_unverified,서울시립대학교 출입구
10498806,서울시립대학교,2,24636537,중랑천휘경경사로 진출입로2,"교통,수송 > 입출구",37.5880599931429,127.069727074686,1116.3,836.1,http://place.map.kakao.com/24636537,서울 동대문구 휘경동 359,candidate_unverified,서울시립대학교 출입구
10498806,서울시립대학교,2,790938502,이문쌍용아파트 정문,"교통,수송 > 입출구",37.5991966457134,127.069053499257,1883.5,1711.3,http://place.map.kakao.com/790938502,서울 동대문구 이문동 64,candidate_unverified,서울시립대학교 출입구
10498806,서울시립대학교,2,1676847736,장안래미안2차아파트 후문,"교통,수송 > 입출구",37.57513969309276,127.07424767934353,1810.7,1621.2,http://place.map.kakao.com/1676847736,서울 동대문구 장안동 329-3,candidate_unverified,서울시립대학교 출입구
10498806,서울시립대학교,2,303088050,청량리청과물 도매시장 1번입구,"교통,수송 > 입출구",37.579106709537,127.041208133274,1589.1,1318.2,http://place.map.kakao.com/303088050,서울 동대문구 제기동 849,candidate_unverified,서울시립대학교 출입구
10498806,서울시립대학교,2,18224570,홍릉근린공원 출입구,"교통,수송 > 입출구",37.58914156652013,127.04710812465622,1051.9,945.7,http://place.map.kakao.com/18224570,서울 동대문구 청량리동 산 1-143,candidate_unverified,서울시립대학교 출입구
10498806,서울시립대학교,2,570270766,답십리파크자이아파트 정문,"교통,수송 > 입출구",37.568073903102,127.058562380385,1864.4,1739.5,http://place.map.kakao.com/570270766,서울 동대문구 답십리동 24-9,candidate_unverified,서울시립대학교 출입구
10498806,서울시립대학교,2,536324711,래미안라그란데아파트 게이트2,"교통,수송 > 입출구",37.599768851645,127.060719531634,1682.0,1618.8,http://place.map.kakao.com/536324711,서울 동대문구 이문동 257-42,candidate_unverified,서울시립대학교 출입구
10498806,서울시립대학교,2,24636201,중랑천면목지하보도 진출입로7,"교통,수송 > 입출구",37.5862049704444,127.073968825654,1438.8,1152.9,http://place.map.kakao.com/24636201,서울 중랑구 면목동 1338-12,candidate_unverified,서울시립대학교 출입구
10498806,서울시립대학교,2,24636198,중랑천면목계단 진출입로5,"교통,수송 > 입출구",37.5870014190943,127.074014902209,1454.9,1168.7,http://place.map.kakao.com/24636198,서울 중랑구 면목동 1031-44,candidate_unverified,서울시립대학교 출입구
10498806,서울시립대학교,2,24636540,중랑천휘경계단 진출입로3,"교통,수송 > 입출구",37.5922224728454,127.069903066097,1351.2,1109.4,http://place.map.kakao.com/24636540,서울 동대문구 휘경동 346,candidate_unverified,서울시립대학교 출입구
10498806,서울시립대학교,2,24636542,중랑천휘경연결통로경사로 진출입로4,"교통,수송 > 입출구",37.5932179798904,127.068518055792,1331.7,1112.6,http://place.map.kakao.com/24636542,서울 동대문구 휘경동 5-1,candidate_unverified,서울시립대학교 출입구
10498806,서울시립대학교,2,24636200,중랑천면목경사로 진출입로6,"교통,수송 > 입출구",37.5874629649442,127.073634934006,1431.5,1145.8,http://place.map.kakao.com/24636200,서울 중랑구 면목동 1031-39,candidate_unverified,서울시립대학교 출입구
10498806,서울시립대학교,2,36677180,한국과학기술연구원 중문,"교통,수송 > 입출구",37.5914068408239,127.041848989785,1579.2,1464.1,http://place.map.kakao.com/36677180,서울 동대문구 청량리동 산 5-8,candidate_unverified,서울시립대학교 출입구
10498806,서울시립대학교,2,1133078305,동국대학교 사범대학 부속고등학교 후문,"교통,수송 > 입출구",37.5778327061669,127.074340919055,1657.4,1437.6,http://place.map.kakao.com/1133078305,서울 동대문구 장안동 328,candidate_unverified,서울시립대학교 출입구
10498806,서울시립대학교,2,281947214,청량리역롯데캐슬SKY-L65아파트 후문 입주민전용,"교통,수송 > 입출구",37.5783685432366,127.044388872219,1377.9,1102.6,http://place.map.kakao.com/281947214,서울 동대문구 전농동 620-47,candidate_unverified,서울시립대학교 출입구
10498806,서울시립대학교,2,1243961672,한국과학기술연구원 쪽문,"교통,수송 > 입출구",37.60134874681516,127.04332671505159,2232.9,2242.2,http://place.map.kakao.com/1243961672,서울 성북구 하월곡동 39-1,candidate_unverified,서울시립대학교 쪽문
26351246,성균관대학교 인문사회과학캠퍼스,2,117042694,성균관대학교 인문사회과학캠퍼스 정문,"교통,수송 > 입출구",37.5850002309339,126.996838384994,447.2,0.0,http://place.map.kakao.com/117042694,서울 종로구 명륜3가 53,candidate_unverified,성균관대학교 인문사회과학캠퍼스 정문 | 성균관대학교 인문사회과학캠퍼스 출입구 | 성균관대학교 인문사회과학캠퍼스 입구 | 성균관대학교 정문 | 성균관대학교 출입구 | 성균관대학교 입구
26351246,성균관대학교 인문사회과학캠퍼스,2,18093911,성균관대학교 후문,"교통,수송 > 입출구",37.5892983133587,126.990086054512,359.0,0.0,http://place.map.kakao.com/18093911,서울 종로구 명륜3가 산 2-14,candidate_unverified,성균관대학교 인문사회과학캠퍼스 출입구 | 성균관대학교 후문 | 성균관대학교 출입구 | 성균관대학교 입구
26351246,성균관대학교 인문사회과학캠퍼스,2,972331115,창덕궁 후원 입구,"교통,수송 > 입출구",37.5795389611989,126.992958349553,980.1,696.9,http://place.map.kakao.com/972331115,서울 종로구 와룡동 2-71,candidate_unverified,성균관대학교 인문사회과학캠퍼스 출입구 | 성균관대학교 출입구
26351246,성균관대학교 인문사회과학캠퍼스,2,1121088682,중앙중학교 후문,"교통,수송 > 입출구",37.5861759383013,126.985820344138,756.3,511.7,http://place.map.kakao.com/1121088682,서울 종로구 계동 1-30,candidate_unverified,성균관대학교 인문사회과학캠퍼스 출입구 | 성균관대학교 출입구
26351246,성균관대학교 인문사회과학캠퍼스,2,457781282,경신고등학교 후문,"교통,수송 > 입출구",37.5913322557512,127.001791261831,766.6,828.4,http://place.map.kakao.com/457781282,서울 성북구 성북동 131-113,candidate_unverified,성균관대학교 인문사회과학캠퍼스 출입구 | 성균관대학교 출입구
26351246,성균관대학교 인문사회과학캠퍼스,2,1095971293,감사원 후문 입구,"교통,수송 > 입출구",37.5865975447486,126.985343605846,783.5,514.6,http://place.map.kakao.com/1095971293,서울 종로구 삼청동 산 2-1,candidate_unverified,성균관대학교 인문사회과학캠퍼스 출입구 | 성균관대학교 출입구
26351246,성균관대학교 인문사회과학캠퍼스,2,1364021540,경신중학교 후문,"교통,수송 > 입출구",37.5913241458011,127.001856933682,771.4,830.7,http://place.map.kakao.com/1364021540,서울 성북구 성북동1가 120-1,candidate_unverified,성균관대학교 인문사회과학캠퍼스 출입구 | 성균관대학교 출입구
11331177,성신여자대학교 돈암수정캠퍼스,2,26396925,성신여자대학교 돈암수정캠퍼스 후문,"교통,수송 > 입출구",37.58972730081695,127.02228272795851,216.2,0.0,http://place.map.kakao.com/26396925,서울 성북구 동선동2가 320,candidate_unverified,성신여자대학교 돈암수정캠퍼스 후문 | 성신여자대학교 돈암수정캠퍼스 출입구 | 성신여자대학교 돈암수정캠퍼스 입구 | 성신여자대학교 출입구 | 성신여자대학교 입구
11331177,성신여자대학교 돈암수정캠퍼스,2,20576850,마장축산물시장서문 공영주차장,"교통,수송 > 교통시설 > 주차장 > 공영주차장",37.5704040774208,127.03831004887,2761.1,2571.3,http://place.map.kakao.com/20576850,서울 성동구 마장동 522-1,candidate_unverified,성신여자대학교 돈암수정캠퍼스 서문
11331177,성신여자대학교 돈암수정캠퍼스,2,414874702,마장축산물시장서문 공영주차장 입구,"교통,수송 > 입출구",37.5706446434896,127.038309040125,2738.2,2548.9,http://place.map.kakao.com/414874702,서울 성동구 마장동 522-1,candidate_unverified,성신여자대학교 돈암수정캠퍼스 서문
11331177,성신여자대학교 돈암수정캠퍼스,2,899785535,마장축산물시장 서문입구,"교통,수송 > 입출구",37.5700600610958,127.037801625054,2771.3,2579.3,http://place.map.kakao.com/899785535,서울 성동구 마장동 500,candidate_unverified,성신여자대학교 돈암수정캠퍼스 서문
11331177,성신여자대학교 돈암수정캠퍼스,2,1955995835,쏘카존 마장축산물시장 서문 공영주차장,"교통,수송 > 교통시설 > 카셰어링 > 쏘카존",37.57048155638996,127.03833046385209,2754.7,2565.1,http://place.map.kakao.com/1955995835,서울 성동구 마장동 522-1,candidate_unverified,성신여자대학교 돈암수정캠퍼스 서문
11331177,성신여자대학교 돈암수정캠퍼스,2,1025075529,서경대학교 서문입구,"교통,수송 > 입출구",37.6162361929177,127.009061234256,2964.5,3043.4,http://place.map.kakao.com/1025075529,서울 성북구 정릉동 239-23,candidate_unverified,성신여자대학교 돈암수정캠퍼스 서문
11331177,성신여자대학교 돈암수정캠퍼스,2,1113195942,마장축산물시장 서문 공영주차장 전기차충전소,"교통,수송 > 자동차 > 전기차 충전소",37.5704698541006,127.038297630992,2754.3,2564.6,http://place.map.kakao.com/1113195942,서울 성동구 마장동 522-1,candidate_unverified,성신여자대학교 돈암수정캠퍼스 서문
11331177,성신여자대학교 돈암수정캠퍼스,2,1776230822,성동구 마장축산물시장 서문 공영주차장 전기차충전소,"교통,수송 > 자동차 > 전기차 충전소",37.5704229751497,127.038381372034,2762.6,2573.0,http://place.map.kakao.com/1776230822,서울 성동구 마장동 522-1,candidate_unverified,성신여자대학교 돈암수정캠퍼스 서문
11331177,성신여자대학교 돈암수정캠퍼스,2,51411800,마장축산물시장 서문 공영주차장 1 전기차충전소,"교통,수송 > 자동차 > 전기차 충전소",37.570410377767125,127.03833042737465,2761.4,2571.7,http://place.map.kakao.com/51411800,서울 성동구 마장동 522-1,candidate_unverified,성신여자대학교 돈암수정캠퍼스 서문
11331177,성신여자대학교 돈암수정캠퍼스,2,687079444,한성대학교 남문,"교통,수송 > 입출구",37.5811424451233,127.010811769121,1537.6,1390.3,http://place.map.kakao.com/687079444,서울 성북구 삼선동2가 산 1-1,candidate_unverified,성신여자대학교 돈암수정캠퍼스 남문
11331177,성신여자대학교 돈암수정캠퍼스,2,1148185088,성신여자대학교 돈암수정캠퍼스 중문,"교통,수송 > 입출구",37.590898620551144,127.02212455934625,85.6,0.0,http://place.map.kakao.com/1148185088,서울 성북구 동선동2가 365-1,candidate_unverified,성신여자대학교 돈암수정캠퍼스 중문 | 성신여자대학교 돈암수정캠퍼스 출입구 | 성신여자대학교 돈암수정캠퍼스 입구 | 성신여자대학교 후문 | 성신여자대학교 중문 | 성신여자대학교 출입구 | 성신여자대학교 입구
11331177,성신여자대학교 돈암수정캠퍼스,2,7989315,CGV 성신여대입구,"문화,예술 > 영화,영상 > 영화관 > CGV",37.59255995612785,127.01729015005344,437.8,464.3,http://place.map.kakao.com/7989315,서울 성북구 동선동1가 1-2,candidate_unverified,성신여자대학교 후문 | 성신여자대학교 입구
11331177,성신여자대학교 돈암수정캠퍼스,2,12804270,성신여자대학교입구,"교통,수송 > 입출구",37.5913042778387,127.020969757591,109.9,111.3,http://place.map.kakao.com/12804270,서울 성북구 동선동3가,candidate_unverified,성신여자대학교 후문 | 성신여자대학교 출입구 | 성신여자대학교 입구
11331177,성신여자대학교 돈암수정캠퍼스,2,18090722,보문사 출입구,"교통,수송 > 입출구",37.5844430223015,127.016534245742,942.6,775.8,http://place.map.kakao.com/18090722,서울 성북구 보문동3가 187-3,candidate_unverified,성신여자대학교 출입구
11331177,성신여자대학교 돈암수정캠퍼스,2,772586286,용문고등학교 후문,"교통,수송 > 입출구",37.5884201544401,127.025758292413,482.4,339.0,http://place.map.kakao.com/772586286,서울 성북구 안암동2가 96-1,candidate_unverified,성신여자대학교 출입구
11331177,성신여자대학교 돈암수정캠퍼스,2,2118374337,래미안안암아파트 후문,"교통,수송 > 입출구",37.5888644724286,127.025161755396,410.6,271.2,http://place.map.kakao.com/2118374337,서울 성북구 안암동1가 361,candidate_unverified,성신여자대학교 출입구
11331177,성신여자대학교 돈암수정캠퍼스,2,1629922481,한신한진아파트 후문,"교통,수송 > 입출구",37.5950462803216,127.013556291008,843.6,884.7,http://place.map.kakao.com/1629922481,서울 성북구 돈암동 609-1,candidate_unverified,성신여자대학교 출입구
11331177,성신여자대학교 돈암수정캠퍼스,2,1666503182,종암중학교 정문,"교통,수송 > 입출구",37.592503657226,127.032253408544,896.8,910.1,http://place.map.kakao.com/1666503182,서울 성북구 종암동 32-3,candidate_unverified,성신여자대학교 출입구
11331177,성신여자대학교 돈암수정캠퍼스,2,17569302,고려대학교 정경관후문,"교통,수송 > 입출구",37.5868333780378,127.030107690954,885.0,760.9,http://place.map.kakao.com/17569302,서울 성북구 안암동5가 1-2,candidate_unverified,성신여자대학교 출입구
11331177,성신여자대학교 돈암수정캠퍼스,2,27383109,고려대학교안암병원 응급의료센터 입구,"교통,수송 > 입출구",37.5864668520415,127.025528914306,651.3,461.8,http://place.map.kakao.com/27383109,서울 성북구 안암동5가 126-1,candidate_unverified,성신여자대학교 출입구
11331177,성신여자대학교 돈암수정캠퍼스,2,1545750505,정릉2차e편한세상아파트 정문,"교통,수송 > 입출구",37.5996385870405,127.020179414654,902.8,986.8,http://place.map.kakao.com/1545750505,서울 성북구 정릉동 1035,candidate_unverified,성신여자대학교 출입구
11331177,성신여자대학교 돈암수정캠퍼스,2,12810655,고려대학교 서울캠퍼스 후문,"교통,수송 > 입출구",37.5909234976879,127.031585819286,837.3,830.4,http://place.map.kakao.com/12810655,서울 성북구 안암동5가 1-6,candidate_unverified,성신여자대학교 출입구
11331177,성신여자대학교 돈암수정캠퍼스,2,1045105981,고려대학교 의과대학 후문,"교통,수송 > 입출구",37.5880714049665,127.026055948019,528.8,380.0,http://place.map.kakao.com/1045105981,서울 성북구 안암동5가 126-1,candidate_unverified,성신여자대학교 출입구
11331177,성신여자대학교 돈암수정캠퍼스,2,772664530,용문중학교 후문,"교통,수송 > 입출구",37.5884201544401,127.025758292413,482.4,339.0,http://place.map.kakao.com/772664530,서울 성북구 안암동2가 96-1,candidate_unverified,성신여자대학교 출입구
11331177,성신여자대학교 돈암수정캠퍼스,2,303948085,고려대학교법과대학 입구,"교통,수송 > 입출구",37.59119430589926,127.03301259975677,960.4,959.4,http://place.map.kakao.com/303948085,서울 성북구 종암동 29-26,candidate_unverified,성신여자대학교 출입구
11331177,성신여자대학교 돈암수정캠퍼스,2,993692160,성신여대입구 사진관 라라스튜디오,"문화,예술 > 사진 > 사진관,포토스튜디오",37.5906534954173,127.017024758657,463.7,450.2,http://place.map.kakao.com/993692160,서울 성북구 동선동1가 46-2,candidate_unverified,성신여자대학교 입구
11184697,이화여자대학교,2,592662879,이화여자대학교 정문,"교통,수송 > 입출구",37.5594236592153,126.94566937595,388.5,0.0,http://place.map.kakao.com/592662879,서울 서대문구 대현동,candidate_unverified,이화여자대학교 정문 | 이화여자대학교 출입구 | 이화여자대학교 입구
11184697,이화여자대학교,2,26397093,이화여자대학교 후문,"교통,수송 > 입출구",37.5635317504439,126.944692996803,282.8,0.0,http://place.map.kakao.com/26397093,서울 서대문구 대신동 47,candidate_unverified,이화여자대학교 후문 | 이화여자대학교 출입구 | 이화여자대학교 입구
11184697,이화여자대학교,2,1850698216,이화여자대학교 후문 ECC주차장,"교통,수송 > 교통시설 > 주차장",37.560202690449486,126.94495464108626,352.5,107.1,http://place.map.kakao.com/1850698216,서울 서대문구 대현동 11-1,candidate_unverified,이화여자대학교 후문 | 이화여자대학교 입구
11184697,이화여자대학교,2,1730751308,신한 이화여자대학교 ATM 이대후문,"금융,보험 > 금융서비스 > 은행 > ATM",37.56383072154256,126.94435321770541,323.9,44.7,http://place.map.kakao.com/1730751308,서울 서대문구 대신동 85-3,candidate_unverified,이화여자대학교 후문
11184697,이화여자대학교,2,18922244,연세대학교 서문,"교통,수송 > 입출구",37.5637749061639,126.933953735176,1215.0,947.0,http://place.map.kakao.com/18922244,서울 서대문구 연희동 25,candidate_unverified,이화여자대학교 서문 | 이화여자대학교 출입구
11184697,이화여자대학교,2,1052898871,종근당빌딩 서문,"교통,수송 > 입출구",37.55982408696,126.962965248078,1383.4,1525.2,http://place.map.kakao.com/1052898871,서울 서대문구 충정로3가 368,candidate_unverified,이화여자대학교 서문
11184697,이화여자대학교,2,18922240,연세대학교 남문,"교통,수송 > 입출구",37.5614750339922,126.933014087396,1295.5,1054.5,http://place.map.kakao.com/18922240,서울 서대문구 신촌동 134,candidate_unverified,이화여자대학교 남문 | 이화여자대학교 출입구
11184697,이화여자대학교,2,433433574,서강대학교 남문,"교통,수송 > 입출구",37.5494986137581,126.938996489276,1639.0,1250.6,http://place.map.kakao.com/433433574,서울 마포구 신수동 1-1,candidate_unverified,이화여자대학교 남문
11184697,이화여자대학교,2,18097390,연세대학교 정문,"교통,수송 > 입출구",37.5604968585685,126.936840480172,979.6,770.0,http://place.map.kakao.com/18097390,서울 서대문구 신촌동 134,candidate_unverified,이화여자대학교 출입구
11184697,이화여자대학교,2,7999562,연세대학교 동문,"교통,수송 > 입출구",37.5660622423696,126.945759633944,425.1,296.7,http://place.map.kakao.com/7999562,서울 서대문구 신촌동 134,candidate_unverified,이화여자대학교 출입구
11184697,이화여자대학교,2,478077231,이화여자대학교 학관 출입구,"교통,수송 > 입출구",37.5635607324599,126.945014422532,258.3,28.5,http://place.map.kakao.com/478077231,서울 서대문구 대현동 11-1,candidate_unverified,이화여자대학교 출입구 | 이화여자대학교 입구
11184697,이화여자대학교,2,1407355588,세브란스병원 본관주차장 입구,"교통,수송 > 입출구",37.56155810250957,126.9400471787673,679.1,464.6,http://place.map.kakao.com/1407355588,서울 서대문구 신촌동 134,candidate_unverified,이화여자대학교 출입구
11184697,이화여자대학교,2,2109875238,힐스테이트신촌아파트 정문,"교통,수송 > 입출구",37.5623942632169,126.951944395407,378.9,644.2,http://place.map.kakao.com/2109875238,서울 서대문구 북아현동 1-954,candidate_unverified,이화여자대학교 출입구
11184697,이화여자대학교,2,313573795,e편한세상신촌아파트1단지 후문,"교통,수송 > 입출구",37.5588278232198,126.949091193407,432.4,308.8,http://place.map.kakao.com/313573795,서울 서대문구 북아현동 1013,candidate_unverified,이화여자대학교 출입구
11184697,이화여자대학교,2,1341536850,이대공대 철문,"교통,수송 > 입출구",37.5668145259871,126.947649370519,474.8,448.5,http://place.map.kakao.com/1341536850,서울 서대문구 신촌동 34-1,candidate_unverified,이화여자대학교 출입구
11184697,이화여자대학교,2,17578909,세브란스병원 본관주차장입구,"교통,수송 > 입출구",37.562144744763685,126.9420387378147,496.6,280.2,http://place.map.kakao.com/17578909,서울 서대문구 대신동 5,candidate_unverified,이화여자대학교 출입구
11184697,이화여자대학교,2,1122624057,마포더클래시 2단지아파트 정문,"교통,수송 > 입출구",37.5564114656951,126.949363325085,698.5,467.1,http://place.map.kakao.com/1122624057,서울 마포구 아현동 662,candidate_unverified,이화여자대학교 출입구
11184697,이화여자대학교,2,27377630,중앙여자고등학교 정문,"교통,수송 > 입출구",37.5622891231938,126.954930248887,642.3,876.3,http://place.map.kakao.com/27377630,서울 서대문구 북아현동 190-1,candidate_unverified,이화여자대학교 출입구
11184697,이화여자대학교,2,10043389,서강대학교 정문,"교통,수송 > 입출구",37.5516352233547,126.937925314256,1485.4,1102.7,http://place.map.kakao.com/10043389,서울 마포구 신수동 1-1,candidate_unverified,이화여자대학교 출입구
11184697,이화여자대학교,2,832082252,e편한세상신촌3단지아파트 입구,"교통,수송 > 입출구",37.5600984287875,126.956339532477,812.8,943.5,http://place.map.kakao.com/832082252,서울 서대문구 북아현동 142-2,candidate_unverified,이화여자대학교 출입구
11184697,이화여자대학교,2,1557454094,신촌푸르지오아파트 정문,"교통,수송 > 입출구",37.5605052392461,126.9528521884927,511.5,644.5,http://place.map.kakao.com/1557454094,서울 서대문구 북아현동 1011,candidate_unverified,이화여자대학교 출입구
11184697,이화여자대학교,2,1844501862,서강대학교 후문,"교통,수송 > 입출구",37.5507696837461,126.943969110916,1348.9,973.9,http://place.map.kakao.com/1844501862,서울 마포구 대흥동 22-60,candidate_unverified,이화여자대학교 출입구
11184697,이화여자대학교,2,17578489,세브란스병원 정문,"교통,수송 > 입출구",37.560436337978,126.938253028733,860.8,663.3,http://place.map.kakao.com/17578489,서울 서대문구 신촌동 134,candidate_unverified,이화여자대학교 출입구
11184697,이화여자대학교,2,1238780392,마포프레스티지자이아파트 정문,"교통,수송 > 입출구",37.5542211934313,126.947422784266,925.7,598.8,http://place.map.kakao.com/1238780392,서울 마포구 염리동 14-149,candidate_unverified,이화여자대학교 출입구
11184697,이화여자대학교,2,2066729900,마포그랑자이아파트 2단지 GATE2,"교통,수송 > 입출구",37.5542187596704,126.944086490514,977.6,595.3,http://place.map.kakao.com/2066729900,서울 마포구 대흥동 806,candidate_unverified,이화여자대학교 출입구
11184697,이화여자대학교,2,666043195,마포더클래시아파트1단지 게이트1,"교통,수송 > 입출구",37.5553139489017,126.949126404109,814.5,549.3,http://place.map.kakao.com/666043195,서울 마포구 아현동 662,candidate_unverified,이화여자대학교 출입구
11184697,이화여자대학교,2,792576920,신촌푸르지오1단지아파트 후문,"교통,수송 > 입출구",37.5606731796172,126.951504093947,398.4,532.7,http://place.map.kakao.com/792576920,서울 서대문구 북아현동 1011,candidate_unverified,이화여자대학교 출입구
11184697,이화여자대학교,2,18922248,연세대학교 북문,"교통,수송 > 입출구",37.5726756675515,126.93864138705,1378.2,1148.2,http://place.map.kakao.com/18922248,서울 서대문구 연희동 7,candidate_unverified,이화여자대학교 출입구
11184697,이화여자대학교,2,345254034,이화여자대학교 북아현문,"교통,수송 > 입출구",37.56809505093891,126.95021794364267,657.4,703.3,http://place.map.kakao.com/345254034,서울 서대문구 대현동 11-1,candidate_unverified,이화여자대학교 출입구 | 이화여자대학교 북아현문
11184697,이화여자대학교,2,699204189,안산자락길 입구,"교통,수송 > 입출구",37.5770768343509,126.951822887173,1657.2,1632.0,http://place.map.kakao.com/699204189,서울 서대문구 현저동 산 5-47,candidate_unverified,이화여자대학교 출입구
11184697,이화여자대학교,2,502939733,연세대학교 신촌캠퍼스 지하주차장입구,"교통,수송 > 입출구",37.5645485111383,126.938301700878,853.6,574.6,http://place.map.kakao.com/502939733,서울 서대문구 신촌동 134,candidate_unverified,이화여자대학교 출입구
11184697,이화여자대학교,2,1834345241,경기대학교 서울캠퍼스 후문,"교통,수송 > 입출구",37.564039417736,126.961611716429,1241.8,1492.3,http://place.map.kakao.com/1834345241,서울 서대문구 충정로3가 1-50,candidate_unverified,이화여자대학교 출입구
11184697,이화여자대학교,2,1255394510,힐스테이트신촌아파트 후문,"교통,수송 > 입출구",37.5612121264876,126.951872718162,400.6,581.8,http://place.map.kakao.com/1255394510,서울 서대문구 북아현동 1017,candidate_unverified,이화여자대학교 출입구
11184697,이화여자대학교,2,1315137150,마포프레스티지자이아파트 게이트1,"교통,수송 > 입출구",37.55316400676476,126.94671734682578,1046.3,702.1,http://place.map.kakao.com/1315137150,서울 마포구 염리동 532,candidate_unverified,이화여자대학교 출입구
11184697,이화여자대학교,2,20526376,아현시장 입구,"교통,수송 > 입출구",37.5555678587332,126.955386991232,1032.9,957.9,http://place.map.kakao.com/20526376,서울 마포구 아현동 291-27,candidate_unverified,이화여자대학교 출입구
11184697,이화여자대학교,2,881985914,연세대학교 지하주차장 입구,"교통,수송 > 입출구",37.5602861728324,126.937116818828,961.8,759.1,http://place.map.kakao.com/881985914,서울 서대문구 신촌동 134,candidate_unverified,이화여자대학교 출입구
11184697,이화여자대학교,2,363935908,마포더클래시아파트 게이트2,"교통,수송 > 입출구",37.5561716457537,126.951134667398,772.4,602.4,http://place.map.kakao.com/363935908,서울 마포구 아현동 662,candidate_unverified,이화여자대학교 출입구
11184697,이화여자대학교,2,186568161,마포그랑자이아파트 GATE 1-2,"교통,수송 > 입출구",37.55521664937008,126.943215444615,903.8,515.4,http://place.map.kakao.com/186568161,서울 마포구 대흥동 806,candidate_unverified,이화여자대학교 출입구
11184697,이화여자대학교,2,1469643354,마포자이더센트리지아파트 정문,"교통,수송 > 입출구",37.5506546829242,126.946619547031,1325.2,978.7,http://place.map.kakao.com/1469643354,서울 마포구 염리동 36-250,candidate_unverified,이화여자대학교 출입구
11184697,이화여자대학교,2,152234594,마포그랑자이아파트 1-1GATE(입주민 전용),"교통,수송 > 입출구",37.55453372776068,126.94519534043667,916.7,545.3,http://place.map.kakao.com/152234594,서울 마포구 대흥동 806,candidate_unverified,이화여자대학교 출입구
11184697,이화여자대학교,2,451681720,천연뜨란채아파트 제2출입구,"교통,수송 > 입출구",37.5662694422555,126.95910455162,1091.3,1306.2,http://place.map.kakao.com/451681720,서울 서대문구 천연동 145,candidate_unverified,이화여자대학교 출입구
11184697,이화여자대학교,2,1749325750,연희대우아파트 정문,"교통,수송 > 입출구",37.5621790681908,126.928997705781,1644.6,1391.6,http://place.map.kakao.com/1749325750,서울 서대문구 연희동 739,candidate_unverified,이화여자대학교 출입구
11184697,이화여자대학교,2,1971212927,천연뜨란채아파트 제1출입구,"교통,수송 > 입출구",37.56816144967576,126.95886354895846,1169.1,1350.9,http://place.map.kakao.com/1971212927,서울 서대문구 천연동 145,candidate_unverified,이화여자대학교 출입구
11184697,이화여자대학교,2,1199034911,천연뜨란채아파트 제3출입구,"교통,수송 > 입출구",37.5661881393311,126.958493372233,1038.1,1251.7,http://place.map.kakao.com/1199034911,서울 서대문구 천연동 145,candidate_unverified,이화여자대학교 출입구
11184697,이화여자대학교,2,26923796,마포래미안푸르지오2단지아파트 P4주차장입구,"교통,수송 > 입출구",37.5526915446465,126.954524093271,1252.0,1081.5,http://place.map.kakao.com/26923796,서울 마포구 아현동 779,candidate_unverified,이화여자대학교 출입구
11184697,이화여자대학교,2,1142964882,서울역센트럴자이아파트 정문,"교통,수송 > 입출구",37.5548572301628,126.964070005939,1680.9,1699.6,http://place.map.kakao.com/1142964882,서울 중구 만리동2가 37-1,candidate_unverified,이화여자대학교 출입구
11184697,이화여자대학교,2,1018016160,서울연희초등학교 후문,"교통,수송 > 입출구",37.5691686204553,126.934588519515,1366.7,1089.0,http://place.map.kakao.com/1018016160,서울 서대문구 연희동 88-1,candidate_unverified,이화여자대학교 출입구
11184697,이화여자대학교,2,2029123161,경희궁자이2단지아파트 후문,"교통,수송 > 입출구",37.569028238981154,126.96451371163015,1652.0,1850.8,http://place.map.kakao.com/2029123161,서울 종로구 송월동 145,candidate_unverified,이화여자대학교 출입구
11184697,이화여자대학교,2,2028906449,경희궁자이2단지아파트 정문,"교통,수송 > 입출구",37.5713828481189,126.962593897506,1643.3,1803.2,http://place.map.kakao.com/2028906449,서울 종로구 홍파동 199,candidate_unverified,이화여자대학교 출입구
11211235,한양대학교 서울캠퍼스,2,684755187,한양대학교 서울캠퍼스 정문,"교통,수송 > 입출구",37.5579753193835,127.042173212423,254.9,0.0,http://place.map.kakao.com/684755187,서울 성동구 사근동 110,candidate_unverified,한양대학교 서울캠퍼스 정문 | 한양대학교 서울캠퍼스 후문 | 한양대학교 서울캠퍼스 출입구 | 한양대학교 서울캠퍼스 입구 | 한양대학교 정문 | 한양대학교 출입구 | 한양대학교 입구
11211235,한양대학교 서울캠퍼스,2,912654056,한양대학교 서울캠퍼스 애지문,"교육,학문 > 학교부속시설",37.5559970175326,127.043854997598,93.1,265.3,http://place.map.kakao.com/912654056,서울 성동구 사근동 110,candidate_unverified,한양대학교 서울캠퍼스 후문 | 한양대학교 애지문
11211235,한양대학교 서울캠퍼스,2,26851499,한양대학교 서울캠퍼스 입구,"교통,수송 > 입출구",37.5541011796159,127.044227351969,283.9,467.3,http://place.map.kakao.com/26851499,서울 성동구 행당동 17-7,candidate_unverified,한양대학교 서울캠퍼스 후문 | 한양대학교 서울캠퍼스 출입구 | 한양대학교 서울캠퍼스 입구 | 한양대학교 출입구 | 한양대학교 건축관출입로
11211235,한양대학교 서울캠퍼스,2,20576850,마장축산물시장서문 공영주차장,"교통,수송 > 교통시설 > 주차장 > 공영주차장",37.5704040774208,127.03831004887,1625.2,1423.3,http://place.map.kakao.com/20576850,서울 성동구 마장동 522-1,candidate_unverified,한양대학교 서울캠퍼스 서문 | 한양대학교 서문
11211235,한양대학교 서울캠퍼스,2,414874702,마장축산물시장서문 공영주차장 입구,"교통,수송 > 입출구",37.5706446434896,127.038309040125,1650.5,1449.4,http://place.map.kakao.com/414874702,서울 성동구 마장동 522-1,candidate_unverified,한양대학교 서울캠퍼스 서문 | 한양대학교 서문
11211235,한양대학교 서울캠퍼스,2,899785535,마장축산물시장 서문입구,"교통,수송 > 입출구",37.5700600610958,127.037801625054,1605.3,1397.9,http://place.map.kakao.com/899785535,서울 성동구 마장동 500,candidate_unverified,한양대학교 서울캠퍼스 서문 | 한양대학교 서울캠퍼스 출입구 | 한양대학교 서문 | 한양대학교 출입구
11211235,한양대학교 서울캠퍼스,2,1955995835,쏘카존 마장축산물시장 서문 공영주차장,"교통,수송 > 교통시설 > 카셰어링 > 쏘카존",37.57048155638996,127.03833046385209,1632.7,1431.3,http://place.map.kakao.com/1955995835,서울 성동구 마장동 522-1,candidate_unverified,한양대학교 서울캠퍼스 서문 | 한양대학교 서문
11211235,한양대학교 서울캠퍼스,2,1113195942,마장축산물시장 서문 공영주차장 전기차충전소,"교통,수송 > 자동차 > 전기차 충전소",37.5704698541006,127.038297630992,1632.5,1430.7,http://place.map.kakao.com/1113195942,서울 성동구 마장동 522-1,candidate_unverified,한양대학교 서울캠퍼스 서문 | 한양대학교 서문
11211235,한양대학교 서울캠퍼스,2,1776230822,성동구 마장축산물시장 서문 공영주차장 전기차충전소,"교통,수송 > 자동차 > 전기차 충전소",37.5704229751497,127.038381372034,1625.1,1423.9,http://place.map.kakao.com/1776230822,서울 성동구 마장동 522-1,candidate_unverified,한양대학교 서울캠퍼스 서문 | 한양대학교 서문
11211235,한양대학교 서울캠퍼스,2,51411800,마장축산물시장 서문 공영주차장 1 전기차충전소,"교통,수송 > 자동차 > 전기차 충전소",37.570410377767125,127.03833042737465,1625.3,1423.6,http://place.map.kakao.com/51411800,서울 성동구 마장동 522-1,candidate_unverified,한양대학교 서울캠퍼스 서문 | 한양대학교 서문
11211235,한양대학교 서울캠퍼스,2,1174388774,서울숲한신더휴아파트 남문,"교통,수송 > 입출구",37.5538874370605,127.036965043061,733.6,646.1,http://place.map.kakao.com/1174388774,서울 성동구 행당동 349,candidate_unverified,한양대학교 서울캠퍼스 남문 | 한양대학교 서울캠퍼스 출입구 | 한양대학교 남문 | 한양대학교 출입구
11211235,한양대학교 서울캠퍼스,2,689197429,한양대학교 후문,"교통,수송 > 입출구",37.5558504729312,127.049864448928,478.7,0.0,http://place.map.kakao.com/689197429,서울 성동구 사근동 110,candidate_unverified,한양대학교 서울캠퍼스 출입구 | 한양대학교 후문 | 한양대학교 출입구 | 한양대학교 입구
11211235,한양대학교 서울캠퍼스,2,33488278,왕십리역 6-1번 출구,"교통,수송 > 입출구",37.5610050678131,127.037748381559,769.5,515.4,http://place.map.kakao.com/33488278,서울 성동구 행당동 168-151,candidate_unverified,한양대학교 서울캠퍼스 출입구 | 한양대학교 출입구
11211235,한양대학교 서울캠퍼스,2,1362064886,성동자동차검사소 입구,"교통,수송 > 입출구",37.554036351034,127.056766684136,1117.3,641.0,http://place.map.kakao.com/1362064886,서울 성동구 송정동 73-377,candidate_unverified,한양대학교 서울캠퍼스 출입구 | 한양대학교 출입구
11211235,한양대학교 서울캠퍼스,2,654829038,라체르보푸르지오써밋아파트 정문,"교통,수송 > 입출구",37.5561460880762,127.037441491242,627.0,464.1,http://place.map.kakao.com/654829038,서울 성동구 행당동 128-7,candidate_unverified,한양대학교 서울캠퍼스 출입구 | 한양대학교 출입구
11211235,한양대학교 서울캠퍼스,2,1515873758,서울숲삼부아파트 정문,"교통,수송 > 입출구",37.5594996797258,127.03718851545,720.6,470.9,http://place.map.kakao.com/1515873758,서울 성동구 행당동 147,candidate_unverified,한양대학교 서울캠퍼스 출입구 | 한양대학교 출입구
11211235,한양대학교 서울캠퍼스,2,1692680655,서울숲리버뷰자이아파트 정문,"교통,수송 > 입출구",37.5564115327555,127.038528102235,529.4,365.3,http://place.map.kakao.com/1692680655,서울 성동구 행당동 380,candidate_unverified,한양대학교 서울캠퍼스 출입구 | 한양대학교 출입구
11211235,한양대학교 서울캠퍼스,2,639896591,서울숲리버그린동아아파트 정문,"교통,수송 > 입출구",37.5534448073696,127.037723065612,697.3,638.5,http://place.map.kakao.com/639896591,서울 성동구 응봉동 276,candidate_unverified,한양대학교 서울캠퍼스 출입구 | 한양대학교 출입구
11211235,한양대학교 서울캠퍼스,2,2066627065,대림강변타운아파트 후문,"교통,수송 > 입출구",37.5542697307081,127.036090415634,789.1,676.2,http://place.map.kakao.com/2066627065,서울 성동구 응봉동 15,candidate_unverified,한양대학교 서울캠퍼스 출입구 | 한양대학교 출입구
11211235,한양대학교 서울캠퍼스,2,603693434,서울교통공사 군자차량사업소 정문,"교통,수송 > 입출구",37.5589236549712,127.054223873112,891.6,514.2,http://place.map.kakao.com/603693434,서울 성동구 용답동 189,candidate_unverified,한양대학교 서울캠퍼스 출입구 | 한양대학교 출입구
11211235,한양대학교 서울캠퍼스,2,798022641,서울숲 6번 출입구,"교통,수송 > 입출구",37.5483491585519,127.03926743052,1032.3,1100.6,http://place.map.kakao.com/798022641,서울 성동구 성수동1가 685-124,candidate_unverified,한양대학교 서울캠퍼스 출입구 | 한양대학교 출입구
11211235,한양대학교 서울캠퍼스,2,1816429288,비트플렉스 남측주차장 입구,"교통,수송 > 입출구",37.5601866965384,127.038571922872,656.3,401.5,http://place.map.kakao.com/1816429288,서울 성동구 행당동 168-151,candidate_unverified,한양대학교 서울캠퍼스 출입구 | 한양대학교 출입구
11211235,한양대학교 서울캠퍼스,2,2120159743,서울숲 4번출입구,"교통,수송 > 입출구",37.5464635237022,127.041448161733,1164.1,1280.6,http://place.map.kakao.com/2120159743,서울 성동구 성수동1가 720,candidate_unverified,한양대학교 서울캠퍼스 출입구 | 한양대학교 출입구
11211235,한양대학교 서울캠퍼스,2,2137955759,서울교통공사 군자차량사업소 입구,"교통,수송 > 입출구",37.5589236404131,127.05425556311,894.3,516.3,http://place.map.kakao.com/2137955759,서울 성동구 용답동 189,candidate_unverified,한양대학교 서울캠퍼스 출입구 | 한양대학교 출입구
11211235,한양대학교 서울캠퍼스,2,1998360212,비트플렉스 주차장입구2,"교통,수송 > 입출구",37.5622733526862,127.03873145577,808.0,566.1,http://place.map.kakao.com/1998360212,서울 성동구 행당동 168-151,candidate_unverified,한양대학교 서울캠퍼스 출입구 | 한양대학교 출입구
11211235,한양대학교 서울캠퍼스,2,1279197753,서울숲한신더휴 정문,"교통,수송 > 입출구",37.5549998288837,127.035128799974,848.3,703.6,http://place.map.kakao.com/1279197753,서울 성동구 행당동 349,candidate_unverified,한양대학교 서울캠퍼스 출입구 | 한양대학교 출입구
11211235,한양대학교 서울캠퍼스,2,24636295,중랑천행당경사로 진출입로1,"교통,수송 > 입출구",37.5535213258535,127.043176787638,367.0,503.1,http://place.map.kakao.com/24636295,서울 성동구 행당동 81-1,candidate_unverified,한양대학교 서울캠퍼스 출입구 | 한양대학교 출입구
11211235,한양대학교 서울캠퍼스,2,24636296,중랑천행당경사로 진출입로2,"교통,수송 > 입출구",37.5538411967698,127.04553092734,324.0,442.5,http://place.map.kakao.com/24636296,서울 성동구 행당동 81-1,candidate_unverified,한양대학교 서울캠퍼스 출입구 | 한양대학교 출입구
11211235,한양대학교 서울캠퍼스,2,1234468932,마장세림아파트 후문,"교통,수송 > 입출구",37.5648808319775,127.043893029339,917.6,782.7,http://place.map.kakao.com/1234468932,서울 성동구 마장동 784,candidate_unverified,한양대학교 서울캠퍼스 출입구 | 한양대학교 출입구
11211235,한양대학교 서울캠퍼스,2,723416098,서울숲 3번출입구,"교통,수송 > 입출구",37.5450231256979,127.043127754466,1298.0,1342.5,http://place.map.kakao.com/723416098,서울 성동구 성수동1가 720,candidate_unverified,한양대학교 서울캠퍼스 출입구 | 한양대학교 출입구
11211235,한양대학교 서울캠퍼스,2,1375822961,대림강변타운아파트 정문,"교통,수송 > 입출구",37.552224610015,127.035614121824,926.7,862.1,http://place.map.kakao.com/1375822961,서울 성동구 응봉동 15,candidate_unverified,한양대학교 서울캠퍼스 출입구 | 한양대학교 출입구
11211235,한양대학교 서울캠퍼스,2,24636299,청계천사근계단 진출입로1,"교통,수송 > 입출구",37.5588918100884,127.050871501204,612.6,349.6,http://place.map.kakao.com/24636299,서울 성동구 사근동 128-2,candidate_unverified,한양대학교 서울캠퍼스 출입구 | 한양대학교 출입구
11211235,한양대학교 서울캠퍼스,2,24636424,청계천사근경사로 진출입로2,"교통,수송 > 입출구",37.5616926828814,127.049519739329,713.4,650.3,http://place.map.kakao.com/24636424,서울 성동구 사근동 235-12,candidate_unverified,한양대학교 서울캠퍼스 출입구 | 한양대학교 출입구
11211235,한양대학교 서울캠퍼스,2,24636425,청계천사근경사로 진출입로3,"교통,수송 > 입출구",37.5618260550108,127.049460972446,722.0,665.4,http://place.map.kakao.com/24636425,서울 성동구 사근동 235-12,candidate_unverified,한양대학교 서울캠퍼스 출입구 | 한양대학교 출입구
11211235,한양대학교 서울캠퍼스,2,24636428,청계천사근계단 진출입로4,"교통,수송 > 입출구",37.562168496102,127.049311796591,745.2,704.2,http://place.map.kakao.com/24636428,서울 성동구 사근동 235-12,candidate_unverified,한양대학교 서울캠퍼스 출입구 | 한양대학교 출입구
11211235,한양대학교 서울캠퍼스,2,6119459,마장축산물시장 북문,"교통,수송 > 입출구",37.570651453347,127.042122628762,1571.9,1409.5,http://place.map.kakao.com/6119459,서울 성동구 마장동 804,candidate_unverified,한양대학교 서울캠퍼스 출입구 | 한양대학교 출입구
11211235,한양대학교 서울캠퍼스,2,24635895,중랑천성수계단 진출입로2,"교통,수송 > 입출구",37.5516285699555,127.044945636612,558.9,639.1,http://place.map.kakao.com/24635895,서울 성동구 성수동1가 671-5,candidate_unverified,한양대학교 서울캠퍼스 출입구 | 한양대학교 출입구
11211235,한양대학교 서울캠퍼스,2,24636430,청계천사근연결통로계단 진출입로5,"교통,수송 > 입출구",37.5622369926087,127.049262040945,749.0,712.1,http://place.map.kakao.com/24636430,서울 성동구 사근동 235-12,candidate_unverified,한양대학교 서울캠퍼스 출입구 | 한양대학교 출입구
11211235,한양대학교 서울캠퍼스,2,24635896,중랑천성수계단 진출입로3,"교통,수송 > 입출구",37.5517002665129,127.045941555282,563.7,576.7,http://place.map.kakao.com/24635896,서울 성동구 성수동1가 656-40,candidate_unverified,한양대학교 서울캠퍼스 출입구 | 한양대학교 출입구
11211235,한양대학교 서울캠퍼스,2,24635898,중랑천성수계단 진출입로4,"교통,수송 > 입출구",37.5518043833934,127.046955603042,579.1,517.8,http://place.map.kakao.com/24635898,서울 성동구 성수동1가 656-40,candidate_unverified,한양대학교 서울캠퍼스 출입구 | 한양대학교 출입구
11211235,한양대학교 서울캠퍼스,2,24635899,중랑천성수계단 진출입로5,"교통,수송 > 입출구",37.5518366529698,127.047372081119,590.5,497.5,http://place.map.kakao.com/24635899,서울 성동구 성수동1가 3-6,candidate_unverified,한양대학교 서울캠퍼스 출입구 | 한양대학교 출입구
11211235,한양대학교 서울캠퍼스,2,716434522,서울숲 5번출입구,"교통,수송 > 입출구",37.5470246604474,127.039357264229,1162.6,1242.7,http://place.map.kakao.com/716434522,서울 성동구 성수동1가 720,candidate_unverified,한양대학교 서울캠퍼스 출입구 | 한양대학교 출입구
11211235,한양대학교 서울캠퍼스,2,24635894,중랑천성수경사로 진출입로1,"교통,수송 > 입출구",37.5516178216152,127.04477814217,559.3,650.0,http://place.map.kakao.com/24635894,서울 성동구 성수동1가 671-5,candidate_unverified,한양대학교 서울캠퍼스 출입구 | 한양대학교 출입구
11211235,한양대학교 서울캠퍼스,2,27609975,코스모타워 주차장 입구,"교통,수송 > 입출구",37.5627649441503,127.034027765709,1148.8,893.9,http://place.map.kakao.com/27609975,서울 성동구 도선동 58-1,candidate_unverified,한양대학교 서울캠퍼스 출입구 | 한양대학교 출입구
11211235,한양대학교 서울캠퍼스,2,24636431,청계천마장경사로 진출입로1,"교통,수송 > 입출구",37.56406818925,127.048362283069,892.1,869.8,http://place.map.kakao.com/24636431,서울 성동구 마장동 802-2,candidate_unverified,한양대학교 서울캠퍼스 출입구 | 한양대학교 출입구
11211235,한양대학교 서울캠퍼스,2,1519718358,성동구청 지하주차장 입구,"교통,수송 > 입출구",37.5645229027318,127.036654505588,1117.6,875.6,http://place.map.kakao.com/1519718358,서울 성동구 행당동 7,candidate_unverified,한양대학교 서울캠퍼스 출입구 | 한양대학교 출입구
11211235,한양대학교 서울캠퍼스,2,24636433,청계천마장경사로 진출입로2,"교통,수송 > 입출구",37.5649513645571,127.047873883038,969.7,924.2,http://place.map.kakao.com/24636433,서울 성동구 마장동 811,candidate_unverified,한양대학교 서울캠퍼스 출입구 | 한양대학교 출입구
11211235,한양대학교 서울캠퍼스,2,1819173689,응봉 리버그린동아아파트 후문,"교통,수송 > 입출구",37.5524423644748,127.036553526556,843.9,789.9,http://place.map.kakao.com/1819173689,서울 성동구 응봉동 276,candidate_unverified,한양대학교 서울캠퍼스 출입구 | 한양대학교 출입구
11211235,한양대학교 서울캠퍼스,2,24635901,중랑천성수계단 진출입로7,"교통,수송 > 입출구",37.55135594621,127.050685311353,800.3,505.0,http://place.map.kakao.com/24635901,서울 성동구 성수동1가 2-20,candidate_unverified,한양대학교 서울캠퍼스 출입구 | 한양대학교 출입구
11211235,한양대학교 서울캠퍼스,2,112439353,서울숲행당푸르지오아파트 후문,"교통,수송 > 입출구",37.5546223214793,127.031917930117,1134.0,977.9,http://place.map.kakao.com/112439353,서울 성동구 행당동 376,candidate_unverified,한양대학교 서울캠퍼스 출입구 | 한양대학교 출입구
11211235,한양대학교 서울캠퍼스,2,24635900,중랑천성수계단 진출입로6,"교통,수송 > 입출구",37.5516158949574,127.04959907887,715.9,471.4,http://place.map.kakao.com/24635900,서울 성동구 성수동1가 2-20,candidate_unverified,한양대학교 서울캠퍼스 출입구 | 한양대학교 출입구
11211235,한양대학교 서울캠퍼스,2,24635902,중랑천성수계단 진출입로8,"교통,수송 > 입출구",37.5512223090372,127.051355169249,851.9,531.1,http://place.map.kakao.com/24635902,서울 성동구 성수동1가 2-20,candidate_unverified,한양대학교 서울캠퍼스 출입구 | 한양대학교 출입구
8663561,홍익대학교 서울캠퍼스,2,23774540,홍익대학교 서울캠퍼스 정문,"교통,수송 > 입출구",37.55275180872968,126.92443913897051,230.7,0.0,http://place.map.kakao.com/23774540,서울 마포구 서교동 338-19,candidate_unverified,홍익대학교 서울캠퍼스 정문 | 홍익대학교 서울캠퍼스 출입구 | 홍익대학교 서울캠퍼스 입구 | 홍익대학교 정문 | 홍익대학교 출입구 | 홍익대학교 입구
8663561,홍익대학교 서울캠퍼스,2,18922244,연세대학교 서문,"교통,수송 > 입출구",37.5637749061639,126.933953735176,1614.2,1485.2,http://place.map.kakao.com/18922244,서울 서대문구 연희동 25,candidate_unverified,홍익대학교 서울캠퍼스 서문 | 홍익대학교 서울캠퍼스 출입구 | 홍익대학교 서문 | 홍익대학교 출입구
8663561,홍익대학교 서울캠퍼스,2,18922240,연세대학교 남문,"교통,수송 > 입출구",37.5614750339922,126.933014087396,1349.7,1221.9,http://place.map.kakao.com/18922240,서울 서대문구 신촌동 134,candidate_unverified,홍익대학교 서울캠퍼스 남문 | 홍익대학교 서울캠퍼스 출입구 | 홍익대학교 남문 | 홍익대학교 출입구
8663561,홍익대학교 서울캠퍼스,2,433433574,서강대학교 남문,"교통,수송 > 입출구",37.5494986137581,126.938996489276,1194.8,1047.5,http://place.map.kakao.com/433433574,서울 마포구 신수동 1-1,candidate_unverified,홍익대학교 서울캠퍼스 남문 | 홍익대학교 서울캠퍼스 출입구 | 홍익대학교 남문 | 홍익대학교 출입구
8663561,홍익대학교 서울캠퍼스,2,10043389,서강대학교 정문,"교통,수송 > 입출구",37.5516352233547,126.937925314256,1093.8,930.8,http://place.map.kakao.com/10043389,서울 마포구 신수동 1-1,candidate_unverified,홍익대학교 서울캠퍼스 출입구 | 홍익대학교 출입구
8663561,홍익대학교 서울캠퍼스,2,20494207,홍익대학교 후문,"교통,수송 > 입출구",37.5514381904153,126.927369234147,171.8,0.0,http://place.map.kakao.com/20494207,서울 마포구 상수동,candidate_unverified,홍익대학교 서울캠퍼스 출입구 | 홍익대학교 후문 | 홍익대학교 출입구 | 홍익대학교 입구
8663561,홍익대학교 서울캠퍼스,2,18097390,연세대학교 정문,"교통,수송 > 입출구",37.5604968585685,126.936840480172,1461.0,1308.3,http://place.map.kakao.com/18097390,서울 서대문구 신촌동 134,candidate_unverified,홍익대학교 서울캠퍼스 출입구 | 홍익대학교 출입구
8663561,홍익대학교 서울캠퍼스,2,24581961,한강공원서강대교북단경사로 진출입로,"교통,수송 > 입출구",37.5434599199502,126.928970200109,877.8,898.3,http://place.map.kakao.com/24581961,서울 마포구 신정동 149-1,candidate_unverified,홍익대학교 서울캠퍼스 출입구 | 홍익대학교 출입구
8663561,홍익대학교 서울캠퍼스,2,921581159,한강밤섬자이아파트 정문,"교통,수송 > 입출구",37.5455058434529,126.928563152241,653.3,668.0,http://place.map.kakao.com/921581159,서울 마포구 하중동 101,candidate_unverified,홍익대학교 서울캠퍼스 출입구 | 홍익대학교 출입구
8663561,홍익대학교 서울캠퍼스,2,24581947,한강공원상수나들목 진출입로1,"교통,수송 > 입출구",37.5445462241691,126.925556358752,703.7,782.8,http://place.map.kakao.com/24581947,서울 마포구 상수동 283-2,candidate_unverified,홍익대학교 서울캠퍼스 출입구 | 홍익대학교 출입구
8663561,홍익대학교 서울캠퍼스,2,829661085,AK플라자 홍대 주차장 입구,"교통,수송 > 입출구",37.5571362489688,126.927612690937,719.5,562.1,http://place.map.kakao.com/829661085,서울 마포구 동교동 193-9,candidate_unverified,홍익대학교 서울캠퍼스 출입구 | 홍익대학교 출입구 | 홍익대학교 입구
8663561,홍익대학교 서울캠퍼스,2,640283306,래미안밤섬리베뉴II아파트 입구,"교통,수송 > 입출구",37.5464280450887,126.92640997475,500.2,563.5,http://place.map.kakao.com/640283306,서울 마포구 상수동 398,candidate_unverified,홍익대학교 서울캠퍼스 출입구 | 홍익대학교 출입구
8663561,홍익대학교 서울캠퍼스,2,476026012,마포웨스트리버태영데시앙아파트 후문,"교통,수송 > 입출구",37.5504522303439,126.931441895787,521.1,375.4,http://place.map.kakao.com/476026012,서울 마포구 창전동 449,candidate_unverified,홍익대학교 서울캠퍼스 출입구 | 홍익대학교 출입구
8663561,홍익대학교 서울캠퍼스,2,781694873,래미안웰스트림아파트 정문,"교통,수송 > 입출구",37.543708877861,126.935754773183,1201.5,1133.7,http://place.map.kakao.com/781694873,서울 마포구 현석동 225,candidate_unverified,홍익대학교 서울캠퍼스 출입구 | 홍익대학교 출입구
8663561,홍익대학교 서울캠퍼스,2,1844501862,서강대학교 후문,"교통,수송 > 입출구",37.5507696837461,126.943969110916,1623.4,1465.3,http://place.map.kakao.com/1844501862,서울 마포구 대흥동 22-60,candidate_unverified,홍익대학교 서울캠퍼스 출입구 | 홍익대학교 출입구
8663561,홍익대학교 서울캠퍼스,2,24581953,한강공원상수나들목 진출입로2,"교통,수송 > 입출구",37.5449606834877,126.925555946621,657.6,737.8,http://place.map.kakao.com/24581953,서울 마포구 상수동 356-13,candidate_unverified,홍익대학교 서울캠퍼스 출입구 | 홍익대학교 출입구
8663561,홍익대학교 서울캠퍼스,2,1672447525,서강해모로아파트 정문,"교통,수송 > 입출구",37.5458955343933,126.929326602917,645.9,640.0,http://place.map.kakao.com/1672447525,서울 마포구 창전동 443,candidate_unverified,홍익대학교 서울캠퍼스 출입구 | 홍익대학교 출입구
8663561,홍익대학교 서울캠퍼스,2,18143706,와우근린공원 출입구3,"교통,수송 > 입출구",37.550075945981,126.927474668018,191.2,151.8,http://place.map.kakao.com/18143706,서울 마포구 창전동 35-23,candidate_unverified,홍익대학교 서울캠퍼스 출입구 | 홍익대학교 출입구
8663561,홍익대학교 서울캠퍼스,2,18143704,와우공원 출입구2,"교통,수송 > 입출구",37.5522786299454,126.928531791202,305.4,138.7,http://place.map.kakao.com/18143704,서울 마포구 창전동 3-230,candidate_unverified,홍익대학교 서울캠퍼스 출입구 | 홍익대학교 출입구
8663561,홍익대학교 서울캠퍼스,2,139079028,다락원 서울사무소 주차장입구,"교통,수송 > 입출구",37.553828480453,126.917670433141,768.7,608.6,http://place.map.kakao.com/139079028,서울 마포구 서교동 376-4,candidate_unverified,홍익대학교 서울캠퍼스 출입구 | 홍익대학교 출입구
8663561,홍익대학교 서울캠퍼스,2,24581954,한강공원상수나들목 진출입로3,"교통,수송 > 입출구",37.5448088655997,126.92484547006,677.4,770.0,http://place.map.kakao.com/24581954,서울 마포구 상수동 283-2,candidate_unverified,홍익대학교 서울캠퍼스 출입구 | 홍익대학교 출입구
8663561,홍익대학교 서울캠퍼스,2,1233245720,광성중고등학교 후문,"교통,수송 > 입출구",37.54836417089,126.937115519246,1056.7,924.7,http://place.map.kakao.com/1233245720,서울 마포구 신수동 91-20,candidate_unverified,홍익대학교 서울캠퍼스 출입구 | 홍익대학교 출입구
8663561,홍익대학교 서울캠퍼스,2,18092562,와우공원 출입구1,"교통,수송 > 입출구",37.5531733784122,126.930133422546,477.8,310.8,http://place.map.kakao.com/18092562,서울 마포구 창전동 6-2,candidate_unverified,홍익대학교 서울캠퍼스 출입구 | 홍익대학교 출입구
8663561,홍익대학교 서울캠퍼스,2,1217901712,한강공원현석나들목 진출입로1,"교통,수송 > 입출구",37.5418495195048,126.933058806326,1202.0,1178.3,http://place.map.kakao.com/1217901712,서울 마포구 현석동 218,candidate_unverified,홍익대학교 서울캠퍼스 출입구 | 홍익대학교 출입구
8663561,홍익대학교 서울캠퍼스,2,1749325750,연희대우아파트 정문,"교통,수송 > 입출구",37.5621790681908,126.928997705781,1293.1,1122.6,http://place.map.kakao.com/1749325750,서울 서대문구 연희동 739,candidate_unverified,홍익대학교 서울캠퍼스 출입구 | 홍익대학교 출입구
8663561,홍익대학교 서울캠퍼스,2,1285180952,마포아이파크포레아파트 후문,"교통,수송 > 입출구",37.5500901945164,126.934918663516,830.1,682.2,http://place.map.kakao.com/1285180952,서울 마포구 신수동 462,candidate_unverified,홍익대학교 서울캠퍼스 출입구 | 홍익대학교 출입구
8663561,홍익대학교 서울캠퍼스,2,625654049,래미안웰스트림아파트 후문,"교통,수송 > 입출구",37.5425050149629,126.935520446363,1279.9,1226.0,http://place.map.kakao.com/625654049,서울 마포구 현석동 225,candidate_unverified,홍익대학교 서울캠퍼스 출입구 | 홍익대학교 출입구
8663561,홍익대학교 서울캠퍼스,2,1407355588,세브란스병원 본관주차장 입구,"교통,수송 > 입출구",37.56155810250957,126.9400471787673,1744.5,1585.9,http://place.map.kakao.com/1407355588,서울 서대문구 신촌동 134,candidate_unverified,홍익대학교 서울캠퍼스 출입구 | 홍익대학교 출입구
8663561,홍익대학교 서울캠퍼스,2,2066729900,마포그랑자이아파트 2단지 GATE2,"교통,수송 > 입출구",37.5542187596704,126.944086490514,1675.5,1505.8,http://place.map.kakao.com/2066729900,서울 마포구 대흥동 806,candidate_unverified,홍익대학교 서울캠퍼스 출입구 | 홍익대학교 출입구
8663561,홍익대학교 서울캠퍼스,2,1066238114,한강공원 토정나들목 진출입로1,"교통,수송 > 입출구",37.5403751979503,126.939192884541,1676.0,1612.4,http://place.map.kakao.com/1066238114,서울 마포구 토정동 136,candidate_unverified,홍익대학교 서울캠퍼스 출입구 | 홍익대학교 출입구
8663561,홍익대학교 서울캠퍼스,2,1993934381,대흥동태영아파트 후문,"교통,수송 > 입출구",37.5444938650684,126.941366675925,1564.2,1455.7,http://place.map.kakao.com/1993934381,서울 마포구 대흥동 660,candidate_unverified,홍익대학교 서울캠퍼스 출입구 | 홍익대학교 출입구
8663561,홍익대학교 서울캠퍼스,2,18071629,절두산순교성지 출입구1,"교통,수송 > 입출구",37.5436933424242,126.911702440188,1459.1,1508.4,http://place.map.kakao.com/18071629,서울 마포구 합정동 353-2,candidate_unverified,홍익대학교 서울캠퍼스 출입구 | 홍익대학교 출입구
8663561,홍익대학교 서울캠퍼스,2,24581943,한강공원절두산성지 진출입로1,"교통,수송 > 입출구",37.5442295543999,126.910660769232,1506.7,1540.6,http://place.map.kakao.com/24581943,서울 마포구 합정동 353-4,candidate_unverified,홍익대학교 서울캠퍼스 출입구 | 홍익대학교 출입구
8663561,홍익대학교 서울캠퍼스,2,24581944,한강공원절두산성지 진출입로2,"교통,수송 > 입출구",37.5452681314882,126.911492372232,1387.7,1412.5,http://place.map.kakao.com/24581944,서울 마포구 합정동 134-3,candidate_unverified,홍익대학교 서울캠퍼스 출입구 | 홍익대학교 출입구
8663561,홍익대학교 서울캠퍼스,2,1105941582,홍익대학교 사범대학 부속초등학교 정문,"교통,수송 > 입출구",37.5593299146715,126.913806101412,1398.7,1188.9,http://place.map.kakao.com/1105941582,서울 마포구 성산동 산 11-31,candidate_unverified,홍익대학교 서울캠퍼스 출입구 | 홍익대학교 정문 | 홍익대학교 출입구 | 홍익대학교 입구
8663561,홍익대학교 서울캠퍼스,2,17578489,세브란스병원 정문,"교통,수송 > 입출구",37.560436337978,126.938253028733,1543.8,1386.2,http://place.map.kakao.com/17578489,서울 서대문구 신촌동 134,candidate_unverified,홍익대학교 서울캠퍼스 출입구 | 홍익대학교 출입구
8663561,홍익대학교 서울캠퍼스,2,1199999385,마포한강2차푸르지오아파트 정문,"교통,수송 > 입출구",37.5509875875631,126.911382627799,1249.4,1167.6,http://place.map.kakao.com/1199999385,서울 마포구 합정동 473,candidate_unverified,홍익대학교 서울캠퍼스 출입구 | 홍익대학교 출입구
8663561,홍익대학교 서울캠퍼스,2,1483090033,코오롱하늘채아파트 지하주차장출입구,"교통,수송 > 입출구",37.5623450278504,126.922131820961,1310.6,1085.9,http://place.map.kakao.com/1483090033,서울 마포구 연남동 573,candidate_unverified,홍익대학교 서울캠퍼스 출입구 | 홍익대학교 출입구
8663561,홍익대학교 서울캠퍼스,2,24581932,한강공원양화대교북단하류측계단 진출입로,"교통,수송 > 입출구",37.5463425978444,126.907412831492,1676.9,1661.6,http://place.map.kakao.com/24581932,서울 마포구 합정동 352-5,candidate_unverified,홍익대학교 서울캠퍼스 출입구 | 홍익대학교 출입구
8663561,홍익대학교 서울캠퍼스,2,881985914,연세대학교 지하주차장 입구,"교통,수송 > 입출구",37.5602861728324,126.937116818828,1460.8,1306.2,http://place.map.kakao.com/881985914,서울 서대문구 신촌동 134,candidate_unverified,홍익대학교 서울캠퍼스 출입구 | 홍익대학교 출입구
8663561,홍익대학교 서울캠퍼스,2,18071630,절두산순교성지 출입구2,"교통,수송 > 입출구",37.5447197693106,126.910755236208,1473.3,1501.0,http://place.map.kakao.com/18071630,서울 마포구 합정동 122-6,candidate_unverified,홍익대학교 서울캠퍼스 출입구 | 홍익대학교 출입구
8663561,홍익대학교 서울캠퍼스,2,875171956,한강공원토정나들목 진출입로2,"교통,수송 > 입출구",37.5407898898723,126.939645152502,1673.5,1604.1,http://place.map.kakao.com/875171956,서울 마포구 토정동 2-11,candidate_unverified,홍익대학교 서울캠퍼스 출입구 | 홍익대학교 출입구
8663561,홍익대학교 서울캠퍼스,2,1631981919,e편한세상마포리버파크아파트 정문,"교통,수송 > 입출구",37.54182761592,126.942812593093,1824.0,1730.8,http://place.map.kakao.com/1631981919,서울 마포구 용강동 508,candidate_unverified,홍익대학교 서울캠퍼스 출입구 | 홍익대학교 출입구
8663561,홍익대학교 서울캠퍼스,2,627053570,래미안마포리버웰아파트 정문,"교통,수송 > 입출구",37.5420050046127,126.942589546149,1796.7,1703.2,http://place.map.kakao.com/627053570,서울 마포구 용강동 502,candidate_unverified,홍익대학교 서울캠퍼스 출입구 | 홍익대학교 출입구
8663561,홍익대학교 서울캠퍼스,2,186568161,마포그랑자이아파트 GATE 1-2,"교통,수송 > 입출구",37.55521664937008,126.943215444615,1630.0,1458.7,http://place.map.kakao.com/186568161,서울 마포구 대흥동 806,candidate_unverified,홍익대학교 서울캠퍼스 출입구 | 홍익대학교 출입구
8663561,홍익대학교 서울캠퍼스,2,648570638,홍대정문 복권판매점,"가정,생활 > 취미 > 복권",37.5534311229527,126.92437960458,302.5,75.7,http://place.map.kakao.com/648570638,서울 마포구 서교동 344-6,candidate_unverified,홍익대학교 정문
8663561,홍익대학교 서울캠퍼스,2,878316691,투루카 홍익대 정문 옆(서교주차장),"교통,수송 > 교통시설 > 카셰어링 > 투루카",37.5513388169054,126.924085220711,139.4,160.2,http://place.map.kakao.com/878316691,서울 마포구 서교동 360-15,candidate_unverified,홍익대학교 정문
8663561,홍익대학교 서울캠퍼스,2,1683146694,홍대입구 리더스정형외과의원,"의료,건강 > 병원 > 정형외과",37.5570316310578,126.924570628502,690.1,476.0,http://place.map.kakao.com/1683146694,서울 마포구 동교동 166-13,candidate_unverified,홍익대학교 입구
8663561,홍익대학교 서울캠퍼스,2,2132444092,베티붑 홍대입구,"가정,생활 > 패션 > 의류판매",37.5537644990848,126.922996320699,392.6,169.9,http://place.map.kakao.com/2132444092,서울 마포구 서교동 358-104,candidate_unverified,홍익대학교 입구
8663561,홍익대학교 서울캠퍼스,2,7856282,롯데시네마 홍대입구,"문화,예술 > 영화,영상 > 영화관 > 롯데시네마",37.55707507803642,126.92488294990305,692.0,482.3,http://place.map.kakao.com/7856282,서울 마포구 동교동 166-9,candidate_unverified,홍익대학교 입구
