univ_id,univ_name,kakao_id,place_name,category_name,lat,lon,place_url,query
11124718,숭실대학교,26396782,숭실대학교 정문,"교통,수송 > 입출구",37.4959716382717,126.954504228758,http://place.map.kakao.com/26396782,숭실대학교 게이트
11124718,숭실대학교,26397039,중앙대학교 서울캠퍼스 후문,"교통,수송 > 입출구",37.5049202595248,126.954064506402,http://place.map.kakao.com/26397039,숭실대학교 게이트
11124718,숭실대학교,1571500187,게이트맨플라자,"가정,생활 > 생활용품점 > 열쇠,도장",37.494508769412,126.95546517666,http://place.map.kakao.com/1571500187,숭실대학교 게이트
11124718,숭실대학교,570565310,숭실대학교 중문,"교통,수송 > 입출구",37.4954282647667,126.956725502974,http://place.map.kakao.com/570565310,숭실대학교 게이트
11124718,숭실대학교,1742329224,흑석자이아파트 게이트2,"교통,수송 > 입출구",37.5017807110784,126.960293291815,http://place.map.kakao.com/1742329224,숭실대학교 게이트
11124718,숭실대학교,1326872750,숭실대정문약국,"의료,건강 > 약국",37.49527804261485,126.95497281102563,http://place.map.kakao.com/1326872750,숭실대학교 게이트
11124718,숭실대학교,2013367291,관악드림타운아파트 북문,"교통,수송 > 입출구",37.49127610878637,126.95128665939158,http://place.map.kakao.com/2013367291,숭실대학교 게이트
11124718,숭실대학교,1869851950,중앙대학교 서울캠퍼스 정문,"교통,수송 > 입출구",37.5067563369528,126.958469749756,http://place.map.kakao.com/1869851950,숭실대학교 게이트
11124718,숭실대학교,409231082,상도래미안3차아파트 정문,"교통,수송 > 입출구",37.4980904638478,126.953625390296,http://place.map.kakao.com/409231082,숭실대학교 게이트
11124718,숭실대학교,685732447,숭실대학교 후문,"교통,수송 > 입출구",37.4975118612233,126.958025918926,http://place.map.kakao.com/685732447,숭실대학교 게이트
11124718,숭실대학교,1337038013,사당롯데캐슬골든포레아파트 정문,"교통,수송 > 입출구",37.4921353206135,126.962703562233,http://place.map.kakao.com/1337038013,숭실대학교 게이트
11124718,숭실대학교,1415206107,흑석자이아파트 GATE1,"교통,수송 > 입출구",37.5029798817072,126.962854238342,http://place.map.kakao.com/1415206107,숭실대학교 게이트
11124718,숭실대학교,1236177787,흑석자이아파트 Gate3,"교통,수송 > 입출구",37.5005761550696,126.960558561406,http://place.map.kakao.com/1236177787,숭실대학교 게이트
11124718,숭실대학교,1246676399,중앙대학교 서울캠퍼스 중문,"교통,수송 > 입출구",37.5059431853532,126.957222722899,http://place.map.kakao.com/1246676399,숭실대학교 게이트
11124718,숭실대학교,147478312,래미안상도2차아파트 정문,"교통,수송 > 입출구",37.4981312547529,126.959173403215,http://place.map.kakao.com/147478312,숭실대학교 게이트
11124718,숭실대학교,692682845,숭실대학교 남문,"교통,수송 > 입출구",37.49526235075583,126.95888773551715,http://place.map.kakao.com/692682845,숭실대학교 게이트
11124718,숭실대학교,1828420270,힐스테이트상도센트럴파크아파트 정문,"교통,수송 > 입출구",37.4968930106759,126.951346338675,http://place.map.kakao.com/1828420270,숭실대학교 게이트
11124718,숭실대학교,729730007,프린트카페 숭실대정문점,"서비스,산업 > 인쇄,복사",37.4969353374492,126.953533374914,http://place.map.kakao.com/729730007,숭실대학교 게이트
11124718,숭실대학교,1093742759,관악드림타운아파트 정문,"교통,수송 > 입출구",37.488285101783966,126.95211402690988,http://place.map.kakao.com/1093742759,숭실대학교 게이트
11124718,숭실대학교,546534778,상도현대아파트 후문주차장,"교통,수송 > 교통시설 > 주차장",37.4943271976061,126.959152857809,http://place.map.kakao.com/546534778,숭실대학교 게이트
11124718,숭실대학교,681158900,상도현대아파트 후문주차장 입구,"교통,수송 > 입출구",37.4943740519124,126.959158486348,http://place.map.kakao.com/681158900,숭실대학교 게이트
11124718,숭실대학교,2123809786,래미안상도2차아파트 후문,"교통,수송 > 입출구",37.497627186809176,126.95801680749399,http://place.map.kakao.com/2123809786,숭실대학교 게이트
11124718,숭실대학교,1684785321,숭실대학교 북문,"교통,수송 > 입출구",37.49788848499963,126.95557060175777,http://place.map.kakao.com/1684785321,숭실대학교 게이트
11124718,숭실대학교,1522511926,힐스테이트상도프레스티지아파트 후문,"교통,수송 > 입출구",37.4954450603521,126.949129725457,http://place.map.kakao.com/1522511926,숭실대학교 게이트
11124718,숭실대학교,8673423,국립서울현충원 현충문,"여행 > 관광,명소 > 문화유적 > 문",37.501266290885205,126.97331039888854,http://place.map.kakao.com/8673423,숭실대학교 게이트
11124718,숭실대학교,361539278,엉터리해장국 중대후문점,음식점 > 한식 > 해장국,37.504681235639985,126.95117616384536,http://place.map.kakao.com/361539278,숭실대학교 게이트
11124718,숭실대학교,107717438,흑석한강센트레빌2차 정문,"교통,수송 > 입출구",37.5017355385932,126.959931420595,http://place.map.kakao.com/107717438,숭실대학교 게이트
11124718,숭실대학교,740185391,관악브라운스톤 정문,"교통,수송 > 입출구",37.487989672779,126.957066747373,http://place.map.kakao.com/740185391,숭실대학교 게이트
11124718,숭실대학교,625907172,흑석한강푸르지오아파트 Gate2,"교통,수송 > 입출구",37.5025262720579,126.96447056812,http://place.map.kakao.com/625907172,숭실대학교 게이트
11124718,숭실대학교,2060587209,김빠빠누룽지통닭 중대후문본점,음식점 > 치킨,37.50465583851614,126.95076903250539,http://place.map.kakao.com/2060587209,숭실대학교 게이트
11124718,숭실대학교,1489109506,힐스테이트관악센트씨엘아파트 후문,"교통,수송 > 입출구",37.4919634265646,126.9467608518,http://place.map.kakao.com/1489109506,숭실대학교 게이트
11124718,숭실대학교,1209670072,흑석한강푸르지오아파트 게이트1,"교통,수송 > 입출구",37.5036014080491,126.965265116831,http://place.map.kakao.com/1209670072,숭실대학교 게이트
11124718,숭실대학교,1409168461,관악드림타운아파트 남문,"교통,수송 > 입출구",37.4892639291416,126.948617171841,http://place.map.kakao.com/1409168461,숭실대학교 게이트
11124718,숭실대학교,521716033,프린트카페 중앙대후문점,"서비스,산업 > 인쇄,복사",37.50478270589146,126.95254456934643,http://place.map.kakao.com/521716033,숭실대학교 게이트
11124718,숭실대학교,1392506670,서울은로초등학교 후문,"교통,수송 > 입출구",37.5038513694752,126.960734398336,http://place.map.kakao.com/1392506670,숭실대학교 게이트
11124718,숭실대학교,746098898,브라운스톤관악아파트 후문,"교통,수송 > 입출구",37.4876204271611,126.95753054958,http://place.map.kakao.com/746098898,숭실대학교 게이트
11124718,숭실대학교,1410370198,힐스테이트관악센트씨엘아파트 정문,"교통,수송 > 입출구",37.4902288355792,126.946425119797,http://place.map.kakao.com/1410370198,숭실대학교 게이트
11124718,숭실대학교,82687184,상도역롯데캐슬파크엘아파트 정문,"교통,수송 > 입출구",37.50144609146417,126.94581771958835,http://place.map.kakao.com/82687184,숭실대학교 게이트
11124718,숭실대학교,25491573,동작삼성래미안아파트정문,"교통,수송 > 입출구",37.4898246579274,126.970578072837,http://place.map.kakao.com/25491573,숭실대학교 게이트
11124718,숭실대학교,27299111,국립서울현충원 정문,"교통,수송 > 입출구",37.5036472062595,126.975422168197,http://place.map.kakao.com/27299111,숭실대학교 게이트
11124718,숭실대학교,507655019,관악우성아파트 후문,"교통,수송 > 입출구",37.4852725138157,126.95784846743,http://place.map.kakao.com/507655019,숭실대학교 게이트
11124718,숭실대학교,698568068,상도푸르지오클라베뉴아파트 후문,"교통,수송 > 입출구",37.49707345032326,126.94009876814354,http://place.map.kakao.com/698568068,숭실대학교 게이트
11124718,숭실대학교,1095474156,워크모어 중앙대정문점,"서비스,산업 > 전문대행 > 공간대여 > 공유오피스",37.5069905168603,126.958238895703,http://place.map.kakao.com/1095474156,숭실대학교 게이트
11124718,숭실대학교,1472021074,흑석한강센트레빌1차아파트 정문,"교통,수송 > 입출구",37.5057199132258,126.966096538396,http://place.map.kakao.com/1472021074,숭실대학교 게이트
11124718,숭실대학교,1837835714,서울대입구역서희스타힐스아파트 정문,"교통,수송 > 입출구",37.4886842566187,126.959350415417,http://place.map.kakao.com/1837835714,숭실대학교 게이트
11124718,숭실대학교,1944182133,상도역롯데캐슬파크엘아파트 후문,"교통,수송 > 입출구",37.500630464193,126.94534672132039,http://place.map.kakao.com/1944182133,숭실대학교 gate
11124718,숭실대학교,361535592,상도푸르지오클라베뉴아파트 정문,"교통,수송 > 입출구",37.4980940829893,126.939690840664,http://place.map.kakao.com/361535592,숭실대학교 gate
11124718,숭실대학교,27496929,관악푸르지오아파트 정문,"교통,수송 > 입출구",37.4855331121042,126.961077537492,http://place.map.kakao.com/27496929,숭실대학교 gate
11124718,숭실대학교,980708965,본동삼성래미안아파트 정문,"교통,수송 > 입출구",37.5099853249459,126.950870719804,http://place.map.kakao.com/980708965,숭실대학교 gate
11124718,숭실대학교,1746101402,본동신동아아파트 정문,"교통,수송 > 입출구",37.5104774633584,126.951329605234,http://place.map.kakao.com/1746101402,숭실대학교 gate
11124718,숭실대학교,2013328700,서울신봉초등학교 정문,"교통,수송 > 입출구",37.4855755365031,126.949390820859,http://place.map.kakao.com/2013328700,숭실대학교 gate
11124718,숭실대학교,954005505,래미안로이파크아파트 후문,"교통,수송 > 입출구",37.4886432826493,126.973747958223,http://place.map.kakao.com/954005505,숭실대학교 gate
11124718,숭실대학교,2100183839,신봉아파트 정문,"교통,수송 > 입출구",37.4851331672154,126.949451044876,http://place.map.kakao.com/2100183839,숭실대학교 gate
11124718,숭실대학교,1314605414,래미안트윈파크아파트 정문,"교통,수송 > 입출구",37.5147281331335,126.950684369759,http://place.map.kakao.com/1314605414,숭실대학교 gate
11124718,숭실대학교,522865525,문커피,음식점 > 카페,37.5018733000301,126.95021218289,http://place.map.kakao.com/522865525,숭실대 문
11124718,숭실대학교,439254761,문차이나,음식점 > 중식 > 중국요리,37.5003522187908,126.941916900228,http://place.map.kakao.com/439254761,숭실대 문
11124718,숭실대학교,16680068,DR문이비인후과의원,"의료,건강 > 병원 > 이비인후과",37.487138707934,126.947155498838,http://place.map.kakao.com/16680068,숭실대 문
11124718,숭실대학교,1672371529,초록문,"음식점 > 술집 > 호프,요리주점",37.47788324235511,126.95757563027038,http://place.map.kakao.com/1672371529,숭실대 문
11124718,숭실대학교,607852176,커피문,음식점 > 카페,37.477588884515264,126.96097990782025,http://place.map.kakao.com/607852176,숭실대 문
11124718,숭실대학교,469723644,브리즈문,"스포츠,레저 > 스포츠용품 > 캠핑용품",37.4874249861168,126.973152502177,http://place.map.kakao.com/469723644,숭실대 문
11124718,숭실대학교,2007008148,문뷰티,"가정,생활 > 미용 > 피부관리",37.4799815710907,126.944267348527,http://place.map.kakao.com/2007008148,숭실대 문
11124718,숭실대학교,1977420812,문래쉬,"가정,생활 > 미용",37.4810006773817,126.954987032764,http://place.map.kakao.com/1977420812,숭실대 문
11124718,숭실대학교,23281272,양의문교회,"문화,예술 > 종교 > 기독교 > 교회",37.4855209114841,126.968512881501,http://place.map.kakao.com/23281272,숭실대 문
11124718,숭실대학교,1968738340,문다방,음식점 > 카페,37.510370397952,126.945493443674,http://place.map.kakao.com/1968738340,숭실대 문
11124718,숭실대학교,235651250,열린문교회,"문화,예술 > 종교 > 기독교 > 교회",37.4846671117469,126.969879083162,http://place.map.kakao.com/235651250,숭실대 문
11124718,숭실대학교,1868067366,디저트문,음식점 > 카페 > 테마카페 > 디저트카페,37.4860370576077,126.928812032759,http://place.map.kakao.com/1868067366,숭실대 문
11124718,숭실대학교,937067888,문레더,"가정,생활 > 패션 > 패션잡화점",37.4788200526544,126.954510106773,http://place.map.kakao.com/937067888,숭실대 문
11124718,숭실대학교,1736900966,문주빌,"부동산 > 주거시설 > 빌라,주택",37.48560668306258,126.97285239220035,http://place.map.kakao.com/1736900966,숭실대 문
11124718,숭실대학교,95739174,문스테이 노량진2호점,"부동산 > 주거시설 > 고시원,고시텔",37.5129424675522,126.944852506638,http://place.map.kakao.com/95739174,숭실대 문
11124718,숭실대학교,464727128,문스파,"가정,생활 > 미용 > 피부관리",37.48219671488875,126.98487898339933,http://place.map.kakao.com/464727128,숭실대 문
11124718,숭실대학교,698680193,블루문,"가정,생활 > 미용 > 피부관리",37.48215373105261,126.94203613865055,http://place.map.kakao.com/698680193,숭실대 문
11124718,숭실대학교,928657110,미소단지내정문공인중개사사무소,부동산 > 부동산서비스 > 부동산중개업,37.488222362404066,126.97308324297907,http://place.map.kakao.com/928657110,숭실대 문
11124718,숭실대학교,23294748,열린문교회,"문화,예술 > 종교 > 기독교 > 교회",37.48494107383926,126.97835899186248,http://place.map.kakao.com/23294748,숭실대 문
11124718,숭실대학교,8986478,문치과의원,"의료,건강 > 병원 > 치과",37.48586278044055,126.98383462407115,http://place.map.kakao.com/8986478,숭실대 문
11124718,숭실대학교,209721783,문엔트리매직컴퍼니,"가정,생활 > 취미 > 마술",37.48259743731262,126.98320217262975,http://place.map.kakao.com/209721783,숭실대 문
11124718,숭실대학교,352211551,래빗문 스튜디오,"교육,학문 > 학원 > 미술학원",37.496312770114805,126.98462056774716,http://place.map.kakao.com/352211551,숭실대 문
11124718,숭실대학교,445250463,광덕방화문 건설사업부,"서비스,산업 > 제조업",37.4849619262579,126.936303736987,http://place.map.kakao.com/445250463,숭실대 문
11124718,숭실대학교,10452832,블루문소프트,"서비스,산업 > 인터넷,IT > 소프트웨어",37.48189783025816,126.98044473898358,http://place.map.kakao.com/10452832,숭실대 문
11124718,숭실대학교,498773106,블루문,"가정,생활 > 유흥시설 > 유흥주점",37.4870140146088,126.92925207881,http://place.map.kakao.com/498773106,숭실대 문
11124718,숭실대학교,1822138926,안국문,"여행 > 관광,명소 > 문화유적 > 사당,제단",37.4711688659718,126.960015570163,http://place.map.kakao.com/1822138926,숭실대 문
11124718,숭실대학교,1818529614,우드앤문 느티나무 통원목도마공장,"문화,예술 > 미술,공예 > 목공예",37.4947983977442,126.933349604185,http://place.map.kakao.com/1818529614,숭실대 문
7813437,연세대학교 신촌캠퍼스,26397093,이화여자대학교 후문,"교통,수송 > 입출구",37.5635317504439,126.944692996803,http://place.map.kakao.com/26397093,연세대학교 게이트
7813437,연세대학교 신촌캠퍼스,18097390,연세대학교 정문,"교통,수송 > 입출구",37.5604968585685,126.936840480172,http://place.map.kakao.com/18097390,연세대학교 게이트
7813437,연세대학교 신촌캠퍼스,18922244,연세대학교 서문,"교통,수송 > 입출구",37.5637749061639,126.933953735176,http://place.map.kakao.com/18922244,연세대학교 게이트
7813437,연세대학교 신촌캠퍼스,18922240,연세대학교 남문,"교통,수송 > 입출구",37.5614750339922,126.933014087396,http://place.map.kakao.com/18922240,연세대학교 게이트
7813437,연세대학교 신촌캠퍼스,7999562,연세대학교 동문,"교통,수송 > 입출구",37.5660622423696,126.945759633944,http://place.map.kakao.com/7999562,연세대학교 게이트
7813437,연세대학교 신촌캠퍼스,592662879,이화여자대학교 정문,"교통,수송 > 입출구",37.5594236592153,126.94566937595,http://place.map.kakao.com/592662879,연세대학교 게이트
7813437,연세대학교 신촌캠퍼스,18922248,연세대학교 북문,"교통,수송 > 입출구",37.5726756675515,126.93864138705,http://place.map.kakao.com/18922248,연세대학교 게이트
7813437,연세대학교 신촌캠퍼스,12803265,연세대학교 후문,"교육,학문 > 학교부속시설",37.57220871795817,126.93819237130116,http://place.map.kakao.com/12803265,연세대학교 게이트
7813437,연세대학교 신촌캠퍼스,1049528224,신촌스타게이트,부동산 > 주거시설 > 도시형생활주택,37.5580788318243,126.94262361882,http://place.map.kakao.com/1049528224,연세대학교 게이트
7813437,연세대학교 신촌캠퍼스,10750162,이화여자대학교 정문경비실,"교육,학문 > 학교부속시설",37.563594853009214,126.94476312526892,http://place.map.kakao.com/10750162,연세대학교 게이트
7813437,연세대학교 신촌캠퍼스,2029305402,게임게이트,"서비스,산업 > 인터넷,IT > 소프트웨어",37.56662036371238,126.93099922151153,http://place.map.kakao.com/2029305402,연세대학교 게이트
7813437,연세대학교 신촌캠퍼스,752108819,꿈공스터디카페 연대동문점,"서비스,산업 > 전문대행 > 공간대여 > 스터디카페,스터디룸",37.56460771446932,126.94506685099783,http://place.map.kakao.com/752108819,연세대학교 게이트
7813437,연세대학교 신촌캠퍼스,1850698216,이화여자대학교 후문 ECC주차장,"교통,수송 > 교통시설 > 주차장",37.560202690449486,126.94495464108626,http://place.map.kakao.com/1850698216,연세대학교 게이트
7813437,연세대학교 신촌캠퍼스,13691522,화가와요리사 이대후문점,"음식점 > 일식 > 돈까스,우동",37.5644473229863,126.945036408293,http://place.map.kakao.com/13691522,연세대학교 게이트
7813437,연세대학교 신촌캠퍼스,1341536850,이대공대 철문,"교통,수송 > 입출구",37.5668145259871,126.947649370519,http://place.map.kakao.com/1341536850,연세대학교 게이트
7813437,연세대학교 신촌캠퍼스,7834307,독립문,"여행 > 관광,명소 > 문화유적 > 문",37.5724504220421,126.959542648447,http://place.map.kakao.com/7834307,연세대학교 게이트
7813437,연세대학교 신촌캠퍼스,17578489,세브란스병원 정문,"교통,수송 > 입출구",37.560436337978,126.938253028733,http://place.map.kakao.com/17578489,연세대학교 게이트
7813437,연세대학교 신촌캠퍼스,10043389,서강대학교 정문,"교통,수송 > 입출구",37.5516352233547,126.937925314256,http://place.map.kakao.com/10043389,연세대학교 게이트
7813437,연세대학교 신촌캠퍼스,1749325750,연희대우아파트 정문,"교통,수송 > 입출구",37.5621790681908,126.928997705781,http://place.map.kakao.com/1749325750,연세대학교 게이트
7813437,연세대학교 신촌캠퍼스,2109875238,힐스테이트신촌아파트 정문,"교통,수송 > 입출구",37.5623942632169,126.951944395407,http://place.map.kakao.com/2109875238,연세대학교 게이트
7813437,연세대학교 신촌캠퍼스,1849920780,프로티너 연세대정문앞신촌세브란스점,음식점 > 패스트푸드,37.56035859437204,126.93776188834947,http://place.map.kakao.com/1849920780,연세대학교 게이트
7813437,연세대학교 신촌캠퍼스,1588958804,이대역STARGATE오피스텔(스타게이트2차),부동산 > 주거시설 > 오피스텔,37.5571212123999,126.944808647491,http://place.map.kakao.com/1588958804,연세대학교 게이트
7813437,연세대학교 신촌캠퍼스,1158430149,전담게이트 신촌역점,"서비스,산업 > 식품 > 담배 > 전자담배",37.5575053325814,126.936437833527,http://place.map.kakao.com/1158430149,연세대학교 게이트
7813437,연세대학교 신촌캠퍼스,1018016160,서울연희초등학교 후문,"교통,수송 > 입출구",37.5691686204553,126.934588519515,http://place.map.kakao.com/1018016160,연세대학교 게이트
7813437,연세대학교 신촌캠퍼스,1583567237,스타게이트부동산공인중개사사무소,부동산 > 부동산서비스 > 부동산중개업,37.55806079593418,126.94259081123286,http://place.map.kakao.com/1583567237,연세대학교 게이트
7813437,연세대학교 신촌캠퍼스,1636753249,프린트카페 이화여대정문점,"서비스,산업 > 인쇄,복사",37.558309941719,126.945484573217,http://place.map.kakao.com/1636753249,연세대학교 게이트
7813437,연세대학교 신촌캠퍼스,1844501862,서강대학교 후문,"교통,수송 > 입출구",37.5507696837461,126.943969110916,http://place.map.kakao.com/1844501862,연세대학교 게이트
7813437,연세대학교 신촌캠퍼스,345254034,이화여자대학교 북아현문,"교통,수송 > 입출구",37.56809505093891,126.95021794364267,http://place.map.kakao.com/345254034,연세대학교 게이트
7813437,연세대학교 신촌캠퍼스,1007769753,카페게이트 동교점,음식점 > 카페 > 커피전문점 > 카페게이트,37.5583244915411,126.92306519384,http://place.map.kakao.com/1007769753,연세대학교 게이트
7813437,연세대학교 신촌캠퍼스,313573795,e편한세상신촌아파트1단지 후문,"교통,수송 > 입출구",37.5588278232198,126.949091193407,http://place.map.kakao.com/313573795,연세대학교 게이트
7813437,연세대학교 신촌캠퍼스,308696744,카페게이트 신촌캠퍼스,음식점 > 카페 > 커피전문점 > 카페게이트,37.5537392696422,126.938337774115,http://place.map.kakao.com/308696744,연세대학교 게이트
7813437,연세대학교 신촌캠퍼스,1393518829,DMC파크뷰자이3단지아파트 게이트1,"교통,수송 > 입출구",37.5729083071357,126.920788462933,http://place.map.kakao.com/1393518829,연세대학교 게이트
7813437,연세대학교 신촌캠퍼스,977695565,서울문화재단 연희문학창작촌 후문,"교통,수송 > 입출구",37.5724698669074,126.931413793741,http://place.map.kakao.com/977695565,연세대학교 게이트
7813437,연세대학교 신촌캠퍼스,257711854,DMC파크뷰자이1단지아파트 게이트2,"교통,수송 > 입출구",37.5726505338801,126.920656292701,http://place.map.kakao.com/257711854,연세대학교 게이트
7813437,연세대학교 신촌캠퍼스,10756589,이화여자대학교 후문수위실,"교육,학문 > 학교부속시설",37.56255278446349,126.94758217856312,http://place.map.kakao.com/10756589,연세대학교 게이트
7813437,연세대학교 신촌캠퍼스,1557454094,신촌푸르지오아파트 정문,"교통,수송 > 입출구",37.5605052392461,126.9528521884927,http://place.map.kakao.com/1557454094,연세대학교 게이트
7813437,연세대학교 신촌캠퍼스,666043195,마포더클래시아파트1단지 게이트1,"교통,수송 > 입출구",37.5553139489017,126.949126404109,http://place.map.kakao.com/666043195,연세대학교 게이트
7813437,연세대학교 신촌캠퍼스,2066729900,마포그랑자이아파트 2단지 GATE2,"교통,수송 > 입출구",37.5542187596704,126.944086490514,http://place.map.kakao.com/2066729900,연세대학교 게이트
7813437,연세대학교 신촌캠퍼스,27377630,중앙여자고등학교 정문,"교통,수송 > 입출구",37.5622891231938,126.954930248887,http://place.map.kakao.com/27377630,연세대학교 게이트
7813437,연세대학교 신촌캠퍼스,1315137150,마포프레스티지자이아파트 게이트1,"교통,수송 > 입출구",37.55316400676476,126.94671734682578,http://place.map.kakao.com/1315137150,연세대학교 게이트
7813437,연세대학교 신촌캠퍼스,2005378018,전담 GATE연남점,"서비스,산업 > 식품 > 담배",37.5592818711369,126.925279125105,http://place.map.kakao.com/2005378018,연세대학교 게이트
7813437,연세대학교 신촌캠퍼스,1238780392,마포프레스티지자이아파트 정문,"교통,수송 > 입출구",37.5542211934313,126.947422784266,http://place.map.kakao.com/1238780392,연세대학교 게이트
7813437,연세대학교 신촌캠퍼스,775956582,서대문푸르지오센트럴파크아파트 게이트2,"교통,수송 > 입출구",37.5799415824008,126.950821393397,http://place.map.kakao.com/775956582,연세대학교 게이트
7813437,연세대학교 신촌캠퍼스,1122624057,마포더클래시 2단지아파트 정문,"교통,수송 > 입출구",37.5564114656951,126.949363325085,http://place.map.kakao.com/1122624057,연세대학교 게이트
7813437,연세대학교 신촌캠퍼스,1604051531,DMC파크뷰자이1단지아파트 게이트3,"교통,수송 > 입출구",37.5705969772924,126.917747063687,http://place.map.kakao.com/1604051531,연세대학교 게이트
7813437,연세대학교 신촌캠퍼스,792576920,신촌푸르지오1단지아파트 후문,"교통,수송 > 입출구",37.5606731796172,126.951504093947,http://place.map.kakao.com/792576920,연세대학교 gate
7813437,연세대학교 신촌캠퍼스,701959593,DMC센트럴아이파크아파트 정문,"교통,수송 > 입출구",37.5793734203346,126.921506155368,http://place.map.kakao.com/701959593,연세대학교 gate
7813437,연세대학교 신촌캠퍼스,1604106416,명지대학교 후문,"교통,수송 > 입출구",37.5811955492862,126.924764756554,http://place.map.kakao.com/1604106416,연세대학교 gate
7813437,연세대학교 신촌캠퍼스,1255394510,힐스테이트신촌아파트 후문,"교통,수송 > 입출구",37.5612121264876,126.951872718162,http://place.map.kakao.com/1255394510,연세대학교 gate
7813437,연세대학교 신촌캠퍼스,186568161,마포그랑자이아파트 GATE 1-2,"교통,수송 > 입출구",37.55521664937008,126.943215444615,http://place.map.kakao.com/186568161,연세대학교 gate
7813437,연세대학교 신촌캠퍼스,216461891,남가좌동현대아파트 후문,"교통,수송 > 입출구",37.5745567870401,126.920282966897,http://place.map.kakao.com/216461891,연세대학교 gate
7813437,연세대학교 신촌캠퍼스,1502302031,DMC에코자이 정문,"교통,수송 > 입출구",37.5768089722529,126.919839063959,http://place.map.kakao.com/1502302031,연세대학교 gate
7813437,연세대학교 신촌캠퍼스,152234594,마포그랑자이아파트 1-1GATE(입주민 전용),"교통,수송 > 입출구",37.55453372776068,126.94519534043667,http://place.map.kakao.com/152234594,연세대학교 gate
7813437,연세대학교 신촌캠퍼스,1481584013,서울가재울초등학교 후문,"교통,수송 > 입출구",37.5739380478405,126.918008280193,http://place.map.kakao.com/1481584013,연세대학교 gate
7813437,연세대학교 신촌캠퍼스,1138070347,세란병원 정문,"교통,수송 > 입출구",37.5750364816136,126.957559065069,http://place.map.kakao.com/1138070347,연세대학교 gate
7813437,연세대학교 신촌캠퍼스,363935908,마포더클래시아파트 게이트2,"교통,수송 > 입출구",37.5561716457537,126.951134667398,http://place.map.kakao.com/363935908,연세대학교 gate
7813437,연세대학교 신촌캠퍼스,1176118518,홍제센트럴아이파크아파트 후문,"교통,수송 > 입출구",37.58483107389,126.944287773374,http://place.map.kakao.com/1176118518,연세대학교 gate
7813437,연세대학교 신촌캠퍼스,1124796872,서울한서초등학교 정문,"교통,수송 > 입출구",37.5536541407917,126.948732566886,http://place.map.kakao.com/1124796872,연세대학교 gate
7813437,연세대학교 신촌캠퍼스,395048112,천연뜨란채아파트 후문입구,"교통,수송 > 입출구",37.5687110990256,126.958984363633,http://place.map.kakao.com/395048112,연세대학교 gate
7813437,연세대학교 신촌캠퍼스,1954181403,경희궁롯데캐슬아파트 후문,"교통,수송 > 입출구",37.5745656309467,126.958599661214,http://place.map.kakao.com/1954181403,연세대학교 gate
7813437,연세대학교 신촌캠퍼스,176930828,발리문,음식점 > 아시아음식 > 동남아음식,37.5620249290629,126.924529376015,http://place.map.kakao.com/176930828,연세대 문
7813437,연세대학교 신촌캠퍼스,1096201456,치즈문,음식점 > 술집 > 와인바,37.5594119871546,126.943831351918,http://place.map.kakao.com/1096201456,연세대 문
7813437,연세대학교 신촌캠퍼스,695707807,문김밥,음식점 > 분식,37.566036693739,126.925362930041,http://place.map.kakao.com/695707807,연세대 문
7813437,연세대학교 신촌캠퍼스,641595686,카페문,음식점 > 카페,37.55784268130882,126.94626357117698,http://place.map.kakao.com/641595686,연세대 문
7813437,연세대학교 신촌캠퍼스,198585325,헌터스문 신촌본점,"음식점 > 술집 > 호프,요리주점",37.558872902435894,126.93959661619526,http://place.map.kakao.com/198585325,연세대 문
7813437,연세대학교 신촌캠퍼스,765209659,비아문,"서비스,산업 > 디자인",37.5689668744715,126.928505661648,http://place.map.kakao.com/765209659,연세대 문
7813437,연세대학교 신촌캠퍼스,1227447269,리틀문카페,음식점 > 카페,37.55708343581528,126.93276903199656,http://place.map.kakao.com/1227447269,연세대 문
7813437,연세대학교 신촌캠퍼스,201026676,블링문,"가정,생활 > 패션 > 패션잡화점 > 액세서리",37.5589070494833,126.943039480914,http://place.map.kakao.com/201026676,연세대 문
7813437,연세대학교 신촌캠퍼스,1821077267,살롱드문 동교점,"가정,생활 > 미용 > 미용실",37.5605832949871,126.924467448762,http://place.map.kakao.com/1821077267,연세대 문
7813437,연세대학교 신촌캠퍼스,1415250645,블루문 신촌,음식점 > 술집,37.5549751519309,126.932856937252,http://place.map.kakao.com/1415250645,연세대 문
7813437,연세대학교 신촌캠퍼스,9243057,연세문이비인후과의원,"의료,건강 > 병원 > 이비인후과",37.5578207455473,126.956440457177,http://place.map.kakao.com/9243057,연세대 문
7813437,연세대학교 신촌캠퍼스,375509230,아뜰리에문카페 홍대본점,음식점 > 카페,37.560583296429,126.924469712383,http://place.map.kakao.com/375509230,연세대 문
7813437,연세대학교 신촌캠퍼스,1802522702,디저트문,음식점 > 카페 > 테마카페 > 디저트카페,37.553073686326336,126.93222602425678,http://place.map.kakao.com/1802522702,연세대 문
7813437,연세대학교 신촌캠퍼스,2054987549,문하우스,"부동산 > 주거시설 > 빌라,주택",37.56131289107937,126.92138362898066,http://place.map.kakao.com/2054987549,연세대 문
7813437,연세대학교 신촌캠퍼스,178765921,더스테이문,"부동산 > 주거시설 > 고시원,고시텔",37.5551302827071,126.93313746676,http://place.map.kakao.com/178765921,연세대 문
7813437,연세대학교 신촌캠퍼스,1113256633,문싸롱,"가정,생활 > 미용 > 미용실",37.559669501366,126.924182026529,http://place.map.kakao.com/1113256633,연세대 문
7813437,연세대학교 신촌캠퍼스,1546835344,아현파란문약국,"의료,건강 > 약국",37.55810986127829,126.95615847720609,http://place.map.kakao.com/1546835344,연세대 문
7813437,연세대학교 신촌캠퍼스,921842914,더문공인중개사사무소,부동산 > 부동산서비스 > 부동산중개업,37.5551125207946,126.933594700874,http://place.map.kakao.com/921842914,연세대 문
7813437,연세대학교 신촌캠퍼스,1470963688,노고산동출장열쇠현관문도어락설치열쇠 수리도어락고장마포구열쇠,"가정,생활 > 생활용품점 > 열쇠",37.553945964192,126.934014468931,http://place.map.kakao.com/1470963688,연세대 문
7813437,연세대학교 신촌캠퍼스,130548984,HMoon 주얼리공방,"문화,예술 > 미술,공예",37.5572410853673,126.92813772638831,http://place.map.kakao.com/130548984,연세대 문
11038502,경희대학교 서울캠퍼스,26397117,경희대학교 정문,"교통,수송 > 입출구",37.5938315697917,127.052697920723,http://place.map.kakao.com/26397117,경희대학교 게이트
11038502,경희대학교 서울캠퍼스,186594796,경희대학교 후문,"교통,수송 > 입출구",37.5981142355862,127.05412773906,http://place.map.kakao.com/186594796,경희대학교 게이트
11038502,경희대학교 서울캠퍼스,536324711,래미안라그란데아파트 게이트2,"교통,수송 > 입출구",37.599768851645,127.060719531634,http://place.map.kakao.com/536324711,경희대학교 게이트
11038502,경희대학교 서울캠퍼스,355663192,래미안라그란데아파트 게이트5,"교통,수송 > 입출구",37.5985489373759,127.058887472186,http://place.map.kakao.com/355663192,경희대학교 게이트
11038502,경희대학교 서울캠퍼스,124606080,래미안라그란데아파트 게이트3,"교통,수송 > 입출구",37.6004229057925,127.059072400295,http://place.map.kakao.com/124606080,경희대학교 게이트
11038502,경희대학교 서울캠퍼스,1045137873,래미안라그란데아파트 게이트1,"교통,수송 > 입출구",37.60310501925855,127.06110727778606,http://place.map.kakao.com/1045137873,경희대학교 게이트
11038502,경희대학교 서울캠퍼스,1443531489,래미안라그란데아파트 게이트4,"교통,수송 > 입출구",37.5995193587653,127.060560792787,http://place.map.kakao.com/1443531489,경희대학교 게이트
11038502,경희대학교 서울캠퍼스,1435351662,서울시립대학교 정문,"교통,수송 > 입출구",37.5834771622868,127.055113438416,http://place.map.kakao.com/1435351662,경희대학교 게이트
11038502,경희대학교 서울캠퍼스,27384930,한국외대정문,"교통,수송 > 입출구",37.5965021772992,127.060096346596,http://place.map.kakao.com/27384930,경희대학교 게이트
11038502,경희대학교 서울캠퍼스,193241218,경희대학교 남문,"교통,수송 > 입출구",37.5945543473825,127.056208639286,http://place.map.kakao.com/193241218,경희대학교 게이트
11038502,경희대학교 서울캠퍼스,1220652183,휘경자이디센시아아파트 정문,"교통,수송 > 입출구",37.5939020513347,127.063285120747,http://place.map.kakao.com/1220652183,경희대학교 게이트
11038502,경희대학교 서울캠퍼스,346634332,전담 GATE 경희대점,"서비스,산업 > 식품 > 담배",37.5917224524691,127.052463183324,http://place.map.kakao.com/346634332,경희대학교 게이트
11038502,경희대학교 서울캠퍼스,1390155690,래미안이문2차아파트 정문,"교통,수송 > 입출구",37.5937285243427,127.05910673921,http://place.map.kakao.com/1390155690,경희대학교 게이트
11038502,경희대학교 서울캠퍼스,27853236,신현대아파트 정문,"교통,수송 > 입출구",37.5891635290163,127.052700290591,http://place.map.kakao.com/27853236,경희대학교 게이트
11038502,경희대학교 서울캠퍼스,962940394,프린트카페 외대후문점,"서비스,산업 > 인쇄,복사",37.59886747059,127.057910469983,http://place.map.kakao.com/962940394,경희대학교 게이트
11038502,경희대학교 서울캠퍼스,137156823,이문아이파크자이아파트 2단지 정문,"교통,수송 > 입출구",37.5985669155017,127.064153082247,http://place.map.kakao.com/137156823,경희대학교 게이트
11038502,경희대학교 서울캠퍼스,2143884454,휘경자이디센시아아파트 후문,"교통,수송 > 입출구",37.592307107959,127.063634780463,http://place.map.kakao.com/2143884454,경희대학교 게이트
11038502,경희대학교 서울캠퍼스,1891018401,이문아이파크자이아파트 1단지 후문,"교통,수송 > 입출구",37.5962451042884,127.062392547736,http://place.map.kakao.com/1891018401,경희대학교 게이트
11038502,경희대학교 서울캠퍼스,2009989067,이문아이파크자이아파트 1단지 정문,"교통,수송 > 입출구",37.5981679688244,127.063798304729,http://place.map.kakao.com/2009989067,경희대학교 게이트
11038502,경희대학교 서울캠퍼스,1900627195,한국과학기술연구원 북문,"교통,수송 > 입출구",37.6042175699009,127.045534434212,http://place.map.kakao.com/1900627195,경희대학교 게이트
11038502,경희대학교 서울캠퍼스,790938502,이문쌍용아파트 정문,"교통,수송 > 입출구",37.5991966457134,127.069053499257,http://place.map.kakao.com/790938502,경희대학교 게이트
11038502,경희대학교 서울캠퍼스,1256166357,카페게이트 고려대역점,음식점 > 카페 > 커피전문점 > 카페게이트,37.59106616747106,127.03673092661474,http://place.map.kakao.com/1256166357,경희대학교 게이트
11038502,경희대학교 서울캠퍼스,225636290,프린트카페 경희대정문점,"서비스,산업 > 인쇄,복사",37.59161587342018,127.05501753427863,http://place.map.kakao.com/225636290,경희대학교 게이트
11038502,경희대학교 서울캠퍼스,26896071,서울시립대학교 후문,"교통,수송 > 입출구",37.58521140994416,127.06094546401724,http://place.map.kakao.com/26896071,경희대학교 게이트
11038502,경희대학교 서울캠퍼스,403198476,삼육초등학교 후문,"교통,수송 > 입출구",37.5894062601637,127.047601951384,http://place.map.kakao.com/403198476,경희대학교 게이트
11038502,경희대학교 서울캠퍼스,247242075,제이엔터 경희대정문점,"서비스,산업 > 전문대행 > 공간대여",37.5913010000209,127.053991460294,http://place.map.kakao.com/247242075,경희대학교 게이트
11038502,경희대학교 서울캠퍼스,638768484,시조사 정문,"교통,수송 > 입출구",37.5887398774826,127.053113258525,http://place.map.kakao.com/638768484,경희대학교 게이트
11038502,경희대학교 서울캠퍼스,373955450,판도라 경희정문약국점,"가정,생활 > 드럭스토어",37.5935287576798,127.052874347539,http://place.map.kakao.com/373955450,경희대학교 게이트
11038502,경희대학교 서울캠퍼스,657726338,래미안라센트아파트 정문,"교통,수송 > 입출구",37.5992265186196,127.039307742306,http://place.map.kakao.com/657726338,경희대학교 게이트
11038502,경희대학교 서울캠퍼스,20576679,삼육서울병원 정문주차장,"교통,수송 > 교통시설 > 주차장",37.58945859451551,127.06284431048113,http://place.map.kakao.com/20576679,경희대학교 게이트
11038502,경희대학교 서울캠퍼스,820424802,빨간대문,"음식점 > 일식 > 돈까스,우동",37.58569260653839,127.0608167865352,http://place.map.kakao.com/820424802,경희대학교 게이트
11038502,경희대학교 서울캠퍼스,1972191955,월곡래미안루나밸리아파트 정문,"교통,수송 > 입출구",37.6000230801872,127.041683954154,http://place.map.kakao.com/1972191955,경희대학교 게이트
11038502,경희대학교 서울캠퍼스,1161895632,국립산림과학원 정문,"교통,수송 > 입출구",37.591440803427,127.042617825784,http://place.map.kakao.com/1161895632,경희대학교 게이트
11038502,경희대학교 서울캠퍼스,17008659,게이트맨 동대문점,"가정,생활 > 생활용품점 > 열쇠,도장",37.5820530387715,127.054365178764,http://place.map.kakao.com/17008659,경희대학교 게이트
11038502,경희대학교 서울캠퍼스,1189813599,융기방화문,"서비스,산업 > 건설,건축 > 건설자재",37.6076802970666,127.049457344625,http://place.map.kakao.com/1189813599,경희대학교 게이트
11038502,경희대학교 서울캠퍼스,1563628359,래미안아트리치아파트 정문,"교통,수송 > 입출구",37.6066667304378,127.06263907854,http://place.map.kakao.com/1563628359,경희대학교 게이트
11038502,경희대학교 서울캠퍼스,1243961672,한국과학기술연구원 쪽문,"교통,수송 > 입출구",37.60134874681516,127.04332671505159,http://place.map.kakao.com/1243961672,경희대학교 게이트
11038502,경희대학교 서울캠퍼스,1921733296,KAIST 서울캠퍼스 중문,"교통,수송 > 입출구",37.5913978228737,127.041871630289,http://place.map.kakao.com/1921733296,경희대학교 게이트
11038502,경희대학교 서울캠퍼스,1814495982,휘경롯데낙천대아파트 정문,"교통,수송 > 입출구",37.5923234565011,127.065047894289,http://place.map.kakao.com/1814495982,경희대학교 게이트
11038502,경희대학교 서울캠퍼스,1281331983,이문아이파크자이아파트 2단지 후문,"교통,수송 > 입출구",37.600766962919,127.064468651513,http://place.map.kakao.com/1281331983,경희대학교 게이트
11038502,경희대학교 서울캠퍼스,134576252,이문삼익아파트 북문,"교통,수송 > 입출구",37.5964929343978,127.067210924191,http://place.map.kakao.com/134576252,경희대학교 게이트
11038502,경희대학교 서울캠퍼스,1791510231,래미안석관아파트 정문,"교통,수송 > 입출구",37.6080252106611,127.05394805303,http://place.map.kakao.com/1791510231,경희대학교 게이트
11038502,경희대학교 서울캠퍼스,27337727,고려대학교 서울캠퍼스 정문,"교통,수송 > 입출구",37.58815247199953,127.03424727911144,http://place.map.kakao.com/27337727,경희대학교 게이트
11038502,경희대학교 서울캠퍼스,1017302941,브라운스톤휘경아파트 후문,"교통,수송 > 입출구",37.590463532433,127.065547868224,http://place.map.kakao.com/1017302941,경희대학교 게이트
11038502,경희대학교 서울캠퍼스,135172949,한신아파트 후문,"교통,수송 > 입출구",37.5904559570135,127.040227056158,http://place.map.kakao.com/135172949,경희대학교 게이트
11038502,경희대학교 서울캠퍼스,1900157257,이문e편한세상아파트 후문,"교통,수송 > 입출구",37.60531716493,127.064098857056,http://place.map.kakao.com/1900157257,경희대학교 gate
11038502,경희대학교 서울캠퍼스,825389687,래미안아트리치아파트 후문,"교통,수송 > 입출구",37.60622489784135,127.0649490126888,http://place.map.kakao.com/825389687,경희대학교 gate
11038502,경희대학교 서울캠퍼스,1054228410,월곡두산위브아파트 후문,"교통,수송 > 입출구",37.6061629106599,127.040294403354,http://place.map.kakao.com/1054228410,경희대학교 gate
11038502,경희대학교 서울캠퍼스,1024933968,래미안라센트아파트 후문,"교통,수송 > 입출구",37.6003277635331,127.038598298722,http://place.map.kakao.com/1024933968,경희대학교 gate
11038502,경희대학교 서울캠퍼스,1059156737,한신아파트 정문,"교통,수송 > 입출구",37.5874760750086,127.038422960947,http://place.map.kakao.com/1059156737,경희대학교 gate
11038502,경희대학교 서울캠퍼스,1744946338,래미안세레니티아파트 정문,"교통,수송 > 입출구",37.5995629419303,127.032190776368,http://place.map.kakao.com/1744946338,경희대학교 gate
11038502,경희대학교 서울캠퍼스,1581971777,주공아파트 정문,"교통,수송 > 입출구",37.5829610106078,127.068639983595,http://place.map.kakao.com/1581971777,경희대학교 gate
11038502,경희대학교 서울캠퍼스,1666503182,종암중학교 정문,"교통,수송 > 입출구",37.592503657226,127.032253408544,http://place.map.kakao.com/1666503182,경희대학교 gate
11038502,경희대학교 서울캠퍼스,484442211,동신아파트 정문,"교통,수송 > 입출구",37.6042748946843,127.036091910729,http://place.map.kakao.com/484442211,경희대학교 gate
11038502,경희대학교 서울캠퍼스,1130521703,서울월곡초등학교 후문,"교통,수송 > 입출구",37.6106666873956,127.045963079457,http://place.map.kakao.com/1130521703,경희대학교 gate
11038502,경희대학교 서울캠퍼스,2042277440,빅문,음식점 > 양식,37.5926299873215,127.055875429116,http://place.map.kakao.com/2042277440,경희대 문
11038502,경희대학교 서울캠퍼스,607717652,외대이문바른정형외과의원,"의료,건강 > 병원 > 정형외과",37.5957329594685,127.061402452106,http://place.map.kakao.com/607717652,경희대 문
11038502,경희대학교 서울캠퍼스,92276873,문밸리,음식점 > 양식,37.6040606262464,127.043602345473,http://place.map.kakao.com/92276873,경희대 문
11038502,경희대학교 서울캠퍼스,621132735,오버더문꽃집,"가정,생활 > 꽃집,꽃배달",37.6083018985296,127.05940140317564,http://place.map.kakao.com/621132735,경희대 문
11038502,경희대학교 서울캠퍼스,1269569358,희망부동산이문아이파크자이래미안라그란데공인중개사사무소,부동산 > 부동산서비스 > 부동산중개업,37.59652262742182,127.06235880880205,http://place.map.kakao.com/1269569358,경희대 문
11038502,경희대학교 서울캠퍼스,1757451249,문디자인,"서비스,산업 > 건설,건축 > 인테리어",37.6000526524487,127.036743270922,http://place.map.kakao.com/1757451249,경희대 문
11038502,경희대학교 서울캠퍼스,26969775,문미용실,"가정,생활 > 미용 > 미용실",37.603778789229,127.066425885491,http://place.map.kakao.com/26969775,경희대 문
11038502,경희대학교 서울캠퍼스,1297031572,지혜문,"문화,예술 > 도서 > 출판사",37.5867809744012,127.036964320068,http://place.map.kakao.com/1297031572,경희대 문
11038502,경희대학교 서울캠퍼스,1156705583,샵자동문,"서비스,산업 > 제조업 > 전기,전자 > 자동화장치",37.5909529012061,127.073002036065,http://place.map.kakao.com/1156705583,경희대 문
11038502,경희대학교 서울캠퍼스,24530016,대한불교진각종 진각문화전승원,"문화,예술 > 종교 > 불교 > 절,사찰",37.6047850318743,127.041063746891,http://place.map.kakao.com/24530016,경희대 문
11038502,경희대학교 서울캠퍼스,27557132,KT 오천만인문 전농점,"서비스,산업 > 정보통신 > KT > KT대리점",37.57850079405108,127.0573829914686,http://place.map.kakao.com/27557132,경희대 문
8505917,장로회신학대학교,1606022749,장로회신학대학교 남문,"교통,수송 > 입출구",37.5492641798734,127.104866809209,http://place.map.kakao.com/1606022749,장로회신학대학교 게이트
8505917,장로회신학대학교,18093904,장로회신학대학교 북문,"교통,수송 > 입출구",37.5516819391163,127.103412597755,http://place.map.kakao.com/18093904,장로회신학대학교 게이트
8505917,장로회신학대학교,1557335537,장로회신학대학교 서문,"교통,수송 > 입출구",37.5503594632698,127.102160290498,http://place.map.kakao.com/1557335537,장로회신학대학교 게이트
11160006,중앙대학교 서울캠퍼스,26397039,중앙대학교 서울캠퍼스 후문,"교통,수송 > 입출구",37.5049202595248,126.954064506402,http://place.map.kakao.com/26397039,중앙대학교 게이트
11160006,중앙대학교 서울캠퍼스,1869851950,중앙대학교 서울캠퍼스 정문,"교통,수송 > 입출구",37.5067563369528,126.958469749756,http://place.map.kakao.com/1869851950,중앙대학교 게이트
11160006,중앙대학교 서울캠퍼스,1246676399,중앙대학교 서울캠퍼스 중문,"교통,수송 > 입출구",37.5059431853532,126.957222722899,http://place.map.kakao.com/1246676399,중앙대학교 게이트
11160006,중앙대학교 서울캠퍼스,26396782,숭실대학교 정문,"교통,수송 > 입출구",37.4959716382717,126.954504228758,http://place.map.kakao.com/26396782,중앙대학교 게이트
11160006,중앙대학교 서울캠퍼스,1742329224,흑석자이아파트 게이트2,"교통,수송 > 입출구",37.5017807110784,126.960293291815,http://place.map.kakao.com/1742329224,중앙대학교 게이트
11160006,중앙대학교 서울캠퍼스,1415206107,흑석자이아파트 GATE1,"교통,수송 > 입출구",37.5029798817072,126.962854238342,http://place.map.kakao.com/1415206107,중앙대학교 게이트
11160006,중앙대학교 서울캠퍼스,1236177787,흑석자이아파트 Gate3,"교통,수송 > 입출구",37.5005761550696,126.960558561406,http://place.map.kakao.com/1236177787,중앙대학교 게이트
11160006,중앙대학교 서울캠퍼스,409231082,상도래미안3차아파트 정문,"교통,수송 > 입출구",37.4980904638478,126.953625390296,http://place.map.kakao.com/409231082,중앙대학교 게이트
11160006,중앙대학교 서울캠퍼스,361539278,엉터리해장국 중대후문점,음식점 > 한식 > 해장국,37.504681235639985,126.95117616384536,http://place.map.kakao.com/361539278,중앙대학교 게이트
11160006,중앙대학교 서울캠퍼스,570565310,숭실대학교 중문,"교통,수송 > 입출구",37.4954282647667,126.956725502974,http://place.map.kakao.com/570565310,중앙대학교 게이트
11160006,중앙대학교 서울캠퍼스,1746101402,본동신동아아파트 정문,"교통,수송 > 입출구",37.5104774633584,126.951329605234,http://place.map.kakao.com/1746101402,중앙대학교 게이트
11160006,중앙대학교 서울캠퍼스,1095474156,워크모어 중앙대정문점,"서비스,산업 > 전문대행 > 공간대여 > 공유오피스",37.5069905168603,126.958238895703,http://place.map.kakao.com/1095474156,중앙대학교 게이트
11160006,중앙대학교 서울캠퍼스,2060587209,김빠빠누룽지통닭 중대후문본점,음식점 > 치킨,37.50465583851614,126.95076903250539,http://place.map.kakao.com/2060587209,중앙대학교 게이트
11160006,중앙대학교 서울캠퍼스,685732447,숭실대학교 후문,"교통,수송 > 입출구",37.4975118612233,126.958025918926,http://place.map.kakao.com/685732447,중앙대학교 게이트
11160006,중앙대학교 서울캠퍼스,1571500187,게이트맨플라자,"가정,생활 > 생활용품점 > 열쇠,도장",37.494508769412,126.95546517666,http://place.map.kakao.com/1571500187,중앙대학교 게이트
11160006,중앙대학교 서울캠퍼스,521716033,프린트카페 중앙대후문점,"서비스,산업 > 인쇄,복사",37.50478270589146,126.95254456934643,http://place.map.kakao.com/521716033,중앙대학교 게이트
11160006,중앙대학교 서울캠퍼스,980708965,본동삼성래미안아파트 정문,"교통,수송 > 입출구",37.5099853249459,126.950870719804,http://place.map.kakao.com/980708965,중앙대학교 게이트
11160006,중앙대학교 서울캠퍼스,1209670072,흑석한강푸르지오아파트 게이트1,"교통,수송 > 입출구",37.5036014080491,126.965265116831,http://place.map.kakao.com/1209670072,중앙대학교 게이트
11160006,중앙대학교 서울캠퍼스,1326872750,숭실대정문약국,"의료,건강 > 약국",37.49527804261485,126.95497281102563,http://place.map.kakao.com/1326872750,중앙대학교 게이트
11160006,중앙대학교 서울캠퍼스,1472021074,흑석한강센트레빌1차아파트 정문,"교통,수송 > 입출구",37.5057199132258,126.966096538396,http://place.map.kakao.com/1472021074,중앙대학교 게이트
11160006,중앙대학교 서울캠퍼스,1392506670,서울은로초등학교 후문,"교통,수송 > 입출구",37.5038513694752,126.960734398336,http://place.map.kakao.com/1392506670,중앙대학교 게이트
11160006,중앙대학교 서울캠퍼스,625907172,흑석한강푸르지오아파트 Gate2,"교통,수송 > 입출구",37.5025262720579,126.96447056812,http://place.map.kakao.com/625907172,중앙대학교 게이트
11160006,중앙대학교 서울캠퍼스,147478312,래미안상도2차아파트 정문,"교통,수송 > 입출구",37.4981312547529,126.959173403215,http://place.map.kakao.com/147478312,중앙대학교 게이트
11160006,중앙대학교 서울캠퍼스,8673423,국립서울현충원 현충문,"여행 > 관광,명소 > 문화유적 > 문",37.501266290885205,126.97331039888854,http://place.map.kakao.com/8673423,중앙대학교 게이트
11160006,중앙대학교 서울캠퍼스,107717438,흑석한강센트레빌2차 정문,"교통,수송 > 입출구",37.5017355385932,126.959931420595,http://place.map.kakao.com/107717438,중앙대학교 게이트
11160006,중앙대학교 서울캠퍼스,27299111,국립서울현충원 정문,"교통,수송 > 입출구",37.5036472062595,126.975422168197,http://place.map.kakao.com/27299111,중앙대학교 게이트
11160006,중앙대학교 서울캠퍼스,1768410812,명수대현대아파트 정문초소,"서비스,산업 > 관리,운영 > 건물관리사무소",37.5075039648526,126.966311754356,http://place.map.kakao.com/1768410812,중앙대학교 게이트
11160006,중앙대학교 서울캠퍼스,1314605414,래미안트윈파크아파트 정문,"교통,수송 > 입출구",37.5147281331335,126.950684369759,http://place.map.kakao.com/1314605414,중앙대학교 게이트
11160006,중앙대학교 서울캠퍼스,1828420270,힐스테이트상도센트럴파크아파트 정문,"교통,수송 > 입출구",37.4968930106759,126.951346338675,http://place.map.kakao.com/1828420270,중앙대학교 게이트
11160006,중앙대학교 서울캠퍼스,729730007,프린트카페 숭실대정문점,"서비스,산업 > 인쇄,복사",37.4969353374492,126.953533374914,http://place.map.kakao.com/729730007,중앙대학교 게이트
11160006,중앙대학교 서울캠퍼스,82687184,상도역롯데캐슬파크엘아파트 정문,"교통,수송 > 입출구",37.50144609146417,126.94581771958835,http://place.map.kakao.com/82687184,중앙대학교 게이트
11160006,중앙대학교 서울캠퍼스,2123809786,래미안상도2차아파트 후문,"교통,수송 > 입출구",37.497627186809176,126.95801680749399,http://place.map.kakao.com/2123809786,중앙대학교 게이트
11160006,중앙대학교 서울캠퍼스,1684785321,숭실대학교 북문,"교통,수송 > 입출구",37.49788848499963,126.95557060175777,http://place.map.kakao.com/1684785321,중앙대학교 게이트
11160006,중앙대학교 서울캠퍼스,692682845,숭실대학교 남문,"교통,수송 > 입출구",37.49526235075583,126.95888773551715,http://place.map.kakao.com/692682845,중앙대학교 게이트
11160006,중앙대학교 서울캠퍼스,813158958,중앙대학교 사범대학 부속중학교 후문주차장,"교통,수송 > 교통시설 > 주차장",37.5038803098361,126.961061229079,http://place.map.kakao.com/813158958,중앙대학교 게이트
11160006,중앙대학교 서울캠퍼스,2013367291,관악드림타운아파트 북문,"교통,수송 > 입출구",37.49127610878637,126.95128665939158,http://place.map.kakao.com/2013367291,중앙대학교 게이트
11160006,중앙대학교 서울캠퍼스,1337038013,사당롯데캐슬골든포레아파트 정문,"교통,수송 > 입출구",37.4921353206135,126.962703562233,http://place.map.kakao.com/1337038013,중앙대학교 게이트
11160006,중앙대학교 서울캠퍼스,1151799252,본동삼성래미안아파트 후문,"교통,수송 > 입출구",37.5102035618558,126.94919888483,http://place.map.kakao.com/1151799252,중앙대학교 게이트
11160006,중앙대학교 서울캠퍼스,546534778,상도현대아파트 후문주차장,"교통,수송 > 교통시설 > 주차장",37.4943271976061,126.959152857809,http://place.map.kakao.com/546534778,중앙대학교 게이트
11160006,중앙대학교 서울캠퍼스,681158900,상도현대아파트 후문주차장 입구,"교통,수송 > 입출구",37.4943740519124,126.959158486348,http://place.map.kakao.com/681158900,중앙대학교 게이트
11160006,중앙대학교 서울캠퍼스,1522511926,힐스테이트상도프레스티지아파트 후문,"교통,수송 > 입출구",37.4954450603521,126.949129725457,http://place.map.kakao.com/1522511926,중앙대학교 게이트
11160006,중앙대학교 서울캠퍼스,698568068,상도푸르지오클라베뉴아파트 후문,"교통,수송 > 입출구",37.49707345032326,126.94009876814354,http://place.map.kakao.com/698568068,중앙대학교 게이트
11160006,중앙대학교 서울캠퍼스,1944182133,상도역롯데캐슬파크엘아파트 후문,"교통,수송 > 입출구",37.500630464193,126.94534672132039,http://place.map.kakao.com/1944182133,중앙대학교 게이트
11160006,중앙대학교 서울캠퍼스,361535592,상도푸르지오클라베뉴아파트 정문,"교통,수송 > 입출구",37.4980940829893,126.939690840664,http://place.map.kakao.com/361535592,중앙대학교 게이트
11160006,중앙대학교 서울캠퍼스,1093742759,관악드림타운아파트 정문,"교통,수송 > 입출구",37.488285101783966,126.95211402690988,http://place.map.kakao.com/1093742759,중앙대학교 게이트
11160006,중앙대학교 서울캠퍼스,1489109506,힐스테이트관악센트씨엘아파트 후문,"교통,수송 > 입출구",37.4919634265646,126.9467608518,http://place.map.kakao.com/1489109506,중앙대학교 gate
11160006,중앙대학교 서울캠퍼스,2050638636,노량진수산물도매시장 남 1문,"교통,수송 > 입출구",37.514557433022,126.938306682967,http://place.map.kakao.com/2050638636,중앙대학교 gate
11160006,중앙대학교 서울캠퍼스,1025497766,노량진수산물도매시장 남 3문,"교통,수송 > 입출구",37.5146451548156,126.938930987338,http://place.map.kakao.com/1025497766,중앙대학교 gate
11160006,중앙대학교 서울캠퍼스,25491573,동작삼성래미안아파트정문,"교통,수송 > 입출구",37.4898246579274,126.970578072837,http://place.map.kakao.com/25491573,중앙대학교 gate
11160006,중앙대학교 서울캠퍼스,422303186,국립서울현충원 동문,"교통,수송 > 입출구",37.5019429789707,126.977824812583,http://place.map.kakao.com/422303186,중앙대학교 gate
11160006,중앙대학교 서울캠퍼스,1410370198,힐스테이트관악센트씨엘아파트 정문,"교통,수송 > 입출구",37.4902288355792,126.946425119797,http://place.map.kakao.com/1410370198,중앙대학교 gate
11160006,중앙대학교 서울캠퍼스,362403664,노량진수산물도매시장 북3문,"교통,수송 > 입출구",37.5152235339705,126.938804961091,http://place.map.kakao.com/362403664,중앙대학교 gate
11160006,중앙대학교 서울캠퍼스,1355313553,현대한강아파트 정문,"교통,수송 > 입출구",37.523166341369,126.958534186289,http://place.map.kakao.com/1355313553,중앙대학교 gate
11160006,중앙대학교 서울캠퍼스,1837835714,서울대입구역서희스타힐스아파트 정문,"교통,수송 > 입출구",37.4886842566187,126.959350415417,http://place.map.kakao.com/1837835714,중앙대학교 gate
11160006,중앙대학교 서울캠퍼스,1409168461,관악드림타운아파트 남문,"교통,수송 > 입출구",37.4892639291416,126.948617171841,http://place.map.kakao.com/1409168461,중앙대학교 gate
11160006,중앙대학교 서울캠퍼스,432833980,노량진수산물도매시장 남 5문,"교통,수송 > 입출구",37.514721115663136,126.93946820656079,http://place.map.kakao.com/432833980,중앙대학교 gate
11160006,중앙대학교 서울캠퍼스,522865525,문커피,음식점 > 카페,37.5018733000301,126.95021218289,http://place.map.kakao.com/522865525,중앙대 문
11160006,중앙대학교 서울캠퍼스,439254761,문차이나,음식점 > 중식 > 중국요리,37.5003522187908,126.941916900228,http://place.map.kakao.com/439254761,중앙대 문
11160006,중앙대학교 서울캠퍼스,1968738340,문다방,음식점 > 카페,37.510370397952,126.945493443674,http://place.map.kakao.com/1968738340,중앙대 문
11160006,중앙대학교 서울캠퍼스,95739174,문스테이 노량진2호점,"부동산 > 주거시설 > 고시원,고시텔",37.5129424675522,126.944852506638,http://place.map.kakao.com/95739174,중앙대 문
11160006,중앙대학교 서울캠퍼스,678794598,키드문 본점,음식점 > 카페,37.5245658954957,126.965021227143,http://place.map.kakao.com/678794598,중앙대 문
11160006,중앙대학교 서울캠퍼스,16680068,DR문이비인후과의원,"의료,건강 > 병원 > 이비인후과",37.487138707934,126.947155498838,http://place.map.kakao.com/16680068,중앙대 문
11160006,중앙대학교 서울캠퍼스,469723644,브리즈문,"스포츠,레저 > 스포츠용품 > 캠핑용품",37.4874249861168,126.973152502177,http://place.map.kakao.com/469723644,중앙대 문
11160006,중앙대학교 서울캠퍼스,64603574,3층파란문약국,"의료,건강 > 약국",37.527041838966014,126.96498613196074,http://place.map.kakao.com/64603574,중앙대 문
11160006,중앙대학교 서울캠퍼스,1859906898,키드문 더 룸,음식점 > 카페,37.525509163993,126.964749279266,http://place.map.kakao.com/1859906898,중앙대 문
11160006,중앙대학교 서울캠퍼스,937067888,문레더,"가정,생활 > 패션 > 패션잡화점",37.4788200526544,126.954510106773,http://place.map.kakao.com/937067888,중앙대 문
11160006,중앙대학교 서울캠퍼스,235651250,열린문교회,"문화,예술 > 종교 > 기독교 > 교회",37.4846671117469,126.969879083162,http://place.map.kakao.com/235651250,중앙대 문
11160006,중앙대학교 서울캠퍼스,698680193,블루문,"가정,생활 > 미용 > 피부관리",37.48215373105261,126.94203613865055,http://place.map.kakao.com/698680193,중앙대 문
11160006,중앙대학교 서울캠퍼스,23294748,열린문교회,"문화,예술 > 종교 > 기독교 > 교회",37.48494107383926,126.97835899186248,http://place.map.kakao.com/23294748,중앙대 문
11160006,중앙대학교 서울캠퍼스,1977420812,문래쉬,"가정,생활 > 미용",37.4810006773817,126.954987032764,http://place.map.kakao.com/1977420812,중앙대 문
11160006,중앙대학교 서울캠퍼스,352211551,래빗문 스튜디오,"교육,학문 > 학원 > 미술학원",37.496312770114805,126.98462056774716,http://place.map.kakao.com/352211551,중앙대 문
11160006,중앙대학교 서울캠퍼스,1736900966,문주빌,"부동산 > 주거시설 > 빌라,주택",37.48560668306258,126.97285239220035,http://place.map.kakao.com/1736900966,중앙대 문
11160006,중앙대학교 서울캠퍼스,23281272,양의문교회,"문화,예술 > 종교 > 기독교 > 교회",37.4855209114841,126.968512881501,http://place.map.kakao.com/23281272,중앙대 문
11160006,중앙대학교 서울캠퍼스,1887904918,파란문케어,"서비스,산업 > 전문대행 > 컨설팅",37.5272725895793,126.965305052893,http://place.map.kakao.com/1887904918,중앙대 문
11160006,중앙대학교 서울캠퍼스,928657110,미소단지내정문공인중개사사무소,부동산 > 부동산서비스 > 부동산중개업,37.488222362404066,126.97308324297907,http://place.map.kakao.com/928657110,중앙대 문
11160006,중앙대학교 서울캠퍼스,445250463,광덕방화문 건설사업부,"서비스,산업 > 제조업",37.4849619262579,126.936303736987,http://place.map.kakao.com/445250463,중앙대 문
11160006,중앙대학교 서울캠퍼스,1818529614,우드앤문 느티나무 통원목도마공장,"문화,예술 > 미술,공예 > 목공예",37.4947983977442,126.933349604185,http://place.map.kakao.com/1818529614,중앙대 문
11160006,중앙대학교 서울캠퍼스,1266947265,서울 브라이덜샤워 한강뷰 파티 룸 리버문 스튜디오,"서비스,산업 > 전문대행 > 공간대여",37.5311191092559,126.955044045933,http://place.map.kakao.com/1266947265,중앙대 문
11160006,중앙대학교 서울캠퍼스,1005294644,상하이짬뽕,음식점 > 중식 > 중국요리,37.5288473051889,126.964512391476,http://place.map.kakao.com/1005294644,중앙대 문
11350554,경기대학교 서울캠퍼스,1707529271,웨스트게이트빌딩,부동산 > 빌딩,37.5647436498695,126.966383336483,http://place.map.kakao.com/1707529271,경기대학교 게이트
11350554,경기대학교 서울캠퍼스,7834307,독립문,"여행 > 관광,명소 > 문화유적 > 문",37.5724504220421,126.959542648447,http://place.map.kakao.com/7834307,경기대학교 게이트
11350554,경기대학교 서울캠퍼스,7813430,숭례문,"여행 > 관광,명소 > 문화유적 > 문",37.5600030088843,126.975313124237,http://place.map.kakao.com/7813430,경기대학교 게이트
11350554,경기대학교 서울캠퍼스,17582477,덕수궁 대한문,"여행 > 관광,명소 > 문화유적",37.5650416322942,126.976542945622,http://place.map.kakao.com/17582477,경기대학교 게이트
11350554,경기대학교 서울캠퍼스,10166256,경희궁 흥화문,"여행 > 관광,명소 > 문화유적 > 문",37.569541449433,126.969700048201,http://place.map.kakao.com/10166256,경기대학교 게이트
11350554,경기대학교 서울캠퍼스,115450973,약현성당 정문,"교통,수송 > 입출구",37.5594021768961,126.968321103042,http://place.map.kakao.com/115450973,경기대학교 게이트
11350554,경기대학교 서울캠퍼스,1834345241,경기대학교 서울캠퍼스 후문,"교통,수송 > 입출구",37.564039417736,126.961611716429,http://place.map.kakao.com/1834345241,경기대학교 게이트
11350554,경기대학교 서울캠퍼스,8234642,광화문,"여행 > 관광,명소 > 문화유적 > 문",37.57596445980707,126.97685309595215,http://place.map.kakao.com/8234642,경기대학교 게이트
11350554,경기대학교 서울캠퍼스,2011339261,아마노 웨스트게이트타워 주차장,"교통,수송 > 교통시설 > 주차장",37.564772475612,126.966361817913,http://place.map.kakao.com/2011339261,경기대학교 게이트
11350554,경기대학교 서울캠퍼스,10266056,노스게이트,부동산 > 빌딩,37.5749664887164,126.974108234786,http://place.map.kakao.com/10266056,경기대학교 게이트
11350554,경기대학교 서울캠퍼스,1436482704,이화여자고등학교 서문,"교통,수송 > 입출구",37.5646866837945,126.968930077008,http://place.map.kakao.com/1436482704,경기대학교 게이트
11350554,경기대학교 서울캠퍼스,8210204,광화문우체국,"사회,공공기관 > 행정기관 > 과학기술정보통신부 > 우체국",37.56984063458276,126.978097873737,http://place.map.kakao.com/8210204,경기대학교 게이트
11350554,경기대학교 서울캠퍼스,26864860,노스게이트빌딩 주차장,"교통,수송 > 교통시설 > 주차장",37.57504485833475,126.97403122960722,http://place.map.kakao.com/26864860,경기대학교 게이트
11350554,경기대학교 서울캠퍼스,10173574,게이트웨이타워,부동산 > 빌딩,37.5534758118272,126.973595087754,http://place.map.kakao.com/10173574,경기대학교 게이트
11350554,경기대학교 서울캠퍼스,2029123161,경희궁자이2단지아파트 후문,"교통,수송 > 입출구",37.569028238981154,126.96451371163015,http://place.map.kakao.com/2029123161,경기대학교 게이트
11350554,경기대학교 서울캠퍼스,740270285,NPD 웨스트게이트타워 주차장,"교통,수송 > 교통시설 > 주차장",37.5646526791915,126.96648864153,http://place.map.kakao.com/740270285,경기대학교 게이트
11350554,경기대학교 서울캠퍼스,17581529,경희궁 숭정문,"여행 > 관광,명소 > 문화유적 > 문",37.5709574744993,126.968404502942,http://place.map.kakao.com/17581529,경기대학교 게이트
11350554,경기대학교 서울캠퍼스,26397093,이화여자대학교 후문,"교통,수송 > 입출구",37.5635317504439,126.944692996803,http://place.map.kakao.com/26397093,경기대학교 게이트
11350554,경기대학교 서울캠퍼스,2109875238,힐스테이트신촌아파트 정문,"교통,수송 > 입출구",37.5623942632169,126.951944395407,http://place.map.kakao.com/2109875238,경기대학교 게이트
11350554,경기대학교 서울캠퍼스,8225675,웨스틴조선서울 나인스게이트,음식점 > 양식,37.56448187751539,126.98016963334433,http://place.map.kakao.com/8225675,경기대학교 게이트
11350554,경기대학교 서울캠퍼스,27377630,중앙여자고등학교 정문,"교통,수송 > 입출구",37.5622891231938,126.954930248887,http://place.map.kakao.com/27377630,경기대학교 게이트
11350554,경기대학교 서울캠퍼스,592662879,이화여자대학교 정문,"교통,수송 > 입출구",37.5594236592153,126.94566937595,http://place.map.kakao.com/592662879,경기대학교 게이트
11350554,경기대학교 서울캠퍼스,26985073,남대문시장 6번게이트,"교통,수송 > 입출구",37.558717858962936,126.97822449419233,http://place.map.kakao.com/26985073,경기대학교 게이트
11350554,경기대학교 서울캠퍼스,1941047737,경기대학교 서울캠퍼스 정문,"교통,수송 > 입출구",37.5646956381472,126.962530460914,http://place.map.kakao.com/1941047737,경기대학교 게이트
11350554,경기대학교 서울캠퍼스,2028906449,경희궁자이2단지아파트 정문,"교통,수송 > 입출구",37.5713828481189,126.962593897506,http://place.map.kakao.com/2028906449,경기대학교 게이트
11350554,경기대학교 서울캠퍼스,24582617,청계광장 진출입 경사로2번,"교통,수송 > 입출구",37.5691288374739,126.978040353196,http://place.map.kakao.com/24582617,경기대학교 게이트
11350554,경기대학교 서울캠퍼스,8045734,덕수궁 월곡문,"여행 > 관광,명소 > 문화유적 > 문",37.565329367243166,126.97376861005978,http://place.map.kakao.com/8045734,경기대학교 게이트
11350554,경기대학교 서울캠퍼스,1142964882,서울역센트럴자이아파트 정문,"교통,수송 > 입출구",37.5548572301628,126.964070005939,http://place.map.kakao.com/1142964882,경기대학교 게이트
11350554,경기대학교 서울캠퍼스,756036389,이화여자외국어고등학교 정문,"교통,수송 > 입출구",37.5646550951387,126.968726353018,http://place.map.kakao.com/756036389,경기대학교 게이트
11350554,경기대학교 서울캠퍼스,27545008,반포식스 숭례문점,음식점 > 아시아음식 > 동남아음식,37.5607484118596,126.972496925719,http://place.map.kakao.com/27545008,경기대학교 게이트
11350554,경기대학교 서울캠퍼스,1053051576,종근당빌딩 정문,"교통,수송 > 입출구",37.5596484552514,126.963165663089,http://place.map.kakao.com/1053051576,경기대학교 게이트
11350554,경기대학교 서울캠퍼스,8127402,덕수궁 평성문,"여행 > 관광,명소 > 문화유적 > 문",37.5668141547124,126.973526993533,http://place.map.kakao.com/8127402,경기대학교 게이트
11350554,경기대학교 서울캠퍼스,63477494,경희궁자이3단지아파트 정문,"교통,수송 > 입출구",37.569211287352,126.965003755568,http://place.map.kakao.com/63477494,경기대학교 게이트
11350554,경기대학교 서울캠퍼스,2100074496,남대문시장 1번게이트,"교통,수송 > 입출구",37.5599937766433,126.97598281472,http://place.map.kakao.com/2100074496,경기대학교 게이트
11350554,경기대학교 서울캠퍼스,7999562,연세대학교 동문,"교통,수송 > 입출구",37.5660622423696,126.945759633944,http://place.map.kakao.com/7999562,경기대학교 게이트
11350554,경기대학교 서울캠퍼스,906098285,새문안교회 정문,"교통,수송 > 입출구",37.57063438281043,126.97355733641811,http://place.map.kakao.com/906098285,경기대학교 게이트
11350554,경기대학교 서울캠퍼스,8606904,SC제일은행 광화문지점,"금융,보험 > 금융서비스 > 은행 > SC제일은행",37.57094791706322,126.97787907965251,http://place.map.kakao.com/8606904,경기대학교 게이트
11350554,경기대학교 서울캠퍼스,1052996044,종근당빌딩 동문,"교통,수송 > 입출구",37.5596530446653,126.963437292143,http://place.map.kakao.com/1052996044,경기대학교 게이트
11350554,경기대학교 서울캠퍼스,1052898871,종근당빌딩 서문,"교통,수송 > 입출구",37.55982408696,126.962965248078,http://place.map.kakao.com/1052898871,경기대학교 게이트
11350554,경기대학교 서울캠퍼스,1890976387,환구단 황궁우 정문,"여행 > 관광,명소 > 문화유적",37.5651304002105,126.979043240794,http://place.map.kakao.com/1890976387,경기대학교 게이트
11350554,경기대학교 서울캠퍼스,1557454094,신촌푸르지오아파트 정문,"교통,수송 > 입출구",37.5605052392461,126.9528521884927,http://place.map.kakao.com/1557454094,경기대학교 게이트
11350554,경기대학교 서울캠퍼스,7936752,사직단 대문,"여행 > 관광,명소 > 문화유적 > 문",37.57570397774707,126.96863796193753,http://place.map.kakao.com/7936752,경기대학교 게이트
11350554,경기대학교 서울캠퍼스,1369183914,경희궁자이3단지아파트 후문,"교통,수송 > 입출구",37.5682178993461,126.966415732966,http://place.map.kakao.com/1369183914,경기대학교 게이트
11350554,경기대학교 서울캠퍼스,135697378,남대문시장 게이트3,"교통,수송 > 입출구",37.56093160629,126.978212531763,http://place.map.kakao.com/135697378,경기대학교 게이트
11350554,경기대학교 서울캠퍼스,1393771326,리치게이트에스피엘,"금융,보험 > 금융서비스",37.5611191870357,126.974573677925,http://place.map.kakao.com/1393771326,경기대학교 게이트
11350554,경기대학교 서울캠퍼스,838350412,경희궁자이1단지아파트 정문,"교통,수송 > 입출구",37.5717271527204,126.962988786266,http://place.map.kakao.com/838350412,경기대학교 gate
11350554,경기대학교 서울캠퍼스,395048112,천연뜨란채아파트 후문입구,"교통,수송 > 입출구",37.5687110990256,126.958984363633,http://place.map.kakao.com/395048112,경기대학교 gate
11350554,경기대학교 서울캠퍼스,450056042,서울경찰청 정문,"교통,수송 > 입출구",37.5743452475062,126.972107039427,http://place.map.kakao.com/450056042,경기대학교 gate
11350554,경기대학교 서울캠퍼스,313573795,e편한세상신촌아파트1단지 후문,"교통,수송 > 입출구",37.5588278232198,126.949091193407,http://place.map.kakao.com/313573795,경기대학교 gate
11350554,경기대학교 서울캠퍼스,792576920,신촌푸르지오1단지아파트 후문,"교통,수송 > 입출구",37.5606731796172,126.951504093947,http://place.map.kakao.com/792576920,경기대학교 gate
11350554,경기대학교 서울캠퍼스,1178271027,무악현대아파트후문,"교통,수송 > 입출구",37.5765642374516,126.961870188001,http://place.map.kakao.com/1178271027,경기대학교 gate
11350554,경기대학교 서울캠퍼스,1138070347,세란병원 정문,"교통,수송 > 입출구",37.5750364816136,126.957559065069,http://place.map.kakao.com/1138070347,경기대학교 gate
11350554,경기대학교 서울캠퍼스,1122624057,마포더클래시 2단지아파트 정문,"교통,수송 > 입출구",37.5564114656951,126.949363325085,http://place.map.kakao.com/1122624057,경기대학교 gate
11350554,경기대학교 서울캠퍼스,1341536850,이대공대 철문,"교통,수송 > 입출구",37.5668145259871,126.947649370519,http://place.map.kakao.com/1341536850,경기대학교 gate
11350554,경기대학교 서울캠퍼스,18097390,연세대학교 정문,"교통,수송 > 입출구",37.5604968585685,126.936840480172,http://place.map.kakao.com/18097390,경기대학교 gate
11350554,경기대학교 서울캠퍼스,24582616,청계광장 진출입 계단 1번,"교통,수송 > 입출구",37.5692262620098,126.978678739891,http://place.map.kakao.com/24582616,경기대학교 gate
11350554,경기대학교 서울캠퍼스,345254034,이화여자대학교 북아현문,"교통,수송 > 입출구",37.56809505093891,126.95021794364267,http://place.map.kakao.com/345254034,경기대학교 gate
11350554,경기대학교 서울캠퍼스,24582618,광통교 진출입 계단 3번,"교통,수송 > 입출구",37.5690501205507,126.981359222493,http://place.map.kakao.com/24582618,경기대학교 gate
11350554,경기대학교 서울캠퍼스,2075323793,숙명여자대학교 제1캠퍼스 정문,"교통,수송 > 입출구",37.5452474193529,126.964862197806,http://place.map.kakao.com/2075323793,경기대학교 gate
11350554,경기대학교 서울캠퍼스,1255394510,힐스테이트신촌아파트 후문,"교통,수송 > 입출구",37.5612121264876,126.951872718162,http://place.map.kakao.com/1255394510,경기대학교 gate
11350554,경기대학교 서울캠퍼스,1238436797,KCC파크타운오피스텔 정문,"교통,수송 > 입출구",37.5549082740397,126.966057291204,http://place.map.kakao.com/1238436797,경기대학교 gate
11350554,경기대학교 서울캠퍼스,418851170,공덕자이아파트 정문,"교통,수송 > 입출구",37.553790613053,126.959040073871,http://place.map.kakao.com/418851170,경기대학교 gate
11350554,경기대학교 서울캠퍼스,1752657863,배화여자중학교 정문,"교통,수송 > 입출구",37.5780508109265,126.967684902097,http://place.map.kakao.com/1752657863,경기대학교 gate
11350554,경기대학교 서울캠퍼스,975007361,투썸플레이스 앞 1-1 진입로,"교통,수송 > 입출구",37.5691921407208,126.979334143748,http://place.map.kakao.com/975007361,경기대학교 gate
11350554,경기대학교 서울캠퍼스,666043195,마포더클래시아파트1단지 게이트1,"교통,수송 > 입출구",37.5553139489017,126.949126404109,http://place.map.kakao.com/666043195,경기대학교 gate
11350554,경기대학교 서울캠퍼스,1954181403,경희궁롯데캐슬아파트 후문,"교통,수송 > 입출구",37.5745656309467,126.958599661214,http://place.map.kakao.com/1954181403,경기대학교 gate
11369827,고려대학교 서울캠퍼스,1256166357,카페게이트 고려대역점,음식점 > 카페 > 커피전문점 > 카페게이트,37.59106616747106,127.03673092661474,http://place.map.kakao.com/1256166357,고려대학교 게이트
11369827,고려대학교 서울캠퍼스,27337727,고려대학교 서울캠퍼스 정문,"교통,수송 > 입출구",37.58815247199953,127.03424727911144,http://place.map.kakao.com/27337727,고려대학교 게이트
11369827,고려대학교 서울캠퍼스,8765752,고려대학교 서울캠퍼스 정문수위실,"교육,학문 > 학교부속시설",37.58854321081578,127.03432934973377,http://place.map.kakao.com/8765752,고려대학교 게이트
11369827,고려대학교 서울캠퍼스,1666503182,종암중학교 정문,"교통,수송 > 입출구",37.592503657226,127.032253408544,http://place.map.kakao.com/1666503182,고려대학교 게이트
11369827,고려대학교 서울캠퍼스,144707760,작심스터디카페 고려대정문점,"서비스,산업 > 전문대행 > 공간대여 > 스터디카페,스터디룸",37.5888949961359,127.036016548578,http://place.map.kakao.com/144707760,고려대학교 게이트
11369827,고려대학교 서울캠퍼스,17569302,고려대학교 정경관후문,"교통,수송 > 입출구",37.5868333780378,127.030107690954,http://place.map.kakao.com/17569302,고려대학교 게이트
11369827,고려대학교 서울캠퍼스,772586286,용문고등학교 후문,"교통,수송 > 입출구",37.5884201544401,127.025758292413,http://place.map.kakao.com/772586286,고려대학교 게이트
11369827,고려대학교 서울캠퍼스,853155481,밤새출력 고대정문점,"서비스,산업 > 인쇄,복사",37.588758221779,127.035433380252,http://place.map.kakao.com/853155481,고려대학교 게이트
11369827,고려대학교 서울캠퍼스,88547162,카페게이트 고대안암점,음식점 > 카페 > 커피전문점 > 카페게이트,37.58544239267801,127.02952292196784,http://place.map.kakao.com/88547162,고려대학교 게이트
11369827,고려대학교 서울캠퍼스,819667833,프린트카페 고대정문점,"서비스,산업 > 인쇄,복사",37.5890122221344,127.035697312946,http://place.map.kakao.com/819667833,고려대학교 게이트
11369827,고려대학교 서울캠퍼스,1059156737,한신아파트 정문,"교통,수송 > 입출구",37.5874760750086,127.038422960947,http://place.map.kakao.com/1059156737,고려대학교 게이트
11369827,고려대학교 서울캠퍼스,1148185088,성신여자대학교 돈암수정캠퍼스 중문,"교통,수송 > 입출구",37.590898620551144,127.02212455934625,http://place.map.kakao.com/1148185088,고려대학교 게이트
11369827,고려대학교 서울캠퍼스,12810655,고려대학교 서울캠퍼스 후문,"교통,수송 > 입출구",37.5909234976879,127.031585819286,http://place.map.kakao.com/12810655,고려대학교 게이트
11369827,고려대학교 서울캠퍼스,2118374337,래미안안암아파트 후문,"교통,수송 > 입출구",37.5888644724286,127.025161755396,http://place.map.kakao.com/2118374337,고려대학교 게이트
11369827,고려대학교 서울캠퍼스,1203810267,래미안엘리니티아파트 정문,"교통,수송 > 입출구",37.57888533553471,127.02798861744166,http://place.map.kakao.com/1203810267,고려대학교 게이트
11369827,고려대학교 서울캠퍼스,1065420380,게이트리스,"가정,생활 > 통신판매 > 인터넷쇼핑몰",37.5827013137381,127.022516120063,http://place.map.kakao.com/1065420380,고려대학교 게이트
11369827,고려대학교 서울캠퍼스,963376973,종암중학교 후문,"교통,수송 > 입출구",37.593428006437975,127.03250291533631,http://place.map.kakao.com/963376973,고려대학교 게이트
11369827,고려대학교 서울캠퍼스,1744946338,래미안세레니티아파트 정문,"교통,수송 > 입출구",37.5995629419303,127.032190776368,http://place.map.kakao.com/1744946338,고려대학교 게이트
11369827,고려대학교 서울캠퍼스,1745191049,래미안세레니티아파트 후문,"교통,수송 > 입출구",37.5992005426997,127.029512503828,http://place.map.kakao.com/1745191049,고려대학교 게이트
11369827,고려대학교 서울캠퍼스,345637705,밤새출력 고대후문점,"서비스,산업 > 인쇄,복사",37.5869289301935,127.029923179208,http://place.map.kakao.com/345637705,고려대학교 게이트
11369827,고려대학교 서울캠퍼스,1161895632,국립산림과학원 정문,"교통,수송 > 입출구",37.591440803427,127.042617825784,http://place.map.kakao.com/1161895632,고려대학교 게이트
11369827,고려대학교 서울캠퍼스,26397117,경희대학교 정문,"교통,수송 > 입출구",37.5938315697917,127.052697920723,http://place.map.kakao.com/26397117,고려대학교 게이트
11369827,고려대학교 서울캠퍼스,657726338,래미안라센트아파트 정문,"교통,수송 > 입출구",37.5992265186196,127.039307742306,http://place.map.kakao.com/657726338,고려대학교 게이트
11369827,고려대학교 서울캠퍼스,1921733296,KAIST 서울캠퍼스 중문,"교통,수송 > 입출구",37.5913978228737,127.041871630289,http://place.map.kakao.com/1921733296,고려대학교 게이트
11369827,고려대학교 서울캠퍼스,135172949,한신아파트 후문,"교통,수송 > 입출구",37.5904559570135,127.040227056158,http://place.map.kakao.com/135172949,고려대학교 게이트
11369827,고려대학교 서울캠퍼스,772664530,용문중학교 후문,"교통,수송 > 입출구",37.5884201544401,127.025758292413,http://place.map.kakao.com/772664530,고려대학교 게이트
11369827,고려대학교 서울캠퍼스,1045105981,고려대학교 의과대학 후문,"교통,수송 > 입출구",37.5880714049665,127.026055948019,http://place.map.kakao.com/1045105981,고려대학교 게이트
11369827,고려대학교 서울캠퍼스,26396925,성신여자대학교 돈암수정캠퍼스 후문,"교통,수송 > 입출구",37.58972730081695,127.02228272795851,http://place.map.kakao.com/26396925,고려대학교 게이트
11369827,고려대학교 서울캠퍼스,1435351662,서울시립대학교 정문,"교통,수송 > 입출구",37.5834771622868,127.055113438416,http://place.map.kakao.com/1435351662,고려대학교 게이트
11369827,고려대학교 서울캠퍼스,1293094558,서울홍파초등학교 후문,"교통,수송 > 입출구",37.5865007787571,127.039698452976,http://place.map.kakao.com/1293094558,고려대학교 게이트
11369827,고려대학교 서울캠퍼스,175362328,서울종암초등학교 후문,"교통,수송 > 입출구",37.5823641258676,127.031360303142,http://place.map.kakao.com/175362328,고려대학교 게이트
11369827,고려대학교 서울캠퍼스,1191799796,래미안엘리니티아파트 후문,"교통,수송 > 입출구",37.5800008393534,127.027677706105,http://place.map.kakao.com/1191799796,고려대학교 게이트
11369827,고려대학교 서울캠퍼스,1888307060,돈암브라운스톤아파트 정문,"교통,수송 > 입출구",37.59910286382341,127.01790881901711,http://place.map.kakao.com/1888307060,고려대학교 게이트
11369827,고려대학교 서울캠퍼스,403198476,삼육초등학교 후문,"교통,수송 > 입출구",37.5894062601637,127.047601951384,http://place.map.kakao.com/403198476,고려대학교 게이트
11369827,고려대학교 서울캠퍼스,1818106432,게이트,음식점 > 술집,37.5720266527081,127.014795036333,http://place.map.kakao.com/1818106432,고려대학교 게이트
11369827,고려대학교 서울캠퍼스,1972191955,월곡래미안루나밸리아파트 정문,"교통,수송 > 입출구",37.6000230801872,127.041683954154,http://place.map.kakao.com/1972191955,고려대학교 게이트
11369827,고려대학교 서울캠퍼스,1919786334,동도교회 정문,"교통,수송 > 입출구",37.5823877557433,127.042262832995,http://place.map.kakao.com/1919786334,고려대학교 게이트
11369827,고려대학교 서울캠퍼스,1231330870,전담 GATE 성신여대점,"서비스,산업 > 식품 > 담배",37.5912173169427,127.018356442493,http://place.map.kakao.com/1231330870,고려대학교 게이트
11369827,고려대학교 서울캠퍼스,1146029540,보문파크뷰자이아파트 정문,"교통,수송 > 입출구",37.5806766804553,127.017833081235,http://place.map.kakao.com/1146029540,고려대학교 게이트
11369827,고려대학교 서울캠퍼스,20576850,마장축산물시장서문 공영주차장,"교통,수송 > 교통시설 > 주차장 > 공영주차장",37.5704040774208,127.03831004887,http://place.map.kakao.com/20576850,고려대학교 게이트
11369827,고려대학교 서울캠퍼스,1051479630,모찌방앗간 성신여대정문점,"음식점 > 간식 > 제과,베이커리",37.5915747307913,127.020076464228,http://place.map.kakao.com/1051479630,고려대학교 게이트
11369827,고려대학교 서울캠퍼스,1024933968,래미안라센트아파트 후문,"교통,수송 > 입출구",37.6003277635331,127.038598298722,http://place.map.kakao.com/1024933968,고려대학교 게이트
11369827,고려대학교 서울캠퍼스,186594796,경희대학교 후문,"교통,수송 > 입출구",37.5981142355862,127.05412773906,http://place.map.kakao.com/186594796,고려대학교 게이트
11369827,고려대학교 서울캠퍼스,484442211,동신아파트 정문,"교통,수송 > 입출구",37.6042748946843,127.036091910729,http://place.map.kakao.com/484442211,고려대학교 게이트
11369827,고려대학교 서울캠퍼스,840726995,성신여자대학교 돈암수정캠퍼스 중문경비실,"서비스,산업 > 관리,운영 > 건물관리사무소",37.590950864697646,127.02219590788195,http://place.map.kakao.com/840726995,고려대학교 게이트
11369827,고려대학교 서울캠퍼스,166872841,청량리역롯데캐슬SKY-L65아파트 정문,"교통,수송 > 입출구",37.5782286305219,127.045071432324,http://place.map.kakao.com/166872841,고려대학교 gate
11369827,고려대학교 서울캠퍼스,1900627195,한국과학기술연구원 북문,"교통,수송 > 입출구",37.6042175699009,127.045534434212,http://place.map.kakao.com/1900627195,고려대학교 gate
11369827,고려대학교 서울캠퍼스,1545750505,정릉2차e편한세상아파트 정문,"교통,수송 > 입출구",37.5996385870405,127.020179414654,http://place.map.kakao.com/1545750505,고려대학교 gate
11369827,고려대학교 서울캠퍼스,1243961672,한국과학기술연구원 쪽문,"교통,수송 > 입출구",37.60134874681516,127.04332671505159,http://place.map.kakao.com/1243961672,고려대학교 gate
11369827,고려대학교 서울캠퍼스,17262586,서울용두초등학교 정문,"교통,수송 > 입출구",37.5758521443783,127.029804410018,http://place.map.kakao.com/17262586,고려대학교 gate
11369827,고려대학교 서울캠퍼스,172805003,보문파크뷰자이아파트 후문,"교통,수송 > 입출구",37.5801502863029,127.019196012975,http://place.map.kakao.com/172805003,고려대학교 gate
11369827,고려대학교 서울캠퍼스,1627522015,삼선푸르지오아파트 정문,"교통,수송 > 입출구",37.5843479206725,127.013344899129,http://place.map.kakao.com/1627522015,고려대학교 gate
11369827,고려대학교 서울캠퍼스,1545173796,서울풍물시장 후문,"교통,수송 > 입출구",37.5733808957001,127.025162205112,http://place.map.kakao.com/1545173796,고려대학교 gate
11369827,고려대학교 서울캠퍼스,1629922481,한신한진아파트 후문,"교통,수송 > 입출구",37.5950462803216,127.013556291008,http://place.map.kakao.com/1629922481,고려대학교 gate
11369827,고려대학교 서울캠퍼스,929287366,e편한세상청계센트럴포레아파트 정문,"교통,수송 > 입출구",37.5724158768239,127.029299304905,http://place.map.kakao.com/929287366,고려대학교 gate
11369827,고려대학교 서울캠퍼스,27853236,신현대아파트 정문,"교통,수송 > 입출구",37.5891635290163,127.052700290591,http://place.map.kakao.com/27853236,고려대학교 gate
11369827,고려대학교 서울캠퍼스,425186218,종로센트레빌아파트 정문,"교통,수송 > 입출구",37.5797236801173,127.016084890104,http://place.map.kakao.com/425186218,고려대학교 gate
11369827,고려대학교 서울캠퍼스,899785535,마장축산물시장 서문입구,"교통,수송 > 입출구",37.5700600610958,127.037801625054,http://place.map.kakao.com/899785535,고려대학교 gate
11369827,고려대학교 서울캠퍼스,911149456,캡틴자동문,"서비스,산업 > 건설,건축 > 시공업체 > 유리,창호시공",37.5832057994195,127.030807033079,http://place.map.kakao.com/911149456,고려대 문
11369827,고려대학교 서울캠퍼스,1297031572,지혜문,"문화,예술 > 도서 > 출판사",37.5867809744012,127.036964320068,http://place.map.kakao.com/1297031572,고려대 문
11369827,고려대학교 서울캠퍼스,1469506752,블루문연습실,"서비스,산업 > 전문대행 > 공간대여",37.5900285721064,127.020403271176,http://place.map.kakao.com/1469506752,고려대 문
11369827,고려대학교 서울캠퍼스,1757451249,문디자인,"서비스,산업 > 건설,건축 > 인테리어",37.6000526524487,127.036743270922,http://place.map.kakao.com/1757451249,고려대 문
11369827,고려대학교 서울캠퍼스,1607176959,포포문비스트로,음식점 > 양식,37.57970919631214,127.03938351907664,http://place.map.kakao.com/1607176959,고려대 문
11369827,고려대학교 서울캠퍼스,1376395610,오브더문&이쥬뷰티,"가정,생활 > 미용 > 메이크업",37.5912142305622,127.020675340839,http://place.map.kakao.com/1376395610,고려대 문
11369827,고려대학교 서울캠퍼스,92276873,문밸리,음식점 > 양식,37.6040606262464,127.043602345473,http://place.map.kakao.com/92276873,고려대 문
11369827,고려대학교 서울캠퍼스,67744449,선담방문요양센터,"사회,공공기관 > 단체,협회 > 사회복지시설 > 노인복지시설",37.5883035945414,127.017788479247,http://place.map.kakao.com/67744449,고려대 문
11369827,고려대학교 서울캠퍼스,1266364786,찰리문연습실,"서비스,산업 > 전문대행 > 공간대여",37.5950099680637,127.015751877081,http://place.map.kakao.com/1266364786,고려대 문
11369827,고려대학교 서울캠퍼스,2042277440,빅문,음식점 > 양식,37.5926299873215,127.055875429116,http://place.map.kakao.com/2042277440,고려대 문
11369827,고려대학교 서울캠퍼스,1176844539,문&러브,"가정,생활 > 패션 > 의류판매",37.596538237926175,127.01427107807311,http://place.map.kakao.com/1176844539,고려대 문
11369827,고려대학교 서울캠퍼스,925321262,문테리어,음식점 > 카페,37.577222548055,127.048779464206,http://place.map.kakao.com/925321262,고려대 문
11369827,고려대학교 서울캠퍼스,20741131,문미용실,"가정,생활 > 미용 > 미용실",37.5749183447104,127.01116179794,http://place.map.kakao.com/20741131,고려대 문
11369827,고려대학교 서울캠퍼스,348507504,문아트서울,"교통,수송 > 운송",37.5867277605385,127.010158161267,http://place.map.kakao.com/348507504,고려대 문
11369827,고려대학교 서울캠퍼스,469402118,문원장바둑학원,"가정,생활 > 취미 > 바둑,기원",37.6092029426936,127.023202502869,http://place.map.kakao.com/469402118,고려대 문
11369827,고려대학교 서울캠퍼스,387391366,문나인,"가정,생활 > 패션 > 의류판매 > 여성의류",37.5885201870013,127.004483647267,http://place.map.kakao.com/387391366,고려대 문
11369827,고려대학교 서울캠퍼스,1042302426,리바트집테리어 문테리어,"서비스,산업 > 건설,건축 > 인테리어 > 리바트집테리어",37.577222548055,127.04877946420592,http://place.map.kakao.com/1042302426,고려대 문
11369827,고려대학교 서울캠퍼스,24530016,대한불교진각종 진각문화전승원,"문화,예술 > 종교 > 불교 > 절,사찰",37.6047850318743,127.041063746891,http://place.map.kakao.com/24530016,고려대 문
11369827,고려대학교 서울캠퍼스,24786928,무등건업,"서비스,산업 > 건설,건축 > 건설자재 > 셔터,샷시",37.5783934831897,127.027604657955,http://place.map.kakao.com/24786928,고려대 문
11369827,고려대학교 서울캠퍼스,8716188,PAT 삼선교직영점,"가정,생활 > 패션 > 의류판매",37.588959759199,127.006825147642,http://place.map.kakao.com/8716188,고려대 문
11325169,국민대학교,18094037,국민대학교 정문,"교통,수송 > 입출구",37.611078257923545,126.99462592662364,http://place.map.kakao.com/18094037,국민대학교 게이트
11325169,국민대학교,26396952,국민대학교 후문,"교통,수송 > 입출구",37.6111819935464,126.99966022671174,http://place.map.kakao.com/26396952,국민대학교 게이트
11325169,국민대학교,1281158485,롯데렌터카 픽업존 국민대정문지점,"서비스,산업 > 전문대행 > 렌터카 > 롯데렌터카 G car",37.610979169816,126.995101615065,http://place.map.kakao.com/1281158485,국민대학교 게이트
11325169,국민대학교,1791097469,고려대학교 메디사이언스파크 후문,"교통,수송 > 입출구",37.6091935104215,126.999737248986,http://place.map.kakao.com/1791097469,국민대학교 게이트
11325169,국민대학교,1892528642,서울청덕초등학교 후문,"교통,수송 > 입출구",37.6120154081853,126.999586604553,http://place.map.kakao.com/1892528642,국민대학교 게이트
11325169,국민대학교,334867362,그린빌라 정문,"교통,수송 > 입출구",37.6065373822678,126.998386177239,http://place.map.kakao.com/334867362,국민대학교 게이트
11325169,국민대학교,1404239571,정릉대우아파트 정문,"교통,수송 > 입출구",37.6174645215763,127.003953028475,http://place.map.kakao.com/1404239571,국민대학교 게이트
11325169,국민대학교,14404922,성북더게이트힐즈,"부동산 > 주거시설 > 빌라,주택",37.59609865415127,126.98658166465263,http://place.map.kakao.com/14404922,국민대학교 게이트
11325169,국민대학교,1644907959,정릉힐스테이트3차아파트 후문,"교통,수송 > 입출구",37.61543704491,127.008679436875,http://place.map.kakao.com/1644907959,국민대학교 게이트
11325169,국민대학교,7958336,숙정문,"여행 > 관광,명소 > 문화유적 > 문",37.59552486948541,126.98107746162911,http://place.map.kakao.com/7958336,국민대학교 게이트
11325169,국민대학교,208407582,대일외국어고등학교 정문,"교통,수송 > 입출구",37.61312740639759,127.01307028626044,http://place.map.kakao.com/208407582,국민대학교 게이트
11325169,국민대학교,1025075529,서경대학교 서문입구,"교통,수송 > 입출구",37.6162361929177,127.009061234256,http://place.map.kakao.com/1025075529,국민대학교 게이트
11325169,국민대학교,18093911,성균관대학교 후문,"교통,수송 > 입출구",37.5892983133587,126.990086054512,http://place.map.kakao.com/18093911,국민대학교 게이트
11325169,국민대학교,27610515,동방문화대학원대학교 정문,"교통,수송 > 입출구",37.59687398733751,126.99183907625228,http://place.map.kakao.com/27610515,국민대학교 게이트
11325169,국민대학교,1922456604,고려대학교 사범대학 부속중고등학교 후문,"교통,수송 > 입출구",37.6103440560905,127.002061268156,http://place.map.kakao.com/1922456604,국민대학교 게이트
11325169,국민대학교,606155507,미아두산위브트레이지움아파트 정문,"교통,수송 > 입출구",37.6182663263179,127.015680892184,http://place.map.kakao.com/606155507,국민대학교 게이트
11325169,국민대학교,1983433673,돈암코오롱하늘채아파트 후문,"교통,수송 > 입출구",37.5991415119745,127.011416807283,http://place.map.kakao.com/1983433673,국민대학교 게이트
11325169,국민대학교,2014110659,대일외국어고등학교 후문,"교통,수송 > 입출구",37.613367836936,127.014224458714,http://place.map.kakao.com/2014110659,국민대학교 게이트
11325169,국민대학교,399611601,화계사일주문,"여행 > 관광,명소 > 문화유적",37.6331296452558,127.009748696052,http://place.map.kakao.com/399611601,국민대학교 게이트
11325169,국민대학교,17005318,게이트맨 키월드,"가정,생활 > 생활용품점 > 열쇠",37.61089152532547,127.02253820698233,http://place.map.kakao.com/17005318,국민대학교 게이트
11325169,국민대학교,1888307060,돈암브라운스톤아파트 정문,"교통,수송 > 입출구",37.59910286382341,127.01790881901711,http://place.map.kakao.com/1888307060,국민대학교 게이트
11325169,국민대학교,945311373,정릉우성아파트 정문,"교통,수송 > 입출구",37.6007052336443,127.01497963572,http://place.map.kakao.com/945311373,국민대학교 게이트
11325169,국민대학교,527095321,길음뉴타운4단지e편한세상아파트 후문,"교통,수송 > 입출구",37.6122339151647,127.017751139109,http://place.map.kakao.com/527095321,국민대학교 게이트
11325169,국민대학교,117042694,성균관대학교 인문사회과학캠퍼스 정문,"교통,수송 > 입출구",37.5850002309339,126.996838384994,http://place.map.kakao.com/117042694,국민대학교 게이트
11325169,국민대학교,602720401,벽산라이브파크아파트 후문,"교통,수송 > 입출구",37.6216192932363,127.012389865777,http://place.map.kakao.com/602720401,국민대학교 게이트
11325169,국민대학교,2014376991,길음동부센트레빌아파트 정문,"교통,수송 > 입출구",37.6088730489181,127.023862672718,http://place.map.kakao.com/2014376991,국민대학교 게이트
11325169,국민대학교,27610514,동방문화대학원대학교 후문,"교통,수송 > 입출구",37.59675502206242,126.99135557198605,http://place.map.kakao.com/27610514,국민대학교 게이트
11325169,국민대학교,1988860420,래미안길음센터피스아파트 게이트1,"교통,수송 > 입출구",37.60989847750558,127.02752909101751,http://place.map.kakao.com/1988860420,국민대학교 게이트
11325169,국민대학교,968612218,롯데캐슬클라시아아파트 정문,"교통,수송 > 입출구",37.60937041778745,127.0278697939705,http://place.map.kakao.com/968612218,국민대학교 게이트
11325169,국민대학교,1629922481,한신한진아파트 후문,"교통,수송 > 입출구",37.5950462803216,127.013556291008,http://place.map.kakao.com/1629922481,국민대학교 게이트
11325169,국민대학교,715506317,길음뉴타운8단지래미안아파트 정문,"교통,수송 > 입출구",37.607701705619,127.019240464655,http://place.map.kakao.com/715506317,국민대학교 게이트
11325169,국민대학교,20549171,게이트맨,"서비스,산업 > 제조업 > 전기,전자 > 보안제품 > 금고",37.6109239609327,127.022538216771,http://place.map.kakao.com/20549171,국민대학교 게이트
11325169,국민대학교,135233392,삼양초후문미술,"서비스,산업",37.6231785898131,127.015075897576,http://place.map.kakao.com/135233392,국민대학교 게이트
11325169,국민대학교,457781282,경신고등학교 후문,"교통,수송 > 입출구",37.5913322557512,127.001791261831,http://place.map.kakao.com/457781282,국민대학교 게이트
11325169,국민대학교,2015250746,래미안길음센터피스아파트 게이트2,"교통,수송 > 입출구",37.61237898843733,127.02714945318834,http://place.map.kakao.com/2015250746,국민대학교 게이트
11325169,국민대학교,79127439,서울삼양초등학교 후문,"교통,수송 > 입출구",37.62334789523,127.015691021623,http://place.map.kakao.com/79127439,국민대학교 게이트
11325169,국민대학교,1770621346,미아동부센트레빌아파트 정문,"교통,수송 > 입출구",37.6133234071765,127.026344510767,http://place.map.kakao.com/1770621346,국민대학교 게이트
11325169,국민대학교,2014538889,래미안센터피스 정문,"교통,수송 > 입출구",37.6125051255695,127.027155162032,http://place.map.kakao.com/2014538889,국민대학교 게이트
11325169,국민대학교,1358559046,홍익대학교사범대학 부속고등학교 후문,"교통,수송 > 입출구",37.5950289781094,127.003791050107,http://place.map.kakao.com/1358559046,국민대학교 게이트
11325169,국민대학교,399808620,길음뉴타운8단지래미안아파트 후문,"교통,수송 > 입출구",37.6070200015407,127.016992247768,http://place.map.kakao.com/399808620,국민대학교 게이트
11325169,국민대학교,1017446777,래미안길음센터피스아파트 게이트3,"교통,수송 > 입출구",37.6111828583854,127.025428632974,http://place.map.kakao.com/1017446777,국민대학교 게이트
11325169,국민대학교,413157008,영훈초등학교 후문,"교통,수송 > 입출구",37.6127942693075,127.027473528345,http://place.map.kakao.com/413157008,국민대학교 게이트
11325169,국민대학교,1383518559,서울동구고등학교 후문,"교통,수송 > 입출구",37.5931465730501,127.008333759244,http://place.map.kakao.com/1383518559,국민대학교 게이트
11325169,국민대학교,659939100,서울송천초등학교 정문,"교통,수송 > 입출구",37.6148466375138,127.023706012833,http://place.map.kakao.com/659939100,국민대학교 게이트
11325169,국민대학교,642896342,길음뉴타운4단지e편한세상아파트 정문,"교통,수송 > 입출구",37.6112800801063,127.021308343344,http://place.map.kakao.com/642896342,국민대학교 게이트
11325169,국민대학교,1359866633,길음뉴타운9단지래미안아파트 정문,"교통,수송 > 입출구",37.6029579768084,127.019341163622,http://place.map.kakao.com/1359866633,국민대학교 gate
11325169,국민대학교,173574751,정릉힐스테이트1차아파트 후문,"교통,수송 > 입출구",37.6007157376705,127.017235416352,http://place.map.kakao.com/173574751,국민대학교 gate
11325169,국민대학교,1545750505,정릉2차e편한세상아파트 정문,"교통,수송 > 입출구",37.5996385870405,127.020179414654,http://place.map.kakao.com/1545750505,국민대학교 gate
11325169,국민대학교,1464961576,롯데캐슬클라시아아파트 후문,"교통,수송 > 입출구",37.6075191746754,127.026612003746,http://place.map.kakao.com/1464961576,국민대학교 gate
11325169,국민대학교,925889463,래미안미아1차아파트 정문,"교통,수송 > 입출구",37.6261322222505,127.019835405451,http://place.map.kakao.com/925889463,국민대학교 gate
11325169,국민대학교,598742338,영훈고등학교 후문,"교통,수송 > 입출구",37.6133322165335,127.027227949834,http://place.map.kakao.com/598742338,국민대학교 gate
11325169,국민대학교,1545682035,정릉2차e편한세상아파트 후문(입주민전용),"교통,수송 > 입출구",37.59990015965859,127.01843557917985,http://place.map.kakao.com/1545682035,국민대학교 gate
11325169,국민대학교,27142785,태양자동문,"서비스,산업 > 건설,건축 > 건설자재 > 셔터,샷시",37.6281300268909,127.017848944237,http://place.map.kakao.com/27142785,국민대 문
11325169,국민대학교,24813068,문한의원,"의료,건강 > 병원 > 한의원",37.6187122949357,127.021525675683,http://place.map.kakao.com/24813068,국민대 문
11325169,국민대학교,469402118,문원장바둑학원,"가정,생활 > 취미 > 바둑,기원",37.6092029426936,127.023202502869,http://place.map.kakao.com/469402118,국민대 문
11325169,국민대학교,16089437,문헤어,"가정,생활 > 미용 > 미용실",37.622321892664125,127.02016062403509,http://place.map.kakao.com/16089437,국민대 문
11325169,국민대학교,387391366,문나인,"가정,생활 > 패션 > 의류판매 > 여성의류",37.5885201870013,127.004483647267,http://place.map.kakao.com/387391366,국민대 문
11325169,국민대학교,1907213592,헤어문,"가정,생활 > 미용 > 미용실",37.62487162753006,127.0251591612782,http://place.map.kakao.com/1907213592,국민대 문
11325169,국민대학교,1266364786,찰리문연습실,"서비스,산업 > 전문대행 > 공간대여",37.5950099680637,127.015751877081,http://place.map.kakao.com/1266364786,국민대 문
11325169,국민대학교,1176844539,문&러브,"가정,생활 > 패션 > 의류판매",37.596538237926175,127.01427107807311,http://place.map.kakao.com/1176844539,국민대 문
11325169,국민대학교,189000993,펠레문,"문화,예술 > 미술,공예 > 가죽공예",37.622065536890275,127.02704196667271,http://place.map.kakao.com/189000993,국민대 문
11325169,국민대학교,348507504,문아트서울,"교통,수송 > 운송",37.5867277605385,127.010158161267,http://place.map.kakao.com/348507504,국민대 문
11325169,국민대학교,344972428,동삼문,"여행 > 관광,명소 > 문화유적 > 문",37.5855316210062,126.996300006702,http://place.map.kakao.com/344972428,국민대 문
11325169,국민대학교,1291885540,닥터문심리심상연구소,"의료,건강 > 상담 > 심리상담소",37.5874363747333,127.000875204314,http://place.map.kakao.com/1291885540,국민대 문
11325169,국민대학교,8716188,PAT 삼선교직영점,"가정,생활 > 패션 > 의류판매",37.588959759199,127.006825147642,http://place.map.kakao.com/8716188,국민대 문
17932927,동국대학교 서울캠퍼스,1732716971,동국대학교 서울캠퍼스 후문,"교통,수송 > 입출구",37.56071287063473,126.99936392096474,http://place.map.kakao.com/1732716971,동국대학교 게이트
17932927,동국대학교 서울캠퍼스,1747420471,동국대학교 서울캠퍼스 정문,"교통,수송 > 입출구",37.5565862667084,127.003021774672,http://place.map.kakao.com/1747420471,동국대학교 게이트
17932927,동국대학교 서울캠퍼스,2002375740,남산골한옥마을 정문 개방화장실,"가정,생활 > 화장실",37.5590593737711,126.99368009459,http://place.map.kakao.com/2002375740,동국대학교 게이트
17932927,동국대학교 서울캠퍼스,2011838604,세컨게이트,"서비스,산업 > 제조업 > 섬유 > 의류",37.5616929423879,127.007115802982,http://place.map.kakao.com/2011838604,동국대학교 게이트
17932927,동국대학교 서울캠퍼스,1162666963,서울신라호텔 후문,"교통,수송 > 입출구",37.5563744761892,127.004730705011,http://place.map.kakao.com/1162666963,동국대학교 게이트
17932927,동국대학교 서울캠퍼스,17563785,장충단공원 게이트볼장,"스포츠,레저 > 게이트볼 > 게이트볼장",37.55747373365384,127.00357637498486,http://place.map.kakao.com/17563785,동국대학교 게이트
17932927,동국대학교 서울캠퍼스,257360328,블룸앤베리,"가정,생활 > 꽃집,꽃배달",37.56196518546037,126.99586654890048,http://place.map.kakao.com/257360328,동국대학교 게이트
17932927,동국대학교 서울캠퍼스,752531600,데이문 스튜디오,"문화,예술 > 사진 > 사진관,포토스튜디오",37.5638438331707,127.000747027993,http://place.map.kakao.com/752531600,동국대 문
17932927,동국대학교 서울캠퍼스,23772735,반얀트리클럽앤스파서울 문 바,음식점 > 술집 > 칵테일바,37.550757744812,127.001090922821,http://place.map.kakao.com/23772735,동국대 문
7927244,삼육대학교,12553209,삼육대학교 후문,"교통,수송 > 입출구",37.643703255477476,127.10894931173725,http://place.map.kakao.com/12553209,삼육대학교 게이트
7927244,삼육대학교,18091054,삼육대학교 정문,"교통,수송 > 입출구",37.6384726542803,127.107407603219,http://place.map.kakao.com/18091054,삼육대학교 게이트
7927244,삼육대학교,1389109218,게이트,"사회,공공기관 > 단체,협회",37.642925905081896,127.1087340283012,http://place.map.kakao.com/1389109218,삼육대학교 게이트
7927244,삼육대학교,226682374,포레나별내아파트 후문,"교통,수송 > 입출구",37.6445804985894,127.112169684599,http://place.map.kakao.com/226682374,삼육대학교 게이트
7927244,삼육대학교,393140830,신안인스빌아파트 정문,"교통,수송 > 입출구",37.6490843416284,127.113292613029,http://place.map.kakao.com/393140830,삼육대학교 게이트
7927244,삼육대학교,1722301775,미리내마을4-3단지아파트 정문,"교통,수송 > 입출구",37.6454555724108,127.112884851779,http://place.map.kakao.com/1722301775,삼육대학교 게이트
7927244,삼육대학교,526726773,한라비발디아파트 후문,"교통,수송 > 입출구",37.63723512632635,127.12093464513535,http://place.map.kakao.com/526726773,삼육대학교 게이트
7927244,삼육대학교,1892256247,갈매역아이파크아파트 후문,"교통,수송 > 입출구",37.6352101716333,127.115990604907,http://place.map.kakao.com/1892256247,삼육대학교 게이트
7927244,삼육대학교,1826164801,별내신일유토빌아파트 정문,"교통,수송 > 입출구",37.6484876148026,127.117263373846,http://place.map.kakao.com/1826164801,삼육대학교 게이트
7927244,삼육대학교,1974920158,카페게이트 구리갈매점,음식점 > 카페 > 커피전문점 > 카페게이트,37.6305312361276,127.11702330789302,http://place.map.kakao.com/1974920158,삼육대학교 게이트
7927244,삼육대학교,258791437,전담게이트 별내점,"서비스,산업 > 식품 > 담배 > 전자담배",37.6476536253914,127.123138477798,http://place.map.kakao.com/258791437,삼육대학교 게이트
7927244,삼육대학교,168307673,미리내마을4-2단지아파트 정문,"교통,수송 > 입출구",37.6462832437621,127.114166518476,http://place.map.kakao.com/168307673,삼육대학교 게이트
7927244,삼육대학교,19265047,공릉산백세문,"여행 > 관광,명소 > 문화유적 > 문",37.6280934199864,127.085184591964,http://place.map.kakao.com/19265047,삼육대학교 게이트
7927244,삼육대학교,640965653,별빛마을휴먼시아3단지아파트 후문,"교통,수송 > 입출구",37.6500396607757,127.1148691662,http://place.map.kakao.com/640965653,삼육대학교 게이트
7927244,삼육대학교,1469557332,한라비발디아파트 정문,"교통,수송 > 입출구",37.6356151495551,127.120058516876,http://place.map.kakao.com/1469557332,삼육대학교 게이트
7927244,삼육대학교,1304366137,LH이스트힐아파트 정문,"교통,수송 > 입출구",37.6353824246182,127.12032438432,http://place.map.kakao.com/1304366137,삼육대학교 게이트
7927244,삼육대학교,1588154460,갈매역아이파크아파트 정문,"교통,수송 > 입출구",37.6334094771764,127.118335204374,http://place.map.kakao.com/1588154460,삼육대학교 게이트
7927244,삼육대학교,738033480,갈매3단지아파트 정문,"교통,수송 > 입출구",37.6357396074031,127.119938624465,http://place.map.kakao.com/738033480,삼육대학교 게이트
7927244,삼육대학교,1500903639,24시출장열쇠도어 락고장수리게이트맨,"가정,생활 > 생활용품점 > 열쇠",37.6314244154173,127.115803459313,http://place.map.kakao.com/1500903639,삼육대학교 게이트
7927244,삼육대학교,745763926,별빛마을3-6단지아파트 후문,"교통,수송 > 입출구",37.6459709916508,127.12012617308,http://place.map.kakao.com/745763926,삼육대학교 게이트
7927244,삼육대학교,277942406,갈매스타힐스아파트 정문,"교통,수송 > 입출구",37.63039247488746,127.11883567987257,http://place.map.kakao.com/277942406,삼육대학교 게이트
7927244,삼육대학교,1174790548,진로대림아파트 정문,"교통,수송 > 입출구",37.6489340274122,127.081455395469,http://place.map.kakao.com/1174790548,삼육대학교 게이트
7927244,삼육대학교,765551892,남양주별내스위첸아파트 정문,"교통,수송 > 입출구",37.6557450907497,127.117199991655,http://place.map.kakao.com/765551892,삼육대학교 게이트
7927244,삼육대학교,19821207,게이트준,"서비스,산업 > 건설,건축 > 시공업체 > 조경시공",37.645694602487524,127.1259691287006,http://place.map.kakao.com/19821207,삼육대학교 게이트
7927244,삼육대학교,1601109714,구리갈매푸르지오아파트 정문,"교통,수송 > 입출구",37.626731798827,127.114244224869,http://place.map.kakao.com/1601109714,삼육대학교 게이트
7927244,삼육대학교,26396910,서울과학기술대학교 정문,"교통,수송 > 입출구",37.63022194847668,127.07672337790524,http://place.map.kakao.com/26396910,삼육대학교 게이트
7927244,삼육대학교,208674829,별내역아이파크스위트 게이트1,"교통,수송 > 입출구",37.6445573814809,127.127811868105,http://place.map.kakao.com/208674829,삼육대학교 게이트
7927244,삼육대학교,1801077755,별내자이더스타아파트 후문,"교통,수송 > 입출구",37.6431564676454,127.123473238784,http://place.map.kakao.com/1801077755,삼육대학교 게이트
7927244,삼육대학교,540929807,구리갈매스타힐스 정문,"교통,수송 > 입출구",37.6302430722759,127.11867570785,http://place.map.kakao.com/540929807,삼육대학교 게이트
7927244,삼육대학교,1944699054,남양주별내스위첸아파트 후문,"교통,수송 > 입출구",37.6550623313135,127.115182878871,http://place.map.kakao.com/1944699054,삼육대학교 게이트
7927244,삼육대학교,1366248015,갈매3단지아파트 후문,"교통,수송 > 입출구",37.6371443045821,127.120761153377,http://place.map.kakao.com/1366248015,삼육대학교 게이트
7927244,삼육대학교,1896881133,별내자이더스타아파트 정문,"교통,수송 > 입출구",37.6443739112042,127.123267900162,http://place.map.kakao.com/1896881133,삼육대학교 게이트
7927244,삼육대학교,940553178,갈매스타힐스 후문,"교통,수송 > 입출구",37.6285360471014,127.119229218161,http://place.map.kakao.com/940553178,삼육대학교 게이트
7927244,삼육대학교,1864868256,엘에이치이스트힐아파트 후문,"교통,수송 > 입출구",37.634985890280824,127.12217609881648,http://place.map.kakao.com/1864868256,삼육대학교 게이트
7927244,삼육대학교,1717693348,구리갈매푸르지오아파트 후문,"교통,수송 > 입출구",37.6255841552745,127.115873693945,http://place.map.kakao.com/1717693348,삼육대학교 게이트
7927244,삼육대학교,964287709,태랑중학교 정문,"교통,수송 > 입출구",37.6260307641131,127.09159616599,http://place.map.kakao.com/964287709,삼육대학교 게이트
7927244,삼육대학교,208815378,별내더샵아파트 정문,"교통,수송 > 입출구",37.6501236725756,127.125275178289,http://place.map.kakao.com/208815378,삼육대학교 게이트
7927244,삼육대학교,715106079,공릉해링턴플레이스아파트 정문,"교통,수송 > 입출구",37.6270192429984,127.08669794313,http://place.map.kakao.com/715106079,삼육대학교 게이트
7927244,삼육대학교,1174844833,한신동성아파트 정문,"교통,수송 > 입출구",37.6410215830963,127.076064862131,http://place.map.kakao.com/1174844833,삼육대학교 게이트
7927244,삼육대학교,1675912587,게이트웨이잉글리시,"교육,학문 > 학원 > 어학원 > 영어학원",37.625776789897095,127.08163515535499,http://place.map.kakao.com/1675912587,삼육대학교 게이트
7927244,삼육대학교,1091852105,태릉해링턴플레이스아파트 정문,"교통,수송 > 입출구",37.6249792775989,127.081835919199,http://place.map.kakao.com/1091852105,삼육대학교 게이트
7927244,삼육대학교,476365652,구리갈매6단지아파트(S1) 정문,"교통,수송 > 입출구",37.6269888916722,127.113921765562,http://place.map.kakao.com/476365652,삼육대학교 게이트
7927244,삼육대학교,419028594,구리갈매6단지아파트(S1) 후문,"교통,수송 > 입출구",37.6262202499616,127.112145486702,http://place.map.kakao.com/419028594,삼육대학교 게이트
7927244,삼육대학교,1685395036,태릉해링턴플레이스아파트 후문,"교통,수송 > 입출구",37.625319933993,127.084277458985,http://place.map.kakao.com/1685395036,삼육대학교 게이트
7927244,삼육대학교,103649750,신내우디안1단지아파트 정문,"교통,수송 > 입출구",37.6164175393362,127.107268268261,http://place.map.kakao.com/103649750,삼육대학교 게이트
7927244,삼육대학교,26804858,서울과학기술대학교 협동문,"교통,수송 > 입출구",37.6363709900495,127.075613734931,http://place.map.kakao.com/26804858,삼육대학교 gate
7927244,삼육대학교,1249930595,별내아이파크2차아파트 정문,"교통,수송 > 입출구",37.6649375807814,127.115597091473,http://place.map.kakao.com/1249930595,삼육대학교 gate
7927244,삼육대학교,143368071,현대1차아파트 정문,"교통,수송 > 입출구",37.6482615126803,127.084558331847,http://place.map.kakao.com/143368071,삼육대학교 gate
7927244,삼육대학교,1681500758,신내데시앙포레아파트 정문,"교통,수송 > 입출구",37.6166443177628,127.110491011594,http://place.map.kakao.com/1681500758,삼육대학교 gate
7927244,삼육대학교,819122119,갈매스타힐스아파트 후문,"교통,수송 > 입출구",37.628496595939,127.119038838074,http://place.map.kakao.com/819122119,삼육대학교 gate
7927244,삼육대학교,1903971832,서울불암초등학교 정문,"교통,수송 > 입출구",37.6506807798671,127.080512233722,http://place.map.kakao.com/1903971832,삼육대학교 gate
7927244,삼육대학교,2102529428,별내대원칸타빌아파트 정문,"교통,수송 > 입출구",37.6611609596069,127.125029656112,http://place.map.kakao.com/2102529428,삼육대학교 gate
7927244,삼육대학교,8301096,대동방화문,"서비스,산업 > 건설,건축 > 건설자재",37.64843420625867,127.10710466722679,http://place.map.kakao.com/8301096,삼육대 문
7927244,삼육대학교,1941192837,대동방화문,"서비스,산업 > 건설,건축 > 건설자재",37.6414919554412,127.113082800632,http://place.map.kakao.com/1941192837,삼육대 문
7927244,삼육대학교,901183114,건일자동문,"서비스,산업 > 건설,건축 > 시공업체 > 유리,창호시공",37.6358043955597,127.123512054773,http://place.map.kakao.com/901183114,삼육대 문
7927244,삼육대학교,351618121,문든커피,음식점 > 카페,37.6520352131003,127.128112515258,http://place.map.kakao.com/351618121,삼육대 문
7927244,삼육대학교,27096258,서진자동문,"서비스,산업 > 건설,건축 > 시공업체",37.63748329260542,127.12657047030417,http://place.map.kakao.com/27096258,삼육대 문
7927244,삼육대학교,750013965,문컴퍼니,"문화,예술 > 공연,연극 > 공연기획",37.6635023543315,127.122697704706,http://place.map.kakao.com/750013965,삼육대 문
7927244,삼육대학교,539399947,문셈사고력수학교습소,"교육,학문 > 학원 > 수학학원",37.623716871126554,127.08945466189866,http://place.map.kakao.com/539399947,삼육대 문
7927244,삼육대학교,16472231,GS25 하계협동문점,"가정,생활 > 편의점 > GS25",37.6363604562496,127.075178667831,http://place.map.kakao.com/16472231,삼육대 문
7927244,삼육대학교,1277530772,플레이팩토 문셈수학,"교육,학문 > 학원 > 수학학원 > 플레이팩토",37.623604415117,127.089233637828,http://place.map.kakao.com/1277530772,삼육대 문
11265361,서강대학교,10043389,서강대학교 정문,"교통,수송 > 입출구",37.5516352233547,126.937925314256,http://place.map.kakao.com/10043389,서강대학교 게이트
11265361,서강대학교,1844501862,서강대학교 후문,"교통,수송 > 입출구",37.5507696837461,126.943969110916,http://place.map.kakao.com/1844501862,서강대학교 게이트
11265361,서강대학교,18097390,연세대학교 정문,"교통,수송 > 입출구",37.5604968585685,126.936840480172,http://place.map.kakao.com/18097390,서강대학교 게이트
11265361,서강대학교,592662879,이화여자대학교 정문,"교통,수송 > 입출구",37.5594236592153,126.94566937595,http://place.map.kakao.com/592662879,서강대학교 게이트
11265361,서강대학교,1049528224,신촌스타게이트,부동산 > 주거시설 > 도시형생활주택,37.5580788318243,126.94262361882,http://place.map.kakao.com/1049528224,서강대학교 게이트
11265361,서강대학교,1249447451,서강대학교 후문주차장,"교통,수송 > 교통시설 > 주차장",37.55092902200857,126.9436781536983,http://place.map.kakao.com/1249447451,서강대학교 게이트
11265361,서강대학교,308696744,카페게이트 신촌캠퍼스,음식점 > 카페 > 커피전문점 > 카페게이트,37.5537392696422,126.938337774115,http://place.map.kakao.com/308696744,서강대학교 게이트
11265361,서강대학교,1315137150,마포프레스티지자이아파트 게이트1,"교통,수송 > 입출구",37.55316400676476,126.94671734682578,http://place.map.kakao.com/1315137150,서강대학교 게이트
11265361,서강대학교,26397093,이화여자대학교 후문,"교통,수송 > 입출구",37.5635317504439,126.944692996803,http://place.map.kakao.com/26397093,서강대학교 게이트
11265361,서강대학교,726763867,서강대학교 정문주차장,"교통,수송 > 교통시설 > 주차장",37.5512301705454,126.938683868855,http://place.map.kakao.com/726763867,서강대학교 게이트
11265361,서강대학교,433433574,서강대학교 남문,"교통,수송 > 입출구",37.5494986137581,126.938996489276,http://place.map.kakao.com/433433574,서강대학교 게이트
11265361,서강대학교,2066729900,마포그랑자이아파트 2단지 GATE2,"교통,수송 > 입출구",37.5542187596704,126.944086490514,http://place.map.kakao.com/2066729900,서강대학교 게이트
11265361,서강대학교,26553625,게이트맨 마포점,"가정,생활 > 생활용품점 > 열쇠,도장",37.5450995788563,126.934947896962,http://place.map.kakao.com/26553625,서강대학교 게이트
11265361,서강대학교,18922240,연세대학교 남문,"교통,수송 > 입출구",37.5614750339922,126.933014087396,http://place.map.kakao.com/18922240,서강대학교 게이트
11265361,서강대학교,1588958804,이대역STARGATE오피스텔(스타게이트2차),부동산 > 주거시설 > 오피스텔,37.5571212123999,126.944808647491,http://place.map.kakao.com/1588958804,서강대학교 게이트
11265361,서강대학교,1238780392,마포프레스티지자이아파트 정문,"교통,수송 > 입출구",37.5542211934313,126.947422784266,http://place.map.kakao.com/1238780392,서강대학교 게이트
11265361,서강대학교,23774540,홍익대학교 서울캠퍼스 정문,"교통,수송 > 입출구",37.55275180872968,126.92443913897051,http://place.map.kakao.com/23774540,서강대학교 게이트
11265361,서강대학교,666043195,마포더클래시아파트1단지 게이트1,"교통,수송 > 입출구",37.5553139489017,126.949126404109,http://place.map.kakao.com/666043195,서강대학교 게이트
11265361,서강대학교,1469643354,마포자이더센트리지아파트 정문,"교통,수송 > 입출구",37.5506546829242,126.946619547031,http://place.map.kakao.com/1469643354,서강대학교 게이트
11265361,서강대학교,1850698216,이화여자대학교 후문 ECC주차장,"교통,수송 > 교통시설 > 주차장",37.560202690449486,126.94495464108626,http://place.map.kakao.com/1850698216,서강대학교 게이트
11265361,서강대학교,191954023,카페게이트 아현점,음식점 > 카페 > 커피전문점 > 카페게이트,37.55046617401642,126.95477101519491,http://place.map.kakao.com/191954023,서강대학교 게이트
11265361,서강대학교,1158430149,전담게이트 신촌역점,"서비스,산업 > 식품 > 담배 > 전자담배",37.5575053325814,126.936437833527,http://place.map.kakao.com/1158430149,서강대학교 게이트
11265361,서강대학교,1505900000,프린트카페 서강대정문점,"서비스,산업 > 인쇄,복사",37.5531594478258,126.937424970887,http://place.map.kakao.com/1505900000,서강대학교 게이트
11265361,서강대학교,1993934381,대흥동태영아파트 후문,"교통,수송 > 입출구",37.5444938650684,126.941366675925,http://place.map.kakao.com/1993934381,서강대학교 게이트
11265361,서강대학교,781694873,래미안웰스트림아파트 정문,"교통,수송 > 입출구",37.543708877861,126.935754773183,http://place.map.kakao.com/781694873,서강대학교 게이트
11265361,서강대학교,1583567237,스타게이트부동산공인중개사사무소,부동산 > 부동산서비스 > 부동산중개업,37.55806079593418,126.94259081123286,http://place.map.kakao.com/1583567237,서강대학교 게이트
11265361,서강대학교,20494207,홍익대학교 후문,"교통,수송 > 입출구",37.5514381904153,126.927369234147,http://place.map.kakao.com/20494207,서강대학교 게이트
11265361,서강대학교,18922244,연세대학교 서문,"교통,수송 > 입출구",37.5637749061639,126.933953735176,http://place.map.kakao.com/18922244,서강대학교 게이트
11265361,서강대학교,1636753249,프린트카페 이화여대정문점,"서비스,산업 > 인쇄,복사",37.558309941719,126.945484573217,http://place.map.kakao.com/1636753249,서강대학교 게이트
11265361,서강대학교,17578489,세브란스병원 정문,"교통,수송 > 입출구",37.560436337978,126.938253028733,http://place.map.kakao.com/17578489,서강대학교 게이트
11265361,서강대학교,1122624057,마포더클래시 2단지아파트 정문,"교통,수송 > 입출구",37.5564114656951,126.949363325085,http://place.map.kakao.com/1122624057,서강대학교 게이트
11265361,서강대학교,1778026578,공덕삼성래미안4차아파트 정문,"교통,수송 > 입출구",37.5493620751301,126.951552162346,http://place.map.kakao.com/1778026578,서강대학교 게이트
11265361,서강대학교,1233245720,광성중고등학교 후문,"교통,수송 > 입출구",37.54836417089,126.937115519246,http://place.map.kakao.com/1233245720,서강대학교 게이트
11265361,서강대학교,152234594,마포그랑자이아파트 1-1GATE(입주민 전용),"교통,수송 > 입출구",37.55453372776068,126.94519534043667,http://place.map.kakao.com/152234594,서강대학교 게이트
11265361,서강대학교,186568161,마포그랑자이아파트 GATE 1-2,"교통,수송 > 입출구",37.55521664937008,126.943215444615,http://place.map.kakao.com/186568161,서강대학교 게이트
11265361,서강대학교,313573795,e편한세상신촌아파트1단지 후문,"교통,수송 > 입출구",37.5588278232198,126.949091193407,http://place.map.kakao.com/313573795,서강대학교 게이트
11265361,서강대학교,363935908,마포더클래시아파트 게이트2,"교통,수송 > 입출구",37.5561716457537,126.951134667398,http://place.map.kakao.com/363935908,서강대학교 게이트
11265361,서강대학교,754924844,래미안공덕4차아파트 후문,"교통,수송 > 입출구",37.5508593108509,126.951010257783,http://place.map.kakao.com/754924844,서강대학교 게이트
11265361,서강대학교,7999562,연세대학교 동문,"교통,수송 > 입출구",37.5660622423696,126.945759633944,http://place.map.kakao.com/7999562,서강대학교 게이트
11265361,서강대학교,10750162,이화여자대학교 정문경비실,"교육,학문 > 학교부속시설",37.563594853009214,126.94476312526892,http://place.map.kakao.com/10750162,서강대학교 게이트
11265361,서강대학교,1732284481,마포자이더센트리지아파트 후문,"교통,수송 > 입출구",37.5501505554667,126.947582943579,http://place.map.kakao.com/1732284481,서강대학교 게이트
11265361,서강대학교,625654049,래미안웰스트림아파트 후문,"교통,수송 > 입출구",37.5425050149629,126.935520446363,http://place.map.kakao.com/625654049,서강대학교 게이트
11265361,서강대학교,1081845899,공덕래미안5차아파트 후문,"교통,수송 > 입출구",37.5506396612402,126.951480040774,http://place.map.kakao.com/1081845899,서강대학교 게이트
11265361,서강대학교,1849920780,프로티너 연세대정문앞신촌세브란스점,음식점 > 패스트푸드,37.56035859437204,126.93776188834947,http://place.map.kakao.com/1849920780,서강대학교 게이트
11265361,서강대학교,476026012,마포웨스트리버태영데시앙아파트 후문,"교통,수송 > 입출구",37.5504522303439,126.931441895787,http://place.map.kakao.com/476026012,서강대학교 게이트
11265361,서강대학교,1285180952,마포아이파크포레아파트 후문,"교통,수송 > 입출구",37.5500901945164,126.934918663516,http://place.map.kakao.com/1285180952,서강대학교 gate
11265361,서강대학교,1631981919,e편한세상마포리버파크아파트 정문,"교통,수송 > 입출구",37.54182761592,126.942812593093,http://place.map.kakao.com/1631981919,서강대학교 gate
11265361,서강대학교,627053570,래미안마포리버웰아파트 정문,"교통,수송 > 입출구",37.5420050046127,126.942589546149,http://place.map.kakao.com/627053570,서강대학교 gate
11265361,서강대학교,921581159,한강밤섬자이아파트 정문,"교통,수송 > 입출구",37.5455058434529,126.928563152241,http://place.map.kakao.com/921581159,서강대학교 gate
11265361,서강대학교,1124796872,서울한서초등학교 정문,"교통,수송 > 입출구",37.5536541407917,126.948732566886,http://place.map.kakao.com/1124796872,서강대학교 gate
11265361,서강대학교,2109875238,힐스테이트신촌아파트 정문,"교통,수송 > 입출구",37.5623942632169,126.951944395407,http://place.map.kakao.com/2109875238,서강대학교 gate
11265361,서강대학교,887531644,래미안공덕3차아파트 중문,"교통,수송 > 입출구",37.5479408183473,126.952834076045,http://place.map.kakao.com/887531644,서강대학교 gate
11265361,서강대학교,626747534,래미안마포리버웰아파트 후문,"교통,수송 > 입출구",37.5429600180398,126.942494895639,http://place.map.kakao.com/626747534,서강대학교 gate
11265361,서강대학교,71283831,래미안공덕3차아파트 후문,"교통,수송 > 입출구",37.5492106479011,126.951407410541,http://place.map.kakao.com/71283831,서강대학교 gate
11265361,서강대학교,666482238,마포도화우성아파트 정문,"교통,수송 > 입출구",37.5363922706164,126.94752921422,http://place.map.kakao.com/666482238,서강대학교 gate
11265361,서강대학교,1575453424,공덕삼성아파트 후문,"교통,수송 > 입출구",37.5478645395601,126.951367546099,http://place.map.kakao.com/1575453424,서강대학교 gate
11265361,서강대학교,1557454094,신촌푸르지오아파트 정문,"교통,수송 > 입출구",37.5605052392461,126.9528521884927,http://place.map.kakao.com/1557454094,서강대학교 gate
11265361,서강대학교,1432501540,e편한세상마포리버파크 후문,"교통,수송 > 입출구",37.5407589011056,126.944429207625,http://place.map.kakao.com/1432501540,서강대학교 gate
11265361,서강대학교,2075323793,숙명여자대학교 제1캠퍼스 정문,"교통,수송 > 입출구",37.5452474193529,126.964862197806,http://place.map.kakao.com/2075323793,서강대학교 gate
11265361,서강대학교,641595686,카페문,음식점 > 카페,37.55784268130882,126.94626357117698,http://place.map.kakao.com/641595686,서강대 문
11265361,서강대학교,1096201456,치즈문,음식점 > 술집 > 와인바,37.5594119871546,126.943831351918,http://place.map.kakao.com/1096201456,서강대 문
11265361,서강대학교,1802522702,디저트문,음식점 > 카페 > 테마카페 > 디저트카페,37.553073686326336,126.93222602425678,http://place.map.kakao.com/1802522702,서강대 문
11265361,서강대학교,1415250645,블루문 신촌,음식점 > 술집,37.5549751519309,126.932856937252,http://place.map.kakao.com/1415250645,서강대 문
11265361,서강대학교,1442541843,문하우스,"부동산 > 주거시설 > 빌라,주택",37.54599410753165,126.93304378448569,http://place.map.kakao.com/1442541843,서강대 문
11265361,서강대학교,1227447269,리틀문카페,음식점 > 카페,37.55708343581528,126.93276903199656,http://place.map.kakao.com/1227447269,서강대 문
11265361,서강대학교,198585325,헌터스문 신촌본점,"음식점 > 술집 > 호프,요리주점",37.558872902435894,126.93959661619526,http://place.map.kakao.com/198585325,서강대 문
11265361,서강대학교,176930828,발리문,음식점 > 아시아음식 > 동남아음식,37.5620249290629,126.924529376015,http://place.map.kakao.com/176930828,서강대 문
11265361,서강대학교,1493311380,흰문,음식점 > 일식,37.542352461609,126.947700425511,http://place.map.kakao.com/1493311380,서강대 문
11265361,서강대학교,201026676,블링문,"가정,생활 > 패션 > 패션잡화점 > 액세서리",37.5589070494833,126.943039480914,http://place.map.kakao.com/201026676,서강대 문
11265361,서강대학교,178765921,더스테이문,"부동산 > 주거시설 > 고시원,고시텔",37.5551302827071,126.93313746676,http://place.map.kakao.com/178765921,서강대 문
11265361,서강대학교,1872840534,스마트자동문,"서비스,산업 > 건설,건축 > 시공업체",37.5452058130645,126.934796173123,http://place.map.kakao.com/1872840534,서강대 문
11265361,서강대학교,9243057,연세문이비인후과의원,"의료,건강 > 병원 > 이비인후과",37.5578207455473,126.956440457177,http://place.map.kakao.com/9243057,서강대 문
11265361,서강대학교,938112032,그린문컴퍼니,"서비스,산업 > 전문대행 > 컨설팅",37.5437763681933,126.93727326470922,http://place.map.kakao.com/938112032,서강대 문
11265361,서강대학교,921842914,더문공인중개사사무소,부동산 > 부동산서비스 > 부동산중개업,37.5551125207946,126.933594700874,http://place.map.kakao.com/921842914,서강대 문
11265361,서강대학교,2106369372,케이엘방화문,"서비스,산업 > 건설,건축 > 시공업체",37.5455672875649,126.92737493043116,http://place.map.kakao.com/2106369372,서강대 문
11265361,서강대학교,1198984168,크레센트문,"서비스,산업 > 인터넷,IT",37.5416674279006,126.947085354341,http://place.map.kakao.com/1198984168,서강대 문
11265361,서강대학교,1546835344,아현파란문약국,"의료,건강 > 약국",37.55810986127829,126.95615847720609,http://place.map.kakao.com/1546835344,서강대 문
11265361,서강대학교,509709659,투어문,"서비스,산업 > 여행사",37.5438971352884,126.952835492115,http://place.map.kakao.com/509709659,서강대 문
11265361,서강대학교,197617527,태양자동문수리AS센터,"서비스,산업 > 건설,건축 > 시공업체",37.5533901903859,126.925185417924,http://place.map.kakao.com/197617527,서강대 문
11265361,서강대학교,1743886829,상상의문 홍대점,음식점 > 카페 > 테마카페,37.554006624634,126.922624870188,http://place.map.kakao.com/1743886829,서강대 문
11265361,서강대학교,947862288,메이드문 홍대본점,음식점 > 카페 > 테마카페,37.5522215544472,126.920972192868,http://place.map.kakao.com/947862288,서강대 문
11265361,서강대학교,695707807,문김밥,음식점 > 분식,37.566036693739,126.925362930041,http://place.map.kakao.com/695707807,서강대 문
11265361,서강대학교,1470963688,노고산동출장열쇠현관문도어락설치열쇠 수리도어락고장마포구열쇠,"가정,생활 > 생활용품점 > 열쇠",37.553945964192,126.934014468931,http://place.map.kakao.com/1470963688,서강대 문
11265361,서강대학교,854600786,블루문파크,"문화,예술 > 영화,영상 > 영상제작,배급",37.54246753941037,126.95133031660886,http://place.map.kakao.com/854600786,서강대 문
11265361,서강대학교,1903233736,대흥동출장열쇠현관문도어락설치열쇠 수리도어락고장마포구열쇠집,"가정,생활 > 생활용품점 > 열쇠",37.5473259961628,126.941956290052,http://place.map.kakao.com/1903233736,서강대 문
11265361,서강대학교,1821077267,살롱드문 동교점,"가정,생활 > 미용 > 미용실",37.5605832949871,126.924467448762,http://place.map.kakao.com/1821077267,서강대 문
11265361,서강대학교,882123536,케이문에프엔디,"문화,예술 > 연예기획사",37.54488082722187,126.92465981975194,http://place.map.kakao.com/882123536,서강대 문
11265361,서강대학교,670213115,문식탁,음식점 > 한식,37.5539011397922,126.966693769092,http://place.map.kakao.com/670213115,서강대 문
11265361,서강대학교,375509230,아뜰리에문카페 홍대본점,음식점 > 카페,37.560583296429,126.924469712383,http://place.map.kakao.com/375509230,서강대 문
11265361,서강대학교,613959641,대승자동문,"서비스,산업 > 건설,건축 > 시공업체 > 유리,창호시공",37.5434746442791,126.957803273708,http://place.map.kakao.com/613959641,서강대 문
11265361,서강대학교,1232066658,문하우스,여행 > 숙박,37.5561539642704,126.916401453283,http://place.map.kakao.com/1232066658,서강대 문
11265361,서강대학교,1113256633,문싸롱,"가정,생활 > 미용 > 미용실",37.559669501366,126.924182026529,http://place.map.kakao.com/1113256633,서강대 문
11265361,서강대학교,2054987549,문하우스,"부동산 > 주거시설 > 빌라,주택",37.56131289107937,126.92138362898066,http://place.map.kakao.com/2054987549,서강대 문
11265361,서강대학교,2121612964,을지문,"음식점 > 한식 > 육류,고기 > 갈비",37.5363895542031,126.961535379004,http://place.map.kakao.com/2121612964,서강대 문
11265361,서강대학교,22873741,문부터,음식점 > 술집 > 칵테일바,37.55936476706939,126.91847696900808,http://place.map.kakao.com/22873741,서강대 문
11265361,서강대학교,22251609,문화문,"교육,학문 > 교육단체 > 학교법인,재단",37.5502434504549,126.919032362121,http://place.map.kakao.com/22251609,서강대 문
11265361,서강대학교,1223068018,빨간문약국,"의료,건강 > 약국",37.5700638923273,126.962914900305,http://place.map.kakao.com/1223068018,서강대 문
11265361,서강대학교,753611025,콤마더문 용산,"가정,생활 > 미용 > 두피,탈모관리",37.54128479098008,126.96185308433402,http://place.map.kakao.com/753611025,서강대 문
11265361,서강대학교,765209659,비아문,"서비스,산업 > 디자인",37.5689668744715,126.928505661648,http://place.map.kakao.com/765209659,서강대 문
11265361,서강대학교,1509002467,문스튜디오,"문화,예술 > 음악 > 녹음실",37.5330416521259,126.952255135077,http://place.map.kakao.com/1509002467,서강대 문
11265361,서강대학교,20752181,문바운드,"문화,예술 > 사진",37.5514414120386,126.915930282979,http://place.map.kakao.com/20752181,서강대 문
11265361,서강대학교,1373917930,문헤어,"가정,생활 > 미용 > 미용실",37.53301856027098,126.9530889875355,http://place.map.kakao.com/1373917930,서강대 문
11265361,서강대학교,1136746447,레이문스튜디오,"문화,예술 > 사진 > 사진관,포토스튜디오",37.5585939168487,126.911527542616,http://place.map.kakao.com/1136746447,서강대 문
11265361,서강대학교,27882486,문빌딩공인중개사사무소,부동산 > 부동산서비스 > 부동산중개업,37.5492003308943,126.915511830453,http://place.map.kakao.com/27882486,서강대 문
11137036,서울대학교 관악캠퍼스,12797103,서울대학교 관악캠퍼스 정문,"교통,수송 > 입출구",37.466352968363864,126.9484033871627,http://place.map.kakao.com/12797103,서울대학교 게이트
11137036,서울대학교 관악캠퍼스,15139359,서울대학교후문교차로,"교통,수송 > 도로시설 > 교차로",37.464646626923,126.957936914359,http://place.map.kakao.com/15139359,서울대학교 게이트
11137036,서울대학교 관악캠퍼스,124963908,씨피게이트 플러스,"서비스,산업 > 인쇄,복사",37.45916926451365,126.95286728155395,http://place.map.kakao.com/124963908,서울대학교 게이트
11137036,서울대학교 관악캠퍼스,49420821,서울대학교 정문B주차장,"교통,수송 > 교통시설 > 주차장",37.465190928145,126.94901232565365,http://place.map.kakao.com/49420821,서울대학교 게이트
11137036,서울대학교 관악캠퍼스,1295451410,서울대학교 관악캠퍼스 후문,"교통,수송 > 입출구",37.46435380870474,126.95796646773651,http://place.map.kakao.com/1295451410,서울대학교 게이트
11137036,서울대학교 관악캠퍼스,8227161,관악산관문,"교통,수송 > 입출구",37.4677234791935,126.946540660475,http://place.map.kakao.com/8227161,서울대학교 게이트
11137036,서울대학교 관악캠퍼스,27600517,서울대학교 후문안내소,"교육,학문 > 학교부속시설",37.4646465575585,126.957742491889,http://place.map.kakao.com/27600517,서울대학교 게이트
11137036,서울대학교 관악캠퍼스,10504520,서울대학교 정문수위실,"교육,학문 > 학교부속시설",37.46626454308473,126.94811519905872,http://place.map.kakao.com/10504520,서울대학교 게이트
11137036,서울대학교 관악캠퍼스,1805582313,서울대벤처타운역푸르지오아파트 정문,"교통,수송 > 입출구",37.4615335967455,126.932576616582,http://place.map.kakao.com/1805582313,서울대학교 게이트
11137036,서울대학교 관악캠퍼스,1413721606,더게이트,"부동산 > 주거시설 > 빌라,주택",37.477657354248144,126.9637881817145,http://place.map.kakao.com/1413721606,서울대학교 게이트
11137036,서울대학교 관악캠퍼스,969389701,전담 GATE 서울대샤로수길점,"서비스,산업 > 식품 > 담배 > 전자담배",37.4783962344861,126.955981235878,http://place.map.kakao.com/969389701,서울대학교 게이트
11137036,서울대학교 관악캠퍼스,26946032,신성초등학교 정문,"교통,수송 > 입출구",37.4711676249757,126.936585624353,http://place.map.kakao.com/26946032,서울대학교 게이트
11137036,서울대학교 관악캠퍼스,856970086,전담GATE 낙성대점,"서비스,산업 > 식품 > 담배",37.4757032610247,126.964435787694,http://place.map.kakao.com/856970086,서울대학교 게이트
11137036,서울대학교 관악캠퍼스,463301531,전담 GATE 서울대벤처타운점,"서비스,산업 > 식품 > 담배 > 전자담배",37.4695070490823,126.934903807203,http://place.map.kakao.com/463301531,서울대학교 게이트
11137036,서울대학교 관악캠퍼스,148851889,사당휴먼시아아파트 정문,"교통,수송 > 입출구",37.47971817410693,126.97109532388056,http://place.map.kakao.com/148851889,서울대학교 게이트
11137036,서울대학교 관악캠퍼스,1830241781,e편한세상서울대입구1차아파트 정문,"교통,수송 > 입출구",37.4784101550261,126.944148675085,http://place.map.kakao.com/1830241781,서울대학교 게이트
11137036,서울대학교 관악캠퍼스,757400473,서울원신초등학교 정문,"교통,수송 > 입출구",37.4665192482743,126.927104435893,http://place.map.kakao.com/757400473,서울대학교 게이트
11137036,서울대학교 관악캠퍼스,507655019,관악우성아파트 후문,"교통,수송 > 입출구",37.4852725138157,126.95784846743,http://place.map.kakao.com/507655019,서울대학교 게이트
11137036,서울대학교 관악캠퍼스,1284662025,사당휴먼시아아파트 후문,"교통,수송 > 입출구",37.4780049621282,126.96953015173,http://place.map.kakao.com/1284662025,서울대학교 게이트
11137036,서울대학교 관악캠퍼스,139798453,e편한세상서울대입구2차아파트 후문,"교통,수송 > 입출구",37.4772278922575,126.941991329603,http://place.map.kakao.com/139798453,서울대학교 게이트
11137036,서울대학교 관악캠퍼스,868202389,e편한세상서울대입구2차아파트 정문,"교통,수송 > 입출구",37.4785882589505,126.941671456392,http://place.map.kakao.com/868202389,서울대학교 게이트
11137036,서울대학교 관악캠퍼스,27496929,관악푸르지오아파트 정문,"교통,수송 > 입출구",37.4855331121042,126.961077537492,http://place.map.kakao.com/27496929,서울대학교 게이트
11137036,서울대학교 관악캠퍼스,1470499924,서울원당초등학교 후문,"교통,수송 > 입출구",37.4814749389597,126.955864106955,http://place.map.kakao.com/1470499924,서울대학교 게이트
11137036,서울대학교 관악캠퍼스,2100183839,신봉아파트 정문,"교통,수송 > 입출구",37.4851331672154,126.949451044876,http://place.map.kakao.com/2100183839,서울대학교 게이트
11137036,서울대학교 관악캠퍼스,2013328700,서울신봉초등학교 정문,"교통,수송 > 입출구",37.4855755365031,126.949390820859,http://place.map.kakao.com/2013328700,서울대학교 게이트
11137036,서울대학교 관악캠퍼스,680433850,서울관악초등학교 정문,"교통,수송 > 입출구",37.4810461088433,126.943311192123,http://place.map.kakao.com/680433850,서울대학교 게이트
11137036,서울대학교 관악캠퍼스,2038175485,명성공인중개사사무소,부동산 > 부동산서비스 > 부동산중개업,37.4776483365293,126.963763313762,http://place.map.kakao.com/2038175485,서울대학교 게이트
11137036,서울대학교 관악캠퍼스,1693298886,소바텐동,음식점 > 일식,37.4776483365367,126.963763313762,http://place.map.kakao.com/1693298886,서울대학교 게이트
11137036,서울대학교 관악캠퍼스,1398341881,손톱하는여자,"가정,생활 > 미용 > 네일샵",37.4776150102723,126.96379950773388,http://place.map.kakao.com/1398341881,서울대학교 게이트
11137036,서울대학교 관악캠퍼스,730910489,서로상,음식점 > 술집 > 칵테일바,37.4776483365367,126.963763313762,http://place.map.kakao.com/730910489,서울대학교 게이트
11137036,서울대학교 관악캠퍼스,1013249903,조이필라테스,"스포츠,레저 > 요가,필라테스 > 필라테스",37.4776483365367,126.963763313762,http://place.map.kakao.com/1013249903,서울대학교 게이트
11137036,서울대학교 관악캠퍼스,141582988,수엘스킨케어,"가정,생활 > 미용 > 피부관리",37.47762852472004,126.96379724009701,http://place.map.kakao.com/141582988,서울대학교 게이트
11137036,서울대학교 관악캠퍼스,31814942,클레어뷰티,"가정,생활 > 미용 > 메이크업",37.477648336536696,126.96376331376213,http://place.map.kakao.com/31814942,서울대학교 게이트
11137036,서울대학교 관악캠퍼스,879860589,헤어감동그자체,"가정,생활 > 미용 > 미용실",37.477648336529256,126.96376331376234,http://place.map.kakao.com/879860589,서울대학교 게이트
11137036,서울대학교 관악캠퍼스,1977045482,서울대학교 정문 대여소,"스포츠,레저 > 자전거,싸이클 > 자전거대여소",37.467093998438784,126.94932528447343,http://place.map.kakao.com/1977045482,서울대학교 게이트
11137036,서울대학교 관악캠퍼스,578518968,나이키 문 슈 기획전 버전 0: 프로토타입,이슈 > 이벤트 > 전시,37.4662745301325,126.954886215705,http://place.map.kakao.com/578518968,서울대학교 문
10498806,서울시립대학교,1435351662,서울시립대학교 정문,"교통,수송 > 입출구",37.5834771622868,127.055113438416,http://place.map.kakao.com/1435351662,서울시립대학교 게이트
10498806,서울시립대학교,26896071,서울시립대학교 후문,"교통,수송 > 입출구",37.58521140994416,127.06094546401724,http://place.map.kakao.com/26896071,서울시립대학교 게이트
10498806,서울시립대학교,17008659,게이트맨 동대문점,"가정,생활 > 생활용품점 > 열쇠,도장",37.5820530387715,127.054365178764,http://place.map.kakao.com/17008659,서울시립대학교 게이트
10498806,서울시립대학교,820424802,빨간대문,"음식점 > 일식 > 돈까스,우동",37.58569260653839,127.0608167865352,http://place.map.kakao.com/820424802,서울시립대학교 게이트
10498806,서울시립대학교,26397117,경희대학교 정문,"교통,수송 > 입출구",37.5938315697917,127.052697920723,http://place.map.kakao.com/26397117,서울시립대학교 게이트
10498806,서울시립대학교,1581971777,주공아파트 정문,"교통,수송 > 입출구",37.5829610106078,127.068639983595,http://place.map.kakao.com/1581971777,서울시립대학교 게이트
10498806,서울시립대학교,2017245523,전농우성아파트 정문,"교통,수송 > 입출구",37.5784539059006,127.066068285096,http://place.map.kakao.com/2017245523,서울시립대학교 게이트
10498806,서울시립대학교,637326947,전농SK아파트 정문,"교통,수송 > 입출구",37.5777645457305,127.061240524841,http://place.map.kakao.com/637326947,서울시립대학교 게이트
10498806,서울시립대학교,20576679,삼육서울병원 정문주차장,"교통,수송 > 교통시설 > 주차장",37.58945859451551,127.06284431048113,http://place.map.kakao.com/20576679,서울시립대학교 게이트
10498806,서울시립대학교,27853236,신현대아파트 정문,"교통,수송 > 입출구",37.5891635290163,127.052700290591,http://place.map.kakao.com/27853236,서울시립대학교 게이트
10498806,서울시립대학교,2143884454,휘경자이디센시아아파트 후문,"교통,수송 > 입출구",37.592307107959,127.063634780463,http://place.map.kakao.com/2143884454,서울시립대학교 게이트
10498806,서울시립대학교,1220652183,휘경자이디센시아아파트 정문,"교통,수송 > 입출구",37.5939020513347,127.063285120747,http://place.map.kakao.com/1220652183,서울시립대학교 게이트
10498806,서울시립대학교,638768484,시조사 정문,"교통,수송 > 입출구",37.5887398774826,127.053113258525,http://place.map.kakao.com/638768484,서울시립대학교 게이트
10498806,서울시립대학교,1167962615,래미안엘파인아파트 정문,"교통,수송 > 입출구",37.57638094365547,127.0656645757561,http://place.map.kakao.com/1167962615,서울시립대학교 게이트
10498806,서울시립대학교,1390155690,래미안이문2차아파트 정문,"교통,수송 > 입출구",37.5937285243427,127.05910673921,http://place.map.kakao.com/1390155690,서울시립대학교 게이트
10498806,서울시립대학교,346634332,전담 GATE 경희대점,"서비스,산업 > 식품 > 담배",37.5917224524691,127.052463183324,http://place.map.kakao.com/346634332,서울시립대학교 게이트
10498806,서울시립대학교,1412331547,주공1단지아파트 후문,"교통,수송 > 입출구",37.5824027469262,127.072570265586,http://place.map.kakao.com/1412331547,서울시립대학교 게이트
10498806,서울시립대학교,2114487982,카페게이트 답십리간데메공원점,음식점 > 카페 > 커피전문점 > 카페게이트,37.5733127448865,127.047521521749,http://place.map.kakao.com/2114487982,서울시립대학교 게이트
10498806,서울시립대학교,536324711,래미안라그란데아파트 게이트2,"교통,수송 > 입출구",37.599768851645,127.060719531634,http://place.map.kakao.com/536324711,서울시립대학교 게이트
10498806,서울시립대학교,1846906800,동대문롯데캐슬노블레스아파트 정문,"교통,수송 > 입출구",37.576794432248,127.049125594217,http://place.map.kakao.com/1846906800,서울시립대학교 게이트
10498806,서울시립대학교,1297421978,카페게이트 장안래미안점,음식점 > 카페 > 커피전문점 > 카페게이트,37.57472993836922,127.07393256954484,http://place.map.kakao.com/1297421978,서울시립대학교 게이트
10498806,서울시립대학교,1155399713,전농우성아파트 후문,"교통,수송 > 입출구",37.5764483446164,127.065975949011,http://place.map.kakao.com/1155399713,서울시립대학교 게이트
10498806,서울시립대학교,225636290,프린트카페 경희대정문점,"서비스,산업 > 인쇄,복사",37.59161587342018,127.05501753427863,http://place.map.kakao.com/225636290,서울시립대학교 게이트
10498806,서울시립대학교,1391529931,장안한신아파트 후문,"교통,수송 > 입출구",37.5790923324714,127.071361375428,http://place.map.kakao.com/1391529931,서울시립대학교 게이트
10498806,서울시립대학교,1017302941,브라운스톤휘경아파트 후문,"교통,수송 > 입출구",37.590463532433,127.065547868224,http://place.map.kakao.com/1017302941,서울시립대학교 게이트
10498806,서울시립대학교,2006097671,화이트365빵래방시립대 후문,"가정,생활 > 세탁소 > 셀프빨래방",37.5859080008587,127.060706006719,http://place.map.kakao.com/2006097671,서울시립대학교 게이트
10498806,서울시립대학교,247242075,제이엔터 경희대정문점,"서비스,산업 > 전문대행 > 공간대여",37.5913010000209,127.053991460294,http://place.map.kakao.com/247242075,서울시립대학교 게이트
10498806,서울시립대학교,186594796,경희대학교 후문,"교통,수송 > 입출구",37.5981142355862,127.05412773906,http://place.map.kakao.com/186594796,서울시립대학교 게이트
10498806,서울시립대학교,193241218,경희대학교 남문,"교통,수송 > 입출구",37.5945543473825,127.056208639286,http://place.map.kakao.com/193241218,서울시립대학교 게이트
10498806,서울시립대학교,1814495982,휘경롯데낙천대아파트 정문,"교통,수송 > 입출구",37.5923234565011,127.065047894289,http://place.map.kakao.com/1814495982,서울시립대학교 게이트
10498806,서울시립대학교,403198476,삼육초등학교 후문,"교통,수송 > 입출구",37.5894062601637,127.047601951384,http://place.map.kakao.com/403198476,서울시립대학교 게이트
10498806,서울시립대학교,27384930,한국외대정문,"교통,수송 > 입출구",37.5965021772992,127.060096346596,http://place.map.kakao.com/27384930,서울시립대학교 게이트
10498806,서울시립대학교,355663192,래미안라그란데아파트 게이트5,"교통,수송 > 입출구",37.5985489373759,127.058887472186,http://place.map.kakao.com/355663192,서울시립대학교 게이트
10498806,서울시립대학교,186359417,롯데백화점 청량리점 후문,"교통,수송 > 입출구",37.5809839012778,127.049491757291,http://place.map.kakao.com/186359417,서울시립대학교 게이트
10498806,서울시립대학교,790938502,이문쌍용아파트 정문,"교통,수송 > 입출구",37.5991966457134,127.069053499257,http://place.map.kakao.com/790938502,서울시립대학교 게이트
10498806,서울시립대학교,1891018401,이문아이파크자이아파트 1단지 후문,"교통,수송 > 입출구",37.5962451042884,127.062392547736,http://place.map.kakao.com/1891018401,서울시립대학교 게이트
10498806,서울시립대학교,1443531489,래미안라그란데아파트 게이트4,"교통,수송 > 입출구",37.5995193587653,127.060560792787,http://place.map.kakao.com/1443531489,서울시립대학교 게이트
10498806,서울시립대학교,137156823,이문아이파크자이아파트 2단지 정문,"교통,수송 > 입출구",37.5985669155017,127.064153082247,http://place.map.kakao.com/137156823,서울시립대학교 게이트
10498806,서울시립대학교,124606080,래미안라그란데아파트 게이트3,"교통,수송 > 입출구",37.6004229057925,127.059072400295,http://place.map.kakao.com/124606080,서울시립대학교 게이트
10498806,서울시립대학교,1045137873,래미안라그란데아파트 게이트1,"교통,수송 > 입출구",37.60310501925855,127.06110727778606,http://place.map.kakao.com/1045137873,서울시립대학교 게이트
10498806,서울시립대학교,2009989067,이문아이파크자이아파트 1단지 정문,"교통,수송 > 입출구",37.5981679688244,127.063798304729,http://place.map.kakao.com/2009989067,서울시립대학교 게이트
10498806,서울시립대학교,1256166357,카페게이트 고려대역점,음식점 > 카페 > 커피전문점 > 카페게이트,37.59106616747106,127.03673092661474,http://place.map.kakao.com/1256166357,서울시립대학교 게이트
10498806,서울시립대학교,166872841,청량리역롯데캐슬SKY-L65아파트 정문,"교통,수송 > 입출구",37.5782286305219,127.045071432324,http://place.map.kakao.com/166872841,서울시립대학교 게이트
10498806,서울시립대학교,1676847736,장안래미안2차아파트 후문,"교통,수송 > 입출구",37.57513969309276,127.07424767934353,http://place.map.kakao.com/1676847736,서울시립대학교 게이트
10498806,서울시립대학교,570270766,답십리파크자이아파트 정문,"교통,수송 > 입출구",37.568073903102,127.058562380385,http://place.map.kakao.com/570270766,서울시립대학교 게이트
10498806,서울시립대학교,1133078305,동국대학교 사범대학 부속고등학교 후문,"교통,수송 > 입출구",37.5778327061669,127.074340919055,http://place.map.kakao.com/1133078305,서울시립대학교 gate
10498806,서울시립대학교,281947214,청량리역롯데캐슬SKY-L65아파트 후문 입주민전용,"교통,수송 > 입출구",37.5783685432366,127.044388872219,http://place.map.kakao.com/281947214,서울시립대학교 gate
10498806,서울시립대학교,99858352,동국대학교 사범대학 부속고등학교 정문,"교통,수송 > 입출구",37.5777955155096,127.076146536113,http://place.map.kakao.com/99858352,서울시립대학교 gate
10498806,서울시립대학교,1161895632,국립산림과학원 정문,"교통,수송 > 입출구",37.591440803427,127.042617825784,http://place.map.kakao.com/1161895632,서울시립대학교 gate
10498806,서울시립대학교,151743332,사가정센트럴아이파크아파트 후문,"교통,수송 > 입출구",37.5817843376557,127.080046264272,http://place.map.kakao.com/151743332,서울시립대학교 gate
10498806,서울시립대학교,27337727,고려대학교 서울캠퍼스 정문,"교통,수송 > 입출구",37.58815247199953,127.03424727911144,http://place.map.kakao.com/27337727,서울시립대학교 gate
10498806,서울시립대학교,6119459,마장축산물시장 북문,"교통,수송 > 입출구",37.570651453347,127.042122628762,http://place.map.kakao.com/6119459,서울시립대학교 gate
10498806,서울시립대학교,134576252,이문삼익아파트 북문,"교통,수송 > 입출구",37.5964929343978,127.067210924191,http://place.map.kakao.com/134576252,서울시립대학교 gate
10498806,서울시립대학교,1455646421,신답경남아파트 정문,"교통,수송 > 입출구",37.575165445199,127.044556775642,http://place.map.kakao.com/1455646421,서울시립대학교 gate
10498806,서울시립대학교,1281331983,이문아이파크자이아파트 2단지 후문,"교통,수송 > 입출구",37.600766962919,127.064468651513,http://place.map.kakao.com/1281331983,서울시립대학교 gate
10498806,서울시립대학교,1900627195,한국과학기술연구원 북문,"교통,수송 > 입출구",37.6042175699009,127.045534434212,http://place.map.kakao.com/1900627195,서울시립대학교 gate
10498806,서울시립대학교,899785535,마장축산물시장 서문입구,"교통,수송 > 입출구",37.5700600610958,127.037801625054,http://place.map.kakao.com/899785535,서울시립대학교 gate
10498806,서울시립대학교,2042277440,빅문,음식점 > 양식,37.5926299873215,127.055875429116,http://place.map.kakao.com/2042277440,서울시립대 문
10498806,서울시립대학교,8032866,서울자동문,"서비스,산업 > 건설,건축 > 시공업체 > 산업설비시공",37.5757430442681,127.067256796566,http://place.map.kakao.com/8032866,서울시립대 문
10498806,서울시립대학교,607717652,외대이문바른정형외과의원,"의료,건강 > 병원 > 정형외과",37.5957329594685,127.061402452106,http://place.map.kakao.com/607717652,서울시립대 문
10498806,서울시립대학교,925321262,문테리어,음식점 > 카페,37.577222548055,127.048779464206,http://place.map.kakao.com/925321262,서울시립대 문
10498806,서울시립대학교,1156705583,샵자동문,"서비스,산업 > 제조업 > 전기,전자 > 자동화장치",37.5909529012061,127.073002036065,http://place.map.kakao.com/1156705583,서울시립대 문
10498806,서울시립대학교,16766367,문모텔,"여행 > 숙박 > 여관,모텔",37.5694463507777,127.07970705845,http://place.map.kakao.com/16766367,서울시립대 문
10498806,서울시립대학교,401581722,도서출판샘문,"문화,예술 > 도서 > 출판사 > 잡지사,정기간행물출판",37.58895657198204,127.07683611711246,http://place.map.kakao.com/401581722,서울시립대 문
10498806,서울시립대학교,658448726,문네일,"가정,생활 > 미용 > 네일샵",37.5670878309001,127.06109595381457,http://place.map.kakao.com/658448726,서울시립대 문
10498806,서울시립대학교,2003274857,JW자동문,"서비스,산업 > 건설,건축 > 인테리어",37.5916418528575,127.076336144867,http://place.map.kakao.com/2003274857,서울시립대 문
10498806,서울시립대학교,991882216,현대자동문 은우테크,"서비스,산업 > 건설,건축 > 시공업체 > 유리,창호시공",37.590290268992945,127.07648422283131,http://place.map.kakao.com/991882216,서울시립대 문
10498806,서울시립대학교,1607176959,포포문비스트로,음식점 > 양식,37.57970919631214,127.03938351907664,http://place.map.kakao.com/1607176959,서울시립대 문
10498806,서울시립대학교,92276873,문밸리,음식점 > 양식,37.6040606262464,127.043602345473,http://place.map.kakao.com/92276873,서울시립대 문
10498806,서울시립대학교,676704401,성우자동문,"서비스,산업 > 제조업 > 전기,전자 > 자동화장치",37.5693653713425,127.06480606253,http://place.map.kakao.com/676704401,서울시립대 문
10498806,서울시립대학교,27280849,열린문교회,"문화,예술 > 종교 > 기독교 > 교회",37.59741218823,127.081159135531,http://place.map.kakao.com/27280849,서울시립대 문
10498806,서울시립대학교,1269569358,희망부동산이문아이파크자이래미안라그란데공인중개사사무소,부동산 > 부동산서비스 > 부동산중개업,37.59652262742182,127.06235880880205,http://place.map.kakao.com/1269569358,서울시립대 문
10498806,서울시립대학교,883234761,열린문교회,"문화,예술 > 종교 > 기독교 > 교회",37.5900197453834,127.083466572386,http://place.map.kakao.com/883234761,서울시립대 문
10498806,서울시립대학교,16080187,문스크린골프,"스포츠,레저 > 골프 > 골프연습장 > 스크린골프연습장",37.5616127305525,127.065659535056,http://place.map.kakao.com/16080187,서울시립대 문
10498806,서울시립대학교,1297031572,지혜문,"문화,예술 > 도서 > 출판사",37.5867809744012,127.036964320068,http://place.map.kakao.com/1297031572,서울시립대 문
10498806,서울시립대학교,621132735,오버더문꽃집,"가정,생활 > 꽃집,꽃배달",37.6083018985296,127.05940140317564,http://place.map.kakao.com/621132735,서울시립대 문
10498806,서울시립대학교,1189813599,융기방화문,"서비스,산업 > 건설,건축 > 건설자재",37.6076802970666,127.049457344625,http://place.map.kakao.com/1189813599,서울시립대 문
10498806,서울시립대학교,26969775,문미용실,"가정,생활 > 미용 > 미용실",37.603778789229,127.066425885491,http://place.map.kakao.com/26969775,서울시립대 문
10498806,서울시립대학교,911149456,캡틴자동문,"서비스,산업 > 건설,건축 > 시공업체 > 유리,창호시공",37.5832057994195,127.030807033079,http://place.map.kakao.com/911149456,서울시립대 문
10498806,서울시립대학교,1757451249,문디자인,"서비스,산업 > 건설,건축 > 인테리어",37.6000526524487,127.036743270922,http://place.map.kakao.com/1757451249,서울시립대 문
10498806,서울시립대학교,1832927382,24출장열쇠게이트맨삼성도어락현관문번호키,"가정,생활 > 생활용품점 > 열쇠",37.5710511426621,127.069540287462,http://place.map.kakao.com/1832927382,서울시립대 문
10498806,서울시립대학교,1664187393,토토자동문대리점 스마트홈,"서비스,산업 > 제조업 > 전기,전자 > 보안제품",37.5867691083114,127.081976354364,http://place.map.kakao.com/1664187393,서울시립대 문
10498806,서울시립대학교,20552600,문노래주점,"가정,생활 > 유흥시설 > 유흥주점",37.5619370589168,127.065714147598,http://place.map.kakao.com/20552600,서울시립대 문
10498806,서울시립대학교,27102657,자동문백화점,"서비스,산업 > 건설,건축 > 건설자재",37.5978671280886,127.079927605139,http://place.map.kakao.com/27102657,서울시립대 문
10498806,서울시립대학교,845726101,블루문헤어살롱,"가정,생활 > 미용 > 미용실",37.5943395828769,127.086549048201,http://place.map.kakao.com/845726101,서울시립대 문
10498806,서울시립대학교,511971656,문치과의원,"의료,건강 > 병원 > 치과",37.5623435953761,127.065377217034,http://place.map.kakao.com/511971656,서울시립대 문
10498806,서울시립대학교,1080374127,더(The) 문 학원,"교육,학문 > 학원",37.5741726948825,127.08143049683,http://place.map.kakao.com/1080374127,서울시립대 문
10498806,서울시립대학교,9256456,열린문사회복지센터,"사회,공공기관 > 단체,협회 > 사회복지시설",37.6033775973348,127.074398040667,http://place.map.kakao.com/9256456,서울시립대 문
10498806,서울시립대학교,1328760609,네일 문,"가정,생활 > 미용",37.5952029944838,127.087416284515,http://place.map.kakao.com/1328760609,서울시립대 문
10498806,서울시립대학교,25867874,신흥자동문,"서비스,산업 > 건설,건축 > 인테리어",37.6007261178144,127.083617819224,http://place.map.kakao.com/25867874,서울시립대 문
10498806,서울시립대학교,9308461,열린문배움터,"교육,학문 > 학교부속시설",37.6033667911709,127.074388970235,http://place.map.kakao.com/9308461,서울시립대 문
10498806,서울시립대학교,27557132,KT 오천만인문 전농점,"서비스,산업 > 정보통신 > KT > KT대리점",37.57850079405108,127.0573829914686,http://place.map.kakao.com/27557132,서울시립대 문
10498806,서울시립대학교,1042302426,리바트집테리어 문테리어,"서비스,산업 > 건설,건축 > 인테리어 > 리바트집테리어",37.577222548055,127.04877946420592,http://place.map.kakao.com/1042302426,서울시립대 문
10498806,서울시립대학교,24530016,대한불교진각종 진각문화전승원,"문화,예술 > 종교 > 불교 > 절,사찰",37.6047850318743,127.041063746891,http://place.map.kakao.com/24530016,서울시립대 문
10498806,서울시립대학교,24786928,무등건업,"서비스,산업 > 건설,건축 > 건설자재 > 셔터,샷시",37.5783934831897,127.027604657955,http://place.map.kakao.com/24786928,서울시립대 문
26351246,성균관대학교 인문사회과학캠퍼스,18093911,성균관대학교 후문,"교통,수송 > 입출구",37.5892983133587,126.990086054512,http://place.map.kakao.com/18093911,성균관대학교 게이트
26351246,성균관대학교 인문사회과학캠퍼스,117042694,성균관대학교 인문사회과학캠퍼스 정문,"교통,수송 > 입출구",37.5850002309339,126.996838384994,http://place.map.kakao.com/117042694,성균관대학교 게이트
26351246,성균관대학교 인문사회과학캠퍼스,8028879,창경궁 월근문,"여행 > 관광,명소 > 문화유적 > 문",37.581402377964,126.996617206441,http://place.map.kakao.com/8028879,성균관대학교 게이트
26351246,성균관대학교 인문사회과학캠퍼스,17578525,창경궁 함양문,"여행 > 관광,명소 > 문화유적 > 문",37.5795236515318,126.99308061756884,http://place.map.kakao.com/17578525,성균관대학교 게이트
26351246,성균관대학교 인문사회과학캠퍼스,29263364,전담GATE 대학로점,"서비스,산업 > 식품 > 담배 > 전자담배",37.5832044131478,127.00028869918,http://place.map.kakao.com/29263364,성균관대학교 게이트
26351246,성균관대학교 인문사회과학캠퍼스,1123186505,프린트카페 성균관대정문점,"서비스,산업 > 인쇄,복사",37.5836981442457,126.998206656779,http://place.map.kakao.com/1123186505,성균관대학교 게이트
26351246,성균관대학교 인문사회과학캠퍼스,1421090993,영춘문,"여행 > 관광,명소 > 문화유적 > 문",37.5825744449154,126.99358753578,http://place.map.kakao.com/1421090993,성균관대학교 게이트
26351246,성균관대학교 인문사회과학캠퍼스,8233299,창경궁 과학의문,"여행 > 관광,명소 > 문화유적 > 문",37.5822348900427,126.996413383759,http://place.map.kakao.com/8233299,성균관대학교 게이트
26351246,성균관대학교 인문사회과학캠퍼스,18983409,창경궁 집춘문,"여행 > 관광,명소 > 문화유적 > 문",37.5841341432093,126.995253952889,http://place.map.kakao.com/18983409,성균관대학교 게이트
26351246,성균관대학교 인문사회과학캠퍼스,15295317,아트포럼뉴게이트,"문화,예술 > 문화시설 > 미술관",37.5828908675135,127.000258129949,http://place.map.kakao.com/15295317,성균관대학교 게이트
26351246,성균관대학교 인문사회과학캠퍼스,7873647,창경궁 명정문,"여행 > 관광,명소 > 문화유적 > 문",37.5788435264443,126.995725237171,http://place.map.kakao.com/7873647,성균관대학교 게이트
26351246,성균관대학교 인문사회과학캠퍼스,11050208,창덕궁 불로문,"여행 > 관광,명소 > 문화유적 > 문",37.582634794864056,126.99328864431902,http://place.map.kakao.com/11050208,성균관대학교 게이트
26351246,성균관대학교 인문사회과학캠퍼스,12898430,창덕궁 만월문,"여행 > 관광,명소 > 문화유적 > 문",37.5818382094205,126.991613159052,http://place.map.kakao.com/12898430,성균관대학교 게이트
26351246,성균관대학교 인문사회과학캠퍼스,985241536,글라스타안경 성균관대정문앞점,"가정,생활 > 패션 > 패션잡화점 > 안경,렌즈",37.5847216574716,126.997395993763,http://place.map.kakao.com/985241536,성균관대학교 게이트
26351246,성균관대학교 인문사회과학캠퍼스,344972428,동삼문,"여행 > 관광,명소 > 문화유적 > 문",37.5855316210062,126.996300006702,http://place.map.kakao.com/344972428,성균관대학교 게이트
26351246,성균관대학교 인문사회과학캠퍼스,10615928,외삼문,"여행 > 관광,명소 > 문화유적 > 문",37.5838634097904,126.988805166075,http://place.map.kakao.com/10615928,성균관대학교 게이트
26351246,성균관대학교 인문사회과학캠퍼스,1121088682,중앙중학교 후문,"교통,수송 > 입출구",37.5861759383013,126.985820344138,http://place.map.kakao.com/1121088682,성균관대학교 게이트
26351246,성균관대학교 인문사회과학캠퍼스,8050056,창덕궁 인정문,"여행 > 관광,명소 > 문화유적 > 문",37.5788252526801,126.99115613373,http://place.map.kakao.com/8050056,성균관대학교 게이트
26351246,성균관대학교 인문사회과학캠퍼스,12898409,창덕궁 어수문,"여행 > 관광,명소 > 문화유적 > 문",37.5818851396982,126.992804158405,http://place.map.kakao.com/12898409,성균관대학교 게이트
26351246,성균관대학교 인문사회과학캠퍼스,457781282,경신고등학교 후문,"교통,수송 > 입출구",37.5913322557512,127.001791261831,http://place.map.kakao.com/457781282,성균관대학교 게이트
26351246,성균관대학교 인문사회과학캠퍼스,8444002,신삼문,"여행 > 관광,명소 > 문화유적 > 문",37.5849558822356,126.996168702298,http://place.map.kakao.com/8444002,성균관대학교 게이트
26351246,성균관대학교 인문사회과학캠퍼스,881642002,밤새출력 성균관대정문점,"서비스,산업 > 인쇄,복사",37.5852622496367,126.997232940319,http://place.map.kakao.com/881642002,성균관대학교 게이트
26351246,성균관대학교 인문사회과학캠퍼스,1354371332,밤새출력 성균관대후문점,"서비스,산업 > 인쇄,복사",37.58794989163917,126.99649010088834,http://place.map.kakao.com/1354371332,성균관대학교 게이트
26351246,성균관대학교 인문사회과학캠퍼스,8183091,경추문,"여행 > 관광,명소 > 문화유적 > 문",37.5799711653591,126.989321988604,http://place.map.kakao.com/8183091,성균관대학교 게이트
26351246,성균관대학교 인문사회과학캠퍼스,827946346,창덕궁 선평문,"여행 > 관광,명소 > 문화유적 > 문",37.5799173405964,126.992346977828,http://place.map.kakao.com/827946346,성균관대학교 게이트
26351246,성균관대학교 인문사회과학캠퍼스,12898452,창덕궁 선정문,"여행 > 관광,명소 > 문화유적 > 문",37.5794415758525,126.991753807871,http://place.map.kakao.com/12898452,성균관대학교 게이트
26351246,성균관대학교 인문사회과학캠퍼스,18984077,창경궁 빈양문,"여행 > 관광,명소 > 문화유적",37.5787317573772,126.994606742671,http://place.map.kakao.com/18984077,성균관대학교 게이트
26351246,성균관대학교 인문사회과학캠퍼스,1364021540,경신중학교 후문,"교통,수송 > 입출구",37.5913241458011,127.001856933682,http://place.map.kakao.com/1364021540,성균관대학교 게이트
26351246,성균관대학교 인문사회과학캠퍼스,1095971293,감사원 후문 입구,"교통,수송 > 입출구",37.5865975447486,126.985343605846,http://place.map.kakao.com/1095971293,성균관대학교 게이트
11331177,성신여자대학교 돈암수정캠퍼스,1148185088,성신여자대학교 돈암수정캠퍼스 중문,"교통,수송 > 입출구",37.590898620551144,127.02212455934625,http://place.map.kakao.com/1148185088,성신여자대학교 게이트
11331177,성신여자대학교 돈암수정캠퍼스,772586286,용문고등학교 후문,"교통,수송 > 입출구",37.5884201544401,127.025758292413,http://place.map.kakao.com/772586286,성신여자대학교 게이트
11331177,성신여자대학교 돈암수정캠퍼스,1065420380,게이트리스,"가정,생활 > 통신판매 > 인터넷쇼핑몰",37.5827013137381,127.022516120063,http://place.map.kakao.com/1065420380,성신여자대학교 게이트
11331177,성신여자대학교 돈암수정캠퍼스,2118374337,래미안안암아파트 후문,"교통,수송 > 입출구",37.5888644724286,127.025161755396,http://place.map.kakao.com/2118374337,성신여자대학교 게이트
11331177,성신여자대학교 돈암수정캠퍼스,1629922481,한신한진아파트 후문,"교통,수송 > 입출구",37.5950462803216,127.013556291008,http://place.map.kakao.com/1629922481,성신여자대학교 게이트
11331177,성신여자대학교 돈암수정캠퍼스,1666503182,종암중학교 정문,"교통,수송 > 입출구",37.592503657226,127.032253408544,http://place.map.kakao.com/1666503182,성신여자대학교 게이트
11331177,성신여자대학교 돈암수정캠퍼스,1231330870,전담 GATE 성신여대점,"서비스,산업 > 식품 > 담배",37.5912173169427,127.018356442493,http://place.map.kakao.com/1231330870,성신여자대학교 게이트
11331177,성신여자대학교 돈암수정캠퍼스,26396925,성신여자대학교 돈암수정캠퍼스 후문,"교통,수송 > 입출구",37.58972730081695,127.02228272795851,http://place.map.kakao.com/26396925,성신여자대학교 게이트
11331177,성신여자대학교 돈암수정캠퍼스,17569302,고려대학교 정경관후문,"교통,수송 > 입출구",37.5868333780378,127.030107690954,http://place.map.kakao.com/17569302,성신여자대학교 게이트
11331177,성신여자대학교 돈암수정캠퍼스,88547162,카페게이트 고대안암점,음식점 > 카페 > 커피전문점 > 카페게이트,37.58544239267801,127.02952292196784,http://place.map.kakao.com/88547162,성신여자대학교 게이트
11331177,성신여자대학교 돈암수정캠퍼스,772664530,용문중학교 후문,"교통,수송 > 입출구",37.5884201544401,127.025758292413,http://place.map.kakao.com/772664530,성신여자대학교 게이트
11331177,성신여자대학교 돈암수정캠퍼스,1051479630,모찌방앗간 성신여대정문점,"음식점 > 간식 > 제과,베이커리",37.5915747307913,127.020076464228,http://place.map.kakao.com/1051479630,성신여자대학교 게이트
11331177,성신여자대학교 돈암수정캠퍼스,1545750505,정릉2차e편한세상아파트 정문,"교통,수송 > 입출구",37.5996385870405,127.020179414654,http://place.map.kakao.com/1545750505,성신여자대학교 게이트
11331177,성신여자대학교 돈암수정캠퍼스,12810655,고려대학교 서울캠퍼스 후문,"교통,수송 > 입출구",37.5909234976879,127.031585819286,http://place.map.kakao.com/12810655,성신여자대학교 게이트
11331177,성신여자대학교 돈암수정캠퍼스,1045105981,고려대학교 의과대학 후문,"교통,수송 > 입출구",37.5880714049665,127.026055948019,http://place.map.kakao.com/1045105981,성신여자대학교 게이트
11331177,성신여자대학교 돈암수정캠퍼스,345637705,밤새출력 고대후문점,"서비스,산업 > 인쇄,복사",37.5869289301935,127.029923179208,http://place.map.kakao.com/345637705,성신여자대학교 게이트
11331177,성신여자대학교 돈암수정캠퍼스,840726995,성신여자대학교 돈암수정캠퍼스 중문경비실,"서비스,산업 > 관리,운영 > 건물관리사무소",37.590950864697646,127.02219590788195,http://place.map.kakao.com/840726995,성신여자대학교 게이트
11184697,이화여자대학교,26397093,이화여자대학교 후문,"교통,수송 > 입출구",37.5635317504439,126.944692996803,http://place.map.kakao.com/26397093,이화여자대학교 게이트
11184697,이화여자대학교,592662879,이화여자대학교 정문,"교통,수송 > 입출구",37.5594236592153,126.94566937595,http://place.map.kakao.com/592662879,이화여자대학교 게이트
11184697,이화여자대학교,18097390,연세대학교 정문,"교통,수송 > 입출구",37.5604968585685,126.936840480172,http://place.map.kakao.com/18097390,이화여자대학교 게이트
11184697,이화여자대학교,7999562,연세대학교 동문,"교통,수송 > 입출구",37.5660622423696,126.945759633944,http://place.map.kakao.com/7999562,이화여자대학교 게이트
11184697,이화여자대학교,1049528224,신촌스타게이트,부동산 > 주거시설 > 도시형생활주택,37.5580788318243,126.94262361882,http://place.map.kakao.com/1049528224,이화여자대학교 게이트
11184697,이화여자대학교,7834307,독립문,"여행 > 관광,명소 > 문화유적 > 문",37.5724504220421,126.959542648447,http://place.map.kakao.com/7834307,이화여자대학교 게이트
11184697,이화여자대학교,10750162,이화여자대학교 정문경비실,"교육,학문 > 학교부속시설",37.563594853009214,126.94476312526892,http://place.map.kakao.com/10750162,이화여자대학교 게이트
11184697,이화여자대학교,1850698216,이화여자대학교 후문 ECC주차장,"교통,수송 > 교통시설 > 주차장",37.560202690449486,126.94495464108626,http://place.map.kakao.com/1850698216,이화여자대학교 게이트
11184697,이화여자대학교,2109875238,힐스테이트신촌아파트 정문,"교통,수송 > 입출구",37.5623942632169,126.951944395407,http://place.map.kakao.com/2109875238,이화여자대학교 게이트
11184697,이화여자대학교,18922240,연세대학교 남문,"교통,수송 > 입출구",37.5614750339922,126.933014087396,http://place.map.kakao.com/18922240,이화여자대학교 게이트
11184697,이화여자대학교,18922244,연세대학교 서문,"교통,수송 > 입출구",37.5637749061639,126.933953735176,http://place.map.kakao.com/18922244,이화여자대학교 게이트
11184697,이화여자대학교,752108819,꿈공스터디카페 연대동문점,"서비스,산업 > 전문대행 > 공간대여 > 스터디카페,스터디룸",37.56460771446932,126.94506685099783,http://place.map.kakao.com/752108819,이화여자대학교 게이트
11184697,이화여자대학교,1341536850,이대공대 철문,"교통,수송 > 입출구",37.5668145259871,126.947649370519,http://place.map.kakao.com/1341536850,이화여자대학교 게이트
11184697,이화여자대학교,13691522,화가와요리사 이대후문점,"음식점 > 일식 > 돈까스,우동",37.5644473229863,126.945036408293,http://place.map.kakao.com/13691522,이화여자대학교 게이트
11184697,이화여자대학교,1588958804,이대역STARGATE오피스텔(스타게이트2차),부동산 > 주거시설 > 오피스텔,37.5571212123999,126.944808647491,http://place.map.kakao.com/1588958804,이화여자대학교 게이트
11184697,이화여자대학교,10043389,서강대학교 정문,"교통,수송 > 입출구",37.5516352233547,126.937925314256,http://place.map.kakao.com/10043389,이화여자대학교 게이트
11184697,이화여자대학교,18922248,연세대학교 북문,"교통,수송 > 입출구",37.5726756675515,126.93864138705,http://place.map.kakao.com/18922248,이화여자대학교 게이트
11184697,이화여자대학교,313573795,e편한세상신촌아파트1단지 후문,"교통,수송 > 입출구",37.5588278232198,126.949091193407,http://place.map.kakao.com/313573795,이화여자대학교 게이트
11184697,이화여자대학교,1707529271,웨스트게이트빌딩,부동산 > 빌딩,37.5647436498695,126.966383336483,http://place.map.kakao.com/1707529271,이화여자대학교 게이트
11184697,이화여자대학교,1844501862,서강대학교 후문,"교통,수송 > 입출구",37.5507696837461,126.943969110916,http://place.map.kakao.com/1844501862,이화여자대학교 게이트
11184697,이화여자대학교,17578489,세브란스병원 정문,"교통,수송 > 입출구",37.560436337978,126.938253028733,http://place.map.kakao.com/17578489,이화여자대학교 게이트
11184697,이화여자대학교,12803265,연세대학교 후문,"교육,학문 > 학교부속시설",37.57220871795817,126.93819237130116,http://place.map.kakao.com/12803265,이화여자대학교 게이트
11184697,이화여자대학교,1557454094,신촌푸르지오아파트 정문,"교통,수송 > 입출구",37.5605052392461,126.9528521884927,http://place.map.kakao.com/1557454094,이화여자대학교 게이트
11184697,이화여자대학교,27377630,중앙여자고등학교 정문,"교통,수송 > 입출구",37.5622891231938,126.954930248887,http://place.map.kakao.com/27377630,이화여자대학교 게이트
11184697,이화여자대학교,1636753249,프린트카페 이화여대정문점,"서비스,산업 > 인쇄,복사",37.558309941719,126.945484573217,http://place.map.kakao.com/1636753249,이화여자대학교 게이트
11184697,이화여자대학교,666043195,마포더클래시아파트1단지 게이트1,"교통,수송 > 입출구",37.5553139489017,126.949126404109,http://place.map.kakao.com/666043195,이화여자대학교 게이트
11184697,이화여자대학교,1583567237,스타게이트부동산공인중개사사무소,부동산 > 부동산서비스 > 부동산중개업,37.55806079593418,126.94259081123286,http://place.map.kakao.com/1583567237,이화여자대학교 게이트
11184697,이화여자대학교,1238780392,마포프레스티지자이아파트 정문,"교통,수송 > 입출구",37.5542211934313,126.947422784266,http://place.map.kakao.com/1238780392,이화여자대학교 게이트
11184697,이화여자대학교,1315137150,마포프레스티지자이아파트 게이트1,"교통,수송 > 입출구",37.55316400676476,126.94671734682578,http://place.map.kakao.com/1315137150,이화여자대학교 게이트
11184697,이화여자대학교,1122624057,마포더클래시 2단지아파트 정문,"교통,수송 > 입출구",37.5564114656951,126.949363325085,http://place.map.kakao.com/1122624057,이화여자대학교 게이트
11184697,이화여자대학교,345254034,이화여자대학교 북아현문,"교통,수송 > 입출구",37.56809505093891,126.95021794364267,http://place.map.kakao.com/345254034,이화여자대학교 게이트
11184697,이화여자대학교,2066729900,마포그랑자이아파트 2단지 GATE2,"교통,수송 > 입출구",37.5542187596704,126.944086490514,http://place.map.kakao.com/2066729900,이화여자대학교 게이트
11184697,이화여자대학교,363935908,마포더클래시아파트 게이트2,"교통,수송 > 입출구",37.5561716457537,126.951134667398,http://place.map.kakao.com/363935908,이화여자대학교 게이트
11184697,이화여자대학교,792576920,신촌푸르지오1단지아파트 후문,"교통,수송 > 입출구",37.5606731796172,126.951504093947,http://place.map.kakao.com/792576920,이화여자대학교 게이트
11184697,이화여자대학교,1849920780,프로티너 연세대정문앞신촌세브란스점,음식점 > 패스트푸드,37.56035859437204,126.93776188834947,http://place.map.kakao.com/1849920780,이화여자대학교 게이트
11184697,이화여자대학교,1158430149,전담게이트 신촌역점,"서비스,산업 > 식품 > 담배 > 전자담배",37.5575053325814,126.936437833527,http://place.map.kakao.com/1158430149,이화여자대학교 게이트
11184697,이화여자대학교,10756589,이화여자대학교 후문수위실,"교육,학문 > 학교부속시설",37.56255278446349,126.94758217856312,http://place.map.kakao.com/10756589,이화여자대학교 게이트
11184697,이화여자대학교,308696744,카페게이트 신촌캠퍼스,음식점 > 카페 > 커피전문점 > 카페게이트,37.5537392696422,126.938337774115,http://place.map.kakao.com/308696744,이화여자대학교 게이트
11184697,이화여자대학교,1255394510,힐스테이트신촌아파트 후문,"교통,수송 > 입출구",37.5612121264876,126.951872718162,http://place.map.kakao.com/1255394510,이화여자대학교 게이트
11184697,이화여자대학교,1834345241,경기대학교 서울캠퍼스 후문,"교통,수송 > 입출구",37.564039417736,126.961611716429,http://place.map.kakao.com/1834345241,이화여자대학교 게이트
11184697,이화여자대학교,1249447451,서강대학교 후문주차장,"교통,수송 > 교통시설 > 주차장",37.55092902200857,126.9436781536983,http://place.map.kakao.com/1249447451,이화여자대학교 게이트
11184697,이화여자대학교,2029305402,게임게이트,"서비스,산업 > 인터넷,IT > 소프트웨어",37.56662036371238,126.93099922151153,http://place.map.kakao.com/2029305402,이화여자대학교 게이트
11184697,이화여자대학교,191954023,카페게이트 아현점,음식점 > 카페 > 커피전문점 > 카페게이트,37.55046617401642,126.95477101519491,http://place.map.kakao.com/191954023,이화여자대학교 게이트
11184697,이화여자대학교,186568161,마포그랑자이아파트 GATE 1-2,"교통,수송 > 입출구",37.55521664937008,126.943215444615,http://place.map.kakao.com/186568161,이화여자대학교 게이트
11184697,이화여자대학교,152234594,마포그랑자이아파트 1-1GATE(입주민 전용),"교통,수송 > 입출구",37.55453372776068,126.94519534043667,http://place.map.kakao.com/152234594,이화여자대학교 게이트
11184697,이화여자대학교,1469643354,마포자이더센트리지아파트 정문,"교통,수송 > 입출구",37.5506546829242,126.946619547031,http://place.map.kakao.com/1469643354,이화여자대학교 gate
11184697,이화여자대학교,1749325750,연희대우아파트 정문,"교통,수송 > 입출구",37.5621790681908,126.928997705781,http://place.map.kakao.com/1749325750,이화여자대학교 gate
11184697,이화여자대학교,1142964882,서울역센트럴자이아파트 정문,"교통,수송 > 입출구",37.5548572301628,126.964070005939,http://place.map.kakao.com/1142964882,이화여자대학교 gate
11184697,이화여자대학교,1018016160,서울연희초등학교 후문,"교통,수송 > 입출구",37.5691686204553,126.934588519515,http://place.map.kakao.com/1018016160,이화여자대학교 gate
11184697,이화여자대학교,2029123161,경희궁자이2단지아파트 후문,"교통,수송 > 입출구",37.569028238981154,126.96451371163015,http://place.map.kakao.com/2029123161,이화여자대학교 gate
11184697,이화여자대학교,2028906449,경희궁자이2단지아파트 정문,"교통,수송 > 입출구",37.5713828481189,126.962593897506,http://place.map.kakao.com/2028906449,이화여자대학교 gate
11184697,이화여자대학교,1124796872,서울한서초등학교 정문,"교통,수송 > 입출구",37.5536541407917,126.948732566886,http://place.map.kakao.com/1124796872,이화여자대학교 gate
11184697,이화여자대학교,1778026578,공덕삼성래미안4차아파트 정문,"교통,수송 > 입출구",37.5493620751301,126.951552162346,http://place.map.kakao.com/1778026578,이화여자대학교 gate
11184697,이화여자대학교,977695565,서울문화재단 연희문학창작촌 후문,"교통,수송 > 입출구",37.5724698669074,126.931413793741,http://place.map.kakao.com/977695565,이화여자대학교 gate
11184697,이화여자대학교,1941047737,경기대학교 서울캠퍼스 정문,"교통,수송 > 입출구",37.5646956381472,126.962530460914,http://place.map.kakao.com/1941047737,이화여자대학교 gate
11184697,이화여자대학교,395048112,천연뜨란채아파트 후문입구,"교통,수송 > 입출구",37.5687110990256,126.958984363633,http://place.map.kakao.com/395048112,이화여자대학교 gate
11184697,이화여자대학교,754924844,래미안공덕4차아파트 후문,"교통,수송 > 입출구",37.5508593108509,126.951010257783,http://place.map.kakao.com/754924844,이화여자대학교 gate
11184697,이화여자대학교,1138070347,세란병원 정문,"교통,수송 > 입출구",37.5750364816136,126.957559065069,http://place.map.kakao.com/1138070347,이화여자대학교 gate
11184697,이화여자대학교,433433574,서강대학교 남문,"교통,수송 > 입출구",37.5494986137581,126.938996489276,http://place.map.kakao.com/433433574,이화여자대학교 gate
11184697,이화여자대학교,27577050,공덕자이아파트 후문,"교통,수송 > 입출구",37.551964922444,126.958272661727,http://place.map.kakao.com/27577050,이화여자대학교 gate
11184697,이화여자대학교,1081845899,공덕래미안5차아파트 후문,"교통,수송 > 입출구",37.5506396612402,126.951480040774,http://place.map.kakao.com/1081845899,이화여자대학교 gate
11184697,이화여자대학교,63477494,경희궁자이3단지아파트 정문,"교통,수송 > 입출구",37.569211287352,126.965003755568,http://place.map.kakao.com/63477494,이화여자대학교 gate
11184697,이화여자대학교,775956582,서대문푸르지오센트럴파크아파트 게이트2,"교통,수송 > 입출구",37.5799415824008,126.950821393397,http://place.map.kakao.com/775956582,이화여자대학교 gate
11184697,이화여자대학교,1730751308,신한 이화여자대학교 ATM 이대후문,"금융,보험 > 금융서비스 > 은행 > ATM",37.56383072154256,126.94435321770541,http://place.map.kakao.com/1730751308,이화여자대 게이트
11211235,한양대학교 서울캠퍼스,684755187,한양대학교 서울캠퍼스 정문,"교통,수송 > 입출구",37.5579753193835,127.042173212423,http://place.map.kakao.com/684755187,한양대학교 게이트
11211235,한양대학교 서울캠퍼스,689197429,한양대학교 후문,"교통,수송 > 입출구",37.5558504729312,127.049864448928,http://place.map.kakao.com/689197429,한양대학교 게이트
11211235,한양대학교 서울캠퍼스,22544631,후문약국,"의료,건강 > 약국",37.5598145069505,127.041460083507,http://place.map.kakao.com/22544631,한양대학교 게이트
11211235,한양대학교 서울캠퍼스,10617590,타임게이트,"서비스,산업 > 인터넷,IT > 소프트웨어",37.547959125384,127.046441698518,http://place.map.kakao.com/10617590,한양대학교 게이트
11211235,한양대학교 서울캠퍼스,654829038,라체르보푸르지오써밋아파트 정문,"교통,수송 > 입출구",37.5561460880762,127.037441491242,http://place.map.kakao.com/654829038,한양대학교 게이트
11211235,한양대학교 서울캠퍼스,1123008334,프린트카페 한양대후문점,"서비스,산업 > 인쇄,복사",37.5606327417138,127.041089302586,http://place.map.kakao.com/1123008334,한양대학교 게이트
11211235,한양대학교 서울캠퍼스,1398823073,전담 GATE 한양대점,"서비스,산업 > 식품 > 담배",37.5600606630786,127.040932799571,http://place.map.kakao.com/1398823073,한양대학교 게이트
11211235,한양대학교 서울캠퍼스,9106541,애드게이트,"서비스,산업 > 마케팅 > 광고기획,광고대행",37.55001165133345,127.05069798085641,http://place.map.kakao.com/9106541,한양대학교 게이트
11211235,한양대학교 서울캠퍼스,1515873758,서울숲삼부아파트 정문,"교통,수송 > 입출구",37.5594996797258,127.03718851545,http://place.map.kakao.com/1515873758,한양대학교 게이트
11211235,한양대학교 서울캠퍼스,2066627065,대림강변타운아파트 후문,"교통,수송 > 입출구",37.5542697307081,127.036090415634,http://place.map.kakao.com/2066627065,한양대학교 게이트
11211235,한양대학교 서울캠퍼스,1692680655,서울숲리버뷰자이아파트 정문,"교통,수송 > 입출구",37.5564115327555,127.038528102235,http://place.map.kakao.com/1692680655,한양대학교 게이트
11211235,한양대학교 서울캠퍼스,20576850,마장축산물시장서문 공영주차장,"교통,수송 > 교통시설 > 주차장 > 공영주차장",37.5704040774208,127.03831004887,http://place.map.kakao.com/20576850,한양대학교 게이트
11211235,한양대학교 서울캠퍼스,639896591,서울숲리버그린동아아파트 정문,"교통,수송 > 입출구",37.5534448073696,127.037723065612,http://place.map.kakao.com/639896591,한양대학교 게이트
11211235,한양대학교 서울캠퍼스,603693434,서울교통공사 군자차량사업소 정문,"교통,수송 > 입출구",37.5589236549712,127.054223873112,http://place.map.kakao.com/603693434,한양대학교 게이트
11211235,한양대학교 서울캠퍼스,1809475156,마장축산물시장 북문 임시공영주차장,"교통,수송 > 교통시설 > 주차장 > 공영주차장",37.5711166059714,127.041447104299,http://place.map.kakao.com/1809475156,한양대학교 게이트
11211235,한양대학교 서울캠퍼스,1763254067,마장축산물시장 남문공영주차장,"교통,수송 > 교통시설 > 주차장 > 공영주차장",37.56831387714413,127.04067697203699,http://place.map.kakao.com/1763254067,한양대학교 게이트
11211235,한양대학교 서울캠퍼스,1234468932,마장세림아파트 후문,"교통,수송 > 입출구",37.5648808319775,127.043893029339,http://place.map.kakao.com/1234468932,한양대학교 게이트
11211235,한양대학교 서울캠퍼스,899785535,마장축산물시장 서문입구,"교통,수송 > 입출구",37.5700600610958,127.037801625054,http://place.map.kakao.com/899785535,한양대학교 게이트
11211235,한양대학교 서울캠퍼스,6119459,마장축산물시장 북문,"교통,수송 > 입출구",37.570651453347,127.042122628762,http://place.map.kakao.com/6119459,한양대학교 게이트
11211235,한양대학교 서울캠퍼스,1375822961,대림강변타운아파트 정문,"교통,수송 > 입출구",37.552224610015,127.035614121824,http://place.map.kakao.com/1375822961,한양대학교 게이트
11211235,한양대학교 서울캠퍼스,1279197753,서울숲한신더휴 정문,"교통,수송 > 입출구",37.5549998288837,127.035128799974,http://place.map.kakao.com/1279197753,한양대학교 게이트
11211235,한양대학교 서울캠퍼스,1174388774,서울숲한신더휴아파트 남문,"교통,수송 > 입출구",37.5538874370605,127.036965043061,http://place.map.kakao.com/1174388774,한양대학교 게이트
11211235,한양대학교 서울캠퍼스,2114487982,카페게이트 답십리간데메공원점,음식점 > 카페 > 커피전문점 > 카페게이트,37.5733127448865,127.047521521749,http://place.map.kakao.com/2114487982,한양대학교 게이트
11211235,한양대학교 서울캠퍼스,1486621466,무학교회 정문,"교통,수송 > 입출구",37.5583414586086,127.032578210854,http://place.map.kakao.com/1486621466,한양대학교 게이트
11211235,한양대학교 서울캠퍼스,1298588732,마장축산물시장 북문 노상공영주차장,"교통,수송 > 교통시설 > 주차장 > 공영주차장",37.5706938049612,127.042109069043,http://place.map.kakao.com/1298588732,한양대학교 게이트
11211235,한양대학교 서울캠퍼스,1897345800,무학교회 후문,"교통,수송 > 입출구",37.5592127148871,127.032606884949,http://place.map.kakao.com/1897345800,한양대학교 게이트
11211235,한양대학교 서울캠퍼스,996766969,하늘후문약국,"의료,건강 > 약국",37.56525861684144,127.05603494801765,http://place.map.kakao.com/996766969,한양대학교 게이트
11211235,한양대학교 서울캠퍼스,1819173689,응봉 리버그린동아아파트 후문,"교통,수송 > 입출구",37.5524423644748,127.036553526556,http://place.map.kakao.com/1819173689,한양대학교 게이트
11211235,한양대학교 서울캠퍼스,570270766,답십리파크자이아파트 정문,"교통,수송 > 입출구",37.568073903102,127.058562380385,http://place.map.kakao.com/570270766,한양대학교 게이트
11211235,한양대학교 서울캠퍼스,112439353,서울숲행당푸르지오아파트 후문,"교통,수송 > 입출구",37.5546223214793,127.031917930117,http://place.map.kakao.com/112439353,한양대학교 게이트
11211235,한양대학교 서울캠퍼스,521526784,서울응봉초등학교 정문,"교통,수송 > 입출구",37.5506665608854,127.03329121159,http://place.map.kakao.com/521526784,한양대학교 게이트
11211235,한양대학교 서울캠퍼스,414874702,마장축산물시장서문 공영주차장 입구,"교통,수송 > 입출구",37.5706446434896,127.038309040125,http://place.map.kakao.com/414874702,한양대학교 게이트
11211235,한양대학교 서울캠퍼스,301526074,대림1차아파트 후문,"교통,수송 > 입출구",37.5508287946544,127.03309890092,http://place.map.kakao.com/301526074,한양대학교 게이트
11211235,한양대학교 서울캠퍼스,1666409345,두산위브아파트 정문,"교통,수송 > 입출구",37.5666113196544,127.057270866718,http://place.map.kakao.com/1666409345,한양대학교 게이트
11211235,한양대학교 서울캠퍼스,814359521,게이트NO.5PC,"가정,생활 > 여가시설 > 게임방,PC방",37.539730276367,127.070202532858,http://place.map.kakao.com/814359521,한양대학교 게이트
11211235,한양대학교 서울캠퍼스,1483993845,서울숲아이파크리버포레2차아파트 정문,"교통,수송 > 입출구",37.5491760191708,127.042605066776,http://place.map.kakao.com/1483993845,한양대학교 게이트
11211235,한양대학교 서울캠퍼스,495926929,청계벽산아파트 정문,"교통,수송 > 입출구",37.5686242063939,127.030415037392,http://place.map.kakao.com/495926929,한양대학교 게이트
11211235,한양대학교 서울캠퍼스,1613611039,동명초등학교 후문,"교통,수송 > 입출구",37.5681093325992,127.035121372553,http://place.map.kakao.com/1613611039,한양대학교 게이트
11211235,한양대학교 서울캠퍼스,194081591,세종대학교 정문,"교통,수송 > 입출구",37.5491013244794,127.074995883714,http://place.map.kakao.com/194081591,한양대학교 게이트
11211235,한양대학교 서울캠퍼스,995645242,성수아이파크아파트 후문,"교통,수송 > 입출구",37.5472199668664,127.055571061964,http://place.map.kakao.com/995645242,한양대학교 게이트
11211235,한양대학교 서울캠퍼스,1636304013,카페게이트 건대점,음식점 > 카페 > 커피전문점 > 카페게이트,37.54215941283479,127.06859916585078,http://place.map.kakao.com/1636304013,한양대학교 게이트
11211235,한양대학교 서울캠퍼스,1739512216,래미안신당하이베르아파트 정문,"교통,수송 > 입출구",37.5621042631076,127.024058269235,http://place.map.kakao.com/1739512216,한양대학교 게이트
11211235,한양대학교 서울캠퍼스,1886763404,왕십리자이아파트 정문,"교통,수송 > 입출구",37.5606410601841,127.023980835521,http://place.map.kakao.com/1886763404,한양대학교 게이트
11211235,한양대학교 서울캠퍼스,1499353037,래미안하이리버아파트 정문,"교통,수송 > 입출구",37.5522077363053,127.023919285544,http://place.map.kakao.com/1499353037,한양대학교 게이트
11211235,한양대학교 서울캠퍼스,2023295243,신당현대아파트 동문,"교통,수송 > 입출구",37.560647489717475,127.02336965898493,http://place.map.kakao.com/2023295243,한양대학교 게이트
11211235,한양대학교 서울캠퍼스,1826336085,e편한세상금호파크힐스아파트 후문,"교통,수송 > 입출구",37.5555369554185,127.023760774984,http://place.map.kakao.com/1826336085,한양대학교 gate
11211235,한양대학교 서울캠퍼스,323552868,힐스테이트서울숲리버아파트 정문,"교통,수송 > 입출구",37.5479020546194,127.027204132604,http://place.map.kakao.com/323552868,한양대학교 gate
11211235,한양대학교 서울캠퍼스,1846906800,동대문롯데캐슬노블레스아파트 정문,"교통,수송 > 입출구",37.576794432248,127.049125594217,http://place.map.kakao.com/1846906800,한양대학교 gate
11211235,한양대학교 서울캠퍼스,929287366,e편한세상청계센트럴포레아파트 정문,"교통,수송 > 입출구",37.5724158768239,127.029299304905,http://place.map.kakao.com/929287366,한양대학교 gate
11211235,한양대학교 서울캠퍼스,991230654,성수아이파크아파트 정문,"교통,수송 > 입출구",37.5472783847373,127.057755112499,http://place.map.kakao.com/991230654,한양대학교 gate
11211235,한양대학교 서울캠퍼스,902436572,풍림아이원아파트 후문,"교통,수송 > 입출구",37.5600926701443,127.026701516143,http://place.map.kakao.com/902436572,한양대학교 gate
11211235,한양대학교 서울캠퍼스,572180755,서울신답초등학교 후문,"교통,수송 > 입출구",37.5733504585954,127.043163328906,http://place.map.kakao.com/572180755,한양대학교 gate
11211235,한양대학교 서울캠퍼스,166872841,청량리역롯데캐슬SKY-L65아파트 정문,"교통,수송 > 입출구",37.5782286305219,127.045071432324,http://place.map.kakao.com/166872841,한양대학교 gate
11211235,한양대학교 서울캠퍼스,924986151,도선고등학교 정문,"교통,수송 > 입출구",37.5671501381859,127.026862502614,http://place.map.kakao.com/924986151,한양대학교 gate
11211235,한양대학교 서울캠퍼스,234733420,e편한세상청계센트럴포레아파트 후문,"교통,수송 > 입출구",37.5706317956336,127.029742335612,http://place.map.kakao.com/234733420,한양대학교 gate
11211235,한양대학교 서울캠퍼스,1424741564,한진타운아파트 후문,"교통,수송 > 입출구",37.5406790939421,127.046333083748,http://place.map.kakao.com/1424741564,한양대학교 gate
11211235,한양대학교 서울캠퍼스,2088949799,신금호파크자이아파트 정문,"교통,수송 > 입출구",37.5560890956405,127.019805507555,http://place.map.kakao.com/2088949799,한양대학교 gate
11211235,한양대학교 서울캠퍼스,1416316653,텐즈힐1아파트 정문,"교통,수송 > 입출구",37.5694062306971,127.028776865398,http://place.map.kakao.com/1416316653,한양대학교 gate
11211235,한양대학교 서울캠퍼스,1329294710,티켓투더문,"서비스,산업 > 마케팅 > 광고기획,광고대행",37.5488385736766,127.04389380535312,http://place.map.kakao.com/1329294710,한양대 문
11211235,한양대학교 서울캠퍼스,2118799586,남산자동문도어락,"가정,생활 > 생활용품점 > 열쇠",37.5622817473149,127.034927356287,http://place.map.kakao.com/2118799586,한양대 문
11211235,한양대학교 서울캠퍼스,667570272,해피문데이,"서비스,산업 > 제조업 > 생활용품제조",37.54657981599375,127.04838719379643,http://place.map.kakao.com/667570272,한양대 문
11211235,한양대학교 서울캠퍼스,27550069,문밀크,"가정,생활 > 생활용품점",37.5473046375372,127.042625502257,http://place.map.kakao.com/27550069,한양대 문
11211235,한양대학교 서울캠퍼스,1641815595,월드자동문,"서비스,산업 > 제조업 > 전기,전자 > 자동화장치",37.55229652017292,127.02971354578295,http://place.map.kakao.com/1641815595,한양대 문
11211235,한양대학교 서울캠퍼스,658448726,문네일,"가정,생활 > 미용 > 네일샵",37.5670878309001,127.06109595381457,http://place.map.kakao.com/658448726,한양대 문
11211235,한양대학교 서울캠퍼스,16080187,문스크린골프,"스포츠,레저 > 골프 > 골프연습장 > 스크린골프연습장",37.5616127305525,127.065659535056,http://place.map.kakao.com/16080187,한양대 문
11211235,한양대학교 서울캠퍼스,10481761,우성자동문,"서비스,산업 > 제조업 > 전기,전자 > 자동화장치",37.5424837921146,127.05667192702,http://place.map.kakao.com/10481761,한양대 문
11211235,한양대학교 서울캠퍼스,337382655,치즈문포토,"문화,예술 > 사진 > 사진관,포토스튜디오",37.5436174063696,127.043564856334,http://place.map.kakao.com/337382655,한양대 문
11211235,한양대학교 서울캠퍼스,362305240,문플라워,"가정,생활 > 꽃집,꽃배달",37.564377460000664,127.02820616693504,http://place.map.kakao.com/362305240,한양대 문
11211235,한양대학교 서울캠퍼스,258114840,게장문,음식점 > 한식,37.5429075377955,127.056094028853,http://place.map.kakao.com/258114840,한양대 문
11211235,한양대학교 서울캠퍼스,20552600,문노래주점,"가정,생활 > 유흥시설 > 유흥주점",37.5619370589168,127.065714147598,http://place.map.kakao.com/20552600,한양대 문
11211235,한양대학교 서울캠퍼스,27561948,맑은문피부과의원,"의료,건강 > 병원 > 피부과",37.565905146315195,127.02157046158013,http://place.map.kakao.com/27561948,한양대 문
11211235,한양대학교 서울캠퍼스,511971656,문치과의원,"의료,건강 > 병원 > 치과",37.5623435953761,127.065377217034,http://place.map.kakao.com/511971656,한양대 문
11211235,한양대학교 서울캠퍼스,237765454,카페문,음식점 > 카페,37.53536256062906,127.06323335647045,http://place.map.kakao.com/237765454,한양대 문
11211235,한양대학교 서울캠퍼스,878865316,주인문포차,음식점 > 술집 > 실내포장마차,37.541444808001,127.068792001333,http://place.map.kakao.com/878865316,한양대 문
11211235,한양대학교 서울캠퍼스,16063360,두산자동문,"서비스,산업 > 건설,건축 > 건설자재",37.5388533373667,127.051482462974,http://place.map.kakao.com/16063360,한양대 문
11211235,한양대학교 서울캠퍼스,925321262,문테리어,음식점 > 카페,37.577222548055,127.048779464206,http://place.map.kakao.com/925321262,한양대 문
11211235,한양대학교 서울캠퍼스,1607176959,포포문비스트로,음식점 > 양식,37.57970919631214,127.03938351907664,http://place.map.kakao.com/1607176959,한양대 문
11211235,한양대학교 서울캠퍼스,414496146,남평문씨대종회,"가정,생활 > 친목 > 종친회",37.5586123735204,127.074810748838,http://place.map.kakao.com/414496146,한양대 문
11211235,한양대학교 서울캠퍼스,8032866,서울자동문,"서비스,산업 > 건설,건축 > 시공업체 > 산업설비시공",37.5757430442681,127.067256796566,http://place.map.kakao.com/8032866,한양대 문
11211235,한양대학교 서울캠퍼스,12656961,문퍼니처,"서비스,산업 > 제조업 > 가구",37.5669670491268,127.018445570258,http://place.map.kakao.com/12656961,한양대 문
11211235,한양대학교 서울캠퍼스,676704401,성우자동문,"서비스,산업 > 제조업 > 전기,전자 > 자동화장치",37.5693653713425,127.06480606253,http://place.map.kakao.com/676704401,한양대 문
11211235,한양대학교 서울캠퍼스,286224016,선플러스문,"가정,생활 > 미용 > 화장품",37.5397133024499,127.056495579772,http://place.map.kakao.com/286224016,한양대 문
11211235,한양대학교 서울캠퍼스,852297419,문멘토공인중개사사무소,부동산 > 부동산서비스 > 부동산중개업,37.5673123585134,127.02234170015065,http://place.map.kakao.com/852297419,한양대 문
11211235,한양대학교 서울캠퍼스,1421193369,하프문스튜디오,"문화,예술 > 사진 > 사진관,포토스튜디오",37.5636348112099,127.020588486594,http://place.map.kakao.com/1421193369,한양대 문
11211235,한양대학교 서울캠퍼스,640823798,하루문 스튜디오,"문화,예술 > 사진 > 사진관,포토스튜디오",37.5385730528804,127.057499472263,http://place.map.kakao.com/640823798,한양대 문
11211235,한양대학교 서울캠퍼스,1429340538,사마문스페이스,"서비스,산업 > 전문대행 > 공간대여",37.5499113066801,127.07063758084,http://place.map.kakao.com/1429340538,한양대 문
11211235,한양대학교 서울캠퍼스,370312911,문패션,"서비스,산업 > 제조업 > 섬유 > 의류",37.5619059390461,127.013343158905,http://place.map.kakao.com/370312911,한양대 문
11211235,한양대학교 서울캠퍼스,2077817173,블루문스터디카페 세종대점,"서비스,산업 > 전문대행 > 공간대여 > 스터디카페,스터디룸",37.5481151655689,127.072862918939,http://place.map.kakao.com/2077817173,한양대 문
11211235,한양대학교 서울캠퍼스,1832927382,24출장열쇠게이트맨삼성도어락현관문번호키,"가정,생활 > 생활용품점 > 열쇠",37.5710511426621,127.069540287462,http://place.map.kakao.com/1832927382,한양대 문
11211235,한양대학교 서울캠퍼스,1042302426,리바트집테리어 문테리어,"서비스,산업 > 건설,건축 > 인테리어 > 리바트집테리어",37.577222548055,127.04877946420592,http://place.map.kakao.com/1042302426,한양대 문
11211235,한양대학교 서울캠퍼스,27557132,KT 오천만인문 전농점,"서비스,산업 > 정보통신 > KT > KT대리점",37.57850079405108,127.0573829914686,http://place.map.kakao.com/27557132,한양대 문
11211235,한양대학교 서울캠퍼스,24786928,무등건업,"서비스,산업 > 건설,건축 > 건설자재 > 셔터,샷시",37.5783934831897,127.027604657955,http://place.map.kakao.com/24786928,한양대 문
8663561,홍익대학교 서울캠퍼스,23774540,홍익대학교 서울캠퍼스 정문,"교통,수송 > 입출구",37.55275180872968,126.92443913897051,http://place.map.kakao.com/23774540,홍익대학교 게이트
8663561,홍익대학교 서울캠퍼스,10043389,서강대학교 정문,"교통,수송 > 입출구",37.5516352233547,126.937925314256,http://place.map.kakao.com/10043389,홍익대학교 게이트
8663561,홍익대학교 서울캠퍼스,20494207,홍익대학교 후문,"교통,수송 > 입출구",37.5514381904153,126.927369234147,http://place.map.kakao.com/20494207,홍익대학교 게이트
8663561,홍익대학교 서울캠퍼스,1007769753,카페게이트 동교점,음식점 > 카페 > 커피전문점 > 카페게이트,37.5583244915411,126.92306519384,http://place.map.kakao.com/1007769753,홍익대학교 게이트
8663561,홍익대학교 서울캠퍼스,18097390,연세대학교 정문,"교통,수송 > 입출구",37.5604968585685,126.936840480172,http://place.map.kakao.com/18097390,홍익대학교 게이트
8663561,홍익대학교 서울캠퍼스,648570638,홍대정문 복권판매점,"가정,생활 > 취미 > 복권",37.5534311229527,126.92437960458,http://place.map.kakao.com/648570638,홍익대학교 게이트
8663561,홍익대학교 서울캠퍼스,750035717,신야텐야 홍대정문점,음식점 > 일식,37.5528432103494,126.923661572948,http://place.map.kakao.com/750035717,홍익대학교 게이트
8663561,홍익대학교 서울캠퍼스,235632087,시공간 홍대정문점,"가정,생활 > 패션 > 패션잡화점 > 액세서리",37.55277496959857,126.92402604767128,http://place.map.kakao.com/235632087,홍익대학교 게이트
8663561,홍익대학교 서울캠퍼스,26553625,게이트맨 마포점,"가정,생활 > 생활용품점 > 열쇠,도장",37.5450995788563,126.934947896962,http://place.map.kakao.com/26553625,홍익대학교 게이트
8663561,홍익대학교 서울캠퍼스,18922240,연세대학교 남문,"교통,수송 > 입출구",37.5614750339922,126.933014087396,http://place.map.kakao.com/18922240,홍익대학교 게이트
8663561,홍익대학교 서울캠퍼스,921581159,한강밤섬자이아파트 정문,"교통,수송 > 입출구",37.5455058434529,126.928563152241,http://place.map.kakao.com/921581159,홍익대학교 게이트
8663561,홍익대학교 서울캠퍼스,1955383281,아이유니 홍대정문점,"서비스,산업 > 식품 > 담배",37.5527271088493,126.923858605811,http://place.map.kakao.com/1955383281,홍익대학교 게이트
8663561,홍익대학교 서울캠퍼스,1982858883,전담GATE 홍대상수점,"서비스,산업 > 식품 > 담배 > 전자담배",37.5498355857707,126.920784595116,http://place.map.kakao.com/1982858883,홍익대학교 게이트
8663561,홍익대학교 서울캠퍼스,9419730,카고게이트,"교통,수송",37.5483790143107,126.917341465743,http://place.map.kakao.com/9419730,홍익대학교 게이트
8663561,홍익대학교 서울캠퍼스,308696744,카페게이트 신촌캠퍼스,음식점 > 카페 > 커피전문점 > 카페게이트,37.5537392696422,126.938337774115,http://place.map.kakao.com/308696744,홍익대학교 게이트
8663561,홍익대학교 서울캠퍼스,1844501862,서강대학교 후문,"교통,수송 > 입출구",37.5507696837461,126.943969110916,http://place.map.kakao.com/1844501862,홍익대학교 게이트
8663561,홍익대학교 서울캠퍼스,1253776250,카페게이트 망원역점,음식점 > 카페 > 커피전문점 > 카페게이트,37.5550667892105,126.910697629436,http://place.map.kakao.com/1253776250,홍익대학교 게이트
8663561,홍익대학교 서울캠퍼스,781694873,래미안웰스트림아파트 정문,"교통,수송 > 입출구",37.543708877861,126.935754773183,http://place.map.kakao.com/781694873,홍익대학교 게이트
8663561,홍익대학교 서울캠퍼스,726763867,서강대학교 정문주차장,"교통,수송 > 교통시설 > 주차장",37.5512301705454,126.938683868855,http://place.map.kakao.com/726763867,홍익대학교 게이트
8663561,홍익대학교 서울캠퍼스,1672447525,서강해모로아파트 정문,"교통,수송 > 입출구",37.5458955343933,126.929326602917,http://place.map.kakao.com/1672447525,홍익대학교 게이트
8663561,홍익대학교 서울캠퍼스,476026012,마포웨스트리버태영데시앙아파트 후문,"교통,수송 > 입출구",37.5504522303439,126.931441895787,http://place.map.kakao.com/476026012,홍익대학교 게이트
8663561,홍익대학교 서울캠퍼스,2005378018,전담 GATE연남점,"서비스,산업 > 식품 > 담배",37.5592818711369,126.925279125105,http://place.map.kakao.com/2005378018,홍익대학교 게이트
8663561,홍익대학교 서울캠퍼스,433433574,서강대학교 남문,"교통,수송 > 입출구",37.5494986137581,126.938996489276,http://place.map.kakao.com/433433574,홍익대학교 게이트
8663561,홍익대학교 서울캠퍼스,18922244,연세대학교 서문,"교통,수송 > 입출구",37.5637749061639,126.933953735176,http://place.map.kakao.com/18922244,홍익대학교 게이트
8663561,홍익대학교 서울캠퍼스,1049528224,신촌스타게이트,부동산 > 주거시설 > 도시형생활주택,37.5580788318243,126.94262361882,http://place.map.kakao.com/1049528224,홍익대학교 게이트
8663561,홍익대학교 서울캠퍼스,1158430149,전담게이트 신촌역점,"서비스,산업 > 식품 > 담배 > 전자담배",37.5575053325814,126.936437833527,http://place.map.kakao.com/1158430149,홍익대학교 게이트
8663561,홍익대학교 서울캠퍼스,1749325750,연희대우아파트 정문,"교통,수송 > 입출구",37.5621790681908,126.928997705781,http://place.map.kakao.com/1749325750,홍익대학교 게이트
8663561,홍익대학교 서울캠퍼스,1505900000,프린트카페 서강대정문점,"서비스,산업 > 인쇄,복사",37.5531594478258,126.937424970887,http://place.map.kakao.com/1505900000,홍익대학교 게이트
8663561,홍익대학교 서울캠퍼스,625654049,래미안웰스트림아파트 후문,"교통,수송 > 입출구",37.5425050149629,126.935520446363,http://place.map.kakao.com/625654049,홍익대학교 게이트
8663561,홍익대학교 서울캠퍼스,1233245720,광성중고등학교 후문,"교통,수송 > 입출구",37.54836417089,126.937115519246,http://place.map.kakao.com/1233245720,홍익대학교 게이트
8663561,홍익대학교 서울캠퍼스,1249447451,서강대학교 후문주차장,"교통,수송 > 교통시설 > 주차장",37.55092902200857,126.9436781536983,http://place.map.kakao.com/1249447451,홍익대학교 게이트
8663561,홍익대학교 서울캠퍼스,1285180952,마포아이파크포레아파트 후문,"교통,수송 > 입출구",37.5500901945164,126.934918663516,http://place.map.kakao.com/1285180952,홍익대학교 게이트
8663561,홍익대학교 서울캠퍼스,1993934381,대흥동태영아파트 후문,"교통,수송 > 입출구",37.5444938650684,126.941366675925,http://place.map.kakao.com/1993934381,홍익대학교 게이트
8663561,홍익대학교 서울캠퍼스,17578489,세브란스병원 정문,"교통,수송 > 입출구",37.560436337978,126.938253028733,http://place.map.kakao.com/17578489,홍익대학교 게이트
8663561,홍익대학교 서울캠퍼스,2066729900,마포그랑자이아파트 2단지 GATE2,"교통,수송 > 입출구",37.5542187596704,126.944086490514,http://place.map.kakao.com/2066729900,홍익대학교 게이트
8663561,홍익대학교 서울캠퍼스,1849920780,프로티너 연세대정문앞신촌세브란스점,음식점 > 패스트푸드,37.56035859437204,126.93776188834947,http://place.map.kakao.com/1849920780,홍익대학교 게이트
8663561,홍익대학교 서울캠퍼스,1199999385,마포한강2차푸르지오아파트 정문,"교통,수송 > 입출구",37.5509875875631,126.911382627799,http://place.map.kakao.com/1199999385,홍익대학교 게이트
8663561,홍익대학교 서울캠퍼스,1583567237,스타게이트부동산공인중개사사무소,부동산 > 부동산서비스 > 부동산중개업,37.55806079593418,126.94259081123286,http://place.map.kakao.com/1583567237,홍익대학교 게이트
8663561,홍익대학교 서울캠퍼스,627053570,래미안마포리버웰아파트 정문,"교통,수송 > 입출구",37.5420050046127,126.942589546149,http://place.map.kakao.com/627053570,홍익대학교 게이트
8663561,홍익대학교 서울캠퍼스,1105941582,홍익대학교 사범대학 부속초등학교 정문,"교통,수송 > 입출구",37.5593299146715,126.913806101412,http://place.map.kakao.com/1105941582,홍익대학교 게이트
8663561,홍익대학교 서울캠퍼스,186568161,마포그랑자이아파트 GATE 1-2,"교통,수송 > 입출구",37.55521664937008,126.943215444615,http://place.map.kakao.com/186568161,홍익대학교 게이트
8663561,홍익대학교 서울캠퍼스,1631981919,e편한세상마포리버파크아파트 정문,"교통,수송 > 입출구",37.54182761592,126.942812593093,http://place.map.kakao.com/1631981919,홍익대학교 게이트
8663561,홍익대학교 서울캠퍼스,152234594,마포그랑자이아파트 1-1GATE(입주민 전용),"교통,수송 > 입출구",37.55453372776068,126.94519534043667,http://place.map.kakao.com/152234594,홍익대학교 게이트
8663561,홍익대학교 서울캠퍼스,626747534,래미안마포리버웰아파트 후문,"교통,수송 > 입출구",37.5429600180398,126.942494895639,http://place.map.kakao.com/626747534,홍익대학교 게이트
8663561,홍익대학교 서울캠퍼스,1176813153,와우공원 게이트볼장,"스포츠,레저 > 게이트볼 > 게이트볼장",37.5521933549017,126.930577957594,http://place.map.kakao.com/1176813153,홍익대학교 게이트
8663561,홍익대학교 서울캠퍼스,947862288,메이드문 홍대본점,음식점 > 카페 > 테마카페,37.5522215544472,126.920972192868,http://place.map.kakao.com/947862288,홍익대학교 문
8663561,홍익대학교 서울캠퍼스,1743886829,상상의문 홍대점,음식점 > 카페 > 테마카페,37.554006624634,126.922624870188,http://place.map.kakao.com/1743886829,홍익대학교 문
8663561,홍익대학교 서울캠퍼스,375509230,아뜰리에문카페 홍대본점,음식점 > 카페,37.560583296429,126.924469712383,http://place.map.kakao.com/375509230,홍익대학교 문
8663561,홍익대학교 서울캠퍼스,176930828,발리문,음식점 > 아시아음식 > 동남아음식,37.5620249290629,126.924529376015,http://place.map.kakao.com/176930828,홍익대 문
8663561,홍익대학교 서울캠퍼스,1802522702,디저트문,음식점 > 카페 > 테마카페 > 디저트카페,37.553073686326336,126.93222602425678,http://place.map.kakao.com/1802522702,홍익대 문
8663561,홍익대학교 서울캠퍼스,2106369372,케이엘방화문,"서비스,산업 > 건설,건축 > 시공업체",37.5455672875649,126.92737493043116,http://place.map.kakao.com/2106369372,홍익대 문
8663561,홍익대학교 서울캠퍼스,1232066658,문하우스,여행 > 숙박,37.5561539642704,126.916401453283,http://place.map.kakao.com/1232066658,홍익대 문
8663561,홍익대학교 서울캠퍼스,1442541843,문하우스,"부동산 > 주거시설 > 빌라,주택",37.54599410753165,126.93304378448569,http://place.map.kakao.com/1442541843,홍익대 문
8663561,홍익대학교 서울캠퍼스,1415250645,블루문 신촌,음식점 > 술집,37.5549751519309,126.932856937252,http://place.map.kakao.com/1415250645,홍익대 문
8663561,홍익대학교 서울캠퍼스,197617527,태양자동문수리AS센터,"서비스,산업 > 건설,건축 > 시공업체",37.5533901903859,126.925185417924,http://place.map.kakao.com/197617527,홍익대 문
8663561,홍익대학교 서울캠퍼스,1227447269,리틀문카페,음식점 > 카페,37.55708343581528,126.93276903199656,http://place.map.kakao.com/1227447269,홍익대 문
8663561,홍익대학교 서울캠퍼스,882123536,케이문에프엔디,"문화,예술 > 연예기획사",37.54488082722187,126.92465981975194,http://place.map.kakao.com/882123536,홍익대 문
8663561,홍익대학교 서울캠퍼스,22251609,문화문,"교육,학문 > 교육단체 > 학교법인,재단",37.5502434504549,126.919032362121,http://place.map.kakao.com/22251609,홍익대 문
8663561,홍익대학교 서울캠퍼스,1821077267,살롱드문 동교점,"가정,생활 > 미용 > 미용실",37.5605832949871,126.924467448762,http://place.map.kakao.com/1821077267,홍익대 문
8663561,홍익대학교 서울캠퍼스,20752181,문바운드,"문화,예술 > 사진",37.5514414120386,126.915930282979,http://place.map.kakao.com/20752181,홍익대 문
8663561,홍익대학교 서울캠퍼스,178765921,더스테이문,"부동산 > 주거시설 > 고시원,고시텔",37.5551302827071,126.93313746676,http://place.map.kakao.com/178765921,홍익대 문
8663561,홍익대학교 서울캠퍼스,22873741,문부터,음식점 > 술집 > 칵테일바,37.55936476706939,126.91847696900808,http://place.map.kakao.com/22873741,홍익대 문
8663561,홍익대학교 서울캠퍼스,2054987549,문하우스,"부동산 > 주거시설 > 빌라,주택",37.56131289107937,126.92138362898066,http://place.map.kakao.com/2054987549,홍익대 문
8663561,홍익대학교 서울캠퍼스,1872840534,스마트자동문,"서비스,산업 > 건설,건축 > 시공업체",37.5452058130645,126.934796173123,http://place.map.kakao.com/1872840534,홍익대 문
8663561,홍익대학교 서울캠퍼스,1113256633,문싸롱,"가정,생활 > 미용 > 미용실",37.559669501366,126.924182026529,http://place.map.kakao.com/1113256633,홍익대 문
8663561,홍익대학교 서울캠퍼스,27882486,문빌딩공인중개사사무소,부동산 > 부동산서비스 > 부동산중개업,37.5492003308943,126.915511830453,http://place.map.kakao.com/27882486,홍익대 문
8663561,홍익대학교 서울캠퍼스,695707807,문김밥,음식점 > 분식,37.566036693739,126.925362930041,http://place.map.kakao.com/695707807,홍익대 문
8663561,홍익대학교 서울캠퍼스,921842914,더문공인중개사사무소,부동산 > 부동산서비스 > 부동산중개업,37.5551125207946,126.933594700874,http://place.map.kakao.com/921842914,홍익대 문
8663561,홍익대학교 서울캠퍼스,198585325,헌터스문 신촌본점,"음식점 > 술집 > 호프,요리주점",37.558872902435894,126.93959661619526,http://place.map.kakao.com/198585325,홍익대 문
8663561,홍익대학교 서울캠퍼스,938112032,그린문컴퍼니,"서비스,산업 > 전문대행 > 컨설팅",37.5437763681933,126.93727326470922,http://place.map.kakao.com/938112032,홍익대 문
8663561,홍익대학교 서울캠퍼스,1136746447,레이문스튜디오,"문화,예술 > 사진 > 사진관,포토스튜디오",37.5585939168487,126.911527542616,http://place.map.kakao.com/1136746447,홍익대 문
8663561,홍익대학교 서울캠퍼스,1470963688,노고산동출장열쇠현관문도어락설치열쇠 수리도어락고장마포구열쇠,"가정,생활 > 생활용품점 > 열쇠",37.553945964192,126.934014468931,http://place.map.kakao.com/1470963688,홍익대 문
8663561,홍익대학교 서울캠퍼스,731404923,키월드24시출장열쇠디지털도어락버호키설치및AS잠긴문열기,"가정,생활 > 생활용품점 > 열쇠",37.5473648245632,126.914024701999,http://place.map.kakao.com/731404923,홍익대 문
8663561,홍익대학교 서울캠퍼스,1439541035,마포구24시출장열쇠잠긴문도어락고장 수리설치,"가정,생활 > 생활용품점 > 열쇠",37.5623661080031,126.914820125916,http://place.map.kakao.com/1439541035,홍익대 문
8663561,홍익대학교 서울캠퍼스,1903233736,대흥동출장열쇠현관문도어락설치열쇠 수리도어락고장마포구열쇠집,"가정,생활 > 생활용품점 > 열쇠",37.5473259961628,126.941956290052,http://place.map.kakao.com/1903233736,홍익대 문
8663561,홍익대학교 서울캠퍼스,130548984,HMoon 주얼리공방,"문화,예술 > 미술,공예",37.5572410853673,126.92813772638831,http://place.map.kakao.com/130548984,홍익대 문
17384594,KAIST 서울캠퍼스,26397117,경희대학교 정문,"교통,수송 > 입출구",37.5938315697917,127.052697920723,http://place.map.kakao.com/26397117,KAIST 게이트
17384594,KAIST 서울캠퍼스,186594796,경희대학교 후문,"교통,수송 > 입출구",37.5981142355862,127.05412773906,http://place.map.kakao.com/186594796,KAIST 게이트
17384594,KAIST 서울캠퍼스,536324711,래미안라그란데아파트 게이트2,"교통,수송 > 입출구",37.599768851645,127.060719531634,http://place.map.kakao.com/536324711,KAIST 게이트
17384594,KAIST 서울캠퍼스,355663192,래미안라그란데아파트 게이트5,"교통,수송 > 입출구",37.5985489373759,127.058887472186,http://place.map.kakao.com/355663192,KAIST 게이트
17384594,KAIST 서울캠퍼스,1435351662,서울시립대학교 정문,"교통,수송 > 입출구",37.5834771622868,127.055113438416,http://place.map.kakao.com/1435351662,KAIST 게이트
17384594,KAIST 서울캠퍼스,124606080,래미안라그란데아파트 게이트3,"교통,수송 > 입출구",37.6004229057925,127.059072400295,http://place.map.kakao.com/124606080,KAIST 게이트
17384594,KAIST 서울캠퍼스,1256166357,카페게이트 고려대역점,음식점 > 카페 > 커피전문점 > 카페게이트,37.59106616747106,127.03673092661474,http://place.map.kakao.com/1256166357,KAIST 게이트
17384594,KAIST 서울캠퍼스,1045137873,래미안라그란데아파트 게이트1,"교통,수송 > 입출구",37.60310501925855,127.06110727778606,http://place.map.kakao.com/1045137873,KAIST 게이트
17384594,KAIST 서울캠퍼스,346634332,전담 GATE 경희대점,"서비스,산업 > 식품 > 담배",37.5917224524691,127.052463183324,http://place.map.kakao.com/346634332,KAIST 게이트
17384594,KAIST 서울캠퍼스,1443531489,래미안라그란데아파트 게이트4,"교통,수송 > 입출구",37.5995193587653,127.060560792787,http://place.map.kakao.com/1443531489,KAIST 게이트
17384594,KAIST 서울캠퍼스,27853236,신현대아파트 정문,"교통,수송 > 입출구",37.5891635290163,127.052700290591,http://place.map.kakao.com/27853236,KAIST 게이트
17384594,KAIST 서울캠퍼스,193241218,경희대학교 남문,"교통,수송 > 입출구",37.5945543473825,127.056208639286,http://place.map.kakao.com/193241218,KAIST 게이트
17384594,KAIST 서울캠퍼스,1900627195,한국과학기술연구원 북문,"교통,수송 > 입출구",37.6042175699009,127.045534434212,http://place.map.kakao.com/1900627195,KAIST 게이트
17384594,KAIST 서울캠퍼스,27384930,한국외대정문,"교통,수송 > 입출구",37.5965021772992,127.060096346596,http://place.map.kakao.com/27384930,KAIST 게이트
17384594,KAIST 서울캠퍼스,657726338,래미안라센트아파트 정문,"교통,수송 > 입출구",37.5992265186196,127.039307742306,http://place.map.kakao.com/657726338,KAIST 게이트
17384594,KAIST 서울캠퍼스,1390155690,래미안이문2차아파트 정문,"교통,수송 > 입출구",37.5937285243427,127.05910673921,http://place.map.kakao.com/1390155690,KAIST 게이트
17384594,KAIST 서울캠퍼스,403198476,삼육초등학교 후문,"교통,수송 > 입출구",37.5894062601637,127.047601951384,http://place.map.kakao.com/403198476,KAIST 게이트
17384594,KAIST 서울캠퍼스,962940394,프린트카페 외대후문점,"서비스,산업 > 인쇄,복사",37.59886747059,127.057910469983,http://place.map.kakao.com/962940394,KAIST 게이트
17384594,KAIST 서울캠퍼스,1161895632,국립산림과학원 정문,"교통,수송 > 입출구",37.591440803427,127.042617825784,http://place.map.kakao.com/1161895632,KAIST 게이트
17384594,KAIST 서울캠퍼스,1972191955,월곡래미안루나밸리아파트 정문,"교통,수송 > 입출구",37.6000230801872,127.041683954154,http://place.map.kakao.com/1972191955,KAIST 게이트
17384594,KAIST 서울캠퍼스,1220652183,휘경자이디센시아아파트 정문,"교통,수송 > 입출구",37.5939020513347,127.063285120747,http://place.map.kakao.com/1220652183,KAIST 게이트
17384594,KAIST 서울캠퍼스,247242075,제이엔터 경희대정문점,"서비스,산업 > 전문대행 > 공간대여",37.5913010000209,127.053991460294,http://place.map.kakao.com/247242075,KAIST 게이트
17384594,KAIST 서울캠퍼스,225636290,프린트카페 경희대정문점,"서비스,산업 > 인쇄,복사",37.59161587342018,127.05501753427863,http://place.map.kakao.com/225636290,KAIST 게이트
17384594,KAIST 서울캠퍼스,638768484,시조사 정문,"교통,수송 > 입출구",37.5887398774826,127.053113258525,http://place.map.kakao.com/638768484,KAIST 게이트
17384594,KAIST 서울캠퍼스,1921733296,KAIST 서울캠퍼스 중문,"교통,수송 > 입출구",37.5913978228737,127.041871630289,http://place.map.kakao.com/1921733296,KAIST 게이트
17384594,KAIST 서울캠퍼스,2143884454,휘경자이디센시아아파트 후문,"교통,수송 > 입출구",37.592307107959,127.063634780463,http://place.map.kakao.com/2143884454,KAIST 게이트
17384594,KAIST 서울캠퍼스,137156823,이문아이파크자이아파트 2단지 정문,"교통,수송 > 입출구",37.5985669155017,127.064153082247,http://place.map.kakao.com/137156823,KAIST 게이트
17384594,KAIST 서울캠퍼스,1243961672,한국과학기술연구원 쪽문,"교통,수송 > 입출구",37.60134874681516,127.04332671505159,http://place.map.kakao.com/1243961672,KAIST 게이트
17384594,KAIST 서울캠퍼스,1891018401,이문아이파크자이아파트 1단지 후문,"교통,수송 > 입출구",37.5962451042884,127.062392547736,http://place.map.kakao.com/1891018401,KAIST 게이트
17384594,KAIST 서울캠퍼스,373955450,판도라 경희정문약국점,"가정,생활 > 드럭스토어",37.5935287576798,127.052874347539,http://place.map.kakao.com/373955450,KAIST 게이트
17384594,KAIST 서울캠퍼스,26896071,서울시립대학교 후문,"교통,수송 > 입출구",37.58521140994416,127.06094546401724,http://place.map.kakao.com/26896071,KAIST 게이트
17384594,KAIST 서울캠퍼스,2009989067,이문아이파크자이아파트 1단지 정문,"교통,수송 > 입출구",37.5981679688244,127.063798304729,http://place.map.kakao.com/2009989067,KAIST 게이트
17384594,KAIST 서울캠퍼스,1189813599,융기방화문,"서비스,산업 > 건설,건축 > 건설자재",37.6076802970666,127.049457344625,http://place.map.kakao.com/1189813599,KAIST 게이트
17384594,KAIST 서울캠퍼스,17008659,게이트맨 동대문점,"가정,생활 > 생활용품점 > 열쇠,도장",37.5820530387715,127.054365178764,http://place.map.kakao.com/17008659,KAIST 게이트
17384594,KAIST 서울캠퍼스,790938502,이문쌍용아파트 정문,"교통,수송 > 입출구",37.5991966457134,127.069053499257,http://place.map.kakao.com/790938502,KAIST 게이트
17384594,KAIST 서울캠퍼스,27337727,고려대학교 서울캠퍼스 정문,"교통,수송 > 입출구",37.58815247199953,127.03424727911144,http://place.map.kakao.com/27337727,KAIST 게이트
17384594,KAIST 서울캠퍼스,820424802,빨간대문,"음식점 > 일식 > 돈까스,우동",37.58569260653839,127.0608167865352,http://place.map.kakao.com/820424802,KAIST 게이트
17384594,KAIST 서울캠퍼스,135172949,한신아파트 후문,"교통,수송 > 입출구",37.5904559570135,127.040227056158,http://place.map.kakao.com/135172949,KAIST 게이트
17384594,KAIST 서울캠퍼스,20576679,삼육서울병원 정문주차장,"교통,수송 > 교통시설 > 주차장",37.58945859451551,127.06284431048113,http://place.map.kakao.com/20576679,KAIST 게이트
17384594,KAIST 서울캠퍼스,1059156737,한신아파트 정문,"교통,수송 > 입출구",37.5874760750086,127.038422960947,http://place.map.kakao.com/1059156737,KAIST 게이트
17384594,KAIST 서울캠퍼스,1024933968,래미안라센트아파트 후문,"교통,수송 > 입출구",37.6003277635331,127.038598298722,http://place.map.kakao.com/1024933968,KAIST 게이트
17384594,KAIST 서울캠퍼스,144707760,작심스터디카페 고려대정문점,"서비스,산업 > 전문대행 > 공간대여 > 스터디카페,스터디룸",37.5888949961359,127.036016548578,http://place.map.kakao.com/144707760,KAIST 게이트
17384594,KAIST 서울캠퍼스,1563628359,래미안아트리치아파트 정문,"교통,수송 > 입출구",37.6066667304378,127.06263907854,http://place.map.kakao.com/1563628359,KAIST 게이트
17384594,KAIST 서울캠퍼스,1666503182,종암중학교 정문,"교통,수송 > 입출구",37.592503657226,127.032253408544,http://place.map.kakao.com/1666503182,KAIST 게이트
17384594,KAIST 서울캠퍼스,484442211,동신아파트 정문,"교통,수송 > 입출구",37.6042748946843,127.036091910729,http://place.map.kakao.com/484442211,KAIST 게이트
17384594,KAIST 서울캠퍼스,1281331983,이문아이파크자이아파트 2단지 후문,"교통,수송 > 입출구",37.600766962919,127.064468651513,http://place.map.kakao.com/1281331983,KAIST gate
17384594,KAIST 서울캠퍼스,1054228410,월곡두산위브아파트 후문,"교통,수송 > 입출구",37.6061629106599,127.040294403354,http://place.map.kakao.com/1054228410,KAIST gate
17384594,KAIST 서울캠퍼스,1744946338,래미안세레니티아파트 정문,"교통,수송 > 입출구",37.5995629419303,127.032190776368,http://place.map.kakao.com/1744946338,KAIST gate
17384594,KAIST 서울캠퍼스,1814495982,휘경롯데낙천대아파트 정문,"교통,수송 > 입출구",37.5923234565011,127.065047894289,http://place.map.kakao.com/1814495982,KAIST gate
17384594,KAIST 서울캠퍼스,1791510231,래미안석관아파트 정문,"교통,수송 > 입출구",37.6080252106611,127.05394805303,http://place.map.kakao.com/1791510231,KAIST gate
17384594,KAIST 서울캠퍼스,1293094558,서울홍파초등학교 후문,"교통,수송 > 입출구",37.5865007787571,127.039698452976,http://place.map.kakao.com/1293094558,KAIST gate
17384594,KAIST 서울캠퍼스,1745191049,래미안세레니티아파트 후문,"교통,수송 > 입출구",37.5992005426997,127.029512503828,http://place.map.kakao.com/1745191049,KAIST gate
17384594,KAIST 서울캠퍼스,166872841,청량리역롯데캐슬SKY-L65아파트 정문,"교통,수송 > 입출구",37.5782286305219,127.045071432324,http://place.map.kakao.com/166872841,KAIST gate
17384594,KAIST 서울캠퍼스,2066183936,꿈의숲푸르지오아파트 정문,"교통,수송 > 입출구",37.6099774097701,127.038465112827,http://place.map.kakao.com/2066183936,KAIST gate
17384594,KAIST 서울캠퍼스,1017302941,브라운스톤휘경아파트 후문,"교통,수송 > 입출구",37.590463532433,127.065547868224,http://place.map.kakao.com/1017302941,KAIST gate
17384594,KAIST 서울캠퍼스,1900157257,이문e편한세상아파트 후문,"교통,수송 > 입출구",37.60531716493,127.064098857056,http://place.map.kakao.com/1900157257,KAIST gate
17384594,KAIST 서울캠퍼스,2042277440,빅문,음식점 > 양식,37.5926299873215,127.055875429116,http://place.map.kakao.com/2042277440,KAIST 문
17384594,KAIST 서울캠퍼스,92276873,문밸리,음식점 > 양식,37.6040606262464,127.043602345473,http://place.map.kakao.com/92276873,KAIST 문
17384594,KAIST 서울캠퍼스,607717652,외대이문바른정형외과의원,"의료,건강 > 병원 > 정형외과",37.5957329594685,127.061402452106,http://place.map.kakao.com/607717652,KAIST 문
17384594,KAIST 서울캠퍼스,1757451249,문디자인,"서비스,산업 > 건설,건축 > 인테리어",37.6000526524487,127.036743270922,http://place.map.kakao.com/1757451249,KAIST 문
17384594,KAIST 서울캠퍼스,621132735,오버더문꽃집,"가정,생활 > 꽃집,꽃배달",37.6083018985296,127.05940140317564,http://place.map.kakao.com/621132735,KAIST 문
17384594,KAIST 서울캠퍼스,1297031572,지혜문,"문화,예술 > 도서 > 출판사",37.5867809744012,127.036964320068,http://place.map.kakao.com/1297031572,KAIST 문
17384594,KAIST 서울캠퍼스,1269569358,희망부동산이문아이파크자이래미안라그란데공인중개사사무소,부동산 > 부동산서비스 > 부동산중개업,37.59652262742182,127.06235880880205,http://place.map.kakao.com/1269569358,KAIST 문
17384594,KAIST 서울캠퍼스,26969775,문미용실,"가정,생활 > 미용 > 미용실",37.603778789229,127.066425885491,http://place.map.kakao.com/26969775,KAIST 문
17384594,KAIST 서울캠퍼스,1607176959,포포문비스트로,음식점 > 양식,37.57970919631214,127.03938351907664,http://place.map.kakao.com/1607176959,KAIST 문
17384594,KAIST 서울캠퍼스,911149456,캡틴자동문,"서비스,산업 > 건설,건축 > 시공업체 > 유리,창호시공",37.5832057994195,127.030807033079,http://place.map.kakao.com/911149456,KAIST 문
17384594,KAIST 서울캠퍼스,7875289,문비뇨기과의원,"의료,건강 > 병원 > 비뇨기과",37.6149271400738,127.064052738696,http://place.map.kakao.com/7875289,KAIST 문
17384594,KAIST 서울캠퍼스,925321262,문테리어,음식점 > 카페,37.577222548055,127.048779464206,http://place.map.kakao.com/925321262,KAIST 문
17384594,KAIST 서울캠퍼스,1469506752,블루문연습실,"서비스,산업 > 전문대행 > 공간대여",37.5900285721064,127.020403271176,http://place.map.kakao.com/1469506752,KAIST 문
17384594,KAIST 서울캠퍼스,2003274857,JW자동문,"서비스,산업 > 건설,건축 > 인테리어",37.5916418528575,127.076336144867,http://place.map.kakao.com/2003274857,KAIST 문
17384594,KAIST 서울캠퍼스,1156705583,샵자동문,"서비스,산업 > 제조업 > 전기,전자 > 자동화장치",37.5909529012061,127.073002036065,http://place.map.kakao.com/1156705583,KAIST 문
17384594,KAIST 서울캠퍼스,26046708,에이치아이차고문,"서비스,산업 > 제조업",37.6169443102254,127.059147764875,http://place.map.kakao.com/26046708,KAIST 문
17384594,KAIST 서울캠퍼스,8032866,서울자동문,"서비스,산업 > 건설,건축 > 시공업체 > 산업설비시공",37.5757430442681,127.067256796566,http://place.map.kakao.com/8032866,KAIST 문
17384594,KAIST 서울캠퍼스,991882216,현대자동문 은우테크,"서비스,산업 > 건설,건축 > 시공업체 > 유리,창호시공",37.590290268992945,127.07648422283131,http://place.map.kakao.com/991882216,KAIST 문
17384594,KAIST 서울캠퍼스,20524849,열린문교회,"문화,예술 > 종교 > 기독교 > 교회",37.6157251518428,127.053750871767,http://place.map.kakao.com/20524849,KAIST 문
17384594,KAIST 서울캠퍼스,469402118,문원장바둑학원,"가정,생활 > 취미 > 바둑,기원",37.6092029426936,127.023202502869,http://place.map.kakao.com/469402118,KAIST 문
17384594,KAIST 서울캠퍼스,636821672,상길례문화공원,여행 > 공원 > 도시근린공원,37.6196786008141,127.045376221336,http://place.map.kakao.com/636821672,KAIST 문
17384594,KAIST 서울캠퍼스,401581722,도서출판샘문,"문화,예술 > 도서 > 출판사 > 잡지사,정기간행물출판",37.58895657198204,127.07683611711246,http://place.map.kakao.com/401581722,KAIST 문
17384594,KAIST 서울캠퍼스,9256456,열린문사회복지센터,"사회,공공기관 > 단체,협회 > 사회복지시설",37.6033775973348,127.074398040667,http://place.map.kakao.com/9256456,KAIST 문
17384594,KAIST 서울캠퍼스,27102657,자동문백화점,"서비스,산업 > 건설,건축 > 건설자재",37.5978671280886,127.079927605139,http://place.map.kakao.com/27102657,KAIST 문
17384594,KAIST 서울캠퍼스,1266364786,찰리문연습실,"서비스,산업 > 전문대행 > 공간대여",37.5950099680637,127.015751877081,http://place.map.kakao.com/1266364786,KAIST 문
17384594,KAIST 서울캠퍼스,1376395610,오브더문&이쥬뷰티,"가정,생활 > 미용 > 메이크업",37.5912142305622,127.020675340839,http://place.map.kakao.com/1376395610,KAIST 문
17384594,KAIST 서울캠퍼스,9308461,열린문배움터,"교육,학문 > 학교부속시설",37.6033667911709,127.074388970235,http://place.map.kakao.com/9308461,KAIST 문
17384594,KAIST 서울캠퍼스,389908158,문 아이스 방구 크림 장곡초점,"가정,생활 > 식품판매",37.6167468678848,127.047458537638,http://place.map.kakao.com/389908158,KAIST 문
17384594,KAIST 서울캠퍼스,67744449,선담방문요양센터,"사회,공공기관 > 단체,협회 > 사회복지시설 > 노인복지시설",37.5883035945414,127.017788479247,http://place.map.kakao.com/67744449,KAIST 문
17384594,KAIST 서울캠퍼스,24530016,대한불교진각종 진각문화전승원,"문화,예술 > 종교 > 불교 > 절,사찰",37.6047850318743,127.041063746891,http://place.map.kakao.com/24530016,KAIST 문
17384594,KAIST 서울캠퍼스,27557132,KT 오천만인문 전농점,"서비스,산업 > 정보통신 > KT > KT대리점",37.57850079405108,127.0573829914686,http://place.map.kakao.com/27557132,KAIST 문
17384594,KAIST 서울캠퍼스,1042302426,리바트집테리어 문테리어,"서비스,산업 > 건설,건축 > 인테리어 > 리바트집테리어",37.577222548055,127.04877946420592,http://place.map.kakao.com/1042302426,KAIST 문
17384594,KAIST 서울캠퍼스,24786928,무등건업,"서비스,산업 > 건설,건축 > 건설자재 > 셔터,샷시",37.5783934831897,127.027604657955,http://place.map.kakao.com/24786928,KAIST 문
17384594,KAIST 서울캠퍼스,8765752,고려대학교 서울캠퍼스 정문수위실,"교육,학문 > 학교부속시설",37.58854321081578,127.03432934973377,http://place.map.kakao.com/8765752,고등과학원 게이트
17384594,KAIST 서울캠퍼스,853155481,밤새출력 고대정문점,"서비스,산업 > 인쇄,복사",37.588758221779,127.035433380252,http://place.map.kakao.com/853155481,고등과학원 게이트
17384594,KAIST 서울캠퍼스,819667833,프린트카페 고대정문점,"서비스,산업 > 인쇄,복사",37.5890122221344,127.035697312946,http://place.map.kakao.com/819667833,고등과학원 게이트
17384594,KAIST 서울캠퍼스,963376973,종암중학교 후문,"교통,수송 > 입출구",37.593428006437975,127.03250291533631,http://place.map.kakao.com/963376973,고등과학원 게이트
17384594,KAIST 서울캠퍼스,1919786334,동도교회 정문,"교통,수송 > 입출구",37.5823877557433,127.042262832995,http://place.map.kakao.com/1919786334,고등과학원 게이트
17384594,KAIST 서울캠퍼스,12810655,고려대학교 서울캠퍼스 후문,"교통,수송 > 입출구",37.5909234976879,127.031585819286,http://place.map.kakao.com/12810655,고등과학원 gate
17384594,KAIST 서울캠퍼스,17569302,고려대학교 정경관후문,"교통,수송 > 입출구",37.5868333780378,127.030107690954,http://place.map.kakao.com/17569302,고등과학원 gate
17384594,KAIST 서울캠퍼스,186359417,롯데백화점 청량리점 후문,"교통,수송 > 입출구",37.5809839012778,127.049491757291,http://place.map.kakao.com/186359417,고등과학원 gate
17384594,KAIST 서울캠퍼스,1846906800,동대문롯데캐슬노블레스아파트 정문,"교통,수송 > 입출구",37.576794432248,127.049125594217,http://place.map.kakao.com/1846906800,고등과학원 gate
17384594,KAIST 서울캠퍼스,1148185088,성신여자대학교 돈암수정캠퍼스 중문,"교통,수송 > 입출구",37.590898620551144,127.02212455934625,http://place.map.kakao.com/1148185088,고등과학원 gate
10148561,광운대학교,1967820620,장위자이레디언트아파트 게이트1,"교통,수송 > 입출구",37.6143888169309,127.057916841383,http://place.map.kakao.com/1967820620,광운대학교 게이트
10148561,광운대학교,1052095114,광운대학교 후문,"교통,수송 > 입출구",37.6202031137874,127.061053306516,http://place.map.kakao.com/1052095114,광운대학교 게이트
10148561,광운대학교,1719452636,광운전자공업고등학교 정문,"교통,수송 > 입출구",37.61915666562245,127.05642990850215,http://place.map.kakao.com/1719452636,광운대학교 게이트
10148561,광운대학교,1164204862,꿈의숲아이파크아파트 정문,"교통,수송 > 입출구",37.6196051989429,127.048695003232,http://place.map.kakao.com/1164204862,광운대학교 게이트
10148561,광운대학교,18225100,북서울꿈의숲 동문,"교통,수송 > 입출구",37.6200860635905,127.04481011268,http://place.map.kakao.com/18225100,광운대학교 게이트
10148561,광운대학교,182078663,래미안장위퍼스트하이아파트 후문,"교통,수송 > 입출구",37.62090187351257,127.05047422713827,http://place.map.kakao.com/182078663,광운대학교 게이트
10148561,광운대학교,1371112320,월계미성미륭삼호아파트 정문,"교통,수송 > 입출구",37.6230738871398,127.067263167198,http://place.map.kakao.com/1371112320,광운대학교 게이트
10148561,광운대학교,68416093,롯데캐슬루나아파트 정문,"교통,수송 > 입출구",37.6263976521353,127.051038683306,http://place.map.kakao.com/68416093,광운대학교 게이트
10148561,광운대학교,1243889371,꿈의숲아이파크아파트 후문,"교통,수송 > 입출구",37.6192170367541,127.050450434131,http://place.map.kakao.com/1243889371,광운대학교 게이트
10148561,광운대학교,61014225,번동주공1단지 정문,"교통,수송 > 입출구",37.6236852146531,127.047852620194,http://place.map.kakao.com/61014225,광운대학교 게이트
10148561,광운대학교,223748954,대명루첸아파트 정문,"교통,수송 > 입출구",37.6200817910442,127.046537496722,http://place.map.kakao.com/223748954,광운대학교 게이트
10148561,광운대학교,1563628359,래미안아트리치아파트 정문,"교통,수송 > 입출구",37.6066667304378,127.06263907854,http://place.map.kakao.com/1563628359,광운대학교 게이트
10148561,광운대학교,1045137873,래미안라그란데아파트 게이트1,"교통,수송 > 입출구",37.60310501925855,127.06110727778606,http://place.map.kakao.com/1045137873,광운대학교 게이트
10148561,광운대학교,947173680,게이트맨 노원대리점,"서비스,산업 > 제조업 > 전기,전자 > 보안제품",37.6177208215638,127.073792755835,http://place.map.kakao.com/947173680,광운대학교 게이트
10148561,광운대학교,15141106,북서울꿈의숲동문교차로,"교통,수송 > 도로시설 > 교차로",37.6194734023939,127.044782560096,http://place.map.kakao.com/15141106,광운대학교 게이트
10148561,광운대학교,1189813599,융기방화문,"서비스,산업 > 건설,건축 > 건설자재",37.6076802970666,127.049457344625,http://place.map.kakao.com/1189813599,광운대학교 게이트
10148561,광운대학교,961385010,월계한진한화그랑빌아파트 후문,"교통,수송 > 입출구",37.6197775928112,127.069647945458,http://place.map.kakao.com/961385010,광운대학교 게이트
10148561,광운대학교,1051934876,죠스아이스크림 광운대후문점,"가정,생활 > 식품판매 > 아이스크림판매",37.6206147710247,127.061234878438,http://place.map.kakao.com/1051934876,광운대학교 게이트
10148561,광운대학교,18091378,북서울꿈의숲 서문,"교통,수송 > 입출구",37.6221535743957,127.037820057795,http://place.map.kakao.com/18091378,광운대학교 게이트
10148561,광운대학교,1956944050,월계센트럴아이파크아파트 정문,"교통,수송 > 입출구",37.6311013597156,127.057649987321,http://place.map.kakao.com/1956944050,광운대학교 게이트
10148561,광운대학교,1569937142,북서울꿈의숲 서문 주차장,"교통,수송 > 교통시설 > 주차장",37.6219481274988,127.037887918169,http://place.map.kakao.com/1569937142,광운대학교 게이트
10148561,광운대학교,479854614,월계한진한화그랑빌아파트 서문,"교통,수송 > 입출구",37.6197965188943,127.069638901449,http://place.map.kakao.com/479854614,광운대학교 게이트
10148561,광운대학교,26423405,롯데캐슬루나아파트 후문,"교통,수송 > 입출구",37.627635238328274,127.04979455253942,http://place.map.kakao.com/26423405,광운대학교 게이트
10148561,광운대학교,1791510231,래미안석관아파트 정문,"교통,수송 > 입출구",37.6080252106611,127.05394805303,http://place.map.kakao.com/1791510231,광운대학교 게이트
10148561,광운대학교,272187506,월계한진한화그랑빌아파트 동문,"교통,수송 > 입출구",37.6175971131986,127.069798822589,http://place.map.kakao.com/272187506,광운대학교 게이트
10148561,광운대학교,2013988709,24시디지털도어락게이트맨현관문출장열쇠,"가정,생활 > 생활용품점 > 열쇠",37.62408675205,127.046354218528,http://place.map.kakao.com/2013988709,광운대학교 게이트
10148561,광운대학교,338933776,죠스아이스크림할인점 광운대 후문점,"가정,생활 > 식품판매 > 아이스크림판매",37.6206625615226,127.061161290753,http://place.map.kakao.com/338933776,광운대학교 게이트
10148561,광운대학교,536324711,래미안라그란데아파트 게이트2,"교통,수송 > 입출구",37.599768851645,127.060719531634,http://place.map.kakao.com/536324711,광운대학교 게이트
10148561,광운대학교,921740083,석관중학교 후문,"교통,수송 > 입출구",37.6081757887686,127.066124012046,http://place.map.kakao.com/921740083,광운대학교 게이트
10148561,광운대학교,26396910,서울과학기술대학교 정문,"교통,수송 > 입출구",37.63022194847668,127.07672337790524,http://place.map.kakao.com/26396910,광운대학교 게이트
10148561,광운대학교,19265047,공릉산백세문,"여행 > 관광,명소 > 문화유적 > 문",37.6280934199864,127.085184591964,http://place.map.kakao.com/19265047,광운대학교 게이트
10148561,광운대학교,26397117,경희대학교 정문,"교통,수송 > 입출구",37.5938315697917,127.052697920723,http://place.map.kakao.com/26397117,광운대학교 게이트
10148561,광운대학교,825389687,래미안아트리치아파트 후문,"교통,수송 > 입출구",37.60622489784135,127.0649490126888,http://place.map.kakao.com/825389687,광운대학교 게이트
10148561,광운대학교,1411706418,묵동아이파크아파트 정문,"교통,수송 > 입출구",37.6102403261785,127.073130742807,http://place.map.kakao.com/1411706418,광운대학교 게이트
10148561,광운대학교,1130521703,서울월곡초등학교 후문,"교통,수송 > 입출구",37.6106666873956,127.045963079457,http://place.map.kakao.com/1130521703,광운대학교 게이트
10148561,광운대학교,527938456,석관동삼성아파트 정문,"교통,수송 > 입출구",37.6100193676995,127.065847034494,http://place.map.kakao.com/527938456,광운대학교 게이트
10148561,광운대학교,1234529421,월계센트럴아이파크아파트 후문,"교통,수송 > 입출구",37.6296386933821,127.05654432143,http://place.map.kakao.com/1234529421,광운대학교 게이트
10148561,광운대학교,124606080,래미안라그란데아파트 게이트3,"교통,수송 > 입출구",37.6004229057925,127.059072400295,http://place.map.kakao.com/124606080,광운대학교 게이트
10148561,광운대학교,790938502,이문쌍용아파트 정문,"교통,수송 > 입출구",37.5991966457134,127.069053499257,http://place.map.kakao.com/790938502,광운대학교 게이트
10148561,광운대학교,2035287725,학여울청구아파트 정문,"교통,수송 > 입출구",37.6370938295044,127.061197416303,http://place.map.kakao.com/2035287725,광운대학교 게이트
10148561,광운대학교,18091087,북서울꿈의숲 15번출입구,"교통,수송 > 입출구",37.6165340894594,127.040603551855,http://place.map.kakao.com/18091087,광운대학교 게이트
10148561,광운대학교,1900627195,한국과학기술연구원 북문,"교통,수송 > 입출구",37.6042175699009,127.045534434212,http://place.map.kakao.com/1900627195,광운대학교 게이트
10148561,광운대학교,186594796,경희대학교 후문,"교통,수송 > 입출구",37.5981142355862,127.05412773906,http://place.map.kakao.com/186594796,광운대학교 게이트
10148561,광운대학교,1443531489,래미안라그란데아파트 게이트4,"교통,수송 > 입출구",37.5995193587653,127.060560792787,http://place.map.kakao.com/1443531489,광운대학교 게이트
10148561,광운대학교,1900157257,이문e편한세상아파트 후문,"교통,수송 > 입출구",37.60531716493,127.064098857056,http://place.map.kakao.com/1900157257,광운대학교 게이트
10148561,광운대학교,137156823,이문아이파크자이아파트 2단지 정문,"교통,수송 > 입출구",37.5985669155017,127.064153082247,http://place.map.kakao.com/137156823,광운대학교 gate
10148561,광운대학교,2009989067,이문아이파크자이아파트 1단지 정문,"교통,수송 > 입출구",37.5981679688244,127.063798304729,http://place.map.kakao.com/2009989067,광운대학교 gate
10148561,광운대학교,1991883404,서울용원초등학교 정문,"교통,수송 > 입출구",37.6292495159638,127.068367598395,http://place.map.kakao.com/1991883404,광운대학교 gate
10148561,광운대학교,1594706095,초안2단지아파트 정문,"교통,수송 > 입출구",37.631079799881,127.042663108944,http://place.map.kakao.com/1594706095,광운대학교 gate
10148561,광운대학교,1091852105,태릉해링턴플레이스아파트 정문,"교통,수송 > 입출구",37.6249792775989,127.081835919199,http://place.map.kakao.com/1091852105,광운대학교 gate
10148561,광운대학교,461458167,서울연지초등학교 후문,"교통,수송 > 입출구",37.6335379310116,127.060634839242,http://place.map.kakao.com/461458167,광운대학교 gate
10148561,광운대학교,930020490,청솔아파트 정문,"교통,수송 > 입출구",37.6331971710845,127.070685752965,http://place.map.kakao.com/930020490,광운대학교 gate
10148561,광운대학교,1891018401,이문아이파크자이아파트 1단지 후문,"교통,수송 > 입출구",37.5962451042884,127.062392547736,http://place.map.kakao.com/1891018401,광운대학교 gate
10148561,광운대학교,1674258606,미아한일유앤아이아파트 정문,"교통,수송 > 입출구",37.6138764437991,127.037043419706,http://place.map.kakao.com/1674258606,광운대학교 gate
10148561,광운대학교,707354414,학여울청구아파트 후문,"교통,수송 > 입출구",37.6344915380365,127.063370509888,http://place.map.kakao.com/707354414,광운대학교 gate
10148561,광운대학교,2066183936,꿈의숲푸르지오아파트 정문,"교통,수송 > 입출구",37.6099774097701,127.038465112827,http://place.map.kakao.com/2066183936,광운대학교 gate
10148561,광운대학교,26046708,에이치아이차고문,"서비스,산업 > 제조업",37.6169443102254,127.059147764875,http://place.map.kakao.com/26046708,광운대 문
10148561,광운대학교,7875289,문비뇨기과의원,"의료,건강 > 병원 > 비뇨기과",37.6149271400738,127.064052738696,http://place.map.kakao.com/7875289,광운대 문
10148561,광운대학교,8336590,문스튜디오,"문화,예술 > 사진 > 사진관,포토스튜디오",37.6229173464522,127.048409443711,http://place.map.kakao.com/8336590,광운대 문
10148561,광운대학교,20524849,열린문교회,"문화,예술 > 종교 > 기독교 > 교회",37.6157251518428,127.053750871767,http://place.map.kakao.com/20524849,광운대 문
10148561,광운대학교,621132735,오버더문꽃집,"가정,생활 > 꽃집,꽃배달",37.6083018985296,127.05940140317564,http://place.map.kakao.com/621132735,광운대 문
10148561,광운대학교,636821672,상길례문화공원,여행 > 공원 > 도시근린공원,37.6196786008141,127.045376221336,http://place.map.kakao.com/636821672,광운대 문
10148561,광운대학교,389908158,문 아이스 방구 크림 장곡초점,"가정,생활 > 식품판매",37.6167468678848,127.047458537638,http://place.map.kakao.com/389908158,광운대 문
10148561,광운대학교,92276873,문밸리,음식점 > 양식,37.6040606262464,127.043602345473,http://place.map.kakao.com/92276873,광운대 문
10148561,광운대학교,26969775,문미용실,"가정,생활 > 미용 > 미용실",37.603778789229,127.066425885491,http://place.map.kakao.com/26969775,광운대 문
10148561,광운대학교,670146170,문헤어,"가정,생활 > 미용 > 미용실",37.6161027468659,127.079198437409,http://place.map.kakao.com/670146170,광운대 문
10148561,광운대학교,1575543638,카페문나잇,음식점 > 카페,37.626135272714265,127.02714199496832,http://place.map.kakao.com/1575543638,광운대 문
10148561,광운대학교,753736979,신속열쇠현관문도어락설치,"가정,생활 > 생활용품점 > 열쇠",37.6244384055737,127.075498563599,http://place.map.kakao.com/753736979,광운대 문
10148561,광운대학교,1902182965,문인테리어,"서비스,산업 > 건설,건축 > 시공업체",37.630152217665,127.041447014162,http://place.map.kakao.com/1902182965,광운대 문
10148561,광운대학교,2042277440,빅문,음식점 > 양식,37.5926299873215,127.055875429116,http://place.map.kakao.com/2042277440,광운대 문
10148561,광운대학교,1921269947,아성승합차자동문,"서비스,산업 > 제조업 > 전기,전자 > 자동화장치",37.620258027196314,127.08064026042148,http://place.map.kakao.com/1921269947,광운대 문
10148561,광운대학교,607717652,외대이문바른정형외과의원,"의료,건강 > 병원 > 정형외과",37.5957329594685,127.061402452106,http://place.map.kakao.com/607717652,광운대 문
10148561,광운대학교,1757451249,문디자인,"서비스,산업 > 건설,건축 > 인테리어",37.6000526524487,127.036743270922,http://place.map.kakao.com/1757451249,광운대 문
10148561,광운대학교,19729455,열린문가정의원,"의료,건강 > 병원 > 일반의원",37.640727675391,127.03972389112,http://place.map.kakao.com/19729455,광운대 문
10148561,광운대학교,1907213592,헤어문,"가정,생활 > 미용 > 미용실",37.62487162753006,127.0251591612782,http://place.map.kakao.com/1907213592,광운대 문
10148561,광운대학교,498071577,생각을문국어독서논술,"교육,학문 > 학원",37.6366148151291,127.065649569498,http://place.map.kakao.com/498071577,광운대 문
10148561,광운대학교,9256456,열린문사회복지센터,"사회,공공기관 > 단체,협회 > 사회복지시설",37.6033775973348,127.074398040667,http://place.map.kakao.com/9256456,광운대 문
10148561,광운대학교,189000993,펠레문,"문화,예술 > 미술,공예 > 가죽공예",37.622065536890275,127.02704196667271,http://place.map.kakao.com/189000993,광운대 문
10148561,광운대학교,63313101,문프로클린,"서비스,산업 > 전문대행 > 청소대행",37.6216877000303,127.028416972472,http://place.map.kakao.com/63313101,광운대 문
10148561,광운대학교,9308461,열린문배움터,"교육,학문 > 학교부속시설",37.6033667911709,127.074388970235,http://place.map.kakao.com/9308461,광운대 문
10148561,광운대학교,113052724,신속열쇠24시출장현관문디지털도어락 설치,"가정,생활 > 생활용품점 > 열쇠",37.6070998918954,127.078108471112,http://place.map.kakao.com/113052724,광운대 문
10148561,광운대학교,437219480,디지털도어락현관문출장열쇠 게이트맨,"가정,생활 > 생활용품점 > 열쇠",37.625769717977,127.02605097671,http://place.map.kakao.com/437219480,광운대 문
10148561,광운대학교,539399947,문셈사고력수학교습소,"교육,학문 > 학원 > 수학학원",37.623716871126554,127.08945466189866,http://place.map.kakao.com/539399947,광운대 문
10148561,광운대학교,1269569358,희망부동산이문아이파크자이래미안라그란데공인중개사사무소,부동산 > 부동산서비스 > 부동산중개업,37.59652262742182,127.06235880880205,http://place.map.kakao.com/1269569358,광운대 문
10148561,광운대학교,72726095,스타투 빙커피전문점,음식점 > 카페,37.62107767869969,127.07414835191871,http://place.map.kakao.com/72726095,광운대 문
10148561,광운대학교,16472231,GS25 하계협동문점,"가정,생활 > 편의점 > GS25",37.6363604562496,127.075178667831,http://place.map.kakao.com/16472231,광운대 문
10148561,광운대학교,26804858,서울과학기술대학교 협동문,"교통,수송 > 입출구",37.6363709900495,127.075613734931,http://place.map.kakao.com/26804858,광운대 문
10148561,광운대학교,24530016,대한불교진각종 진각문화전승원,"문화,예술 > 종교 > 불교 > 절,사찰",37.6047850318743,127.041063746891,http://place.map.kakao.com/24530016,광운대 문
10148561,광운대학교,1277530772,플레이팩토 문셈수학,"교육,학문 > 학원 > 수학학원 > 플레이팩토",37.623604415117,127.089233637828,http://place.map.kakao.com/1277530772,광운대 문
8262964,덕성여자대학교,18095030,덕성여자대학교 후문,"교통,수송 > 입출구",37.6525503981283,127.017288184806,http://place.map.kakao.com/18095030,덕성여자대학교 게이트
8262964,덕성여자대학교,18224841,국립419민주묘지 정문,"교통,수송 > 입출구",37.64761578035926,127.00839649802464,http://place.map.kakao.com/18224841,덕성여자대학교 게이트
8262964,덕성여자대학교,1500247876,서울백운초등학교 후문,"교통,수송 > 입출구",37.65337972873001,127.0140802363282,http://place.map.kakao.com/1500247876,덕성여자대학교 게이트
8262964,덕성여자대학교,1470578573,수유벽산1차아파트 후문,"교통,수송 > 입출구",37.6437790578507,127.019019752474,http://place.map.kakao.com/1470578573,덕성여자대학교 게이트
8262964,덕성여자대학교,1500378950,서울백운초등학교 정문,"교통,수송 > 입출구",37.6526409715704,127.013666476291,http://place.map.kakao.com/1500378950,덕성여자대학교 게이트
8262964,덕성여자대학교,26198271,벽산정문B상가,"가정,생활 > 상가,아케이드 > 아파트상가",37.6417560775142,127.020630421876,http://place.map.kakao.com/26198271,덕성여자대학교 게이트
8262964,덕성여자대학교,1284820202,서울우이초등학교 후문,"교통,수송 > 입출구",37.6386432685382,127.013822531114,http://place.map.kakao.com/1284820202,덕성여자대학교 게이트
8262964,덕성여자대학교,1446877201,백년시장 1번게이트,"교통,수송 > 입출구",37.6416865905594,127.02577667284,http://place.map.kakao.com/1446877201,덕성여자대학교 게이트
8262964,덕성여자대학교,1386332049,서울우이초등학교 정문,"교통,수송 > 입출구",37.6380988661702,127.015492451739,http://place.map.kakao.com/1386332049,덕성여자대학교 게이트
8262964,덕성여자대학교,884025231,염광아파트 정문,"교통,수송 > 입출구",37.6486943696891,127.026111106672,http://place.map.kakao.com/884025231,덕성여자대학교 게이트
8262964,덕성여자대학교,118749313,백년시장 7번게이트,"교통,수송 > 입출구",37.6428035451164,127.026966769166,http://place.map.kakao.com/118749313,덕성여자대학교 게이트
8262964,덕성여자대학교,1520913353,서울인수초등학교 후문,"교통,수송 > 입출구",37.6432387128378,127.00955173076,http://place.map.kakao.com/1520913353,덕성여자대학교 게이트
8262964,덕성여자대학교,828138798,한양1차아파트 정문,"교통,수송 > 입출구",37.6447122906007,127.028826854131,http://place.map.kakao.com/828138798,덕성여자대학교 게이트
8262964,덕성여자대학교,1345623283,한신초등학교 정문,"교통,수송 > 입출구",37.6524742938251,127.032188672231,http://place.map.kakao.com/1345623283,덕성여자대학교 게이트
8262964,덕성여자대학교,485832953,2게이트,"가정,생활 > 패션 > 의류판매 > 남성의류,양복",37.64711976930586,127.03527525475457,http://place.map.kakao.com/485832953,덕성여자대학교 게이트
8262964,덕성여자대학교,1476375486,한신초등학교 후문,"교통,수송 > 입출구",37.6530038477377,127.032999147719,http://place.map.kakao.com/1476375486,덕성여자대학교 게이트
8262964,덕성여자대학교,220646912,신도봉중학교 정문,"교통,수송 > 입출구",37.6487753542338,127.033637505474,http://place.map.kakao.com/220646912,덕성여자대학교 게이트
8262964,덕성여자대학교,1886798880,전담GATE 수유역점,"서비스,산업 > 식품 > 담배",37.63833502010211,127.02534951078769,http://place.map.kakao.com/1886798880,덕성여자대학교 게이트
8262964,덕성여자대학교,26858952,문,"음식점 > 술집 > 호프,요리주점",37.640590102031524,127.02957645610766,http://place.map.kakao.com/26858952,덕성여대 문
8262964,덕성여자대학교,2098567616,문,음식점 > 술집,37.6390218679379,127.023925563053,http://place.map.kakao.com/2098567616,덕성여대 문
8262964,덕성여자대학교,7954370,송림아구찜특정식전문,"음식점 > 한식 > 해물,생선 > 아구",37.64743711045406,127.01163722376161,http://place.map.kakao.com/7954370,덕성여대 문
8262964,덕성여자대학교,2023380498,문모텔,"여행 > 숙박 > 여관,모텔",37.661315685783,127.013151263889,http://place.map.kakao.com/2023380498,덕성여대 문
8262964,덕성여자대학교,15163608,문이교,"교통,수송 > 도로시설 > 교량,다리",37.65768366633192,127.01453322923919,http://place.map.kakao.com/15163608,덕성여대 문
8262964,덕성여자대학교,280160157,강북태양자동문,"서비스,산업 > 건설,건축 > 시공업체",37.6571454512999,127.016993465308,http://place.map.kakao.com/280160157,덕성여대 문
8262964,덕성여자대학교,861457497,문클린,"서비스,산업 > 전문대행 > 청소대행",37.6404572927382,127.017971993373,http://place.map.kakao.com/861457497,덕성여대 문
8262964,덕성여자대학교,420980366,블루문,"가정,생활 > 유흥시설 > 유흥주점",37.6376954103756,127.024928957925,http://place.map.kakao.com/420980366,덕성여대 문
11333604,명지대학교 인문캠퍼스,1604106416,명지대학교 후문,"교통,수송 > 입출구",37.5811955492862,126.924764756554,http://place.map.kakao.com/1604106416,명지대학교 게이트
11333604,명지대학교 인문캠퍼스,1393518829,DMC파크뷰자이3단지아파트 게이트1,"교통,수송 > 입출구",37.5729083071357,126.920788462933,http://place.map.kakao.com/1393518829,명지대학교 게이트
11333604,명지대학교 인문캠퍼스,1502302031,DMC에코자이 정문,"교통,수송 > 입출구",37.5768089722529,126.919839063959,http://place.map.kakao.com/1502302031,명지대학교 게이트
11333604,명지대학교 인문캠퍼스,701959593,DMC센트럴아이파크아파트 정문,"교통,수송 > 입출구",37.5793734203346,126.921506155368,http://place.map.kakao.com/701959593,명지대학교 게이트
11333604,명지대학교 인문캠퍼스,257711854,DMC파크뷰자이1단지아파트 게이트2,"교통,수송 > 입출구",37.5726505338801,126.920656292701,http://place.map.kakao.com/257711854,명지대학교 게이트
11333604,명지대학교 인문캠퍼스,544789257,DMC파크뷰자이2단지아파트 게이트7,"교통,수송 > 입출구",37.572953302647306,126.91426244598621,http://place.map.kakao.com/544789257,명지대학교 게이트
11333604,명지대학교 인문캠퍼스,810270426,DMC파크뷰자이1단지아파트 게이트4,"교통,수송 > 입출구",37.5719118733027,126.915680881773,http://place.map.kakao.com/810270426,명지대학교 게이트
11333604,명지대학교 인문캠퍼스,216461891,남가좌동현대아파트 후문,"교통,수송 > 입출구",37.5745567870401,126.920282966897,http://place.map.kakao.com/216461891,명지대학교 게이트
11333604,명지대학교 인문캠퍼스,1734223187,래미안루센티아 후문,"교통,수송 > 입출구",37.5755338169922,126.918163883757,http://place.map.kakao.com/1734223187,명지대학교 게이트
11333604,명지대학교 인문캠퍼스,1201522040,명지전문대학 후문,"교통,수송 > 입출구",37.5836776456485,126.925968009718,http://place.map.kakao.com/1201522040,명지대학교 게이트
11333604,명지대학교 인문캠퍼스,2029641336,DMC파크뷰자이2단지아파트 정문,"교통,수송 > 입출구",37.5750843688263,126.914557726776,http://place.map.kakao.com/2029641336,명지대학교 게이트
11333604,명지대학교 인문캠퍼스,1367404603,DMC파크뷰자이1단지아파트 게이트5,"교통,수송 > 입출구",37.5735178580138,126.91625979054,http://place.map.kakao.com/1367404603,명지대학교 게이트
11333604,명지대학교 인문캠퍼스,737979858,래미안루센티아 정문,"교통,수송 > 입출구",37.5758156220784,126.916582113432,http://place.map.kakao.com/737979858,명지대학교 게이트
11333604,명지대학교 인문캠퍼스,1490088544,DMC파크뷰자이2단지아파트 게이트6,"교통,수송 > 입출구",37.5737339156024,126.916004846376,http://place.map.kakao.com/1490088544,명지대학교 게이트
11333604,명지대학교 인문캠퍼스,1604051531,DMC파크뷰자이1단지아파트 게이트3,"교통,수송 > 입출구",37.5705969772924,126.917747063687,http://place.map.kakao.com/1604051531,명지대학교 게이트
11333604,명지대학교 인문캠퍼스,1481584013,서울가재울초등학교 후문,"교통,수송 > 입출구",37.5739380478405,126.918008280193,http://place.map.kakao.com/1481584013,명지대학교 게이트
11333604,명지대학교 인문캠퍼스,879204141,DMC센트레빌아파트 정문,"교통,수송 > 입출구",37.5761758432457,126.916332661278,http://place.map.kakao.com/879204141,명지대학교 게이트
11333604,명지대학교 인문캠퍼스,918074092,힐스테이트백련산4차아파트 정문,"교통,수송 > 입출구",37.5893059075563,126.921416468518,http://place.map.kakao.com/918074092,명지대학교 게이트
11333604,명지대학교 인문캠퍼스,1879682761,백련산힐스테이트3차아파트 정문,"교통,수송 > 입출구",37.5888698980976,126.922889970102,http://place.map.kakao.com/1879682761,명지대학교 게이트
11333604,명지대학교 인문캠퍼스,1047043904,게이트맨프라자 공식AS 지점 유일열쇠,"가정,생활 > 생활용품점 > 열쇠,도장",37.57714830930911,126.91178521374043,http://place.map.kakao.com/1047043904,명지대학교 게이트
11333604,명지대학교 인문캠퍼스,121884186,DMC센트럴아이파크아파트 후문,"교통,수송 > 입출구",37.5793103552118,126.920169218084,http://place.map.kakao.com/121884186,명지대학교 게이트
11333604,명지대학교 인문캠퍼스,522196207,백련산파크자이아파트 정문,"교통,수송 > 입출구",37.5913792281753,126.921623759854,http://place.map.kakao.com/522196207,명지대학교 게이트
11333604,명지대학교 인문캠퍼스,1200760199,백련산힐스테이트3차아파트 후문,"교통,수송 > 입출구",37.5883379800379,126.925173096825,http://place.map.kakao.com/1200760199,명지대학교 게이트
11333604,명지대학교 인문캠퍼스,19699977,바다회전문 대림시장후문점,"음식점 > 한식 > 해물,생선 > 회",37.586545250631495,126.91873151859892,http://place.map.kakao.com/19699977,명지대학교 게이트
11333604,명지대학교 인문캠퍼스,288673881,백련산힐스테이트1차아파트 정문,"교통,수송 > 입출구",37.5917143862617,126.924369192915,http://place.map.kakao.com/288673881,명지대학교 게이트
11333604,명지대학교 인문캠퍼스,1660033784,백련산힐스테이트2차아파트 정문,"교통,수송 > 입출구",37.5888933342305,126.922905797278,http://place.map.kakao.com/1660033784,명지대학교 게이트
11333604,명지대학교 인문캠퍼스,18922248,연세대학교 북문,"교통,수송 > 입출구",37.5726756675515,126.93864138705,http://place.map.kakao.com/18922248,명지대학교 게이트
11333604,명지대학교 인문캠퍼스,1381655316,DMC래미안e편한세상2단지아파트 후문,"교통,수송 > 입출구",37.575042011467,126.914543058785,http://place.map.kakao.com/1381655316,명지대학교 게이트
11333604,명지대학교 인문캠퍼스,12803265,연세대학교 후문,"교육,학문 > 학교부속시설",37.57220871795817,126.93819237130116,http://place.map.kakao.com/12803265,명지대학교 게이트
11333604,명지대학교 인문캠퍼스,1962396769,DMC래미안E편한세상2단지아파트 정문,"교통,수송 > 입출구",37.5756293783248,126.910779491215,http://place.map.kakao.com/1962396769,명지대학교 게이트
11333604,명지대학교 인문캠퍼스,886011812,힐스테이트백련산4차아파트 북문,"교통,수송 > 입출구",37.5911341209303,126.921567403217,http://place.map.kakao.com/886011812,명지대학교 게이트
11333604,명지대학교 인문캠퍼스,769915609,서울북가좌초등학교 후문,"교통,수송 > 입출구",37.5784191063864,126.908749737899,http://place.map.kakao.com/769915609,명지대학교 게이트
11333604,명지대학교 인문캠퍼스,1071538382,백련산힐스테이트2차아파트 후문,"교통,수송 > 입출구",37.5916060200063,126.923984327156,http://place.map.kakao.com/1071538382,명지대학교 게이트
11333604,명지대학교 인문캠퍼스,1782441173,래미안남가좌2차아파트 정문,"교통,수송 > 입출구",37.5721734061593,126.913527548947,http://place.map.kakao.com/1782441173,명지대학교 게이트
11333604,명지대학교 인문캠퍼스,1729686180,DMC래미안e편한세상3단지아파트 후문,"교통,수송 > 입출구",37.5752131668032,126.907332949484,http://place.map.kakao.com/1729686180,명지대학교 게이트
11333604,명지대학교 인문캠퍼스,1641608092,DMC파크뷰자이2단지아파트 후문,"교통,수송 > 입출구",37.5728180737557,126.914152797394,http://place.map.kakao.com/1641608092,명지대학교 게이트
11333604,명지대학교 인문캠퍼스,996863740,래미안2차아파트 후문,"교통,수송 > 입출구",37.5715559159166,126.911891424201,http://place.map.kakao.com/996863740,명지대학교 게이트
11333604,명지대학교 인문캠퍼스,25775146,DMC래미안e편한세상1단지아파트 후문,"교통,수송 > 입출구",37.5732639465523,126.911549811128,http://place.map.kakao.com/25775146,명지대학교 게이트
11333604,명지대학교 인문캠퍼스,956530375,백련산파크자이아파트 후문,"교통,수송 > 입출구",37.5920150354583,126.921183765797,http://place.map.kakao.com/956530375,명지대학교 게이트
11333604,명지대학교 인문캠퍼스,1594639777,DMC래미안e편한세상3단지아파트 정문,"교통,수송 > 입출구",37.5733140901684,126.90877181512,http://place.map.kakao.com/1594639777,명지대학교 게이트
11333604,명지대학교 인문캠퍼스,2029305402,게임게이트,"서비스,산업 > 인터넷,IT > 소프트웨어",37.56662036371238,126.93099922151153,http://place.map.kakao.com/2029305402,명지대학교 게이트
11333604,명지대학교 인문캠퍼스,977695565,서울문화재단 연희문학창작촌 후문,"교통,수송 > 입출구",37.5724698669074,126.931413793741,http://place.map.kakao.com/977695565,명지대학교 게이트
11333604,명지대학교 인문캠퍼스,1314687878,서울북가좌초등학교 동문,"교통,수송 > 입출구",37.5770620290352,126.907361223962,http://place.map.kakao.com/1314687878,명지대학교 게이트
11333604,명지대학교 인문캠퍼스,16392631,중동 현대아파트 후문,"교통,수송 > 입출구",37.5707263047822,126.907449441332,http://place.map.kakao.com/16392631,명지대학교 게이트
11333604,명지대학교 인문캠퍼스,1832632430,성사중학교 후문,"교통,수송 > 입출구",37.5677386827159,126.913493058645,http://place.map.kakao.com/1832632430,명지대학교 게이트
11333604,명지대학교 인문캠퍼스,1647081388,백련산SK뷰아이파크아파트 후문,"교통,수송 > 입출구",37.59415311514624,126.921223406692,http://place.map.kakao.com/1647081388,명지대학교 gate
11333604,명지대학교 인문캠퍼스,1143418824,백련산SK뷰아이파크아파트 정문,"교통,수송 > 입출구",37.5957073113402,126.92120251846,http://place.map.kakao.com/1143418824,명지대학교 gate
11333604,명지대학교 인문캠퍼스,2099668049,마포중동현대아파트 정문,"교통,수송 > 입출구",37.5715963056365,126.906991045846,http://place.map.kakao.com/2099668049,명지대학교 gate
11333604,명지대학교 인문캠퍼스,1119987693,백련산해모로아파트 후문,"교통,수송 > 입출구",37.5969383539151,126.921636047099,http://place.map.kakao.com/1119987693,명지대학교 gate
8356870,상명대학교 서울캠퍼스,10973145,홍지문및탕춘대성,"여행 > 관광,명소 > 문화유적 > 문",37.598794426100056,126.95664079447135,http://place.map.kakao.com/10973145,상명대학교 게이트
8356870,상명대학교 서울캠퍼스,1776530851,가든게이트플라워,"가정,생활 > 꽃집,꽃배달",37.604295764987,126.961523090723,http://place.map.kakao.com/1776530851,상명대학교 게이트
8356870,상명대학교 서울캠퍼스,8578705,창의문,"여행 > 관광,명소 > 문화유적 > 문",37.5926312540331,126.966511201027,http://place.map.kakao.com/8578705,상명대학교 게이트
8356870,상명대학교 서울캠퍼스,2036480314,탕춘대성암문,"여행 > 관광,명소 > 문화유적 > 유적지",37.6081266452643,126.951405348597,http://place.map.kakao.com/2036480314,상명대학교 게이트
8356870,상명대학교 서울캠퍼스,905888256,상명대학교 서울캠퍼스 후문,"교통,수송 > 입출구",37.6040681518797,126.957266254381,http://place.map.kakao.com/905888256,상명대학교 게이트
8356870,상명대학교 서울캠퍼스,12443803,창의문교회,"문화,예술 > 종교 > 기독교 > 교회",37.59848486139292,126.96026913584903,http://place.map.kakao.com/12443803,상명대학교 게이트
8356870,상명대학교 서울캠퍼스,884704741,홍은벽산아파트 정문,"교통,수송 > 입출구",37.5946382051167,126.945858926215,http://place.map.kakao.com/884704741,상명대학교 게이트
8356870,상명대학교 서울캠퍼스,7958336,숙정문,"여행 > 관광,명소 > 문화유적 > 문",37.59552486948541,126.98107746162911,http://place.map.kakao.com/7958336,상명대학교 게이트
8356870,상명대학교 서울캠퍼스,1134629756,래미안베라힐즈 2번게이트,"교통,수송 > 입출구",37.6053245262821,126.936184258785,http://place.map.kakao.com/1134629756,상명대학교 게이트
8356870,상명대학교 서울캠퍼스,1015138239,홍예문,"여행 > 관광,명소 > 문화유적 > 문",37.5926348148538,126.966359471708,http://place.map.kakao.com/1015138239,상명대학교 게이트
8356870,상명대학교 서울캠퍼스,15137557,창의문앞교차로,"교통,수송 > 도로시설 > 교차로",37.5925193468208,126.965868107788,http://place.map.kakao.com/15137557,상명대학교 게이트
8356870,상명대학교 서울캠퍼스,452359195,카페게이트,음식점 > 카페 > 커피전문점 > 카페게이트,37.5878422857464,126.944487064912,http://place.map.kakao.com/452359195,상명대학교 게이트
8356870,상명대학교 서울캠퍼스,1161463024,북한산푸르지오아파트 정문,"교통,수송 > 입출구",37.6054254591325,126.936224942205,http://place.map.kakao.com/1161463024,상명대학교 게이트
8356870,상명대학교 서울캠퍼스,234661776,북한산더샵아파트 게이트2,"교통,수송 > 입출구",37.5925082759246,126.942094457966,http://place.map.kakao.com/234661776,상명대학교 게이트
8356870,상명대학교 서울캠퍼스,161482594,홍제역해링턴플레이스아파트 서문,"교통,수송 > 입출구",37.5889426566929,126.947011143829,http://place.map.kakao.com/161482594,상명대학교 게이트
8356870,상명대학교 서울캠퍼스,14404922,성북더게이트힐즈,"부동산 > 주거시설 > 빌라,주택",37.59609865415127,126.98658166465263,http://place.map.kakao.com/14404922,상명대학교 게이트
8356870,상명대학교 서울캠퍼스,7975638,경복궁 신무문,"여행 > 관광,명소 > 문화유적 > 문",37.5835262314359,126.975513675707,http://place.map.kakao.com/7975638,상명대학교 게이트
8356870,상명대학교 서울캠퍼스,1491119879,대림e편한세상아파트 후문,"교통,수송 > 입출구",37.6000079542964,126.936502477103,http://place.map.kakao.com/1491119879,상명대학교 게이트
8356870,상명대학교 서울캠퍼스,910562907,래미안베라힐즈아파트 정문,"교통,수송 > 입출구",37.6027721265447,126.936378955624,http://place.map.kakao.com/910562907,상명대학교 게이트
8356870,상명대학교 서울캠퍼스,84651259,HDX휴팰리스아파트 정문,"교통,수송 > 입출구",37.5956248790418,126.94043089781,http://place.map.kakao.com/84651259,상명대학교 게이트
8356870,상명대학교 서울캠퍼스,161603189,홍제역해링턴플레이스 동문,"교통,수송 > 입출구",37.5901955484498,126.948165160191,http://place.map.kakao.com/161603189,상명대학교 게이트
8356870,상명대학교 서울캠퍼스,22879392,경복궁 계무문,"여행 > 관광,명소 > 문화유적",37.5836742469899,126.97676353268,http://place.map.kakao.com/22879392,상명대학교 게이트
8356870,상명대학교 서울캠퍼스,720274158,녹번역e편한세상캐슬아파트 후문,"교통,수송 > 입출구",37.5994288631158,126.933673103501,http://place.map.kakao.com/720274158,상명대학교 게이트
8356870,상명대학교 서울캠퍼스,2093859707,홍제센트럴아이파크아파트 정문,"교통,수송 > 입출구",37.58475336982117,126.94775002847291,http://place.map.kakao.com/2093859707,상명대학교 게이트
8356870,상명대학교 서울캠퍼스,13062806,서울게이트맨,"가정,생활 > 생활용품점 > 열쇠",37.59935905945652,126.92685046648671,http://place.map.kakao.com/13062806,상명대학교 게이트
8356870,상명대학교 서울캠퍼스,775956582,서대문푸르지오센트럴파크아파트 게이트2,"교통,수송 > 입출구",37.5799415824008,126.950821393397,http://place.map.kakao.com/775956582,상명대학교 게이트
8356870,상명대학교 서울캠퍼스,1100739713,불광롯데캐슬아파트 정문,"교통,수송 > 입출구",37.6133647251987,126.932532648047,http://place.map.kakao.com/1100739713,상명대학교 게이트
8356870,상명대학교 서울캠퍼스,640487566,삼익 정문,"교통,수송 > 입출구",37.6196345790769,126.932318564921,http://place.map.kakao.com/640487566,상명대학교 게이트
8356870,상명대학교 서울캠퍼스,1178271027,무악현대아파트후문,"교통,수송 > 입출구",37.5765642374516,126.961870188001,http://place.map.kakao.com/1178271027,상명대학교 게이트
8356870,상명대학교 서울캠퍼스,1176118518,홍제센트럴아이파크아파트 후문,"교통,수송 > 입출구",37.58483107389,126.944287773374,http://place.map.kakao.com/1176118518,상명대학교 게이트
8356870,상명대학교 서울캠퍼스,1752657863,배화여자중학교 정문,"교통,수송 > 입출구",37.5780508109265,126.967684902097,http://place.map.kakao.com/1752657863,상명대학교 게이트
8356870,상명대학교 서울캠퍼스,1460035749,경복궁 경안문,"여행 > 관광,명소 > 문화유적 > 문",37.5823835188008,126.974323037445,http://place.map.kakao.com/1460035749,상명대학교 게이트
8356870,상명대학교 서울캠퍼스,22879373,경복궁 광무문,"여행 > 관광,명소 > 문화유적",37.583537515144,126.977904791116,http://place.map.kakao.com/22879373,상명대학교 게이트
8356870,상명대학교 서울캠퍼스,1100662456,불광롯데캐슬아파트 후문,"교통,수송 > 입출구",37.61281596320849,126.93402025051276,http://place.map.kakao.com/1100662456,상명대학교 게이트
8356870,상명대학교 서울캠퍼스,22879312,경복궁 예성문,"여행 > 관광,명소 > 문화유적",37.5817784650558,126.976302212028,http://place.map.kakao.com/22879312,상명대학교 게이트
8356870,상명대학교 서울캠퍼스,26333247,북악산도시자연공원 창의문 1층 개방화장실,"가정,생활 > 화장실",37.5913207845657,126.971770080492,http://place.map.kakao.com/26333247,상명대학교 게이트
8356870,상명대학교 서울캠퍼스,12558426,광림문,"여행 > 관광,명소 > 문화유적 > 문",37.5828018925696,126.975803742715,http://place.map.kakao.com/12558426,상명대학교 게이트
8356870,상명대학교 서울캠퍼스,12558398,건숙문,"여행 > 관광,명소 > 문화유적 > 문",37.5821492782063,126.974404631804,http://place.map.kakao.com/12558398,상명대학교 게이트
8356870,상명대학교 서울캠퍼스,22882293,경복궁 관명문,"여행 > 관광,명소 > 문화유적",37.5833895455786,126.976827021929,http://place.map.kakao.com/22882293,상명대학교 게이트
8356870,상명대학교 서울캠퍼스,1462872750,경복궁 신거문,"여행 > 관광,명소 > 문화유적 > 문",37.5812756585384,126.976044247032,http://place.map.kakao.com/1462872750,상명대학교 게이트
8356870,상명대학교 서울캠퍼스,22931715,경복궁 일중문,"여행 > 관광,명소 > 문화유적",37.5820773478841,126.975102052545,http://place.map.kakao.com/22931715,상명대학교 게이트
8356870,상명대학교 서울캠퍼스,22882273,경복궁 초양문,"여행 > 관광,명소 > 문화유적",37.5829607485659,126.977216614418,http://place.map.kakao.com/22882273,상명대학교 게이트
8356870,상명대학교 서울캠퍼스,873057053,경복궁 인수문,"여행 > 관광,명소 > 문화유적 > 문",37.5822267031753,126.974127231288,http://place.map.kakao.com/873057053,상명대학교 게이트
8356870,상명대학교 서울캠퍼스,22882292,경복궁 취규문,"여행 > 관광,명소 > 문화유적",37.5835337036151,126.976822448611,http://place.map.kakao.com/22882292,상명대학교 게이트
8356870,상명대학교 서울캠퍼스,12558429,유형문,"여행 > 관광,명소 > 문화유적 > 문",37.5821531893532,126.975862823823,http://place.map.kakao.com/12558429,상명대학교 게이트
8356870,상명대학교 서울캠퍼스,1432065473,e편한세상백련산아파트 후문,"교통,수송 > 입출구",37.59563674503722,126.9235023788824,http://place.map.kakao.com/1432065473,상명대학교 gate
8356870,상명대학교 서울캠퍼스,105702353,북한산힐스테이트7차아파트 정문,"교통,수송 > 입출구",37.6158170979367,126.926309931158,http://place.map.kakao.com/105702353,상명대학교 gate
7946584,서경대학교,606155507,미아두산위브트레이지움아파트 정문,"교통,수송 > 입출구",37.6182663263179,127.015680892184,http://place.map.kakao.com/606155507,서경대학교 게이트
7946584,서경대학교,208407582,대일외국어고등학교 정문,"교통,수송 > 입출구",37.61312740639759,127.01307028626044,http://place.map.kakao.com/208407582,서경대학교 게이트
7946584,서경대학교,26396952,국민대학교 후문,"교통,수송 > 입출구",37.6111819935464,126.99966022671174,http://place.map.kakao.com/26396952,서경대학교 게이트
7946584,서경대학교,17005318,게이트맨 키월드,"가정,생활 > 생활용품점 > 열쇠",37.61089152532547,127.02253820698233,http://place.map.kakao.com/17005318,서경대학교 게이트
7946584,서경대학교,18094037,국민대학교 정문,"교통,수송 > 입출구",37.611078257923545,126.99462592662364,http://place.map.kakao.com/18094037,서경대학교 게이트
7946584,서경대학교,527095321,길음뉴타운4단지e편한세상아파트 후문,"교통,수송 > 입출구",37.6122339151647,127.017751139109,http://place.map.kakao.com/527095321,서경대학교 게이트
7946584,서경대학교,2014110659,대일외국어고등학교 후문,"교통,수송 > 입출구",37.613367836936,127.014224458714,http://place.map.kakao.com/2014110659,서경대학교 게이트
7946584,서경대학교,1644907959,정릉힐스테이트3차아파트 후문,"교통,수송 > 입출구",37.61543704491,127.008679436875,http://place.map.kakao.com/1644907959,서경대학교 게이트
7946584,서경대학교,2014376991,길음동부센트레빌아파트 정문,"교통,수송 > 입출구",37.6088730489181,127.023862672718,http://place.map.kakao.com/2014376991,서경대학교 게이트
7946584,서경대학교,20549171,게이트맨,"서비스,산업 > 제조업 > 전기,전자 > 보안제품 > 금고",37.6109239609327,127.022538216771,http://place.map.kakao.com/20549171,서경대학교 게이트
7946584,서경대학교,1025075529,서경대학교 서문입구,"교통,수송 > 입출구",37.6162361929177,127.009061234256,http://place.map.kakao.com/1025075529,서경대학교 게이트
7946584,서경대학교,659939100,서울송천초등학교 정문,"교통,수송 > 입출구",37.6148466375138,127.023706012833,http://place.map.kakao.com/659939100,서경대학교 게이트
7946584,서경대학교,602720401,벽산라이브파크아파트 후문,"교통,수송 > 입출구",37.6216192932363,127.012389865777,http://place.map.kakao.com/602720401,서경대학교 게이트
7946584,서경대학교,1404239571,정릉대우아파트 정문,"교통,수송 > 입출구",37.6174645215763,127.003953028475,http://place.map.kakao.com/1404239571,서경대학교 게이트
7946584,서경대학교,1770621346,미아동부센트레빌아파트 정문,"교통,수송 > 입출구",37.6133234071765,127.026344510767,http://place.map.kakao.com/1770621346,서경대학교 게이트
7946584,서경대학교,642896342,길음뉴타운4단지e편한세상아파트 정문,"교통,수송 > 입출구",37.6112800801063,127.021308343344,http://place.map.kakao.com/642896342,서경대학교 게이트
7946584,서경대학교,715506317,길음뉴타운8단지래미안아파트 정문,"교통,수송 > 입출구",37.607701705619,127.019240464655,http://place.map.kakao.com/715506317,서경대학교 게이트
7946584,서경대학교,135233392,삼양초후문미술,"서비스,산업",37.6231785898131,127.015075897576,http://place.map.kakao.com/135233392,서경대학교 게이트
7946584,서경대학교,79127439,서울삼양초등학교 후문,"교통,수송 > 입출구",37.62334789523,127.015691021623,http://place.map.kakao.com/79127439,서경대학교 게이트
7946584,서경대학교,2015250746,래미안길음센터피스아파트 게이트2,"교통,수송 > 입출구",37.61237898843733,127.02714945318834,http://place.map.kakao.com/2015250746,서경대학교 게이트
7946584,서경대학교,1988860420,래미안길음센터피스아파트 게이트1,"교통,수송 > 입출구",37.60989847750558,127.02752909101751,http://place.map.kakao.com/1988860420,서경대학교 게이트
7946584,서경대학교,1017446777,래미안길음센터피스아파트 게이트3,"교통,수송 > 입출구",37.6111828583854,127.025428632974,http://place.map.kakao.com/1017446777,서경대학교 게이트
7946584,서경대학교,2014538889,래미안센터피스 정문,"교통,수송 > 입출구",37.6125051255695,127.027155162032,http://place.map.kakao.com/2014538889,서경대학교 게이트
7946584,서경대학교,968612218,롯데캐슬클라시아아파트 정문,"교통,수송 > 입출구",37.60937041778745,127.0278697939705,http://place.map.kakao.com/968612218,서경대학교 게이트
7946584,서경대학교,413157008,영훈초등학교 후문,"교통,수송 > 입출구",37.6127942693075,127.027473528345,http://place.map.kakao.com/413157008,서경대학교 게이트
7946584,서경대학교,1791097469,고려대학교 메디사이언스파크 후문,"교통,수송 > 입출구",37.6091935104215,126.999737248986,http://place.map.kakao.com/1791097469,서경대학교 게이트
7946584,서경대학교,598742338,영훈고등학교 후문,"교통,수송 > 입출구",37.6133322165335,127.027227949834,http://place.map.kakao.com/598742338,서경대학교 게이트
7946584,서경대학교,399808620,길음뉴타운8단지래미안아파트 후문,"교통,수송 > 입출구",37.6070200015407,127.016992247768,http://place.map.kakao.com/399808620,서경대학교 게이트
7946584,서경대학교,1892528642,서울청덕초등학교 후문,"교통,수송 > 입출구",37.6120154081853,126.999586604553,http://place.map.kakao.com/1892528642,서경대학교 게이트
7946584,서경대학교,1832893960,미아동부센트레빌 후문,"교통,수송 > 입출구",37.6144677305799,127.026039105057,http://place.map.kakao.com/1832893960,서경대학교 게이트
7946584,서경대학교,945311373,정릉우성아파트 정문,"교통,수송 > 입출구",37.6007052336443,127.01497963572,http://place.map.kakao.com/945311373,서경대학교 게이트
7946584,서경대학교,1900403078,송천센트레빌아파트 정문,"교통,수송 > 입출구",37.6128371012679,127.025302344732,http://place.map.kakao.com/1900403078,서경대학교 게이트
7946584,서경대학교,1888307060,돈암브라운스톤아파트 정문,"교통,수송 > 입출구",37.59910286382341,127.01790881901711,http://place.map.kakao.com/1888307060,서경대학교 게이트
7946584,서경대학교,399611601,화계사일주문,"여행 > 관광,명소 > 문화유적",37.6331296452558,127.009748696052,http://place.map.kakao.com/399611601,서경대학교 게이트
7946584,서경대학교,925889463,래미안미아1차아파트 정문,"교통,수송 > 입출구",37.6261322222505,127.019835405451,http://place.map.kakao.com/925889463,서경대학교 게이트
7946584,서경대학교,1464961576,롯데캐슬클라시아아파트 후문,"교통,수송 > 입출구",37.6075191746754,127.026612003746,http://place.map.kakao.com/1464961576,서경대학교 게이트
7946584,서경대학교,1281158485,롯데렌터카 픽업존 국민대정문지점,"서비스,산업 > 전문대행 > 렌터카 > 롯데렌터카 G car",37.610979169816,126.995101615065,http://place.map.kakao.com/1281158485,서경대학교 게이트
7946584,서경대학교,1983433673,돈암코오롱하늘채아파트 후문,"교통,수송 > 입출구",37.5991415119745,127.011416807283,http://place.map.kakao.com/1983433673,서경대학교 게이트
7946584,서경대학교,437219480,디지털도어락현관문출장열쇠 게이트맨,"가정,생활 > 생활용품점 > 열쇠",37.625769717977,127.02605097671,http://place.map.kakao.com/437219480,서경대학교 게이트
7946584,서경대학교,2030179704,래미안센터피스 상가주차장 GATE2,"교통,수송 > 교통시설 > 주차장",37.6120291254524,127.028337413373,http://place.map.kakao.com/2030179704,서경대학교 게이트
7946584,서경대학교,1359866633,길음뉴타운9단지래미안아파트 정문,"교통,수송 > 입출구",37.6029579768084,127.019341163622,http://place.map.kakao.com/1359866633,서경대학교 게이트
7946584,서경대학교,18091378,북서울꿈의숲 서문,"교통,수송 > 입출구",37.6221535743957,127.037820057795,http://place.map.kakao.com/18091378,서경대학교 게이트
7946584,서경대학교,218316140,길음뉴타운6단지래미안아파트 정문,"교통,수송 > 입출구",37.6069119712016,127.021920919174,http://place.map.kakao.com/218316140,서경대학교 게이트
7946584,서경대학교,1569937142,북서울꿈의숲 서문 주차장,"교통,수송 > 교통시설 > 주차장",37.6219481274988,127.037887918169,http://place.map.kakao.com/1569937142,서경대학교 게이트
7946584,서경대학교,1859654403,오동게이트볼장,"스포츠,레저 > 게이트볼 > 게이트볼장",37.6210157864024,127.034353337605,http://place.map.kakao.com/1859654403,서경대학교 게이트
7946584,서경대학교,1922456604,고려대학교 사범대학 부속중고등학교 후문,"교통,수송 > 입출구",37.6103440560905,127.002061268156,http://place.map.kakao.com/1922456604,서경대학교 gate
7946584,서경대학교,173574751,정릉힐스테이트1차아파트 후문,"교통,수송 > 입출구",37.6007157376705,127.017235416352,http://place.map.kakao.com/173574751,서경대학교 gate
7946584,서경대학교,1545750505,정릉2차e편한세상아파트 정문,"교통,수송 > 입출구",37.5996385870405,127.020179414654,http://place.map.kakao.com/1545750505,서경대학교 gate
7946584,서경대학교,984713174,한빛맹학교 후문,"교통,수송 > 입출구",37.6280203723288,127.015995603108,http://place.map.kakao.com/984713174,서경대학교 gate
7946584,서경대학교,391497080,돈암삼부아파트 후문,"교통,수송 > 입출구",37.6030389566463,127.024749785575,http://place.map.kakao.com/391497080,서경대학교 gate
7946584,서경대학교,334867362,그린빌라 정문,"교통,수송 > 입출구",37.6065373822678,126.998386177239,http://place.map.kakao.com/334867362,서경대학교 gate
7946584,서경대학교,1284820202,서울우이초등학교 후문,"교통,수송 > 입출구",37.6386432685382,127.013822531114,http://place.map.kakao.com/1284820202,서경대학교 gate
7946584,서경대학교,1931112424,꿈의숲한신더휴아파트 정문,"교통,수송 > 입출구",37.6197908675607,127.032863262757,http://place.map.kakao.com/1931112424,서경대학교 gate
7946584,서경대학교,1674258606,미아한일유앤아이아파트 정문,"교통,수송 > 입출구",37.6138764437991,127.037043419706,http://place.map.kakao.com/1674258606,서경대학교 gate
9108449,서울과학기술대학교,19265047,공릉산백세문,"여행 > 관광,명소 > 문화유적 > 문",37.6280934199864,127.085184591964,http://place.map.kakao.com/19265047,서울과학기술대학교 게이트
9108449,서울과학기술대학교,26396910,서울과학기술대학교 정문,"교통,수송 > 입출구",37.63022194847668,127.07672337790524,http://place.map.kakao.com/26396910,서울과학기술대학교 게이트
9108449,서울과학기술대학교,1675912587,게이트웨이잉글리시,"교육,학문 > 학원 > 어학원 > 영어학원",37.625776789897095,127.08163515535499,http://place.map.kakao.com/1675912587,서울과학기술대학교 게이트
9108449,서울과학기술대학교,1091852105,태릉해링턴플레이스아파트 정문,"교통,수송 > 입출구",37.6249792775989,127.081835919199,http://place.map.kakao.com/1091852105,서울과학기술대학교 게이트
9108449,서울과학기술대학교,930020490,청솔아파트 정문,"교통,수송 > 입출구",37.6331971710845,127.070685752965,http://place.map.kakao.com/930020490,서울과학기술대학교 게이트
9108449,서울과학기술대학교,8686751,후문약국,"의료,건강 > 약국",37.63588451240535,127.0696720404515,http://place.map.kakao.com/8686751,서울과학기술대학교 게이트
9108449,서울과학기술대학교,1685395036,태릉해링턴플레이스아파트 후문,"교통,수송 > 입출구",37.625319933993,127.084277458985,http://place.map.kakao.com/1685395036,서울과학기술대학교 게이트
9108449,서울과학기술대학교,26804858,서울과학기술대학교 협동문,"교통,수송 > 입출구",37.6363709900495,127.075613734931,http://place.map.kakao.com/26804858,서울과학기술대학교 게이트
9108449,서울과학기술대학교,715106079,공릉해링턴플레이스아파트 정문,"교통,수송 > 입출구",37.6270192429984,127.08669794313,http://place.map.kakao.com/715106079,서울과학기술대학교 게이트
9108449,서울과학기술대학교,361863857,공릉우성아파트 정문,"교통,수송 > 입출구",37.6289593672361,127.072933839338,http://place.map.kakao.com/361863857,서울과학기술대학교 게이트
9108449,서울과학기술대학교,1174844833,한신동성아파트 정문,"교통,수송 > 입출구",37.6410215830963,127.076064862131,http://place.map.kakao.com/1174844833,서울과학기술대학교 게이트
9108449,서울과학기술대학교,1371112320,월계미성미륭삼호아파트 정문,"교통,수송 > 입출구",37.6230738871398,127.067263167198,http://place.map.kakao.com/1371112320,서울과학기술대학교 게이트
9108449,서울과학기술대학교,1144795028,공릉중학교 후문,"교통,수송 > 입출구",37.6226342799703,127.084013894281,http://place.map.kakao.com/1144795028,서울과학기술대학교 게이트
9108449,서울과학기술대학교,1991883404,서울용원초등학교 정문,"교통,수송 > 입출구",37.6292495159638,127.068367598395,http://place.map.kakao.com/1991883404,서울과학기술대학교 게이트
9108449,서울과학기술대학교,964287709,태랑중학교 정문,"교통,수송 > 입출구",37.6260307641131,127.09159616599,http://place.map.kakao.com/964287709,서울과학기술대학교 게이트
9108449,서울과학기술대학교,947173680,게이트맨 노원대리점,"서비스,산업 > 제조업 > 전기,전자 > 보안제품",37.6177208215638,127.073792755835,http://place.map.kakao.com/947173680,서울과학기술대학교 게이트
9108449,서울과학기술대학교,2035287725,학여울청구아파트 정문,"교통,수송 > 입출구",37.6370938295044,127.061197416303,http://place.map.kakao.com/2035287725,서울과학기술대학교 게이트
9108449,서울과학기술대학교,1636920921,서울여자대학교 서울캠퍼스 후문,"교통,수송 > 입출구",37.6254026275759,127.088244593526,http://place.map.kakao.com/1636920921,서울과학기술대학교 게이트
9108449,서울과학기술대학교,707354414,학여울청구아파트 후문,"교통,수송 > 입출구",37.6344915380365,127.063370509888,http://place.map.kakao.com/707354414,서울과학기술대학교 게이트
9108449,서울과학기술대학교,268054824,신내효성아파트 정문,"교통,수송 > 입출구",37.6218858648832,127.088525886858,http://place.map.kakao.com/268054824,서울과학기술대학교 게이트
9108449,서울과학기술대학교,961385010,월계한진한화그랑빌아파트 후문,"교통,수송 > 입출구",37.6197775928112,127.069647945458,http://place.map.kakao.com/961385010,서울과학기술대학교 게이트
9108449,서울과학기술대학교,1796961112,태릉고등학교 후문,"교통,수송 > 입출구",37.6195585175199,127.084981160774,http://place.map.kakao.com/1796961112,서울과학기술대학교 게이트
9108449,서울과학기술대학교,479854614,월계한진한화그랑빌아파트 서문,"교통,수송 > 입출구",37.6197965188943,127.069638901449,http://place.map.kakao.com/479854614,서울과학기술대학교 게이트
9108449,서울과학기술대학교,461458167,서울연지초등학교 후문,"교통,수송 > 입출구",37.6335379310116,127.060634839242,http://place.map.kakao.com/461458167,서울과학기술대학교 게이트
9108449,서울과학기술대학교,1052095114,광운대학교 후문,"교통,수송 > 입출구",37.6202031137874,127.061053306516,http://place.map.kakao.com/1052095114,서울과학기술대학교 게이트
9108449,서울과학기술대학교,1956944050,월계센트럴아이파크아파트 정문,"교통,수송 > 입출구",37.6311013597156,127.057649987321,http://place.map.kakao.com/1956944050,서울과학기술대학교 게이트
9108449,서울과학기술대학교,272187506,월계한진한화그랑빌아파트 동문,"교통,수송 > 입출구",37.6175971131986,127.069798822589,http://place.map.kakao.com/272187506,서울과학기술대학교 게이트
9108449,서울과학기술대학교,1787699212,롯데우성아파트 후문,"교통,수송 > 입출구",37.6475868385148,127.072101069678,http://place.map.kakao.com/1787699212,서울과학기술대학교 게이트
9108449,서울과학기술대학교,1177070760,묵동자이2단지아파트 정문,"교통,수송 > 입출구",37.6138367586924,127.07784821921,http://place.map.kakao.com/1177070760,서울과학기술대학교 게이트
9108449,서울과학기술대학교,959716545,한화꿈에그린아파트 후문,"교통,수송 > 입출구",37.6476773167511,127.082520299524,http://place.map.kakao.com/959716545,서울과학기술대학교 게이트
9108449,서울과학기술대학교,1234529421,월계센트럴아이파크아파트 후문,"교통,수송 > 입출구",37.6296386933821,127.05654432143,http://place.map.kakao.com/1234529421,서울과학기술대학교 게이트
9108449,서울과학기술대학교,1104974730,중계주공6단지아파트 정문,"교통,수송 > 입출구",37.6481977652908,127.079039871748,http://place.map.kakao.com/1104974730,서울과학기술대학교 게이트
9108449,서울과학기술대학교,1051934876,죠스아이스크림 광운대후문점,"가정,생활 > 식품판매 > 아이스크림판매",37.6206147710247,127.061234878438,http://place.map.kakao.com/1051934876,서울과학기술대학교 게이트
9108449,서울과학기술대학교,338933776,죠스아이스크림할인점 광운대 후문점,"가정,생활 > 식품판매 > 아이스크림판매",37.6206625615226,127.061161290753,http://place.map.kakao.com/338933776,서울과학기술대학교 게이트
9108449,서울과학기술대학교,1180247493,원묵고등학교 전기차충전소,"교통,수송 > 자동차 > 전기차 충전소",37.6152352031033,127.08549951956137,http://place.map.kakao.com/1180247493,서울과학기술대학교 게이트
9108449,서울과학기술대학교,753736979,신속열쇠현관문도어락설치,"가정,생활 > 생활용품점 > 열쇠",37.6244384055737,127.075498563599,http://place.map.kakao.com/753736979,서울과기대 문
9108449,서울과학기술대학교,1921269947,아성승합차자동문,"서비스,산업 > 제조업 > 전기,전자 > 자동화장치",37.620258027196314,127.08064026042148,http://place.map.kakao.com/1921269947,서울과기대 문
9108449,서울과학기술대학교,498071577,생각을문국어독서논술,"교육,학문 > 학원",37.6366148151291,127.065649569498,http://place.map.kakao.com/498071577,서울과기대 문
9108449,서울과학기술대학교,539399947,문셈사고력수학교습소,"교육,학문 > 학원 > 수학학원",37.623716871126554,127.08945466189866,http://place.map.kakao.com/539399947,서울과기대 문
9108449,서울과학기술대학교,670146170,문헤어,"가정,생활 > 미용 > 미용실",37.6161027468659,127.079198437409,http://place.map.kakao.com/670146170,서울과기대 문
9108449,서울과학기술대학교,16472231,GS25 하계협동문점,"가정,생활 > 편의점 > GS25",37.6363604562496,127.075178667831,http://place.map.kakao.com/16472231,서울과기대 문
9108449,서울과학기술대학교,72726095,스타투 빙커피전문점,음식점 > 카페,37.62107767869969,127.07414835191871,http://place.map.kakao.com/72726095,서울과기대 문
9108449,서울과학기술대학교,1277530772,플레이팩토 문셈수학,"교육,학문 > 학원 > 수학학원 > 플레이팩토",37.623604415117,127.089233637828,http://place.map.kakao.com/1277530772,서울과기대 문
9879420,서울여자대학교 서울캠퍼스,19265047,공릉산백세문,"여행 > 관광,명소 > 문화유적 > 문",37.6280934199864,127.085184591964,http://place.map.kakao.com/19265047,서울여자대학교 게이트
9879420,서울여자대학교 서울캠퍼스,715106079,공릉해링턴플레이스아파트 정문,"교통,수송 > 입출구",37.6270192429984,127.08669794313,http://place.map.kakao.com/715106079,서울여자대학교 게이트
9879420,서울여자대학교 서울캠퍼스,964287709,태랑중학교 정문,"교통,수송 > 입출구",37.6260307641131,127.09159616599,http://place.map.kakao.com/964287709,서울여자대학교 게이트
9879420,서울여자대학교 서울캠퍼스,1675912587,게이트웨이잉글리시,"교육,학문 > 학원 > 어학원 > 영어학원",37.625776789897095,127.08163515535499,http://place.map.kakao.com/1675912587,서울여자대학교 게이트
9879420,서울여자대학교 서울캠퍼스,1091852105,태릉해링턴플레이스아파트 정문,"교통,수송 > 입출구",37.6249792775989,127.081835919199,http://place.map.kakao.com/1091852105,서울여자대학교 게이트
9879420,서울여자대학교 서울캠퍼스,1685395036,태릉해링턴플레이스아파트 후문,"교통,수송 > 입출구",37.625319933993,127.084277458985,http://place.map.kakao.com/1685395036,서울여자대학교 게이트
9879420,서울여자대학교 서울캠퍼스,26396910,서울과학기술대학교 정문,"교통,수송 > 입출구",37.63022194847668,127.07672337790524,http://place.map.kakao.com/26396910,서울여자대학교 게이트
9879420,서울여자대학교 서울캠퍼스,1636920921,서울여자대학교 서울캠퍼스 후문,"교통,수송 > 입출구",37.6254026275759,127.088244593526,http://place.map.kakao.com/1636920921,서울여자대학교 게이트
9879420,서울여자대학교 서울캠퍼스,268054824,신내효성아파트 정문,"교통,수송 > 입출구",37.6218858648832,127.088525886858,http://place.map.kakao.com/268054824,서울여자대학교 게이트
9879420,서울여자대학교 서울캠퍼스,1144795028,공릉중학교 후문,"교통,수송 > 입출구",37.6226342799703,127.084013894281,http://place.map.kakao.com/1144795028,서울여자대학교 게이트
9879420,서울여자대학교 서울캠퍼스,18091054,삼육대학교 정문,"교통,수송 > 입출구",37.6384726542803,127.107407603219,http://place.map.kakao.com/18091054,서울여자대학교 게이트
9879420,서울여자대학교 서울캠퍼스,1796961112,태릉고등학교 후문,"교통,수송 > 입출구",37.6195585175199,127.084981160774,http://place.map.kakao.com/1796961112,서울여자대학교 게이트
9879420,서울여자대학교 서울캠퍼스,102763780,서울의료원 후문,"교통,수송 > 입출구",37.6133011796262,127.097751006274,http://place.map.kakao.com/102763780,서울여자대학교 게이트
9879420,서울여자대학교 서울캠퍼스,26804858,서울과학기술대학교 협동문,"교통,수송 > 입출구",37.6363709900495,127.075613734931,http://place.map.kakao.com/26804858,서울여자대학교 게이트
9879420,서울여자대학교 서울캠퍼스,930020490,청솔아파트 정문,"교통,수송 > 입출구",37.6331971710845,127.070685752965,http://place.map.kakao.com/930020490,서울여자대학교 게이트
9879420,서울여자대학교 서울캠퍼스,1174844833,한신동성아파트 정문,"교통,수송 > 입출구",37.6410215830963,127.076064862131,http://place.map.kakao.com/1174844833,서울여자대학교 게이트
9879420,서울여자대학교 서울캠퍼스,947173680,게이트맨 노원대리점,"서비스,산업 > 제조업 > 전기,전자 > 보안제품",37.6177208215638,127.073792755835,http://place.map.kakao.com/947173680,서울여자대학교 게이트
9879420,서울여자대학교 서울캠퍼스,361863857,공릉우성아파트 정문,"교통,수송 > 입출구",37.6289593672361,127.072933839338,http://place.map.kakao.com/361863857,서울여자대학교 게이트
9879420,서울여자대학교 서울캠퍼스,103649750,신내우디안1단지아파트 정문,"교통,수송 > 입출구",37.6164175393362,127.107268268261,http://place.map.kakao.com/103649750,서울여자대학교 게이트
9879420,서울여자대학교 서울캠퍼스,1226923513,금성초등학교 후문,"교통,수송 > 입출구",37.6144627196591,127.089596479742,http://place.map.kakao.com/1226923513,서울여자대학교 게이트
9879420,서울여자대학교 서울캠퍼스,1237347818,서울의료원 정문 택시승강장,"교통,수송 > 택시",37.6130591426152,127.09735314487,http://place.map.kakao.com/1237347818,서울여자대학교 게이트
9879420,서울여자대학교 서울캠퍼스,2070905074,신내우디안1단지아파트 후문,"교통,수송 > 입출구",37.61800740451012,127.10569046278206,http://place.map.kakao.com/2070905074,서울여자대학교 게이트
9879420,서울여자대학교 서울캠퍼스,1079053294,신내데시앙아파트 후문,"교통,수송 > 입출구",37.6123290580436,127.099849564212,http://place.map.kakao.com/1079053294,서울여자대학교 게이트
9879420,서울여자대학교 서울캠퍼스,419028594,구리갈매6단지아파트(S1) 후문,"교통,수송 > 입출구",37.6262202499616,127.112145486702,http://place.map.kakao.com/419028594,서울여자대학교 게이트
9879420,서울여자대학교 서울캠퍼스,1177070760,묵동자이2단지아파트 정문,"교통,수송 > 입출구",37.6138367586924,127.07784821921,http://place.map.kakao.com/1177070760,서울여자대학교 게이트
9879420,서울여자대학교 서울캠퍼스,1991883404,서울용원초등학교 정문,"교통,수송 > 입출구",37.6292495159638,127.068367598395,http://place.map.kakao.com/1991883404,서울여자대학교 게이트
9879420,서울여자대학교 서울캠퍼스,1180247493,원묵고등학교 전기차충전소,"교통,수송 > 자동차 > 전기차 충전소",37.6152352031033,127.08549951956137,http://place.map.kakao.com/1180247493,서울여자대학교 게이트
9879420,서울여자대학교 서울캠퍼스,539399947,문셈사고력수학교습소,"교육,학문 > 학원 > 수학학원",37.623716871126554,127.08945466189866,http://place.map.kakao.com/539399947,서울여대 문
9879420,서울여자대학교 서울캠퍼스,1921269947,아성승합차자동문,"서비스,산업 > 제조업 > 전기,전자 > 자동화장치",37.620258027196314,127.08064026042148,http://place.map.kakao.com/1921269947,서울여대 문
9879420,서울여자대학교 서울캠퍼스,670146170,문헤어,"가정,생활 > 미용 > 미용실",37.6161027468659,127.079198437409,http://place.map.kakao.com/670146170,서울여대 문
9879420,서울여자대학교 서울캠퍼스,753736979,신속열쇠현관문도어락설치,"가정,생활 > 생활용품점 > 열쇠",37.6244384055737,127.075498563599,http://place.map.kakao.com/753736979,서울여대 문
9879420,서울여자대학교 서울캠퍼스,1277530772,플레이팩토 문셈수학,"교육,학문 > 학원 > 수학학원 > 플레이팩토",37.623604415117,127.089233637828,http://place.map.kakao.com/1277530772,서울여대 문
9879420,서울여자대학교 서울캠퍼스,16472231,GS25 하계협동문점,"가정,생활 > 편의점 > GS25",37.6363604562496,127.075178667831,http://place.map.kakao.com/16472231,서울여대 문
9879420,서울여자대학교 서울캠퍼스,72726095,스타투 빙커피전문점,음식점 > 카페,37.62107767869969,127.07414835191871,http://place.map.kakao.com/72726095,서울여대 문
7949668,세종대학교,194081591,세종대학교 정문,"교통,수송 > 입출구",37.5491013244794,127.074995883714,http://place.map.kakao.com/194081591,세종대학교 게이트
7949668,세종대학교,17556824,서울어린이대공원 정문주차장,"교통,수송 > 교통시설 > 주차장",37.55070938662453,127.0767402539164,http://place.map.kakao.com/17556824,세종대학교 게이트
7949668,세종대학교,18164729,서울어린이대공원 정문,"교통,수송 > 입출구",37.54938520021207,127.07630660918782,http://place.map.kakao.com/18164729,세종대학교 게이트
7949668,세종대학교,18164731,서울어린이대공원 후문,"교통,수송 > 입출구",37.551126006358,127.086640512262,http://place.map.kakao.com/18164731,세종대학교 게이트
7949668,세종대학교,1770594845,게이트원,음식점 > 양식,37.5579376382328,127.081450174594,http://place.map.kakao.com/1770594845,세종대학교 게이트
7949668,세종대학교,17556285,서울어린이대공원 구의문,"교통,수송 > 입출구",37.54622612081522,127.08450744459128,http://place.map.kakao.com/17556285,세종대학교 게이트
7949668,세종대학교,814359521,게이트NO.5PC,"가정,생활 > 여가시설 > 게임방,PC방",37.539730276367,127.070202532858,http://place.map.kakao.com/814359521,세종대학교 게이트
7949668,세종대학교,1636304013,카페게이트 건대점,음식점 > 카페 > 커피전문점 > 카페게이트,37.54215941283479,127.06859916585078,http://place.map.kakao.com/1636304013,세종대학교 게이트
7949668,세종대학교,1968799237,어린이대공원 서문,"교통,수송 > 입출구",37.5519929203311,127.078699378208,http://place.map.kakao.com/1968799237,세종대학교 게이트
7949668,세종대학교,20514618,서울어린이대공원 후문주차장,"교통,수송 > 교통시설 > 주차장",37.55168237516295,127.08724886648729,http://place.map.kakao.com/20514618,세종대학교 게이트
7949668,세종대학교,24353259,나노게이트 서울사업장,"서비스,산업 > 제조업 > 전기,전자 > 전기자재,부품",37.5518769772773,127.07407974123511,http://place.map.kakao.com/24353259,세종대학교 게이트
7949668,세종대학교,314938811,하루 건대후문점,"음식점 > 일식 > 돈까스,우동",37.5452406638136,127.076217516114,http://place.map.kakao.com/314938811,세종대학교 게이트
7949668,세종대학교,1890494262,전담게이트 건대점,"서비스,산업 > 식품 > 담배 > 전자담배",37.5411258516614,127.068796234353,http://place.map.kakao.com/1890494262,세종대학교 게이트
7949668,세종대학교,1063956846,게이트원 스터디카페 본사,"서비스,산업 > 기업",37.5474813462827,127.072074699416,http://place.map.kakao.com/1063956846,세종대학교 게이트
7949668,세종대학교,26332665,구의문 개방화장실,"가정,생활 > 화장실",37.5472825390751,127.083879462117,http://place.map.kakao.com/26332665,세종대학교 게이트
7949668,세종대학교,18431171,서울어린이대공원 북문,"교통,수송 > 입출구",37.5521817756738,127.081870555134,http://place.map.kakao.com/18431171,세종대학교 게이트
7949668,세종대학교,34295205,제노PC방 건대후문점,"가정,생활 > 여가시설 > 게임방,PC방",37.5452298014105,127.076295583995,http://place.map.kakao.com/34295205,세종대학교 게이트
7949668,세종대학교,1736432955,아들내미분식 건대후문점,음식점 > 분식,37.5450832040734,127.075883540698,http://place.map.kakao.com/1736432955,세종대학교 게이트
7949668,세종대학교,432721347,e편한세상광진그랜드파크아파트 후문,"교통,수송 > 입출구",37.544976774584,127.080143812739,http://place.map.kakao.com/432721347,세종대학교 게이트
7949668,세종대학교,1635434228,어린이회관 정문,"교통,수송 > 입출구",37.54576171449,127.078550247159,http://place.map.kakao.com/1635434228,세종대학교 게이트
7949668,세종대학교,417625931,리코스타 코인노래연습장 건대후문점,"가정,생활 > 여가시설 > 노래방 > 코인노래방",37.5458894257059,127.076151412882,http://place.map.kakao.com/417625931,세종대학교 게이트
7949668,세종대학교,1867766971,테이큰커피 세종대후문점,음식점 > 카페,37.5537261696376,127.073528166722,http://place.map.kakao.com/1867766971,세종대학교 게이트
7949668,세종대학교,1401604141,전담 GATE 군자역점,"서비스,산업 > 식품 > 담배",37.5554355629021,127.078803722706,http://place.map.kakao.com/1401604141,세종대학교 게이트
7949668,세종대학교,1736089588,서울어린이대공원 능동문,"교통,수송 > 입출구",37.5502416163978,127.076974026832,http://place.map.kakao.com/1736089588,세종대학교 게이트
7949668,세종대학교,24520826,건국대학교 상허문,"교통,수송 > 입출구",37.539599090412,127.072587598758,http://place.map.kakao.com/24520826,세종대학교 게이트
7949668,세종대학교,1156322045,프린트카페 건대후문점,"서비스,산업 > 인쇄,복사",37.5464574224846,127.075579402386,http://place.map.kakao.com/1156322045,세종대학교 게이트
7949668,세종대학교,1226409512,3분마트 건대후문점,"가정,생활 > 슈퍼마켓",37.5450594165732,127.075039360683,http://place.map.kakao.com/1226409512,세종대학교 게이트
7949668,세종대학교,2006614494,어린이대공원 남문,"교통,수송 > 입출구",37.545447948752,127.081530505239,http://place.map.kakao.com/2006614494,세종대학교 게이트
7949668,세종대학교,24521105,건국대학교 일감문,"교통,수송 > 입출구",37.5390502671874,127.074220931761,http://place.map.kakao.com/24521105,세종대학교 게이트
7949668,세종대학교,26332016,남문 개방화장실,"가정,생활 > 화장실",37.5468798614309,127.082502980763,http://place.map.kakao.com/26332016,세종대학교 게이트
7949668,세종대학교,1010880718,송정건영아파트 정문경비실,"서비스,산업 > 관리,운영 > 주택관리사무소",37.5554254350387,127.070602042931,http://place.map.kakao.com/1010880718,세종대학교 게이트
7949668,세종대학교,26334768,서울어린이대공원 정문 개방화장실,"가정,생활 > 화장실",37.5490787247531,127.076516781246,http://place.map.kakao.com/26334768,세종대학교 게이트
7949668,세종대학교,26335849,후문 개방화장실,"가정,생활 > 화장실",37.549451325836,127.085022588164,http://place.map.kakao.com/26335849,세종대학교 게이트
7949668,세종대학교,1263466475,더샵스타시티아파트 정문,"교통,수송 > 입출구",37.537866186888685,127.07157099251276,http://place.map.kakao.com/1263466475,세종대학교 게이트
7949668,세종대학교,192892426,선화예술중학교 후문,"교통,수송 > 입출구",37.5511643552597,127.087175835847,http://place.map.kakao.com/192892426,세종대학교 게이트
7949668,세종대학교,1658284644,서울어린이대공원 동문,"교통,수송 > 입출구",37.5473244409407,127.085753455973,http://place.map.kakao.com/1658284644,세종대학교 게이트
7949668,세종대학교,1210076442,래미안파크스위트아파트 후문,"교통,수송 > 입출구",37.54544764567652,127.08941763196725,http://place.map.kakao.com/1210076442,세종대학교 게이트
7949668,세종대학교,944224595,앤드다이어리 어린이대공원후문점,"문화,예술 > 사진 > 사진관,포토스튜디오 > 즉석사진",37.5526860881304,127.089652617581,http://place.map.kakao.com/944224595,세종대학교 게이트
7949668,세종대학교,689197429,한양대학교 후문,"교통,수송 > 입출구",37.5558504729312,127.049864448928,http://place.map.kakao.com/689197429,세종대학교 게이트
7949668,세종대학교,738874788,어린이대공원후문 개방화장실,"가정,생활 > 화장실",37.5516143367425,127.089076442752,http://place.map.kakao.com/738874788,세종대학교 게이트
7949668,세종대학교,1649682353,미디어게이트,"서비스,산업 > 인터넷,IT > 소프트웨어",37.53652217627298,127.0847578570763,http://place.map.kakao.com/1649682353,세종대학교 게이트
7949668,세종대학교,1543588850,더샵스타시티아파트 동문,"교통,수송 > 입출구",37.5370612327241,127.073623814779,http://place.map.kakao.com/1543588850,세종대학교 게이트
7949668,세종대학교,1855908957,더샵스타시티아파트 북문B,"교통,수송 > 입출구",37.5379786369153,127.073324877389,http://place.map.kakao.com/1855908957,세종대학교 게이트
7949668,세종대학교,1853730890,게이트맨프라자 열쇠마트,"가정,생활 > 생활용품점 > 열쇠",37.5329757993691,127.076916679785,http://place.map.kakao.com/1853730890,세종대학교 게이트
7949668,세종대학교,1854304178,더샵스타시티아파트 북문A,"교통,수송 > 입출구",37.5383442333349,127.072202812368,http://place.map.kakao.com/1854304178,세종대학교 게이트
7949668,세종대학교,1775918078,롯데캐슬리버파크시그니처 후문,"교통,수송 > 입출구",37.538173679262734,127.06323799314842,http://place.map.kakao.com/1775918078,세종대학교 gate
7949668,세종대학교,113346198,장안래미안1차아파트 정문,"교통,수송 > 입출구",37.5667678204244,127.07251887404,http://place.map.kakao.com/113346198,세종대학교 gate
7949668,세종대학교,1141756917,롯데캐슬리버파크시그니처아파트 정문,"교통,수송 > 입출구",37.5370586928434,127.062388459984,http://place.map.kakao.com/1141756917,세종대학교 gate
7949668,세종대학교,684755187,한양대학교 서울캠퍼스 정문,"교통,수송 > 입출구",37.5579753193835,127.042173212423,http://place.map.kakao.com/684755187,세종대학교 gate
7949668,세종대학교,991230654,성수아이파크아파트 정문,"교통,수송 > 입출구",37.5472783847373,127.057755112499,http://place.map.kakao.com/991230654,세종대학교 gate
7949668,세종대학교,1171079148,더샵스타시티아파트 남문,"교통,수송 > 입출구",37.5368324823168,127.071994299047,http://place.map.kakao.com/1171079148,세종대학교 gate
7949668,세종대학교,995645242,성수아이파크아파트 후문,"교통,수송 > 입출구",37.5472199668664,127.055571061964,http://place.map.kakao.com/995645242,세종대학교 gate
7949668,세종대학교,625183321,장안현대홈타운1차아파트 정문,"교통,수송 > 입출구",37.5696308735648,127.075880139265,http://place.map.kakao.com/625183321,세종대학교 gate
7949668,세종대학교,570270766,답십리파크자이아파트 정문,"교통,수송 > 입출구",37.568073903102,127.058562380385,http://place.map.kakao.com/570270766,세종대학교 gate
7949668,세종대학교,138220039,롯데캐슬리버파크시그니처아파트 후문 (입주민전용),"교통,수송 > 입출구",37.5381799862609,127.063237998475,http://place.map.kakao.com/138220039,세종대학교 gate
7949668,세종대학교,603693434,서울교통공사 군자차량사업소 정문,"교통,수송 > 입출구",37.5589236549712,127.054223873112,http://place.map.kakao.com/603693434,세종대학교 gate
7949668,세종대학교,26991291,양진중학교 정문,"교통,수송 > 입출구",37.5439740593733,127.097938779873,http://place.map.kakao.com/26991291,세종대학교 gate
7949668,세종대학교,26531651,서울동의초등학교 정문,"교통,수송 > 입출구",37.5537192991079,127.097888155867,http://place.map.kakao.com/26531651,세종대학교 gate
7949668,세종대학교,1606022749,장로회신학대학교 남문,"교통,수송 > 입출구",37.5492641798734,127.104866809209,http://place.map.kakao.com/1606022749,세종대학교 gate
7949668,세종대학교,1676847736,장안래미안2차아파트 후문,"교통,수송 > 입출구",37.57513969309276,127.07424767934353,http://place.map.kakao.com/1676847736,세종대학교 gate
7949668,세종대학교,113620248,서울광남초등학교 후문,"교통,수송 > 입출구",37.5406393574884,127.100209883034,http://place.map.kakao.com/113620248,세종대학교 gate
7949668,세종대학교,1654025440,광장현대홈타운11차아파트 정문,"교통,수송 > 입출구",37.542695586133,127.096791988589,http://place.map.kakao.com/1654025440,세종대학교 gate
7949668,세종대학교,1557335537,장로회신학대학교 서문,"교통,수송 > 입출구",37.5503594632698,127.102160290498,http://place.map.kakao.com/1557335537,세종대학교 gate
7949668,세종대학교,18093904,장로회신학대학교 북문,"교통,수송 > 입출구",37.5516819391163,127.103412597755,http://place.map.kakao.com/18093904,세종대학교 gate
7949668,세종대학교,1157761993,서울신자초등학교 후문,"교통,수송 > 입출구",37.5300228321165,127.076122834383,http://place.map.kakao.com/1157761993,세종대학교 gate
7949668,세종대학교,355449068,서울구남초등학교 후문,"교통,수송 > 입출구",37.5374516213836,127.092477737433,http://place.map.kakao.com/355449068,세종대학교 gate
7949668,세종대학교,355490071,서울구남초등학교 정문,"교통,수송 > 입출구",37.5369738254799,127.092816583577,http://place.map.kakao.com/355490071,세종대학교 gate
7949668,세종대학교,1424741564,한진타운아파트 후문,"교통,수송 > 입출구",37.5406790939421,127.046333083748,http://place.map.kakao.com/1424741564,세종대학교 gate
7949668,세종대학교,1167962615,래미안엘파인아파트 정문,"교통,수송 > 입출구",37.57638094365547,127.0656645757561,http://place.map.kakao.com/1167962615,세종대학교 gate
7949668,세종대학교,1666409345,두산위브아파트 정문,"교통,수송 > 입출구",37.5666113196544,127.057270866718,http://place.map.kakao.com/1666409345,세종대학교 gate
7949668,세종대학교,2077817173,블루문스터디카페 세종대점,"서비스,산업 > 전문대행 > 공간대여 > 스터디카페,스터디룸",37.5481151655689,127.072862918939,http://place.map.kakao.com/2077817173,세종대학교 문
7813439,숙명여자대학교,2075323793,숙명여자대학교 제1캠퍼스 정문,"교통,수송 > 입출구",37.5452474193529,126.964862197806,http://place.map.kakao.com/2075323793,숙명여자대학교 게이트
7813439,숙명여자대학교,10173574,게이트웨이타워,부동산 > 빌딩,37.5534758118272,126.973595087754,http://place.map.kakao.com/10173574,숙명여자대학교 게이트
7813439,숙명여자대학교,19807033,효창공원 후문,"교통,수송 > 입출구",37.5467187116527,126.961833341453,http://place.map.kakao.com/19807033,숙명여자대학교 게이트
7813439,숙명여자대학교,18091097,효창공원 정문,"교통,수송 > 입출구",37.54438521253169,126.96210837014884,http://place.map.kakao.com/18091097,숙명여자대학교 게이트
7813439,숙명여자대학교,7813430,숭례문,"여행 > 관광,명소 > 문화유적 > 문",37.5600030088843,126.975313124237,http://place.map.kakao.com/7813430,숙명여자대학교 게이트
7813439,숙명여자대학교,1730553641,게이트공인중개사사무소,부동산 > 부동산서비스 > 부동산중개업,37.5409318655716,126.962687190024,http://place.map.kakao.com/1730553641,숙명여자대학교 게이트
7813439,숙명여자대학교,191954023,카페게이트 아현점,음식점 > 카페 > 커피전문점 > 카페게이트,37.55046617401642,126.95477101519491,http://place.map.kakao.com/191954023,숙명여자대학교 게이트
7813439,숙명여자대학교,1994469060,용산원효루미니아파트 정문,"교통,수송 > 입출구",37.5415762543533,126.969576717548,http://place.map.kakao.com/1994469060,숙명여자대학교 게이트
7813439,숙명여자대학교,18091048,숙명여자대학교 지혜문,"교통,수송 > 입출구",37.5457100606441,126.963309444239,http://place.map.kakao.com/18091048,숙명여자대학교 게이트
7813439,숙명여자대학교,1142964882,서울역센트럴자이아파트 정문,"교통,수송 > 입출구",37.5548572301628,126.964070005939,http://place.map.kakao.com/1142964882,숙명여자대학교 게이트
7813439,숙명여자대학교,20513018,게이트웨이타워 주차장,"교통,수송 > 교통시설 > 주차장",37.55348662101686,126.97358263519708,http://place.map.kakao.com/20513018,숙명여자대학교 게이트
7813439,숙명여자대학교,564449907,효창파크푸르지오아파트 정문,"교통,수송 > 입출구",37.5397378610592,126.959410972489,http://place.map.kakao.com/564449907,숙명여자대학교 게이트
7813439,숙명여자대학교,27577050,공덕자이아파트 후문,"교통,수송 > 입출구",37.551964922444,126.958272661727,http://place.map.kakao.com/27577050,숙명여자대학교 게이트
7813439,숙명여자대학교,1204924432,남정초등학교 후문,"교통,수송 > 입출구",37.5370430774041,126.965411409286,http://place.map.kakao.com/1204924432,숙명여자대학교 게이트
7813439,숙명여자대학교,1164213179,숙명여자대학교 제2창학캠퍼스 후문,"교통,수송 > 입출구",37.5441342779426,126.966562327127,http://place.map.kakao.com/1164213179,숙명여자대학교 게이트
7813439,숙명여자대학교,1752711707,용산KCC스위첸아파트 정문,"교통,수송 > 입출구",37.5401119644736,126.959962942522,http://place.map.kakao.com/1752711707,숙명여자대학교 게이트
7813439,숙명여자대학교,115450973,약현성당 정문,"교통,수송 > 입출구",37.5594021768961,126.968321103042,http://place.map.kakao.com/115450973,숙명여자대학교 게이트
7813439,숙명여자대학교,552566875,도화현대1차아파트 정문,"교통,수송 > 입출구",37.5405040189234,126.955274896878,http://place.map.kakao.com/552566875,숙명여자대학교 게이트
7813439,숙명여자대학교,1994277118,용산원효루미니아파트 후문,"교통,수송 > 입출구",37.5409842405091,126.969356312692,http://place.map.kakao.com/1994277118,숙명여자대학교 게이트
7813439,숙명여자대학교,26985073,남대문시장 6번게이트,"교통,수송 > 입출구",37.558717858962936,126.97822449419233,http://place.map.kakao.com/26985073,숙명여자대학교 게이트
7813439,숙명여자대학교,1778026578,공덕삼성래미안4차아파트 정문,"교통,수송 > 입출구",37.5493620751301,126.951552162346,http://place.map.kakao.com/1778026578,숙명여자대학교 게이트
7813439,숙명여자대학교,1844501862,서강대학교 후문,"교통,수송 > 입출구",37.5507696837461,126.943969110916,http://place.map.kakao.com/1844501862,숙명여자대학교 게이트
7813439,숙명여자대학교,418851170,공덕자이아파트 정문,"교통,수송 > 입출구",37.553790613053,126.959040073871,http://place.map.kakao.com/418851170,숙명여자대학교 게이트
7813439,숙명여자대학교,1772275928,공덕삼성래미안2차아파트 후문,"교통,수송 > 입출구",37.5518696672492,126.958987936222,http://place.map.kakao.com/1772275928,숙명여자대학교 게이트
7813439,숙명여자대학교,261698324,공덕푸르지오펜트라우스아파트 동문,"교통,수송 > 입출구",37.5437760744148,126.954295276961,http://place.map.kakao.com/261698324,숙명여자대학교 게이트
7813439,숙명여자대학교,2061926067,골든게이트,"가정,생활 > 식품판매 > 수산물판매",37.5393262556444,126.981700414115,http://place.map.kakao.com/2061926067,숙명여자대학교 게이트
7813439,숙명여자대학교,887531644,래미안공덕3차아파트 중문,"교통,수송 > 입출구",37.5479408183473,126.952834076045,http://place.map.kakao.com/887531644,숙명여자대학교 게이트
7813439,숙명여자대학교,623665564,용산용문시장 5문,"교통,수송 > 입출구",37.5372784974592,126.960492848775,http://place.map.kakao.com/623665564,숙명여자대학교 게이트
7813439,숙명여자대학교,705093022,용산용문시장 4문,"교통,수송 > 입출구",37.5370280636082,126.960625361142,http://place.map.kakao.com/705093022,숙명여자대학교 게이트
7813439,숙명여자대학교,1653744137,용산용문시장 6문,"교통,수송 > 입출구",37.5372151308333,126.95961600232,http://place.map.kakao.com/1653744137,숙명여자대학교 게이트
7813439,숙명여자대학교,1686066387,용산용문시장 3문,"교통,수송 > 입출구",37.5367172862428,126.960829185619,http://place.map.kakao.com/1686066387,숙명여자대학교 게이트
7813439,숙명여자대학교,1238436797,KCC파크타운오피스텔 정문,"교통,수송 > 입출구",37.5549082740397,126.966057291204,http://place.map.kakao.com/1238436797,숙명여자대학교 게이트
7813439,숙명여자대학교,860700721,용산용문시장 2문,"교통,수송 > 입출구",37.5364722591134,126.960965087388,http://place.map.kakao.com/860700721,숙명여자대학교 게이트
7813439,숙명여자대학교,2081941161,용산용문시장 7문,"교통,수송 > 입출구",37.5370140834131,126.959254045179,http://place.map.kakao.com/2081941161,숙명여자대학교 게이트
7813439,숙명여자대학교,489920160,용산용문시장 1문,"교통,수송 > 입출구",37.5358146535059,126.961344461475,http://place.map.kakao.com/489920160,숙명여자대학교 게이트
7813439,숙명여자대학교,666482238,마포도화우성아파트 정문,"교통,수송 > 입출구",37.5363922706164,126.94752921422,http://place.map.kakao.com/666482238,숙명여자대학교 게이트
7813439,숙명여자대학교,686379401,도화현대홈타운2차아파트 후문,"교통,수송 > 입출구",37.5393196548176,126.951839270109,http://place.map.kakao.com/686379401,숙명여자대학교 게이트
7813439,숙명여자대학교,519037311,커뮤니케이션애드게이트,"서비스,산업 > 마케팅 > 광고기획,광고대행",37.53156332413577,126.96914633803804,http://place.map.kakao.com/519037311,숙명여자대학교 게이트
7813439,숙명여자대학교,754924844,래미안공덕4차아파트 후문,"교통,수송 > 입출구",37.5508593108509,126.951010257783,http://place.map.kakao.com/754924844,숙명여자대학교 게이트
7813439,숙명여자대학교,1081845899,공덕래미안5차아파트 후문,"교통,수송 > 입출구",37.5506396612402,126.951480040774,http://place.map.kakao.com/1081845899,숙명여자대학교 게이트
7813439,숙명여자대학교,189396760,공덕삼성아파트 정문,"교통,수송 > 입출구",37.5461491404702,126.951617610949,http://place.map.kakao.com/189396760,숙명여자대학교 게이트
7813439,숙명여자대학교,1315137150,마포프레스티지자이아파트 게이트1,"교통,수송 > 입출구",37.55316400676476,126.94671734682578,http://place.map.kakao.com/1315137150,숙명여자대학교 게이트
7813439,숙명여자대학교,2100074496,남대문시장 1번게이트,"교통,수송 > 입출구",37.5599937766433,126.97598281472,http://place.map.kakao.com/2100074496,숙명여자대학교 게이트
7813439,숙명여자대학교,666043195,마포더클래시아파트1단지 게이트1,"교통,수송 > 입출구",37.5553139489017,126.949126404109,http://place.map.kakao.com/666043195,숙명여자대학교 게이트
7813439,숙명여자대학교,127015228,카페게이트 회현역점,음식점 > 카페 > 커피전문점 > 카페게이트,37.5592287905322,126.978586518546,http://place.map.kakao.com/127015228,숙명여자대학교 게이트
7813439,숙명여자대학교,1238780392,마포프레스티지자이아파트 정문,"교통,수송 > 입출구",37.5542211934313,126.947422784266,http://place.map.kakao.com/1238780392,숙명여자대학교 gate
7813439,숙명여자대학교,1469643354,마포자이더센트리지아파트 정문,"교통,수송 > 입출구",37.5506546829242,126.946619547031,http://place.map.kakao.com/1469643354,숙명여자대학교 gate
7813439,숙명여자대학교,1575453424,공덕삼성아파트 후문,"교통,수송 > 입출구",37.5478645395601,126.951367546099,http://place.map.kakao.com/1575453424,숙명여자대학교 gate
7813439,숙명여자대학교,71283831,래미안공덕3차아파트 후문,"교통,수송 > 입출구",37.5492106479011,126.951407410541,http://place.map.kakao.com/71283831,숙명여자대학교 gate
7813439,숙명여자대학교,1122624057,마포더클래시 2단지아파트 정문,"교통,수송 > 입출구",37.5564114656951,126.949363325085,http://place.map.kakao.com/1122624057,숙명여자대학교 gate
7813439,숙명여자대학교,1053051576,종근당빌딩 정문,"교통,수송 > 입출구",37.5596484552514,126.963165663089,http://place.map.kakao.com/1053051576,숙명여자대학교 gate
7813439,숙명여자대학교,1732284481,마포자이더센트리지아파트 후문,"교통,수송 > 입출구",37.5501505554667,126.947582943579,http://place.map.kakao.com/1732284481,숙명여자대학교 gate
7813439,숙명여자대학교,945424323,전쟁기념관 3문,"교통,수송 > 입출구",37.534856852315,126.97904605802559,http://place.map.kakao.com/945424323,숙명여자대학교 gate
7813439,숙명여자대학교,1052996044,종근당빌딩 동문,"교통,수송 > 입출구",37.5596530446653,126.963437292143,http://place.map.kakao.com/1052996044,숙명여자대학교 gate
7813439,숙명여자대학교,1515568469,카키문,음식점 > 카페,37.535265202860884,126.97139748710558,http://place.map.kakao.com/1515568469,숙명여대 문
7813439,숙명여자대학교,670213115,문식탁,음식점 > 한식,37.5539011397922,126.966693769092,http://place.map.kakao.com/670213115,숙명여대 문
7813439,숙명여자대학교,2121612964,을지문,"음식점 > 한식 > 육류,고기 > 갈비",37.5363895542031,126.961535379004,http://place.map.kakao.com/2121612964,숙명여대 문
7813439,숙명여자대학교,753611025,콤마더문 용산,"가정,생활 > 미용 > 두피,탈모관리",37.54128479098008,126.96185308433402,http://place.map.kakao.com/753611025,숙명여대 문
7813439,숙명여자대학교,613959641,대승자동문,"서비스,산업 > 건설,건축 > 시공업체 > 유리,창호시공",37.5434746442791,126.957803273708,http://place.map.kakao.com/613959641,숙명여대 문
7813439,숙명여자대학교,9243057,연세문이비인후과의원,"의료,건강 > 병원 > 이비인후과",37.5578207455473,126.956440457177,http://place.map.kakao.com/9243057,숙명여대 문
7813439,숙명여자대학교,509709659,투어문,"서비스,산업 > 여행사",37.5438971352884,126.952835492115,http://place.map.kakao.com/509709659,숙명여대 문
7813439,숙명여자대학교,1493311380,흰문,음식점 > 일식,37.542352461609,126.947700425511,http://place.map.kakao.com/1493311380,숙명여대 문
7813439,숙명여자대학교,854600786,블루문파크,"문화,예술 > 영화,영상 > 영상제작,배급",37.54246753941037,126.95133031660886,http://place.map.kakao.com/854600786,숙명여대 문
7813439,숙명여자대학교,234951369,경성자동문,"서비스,산업 > 건설,건축 > 건설자재 > 셔터,샷시",37.5492492061784,126.983354709218,http://place.map.kakao.com/234951369,숙명여대 문
7813439,숙명여자대학교,1546835344,아현파란문약국,"의료,건강 > 약국",37.55810986127829,126.95615847720609,http://place.map.kakao.com/1546835344,숙명여대 문
7813439,숙명여자대학교,18664550,제키문,"가정,생활 > 패션 > 패션잡화점",37.5575050535703,126.973507651923,http://place.map.kakao.com/18664550,숙명여대 문
7813439,숙명여자대학교,1373917930,문헤어,"가정,생활 > 미용 > 미용실",37.53301856027098,126.9530889875355,http://place.map.kakao.com/1373917930,숙명여대 문
7813439,숙명여자대학교,1198984168,크레센트문,"서비스,산업 > 인터넷,IT",37.5416674279006,126.947085354341,http://place.map.kakao.com/1198984168,숙명여대 문
7813439,숙명여자대학교,1509002467,문스튜디오,"문화,예술 > 음악 > 녹음실",37.5330416521259,126.952255135077,http://place.map.kakao.com/1509002467,숙명여대 문
7813439,숙명여자대학교,637252268,해방촌 블루문 파티룸,"서비스,산업 > 전문대행 > 공간대여",37.5437058450471,126.987258678623,http://place.map.kakao.com/637252268,숙명여대 문
7813439,숙명여자대학교,1887904918,파란문케어,"서비스,산업 > 전문대행 > 컨설팅",37.5272725895793,126.965305052893,http://place.map.kakao.com/1887904918,숙명여대 문
7813439,숙명여자대학교,1266947265,서울 브라이덜샤워 한강뷰 파티 룸 리버문 스튜디오,"서비스,산업 > 전문대행 > 공간대여",37.5311191092559,126.955044045933,http://place.map.kakao.com/1266947265,숙명여대 문
7813439,숙명여자대학교,1005294644,상하이짬뽕,음식점 > 중식 > 중국요리,37.5288473051889,126.964512391476,http://place.map.kakao.com/1005294644,숙명여대 문
7813439,숙명여자대학교,1113986593,신한 숙명여자대학교 ATM 숙대정문앞,"금융,보험 > 금융서비스 > 은행 > ATM",37.54544930490055,126.96507031420467,http://place.map.kakao.com/1113986593,숙명여자대 게이트
11244281,한국외국어대학교 서울캠퍼스,26397117,경희대학교 정문,"교통,수송 > 입출구",37.5938315697917,127.052697920723,http://place.map.kakao.com/26397117,한국외국어대학교 게이트
11244281,한국외국어대학교 서울캠퍼스,536324711,래미안라그란데아파트 게이트2,"교통,수송 > 입출구",37.599768851645,127.060719531634,http://place.map.kakao.com/536324711,한국외국어대학교 게이트
11244281,한국외국어대학교 서울캠퍼스,1045137873,래미안라그란데아파트 게이트1,"교통,수송 > 입출구",37.60310501925855,127.06110727778606,http://place.map.kakao.com/1045137873,한국외국어대학교 게이트
11244281,한국외국어대학교 서울캠퍼스,186594796,경희대학교 후문,"교통,수송 > 입출구",37.5981142355862,127.05412773906,http://place.map.kakao.com/186594796,한국외국어대학교 게이트
11244281,한국외국어대학교 서울캠퍼스,355663192,래미안라그란데아파트 게이트5,"교통,수송 > 입출구",37.5985489373759,127.058887472186,http://place.map.kakao.com/355663192,한국외국어대학교 게이트
11244281,한국외국어대학교 서울캠퍼스,124606080,래미안라그란데아파트 게이트3,"교통,수송 > 입출구",37.6004229057925,127.059072400295,http://place.map.kakao.com/124606080,한국외국어대학교 게이트
11244281,한국외국어대학교 서울캠퍼스,1443531489,래미안라그란데아파트 게이트4,"교통,수송 > 입출구",37.5995193587653,127.060560792787,http://place.map.kakao.com/1443531489,한국외국어대학교 게이트
11244281,한국외국어대학교 서울캠퍼스,790938502,이문쌍용아파트 정문,"교통,수송 > 입출구",37.5991966457134,127.069053499257,http://place.map.kakao.com/790938502,한국외국어대학교 게이트
11244281,한국외국어대학교 서울캠퍼스,137156823,이문아이파크자이아파트 2단지 정문,"교통,수송 > 입출구",37.5985669155017,127.064153082247,http://place.map.kakao.com/137156823,한국외국어대학교 게이트
11244281,한국외국어대학교 서울캠퍼스,1220652183,휘경자이디센시아아파트 정문,"교통,수송 > 입출구",37.5939020513347,127.063285120747,http://place.map.kakao.com/1220652183,한국외국어대학교 게이트
11244281,한국외국어대학교 서울캠퍼스,27384930,한국외대정문,"교통,수송 > 입출구",37.5965021772992,127.060096346596,http://place.map.kakao.com/27384930,한국외국어대학교 게이트
11244281,한국외국어대학교 서울캠퍼스,2009989067,이문아이파크자이아파트 1단지 정문,"교통,수송 > 입출구",37.5981679688244,127.063798304729,http://place.map.kakao.com/2009989067,한국외국어대학교 게이트
11244281,한국외국어대학교 서울캠퍼스,2143884454,휘경자이디센시아아파트 후문,"교통,수송 > 입출구",37.592307107959,127.063634780463,http://place.map.kakao.com/2143884454,한국외국어대학교 게이트
11244281,한국외국어대학교 서울캠퍼스,1891018401,이문아이파크자이아파트 1단지 후문,"교통,수송 > 입출구",37.5962451042884,127.062392547736,http://place.map.kakao.com/1891018401,한국외국어대학교 게이트
11244281,한국외국어대학교 서울캠퍼스,962940394,프린트카페 외대후문점,"서비스,산업 > 인쇄,복사",37.59886747059,127.057910469983,http://place.map.kakao.com/962940394,한국외국어대학교 게이트
11244281,한국외국어대학교 서울캠퍼스,1390155690,래미안이문2차아파트 정문,"교통,수송 > 입출구",37.5937285243427,127.05910673921,http://place.map.kakao.com/1390155690,한국외국어대학교 게이트
11244281,한국외국어대학교 서울캠퍼스,193241218,경희대학교 남문,"교통,수송 > 입출구",37.5945543473825,127.056208639286,http://place.map.kakao.com/193241218,한국외국어대학교 게이트
11244281,한국외국어대학교 서울캠퍼스,1435351662,서울시립대학교 정문,"교통,수송 > 입출구",37.5834771622868,127.055113438416,http://place.map.kakao.com/1435351662,한국외국어대학교 게이트
11244281,한국외국어대학교 서울캠퍼스,1563628359,래미안아트리치아파트 정문,"교통,수송 > 입출구",37.6066667304378,127.06263907854,http://place.map.kakao.com/1563628359,한국외국어대학교 게이트
11244281,한국외국어대학교 서울캠퍼스,346634332,전담 GATE 경희대점,"서비스,산업 > 식품 > 담배",37.5917224524691,127.052463183324,http://place.map.kakao.com/346634332,한국외국어대학교 게이트
11244281,한국외국어대학교 서울캠퍼스,20576679,삼육서울병원 정문주차장,"교통,수송 > 교통시설 > 주차장",37.58945859451551,127.06284431048113,http://place.map.kakao.com/20576679,한국외국어대학교 게이트
11244281,한국외국어대학교 서울캠퍼스,26896071,서울시립대학교 후문,"교통,수송 > 입출구",37.58521140994416,127.06094546401724,http://place.map.kakao.com/26896071,한국외국어대학교 게이트
11244281,한국외국어대학교 서울캠퍼스,27853236,신현대아파트 정문,"교통,수송 > 입출구",37.5891635290163,127.052700290591,http://place.map.kakao.com/27853236,한국외국어대학교 게이트
11244281,한국외국어대학교 서울캠퍼스,1281331983,이문아이파크자이아파트 2단지 후문,"교통,수송 > 입출구",37.600766962919,127.064468651513,http://place.map.kakao.com/1281331983,한국외국어대학교 게이트
11244281,한국외국어대학교 서울캠퍼스,1814495982,휘경롯데낙천대아파트 정문,"교통,수송 > 입출구",37.5923234565011,127.065047894289,http://place.map.kakao.com/1814495982,한국외국어대학교 게이트
11244281,한국외국어대학교 서울캠퍼스,134576252,이문삼익아파트 북문,"교통,수송 > 입출구",37.5964929343978,127.067210924191,http://place.map.kakao.com/134576252,한국외국어대학교 게이트
11244281,한국외국어대학교 서울캠퍼스,225636290,프린트카페 경희대정문점,"서비스,산업 > 인쇄,복사",37.59161587342018,127.05501753427863,http://place.map.kakao.com/225636290,한국외국어대학교 게이트
11244281,한국외국어대학교 서울캠퍼스,825389687,래미안아트리치아파트 후문,"교통,수송 > 입출구",37.60622489784135,127.0649490126888,http://place.map.kakao.com/825389687,한국외국어대학교 게이트
11244281,한국외국어대학교 서울캠퍼스,820424802,빨간대문,"음식점 > 일식 > 돈까스,우동",37.58569260653839,127.0608167865352,http://place.map.kakao.com/820424802,한국외국어대학교 게이트
11244281,한국외국어대학교 서울캠퍼스,247242075,제이엔터 경희대정문점,"서비스,산업 > 전문대행 > 공간대여",37.5913010000209,127.053991460294,http://place.map.kakao.com/247242075,한국외국어대학교 게이트
11244281,한국외국어대학교 서울캠퍼스,1900627195,한국과학기술연구원 북문,"교통,수송 > 입출구",37.6042175699009,127.045534434212,http://place.map.kakao.com/1900627195,한국외국어대학교 게이트
11244281,한국외국어대학교 서울캠퍼스,1900157257,이문e편한세상아파트 후문,"교통,수송 > 입출구",37.60531716493,127.064098857056,http://place.map.kakao.com/1900157257,한국외국어대학교 게이트
11244281,한국외국어대학교 서울캠퍼스,373955450,판도라 경희정문약국점,"가정,생활 > 드럭스토어",37.5935287576798,127.052874347539,http://place.map.kakao.com/373955450,한국외국어대학교 게이트
11244281,한국외국어대학교 서울캠퍼스,1189813599,융기방화문,"서비스,산업 > 건설,건축 > 건설자재",37.6076802970666,127.049457344625,http://place.map.kakao.com/1189813599,한국외국어대학교 게이트
11244281,한국외국어대학교 서울캠퍼스,638768484,시조사 정문,"교통,수송 > 입출구",37.5887398774826,127.053113258525,http://place.map.kakao.com/638768484,한국외국어대학교 게이트
11244281,한국외국어대학교 서울캠퍼스,1017302941,브라운스톤휘경아파트 후문,"교통,수송 > 입출구",37.590463532433,127.065547868224,http://place.map.kakao.com/1017302941,한국외국어대학교 게이트
11244281,한국외국어대학교 서울캠퍼스,1791510231,래미안석관아파트 정문,"교통,수송 > 입출구",37.6080252106611,127.05394805303,http://place.map.kakao.com/1791510231,한국외국어대학교 게이트
11244281,한국외국어대학교 서울캠퍼스,17008659,게이트맨 동대문점,"가정,생활 > 생활용품점 > 열쇠,도장",37.5820530387715,127.054365178764,http://place.map.kakao.com/17008659,한국외국어대학교 게이트
11244281,한국외국어대학교 서울캠퍼스,403198476,삼육초등학교 후문,"교통,수송 > 입출구",37.5894062601637,127.047601951384,http://place.map.kakao.com/403198476,한국외국어대학교 게이트
11244281,한국외국어대학교 서울캠퍼스,921740083,석관중학교 후문,"교통,수송 > 입출구",37.6081757887686,127.066124012046,http://place.map.kakao.com/921740083,한국외국어대학교 게이트
11244281,한국외국어대학교 서울캠퍼스,1256166357,카페게이트 고려대역점,음식점 > 카페 > 커피전문점 > 카페게이트,37.59106616747106,127.03673092661474,http://place.map.kakao.com/1256166357,한국외국어대학교 게이트
11244281,한국외국어대학교 서울캠퍼스,1967820620,장위자이레디언트아파트 게이트1,"교통,수송 > 입출구",37.6143888169309,127.057916841383,http://place.map.kakao.com/1967820620,한국외국어대학교 게이트
11244281,한국외국어대학교 서울캠퍼스,1581971777,주공아파트 정문,"교통,수송 > 입출구",37.5829610106078,127.068639983595,http://place.map.kakao.com/1581971777,한국외국어대학교 게이트
11244281,한국외국어대학교 서울캠퍼스,657726338,래미안라센트아파트 정문,"교통,수송 > 입출구",37.5992265186196,127.039307742306,http://place.map.kakao.com/657726338,한국외국어대학교 게이트
11244281,한국외국어대학교 서울캠퍼스,1972191955,월곡래미안루나밸리아파트 정문,"교통,수송 > 입출구",37.6000230801872,127.041683954154,http://place.map.kakao.com/1972191955,한국외국어대학교 게이트
11244281,한국외국어대학교 서울캠퍼스,1243961672,한국과학기술연구원 쪽문,"교통,수송 > 입출구",37.60134874681516,127.04332671505159,http://place.map.kakao.com/1243961672,한국외국어대학교 gate
11244281,한국외국어대학교 서울캠퍼스,380021007,리버센SKVIEW롯데캐슬아파트 후문,"교통,수송 > 입출구",37.6028152733369,127.074566215795,http://place.map.kakao.com/380021007,한국외국어대학교 gate
11244281,한국외국어대학교 서울캠퍼스,1161895632,국립산림과학원 정문,"교통,수송 > 입출구",37.591440803427,127.042617825784,http://place.map.kakao.com/1161895632,한국외국어대학교 gate
11244281,한국외국어대학교 서울캠퍼스,690386838,리버센SKVIEW롯데캐슬아파트 정문,"교통,수송 > 입출구",37.6027891514203,127.077355414371,http://place.map.kakao.com/690386838,한국외국어대학교 gate
11244281,한국외국어대학교 서울캠퍼스,1411706418,묵동아이파크아파트 정문,"교통,수송 > 입출구",37.6102403261785,127.073130742807,http://place.map.kakao.com/1411706418,한국외국어대학교 gate
11244281,한국외국어대학교 서울캠퍼스,27337727,고려대학교 서울캠퍼스 정문,"교통,수송 > 입출구",37.58815247199953,127.03424727911144,http://place.map.kakao.com/27337727,한국외국어대학교 gate
11244281,한국외국어대학교 서울캠퍼스,1921733296,KAIST 서울캠퍼스 중문,"교통,수송 > 입출구",37.5913978228737,127.041871630289,http://place.map.kakao.com/1921733296,한국외국어대학교 gate
11244281,한국외국어대학교 서울캠퍼스,527938456,석관동삼성아파트 정문,"교통,수송 > 입출구",37.6100193676995,127.065847034494,http://place.map.kakao.com/527938456,한국외국어대학교 gate
11244281,한국외국어대학교 서울캠퍼스,1054228410,월곡두산위브아파트 후문,"교통,수송 > 입출구",37.6061629106599,127.040294403354,http://place.map.kakao.com/1054228410,한국외국어대학교 gate
11244281,한국외국어대학교 서울캠퍼스,1130521703,서울월곡초등학교 후문,"교통,수송 > 입출구",37.6106666873956,127.045963079457,http://place.map.kakao.com/1130521703,한국외국어대학교 gate
11244281,한국외국어대학교 서울캠퍼스,2042277440,빅문,음식점 > 양식,37.5926299873215,127.055875429116,http://place.map.kakao.com/2042277440,한국외대 문
11244281,한국외국어대학교 서울캠퍼스,607717652,외대이문바른정형외과의원,"의료,건강 > 병원 > 정형외과",37.5957329594685,127.061402452106,http://place.map.kakao.com/607717652,한국외대 문
11244281,한국외국어대학교 서울캠퍼스,26969775,문미용실,"가정,생활 > 미용 > 미용실",37.603778789229,127.066425885491,http://place.map.kakao.com/26969775,한국외대 문
11244281,한국외국어대학교 서울캠퍼스,621132735,오버더문꽃집,"가정,생활 > 꽃집,꽃배달",37.6083018985296,127.05940140317564,http://place.map.kakao.com/621132735,한국외대 문
11244281,한국외국어대학교 서울캠퍼스,92276873,문밸리,음식점 > 양식,37.6040606262464,127.043602345473,http://place.map.kakao.com/92276873,한국외대 문
11244281,한국외국어대학교 서울캠퍼스,1269569358,희망부동산이문아이파크자이래미안라그란데공인중개사사무소,부동산 > 부동산서비스 > 부동산중개업,37.59652262742182,127.06235880880205,http://place.map.kakao.com/1269569358,한국외대 문
11244281,한국외국어대학교 서울캠퍼스,27280849,열린문교회,"문화,예술 > 종교 > 기독교 > 교회",37.59741218823,127.081159135531,http://place.map.kakao.com/27280849,한국외대 문
11244281,한국외국어대학교 서울캠퍼스,1156705583,샵자동문,"서비스,산업 > 제조업 > 전기,전자 > 자동화장치",37.5909529012061,127.073002036065,http://place.map.kakao.com/1156705583,한국외대 문
11244281,한국외국어대학교 서울캠퍼스,9256456,열린문사회복지센터,"사회,공공기관 > 단체,협회 > 사회복지시설",37.6033775973348,127.074398040667,http://place.map.kakao.com/9256456,한국외대 문
11244281,한국외국어대학교 서울캠퍼스,2003274857,JW자동문,"서비스,산업 > 건설,건축 > 인테리어",37.5916418528575,127.076336144867,http://place.map.kakao.com/2003274857,한국외대 문
11244281,한국외국어대학교 서울캠퍼스,991882216,현대자동문 은우테크,"서비스,산업 > 건설,건축 > 시공업체 > 유리,창호시공",37.590290268992945,127.07648422283131,http://place.map.kakao.com/991882216,한국외대 문
11244281,한국외국어대학교 서울캠퍼스,7875289,문비뇨기과의원,"의료,건강 > 병원 > 비뇨기과",37.6149271400738,127.064052738696,http://place.map.kakao.com/7875289,한국외대 문
11244281,한국외국어대학교 서울캠퍼스,9308461,열린문배움터,"교육,학문 > 학교부속시설",37.6033667911709,127.074388970235,http://place.map.kakao.com/9308461,한국외대 문
11244281,한국외국어대학교 서울캠퍼스,1757451249,문디자인,"서비스,산업 > 건설,건축 > 인테리어",37.6000526524487,127.036743270922,http://place.map.kakao.com/1757451249,한국외대 문
11244281,한국외국어대학교 서울캠퍼스,401581722,도서출판샘문,"문화,예술 > 도서 > 출판사 > 잡지사,정기간행물출판",37.58895657198204,127.07683611711246,http://place.map.kakao.com/401581722,한국외대 문
11244281,한국외국어대학교 서울캠퍼스,27102657,자동문백화점,"서비스,산업 > 건설,건축 > 건설자재",37.5978671280886,127.079927605139,http://place.map.kakao.com/27102657,한국외대 문
11244281,한국외국어대학교 서울캠퍼스,883234761,열린문교회,"문화,예술 > 종교 > 기독교 > 교회",37.5900197453834,127.083466572386,http://place.map.kakao.com/883234761,한국외대 문
11244281,한국외국어대학교 서울캠퍼스,26046708,에이치아이차고문,"서비스,산업 > 제조업",37.6169443102254,127.059147764875,http://place.map.kakao.com/26046708,한국외대 문
11244281,한국외국어대학교 서울캠퍼스,20524849,열린문교회,"문화,예술 > 종교 > 기독교 > 교회",37.6157251518428,127.053750871767,http://place.map.kakao.com/20524849,한국외대 문
11244281,한국외국어대학교 서울캠퍼스,8032866,서울자동문,"서비스,산업 > 건설,건축 > 시공업체 > 산업설비시공",37.5757430442681,127.067256796566,http://place.map.kakao.com/8032866,한국외대 문
11244281,한국외국어대학교 서울캠퍼스,8336590,문스튜디오,"문화,예술 > 사진 > 사진관,포토스튜디오",37.6229173464522,127.048409443711,http://place.map.kakao.com/8336590,한국외대 문
11244281,한국외국어대학교 서울캠퍼스,1607176959,포포문비스트로,음식점 > 양식,37.57970919631214,127.03938351907664,http://place.map.kakao.com/1607176959,한국외대 문
11244281,한국외국어대학교 서울캠퍼스,911149456,캡틴자동문,"서비스,산업 > 건설,건축 > 시공업체 > 유리,창호시공",37.5832057994195,127.030807033079,http://place.map.kakao.com/911149456,한국외대 문
11244281,한국외국어대학교 서울캠퍼스,1297031572,지혜문,"문화,예술 > 도서 > 출판사",37.5867809744012,127.036964320068,http://place.map.kakao.com/1297031572,한국외대 문
11244281,한국외국어대학교 서울캠퍼스,25867874,신흥자동문,"서비스,산업 > 건설,건축 > 인테리어",37.6007261178144,127.083617819224,http://place.map.kakao.com/25867874,한국외대 문
11244281,한국외국어대학교 서울캠퍼스,845726101,블루문헤어살롱,"가정,생활 > 미용 > 미용실",37.5943395828769,127.086549048201,http://place.map.kakao.com/845726101,한국외대 문
11244281,한국외국어대학교 서울캠퍼스,636821672,상길례문화공원,여행 > 공원 > 도시근린공원,37.6196786008141,127.045376221336,http://place.map.kakao.com/636821672,한국외대 문
11244281,한국외국어대학교 서울캠퍼스,925321262,문테리어,음식점 > 카페,37.577222548055,127.048779464206,http://place.map.kakao.com/925321262,한국외대 문
11244281,한국외국어대학교 서울캠퍼스,670146170,문헤어,"가정,생활 > 미용 > 미용실",37.6161027468659,127.079198437409,http://place.map.kakao.com/670146170,한국외대 문
11244281,한국외국어대학교 서울캠퍼스,113052724,신속열쇠24시출장현관문디지털도어락 설치,"가정,생활 > 생활용품점 > 열쇠",37.6070998918954,127.078108471112,http://place.map.kakao.com/113052724,한국외대 문
11244281,한국외국어대학교 서울캠퍼스,1328760609,네일 문,"가정,생활 > 미용",37.5952029944838,127.087416284515,http://place.map.kakao.com/1328760609,한국외대 문
11244281,한국외국어대학교 서울캠퍼스,389908158,문 아이스 방구 크림 장곡초점,"가정,생활 > 식품판매",37.6167468678848,127.047458537638,http://place.map.kakao.com/389908158,한국외대 문
11244281,한국외국어대학교 서울캠퍼스,1664187393,토토자동문대리점 스마트홈,"서비스,산업 > 제조업 > 전기,전자 > 보안제품",37.5867691083114,127.081976354364,http://place.map.kakao.com/1664187393,한국외대 문
11244281,한국외국어대학교 서울캠퍼스,24530016,대한불교진각종 진각문화전승원,"문화,예술 > 종교 > 불교 > 절,사찰",37.6047850318743,127.041063746891,http://place.map.kakao.com/24530016,한국외대 문
11244281,한국외국어대학교 서울캠퍼스,27557132,KT 오천만인문 전농점,"서비스,산업 > 정보통신 > KT > KT대리점",37.57850079405108,127.0573829914686,http://place.map.kakao.com/27557132,한국외대 문
11244281,한국외국어대학교 서울캠퍼스,1042302426,리바트집테리어 문테리어,"서비스,산업 > 건설,건축 > 인테리어 > 리바트집테리어",37.577222548055,127.04877946420592,http://place.map.kakao.com/1042302426,한국외대 문
11244281,한국외국어대학교 서울캠퍼스,72726095,스타투 빙커피전문점,음식점 > 카페,37.62107767869969,127.07414835191871,http://place.map.kakao.com/72726095,한국외대 문
11244281,한국외국어대학교 서울캠퍼스,8765752,고려대학교 서울캠퍼스 정문수위실,"교육,학문 > 학교부속시설",37.58854321081578,127.03432934973377,http://place.map.kakao.com/8765752,외대 서울캠퍼스 게이트
11244281,한국외국어대학교 서울캠퍼스,12810655,고려대학교 서울캠퍼스 후문,"교통,수송 > 입출구",37.5909234976879,127.031585819286,http://place.map.kakao.com/12810655,외대 서울캠퍼스 게이트
11272875,한성대학교,8638884,흥인지문,"여행 > 관광,명소 > 문화유적 > 문",37.571141513487,127.009571946966,http://place.map.kakao.com/8638884,한성대학교 게이트
11272875,한성대학교,1818106432,게이트,음식점 > 술집,37.5720266527081,127.014795036333,http://place.map.kakao.com/1818106432,한성대학교 게이트
11272875,한성대학교,1970014839,동묘문,음식점 > 중식,37.571690583235714,127.01478138610085,http://place.map.kakao.com/1970014839,한성대학교 게이트
11272875,한성대학교,285654126,판타게이트,"서비스,산업 > 인터넷,IT > 소프트웨어",37.582660671266495,127.01022893379177,http://place.map.kakao.com/285654126,한성대학교 게이트
11272875,한성대학교,1627522015,삼선푸르지오아파트 정문,"교통,수송 > 입출구",37.5843479206725,127.013344899129,http://place.map.kakao.com/1627522015,한성대학교 게이트
11272875,한성대학교,425186218,종로센트레빌아파트 정문,"교통,수송 > 입출구",37.5797236801173,127.016084890104,http://place.map.kakao.com/425186218,한성대학교 게이트
11272875,한성대학교,29263364,전담GATE 대학로점,"서비스,산업 > 식품 > 담배 > 전자담배",37.5832044131478,127.00028869918,http://place.map.kakao.com/29263364,한성대학교 게이트
11272875,한성대학교,8028879,창경궁 월근문,"여행 > 관광,명소 > 문화유적 > 문",37.581402377964,126.996617206441,http://place.map.kakao.com/8028879,한성대학교 게이트
11272875,한성대학교,1146029540,보문파크뷰자이아파트 정문,"교통,수송 > 입출구",37.5806766804553,127.017833081235,http://place.map.kakao.com/1146029540,한성대학교 게이트
11272875,한성대학교,687079444,한성대학교 남문,"교통,수송 > 입출구",37.5811424451233,127.010811769121,http://place.map.kakao.com/687079444,한성대학교 게이트
11272875,한성대학교,117042694,성균관대학교 인문사회과학캠퍼스 정문,"교통,수송 > 입출구",37.5850002309339,126.996838384994,http://place.map.kakao.com/117042694,한성대학교 게이트
11272875,한성대학교,2009442075,서울대학교병원 후문,"교통,수송 > 입출구",37.5799644239191,127.001969861978,http://place.map.kakao.com/2009442075,한성대학교 게이트
11272875,한성대학교,15295317,아트포럼뉴게이트,"문화,예술 > 문화시설 > 미술관",37.5828908675135,127.000258129949,http://place.map.kakao.com/15295317,한성대학교 게이트
11272875,한성대학교,1065420380,게이트리스,"가정,생활 > 통신판매 > 인터넷쇼핑몰",37.5827013137381,127.022516120063,http://place.map.kakao.com/1065420380,한성대학교 게이트
11272875,한성대학교,1123186505,프린트카페 성균관대정문점,"서비스,산업 > 인쇄,복사",37.5836981442457,126.998206656779,http://place.map.kakao.com/1123186505,한성대학교 게이트
11272875,한성대학교,424760688,종로센트레빌아파트 후문,"교통,수송 > 입출구",37.5816582150576,127.015323382653,http://place.map.kakao.com/424760688,한성대학교 게이트
11272875,한성대학교,1850785358,골드게이트,"가정,생활 > 패션 > 보석,귀금속",37.57091930544608,126.99655542240869,http://place.map.kakao.com/1850785358,한성대학교 게이트
11272875,한성대학교,900488651,광장시장 동문,"교통,수송 > 입출구",37.5703778448469,127.001729634064,http://place.map.kakao.com/900488651,한성대학교 게이트
11272875,한성대학교,172805003,보문파크뷰자이아파트 후문,"교통,수송 > 입출구",37.5801502863029,127.019196012975,http://place.map.kakao.com/172805003,한성대학교 게이트
11272875,한성대학교,8194106,광희문,"여행 > 관광,명소 > 문화유적 > 문",37.564391218075,127.00999666591,http://place.map.kakao.com/8194106,한성대학교 게이트
11272875,한성대학교,8016331,오간수문지,"여행 > 관광,명소 > 문화유적 > 유적지",37.5697899771194,127.010092471263,http://place.map.kakao.com/8016331,한성대학교 게이트
11272875,한성대학교,370224713,종묘 북신문,"여행 > 관광,명소 > 문화유적 > 문",37.57690455042833,126.99481517317888,http://place.map.kakao.com/370224713,한성대학교 게이트
11272875,한성대학교,26396794,서울대학교병원 정문,"교통,수송 > 입출구",37.5770596068084,126.997405317092,http://place.map.kakao.com/26396794,한성대학교 게이트
11272875,한성대학교,8233299,창경궁 과학의문,"여행 > 관광,명소 > 문화유적 > 문",37.5822348900427,126.996413383759,http://place.map.kakao.com/8233299,한성대학교 게이트
11272875,한성대학교,7873647,창경궁 명정문,"여행 > 관광,명소 > 문화유적 > 문",37.5788435264443,126.995725237171,http://place.map.kakao.com/7873647,한성대학교 게이트
11272875,한성대학교,282772327,패션게이트,"서비스,산업 > 제조업 > 섬유",37.5708190679478,127.008091293989,http://place.map.kakao.com/282772327,한성대학교 게이트
11272875,한성대학교,17578525,창경궁 함양문,"여행 > 관광,명소 > 문화유적 > 문",37.5795236515318,126.99308061756884,http://place.map.kakao.com/17578525,한성대학교 게이트
11272875,한성대학교,1181142078,e편한세상보문1단지아파트 후문,"교통,수송 > 입출구",37.58357449693901,127.0163030931668,http://place.map.kakao.com/1181142078,한성대학교 게이트
11272875,한성대학교,27425368,서울효제초등학교 후문,"교통,수송 > 입출구",37.5732718145745,127.003047352795,http://place.map.kakao.com/27425368,한성대학교 게이트
11272875,한성대학교,7945154,창경궁 선인문,"여행 > 관광,명소 > 문화유적 > 문",37.5778128202593,126.996694349734,http://place.map.kakao.com/7945154,한성대학교 게이트
11272875,한성대학교,457781282,경신고등학교 후문,"교통,수송 > 입출구",37.5913322557512,127.001791261831,http://place.map.kakao.com/457781282,한성대학교 게이트
11272875,한성대학교,1148185088,성신여자대학교 돈암수정캠퍼스 중문,"교통,수송 > 입출구",37.590898620551144,127.02212455934625,http://place.map.kakao.com/1148185088,한성대학교 게이트
11272875,한성대학교,1098482310,게이트31,"가정,생활 > 패션 > 의류판매",37.5685140482165,127.011401943567,http://place.map.kakao.com/1098482310,한성대학교 게이트
11272875,한성대학교,985241536,글라스타안경 성균관대정문앞점,"가정,생활 > 패션 > 패션잡화점 > 안경,렌즈",37.5847216574716,126.997395993763,http://place.map.kakao.com/985241536,한성대학교 게이트
11272875,한성대학교,18093911,성균관대학교 후문,"교통,수송 > 입출구",37.5892983133587,126.990086054512,http://place.map.kakao.com/18093911,한성대학교 게이트
11272875,한성대학교,8023892,종묘 외대문,"여행 > 관광,명소 > 문화유적 > 문",37.5721292686522,126.994598162936,http://place.map.kakao.com/8023892,한성대학교 게이트
11272875,한성대학교,1203810267,래미안엘리니티아파트 정문,"교통,수송 > 입출구",37.57888533553471,127.02798861744166,http://place.map.kakao.com/1203810267,한성대학교 게이트
11272875,한성대학교,1383518559,서울동구고등학교 후문,"교통,수송 > 입출구",37.5931465730501,127.008333759244,http://place.map.kakao.com/1383518559,한성대학교 게이트
11272875,한성대학교,1629922481,한신한진아파트 후문,"교통,수송 > 입출구",37.5950462803216,127.013556291008,http://place.map.kakao.com/1629922481,한성대학교 게이트
11272875,한성대학교,25754176,동대문디자인플라자 이간수문전시장,"문화,예술 > 문화시설 > 전시관",37.5680203522575,127.010875523754,http://place.map.kakao.com/25754176,한성대학교 게이트
11272875,한성대학교,942123983,광장시장 서문,"교통,수송 > 입출구",37.570161603164,126.998089257945,http://place.map.kakao.com/942123983,한성대학교 게이트
11272875,한성대학교,27254919,광장시장 북2문,"교통,수송 > 입출구",37.5707238387684,127.000475425175,http://place.map.kakao.com/27254919,한성대학교 게이트
11272875,한성대학교,18983409,창경궁 집춘문,"여행 > 관광,명소 > 문화유적 > 문",37.5841341432093,126.995253952889,http://place.map.kakao.com/18983409,한성대학교 게이트
11272875,한성대학교,1421090993,영춘문,"여행 > 관광,명소 > 문화유적 > 문",37.5825744449154,126.99358753578,http://place.map.kakao.com/1421090993,한성대학교 게이트
11272875,한성대학교,881642002,밤새출력 성균관대정문점,"서비스,산업 > 인쇄,복사",37.5852622496367,126.997232940319,http://place.map.kakao.com/881642002,한성대학교 게이트
11272875,한성대학교,26396925,성신여자대학교 돈암수정캠퍼스 후문,"교통,수송 > 입출구",37.58972730081695,127.02228272795851,http://place.map.kakao.com/26396925,한성대학교 gate
11272875,한성대학교,1545173796,서울풍물시장 후문,"교통,수송 > 입출구",37.5733808957001,127.025162205112,http://place.map.kakao.com/1545173796,한성대학교 gate
11272875,한성대학교,772586286,용문고등학교 후문,"교통,수송 > 입출구",37.5884201544401,127.025758292413,http://place.map.kakao.com/772586286,한성대학교 gate
11272875,한성대학교,1358559046,홍익대학교사범대학 부속고등학교 후문,"교통,수송 > 입출구",37.5950289781094,127.003791050107,http://place.map.kakao.com/1358559046,한성대학교 gate
11272875,한성대학교,391618469,광장시장 남1문,"교통,수송 > 입출구",37.5698012117878,127.001430785735,http://place.map.kakao.com/391618469,한성대학교 gate
11272875,한성대학교,1364021540,경신중학교 후문,"교통,수송 > 입출구",37.5913241458011,127.001856933682,http://place.map.kakao.com/1364021540,한성대학교 gate
11272875,한성대학교,2118374337,래미안안암아파트 후문,"교통,수송 > 입출구",37.5888644724286,127.025161755396,http://place.map.kakao.com/2118374337,한성대학교 gate
11272875,한성대학교,1305579219,광장시장 남2문,"교통,수송 > 입출구",37.5696174168277,127.000362223347,http://place.map.kakao.com/1305579219,한성대학교 gate
11272875,한성대학교,966544243,중부시장 1문,"교통,수송 > 입출구",37.5666261112491,127.000303349922,http://place.map.kakao.com/966544243,한성대학교 gate
11272875,한성대학교,257766416,광장시장 북문,"교통,수송 > 입출구",37.5706355397427,126.999241584545,http://place.map.kakao.com/257766416,한성대학교 gate
11272875,한성대학교,1888307060,돈암브라운스톤아파트 정문,"교통,수송 > 입출구",37.59910286382341,127.01790881901711,http://place.map.kakao.com/1888307060,한성대학교 gate
11272875,한성대학교,1471031688,중부건어물시장 7문,"교통,수송 > 입출구",37.5655151644709,127.00212228603,http://place.map.kakao.com/1471031688,한성대학교 gate
11272875,한성대학교,27337727,고려대학교 서울캠퍼스 정문,"교통,수송 > 입출구",37.58815247199953,127.03424727911144,http://place.map.kakao.com/27337727,한성대학교 gate
11272875,한성대학교,1983433673,돈암코오롱하늘채아파트 후문,"교통,수송 > 입출구",37.5991415119745,127.011416807283,http://place.map.kakao.com/1983433673,한성대학교 gate
11272875,한성대학교,17569302,고려대학교 정경관후문,"교통,수송 > 입출구",37.5868333780378,127.030107690954,http://place.map.kakao.com/17569302,한성대학교 gate
11272875,한성대학교,929287366,e편한세상청계센트럴포레아파트 정문,"교통,수송 > 입출구",37.5724158768239,127.029299304905,http://place.map.kakao.com/929287366,한성대학교 gate
11272875,한성대학교,1191799796,래미안엘리니티아파트 후문,"교통,수송 > 입출구",37.5800008393534,127.027677706105,http://place.map.kakao.com/1191799796,한성대학교 gate
11272875,한성대학교,24582622,삼일교 진출입 계단 7번,"교통,수송 > 입출구",37.5682075854278,126.987376754328,http://place.map.kakao.com/24582622,한성대학교 gate
11272875,한성대학교,792285301,광장시장 남3문,"교통,수송 > 입출구",37.5694228006309,126.999361583013,http://place.map.kakao.com/792285301,한성대학교 gate
11272875,한성대학교,1876556792,광장시장 북1문,"교통,수송 > 입출구",37.5706202227402,126.999228001142,http://place.map.kakao.com/1876556792,한성대학교 gate
11272875,한성대학교,1112351121,텐즈힐2단지아파트 정문,"교통,수송 > 입출구",37.57031918958096,127.02574073785013,http://place.map.kakao.com/1112351121,한성대학교 gate
11272875,한성대학교,1045105981,고려대학교 의과대학 후문,"교통,수송 > 입출구",37.5880714049665,127.026055948019,http://place.map.kakao.com/1045105981,한성대학교 gate
11272875,한성대학교,772664530,용문중학교 후문,"교통,수송 > 입출구",37.5884201544401,127.025758292413,http://place.map.kakao.com/772664530,한성대학교 gate
11272875,한성대학교,643837681,동대문디자인플라자 동문,"교통,수송 > 입출구",37.5679049904524,127.011242249721,http://place.map.kakao.com/643837681,한성대학교 gate
11272875,한성대학교,1622962699,서울광희초등학교 후문,"교통,수송 > 입출구",37.5679108374446,127.015329621392,http://place.map.kakao.com/1622962699,한성대학교 gate
11272875,한성대학교,396212923,문,"가정,생활 > 패션 > 의류판매",37.5674047494528,127.013071348319,http://place.map.kakao.com/396212923,한성대 문
11272875,한성대학교,1939309103,문,음식점 > 술집,37.5662151276725,126.99446389435,http://place.map.kakao.com/1939309103,한성대 문
11272875,한성대학교,20741131,문미용실,"가정,생활 > 미용 > 미용실",37.5749183447104,127.01116179794,http://place.map.kakao.com/20741131,한성대 문
11272875,한성대학교,1516730952,상상의문 대학로점,음식점 > 카페 > 테마카페,37.5841162160183,127.000803838893,http://place.map.kakao.com/1516730952,한성대 문
11272875,한성대학교,348507504,문아트서울,"교통,수송 > 운송",37.5867277605385,127.010158161267,http://place.map.kakao.com/348507504,한성대 문
11272875,한성대학교,387391366,문나인,"가정,생활 > 패션 > 의류판매 > 여성의류",37.5885201870013,127.004483647267,http://place.map.kakao.com/387391366,한성대 문
11272875,한성대학교,1469506752,블루문연습실,"서비스,산업 > 전문대행 > 공간대여",37.5900285721064,127.020403271176,http://place.map.kakao.com/1469506752,한성대 문
11272875,한성대학교,20945330,열린문교회,"문화,예술 > 종교 > 기독교 > 교회",37.5719883643772,127.010563673189,http://place.map.kakao.com/20945330,한성대 문
11272875,한성대학교,979307914,문텍스,"서비스,산업 > 제조업 > 섬유 > 직물,원단",37.572352629447884,127.00703418184314,http://place.map.kakao.com/979307914,한성대 문
11272875,한성대학교,1291885540,닥터문심리심상연구소,"의료,건강 > 상담 > 심리상담소",37.5874363747333,127.000875204314,http://place.map.kakao.com/1291885540,한성대 문
11272875,한성대학교,67744449,선담방문요양센터,"사회,공공기관 > 단체,협회 > 사회복지시설 > 노인복지시설",37.5883035945414,127.017788479247,http://place.map.kakao.com/67744449,한성대 문
11272875,한성대학교,781430667,아트씨어터 문,"문화,예술 > 문화시설 > 공연장,연극극장",37.583089048797,126.997022440503,http://place.map.kakao.com/781430667,한성대 문
11272875,한성대학교,344972428,동삼문,"여행 > 관광,명소 > 문화유적 > 문",37.5855316210062,126.996300006702,http://place.map.kakao.com/344972428,한성대 문
11272875,한성대학교,1376395610,오브더문&이쥬뷰티,"가정,생활 > 미용 > 메이크업",37.5912142305622,127.020675340839,http://place.map.kakao.com/1376395610,한성대 문
11272875,한성대학교,1266364786,찰리문연습실,"서비스,산업 > 전문대행 > 공간대여",37.5950099680637,127.015751877081,http://place.map.kakao.com/1266364786,한성대 문
11272875,한성대학교,623776746,이태리문,음식점 > 양식 > 이탈리안,37.56867963715263,126.98673826402447,http://place.map.kakao.com/623776746,한성대 문
11272875,한성대학교,1347606854,금마문,"여행 > 관광,명소 > 문화유적",37.5825537012435,126.993215062252,http://place.map.kakao.com/1347606854,한성대 문
11272875,한성대학교,911149456,캡틴자동문,"서비스,산업 > 건설,건축 > 시공업체 > 유리,창호시공",37.5832057994195,127.030807033079,http://place.map.kakao.com/911149456,한성대 문
11272875,한성대학교,12656961,문퍼니처,"서비스,산업 > 제조업 > 가구",37.5669670491268,127.018445570258,http://place.map.kakao.com/12656961,한성대 문
11272875,한성대학교,27561948,맑은문피부과의원,"의료,건강 > 병원 > 피부과",37.565905146315195,127.02157046158013,http://place.map.kakao.com/27561948,한성대 문
11272875,한성대학교,1176844539,문&러브,"가정,생활 > 패션 > 의류판매",37.596538237926175,127.01427107807311,http://place.map.kakao.com/1176844539,한성대 문
11272875,한성대학교,1900403823,청와대 춘추문1 공영주차장,"교통,수송 > 교통시설 > 주차장 > 공영주차장",37.5843991820403,126.979670724329,http://place.map.kakao.com/1900403823,한성대 문
11272875,한성대학교,852297419,문멘토공인중개사사무소,부동산 > 부동산서비스 > 부동산중개업,37.5673123585134,127.02234170015065,http://place.map.kakao.com/852297419,한성대 문
11272875,한성대학교,35995932,문스토리,"가정,생활 > 패션 > 의류판매",37.5814242046697,126.986723550346,http://place.map.kakao.com/35995932,한성대 문
11272875,한성대학교,1464122754,퍼스널컬러문슬,"서비스,산업 > 전문대행 > 컨설팅",37.5725825238869,126.984867519842,http://place.map.kakao.com/1464122754,한성대 문
11272875,한성대학교,1607176959,포포문비스트로,음식점 > 양식,37.57970919631214,127.03938351907664,http://place.map.kakao.com/1607176959,한성대 문
11272875,한성대학교,370312911,문패션,"서비스,산업 > 제조업 > 섬유 > 의류",37.5619059390461,127.013343158905,http://place.map.kakao.com/370312911,한성대 문
11272875,한성대학교,15654946,블루문스튜디오,"문화,예술 > 사진 > 사진관,포토스튜디오",37.5648126303378,126.9873546897,http://place.map.kakao.com/15654946,한성대 문
11272875,한성대학교,752531600,데이문 스튜디오,"문화,예술 > 사진 > 사진관,포토스튜디오",37.5638438331707,127.000747027993,http://place.map.kakao.com/752531600,한성대 문
11272875,한성대학교,1421193369,하프문스튜디오,"문화,예술 > 사진 > 사진관,포토스튜디오",37.5636348112099,127.020588486594,http://place.map.kakao.com/1421193369,한성대 문
11272875,한성대학교,1297031572,지혜문,"문화,예술 > 도서 > 출판사",37.5867809744012,127.036964320068,http://place.map.kakao.com/1297031572,한성대 문
11272875,한성대학교,362305240,문플라워,"가정,생활 > 꽃집,꽃배달",37.564377460000664,127.02820616693504,http://place.map.kakao.com/362305240,한성대 문
11272875,한성대학교,2098164431,을지로사주타로캐치문,"가정,생활 > 운명감정",37.566343816265714,126.99181637442572,http://place.map.kakao.com/2098164431,한성대 문
11272875,한성대학교,15201441,삼청동 문 (MOON),"가정,생활 > 패션 > 패션잡화점 > 구두,신발",37.5813721058438,126.981251995177,http://place.map.kakao.com/15201441,한성대 문
11272875,한성대학교,2083210002,블루문,"서비스,산업 > 전문대행 > 공간대여 > 모임공간",37.5630688290764,126.994057793433,http://place.map.kakao.com/2083210002,한성대 문
11272875,한성대학교,19071071,문코을지로3가역점,"가정,생활 > 패션 > 의류판매",37.5662869909355,126.990958402294,http://place.map.kakao.com/19071071,한성대 문
11272875,한성대학교,16791979,(재)대한뷸교조계종성륜문화재,"서비스,산업",37.5871960456077,126.980752360368,http://place.map.kakao.com/16791979,한성대 문
11272875,한성대학교,537985303,창덕궁 요금문,"여행 > 관광,명소 > 문화유적 > 문",37.5814307957252,126.989550469752,http://place.map.kakao.com/537985303,한성대 문
11272875,한성대학교,25754174,동대문디자인플라자 갤러리문,"문화,예술 > 문화시설",37.566573262470726,127.0118170557358,http://place.map.kakao.com/25754174,한성대 문
11272875,한성대학교,12898409,창덕궁 어수문,"여행 > 관광,명소 > 문화유적 > 문",37.5818851396982,126.992804158405,http://place.map.kakao.com/12898409,한성대 문
19553259,KAIST 도곡캠퍼스,2051495686,유에스게이트,"서비스,산업 > 전문대행 > 컨설팅",37.48097206639178,127.03934520564921,http://place.map.kakao.com/2051495686,KAIST 게이트
19553259,KAIST 도곡캠퍼스,2035235155,퍼스트게이트,"서비스,산업 > 전문대행 > 컨설팅",37.48452857406569,127.04618758111016,http://place.map.kakao.com/2035235155,KAIST 게이트
19553259,KAIST 도곡캠퍼스,520057386,개포래미안포레스트아파트 정문,"교통,수송 > 입출구",37.48001183758606,127.05260431819389,http://place.map.kakao.com/520057386,KAIST 게이트
19553259,KAIST 도곡캠퍼스,11539830,게이트센터,"서비스,산업 > 전문대행 > 번역,통역",37.4820083970086,127.038830184085,http://place.map.kakao.com/11539830,KAIST 게이트
19553259,KAIST 도곡캠퍼스,1476439016,개포현대6차아파트 정문,"교통,수송 > 입출구",37.4797821570512,127.045938190626,http://place.map.kakao.com/1476439016,KAIST 게이트
19553259,KAIST 도곡캠퍼스,1333247426,역삼럭키아파트 정문,"교통,수송 > 입출구",37.4906860527171,127.041349476381,http://place.map.kakao.com/1333247426,KAIST 게이트
19553259,KAIST 도곡캠퍼스,1964692762,디에이치퍼스티어아이파크아파트 게이트2,"교통,수송 > 입출구",37.4796434828429,127.05803993297,http://place.map.kakao.com/1964692762,KAIST 게이트
19553259,KAIST 도곡캠퍼스,1128531862,디에이치퍼스티어 아이파크아파트 게이트3,"교통,수송 > 입출구",37.4818757802629,127.055117868913,http://place.map.kakao.com/1128531862,KAIST 게이트
19553259,KAIST 도곡캠퍼스,1657902937,도곡렉슬아파트 후문,"교통,수송 > 입출구",37.49424130431483,127.04875936798854,http://place.map.kakao.com/1657902937,KAIST 게이트
19553259,KAIST 도곡캠퍼스,874484589,디에이치퍼스티어아이파크아파트 게이트4,"교통,수송 > 입출구",37.4833462064194,127.057058005264,http://place.map.kakao.com/874484589,KAIST 게이트
19553259,KAIST 도곡캠퍼스,2125882203,개포래미안포레스트아파트 2번게이트,"교통,수송 > 입출구",37.4777444882784,127.05547096114,http://place.map.kakao.com/2125882203,KAIST 게이트
19553259,KAIST 도곡캠퍼스,1597756144,더게이트스파 도곡점,"가정,생활 > 미용 > 피부관리",37.48733840064168,127.05155450719717,http://place.map.kakao.com/1597756144,KAIST 게이트
19553259,KAIST 도곡캠퍼스,930698354,게이트대치어학학원,"교육,학문 > 학원 > 어학원",37.495630061693596,127.05018059360395,http://place.map.kakao.com/930698354,KAIST 게이트
19553259,KAIST 도곡캠퍼스,152227195,경남아파트 정문,"교통,수송 > 입출구",37.4833031037214,127.052871196389,http://place.map.kakao.com/152227195,KAIST 게이트
19553259,KAIST 도곡캠퍼스,1971712660,도곡렉슬아파트 정문,"교통,수송 > 입출구",37.4951035580201,127.052967718194,http://place.map.kakao.com/1971712660,KAIST 게이트
19553259,KAIST 도곡캠퍼스,557121536,서초그랑자이아파트 정문,"교통,수송 > 입출구",37.4882467753069,127.02653797492273,http://place.map.kakao.com/557121536,KAIST 게이트
19553259,KAIST 도곡캠퍼스,1022089062,서울구룡초등학교 후문,"교통,수송 > 입출구",37.4810913625236,127.052342773211,http://place.map.kakao.com/1022089062,KAIST 게이트
19553259,KAIST 도곡캠퍼스,410356030,우성6차아파트 후문,"교통,수송 > 입출구",37.4768137176621,127.055530192143,http://place.map.kakao.com/410356030,KAIST 게이트
19553259,KAIST 도곡캠퍼스,373500637,디에이치퍼스티어아이파크아파트 게이트1,"교통,수송 > 입출구",37.4797877285363,127.057868194645,http://place.map.kakao.com/373500637,KAIST 게이트
19553259,KAIST 도곡캠퍼스,2047964223,디에이치퍼스티어아이파크아파트 게이트5,"교통,수송 > 입출구",37.481026112207296,127.06066854011065,http://place.map.kakao.com/2047964223,KAIST 게이트
19553259,KAIST 도곡캠퍼스,27561053,서울역삼초등학교 정문,"교통,수송 > 입출구",37.4922421432386,127.032543825982,http://place.map.kakao.com/27561053,KAIST 게이트
19553259,KAIST 도곡캠퍼스,764505712,강남세브란스병원 후문,"교통,수송 > 입출구",37.4930658769199,127.045532455546,http://place.map.kakao.com/764505712,KAIST 게이트
19553259,KAIST 도곡캠퍼스,8190874,미니게이트,"서비스,산업 > 인터넷,IT",37.49797864231462,127.03635846346423,http://place.map.kakao.com/8190874,KAIST 게이트
19553259,KAIST 도곡캠퍼스,1109580037,도곡1차아이파크 정문,"교통,수송 > 입출구",37.492228126975,127.04261679889,http://place.map.kakao.com/1109580037,KAIST 게이트
19553259,KAIST 도곡캠퍼스,1515014931,래미안리더스원아파트 정문,"교통,수송 > 입출구",37.4895610038272,127.028018576924,http://place.map.kakao.com/1515014931,KAIST 게이트
19553259,KAIST 도곡캠퍼스,20055715,멀티게이트코리아,"서비스,산업 > 제조업 > 의료용품 > 의료기기제조",37.4937196617542,127.033023926886,http://place.map.kakao.com/20055715,KAIST 게이트
19553259,KAIST 도곡캠퍼스,1179376118,경남아파트 후문,"교통,수송 > 입출구",37.4853514594963,127.055993303505,http://place.map.kakao.com/1179376118,KAIST 게이트
19553259,KAIST 도곡캠퍼스,867376273,디에이치퍼스티어아이파크아파트 게이트6,"교통,수송 > 입출구",37.4802723983606,127.063283005452,http://place.map.kakao.com/867376273,KAIST 게이트
19553259,KAIST 도곡캠퍼스,294399105,래미안블레스티지아파트 정문,"교통,수송 > 입출구",37.4804957569257,127.063453914723,http://place.map.kakao.com/294399105,KAIST 게이트
19553259,KAIST 도곡캠퍼스,17007696,게이트서초어학학원,"교육,학문 > 학원 > 어학원 > 영어학원",37.49012194758586,127.0212128187592,http://place.map.kakao.com/17007696,KAIST 게이트
19553259,KAIST 도곡캠퍼스,169302791,타워팰리스2차아파트 GATE3,"교통,수송 > 입출구",37.48943078947647,127.05499903851319,http://place.map.kakao.com/169302791,KAIST 게이트
19553259,KAIST 도곡캠퍼스,2093236267,서초그랑자이 동문,"교통,수송 > 입출구",37.4894646923766,127.027609214036,http://place.map.kakao.com/2093236267,KAIST 게이트
19553259,KAIST 도곡캠퍼스,1513507353,서초그랑자이정문부동산,부동산 > 부동산서비스 > 부동산중개업,37.4878952253032,127.027227585905,http://place.map.kakao.com/1513507353,KAIST 게이트
19553259,KAIST 도곡캠퍼스,525707528,콜게이트,"서비스,산업 > 인터넷,IT > 소프트웨어",37.4914717862936,127.029072035275,http://place.map.kakao.com/525707528,KAIST 게이트
19553259,KAIST 도곡캠퍼스,1442817339,잉글리쉬게이트,"교육,학문 > 학원 > 어학원 > 영어학원",37.4962782411203,127.034011146016,http://place.map.kakao.com/1442817339,KAIST 게이트
19553259,KAIST 도곡캠퍼스,1451423205,KM파크 강남세브란스 후문주차장,"교통,수송 > 교통시설 > 주차장",37.4932728477161,127.046204273231,http://place.map.kakao.com/1451423205,KAIST 게이트
19553259,KAIST 도곡캠퍼스,1083417370,강남세브란스병원 후문주차장,"교통,수송 > 교통시설 > 주차장",37.4932728477161,127.046204273231,http://place.map.kakao.com/1083417370,KAIST 게이트
19553259,KAIST 도곡캠퍼스,659309794,역삼래미안그레이튼3차아파트 후문,"교통,수송 > 입출구",37.4971776848176,127.048760146245,http://place.map.kakao.com/659309794,KAIST 게이트
19553259,KAIST 도곡캠퍼스,1920531619,래미안도곡카운티아파트 정문,"교통,수송 > 입출구",37.4954107845802,127.050957324965,http://place.map.kakao.com/1920531619,KAIST 게이트
19553259,KAIST 도곡캠퍼스,1233655932,대치아이파크아파트 정문,"교통,수송 > 입출구",37.4950671951696,127.053682371828,http://place.map.kakao.com/1233655932,KAIST 게이트
19553259,KAIST 도곡캠퍼스,24905977,스마일게이트인베스트먼트,"서비스,산업 > 전문대행 > 컨설팅",37.502109532432364,127.03984259367056,http://place.map.kakao.com/24905977,KAIST 게이트
19553259,KAIST 도곡캠퍼스,2135392617,개포자이프레지던스아파트 서문,"교통,수송 > 입출구",37.4843833158472,127.068807488298,http://place.map.kakao.com/2135392617,KAIST 게이트
19553259,KAIST 도곡캠퍼스,1295304002,서울양재초등학교 후문,"교통,수송 > 입출구",37.4737755025341,127.030930506099,http://place.map.kakao.com/1295304002,KAIST 게이트
19553259,KAIST 도곡캠퍼스,404829874,역삼e편한세상아파트 게이트2,"교통,수송 > 입출구",37.4981325142514,127.049331855391,http://place.map.kakao.com/404829874,KAIST 게이트
19553259,KAIST 도곡캠퍼스,1117264050,수퍼게이트,"서비스,산업 > 제조업 > 산업용품 > 반도체",37.50531139443023,127.05012486918106,http://place.map.kakao.com/1117264050,KAIST 게이트
19553259,KAIST 도곡캠퍼스,430851804,래미안대치팰리스1단지아파트 정문,"교통,수송 > 입출구",37.4936617221468,127.05913860905677,http://place.map.kakao.com/430851804,KAIST gate
19553259,KAIST 도곡캠퍼스,2125500475,강남파이낸스센터빌딩 후문,"교통,수송 > 입출구",37.4997057844017,127.036639762024,http://place.map.kakao.com/2125500475,KAIST gate
19553259,KAIST 도곡캠퍼스,1433008431,서울개원초등학교 후문,"교통,수송 > 입출구",37.4820269034197,127.059346517897,http://place.map.kakao.com/1433008431,KAIST gate
19553259,KAIST 도곡캠퍼스,918640820,래미안블레스티지아파트 후문,"교통,수송 > 입출구",37.4824578265906,127.062376951417,http://place.map.kakao.com/918640820,KAIST gate
19553259,KAIST 도곡캠퍼스,412597737,한국도로교통공단 서울지부 정문,"교통,수송 > 입출구",37.4661361314391,127.044168698573,http://place.map.kakao.com/412597737,KAIST gate
19553259,KAIST 도곡캠퍼스,270769932,래미안리더스원아파트 후문,"교통,수송 > 입출구",37.4910325341482,127.027227593896,http://place.map.kakao.com/270769932,KAIST gate
19553259,KAIST 도곡캠퍼스,806190684,래미안서초에스티지아파트 정문,"교통,수송 > 입출구",37.4928943024636,127.025951608897,http://place.map.kakao.com/806190684,KAIST gate
19553259,KAIST 도곡캠퍼스,260577353,개포자이프레지던스아파트 정문,"교통,수송 > 입출구",37.4843284043722,127.068721507799,http://place.map.kakao.com/260577353,KAIST gate
19553259,KAIST 도곡캠퍼스,1846605382,디에이치아너힐즈아파트 정문,"교통,수송 > 입출구",37.4842169853412,127.06819338843,http://place.map.kakao.com/1846605382,KAIST gate
19553259,KAIST 도곡캠퍼스,302116150,"한보미도맨션1,2차아파트 정문","교통,수송 > 입출구",37.494982991575576,127.06684958424165,http://place.map.kakao.com/302116150,KAIST gate
19553259,KAIST 도곡캠퍼스,657781576,현대아파트 후문,"교통,수송 > 입출구",37.4855802486832,127.024417008953,http://place.map.kakao.com/657781576,KAIST gate
19553259,KAIST 도곡캠퍼스,1429465757,개포자이프레지던스아파트 동문,"교통,수송 > 입출구",37.4875873415273,127.073236021308,http://place.map.kakao.com/1429465757,KAIST gate
19553259,KAIST 도곡캠퍼스,28100769,강남센트럴아이파크아파트 남문,"교통,수송 > 입출구",37.50025822547371,127.04652522912208,http://place.map.kakao.com/28100769,KAIST gate
19553259,KAIST 도곡캠퍼스,1664349030,강남센트럴아이파크아파트 북문,"교통,수송 > 입출구",37.50143155624607,127.04596049829121,http://place.map.kakao.com/1664349030,KAIST gate
19553259,KAIST 도곡캠퍼스,208496933,역삼래미안아파트 후문,"교통,수송 > 입출구",37.4964881533555,127.049389577559,http://place.map.kakao.com/208496933,KAIST gate
19553259,KAIST 도곡캠퍼스,1215555167,갓포문,음식점 > 일식,37.4846623452064,127.045095441173,http://place.map.kakao.com/1215555167,KAIST 문
19553259,KAIST 도곡캠퍼스,1874527250,문게코파충류샵,"가정,생활 > 반려동물 > 반려동물분양",37.48490797297287,127.04362119695196,http://place.map.kakao.com/1874527250,KAIST 문
19553259,KAIST 도곡캠퍼스,718134776,문벅스 곤충샵,"가정,생활 > 반려동물",37.48490797297287,127.04362119695196,http://place.map.kakao.com/718134776,KAIST 문
19553259,KAIST 도곡캠퍼스,1112757367,문별뷰티,"가정,생활 > 미용",37.48213384168684,127.04089477356493,http://place.map.kakao.com/1112757367,KAIST 문
19553259,KAIST 도곡캠퍼스,82232076,연세문치과의원,"의료,건강 > 병원 > 치과",37.48917055191333,127.0506240424787,http://place.map.kakao.com/82232076,KAIST 문
19553259,KAIST 도곡캠퍼스,17408875,문스냅,"가정,생활 > 결혼 > 웨딩스튜디오",37.4921178269444,127.038464522017,http://place.map.kakao.com/17408875,KAIST 문
19553259,KAIST 도곡캠퍼스,27402203,문스타네일,"가정,생활 > 미용 > 네일샵",37.4755296169906,127.045356757629,http://place.map.kakao.com/27402203,KAIST 문
19553259,KAIST 도곡캠퍼스,1270864569,유리문수리,"서비스,산업 > 건설,건축 > 시공업체 > 주택수리",37.4926413020802,127.035623127275,http://place.map.kakao.com/1270864569,KAIST 문
19553259,KAIST 도곡캠퍼스,143996061,문카페,음식점 > 카페,37.4951041943996,127.044906086616,http://place.map.kakao.com/143996061,KAIST 문
19553259,KAIST 도곡캠퍼스,1201819447,베티문사진관,"문화,예술 > 사진 > 사진관,포토스튜디오",37.4945533944118,127.0407194834,http://place.map.kakao.com/1201819447,KAIST 문
19553259,KAIST 도곡캠퍼스,929289482,드로우더문,"문화,예술 > 미술,공예",37.47516635843697,127.04574995969668,http://place.map.kakao.com/929289482,KAIST 문
19553259,KAIST 도곡캠퍼스,11070733,문앤실버하우징,부동산 > 부동산서비스,37.4768849663117,127.044751603164,http://place.map.kakao.com/11070733,KAIST 문
19553259,KAIST 도곡캠퍼스,1765685322,문보이드커튼,"가정,생활 > 생활용품점 > 커튼,블라인드판매",37.4744393479582,127.043074727808,http://place.map.kakao.com/1765685322,KAIST 문
19553259,KAIST 도곡캠퍼스,569469005,문건축사사무소,"서비스,산업 > 건설,건축 > 건축설계,컨설팅",37.4915047244699,127.039726144763,http://place.map.kakao.com/569469005,KAIST 문
19553259,KAIST 도곡캠퍼스,95520230,문필라테스인하우스,"스포츠,레저 > 요가,필라테스 > 필라테스",37.4940255565118,127.045253729054,http://place.map.kakao.com/95520230,KAIST 문
19553259,KAIST 도곡캠퍼스,381020551,블루문스터디카페 도곡점,"서비스,산업 > 전문대행 > 공간대여 > 스터디카페,스터디룸",37.49473073976365,127.04604346457381,http://place.map.kakao.com/381020551,KAIST 문
19553259,KAIST 도곡캠퍼스,216773668,문노래방,"가정,생활 > 여가시설 > 노래방",37.4936594257986,127.029096630017,http://place.map.kakao.com/216773668,KAIST 문
19553259,KAIST 도곡캠퍼스,1403977160,문노래연습장,"가정,생활 > 여가시설 > 노래방",37.494799318559,127.028609689786,http://place.map.kakao.com/1403977160,KAIST 문
19553259,KAIST 도곡캠퍼스,879450242,유노문,부동산 > 부동산서비스,37.4912816234864,127.029275499222,http://place.map.kakao.com/879450242,KAIST 문
19553259,KAIST 도곡캠퍼스,1947949048,문스타,음식점 > 카페 > 커피전문점,37.4946812556093,127.020001873484,http://place.map.kakao.com/1947949048,KAIST 문
19553259,KAIST 도곡캠퍼스,1029686315,투더문,음식점 > 양식,37.4943931800883,127.027704885557,http://place.map.kakao.com/1029686315,KAIST 문
19553259,KAIST 도곡캠퍼스,449039994,문필라테스 한티역점,"스포츠,레저 > 요가,필라테스 > 필라테스",37.4958388829809,127.052736416686,http://place.map.kakao.com/449039994,KAIST 문
19553259,KAIST 도곡캠퍼스,995711070,문짬뽕,음식점 > 중식 > 중국요리,37.49460737164177,127.06667284235067,http://place.map.kakao.com/995711070,KAIST 문
19553259,KAIST 도곡캠퍼스,126715140,무등전동샷다유리문셔터수리,"서비스,산업 > 건설,건축 > 시공업체 > 유리,창호시공",37.4954347552793,127.031269638067,http://place.map.kakao.com/126715140,KAIST 문
19553259,KAIST 도곡캠퍼스,1615295897,문피어싱,"가정,생활 > 패션 > 패션잡화점 > 액세서리",37.4980224152762,127.02778877953199,http://place.map.kakao.com/1615295897,KAIST 문
19553259,KAIST 도곡캠퍼스,1657028881,티켓투더문,"서비스,산업 > 마케팅 > 광고기획,광고대행",37.4997504221922,127.035029393068,http://place.map.kakao.com/1657028881,KAIST 문
19553259,KAIST 도곡캠퍼스,14100658,문스트링,"문화,예술 > 음악 > 악기판매점",37.482272013003715,127.01034864693132,http://place.map.kakao.com/14100658,KAIST 문
19553259,KAIST 도곡캠퍼스,343160737,블루문,"가정,생활 > 유흥시설 > 유흥주점",37.50690044356169,127.05490666938114,http://place.map.kakao.com/343160737,KAIST 문
19553259,KAIST 도곡캠퍼스,154335528,미스터문,"가정,생활 > 패션 > 패션잡화점",37.50092707406344,127.0245577147067,http://place.map.kakao.com/154335528,KAIST 문
19553259,KAIST 도곡캠퍼스,669039768,블루문,음식점 > 술집 > 칵테일바,37.494043536498346,127.01882227236108,http://place.map.kakao.com/669039768,KAIST 문
19553259,KAIST 도곡캠퍼스,900867021,네일문,"가정,생활 > 미용 > 네일샵",37.5031342152002,127.046577906132,http://place.map.kakao.com/900867021,KAIST 문
19553259,KAIST 도곡캠퍼스,194334610,문노래바Q,"가정,생활 > 여가시설 > 노래방",37.5053231776147,127.047781493963,http://place.map.kakao.com/194334610,KAIST 문
19553259,KAIST 도곡캠퍼스,1080056106,아트문,"문화,예술 > 미술,공예 > 골동품",37.49897795983724,127.02953295176393,http://place.map.kakao.com/1080056106,KAIST 문
19553259,KAIST 도곡캠퍼스,32688838,갤리리 문,"문화,예술 > 미술,공예 > 화랑",37.5031784333836,127.056723632517,http://place.map.kakao.com/32688838,KAIST 문
19553259,KAIST 도곡캠퍼스,175056720,디어문래쉬,"가정,생활 > 미용",37.5032360270128,127.04658249316,http://place.map.kakao.com/175056720,KAIST 문
19553259,KAIST 도곡캠퍼스,19156835,신명문수학교습소,"교육,학문 > 학원",37.4953215705764,127.063954972823,http://place.map.kakao.com/19156835,KAIST 문
19553259,KAIST 도곡캠퍼스,2087391338,문주장학재단,"교육,학문 > 교육단체 > 학교법인,재단",37.50258555461785,127.04409516271164,http://place.map.kakao.com/2087391338,KAIST 문
19553259,KAIST 도곡캠퍼스,11104150,열린문공인중개사사무소,부동산 > 부동산서비스 > 부동산중개업,37.507486643955,127.045100119415,http://place.map.kakao.com/11104150,KAIST 문
19553259,KAIST 도곡캠퍼스,27194918,문노래연습장,"가정,생활 > 여가시설 > 노래방",37.5039945429488,127.053286142718,http://place.map.kakao.com/27194918,KAIST 문
19553259,KAIST 도곡캠퍼스,51886805,24시도어락잠긴문출장설치열쇠,"가정,생활 > 생활용품점 > 열쇠",37.5063881705739,127.028140225886,http://place.map.kakao.com/51886805,KAIST 문
19553259,KAIST 도곡캠퍼스,111511682,나인자동문,"서비스,산업 > 건설,건축 > 시공업체 > 유리,창호시공",37.5018442782194,127.024653012722,http://place.map.kakao.com/111511682,KAIST 문
19553259,KAIST 도곡캠퍼스,19098827,문앤파트너스,"금융,보험 > 세무,회계",37.50321058671515,127.04711741412126,http://place.map.kakao.com/19098827,KAIST 문
19553259,KAIST 도곡캠퍼스,1636851695,문필라테스 대치역점,"스포츠,레저 > 요가,필라테스 > 필라테스",37.4958057829572,127.06326444690761,http://place.map.kakao.com/1636851695,KAIST 문
19553259,KAIST 도곡캠퍼스,17605872,문디자인그룹,"서비스,산업 > 디자인 > 광고디자인",37.5033363518846,127.028612947026,http://place.map.kakao.com/17605872,KAIST 문
19553259,KAIST 도곡캠퍼스,24193805,열린문행정사사무소,"서비스,산업 > 법률,행정 > 행정사",37.487838029094135,127.01431369392222,http://place.map.kakao.com/24193805,KAIST 문
8132452,가톨릭대학교 성신교정,117042694,성균관대학교 인문사회과학캠퍼스 정문,"교통,수송 > 입출구",37.5850002309339,126.996838384994,http://place.map.kakao.com/117042694,가톨릭대학교 게이트
8132452,가톨릭대학교 성신교정,8028879,창경궁 월근문,"여행 > 관광,명소 > 문화유적 > 문",37.581402377964,126.996617206441,http://place.map.kakao.com/8028879,가톨릭대학교 게이트
8132452,가톨릭대학교 성신교정,29263364,전담GATE 대학로점,"서비스,산업 > 식품 > 담배 > 전자담배",37.5832044131478,127.00028869918,http://place.map.kakao.com/29263364,가톨릭대학교 게이트
8132452,가톨릭대학교 성신교정,8638884,흥인지문,"여행 > 관광,명소 > 문화유적 > 문",37.571141513487,127.009571946966,http://place.map.kakao.com/8638884,가톨릭대학교 게이트
8132452,가톨릭대학교 성신교정,1123186505,프린트카페 성균관대정문점,"서비스,산업 > 인쇄,복사",37.5836981442457,126.998206656779,http://place.map.kakao.com/1123186505,가톨릭대학교 게이트
8132452,가톨릭대학교 성신교정,18093911,성균관대학교 후문,"교통,수송 > 입출구",37.5892983133587,126.990086054512,http://place.map.kakao.com/18093911,가톨릭대학교 게이트
8132452,가톨릭대학교 성신교정,15295317,아트포럼뉴게이트,"문화,예술 > 문화시설 > 미술관",37.5828908675135,127.000258129949,http://place.map.kakao.com/15295317,가톨릭대학교 게이트
8132452,가톨릭대학교 성신교정,285654126,판타게이트,"서비스,산업 > 인터넷,IT > 소프트웨어",37.582660671266495,127.01022893379177,http://place.map.kakao.com/285654126,가톨릭대학교 게이트
8132452,가톨릭대학교 성신교정,2009442075,서울대학교병원 후문,"교통,수송 > 입출구",37.5799644239191,127.001969861978,http://place.map.kakao.com/2009442075,가톨릭대학교 게이트
8132452,가톨릭대학교 성신교정,1627522015,삼선푸르지오아파트 정문,"교통,수송 > 입출구",37.5843479206725,127.013344899129,http://place.map.kakao.com/1627522015,가톨릭대학교 게이트
8132452,가톨릭대학교 성신교정,457781282,경신고등학교 후문,"교통,수송 > 입출구",37.5913322557512,127.001791261831,http://place.map.kakao.com/457781282,가톨릭대학교 게이트
8132452,가톨릭대학교 성신교정,8233299,창경궁 과학의문,"여행 > 관광,명소 > 문화유적 > 문",37.5822348900427,126.996413383759,http://place.map.kakao.com/8233299,가톨릭대학교 게이트
8132452,가톨릭대학교 성신교정,17578525,창경궁 함양문,"여행 > 관광,명소 > 문화유적 > 문",37.5795236515318,126.99308061756884,http://place.map.kakao.com/17578525,가톨릭대학교 게이트
8132452,가톨릭대학교 성신교정,687079444,한성대학교 남문,"교통,수송 > 입출구",37.5811424451233,127.010811769121,http://place.map.kakao.com/687079444,가톨릭대학교 게이트
8132452,가톨릭대학교 성신교정,985241536,글라스타안경 성균관대정문앞점,"가정,생활 > 패션 > 패션잡화점 > 안경,렌즈",37.5847216574716,126.997395993763,http://place.map.kakao.com/985241536,가톨릭대학교 게이트
8132452,가톨릭대학교 성신교정,1818106432,게이트,음식점 > 술집,37.5720266527081,127.014795036333,http://place.map.kakao.com/1818106432,가톨릭대학교 게이트
8132452,가톨릭대학교 성신교정,7873647,창경궁 명정문,"여행 > 관광,명소 > 문화유적 > 문",37.5788435264443,126.995725237171,http://place.map.kakao.com/7873647,가톨릭대학교 게이트
8132452,가톨릭대학교 성신교정,18983409,창경궁 집춘문,"여행 > 관광,명소 > 문화유적 > 문",37.5841341432093,126.995253952889,http://place.map.kakao.com/18983409,가톨릭대학교 게이트
8132452,가톨릭대학교 성신교정,8234642,광화문,"여행 > 관광,명소 > 문화유적 > 문",37.57596445980707,126.97685309595215,http://place.map.kakao.com/8234642,가톨릭대학교 게이트
8132452,가톨릭대학교 성신교정,1383518559,서울동구고등학교 후문,"교통,수송 > 입출구",37.5931465730501,127.008333759244,http://place.map.kakao.com/1383518559,가톨릭대학교 게이트
8132452,가톨릭대학교 성신교정,1421090993,영춘문,"여행 > 관광,명소 > 문화유적 > 문",37.5825744449154,126.99358753578,http://place.map.kakao.com/1421090993,가톨릭대학교 게이트
8132452,가톨릭대학교 성신교정,370224713,종묘 북신문,"여행 > 관광,명소 > 문화유적 > 문",37.57690455042833,126.99481517317888,http://place.map.kakao.com/370224713,가톨릭대학교 게이트
8132452,가톨릭대학교 성신교정,344972428,동삼문,"여행 > 관광,명소 > 문화유적 > 문",37.5855316210062,126.996300006702,http://place.map.kakao.com/344972428,가톨릭대학교 게이트
8132452,가톨릭대학교 성신교정,881642002,밤새출력 성균관대정문점,"서비스,산업 > 인쇄,복사",37.5852622496367,126.997232940319,http://place.map.kakao.com/881642002,가톨릭대학교 게이트
8132452,가톨릭대학교 성신교정,1970014839,동묘문,음식점 > 중식,37.571690583235714,127.01478138610085,http://place.map.kakao.com/1970014839,가톨릭대학교 게이트
8132452,가톨릭대학교 성신교정,26396794,서울대학교병원 정문,"교통,수송 > 입출구",37.5770596068084,126.997405317092,http://place.map.kakao.com/26396794,가톨릭대학교 게이트
8132452,가톨릭대학교 성신교정,7945154,창경궁 선인문,"여행 > 관광,명소 > 문화유적 > 문",37.5778128202593,126.996694349734,http://place.map.kakao.com/7945154,가톨릭대학교 게이트
8132452,가톨릭대학교 성신교정,1850785358,골드게이트,"가정,생활 > 패션 > 보석,귀금속",37.57091930544608,126.99655542240869,http://place.map.kakao.com/1850785358,가톨릭대학교 게이트
8132452,가톨릭대학교 성신교정,8444002,신삼문,"여행 > 관광,명소 > 문화유적 > 문",37.5849558822356,126.996168702298,http://place.map.kakao.com/8444002,가톨릭대학교 게이트
8132452,가톨릭대학교 성신교정,1364021540,경신중학교 후문,"교통,수송 > 입출구",37.5913241458011,127.001856933682,http://place.map.kakao.com/1364021540,가톨릭대학교 게이트
8132452,가톨릭대학교 성신교정,1354371332,밤새출력 성균관대후문점,"서비스,산업 > 인쇄,복사",37.58794989163917,126.99649010088834,http://place.map.kakao.com/1354371332,가톨릭대학교 게이트
8132452,가톨릭대학교 성신교정,1629922481,한신한진아파트 후문,"교통,수송 > 입출구",37.5950462803216,127.013556291008,http://place.map.kakao.com/1629922481,가톨릭대학교 게이트
8132452,가톨릭대학교 성신교정,425186218,종로센트레빌아파트 정문,"교통,수송 > 입출구",37.5797236801173,127.016084890104,http://place.map.kakao.com/425186218,가톨릭대학교 게이트
8132452,가톨릭대학교 성신교정,11050208,창덕궁 불로문,"여행 > 관광,명소 > 문화유적 > 문",37.582634794864056,126.99328864431902,http://place.map.kakao.com/11050208,가톨릭대학교 게이트
8132452,가톨릭대학교 성신교정,1146029540,보문파크뷰자이아파트 정문,"교통,수송 > 입출구",37.5806766804553,127.017833081235,http://place.map.kakao.com/1146029540,가톨릭대학교 게이트
8132452,가톨릭대학교 성신교정,14404922,성북더게이트힐즈,"부동산 > 주거시설 > 빌라,주택",37.59609865415127,126.98658166465263,http://place.map.kakao.com/14404922,가톨릭대학교 게이트
8132452,가톨릭대학교 성신교정,1162075277,현대계동사옥 서문주차장,"교통,수송 > 교통시설 > 주차장",37.57885010693023,126.98709986053191,http://place.map.kakao.com/1162075277,가톨릭대학교 게이트
8132452,가톨릭대학교 성신교정,12898430,창덕궁 만월문,"여행 > 관광,명소 > 문화유적 > 문",37.5818382094205,126.991613159052,http://place.map.kakao.com/12898430,가톨릭대학교 게이트
8132452,가톨릭대학교 성신교정,12898409,창덕궁 어수문,"여행 > 관광,명소 > 문화유적 > 문",37.5818851396982,126.992804158405,http://place.map.kakao.com/12898409,가톨릭대학교 게이트
8132452,가톨릭대학교 성신교정,900488651,광장시장 동문,"교통,수송 > 입출구",37.5703778448469,127.001729634064,http://place.map.kakao.com/900488651,가톨릭대학교 게이트
8132452,가톨릭대학교 성신교정,1358559046,홍익대학교사범대학 부속고등학교 후문,"교통,수송 > 입출구",37.5950289781094,127.003791050107,http://place.map.kakao.com/1358559046,가톨릭대학교 게이트
8132452,가톨릭대학교 성신교정,17808103,창덕궁 진선문,"여행 > 관광,명소 > 문화유적 > 문",37.5785224636321,126.990449749908,http://place.map.kakao.com/17808103,가톨릭대학교 게이트
8132452,가톨릭대학교 성신교정,8023892,종묘 외대문,"여행 > 관광,명소 > 문화유적 > 문",37.5721292686522,126.994598162936,http://place.map.kakao.com/8023892,가톨릭대학교 게이트
8132452,가톨릭대학교 성신교정,7958336,숙정문,"여행 > 관광,명소 > 문화유적 > 문",37.59552486948541,126.98107746162911,http://place.map.kakao.com/7958336,가톨릭대학교 게이트
8132452,가톨릭대학교 성신교정,424760688,종로센트레빌아파트 후문,"교통,수송 > 입출구",37.5816582150576,127.015323382653,http://place.map.kakao.com/424760688,가톨릭대학교 게이트
8132452,가톨릭대학교 성신교정,1148185088,성신여자대학교 돈암수정캠퍼스 중문,"교통,수송 > 입출구",37.590898620551144,127.02212455934625,http://place.map.kakao.com/1148185088,가톨릭대학교 gate
8132452,가톨릭대학교 성신교정,1983433673,돈암코오롱하늘채아파트 후문,"교통,수송 > 입출구",37.5991415119745,127.011416807283,http://place.map.kakao.com/1983433673,가톨릭대학교 gate
8132452,가톨릭대학교 성신교정,1181142078,e편한세상보문1단지아파트 후문,"교통,수송 > 입출구",37.58357449693901,127.0163030931668,http://place.map.kakao.com/1181142078,가톨릭대학교 gate
8132452,가톨릭대학교 성신교정,27425368,서울효제초등학교 후문,"교통,수송 > 입출구",37.5732718145745,127.003047352795,http://place.map.kakao.com/27425368,가톨릭대학교 gate
8132452,가톨릭대학교 성신교정,18094037,국민대학교 정문,"교통,수송 > 입출구",37.611078257923545,126.99462592662364,http://place.map.kakao.com/18094037,가톨릭대학교 gate
8132452,가톨릭대학교 성신교정,1888307060,돈암브라운스톤아파트 정문,"교통,수송 > 입출구",37.59910286382341,127.01790881901711,http://place.map.kakao.com/1888307060,가톨릭대학교 gate
8132452,가톨릭대학교 성신교정,172805003,보문파크뷰자이아파트 후문,"교통,수송 > 입출구",37.5801502863029,127.019196012975,http://place.map.kakao.com/172805003,가톨릭대학교 gate
8132452,가톨릭대학교 성신교정,942123983,광장시장 서문,"교통,수송 > 입출구",37.570161603164,126.998089257945,http://place.map.kakao.com/942123983,가톨릭대학교 gate
8132452,가톨릭대학교 성신교정,27610515,동방문화대학원대학교 정문,"교통,수송 > 입출구",37.59687398733751,126.99183907625228,http://place.map.kakao.com/27610515,가톨릭대학교 gate
8132452,가톨릭대학교 성신교정,27254919,광장시장 북2문,"교통,수송 > 입출구",37.5707238387684,127.000475425175,http://place.map.kakao.com/27254919,가톨릭대학교 gate
8132452,가톨릭대학교 성신교정,26396925,성신여자대학교 돈암수정캠퍼스 후문,"교통,수송 > 입출구",37.58972730081695,127.02228272795851,http://place.map.kakao.com/26396925,가톨릭대학교 gate
8132452,가톨릭대학교 성신교정,945311373,정릉우성아파트 정문,"교통,수송 > 입출구",37.6007052336443,127.01497963572,http://place.map.kakao.com/945311373,가톨릭대학교 gate
8132452,가톨릭대학교 성신교정,26396952,국민대학교 후문,"교통,수송 > 입출구",37.6111819935464,126.99966022671174,http://place.map.kakao.com/26396952,가톨릭대학교 gate
8132452,가톨릭대학교 성신교정,24582622,삼일교 진출입 계단 7번,"교통,수송 > 입출구",37.5682075854278,126.987376754328,http://place.map.kakao.com/24582622,가톨릭대학교 gate
8132452,가톨릭대학교 성신교정,391618469,광장시장 남1문,"교통,수송 > 입출구",37.5698012117878,127.001430785735,http://place.map.kakao.com/391618469,가톨릭대학교 gate
8132452,가톨릭대학교 성신교정,1121088682,중앙중학교 후문,"교통,수송 > 입출구",37.5861759383013,126.985820344138,http://place.map.kakao.com/1121088682,가톨릭대학교 gate
8132452,가톨릭대학교 성신교정,257766416,광장시장 북문,"교통,수송 > 입출구",37.5706355397427,126.999241584545,http://place.map.kakao.com/257766416,가톨릭대학교 gate
8132452,가톨릭대학교 성신교정,772586286,용문고등학교 후문,"교통,수송 > 입출구",37.5884201544401,127.025758292413,http://place.map.kakao.com/772586286,가톨릭대학교 gate
8132452,가톨릭대학교 성신교정,1203810267,래미안엘리니티아파트 정문,"교통,수송 > 입출구",37.57888533553471,127.02798861744166,http://place.map.kakao.com/1203810267,가톨릭대학교 gate
8132452,가톨릭대학교 성신교정,966544243,중부시장 1문,"교통,수송 > 입출구",37.5666261112491,127.000303349922,http://place.map.kakao.com/966544243,가톨릭대학교 gate
8132452,가톨릭대학교 성신교정,27337727,고려대학교 서울캠퍼스 정문,"교통,수송 > 입출구",37.58815247199953,127.03424727911144,http://place.map.kakao.com/27337727,가톨릭대학교 gate
8132452,가톨릭대학교 성신교정,1305579219,광장시장 남2문,"교통,수송 > 입출구",37.5696174168277,127.000362223347,http://place.map.kakao.com/1305579219,가톨릭대학교 gate
8132452,가톨릭대학교 성신교정,1471031688,중부건어물시장 7문,"교통,수송 > 입출구",37.5655151644709,127.00212228603,http://place.map.kakao.com/1471031688,가톨릭대학교 gate
8132452,가톨릭대학교 성신교정,2095650008,국립민속박물관 정문,"교통,수송 > 입출구",37.579630169106,126.979359561587,http://place.map.kakao.com/2095650008,가톨릭대학교 gate
8132452,가톨릭대학교 성신교정,2118374337,래미안안암아파트 후문,"교통,수송 > 입출구",37.5888644724286,127.025161755396,http://place.map.kakao.com/2118374337,가톨릭대학교 gate
8132452,가톨릭대학교 성신교정,1545173796,서울풍물시장 후문,"교통,수송 > 입출구",37.5733808957001,127.025162205112,http://place.map.kakao.com/1545173796,가톨릭대학교 gate
8132452,가톨릭대학교 성신교정,24582618,광통교 진출입 계단 3번,"교통,수송 > 입출구",37.5690501205507,126.981359222493,http://place.map.kakao.com/24582618,가톨릭대학교 gate
8132452,가톨릭대학교 성신교정,1545750505,정릉2차e편한세상아파트 정문,"교통,수송 > 입출구",37.5996385870405,127.020179414654,http://place.map.kakao.com/1545750505,가톨릭대학교 gate
8132452,가톨릭대학교 성신교정,526594387,서울재동초등학교 정문,"교통,수송 > 입출구",37.5798626506945,126.985599649314,http://place.map.kakao.com/526594387,가톨릭대학교 gate
8132452,가톨릭대학교 성신교정,1876556792,광장시장 북1문,"교통,수송 > 입출구",37.5706202227402,126.999228001142,http://place.map.kakao.com/1876556792,가톨릭대학교 gate
8127185,가톨릭대학교 성의교정,1881280515,아크로비스타아파트 남문,"교통,수송 > 입출구",37.4970067483412,127.013730793716,http://place.map.kakao.com/1881280515,가톨릭대학교 게이트
8127185,가톨릭대학교 성의교정,1948504359,삼풍아파트 북문,"교통,수송 > 입출구",37.4994683204506,127.013534469892,http://place.map.kakao.com/1948504359,가톨릭대학교 게이트
8127185,가톨릭대학교 성의교정,1565392118,반포리체아파트 정문,"교통,수송 > 입출구",37.5027100948518,127.013921835527,http://place.map.kakao.com/1565392118,가톨릭대학교 게이트
8127185,가톨릭대학교 성의교정,2029399651,아크로비스타아파트 서문,"교통,수송 > 입출구",37.4985160421862,127.012767565565,http://place.map.kakao.com/2029399651,가톨릭대학교 게이트
8127185,가톨릭대학교 성의교정,1286161269,반포센트럴자이아파트 정문,"교통,수송 > 입출구",37.5062626473368,127.002720032581,http://place.map.kakao.com/1286161269,가톨릭대학교 게이트
8127185,가톨릭대학교 성의교정,492794007,아크로리버파크아파트 게이트1,"교통,수송 > 입출구",37.5052741012286,126.993576057657,http://place.map.kakao.com/492794007,가톨릭대학교 게이트
8127185,가톨릭대학교 성의교정,1351257842,디에이치반포라클라스아파트 정문,"교통,수송 > 입출구",37.5001514070147,127.012405956491,http://place.map.kakao.com/1351257842,가톨릭대학교 게이트
8127185,가톨릭대학교 성의교정,968275977,반포써밋아파트 게이트3,"교통,수송 > 입출구",37.50293142124,127.016421254944,http://place.map.kakao.com/968275977,가톨릭대학교 게이트
8127185,가톨릭대학교 성의교정,473147839,법무법인게이트,"서비스,산업 > 법률,행정 > 변호사 > 법무법인",37.4933203579872,127.007960800258,http://place.map.kakao.com/473147839,가톨릭대학교 게이트
8127185,가톨릭대학교 성의교정,1476883495,래미안원베일리아파트 GATE1,"교통,수송 > 입출구",37.505495891908645,126.99728112621719,http://place.map.kakao.com/1476883495,가톨릭대학교 게이트
8127185,가톨릭대학교 성의교정,1953377165,원촌중학교 정문,"교통,수송 > 입출구",37.5052058417705,127.014243495782,http://place.map.kakao.com/1953377165,가톨릭대학교 게이트
8127185,가톨릭대학교 성의교정,763463242,서울잠원초등학교 정문,"교통,수송 > 입출구",37.500839504462,126.997741574977,http://place.map.kakao.com/763463242,가톨릭대학교 게이트
8127185,가톨릭대학교 성의교정,1084835702,반포래미안아이파크아파트 정문,"교통,수송 > 입출구",37.5013227354159,127.012208239959,http://place.map.kakao.com/1084835702,가톨릭대학교 게이트
8127185,가톨릭대학교 성의교정,1755787680,서울중앙지방법원 동문,"교통,수송 > 입출구",37.4976231707589,127.012525409433,http://place.map.kakao.com/1755787680,가톨릭대학교 게이트
8127185,가톨릭대학교 성의교정,1272386304,대검찰청 정문,"교통,수송 > 입출구",37.4940637895707,127.006290677672,http://place.map.kakao.com/1272386304,가톨릭대학교 게이트
8127185,가톨릭대학교 성의교정,190830760,반포르엘아파트 정문,"교통,수송 > 입출구",37.5063329118351,127.003268566123,http://place.map.kakao.com/190830760,가톨릭대학교 게이트
8127185,가톨릭대학교 성의교정,1413298340,반포써밋아파트 게이트2-2,"교통,수송 > 입출구",37.502880933265,127.016647431817,http://place.map.kakao.com/1413298340,가톨릭대학교 게이트
8127185,가톨릭대학교 성의교정,1417136688,서울중앙지방검찰청 정문,"교통,수송 > 입출구",37.4946284686609,127.00995908958,http://place.map.kakao.com/1417136688,가톨릭대학교 게이트
8127185,가톨릭대학교 성의교정,289880433,게이트비젼 강남직영점,"가정,생활 > 전자제품 > 전자제품판매",37.5092465717138,127.007455787312,http://place.map.kakao.com/289880433,가톨릭대학교 게이트
8127185,가톨릭대학교 성의교정,2034399672,더게이트스파 반포서래점,"가정,생활 > 미용 > 피부관리",37.49769198867588,126.99126974994016,http://place.map.kakao.com/2034399672,가톨릭대학교 게이트
8127185,가톨릭대학교 성의교정,838300481,반포써밋아파트 게이트2-1,"교통,수송 > 입출구",37.5020203376419,127.017580255247,http://place.map.kakao.com/838300481,가톨릭대학교 게이트
8127185,가톨릭대학교 성의교정,418296799,래미안원베일리아파트 GATE2,"교통,수송 > 입출구",37.5065761753995,126.996459984373,http://place.map.kakao.com/418296799,가톨릭대학교 게이트
8127185,가톨릭대학교 성의교정,189530319,반포르엘아파트 후문,"교통,수송 > 입출구",37.5082953036624,127.003161204658,http://place.map.kakao.com/189530319,가톨릭대학교 게이트
8127185,가톨릭대학교 성의교정,1887355506,아크로리버파크아파트 GATE2,"교통,수송 > 입출구",37.5059994779225,126.994967109151,http://place.map.kakao.com/1887355506,가톨릭대학교 게이트
8127185,가톨릭대학교 성의교정,1287180740,반포센트럴자이아파트 후문,"교통,수송 > 입출구",37.5067744433676,127.001210168287,http://place.map.kakao.com/1287180740,가톨릭대학교 게이트
8127185,가톨릭대학교 성의교정,802346251,래미안원베일리아파트 GATE3 입주민전용,"교통,수송 > 입출구",37.5071889116875,126.999779454093,http://place.map.kakao.com/802346251,가톨릭대학교 게이트
8127185,가톨릭대학교 성의교정,17007696,게이트서초어학학원,"교육,학문 > 학원 > 어학원 > 영어학원",37.49012194758586,127.0212128187592,http://place.map.kakao.com/17007696,가톨릭대학교 게이트
8127185,가톨릭대학교 성의교정,1535495417,반포래미안아이파크아파트 후문,"교통,수송 > 입출구",37.5023415740249,127.01400206324,http://place.map.kakao.com/1535495417,가톨릭대학교 게이트
8127185,가톨릭대학교 성의교정,27548800,후문포차,음식점 > 술집 > 실내포장마차,37.507384310898544,127.0258209032854,http://place.map.kakao.com/27548800,가톨릭대학교 게이트
8127185,가톨릭대학교 성의교정,17355629,대법원후문,"교통,수송 > 입출구",37.4917924554747,127.003840103266,http://place.map.kakao.com/17355629,가톨릭대학교 게이트
8127185,가톨릭대학교 성의교정,1953390538,원촌중학교 서문,"교통,수송 > 입출구",37.5059790022209,127.013406712744,http://place.map.kakao.com/1953390538,가톨릭대학교 게이트
8127185,가톨릭대학교 성의교정,887596010,디에이치반포라클라스아파트 후문,"교통,수송 > 입출구",37.50174133962475,127.0153273922825,http://place.map.kakao.com/887596010,가톨릭대학교 게이트
8127185,가톨릭대학교 성의교정,985948319,반포리체아파트 후문 경비실,"서비스,산업 > 관리,운영 > 건물관리사무소",37.5030616215265,127.012729887526,http://place.map.kakao.com/985948319,가톨릭대학교 게이트
8127185,가톨릭대학교 성의교정,1468366410,반포써밋정문,"교통,수송 > 입출구",37.500826444449,127.017981447906,http://place.map.kakao.com/1468366410,가톨릭대학교 게이트
8127185,가톨릭대학교 성의교정,27150563,서초래미안아파트 남문,"교통,수송 > 입출구",37.497555555294,127.01947339791748,http://place.map.kakao.com/27150563,가톨릭대학교 게이트
8127185,가톨릭대학교 성의교정,746961141,신반포자이아파트 후문,"교통,수송 > 입출구",37.5113062084789,127.008347272795,http://place.map.kakao.com/746961141,가톨릭대학교 게이트
8127185,가톨릭대학교 성의교정,1775768925,경원중학교 후문,"교통,수송 > 입출구",37.5113062012483,127.008449068804,http://place.map.kakao.com/1775768925,가톨릭대학교 게이트
8127185,가톨릭대학교 성의교정,1243949971,카페게이트 논현역점,음식점 > 카페 > 커피전문점 > 카페게이트,37.50992114056176,127.0234160425937,http://place.map.kakao.com/1243949971,가톨릭대학교 게이트
8127185,가톨릭대학교 성의교정,898360782,태닝게이트,"가정,생활 > 미용 > 피부관리",37.48561371054394,127.011872132897,http://place.map.kakao.com/898360782,가톨릭대학교 게이트
8127185,가톨릭대학교 성의교정,1317254606,서울고등학교 정문,"교통,수송 > 입출구",37.4835714551171,127.007923585025,http://place.map.kakao.com/1317254606,가톨릭대학교 게이트
8127185,가톨릭대학교 성의교정,1118850049,래미안서초스위트아파트 정문,"교통,수송 > 입출구",37.5028558752962,127.021208504335,http://place.map.kakao.com/1118850049,가톨릭대학교 게이트
8127185,가톨릭대학교 성의교정,15462101,지오게이트,"가정,생활 > 패션 > 의류판매",37.4858091792582,127.012360618567,http://place.map.kakao.com/15462101,가톨릭대학교 게이트
8127185,가톨릭대학교 성의교정,862632550,포블게이트,"서비스,산업 > 인터넷,IT > 소프트웨어",37.49742847533866,127.02451698897751,http://place.map.kakao.com/862632550,가톨릭대학교 게이트
8127185,가톨릭대학교 성의교정,27578543,브이게이트,"서비스,산업 > 인터넷,IT > 소프트웨어",37.510845404805025,127.0242408739176,http://place.map.kakao.com/27578543,가톨릭대학교 게이트
8127185,가톨릭대학교 성의교정,1528111879,전담게이트 영동시장점,"서비스,산업 > 식품 > 담배 > 전자담배",37.5088561387288,127.023488095818,http://place.map.kakao.com/1528111879,가톨릭대학교 게이트
8127185,가톨릭대학교 성의교정,1710825109,방배3차e편한세상아파트 후문,"교통,수송 > 입출구",37.4938807923348,126.992157874671,http://place.map.kakao.com/1710825109,가톨릭대학교 gate
8127185,가톨릭대학교 성의교정,1133648853,서초롯데캐슬클래식아파트 후문,"교통,수송 > 입출구",37.4995544354917,127.022050083217,http://place.map.kakao.com/1133648853,가톨릭대학교 gate
8127185,가톨릭대학교 성의교정,12663315,서울교육대학교 청람문,"교통,수송 > 입출구",37.4903283840274,127.014564064946,http://place.map.kakao.com/12663315,가톨릭대학교 gate
8127185,가톨릭대학교 성의교정,27299111,국립서울현충원 정문,"교통,수송 > 입출구",37.5036472062595,126.975422168197,http://place.map.kakao.com/27299111,가톨릭대학교 gate
8127185,가톨릭대학교 성의교정,707864407,방배삼호4차아파트 후문,"교통,수송 > 입출구",37.4979036697535,126.990549364549,http://place.map.kakao.com/707864407,가톨릭대학교 gate
8127185,가톨릭대학교 성의교정,816263522,래미안신반포팰리스아파트 정문,"교통,수송 > 입출구",37.5155990927972,127.0128134583,http://place.map.kakao.com/816263522,가톨릭대학교 gate
8127185,가톨릭대학교 성의교정,821131072,래미안신반포팰리스아파트 후문,"교통,수송 > 입출구",37.5148252972938,127.011170939943,http://place.map.kakao.com/821131072,가톨릭대학교 gate
8127185,가톨릭대학교 성의교정,1280196131,방배e편한세상1차아파트 정문,"교통,수송 > 입출구",37.48719105982945,126.99834691207037,http://place.map.kakao.com/1280196131,가톨릭대학교 gate
8127185,가톨릭대학교 성의교정,1764310936,래미안신반포팰리스 후문,"교통,수송 > 입출구",37.514785669688,127.010994479429,http://place.map.kakao.com/1764310936,가톨릭대학교 gate
8127185,가톨릭대학교 성의교정,557121536,서초그랑자이아파트 정문,"교통,수송 > 입출구",37.4882467753069,127.02653797492273,http://place.map.kakao.com/557121536,가톨릭대학교 gate
8127185,가톨릭대학교 성의교정,388626939,서울교육대학교 쪽문,"교통,수송 > 입출구",37.4915192138678,127.016837140498,http://place.map.kakao.com/388626939,가톨릭대학교 gate
8127185,가톨릭대학교 성의교정,904876727,두성종이 서초본사 후문,"교통,수송 > 입출구",37.4923214931287,127.02014824565,http://place.map.kakao.com/904876727,가톨릭대학교 gate
8138835,감리교신학대학교,7834307,독립문,"여행 > 관광,명소 > 문화유적 > 문",37.5724504220421,126.959542648447,http://place.map.kakao.com/7834307,감리교신학대학교 게이트
8138835,감리교신학대학교,1707529271,웨스트게이트빌딩,부동산 > 빌딩,37.5647436498695,126.966383336483,http://place.map.kakao.com/1707529271,감리교신학대학교 게이트
8138835,감리교신학대학교,7813430,숭례문,"여행 > 관광,명소 > 문화유적 > 문",37.5600030088843,126.975313124237,http://place.map.kakao.com/7813430,감리교신학대학교 게이트
8138835,감리교신학대학교,17582477,덕수궁 대한문,"여행 > 관광,명소 > 문화유적",37.5650416322942,126.976542945622,http://place.map.kakao.com/17582477,감리교신학대학교 게이트
8138835,감리교신학대학교,8234642,광화문,"여행 > 관광,명소 > 문화유적 > 문",37.57596445980707,126.97685309595215,http://place.map.kakao.com/8234642,감리교신학대학교 게이트
8138835,감리교신학대학교,10166256,경희궁 흥화문,"여행 > 관광,명소 > 문화유적 > 문",37.569541449433,126.969700048201,http://place.map.kakao.com/10166256,감리교신학대학교 게이트
8138835,감리교신학대학교,10266056,노스게이트,부동산 > 빌딩,37.5749664887164,126.974108234786,http://place.map.kakao.com/10266056,감리교신학대학교 게이트
8138835,감리교신학대학교,26864860,노스게이트빌딩 주차장,"교통,수송 > 교통시설 > 주차장",37.57504485833475,126.97403122960722,http://place.map.kakao.com/26864860,감리교신학대학교 게이트
8138835,감리교신학대학교,1834345241,경기대학교 서울캠퍼스 후문,"교통,수송 > 입출구",37.564039417736,126.961611716429,http://place.map.kakao.com/1834345241,감리교신학대학교 게이트
8138835,감리교신학대학교,2011339261,아마노 웨스트게이트타워 주차장,"교통,수송 > 교통시설 > 주차장",37.564772475612,126.966361817913,http://place.map.kakao.com/2011339261,감리교신학대학교 게이트
8138835,감리교신학대학교,8210204,광화문우체국,"사회,공공기관 > 행정기관 > 과학기술정보통신부 > 우체국",37.56984063458276,126.978097873737,http://place.map.kakao.com/8210204,감리교신학대학교 게이트
8138835,감리교신학대학교,2029123161,경희궁자이2단지아파트 후문,"교통,수송 > 입출구",37.569028238981154,126.96451371163015,http://place.map.kakao.com/2029123161,감리교신학대학교 게이트
8138835,감리교신학대학교,115450973,약현성당 정문,"교통,수송 > 입출구",37.5594021768961,126.968321103042,http://place.map.kakao.com/115450973,감리교신학대학교 게이트
8138835,감리교신학대학교,1436482704,이화여자고등학교 서문,"교통,수송 > 입출구",37.5646866837945,126.968930077008,http://place.map.kakao.com/1436482704,감리교신학대학교 게이트
8138835,감리교신학대학교,17581529,경희궁 숭정문,"여행 > 관광,명소 > 문화유적 > 문",37.5709574744993,126.968404502942,http://place.map.kakao.com/17581529,감리교신학대학교 게이트
8138835,감리교신학대학교,2028906449,경희궁자이2단지아파트 정문,"교통,수송 > 입출구",37.5713828481189,126.962593897506,http://place.map.kakao.com/2028906449,감리교신학대학교 게이트
8138835,감리교신학대학교,740270285,NPD 웨스트게이트타워 주차장,"교통,수송 > 교통시설 > 주차장",37.5646526791915,126.96648864153,http://place.map.kakao.com/740270285,감리교신학대학교 게이트
8138835,감리교신학대학교,26397093,이화여자대학교 후문,"교통,수송 > 입출구",37.5635317504439,126.944692996803,http://place.map.kakao.com/26397093,감리교신학대학교 게이트
8138835,감리교신학대학교,2109875238,힐스테이트신촌아파트 정문,"교통,수송 > 입출구",37.5623942632169,126.951944395407,http://place.map.kakao.com/2109875238,감리교신학대학교 게이트
8138835,감리교신학대학교,24582617,청계광장 진출입 경사로2번,"교통,수송 > 입출구",37.5691288374739,126.978040353196,http://place.map.kakao.com/24582617,감리교신학대학교 게이트
8138835,감리교신학대학교,7936752,사직단 대문,"여행 > 관광,명소 > 문화유적 > 문",37.57570397774707,126.96863796193753,http://place.map.kakao.com/7936752,감리교신학대학교 게이트
8138835,감리교신학대학교,63477494,경희궁자이3단지아파트 정문,"교통,수송 > 입출구",37.569211287352,126.965003755568,http://place.map.kakao.com/63477494,감리교신학대학교 게이트
8138835,감리교신학대학교,27377630,중앙여자고등학교 정문,"교통,수송 > 입출구",37.5622891231938,126.954930248887,http://place.map.kakao.com/27377630,감리교신학대학교 게이트
8138835,감리교신학대학교,1941047737,경기대학교 서울캠퍼스 정문,"교통,수송 > 입출구",37.5646956381472,126.962530460914,http://place.map.kakao.com/1941047737,감리교신학대학교 게이트
8138835,감리교신학대학교,10173574,게이트웨이타워,부동산 > 빌딩,37.5534758118272,126.973595087754,http://place.map.kakao.com/10173574,감리교신학대학교 게이트
8138835,감리교신학대학교,8225675,웨스틴조선서울 나인스게이트,음식점 > 양식,37.56448187751539,126.98016963334433,http://place.map.kakao.com/8225675,감리교신학대학교 게이트
8138835,감리교신학대학교,592662879,이화여자대학교 정문,"교통,수송 > 입출구",37.5594236592153,126.94566937595,http://place.map.kakao.com/592662879,감리교신학대학교 게이트
8138835,감리교신학대학교,906098285,새문안교회 정문,"교통,수송 > 입출구",37.57063438281043,126.97355733641811,http://place.map.kakao.com/906098285,감리교신학대학교 게이트
8138835,감리교신학대학교,8045734,덕수궁 월곡문,"여행 > 관광,명소 > 문화유적 > 문",37.565329367243166,126.97376861005978,http://place.map.kakao.com/8045734,감리교신학대학교 게이트
8138835,감리교신학대학교,8127402,덕수궁 평성문,"여행 > 관광,명소 > 문화유적 > 문",37.5668141547124,126.973526993533,http://place.map.kakao.com/8127402,감리교신학대학교 게이트
8138835,감리교신학대학교,8606904,SC제일은행 광화문지점,"금융,보험 > 금융서비스 > 은행 > SC제일은행",37.57094791706322,126.97787907965251,http://place.map.kakao.com/8606904,감리교신학대학교 게이트
8138835,감리교신학대학교,7999562,연세대학교 동문,"교통,수송 > 입출구",37.5660622423696,126.945759633944,http://place.map.kakao.com/7999562,감리교신학대학교 게이트
8138835,감리교신학대학교,756036389,이화여자외국어고등학교 정문,"교통,수송 > 입출구",37.5646550951387,126.968726353018,http://place.map.kakao.com/756036389,감리교신학대학교 게이트
8138835,감리교신학대학교,1138070347,세란병원 정문,"교통,수송 > 입출구",37.5750364816136,126.957559065069,http://place.map.kakao.com/1138070347,감리교신학대학교 게이트
8138835,감리교신학대학교,450056042,서울경찰청 정문,"교통,수송 > 입출구",37.5743452475062,126.972107039427,http://place.map.kakao.com/450056042,감리교신학대학교 게이트
8138835,감리교신학대학교,1072840850,독립문 문화공원 개방화장실,"가정,생활 > 화장실",37.57141990284307,126.96018729976137,http://place.map.kakao.com/1072840850,감리교신학대학교 게이트
8138835,감리교신학대학교,1369183914,경희궁자이3단지아파트 후문,"교통,수송 > 입출구",37.5682178993461,126.966415732966,http://place.map.kakao.com/1369183914,감리교신학대학교 게이트
8138835,감리교신학대학교,1178271027,무악현대아파트후문,"교통,수송 > 입출구",37.5765642374516,126.961870188001,http://place.map.kakao.com/1178271027,감리교신학대학교 게이트
8138835,감리교신학대학교,12373362,경복궁 영추문,"여행 > 관광,명소 > 문화유적 > 문",37.5787758835656,126.97406616063,http://place.map.kakao.com/12373362,감리교신학대학교 게이트
8138835,감리교신학대학교,26985073,남대문시장 6번게이트,"교통,수송 > 입출구",37.558717858962936,126.97822449419233,http://place.map.kakao.com/26985073,감리교신학대학교 게이트
8138835,감리교신학대학교,27545008,반포식스 숭례문점,음식점 > 아시아음식 > 동남아음식,37.5607484118596,126.972496925719,http://place.map.kakao.com/27545008,감리교신학대학교 게이트
8138835,감리교신학대학교,1053051576,종근당빌딩 정문,"교통,수송 > 입출구",37.5596484552514,126.963165663089,http://place.map.kakao.com/1053051576,감리교신학대학교 게이트
8138835,감리교신학대학교,1890976387,환구단 황궁우 정문,"여행 > 관광,명소 > 문화유적",37.5651304002105,126.979043240794,http://place.map.kakao.com/1890976387,감리교신학대학교 게이트
8138835,감리교신학대학교,326542918,경희궁자이정문부동산,부동산 > 부동산서비스 > 부동산중개업,37.5714421581948,126.962105986398,http://place.map.kakao.com/326542918,감리교신학대학교 게이트
8138835,감리교신학대학교,17933868,경희궁 태령문,"여행 > 관광,명소 > 문화유적",37.5712599891595,126.967593882644,http://place.map.kakao.com/17933868,감리교신학대학교 게이트
8138835,감리교신학대학교,838350412,경희궁자이1단지아파트 정문,"교통,수송 > 입출구",37.5717271527204,126.962988786266,http://place.map.kakao.com/838350412,감리교신학대학교 gate
8138835,감리교신학대학교,1142964882,서울역센트럴자이아파트 정문,"교통,수송 > 입출구",37.5548572301628,126.964070005939,http://place.map.kakao.com/1142964882,감리교신학대학교 gate
8138835,감리교신학대학교,395048112,천연뜨란채아파트 후문입구,"교통,수송 > 입출구",37.5687110990256,126.958984363633,http://place.map.kakao.com/395048112,감리교신학대학교 gate
8138835,감리교신학대학교,1557454094,신촌푸르지오아파트 정문,"교통,수송 > 입출구",37.5605052392461,126.9528521884927,http://place.map.kakao.com/1557454094,감리교신학대학교 gate
8138835,감리교신학대학교,1752657863,배화여자중학교 정문,"교통,수송 > 입출구",37.5780508109265,126.967684902097,http://place.map.kakao.com/1752657863,감리교신학대학교 gate
8138835,감리교신학대학교,1052898871,종근당빌딩 서문,"교통,수송 > 입출구",37.55982408696,126.962965248078,http://place.map.kakao.com/1052898871,감리교신학대학교 gate
8138835,감리교신학대학교,1052996044,종근당빌딩 동문,"교통,수송 > 입출구",37.5596530446653,126.963437292143,http://place.map.kakao.com/1052996044,감리교신학대학교 gate
8138835,감리교신학대학교,1341536850,이대공대 철문,"교통,수송 > 입출구",37.5668145259871,126.947649370519,http://place.map.kakao.com/1341536850,감리교신학대학교 gate
8138835,감리교신학대학교,1954181403,경희궁롯데캐슬아파트 후문,"교통,수송 > 입출구",37.5745656309467,126.958599661214,http://place.map.kakao.com/1954181403,감리교신학대학교 gate
8138835,감리교신학대학교,313573795,e편한세상신촌아파트1단지 후문,"교통,수송 > 입출구",37.5588278232198,126.949091193407,http://place.map.kakao.com/313573795,감리교신학대학교 gate
8138835,감리교신학대학교,792576920,신촌푸르지오1단지아파트 후문,"교통,수송 > 입출구",37.5606731796172,126.951504093947,http://place.map.kakao.com/792576920,감리교신학대학교 gate
8138835,감리교신학대학교,345254034,이화여자대학교 북아현문,"교통,수송 > 입출구",37.56809505093891,126.95021794364267,http://place.map.kakao.com/345254034,감리교신학대학교 gate
8138835,감리교신학대학교,24582616,청계광장 진출입 계단 1번,"교통,수송 > 입출구",37.5692262620098,126.978678739891,http://place.map.kakao.com/24582616,감리교신학대학교 gate
8138835,감리교신학대학교,18097390,연세대학교 정문,"교통,수송 > 입출구",37.5604968585685,126.936840480172,http://place.map.kakao.com/18097390,감리교신학대학교 gate
8138835,감리교신학대학교,24582618,광통교 진출입 계단 3번,"교통,수송 > 입출구",37.5690501205507,126.981359222493,http://place.map.kakao.com/24582618,감리교신학대학교 gate
8138835,감리교신학대학교,975007361,투썸플레이스 앞 1-1 진입로,"교통,수송 > 입출구",37.5691921407208,126.979334143748,http://place.map.kakao.com/975007361,감리교신학대학교 gate
8138835,감리교신학대학교,1122624057,마포더클래시 2단지아파트 정문,"교통,수송 > 입출구",37.5564114656951,126.949363325085,http://place.map.kakao.com/1122624057,감리교신학대학교 gate
8138835,감리교신학대학교,1255394510,힐스테이트신촌아파트 후문,"교통,수송 > 입출구",37.5612121264876,126.951872718162,http://place.map.kakao.com/1255394510,감리교신학대학교 gate
8138835,감리교신학대학교,2100074496,남대문시장 1번게이트,"교통,수송 > 입출구",37.5599937766433,126.97598281472,http://place.map.kakao.com/2100074496,감리교신학대학교 gate
8138835,감리교신학대학교,10043389,서강대학교 정문,"교통,수송 > 입출구",37.5516352233547,126.937925314256,http://place.map.kakao.com/10043389,감리교신학대학교 gate
8138835,감리교신학대학교,2075323793,숙명여자대학교 제1캠퍼스 정문,"교통,수송 > 입출구",37.5452474193529,126.964862197806,http://place.map.kakao.com/2075323793,감리교신학대학교 gate
8138835,감리교신학대학교,24582619,모전교 진출입 계단 4번,"교통,수송 > 입출구",37.5689922605279,126.980154854369,http://place.map.kakao.com/24582619,감리교신학대학교 gate
8138835,감리교신학대학교,24582621,광교 진출입 계단 6번,"교통,수송 > 입출구",37.5687548570305,126.983107003547,http://place.map.kakao.com/24582621,감리교신학대학교 gate
8138835,감리교신학대학교,135697378,남대문시장 게이트3,"교통,수송 > 입출구",37.56093160629,126.978212531763,http://place.map.kakao.com/135697378,감리교신학대학교 gate
11025307,강서대학교,863500211,게이트맨 친정도어락,"가정,생활 > 생활용품점 > 열쇠,도장",37.5563149631991,126.857711182773,http://place.map.kakao.com/863500211,강서대학교 게이트
11025307,강서대학교,1036347197,등촌아이파크아파트 정문,"교통,수송 > 입출구",37.5439591932762,126.86193841083,http://place.map.kakao.com/1036347197,강서대학교 게이트
11025307,강서대학교,1349476517,등촌힐스테이트 정문공인중개사사무소,부동산 > 부동산서비스 > 부동산중개업,37.5488697427257,126.862031201164,http://place.map.kakao.com/1349476517,강서대학교 게이트
11025307,강서대학교,1805877454,가양역두산위브아파트 정문,"교통,수송 > 입출구",37.5560416835155,126.854525849641,http://place.map.kakao.com/1805877454,강서대학교 게이트
11025307,강서대학교,928423966,목동롯데캐슬위너아파트 서문,"교통,수송 > 입출구",37.5471895437624,126.866085454262,http://place.map.kakao.com/928423966,강서대학교 게이트
11025307,강서대학교,1070513907,강나루현대홈타운 정문,"교통,수송 > 입출구",37.5605473636423,126.856569060934,http://place.map.kakao.com/1070513907,강서대학교 게이트
11025307,강서대학교,916725361,서울시니어스가양타워아파트 정문,"교통,수송 > 입출구",37.5567960603231,126.859184942272,http://place.map.kakao.com/916725361,강서대학교 게이트
11025307,강서대학교,439227165,강서힐스테이트아파트 게이트2,"교통,수송 > 입출구",37.5479148818679,126.840713264682,http://place.map.kakao.com/439227165,강서대학교 게이트
11025307,강서대학교,1444919246,보타닉게이트,부동산 > 빌딩,37.56917313842381,126.83686468640417,http://place.map.kakao.com/1444919246,강서대학교 게이트
11025307,강서대학교,1557703322,KBS스포츠월드 정문,"교통,수송 > 입출구",37.5566885761017,126.849475849174,http://place.map.kakao.com/1557703322,강서대학교 게이트
11025307,강서대학교,219973715,화곡본동시장 1문,"교통,수송 > 입출구",37.5435035600085,126.843381797541,http://place.map.kakao.com/219973715,강서대학교 게이트
11025307,강서대학교,1584791873,이대서울병원 정문,"교통,수송 > 입출구",37.5572197425741,126.83564581402,http://place.map.kakao.com/1584791873,강서대학교 게이트
11025307,강서대학교,292256231,우장산힐스테이트아파트 후문,"교통,수송 > 입출구",37.5556474831244,126.842235967471,http://place.map.kakao.com/292256231,강서대학교 게이트
11025307,강서대학교,471376957,서울화일초등학교 정문,"교통,수송 > 입출구",37.5406368866816,126.84774862824,http://place.map.kakao.com/471376957,강서대학교 게이트
11025307,강서대학교,189487851,목동건영아파트 정문,"교통,수송 > 입출구",37.5415232320322,126.872664076502,http://place.map.kakao.com/189487851,강서대학교 게이트
11025307,강서대학교,219811993,화곡본동시장 2문,"교통,수송 > 입출구",37.542893728142,126.843490569805,http://place.map.kakao.com/219811993,강서대학교 게이트
11025307,강서대학교,1273896754,가양7단지아파트 정문,"교통,수송 > 입출구",37.5609995220301,126.861737200921,http://place.map.kakao.com/1273896754,강서대학교 게이트
11025307,강서대학교,219788049,화곡본동시장 3문,"교통,수송 > 입출구",37.5427774039164,126.844099582003,http://place.map.kakao.com/219788049,강서대학교 게이트
11025307,강서대학교,928327612,목동롯데캐슬위너아파트 남문,"교통,수송 > 입출구",37.5461374931555,126.867965779029,http://place.map.kakao.com/928327612,강서대학교 게이트
11025307,강서대학교,1765227892,강서힐스테이트아파트 2번 GATE,"교통,수송 > 입출구",37.5477851751754,126.840740699484,http://place.map.kakao.com/1765227892,강서대학교 게이트
11025307,강서대학교,449247185,전담게이트 발산점,"서비스,산업 > 식품 > 담배 > 전자담배",37.559975957913,126.838305151092,http://place.map.kakao.com/449247185,강서대학교 게이트
11025307,강서대학교,1423562880,목동롯데캐슬위너아파트 동문,"교통,수송 > 입출구",37.5468631088977,126.868245136762,http://place.map.kakao.com/1423562880,강서대학교 게이트
11025307,강서대학교,916870674,서울시니어스가양타워아파트 후문,"교통,수송 > 입출구",37.5571729727892,126.859433219944,http://place.map.kakao.com/916870674,강서대학교 게이트
11025307,강서대학교,219636736,화곡본동시장 4문,"교통,수송 > 입출구",37.5431531148545,126.844095405017,http://place.map.kakao.com/219636736,강서대학교 게이트
11025307,강서대학교,18083076,강서운전면허시험장 출입구,"교통,수송 > 입출구",37.549636119836,126.822019362232,http://place.map.kakao.com/18083076,강서대학교 게이트
11025307,강서대학교,2043095533,우장산힐스테이트아파트 정문,"교통,수송 > 입출구",37.5552918187946,126.83906787298,http://place.map.kakao.com/2043095533,강서대학교 게이트
11025307,강서대학교,318819893,카페게이트 강서한강자이점,음식점 > 카페 > 커피전문점 > 카페게이트,37.56525487810478,126.84778343067747,http://place.map.kakao.com/318819893,강서대학교 게이트
11025307,강서대학교,1064041585,삼성한사랑1차아파트 후문,"교통,수송 > 입출구",37.5548292267721,126.865401804621,http://place.map.kakao.com/1064041585,강서대학교 게이트
11025307,강서대학교,533149980,강서힐스테이트아파트 1번 GATE,"교통,수송 > 입출구",37.5477702028397,126.837685367187,http://place.map.kakao.com/533149980,강서대학교 게이트
11025307,강서대학교,1764395898,등촌주공9단지아파트 후문,"교통,수송 > 입출구",37.5609695819702,126.85047794882,http://place.map.kakao.com/1764395898,강서대학교 게이트
11025307,강서대학교,770332724,가양6단지아파트 후문,"교통,수송 > 입출구",37.56195413296954,126.85983169684552,http://place.map.kakao.com/770332724,강서대학교 게이트
11025307,강서대학교,439210432,강서힐스테이트아파트 게이트3,"교통,수송 > 입출구",37.5455504238441,126.837889338758,http://place.map.kakao.com/439210432,강서대학교 게이트
11025307,강서대학교,1719876652,서울염동초등학교 후문,"교통,수송 > 입출구",37.5528678981427,126.872012160468,http://place.map.kakao.com/1719876652,강서대학교 게이트
11025307,강서대학교,27403266,목동롯데캐슬위너아파트 서문경비실,"서비스,산업 > 관리,운영 > 건물관리사무소",37.5472220668764,126.866162345454,http://place.map.kakao.com/27403266,강서대학교 게이트
11025307,강서대학교,439329540,강서힐스테이트아파트 게이트1,"교통,수송 > 입출구",37.5479107207524,126.83765790365,http://place.map.kakao.com/439329540,강서대학교 게이트
11025307,강서대학교,1960923247,우장산아이파크e편한세상아파트 정문,"교통,수송 > 입출구",37.5481163218303,126.837784199369,http://place.map.kakao.com/1960923247,강서대학교 게이트
11025307,강서대학교,1238057693,홀리게이트 킨더가든,"교육,학문 > 유아교육 > 유치원",37.545530301537,126.878096780315,http://place.map.kakao.com/1238057693,강서대학교 게이트
11025307,강서대학교,27504738,화곡푸르지오아파트 정문,"교통,수송 > 입출구",37.5420059121861,126.831465401831,http://place.map.kakao.com/27504738,강서대학교 게이트
11025307,강서대학교,459944913,강서고등학교 정문,"교통,수송 > 입출구",37.5363428521933,126.867270240237,http://place.map.kakao.com/459944913,강서대학교 게이트
11025307,강서대학교,1735382291,염경중학교 후문,"교통,수송 > 입출구",37.5548935144706,126.870519346885,http://place.map.kakao.com/1735382291,강서대학교 게이트
11025307,강서대학교,62063476,서울등원초등학교 후문,"교통,수송 > 입출구",37.5602814530571,126.849243392143,http://place.map.kakao.com/62063476,강서대학교 게이트
11025307,강서대학교,710775794,우장산아이파크e편한세상 후문,"교통,수송 > 입출구",37.5481366381167,126.8407954012,http://place.map.kakao.com/710775794,강서대학교 게이트
11025307,강서대학교,203000061,게이트웨이,"가정,생활 > 생활용품점 > 열쇠",37.5329941117289,126.867517161837,http://place.map.kakao.com/203000061,강서대학교 게이트
11025307,강서대학교,325583265,송화벽화시장 남문,"교통,수송 > 입출구",37.5486016500209,126.835605893645,http://place.map.kakao.com/325583265,강서대학교 게이트
11025307,강서대학교,325854192,송화벽화시장 동문,"교통,수송 > 입출구",37.5493709489763,126.836143996599,http://place.map.kakao.com/325854192,강서대학교 게이트
11025307,강서대학교,1761616318,보람더하임1차아파트 후문,"교통,수송 > 입출구",37.5514764640079,126.870092959461,http://place.map.kakao.com/1761616318,강서대학교 gate
11025307,강서대학교,588754542,등촌주공5단지아파트 정문,"교통,수송 > 입출구",37.5613026482053,126.844660854515,http://place.map.kakao.com/588754542,강서대학교 gate
11025307,강서대학교,1911480473,가양7단지아파트 후문 (입주민전용),"교통,수송 > 입출구",37.5617608513798,126.860196507632,http://place.map.kakao.com/1911480473,강서대학교 gate
11025307,강서대학교,1579152573,염창한화꿈에그린1차아파트 후문,"교통,수송 > 입출구",37.5482696828144,126.872453435089,http://place.map.kakao.com/1579152573,강서대학교 gate
11025307,강서대학교,1702898626,e편한세상목동아파트 정문,"교통,수송 > 입출구",37.53935147910514,126.8706887945884,http://place.map.kakao.com/1702898626,강서대학교 gate
11025307,강서대학교,463747333,목동신시가지7단지아파트 정문,"교통,수송 > 입출구",37.5276140109998,126.864932578571,http://place.map.kakao.com/463747333,강서대학교 gate
11025307,강서대학교,247876428,화곡푸르지오아파트 후문,"교통,수송 > 입출구",37.5473057339867,126.832838560181,http://place.map.kakao.com/247876428,강서대학교 gate
11025307,강서대학교,1703110222,명덕여자고등학교 정문,"교통,수송 > 입출구",37.5532941904924,126.834420882284,http://place.map.kakao.com/1703110222,강서대학교 gate
11025307,강서대학교,868652588,강차운동재활센터,"의료,건강 > 대체의학",37.5492992670505,126.87731320583703,http://place.map.kakao.com/868652588,강서대 문
11025307,강서대학교,8174302,강안과의원,"의료,건강 > 병원 > 안과",37.5548375860734,126.85422941531,http://place.map.kakao.com/8174302,강서대 문
11025307,강서대학교,24013076,강빌딩,부동산 > 빌딩,37.5533786178319,126.860737276672,http://place.map.kakao.com/24013076,강서대 문
11025307,강서대학교,418651255,복건강아로마,"가정,생활 > 미용 > 체형관리",37.5528722709472,126.852584365543,http://place.map.kakao.com/418651255,강서대 문
11025307,강서대학교,1668831697,강뷰티 속눈썹&네일,"가정,생활 > 미용",37.5330437529369,126.867594008832,http://place.map.kakao.com/1668831697,강서대 문
12840668,건국대학교 서울캠퍼스,814359521,게이트NO.5PC,"가정,생활 > 여가시설 > 게임방,PC방",37.539730276367,127.070202532858,http://place.map.kakao.com/814359521,건국대학교 게이트
12840668,건국대학교 서울캠퍼스,194081591,세종대학교 정문,"교통,수송 > 입출구",37.5491013244794,127.074995883714,http://place.map.kakao.com/194081591,건국대학교 게이트
12840668,건국대학교 서울캠퍼스,17556285,서울어린이대공원 구의문,"교통,수송 > 입출구",37.54622612081522,127.08450744459128,http://place.map.kakao.com/17556285,건국대학교 게이트
12840668,건국대학교 서울캠퍼스,1636304013,카페게이트 건대점,음식점 > 카페 > 커피전문점 > 카페게이트,37.54215941283479,127.06859916585078,http://place.map.kakao.com/1636304013,건국대학교 게이트
12840668,건국대학교 서울캠퍼스,1890494262,전담게이트 건대점,"서비스,산업 > 식품 > 담배 > 전자담배",37.5411258516614,127.068796234353,http://place.map.kakao.com/1890494262,건국대학교 게이트
12840668,건국대학교 서울캠퍼스,18164729,서울어린이대공원 정문,"교통,수송 > 입출구",37.54938520021207,127.07630660918782,http://place.map.kakao.com/18164729,건국대학교 게이트
12840668,건국대학교 서울캠퍼스,18164731,서울어린이대공원 후문,"교통,수송 > 입출구",37.551126006358,127.086640512262,http://place.map.kakao.com/18164731,건국대학교 게이트
12840668,건국대학교 서울캠퍼스,24520826,건국대학교 상허문,"교통,수송 > 입출구",37.539599090412,127.072587598758,http://place.map.kakao.com/24520826,건국대학교 게이트
12840668,건국대학교 서울캠퍼스,24521105,건국대학교 일감문,"교통,수송 > 입출구",37.5390502671874,127.074220931761,http://place.map.kakao.com/24521105,건국대학교 게이트
12840668,건국대학교 서울캠퍼스,17556824,서울어린이대공원 정문주차장,"교통,수송 > 교통시설 > 주차장",37.55070938662453,127.0767402539164,http://place.map.kakao.com/17556824,건국대학교 게이트
12840668,건국대학교 서울캠퍼스,314938811,하루 건대후문점,"음식점 > 일식 > 돈까스,우동",37.5452406638136,127.076217516114,http://place.map.kakao.com/314938811,건국대학교 게이트
12840668,건국대학교 서울캠퍼스,1263466475,더샵스타시티아파트 정문,"교통,수송 > 입출구",37.537866186888685,127.07157099251276,http://place.map.kakao.com/1263466475,건국대학교 게이트
12840668,건국대학교 서울캠퍼스,26332665,구의문 개방화장실,"가정,생활 > 화장실",37.5472825390751,127.083879462117,http://place.map.kakao.com/26332665,건국대학교 게이트
12840668,건국대학교 서울캠퍼스,34295205,제노PC방 건대후문점,"가정,생활 > 여가시설 > 게임방,PC방",37.5452298014105,127.076295583995,http://place.map.kakao.com/34295205,건국대학교 게이트
12840668,건국대학교 서울캠퍼스,432721347,e편한세상광진그랜드파크아파트 후문,"교통,수송 > 입출구",37.544976774584,127.080143812739,http://place.map.kakao.com/432721347,건국대학교 게이트
12840668,건국대학교 서울캠퍼스,1736432955,아들내미분식 건대후문점,음식점 > 분식,37.5450832040734,127.075883540698,http://place.map.kakao.com/1736432955,건국대학교 게이트
12840668,건국대학교 서울캠퍼스,1853730890,게이트맨프라자 열쇠마트,"가정,생활 > 생활용품점 > 열쇠",37.5329757993691,127.076916679785,http://place.map.kakao.com/1853730890,건국대학교 게이트
12840668,건국대학교 서울캠퍼스,1649682353,미디어게이트,"서비스,산업 > 인터넷,IT > 소프트웨어",37.53652217627298,127.0847578570763,http://place.map.kakao.com/1649682353,건국대학교 게이트
12840668,건국대학교 서울캠퍼스,1635434228,어린이회관 정문,"교통,수송 > 입출구",37.54576171449,127.078550247159,http://place.map.kakao.com/1635434228,건국대학교 게이트
12840668,건국대학교 서울캠퍼스,20514618,서울어린이대공원 후문주차장,"교통,수송 > 교통시설 > 주차장",37.55168237516295,127.08724886648729,http://place.map.kakao.com/20514618,건국대학교 게이트
12840668,건국대학교 서울캠퍼스,1063956846,게이트원 스터디카페 본사,"서비스,산업 > 기업",37.5474813462827,127.072074699416,http://place.map.kakao.com/1063956846,건국대학교 게이트
12840668,건국대학교 서울캠퍼스,417625931,리코스타 코인노래연습장 건대후문점,"가정,생활 > 여가시설 > 노래방 > 코인노래방",37.5458894257059,127.076151412882,http://place.map.kakao.com/417625931,건국대학교 게이트
12840668,건국대학교 서울캠퍼스,2006614494,어린이대공원 남문,"교통,수송 > 입출구",37.545447948752,127.081530505239,http://place.map.kakao.com/2006614494,건국대학교 게이트
12840668,건국대학교 서울캠퍼스,1543588850,더샵스타시티아파트 동문,"교통,수송 > 입출구",37.5370612327241,127.073623814779,http://place.map.kakao.com/1543588850,건국대학교 게이트
12840668,건국대학교 서울캠퍼스,1226409512,3분마트 건대후문점,"가정,생활 > 슈퍼마켓",37.5450594165732,127.075039360683,http://place.map.kakao.com/1226409512,건국대학교 게이트
12840668,건국대학교 서울캠퍼스,1968799237,어린이대공원 서문,"교통,수송 > 입출구",37.5519929203311,127.078699378208,http://place.map.kakao.com/1968799237,건국대학교 게이트
12840668,건국대학교 서울캠퍼스,1855908957,더샵스타시티아파트 북문B,"교통,수송 > 입출구",37.5379786369153,127.073324877389,http://place.map.kakao.com/1855908957,건국대학교 게이트
12840668,건국대학교 서울캠퍼스,1156322045,프린트카페 건대후문점,"서비스,산업 > 인쇄,복사",37.5464574224846,127.075579402386,http://place.map.kakao.com/1156322045,건국대학교 게이트
12840668,건국대학교 서울캠퍼스,1770594845,게이트원,음식점 > 양식,37.5579376382328,127.081450174594,http://place.map.kakao.com/1770594845,건국대학교 게이트
12840668,건국대학교 서울캠퍼스,26332016,남문 개방화장실,"가정,생활 > 화장실",37.5468798614309,127.082502980763,http://place.map.kakao.com/26332016,건국대학교 게이트
12840668,건국대학교 서울캠퍼스,24353259,나노게이트 서울사업장,"서비스,산업 > 제조업 > 전기,전자 > 전기자재,부품",37.5518769772773,127.07407974123511,http://place.map.kakao.com/24353259,건국대학교 게이트
12840668,건국대학교 서울캠퍼스,1854304178,더샵스타시티아파트 북문A,"교통,수송 > 입출구",37.5383442333349,127.072202812368,http://place.map.kakao.com/1854304178,건국대학교 게이트
12840668,건국대학교 서울캠퍼스,1210076442,래미안파크스위트아파트 후문,"교통,수송 > 입출구",37.54544764567652,127.08941763196725,http://place.map.kakao.com/1210076442,건국대학교 게이트
12840668,건국대학교 서울캠퍼스,18431171,서울어린이대공원 북문,"교통,수송 > 입출구",37.5521817756738,127.081870555134,http://place.map.kakao.com/18431171,건국대학교 게이트
12840668,건국대학교 서울캠퍼스,1171079148,더샵스타시티아파트 남문,"교통,수송 > 입출구",37.5368324823168,127.071994299047,http://place.map.kakao.com/1171079148,건국대학교 게이트
12840668,건국대학교 서울캠퍼스,1736089588,서울어린이대공원 능동문,"교통,수송 > 입출구",37.5502416163978,127.076974026832,http://place.map.kakao.com/1736089588,건국대학교 게이트
12840668,건국대학교 서울캠퍼스,931500858,게이트19 롯데백화점건대스타시티점,"가정,생활 > 패션 > 패션잡화점 > 액세서리",37.53906130479614,127.07092153054958,http://place.map.kakao.com/931500858,건국대학교 게이트
12840668,건국대학교 서울캠퍼스,1658284644,서울어린이대공원 동문,"교통,수송 > 입출구",37.5473244409407,127.085753455973,http://place.map.kakao.com/1658284644,건국대학교 게이트
12840668,건국대학교 서울캠퍼스,1864389490,게이트스터디카페 구의본점,"서비스,산업 > 전문대행 > 공간대여 > 스터디카페,스터디룸",37.5395983762096,127.092895646849,http://place.map.kakao.com/1864389490,건국대학교 게이트
12840668,건국대학교 서울캠퍼스,26335849,후문 개방화장실,"가정,생활 > 화장실",37.549451325836,127.085022588164,http://place.map.kakao.com/26335849,건국대학교 게이트
12840668,건국대학교 서울캠퍼스,26334768,서울어린이대공원 정문 개방화장실,"가정,생활 > 화장실",37.5490787247531,127.076516781246,http://place.map.kakao.com/26334768,건국대학교 게이트
12840668,건국대학교 서울캠퍼스,1775918078,롯데캐슬리버파크시그니처 후문,"교통,수송 > 입출구",37.538173679262734,127.06323799314842,http://place.map.kakao.com/1775918078,건국대학교 게이트
12840668,건국대학교 서울캠퍼스,1157761993,서울신자초등학교 후문,"교통,수송 > 입출구",37.5300228321165,127.076122834383,http://place.map.kakao.com/1157761993,건국대학교 게이트
12840668,건국대학교 서울캠퍼스,1141756917,롯데캐슬리버파크시그니처아파트 정문,"교통,수송 > 입출구",37.5370586928434,127.062388459984,http://place.map.kakao.com/1141756917,건국대학교 게이트
12840668,건국대학교 서울캠퍼스,1867766971,테이큰커피 세종대후문점,음식점 > 카페,37.5537261696376,127.073528166722,http://place.map.kakao.com/1867766971,건국대학교 게이트
12840668,건국대학교 서울캠퍼스,192892426,선화예술중학교 후문,"교통,수송 > 입출구",37.5511643552597,127.087175835847,http://place.map.kakao.com/192892426,건국대학교 gate
12840668,건국대학교 서울캠퍼스,138220039,롯데캐슬리버파크시그니처아파트 후문 (입주민전용),"교통,수송 > 입출구",37.5381799862609,127.063237998475,http://place.map.kakao.com/138220039,건국대학교 gate
12840668,건국대학교 서울캠퍼스,355449068,서울구남초등학교 후문,"교통,수송 > 입출구",37.5374516213836,127.092477737433,http://place.map.kakao.com/355449068,건국대학교 gate
12840668,건국대학교 서울캠퍼스,355490071,서울구남초등학교 정문,"교통,수송 > 입출구",37.5369738254799,127.092816583577,http://place.map.kakao.com/355490071,건국대학교 gate
12840668,건국대학교 서울캠퍼스,868649113,성동강변파크빌아파트 정문,"교통,수송 > 입출구",37.5378048316792,127.092454412835,http://place.map.kakao.com/868649113,건국대학교 gate
12840668,건국대학교 서울캠퍼스,26991291,양진중학교 정문,"교통,수송 > 입출구",37.5439740593733,127.097938779873,http://place.map.kakao.com/26991291,건국대학교 gate
12840668,건국대학교 서울캠퍼스,639335777,청담르엘아파트 정문,"교통,수송 > 입출구",37.5211978444532,127.059909200519,http://place.map.kakao.com/639335777,건국대학교 gate
12840668,건국대학교 서울캠퍼스,1654025440,광장현대홈타운11차아파트 정문,"교통,수송 > 입출구",37.542695586133,127.096791988589,http://place.map.kakao.com/1654025440,건국대학교 gate
12840668,건국대학교 서울캠퍼스,1034460081,성동강변파크빌아파트 후문,"교통,수송 > 입출구",37.5378692236894,127.093065484779,http://place.map.kakao.com/1034460081,건국대학교 gate
12840668,건국대학교 서울캠퍼스,689197429,한양대학교 후문,"교통,수송 > 입출구",37.5558504729312,127.049864448928,http://place.map.kakao.com/689197429,건국대학교 gate
12840668,건국대학교 서울캠퍼스,113620248,서울광남초등학교 후문,"교통,수송 > 입출구",37.5406393574884,127.100209883034,http://place.map.kakao.com/113620248,건국대학교 gate
12840668,건국대학교 서울캠퍼스,991230654,성수아이파크아파트 정문,"교통,수송 > 입출구",37.5472783847373,127.057755112499,http://place.map.kakao.com/991230654,건국대학교 gate
12840668,건국대학교 서울캠퍼스,995645242,성수아이파크아파트 후문,"교통,수송 > 입출구",37.5472199668664,127.055571061964,http://place.map.kakao.com/995645242,건국대학교 gate
12840668,건국대학교 서울캠퍼스,2136203781,청담르엘아파트 후문,"교통,수송 > 입출구",37.5218883831173,127.057347524976,http://place.map.kakao.com/2136203781,건국대학교 gate
12840668,건국대학교 서울캠퍼스,1606022749,장로회신학대학교 남문,"교통,수송 > 입출구",37.5492641798734,127.104866809209,http://place.map.kakao.com/1606022749,건국대학교 gate
12840668,건국대학교 서울캠퍼스,1557335537,장로회신학대학교 서문,"교통,수송 > 입출구",37.5503594632698,127.102160290498,http://place.map.kakao.com/1557335537,건국대학교 gate
12840668,건국대학교 서울캠퍼스,1548123388,광장현대홈타운11차아파트 후문,"교통,수송 > 입출구",37.5434114640527,127.098386138181,http://place.map.kakao.com/1548123388,건국대학교 gate
12840668,건국대학교 서울캠퍼스,113346198,장안래미안1차아파트 정문,"교통,수송 > 입출구",37.5667678204244,127.07251887404,http://place.map.kakao.com/113346198,건국대학교 gate
12840668,건국대학교 서울캠퍼스,26531651,서울동의초등학교 정문,"교통,수송 > 입출구",37.5537192991079,127.097888155867,http://place.map.kakao.com/26531651,건국대학교 gate
12840668,건국대학교 서울캠퍼스,18093904,장로회신학대학교 북문,"교통,수송 > 입출구",37.5516819391163,127.103412597755,http://place.map.kakao.com/18093904,건국대학교 gate
12840668,건국대학교 서울캠퍼스,603693434,서울교통공사 군자차량사업소 정문,"교통,수송 > 입출구",37.5589236549712,127.054223873112,http://place.map.kakao.com/603693434,건국대학교 gate
12840668,건국대학교 서울캠퍼스,1424741564,한진타운아파트 후문,"교통,수송 > 입출구",37.5406790939421,127.046333083748,http://place.map.kakao.com/1424741564,건국대학교 gate
12840668,건국대학교 서울캠퍼스,1116413091,봉은중학교 정문,"교통,수송 > 입출구",37.51902991972603,127.0635702383682,http://place.map.kakao.com/1116413091,건국대학교 gate
12840668,건국대학교 서울캠퍼스,10122700,건국대학교 건국문,"교통,수송 > 입출구",37.545150296654754,127.07663044995195,http://place.map.kakao.com/10122700,건국대학교 문
12840668,건국대학교 서울캠퍼스,878865316,주인문포차,음식점 > 술집 > 실내포장마차,37.541444808001,127.068792001333,http://place.map.kakao.com/878865316,건국대 문
12840668,건국대학교 서울캠퍼스,73688566,자양문빌리지,"부동산 > 주거시설 > 빌라,주택",37.53613821530655,127.07977794884235,http://place.map.kakao.com/73688566,건국대 문
12840668,건국대학교 서울캠퍼스,338936066,문연기학원,"교육,학문 > 학원 > 연기학원",37.53595130810929,127.07629291877801,http://place.map.kakao.com/338936066,건국대 문
12840668,건국대학교 서울캠퍼스,237765454,카페문,음식점 > 카페,37.53536256062906,127.06323335647045,http://place.map.kakao.com/237765454,건국대 문
12840668,건국대학교 서울캠퍼스,10644965,열린문교회,"문화,예술 > 종교 > 기독교 > 교회",37.5319448109158,127.071570990768,http://place.map.kakao.com/10644965,건국대 문
12840668,건국대학교 서울캠퍼스,2077817173,블루문스터디카페 세종대점,"서비스,산업 > 전문대행 > 공간대여 > 스터디카페,스터디룸",37.5481151655689,127.072862918939,http://place.map.kakao.com/2077817173,건국대 문
12840668,건국대학교 서울캠퍼스,929223061,소망의문교회,"문화,예술 > 종교 > 기독교 > 교회",37.5404709708354,127.088827830918,http://place.map.kakao.com/929223061,건국대 문
12840668,건국대학교 서울캠퍼스,1429340538,사마문스페이스,"서비스,산업 > 전문대행 > 공간대여",37.5499113066801,127.07063758084,http://place.map.kakao.com/1429340538,건국대 문
12840668,건국대학교 서울캠퍼스,131869532,문또아트미술교습소,"교육,학문 > 학원 > 미술학원",37.5341575277568,127.068776255866,http://place.map.kakao.com/131869532,건국대 문
12840668,건국대학교 서울캠퍼스,10481761,우성자동문,"서비스,산업 > 제조업 > 전기,전자 > 자동화장치",37.5424837921146,127.05667192702,http://place.map.kakao.com/10481761,건국대 문
12840668,건국대학교 서울캠퍼스,1342242637,문비드네일,"가정,생활 > 미용 > 네일샵",37.5513573738809,127.089312656254,http://place.map.kakao.com/1342242637,건국대 문
12840668,건국대학교 서울캠퍼스,1327688393,문하우징,"서비스,산업 > 건설,건축 > 시공업체",37.55422317624677,127.0908495496293,http://place.map.kakao.com/1327688393,건국대 문
12840668,건국대학교 서울캠퍼스,869185751,파란문,"가정,생활 > 문구,사무용품",37.5357263479462,127.095692276897,http://place.map.kakao.com/869185751,건국대 문
12840668,건국대학교 서울캠퍼스,414496146,남평문씨대종회,"가정,생활 > 친목 > 종친회",37.5586123735204,127.074810748838,http://place.map.kakao.com/414496146,건국대 문
12840668,건국대학교 서울캠퍼스,258114840,게장문,음식점 > 한식,37.5429075377955,127.056094028853,http://place.map.kakao.com/258114840,건국대 문
12840668,건국대학교 서울캠퍼스,2083169677,고려강화도어 자동문,"서비스,산업 > 건설,건축 > 건설자재 > 셔터,샷시",37.5591664481876,127.086721124194,http://place.map.kakao.com/2083169677,건국대 문
12840668,건국대학교 서울캠퍼스,640823798,하루문 스튜디오,"문화,예술 > 사진 > 사진관,포토스튜디오",37.5385730528804,127.057499472263,http://place.map.kakao.com/640823798,건국대 문
12840668,건국대학교 서울캠퍼스,1385082242,아이문,"가정,생활 > 전자제품 > 전자제품판매 > 컴퓨터주변기기",37.535725446946756,127.09569227574563,http://place.map.kakao.com/1385082242,건국대 문
12840668,건국대학교 서울캠퍼스,286224016,선플러스문,"가정,생활 > 미용 > 화장품",37.5397133024499,127.056495579772,http://place.map.kakao.com/286224016,건국대 문
12840668,건국대학교 서울캠퍼스,16080187,문스크린골프,"스포츠,레저 > 골프 > 골프연습장 > 스크린골프연습장",37.5616127305525,127.065659535056,http://place.map.kakao.com/16080187,건국대 문
12840668,건국대학교 서울캠퍼스,1026530036,문앤도어 아카이브,"문화,예술 > 미술,공예",37.5542294858423,127.090846162145,http://place.map.kakao.com/1026530036,건국대 문
12840668,건국대학교 서울캠퍼스,24691187,열린문교회,"문화,예술 > 종교 > 기독교 > 교회",37.5548422096058,127.095359089724,http://place.map.kakao.com/24691187,건국대 문
12840668,건국대학교 서울캠퍼스,275341938,문쌔미국어교습소,"교육,학문 > 학원",37.54003498072508,127.09782952934434,http://place.map.kakao.com/275341938,건국대 문
12840668,건국대학교 서울캠퍼스,1734689933,자동문수리,"서비스,산업 > 건설,건축 > 시공업체 > 유리,창호시공",37.5598694291095,127.080054504204,http://place.map.kakao.com/1734689933,건국대 문
12840668,건국대학교 서울캠퍼스,827817780,잠실 문웨이크수상레져파크,"스포츠,레저 > 수영,수상 > 수상스포츠",37.5193276651495,127.076542950601,http://place.map.kakao.com/827817780,건국대 문
12840668,건국대학교 서울캠퍼스,16063360,두산자동문,"서비스,산업 > 건설,건축 > 건설자재",37.5388533373667,127.051482462974,http://place.map.kakao.com/16063360,건국대 문
12840668,건국대학교 서울캠퍼스,20552600,문노래주점,"가정,생활 > 유흥시설 > 유흥주점",37.5619370589168,127.065714147598,http://place.map.kakao.com/20552600,건국대 문
12840668,건국대학교 서울캠퍼스,24690863,진은텐타전문,"서비스,산업 > 제조업",37.5622743092614,127.085037158168,http://place.map.kakao.com/24690863,건국대 문
12840668,건국대학교 서울캠퍼스,667570272,해피문데이,"서비스,산업 > 제조업 > 생활용품제조",37.54657981599375,127.04838719379643,http://place.map.kakao.com/667570272,건국대 문
12840668,건국대학교 서울캠퍼스,1539363825,베이비문,"서비스,산업 > 전문대행 > 이벤트기획,대행",37.56359527863149,127.08488585900587,http://place.map.kakao.com/1539363825,건국대 문
12840668,건국대학교 서울캠퍼스,511971656,문치과의원,"의료,건강 > 병원 > 치과",37.5623435953761,127.065377217034,http://place.map.kakao.com/511971656,건국대 문
12840668,건국대학교 서울캠퍼스,337382655,치즈문포토,"문화,예술 > 사진 > 사진관,포토스튜디오",37.5436174063696,127.043564856334,http://place.map.kakao.com/337382655,건국대 문
12840668,건국대학교 서울캠퍼스,1432538464,후문카페,음식점 > 카페,37.5526382711717,127.088543503362,http://place.map.kakao.com/1432538464,건국대 문
8917867,동덕여자대학교,1900627195,한국과학기술연구원 북문,"교통,수송 > 입출구",37.6042175699009,127.045534434212,http://place.map.kakao.com/1900627195,동덕여자대학교 게이트
8917867,동덕여자대학교,2066183936,꿈의숲푸르지오아파트 정문,"교통,수송 > 입출구",37.6099774097701,127.038465112827,http://place.map.kakao.com/2066183936,동덕여자대학교 게이트
8917867,동덕여자대학교,1189813599,융기방화문,"서비스,산업 > 건설,건축 > 건설자재",37.6076802970666,127.049457344625,http://place.map.kakao.com/1189813599,동덕여자대학교 게이트
8917867,동덕여자대학교,484442211,동신아파트 정문,"교통,수송 > 입출구",37.6042748946843,127.036091910729,http://place.map.kakao.com/484442211,동덕여자대학교 게이트
8917867,동덕여자대학교,657726338,래미안라센트아파트 정문,"교통,수송 > 입출구",37.5992265186196,127.039307742306,http://place.map.kakao.com/657726338,동덕여자대학교 게이트
8917867,동덕여자대학교,1054228410,월곡두산위브아파트 후문,"교통,수송 > 입출구",37.6061629106599,127.040294403354,http://place.map.kakao.com/1054228410,동덕여자대학교 게이트
8917867,동덕여자대학교,2017874963,래미안월곡아파트 정문,"교통,수송 > 입출구",37.6100321623712,127.036275902297,http://place.map.kakao.com/2017874963,동덕여자대학교 게이트
8917867,동덕여자대학교,1972191955,월곡래미안루나밸리아파트 정문,"교통,수송 > 입출구",37.6000230801872,127.041683954154,http://place.map.kakao.com/1972191955,동덕여자대학교 게이트
8917867,동덕여자대학교,26397117,경희대학교 정문,"교통,수송 > 입출구",37.5938315697917,127.052697920723,http://place.map.kakao.com/26397117,동덕여자대학교 게이트
8917867,동덕여자대학교,1130521703,서울월곡초등학교 후문,"교통,수송 > 입출구",37.6106666873956,127.045963079457,http://place.map.kakao.com/1130521703,동덕여자대학교 게이트
8917867,동덕여자대학교,849950893,꿈의숲푸르지오아파트 후문,"교통,수송 > 입출구",37.6116622147628,127.038601890739,http://place.map.kakao.com/849950893,동덕여자대학교 게이트
8917867,동덕여자대학교,1022325693,서울숭인초등학교 후문,"교통,수송 > 입출구",37.6094277167458,127.038738907065,http://place.map.kakao.com/1022325693,동덕여자대학교 게이트
8917867,동덕여자대학교,1674258606,미아한일유앤아이아파트 정문,"교통,수송 > 입출구",37.6138764437991,127.037043419706,http://place.map.kakao.com/1674258606,동덕여자대학교 게이트
8917867,동덕여자대학교,1243961672,한국과학기술연구원 쪽문,"교통,수송 > 입출구",37.60134874681516,127.04332671505159,http://place.map.kakao.com/1243961672,동덕여자대학교 게이트
8917867,동덕여자대학교,186594796,경희대학교 후문,"교통,수송 > 입출구",37.5981142355862,127.05412773906,http://place.map.kakao.com/186594796,동덕여자대학교 게이트
8917867,동덕여자대학교,1659872900,래미안월곡아파트 후문,"교통,수송 > 입출구",37.6118427937365,127.037418430051,http://place.map.kakao.com/1659872900,동덕여자대학교 게이트
8917867,동덕여자대학교,1744946338,래미안세레니티아파트 정문,"교통,수송 > 입출구",37.5995629419303,127.032190776368,http://place.map.kakao.com/1744946338,동덕여자대학교 게이트
8917867,동덕여자대학교,968612218,롯데캐슬클라시아아파트 정문,"교통,수송 > 입출구",37.60937041778745,127.0278697939705,http://place.map.kakao.com/968612218,동덕여자대학교 게이트
8917867,동덕여자대학교,1988860420,래미안길음센터피스아파트 게이트1,"교통,수송 > 입출구",37.60989847750558,127.02752909101751,http://place.map.kakao.com/1988860420,동덕여자대학교 게이트
8917867,동덕여자대학교,1024933968,래미안라센트아파트 후문,"교통,수송 > 입출구",37.6003277635331,127.038598298722,http://place.map.kakao.com/1024933968,동덕여자대학교 게이트
8917867,동덕여자대학교,1045137873,래미안라그란데아파트 게이트1,"교통,수송 > 입출구",37.60310501925855,127.06110727778606,http://place.map.kakao.com/1045137873,동덕여자대학교 게이트
8917867,동덕여자대학교,18225100,북서울꿈의숲 동문,"교통,수송 > 입출구",37.6200860635905,127.04481011268,http://place.map.kakao.com/18225100,동덕여자대학교 게이트
8917867,동덕여자대학교,536324711,래미안라그란데아파트 게이트2,"교통,수송 > 입출구",37.599768851645,127.060719531634,http://place.map.kakao.com/536324711,동덕여자대학교 게이트
8917867,동덕여자대학교,1791510231,래미안석관아파트 정문,"교통,수송 > 입출구",37.6080252106611,127.05394805303,http://place.map.kakao.com/1791510231,동덕여자대학교 게이트
8917867,동덕여자대학교,1256166357,카페게이트 고려대역점,음식점 > 카페 > 커피전문점 > 카페게이트,37.59106616747106,127.03673092661474,http://place.map.kakao.com/1256166357,동덕여자대학교 게이트
8917867,동덕여자대학교,18091087,북서울꿈의숲 15번출입구,"교통,수송 > 입출구",37.6165340894594,127.040603551855,http://place.map.kakao.com/18091087,동덕여자대학교 게이트
8917867,동덕여자대학교,1967820620,장위자이레디언트아파트 게이트1,"교통,수송 > 입출구",37.6143888169309,127.057916841383,http://place.map.kakao.com/1967820620,동덕여자대학교 게이트
8917867,동덕여자대학교,1745191049,래미안세레니티아파트 후문,"교통,수송 > 입출구",37.5992005426997,127.029512503828,http://place.map.kakao.com/1745191049,동덕여자대학교 게이트
8917867,동덕여자대학교,124606080,래미안라그란데아파트 게이트3,"교통,수송 > 입출구",37.6004229057925,127.059072400295,http://place.map.kakao.com/124606080,동덕여자대학교 게이트
8917867,동덕여자대학교,18091378,북서울꿈의숲 서문,"교통,수송 > 입출구",37.6221535743957,127.037820057795,http://place.map.kakao.com/18091378,동덕여자대학교 게이트
8917867,동덕여자대학교,2015250746,래미안길음센터피스아파트 게이트2,"교통,수송 > 입출구",37.61237898843733,127.02714945318834,http://place.map.kakao.com/2015250746,동덕여자대학교 게이트
8917867,동덕여자대학교,1569937142,북서울꿈의숲 서문 주차장,"교통,수송 > 교통시설 > 주차장",37.6219481274988,127.037887918169,http://place.map.kakao.com/1569937142,동덕여자대학교 게이트
8917867,동덕여자대학교,2014538889,래미안센터피스 정문,"교통,수송 > 입출구",37.6125051255695,127.027155162032,http://place.map.kakao.com/2014538889,동덕여자대학교 게이트
8917867,동덕여자대학교,355663192,래미안라그란데아파트 게이트5,"교통,수송 > 입출구",37.5985489373759,127.058887472186,http://place.map.kakao.com/355663192,동덕여자대학교 게이트
8917867,동덕여자대학교,1686924936,미아한일유앤아이아파트 후문,"교통,수송 > 입출구",37.6153495651692,127.037027160858,http://place.map.kakao.com/1686924936,동덕여자대학교 게이트
8917867,동덕여자대학교,413157008,영훈초등학교 후문,"교통,수송 > 입출구",37.6127942693075,127.027473528345,http://place.map.kakao.com/413157008,동덕여자대학교 게이트
8917867,동덕여자대학교,2014376991,길음동부센트레빌아파트 정문,"교통,수송 > 입출구",37.6088730489181,127.023862672718,http://place.map.kakao.com/2014376991,동덕여자대학교 게이트
8917867,동덕여자대학교,1164204862,꿈의숲아이파크아파트 정문,"교통,수송 > 입출구",37.6196051989429,127.048695003232,http://place.map.kakao.com/1164204862,동덕여자대학교 게이트
8917867,동덕여자대학교,1464961576,롯데캐슬클라시아아파트 후문,"교통,수송 > 입출구",37.6075191746754,127.026612003746,http://place.map.kakao.com/1464961576,동덕여자대학교 게이트
8917867,동덕여자대학교,1443531489,래미안라그란데아파트 게이트4,"교통,수송 > 입출구",37.5995193587653,127.060560792787,http://place.map.kakao.com/1443531489,동덕여자대학교 게이트
8917867,동덕여자대학교,17005318,게이트맨 키월드,"가정,생활 > 생활용품점 > 열쇠",37.61089152532547,127.02253820698233,http://place.map.kakao.com/17005318,동덕여자대학교 게이트
8917867,동덕여자대학교,1770621346,미아동부센트레빌아파트 정문,"교통,수송 > 입출구",37.6133234071765,127.026344510767,http://place.map.kakao.com/1770621346,동덕여자대학교 게이트
8917867,동덕여자대학교,988010776,꿈의숲롯데캐슬아파트 정문,"교통,수송 > 입출구",37.6182897537773,127.036175706786,http://place.map.kakao.com/988010776,동덕여자대학교 게이트
8917867,동덕여자대학교,1017446777,래미안길음센터피스아파트 게이트3,"교통,수송 > 입출구",37.6111828583854,127.025428632974,http://place.map.kakao.com/1017446777,동덕여자대학교 게이트
8917867,동덕여자대학교,1859654403,오동게이트볼장,"스포츠,레저 > 게이트볼 > 게이트볼장",37.6210157864024,127.034353337605,http://place.map.kakao.com/1859654403,동덕여자대학교 게이트
8917867,동덕여자대학교,1563628359,래미안아트리치아파트 정문,"교통,수송 > 입출구",37.6066667304378,127.06263907854,http://place.map.kakao.com/1563628359,동덕여자대학교 gate
8917867,동덕여자대학교,598742338,영훈고등학교 후문,"교통,수송 > 입출구",37.6133322165335,127.027227949834,http://place.map.kakao.com/598742338,동덕여자대학교 gate
8917867,동덕여자대학교,223748954,대명루첸아파트 정문,"교통,수송 > 입출구",37.6200817910442,127.046537496722,http://place.map.kakao.com/223748954,동덕여자대학교 gate
8917867,동덕여자대학교,1161895632,국립산림과학원 정문,"교통,수송 > 입출구",37.591440803427,127.042617825784,http://place.map.kakao.com/1161895632,동덕여자대학교 gate
8917867,동덕여자대학교,1243889371,꿈의숲아이파크아파트 후문,"교통,수송 > 입출구",37.6192170367541,127.050450434131,http://place.map.kakao.com/1243889371,동덕여자대학교 gate
8917867,동덕여자대학교,182078663,래미안장위퍼스트하이아파트 후문,"교통,수송 > 입출구",37.62090187351257,127.05047422713827,http://place.map.kakao.com/182078663,동덕여자대학교 gate
8917867,동덕여자대학교,27384930,한국외대정문,"교통,수송 > 입출구",37.5965021772992,127.060096346596,http://place.map.kakao.com/27384930,동덕여자대학교 gate
8917867,동덕여자대학교,1666503182,종암중학교 정문,"교통,수송 > 입출구",37.592503657226,127.032253408544,http://place.map.kakao.com/1666503182,동덕여자대학교 gate
8917867,동덕여자대학교,1435351662,서울시립대학교 정문,"교통,수송 > 입출구",37.5834771622868,127.055113438416,http://place.map.kakao.com/1435351662,동덕여자대 게이트
8917867,동덕여자대학교,137156823,이문아이파크자이아파트 2단지 정문,"교통,수송 > 입출구",37.5985669155017,127.064153082247,http://place.map.kakao.com/137156823,동덕여자대 gate
8917867,동덕여자대학교,2009989067,이문아이파크자이아파트 1단지 정문,"교통,수송 > 입출구",37.5981679688244,127.063798304729,http://place.map.kakao.com/2009989067,동덕여자대 gate
8317120,백석예술대학교,350542819,카페게이트 방배점,음식점 > 카페 > 커피전문점 > 카페게이트,37.482958965685,126.995955703155,http://place.map.kakao.com/350542819,백석예술대학교 게이트
8317120,백석예술대학교,20751699,에이스게이트,"서비스,산업 > 인터넷,IT > 소프트웨어",37.48494559936114,126.99386159660719,http://place.map.kakao.com/20751699,백석예술대학교 게이트
8317120,백석예술대학교,1317254606,서울고등학교 정문,"교통,수송 > 입출구",37.4835714551171,127.007923585025,http://place.map.kakao.com/1317254606,백석예술대학교 게이트
8317120,백석예술대학교,27341305,상문고등학교 후문,"교통,수송 > 입출구",37.4807353068898,127.002998366618,http://place.map.kakao.com/27341305,백석예술대학교 게이트
8317120,백석예술대학교,1924111349,서울고등학교 후문,"교통,수송 > 입출구",37.4830400148702,127.005117279086,http://place.map.kakao.com/1924111349,백석예술대학교 게이트
8317120,백석예술대학교,1947968472,방배서리풀e편한세상아파트 정문,"교통,수송 > 입출구",37.4836401644055,126.997205034228,http://place.map.kakao.com/1947968472,백석예술대학교 게이트
8317120,백석예술대학교,829649399,동덕여자중학교 정문,"교통,수송 > 입출구",37.4748866864664,126.993028097316,http://place.map.kakao.com/829649399,백석예술대학교 게이트
8317120,백석예술대학교,969824285,방배서리풀e편한세상아파트 후문,"교통,수송 > 입출구",37.4844925455195,126.998804889812,http://place.map.kakao.com/969824285,백석예술대학교 게이트
8317120,백석예술대학교,1262912745,방배래미안아트힐아파트 서문,"교통,수송 > 입출구",37.4770077907567,127.00430626364,http://place.map.kakao.com/1262912745,백석예술대학교 게이트
8317120,백석예술대학교,898360782,태닝게이트,"가정,생활 > 미용 > 피부관리",37.48561371054394,127.011872132897,http://place.map.kakao.com/898360782,백석예술대학교 게이트
8317120,백석예술대학교,1280196131,방배e편한세상1차아파트 정문,"교통,수송 > 입출구",37.48719105982945,126.99834691207037,http://place.map.kakao.com/1280196131,백석예술대학교 게이트
8317120,백석예술대학교,1164217107,방배롯데캐슬아르떼아파트 정문,"교통,수송 > 입출구",37.4828426360604,126.984100974592,http://place.map.kakao.com/1164217107,백석예술대학교 게이트
8317120,백석예술대학교,15462101,지오게이트,"가정,생활 > 패션 > 의류판매",37.4858091792582,127.012360618567,http://place.map.kakao.com/15462101,백석예술대학교 게이트
8317120,백석예술대학교,1529325318,래미안원페를라아파트 2단지 정문,"교통,수송 > 입출구",37.4897521914745,126.989741911297,http://place.map.kakao.com/1529325318,백석예술대학교 게이트
8317120,백석예술대학교,1163690796,방배롯데캐슬아르떼아파트 후문,"교통,수송 > 입출구",37.483886036821,126.984346105257,http://place.map.kakao.com/1163690796,백석예술대학교 게이트
8317120,백석예술대학교,397224411,서문여자중학교 정문,"교통,수송 > 입출구",37.4894236659471,126.984597104045,http://place.map.kakao.com/397224411,백석예술대학교 게이트
8317120,백석예술대학교,19585792,게이트코리아,"서비스,산업 > 인터넷,IT > 취업사이트",37.4814912732315,127.01473872583,http://place.map.kakao.com/19585792,백석예술대학교 게이트
8317120,백석예술대학교,473147839,법무법인게이트,"서비스,산업 > 법률,행정 > 변호사 > 법무법인",37.4933203579872,127.007960800258,http://place.map.kakao.com/473147839,백석예술대학교 게이트
8317120,백석예술대학교,21159607,액터게이트 사당본점,"교육,학문 > 학원 > 연기학원",37.4831728364226,126.975985152586,http://place.map.kakao.com/21159607,백석예술대학교 게이트
8317120,백석예술대학교,1428404457,래미안원페를라아파트 3단지 정문,"교통,수송 > 입출구",37.4898441109837,126.989936386537,http://place.map.kakao.com/1428404457,백석예술대학교 게이트
8317120,백석예술대학교,17355629,대법원후문,"교통,수송 > 입출구",37.4917924554747,127.003840103266,http://place.map.kakao.com/17355629,백석예술대학교 게이트
8317120,백석예술대학교,1584883797,전담 GATE 이수역점,"서비스,산업 > 식품 > 담배",37.486722827024,126.981034835391,http://place.map.kakao.com/1584883797,백석예술대학교 게이트
8317120,백석예술대학교,2135283164,전담 GATE 사당역점,"서비스,산업 > 식품 > 담배",37.47552782853,126.981275075379,http://place.map.kakao.com/2135283164,백석예술대학교 게이트
8317120,백석예술대학교,2034399672,더게이트스파 반포서래점,"가정,생활 > 미용 > 피부관리",37.49769198867588,126.99126974994016,http://place.map.kakao.com/2034399672,백석예술대학교 게이트
8317120,백석예술대학교,1710825109,방배3차e편한세상아파트 후문,"교통,수송 > 입출구",37.4938807923348,126.992157874671,http://place.map.kakao.com/1710825109,백석예술대학교 게이트
8317120,백석예술대학교,1272386304,대검찰청 정문,"교통,수송 > 입출구",37.4940637895707,127.006290677672,http://place.map.kakao.com/1272386304,백석예술대학교 게이트
8317120,백석예술대학교,1461632561,아이파크정문공인중개사사무소,부동산 > 부동산서비스 > 부동산중개업,37.4872760916998,127.011660954249,http://place.map.kakao.com/1461632561,백석예술대학교 게이트
8317120,백석예술대학교,619825499,이수푸르지오더프레티움아파트 1단지 정문,"교통,수송 > 입출구",37.492149372277275,126.97968557624485,http://place.map.kakao.com/619825499,백석예술대학교 게이트
8317120,백석예술대학교,12663315,서울교육대학교 청람문,"교통,수송 > 입출구",37.4903283840274,127.014564064946,http://place.map.kakao.com/12663315,백석예술대학교 게이트
8317120,백석예술대학교,17007696,게이트서초어학학원,"교육,학문 > 학원 > 어학원 > 영어학원",37.49012194758586,127.0212128187592,http://place.map.kakao.com/17007696,백석예술대 게이트
8317120,백석예술대학교,492794007,아크로리버파크아파트 게이트1,"교통,수송 > 입출구",37.5052741012286,126.993576057657,http://place.map.kakao.com/492794007,백석예술대 게이트
8317120,백석예술대학교,1881280515,아크로비스타아파트 남문,"교통,수송 > 입출구",37.4970067483412,127.013730793716,http://place.map.kakao.com/1881280515,백석예술대 게이트
8317120,백석예술대학교,557121536,서초그랑자이아파트 정문,"교통,수송 > 입출구",37.4882467753069,127.02653797492273,http://place.map.kakao.com/557121536,백석예술대 게이트
8317120,백석예술대학교,148851889,사당휴먼시아아파트 정문,"교통,수송 > 입출구",37.47971817410693,126.97109532388056,http://place.map.kakao.com/148851889,백석예술대 게이트
8317120,백석예술대학교,1948504359,삼풍아파트 북문,"교통,수송 > 입출구",37.4994683204506,127.013534469892,http://place.map.kakao.com/1948504359,백석예술대 게이트
8317120,백석예술대학교,8223972,스타게이트연기학원,"교육,학문 > 학원 > 연기학원",37.48442444029823,126.9723361077326,http://place.map.kakao.com/8223972,백석예술대 게이트
8317120,백석예술대학교,1417136688,서울중앙지방검찰청 정문,"교통,수송 > 입출구",37.4946284686609,127.00995908958,http://place.map.kakao.com/1417136688,백석예술대 게이트
8317120,백석예술대학교,25491573,동작삼성래미안아파트정문,"교통,수송 > 입출구",37.4898246579274,126.970578072837,http://place.map.kakao.com/25491573,백석예술대 게이트
8317120,백석예술대학교,2029399651,아크로비스타아파트 서문,"교통,수송 > 입출구",37.4985160421862,127.012767565565,http://place.map.kakao.com/2029399651,백석예술대 게이트
8317120,백석예술대학교,1476883495,래미안원베일리아파트 GATE1,"교통,수송 > 입출구",37.505495891908645,126.99728112621719,http://place.map.kakao.com/1476883495,백석예술대 게이트
8317120,백석예술대학교,763463242,서울잠원초등학교 정문,"교통,수송 > 입출구",37.500839504462,126.997741574977,http://place.map.kakao.com/763463242,백석예술대 게이트
8317120,백석예술대학교,2025935807,동작삼성게이트맨번호키,"가정,생활 > 생활용품점 > 열쇠,도장",37.4849338148218,126.969897066795,http://place.map.kakao.com/2025935807,백석예술대 게이트
8317120,백석예술대학교,1565392118,반포리체아파트 정문,"교통,수송 > 입출구",37.5027100948518,127.013921835527,http://place.map.kakao.com/1565392118,백석예술대 게이트
8317120,백석예술대학교,954005505,래미안로이파크아파트 후문,"교통,수송 > 입출구",37.4886432826493,126.973747958223,http://place.map.kakao.com/954005505,백석예술대 게이트
8317120,백석예술대학교,1351257842,디에이치반포라클라스아파트 정문,"교통,수송 > 입출구",37.5001514070147,127.012405956491,http://place.map.kakao.com/1351257842,백석예술대 게이트
8317120,백석예술대학교,1755787680,서울중앙지방법원 동문,"교통,수송 > 입출구",37.4976231707589,127.012525409433,http://place.map.kakao.com/1755787680,백석예술대 게이트
8317120,백석예술대학교,1286161269,반포센트럴자이아파트 정문,"교통,수송 > 입출구",37.5062626473368,127.002720032581,http://place.map.kakao.com/1286161269,백석예술대 게이트
8317120,백석예술대학교,480786392,이수푸르지오더프레티움아파트 2단지 정문,"교통,수송 > 입출구",37.493212705039,126.980542429992,http://place.map.kakao.com/480786392,백석예술대 gate
8317120,백석예술대학교,1515014931,래미안리더스원아파트 정문,"교통,수송 > 입출구",37.4895610038272,127.028018576924,http://place.map.kakao.com/1515014931,백석예술대 gate
8317120,백석예술대학교,1084835702,반포래미안아이파크아파트 정문,"교통,수송 > 입출구",37.5013227354159,127.012208239959,http://place.map.kakao.com/1084835702,백석예술대 gate
8317120,백석예술대학교,1887355506,아크로리버파크아파트 GATE2,"교통,수송 > 입출구",37.5059994779225,126.994967109151,http://place.map.kakao.com/1887355506,백석예술대 gate
8317120,백석예술대학교,1491355904,방배롯데캐슬헤론아파트 정문,"교통,수송 > 입출구",37.4969749158367,126.983913650344,http://place.map.kakao.com/1491355904,백석예술대 gate
8317120,백석예술대학교,369509956,이수힐스테이트아파트 후문,"교통,수송 > 입출구",37.4947494476877,126.978383301627,http://place.map.kakao.com/369509956,백석예술대 gate
8317120,백석예술대학교,418296799,래미안원베일리아파트 GATE2,"교통,수송 > 입출구",37.5065761753995,126.996459984373,http://place.map.kakao.com/418296799,백석예술대 gate
8317120,백석예술대학교,806190684,래미안서초에스티지아파트 정문,"교통,수송 > 입출구",37.4928943024636,127.025951608897,http://place.map.kakao.com/806190684,백석예술대 gate
8317120,백석예술대학교,707864407,방배삼호4차아파트 후문,"교통,수송 > 입출구",37.4979036697535,126.990549364549,http://place.map.kakao.com/707864407,백석예술대 gate
8317120,백석예술대학교,27150563,서초래미안아파트 남문,"교통,수송 > 입출구",37.497555555294,127.01947339791748,http://place.map.kakao.com/27150563,백석예술대 gate
8317120,백석예술대학교,2093236267,서초그랑자이 동문,"교통,수송 > 입출구",37.4894646923766,127.027609214036,http://place.map.kakao.com/2093236267,백석예술대 gate
8317120,백석예술대학교,422303186,국립서울현충원 동문,"교통,수송 > 입출구",37.5019429789707,126.977824812583,http://place.map.kakao.com/422303186,백석예술대 gate
24447409,서울과학종합대학교,592662879,이화여자대학교 정문,"교통,수송 > 입출구",37.5594236592153,126.94566937595,http://place.map.kakao.com/592662879,서울과학종합대학교 게이트
24447409,서울과학종합대학교,26397093,이화여자대학교 후문,"교통,수송 > 입출구",37.5635317504439,126.944692996803,http://place.map.kakao.com/26397093,서울과학종합대학교 게이트
24447409,서울과학종합대학교,18097390,연세대학교 정문,"교통,수송 > 입출구",37.5604968585685,126.936840480172,http://place.map.kakao.com/18097390,서울과학종합대학교 게이트
24447409,서울과학종합대학교,1049528224,신촌스타게이트,부동산 > 주거시설 > 도시형생활주택,37.5580788318243,126.94262361882,http://place.map.kakao.com/1049528224,서울과학종합대학교 게이트
24447409,서울과학종합대학교,1844501862,서강대학교 후문,"교통,수송 > 입출구",37.5507696837461,126.943969110916,http://place.map.kakao.com/1844501862,서울과학종합대학교 게이트
24447409,서울과학종합대학교,10043389,서강대학교 정문,"교통,수송 > 입출구",37.5516352233547,126.937925314256,http://place.map.kakao.com/10043389,서울과학종합대학교 게이트
24447409,서울과학종합대학교,1850698216,이화여자대학교 후문 ECC주차장,"교통,수송 > 교통시설 > 주차장",37.560202690449486,126.94495464108626,http://place.map.kakao.com/1850698216,서울과학종합대학교 게이트
24447409,서울과학종합대학교,666043195,마포더클래시아파트1단지 게이트1,"교통,수송 > 입출구",37.5553139489017,126.949126404109,http://place.map.kakao.com/666043195,서울과학종합대학교 게이트
24447409,서울과학종합대학교,1588958804,이대역STARGATE오피스텔(스타게이트2차),부동산 > 주거시설 > 오피스텔,37.5571212123999,126.944808647491,http://place.map.kakao.com/1588958804,서울과학종합대학교 게이트
24447409,서울과학종합대학교,1315137150,마포프레스티지자이아파트 게이트1,"교통,수송 > 입출구",37.55316400676476,126.94671734682578,http://place.map.kakao.com/1315137150,서울과학종합대학교 게이트
24447409,서울과학종합대학교,7999562,연세대학교 동문,"교통,수송 > 입출구",37.5660622423696,126.945759633944,http://place.map.kakao.com/7999562,서울과학종합대학교 게이트
24447409,서울과학종합대학교,2109875238,힐스테이트신촌아파트 정문,"교통,수송 > 입출구",37.5623942632169,126.951944395407,http://place.map.kakao.com/2109875238,서울과학종합대학교 게이트
24447409,서울과학종합대학교,1238780392,마포프레스티지자이아파트 정문,"교통,수송 > 입출구",37.5542211934313,126.947422784266,http://place.map.kakao.com/1238780392,서울과학종합대학교 게이트
24447409,서울과학종합대학교,191954023,카페게이트 아현점,음식점 > 카페 > 커피전문점 > 카페게이트,37.55046617401642,126.95477101519491,http://place.map.kakao.com/191954023,서울과학종합대학교 게이트
24447409,서울과학종합대학교,313573795,e편한세상신촌아파트1단지 후문,"교통,수송 > 입출구",37.5588278232198,126.949091193407,http://place.map.kakao.com/313573795,서울과학종합대학교 게이트
24447409,서울과학종합대학교,2066729900,마포그랑자이아파트 2단지 GATE2,"교통,수송 > 입출구",37.5542187596704,126.944086490514,http://place.map.kakao.com/2066729900,서울과학종합대학교 게이트
24447409,서울과학종합대학교,1122624057,마포더클래시 2단지아파트 정문,"교통,수송 > 입출구",37.5564114656951,126.949363325085,http://place.map.kakao.com/1122624057,서울과학종합대학교 게이트
24447409,서울과학종합대학교,10750162,이화여자대학교 정문경비실,"교육,학문 > 학교부속시설",37.563594853009214,126.94476312526892,http://place.map.kakao.com/10750162,서울과학종합대학교 게이트
24447409,서울과학종합대학교,1249447451,서강대학교 후문주차장,"교통,수송 > 교통시설 > 주차장",37.55092902200857,126.9436781536983,http://place.map.kakao.com/1249447451,서울과학종합대학교 게이트
24447409,서울과학종합대학교,363935908,마포더클래시아파트 게이트2,"교통,수송 > 입출구",37.5561716457537,126.951134667398,http://place.map.kakao.com/363935908,서울과학종합대학교 게이트
24447409,서울과학종합대학교,1636753249,프린트카페 이화여대정문점,"서비스,산업 > 인쇄,복사",37.558309941719,126.945484573217,http://place.map.kakao.com/1636753249,서울과학종합대학교 게이트
24447409,서울과학종합대학교,1557454094,신촌푸르지오아파트 정문,"교통,수송 > 입출구",37.5605052392461,126.9528521884927,http://place.map.kakao.com/1557454094,서울과학종합대학교 게이트
24447409,서울과학종합대학교,18922240,연세대학교 남문,"교통,수송 > 입출구",37.5614750339922,126.933014087396,http://place.map.kakao.com/18922240,서울과학종합대학교 게이트
24447409,서울과학종합대학교,308696744,카페게이트 신촌캠퍼스,음식점 > 카페 > 커피전문점 > 카페게이트,37.5537392696422,126.938337774115,http://place.map.kakao.com/308696744,서울과학종합대학교 게이트
24447409,서울과학종합대학교,1707529271,웨스트게이트빌딩,부동산 > 빌딩,37.5647436498695,126.966383336483,http://place.map.kakao.com/1707529271,서울과학종합대학교 게이트
24447409,서울과학종합대학교,1583567237,스타게이트부동산공인중개사사무소,부동산 > 부동산서비스 > 부동산중개업,37.55806079593418,126.94259081123286,http://place.map.kakao.com/1583567237,서울과학종합대학교 게이트
24447409,서울과학종합대학교,27377630,중앙여자고등학교 정문,"교통,수송 > 입출구",37.5622891231938,126.954930248887,http://place.map.kakao.com/27377630,서울과학종합대학교 게이트
24447409,서울과학종합대학교,7834307,독립문,"여행 > 관광,명소 > 문화유적 > 문",37.5724504220421,126.959542648447,http://place.map.kakao.com/7834307,서울과학종합대학교 게이트
24447409,서울과학종합대학교,752108819,꿈공스터디카페 연대동문점,"서비스,산업 > 전문대행 > 공간대여 > 스터디카페,스터디룸",37.56460771446932,126.94506685099783,http://place.map.kakao.com/752108819,서울과학종합대학교 게이트
24447409,서울과학종합대학교,13691522,화가와요리사 이대후문점,"음식점 > 일식 > 돈까스,우동",37.5644473229863,126.945036408293,http://place.map.kakao.com/13691522,서울과학종합대학교 게이트
24447409,서울과학종합대학교,1469643354,마포자이더센트리지아파트 정문,"교통,수송 > 입출구",37.5506546829242,126.946619547031,http://place.map.kakao.com/1469643354,서울과학종합대학교 게이트
24447409,서울과학종합대학교,18922244,연세대학교 서문,"교통,수송 > 입출구",37.5637749061639,126.933953735176,http://place.map.kakao.com/18922244,서울과학종합대학교 게이트
24447409,서울과학종합대학교,17578489,세브란스병원 정문,"교통,수송 > 입출구",37.560436337978,126.938253028733,http://place.map.kakao.com/17578489,서울과학종합대학교 게이트
24447409,서울과학종합대학교,1778026578,공덕삼성래미안4차아파트 정문,"교통,수송 > 입출구",37.5493620751301,126.951552162346,http://place.map.kakao.com/1778026578,서울과학종합대학교 게이트
24447409,서울과학종합대학교,7813430,숭례문,"여행 > 관광,명소 > 문화유적 > 문",37.5600030088843,126.975313124237,http://place.map.kakao.com/7813430,서울과학종합대학교 게이트
24447409,서울과학종합대학교,1341536850,이대공대 철문,"교통,수송 > 입출구",37.5668145259871,126.947649370519,http://place.map.kakao.com/1341536850,서울과학종합대학교 게이트
24447409,서울과학종합대학교,726763867,서강대학교 정문주차장,"교통,수송 > 교통시설 > 주차장",37.5512301705454,126.938683868855,http://place.map.kakao.com/726763867,서울과학종합대학교 게이트
24447409,서울과학종합대학교,152234594,마포그랑자이아파트 1-1GATE(입주민 전용),"교통,수송 > 입출구",37.55453372776068,126.94519534043667,http://place.map.kakao.com/152234594,서울과학종합대학교 게이트
24447409,서울과학종합대학교,792576920,신촌푸르지오1단지아파트 후문,"교통,수송 > 입출구",37.5606731796172,126.951504093947,http://place.map.kakao.com/792576920,서울과학종합대학교 게이트
24447409,서울과학종합대학교,754924844,래미안공덕4차아파트 후문,"교통,수송 > 입출구",37.5508593108509,126.951010257783,http://place.map.kakao.com/754924844,서울과학종합대학교 게이트
24447409,서울과학종합대학교,186568161,마포그랑자이아파트 GATE 1-2,"교통,수송 > 입출구",37.55521664937008,126.943215444615,http://place.map.kakao.com/186568161,서울과학종합대학교 게이트
24447409,서울과학종합대학교,1158430149,전담게이트 신촌역점,"서비스,산업 > 식품 > 담배 > 전자담배",37.5575053325814,126.936437833527,http://place.map.kakao.com/1158430149,서울과학종합대학교 게이트
24447409,서울과학종합대학교,27577050,공덕자이아파트 후문,"교통,수송 > 입출구",37.551964922444,126.958272661727,http://place.map.kakao.com/27577050,서울과학종합대학교 게이트
24447409,서울과학종합대학교,433433574,서강대학교 남문,"교통,수송 > 입출구",37.5494986137581,126.938996489276,http://place.map.kakao.com/433433574,서울과학종합대학교 게이트
24447409,서울과학종합대학교,1081845899,공덕래미안5차아파트 후문,"교통,수송 > 입출구",37.5506396612402,126.951480040774,http://place.map.kakao.com/1081845899,서울과학종합대학교 게이트
24447409,서울과학종합대학교,1142964882,서울역센트럴자이아파트 정문,"교통,수송 > 입출구",37.5548572301628,126.964070005939,http://place.map.kakao.com/1142964882,서울과학종합대학교 gate
24447409,서울과학종합대학교,1124796872,서울한서초등학교 정문,"교통,수송 > 입출구",37.5536541407917,126.948732566886,http://place.map.kakao.com/1124796872,서울과학종합대학교 gate
24447409,서울과학종합대학교,1255394510,힐스테이트신촌아파트 후문,"교통,수송 > 입출구",37.5612121264876,126.951872718162,http://place.map.kakao.com/1255394510,서울과학종합대학교 gate
24447409,서울과학종합대학교,1834345241,경기대학교 서울캠퍼스 후문,"교통,수송 > 입출구",37.564039417736,126.961611716429,http://place.map.kakao.com/1834345241,서울과학종합대학교 gate
24447409,서울과학종합대학교,1732284481,마포자이더센트리지아파트 후문,"교통,수송 > 입출구",37.5501505554667,126.947582943579,http://place.map.kakao.com/1732284481,서울과학종합대학교 gate
24447409,서울과학종합대학교,418851170,공덕자이아파트 정문,"교통,수송 > 입출구",37.553790613053,126.959040073871,http://place.map.kakao.com/418851170,서울과학종합대학교 gate
24447409,서울과학종합대학교,887531644,래미안공덕3차아파트 중문,"교통,수송 > 입출구",37.5479408183473,126.952834076045,http://place.map.kakao.com/887531644,서울과학종합대학교 gate
24447409,서울과학종합대학교,23774540,홍익대학교 서울캠퍼스 정문,"교통,수송 > 입출구",37.55275180872968,126.92443913897051,http://place.map.kakao.com/23774540,서울과학종합대학교 gate
24447409,서울과학종합대학교,2075323793,숙명여자대학교 제1캠퍼스 정문,"교통,수송 > 입출구",37.5452474193529,126.964862197806,http://place.map.kakao.com/2075323793,서울과학종합대학교 gate
24447409,서울과학종합대학교,1772275928,공덕삼성래미안2차아파트 후문,"교통,수송 > 입출구",37.5518696672492,126.958987936222,http://place.map.kakao.com/1772275928,서울과학종합대학교 gate
24447409,서울과학종합대학교,71283831,래미안공덕3차아파트 후문,"교통,수송 > 입출구",37.5492106479011,126.951407410541,http://place.map.kakao.com/71283831,서울과학종합대학교 gate
24447409,서울과학종합대학교,115450973,약현성당 정문,"교통,수송 > 입출구",37.5594021768961,126.968321103042,http://place.map.kakao.com/115450973,서울과학종합대학교 gate
24447409,서울과학종합대학교,345254034,이화여자대학교 북아현문,"교통,수송 > 입출구",37.56809505093891,126.95021794364267,http://place.map.kakao.com/345254034,서울과학종합대학교 gate
24447409,서울과학종합대학교,1575453424,공덕삼성아파트 후문,"교통,수송 > 입출구",37.5478645395601,126.951367546099,http://place.map.kakao.com/1575453424,서울과학종합대학교 gate
24447409,서울과학종합대학교,1233245720,광성중고등학교 후문,"교통,수송 > 입출구",37.54836417089,126.937115519246,http://place.map.kakao.com/1233245720,서울과학종합대학교 gate
24447409,서울과학종합대학교,1993934381,대흥동태영아파트 후문,"교통,수송 > 입출구",37.5444938650684,126.941366675925,http://place.map.kakao.com/1993934381,서울과학종합대학교 gate
7940291,서울교육대학교,17007696,게이트서초어학학원,"교육,학문 > 학원 > 어학원 > 영어학원",37.49012194758586,127.0212128187592,http://place.map.kakao.com/17007696,서울교육대학교 게이트
7940291,서울교육대학교,898360782,태닝게이트,"가정,생활 > 미용 > 피부관리",37.48561371054394,127.011872132897,http://place.map.kakao.com/898360782,서울교육대학교 게이트
7940291,서울교육대학교,1881280515,아크로비스타아파트 남문,"교통,수송 > 입출구",37.4970067483412,127.013730793716,http://place.map.kakao.com/1881280515,서울교육대학교 게이트
7940291,서울교육대학교,557121536,서초그랑자이아파트 정문,"교통,수송 > 입출구",37.4882467753069,127.02653797492273,http://place.map.kakao.com/557121536,서울교육대학교 게이트
7940291,서울교육대학교,15462101,지오게이트,"가정,생활 > 패션 > 의류판매",37.4858091792582,127.012360618567,http://place.map.kakao.com/15462101,서울교육대학교 게이트
7940291,서울교육대학교,1317254606,서울고등학교 정문,"교통,수송 > 입출구",37.4835714551171,127.007923585025,http://place.map.kakao.com/1317254606,서울교육대학교 게이트
7940291,서울교육대학교,9843940,엠게이트,"서비스,산업 > 정보통신 > 통신기기",37.490399330793,127.021909440085,http://place.map.kakao.com/9843940,서울교육대학교 게이트
7940291,서울교육대학교,473147839,법무법인게이트,"서비스,산업 > 법률,행정 > 변호사 > 법무법인",37.4933203579872,127.007960800258,http://place.map.kakao.com/473147839,서울교육대학교 게이트
7940291,서울교육대학교,19585792,게이트코리아,"서비스,산업 > 인터넷,IT > 취업사이트",37.4814912732315,127.01473872583,http://place.map.kakao.com/19585792,서울교육대학교 게이트
7940291,서울교육대학교,1948504359,삼풍아파트 북문,"교통,수송 > 입출구",37.4994683204506,127.013534469892,http://place.map.kakao.com/1948504359,서울교육대학교 게이트
7940291,서울교육대학교,1515014931,래미안리더스원아파트 정문,"교통,수송 > 입출구",37.4895610038272,127.028018576924,http://place.map.kakao.com/1515014931,서울교육대학교 게이트
7940291,서울교육대학교,2029399651,아크로비스타아파트 서문,"교통,수송 > 입출구",37.4985160421862,127.012767565565,http://place.map.kakao.com/2029399651,서울교육대학교 게이트
7940291,서울교육대학교,27150563,서초래미안아파트 남문,"교통,수송 > 입출구",37.497555555294,127.01947339791748,http://place.map.kakao.com/27150563,서울교육대학교 게이트
7940291,서울교육대학교,904876727,두성종이 서초본사 후문,"교통,수송 > 입출구",37.4923214931287,127.02014824565,http://place.map.kakao.com/904876727,서울교육대학교 게이트
7940291,서울교육대학교,2093236267,서초그랑자이 동문,"교통,수송 > 입출구",37.4894646923766,127.027609214036,http://place.map.kakao.com/2093236267,서울교육대학교 게이트
7940291,서울교육대학교,1417136688,서울중앙지방검찰청 정문,"교통,수송 > 입출구",37.4946284686609,127.00995908958,http://place.map.kakao.com/1417136688,서울교육대학교 게이트
7940291,서울교육대학교,112532966,고투게이트코리아,"서비스,산업 > 기업",37.4965625571386,127.024760968274,http://place.map.kakao.com/112532966,서울교육대학교 게이트
7940291,서울교육대학교,862632550,포블게이트,"서비스,산업 > 인터넷,IT > 소프트웨어",37.49742847533866,127.02451698897751,http://place.map.kakao.com/862632550,서울교육대학교 게이트
7940291,서울교육대학교,806190684,래미안서초에스티지아파트 정문,"교통,수송 > 입출구",37.4928943024636,127.025951608897,http://place.map.kakao.com/806190684,서울교육대학교 게이트
7940291,서울교육대학교,1755787680,서울중앙지방법원 동문,"교통,수송 > 입출구",37.4976231707589,127.012525409433,http://place.map.kakao.com/1755787680,서울교육대학교 게이트
7940291,서울교육대학교,657781576,현대아파트 후문,"교통,수송 > 입출구",37.4855802486832,127.024417008953,http://place.map.kakao.com/657781576,서울교육대학교 게이트
7940291,서울교육대학교,903840803,두성종이 서초본사 정문,"교통,수송 > 입출구",37.4921159637144,127.020724886873,http://place.map.kakao.com/903840803,서울교육대학교 게이트
7940291,서울교육대학교,1513507353,서초그랑자이정문부동산,부동산 > 부동산서비스 > 부동산중개업,37.4878952253032,127.027227585905,http://place.map.kakao.com/1513507353,서울교육대학교 게이트
7940291,서울교육대학교,12663315,서울교육대학교 청람문,"교통,수송 > 입출구",37.4903283840274,127.014564064946,http://place.map.kakao.com/12663315,서울교육대학교 게이트
7940291,서울교육대학교,1272386304,대검찰청 정문,"교통,수송 > 입출구",37.4940637895707,127.006290677672,http://place.map.kakao.com/1272386304,서울교육대학교 게이트
7940291,서울교육대학교,1351257842,디에이치반포라클라스아파트 정문,"교통,수송 > 입출구",37.5001514070147,127.012405956491,http://place.map.kakao.com/1351257842,서울교육대학교 게이트
7940291,서울교육대학교,525707528,콜게이트,"서비스,산업 > 인터넷,IT > 소프트웨어",37.4914717862936,127.029072035275,http://place.map.kakao.com/525707528,서울교육대학교 게이트
7940291,서울교육대학교,968275977,반포써밋아파트 게이트3,"교통,수송 > 입출구",37.50293142124,127.016421254944,http://place.map.kakao.com/968275977,서울교육대학교 게이트
7940291,서울교육대학교,76712705,우성5차아파트 정문,"교통,수송 > 입출구",37.4948420500354,127.026976804317,http://place.map.kakao.com/76712705,서울교육대학교 게이트
7940291,서울교육대학교,1924111349,서울고등학교 후문,"교통,수송 > 입출구",37.4830400148702,127.005117279086,http://place.map.kakao.com/1924111349,서울교육대학교 게이트
7940291,서울교육대학교,388626939,서울교육대학교 쪽문,"교통,수송 > 입출구",37.4915192138678,127.016837140498,http://place.map.kakao.com/388626939,서울교육대학교 게이트
7940291,서울교육대학교,270769932,래미안리더스원아파트 후문,"교통,수송 > 입출구",37.4910325341482,127.027227593896,http://place.map.kakao.com/270769932,서울교육대학교 게이트
7940291,서울교육대학교,1565392118,반포리체아파트 정문,"교통,수송 > 입출구",37.5027100948518,127.013921835527,http://place.map.kakao.com/1565392118,서울교육대학교 게이트
7940291,서울교육대학교,838300481,반포써밋아파트 게이트2-1,"교통,수송 > 입출구",37.5020203376419,127.017580255247,http://place.map.kakao.com/838300481,서울교육대학교 게이트
7940291,서울교육대학교,17355629,대법원후문,"교통,수송 > 입출구",37.4917924554747,127.003840103266,http://place.map.kakao.com/17355629,서울교육대학교 게이트
7940291,서울교육대학교,1461632561,아이파크정문공인중개사사무소,부동산 > 부동산서비스 > 부동산중개업,37.4872760916998,127.011660954249,http://place.map.kakao.com/1461632561,서울교육대학교 게이트
7940291,서울교육대학교,1413298340,반포써밋아파트 게이트2-2,"교통,수송 > 입출구",37.502880933265,127.016647431817,http://place.map.kakao.com/1413298340,서울교육대학교 게이트
7940291,서울교육대학교,2065909628,서초삼성가든스위트아파트 정문,"교통,수송 > 입출구",37.4945115387845,127.026274450303,http://place.map.kakao.com/2065909628,서울교육대학교 게이트
7940291,서울교육대학교,27561053,서울역삼초등학교 정문,"교통,수송 > 입출구",37.4922421432386,127.032543825982,http://place.map.kakao.com/27561053,서울교육대학교 게이트
7940291,서울교육대학교,1468366410,반포써밋정문,"교통,수송 > 입출구",37.500826444449,127.017981447906,http://place.map.kakao.com/1468366410,서울교육대학교 게이트
7940291,서울교육대학교,1277529933,전담 GATE 강남점,"서비스,산업 > 식품 > 담배 > 전자담배",37.4996973911162,127.027766782404,http://place.map.kakao.com/1277529933,서울교육대학교 게이트
7940291,서울교육대학교,614122840,잉글리쉬게이트,"서비스,산업 > 전문대행 > 유학,어학연수",37.4974217223189,127.030320546425,http://place.map.kakao.com/614122840,서울교육대학교 게이트
7940291,서울교육대학교,1084835702,반포래미안아이파크아파트 정문,"교통,수송 > 입출구",37.5013227354159,127.012208239959,http://place.map.kakao.com/1084835702,서울교육대학교 게이트
7940291,서울교육대학교,20055715,멀티게이트코리아,"서비스,산업 > 제조업 > 의료용품 > 의료기기제조",37.4937196617542,127.033023926886,http://place.map.kakao.com/20055715,서울교육대학교 게이트
7940291,서울교육대학교,8207889,국기원 정문,"교통,수송 > 입출구",37.5017106595394,127.029738724937,http://place.map.kakao.com/8207889,서울교육대학교 게이트
7940291,서울교육대학교,1133648853,서초롯데캐슬클래식아파트 후문,"교통,수송 > 입출구",37.4995544354917,127.022050083217,http://place.map.kakao.com/1133648853,서울교육대학교 gate
7940291,서울교육대학교,1535495417,반포래미안아이파크아파트 후문,"교통,수송 > 입출구",37.5023415740249,127.01400206324,http://place.map.kakao.com/1535495417,서울교육대학교 gate
7940291,서울교육대학교,27341305,상문고등학교 후문,"교통,수송 > 입출구",37.4807353068898,127.002998366618,http://place.map.kakao.com/27341305,서울교육대학교 gate
7940291,서울교육대학교,887596010,디에이치반포라클라스아파트 후문,"교통,수송 > 입출구",37.50174133962475,127.0153273922825,http://place.map.kakao.com/887596010,서울교육대학교 gate
7940291,서울교육대학교,1953377165,원촌중학교 정문,"교통,수송 > 입출구",37.5052058417705,127.014243495782,http://place.map.kakao.com/1953377165,서울교육대학교 gate
7940291,서울교육대학교,1118850049,래미안서초스위트아파트 정문,"교통,수송 > 입출구",37.5028558752962,127.021208504335,http://place.map.kakao.com/1118850049,서울교육대학교 gate
7940291,서울교육대학교,1766323056,청남빌딩 후문,"교통,수송 > 입출구",37.4941027620467,127.028930573341,http://place.map.kakao.com/1766323056,서울교육대학교 gate
7940291,서울교육대학교,1262912745,방배래미안아트힐아파트 서문,"교통,수송 > 입출구",37.4770077907567,127.00430626364,http://place.map.kakao.com/1262912745,서울교육대학교 gate
7940291,서울교육대학교,1280196131,방배e편한세상1차아파트 정문,"교통,수송 > 입출구",37.48719105982945,126.99834691207037,http://place.map.kakao.com/1280196131,서울교육대학교 gate
7940291,서울교육대학교,969824285,방배서리풀e편한세상아파트 후문,"교통,수송 > 입출구",37.4844925455195,126.998804889812,http://place.map.kakao.com/969824285,서울교육대학교 gate
7940291,서울교육대학교,1947968472,방배서리풀e편한세상아파트 정문,"교통,수송 > 입출구",37.4836401644055,126.997205034228,http://place.map.kakao.com/1947968472,서울교육대학교 gate
7940291,서울교육대학교,1953390538,원촌중학교 서문,"교통,수송 > 입출구",37.5059790022209,127.013406712744,http://place.map.kakao.com/1953390538,서울교육대학교 gate
7940291,서울교육대학교,21962527,서울교육대학교 사향문,"교통,수송 > 입출구",37.4892180773366,127.016576555259,http://place.map.kakao.com/21962527,서울교육대학교 문
7940291,서울교육대학교,16059294,문,음식점 > 술집,37.4951262298356,126.998154497322,http://place.map.kakao.com/16059294,서울교육대 문
7940291,서울교육대학교,1947949048,문스타,음식점 > 카페 > 커피전문점,37.4946812556093,127.020001873484,http://place.map.kakao.com/1947949048,서울교육대 문
7940291,서울교육대학교,1711759312,아트문갤러리,"문화,예술 > 미술,공예 > 화랑",37.4924668842835,127.010739042574,http://place.map.kakao.com/1711759312,서울교육대 문
7940291,서울교육대학교,26646901,위드문 인터내셔널행정사사무소,"서비스,산업 > 법률,행정 > 행정사",37.49054326470105,127.01038936430434,http://place.map.kakao.com/26646901,서울교육대 문
7940291,서울교육대학교,14100658,문스트링,"문화,예술 > 음악 > 악기판매점",37.482272013003715,127.01034864693132,http://place.map.kakao.com/14100658,서울교육대 문
7940291,서울교육대학교,669039768,블루문,음식점 > 술집 > 칵테일바,37.494043536498346,127.01882227236108,http://place.map.kakao.com/669039768,서울교육대 문
7940291,서울교육대학교,2094553820,법률사무소 문,"서비스,산업 > 법률,행정 > 변호사",37.4922947029567,127.011676434562,http://place.map.kakao.com/2094553820,서울교육대 문
7940291,서울교육대학교,24193805,열린문행정사사무소,"서비스,산업 > 법률,행정 > 행정사",37.487838029094135,127.01431369392222,http://place.map.kakao.com/24193805,서울교육대 문
7940291,서울교육대학교,1517556892,핑크문네일,"가정,생활 > 미용 > 네일샵",37.4873556532182,127.008456547017,http://place.map.kakao.com/1517556892,서울교육대 문
7940291,서울교육대학교,216773668,문노래방,"가정,생활 > 여가시설 > 노래방",37.4936594257986,127.029096630017,http://place.map.kakao.com/216773668,서울교육대 문
7940291,서울교육대학교,1403977160,문노래연습장,"가정,생활 > 여가시설 > 노래방",37.494799318559,127.028609689786,http://place.map.kakao.com/1403977160,서울교육대 문
7940291,서울교육대학교,1029686315,투더문,음식점 > 양식,37.4943931800883,127.027704885557,http://place.map.kakao.com/1029686315,서울교육대 문
7940291,서울교육대학교,27113324,변호사 홍준표문창제 법률사무소,"서비스,산업 > 법률,행정 > 변호사",37.4944516709881,127.012104217499,http://place.map.kakao.com/27113324,서울교육대 문
7940291,서울교육대학교,154335528,미스터문,"가정,생활 > 패션 > 패션잡화점",37.50092707406344,127.0245577147067,http://place.map.kakao.com/154335528,서울교육대 문
7940291,서울교육대학교,879450242,유노문,부동산 > 부동산서비스,37.4912816234864,127.029275499222,http://place.map.kakao.com/879450242,서울교육대 문
7940291,서울교육대학교,1615295897,문피어싱,"가정,생활 > 패션 > 패션잡화점 > 액세서리",37.4980224152762,127.02778877953199,http://place.map.kakao.com/1615295897,서울교육대 문
7940291,서울교육대학교,1270864569,유리문수리,"서비스,산업 > 건설,건축 > 시공업체 > 주택수리",37.4926413020802,127.035623127275,http://place.map.kakao.com/1270864569,서울교육대 문
7940291,서울교육대학교,111511682,나인자동문,"서비스,산업 > 건설,건축 > 시공업체 > 유리,창호시공",37.5018442782194,127.024653012722,http://place.map.kakao.com/111511682,서울교육대 문
7940291,서울교육대학교,1080056106,아트문,"문화,예술 > 미술,공예 > 골동품",37.49897795983724,127.02953295176393,http://place.map.kakao.com/1080056106,서울교육대 문
7940291,서울교육대학교,1365747287,뷰티문,"가정,생활 > 미용",37.483144601541035,126.99688168904228,http://place.map.kakao.com/1365747287,서울교육대 문
7940291,서울교육대학교,126715140,무등전동샷다유리문셔터수리,"서비스,산업 > 건설,건축 > 시공업체 > 유리,창호시공",37.4954347552793,127.031269638067,http://place.map.kakao.com/126715140,서울교육대 문
7940291,서울교육대학교,17408875,문스냅,"가정,생활 > 결혼 > 웨딩스튜디오",37.4921178269444,127.038464522017,http://place.map.kakao.com/17408875,서울교육대 문
7940291,서울교육대학교,17605872,문디자인그룹,"서비스,산업 > 디자인 > 광고디자인",37.5033363518846,127.028612947026,http://place.map.kakao.com/17605872,서울교육대 문
7940291,서울교육대학교,2049851795,롯데칠성음료 제1지역부문,"서비스,산업 > 식품 > 음료,주류제조 > 과실음료,청량음료",37.4958771614554,127.023435404517,http://place.map.kakao.com/2049851795,서울교육대 문
7939462,서울기독대학교,344383578,센트레빌아스테리움시그니처아파트 정문,"교통,수송 > 입출구",37.6043939646581,126.907801847046,http://place.map.kakao.com/344383578,서울기독대학교 게이트
7939462,서울기독대학교,1660802262,응암역효성해링턴플레이스아파트 정문,"교통,수송 > 입출구",37.598766845886,126.908401030521,http://place.map.kakao.com/1660802262,서울기독대학교 게이트
7939462,서울기독대학교,1528001902,서울상신초등학교 정문,"교통,수송 > 입출구",37.59820155052485,126.90563871520064,http://place.map.kakao.com/1528001902,서울기독대학교 게이트
7939462,서울기독대학교,1119987693,백련산해모로아파트 후문,"교통,수송 > 입출구",37.5969383539151,126.921636047099,http://place.map.kakao.com/1119987693,서울기독대학교 게이트
7939462,서울기독대학교,1144340914,현대2차아파트 정문,"교통,수송 > 입출구",37.5975454885331,126.907740091014,http://place.map.kakao.com/1144340914,서울기독대학교 게이트
7939462,서울기독대학교,1444836900,백련산해모로아파트 정문,"교통,수송 > 입출구",37.5958731147768,126.921234049291,http://place.map.kakao.com/1444836900,서울기독대학교 게이트
7939462,서울기독대학교,18082987,서울특별시서북병원 출입구4,"교통,수송 > 입출구",37.6045417349716,126.905533314121,http://place.map.kakao.com/18082987,서울기독대학교 게이트
7939462,서울기독대학교,13062806,서울게이트맨,"가정,생활 > 생활용품점 > 열쇠",37.59935905945652,126.92685046648671,http://place.map.kakao.com/13062806,서울기독대학교 게이트
7939462,서울기독대학교,522196207,백련산파크자이아파트 정문,"교통,수송 > 입출구",37.5913792281753,126.921623759854,http://place.map.kakao.com/522196207,서울기독대학교 게이트
7939462,서울기독대학교,262039793,서울상신초등학교 후문,"교통,수송 > 입출구",37.5977015735116,126.90572993642917,http://place.map.kakao.com/262039793,서울기독대학교 게이트
7939462,서울기독대학교,1839277370,응암역효성해링턴플레이스아파트 후문,"교통,수송 > 입출구",37.59723329939869,126.90832364486033,http://place.map.kakao.com/1839277370,서울기독대학교 게이트
7939462,서울기독대학교,1143418824,백련산SK뷰아이파크아파트 정문,"교통,수송 > 입출구",37.5957073113402,126.92120251846,http://place.map.kakao.com/1143418824,서울기독대학교 게이트
7939462,서울기독대학교,288673881,백련산힐스테이트1차아파트 정문,"교통,수송 > 입출구",37.5917143862617,126.924369192915,http://place.map.kakao.com/288673881,서울기독대학교 게이트
7939462,서울기독대학교,785061744,신진과학기술고등학교 후문,"교통,수송 > 입출구",37.5975930096492,126.917144375827,http://place.map.kakao.com/785061744,서울기독대학교 게이트
7939462,서울기독대학교,574031692,카페게이트 고양향동점,음식점 > 카페 > 커피전문점 > 카페게이트,37.598684970252094,126.89251259866604,http://place.map.kakao.com/574031692,서울기독대학교 게이트
7939462,서울기독대학교,918074092,힐스테이트백련산4차아파트 정문,"교통,수송 > 입출구",37.5893059075563,126.921416468518,http://place.map.kakao.com/918074092,서울기독대학교 게이트
7939462,서울기독대학교,1432065473,e편한세상백련산아파트 후문,"교통,수송 > 입출구",37.59563674503722,126.9235023788824,http://place.map.kakao.com/1432065473,서울기독대학교 게이트
7939462,서울기독대학교,956530375,백련산파크자이아파트 후문,"교통,수송 > 입출구",37.5920150354583,126.921183765797,http://place.map.kakao.com/956530375,서울기독대학교 게이트
7939462,서울기독대학교,1647081388,백련산SK뷰아이파크아파트 후문,"교통,수송 > 입출구",37.59415311514624,126.921223406692,http://place.map.kakao.com/1647081388,서울기독대학교 게이트
7939462,서울기독대학교,3540342,브라운스톤구산아파트 정문,"교통,수송 > 입출구",37.6118856889133,126.908960297208,http://place.map.kakao.com/3540342,서울기독대학교 게이트
7939462,서울기독대학교,886011812,힐스테이트백련산4차아파트 북문,"교통,수송 > 입출구",37.5911341209303,126.921567403217,http://place.map.kakao.com/886011812,서울기독대학교 게이트
7939462,서울기독대학교,1071538382,백련산힐스테이트2차아파트 후문,"교통,수송 > 입출구",37.5916060200063,126.923984327156,http://place.map.kakao.com/1071538382,서울기독대학교 게이트
7939462,서울기독대학교,1879682761,백련산힐스테이트3차아파트 정문,"교통,수송 > 입출구",37.5888698980976,126.922889970102,http://place.map.kakao.com/1879682761,서울기독대학교 게이트
7939462,서울기독대학교,872476348,DMC해링턴플레이스NHF아파트 정문,"교통,수송 > 입출구",37.6053069807948,126.896241413942,http://place.map.kakao.com/872476348,서울기독대학교 게이트
7939462,서울기독대학교,1134629756,래미안베라힐즈 2번게이트,"교통,수송 > 입출구",37.6053245262821,126.936184258785,http://place.map.kakao.com/1134629756,서울기독대학교 게이트
7939462,서울기독대학교,208812200,DMC두산위브더퍼스트아파트 정문,"교통,수송 > 입출구",37.6080281048379,126.896396188161,http://place.map.kakao.com/208812200,서울기독대학교 게이트
7939462,서울기독대학교,1660033784,백련산힐스테이트2차아파트 정문,"교통,수송 > 입출구",37.5888933342305,126.922905797278,http://place.map.kakao.com/1660033784,서울기독대학교 게이트
7939462,서울기독대학교,1378455847,DMC중흥S클래스더센트럴아파트 후문,"교통,수송 > 입출구",37.60146503500224,126.89407248463124,http://place.map.kakao.com/1378455847,서울기독대학교 게이트
7939462,서울기독대학교,19699977,바다회전문 대림시장후문점,"음식점 > 한식 > 해물,생선 > 회",37.586545250631495,126.91873151859892,http://place.map.kakao.com/19699977,서울기독대학교 게이트
7939462,서울기독대학교,1200760199,백련산힐스테이트3차아파트 후문,"교통,수송 > 입출구",37.5883379800379,126.925173096825,http://place.map.kakao.com/1200760199,서울기독대학교 게이트
7939462,서울기독대학교,1161463024,북한산푸르지오아파트 정문,"교통,수송 > 입출구",37.6054254591325,126.936224942205,http://place.map.kakao.com/1161463024,서울기독대학교 게이트
7939462,서울기독대학교,16413201,싸리문,"음식점 > 한식 > 해물,생선 > 매운탕,해물탕",37.61978582641015,126.91923791715023,http://place.map.kakao.com/16413201,서울기독대학교 게이트
7939462,서울기독대학교,1987799239,DMC중흥S클래스더센트럴아파트 정문,"교통,수송 > 입출구",37.603303022916,126.894037037278,http://place.map.kakao.com/1987799239,서울기독대학교 게이트
7939462,서울기독대학교,720274158,녹번역e편한세상캐슬아파트 후문,"교통,수송 > 입출구",37.5994288631158,126.933673103501,http://place.map.kakao.com/720274158,서울기독대학교 게이트
7939462,서울기독대학교,1604106416,명지대학교 후문,"교통,수송 > 입출구",37.5811955492862,126.924764756554,http://place.map.kakao.com/1604106416,서울기독대학교 게이트
7939462,서울기독대학교,1602866456,DMC해링턴플레이스NHF아파트 후문,"교통,수송 > 입출구",37.603512102111516,126.8940922312994,http://place.map.kakao.com/1602866456,서울기독대학교 게이트
7939462,서울기독대학교,1491119879,대림e편한세상아파트 후문,"교통,수송 > 입출구",37.6000079542964,126.936502477103,http://place.map.kakao.com/1491119879,서울기독대학교 게이트
7939462,서울기독대학교,910562907,래미안베라힐즈아파트 정문,"교통,수송 > 입출구",37.6027721265447,126.936378955624,http://place.map.kakao.com/910562907,서울기독대학교 게이트
7939462,서울기독대학교,30202329,DMCSKVIEW아이파크포레아파트 C게이트,"교통,수송 > 입출구",37.5858832711152,126.8950603297,http://place.map.kakao.com/30202329,서울기독대학교 게이트
7939462,서울기독대학교,1502302031,DMC에코자이 정문,"교통,수송 > 입출구",37.5768089722529,126.919839063959,http://place.map.kakao.com/1502302031,서울기독대학교 게이트
7939462,서울기독대학교,1047043904,게이트맨프라자 공식AS 지점 유일열쇠,"가정,생활 > 생활용품점 > 열쇠,도장",37.57714830930911,126.91178521374043,http://place.map.kakao.com/1047043904,서울기독대학교 게이트
7939462,서울기독대학교,701959593,DMC센트럴아이파크아파트 정문,"교통,수송 > 입출구",37.5793734203346,126.921506155368,http://place.map.kakao.com/701959593,서울기독대학교 게이트
7939462,서울기독대학교,2029641336,DMC파크뷰자이2단지아파트 정문,"교통,수송 > 입출구",37.5750843688263,126.914557726776,http://place.map.kakao.com/2029641336,서울기독대학교 게이트
7939462,서울기독대학교,234661776,북한산더샵아파트 게이트2,"교통,수송 > 입출구",37.5925082759246,126.942094457966,http://place.map.kakao.com/234661776,서울기독대학교 게이트
7939462,서울기독대학교,2137901413,DMC호반베르디움더포레4단지아파트 정문,"교통,수송 > 입출구",37.5971270705741,126.892417456417,http://place.map.kakao.com/2137901413,서울기독대학교 게이트
7939462,서울기독대학교,1729686180,DMC래미안e편한세상3단지아파트 후문,"교통,수송 > 입출구",37.5752131668032,126.907332949484,http://place.map.kakao.com/1729686180,서울기독대학교 gate
7939462,서울기독대학교,1661383321,DMC호반베르디움더포레2단지아파트 정문,"교통,수송 > 입출구",37.5929925244995,126.89056869889,http://place.map.kakao.com/1661383321,서울기독대학교 gate
7939462,서울기독대학교,1962396769,DMC래미안E편한세상2단지아파트 정문,"교통,수송 > 입출구",37.5756293783248,126.910779491215,http://place.map.kakao.com/1962396769,서울기독대학교 gate
7939462,서울기독대학교,1100739713,불광롯데캐슬아파트 정문,"교통,수송 > 입출구",37.6133647251987,126.932532648047,http://place.map.kakao.com/1100739713,서울기독대학교 gate
7939462,서울기독대학교,700999052,DMC리슈빌더포레스트아파트 정문,"교통,수송 > 입출구",37.593880316078,126.888976496559,http://place.map.kakao.com/700999052,서울기독대학교 gate
7939462,서울기독대학교,1751700599,DMC센트럴자이아파트 1단지 정문,"교통,수송 > 입출구",37.5798020568643,126.900836923308,http://place.map.kakao.com/1751700599,서울기독대학교 gate
7939462,서울기독대학교,1201522040,명지전문대학 후문,"교통,수송 > 입출구",37.5836776456485,126.925968009718,http://place.map.kakao.com/1201522040,서울기독대 게이트
11137164,서울대학교 연건캠퍼스,8638884,흥인지문,"여행 > 관광,명소 > 문화유적 > 문",37.571141513487,127.009571946966,http://place.map.kakao.com/8638884,서울대학교 게이트
11137164,서울대학교 연건캠퍼스,8028879,창경궁 월근문,"여행 > 관광,명소 > 문화유적 > 문",37.581402377964,126.996617206441,http://place.map.kakao.com/8028879,서울대학교 게이트
11137164,서울대학교 연건캠퍼스,117042694,성균관대학교 인문사회과학캠퍼스 정문,"교통,수송 > 입출구",37.5850002309339,126.996838384994,http://place.map.kakao.com/117042694,서울대학교 게이트
11137164,서울대학교 연건캠퍼스,1850785358,골드게이트,"가정,생활 > 패션 > 보석,귀금속",37.57091930544608,126.99655542240869,http://place.map.kakao.com/1850785358,서울대학교 게이트
11137164,서울대학교 연건캠퍼스,29263364,전담GATE 대학로점,"서비스,산업 > 식품 > 담배 > 전자담배",37.5832044131478,127.00028869918,http://place.map.kakao.com/29263364,서울대학교 게이트
11137164,서울대학교 연건캠퍼스,370224713,종묘 북신문,"여행 > 관광,명소 > 문화유적 > 문",37.57690455042833,126.99481517317888,http://place.map.kakao.com/370224713,서울대학교 게이트
11137164,서울대학교 연건캠퍼스,17578525,창경궁 함양문,"여행 > 관광,명소 > 문화유적 > 문",37.5795236515318,126.99308061756884,http://place.map.kakao.com/17578525,서울대학교 게이트
11137164,서울대학교 연건캠퍼스,2009442075,서울대학교병원 후문,"교통,수송 > 입출구",37.5799644239191,127.001969861978,http://place.map.kakao.com/2009442075,서울대학교 게이트
11137164,서울대학교 연건캠퍼스,7873647,창경궁 명정문,"여행 > 관광,명소 > 문화유적 > 문",37.5788435264443,126.995725237171,http://place.map.kakao.com/7873647,서울대학교 게이트
11137164,서울대학교 연건캠퍼스,1123186505,프린트카페 성균관대정문점,"서비스,산업 > 인쇄,복사",37.5836981442457,126.998206656779,http://place.map.kakao.com/1123186505,서울대학교 게이트
11137164,서울대학교 연건캠퍼스,15295317,아트포럼뉴게이트,"문화,예술 > 문화시설 > 미술관",37.5828908675135,127.000258129949,http://place.map.kakao.com/15295317,서울대학교 게이트
11137164,서울대학교 연건캠퍼스,26396794,서울대학교병원 정문,"교통,수송 > 입출구",37.5770596068084,126.997405317092,http://place.map.kakao.com/26396794,서울대학교 게이트
11137164,서울대학교 연건캠퍼스,8023892,종묘 외대문,"여행 > 관광,명소 > 문화유적 > 문",37.5721292686522,126.994598162936,http://place.map.kakao.com/8023892,서울대학교 게이트
11137164,서울대학교 연건캠퍼스,900488651,광장시장 동문,"교통,수송 > 입출구",37.5703778448469,127.001729634064,http://place.map.kakao.com/900488651,서울대학교 게이트
11137164,서울대학교 연건캠퍼스,1818106432,게이트,음식점 > 술집,37.5720266527081,127.014795036333,http://place.map.kakao.com/1818106432,서울대학교 게이트
11137164,서울대학교 연건캠퍼스,7945154,창경궁 선인문,"여행 > 관광,명소 > 문화유적 > 문",37.5778128202593,126.996694349734,http://place.map.kakao.com/7945154,서울대학교 게이트
11137164,서울대학교 연건캠퍼스,8233299,창경궁 과학의문,"여행 > 관광,명소 > 문화유적 > 문",37.5822348900427,126.996413383759,http://place.map.kakao.com/8233299,서울대학교 게이트
11137164,서울대학교 연건캠퍼스,18093911,성균관대학교 후문,"교통,수송 > 입출구",37.5892983133587,126.990086054512,http://place.map.kakao.com/18093911,서울대학교 게이트
11137164,서울대학교 연건캠퍼스,1162075277,현대계동사옥 서문주차장,"교통,수송 > 교통시설 > 주차장",37.57885010693023,126.98709986053191,http://place.map.kakao.com/1162075277,서울대학교 게이트
11137164,서울대학교 연건캠퍼스,1421090993,영춘문,"여행 > 관광,명소 > 문화유적 > 문",37.5825744449154,126.99358753578,http://place.map.kakao.com/1421090993,서울대학교 게이트
11137164,서울대학교 연건캠퍼스,1970014839,동묘문,음식점 > 중식,37.571690583235714,127.01478138610085,http://place.map.kakao.com/1970014839,서울대학교 게이트
11137164,서울대학교 연건캠퍼스,8234642,광화문,"여행 > 관광,명소 > 문화유적 > 문",37.57596445980707,126.97685309595215,http://place.map.kakao.com/8234642,서울대학교 게이트
11137164,서울대학교 연건캠퍼스,942123983,광장시장 서문,"교통,수송 > 입출구",37.570161603164,126.998089257945,http://place.map.kakao.com/942123983,서울대학교 게이트
11137164,서울대학교 연건캠퍼스,285654126,판타게이트,"서비스,산업 > 인터넷,IT > 소프트웨어",37.582660671266495,127.01022893379177,http://place.map.kakao.com/285654126,서울대학교 게이트
11137164,서울대학교 연건캠퍼스,17808103,창덕궁 진선문,"여행 > 관광,명소 > 문화유적 > 문",37.5785224636321,126.990449749908,http://place.map.kakao.com/17808103,서울대학교 게이트
11137164,서울대학교 연건캠퍼스,8206208,창덕궁 단봉문,"여행 > 관광,명소 > 문화유적 > 문",37.5776971876942,126.990889098571,http://place.map.kakao.com/8206208,서울대학교 게이트
11137164,서울대학교 연건캠퍼스,8050056,창덕궁 인정문,"여행 > 관광,명소 > 문화유적 > 문",37.5788252526801,126.99115613373,http://place.map.kakao.com/8050056,서울대학교 게이트
11137164,서울대학교 연건캠퍼스,18983409,창경궁 집춘문,"여행 > 관광,명소 > 문화유적 > 문",37.5841341432093,126.995253952889,http://place.map.kakao.com/18983409,서울대학교 게이트
11137164,서울대학교 연건캠퍼스,985241536,글라스타안경 성균관대정문앞점,"가정,생활 > 패션 > 패션잡화점 > 안경,렌즈",37.5847216574716,126.997395993763,http://place.map.kakao.com/985241536,서울대학교 게이트
11137164,서울대학교 연건캠퍼스,11050208,창덕궁 불로문,"여행 > 관광,명소 > 문화유적 > 문",37.582634794864056,126.99328864431902,http://place.map.kakao.com/11050208,서울대학교 게이트
11137164,서울대학교 연건캠퍼스,27254919,광장시장 북2문,"교통,수송 > 입출구",37.5707238387684,127.000475425175,http://place.map.kakao.com/27254919,서울대학교 게이트
11137164,서울대학교 연건캠퍼스,17572472,조계사 일주문,"여행 > 관광,명소 > 문화유적 > 문",37.5738688353359,126.982621347179,http://place.map.kakao.com/17572472,서울대학교 게이트
11137164,서울대학교 연건캠퍼스,12898430,창덕궁 만월문,"여행 > 관광,명소 > 문화유적 > 문",37.5818382094205,126.991613159052,http://place.map.kakao.com/12898430,서울대학교 게이트
11137164,서울대학교 연건캠퍼스,27425368,서울효제초등학교 후문,"교통,수송 > 입출구",37.5732718145745,127.003047352795,http://place.map.kakao.com/27425368,서울대학교 게이트
11137164,서울대학교 연건캠퍼스,687079444,한성대학교 남문,"교통,수송 > 입출구",37.5811424451233,127.010811769121,http://place.map.kakao.com/687079444,서울대학교 게이트
11137164,서울대학교 연건캠퍼스,18984077,창경궁 빈양문,"여행 > 관광,명소 > 문화유적",37.5787317573772,126.994606742671,http://place.map.kakao.com/18984077,서울대학교 게이트
11137164,서울대학교 연건캠퍼스,12898409,창덕궁 어수문,"여행 > 관광,명소 > 문화유적 > 문",37.5818851396982,126.992804158405,http://place.map.kakao.com/12898409,서울대학교 게이트
11137164,서울대학교 연건캠퍼스,344972428,동삼문,"여행 > 관광,명소 > 문화유적 > 문",37.5855316210062,126.996300006702,http://place.map.kakao.com/344972428,서울대학교 게이트
11137164,서울대학교 연건캠퍼스,881642002,밤새출력 성균관대정문점,"서비스,산업 > 인쇄,복사",37.5852622496367,126.997232940319,http://place.map.kakao.com/881642002,서울대학교 게이트
11137164,서울대학교 연건캠퍼스,1627522015,삼선푸르지오아파트 정문,"교통,수송 > 입출구",37.5843479206725,127.013344899129,http://place.map.kakao.com/1627522015,서울대학교 게이트
11137164,서울대학교 연건캠퍼스,8444002,신삼문,"여행 > 관광,명소 > 문화유적 > 문",37.5849558822356,126.996168702298,http://place.map.kakao.com/8444002,서울대학교 게이트
11137164,서울대학교 연건캠퍼스,257766416,광장시장 북문,"교통,수송 > 입출구",37.5706355397427,126.999241584545,http://place.map.kakao.com/257766416,서울대학교 게이트
11137164,서울대학교 연건캠퍼스,827946346,창덕궁 선평문,"여행 > 관광,명소 > 문화유적 > 문",37.5799173405964,126.992346977828,http://place.map.kakao.com/827946346,서울대학교 게이트
11137164,서울대학교 연건캠퍼스,27454923,골드게이트빌딩,부동산 > 빌딩,37.5709580479512,126.99654523291,http://place.map.kakao.com/27454923,서울대학교 게이트
11137164,서울대학교 연건캠퍼스,17933867,종묘 동문,"여행 > 관광,명소 > 문화유적 > 문",37.5756250453973,126.993013055985,http://place.map.kakao.com/17933867,서울대학교 게이트
11137164,서울대학교 연건캠퍼스,391618469,광장시장 남1문,"교통,수송 > 입출구",37.5698012117878,127.001430785735,http://place.map.kakao.com/391618469,서울대학교 gate
11137164,서울대학교 연건캠퍼스,1305579219,광장시장 남2문,"교통,수송 > 입출구",37.5696174168277,127.000362223347,http://place.map.kakao.com/1305579219,서울대학교 gate
11137164,서울대학교 연건캠퍼스,457781282,경신고등학교 후문,"교통,수송 > 입출구",37.5913322557512,127.001791261831,http://place.map.kakao.com/457781282,서울대학교 gate
11137164,서울대학교 연건캠퍼스,966544243,중부시장 1문,"교통,수송 > 입출구",37.5666261112491,127.000303349922,http://place.map.kakao.com/966544243,서울대학교 gate
11137164,서울대학교 연건캠퍼스,425186218,종로센트레빌아파트 정문,"교통,수송 > 입출구",37.5797236801173,127.016084890104,http://place.map.kakao.com/425186218,서울대학교 gate
11137164,서울대학교 연건캠퍼스,1146029540,보문파크뷰자이아파트 정문,"교통,수송 > 입출구",37.5806766804553,127.017833081235,http://place.map.kakao.com/1146029540,서울대학교 gate
11137164,서울대학교 연건캠퍼스,792285301,광장시장 남3문,"교통,수송 > 입출구",37.5694228006309,126.999361583013,http://place.map.kakao.com/792285301,서울대학교 gate
11137164,서울대학교 연건캠퍼스,24582622,삼일교 진출입 계단 7번,"교통,수송 > 입출구",37.5682075854278,126.987376754328,http://place.map.kakao.com/24582622,서울대학교 gate
11137164,서울대학교 연건캠퍼스,1876556792,광장시장 북1문,"교통,수송 > 입출구",37.5706202227402,126.999228001142,http://place.map.kakao.com/1876556792,서울대학교 gate
11137164,서울대학교 연건캠퍼스,1471031688,중부건어물시장 7문,"교통,수송 > 입출구",37.5655151644709,127.00212228603,http://place.map.kakao.com/1471031688,서울대학교 gate
11137164,서울대학교 연건캠퍼스,1183593067,NPD현대계동사옥주차장 서문,"교통,수송 > 입출구",37.5782950752746,126.986924483996,http://place.map.kakao.com/1183593067,서울대학교 gate
11137164,서울대학교 연건캠퍼스,1364021540,경신중학교 후문,"교통,수송 > 입출구",37.5913241458011,127.001856933682,http://place.map.kakao.com/1364021540,서울대학교 gate
11137164,서울대학교 연건캠퍼스,424760688,종로센트레빌아파트 후문,"교통,수송 > 입출구",37.5816582150576,127.015323382653,http://place.map.kakao.com/424760688,서울대학교 gate
11137164,서울대학교 연건캠퍼스,526594387,서울재동초등학교 정문,"교통,수송 > 입출구",37.5798626506945,126.985599649314,http://place.map.kakao.com/526594387,서울대학교 gate
11137164,서울대학교 연건캠퍼스,1121088682,중앙중학교 후문,"교통,수송 > 입출구",37.5861759383013,126.985820344138,http://place.map.kakao.com/1121088682,서울대학교 gate
11137164,서울대학교 연건캠퍼스,1383518559,서울동구고등학교 후문,"교통,수송 > 입출구",37.5931465730501,127.008333759244,http://place.map.kakao.com/1383518559,서울대학교 gate
11137164,서울대학교 연건캠퍼스,2095650008,국립민속박물관 정문,"교통,수송 > 입출구",37.579630169106,126.979359561587,http://place.map.kakao.com/2095650008,서울대학교 gate
11137164,서울대학교 연건캠퍼스,1375963086,탑골공원 북문,"교통,수송 > 입출구",37.571860290611234,126.98804740311353,http://place.map.kakao.com/1375963086,서울대학교 gate
11137164,서울대학교 연건캠퍼스,1358559046,홍익대학교사범대학 부속고등학교 후문,"교통,수송 > 입출구",37.5950289781094,127.003791050107,http://place.map.kakao.com/1358559046,서울대학교 gate
11137164,서울대학교 연건캠퍼스,24582623,장통교 진출입 계단 8번,"교통,수송 > 입출구",37.5682434489874,126.985823744215,http://place.map.kakao.com/24582623,서울대학교 gate
11137164,서울대학교 연건캠퍼스,1181142078,e편한세상보문1단지아파트 후문,"교통,수송 > 입출구",37.58357449693901,127.0163030931668,http://place.map.kakao.com/1181142078,서울대학교 gate
11137164,서울대학교 연건캠퍼스,24582618,광통교 진출입 계단 3번,"교통,수송 > 입출구",37.5690501205507,126.981359222493,http://place.map.kakao.com/24582618,서울대학교 gate
11137164,서울대학교 연건캠퍼스,24582617,청계광장 진출입 경사로2번,"교통,수송 > 입출구",37.5691288374739,126.978040353196,http://place.map.kakao.com/24582617,서울대학교 gate
11137164,서울대학교 연건캠퍼스,172805003,보문파크뷰자이아파트 후문,"교통,수송 > 입출구",37.5801502863029,127.019196012975,http://place.map.kakao.com/172805003,서울대학교 gate
11137164,서울대학교 연건캠퍼스,24582621,광교 진출입 계단 6번,"교통,수송 > 입출구",37.5687548570305,126.983107003547,http://place.map.kakao.com/24582621,서울대학교 gate
11137164,서울대학교 연건캠퍼스,1148185088,성신여자대학교 돈암수정캠퍼스 중문,"교통,수송 > 입출구",37.590898620551144,127.02212455934625,http://place.map.kakao.com/1148185088,서울대학교 gate
11137164,서울대학교 연건캠퍼스,554804728,서머셋팰리스서울 정문,"교통,수송 > 입출구",37.575140812568,126.981140354329,http://place.map.kakao.com/554804728,서울대학교 gate
11137164,서울대학교 연건캠퍼스,1732716971,동국대학교 서울캠퍼스 후문,"교통,수송 > 입출구",37.56071287063473,126.99936392096474,http://place.map.kakao.com/1732716971,서울대학교 gate
11137164,서울대학교 연건캠퍼스,861787992,명동성당 가톨릭회관 후문,"교통,수송 > 입출구",37.5641430857663,126.986415354827,http://place.map.kakao.com/861787992,서울대학교 gate
11137164,서울대학교 연건캠퍼스,1629922481,한신한진아파트 후문,"교통,수송 > 입출구",37.5950462803216,127.013556291008,http://place.map.kakao.com/1629922481,서울대학교 gate
11137164,서울대학교 연건캠퍼스,1095971293,감사원 후문 입구,"교통,수송 > 입출구",37.5865975447486,126.985343605846,http://place.map.kakao.com/1095971293,서울대학교 gate
11137164,서울대학교 연건캠퍼스,184118906,노보텔 앰배서더 서울 동대문 호텔&레지던스 후문,"교통,수송 > 입출구",37.5662404065958,127.00431252702,http://place.map.kakao.com/184118906,서울대학교 gate
11137164,서울대학교 연건캠퍼스,1203810267,래미안엘리니티아파트 정문,"교통,수송 > 입출구",37.57888533553471,127.02798861744166,http://place.map.kakao.com/1203810267,서울대학교 gate
11137164,서울대학교 연건캠퍼스,1545173796,서울풍물시장 후문,"교통,수송 > 입출구",37.5733808957001,127.025162205112,http://place.map.kakao.com/1545173796,서울대학교 gate
8139895,서울한영대학교,385170282,트리우스광명아파트2단지 2번게이트,"교통,수송 > 입출구",37.4866992305222,126.860901852549,http://place.map.kakao.com/385170282,서울한영대학교 게이트
8139895,서울한영대학교,222169700,삼환로즈빌아파트 정문,"교통,수송 > 입출구",37.4975282665117,126.858488873443,http://place.map.kakao.com/222169700,서울한영대학교 게이트
8139895,서울한영대학교,766932581,동부골든아파트 정문,"교통,수송 > 입출구",37.4989116021699,126.840340182141,http://place.map.kakao.com/766932581,서울한영대학교 게이트
8139895,서울한영대학교,391658755,트리우스광명아파트1단지 1번게이트,"교통,수송 > 입출구",37.4867527575058,126.860449475058,http://place.map.kakao.com/391658755,서울한영대학교 게이트
8139895,서울한영대학교,1395915753,고척공구상가 정문,"교통,수송 > 입출구",37.4990031388033,126.86146709072,http://place.map.kakao.com/1395915753,서울한영대학교 게이트
8139895,서울한영대학교,744812132,게이트디자인,"서비스,산업 > 건설,건축 > 인테리어",37.50634782069969,126.85816799070311,http://place.map.kakao.com/744812132,서울한영대학교 게이트
8139895,서울한영대학교,1329307425,고척아이파크아파트(MD) GATE5,"교통,수송 > 입출구",37.4984903432447,126.858324212315,http://place.map.kakao.com/1329307425,서울한영대학교 게이트
8139895,서울한영대학교,2087738896,고척아이파크아파트(MD) 정문,"교통,수송 > 입출구",37.498222826331435,126.86066561556461,http://place.map.kakao.com/2087738896,서울한영대학교 게이트
8139895,서울한영대학교,1524997608,현대1단지아파트 후문,"교통,수송 > 입출구",37.492098277552806,126.86031853732645,http://place.map.kakao.com/1524997608,서울한영대학교 게이트
8139895,서울한영대학교,252934804,삼환로즈빌 후문,"교통,수송 > 입출구",37.4982465241383,126.857121428484,http://place.map.kakao.com/252934804,서울한영대학교 게이트
8139895,서울한영대학교,755918325,능곡어린이집 정문,"교통,수송 > 입출구",37.5026124587797,126.854629576676,http://place.map.kakao.com/755918325,서울한영대학교 게이트
8139895,서울한영대학교,1791125343,평화교회 후문,"교통,수송 > 입출구",37.5030011719767,126.853478656515,http://place.map.kakao.com/1791125343,서울한영대학교 게이트
8139895,서울한영대학교,1524728624,현대1단지아파트 정문,"교통,수송 > 입출구",37.4923069833848,126.856289181986,http://place.map.kakao.com/1524728624,서울한영대학교 게이트
8139895,서울한영대학교,2025158837,광명자이더샵포레나아파트 2단지 게이트1,"교통,수송 > 입출구",37.489707982278,126.863466446044,http://place.map.kakao.com/2025158837,서울한영대학교 게이트
8139895,서울한영대학교,1206838206,광명자이더샵포레나아파트 2단지후문,"교통,수송 > 입출구",37.4909167460009,126.865484911206,http://place.map.kakao.com/1206838206,서울한영대학교 게이트
8139895,서울한영대학교,1782142738,고척아이파크아파트(RD) 정문,"교통,수송 > 입출구",37.5011727809862,126.859956706185,http://place.map.kakao.com/1782142738,서울한영대학교 게이트
8139895,서울한영대학교,2140152394,개봉현대정문상가 골목형상점가,"여행 > 관광,명소 > 테마거리",37.4921451598461,126.856583494014,http://place.map.kakao.com/2140152394,서울한영대학교 게이트
8139895,서울한영대학교,844597650,영풍마드레빌아파트 정문,"교통,수송 > 입출구",37.4918163032957,126.839102391193,http://place.map.kakao.com/844597650,서울한영대학교 게이트
8139895,서울한영대학교,392649611,상우아파트 정문,"교통,수송 > 입출구",37.4938508195626,126.860389906509,http://place.map.kakao.com/392649611,서울한영대학교 게이트
8139895,서울한영대학교,1664316378,고척아이파크아파트(MD) GATE3,"교통,수송 > 입출구",37.49769963365023,126.86091311527686,http://place.map.kakao.com/1664316378,서울한영대학교 게이트
8139895,서울한영대학교,487622046,서울덕의초등학교 후문,"교통,수송 > 입출구",37.5063018143014,126.855889132189,http://place.map.kakao.com/487622046,서울한영대학교 게이트
8139895,서울한영대학교,333258023,벽산베스트블루밍아파트 정문,"교통,수송 > 입출구",37.5051027035745,126.859736742862,http://place.map.kakao.com/333258023,서울한영대학교 게이트
8139895,서울한영대학교,1039387222,광명센트럴아이파크아파트 게이트B,"교통,수송 > 입출구",37.484405869385,126.858376817476,http://place.map.kakao.com/1039387222,서울한영대학교 게이트
8139895,서울한영대학교,939573400,광명자이더샵포레나아파트1단지 게이트2,"교통,수송 > 입출구",37.487100433952,126.865005552885,http://place.map.kakao.com/939573400,서울한영대학교 게이트
8139895,서울한영대학교,2084807702,고척파크푸르지오아파트 후문,"교통,수송 > 입출구",37.5067657976317,126.858845798352,http://place.map.kakao.com/2084807702,서울한영대학교 게이트
8139895,서울한영대학교,18131527,동양미래대학교 정문,"교통,수송 > 입출구",37.4998283684292,126.868481625127,http://place.map.kakao.com/18131527,서울한영대학교 게이트
8139895,서울한영대학교,757534637,동아한신아파트 정문,"교통,수송 > 입출구",37.5005028161107,126.864928275883,http://place.map.kakao.com/757534637,서울한영대학교 게이트
8139895,서울한영대학교,2094184834,동양미래대학교 후문,"교통,수송 > 입출구",37.5008314204501,126.866281380758,http://place.map.kakao.com/2094184834,서울한영대학교 게이트
8139895,서울한영대학교,391647313,트리우스광명아파트 3게이트,"교통,수송 > 입출구",37.4857709150061,126.860666130724,http://place.map.kakao.com/391647313,서울한영대학교 게이트
8139895,서울한영대학교,803599547,서울고원초등학교 정문,"교통,수송 > 입출구",37.4972296050419,126.865052911159,http://place.map.kakao.com/803599547,서울한영대학교 게이트
8139895,서울한영대학교,44250009,광명롯데낙천대아파트 정문,"교통,수송 > 입출구",37.4919692041395,126.867953765695,http://place.map.kakao.com/44250009,서울한영대학교 게이트
8139895,서울한영대학교,874213891,트리우스광명2단지아파트 GATE6,"교통,수송 > 입출구",37.4850293082892,126.861366261834,http://place.map.kakao.com/874213891,서울한영대학교 게이트
8139895,서울한영대학교,563618395,트리우스광명아파트 GATE5,"교통,수송 > 입출구",37.4846895533175,126.858265476871,http://place.map.kakao.com/563618395,서울한영대학교 게이트
8139895,서울한영대학교,192042472,목동2차우성아파트 정문,"교통,수송 > 입출구",37.5067927522852,126.865736917329,http://place.map.kakao.com/192042472,서울한영대학교 게이트
8139895,서울한영대학교,285539874,트리우스광명아파트 GATE4,"교통,수송 > 입출구",37.4857893612613,126.861027914417,http://place.map.kakao.com/285539874,서울한영대학교 게이트
8139895,서울한영대학교,1335499873,두산위브아파트 정문,"교통,수송 > 입출구",37.4884912323493,126.866276243002,http://place.map.kakao.com/1335499873,서울한영대학교 게이트
8139895,서울한영대학교,1815411413,철산자이더헤리티지아파트 정문,"교통,수송 > 입출구",37.4807154455507,126.867798327941,http://place.map.kakao.com/1815411413,서울한영대학교 게이트
8139895,서울한영대학교,1930766793,구로중앙유통단지 정문,"교통,수송 > 입출구",37.5018472984582,126.876626386645,http://place.map.kakao.com/1930766793,서울한영대학교 게이트
8139895,서울한영대학교,830513866,철산자이더헤리티지아파트 게이트4,"교통,수송 > 입출구",37.481349204715,126.870555910244,http://place.map.kakao.com/830513866,서울한영대학교 게이트
8139895,서울한영대학교,505243306,광명자이더샵포레나아파트1단지 게이트3,"교통,수송 > 입출구",37.4860184630475,126.864340395842,http://place.map.kakao.com/505243306,서울한영대학교 게이트
8139895,서울한영대학교,984748267,카페게이트 신월점,음식점 > 카페 > 커피전문점 > 카페게이트,37.51805628170292,126.84587831988684,http://place.map.kakao.com/984748267,서울한영대학교 게이트
8139895,서울한영대학교,1267003904,신트리1단지아파트 정문,"교통,수송 > 입출구",37.5134139205725,126.853353110609,http://place.map.kakao.com/1267003904,서울한영대학교 게이트
8139895,서울한영대학교,1537773207,철산자이브리에르아파트 정문,"교통,수송 > 입출구",37.4845994142654,126.868356816181,http://place.map.kakao.com/1537773207,서울한영대학교 게이트
8139895,서울한영대학교,369374909,백암고등학교 정문,"교통,수송 > 입출구",37.5108512059251,126.843325632308,http://place.map.kakao.com/369374909,서울한영대학교 게이트
8139895,서울한영대학교,1897929862,철산리버빌주공아파트 후문,"교통,수송 > 입출구",37.4935007795908,126.867832335625,http://place.map.kakao.com/1897929862,서울한영대학교 게이트
8139895,서울한영대학교,1615028222,신정이편한세상아파트 후문,"교통,수송 > 입출구",37.5121803863283,126.843476680678,http://place.map.kakao.com/1615028222,서울한영대학교 gate
8139895,서울한영대학교,85753420,신트리3단지아파트 정문,"교통,수송 > 입출구",37.51166708465958,126.85207615568913,http://place.map.kakao.com/85753420,서울한영대학교 gate
8139895,서울한영대학교,350813017,신트리2단지아파트 정문,"교통,수송 > 입출구",37.51330549124032,126.85310448164618,http://place.map.kakao.com/350813017,서울한영대학교 gate
8139895,서울한영대학교,928114404,목동센트럴아이파크위브2단지아파트 정문,"교통,수송 > 입출구",37.5158835032781,126.842118371893,http://place.map.kakao.com/928114404,서울한영대학교 gate
20599241,성공회대학교,1729572200,푸른수목원 후문,"교통,수송 > 입출구",37.4845924655908,126.823024031941,http://place.map.kakao.com/1729572200,성공회대학교 게이트
20599241,성공회대학교,1568272710,푸른수목원 정문,"교통,수송 > 입출구",37.4820461873176,126.824210409368,http://place.map.kakao.com/1568272710,성공회대학교 게이트
20599241,성공회대학교,589655788,우신고등학교 정문,"교통,수송 > 입출구",37.4949239468143,126.827655234634,http://place.map.kakao.com/589655788,성공회대학교 게이트
20599241,성공회대학교,21853251,게이트맨프라자 만선테크,"가정,생활 > 생활용품점 > 열쇠,도장",37.4872808722422,126.81814662156,http://place.map.kakao.com/21853251,성공회대학교 게이트
20599241,성공회대학교,512891398,한양수자인 에듀힐즈아파트 정문,"교통,수송 > 입출구",37.4783677015444,126.825039819377,http://place.map.kakao.com/512891398,성공회대학교 게이트
20599241,성공회대학교,17565821,유한대학교 나눔의문,"교육,학문 > 학교부속시설",37.4879701234433,126.821084805519,http://place.map.kakao.com/17565821,성공회대학교 게이트
20599241,성공회대학교,1590213069,그린빌라 후문,"교통,수송 > 입출구",37.4843554067007,126.821762775737,http://place.map.kakao.com/1590213069,성공회대학교 게이트
20599241,성공회대학교,413660425,항동하버라인4단지아파트 후문,"교통,수송 > 입출구",37.4817894837643,126.826093493592,http://place.map.kakao.com/413660425,성공회대학교 게이트
20599241,성공회대학교,606964616,항동하버라인2단지아파트 정문,"교통,수송 > 입출구",37.4819385632159,126.82153673923,http://place.map.kakao.com/606964616,성공회대학교 게이트
20599241,성공회대학교,1600530205,항동하버라인3단지아파트 후문,"교통,수송 > 입출구",37.4804603303902,126.825369598025,http://place.map.kakao.com/1600530205,성공회대학교 게이트
20599241,성공회대학교,1751344308,항동하버라인3단지아파트 정문,"교통,수송 > 입출구",37.4785287118066,126.824857422033,http://place.map.kakao.com/1751344308,성공회대학교 게이트
20599241,성공회대학교,1613204316,항동하버라인2단지아파트 후문,"교통,수송 > 입출구",37.4828769848869,126.821849954858,http://place.map.kakao.com/1613204316,성공회대학교 게이트
20599241,성공회대학교,844597650,영풍마드레빌아파트 정문,"교통,수송 > 입출구",37.4918163032957,126.839102391193,http://place.map.kakao.com/844597650,성공회대학교 게이트
20599241,성공회대학교,1711292418,항동하버라인4단지아파트 정문,"교통,수송 > 입출구",37.4808992500693,126.825456763902,http://place.map.kakao.com/1711292418,성공회대학교 게이트
20599241,성공회대학교,300595586,역곡남부시장 남문,"교통,수송 > 입출구",37.4816404964403,126.812339871207,http://place.map.kakao.com/300595586,성공회대학교 게이트
20599241,성공회대학교,512740316,한양수자인 에듀힐즈아파트 후문,"교통,수송 > 입출구",37.4788874149671,126.826146572762,http://place.map.kakao.com/512740316,성공회대학교 게이트
20599241,성공회대학교,766932581,동부골든아파트 정문,"교통,수송 > 입출구",37.4989116021699,126.840340182141,http://place.map.kakao.com/766932581,성공회대학교 게이트
20599241,성공회대학교,1369644519,역곡역e편한세상아파트 정문,"교통,수송 > 입출구",37.4866170471242,126.809703085523,http://place.map.kakao.com/1369644519,성공회대학교 게이트
20599241,성공회대학교,2118450451,부천범박휴먼시아1단지아파트 정문,"교통,수송 > 입출구",37.4771527193768,126.812998898935,http://place.map.kakao.com/2118450451,성공회대학교 게이트
20599241,성공회대학교,267426073,천왕이펜하우스4단지아파트 정문,"교통,수송 > 입출구",37.4800623308267,126.839521043826,http://place.map.kakao.com/267426073,성공회대학교 게이트
20599241,성공회대학교,1296920988,부천일루미스테이트1단지아파트 정문,"교통,수송 > 입출구",37.4721203519763,126.811717043558,http://place.map.kakao.com/1296920988,성공회대학교 게이트
20599241,성공회대학교,21318855,게이트3,음식점 > 카페,37.5067414670528,126.810553417633,http://place.map.kakao.com/21318855,성공회대학교 게이트
20599241,성공회대학교,854605950,카페게이트 범박힐스테이트점,음식점 > 카페 > 커피전문점 > 카페게이트,37.4712168310111,126.809587260787,http://place.map.kakao.com/854605950,성공회대학교 게이트
20599241,성공회대학교,1441298451,부천일루미스테이트4단지아파트 정문,"교통,수송 > 입출구",37.4658829440174,126.8102032821043,http://place.map.kakao.com/1441298451,성공회대학교 게이트
20599241,성공회대학교,27364618,부천동여자중학교 정문,"교통,수송 > 입출구",37.4818946358721,126.810118694647,http://place.map.kakao.com/27364618,성공회대학교 게이트
20599241,성공회대학교,309086814,가톨릭대학교 성심교정 정문,"교통,수송 > 입출구",37.485997639666,126.804482029877,http://place.map.kakao.com/309086814,성공회대학교 게이트
20599241,성공회대학교,1607997494,카페게이트 부천옥길점,음식점 > 카페 > 커피전문점 > 카페게이트,37.466281814639714,126.82339162463578,http://place.map.kakao.com/1607997494,성공회대학교 게이트
20599241,성공회대학교,454691362,게이트아이,"가정,생활 > 생활용품점 > 열쇠",37.4681299533491,126.81410205258,http://place.map.kakao.com/454691362,성공회대학교 게이트
20599241,성공회대학교,96611224,부천범박힐스테이트1단지아파트 후문,"교통,수송 > 입출구",37.4739025829141,126.811174454242,http://place.map.kakao.com/96611224,성공회대학교 게이트
20599241,성공회대학교,1296780608,부천일루미스테이트2단지아파트 정문,"교통,수송 > 입출구",37.4681580754712,126.810254051044,http://place.map.kakao.com/1296780608,성공회대학교 게이트
20599241,성공회대학교,243965114,소사SK뷰아파트 정문,"교통,수송 > 입출구",37.4782978641183,126.799779712553,http://place.map.kakao.com/243965114,성공회대학교 게이트
20599241,성공회대학교,1876336711,두산아파트 정문,"교통,수송 > 입출구",37.4945255569131,126.794336773088,http://place.map.kakao.com/1876336711,성공회대학교 게이트
20599241,성공회대학교,1296744908,부천일루미스테이트3단지아파트 후문,"교통,수송 > 입출구",37.4660683847346,126.810660618542,http://place.map.kakao.com/1296744908,성공회대학교 게이트
20599241,성공회대학교,1039387222,광명센트럴아이파크아파트 게이트B,"교통,수송 > 입출구",37.484405869385,126.858376817476,http://place.map.kakao.com/1039387222,성공회대학교 게이트
20599241,성공회대학교,1362631301,옥길데시앙아파트 정문,"교통,수송 > 입출구",37.46439956328991,126.82518201838613,http://place.map.kakao.com/1362631301,성공회대학교 게이트
20599241,성공회대학교,1783794608,소사역푸르지오아파트 후문,"교통,수송 > 입출구",37.4801368287466,126.797668507526,http://place.map.kakao.com/1783794608,성공회대학교 게이트
20599241,성공회대학교,187645976,부천범박힐스테이트4단지아파트 후문,"교통,수송 > 입출구",37.470415607973,126.807778314348,http://place.map.kakao.com/187645976,성공회대학교 게이트
20599241,성공회대학교,1296865421,부천일루미스테이트1단지아파트 후문,"교통,수송 > 입출구",37.4728593655317,126.811833890783,http://place.map.kakao.com/1296865421,성공회대학교 게이트
20599241,성공회대학교,90989876,부천범박힐스테이트1단지아파트 정문,"교통,수송 > 입출구",37.4747492920353,126.808784678495,http://place.map.kakao.com/90989876,성공회대학교 게이트
20599241,성공회대학교,90321771,옥길브리즈힐아파트 정문,"교통,수송 > 입출구",37.4642279414171,126.820685862683,http://place.map.kakao.com/90321771,성공회대학교 게이트
20599241,성공회대학교,451807551,천왕연지타운2단지 후문,"교통,수송 > 입출구",37.482287607451,126.846133850838,http://place.map.kakao.com/451807551,성공회대학교 게이트
20599241,성공회대학교,370791265,광명해모로이연아파트 후문,"교통,수송 > 입출구",37.47333472144602,126.84577801244387,http://place.map.kakao.com/370791265,성공회대학교 게이트
20599241,성공회대학교,1619643088,여월휴먼시아3단지아파트 정문,"교통,수송 > 입출구",37.5082492204438,126.806889629827,http://place.map.kakao.com/1619643088,성공회대학교 게이트
20599241,성공회대학교,374918918,옥길센트리뷰아파트 게이트2,"교통,수송 > 입출구",37.4645376458628,126.819933433373,http://place.map.kakao.com/374918918,성공회대학교 게이트
20599241,성공회대학교,16652244,노바빅게이트덴폴,"가정,생활 > 패션 > 의류판매",37.473876587701305,126.79923190944137,http://place.map.kakao.com/16652244,성공회대학교 게이트
20599241,성공회대학교,2121166669,부천일루미스테이트3단지아파트 정문,"교통,수송 > 입출구",37.467833867534395,126.81035095531342,http://place.map.kakao.com/2121166669,성공회대학교 gate
20599241,성공회대학교,813423670,소사SK뷰아파트 후문,"교통,수송 > 입출구",37.4770125365669,126.801625934846,http://place.map.kakao.com/813423670,성공회대학교 gate
20599241,성공회대학교,483080809,부천범박힐스테이트4단지아파트 정문,"교통,수송 > 입출구",37.4728663242078,126.807760733576,http://place.map.kakao.com/483080809,성공회대학교 gate
20599241,성공회대학교,651771993,부천일루미스테이트4단지아파트 후문,"교통,수송 > 입출구",37.46670957360346,126.80877689728403,http://place.map.kakao.com/651771993,성공회대학교 gate
20599241,성공회대학교,2001961444,옥길더휴한신아파트 후문,"교통,수송 > 입출구",37.4666571475972,126.825556573512,http://place.map.kakao.com/2001961444,성공회대학교 gate
20599241,성공회대학교,264146897,옥길브리즈힐아파트 후문,"교통,수송 > 입출구",37.4617273765419,126.81992208756,http://place.map.kakao.com/264146897,성공회대학교 gate
20599241,성공회대학교,1783719922,소사역푸르지오아파트 정문,"교통,수송 > 입출구",37.4783864372431,126.798351568094,http://place.map.kakao.com/1783719922,성공회대학교 gate
20599241,성공회대학교,1318395762,LH옥길센트럴힐아파트 후문,"교통,수송 > 입출구",37.4613556065938,126.824950609264,http://place.map.kakao.com/1318395762,성공회대학교 gate
20599241,성공회대학교,149115434,해냄방화문,"서비스,산업 > 건설,건축 > 건설자재",37.4864192275362,126.816217491739,http://place.map.kakao.com/149115434,성공회대 문
20599241,성공회대학교,925086945,빨강문,"가정,생활 > 패션 > 의류수선",37.4882820527721,126.810229168693,http://place.map.kakao.com/925086945,성공회대 문
20599241,성공회대학교,865560189,금강에스디 방화문,"서비스,산업 > 건설,건축 > 건설자재",37.482924186857645,126.8077044401963,http://place.map.kakao.com/865560189,성공회대 문
20599241,성공회대학교,224152876,태양자동문,"서비스,산업 > 건설,건축 > 건설자재",37.5015677782786,126.847161883016,http://place.map.kakao.com/224152876,성공회대 문
20599241,성공회대학교,1931743582,문하우스,"부동산 > 주거시설 > 빌라,주택",37.49161733085567,126.79240208807819,http://place.map.kakao.com/1931743582,성공회대 문
20599241,성공회대학교,76091099,수자동문,"서비스,산업 > 건설,건축 > 시공업체 > 유리,창호시공",37.5015677782786,126.847161883016,http://place.map.kakao.com/76091099,성공회대 문
20599241,성공회대학교,14648188,인전문요양보호시설,"의료,건강 > 요양,간병 > 요양원",37.4908381130812,126.857587843886,http://place.map.kakao.com/14648188,성공회대 문
20599241,성공회대학교,1005872758,인하자동문,"서비스,산업 > 건설,건축 > 시공업체",37.462595880373954,126.83211401833019,http://place.map.kakao.com/1005872758,성공회대 문
20599241,성공회대학교,150490424,양의문교회,"문화,예술 > 종교 > 기독교 > 교회",37.49471605983832,126.79352771824308,http://place.map.kakao.com/150490424,성공회대 문
20599241,성공회대학교,2119464437,광명스피돔 광남문,"교통,수송 > 입출구",37.4699739262768,126.845755525763,http://place.map.kakao.com/2119464437,성공회대 문
12817755,성신여자대학교 미아운정그린캠퍼스,1085648770,이게이트,"가정,생활 > 패션 > 의류판매",37.632943960274,127.023229141816,http://place.map.kakao.com/1085648770,성신여자대 게이트
12817755,성신여자대학교 미아운정그린캠퍼스,1446877201,백년시장 1번게이트,"교통,수송 > 입출구",37.6416865905594,127.02577667284,http://place.map.kakao.com/1446877201,성신여자대 게이트
12817755,성신여자대학교 미아운정그린캠퍼스,437219480,디지털도어락현관문출장열쇠 게이트맨,"가정,생활 > 생활용품점 > 열쇠",37.625769717977,127.02605097671,http://place.map.kakao.com/437219480,성신여자대 게이트
12817755,성신여자대학교 미아운정그린캠퍼스,18091378,북서울꿈의숲 서문,"교통,수송 > 입출구",37.6221535743957,127.037820057795,http://place.map.kakao.com/18091378,성신여자대 게이트
12817755,성신여자대학교 미아운정그린캠퍼스,1886798880,전담GATE 수유역점,"서비스,산업 > 식품 > 담배",37.63833502010211,127.02534951078769,http://place.map.kakao.com/1886798880,성신여자대 게이트
12817755,성신여자대학교 미아운정그린캠퍼스,399611601,화계사일주문,"여행 > 관광,명소 > 문화유적",37.6331296452558,127.009748696052,http://place.map.kakao.com/399611601,성신여자대 게이트
12817755,성신여자대학교 미아운정그린캠퍼스,1386332049,서울우이초등학교 정문,"교통,수송 > 입출구",37.6380988661702,127.015492451739,http://place.map.kakao.com/1386332049,성신여자대 게이트
12817755,성신여자대학교 미아운정그린캠퍼스,1569937142,북서울꿈의숲 서문 주차장,"교통,수송 > 교통시설 > 주차장",37.6219481274988,127.037887918169,http://place.map.kakao.com/1569937142,성신여자대 게이트
12817755,성신여자대학교 미아운정그린캠퍼스,1818970992,신일해피트리아파트 후문,"교통,수송 > 입출구",37.626192031563,127.03082363283,http://place.map.kakao.com/1818970992,성신여자대 게이트
12817755,성신여자대학교 미아운정그린캠퍼스,925889463,래미안미아1차아파트 정문,"교통,수송 > 입출구",37.6261322222505,127.019835405451,http://place.map.kakao.com/925889463,성신여자대 게이트
12817755,성신여자대학교 미아운정그린캠퍼스,118749313,백년시장 7번게이트,"교통,수송 > 입출구",37.6428035451164,127.026966769166,http://place.map.kakao.com/118749313,성신여자대 게이트
12817755,성신여자대학교 미아운정그린캠퍼스,1284820202,서울우이초등학교 후문,"교통,수송 > 입출구",37.6386432685382,127.013822531114,http://place.map.kakao.com/1284820202,성신여자대 게이트
12817755,성신여자대학교 미아운정그린캠퍼스,2130956393,대성 정문,"교통,수송 > 입출구",37.6247379262719,127.030486595772,http://place.map.kakao.com/2130956393,성신여자대 게이트
12817755,성신여자대학교 미아운정그린캠퍼스,26198271,벽산정문B상가,"가정,생활 > 상가,아케이드 > 아파트상가",37.6417560775142,127.020630421876,http://place.map.kakao.com/26198271,성신여자대 게이트
12817755,성신여자대학교 미아운정그린캠퍼스,1859654403,오동게이트볼장,"스포츠,레저 > 게이트볼 > 게이트볼장",37.6210157864024,127.034353337605,http://place.map.kakao.com/1859654403,성신여자대 게이트
12817755,성신여자대학교 미아운정그린캠퍼스,1594706095,초안2단지아파트 정문,"교통,수송 > 입출구",37.631079799881,127.042663108944,http://place.map.kakao.com/1594706095,성신여자대 게이트
12817755,성신여자대학교 미아운정그린캠퍼스,2011180970,해모로아파트 정문,"교통,수송 > 입출구",37.6262272314469,127.036889822531,http://place.map.kakao.com/2011180970,성신여자대 게이트
12817755,성신여자대학교 미아운정그린캠퍼스,828138798,한양1차아파트 정문,"교통,수송 > 입출구",37.6447122906007,127.028826854131,http://place.map.kakao.com/828138798,성신여자대 게이트
12817755,성신여자대학교 미아운정그린캠퍼스,984713174,한빛맹학교 후문,"교통,수송 > 입출구",37.6280203723288,127.015995603108,http://place.map.kakao.com/984713174,성신여자대 게이트
12817755,성신여자대학교 미아운정그린캠퍼스,485832953,2게이트,"가정,생활 > 패션 > 의류판매 > 남성의류,양복",37.64711976930586,127.03527525475457,http://place.map.kakao.com/485832953,성신여자대 게이트
12817755,성신여자대학교 미아운정그린캠퍼스,79127439,서울삼양초등학교 후문,"교통,수송 > 입출구",37.62334789523,127.015691021623,http://place.map.kakao.com/79127439,성신여자대 게이트
12817755,성신여자대학교 미아운정그린캠퍼스,1470578573,수유벽산1차아파트 후문,"교통,수송 > 입출구",37.6437790578507,127.019019752474,http://place.map.kakao.com/1470578573,성신여자대 게이트
12817755,성신여자대학교 미아운정그린캠퍼스,135233392,삼양초후문미술,"서비스,산업",37.6231785898131,127.015075897576,http://place.map.kakao.com/135233392,성신여자대 게이트
12817755,성신여자대학교 미아운정그린캠퍼스,606155507,미아두산위브트레이지움아파트 정문,"교통,수송 > 입출구",37.6182663263179,127.015680892184,http://place.map.kakao.com/606155507,성신여자대 게이트
12817755,성신여자대학교 미아운정그린캠퍼스,1190131993,신창아파트 정문,"교통,수송 > 입출구",37.6405262147874,127.041041376157,http://place.map.kakao.com/1190131993,성신여자대 게이트
12817755,성신여자대학교 미아운정그린캠퍼스,18225100,북서울꿈의숲 동문,"교통,수송 > 입출구",37.6200860635905,127.04481011268,http://place.map.kakao.com/18225100,성신여자대 게이트
12817755,성신여자대학교 미아운정그린캠퍼스,18095030,덕성여자대학교 후문,"교통,수송 > 입출구",37.6525503981283,127.017288184806,http://place.map.kakao.com/18095030,성신여자대 게이트
12817755,성신여자대학교 미아운정그린캠퍼스,1931112424,꿈의숲한신더휴아파트 정문,"교통,수송 > 입출구",37.6197908675607,127.032863262757,http://place.map.kakao.com/1931112424,성신여자대 게이트
12817755,성신여자대학교 미아운정그린캠퍼스,988010776,꿈의숲롯데캐슬아파트 정문,"교통,수송 > 입출구",37.6182897537773,127.036175706786,http://place.map.kakao.com/988010776,성신여자대 게이트
12817755,성신여자대학교 미아운정그린캠퍼스,17005318,게이트맨 키월드,"가정,생활 > 생활용품점 > 열쇠",37.61089152532547,127.02253820698233,http://place.map.kakao.com/17005318,성신여자대 게이트
12817755,성신여자대학교 미아운정그린캠퍼스,602720401,벽산라이브파크아파트 후문,"교통,수송 > 입출구",37.6216192932363,127.012389865777,http://place.map.kakao.com/602720401,성신여자대 게이트
12817755,성신여자대학교 미아운정그린캠퍼스,1770621346,미아동부센트레빌아파트 정문,"교통,수송 > 입출구",37.6133234071765,127.026344510767,http://place.map.kakao.com/1770621346,성신여자대 게이트
12817755,성신여자대학교 미아운정그린캠퍼스,61014225,번동주공1단지 정문,"교통,수송 > 입출구",37.6236852146531,127.047852620194,http://place.map.kakao.com/61014225,성신여자대 게이트
12817755,성신여자대학교 미아운정그린캠퍼스,2015250746,래미안길음센터피스아파트 게이트2,"교통,수송 > 입출구",37.61237898843733,127.02714945318834,http://place.map.kakao.com/2015250746,성신여자대 게이트
12817755,성신여자대학교 미아운정그린캠퍼스,2014538889,래미안센터피스 정문,"교통,수송 > 입출구",37.6125051255695,127.027155162032,http://place.map.kakao.com/2014538889,성신여자대 게이트
12817755,성신여자대학교 미아운정그린캠퍼스,1988860420,래미안길음센터피스아파트 게이트1,"교통,수송 > 입출구",37.60989847750558,127.02752909101751,http://place.map.kakao.com/1988860420,성신여자대 게이트
12817755,성신여자대학교 미아운정그린캠퍼스,659939100,서울송천초등학교 정문,"교통,수송 > 입출구",37.6148466375138,127.023706012833,http://place.map.kakao.com/659939100,성신여자대 게이트
12817755,성신여자대학교 미아운정그린캠퍼스,68416093,롯데캐슬루나아파트 정문,"교통,수송 > 입출구",37.6263976521353,127.051038683306,http://place.map.kakao.com/68416093,성신여자대 게이트
12817755,성신여자대학교 미아운정그린캠퍼스,413157008,영훈초등학교 후문,"교통,수송 > 입출구",37.6127942693075,127.027473528345,http://place.map.kakao.com/413157008,성신여자대 게이트
12817755,성신여자대학교 미아운정그린캠퍼스,968612218,롯데캐슬클라시아아파트 정문,"교통,수송 > 입출구",37.60937041778745,127.0278697939705,http://place.map.kakao.com/968612218,성신여자대 게이트
12817755,성신여자대학교 미아운정그린캠퍼스,220646912,신도봉중학교 정문,"교통,수송 > 입출구",37.6487753542338,127.033637505474,http://place.map.kakao.com/220646912,성신여자대 게이트
12817755,성신여자대학교 미아운정그린캠퍼스,2014376991,길음동부센트레빌아파트 정문,"교통,수송 > 입출구",37.6088730489181,127.023862672718,http://place.map.kakao.com/2014376991,성신여자대 게이트
12817755,성신여자대학교 미아운정그린캠퍼스,1164204862,꿈의숲아이파크아파트 정문,"교통,수송 > 입출구",37.6196051989429,127.048695003232,http://place.map.kakao.com/1164204862,성신여자대 게이트
12817755,성신여자대학교 미아운정그린캠퍼스,1674258606,미아한일유앤아이아파트 정문,"교통,수송 > 입출구",37.6138764437991,127.037043419706,http://place.map.kakao.com/1674258606,성신여자대 게이트
12817755,성신여자대학교 미아운정그린캠퍼스,884025231,염광아파트 정문,"교통,수송 > 입출구",37.6486943696891,127.026111106672,http://place.map.kakao.com/884025231,성신여자대 게이트
12817755,성신여자대학교 미아운정그린캠퍼스,527095321,길음뉴타운4단지e편한세상아파트 후문,"교통,수송 > 입출구",37.6122339151647,127.017751139109,http://place.map.kakao.com/527095321,성신여자대 gate
12817755,성신여자대학교 미아운정그린캠퍼스,208407582,대일외국어고등학교 정문,"교통,수송 > 입출구",37.61312740639759,127.01307028626044,http://place.map.kakao.com/208407582,성신여자대 gate
12817755,성신여자대학교 미아운정그린캠퍼스,26423405,롯데캐슬루나아파트 후문,"교통,수송 > 입출구",37.627635238328274,127.04979455253942,http://place.map.kakao.com/26423405,성신여자대 gate
12817755,성신여자대학교 미아운정그린캠퍼스,182078663,래미안장위퍼스트하이아파트 후문,"교통,수송 > 입출구",37.62090187351257,127.05047422713827,http://place.map.kakao.com/182078663,성신여자대 gate
12817755,성신여자대학교 미아운정그린캠퍼스,1858322592,서울송중초등학교 정문,"교통,수송 > 입출구",37.6166225540428,127.03116287814,http://place.map.kakao.com/1858322592,성신여자대 gate
12817755,성신여자대학교 미아운정그린캠퍼스,642896342,길음뉴타운4단지e편한세상아파트 정문,"교통,수송 > 입출구",37.6112800801063,127.021308343344,http://place.map.kakao.com/642896342,성신여자대 gate
12817755,성신여자대학교 미아운정그린캠퍼스,598742338,영훈고등학교 후문,"교통,수송 > 입출구",37.6133322165335,127.027227949834,http://place.map.kakao.com/598742338,성신여자대 gate
12817755,성신여자대학교 미아운정그린캠퍼스,223748954,대명루첸아파트 정문,"교통,수송 > 입출구",37.6200817910442,127.046537496722,http://place.map.kakao.com/223748954,성신여자대 gate
12817755,성신여자대학교 미아운정그린캠퍼스,18224841,국립419민주묘지 정문,"교통,수송 > 입출구",37.64761578035926,127.00839649802464,http://place.map.kakao.com/18224841,성신여자대 gate
12817755,성신여자대학교 미아운정그린캠퍼스,1956944050,월계센트럴아이파크아파트 정문,"교통,수송 > 입출구",37.6311013597156,127.057649987321,http://place.map.kakao.com/1956944050,성신여자대 gate
12817755,성신여자대학교 미아운정그린캠퍼스,755252270,녹천역두산위브아파트 정문,"교통,수송 > 입출구",37.6409611551804,127.053142483339,http://place.map.kakao.com/755252270,성신여자대 gate
12817755,성신여자대학교 미아운정그린캠퍼스,715506317,길음뉴타운8단지래미안아파트 정문,"교통,수송 > 입출구",37.607701705619,127.019240464655,http://place.map.kakao.com/715506317,성신여자대 gate
1675674517,이화여자대학교 의과대학,1584791873,이대서울병원 정문,"교통,수송 > 입출구",37.5572197425741,126.83564581402,http://place.map.kakao.com/1584791873,이화여자대학교 의과대학 게이트
1675674517,이화여자대학교 의과대학,449247185,전담게이트 발산점,"서비스,산업 > 식품 > 담배 > 전자담배",37.559975957913,126.838305151092,http://place.map.kakao.com/449247185,이화여자대학교 의과대학 게이트
1675674517,이화여자대학교 의과대학,1590614644,카페게이트 마곡중앙점,음식점 > 카페 > 커피전문점 > 카페게이트,37.55975066312399,126.83182270211643,http://place.map.kakao.com/1590614644,이화여자대학교 의과대학 게이트
1675674517,이화여자대학교 의과대학,1855250903,카페게이트 마곡파인스퀘어점,음식점 > 카페 > 커피전문점 > 카페게이트,37.5585805216094,126.829485943482,http://place.map.kakao.com/1855250903,이화여자대학교 의과대학 게이트
1675674517,이화여자대학교 의과대학,1444919246,보타닉게이트,부동산 > 빌딩,37.56917313842381,126.83686468640417,http://place.map.kakao.com/1444919246,이화여자대학교 의과대학 게이트
1675674517,이화여자대학교 의과대학,2043095533,우장산힐스테이트아파트 정문,"교통,수송 > 입출구",37.5552918187946,126.83906787298,http://place.map.kakao.com/2043095533,이화여자대학교 의과대학 게이트
1675674517,이화여자대학교 의과대학,18083076,강서운전면허시험장 출입구,"교통,수송 > 입출구",37.549636119836,126.822019362232,http://place.map.kakao.com/18083076,이화여자대학교 의과대학 게이트
1675674517,이화여자대학교 의과대학,1703110222,명덕여자고등학교 정문,"교통,수송 > 입출구",37.5532941904924,126.834420882284,http://place.map.kakao.com/1703110222,이화여자대학교 의과대학 게이트
1675674517,이화여자대학교 의과대학,292256231,우장산힐스테이트아파트 후문,"교통,수송 > 입출구",37.5556474831244,126.842235967471,http://place.map.kakao.com/292256231,이화여자대학교 의과대학 게이트
1675674517,이화여자대학교 의과대학,2069393566,피엠게이트웨이,"서비스,산업 > 관리,운영 > 건물관리사무소",37.5596977549499,126.831366707003,http://place.map.kakao.com/2069393566,이화여자대학교 의과대학 게이트
1675674517,이화여자대학교 의과대학,1254034584,마곡수명산파크1단지아파트 정문,"교통,수송 > 입출구",37.5534593680736,126.830187950361,http://place.map.kakao.com/1254034584,이화여자대학교 의과대학 게이트
1675674517,이화여자대학교 의과대학,9119792,실크게이트인터내셔날,"교통,수송 > 운송",37.558590894310164,126.82794104039037,http://place.map.kakao.com/9119792,이화여자대학교 의과대학 게이트
1675674517,이화여자대학교 의과대학,1095043201,마곡엠밸리15단지아파트 정문,"교통,수송 > 입출구",37.5576966447754,126.828243014675,http://place.map.kakao.com/1095043201,이화여자대학교 의과대학 게이트
1675674517,이화여자대학교 의과대학,551361726,마곡엠벨리7단지아파트 게이트1,"교통,수송 > 입출구",37.5657405754189,126.824459888287,http://place.map.kakao.com/551361726,이화여자대학교 의과대학 게이트
1675674517,이화여자대학교 의과대학,325583265,송화벽화시장 남문,"교통,수송 > 입출구",37.5486016500209,126.835605893645,http://place.map.kakao.com/325583265,이화여자대학교 의과대학 게이트
1675674517,이화여자대학교 의과대학,325854192,송화벽화시장 동문,"교통,수송 > 입출구",37.5493709489763,126.836143996599,http://place.map.kakao.com/325854192,이화여자대학교 의과대학 게이트
1675674517,이화여자대학교 의과대학,247876428,화곡푸르지오아파트 후문,"교통,수송 > 입출구",37.5473057339867,126.832838560181,http://place.map.kakao.com/247876428,이화여자대학교 의과대학 게이트
1675674517,이화여자대학교 의과대학,497090114,명덕외국어고등학교 교문,"교통,수송 > 입출구",37.5549273212475,126.83479526497,http://place.map.kakao.com/497090114,이화여자대학교 의과대학 게이트
1675674517,이화여자대학교 의과대학,765981478,강서농산물도매시장 5번게이트,"교통,수송 > 입출구",37.5556843882726,126.821340649628,http://place.map.kakao.com/765981478,이화여자대학교 의과대학 게이트
1675674517,이화여자대학교 의과대학,24403587,코아게이트,"서비스,산업 > 정보통신 > 통신기기",37.55879866653946,126.82524352390712,http://place.map.kakao.com/24403587,이화여자대학교 의과대학 게이트
1675674517,이화여자대학교 의과대학,533149980,강서힐스테이트아파트 1번 GATE,"교통,수송 > 입출구",37.5477702028397,126.837685367187,http://place.map.kakao.com/533149980,이화여자대학교 의과대학 게이트
1675674517,이화여자대학교 의과대학,325693407,송화벽화시장 서문,"교통,수송 > 입출구",37.5493714327806,126.835196812434,http://place.map.kakao.com/325693407,이화여자대학교 의과대학 게이트
1675674517,이화여자대학교 의과대학,325800203,송화벽화시장 북문,"교통,수송 > 입출구",37.5496901227374,126.835654427116,http://place.map.kakao.com/325800203,이화여자대학교 의과대학 게이트
1675674517,이화여자대학교 의과대학,439329540,강서힐스테이트아파트 게이트1,"교통,수송 > 입출구",37.5479107207524,126.83765790365,http://place.map.kakao.com/439329540,이화여자대학교 의과대학 게이트
1675674517,이화여자대학교 의과대학,1960923247,우장산아이파크e편한세상아파트 정문,"교통,수송 > 입출구",37.5481163218303,126.837784199369,http://place.map.kakao.com/1960923247,이화여자대학교 의과대학 게이트
1675674517,이화여자대학교 의과대학,717438498,마곡수명산파크2단지아파트 정문,"교통,수송 > 입출구",37.5537524938805,126.827290116243,http://place.map.kakao.com/717438498,이화여자대학교 의과대학 게이트
1675674517,이화여자대학교 의과대학,318819893,카페게이트 강서한강자이점,음식점 > 카페 > 커피전문점 > 카페게이트,37.56525487810478,126.84778343067747,http://place.map.kakao.com/318819893,이화여자대학교 의과대학 게이트
1675674517,이화여자대학교 의과대학,588754542,등촌주공5단지아파트 정문,"교통,수송 > 입출구",37.5613026482053,126.844660854515,http://place.map.kakao.com/588754542,이화여자대학교 의과대학 게이트
1675674517,이화여자대학교 의과대학,439227165,강서힐스테이트아파트 게이트2,"교통,수송 > 입출구",37.5479148818679,126.840713264682,http://place.map.kakao.com/439227165,이화여자대학교 의과대학 게이트
1675674517,이화여자대학교 의과대학,84125965,명덕고등학교 신교문,"교통,수송 > 입출구",37.5549254812466,126.834768107645,http://place.map.kakao.com/84125965,이화여자대학교 의과대학 게이트
1675674517,이화여자대학교 의과대학,1257715541,화곡고등학교 정문,"교통,수송 > 입출구",37.5483163831732,126.832203272527,http://place.map.kakao.com/1257715541,이화여자대학교 의과대학 게이트
1675674517,이화여자대학교 의과대학,368800838,초록아파트 후문,"교통,수송 > 입출구",37.5452010412174,126.832865891401,http://place.map.kakao.com/368800838,이화여자대학교 의과대학 게이트
1675674517,이화여자대학교 의과대학,27504738,화곡푸르지오아파트 정문,"교통,수송 > 입출구",37.5420059121861,126.831465401831,http://place.map.kakao.com/27504738,이화여자대학교 의과대학 게이트
1675674517,이화여자대학교 의과대학,191621217,마곡엠밸리15단지아파트 후문,"교통,수송 > 입출구",37.5565124933803,126.829318630072,http://place.map.kakao.com/191621217,이화여자대학교 의과대학 게이트
1675674517,이화여자대학교 의과대학,439210432,강서힐스테이트아파트 게이트3,"교통,수송 > 입출구",37.5455504238441,126.837889338758,http://place.map.kakao.com/439210432,이화여자대학교 의과대학 게이트
1675674517,이화여자대학교 의과대학,1934488664,마곡엠밸리14단지아파트 정문,"교통,수송 > 입출구",37.5580120024828,126.825179718405,http://place.map.kakao.com/1934488664,이화여자대학교 의과대학 게이트
1675674517,이화여자대학교 의과대학,613128898,마곡수명산파크8단지 정문,"교통,수송 > 입출구",37.5517995949581,126.828224861356,http://place.map.kakao.com/613128898,이화여자대학교 의과대학 게이트
1675674517,이화여자대학교 의과대학,325665978,송화벽화시장 서남문,"교통,수송 > 입출구",37.5489259136529,126.835537283465,http://place.map.kakao.com/325665978,이화여자대학교 의과대학 게이트
1675674517,이화여자대학교 의과대학,26336128,대성석유직영 관문주유소 개방화장실,"가정,생활 > 화장실",37.5577237662028,126.842525849495,http://place.map.kakao.com/26336128,이화여자대학교 의과대학 게이트
1675674517,이화여자대학교 의과대학,1765227892,강서힐스테이트아파트 2번 GATE,"교통,수송 > 입출구",37.5477851751754,126.840740699484,http://place.map.kakao.com/1765227892,이화여자대학교 의과대학 게이트
1675674517,이화여자대학교 의과대학,1527821207,투루파킹 마곡보타닉게이트 주차장,"교통,수송 > 교통시설 > 주차장",37.5691890831955,126.837319691625,http://place.map.kakao.com/1527821207,이화여자대학교 의과대학 게이트
1675674517,이화여자대학교 의과대학,583541678,르웨스트시티 주차장 GATE3,"교통,수송 > 입출구",37.5646871727554,126.824972834361,http://place.map.kakao.com/583541678,이화여자대학교 의과대학 게이트
1675674517,이화여자대학교 의과대학,1841821034,강서농산물도매시장 1게이트,"교통,수송 > 입출구",37.5506912872277,126.819709397972,http://place.map.kakao.com/1841821034,이화여자대학교 의과대학 게이트
1675674517,이화여자대학교 의과대학,2122653127,오스템임플란트 트윈타워 1번게이트,"교통,수송 > 입출구",37.5675757678769,126.828661780508,http://place.map.kakao.com/2122653127,이화여자대학교 의과대학 게이트
1675674517,이화여자대학교 의과대학,1100143127,오스템임플란트 트윈타워 3번게이트,"교통,수송 > 입출구",37.5678521097461,126.829725152274,http://place.map.kakao.com/1100143127,이화여자대학교 의과대학 게이트
1675674517,이화여자대학교 의과대학,294368441,우장산역동문디이스트아파트 정문,"교통,수송 > 입출구",37.5493674759224,126.833660053442,http://place.map.kakao.com/294368441,이화여자대학교 의과대학 gate
1675674517,이화여자대학교 의과대학,710775794,우장산아이파크e편한세상 후문,"교통,수송 > 입출구",37.5481366381167,126.8407954012,http://place.map.kakao.com/710775794,이화여자대학교 의과대학 gate
1675674517,이화여자대학교 의과대학,1977015891,마곡13단지힐스테이트마스터아파트 후문,"교통,수송 > 입출구",37.5568880402402,126.818336364547,http://place.map.kakao.com/1977015891,이화여자대학교 의과대학 gate
1675674517,이화여자대학교 의과대학,491665076,강서농산물도매시장 4번게이트,"교통,수송 > 입출구",37.554380484293,126.819457191862,http://place.map.kakao.com/491665076,이화여자대학교 의과대학 gate
1675674517,이화여자대학교 의과대학,1764395898,등촌주공9단지아파트 후문,"교통,수송 > 입출구",37.5609695819702,126.85047794882,http://place.map.kakao.com/1764395898,이화여자대학교 의과대학 gate
1675674517,이화여자대학교 의과대학,62063476,서울등원초등학교 후문,"교통,수송 > 입출구",37.5602814530571,126.849243392143,http://place.map.kakao.com/62063476,이화여자대학교 의과대학 gate
1675674517,이화여자대학교 의과대학,2043188038,마곡수명산파크7단지아파트 후문,"교통,수송 > 입출구",37.5476252914523,126.822150884094,http://place.map.kakao.com/2043188038,이화여자대학교 의과대학 gate
1675674517,이화여자대학교 의과대학,1557703322,KBS스포츠월드 정문,"교통,수송 > 입출구",37.5566885761017,126.849475849174,http://place.map.kakao.com/1557703322,이화여자대학교 의과대학 gate
1675674517,이화여자대학교 의과대학,1388772784,등촌동성아파트 후문,"교통,수송 > 입출구",37.5643456969405,126.846333095041,http://place.map.kakao.com/1388772784,이화여자대학교 의과대학 gate
1675674517,이화여자대학교 의과대학,1805877454,가양역두산위브아파트 정문,"교통,수송 > 입출구",37.5560416835155,126.854525849641,http://place.map.kakao.com/1805877454,이화여자대학교 의과대학 gate
1675674517,이화여자대학교 의과대학,1244728654,강서힐스테이트아파트 3번 GATE,"교통,수송 > 입출구",37.5455828223965,126.837862110602,http://place.map.kakao.com/1244728654,이화여자대학교 의과대학 gate
1675674517,이화여자대학교 의과대학,1979112473,김포국제공항 국내선 GATE4(도착),"교통,수송 > 입출구",37.55934217666882,126.80359448894363,http://place.map.kakao.com/1979112473,이화여자대학교 의과대학 gate
26379626,정화예술대학교 명동캠퍼스 남산관,7813430,숭례문,"여행 > 관광,명소 > 문화유적 > 문",37.5600030088843,126.975313124237,http://place.map.kakao.com/7813430,정화예술대학교 명동캠퍼스 남산관 게이트
26379626,정화예술대학교 명동캠퍼스 남산관,10173574,게이트웨이타워,부동산 > 빌딩,37.5534758118272,126.973595087754,http://place.map.kakao.com/10173574,정화예술대학교 명동캠퍼스 남산관 게이트
26379626,정화예술대학교 명동캠퍼스 남산관,26985073,남대문시장 6번게이트,"교통,수송 > 입출구",37.558717858962936,126.97822449419233,http://place.map.kakao.com/26985073,정화예술대학교 명동캠퍼스 남산관 게이트
26379626,정화예술대학교 명동캠퍼스 남산관,17582477,덕수궁 대한문,"여행 > 관광,명소 > 문화유적",37.5650416322942,126.976542945622,http://place.map.kakao.com/17582477,정화예술대학교 명동캠퍼스 남산관 게이트
26379626,정화예술대학교 명동캠퍼스 남산관,8225675,웨스틴조선서울 나인스게이트,음식점 > 양식,37.56448187751539,126.98016963334433,http://place.map.kakao.com/8225675,정화예술대학교 명동캠퍼스 남산관 게이트
26379626,정화예술대학교 명동캠퍼스 남산관,127015228,카페게이트 회현역점,음식점 > 카페 > 커피전문점 > 카페게이트,37.5592287905322,126.978586518546,http://place.map.kakao.com/127015228,정화예술대학교 명동캠퍼스 남산관 게이트
26379626,정화예술대학교 명동캠퍼스 남산관,135697378,남대문시장 게이트3,"교통,수송 > 입출구",37.56093160629,126.978212531763,http://place.map.kakao.com/135697378,정화예술대학교 명동캠퍼스 남산관 게이트
26379626,정화예술대학교 명동캠퍼스 남산관,2100074496,남대문시장 1번게이트,"교통,수송 > 입출구",37.5599937766433,126.97598281472,http://place.map.kakao.com/2100074496,정화예술대학교 명동캠퍼스 남산관 게이트
26379626,정화예술대학교 명동캠퍼스 남산관,1890976387,환구단 황궁우 정문,"여행 > 관광,명소 > 문화유적",37.5651304002105,126.979043240794,http://place.map.kakao.com/1890976387,정화예술대학교 명동캠퍼스 남산관 게이트
26379626,정화예술대학교 명동캠퍼스 남산관,1707529271,웨스트게이트빌딩,부동산 > 빌딩,37.5647436498695,126.966383336483,http://place.map.kakao.com/1707529271,정화예술대학교 명동캠퍼스 남산관 게이트
26379626,정화예술대학교 명동캠퍼스 남산관,20513018,게이트웨이타워 주차장,"교통,수송 > 교통시설 > 주차장",37.55348662101686,126.97358263519708,http://place.map.kakao.com/20513018,정화예술대학교 명동캠퍼스 남산관 게이트
26379626,정화예술대학교 명동캠퍼스 남산관,822769302,게이트웨이안경콘택트,"가정,생활 > 패션 > 패션잡화점 > 안경,렌즈",37.5611594676473,126.977725782826,http://place.map.kakao.com/822769302,정화예술대학교 명동캠퍼스 남산관 게이트
26379626,정화예술대학교 명동캠퍼스 남산관,8210204,광화문우체국,"사회,공공기관 > 행정기관 > 과학기술정보통신부 > 우체국",37.56984063458276,126.978097873737,http://place.map.kakao.com/8210204,정화예술대학교 명동캠퍼스 남산관 게이트
26379626,정화예술대학교 명동캠퍼스 남산관,115450973,약현성당 정문,"교통,수송 > 입출구",37.5594021768961,126.968321103042,http://place.map.kakao.com/115450973,정화예술대학교 명동캠퍼스 남산관 게이트
26379626,정화예술대학교 명동캠퍼스 남산관,18143508,안중근의사기념관 출입구3,"교통,수송 > 입출구",37.5545763689024,126.980484613211,http://place.map.kakao.com/18143508,정화예술대학교 명동캠퍼스 남산관 게이트
26379626,정화예술대학교 명동캠퍼스 남산관,27545008,반포식스 숭례문점,음식점 > 아시아음식 > 동남아음식,37.5607484118596,126.972496925719,http://place.map.kakao.com/27545008,정화예술대학교 명동캠퍼스 남산관 게이트
26379626,정화예술대학교 명동캠퍼스 남산관,8234642,광화문,"여행 > 관광,명소 > 문화유적 > 문",37.57596445980707,126.97685309595215,http://place.map.kakao.com/8234642,정화예술대학교 명동캠퍼스 남산관 게이트
26379626,정화예술대학교 명동캠퍼스 남산관,1393771326,리치게이트에스피엘,"금융,보험 > 금융서비스",37.5611191870357,126.974573677925,http://place.map.kakao.com/1393771326,정화예술대학교 명동캠퍼스 남산관 게이트
26379626,정화예술대학교 명동캠퍼스 남산관,24582617,청계광장 진출입 경사로2번,"교통,수송 > 입출구",37.5691288374739,126.978040353196,http://place.map.kakao.com/24582617,정화예술대학교 명동캠퍼스 남산관 게이트
26379626,정화예술대학교 명동캠퍼스 남산관,861787992,명동성당 가톨릭회관 후문,"교통,수송 > 입출구",37.5641430857663,126.986415354827,http://place.map.kakao.com/861787992,정화예술대학교 명동캠퍼스 남산관 게이트
26379626,정화예술대학교 명동캠퍼스 남산관,24582622,삼일교 진출입 계단 7번,"교통,수송 > 입출구",37.5682075854278,126.987376754328,http://place.map.kakao.com/24582622,정화예술대학교 명동캠퍼스 남산관 게이트
26379626,정화예술대학교 명동캠퍼스 남산관,16877173,남문주차장,"교통,수송 > 교통시설 > 주차장",37.5589216948074,126.974756642227,http://place.map.kakao.com/16877173,정화예술대학교 명동캠퍼스 남산관 게이트
26379626,정화예술대학교 명동캠퍼스 남산관,2134789290,남산리더십센터 동문,"교통,수송 > 입출구",37.5595905239504,126.988025595667,http://place.map.kakao.com/2134789290,정화예술대학교 명동캠퍼스 남산관 게이트
26379626,정화예술대학교 명동캠퍼스 남산관,24582618,광통교 진출입 계단 3번,"교통,수송 > 입출구",37.5690501205507,126.981359222493,http://place.map.kakao.com/24582618,정화예술대학교 명동캠퍼스 남산관 게이트
26379626,정화예술대학교 명동캠퍼스 남산관,2040519528,남산리더십센터 남문,"교통,수송 > 입출구",37.5592552852651,126.98737486939,http://place.map.kakao.com/2040519528,정화예술대학교 명동캠퍼스 남산관 게이트
26379626,정화예술대학교 명동캠퍼스 남산관,8045734,덕수궁 월곡문,"여행 > 관광,명소 > 문화유적 > 문",37.565329367243166,126.97376861005978,http://place.map.kakao.com/8045734,정화예술대학교 명동캠퍼스 남산관 게이트
26379626,정화예술대학교 명동캠퍼스 남산관,464705988,SK리더스뷰남산아파트 정문,"교통,수송 > 입출구",37.5591327772663,126.980878419377,http://place.map.kakao.com/464705988,정화예술대학교 명동캠퍼스 남산관 게이트
26379626,정화예술대학교 명동캠퍼스 남산관,24582621,광교 진출입 계단 6번,"교통,수송 > 입출구",37.5687548570305,126.983107003547,http://place.map.kakao.com/24582621,정화예술대학교 명동캠퍼스 남산관 게이트
26379626,정화예술대학교 명동캠퍼스 남산관,24582623,장통교 진출입 계단 8번,"교통,수송 > 입출구",37.5682434489874,126.985823744215,http://place.map.kakao.com/24582623,정화예술대학교 명동캠퍼스 남산관 게이트
26379626,정화예술대학교 명동캠퍼스 남산관,8606904,SC제일은행 광화문지점,"금융,보험 > 금융서비스 > 은행 > SC제일은행",37.57094791706322,126.97787907965251,http://place.map.kakao.com/8606904,정화예술대학교 명동캠퍼스 남산관 게이트
26379626,정화예술대학교 명동캠퍼스 남산관,17572472,조계사 일주문,"여행 > 관광,명소 > 문화유적 > 문",37.5738688353359,126.982621347179,http://place.map.kakao.com/17572472,정화예술대학교 명동캠퍼스 남산관 게이트
26379626,정화예술대학교 명동캠퍼스 남산관,10266056,노스게이트,부동산 > 빌딩,37.5749664887164,126.974108234786,http://place.map.kakao.com/10266056,정화예술대학교 명동캠퍼스 남산관 게이트
26379626,정화예술대학교 명동캠퍼스 남산관,2002375740,남산골한옥마을 정문 개방화장실,"가정,생활 > 화장실",37.5590593737711,126.99368009459,http://place.map.kakao.com/2002375740,정화예술대학교 명동캠퍼스 남산관 게이트
26379626,정화예술대학교 명동캠퍼스 남산관,24582616,청계광장 진출입 계단 1번,"교통,수송 > 입출구",37.5692262620098,126.978678739891,http://place.map.kakao.com/24582616,정화예술대학교 명동캠퍼스 남산관 게이트
26379626,정화예술대학교 명동캠퍼스 남산관,8127402,덕수궁 평성문,"여행 > 관광,명소 > 문화유적 > 문",37.5668141547124,126.973526993533,http://place.map.kakao.com/8127402,정화예술대학교 명동캠퍼스 남산관 게이트
26379626,정화예술대학교 명동캠퍼스 남산관,7834307,독립문,"여행 > 관광,명소 > 문화유적 > 문",37.5724504220421,126.959542648447,http://place.map.kakao.com/7834307,정화예술대학교 명동캠퍼스 남산관 게이트
26379626,정화예술대학교 명동캠퍼스 남산관,26864860,노스게이트빌딩 주차장,"교통,수송 > 교통시설 > 주차장",37.57504485833475,126.97403122960722,http://place.map.kakao.com/26864860,정화예술대학교 명동캠퍼스 남산관 게이트
26379626,정화예술대학교 명동캠퍼스 남산관,975007361,투썸플레이스 앞 1-1 진입로,"교통,수송 > 입출구",37.5691921407208,126.979334143748,http://place.map.kakao.com/975007361,정화예술대학교 명동캠퍼스 남산관 게이트
26379626,정화예술대학교 명동캠퍼스 남산관,1142964882,서울역센트럴자이아파트 정문,"교통,수송 > 입출구",37.5548572301628,126.964070005939,http://place.map.kakao.com/1142964882,정화예술대학교 명동캠퍼스 남산관 게이트
26379626,정화예술대학교 명동캠퍼스 남산관,1436482704,이화여자고등학교 서문,"교통,수송 > 입출구",37.5646866837945,126.968930077008,http://place.map.kakao.com/1436482704,정화예술대학교 명동캠퍼스 남산관 게이트
26379626,정화예술대학교 명동캠퍼스 남산관,24582619,모전교 진출입 계단 4번,"교통,수송 > 입출구",37.5689922605279,126.980154854369,http://place.map.kakao.com/24582619,정화예술대학교 명동캠퍼스 남산관 게이트
26379626,정화예술대학교 명동캠퍼스 남산관,907172688,더그랜드롯데 서울 정문,"교통,수송 > 입출구",37.56552260173246,126.980613056773,http://place.map.kakao.com/907172688,정화예술대학교 명동캠퍼스 남산관 게이트
26379626,정화예술대학교 명동캠퍼스 남산관,10166256,경희궁 흥화문,"여행 > 관광,명소 > 문화유적 > 문",37.569541449433,126.969700048201,http://place.map.kakao.com/10166256,정화예술대학교 명동캠퍼스 남산관 게이트
26379626,정화예술대학교 명동캠퍼스 남산관,2075323793,숙명여자대학교 제1캠퍼스 정문,"교통,수송 > 입출구",37.5452474193529,126.964862197806,http://place.map.kakao.com/2075323793,정화예술대학교 명동캠퍼스 남산관 게이트
26379626,정화예술대학교 명동캠퍼스 남산관,1750160498,영락교회 정문,"교통,수송 > 입출구",37.5642848976288,126.98996939228,http://place.map.kakao.com/1750160498,정화예술대학교 명동캠퍼스 남산관 게이트
26379626,정화예술대학교 명동캠퍼스 남산관,756036389,이화여자외국어고등학교 정문,"교통,수송 > 입출구",37.5646550951387,126.968726353018,http://place.map.kakao.com/756036389,정화예술대학교 명동캠퍼스 남산관 gate
26379626,정화예술대학교 명동캠퍼스 남산관,1732716971,동국대학교 서울캠퍼스 후문,"교통,수송 > 입출구",37.56071287063473,126.99936392096474,http://place.map.kakao.com/1732716971,정화예술대학교 명동캠퍼스 남산관 gate
26379626,정화예술대학교 명동캠퍼스 남산관,24582620,장통교 진출입 계단 5번,"교통,수송 > 입출구",37.5686649641772,126.984619287048,http://place.map.kakao.com/24582620,정화예술대학교 명동캠퍼스 남산관 gate
26379626,정화예술대학교 명동캠퍼스 남산관,614917604,해오름빌 정문,"교통,수송 > 입출구",37.5454534084028,126.984157845206,http://place.map.kakao.com/614917604,정화예술대학교 명동캠퍼스 남산관 gate
26379626,정화예술대학교 명동캠퍼스 남산관,1238436797,KCC파크타운오피스텔 정문,"교통,수송 > 입출구",37.5549082740397,126.966057291204,http://place.map.kakao.com/1238436797,정화예술대학교 명동캠퍼스 남산관 gate
26379626,정화예술대학교 명동캠퍼스 남산관,906098285,새문안교회 정문,"교통,수송 > 입출구",37.57063438281043,126.97355733641811,http://place.map.kakao.com/906098285,정화예술대학교 명동캠퍼스 남산관 gate
26379626,정화예술대학교 명동캠퍼스 남산관,1834345241,경기대학교 서울캠퍼스 후문,"교통,수송 > 입출구",37.564039417736,126.961611716429,http://place.map.kakao.com/1834345241,정화예술대학교 명동캠퍼스 남산관 gate
26379626,정화예술대학교 명동캠퍼스 남산관,221652592,남산대림아파트 정문,"교통,수송 > 입출구",37.5401902497506,126.988277629517,http://place.map.kakao.com/221652592,정화예술대학교 명동캠퍼스 남산관 gate
26379626,정화예술대학교 명동캠퍼스 남산관,966544243,중부시장 1문,"교통,수송 > 입출구",37.5666261112491,127.000303349922,http://place.map.kakao.com/966544243,정화예술대학교 명동캠퍼스 남산관 gate
26379626,정화예술대학교 명동캠퍼스 남산관,2029123161,경희궁자이2단지아파트 후문,"교통,수송 > 입출구",37.569028238981154,126.96451371163015,http://place.map.kakao.com/2029123161,정화예술대학교 명동캠퍼스 남산관 gate
26379626,정화예술대학교 명동캠퍼스 남산관,1471031688,중부건어물시장 7문,"교통,수송 > 입출구",37.5655151644709,127.00212228603,http://place.map.kakao.com/1471031688,정화예술대학교 명동캠퍼스 남산관 gate
26379626,정화예술대학교 명동캠퍼스 남산관,1747420471,동국대학교 서울캠퍼스 정문,"교통,수송 > 입출구",37.5565862667084,127.003021774672,http://place.map.kakao.com/1747420471,정화예술대학교 명동캠퍼스 남산관 gate
26379626,정화예술대학교 명동캠퍼스 남산관,1053051576,종근당빌딩 정문,"교통,수송 > 입출구",37.5596484552514,126.963165663089,http://place.map.kakao.com/1053051576,정화예술대학교 명동캠퍼스 남산관 gate
26379626,정화예술대학교 명동캠퍼스 남산관,942123983,광장시장 서문,"교통,수송 > 입출구",37.570161603164,126.998089257945,http://place.map.kakao.com/942123983,정화예술대학교 명동캠퍼스 남산관 gate
26379626,정화예술대학교 명동캠퍼스 남산관,1052996044,종근당빌딩 동문,"교통,수송 > 입출구",37.5596530446653,126.963437292143,http://place.map.kakao.com/1052996044,정화예술대학교 명동캠퍼스 남산관 gate
26379626,정화예술대학교 명동캠퍼스 남산관,900488651,광장시장 동문,"교통,수송 > 입출구",37.5703778448469,127.001729634064,http://place.map.kakao.com/900488651,정화예술대학교 명동캠퍼스 남산관 gate
26379626,정화예술대학교 명동캠퍼스 남산관,778074052,리움미술관 정문,"교통,수송 > 입출구",37.5380392388206,126.998979413662,http://place.map.kakao.com/778074052,정화예술대학교 명동캠퍼스 남산관 gate
26379626,정화예술대학교 명동캠퍼스 남산관,450056042,서울경찰청 정문,"교통,수송 > 입출구",37.5743452475062,126.972107039427,http://place.map.kakao.com/450056042,정화예술대학교 명동캠퍼스 남산관 gate
26379626,정화예술대학교 명동캠퍼스 남산관,1994469060,용산원효루미니아파트 정문,"교통,수송 > 입출구",37.5415762543533,126.969576717548,http://place.map.kakao.com/1994469060,정화예술대학교 명동캠퍼스 남산관 gate
26379626,정화예술대학교 명동캠퍼스 남산관,19807033,효창공원 후문,"교통,수송 > 입출구",37.5467187116527,126.961833341453,http://place.map.kakao.com/19807033,정화예술대학교 명동캠퍼스 남산관 gate
26379626,정화예술대학교 명동캠퍼스 남산관,1052898871,종근당빌딩 서문,"교통,수송 > 입출구",37.55982408696,126.962965248078,http://place.map.kakao.com/1052898871,정화예술대학교 명동캠퍼스 남산관 gate
26379626,정화예술대학교 명동캠퍼스 남산관,1941047737,경기대학교 서울캠퍼스 정문,"교통,수송 > 입출구",37.5646956381472,126.962530460914,http://place.map.kakao.com/1941047737,정화예술대학교 명동캠퍼스 남산관 gate
26379626,정화예술대학교 명동캠퍼스 남산관,1369183914,경희궁자이3단지아파트 후문,"교통,수송 > 입출구",37.5682178993461,126.966415732966,http://place.map.kakao.com/1369183914,정화예술대학교 명동캠퍼스 남산관 gate
11237653,총신대학교 사당캠퍼스,26396782,숭실대학교 정문,"교통,수송 > 입출구",37.4959716382717,126.954504228758,http://place.map.kakao.com/26396782,총신대학교 게이트
11237653,총신대학교 사당캠퍼스,25491573,동작삼성래미안아파트정문,"교통,수송 > 입출구",37.4898246579274,126.970578072837,http://place.map.kakao.com/25491573,총신대학교 게이트
11237653,총신대학교 사당캠퍼스,1337038013,사당롯데캐슬골든포레아파트 정문,"교통,수송 > 입출구",37.4921353206135,126.962703562233,http://place.map.kakao.com/1337038013,총신대학교 게이트
11237653,총신대학교 사당캠퍼스,2025935807,동작삼성게이트맨번호키,"가정,생활 > 생활용품점 > 열쇠,도장",37.4849338148218,126.969897066795,http://place.map.kakao.com/2025935807,총신대학교 게이트
11237653,총신대학교 사당캠퍼스,1571500187,게이트맨플라자,"가정,생활 > 생활용품점 > 열쇠,도장",37.494508769412,126.95546517666,http://place.map.kakao.com/1571500187,총신대학교 게이트
11237653,총신대학교 사당캠퍼스,8223972,스타게이트연기학원,"교육,학문 > 학원 > 연기학원",37.48442444029823,126.9723361077326,http://place.map.kakao.com/8223972,총신대학교 게이트
11237653,총신대학교 사당캠퍼스,570565310,숭실대학교 중문,"교통,수송 > 입출구",37.4954282647667,126.956725502974,http://place.map.kakao.com/570565310,총신대학교 게이트
11237653,총신대학교 사당캠퍼스,954005505,래미안로이파크아파트 후문,"교통,수송 > 입출구",37.4886432826493,126.973747958223,http://place.map.kakao.com/954005505,총신대학교 게이트
11237653,총신대학교 사당캠퍼스,21159607,액터게이트 사당본점,"교육,학문 > 학원 > 연기학원",37.4831728364226,126.975985152586,http://place.map.kakao.com/21159607,총신대학교 게이트
11237653,총신대학교 사당캠퍼스,8673423,국립서울현충원 현충문,"여행 > 관광,명소 > 문화유적 > 문",37.501266290885205,126.97331039888854,http://place.map.kakao.com/8673423,총신대학교 게이트
11237653,총신대학교 사당캠퍼스,1326872750,숭실대정문약국,"의료,건강 > 약국",37.49527804261485,126.95497281102563,http://place.map.kakao.com/1326872750,총신대학교 게이트
11237653,총신대학교 사당캠퍼스,148851889,사당휴먼시아아파트 정문,"교통,수송 > 입출구",37.47971817410693,126.97109532388056,http://place.map.kakao.com/148851889,총신대학교 게이트
11237653,총신대학교 사당캠퍼스,2013367291,관악드림타운아파트 북문,"교통,수송 > 입출구",37.49127610878637,126.95128665939158,http://place.map.kakao.com/2013367291,총신대학교 게이트
11237653,총신대학교 사당캠퍼스,507655019,관악우성아파트 후문,"교통,수송 > 입출구",37.4852725138157,126.95784846743,http://place.map.kakao.com/507655019,총신대학교 게이트
11237653,총신대학교 사당캠퍼스,27496929,관악푸르지오아파트 정문,"교통,수송 > 입출구",37.4855331121042,126.961077537492,http://place.map.kakao.com/27496929,총신대학교 게이트
11237653,총신대학교 사당캠퍼스,1742329224,흑석자이아파트 게이트2,"교통,수송 > 입출구",37.5017807110784,126.960293291815,http://place.map.kakao.com/1742329224,총신대학교 게이트
11237653,총신대학교 사당캠퍼스,740185391,관악브라운스톤 정문,"교통,수송 > 입출구",37.487989672779,126.957066747373,http://place.map.kakao.com/740185391,총신대학교 게이트
11237653,총신대학교 사당캠퍼스,746098898,브라운스톤관악아파트 후문,"교통,수송 > 입출구",37.4876204271611,126.95753054958,http://place.map.kakao.com/746098898,총신대학교 게이트
11237653,총신대학교 사당캠퍼스,685732447,숭실대학교 후문,"교통,수송 > 입출구",37.4975118612233,126.958025918926,http://place.map.kakao.com/685732447,총신대학교 게이트
11237653,총신대학교 사당캠퍼스,692682845,숭실대학교 남문,"교통,수송 > 입출구",37.49526235075583,126.95888773551715,http://place.map.kakao.com/692682845,총신대학교 게이트
11237653,총신대학교 사당캠퍼스,1093742759,관악드림타운아파트 정문,"교통,수송 > 입출구",37.488285101783966,126.95211402690988,http://place.map.kakao.com/1093742759,총신대학교 게이트
11237653,총신대학교 사당캠퍼스,546534778,상도현대아파트 후문주차장,"교통,수송 > 교통시설 > 주차장",37.4943271976061,126.959152857809,http://place.map.kakao.com/546534778,총신대학교 게이트
11237653,총신대학교 사당캠퍼스,1413721606,더게이트,"부동산 > 주거시설 > 빌라,주택",37.477657354248144,126.9637881817145,http://place.map.kakao.com/1413721606,총신대학교 게이트
11237653,총신대학교 사당캠퍼스,27299111,국립서울현충원 정문,"교통,수송 > 입출구",37.5036472062595,126.975422168197,http://place.map.kakao.com/27299111,총신대학교 게이트
11237653,총신대학교 사당캠퍼스,681158900,상도현대아파트 후문주차장 입구,"교통,수송 > 입출구",37.4943740519124,126.959158486348,http://place.map.kakao.com/681158900,총신대학교 게이트
11237653,총신대학교 사당캠퍼스,26397039,중앙대학교 서울캠퍼스 후문,"교통,수송 > 입출구",37.5049202595248,126.954064506402,http://place.map.kakao.com/26397039,총신대학교 게이트
11237653,총신대학교 사당캠퍼스,147478312,래미안상도2차아파트 정문,"교통,수송 > 입출구",37.4981312547529,126.959173403215,http://place.map.kakao.com/147478312,총신대학교 게이트
11237653,총신대학교 사당캠퍼스,1837835714,서울대입구역서희스타힐스아파트 정문,"교통,수송 > 입출구",37.4886842566187,126.959350415417,http://place.map.kakao.com/1837835714,총신대학교 게이트
11237653,총신대학교 사당캠퍼스,1236177787,흑석자이아파트 Gate3,"교통,수송 > 입출구",37.5005761550696,126.960558561406,http://place.map.kakao.com/1236177787,총신대학교 게이트
11237653,총신대학교 사당캠퍼스,369509956,이수힐스테이트아파트 후문,"교통,수송 > 입출구",37.4947494476877,126.978383301627,http://place.map.kakao.com/369509956,총신대학교 게이트
11237653,총신대학교 사당캠퍼스,1415206107,흑석자이아파트 GATE1,"교통,수송 > 입출구",37.5029798817072,126.962854238342,http://place.map.kakao.com/1415206107,총신대학교 게이트
11237653,총신대학교 사당캠퍼스,409231082,상도래미안3차아파트 정문,"교통,수송 > 입출구",37.4980904638478,126.953625390296,http://place.map.kakao.com/409231082,총신대학교 게이트
11237653,총신대학교 사당캠퍼스,1869851950,중앙대학교 서울캠퍼스 정문,"교통,수송 > 입출구",37.5067563369528,126.958469749756,http://place.map.kakao.com/1869851950,총신대학교 게이트
11237653,총신대학교 사당캠퍼스,1584883797,전담 GATE 이수역점,"서비스,산업 > 식품 > 담배",37.486722827024,126.981034835391,http://place.map.kakao.com/1584883797,총신대학교 게이트
11237653,총신대학교 사당캠퍼스,619825499,이수푸르지오더프레티움아파트 1단지 정문,"교통,수송 > 입출구",37.492149372277275,126.97968557624485,http://place.map.kakao.com/619825499,총신대학교 게이트
11237653,총신대학교 사당캠퍼스,1284662025,사당휴먼시아아파트 후문,"교통,수송 > 입출구",37.4780049621282,126.96953015173,http://place.map.kakao.com/1284662025,총신대학교 게이트
11237653,총신대학교 사당캠퍼스,397224411,서문여자중학교 정문,"교통,수송 > 입출구",37.4894236659471,126.984597104045,http://place.map.kakao.com/397224411,총신대학교 게이트
11237653,총신대학교 사당캠퍼스,969389701,전담 GATE 서울대샤로수길점,"서비스,산업 > 식품 > 담배 > 전자담배",37.4783962344861,126.955981235878,http://place.map.kakao.com/969389701,총신대학교 게이트
11237653,총신대학교 사당캠퍼스,2123809786,래미안상도2차아파트 후문,"교통,수송 > 입출구",37.497627186809176,126.95801680749399,http://place.map.kakao.com/2123809786,총신대학교 게이트
11237653,총신대학교 사당캠퍼스,625907172,흑석한강푸르지오아파트 Gate2,"교통,수송 > 입출구",37.5025262720579,126.96447056812,http://place.map.kakao.com/625907172,총신대학교 게이트
11237653,총신대학교 사당캠퍼스,729730007,프린트카페 숭실대정문점,"서비스,산업 > 인쇄,복사",37.4969353374492,126.953533374914,http://place.map.kakao.com/729730007,총신대학교 게이트
11237653,총신대학교 사당캠퍼스,1246676399,중앙대학교 서울캠퍼스 중문,"교통,수송 > 입출구",37.5059431853532,126.957222722899,http://place.map.kakao.com/1246676399,총신대학교 게이트
11237653,총신대학교 사당캠퍼스,480786392,이수푸르지오더프레티움아파트 2단지 정문,"교통,수송 > 입출구",37.493212705039,126.980542429992,http://place.map.kakao.com/480786392,총신대학교 게이트
11237653,총신대학교 사당캠퍼스,1209670072,흑석한강푸르지오아파트 게이트1,"교통,수송 > 입출구",37.5036014080491,126.965265116831,http://place.map.kakao.com/1209670072,총신대학교 게이트
11237653,총신대학교 사당캠퍼스,856970086,전담GATE 낙성대점,"서비스,산업 > 식품 > 담배",37.4757032610247,126.964435787694,http://place.map.kakao.com/856970086,총신대학교 게이트
11237653,총신대학교 사당캠퍼스,1828420270,힐스테이트상도센트럴파크아파트 정문,"교통,수송 > 입출구",37.4968930106759,126.951346338675,http://place.map.kakao.com/1828420270,총신대학교 gate
11237653,총신대학교 사당캠퍼스,1164217107,방배롯데캐슬아르떼아파트 정문,"교통,수송 > 입출구",37.4828426360604,126.984100974592,http://place.map.kakao.com/1164217107,총신대학교 gate
11237653,총신대학교 사당캠퍼스,107717438,흑석한강센트레빌2차 정문,"교통,수송 > 입출구",37.5017355385932,126.959931420595,http://place.map.kakao.com/107717438,총신대학교 gate
11237653,총신대학교 사당캠퍼스,1470499924,서울원당초등학교 후문,"교통,수송 > 입출구",37.4814749389597,126.955864106955,http://place.map.kakao.com/1470499924,총신대학교 gate
11237653,총신대학교 사당캠퍼스,1163690796,방배롯데캐슬아르떼아파트 후문,"교통,수송 > 입출구",37.483886036821,126.984346105257,http://place.map.kakao.com/1163690796,총신대학교 gate
11237653,총신대학교 사당캠퍼스,1409168461,관악드림타운아파트 남문,"교통,수송 > 입출구",37.4892639291416,126.948617171841,http://place.map.kakao.com/1409168461,총신대학교 gate
11237653,총신대학교 사당캠퍼스,1410370198,힐스테이트관악센트씨엘아파트 정문,"교통,수송 > 입출구",37.4902288355792,126.946425119797,http://place.map.kakao.com/1410370198,총신대학교 gate
11237653,총신대학교 사당캠퍼스,1472021074,흑석한강센트레빌1차아파트 정문,"교통,수송 > 입출구",37.5057199132258,126.966096538396,http://place.map.kakao.com/1472021074,총신대학교 gate
11237653,총신대학교 사당캠퍼스,1489109506,힐스테이트관악센트씨엘아파트 후문,"교통,수송 > 입출구",37.4919634265646,126.9467608518,http://place.map.kakao.com/1489109506,총신대학교 gate
11237653,총신대학교 사당캠퍼스,422303186,국립서울현충원 동문,"교통,수송 > 입출구",37.5019429789707,126.977824812583,http://place.map.kakao.com/422303186,총신대학교 gate
11237653,총신대학교 사당캠퍼스,1684785321,숭실대학교 북문,"교통,수송 > 입출구",37.49788848499963,126.95557060175777,http://place.map.kakao.com/1684785321,총신대학교 gate
11237653,총신대학교 사당캠퍼스,1522511926,힐스테이트상도프레스티지아파트 후문,"교통,수송 > 입출구",37.4954450603521,126.949129725457,http://place.map.kakao.com/1522511926,총신대학교 gate
11237653,총신대학교 사당캠퍼스,16059294,문,음식점 > 술집,37.4951262298356,126.998154497322,http://place.map.kakao.com/16059294,총신대 문
11237653,총신대학교 사당캠퍼스,469723644,브리즈문,"스포츠,레저 > 스포츠용품 > 캠핑용품",37.4874249861168,126.973152502177,http://place.map.kakao.com/469723644,총신대 문
11237653,총신대학교 사당캠퍼스,235651250,열린문교회,"문화,예술 > 종교 > 기독교 > 교회",37.4846671117469,126.969879083162,http://place.map.kakao.com/235651250,총신대 문
11237653,총신대학교 사당캠퍼스,1736900966,문주빌,"부동산 > 주거시설 > 빌라,주택",37.48560668306258,126.97285239220035,http://place.map.kakao.com/1736900966,총신대 문
11237653,총신대학교 사당캠퍼스,23281272,양의문교회,"문화,예술 > 종교 > 기독교 > 교회",37.4855209114841,126.968512881501,http://place.map.kakao.com/23281272,총신대 문
11237653,총신대학교 사당캠퍼스,607852176,커피문,음식점 > 카페,37.477588884515264,126.96097990782025,http://place.map.kakao.com/607852176,총신대 문
11237653,총신대학교 사당캠퍼스,1672371529,초록문,"음식점 > 술집 > 호프,요리주점",37.47788324235511,126.95757563027038,http://place.map.kakao.com/1672371529,총신대 문
11237653,총신대학교 사당캠퍼스,23294748,열린문교회,"문화,예술 > 종교 > 기독교 > 교회",37.48494107383926,126.97835899186248,http://place.map.kakao.com/23294748,총신대 문
11237653,총신대학교 사당캠퍼스,928657110,미소단지내정문공인중개사사무소,부동산 > 부동산서비스 > 부동산중개업,37.488222362404066,126.97308324297907,http://place.map.kakao.com/928657110,총신대 문
11237653,총신대학교 사당캠퍼스,464727128,문스파,"가정,생활 > 미용 > 피부관리",37.48219671488875,126.98487898339933,http://place.map.kakao.com/464727128,총신대 문
11237653,총신대학교 사당캠퍼스,8986478,문치과의원,"의료,건강 > 병원 > 치과",37.48586278044055,126.98383462407115,http://place.map.kakao.com/8986478,총신대 문
11237653,총신대학교 사당캠퍼스,209721783,문엔트리매직컴퍼니,"가정,생활 > 취미 > 마술",37.48259743731262,126.98320217262975,http://place.map.kakao.com/209721783,총신대 문
11237653,총신대학교 사당캠퍼스,1977420812,문래쉬,"가정,생활 > 미용",37.4810006773817,126.954987032764,http://place.map.kakao.com/1977420812,총신대 문
11237653,총신대학교 사당캠퍼스,16680068,DR문이비인후과의원,"의료,건강 > 병원 > 이비인후과",37.487138707934,126.947155498838,http://place.map.kakao.com/16680068,총신대 문
11237653,총신대학교 사당캠퍼스,188229931,문쥬스,음식점 > 양식 > 이탈리안,37.4891956332685,126.993464361458,http://place.map.kakao.com/188229931,총신대 문
11237653,총신대학교 사당캠퍼스,10452832,블루문소프트,"서비스,산업 > 인터넷,IT > 소프트웨어",37.48189783025816,126.98044473898358,http://place.map.kakao.com/10452832,총신대 문
11237653,총신대학교 사당캠퍼스,937067888,문레더,"가정,생활 > 패션 > 패션잡화점",37.4788200526544,126.954510106773,http://place.map.kakao.com/937067888,총신대 문
11237653,총신대학교 사당캠퍼스,613003103,카페디저트문 사당점,음식점 > 카페 > 테마카페 > 디저트카페,37.4761530352472,126.980690431887,http://place.map.kakao.com/613003103,총신대 문
11237653,총신대학교 사당캠퍼스,522865525,문커피,음식점 > 카페,37.5018733000301,126.95021218289,http://place.map.kakao.com/522865525,총신대 문
11237653,총신대학교 사당캠퍼스,2007008148,문뷰티,"가정,생활 > 미용 > 피부관리",37.4799815710907,126.944267348527,http://place.map.kakao.com/2007008148,총신대 문
11237653,총신대학교 사당캠퍼스,352211551,래빗문 스튜디오,"교육,학문 > 학원 > 미술학원",37.496312770114805,126.98462056774716,http://place.map.kakao.com/352211551,총신대 문
11237653,총신대학교 사당캠퍼스,439254761,문차이나,음식점 > 중식 > 중국요리,37.5003522187908,126.941916900228,http://place.map.kakao.com/439254761,총신대 문
11237653,총신대학교 사당캠퍼스,1919479225,문스테이 내방역점,"부동산 > 주거시설 > 고시원,고시텔",37.4883846410964,126.992073645178,http://place.map.kakao.com/1919479225,총신대 문
11237653,총신대학교 사당캠퍼스,20672303,문노래연습장,"가정,생활 > 여가시설 > 노래방",37.4769894526358,126.982490051272,http://place.map.kakao.com/20672303,총신대 문
11237653,총신대학교 사당캠퍼스,17008543,블랙문,"가정,생활 > 유흥시설 > 유흥주점",37.4769894526358,126.982490051272,http://place.map.kakao.com/17008543,총신대 문
11237653,총신대학교 사당캠퍼스,1822138926,안국문,"여행 > 관광,명소 > 문화유적 > 사당,제단",37.4711688659718,126.960015570163,http://place.map.kakao.com/1822138926,총신대 문
11237653,총신대학교 사당캠퍼스,698680193,블루문,"가정,생활 > 미용 > 피부관리",37.48215373105261,126.94203613865055,http://place.map.kakao.com/698680193,총신대 문
11237653,총신대학교 사당캠퍼스,1365747287,뷰티문,"가정,생활 > 미용",37.483144601541035,126.99688168904228,http://place.map.kakao.com/1365747287,총신대 문
11237653,총신대학교 사당캠퍼스,605108521,더문,"가정,생활 > 미용 > 화장품",37.4873808602939,126.991252858711,http://place.map.kakao.com/605108521,총신대 문
11237653,총신대학교 사당캠퍼스,2005661086,썬문스타빌,"부동산 > 주거시설 > 빌라,주택",37.49828691439144,126.99620027552633,http://place.map.kakao.com/2005661086,총신대 문
11237653,총신대학교 사당캠퍼스,464353480,문주도가,"서비스,산업 > 식품 > 음료,주류제조",37.48233450208795,126.9943785080908,http://place.map.kakao.com/464353480,총신대 문
11237653,총신대학교 사당캠퍼스,445250463,광덕방화문 건설사업부,"서비스,산업 > 제조업",37.4849619262579,126.936303736987,http://place.map.kakao.com/445250463,총신대 문
11237653,총신대학교 사당캠퍼스,578518968,나이키 문 슈 기획전 버전 0: 프로토타입,이슈 > 이벤트 > 전시,37.4662745301325,126.954886215705,http://place.map.kakao.com/578518968,총신대 문
8095775,추계예술대학교,26397093,이화여자대학교 후문,"교통,수송 > 입출구",37.5635317504439,126.944692996803,http://place.map.kakao.com/26397093,추계예술대학교 게이트
8095775,추계예술대학교,592662879,이화여자대학교 정문,"교통,수송 > 입출구",37.5594236592153,126.94566937595,http://place.map.kakao.com/592662879,추계예술대학교 게이트
8095775,추계예술대학교,7834307,독립문,"여행 > 관광,명소 > 문화유적 > 문",37.5724504220421,126.959542648447,http://place.map.kakao.com/7834307,추계예술대학교 게이트
8095775,추계예술대학교,1707529271,웨스트게이트빌딩,부동산 > 빌딩,37.5647436498695,126.966383336483,http://place.map.kakao.com/1707529271,추계예술대학교 게이트
8095775,추계예술대학교,7999562,연세대학교 동문,"교통,수송 > 입출구",37.5660622423696,126.945759633944,http://place.map.kakao.com/7999562,추계예술대학교 게이트
8095775,추계예술대학교,2109875238,힐스테이트신촌아파트 정문,"교통,수송 > 입출구",37.5623942632169,126.951944395407,http://place.map.kakao.com/2109875238,추계예술대학교 게이트
8095775,추계예술대학교,1049528224,신촌스타게이트,부동산 > 주거시설 > 도시형생활주택,37.5580788318243,126.94262361882,http://place.map.kakao.com/1049528224,추계예술대학교 게이트
8095775,추계예술대학교,18097390,연세대학교 정문,"교통,수송 > 입출구",37.5604968585685,126.936840480172,http://place.map.kakao.com/18097390,추계예술대학교 게이트
8095775,추계예술대학교,1850698216,이화여자대학교 후문 ECC주차장,"교통,수송 > 교통시설 > 주차장",37.560202690449486,126.94495464108626,http://place.map.kakao.com/1850698216,추계예술대학교 게이트
8095775,추계예술대학교,27377630,중앙여자고등학교 정문,"교통,수송 > 입출구",37.5622891231938,126.954930248887,http://place.map.kakao.com/27377630,추계예술대학교 게이트
8095775,추계예술대학교,10750162,이화여자대학교 정문경비실,"교육,학문 > 학교부속시설",37.563594853009214,126.94476312526892,http://place.map.kakao.com/10750162,추계예술대학교 게이트
8095775,추계예술대학교,1557454094,신촌푸르지오아파트 정문,"교통,수송 > 입출구",37.5605052392461,126.9528521884927,http://place.map.kakao.com/1557454094,추계예술대학교 게이트
8095775,추계예술대학교,1834345241,경기대학교 서울캠퍼스 후문,"교통,수송 > 입출구",37.564039417736,126.961611716429,http://place.map.kakao.com/1834345241,추계예술대학교 게이트
8095775,추계예술대학교,7813430,숭례문,"여행 > 관광,명소 > 문화유적 > 문",37.5600030088843,126.975313124237,http://place.map.kakao.com/7813430,추계예술대학교 게이트
8095775,추계예술대학교,1341536850,이대공대 철문,"교통,수송 > 입출구",37.5668145259871,126.947649370519,http://place.map.kakao.com/1341536850,추계예술대학교 게이트
8095775,추계예술대학교,313573795,e편한세상신촌아파트1단지 후문,"교통,수송 > 입출구",37.5588278232198,126.949091193407,http://place.map.kakao.com/313573795,추계예술대학교 게이트
8095775,추계예술대학교,666043195,마포더클래시아파트1단지 게이트1,"교통,수송 > 입출구",37.5553139489017,126.949126404109,http://place.map.kakao.com/666043195,추계예술대학교 게이트
8095775,추계예술대학교,752108819,꿈공스터디카페 연대동문점,"서비스,산업 > 전문대행 > 공간대여 > 스터디카페,스터디룸",37.56460771446932,126.94506685099783,http://place.map.kakao.com/752108819,추계예술대학교 게이트
8095775,추계예술대학교,1588958804,이대역STARGATE오피스텔(스타게이트2차),부동산 > 주거시설 > 오피스텔,37.5571212123999,126.944808647491,http://place.map.kakao.com/1588958804,추계예술대학교 게이트
8095775,추계예술대학교,13691522,화가와요리사 이대후문점,"음식점 > 일식 > 돈까스,우동",37.5644473229863,126.945036408293,http://place.map.kakao.com/13691522,추계예술대학교 게이트
8095775,추계예술대학교,363935908,마포더클래시아파트 게이트2,"교통,수송 > 입출구",37.5561716457537,126.951134667398,http://place.map.kakao.com/363935908,추계예술대학교 게이트
8095775,추계예술대학교,1844501862,서강대학교 후문,"교통,수송 > 입출구",37.5507696837461,126.943969110916,http://place.map.kakao.com/1844501862,추계예술대학교 게이트
8095775,추계예술대학교,1122624057,마포더클래시 2단지아파트 정문,"교통,수송 > 입출구",37.5564114656951,126.949363325085,http://place.map.kakao.com/1122624057,추계예술대학교 게이트
8095775,추계예술대학교,115450973,약현성당 정문,"교통,수송 > 입출구",37.5594021768961,126.968321103042,http://place.map.kakao.com/115450973,추계예술대학교 게이트
8095775,추계예술대학교,1238780392,마포프레스티지자이아파트 정문,"교통,수송 > 입출구",37.5542211934313,126.947422784266,http://place.map.kakao.com/1238780392,추계예술대학교 게이트
8095775,추계예술대학교,1315137150,마포프레스티지자이아파트 게이트1,"교통,수송 > 입출구",37.55316400676476,126.94671734682578,http://place.map.kakao.com/1315137150,추계예술대학교 게이트
8095775,추계예술대학교,792576920,신촌푸르지오1단지아파트 후문,"교통,수송 > 입출구",37.5606731796172,126.951504093947,http://place.map.kakao.com/792576920,추계예술대학교 게이트
8095775,추계예술대학교,10043389,서강대학교 정문,"교통,수송 > 입출구",37.5516352233547,126.937925314256,http://place.map.kakao.com/10043389,추계예술대학교 게이트
8095775,추계예술대학교,1636753249,프린트카페 이화여대정문점,"서비스,산업 > 인쇄,복사",37.558309941719,126.945484573217,http://place.map.kakao.com/1636753249,추계예술대학교 게이트
8095775,추계예술대학교,2011339261,아마노 웨스트게이트타워 주차장,"교통,수송 > 교통시설 > 주차장",37.564772475612,126.966361817913,http://place.map.kakao.com/2011339261,추계예술대학교 게이트
8095775,추계예술대학교,8234642,광화문,"여행 > 관광,명소 > 문화유적 > 문",37.57596445980707,126.97685309595215,http://place.map.kakao.com/8234642,추계예술대학교 게이트
8095775,추계예술대학교,191954023,카페게이트 아현점,음식점 > 카페 > 커피전문점 > 카페게이트,37.55046617401642,126.95477101519491,http://place.map.kakao.com/191954023,추계예술대학교 게이트
8095775,추계예술대학교,1255394510,힐스테이트신촌아파트 후문,"교통,수송 > 입출구",37.5612121264876,126.951872718162,http://place.map.kakao.com/1255394510,추계예술대학교 게이트
8095775,추계예술대학교,1142964882,서울역센트럴자이아파트 정문,"교통,수송 > 입출구",37.5548572301628,126.964070005939,http://place.map.kakao.com/1142964882,추계예술대학교 게이트
8095775,추계예술대학교,17582477,덕수궁 대한문,"여행 > 관광,명소 > 문화유적",37.5650416322942,126.976542945622,http://place.map.kakao.com/17582477,추계예술대학교 게이트
8095775,추계예술대학교,345254034,이화여자대학교 북아현문,"교통,수송 > 입출구",37.56809505093891,126.95021794364267,http://place.map.kakao.com/345254034,추계예술대학교 게이트
8095775,추계예술대학교,10173574,게이트웨이타워,부동산 > 빌딩,37.5534758118272,126.973595087754,http://place.map.kakao.com/10173574,추계예술대학교 게이트
8095775,추계예술대학교,1053051576,종근당빌딩 정문,"교통,수송 > 입출구",37.5596484552514,126.963165663089,http://place.map.kakao.com/1053051576,추계예술대학교 게이트
8095775,추계예술대학교,1941047737,경기대학교 서울캠퍼스 정문,"교통,수송 > 입출구",37.5646956381472,126.962530460914,http://place.map.kakao.com/1941047737,추계예술대학교 게이트
8095775,추계예술대학교,18922240,연세대학교 남문,"교통,수송 > 입출구",37.5614750339922,126.933014087396,http://place.map.kakao.com/18922240,추계예술대학교 게이트
8095775,추계예술대학교,2029123161,경희궁자이2단지아파트 후문,"교통,수송 > 입출구",37.569028238981154,126.96451371163015,http://place.map.kakao.com/2029123161,추계예술대학교 게이트
8095775,추계예술대학교,10166256,경희궁 흥화문,"여행 > 관광,명소 > 문화유적 > 문",37.569541449433,126.969700048201,http://place.map.kakao.com/10166256,추계예술대학교 게이트
8095775,추계예술대학교,1583567237,스타게이트부동산공인중개사사무소,부동산 > 부동산서비스 > 부동산중개업,37.55806079593418,126.94259081123286,http://place.map.kakao.com/1583567237,추계예술대학교 게이트
8095775,추계예술대학교,2066729900,마포그랑자이아파트 2단지 GATE2,"교통,수송 > 입출구",37.5542187596704,126.944086490514,http://place.map.kakao.com/2066729900,추계예술대학교 게이트
8095775,추계예술대학교,740270285,NPD 웨스트게이트타워 주차장,"교통,수송 > 교통시설 > 주차장",37.5646526791915,126.96648864153,http://place.map.kakao.com/740270285,추계예술대학교 게이트
8095775,추계예술대학교,2028906449,경희궁자이2단지아파트 정문,"교통,수송 > 입출구",37.5713828481189,126.962593897506,http://place.map.kakao.com/2028906449,추계예술대학교 gate
8095775,추계예술대학교,1436482704,이화여자고등학교 서문,"교통,수송 > 입출구",37.5646866837945,126.968930077008,http://place.map.kakao.com/1436482704,추계예술대학교 gate
8095775,추계예술대학교,1052898871,종근당빌딩 서문,"교통,수송 > 입출구",37.55982408696,126.962965248078,http://place.map.kakao.com/1052898871,추계예술대학교 gate
8095775,추계예술대학교,27577050,공덕자이아파트 후문,"교통,수송 > 입출구",37.551964922444,126.958272661727,http://place.map.kakao.com/27577050,추계예술대학교 gate
8095775,추계예술대학교,395048112,천연뜨란채아파트 후문입구,"교통,수송 > 입출구",37.5687110990256,126.958984363633,http://place.map.kakao.com/395048112,추계예술대학교 gate
8095775,추계예술대학교,63477494,경희궁자이3단지아파트 정문,"교통,수송 > 입출구",37.569211287352,126.965003755568,http://place.map.kakao.com/63477494,추계예술대학교 gate
8095775,추계예술대학교,418851170,공덕자이아파트 정문,"교통,수송 > 입출구",37.553790613053,126.959040073871,http://place.map.kakao.com/418851170,추계예술대학교 gate
8095775,추계예술대학교,1052996044,종근당빌딩 동문,"교통,수송 > 입출구",37.5596530446653,126.963437292143,http://place.map.kakao.com/1052996044,추계예술대학교 gate
8095775,추계예술대학교,756036389,이화여자외국어고등학교 정문,"교통,수송 > 입출구",37.5646550951387,126.968726353018,http://place.map.kakao.com/756036389,추계예술대학교 gate
8095775,추계예술대학교,1778026578,공덕삼성래미안4차아파트 정문,"교통,수송 > 입출구",37.5493620751301,126.951552162346,http://place.map.kakao.com/1778026578,추계예술대학교 gate
8095775,추계예술대학교,1469643354,마포자이더센트리지아파트 정문,"교통,수송 > 입출구",37.5506546829242,126.946619547031,http://place.map.kakao.com/1469643354,추계예술대학교 gate
8095775,추계예술대학교,17578489,세브란스병원 정문,"교통,수송 > 입출구",37.560436337978,126.938253028733,http://place.map.kakao.com/17578489,추계예술대학교 gate
8095775,추계예술대학교,18922244,연세대학교 서문,"교통,수송 > 입출구",37.5637749061639,126.933953735176,http://place.map.kakao.com/18922244,추계예술대학교 gate
8095775,추계예술대학교,2075323793,숙명여자대학교 제1캠퍼스 정문,"교통,수송 > 입출구",37.5452474193529,126.964862197806,http://place.map.kakao.com/2075323793,추계예술대학교 gate
8095775,추계예술대학교,152234594,마포그랑자이아파트 1-1GATE(입주민 전용),"교통,수송 > 입출구",37.55453372776068,126.94519534043667,http://place.map.kakao.com/152234594,추계예술대학교 gate
8095775,추계예술대학교,754924844,래미안공덕4차아파트 후문,"교통,수송 > 입출구",37.5508593108509,126.951010257783,http://place.map.kakao.com/754924844,추계예술대학교 gate
8095775,추계예술대학교,1124796872,서울한서초등학교 정문,"교통,수송 > 입출구",37.5536541407917,126.948732566886,http://place.map.kakao.com/1124796872,추계예술대학교 gate
8095775,추계예술대학교,1369183914,경희궁자이3단지아파트 후문,"교통,수송 > 입출구",37.5682178993461,126.966415732966,http://place.map.kakao.com/1369183914,추계예술대학교 gate
8095775,추계예술대학교,606820975,SC제일은행 365코너 추계예술대정문,"금융,보험 > 금융서비스 > 은행 > ATM",37.5631498063206,126.953209318398,http://place.map.kakao.com/606820975,추계예술대 게이트
1111828096,태재대학교,8234642,광화문,"여행 > 관광,명소 > 문화유적 > 문",37.57596445980707,126.97685309595215,http://place.map.kakao.com/8234642,태재대학교 게이트
1111828096,태재대학교,18093911,성균관대학교 후문,"교통,수송 > 입출구",37.5892983133587,126.990086054512,http://place.map.kakao.com/18093911,태재대학교 게이트
1111828096,태재대학교,1162075277,현대계동사옥 서문주차장,"교통,수송 > 교통시설 > 주차장",37.57885010693023,126.98709986053191,http://place.map.kakao.com/1162075277,태재대학교 게이트
1111828096,태재대학교,17572472,조계사 일주문,"여행 > 관광,명소 > 문화유적 > 문",37.5738688353359,126.982621347179,http://place.map.kakao.com/17572472,태재대학교 게이트
1111828096,태재대학교,8028879,창경궁 월근문,"여행 > 관광,명소 > 문화유적 > 문",37.581402377964,126.996617206441,http://place.map.kakao.com/8028879,태재대학교 게이트
1111828096,태재대학교,117042694,성균관대학교 인문사회과학캠퍼스 정문,"교통,수송 > 입출구",37.5850002309339,126.996838384994,http://place.map.kakao.com/117042694,태재대학교 게이트
1111828096,태재대학교,17578525,창경궁 함양문,"여행 > 관광,명소 > 문화유적 > 문",37.5795236515318,126.99308061756884,http://place.map.kakao.com/17578525,태재대학교 게이트
1111828096,태재대학교,7975638,경복궁 신무문,"여행 > 관광,명소 > 문화유적 > 문",37.5835262314359,126.975513675707,http://place.map.kakao.com/7975638,태재대학교 게이트
1111828096,태재대학교,17808103,창덕궁 진선문,"여행 > 관광,명소 > 문화유적 > 문",37.5785224636321,126.990449749908,http://place.map.kakao.com/17808103,태재대학교 게이트
1111828096,태재대학교,370224713,종묘 북신문,"여행 > 관광,명소 > 문화유적 > 문",37.57690455042833,126.99481517317888,http://place.map.kakao.com/370224713,태재대학교 게이트
1111828096,태재대학교,10266056,노스게이트,부동산 > 빌딩,37.5749664887164,126.974108234786,http://place.map.kakao.com/10266056,태재대학교 게이트
1111828096,태재대학교,2095650008,국립민속박물관 정문,"교통,수송 > 입출구",37.579630169106,126.979359561587,http://place.map.kakao.com/2095650008,태재대학교 게이트
1111828096,태재대학교,7958336,숙정문,"여행 > 관광,명소 > 문화유적 > 문",37.59552486948541,126.98107746162911,http://place.map.kakao.com/7958336,태재대학교 게이트
1111828096,태재대학교,17808597,경복궁 건춘문,"여행 > 관광,명소 > 문화유적 > 문",37.5781462256481,126.979323744753,http://place.map.kakao.com/17808597,태재대학교 게이트
1111828096,태재대학교,1421090993,영춘문,"여행 > 관광,명소 > 문화유적 > 문",37.5825744449154,126.99358753578,http://place.map.kakao.com/1421090993,태재대학교 게이트
1111828096,태재대학교,14404922,성북더게이트힐즈,"부동산 > 주거시설 > 빌라,주택",37.59609865415127,126.98658166465263,http://place.map.kakao.com/14404922,태재대학교 게이트
1111828096,태재대학교,22879392,경복궁 계무문,"여행 > 관광,명소 > 문화유적",37.5836742469899,126.97676353268,http://place.map.kakao.com/22879392,태재대학교 게이트
1111828096,태재대학교,26864860,노스게이트빌딩 주차장,"교통,수송 > 교통시설 > 주차장",37.57504485833475,126.97403122960722,http://place.map.kakao.com/26864860,태재대학교 게이트
1111828096,태재대학교,8050056,창덕궁 인정문,"여행 > 관광,명소 > 문화유적 > 문",37.5788252526801,126.99115613373,http://place.map.kakao.com/8050056,태재대학교 게이트
1111828096,태재대학교,12373362,경복궁 영추문,"여행 > 관광,명소 > 문화유적 > 문",37.5787758835656,126.97406616063,http://place.map.kakao.com/12373362,태재대학교 게이트
1111828096,태재대학교,8206208,창덕궁 단봉문,"여행 > 관광,명소 > 문화유적 > 문",37.5776971876942,126.990889098571,http://place.map.kakao.com/8206208,태재대학교 게이트
1111828096,태재대학교,7873647,창경궁 명정문,"여행 > 관광,명소 > 문화유적 > 문",37.5788435264443,126.995725237171,http://place.map.kakao.com/7873647,태재대학교 게이트
1111828096,태재대학교,12898430,창덕궁 만월문,"여행 > 관광,명소 > 문화유적 > 문",37.5818382094205,126.991613159052,http://place.map.kakao.com/12898430,태재대학교 게이트
1111828096,태재대학교,8183091,경추문,"여행 > 관광,명소 > 문화유적 > 문",37.5799711653591,126.989321988604,http://place.map.kakao.com/8183091,태재대학교 게이트
1111828096,태재대학교,10615928,외삼문,"여행 > 관광,명소 > 문화유적 > 문",37.5838634097904,126.988805166075,http://place.map.kakao.com/10615928,태재대학교 게이트
1111828096,태재대학교,1123186505,프린트카페 성균관대정문점,"서비스,산업 > 인쇄,복사",37.5836981442457,126.998206656779,http://place.map.kakao.com/1123186505,태재대학교 게이트
1111828096,태재대학교,1121088682,중앙중학교 후문,"교통,수송 > 입출구",37.5861759383013,126.985820344138,http://place.map.kakao.com/1121088682,태재대학교 게이트
1111828096,태재대학교,8233299,창경궁 과학의문,"여행 > 관광,명소 > 문화유적 > 문",37.5822348900427,126.996413383759,http://place.map.kakao.com/8233299,태재대학교 게이트
1111828096,태재대학교,11050208,창덕궁 불로문,"여행 > 관광,명소 > 문화유적 > 문",37.582634794864056,126.99328864431902,http://place.map.kakao.com/11050208,태재대학교 게이트
1111828096,태재대학교,29263364,전담GATE 대학로점,"서비스,산업 > 식품 > 담배 > 전자담배",37.5832044131478,127.00028869918,http://place.map.kakao.com/29263364,태재대학교 게이트
1111828096,태재대학교,18983409,창경궁 집춘문,"여행 > 관광,명소 > 문화유적 > 문",37.5841341432093,126.995253952889,http://place.map.kakao.com/18983409,태재대학교 게이트
1111828096,태재대학교,1850785358,골드게이트,"가정,생활 > 패션 > 보석,귀금속",37.57091930544608,126.99655542240869,http://place.map.kakao.com/1850785358,태재대학교 게이트
1111828096,태재대학교,12898409,창덕궁 어수문,"여행 > 관광,명소 > 문화유적 > 문",37.5818851396982,126.992804158405,http://place.map.kakao.com/12898409,태재대학교 게이트
1111828096,태재대학교,8210204,광화문우체국,"사회,공공기관 > 행정기관 > 과학기술정보통신부 > 우체국",37.56984063458276,126.978097873737,http://place.map.kakao.com/8210204,태재대학교 게이트
1111828096,태재대학교,8023892,종묘 외대문,"여행 > 관광,명소 > 문화유적 > 문",37.5721292686522,126.994598162936,http://place.map.kakao.com/8023892,태재대학교 게이트
1111828096,태재대학교,12898452,창덕궁 선정문,"여행 > 관광,명소 > 문화유적 > 문",37.5794415758525,126.991753807871,http://place.map.kakao.com/12898452,태재대학교 게이트
1111828096,태재대학교,7945154,창경궁 선인문,"여행 > 관광,명소 > 문화유적 > 문",37.5778128202593,126.996694349734,http://place.map.kakao.com/7945154,태재대학교 게이트
1111828096,태재대학교,8638884,흥인지문,"여행 > 관광,명소 > 문화유적 > 문",37.571141513487,127.009571946966,http://place.map.kakao.com/8638884,태재대학교 게이트
1111828096,태재대학교,827946346,창덕궁 선평문,"여행 > 관광,명소 > 문화유적 > 문",37.5799173405964,126.992346977828,http://place.map.kakao.com/827946346,태재대학교 게이트
1111828096,태재대학교,8578705,창의문,"여행 > 관광,명소 > 문화유적 > 문",37.5926312540331,126.966511201027,http://place.map.kakao.com/8578705,태재대학교 게이트
1111828096,태재대학교,646408934,아트게이트,"문화,예술 > 미술,공예 > 화랑",37.5749321090442,126.983313901462,http://place.map.kakao.com/646408934,태재대학교 게이트
1111828096,태재대학교,26396794,서울대학교병원 정문,"교통,수송 > 입출구",37.5770596068084,126.997405317092,http://place.map.kakao.com/26396794,태재대학교 게이트
1111828096,태재대학교,526594387,서울재동초등학교 정문,"교통,수송 > 입출구",37.5798626506945,126.985599649314,http://place.map.kakao.com/526594387,태재대학교 게이트
1111828096,태재대학교,8223811,경복궁 근정문,"여행 > 관광,명소 > 문화유적 > 문",37.5777637664531,126.976960085749,http://place.map.kakao.com/8223811,태재대학교 게이트
1111828096,태재대학교,15295317,아트포럼뉴게이트,"문화,예술 > 문화시설 > 미술관",37.5828908675135,127.000258129949,http://place.map.kakao.com/15295317,태재대학교 게이트
1111828096,태재대학교,1183593067,NPD현대계동사옥주차장 서문,"교통,수송 > 입출구",37.5782950752746,126.986924483996,http://place.map.kakao.com/1183593067,태재대학교 gate
1111828096,태재대학교,1095971293,감사원 후문 입구,"교통,수송 > 입출구",37.5865975447486,126.985343605846,http://place.map.kakao.com/1095971293,태재대학교 gate
1111828096,태재대학교,554804728,서머셋팰리스서울 정문,"교통,수송 > 입출구",37.575140812568,126.981140354329,http://place.map.kakao.com/554804728,태재대학교 gate
1111828096,태재대학교,2009442075,서울대학교병원 후문,"교통,수송 > 입출구",37.5799644239191,127.001969861978,http://place.map.kakao.com/2009442075,태재대학교 gate
1111828096,태재대학교,24582622,삼일교 진출입 계단 7번,"교통,수송 > 입출구",37.5682075854278,126.987376754328,http://place.map.kakao.com/24582622,태재대학교 gate
1111828096,태재대학교,24582617,청계광장 진출입 경사로2번,"교통,수송 > 입출구",37.5691288374739,126.978040353196,http://place.map.kakao.com/24582617,태재대학교 gate
1111828096,태재대학교,24582618,광통교 진출입 계단 3번,"교통,수송 > 입출구",37.5690501205507,126.981359222493,http://place.map.kakao.com/24582618,태재대학교 gate
1111828096,태재대학교,1375963086,탑골공원 북문,"교통,수송 > 입출구",37.571860290611234,126.98804740311353,http://place.map.kakao.com/1375963086,태재대학교 gate
1111828096,태재대학교,24582621,광교 진출입 계단 6번,"교통,수송 > 입출구",37.5687548570305,126.983107003547,http://place.map.kakao.com/24582621,태재대학교 gate
1111828096,태재대학교,942123983,광장시장 서문,"교통,수송 > 입출구",37.570161603164,126.998089257945,http://place.map.kakao.com/942123983,태재대학교 gate
1111828096,태재대학교,27610515,동방문화대학원대학교 정문,"교통,수송 > 입출구",37.59687398733751,126.99183907625228,http://place.map.kakao.com/27610515,태재대학교 gate
1111828096,태재대학교,457781282,경신고등학교 후문,"교통,수송 > 입출구",37.5913322557512,127.001791261831,http://place.map.kakao.com/457781282,태재대학교 gate
1111828096,태재대학교,900488651,광장시장 동문,"교통,수송 > 입출구",37.5703778448469,127.001729634064,http://place.map.kakao.com/900488651,태재대학교 gate
1111828096,태재대학교,24582623,장통교 진출입 계단 8번,"교통,수송 > 입출구",37.5682434489874,126.985823744215,http://place.map.kakao.com/24582623,태재대학교 gate
1111828096,태재대학교,450056042,서울경찰청 정문,"교통,수송 > 입출구",37.5743452475062,126.972107039427,http://place.map.kakao.com/450056042,태재대학교 gate
1111828096,태재대학교,27254919,광장시장 북2문,"교통,수송 > 입출구",37.5707238387684,127.000475425175,http://place.map.kakao.com/27254919,태재대학교 gate
1111828096,태재대학교,24582616,청계광장 진출입 계단 1번,"교통,수송 > 입출구",37.5692262620098,126.978678739891,http://place.map.kakao.com/24582616,태재대학교 gate
1111828096,태재대학교,975007361,투썸플레이스 앞 1-1 진입로,"교통,수송 > 입출구",37.5691921407208,126.979334143748,http://place.map.kakao.com/975007361,태재대학교 gate
1111828096,태재대학교,24582619,모전교 진출입 계단 4번,"교통,수송 > 입출구",37.5689922605279,126.980154854369,http://place.map.kakao.com/24582619,태재대학교 gate
1111828096,태재대학교,27425368,서울효제초등학교 후문,"교통,수송 > 입출구",37.5732718145745,127.003047352795,http://place.map.kakao.com/27425368,태재대학교 gate
1111828096,태재대학교,257766416,광장시장 북문,"교통,수송 > 입출구",37.5706355397427,126.999241584545,http://place.map.kakao.com/257766416,태재대학교 gate
1111828096,태재대학교,966544243,중부시장 1문,"교통,수송 > 입출구",37.5666261112491,127.000303349922,http://place.map.kakao.com/966544243,태재대학교 gate
1111828096,태재대학교,24582620,장통교 진출입 계단 5번,"교통,수송 > 입출구",37.5686649641772,126.984619287048,http://place.map.kakao.com/24582620,태재대학교 gate
1111828096,태재대학교,906098285,새문안교회 정문,"교통,수송 > 입출구",37.57063438281043,126.97355733641811,http://place.map.kakao.com/906098285,태재대학교 gate
1111828096,태재대학교,1364021540,경신중학교 후문,"교통,수송 > 입출구",37.5913241458011,127.001856933682,http://place.map.kakao.com/1364021540,태재대학교 gate
1111828096,태재대학교,861787992,명동성당 가톨릭회관 후문,"교통,수송 > 입출구",37.5641430857663,126.986415354827,http://place.map.kakao.com/861787992,태재대학교 gate
1111828096,태재대학교,1358559046,홍익대학교사범대학 부속고등학교 후문,"교통,수송 > 입출구",37.5950289781094,127.003791050107,http://place.map.kakao.com/1358559046,태재대학교 gate
1111828096,태재대학교,1752657863,배화여자중학교 정문,"교통,수송 > 입출구",37.5780508109265,126.967684902097,http://place.map.kakao.com/1752657863,태재대학교 gate
1111828096,태재대학교,27610514,동방문화대학원대학교 후문,"교통,수송 > 입출구",37.59675502206242,126.99135557198605,http://place.map.kakao.com/27610514,태재대학교 gate
1111828096,태재대학교,1305579219,광장시장 남2문,"교통,수송 > 입출구",37.5696174168277,127.000362223347,http://place.map.kakao.com/1305579219,태재대학교 gate
1111828096,태재대학교,391618469,광장시장 남1문,"교통,수송 > 입출구",37.5698012117878,127.001430785735,http://place.map.kakao.com/391618469,태재대학교 gate
1111828096,태재대학교,1471031688,중부건어물시장 7문,"교통,수송 > 입출구",37.5655151644709,127.00212228603,http://place.map.kakao.com/1471031688,태재대학교 gate
1111828096,태재대학교,792285301,광장시장 남3문,"교통,수송 > 입출구",37.5694228006309,126.999361583013,http://place.map.kakao.com/792285301,태재대학교 gate
1111828096,태재대학교,1876556792,광장시장 북1문,"교통,수송 > 입출구",37.5706202227402,126.999228001142,http://place.map.kakao.com/1876556792,태재대학교 gate
1111828096,태재대학교,26985073,남대문시장 6번게이트,"교통,수송 > 입출구",37.558717858962936,126.97822449419233,http://place.map.kakao.com/26985073,태재대학교 gate
1111828096,태재대학교,1627522015,삼선푸르지오아파트 정문,"교통,수송 > 입출구",37.5843479206725,127.013344899129,http://place.map.kakao.com/1627522015,태재대학교 gate
1111828096,태재대학교,1732716971,동국대학교 서울캠퍼스 후문,"교통,수송 > 입출구",37.56071287063473,126.99936392096474,http://place.map.kakao.com/1732716971,태재대학교 gate
1111828096,태재대학교,1436482704,이화여자고등학교 서문,"교통,수송 > 입출구",37.5646866837945,126.968930077008,http://place.map.kakao.com/1436482704,태재대학교 gate
1111828096,태재대학교,1383518559,서울동구고등학교 후문,"교통,수송 > 입출구",37.5931465730501,127.008333759244,http://place.map.kakao.com/1383518559,태재대학교 gate
8135259,한국방송통신대학교 대학본부,8638884,흥인지문,"여행 > 관광,명소 > 문화유적 > 문",37.571141513487,127.009571946966,http://place.map.kakao.com/8638884,한국방송통신대학교 대학본부 게이트
8135259,한국방송통신대학교 대학본부,8028879,창경궁 월근문,"여행 > 관광,명소 > 문화유적 > 문",37.581402377964,126.996617206441,http://place.map.kakao.com/8028879,한국방송통신대학교 대학본부 게이트
8135259,한국방송통신대학교 대학본부,1850785358,골드게이트,"가정,생활 > 패션 > 보석,귀금속",37.57091930544608,126.99655542240869,http://place.map.kakao.com/1850785358,한국방송통신대학교 대학본부 게이트
8135259,한국방송통신대학교 대학본부,117042694,성균관대학교 인문사회과학캠퍼스 정문,"교통,수송 > 입출구",37.5850002309339,126.996838384994,http://place.map.kakao.com/117042694,한국방송통신대학교 대학본부 게이트
8135259,한국방송통신대학교 대학본부,1818106432,게이트,음식점 > 술집,37.5720266527081,127.014795036333,http://place.map.kakao.com/1818106432,한국방송통신대학교 대학본부 게이트
8135259,한국방송통신대학교 대학본부,29263364,전담GATE 대학로점,"서비스,산업 > 식품 > 담배 > 전자담배",37.5832044131478,127.00028869918,http://place.map.kakao.com/29263364,한국방송통신대학교 대학본부 게이트
8135259,한국방송통신대학교 대학본부,370224713,종묘 북신문,"여행 > 관광,명소 > 문화유적 > 문",37.57690455042833,126.99481517317888,http://place.map.kakao.com/370224713,한국방송통신대학교 대학본부 게이트
8135259,한국방송통신대학교 대학본부,900488651,광장시장 동문,"교통,수송 > 입출구",37.5703778448469,127.001729634064,http://place.map.kakao.com/900488651,한국방송통신대학교 대학본부 게이트
8135259,한국방송통신대학교 대학본부,2009442075,서울대학교병원 후문,"교통,수송 > 입출구",37.5799644239191,127.001969861978,http://place.map.kakao.com/2009442075,한국방송통신대학교 대학본부 게이트
8135259,한국방송통신대학교 대학본부,1970014839,동묘문,음식점 > 중식,37.571690583235714,127.01478138610085,http://place.map.kakao.com/1970014839,한국방송통신대학교 대학본부 게이트
8135259,한국방송통신대학교 대학본부,17578525,창경궁 함양문,"여행 > 관광,명소 > 문화유적 > 문",37.5795236515318,126.99308061756884,http://place.map.kakao.com/17578525,한국방송통신대학교 대학본부 게이트
8135259,한국방송통신대학교 대학본부,8023892,종묘 외대문,"여행 > 관광,명소 > 문화유적 > 문",37.5721292686522,126.994598162936,http://place.map.kakao.com/8023892,한국방송통신대학교 대학본부 게이트
8135259,한국방송통신대학교 대학본부,7873647,창경궁 명정문,"여행 > 관광,명소 > 문화유적 > 문",37.5788435264443,126.995725237171,http://place.map.kakao.com/7873647,한국방송통신대학교 대학본부 게이트
8135259,한국방송통신대학교 대학본부,26396794,서울대학교병원 정문,"교통,수송 > 입출구",37.5770596068084,126.997405317092,http://place.map.kakao.com/26396794,한국방송통신대학교 대학본부 게이트
8135259,한국방송통신대학교 대학본부,15295317,아트포럼뉴게이트,"문화,예술 > 문화시설 > 미술관",37.5828908675135,127.000258129949,http://place.map.kakao.com/15295317,한국방송통신대학교 대학본부 게이트
8135259,한국방송통신대학교 대학본부,1123186505,프린트카페 성균관대정문점,"서비스,산업 > 인쇄,복사",37.5836981442457,126.998206656779,http://place.map.kakao.com/1123186505,한국방송통신대학교 대학본부 게이트
8135259,한국방송통신대학교 대학본부,7945154,창경궁 선인문,"여행 > 관광,명소 > 문화유적 > 문",37.5778128202593,126.996694349734,http://place.map.kakao.com/7945154,한국방송통신대학교 대학본부 게이트
8135259,한국방송통신대학교 대학본부,942123983,광장시장 서문,"교통,수송 > 입출구",37.570161603164,126.998089257945,http://place.map.kakao.com/942123983,한국방송통신대학교 대학본부 게이트
8135259,한국방송통신대학교 대학본부,285654126,판타게이트,"서비스,산업 > 인터넷,IT > 소프트웨어",37.582660671266495,127.01022893379177,http://place.map.kakao.com/285654126,한국방송통신대학교 대학본부 게이트
8135259,한국방송통신대학교 대학본부,8233299,창경궁 과학의문,"여행 > 관광,명소 > 문화유적 > 문",37.5822348900427,126.996413383759,http://place.map.kakao.com/8233299,한국방송통신대학교 대학본부 게이트
8135259,한국방송통신대학교 대학본부,27254919,광장시장 북2문,"교통,수송 > 입출구",37.5707238387684,127.000475425175,http://place.map.kakao.com/27254919,한국방송통신대학교 대학본부 게이트
8135259,한국방송통신대학교 대학본부,8234642,광화문,"여행 > 관광,명소 > 문화유적 > 문",37.57596445980707,126.97685309595215,http://place.map.kakao.com/8234642,한국방송통신대학교 대학본부 게이트
8135259,한국방송통신대학교 대학본부,27425368,서울효제초등학교 후문,"교통,수송 > 입출구",37.5732718145745,127.003047352795,http://place.map.kakao.com/27425368,한국방송통신대학교 대학본부 게이트
8135259,한국방송통신대학교 대학본부,1421090993,영춘문,"여행 > 관광,명소 > 문화유적 > 문",37.5825744449154,126.99358753578,http://place.map.kakao.com/1421090993,한국방송통신대학교 대학본부 게이트
8135259,한국방송통신대학교 대학본부,687079444,한성대학교 남문,"교통,수송 > 입출구",37.5811424451233,127.010811769121,http://place.map.kakao.com/687079444,한국방송통신대학교 대학본부 게이트
8135259,한국방송통신대학교 대학본부,8194106,광희문,"여행 > 관광,명소 > 문화유적 > 문",37.564391218075,127.00999666591,http://place.map.kakao.com/8194106,한국방송통신대학교 대학본부 게이트
8135259,한국방송통신대학교 대학본부,1162075277,현대계동사옥 서문주차장,"교통,수송 > 교통시설 > 주차장",37.57885010693023,126.98709986053191,http://place.map.kakao.com/1162075277,한국방송통신대학교 대학본부 게이트
8135259,한국방송통신대학교 대학본부,17808103,창덕궁 진선문,"여행 > 관광,명소 > 문화유적 > 문",37.5785224636321,126.990449749908,http://place.map.kakao.com/17808103,한국방송통신대학교 대학본부 게이트
8135259,한국방송통신대학교 대학본부,8016331,오간수문지,"여행 > 관광,명소 > 문화유적 > 유적지",37.5697899771194,127.010092471263,http://place.map.kakao.com/8016331,한국방송통신대학교 대학본부 게이트
8135259,한국방송통신대학교 대학본부,18093911,성균관대학교 후문,"교통,수송 > 입출구",37.5892983133587,126.990086054512,http://place.map.kakao.com/18093911,한국방송통신대학교 대학본부 게이트
8135259,한국방송통신대학교 대학본부,282772327,패션게이트,"서비스,산업 > 제조업 > 섬유",37.5708190679478,127.008091293989,http://place.map.kakao.com/282772327,한국방송통신대학교 대학본부 게이트
8135259,한국방송통신대학교 대학본부,8206208,창덕궁 단봉문,"여행 > 관광,명소 > 문화유적 > 문",37.5776971876942,126.990889098571,http://place.map.kakao.com/8206208,한국방송통신대학교 대학본부 게이트
8135259,한국방송통신대학교 대학본부,257766416,광장시장 북문,"교통,수송 > 입출구",37.5706355397427,126.999241584545,http://place.map.kakao.com/257766416,한국방송통신대학교 대학본부 게이트
8135259,한국방송통신대학교 대학본부,18983409,창경궁 집춘문,"여행 > 관광,명소 > 문화유적 > 문",37.5841341432093,126.995253952889,http://place.map.kakao.com/18983409,한국방송통신대학교 대학본부 게이트
8135259,한국방송통신대학교 대학본부,1627522015,삼선푸르지오아파트 정문,"교통,수송 > 입출구",37.5843479206725,127.013344899129,http://place.map.kakao.com/1627522015,한국방송통신대학교 대학본부 게이트
8135259,한국방송통신대학교 대학본부,8050056,창덕궁 인정문,"여행 > 관광,명소 > 문화유적 > 문",37.5788252526801,126.99115613373,http://place.map.kakao.com/8050056,한국방송통신대학교 대학본부 게이트
8135259,한국방송통신대학교 대학본부,985241536,글라스타안경 성균관대정문앞점,"가정,생활 > 패션 > 패션잡화점 > 안경,렌즈",37.5847216574716,126.997395993763,http://place.map.kakao.com/985241536,한국방송통신대학교 대학본부 게이트
8135259,한국방송통신대학교 대학본부,391618469,광장시장 남1문,"교통,수송 > 입출구",37.5698012117878,127.001430785735,http://place.map.kakao.com/391618469,한국방송통신대학교 대학본부 게이트
8135259,한국방송통신대학교 대학본부,27454923,골드게이트빌딩,부동산 > 빌딩,37.5709580479512,126.99654523291,http://place.map.kakao.com/27454923,한국방송통신대학교 대학본부 게이트
8135259,한국방송통신대학교 대학본부,966544243,중부시장 1문,"교통,수송 > 입출구",37.5666261112491,127.000303349922,http://place.map.kakao.com/966544243,한국방송통신대학교 대학본부 게이트
8135259,한국방송통신대학교 대학본부,17572472,조계사 일주문,"여행 > 관광,명소 > 문화유적 > 문",37.5738688353359,126.982621347179,http://place.map.kakao.com/17572472,한국방송통신대학교 대학본부 게이트
8135259,한국방송통신대학교 대학본부,11050208,창덕궁 불로문,"여행 > 관광,명소 > 문화유적 > 문",37.582634794864056,126.99328864431902,http://place.map.kakao.com/11050208,한국방송통신대학교 대학본부 게이트
8135259,한국방송통신대학교 대학본부,18984077,창경궁 빈양문,"여행 > 관광,명소 > 문화유적",37.5787317573772,126.994606742671,http://place.map.kakao.com/18984077,한국방송통신대학교 대학본부 게이트
8135259,한국방송통신대학교 대학본부,1305579219,광장시장 남2문,"교통,수송 > 입출구",37.5696174168277,127.000362223347,http://place.map.kakao.com/1305579219,한국방송통신대학교 대학본부 게이트
8135259,한국방송통신대학교 대학본부,425186218,종로센트레빌아파트 정문,"교통,수송 > 입출구",37.5797236801173,127.016084890104,http://place.map.kakao.com/425186218,한국방송통신대학교 대학본부 게이트
8135259,한국방송통신대학교 대학본부,1146029540,보문파크뷰자이아파트 정문,"교통,수송 > 입출구",37.5806766804553,127.017833081235,http://place.map.kakao.com/1146029540,한국방송통신대학교 대학본부 gate
8135259,한국방송통신대학교 대학본부,1471031688,중부건어물시장 7문,"교통,수송 > 입출구",37.5655151644709,127.00212228603,http://place.map.kakao.com/1471031688,한국방송통신대학교 대학본부 gate
8135259,한국방송통신대학교 대학본부,792285301,광장시장 남3문,"교통,수송 > 입출구",37.5694228006309,126.999361583013,http://place.map.kakao.com/792285301,한국방송통신대학교 대학본부 gate
8135259,한국방송통신대학교 대학본부,1876556792,광장시장 북1문,"교통,수송 > 입출구",37.5706202227402,126.999228001142,http://place.map.kakao.com/1876556792,한국방송통신대학교 대학본부 gate
8135259,한국방송통신대학교 대학본부,24582622,삼일교 진출입 계단 7번,"교통,수송 > 입출구",37.5682075854278,126.987376754328,http://place.map.kakao.com/24582622,한국방송통신대학교 대학본부 gate
8135259,한국방송통신대학교 대학본부,457781282,경신고등학교 후문,"교통,수송 > 입출구",37.5913322557512,127.001791261831,http://place.map.kakao.com/457781282,한국방송통신대학교 대학본부 gate
8135259,한국방송통신대학교 대학본부,424760688,종로센트레빌아파트 후문,"교통,수송 > 입출구",37.5816582150576,127.015323382653,http://place.map.kakao.com/424760688,한국방송통신대학교 대학본부 gate
8135259,한국방송통신대학교 대학본부,172805003,보문파크뷰자이아파트 후문,"교통,수송 > 입출구",37.5801502863029,127.019196012975,http://place.map.kakao.com/172805003,한국방송통신대학교 대학본부 gate
8135259,한국방송통신대학교 대학본부,1181142078,e편한세상보문1단지아파트 후문,"교통,수송 > 입출구",37.58357449693901,127.0163030931668,http://place.map.kakao.com/1181142078,한국방송통신대학교 대학본부 gate
8135259,한국방송통신대학교 대학본부,1183593067,NPD현대계동사옥주차장 서문,"교통,수송 > 입출구",37.5782950752746,126.986924483996,http://place.map.kakao.com/1183593067,한국방송통신대학교 대학본부 gate
8135259,한국방송통신대학교 대학본부,1375963086,탑골공원 북문,"교통,수송 > 입출구",37.571860290611234,126.98804740311353,http://place.map.kakao.com/1375963086,한국방송통신대학교 대학본부 gate
8135259,한국방송통신대학교 대학본부,1383518559,서울동구고등학교 후문,"교통,수송 > 입출구",37.5931465730501,127.008333759244,http://place.map.kakao.com/1383518559,한국방송통신대학교 대학본부 gate
8135259,한국방송통신대학교 대학본부,1364021540,경신중학교 후문,"교통,수송 > 입출구",37.5913241458011,127.001856933682,http://place.map.kakao.com/1364021540,한국방송통신대학교 대학본부 gate
8135259,한국방송통신대학교 대학본부,1148185088,성신여자대학교 돈암수정캠퍼스 중문,"교통,수송 > 입출구",37.590898620551144,127.02212455934625,http://place.map.kakao.com/1148185088,한국방송통신대학교 대학본부 gate
8135259,한국방송통신대학교 대학본부,184118906,노보텔 앰배서더 서울 동대문 호텔&레지던스 후문,"교통,수송 > 입출구",37.5662404065958,127.00431252702,http://place.map.kakao.com/184118906,한국방송통신대학교 대학본부 gate
8135259,한국방송통신대학교 대학본부,526594387,서울재동초등학교 정문,"교통,수송 > 입출구",37.5798626506945,126.985599649314,http://place.map.kakao.com/526594387,한국방송통신대학교 대학본부 gate
8135259,한국방송통신대학교 대학본부,24582623,장통교 진출입 계단 8번,"교통,수송 > 입출구",37.5682434489874,126.985823744215,http://place.map.kakao.com/24582623,한국방송통신대학교 대학본부 gate
8135259,한국방송통신대학교 대학본부,1358559046,홍익대학교사범대학 부속고등학교 후문,"교통,수송 > 입출구",37.5950289781094,127.003791050107,http://place.map.kakao.com/1358559046,한국방송통신대학교 대학본부 gate
8135259,한국방송통신대학교 대학본부,1732716971,동국대학교 서울캠퍼스 후문,"교통,수송 > 입출구",37.56071287063473,126.99936392096474,http://place.map.kakao.com/1732716971,한국방송통신대학교 대학본부 gate
8135259,한국방송통신대학교 대학본부,2095650008,국립민속박물관 정문,"교통,수송 > 입출구",37.579630169106,126.979359561587,http://place.map.kakao.com/2095650008,한국방송통신대학교 대학본부 gate
8135259,한국방송통신대학교 대학본부,24582617,청계광장 진출입 경사로2번,"교통,수송 > 입출구",37.5691288374739,126.978040353196,http://place.map.kakao.com/24582617,한국방송통신대학교 대학본부 gate
8135259,한국방송통신대학교 대학본부,643837681,동대문디자인플라자 동문,"교통,수송 > 입출구",37.5679049904524,127.011242249721,http://place.map.kakao.com/643837681,한국방송통신대학교 대학본부 gate
8135259,한국방송통신대학교 대학본부,24582621,광교 진출입 계단 6번,"교통,수송 > 입출구",37.5687548570305,126.983107003547,http://place.map.kakao.com/24582621,한국방송통신대학교 대학본부 gate
8135259,한국방송통신대학교 대학본부,24582618,광통교 진출입 계단 3번,"교통,수송 > 입출구",37.5690501205507,126.981359222493,http://place.map.kakao.com/24582618,한국방송통신대학교 대학본부 gate
8135259,한국방송통신대학교 대학본부,1545173796,서울풍물시장 후문,"교통,수송 > 입출구",37.5733808957001,127.025162205112,http://place.map.kakao.com/1545173796,한국방송통신대학교 대학본부 gate
8135259,한국방송통신대학교 대학본부,1203810267,래미안엘리니티아파트 정문,"교통,수송 > 입출구",37.57888533553471,127.02798861744166,http://place.map.kakao.com/1203810267,한국방송통신대학교 대학본부 gate
8135259,한국방송통신대학교 대학본부,1121088682,중앙중학교 후문,"교통,수송 > 입출구",37.5861759383013,126.985820344138,http://place.map.kakao.com/1121088682,한국방송통신대학교 대학본부 gate
8135259,한국방송통신대학교 대학본부,861787992,명동성당 가톨릭회관 후문,"교통,수송 > 입출구",37.5641430857663,126.986415354827,http://place.map.kakao.com/861787992,한국방송통신대학교 대학본부 gate
8135259,한국방송통신대학교 대학본부,1629922481,한신한진아파트 후문,"교통,수송 > 입출구",37.5950462803216,127.013556291008,http://place.map.kakao.com/1629922481,한국방송통신대학교 대학본부 gate
8135259,한국방송통신대학교 대학본부,27337727,고려대학교 서울캠퍼스 정문,"교통,수송 > 입출구",37.58815247199953,127.03424727911144,http://place.map.kakao.com/27337727,한국방송통신대학교 대학본부 gate
12552760,한국방송통신대학교 서울지역대학,10617590,타임게이트,"서비스,산업 > 인터넷,IT > 소프트웨어",37.547959125384,127.046441698518,http://place.map.kakao.com/10617590,한국방송통신대학교 서울지역대학 게이트
12552760,한국방송통신대학교 서울지역대학,9106541,애드게이트,"서비스,산업 > 마케팅 > 광고기획,광고대행",37.55001165133345,127.05069798085641,http://place.map.kakao.com/9106541,한국방송통신대학교 서울지역대학 게이트
12552760,한국방송통신대학교 서울지역대학,689197429,한양대학교 후문,"교통,수송 > 입출구",37.5558504729312,127.049864448928,http://place.map.kakao.com/689197429,한국방송통신대학교 서울지역대학 게이트
12552760,한국방송통신대학교 서울지역대학,684755187,한양대학교 서울캠퍼스 정문,"교통,수송 > 입출구",37.5579753193835,127.042173212423,http://place.map.kakao.com/684755187,한국방송통신대학교 서울지역대학 게이트
12552760,한국방송통신대학교 서울지역대학,1424741564,한진타운아파트 후문,"교통,수송 > 입출구",37.5406790939421,127.046333083748,http://place.map.kakao.com/1424741564,한국방송통신대학교 서울지역대학 게이트
12552760,한국방송통신대학교 서울지역대학,654829038,라체르보푸르지오써밋아파트 정문,"교통,수송 > 입출구",37.5561460880762,127.037441491242,http://place.map.kakao.com/654829038,한국방송통신대학교 서울지역대학 게이트
12552760,한국방송통신대학교 서울지역대학,1219400889,강변건영아파트 후문,"교통,수송 > 입출구",37.5406070175178,127.046323987074,http://place.map.kakao.com/1219400889,한국방송통신대학교 서울지역대학 게이트
12552760,한국방송통신대학교 서울지역대학,2066627065,대림강변타운아파트 후문,"교통,수송 > 입출구",37.5542697307081,127.036090415634,http://place.map.kakao.com/2066627065,한국방송통신대학교 서울지역대학 게이트
12552760,한국방송통신대학교 서울지역대학,22544631,후문약국,"의료,건강 > 약국",37.5598145069505,127.041460083507,http://place.map.kakao.com/22544631,한국방송통신대학교 서울지역대학 게이트
12552760,한국방송통신대학교 서울지역대학,639896591,서울숲리버그린동아아파트 정문,"교통,수송 > 입출구",37.5534448073696,127.037723065612,http://place.map.kakao.com/639896591,한국방송통신대학교 서울지역대학 게이트
12552760,한국방송통신대학교 서울지역대학,1375822961,대림강변타운아파트 정문,"교통,수송 > 입출구",37.552224610015,127.035614121824,http://place.map.kakao.com/1375822961,한국방송통신대학교 서울지역대학 게이트
12552760,한국방송통신대학교 서울지역대학,995645242,성수아이파크아파트 후문,"교통,수송 > 입출구",37.5472199668664,127.055571061964,http://place.map.kakao.com/995645242,한국방송통신대학교 서울지역대학 게이트
12552760,한국방송통신대학교 서울지역대학,1692680655,서울숲리버뷰자이아파트 정문,"교통,수송 > 입출구",37.5564115327555,127.038528102235,http://place.map.kakao.com/1692680655,한국방송통신대학교 서울지역대학 게이트
12552760,한국방송통신대학교 서울지역대학,1483993845,서울숲아이파크리버포레2차아파트 정문,"교통,수송 > 입출구",37.5491760191708,127.042605066776,http://place.map.kakao.com/1483993845,한국방송통신대학교 서울지역대학 게이트
12552760,한국방송통신대학교 서울지역대학,521526784,서울응봉초등학교 정문,"교통,수송 > 입출구",37.5506665608854,127.03329121159,http://place.map.kakao.com/521526784,한국방송통신대학교 서울지역대학 게이트
12552760,한국방송통신대학교 서울지역대학,1174388774,서울숲한신더휴아파트 남문,"교통,수송 > 입출구",37.5538874370605,127.036965043061,http://place.map.kakao.com/1174388774,한국방송통신대학교 서울지역대학 게이트
12552760,한국방송통신대학교 서울지역대학,1819173689,응봉 리버그린동아아파트 후문,"교통,수송 > 입출구",37.5524423644748,127.036553526556,http://place.map.kakao.com/1819173689,한국방송통신대학교 서울지역대학 게이트
12552760,한국방송통신대학교 서울지역대학,301526074,대림1차아파트 후문,"교통,수송 > 입출구",37.5508287946544,127.03309890092,http://place.map.kakao.com/301526074,한국방송통신대학교 서울지역대학 게이트
12552760,한국방송통신대학교 서울지역대학,1398823073,전담 GATE 한양대점,"서비스,산업 > 식품 > 담배",37.5600606630786,127.040932799571,http://place.map.kakao.com/1398823073,한국방송통신대학교 서울지역대학 게이트
12552760,한국방송통신대학교 서울지역대학,814359521,게이트NO.5PC,"가정,생활 > 여가시설 > 게임방,PC방",37.539730276367,127.070202532858,http://place.map.kakao.com/814359521,한국방송통신대학교 서울지역대학 게이트
12552760,한국방송통신대학교 서울지역대학,23479460,게이트맨프라자 성동광진대리점,"서비스,산업 > 제조업 > 전기,전자 > 보안제품",37.5380613125266,127.057442505785,http://place.map.kakao.com/23479460,한국방송통신대학교 서울지역대학 게이트
12552760,한국방송통신대학교 서울지역대학,1279197753,서울숲한신더휴 정문,"교통,수송 > 입출구",37.5549998288837,127.035128799974,http://place.map.kakao.com/1279197753,한국방송통신대학교 서울지역대학 게이트
12552760,한국방송통신대학교 서울지역대학,1123008334,프린트카페 한양대후문점,"서비스,산업 > 인쇄,복사",37.5606327417138,127.041089302586,http://place.map.kakao.com/1123008334,한국방송통신대학교 서울지역대학 게이트
12552760,한국방송통신대학교 서울지역대학,991230654,성수아이파크아파트 정문,"교통,수송 > 입출구",37.5472783847373,127.057755112499,http://place.map.kakao.com/991230654,한국방송통신대학교 서울지역대학 게이트
12552760,한국방송통신대학교 서울지역대학,1515873758,서울숲삼부아파트 정문,"교통,수송 > 입출구",37.5594996797258,127.03718851545,http://place.map.kakao.com/1515873758,한국방송통신대학교 서울지역대학 게이트
12552760,한국방송통신대학교 서울지역대학,1636304013,카페게이트 건대점,음식점 > 카페 > 커피전문점 > 카페게이트,37.54215941283479,127.06859916585078,http://place.map.kakao.com/1636304013,한국방송통신대학교 서울지역대학 게이트
12552760,한국방송통신대학교 서울지역대학,1890494262,전담게이트 건대점,"서비스,산업 > 식품 > 담배 > 전자담배",37.5411258516614,127.068796234353,http://place.map.kakao.com/1890494262,한국방송통신대학교 서울지역대학 게이트
12552760,한국방송통신대학교 서울지역대학,112439353,서울숲행당푸르지오아파트 후문,"교통,수송 > 입출구",37.5546223214793,127.031917930117,http://place.map.kakao.com/112439353,한국방송통신대학교 서울지역대학 게이트
12552760,한국방송통신대학교 서울지역대학,194081591,세종대학교 정문,"교통,수송 > 입출구",37.5491013244794,127.074995883714,http://place.map.kakao.com/194081591,한국방송통신대학교 서울지역대학 게이트
12552760,한국방송통신대학교 서울지역대학,323552868,힐스테이트서울숲리버아파트 정문,"교통,수송 > 입출구",37.5479020546194,127.027204132604,http://place.map.kakao.com/323552868,한국방송통신대학교 서울지역대학 게이트
12552760,한국방송통신대학교 서울지역대학,603693434,서울교통공사 군자차량사업소 정문,"교통,수송 > 입출구",37.5589236549712,127.054223873112,http://place.map.kakao.com/603693434,한국방송통신대학교 서울지역대학 게이트
12552760,한국방송통신대학교 서울지역대학,20576850,마장축산물시장서문 공영주차장,"교통,수송 > 교통시설 > 주차장 > 공영주차장",37.5704040774208,127.03831004887,http://place.map.kakao.com/20576850,한국방송통신대학교 서울지역대학 게이트
12552760,한국방송통신대학교 서울지역대학,1748356008,신현대아파트 정문,"교통,수송 > 입출구",37.5263557744427,127.026123839804,http://place.map.kakao.com/1748356008,한국방송통신대학교 서울지역대학 게이트
12552760,한국방송통신대학교 서울지역대학,1141766017,게이트 압구정어학학원,"교육,학문 > 학원 > 어학원 > 영어학원",37.5274397574638,127.029613178754,http://place.map.kakao.com/1141766017,한국방송통신대학교 서울지역대학 게이트
12552760,한국방송통신대학교 서울지역대학,1499353037,래미안하이리버아파트 정문,"교통,수송 > 입출구",37.5522077363053,127.023919285544,http://place.map.kakao.com/1499353037,한국방송통신대학교 서울지역대학 게이트
12552760,한국방송통신대학교 서울지역대학,1486621466,무학교회 정문,"교통,수송 > 입출구",37.5583414586086,127.032578210854,http://place.map.kakao.com/1486621466,한국방송통신대학교 서울지역대학 게이트
12552760,한국방송통신대학교 서울지역대학,18164729,서울어린이대공원 정문,"교통,수송 > 입출구",37.54938520021207,127.07630660918782,http://place.map.kakao.com/18164729,한국방송통신대학교 서울지역대학 게이트
12552760,한국방송통신대학교 서울지역대학,17556824,서울어린이대공원 정문주차장,"교통,수송 > 교통시설 > 주차장",37.55070938662453,127.0767402539164,http://place.map.kakao.com/17556824,한국방송통신대학교 서울지역대학 게이트
12552760,한국방송통신대학교 서울지역대학,631134757,서울숲1차푸르지오아파트 정문,"교통,수송 > 입출구",37.5449007007775,127.023602373129,http://place.map.kakao.com/631134757,한국방송통신대학교 서울지역대학 게이트
12552760,한국방송통신대학교 서울지역대학,1809475156,마장축산물시장 북문 임시공영주차장,"교통,수송 > 교통시설 > 주차장 > 공영주차장",37.5711166059714,127.041447104299,http://place.map.kakao.com/1809475156,한국방송통신대학교 서울지역대학 게이트
12552760,한국방송통신대학교 서울지역대학,18377004,게이트프렙스어학원,"교육,학문 > 학원 > 어학원",37.52320919865963,127.03099049591592,http://place.map.kakao.com/18377004,한국방송통신대학교 서울지역대학 게이트
12552760,한국방송통신대학교 서울지역대학,2114487982,카페게이트 답십리간데메공원점,음식점 > 카페 > 커피전문점 > 카페게이트,37.5733127448865,127.047521521749,http://place.map.kakao.com/2114487982,한국방송통신대학교 서울지역대학 게이트
12552760,한국방송통신대학교 서울지역대학,1752251352,청담고등학교 정문,"교통,수송 > 입출구",37.5276589428385,127.043403977889,http://place.map.kakao.com/1752251352,한국방송통신대학교 서울지역대학 게이트
12552760,한국방송통신대학교 서울지역대학,899785535,마장축산물시장 서문입구,"교통,수송 > 입출구",37.5700600610958,127.037801625054,http://place.map.kakao.com/899785535,한국방송통신대학교 서울지역대학 게이트
12552760,한국방송통신대학교 서울지역대학,1775918078,롯데캐슬리버파크시그니처 후문,"교통,수송 > 입출구",37.538173679262734,127.06323799314842,http://place.map.kakao.com/1775918078,한국방송통신대학교 서울지역대학 게이트
12552760,한국방송통신대학교 서울지역대학,1141756917,롯데캐슬리버파크시그니처아파트 정문,"교통,수송 > 입출구",37.5370586928434,127.062388459984,http://place.map.kakao.com/1141756917,한국방송통신대학교 서울지역대학 gate
12552760,한국방송통신대학교 서울지역대학,1826336085,e편한세상금호파크힐스아파트 후문,"교통,수송 > 입출구",37.5555369554185,127.023760774984,http://place.map.kakao.com/1826336085,한국방송통신대학교 서울지역대학 gate
12552760,한국방송통신대학교 서울지역대학,1438953937,힐스테이트서울숲리버아파트 후문,"교통,수송 > 입출구",37.5464428524132,127.025334203391,http://place.map.kakao.com/1438953937,한국방송통신대학교 서울지역대학 gate
12552760,한국방송통신대학교 서울지역대학,1263466475,더샵스타시티아파트 정문,"교통,수송 > 입출구",37.537866186888685,127.07157099251276,http://place.map.kakao.com/1263466475,한국방송통신대학교 서울지역대학 gate
12552760,한국방송통신대학교 서울지역대학,2009163228,금호삼성래미안아파트 정문,"교통,수송 > 입출구",37.5498932058806,127.027444765972,http://place.map.kakao.com/2009163228,한국방송통신대학교 서울지역대학 gate
12552760,한국방송통신대학교 서울지역대학,1739512216,래미안신당하이베르아파트 정문,"교통,수송 > 입출구",37.5621042631076,127.024058269235,http://place.map.kakao.com/1739512216,한국방송통신대학교 서울지역대학 gate
12552760,한국방송통신대학교 서울지역대학,6119459,마장축산물시장 북문,"교통,수송 > 입출구",37.570651453347,127.042122628762,http://place.map.kakao.com/6119459,한국방송통신대학교 서울지역대학 gate
12552760,한국방송통신대학교 서울지역대학,570270766,답십리파크자이아파트 정문,"교통,수송 > 입출구",37.568073903102,127.058562380385,http://place.map.kakao.com/570270766,한국방송통신대학교 서울지역대학 gate
12552760,한국방송통신대학교 서울지역대학,2088949799,신금호파크자이아파트 정문,"교통,수송 > 입출구",37.5560890956405,127.019805507555,http://place.map.kakao.com/2088949799,한국방송통신대학교 서울지역대학 gate
12552760,한국방송통신대학교 서울지역대학,1897345800,무학교회 후문,"교통,수송 > 입출구",37.5592127148871,127.032606884949,http://place.map.kakao.com/1897345800,한국방송통신대학교 서울지역대학 gate
12552760,한국방송통신대학교 서울지역대학,1886763404,왕십리자이아파트 정문,"교통,수송 > 입출구",37.5606410601841,127.023980835521,http://place.map.kakao.com/1886763404,한국방송통신대학교 서울지역대학 gate
12552760,한국방송통신대학교 서울지역대학,823361160,청담고등학교 후문,"교통,수송 > 입출구",37.5280012141456,127.04370058171,http://place.map.kakao.com/823361160,한국방송통신대학교 서울지역대학 gate
12552760,한국방송통신대학교 서울지역대학,138220039,롯데캐슬리버파크시그니처아파트 후문 (입주민전용),"교통,수송 > 입출구",37.5381799862609,127.063237998475,http://place.map.kakao.com/138220039,한국방송통신대학교 서울지역대학 gate
12552760,한국방송통신대학교 서울지역대학,913367635,신당삼성아파트 후문,"교통,수송 > 입출구",37.5583552829621,127.018708283132,http://place.map.kakao.com/913367635,한국방송통신대학교 서울지역대학 gate
12552760,한국방송통신대학교 서울지역대학,2023295243,신당현대아파트 동문,"교통,수송 > 입출구",37.560647489717475,127.02336965898493,http://place.map.kakao.com/2023295243,한국방송통신대학교 서울지역대학 gate
17010755,한국성서대학교,1251589918,상계한양아파트 후문,"교통,수송 > 입출구",37.6505178798149,127.067283378876,http://place.map.kakao.com/1251589918,한국성서대학교 게이트
17010755,한국성서대학교,711555234,카페게이트 노원역로데오점,음식점 > 카페 > 커피전문점 > 카페게이트,37.65650342891195,127.06175164447995,http://place.map.kakao.com/711555234,한국성서대학교 게이트
17010755,한국성서대학교,27383628,신상중학교 후문,"교통,수송 > 입출구",37.651882060063,127.06387595829,http://place.map.kakao.com/27383628,한국성서대학교 게이트
17010755,한국성서대학교,1680060488,청구3차아파트 정문,"교통,수송 > 입출구",37.6502398391099,127.074190934091,http://place.map.kakao.com/1680060488,한국성서대학교 게이트
17010755,한국성서대학교,2035287725,학여울청구아파트 정문,"교통,수송 > 입출구",37.6370938295044,127.061197416303,http://place.map.kakao.com/2035287725,한국성서대학교 게이트
17010755,한국성서대학교,1787699212,롯데우성아파트 후문,"교통,수송 > 입출구",37.6475868385148,127.072101069678,http://place.map.kakao.com/1787699212,한국성서대학교 게이트
17010755,한국성서대학교,1174790548,진로대림아파트 정문,"교통,수송 > 입출구",37.6489340274122,127.081455395469,http://place.map.kakao.com/1174790548,한국성서대학교 게이트
17010755,한국성서대학교,1174844833,한신동성아파트 정문,"교통,수송 > 입출구",37.6410215830963,127.076064862131,http://place.map.kakao.com/1174844833,한국성서대학교 게이트
17010755,한국성서대학교,1617797883,서울상천초등학교 정문,"교통,수송 > 입출구",37.6454320767243,127.058357916155,http://place.map.kakao.com/1617797883,한국성서대학교 게이트
17010755,한국성서대학교,2128528364,롯데백화점 노원점 후문 주차장,"교통,수송 > 교통시설 > 주차장",37.6555307226181,127.061070888468,http://place.map.kakao.com/2128528364,한국성서대학교 게이트
17010755,한국성서대학교,8686751,후문약국,"의료,건강 > 약국",37.63588451240535,127.0696720404515,http://place.map.kakao.com/8686751,한국성서대학교 게이트
17010755,한국성서대학교,755252270,녹천역두산위브아파트 정문,"교통,수송 > 입출구",37.6409611551804,127.053142483339,http://place.map.kakao.com/755252270,한국성서대학교 게이트
17010755,한국성서대학교,1018314316,창동삼성아파트 후문,"교통,수송 > 입출구",37.6484649486757,127.048006757762,http://place.map.kakao.com/1018314316,한국성서대학교 게이트
17010755,한국성서대학교,1119197950,포레나노원아파트 정문,"교통,수송 > 입출구",37.6641123342902,127.061527870912,http://place.map.kakao.com/1119197950,한국성서대학교 게이트
17010755,한국성서대학교,1903971832,서울불암초등학교 정문,"교통,수송 > 입출구",37.6506807798671,127.080512233722,http://place.map.kakao.com/1903971832,한국성서대학교 게이트
17010755,한국성서대학교,19265047,공릉산백세문,"여행 > 관광,명소 > 문화유적 > 문",37.6280934199864,127.085184591964,http://place.map.kakao.com/19265047,한국성서대학교 게이트
17010755,한국성서대학교,26396910,서울과학기술대학교 정문,"교통,수송 > 입출구",37.63022194847668,127.07672337790524,http://place.map.kakao.com/26396910,한국성서대학교 게이트
17010755,한국성서대학교,930020490,청솔아파트 정문,"교통,수송 > 입출구",37.6331971710845,127.070685752965,http://place.map.kakao.com/930020490,한국성서대학교 게이트
17010755,한국성서대학교,707354414,학여울청구아파트 후문,"교통,수송 > 입출구",37.6344915380365,127.063370509888,http://place.map.kakao.com/707354414,한국성서대학교 게이트
17010755,한국성서대학교,26804858,서울과학기술대학교 협동문,"교통,수송 > 입출구",37.6363709900495,127.075613734931,http://place.map.kakao.com/26804858,한국성서대학교 게이트
17010755,한국성서대학교,1726203970,서울불암초등학교 후문,"교통,수송 > 입출구",37.6512208953589,127.08120405975,http://place.map.kakao.com/1726203970,한국성서대학교 게이트
17010755,한국성서대학교,1230937497,보람아파트 후문,"교통,수송 > 입출구",37.66449620112298,127.06480140948213,http://place.map.kakao.com/1230937497,한국성서대학교 게이트
17010755,한국성서대학교,1104974730,중계주공6단지아파트 정문,"교통,수송 > 입출구",37.6481977652908,127.079039871748,http://place.map.kakao.com/1104974730,한국성서대학교 게이트
17010755,한국성서대학교,1119701255,포레나노원아파트 후문,"교통,수송 > 입출구",37.6630145198699,127.062327120119,http://place.map.kakao.com/1119701255,한국성서대학교 게이트
17010755,한국성서대학교,1174639988,진로대림아파트 후문,"교통,수송 > 입출구",37.6493680908476,127.081759555604,http://place.map.kakao.com/1174639988,한국성서대학교 게이트
17010755,한국성서대학교,959716545,한화꿈에그린아파트 후문,"교통,수송 > 입출구",37.6476773167511,127.082520299524,http://place.map.kakao.com/959716545,한국성서대학교 게이트
17010755,한국성서대학교,485832953,2게이트,"가정,생활 > 패션 > 의류판매 > 남성의류,양복",37.64711976930586,127.03527525475457,http://place.map.kakao.com/485832953,한국성서대학교 게이트
17010755,한국성서대학교,1208072303,상계한신3차아파트 정문,"교통,수송 > 입출구",37.6657220156019,127.067163359127,http://place.map.kakao.com/1208072303,한국성서대학교 게이트
17010755,한국성서대학교,1687246847,한신1차아파트 후문,"교통,수송 > 입출구",37.6659550711783,127.069237707918,http://place.map.kakao.com/1687246847,한국성서대학교 게이트
17010755,한국성서대학교,461458167,서울연지초등학교 후문,"교통,수송 > 입출구",37.6335379310116,127.060634839242,http://place.map.kakao.com/461458167,한국성서대학교 게이트
17010755,한국성서대학교,861854193,상계주공13단지아파트 정문,"교통,수송 > 입출구",37.6668627035508,127.063834390245,http://place.map.kakao.com/861854193,한국성서대학교 게이트
17010755,한국성서대학교,1956944050,월계센트럴아이파크아파트 정문,"교통,수송 > 입출구",37.6311013597156,127.057649987321,http://place.map.kakao.com/1956944050,한국성서대학교 게이트
17010755,한국성서대학교,1929538382,북한산아이파크아파트 동문,"교통,수송 > 입출구",37.6573351317112,127.045716446711,http://place.map.kakao.com/1929538382,한국성서대학교 게이트
17010755,한국성서대학교,143368071,현대1차아파트 정문,"교통,수송 > 입출구",37.6482615126803,127.084558331847,http://place.map.kakao.com/143368071,한국성서대학교 게이트
17010755,한국성서대학교,1675912587,게이트웨이잉글리시,"교육,학문 > 학원 > 어학원 > 영어학원",37.625776789897095,127.08163515535499,http://place.map.kakao.com/1675912587,한국성서대학교 게이트
17010755,한국성서대학교,1511530398,서울창원초등학교 후문,"교통,수송 > 입출구",37.6526922726884,127.041082180444,http://place.map.kakao.com/1511530398,한국성서대학교 게이트
17010755,한국성서대학교,26142475,외삼문,"여행 > 관광,명소 > 문화유적 > 문",37.6339334639578,127.051122008674,http://place.map.kakao.com/26142475,한국성서대학교 게이트
17010755,한국성서대학교,115212070,상계제일중학교 후문,"교통,수송 > 입출구",37.6616059287395,127.076694465488,http://place.map.kakao.com/115212070,한국성서대학교 게이트
17010755,한국성서대학교,1036931506,창동신도브래뉴1차아파트 후문,"교통,수송 > 입출구",37.6566796519777,127.044579376724,http://place.map.kakao.com/1036931506,한국성서대학교 게이트
17010755,한국성서대학교,68416093,롯데캐슬루나아파트 정문,"교통,수송 > 입출구",37.6263976521353,127.051038683306,http://place.map.kakao.com/68416093,한국성서대학교 게이트
17010755,한국성서대학교,449742034,상계역센트럴푸르지오 정문,"교통,수송 > 입출구",37.6650594175879,127.073824861083,http://place.map.kakao.com/449742034,한국성서대학교 게이트
17010755,한국성서대학교,1190131993,신창아파트 정문,"교통,수송 > 입출구",37.6405262147874,127.041041376157,http://place.map.kakao.com/1190131993,한국성서대학교 게이트
17010755,한국성서대학교,1594706095,초안2단지아파트 정문,"교통,수송 > 입출구",37.631079799881,127.042663108944,http://place.map.kakao.com/1594706095,한국성서대학교 게이트
17010755,한국성서대학교,780706201,게이트맨프라자 대성하우스,"가정,생활 > 생활용품점 > 열쇠,도장",37.66473735257278,127.03885263806416,http://place.map.kakao.com/780706201,한국성서대학교 게이트
17010755,한국성서대학교,555431356,대상타운현대아파트 북문,"교통,수송 > 입출구",37.665879916817,127.048283189459,http://place.map.kakao.com/555431356,한국성서대학교 게이트
17010755,한국성서대학교,1371112320,월계미성미륭삼호아파트 정문,"교통,수송 > 입출구",37.6230738871398,127.067263167198,http://place.map.kakao.com/1371112320,한국성서대학교 gate
17010755,한국성서대학교,115330624,북한산아이파크아파트 남문,"교통,수송 > 입출구",37.6564648710679,127.043089004808,http://place.map.kakao.com/115330624,한국성서대학교 gate
17010755,한국성서대학교,2010622185,대상타운현대아파트 남문,"교통,수송 > 입출구",37.6643662750807,127.048268608373,http://place.map.kakao.com/2010622185,한국성서대학교 gate
17010755,한국성서대학교,1345623283,한신초등학교 정문,"교통,수송 > 입출구",37.6524742938251,127.032188672231,http://place.map.kakao.com/1345623283,한국성서대학교 gate
17010755,한국성서대학교,26423405,롯데캐슬루나아파트 후문,"교통,수송 > 입출구",37.627635238328274,127.04979455253942,http://place.map.kakao.com/26423405,한국성서대학교 gate
17010755,한국성서대학교,1234529421,월계센트럴아이파크아파트 후문,"교통,수송 > 입출구",37.6296386933821,127.05654432143,http://place.map.kakao.com/1234529421,한국성서대학교 gate
17010755,한국성서대학교,361863857,공릉우성아파트 정문,"교통,수송 > 입출구",37.6289593672361,127.072933839338,http://place.map.kakao.com/361863857,한국성서대학교 gate
17010755,한국성서대학교,220646912,신도봉중학교 정문,"교통,수송 > 입출구",37.6487753542338,127.033637505474,http://place.map.kakao.com/220646912,한국성서대학교 gate
17010755,한국성서대학교,505664465,서울상원초등학교 후문,"교통,수송 > 입출구",37.6682486440748,127.059956931593,http://place.map.kakao.com/505664465,한국성서대 gate
26628690,한국예술종합학교 대학로캠퍼스,8028879,창경궁 월근문,"여행 > 관광,명소 > 문화유적 > 문",37.581402377964,126.996617206441,http://place.map.kakao.com/8028879,한국예술종합학교 게이트
26628690,한국예술종합학교 대학로캠퍼스,117042694,성균관대학교 인문사회과학캠퍼스 정문,"교통,수송 > 입출구",37.5850002309339,126.996838384994,http://place.map.kakao.com/117042694,한국예술종합학교 게이트
26628690,한국예술종합학교 대학로캠퍼스,18093911,성균관대학교 후문,"교통,수송 > 입출구",37.5892983133587,126.990086054512,http://place.map.kakao.com/18093911,한국예술종합학교 게이트
26628690,한국예술종합학교 대학로캠퍼스,17578525,창경궁 함양문,"여행 > 관광,명소 > 문화유적 > 문",37.5795236515318,126.99308061756884,http://place.map.kakao.com/17578525,한국예술종합학교 게이트
26628690,한국예술종합학교 대학로캠퍼스,29263364,전담GATE 대학로점,"서비스,산업 > 식품 > 담배 > 전자담배",37.5832044131478,127.00028869918,http://place.map.kakao.com/29263364,한국예술종합학교 게이트
26628690,한국예술종합학교 대학로캠퍼스,370224713,종묘 북신문,"여행 > 관광,명소 > 문화유적 > 문",37.57690455042833,126.99481517317888,http://place.map.kakao.com/370224713,한국예술종합학교 게이트
26628690,한국예술종합학교 대학로캠퍼스,8638884,흥인지문,"여행 > 관광,명소 > 문화유적 > 문",37.571141513487,127.009571946966,http://place.map.kakao.com/8638884,한국예술종합학교 게이트
26628690,한국예술종합학교 대학로캠퍼스,1162075277,현대계동사옥 서문주차장,"교통,수송 > 교통시설 > 주차장",37.57885010693023,126.98709986053191,http://place.map.kakao.com/1162075277,한국예술종합학교 게이트
26628690,한국예술종합학교 대학로캠퍼스,1123186505,프린트카페 성균관대정문점,"서비스,산업 > 인쇄,복사",37.5836981442457,126.998206656779,http://place.map.kakao.com/1123186505,한국예술종합학교 게이트
26628690,한국예술종합학교 대학로캠퍼스,7873647,창경궁 명정문,"여행 > 관광,명소 > 문화유적 > 문",37.5788435264443,126.995725237171,http://place.map.kakao.com/7873647,한국예술종합학교 게이트
26628690,한국예술종합학교 대학로캠퍼스,1850785358,골드게이트,"가정,생활 > 패션 > 보석,귀금속",37.57091930544608,126.99655542240869,http://place.map.kakao.com/1850785358,한국예술종합학교 게이트
26628690,한국예술종합학교 대학로캠퍼스,8234642,광화문,"여행 > 관광,명소 > 문화유적 > 문",37.57596445980707,126.97685309595215,http://place.map.kakao.com/8234642,한국예술종합학교 게이트
26628690,한국예술종합학교 대학로캠퍼스,8233299,창경궁 과학의문,"여행 > 관광,명소 > 문화유적 > 문",37.5822348900427,126.996413383759,http://place.map.kakao.com/8233299,한국예술종합학교 게이트
26628690,한국예술종합학교 대학로캠퍼스,1421090993,영춘문,"여행 > 관광,명소 > 문화유적 > 문",37.5825744449154,126.99358753578,http://place.map.kakao.com/1421090993,한국예술종합학교 게이트
26628690,한국예술종합학교 대학로캠퍼스,15295317,아트포럼뉴게이트,"문화,예술 > 문화시설 > 미술관",37.5828908675135,127.000258129949,http://place.map.kakao.com/15295317,한국예술종합학교 게이트
26628690,한국예술종합학교 대학로캠퍼스,26396794,서울대학교병원 정문,"교통,수송 > 입출구",37.5770596068084,126.997405317092,http://place.map.kakao.com/26396794,한국예술종합학교 게이트
26628690,한국예술종합학교 대학로캠퍼스,2009442075,서울대학교병원 후문,"교통,수송 > 입출구",37.5799644239191,127.001969861978,http://place.map.kakao.com/2009442075,한국예술종합학교 게이트
26628690,한국예술종합학교 대학로캠퍼스,17808103,창덕궁 진선문,"여행 > 관광,명소 > 문화유적 > 문",37.5785224636321,126.990449749908,http://place.map.kakao.com/17808103,한국예술종합학교 게이트
26628690,한국예술종합학교 대학로캠퍼스,7945154,창경궁 선인문,"여행 > 관광,명소 > 문화유적 > 문",37.5778128202593,126.996694349734,http://place.map.kakao.com/7945154,한국예술종합학교 게이트
26628690,한국예술종합학교 대학로캠퍼스,8023892,종묘 외대문,"여행 > 관광,명소 > 문화유적 > 문",37.5721292686522,126.994598162936,http://place.map.kakao.com/8023892,한국예술종합학교 게이트
26628690,한국예술종합학교 대학로캠퍼스,18983409,창경궁 집춘문,"여행 > 관광,명소 > 문화유적 > 문",37.5841341432093,126.995253952889,http://place.map.kakao.com/18983409,한국예술종합학교 게이트
26628690,한국예술종합학교 대학로캠퍼스,8050056,창덕궁 인정문,"여행 > 관광,명소 > 문화유적 > 문",37.5788252526801,126.99115613373,http://place.map.kakao.com/8050056,한국예술종합학교 게이트
26628690,한국예술종합학교 대학로캠퍼스,8206208,창덕궁 단봉문,"여행 > 관광,명소 > 문화유적 > 문",37.5776971876942,126.990889098571,http://place.map.kakao.com/8206208,한국예술종합학교 게이트
26628690,한국예술종합학교 대학로캠퍼스,17572472,조계사 일주문,"여행 > 관광,명소 > 문화유적 > 문",37.5738688353359,126.982621347179,http://place.map.kakao.com/17572472,한국예술종합학교 게이트
26628690,한국예술종합학교 대학로캠퍼스,11050208,창덕궁 불로문,"여행 > 관광,명소 > 문화유적 > 문",37.582634794864056,126.99328864431902,http://place.map.kakao.com/11050208,한국예술종합학교 게이트
26628690,한국예술종합학교 대학로캠퍼스,12898430,창덕궁 만월문,"여행 > 관광,명소 > 문화유적 > 문",37.5818382094205,126.991613159052,http://place.map.kakao.com/12898430,한국예술종합학교 게이트
26628690,한국예술종합학교 대학로캠퍼스,985241536,글라스타안경 성균관대정문앞점,"가정,생활 > 패션 > 패션잡화점 > 안경,렌즈",37.5847216574716,126.997395993763,http://place.map.kakao.com/985241536,한국예술종합학교 게이트
26628690,한국예술종합학교 대학로캠퍼스,12898409,창덕궁 어수문,"여행 > 관광,명소 > 문화유적 > 문",37.5818851396982,126.992804158405,http://place.map.kakao.com/12898409,한국예술종합학교 게이트
26628690,한국예술종합학교 대학로캠퍼스,344972428,동삼문,"여행 > 관광,명소 > 문화유적 > 문",37.5855316210062,126.996300006702,http://place.map.kakao.com/344972428,한국예술종합학교 게이트
26628690,한국예술종합학교 대학로캠퍼스,8183091,경추문,"여행 > 관광,명소 > 문화유적 > 문",37.5799711653591,126.989321988604,http://place.map.kakao.com/8183091,한국예술종합학교 게이트
26628690,한국예술종합학교 대학로캠퍼스,881642002,밤새출력 성균관대정문점,"서비스,산업 > 인쇄,복사",37.5852622496367,126.997232940319,http://place.map.kakao.com/881642002,한국예술종합학교 게이트
26628690,한국예술종합학교 대학로캠퍼스,8444002,신삼문,"여행 > 관광,명소 > 문화유적 > 문",37.5849558822356,126.996168702298,http://place.map.kakao.com/8444002,한국예술종합학교 게이트
26628690,한국예술종합학교 대학로캠퍼스,12898452,창덕궁 선정문,"여행 > 관광,명소 > 문화유적 > 문",37.5794415758525,126.991753807871,http://place.map.kakao.com/12898452,한국예술종합학교 게이트
26628690,한국예술종합학교 대학로캠퍼스,18984077,창경궁 빈양문,"여행 > 관광,명소 > 문화유적",37.5787317573772,126.994606742671,http://place.map.kakao.com/18984077,한국예술종합학교 게이트
26628690,한국예술종합학교 대학로캠퍼스,827946346,창덕궁 선평문,"여행 > 관광,명소 > 문화유적 > 문",37.5799173405964,126.992346977828,http://place.map.kakao.com/827946346,한국예술종합학교 게이트
26628690,한국예술종합학교 대학로캠퍼스,900488651,광장시장 동문,"교통,수송 > 입출구",37.5703778448469,127.001729634064,http://place.map.kakao.com/900488651,한국예술종합학교 게이트
26628690,한국예술종합학교 대학로캠퍼스,10615928,외삼문,"여행 > 관광,명소 > 문화유적 > 문",37.5838634097904,126.988805166075,http://place.map.kakao.com/10615928,한국예술종합학교 게이트
26628690,한국예술종합학교 대학로캠퍼스,942123983,광장시장 서문,"교통,수송 > 입출구",37.570161603164,126.998089257945,http://place.map.kakao.com/942123983,한국예술종합학교 게이트
26628690,한국예술종합학교 대학로캠퍼스,17933867,종묘 동문,"여행 > 관광,명소 > 문화유적 > 문",37.5756250453973,126.993013055985,http://place.map.kakao.com/17933867,한국예술종합학교 게이트
26628690,한국예술종합학교 대학로캠퍼스,14404922,성북더게이트힐즈,"부동산 > 주거시설 > 빌라,주택",37.59609865415127,126.98658166465263,http://place.map.kakao.com/14404922,한국예술종합학교 게이트
26628690,한국예술종합학교 대학로캠퍼스,1354371332,밤새출력 성균관대후문점,"서비스,산업 > 인쇄,복사",37.58794989163917,126.99649010088834,http://place.map.kakao.com/1354371332,한국예술종합학교 게이트
26628690,한국예술종합학교 대학로캠퍼스,285654126,판타게이트,"서비스,산업 > 인터넷,IT > 소프트웨어",37.582660671266495,127.01022893379177,http://place.map.kakao.com/285654126,한국예술종합학교 게이트
26628690,한국예술종합학교 대학로캠퍼스,10645258,영녕전 남신문,"여행 > 관광,명소 > 문화유적 > 문",37.5755637466618,126.992505908707,http://place.map.kakao.com/10645258,한국예술종합학교 게이트
26628690,한국예술종합학교 대학로캠퍼스,17933692,종묘 서문,"여행 > 관광,명소 > 문화유적 > 문",37.5759781895547,126.992279458327,http://place.map.kakao.com/17933692,한국예술종합학교 게이트
26628690,한국예술종합학교 대학로캠퍼스,1818106432,게이트,음식점 > 술집,37.5720266527081,127.014795036333,http://place.map.kakao.com/1818106432,한국예술종합학교 게이트
26628690,한국예술종합학교 대학로캠퍼스,457781282,경신고등학교 후문,"교통,수송 > 입출구",37.5913322557512,127.001791261831,http://place.map.kakao.com/457781282,한국예술종합학교 gate
26628690,한국예술종합학교 대학로캠퍼스,27425368,서울효제초등학교 후문,"교통,수송 > 입출구",37.5732718145745,127.003047352795,http://place.map.kakao.com/27425368,한국예술종합학교 gate
26628690,한국예술종합학교 대학로캠퍼스,1121088682,중앙중학교 후문,"교통,수송 > 입출구",37.5861759383013,126.985820344138,http://place.map.kakao.com/1121088682,한국예술종합학교 gate
26628690,한국예술종합학교 대학로캠퍼스,27254919,광장시장 북2문,"교통,수송 > 입출구",37.5707238387684,127.000475425175,http://place.map.kakao.com/27254919,한국예술종합학교 gate
26628690,한국예술종합학교 대학로캠퍼스,1183593067,NPD현대계동사옥주차장 서문,"교통,수송 > 입출구",37.5782950752746,126.986924483996,http://place.map.kakao.com/1183593067,한국예술종합학교 gate
26628690,한국예술종합학교 대학로캠퍼스,526594387,서울재동초등학교 정문,"교통,수송 > 입출구",37.5798626506945,126.985599649314,http://place.map.kakao.com/526594387,한국예술종합학교 gate
26628690,한국예술종합학교 대학로캠퍼스,2095650008,국립민속박물관 정문,"교통,수송 > 입출구",37.579630169106,126.979359561587,http://place.map.kakao.com/2095650008,한국예술종합학교 gate
26628690,한국예술종합학교 대학로캠퍼스,24582622,삼일교 진출입 계단 7번,"교통,수송 > 입출구",37.5682075854278,126.987376754328,http://place.map.kakao.com/24582622,한국예술종합학교 gate
26628690,한국예술종합학교 대학로캠퍼스,1627522015,삼선푸르지오아파트 정문,"교통,수송 > 입출구",37.5843479206725,127.013344899129,http://place.map.kakao.com/1627522015,한국예술종합학교 gate
26628690,한국예술종합학교 대학로캠퍼스,257766416,광장시장 북문,"교통,수송 > 입출구",37.5706355397427,126.999241584545,http://place.map.kakao.com/257766416,한국예술종합학교 gate
26628690,한국예술종합학교 대학로캠퍼스,687079444,한성대학교 남문,"교통,수송 > 입출구",37.5811424451233,127.010811769121,http://place.map.kakao.com/687079444,한국예술종합학교 gate
26628690,한국예술종합학교 대학로캠퍼스,391618469,광장시장 남1문,"교통,수송 > 입출구",37.5698012117878,127.001430785735,http://place.map.kakao.com/391618469,한국예술종합학교 gate
26628690,한국예술종합학교 대학로캠퍼스,1305579219,광장시장 남2문,"교통,수송 > 입출구",37.5696174168277,127.000362223347,http://place.map.kakao.com/1305579219,한국예술종합학교 gate
26628690,한국예술종합학교 대학로캠퍼스,1364021540,경신중학교 후문,"교통,수송 > 입출구",37.5913241458011,127.001856933682,http://place.map.kakao.com/1364021540,한국예술종합학교 gate
26628690,한국예술종합학교 대학로캠퍼스,1095971293,감사원 후문 입구,"교통,수송 > 입출구",37.5865975447486,126.985343605846,http://place.map.kakao.com/1095971293,한국예술종합학교 gate
26628690,한국예술종합학교 대학로캠퍼스,1358559046,홍익대학교사범대학 부속고등학교 후문,"교통,수송 > 입출구",37.5950289781094,127.003791050107,http://place.map.kakao.com/1358559046,한국예술종합학교 gate
26628690,한국예술종합학교 대학로캠퍼스,966544243,중부시장 1문,"교통,수송 > 입출구",37.5666261112491,127.000303349922,http://place.map.kakao.com/966544243,한국예술종합학교 gate
26628690,한국예술종합학교 대학로캠퍼스,1375963086,탑골공원 북문,"교통,수송 > 입출구",37.571860290611234,126.98804740311353,http://place.map.kakao.com/1375963086,한국예술종합학교 gate
26628690,한국예술종합학교 대학로캠퍼스,792285301,광장시장 남3문,"교통,수송 > 입출구",37.5694228006309,126.999361583013,http://place.map.kakao.com/792285301,한국예술종합학교 gate
26628690,한국예술종합학교 대학로캠퍼스,1876556792,광장시장 북1문,"교통,수송 > 입출구",37.5706202227402,126.999228001142,http://place.map.kakao.com/1876556792,한국예술종합학교 gate
26628690,한국예술종합학교 대학로캠퍼스,554804728,서머셋팰리스서울 정문,"교통,수송 > 입출구",37.575140812568,126.981140354329,http://place.map.kakao.com/554804728,한국예술종합학교 gate
26628690,한국예술종합학교 대학로캠퍼스,1383518559,서울동구고등학교 후문,"교통,수송 > 입출구",37.5931465730501,127.008333759244,http://place.map.kakao.com/1383518559,한국예술종합학교 gate
26628690,한국예술종합학교 대학로캠퍼스,1471031688,중부건어물시장 7문,"교통,수송 > 입출구",37.5655151644709,127.00212228603,http://place.map.kakao.com/1471031688,한국예술종합학교 gate
26628690,한국예술종합학교 대학로캠퍼스,27610515,동방문화대학원대학교 정문,"교통,수송 > 입출구",37.59687398733751,126.99183907625228,http://place.map.kakao.com/27610515,한국예술종합학교 gate
26628690,한국예술종합학교 대학로캠퍼스,24582623,장통교 진출입 계단 8번,"교통,수송 > 입출구",37.5682434489874,126.985823744215,http://place.map.kakao.com/24582623,한국예술종합학교 gate
26628690,한국예술종합학교 대학로캠퍼스,24582618,광통교 진출입 계단 3번,"교통,수송 > 입출구",37.5690501205507,126.981359222493,http://place.map.kakao.com/24582618,한국예술종합학교 gate
26628690,한국예술종합학교 대학로캠퍼스,24582617,청계광장 진출입 경사로2번,"교통,수송 > 입출구",37.5691288374739,126.978040353196,http://place.map.kakao.com/24582617,한국예술종합학교 gate
26628690,한국예술종합학교 대학로캠퍼스,1146029540,보문파크뷰자이아파트 정문,"교통,수송 > 입출구",37.5806766804553,127.017833081235,http://place.map.kakao.com/1146029540,한국예술종합학교 gate
26628690,한국예술종합학교 대학로캠퍼스,425186218,종로센트레빌아파트 정문,"교통,수송 > 입출구",37.5797236801173,127.016084890104,http://place.map.kakao.com/425186218,한국예술종합학교 gate
26628690,한국예술종합학교 대학로캠퍼스,24582621,광교 진출입 계단 6번,"교통,수송 > 입출구",37.5687548570305,126.983107003547,http://place.map.kakao.com/24582621,한국예술종합학교 gate
26628690,한국예술종합학교 대학로캠퍼스,861787992,명동성당 가톨릭회관 후문,"교통,수송 > 입출구",37.5641430857663,126.986415354827,http://place.map.kakao.com/861787992,한국예술종합학교 gate
26628690,한국예술종합학교 대학로캠퍼스,1148185088,성신여자대학교 돈암수정캠퍼스 중문,"교통,수송 > 입출구",37.590898620551144,127.02212455934625,http://place.map.kakao.com/1148185088,한국예술종합학교 gate
26628690,한국예술종합학교 대학로캠퍼스,1629922481,한신한진아파트 후문,"교통,수송 > 입출구",37.5950462803216,127.013556291008,http://place.map.kakao.com/1629922481,한국예술종합학교 gate
26628690,한국예술종합학교 대학로캠퍼스,424760688,종로센트레빌아파트 후문,"교통,수송 > 입출구",37.5816582150576,127.015323382653,http://place.map.kakao.com/424760688,한국예술종합학교 gate
26628690,한국예술종합학교 대학로캠퍼스,1732716971,동국대학교 서울캠퍼스 후문,"교통,수송 > 입출구",37.56071287063473,126.99936392096474,http://place.map.kakao.com/1732716971,한국예술종합학교 gate
26628690,한국예술종합학교 대학로캠퍼스,1983433673,돈암코오롱하늘채아파트 후문,"교통,수송 > 입출구",37.5991415119745,127.011416807283,http://place.map.kakao.com/1983433673,한국예술종합학교 gate
26628690,한국예술종합학교 대학로캠퍼스,24582616,청계광장 진출입 계단 1번,"교통,수송 > 입출구",37.5692262620098,126.978678739891,http://place.map.kakao.com/24582616,한국예술종합학교 gate
26628690,한국예술종합학교 대학로캠퍼스,975007361,투썸플레이스 앞 1-1 진입로,"교통,수송 > 입출구",37.5691921407208,126.979334143748,http://place.map.kakao.com/975007361,한국예술종합학교 gate
26628690,한국예술종합학교 대학로캠퍼스,24582620,장통교 진출입 계단 5번,"교통,수송 > 입출구",37.5686649641772,126.984619287048,http://place.map.kakao.com/24582620,한국예술종합학교 gate
26628690,한국예술종합학교 대학로캠퍼스,1939309103,문,음식점 > 술집,37.5662151276725,126.99446389435,http://place.map.kakao.com/1939309103,한국예술종합학교 문
26628690,한국예술종합학교 대학로캠퍼스,396212923,문,"가정,생활 > 패션 > 의류판매",37.5674047494528,127.013071348319,http://place.map.kakao.com/396212923,한국예술종합학교 문
26628690,한국예술종합학교 대학로캠퍼스,1516730952,상상의문 대학로점,음식점 > 카페 > 테마카페,37.5841162160183,127.000803838893,http://place.map.kakao.com/1516730952,한국예술종합학교 문
26628690,한국예술종합학교 대학로캠퍼스,781430667,아트씨어터 문,"문화,예술 > 문화시설 > 공연장,연극극장",37.583089048797,126.997022440503,http://place.map.kakao.com/781430667,한국예술종합학교 문
26628690,한국예술종합학교 대학로캠퍼스,1347606854,금마문,"여행 > 관광,명소 > 문화유적",37.5825537012435,126.993215062252,http://place.map.kakao.com/1347606854,한국예술종합학교 문
26628690,한국예술종합학교 대학로캠퍼스,387391366,문나인,"가정,생활 > 패션 > 의류판매 > 여성의류",37.5885201870013,127.004483647267,http://place.map.kakao.com/387391366,한국예술종합학교 문
26628690,한국예술종합학교 대학로캠퍼스,1291885540,닥터문심리심상연구소,"의료,건강 > 상담 > 심리상담소",37.5874363747333,127.000875204314,http://place.map.kakao.com/1291885540,한국예술종합학교 문
26628690,한국예술종합학교 대학로캠퍼스,35995932,문스토리,"가정,생활 > 패션 > 의류판매",37.5814242046697,126.986723550346,http://place.map.kakao.com/35995932,한국예술종합학교 문
26628690,한국예술종합학교 대학로캠퍼스,623776746,이태리문,음식점 > 양식 > 이탈리안,37.56867963715263,126.98673826402447,http://place.map.kakao.com/623776746,한국예술종합학교 문
26628690,한국예술종합학교 대학로캠퍼스,1970014839,동묘문,음식점 > 중식,37.571690583235714,127.01478138610085,http://place.map.kakao.com/1970014839,한국예술종합학교 문
26628690,한국예술종합학교 대학로캠퍼스,1900403823,청와대 춘추문1 공영주차장,"교통,수송 > 교통시설 > 주차장 > 공영주차장",37.5843991820403,126.979670724329,http://place.map.kakao.com/1900403823,한국예술종합학교 문
26628690,한국예술종합학교 대학로캠퍼스,20741131,문미용실,"가정,생활 > 미용 > 미용실",37.5749183447104,127.01116179794,http://place.map.kakao.com/20741131,한국예술종합학교 문
26628690,한국예술종합학교 대학로캠퍼스,348507504,문아트서울,"교통,수송 > 운송",37.5867277605385,127.010158161267,http://place.map.kakao.com/348507504,한국예술종합학교 문
26628690,한국예술종합학교 대학로캠퍼스,1464122754,퍼스널컬러문슬,"서비스,산업 > 전문대행 > 컨설팅",37.5725825238869,126.984867519842,http://place.map.kakao.com/1464122754,한국예술종합학교 문
26628690,한국예술종합학교 대학로캠퍼스,979307914,문텍스,"서비스,산업 > 제조업 > 섬유 > 직물,원단",37.572352629447884,127.00703418184314,http://place.map.kakao.com/979307914,한국예술종합학교 문
26628690,한국예술종합학교 대학로캠퍼스,15201441,삼청동 문 (MOON),"가정,생활 > 패션 > 패션잡화점 > 구두,신발",37.5813721058438,126.981251995177,http://place.map.kakao.com/15201441,한국예술종합학교 문
26628690,한국예술종합학교 대학로캠퍼스,20945330,열린문교회,"문화,예술 > 종교 > 기독교 > 교회",37.5719883643772,127.010563673189,http://place.map.kakao.com/20945330,한국예술종합학교 문
26628690,한국예술종합학교 대학로캠퍼스,294489821,카키문 누하,음식점 > 카페,37.5804791292655,126.968198963702,http://place.map.kakao.com/294489821,한국예술종합학교 문
26628690,한국예술종합학교 대학로캠퍼스,2008078548,호텔 문,"여행 > 숙박 > 여관,모텔",37.5623461988947,126.978363786106,http://place.map.kakao.com/2008078548,한국예술종합학교 문
26628690,한국예술종합학교 대학로캠퍼스,1469506752,블루문연습실,"서비스,산업 > 전문대행 > 공간대여",37.5900285721064,127.020403271176,http://place.map.kakao.com/1469506752,한국예술종합학교 문
26628690,한국예술종합학교 대학로캠퍼스,512413352,문피아노연습실,"교육,학문 > 학원 > 음악학원 > 피아노학원",37.5757946970355,126.971065020687,http://place.map.kakao.com/512413352,한국예술종합학교 문
26628690,한국예술종합학교 대학로캠퍼스,15654946,블루문스튜디오,"문화,예술 > 사진 > 사진관,포토스튜디오",37.5648126303378,126.9873546897,http://place.map.kakao.com/15654946,한국예술종합학교 문
26628690,한국예술종합학교 대학로캠퍼스,16791979,(재)대한뷸교조계종성륜문화재,"서비스,산업",37.5871960456077,126.980752360368,http://place.map.kakao.com/16791979,한국예술종합학교 문
26628690,한국예술종합학교 대학로캠퍼스,694705769,MHCR 문할로커피,음식점 > 카페 > 커피전문점,37.5793237679555,126.970565533321,http://place.map.kakao.com/694705769,한국예술종합학교 문
26628690,한국예술종합학교 대학로캠퍼스,12558426,광림문,"여행 > 관광,명소 > 문화유적 > 문",37.5828018925696,126.975803742715,http://place.map.kakao.com/12558426,한국예술종합학교 문
26628690,한국예술종합학교 대학로캠퍼스,2098164431,을지로사주타로캐치문,"가정,생활 > 운명감정",37.566343816265714,126.99181637442572,http://place.map.kakao.com/2098164431,한국예술종합학교 문
26628690,한국예술종합학교 대학로캠퍼스,1800057443,문135,"음식점 > 일식 > 돈까스,우동",37.559629772874,126.984616617309,http://place.map.kakao.com/1800057443,한국예술종합학교 문
26628690,한국예술종합학교 대학로캠퍼스,27561948,맑은문피부과의원,"의료,건강 > 병원 > 피부과",37.565905146315195,127.02157046158013,http://place.map.kakao.com/27561948,한국예술종합학교 문
26628690,한국예술종합학교 대학로캠퍼스,77123259,문헤어살롱 명동점,"가정,생활 > 미용 > 미용실",37.5618643024929,126.985064362811,http://place.map.kakao.com/77123259,한국예술종합학교 문
26628690,한국예술종합학교 대학로캠퍼스,12558398,건숙문,"여행 > 관광,명소 > 문화유적 > 문",37.5821492782063,126.974404631804,http://place.map.kakao.com/12558398,한국예술종합학교 문
26628690,한국예술종합학교 대학로캠퍼스,1266364786,찰리문연습실,"서비스,산업 > 전문대행 > 공간대여",37.5950099680637,127.015751877081,http://place.map.kakao.com/1266364786,한국예술종합학교 문
26628690,한국예술종합학교 대학로캠퍼스,752531600,데이문 스튜디오,"문화,예술 > 사진 > 사진관,포토스튜디오",37.5638438331707,127.000747027993,http://place.map.kakao.com/752531600,한국예술종합학교 문
26628690,한국예술종합학교 대학로캠퍼스,19071071,문코을지로3가역점,"가정,생활 > 패션 > 의류판매",37.5662869909355,126.990958402294,http://place.map.kakao.com/19071071,한국예술종합학교 문
26628690,한국예술종합학교 대학로캠퍼스,510408950,네일문,"가정,생활 > 미용 > 네일샵",37.5735893874129,126.972424283593,http://place.map.kakao.com/510408950,한국예술종합학교 문
26628690,한국예술종합학교 대학로캠퍼스,12656961,문퍼니처,"서비스,산업 > 제조업 > 가구",37.5669670491268,127.018445570258,http://place.map.kakao.com/12656961,한국예술종합학교 문
26628690,한국예술종합학교 대학로캠퍼스,2083210002,블루문,"서비스,산업 > 전문대행 > 공간대여 > 모임공간",37.5630688290764,126.994057793433,http://place.map.kakao.com/2083210002,한국예술종합학교 문
26628690,한국예술종합학교 대학로캠퍼스,67744449,선담방문요양센터,"사회,공공기관 > 단체,협회 > 사회복지시설 > 노인복지시설",37.5883035945414,127.017788479247,http://place.map.kakao.com/67744449,한국예술종합학교 문
26628690,한국예술종합학교 대학로캠퍼스,2086016096,레쉬문,"가정,생활 > 미용 > 미용용품",37.573562364177064,126.97245259374792,http://place.map.kakao.com/2086016096,한국예술종합학교 문
26628690,한국예술종합학교 대학로캠퍼스,1176844539,문&러브,"가정,생활 > 패션 > 의류판매",37.596538237926175,127.01427107807311,http://place.map.kakao.com/1176844539,한국예술종합학교 문
26628690,한국예술종합학교 대학로캠퍼스,26861476,문꼬치,"가정,생활 > 식품판매",37.5807209508217,126.969546078883,http://place.map.kakao.com/26861476,한국예술종합학교 문
26628690,한국예술종합학교 대학로캠퍼스,1376395610,오브더문&이쥬뷰티,"가정,생활 > 미용 > 메이크업",37.5912142305622,127.020675340839,http://place.map.kakao.com/1376395610,한국예술종합학교 문
26628690,한국예술종합학교 대학로캠퍼스,370312911,문패션,"서비스,산업 > 제조업 > 섬유 > 의류",37.5619059390461,127.013343158905,http://place.map.kakao.com/370312911,한국예술종합학교 문
26628690,한국예술종합학교 대학로캠퍼스,1579181887,문빔즈,"문화,예술 > 미술,공예",37.5753710697247,126.970419924647,http://place.map.kakao.com/1579181887,한국예술종합학교 문
8149858,한국예술종합학교 서초동캠퍼스,1317254606,서울고등학교 정문,"교통,수송 > 입출구",37.4835714551171,127.007923585025,http://place.map.kakao.com/1317254606,한국예술종합학교 게이트
8149858,한국예술종합학교 서초동캠퍼스,898360782,태닝게이트,"가정,생활 > 미용 > 피부관리",37.48561371054394,127.011872132897,http://place.map.kakao.com/898360782,한국예술종합학교 게이트
8149858,한국예술종합학교 서초동캠퍼스,19585792,게이트코리아,"서비스,산업 > 인터넷,IT > 취업사이트",37.4814912732315,127.01473872583,http://place.map.kakao.com/19585792,한국예술종합학교 게이트
8149858,한국예술종합학교 서초동캠퍼스,15462101,지오게이트,"가정,생활 > 패션 > 의류판매",37.4858091792582,127.012360618567,http://place.map.kakao.com/15462101,한국예술종합학교 게이트
8149858,한국예술종합학교 서초동캠퍼스,1924111349,서울고등학교 후문,"교통,수송 > 입출구",37.4830400148702,127.005117279086,http://place.map.kakao.com/1924111349,한국예술종합학교 게이트
8149858,한국예술종합학교 서초동캠퍼스,27341305,상문고등학교 후문,"교통,수송 > 입출구",37.4807353068898,127.002998366618,http://place.map.kakao.com/27341305,한국예술종합학교 게이트
8149858,한국예술종합학교 서초동캠퍼스,1262912745,방배래미안아트힐아파트 서문,"교통,수송 > 입출구",37.4770077907567,127.00430626364,http://place.map.kakao.com/1262912745,한국예술종합학교 게이트
8149858,한국예술종합학교 서초동캠퍼스,17007696,게이트서초어학학원,"교육,학문 > 학원 > 어학원 > 영어학원",37.49012194758586,127.0212128187592,http://place.map.kakao.com/17007696,한국예술종합학교 게이트
8149858,한국예술종합학교 서초동캠퍼스,350542819,카페게이트 방배점,음식점 > 카페 > 커피전문점 > 카페게이트,37.482958965685,126.995955703155,http://place.map.kakao.com/350542819,한국예술종합학교 게이트
8149858,한국예술종합학교 서초동캠퍼스,557121536,서초그랑자이아파트 정문,"교통,수송 > 입출구",37.4882467753069,127.02653797492273,http://place.map.kakao.com/557121536,한국예술종합학교 게이트
8149858,한국예술종합학교 서초동캠퍼스,473147839,법무법인게이트,"서비스,산업 > 법률,행정 > 변호사 > 법무법인",37.4933203579872,127.007960800258,http://place.map.kakao.com/473147839,한국예술종합학교 게이트
8149858,한국예술종합학교 서초동캠퍼스,657781576,현대아파트 후문,"교통,수송 > 입출구",37.4855802486832,127.024417008953,http://place.map.kakao.com/657781576,한국예술종합학교 게이트
8149858,한국예술종합학교 서초동캠퍼스,969824285,방배서리풀e편한세상아파트 후문,"교통,수송 > 입출구",37.4844925455195,126.998804889812,http://place.map.kakao.com/969824285,한국예술종합학교 게이트
8149858,한국예술종합학교 서초동캠퍼스,1947968472,방배서리풀e편한세상아파트 정문,"교통,수송 > 입출구",37.4836401644055,126.997205034228,http://place.map.kakao.com/1947968472,한국예술종합학교 게이트
8149858,한국예술종합학교 서초동캠퍼스,20751699,에이스게이트,"서비스,산업 > 인터넷,IT > 소프트웨어",37.48494559936114,126.99386159660719,http://place.map.kakao.com/20751699,한국예술종합학교 게이트
8149858,한국예술종합학교 서초동캠퍼스,1877944690,동양고속아파트 후문,"교통,수송 > 입출구",37.4719391277292,127.023626892012,http://place.map.kakao.com/1877944690,한국예술종합학교 게이트
8149858,한국예술종합학교 서초동캠퍼스,1461632561,아이파크정문공인중개사사무소,부동산 > 부동산서비스 > 부동산중개업,37.4872760916998,127.011660954249,http://place.map.kakao.com/1461632561,한국예술종합학교 게이트
8149858,한국예술종합학교 서초동캠퍼스,9843940,엠게이트,"서비스,산업 > 정보통신 > 통신기기",37.490399330793,127.021909440085,http://place.map.kakao.com/9843940,한국예술종합학교 게이트
8149858,한국예술종합학교 서초동캠퍼스,1881280515,아크로비스타아파트 남문,"교통,수송 > 입출구",37.4970067483412,127.013730793716,http://place.map.kakao.com/1881280515,한국예술종합학교 게이트
8149858,한국예술종합학교 서초동캠퍼스,1280196131,방배e편한세상1차아파트 정문,"교통,수송 > 입출구",37.48719105982945,126.99834691207037,http://place.map.kakao.com/1280196131,한국예술종합학교 게이트
8149858,한국예술종합학교 서초동캠퍼스,12663315,서울교육대학교 청람문,"교통,수송 > 입출구",37.4903283840274,127.014564064946,http://place.map.kakao.com/12663315,한국예술종합학교 게이트
8149858,한국예술종합학교 서초동캠퍼스,1515014931,래미안리더스원아파트 정문,"교통,수송 > 입출구",37.4895610038272,127.028018576924,http://place.map.kakao.com/1515014931,한국예술종합학교 게이트
8149858,한국예술종합학교 서초동캠퍼스,1513507353,서초그랑자이정문부동산,부동산 > 부동산서비스 > 부동산중개업,37.4878952253032,127.027227585905,http://place.map.kakao.com/1513507353,한국예술종합학교 게이트
8149858,한국예술종합학교 서초동캠퍼스,829649399,동덕여자중학교 정문,"교통,수송 > 입출구",37.4748866864664,126.993028097316,http://place.map.kakao.com/829649399,한국예술종합학교 게이트
8149858,한국예술종합학교 서초동캠퍼스,1272386304,대검찰청 정문,"교통,수송 > 입출구",37.4940637895707,127.006290677672,http://place.map.kakao.com/1272386304,한국예술종합학교 게이트
8149858,한국예술종합학교 서초동캠퍼스,17355629,대법원후문,"교통,수송 > 입출구",37.4917924554747,127.003840103266,http://place.map.kakao.com/17355629,한국예술종합학교 게이트
8149858,한국예술종합학교 서초동캠퍼스,2093236267,서초그랑자이 동문,"교통,수송 > 입출구",37.4894646923766,127.027609214036,http://place.map.kakao.com/2093236267,한국예술종합학교 게이트
8149858,한국예술종합학교 서초동캠퍼스,1417136688,서울중앙지방검찰청 정문,"교통,수송 > 입출구",37.4946284686609,127.00995908958,http://place.map.kakao.com/1417136688,한국예술종합학교 게이트
8149858,한국예술종합학교 서초동캠퍼스,1948504359,삼풍아파트 북문,"교통,수송 > 입출구",37.4994683204506,127.013534469892,http://place.map.kakao.com/1948504359,한국예술종합학교 게이트
8149858,한국예술종합학교 서초동캠퍼스,968275977,반포써밋아파트 게이트3,"교통,수송 > 입출구",37.50293142124,127.016421254944,http://place.map.kakao.com/968275977,한국예술종합학교 게이트
8149858,한국예술종합학교 서초동캠퍼스,2051495686,유에스게이트,"서비스,산업 > 전문대행 > 컨설팅",37.48097206639178,127.03934520564921,http://place.map.kakao.com/2051495686,한국예술종합학교 게이트
8149858,한국예술종합학교 서초동캠퍼스,904876727,두성종이 서초본사 후문,"교통,수송 > 입출구",37.4923214931287,127.02014824565,http://place.map.kakao.com/904876727,한국예술종합학교 게이트
8149858,한국예술종합학교 서초동캠퍼스,2029399651,아크로비스타아파트 서문,"교통,수송 > 입출구",37.4985160421862,127.012767565565,http://place.map.kakao.com/2029399651,한국예술종합학교 게이트
8149858,한국예술종합학교 서초동캠퍼스,1295304002,서울양재초등학교 후문,"교통,수송 > 입출구",37.4737755025341,127.030930506099,http://place.map.kakao.com/1295304002,한국예술종합학교 게이트
8149858,한국예술종합학교 서초동캠퍼스,2034399672,더게이트스파 반포서래점,"가정,생활 > 미용 > 피부관리",37.49769198867588,126.99126974994016,http://place.map.kakao.com/2034399672,한국예술종합학교 게이트
8149858,한국예술종합학교 서초동캠퍼스,806190684,래미안서초에스티지아파트 정문,"교통,수송 > 입출구",37.4928943024636,127.025951608897,http://place.map.kakao.com/806190684,한국예술종합학교 게이트
8149858,한국예술종합학교 서초동캠퍼스,16441763,오토게이트,"교통,수송 > 자동차 > 자동차용품",37.46183495854505,127.0353756612295,http://place.map.kakao.com/16441763,한국예술종합학교 게이트
8149858,한국예술종합학교 서초동캠퍼스,525707528,콜게이트,"서비스,산업 > 인터넷,IT > 소프트웨어",37.4914717862936,127.029072035275,http://place.map.kakao.com/525707528,한국예술종합학교 게이트
8149858,한국예술종합학교 서초동캠퍼스,862632550,포블게이트,"서비스,산업 > 인터넷,IT > 소프트웨어",37.49742847533866,127.02451698897751,http://place.map.kakao.com/862632550,한국예술종합학교 게이트
8149858,한국예술종합학교 서초동캠퍼스,903840803,두성종이 서초본사 정문,"교통,수송 > 입출구",37.4921159637144,127.020724886873,http://place.map.kakao.com/903840803,한국예술종합학교 게이트
8149858,한국예술종합학교 서초동캠퍼스,11539830,게이트센터,"서비스,산업 > 전문대행 > 번역,통역",37.4820083970086,127.038830184085,http://place.map.kakao.com/11539830,한국예술종합학교 게이트
8149858,한국예술종합학교 서초동캠퍼스,1755787680,서울중앙지방법원 동문,"교통,수송 > 입출구",37.4976231707589,127.012525409433,http://place.map.kakao.com/1755787680,한국예술종합학교 게이트
8149858,한국예술종합학교 서초동캠퍼스,112532966,고투게이트코리아,"서비스,산업 > 기업",37.4965625571386,127.024760968274,http://place.map.kakao.com/112532966,한국예술종합학교 게이트
8149858,한국예술종합학교 서초동캠퍼스,1565392118,반포리체아파트 정문,"교통,수송 > 입출구",37.5027100948518,127.013921835527,http://place.map.kakao.com/1565392118,한국예술종합학교 게이트
8149858,한국예술종합학교 서초동캠퍼스,388626939,서울교육대학교 쪽문,"교통,수송 > 입출구",37.4915192138678,127.016837140498,http://place.map.kakao.com/388626939,한국예술종합학교 게이트
8149858,한국예술종합학교 서초동캠퍼스,1351257842,디에이치반포라클라스아파트 정문,"교통,수송 > 입출구",37.5001514070147,127.012405956491,http://place.map.kakao.com/1351257842,한국예술종합학교 gate
8149858,한국예술종합학교 서초동캠퍼스,1125504132,서초네이처힐5단지아파트 정문,"교통,수송 > 입출구",37.4622946547383,127.023874789842,http://place.map.kakao.com/1125504132,한국예술종합학교 gate
8149858,한국예술종합학교 서초동캠퍼스,27561053,서울역삼초등학교 정문,"교통,수송 > 입출구",37.4922421432386,127.032543825982,http://place.map.kakao.com/27561053,한국예술종합학교 gate
8149858,한국예술종합학교 서초동캠퍼스,1084835702,반포래미안아이파크아파트 정문,"교통,수송 > 입출구",37.5013227354159,127.012208239959,http://place.map.kakao.com/1084835702,한국예술종합학교 gate
8149858,한국예술종합학교 서초동캠퍼스,270769932,래미안리더스원아파트 후문,"교통,수송 > 입출구",37.4910325341482,127.027227593896,http://place.map.kakao.com/270769932,한국예술종합학교 gate
8149858,한국예술종합학교 서초동캠퍼스,27331971,서초힐스아파트 후문,"교통,수송 > 입출구",37.4567096317119,127.016546772596,http://place.map.kakao.com/27331971,한국예술종합학교 gate
8149858,한국예술종합학교 서초동캠퍼스,27150563,서초래미안아파트 남문,"교통,수송 > 입출구",37.497555555294,127.01947339791748,http://place.map.kakao.com/27150563,한국예술종합학교 gate
8149858,한국예술종합학교 서초동캠퍼스,1164217107,방배롯데캐슬아르떼아파트 정문,"교통,수송 > 입출구",37.4828426360604,126.984100974592,http://place.map.kakao.com/1164217107,한국예술종합학교 gate
8149858,한국예술종합학교 서초동캠퍼스,1529325318,래미안원페를라아파트 2단지 정문,"교통,수송 > 입출구",37.4897521914745,126.989741911297,http://place.map.kakao.com/1529325318,한국예술종합학교 gate
8149858,한국예술종합학교 서초동캠퍼스,76712705,우성5차아파트 정문,"교통,수송 > 입출구",37.4948420500354,127.026976804317,http://place.map.kakao.com/76712705,한국예술종합학교 gate
8149858,한국예술종합학교 서초동캠퍼스,763463242,서울잠원초등학교 정문,"교통,수송 > 입출구",37.500839504462,126.997741574977,http://place.map.kakao.com/763463242,한국예술종합학교 gate
8149858,한국예술종합학교 서초동캠퍼스,397224411,서문여자중학교 정문,"교통,수송 > 입출구",37.4894236659471,126.984597104045,http://place.map.kakao.com/397224411,한국예술종합학교 gate
8149858,한국예술종합학교 서초동캠퍼스,1163690796,방배롯데캐슬아르떼아파트 후문,"교통,수송 > 입출구",37.483886036821,126.984346105257,http://place.map.kakao.com/1163690796,한국예술종합학교 gate
8149858,한국예술종합학교 서초동캠퍼스,1249928645,렛츠런파크경마장 북문,"교통,수송 > 입출구",37.4512569945664,127.014289768135,http://place.map.kakao.com/1249928645,한국예술종합학교 gate
8149858,한국예술종합학교 서초동캠퍼스,1118850049,래미안서초스위트아파트 정문,"교통,수송 > 입출구",37.5028558752962,127.021208504335,http://place.map.kakao.com/1118850049,한국예술종합학교 gate
8149858,한국예술종합학교 서초동캠퍼스,1535495417,반포래미안아이파크아파트 후문,"교통,수송 > 입출구",37.5023415740249,127.01400206324,http://place.map.kakao.com/1535495417,한국예술종합학교 gate
8149858,한국예술종합학교 서초동캠퍼스,1710825109,방배3차e편한세상아파트 후문,"교통,수송 > 입출구",37.4938807923348,126.992157874671,http://place.map.kakao.com/1710825109,한국예술종합학교 gate
8149858,한국예술종합학교 서초동캠퍼스,16059294,문,음식점 > 술집,37.4951262298356,126.998154497322,http://place.map.kakao.com/16059294,한국예술종합학교 문
8149858,한국예술종합학교 서초동캠퍼스,14100658,문스트링,"문화,예술 > 음악 > 악기판매점",37.482272013003715,127.01034864693132,http://place.map.kakao.com/14100658,한국예술종합학교 문
8149858,한국예술종합학교 서초동캠퍼스,1517556892,핑크문네일,"가정,생활 > 미용 > 네일샵",37.4873556532182,127.008456547017,http://place.map.kakao.com/1517556892,한국예술종합학교 문
8149858,한국예술종합학교 서초동캠퍼스,1365747287,뷰티문,"가정,생활 > 미용",37.483144601541035,126.99688168904228,http://place.map.kakao.com/1365747287,한국예술종합학교 문
8149858,한국예술종합학교 서초동캠퍼스,26646901,위드문 인터내셔널행정사사무소,"서비스,산업 > 법률,행정 > 행정사",37.49054326470105,127.01038936430434,http://place.map.kakao.com/26646901,한국예술종합학교 문
8149858,한국예술종합학교 서초동캠퍼스,188229931,문쥬스,음식점 > 양식 > 이탈리안,37.4891956332685,126.993464361458,http://place.map.kakao.com/188229931,한국예술종합학교 문
8149858,한국예술종합학교 서초동캠퍼스,24193805,열린문행정사사무소,"서비스,산업 > 법률,행정 > 행정사",37.487838029094135,127.01431369392222,http://place.map.kakao.com/24193805,한국예술종합학교 문
8149858,한국예술종합학교 서초동캠퍼스,1711759312,아트문갤러리,"문화,예술 > 미술,공예 > 화랑",37.4924668842835,127.010739042574,http://place.map.kakao.com/1711759312,한국예술종합학교 문
8149858,한국예술종합학교 서초동캠퍼스,1947949048,문스타,음식점 > 카페 > 커피전문점,37.4946812556093,127.020001873484,http://place.map.kakao.com/1947949048,한국예술종합학교 문
8149858,한국예술종합학교 서초동캠퍼스,2094553820,법률사무소 문,"서비스,산업 > 법률,행정 > 변호사",37.4922947029567,127.011676434562,http://place.map.kakao.com/2094553820,한국예술종합학교 문
8149858,한국예술종합학교 서초동캠퍼스,464353480,문주도가,"서비스,산업 > 식품 > 음료,주류제조",37.48233450208795,126.9943785080908,http://place.map.kakao.com/464353480,한국예술종합학교 문
8149858,한국예술종합학교 서초동캠퍼스,464727128,문스파,"가정,생활 > 미용 > 피부관리",37.48219671488875,126.98487898339933,http://place.map.kakao.com/464727128,한국예술종합학교 문
8149858,한국예술종합학교 서초동캠퍼스,1919479225,문스테이 내방역점,"부동산 > 주거시설 > 고시원,고시텔",37.4883846410964,126.992073645178,http://place.map.kakao.com/1919479225,한국예술종합학교 문
8149858,한국예술종합학교 서초동캠퍼스,669039768,블루문,음식점 > 술집 > 칵테일바,37.494043536498346,127.01882227236108,http://place.map.kakao.com/669039768,한국예술종합학교 문
8149858,한국예술종합학교 서초동캠퍼스,216773668,문노래방,"가정,생활 > 여가시설 > 노래방",37.4936594257986,127.029096630017,http://place.map.kakao.com/216773668,한국예술종합학교 문
8149858,한국예술종합학교 서초동캠퍼스,1270864569,유리문수리,"서비스,산업 > 건설,건축 > 시공업체 > 주택수리",37.4926413020802,127.035623127275,http://place.map.kakao.com/1270864569,한국예술종합학교 문
8149858,한국예술종합학교 서초동캠퍼스,1403977160,문노래연습장,"가정,생활 > 여가시설 > 노래방",37.494799318559,127.028609689786,http://place.map.kakao.com/1403977160,한국예술종합학교 문
8149858,한국예술종합학교 서초동캠퍼스,1874527250,문게코파충류샵,"가정,생활 > 반려동물 > 반려동물분양",37.48490797297287,127.04362119695196,http://place.map.kakao.com/1874527250,한국예술종합학교 문
8149858,한국예술종합학교 서초동캠퍼스,613003103,카페디저트문 사당점,음식점 > 카페 > 테마카페 > 디저트카페,37.4761530352472,126.980690431887,http://place.map.kakao.com/613003103,한국예술종합학교 문
8149858,한국예술종합학교 서초동캠퍼스,209721783,문엔트리매직컴퍼니,"가정,생활 > 취미 > 마술",37.48259743731262,126.98320217262975,http://place.map.kakao.com/209721783,한국예술종합학교 문
8149858,한국예술종합학교 서초동캠퍼스,605108521,더문,"가정,생활 > 미용 > 화장품",37.4873808602939,126.991252858711,http://place.map.kakao.com/605108521,한국예술종합학교 문
8149858,한국예술종합학교 서초동캠퍼스,8986478,문치과의원,"의료,건강 > 병원 > 치과",37.48586278044055,126.98383462407115,http://place.map.kakao.com/8986478,한국예술종합학교 문
8149858,한국예술종합학교 서초동캠퍼스,154335528,미스터문,"가정,생활 > 패션 > 패션잡화점",37.50092707406344,127.0245577147067,http://place.map.kakao.com/154335528,한국예술종합학교 문
8149858,한국예술종합학교 서초동캠퍼스,17408875,문스냅,"가정,생활 > 결혼 > 웨딩스튜디오",37.4921178269444,127.038464522017,http://place.map.kakao.com/17408875,한국예술종합학교 문
8149858,한국예술종합학교 서초동캠퍼스,1029686315,투더문,음식점 > 양식,37.4943931800883,127.027704885557,http://place.map.kakao.com/1029686315,한국예술종합학교 문
8149858,한국예술종합학교 서초동캠퍼스,27113324,변호사 홍준표문창제 법률사무소,"서비스,산업 > 법률,행정 > 변호사",37.4944516709881,127.012104217499,http://place.map.kakao.com/27113324,한국예술종합학교 문
8149858,한국예술종합학교 서초동캠퍼스,879450242,유노문,부동산 > 부동산서비스,37.4912816234864,127.029275499222,http://place.map.kakao.com/879450242,한국예술종합학교 문
8149858,한국예술종합학교 서초동캠퍼스,1615295897,문피어싱,"가정,생활 > 패션 > 패션잡화점 > 액세서리",37.4980224152762,127.02778877953199,http://place.map.kakao.com/1615295897,한국예술종합학교 문
8149858,한국예술종합학교 서초동캠퍼스,20672303,문노래연습장,"가정,생활 > 여가시설 > 노래방",37.4769894526358,126.982490051272,http://place.map.kakao.com/20672303,한국예술종합학교 문
8149858,한국예술종합학교 서초동캠퍼스,23294748,열린문교회,"문화,예술 > 종교 > 기독교 > 교회",37.48494107383926,126.97835899186248,http://place.map.kakao.com/23294748,한국예술종합학교 문
8149858,한국예술종합학교 서초동캠퍼스,718134776,문벅스 곤충샵,"가정,생활 > 반려동물",37.48490797297287,127.04362119695196,http://place.map.kakao.com/718134776,한국예술종합학교 문
8149858,한국예술종합학교 서초동캠퍼스,17008543,블랙문,"가정,생활 > 유흥시설 > 유흥주점",37.4769894526358,126.982490051272,http://place.map.kakao.com/17008543,한국예술종합학교 문
8149858,한국예술종합학교 서초동캠퍼스,2005661086,썬문스타빌,"부동산 > 주거시설 > 빌라,주택",37.49828691439144,126.99620027552633,http://place.map.kakao.com/2005661086,한국예술종합학교 문
8149858,한국예술종합학교 서초동캠퍼스,1112757367,문별뷰티,"가정,생활 > 미용",37.48213384168684,127.04089477356493,http://place.map.kakao.com/1112757367,한국예술종합학교 문
8149858,한국예술종합학교 서초동캠퍼스,111511682,나인자동문,"서비스,산업 > 건설,건축 > 시공업체 > 유리,창호시공",37.5018442782194,127.024653012722,http://place.map.kakao.com/111511682,한국예술종합학교 문
8149858,한국예술종합학교 서초동캠퍼스,10452832,블루문소프트,"서비스,산업 > 인터넷,IT > 소프트웨어",37.48189783025816,126.98044473898358,http://place.map.kakao.com/10452832,한국예술종합학교 문
8149858,한국예술종합학교 서초동캠퍼스,1765685322,문보이드커튼,"가정,생활 > 생활용품점 > 커튼,블라인드판매",37.4744393479582,127.043074727808,http://place.map.kakao.com/1765685322,한국예술종합학교 문
8149858,한국예술종합학교 서초동캠퍼스,1080056106,아트문,"문화,예술 > 미술,공예 > 골동품",37.49897795983724,127.02953295176393,http://place.map.kakao.com/1080056106,한국예술종합학교 문
8149858,한국예술종합학교 서초동캠퍼스,569469005,문건축사사무소,"서비스,산업 > 건설,건축 > 건축설계,컨설팅",37.4915047244699,127.039726144763,http://place.map.kakao.com/569469005,한국예술종합학교 문
8149858,한국예술종합학교 서초동캠퍼스,126715140,무등전동샷다유리문셔터수리,"서비스,산업 > 건설,건축 > 시공업체 > 유리,창호시공",37.4954347552793,127.031269638067,http://place.map.kakao.com/126715140,한국예술종합학교 문
8149858,한국예술종합학교 서초동캠퍼스,21962527,서울교육대학교 사향문,"교통,수송 > 입출구",37.4892180773366,127.016576555259,http://place.map.kakao.com/21962527,한국예술종합학교 문
8149858,한국예술종합학교 서초동캠퍼스,1383167380,출장열쇠 현관문수리디지털도어락고장수리설치게이트맨직방삼성,"가정,생활 > 생활용품점 > 열쇠",37.4799446577304,127.040113470757,http://place.map.kakao.com/1383167380,한국예술종합학교 문
8149858,한국예술종합학교 서초동캠퍼스,2049851795,롯데칠성음료 제1지역부문,"서비스,산업 > 식품 > 음료,주류제조 > 과실음료,청량음료",37.4958771614554,127.023435404517,http://place.map.kakao.com/2049851795,한국예술종합학교 문
8644095,한국예술종합학교 석관동캠퍼스,1045137873,래미안라그란데아파트 게이트1,"교통,수송 > 입출구",37.60310501925855,127.06110727778606,http://place.map.kakao.com/1045137873,한국예술종합학교 게이트
8644095,한국예술종합학교 석관동캠퍼스,536324711,래미안라그란데아파트 게이트2,"교통,수송 > 입출구",37.599768851645,127.060719531634,http://place.map.kakao.com/536324711,한국예술종합학교 게이트
8644095,한국예술종합학교 석관동캠퍼스,124606080,래미안라그란데아파트 게이트3,"교통,수송 > 입출구",37.6004229057925,127.059072400295,http://place.map.kakao.com/124606080,한국예술종합학교 게이트
8644095,한국예술종합학교 석관동캠퍼스,26397117,경희대학교 정문,"교통,수송 > 입출구",37.5938315697917,127.052697920723,http://place.map.kakao.com/26397117,한국예술종합학교 게이트
8644095,한국예술종합학교 석관동캠퍼스,186594796,경희대학교 후문,"교통,수송 > 입출구",37.5981142355862,127.05412773906,http://place.map.kakao.com/186594796,한국예술종합학교 게이트
8644095,한국예술종합학교 석관동캠퍼스,1443531489,래미안라그란데아파트 게이트4,"교통,수송 > 입출구",37.5995193587653,127.060560792787,http://place.map.kakao.com/1443531489,한국예술종합학교 게이트
8644095,한국예술종합학교 석관동캠퍼스,355663192,래미안라그란데아파트 게이트5,"교통,수송 > 입출구",37.5985489373759,127.058887472186,http://place.map.kakao.com/355663192,한국예술종합학교 게이트
8644095,한국예술종합학교 석관동캠퍼스,1563628359,래미안아트리치아파트 정문,"교통,수송 > 입출구",37.6066667304378,127.06263907854,http://place.map.kakao.com/1563628359,한국예술종합학교 게이트
8644095,한국예술종합학교 석관동캠퍼스,790938502,이문쌍용아파트 정문,"교통,수송 > 입출구",37.5991966457134,127.069053499257,http://place.map.kakao.com/790938502,한국예술종합학교 게이트
8644095,한국예술종합학교 석관동캠퍼스,137156823,이문아이파크자이아파트 2단지 정문,"교통,수송 > 입출구",37.5985669155017,127.064153082247,http://place.map.kakao.com/137156823,한국예술종합학교 게이트
8644095,한국예술종합학교 석관동캠퍼스,1189813599,융기방화문,"서비스,산업 > 건설,건축 > 건설자재",37.6076802970666,127.049457344625,http://place.map.kakao.com/1189813599,한국예술종합학교 게이트
8644095,한국예술종합학교 석관동캠퍼스,1967820620,장위자이레디언트아파트 게이트1,"교통,수송 > 입출구",37.6143888169309,127.057916841383,http://place.map.kakao.com/1967820620,한국예술종합학교 게이트
8644095,한국예술종합학교 석관동캠퍼스,2009989067,이문아이파크자이아파트 1단지 정문,"교통,수송 > 입출구",37.5981679688244,127.063798304729,http://place.map.kakao.com/2009989067,한국예술종합학교 게이트
8644095,한국예술종합학교 석관동캠퍼스,1900627195,한국과학기술연구원 북문,"교통,수송 > 입출구",37.6042175699009,127.045534434212,http://place.map.kakao.com/1900627195,한국예술종합학교 게이트
8644095,한국예술종합학교 석관동캠퍼스,27384930,한국외대정문,"교통,수송 > 입출구",37.5965021772992,127.060096346596,http://place.map.kakao.com/27384930,한국예술종합학교 게이트
8644095,한국예술종합학교 석관동캠퍼스,962940394,프린트카페 외대후문점,"서비스,산업 > 인쇄,복사",37.59886747059,127.057910469983,http://place.map.kakao.com/962940394,한국예술종합학교 게이트
8644095,한국예술종합학교 석관동캠퍼스,825389687,래미안아트리치아파트 후문,"교통,수송 > 입출구",37.60622489784135,127.0649490126888,http://place.map.kakao.com/825389687,한국예술종합학교 게이트
8644095,한국예술종합학교 석관동캠퍼스,1791510231,래미안석관아파트 정문,"교통,수송 > 입출구",37.6080252106611,127.05394805303,http://place.map.kakao.com/1791510231,한국예술종합학교 게이트
8644095,한국예술종합학교 석관동캠퍼스,1900157257,이문e편한세상아파트 후문,"교통,수송 > 입출구",37.60531716493,127.064098857056,http://place.map.kakao.com/1900157257,한국예술종합학교 게이트
8644095,한국예술종합학교 석관동캠퍼스,1891018401,이문아이파크자이아파트 1단지 후문,"교통,수송 > 입출구",37.5962451042884,127.062392547736,http://place.map.kakao.com/1891018401,한국예술종합학교 게이트
8644095,한국예술종합학교 석관동캠퍼스,1220652183,휘경자이디센시아아파트 정문,"교통,수송 > 입출구",37.5939020513347,127.063285120747,http://place.map.kakao.com/1220652183,한국예술종합학교 게이트
8644095,한국예술종합학교 석관동캠퍼스,921740083,석관중학교 후문,"교통,수송 > 입출구",37.6081757887686,127.066124012046,http://place.map.kakao.com/921740083,한국예술종합학교 게이트
8644095,한국예술종합학교 석관동캠퍼스,1281331983,이문아이파크자이아파트 2단지 후문,"교통,수송 > 입출구",37.600766962919,127.064468651513,http://place.map.kakao.com/1281331983,한국예술종합학교 게이트
8644095,한국예술종합학교 석관동캠퍼스,193241218,경희대학교 남문,"교통,수송 > 입출구",37.5945543473825,127.056208639286,http://place.map.kakao.com/193241218,한국예술종합학교 게이트
8644095,한국예술종합학교 석관동캠퍼스,1390155690,래미안이문2차아파트 정문,"교통,수송 > 입출구",37.5937285243427,127.05910673921,http://place.map.kakao.com/1390155690,한국예술종합학교 게이트
8644095,한국예술종합학교 석관동캠퍼스,2143884454,휘경자이디센시아아파트 후문,"교통,수송 > 입출구",37.592307107959,127.063634780463,http://place.map.kakao.com/2143884454,한국예술종합학교 게이트
8644095,한국예술종합학교 석관동캠퍼스,1435351662,서울시립대학교 정문,"교통,수송 > 입출구",37.5834771622868,127.055113438416,http://place.map.kakao.com/1435351662,한국예술종합학교 게이트
8644095,한국예술종합학교 석관동캠퍼스,1130521703,서울월곡초등학교 후문,"교통,수송 > 입출구",37.6106666873956,127.045963079457,http://place.map.kakao.com/1130521703,한국예술종합학교 게이트
8644095,한국예술종합학교 석관동캠퍼스,1243961672,한국과학기술연구원 쪽문,"교통,수송 > 입출구",37.60134874681516,127.04332671505159,http://place.map.kakao.com/1243961672,한국예술종합학교 게이트
8644095,한국예술종합학교 석관동캠퍼스,527938456,석관동삼성아파트 정문,"교통,수송 > 입출구",37.6100193676995,127.065847034494,http://place.map.kakao.com/527938456,한국예술종합학교 게이트
8644095,한국예술종합학교 석관동캠퍼스,346634332,전담 GATE 경희대점,"서비스,산업 > 식품 > 담배",37.5917224524691,127.052463183324,http://place.map.kakao.com/346634332,한국예술종합학교 게이트
8644095,한국예술종합학교 석관동캠퍼스,1972191955,월곡래미안루나밸리아파트 정문,"교통,수송 > 입출구",37.6000230801872,127.041683954154,http://place.map.kakao.com/1972191955,한국예술종합학교 게이트
8644095,한국예술종합학교 석관동캠퍼스,134576252,이문삼익아파트 북문,"교통,수송 > 입출구",37.5964929343978,127.067210924191,http://place.map.kakao.com/134576252,한국예술종합학교 게이트
8644095,한국예술종합학교 석관동캠퍼스,1411706418,묵동아이파크아파트 정문,"교통,수송 > 입출구",37.6102403261785,127.073130742807,http://place.map.kakao.com/1411706418,한국예술종합학교 게이트
8644095,한국예술종합학교 석관동캠퍼스,657726338,래미안라센트아파트 정문,"교통,수송 > 입출구",37.5992265186196,127.039307742306,http://place.map.kakao.com/657726338,한국예술종합학교 게이트
8644095,한국예술종합학교 석관동캠퍼스,1054228410,월곡두산위브아파트 후문,"교통,수송 > 입출구",37.6061629106599,127.040294403354,http://place.map.kakao.com/1054228410,한국예술종합학교 게이트
8644095,한국예술종합학교 석관동캠퍼스,1256166357,카페게이트 고려대역점,음식점 > 카페 > 커피전문점 > 카페게이트,37.59106616747106,127.03673092661474,http://place.map.kakao.com/1256166357,한국예술종합학교 게이트
8644095,한국예술종합학교 석관동캠퍼스,27853236,신현대아파트 정문,"교통,수송 > 입출구",37.5891635290163,127.052700290591,http://place.map.kakao.com/27853236,한국예술종합학교 게이트
8644095,한국예술종합학교 석관동캠퍼스,225636290,프린트카페 경희대정문점,"서비스,산업 > 인쇄,복사",37.59161587342018,127.05501753427863,http://place.map.kakao.com/225636290,한국예술종합학교 게이트
8644095,한국예술종합학교 석관동캠퍼스,373955450,판도라 경희정문약국점,"가정,생활 > 드럭스토어",37.5935287576798,127.052874347539,http://place.map.kakao.com/373955450,한국예술종합학교 게이트
8644095,한국예술종합학교 석관동캠퍼스,2066183936,꿈의숲푸르지오아파트 정문,"교통,수송 > 입출구",37.6099774097701,127.038465112827,http://place.map.kakao.com/2066183936,한국예술종합학교 게이트
8644095,한국예술종합학교 석관동캠퍼스,26896071,서울시립대학교 후문,"교통,수송 > 입출구",37.58521140994416,127.06094546401724,http://place.map.kakao.com/26896071,한국예술종합학교 게이트
8644095,한국예술종합학교 석관동캠퍼스,1814495982,휘경롯데낙천대아파트 정문,"교통,수송 > 입출구",37.5923234565011,127.065047894289,http://place.map.kakao.com/1814495982,한국예술종합학교 게이트
8644095,한국예술종합학교 석관동캠퍼스,20576679,삼육서울병원 정문주차장,"교통,수송 > 교통시설 > 주차장",37.58945859451551,127.06284431048113,http://place.map.kakao.com/20576679,한국예술종합학교 게이트
8644095,한국예술종합학교 석관동캠퍼스,247242075,제이엔터 경희대정문점,"서비스,산업 > 전문대행 > 공간대여",37.5913010000209,127.053991460294,http://place.map.kakao.com/247242075,한국예술종합학교 게이트
8644095,한국예술종합학교 석관동캠퍼스,380021007,리버센SKVIEW롯데캐슬아파트 후문,"교통,수송 > 입출구",37.6028152733369,127.074566215795,http://place.map.kakao.com/380021007,한국예술종합학교 gate
8644095,한국예술종합학교 석관동캠퍼스,1164204862,꿈의숲아이파크아파트 정문,"교통,수송 > 입출구",37.6196051989429,127.048695003232,http://place.map.kakao.com/1164204862,한국예술종합학교 gate
8644095,한국예술종합학교 석관동캠퍼스,690386838,리버센SKVIEW롯데캐슬아파트 정문,"교통,수송 > 입출구",37.6027891514203,127.077355414371,http://place.map.kakao.com/690386838,한국예술종합학교 gate
8644095,한국예술종합학교 석관동캠퍼스,1719452636,광운전자공업고등학교 정문,"교통,수송 > 입출구",37.61915666562245,127.05642990850215,http://place.map.kakao.com/1719452636,한국예술종합학교 gate
8644095,한국예술종합학교 석관동캠퍼스,18225100,북서울꿈의숲 동문,"교통,수송 > 입출구",37.6200860635905,127.04481011268,http://place.map.kakao.com/18225100,한국예술종합학교 gate
8644095,한국예술종합학교 석관동캠퍼스,214218921,서울묵현초등학교 후문,"교통,수송 > 입출구",37.6093688295571,127.073517221553,http://place.map.kakao.com/214218921,한국예술종합학교 gate
8644095,한국예술종합학교 석관동캠퍼스,1243889371,꿈의숲아이파크아파트 후문,"교통,수송 > 입출구",37.6192170367541,127.050450434131,http://place.map.kakao.com/1243889371,한국예술종합학교 gate
8644095,한국예술종합학교 석관동캠퍼스,182078663,래미안장위퍼스트하이아파트 후문,"교통,수송 > 입출구",37.62090187351257,127.05047422713827,http://place.map.kakao.com/182078663,한국예술종합학교 gate
8644095,한국예술종합학교 석관동캠퍼스,621132735,오버더문꽃집,"가정,생활 > 꽃집,꽃배달",37.6083018985296,127.05940140317564,http://place.map.kakao.com/621132735,한국예술종합학교 문
8644095,한국예술종합학교 석관동캠퍼스,92276873,문밸리,음식점 > 양식,37.6040606262464,127.043602345473,http://place.map.kakao.com/92276873,한국예술종합학교 문
8644095,한국예술종합학교 석관동캠퍼스,607717652,외대이문바른정형외과의원,"의료,건강 > 병원 > 정형외과",37.5957329594685,127.061402452106,http://place.map.kakao.com/607717652,한국예술종합학교 문
8644095,한국예술종합학교 석관동캠퍼스,26969775,문미용실,"가정,생활 > 미용 > 미용실",37.603778789229,127.066425885491,http://place.map.kakao.com/26969775,한국예술종합학교 문
8644095,한국예술종합학교 석관동캠퍼스,2042277440,빅문,음식점 > 양식,37.5926299873215,127.055875429116,http://place.map.kakao.com/2042277440,한국예술종합학교 문
8644095,한국예술종합학교 석관동캠퍼스,7875289,문비뇨기과의원,"의료,건강 > 병원 > 비뇨기과",37.6149271400738,127.064052738696,http://place.map.kakao.com/7875289,한국예술종합학교 문
8644095,한국예술종합학교 석관동캠퍼스,26046708,에이치아이차고문,"서비스,산업 > 제조업",37.6169443102254,127.059147764875,http://place.map.kakao.com/26046708,한국예술종합학교 문
8644095,한국예술종합학교 석관동캠퍼스,20524849,열린문교회,"문화,예술 > 종교 > 기독교 > 교회",37.6157251518428,127.053750871767,http://place.map.kakao.com/20524849,한국예술종합학교 문
8644095,한국예술종합학교 석관동캠퍼스,1269569358,희망부동산이문아이파크자이래미안라그란데공인중개사사무소,부동산 > 부동산서비스 > 부동산중개업,37.59652262742182,127.06235880880205,http://place.map.kakao.com/1269569358,한국예술종합학교 문
8644095,한국예술종합학교 석관동캠퍼스,9256456,열린문사회복지센터,"사회,공공기관 > 단체,협회 > 사회복지시설",37.6033775973348,127.074398040667,http://place.map.kakao.com/9256456,한국예술종합학교 문
8644095,한국예술종합학교 석관동캠퍼스,1757451249,문디자인,"서비스,산업 > 건설,건축 > 인테리어",37.6000526524487,127.036743270922,http://place.map.kakao.com/1757451249,한국예술종합학교 문
8644095,한국예술종합학교 석관동캠퍼스,27280849,열린문교회,"문화,예술 > 종교 > 기독교 > 교회",37.59741218823,127.081159135531,http://place.map.kakao.com/27280849,한국예술종합학교 문
8644095,한국예술종합학교 석관동캠퍼스,9308461,열린문배움터,"교육,학문 > 학교부속시설",37.6033667911709,127.074388970235,http://place.map.kakao.com/9308461,한국예술종합학교 문
8644095,한국예술종합학교 석관동캠퍼스,389908158,문 아이스 방구 크림 장곡초점,"가정,생활 > 식품판매",37.6167468678848,127.047458537638,http://place.map.kakao.com/389908158,한국예술종합학교 문
8644095,한국예술종합학교 석관동캠퍼스,8336590,문스튜디오,"문화,예술 > 사진 > 사진관,포토스튜디오",37.6229173464522,127.048409443711,http://place.map.kakao.com/8336590,한국예술종합학교 문
8644095,한국예술종합학교 석관동캠퍼스,636821672,상길례문화공원,여행 > 공원 > 도시근린공원,37.6196786008141,127.045376221336,http://place.map.kakao.com/636821672,한국예술종합학교 문
8644095,한국예술종합학교 석관동캠퍼스,2003274857,JW자동문,"서비스,산업 > 건설,건축 > 인테리어",37.5916418528575,127.076336144867,http://place.map.kakao.com/2003274857,한국예술종합학교 문
8644095,한국예술종합학교 석관동캠퍼스,1156705583,샵자동문,"서비스,산업 > 제조업 > 전기,전자 > 자동화장치",37.5909529012061,127.073002036065,http://place.map.kakao.com/1156705583,한국예술종합학교 문
8644095,한국예술종합학교 석관동캠퍼스,883234761,열린문교회,"문화,예술 > 종교 > 기독교 > 교회",37.5900197453834,127.083466572386,http://place.map.kakao.com/883234761,한국예술종합학교 문
8644095,한국예술종합학교 석관동캠퍼스,27102657,자동문백화점,"서비스,산업 > 건설,건축 > 건설자재",37.5978671280886,127.079927605139,http://place.map.kakao.com/27102657,한국예술종합학교 문
8644095,한국예술종합학교 석관동캠퍼스,991882216,현대자동문 은우테크,"서비스,산업 > 건설,건축 > 시공업체 > 유리,창호시공",37.590290268992945,127.07648422283131,http://place.map.kakao.com/991882216,한국예술종합학교 문
8644095,한국예술종합학교 석관동캠퍼스,670146170,문헤어,"가정,생활 > 미용 > 미용실",37.6161027468659,127.079198437409,http://place.map.kakao.com/670146170,한국예술종합학교 문
8644095,한국예술종합학교 석관동캠퍼스,401581722,도서출판샘문,"문화,예술 > 도서 > 출판사 > 잡지사,정기간행물출판",37.58895657198204,127.07683611711246,http://place.map.kakao.com/401581722,한국예술종합학교 문
8644095,한국예술종합학교 석관동캠퍼스,113052724,신속열쇠24시출장현관문디지털도어락 설치,"가정,생활 > 생활용품점 > 열쇠",37.6070998918954,127.078108471112,http://place.map.kakao.com/113052724,한국예술종합학교 문
8644095,한국예술종합학교 석관동캠퍼스,25867874,신흥자동문,"서비스,산업 > 건설,건축 > 인테리어",37.6007261178144,127.083617819224,http://place.map.kakao.com/25867874,한국예술종합학교 문
8644095,한국예술종합학교 석관동캠퍼스,845726101,블루문헤어살롱,"가정,생활 > 미용 > 미용실",37.5943395828769,127.086549048201,http://place.map.kakao.com/845726101,한국예술종합학교 문
8644095,한국예술종합학교 석관동캠퍼스,1297031572,지혜문,"문화,예술 > 도서 > 출판사",37.5867809744012,127.036964320068,http://place.map.kakao.com/1297031572,한국예술종합학교 문
8644095,한국예술종합학교 석관동캠퍼스,1921269947,아성승합차자동문,"서비스,산업 > 제조업 > 전기,전자 > 자동화장치",37.620258027196314,127.08064026042148,http://place.map.kakao.com/1921269947,한국예술종합학교 문
8644095,한국예술종합학교 석관동캠퍼스,1328760609,네일 문,"가정,생활 > 미용",37.5952029944838,127.087416284515,http://place.map.kakao.com/1328760609,한국예술종합학교 문
8644095,한국예술종합학교 석관동캠퍼스,753736979,신속열쇠현관문도어락설치,"가정,생활 > 생활용품점 > 열쇠",37.6244384055737,127.075498563599,http://place.map.kakao.com/753736979,한국예술종합학교 문
8644095,한국예술종합학교 석관동캠퍼스,2013988709,24시디지털도어락게이트맨현관문출장열쇠,"가정,생활 > 생활용품점 > 열쇠",37.62408675205,127.046354218528,http://place.map.kakao.com/2013988709,한국예술종합학교 문
8644095,한국예술종합학교 석관동캠퍼스,24530016,대한불교진각종 진각문화전승원,"문화,예술 > 종교 > 불교 > 절,사찰",37.6047850318743,127.041063746891,http://place.map.kakao.com/24530016,한국예술종합학교 문
8644095,한국예술종합학교 석관동캠퍼스,72726095,스타투 빙커피전문점,음식점 > 카페,37.62107767869969,127.07414835191871,http://place.map.kakao.com/72726095,한국예술종합학교 문
11219441,한국체육대학교,1151322006,올림픽파크포레온아파트 게이트3,"교통,수송 > 입출구",37.52311391365355,127.13706161065981,http://place.map.kakao.com/1151322006,한국체육대학교 게이트
11219441,한국체육대학교,502664524,올림픽공원 SK올림픽핸드볼경기장 게이트1-3,"교통,수송 > 입출구",37.5170679705957,127.126768371778,http://place.map.kakao.com/502664524,한국체육대학교 게이트
11219441,한국체육대학교,510458889,올림픽공원 북2문,"교통,수송 > 입출구",37.5236858176236,127.127786383512,http://place.map.kakao.com/510458889,한국체육대학교 게이트
11219441,한국체육대학교,1665309698,올림픽공원 SK올림픽핸드볼경기장 게이트1-1,"교통,수송 > 입출구",37.5168880734995,127.12648527989,http://place.map.kakao.com/1665309698,한국체육대학교 게이트
11219441,한국체육대학교,2131046587,올림픽공원 SK올림픽핸드볼경기장 게이트1-2,"교통,수송 > 입출구",37.5169605406739,127.126123433756,http://place.map.kakao.com/2131046587,한국체육대학교 게이트
11219441,한국체육대학교,15143478,올림픽공원북2문교차로,"교통,수송 > 도로시설 > 교차로",37.5239503110019,127.127990460878,http://place.map.kakao.com/15143478,한국체육대학교 게이트
11219441,한국체육대학교,884502117,올림픽파크포레온아파트 게이트1,"교통,수송 > 입출구",37.52417063865604,127.13641306927553,http://place.map.kakao.com/884502117,한국체육대학교 게이트
11219441,한국체육대학교,1535821592,올림픽공원 남2문주차장,"교통,수송 > 교통시설 > 주차장",37.514961890230566,127.12463830138185,http://place.map.kakao.com/1535821592,한국체육대학교 게이트
11219441,한국체육대학교,7945712,올림픽공원 세계평화의문,"여행 > 관광,명소 > 문화유적 > 탑,비석",37.5183660689817,127.115592319437,http://place.map.kakao.com/7945712,한국체육대학교 게이트
11219441,한국체육대학교,26396985,올림픽공원 남2문,"교통,수송 > 입출구",37.51434218890176,127.12273700280079,http://place.map.kakao.com/26396985,한국체육대학교 게이트
11219441,한국체육대학교,27208210,올림픽공원 동2문주차장,"교통,수송 > 교통시설 > 주차장",37.51629979328734,127.12891624101309,http://place.map.kakao.com/27208210,한국체육대학교 게이트
11219441,한국체육대학교,21945605,서울올림픽공원 북1문,"교통,수송 > 입출구",37.5254505990758,127.123648910405,http://place.map.kakao.com/21945605,한국체육대학교 게이트
11219441,한국체육대학교,26021156,올림픽공원 동2문,"교통,수송 > 입출구",37.51607331541359,127.13003567800881,http://place.map.kakao.com/26021156,한국체육대학교 게이트
11219441,한국체육대학교,977880773,원베러커피 올림픽북문점,음식점 > 카페,37.524465618384234,127.12887938397793,http://place.map.kakao.com/977880773,한국체육대학교 게이트
11219441,한국체육대학교,816397042,올림픽파크 한양수자인 아파트 정문,"교통,수송 > 입출구",37.5265152759287,127.128990383143,http://place.map.kakao.com/816397042,한국체육대학교 게이트
11219441,한국체육대학교,1859204222,올림픽파크포레온아파트 게이트2,"교통,수송 > 입출구",37.5229925082222,127.13686342115828,http://place.map.kakao.com/1859204222,한국체육대학교 게이트
11219441,한국체육대학교,860850374,올림픽파크포레온아파트 게이트4,"교통,수송 > 입출구",37.52505197272601,127.13783215962337,http://place.map.kakao.com/860850374,한국체육대학교 게이트
11219441,한국체육대학교,1212554696,올림픽파크포레온아파트 게이트5,"교통,수송 > 입출구",37.5255159056672,127.137903152553,http://place.map.kakao.com/1212554696,한국체육대학교 게이트
11219441,한국체육대학교,15140625,올림픽공원동문교차로,"교통,수송 > 도로시설 > 교차로",37.5158600751067,127.130582777221,http://place.map.kakao.com/15140625,한국체육대학교 게이트
11219441,한국체육대학교,1913233212,올림픽파크포레온아파트 게이트9,"교통,수송 > 입출구",37.521290611241,127.139858036449,http://place.map.kakao.com/1913233212,한국체육대학교 게이트
11219441,한국체육대학교,915324167,올림픽공원 동1문,"교통,수송 > 입출구",37.5169227341771,127.131056318752,http://place.map.kakao.com/915324167,한국체육대학교 게이트
11219441,한국체육대학교,1574990227,그린게이트네트웍,"가정,생활 > 생활용품점 > 침구판매",37.5109261349131,127.126484267183,http://place.map.kakao.com/1574990227,한국체육대학교 게이트
11219441,한국체육대학교,2055734695,올림픽파크포레온아파트 게이트8,"교통,수송 > 입출구",37.5228147748214,127.14013803521,http://place.map.kakao.com/2055734695,한국체육대학교 게이트
11219441,한국체육대학교,1376627535,한솔브리즈아파트 정문,"교통,수송 > 입출구",37.5245278241068,127.129669114378,http://place.map.kakao.com/1376627535,한국체육대학교 게이트
11219441,한국체육대학교,1484151071,게이트,"음식점 > 술집 > 호프,요리주점",37.5158879512769,127.112227893971,http://place.map.kakao.com/1484151071,한국체육대학교 게이트
11219441,한국체육대학교,1683500220,올림픽파크포레온아파트 게이트7,"교통,수송 > 입출구",37.524629832391,127.140526061038,http://place.map.kakao.com/1683500220,한국체육대학교 게이트
11219441,한국체육대학교,1128138464,서울 둔촌초등학교 후문,"교통,수송 > 입출구",37.5258475791533,127.137813260253,http://place.map.kakao.com/1128138464,한국체육대학교 게이트
11219441,한국체육대학교,1324088513,올림픽파크포레온아파트 게이트6,"교통,수송 > 입출구",37.5253675310963,127.141466405626,http://place.map.kakao.com/1324088513,한국체육대학교 게이트
11219441,한국체육대학교,1870215007,성내올림픽파크한양수자인아파트 후문,"교통,수송 > 입출구",37.5271619729839,127.127535506635,http://place.map.kakao.com/1870215007,한국체육대학교 게이트
11219441,한국체육대학교,1181878704,올림픽프라자상가 제2문,"교통,수송 > 입출구",37.5151586689313,127.132582513685,http://place.map.kakao.com/1181878704,한국체육대학교 게이트
11219441,한국체육대학교,1912705579,성내삼성아파트 정문,"교통,수송 > 입출구",37.53048346440495,127.12547870061573,http://place.map.kakao.com/1912705579,한국체육대학교 게이트
11219441,한국체육대학교,832111629,둔촌역청구아파트 정문,"교통,수송 > 입출구",37.52957538287726,127.13357758689895,http://place.map.kakao.com/832111629,한국체육대학교 게이트
11219441,한국체육대학교,1424719264,중앙보훈병원 정문,"교통,수송 > 입출구",37.530296395174915,127.14849009964554,http://place.map.kakao.com/1424719264,한국체육대학교 게이트
11219441,한국체육대학교,474981426,중앙보훈병원 후문,"교통,수송 > 입출구",37.52849706274,127.146351721904,http://place.map.kakao.com/474981426,한국체육대학교 게이트
11219441,한국체육대학교,1604974239,올림픽공원 남3문 주차장,"교통,수송 > 교통시설 > 주차장",37.51612960300019,127.11849815916251,http://place.map.kakao.com/1604974239,한국체육대학교 게이트
11219441,한국체육대학교,429172225,올림픽공원 남1문,"교통,수송 > 입출구",37.5123421702246,127.127640360059,http://place.map.kakao.com/429172225,한국체육대학교 게이트
11219441,한국체육대학교,15141357,올림픽공원 남4문사거리,"교통,수송 > 도로시설 > 교차로",37.5165168411068,127.115969531705,http://place.map.kakao.com/15141357,한국체육대학교 게이트
11219441,한국체육대학교,10623519,올림픽공원 남3문,"교통,수송 > 입출구",37.5158079589915,127.118484076975,http://place.map.kakao.com/10623519,한국체육대학교 게이트
11219441,한국체육대학교,1140023117,대림아파트 후문,"교통,수송 > 입출구",37.5104322310906,127.128297642543,http://place.map.kakao.com/1140023117,한국체육대학교 게이트
11219441,한국체육대학교,834425585,올림픽공원 서1문,"교통,수송 > 입출구",37.5197613624824,127.115037924471,http://place.map.kakao.com/834425585,한국체육대학교 게이트
11219441,한국체육대학교,1285698719,올림픽공원 서2문,"교통,수송 > 입출구",37.5221174342119,127.116009874116,http://place.map.kakao.com/1285698719,한국체육대학교 게이트
11219441,한국체육대학교,572825460,올림픽선수기자촌아파트 후문,"교통,수송 > 입출구",37.50979822644,127.13371199247,http://place.map.kakao.com/572825460,한국체육대학교 게이트
11219441,한국체육대학교,24268120,올림픽공원 남4문,"교통,수송 > 입출구",37.5166753240835,127.116064793319,http://place.map.kakao.com/24268120,한국체육대학교 게이트
11219441,한국체육대학교,27149694,서울방이초등학교 후문,"교통,수송 > 입출구",37.5131032528352,127.120162867912,http://place.map.kakao.com/27149694,한국체육대학교 게이트
11219441,한국체육대학교,632048198,파크리오아파트 정문,"교통,수송 > 입출구",37.52005432360894,127.11208594684847,http://place.map.kakao.com/632048198,한국체육대학교 게이트
11219441,한국체육대학교,120715350,서울올림픽공원 동3문,"교통,수송 > 입출구",37.5125436127958,127.127993601539,http://place.map.kakao.com/120715350,한국체육대학교 gate
11219441,한국체육대학교,1597975836,성내삼성아파트 후문,"교통,수송 > 입출구",37.5321756370739,127.127076782891,http://place.map.kakao.com/1597975836,한국체육대학교 gate
11219441,한국체육대학교,217304905,성안마을청구아파트 후문,"교통,수송 > 입출구",37.5314867686094,127.12416233448,http://place.map.kakao.com/217304905,한국체육대학교 gate
11219441,한국체육대학교,267166607,송파레미니스1단지아파트 정문,"교통,수송 > 입출구",37.5075502814204,127.136026551857,http://place.map.kakao.com/267166607,한국체육대학교 gate
11219441,한국체육대학교,524246413,서울아산병원 남문,"교통,수송 > 입출구",37.52650597208945,127.11253567307618,http://place.map.kakao.com/524246413,한국체육대학교 gate
11219441,한국체육대학교,1811703851,파크리오아파트 북문,"교통,수송 > 입출구",37.5229535397306,127.111354976627,http://place.map.kakao.com/1811703851,한국체육대학교 gate
11219441,한국체육대학교,561333122,래미안강동팰리스아파트 정문,"교통,수송 > 입출구",37.5376067819729,127.131272412585,http://place.map.kakao.com/561333122,한국체육대학교 gate
11219441,한국체육대학교,518381504,잠실올림픽공원아이파크아파트 정문,"교통,수송 > 입출구",37.52487743780823,127.11391790256562,http://place.map.kakao.com/518381504,한국체육대학교 gate
11219441,한국체육대학교,1553997479,송파레미니스2단지아파트 정문,"교통,수송 > 입출구",37.506067380697,127.13822363068854,http://place.map.kakao.com/1553997479,한국체육대학교 gate
11219441,한국체육대학교,765238048,서울아산병원 정문,"교통,수송 > 입출구",37.5273714841994,127.111001787323,http://place.map.kakao.com/765238048,한국체육대학교 gate
11219441,한국체육대학교,149952080,대림아파트 후문,"교통,수송 > 입출구",37.50886214135484,127.12459422780712,http://place.map.kakao.com/149952080,한국체육대 gate
11219441,한국체육대학교,1553966225,송파레미니스2단지아파트 후문,"교통,수송 > 입출구",37.5055622012707,127.137207079911,http://place.map.kakao.com/1553966225,한국체육대 gate
10942308,한양여자대학교,689197429,한양대학교 후문,"교통,수송 > 입출구",37.5558504729312,127.049864448928,http://place.map.kakao.com/689197429,한양여자대학교 게이트
10942308,한양여자대학교,684755187,한양대학교 서울캠퍼스 정문,"교통,수송 > 입출구",37.5579753193835,127.042173212423,http://place.map.kakao.com/684755187,한양여자대학교 게이트
18710749,홍익대학교 대학로캠퍼스,1358559046,홍익대학교사범대학 부속고등학교 후문,"교통,수송 > 입출구",37.5950289781094,127.003791050107,http://place.map.kakao.com/1358559046,홍익대학교 게이트
