{
"type": "FeatureCollection",
"name": "B_edges",
"crs": { "type": "name", "properties": { "name": "urn:ogc:def:crs:OGC:1.3:CRS84" } },
"features": [
{ "type": "Feature", "properties": { "학교": "숭실대", "u": "2825727213", "v": "11413637819", "key": 0, "highway": "footway", "name": null, "length_m": 8.0618986232532315, "기준길이_m": 60.0, "조각수": 1, "최대경사_pct": 5.7349789684208945, "B등급": "주의", "기준선_근처": true, "계단": false }, "geometry": { "type": "LineString", "coordinates": [ [ 126.956733700000015, 37.4907292 ], [ 126.9566976, 37.490795899999988 ] ] } },
{ "type": "Feature", "properties": { "학교": "숭실대", "u": "2825727213", "v": "2825728925", "key": 0, "highway": "tertiary", "name": "관악로40길", "length_m": 43.634890795998757, "기준길이_m": 60.0, "조각수": 1, "최대경사_pct": 5.2780934503252297, "B등급": "양호", "기준선_근처": true, "계단": false }, "geometry": { "type": "LineString", "coordinates": [ [ 126.9571318, 37.490980300000025 ], [ 126.956857600000021, 37.4908801 ], [ 126.9566976, 37.490795899999988 ] ] } },
{ "type": "Feature", "properties": { "학교": "숭실대", "u": "2825727213", "v": "11413637528", "key": 0, "highway": [ "footway", "steps" ], "name": null, "length_m": 113.88868338273548, "기준길이_m": 113.88868338273548, "조각수": 1, "최대경사_pct": 4.0397415862364623, "B등급": "양호", "기준선_근처": true, "계단": true }, "geometry": { "type": "LineString", "coordinates": [ [ 126.9560891, 37.4909779 ], [ 126.956109499999982, 37.4910224 ], [ 126.9561006, 37.4911927 ], [ 126.9565388, 37.491216 ], [ 126.9565814, 37.490935 ], [ 126.956634100000016, 37.4909138 ], [ 126.9566976, 37.490795899999988 ] ] } },
{ "type": "Feature", "properties": { "학교": "숭실대", "u": "11413637586", "v": "8537416816", "key": 0, "highway": "primary", "name": "관악로", "length_m": 93.221092515774629, "기준길이_m": 93.221092515774629, "조각수": 1, "최대경사_pct": 10.892882567575667, "B등급": "위험", "기준선_근처": true, "계단": false }, "geometry": { "type": "LineString", "coordinates": [ [ 126.957081700000018, 37.4898833 ], [ 126.9568123, 37.4903063 ], [ 126.95659160000001, 37.4906268 ] ] } },
{ "type": "Feature", "properties": { "학교": "숭실대", "u": "11413637586", "v": "11413637819", "key": 0, "highway": "footway", "name": null, "length_m": 20.489097161567987, "기준길이_m": 60.0, "조각수": 1, "최대경사_pct": 4.7061432545612076, "B등급": "양호", "기준선_근처": true, "계단": false }, "geometry": { "type": "LineString", "coordinates": [ [ 126.956733700000015, 37.4907292 ], [ 126.956755, 37.4906963 ], [ 126.95659160000001, 37.4906268 ] ] } },
{ "type": "Feature", "properties": { "학교": "숭실대", "u": "11413637586", "v": "11413637622", "key": 0, "highway": "footway", "name": null, "length_m": 49.332825797340057, "기준길이_m": 60.0, "조각수": 1, "최대경사_pct": 5.9227429091890356, "B등급": "주의", "기준선_근처": true, "계단": false }, "geometry": { "type": "LineString", "coordinates": [ [ 126.956172100000018, 37.4907442 ], [ 126.956237800000011, 37.4907179 ], [ 126.956315599999982, 37.490665600000014 ], [ 126.956407, 37.4905483 ], [ 126.95659160000001, 37.4906268 ] ] } },
{ "type": "Feature", "properties": { "학교": "숭실대", "u": "1872054485", "v": "969906543", "key": 0, "highway": "primary", "name": [ "관악로", "상도로" ], "length_m": 166.52262360353171, "기준길이_m": 83.261311801765856, "조각수": 2, "최대경사_pct": 4.2247812453328084, "B등급": "양호", "기준선_근처": true, "계단": false }, "geometry": { "type": "LineString", "coordinates": [ [ 126.9565445, 37.4923984 ], [ 126.9564035, 37.4919696 ], [ 126.9563364, 37.4915825 ], [ 126.9563217, 37.4911802 ], [ 126.9563442, 37.491075 ], [ 126.956414899999984, 37.4909283 ] ] } },
{ "type": "Feature", "properties": { "학교": "숭실대", "u": "436821652", "v": "2825727130", "key": 0, "highway": "service", "name": "상도로68길", "length_m": 26.939767494360982, "기준길이_m": 60.0, "조각수": 1, "최대경사_pct": 0.92722720780434054, "B등급": "양호", "기준선_근처": true, "계단": false }, "geometry": { "type": "LineString", "coordinates": [ [ 126.956270599999982, 37.4925615 ], [ 126.956574799999984, 37.4925486 ] ] } },
{ "type": "Feature", "properties": { "학교": "숭실대", "u": "436821652", "v": "969906543", "key": 0, "highway": "primary", "name": "상도로", "length_m": 16.884216510289232, "기준길이_m": 60.0, "조각수": 1, "최대경사_pct": 6.8407713783113406, "B등급": "주의", "기준선_근처": true, "계단": false }, "geometry": { "type": "LineString", "coordinates": [ [ 126.9565445, 37.4923984 ], [ 126.956574799999984, 37.4925486 ] ] } },
{ "type": "Feature", "properties": { "학교": "숭실대", "u": "436821652", "v": "436821653", "key": 0, "highway": "primary", "name": "상도로", "length_m": 28.232757655453668, "기준길이_m": 60.0, "조각수": 1, "최대경사_pct": 10.820446369370629, "B등급": "위험", "기준선_근처": true, "계단": false }, "geometry": { "type": "LineString", "coordinates": [ [ 126.9565564, 37.4928023 ], [ 126.956575, 37.4926409 ], [ 126.956574799999984, 37.4925486 ] ] } },
{ "type": "Feature", "properties": { "학교": "숭실대", "u": "2825727130", "v": "11413637533", "key": 0, "highway": "footway", "name": null, "length_m": 12.741431528538778, "기준길이_m": 60.0, "조각수": 1, "최대경사_pct": 9.775834255724499, "B등급": "위험", "기준선_근처": true, "계단": false }, "geometry": { "type": "LineString", "coordinates": [ [ 126.9562547, 37.492447400000017 ], [ 126.956270599999982, 37.4925615 ] ] } },
{ "type": "Feature", "properties": { "학교": "숭실대", "u": "2825727130", "v": "2825727126", "key": 0, "highway": "service", "name": "상도로68길", "length_m": 89.074046389964963, "기준길이_m": 89.074046389964963, "조각수": 1, "최대경사_pct": 12.109354574518569, "B등급": "위험", "기준선_근처": true, "계단": false }, "geometry": { "type": "LineString", "coordinates": [ [ 126.9559464, 37.4932835 ], [ 126.9559336, 37.4932573 ], [ 126.955928599999979, 37.493228 ], [ 126.9559371, 37.4931689 ], [ 126.955952100000019, 37.4931025 ], [ 126.9560133, 37.492941599999988 ], [ 126.9560736, 37.4927743 ], [ 126.9561276, 37.492672600000027 ], [ 126.9561586, 37.492628 ], [ 126.956192800000011, 37.492593200000016 ], [ 126.956236200000021, 37.4925709 ], [ 126.956270599999982, 37.4925615 ] ] } },
{ "type": "Feature", "properties": { "학교": "숭실대", "u": "2825727130", "v": "11413637692", "key": 0, "highway": "footway", "name": null, "length_m": 88.360724485393206, "기준길이_m": 88.360724485393206, "조각수": 1, "최대경사_pct": 12.248708475980228, "B등급": "위험", "기준선_근처": true, "계단": false }, "geometry": { "type": "LineString", "coordinates": [ [ 126.9559613, 37.4932929 ], [ 126.956083399999983, 37.4931351 ], [ 126.9562095, 37.4929942 ], [ 126.95626, 37.4928296 ], [ 126.956268100000017, 37.49267720000001 ], [ 126.956270599999982, 37.4925615 ] ] } },
{ "type": "Feature", "properties": { "학교": "숭실대", "u": "969906543", "v": "11413637845", "key": 0, "highway": "footway", "name": null, "length_m": 15.15255090239339, "기준길이_m": 60.0, "조각수": 1, "최대경사_pct": 9.1106925167820663, "B등급": "위험", "기준선_근처": true, "계단": false }, "geometry": { "type": "LineString", "coordinates": [ [ 126.956712200000013, 37.4923704 ], [ 126.9565445, 37.4923984 ] ] } },
{ "type": "Feature", "properties": { "학교": "숭실대", "u": "969906543", "v": "11413637533", "key": 0, "highway": "footway", "name": null, "length_m": 26.198947888724966, "기준길이_m": 60.0, "조각수": 1, "최대경사_pct": 0.92099148681612053, "B등급": "양호", "기준선_근처": true, "계단": false }, "geometry": { "type": "LineString", "coordinates": [ [ 126.9562547, 37.492447400000017 ], [ 126.9565445, 37.4923984 ] ] } },
{ "type": "Feature", "properties": { "학교": "숭실대", "u": "436821653", "v": "14074780684", "key": 0, "highway": "primary", "name": "상도로", "length_m": 132.95581567996618, "기준길이_m": 66.477907839983089, "조각수": 2, "최대경사_pct": 8.7545353481832162, "B등급": "위험", "기준선_근처": true, "계단": false }, "geometry": { "type": "LineString", "coordinates": [ [ 126.9558581, 37.4938378 ], [ 126.9562509, 37.4933961 ], [ 126.9564612, 37.4931232 ], [ 126.9565436, 37.4929888 ], [ 126.9565564, 37.4928023 ] ] } },
{ "type": "Feature", "properties": { "학교": "숭실대", "u": "14074780684", "v": "12864837514", "key": 0, "highway": "service", "name": null, "length_m": 96.08865458424151, "기준길이_m": 96.08865458424151, "조각수": 1, "최대경사_pct": 0.054656651338005111, "B등급": "양호", "기준선_근처": false, "계단": false }, "geometry": { "type": "LineString", "coordinates": [ [ 126.956418, 37.4944049 ], [ 126.9563709, 37.4941248 ], [ 126.9563621, 37.4940151 ], [ 126.956306200000014, 37.4939334 ], [ 126.9560914, 37.4939334 ], [ 126.9559797, 37.4938868 ], [ 126.9558581, 37.4938378 ] ] } },
{ "type": "Feature", "properties": { "학교": "숭실대", "u": "436821663", "v": "11413637825", "key": 0, "highway": "primary", "name": "상도로", "length_m": 18.075145887705695, "기준길이_m": 60.0, "조각수": 1, "최대경사_pct": 5.4454500418565983, "B등급": "양호", "기준선_근처": true, "계단": false }, "geometry": { "type": "LineString", "coordinates": [ [ 126.9541044, 37.495629 ], [ 126.9542155, 37.4954923 ] ] } },
{ "type": "Feature", "properties": { "학교": "숭실대", "u": "13316391021", "v": "13528976148", "key": 0, "highway": "primary", "name": "상도로", "length_m": 17.961643990377414, "기준길이_m": 60.0, "조각수": 1, "최대경사_pct": 6.3137495525191643, "B등급": "주의", "기준선_근처": true, "계단": false }, "geometry": { "type": "LineString", "coordinates": [ [ 126.9542131, 37.495692 ], [ 126.954323, 37.495555900000014 ] ] } },
{ "type": "Feature", "properties": { "학교": "숭실대", "u": "11413637825", "v": "13528976148", "key": 0, "highway": "footway", "name": null, "length_m": 11.886500108670223, "기준길이_m": 60.0, "조각수": 1, "최대경사_pct": 0.12953872646200182, "B등급": "양호", "기준선_근처": false, "계단": false }, "geometry": { "type": "LineString", "coordinates": [ [ 126.9542131, 37.495692 ], [ 126.9541044, 37.495629 ] ] } },
{ "type": "Feature", "properties": { "학교": "숭실대", "u": "11413637825", "v": "11413637566", "key": 0, "highway": "footway", "name": null, "length_m": 5.6857719960395041, "기준길이_m": 60.0, "조각수": 1, "최대경사_pct": 0.96303209561114045, "B등급": "양호", "기준선_근처": true, "계단": false }, "geometry": { "type": "LineString", "coordinates": [ [ 126.9540535, 37.4955977 ], [ 126.9541044, 37.495629 ] ] } },
{ "type": "Feature", "properties": { "학교": "숭실대", "u": "436849858", "v": "2824759281", "key": 0, "highway": "primary", "name": "사당로", "length_m": 8.1829200003206264, "기준길이_m": 60.0, "조각수": 1, "최대경사_pct": 9.0078753526558817, "B등급": "위험", "기준선_근처": true, "계단": false }, "geometry": { "type": "LineString", "coordinates": [ [ 126.9608523, 37.494771 ], [ 126.9609436, 37.494759 ] ] } },
{ "type": "Feature", "properties": { "학교": "숭실대", "u": "436849858", "v": "8482789908", "key": 0, "highway": "primary", "name": "사당로", "length_m": 349.60221906427421, "기준길이_m": 69.920443812854842, "조각수": 5, "최대경사_pct": 14.301968715709876, "B등급": "위험", "기준선_근처": false, "계단": false }, "geometry": { "type": "LineString", "coordinates": [ [ 126.963264400000014, 37.4924411 ], [ 126.9630493, 37.4926419 ], [ 126.962902899999989, 37.4928366 ], [ 126.9624815, 37.4936954 ], [ 126.962297400000011, 37.494057 ], [ 126.9621223, 37.4942888 ], [ 126.96182730000001, 37.4945174 ], [ 126.9614936, 37.4946476 ], [ 126.9609436, 37.494759 ] ] } },
{ "type": "Feature", "properties": { "학교": "숭실대", "u": "2824759281", "v": "12785639994", "key": 0, "highway": "residential", "name": "서달로", "length_m": 61.209728906799036, "기준길이_m": 61.209728906799036, "조각수": 1, "최대경사_pct": 3.8590705006147625, "B등급": "양호", "기준선_근처": true, "계단": false }, "geometry": { "type": "LineString", "coordinates": [ [ 126.9611947, 37.4952503 ], [ 126.9608523, 37.494771 ] ] } },
{ "type": "Feature", "properties": { "학교": "숭실대", "u": "2824759281", "v": "13322228135", "key": 0, "highway": "tertiary", "name": "관악로40길", "length_m": 113.49495455265659, "기준길이_m": 113.49495455265659, "조각수": 1, "최대경사_pct": 10.524316520732382, "B등급": "위험", "기준선_근처": true, "계단": false }, "geometry": { "type": "LineString", "coordinates": [ [ 126.960189700000015, 37.493906100000025 ], [ 126.960199, 37.4939815 ], [ 126.960730799999979, 37.4945888 ], [ 126.9608523, 37.494771 ] ] } },
{ "type": "Feature", "properties": { "학교": "숭실대", "u": "2824759281", "v": "5746089412", "key": 0, "highway": "primary", "name": "사당로", "length_m": 116.79179463789632, "기준길이_m": 116.79179463789632, "조각수": 1, "최대경사_pct": 8.3782531445951207, "B등급": "위험", "기준선_근처": true, "계단": false }, "geometry": { "type": "LineString", "coordinates": [ [ 126.9595446, 37.4949183 ], [ 126.96045220000002, 37.4948161 ], [ 126.9608523, 37.494771 ] ] } },
{ "type": "Feature", "properties": { "학교": "숭실대", "u": "14076316446", "v": "13322228135", "key": 0, "highway": "service", "name": null, "length_m": 244.38547659568604, "기준길이_m": 61.096369148921511, "조각수": 4, "최대경사_pct": 2.3875531778016525, "B등급": "양호", "기준선_근처": true, "계단": false }, "geometry": { "type": "LineString", "coordinates": [ [ 126.960189700000015, 37.493906100000025 ], [ 126.9614466, 37.4932733 ], [ 126.961502300000021, 37.4932556 ], [ 126.961594, 37.4932529 ], [ 126.9616528, 37.4932655 ], [ 126.961718100000013, 37.4933596 ], [ 126.9618642, 37.4935936 ], [ 126.9620818, 37.4940401 ] ] } },
{ "type": "Feature", "properties": { "학교": "숭실대", "u": "8482789908", "v": "8482835723", "key": 0, "highway": "residential", "name": null, "length_m": 39.76539822170195, "기준길이_m": 60.0, "조각수": 1, "최대경사_pct": 2.4921530357962256, "B등급": "양호", "기준선_근처": true, "계단": false }, "geometry": { "type": "LineString", "coordinates": [ [ 126.9628989, 37.4922324 ], [ 126.963264400000014, 37.4924411 ] ] } },
{ "type": "Feature", "properties": { "학교": "숭실대", "u": "11413637533", "v": "11413637528", "key": 0, "highway": "footway", "name": null, "length_m": 165.16446051451879, "기준길이_m": 82.582230257259397, "조각수": 2, "최대경사_pct": 0.99048975691128571, "B등급": "양호", "기준선_근처": true, "계단": false }, "geometry": { "type": "LineString", "coordinates": [ [ 126.9560891, 37.4909779 ], [ 126.956079100000011, 37.4910759 ], [ 126.956058400000018, 37.491693500000018 ], [ 126.9560919, 37.491873 ], [ 126.9560991, 37.4919113 ], [ 126.956211400000015, 37.4922072 ], [ 126.9562547, 37.492447400000017 ] ] } },
{ "type": "Feature", "properties": { "학교": "숭실대", "u": "1667060265", "v": "6428306251", "key": 0, "highway": "steps", "name": null, "length_m": 70.024944631135597, "기준길이_m": 70.024944631135597, "조각수": 1, "최대경사_pct": 19.053382311328217, "B등급": "위험", "기준선_근처": false, "계단": true }, "geometry": { "type": "LineString", "coordinates": [ [ 126.966403500000013, 37.495182500000013 ], [ 126.967032, 37.4955663 ] ] } },
{ "type": "Feature", "properties": { "학교": "숭실대", "u": "1667060265", "v": "7552260751", "key": 0, "highway": "service", "name": null, "length_m": 6.3781824350891352, "기준길이_m": 60.0, "조각수": 1, "최대경사_pct": 0.57391822972623652, "B등급": "양호", "기준선_근처": false, "계단": false }, "geometry": { "type": "LineString", "coordinates": [ [ 126.967092, 37.4955364 ], [ 126.9670584, 37.4955466 ], [ 126.967032, 37.4955663 ] ] } },
{ "type": "Feature", "properties": { "학교": "숭실대", "u": "1667060265", "v": "1667060481", "key": 0, "highway": "service", "name": null, "length_m": 151.18709376836037, "기준길이_m": 75.593546884180185, "조각수": 2, "최대경사_pct": 2.3342256772076304, "B등급": "양호", "기준선_근처": true, "계단": false }, "geometry": { "type": "LineString", "coordinates": [ [ 126.9661276, 37.4967006 ], [ 126.9661762, 37.4966153 ], [ 126.9664478, 37.4961153 ], [ 126.966565500000016, 37.4959638 ], [ 126.9666938, 37.4958294 ], [ 126.966878799999989, 37.4956806 ], [ 126.967032, 37.4955663 ] ] } },
{ "type": "Feature", "properties": { "학교": "숭실대", "u": "1667060481", "v": "1667060965", "key": 0, "highway": "service", "name": null, "length_m": 194.68814861720327, "기준길이_m": 64.896049539067761, "조각수": 3, "최대경사_pct": 6.4418439511172574, "B등급": "주의", "기준선_근처": true, "계단": false }, "geometry": { "type": "LineString", "coordinates": [ [ 126.9660334, 37.4984227 ], [ 126.9659493, 37.4982067 ], [ 126.9659079, 37.4980625 ], [ 126.96591789999998, 37.497911 ], [ 126.9659348, 37.497578 ], [ 126.965962800000014, 37.4972661 ], [ 126.9660436, 37.496934799999984 ], [ 126.9660854, 37.4967747 ], [ 126.9661276, 37.4967006 ] ] } },
{ "type": "Feature", "properties": { "학교": "숭실대", "u": "1667060481", "v": "7552118318", "key": 0, "highway": "service", "name": null, "length_m": 196.67063103543734, "기준길이_m": 65.556877011812446, "조각수": 3, "최대경사_pct": 13.741115597226091, "B등급": "위험", "기준선_근처": false, "계단": false }, "geometry": { "type": "LineString", "coordinates": [ [ 126.96791140000002, 37.4977469 ], [ 126.9677508, 37.4976299 ], [ 126.9673556, 37.4973449 ], [ 126.966843600000018, 37.4970314 ], [ 126.9661276, 37.4967006 ] ] } },
{ "type": "Feature", "properties": { "학교": "숭실대", "u": "1667060965", "v": "2943859173", "key": 0, "highway": "service", "name": null, "length_m": 83.672179521441421, "기준길이_m": 83.672179521441421, "조각수": 1, "최대경사_pct": 18.116351825685911, "B등급": "위험", "기준선_근처": false, "계단": false }, "geometry": { "type": "LineString", "coordinates": [ [ 126.965150300000019, 37.4982993 ], [ 126.9652647, 37.4982746 ], [ 126.9654064, 37.4982489 ], [ 126.965492700000013, 37.498252 ], [ 126.9657368, 37.4982885 ], [ 126.965947299999982, 37.498354500000019 ], [ 126.9660334, 37.4984227 ] ] } },
{ "type": "Feature", "properties": { "학교": "숭실대", "u": "1667060931", "v": "2943859173", "key": 0, "highway": "service", "name": null, "length_m": 9.970210281783519, "기준길이_m": 60.0, "조각수": 1, "최대경사_pct": 18.2169541617485, "B등급": "위험", "기준선_근처": false, "계단": false }, "geometry": { "type": "LineString", "coordinates": [ [ 126.965150300000019, 37.4982993 ], [ 126.965055800000016, 37.4983483 ] ] } },
{ "type": "Feature", "properties": { "학교": "숭실대", "u": "2943859173", "v": "5406793616", "key": 0, "highway": "path", "name": null, "length_m": 529.33916437971016, "기준길이_m": 66.167395547463769, "조각수": 8, "최대경사_pct": 25.004487961685236, "B등급": "위험", "기준선_근처": false, "계단": false }, "geometry": { "type": "LineString", "coordinates": [ [ 126.9630446, 37.4945479 ], [ 126.9630455, 37.494558600000019 ], [ 126.96306220000001, 37.4947473 ], [ 126.9630065, 37.4949389 ], [ 126.9629099, 37.4952189 ], [ 126.9628765, 37.4953634 ], [ 126.9629285, 37.4956493 ], [ 126.962947, 37.4957731 ], [ 126.963002800000012, 37.4958615 ], [ 126.963140200000012, 37.4960856 ], [ 126.96321829999998, 37.4962595 ], [ 126.963223, 37.49638920000001 ], [ 126.9631242, 37.496586500000035 ], [ 126.9630882, 37.4967754 ], [ 126.9630468, 37.4969286 ], [ 126.9630362, 37.4971114 ], [ 126.963140200000012, 37.4972057 ], [ 126.9633409, 37.4972912 ], [ 126.96349690000001, 37.4973767 ], [ 126.9636121, 37.4974858 ], [ 126.963749599999986, 37.4976302 ], [ 126.963861, 37.4976891 ], [ 126.963991099999987, 37.4977216 ], [ 126.9642474, 37.4978218 ], [ 126.9643923, 37.4979456 ], [ 126.9645558, 37.4980399 ], [ 126.964745300000018, 37.4981077 ], [ 126.96498680000002, 37.498149 ], [ 126.9650685, 37.4982345 ], [ 126.965150300000019, 37.4982993 ] ] } },
{ "type": "Feature", "properties": { "학교": "숭실대", "u": "1872054412", "v": "11413637670", "key": 0, "highway": "service", "name": null, "length_m": 14.561883667429294, "기준길이_m": 60.0, "조각수": 1, "최대경사_pct": 21.65048703843193, "B등급": "위험", "기준선_근처": false, "계단": false }, "geometry": { "type": "LineString", "coordinates": [ [ 126.9552131, 37.490414600000015 ], [ 126.955136400000015, 37.4905307 ] ] } },
{ "type": "Feature", "properties": { "학교": "숭실대", "u": "1872054412", "v": "13324709490", "key": 0, "highway": "tertiary", "name": "성현로", "length_m": 66.430735694699933, "기준길이_m": 66.430735694699933, "조각수": 1, "최대경사_pct": 3.5496563155096221, "B등급": "양호", "기준선_근처": true, "계단": false }, "geometry": { "type": "LineString", "coordinates": [ [ 126.954424499999988, 37.4903582 ], [ 126.954474, 37.4903878 ], [ 126.954663599999989, 37.4904531 ], [ 126.955136400000015, 37.4905307 ] ] } },
{ "type": "Feature", "properties": { "학교": "숭실대", "u": "11413637670", "v": "11177542025", "key": 0, "highway": "service", "name": null, "length_m": 13.157088221198606, "기준길이_m": 60.0, "조각수": 1, "최대경사_pct": 14.96169843733694, "B등급": "위험", "기준선_근처": false, "계단": false }, "geometry": { "type": "LineString", "coordinates": [ [ 126.9552824, 37.4903097 ], [ 126.9552131, 37.490414600000015 ] ] } },
{ "type": "Feature", "properties": { "학교": "숭실대", "u": "11413637670", "v": "11413637576", "key": 0, "highway": "footway", "name": null, "length_m": 14.319916260941351, "기준길이_m": 60.0, "조각수": 1, "최대경사_pct": 3.3168675216167287, "B등급": "양호", "기준선_근처": true, "계단": false }, "geometry": { "type": "LineString", "coordinates": [ [ 126.955361400000015, 37.490466400000017 ], [ 126.9552131, 37.490414600000015 ] ] } },
{ "type": "Feature", "properties": { "학교": "숭실대", "u": "11413637670", "v": "11413637648", "key": 0, "highway": "footway", "name": null, "length_m": 76.56320811820467, "기준길이_m": 76.56320811820467, "조각수": 1, "최대경사_pct": 4.1176720775220259, "B등급": "양호", "기준선_근처": true, "계단": false }, "geometry": { "type": "LineString", "coordinates": [ [ 126.9544065, 37.4902017 ], [ 126.9545392, 37.4902801 ], [ 126.9547453, 37.490353400000018 ], [ 126.9550361, 37.490397 ], [ 126.9551143, 37.4903991 ], [ 126.9552131, 37.490414600000015 ] ] } },
{ "type": "Feature", "properties": { "학교": "숭실대", "u": "11413637794", "v": "11413637576", "key": 0, "highway": "footway", "name": null, "length_m": 10.849111640585591, "기준길이_m": 60.0, "조각수": 1, "최대경사_pct": 25.0, "B등급": "위험", "기준선_근처": false, "계단": false }, "geometry": { "type": "LineString", "coordinates": [ [ 126.955361400000015, 37.490466400000017 ], [ 126.9553166, 37.4905574 ] ] } },
{ "type": "Feature", "properties": { "학교": "숭실대", "u": "11413637794", "v": "11413637699", "key": 0, "highway": "footway", "name": null, "length_m": 10.562383557627875, "기준길이_m": 60.0, "조각수": 1, "최대경사_pct": 26.805834955085455, "B등급": "위험", "기준선_근처": false, "계단": false }, "geometry": { "type": "LineString", "coordinates": [ [ 126.955273, 37.490646 ], [ 126.9553166, 37.4905574 ] ] } },
{ "type": "Feature", "properties": { "학교": "숭실대", "u": "1872054413", "v": "11413637654", "key": 0, "highway": "tertiary", "name": "성현로", "length_m": 126.17893820358658, "기준길이_m": 63.089469101793291, "조각수": 2, "최대경사_pct": 4.7480270378987655, "B등급": "양호", "기준선_근처": true, "계단": false }, "geometry": { "type": "LineString", "coordinates": [ [ 126.9524837, 37.4907463 ], [ 126.952761400000014, 37.4904752 ], [ 126.9532554, 37.490088 ], [ 126.9533966, 37.4900101 ], [ 126.9535162, 37.4899875 ] ] } },
{ "type": "Feature", "properties": { "학교": "숭실대", "u": "11413637654", "v": "11413637577", "key": 0, "highway": "footway", "name": null, "length_m": 8.9807522018614083, "기준길이_m": 60.0, "조각수": 1, "최대경사_pct": 35.994842386778743, "B등급": "위험", "기준선_근처": false, "계단": false }, "geometry": { "type": "LineString", "coordinates": [ [ 126.9525614, 37.4907984 ], [ 126.9524837, 37.4907463 ] ] } },
{ "type": "Feature", "properties": { "학교": "숭실대", "u": "11413637654", "v": "1872054423", "key": 0, "highway": "tertiary", "name": "성현로", "length_m": 119.60559239971978, "기준길이_m": 119.60559239971978, "조각수": 1, "최대경사_pct": 2.7627446703837477, "B등급": "양호", "기준선_근처": true, "계단": false }, "geometry": { "type": "LineString", "coordinates": [ [ 126.9514805, 37.491464799999989 ], [ 126.952327900000014, 37.4908984 ], [ 126.9524837, 37.4907463 ] ] } },
{ "type": "Feature", "properties": { "학교": "숭실대", "u": "1872054423", "v": "11413637545", "key": 0, "highway": "tertiary", "name": "성현로", "length_m": 15.900123791213122, "기준길이_m": 60.0, "조각수": 1, "최대경사_pct": 6.2438419811546213, "B등급": "주의", "기준선_근처": true, "계단": false }, "geometry": { "type": "LineString", "coordinates": [ [ 126.951333600000012, 37.4915474 ], [ 126.9514805, 37.491464799999989 ] ] } },
{ "type": "Feature", "properties": { "학교": "숭실대", "u": "11413637545", "v": "1872054458", "key": 0, "highway": "tertiary", "name": "성현로", "length_m": 27.906370746922715, "기준길이_m": 60.0, "조각수": 1, "최대경사_pct": 2.8152868028299123, "B등급": "양호", "기준선_근처": true, "계단": false }, "geometry": { "type": "LineString", "coordinates": [ [ 126.9510758, 37.4916924 ], [ 126.951333600000012, 37.4915474 ] ] } },
{ "type": "Feature", "properties": { "학교": "숭실대", "u": "11413637545", "v": "11413637659", "key": 0, "highway": "footway", "name": null, "length_m": 8.2080064601800604, "기준길이_m": 60.0, "조각수": 1, "최대경사_pct": 54.097312558896014, "B등급": "위험", "기준선_근처": false, "계단": false }, "geometry": { "type": "LineString", "coordinates": [ [ 126.951391500000014, 37.4916052 ], [ 126.951333600000012, 37.4915474 ] ] } },
{ "type": "Feature", "properties": { "학교": "숭실대", "u": "1872054458", "v": "11413637563", "key": 0, "highway": "service", "name": null, "length_m": 8.8131926497132245, "기준길이_m": 60.0, "조각수": 1, "최대경사_pct": 46.111105994380949, "B등급": "위험", "기준선_근처": false, "계단": false }, "geometry": { "type": "LineString", "coordinates": [ [ 126.95111559999998, 37.4917652 ], [ 126.9510758, 37.4916924 ] ] } },
{ "type": "Feature", "properties": { "학교": "숭실대", "u": "11413637563", "v": "11413637898", "key": 0, "highway": "footway", "name": null, "length_m": 180.06411783781616, "기준길이_m": 60.021372612605383, "조각수": 3, "최대경사_pct": 6.1975631881036861, "B등급": "주의", "기준선_근처": true, "계단": false }, "geometry": { "type": "LineString", "coordinates": [ [ 126.9492038, 37.492289600000021 ], [ 126.9497313, 37.492183 ], [ 126.9501124, 37.4921078 ], [ 126.950483, 37.4919967 ], [ 126.950795900000017, 37.49192570000001 ], [ 126.9510378, 37.491808499999983 ], [ 126.95111559999998, 37.4917652 ] ] } },
{ "type": "Feature", "properties": { "학교": "숭실대", "u": "11413637563", "v": "11413637721", "key": 0, "highway": "service", "name": null, "length_m": 122.7527768140427, "기준길이_m": 61.376388407021352, "조각수": 2, "최대경사_pct": 12.862754250827479, "B등급": "위험", "기준선_근처": true, "계단": false }, "geometry": { "type": "LineString", "coordinates": [ [ 126.9501085, 37.4922639 ], [ 126.950086700000014, 37.4922083 ], [ 126.9501417, 37.492172 ], [ 126.9503654, 37.4921128 ], [ 126.9507182, 37.4920259 ], [ 126.951103599999982, 37.4919368 ], [ 126.9511586, 37.4918573 ], [ 126.95111559999998, 37.4917652 ] ] } },
{ "type": "Feature", "properties": { "학교": "숭실대", "u": "10701233216", "v": "2162056432", "key": 0, "highway": "residential", "name": "관악로37길", "length_m": 17.249551349407071, "기준길이_m": 60.0, "조각수": 1, "최대경사_pct": 10.541727663152187, "B등급": "위험", "기준선_근처": true, "계단": false }, "geometry": { "type": "LineString", "coordinates": [ [ 126.956763200000012, 37.4888032 ], [ 126.9567759, 37.4886906 ], [ 126.9567888, 37.4886495 ] ] } },
{ "type": "Feature", "properties": { "학교": "숭실대", "u": "2161099551", "v": "2162056432", "key": 0, "highway": "residential", "name": "관악로37길", "length_m": 35.365133707094266, "기준길이_m": 60.0, "조각수": 1, "최대경사_pct": 6.8779288322663961, "B등급": "주의", "기준선_근처": true, "계단": false }, "geometry": { "type": "LineString", "coordinates": [ [ 126.956763200000012, 37.4888032 ], [ 126.956747599999986, 37.4891216 ] ] } },
{ "type": "Feature", "properties": { "학교": "숭실대", "u": "2161099551", "v": "10701233221", "key": 0, "highway": "residential", "name": "관악로37길", "length_m": 13.543217096532938, "기준길이_m": 60.0, "조각수": 1, "최대경사_pct": 6.6098998245429641, "B등급": "주의", "기준선_근처": true, "계단": false }, "geometry": { "type": "LineString", "coordinates": [ [ 126.9569007, 37.4891243 ], [ 126.956747599999986, 37.4891216 ] ] } },
{ "type": "Feature", "properties": { "학교": "숭실대", "u": "2161099551", "v": "10701233217", "key": 0, "highway": "service", "name": null, "length_m": 31.642685751882446, "기준길이_m": 60.0, "조각수": 1, "최대경사_pct": 3.4057886004759537, "B등급": "양호", "기준선_근처": true, "계단": false }, "geometry": { "type": "LineString", "coordinates": [ [ 126.95640880000002, 37.4890351 ], [ 126.956465, 37.489061700000022 ], [ 126.956747599999986, 37.4891216 ] ] } },
{ "type": "Feature", "properties": { "학교": "숭실대", "u": "10701233221", "v": "10792799832", "key": 0, "highway": "residential", "name": "관악로37길", "length_m": 55.942967573010485, "기준길이_m": 60.0, "조각수": 1, "최대경사_pct": 5.8800584320957228, "B등급": "주의", "기준선_근처": true, "계단": false }, "geometry": { "type": "LineString", "coordinates": [ [ 126.9575053, 37.4892338 ], [ 126.95733730000002, 37.4891563 ], [ 126.9569007, 37.4891243 ] ] } },
{ "type": "Feature", "properties": { "학교": "숭실대", "u": "2477234006", "v": "11177542025", "key": 0, "highway": "service", "name": null, "length_m": 50.44577562906332, "기준길이_m": 60.0, "조각수": 1, "최대경사_pct": 3.4237275123267823, "B등급": "양호", "기준선_근처": true, "계단": false }, "geometry": { "type": "LineString", "coordinates": [ [ 126.9552824, 37.4903097 ], [ 126.9552471, 37.4902976 ], [ 126.954897099999982, 37.490118800000012 ], [ 126.9548837, 37.4900268 ] ] } },
{ "type": "Feature", "properties": { "학교": "숭실대", "u": "11177542025", "v": "2477234581", "key": 0, "highway": "service", "name": null, "length_m": 29.062326053172022, "기준길이_m": 60.0, "조각수": 1, "최대경사_pct": 7.536044545973156, "B등급": "주의", "기준선_근처": true, "계단": false }, "geometry": { "type": "LineString", "coordinates": [ [ 126.9554355, 37.490078 ], [ 126.9552824, 37.4903097 ] ] } },
{ "type": "Feature", "properties": { "학교": "숭실대", "u": "2477234581", "v": "2477234585", "key": 0, "highway": "service", "name": null, "length_m": 91.020199829621561, "기준길이_m": 91.020199829621561, "조각수": 1, "최대경사_pct": 3.599190037029989, "B등급": "양호", "기준선_근처": true, "계단": false }, "geometry": { "type": "LineString", "coordinates": [ [ 126.95621610000002, 37.490104 ], [ 126.9560247, 37.4903411 ], [ 126.9554355, 37.490078 ] ] } },
{ "type": "Feature", "properties": { "학교": "숭실대", "u": "2825701327", "v": "2825701322", "key": 0, "highway": "service", "name": "상도로45길", "length_m": 93.678013806863504, "기준길이_m": 93.678013806863504, "조각수": 1, "최대경사_pct": 8.8540583509451594, "B등급": "위험", "기준선_근처": true, "계단": false }, "geometry": { "type": "LineString", "coordinates": [ [ 126.9531303, 37.5016648 ], [ 126.953059700000011, 37.50162310000001 ], [ 126.9522611, 37.5011823 ] ] } },
{ "type": "Feature", "properties": { "학교": "숭실대", "u": "2825731308", "v": "2825731303", "key": 0, "highway": "service", "name": "상도로47나길", "length_m": 91.279111004814524, "기준길이_m": 91.279111004814524, "조각수": 1, "최대경사_pct": 5.5223302227571214, "B등급": "양호", "기준선_근처": true, "계단": false }, "geometry": { "type": "LineString", "coordinates": [ [ 126.9529995, 37.5002985 ], [ 126.952944400000021, 37.5003816 ], [ 126.952858099999986, 37.500428 ], [ 126.952744399999986, 37.5004448 ], [ 126.9526376, 37.5004332 ], [ 126.9522315, 37.500354 ], [ 126.9521576, 37.5003514 ], [ 126.9520757, 37.5003893 ] ] } },
{ "type": "Feature", "properties": { "학교": "숭실대", "u": "2824550259", "v": "2825701326", "key": 0, "highway": "primary", "name": "상도로", "length_m": 91.30122865709231, "기준길이_m": 91.30122865709231, "조각수": 1, "최대경사_pct": 1.6438108248187902, "B등급": "양호", "기준선_근처": true, "계단": false }, "geometry": { "type": "LineString", "coordinates": [ [ 126.9503988, 37.5001308 ], [ 126.9509839, 37.499453 ] ] } },
{ "type": "Feature", "properties": { "학교": "숭실대", "u": "2824550259", "v": "2825706570", "key": 0, "highway": "residential", "name": "상도로47길", "length_m": 48.137994893205942, "기준길이_m": 60.0, "조각수": 1, "최대경사_pct": 4.6446533814553463, "B등급": "양호", "기준선_근처": true, "계단": false }, "geometry": { "type": "LineString", "coordinates": [ [ 126.9514313, 37.499698700000025 ], [ 126.951339, 37.4996347 ], [ 126.9509839, 37.499453 ] ] } },
{ "type": "Feature", "properties": { "학교": "숭실대", "u": "2824550259", "v": "11413637598", "key": 0, "highway": "primary", "name": "상도로", "length_m": 77.818519510786444, "기준길이_m": 77.818519510786444, "조각수": 1, "최대경사_pct": 6.1404814005443749, "B등급": "주의", "기준선_근처": true, "계단": false }, "geometry": { "type": "LineString", "coordinates": [ [ 126.951478, 37.4988728 ], [ 126.951353, 37.499017400000028 ], [ 126.9509839, 37.499453 ] ] } },
{ "type": "Feature", "properties": { "학교": "숭실대", "u": "2825701326", "v": "2825706577", "key": 0, "highway": "service", "name": "상도로45길", "length_m": 47.588267048183582, "기준길이_m": 60.0, "조각수": 1, "최대경사_pct": 1.6533594044311193, "B등급": "양호", "기준선_근처": true, "계단": false }, "geometry": { "type": "LineString", "coordinates": [ [ 126.950836200000012, 37.5003799 ], [ 126.9504437, 37.5001637 ], [ 126.9503988, 37.5001308 ] ] } },
{ "type": "Feature", "properties": { "학교": "숭실대", "u": "11413637598", "v": "2824550264", "key": 0, "highway": "primary", "name": "상도로", "length_m": 7.8993280947212554, "기준길이_m": 60.0, "조각수": 1, "최대경사_pct": 8.3333333333333321, "B등급": "주의", "기준선_근처": true, "계단": false }, "geometry": { "type": "LineString", "coordinates": [ [ 126.951528699999983, 37.498814200000012 ], [ 126.951478, 37.4988728 ] ] } },
{ "type": "Feature", "properties": { "학교": "숭실대", "u": "11413637598", "v": "11413637573", "key": 0, "highway": "footway", "name": null, "length_m": 24.319807029078746, "기준길이_m": 60.0, "조각수": 1, "최대경사_pct": 6.8706257639684045, "B등급": "주의", "기준선_근처": true, "계단": false }, "geometry": { "type": "LineString", "coordinates": [ [ 126.951678900000019, 37.498873900000021 ], [ 126.951597600000014, 37.4989475 ], [ 126.951478, 37.4988728 ] ] } },
{ "type": "Feature", "properties": { "학교": "숭실대", "u": "2824550264", "v": "11413637573", "key": 0, "highway": "service", "name": "상도로49길", "length_m": 14.842732397036093, "기준길이_m": 60.0, "조각수": 1, "최대경사_pct": 0.44090656437980158, "B등급": "양호", "기준선_근처": false, "계단": false }, "geometry": { "type": "LineString", "coordinates": [ [ 126.951678900000019, 37.498873900000021 ], [ 126.951528699999983, 37.498814200000012 ] ] } },
{ "type": "Feature", "properties": { "학교": "숭실대", "u": "11413637573", "v": "11413637581", "key": 0, "highway": "footway", "name": null, "length_m": 63.479427323098228, "기준길이_m": 63.479427323098228, "조각수": 1, "최대경사_pct": 0.6413352385999993, "B등급": "양호", "기준선_근처": false, "계단": false }, "geometry": { "type": "LineString", "coordinates": [ [ 126.952082499999989, 37.4984009 ], [ 126.951678900000019, 37.498873900000021 ] ] } },
{ "type": "Feature", "properties": { "학교": "숭실대", "u": "11413637475", "v": "11413637759", "key": 0, "highway": "footway", "name": null, "length_m": 8.4472933227354829, "기준길이_m": 60.0, "조각수": 1, "최대경사_pct": 5.4610849318004284, "B등급": "양호", "기준선_근처": true, "계단": false }, "geometry": { "type": "LineString", "coordinates": [ [ 126.9501321, 37.4972231 ], [ 126.95022, 37.4971933 ] ] } },
{ "type": "Feature", "properties": { "학교": "숭실대", "u": "11413637475", "v": "11413637584", "key": 0, "highway": "footway", "name": null, "length_m": 9.6800238843807627, "기준길이_m": 60.0, "조각수": 1, "최대경사_pct": 2.1722238373767055, "B등급": "양호", "기준선_근처": true, "계단": false }, "geometry": { "type": "LineString", "coordinates": [ [ 126.95032070000002, 37.4971591 ], [ 126.95022, 37.4971933 ] ] } },
{ "type": "Feature", "properties": { "학교": "숭실대", "u": "11413637475", "v": "10589255419", "key": 0, "highway": "residential", "name": "상도로50길", "length_m": 207.51488134975622, "기준길이_m": 69.171627116585412, "조각수": 3, "최대경사_pct": 10.548817225109255, "B등급": "위험", "기준선_근처": true, "계단": false }, "geometry": { "type": "LineString", "coordinates": [ [ 126.9492612, 37.4954948 ], [ 126.949278, 37.495590100000015 ], [ 126.949381, 37.495843800000017 ], [ 126.94981580000001, 37.496599900000021 ], [ 126.95022, 37.4971933 ] ] } },
{ "type": "Feature", "properties": { "학교": "숭실대", "u": "11413637581", "v": "11413637916", "key": 0, "highway": "footway", "name": null, "length_m": 80.2510098832945, "기준길이_m": 80.2510098832945, "조각수": 1, "최대경사_pct": 3.7546763404601919, "B등급": "양호", "기준선_근처": true, "계단": false }, "geometry": { "type": "LineString", "coordinates": [ [ 126.9525737, 37.4977929 ], [ 126.952082499999989, 37.4984009 ] ] } },
{ "type": "Feature", "properties": { "학교": "숭실대", "u": "11413637820", "v": "13597219422", "key": 0, "highway": "footway", "name": null, "length_m": 12.67031693669353, "기준길이_m": 60.0, "조각수": 1, "최대경사_pct": 0.68322146232006276, "B등급": "양호", "기준선_근처": false, "계단": false }, "geometry": { "type": "LineString", "coordinates": [ [ 126.952351, 37.4976772 ], [ 126.952468, 37.4977431 ] ] } },
{ "type": "Feature", "properties": { "학교": "숭실대", "u": "11413637820", "v": "11413637916", "key": 0, "highway": "footway", "name": null, "length_m": 10.858776404527081, "기준길이_m": 60.0, "조각수": 1, "최대경사_pct": 3.8682904121072901, "B등급": "양호", "기준선_근처": true, "계단": false }, "geometry": { "type": "LineString", "coordinates": [ [ 126.9525737, 37.4977929 ], [ 126.952468, 37.4977431 ] ] } },
{ "type": "Feature", "properties": { "학교": "숭실대", "u": "2824550283", "v": "11413637666", "key": 0, "highway": "service", "name": "상도로52길", "length_m": 24.264981498273141, "기준길이_m": 60.0, "조각수": 1, "최대경사_pct": 4.8295461247091023, "B등급": "양호", "기준선_근처": true, "계단": false }, "geometry": { "type": "LineString", "coordinates": [ [ 126.9517466, 37.498217 ], [ 126.9515194, 37.4980944 ] ] } },
{ "type": "Feature", "properties": { "학교": "숭실대", "u": "11413637831", "v": "2824550279", "key": 0, "highway": "service", "name": "상도로52길", "length_m": 4.9245024956243517, "기준길이_m": 60.0, "조각수": 1, "최대경사_pct": 14.698483842745985, "B등급": "위험", "기준선_근처": false, "계단": false }, "geometry": { "type": "LineString", "coordinates": [ [ 126.9506747, 37.4970964 ], [ 126.950698800000012, 37.4971364 ] ] } },
{ "type": "Feature", "properties": { "학교": "숭실대", "u": "11413637831", "v": "11413637888", "key": 0, "highway": "footway", "name": null, "length_m": 66.630808255890571, "기준길이_m": 66.630808255890571, "조각수": 1, "최대경사_pct": 2.3365781581686242, "B등급": "양호", "기준선_근처": true, "계단": false }, "geometry": { "type": "LineString", "coordinates": [ [ 126.9514103, 37.4972203 ], [ 126.951092, 37.4971175 ], [ 126.95093559999998, 37.4970868 ], [ 126.950847, 37.4970876 ], [ 126.950698800000012, 37.4971364 ] ] } },
{ "type": "Feature", "properties": { "학교": "숭실대", "u": "2824550282", "v": "3337436846", "key": 0, "highway": "residential", "name": "상도로50길", "length_m": 16.78902365393332, "기준길이_m": 60.0, "조각수": 1, "최대경사_pct": 2.753285727928052, "B등급": "양호", "기준선_근처": true, "계단": false }, "geometry": { "type": "LineString", "coordinates": [ [ 126.9512597, 37.4986419 ], [ 126.9512013, 37.4985941 ], [ 126.9511412, 37.4985244 ] ] } },
{ "type": "Feature", "properties": { "학교": "숭실대", "u": "3337436846", "v": "11413637596", "key": 0, "highway": "residential", "name": "상도로50길", "length_m": 8.7590383472520728, "기준길이_m": 60.0, "조각수": 1, "최대경사_pct": 1.9585381704036089, "B등급": "양호", "기준선_근처": true, "계단": false }, "geometry": { "type": "LineString", "coordinates": [ [ 126.9513266, 37.4987001 ], [ 126.9512597, 37.4986419 ] ] } },
{ "type": "Feature", "properties": { "학교": "숭실대", "u": "3337436846", "v": "13281452472", "key": 0, "highway": "service", "name": "상도로50길", "length_m": 87.550214073123286, "기준길이_m": 87.550214073123286, "조각수": 1, "최대경사_pct": 4.3519955259295386, "B등급": "양호", "기준선_근처": true, "계단": false }, "geometry": { "type": "LineString", "coordinates": [ [ 126.950698, 37.4992915 ], [ 126.9512597, 37.4986419 ] ] } },
{ "type": "Feature", "properties": { "학교": "숭실대", "u": "11413637666", "v": "11413637779", "key": 0, "highway": "footway", "name": null, "length_m": 79.768661108464741, "기준길이_m": 79.768661108464741, "조각수": 1, "최대경사_pct": 3.2282398770107927, "B등급": "양호", "기준선_근처": true, "계단": false }, "geometry": { "type": "LineString", "coordinates": [ [ 126.9522703, 37.4976318 ], [ 126.9517466, 37.498217 ] ] } },
{ "type": "Feature", "properties": { "학교": "숭실대", "u": "11413637666", "v": "11413637596", "key": 0, "highway": "footway", "name": null, "length_m": 65.224317986103216, "기준길이_m": 65.224317986103216, "조각수": 1, "최대경사_pct": 0.0, "B등급": "양호", "기준선_근처": false, "계단": false }, "geometry": { "type": "LineString", "coordinates": [ [ 126.9513266, 37.4987001 ], [ 126.9517466, 37.498217 ] ] } },
{ "type": "Feature", "properties": { "학교": "숭실대", "u": "11413637793", "v": "2824550284", "key": 0, "highway": "residential", "name": "상도로62길", "length_m": 11.667611646390339, "기준길이_m": 60.0, "조각수": 1, "최대경사_pct": 2.400726229960763, "B등급": "양호", "기준선_근처": true, "계단": false }, "geometry": { "type": "LineString", "coordinates": [ [ 126.9521721, 37.497363 ], [ 126.9520931, 37.4974472 ] ] } },
{ "type": "Feature", "properties": { "학교": "숭실대", "u": "11413637793", "v": "11413637888", "key": 0, "highway": "footway", "name": null, "length_m": 65.420266131499545, "기준길이_m": 65.420266131499545, "조각수": 1, "최대경사_pct": 3.8471850842617137, "B등급": "양호", "기준선_근처": true, "계단": false }, "geometry": { "type": "LineString", "coordinates": [ [ 126.9514103, 37.4972203 ], [ 126.9520931, 37.4974472 ] ] } },
{ "type": "Feature", "properties": { "학교": "숭실대", "u": "11413637793", "v": "11413637879", "key": 0, "highway": "footway", "name": null, "length_m": 21.82177780641954, "기준길이_m": 60.0, "조각수": 1, "최대경사_pct": 4.6055026324565418, "B등급": "양호", "기준선_근처": true, "계단": false }, "geometry": { "type": "LineString", "coordinates": [ [ 126.9522967, 37.4975583 ], [ 126.9520931, 37.4974472 ] ] } },
{ "type": "Feature", "properties": { "학교": "숭실대", "u": "2824550284", "v": "11413637833", "key": 0, "highway": "tertiary", "name": "상도로54길", "length_m": 20.702260287527903, "기준길이_m": 60.0, "조각수": 1, "최대경사_pct": 3.3955640854338283, "B등급": "양호", "기준선_근처": true, "계단": false }, "geometry": { "type": "LineString", "coordinates": [ [ 126.9523735, 37.4974581 ], [ 126.9521721, 37.497363 ] ] } },
{ "type": "Feature", "properties": { "학교": "숭실대", "u": "2824550284", "v": "11413637897", "key": 0, "highway": "tertiary", "name": "상도로54길", "length_m": 67.731848580796338, "기준길이_m": 67.731848580796338, "조각수": 1, "최대경사_pct": 4.147383264313846, "B등급": "양호", "기준선_근처": true, "계단": false }, "geometry": { "type": "LineString", "coordinates": [ [ 126.951453900000018, 37.4971509 ], [ 126.9521721, 37.497363 ] ] } },
{ "type": "Feature", "properties": { "학교": "숭실대", "u": "2824550285", "v": "11413637693", "key": 0, "highway": "footway", "name": null, "length_m": 70.089499593494921, "기준길이_m": 70.089499593494921, "조각수": 1, "최대경사_pct": 4.7270392577085643, "B등급": "양호", "기준선_근처": true, "계단": false }, "geometry": { "type": "LineString", "coordinates": [ [ 126.9514982, 37.497076499999984 ], [ 126.952248700000013, 37.4972796 ] ] } },
{ "type": "Feature", "properties": { "학교": "숭실대", "u": "2824550285", "v": "11413637799", "key": 0, "highway": "footway", "name": null, "length_m": 21.060503137872448, "기준길이_m": 60.0, "조각수": 1, "최대경사_pct": 3.0406790167216138, "B등급": "양호", "기준선_근처": true, "계단": false }, "geometry": { "type": "LineString", "coordinates": [ [ 126.952465300000014, 37.4973585 ], [ 126.952248700000013, 37.4972796 ] ] } },
{ "type": "Feature", "properties": { "학교": "숭실대", "u": "2824550285", "v": "2824550287", "key": 0, "highway": "residential", "name": "상도로62길", "length_m": 122.73052878574924, "기준길이_m": 61.365264392874622, "조각수": 2, "최대경사_pct": 3.0060983328475883, "B등급": "양호", "기준선_근처": true, "계단": false }, "geometry": { "type": "LineString", "coordinates": [ [ 126.953025400000016, 37.4963632 ], [ 126.9524993, 37.4969907 ], [ 126.952248700000013, 37.4972796 ] ] } },
{ "type": "Feature", "properties": { "학교": "숭실대", "u": "2824550285", "v": "2825723258", "key": 0, "highway": "service", "name": "상도로54길", "length_m": 149.91838420890761, "기준길이_m": 74.959192104453805, "조각수": 2, "최대경사_pct": 7.0357797902153383, "B등급": "주의", "기준선_근처": true, "계단": false }, "geometry": { "type": "LineString", "coordinates": [ [ 126.952693, 37.496087199999984 ], [ 126.9521116, 37.4967414 ], [ 126.952248700000013, 37.4972796 ] ] } },
{ "type": "Feature", "properties": { "학교": "숭실대", "u": "11413637897", "v": "11413637693", "key": 0, "highway": "footway", "name": null, "length_m": 9.1395415318330109, "기준길이_m": 60.0, "조각수": 1, "최대경사_pct": 6.4416226806666659, "B등급": "주의", "기준선_근처": true, "계단": false }, "geometry": { "type": "LineString", "coordinates": [ [ 126.9514982, 37.497076499999984 ], [ 126.951453900000018, 37.4971509 ] ] } },
{ "type": "Feature", "properties": { "학교": "숭실대", "u": "11413637897", "v": "11413637888", "key": 0, "highway": "footway", "name": null, "length_m": 8.6135546150813411, "기준길이_m": 60.0, "조각수": 1, "최대경사_pct": 6.3204417771699895, "B등급": "주의", "기준선_근처": true, "계단": false }, "geometry": { "type": "LineString", "coordinates": [ [ 126.9514103, 37.4972203 ], [ 126.951453900000018, 37.4971509 ] ] } },
{ "type": "Feature", "properties": { "학교": "숭실대", "u": "11413637693", "v": "11413637585", "key": 0, "highway": "footway", "name": null, "length_m": 13.71417032193982, "기준길이_m": 60.0, "조각수": 1, "최대경사_pct": 3.7940878282467243, "B등급": "양호", "기준선_근처": true, "계단": false }, "geometry": { "type": "LineString", "coordinates": [ [ 126.9513529, 37.4970334 ], [ 126.951442500000013, 37.4970615 ], [ 126.9514982, 37.497076499999984 ] ] } },
{ "type": "Feature", "properties": { "학교": "숭실대", "u": "11413637799", "v": "11413637939", "key": 0, "highway": "footway", "name": null, "length_m": 6.4271612983175306, "기준길이_m": 60.0, "조각수": 1, "최대경사_pct": 2.3332478563516545, "B등급": "양호", "기준선_근처": true, "계단": false }, "geometry": { "type": "LineString", "coordinates": [ [ 126.952512700000014, 37.497314599999989 ], [ 126.952465300000014, 37.4973585 ] ] } },
{ "type": "Feature", "properties": { "학교": "숭실대", "u": "2824550287", "v": "11413637678", "key": 0, "highway": "service", "name": "상도로56길", "length_m": 21.368043566595151, "기준길이_m": 60.0, "조각수": 1, "최대경사_pct": 0.7174120127426894, "B등급": "양호", "기준선_근처": false, "계단": false }, "geometry": { "type": "LineString", "coordinates": [ [ 126.9532272, 37.4964691 ], [ 126.953025400000016, 37.4963632 ] ] } },
{ "type": "Feature", "properties": { "학교": "숭실대", "u": "2824550287", "v": "2825723258", "key": 0, "highway": "service", "name": "상도로56길", "length_m": 42.454184780718315, "기준길이_m": 60.0, "조각수": 1, "최대경사_pct": 5.5373028659421664, "B등급": "양호", "기준선_근처": true, "계단": false }, "geometry": { "type": "LineString", "coordinates": [ [ 126.952693, 37.496087199999984 ], [ 126.953025400000016, 37.4963632 ] ] } },
{ "type": "Feature", "properties": { "학교": "숭실대", "u": "2825723258", "v": "13296689135", "key": 0, "highway": "service", "name": "상도로56길", "length_m": 29.536949791971168, "기준길이_m": 60.0, "조각수": 1, "최대경사_pct": 9.1610838453164209, "B등급": "위험", "기준선_근처": true, "계단": false }, "geometry": { "type": "LineString", "coordinates": [ [ 126.9524621, 37.4958949 ], [ 126.952693, 37.496087199999984 ] ] } },
{ "type": "Feature", "properties": { "학교": "숭실대", "u": "2824550288", "v": "2825723289", "key": 0, "highway": "residential", "name": "상도로58길", "length_m": 41.170026224165774, "기준길이_m": 60.0, "조각수": 1, "최대경사_pct": 5.9151243503642563, "B등급": "주의", "기준선_근처": true, "계단": false }, "geometry": { "type": "LineString", "coordinates": [ [ 126.9530232, 37.495746900000015 ], [ 126.953291299999989, 37.495970300000018 ], [ 126.953328199999987, 37.4959859 ], [ 126.953362799999979, 37.49599340000001 ] ] } },
{ "type": "Feature", "properties": { "학교": "숭실대", "u": "2824550288", "v": "11413637556", "key": 0, "highway": "residential", "name": "상도로58길", "length_m": 21.429199206680394, "기준길이_m": 60.0, "조각수": 1, "최대경사_pct": 2.2283363213403127, "B등급": "양호", "기준선_근처": true, "계단": false }, "geometry": { "type": "LineString", "coordinates": [ [ 126.953574500000016, 37.4960789 ], [ 126.9534322, 37.4960032 ], [ 126.9533979, 37.4959942 ], [ 126.953362799999979, 37.49599340000001 ] ] } },
{ "type": "Feature", "properties": { "학교": "숭실대", "u": "11413637678", "v": "11413637556", "key": 0, "highway": "footway", "name": null, "length_m": 53.091569798785152, "기준길이_m": 60.0, "조각수": 1, "최대경사_pct": 3.1865871468731299, "B등급": "양호", "기준선_근처": true, "계단": false }, "geometry": { "type": "LineString", "coordinates": [ [ 126.953574500000016, 37.4960789 ], [ 126.9532272, 37.4964691 ] ] } },
{ "type": "Feature", "properties": { "학교": "숭실대", "u": "2825723289", "v": "2825723225", "key": 0, "highway": "residential", "name": "상도로58길", "length_m": 91.649699365893682, "기준길이_m": 91.649699365893682, "조각수": 1, "최대경사_pct": 6.9837515427028496, "B등급": "주의", "기준선_근처": true, "계단": false }, "geometry": { "type": "LineString", "coordinates": [ [ 126.9522954, 37.495159 ], [ 126.9530232, 37.495746900000015 ] ] } },
{ "type": "Feature", "properties": { "학교": "숭실대", "u": "11413637556", "v": "11413637566", "key": 0, "highway": "footway", "name": null, "length_m": 68.165338436364038, "기준길이_m": 68.165338436364038, "조각수": 1, "최대경사_pct": 5.4017197395063503, "B등급": "양호", "기준선_근처": true, "계단": false }, "geometry": { "type": "LineString", "coordinates": [ [ 126.9540535, 37.4955977 ], [ 126.953574500000016, 37.4960789 ] ] } },
{ "type": "Feature", "properties": { "학교": "숭실대", "u": "2825724226", "v": "10611854840", "key": 0, "highway": "residential", "name": "상도로60길", "length_m": 44.510159355619315, "기준길이_m": 60.0, "조각수": 1, "최대경사_pct": 9.7271049654265571, "B등급": "위험", "기준선_근처": true, "계단": false }, "geometry": { "type": "LineString", "coordinates": [ [ 126.9542401, 37.4944369 ], [ 126.9542662, 37.4948374 ] ] } },
{ "type": "Feature", "properties": { "학교": "숭실대", "u": "2825724226", "v": "2825724222", "key": 0, "highway": "residential", "name": "상도로62길", "length_m": 36.88731704167941, "기준길이_m": 60.0, "조각수": 1, "최대경사_pct": 1.0499923155768205, "B등급": "양호", "기준선_근처": true, "계단": false }, "geometry": { "type": "LineString", "coordinates": [ [ 126.9546703, 37.4948868 ], [ 126.9545734, 37.4948506 ], [ 126.954460400000016, 37.4948313 ], [ 126.954344300000017, 37.4948316 ], [ 126.9542662, 37.4948374 ] ] } },
{ "type": "Feature", "properties": { "학교": "숭실대", "u": "2825724226", "v": "2825724223", "key": 0, "highway": "residential", "name": "상도로60길", "length_m": 48.823834341628995, "기준길이_m": 60.0, "조각수": 1, "최대경사_pct": 8.0147375406751564, "B등급": "주의", "기준선_근처": true, "계단": false }, "geometry": { "type": "LineString", "coordinates": [ [ 126.9543472, 37.4952719 ], [ 126.9543246, 37.4952056 ], [ 126.9543097, 37.495113900000028 ], [ 126.9542727, 37.4949005 ], [ 126.9542662, 37.4948374 ] ] } },
{ "type": "Feature", "properties": { "학교": "숭실대", "u": "2824550298", "v": "4666594482", "key": 0, "highway": "service", "name": null, "length_m": 34.77807329829254, "기준길이_m": 60.0, "조각수": 1, "최대경사_pct": 8.3333333333333321, "B등급": "주의", "기준선_근처": true, "계단": false }, "geometry": { "type": "LineString", "coordinates": [ [ 126.955593300000018, 37.4954732 ], [ 126.9555707, 37.4953851 ], [ 126.955512699999986, 37.495166500000011 ] ] } },
{ "type": "Feature", "properties": { "학교": "숭실대", "u": "2824550301", "v": "4620932579", "key": 0, "highway": "service", "name": null, "length_m": 29.785547011755391, "기준길이_m": 60.0, "조각수": 1, "최대경사_pct": 7.3762330026519853, "B등급": "주의", "기준선_근처": true, "계단": false }, "geometry": { "type": "LineString", "coordinates": [ [ 126.9564516, 37.4946043 ], [ 126.9564981, 37.4948701 ] ] } },
{ "type": "Feature", "properties": { "학교": "숭실대", "u": "2824550301", "v": "2824550303", "key": 0, "highway": "residential", "name": "상도로61길", "length_m": 104.85541162283054, "기준길이_m": 104.85541162283054, "조각수": 1, "최대경사_pct": 6.4513538981162339, "B등급": "주의", "기준선_근처": true, "계단": false }, "geometry": { "type": "LineString", "coordinates": [ [ 126.9576633, 37.4946951 ], [ 126.9571472, 37.4947738 ], [ 126.9564981, 37.4948701 ] ] } },
{ "type": "Feature", "properties": { "학교": "숭실대", "u": "2824550301", "v": "2890319200", "key": 0, "highway": "service", "name": null, "length_m": 51.485803922334178, "기준길이_m": 60.0, "조각수": 1, "최대경사_pct": 0.88245733037628804, "B등급": "양호", "기준선_근처": false, "계단": false }, "geometry": { "type": "LineString", "coordinates": [ [ 126.9566252, 37.4953228 ], [ 126.956602, 37.4952379 ], [ 126.9564981, 37.4948701 ] ] } },
{ "type": "Feature", "properties": { "학교": "숭실대", "u": "4666594482", "v": "2890319200", "key": 0, "highway": "primary", "name": "사당로", "length_m": 92.766020036665154, "기준길이_m": 92.766020036665154, "조각수": 1, "최대경사_pct": 8.3779180168806118, "B등급": "위험", "기준선_근처": true, "계단": false }, "geometry": { "type": "LineString", "coordinates": [ [ 126.9566252, 37.4953228 ], [ 126.9564036, 37.49535510000004 ], [ 126.955593300000018, 37.4954732 ] ] } },
{ "type": "Feature", "properties": { "학교": "숭실대", "u": "4620932579", "v": "14074780687", "key": 0, "highway": "service", "name": "상도로63길", "length_m": 101.7899258041801, "기준길이_m": 101.7899258041801, "조각수": 1, "최대경사_pct": 3.1623105937291243, "B등급": "양호", "기준선_근처": true, "계단": false }, "geometry": { "type": "LineString", "coordinates": [ [ 126.9554082, 37.494354499999979 ], [ 126.955524, 37.4944269 ], [ 126.955580400000017, 37.4944617 ], [ 126.955768699999979, 37.4945877 ], [ 126.955883400000019, 37.494611 ], [ 126.95608350000002, 37.4946087 ], [ 126.9564516, 37.4946043 ] ] } },
{ "type": "Feature", "properties": { "학교": "숭실대", "u": "4620932579", "v": "12864837514", "key": 0, "highway": "service", "name": null, "length_m": 22.329386583920193, "기준길이_m": 60.0, "조각수": 1, "최대경사_pct": 10.730446864420387, "B등급": "위험", "기준선_근처": true, "계단": false }, "geometry": { "type": "LineString", "coordinates": [ [ 126.956418, 37.4944049 ], [ 126.9564474, 37.4945799 ], [ 126.9564516, 37.4946043 ] ] } },
{ "type": "Feature", "properties": { "학교": "숭실대", "u": "2824550303", "v": "4620932587", "key": 0, "highway": "service", "name": "상도로61가길", "length_m": 52.046804103223053, "기준길이_m": 60.0, "조각수": 1, "최대경사_pct": 0.53943934176160724, "B등급": "양호", "기준선_근처": false, "계단": false }, "geometry": { "type": "LineString", "coordinates": [ [ 126.9577914, 37.4951528 ], [ 126.9577713, 37.4950837 ], [ 126.9576633, 37.4946951 ] ] } },
{ "type": "Feature", "properties": { "학교": "숭실대", "u": "2824550303", "v": "4620932585", "key": 0, "highway": "service", "name": "상도로61가길", "length_m": 68.912201111360361, "기준길이_m": 68.912201111360361, "조각수": 1, "최대경사_pct": 7.5288790593058614, "B등급": "주의", "기준선_근처": true, "계단": false }, "geometry": { "type": "LineString", "coordinates": [ [ 126.9582104, 37.494452 ], [ 126.957625, 37.4945552 ], [ 126.9576633, 37.4946951 ] ] } },
{ "type": "Feature", "properties": { "학교": "숭실대", "u": "2890319200", "v": "4620932587", "key": 0, "highway": "primary", "name": "사당로", "length_m": 104.84008637966332, "기준길이_m": 104.84008637966332, "조각수": 1, "최대경사_pct": 6.6094721551928677, "B등급": "주의", "기준선_근처": true, "계단": false }, "geometry": { "type": "LineString", "coordinates": [ [ 126.9577914, 37.4951528 ], [ 126.9568836, 37.495285100000011 ], [ 126.9566252, 37.4953228 ] ] } },
{ "type": "Feature", "properties": { "학교": "숭실대", "u": "4620932587", "v": "2890319302", "key": 0, "highway": "primary", "name": "사당로", "length_m": 101.91611588677429, "기준길이_m": 101.91611588677429, "조각수": 1, "최대경사_pct": 7.2950738067561707, "B등급": "주의", "기준선_근처": true, "계단": false }, "geometry": { "type": "LineString", "coordinates": [ [ 126.95892520000001, 37.4949881 ], [ 126.9585846, 37.4950372 ], [ 126.9577914, 37.4951528 ] ] } },
{ "type": "Feature", "properties": { "학교": "숭실대", "u": "2824550308", "v": "11413637731", "key": 0, "highway": "tertiary", "name": "상도로53길", "length_m": 17.599748803394256, "기준길이_m": 60.0, "조각수": 1, "최대경사_pct": 3.1640277124799825, "B등급": "양호", "기준선_근처": true, "계단": false }, "geometry": { "type": "LineString", "coordinates": [ [ 126.9527768, 37.4976629 ], [ 126.952608700000013, 37.497578 ] ] } },
{ "type": "Feature", "properties": { "학교": "숭실대", "u": "11413637731", "v": "11413637673", "key": 0, "highway": "footway", "name": null, "length_m": 11.887497311914759, "기준길이_m": 60.0, "조각수": 1, "최대경사_pct": 2.5201305166813031, "B등급": "양호", "기준선_근처": true, "계단": false }, "geometry": { "type": "LineString", "coordinates": [ [ 126.952858099999986, 37.4975776 ], [ 126.9527768, 37.4976629 ] ] } },
{ "type": "Feature", "properties": { "학교": "숭실대", "u": "11413637731", "v": "11413637561", "key": 0, "highway": "footway", "name": null, "length_m": 15.577305189863232, "기준길이_m": 60.0, "조각수": 1, "최대경사_pct": 3.1337804552707147, "B등급": "양호", "기준선_근처": true, "계단": false }, "geometry": { "type": "LineString", "coordinates": [ [ 126.9526751, 37.4977775 ], [ 126.9527768, 37.4976629 ] ] } },
{ "type": "Feature", "properties": { "학교": "숭실대", "u": "13528976150", "v": "11413637615", "key": 0, "highway": "footway", "name": null, "length_m": 13.159776148481857, "기준길이_m": 60.0, "조각수": 1, "최대경사_pct": 0.44805992010289225, "B등급": "양호", "기준선_근처": false, "계단": false }, "geometry": { "type": "LineString", "coordinates": [ [ 126.95261, 37.497369 ], [ 126.952733800000019, 37.497434800000015 ] ] } },
{ "type": "Feature", "properties": { "학교": "숭실대", "u": "13528976150", "v": "11413637762", "key": 0, "highway": "footway", "name": null, "length_m": 13.368486038973757, "기준길이_m": 60.0, "조각수": 1, "최대경사_pct": 3.9451412884809396, "B등급": "양호", "기준선_근처": true, "계단": false }, "geometry": { "type": "LineString", "coordinates": [ [ 126.952859600000011, 37.4975016 ], [ 126.952733800000019, 37.497434800000015 ] ] } },
{ "type": "Feature", "properties": { "학교": "숭실대", "u": "13528976150", "v": "2825711406", "key": 0, "highway": "primary", "name": "상도로", "length_m": 39.406062494480302, "기준길이_m": 60.0, "조각수": 1, "최대경사_pct": 5.7223272985237852, "B등급": "주의", "기준선_근처": true, "계단": false }, "geometry": { "type": "LineString", "coordinates": [ [ 126.952976800000016, 37.4971372 ], [ 126.9528539, 37.4972847 ], [ 126.952733800000019, 37.497434800000015 ] ] } },
{ "type": "Feature", "properties": { "학교": "숭실대", "u": "2824550315", "v": "4621460692", "key": 0, "highway": "tertiary", "name": "상도로53길", "length_m": 129.31471518316661, "기준길이_m": 64.657357591583306, "조각수": 2, "최대경사_pct": 9.1028502709367416, "B등급": "위험", "기준선_근처": true, "계단": false }, "geometry": { "type": "LineString", "coordinates": [ [ 126.9530801, 37.4985726 ], [ 126.9530528, 37.498614 ], [ 126.9530109, 37.498749099999976 ], [ 126.9530339, 37.4988981 ], [ 126.9531324, 37.4990472 ], [ 126.9535245, 37.4994514 ], [ 126.953619500000016, 37.4995806 ] ] } },
{ "type": "Feature", "properties": { "학교": "숭실대", "u": "2824550315", "v": "4621466918", "key": 0, "highway": "tertiary", "name": "상도로53길", "length_m": 95.350518351209701, "기준길이_m": 95.350518351209701, "조각수": 1, "최대경사_pct": 6.8529998928647435, "B등급": "주의", "기준선_근처": true, "계단": false }, "geometry": { "type": "LineString", "coordinates": [ [ 126.9537611, 37.5004244 ], [ 126.9537816, 37.50017170000001 ], [ 126.953672800000021, 37.4997122 ], [ 126.953619500000016, 37.4995806 ] ] } },
{ "type": "Feature", "properties": { "학교": "숭실대", "u": "2824550315", "v": "6963036771", "key": 0, "highway": "service", "name": "상도로47나길", "length_m": 47.078016692361956, "기준길이_m": 60.0, "조각수": 1, "최대경사_pct": 14.635398677080195, "B등급": "위험", "기준선_근처": false, "계단": false }, "geometry": { "type": "LineString", "coordinates": [ [ 126.953104700000011, 37.499685 ], [ 126.9531552, 37.4996803 ], [ 126.953398400000012, 37.499638700000013 ], [ 126.953619500000016, 37.4995806 ] ] } },
{ "type": "Feature", "properties": { "학교": "숭실대", "u": "4621460692", "v": "2825706556", "key": 0, "highway": "tertiary", "name": "상도로53길", "length_m": 38.541165640515388, "기준길이_m": 60.0, "조각수": 1, "최대경사_pct": 0.51626761721782566, "B등급": "양호", "기준선_근처": false, "계단": false }, "geometry": { "type": "LineString", "coordinates": [ [ 126.9533159, 37.4982813 ], [ 126.9531438, 37.498476 ], [ 126.9530801, 37.4985726 ] ] } },
{ "type": "Feature", "properties": { "학교": "숭실대", "u": "4621466918", "v": "2825731322", "key": 0, "highway": "tertiary", "name": "상도로53길", "length_m": 82.312881112251702, "기준길이_m": 82.312881112251702, "조각수": 1, "최대경사_pct": 5.5127442942020144, "B등급": "양호", "기준선_근처": true, "계단": false }, "geometry": { "type": "LineString", "coordinates": [ [ 126.953631800000011, 37.5011578 ], [ 126.9537153, 37.5008251 ], [ 126.9537611, 37.5004244 ] ] } },
{ "type": "Feature", "properties": { "학교": "숭실대", "u": "4621466918", "v": "2825731332", "key": 0, "highway": "service", "name": "상도로53길", "length_m": 51.959607500234469, "기준길이_m": 60.0, "조각수": 1, "최대경사_pct": 18.933397265534282, "B등급": "위험", "기준선_근처": false, "계단": false }, "geometry": { "type": "LineString", "coordinates": [ [ 126.953176, 37.5003816 ], [ 126.9533161, 37.5003892 ], [ 126.9537611, 37.5004244 ] ] } },
{ "type": "Feature", "properties": { "학교": "숭실대", "u": "6963036771", "v": "6963036773", "key": 0, "highway": "service", "name": "상도로47나길", "length_m": 57.110665637654108, "기준길이_m": 60.0, "조각수": 1, "최대경사_pct": 6.7361356140700694, "B등급": "주의", "기준선_근처": true, "계단": false }, "geometry": { "type": "LineString", "coordinates": [ [ 126.9532392, 37.5001859 ], [ 126.953169499999987, 37.5000348 ], [ 126.953104700000011, 37.499685 ] ] } },
{ "type": "Feature", "properties": { "학교": "숭실대", "u": "2824550318", "v": "2825731322", "key": 0, "highway": "tertiary", "name": "상도로53길", "length_m": 3.4402819778235827, "기준길이_m": 60.0, "조각수": 1, "최대경사_pct": 0.89311226028838087, "B등급": "양호", "기준선_근처": true, "계단": false }, "geometry": { "type": "LineString", "coordinates": [ [ 126.953631800000011, 37.5011578 ], [ 126.9536242, 37.5011882 ] ] } },
{ "type": "Feature", "properties": { "학교": "숭실대", "u": "2824550318", "v": "4621475837", "key": 0, "highway": "tertiary", "name": "상도로53길", "length_m": 56.456149050135672, "기준길이_m": 60.0, "조각수": 1, "최대경사_pct": 3.5973798547664395, "B등급": "양호", "기준선_근처": true, "계단": false }, "geometry": { "type": "LineString", "coordinates": [ [ 126.9535939, 37.5016963 ], [ 126.9536242, 37.5011882 ] ] } },
{ "type": "Feature", "properties": { "학교": "숭실대", "u": "2824550318", "v": "3713180481", "key": 0, "highway": "service", "name": null, "length_m": 504.88653423083616, "기준길이_m": 63.11081677885452, "조각수": 8, "최대경사_pct": 11.3991285176033, "B등급": "위험", "기준선_근처": true, "계단": false }, "geometry": { "type": "LineString", "coordinates": [ [ 126.953354300000015, 37.4981112 ], [ 126.9535105, 37.4980853 ], [ 126.953561600000015, 37.498076800000014 ], [ 126.953736, 37.4980725 ], [ 126.953872799999985, 37.4981364 ], [ 126.954141, 37.4984173 ], [ 126.9543636, 37.498717300000024 ], [ 126.9546077, 37.4990812 ], [ 126.954744500000018, 37.4994749 ], [ 126.954825, 37.4998238 ], [ 126.9548759, 37.5001835 ], [ 126.9546992, 37.5011652 ], [ 126.9546026, 37.501233300000017 ], [ 126.9537658, 37.50120350000001 ], [ 126.9536242, 37.5011882 ] ] } },
{ "type": "Feature", "properties": { "학교": "숭실대", "u": "2825731322", "v": "2825731302", "key": 0, "highway": "service", "name": "상도로53길", "length_m": 61.948244679833934, "기준길이_m": 61.948244679833934, "조각수": 1, "최대경사_pct": 10.360504478125474, "B등급": "위험", "기준선_근처": true, "계단": false }, "geometry": { "type": "LineString", "coordinates": [ [ 126.953014700000011, 37.5008952 ], [ 126.953388499999988, 37.5010379 ], [ 126.953631800000011, 37.5011578 ] ] } },
{ "type": "Feature", "properties": { "학교": "숭실대", "u": "4621475837", "v": "2825701322", "key": 0, "highway": "service", "name": "상도로53길", "length_m": 41.141937562918514, "기준길이_m": 60.0, "조각수": 1, "최대경사_pct": 15.88503640728656, "B등급": "위험", "기준선_근처": false, "계단": false }, "geometry": { "type": "LineString", "coordinates": [ [ 126.9531303, 37.5016648 ], [ 126.9535939, 37.5016963 ] ] } },
{ "type": "Feature", "properties": { "학교": "숭실대", "u": "4621475837", "v": "2824550321", "key": 0, "highway": "tertiary", "name": "상도로53길", "length_m": 107.34619078492247, "기준길이_m": 107.34619078492247, "조각수": 1, "최대경사_pct": 0.43428131479312176, "B등급": "양호", "기준선_근처": false, "계단": false }, "geometry": { "type": "LineString", "coordinates": [ [ 126.953687300000013, 37.5026164 ], [ 126.95356910000001, 37.5025166 ], [ 126.9535134, 37.5023655 ], [ 126.9535303, 37.5021371 ], [ 126.9535939, 37.5016963 ] ] } },
{ "type": "Feature", "properties": { "학교": "숭실대", "u": "3713180481", "v": "2825711099", "key": 0, "highway": "tertiary", "name": "상도로53길", "length_m": 7.5750519064724076, "기준길이_m": 60.0, "조각수": 1, "최대경사_pct": 10.649713955563342, "B등급": "위험", "기준선_근처": true, "계단": false }, "geometry": { "type": "LineString", "coordinates": [ [ 126.953333, 37.498046 ], [ 126.953347099999988, 37.4980683 ], [ 126.953354300000015, 37.4981112 ] ] } },
{ "type": "Feature", "properties": { "학교": "숭실대", "u": "2824759097", "v": "2824759213", "key": 0, "highway": "residential", "name": "청림5길", "length_m": 28.399246895886002, "기준길이_m": 60.0, "조각수": 1, "최대경사_pct": 12.560246739020375, "B등급": "위험", "기준선_근처": true, "계단": false }, "geometry": { "type": "LineString", "coordinates": [ [ 126.9594692, 37.4920256 ], [ 126.9596066, 37.4918708 ], [ 126.959610600000019, 37.4918046 ] ] } },
{ "type": "Feature", "properties": { "학교": "숭실대", "u": "2824759097", "v": "2824759209", "key": 0, "highway": "residential", "name": "청림3길", "length_m": 68.848606277375524, "기준길이_m": 68.848606277375524, "조각수": 1, "최대경사_pct": 12.244436051997653, "B등급": "위험", "기준선_근처": true, "계단": false }, "geometry": { "type": "LineString", "coordinates": [ [ 126.959142, 37.491463700000033 ], [ 126.9592276, 37.491769300000023 ], [ 126.959610600000019, 37.4918046 ] ] } },
{ "type": "Feature", "properties": { "학교": "숭실대", "u": "2824759213", "v": "8482687961", "key": 0, "highway": "tertiary", "name": "관악로40길", "length_m": 83.836219467086934, "기준길이_m": 83.836219467086934, "조각수": 1, "최대경사_pct": 12.62387652749433, "B등급": "위험", "기준선_근처": true, "계단": false }, "geometry": { "type": "LineString", "coordinates": [ [ 126.9598682, 37.4926949 ], [ 126.9598021, 37.4925003 ], [ 126.959753800000016, 37.4923343 ], [ 126.9595258, 37.4920768 ], [ 126.9594692, 37.4920256 ] ] } },
{ "type": "Feature", "properties": { "학교": "숭실대", "u": "2824759209", "v": "4619539828", "key": 0, "highway": "residential", "name": "청림3길", "length_m": 70.684684998439351, "기준길이_m": 70.684684998439351, "조각수": 1, "최대경사_pct": 6.9012807989928389, "B등급": "주의", "기준선_근처": true, "계단": false }, "geometry": { "type": "LineString", "coordinates": [ [ 126.958672899999982, 37.4909603 ], [ 126.9586807, 37.4909827 ], [ 126.9587423, 37.4910253 ], [ 126.9588309, 37.491136 ], [ 126.958919400000013, 37.491187 ], [ 126.9590669, 37.4913403 ], [ 126.959142, 37.491463700000033 ] ] } },
{ "type": "Feature", "properties": { "학교": "숭실대", "u": "2824759203", "v": "2824759300", "key": 0, "highway": "residential", "name": "서달로1길", "length_m": 210.12335620500946, "기준길이_m": 70.041118735003153, "조각수": 3, "최대경사_pct": 16.876147433090683, "B등급": "위험", "기준선_근처": false, "계단": false }, "geometry": { "type": "LineString", "coordinates": [ [ 126.9600069, 37.499174 ], [ 126.9599136, 37.4993238 ], [ 126.9599105, 37.4996541 ], [ 126.959918800000011, 37.5001522 ], [ 126.9601661, 37.5009024 ], [ 126.960245500000013, 37.500944899999986 ], [ 126.9602943, 37.5009689 ] ] } },
{ "type": "Feature", "properties": { "학교": "숭실대", "u": "2824759203", "v": "2824759222", "key": 0, "highway": "residential", "name": "서달로", "length_m": 154.93447115445974, "기준길이_m": 77.467235577229872, "조각수": 2, "최대경사_pct": 16.488156599151431, "B등급": "위험", "기준선_근처": false, "계단": false }, "geometry": { "type": "LineString", "coordinates": [ [ 126.9604845, 37.499609 ], [ 126.960518900000011, 37.5002613 ], [ 126.960489, 37.5005677 ], [ 126.960422, 37.5007737 ], [ 126.960361, 37.5009041 ], [ 126.9602943, 37.5009689 ] ] } },
{ "type": "Feature", "properties": { "학교": "숭실대", "u": "2824759300", "v": "2824759222", "key": 0, "highway": "residential", "name": "서달로", "length_m": 64.551821317467827, "기준길이_m": 64.551821317467827, "조각수": 1, "최대경사_pct": 7.0871794110668827, "B등급": "주의", "기준선_근처": true, "계단": false }, "geometry": { "type": "LineString", "coordinates": [ [ 126.9604845, 37.499609 ], [ 126.960454699999985, 37.4995704 ], [ 126.960261799999984, 37.499357400000015 ], [ 126.9600069, 37.499174 ] ] } },
{ "type": "Feature", "properties": { "학교": "숭실대", "u": "2824759300", "v": "12816428872", "key": 0, "highway": "residential", "name": "서달로", "length_m": 31.203795901099276, "기준길이_m": 60.0, "조각수": 1, "최대경사_pct": 12.666363617413293, "B등급": "위험", "기준선_근처": true, "계단": false }, "geometry": { "type": "LineString", "coordinates": [ [ 126.9597851, 37.4989569 ], [ 126.9598394, 37.499029 ], [ 126.9600069, 37.499174 ] ] } },
{ "type": "Feature", "properties": { "학교": "숭실대", "u": "2824759222", "v": "4697324255", "key": 0, "highway": "residential", "name": "서달로2길", "length_m": 349.99407128145361, "기준길이_m": 69.998814256290729, "조각수": 5, "최대경사_pct": 6.6234051374937781, "B등급": "주의", "기준선_근처": true, "계단": false }, "geometry": { "type": "LineString", "coordinates": [ [ 126.963937900000019, 37.5008805 ], [ 126.9637484, 37.5008034 ], [ 126.963002800000012, 37.5006672 ], [ 126.962739900000017, 37.5005693 ], [ 126.9625414, 37.5004034 ], [ 126.9622625, 37.5002502 ], [ 126.9622424, 37.5002159 ], [ 126.9620948, 37.5000336 ], [ 126.9619204, 37.4999166 ], [ 126.9616772, 37.499855299999986 ], [ 126.9613867, 37.4998161 ], [ 126.9611612, 37.4997815 ], [ 126.960663, 37.4995855 ], [ 126.9604845, 37.499609 ] ] } },
{ "type": "Feature", "properties": { "학교": "숭실대", "u": "2825728925", "v": "11413637870", "key": 0, "highway": "residential", "name": "청림3마길", "length_m": 5.1525324946963007, "기준길이_m": 60.0, "조각수": 1, "최대경사_pct": 9.2582563044724733, "B등급": "위험", "기준선_근처": true, "계단": false }, "geometry": { "type": "LineString", "coordinates": [ [ 126.957165800000013, 37.4909426 ], [ 126.9571318, 37.490980300000025 ] ] } },
{ "type": "Feature", "properties": { "학교": "숭실대", "u": "4619539828", "v": "4619539841", "key": 0, "highway": "residential", "name": "청림3길", "length_m": 39.401702233359956, "기준길이_m": 60.0, "조각수": 1, "최대경사_pct": 7.488926409295046, "B등급": "주의", "기준선_근처": true, "계단": false }, "geometry": { "type": "LineString", "coordinates": [ [ 126.95868590000002, 37.4906094 ], [ 126.9586914, 37.4906295 ], [ 126.9586675, 37.490817 ], [ 126.9586541, 37.4909063 ], [ 126.958672899999982, 37.4909603 ] ] } },
{ "type": "Feature", "properties": { "학교": "숭실대", "u": "8482687961", "v": "8482687969", "key": 0, "highway": "tertiary", "name": "관악로40길", "length_m": 15.858864295339245, "기준길이_m": 60.0, "조각수": 1, "최대경사_pct": 8.6080251487074122, "B등급": "위험", "기준선_근처": true, "계단": false }, "geometry": { "type": "LineString", "coordinates": [ [ 126.959918299999984, 37.4928321 ], [ 126.9598682, 37.4926949 ] ] } },
{ "type": "Feature", "properties": { "학교": "숭실대", "u": "8482687961", "v": "8482687969", "key": 1, "highway": "service", "name": null, "length_m": 178.33687141202631, "기준길이_m": 89.168435706013156, "조각수": 2, "최대경사_pct": 2.0373432132976785, "B등급": "양호", "기준선_근처": true, "계단": false }, "geometry": { "type": "LineString", "coordinates": [ [ 126.959918299999984, 37.4928321 ], [ 126.9607168, 37.4926537 ], [ 126.9607303, 37.4926345 ], [ 126.9607329, 37.4926132 ], [ 126.9607329, 37.4925877 ], [ 126.9606659, 37.4924259 ], [ 126.960633700000017, 37.492406799999983 ], [ 126.9606015, 37.4924153 ], [ 126.9598682, 37.4926949 ] ] } },
{ "type": "Feature", "properties": { "학교": "숭실대", "u": "8482687961", "v": "8482687939", "key": 0, "highway": "service", "name": null, "length_m": 58.127499920804496, "기준길이_m": 60.0, "조각수": 1, "최대경사_pct": 8.2668611899564581, "B등급": "주의", "기준선_근처": true, "계단": false }, "geometry": { "type": "LineString", "coordinates": [ [ 126.9593489, 37.4929133 ], [ 126.9593744, 37.4929473 ], [ 126.959390500000012, 37.492956399999983 ], [ 126.959410600000012, 37.492958 ], [ 126.9594401, 37.4929532 ], [ 126.9594763, 37.4929378 ], [ 126.9598682, 37.4926949 ] ] } },
{ "type": "Feature", "properties": { "학교": "숭실대", "u": "2824759217", "v": "2824759229", "key": 0, "highway": "service", "name": "청림5가길", "length_m": 22.747175342483594, "기준길이_m": 60.0, "조각수": 1, "최대경사_pct": 13.308817052490459, "B등급": "위험", "기준선_근처": false, "계단": false }, "geometry": { "type": "LineString", "coordinates": [ [ 126.9589506, 37.4899492 ], [ 126.9587327, 37.4900581 ] ] } },
{ "type": "Feature", "properties": { "학교": "숭실대", "u": "2824759217", "v": "2824759260", "key": 0, "highway": "service", "name": "청림5가길", "length_m": 14.792650470686514, "기준길이_m": 60.0, "조각수": 1, "최대경사_pct": 13.207971244958779, "B등급": "위험", "기준선_근처": false, "계단": false }, "geometry": { "type": "LineString", "coordinates": [ [ 126.958576899999983, 37.4901066 ], [ 126.9587327, 37.4900581 ] ] } },
{ "type": "Feature", "properties": { "학교": "숭실대", "u": "2824759260", "v": "2825728950", "key": 0, "highway": "residential", "name": "청림3길", "length_m": 34.493166271056467, "기준길이_m": 60.0, "조각수": 1, "최대경사_pct": 2.6759345906357384, "B등급": "양호", "기준선_근처": true, "계단": false }, "geometry": { "type": "LineString", "coordinates": [ [ 126.9585329, 37.4897992 ], [ 126.958576800000017, 37.489978200000017 ], [ 126.958576899999983, 37.4901066 ] ] } },
{ "type": "Feature", "properties": { "학교": "숭실대", "u": "2824759260", "v": "4619539820", "key": 0, "highway": "residential", "name": "청림3길", "length_m": 38.325470643419592, "기준길이_m": 60.0, "조각수": 1, "최대경사_pct": 5.7557151005092537, "B등급": "주의", "기준선_근처": true, "계단": false }, "geometry": { "type": "LineString", "coordinates": [ [ 126.95855210000002, 37.49042330000001 ], [ 126.958541400000016, 37.490410600000011 ], [ 126.95852, 37.490351 ], [ 126.958503900000011, 37.490168 ], [ 126.958576899999983, 37.4901066 ] ] } },
{ "type": "Feature", "properties": { "학교": "숭실대", "u": "4619539822", "v": "4619539820", "key": 0, "highway": "service", "name": "청림3라길", "length_m": 51.190182079436639, "기준길이_m": 60.0, "조각수": 1, "최대경사_pct": 6.3756250508713679, "B등급": "주의", "기준선_근처": true, "계단": false }, "geometry": { "type": "LineString", "coordinates": [ [ 126.95855210000002, 37.49042330000001 ], [ 126.958818399999984, 37.490436200000012 ], [ 126.959030100000021, 37.4904723 ], [ 126.959125300000011, 37.490478799999977 ] ] } },
{ "type": "Feature", "properties": { "학교": "숭실대", "u": "4697324255", "v": "4611250951", "key": 0, "highway": "residential", "name": "서달로2길", "length_m": 48.246148828510535, "기준길이_m": 60.0, "조각수": 1, "최대경사_pct": 9.0997483047191956, "B등급": "위험", "기준선_근처": true, "계단": false }, "geometry": { "type": "LineString", "coordinates": [ [ 126.964266, 37.501217200000021 ], [ 126.9640829, 37.500964200000013 ], [ 126.963937900000019, 37.5008805 ] ] } },
{ "type": "Feature", "properties": { "학교": "숭실대", "u": "4697324255", "v": "4697324244", "key": 0, "highway": "service", "name": null, "length_m": 60.066185343378208, "기준길이_m": 60.066185343378208, "조각수": 1, "최대경사_pct": 11.556126945397232, "B등급": "위험", "기준선_근처": true, "계단": false }, "geometry": { "type": "LineString", "coordinates": [ [ 126.9636652, 37.501211500000011 ], [ 126.9638205, 37.5012312 ], [ 126.963881200000017, 37.5012206 ], [ 126.963935500000019, 37.5011827 ], [ 126.963967600000018, 37.5011222 ], [ 126.9639626, 37.5010149 ], [ 126.963937900000019, 37.5008805 ] ] } },
{ "type": "Feature", "properties": { "학교": "숭실대", "u": "2824759227", "v": "8482687980", "key": 0, "highway": "tertiary", "name": "관악로40길", "length_m": 30.672805273531704, "기준길이_m": 60.0, "조각수": 1, "최대경사_pct": 7.6447236890101538, "B등급": "주의", "기준선_근처": true, "계단": false }, "geometry": { "type": "LineString", "coordinates": [ [ 126.9600093, 37.4930918 ], [ 126.9601025, 37.493358 ] ] } },
{ "type": "Feature", "properties": { "학교": "숭실대", "u": "2824759227", "v": "8482687983", "key": 0, "highway": "service", "name": null, "length_m": 20.327963432451853, "기준길이_m": 60.0, "조각수": 1, "최대경사_pct": 1.2364097225005346, "B등급": "양호", "기준선_근처": true, "계단": false }, "geometry": { "type": "LineString", "coordinates": [ [ 126.959873500000015, 37.4933739 ], [ 126.9601025, 37.493358 ] ] } },
{ "type": "Feature", "properties": { "학교": "숭실대", "u": "2824759227", "v": "13322228135", "key": 0, "highway": "tertiary", "name": "관악로40길", "length_m": 61.320263635574797, "기준길이_m": 61.320263635574797, "조각수": 1, "최대경사_pct": 6.0623587788381812, "B등급": "주의", "기준선_근처": true, "계단": false }, "geometry": { "type": "LineString", "coordinates": [ [ 126.960189700000015, 37.493906100000025 ], [ 126.9601856, 37.493873 ], [ 126.9601025, 37.493358 ] ] } },
{ "type": "Feature", "properties": { "학교": "숭실대", "u": "8482687980", "v": "8482687969", "key": 0, "highway": "tertiary", "name": "관악로40길", "length_m": 29.925651635790452, "기준길이_m": 60.0, "조각수": 1, "최대경사_pct": 7.0913642372494703, "B등급": "주의", "기준선_근처": true, "계단": false }, "geometry": { "type": "LineString", "coordinates": [ [ 126.959918299999984, 37.4928321 ], [ 126.9600093, 37.4930918 ] ] } },
{ "type": "Feature", "properties": { "학교": "숭실대", "u": "8482687980", "v": "8482687970", "key": 0, "highway": "service", "name": null, "length_m": 14.841972506038308, "기준길이_m": 60.0, "조각수": 1, "최대경사_pct": 2.1632397996509667, "B등급": "양호", "기준선_근처": true, "계단": false }, "geometry": { "type": "LineString", "coordinates": [ [ 126.9601725, 37.4930606 ], [ 126.9600093, 37.4930918 ] ] } },
{ "type": "Feature", "properties": { "학교": "숭실대", "u": "2824759242", "v": "2825711987", "key": 0, "highway": "residential", "name": "서달로", "length_m": 23.93233635250143, "기준길이_m": 60.0, "조각수": 1, "최대경사_pct": 3.0297529535910193, "B등급": "양호", "기준선_근처": true, "계단": false }, "geometry": { "type": "LineString", "coordinates": [ [ 126.9592941, 37.4979699 ], [ 126.9593048, 37.4980119 ], [ 126.959331100000014, 37.4981834 ] ] } },
{ "type": "Feature", "properties": { "학교": "숭실대", "u": "2824759242", "v": "12816428873", "key": 0, "highway": "residential", "name": "서달로", "length_m": 56.784662194609894, "기준길이_m": 60.0, "조각수": 1, "최대경사_pct": 9.1398607194608648, "B등급": "위험", "기준선_근처": true, "계단": false }, "geometry": { "type": "LineString", "coordinates": [ [ 126.9595543, 37.498651 ], [ 126.9595127, 37.4985975 ], [ 126.959355699999989, 37.49838170000001 ], [ 126.959331100000014, 37.4981834 ] ] } },
{ "type": "Feature", "properties": { "학교": "숭실대", "u": "2824759242", "v": "2825714904", "key": 0, "highway": "service", "name": null, "length_m": 244.81893499222303, "기준길이_m": 61.204733748055759, "조각수": 4, "최대경사_pct": 8.0141056086888796, "B등급": "주의", "기준선_근처": true, "계단": false }, "geometry": { "type": "LineString", "coordinates": [ [ 126.957975500000018, 37.497559 ], [ 126.9581526, 37.4979079 ], [ 126.957745, 37.4980441 ], [ 126.9578683, 37.498325 ], [ 126.95850129999998, 37.4982058 ], [ 126.959331100000014, 37.4981834 ] ] } },
{ "type": "Feature", "properties": { "학교": "숭실대", "u": "2825711987", "v": "2825711424", "key": 0, "highway": "residential", "name": "상도로55길", "length_m": 71.35342486476668, "기준길이_m": 71.35342486476668, "조각수": 1, "최대경사_pct": 5.7746702360614712, "B등급": "주의", "기준선_근처": true, "계단": false }, "geometry": { "type": "LineString", "coordinates": [ [ 126.959109699999985, 37.49740760000001 ], [ 126.9591476, 37.4974321 ], [ 126.9591754, 37.4974695 ], [ 126.9591869, 37.4975358 ], [ 126.9591323, 37.4978413 ], [ 126.959158299999984, 37.4978782 ], [ 126.9592289, 37.4979362 ], [ 126.9592941, 37.4979699 ] ] } },
{ "type": "Feature", "properties": { "학교": "숭실대", "u": "2825711987", "v": "12785639994", "key": 0, "highway": "residential", "name": "서달로", "length_m": 375.88906064284407, "기준길이_m": 62.648176773807343, "조각수": 6, "최대경사_pct": 9.6234809926623974, "B등급": "위험", "기준선_근처": true, "계단": false }, "geometry": { "type": "LineString", "coordinates": [ [ 126.9611947, 37.4952503 ], [ 126.9612676, 37.4953377 ], [ 126.9613693, 37.495471599999988 ], [ 126.9613767, 37.4955624 ], [ 126.9613126, 37.4956975 ], [ 126.9611174, 37.495852500000026 ], [ 126.9603882, 37.4963759 ], [ 126.959767099999979, 37.496871 ], [ 126.9596219, 37.4969729 ], [ 126.959542099999979, 37.4971068 ], [ 126.959486200000015, 37.4972538 ], [ 126.959311899999989, 37.4978885 ], [ 126.9592941, 37.4979699 ] ] } },
{ "type": "Feature", "properties": { "학교": "숭실대", "u": "12816428873", "v": "12816428872", "key": 0, "highway": "residential", "name": "서달로", "length_m": 39.613001839348321, "기준길이_m": 60.0, "조각수": 1, "최대경사_pct": 15.568814850610528, "B등급": "위험", "기준선_근처": false, "계단": false }, "geometry": { "type": "LineString", "coordinates": [ [ 126.9597851, 37.4989569 ], [ 126.9595543, 37.498651 ] ] } },
{ "type": "Feature", "properties": { "학교": "숭실대", "u": "12816428873", "v": "5406793613", "key": 0, "highway": [ "service", "path" ], "name": null, "length_m": 581.14231200172901, "기준길이_m": 64.571368000192109, "조각수": 9, "최대경사_pct": 25.324249153439681, "B등급": "위험", "기준선_근처": false, "계단": false }, "geometry": { "type": "LineString", "coordinates": [ [ 126.9622136, 37.4977212 ], [ 126.96223950000001, 37.4978267 ], [ 126.96223670000002, 37.4979177 ], [ 126.9622666, 37.4980056 ], [ 126.962251, 37.498096099999984 ], [ 126.962296800000018, 37.4981802 ], [ 126.962180100000012, 37.4981802 ], [ 126.9620701, 37.498158300000028 ], [ 126.9619588, 37.498133 ], [ 126.961890900000014, 37.4982085 ], [ 126.9618266, 37.4982843 ], [ 126.9617899, 37.4983743 ], [ 126.9618702, 37.4984378 ], [ 126.9619683, 37.498485700000018 ], [ 126.9620868, 37.4984987 ], [ 126.962162, 37.4985663 ], [ 126.9622519, 37.4986253 ], [ 126.962342199999981, 37.4986813 ], [ 126.962354, 37.498591100000013 ], [ 126.9624188, 37.498514900000011 ], [ 126.9624779, 37.4984373 ], [ 126.9625577, 37.4985056 ], [ 126.9626575, 37.498555200000013 ], [ 126.9627458, 37.4986117 ], [ 126.962790600000019, 37.4986966 ], [ 126.9628885, 37.4987428 ], [ 126.96284, 37.4988248 ], [ 126.9627393, 37.4988744 ], [ 126.962681700000019, 37.498952 ], [ 126.9625854, 37.4990009 ], [ 126.9624892, 37.49895080000001 ], [ 126.9623738, 37.4989443 ], [ 126.962307900000013, 37.4988675 ], [ 126.9622, 37.4988372 ], [ 126.9621083, 37.49878360000001 ], [ 126.9619936, 37.4987576 ], [ 126.9618901, 37.4987092 ], [ 126.9617873, 37.4986689 ], [ 126.9616849, 37.4986215 ], [ 126.961572299999986, 37.4985908 ], [ 126.9614592, 37.4985671 ], [ 126.9613432, 37.4985427 ], [ 126.9612223, 37.498542 ], [ 126.961107100000021, 37.4985526 ], [ 126.960993500000015, 37.4985503 ], [ 126.9608746, 37.4985459 ], [ 126.9607575, 37.4985542 ], [ 126.960641599999988, 37.498559 ], [ 126.960525700000019, 37.498556300000025 ], [ 126.960413, 37.4985694 ], [ 126.960298600000016, 37.49857 ], [ 126.960183700000016, 37.4985737 ], [ 126.960064, 37.4985901 ], [ 126.9599499, 37.4985859 ], [ 126.9598338, 37.4986005 ], [ 126.95971830000002, 37.4986008 ], [ 126.959604399999989, 37.4986368 ], [ 126.9595543, 37.498651 ] ] } },
{ "type": "Feature", "properties": { "학교": "숭실대", "u": "2825714904", "v": "4686503139", "key": 0, "highway": "residential", "name": "상도로55길", "length_m": 7.19522664869094, "기준길이_m": 60.0, "조각수": 1, "최대경사_pct": 8.6717033581785792, "B등급": "위험", "기준선_근처": true, "계단": false }, "geometry": { "type": "LineString", "coordinates": [ [ 126.958047500000021, 37.4975288 ], [ 126.957975500000018, 37.497559 ] ] } },
{ "type": "Feature", "properties": { "학교": "숭실대", "u": "2825714904", "v": "2825714913", "key": 0, "highway": "residential", "name": "상도로55길", "length_m": 225.87379930366188, "기준길이_m": 75.291266434553961, "조각수": 3, "최대경사_pct": 10.491468078898485, "B등급": "위험", "기준선_근처": true, "계단": false }, "geometry": { "type": "LineString", "coordinates": [ [ 126.955521300000015, 37.4979801 ], [ 126.9555642, 37.4979633 ], [ 126.955631100000019, 37.49795060000001 ], [ 126.955788399999989, 37.4979202 ], [ 126.95647390000002, 37.4979064 ], [ 126.95661290000001, 37.4979144 ], [ 126.9569643, 37.4978952 ], [ 126.9570609, 37.4978718 ], [ 126.9571842, 37.497825 ], [ 126.9574551, 37.497710099999985 ], [ 126.9578575, 37.4975994 ], [ 126.957975500000018, 37.497559 ] ] } },
{ "type": "Feature", "properties": { "학교": "숭실대", "u": "4619539820", "v": "4619539841", "key": 0, "highway": "residential", "name": "청림3길", "length_m": 24.130697639463584, "기준길이_m": 60.0, "조각수": 1, "최대경사_pct": 2.3836552482598234, "B등급": "양호", "기준선_근처": true, "계단": false }, "geometry": { "type": "LineString", "coordinates": [ [ 126.95868590000002, 37.4906094 ], [ 126.958672899999982, 37.4905617 ], [ 126.958611200000021, 37.4904936 ], [ 126.95855210000002, 37.49042330000001 ] ] } },
{ "type": "Feature", "properties": { "학교": "숭실대", "u": "12785639994", "v": "12785639987", "key": 0, "highway": "service", "name": null, "length_m": 34.803879868870617, "기준길이_m": 60.0, "조각수": 1, "최대경사_pct": 5.3422671941287332, "B등급": "양호", "기준선_근처": true, "계단": false }, "geometry": { "type": "LineString", "coordinates": [ [ 126.960872600000016, 37.4954305 ], [ 126.9611947, 37.4952503 ] ] } },
{ "type": "Feature", "properties": { "학교": "숭실대", "u": "5746089412", "v": "13322228150", "key": 0, "highway": "residential", "name": "상도로61길", "length_m": 7.6341678268480795, "기준길이_m": 60.0, "조각수": 1, "최대경사_pct": 1.9270057885360834, "B등급": "양호", "기준선_근처": true, "계단": false }, "geometry": { "type": "LineString", "coordinates": [ [ 126.9595316, 37.4948503 ], [ 126.9595446, 37.4949183 ] ] } },
{ "type": "Feature", "properties": { "학교": "숭실대", "u": "5746089412", "v": "2890319302", "key": 0, "highway": "primary", "name": "사당로", "length_m": 55.319533877905755, "기준길이_m": 60.0, "조각수": 1, "최대경사_pct": 6.1905165149420096, "B등급": "주의", "기준선_근처": true, "계단": false }, "geometry": { "type": "LineString", "coordinates": [ [ 126.95892520000001, 37.4949881 ], [ 126.9592775, 37.4949484 ], [ 126.9595446, 37.4949183 ] ] } },
{ "type": "Feature", "properties": { "학교": "숭실대", "u": "12816428872", "v": "8857857355", "key": 0, "highway": [ "path", "steps" ], "name": null, "length_m": 52.648719734398092, "기준길이_m": 60.0, "조각수": 1, "최대경사_pct": 19.948458371658806, "B등급": "위험", "기준선_근처": false, "계단": true }, "geometry": { "type": "LineString", "coordinates": [ [ 126.9592229, 37.4989553 ], [ 126.9592833, 37.4989861 ], [ 126.959322900000018, 37.4990019 ], [ 126.959385700000013, 37.4990271 ], [ 126.959573800000015, 37.4989966 ], [ 126.9597689, 37.4989592 ], [ 126.9597851, 37.4989569 ] ] } },
{ "type": "Feature", "properties": { "학교": "숭실대", "u": "2825706577", "v": "2825730235", "key": 0, "highway": "service", "name": "상도로45길", "length_m": 42.738949120919891, "기준길이_m": 60.0, "조각수": 1, "최대경사_pct": 5.4855870192066787, "B등급": "양호", "기준선_근처": true, "계단": false }, "geometry": { "type": "LineString", "coordinates": [ [ 126.9512354, 37.500597 ], [ 126.950836200000012, 37.5003799 ] ] } },
{ "type": "Feature", "properties": { "학교": "숭실대", "u": "2825706542", "v": "2825706563", "key": 0, "highway": "tertiary", "name": "상도로53길", "length_m": 13.183910645357846, "기준길이_m": 60.0, "조각수": 1, "최대경사_pct": 8.8152183612863535, "B등급": "위험", "기준선_근처": true, "계단": false }, "geometry": { "type": "LineString", "coordinates": [ [ 126.9530751, 37.497817 ], [ 126.9531901, 37.4978926 ] ] } },
{ "type": "Feature", "properties": { "학교": "숭실대", "u": "2825706563", "v": "2825711038", "key": 0, "highway": "service", "name": "상도로37길", "length_m": 41.255380672355741, "기준길이_m": 60.0, "조각수": 1, "최대경사_pct": 5.2001906172441297, "B등급": "양호", "기준선_근처": true, "계단": false }, "geometry": { "type": "LineString", "coordinates": [ [ 126.9533416, 37.4975119 ], [ 126.9530751, 37.497817 ] ] } },
{ "type": "Feature", "properties": { "학교": "숭실대", "u": "2825706563", "v": "13230033251", "key": 0, "highway": "service", "name": "상도로37길", "length_m": 15.364536715476767, "기준길이_m": 60.0, "조각수": 1, "최대경사_pct": 4.9044115474926882, "B등급": "양호", "기준선_근처": true, "계단": false }, "geometry": { "type": "LineString", "coordinates": [ [ 126.9529758, 37.4979306 ], [ 126.9530751, 37.497817 ] ] } },
{ "type": "Feature", "properties": { "학교": "숭실대", "u": "11413637591", "v": "13230033251", "key": 0, "highway": "footway", "name": null, "length_m": 14.135421257324184, "기준길이_m": 60.0, "조각수": 1, "최대경사_pct": 9.2834565028434213, "B등급": "위험", "기준선_근처": true, "계단": false }, "geometry": { "type": "LineString", "coordinates": [ [ 126.9529758, 37.4979306 ], [ 126.953119, 37.4979872 ] ] } },
{ "type": "Feature", "properties": { "학교": "숭실대", "u": "11413637591", "v": "11413588662", "key": 0, "highway": "footway", "name": null, "length_m": 31.789021656327609, "기준길이_m": 60.0, "조각수": 1, "최대경사_pct": 10.674836814929995, "B등급": "위험", "기준선_근처": true, "계단": false }, "geometry": { "type": "LineString", "coordinates": [ [ 126.953224400000011, 37.49823090000001 ], [ 126.9532305, 37.4981969 ], [ 126.9532307, 37.4981225 ], [ 126.9532323, 37.498062199999985 ], [ 126.953207600000013, 37.4980458 ], [ 126.953119, 37.4979872 ] ] } },
{ "type": "Feature", "properties": { "학교": "숭실대", "u": "2825711099", "v": "2825711071", "key": 0, "highway": "residential", "name": "상도로53가길", "length_m": 51.097034094521298, "기준길이_m": 60.0, "조각수": 1, "최대경사_pct": 0.89982509660003984, "B등급": "양호", "기준선_근처": true, "계단": false }, "geometry": { "type": "LineString", "coordinates": [ [ 126.9535161, 37.4976126 ], [ 126.953480099999979, 37.49765470000002 ], [ 126.9534345, 37.497735600000013 ], [ 126.9533872, 37.4978804 ], [ 126.953333, 37.498046 ] ] } },
{ "type": "Feature", "properties": { "학교": "숭실대", "u": "4621460691", "v": "11413637707", "key": 0, "highway": "service", "name": "상도로37길", "length_m": 54.877203274180253, "기준길이_m": 60.0, "조각수": 1, "최대경사_pct": 16.50708304634712, "B등급": "위험", "기준선_근처": false, "계단": false }, "geometry": { "type": "LineString", "coordinates": [ [ 126.9529829, 37.4985801 ], [ 126.9523654, 37.4986294 ] ] } },
{ "type": "Feature", "properties": { "학교": "숭실대", "u": "2825706556", "v": "11413637479", "key": 0, "highway": "footway", "name": null, "length_m": 18.356355211150252, "기준길이_m": 60.0, "조각수": 1, "최대경사_pct": 18.654875807223828, "B등급": "위험", "기준선_근처": false, "계단": false }, "geometry": { "type": "LineString", "coordinates": [ [ 126.9534867, 37.4983753 ], [ 126.9533159, 37.4982813 ] ] } },
{ "type": "Feature", "properties": { "학교": "숭실대", "u": "11413588662", "v": "11413637707", "key": 0, "highway": "footway", "name": null, "length_m": 44.28189543508384, "기준길이_m": 60.0, "조각수": 1, "최대경사_pct": 1.0892297942741416, "B등급": "양호", "기준선_근처": true, "계단": false }, "geometry": { "type": "LineString", "coordinates": [ [ 126.9529829, 37.4985801 ], [ 126.9531028, 37.4984222 ], [ 126.953224400000011, 37.49823090000001 ] ] } },
{ "type": "Feature", "properties": { "학교": "숭실대", "u": "2825711038", "v": "2825711094", "key": 0, "highway": "service", "name": "상도로37길", "length_m": 48.248345944975675, "기준길이_m": 60.0, "조각수": 1, "최대경사_pct": 2.9153471543155973, "B등급": "양호", "기준선_근처": true, "계단": false }, "geometry": { "type": "LineString", "coordinates": [ [ 126.9536533, 37.4971551 ], [ 126.9533416, 37.4975119 ] ] } },
{ "type": "Feature", "properties": { "학교": "숭실대", "u": "2825730235", "v": "4621471425", "key": 0, "highway": "service", "name": "상도로47가길", "length_m": 49.768294248481261, "기준길이_m": 60.0, "조각수": 1, "최대경사_pct": 0.99523491413106535, "B등급": "양호", "기준선_근처": true, "계단": false }, "geometry": { "type": "LineString", "coordinates": [ [ 126.950924700000016, 37.5009709 ], [ 126.9512354, 37.500597 ] ] } },
{ "type": "Feature", "properties": { "학교": "숭실대", "u": "2825711094", "v": "2825711047", "key": 0, "highway": "residential", "name": "상도로55길", "length_m": 19.823189963608108, "기준길이_m": 60.0, "조각수": 1, "최대경사_pct": 3.2186724612315247, "B등급": "양호", "기준선_근처": true, "계단": false }, "geometry": { "type": "LineString", "coordinates": [ [ 126.9538774, 37.497159600000032 ], [ 126.9536533, 37.4971551 ] ] } },
{ "type": "Feature", "properties": { "학교": "숭실대", "u": "2825711094", "v": "2825711091", "key": 0, "highway": "service", "name": "상도로55길", "length_m": 39.356506957332186, "기준길이_m": 60.0, "조각수": 1, "최대경사_pct": 8.3333333333333321, "B등급": "주의", "기준선_근처": true, "계단": false }, "geometry": { "type": "LineString", "coordinates": [ [ 126.9538378, 37.4968324 ], [ 126.9536533, 37.4971551 ] ] } },
{ "type": "Feature", "properties": { "학교": "숭실대", "u": "2825711094", "v": "2825711406", "key": 0, "highway": "residential", "name": "상도로55길", "length_m": 60.826461496881308, "기준길이_m": 60.826461496881308, "조각수": 1, "최대경사_pct": 8.1464826374688073, "B등급": "주의", "기준선_근처": true, "계단": false }, "geometry": { "type": "LineString", "coordinates": [ [ 126.952976800000016, 37.4971372 ], [ 126.953155600000017, 37.4971853 ], [ 126.9536533, 37.4971551 ] ] } },
{ "type": "Feature", "properties": { "학교": "숭실대", "u": "2825711071", "v": "2825711413", "key": 0, "highway": "residential", "name": "상도로53가길", "length_m": 115.24595970411488, "기준길이_m": 115.24595970411488, "조각수": 1, "최대경사_pct": 2.8946555633244606, "B등급": "양호", "기준선_근처": true, "계단": false }, "geometry": { "type": "LineString", "coordinates": [ [ 126.9545095, 37.4971449 ], [ 126.9545047, 37.49732490000001 ], [ 126.9544725, 37.497359 ], [ 126.9543331, 37.4974079 ], [ 126.954153299999987, 37.497448299999981 ], [ 126.9537269, 37.4975079 ], [ 126.9536594, 37.4975267 ], [ 126.9535767, 37.4975675 ], [ 126.9535161, 37.4976126 ] ] } },
{ "type": "Feature", "properties": { "학교": "숭실대", "u": "2825711047", "v": "2825711413", "key": 0, "highway": "residential", "name": "상도로55길", "length_m": 55.919662620974094, "기준길이_m": 60.0, "조각수": 1, "최대경사_pct": 5.3908170528926522, "B등급": "양호", "기준선_근처": true, "계단": false }, "geometry": { "type": "LineString", "coordinates": [ [ 126.9545095, 37.4971449 ], [ 126.9538774, 37.497159600000032 ] ] } },
{ "type": "Feature", "properties": { "학교": "숭실대", "u": "2825711047", "v": "4686503142", "key": 0, "highway": "service", "name": "상도로55길", "length_m": 31.575506304120616, "기준길이_m": 60.0, "조각수": 1, "최대경사_pct": 6.1009579535222969, "B등급": "주의", "기준선_근처": true, "계단": false }, "geometry": { "type": "LineString", "coordinates": [ [ 126.9538653, 37.4968753 ], [ 126.9538653, 37.4969242 ], [ 126.9538774, 37.497159600000032 ] ] } },
{ "type": "Feature", "properties": { "학교": "숭실대", "u": "2825711413", "v": "3713157340", "key": 0, "highway": "residential", "name": "상도로55길", "length_m": 142.46893749619534, "기준길이_m": 71.234468748097669, "조각수": 2, "최대경사_pct": 8.4466509279912732, "B등급": "위험", "기준선_근처": true, "계단": false }, "geometry": { "type": "LineString", "coordinates": [ [ 126.9555146, 37.4979788 ], [ 126.9553781, 37.497941100000013 ], [ 126.955344900000014, 37.4979203 ], [ 126.9552966, 37.4978765 ], [ 126.9552638, 37.4978207 ], [ 126.955238400000013, 37.4977598 ], [ 126.955204800000018, 37.4976207 ], [ 126.955177, 37.4975652 ], [ 126.9551324, 37.4975228 ], [ 126.9548507, 37.4973249 ], [ 126.9547967, 37.4972607 ], [ 126.95477910000001, 37.4971756 ], [ 126.9547428, 37.4971441 ], [ 126.9546958, 37.4971315 ], [ 126.9545095, 37.4971449 ] ] } },
{ "type": "Feature", "properties": { "학교": "숭실대", "u": "2825711406", "v": "13528976148", "key": 0, "highway": "primary", "name": "상도로", "length_m": 194.11909541227851, "기준길이_m": 64.706365137426175, "조각수": 3, "최대경사_pct": 6.4970740475693107, "B등급": "주의", "기준선_근처": true, "계단": false }, "geometry": { "type": "LineString", "coordinates": [ [ 126.9542131, 37.495692 ], [ 126.954077900000016, 37.495845 ], [ 126.9532378, 37.4968386 ], [ 126.952976800000016, 37.4971372 ] ] } },
{ "type": "Feature", "properties": { "학교": "숭실대", "u": "13528976148", "v": "13149390528", "key": 0, "highway": "footway", "name": null, "length_m": 14.653998974954634, "기준길이_m": 60.0, "조각수": 1, "최대경사_pct": 1.5441406932755797, "B등급": "양호", "기준선_근처": true, "계단": false }, "geometry": { "type": "LineString", "coordinates": [ [ 126.954345500000017, 37.4957714 ], [ 126.9542131, 37.495692 ] ] } },
{ "type": "Feature", "properties": { "학교": "숭실대", "u": "3713157340", "v": "2825714913", "key": 0, "highway": "residential", "name": "상도로55길", "length_m": 0.60978212285480005, "기준길이_m": 60.0, "조각수": 1, "최대경사_pct": 14.330301986888305, "B등급": "위험", "기준선_근처": false, "계단": false }, "geometry": { "type": "LineString", "coordinates": [ [ 126.955521300000015, 37.4979801 ], [ 126.9555146, 37.4979788 ] ] } },
{ "type": "Feature", "properties": { "학교": "숭실대", "u": "2825711424", "v": "4686503139", "key": 0, "highway": "residential", "name": "상도로55길", "length_m": 97.2330326728827, "기준길이_m": 97.2330326728827, "조각수": 1, "최대경사_pct": 6.3786635082551957, "B등급": "주의", "기준선_근처": true, "계단": false }, "geometry": { "type": "LineString", "coordinates": [ [ 126.958047500000021, 37.4975288 ], [ 126.9582035, 37.4974632 ], [ 126.9583322, 37.4974292 ], [ 126.9585008, 37.4973969 ], [ 126.9586916, 37.4973866 ], [ 126.9590028, 37.497386600000013 ], [ 126.95906380000001, 37.4973908 ], [ 126.959109699999985, 37.49740760000001 ] ] } },
{ "type": "Feature", "properties": { "학교": "숭실대", "u": "2825714913", "v": "4654271182", "key": 0, "highway": "service", "name": null, "length_m": 123.50093289251089, "기준길이_m": 61.750466446255444, "조각수": 2, "최대경사_pct": 16.367844358631206, "B등급": "위험", "기준선_근처": false, "계단": false }, "geometry": { "type": "LineString", "coordinates": [ [ 126.956867, 37.4982748 ], [ 126.956457499999985, 37.4981907 ], [ 126.955856200000014, 37.4980675 ], [ 126.955703199999988, 37.4980352 ], [ 126.955521300000015, 37.4979801 ] ] } },
{ "type": "Feature", "properties": { "학교": "숭실대", "u": "2825723221", "v": "10611854835", "key": 0, "highway": "residential", "name": "상도로60길", "length_m": 22.503840035268386, "기준길이_m": 60.0, "조각수": 1, "최대경사_pct": 11.127607497888665, "B등급": "위험", "기준선_근처": true, "계단": false }, "geometry": { "type": "LineString", "coordinates": [ [ 126.954225, 37.49426780000001 ], [ 126.9541906, 37.4940669 ] ] } },
{ "type": "Feature", "properties": { "학교": "숭실대", "u": "2825723221", "v": "2825723284", "key": 0, "highway": "residential", "name": "상도로60길", "length_m": 40.615322519631661, "기준길이_m": 60.0, "조각수": 1, "최대경사_pct": 10.156864085073636, "B등급": "위험", "기준선_근처": true, "계단": false }, "geometry": { "type": "LineString", "coordinates": [ [ 126.954173600000018, 37.4937015 ], [ 126.9541705, 37.4938111 ], [ 126.9541756, 37.4938992 ], [ 126.9541906, 37.4940669 ] ] } },
{ "type": "Feature", "properties": { "학교": "숭실대", "u": "10611854835", "v": "10611854840", "key": 0, "highway": "residential", "name": "상도로60길", "length_m": 18.815337552496302, "기준길이_m": 60.0, "조각수": 1, "최대경사_pct": 10.508684483409922, "B등급": "위험", "기준선_근처": true, "계단": false }, "geometry": { "type": "LineString", "coordinates": [ [ 126.9542401, 37.4944369 ], [ 126.954225, 37.49426780000001 ] ] } },
{ "type": "Feature", "properties": { "학교": "숭실대", "u": "10611854835", "v": "10611854838", "key": 0, "highway": "service", "name": null, "length_m": 77.709932018459781, "기준길이_m": 77.709932018459781, "조각수": 1, "최대경사_pct": 0.0013203638597390466, "B등급": "양호", "기준선_근처": false, "계단": false }, "geometry": { "type": "LineString", "coordinates": [ [ 126.955077, 37.4943933 ], [ 126.955008399999983, 37.4943637 ], [ 126.9548029, 37.4943076 ], [ 126.954521700000015, 37.4942647 ], [ 126.9543603, 37.4942597 ], [ 126.954225, 37.49426780000001 ] ] } },
{ "type": "Feature", "properties": { "학교": "숭실대", "u": "2825723284", "v": "2825723264", "key": 0, "highway": "residential", "name": "상도로60길", "length_m": 31.014799528356285, "기준길이_m": 60.0, "조각수": 1, "최대경사_pct": 8.3333333333333321, "B등급": "주의", "기준선_근처": true, "계단": false }, "geometry": { "type": "LineString", "coordinates": [ [ 126.9542028, 37.4934232 ], [ 126.9541807, 37.4935748 ], [ 126.954173600000018, 37.4937015 ] ] } },
{ "type": "Feature", "properties": { "학교": "숭실대", "u": "2825726596", "v": "2825726590", "key": 0, "highway": "service", "name": "상도로", "length_m": 27.312162553592124, "기준길이_m": 60.0, "조각수": 1, "최대경사_pct": 0.2553284672468692, "B등급": "양호", "기준선_근처": false, "계단": false }, "geometry": { "type": "LineString", "coordinates": [ [ 126.9551921, 37.494222400000027 ], [ 126.954912600000014, 37.4941177 ] ] } },
{ "type": "Feature", "properties": { "학교": "숭실대", "u": "2825726596", "v": "2825726591", "key": 0, "highway": "service", "name": "상도로66길", "length_m": 38.290007652019945, "기준길이_m": 60.0, "조각수": 1, "최대경사_pct": 8.2628596145390301, "B등급": "주의", "기준선_근처": true, "계단": false }, "geometry": { "type": "LineString", "coordinates": [ [ 126.9550092, 37.4937814 ], [ 126.954912600000014, 37.4941177 ] ] } },
{ "type": "Feature", "properties": { "학교": "숭실대", "u": "10611854823", "v": "2825723404", "key": 0, "highway": "service", "name": "상도로60가길", "length_m": 94.296134698487052, "기준길이_m": 94.296134698487052, "조각수": 1, "최대경사_pct": 13.201749845987756, "B등급": "위험", "기준선_근처": false, "계단": false }, "geometry": { "type": "LineString", "coordinates": [ [ 126.954615300000015, 37.4931561 ], [ 126.954609, 37.4923065 ] ] } },
{ "type": "Feature", "properties": { "학교": "숭실대", "u": "2825723225", "v": "7256876601", "key": 0, "highway": "service", "name": "상도로58길", "length_m": 315.35637471204137, "기준길이_m": 63.071274942408273, "조각수": 5, "최대경사_pct": 14.041599199680174, "B등급": "위험", "기준선_근처": false, "계단": false }, "geometry": { "type": "LineString", "coordinates": [ [ 126.950670200000019, 37.4940359 ], [ 126.951317, 37.4937958 ], [ 126.9518251, 37.4938008 ], [ 126.9524784, 37.4942093 ], [ 126.952597699999984, 37.4943359 ], [ 126.9526335, 37.4943912 ], [ 126.9526339, 37.494448899999988 ], [ 126.952601500000014, 37.494502 ], [ 126.9521493, 37.49487389999998 ], [ 126.952119400000015, 37.4949227 ], [ 126.9521085, 37.4949769 ], [ 126.952123200000017, 37.4950231 ], [ 126.9521576, 37.4950632 ], [ 126.9522174, 37.4951069 ], [ 126.9522954, 37.495159 ] ] } },
{ "type": "Feature", "properties": { "학교": "숭실대", "u": "2825723272", "v": "13296689135", "key": 0, "highway": "service", "name": "상도로56길", "length_m": 68.927839893441202, "기준길이_m": 68.927839893441202, "조각수": 1, "최대경사_pct": 9.7627865468963506, "B등급": "위험", "기준선_근처": true, "계단": false }, "geometry": { "type": "LineString", "coordinates": [ [ 126.9524621, 37.4958949 ], [ 126.95192320000001, 37.495446200000011 ] ] } },
{ "type": "Feature", "properties": { "학교": "숭실대", "u": "2825723272", "v": "2825723246", "key": 0, "highway": "service", "name": "상도로56길", "length_m": 13.381128710361503, "기준길이_m": 60.0, "조각수": 1, "최대경사_pct": 16.234463231771059, "B등급": "위험", "기준선_근처": false, "계단": false }, "geometry": { "type": "LineString", "coordinates": [ [ 126.9518191, 37.4953587 ], [ 126.95192320000001, 37.495446200000011 ] ] } },
{ "type": "Feature", "properties": { "학교": "숭실대", "u": "2825723228", "v": "13324709401", "key": 0, "highway": "service", "name": "상도로60길", "length_m": 82.025398643653304, "기준길이_m": 82.025398643653304, "조각수": 1, "최대경사_pct": 14.843726125320647, "B등급": "위험", "기준선_근처": false, "계단": false }, "geometry": { "type": "LineString", "coordinates": [ [ 126.9541699, 37.4916487 ], [ 126.9542821, 37.4918025 ], [ 126.9544072, 37.491955 ], [ 126.9544525, 37.492024200000039 ], [ 126.9544861, 37.492116 ], [ 126.9545284, 37.4922467 ], [ 126.954538500000012, 37.4922656 ], [ 126.954569100000015, 37.492309 ] ] } },
{ "type": "Feature", "properties": { "학교": "숭실대", "u": "2825723228", "v": "13317612289", "key": 0, "highway": "service", "name": "상도로60길", "length_m": 145.81226799722296, "기준길이_m": 72.90613399861148, "조각수": 2, "최대경사_pct": 10.804437983113171, "B등급": "위험", "기준선_근처": true, "계단": false }, "geometry": { "type": "LineString", "coordinates": [ [ 126.954208100000017, 37.4933902 ], [ 126.954244800000012, 37.4932085 ], [ 126.954253, 37.4931333 ], [ 126.9542609, 37.492864300000022 ], [ 126.9542574, 37.492663199999988 ], [ 126.95425520000002, 37.4923449 ], [ 126.9542584, 37.4923329 ], [ 126.954270500000021, 37.492322 ], [ 126.954288600000012, 37.4923169 ], [ 126.954569100000015, 37.492309 ] ] } },
{ "type": "Feature", "properties": { "학교": "숭실대", "u": "13324709401", "v": "13324709406", "key": 0, "highway": "service", "name": null, "length_m": 83.478430078399128, "기준길이_m": 83.478430078399128, "조각수": 1, "최대경사_pct": 5.4623491838032736, "B등급": "양호", "기준선_근처": true, "계단": false }, "geometry": { "type": "LineString", "coordinates": [ [ 126.9539241, 37.49219530000002 ], [ 126.9538815, 37.4919922 ], [ 126.953811299999984, 37.4918301 ], [ 126.9538037, 37.4918105 ], [ 126.9538005, 37.4917913 ], [ 126.9538059, 37.4917747 ], [ 126.953817, 37.491764200000013 ], [ 126.9541699, 37.4916487 ] ] } },
{ "type": "Feature", "properties": { "학교": "숭실대", "u": "13317612289", "v": "2825723264", "key": 0, "highway": "service", "name": "상도로60길", "length_m": 3.6924364179329108, "기준길이_m": 60.0, "조각수": 1, "최대경사_pct": 10.320634745653052, "B등급": "위험", "기준선_근처": true, "계단": false }, "geometry": { "type": "LineString", "coordinates": [ [ 126.9542028, 37.4934232 ], [ 126.954208100000017, 37.4933902 ] ] } },
{ "type": "Feature", "properties": { "학교": "숭실대", "u": "13317612289", "v": "10611854831", "key": 0, "highway": "service", "name": null, "length_m": 106.12933293886539, "기준길이_m": 106.12933293886539, "조각수": 1, "최대경사_pct": 12.439051890349065, "B등급": "위험", "기준선_근처": true, "계단": false }, "geometry": { "type": "LineString", "coordinates": [ [ 126.953397100000018, 37.493021500000012 ], [ 126.9538892, 37.4930854 ], [ 126.9538308, 37.4933342 ], [ 126.954148, 37.4933832 ], [ 126.954208100000017, 37.4933902 ] ] } },
{ "type": "Feature", "properties": { "학교": "숭실대", "u": "11413637615", "v": "11413637939", "key": 0, "highway": "footway", "name": null, "length_m": 10.511152287297143, "기준길이_m": 60.0, "조각수": 1, "최대경사_pct": 1.4589079471608102, "B등급": "양호", "기준선_근처": true, "계단": false }, "geometry": { "type": "LineString", "coordinates": [ [ 126.952512700000014, 37.497314599999989 ], [ 126.95261, 37.497369 ] ] } },
{ "type": "Feature", "properties": { "학교": "숭실대", "u": "2825723287", "v": "2825727126", "key": 0, "highway": "service", "name": "상도로68길", "length_m": 145.41722904813037, "기준길이_m": 72.708614524065183, "조각수": 2, "최대경사_pct": 7.539185363278893, "B등급": "주의", "기준선_근처": true, "계단": false }, "geometry": { "type": "LineString", "coordinates": [ [ 126.9559464, 37.4932835 ], [ 126.955818400000013, 37.4932936 ], [ 126.9557519, 37.493303 ], [ 126.9557198, 37.4933178 ], [ 126.95569540000001, 37.4933385 ], [ 126.9554516, 37.4935999 ], [ 126.9554221, 37.4936218 ], [ 126.955383900000015, 37.493629 ], [ 126.955342, 37.4936243 ], [ 126.9550595, 37.493568500000016 ], [ 126.9549791, 37.4935345 ], [ 126.9549335, 37.4934941 ], [ 126.954892299999983, 37.49335150000001 ], [ 126.9548849, 37.4932726 ], [ 126.954888900000014, 37.4931837 ] ] } },
{ "type": "Feature", "properties": { "학교": "숭실대", "u": "13296689135", "v": "13296689136", "key": 0, "highway": "service", "name": null, "length_m": 32.918982083237168, "기준길이_m": 60.0, "조각수": 1, "최대경사_pct": 2.173128423273833, "B등급": "양호", "기준선_근처": true, "계단": false }, "geometry": { "type": "LineString", "coordinates": [ [ 126.9522234, 37.4961225 ], [ 126.9524621, 37.4958949 ] ] } },
{ "type": "Feature", "properties": { "학교": "숭실대", "u": "2825723264", "v": "2825723404", "key": 0, "highway": "service", "name": "상도로60가길", "length_m": 50.801862264065143, "기준길이_m": 60.0, "조각수": 1, "최대경사_pct": 5.3504782356361131, "B등급": "양호", "기준선_근처": true, "계단": false }, "geometry": { "type": "LineString", "coordinates": [ [ 126.954615300000015, 37.4931561 ], [ 126.9543553, 37.493405899999978 ], [ 126.9543363, 37.493422700000011 ], [ 126.9543114, 37.4934326 ], [ 126.9542776, 37.493436100000025 ], [ 126.9542449, 37.493433400000015 ], [ 126.9542028, 37.4934232 ] ] } },
{ "type": "Feature", "properties": { "학교": "숭실대", "u": "3337436844", "v": "13281452472", "key": 0, "highway": "service", "name": "상도로50길", "length_m": 10.88650868399561, "기준길이_m": 60.0, "조각수": 1, "최대경사_pct": 1.6119256462884362, "B등급": "양호", "기준선_근처": true, "계단": false }, "geometry": { "type": "LineString", "coordinates": [ [ 126.950698, 37.4992915 ], [ 126.9506282, 37.4993723 ] ] } },
{ "type": "Feature", "properties": { "학교": "숭실대", "u": "3337436844", "v": "3337436851", "key": 0, "highway": "service", "name": null, "length_m": 187.50241004407542, "기준길이_m": 62.500803348025137, "조각수": 3, "최대경사_pct": 22.073070116091216, "B등급": "위험", "기준선_근처": false, "계단": false }, "geometry": { "type": "LineString", "coordinates": [ [ 126.949919900000012, 37.498298 ], [ 126.9500531, 37.4982878 ], [ 126.9505252, 37.498541 ], [ 126.9505507, 37.4985953 ], [ 126.950531900000016, 37.4986527 ], [ 126.950149300000021, 37.499108 ], [ 126.9506282, 37.4993723 ] ] } },
{ "type": "Feature", "properties": { "학교": "숭실대", "u": "2825726591", "v": "2825726710", "key": 0, "highway": "service", "name": "상도로66길", "length_m": 39.896046837438035, "기준길이_m": 60.0, "조각수": 1, "최대경사_pct": 0.55872042980825631, "B등급": "양호", "기준선_근처": false, "계단": false }, "geometry": { "type": "LineString", "coordinates": [ [ 126.9554281, 37.4939144 ], [ 126.955284400000011, 37.4938631 ], [ 126.9550092, 37.4937814 ] ] } },
{ "type": "Feature", "properties": { "학교": "숭실대", "u": "2825724222", "v": "2825724223", "key": 0, "highway": "footway", "name": null, "length_m": 51.411742252286999, "기준길이_m": 60.0, "조각수": 1, "최대경사_pct": 8.0736838669463395, "B등급": "주의", "기준선_근처": true, "계단": false }, "geometry": { "type": "LineString", "coordinates": [ [ 126.9543472, 37.4952719 ], [ 126.9546703, 37.4948868 ] ] } },
{ "type": "Feature", "properties": { "학교": "숭실대", "u": "2825724222", "v": "10611854843", "key": 0, "highway": "footway", "name": null, "length_m": 46.075028285085331, "기준길이_m": 60.0, "조각수": 1, "최대경사_pct": 8.18560189229866, "B등급": "주의", "기준선_근처": true, "계단": false }, "geometry": { "type": "LineString", "coordinates": [ [ 126.9549584, 37.4945409 ], [ 126.9546703, 37.4948868 ] ] } },
{ "type": "Feature", "properties": { "학교": "숭실대", "u": "2825724223", "v": "11413637566", "key": 0, "highway": "footway", "name": null, "length_m": 44.52039414990567, "기준길이_m": 60.0, "조각수": 1, "최대경사_pct": 5.1155701459763021, "B등급": "양호", "기준선_근처": true, "계단": false }, "geometry": { "type": "LineString", "coordinates": [ [ 126.9540535, 37.4955977 ], [ 126.9543472, 37.4952719 ] ] } },
{ "type": "Feature", "properties": { "학교": "숭실대", "u": "10611854843", "v": "10611854838", "key": 0, "highway": "footway", "name": null, "length_m": 19.451429344341797, "기준길이_m": 60.0, "조각수": 1, "최대경사_pct": 8.2116694988729222, "B등급": "주의", "기준선_근처": true, "계단": false }, "geometry": { "type": "LineString", "coordinates": [ [ 126.955077, 37.4943933 ], [ 126.9549584, 37.4945409 ] ] } },
{ "type": "Feature", "properties": { "학교": "숭실대", "u": "10611854843", "v": "10611854840", "key": 0, "highway": "service", "name": null, "length_m": 65.3004216058483, "기준길이_m": 65.3004216058483, "조각수": 1, "최대경사_pct": 0.083651897486268764, "B등급": "양호", "기준선_근처": false, "계단": false }, "geometry": { "type": "LineString", "coordinates": [ [ 126.9542401, 37.4944369 ], [ 126.954292400000014, 37.4944349 ], [ 126.9544624, 37.4944334 ], [ 126.95471520000001, 37.4944693 ], [ 126.9549584, 37.4945409 ] ] } },
{ "type": "Feature", "properties": { "학교": "숭실대", "u": "2825726590", "v": "10611854838", "key": 0, "highway": "footway", "name": null, "length_m": 21.526152533594264, "기준길이_m": 60.0, "조각수": 1, "최대경사_pct": 8.0571545889734857, "B등급": "주의", "기준선_근처": true, "계단": false }, "geometry": { "type": "LineString", "coordinates": [ [ 126.955077, 37.4943933 ], [ 126.9551921, 37.494222400000027 ] ] } },
{ "type": "Feature", "properties": { "학교": "숭실대", "u": "2825726590", "v": "2825726710", "key": 0, "highway": "footway", "name": null, "length_m": 40.051265092074971, "기준길이_m": 60.0, "조각수": 1, "최대경사_pct": 8.2099614143445141, "B등급": "주의", "기준선_근처": true, "계단": false }, "geometry": { "type": "LineString", "coordinates": [ [ 126.9554281, 37.4939144 ], [ 126.9551921, 37.494222400000027 ] ] } },
{ "type": "Feature", "properties": { "학교": "숭실대", "u": "2825726710", "v": "11413637692", "key": 0, "highway": "footway", "name": null, "length_m": 83.596613967075442, "기준길이_m": 83.596613967075442, "조각수": 1, "최대경사_pct": 9.4619622133196515, "B등급": "위험", "기준선_근처": true, "계단": false }, "geometry": { "type": "LineString", "coordinates": [ [ 126.9559613, 37.4932929 ], [ 126.9557965, 37.4935049 ], [ 126.9554281, 37.4939144 ] ] } },
{ "type": "Feature", "properties": { "학교": "숭실대", "u": "11413637819", "v": "11413637870", "key": 0, "highway": "footway", "name": null, "length_m": 45.060591825120682, "기준길이_m": 60.0, "조각수": 1, "최대경사_pct": 4.655592038148602, "B등급": "양호", "기준선_근처": true, "계단": false }, "geometry": { "type": "LineString", "coordinates": [ [ 126.957165800000013, 37.4909426 ], [ 126.9569603, 37.490852 ], [ 126.9568368, 37.490794 ], [ 126.956733700000015, 37.4907292 ] ] } },
{ "type": "Feature", "properties": { "학교": "숭실대", "u": "11413637528", "v": "11413637910", "key": 0, "highway": "footway", "name": null, "length_m": 5.3505362991197964, "기준길이_m": 60.0, "조각수": 1, "최대경사_pct": 3.5076603171873915, "B등급": "양호", "기준선_근처": true, "계단": false }, "geometry": { "type": "LineString", "coordinates": [ [ 126.9560471, 37.4909432 ], [ 126.9560891, 37.4909779 ] ] } },
{ "type": "Feature", "properties": { "학교": "숭실대", "u": "4619539837", "v": "8537501420", "key": 0, "highway": "residential", "name": "청림3나길", "length_m": 50.17230534372581, "기준길이_m": 60.0, "조각수": 1, "최대경사_pct": 12.176389319287395, "B등급": "위험", "기준선_근처": true, "계단": false }, "geometry": { "type": "LineString", "coordinates": [ [ 126.9576715, 37.4889855 ], [ 126.9578575, 37.4890614 ], [ 126.9581761, 37.4891921 ] ] } },
{ "type": "Feature", "properties": { "학교": "숭실대", "u": "4619539837", "v": "8537416816", "key": 0, "highway": "service", "name": "관악로38길", "length_m": 153.0054511296085, "기준길이_m": 76.502725564804251, "조각수": 2, "최대경사_pct": 15.287838196500431, "B등급": "위험", "기준선_근처": false, "계단": false }, "geometry": { "type": "LineString", "coordinates": [ [ 126.957081700000018, 37.4898833 ], [ 126.957458300000013, 37.4900013 ], [ 126.958019, 37.489551499999983 ], [ 126.95813, 37.4894977 ], [ 126.9581084, 37.4893046 ], [ 126.9581761, 37.4891921 ] ] } },
{ "type": "Feature", "properties": { "학교": "숭실대", "u": "11413637870", "v": "2825728935", "key": 0, "highway": "residential", "name": "청림3마길", "length_m": 11.87827428103162, "기준길이_m": 60.0, "조각수": 1, "최대경사_pct": 8.6408938909606068, "B등급": "위험", "기준선_근처": true, "계단": false }, "geometry": { "type": "LineString", "coordinates": [ [ 126.9572442, 37.4908557 ], [ 126.957165800000013, 37.4909426 ] ] } },
{ "type": "Feature", "properties": { "학교": "숭실대", "u": "2825728935", "v": "4619539838", "key": 0, "highway": "residential", "name": "청림3마길", "length_m": 76.793483778608888, "기준길이_m": 76.793483778608888, "조각수": 1, "최대경사_pct": 8.4907725646570196, "B등급": "위험", "기준선_근처": true, "계단": false }, "geometry": { "type": "LineString", "coordinates": [ [ 126.95802740000002, 37.4909282 ], [ 126.958018, 37.490919 ], [ 126.9577954, 37.4908083 ], [ 126.9576693, 37.4907551 ], [ 126.9576318, 37.490753 ], [ 126.957409499999983, 37.4908299 ], [ 126.9572442, 37.4908557 ] ] } },
{ "type": "Feature", "properties": { "학교": "숭실대", "u": "2825731332", "v": "2825731303", "key": 0, "highway": "service", "name": "상도로53길", "length_m": 18.162835687139975, "기준길이_m": 60.0, "조각수": 1, "최대경사_pct": 3.2642661930114754, "B등급": "양호", "기준선_근처": true, "계단": false }, "geometry": { "type": "LineString", "coordinates": [ [ 126.9529995, 37.5002985 ], [ 126.9530751, 37.5003399 ], [ 126.953176, 37.5003816 ] ] } },
{ "type": "Feature", "properties": { "학교": "숭실대", "u": "6963036773", "v": "6963036774", "key": 0, "highway": "service", "name": "상도로47나길", "length_m": 40.431219258286994, "기준길이_m": 60.0, "조각수": 1, "최대경사_pct": 8.2067732524552639, "B등급": "주의", "기준선_근처": true, "계단": false }, "geometry": { "type": "LineString", "coordinates": [ [ 126.953668400000012, 37.5003115 ], [ 126.9532392, 37.5001859 ] ] } },
{ "type": "Feature", "properties": { "학교": "숭실대", "u": "11413637873", "v": "10570464798", "key": 0, "highway": "footway", "name": null, "length_m": 12.490675715907512, "기준길이_m": 60.0, "조각수": 1, "최대경사_pct": 3.8098062009723086, "B등급": "양호", "기준선_근처": true, "계단": false }, "geometry": { "type": "LineString", "coordinates": [ [ 126.949952600000017, 37.4972923 ], [ 126.9499416, 37.4974045 ] ] } },
{ "type": "Feature", "properties": { "학교": "숭실대", "u": "11413637873", "v": "11413637802", "key": 0, "highway": "service", "name": null, "length_m": 40.751202401856311, "기준길이_m": 60.0, "조각수": 1, "최대경사_pct": 21.437670215242711, "B등급": "위험", "기준선_근처": false, "계단": false }, "geometry": { "type": "LineString", "coordinates": [ [ 126.9494808, 37.4974092 ], [ 126.9499416, 37.4974045 ] ] } },
{ "type": "Feature", "properties": { "학교": "숭실대", "u": "2826156923", "v": "5406793565", "key": 0, "highway": "residential", "name": "사당로2가길", "length_m": 87.9404172256056, "기준길이_m": 87.9404172256056, "조각수": 1, "최대경사_pct": 26.578050499673793, "B등급": "위험", "기준선_근처": false, "계단": false }, "geometry": { "type": "LineString", "coordinates": [ [ 126.9624265, 37.4899623 ], [ 126.9620848, 37.4907064 ] ] } },
{ "type": "Feature", "properties": { "학교": "숭실대", "u": "5406793565", "v": "5406793587", "key": 0, "highway": "path", "name": "동작충효길", "length_m": 444.67279904795629, "기준길이_m": 63.524685578279467, "조각수": 7, "최대경사_pct": 24.485802031498981, "B등급": "위험", "기준선_근처": false, "계단": false }, "geometry": { "type": "LineString", "coordinates": [ [ 126.9623021, 37.493693500000028 ], [ 126.9620548, 37.493672 ], [ 126.9619712, 37.493497 ], [ 126.961977200000021, 37.4933026 ], [ 126.9620028, 37.4931093 ], [ 126.9619947, 37.4929111 ], [ 126.9619286, 37.492738900000013 ], [ 126.9619493, 37.492541600000017 ], [ 126.9619412, 37.4923618 ], [ 126.9619557, 37.4921714 ], [ 126.9619237, 37.491982600000014 ], [ 126.9619568, 37.4917982 ], [ 126.961932200000021, 37.4916046 ], [ 126.9619955, 37.4914164 ], [ 126.96203580000001, 37.491222900000011 ], [ 126.9621074, 37.4910466 ], [ 126.9621677, 37.490907 ], [ 126.9622115, 37.4907064 ], [ 126.9622704, 37.4905383 ], [ 126.9623488, 37.4903295 ], [ 126.962408199999985, 37.4901518 ], [ 126.9624506, 37.4899642 ], [ 126.9624265, 37.4899623 ] ] } },
{ "type": "Feature", "properties": { "학교": "숭실대", "u": "13322228149", "v": "12794885931", "key": 0, "highway": "footway", "name": null, "length_m": 390.29311838133975, "기준길이_m": 65.048853063556621, "조각수": 6, "최대경사_pct": 9.639008067121468, "B등급": "위험", "기준선_근처": true, "계단": false }, "geometry": { "type": "LineString", "coordinates": [ [ 126.954681500000021, 37.4955484 ], [ 126.958636, 37.4949792 ], [ 126.9586558, 37.494889 ], [ 126.9587105, 37.494816 ], [ 126.958795899999984, 37.4947684 ], [ 126.9588637, 37.4947575 ] ] } },
{ "type": "Feature", "properties": { "학교": "숭실대", "u": "13322228149", "v": "13322228150", "key": 0, "highway": "footway", "name": null, "length_m": 67.5497480895107, "기준길이_m": 67.5497480895107, "조각수": 1, "최대경사_pct": 2.5064294261385891, "B등급": "양호", "기준선_근처": true, "계단": false }, "geometry": { "type": "LineString", "coordinates": [ [ 126.9595316, 37.4948503 ], [ 126.9591402, 37.4949066 ], [ 126.9590882, 37.494824 ], [ 126.9589952, 37.494768900000018 ], [ 126.9588956, 37.494752400000031 ], [ 126.9588637, 37.4947575 ] ] } },
{ "type": "Feature", "properties": { "학교": "숭실대", "u": "13322228115", "v": "13322228150", "key": 0, "highway": "residential", "name": "상도로61길", "length_m": 54.708083288565646, "기준길이_m": 60.0, "조각수": 1, "최대경사_pct": 4.0374811105487876, "B등급": "양호", "기준선_근처": true, "계단": false }, "geometry": { "type": "LineString", "coordinates": [ [ 126.9595316, 37.4948503 ], [ 126.9595239, 37.4948105 ], [ 126.95946, 37.494567099999983 ], [ 126.9594279, 37.494502500000017 ], [ 126.9593546, 37.4944677 ], [ 126.9592721, 37.4944575 ] ] } },
{ "type": "Feature", "properties": { "학교": "숭실대", "u": "13149390530", "v": "13149390529", "key": 0, "highway": "footway", "name": null, "length_m": 114.79742360964306, "기준길이_m": 114.79742360964306, "조각수": 1, "최대경사_pct": 7.3558154985706832, "B등급": "주의", "기준선_근처": true, "계단": false }, "geometry": { "type": "LineString", "coordinates": [ [ 126.955408500000019, 37.495602 ], [ 126.9566841, 37.49541 ] ] } },
{ "type": "Feature", "properties": { "학교": "숭실대", "u": "13149390530", "v": "13149390531", "key": 0, "highway": "footway", "name": null, "length_m": 201.99542638080686, "기준길이_m": 67.331808793602292, "조각수": 3, "최대경사_pct": 7.8020353098883444, "B등급": "주의", "기준선_근처": true, "계단": false }, "geometry": { "type": "LineString", "coordinates": [ [ 126.9589286, 37.4950721 ], [ 126.9566841, 37.49541 ] ] } },
{ "type": "Feature", "properties": { "학교": "숭실대", "u": "13149390531", "v": "12791616330", "key": 0, "highway": "footway", "name": null, "length_m": 138.22447357541787, "기준길이_m": 69.112236787708937, "조각수": 2, "최대경사_pct": 8.0592554565817203, "B등급": "주의", "기준선_근처": true, "계단": false }, "geometry": { "type": "LineString", "coordinates": [ [ 126.960464500000015, 37.4948409 ], [ 126.9589286, 37.4950721 ] ] } },
{ "type": "Feature", "properties": { "학교": "숭실대", "u": "5406793616", "v": "5406793593", "key": 0, "highway": "path", "name": "동작충효길", "length_m": 8.8051156567709636, "기준길이_m": 60.0, "조각수": 1, "최대경사_pct": 9.5545033381284838, "B등급": "위험", "기준선_근처": true, "계단": false }, "geometry": { "type": "LineString", "coordinates": [ [ 126.962953, 37.4945168 ], [ 126.9630446, 37.4945479 ] ] } },
{ "type": "Feature", "properties": { "학교": "숭실대", "u": "5406793616", "v": "5406793629", "key": 0, "highway": "path", "name": "동작충효길", "length_m": 270.16971024490186, "기준길이_m": 67.542427561225466, "조각수": 4, "최대경사_pct": 17.211289178025211, "B등급": "위험", "기준선_근처": false, "계단": false }, "geometry": { "type": "LineString", "coordinates": [ [ 126.96546, 37.4932563 ], [ 126.9652826, 37.493206499999978 ], [ 126.9651099, 37.493193100000013 ], [ 126.9650473, 37.4932215 ], [ 126.9648778, 37.493333800000016 ], [ 126.964763399999981, 37.4933919 ], [ 126.9646466, 37.4934626 ], [ 126.9645228, 37.4935741 ], [ 126.9644511, 37.4936542 ], [ 126.9642447, 37.493834300000017 ], [ 126.9640278, 37.4939415 ], [ 126.9639353, 37.4939829 ], [ 126.963870700000015, 37.49403 ], [ 126.9637162, 37.4941452 ], [ 126.9635316, 37.4942656 ], [ 126.963338800000017, 37.4943612 ], [ 126.9630446, 37.4945479 ] ] } },
{ "type": "Feature", "properties": { "학교": "숭실대", "u": "13281452472", "v": "13281452478", "key": 0, "highway": "service", "name": null, "length_m": 64.272810193443249, "기준길이_m": 64.272810193443249, "조각수": 1, "최대경사_pct": 15.364930005330473, "B등급": "위험", "기준선_근처": false, "계단": false }, "geometry": { "type": "LineString", "coordinates": [ [ 126.9504624, 37.4988896 ], [ 126.9503617, 37.4990235 ], [ 126.9503475, 37.4990479 ], [ 126.9503404, 37.4990818 ], [ 126.9503487, 37.4991072 ], [ 126.9503611, 37.4991228 ], [ 126.950698, 37.4992915 ] ] } },
{ "type": "Feature", "properties": { "학교": "숭실대", "u": "3337436851", "v": "3337436860", "key": 0, "highway": "service", "name": null, "length_m": 83.358475437981681, "기준길이_m": 83.358475437981681, "조각수": 1, "최대경사_pct": 3.2133225968752397, "B등급": "양호", "기준선_근처": true, "계단": false }, "geometry": { "type": "LineString", "coordinates": [ [ 126.950019200000014, 37.4988534 ], [ 126.9501962, 37.498647 ], [ 126.9499923, 37.4985236 ], [ 126.9498394, 37.4984171 ], [ 126.949919900000012, 37.498298 ] ] } },
{ "type": "Feature", "properties": { "학교": "숭실대", "u": "3382528798", "v": "7256876661", "key": 0, "highway": "path", "name": null, "length_m": 70.347279126639592, "기준길이_m": 70.347279126639592, "조각수": 1, "최대경사_pct": 13.625246997659325, "B등급": "위험", "기준선_근처": false, "계단": false }, "geometry": { "type": "LineString", "coordinates": [ [ 126.949539500000014, 37.4933754 ], [ 126.949387699999988, 37.49339410000001 ], [ 126.9492476, 37.4935231 ], [ 126.9490572, 37.4935954 ], [ 126.9488625, 37.4936715 ] ] } },
{ "type": "Feature", "properties": { "학교": "숭실대", "u": "7256876661", "v": "3958853416", "key": 0, "highway": "residential", "name": "상도로50길", "length_m": 61.075723150279302, "기준길이_m": 61.075723150279302, "조각수": 1, "최대경사_pct": 25.667265323890369, "B등급": "위험", "기준선_근처": false, "계단": false }, "geometry": { "type": "LineString", "coordinates": [ [ 126.9496464, 37.4939094 ], [ 126.949662, 37.4937378 ], [ 126.949642700000012, 37.4936052 ], [ 126.949574, 37.4934288 ], [ 126.949539500000014, 37.4933754 ] ] } },
{ "type": "Feature", "properties": { "학교": "숭실대", "u": "3958853416", "v": "10589255419", "key": 0, "highway": "residential", "name": "상도로50길", "length_m": 184.04786516086025, "기준길이_m": 61.349288386953418, "조각수": 3, "최대경사_pct": 13.848080894907778, "B등급": "위험", "기준선_근처": false, "계단": false }, "geometry": { "type": "LineString", "coordinates": [ [ 126.9492612, 37.4954948 ], [ 126.9492297, 37.495316 ], [ 126.9492195, 37.4947968 ], [ 126.9492648, 37.494551700000017 ], [ 126.949398700000017, 37.4943134 ], [ 126.9496464, 37.4939094 ] ] } },
{ "type": "Feature", "properties": { "학교": "숭실대", "u": "13319101346", "v": "11413637492", "key": 0, "highway": "footway", "name": null, "length_m": 118.48230095551813, "기준길이_m": 118.48230095551813, "조각수": 1, "최대경사_pct": 0.84543410137466224, "B등급": "양호", "기준선_근처": false, "계단": false }, "geometry": { "type": "LineString", "coordinates": [ [ 126.9542396, 37.4903737 ], [ 126.95391530000002, 37.4901665 ], [ 126.95374790000001, 37.4900971 ], [ 126.953626600000021, 37.4900819 ], [ 126.9535003, 37.4901029 ], [ 126.95333789999998, 37.490168 ], [ 126.9530823, 37.4902958 ] ] } },
{ "type": "Feature", "properties": { "학교": "숭실대", "u": "13319101346", "v": "11413637577", "key": 0, "highway": "footway", "name": null, "length_m": 72.433621342640407, "기준길이_m": 72.433621342640407, "조각수": 1, "최대경사_pct": 3.5594466319386444, "B등급": "양호", "기준선_근처": true, "계단": false }, "geometry": { "type": "LineString", "coordinates": [ [ 126.9525614, 37.4907984 ], [ 126.9527862, 37.4905562 ], [ 126.9530823, 37.4902958 ] ] } },
{ "type": "Feature", "properties": { "학교": "숭실대", "u": "4611250951", "v": "4611263520", "key": 0, "highway": "service", "name": "서달로10길", "length_m": 77.083317947660078, "기준길이_m": 77.083317947660078, "조각수": 1, "최대경사_pct": 21.082207085135163, "B등급": "위험", "기준선_근처": false, "계단": false }, "geometry": { "type": "LineString", "coordinates": [ [ 126.9637539, 37.5017082 ], [ 126.9638132, 37.5014978 ], [ 126.9638805, 37.5013812 ], [ 126.964150100000012, 37.5012459 ], [ 126.964266, 37.501217200000021 ] ] } },
{ "type": "Feature", "properties": { "학교": "숭실대", "u": "4611263520", "v": "4697324239", "key": 0, "highway": "service", "name": "서달로10길", "length_m": 63.848831589994816, "기준길이_m": 63.848831589994816, "조각수": 1, "최대경사_pct": 1.0861770754140914, "B등급": "양호", "기준선_근처": true, "계단": false }, "geometry": { "type": "LineString", "coordinates": [ [ 126.9630411, 37.5016163 ], [ 126.9631728, 37.5016323 ], [ 126.9637539, 37.5017082 ] ] } },
{ "type": "Feature", "properties": { "학교": "숭실대", "u": "10239817425", "v": "4697324239", "key": 0, "highway": "service", "name": null, "length_m": 6.2841224964972016, "기준길이_m": 60.0, "조각수": 1, "최대경사_pct": 18.312045170533697, "B등급": "위험", "기준선_근처": false, "계단": false }, "geometry": { "type": "LineString", "coordinates": [ [ 126.9630411, 37.5016163 ], [ 126.963029799999987, 37.5016722 ] ] } },
{ "type": "Feature", "properties": { "학교": "숭실대", "u": "10239817425", "v": "4697324237", "key": 0, "highway": "service", "name": null, "length_m": 40.959750632226957, "기준길이_m": 60.0, "조각수": 1, "최대경사_pct": 1.4453732405976776, "B등급": "양호", "기준선_근처": true, "계단": false }, "geometry": { "type": "LineString", "coordinates": [ [ 126.962661699999984, 37.5017243 ], [ 126.963012300000017, 37.501758700000018 ], [ 126.963029799999987, 37.5016722 ] ] } },
{ "type": "Feature", "properties": { "학교": "숭실대", "u": "8537501420", "v": "10792799832", "key": 0, "highway": "primary", "name": "관악로", "length_m": 31.244316748973397, "기준길이_m": 60.0, "조각수": 1, "최대경사_pct": 9.3294252146237966, "B등급": "위험", "기준선_근처": true, "계단": false }, "geometry": { "type": "LineString", "coordinates": [ [ 126.9575053, 37.4892338 ], [ 126.9576069, 37.48909 ], [ 126.9576715, 37.4889855 ] ] } },
{ "type": "Feature", "properties": { "학교": "숭실대", "u": "8537416816", "v": "10792799832", "key": 0, "highway": "primary", "name": "관악로", "length_m": 81.247179926221861, "기준길이_m": 81.247179926221861, "조각수": 1, "최대경사_pct": 8.0205397963077232, "B등급": "주의", "기준선_근처": true, "계단": false }, "geometry": { "type": "LineString", "coordinates": [ [ 126.9575053, 37.4892338 ], [ 126.9574386, 37.4893284 ], [ 126.9572536, 37.4896135 ], [ 126.957081700000018, 37.4898833 ] ] } },
{ "type": "Feature", "properties": { "학교": "숭실대", "u": "4619539867", "v": "8482850191", "key": 0, "highway": "residential", "name": null, "length_m": 50.946834212612814, "기준길이_m": 60.0, "조각수": 1, "최대경사_pct": 9.4773400565751835, "B등급": "위험", "기준선_근처": true, "계단": false }, "geometry": { "type": "LineString", "coordinates": [ [ 126.961964099999989, 37.4897535 ], [ 126.9614413, 37.4895607 ] ] } },
{ "type": "Feature", "properties": { "학교": "숭실대", "u": "8482850191", "v": "4619539868", "key": 0, "highway": "residential", "name": null, "length_m": 47.29639198442235, "기준길이_m": 60.0, "조각수": 1, "최대경사_pct": 14.142305781288112, "B등급": "위험", "기준선_근처": false, "계단": false }, "geometry": { "type": "LineString", "coordinates": [ [ 126.9624503, 37.489931 ], [ 126.961964099999989, 37.4897535 ] ] } },
{ "type": "Feature", "properties": { "학교": "숭실대", "u": "4619539868", "v": "4619539869", "key": 0, "highway": "residential", "name": "사당로2다길", "length_m": 71.045405151200512, "기준길이_m": 71.045405151200512, "조각수": 1, "최대경사_pct": 9.9056086736812397, "B등급": "위험", "기준선_근처": true, "계단": false }, "geometry": { "type": "LineString", "coordinates": [ [ 126.9629383, 37.489651500000029 ], [ 126.962751, 37.4900096 ], [ 126.9624503, 37.489931 ] ] } },
{ "type": "Feature", "properties": { "학교": "숭실대", "u": "4619539869", "v": "8482842641", "key": 0, "highway": "residential", "name": "사당로2아길", "length_m": 36.287826903701287, "기준길이_m": 60.0, "조각수": 1, "최대경사_pct": 5.3590061958879307, "B등급": "양호", "기준선_근처": true, "계단": false }, "geometry": { "type": "LineString", "coordinates": [ [ 126.963326200000012, 37.48975810000001 ], [ 126.9629383, 37.489651500000029 ] ] } },
{ "type": "Feature", "properties": { "학교": "숭실대", "u": "8482842641", "v": "4619539870", "key": 0, "highway": "residential", "name": "사당로2아길", "length_m": 24.658131918616899, "기준길이_m": 60.0, "조각수": 1, "최대경사_pct": 5.1747976069700146, "B등급": "양호", "기준선_근처": true, "계단": false }, "geometry": { "type": "LineString", "coordinates": [ [ 126.9635898, 37.4898305 ], [ 126.963326200000012, 37.48975810000001 ] ] } },
{ "type": "Feature", "properties": { "학교": "숭실대", "u": "4619539870", "v": "4619556438", "key": 0, "highway": "residential", "name": "사당로2라길", "length_m": 68.612053275115187, "기준길이_m": 68.612053275115187, "조각수": 1, "최대경사_pct": 12.749939611247974, "B등급": "위험", "기준선_근처": true, "계단": false }, "geometry": { "type": "LineString", "coordinates": [ [ 126.9635003, 37.4904262 ], [ 126.963465, 37.4901041 ], [ 126.963506200000012, 37.4899454 ], [ 126.9635898, 37.4898305 ] ] } },
{ "type": "Feature", "properties": { "학교": "숭실대", "u": "8482827900", "v": "4619556438", "key": 0, "highway": "service", "name": null, "length_m": 83.124189092467333, "기준길이_m": 83.124189092467333, "조각수": 1, "최대경사_pct": 11.208656246984908, "B등급": "위험", "기준선_근처": true, "계단": false }, "geometry": { "type": "LineString", "coordinates": [ [ 126.9635003, 37.4904262 ], [ 126.9636311, 37.490454200000023 ], [ 126.963686, 37.490467 ], [ 126.963704800000016, 37.490468 ], [ 126.9637263, 37.490468 ], [ 126.9637397, 37.4904648 ], [ 126.963747700000013, 37.49044990000003 ], [ 126.963939100000019, 37.4899361 ] ] } },
{ "type": "Feature", "properties": { "학교": "숭실대", "u": "4619556438", "v": "8482827909", "key": 0, "highway": "residential", "name": "사당로2라길", "length_m": 24.745594098794747, "기준길이_m": 60.0, "조각수": 1, "최대경사_pct": 14.434888154659925, "B등급": "위험", "기준선_근처": false, "계단": false }, "geometry": { "type": "LineString", "coordinates": [ [ 126.9634868, 37.490648899999989 ], [ 126.9635003, 37.4904262 ] ] } },
{ "type": "Feature", "properties": { "학교": "숭실대", "u": "8482827909", "v": "4619556441", "key": 0, "highway": "residential", "name": "사당로2라길", "length_m": 98.663881882253492, "기준길이_m": 98.663881882253492, "조각수": 1, "최대경사_pct": 14.568167876728483, "B등급": "위험", "기준선_근처": false, "계단": false }, "geometry": { "type": "LineString", "coordinates": [ [ 126.963318700000016, 37.4915185 ], [ 126.963465, 37.4911685 ], [ 126.963465, 37.490972500000012 ], [ 126.9634868, 37.490648899999989 ] ] } },
{ "type": "Feature", "properties": { "학교": "숭실대", "u": "4619556441", "v": "8482835723", "key": 0, "highway": "residential", "name": "사당로2라길", "length_m": 98.452168261585754, "기준길이_m": 98.452168261585754, "조각수": 1, "최대경사_pct": 14.229830875368563, "B등급": "위험", "기준선_근처": false, "계단": false }, "geometry": { "type": "LineString", "coordinates": [ [ 126.9628989, 37.4922324 ], [ 126.9628224, 37.4921174 ], [ 126.9628197, 37.4920556 ], [ 126.9628519, 37.491979 ], [ 126.9628894, 37.4919322 ], [ 126.9629511, 37.4918982 ], [ 126.9630504, 37.4918513 ], [ 126.9631255, 37.4918088 ], [ 126.963160300000013, 37.491781100000011 ], [ 126.9632155, 37.4917304 ], [ 126.963318700000016, 37.4915185 ] ] } },
{ "type": "Feature", "properties": { "학교": "숭실대", "u": "8482827915", "v": "8482827916", "key": 0, "highway": "service", "name": null, "length_m": 23.34422710547333, "기준길이_m": 60.0, "조각수": 1, "최대경사_pct": 4.2951708307327152, "B등급": "양호", "기준선_근처": true, "계단": false }, "geometry": { "type": "LineString", "coordinates": [ [ 126.96382, 37.4917325 ], [ 126.9635873, 37.49163320000001 ] ] } },
{ "type": "Feature", "properties": { "학교": "숭실대", "u": "8482835723", "v": "8482827916", "key": 0, "highway": "residential", "name": "사당로2자길", "length_m": 107.96376360992309, "기준길이_m": 107.96376360992309, "조각수": 1, "최대경사_pct": 13.746709363286158, "B등급": "위험", "기준선_근처": false, "계단": false }, "geometry": { "type": "LineString", "coordinates": [ [ 126.96382, 37.4917325 ], [ 126.9633482, 37.4922102 ], [ 126.963229, 37.492246 ], [ 126.9628989, 37.4922324 ] ] } },
{ "type": "Feature", "properties": { "학교": "숭실대", "u": "8482835723", "v": "5406793587", "key": 0, "highway": "residential", "name": "사당로2자길", "length_m": 173.15738985299026, "기준길이_m": 86.578694926495132, "조각수": 2, "최대경사_pct": 11.174312219442447, "B등급": "위험", "기준선_근처": true, "계단": false }, "geometry": { "type": "LineString", "coordinates": [ [ 126.9623021, 37.493693500000028 ], [ 126.962383200000019, 37.4935348 ], [ 126.9626622, 37.4929553 ], [ 126.9628106, 37.492707399999986 ], [ 126.9628626, 37.4926046 ], [ 126.9628862, 37.492459 ], [ 126.9628574, 37.49231530000003 ], [ 126.9628673, 37.4922771 ], [ 126.9628989, 37.4922324 ] ] } },
{ "type": "Feature", "properties": { "학교": "숭실대", "u": "4697324250", "v": "4697324251", "key": 0, "highway": "service", "name": null, "length_m": 57.974694894977446, "기준길이_m": 60.0, "조각수": 1, "최대경사_pct": 3.3246181123487282, "B등급": "양호", "기준선_근처": true, "계단": false }, "geometry": { "type": "LineString", "coordinates": [ [ 126.963396900000021, 37.5015382 ], [ 126.962755500000014, 37.501429900000026 ] ] } },
{ "type": "Feature", "properties": { "학교": "숭실대", "u": "4697324250", "v": "4697324244", "key": 0, "highway": "service", "name": null, "length_m": 106.19839466413596, "기준길이_m": 106.19839466413596, "조각수": 1, "최대경사_pct": 12.296490367637965, "B등급": "위험", "기준선_근처": true, "계단": false }, "geometry": { "type": "LineString", "coordinates": [ [ 126.9636652, 37.501211500000011 ], [ 126.9636128, 37.5012848 ], [ 126.9628529, 37.5011832 ], [ 126.962755500000014, 37.501429900000026 ] ] } },
{ "type": "Feature", "properties": { "학교": "숭실대", "u": "4697324244", "v": "4697324245", "key": 0, "highway": "service", "name": null, "length_m": 15.326276528028705, "기준길이_m": 60.0, "조각수": 1, "최대경사_pct": 16.666666666666664, "B등급": "위험", "기준선_근처": false, "계단": false }, "geometry": { "type": "LineString", "coordinates": [ [ 126.963530700000021, 37.5011244 ], [ 126.9636652, 37.501211500000011 ] ] } },
{ "type": "Feature", "properties": { "학교": "숭실대", "u": "4697324245", "v": "4697324249", "key": 0, "highway": "service", "name": null, "length_m": 34.353711739304728, "기준길이_m": 60.0, "조각수": 1, "최대경사_pct": 0.0, "B등급": "양호", "기준선_근처": false, "계단": false }, "geometry": { "type": "LineString", "coordinates": [ [ 126.963203799999988, 37.5010158 ], [ 126.963500200000013, 37.5010594 ], [ 126.963530700000021, 37.5011244 ] ] } },
{ "type": "Feature", "properties": { "학교": "숭실대", "u": "5406793587", "v": "5406793593", "key": 0, "highway": "path", "name": "동작충효길", "length_m": 121.63597626181506, "기준길이_m": 60.81798813090753, "조각수": 2, "최대경사_pct": 33.227718260974321, "B등급": "위험", "기준선_근처": false, "계단": false }, "geometry": { "type": "LineString", "coordinates": [ [ 126.962953, 37.4945168 ], [ 126.9626981, 37.494368 ], [ 126.962584800000016, 37.4942115 ], [ 126.962624, 37.4940327 ], [ 126.9626093, 37.4938407 ], [ 126.9625058, 37.4937638 ], [ 126.9623343, 37.4937051 ], [ 126.9623021, 37.493693500000028 ] ] } },
{ "type": "Feature", "properties": { "학교": "숭실대", "u": "5406793597", "v": "8857857341", "key": 0, "highway": "path", "name": "동작충효길", "length_m": 435.41769037575614, "기준길이_m": 62.202527196536593, "조각수": 7, "최대경사_pct": 11.668198288466296, "B등급": "위험", "기준선_근처": true, "계단": false }, "geometry": { "type": "LineString", "coordinates": [ [ 126.9602067, 37.4981554 ], [ 126.9602574, 37.4980949 ], [ 126.9602789, 37.4980342 ], [ 126.9602896, 37.49798950000001 ], [ 126.960303, 37.4979608 ], [ 126.9603231, 37.497937400000019 ], [ 126.9604707, 37.4978119 ], [ 126.9605015, 37.4977661 ], [ 126.9605096, 37.4977363 ], [ 126.9605015, 37.4977108 ], [ 126.960494800000021, 37.497690600000013 ], [ 126.9605055, 37.4976672 ], [ 126.9605256, 37.4976437 ], [ 126.960524299999989, 37.4976097 ], [ 126.9605096, 37.4975799 ], [ 126.960484099999988, 37.4975533 ], [ 126.9602628, 37.4974097 ], [ 126.9601984, 37.497365 ], [ 126.9601783, 37.4973256 ], [ 126.9601595, 37.4971054 ], [ 126.9601515, 37.4970245 ], [ 126.960175600000014, 37.4969362 ], [ 126.9601944, 37.4968713 ], [ 126.9602159, 37.4968298 ], [ 126.960233299999985, 37.4968117 ], [ 126.9602628, 37.4967904 ], [ 126.9605082, 37.496668100000015 ], [ 126.9607845, 37.4964872 ], [ 126.960840800000014, 37.4964372 ], [ 126.9608623, 37.4963978 ], [ 126.9608904, 37.4963637 ], [ 126.960928, 37.4963467 ], [ 126.961032599999982, 37.4963254 ], [ 126.9611895, 37.4962786 ], [ 126.961448300000015, 37.4961403 ], [ 126.9614953, 37.4961201 ], [ 126.9615154, 37.4961052 ], [ 126.961524800000021, 37.4960839 ], [ 126.9615234, 37.4960541 ], [ 126.9615355, 37.4959945 ], [ 126.9616039, 37.4958743 ], [ 126.961734, 37.4957523 ], [ 126.9617957, 37.4957012 ], [ 126.9618386, 37.4956821 ], [ 126.9618761, 37.4956778 ], [ 126.961932500000017, 37.495677800000017 ], [ 126.962050499999989, 37.4956799 ], [ 126.962084, 37.4956767 ], [ 126.9621149, 37.4956629 ], [ 126.9621377, 37.495648 ], [ 126.962156400000012, 37.49562250000001 ], [ 126.962173899999982, 37.495577800000014 ], [ 126.9622168, 37.4955161 ], [ 126.9622704, 37.495465 ], [ 126.9623938, 37.4954426 ], [ 126.9624212, 37.49544 ] ] } },
{ "type": "Feature", "properties": { "학교": "숭실대", "u": "8857857341", "v": "8857857358", "key": 0, "highway": "path", "name": "동작충효길", "length_m": 122.09741222398776, "기준길이_m": 61.04870611199388, "조각수": 2, "최대경사_pct": 28.2013043251353, "B등급": "위험", "기준선_근처": false, "계단": false }, "geometry": { "type": "LineString", "coordinates": [ [ 126.95912610000002, 37.498805400000016 ], [ 126.959150100000016, 37.4987855 ], [ 126.9592192, 37.4986629 ], [ 126.959337100000013, 37.4985823 ], [ 126.9596156, 37.4984484 ], [ 126.959861500000017, 37.4983404 ], [ 126.9602067, 37.4981554 ] ] } },
{ "type": "Feature", "properties": { "학교": "숭실대", "u": "5406793629", "v": "12152877184", "key": 0, "highway": "path", "name": null, "length_m": 130.85389983555166, "기준길이_m": 65.426949917775829, "조각수": 2, "최대경사_pct": 6.1814870482583171, "B등급": "주의", "기준선_근처": true, "계단": false }, "geometry": { "type": "LineString", "coordinates": [ [ 126.9661702, 37.4922452 ], [ 126.9660485, 37.492354 ], [ 126.9658712, 37.4926227 ], [ 126.9657712, 37.4926903 ], [ 126.9656888, 37.4928277 ], [ 126.9656605, 37.4929783 ], [ 126.96546, 37.4932563 ] ] } },
{ "type": "Feature", "properties": { "학교": "숭실대", "u": "13322228150", "v": "12794885932", "key": 0, "highway": "footway", "name": null, "length_m": 77.048280813229994, "기준길이_m": 77.048280813229994, "조각수": 1, "최대경사_pct": 8.8924572513549656, "B등급": "위험", "기준선_근처": true, "계단": false }, "geometry": { "type": "LineString", "coordinates": [ [ 126.960389, 37.4947269 ], [ 126.9595316, 37.4948503 ] ] } },
{ "type": "Feature", "properties": { "학교": "숭실대", "u": "10570453188", "v": "10570453205", "key": 0, "highway": "footway", "name": null, "length_m": 151.05779567112816, "기준길이_m": 75.528897835564081, "조각수": 2, "최대경사_pct": 6.6199827394352155, "B등급": "주의", "기준선_근처": true, "계단": false }, "geometry": { "type": "LineString", "coordinates": [ [ 126.9490035, 37.4963654 ], [ 126.9487283, 37.4962215 ], [ 126.9486074, 37.496127799999989 ], [ 126.9485867, 37.4960662 ], [ 126.948605599999979, 37.4959009 ], [ 126.94859839999998, 37.495679 ], [ 126.9484992, 37.4955816 ], [ 126.9484739, 37.4954599 ], [ 126.9485019, 37.495354 ], [ 126.948553300000015, 37.4952831 ], [ 126.948639, 37.49525520000001 ] ] } },
{ "type": "Feature", "properties": { "학교": "숭실대", "u": "10570453205", "v": "10570464709", "key": 0, "highway": "footway", "name": null, "length_m": 19.019140611343303, "기준길이_m": 60.0, "조각수": 1, "최대경사_pct": 7.1943794696126409, "B등급": "주의", "기준선_근처": true, "계단": false }, "geometry": { "type": "LineString", "coordinates": [ [ 126.94920470000001, 37.4963724 ], [ 126.9491454, 37.4963471 ], [ 126.9490688, 37.4963431 ], [ 126.9490035, 37.4963654 ] ] } },
{ "type": "Feature", "properties": { "학교": "숭실대", "u": "10570453193", "v": "10570464787", "key": 0, "highway": "footway", "name": null, "length_m": 42.596814930021104, "기준길이_m": 60.0, "조각수": 1, "최대경사_pct": 14.821963263120352, "B등급": "위험", "기준선_근처": false, "계단": false }, "geometry": { "type": "LineString", "coordinates": [ [ 126.9491705, 37.4944637 ], [ 126.9490691, 37.4948389 ] ] } },
{ "type": "Feature", "properties": { "학교": "숭실대", "u": "10570453193", "v": "10570464800", "key": 0, "highway": "footway", "name": null, "length_m": 237.77804475969782, "기준길이_m": 79.259348253232602, "조각수": 3, "최대경사_pct": 10.190588902770488, "B등급": "위험", "기준선_근처": true, "계단": false }, "geometry": { "type": "LineString", "coordinates": [ [ 126.949846199999982, 37.496838 ], [ 126.9492938, 37.4959644 ], [ 126.9492477, 37.495858 ], [ 126.9490653, 37.4955294 ], [ 126.9490514, 37.4954136 ], [ 126.94903960000002, 37.495347300000013 ], [ 126.9490546, 37.49518470000001 ], [ 126.9490691, 37.4948389 ] ] } },
{ "type": "Feature", "properties": { "학교": "숭실대", "u": "10570464800", "v": "10570464715", "key": 0, "highway": "footway", "name": null, "length_m": 56.730559789015167, "기준길이_m": 60.0, "조각수": 1, "최대경사_pct": 8.4105246781310434, "B등급": "위험", "기준선_근처": true, "계단": false }, "geometry": { "type": "LineString", "coordinates": [ [ 126.949263400000021, 37.4968355 ], [ 126.94929070000002, 37.4968039 ], [ 126.949331500000014, 37.4967847 ], [ 126.9493797, 37.4967835 ], [ 126.94945060000002, 37.496803 ], [ 126.949534600000021, 37.4968573 ], [ 126.949806, 37.4968503 ], [ 126.949846199999982, 37.496838 ] ] } },
{ "type": "Feature", "properties": { "학교": "숭실대", "u": "10570464800", "v": "10570464798", "key": 0, "highway": "footway", "name": null, "length_m": 53.475358046134616, "기준길이_m": 60.0, "조각수": 1, "최대경사_pct": 8.0016213639279723, "B등급": "주의", "기준선_근처": true, "계단": false }, "geometry": { "type": "LineString", "coordinates": [ [ 126.949952600000017, 37.4972923 ], [ 126.9499226, 37.4972421 ], [ 126.9499183, 37.497214 ], [ 126.9499547, 37.4970625 ], [ 126.9499451, 37.4969944 ], [ 126.949846199999982, 37.496838 ] ] } },
{ "type": "Feature", "properties": { "학교": "숭실대", "u": "10570464798", "v": "11413637759", "key": 0, "highway": "footway", "name": null, "length_m": 17.633423250654513, "기준길이_m": 60.0, "조각수": 1, "최대경사_pct": 8.9108803363561861, "B등급": "위험", "기준선_근처": true, "계단": false }, "geometry": { "type": "LineString", "coordinates": [ [ 126.9501321, 37.4972231 ], [ 126.949952600000017, 37.4972923 ] ] } },
{ "type": "Feature", "properties": { "학교": "숭실대", "u": "11413637585", "v": "10589255412", "key": 0, "highway": "service", "name": null, "length_m": 272.65457524263911, "기준길이_m": 68.163643810659778, "조각수": 4, "최대경사_pct": 8.420658216892372, "B등급": "위험", "기준선_근처": true, "계단": false }, "geometry": { "type": "LineString", "coordinates": [ [ 126.9515374, 37.4949684 ], [ 126.951573699999983, 37.4949892 ], [ 126.9516938, 37.495093100000027 ], [ 126.9517088, 37.495126300000017 ], [ 126.9517024, 37.4951663 ], [ 126.9516455, 37.4953834 ], [ 126.9516133, 37.49542 ], [ 126.95118309999998, 37.49553490000001 ], [ 126.9511337, 37.4955655 ], [ 126.9511187, 37.4956217 ], [ 126.951487, 37.4966025 ], [ 126.9514879, 37.496632400000024 ], [ 126.9513529, 37.4970334 ] ] } },
{ "type": "Feature", "properties": { "학교": "숭실대", "u": "11413637585", "v": "11413637584", "key": 0, "highway": "footway", "name": null, "length_m": 98.643525019350747, "기준길이_m": 98.643525019350747, "조각수": 1, "최대경사_pct": 0.79654941710066773, "B등급": "양호", "기준선_근처": false, "계단": false }, "geometry": { "type": "LineString", "coordinates": [ [ 126.95032070000002, 37.4971591 ], [ 126.950819600000017, 37.4969606 ], [ 126.950982, 37.496932900000026 ], [ 126.9512768, 37.497014199999988 ], [ 126.9513529, 37.4970334 ] ] } },
{ "type": "Feature", "properties": { "학교": "숭실대", "u": "10589255412", "v": "10589255546", "key": 0, "highway": "service", "name": null, "length_m": 6.8719776853976962, "기준길이_m": 60.0, "조각수": 1, "최대경사_pct": 6.5862711575068289, "B등급": "주의", "기준선_근처": true, "계단": false }, "geometry": { "type": "LineString", "coordinates": [ [ 126.951543900000019, 37.4949067 ], [ 126.9515374, 37.4949684 ] ] } },
{ "type": "Feature", "properties": { "학교": "숭실대", "u": "10589255546", "v": "10589255561", "key": 0, "highway": "path", "name": null, "length_m": 138.71839793628095, "기준길이_m": 69.359198968140475, "조각수": 2, "최대경사_pct": 7.2660689036076409, "B등급": "주의", "기준선_근처": true, "계단": false }, "geometry": { "type": "LineString", "coordinates": [ [ 126.9522692, 37.4942073 ], [ 126.952485, 37.4943341 ], [ 126.952502200000012, 37.494364 ], [ 126.9525073, 37.49441 ], [ 126.9524939, 37.494474800000027 ], [ 126.95217169999998, 37.4947188 ], [ 126.9521009, 37.4947568 ], [ 126.95190190000001, 37.4947962 ], [ 126.951543900000019, 37.4949067 ] ] } },
{ "type": "Feature", "properties": { "학교": "숭실대", "u": "10589255561", "v": "10589255555", "key": 0, "highway": "path", "name": null, "length_m": 121.07667833571564, "기준길이_m": 60.538339167857821, "조각수": 2, "최대경사_pct": 5.7961753660584723, "B등급": "주의", "기준선_근처": true, "계단": false }, "geometry": { "type": "LineString", "coordinates": [ [ 126.9509669, 37.4945311 ], [ 126.952228300000016, 37.494236 ], [ 126.9522692, 37.4942073 ] ] } },
{ "type": "Feature", "properties": { "학교": "숭실대", "u": "10589255555", "v": "10589255556", "key": 0, "highway": "path", "name": null, "length_m": 30.322563425162016, "기준길이_m": 60.0, "조각수": 1, "최대경사_pct": 4.1764600137676666, "B등급": "양호", "기준선_근처": true, "계단": false }, "geometry": { "type": "LineString", "coordinates": [ [ 126.950633700000012, 37.49450490000001 ], [ 126.9507052, 37.4944908 ], [ 126.950851599999979, 37.494498 ], [ 126.9509669, 37.4945311 ] ] } },
{ "type": "Feature", "properties": { "학교": "숭실대", "u": "10589255555", "v": "10589255564", "key": 0, "highway": "path", "name": null, "length_m": 27.691928215480445, "기준길이_m": 60.0, "조각수": 1, "최대경사_pct": 3.3008805005345225, "B등급": "양호", "기준선_근처": true, "계단": false }, "geometry": { "type": "LineString", "coordinates": [ [ 126.9506797, 37.4946216 ], [ 126.9509116, 37.494567 ], [ 126.9509669, 37.4945311 ] ] } },
{ "type": "Feature", "properties": { "학교": "숭실대", "u": "10589255556", "v": "10589255564", "key": 0, "highway": "path", "name": null, "length_m": 13.575951461699765, "기준길이_m": 60.0, "조각수": 1, "최대경사_pct": 14.27785953932883, "B등급": "위험", "기준선_근처": false, "계단": false }, "geometry": { "type": "LineString", "coordinates": [ [ 126.9506797, 37.4946216 ], [ 126.950633700000012, 37.49450490000001 ] ] } },
{ "type": "Feature", "properties": { "학교": "숭실대", "u": "10611854831", "v": "10611854834", "key": 0, "highway": "service", "name": null, "length_m": 61.93577758402413, "기준길이_m": 61.93577758402413, "조각수": 1, "최대경사_pct": 16.850962369895722, "B등급": "위험", "기준선_근처": false, "계단": false }, "geometry": { "type": "LineString", "coordinates": [ [ 126.953379200000015, 37.4924815 ], [ 126.9533187, 37.4928179 ], [ 126.9533361, 37.4929431 ], [ 126.953397100000018, 37.493021500000012 ] ] } },
{ "type": "Feature", "properties": { "학교": "숭실대", "u": "11413637492", "v": "11413637804", "key": 0, "highway": "footway", "name": null, "length_m": 11.273131461698201, "기준길이_m": 60.0, "조각수": 1, "최대경사_pct": 8.0093144216424861, "B등급": "주의", "기준선_근처": true, "계단": false }, "geometry": { "type": "LineString", "coordinates": [ [ 126.9543366, 37.4904396 ], [ 126.9542396, 37.4903737 ] ] } },
{ "type": "Feature", "properties": { "학교": "숭실대", "u": "11413637804", "v": "11413637699", "key": 0, "highway": "footway", "name": null, "length_m": 86.480847398742441, "기준길이_m": 86.480847398742441, "조각수": 1, "최대경사_pct": 0.51105749619236218, "B등급": "양호", "기준선_근처": false, "계단": false }, "geometry": { "type": "LineString", "coordinates": [ [ 126.955273, 37.490646 ], [ 126.9550518, 37.4906187 ], [ 126.9547084, 37.4905613 ], [ 126.9545353, 37.4905181 ], [ 126.9543366, 37.4904396 ] ] } },
{ "type": "Feature", "properties": { "학교": "숭실대", "u": "11413637910", "v": "11413637699", "key": 0, "highway": "footway", "name": null, "length_m": 76.446665955400931, "기준길이_m": 76.446665955400931, "조각수": 1, "최대경사_pct": 4.3487635397592497, "B등급": "양호", "기준선_근처": true, "계단": false }, "geometry": { "type": "LineString", "coordinates": [ [ 126.955273, 37.490646 ], [ 126.9556625, 37.4907539 ], [ 126.9560471, 37.4909432 ] ] } },
{ "type": "Feature", "properties": { "학교": "숭실대", "u": "11413637561", "v": "11413637916", "key": 0, "highway": "footway", "name": null, "length_m": 9.1280557869682664, "기준길이_m": 60.0, "조각수": 1, "최대경사_pct": 6.5666147804057093, "B등급": "주의", "기준선_근처": true, "계단": false }, "geometry": { "type": "LineString", "coordinates": [ [ 126.9525737, 37.4977929 ], [ 126.9526751, 37.4977775 ] ] } },
{ "type": "Feature", "properties": { "학교": "숭실대", "u": "11413637779", "v": "11413637879", "key": 0, "highway": "footway", "name": null, "length_m": 8.4850147080257141, "기준길이_m": 60.0, "조각수": 1, "최대경사_pct": 5.2281628436327194, "B등급": "양호", "기준선_근처": true, "계단": false }, "geometry": { "type": "LineString", "coordinates": [ [ 126.9522967, 37.4975583 ], [ 126.9522703, 37.4976318 ] ] } },
{ "type": "Feature", "properties": { "학교": "숭실대", "u": "11413637779", "v": "13597219422", "key": 0, "highway": "footway", "name": null, "length_m": 8.7358093163960167, "기준길이_m": 60.0, "조각수": 1, "최대경사_pct": 1.8153716455157227, "B등급": "양호", "기준선_근처": true, "계단": false }, "geometry": { "type": "LineString", "coordinates": [ [ 126.952351, 37.4976772 ], [ 126.9522703, 37.4976318 ] ] } },
{ "type": "Feature", "properties": { "학교": "숭실대", "u": "11413637697", "v": "13149390528", "key": 0, "highway": "footway", "name": null, "length_m": 2.9462906055091023, "기준길이_m": 60.0, "조각수": 1, "최대경사_pct": 2.4872196702361529, "B등급": "양호", "기준선_근처": true, "계단": false }, "geometry": { "type": "LineString", "coordinates": [ [ 126.954345500000017, 37.4957714 ], [ 126.954371600000016, 37.4957879 ] ] } },
{ "type": "Feature", "properties": { "학교": "숭실대", "u": "13149390528", "v": "12791615981", "key": 0, "highway": "footway", "name": null, "length_m": 52.487517749699222, "기준길이_m": 60.0, "조각수": 1, "최대경사_pct": 5.6769443239298081, "B등급": "주의", "기준선_근처": true, "계단": false }, "geometry": { "type": "LineString", "coordinates": [ [ 126.954004, 37.496158200000032 ], [ 126.9540416, 37.4961156 ], [ 126.954345500000017, 37.4957714 ] ] } },
{ "type": "Feature", "properties": { "학교": "숭실대", "u": "13149390528", "v": "13149390529", "key": 0, "highway": "footway", "name": null, "length_m": 96.270298837487388, "기준길이_m": 96.270298837487388, "조각수": 1, "최대경사_pct": 5.8099160492514725, "B등급": "주의", "기준선_근처": true, "계단": false }, "geometry": { "type": "LineString", "coordinates": [ [ 126.955408500000019, 37.495602 ], [ 126.9546667, 37.495713700000024 ], [ 126.954354900000013, 37.495760700000012 ], [ 126.954345500000017, 37.4957714 ] ] } },
{ "type": "Feature", "properties": { "학교": "중앙대", "u": "436821679", "v": "10239817468", "key": 0, "highway": "primary", "name": "양녕로", "length_m": 14.342318211978403, "기준길이_m": 60.0, "조각수": 1, "최대경사_pct": 0.67436038105296825, "B등급": "양호", "기준선_근처": false, "계단": false }, "geometry": { "type": "LineString", "coordinates": [ [ 126.94958440000002, 37.5042932 ], [ 126.94951970000001, 37.5041747 ] ] } },
{ "type": "Feature", "properties": { "학교": "중앙대", "u": "436821679", "v": "2825730234", "key": 0, "highway": "primary", "name": "양녕로", "length_m": 34.008555032057899, "기준길이_m": 60.0, "조각수": 1, "최대경사_pct": 1.1842378929335004e-14, "B등급": "양호", "기준선_근처": false, "계단": false }, "geometry": { "type": "LineString", "coordinates": [ [ 126.9492045, 37.5039991 ], [ 126.94951970000001, 37.5041747 ] ] } },
{ "type": "Feature", "properties": { "학교": "중앙대", "u": "436821679", "v": "10239817463", "key": 0, "highway": "primary", "name": "양녕로", "length_m": 33.709361774237806, "기준길이_m": 60.0, "조각수": 1, "최대경사_pct": 2.077237755701399, "B등급": "양호", "기준선_근처": true, "계단": false }, "geometry": { "type": "LineString", "coordinates": [ [ 126.9498255, 37.5043362 ], [ 126.94967819999998, 37.5042094 ], [ 126.94951970000001, 37.5041747 ] ] } },
{ "type": "Feature", "properties": { "학교": "중앙대", "u": "10239817468", "v": "1831853297", "key": 0, "highway": "residential", "name": null, "length_m": 57.751169663651744, "기준길이_m": 60.0, "조각수": 1, "최대경사_pct": 8.2912867953413052, "B등급": "주의", "기준선_근처": true, "계단": false }, "geometry": { "type": "LineString", "coordinates": [ [ 126.949711300000018, 37.5047944 ], [ 126.949699600000017, 37.504532700000013 ], [ 126.9496585, 37.504426 ], [ 126.949601300000012, 37.5043489 ], [ 126.94958440000002, 37.5042932 ] ] } },
{ "type": "Feature", "properties": { "학교": "중앙대", "u": "2825730234", "v": "4621496740", "key": 0, "highway": "service", "name": null, "length_m": 49.819288764556859, "기준길이_m": 60.0, "조각수": 1, "최대경사_pct": 0.0, "B등급": "양호", "기준선_근처": false, "계단": false }, "geometry": { "type": "LineString", "coordinates": [ [ 126.9488877, 37.5043703 ], [ 126.9492045, 37.5039991 ] ] } },
{ "type": "Feature", "properties": { "학교": "중앙대", "u": "10239817463", "v": "2829147721", "key": 0, "highway": "service", "name": "상도로41마길", "length_m": 48.759391126995794, "기준길이_m": 60.0, "조각수": 1, "최대경사_pct": 7.365150732231954, "B등급": "주의", "기준선_근처": true, "계단": false }, "geometry": { "type": "LineString", "coordinates": [ [ 126.95030340000001, 37.5041398 ], [ 126.9501124, 37.5041817 ], [ 126.949937399999982, 37.5042423 ], [ 126.9498255, 37.5043362 ] ] } },
{ "type": "Feature", "properties": { "학교": "중앙대", "u": "571454796", "v": "4644112573", "key": 0, "highway": "primary", "name": "양녕로", "length_m": 788.05900511622883, "기준길이_m": 60.619923470479144, "조각수": 13, "최대경사_pct": 24.8813797170207, "B등급": "위험", "기준선_근처": false, "계단": false }, "geometry": { "type": "LineString", "coordinates": [ [ 126.9503995, 37.50559710000001 ], [ 126.9507037, 37.5061584 ], [ 126.9531205, 37.5108502 ], [ 126.9535252, 37.5116249 ], [ 126.953838500000018, 37.5121468 ] ] } },
{ "type": "Feature", "properties": { "학교": "중앙대", "u": "436881331", "v": "3888649128", "key": 0, "highway": "steps", "name": null, "length_m": 23.345231208659058, "기준길이_m": 60.0, "조각수": 1, "최대경사_pct": 0.99036359774058746, "B등급": "양호", "기준선_근처": true, "계단": true }, "geometry": { "type": "LineString", "coordinates": [ [ 126.9652329, 37.5073487 ], [ 126.965355, 37.5075352 ] ] } },
{ "type": "Feature", "properties": { "학교": "중앙대", "u": "436881331", "v": "4611246540", "key": 0, "highway": "primary", "name": "현충로", "length_m": 126.65521033190447, "기준길이_m": 63.327605165952235, "조각수": 2, "최대경사_pct": 0.814089746714031, "B등급": "양호", "기준선_근처": false, "계단": false }, "geometry": { "type": "LineString", "coordinates": [ [ 126.964237, 37.508241 ], [ 126.9646692, 37.5079249 ], [ 126.96486680000001, 37.5077876 ], [ 126.9650409, 37.5076779 ], [ 126.965355, 37.5075352 ] ] } },
{ "type": "Feature", "properties": { "학교": "중앙대", "u": "3888649128", "v": "4612824445", "key": 0, "highway": "residential", "name": "서달로14길", "length_m": 41.225367806476712, "기준길이_m": 60.0, "조각수": 1, "최대경사_pct": 3.8169717815744875, "B등급": "양호", "기준선_근처": true, "계단": false }, "geometry": { "type": "LineString", "coordinates": [ [ 126.9656758, 37.5072326 ], [ 126.9652329, 37.5073487 ] ] } },
{ "type": "Feature", "properties": { "학교": "중앙대", "u": "3888649128", "v": "3888649127", "key": 0, "highway": "residential", "name": "서달로14길", "length_m": 33.069883032566608, "기준길이_m": 60.0, "조각수": 1, "최대경사_pct": 0.0, "B등급": "양호", "기준선_근처": false, "계단": false }, "geometry": { "type": "LineString", "coordinates": [ [ 126.9648824, 37.5074527 ], [ 126.9652329, 37.5073487 ] ] } },
{ "type": "Feature", "properties": { "학교": "중앙대", "u": "3888649162", "v": "4612824445", "key": 0, "highway": "residential", "name": "서달로14길", "length_m": 39.481076488851684, "기준길이_m": 60.0, "조각수": 1, "최대경사_pct": 3.657445605947629, "B등급": "양호", "기준선_근처": true, "계단": false }, "geometry": { "type": "LineString", "coordinates": [ [ 126.9656758, 37.5072326 ], [ 126.9659064, 37.5071579 ], [ 126.966011100000017, 37.5072914 ] ] } },
{ "type": "Feature", "properties": { "학교": "중앙대", "u": "4611246540", "v": "4612845666", "key": 0, "highway": "steps", "name": null, "length_m": 37.753483288615726, "기준길이_m": 60.0, "조각수": 1, "최대경사_pct": 0.1388351207628761, "B등급": "양호", "기준선_근처": false, "계단": true }, "geometry": { "type": "LineString", "coordinates": [ [ 126.964032499999988, 37.5079425 ], [ 126.9641236, 37.508084 ], [ 126.964237, 37.508241 ] ] } },
{ "type": "Feature", "properties": { "학교": "중앙대", "u": "4611246540", "v": "436881334", "key": 0, "highway": "primary", "name": "현충로", "length_m": 57.512325716062591, "기준길이_m": 60.0, "조각수": 1, "최대경사_pct": 0.0, "B등급": "양호", "기준선_근처": false, "계단": false }, "geometry": { "type": "LineString", "coordinates": [ [ 126.9638331, 37.5086464 ], [ 126.9640584, 37.5084002 ], [ 126.964237, 37.508241 ] ] } },
{ "type": "Feature", "properties": { "학교": "중앙대", "u": "436881334", "v": "6964092884", "key": 0, "highway": "primary", "name": "현충로", "length_m": 116.17779394943008, "기준길이_m": 116.17779394943008, "조각수": 1, "최대경사_pct": 0.92721663908482654, "B등급": "양호", "기준선_근처": true, "계단": false }, "geometry": { "type": "LineString", "coordinates": [ [ 126.9630769, 37.509502400000017 ], [ 126.9633365, 37.5092005 ], [ 126.9638331, 37.5086464 ] ] } },
{ "type": "Feature", "properties": { "학교": "중앙대", "u": "436881334", "v": "2288832800", "key": 0, "highway": "tertiary", "name": "서달로", "length_m": 90.562227693541189, "기준길이_m": 90.562227693541189, "조각수": 1, "최대경사_pct": 4.378634421022495, "B등급": "양호", "기준선_근처": true, "계단": false }, "geometry": { "type": "LineString", "coordinates": [ [ 126.9630737, 37.5080992 ], [ 126.963367600000012, 37.508311900000024 ], [ 126.9636462, 37.508501699999989 ], [ 126.9638331, 37.5086464 ] ] } },
{ "type": "Feature", "properties": { "학교": "중앙대", "u": "13675095844", "v": "13675095845", "key": 0, "highway": "tertiary", "name": "서달로", "length_m": 7.2816643217173764, "기준길이_m": 60.0, "조각수": 1, "최대경사_pct": 2.9605947323337509e-15, "B등급": "양호", "기준선_근처": false, "계단": false }, "geometry": { "type": "LineString", "coordinates": [ [ 126.9640106, 37.508745 ], [ 126.963934, 37.508720900000014 ] ] } },
{ "type": "Feature", "properties": { "학교": "중앙대", "u": "13675095844", "v": "13392265479", "key": 0, "highway": "primary", "name": "현충로", "length_m": 114.47296468332686, "기준길이_m": 114.47296468332686, "조각수": 1, "최대경사_pct": 0.71666903460272902, "B등급": "양호", "기준선_근처": false, "계단": false }, "geometry": { "type": "LineString", "coordinates": [ [ 126.9631642, 37.5095502 ], [ 126.963934, 37.508720900000014 ] ] } },
{ "type": "Feature", "properties": { "학교": "중앙대", "u": "6964092884", "v": "13392265479", "key": 0, "highway": "footway", "name": null, "length_m": 9.3659611516446031, "기준길이_m": 60.0, "조각수": 1, "최대경사_pct": 0.55697178295966465, "B등급": "양호", "기준선_근처": false, "계단": false }, "geometry": { "type": "LineString", "coordinates": [ [ 126.9631642, 37.5095502 ], [ 126.9630769, 37.509502400000017 ] ] } },
{ "type": "Feature", "properties": { "학교": "중앙대", "u": "6964092884", "v": "7775271115", "key": 0, "highway": "footway", "name": null, "length_m": 37.288034659004637, "기준길이_m": 60.0, "조각수": 1, "최대경사_pct": 0.95621798375431344, "B등급": "양호", "기준선_근처": true, "계단": false }, "geometry": { "type": "LineString", "coordinates": [ [ 126.962778699999987, 37.5095385 ], [ 126.9629015, 37.5094049 ], [ 126.9630769, 37.509502400000017 ] ] } },
{ "type": "Feature", "properties": { "학교": "중앙대", "u": "2288832800", "v": "4612938749", "key": 0, "highway": "tertiary", "name": "서달로", "length_m": 40.103341976145124, "기준길이_m": 60.0, "조각수": 1, "최대경사_pct": 0.90947518347915879, "B등급": "양호", "기준선_근처": true, "계단": false }, "geometry": { "type": "LineString", "coordinates": [ [ 126.9626972, 37.5078977 ], [ 126.9630737, 37.5080992 ] ] } },
{ "type": "Feature", "properties": { "학교": "중앙대", "u": "2288832800", "v": "3888649121", "key": 0, "highway": "residential", "name": "서달로14길", "length_m": 9.2631390625737833, "기준길이_m": 60.0, "조각수": 1, "최대경사_pct": 2.4509372158547356, "B등급": "양호", "기준선_근처": true, "계단": false }, "geometry": { "type": "LineString", "coordinates": [ [ 126.963176499999989, 37.5080831 ], [ 126.9630737, 37.5080992 ] ] } },
{ "type": "Feature", "properties": { "학교": "중앙대", "u": "2288832800", "v": "4612938745", "key": 0, "highway": "residential", "name": "서달로15길", "length_m": 127.24916262819886, "기준길이_m": 63.62458131409943, "조각수": 2, "최대경사_pct": 1.6054495121102539, "B등급": "양호", "기준선_근처": true, "계단": false }, "geometry": { "type": "LineString", "coordinates": [ [ 126.961892, 37.5087472 ], [ 126.96260460000002, 37.5084113 ], [ 126.96294450000002, 37.508188100000019 ], [ 126.9630737, 37.5080992 ] ] } },
{ "type": "Feature", "properties": { "학교": "중앙대", "u": "436883217", "v": "1831853316", "key": 0, "highway": "tertiary", "name": "흑석로", "length_m": 26.11268572477254, "기준길이_m": 60.0, "조각수": 1, "최대경사_pct": 7.1032823462028816, "B등급": "주의", "기준선_근처": true, "계단": false }, "geometry": { "type": "LineString", "coordinates": [ [ 126.950385800000021, 37.5046456 ], [ 126.9506374, 37.5047688 ] ] } },
{ "type": "Feature", "properties": { "학교": "중앙대", "u": "436883217", "v": "4621482145", "key": 0, "highway": "tertiary", "name": "흑석로", "length_m": 40.413999544797235, "기준길이_m": 60.0, "조각수": 1, "최대경사_pct": 5.828658561825435, "B등급": "주의", "기준선_근처": true, "계단": false }, "geometry": { "type": "LineString", "coordinates": [ [ 126.9510926, 37.5048017 ], [ 126.9506374, 37.5047688 ] ] } },
{ "type": "Feature", "properties": { "학교": "중앙대", "u": "4621482145", "v": "12989020958", "key": 0, "highway": "tertiary", "name": "흑석로", "length_m": 36.961014312852917, "기준길이_m": 60.0, "조각수": 1, "최대경사_pct": 0.48438133631310148, "B등급": "양호", "기준선_근처": false, "계단": false }, "geometry": { "type": "LineString", "coordinates": [ [ 126.9515078, 37.5048403 ], [ 126.9510926, 37.5048017 ] ] } },
{ "type": "Feature", "properties": { "학교": "중앙대", "u": "4621482145", "v": "2829147725", "key": 0, "highway": "service", "name": "상도로41마길", "length_m": 39.081960465385471, "기준길이_m": 60.0, "조각수": 1, "최대경사_pct": 0.49205245526742658, "B등급": "양호", "기준선_근처": false, "계단": false }, "geometry": { "type": "LineString", "coordinates": [ [ 126.9510153, 37.5044608 ], [ 126.9510879, 37.5046153 ], [ 126.9511008, 37.5047236 ], [ 126.9510926, 37.5048017 ] ] } },
{ "type": "Feature", "properties": { "학교": "중앙대", "u": "436883219", "v": "2824550328", "key": 0, "highway": "tertiary", "name": "흑석로", "length_m": 12.455176768931, "기준길이_m": 60.0, "조각수": 1, "최대경사_pct": 3.0813896586881264, "B등급": "양호", "기준선_근처": true, "계단": false }, "geometry": { "type": "LineString", "coordinates": [ [ 126.9536058, 37.5050021 ], [ 126.953745500000011, 37.5050165 ] ] } },
{ "type": "Feature", "properties": { "학교": "중앙대", "u": "436883219", "v": "4613243688", "key": 0, "highway": "tertiary", "name": "흑석로", "length_m": 208.54603934451958, "기준길이_m": 69.51534644817319, "조각수": 3, "최대경사_pct": 11.417687476172244, "B등급": "위험", "기준선_근처": true, "계단": false }, "geometry": { "type": "LineString", "coordinates": [ [ 126.955157700000015, 37.5062686 ], [ 126.954846300000014, 37.5063024 ], [ 126.9547975, 37.506299 ], [ 126.9547505, 37.506290300000011 ], [ 126.95471120000002, 37.5062812 ], [ 126.9546766, 37.5062666 ], [ 126.95464290000001, 37.506249 ], [ 126.9546086, 37.5062253 ], [ 126.9545863, 37.5062008 ], [ 126.954049400000017, 37.5052457 ], [ 126.9539349, 37.5051144 ], [ 126.9538624, 37.505060800000017 ], [ 126.9537858, 37.5050263 ], [ 126.953745500000011, 37.5050165 ] ] } },
{ "type": "Feature", "properties": { "학교": "중앙대", "u": "2824550328", "v": "2829147720", "key": 0, "highway": "tertiary", "name": "상도로53길", "length_m": 20.854493393414664, "기준길이_m": 60.0, "조각수": 1, "최대경사_pct": 2.4752738074556411, "B등급": "양호", "기준선_근처": true, "계단": false }, "geometry": { "type": "LineString", "coordinates": [ [ 126.953606, 37.5048142 ], [ 126.9536058, 37.5050021 ] ] } },
{ "type": "Feature", "properties": { "학교": "중앙대", "u": "2824550328", "v": "4621486060", "key": 0, "highway": "tertiary", "name": "흑석로", "length_m": 143.5816477867958, "기준길이_m": 71.790823893397899, "조각수": 2, "최대경사_pct": 9.6927571119616029, "B등급": "위험", "기준선_근처": true, "계단": false }, "geometry": { "type": "LineString", "coordinates": [ [ 126.9519886, 37.504885 ], [ 126.9536058, 37.5050021 ] ] } },
{ "type": "Feature", "properties": { "학교": "중앙대", "u": "4613243688", "v": "4613243797", "key": 0, "highway": "service", "name": "흑석로3길", "length_m": 118.29560096361043, "기준길이_m": 118.29560096361043, "조각수": 1, "최대경사_pct": 11.612073648875311, "B등급": "위험", "기준선_근처": true, "계단": false }, "geometry": { "type": "LineString", "coordinates": [ [ 126.9559337, 37.5067407 ], [ 126.9558545, 37.5067222 ], [ 126.955641, 37.506751 ], [ 126.9554843, 37.5068211 ], [ 126.955389900000014, 37.5068261 ], [ 126.9553109, 37.5067807 ], [ 126.9552825, 37.5067312 ], [ 126.955279500000017, 37.506637 ], [ 126.955176, 37.5063928 ], [ 126.955157700000015, 37.5062686 ] ] } },
{ "type": "Feature", "properties": { "학교": "중앙대", "u": "4613243688", "v": "2829530627", "key": 0, "highway": "tertiary", "name": "흑석로", "length_m": 183.13584102930673, "기준길이_m": 61.045280343102242, "조각수": 3, "최대경사_pct": 18.593385543891255, "B등급": "위험", "기준선_근처": false, "계단": false }, "geometry": { "type": "LineString", "coordinates": [ [ 126.9571048, 37.506534 ], [ 126.956780900000012, 37.506421400000015 ], [ 126.956591500000016, 37.5063365 ], [ 126.956426899999983, 37.5062632 ], [ 126.956301100000019, 37.5062061 ], [ 126.9562061, 37.5061734 ], [ 126.9561316, 37.506157 ], [ 126.956025, 37.506154299999984 ], [ 126.955915300000015, 37.5061613 ], [ 126.95569540000001, 37.5061859 ], [ 126.955157700000015, 37.5062686 ] ] } },
{ "type": "Feature", "properties": { "학교": "중앙대", "u": "436883255", "v": "5106672539", "key": 0, "highway": "footway", "name": null, "length_m": 25.338004995330746, "기준길이_m": 60.0, "조각수": 1, "최대경사_pct": 2.9301465655142809, "B등급": "양호", "기준선_근처": true, "계단": false }, "geometry": { "type": "LineString", "coordinates": [ [ 126.9608197, 37.5079266 ], [ 126.961084600000021, 37.50783950000001 ] ] } },
{ "type": "Feature", "properties": { "학교": "중앙대", "u": "3119042928", "v": "7775271107", "key": 0, "highway": "tertiary", "name": "흑석로", "length_m": 13.444448884503206, "기준길이_m": 60.0, "조각수": 1, "최대경사_pct": 0.22709368673581309, "B등급": "양호", "기준선_근처": false, "계단": false }, "geometry": { "type": "LineString", "coordinates": [ [ 126.9611611, 37.507686 ], [ 126.961014899999981, 37.5077193 ] ] } },
{ "type": "Feature", "properties": { "학교": "중앙대", "u": "3119042928", "v": "4613243679", "key": 0, "highway": "tertiary", "name": "흑석로", "length_m": 41.667157428266194, "기준길이_m": 60.0, "조각수": 1, "최대경사_pct": 1.0968952328149051, "B등급": "양호", "기준선_근처": true, "계단": false }, "geometry": { "type": "LineString", "coordinates": [ [ 126.9605607, 37.5076214 ], [ 126.9606795, 37.5076561 ], [ 126.9607699, 37.5076757 ], [ 126.961014899999981, 37.5077193 ] ] } },
{ "type": "Feature", "properties": { "학교": "중앙대", "u": "5106672539", "v": "5106672540", "key": 0, "highway": "footway", "name": null, "length_m": 39.82656220069434, "기준길이_m": 60.0, "조각수": 1, "최대경사_pct": 0.74881893773551589, "B등급": "양호", "기준선_근처": false, "계단": false }, "geometry": { "type": "LineString", "coordinates": [ [ 126.9605383, 37.50764640000002 ], [ 126.9608197, 37.5079266 ] ] } },
{ "type": "Feature", "properties": { "학교": "중앙대", "u": "5106672539", "v": "436883256", "key": 0, "highway": "footway", "name": null, "length_m": 51.054926600875191, "기준길이_m": 60.0, "조각수": 1, "최대경사_pct": 1.3231436192736368, "B등급": "양호", "기준선_근처": true, "계단": false }, "geometry": { "type": "LineString", "coordinates": [ [ 126.9612307, 37.5082316 ], [ 126.9609412, 37.5080884 ], [ 126.9608197, 37.5079266 ] ] } },
{ "type": "Feature", "properties": { "학교": "중앙대", "u": "436883256", "v": "2829530659", "key": 0, "highway": "tertiary", "name": "흑석로", "length_m": 43.372761517707275, "기준길이_m": 60.0, "조각수": 1, "최대경사_pct": 0.13044295335555844, "B등급": "양호", "기준선_근처": false, "계단": false }, "geometry": { "type": "LineString", "coordinates": [ [ 126.9614534, 37.5085798 ], [ 126.9613654, 37.5084419 ], [ 126.9612307, 37.5082316 ] ] } },
{ "type": "Feature", "properties": { "학교": "중앙대", "u": "2829530659", "v": "2829530656", "key": 0, "highway": "tertiary", "name": "흑석로", "length_m": 40.739752422104345, "기준길이_m": 60.0, "조각수": 1, "최대경사_pct": 0.2360616419555939, "B등급": "양호", "기준선_근처": false, "계단": false }, "geometry": { "type": "LineString", "coordinates": [ [ 126.9616846, 37.508897 ], [ 126.961610400000012, 37.508808 ], [ 126.9614534, 37.5085798 ] ] } },
{ "type": "Feature", "properties": { "학교": "중앙대", "u": "2829530659", "v": "4613247248", "key": 0, "highway": "service", "name": "흑석로13길", "length_m": 21.842206024883644, "기준길이_m": 60.0, "조각수": 1, "최대경사_pct": 3.1865717197926844, "B등급": "양호", "기준선_근처": true, "계단": false }, "geometry": { "type": "LineString", "coordinates": [ [ 126.9613172, 37.508721100000017 ], [ 126.9613378, 37.5086313 ], [ 126.9614534, 37.5085798 ] ] } },
{ "type": "Feature", "properties": { "학교": "중앙대", "u": "7775271115", "v": "2829530656", "key": 0, "highway": "tertiary", "name": "흑석로", "length_m": 120.12326459497493, "기준길이_m": 60.061632297487463, "조각수": 2, "최대경사_pct": 2.4418621503954472, "B등급": "양호", "기준선_근처": true, "계단": false }, "geometry": { "type": "LineString", "coordinates": [ [ 126.9616846, 37.508897 ], [ 126.96173610000001, 37.5089249 ], [ 126.9623483, 37.5092926 ], [ 126.962778699999987, 37.5095385 ] ] } },
{ "type": "Feature", "properties": { "학교": "중앙대", "u": "4613249918", "v": "8757719544", "key": 0, "highway": "footway", "name": null, "length_m": 196.36779734949391, "기준길이_m": 65.455932449831309, "조각수": 3, "최대경사_pct": 11.46753611679827, "B등급": "위험", "기준선_근처": true, "계단": false }, "geometry": { "type": "LineString", "coordinates": [ [ 126.9534856, 37.5106765 ], [ 126.953703, 37.5111019 ], [ 126.953900300000015, 37.5115465 ], [ 126.954090599999986, 37.5118789 ], [ 126.954244700000018, 37.512116 ], [ 126.9543334, 37.5121956 ], [ 126.95441910000001, 37.5122682 ] ] } },
{ "type": "Feature", "properties": { "학교": "중앙대", "u": "2829530351", "v": "1831853301", "key": 0, "highway": "primary", "name": "양녕로", "length_m": 788.65325059684983, "기준길이_m": 60.665634661296139, "조각수": 13, "최대경사_pct": 31.291271870864534, "B등급": "위험", "기준선_근처": false, "계단": false }, "geometry": { "type": "LineString", "coordinates": [ [ 126.950465, 37.505297 ], [ 126.950916, 37.506088399999989 ], [ 126.953324, 37.5107716 ], [ 126.95372620000002, 37.5116269 ], [ 126.9538699, 37.5118631 ] ] } },
{ "type": "Feature", "properties": { "학교": "중앙대", "u": "2829530351", "v": "2829530357", "key": 0, "highway": "residential", "name": "노량진로24길", "length_m": 143.69922833043455, "기준길이_m": 71.849614165217275, "조각수": 2, "최대경사_pct": 11.659572737425208, "B등급": "위험", "기준선_근처": true, "계단": false }, "geometry": { "type": "LineString", "coordinates": [ [ 126.9533958, 37.5106437 ], [ 126.953465, 37.5107308 ], [ 126.9535056, 37.5108598 ], [ 126.9536357, 37.5111436 ], [ 126.9537414, 37.511379 ], [ 126.9538878, 37.5116789 ], [ 126.9538699, 37.5118631 ] ] } },
{ "type": "Feature", "properties": { "학교": "중앙대", "u": "1831853297", "v": "4644112576", "key": 0, "highway": "residential", "name": "매봉로", "length_m": 3.8998308276993492, "기준길이_m": 60.0, "조각수": 1, "최대경사_pct": 14.104284169516237, "B등급": "위험", "기준선_근처": false, "계단": false }, "geometry": { "type": "LineString", "coordinates": [ [ 126.949717400000011, 37.5048292 ], [ 126.949711300000018, 37.5047944 ] ] } },
{ "type": "Feature", "properties": { "학교": "중앙대", "u": "1831853297", "v": "4621496740", "key": 0, "highway": "service", "name": "상도로", "length_m": 86.916034356560402, "기준길이_m": 86.916034356560402, "조각수": 1, "최대경사_pct": 5.6602875265007491, "B등급": "주의", "기준선_근처": true, "계단": false }, "geometry": { "type": "LineString", "coordinates": [ [ 126.9488877, 37.5043703 ], [ 126.949543300000016, 37.5047329 ], [ 126.949711300000018, 37.5047944 ] ] } },
{ "type": "Feature", "properties": { "학교": "중앙대", "u": "4644112576", "v": "1831853312", "key": 0, "highway": "residential", "name": "매봉로", "length_m": 20.587189433903323, "기준길이_m": 60.0, "조각수": 1, "최대경사_pct": 15.200724081781209, "B등급": "위험", "기준선_근처": false, "계단": false }, "geometry": { "type": "LineString", "coordinates": [ [ 126.9497761, 37.5050087 ], [ 126.949717400000011, 37.5048292 ] ] } },
{ "type": "Feature", "properties": { "학교": "중앙대", "u": "4621496740", "v": "10265961154", "key": 0, "highway": "service", "name": "상도로", "length_m": 107.47719281043913, "기준길이_m": 107.47719281043913, "조각수": 1, "최대경사_pct": 2.1241340628148988, "B등급": "양호", "기준선_근처": true, "계단": false }, "geometry": { "type": "LineString", "coordinates": [ [ 126.9478883, 37.5038191 ], [ 126.9488877, 37.5043703 ] ] } },
{ "type": "Feature", "properties": { "학교": "중앙대", "u": "4621496740", "v": "4621496741", "key": 0, "highway": "service", "name": null, "length_m": 27.299004616756214, "기준길이_m": 60.0, "조각수": 1, "최대경사_pct": 10.029615268345122, "B등급": "위험", "기준선_근처": true, "계단": false }, "geometry": { "type": "LineString", "coordinates": [ [ 126.948714100000018, 37.5045737 ], [ 126.9488877, 37.5043703 ] ] } },
{ "type": "Feature", "properties": { "학교": "중앙대", "u": "10239817464", "v": "2825701323", "key": 0, "highway": "tertiary", "name": "흑석로", "length_m": 39.373794324416366, "기준길이_m": 60.0, "조각수": 1, "최대경사_pct": 8.3005962271729565, "B등급": "주의", "기준선_근처": true, "계단": false }, "geometry": { "type": "LineString", "coordinates": [ [ 126.9502567, 37.50457 ], [ 126.9499845, 37.5044138 ], [ 126.949881499999989, 37.5043834 ] ] } },
{ "type": "Feature", "properties": { "학교": "중앙대", "u": "1831853303", "v": "2824550239", "key": 0, "highway": "service", "name": "강남초등2길", "length_m": 105.21723089473528, "기준길이_m": 105.21723089473528, "조각수": 1, "최대경사_pct": 4.4391789388362533, "B등급": "양호", "기준선_근처": true, "계단": false }, "geometry": { "type": "LineString", "coordinates": [ [ 126.9520962, 37.506498699999987 ], [ 126.9514211, 37.5064155 ], [ 126.951253200000011, 37.50635230000001 ], [ 126.951050400000014, 37.506153900000022 ] ] } },
{ "type": "Feature", "properties": { "학교": "중앙대", "u": "2824550239", "v": "4621488498", "key": 0, "highway": "residential", "name": "강남초등길", "length_m": 86.007948877346365, "기준길이_m": 86.007948877346365, "조각수": 1, "최대경사_pct": 7.9985564481656084, "B등급": "주의", "기준선_근처": true, "계단": false }, "geometry": { "type": "LineString", "coordinates": [ [ 126.9522467, 37.5057331 ], [ 126.9521762, 37.5060831 ], [ 126.9520962, 37.506498699999987 ] ] } },
{ "type": "Feature", "properties": { "학교": "중앙대", "u": "2824550239", "v": "2824550237", "key": 0, "highway": "residential", "name": "강남초등길", "length_m": 48.685450143473972, "기준길이_m": 60.0, "조각수": 1, "최대경사_pct": 2.2064479341965417, "B등급": "양호", "기준선_근처": true, "계단": false }, "geometry": { "type": "LineString", "coordinates": [ [ 126.9520257, 37.5069336 ], [ 126.952055700000017, 37.5067043 ], [ 126.9520962, 37.506498699999987 ] ] } },
{ "type": "Feature", "properties": { "학교": "중앙대", "u": "1831853312", "v": "14136808385", "key": 0, "highway": "service", "name": null, "length_m": 50.097213472493181, "기준길이_m": 60.0, "조각수": 1, "최대경사_pct": 5.0415166469810542, "B등급": "양호", "기준선_근처": true, "계단": false }, "geometry": { "type": "LineString", "coordinates": [ [ 126.949257, 37.5051863 ], [ 126.9493821, 37.5051309 ], [ 126.949631599999989, 37.5050439 ], [ 126.9497761, 37.5050087 ] ] } },
{ "type": "Feature", "properties": { "학교": "중앙대", "u": "14136808385", "v": "14136808384", "key": 0, "highway": "service", "name": null, "length_m": 78.720272132920741, "기준길이_m": 78.720272132920741, "조각수": 1, "최대경사_pct": 8.7178031567124439, "B등급": "위험", "기준선_근처": true, "계단": false }, "geometry": { "type": "LineString", "coordinates": [ [ 126.9492641, 37.5055597 ], [ 126.949045, 37.5054618 ], [ 126.9490075, 37.5054557 ], [ 126.948958300000015, 37.5054583 ], [ 126.948926299999982, 37.5054467 ], [ 126.948910600000019, 37.5054201 ], [ 126.9489159, 37.5053716 ], [ 126.9489525, 37.5053318 ], [ 126.949006600000018, 37.505301 ], [ 126.949046200000012, 37.5052742 ], [ 126.949185400000019, 37.505218 ], [ 126.949257, 37.5051863 ] ] } },
{ "type": "Feature", "properties": { "학교": "중앙대", "u": "14136808385", "v": "14136808395", "key": 0, "highway": "service", "name": null, "length_m": 50.767901519063386, "기준길이_m": 60.0, "조각수": 1, "최대경사_pct": 0.0, "B등급": "양호", "기준선_근처": false, "계단": false }, "geometry": { "type": "LineString", "coordinates": [ [ 126.9497357, 37.5052848 ], [ 126.9495636, 37.5052042 ], [ 126.9495318, 37.5051956 ], [ 126.9494925, 37.5051983 ], [ 126.9494654, 37.505216 ], [ 126.949434200000013, 37.5052424 ], [ 126.94940720000001, 37.5052523 ], [ 126.9493686, 37.5052569 ], [ 126.949328800000018, 37.5052508 ], [ 126.9492961, 37.5052366 ], [ 126.9492696, 37.5052061 ], [ 126.949257, 37.5051863 ] ] } },
{ "type": "Feature", "properties": { "학교": "중앙대", "u": "2825701323", "v": "2829147721", "key": 0, "highway": "residential", "name": "상도로41가길", "length_m": 48.707140470275561, "기준길이_m": 60.0, "조각수": 1, "최대경사_pct": 0.64319875854980779, "B등급": "양호", "기준선_근처": false, "계단": false }, "geometry": { "type": "LineString", "coordinates": [ [ 126.95030340000001, 37.5041398 ], [ 126.9503107, 37.504412 ], [ 126.9503032, 37.504492200000016 ], [ 126.9502567, 37.50457 ] ] } },
{ "type": "Feature", "properties": { "학교": "중앙대", "u": "4621488493", "v": "4621488501", "key": 0, "highway": "service", "name": "강남초등6길", "length_m": 67.95966873366983, "기준길이_m": 67.95966873366983, "조각수": 1, "최대경사_pct": 1.5174985495681961, "B등급": "양호", "기준선_근처": true, "계단": false }, "geometry": { "type": "LineString", "coordinates": [ [ 126.9514481, 37.5054243 ], [ 126.9510144, 37.505398900000017 ], [ 126.9508555, 37.5054316 ], [ 126.9507087, 37.5054993 ] ] } },
{ "type": "Feature", "properties": { "학교": "중앙대", "u": "4621488500", "v": "4621488498", "key": 0, "highway": "service", "name": "강남초등4길", "length_m": 73.904017928926848, "기준길이_m": 73.904017928926848, "조각수": 1, "최대경사_pct": 4.4173571074117124, "B등급": "양호", "기준선_근처": true, "계단": false }, "geometry": { "type": "LineString", "coordinates": [ [ 126.9522467, 37.5057331 ], [ 126.9514195, 37.5056376 ] ] } },
{ "type": "Feature", "properties": { "학교": "중앙대", "u": "2288832799", "v": "7775271107", "key": 0, "highway": "tertiary", "name": "흑석로", "length_m": 34.920069799446331, "기준길이_m": 60.0, "조각수": 1, "최대경사_pct": 1.1989877322235376, "B등급": "양호", "기준선_근처": true, "계단": false }, "geometry": { "type": "LineString", "coordinates": [ [ 126.9611611, 37.507686 ], [ 126.9615342, 37.5075828 ] ] } },
{ "type": "Feature", "properties": { "학교": "중앙대", "u": "2288832799", "v": "2288832804", "key": 0, "highway": "tertiary", "name": "흑석로", "length_m": 31.669846520974065, "기준길이_m": 60.0, "조각수": 1, "최대경사_pct": 1.5404729723656629, "B등급": "양호", "기준선_근처": true, "계단": false }, "geometry": { "type": "LineString", "coordinates": [ [ 126.961826699999989, 37.50741810000001 ], [ 126.9615342, 37.5075828 ] ] } },
{ "type": "Feature", "properties": { "학교": "중앙대", "u": "2288832804", "v": "4612938749", "key": 0, "highway": "tertiary", "name": "서달로", "length_m": 93.699135098464893, "기준길이_m": 93.699135098464893, "조각수": 1, "최대경사_pct": 1.4362889187611922, "B등급": "양호", "기준선_근처": true, "계단": false }, "geometry": { "type": "LineString", "coordinates": [ [ 126.9626972, 37.5078977 ], [ 126.9626315, 37.5078658 ], [ 126.962218800000016, 37.5076599 ], [ 126.961826699999989, 37.50741810000001 ] ] } },
{ "type": "Feature", "properties": { "학교": "중앙대", "u": "2288832804", "v": "2824759219", "key": 0, "highway": "tertiary", "name": "서달로", "length_m": 40.216924684500825, "기준길이_m": 60.0, "조각수": 1, "최대경사_pct": 1.0426080652205449, "B등급": "양호", "기준선_근처": true, "계단": false }, "geometry": { "type": "LineString", "coordinates": [ [ 126.961729799999986, 37.5070642 ], [ 126.961782899999989, 37.507280800000025 ], [ 126.961826699999989, 37.50741810000001 ] ] } },
{ "type": "Feature", "properties": { "학교": "중앙대", "u": "4612938749", "v": "4613243605", "key": 0, "highway": "service", "name": "서달로13길", "length_m": 30.900881398906957, "기준길이_m": 60.0, "조각수": 1, "최대경사_pct": 0.73251279982089912, "B등급": "양호", "기준선_근처": false, "계단": false }, "geometry": { "type": "LineString", "coordinates": [ [ 126.9623785, 37.5080088 ], [ 126.9624739, 37.5079784 ], [ 126.9625817, 37.5079274 ], [ 126.9626972, 37.5078977 ] ] } },
{ "type": "Feature", "properties": { "학교": "중앙대", "u": "3888649121", "v": "4612845666", "key": 0, "highway": "residential", "name": "서달로14길", "length_m": 81.441270359735654, "기준길이_m": 81.441270359735654, "조각수": 1, "최대경사_pct": 4.445224026420596, "B등급": "양호", "기준선_근처": true, "계단": false }, "geometry": { "type": "LineString", "coordinates": [ [ 126.964032499999988, 37.5079425 ], [ 126.9637186, 37.5080317 ], [ 126.963438499999981, 37.5079712 ], [ 126.9632871, 37.5080294 ], [ 126.963176499999989, 37.5080831 ] ] } },
{ "type": "Feature", "properties": { "학교": "중앙대", "u": "3888649121", "v": "4612845662", "key": 0, "highway": "residential", "name": "서달로14가길", "length_m": 140.52970023859211, "기준길이_m": 70.264850119296057, "조각수": 2, "최대경사_pct": 2.1372639211857813, "B등급": "양호", "기준선_근처": true, "계단": false }, "geometry": { "type": "LineString", "coordinates": [ [ 126.962625099999983, 37.5068957 ], [ 126.962705700000015, 37.5070542 ], [ 126.9629157, 37.5074995 ], [ 126.963176499999989, 37.5080831 ] ] } },
{ "type": "Feature", "properties": { "학교": "중앙대", "u": "4612938745", "v": "2829530656", "key": 0, "highway": "residential", "name": "서달로15길", "length_m": 24.752292187998329, "기준길이_m": 60.0, "조각수": 1, "최대경사_pct": 1.4596258056940168, "B등급": "양호", "기준선_근처": true, "계단": false }, "geometry": { "type": "LineString", "coordinates": [ [ 126.9616846, 37.508897 ], [ 126.961892, 37.5087472 ] ] } },
{ "type": "Feature", "properties": { "학교": "중앙대", "u": "4612938745", "v": "4613243610", "key": 0, "highway": "service", "name": "서달로13길", "length_m": 63.245803679452457, "기준길이_m": 63.245803679452457, "조각수": 1, "최대경사_pct": 1.0307784917577913, "B등급": "양호", "기준선_근처": true, "계단": false }, "geometry": { "type": "LineString", "coordinates": [ [ 126.962205, 37.5082348 ], [ 126.961892, 37.5087472 ] ] } },
{ "type": "Feature", "properties": { "학교": "중앙대", "u": "2824759219", "v": "10107993115", "key": 0, "highway": "tertiary", "name": "서달로", "length_m": 28.763001745762011, "기준길이_m": 60.0, "조각수": 1, "최대경사_pct": 0.37673607987472657, "B등급": "양호", "기준선_근처": false, "계단": false }, "geometry": { "type": "LineString", "coordinates": [ [ 126.9616628, 37.5068106 ], [ 126.961729799999986, 37.5070642 ] ] } },
{ "type": "Feature", "properties": { "학교": "중앙대", "u": "2824759219", "v": "4612845662", "key": 0, "highway": "residential", "name": "서달로12길", "length_m": 81.339021631406396, "기준길이_m": 81.339021631406396, "조각수": 1, "최대경사_pct": 1.1482158047298696, "B등급": "양호", "기준선_근처": true, "계단": false }, "geometry": { "type": "LineString", "coordinates": [ [ 126.962625099999983, 37.5068957 ], [ 126.961729799999986, 37.5070642 ] ] } },
{ "type": "Feature", "properties": { "학교": "중앙대", "u": "13363604110", "v": "2829530328", "key": 0, "highway": "residential", "name": "만양로4길", "length_m": 98.678405433309763, "기준길이_m": 98.678405433309763, "조각수": 1, "최대경사_pct": 0.86074787044341361, "B등급": "양호", "기준선_근처": false, "계단": false }, "geometry": { "type": "LineString", "coordinates": [ [ 126.951525300000014, 37.5080832 ], [ 126.950885, 37.5079902 ], [ 126.950488, 37.5080881 ], [ 126.950442899999985, 37.5081046 ] ] } },
{ "type": "Feature", "properties": { "학교": "중앙대", "u": "13363604110", "v": "13363593899", "key": 0, "highway": "service", "name": null, "length_m": 62.483770876013551, "기준길이_m": 62.483770876013551, "조각수": 1, "최대경사_pct": 0.13299152711413509, "B등급": "양호", "기준선_근처": false, "계단": false }, "geometry": { "type": "LineString", "coordinates": [ [ 126.9501654, 37.5075873 ], [ 126.9502387, 37.5077035 ], [ 126.9502894, 37.5077926 ], [ 126.950442899999985, 37.5081046 ] ] } },
{ "type": "Feature", "properties": { "학교": "중앙대", "u": "2824550219", "v": "2824550237", "key": 0, "highway": "service", "name": null, "length_m": 44.634401375555235, "기준길이_m": 60.0, "조각수": 1, "최대경사_pct": 6.3123028587942773, "B등급": "주의", "기준선_근처": true, "계단": false }, "geometry": { "type": "LineString", "coordinates": [ [ 126.9520257, 37.5069336 ], [ 126.951869800000011, 37.5068995 ], [ 126.951740700000016, 37.5068873 ], [ 126.9517141, 37.5068848 ], [ 126.951596, 37.5068768 ], [ 126.9515282, 37.5068784 ] ] } },
{ "type": "Feature", "properties": { "학교": "중앙대", "u": "2824550220", "v": "2824550236", "key": 0, "highway": "residential", "name": "강남초등길", "length_m": 17.824945615407064, "기준길이_m": 60.0, "조각수": 1, "최대경사_pct": 6.0372131256554225, "B등급": "주의", "기준선_근처": true, "계단": false }, "geometry": { "type": "LineString", "coordinates": [ [ 126.951914700000017, 37.5071924 ], [ 126.951799500000021, 37.5073242 ] ] } },
{ "type": "Feature", "properties": { "학교": "중앙대", "u": "2824550220", "v": "4621493611", "key": 0, "highway": "tertiary", "name": "매봉로", "length_m": 55.403246598565815, "기준길이_m": 60.0, "조각수": 1, "최대경사_pct": 0.20367034375110413, "B등급": "양호", "기준선_근처": false, "계단": false }, "geometry": { "type": "LineString", "coordinates": [ [ 126.9516061, 37.5077983 ], [ 126.9517224, 37.5075553 ], [ 126.951799500000021, 37.5073242 ] ] } },
{ "type": "Feature", "properties": { "학교": "중앙대", "u": "2824550237", "v": "2824550236", "key": 0, "highway": "residential", "name": "강남초등길", "length_m": 30.353898678887134, "기준길이_m": 60.0, "조각수": 1, "최대경사_pct": 8.4125095917233725, "B등급": "위험", "기준선_근처": true, "계단": false }, "geometry": { "type": "LineString", "coordinates": [ [ 126.951914700000017, 37.5071924 ], [ 126.9520257, 37.5069336 ] ] } },
{ "type": "Feature", "properties": { "학교": "중앙대", "u": "2824550236", "v": "8483283650", "key": 0, "highway": "service", "name": "매봉로2길", "length_m": 29.04574931647668, "기준길이_m": 60.0, "조각수": 1, "최대경사_pct": 7.5325676899497527, "B등급": "주의", "기준선_근처": true, "계단": false }, "geometry": { "type": "LineString", "coordinates": [ [ 126.9522341, 37.5072536 ], [ 126.951914700000017, 37.5071924 ] ] } },
{ "type": "Feature", "properties": { "학교": "중앙대", "u": "4621493611", "v": "10239817443", "key": 0, "highway": "tertiary", "name": "매봉로", "length_m": 5.1146790754696019, "기준길이_m": 60.0, "조각수": 1, "최대경사_pct": 1.6473708040663126, "B등급": "양호", "기준선_근처": true, "계단": false }, "geometry": { "type": "LineString", "coordinates": [ [ 126.9515863, 37.5078416 ], [ 126.9516061, 37.5077983 ] ] } },
{ "type": "Feature", "properties": { "학교": "중앙대", "u": "4621493611", "v": "4621493613", "key": 0, "highway": "service", "name": "매봉로4길", "length_m": 63.599563031234311, "기준길이_m": 63.599563031234311, "조각수": 1, "최대경사_pct": 7.6995493854058576, "B등급": "주의", "기준선_근처": true, "계단": false }, "geometry": { "type": "LineString", "coordinates": [ [ 126.9523187, 37.5078764 ], [ 126.9518049, 37.5078213 ], [ 126.9516061, 37.5077983 ] ] } },
{ "type": "Feature", "properties": { "학교": "중앙대", "u": "8483283650", "v": "8483284778", "key": 0, "highway": "service", "name": null, "length_m": 47.623094964647535, "기준길이_m": 60.0, "조각수": 1, "최대경사_pct": 8.1332949673235309, "B등급": "주의", "기준선_근처": true, "계단": false }, "geometry": { "type": "LineString", "coordinates": [ [ 126.952292, 37.5076802 ], [ 126.9522341, 37.5072536 ] ] } },
{ "type": "Feature", "properties": { "학교": "중앙대", "u": "8483283650", "v": "4621493642", "key": 0, "highway": "service", "name": "매봉로2길", "length_m": 90.798569018397586, "기준길이_m": 90.798569018397586, "조각수": 1, "최대경사_pct": 2.386745001136354, "B등급": "양호", "기준선_근처": true, "계단": false }, "geometry": { "type": "LineString", "coordinates": [ [ 126.95325050000001, 37.5073555 ], [ 126.9524021, 37.5072921 ], [ 126.9522341, 37.5072536 ] ] } },
{ "type": "Feature", "properties": { "학교": "중앙대", "u": "4621488498", "v": "4621488496", "key": 0, "highway": "residential", "name": "강남초등길", "length_m": 25.970226572087448, "기준길이_m": 60.0, "조각수": 1, "최대경사_pct": 6.3032706024531509, "B등급": "주의", "기준선_근처": true, "계단": false }, "geometry": { "type": "LineString", "coordinates": [ [ 126.9522638, 37.5055003 ], [ 126.9522678, 37.50561050000001 ], [ 126.9522467, 37.5057331 ] ] } },
{ "type": "Feature", "properties": { "학교": "중앙대", "u": "2824550249", "v": "4621475854", "key": 0, "highway": "residential", "name": "상도로47길", "length_m": 13.303162224245675, "기준길이_m": 60.0, "조각수": 1, "최대경사_pct": 5.7430258217670032, "B등급": "주의", "기준선_근처": true, "계단": false }, "geometry": { "type": "LineString", "coordinates": [ [ 126.951887400000018, 37.50293940000001 ], [ 126.951900600000016, 37.50282 ] ] } },
{ "type": "Feature", "properties": { "학교": "중앙대", "u": "2824550249", "v": "2825701329", "key": 0, "highway": "residential", "name": "상도로41길", "length_m": 36.681265214276031, "기준길이_m": 60.0, "조각수": 1, "최대경사_pct": 0.72979724844024929, "B등급": "양호", "기준선_근처": false, "계단": false }, "geometry": { "type": "LineString", "coordinates": [ [ 126.951632700000019, 37.5025727 ], [ 126.9517272, 37.5026256 ], [ 126.951900600000016, 37.50282 ] ] } },
{ "type": "Feature", "properties": { "학교": "중앙대", "u": "2824550249", "v": "4621475847", "key": 0, "highway": "residential", "name": "상도로47길", "length_m": 26.630107393941049, "기준길이_m": 60.0, "조각수": 1, "최대경사_pct": 1.237362326907423, "B등급": "양호", "기준선_근처": true, "계단": false }, "geometry": { "type": "LineString", "coordinates": [ [ 126.9519375, 37.5025821 ], [ 126.951926700000016, 37.5026944 ], [ 126.951900600000016, 37.50282 ] ] } },
{ "type": "Feature", "properties": { "학교": "중앙대", "u": "4621475854", "v": "2825701337", "key": 0, "highway": "residential", "name": "상도로47길", "length_m": 38.059989574224801, "기준길이_m": 60.0, "조각수": 1, "최대경사_pct": 8.5516546816870918, "B등급": "위험", "기준선_근처": true, "계단": false }, "geometry": { "type": "LineString", "coordinates": [ [ 126.9518526, 37.5032812 ], [ 126.951887400000018, 37.50293940000001 ] ] } },
{ "type": "Feature", "properties": { "학교": "중앙대", "u": "2825701329", "v": "8483442364", "key": 0, "highway": "residential", "name": "상도로41길", "length_m": 51.783858916136218, "기준길이_m": 60.0, "조각수": 1, "최대경사_pct": 0.0, "B등급": "양호", "기준선_근처": false, "계단": false }, "geometry": { "type": "LineString", "coordinates": [ [ 126.9511068, 37.5023674 ], [ 126.951632700000019, 37.5025727 ] ] } },
{ "type": "Feature", "properties": { "학교": "중앙대", "u": "2825701329", "v": "4621475847", "key": 0, "highway": "residential", "name": "상도로41길", "length_m": 26.971340084561767, "기준길이_m": 60.0, "조각수": 1, "최대경사_pct": 0.38573549015971764, "B등급": "양호", "기준선_근처": false, "계단": false }, "geometry": { "type": "LineString", "coordinates": [ [ 126.9519375, 37.5025821 ], [ 126.951632700000019, 37.5025727 ] ] } },
{ "type": "Feature", "properties": { "학교": "중앙대", "u": "2824550253", "v": "2825701327", "key": 0, "highway": "residential", "name": "상도로47길", "length_m": 24.105913593335682, "기준길이_m": 60.0, "조각수": 1, "최대경사_pct": 0.95873159327214341, "B등급": "양호", "기준선_근처": true, "계단": false }, "geometry": { "type": "LineString", "coordinates": [ [ 126.9522611, 37.5011823 ], [ 126.95231050000001, 37.5009687 ] ] } },
{ "type": "Feature", "properties": { "학교": "중앙대", "u": "2824550253", "v": "2825731308", "key": 0, "highway": "residential", "name": "상도로47길", "length_m": 69.200794467214934, "기준길이_m": 69.200794467214934, "조각수": 1, "최대경사_pct": 0.23843916829311448, "B등급": "양호", "기준선_근처": false, "계단": false }, "geometry": { "type": "LineString", "coordinates": [ [ 126.9520757, 37.5003893 ], [ 126.952159600000016, 37.500482 ], [ 126.952291, 37.5007197 ], [ 126.95231050000001, 37.5009687 ] ] } },
{ "type": "Feature", "properties": { "학교": "중앙대", "u": "2825701327", "v": "2825731327", "key": 0, "highway": "service", "name": "상도로45길", "length_m": 78.772242690924585, "기준길이_m": 78.772242690924585, "조각수": 1, "최대경사_pct": 1.423906774586869, "B등급": "양호", "기준선_근처": true, "계단": false }, "geometry": { "type": "LineString", "coordinates": [ [ 126.9515342, 37.500772 ], [ 126.9522611, 37.5011823 ] ] } },
{ "type": "Feature", "properties": { "학교": "중앙대", "u": "2825701327", "v": "2825701322", "key": 0, "highway": "service", "name": "상도로45길", "length_m": 93.678013806863504, "기준길이_m": 93.678013806863504, "조각수": 1, "최대경사_pct": 8.8540583509451594, "B등급": "위험", "기준선_근처": true, "계단": false }, "geometry": { "type": "LineString", "coordinates": [ [ 126.9531303, 37.5016648 ], [ 126.953059700000011, 37.50162310000001 ], [ 126.9522611, 37.5011823 ] ] } },
{ "type": "Feature", "properties": { "학교": "중앙대", "u": "2825701327", "v": "4621475838", "key": 0, "highway": "residential", "name": "상도로47길", "length_m": 60.768669718394605, "기준길이_m": 60.768669718394605, "조각수": 1, "최대경사_pct": 9.459088296242756, "B등급": "위험", "기준선_근처": true, "계단": false }, "geometry": { "type": "LineString", "coordinates": [ [ 126.9521154, 37.5017173 ], [ 126.952169500000011, 37.50153959999998 ], [ 126.9522611, 37.5011823 ] ] } },
{ "type": "Feature", "properties": { "학교": "중앙대", "u": "2825731331", "v": "2825701322", "key": 0, "highway": "service", "name": "상도로47다길", "length_m": 78.121957610760148, "기준길이_m": 78.121957610760148, "조각수": 1, "최대경사_pct": 3.2591910868864149, "B등급": "양호", "기준선_근처": true, "계단": false }, "geometry": { "type": "LineString", "coordinates": [ [ 126.9531303, 37.5016648 ], [ 126.9531126, 37.5014276 ], [ 126.95311, 37.501334 ], [ 126.953061700000021, 37.501234 ], [ 126.9529571, 37.501136099999989 ], [ 126.9528401, 37.5010358 ] ] } },
{ "type": "Feature", "properties": { "학교": "중앙대", "u": "2825731308", "v": "2825731327", "key": 0, "highway": "service", "name": "상도로47길", "length_m": 65.868324083232835, "기준길이_m": 65.868324083232835, "조각수": 1, "최대경사_pct": 2.7768605269066873, "B등급": "양호", "기준선_근처": true, "계단": false }, "geometry": { "type": "LineString", "coordinates": [ [ 126.9515342, 37.500772 ], [ 126.9518615, 37.500464 ], [ 126.951939700000011, 37.5004169 ], [ 126.9520757, 37.5003893 ] ] } },
{ "type": "Feature", "properties": { "학교": "중앙대", "u": "2825731308", "v": "2825730230", "key": 0, "highway": "residential", "name": "상도로47길", "length_m": 50.435424742920759, "기준길이_m": 60.0, "조각수": 1, "최대경사_pct": 3.5650134739087376, "B등급": "양호", "기준선_근처": true, "계단": false }, "geometry": { "type": "LineString", "coordinates": [ [ 126.9517475, 37.5000179 ], [ 126.9518026, 37.5000896 ], [ 126.9520757, 37.5003893 ] ] } },
{ "type": "Feature", "properties": { "학교": "중앙대", "u": "2824550259", "v": "2825706570", "key": 0, "highway": "residential", "name": "상도로47길", "length_m": 48.137994893205942, "기준길이_m": 60.0, "조각수": 1, "최대경사_pct": 4.6446533814553463, "B등급": "양호", "기준선_근처": true, "계단": false }, "geometry": { "type": "LineString", "coordinates": [ [ 126.9514313, 37.499698700000025 ], [ 126.951339, 37.4996347 ], [ 126.9509839, 37.499453 ] ] } },
{ "type": "Feature", "properties": { "학교": "중앙대", "u": "2825706570", "v": "2825730230", "key": 0, "highway": "residential", "name": "상도로47길", "length_m": 45.199767503761926, "기준길이_m": 60.0, "조각수": 1, "최대경사_pct": 5.6521042496055189, "B등급": "주의", "기준선_근처": true, "계단": false }, "geometry": { "type": "LineString", "coordinates": [ [ 126.9517475, 37.5000179 ], [ 126.951477, 37.499733 ], [ 126.9514313, 37.499698700000025 ] ] } },
{ "type": "Feature", "properties": { "학교": "중앙대", "u": "2824550315", "v": "4621460692", "key": 0, "highway": "tertiary", "name": "상도로53길", "length_m": 129.31471518316661, "기준길이_m": 64.657357591583306, "조각수": 2, "최대경사_pct": 9.1028502709367416, "B등급": "위험", "기준선_근처": true, "계단": false }, "geometry": { "type": "LineString", "coordinates": [ [ 126.9530801, 37.4985726 ], [ 126.9530528, 37.498614 ], [ 126.9530109, 37.498749099999976 ], [ 126.9530339, 37.4988981 ], [ 126.9531324, 37.4990472 ], [ 126.9535245, 37.4994514 ], [ 126.953619500000016, 37.4995806 ] ] } },
{ "type": "Feature", "properties": { "학교": "중앙대", "u": "2824550315", "v": "4621466918", "key": 0, "highway": "tertiary", "name": "상도로53길", "length_m": 95.350518351209701, "기준길이_m": 95.350518351209701, "조각수": 1, "최대경사_pct": 6.8529998928647435, "B등급": "주의", "기준선_근처": true, "계단": false }, "geometry": { "type": "LineString", "coordinates": [ [ 126.9537611, 37.5004244 ], [ 126.9537816, 37.50017170000001 ], [ 126.953672800000021, 37.4997122 ], [ 126.953619500000016, 37.4995806 ] ] } },
{ "type": "Feature", "properties": { "학교": "중앙대", "u": "2824550315", "v": "6963036771", "key": 0, "highway": "service", "name": "상도로47나길", "length_m": 47.078016692361956, "기준길이_m": 60.0, "조각수": 1, "최대경사_pct": 14.635398677080195, "B등급": "위험", "기준선_근처": false, "계단": false }, "geometry": { "type": "LineString", "coordinates": [ [ 126.953104700000011, 37.499685 ], [ 126.9531552, 37.4996803 ], [ 126.953398400000012, 37.499638700000013 ], [ 126.953619500000016, 37.4995806 ] ] } },
{ "type": "Feature", "properties": { "학교": "중앙대", "u": "4621460692", "v": "2825706556", "key": 0, "highway": "tertiary", "name": "상도로53길", "length_m": 38.541165640515388, "기준길이_m": 60.0, "조각수": 1, "최대경사_pct": 0.51626761721782566, "B등급": "양호", "기준선_근처": false, "계단": false }, "geometry": { "type": "LineString", "coordinates": [ [ 126.9533159, 37.4982813 ], [ 126.9531438, 37.498476 ], [ 126.9530801, 37.4985726 ] ] } },
{ "type": "Feature", "properties": { "학교": "중앙대", "u": "4621466918", "v": "2825731322", "key": 0, "highway": "tertiary", "name": "상도로53길", "length_m": 82.312881112251702, "기준길이_m": 82.312881112251702, "조각수": 1, "최대경사_pct": 5.5127442942020144, "B등급": "양호", "기준선_근처": true, "계단": false }, "geometry": { "type": "LineString", "coordinates": [ [ 126.953631800000011, 37.5011578 ], [ 126.9537153, 37.5008251 ], [ 126.9537611, 37.5004244 ] ] } },
{ "type": "Feature", "properties": { "학교": "중앙대", "u": "4621466918", "v": "2825731332", "key": 0, "highway": "service", "name": "상도로53길", "length_m": 51.959607500234469, "기준길이_m": 60.0, "조각수": 1, "최대경사_pct": 18.933397265534282, "B등급": "위험", "기준선_근처": false, "계단": false }, "geometry": { "type": "LineString", "coordinates": [ [ 126.953176, 37.5003816 ], [ 126.9533161, 37.5003892 ], [ 126.9537611, 37.5004244 ] ] } },
{ "type": "Feature", "properties": { "학교": "중앙대", "u": "2824550318", "v": "2825731322", "key": 0, "highway": "tertiary", "name": "상도로53길", "length_m": 3.4402819778235827, "기준길이_m": 60.0, "조각수": 1, "최대경사_pct": 0.89311226028838087, "B등급": "양호", "기준선_근처": true, "계단": false }, "geometry": { "type": "LineString", "coordinates": [ [ 126.953631800000011, 37.5011578 ], [ 126.9536242, 37.5011882 ] ] } },
{ "type": "Feature", "properties": { "학교": "중앙대", "u": "2824550318", "v": "4621475837", "key": 0, "highway": "tertiary", "name": "상도로53길", "length_m": 56.456149050135672, "기준길이_m": 60.0, "조각수": 1, "최대경사_pct": 3.5973798547664395, "B등급": "양호", "기준선_근처": true, "계단": false }, "geometry": { "type": "LineString", "coordinates": [ [ 126.9535939, 37.5016963 ], [ 126.9536242, 37.5011882 ] ] } },
{ "type": "Feature", "properties": { "학교": "중앙대", "u": "2824550318", "v": "3713180481", "key": 0, "highway": "service", "name": null, "length_m": 504.88653423083616, "기준길이_m": 63.11081677885452, "조각수": 8, "최대경사_pct": 11.3991285176033, "B등급": "위험", "기준선_근처": true, "계단": false }, "geometry": { "type": "LineString", "coordinates": [ [ 126.953354300000015, 37.4981112 ], [ 126.9535105, 37.4980853 ], [ 126.953561600000015, 37.498076800000014 ], [ 126.953736, 37.4980725 ], [ 126.953872799999985, 37.4981364 ], [ 126.954141, 37.4984173 ], [ 126.9543636, 37.498717300000024 ], [ 126.9546077, 37.4990812 ], [ 126.954744500000018, 37.4994749 ], [ 126.954825, 37.4998238 ], [ 126.9548759, 37.5001835 ], [ 126.9546992, 37.5011652 ], [ 126.9546026, 37.501233300000017 ], [ 126.9537658, 37.50120350000001 ], [ 126.9536242, 37.5011882 ] ] } },
{ "type": "Feature", "properties": { "학교": "중앙대", "u": "2825731322", "v": "2825731302", "key": 0, "highway": "service", "name": "상도로53길", "length_m": 61.948244679833934, "기준길이_m": 61.948244679833934, "조각수": 1, "최대경사_pct": 10.360504478125474, "B등급": "위험", "기준선_근처": true, "계단": false }, "geometry": { "type": "LineString", "coordinates": [ [ 126.953014700000011, 37.5008952 ], [ 126.953388499999988, 37.5010379 ], [ 126.953631800000011, 37.5011578 ] ] } },
{ "type": "Feature", "properties": { "학교": "중앙대", "u": "4621475837", "v": "2825701322", "key": 0, "highway": "service", "name": "상도로53길", "length_m": 41.141937562918514, "기준길이_m": 60.0, "조각수": 1, "최대경사_pct": 15.88503640728656, "B등급": "위험", "기준선_근처": false, "계단": false }, "geometry": { "type": "LineString", "coordinates": [ [ 126.9531303, 37.5016648 ], [ 126.9535939, 37.5016963 ] ] } },
{ "type": "Feature", "properties": { "학교": "중앙대", "u": "4621475837", "v": "2824550321", "key": 0, "highway": "tertiary", "name": "상도로53길", "length_m": 107.34619078492247, "기준길이_m": 107.34619078492247, "조각수": 1, "최대경사_pct": 0.43428131479312176, "B등급": "양호", "기준선_근처": false, "계단": false }, "geometry": { "type": "LineString", "coordinates": [ [ 126.953687300000013, 37.5026164 ], [ 126.95356910000001, 37.5025166 ], [ 126.9535134, 37.5023655 ], [ 126.9535303, 37.5021371 ], [ 126.9535939, 37.5016963 ] ] } },
{ "type": "Feature", "properties": { "학교": "중앙대", "u": "3713180481", "v": "2825711099", "key": 0, "highway": "tertiary", "name": "상도로53길", "length_m": 7.5750519064724076, "기준길이_m": 60.0, "조각수": 1, "최대경사_pct": 10.649713955563342, "B등급": "위험", "기준선_근처": true, "계단": false }, "geometry": { "type": "LineString", "coordinates": [ [ 126.953333, 37.498046 ], [ 126.953347099999988, 37.4980683 ], [ 126.953354300000015, 37.4981112 ] ] } },
{ "type": "Feature", "properties": { "학교": "중앙대", "u": "2824550321", "v": "8761605951", "key": 0, "highway": "tertiary", "name": "상도로53길", "length_m": 143.97940423756012, "기준길이_m": 71.989702118780059, "조각수": 2, "최대경사_pct": 6.8245010718209693, "B등급": "주의", "기준선_근처": true, "계단": false }, "geometry": { "type": "LineString", "coordinates": [ [ 126.9545391, 37.503581400000016 ], [ 126.9545709, 37.5035195 ], [ 126.9545938, 37.5034124 ], [ 126.9545899, 37.5033209 ], [ 126.9545455, 37.503216600000023 ], [ 126.9544751, 37.503129799999989 ], [ 126.954383, 37.5030292 ], [ 126.9542767, 37.5029479 ], [ 126.953687300000013, 37.5026164 ] ] } },
{ "type": "Feature", "properties": { "학교": "중앙대", "u": "2824550321", "v": "2825701309", "key": 0, "highway": "service", "name": null, "length_m": 96.380108281621062, "기준길이_m": 96.380108281621062, "조각수": 1, "최대경사_pct": 3.4573375117945844, "B등급": "양호", "기준선_근처": true, "계단": false }, "geometry": { "type": "LineString", "coordinates": [ [ 126.953515, 37.5033661 ], [ 126.953537900000015, 37.5033209 ], [ 126.953540600000011, 37.5032564 ], [ 126.9534664, 37.5032472 ], [ 126.953497700000014, 37.5030301 ], [ 126.9535361, 37.5028854 ], [ 126.9535504, 37.5028322 ], [ 126.9535504, 37.5027443 ], [ 126.953639800000019, 37.5027216 ], [ 126.953687300000013, 37.5026164 ] ] } },
{ "type": "Feature", "properties": { "학교": "중앙대", "u": "8761605951", "v": "2829147711", "key": 0, "highway": "tertiary", "name": "상도로53길", "length_m": 82.325184496619443, "기준길이_m": 82.325184496619443, "조각수": 1, "최대경사_pct": 5.6159482820876097, "B등급": "주의", "기준선_근처": true, "계단": false }, "geometry": { "type": "LineString", "coordinates": [ [ 126.9538375, 37.5040525 ], [ 126.9543815, 37.503753699999983 ], [ 126.9544241, 37.5037234 ], [ 126.9544799, 37.5036685 ], [ 126.9545126, 37.5036262 ], [ 126.9545391, 37.503581400000016 ] ] } },
{ "type": "Feature", "properties": { "학교": "중앙대", "u": "8761605951", "v": "8761605888", "key": 0, "highway": [ "path", "steps" ], "name": "동작충효길", "length_m": 695.83273764708747, "기준길이_m": 63.257521604280676, "조각수": 11, "최대경사_pct": 14.661112059508778, "B등급": "위험", "기준선_근처": false, "계단": true }, "geometry": { "type": "LineString", "coordinates": [ [ 126.957803900000016, 37.4988191 ], [ 126.957782300000019, 37.4988465 ], [ 126.9577548, 37.4988526 ], [ 126.95771160000001, 37.4988623 ], [ 126.957676100000015, 37.4988716 ], [ 126.9576305, 37.4988807 ], [ 126.957499, 37.499003 ], [ 126.957331400000015, 37.4991828 ], [ 126.9571047, 37.4992785 ], [ 126.957069899999979, 37.49930410000001 ], [ 126.9570109, 37.4993339 ], [ 126.9569948, 37.49937 ], [ 126.956815099999986, 37.499436 ], [ 126.9567594, 37.4994733 ], [ 126.956694400000018, 37.4995424 ], [ 126.9566488, 37.4996616 ], [ 126.9565576, 37.4998658 ], [ 126.9564797, 37.5001244 ], [ 126.956465899999984, 37.500253900000018 ], [ 126.9564416, 37.5004599 ], [ 126.956455099999985, 37.500537500000014 ], [ 126.956441200000015, 37.500586399999989 ], [ 126.9564227, 37.5006169 ], [ 126.956388799999985, 37.5006609 ], [ 126.956282500000015, 37.5007673 ], [ 126.9562486, 37.5008137 ], [ 126.9562394, 37.500846700000011 ], [ 126.956234800000018, 37.5009164 ], [ 126.956200900000013, 37.5010337 ], [ 126.95615, 37.5011107 ], [ 126.9560899, 37.5011903 ], [ 126.9560283, 37.5012477 ], [ 126.955928200000017, 37.501338200000021 ], [ 126.955826500000015, 37.5014543 ], [ 126.9556463, 37.50165470000001 ], [ 126.955570800000018, 37.5017134 ], [ 126.955529199999987, 37.5017439 ], [ 126.9555015, 37.501769600000024 ], [ 126.955479900000014, 37.5017965 ], [ 126.9554198, 37.5018808 ], [ 126.955381299999985, 37.5019505 ], [ 126.955312599999985, 37.5020898 ], [ 126.9552599, 37.5023561 ], [ 126.9552424, 37.5024474 ], [ 126.955244100000016, 37.5025309 ], [ 126.9552505, 37.502681100000011 ], [ 126.9552588, 37.502837799999988 ], [ 126.9552581, 37.5029221 ], [ 126.9551949, 37.5031836 ], [ 126.9550994, 37.5034342 ], [ 126.955064, 37.503571 ], [ 126.9550609, 37.5036334 ], [ 126.9550301, 37.5036725 ], [ 126.955013, 37.5036997 ], [ 126.955004799999983, 37.5037127 ], [ 126.954996, 37.5037268 ], [ 126.954906600000015, 37.503747499999989 ], [ 126.9547922, 37.503777 ], [ 126.954726699999981, 37.5037804 ], [ 126.954674600000018, 37.5037725 ], [ 126.954596, 37.503750700000019 ], [ 126.954636, 37.5037302 ], [ 126.95463789999998, 37.5037138 ], [ 126.954633300000012, 37.503687 ], [ 126.95459630000002, 37.503589200000015 ], [ 126.9545391, 37.503581400000016 ] ] } },
{ "type": "Feature", "properties": { "학교": "중앙대", "u": "2825701309", "v": "2829147710", "key": 0, "highway": "service", "name": "상도로47바길", "length_m": 65.995202342481321, "기준길이_m": 65.995202342481321, "조각수": 1, "최대경사_pct": 8.9911008841073929, "B등급": "위험", "기준선_근처": true, "계단": false }, "geometry": { "type": "LineString", "coordinates": [ [ 126.9534945, 37.503754 ], [ 126.953773499999983, 37.503639 ], [ 126.95356289999998, 37.5033934 ], [ 126.953515, 37.5033661 ] ] } },
{ "type": "Feature", "properties": { "학교": "중앙대", "u": "2824550326", "v": "2829147711", "key": 0, "highway": "tertiary", "name": "상도로53길", "length_m": 6.3592731226212544, "기준길이_m": 60.0, "조각수": 1, "최대경사_pct": 1.7293058937325629, "B등급": "양호", "기준선_근처": true, "계단": false }, "geometry": { "type": "LineString", "coordinates": [ [ 126.9538375, 37.5040525 ], [ 126.953786500000021, 37.5040929 ] ] } },
{ "type": "Feature", "properties": { "학교": "중앙대", "u": "2824550326", "v": "2829147720", "key": 0, "highway": "tertiary", "name": "상도로53길", "length_m": 83.21796812346598, "기준길이_m": 83.21796812346598, "조각수": 1, "최대경사_pct": 5.4904740649080521, "B등급": "양호", "기준선_근처": true, "계단": false }, "geometry": { "type": "LineString", "coordinates": [ [ 126.953606, 37.5048142 ], [ 126.9536073, 37.5045123 ], [ 126.9536412, 37.5043547 ], [ 126.953694, 37.5042272 ], [ 126.9537499, 37.5041334 ], [ 126.953786500000021, 37.5040929 ] ] } },
{ "type": "Feature", "properties": { "학교": "중앙대", "u": "2824550326", "v": "4621486051", "key": 0, "highway": "service", "name": "상도로47아길", "length_m": 72.917023865693722, "기준길이_m": 72.917023865693722, "조각수": 1, "최대경사_pct": 3.4998901463028171, "B등급": "양호", "기준선_근처": true, "계단": false }, "geometry": { "type": "LineString", "coordinates": [ [ 126.953207800000015, 37.5043457 ], [ 126.953228800000019, 37.5042158 ], [ 126.95331560000001, 37.5041069 ], [ 126.953427499999989, 37.50405180000002 ], [ 126.953541, 37.5040445 ], [ 126.953623, 37.5040617 ], [ 126.953786500000021, 37.5040929 ] ] } },
{ "type": "Feature", "properties": { "학교": "중앙대", "u": "2829147711", "v": "2829147710", "key": 0, "highway": "service", "name": null, "length_m": 44.915291673329406, "기준길이_m": 60.0, "조각수": 1, "최대경사_pct": 2.6544116531115236, "B등급": "양호", "기준선_근처": true, "계단": false }, "geometry": { "type": "LineString", "coordinates": [ [ 126.9534945, 37.503754 ], [ 126.9538375, 37.5040525 ] ] } },
{ "type": "Feature", "properties": { "학교": "중앙대", "u": "2829147720", "v": "4621486051", "key": 0, "highway": "service", "name": "상도로47아길", "length_m": 82.158713815916201, "기준길이_m": 82.158713815916201, "조각수": 1, "최대경사_pct": 2.4550593968997965, "B등급": "양호", "기준선_근처": true, "계단": false }, "geometry": { "type": "LineString", "coordinates": [ [ 126.953207800000015, 37.5043457 ], [ 126.9531785, 37.5046182 ], [ 126.9531723, 37.5047008 ], [ 126.9532002, 37.504743400000017 ], [ 126.9534484, 37.5048153 ], [ 126.953606, 37.5048142 ] ] } },
{ "type": "Feature", "properties": { "학교": "중앙대", "u": "4621486060", "v": "12989020958", "key": 0, "highway": "tertiary", "name": "흑석로", "length_m": 42.800705860025175, "기준길이_m": 60.0, "조각수": 1, "최대경사_pct": 3.8807475582330158, "B등급": "양호", "기준선_근처": true, "계단": false }, "geometry": { "type": "LineString", "coordinates": [ [ 126.9515078, 37.5048403 ], [ 126.9519886, 37.504885 ] ] } },
{ "type": "Feature", "properties": { "학교": "중앙대", "u": "4621486060", "v": "4621488491", "key": 0, "highway": "residential", "name": "강남초등길", "length_m": 45.614803370395663, "기준길이_m": 60.0, "조각수": 1, "최대경사_pct": 4.535768035873649, "B등급": "양호", "기준선_근처": true, "계단": false }, "geometry": { "type": "LineString", "coordinates": [ [ 126.9522027, 37.5052573 ], [ 126.9520657, 37.5049816 ], [ 126.9519886, 37.504885 ] ] } },
{ "type": "Feature", "properties": { "학교": "중앙대", "u": "4621486060", "v": "4621482136", "key": 0, "highway": "residential", "name": "상도로47길", "length_m": 86.807878485910109, "기준길이_m": 86.807878485910109, "조각수": 1, "최대경사_pct": 9.0586574099932182, "B등급": "위험", "기준선_근처": true, "계단": false }, "geometry": { "type": "LineString", "coordinates": [ [ 126.9517241, 37.5041422 ], [ 126.9517232, 37.5043188 ], [ 126.951853899999989, 37.50465040000001 ], [ 126.9519886, 37.504885 ] ] } },
{ "type": "Feature", "properties": { "학교": "중앙대", "u": "2824759203", "v": "13816446695", "key": 0, "highway": "tertiary", "name": "서달로", "length_m": 221.81331388314331, "기준길이_m": 73.937771294381108, "조각수": 3, "최대경사_pct": 17.183475266974131, "B등급": "위험", "기준선_근처": false, "계단": false }, "geometry": { "type": "LineString", "coordinates": [ [ 126.9606931, 37.5028575 ], [ 126.960391900000019, 37.502244299999987 ], [ 126.9602279, 37.5018777 ], [ 126.9601293, 37.5016572 ], [ 126.9601132, 37.501510499999988 ], [ 126.9601547, 37.501191500000012 ], [ 126.9602943, 37.5009689 ] ] } },
{ "type": "Feature", "properties": { "학교": "중앙대", "u": "2824759203", "v": "2824759300", "key": 0, "highway": "residential", "name": "서달로1길", "length_m": 210.12335620500946, "기준길이_m": 70.041118735003153, "조각수": 3, "최대경사_pct": 16.876147433090683, "B등급": "위험", "기준선_근처": false, "계단": false }, "geometry": { "type": "LineString", "coordinates": [ [ 126.9600069, 37.499174 ], [ 126.9599136, 37.4993238 ], [ 126.9599105, 37.4996541 ], [ 126.959918800000011, 37.5001522 ], [ 126.9601661, 37.5009024 ], [ 126.960245500000013, 37.500944899999986 ], [ 126.9602943, 37.5009689 ] ] } },
{ "type": "Feature", "properties": { "학교": "중앙대", "u": "2824759203", "v": "2824759222", "key": 0, "highway": "residential", "name": "서달로", "length_m": 154.93447115445974, "기준길이_m": 77.467235577229872, "조각수": 2, "최대경사_pct": 16.488156599151431, "B등급": "위험", "기준선_근처": false, "계단": false }, "geometry": { "type": "LineString", "coordinates": [ [ 126.9604845, 37.499609 ], [ 126.960518900000011, 37.5002613 ], [ 126.960489, 37.5005677 ], [ 126.960422, 37.5007737 ], [ 126.960361, 37.5009041 ], [ 126.9602943, 37.5009689 ] ] } },
{ "type": "Feature", "properties": { "학교": "중앙대", "u": "13816446695", "v": "12864823352", "key": 0, "highway": "tertiary", "name": "서달로", "length_m": 100.32145119725662, "기준길이_m": 100.32145119725662, "조각수": 1, "최대경사_pct": 5.5081443324214989, "B등급": "양호", "기준선_근처": true, "계단": false }, "geometry": { "type": "LineString", "coordinates": [ [ 126.960887099999979, 37.503730199999985 ], [ 126.9608958, 37.503706400000013 ], [ 126.9609243, 37.5035139 ], [ 126.9609001, 37.5033384 ], [ 126.96079, 37.5030547 ], [ 126.9606931, 37.5028575 ] ] } },
{ "type": "Feature", "properties": { "학교": "중앙대", "u": "13816446695", "v": "4611303880", "key": 0, "highway": "residential", "name": null, "length_m": 333.61004354575368, "기준길이_m": 66.722008709150742, "조각수": 5, "최대경사_pct": 17.361546938204949, "B등급": "위험", "기준선_근처": false, "계단": false }, "geometry": { "type": "LineString", "coordinates": [ [ 126.9643982, 37.5031809 ], [ 126.9620992, 37.5031951 ], [ 126.9615829, 37.5031209 ], [ 126.9606931, 37.5028575 ] ] } },
{ "type": "Feature", "properties": { "학교": "중앙대", "u": "2824759300", "v": "2824759222", "key": 0, "highway": "residential", "name": "서달로", "length_m": 64.551821317467827, "기준길이_m": 64.551821317467827, "조각수": 1, "최대경사_pct": 7.0871794110668827, "B등급": "주의", "기준선_근처": true, "계단": false }, "geometry": { "type": "LineString", "coordinates": [ [ 126.9604845, 37.499609 ], [ 126.960454699999985, 37.4995704 ], [ 126.960261799999984, 37.499357400000015 ], [ 126.9600069, 37.499174 ] ] } },
{ "type": "Feature", "properties": { "학교": "중앙대", "u": "2824759300", "v": "12816428872", "key": 0, "highway": "residential", "name": "서달로", "length_m": 31.203795901099276, "기준길이_m": 60.0, "조각수": 1, "최대경사_pct": 12.666363617413293, "B등급": "위험", "기준선_근처": true, "계단": false }, "geometry": { "type": "LineString", "coordinates": [ [ 126.9597851, 37.4989569 ], [ 126.9598394, 37.499029 ], [ 126.9600069, 37.499174 ] ] } },
{ "type": "Feature", "properties": { "학교": "중앙대", "u": "2824759222", "v": "4697324255", "key": 0, "highway": "residential", "name": "서달로2길", "length_m": 349.99407128145361, "기준길이_m": 69.998814256290729, "조각수": 5, "최대경사_pct": 6.6234051374937781, "B등급": "주의", "기준선_근처": true, "계단": false }, "geometry": { "type": "LineString", "coordinates": [ [ 126.963937900000019, 37.5008805 ], [ 126.9637484, 37.5008034 ], [ 126.963002800000012, 37.5006672 ], [ 126.962739900000017, 37.5005693 ], [ 126.9625414, 37.5004034 ], [ 126.9622625, 37.5002502 ], [ 126.9622424, 37.5002159 ], [ 126.9620948, 37.5000336 ], [ 126.9619204, 37.4999166 ], [ 126.9616772, 37.499855299999986 ], [ 126.9613867, 37.4998161 ], [ 126.9611612, 37.4997815 ], [ 126.960663, 37.4995855 ], [ 126.9604845, 37.499609 ] ] } },
{ "type": "Feature", "properties": { "학교": "중앙대", "u": "10107993115", "v": "12864823352", "key": 0, "highway": "tertiary", "name": "서달로", "length_m": 360.10856285463461, "기준길이_m": 60.018093809105771, "조각수": 6, "최대경사_pct": 7.5652885959973677, "B등급": "주의", "기준선_근처": true, "계단": false }, "geometry": { "type": "LineString", "coordinates": [ [ 126.960887099999979, 37.503730199999985 ], [ 126.960782, 37.504018800000011 ], [ 126.9607704, 37.504266 ], [ 126.9607704, 37.5046234 ], [ 126.9607918, 37.504766 ], [ 126.9608731, 37.505262399999985 ], [ 126.961027, 37.5057501 ], [ 126.9612127, 37.5062723 ], [ 126.9612878, 37.5063872 ], [ 126.9613575, 37.5064451 ], [ 126.961505, 37.5065999 ], [ 126.9615992, 37.5067236 ], [ 126.9616628, 37.5068106 ] ] } },
{ "type": "Feature", "properties": { "학교": "중앙대", "u": "10107993115", "v": "4612845662", "key": 0, "highway": "residential", "name": null, "length_m": 182.04013738048229, "기준길이_m": 60.680045793494095, "조각수": 3, "최대경사_pct": 1.0448016910581734, "B등급": "양호", "기준선_근처": true, "계단": false }, "geometry": { "type": "LineString", "coordinates": [ [ 126.962625099999983, 37.5068957 ], [ 126.9625904, 37.5064248 ], [ 126.9625877, 37.5063896 ], [ 126.962586900000019, 37.5063431 ], [ 126.962587200000016, 37.5062923 ], [ 126.9625397, 37.5062932 ], [ 126.9624955, 37.5062948 ], [ 126.962453499999981, 37.5062988 ], [ 126.962339799999981, 37.5063118 ], [ 126.962144, 37.5063411 ], [ 126.9620359, 37.5063607 ], [ 126.961963299999979, 37.5063835 ], [ 126.9618796, 37.5064162 ], [ 126.961823600000017, 37.506444 ], [ 126.961799699999986, 37.506458100000046 ], [ 126.9617672, 37.5064739 ], [ 126.9617565, 37.5065291 ], [ 126.9617469, 37.5065725 ], [ 126.9617414, 37.5066008 ], [ 126.961727700000012, 37.5066431 ], [ 126.9617058, 37.5067018 ], [ 126.9616628, 37.5068106 ] ] } },
{ "type": "Feature", "properties": { "학교": "중앙대", "u": "4697324255", "v": "4697324244", "key": 0, "highway": "service", "name": null, "length_m": 60.066185343378208, "기준길이_m": 60.066185343378208, "조각수": 1, "최대경사_pct": 11.556126945397232, "B등급": "위험", "기준선_근처": true, "계단": false }, "geometry": { "type": "LineString", "coordinates": [ [ 126.9636652, 37.501211500000011 ], [ 126.9638205, 37.5012312 ], [ 126.963881200000017, 37.5012206 ], [ 126.963935500000019, 37.5011827 ], [ 126.963967600000018, 37.5011222 ], [ 126.9639626, 37.5010149 ], [ 126.963937900000019, 37.5008805 ] ] } },
{ "type": "Feature", "properties": { "학교": "중앙대", "u": "2824759242", "v": "2825711987", "key": 0, "highway": "residential", "name": "서달로", "length_m": 23.93233635250143, "기준길이_m": 60.0, "조각수": 1, "최대경사_pct": 3.0297529535910193, "B등급": "양호", "기준선_근처": true, "계단": false }, "geometry": { "type": "LineString", "coordinates": [ [ 126.9592941, 37.4979699 ], [ 126.9593048, 37.4980119 ], [ 126.959331100000014, 37.4981834 ] ] } },
{ "type": "Feature", "properties": { "학교": "중앙대", "u": "2824759242", "v": "2825714904", "key": 0, "highway": "service", "name": null, "length_m": 244.81893499222303, "기준길이_m": 61.204733748055759, "조각수": 4, "최대경사_pct": 8.0141056086888796, "B등급": "주의", "기준선_근처": true, "계단": false }, "geometry": { "type": "LineString", "coordinates": [ [ 126.957975500000018, 37.497559 ], [ 126.9581526, 37.4979079 ], [ 126.957745, 37.4980441 ], [ 126.9578683, 37.498325 ], [ 126.95850129999998, 37.4982058 ], [ 126.959331100000014, 37.4981834 ] ] } },
{ "type": "Feature", "properties": { "학교": "중앙대", "u": "2825711987", "v": "2825711424", "key": 0, "highway": "residential", "name": "상도로55길", "length_m": 71.35342486476668, "기준길이_m": 71.35342486476668, "조각수": 1, "최대경사_pct": 5.7746702360614712, "B등급": "주의", "기준선_근처": true, "계단": false }, "geometry": { "type": "LineString", "coordinates": [ [ 126.959109699999985, 37.49740760000001 ], [ 126.9591476, 37.4974321 ], [ 126.9591754, 37.4974695 ], [ 126.9591869, 37.4975358 ], [ 126.9591323, 37.4978413 ], [ 126.959158299999984, 37.4978782 ], [ 126.9592289, 37.4979362 ], [ 126.9592941, 37.4979699 ] ] } },
{ "type": "Feature", "properties": { "학교": "중앙대", "u": "2825714904", "v": "2825714913", "key": 0, "highway": "residential", "name": "상도로55길", "length_m": 225.87379930366188, "기준길이_m": 75.291266434553961, "조각수": 3, "최대경사_pct": 10.491468078898485, "B등급": "위험", "기준선_근처": true, "계단": false }, "geometry": { "type": "LineString", "coordinates": [ [ 126.955521300000015, 37.4979801 ], [ 126.9555642, 37.4979633 ], [ 126.955631100000019, 37.49795060000001 ], [ 126.955788399999989, 37.4979202 ], [ 126.95647390000002, 37.4979064 ], [ 126.95661290000001, 37.4979144 ], [ 126.9569643, 37.4978952 ], [ 126.9570609, 37.4978718 ], [ 126.9571842, 37.497825 ], [ 126.9574551, 37.497710099999985 ], [ 126.9578575, 37.4975994 ], [ 126.957975500000018, 37.497559 ] ] } },
{ "type": "Feature", "properties": { "학교": "중앙대", "u": "12816428872", "v": "8857857355", "key": 0, "highway": [ "path", "steps" ], "name": null, "length_m": 52.648719734398092, "기준길이_m": 60.0, "조각수": 1, "최대경사_pct": 19.948458371658806, "B등급": "위험", "기준선_근처": false, "계단": true }, "geometry": { "type": "LineString", "coordinates": [ [ 126.9592229, 37.4989553 ], [ 126.9592833, 37.4989861 ], [ 126.959322900000018, 37.4990019 ], [ 126.959385700000013, 37.4990271 ], [ 126.959573800000015, 37.4989966 ], [ 126.9597689, 37.4989592 ], [ 126.9597851, 37.4989569 ] ] } },
{ "type": "Feature", "properties": { "학교": "중앙대", "u": "2825701311", "v": "2825730232", "key": 0, "highway": "residential", "name": "상도로41길", "length_m": 18.044791625308097, "기준길이_m": 60.0, "조각수": 1, "최대경사_pct": 11.47994906637893, "B등급": "위험", "기준선_근처": true, "계단": false }, "geometry": { "type": "LineString", "coordinates": [ [ 126.9500872, 37.5019191 ], [ 126.9502484, 37.5020188 ] ] } },
{ "type": "Feature", "properties": { "학교": "중앙대", "u": "2825701311", "v": "8483442364", "key": 0, "highway": "residential", "name": "상도로41길", "length_m": 85.194295577787813, "기준길이_m": 85.194295577787813, "조각수": 1, "최대경사_pct": 8.4452386999774109, "B등급": "위험", "기준선_근처": true, "계단": false }, "geometry": { "type": "LineString", "coordinates": [ [ 126.9511068, 37.5023674 ], [ 126.9502484, 37.5020188 ] ] } },
{ "type": "Feature", "properties": { "학교": "중앙대", "u": "2825701311", "v": "4621475849", "key": 0, "highway": "residential", "name": "상도로41가길", "length_m": 24.379692037155127, "기준길이_m": 60.0, "조각수": 1, "최대경사_pct": 7.9088703322283394, "B등급": "주의", "기준선_근처": true, "계단": false }, "geometry": { "type": "LineString", "coordinates": [ [ 126.9502303, 37.5022352 ], [ 126.950228900000013, 37.502054199999989 ], [ 126.9502484, 37.5020188 ] ] } },
{ "type": "Feature", "properties": { "학교": "중앙대", "u": "2825730232", "v": "2825730228", "key": 0, "highway": "residential", "name": "상도로41길", "length_m": 15.681160592129205, "기준길이_m": 60.0, "조각수": 1, "최대경사_pct": 6.4896654113920249, "B등급": "주의", "기준선_근처": true, "계단": false }, "geometry": { "type": "LineString", "coordinates": [ [ 126.9499377, 37.5018431 ], [ 126.9500872, 37.5019191 ] ] } },
{ "type": "Feature", "properties": { "학교": "중앙대", "u": "4621475849", "v": "2825701315", "key": 0, "highway": "residential", "name": "상도로41가길", "length_m": 30.677698071237746, "기준길이_m": 60.0, "조각수": 1, "최대경사_pct": 10.290958747802687, "B등급": "위험", "기준선_근처": true, "계단": false }, "geometry": { "type": "LineString", "coordinates": [ [ 126.950227700000013, 37.5025116 ], [ 126.9502303, 37.5022352 ] ] } },
{ "type": "Feature", "properties": { "학교": "중앙대", "u": "2825701315", "v": "8483442363", "key": 0, "highway": "service", "name": "상도로41다길", "length_m": 63.896327607630234, "기준길이_m": 63.896327607630234, "조각수": 1, "최대경사_pct": 0.64589501699264207, "B등급": "양호", "기준선_근처": false, "계단": false }, "geometry": { "type": "LineString", "coordinates": [ [ 126.95088579999998, 37.502749399999985 ], [ 126.950227700000013, 37.5025116 ] ] } },
{ "type": "Feature", "properties": { "학교": "중앙대", "u": "2825701315", "v": "4621478345", "key": 0, "highway": "residential", "name": "상도로41가길", "length_m": 49.687639282276891, "기준길이_m": 60.0, "조각수": 1, "최대경사_pct": 1.4124079071671147, "B등급": "양호", "기준선_근처": true, "계단": false }, "geometry": { "type": "LineString", "coordinates": [ [ 126.9502565, 37.5029587 ], [ 126.950227700000013, 37.5025116 ] ] } },
{ "type": "Feature", "properties": { "학교": "중앙대", "u": "2825701315", "v": "10708858396", "key": 0, "highway": "service", "name": null, "length_m": 28.447053595590447, "기준길이_m": 60.0, "조각수": 1, "최대경사_pct": 0.042980394900181317, "B등급": "양호", "기준선_근처": false, "계단": false }, "geometry": { "type": "LineString", "coordinates": [ [ 126.9499162, 37.5024997 ], [ 126.9499639, 37.502525100000014 ], [ 126.950227700000013, 37.5025116 ] ] } },
{ "type": "Feature", "properties": { "학교": "중앙대", "u": "8483442363", "v": "8483442362", "key": 0, "highway": "service", "name": null, "length_m": 27.003411745982216, "기준길이_m": 60.0, "조각수": 1, "최대경사_pct": 6.5507528503576511, "B등급": "주의", "기준선_근처": true, "계단": false }, "geometry": { "type": "LineString", "coordinates": [ [ 126.950769900000012, 37.5029745 ], [ 126.95088579999998, 37.502749399999985 ] ] } },
{ "type": "Feature", "properties": { "학교": "중앙대", "u": "8483442363", "v": "2825701337", "key": 0, "highway": "service", "name": "상도로41다길", "length_m": 106.44299123569374, "기준길이_m": 106.44299123569374, "조각수": 1, "최대경사_pct": 4.3171845699088118, "B등급": "양호", "기준선_근처": true, "계단": false }, "geometry": { "type": "LineString", "coordinates": [ [ 126.9518526, 37.5032812 ], [ 126.951726, 37.5032486 ], [ 126.951589200000015, 37.503215 ], [ 126.9515458, 37.5031892 ], [ 126.9515056, 37.5031466 ], [ 126.951404100000019, 37.5030299 ], [ 126.9513098, 37.5029615 ], [ 126.950904800000018, 37.5027615 ], [ 126.95088579999998, 37.502749399999985 ] ] } },
{ "type": "Feature", "properties": { "학교": "중앙대", "u": "4621478345", "v": "4621482143", "key": 0, "highway": "residential", "name": "상도로41가길", "length_m": 41.933963785911608, "기준길이_m": 60.0, "조각수": 1, "최대경사_pct": 0.0, "B등급": "양호", "기준선_근처": false, "계단": false }, "geometry": { "type": "LineString", "coordinates": [ [ 126.950262200000012, 37.5033365 ], [ 126.9502565, 37.5029587 ] ] } },
{ "type": "Feature", "properties": { "학교": "중앙대", "u": "4621478345", "v": "10708858400", "key": 0, "highway": "service", "name": "상도로39길", "length_m": 36.022249311917705, "기준길이_m": 60.0, "조각수": 1, "최대경사_pct": 0.0, "B등급": "양호", "기준선_근처": false, "계단": false }, "geometry": { "type": "LineString", "coordinates": [ [ 126.9498684, 37.5030276 ], [ 126.9500029, 37.502968700000018 ], [ 126.9502565, 37.5029587 ] ] } },
{ "type": "Feature", "properties": { "학교": "중앙대", "u": "2825706567", "v": "2825730228", "key": 0, "highway": "residential", "name": "상도로41길", "length_m": 27.561544672929735, "기준길이_m": 60.0, "조각수": 1, "최대경사_pct": 3.9650439896865919, "B등급": "양호", "기준선_근처": true, "계단": false }, "geometry": { "type": "LineString", "coordinates": [ [ 126.9499377, 37.5018431 ], [ 126.9496819, 37.5017012 ] ] } },
{ "type": "Feature", "properties": { "학교": "중앙대", "u": "2825706567", "v": "4626863240", "key": 0, "highway": "service", "name": "상도로37길", "length_m": 88.354152782507427, "기준길이_m": 88.354152782507427, "조각수": 1, "최대경사_pct": 0.47233731872559015, "B등급": "양호", "기준선_근처": false, "계단": false }, "geometry": { "type": "LineString", "coordinates": [ [ 126.9502527, 37.501047799999988 ], [ 126.9496819, 37.5017012 ] ] } },
{ "type": "Feature", "properties": { "학교": "중앙대", "u": "2825701337", "v": "4621486058", "key": 0, "highway": "residential", "name": "상도로47길", "length_m": 60.108087098062612, "기준길이_m": 60.108087098062612, "조각수": 1, "최대경사_pct": 1.2169463794747541, "B등급": "양호", "기준선_근처": true, "계단": false }, "geometry": { "type": "LineString", "coordinates": [ [ 126.9517509, 37.5038162 ], [ 126.9517949, 37.503654600000019 ], [ 126.9518526, 37.5032812 ] ] } },
{ "type": "Feature", "properties": { "학교": "중앙대", "u": "2829147721", "v": "11871139992", "key": 0, "highway": "residential", "name": "상도로41가길", "length_m": 33.013531590137056, "기준길이_m": 60.0, "조각수": 1, "최대경사_pct": 1.2864563192694807, "B등급": "양호", "기준선_근처": true, "계단": false }, "geometry": { "type": "LineString", "coordinates": [ [ 126.950291399999983, 37.503842500000019 ], [ 126.95030340000001, 37.5041398 ] ] } },
{ "type": "Feature", "properties": { "학교": "중앙대", "u": "4621469141", "v": "4626863240", "key": 0, "highway": "service", "name": "상도로43길", "length_m": 45.986427846039632, "기준길이_m": 60.0, "조각수": 1, "최대경사_pct": 0.75029840178702989, "B등급": "양호", "기준선_근처": false, "계단": false }, "geometry": { "type": "LineString", "coordinates": [ [ 126.9502527, 37.501047799999988 ], [ 126.9498242, 37.500813 ] ] } },
{ "type": "Feature", "properties": { "학교": "중앙대", "u": "4621486058", "v": "4621482136", "key": 0, "highway": "residential", "name": "상도로47길", "length_m": 36.272563863820452, "기준길이_m": 60.0, "조각수": 1, "최대경사_pct": 3.5455386179147181, "B등급": "양호", "기준선_근처": true, "계단": false }, "geometry": { "type": "LineString", "coordinates": [ [ 126.9517241, 37.5041422 ], [ 126.9517244, 37.5040885 ], [ 126.9517509, 37.5038162 ] ] } },
{ "type": "Feature", "properties": { "학교": "중앙대", "u": "2825711099", "v": "2825711071", "key": 0, "highway": "residential", "name": "상도로53가길", "length_m": 51.097034094521298, "기준길이_m": 60.0, "조각수": 1, "최대경사_pct": 0.89982509660003984, "B등급": "양호", "기준선_근처": true, "계단": false }, "geometry": { "type": "LineString", "coordinates": [ [ 126.9535161, 37.4976126 ], [ 126.953480099999979, 37.49765470000002 ], [ 126.9534345, 37.497735600000013 ], [ 126.9533872, 37.4978804 ], [ 126.953333, 37.498046 ] ] } },
{ "type": "Feature", "properties": { "학교": "중앙대", "u": "2825706556", "v": "11413637479", "key": 0, "highway": "footway", "name": null, "length_m": 18.356355211150252, "기준길이_m": 60.0, "조각수": 1, "최대경사_pct": 18.654875807223828, "B등급": "위험", "기준선_근처": false, "계단": false }, "geometry": { "type": "LineString", "coordinates": [ [ 126.9534867, 37.4983753 ], [ 126.9533159, 37.4982813 ] ] } },
{ "type": "Feature", "properties": { "학교": "중앙대", "u": "2825730230", "v": "2825730235", "key": 0, "highway": "service", "name": "상도로47가길", "length_m": 78.62234302423667, "기준길이_m": 78.62234302423667, "조각수": 1, "최대경사_pct": 3.3140335894593247, "B등급": "양호", "기준선_근처": true, "계단": false }, "geometry": { "type": "LineString", "coordinates": [ [ 126.9512354, 37.500597 ], [ 126.9517475, 37.5000179 ] ] } },
{ "type": "Feature", "properties": { "학교": "중앙대", "u": "2825711071", "v": "2825711413", "key": 0, "highway": "residential", "name": "상도로53가길", "length_m": 115.24595970411488, "기준길이_m": 115.24595970411488, "조각수": 1, "최대경사_pct": 2.8946555633244606, "B등급": "양호", "기준선_근처": true, "계단": false }, "geometry": { "type": "LineString", "coordinates": [ [ 126.9545095, 37.4971449 ], [ 126.9545047, 37.49732490000001 ], [ 126.9544725, 37.497359 ], [ 126.9543331, 37.4974079 ], [ 126.954153299999987, 37.497448299999981 ], [ 126.9537269, 37.4975079 ], [ 126.9536594, 37.4975267 ], [ 126.9535767, 37.4975675 ], [ 126.9535161, 37.4976126 ] ] } },
{ "type": "Feature", "properties": { "학교": "중앙대", "u": "2825711413", "v": "3713157340", "key": 0, "highway": "residential", "name": "상도로55길", "length_m": 142.46893749619534, "기준길이_m": 71.234468748097669, "조각수": 2, "최대경사_pct": 8.4466509279912732, "B등급": "위험", "기준선_근처": true, "계단": false }, "geometry": { "type": "LineString", "coordinates": [ [ 126.9555146, 37.4979788 ], [ 126.9553781, 37.497941100000013 ], [ 126.955344900000014, 37.4979203 ], [ 126.9552966, 37.4978765 ], [ 126.9552638, 37.4978207 ], [ 126.955238400000013, 37.4977598 ], [ 126.955204800000018, 37.4976207 ], [ 126.955177, 37.4975652 ], [ 126.9551324, 37.4975228 ], [ 126.9548507, 37.4973249 ], [ 126.9547967, 37.4972607 ], [ 126.95477910000001, 37.4971756 ], [ 126.9547428, 37.4971441 ], [ 126.9546958, 37.4971315 ], [ 126.9545095, 37.4971449 ] ] } },
{ "type": "Feature", "properties": { "학교": "중앙대", "u": "3713157340", "v": "2825714913", "key": 0, "highway": "residential", "name": "상도로55길", "length_m": 0.60978212285480005, "기준길이_m": 60.0, "조각수": 1, "최대경사_pct": 14.330301986888305, "B등급": "위험", "기준선_근처": false, "계단": false }, "geometry": { "type": "LineString", "coordinates": [ [ 126.955521300000015, 37.4979801 ], [ 126.9555146, 37.4979788 ] ] } },
{ "type": "Feature", "properties": { "학교": "중앙대", "u": "3713157340", "v": "12785639986", "key": 0, "highway": "service", "name": null, "length_m": 24.643983951350435, "기준길이_m": 60.0, "조각수": 1, "최대경사_pct": 0.76177861599191488, "B등급": "양호", "기준선_근처": false, "계단": false }, "geometry": { "type": "LineString", "coordinates": [ [ 126.955610100000015, 37.4977702 ], [ 126.9555384, 37.4979268 ], [ 126.9555146, 37.4979788 ] ] } },
{ "type": "Feature", "properties": { "학교": "중앙대", "u": "2825711424", "v": "4686503139", "key": 0, "highway": "residential", "name": "상도로55길", "length_m": 97.2330326728827, "기준길이_m": 97.2330326728827, "조각수": 1, "최대경사_pct": 6.3786635082551957, "B등급": "주의", "기준선_근처": true, "계단": false }, "geometry": { "type": "LineString", "coordinates": [ [ 126.958047500000021, 37.4975288 ], [ 126.9582035, 37.4974632 ], [ 126.9583322, 37.4974292 ], [ 126.9585008, 37.4973969 ], [ 126.9586916, 37.4973866 ], [ 126.9590028, 37.497386600000013 ], [ 126.95906380000001, 37.4973908 ], [ 126.959109699999985, 37.49740760000001 ] ] } },
{ "type": "Feature", "properties": { "학교": "중앙대", "u": "2825714913", "v": "4654271182", "key": 0, "highway": "service", "name": null, "length_m": 123.50093289251089, "기준길이_m": 61.750466446255444, "조각수": 2, "최대경사_pct": 16.367844358631206, "B등급": "위험", "기준선_근처": false, "계단": false }, "geometry": { "type": "LineString", "coordinates": [ [ 126.956867, 37.4982748 ], [ 126.956457499999985, 37.4981907 ], [ 126.955856200000014, 37.4980675 ], [ 126.955703199999988, 37.4980352 ], [ 126.955521300000015, 37.4979801 ] ] } },
{ "type": "Feature", "properties": { "학교": "중앙대", "u": "2825730231", "v": "4621482143", "key": 0, "highway": "residential", "name": "상도로41가길", "length_m": 34.741435165249506, "기준길이_m": 60.0, "조각수": 1, "최대경사_pct": 8.3333333333333321, "B등급": "주의", "기준선_근처": true, "계단": false }, "geometry": { "type": "LineString", "coordinates": [ [ 126.950262200000012, 37.5033365 ], [ 126.9502826, 37.5036491 ] ] } },
{ "type": "Feature", "properties": { "학교": "중앙대", "u": "2825730231", "v": "11871139992", "key": 0, "highway": "residential", "name": "상도로41가길", "length_m": 21.479010228162338, "기준길이_m": 60.0, "조각수": 1, "최대경사_pct": 8.055846751549657, "B등급": "주의", "기준선_근처": true, "계단": false }, "geometry": { "type": "LineString", "coordinates": [ [ 126.950291399999983, 37.503842500000019 ], [ 126.9502826, 37.5036491 ] ] } },
{ "type": "Feature", "properties": { "학교": "중앙대", "u": "2825730231", "v": "10712384714", "key": 0, "highway": "service", "name": "양녕로", "length_m": 86.707509543703125, "기준길이_m": 86.707509543703125, "조각수": 1, "최대경사_pct": 5.766513219342154, "B등급": "주의", "기준선_근처": true, "계단": false }, "geometry": { "type": "LineString", "coordinates": [ [ 126.949365, 37.5038749 ], [ 126.9493758, 37.5038666 ], [ 126.9494613, 37.5038172 ], [ 126.9497616, 37.5037103 ], [ 126.9500776, 37.5036463 ], [ 126.9502826, 37.5036491 ] ] } },
{ "type": "Feature", "properties": { "학교": "중앙대", "u": "11871139992", "v": "11871139989", "key": 0, "highway": "service", "name": null, "length_m": 60.421284046791612, "기준길이_m": 60.421284046791612, "조각수": 1, "최대경사_pct": 7.5760213495978057, "B등급": "주의", "기준선_근처": true, "계단": false }, "geometry": { "type": "LineString", "coordinates": [ [ 126.9496431, 37.5039799 ], [ 126.9498978, 37.5038773 ], [ 126.9500779, 37.5038458 ], [ 126.950291399999983, 37.503842500000019 ] ] } },
{ "type": "Feature", "properties": { "학교": "중앙대", "u": "6963036773", "v": "6963036774", "key": 0, "highway": "service", "name": "상도로47나길", "length_m": 40.431219258286994, "기준길이_m": 60.0, "조각수": 1, "최대경사_pct": 8.2067732524552639, "B등급": "주의", "기준선_근처": true, "계단": false }, "geometry": { "type": "LineString", "coordinates": [ [ 126.953668400000012, 37.5003115 ], [ 126.9532392, 37.5001859 ] ] } },
{ "type": "Feature", "properties": { "학교": "중앙대", "u": "12989020955", "v": "12989020958", "key": 0, "highway": "service", "name": "흑석로 8", "length_m": 60.023371501924935, "기준길이_m": 60.023371501924935, "조각수": 1, "최대경사_pct": 0.0, "B등급": "양호", "기준선_근처": false, "계단": false }, "geometry": { "type": "LineString", "coordinates": [ [ 126.9515078, 37.5048403 ], [ 126.9515411, 37.5045814 ], [ 126.9514474, 37.5044191 ], [ 126.9513365, 37.5043683 ] ] } },
{ "type": "Feature", "properties": { "학교": "중앙대", "u": "2829147730", "v": "4621488491", "key": 0, "highway": "service", "name": "강남초등8길", "length_m": 111.21348821525606, "기준길이_m": 111.21348821525606, "조각수": 1, "최대경사_pct": 0.3736806640847114, "B등급": "양호", "기준선_근처": false, "계단": false }, "geometry": { "type": "LineString", "coordinates": [ [ 126.9522027, 37.5052573 ], [ 126.9509561, 37.5051239 ] ] } },
{ "type": "Feature", "properties": { "학교": "중앙대", "u": "4621488491", "v": "4621488496", "key": 0, "highway": "residential", "name": "강남초등길", "length_m": 27.547645220695877, "기준길이_m": 60.0, "조각수": 1, "최대경사_pct": 3.1892373680062156, "B등급": "양호", "기준선_근처": true, "계단": false }, "geometry": { "type": "LineString", "coordinates": [ [ 126.9522638, 37.5055003 ], [ 126.9522443, 37.505388 ], [ 126.9522027, 37.5052573 ] ] } },
{ "type": "Feature", "properties": { "학교": "중앙대", "u": "2829530328", "v": "10239817443", "key": 0, "highway": "tertiary", "name": "매봉로", "length_m": 27.700822874418719, "기준길이_m": 60.0, "조각수": 1, "최대경사_pct": 1.3851663852905933, "B등급": "양호", "기준선_근처": true, "계단": false }, "geometry": { "type": "LineString", "coordinates": [ [ 126.9515863, 37.5078416 ], [ 126.951518100000015, 37.50803 ], [ 126.951525300000014, 37.5080832 ] ] } },
{ "type": "Feature", "properties": { "학교": "중앙대", "u": "2829530328", "v": "3119042912", "key": 0, "highway": "tertiary", "name": "매봉로", "length_m": 116.73091620811815, "기준길이_m": 116.73091620811815, "조각수": 1, "최대경사_pct": 10.738742796244068, "B등급": "위험", "기준선_근처": true, "계단": false }, "geometry": { "type": "LineString", "coordinates": [ [ 126.951036300000013, 37.509020599999978 ], [ 126.951248, 37.5088493 ], [ 126.9514955, 37.5084344 ], [ 126.951525300000014, 37.5080832 ] ] } },
{ "type": "Feature", "properties": { "학교": "중앙대", "u": "2829530337", "v": "4613249929", "key": 0, "highway": "residential", "name": "노량진로32길", "length_m": 77.45964130615431, "기준길이_m": 77.45964130615431, "조각수": 1, "최대경사_pct": 6.8788801575147902, "B등급": "주의", "기준선_근처": true, "계단": false }, "geometry": { "type": "LineString", "coordinates": [ [ 126.9555524, 37.509626900000015 ], [ 126.955330299999986, 37.509629 ], [ 126.9548396, 37.5092846 ] ] } },
{ "type": "Feature", "properties": { "학교": "중앙대", "u": "3119042912", "v": "3119042915", "key": 0, "highway": "tertiary", "name": "매봉로", "length_m": 34.464904495327175, "기준길이_m": 60.0, "조각수": 1, "최대경사_pct": 11.715642665144065, "B등급": "위험", "기준선_근처": true, "계단": false }, "geometry": { "type": "LineString", "coordinates": [ [ 126.9507596, 37.5092323 ], [ 126.950774, 37.5091975 ], [ 126.9510145, 37.5090382 ], [ 126.951036300000013, 37.509020599999978 ] ] } },
{ "type": "Feature", "properties": { "학교": "중앙대", "u": "2829530336", "v": "4613249929", "key": 0, "highway": "residential", "name": "노량진로32길", "length_m": 9.0394298237704547, "기준길이_m": 60.0, "조각수": 1, "최대경사_pct": 1.0644463928716992, "B등급": "양호", "기준선_근처": true, "계단": false }, "geometry": { "type": "LineString", "coordinates": [ [ 126.9555524, 37.509626900000015 ], [ 126.955650100000014, 37.509650900000018 ] ] } },
{ "type": "Feature", "properties": { "학교": "중앙대", "u": "2829530336", "v": "11179633109", "key": 0, "highway": "residential", "name": "흑석로9길", "length_m": 54.315835217703068, "기준길이_m": 60.0, "조각수": 1, "최대경사_pct": 7.5088257732155839, "B등급": "주의", "기준선_근처": true, "계단": false }, "geometry": { "type": "LineString", "coordinates": [ [ 126.9560773, 37.509308 ], [ 126.955877199999989, 37.5094145 ], [ 126.9558223, 37.5094717 ], [ 126.955650100000014, 37.509650900000018 ] ] } },
{ "type": "Feature", "properties": { "학교": "중앙대", "u": "2829530336", "v": "4613270057", "key": 0, "highway": "residential", "name": "노량진로32길", "length_m": 64.684296861304816, "기준길이_m": 64.684296861304816, "조각수": 1, "최대경사_pct": 3.7929358511250797, "B등급": "양호", "기준선_근처": true, "계단": false }, "geometry": { "type": "LineString", "coordinates": [ [ 126.9559452, 37.5101782 ], [ 126.9558755, 37.5100299 ], [ 126.9558448, 37.5099127 ], [ 126.9557217, 37.5097322 ], [ 126.955650100000014, 37.509650900000018 ] ] } },
{ "type": "Feature", "properties": { "학교": "중앙대", "u": "4613249929", "v": "4613270035", "key": 0, "highway": "residential", "name": "노량진로26길", "length_m": 73.577660744108456, "기준길이_m": 73.577660744108456, "조각수": 1, "최대경사_pct": 22.562549180767576, "B등급": "위험", "기준선_근처": false, "계단": false }, "geometry": { "type": "LineString", "coordinates": [ [ 126.9553012, 37.5102581 ], [ 126.955484400000017, 37.5097546 ], [ 126.9555524, 37.509626900000015 ] ] } },
{ "type": "Feature", "properties": { "학교": "중앙대", "u": "11179633109", "v": "2829530608", "key": 0, "highway": "residential", "name": "흑석로9길", "length_m": 35.569336642817952, "기준길이_m": 60.0, "조각수": 1, "최대경사_pct": 10.091256087696769, "B등급": "위험", "기준선_근처": true, "계단": false }, "geometry": { "type": "LineString", "coordinates": [ [ 126.9563434, 37.509072700000011 ], [ 126.9561707, 37.5092582 ], [ 126.9560773, 37.509308 ] ] } },
{ "type": "Feature", "properties": { "학교": "중앙대", "u": "11179633109", "v": "11179633112", "key": 0, "highway": "residential", "name": null, "length_m": 66.9367069824238, "기준길이_m": 66.9367069824238, "조각수": 1, "최대경사_pct": 0.17364060637504983, "B등급": "양호", "기준선_근처": false, "계단": false }, "geometry": { "type": "LineString", "coordinates": [ [ 126.955844400000018, 37.5087507 ], [ 126.955873900000014, 37.509017 ], [ 126.95594770000001, 37.5091662 ], [ 126.9560773, 37.509308 ] ] } },
{ "type": "Feature", "properties": { "학교": "중앙대", "u": "4613270057", "v": "4613270050", "key": 0, "highway": "service", "name": "노량진로28길", "length_m": 125.03003265689817, "기준길이_m": 62.515016328449086, "조각수": 2, "최대경사_pct": 17.57160774367394, "B등급": "위험", "기준선_근처": false, "계단": false }, "geometry": { "type": "LineString", "coordinates": [ [ 126.956015, 37.5110219 ], [ 126.9559634, 37.5109972 ], [ 126.9558652, 37.5109768 ], [ 126.95576530000001, 37.5109308 ], [ 126.955696, 37.5108401 ], [ 126.955861899999988, 37.5107417 ], [ 126.9559715, 37.510644600000035 ], [ 126.9559683, 37.5105781 ], [ 126.9559167, 37.5104554 ], [ 126.9558603, 37.5102523 ], [ 126.9559452, 37.5101782 ] ] } },
{ "type": "Feature", "properties": { "학교": "중앙대", "u": "4613270057", "v": "4613249938", "key": 0, "highway": "residential", "name": "노량진로32길", "length_m": 117.2859840837321, "기준길이_m": 117.2859840837321, "조각수": 1, "최대경사_pct": 1.8954047915555015, "B등급": "양호", "기준선_근처": true, "계단": false }, "geometry": { "type": "LineString", "coordinates": [ [ 126.956694, 37.5105084 ], [ 126.9568076, 37.5103983 ], [ 126.956767699999986, 37.51033 ], [ 126.9566323, 37.5103373 ], [ 126.956512300000014, 37.5103642 ], [ 126.9563277, 37.5104154 ], [ 126.956130900000019, 37.5104447 ], [ 126.9560509, 37.5104032 ], [ 126.9559452, 37.5101782 ] ] } },
{ "type": "Feature", "properties": { "학교": "중앙대", "u": "2829530350", "v": "2829530357", "key": 0, "highway": "residential", "name": "노량진로24길", "length_m": 10.527842064312409, "기준길이_m": 60.0, "조각수": 1, "최대경사_pct": 15.384989768035512, "B등급": "위험", "기준선_근처": false, "계단": false }, "geometry": { "type": "LineString", "coordinates": [ [ 126.9533958, 37.5106437 ], [ 126.9532809, 37.510618800000024 ] ] } },
{ "type": "Feature", "properties": { "학교": "중앙대", "u": "2829530357", "v": "8757719544", "key": 0, "highway": "residential", "name": null, "length_m": 8.7342822311723491, "기준길이_m": 60.0, "조각수": 1, "최대경사_pct": 12.306397213644757, "B등급": "위험", "기준선_근처": true, "계단": false }, "geometry": { "type": "LineString", "coordinates": [ [ 126.9534856, 37.5106765 ], [ 126.9533958, 37.5106437 ] ] } },
{ "type": "Feature", "properties": { "학교": "중앙대", "u": "2829530608", "v": "4613243818", "key": 0, "highway": "residential", "name": "흑석로9길", "length_m": 9.0496067800217812, "기준길이_m": 60.0, "조각수": 1, "최대경사_pct": 19.005751112559572, "B등급": "위험", "기준선_근처": false, "계단": false }, "geometry": { "type": "LineString", "coordinates": [ [ 126.95641160000001, 37.5090119 ], [ 126.9563434, 37.509072700000011 ] ] } },
{ "type": "Feature", "properties": { "학교": "중앙대", "u": "2829530608", "v": "4613243797", "key": 0, "highway": "service", "name": "흑석로3길", "length_m": 317.54239692191004, "기준길이_m": 63.508479384382007, "조각수": 5, "최대경사_pct": 6.6036207897224859, "B등급": "주의", "기준선_근처": true, "계단": false }, "geometry": { "type": "LineString", "coordinates": [ [ 126.9559337, 37.5067407 ], [ 126.9560885, 37.5067739 ], [ 126.9562061, 37.5068858 ], [ 126.9562593, 37.5069441 ], [ 126.9562868, 37.5070827 ], [ 126.9562838, 37.5071713 ], [ 126.956212, 37.5072896 ], [ 126.9560655, 37.5073468 ], [ 126.955936, 37.5075042 ], [ 126.9559404, 37.507560099999985 ], [ 126.956122600000015, 37.5076784 ], [ 126.9562703, 37.5077907 ], [ 126.956278900000015, 37.507855300000017 ], [ 126.956122900000011, 37.5081714 ], [ 126.956052799999981, 37.5082501 ], [ 126.9560384, 37.5082926 ], [ 126.956076400000015, 37.5088424 ], [ 126.9561164, 37.5089527 ], [ 126.956186599999981, 37.5090118 ], [ 126.9563434, 37.509072700000011 ] ] } },
{ "type": "Feature", "properties": { "학교": "중앙대", "u": "4613243818", "v": "2829530610", "key": 0, "highway": "residential", "name": "흑석로9길", "length_m": 49.44670220696004, "기준길이_m": 60.0, "조각수": 1, "최대경사_pct": 17.268140016603521, "B등급": "위험", "기준선_근처": false, "계단": false }, "geometry": { "type": "LineString", "coordinates": [ [ 126.956796199999985, 37.508694200000015 ], [ 126.9566431, 37.508783200000011 ], [ 126.956512900000021, 37.5088952 ], [ 126.95641160000001, 37.5090119 ] ] } },
{ "type": "Feature", "properties": { "학교": "중앙대", "u": "4613243818", "v": "4613243675", "key": 0, "highway": "service", "name": "흑석로3길", "length_m": 164.02838165078242, "기준길이_m": 82.014190825391211, "조각수": 2, "최대경사_pct": 3.4155701475778635, "B등급": "양호", "기준선_근처": true, "계단": false }, "geometry": { "type": "LineString", "coordinates": [ [ 126.9580855, 37.5096049 ], [ 126.957316400000011, 37.5094173 ], [ 126.956907199999989, 37.5093074 ], [ 126.95641160000001, 37.5090119 ] ] } },
{ "type": "Feature", "properties": { "학교": "중앙대", "u": "4613243797", "v": "4621493630", "key": 0, "highway": "service", "name": "흑석로3길", "length_m": 99.654361851124008, "기준길이_m": 99.654361851124008, "조각수": 1, "최대경사_pct": 20.297254018908244, "B등급": "위험", "기준선_근처": false, "계단": false }, "geometry": { "type": "LineString", "coordinates": [ [ 126.9553742, 37.5072532 ], [ 126.955472199999988, 37.5071754 ], [ 126.955696399999979, 37.5071069 ], [ 126.955862200000013, 37.5070902 ], [ 126.9559906, 37.507034599999976 ], [ 126.9560583, 37.506977200000023 ], [ 126.9560536, 37.50690680000001 ], [ 126.956028, 37.5068235 ], [ 126.9559337, 37.5067407 ] ] } },
{ "type": "Feature", "properties": { "학교": "중앙대", "u": "2829530610", "v": "4613243680", "key": 0, "highway": "residential", "name": "흑석로9길", "length_m": 29.853091631074307, "기준길이_m": 60.0, "조각수": 1, "최대경사_pct": 13.039878957760251, "B등급": "위험", "기준선_근처": false, "계단": false }, "geometry": { "type": "LineString", "coordinates": [ [ 126.9571096, 37.5086047 ], [ 126.956864900000014, 37.508654 ], [ 126.956796199999985, 37.508694200000015 ] ] } },
{ "type": "Feature", "properties": { "학교": "중앙대", "u": "2829530610", "v": "2829530627", "key": 0, "highway": "service", "name": "흑석로5길", "length_m": 262.7961905714676, "기준길이_m": 65.699047642866901, "조각수": 4, "최대경사_pct": 14.254473001661887, "B등급": "위험", "기준선_근처": false, "계단": false }, "geometry": { "type": "LineString", "coordinates": [ [ 126.9571048, 37.506534 ], [ 126.9570766, 37.5066144 ], [ 126.9570519, 37.506893 ], [ 126.9568787, 37.5073804 ], [ 126.95682, 37.5076854 ], [ 126.956764300000017, 37.507977 ], [ 126.9565866, 37.5081407 ], [ 126.956496, 37.5082855 ], [ 126.9565033, 37.5084811 ], [ 126.956729800000019, 37.5086748 ], [ 126.956796199999985, 37.508694200000015 ] ] } },
{ "type": "Feature", "properties": { "학교": "중앙대", "u": "4613243680", "v": "2890319153", "key": 0, "highway": "service", "name": "흑석로7길", "length_m": 233.24830414612046, "기준길이_m": 77.749434715373482, "조각수": 3, "최대경사_pct": 14.097205501785529, "B등급": "위험", "기준선_근처": false, "계단": false }, "geometry": { "type": "LineString", "coordinates": [ [ 126.9584674, 37.506889 ], [ 126.9584126, 37.5069928 ], [ 126.9581835, 37.5072069 ], [ 126.9578935, 37.5074238 ], [ 126.957513800000015, 37.5077518 ], [ 126.9574785, 37.50798180000001 ], [ 126.957472, 37.508183699999989 ], [ 126.9573071, 37.508393300000023 ], [ 126.9571096, 37.5086047 ] ] } },
{ "type": "Feature", "properties": { "학교": "중앙대", "u": "2829530627", "v": "4613243837", "key": 0, "highway": "residential", "name": "흑석로6길", "length_m": 9.5624939660775219, "기준길이_m": 60.0, "조각수": 1, "최대경사_pct": 15.732671710650189, "B등급": "위험", "기준선_근처": false, "계단": false }, "geometry": { "type": "LineString", "coordinates": [ [ 126.9571283, 37.5064499 ], [ 126.9571048, 37.506534 ] ] } },
{ "type": "Feature", "properties": { "학교": "중앙대", "u": "2829530627", "v": "2890319153", "key": 0, "highway": "tertiary", "name": "흑석로", "length_m": 127.84405818562728, "기준길이_m": 63.922029092813638, "조각수": 2, "최대경사_pct": 6.9326786053779026, "B등급": "주의", "기준선_근처": true, "계단": false }, "geometry": { "type": "LineString", "coordinates": [ [ 126.9584674, 37.506889 ], [ 126.958152899999988, 37.5068561 ], [ 126.9579917, 37.5068295 ], [ 126.957867599999986, 37.5068018 ], [ 126.957723500000014, 37.5067613 ], [ 126.957623699999985, 37.5067283 ], [ 126.9572944, 37.5066194 ], [ 126.9571048, 37.506534 ] ] } },
{ "type": "Feature", "properties": { "학교": "중앙대", "u": "2829530617", "v": "2829530641", "key": 0, "highway": "service", "name": "흑석로5길", "length_m": 140.09342334768331, "기준길이_m": 70.046711673841656, "조각수": 2, "최대경사_pct": 8.4537832316630279, "B등급": "위험", "기준선_근처": true, "계단": false }, "geometry": { "type": "LineString", "coordinates": [ [ 126.958945, 37.5101738 ], [ 126.95896, 37.5100829 ], [ 126.9590963, 37.5096023 ], [ 126.959069700000015, 37.5095358 ], [ 126.958753, 37.5093959 ], [ 126.95866860000001, 37.5093035 ], [ 126.958670400000017, 37.5090982 ] ] } },
{ "type": "Feature", "properties": { "학교": "중앙대", "u": "2829530641", "v": "2829530643", "key": 0, "highway": "residential", "name": "흑석로13길", "length_m": 110.76969703324154, "기준길이_m": 110.76969703324154, "조각수": 1, "최대경사_pct": 12.88055459009405, "B등급": "위험", "기준선_근처": true, "계단": false }, "geometry": { "type": "LineString", "coordinates": [ [ 126.9600387, 37.5096884 ], [ 126.9591182, 37.510112199999988 ], [ 126.958945, 37.5101738 ] ] } },
{ "type": "Feature", "properties": { "학교": "중앙대", "u": "4613243677", "v": "2829530643", "key": 0, "highway": "service", "name": "흑석로13마길", "length_m": 147.54230956419059, "기준길이_m": 73.771154782095294, "조각수": 2, "최대경사_pct": 10.831028111160352, "B등급": "위험", "기준선_근처": true, "계단": false }, "geometry": { "type": "LineString", "coordinates": [ [ 126.9600387, 37.5096884 ], [ 126.9598077, 37.5094517 ], [ 126.9595604, 37.5092607 ], [ 126.9597157, 37.5088361 ], [ 126.959717500000011, 37.5087795 ], [ 126.959644800000021, 37.5085816 ], [ 126.95960980000001, 37.50854 ] ] } },
{ "type": "Feature", "properties": { "학교": "중앙대", "u": "4613243677", "v": "4613247245", "key": 0, "highway": "residential", "name": "흑석로11길", "length_m": 83.198226790699351, "기준길이_m": 83.198226790699351, "조각수": 1, "최대경사_pct": 24.506384082714856, "B등급": "위험", "기준선_근처": false, "계단": false }, "geometry": { "type": "LineString", "coordinates": [ [ 126.96022720000002, 37.5079745 ], [ 126.9601815, 37.5080227 ], [ 126.95960980000001, 37.50854 ] ] } },
{ "type": "Feature", "properties": { "학교": "중앙대", "u": "4613243677", "v": "4178779526", "key": 0, "highway": "service", "name": "흑석로13마길", "length_m": 39.481782831276327, "기준길이_m": 60.0, "조각수": 1, "최대경사_pct": 16.833766589974601, "B등급": "위험", "기준선_근처": false, "계단": false }, "geometry": { "type": "LineString", "coordinates": [ [ 126.9592892, 37.5082926 ], [ 126.9595014, 37.5084632 ], [ 126.95960980000001, 37.50854 ] ] } },
{ "type": "Feature", "properties": { "학교": "중앙대", "u": "4613243837", "v": "4613243825", "key": 0, "highway": "residential", "name": "흑석로6길", "length_m": 44.760028082334273, "기준길이_m": 60.0, "조각수": 1, "최대경사_pct": 3.4840766660714921, "B등급": "양호", "기준선_근처": true, "계단": false }, "geometry": { "type": "LineString", "coordinates": [ [ 126.9571176, 37.5060467 ], [ 126.9571283, 37.5064499 ] ] } },
{ "type": "Feature", "properties": { "학교": "중앙대", "u": "4613243837", "v": "4613243835", "key": 0, "highway": "service", "name": "흑석로6가길", "length_m": 73.581518871171454, "기준길이_m": 73.581518871171454, "조각수": 1, "최대경사_pct": 3.6546134368051826, "B등급": "양호", "기준선_근처": true, "계단": false }, "geometry": { "type": "LineString", "coordinates": [ [ 126.9564339, 37.5060932 ], [ 126.9569709, 37.5064066 ], [ 126.9571283, 37.5064499 ] ] } },
{ "type": "Feature", "properties": { "학교": "중앙대", "u": "2890319153", "v": "4613247240", "key": 0, "highway": "tertiary", "name": "흑석로", "length_m": 62.99915732951321, "기준길이_m": 62.99915732951321, "조각수": 1, "최대경사_pct": 3.2288053861407762, "B등급": "양호", "기준선_근처": true, "계단": false }, "geometry": { "type": "LineString", "coordinates": [ [ 126.959073100000012, 37.5071863 ], [ 126.9588731, 37.5070887 ], [ 126.95864610000001, 37.5069641 ], [ 126.958578099999983, 37.5069309 ], [ 126.9584674, 37.506889 ] ] } },
{ "type": "Feature", "properties": { "학교": "중앙대", "u": "2829530628", "v": "2829530629", "key": 0, "highway": "residential", "name": "흑석로9길", "length_m": 44.025189284467189, "기준길이_m": 60.0, "조각수": 1, "최대경사_pct": 3.7878969398483875, "B등급": "양호", "기준선_근처": true, "계단": false }, "geometry": { "type": "LineString", "coordinates": [ [ 126.9597449, 37.507702200000011 ], [ 126.9601302, 37.50754 ], [ 126.9601712, 37.5075028 ] ] } },
{ "type": "Feature", "properties": { "학교": "중앙대", "u": "2829530628", "v": "4613243821", "key": 0, "highway": "residential", "name": "흑석로10길", "length_m": 83.255233834736572, "기준길이_m": 83.255233834736572, "조각수": 1, "최대경사_pct": 1.5939094989236249, "B등급": "양호", "기준선_근처": true, "계단": false }, "geometry": { "type": "LineString", "coordinates": [ [ 126.9601, 37.5067933 ], [ 126.9601132, 37.5068143 ], [ 126.9601776, 37.5071543 ], [ 126.9602375, 37.5074516 ], [ 126.9602233, 37.5074872 ], [ 126.9601712, 37.5075028 ] ] } },
{ "type": "Feature", "properties": { "학교": "중앙대", "u": "2829530628", "v": "4613243679", "key": 0, "highway": "tertiary", "name": "흑석로", "length_m": 36.876124335253671, "기준길이_m": 60.0, "조각수": 1, "최대경사_pct": 1.5743879792314144, "B등급": "양호", "기준선_근처": true, "계단": false }, "geometry": { "type": "LineString", "coordinates": [ [ 126.9605607, 37.5076214 ], [ 126.960261700000018, 37.5075335 ], [ 126.9601712, 37.5075028 ] ] } },
{ "type": "Feature", "properties": { "학교": "중앙대", "u": "2829530628", "v": "4613243823", "key": 0, "highway": "tertiary", "name": "흑석로", "length_m": 67.41122003895768, "기준길이_m": 67.41122003895768, "조각수": 1, "최대경사_pct": 2.4693457856747059, "B등급": "양호", "기준선_근처": true, "계단": false }, "geometry": { "type": "LineString", "coordinates": [ [ 126.959474400000019, 37.5072593 ], [ 126.95960239999998, 37.5072881 ], [ 126.9601712, 37.5075028 ] ] } },
{ "type": "Feature", "properties": { "학교": "중앙대", "u": "4613243821", "v": "4613243823", "key": 0, "highway": "residential", "name": [ "흑석로8길", "흑석로10길" ], "length_m": 108.15846995462843, "기준길이_m": 108.15846995462843, "조각수": 1, "최대경사_pct": 0.31213740431293446, "B등급": "양호", "기준선_근처": false, "계단": false }, "geometry": { "type": "LineString", "coordinates": [ [ 126.959474400000019, 37.5072593 ], [ 126.959636599999982, 37.5066841 ], [ 126.9601, 37.5067933 ] ] } },
{ "type": "Feature", "properties": { "학교": "중앙대", "u": "4613243821", "v": "10232790207", "key": 0, "highway": "service", "name": null, "length_m": 63.113485379375263, "기준길이_m": 63.113485379375263, "조각수": 1, "최대경사_pct": 3.1221850645286446, "B등급": "양호", "기준선_근처": true, "계단": false }, "geometry": { "type": "LineString", "coordinates": [ [ 126.9597652, 37.5062923 ], [ 126.95986, 37.5064687 ], [ 126.9599928, 37.5066426 ], [ 126.9601, 37.5067933 ] ] } },
{ "type": "Feature", "properties": { "학교": "중앙대", "u": "4613243823", "v": "8323580239", "key": 0, "highway": "service", "name": "흑석로13가길", "length_m": 30.968901697134829, "기준길이_m": 60.0, "조각수": 1, "최대경사_pct": 0.061068051010154299, "B등급": "양호", "기준선_근처": false, "계단": false }, "geometry": { "type": "LineString", "coordinates": [ [ 126.9596232, 37.5075119 ], [ 126.959474400000019, 37.5072593 ] ] } },
{ "type": "Feature", "properties": { "학교": "중앙대", "u": "4613243823", "v": "7775271120", "key": 0, "highway": "tertiary", "name": "흑석로", "length_m": 23.759164024635375, "기준길이_m": 60.0, "조각수": 1, "최대경사_pct": 1.7401006255713816, "B등급": "양호", "기준선_근처": true, "계단": false }, "geometry": { "type": "LineString", "coordinates": [ [ 126.9592115, 37.507215 ], [ 126.9592886, 37.5072282 ], [ 126.959474400000019, 37.5072593 ] ] } },
{ "type": "Feature", "properties": { "학교": "중앙대", "u": "4613247245", "v": "5106672540", "key": 0, "highway": "residential", "name": "흑석로11길", "length_m": 45.635963929399843, "기준길이_m": 60.0, "조각수": 1, "최대경사_pct": 4.4236196808620258, "B등급": "양호", "기준선_근처": true, "계단": false }, "geometry": { "type": "LineString", "coordinates": [ [ 126.9605383, 37.50764640000002 ], [ 126.96022720000002, 37.5079745 ] ] } },
{ "type": "Feature", "properties": { "학교": "중앙대", "u": "4613247245", "v": "4613247248", "key": 0, "highway": "service", "name": "흑석로13가길", "length_m": 132.2024479034971, "기준길이_m": 66.101223951748551, "조각수": 2, "최대경사_pct": 3.0152470361066741, "B등급": "양호", "기준선_근처": true, "계단": false }, "geometry": { "type": "LineString", "coordinates": [ [ 126.9613172, 37.508721100000017 ], [ 126.960696100000021, 37.5085005 ], [ 126.960583900000017, 37.508407099999985 ], [ 126.960481699999988, 37.508238100000014 ], [ 126.96022720000002, 37.5079745 ] ] } },
{ "type": "Feature", "properties": { "학교": "중앙대", "u": "2829530643", "v": "10232790156", "key": 0, "highway": "tertiary", "name": "흑석로", "length_m": 65.693524398089181, "기준길이_m": 65.693524398089181, "조각수": 1, "최대경사_pct": 13.657620206412766, "B등급": "위험", "기준선_근처": false, "계단": false }, "geometry": { "type": "LineString", "coordinates": [ [ 126.960674800000021, 37.5093825 ], [ 126.9600387, 37.5096884 ] ] } },
{ "type": "Feature", "properties": { "학교": "중앙대", "u": "10232790156", "v": "10232790157", "key": 0, "highway": "tertiary", "name": "흑석로", "length_m": 55.743122587514662, "기준길이_m": 60.0, "조각수": 1, "최대경사_pct": 5.9313034475268989, "B등급": "주의", "기준선_근처": true, "계단": false }, "geometry": { "type": "LineString", "coordinates": [ [ 126.961214600000019, 37.509123 ], [ 126.960674800000021, 37.5093825 ] ] } },
{ "type": "Feature", "properties": { "학교": "중앙대", "u": "10232790156", "v": "10232790154", "key": 0, "highway": "service", "name": null, "length_m": 67.133248990053602, "기준길이_m": 67.133248990053602, "조각수": 1, "최대경사_pct": 4.5566495081843836, "B등급": "양호", "기준선_근처": true, "계단": false }, "geometry": { "type": "LineString", "coordinates": [ [ 126.9611401, 37.50901910000001 ], [ 126.9606078, 37.5093075 ], [ 126.960674800000021, 37.5093825 ] ] } },
{ "type": "Feature", "properties": { "학교": "중앙대", "u": "2829530656", "v": "10232790157", "key": 0, "highway": "tertiary", "name": "흑석로", "length_m": 48.53841874283485, "기준길이_m": 60.0, "조각수": 1, "최대경사_pct": 2.8680444190470342, "B등급": "양호", "기준선_근처": true, "계단": false }, "geometry": { "type": "LineString", "coordinates": [ [ 126.961214600000019, 37.509123 ], [ 126.9616846, 37.508897 ] ] } },
{ "type": "Feature", "properties": { "학교": "중앙대", "u": "10232790157", "v": "10232790154", "key": 0, "highway": "service", "name": null, "length_m": 13.280226315510088, "기준길이_m": 60.0, "조각수": 1, "최대경사_pct": 0.81808347320344887, "B등급": "양호", "기준선_근처": false, "계단": false }, "geometry": { "type": "LineString", "coordinates": [ [ 126.9611401, 37.50901910000001 ], [ 126.961214600000019, 37.509123 ] ] } },
{ "type": "Feature", "properties": { "학교": "중앙대", "u": "4613247248", "v": "10232790154", "key": 0, "highway": "service", "name": "흑석로13길", "length_m": 38.439755428908775, "기준길이_m": 60.0, "조각수": 1, "최대경사_pct": 2.4059483443506067, "B등급": "양호", "기준선_근처": true, "계단": false }, "geometry": { "type": "LineString", "coordinates": [ [ 126.9611401, 37.50901910000001 ], [ 126.961118, 37.5089841 ], [ 126.9613172, 37.508721100000017 ] ] } },
{ "type": "Feature", "properties": { "학교": "중앙대", "u": "2829530668", "v": "4613247241", "key": 0, "highway": "service", "name": "흑석로13마길", "length_m": 79.385673173981289, "기준길이_m": 79.385673173981289, "조각수": 1, "최대경사_pct": 0.60582462346437516, "B등급": "양호", "기준선_근처": false, "계단": false }, "geometry": { "type": "LineString", "coordinates": [ [ 126.959014, 37.5073099 ], [ 126.9586498, 37.507574699999985 ], [ 126.958888200000018, 37.5078353 ] ] } },
{ "type": "Feature", "properties": { "학교": "중앙대", "u": "4613247241", "v": "4613247240", "key": 0, "highway": "service", "name": "흑석로13마길", "length_m": 14.679550499764495, "기준길이_m": 60.0, "조각수": 1, "최대경사_pct": 0.0, "B등급": "양호", "기준선_근처": false, "계단": false }, "geometry": { "type": "LineString", "coordinates": [ [ 126.959073100000012, 37.5071863 ], [ 126.959014, 37.5073099 ] ] } },
{ "type": "Feature", "properties": { "학교": "중앙대", "u": "4613247240", "v": "7775271120", "key": 0, "highway": "tertiary", "name": "흑석로", "length_m": 12.644693095198347, "기준길이_m": 60.0, "조각수": 1, "최대경사_pct": 0.81960864494412233, "B등급": "양호", "기준선_근처": false, "계단": false }, "geometry": { "type": "LineString", "coordinates": [ [ 126.9592115, 37.507215 ], [ 126.959073100000012, 37.5071863 ] ] } },
{ "type": "Feature", "properties": { "학교": "중앙대", "u": "4613243825", "v": "6963043036", "key": 0, "highway": "service", "name": "흑석로6길", "length_m": 50.181525242336342, "기준길이_m": 60.0, "조각수": 1, "최대경사_pct": 8.8451425423085492, "B등급": "위험", "기준선_근처": true, "계단": false }, "geometry": { "type": "LineString", "coordinates": [ [ 126.9566583, 37.5057811 ], [ 126.9571176, 37.5060467 ] ] } },
{ "type": "Feature", "properties": { "학교": "중앙대", "u": "3119042913", "v": "3119042915", "key": 0, "highway": "service", "name": null, "length_m": 170.45456750449657, "기준길이_m": 85.227283752248283, "조각수": 2, "최대경사_pct": 4.1068661948816487, "B등급": "양호", "기준선_근처": true, "계단": false }, "geometry": { "type": "LineString", "coordinates": [ [ 126.9507596, 37.5092323 ], [ 126.9505396, 37.5092018 ], [ 126.9489034, 37.5095826 ] ] } },
{ "type": "Feature", "properties": { "학교": "중앙대", "u": "3119042915", "v": "12056780871", "key": 0, "highway": "tertiary", "name": "매봉로", "length_m": 92.706760845170422, "기준길이_m": 92.706760845170422, "조각수": 1, "최대경사_pct": 9.1343252381107707, "B등급": "위험", "기준선_근처": true, "계단": false }, "geometry": { "type": "LineString", "coordinates": [ [ 126.951028, 37.5099627 ], [ 126.9507833, 37.509730900000029 ], [ 126.950654900000018, 37.5094846 ], [ 126.9507596, 37.5092323 ] ] } },
{ "type": "Feature", "properties": { "학교": "중앙대", "u": "12056766167", "v": "12056780871", "key": 0, "highway": "service", "name": null, "length_m": 113.15159129777626, "기준길이_m": 113.15159129777626, "조각수": 1, "최대경사_pct": 9.5181003360661567, "B등급": "위험", "기준선_근처": true, "계단": false }, "geometry": { "type": "LineString", "coordinates": [ [ 126.951028, 37.5099627 ], [ 126.950298299999986, 37.5100905 ], [ 126.950187299999982, 37.5101354 ], [ 126.9501121, 37.5102198 ], [ 126.9500524, 37.5104363 ] ] } },
{ "type": "Feature", "properties": { "학교": "중앙대", "u": "4612845666", "v": "4612824428", "key": 0, "highway": "residential", "name": "서달로14나길", "length_m": 23.620872675719866, "기준길이_m": 60.0, "조각수": 1, "최대경사_pct": 0.98445007337938739, "B등급": "양호", "기준선_근처": true, "계단": false }, "geometry": { "type": "LineString", "coordinates": [ [ 126.963863299999986, 37.5077778 ], [ 126.964032499999988, 37.5079425 ] ] } },
{ "type": "Feature", "properties": { "학교": "중앙대", "u": "4612845666", "v": "3888649126", "key": 0, "highway": "residential", "name": "서달로14길", "length_m": 57.66087002713634, "기준길이_m": 60.0, "조각수": 1, "최대경사_pct": 0.068833852915973395, "B등급": "양호", "기준선_근처": false, "계단": false }, "geometry": { "type": "LineString", "coordinates": [ [ 126.9645601, 37.507641900000017 ], [ 126.964254299999979, 37.5078483 ], [ 126.964032499999988, 37.5079425 ] ] } },
{ "type": "Feature", "properties": { "학교": "중앙대", "u": "3888649126", "v": "3888649127", "key": 0, "highway": "residential", "name": "서달로14길", "length_m": 35.397852929740019, "기준길이_m": 60.0, "조각수": 1, "최대경사_pct": 0.0, "B등급": "양호", "기준선_근처": false, "계단": false }, "geometry": { "type": "LineString", "coordinates": [ [ 126.9648824, 37.5074527 ], [ 126.9645601, 37.507641900000017 ] ] } },
{ "type": "Feature", "properties": { "학교": "중앙대", "u": "3888649127", "v": "4612824441", "key": 0, "highway": "service", "name": "서달로14바길", "length_m": 48.209369753089312, "기준길이_m": 60.0, "조각수": 1, "최대경사_pct": 0.0, "B등급": "양호", "기준선_근처": false, "계단": false }, "geometry": { "type": "LineString", "coordinates": [ [ 126.9645261, 37.5071239 ], [ 126.9648824, 37.5074527 ] ] } },
{ "type": "Feature", "properties": { "학교": "중앙대", "u": "4612824441", "v": "4612824427", "key": 0, "highway": "service", "name": "서달로14바길", "length_m": 44.407158477181341, "기준길이_m": 60.0, "조각수": 1, "최대경사_pct": 0.039552339526312721, "B등급": "양호", "기준선_근처": false, "계단": false }, "geometry": { "type": "LineString", "coordinates": [ [ 126.9644927, 37.5067402 ], [ 126.964472099999981, 37.5070741 ], [ 126.9645261, 37.5071239 ] ] } },
{ "type": "Feature", "properties": { "학교": "중앙대", "u": "4611290232", "v": "3888649136", "key": 0, "highway": "residential", "name": "서달로14라길", "length_m": 94.222818340784812, "기준길이_m": 94.222818340784812, "조각수": 1, "최대경사_pct": 5.8852527732569913, "B등급": "주의", "기준선_근처": true, "계단": false }, "geometry": { "type": "LineString", "coordinates": [ [ 126.9665933, 37.5062586 ], [ 126.966159200000021, 37.5063512 ], [ 126.9659232, 37.5064927 ], [ 126.965757599999989, 37.506592 ], [ 126.965652299999988, 37.506626 ] ] } },
{ "type": "Feature", "properties": { "학교": "중앙대", "u": "4611290232", "v": "4611290226", "key": 0, "highway": "service", "name": "현충로6길", "length_m": 84.743930824851901, "기준길이_m": 84.743930824851901, "조각수": 1, "최대경사_pct": 1.0442030000809228, "B등급": "양호", "기준선_근처": true, "계단": false }, "geometry": { "type": "LineString", "coordinates": [ [ 126.9662712, 37.507186500000017 ], [ 126.9661057, 37.507 ], [ 126.966022200000012, 37.5069631 ], [ 126.965845500000015, 37.5068577 ], [ 126.9657538, 37.506786 ], [ 126.9656853, 37.506704499999977 ], [ 126.965652299999988, 37.506626 ] ] } },
{ "type": "Feature", "properties": { "학교": "중앙대", "u": "3888649136", "v": "4611246528", "key": 0, "highway": "tertiary", "name": "흑석한강로", "length_m": 79.396293597149608, "기준길이_m": 79.396293597149608, "조각수": 1, "최대경사_pct": 2.870824693824567, "B등급": "양호", "기준선_근처": true, "계단": false }, "geometry": { "type": "LineString", "coordinates": [ [ 126.9670279, 37.5068846 ], [ 126.9665933, 37.5062586 ] ] } },
{ "type": "Feature", "properties": { "학교": "중앙대", "u": "3888649136", "v": "3888649139", "key": 0, "highway": "tertiary", "name": "흑석한강로", "length_m": 71.514651452953999, "기준길이_m": 71.514651452953999, "조각수": 1, "최대경사_pct": 6.7686803074549466, "B등급": "주의", "기준선_근처": true, "계단": false }, "geometry": { "type": "LineString", "coordinates": [ [ 126.9662642, 37.50567 ], [ 126.9665933, 37.5062586 ] ] } },
{ "type": "Feature", "properties": { "학교": "중앙대", "u": "3888649139", "v": "4611303880", "key": 0, "highway": [ "tertiary", "residential" ], "name": "흑석한강로", "length_m": 339.44903025711744, "기준길이_m": 67.889806051423491, "조각수": 5, "최대경사_pct": 8.7670777356865539, "B등급": "위험", "기준선_근처": true, "계단": false }, "geometry": { "type": "LineString", "coordinates": [ [ 126.9643982, 37.5031809 ], [ 126.964418599999988, 37.5032079 ], [ 126.9644451, 37.5032289 ], [ 126.9644832, 37.5032427 ], [ 126.96468179999998, 37.5032973 ], [ 126.964934, 37.5033909 ], [ 126.9650362, 37.5035126 ], [ 126.965105600000015, 37.5035952 ], [ 126.9651415, 37.5036805 ], [ 126.9652022, 37.503825 ], [ 126.9652297, 37.503922 ], [ 126.965288, 37.5042335 ], [ 126.9653503, 37.5044812 ], [ 126.9654516, 37.5048048 ], [ 126.9656248, 37.505005 ], [ 126.965936400000018, 37.5052544 ], [ 126.9661238, 37.50550590000001 ], [ 126.9662642, 37.50567 ] ] } },
{ "type": "Feature", "properties": { "학교": "중앙대", "u": "3888649139", "v": "6215701774", "key": 0, "highway": "service", "name": null, "length_m": 88.003688840199487, "기준길이_m": 88.003688840199487, "조각수": 1, "최대경사_pct": 3.2999714870289041, "B등급": "양호", "기준선_근처": true, "계단": false }, "geometry": { "type": "LineString", "coordinates": [ [ 126.9654997, 37.5059788 ], [ 126.9655453, 37.5060171 ], [ 126.9655963, 37.5060363 ], [ 126.965658, 37.506038400000016 ], [ 126.965700900000016, 37.506015 ], [ 126.96573309999998, 37.505987300000022 ], [ 126.965743800000013, 37.5059575 ], [ 126.9657975, 37.505836300000027 ], [ 126.9662642, 37.50567 ] ] } },
{ "type": "Feature", "properties": { "학교": "중앙대", "u": "4611303880", "v": "4611263521", "key": 0, "highway": "residential", "name": "흑석한강로", "length_m": 148.83150344892118, "기준길이_m": 74.415751724460591, "조각수": 2, "최대경사_pct": 12.639898672729071, "B등급": "위험", "기준선_근처": true, "계단": false }, "geometry": { "type": "LineString", "coordinates": [ [ 126.964300600000016, 37.5018422 ], [ 126.964353700000018, 37.5025015 ], [ 126.9643982, 37.5031809 ] ] } },
{ "type": "Feature", "properties": { "학교": "중앙대", "u": "8482522490", "v": "7775281607", "key": 0, "highway": "primary", "name": "현충로", "length_m": 31.945781869202481, "기준길이_m": 60.0, "조각수": 1, "최대경사_pct": 5.5011317769431107, "B등급": "양호", "기준선_근처": true, "계단": false }, "geometry": { "type": "LineString", "coordinates": [ [ 126.96649450000001, 37.507098299999988 ], [ 126.966817299999988, 37.506969 ] ] } },
{ "type": "Feature", "properties": { "학교": "중앙대", "u": "4611250951", "v": "4611263521", "key": 0, "highway": "residential", "name": [ "흑석한강로", "서달로2길" ], "length_m": 69.606865658434828, "기준길이_m": 69.606865658434828, "조각수": 1, "최대경사_pct": 15.546273333989333, "B등급": "위험", "기준선_근처": false, "계단": false }, "geometry": { "type": "LineString", "coordinates": [ [ 126.964300600000016, 37.5018422 ], [ 126.9642772, 37.5012375 ], [ 126.964266, 37.501217200000021 ] ] } },
{ "type": "Feature", "properties": { "학교": "중앙대", "u": "4611250951", "v": "4611263520", "key": 0, "highway": "service", "name": "서달로10길", "length_m": 77.083317947660078, "기준길이_m": 77.083317947660078, "조각수": 1, "최대경사_pct": 21.082207085135163, "B등급": "위험", "기준선_근처": false, "계단": false }, "geometry": { "type": "LineString", "coordinates": [ [ 126.9637539, 37.5017082 ], [ 126.9638132, 37.5014978 ], [ 126.9638805, 37.5013812 ], [ 126.964150100000012, 37.5012459 ], [ 126.964266, 37.501217200000021 ] ] } },
{ "type": "Feature", "properties": { "학교": "중앙대", "u": "4611263521", "v": "4611263519", "key": 0, "highway": "service", "name": null, "length_m": 50.511213740776938, "기준길이_m": 60.0, "조각수": 1, "최대경사_pct": 14.608591457622779, "B등급": "위험", "기준선_근처": false, "계단": false }, "geometry": { "type": "LineString", "coordinates": [ [ 126.9637385, 37.5017611 ], [ 126.964300600000016, 37.5018422 ] ] } },
{ "type": "Feature", "properties": { "학교": "중앙대", "u": "4611263520", "v": "4697324239", "key": 0, "highway": "service", "name": "서달로10길", "length_m": 63.848831589994816, "기준길이_m": 63.848831589994816, "조각수": 1, "최대경사_pct": 1.0861770754140914, "B등급": "양호", "기준선_근처": true, "계단": false }, "geometry": { "type": "LineString", "coordinates": [ [ 126.9630411, 37.5016163 ], [ 126.9631728, 37.5016323 ], [ 126.9637539, 37.5017082 ] ] } },
{ "type": "Feature", "properties": { "학교": "중앙대", "u": "10239817425", "v": "4697324239", "key": 0, "highway": "service", "name": null, "length_m": 6.2841224964972016, "기준길이_m": 60.0, "조각수": 1, "최대경사_pct": 18.312045170533697, "B등급": "위험", "기준선_근처": false, "계단": false }, "geometry": { "type": "LineString", "coordinates": [ [ 126.9630411, 37.5016163 ], [ 126.963029799999987, 37.5016722 ] ] } },
{ "type": "Feature", "properties": { "학교": "중앙대", "u": "10239817425", "v": "4697324237", "key": 0, "highway": "service", "name": null, "length_m": 40.959750632226957, "기준길이_m": 60.0, "조각수": 1, "최대경사_pct": 1.4453732405976776, "B등급": "양호", "기준선_근처": true, "계단": false }, "geometry": { "type": "LineString", "coordinates": [ [ 126.962661699999984, 37.5017243 ], [ 126.963012300000017, 37.501758700000018 ], [ 126.963029799999987, 37.5016722 ] ] } },
{ "type": "Feature", "properties": { "학교": "중앙대", "u": "4611290233", "v": "7775281607", "key": 0, "highway": "primary", "name": "현충로", "length_m": 2.5070969712211331, "기준길이_m": 60.0, "조각수": 1, "최대경사_pct": 3.6135266576182388, "B등급": "양호", "기준선_근처": true, "계단": false }, "geometry": { "type": "LineString", "coordinates": [ [ 126.96649450000001, 37.507098299999988 ], [ 126.96646920000002, 37.5071085 ] ] } },
{ "type": "Feature", "properties": { "학교": "중앙대", "u": "4611290233", "v": "4611290237", "key": 0, "highway": "service", "name": "현충로8길", "length_m": 48.898214999632302, "기준길이_m": 60.0, "조각수": 1, "최대경사_pct": 0.21783724931349133, "B등급": "양호", "기준선_근처": false, "계단": false }, "geometry": { "type": "LineString", "coordinates": [ [ 126.9661503, 37.5067486 ], [ 126.9662591, 37.5068664 ], [ 126.96646920000002, 37.5071085 ] ] } },
{ "type": "Feature", "properties": { "학교": "중앙대", "u": "4621493630", "v": "4621493618", "key": 0, "highway": "service", "name": "매봉로4가길", "length_m": 162.15868514490361, "기준길이_m": 81.079342572451807, "조각수": 2, "최대경사_pct": 6.9928634184938634, "B등급": "주의", "기준선_근처": true, "계단": false }, "geometry": { "type": "LineString", "coordinates": [ [ 126.953817, 37.5068435 ], [ 126.954024500000017, 37.5068568 ], [ 126.954164600000013, 37.5068438 ], [ 126.954365399999986, 37.5068346 ], [ 126.9544915, 37.5067697 ], [ 126.954540599999987, 37.5067957 ], [ 126.9545849, 37.506842 ], [ 126.954624599999988, 37.5069327 ], [ 126.9546363, 37.5069883 ], [ 126.954953900000021, 37.507116100000012 ], [ 126.9553228, 37.5072328 ], [ 126.9553742, 37.5072532 ] ] } },
{ "type": "Feature", "properties": { "학교": "중앙대", "u": "4621493630", "v": "4621493631", "key": 0, "highway": "service", "name": "흑석로3길", "length_m": 45.028327707569538, "기준길이_m": 60.0, "조각수": 1, "최대경사_pct": 8.4169894651133834, "B등급": "위험", "기준선_근처": true, "계단": false }, "geometry": { "type": "LineString", "coordinates": [ [ 126.9553205, 37.507649600000022 ], [ 126.9553134, 37.507375400000022 ], [ 126.9553742, 37.5072532 ] ] } },
{ "type": "Feature", "properties": { "학교": "중앙대", "u": "6963043036", "v": "4613243829", "key": 0, "highway": "service", "name": "흑석로6길", "length_m": 203.28863367869783, "기준길이_m": 67.762877892899283, "조각수": 3, "최대경사_pct": 10.852105452328416, "B등급": "위험", "기준선_근처": true, "계단": false }, "geometry": { "type": "LineString", "coordinates": [ [ 126.9547782, 37.5056373 ], [ 126.9552139, 37.5056032 ], [ 126.9558093, 37.5058683 ], [ 126.9560761, 37.5055206 ], [ 126.9566583, 37.5057811 ] ] } },
{ "type": "Feature", "properties": { "학교": "중앙대", "u": "4613243829", "v": "4613243835", "key": 0, "highway": "service", "name": "흑석로6가길", "length_m": 174.14886564050758, "기준길이_m": 87.07443282025379, "조각수": 2, "최대경사_pct": 9.8870079199657255, "B등급": "위험", "기준선_근처": true, "계단": false }, "geometry": { "type": "LineString", "coordinates": [ [ 126.9564339, 37.5060932 ], [ 126.956250400000016, 37.5060243 ], [ 126.9556116, 37.5061242 ], [ 126.955417200000014, 37.5060334 ], [ 126.9551809, 37.5059681 ], [ 126.9548789, 37.5058771 ], [ 126.9547782, 37.5056373 ] ] } },
{ "type": "Feature", "properties": { "학교": "중앙대", "u": "4613270071", "v": "4613249924", "key": 0, "highway": "residential", "name": "노량진로26길", "length_m": 53.911647951462058, "기준길이_m": 60.0, "조각수": 1, "최대경사_pct": 5.0520294608153664, "B등급": "양호", "기준선_근처": true, "계단": false }, "geometry": { "type": "LineString", "coordinates": [ [ 126.954222, 37.5116496 ], [ 126.9542581, 37.5117622 ], [ 126.9543721, 37.5121204 ] ] } },
{ "type": "Feature", "properties": { "학교": "중앙대", "u": "4613267682", "v": "4613249924", "key": 0, "highway": "residential", "name": "노량진로26길", "length_m": 23.309917961143366, "기준길이_m": 60.0, "조각수": 1, "최대경사_pct": 10.336227110116832, "B등급": "위험", "기준선_근처": true, "계단": false }, "geometry": { "type": "LineString", "coordinates": [ [ 126.954222, 37.5116496 ], [ 126.954156800000021, 37.5114461 ] ] } },
{ "type": "Feature", "properties": { "학교": "중앙대", "u": "4613249924", "v": "4613270044", "key": 0, "highway": "residential", "name": "노량진로26길", "length_m": 66.36725742450443, "기준길이_m": 66.36725742450443, "조각수": 1, "최대경사_pct": 5.7498674798794269, "B등급": "주의", "기준선_근처": true, "계단": false }, "geometry": { "type": "LineString", "coordinates": [ [ 126.9548032, 37.5112848 ], [ 126.9545564, 37.5115038 ], [ 126.954222, 37.5116496 ] ] } },
{ "type": "Feature", "properties": { "학교": "중앙대", "u": "4613270044", "v": "4613270031", "key": 0, "highway": "residential", "name": "노량진로26길", "length_m": 13.715433910486718, "기준길이_m": 60.0, "조각수": 1, "최대경사_pct": 8.1319447840766657, "B등급": "주의", "기준선_근처": true, "계단": false }, "geometry": { "type": "LineString", "coordinates": [ [ 126.9548979, 37.511187 ], [ 126.95481909999998, 37.511270700000011 ], [ 126.9548032, 37.5112848 ] ] } },
{ "type": "Feature", "properties": { "학교": "중앙대", "u": "4613270035", "v": "4613270056", "key": 0, "highway": "residential", "name": "노량진로26길", "length_m": 12.90895385446459, "기준길이_m": 60.0, "조각수": 1, "최대경사_pct": 17.445424105389396, "B등급": "위험", "기준선_근처": false, "계단": false }, "geometry": { "type": "LineString", "coordinates": [ [ 126.9552605, 37.5103698 ], [ 126.9553012, 37.5102581 ] ] } },
{ "type": "Feature", "properties": { "학교": "중앙대", "u": "4613270050", "v": "4613270056", "key": 0, "highway": "service", "name": "노량진로26길", "length_m": 110.71926535146375, "기준길이_m": 110.71926535146375, "조각수": 1, "최대경사_pct": 1.323748865399526, "B등급": "양호", "기준선_근처": true, "계단": false }, "geometry": { "type": "LineString", "coordinates": [ [ 126.9552605, 37.5103698 ], [ 126.9554273, 37.5105998 ], [ 126.955520799999988, 37.5107358 ], [ 126.955629900000019, 37.51093 ], [ 126.955759, 37.5110466 ], [ 126.95585029999998, 37.511055399999989 ], [ 126.956015, 37.5110219 ] ] } },
{ "type": "Feature", "properties": { "학교": "중앙대", "u": "4613249938", "v": "4613249952", "key": 0, "highway": "residential", "name": "노량진로32길", "length_m": 44.815524505280585, "기준길이_m": 60.0, "조각수": 1, "최대경사_pct": 9.9207056849744166, "B등급": "위험", "기준선_근처": true, "계단": false }, "geometry": { "type": "LineString", "coordinates": [ [ 126.9568668, 37.5108875 ], [ 126.956759600000012, 37.5106711 ], [ 126.9567293, 37.5105805 ], [ 126.956694, 37.5105084 ] ] } },
{ "type": "Feature", "properties": { "학교": "중앙대", "u": "4613249952", "v": "9555870578", "key": 0, "highway": "residential", "name": "노량진로30길", "length_m": 256.47712340470036, "기준길이_m": 64.119280851175091, "조각수": 4, "최대경사_pct": 15.129563131757241, "B등급": "위험", "기준선_근처": false, "계단": false }, "geometry": { "type": "LineString", "coordinates": [ [ 126.9554861, 37.5127502 ], [ 126.9555473, 37.5125777 ], [ 126.9556639, 37.512154200000019 ], [ 126.955773400000012, 37.5120877 ], [ 126.9559669, 37.511986 ], [ 126.9561278, 37.5118325 ], [ 126.956253700000019, 37.5117381 ], [ 126.9563166, 37.5115162 ], [ 126.9563563, 37.5114071 ], [ 126.9564262, 37.5113535 ], [ 126.956689600000018, 37.5112351 ], [ 126.9567946, 37.5111593 ], [ 126.9568808, 37.5110613 ], [ 126.9568668, 37.5108875 ] ] } },
{ "type": "Feature", "properties": { "학교": "중앙대", "u": "4613249952", "v": "4613249965", "key": 0, "highway": "residential", "name": "노량진로32길", "length_m": 62.300139909709898, "기준길이_m": 62.300139909709898, "조각수": 1, "최대경사_pct": 2.9359947143406857, "B등급": "양호", "기준선_근처": true, "계단": false }, "geometry": { "type": "LineString", "coordinates": [ [ 126.957274400000017, 37.5113379 ], [ 126.9571245, 37.5111206 ], [ 126.9569553, 37.5109986 ], [ 126.9568668, 37.5108875 ] ] } },
{ "type": "Feature", "properties": { "학교": "중앙대", "u": "4613249965", "v": "10579158603", "key": 0, "highway": [ "service", "path" ], "name": "노량진로32길", "length_m": 260.32350111541962, "기준길이_m": 65.080875278854904, "조각수": 4, "최대경사_pct": 16.339705340881331, "B등급": "위험", "기준선_근처": false, "계단": false }, "geometry": { "type": "LineString", "coordinates": [ [ 126.9596109, 37.5116335 ], [ 126.9593421, 37.511595599999985 ], [ 126.959288199999989, 37.5115999 ], [ 126.9591488, 37.5116682 ], [ 126.9591278, 37.5116692 ], [ 126.9589919, 37.5116156 ], [ 126.9589154, 37.511514899999987 ], [ 126.9589001, 37.5114502 ], [ 126.958833699999985, 37.5113622 ], [ 126.9587993, 37.511346 ], [ 126.9587374, 37.5113364 ], [ 126.9586832, 37.511339400000011 ], [ 126.958644300000017, 37.5113389 ], [ 126.9585283, 37.5112969 ], [ 126.95836749999998, 37.5112694 ], [ 126.9579235, 37.511442100000018 ], [ 126.95768630000002, 37.5115298 ], [ 126.957608, 37.511532599999981 ], [ 126.957538400000018, 37.5115039 ], [ 126.9574872, 37.5114398 ], [ 126.957483200000013, 37.5113095 ], [ 126.9574707, 37.5112795 ], [ 126.9574231, 37.5112732 ], [ 126.957359, 37.5112833 ], [ 126.957274400000017, 37.5113379 ] ] } },
{ "type": "Feature", "properties": { "학교": "중앙대", "u": "4613270031", "v": "4613270045", "key": 0, "highway": "residential", "name": "노량진로26길", "length_m": 46.863839766804794, "기준길이_m": 60.0, "조각수": 1, "최대경사_pct": 10.145973287557334, "B등급": "위험", "기준선_근처": true, "계단": false }, "geometry": { "type": "LineString", "coordinates": [ [ 126.9551169, 37.5108158 ], [ 126.955081800000016, 37.5109917 ], [ 126.9548979, 37.511187 ] ] } },
{ "type": "Feature", "properties": { "학교": "중앙대", "u": "4613270045", "v": "4613270056", "key": 0, "highway": "residential", "name": "노량진로26길", "length_m": 51.176685597994222, "기준길이_m": 60.0, "조각수": 1, "최대경사_pct": 16.142222124529169, "B등급": "위험", "기준선_근처": false, "계단": false }, "geometry": { "type": "LineString", "coordinates": [ [ 126.9552605, 37.5103698 ], [ 126.9551396, 37.5107021 ], [ 126.9551169, 37.5108158 ] ] } },
{ "type": "Feature", "properties": { "학교": "중앙대", "u": "4621488496", "v": "4621488501", "key": 0, "highway": "service", "name": "강남초등6길", "length_m": 72.614970537566919, "기준길이_m": 72.614970537566919, "조각수": 1, "최대경사_pct": 1.4202126361688094, "B등급": "양호", "기준선_근처": true, "계단": false }, "geometry": { "type": "LineString", "coordinates": [ [ 126.9514481, 37.5054243 ], [ 126.9522638, 37.5055003 ] ] } },
{ "type": "Feature", "properties": { "학교": "중앙대", "u": "4621493613", "v": "4621493616", "key": 0, "highway": "service", "name": "매봉로4길", "length_m": 63.660853467996994, "기준길이_m": 63.660853467996994, "조각수": 1, "최대경사_pct": 12.244170640147784, "B등급": "위험", "기준선_근처": true, "계단": false }, "geometry": { "type": "LineString", "coordinates": [ [ 126.9529125, 37.5082008 ], [ 126.9523187, 37.5078764 ] ] } },
{ "type": "Feature", "properties": { "학교": "중앙대", "u": "4621493613", "v": "8483284778", "key": 0, "highway": "service", "name": null, "length_m": 21.903279558150324, "기준길이_m": 60.0, "조각수": 1, "최대경사_pct": 8.2231583231622558, "B등급": "주의", "기준선_근처": true, "계단": false }, "geometry": { "type": "LineString", "coordinates": [ [ 126.952292, 37.5076802 ], [ 126.9523187, 37.5078764 ] ] } },
{ "type": "Feature", "properties": { "학교": "중앙대", "u": "4621493616", "v": "4621493615", "key": 0, "highway": "service", "name": "매봉로4길", "length_m": 35.929153276257352, "기준길이_m": 60.0, "조각수": 1, "최대경사_pct": 20.675949248095026, "B등급": "위험", "기준선_근처": false, "계단": false }, "geometry": { "type": "LineString", "coordinates": [ [ 126.953009900000012, 37.5084671 ], [ 126.95305, 37.508283200000015 ], [ 126.9529125, 37.5082008 ] ] } },
{ "type": "Feature", "properties": { "학교": "중앙대", "u": "4621493642", "v": "4621493643", "key": 0, "highway": "service", "name": "매봉로2길", "length_m": 74.869531505215406, "기준길이_m": 74.869531505215406, "조각수": 1, "최대경사_pct": 9.5963174725585194, "B등급": "위험", "기준선_근처": true, "계단": false }, "geometry": { "type": "LineString", "coordinates": [ [ 126.953315300000014, 37.5066829 ], [ 126.95325050000001, 37.5073555 ] ] } },
{ "type": "Feature", "properties": { "학교": "중앙대", "u": "5215341513", "v": "6964092877", "key": 0, "highway": "footway", "name": null, "length_m": 522.980323065015, "기준길이_m": 65.372540383126875, "조각수": 8, "최대경사_pct": 7.2094620998991639, "B등급": "주의", "기준선_근처": true, "계단": false }, "geometry": { "type": "LineString", "coordinates": [ [ 126.9621734, 37.5108909 ], [ 126.9614962, 37.5115058 ], [ 126.961367399999986, 37.5115909 ], [ 126.960441499999988, 37.512016 ], [ 126.9588193, 37.5124547 ], [ 126.9584827, 37.5125887 ], [ 126.958258, 37.5127093 ], [ 126.95715749999998, 37.5132486 ] ] } },
{ "type": "Feature", "properties": { "학교": "중앙대", "u": "6964092877", "v": "6964092883", "key": 0, "highway": "footway", "name": null, "length_m": 123.82632100313496, "기준길이_m": 61.913160501567482, "조각수": 2, "최대경사_pct": 17.277280590472213, "B등급": "위험", "기준선_근처": false, "계단": false }, "geometry": { "type": "LineString", "coordinates": [ [ 126.962935200000018, 37.5099547 ], [ 126.9621734, 37.5108909 ] ] } },
{ "type": "Feature", "properties": { "학교": "중앙대", "u": "6964092883", "v": "6964093585", "key": 0, "highway": "footway", "name": null, "length_m": 48.474851914549305, "기준길이_m": 60.0, "조각수": 1, "최대경사_pct": 5.9328292821153044, "B등급": "주의", "기준선_근처": true, "계단": false }, "geometry": { "type": "LineString", "coordinates": [ [ 126.963234, 37.5095885 ], [ 126.962935200000018, 37.5099547 ] ] } },
{ "type": "Feature", "properties": { "학교": "중앙대", "u": "6964093585", "v": "13675095845", "key": 0, "highway": "footway", "name": null, "length_m": 116.11224752541763, "기준길이_m": 116.11224752541763, "조각수": 1, "최대경사_pct": 0.5298991993738642, "B등급": "양호", "기준선_근처": false, "계단": false }, "geometry": { "type": "LineString", "coordinates": [ [ 126.9640106, 37.508745 ], [ 126.9639838, 37.5087719 ], [ 126.9637209, 37.509064400000014 ], [ 126.9634209, 37.5093795 ], [ 126.963234, 37.5095885 ] ] } },
{ "type": "Feature", "properties": { "학교": "중앙대", "u": "13675095845", "v": "13675095847", "key": 0, "highway": "tertiary", "name": "서달로", "length_m": 52.129125362204412, "기준길이_m": 60.0, "조각수": 1, "최대경사_pct": 2.9605947323337509e-15, "B등급": "양호", "기준선_근처": false, "계단": false }, "geometry": { "type": "LineString", "coordinates": [ [ 126.9645738, 37.5088823 ], [ 126.964292, 37.508802400000015 ], [ 126.9640106, 37.508745 ] ] } },
{ "type": "Feature", "properties": { "학교": "중앙대", "u": "12864823352", "v": "12864823363", "key": 0, "highway": "residential", "name": null, "length_m": 164.24779676032063, "기준길이_m": 82.123898380160313, "조각수": 2, "최대경사_pct": 6.6316598252353058, "B등급": "주의", "기준선_근처": true, "계단": false }, "geometry": { "type": "LineString", "coordinates": [ [ 126.9619801, 37.5039299 ], [ 126.96191850000001, 37.5039653 ], [ 126.9618469, 37.5039562 ], [ 126.9618031, 37.5038909 ], [ 126.9617924, 37.5037867 ], [ 126.9617718, 37.50372 ], [ 126.9618004, 37.5036796 ], [ 126.961829, 37.5036696 ], [ 126.961869299999989, 37.503535600000014 ], [ 126.961779, 37.5034285 ], [ 126.9614938, 37.5035547 ], [ 126.961152200000015, 37.503678100000023 ], [ 126.960887099999979, 37.503730199999985 ] ] } },
{ "type": "Feature", "properties": { "학교": "중앙대", "u": "13363604104", "v": "13363593899", "key": 0, "highway": "service", "name": null, "length_m": 120.76998179770941, "기준길이_m": 60.384990898854703, "조각수": 2, "최대경사_pct": 6.8583991536435098, "B등급": "주의", "기준선_근처": true, "계단": false }, "geometry": { "type": "LineString", "coordinates": [ [ 126.9501654, 37.5075873 ], [ 126.949238599999987, 37.5078761 ], [ 126.949191199999987, 37.507874 ], [ 126.94915730000001, 37.5078568 ], [ 126.9490841, 37.507733 ], [ 126.9490489, 37.5076878 ], [ 126.949015, 37.5076648 ] ] } }
]
}
