x,y,자치구,사고건수,사상자수,중상자수,사망자수,사망자_발생,지점명,경사_60m,도로등급,정류소수_100m,승하차_200m,log승하차,교차로수_300m,excess,bin,경사_60m_z,log승하차_z,정류소수_100m_z,교차로수_300m_z
199892.21071076024,553709.4252441761,서울특별시 종로구1,9,10,9,1,1,서울특별시 종로구 명륜2가(성균관대입구교차로 부근),3.082146761367852,1,5,10068.967741935485,9.217312782324704,6,2,b2-5.6,0.039715841504252385,0.24640418870533806,1.5974274787725962,-0.21713038586155783
198978.37332772376,552484.0863744336,서울특별시 종로구2,8,8,8,0,0,서울특별시 종로구 낙원동(낙원상가 부근),0.7555290471463986,3,0,912.741935483871,6.817548185289196,8,1,a≤2,-0.7061925167377989,-1.71567993643996,-1.3993706879556367,0.6188215997054396
197959.17697353853,552258.5775826372,서울특별시 종로구3,7,8,8,0,0,서울특별시 종로구 세종로(세종로180 부근),0.6985522901779717,1,4,21476.74193548387,9.974772419050506,14,0,a≤2,-0.7244591356965121,0.8657147371207788,0.9980678454269497,3.1266775564064315
202097.69460465733,552840.8186030985,서울특별시 종로구4,7,8,7,0,0,서울특별시 종로구 숭인동(신설동역6번출구 부근),0.2927033808905932,1,3,18935.90322580645,9.848867848926483,7,0,a≤2,-0.8545733748216,0.762773240847037,0.3987082120813031,0.20084560692194087
198879.40189140814,552283.4819955801,서울특별시 종로구5,7,8,7,0,0,서울특별시 종로구 종로2가(종로2가교차로 부근),1.0173709019220567,1,4,22906.548387096773,10.039221759119,9,0,a≤2,-0.6222466124231657,0.9184095002574199,0.9980678454269497,1.0367975924889383
201898.04759744418,552759.724777471,서울특별시 종로구6,7,7,7,0,0,서울특별시 종로구 숭인동(신설동역11번출구 부근),0.6183772026088974,3,1,12779.48387096774,9.455674588792865,8,0,a≤2,-0.750163086790417,0.4412924361150544,-0.8000110546099901,0.6188215997054396
196689.46748698043,550231.040396583,서울특별시 중구1,9,9,8,1,1,서울특별시 중구 만리동2가(용산구마포구 부근),2.142067061441584,1,5,6682.483870967742,8.807394668147262,4,2,b2-5.6,-0.2616715765071018,-0.0887511117064697,1.5974274787725962,-1.0530823714285553
197567.761322253,550615.8590605141,서울특별시 중구2,8,10,9,0,0,서울특별시 중구 남대문로5가(서울역91번출구 부근),1.470149627553609,1,6,34906.22580645161,10.460449129924843,5,1,a≤2,-0.4770867806990386,1.2628114213274335,2.1967871121182427,-0.6351063786450565
200929.18765515546,550593.7237947184,서울특별시 중구3,8,9,9,0,0,서울특별시 중구 신당동(약수역앞교차로 부근),4.18896944487494,1,0,6558.129032258064,8.788613103650633,6,1,b2-5.6,0.39456068157979374,-0.10410720521237127,-1.3993706879556367,-0.21713038586155783
201603.04856723463,551797.7785864582,서울특별시 중구4,8,8,8,0,0,서울특별시 중구 황학동(신당역서울6호선 부근),1.3145293365048023,1,1,5795.096774193548,8.664940000021948,8,1,a≤2,-0.5269782927836565,-0.2052242204550545,-0.8000110546099901,0.6188215997054396
201943.38518032266,551759.573721258,서울특별시 중구5,8,8,8,0,0,서울특별시 중구 신당동(기업은행성동지점 부근),3.382072145517121,1,3,8484.193548387097,9.046077988060743,6,1,b2-5.6,0.13587123889439007,0.10640000999844282,0.3987082120813031,-0.21713038586155783
200081.96468040944,551889.7247052748,서울특별시 중구6,7,8,6,1,1,서울특별시 중구 을지로5가(중부시장앞 부근),1.5671939229942093,1,1,2812.8387096774195,7.942304918930517,11,0,a≤2,-0.4459745998511089,-0.7960616811935436,-0.8000110546099901,1.8727495780559356
197605.54067737085,551036.2229046081,서울특별시 중구7,7,10,8,0,0,서울특별시 중구 남대문로5가(연세봉래빌딩 부근),3.854822854903984,3,3,12837.225806451612,9.46018239062899,9,0,b2-5.6,0.28743404327822875,0.44497808362935126,0.3987082120813031,1.0367975924889383
198481.38682546953,551881.2085937245,서울특별시 중구8,7,8,8,0,0,서울특별시 중구 을지로1가(을지로1가 부근),0.574958884769797,1,0,10229.258064516129,9.233105084875406,5,0,a≤2,-0.7640829009390994,0.25931621606523064,-1.3993706879556367,-0.6351063786450565
200950.2590695587,550393.7576030807,서울특별시 중구9,7,9,7,0,0,서울특별시 중구 신당동(약수역서울3호선 부근),5.565886547136975,3,2,7438.645161290323,8.914578433314816,4,0,b2-5.6,0.835997179250128,-0.0011160310121584905,-0.2006514212643435,-1.0530823714285553
199580.71794063065,548325.6700777144,서울특별시 용산구1,8,8,8,0,0,서울특별시 용산구 이태원동(이태원소방파출소 부근),1.6175933828273634,1,1,8752.32258064516,9.07718863077724,8,1,a≤2,-0.4298166474248703,0.13183654584554722,-0.8000110546099901,0.6188215997054396
200581.8245926626,548190.937909223,서울특별시 용산구2,7,8,8,0,0,서울특별시 용산구 한남동(순천향병원 부근),1.014225020000478,2,3,9065.09677419355,9.112297105852996,10,0,a≤2,-0.6232551750267274,0.16054177038686104,0.3987082120813031,1.4547735852724368
205057.07691638145,549415.2059630465,서울특별시 성동구1,7,10,8,0,0,서울특별시 성동구 성수동2가(성수역앞교차로 부근),13.065613475400722,1,3,994.4193548387096,6.9031641105178245,7,0,d>8.3,3.240392609634293,-1.645679050537136,0.3987082120813031,0.20084560692194087
205658.57431077212,549178.3094625098,서울특별시 광진구1,7,7,6,1,1,서울특별시 광진구 화양동(성수사거리 부근),17.896268090877047,1,2,3863.7419354838707,8.259650189189195,5,0,d>8.3,4.7890895147767285,-0.5365953494818072,-0.2006514212643435,-0.6351063786450565
206179.617047687,549021.016716148,서울특별시 광진구2,7,7,6,1,1,서울특별시 광진구 자양동(건대입구역앞교차로 부근),5.551075125129635,3,1,15325.580645161292,9.637343897094901,3,0,b2-5.6,0.831248670973416,0.5898280326005946,-0.8000110546099901,-1.4710583642120538
204035.20891050744,553451.3662180589,서울특별시 동대문구1,12,14,13,1,1,서울특별시 동대문구 청량리동(청량리역 부근),0.1943082124156644,1,6,34489.032258064515,10.44842564121791,7,5,a≤2,-0.8861186424981352,1.2529808336315067,2.1967871121182427,0.20084560692194087
203635.8078658391,553309.1852493394,서울특별시 동대문구2,10,10,10,0,0,서울특별시 동대문구 제기동(우리은행청량리중앙지 부근),0.5189166657711327,3,3,17702.483870967742,9.781516728061895,7,3,a≤2,-0.7820499091459131,0.707705937486367,0.3987082120813031,0.20084560692194087
203376.45811379046,553167.7499012162,서울특별시 동대문구3,9,9,9,0,0,서울특별시 동대문구 용두동(경동시장앞교차로 부근),0.04666880991275472,1,2,10300.354838709678,9.240030703306202,7,2,a≤2,-0.9334514998298923,0.26497870729318845,-0.2006514212643435,0.20084560692194087
203395.40061006305,553367.929419202,서울특별시 동대문구4,8,10,8,1,1,서울특별시 동대문구 제기동(경동시장앞교차로 부근),0.10229084767607569,1,2,10358.516129032258,9.245660809030863,7,1,a≤2,-0.9156192007734058,0.26958196757917374,-0.2006514212643435,0.20084560692194087
205510.21450031654,554499.6287820422,서울특별시 동대문구5,8,8,7,1,1,서울특별시 동대문구 휘경동(위생병원앞교차로 부근),2.263526224873734,1,3,9305.709677419356,9.138490889696735,4,1,b2-5.6,-0.22273204439774366,0.1819582074493868,0.3987082120813031,-1.0530823714285553
206581.14730334937,552524.5428483792,서울특별시 동대문구6,7,7,6,1,1,서울특별시 동대문구 장안동(장안APT 부근),1.1575693454505547,1,2,4814.1935483870975,8.479531520389479,8,0,a≤2,-0.5772993096491789,-0.3568170204336813,-0.2006514212643435,0.6188215997054396
203297.49358562246,552967.2507744433,서울특별시 동대문구7,7,7,6,1,1,서울특별시 동대문구 용두동(용신동주민센터 부근),0.6289088118305516,3,0,7335.774193548387,8.900654541839735,6,0,a≤2,-0.7467866767785127,-0.012500416987870614,-1.3993706879556367,-0.21713038586155783
205944.74374034666,551800.8707544747,서울특별시 동대문구8,7,9,8,0,0,서울특별시 동대문구 장안동(장안동우리은행 부근),0.6115282681936101,2,2,3161.8064516129034,8.059215030036889,5,0,a≤2,-0.7523588396183042,-0.7004741917563906,-0.2006514212643435,-0.6351063786450565
203731.58482099255,554110.0105243085,서울특별시 동대문구9,7,9,8,0,0,서울특별시 동대문구 청량리동(영휘원사거리 부근),0.6052812221626583,1,2,1526.4193548387098,7.331334894129078,7,0,a≤2,-0.7543616283963348,-1.2956000892871575,-0.2006514212643435,0.20084560692194087
205929.51709502295,554661.9244354975,서울특별시 동대문구10,7,9,7,0,0,서울특별시 동대문구 휘경동(중랑교사거리 부근),1.1550917109228258,1,3,8281.838709677419,9.021941027956352,7,0,a≤2,-0.5780936336550547,0.08666526338679827,0.3987082120813031,0.20084560692194087
205137.10323662357,553177.1200360728,서울특별시 동대문구11,7,7,7,0,0,서울특별시 동대문구 전농동(전농동29568 부근),2.4272292994248326,3,1,7075.225806451613,8.864495966366274,7,0,b2-5.6,-0.17024921026852516,-0.04206421962584105,-0.8000110546099901,0.20084560692194087
203359.21911150112,552647.4532903205,서울특별시 동대문구12,7,7,7,0,0,서울특별시 동대문구 용두동(서울시설공단 부근),4.894286813893656,1,2,4937.290322580644,8.504774461733078,11,0,b2-5.6,0.6206838291637538,-0.3361780066973199,-0.2006514212643435,1.8727495780559356
206301.36333255796,552463.0302267233,서울특별시 동대문구13,7,7,7,0,0,서울특별시 동대문구 장안동(장안동46914 부근),0.2243507991616826,1,2,9268.645161290322,9.134500379649314,10,0,a≤2,-0.8764870573777729,0.17869550558898345,-0.2006514212643435,1.4547735852724368
202996.21277260612,553185.7340040233,서울특별시 동대문구14,7,7,7,0,0,서울특별시 동대문구 제기동(용두교 부근),5.312024221154144,1,0,4600.387096774193,8.4341130797993,4,0,b2-5.6,0.7546094937546078,-0.3939518299816392,-1.3993706879556367,-1.0530823714285553
203533.85449857116,553668.7845758295,서울특별시 동대문구15,7,7,7,0,0,서울특별시 동대문구 제기동(식당재료유통할인 부근),0.24346169693682343,3,0,3320.483870967742,8.108166911145211,5,0,a≤2,-0.870360146928818,-0.660450387364372,-1.3993706879556367,-0.6351063786450565
204421.52363434728,552292.963967687,서울특별시 동대문구16,7,7,7,0,0,서울특별시 동대문구 답십리동(신답고가차도남측 부근),2.960594732333751e-15,3,1,938.2903225806451,6.845124614148125,6,0,a≤2,-0.9484134143594477,-1.6931330277310213,-0.8000110546099901,-0.21713038586155783
205190.522835319,554417.8952718289,서울특별시 동대문구17,7,7,7,0,0,서울특별시 동대문구 휘경동(백합빌딩 부근),1.8561772065602493,1,2,19085.290322580644,9.856725572146253,5,0,a≤2,-0.35332721507166637,0.7691978351628053,-0.2006514212643435,-0.6351063786450565
207677.50804056524,553290.6798026284,서울특별시 중랑구1,8,9,8,0,0,서울특별시 중랑구 면목동(면남초등교입구 부근),4.362582942704188,2,2,7212.709677419356,8.883738616325875,7,1,b2-5.6,0.4502207749173916,-0.026331135614975344,-0.2006514212643435,0.20084560692194087
207752.10651308033,554311.4836544651,서울특별시 중랑구2,7,9,6,1,1,서울특별시 중랑구 면목동(면목역앞교차로 부근),3.4333749248632786,1,5,14249.322580645163,9.564534822678835,8,0,b2-5.6,0.15231879350615052,0.5302982231956386,1.5974274787725962,0.6188215997054396
208406.49288038877,555415.4064627052,서울특별시 중랑구3,7,7,6,1,1,서울특별시 중랑구 망우동(LG전자스토어 부근),2.422245886687969,3,3,7335.419354838709,8.90060617626634,7,0,b2-5.6,-0.17184688108065524,-0.012539961418136574,0.3987082120813031,0.20084560692194087
206839.2031874739,556667.5626425868,서울특별시 중랑구4,7,8,8,0,0,서울특별시 중랑구 묵동(묵동우체국 부근),0.6070394210834291,3,2,3849.935483870968,8.256071380589912,8,0,a≤2,-0.7537979538130809,-0.5395214379607608,-0.2006514212643435,0.6188215997054396
206972.98947270683,554087.2486789685,서울특별시 중랑구5,7,7,7,0,0,서울특별시 중랑구 면목동(면목2동사거리 부근),0.14731131495758257,1,2,5954.387096774193,8.69205148333321,6,0,a≤2,-0.9011857411500331,-0.18305745831518466,-0.2006514212643435,-0.21713038586155783
206648.50437140168,554905.8474379936,서울특별시 중랑구6,7,7,7,0,0,서울특별시 중랑구 상봉동(우리은행중랑교지점 부근),0.0688484072666166,1,3,11092.677419354839,9.314130623155734,6,0,a≤2,-0.926340771261308,0.32556393160681907,0.3987082120813031,-0.21713038586155783
208808.23928234883,555117.4255457536,서울특별시 중랑구7,7,7,7,0,0,서울특별시 중랑구 망우동(우림시장앞교차로 부근),1.9952642569439405,2,2,4883.096774193548,8.493739649570234,7,0,a≤2,-0.3087362224172738,-0.34520023737587185,-0.2006514212643435,0.20084560692194087
206469.3966227686,554724.8223232895,서울특별시 중랑구8,7,7,7,0,0,서울특별시 중랑구 면목동(서울시체육회앞교차로 부근),0.0,1,2,1651.0645161290322,7.409781006665233,5,0,a≤2,-0.9484134143594487,-1.2314613515640118,-0.2006514212643435,-0.6351063786450565
208007.0902264094,555273.2238927314,서울특별시 중랑구9,7,7,7,0,0,서울특별시 중랑구 상봉동(한일써너스빌103동 부근),0.0,3,1,9475.096774193547,9.15652777778389,6,0,a≤2,-0.9484134143594487,0.19670544216838634,-0.8000110546099901,-0.21713038586155783
206775.451244326,557367.5016326506,서울특별시 중랑구10,7,7,7,0,0,서울특별시 중랑구 묵동(극동늘푸른아파트 부근),1.1790988321687301,2,3,2392.5161290322576,7.78051874749056,15,0,a≤2,-0.57039700507478,-0.928340521810875,0.3987082120813031,3.54465354918993
208606.2475646903,555476.4939558548,서울특별시 중랑구11,7,7,7,0,0,서울특별시 중랑구 망우동(신내지하차도앞교차로 부근),0.5588595537210495,3,3,12923.645161290324,9.466891245327842,9,0,a≤2,-0.7692443099312014,0.4504633455249491,0.3987082120813031,1.0367975924889383
202200.6972233749,556042.6234576699,서울특별시 성북구1,8,8,8,0,0,서울특별시 성북구 길음동(길음역앞교차로 부근),3.1491552858951506,1,4,24192.935483870966,10.093857280899348,10,1,b2-5.6,0.06119862237231809,0.9630803359246671,0.9980678454269497,1.4547735852724368
201586.8632864052,554838.8842934389,서울특별시 성북구2,7,7,7,0,0,서울특별시 성북구 동선동1가(성신여대입구역사거리 부근),4.373894703233709,1,2,32903.58064516129,10.401367156398168,8,0,b2-5.6,0.453847299667817,1.2145050989147486,-0.2006514212643435,0.6188215997054396
202821.34957368154,555965.897084617,서울특별시 성북구3,7,7,7,0,0,서울특별시 성북구 종암동(종암사거리 부근),0.7080288608811003,1,2,803.1290322580644,6.689759744185328,4,0,a≤2,-0.7214209686389297,-1.8201617143513016,-0.2006514212643435,-1.0530823714285553
203381.9802994104,555888.8508034418,서울특별시 성북구4,7,7,7,0,0,서울특별시 성북구 하월곡동(성북트리즘빌딩앞교차 부근),3.9384413934853,1,2,3058.6774193548385,8.026064770878014,10,0,b2-5.6,0.3142419569507421,-0.7275783491060035,-0.2006514212643435,1.4547735852724368
201861.85193400478,555800.7249230983,서울특별시 성북구5,7,7,7,0,0,서울특별시 성북구 정릉동(미진미싱 부근),11.037245980836268,1,0,4320.032258064516,8.371249601320525,5,0,d>8.3,2.590102594848432,-0.4453499685019702,-1.3993706879556367,-0.6351063786450565
204139.59488912733,556393.0824952336,서울특별시 성북구6,7,7,7,0,0,서울특별시 성북구 상월곡동(부동산 부근),5.005954307888061,3,3,2334.2580645161293,7.755877684131485,4,0,b2-5.6,0.65648417427642,-0.9484874309299054,0.3987082120813031,-1.0530823714285553
203004.185141895,555446.6660440165,서울특별시 성북구7,7,7,7,0,0,서울특별시 성북구 종암동(속성변화점 부근),4.038809027076043,3,3,11062.129032258064,9.311373149372667,3,0,b2-5.6,0.34641959246632265,0.32330937899697415,0.3987082120813031,-1.4710583642120538
202715.66583858954,557025.7511703623,서울특별시 강북구1,11,14,11,0,0,서울특별시 강북구 미아동(미아삼거리역 부근),0.9118178392421032,3,4,43574.64516129032,10.682253676045464,5,4,a≤2,-0.6560866847349035,1.4441622002188057,0.9980678454269497,-0.6351063786450565
202419.78768352367,559985.3385436982,서울특별시 강북구2,8,9,7,1,1,서울특별시 강북구 수유동(강북구청사거리 부근),1.6954074175954403,1,3,22087.645161290326,10.002818961861909,9,1,a≤2,-0.4048696444998674,0.8886460181653617,0.3987082120813031,1.0367975924889383
202618.47444916985,560246.4996311304,서울특별시 강북구3,7,8,7,1,1,서울특별시 강북구 번동(강북구도봉구 부근),0.7474776063194829,1,1,6732.225806451613,8.814809625254806,6,0,a≤2,-0.7087737903918152,-0.08268852971517016,-0.8000110546099901,-0.21713038586155783
203506.68550867387,558770.650157769,서울특별시 강북구4,7,9,6,1,1,서울특별시 강북구 번동(새마을금고 부근),4.224540959011431,2,6,6636.645161290324,8.8005125351853,8,0,b2-5.6,0.4059648282720289,-0.09437804855206137,2.1967871121182427,0.6188215997054396
203076.11696713069,556967.6474200884,서울특별시 강북구5,7,8,6,1,1,서울특별시 강북구 미아동(방천시장입구교차로 부근),2.9008923515032357,2,6,9324.483870967742,9.14050613281381,9,0,b2-5.6,-0.01839391088860649,0.18360590094949333,2.1967871121182427,1.0367975924889383
201851.30269946734,557781.4455729557,서울특별시 강북구6,7,7,6,1,1,서울특별시 강북구 미아동(삼양동사거리 부근),2.7597653379355336,1,2,8748.41935483871,9.07674261770277,9,0,b2-5.6,-0.06363891110950169,0.13147187875523958,-0.2006514212643435,1.0367975924889383
202348.07402297386,558424.3433517133,서울특별시 강북구7,7,8,7,0,0,서울특별시 강북구 미아동(삼성생명 부근),1.9278814514861864,1,1,13634.93548387097,9.520463901937637,10,0,a≤2,-0.33033899690210383,0.49426516642262763,-0.8000110546099901,1.4547735852724368
202613.17825266396,557485.3860920593,서울특별시 강북구8,7,8,7,0,0,서울특별시 강북구 미아동(삼양입구사거리 부근),0.0,1,1,4686.1612903225805,8.45258240960341,13,0,a≤2,-0.9484134143594487,-0.3788510243211653,-0.8000110546099901,2.708701563622933
201497.3200845916,560380.5791436748,서울특별시 강북구9,7,7,7,0,0,서울특별시 강북구 수유동(국민마트 부근),1.310401662401522,3,0,4006.0,8.295798110636145,4,0,a≤2,-0.5283016157322081,-0.5070402577383601,-1.3993706879556367,-1.0530823714285553
203054.58270682258,561009.123199012,서울특별시 도봉구1,9,13,9,0,0,서울특별시 도봉구 쌍문동(이영수의원입구 부근),1.6990425253349293,1,3,28078.90322580645,10.242809411759394,6,2,a≤2,-0.40370423720952425,1.084865869275769,0.3987082120813031,-0.21713038586155783
203904.6568385161,562934.4121990444,서울특별시 도봉구2,8,8,8,0,0,서울특별시 도봉구 방학동(녹산교회 부근),2.6884901367524114,3,0,7940.129032258064,8.979810739630857,9,1,b2-5.6,-0.08648957882895764,0.05221889726681946,-1.3993706879556367,1.0367975924889383
203409.8079328249,561931.3793258038,서울특별시 도봉구3,7,8,8,0,0,서울특별시 도봉구 쌍문동(도봉보건소교차로 부근),2.8974488127963425,1,2,3825.3548387096776,8.249667889743039,6,0,b2-5.6,-0.019497901581921207,-0.5447570297149202,-0.2006514212643435,-0.21713038586155783
202888.87121058497,562068.656948052,서울특별시 도봉구4,7,8,7,0,0,서울특별시 도봉구 쌍문동(쌍문주택은행 부근),6.47003678193516,1,2,7538.612903225806,8.927926120589385,7,0,c5.6-8.3,1.125865692293817,0.009797241623494417,-0.2006514212643435,0.20084560692194087
204332.38479133707,561516.1320656436,서울특별시 도봉구5,7,7,7,0,0,서울특별시 도봉구 창동(도봉구보건소 부근),7.539312486266674,1,1,10626.225806451612,9.271174459519175,6,0,c5.6-8.3,1.4686730560694874,0.2904423172399127,-0.8000110546099901,-0.21713038586155783
202876.86316845124,560568.0026739816,서울특별시 도봉구6,7,7,7,0,0,서울특별시 도봉구 쌍문동(성북택시 부근),1.3755706223585307,1,3,5505.870967741935,8.613751858398174,6,0,a≤2,-0.5074085950899491,-0.2470764255420728,0.3987082120813031,-0.21713038586155783
205352.54603388897,561561.5864356952,서울특별시 노원구1,7,7,5,2,1,서울특별시 노원구 상계동(노원역6번출구 부근),0.3082657928309966,1,2,10211.09677419355,9.231328254833663,9,0,a≤2,-0.8495841008769387,0.25786345273073835,-0.2006514212643435,1.0367975924889383
206913.69124260894,557708.3732199705,서울특별시 노원구2,7,9,6,1,1,서울특별시 노원구 공릉동(서울동아의원 부근),0.5937639772528828,2,4,4407.677419354839,8.391330018552221,7,0,a≤2,-0.7580540309726631,-0.42893191319551355,0.9980678454269497,0.20084560692194087
206489.2325754324,562267.9245449906,서울특별시 노원구3,7,9,8,0,0,서울특별시 노원구 중계동(중계동45321 부근),3.0134934352627716,3,3,13030.129032258064,9.475096315041862,14,0,b2-5.6,0.017705740983706534,0.4571719356306103,0.3987082120813031,3.1266775564064315
204858.71342061978,564119.9667885539,서울특별시 노원구4,7,8,7,0,0,서울특별시 노원구 상계동(수락산역 부근),3.152620652274602,1,2,5204.322580645161,8.557436954276655,5,0,b2-5.6,0.06230961096791074,-0.29312034981798285,-0.2006514212643435,-0.6351063786450565
207203.31061456937,563432.1938568627,서울특별시 노원구5,7,7,7,0,0,서울특별시 노원구 상계동(기업은행 부근),4.8615612561737835,1,2,1434.5161290322578,7.269279735326808,6,0,b2-5.6,0.6101920896389588,-1.346337333315057,-0.2006514212643435,-0.21713038586155783
193068.46866213705,557674.6363132448,서울특별시 은평구1,12,14,12,0,0,서울특별시 은평구 대조동(연신내역앞교차로 부근),1.8803328992261232,1,4,34059.48387096775,10.435893160544651,6,5,a≤2,-0.3455829548313755,1.2427340863430159,0.9980678454269497,-0.21713038586155783
193733.60488319202,556757.8265398697,서울특별시 은평구2,9,10,9,1,1,서울특별시 은평구 대조동(불광역6번출구 부근),2.103375112744583,1,0,8878.967741935483,9.091553203314694,7,2,b2-5.6,-0.2740761274367002,0.1435812393771771,-1.3993706879556367,0.20084560692194087
193115.1962609423,556414.4028245364,서울특별시 은평구3,7,9,7,1,1,서울특별시 은평구 역촌동(역촌역앞교차로 부근),1.0664820016348624,1,2,6411.322580645161,8.765976821360619,6,0,a≤2,-0.6065017053272018,-0.12261497476127205,-0.2006514212643435,-0.21713038586155783
192825.82560700228,558153.527352804,서울특별시 은평구4,7,8,7,1,1,서울특별시 은평구 갈현동(갈현사안경나라 부근),3.7464404292344136,3,3,3476.032258064516,8.153934409521488,7,0,b2-5.6,0.252686883614084,-0.6230301828482133,0.3987082120813031,0.20084560692194087
191630.2173539761,553485.3812884155,서울특별시 은평구5,7,8,6,1,1,서울특별시 은평구 증산동(증산시장 부근),1.099515346974448,2,1,2528.8387096774195,7.8359108285737324,8,0,a≤2,-0.5959112897901405,-0.883051111721938,-0.8000110546099901,0.6188215997054396
193672.51794216761,556957.5780114487,서울특별시 은평구6,7,7,6,1,1,서울특별시 은평구 대조동(불광전화국앞 부근),6.152772938769703,1,4,7201.0,8.882114044208821,5,0,c5.6-8.3,1.0241516242977782,-0.02765941054867618,0.9980678454269497,-0.6351063786450565
192706.6588483402,554231.393574328,서울특별시 은평구7,7,7,7,0,0,서울특별시 은평구 응암동(파리바게뜨 부근),4.743465162813718,3,1,6141.5161290322585,8.722989730200965,10,0,b2-5.6,0.5723307501612425,-0.15776187594263122,-0.8000110546099901,1.4547735852724368
192095.68769424054,556248.9122567831,서울특별시 은평구8,7,7,7,0,0,서울특별시 은평구 역촌동(서북병원사거리 부근),6.10333729783763,1,3,5545.967741935484,8.621006704630984,6,0,c5.6-8.3,1.008302670023558,-0.24114475264325994,0.3987082120813031,-0.21713038586155783
192907.77245200617,557793.8262735065,서울특별시 은평구9,7,7,7,0,0,서울특별시 은평구 갈현동(연신내역 부근),1.567814736577855,3,1,12059.935483870968,9.397727036416375,6,0,a≤2,-0.4457755684253095,0.3939136337319413,-0.8000110546099901,-0.21713038586155783
195127.4122011603,554264.2874390222,서울특별시 서대문구1,11,11,9,2,1,서울특별시 서대문구 홍제동(서부빌딩 부근),8.08404470001276,1,3,28040.225806451614,10.24143105654291,8,4,c5.6-8.3,1.6433129673678788,1.083738905034186,0.3987082120813031,0.6188215997054396
194825.17515375259,554662.8323702228,서울특별시 서대문구2,9,9,8,1,1,서울특별시 서대문구 홍은동(홍은사거리 부근),4.46260014318143,1,2,7532.129032258064,8.927065776612762,5,2,b2-5.6,0.4822860623721938,0.009093811270041876,-0.2006514212643435,-0.6351063786450565
197021.07480621396,551833.4233958095,서울특별시 서대문구3,8,9,9,0,0,서울특별시 서대문구 미근동(서대문역 부근),1.2754068937193708,1,5,20027.451612903227,9.904909122272063,7,1,a≤2,-0.5395208591408738,0.8085934404283308,1.5974274787725962,0.20084560692194087
193982.22463752297,551397.0938055675,서울특별시 서대문구4,8,8,8,0,0,서울특별시 서대문구 창천동(창천오피스텔 부근),5.787705508175011,1,2,7969.387096774193,8.983488339836205,2,1,c5.6-8.3,0.9071118346761078,0.05522575926922532,-0.2006514212643435,-1.8890343569955526
195045.14701575882,554684.011189743,서울특별시 서대문구5,7,10,5,2,1,서울특별시 서대문구 홍제동(홍제교 부근),21.979002604169875,2,4,5349.548387096775,8.584954336898134,8,0,d>8.3,6.098004932781901,-0.27062171821309544,0.9980678454269497,0.6188215997054396
192468.38435227697,553889.9951903473,서울특별시 서대문구6,7,8,7,0,0,서울특별시 서대문구 북가좌동(은현교회 부근),6.215305100514754,1,2,1710.1935483870968,7.444946387533819,5,0,c5.6-8.3,1.0441992934182658,-1.2027095999788044,-0.2006514212643435,-0.6351063786450565
195045.6885688549,550822.5283538117,서울특별시 서대문구7,7,7,7,0,0,서울특별시 서대문구 대현동(신촌기차역입구교차로 부근),7.618051234366992,1,4,9802.516129032258,9.190496388986158,10,0,c5.6-8.3,1.4939165199899003,0.22447869662656875,0.9980678454269497,1.4547735852724368
195355.79787209738,548943.4537214249,서울특별시 마포구1,7,9,8,0,0,서울특별시 마포구 도화동(진도빌딩 부근),1.3975424769598188,3,4,15348.774193548386,9.638856042389122,6,0,a≤2,-0.5003644683763071,0.5910643856497101,0.9980678454269497,-0.21713038586155783
195575.1317079591,549084.6739998752,서울특별시 마포구2,7,8,8,0,0,서울특별시 마포구 도화동(독막길입구 부근),2.7568986666513893,3,2,10069.90322580645,9.2174056764079,6,0,b2-5.6,-0.06455795941645195,0.24648014032416887,-0.2006514212643435,-0.21713038586155783
193028.6952769003,550111.5309867744,서울특별시 마포구3,7,8,7,0,0,서울특별시 마포구 서교동(태성빌딩 부근),3.7842376442891337,3,3,1558.6129032258063,7.352192930494201,6,0,b2-5.6,0.264804584968826,-1.2785462407203994,0.3987082120813031,-0.21713038586155783
188709.19612676196,549708.4131736242,서울특별시 양천구1,10,10,10,0,0,서울특별시 양천구 목동(서울도시가스앞교차로 부근),0.8277923922857037,1,1,4192.870967741936,8.341379445071068,6,3,a≤2,-0.6830250523088716,-0.4697722636992026,-0.8000110546099901,-0.21713038586155783
185698.0387818813,547831.7019969005,서울특별시 양천구2,8,10,10,0,0,서울특별시 양천구 신월동(곰달래사거리 부근),0.8764442833625186,2,4,3510.967741935484,8.163931769614727,9,1,a≤2,-0.6674273664592985,-0.6148561888004066,0.9980678454269497,1.0367975924889383
185176.26334370198,548129.0402585603,서울특별시 양천구3,7,9,8,0,0,서울특별시 양천구 신월동(대한빌라 부근),1.468958235200996,3,0,2475.8387096774195,7.814738312180505,2,0,a≤2,-0.47746873838307397,-0.9003620839547348,-1.3993706879556367,-1.8890343569955526
185218.08537355223,547789.1353079234,서울특별시 양천구4,7,8,8,0,0,서울특별시 양천구 신월동(서서울호수공원앞교차 부근),3.4522543456888024,1,2,2722.3870967741937,7.909631640768622,4,0,b2-5.6,0.15837149297046263,-0.8227758516072181,-0.2006514212643435,-1.0530823714285553
186882.7024387523,547037.6991793659,서울특별시 양천구5,7,9,7,0,0,서울특별시 양천구 신월동(명성빌딩 부근),4.245433554560947,1,3,7675.8387096774195,8.945963115056253,9,0,b2-5.6,0.41266294698336564,0.024544563320170118,0.3987082120813031,1.0367975924889383
184854.34439984747,548467.4558995109,서울특별시 양천구6,7,7,7,0,0,서울특별시 양천구 신월동(신월사거리 부근),2.549069639145435,1,3,5731.0,8.653819788948063,6,0,b2-5.6,-0.13118747390627977,-0.21431627458540087,0.3987082120813031,-0.21713038586155783
187501.32302854382,547341.1004042989,서울특별시 양천구7,7,7,7,0,0,서울특별시 양천구 신정동(영등포여상사거리 부근),1.4030288338362122,1,0,2675.8064516129034,7.892379740425748,11,0,a≤2,-0.49860555481462215,-0.8368812683773285,-1.3993706879556367,1.8727495780559356
188188.1632789307,549865.7024815324,서울특별시 양천구8,7,7,7,0,0,서울특별시 양천구 목동(롯데캐슬위너앞사거리 부근),3.684275295025659,2,1,9475.580645161292,9.156578838745583,6,0,b2-5.6,0.23275688268865677,0.19674719038922317,-0.8000110546099901,-0.21713038586155783
187948.18594607624,549844.4186965018,서울특별시 양천구9,7,7,7,0,0,서울특별시 양천구 목동(SC제일은행등촌지점 부근),1.0795607741994986,1,0,7092.258064516129,8.866900043525739,5,0,a≤2,-0.6023086805290676,-0.04009860948389734,-1.3993706879556367,-0.6351063786450565
187741.40665743797,547342.3766340084,서울특별시 양천구10,7,7,7,0,0,서울특별시 양천구 신정동(이화빌딩 부근),1.1390355319732566,1,1,7552.451612903226,8.929759905045902,11,0,a≤2,-0.5832412081821065,0.011296571755922847,-0.8000110546099901,1.8727495780559356
186535.77731054922,548316.3359439448,서울특별시 강서구1,8,8,8,0,0,서울특별시 강서구 화곡동(한라한의원 부근),2.9032503033464843,3,1,212.09677419354838,5.361746401465589,4,1,b2-5.6,-0.017637956879720276,-2.9059656723521816,-0.8000110546099901,-1.0530823714285553
185467.3241185517,549831.2243137367,서울특별시 강서구2,8,8,8,0,0,서울특별시 강서구 화곡동(우장산역앞교차로 부근),3.1826636690299517,2,4,7395.516129032258,8.908764374960246,7,1,b2-5.6,0.07194133394828871,-0.005869693773190336,0.9980678454269497,0.20084560692194087
186457.45143235836,547995.7993244112,서울특별시 강서구3,7,8,6,1,1,서울특별시 강서구 화곡동(화곡사거리 부근),7.049144425046301,1,1,21687.806451612905,9.984551574718692,9,0,c5.6-8.3,1.3115262882215846,0.8737103239035721,-0.8000110546099901,1.0367975924889383
185971.4341182026,549093.6278935061,서울특별시 강서구4,7,7,6,1,1,서울특별시 강서구 화곡동(화곡역사거리 부근),4.866482461861329,3,3,9276.548387096775,9.135352608453006,6,0,b2-5.6,0.6117698170122746,0.17939230085331156,0.3987082120813031,-0.21713038586155783
186877.9164458411,547938.0121460829,서울특별시 강서구5,7,9,7,0,0,서울특별시 강서구 화곡동(동면빌딩 부근),2.9451434991604115,2,1,3870.0322580645166,8.261276483806816,6,0,b2-5.6,-0.0042070933905992,-0.5352656662053787,-0.8000110546099901,-0.21713038586155783
183396.1834466891,551780.9384237881,서울특별시 강서구6,7,8,7,0,0,서울특별시 강서구 방화동(국제예식장 부근),2.711780331457856,1,1,1376.1290322580644,7.227756199682131,9,0,b2-5.6,-0.07902279527028047,-1.3802876091916878,-0.8000110546099901,1.0367975924889383
187957.12253445626,548163.8325569986,서울특별시 강서구7,7,7,7,0,0,서울특별시 강서구 화곡동(목동사거리 부근),3.947489229275473,1,2,8786.419354838708,9.081076358818056,5,0,b2-5.6,0.31714267256836987,0.1350152115701729,-0.2006514212643435,-0.6351063786450565
186884.73083416402,550418.9807748734,서울특별시 강서구8,7,7,7,0,0,서울특별시 강서구 화곡동(신라빌딩 부근),0.6209624692299947,2,2,10010.16129032258,9.211455878599516,13,0,a≤2,-0.7493342561797096,0.2416154949160002,-0.2006514212643435,2.708701563622933
186158.2860579562,544052.7307167135,서울특별시 구로구1,10,12,9,1,1,서울특별시 구로구 오류동(쉬즈미스 부근),1.743955067186554,1,2,7658.935483870967,8.943758840228014,7,3,a≤2,-0.3893053782340037,0.02274231461073913,-0.2006514212643435,0.20084560692194087
190383.6917896809,543334.8958480818,서울특별시 구로구2,8,8,8,0,0,서울특별시 구로구 구로동(영서중 부근),3.659553133299965,2,3,3078.5806451612907,8.032548712529389,10,1,b2-5.6,0.22483101375355435,-0.7222769795474031,0.3987082120813031,1.4547735852724368
189637.0552599996,544531.384883698,서울특별시 구로구3,7,9,6,1,1,서울특별시 구로구 구로동(AK플라자앞 부근),4.238230207713345,1,7,12919.548387096775,9.466574221257568,12,0,b2-5.6,0.4103535703341207,0.45020414181124263,2.7961467454638895,2.2907255708394345
189641.83792852145,543631.0691613049,서울특별시 구로구4,7,8,7,0,0,서울특별시 구로구 구로동(가마산고가차도남측 부근),1.143761033509557,3,2,6675.774193548387,8.806390244737019,7,0,a≤2,-0.5817262231154723,-0.08957234360171397,-0.2006514212643435,0.20084560692194087
187612.5223717935,545240.9004122836,서울특별시 구로구5,7,8,7,0,0,서울특별시 구로구 고척동(고척2파출소앞교차로 부근),0.5714890307467287,1,4,6980.225806451613,8.850979797307708,8,0,a≤2,-0.7651953282630495,-0.05311524553702918,0.9980678454269497,0.6188215997054396
190028.02805969305,542492.6881758196,서울특별시 구로구6,7,7,7,0,0,서울특별시 구로구 가리봉동(현대자동차AS센타 부근),0.42502616681369493,1,2,4816.870967741936,8.480087401525601,5,0,a≤2,-0.8121509899998018,-0.3563625235409439,-0.2006514212643435,-0.6351063786450565
191147.67819928797,542638.6872764763,서울특별시 구로구7,7,7,7,0,0,서울특별시 구로구 구로동(구로단지우체국 부근),0.22413392387645578,2,4,15285.870967741936,9.634749632312696,10,0,a≤2,-0.8765565871019548,0.5877069221583969,0.9980678454269497,1.4547735852724368
189762.94268357634,543431.6367271666,서울특별시 구로구8,7,7,7,0,0,서울특별시 구로구 구로동(구로정형외과앞교차로 부근),2.872820878596792,1,3,10175.451612903227,9.227831664793955,6,0,b2-5.6,-0.027393561386018846,0.2550045873997275,0.3987082120813031,-0.21713038586155783
191378.59091415914,540599.1368060362,서울특별시 금천구1,8,12,10,0,0,서울특별시 금천구 독산동(독산4동사거리 부근),6.11309237859946,1,2,7437.580645161291,8.914435336127733,5,1,c5.6-8.3,1.0114301267738004,-0.0012330294542036014,-0.2006514212643435,-0.6351063786450565
191453.20213702501,541619.9213145394,서울특별시 금천구2,8,10,9,0,0,서울특별시 금천구 독산동(gs25시 부근),5.503661723615867,1,2,4254.677419354838,8.356009233824425,4,1,b2-5.6,0.8160480420666426,-0.4578107253455445,-0.2006514212643435,-1.0530823714285553
190934.50598846734,541337.0608146443,서울특별시 금천구3,7,7,5,2,1,서울특별시 금천구 독산동(독산1동새마을금고 부근),1.6946743450473682,1,2,11470.967741935483,9.347661750940006,9,0,a≤2,-0.40510466589485744,0.3529794929518826,-0.2006514212643435,1.0367975924889383
191946.8588953978,539081.573713168,서울특별시 금천구4,7,8,6,1,1,서울특별시 금천구 시흥동(은행나무오거리 부근),3.232410337569653,1,6,7824.483870967742,8.965140850041951,10,0,b2-5.6,0.08789000296754648,0.04022457185857636,2.1967871121182427,1.4547735852724368
191663.57466459484,539680.2990147199,서울특별시 금천구5,7,7,6,1,1,서울특별시 금천구 시흥동(장혁빌딩 부근),3.997953826471381,1,1,3266.8064516129034,8.091874228893355,4,0,b2-5.6,0.3333215078852591,-0.6737715327975096,-0.8000110546099901,-1.0530823714285553
191336.3464148924,541019.0723625212,서울특별시 금천구6,7,13,9,0,0,서울특별시 금천구 독산동(박재영과위원 부근),3.0406002182884486,1,1,4369.677419354839,8.38267329194659,6,0,b2-5.6,0.02639611409499015,-0.43600978486243197,-0.8000110546099901,-0.21713038586155783
191204.68665267364,539437.7721983435,서울특별시 금천구7,7,9,7,0,0,서울특별시 금천구 시흥동(시흥사거리 부근),3.104898218897798,1,3,10109.225806451614,9.22130264672569,7,0,b2-5.6,0.047009907147285826,0.24966636267537087,0.3987082120813031,0.20084560692194087
190289.71295128675,542193.9638975607,서울특별시 금천구8,7,8,7,0,0,서울특별시 금천구 가산동(디지털단지오거리 부근),6.6629350287932345,1,1,13881.16129032258,9.538359934498118,7,0,c5.6-8.3,1.1877084323976952,0.5088972355153126,-0.8000110546099901,0.20084560692194087
191033.1603920555,541597.6834978816,서울특별시 금천구9,7,7,7,0,0,서울특별시 금천구 독산동(우리은행독산동점입구 부근),4.901974032007838,1,3,10039.41935483871,9.214374160783674,6,0,b2-5.6,0.6231483338427776,0.24400152692651664,0.3987082120813031,-0.21713038586155783
191648.51693409044,546282.7341948126,서울특별시 영등포구1,14,15,13,1,1,서울특별시 영등포구 영등포동(롯데백화점 부근),1.7155515427948367,1,1,29418.64516129032,10.289417932943682,5,7,a≤2,-0.3984114836839071,1.122973706863322,-0.8000110546099901,-0.6351063786450565
191806.6593943191,546643.7120038413,서울특별시 영등포구2,14,15,14,0,0,서울특별시 영등포구 영등포동5가(경방필백화점 부근),0.9179618413495424,1,2,13343.58064516129,9.498865637228075,5,7,a≤2,-0.654116931604863,0.4766060958747633,-0.2006514212643435,-0.6351063786450565
190921.56356046576,547539.3500936066,서울특별시 영등포구3,8,9,8,0,0,서울특별시 영등포구 당산동3가(영등포구청앞교차로 부근),0.6107898883862154,1,0,2954.1612903225805,7.991308510524108,5,1,a≤2,-0.7525955625085867,-0.7559955975203093,-1.3993706879556367,-0.6351063786450565
192006.942699783,546604.7612034342,서울특별시 영등포구4,8,9,8,0,0,서울특별시 영등포구 영등포동3가(선한치과 부근),0.6084171352792881,1,3,8287.129032258064,9.02257953294203,4,1,a≤2,-0.7533562617690126,0.08718731479874658,0.3987082120813031,-1.0530823714285553
191428.8645907018,546201.5363771976,서울특별시 영등포구5,7,7,6,1,1,서울특별시 영등포구 문래동3가(청과시장입구교차로 부근),7.667723721782546,1,0,9683.967741935485,9.178330245111283,8,0,c5.6-8.3,1.5098414067091324,0.21453147189018631,-1.3993706879556367,0.6188215997054396
192630.98973475758,545887.8027958373,서울특별시 영등포구6,7,8,8,0,0,서울특별시 영등포구 신길동(대신시장 부근),1.9909320253325133,3,4,6256.290322580644,8.741502514567234,5,0,a≤2,-0.31012512603863435,-0.1426255411695596,0.9980678454269497,-0.6351063786450565
191849.3318494156,546143.7481384488,서울특별시 영등포구7,7,8,7,0,0,서울특별시 영등포구 영등포동(영등포역1번출구 부근),7.589405743140626,1,2,2580.258064516129,7.856032180972212,4,0,c5.6-8.3,1.4847328405220226,-0.8665995871989569,-0.2006514212643435,-1.0530823714285553
192134.21494567764,545244.9185890697,서울특별시 영등포구8,7,7,7,0,0,서울특별시 영등포구 신길동(사러가시장앞교차로 부근),6.083549871310652,1,2,6904.612903225807,8.840089824138264,6,0,c5.6-8.3,1.0019588659923435,-0.062019053646132936,-0.2006514212643435,-0.21713038586155783
191242.82553938986,543559.5427775661,서울특별시 영등포구9,7,7,7,0,0,서울특별시 영등포구 대림동(대림공원교차로 부근),0.5179716613451113,3,2,1031.8064516129032,6.940035086233394,6,0,a≤2,-0.7823528754199325,-1.6155327785988365,-0.2006514212643435,-0.21713038586155783
191828.04878217386,546383.7265326767,서울특별시 영등포구10,7,7,7,0,0,서울특별시 영등포구 영등포동3가(영등포역앞교차로 부근),0.6781180361881223,1,3,25215.967741935485,10.1352723700119,5,0,a≤2,-0.7310103111441598,0.9969419442630849,0.3987082120813031,-0.6351063786450565
194018.81433662097,544514.648359765,서울특별시 동작구1,11,12,12,0,0,서울특별시 동작구 상도동(성대약국 부근),0.3946949585314978,2,4,13130.806451612902,9.48279253982972,4,4,a≤2,-0.8218751065295524,0.46346448636598725,0.9980678454269497,-1.0530823714285553
198354.17417814786,541936.6707566832,서울특별시 동작구2,9,10,9,0,0,서울특별시 동작구 사당동(사당역사거리 부근),11.544272856746373,1,1,9629.09677419355,9.17264855398296,5,2,d>8.3,2.752654260419867,0.20988603459161387,-0.8000110546099901,-0.6351063786450565
198327.68588943934,543157.003841844,서울특별시 동작구3,9,9,9,0,0,서울특별시 동작구 사당동(동작대로27길34 부근),0.17226305075040158,3,0,15384.09677419355,9.641154577901686,3,2,a≤2,-0.8931862712900956,0.5929437033318925,-1.3993706879556367,-1.4710583642120538
195840.9510472355,544244.2206849055,서울특별시 동작구4,8,9,7,1,1,서울특별시 동작구 상도동(리치타운 부근),8.807489242335471,3,3,18399.90322580645,9.820155030751328,7,1,d>8.3,1.8752476455681941,0.7392972029059618,0.3987082120813031,0.20084560692194087
194591.15398930156,545998.2578103285,서울특별시 동작구5,7,9,6,2,1,서울특별시 동작구 노량진동(노량진삼거리 부근),0.9980635174004604,1,2,15290.290322580646,9.635038685328508,5,0,a≤2,-0.6284365160770502,0.587943256311485,-0.2006514212643435,-0.6351063786450565
196595.48302334626,545328.6465150139,서울특별시 동작구6,7,7,6,1,1,서울특별시 동작구 흑석동(명수대상가 부근),1.6714189193738258,2,5,15416.161290322581,9.64323653745439,12,0,a≤2,-0.41256030258082527,0.594645945207034,1.5974274787725962,2.2907255708394345
198209.6615335768,542776.2295446588,서울특별시 동작구7,7,31,13,0,0,서울특별시 동작구 사당동(대성문구인쇄 부근),0.7362605194372603,1,5,8393.483870967742,9.035330087093673,5,0,a≤2,-0.7123699629858062,0.09761236228825783,1.5974274787725962,-0.6351063786450565
198033.74029166147,541994.9926292102,서울특별시 동작구8,7,8,7,0,0,서울특별시 동작구 사당동(신한은행사당지점 부근),2.199259694415089,3,1,7008.322580645161,8.854996339217147,2,0,b2-5.6,-0.24333574819115417,-0.0498312596293177,-0.8000110546099901,-1.8890343569955526
193095.9366766492,544989.9291264063,서울특별시 동작구9,7,7,7,0,0,서울특별시 동작구 대방동(해군회관앞교차로 부근),2.3656751587545584,1,6,6269.677419354839,8.743639669155327,8,0,b2-5.6,-0.18998332805234355,-0.14087817099189368,2.1967871121182427,0.6188215997054396
193263.64593803143,543550.2688777209,서울특별시 동작구10,7,7,7,0,0,서울특별시 동작구 신대방동(우성차밍빌 부근),0.40967573324351153,3,2,1708.8709677419356,7.444173189188792,11,0,a≤2,-0.8170723041601173,-1.2033417787351044,-0.2006514212643435,1.8727495780559356
197188.33857776877,542950.8752352991,서울특별시 동작구11,7,7,7,0,0,서울특별시 동작구 사당동(남성역앞교차로 부근),4.2757142116140185,3,4,3013.3225806451605,8.01113040087984,7,0,b2-5.6,0.4223708569037994,-0.739788917729552,0.9980678454269497,0.20084560692194087
191367.01197745334,542779.9054475063,서울특별시 관악구1,12,13,12,0,0,서울특별시 관악구 신림동(구로디지털단지역앞교 부근),2.753850304498477,1,6,51457.25806451613,10.848526234981342,10,5,b2-5.6,-0.06553525740352881,1.5801091796593667,2.1967871121182427,1.4547735852724368
191569.3137440497,542360.8197305555,서울특별시 관악구2,9,10,9,0,0,서울특별시 관악구 신림동(구로전화국앞교차로 부근),8.129989005248396,2,2,8083.612903225806,8.997717892476109,6,2,c5.6-8.3,1.6580426073424257,0.06686005847389088,-0.2006514212643435,-0.21713038586155783
193448.27890496913,542690.920178781,서울특별시 관악구3,8,11,7,2,1,서울특별시 관악구 신림동(봉림교앞교차로 부근),2.41682898205152,1,1,18779.064516129034,9.840551188119987,3,1,b2-5.6,-0.17358352841185617,0.7559734121626724,-0.8000110546099901,-1.4710583642120538
196994.1102787592,541849.4180689657,서울특별시 관악구4,8,8,8,0,0,서울특별시 관악구 봉천동(까치고개 부근),7.429439950131685,1,3,11324.516129032258,9.334813523620241,5,1,c5.6-8.3,1.4334481703723696,0.3424745863908348,0.3987082120813031,-0.6351063786450565
195049.80432100757,542519.356069652,서울특별시 관악구5,7,9,5,2,1,서울특별시 관악구 봉천동(임마누엘교회 부근),1.6332007022442894,1,3,8391.387096774193,9.03508027589199,8,0,a≤2,-0.4248129762451664,0.09740811284074569,0.3987082120813031,0.6188215997054396
193787.7621609011,542812.7691054362,서울특별시 관악구6,7,13,7,1,1,서울특별시 관악구 신림동(SK허브그린 부근),0.7330326659003698,1,2,51974.35483870968,10.858524939806511,5,0,a≤2,-0.7134048055031785,1.5882842731805027,-0.2006514212643435,-0.6351063786450565
192813.57655548616,541647.1518670316,서울특별시 관악구7,7,8,8,0,0,서울특별시 관악구 신림동(뿌리약국 부근),5.181176522959443,2,3,8058.645161290324,8.994624809877754,6,0,b2-5.6,0.712660018710393,0.06433110697944355,0.3987082120813031,-0.21713038586155783
197035.18687105656,541649.5588869799,서울특별시 관악구8,7,8,7,0,0,서울특별시 관악구 봉천동(플랫화이트 부근),4.69060403794303,3,4,4833.258064516129,8.483482945133504,3,0,b2-5.6,0.5553835935114372,-0.3535862753132906,0.9980678454269497,-1.4710583642120538
196652.92601460617,542047.6838148113,서울특별시 관악구9,7,7,7,0,0,서울특별시 관악구 봉천동(낙성대역앞교차로 부근),6.380222896002532,1,5,13986.09677419355,9.545890524622427,12,0,c5.6-8.3,1.0970715643226203,0.5150543608242435,1.5974274787725962,2.2907255708394345
193789.0371523152,542572.6838246975,서울특별시 관악구10,7,7,7,0,0,서울특별시 관악구 신림동(청암인터그린타워 부근),2.8661840194564547,1,4,27394.41935483871,10.218131101569854,6,0,b2-5.6,-0.029521323362123885,1.0646885065802267,0.9980678454269497,-0.21713038586155783
195610.42912330214,542442.3024085548,서울특별시 관악구11,7,7,7,0,0,서울특별시 관악구 봉천동(호혜빌딩입구 부근),2.4192846149854104,1,2,13219.612903225807,9.489532474148385,9,0,b2-5.6,-0.1727962580670259,0.4689751594326332,-0.2006514212643435,1.0367975924889383
195250.3006389328,542440.3899692813,서울특별시 관악구12,7,7,7,0,0,서울특별시 관악구 봉천동(봉천본동농협앞 부근),1.3201906963060375,3,0,4824.1612903225805,8.481599441260512,11,0,a≤2,-0.5251632736814874,-0.3551262567987303,-1.3993706879556367,1.8727495780559356
200377.58919663206,545208.6880523993,서울특별시 서초구1,8,8,7,1,1,서울특별시 서초구 잠원동(고속터미널역앞교차로 부근),1.0224683814902462,2,3,38031.90322580645,10.546206938418896,8,1,a≤2,-0.6206123720438205,1.3329283131514456,0.3987082120813031,0.6188215997054396
201823.95823603717,544115.941611094,서울특별시 서초구2,8,9,9,0,0,서울특별시 서초구 서초동(서초삼익아파트 부근),6.832895656608358,2,1,3028.612903225807,8.016190135631131,3,1,c5.6-8.3,1.2421974239000182,-0.7356520014481719,-0.8000110546099901,-1.4710583642120538
202261.46132341705,544618.4621011222,서울특별시 서초구3,8,8,8,0,0,서울특별시 서초구 서초동(서초동1390 부근),3.9389454235571955,3,7,35117.93548387097,10.466495736465951,8,1,b2-5.6,0.31440354784774854,1.2677552190315768,2.7961467454638895,0.6188215997054396
202623.29325346038,544300.2585403224,서울특별시 강남구1,8,8,8,0,0,서울특별시 강남구 역삼동(국기원입구교차로 부근),3.158010739834527,3,6,6976.322580645161,8.8504205377343,4,1,b2-5.6,0.06403766080524717,-0.053572504691604926,2.1967871121182427,-1.0530823714285553
204091.05348405475,542947.5191209529,서울특별시 강남구2,7,9,6,1,1,서울특별시 강남구 도곡동(매봉역앞교차로 부근),0.27137843879389817,3,0,6620.451612903225,8.798069901766993,4,0,a≤2,-0.861410102854626,-0.09637518287912375,-1.3993706879556367,-1.0530823714285553
209052.24675905664,543093.9154220858,서울특별시 강남구3,7,7,6,1,1,서울특별시 강남구 수서동(나산투루빌I 부근),0.5617615533138576,1,8,23405.774193548386,10.060780754900856,8,0,a≤2,-0.7683139354486814,0.9360364639312355,3.3955063788095363,0.6188215997054396
203612.49617219917,546406.3413029487,서울특별시 강남구4,7,10,8,0,0,서울특별시 강남구 청담동(강남구청역사거리 부근),1.1804202177531427,1,2,10872.032258064515,9.294040897797773,7,0,a≤2,-0.5699733718556872,0.30913826583440224,-0.2006514212643435,0.20084560692194087
204460.99016352242,544870.2423317642,서울특별시 강남구5,7,9,7,0,0,서울특별시 강남구 역삼동(진선여고 부근),4.124103089511208,3,1,9882.677419354839,9.198639929926262,3,0,b2-5.6,0.37376467528328994,0.2311369798685113,-0.8000110546099901,-1.4710583642120538
204299.9748288282,545049.4579024843,서울특별시 강남구6,7,8,7,0,0,서울특별시 강남구 대치동(선릉역사거리 부근),0.5664544160704683,1,0,12598.225806451614,9.441390647119402,5,0,a≤2,-0.7668094143007326,0.4296136676072493,-1.3993706879556367,-0.6351063786450565
204659.5753184575,545151.4080859296,서울특별시 강남구7,7,8,7,0,0,서울특별시 강남구 삼성동(KTF타워 부근),2.519927439799332,1,0,3540.1290322580644,8.172200890944772,1,0,b2-5.6,-0.14053039686992105,-0.6080952291168509,-1.3993706879556367,-2.3070103497790515
202835.82612811425,545721.9461314639,서울특별시 강남구8,7,7,7,0,0,서울특별시 강남구 논현동(옥타곤 부근),7.538540908639829,1,2,2818.7741935483873,7.944412087516337,2,0,c5.6-8.3,1.4684256900336417,-0.7943388280285496,-0.2006514212643435,-1.8890343569955526
202584.34147192567,544099.9730554612,서울특별시 강남구9,7,7,7,0,0,서울특별시 강남구 역삼동(준빌딩 부근),7.192322862741385,3,2,19068.1935483871,9.85582940868018,6,0,c5.6-8.3,1.357428970361413,0.768465118248617,-0.2006514212643435,-0.21713038586155783
204229.32040680415,547049.8721604481,서울특별시 강남구10,7,7,7,0,0,서울특별시 강남구 청담동(청담사거리 부근),1.817224164337598,1,2,1542.0,7.341483852363161,5,0,a≤2,-0.36581547199296033,-1.2873021462878922,-0.2006514212643435,-0.6351063786450565
207357.59368286384,545725.966334531,서울특별시 송파구1,8,9,8,0,0,서울특별시 송파구 잠실동(잠실천주교회 부근),0.3567918296582177,3,1,9012.387096774193,9.106466206349795,2,1,a≤2,-0.8340267636141224,0.15577433804592222,-0.8000110546099901,-1.8890343569955526
210328.3666462796,543921.0219827429,서울특별시 송파구2,7,7,5,2,1,서울특별시 송파구 가락동(금호아파트 부근),3.5198832878989172,1,4,10075.516129032258,9.217962859764453,2,0,b2-5.6,0.18005317833942044,0.24693570193218642,0.9980678454269497,-1.8890343569955526
210369.97564930154,543621.1226147591,서울특별시 송파구3,7,7,7,0,0,서울특별시 송파구 문정동(GS마트입구 부근),1.1190199090855184,1,0,1606.4193548387098,7.382385286790304,5,0,a≤2,-0.5896581714486225,-1.2538605098522577,-1.3993706879556367,-0.6351063786450565
209564.15076185716,544657.2590113393,서울특별시 송파구4,7,7,7,0,0,서울특별시 송파구 석촌동(송파사거리 부근),0.3775695681120113,2,2,1516.1612903225805,7.324596295596945,4,0,a≤2,-0.8273654678269723,-1.301109670194368,-0.2006514212643435,-1.0530823714285553
210902.43327847362,548846.0496704163,서울특별시 강동구1,10,11,10,0,0,서울특별시 강동구 천호동(천호사거리 부근),4.089382474612231,1,0,10231.51612903226,9.233325784620606,6,3,b2-5.6,0.362633324955238,0.25949666354204315,-1.3993706879556367,-0.21713038586155783
211242.98594913832,548767.8283160971,서울특별시 강동구2,9,12,9,0,0,서울특별시 강동구 천호동(천호신사거리 부근),0.16023764321972797,2,4,12043.322580645163,9.396348672757163,5,2,a≤2,-0.8970415896492606,0.39278666258745576,0.9980678454269497,-0.6351063786450565
212265.81492624918,548313.0812418606,서울특별시 강동구3,9,10,9,0,0,서울특별시 강동구 길동(길동사거리 부근),1.31746381200396,1,0,6700.903225806451,8.810146828593847,4,2,a≤2,-0.5260375065992744,-0.08650090336154789,-1.3993706879556367,-1.0530823714285553
212438.96729055018,549614.5266545557,서울특별시 강동구4,9,10,9,0,0,서울특별시 강동구 천호동(강동구민회관 부근),3.8591368035065563,2,0,1272.5806451612902,7.14958761802214,6,2,b2-5.6,0.28881708540844914,-1.444199433438807,-1.3993706879556367,-0.21713038586155783
212081.38571022035,549132.431437079,서울특별시 강동구5,8,9,8,0,0,서울특별시 강동구 천호동(천동초교앞교차로 부근),1.4662255552946668,2,2,1336.0645161290322,7.198231830334919,9,1,a≤2,-0.47834482935842926,-1.4044271837452305,-0.2006514212643435,1.0367975924889383
211582.79408145123,548829.6593047546,서울특별시 강동구6,7,7,6,1,1,서울특별시 강동구 천호동(천호동1663 부근),9.38206664899539,2,0,0.0,0.0,7,0,d>8.3,2.0594558579723925,-7.2898112838619245,-1.3993706879556367,0.20084560692194087
212244.10532904463,548633.0948954772,서울특별시 강동구7,7,8,7,0,0,서울특별시 강동구 길동(길동탑스위트앞 부근),0.92695687257392,3,0,4527.225806451614,8.418085487555599,5,0,a≤2,-0.6512331450111739,-0.40705623378212635,-1.3993706879556367,-0.6351063786450565
211777.7620601182,549791.0829387398,서울특별시 강동구8,7,8,7,0,0,서울특별시 강동구 천호동(천호초교입구교차로 부근),3.0532491224078484,2,2,2119.225806451613,7.659277874471183,3,0,b2-5.6,0.030451324045293385,-1.0274689082217512,-0.2006514212643435,-1.4710583642120538
211101.55057813882,549027.1808357582,서울특별시 강동구9,7,8,7,0,0,서울특별시 강동구 천호동(천호동4252 부근),1.1872932978958477,1,2,9371.387096774195,9.145523102314431,8,0,a≤2,-0.5677698779623955,0.18770785170985863,-0.2006514212643435,0.6188215997054396
212718.8596731762,549656.0314212516,서울특별시 강동구10,7,7,7,0,0,서울특별시 강동구 명일동(굽은다리역교차로 부근),1.6707463193168868,2,0,3597.290322580645,8.188214101244279,7,0,a≤2,-0.41277593663241796,-0.5950025842132264,-1.3993706879556367,0.20084560692194087
212605.51706092368,548394.9195939439,서울특별시 강동구11,7,7,7,0,0,서울특별시 강동구 둔촌동(길동사거리앞교차로 부근),1.8768856398084566,3,1,2636.3548387096776,7.877531738813659,5,0,a≤2,-0.34668813837611895,-0.8490212208915042,-0.8000110546099901,-0.6351063786450565
211383.9958090839,548588.5056284124,서울특별시 강동구12,7,7,7,0,0,서울특별시 강동구 천호동(산경빌딩 부근),4.693966875457463,1,0,7738.774193548388,8.954127792198047,4,0,b2-5.6,0.5564617115856241,0.031220127842890556,-1.3993706879556367,-1.0530823714285553
199893.56742396747,553758.059068098,서울 종로구1,10,13,11,1,1,서울 종로구 명륜2가(성균관대입구교차로 부근),3.79643884639299,1,4,10068.967741935485,9.217312782324704,6,3,b2-5.6,0.2687162626691363,0.24640418870533806,0.9980678454269497,-0.21713038586155783
198809.54255953597,552298.2395689589,서울 종로구2,7,8,7,0,0,서울 종로구 종로2가(로앤산부인과의원 종로점 부근),1.5364893378449374,1,3,21304.129032258064,9.966703122346466,9,0,a≤2,-0.455818420156956,0.8591171570982873,0.3987082120813031,1.0367975924889383
201424.39118533753,552657.2308216473,서울 종로구3,8,9,8,1,1,서울 종로구 창신동(동묘앞역교차로 부근),1.4488951065521742,1,2,4861.612903225807,8.489331206829544,10,1,a≤2,-0.4839009318887654,-0.34880464737875516,-0.2006514212643435,1.4547735852724368
201902.52795063722,552763.750121763,서울 종로구4,9,9,9,0,0,서울 종로구 숭인동(NH농협은행 신설동지점 부근),0.9583372621340954,3,1,12779.48387096774,9.455674588792865,8,2,a≤2,-0.6411726633451262,0.4412924361150544,-0.8000110546099901,0.6188215997054396
197064.4687275974,551843.0864983569,서울 종로구5,9,11,11,0,0,서울 종로구 평동(서대문역 5호선 부근),1.444228868020782,1,5,19773.032258064515,9.892124853793085,6,2,a≤2,-0.4853969173705407,0.7981408275907282,1.5974274787725962,-0.21713038586155783
200930.13738174428,550509.1956615149,서울 중구1,9,12,9,1,1,서울 중구 신당동(약수역사거리 부근),2.52710971728695,1,2,10954.935483870968,9.301636641708361,5,2,b2-5.6,-0.13822777500966385,0.31534866187243255,-0.2006514212643435,-0.6351063786450565
201609.8681291466,551759.9543559663,서울 중구2,10,10,10,0,0,서울 중구 신당동(길상사안경원 부근),2.3044667568202946,1,1,5795.096774193548,8.664940000021948,7,3,b2-5.6,-0.2096066027821519,-0.2052242204550545,-0.8000110546099901,0.20084560692194087
201808.15991034207,552073.9776700332,서울 중구3,7,7,7,0,0,서울 중구 황학동(동대문중앙교회 부근),2.704915091948372,1,0,0.0,0.0,6,0,b2-5.6,-0.08122377547435797,-7.2898112838619245,-1.3993706879556367,-0.21713038586155783
201903.31200748502,551770.3646796548,서울 중구4,7,7,7,0,0,서울 중구 신당동(신당제5동주민센터 부근),2.292921326026042,1,3,11550.838709677419,9.354599898922725,7,0,b2-5.6,-0.21330804168906745,0.35865222853253875,0.3987082120813031,0.20084560692194087
201075.9972866478,552179.0701001707,서울 중구5,9,10,10,0,0,서울 중구 신당동(신평화패션타운 부근),0.1049497668975974,1,0,839.0967741935484,6.733517092574772,9,2,a≤2,-0.9147667573061784,-1.7843850391143057,-1.3993706879556367,1.0367975924889383
197573.05622357051,550536.5023172526,서울 용산구1,8,8,8,0,0,서울 용산구 동자동(OK저축은행 서울역출장소 부근),4.297531987992128,1,2,35844.032258064515,10.486960266218622,5,1,b2-5.6,0.4293655864888158,1.2844873305919695,-0.2006514212643435,-0.6351063786450565
196755.05210728603,550219.8846563185,서울 용산구2,7,7,7,0,0,서울 용산구 서계동(만리시장 부근),13.54440560987874,3,5,6682.483870967742,8.807394668147262,3,0,d>8.3,3.39389228118958,-0.0887511117064697,1.5974274787725962,-1.4710583642120538
200545.32992957818,548187.2424470893,서울 용산구3,9,10,10,0,0,서울 용산구 한남동(메가커피 한남오거리점부근),0.9929861490412417,2,3,5719.193548387097,8.651757920931992,10,2,a≤2,-0.6300643088484477,-0.21600208931384346,0.3987082120813031,1.4547735852724368
200062.59585588326,547416.8509919465,서울 용산구4,7,8,6,2,1,서울 용산구 보광동(보광동주민센터 부근),1.554379699651142,1,3,2841.7419354838707,7.952524335629423,3,0,a≤2,-0.4500828107692797,-0.7877061302791166,0.3987082120813031,-1.4710583642120538
197198.95599750747,550552.3734846503,서울 용산구5,8,8,8,0,0,서울 용산구 서계동(청파동자치회관 별관 부근),7.114303115716473,3,0,7417.193548387097,8.91169084943025,5,1,c5.6-8.3,1.3324160165537928,-0.0034769636248528153,-1.3993706879556367,-0.6351063786450565
205046.53844746758,549421.6523679424,서울 성동구1,7,10,8,0,0,서울 성동구 성수동2가(성수역 2호선 부근),9.446955389048712,1,3,994.4193548387096,6.9031641105178245,6,0,d>8.3,2.0802590407495702,-1.645679050537136,0.3987082120813031,-0.21713038586155783
201856.46572644147,549857.3653697004,서울 성동구2,7,7,6,1,1,서울 성동구 금호동4가(금남시장교차로 부근),4.738597540959877,1,4,8043.967741935484,8.992802049714962,5,0,b2-5.6,0.5707702016433884,0.06284079047765852,0.9980678454269497,-0.6351063786450565
206168.75124176705,548994.9485016017,서울 광진구1,8,11,7,1,1,서울 광진구 화양동(건대입구역교차로 부근),9.530278653312779,1,0,15325.580645161292,9.637343897094901,3,1,d>8.3,2.1069722901461847,0.5898280326005946,-1.3993706879556367,-1.4710583642120538
203426.85409357466,553191.0270107298,서울 동대문구1,13,14,14,0,0,서울 동대문구 제기동(경동시장사거리 부근),0.10895800932331963,1,1,23462.8064516129,10.063214361885322,6,6,a≤2,-0.9134817238823668,0.9380262181083587,-0.8000110546099901,-0.21713038586155783
203770.89183546603,553303.4015664613,서울 동대문구2,10,11,10,1,1,서울 동대문구 제기동(성바오로병원교차로 부근),0.43109433299755473,1,1,20615.451612903227,9.933844658034413,9,3,a≤2,-0.8102055496947289,0.8322515756646021,-0.8000110546099901,1.0367975924889383
203049.97567392292,553173.1278228149,서울 동대문구3,9,9,9,0,0,서울 동대문구 제기동(제기동역 1호선 부근),12.890544689502725,1,1,4600.387096774193,8.4341130797993,4,2,d>8.3,3.184265954245055,-0.3939518299816392,-0.8000110546099901,-1.0530823714285553
203609.39737297423,553402.8096785517,서울 동대문구4,8,8,8,0,0,서울 동대문구 제기동(청량리 종합시장 부근),0.5193321871800993,3,0,19852.387096774193,9.896129906157105,7,1,a≤2,-0.7819166939253455,0.801415419470918,-1.3993706879556367,0.20084560692194087
203973.0756047267,553460.5243799629,서울 동대문구5,9,10,9,1,1,서울 동대문구 청량리동(청량리역교차로 부근),0.7141189303635986,1,5,34489.032258064515,10.44842564121791,8,2,a≤2,-0.7194685061860293,1.2529808336315067,1.5974274787725962,0.6188215997054396
203305.13700868393,552952.6678329172,서울 동대문구6,7,7,6,1,1,서울 동대문구 용두동(용신동주민센터 부근),0.6289088118305486,3,0,7335.774193548387,8.900654541839735,5,0,a≤2,-0.7467866767785137,-0.012500416987870614,-1.3993706879556367,-0.6351063786450565
203517.4505241666,553653.4473218775,서울 동대문구7,7,7,7,0,0,서울 동대문구 제기동(청량 종합도매시장 부근),0.21679547013500056,3,0,3320.483870967742,8.108166911145211,5,0,a≤2,-0.8789092787147047,-0.660450387364372,-1.3993706879556367,-0.6351063786450565
205568.5489786757,554453.4375297062,서울 동대문구8,8,8,8,0,0,서울 동대문구 휘경동(삼육서울병원앞교차로 부근),2.0341315402486693,3,1,5455.548387096775,8.604571705303943,4,1,b2-5.6,-0.2962754596104109,-0.2545822586870594,-0.8000110546099901,-1.0530823714285553
205073.91243196506,553208.296045406,서울 동대문구9,9,9,9,0,0,서울 동대문구 전농동(전농동사거리 부근),1.6773490993037696,1,2,5779.903225806452,8.6623152168985,5,2,a≤2,-0.41065910035555786,-0.2073702831583831,-0.2006514212643435,-0.6351063786450565
202078.79678381296,552839.4240363007,서울 동대문구10,9,10,9,0,0,서울 동대문구 신설동(신설동역교차로 부근),0.16448781359728787,1,5,16548.322580645163,9.714100448284412,7,2,a≤2,-0.8956789946732159,0.6525853592049984,1.5974274787725962,0.20084560692194087
208378.05682821665,555401.2493454966,서울 중랑구1,9,9,9,0,0,서울 중랑구 망우동(유디치과의원 상봉점 부근),0.993036962906307,3,4,7335.419354838709,8.90060617626634,8,2,a≤2,-0.6300480180386446,-0.012539961418136574,0.9980678454269497,0.6188215997054396
208888.12054979123,555521.5121251503,서울 중랑구2,7,7,7,0,0,서울 중랑구 망우동(망우사거리 부근),1.677814885623589,1,0,3704.5806451612902,8.217595244792772,8,0,a≤2,-0.41050977031866165,-0.5709801132565635,-1.3993706879556367,0.6188215997054396
207710.83405449372,553325.8710762818,서울 중랑구3,11,13,11,0,0,서울 중랑구 면목동(면목7동주민센터 임시청사 부근),4.745016864211729,2,2,10168.645161290324,9.227162597705329,7,4,b2-5.6,0.5728282221074062,0.2544575479464108,-0.2006514212643435,0.20084560692194087
207548.55872429957,553271.4861036842,서울 중랑구4,7,7,7,0,0,서울 중랑구 면목동(면목시장 부근),3.2805217705039524,3,2,1849.9354838709678,7.523446457223198,9,0,b2-5.6,0.10331441916335653,-1.1385267460644666,-0.2006514212643435,1.0367975924889383
206420.98473780128,554596.4250698832,서울 중랑구5,7,7,7,0,0,서울 중랑구 면목동(상봉파출소 부근),2.960594732333751e-15,3,1,1651.0645161290322,7.409781006665233,5,0,a≤2,-0.9484134143594477,-1.2314613515640118,-0.8000110546099901,-0.6351063786450565
207712.56700950017,554275.9418062913,서울 중랑구6,9,11,8,1,1,서울 중랑구 면목동(면목역교차로 부근),4.292509303998357,3,2,15271.193548387098,9.633789038739833,9,2,b2-5.6,0.4277553254008587,0.5869215262064943,-0.2006514212643435,1.0367975924889383
206814.80862760002,556645.9241740961,서울 중랑구7,7,7,7,0,0,서울 중랑구 묵동(묵2동문화체육복합센터 부근),0.5475888644282042,3,2,3849.935483870968,8.256071380589912,5,0,a≤2,-0.7728576673363717,-0.5395214379607608,-0.2006514212643435,-0.6351063786450565
207048.2352255192,555481.9505847659,서울 중랑구8,7,7,6,1,1,서울 중랑구 중화동(중화2동주민센터 부근),5.129749270464581,1,5,3802.3225806451605,8.24363032700921,5,0,b2-5.6,0.696172558289686,-0.5496934330643353,1.5974274787725962,-0.6351063786450565
208846.99990387066,555048.9549168092,서울 중랑구9,7,7,7,0,0,서울 중랑구 망우동(우림시장교차로 부근),2.851128501876019,2,1,4085.387096774193,8.315416508230992,7,0,b2-5.6,-0.0343480881255242,-0.49099995673167407,-0.8000110546099901,0.20084560692194087
208405.31981232442,556293.2506350548,서울 중랑구10,7,10,8,0,0,서울 중랑구 신내동(중랑구청사거리 부근),3.1589848173893627,1,2,10673.322580645163,9.275596377595678,14,0,b2-5.6,0.06434994785837445,0.2940577448828226,-0.2006514212643435,3.1266775564064315
201610.01761451675,554905.5334991596,서울 성북구1,9,13,11,0,0,서울 성북구 동선동1가(율치과교정과치과의원 부근),5.217981662582419,1,2,30499.935483870966,10.325512633727465,8,2,b2-5.6,0.7244596629335224,1.1524852845810771,-0.2006514212643435,0.6188215997054396
202203.0581740931,556003.170440724,서울 성북구2,11,11,11,0,0,서울 성북구 길음동(길음역교차로 부근),1.0784374854774132,3,3,31333.96774193548,10.352489933200307,11,4,a≤2,-0.6026688043437368,1.1745423359686762,0.3987082120813031,1.8727495780559356
200881.93860367648,556463.7682846481,서울 성북구3,7,7,6,1,1,서울 성북구 정릉동(정릉아산내과의원 부근),7.50007032452455,1,4,5633.74193548387,8.636706628705365,6,0,c5.6-8.3,1.456092108086492,-0.22830825533415577,0.9980678454269497,-0.21713038586155783
200827.21000337222,554366.2518581132,서울 성북구4,7,7,7,0,0,서울 성북구 동소문동2가(서울바른소아치과의원 부근),1.1123898985647191,3,4,23100.290322580648,10.047643753070252,14,0,a≤2,-0.5917837377728487,0.9252954509270126,0.9980678454269497,3.1266775564064315
200487.68946945213,554302.1249335943,서울 성북구5,7,7,7,0,0,서울 성북구 성북동1가(한성대입구역교차로 부근),5.759475742117317,1,2,10672.32258064516,9.275502690447219,10,0,c5.6-8.3,0.8980614357536969,0.29398114484174026,-0.2006514212643435,1.4547735852724368
201575.49997874748,558334.3935750291,서울 강북구1,7,8,7,0,0,서울 강북구 미아동(삼양시장교차로 부근),9.776626302003482,3,7,6230.612903225807,8.73739047124814,5,0,d>8.3,2.1859507871586,-0.14598761048597073,2.7961467454638895,-0.6351063786450565
202369.63612645795,560010.0809640398,서울 강북구2,11,15,10,2,1,서울 강북구 번동(강북구청사거리 부근),0.4678722264755564,1,2,26432.74193548387,10.182396576672074,8,4,a≤2,-0.7984146405238354,1.0354714141586794,-0.2006514212643435,0.6188215997054396
202272.6053515611,559820.9897927941,서울 강북구3,8,8,8,0,0,서울 강북구 번동(수유역교차로 부근),0.9673973815168679,1,7,50184.45161290323,10.823480455169316,11,1,a≤2,-0.6382680096355923,1.5596313681974554,2.7961467454638895,1.8727495780559356
202607.1061531789,560220.9289235715,서울 강북구4,7,8,7,1,1,서울 강북구 번동(구립번1동어린이집 부근),0.8403833493368158,1,1,6732.225806451613,8.814809625254806,6,0,a≤2,-0.6789884200571337,-0.08268852971517016,-0.8000110546099901,-0.21713038586155783
201817.748977229,560562.189119874,서울 강북구5,7,7,7,0,0,서울 강북구 수유동(수유2동주민센터 부근),0.34359552889649575,2,1,7138.0,8.87332798950246,5,0,a≤2,-0.8382574676854778,-0.03484302284269232,-0.8000110546099901,-0.6351063786450565
202697.6464320303,557044.8323950475,서울 강북구6,14,16,14,0,0,서울 강북구 미아동(미아사거리역 4호선 부근),0.9118178392420913,1,4,49633.64516129032,10.812444360036654,6,7,a≤2,-0.6560866847349075,1.5506080885432185,0.9980678454269497,-0.21713038586155783
202333.50517234238,558449.4977359215,서울 강북구7,14,15,13,1,1,서울 강북구 미아동(미아역교차로 부근),1.068754352035898,1,2,13634.93548387097,9.520463901937637,8,7,a≤2,-0.6057731949463917,0.49426516642262763,-0.2006514212643435,0.6188215997054396
203878.27379805676,562969.6981714787,서울 도봉구1,8,9,8,0,0,서울 도봉구 방학동(녹산교회 부근),0.37399505207146666,3,1,6981.548387096774,8.851169227562135,8,1,a≤2,-0.8285114495561645,-0.05296036447265659,-0.8000110546099901,0.6188215997054396
203823.266835628,563449.2096982753,서울 도봉구2,7,7,6,1,1,서울 도봉구 도봉동(신도봉사거리 부근),3.0124564236316154,3,3,6434.838709677419,8.769637447151485,9,0,b2-5.6,0.01737327740855814,-0.11962199129896547,0.3987082120813031,1.0367975924889383
203834.4344097445,562757.1849960437,서울 도봉구3,7,8,7,0,0,서울 도봉구 방학동(도봉소방서 부근),1.8621174288799007,2,0,6682.419354838709,8.80738501503196,7,0,a≤2,-0.35142279327905285,-0.08875900424072782,-1.3993706879556367,0.20084560692194087
202987.00734433808,561018.2666077527,서울 도봉구4,7,9,7,0,0,서울 도봉구 창동(쌍문역 4호선 부근),7.81895127030868,3,3,28078.90322580645,10.242809411759394,6,0,c5.6-8.3,1.558324615511591,1.084865869275769,0.3987082120813031,-0.21713038586155783
204052.4758893511,561502.6165018921,서울 도봉구5,7,7,7,0,0,서울 도봉구 창동(창동역 2번출구 부근),3.123898855347965,3,2,3731.0,8.224699561967235,5,0,b2-5.6,0.05310146806572431,-0.5651715152110595,-0.2006514212643435,-0.6351063786450565
203697.4106229802,559040.8916638345,서울 도봉구6,7,8,8,0,0,서울 도봉구 창동(초안교 부근),9.753921996645639,2,2,1509.1290322580646,7.3199503779847035,8,0,d>8.3,2.178671838394917,-1.3049082432731496,-0.2006514212643435,0.6188215997054396
203450.60421486772,561987.2169143693,서울 도봉구7,8,9,9,0,0,서울 도봉구 창동(도봉보건소교차로 부근),7.246264622460412,3,1,6591.709677419356,8.793719723170177,7,1,c5.6-8.3,1.37472257609078,-0.09993195522958834,-0.8000110546099901,0.20084560692194087
206484.79757338687,562255.3957647791,서울 노원구1,7,9,8,0,0,서울 노원구 상계동(상계역교차로 부근),3.2140376384212153,3,3,13030.129032258064,9.475096315041862,14,0,b2-5.6,0.08199975732275559,0.4571719356306103,0.3987082120813031,3.1266775564064315
204810.8056549088,564276.7802864485,서울 노원구2,7,8,6,1,1,서울 노원구 상계동(수락산역교차로 부근),1.0993070257866044,1,1,5628.709677419354,8.635813152738276,7,0,a≤2,-0.5959780770901174,-0.22903877490819669,-0.8000110546099901,0.20084560692194087
206880.76164838858,557692.6915533311,서울 노원구3,9,11,9,0,0,서울 노원구 공릉동(태능약국부근),0.4258110643855003,3,3,4407.677419354839,8.391330018552221,8,2,a≤2,-0.8118993536198348,-0.42893191319551355,0.3987082120813031,0.6188215997054396
192285.08375638074,555436.6102801816,서울 은평구1,8,8,8,0,0,서울 은평구 신사동(신사종합사회복지관 방과후어린이집 부근),2.2558531877091723,1,0,2309.1290322580644,7.745058660076206,6,1,b2-5.6,-0.22519200269650683,-0.9573332299614646,-1.3993706879556367,-0.21713038586155783
193018.84089919084,557676.272591964,서울 은평구2,7,9,7,0,0,서울 은평구 불광동(연신내역교차로 부근),2.261971046585902,1,3,32525.0,10.389795048488393,7,0,b2-5.6,-0.22323063102689192,1.205043567041045,0.3987082120813031,0.20084560692194087
192873.181754026,558277.8270401446,서울 은평구3,7,7,7,0,0,서울 은평구 불광동(불광2치안센터 부근),2.4906135160487493,3,4,5301.677419354838,8.575967145446233,7,0,b2-5.6,-0.14992837428786,-0.27796978297711417,0.9980678454269497,0.20084560692194087
192888.3199112722,557890.5136497363,서울 은평구4,7,7,7,0,0,서울 은평구 불광동(세븐일레븐 연신내중앙점 부근),2.776516542771059,3,2,4135.5161290322585,8.327609197820571,7,0,b2-5.6,-0.05826851286097622,-0.4810310278141919,-0.2006514212643435,0.20084560692194087
192656.55639862118,554247.0327995557,서울 은평구5,7,7,7,0,0,서울 은평구 응암동(대림골목시장 부근),1.5600909001044478,1,1,5129.322580645162,8.542923817405255,9,0,a≤2,-0.44825181286718474,-0.304986511814294,-0.8000110546099901,1.0367975924889383
193747.07968570385,556857.4364565698,서울 은평구6,8,9,8,1,1,서울 은평구 대조동(불광역교차로 부근),3.217461646735309,1,2,11278.064516129032,9.330703588645637,6,1,b2-5.6,0.08309748661646874,0.3391142408890252,-0.2006514212643435,-0.21713038586155783
192036.53893266583,556272.6063553168,서울 은평구7,7,7,7,0,0,서울 은평구 역촌동(뚜레쥬르 역촌2동점 부근),15.456663047990121,3,2,5201.8709677419365,8.556965861394461,5,0,d>8.3,4.006957675422217,-0.293505522541492,-0.2006514212643435,-0.6351063786450565
195130.1949499473,554305.3179063657,서울 서대문구1,11,12,10,1,1,서울 서대문구 홍제동(홍제역 3호선 부근),1.832377626611977,1,3,31180.41935483871,10.347577662898304,6,4,a≤2,-0.36095730638299584,1.1705259888695119,0.3987082120813031,-0.21713038586155783
194840.49985693925,554597.2484322179,서울 서대문구2,9,9,9,0,0,서울 서대문구 홍은동(홍은사거리 부근),12.444679373316585,1,2,7174.258064516129,8.878394007160967,5,2,d>8.3,3.0413225458971285,-0.03070096956057406,-0.2006514212643435,-0.6351063786450565
192238.74793529478,552315.0243266413,서울 서대문구3,7,8,7,0,0,서울 서대문구 남가좌동(가좌삼거리 부근),0.9420686560585404,1,1,7007.387096774193,8.854862867502595,7,0,a≤2,-0.6463883415266038,-0.049940388138256256,-0.8000110546099901,0.20084560692194087
195509.0549253901,549094.3263803076,서울 마포구1,8,9,8,1,1,서울 마포구 도화동(도화동주민센터 부근),0.4731969170825737,3,2,9351.451612903225,9.143393792501698,6,1,a≤2,-0.7967075568011637,0.18596689554014012,-0.2006514212643435,-0.21713038586155783
195369.25746552568,548952.028485197,서울 마포구2,7,7,5,2,1,서울 마포구 도화동(가든치과의원 부근),1.3571520924509795,3,4,15348.774193548386,9.638856042389122,5,0,a≤2,-0.5133135339720856,0.5910643856497101,0.9980678454269497,-0.6351063786450565
186158.33485245923,546945.7514969602,서울 양천구1,7,8,8,0,0,서울 양천구 신월동(해나어린이집 부근),1.855821220194285,2,0,3796.967741935484,8.242221397901586,8,0,a≤2,-0.35344134349257966,-0.5508453949854919,-1.3993706879556367,0.6188215997054396
185161.79984711608,548158.7744236224,서울 양천구2,7,9,8,0,0,서울 양천구 신월동(신월1동주민센터 부근),1.373965541524195,3,0,2475.8387096774195,7.814738312180505,2,0,a≤2,-0.5079231803622382,-0.9003620839547348,-1.3993706879556367,-1.8890343569955526
185310.8388652089,547820.8805896743,서울 양천구3,7,8,8,0,0,서울 양천구 신월1동(신명전기 부근),1.000143856061424,2,1,3815.451612903226,8.247076372762562,5,0,a≤2,-0.6277695642242805,-0.5468758935125275,-0.8000110546099901,-0.6351063786450565
187995.97123462145,549844.5738851561,서울 양천구4,7,7,7,0,0,서울 양천구 목동(전비뇨기과의원 부근),0.6403242180313088,3,0,7092.258064516129,8.866900043525739,4,0,a≤2,-0.7431269234611432,-0.04009860948389734,-1.3993706879556367,-1.0530823714285553
186837.12297051228,547045.9915229414,서울 양천구5,11,13,11,0,0,서울 양천구 신정동(우신동물병원 부근),5.221298251616755,3,3,9029.258064516129,9.108336224575886,8,4,b2-5.6,0.7255229538499646,0.1573032934608318,0.3987082120813031,0.6188215997054396
188624.71974988055,549743.7342264834,서울 양천구6,15,15,14,1,1,서울 양천구 목동(대명교회 부근),0.9990251962866677,1,1,3418.064516129032,8.137122259343991,5,8,a≤2,-0.6281282040089428,-0.6367760531779844,-0.8000110546099901,-0.6351063786450565
188906.9825383796,549700.5620129019,서울 양천구7,8,8,7,1,1,서울 양천구 목동(염창역 부근),1.504200319047433,1,2,13210.387096774193,9.488834395544702,5,1,a≤2,-0.4661702062940922,0.4684043997222504,-0.2006514212643435,-0.6351063786450565
187051.32851025963,546520.6241629064,서울 양천구8,7,7,7,0,0,서울 양천구 신정동(신정1동주민센터 부근),2.130862634484645,1,2,3856.3225806451615,8.25772858982772,9,0,b2-5.6,-0.2652636903577824,-0.5381664784194946,-0.2006514212643435,1.0367975924889383
186515.77830612753,548314.7289126888,서울 강서구1,9,9,9,0,0,서울 강서구 화곡동(주함지역아동센터 부근),3.8543178936417717,3,1,212.09677419354838,5.361746401465589,4,2,b2-5.6,0.28727215384372035,-2.9059656723521816,-0.8000110546099901,-1.0530823714285553
185785.94958135742,547854.6776499858,서울 강서구2,9,9,9,0,0,서울 강서구 화곡동(곰달래사거리 부근),2.0602973436517282,2,4,3510.967741935484,8.163931769614727,8,2,b2-5.6,-0.287886762430311,-0.6148561888004066,0.9980678454269497,0.6188215997054396
185970.96673010042,549033.2176930365,서울 강서구3,7,7,6,1,1,서울 강서구 화곡동(신월초교입구교차로 부근),7.429122889099027,1,3,9276.548387096775,9.135352608453006,7,0,c5.6-8.3,1.433346521324962,0.17939230085331156,0.3987082120813031,0.20084560692194087
185522.1489584244,549868.0294248797,서울 강서구4,8,9,8,0,0,서울 강서구 화곡동(우장산역교차로 부근),1.87803185538361,1,5,10259.580645161292,9.236064710219074,7,1,a≤2,-0.3463206642643953,0.26173605087334506,1.5974274787725962,0.20084560692194087
186174.13133169018,549304.008749607,서울 강서구5,9,11,9,0,0,서울 강서구 화곡동(화곡본동시장 부근),1.8429185394847634,3,4,6933.8064516129025,8.844308423435592,6,2,a≤2,-0.357577913641656,-0.058569862537196024,0.9980678454269497,-0.21713038586155783
189806.1179787929,543424.2756620583,서울 구로구1,7,7,7,0,0,서울 구로구 구로동(서울구로4동우체국 부근),2.960594732333751e-15,3,3,10175.451612903227,9.227831664793955,5,0,a≤2,-0.9484134143594477,0.2550045873997275,0.3987082120813031,-0.6351063786450565
190233.96475924258,543517.6201238031,서울 구로구2,7,12,10,0,0,서울 구로구 구로동(구로4동주민센터 부근),0.9116310909503689,3,0,0.0,0.0,4,0,a≤2,-0.6561465558133539,-7.2898112838619245,-1.3993706879556367,-1.0530823714285553
189653.5119845832,544512.4650042797,서울 구로구3,8,10,7,1,1,서울 구로구 구로동(구로2동자치회관 부근),2.237877527785773,2,7,12704.193548387097,9.449766129671056,13,1,b2-5.6,-0.23095495846694675,0.4364615898473447,2.7961467454638895,2.708701563622933
191185.91736361082,542596.3740870688,서울 구로구4,9,9,9,0,0,서울 구로구 구로동(디지털단지입구교차로 부근),0.3531886748992659,2,2,14540.774193548386,9.584780765208023,9,2,a≤2,-0.8351819268514319,0.5468516145091851,-0.2006514212643435,1.0367975924889383
191403.96392489705,542791.6059146047,서울 구로구5,7,8,7,0,0,서울 구로구 구로동(구로디지털단지역교차로 부근),4.939117427256372,1,4,51457.25806451613,10.848526234981342,10,0,b2-5.6,0.6350564220516909,1.5801091796593667,0.9980678454269497,1.4547735852724368
186192.99354916837,544091.8616570818,서울 구로구6,7,7,7,0,0,서울 구로구 오류동(오류동역앞교차로 부근),1.3542543780609448,1,2,7658.935483870967,8.943758840228014,6,0,a≤2,-0.5142425346283228,0.02274231461073913,-0.2006514212643435,-0.21713038586155783
191205.38437767004,539494.7974877588,서울 금천구1,11,12,10,1,1,서울 금천구 시흥동(시흥사거리 부근),3.521981818416986,1,3,9199.483870967742,9.127011356324488,6,4,b2-5.6,0.18072596246028633,0.17257236592910338,0.3987082120813031,-0.21713038586155783
191408.90464102293,540539.7474087935,서울 금천구2,7,12,9,0,0,서울 금천구 독산2동(뜰이삭어린이집 부근),9.402232582126963,1,1,7437.580645161291,8.914435336127733,6,0,d>8.3,2.065921010361909,-0.0012330294542036014,-0.8000110546099901,-0.21713038586155783
191342.77939791098,541007.1076308051,서울 금천구3,9,15,11,0,0,서울 금천구 독산동(향기어린이집 부근),2.4050651259746303,1,2,4369.677419354839,8.38267329194659,6,2,b2-5.6,-0.17735499396860527,-0.43600978486243197,-0.2006514212643435,-0.21713038586155783
190693.66716817935,541515.5232414232,서울 금천구4,7,7,5,2,1,서울 금천구 독산동(관악농협 신독산지점 부근),4.071971413616661,3,2,4045.3870967741937,8.305579687094433,4,0,b2-5.6,0.35705137831953837,-0.4990426916806686,-0.2006514212643435,-1.0530823714285553
191229.8203159622,543536.4115475931,서울 영등포구1,8,8,8,0,0,서울 영등포구 대림2동(조개창고 부근),0.5398642375162529,3,2,894.8064516129033,6.797724375815699,6,1,a≤2,-0.77533416519105,-1.7318881853306647,-0.2006514212643435,-0.21713038586155783
192289.40774470172,545747.2002290775,서울 영등포구2,7,8,7,0,0,서울 영등포구 신길동(온누리종합동물병원 부근),2.9439134398150855,1,1,3518.6451612903224,8.166115457059218,6,0,b2-5.6,-0.004601447624732361,-0.6130707726498359,-0.8000110546099901,-0.21713038586155783
191556.826098095,546256.0403524949,서울 영등포구3,17,18,17,0,0,서울 영등포구 영등포동(경인동물의료센터 부근),8.547144929371221,1,1,5545.903225806452,8.620995073681026,7,10,d>8.3,1.7917818497591906,-0.24115426228528933,-0.8000110546099901,0.20084560692194087
191845.9132755436,546631.9739478515,서울 영등포구4,10,12,9,1,1,서울 영등포구 영등포동2가(영등포전통시장 부근),1.1627060706235723,1,0,12700.999999999998,9.44951474036292,4,3,a≤2,-0.575652487218005,0.4362560501159331,-1.3993706879556367,-1.0530823714285553
191795.9258410875,546404.563714357,서울 영등포구5,8,8,7,1,1,서울 영등포구 영등포동4가(영등포역교차로 부근),0.6479434171112727,3,4,25215.967741935485,10.1352723700119,5,1,a≤2,-0.7406842255301007,0.9969419442630849,0.9980678454269497,-0.6351063786450565
197213.73348279382,542972.5183318108,서울 동작구1,7,7,7,0,0,서울 동작구 사당동(남성역교차로 부근),6.625560860609797,1,4,3013.3225806451605,8.01113040087984,7,0,c5.6-8.3,1.175726358909658,-0.739788917729552,0.9980678454269497,0.20084560692194087
196595.2616199163,545302.7792651922,서울 동작구2,12,12,11,1,1,서울 동작구 흑석동(김연두내과의원 부근),1.322212350875699,2,4,15416.161290322581,9.64323653745439,11,5,a≤2,-0.5245151358151884,0.594645945207034,0.9980678454269497,1.8727495780559356
194033.4475962884,544584.7528945107,서울 동작구3,9,10,10,0,0,서울 동작구 상도동(행복한어린이집 부근),0.8973849180874359,1,5,12779.387096774191,9.455667016735271,5,2,a≤2,-0.6607138464973668,0.4412862450853098,1.5974274787725962,-0.6351063786450565
193845.8124125115,544424.7500451966,서울 동작구4,7,7,7,0,0,서울 동작구 상도동(상도3치안센터 부근),1.2935308884322083,2,3,13207.48387096774,9.488614619617584,5,0,a≤2,-0.533710347573629,0.4682247075731874,0.3987082120813031,-0.6351063786450565
198364.57790210104,543167.8272611994,서울 동작구5,8,8,8,0,0,서울 동작구 사당동(이수역 먹자골목 부근),0.10020367368648309,3,3,15384.09677419355,9.641154577901686,3,1,a≤2,-0.9162883440170191,0.5929437033318925,0.3987082120813031,-1.4710583642120538
195796.08420824996,544244.1323550517,서울 동작구6,7,7,6,1,1,서울 동작구 상도동(상도1동주민센터 부근),3.96256199399024,1,2,20959.290322580644,9.950384989607212,7,0,b2-5.6,0.3219749667238894,0.8457752029585951,-0.2006514212643435,0.20084560692194087
192590.48114742636,542001.7409475981,서울 관악구1,7,8,7,0,0,서울 관악구 신림동(난곡우체국앞교차로 부근),2.759715730076036,3,5,5761.774193548386,8.659174268567412,10,0,b2-5.6,-0.06365481527665712,-0.20993837040575034,1.5974274787725962,1.4547735852724368
197026.0375885405,541677.0207984878,서울 관악구2,9,10,9,0,0,서울 관악구 봉천동(서울어린이집 부근),4.374731558541249,3,4,4833.258064516129,8.483482945133504,3,2,b2-5.6,0.4541155935799272,-0.3535862753132906,0.9980678454269497,-1.4710583642120538
195272.4063912704,542443.491894381,서울 관악구3,7,7,7,0,0,서울 관악구 봉천동(관악중앙새마을금고본점 부근),1.3023802890389706,3,1,5365.548387096774,8.58794022239016,10,0,a≤2,-0.5308732498253962,-0.2681804127072797,-0.8000110546099901,1.4547735852724368
195055.02386746902,542478.3679112708,서울 관악구4,7,9,5,2,1,서울 관악구 봉천동(봉천제일종합시장 부근),1.6332007022442894,3,2,8391.387096774193,9.03508027589199,9,0,a≤2,-0.4248129762451664,0.09740811284074569,-0.2006514212643435,1.0367975924889383
195606.2010850923,542521.9675548217,서울 관악구5,8,8,8,0,0,서울 관악구 봉천동(세븐일레븐 관악타워점 부근),2.0611325061181596,3,1,6519.290322580646,8.782674181932522,7,1,b2-5.6,-0.28761901123921785,-0.10896295816329805,-0.8000110546099901,0.20084560692194087
193504.4923011028,542701.872703314,서울 관악구6,9,13,9,2,1,서울 관악구 신림동(메디Q의원 부근),1.1222726143767343,1,2,30278.51612903226,10.318226727537056,4,2,a≤2,-0.5886153615152219,1.1465282165873416,-0.2006514212643435,-1.0530823714285553
193791.52985473748,542583.6511673033,서울 관악구7,8,8,8,0,0,서울 관악구 신림동(서원치안센터 부근),2.442546923980261,1,4,37022.19354838709,10.519299847895411,6,1,b2-5.6,-0.16533841460387041,1.310928665671357,0.9980678454269497,-0.21713038586155783
193644.03725584,542420.9058549165,서울 관악구8,7,8,7,0,0,서울 관악구 신림동(신원동주민센터 부근),2.311920737060914,2,2,9935.90322580645,9.204010704410312,7,0,b2-5.6,-0.20721687363599112,0.23552820697799803,-0.2006514212643435,0.20084560692194087
193783.06960832956,542819.0245439397,서울 관악구9,7,13,7,1,1,서울 관악구 신림동(신림역교차로 부근),0.6927144027118833,1,2,51974.35483870968,10.858524939806511,5,0,a≤2,-0.7263307491673521,1.5882842731805027,-0.2006514212643435,-0.6351063786450565
200333.23514095196,545177.940328288,서울 서초구1,7,7,7,0,0,서울 서초구 반포동(고속터미널역 9호선 부근),2.859793078014873,1,4,38031.90322580645,10.546206938418896,8,0,b2-5.6,-0.03157024468218977,1.3329283131514456,0.9980678454269497,0.6188215997054396
198409.250139513,542015.4742698842,서울 서초구2,10,10,10,0,0,서울 서초구 방배동(사당역사거리 부근),0.6851721979523558,1,3,10788.096774193547,9.286291345220404,5,3,a≤2,-0.7287487628940236,0.30280211348520164,0.3987082120813031,-0.6351063786450565
202236.88891713278,544626.0757662429,서울 서초구3,9,12,9,0,0,서울 서초구 서초동(에스엠성형외과 부근),2.205577023853943,3,6,35117.93548387097,10.466495736465951,9,2,b2-5.6,-0.24131042671207883,1.2677552190315768,2.1967871121182427,1.0367975924889383
203194.064198533,542616.8889193977,서울 서초구4,7,9,7,0,0,서울 서초구 서초동(양재역 신분당선 부근),4.950125140928936,1,6,25055.290322580644,10.128880185671862,3,0,b2-5.6,0.6385854700698989,0.9917155968813105,2.1967871121182427,-1.4710583642120538
201816.44489500337,544117.9024343763,서울 서초구5,10,11,11,0,0,서울 서초구 서초동(서초1교 부근),7.083729369296962,2,1,3028.612903225807,8.016190135631131,3,3,c5.6-8.3,1.3226141428477303,-0.7356520014481719,-0.8000110546099901,-1.4710583642120538
202707.82942283823,544258.5636120881,서울 강남구1,8,8,8,0,0,서울 강남구 역삼동(우리누리어린이집 부근),0.9551286435118023,3,1,6976.322580645161,8.8504205377343,5,1,a≤2,-0.6422013391925379,-0.053572504691604926,-0.8000110546099901,-0.6351063786450565
202512.6851791222,544124.1019499965,서울 강남구2,7,7,7,0,0,서울 강남구 역삼동(강남역 신분당선 부근),3.7062212989425802,1,5,20477.677419354837,9.927139497935057,6,0,b2-5.6,0.23979272173156635,0.8267693345298855,1.5974274787725962,-0.21713038586155783
202664.71767589886,543940.9050634933,서울 강남구3,7,9,7,0,0,서울 강남구 역삼동(비타바른이치과의원 부근),1.9206221073543437,3,2,20923.870967741932,9.948693728922507,5,0,a≤2,-0.3326663261535743,0.8443924024351432,-0.2006514212643435,-0.6351063786450565
203875.7118644367,544634.9168290922,서울 강남구4,8,10,9,0,0,서울 강남구 역삼동(도곡지구대 부근),2.1817380725990887,3,0,3975.6129032258063,8.28818570660718,3,1,b2-5.6,-0.24895314037493385,-0.5132642753432016,-1.3993706879556367,-1.4710583642120538
210338.59967775745,543597.9038996899,서울 송파구1,7,7,7,0,0,서울 송파구 가락동(가락시장역 3호선 부근),0.7103558532603849,1,1,1838.0967741935485,7.517029846489775,5,0,a≤2,-0.7206749401639188,-1.1437730648379156,-0.8000110546099901,-0.6351063786450565
209674.72689192079,546157.4471144225,서울 송파구2,10,11,11,0,0,서울 송파구 방이동(방이동먹자골목 부근),0.07093949228321073,2,0,1987.516129032258,7.595143975770122,4,3,a≤2,-0.925670374151315,-1.0799057616866607,-1.3993706879556367,-1.0530823714285553
212759.5463210064,543694.8395111297,서울 송파구3,7,9,7,0,0,서울 송파구 거여동(거여역교차로 부근),3.2292493495713734,1,2,5863.5161290322585,8.676675256240369,8,0,b2-5.6,0.0868765973900821,-0.1956292960365846,-0.2006514212643435,0.6188215997054396
207383.46692112953,545702.1246872778,서울 송파구4,9,11,10,0,0,서울 송파구 잠실동(잠실어린이집 부근),0.44711354330500147,3,1,9012.387096774193,9.106466206349795,2,2,a≤2,-0.8050698272304306,0.15577433804592222,-0.8000110546099901,-1.8890343569955526
212950.59772794458,544307.9801784416,서울 송파구5,7,8,6,1,1,서울 송파구 마천동(마천사거리 부근),1.6634976318244437,1,2,3222.1612903225805,8.07811792410118,10,0,a≤2,-0.4150998493894852,-0.6850188973459859,-0.2006514212643435,1.4547735852724368
210942.88884450137,548826.4313514648,서울 강동구1,9,10,9,0,0,서울 강동구 천호동(천호역 5호선 부근),3.1740933889413667,1,0,14536.064516129034,9.584456840479973,6,2,b2-5.6,0.06919372160463814,0.5465867687124619,-1.3993706879556367,-0.21713038586155783
211208.4091949982,548972.5062711884,서울 강동구2,8,9,8,0,0,서울 강동구 천호동(천호시장교차로 부근),1.042174281715577,3,4,675.8387096774193,6.5174330018062845,9,1,a≤2,-0.6142947051598662,-1.961058686486657,0.9980678454269497,1.0367975924889383
211804.69255237168,549653.3580018188,서울 강동구3,8,8,8,0,0,서울 강동구 천호동(천사약국 부근),5.153280673058826,3,2,1505.3870967741937,7.317469411702297,5,1,b2-5.6,0.7037166725500211,-1.3069367191343835,-0.2006514212643435,-0.6351063786450565
211838.79501219487,549780.1028660578,서울 강동구4,7,8,7,0,0,서울 강동구 천호동(천호초교입구교차로 부근),4.955854609671893,2,2,2119.225806451613,7.659277874471183,3,0,b2-5.6,0.6404223247441908,-1.0274689082217512,-0.2006514212643435,-1.4710583642120538
212280.8151935808,548314.1612523067,서울 강동구5,7,7,7,0,0,서울 강동구 길동(길동사거리 부근),1.4671775450893658,1,0,6700.903225806451,8.810146828593847,4,0,a≤2,-0.47803962359106716,-0.08650090336154789,-1.3993706879556367,-1.0530823714285553
199118.4666504175,552382.7920795779,서울 종로구1,12,12,11,1,1,서울 종로구 종로3가(정약국 부근),1.1053956413423134,3,1,16697.645161290322,9.723082867047339,8,5,a≤2,-0.5940260807628456,0.6599295217457394,-0.8000110546099901,0.6188215997054396
197071.91267391742,551845.3648875792,서울 종로구2,11,13,13,0,0,서울 종로구 평동(서대문역 5호선 부근),1.9285128150622555,1,4,19773.032258064515,9.892124853793085,5,4,a≤2,-0.33013658317267985,0.7981408275907282,0.9980678454269497,-0.6351063786450565
199930.4956538387,553752.6456717547,서울 종로구3,8,8,7,1,1,서울 종로구 명륜2가(성균관대입구교차로 부근),3.542951043469363,1,4,10068.967741935485,9.217312782324704,7,1,b2-5.6,0.18744864841630754,0.24640418870533806,0.9980678454269497,0.20084560692194087
201297.28438689813,552576.9574045182,서울 종로구4,7,7,6,1,1,서울 종로구 창신동(동묘앞역교차로 부근),1.9429876468121716,1,2,15893.709677419352,9.673741608152575,7,0,a≤2,-0.32549598496850823,0.6195873561384571,-0.2006514212643435,0.20084560692194087
198425.6452379142,552298.5741849475,서울 종로구5,7,7,7,0,0,서울 종로구 관철동(종로1가교차로 부근),1.5365467190665545,1,2,17790.129032258064,9.786455243078818,10,0,a≤2,-0.455800023867549,0.7117437426646188,-0.2006514212643435,1.4547735852724368
201890.8043693805,552745.8343034401,서울 종로구6,7,7,7,0,0,서울 종로구 숭인동(정성약국 부근),0.976609277787451,3,1,9760.774193548386,9.186229445012629,8,0,a≤2,-0.6353146966003281,0.22098997817322977,-0.8000110546099901,0.6188215997054396
201074.52761077488,552176.4660998939,서울 중구1,9,10,10,0,0,서울 중구 신당동(신평화패션타운 부근),0.11796121002998206,1,0,839.0967741935484,6.733517092574772,8,2,a≤2,-0.9105953181712002,-1.7843850391143057,-1.3993706879556367,0.6188215997054396
200968.88071682447,550583.7546526354,서울 중구2,7,7,6,1,1,서울 중구 신당동(약수역사거리 부근),10.245371938007336,1,0,7895.903225806451,8.974225964870948,6,0,d>8.3,2.336229574106528,0.04765270026880348,-1.3993706879556367,-0.21713038586155783
196843.8151545715,551117.2035702821,서울 중구3,7,7,7,0,0,서울 중구 중림동(충정로호프 부근),2.1660902720267097,1,4,12451.612903225805,9.429685751617905,7,0,b2-5.6,-0.2539697897211922,0.42004356657386366,0.9980678454269497,0.20084560692194087
200537.25654315774,548141.6532407999,서울 용산구1,13,20,17,0,0,서울 용산구 한남동(옵티마찬미약국 부근),0.9875027589989394,2,3,6590.774193548387,8.793577816383126,11,6,a≤2,-0.6318222712498571,-0.10004798038241738,0.3987082120813031,1.8727495780559356
197221.39113641027,550540.5379627451,서울 용산구2,7,7,7,0,0,서울 용산구 서계동(소아제일약국 부근),5.065912440583909,3,0,5967.193548387097,8.694199572387731,5,0,b2-5.6,0.6757066155262429,-0.18130114795104205,-1.3993706879556367,-0.6351063786450565
201751.31868910053,550487.7651161772,서울 성동구1,8,8,8,0,0,서울 성동구 금호동1가(신금호역교차로 부근),8.333333333333332,2,5,4775.580645161291,8.471480223302757,10,1,d>8.3,1.7232343373772083,-0.3633998836946027,1.5974274787725962,1.4547735852724368
206166.66670772998,549001.2899379274,서울 광진구1,8,11,7,1,1,서울 광진구 화양동(건대입구역교차로 부근),8.281473152663676,1,0,15325.580645161292,9.637343897094901,3,1,c5.6-8.3,1.706608081166319,0.5898280326005946,-1.3993706879556367,-1.4710583642120538
203416.8504366879,553190.9737711515,서울 동대문구1,12,12,12,0,0,서울 동대문구 제기동(경동시장사거리 부근),0.11442507747193946,1,1,23462.8064516129,10.063214361885322,6,5,a≤2,-0.9117289942430247,0.9380262181083587,-0.8000110546099901,-0.21713038586155783
203567.68444340446,553327.3299238271,서울 동대문구2,12,16,12,0,0,서울 동대문구 제기동(청량리종합시장 부근),0.22209396603484421,3,1,22571.580645161288,10.024491202892554,8,5,a≤2,-0.8772105929556964,0.9063655728813036,-0.8000110546099901,0.6188215997054396
203012.71772308843,553176.6181689656,서울 동대문구3,10,10,10,0,0,서울 동대문구 제기동(제기동역 1호선 부근),4.728892898490393,1,0,4600.387096774193,8.4341130797993,4,3,b2-5.6,0.5676589152951879,-0.3939518299816392,-1.3993706879556367,-1.0530823714285553
205477.5591349347,554432.4283038268,서울 동대문구4,10,10,10,0,0,서울 동대문구 휘경동(삼육서울병원앞교차로 부근),1.048896601963835,3,3,9305.709677419356,9.138490889696735,4,3,a≤2,-0.6121395445465407,0.1819582074493868,0.3987082120813031,-1.0530823714285553
203774.44345756632,553294.5456784863,서울 동대문구5,9,10,9,1,1,서울 동대문구 제기동(청량리청과물시장 부근),0.445861296594107,1,1,20615.451612903227,9.933844658034413,9,2,a≤2,-0.8054712946836042,0.8322515756646021,-0.8000110546099901,1.0367975924889383
203347.3953721746,552985.6012457123,서울 동대문구6,8,8,7,1,1,서울 동대문구 용두동(용신동주민센터 부근),1.1485056394299538,1,2,12825.193548387097,9.45924472991049,4,1,a≤2,-0.5802051132266597,0.4442114379288457,-0.2006514212643435,-1.0530823714285553
202771.1967806879,552634.3462235394,서울 동대문구7,7,8,7,1,1,서울 동대문구 용두동(시립동부병원앞교차로 부근),1.1376106541132813,3,3,5958.4838709677415,8.692739157478584,7,0,a≤2,-0.5836980207898387,-0.18249520544855755,0.3987082120813031,0.20084560692194087
204844.11287623472,551837.5315196117,서울 동대문구8,7,7,6,1,1,서울 동대문구 답십리동(답십리1동교차로 부근),1.229969641203888,3,5,10685.935483870966,9.27677729162738,9,0,a≤2,-0.5540879391642434,0.2950232782012262,1.5974274787725962,1.0367975924889383
205789.5327806913,551358.8699125332,서울 동대문구9,7,7,6,1,1,서울 동대문구 장안동(장한평역교차로 부근),0.2322927166917991,2,3,21027.290322580644,9.953623968320187,3,0,a≤2,-0.8739408966441152,0.8484234413409193,0.3987082120813031,-1.4710583642120538
204007.8399095732,553424.7099958562,서울 동대문구10,7,7,6,1,1,서울 동대문구 청량리동(청량리역교차로 부근),1.0131435236230946,1,6,34489.032258064515,10.44842564121791,9,0,a≤2,-0.6236019003105452,1.2529808336315067,2.1967871121182427,1.0367975924889383
202094.45123494082,552886.3191508113,서울 동대문구11,7,7,7,0,0,서울 동대문구 신설동(신설동역교차로 부근),0.46123546164943485,1,3,18053.870967741936,9.80117078706414,7,0,a≤2,-0.8005423722630168,0.723775395803491,0.3987082120813031,0.20084560692194087
206275.71526199597,552477.0834751109,서울 동대문구12,7,8,7,0,0,서울 동대문구 장안동(장안동사거리 부근),0.29310942377555566,1,3,9268.645161290322,9.134500379649314,9,0,a≤2,-0.8544431983943137,0.17869550558898345,0.3987082120813031,1.0367975924889383
205081.79558200677,553230.8469059234,서울 동대문구13,7,7,7,0,0,서울 동대문구 전농동(전농로타리시장 부근),2.0863527347694224,1,2,5779.903225806452,8.6623152168985,5,0,b2-5.6,-0.2795334631782862,-0.2073702831583831,-0.2006514212643435,-0.6351063786450565
208894.5004556372,555544.5552951585,서울 중랑구1,11,11,11,0,0,서울 중랑구 망우동(망우사거리 부근),1.755753742509274,1,0,4446.645161290323,8.400130057858467,9,4,a≤2,-0.3855227497060738,-0.42173686687939993,-1.3993706879556367,1.0367975924889383
207685.36986569362,553317.2321637089,서울 중랑구2,10,10,10,0,0,서울 중랑구 면목동(면목7동주민센터 임시청사 부근),3.6635528728452966,2,1,10168.645161290324,9.227162597705329,7,3,b2-5.6,0.22611332117321242,0.2544575479464108,-0.8000110546099901,0.20084560692194087
207866.33795008817,553601.8193336108,서울 중랑구3,9,9,9,0,0,서울 중랑구 면목동(로데오약국 부근),2.470727722330679,3,2,10332.612903225807,9.243157249584074,6,2,b2-5.6,-0.15630371461726578,0.26753501920225,-0.2006514212643435,-0.21713038586155783
208373.34565499847,555402.6586660917,서울 중랑구4,9,9,9,0,0,서울 중랑구 상봉동(자연약국 부근),0.6781825110385261,3,4,7335.419354838709,8.90060617626634,8,2,a≤2,-0.7309896406534647,-0.012539961418136574,0.9980678454269497,0.6188215997054396
208650.36453211174,555551.7587796808,서울 중랑구5,8,8,6,2,1,서울 중랑구 망우동(신내지하차도교차로 부근),1.1690213265950788,1,7,9355.193548387097,9.143793814577215,9,1,a≤2,-0.573627830487855,0.1862939596884528,2.7961467454638895,1.0367975924889383
207724.10073634604,554273.6076840914,서울 중랑구6,8,8,7,1,1,서울 중랑구 면목동(면목역교차로 부근),5.537299058469861,2,2,15271.193548387098,9.633789038739833,9,1,b2-5.6,0.826832095271093,0.5869215262064943,-0.2006514212643435,1.0367975924889383
208401.93038735044,556272.224196123,서울 중랑구7,8,10,9,0,0,서울 중랑구 신내동(신내2동주민센터 부근),2.33652362355573,1,2,10673.322580645163,9.275596377595678,12,1,b2-5.6,-0.19932924406917824,0.2940577448828226,-0.2006514212643435,2.2907255708394345
208791.4548959362,555034.3811282816,서울 중랑구8,8,8,8,0,0,서울 중랑구 망우동(우림시장교차로 부근),7.6968140411524475,1,3,4476.032258064516,8.406715663500805,7,1,c5.6-8.3,1.51916769707016,-0.41635237529165836,0.3987082120813031,0.20084560692194087
208614.39887347387,556481.9390020579,서울 중랑구9,7,9,8,0,0,서울 중랑구 신내동(예쁜별어린이집 부근),4.773835651894789,1,2,2331.129032258065,7.754536877096646,10,0,b2-5.6,0.5820674600259529,-0.9495836952056558,-0.2006514212643435,1.4547735852724368
208605.50390821457,554481.7332432601,서울 중랑구10,7,9,7,0,0,서울 중랑구 면목동(겸재삼거리 부근),3.9126039251915166,3,4,4888.096774193548,8.49476285665428,6,0,b2-5.6,0.30595852326142364,-0.34436364766252137,0.9980678454269497,-0.21713038586155783
207515.25662311167,553231.7931273128,서울 중랑구11,7,7,7,0,0,서울 중랑구 면목동(동일유치원 부근),2.790532375280564,3,1,1849.9354838709678,7.523446457223198,8,0,b2-5.6,-0.05377506877144783,-1.1385267460644666,-0.8000110546099901,0.6188215997054396
207501.43743362842,552995.2692872105,서울 중랑구12,7,7,7,0,0,서울 중랑구 면목동(예아랑어린이집 부근),5.082681830313967,3,1,1445.483870967742,7.276890973968778,6,0,b2-5.6,0.6810828438106795,-1.340114268548392,-0.8000110546099901,-0.21713038586155783
207898.56906579717,555175.1072062505,서울 중랑구13,7,7,7,0,0,서울 중랑구 상봉동(동백섬 부근),1.0219165485870243,3,0,5181.741935483871,8.553089526381694,4,0,a≤2,-0.6207892884200477,-0.29667487315266944,-1.3993706879556367,-1.0530823714285553
207561.35509888554,555078.7544827682,서울 중랑구14,7,7,7,0,0,서울 중랑구 상봉동(상봉역 7호선 부근),1.2538286928423166,1,0,11343.193548387095,9.336461310367111,7,0,a≤2,-0.5464387813640382,0.3438218419598407,-1.3993706879556367,0.20084560692194087
207064.97434914764,555506.3025555089,서울 중랑구15,7,7,7,0,0,서울 중랑구 중화동(중화2동주민센터 부근),5.1492129618106235,1,6,3802.3225806451605,8.24363032700921,6,0,b2-5.6,0.7024125735567042,-0.5496934330643353,2.1967871121182427,-0.21713038586155783
202168.50245529477,556011.0896095337,서울 성북구1,11,11,11,0,0,서울 성북구 길음동(길음역교차로 부근),2.535721266304378,1,3,33454.967741935485,10.417985457474247,11,4,b2-5.6,-0.13546693194109802,1.22809247526347,0.3987082120813031,1.8727495780559356
201610.01761451675,554905.5334991596,서울 성북구2,8,11,9,0,0,서울 성북구 동선동4가(새성신약국 부근),5.217981662582419,1,2,30499.935483870966,10.325512633727465,8,1,b2-5.6,0.7244596629335224,1.1524852845810771,-0.2006514212643435,0.6188215997054396
200827.21000337222,554366.2518581132,서울 성북구3,7,7,7,0,0,서울 성북구 동소문동3가(늘벗다리 부근),1.1123898985647191,3,4,23100.290322580648,10.047643753070252,14,0,a≤2,-0.5917837377728487,0.9252954509270126,0.9980678454269497,3.1266775564064315
200525.44901050688,554342.7048173087,서울 성북구4,7,8,7,0,0,서울 성북구 성북동1가(한성대입구역교차로 부근),6.523392052168984,1,5,10672.32258064516,9.275502690447219,11,0,c5.6-8.3,1.142971270825437,0.29398114484174026,1.5974274787725962,1.8727495780559356
202698.73946986307,557046.6507379035,서울 강북구1,16,16,16,0,0,서울 강북구 미아동(미아사거리역 4호선 부근),0.9118178392420971,3,4,49633.64516129032,10.812444360036654,6,9,a≤2,-0.6560866847349055,1.5506080885432185,0.9980678454269497,-0.21713038586155783
202301.70705800655,559852.1980003064,서울 강북구2,11,11,11,0,0,서울 강북구 번동(수유역교차로 부근),1.477620414857057,1,3,49091.32258064517,10.801457938637006,8,4,a≤2,-0.47469166324668344,1.5416254228904975,0.3987082120813031,0.6188215997054396
202354.55982254384,558445.2014675402,서울 강북구3,9,9,8,1,1,서울 강북구 미아동(미아역교차로 부근),2.3917428939297736,1,1,13634.93548387097,9.520463901937637,9,2,b2-5.6,-0.18162607132349592,0.49426516642262763,-0.8000110546099901,1.0367975924889383
202371.06816173418,560027.2510391598,서울 강북구4,9,9,8,1,1,서울 강북구 번동(강북구청사거리 부근),0.2735145927310434,1,1,26510.0,10.185315020186113,7,2,a≤2,-0.8607252567510015,1.0378575780749664,-0.8000110546099901,0.20084560692194087
202582.24445195962,560193.1355474323,서울 강북구5,8,8,7,1,1,서울 강북구 번동(구립번1동어린이집 부근),0.5822945992000447,1,2,7298.225806451613,8.89552356760163,6,1,a≤2,-0.761731087543305,-0.016695579759898868,-0.2006514212643435,-0.21713038586155783
202980.90102914436,557376.8013121033,서울 강북구6,8,8,8,0,0,서울 강북구 미아동(송중동주민센터 부근),6.577087645618818,2,6,2708.322580645161,7.904453912384341,8,1,c5.6-8.3,1.1601859562076464,-0.8270092412820482,2.1967871121182427,0.6188215997054396
202143.81810798167,559039.3969112546,서울 강북구7,7,7,6,1,1,서울 강북구 수유동(세계로약국 부근),1.341774804419309,1,3,16676.1935483871,9.72179740926192,5,0,a≤2,-0.5182434576117999,0.658878511860258,0.3987082120813031,-0.6351063786450565
201604.836296432,558320.3442998135,서울 강북구8,7,8,7,0,0,서울 강북구 미아동(삼양시장교차로 부근),7.378908115748076,1,6,6230.612903225807,8.73739047124814,5,0,c5.6-8.3,1.417247778965718,-0.14598761048597073,2.1967871121182427,-0.6351063786450565
203073.04168966383,561018.1749995289,서울 도봉구1,7,7,6,1,1,서울 도봉구 창동(쌍문역 4호선 부근),3.341576917136931,1,2,28078.90322580645,10.242809411759394,6,0,b2-5.6,0.12288856059143048,1.084865869275769,-0.2006514212643435,-0.21713038586155783
203835.22819158726,562859.6125429787,서울 도봉구2,7,8,7,0,0,서울 도봉구 방학동(지안약국 부근),0.8072008925456349,3,3,6682.419354838709,8.80738501503196,9,0,a≤2,-0.6896266403871245,-0.08875900424072782,0.3987082120813031,1.0367975924889383
206886.69458980652,557705.7283294776,서울 노원구1,7,7,7,0,0,서울 노원구 공릉동(태능약국 부근),0.836344447015082,3,4,4407.677419354839,8.391330018552221,8,0,a≤2,-0.6802832829740147,-0.42893191319551355,0.9980678454269497,0.6188215997054396
204841.10418467695,564232.9174545625,서울 노원구2,7,7,7,0,0,서울 노원구 상계동(수락산역교차로 부근),0.6411740663876546,3,3,5628.709677419354,8.635813152738276,5,0,a≤2,-0.7428544640070772,-0.22903877490819669,0.3987082120813031,-0.6351063786450565
206523.34982599775,562239.0664561692,서울 노원구3,7,8,7,0,0,서울 노원구 중계동(상계1번약국 부근),1.4249245311957282,3,2,13030.129032258064,9.475096315041862,15,0,a≤2,-0.49158584393983135,0.4571719356306103,-0.2006514212643435,3.54465354918993
193000.62935941984,557714.6903155051,서울 은평구1,11,13,11,0,0,서울 은평구 불광동(연신내역교차로 부근),4.2081815285241335,1,3,32582.387096774193,10.391557839207017,7,4,b2-5.6,0.40072003199029915,1.2064848516108893,0.3987082120813031,0.20084560692194087
192716.56140994435,554531.754540516,서울 은평구2,10,12,10,0,0,서울 은평구 응암동(응암오거리 부근),1.1275868778355906,1,3,10791.516129032258,9.286608221895253,7,3,a≤2,-0.5869116207125832,0.3030611966861621,0.3987082120813031,0.20084560692194087
192479.93966701996,555477.6630812613,서울 은평구3,9,10,10,0,0,서울 은평구 신사동(신사오거리 부근),2.4683304852555445,1,2,9776.0,9.18778796750567,7,2,b2-5.6,-0.1570722633823253,0.22226424992724136,-0.2006514212643435,0.20084560692194087
192902.12113994273,557908.9947569494,서울 은평구4,8,9,8,0,0,서울 은평구 갈현동(청구프라자약국 부근),3.1213706309880367,3,2,4135.5161290322585,8.327609197820571,7,1,b2-5.6,0.05229092507447372,-0.4810310278141919,-0.2006514212643435,0.20084560692194087
191633.3390829733,553405.2934170661,서울 은평구5,7,8,6,1,1,서울 은평구 증산동(증산3교교차로 부근),1.9409334413262098,1,0,2528.8387096774195,7.8359108285737324,7,0,a≤2,-0.3261545585846892,-0.883051111721938,-1.3993706879556367,0.20084560692194087
192872.994246341,556446.0430963824,서울 은평구6,7,7,7,0,0,서울 은평구 역촌동(전주식당 부근),4.19252491012891,2,0,2499.612903225807,7.824291142099496,6,0,b2-5.6,0.3957005556700513,-0.8925515445554035,-1.3993706879556367,-0.21713038586155783
194840.49985693925,554597.2484322179,서울 서대문구1,11,11,11,0,0,서울 서대문구 홍은동(홍은사거리 부근),12.444679373316585,1,2,7174.258064516129,8.878394007160967,5,4,d>8.3,3.0413225458971285,-0.03070096956057406,-0.2006514212643435,-0.6351063786450565
195130.1949499473,554305.3179063657,서울 서대문구2,10,10,9,1,1,서울 서대문구 홍제동(홍제역 3호선 부근),1.832377626611977,1,3,31180.41935483871,10.347577662898304,6,3,a≤2,-0.36095730638299584,1.1705259888695119,0.3987082120813031,-0.21713038586155783
195282.48972355633,548902.0480386437,서울 마포구1,10,12,9,2,1,서울 마포구 도화동(마포역 5호선 부근),1.0219399431259852,1,4,15712.709677419352,9.662288838155863,9,3,a≤2,-0.6207817881839576,0.6102233967620881,0.9980678454269497,1.0367975924889383
195511.42958757305,549071.5190440057,서울 마포구2,7,7,5,2,1,서울 마포구 도화동(도화동주민센터 부근),0.325821663802112,3,2,9814.064516129032,9.191673679906383,6,0,a≤2,-0.8439557284917676,0.22544126763378536,-0.2006514212643435,-0.21713038586155783
195226.06960073463,549533.6516467222,서울 마포구3,7,7,7,0,0,서울 마포구 공덕동(152약국 부근),1.4327721098963024,3,1,3749.322580645161,8.229597136770195,9,0,a≤2,-0.48906992802079546,-0.5611671833759823,-0.8000110546099901,1.0367975924889383
188640.65583318283,549709.5876542389,서울 양천구1,15,15,15,0,0,서울 양천구 목동(목2동주민센터 부근),2.960594732333751e-15,2,2,3418.064516129032,8.137122259343991,5,8,a≤2,-0.9484134143594477,-0.6367760531779844,-0.2006514212643435,-0.6351063786450565
188261.21980742377,549932.8513333122,서울 양천구2,7,7,6,1,1,서울 양천구 목동(혜림어린이집 부근),8.333333333333332,3,3,13951.870967741936,9.543440570213951,4,0,d>8.3,1.7232343373772083,0.513051240743991,0.3987082120813031,-1.0530823714285553
187953.6239822819,549856.4520230788,서울 양천구3,7,8,7,0,0,서울 양천구 목동(목동깨비시장 부근),0.4554962089906934,1,1,7092.258064516129,8.866900043525739,5,0,a≤2,-0.8023823636385019,-0.04009860948389734,-0.8000110546099901,-0.6351063786450565
188896.5994501289,549679.0289286918,서울 양천구4,7,7,7,0,0,서울 양천구 목동(양천구목2동시장 부근),3.04537359668713,3,2,13109.451612903225,9.481165024135688,3,0,b2-5.6,0.027926448375033212,0.4621338047188663,-0.2006514212643435,-1.4710583642120538
187845.20091544793,547388.4454651551,서울 양천구5,7,7,7,0,0,서울 양천구 신정동(목동제일큰약국 부근),0.2871851208358459,1,2,6175.290322580645,8.728473098789634,10,0,a≤2,-0.8563425164698517,-0.15327859017641976,-0.2006514212643435,1.4547735852724368
186828.18693602015,547009.850322429,서울 양천구6,7,7,7,0,0,서울 양천구 신정동(신정119안전센터 부근),1.9098635564834747,3,4,7675.8387096774195,8.945963115056253,7,0,a≤2,-0.33611549314310646,0.024544563320170118,0.9980678454269497,0.20084560692194087
187050.5399333296,546523.1902305754,서울 양천구7,7,7,7,0,0,서울 양천구 신정동(신정1동주민센터 부근),2.1576027815333543,1,2,3856.3225806451615,8.25772858982772,9,0,b2-5.6,-0.25669085990852736,-0.5381664784194946,-0.2006514212643435,1.0367975924889383
186174.13133169018,549304.008749607,서울 강서구1,8,9,8,0,0,서울 강서구 화곡동(화곡본동시장 부근),1.8429185394847634,3,4,6933.8064516129025,8.844308423435592,6,1,a≤2,-0.357577913641656,-0.058569862537196024,0.9980678454269497,-0.21713038586155783
186551.76953446754,548318.9217739428,서울 강서구2,7,7,7,0,0,서울 강서구 화곡동(까치산메가약국 부근),4.824014793148687,3,1,212.09677419354838,5.361746401465589,4,0,b2-5.6,0.5981547788157593,-2.9059656723521816,-0.8000110546099901,-1.0530823714285553
185546.40972036927,549880.3090511583,서울 강서구3,7,7,7,0,0,서울 강서구 화곡동(우장산역교차로 부근),1.878031855383604,1,2,10259.580645161292,9.236064710219074,6,0,a≤2,-0.3463206642643972,0.26173605087334506,-0.2006514212643435,-0.21713038586155783
185895.62211135554,549044.644198847,서울 강서구4,7,7,7,0,0,서울 강서구 화곡동(화곡역교차로 부근),6.900310493065659,3,2,13109.032258064517,9.481133037324094,7,0,c5.6-8.3,1.2638104674505992,0.4621076518139854,-0.2006514212643435,0.20084560692194087
185919.73826663254,543962.8338359295,서울 구로구1,8,8,8,0,0,서울 구로구 오류동(오류동삼거리 부근),2.382069778099864,1,4,6076.516129032258,8.712351360079353,8,1,b2-5.6,-0.18472725030260784,-0.1664599695634888,0.9980678454269497,0.6188215997054396
187249.65310577492,543495.8164957382,서울 구로구2,7,7,7,0,0,서울 구로구 개봉동(개봉2동주민센터 부근),0.10478728081700696,1,5,6298.8709677419365,8.748284430859075,3,0,a≤2,-0.9148188499748061,-0.1370805430015213,1.5974274787725962,-1.4710583642120538
190190.2401208844,543556.6674644185,서울 구로구3,7,7,7,0,0,서울 구로구 구로동(구로4동주민센터 부근),3.714631342562094,3,0,0.0,0.0,3,0,b2-5.6,0.24248896262693612,-7.2898112838619245,-1.3993706879556367,-1.4710583642120538
191403.96392489705,542791.6059146047,서울 구로구4,7,7,7,0,0,서울 구로구 구로동(구로디지털단지역교차로 부근),4.939117427256372,1,4,51457.25806451613,10.848526234981342,10,0,b2-5.6,0.6350564220516909,1.5801091796593667,0.9980678454269497,1.4547735852724368
189768.38623346487,543414.409000797,서울 구로구5,7,7,7,0,0,서울 구로구 구로동(서울약국 부근),2.7850669002292605,1,3,10175.451612903227,9.227831664793955,6,0,b2-5.6,-0.05552728766740642,0.2550045873997275,0.3987082120813031,-0.21713038586155783
186104.10258734273,543675.6544698875,서울 구로구6,7,7,7,0,0,서울 구로구 오류동(예쁜별어린이집 부근),1.9946705676682532,3,3,421.61290322580646,6.046456637668524,6,0,a≤2,-0.30892655785150813,-2.3461361430567345,0.3987082120813031,-0.21713038586155783
191238.4279367534,539465.8667145801,서울 금천구1,12,12,11,1,1,서울 금천구 시흥동(시흥사거리 부근),1.537905007327603,1,2,10109.225806451614,9.22130264672569,7,5,a≤2,-0.45536455973408807,0.24966636267537087,-0.2006514212643435,0.20084560692194087
191958.79879243684,539079.9897628406,서울 금천구2,9,9,9,0,0,서울 금천구 시흥동(시흥5동주민센터 부근),3.483716181780346,1,5,7824.483870967742,8.965140850041951,9,2,b2-5.6,0.16845808620960023,0.04022457185857636,1.5974274787725962,1.0367975924889383
190681.9570877029,541610.8244049685,서울 금천구3,7,7,5,2,1,서울 금천구 독산동(막고 금천본점 부근),4.191768850976357,1,3,3927.3870967741937,8.275984212677418,4,0,b2-5.6,0.39545816482183954,-0.5232404028234624,0.3987082120813031,-1.0530823714285553
190862.40962141933,540847.2270450162,서울 금천구4,7,8,6,1,1,서울 금천구 독산동(협진정육 부산물도매시장 부근),4.332035684057705,3,0,1900.8709677419356,7.550593400500154,7,0,b2-5.6,0.4404273931312402,-1.1163309913159656,-1.3993706879556367,0.20084560692194087
191715.27083085512,546296.1939253301,서울 영등포구1,15,15,14,1,1,서울 영등포구 영등포동4가(영등포역교차로 부근),7.639858849644758,1,1,29418.64516129032,10.289417932943682,3,8,c5.6-8.3,1.5009079919492103,1.122973706863322,-0.8000110546099901,-1.4710583642120538
191848.4083476224,546632.059195424,서울 영등포구2,8,9,7,1,1,서울 영등포구 영등포동2가(영등포전통시장 부근),1.154801631346502,1,0,12700.999999999998,9.44951474036292,4,1,a≤2,-0.578186632508804,0.4362560501159331,-1.3993706879556367,-1.0530823714285553
192289.40774470172,545747.2002290775,서울 영등포구3,7,8,8,0,0,서울 영등포구 신길동(신길동홍어거리 부근),2.9439134398150855,1,1,3518.6451612903224,8.166115457059218,6,0,b2-5.6,-0.004601447624732361,-0.6130707726498359,-0.8000110546099901,-0.21713038586155783
190990.80871018948,543750.905355302,서울 영등포구4,7,7,7,0,0,서울 영등포구 대림동(대림2동주민센터 부근),0.6644933618901602,3,1,7556.41935483871,8.930285055718572,5,0,a≤2,-0.7353783507989151,0.011725942953176497,-0.8000110546099901,-0.6351063786450565
191229.8203159622,543536.4115475931,서울 영등포구5,7,7,7,0,0,서울 영등포구 대림동(이레약국 부근),0.5398642375162529,3,2,894.8064516129033,6.797724375815699,6,0,a≤2,-0.77533416519105,-1.7318881853306647,-0.2006514212643435,-0.21713038586155783
192727.02855636086,545793.2767518564,서울 영등포구6,7,7,7,0,0,서울 영등포구 신길동(대신시장 부근),2.229253015109789,3,1,6279.225806451612,8.745161215257166,5,0,b2-5.6,-0.2337199576550208,-0.1396341316991296,-0.8000110546099901,-0.6351063786450565
196615.4592308361,545315.7474963964,서울 동작구1,15,15,15,0,0,서울 동작구 흑석동(소망메디컬약국 부근),1.6714189193738231,2,3,15416.161290322581,9.64323653745439,11,8,a≤2,-0.4125603025808261,0.594645945207034,0.3987082120813031,1.8727495780559356
194038.4211809293,544478.92803838,서울 동작구2,10,11,11,0,0,서울 동작구 상도동(행복한어린이집 부근),1.2535197656563923,2,4,13130.806451612902,9.48279253982972,4,3,a≤2,-0.5465378227186451,0.46346448636598725,0.9980678454269497,-1.0530823714285553
195762.81406868453,544231.9011124433,서울 동작구3,8,8,7,1,1,서울 동작구 상도동(구립로야어린이집 부근),5.799533894813713,1,1,20959.290322580644,9.950384989607212,6,1,c5.6-8.3,0.9109039885845029,0.8457752029585951,-0.8000110546099901,-0.21713038586155783
193630.87246490378,544381.537094997,서울 동작구4,8,9,8,0,0,서울 동작구 대방동(신대방삼거리역교차로 부근),1.0313046615734163,1,4,14895.258064516129,9.608865323783816,10,1,a≤2,-0.6177794807056705,0.5665435168320504,0.9980678454269497,1.4547735852724368
198416.61959404364,543175.9833026872,서울 동작구5,7,7,6,1,1,서울 동작구 사당동(광주약국 부근),0.3404481431987172,1,4,15384.09677419355,9.641154577901686,5,0,a≤2,-0.839266512396276,0.5929437033318925,0.9980678454269497,-0.6351063786450565
193886.36489434142,544401.4014909152,서울 동작구6,7,7,7,0,0,서울 동작구 상도동(상도3동주민센터 부근),1.3404316631802438,2,2,12879.322580645161,9.463456044425868,5,0,a≤2,-0.5186740656443934,0.44765467288898564,-0.2006514212643435,-0.6351063786450565
193463.41022194753,542759.2048080415,서울 관악구1,12,12,10,2,1,서울 관악구 신림동(신원약국 부근),1.797515894381192,2,1,30400.67741935484,10.3222530641403,3,5,a≤2,-0.37213389860731844,1.1498202107860545,-0.8000110546099901,-1.4710583642120538
197057.96612392363,541643.5395373479,서울 관악구2,9,9,9,0,0,서울 관악구 봉천동(서울어린이집 부근),5.0614728527842345,3,4,4833.258064516129,8.483482945133504,3,2,b2-5.6,0.6742832937546064,-0.3535862753132906,0.9980678454269497,-1.4710583642120538
193667.67642832876,542443.4899919424,서울 관악구3,9,9,9,0,0,서울 관악구 신림동(서원치안센터 부근),1.1768205272901966,1,3,13541.225806451614,9.513567920434088,7,2,a≤2,-0.5711274244475605,0.48862690679827814,0.3987082120813031,0.20084560692194087
195039.80445214504,542490.3417264945,서울 관악구4,8,9,6,2,1,서울 관악구 봉천동(봉천제일종합시장 부근),1.6332007022443011,1,3,8391.387096774193,9.03508027589199,9,1,a≤2,-0.4248129762451626,0.09740811284074569,0.3987082120813031,1.0367975924889383
198310.4329839813,541897.7179688928,서울 관악구5,7,8,6,1,1,서울 관악구 남현동(사랑약국 부근),9.414899423985457,1,0,9377.032258064517,9.146125239403109,5,0,d>8.3,2.069981971110651,0.18820016817469604,-1.3993706879556367,-0.6351063786450565
191412.84930502958,542259.4348017289,서울 관악구6,7,7,6,1,1,서울 관악구 신림동(구로전화국교차로 부근),3.4083219004509684,1,0,7320.548387096775,8.898577112878312,4,0,b2-5.6,0.14428685074470826,-0.01419895458249964,-1.3993706879556367,-1.0530823714285553
195158.97961250824,542305.8533705048,서울 관악구7,7,7,7,0,0,서울 관악구 봉천동(늘푸른어린이집 부근),4.769885291946257,3,1,1167.7741935483873,7.063710780750903,7,0,b2-5.6,0.5808009835929474,-1.5144136450059449,-0.8000110546099901,0.20084560692194087
192778.69972119338,541570.6297388098,서울 관악구8,7,7,7,0,0,서울 관악구 신림동(새난곡약국 부근),2.0794145980226495,1,4,9983.612903225807,9.20880047726926,7,0,b2-5.6,-0.28175781407117706,0.23944439829993233,0.9980678454269497,0.20084560692194087
193827.25286990995,542570.634386535,서울 관악구9,7,7,7,0,0,서울 관악구 신림동(편한M약국 부근),7.1564266633106985,3,3,15725.322580645163,9.663091184909131,6,0,c5.6-8.3,1.345920730300827,0.6108794077014086,0.3987082120813031,-0.21713038586155783
202290.6001964774,544474.3003896474,서울 서초구1,11,11,11,0,0,서울 서초구 서초동(에이원약국 부근),1.6506350315319198,3,3,19440.354838709678,9.875157768935225,8,4,a≤2,-0.41922356984784626,0.7842682803039126,0.3987082120813031,0.6188215997054396
198463.50722598573,542023.8685376212,서울 서초구2,9,10,10,0,0,서울 서초구 방배동(사당13번약국 부근),0.7081622071904489,2,3,10788.096774193547,9.286291345220404,6,2,a≤2,-0.7213782181148208,0.30280211348520164,0.3987082120813031,-0.21713038586155783
203219.48424746376,542530.8173482906,서울 서초구3,8,8,7,1,1,서울 서초구 양재동(엔스온누리약국 부근),4.779580234983438,1,4,10434.90322580645,9.253007373101939,2,1,b2-5.6,0.5839091603251674,0.2755886303810286,0.9980678454269497,-1.8890343569955526
201797.038524516,544129.5760926451,서울 서초구4,8,8,8,0,0,서울 서초구 서초동(한나어린이집 부근),6.475936721162754,3,2,2453.612903225807,7.805724350902548,4,1,c5.6-8.3,1.1277571994185513,-0.9077320361367123,-0.2006514212643435,-1.0530823714285553
201077.76210550565,545466.738087178,서울 서초구5,7,7,6,1,1,서울 서초구 잠원동(반포역 7호선 부근),5.547980471557213,1,1,6462.290322580646,8.773893804968928,6,0,b2-5.6,0.8302565320623163,-0.11614192824825637,-0.8000110546099901,-0.21713038586155783
200745.570066307,543414.8613843111,서울 서초구6,7,7,7,0,0,서울 서초구 서초동(서초우리약국 부근),5.731497040810858,1,0,6152.1612903225805,8.724721259678674,5,0,c5.6-8.3,0.8890915276206673,-0.15634615104001737,-1.3993706879556367,-0.6351063786450565
204527.43035928416,544902.012881888,서울 강남구1,9,10,10,0,0,서울 강남구 대치동(테헤란건강약국 부근),2.7865701235109106,3,0,12959.483870967742,9.469660304932125,4,2,b2-5.6,-0.055045357695312984,0.4527273708788762,-1.3993706879556367,-1.0530823714285553
203793.96304318562,544731.6450909695,서울 강남구2,7,9,8,0,0,서울 강남구 역삼동(센터필드교차로 부근),5.97580197388736,1,0,5203.193548387097,8.557220031175044,6,0,c5.6-8.3,0.9674151346437087,-0.29329770945341305,-1.3993706879556367,-0.21713038586155783
201838.0798907185,546104.3729407226,서울 강남구3,7,7,7,0,0,서울 강남구 논현동(민트약국 부근),20.76417406180028,3,1,16947.193548387095,9.737916531812647,4,0,d>8.3,5.708533659505831,0.6720577522353857,-0.8000110546099901,-1.0530823714285553
204721.44858145952,544238.3757636469,서울 강남구4,7,9,7,0,0,서울 강남구 대치동(동명온누리약국 부근),1.7967767742740528,3,0,11330.838709677419,9.335371627675572,7,0,a≤2,-0.37237085883601867,0.34293090077621136,-1.3993706879556367,0.20084560692194087
205231.79960633363,543700.6526847973,서울 강남구5,7,7,7,0,0,서울 강남구 대치동(메디칼청실약국 부근),0.6231740746969372,1,2,2081.290322580645,7.641223683536414,5,0,a≤2,-0.7486252204868914,-1.0422302900127869,-0.2006514212643435,-0.6351063786450565
202479.04259613104,544336.220499312,서울 강남구6,7,7,7,0,0,서울 강남구 역삼동(강남역사거리 부근),2.567580658029165,1,1,15378.709677419356,9.640804366250737,5,0,b2-5.6,-0.12525288326831116,0.592657364946196,-0.8000110546099901,-0.6351063786450565
207321.5669991364,545728.2758005543,서울 송파구1,13,17,15,0,0,서울 송파구 잠실동(헬로팜약국 부근),0.3234723759469678,3,1,9012.387096774193,9.106466206349795,2,6,a≤2,-0.8447089048457328,0.15577433804592222,-0.8000110546099901,-1.8890343569955526
209683.36659542983,546133.2365618115,서울 송파구2,10,11,11,0,0,서울 송파구 방이동(친절한약국 부근),0.10866984371300661,2,0,1987.516129032258,7.595143975770122,4,3,a≤2,-0.9135741091229573,-1.0799057616866607,-1.3993706879556367,-1.0530823714285553
213217.05256256132,544186.991305248,서울 송파구3,8,8,8,0,0,서울 송파구 마천동(마천2동주민센터 부근),5.783835702202633,3,0,1817.4516129032259,7.505740655826256,6,1,c5.6-8.3,0.9058711836650163,-1.1530032792572769,-1.3993706879556367,-0.21713038586155783
212905.10081522597,544240.5007083671,서울 송파구4,7,7,6,1,1,서울 송파구 마천동(마천사거리 부근),2.7259248927368063,1,0,3528.2258064516127,8.168833807587909,9,0,b2-5.6,-0.07448808102945537,-0.6108482078093043,-1.3993706879556367,1.0367975924889383
212727.97071810704,543706.6766415702,서울 송파구5,7,7,7,0,0,서울 송파구 거여동(거여역교차로 부근),2.084458080377658,1,2,7448.645161290323,8.915921680882288,7,0,b2-5.6,-0.2801408850758152,-1.777131971455668e-05,-0.2006514212643435,0.20084560692194087
207535.10260109484,545779.0819602892,서울 송파구6,7,7,7,0,0,서울 송파구 잠실동(잠실새내역교차로 부근),0.8928288000710823,1,1,13155.774193548386,9.484692052761192,4,0,a≤2,-0.6621745275919713,0.4650175571017387,-0.8000110546099901,-1.0530823714285553
211723.00615978273,548467.7356081542,서울 강동구1,7,7,7,0,0,서울 강동구 천호동(강동역 5호선 부근),3.9355518509276406,1,2,6686.8064516129025,8.808041214694597,8,0,b2-5.6,0.31331557616541594,-0.08822248539109659,-0.2006514212643435,0.6188215997054396
211776.75377872481,549655.2930297487,서울 강동구2,7,7,7,0,0,서울 강동구 천호동(상미어린이집 부근),7.515048958727763,3,2,1505.3870967741937,7.317469411702297,4,0,c5.6-8.3,1.4608942242136638,-1.3069367191343835,-0.2006514212643435,-1.0530823714285553
212706.4882792856,550007.1073185008,서울 강동구3,7,7,7,0,0,서울 강동구 천호동(새실로암약국 부근),2.5459494262007234,1,2,3424.6129032258063,8.139035684533663,6,0,b2-5.6,-0.1321878070941212,-0.6352116075677998,-0.2006514212643435,-0.21713038586155783
199120.11889938184,552354.2897754225,서울 종로구1,11,11,10,1,1,서울 종로구 종로3가(정약국 부근),0.7781173277059139,3,2,16697.645161290322,9.723082867047339,8,4,a≤2,-0.6989507652611078,0.6599295217457394,-0.2006514212643435,0.6188215997054396
201163.53380657808,552520.2237422775,서울 종로구2,10,10,7,3,1,서울 종로구 창신동(365열린동대문약국 부근),3.4917977051664786,1,2,19499.06451612903,9.878173053065803,6,3,b2-5.6,0.1710490042638204,0.7867336225848673,-0.2006514212643435,-0.21713038586155783
201952.58318759198,552851.0506343704,서울 종로구3,9,9,9,0,0,서울 종로구 숭인동(숭인약국 부근),2.194946208469748,1,1,12506.645161290322,9.434095349234674,6,2,b2-5.6,-0.24471864199451634,0.42364892082103844,-0.8000110546099901,-0.21713038586155783
197071.91267391742,551845.3648875792,서울 종로구4,8,9,9,0,0,서울 종로구 평동(서대문역 5호선 부근),1.9285128150622555,1,4,19773.032258064515,9.892124853793085,5,1,a≤2,-0.33013658317267985,0.7981408275907282,0.9980678454269497,-0.6351063786450565
198922.81875328653,552188.4537738222,서울 종로구5,7,8,7,1,1,서울 종로구 관철동(국일약국 부근),0.5055002402656209,1,3,21694.25806451613,9.984848993276529,8,0,a≤2,-0.7863511847104904,0.8739534978513737,0.3987082120813031,0.6188215997054396
201568.69921366422,552706.9520724476,서울 종로구6,7,8,8,0,0,서울 종로구 숭인동(동묘벼룩시장 부근),16.377093527678312,1,3,15230.451612903225,9.6311177540789,8,0,d>8.3,4.302045598024878,0.5847374431370822,0.3987082120813031,0.6188215997054396
198412.12532654667,552279.0727835953,서울 종로구7,7,7,7,0,0,서울 종로구 관철동(종로1가교차로 부근),2.3580032079342077,1,2,17870.06451612903,9.790938176392068,9,0,b2-5.6,-0.19244293807161844,0.7154090572954284,-0.2006514212643435,1.0367975924889383
199930.4956538387,553752.6456717547,서울 종로구8,7,7,7,0,0,서울 종로구 명륜2가(성균관대입구교차로 부근),3.542951043469363,1,4,10068.967741935485,9.217312782324704,7,0,b2-5.6,0.18744864841630754,0.24640418870533806,0.9980678454269497,0.20084560692194087
201077.9504232681,552182.5307055806,서울 중구1,10,11,11,0,0,서울 중구 신당동(신평화패션타운 부근),0.0876581133427597,1,0,839.0967741935484,6.733517092574772,9,3,a≤2,-0.9203104221874093,-1.7843850391143057,-1.3993706879556367,1.0367975924889383
197630.90096774217,550594.1863920537,서울 중구2,7,7,6,1,1,서울 중구 봉래동2가(서울역 GTX-A 부근),3.3681916873097606,1,6,35844.032258064515,10.486960266218622,6,0,b2-5.6,0.13142119549885778,1.2844873305919695,2.1967871121182427,-0.21713038586155783
200960.60957359738,550530.4847343671,서울 중구3,7,7,6,1,1,서울 중구 신당동(약수역사거리 부근),9.19184378613791,1,1,9623.612903225807,9.172078940500556,5,0,d>8.3,1.998470839906541,0.20942030992317243,-0.8000110546099901,-0.6351063786450565
200480.9685397295,548184.4643033494,서울 용산구1,12,15,15,0,0,서울 용산구 한남동(자연약국 부근),1.4016438777069595,2,1,1797.0645161290324,7.494466096550793,8,5,a≤2,-0.4990495686060988,-1.1622215308306696,-0.8000110546099901,0.6188215997054396
197222.4428190993,550541.6700551027,서울 용산구2,7,7,7,0,0,서울 용산구 서계동(소아제일약국 부근),4.978067933922095,3,0,5967.193548387097,8.694199572387731,5,0,b2-5.6,0.6475438660791887,-0.18130114795104205,-1.3993706879556367,-0.6351063786450565
199350.78763968367,548329.0069967429,서울 용산구3,7,7,7,0,0,서울 용산구 이태원동(10.29 기억과 안전의 길 부근),11.450160063789015,1,2,7586.193548387097,8.934217045542157,5,0,d>8.3,2.7224819126141653,0.014940797786279101,-0.2006514212643435,-0.6351063786450565
201759.86491942735,550462.9035128972,서울 성동구1,7,7,7,0,0,"서울 성동구 금호동2가(금호2,3가동주민센터 부근)",13.819402030354839,3,4,3910.6451612903224,8.271713321849107,10,0,d>8.3,3.4820555094096517,-0.5267323482854501,0.9980678454269497,1.4547735852724368
203643.58149135765,553327.6407795178,서울 동대문구1,13,13,13,0,0,서울 동대문구 제기동(청량리종합시장 부근),0.6191065950810575,3,3,17702.483870967742,9.781516728061895,7,6,a≤2,-0.7499292452194113,0.707705937486367,0.3987082120813031,0.20084560692194087
205476.6204705782,554434.7507171457,서울 동대문구2,11,11,11,0,0,서울 동대문구 휘경동(삼육서울병원앞교차로 부근),1.048896601963835,3,3,9305.709677419356,9.138490889696735,4,4,a≤2,-0.6121395445465407,0.1819582074493868,0.3987082120813031,-1.0530823714285553
203442.4549290115,553192.295197344,서울 동대문구3,10,10,9,1,1,서울 동대문구 제기동(경동시장교차로 부근),0.13179196723353512,1,0,23462.8064516129,10.063214361885322,6,3,a≤2,-0.9061612088046775,0.9380262181083587,-1.3993706879556367,-0.21713038586155783
204850.00210517785,551830.4323911574,서울 동대문구4,7,7,6,1,1,서울 동대문구 답십리동(답십리1동교차로 부근),1.229969641203891,3,5,10444.90322580645,9.253965144718835,9,0,a≤2,-0.5540879391642425,0.27637171905870483,1.5974274787725962,1.0367975924889383
202095.54118105018,552683.488665555,서울 동대문구5,7,7,6,1,1,서울 동대문구 신설동(남화루 부근),0.14252872331124894,3,3,6346.1612903225805,8.755762951040085,9,0,a≤2,-0.9027190291763613,-0.13096599087217276,0.3987082120813031,1.0367975924889383
206274.978677238,552476.8757738177,서울 동대문구6,7,7,6,1,1,서울 동대문구 장안동(장안동사거리 부근),0.2931094237755616,1,3,9268.645161290322,9.134500379649314,9,0,a≤2,-0.8544431983943119,0.17869550558898345,0.3987082120813031,1.0367975924889383
202673.71233346954,553122.0562485225,서울 동대문구7,7,7,7,0,0,서울 동대문구 용두동(용두동사거리 부근),0.6741420630213213,1,2,9506.967741935485,9.159885435745625,7,0,a≤2,-0.7322849991168057,0.19945071451406904,-0.2006514212643435,0.20084560692194087
203284.80698718957,554129.1406900911,서울 동대문구8,7,7,7,0,0,서울 동대문구 제기동(제1제기교 부근),1.153049903961098,1,1,4591.41935483871,8.432162256747556,8,0,a≤2,-0.5787482323325084,-0.39554685265408007,-0.8000110546099901,0.6188215997054396
203107.67892860284,553200.3326861919,서울 동대문구9,7,7,7,0,0,서울 동대문구 제기동(제기동역 1호선 부근),1.3327522361382549,1,1,5133.064516129032,8.543652927797208,4,0,a≤2,-0.5211360725233561,-0.30439038004066216,-0.8000110546099901,-1.0530823714285553
204612.32238480382,553978.5800650907,서울 동대문구10,7,7,7,0,0,서울 동대문구 청량리동(떡전교사거리 부근),11.719298518976355,1,2,12784.354838709678,9.456055641638907,6,0,d>8.3,2.8087670904590216,0.44160399073211254,-0.2006514212643435,-0.21713038586155783
204952.9625793462,554476.8393956117,서울 동대문구11,7,7,7,0,0,서울 동대문구 회기동(회기역앞교차로 부근),2.1056773204051518,1,0,17357.935483870966,9.761862666280674,7,0,b2-5.6,-0.2733380448862535,0.6916364768971089,-1.3993706879556367,0.20084560692194087
208875.28565932575,555583.4685843752,서울 중랑구1,11,11,11,0,0,서울 중랑구 망우동(망우사거리 부근),2.0929022748761503,1,2,3944.6774193548385,8.280375934471266,9,4,b2-5.6,-0.2774336954861603,-0.5196496641216714,-0.2006514212643435,1.0367975924889383
207648.14786130982,554295.9241210967,서울 중랑구2,9,11,10,1,1,서울 중랑구 면목동(면목역교차로 부근),2.244139588627571,1,3,13196.645161290322,9.487793695787902,8,2,b2-5.6,-0.22894735597463947,0.46755350773293536,0.3987082120813031,0.6188215997054396
208655.94913579675,555536.2823192439,서울 중랑구3,8,8,7,1,1,서울 중랑구 망우동(신내지하차도교차로 부근),1.1724402138809016,1,7,9285.548387096775,9.13632222209105,10,1,a≤2,-0.5725317429841819,0.18018507174803966,2.7961467454638895,1.4547735852724368
207630.6423231605,553261.9189732693,서울 중랑구4,8,8,8,0,0,서울 중랑구 면목동(면목시장 부근),4.506881039799341,2,2,3773.483870967742,8.236018929413241,8,1,b2-5.6,0.4964824173194886,-0.5559166277942138,-0.2006514212643435,0.6188215997054396
208413.1430208008,555437.9272595614,서울 중랑구5,7,8,7,1,1,서울 중랑구 망우동(망우지구대 부근),2.0814331639547845,1,3,8771.548387096775,9.079382623212666,7,0,b2-5.6,-0.28111066641505855,0.13363038751383285,0.3987082120813031,0.20084560692194087
208884.26558667127,557132.9114188277,서울 중랑구6,7,7,6,1,1,서울 중랑구 신내동(구신내교 부근),1.3707738436038792,2,2,3068.4193548387098,8.029243687461229,6,0,a≤2,-0.5089464314710023,-0.7249792184367737,-0.2006514212643435,-0.21713038586155783
208463.2501825384,556404.6034844941,서울 중랑구7,7,8,8,0,0,서울 중랑구 신내동(중랑구청사거리 부근),3.0619029032542264,1,1,10424.967741935485,9.252054871321297,13,0,b2-5.6,0.0332257065423631,0.2748098504018262,-0.8000110546099901,2.708701563622933
208791.4548959362,555034.3811282816,서울 중랑구8,7,7,7,0,0,서울 중랑구 망우동(우림시장교차로 부근),7.6968140411524475,1,3,4476.032258064516,8.406715663500805,7,0,c5.6-8.3,1.51916769707016,-0.41635237529165836,0.3987082120813031,0.20084560692194087
209102.05311227124,555644.1998415476,서울 중랑구9,7,7,7,0,0,서울 중랑구 망우동(참약사삼흥약국 부근),2.023347490231758,1,4,3346.9032258064512,8.116089526115875,6,0,b2-5.6,-0.29973280156828647,-0.6539727365636309,0.9980678454269497,-0.21713038586155783
207831.9205836496,553600.6247936608,서울 중랑구10,7,7,7,0,0,서울 중랑구 면목동(로데오약국 부근),2.2250715169314184,2,3,13771.83870967742,9.530453722232151,7,0,b2-5.6,-0.23506053647987696,0.5024329958160331,0.3987082120813031,0.20084560692194087
207595.14352691412,555044.4403056804,서울 중랑구11,7,7,7,0,0,서울 중랑구 상봉동(상봉역 7호선 부근),0.31496748483899495,1,2,6397.838709677419,8.763871801270524,6,0,a≤2,-0.8474355536306186,-0.12433607128340168,-0.2006514212643435,-0.21713038586155783
206713.903444095,554929.704836756,서울 중랑구12,7,7,7,0,0,서울 중랑구 상봉동(인제약국 부근),0.06585594162468547,1,3,11092.677419354839,9.314130623155734,4,0,a≤2,-0.9273001489538377,0.32556393160681907,0.3987082120813031,-1.0530823714285553
202143.2615229197,556026.3112268277,서울 성북구1,12,12,12,0,0,서울 성북구 길음동(길음역교차로 부근),3.567417786109116,1,3,25790.290322580644,10.15779212951917,12,5,b2-5.6,0.1952926305722053,1.0153544430081223,0.3987082120813031,2.2907255708394345
201604.34829429688,554842.9788121558,서울 성북구2,10,11,11,0,0,서울 성북구 동선동4가(성신여대입구역 4호선 부근),5.767620814552448,3,2,32106.645161290322,10.376849447779236,8,3,c5.6-8.3,0.9006727274887828,1.194459046512121,-0.2006514212643435,0.6188215997054396
200785.09615182,554392.6102087505,서울 성북구3,7,7,7,0,0,서울 성북구 동소문동2가(올리브한성약국 부근),1.4855858003378348,3,2,23917.61290322581,10.082412217387565,13,0,a≤2,-0.47213797874131114,0.9537226774878816,-0.2006514212643435,2.708701563622933
203802.286979352,557134.3254875811,서울 성북구4,7,7,7,0,0,서울 성북구 장위동(장위1동주민센터 부근),7.004289269149298,2,3,3490.7419354838703,8.15815601259171,3,0,c5.6-8.3,1.2971458270528615,-0.6195785358087577,0.3987082120813031,-1.4710583642120538
202971.26045030323,555524.0210689948,서울 성북구5,7,7,7,0,0,서울 성북구 종암동(종암중앙어린이집 부근),4.3515880265796625,3,3,11062.129032258064,9.311373149372667,3,0,b2-5.6,0.4466958297640369,0.32330937899697415,0.3987082120813031,-1.4710583642120538
202674.19400595594,557033.862989627,서울 강북구1,22,22,22,0,0,서울 강북구 미아동(미아사거리역 4호선 부근),1.446369436028867,1,5,43574.64516129032,10.682253676045464,6,15,a≤2,-0.4847106561257919,1.4441622002188057,1.5974274787725962,-0.21713038586155783
202245.2261119622,559828.5685017429,서울 강북구2,13,13,13,0,0,서울 강북구 번동(수유역교차로 부근),0.3647380128390291,1,7,50184.45161290323,10.823480455169316,10,6,a≤2,-0.8314792353225341,1.5596313681974554,2.7961467454638895,1.4547735852724368
202358.7708348391,558443.0489998934,서울 강북구3,9,9,7,2,1,서울 강북구 미아동(미아역교차로 부근),2.6382181927354034,1,1,13634.93548387097,9.520463901937637,9,2,b2-5.6,-0.10260664997397412,0.49426516642262763,-0.8000110546099901,1.0367975924889383
202365.44856112963,560010.2511367194,서울 강북구4,9,9,9,0,0,서울 강북구 번동(강북구청사거리 부근),0.511408302409008,1,2,26432.74193548387,10.182396576672074,8,2,a≤2,-0.7844570733973902,1.0354714141586794,-0.2006514212643435,0.6188215997054396
202165.0450063512,558979.5864920922,서울 강북구5,8,9,8,1,1,서울 강북구 미아동(수유시장약국 부근),2.07135523995588,1,4,16360.51612903226,9.7026872787866,5,1,b2-5.6,-0.28434162597432006,0.6432537778003417,0.9980678454269497,-0.6351063786450565
202565.05007553467,557693.7116652178,서울 강북구6,8,9,8,1,1,서울 강북구 미아동(파스타잇 부근),0.43499139101572365,1,1,9412.709677419354,9.149922382035717,13,1,a≤2,-0.8089561617396136,0.19130476988836287,-0.8000110546099901,2.708701563622933
201690.46925673645,558319.0587772166,서울 강북구7,7,7,7,0,0,서울 강북구 미아동(삼양시장교차로 부근),3.490608388688384,3,2,6253.741935483871,8.741095164733178,5,0,b2-5.6,0.17066771210044385,-0.14295859660498406,-0.2006514212643435,-0.6351063786450565
203050.85999921247,561043.3098338217,서울 도봉구1,7,7,6,1,1,서울 도봉구 창동(쌍문역 4호선 부근),2.7856377365462492,1,1,28078.90322580645,10.242809411759394,5,0,b2-5.6,-0.05534427883985931,1.084865869275769,-0.8000110546099901,-0.6351063786450565
205089.21129062635,561629.2241205511,서울 노원구1,8,9,9,0,0,서울 노원구 상계동(친절한약국 부근),0.15123886318793467,3,3,6666.516129032258,8.805002675105701,5,1,a≤2,-0.8999265781020982,-0.09070684168936179,0.3987082120813031,-0.6351063786450565
206886.69458980652,557705.7283294776,서울 노원구2,8,8,8,0,0,서울 노원구 공릉동(건강약국 부근),0.836344447015082,3,4,4407.677419354839,8.391330018552221,8,1,a≤2,-0.6802832829740147,-0.42893191319551355,0.9980678454269497,0.6188215997054396
205725.04345587007,557271.8707869459,서울 노원구3,8,8,8,0,0,서울 노원구 월계동(석계역교차로 부근),2.1180831729433374,1,8,15491.774193548386,9.64812901314977,8,1,b2-5.6,-0.2693607567212111,0.5986461079340042,3.3955063788095363,0.6188215997054396
205550.57984516735,561619.2344976873,서울 노원구4,7,7,6,1,1,서울 노원구 상계동(건강한생활약국 부근),0.5989377196576248,3,1,8941.032258064515,9.098518164264998,10,0,a≤2,-0.7563953409010198,0.14927589764896365,-0.8000110546099901,1.4547735852724368
192961.2523376882,557729.4765798661,서울 은평구1,14,15,15,0,0,서울 은평구 갈현동(연신내역 GTX-A 부근),3.5458067303536587,3,3,24674.548387096776,10.113568088455809,6,7,b2-5.6,0.18836417514959858,0.979196192724997,0.3987082120813031,-0.21713038586155783
192753.68220743642,554512.251014088,서울 은평구2,11,11,11,0,0,서울 은평구 응암동(응암오거리 부근),1.1078030889151809,3,0,10922.354838709676,9.298658421778658,7,4,a≤2,-0.5932542585353886,0.3129136238472524,-1.3993706879556367,0.20084560692194087
192503.37607410992,555491.2930294026,서울 은평구3,7,8,8,0,0,서울 은평구 신사동(신사오거리 부근),2.578970392263814,1,2,9776.0,9.18778796750567,7,0,b2-5.6,-0.12160136032500582,0.22226424992724136,-0.2006514212643435,0.20084560692194087
192465.49713563992,557009.0358662086,서울 은평구4,7,7,7,0,0,서울 은평구 갈현동(오은약국 부근),2.6744284704510806,1,2,3140.0,8.052296499538647,6,0,b2-5.6,-0.09099771712811225,-0.7061308877826186,-0.2006514212643435,-0.21713038586155783
193742.0321874288,556634.6065911239,서울 은평구5,7,7,7,0,0,서울 은평구 대조동(불광시장 부근),0.853300345132612,3,2,8087.483870967742,8.998196584698123,5,0,a≤2,-0.6748472605238898,0.06725144453350886,-0.2006514212643435,-0.6351063786450565
195171.56124689555,554250.2428903455,서울 서대문구1,10,10,10,0,0,서울 서대문구 홍제동(홍제1동주민센터 부근),8.682990058248368,1,1,28040.225806451614,10.24143105654291,7,3,d>8.3,1.8353334897370714,1.083738905034186,-0.8000110546099901,0.20084560692194087
194343.5843194532,550668.6668934061,서울 서대문구2,8,8,7,1,1,서울 서대문구 창천동(신촌1번약국 부근),2.5444083745502746,1,3,35826.645161290326,10.486475085596346,8,1,b2-5.6,-0.13268186475538898,1.2840906395173652,0.3987082120813031,0.6188215997054396
194803.77494553349,554604.0001975573,서울 서대문구3,8,8,8,0,0,서울 서대문구 홍은동(홍은사거리 부근),29.698932274628643,1,2,6026.419354838709,8.704074230428484,4,1,d>8.3,8.572996862499455,-0.17322747697225804,-0.2006514212643435,-1.0530823714285553
195282.48972355633,548902.0480386437,서울 마포구1,11,12,10,2,1,서울 마포구 도화동(마포역 5호선 부근),1.0219399431259852,1,4,15712.709677419352,9.662288838155863,9,4,a≤2,-0.6207817881839576,0.6102233967620881,0.9980678454269497,1.0367975924889383
195493.0837890317,549087.7389474118,서울 마포구2,8,8,6,2,1,서울 마포구 도화동(도화동주민센터 부근),0.8061649594968846,3,3,8298.483870967742,9.023948607630416,5,1,a≤2,-0.6899587581712017,0.08830669113905018,0.3987082120813031,-0.6351063786450565
188632.31897175475,549715.786223496,서울 양천구1,13,13,13,0,0,서울 양천구 목동(목2동주민센터 부근),2.960594732333751e-15,2,2,3418.064516129032,8.137122259343991,5,6,a≤2,-0.9484134143594477,-0.6367760531779844,-0.2006514212643435,-0.6351063786450565
188272.3735364824,549926.1729583084,서울 양천구2,12,12,11,1,1,서울 양천구 목동(약초원한약국 부근),8.333333333333332,3,3,14212.419354838708,9.561941822323005,4,5,d>8.3,1.7232343373772083,0.5281781465677245,0.3987082120813031,-1.0530823714285553
187916.20925822353,549743.7106086321,서울 양천구3,7,7,7,0,0,서울 양천구 목동(옹달샘어린이집 부근),2.556607904874942,1,1,0.0,0.0,4,0,b2-5.6,-0.12877072302369202,-7.2898112838619245,-0.8000110546099901,-1.0530823714285553
187845.20091544793,547388.4454651551,서울 양천구4,7,7,7,0,0,서울 양천구 신정동(목동제일큰약국 부근),0.2871851208358459,1,2,6175.290322580645,8.728473098789634,10,0,a≤2,-0.8563425164698517,-0.15327859017641976,-0.2006514212643435,1.4547735852724368
186834.4654124052,547172.993655698,서울 양천구5,7,7,7,0,0,서울 양천구 신정동(양강중교앞교차로 부근),6.959284957967705,1,2,7596.709677419356,8.93560212262261,7,0,c5.6-8.3,1.2827175470384504,0.016073257926334836,-0.2006514212643435,0.20084560692194087
185946.60511310856,549077.1669048092,서울 강서구1,10,10,10,0,0,서울 강서구 화곡동(화곡역교차로 부근),5.83820858396279,1,3,12423.451612903227,9.42742171420838,8,3,c5.6-8.3,0.9233030061422124,0.4181924550667388,0.3987082120813031,0.6188215997054396
186523.17697480676,548240.240269932,서울 강서구2,9,9,9,0,0,서울 강서구 화곡동(불만난곱창 부근),2.12767463890381,3,1,10080.677419354839,9.218474938430925,4,2,b2-5.6,-0.26628575450491243,0.24735438525785505,-0.8000110546099901,-1.0530823714285553
187171.45247567786,551243.8154991469,서울 강서구3,7,7,7,0,0,서울 강서구 등촌동(가양역교차로 부근),0.824561617368973,1,0,11877.806451612903,9.382511120833534,5,0,a≤2,-0.6840608314139897,0.3814728691454798,-1.3993706879556367,-0.6351063786450565
185914.7594330079,543946.3976077342,서울 구로구1,10,10,10,0,0,서울 구로구 오류동(오류동삼거리 부근),1.736802886144358,1,4,6076.516129032258,8.712351360079353,8,3,a≤2,-0.39159835124217124,-0.1664599695634888,0.9980678454269497,0.6188215997054396
187223.39234328704,543548.416295849,서울 구로구2,8,8,8,0,0,서울 구로구 개봉동(세진약국 부근),0.12283196571642267,3,5,6298.8709677419365,8.748284430859075,4,1,a≤2,-0.9090337649537278,-0.1370805430015213,1.5974274787725962,-1.0530823714285553
191190.5091635271,539470.2092190548,서울 금천구1,9,9,9,0,0,서울 금천구 시흥동(시흥사거리 부근),1.7670341105204144,1,3,10109.225806451614,9.22130264672569,7,2,a≤2,-0.38190628932578674,0.24966636267537087,0.3987082120813031,0.20084560692194087
190613.87429147586,541648.9371808866,서울 금천구2,8,8,7,1,1,서울 금천구 가산동(진도식당 부근),2.028019243624464,3,6,5044.193548387097,8.526191296449653,5,1,b2-5.6,-0.2982350480344915,-0.3186672760780902,2.1967871121182427,-0.6351063786450565
191500.77120909837,542138.9683489265,서울 금천구3,7,7,5,2,1,서울 금천구 독산동(독산중앙약국 부근),2.9839533715983415,1,2,4592.967741935484,8.432499361442824,6,0,b2-5.6,0.008235263622678657,-0.3952712307151976,-0.2006514212643435,-0.21713038586155783
191062.2129877624,541557.2660867681,서울 금천구4,7,7,7,0,0,서울 금천구 독산동(명수약국 부근),1.8500389193196711,3,3,6176.322580645161,8.728640217198636,6,0,a≤2,-0.3552951360283629,-0.15314195161706726,0.3987082120813031,-0.21713038586155783
191249.10598273753,539173.4071624042,서울 금천구5,7,7,7,0,0,서울 금천구 시흥동(수약국 부근),1.1380265353790382,3,2,9739.709677419354,9.184069256140308,7,0,a≤2,-0.5835646902000009,0.2192237748135622,-0.2006514212643435,0.20084560692194087
191958.90557387378,539073.6344769987,서울 금천구6,7,7,7,0,0,서울 금천구 시흥동(은행나무시장교차로 부근),3.6625476098231675,1,5,7824.483870967742,8.965140850041951,9,0,b2-5.6,0.22579103613005538,0.04022457185857636,1.5974274787725962,1.0367975924889383
191708.68736501757,546349.0791020689,서울 영등포구1,17,17,16,1,1,서울 영등포구 영등포동4가(영등포역교차로 부근),0.46926634262362654,1,2,29418.64516129032,10.289417932943682,4,10,a≤2,-0.7979676900511171,1.122973706863322,-0.2006514212643435,-1.0530823714285553
191845.79126631183,546628.3757089955,서울 영등포구2,10,10,9,1,1,서울 영등포구 영등포동2가(영등포전통시장 부근),1.2021809474522744,1,0,12700.999999999998,9.44951474036292,4,3,a≤2,-0.562996931306467,0.4362560501159331,-1.3993706879556367,-1.0530823714285553
198353.18449348505,543199.1822094389,서울 동작구1,15,15,14,1,1,서울 동작구 사당동(시장약국 부근),0.18648025290262402,3,1,15384.09677419355,9.641154577901686,2,8,a≤2,-0.8886282685501792,0.5929437033318925,-0.8000110546099901,-1.8890343569955526
193993.3970298996,544487.4914040283,서울 동작구2,14,14,14,0,0,서울 동작구 상도동(상도3동주민센터 부근),0.9436019981497642,2,4,13095.483870967742,9.480099066365336,4,7,a≤2,-0.6458967555325245,0.4612622613925469,0.9980678454269497,-1.0530823714285553
196655.13024041386,545336.8508874746,서울 동작구3,12,12,12,0,0,서울 동작구 흑석동(흑석시장 부근),2.5597014479751077,2,2,15470.580645161292,9.646760113212599,11,5,b2-5.6,-0.12777894012747712,0.597526874472958,-0.2006514212643435,1.8727495780559356
193615.66190819276,544325.9350190939,서울 동작구4,11,11,11,0,0,서울 동작구 신대방동(메디칼우리약국 부근),1.1454745476790449,1,5,13019.09677419355,9.474249348468698,9,4,a≤2,-0.5811768743620545,0.45647944284619874,1.5974274787725962,1.0367975924889383
195006.11745806874,545948.8161283159,서울 동작구5,10,10,10,0,0,서울 동작구 노량진동(서울동작경찰서 부근),2.850204190012805,3,2,29345.90322580645,10.286942307791906,5,3,b2-5.6,-0.0346444204108754,1.1209495979919308,-0.2006514212643435,-0.6351063786450565
197589.76005587605,542685.4748357858,서울 동작구6,7,7,6,1,1,서울 동작구 사당동(남성역골목시장 부근),1.9520462128334988,1,3,4501.193548387097,8.412320012187854,7,0,a≤2,-0.32259182926312785,-0.4117701743523573,0.3987082120813031,0.20084560692194087
194125.50216369168,544675.2764956442,서울 동작구7,7,8,8,0,0,서울 동작구 상도동(아이세상어린이집 부근),5.519030022185601,1,4,3406.032258064516,8.133596885788881,3,0,b2-5.6,0.8209750837052643,-0.6396584523500671,0.9980678454269497,-1.4710583642120538
193448.31424548232,542778.4537975829,서울 관악구1,9,9,8,1,1,서울 관악구 신림동(봉림교 부근),1.4980721528528267,2,0,8272.741935483871,9.020842156721537,3,2,a≤2,-0.4681348824664228,0.08576680951008371,-1.3993706879556367,-1.4710583642120538
193706.0498454709,542594.1107826388,서울 관악구2,8,8,8,0,0,서울 관악구 신림동(리춘시장 신림역점 부근),3.9461470824240465,3,3,57672.93548387097,10.96256062572157,7,1,b2-5.6,0.3167123833341962,1.6733454362773763,0.3987082120813031,0.20084560692194087
191394.09055845626,542767.044149688,서울 관악구3,8,8,8,0,0,서울 관악구 신림동(중앙온누리약국 부근),2.4202415225565055,1,5,51457.25806451613,10.848526234981342,9,1,b2-5.6,-0.17248947567171358,1.5801091796593667,1.5974274787725962,1.0367975924889383
195034.75261086354,542530.963755661,서울 관악구4,7,7,6,1,1,서울 관악구 봉천동(그린약국 부근),1.6332007022442894,1,3,9450.548387096775,9.153933857552195,8,0,a≤2,-0.4248129762451664,0.19458461343593977,0.3987082120813031,0.6188215997054396
197073.45636770688,541695.7797285676,서울 관악구5,7,7,7,0,0,서울 관악구 봉천동(원당종합시장 부근),5.9621219553766265,3,2,4833.258064516129,8.483482945133504,3,0,c5.6-8.3,0.9630293517599586,-0.3535862753132906,-0.2006514212643435,-1.4710583642120538
193629.1120795521,543394.6496633393,서울 관악구6,7,7,7,0,0,서울 관악구 신림동(당곡사거리 부근),0.7898038316076318,1,2,7326.451612903225,8.899383069069996,5,0,a≤2,-0.6952040986361454,-0.01353999251129533,-0.2006514212643435,-0.6351063786450565
192734.11586422301,541569.4405008538,서울 관악구7,7,7,7,0,0,서울 관악구 신림동(새난곡약국 부근),1.3229169286399116,1,2,7602.193548387097,8.936323641748702,7,0,a≤2,-0.5242892497832266,0.016663182965250063,-0.2006514212643435,0.20084560692194087
202347.84280854164,544458.8580512555,서울 서초구1,14,14,14,0,0,서울 서초구 서초동(강남성지약국 부근),1.0179328572278834,1,4,19440.35483870968,9.875157768935225,5,7,a≤2,-0.6220664508276391,0.7842682803039126,0.9980678454269497,-0.6351063786450565
203211.58079826768,542581.2551906753,서울 서초구2,10,10,9,1,1,서울 서초구 양재동(엔스온누리약국 부근),4.676258249924275,1,6,21172.225806451614,9.960492728829353,3,3,b2-5.6,0.5507843664345735,0.8540394446652069,2.1967871121182427,-1.4710583642120538
200331.37422921832,545178.9469665878,서울 서초구3,8,9,9,0,0,서울 서초구 반포동(고속터미널역 9호선 부근),2.497983068567556,1,4,38031.90322580645,10.546206938418896,9,1,b2-5.6,-0.1475657124776789,1.3329283131514456,0.9980678454269497,1.0367975924889383
200738.8918649386,543409.8960799794,서울 서초구4,8,8,8,0,0,서울 서초구 서초동(미유끼 부근),5.959324265818822,1,0,6152.1612903225805,8.724721259678674,5,1,c5.6-8.3,0.9621324188378987,-0.15634615104001737,-1.3993706879556367,-0.6351063786450565
198436.07111587463,542003.5215708539,서울 서초구5,7,8,8,0,0,서울 서초구 방배동(사당역사거리 부근),0.7014915156498821,2,4,10788.096774193547,9.286291345220404,4,0,a≤2,-0.7235168266816469,0.30280211348520164,0.9980678454269497,-1.0530823714285553
202254.17501689238,544630.8080134676,서울 서초구6,7,7,7,0,0,서울 서초구 서초동(강남드림약국 부근),3.2085988730224253,3,7,35117.93548387097,10.466495736465951,8,0,b2-5.6,0.08025610148076756,1.2677552190315768,2.7961467454638895,0.6188215997054396
204526.82770516037,544890.1196303427,서울 강남구1,10,11,11,0,0,서울 강남구 대치동(테헤란건강약국 부근),4.741835601476072,3,0,9882.677419354839,9.198639929926262,4,3,b2-5.6,0.5718083164951578,0.2311369798685113,-1.3993706879556367,-1.0530823714285553
202548.6972072111,544390.823245848,서울 강남구2,8,8,8,0,0,서울 강남구 역삼동(유니팜서울약국 부근),6.743919953711111,3,4,8596.516129032258,9.059228618318881,4,1,c5.6-8.3,1.213672015507464,0.11715216581281884,0.9980678454269497,-1.0530823714285553
202152.04182473684,545160.0934229539,서울 강남구3,7,8,8,0,0,서울 강남구 논현동(블루밍약국 부근),2.972096294207122,3,4,20738.03225806451,9.939772820042249,3,0,b2-5.6,0.0044339115241483085,0.8370985313123487,0.9980678454269497,-1.4710583642120538
203810.55081654087,544765.4038459369,서울 강남구4,7,8,8,0,0,서울 강남구 역삼동(센터필드교차로 부근),5.771305454094542,1,0,5203.193548387097,8.557220031175044,6,0,c5.6-8.3,0.9018540145626145,-0.29329770945341305,-1.3993706879556367,-0.21713038586155783
205307.0753346806,543787.3069965017,서울 강남구5,7,7,7,0,0,서울 강남구 대치동(한가족약국 부근),0.3203141566328445,3,0,6033.548387096774,8.705256298436074,5,0,a≤2,-0.8457214227893411,-0.17226100014557225,-1.3993706879556367,-0.6351063786450565
204630.13070365356,544279.72014484,서울 강남구6,7,7,7,0,0,서울 강남구 역삼동(도곡시장 부근),1.7146633918854448,1,2,9717.354838709678,9.181771627852411,4,0,a≤2,-0.3986962228495407,0.21734519889210052,-0.2006514212643435,-1.0530823714285553
202716.84170976732,544214.3384326036,서울 강남구7,7,7,7,0,0,서울 강남구 역삼동(일번지약국 부근),1.9570507217892323,3,0,7114.419354838709,8.870019448328717,5,0,a≤2,-0.32098739505111207,-0.037548136553599475,-1.3993706879556367,-0.6351063786450565
207321.5669991364,545728.2758005543,서울 송파구1,11,13,13,0,0,서울 송파구 잠실동(유한약국 부근),0.3234723759469678,3,1,9012.387096774193,9.106466206349795,2,4,a≤2,-0.8447089048457328,0.15577433804592222,-0.8000110546099901,-1.8890343569955526
209636.7324910225,546205.8469378251,서울 송파구2,10,11,11,0,0,서울 송파구 방이동(친절한약국 부근),0.08069910724375795,2,0,4099.516129032258,8.31886812989935,5,3,a≤2,-0.9225414637472557,-0.48817785822673804,-1.3993706879556367,-0.6351063786450565
207526.43554090924,545768.3799843843,서울 송파구3,8,8,8,0,0,서울 송파구 잠실동(잠실새내역교차로 부근),0.7661814913485662,1,1,13155.774193548386,9.484692052761192,4,1,a≤2,-0.7027773673054123,0.4650175571017387,-0.8000110546099901,-1.0530823714285553
212724.16959357134,543714.4647311895,서울 송파구4,7,7,6,1,1,서울 송파구 거여동(거여역교차로 부근),2.9501295345054857,1,2,8084.548387096775,8.99783359742861,7,0,b2-5.6,-0.002608581776229581,0.06695466060727645,-0.2006514212643435,0.20084560692194087
212915.69269289036,544242.0881307829,서울 송파구5,7,7,6,1,1,서울 송파구 마천동(마천사거리 부근),2.908485226929868,1,0,3528.2258064516127,8.168833807587909,9,0,b2-5.6,-0.015959652261073033,-0.6108482078093043,-1.3993706879556367,1.0367975924889383
208880.6914619546,545961.8128889911,서울 송파구6,7,8,8,0,0,서울 송파구 신천동(잠실역사거리 부근),0.43800845496529733,1,2,23289.548387096773,10.055802908633677,5,0,a≤2,-0.8079888978854867,0.9319665009230673,-0.2006514212643435,-0.6351063786450565
213217.05256256132,544186.991305248,서울 송파구7,7,7,7,0,0,서울 송파구 마천동(마천2동주민센터 부근),5.783835702202633,3,0,1817.4516129032259,7.505740655826256,6,0,c5.6-8.3,0.9058711836650163,-1.1530032792572769,-1.3993706879556367,-0.21713038586155783
211814.73225859206,549693.6776198362,서울 강동구1,9,9,9,0,0,서울 강동구 천호동(천호초교입구교차로 부근),5.766951138606361,3,2,1505.3870967741937,7.317469411702297,5,2,c5.6-8.3,0.9004580309004921,-1.3069367191343835,-0.2006514212643435,-0.6351063786450565
210936.96207999228,548843.2319879367,서울 강동구2,8,8,7,1,1,서울 강동구 천호동(천호역 5호선 부근),1.249353351183622,1,0,14536.064516129034,9.584456840479973,6,1,a≤2,-0.5478735657417229,0.5465867687124619,-1.3993706879556367,-0.21713038586155783
211220.3707592359,548754.044381038,서울 강동구3,7,7,7,0,0,서울 강동구 천호동(리춘시장 천호역점 부근),0.2828724252973854,2,4,12043.322580645163,9.396348672757163,5,0,a≤2,-0.8577251568705619,0.39278666258745576,0.9980678454269497,-0.6351063786450565
212706.4882792856,550007.1073185008,서울 강동구4,7,7,7,0,0,서울 강동구 천호동(새실로암약국 부근),2.5459494262007234,1,2,3424.6129032258063,8.139035684533663,6,0,b2-5.6,-0.1321878070941212,-0.6352116075677998,-0.2006514212643435,-0.21713038586155783
199116.505851546,552375.2787258575,서울 종로구1,11,11,9,2,1,서울 종로구 종로3가(정약국 부근),1.1387852800745022,3,2,16697.645161290322,9.723082867047339,8,4,a≤2,-0.5833214383728275,0.6599295217457394,-0.2006514212643435,0.6188215997054396
201297.28438689813,552576.9574045182,서울 종로구2,8,8,5,3,1,서울 종로구 창신동(동묘앞역교차로 부근),1.9429876468121716,1,2,15893.709677419352,9.673741608152575,7,1,a≤2,-0.32549598496850823,0.6195873561384571,-0.2006514212643435,0.20084560692194087
200245.55410074367,552382.3044707543,서울 종로구3,8,8,8,0,0,서울 종로구 종로5가(종로5가교차로 부근),0.6626444181582691,1,3,8205.774193548386,9.012715213366512,9,1,a≤2,-0.7359711179626425,0.07912209670677461,0.3987082120813031,1.0367975924889383
198904.50472780748,552352.6820911964,서울 종로구4,7,8,7,1,1,서울 종로구 종로2가(종로2가교차로 부근),1.2893848965443766,1,2,19941.16129032258,9.900591427327276,8,0,a≤2,-0.5350395431623303,0.8050632272070627,-0.2006514212643435,0.6188215997054396
200997.0496496272,552488.398380045,서울 종로구5,7,7,7,0,0,서울 종로구 창신동(동대문역 1호선 부근),0.550974825104292,1,1,8220.322580645161,9.014486372996254,7,0,a≤2,-0.771772136029043,0.08057022382595459,-0.8000110546099901,0.20084560692194087
198758.77178484024,549572.2861802737,서울 용산구1,9,9,9,0,0,서울 용산구 용산동2가(해방촌오거리 부근),13.192105496445757,2,4,7412.74193548387,8.911090575374077,1,2,d>8.3,3.280945664470804,-0.003967756845908716,0.9980678454269497,-2.3070103497790515
200487.31668970213,548169.9522010391,서울 용산구2,7,10,10,0,0,서울 용산구 한남동(자연약국 부근),0.9845379653393256,2,1,1797.0645161290324,7.494466096550793,8,0,a≤2,-0.6327727773676656,-1.1622215308306696,-0.8000110546099901,0.6188215997054396
199352.6799766416,548329.5250204806,서울 용산구3,7,7,7,0,0,서울 용산구 이태원동(이태원365약국 부근),11.165003221486304,1,2,7586.193548387097,8.934217045542157,5,0,d>8.3,2.6310612762185217,0.014940797786279101,-0.2006514212643435,-0.6351063786450565
201742.66128351618,550470.5007039936,서울 성동구1,7,7,7,0,0,서울 성동구 금호동2가(21세기메디칼약국 부근),8.006883682932948,2,4,3756.0967741935483,8.23140180361155,10,0,c5.6-8.3,1.6185753204315199,-0.5596916602496832,0.9980678454269497,1.4547735852724368
206215.4817193065,548995.2400761895,서울 광진구1,7,7,7,0,0,서울 광진구 화양동(건대입구역교차로 부근),9.484122283475553,3,2,15325.580645161292,9.637343897094901,3,0,d>8.3,2.092174662741711,0.5898280326005946,-0.2006514212643435,-1.4710583642120538
203672.1452721186,553301.3579390249,서울 동대문구1,17,17,17,0,0,서울 동대문구 제기동(동서시장 부근),0.6694005763511365,1,3,17702.483870967742,9.781516728061895,6,10,a≤2,-0.7338051089810802,0.707705937486367,0.3987082120813031,-0.21713038586155783
205462.32728942198,554474.864060229,서울 동대문구2,9,9,9,0,0,서울 동대문구 휘경동(삼육서울병원앞교차로 부근),0.46688485408031016,1,3,9305.709677419356,9.138490889696735,5,2,a≤2,-0.7987311898726216,0.1819582074493868,0.3987082120813031,-0.6351063786450565
203457.9371926375,553205.0261014604,서울 동대문구3,8,8,6,2,1,서울 동대문구 제기동(경동시장교차로 부근),0.11391926039180451,1,0,20571.8064516129,9.931725407546484,6,1,a≤2,-0.9118911580508166,0.830518844152224,-1.3993706879556367,-0.21713038586155783
203988.59602082294,553469.1251364568,서울 동대문구4,8,8,7,1,1,서울 동대문구 청량리동(청량리역교차로 부근),0.4784682905292688,1,6,34489.032258064515,10.44842564121791,8,1,a≤2,-0.7950175664390723,1.2529808336315067,2.1967871121182427,0.6188215997054396
202781.73945127949,552694.8999884835,서울 동대문구5,8,9,9,0,0,서울 동대문구 용두동(시립동부병원앞교차로 부근),0.48709565650215225,1,2,5958.4838709677415,8.692739157478584,6,1,a≤2,-0.7922516524904887,-0.18249520544855755,-0.2006514212643435,-0.21713038586155783
202107.59749943326,552671.8049008105,서울 동대문구6,7,7,6,1,1,서울 동대문구 신설동(동촌 부근),0.15428603133845678,3,3,6346.1612903225805,8.755762951040085,9,0,a≤2,-0.8989496629094775,-0.13096599087217276,0.3987082120813031,1.0367975924889383
205819.7316016557,551404.0443655793,서울 동대문구7,7,7,6,1,1,서울 동대문구 장안동(조령약국 부근),0.2607506297644502,3,2,21027.290322580644,9.953623968320187,3,0,a≤2,-0.8648173543065554,0.8484234413409193,-0.2006514212643435,-1.4710583642120538
204612.32238480382,553978.5800650907,서울 동대문구8,7,7,6,1,1,서울 동대문구 청량리동(떡전교사거리 부근),11.719298518976355,1,2,12784.354838709678,9.456055641638907,6,0,d>8.3,2.8087670904590216,0.44160399073211254,-0.2006514212643435,-0.21713038586155783
203345.00428290438,553438.689102226,서울 동대문구9,7,7,7,0,0,서울 동대문구 제기동(서울약령시장 부근),0.06025701851252544,3,2,7795.967741935484,8.961490186060498,7,0,a≤2,-0.9290951509952076,0.037239733323539304,-0.2006514212643435,0.20084560692194087
203339.53821025052,554101.9566767608,서울 동대문구10,7,7,7,0,0,서울 동대문구 제기동(홍파초교교차로 부근),0.6364837536186781,1,1,4406.548387096775,8.391073892566109,8,0,a≤2,-0.7443581676347786,-0.42914132570706126,-0.8000110546099901,0.6188215997054396
204950.5938959969,554474.5509587175,서울 동대문구11,7,7,7,0,0,서울 동대문구 회기동(회기역앞교차로 부근),2.2951221098090713,1,0,17357.935483870966,9.761862666280674,7,0,b2-5.6,-0.2126024754035488,0.6916364768971089,-1.3993706879556367,0.20084560692194087
207664.62468280335,554301.5140230007,서울 중랑구1,10,12,11,1,1,서울 중랑구 면목동(면목역교차로 부근),1.8852208378844362,1,2,14416.354838709678,9.576187957029633,9,3,a≤2,-0.3440158927921225,0.5398260035229803,-0.2006514212643435,1.0367975924889383
208870.76268069528,555587.4461012257,서울 중랑구2,8,9,9,0,0,서울 중랑구 망우동(망우사거리 부근),2.1891903456166637,1,2,3944.6774193548385,8.280375934471266,9,1,b2-5.6,-0.246563958560606,-0.5196496641216714,-0.2006514212643435,1.0367975924889383
207866.38458354268,553598.9528448676,서울 중랑구3,8,8,8,0,0,서울 중랑구 면목동(사가정시장 부근),2.558862206933039,3,2,10332.612903225807,9.243157249584074,6,1,b2-5.6,-0.128047998900662,0.26753501920225,-0.2006514212643435,-0.21713038586155783
208338.9518085046,555418.0479248238,서울 중랑구4,7,8,6,2,1,서울 중랑구 망우동(개술 망우점 부근),0.3163270791105196,1,2,7335.419354838709,8.90060617626634,8,0,a≤2,-0.8469996707931634,-0.012539961418136574,-0.2006514212643435,0.6188215997054396
207545.9998772858,553255.5680451005,서울 중랑구5,7,7,6,1,1,서울 중랑구 면목동(면목시장 부근),3.4835116333155542,3,2,1849.9354838709678,7.523446457223198,8,0,b2-5.6,0.16839250843607034,-1.1385267460644666,-0.2006514212643435,0.6188215997054396
208650.36453211174,555551.7587796808,서울 중랑구6,7,7,7,0,0,서울 중랑구 망우동(신내지하차도교차로 부근),1.1690213265950788,1,7,9355.193548387097,9.143793814577215,9,0,a≤2,-0.573627830487855,0.1862939596884528,2.7961467454638895,1.0367975924889383
207581.46512057673,555190.4616146139,서울 중랑구7,7,7,7,0,0,서울 중랑구 상봉동(상봉삼거리 부근),2.737404239179071,1,0,5499.129032258064,8.612526831355929,6,0,b2-5.6,-0.07080782861578946,-0.24807802633051387,-1.3993706879556367,-0.21713038586155783
206720.86608508517,554937.2448873142,서울 중랑구8,7,7,7,0,0,서울 중랑구 상봉동(인제약국 부근),0.03417481872012592,1,3,11092.677419354839,9.314130623155734,4,0,a≤2,-0.9374570450474927,0.32556393160681907,0.3987082120813031,-1.0530823714285553
202181.0942468283,556060.5260420854,서울 성북구1,10,10,10,0,0,서울 성북구 길음동(길음역교차로 부근),4.939704200532067,1,4,24192.935483870966,10.093857280899348,11,3,b2-5.6,0.6352445402320257,0.9630803359246671,0.9980678454269497,1.8727495780559356
203044.92045745952,555499.4034347372,서울 성북구2,8,9,9,0,0,서울 성북구 종암동(종암동주민센터 부근),2.3249498795136248,1,3,11019.548387096773,9.307516844363217,3,1,b2-5.6,-0.2030397601390901,0.32015640522191874,0.3987082120813031,-1.4710583642120538
201762.60135024332,554470.128762319,서울 성북구3,8,8,8,0,0,서울 성북구 동선동2가(카타리 부근),2.281477290460465,3,3,817.9677419354839,6.708044695941214,5,1,b2-5.6,-0.21697697351581555,-1.8052116589943756,0.3987082120813031,-0.6351063786450565
202674.19400595594,557033.862989627,서울 강북구1,20,20,20,0,0,서울 강북구 미아동(미아사거리역 4호선 부근),1.446369436028867,1,5,43574.64516129032,10.682253676045464,6,13,a≤2,-0.4847106561257919,1.4441622002188057,1.5974274787725962,-0.21713038586155783
202310.743454185,558483.6677556398,서울 강북구2,11,11,10,1,1,서울 강북구 미아동(미아역교차로 부근),1.5909961342376395,1,4,14411.483870967742,9.575850045476445,7,4,a≤2,-0.4383436649525243,0.5395497218847589,0.9980678454269497,0.20084560692194087
202240.06152093573,559826.8187161143,서울 강북구3,11,11,11,0,0,서울 강북구 번동(수유역교차로 부근),0.4411557764054131,1,7,50184.45161290323,10.823480455169316,10,4,a≤2,-0.8069798737755494,1.5596313681974554,2.7961467454638895,1.4547735852724368
202163.62683186142,558980.4036641346,서울 강북구4,8,9,8,1,1,서울 강북구 미아동(수유시장약국 부근),1.9697241610445222,1,4,16676.1935483871,9.72179740926192,5,1,a≤2,-0.3169243191919321,0.658878511860258,0.9980678454269497,-0.6351063786450565
202576.9929339104,560172.722741412,서울 강북구5,8,8,8,0,0,서울 강북구 번동(구립번1동어린이집 부근),0.5485013256307999,1,2,7827.967741935484,8.965585946569306,7,1,a≤2,-0.7725651343459163,0.0405884895659872,-0.2006514212643435,0.20084560692194087
202548.7905185469,557767.6837354961,서울 강북구6,7,8,7,1,1,서울 강북구 미아동(미아119안전센터 부근),0.2577035870271871,1,2,8397.516129032258,9.035810317921042,12,0,a≤2,-0.8657942292919699,0.09800500633507417,-0.2006514212643435,2.2907255708394345
202067.73997682388,559546.1384383572,서울 강북구7,7,7,7,0,0,서울 강북구 미아동(수유사거리 부근),2.715570063009605,1,1,11337.290322580646,9.335940800710999,9,0,b2-5.6,-0.07780781593669052,0.34339626532848894,-0.8000110546099901,1.0367975924889383
205725.04345587007,557271.8707869459,서울 노원구1,8,8,8,0,0,서울 노원구 월계동(석계역교차로 부근),2.1180831729433374,1,8,15491.774193548386,9.64812901314977,8,1,b2-5.6,-0.2693607567212111,0.5986461079340042,3.3955063788095363,0.6188215997054396
192741.68499787466,554487.1720445488,서울 은평구1,13,14,14,0,0,서울 은평구 응암동(응암오거리 부근),1.7243283252450534,1,0,10922.354838709676,9.298658421778658,8,6,a≤2,-0.39559766715183475,0.3129136238472524,-1.3993706879556367,0.6188215997054396
192945.11594224104,557750.1488317103,서울 은평구2,13,13,13,0,0,서울 은평구 갈현동(연신내역 GTX-A 부근),2.439291210124992,3,3,22581.548387096776,10.02493269170284,6,6,b2-5.6,-0.16638218907607766,0.9067265408642312,0.3987082120813031,-0.21713038586155783
192457.4204587416,557007.6590313477,서울 은평구3,8,8,8,0,0,서울 은평구 갈현동(오은약국 부근),2.983046796992621,1,2,3140.0,8.052296499538647,6,1,b2-5.6,0.007944617861820118,-0.7061308877826186,-0.2006514212643435,-0.21713038586155783
192688.5757556508,554915.9441432215,서울 은평구4,7,7,7,0,0,서울 은평구 응암동(응암시장교차로 부근),0.7331737179581044,2,3,3449.2903225806454,8.146213657957519,7,0,a≤2,-0.7133595845336276,-0.6293427870497122,0.3987082120813031,0.20084560692194087
195172.6624062855,554254.2506862038,서울 서대문구1,11,11,10,1,1,서울 서대문구 홍제동(홍제1동주민센터 부근),8.733945862762566,1,1,28040.225806451614,10.24143105654291,7,4,d>8.3,1.851669805005266,1.083738905034186,-0.8000110546099901,0.20084560692194087
194342.9027942985,550669.0664284517,서울 서대문구2,8,8,7,1,1,서울 서대문구 창천동(신촌1번약국 부근),2.544408374550281,1,3,35826.645161290326,10.486475085596346,8,1,b2-5.6,-0.13268186475538699,1.2840906395173652,0.3987082120813031,0.6188215997054396
195292.3066035547,554765.8578688313,서울 서대문구3,7,7,6,1,1,서울 서대문구 홍제동(꽃동산놀이방 부근),1.800254814579804,1,4,4206.0,8.344505083590521,10,0,a≤2,-0.3712558070084215,-0.46721669398726606,0.9980678454269497,1.4547735852724368
194927.800350793,554458.799955098,서울 서대문구4,7,7,6,1,1,서울 서대문구 홍제동(서울약국 부근),3.458116678890129,1,1,9453.838709677419,9.154281922213837,6,0,b2-5.6,0.16025094368853326,0.19486919641044304,-0.8000110546099901,-0.21713038586155783
195310.82781697685,548950.8292964443,서울 마포구1,10,10,9,1,1,서울 마포구 도화동(포도약국 부근),1.7738274309214102,1,4,14738.451612903225,9.598282961041962,8,3,a≤2,-0.3797283662246491,0.5578912156988601,0.9980678454269497,0.6188215997054396
193105.73046443757,550110.4401108129,서울 마포구2,7,8,8,0,0,서울 마포구 서교동(홍대참신한약국 부근),3.464784238214301,3,3,2161.967741935484,7.679236512266022,6,0,b2-5.6,0.1623885480738927,-1.0111504216397111,0.3987082120813031,-0.21713038586155783
193285.387242751,550846.1769415052,서울 마포구3,7,7,7,0,0,서울 마포구 동교동(홍대입구역 2호선 부근),1.3674422325923057,1,6,39962.48387096774,10.59572141292034,6,0,a≤2,-0.51001453839925,1.3734121024798696,2.1967871121182427,-0.21713038586155783
188273.34538095785,549924.9813812912,서울 양천구1,12,12,12,0,0,서울 양천구 목동(약초원한약국 부근),8.333333333333332,3,3,14212.419354838708,9.561941822323005,4,5,d>8.3,1.7232343373772083,0.5281781465677245,0.3987082120813031,-1.0530823714285553
188632.31897175475,549715.786223496,서울 양천구2,9,9,9,0,0,서울 양천구 목동(목2동주민센터 부근),2.960594732333751e-15,2,2,3418.064516129032,8.137122259343991,5,2,a≤2,-0.9484134143594477,-0.6367760531779844,-0.2006514212643435,-0.6351063786450565
184821.93948147102,548447.2759551394,서울 양천구3,7,7,6,1,1,서울 양천구 신월동(신월사거리 부근),2.891188701805915,1,4,5731.0,8.653819788948063,5,0,b2-5.6,-0.02150487895630497,-0.21431627458540087,0.9980678454269497,-0.6351063786450565
188044.65961386453,548329.3698307521,서울 양천구4,7,7,7,0,0,서울 양천구 목동(땡초곱도리탕 부근),10.641398656072804,3,0,4116.064516129032,8.32289569231242,6,0,d>8.3,2.4631948410201985,-0.48488486178722146,-1.3993706879556367,-0.21713038586155783
186983.97380709168,546899.6853390343,서울 양천구5,7,7,7,0,0,서울 양천구 신월동(신정네거리역교차로 부근),1.230330069614552,3,2,10211.258064516129,9.231344048754583,6,0,a≤2,-0.5539723866338819,0.2578763660813013,-0.2006514212643435,-0.21713038586155783
187845.48172605308,547364.2332204831,서울 양천구6,7,7,7,0,0,서울 양천구 신정동(목동제일큰약국 부근),0.324167644972125,1,2,6175.290322580645,8.728473098789634,10,0,a≤2,-0.8444860031743833,-0.15327859017641976,-0.2006514212643435,1.4547735852724368
186835.30634379483,547252.2191188394,서울 양천구7,7,7,7,0,0,서울 양천구 신정동(양강중교앞교차로 부근),5.492203060813203,3,2,6257.064516129032,8.74162623356032,9,0,b2-5.6,0.8123744207808853,-0.14252438663439707,-0.2006514212643435,1.0367975924889383
185946.60511310856,549077.1669048092,서울 강서구1,11,11,11,0,0,서울 강서구 화곡동(화곡역교차로 부근),5.83820858396279,1,3,12423.451612903227,9.42742171420838,8,4,c5.6-8.3,0.9233030061422124,0.4181924550667388,0.3987082120813031,0.6188215997054396
187171.45247567786,551243.8154991469,서울 강서구2,9,10,10,0,0,서울 강서구 등촌동(가양역교차로 부근),0.824561617368973,1,0,11877.806451612903,9.382511120833534,5,2,a≤2,-0.6840608314139897,0.3814728691454798,-1.3993706879556367,-0.6351063786450565
187888.1356491336,549755.5658278266,서울 강서구3,8,8,8,0,0,서울 강서구 등촌동(또오랑 부근),2.577030493243052,1,1,3827.3870967741937,8.250198869919611,5,1,b2-5.6,-0.1222232875478956,-0.5443228922263905,-0.8000110546099901,-0.6351063786450565
186492.5442744462,548357.1213419705,서울 강서구4,7,7,6,1,1,서울 강서구 화곡동(까치산메가약국 부근),4.093156229479409,3,1,333.6774193548387,5.813167140613753,4,0,b2-5.6,0.3638431822000182,-2.536877192949607,-0.8000110546099901,-1.0530823714285553
186708.90821874148,547927.6099498279,서울 강서구5,7,7,6,1,1,서울 강서구 화곡동(신영유치원 부근),5.982623506292676,2,2,3695.225806451613,8.215067525714522,7,0,c5.6-8.3,0.9696021024493959,-0.5730468149165463,-0.2006514212643435,0.20084560692194087
186864.51363570616,550458.3880043636,서울 강서구6,7,8,8,0,0,서울 강서구 화곡동(우장공원입구교차로 부근),0.6398555107792614,1,3,9856.935483870968,9.196032042698459,12,0,a≤2,-0.7432771899422818,0.22900473150708311,0.3987082120813031,2.2907255708394345
186580.22310146072,547747.3772459994,서울 강서구7,7,7,7,0,0,서울 강서구 화곡동(전주뼈해장국감자탕 부근),3.4042256613829736,1,2,4269.225806451613,8.35942198689744,11,0,b2-5.6,0.14297360579711815,-0.4550204063968132,-0.2006514212643435,1.8727495780559356
187205.1648928878,543584.613679946,서울 구로구1,7,7,7,0,0,서울 구로구 개봉동(정제약국 부근),0.12902254674284447,3,3,6298.8709677419365,8.748284430859075,4,0,a≤2,-0.9070490787279857,-0.1370805430015213,0.3987082120813031,-1.0530823714285553
187613.8421799458,545274.9201335475,서울 구로구2,7,7,7,0,0,서울 구로구 고척동(고척2파출소앞교차로 부근),1.6450451702718933,1,4,6980.225806451613,8.850979797307708,7,0,a≤2,-0.4210156666799906,-0.05311524553702918,0.9980678454269497,0.20084560692194087
189716.65965256994,543669.9811830565,서울 구로구3,7,7,7,0,0,서울 구로구 구로동(고대구로병원교차로 부근),3.3349278714173876,1,1,6675.774193548387,8.806390244737019,7,0,b2-5.6,0.12075689162569292,-0.08957234360171397,-0.8000110546099901,0.20084560692194087
191060.84912867768,541557.5865825749,서울 금천구1,8,8,8,0,0,서울 금천구 독산동(명수약국 부근),1.8847721381875242,3,3,6176.322580645161,8.728640217198636,6,1,a≤2,-0.3441597448964977,-0.15314195161706726,0.3987082120813031,-0.21713038586155783
191207.60405215053,539488.5422741576,서울 금천구2,8,8,8,0,0,서울 금천구 시흥동(시흥사거리 부근),2.828208344999551,1,3,9199.483870967742,9.127011356324488,6,1,b2-5.6,-0.04169623839614023,0.17257236592910338,0.3987082120813031,-0.21713038586155783
191554.87131425546,540370.4850331895,서울 금천구3,7,7,6,1,1,서울 금천구 독산동(시흥4동교차로 부근),11.577961201941385,2,4,4686.741935483871,8.452706281849991,7,0,d>8.3,2.763454667423865,-0.3787497444836083,0.9980678454269497,0.20084560692194087
191452.74749647136,541662.1295165721,서울 금천구4,7,7,7,0,0,서울 금천구 독산동(독산3동주민센터 부근),5.197949891347704,1,1,6096.193548387097,8.71558387025997,4,0,b2-5.6,0.7180375225436187,-0.16381701995185052,-0.8000110546099901,-1.0530823714285553
191702.8155018528,546324.5385561617,서울 영등포구1,12,12,12,0,0,서울 영등포구 영등포동4가(영등포역교차로 부근),1.1896292147374066,1,1,29418.64516129032,10.289417932943682,3,5,a≤2,-0.5670209883250361,1.122973706863322,-0.8000110546099901,-1.4710583642120538
191830.3420368911,546633.0611163138,서울 영등포구2,7,7,7,0,0,서울 영등포구 영등포동2가(영등포전통시장 부근),1.1775417803210195,1,0,7544.967741935483,8.928768625658968,4,0,a≤2,-0.5708961923629727,0.010486086614551216,-1.3993706879556367,-1.0530823714285553
193985.28762221354,544475.0526493825,서울 동작구1,15,15,15,0,0,서울 동작구 상도동(상도3동주민센터 부근),1.1277427164170344,2,5,13095.483870967742,9.480099066365336,4,8,a≤2,-0.5868616592170933,0.4612622613925469,1.5974274787725962,-1.0530823714285553
198349.21006469705,543196.9639768294,서울 동작구2,14,14,13,1,1,서울 동작구 사당동(남성사계시장 부근),0.15464230899701134,3,1,15384.09677419355,9.641154577901686,2,7,a≤2,-0.8988354411008209,0.5929437033318925,-0.8000110546099901,-1.8890343569955526
195006.11745806874,545948.8161283159,서울 동작구3,11,11,11,0,0,서울 동작구 노량진동(서울동작경찰서 부근),2.850204190012805,3,2,29345.90322580645,10.286942307791906,5,4,b2-5.6,-0.0346444204108754,1.1209495979919308,-0.2006514212643435,-0.6351063786450565
196654.27947351275,545351.5158173478,서울 동작구4,11,11,11,0,0,서울 동작구 흑석동(신세명약국 부근),2.885548277164336,2,3,15470.580645161292,9.646760113212599,12,4,b2-5.6,-0.02331318629380668,0.597526874472958,0.3987082120813031,2.2907255708394345
193703.81335484682,544397.9307260425,서울 동작구5,10,10,10,0,0,서울 동작구 대방동(신대방삼거리역교차로 부근),0.7506328844861205,2,3,10447.677419354839,9.254230686642053,7,3,a≤2,-0.7077622153734152,0.2765888301840003,0.3987082120813031,0.20084560692194087
193207.10466053765,545154.5825074173,서울 동작구6,7,7,6,1,1,서울 동작구 대방동(서울지방병무청역 신림선 부근),5.799231223617601,3,0,6133.935483870969,8.721754841013265,7,0,c5.6-8.3,0.9108069528860299,-0.15877154017156941,-1.3993706879556367,0.20084560692194087
195316.93272900226,545156.4012887689,서울 동작구7,7,7,7,0,0,서울 동작구 상도동(수라청 부근),10.34007004992502,2,2,8331.967741935485,9.027974943252127,8,0,d>8.3,2.3665895738423584,0.09159868453524664,-0.2006514212643435,0.6188215997054396
194672.70834633656,545081.7566789384,서울 동작구8,7,7,7,0,0,서울 동작구 상도동(장승배기교차로 부근),4.8801013343361825,1,2,12545.709677419354,9.437213733087447,9,0,b2-5.6,0.6161359966157102,0.4261985590068807,-0.2006514212643435,1.0367975924889383
191400.06876719065,542771.5776120618,서울 관악구1,12,12,11,1,1,서울 관악구 신림동(중앙온누리약국 부근),3.640037396848861,1,5,51457.25806451613,10.848526234981342,9,5,b2-5.6,0.21857431294398502,1.5801091796593667,1.5974274787725962,1.0367975924889383
196159.17118937726,542931.9118848551,서울 관악구2,8,8,7,1,1,서울 관악구 봉천동(은천삼거리 부근),9.299732987086019,1,0,10642.387096774195,9.272694048400417,6,1,d>8.3,2.033059872844502,0.29168475627927365,-1.3993706879556367,-0.21713038586155783
193452.16445846416,542766.6581059363,서울 관악구3,8,8,7,1,1,서울 관악구 신림동(봉림교 부근),1.7675610194803206,2,0,18779.064516129034,9.840551188119987,3,1,a≤2,-0.38173736350921433,0.7559734121626724,-1.3993706879556367,-1.4710583642120538
191422.16276110176,542284.5094823509,서울 관악구4,8,8,8,0,0,서울 관악구 신림동(구로전화국교차로 부근),5.921189464667502e-15,1,0,7320.548387096775,8.898577112878312,4,1,a≤2,-0.9484134143594468,-0.01419895458249964,-1.3993706879556367,-1.0530823714285553
193630.02329260943,543380.3071019853,서울 관악구5,8,8,8,0,0,서울 관악구 신림동(당곡사거리 부근),0.5949144940279124,1,2,7326.451612903225,8.899383069069996,5,1,a≤2,-0.7576851779060219,-0.01353999251129533,-0.2006514212643435,-0.6351063786450565
202365.3182085184,544456.3713037956,서울 서초구1,13,13,13,0,0,서울 서초구 서초동(굿약국 부근),2.375471164274566,1,4,21300.677419354837,9.966541100679121,5,6,b2-5.6,-0.18684275091752015,0.8589846857126274,0.9980678454269497,-0.6351063786450565
203198.71852172955,542567.6323351325,서울 서초구2,8,8,7,1,1,서울 서초구 양재동(엔스온누리약국 부근),5.068675784516786,1,6,21172.225806451614,9.960492728829353,3,1,b2-5.6,0.6765925373189083,0.8540394446652069,2.1967871121182427,-1.4710583642120538
204526.82770516037,544890.1196303427,서울 강남구1,12,13,13,0,0,서울 강남구 대치동(테헤란건강약국 부근),4.741835601476072,3,0,9882.677419354839,9.198639929926262,4,5,b2-5.6,0.5718083164951578,0.2311369798685113,-1.3993706879556367,-1.0530823714285553
203144.7390346636,546267.5316379047,서울 강남구2,8,10,9,1,1,서울 강남구 논현동(서울세관사거리 부근),4.834438752692994,1,2,2616.7741935483873,7.870079691240568,6,1,b2-5.6,0.6014966765854481,-0.8551141286129749,-0.2006514212643435,-0.21713038586155783
201729.6017023494,546341.3127305198,서울 강남구3,8,8,7,1,1,서울 강남구 논현동(신사역교차로 부근),3.946747432618173,1,2,9155.612903225807,9.122231618896052,2,1,b2-5.6,0.31690485424376336,0.16866437972817278,-0.2006514212643435,-1.8890343569955526
202154.52413219487,545163.6079860344,서울 강남구4,8,9,9,0,0,서울 강남구 논현동(블루밍약국 부근),2.990742879804091,3,4,20738.03225806451,9.939772820042249,3,1,b2-5.6,0.010411964542673218,0.8370985313123487,0.9980678454269497,-1.4710583642120538
205236.1158014453,543706.3523748234,서울 강남구5,8,8,8,0,0,서울 강남구 대치동(메디칼청실약국 부근),0.6301644529738019,1,2,2081.290322580645,7.641223683536414,5,1,a≤2,-0.7463841210780305,-1.0422302900127869,-0.2006514212643435,-0.6351063786450565
205257.32676639175,544746.5886949287,서울 강남구6,7,7,7,0,0,서울 강남구 대치동(소모 쎈트럴주유소 부근),5.297258700766001,1,1,6824.548387096775,8.82842796658306,6,0,b2-5.6,0.7498757014328233,-0.07155396619840472,-0.8000110546099901,-0.21713038586155783
203681.68245360602,544770.4886112139,서울 강남구7,7,7,7,0,0,서울 강남구 역삼동(역삼센터약국 부근),7.119321686764265,1,0,0.0,0.0,4,0,c5.6-8.3,1.3340249590406046,-7.2898112838619245,-1.3993706879556367,-1.0530823714285553
202628.42087574382,544320.9674257932,서울 강남구8,7,7,7,0,0,서울 강남구 역삼동(우리누리어린이집 부근),2.169282826512238,1,6,6976.322580645161,8.8504205377343,4,0,b2-5.6,-0.25294626399956516,-0.053572504691604926,2.1967871121182427,-1.0530823714285553
207335.7077319622,545702.8407884788,서울 송파구1,10,11,11,0,0,서울 송파구 잠실동(헬로팜약국 부근),0.8240958428461346,3,1,9012.387096774193,9.106466206349795,2,3,a≤2,-0.6842101576688006,0.15577433804592222,-0.8000110546099901,-1.8890343569955526
212789.20696900474,543769.9918692118,서울 송파구2,8,8,6,2,1,서울 송파구 거여동(거여역교차로 부근),2.429320775269351,1,1,8084.548387096775,8.99783359742861,8,1,b2-5.6,-0.1695786878599868,0.06695466060727645,-0.8000110546099901,0.6188215997054396
210551.6776337632,543785.1530899932,서울 송파구3,8,9,9,0,0,서울 송파구 가락동(참좋은약국 부근),0.8309332509809527,3,2,3303.741935483871,8.10311366617629,5,1,a≤2,-0.6820181001402693,-0.6645819975007329,-0.2006514212643435,-0.6351063786450565
210365.80617719208,543935.2264122968,서울 송파구4,8,8,8,0,0,서울 송파구 가락동(가락약국 부근),4.394758073801211,1,3,10075.516129032258,9.217962859764453,3,1,b2-5.6,0.4605360489162547,0.24693570193218642,0.3987082120813031,-1.4710583642120538
209709.6250964579,546236.7985397065,서울 송파구5,8,8,8,0,0,서울 송파구 방이동(친절한약국 부근),0.08337376037368689,3,1,4099.516129032258,8.31886812989935,4,1,a≤2,-0.9216839760247056,-0.48817785822673804,-0.8000110546099901,-1.0530823714285553
208878.73063175767,546002.6567440352,서울 송파구6,8,8,8,0,0,서울 송파구 신천동(잠실역사거리 부근),0.8236847294794162,1,2,23660.677419354837,10.071612031864406,5,1,a≤2,-0.6843419596810288,0.9448922811274252,-0.2006514212643435,-0.6351063786450565
213002.19003800023,544345.3907735734,서울 송파구7,7,7,6,1,1,서울 송파구 마천동(마천사거리 부근),0.5114037385410697,1,2,3222.1612903225805,8.07811792410118,9,0,a≤2,-0.7844585365630923,-0.6850188973459859,-0.2006514212643435,1.0367975924889383
211186.5825621869,545537.7935196877,서울 송파구8,7,7,6,1,1,서울 송파구 방이동(방이역사거리 부근),4.072584491157283,1,1,2299.2580645161293,7.740776597586606,4,0,b2-5.6,0.35724792958750334,-0.9608343095440633,-0.8000110546099901,-1.0530823714285553
208745.74780943524,544764.4432066994,서울 송파구9,7,7,6,1,1,서울 송파구 석촌동(대성석유 석촌주유소 부근),0.5516357355014131,1,2,2593.8064516129034,7.861267207698112,4,0,a≤2,-0.7715602496558549,-0.8623193495263586,-0.2006514212643435,-1.0530823714285553
209386.90500023105,545239.7099728553,서울 송파구10,7,7,6,1,1,서울 송파구 석촌동(석촌미소약국 부근),0.2750849932587407,1,2,10409.225806451614,9.25054385267555,4,0,a≤2,-0.8602217899063037,0.27357441851768177,-0.2006514212643435,-1.0530823714285553
207530.92923283062,545769.9044610685,서울 송파구11,7,7,7,0,0,서울 송파구 잠실동(잠실새내역교차로 부근),0.7626487831456845,1,1,13155.774193548386,9.484692052761192,4,0,a≤2,-0.7039099455367447,0.4650175571017387,-0.8000110546099901,-1.0530823714285553
212676.31883812996,549002.0409881624,서울 강동구1,8,13,13,0,0,서울 강동구 길동(길동119안전센터 부근),1.725528019693184,3,2,419.258064516129,6.040868961910978,6,1,a≤2,-0.3952130478348205,-2.3507047119546525,-0.2006514212643435,-0.21713038586155783
211716.07266531154,548467.3905070235,서울 강동구2,7,7,6,1,1,서울 강동구 천호동(강동역 5호선 부근),4.327354281813314,1,2,6686.8064516129025,8.808041214694597,8,0,b2-5.6,0.4389265461974958,-0.08822248539109659,-0.2006514212643435,0.6188215997054396
211823.2092700781,549716.8632292248,서울 강동구3,7,7,6,1,1,서울 강동구 천호동(천호초교입구교차로 부근),5.599020713120157,3,3,2119.225806451613,7.659277874471183,4,0,b2-5.6,0.8466199176566845,-1.0274689082217512,0.3987082120813031,-1.0530823714285553
212718.84369545692,549659.0324022776,서울 강동구4,7,7,7,0,0,서울 강동구 명일동(굽은다리역교차로 부근),1.7705948182908906,2,0,3597.290322580645,8.188214101244279,7,0,a≤2,-0.38076473449663667,-0.5950025842132264,-1.3993706879556367,0.20084560692194087
212727.63157552332,550062.0647965481,서울 강동구5,7,7,7,0,0,서울 강동구 명일동(명일역교차로 부근),1.4032627759309335,1,2,2840.0,7.951911381854188,7,0,a≤2,-0.4985305535100543,-0.7882072906318122,-0.2006514212643435,0.20084560692194087
211386.189783006,550106.9257623282,서울 강동구6,7,7,7,0,0,서울 강동구 암사동(암사종합시장 부근),1.3845972303623395,3,3,5438.741935483871,8.601486900394585,7,0,a≤2,-0.504514685052447,-0.2571044422167685,0.3987082120813031,0.20084560692194087
211188.80329844478,548704.0145491201,서울 강동구7,7,7,7,0,0,서울 강동구 천호동(대한약국 부근),1.141759870898878,1,7,12043.322580645163,9.396348672757163,3,0,a≤2,-0.5823677913062338,0.39278666258745576,2.7961467454638895,-1.4710583642120538
