교차로관리번호,자치구,x,y,횡단보도수,지원점수_최대,보행등_비율,음향_유무,횡단단수_최대,대각선_유무,최근접다발지_m,y_50m,y_100m,y_200m,정류소수_100m,승하차_200m,교차로수_300m,경사_60m
4,은평구,193999.41166076827,559371.571452973,4,0,1.0,1,2,0,1569.9269548083798,0,0,0,2,2928.548387096774,6,6.3656286705127725
5,은평구,193709.523843941,558379.0688431023,4,2,0.5,1,2,0,842.4476209411982,0,0,0,2,4124.58064516129,6,7.861234930492103
6,은평구,193059.1802062472,557700.5358290455,6,0,1.0,1,2,0,27.514729355856797,1,1,1,4,34059.48387096775,6,1.6605609730996858
32,은평구,192719.063356804,557084.2778066525,2,2,0.5,1,2,0,264.4941929744145,0,0,0,1,6337.419354838709,3,0.2619896569232516
33,은평구,192892.87557168867,557542.150159624,3,2,0.3333333333333333,1,2,0,184.0002461669816,0,0,1,4,15243.483870967742,4,0.9297168979617136
34,은평구,193201.2125047845,557496.381962648,2,2,0.5,1,2,0,222.25107708964,0,0,0,1,9113.74193548387,4,3.072166075688098
35,은평구,192523.28775385767,556986.3564288976,3,2,0.3333333333333333,1,2,0,62.08149829646948,0,1,1,2,3320.741935483871,3,1.491296795590659
36,은평구,192996.237795129,556586.453137995,4,0,1.0,1,2,0,186.82599418578783,0,0,1,7,2619.2580645161293,5,1.187026979629427
37,은평구,192550.02667018867,556070.0659225527,3,2,0.3333333333333333,1,2,0,488.2723792446676,0,0,0,0,976.0967741935483,6,6.198333944857595
38,은평구,193161.8726443477,555932.588040264,3,2,0.3333333333333333,0,2,0,484.0704195789313,0,0,0,2,1617.6774193548388,9,0.3059184452226482
39,은평구,193192.76834069585,556299.483999154,7,2,0.5714285714285714,1,2,0,138.6497889813849,0,0,1,4,5592.032258064517,5,0.5633545502045815
40,은평구,192777.355911738,556292.0033936959,2,2,0.5,0,2,0,181.31442592737375,0,0,1,3,302.2258064516129,4,2.3536967678511544
41,은평구,194086.28425559265,556663.545742731,3,2,0.3333333333333333,1,2,0,345.4662949273507,0,0,0,2,9502.90322580645,4,3.9286507394733112
42,은평구,194297.293565393,556679.317918619,1,0,1.0,1,2,0,557.0586151071359,0,0,0,1,4.67741935483871,2,12.210848651295892
43,은평구,192556.82681066077,555505.9332374402,4,0,1.0,1,2,0,55.41946345110426,0,1,1,2,9776.0,6,4.599462668662066
44,은평구,192835.2729913085,555637.256822898,4,2,0.5,1,2,0,362.5754992515356,0,0,0,4,5092.290322580645,8,0.6747657670427168
45,노원구,205446.982867464,560580.6907383045,2,0,1.0,1,2,0,985.431217637838,0,0,0,3,2475.9354838709673,5,7.131880599149223
46,성북구,202213.968813028,556065.2661560904,2,2,0.5,1,2,0,26.2455116864725,1,1,1,5,23206.677419354834,9,3.699935877360356
47,은평구,194308.046155865,555706.982253952,2,2,0.5,1,2,0,1086.673236708502,0,0,0,1,11195.354838709676,4,3.44937052044165
48,동대문구,204936.83298856983,554497.2067213702,6,2,0.6666666666666666,1,2,0,25.98060155517077,1,1,1,0,17357.935483870966,6,1.0811222600393695
49,동대문구,204755.067394262,554306.8606844499,6,2,0.8333333333333334,1,2,0,257.5861816259329,0,0,0,2,5300.225806451613,5,4.34965825732893
50,동대문구,203391.29275371725,554115.2771748683,4,0,1.0,1,2,0,53.441261580171286,0,1,1,1,4406.548387096775,7,1.505234193999551
51,성북구,202041.0975403966,553212.0923175135,5,2,0.4,1,2,0,330.11327277879656,0,0,0,0,1406.3225806451612,2,0.2497030988023141
52,동대문구,202058.45250329288,552891.0269480842,9,2,0.5555555555555556,1,2,0,36.30526181455557,1,1,1,3,16548.322580645163,6,0.9882821135347029
53,성동구,203719.585126024,552613.00048074,1,2,0.0,0,1,0,362.009199484064,0,0,0,0,1679.225806451613,6,5.449162175591384
54,서대문구,193061.2301361365,552522.752534039,4,1,1.0,1,2,0,848.3088935346923,0,0,0,3,1904.741935483871,6,3.254455111210929
55,동대문구,204305.917853437,552260.5784504248,5,2,0.8,1,2,0,120.05631307105864,0,0,1,2,2859.548387096774,4,0.2805821605541799
56,강서구,185973.829438806,552121.663797521,5,2,0.8,1,2,0,1484.896822477742,0,0,0,2,3806.7419354838703,7,1.914753403342798
57,성동구,203222.0874306665,551837.1333085276,6,2,0.6666666666666666,1,2,0,821.8415727993125,0,0,0,2,2650.451612903226,3,4.183972285941326
58,서대문구,196147.98244697167,550887.6119691503,3,0,1.0,1,2,0,732.7315062667777,0,0,0,6,14918.774193548386,14,5.981179495992208
59,마포구,194945.33705575168,550789.5227432563,3,0,1.0,1,2,0,105.63993804543672,0,0,1,2,9749.129032258064,7,4.358434967025637
60,중구,200944.58942025865,550583.7855332815,9,2,0.4444444444444444,1,2,0,18.329850208925,1,1,1,0,7895.903225806451,5,7.621596213397458
61,강동구,212241.4169635549,548284.2219554097,9,2,0.7777777777777778,1,2,0,37.79046173423755,1,1,1,0,6700.903225806451,3,0.8700074946481411
62,강서구,186361.8691505288,548223.2083706518,5,2,0.8,1,2,0,162.20449983393829,0,0,1,3,11084.51612903226,4,3.857635503121427
63,용산구,195940.08435383136,548074.5038233286,3,2,0.3333333333333333,1,2,0,1046.8490190089055,0,0,0,2,2935.0,8,6.6751878514372605
64,영등포구,194068.5771845951,546712.1195544951,8,2,0.5,1,2,0,884.694922898148,0,0,0,1,8468.935483870966,2,0.207770084259448
65,양천구,187256.57411805572,546030.5719926583,4,0,1.0,1,2,0,531.2973640857757,0,0,0,2,5320.516129032258,6,0.596567422590916
66,영등포구,193399.01283496665,545902.3117442863,6,2,0.6666666666666666,1,2,0,680.7727229167782,0,0,0,2,13848.225806451614,5,1.4295471628800125
68,강남구,206182.6520093795,544118.4808165253,6,2,0.6666666666666666,1,2,0,936.1146363270826,0,0,0,0,1995.5483870967741,3,2.3205392110753533
69,영등포구,191986.7070163926,543706.8350201255,5,2,0.8,1,2,0,758.3235830079176,0,0,0,0,187.41935483870967,3,1.8977410417557237
70,관악구,192443.12658022475,542491.524887052,4,1,1.0,1,2,0,511.47011234493806,0,0,0,3,11436.806451612905,5,1.735029568283443
71,관악구,196452.1778343962,542117.4032859555,5,2,0.6,1,2,0,212.510320959367,0,0,0,2,7067.1612903225805,10,3.821807096546952
72,서초구,204016.74519665763,541388.1786528777,3,2,0.6666666666666666,0,2,0,1393.2868367154024,0,0,0,3,2549.741935483871,4,3.1594138069091517
73,금천구,190994.646639253,541337.5312191248,4,1,1.0,1,2,0,60.14249044809827,0,1,1,1,9259.838709677419,7,3.439228419462914
74,은평구,192070.555526383,555502.5519472726,5,0,1.0,1,2,1,224.43409929132443,0,0,0,3,5922.870967741935,3,2.48190647669715
76,은평구,192081.74146768,555816.117358628,1,0,1.0,1,2,0,430.55047202961936,0,0,0,2,4364.645161290322,3,1.6749653644939737
77,은평구,192568.86303934167,555881.2526456882,3,2,0.3333333333333333,1,2,0,395.42008667858687,0,0,0,4,1934.774193548387,3,0.3918686702099568
79,은평구,192511.926763083,556427.1555599635,2,2,0.5,0,2,0,361.5611518100882,0,0,0,2,3540.548387096774,7,0.204855083589095
80,은평구,192460.5539794113,555478.6395085609,3,2,0.3333333333333333,1,2,0,19.410262603333237,1,1,1,2,9174.09677419355,6,2.417860266338696
81,은평구,193702.40384057048,556555.9138543115,2,2,0.5,1,2,0,88.10761999820838,0,1,1,3,2406.8064516129034,4,0.8775650046094914
82,영등포구,193088.65729856823,544969.0691714211,9,2,0.6666666666666666,1,2,0,22.0935978788122,1,1,1,4,6269.677419354839,9,0.1443264669283254
83,강북구,202316.48481535725,558522.1398231613,4,2,0.75,1,2,0,38.89811316107669,1,1,1,4,9124.516129032258,4,3.740565097615504
84,성북구,201171.8943465664,555985.4166610604,5,2,0.6,1,2,0,559.369831706895,0,0,0,1,10533.935483870968,7,6.6329415548669015
85,서대문구,194825.7371950436,554663.5715956569,7,2,0.5714285714285714,1,2,0,0.9286251424779544,1,1,1,2,7532.129032258064,4,4.129171249728015
86,서대문구,193850.8408981625,553170.5901741055,4,0,1.0,1,2,0,1558.4382177858934,0,0,0,3,2881.3548387096776,7,6.98410313640118
87,서대문구,193475.3641007515,552917.5655859145,4,0,1.0,1,2,0,1375.6000544472872,0,0,0,0,6062.096774193547,7,6.505331291838753
88,동대문구,203371.3690976856,552725.5155406395,7,2,0.7142857142857143,1,2,0,79.00213344687106,0,1,1,2,7314.967741935484,8,0.3419416307521968
89,동대문구,204613.42684995776,552647.5162617222,4,0,1.0,1,2,0,403.1552720320944,0,0,0,0,4171.290322580645,5,7.252855226965617
90,동대문구,205074.31082949895,552596.3805461987,4,0,1.0,1,2,0,584.1243373561277,0,0,0,3,6239.548387096774,8,2.1053675161356216
91,중구,202081.3044429938,552036.814890295,5,2,0.8,1,2,0,275.6610380801037,0,0,0,2,1900.9354838709676,7,0.6936352112318941
92,중구,200960.864104835,551712.5053889243,4,2,0.5,1,2,0,477.6807866200995,0,0,0,0,1148.7096774193549,5,2.084172612448126
93,광진구,206762.33831632565,551632.9388977675,3,0,1.0,1,2,0,834.6628056690879,0,0,0,0,724.8709677419355,3,1.189353364964004
94,서대문구,194884.261855003,551067.92085021,1,0,1.0,1,2,0,293.7278693512415,0,0,0,2,5371.258064516129,6,5.417647793502809
95,성동구,203602.50695542467,550907.1403099918,9,2,0.4444444444444444,1,2,0,1551.5195988219466,0,0,0,3,1352.4516129032259,9,5.566753520796794
96,마포구,193310.4823384934,550370.7038321918,5,1,1.0,1,2,1,331.15032024044933,0,0,0,4,3698.032258064516,7,7.1882853035495895
97,광진구,205963.20578168277,549868.4691769115,4,0,1.0,1,2,0,754.4009308399646,0,0,0,1,7163.161290322581,5,0.3001017700253723
98,마포구,194858.61592448465,549822.532130699,5,2,0.8,1,2,0,467.4121716561452,0,0,0,4,5901.5161290322585,7,1.815239321424616
99,마포구,194526.5382720514,549333.6783647963,5,2,0.8,1,2,0,727.5530175138648,0,0,0,2,1799.3548387096776,7,0.3138322853254542
100,영등포구,190754.318846235,548159.5964987089,4,1,1.0,1,2,0,642.3989395075868,0,0,0,2,1933.741935483871,7,1.128132422237617
101,강남구,203599.8433326045,547591.592849688,4,1,1.0,1,2,0,830.4834086804583,0,0,0,0,8891.935483870968,5,2.566209338790859
102,영등포구,190279.84718407912,546981.9229515962,8,2,0.5,1,2,0,850.0146624457167,0,0,0,0,6079.451612903227,7,0.2120263115842332
103,강남구,202992.89266931076,546895.0920921942,8,2,0.5,1,2,0,645.6697626952765,0,0,0,3,5970.225806451613,4,3.641672545543505
104,양천구,186947.4078529396,546872.1969253446,5,2,0.8,1,2,0,45.74584014119968,1,1,1,2,10211.258064516129,5,4.454866125939789
105,영등포구,194262.1343786335,546473.720676091,6,2,0.6666666666666666,1,2,0,578.2031138996771,0,0,0,0,1411.9032258064517,3,0.1454173925743607
106,영등포구,193687.5439998578,546413.773909239,5,2,0.8,1,2,0,994.5675650635012,0,0,0,0,2300.2903225806454,2,1.0405460005753395
107,강남구,205187.33648972723,544850.2661488964,4,0,1.0,1,2,0,125.09058033603492,0,0,1,2,5138.870967741936,6,3.166427828973729
108,동작구,193662.921614619,544473.4648400438,5,2,0.8,1,2,0,85.89258871883804,0,1,1,3,11452.451612903227,8,2.4599658109270925
109,영등포구,191884.58782721637,544138.6805660924,3,2,0.6666666666666666,0,2,0,864.4416765608611,0,0,0,2,5363.5161290322585,5,1.180537304420793
110,강남구,204677.02396070329,544095.4654870395,4,1,1.0,1,2,0,149.6559189919844,0,0,1,0,16554.1935483871,6,4.241021681427117
111,영등포구,191153.6048137548,543941.6379831523,5,2,0.8,1,2,0,250.76185248700315,0,0,0,4,4805.258064516129,5,5.068497424757226
112,강남구,205592.9372804636,543901.2835013586,5,2,0.8,1,2,0,307.74615465707893,0,0,0,0,6882.870967741936,4,2.011288610179592
113,관악구,193630.55725369568,543323.1270965323,6,1,1.0,1,2,0,57.18249852930303,0,1,1,3,7146.1612903225805,4,2.243340491234929
114,관악구,192341.49047237448,543064.4314945495,4,0,1.0,1,2,0,976.41682917551,0,0,0,7,11948.74193548387,10,3.763206040399136
115,관악구,193782.60346105287,542758.1908061788,8,2,0.5,1,2,0,54.821555376930704,0,1,1,1,54056.87096774194,4,1.904691564504084
116,금천구,191407.7640927775,541258.8054213075,2,0,1.0,1,2,0,250.14480644121343,0,0,0,2,4511.709677419355,6,3.144045292737516
117,도봉구,204828.94185382104,560689.4635350603,3,0,1.0,1,2,0,964.339035692002,0,0,0,2,1573.7096774193549,4,3.883922889308599
118,노원구,207702.9861240106,558005.643688807,5,2,0.8,1,2,0,843.4193153166285,0,0,0,3,2332.258064516129,7,2.2679075599271727
119,종로구,200117.0333033516,554008.3170082886,5,2,0.8,1,2,0,316.4871672134654,0,0,0,4,13943.451612903225,6,4.640197874905461
120,종로구,200787.85759003824,552410.3905742392,4,2,0.75,1,2,0,223.2633771170385,0,0,0,2,1701.3225806451612,6,4.368251691502447
121,성동구,205123.11178065417,551491.4471981676,6,2,0.8333333333333334,1,2,0,435.3158116874764,0,0,0,2,2045.806451612903,6,1.9597411053114064
122,중구,198406.83006306013,551211.8487810318,7,2,0.4285714285714285,1,2,0,673.4992722112103,0,0,0,1,4802.354838709677,5,4.243422955790332
123,광진구,206514.53353249948,551101.6818007851,6,2,0.8333333333333334,1,1,0,757.7419373989759,0,0,0,0,6042.741935483871,1,2.049039730620696
124,마포구,193532.3678002775,551037.0963335399,6,2,0.6666666666666666,1,2,0,312.1692009968845,0,0,0,1,13048.322580645161,5,4.385013262669748
125,중구,197964.16990967968,550725.8481424995,6,2,0.5,1,2,0,358.3336492580331,0,0,0,2,1121.6774193548388,10,11.182682712088004
126,서대문구,194408.8252474784,550611.8503508236,5,2,0.4,1,2,0,86.51299440323093,0,1,1,4,35485.096774193546,7,2.1843931810140957
127,용산구,197920.59828155965,550435.6301651613,3,2,0.6666666666666666,1,2,0,330.24931600143645,0,0,0,1,1115.6129032258063,10,10.981360629117004
128,성동구,201885.30331727068,549848.215061627,3,2,0.6666666666666666,0,2,0,30.254500205268315,1,1,1,4,7973.1612903225805,3,3.7840489159304975
129,광진구,206230.7761588647,549844.5364867017,3,1,1.0,0,2,0,825.1073064452195,0,0,0,4,7607.548387096775,5,1.127478061775233
130,양천구,184831.447712747,548500.1101289715,5,2,0.8,1,2,0,39.88178759589869,1,1,1,3,6460.354838709677,5,1.663301394116153
131,영등포구,191659.1920547822,548056.742899096,5,2,0.6,1,2,0,900.994512080793,0,0,0,2,310.03225806451616,8,1.8779916515487591
132,영등포구,192619.6534318905,547707.8043260456,2,1,1.0,0,2,0,1261.7918099195065,0,0,0,0,7584.774193548387,4,1.4164574412904003
133,영등포구,193774.7563845973,547738.674672907,6,2,0.6666666666666666,0,2,0,1904.3889858729003,0,0,0,0,1406.225806451613,6,1.3499223928797952
134,용산구,200627.2778450115,547838.9114423855,2,2,0.5,0,1,0,315.84241528746736,0,0,0,2,2213.1935483870966,8,2.740846582495372
135,서초구,201728.46337517284,546305.1282915646,6,2,0.6666666666666666,1,2,0,36.2023398589133,1,1,1,2,5990.741935483871,2,3.2875264352614586
136,강남구,202719.653574124,546056.6551050865,4,0,1.0,1,2,0,354.29671085708446,0,0,0,1,8562.612903225805,3,2.2684454563570653
137,송파구,207568.5788199125,545799.4639587882,4,1,1.0,1,2,0,39.19289590146786,1,1,1,0,13155.774193548386,4,0.7132810792958288
138,영등포구,190637.66560084,545343.1815393486,2,1,1.0,1,2,0,1167.3769182304254,0,0,0,3,7300.967741935484,5,11.115165476677683
139,서초구,201441.3180418075,542841.087549884,4,1,1.0,1,2,0,901.8213007499048,0,0,0,2,10069.322580645163,5,4.639132757740943
140,금천구,190949.243844957,540784.2122442747,3,1,1.0,1,2,0,107.28954977019428,0,0,1,0,5590.193548387097,6,3.814609827069884
141,도봉구,203872.3757719388,563513.3196092725,4,1,1.0,1,2,0,80.75746599322132,0,1,1,1,4918.774193548386,9,1.9395787837984104
142,노원구,205318.0849747547,561787.779637891,3,0,1.0,1,2,0,228.8032546015218,0,0,0,1,11498.774193548386,7,12.12896043087237
143,노원구,206043.68998495524,561240.3317774693,4,0,1.0,1,2,0,621.8720779632113,0,0,0,0,2428.741935483871,4,3.6026851853529904
145,서대문구,193032.0311844416,553125.0910019408,5,1,1.0,1,2,0,950.1453409089912,0,0,0,2,8016.387096774194,9,11.951905755433192
146,서대문구,196499.13106841865,552518.5826332346,8,2,0.75,1,2,0,861.3178542516612,0,0,0,2,8160.8387096774195,6,13.24696133278401
147,중구,201414.6168696885,552053.916587135,4,0,1.0,1,2,0,317.9829870148104,0,0,0,2,1840.548387096774,7,0.3310077156769194
148,중구,201444.1151186166,551759.2306934324,5,2,0.8,1,2,0,163.5413744174352,0,0,1,0,2121.3548387096776,10,0.8340483346014634
149,성동구,204835.43301906032,551757.7256040387,6,2,0.8333333333333334,1,2,0,74.15210828710192,0,1,1,4,10095.09677419355,6,0.950115551575612
150,강서구,182958.08488255265,551376.3225798741,6,2,0.6666666666666666,1,2,0,596.3592315413983,0,0,0,0,1471.9032258064517,3,1.6975118357364611
151,성동구,202277.1578264128,549835.2034060878,8,2,0.5,1,2,0,421.2754391243534,0,0,0,4,4312.516129032258,5,2.7422215822774376
152,마포구,193193.4475115665,549804.554814747,4,1,1.0,1,2,0,318.21391343932527,0,0,0,2,2454.935483870968,6,4.219422449226282
153,용산구,197598.1412566634,549170.7673502454,5,2,0.6,1,2,0,1228.120757011868,0,0,0,2,23140.935483870966,5,1.930172072069549
154,양천구,184625.681215632,548875.6259355958,6,2,0.6666666666666666,1,2,0,467.8564204680137,0,0,0,1,3917.1290322580644,4,2.795513760709749
155,강남구,202513.20736866785,547519.7498395322,6,2,0.8333333333333334,1,2,0,1402.4559421395545,0,0,0,0,5885.8387096774195,5,6.718156516373472
156,영등포구,191414.5806135286,547409.8138985268,5,2,0.8,1,2,0,509.7503707174041,0,0,0,1,694.483870967742,6,0.1201773868763419
157,동작구,194713.647459022,545997.6372750758,5,2,0.6,1,2,0,122.49504148394465,0,0,1,1,27532.41935483871,4,3.857389228622005
158,강남구,201888.0621866945,545737.723547641,2,0,1.0,1,2,0,370.04054826219374,0,0,0,1,5554.193548387097,4,4.0464313377761245
159,영등포구,190974.4833389262,545085.3775787568,5,2,0.8,1,2,0,1170.653976916312,0,0,0,1,1903.1290322580649,6,0.5209665969686957
160,강남구,203265.8342774245,544594.8629615318,6,1,1.0,1,2,0,451.4134185640983,0,0,0,2,15191.870967741936,2,5.994937996059662
162,동작구,191729.1052905452,543277.6182760616,5,2,0.8,1,2,0,562.0937830400545,0,0,0,2,6334.516129032258,6,2.694781132409642
163,강남구,203014.8284236385,542790.3726889417,8,2,0.5,1,2,0,249.4435433062899,0,0,0,0,15971.677419354839,2,1.3231291985480986
164,도봉구,204378.58972179025,564410.520642299,4,0,1.0,1,2,0,452.4346313275868,0,0,0,3,783.3548387096774,4,6.553682500062632
165,노원구,205847.1920814085,560732.6297179115,4,2,0.75,1,2,0,934.9047300176352,0,0,0,1,3338.806451612903,5,0.0
166,강북구,201551.376180295,559401.4908398718,5,2,0.8,1,2,0,536.2410820827805,0,0,0,5,5586.580645161289,8,2.969172597066058
167,은평구,192406.60531280423,554788.8476332728,4,1,1.0,1,2,0,309.2908881299545,0,0,0,2,7625.612903225807,6,7.961479332977192
168,동대문구,203806.69382005223,554132.2154244087,4,0,1.0,1,2,0,78.32253397463748,0,1,1,2,2025.1935483870968,6,3.731606718451357
169,서대문구,195307.598511561,554089.468807108,1,0,1.0,1,2,0,210.60494585483644,0,0,0,2,4103.387096774193,8,5.196528473709563
170,성동구,202659.63132258525,551917.1342617765,4,0,1.0,1,2,0,725.8373437193454,0,0,0,2,3281.4193548387093,9,5.746810889936072
172,마포구,194102.2054152,550359.267057516,4,2,0.75,1,2,0,392.3147697156152,0,0,0,2,3263.1290322580644,6,2.4926676617995427
173,마포구,192346.38031728312,549972.2352440059,9,2,0.6666666666666666,1,2,0,696.3885467688388,0,0,0,2,20675.967741935485,6,3.45303618189473
175,영등포구,190982.8897858336,548505.81081447,5,2,0.8,1,2,0,968.404476905038,0,0,0,0,2472.1935483870966,9,1.7057700958921986
176,영등포구,191334.85446977068,548270.8565158357,9,2,0.4444444444444444,1,2,0,840.1851114346917,0,0,0,3,24880.838709677417,4,0.5416591452584107
177,용산구,200670.50810007716,548197.050555051,7,2,0.5714285714285714,1,2,0,88.89391951287539,0,1,1,3,8839.774193548388,9,12.268224358043334
178,강서구,186515.32790116823,547914.0907880892,4,0,1.0,1,2,0,100.129768549551,0,0,1,2,13160.354838709676,8,3.8359911005585143
179,영등포구,191987.2375023057,547299.6820863215,4,2,0.75,1,2,0,680.3713707918249,0,0,0,0,1202.2580645161293,8,2.493244124698162
180,양천구,186814.154326717,547182.5850571797,5,2,0.8,1,2,0,22.46186065792699,1,1,1,1,7596.709677419356,6,5.934266360651416
181,영등포구,192589.44118389377,547097.564003912,4,2,0.5,1,2,0,762.993502036649,0,0,0,0,0.0,4,1.7422985808178175
182,영등포구,193307.8886514914,546920.3459481021,5,2,0.8,1,2,0,1234.6406379041357,0,0,0,1,12817.0,6,0.9284735001360348
183,강남구,205761.4507704565,545086.8654319566,6,0,1.0,1,2,0,608.2181099216233,0,0,0,1,1884.774193548387,5,2.200701022463249
184,강남구,204499.742688227,544566.3734542002,4,0,1.0,1,2,0,306.3299739218632,0,0,0,5,6086.741935483871,5,2.9092065517079093
185,영등포구,190955.59234670983,544504.1898006283,6,2,0.6666666666666666,1,2,0,754.1071859008482,0,0,0,3,2877.7741935483873,5,0.2287643929689764
186,영등포구,191913.450261301,544433.1533093745,4,0,1.0,1,2,0,841.2490209127499,0,0,0,2,4235.354838709678,10,0.8136134259865636
187,영등포구,192942.52351767445,544336.6831075407,7,2,0.8571428571428571,1,2,0,671.0185977380838,0,0,0,6,6975.903225806452,11,0.9540206223527056
188,강남구,203660.61898632077,542904.6376873702,4,1,1.0,1,2,0,432.5652253540953,0,0,0,1,817.2903225806451,2,5.666851940302824
189,노원구,207470.3855021175,557871.680086025,4,2,0.75,1,2,0,580.1531100238553,0,0,0,1,4490.677419354839,5,3.6965104498299617
190,성북구,201954.418355977,555860.951317962,1,2,0.0,0,1,0,110.43441997408851,0,0,1,0,14634.51612903226,8,1.4615368594674056
191,성북구,202601.367283863,553686.4185475922,5,2,0.4,1,2,0,568.9803255068507,0,0,0,4,4988.935483870968,7,2.524290448294059
192,중구,198334.15694513568,551384.8444606357,3,2,0.6666666666666666,1,2,0,517.739307258165,0,0,0,1,15438.096774193547,5,1.678040345113369
193,서대문구,194419.81658263784,551170.274543519,7,2,0.8571428571428571,1,2,1,492.88303690188064,0,0,0,1,23279.74193548387,4,0.5117985865956657
194,마포구,196380.3533647928,550830.2736151742,5,2,0.6,1,2,0,545.0923130287837,0,0,0,1,6504.387096774193,4,10.352166828426828
195,마포구,193963.52773050664,550824.423913925,3,2,0.6666666666666666,1,2,0,409.9529086610611,0,0,0,0,3391.0,5,4.452033552002437
196,강서구,185897.67112694084,549140.4150635198,6,2,0.6666666666666666,1,2,0,79.9678971997566,0,1,1,0,15704.354838709676,4,4.821258740161358
197,영등포구,194275.65803704932,547252.1951169356,3,2,0.6666666666666666,1,2,0,1293.0183543897217,0,0,0,2,1162.8387096774195,4,0.3603691061400689
198,강남구,202485.88572606017,546698.40587237,6,2,0.6666666666666666,1,2,0,787.2358529587841,0,0,0,1,3320.064516129032,4,2.7865322547890337
199,영등포구,193495.878524151,546654.5231074844,4,1,1.0,1,2,0,1154.5022988515063,0,0,0,3,14026.870967741936,7,0.6029402684534297
200,영등포구,192822.2786358782,546077.0295562556,5,2,0.6,1,2,0,269.0691557022674,0,0,0,2,6758.1612903225805,4,0.6004678889433398
212,은평구,193345.345156436,557112.848138213,1,0,1.0,1,2,0,362.1475445019487,0,0,0,2,733.2903225806451,3,8.373935791107291
215,은평구,193763.65364758897,556826.1869305192,5,2,0.8,1,2,0,35.37271675965992,1,1,1,1,11048.0,7,2.2506981432573405
226,은평구,192919.6778843615,558578.827160534,2,0,1.0,1,2,0,304.5701275742641,0,0,0,2,3345.0967741935483,3,4.842320569323657
227,은평구,193610.77678207823,558202.9294948265,4,2,0.25,1,2,0,741.38793333995,0,0,0,0,4974.354838709678,6,6.908524539838509
229,은평구,193489.28492743,557974.791685793,5,2,0.4,1,2,0,516.8941640264803,0,0,0,2,6152.548387096775,3,2.411480405211428
230,은평구,193940.0765160052,558084.1961493932,5,1,1.0,1,2,1,963.0366090188716,0,0,0,5,2465.4838709677424,5,1.8452085499889863
231,은평구,192740.920387934,557193.0547750507,3,2,0.3333333333333333,1,2,0,331.2414930465205,0,0,0,4,3808.6129032258063,2,0.6602380176556247
232,은평구,193466.925829404,557230.71794162,3,2,0.6666666666666666,1,2,0,341.8677204484113,0,0,0,0,2322.064516129032,3,6.902863776101735
233,은평구,194025.0247357705,557188.793646067,2,2,0.5,1,2,0,421.57052699179286,0,0,0,2,1336.258064516129,5,6.630767431166309
234,은평구,192583.536184951,556621.3143200813,4,0,1.0,1,2,0,338.3873093964289,0,0,0,0,2939.967741935484,4,0.1443580693859125
235,은평구,192846.821994597,556741.859534509,3,2,0.3333333333333333,0,2,0,296.9719714506164,0,0,0,1,8091.096774193549,5,3.8976272424555582
236,은평구,193532.9665372422,556601.0429224304,5,2,0.4,1,2,0,211.74268805345437,0,0,0,2,3332.7419354838707,3,0.9503632650873032
238,은평구,193940.2684400396,556592.3755536885,10,2,0.6,1,2,0,202.68466239960296,0,0,0,3,12581.677419354837,6,1.7777661282551982
239,은평구,193698.49374810752,556949.058496531,4,2,0.75,1,2,0,27.33723886315465,1,1,1,4,8466.935483870968,6,6.76890223574978
242,은평구,193925.7210512425,556924.390465735,4,2,0.25,1,2,0,190.77624806249025,0,0,1,2,3606.322580645161,6,1.6205955881310234
243,은평구,194622.69001157023,556781.126741713,4,2,0.25,1,2,0,878.9292436512746,0,0,0,2,1446.4193548387095,2,1.958751004665539
244,은평구,192531.2461513755,556256.9792681582,4,0,1.0,1,2,0,390.5597157354279,0,0,0,3,3226.935483870968,6,0.466586094274722
245,은평구,192695.444194086,556860.5482251112,6,2,0.6666666666666666,1,2,0,273.7229059590747,0,0,0,6,9812.483870967742,5,0.5443403080044954
246,은평구,193566.217347706,557146.6132594924,2,0,1.0,1,2,0,216.8735608271361,0,0,0,1,3100.2258064516122,3,4.044477864025187
247,은평구,193705.160686913,557960.44631153,1,0,1.0,1,2,0,697.8997704062228,0,0,0,2,2029.6129032258063,5,18.26792422198218
248,은평구,193761.621673639,558707.101745174,2,2,0.5,1,2,0,986.712857492004,0,0,0,2,2455.032258064516,5,8.662673636745227
249,도봉구,204115.3199711965,562564.727037026,4,0,1.0,1,2,0,340.4948819313764,0,0,0,1,2840.129032258065,5,0.8044062998672411
250,중랑구,208194.4689172458,555407.2555270757,5,1,1.0,1,2,0,144.8854089121835,0,0,1,2,8149.258064516129,6,1.8020427163093031
251,중랑구,207073.23384891864,554133.161670263,8,2,0.5,1,2,0,110.2585041241933,0,0,1,4,5116.129032258064,4,0.61568264539412
252,동대문구,206041.06061470025,553237.3875540022,4,0,1.0,1,2,0,795.6731915685748,0,0,0,2,11669.548387096775,4,0.2667988360691501
253,종로구,198907.697186152,552448.015567911,1,0,1.0,1,2,0,79.34872444256527,0,1,1,2,12129.064516129032,7,0.9304443424884212
254,성동구,203681.28215842464,551751.0396519095,6,2,0.6666666666666666,1,2,0,917.4090727189406,0,0,0,4,2036.2903225806454,6,3.584277477056075
255,강서구,187206.09805516677,551291.5583860638,4,1,1.0,1,2,0,58.98897718452299,0,1,1,0,7768.225806451614,4,0.7337641716616528
256,강서구,185708.7998216442,551016.346779451,10,2,0.6,1,2,0,1147.585406449838,0,0,0,5,12712.51612903226,9,0.0926895530627873
257,성동구,203001.6633144137,550991.59298944,3,0,1.0,1,2,0,1307.5729476931128,0,0,0,8,7972.903225806452,4,1.6735362951506676
258,용산구,196727.6886229015,548198.6809754397,4,0,1.0,1,2,0,1453.7438156462983,0,0,0,3,2964.2580645161293,13,1.007334712066763
259,양천구,188677.75435605668,547452.9097850565,6,2,0.8333333333333334,1,2,1,835.0454358954527,0,0,0,0,4151.709677419355,11,0.1848536106633617
260,강남구,204784.8576044085,547297.379598245,2,1,1.0,0,2,0,608.1788467933654,0,0,0,0,0.0,5,1.9336972277157949
261,영등포구,190717.0386723475,546620.0116701962,4,0,1.0,1,2,0,825.7225374732135,0,0,0,3,4990.096774193548,10,0.529114200616044
262,영등포구,192232.66742808055,546544.5214528567,9,2,0.4444444444444444,1,2,0,233.62465733448929,0,0,0,0,0.0,5,6.468511716537264
263,강남구,203880.7253215275,545645.6555239032,4,0,1.0,1,2,0,728.8496094239119,0,0,0,2,4141.387096774193,3,5.97410515021411
264,구로구,185854.40956639836,543892.095293254,3,2,0.6666666666666666,1,2,0,81.18403634764604,0,1,1,2,4142.1612903225805,8,4.740816863945587
265,구로구,184706.4664939075,543769.603585586,2,1,1.0,0,2,0,1221.1584471096292,0,0,0,0,134.16129032258064,4,17.042901404703066
266,금천구,191413.301164741,538800.945338064,5,2,0.8,1,2,0,407.0477470567207,0,0,0,3,6660.064516129032,9,1.090186141231347
267,은평구,193339.3201979932,557369.1096071509,6,2,0.6666666666666666,1,2,0,408.2978356692783,0,0,0,4,3866.3548387096776,3,6.8029362770556645
268,도봉구,204034.363060562,565293.309165932,2,1,1.0,1,2,0,1279.1380164547863,0,0,0,0,2773.8064516129034,3,4.36330587507572
269,강북구,201041.45262338125,562728.5286883103,4,2,0.0,0,1,0,1961.73039685307,0,0,0,1,4037.0967741935474,1,5.549919846851262
270,도봉구,203751.5512218493,562576.4011653912,6,2,0.6666666666666666,1,2,0,198.8778928414517,0,0,1,1,3516.9677419354834,5,2.367936658610278
271,노원구,206772.3463348895,561230.2567916452,4,0,1.0,1,2,0,1039.0843087437104,0,0,0,3,11301.967741935485,6,0.3295309138977368
272,동대문구,205479.2841032677,555936.5949253865,4,1,1.0,1,2,0,1351.848587919032,0,0,0,2,2007.8387096774195,6,0.5818952771813516
273,중랑구,208867.96696269527,555593.9211500108,4,0,1.0,1,2,0,7.052821839871558,1,1,1,2,3944.6774193548385,8,2.5871365223402285
274,동대문구,205323.1270310362,555208.991625122,5,1,1.0,1,2,1,733.6193592756678,0,0,0,1,7307.774193548386,5,1.6268507509655803
275,서대문구,194365.15055064857,553590.0664929724,7,2,0.5714285714285714,1,2,0,1017.6525477456128,0,0,0,4,9937.064516129032,6,4.741812019439138
276,동대문구,206715.86050547735,553418.7722200991,5,2,0.6,0,2,0,716.2234859672425,0,0,0,0,2227.935483870968,3,0.6200732571784536
277,중구,200204.87551870567,551925.2141069857,6,2,0.6666666666666666,1,2,0,127.9319029971836,0,0,1,0,2424.0967741935483,7,0.8346272972521678
278,성동구,203028.4777586012,550555.7201450949,9,2,0.6666666666666666,1,2,0,1272.003719699484,0,0,0,6,7094.451612903226,2,1.2719775898626178
279,성동구,203938.5924853696,549852.6367470965,5,2,0.8,1,2,0,1188.8194942900889,0,0,0,1,3465.6451612903224,2,1.7382949197987447
280,용산구,196581.1073693616,548872.129571455,5,2,0.8,1,2,0,1028.1839161291384,0,0,0,3,4836.0,9,2.903844318616503
281,용산구,197704.9431515812,548453.965167302,12,2,0.5,1,2,0,1536.61858518328,0,0,0,3,13172.225806451612,4,1.361921939269261
282,용산구,199463.3820470236,548329.8900913124,5,1,1.0,1,2,1,110.70267234159532,0,0,1,3,6546.1612903225805,6,5.932715191242555
283,영등포구,192365.4113386125,547494.8643590144,4,2,0.75,1,2,0,959.5745893874894,0,0,0,0,0.0,3,5.655762172080427
284,양천구,188014.93580953483,547411.6107796273,6,2,0.6666666666666666,1,2,0,171.30839461418716,0,0,1,3,15487.806451612905,6,0.3822161522468844
285,동작구,193979.1137387016,545964.2693837022,7,2,0.8571428571428571,1,2,0,612.9832636369462,0,0,0,3,7313.322580645161,2,2.170390592391401
286,송파구,209922.170079533,545654.8573790677,4,0,1.0,1,2,0,534.6716249273758,0,0,0,2,8391.741935483871,4,0.541399087917093
287,영등포구,191276.5215907648,545256.4055644886,5,2,0.8,1,2,0,857.7702732468053,0,0,0,4,4469.548387096775,5,2.9322579965731923
288,강남구,205386.176141929,544383.0576870682,4,1,1.0,1,2,0,385.69023224909967,0,0,0,1,15667.451612903227,4,3.8895453542753455
289,구로구,186161.5629050005,544050.362534801,2,0,1.0,1,2,0,4.043020173387433,1,1,1,2,7658.935483870967,6,1.7129825010066748
290,강남구,204131.75649446924,543858.9955476375,4,1,1.0,1,2,0,652.2162517687643,0,0,0,3,6453.612903225807,4,2.8265426824702424
291,강남구,202638.0877248564,543729.7096399136,5,2,0.8,1,2,0,212.8677082920653,0,0,0,4,11668.709677419356,5,1.2779336343237802
292,서초구,199080.97651770723,542997.880313633,4,1,1.0,1,2,0,687.8159613805175,0,0,0,4,1526.3548387096773,6,2.824037258796288
293,서초구,201584.46263085297,542535.3095322266,3,2,0.6666666666666666,1,2,0,1215.463777887157,0,0,0,4,798.9677419354839,2,3.699844070682908
294,도봉구,204014.60612355836,564544.916145613,3,0,1.0,1,2,0,840.1372106343863,0,0,0,1,940.4516129032259,2,2.7041695358650544
295,도봉구,203851.3388326916,563340.8519961266,5,2,0.6,1,2,0,111.93493035729354,0,0,1,3,6434.838709677419,8,0.2117042498457285
296,성북구,205360.59051692425,557031.398546088,4,0,1.0,1,2,0,436.6381148382063,0,0,0,2,3055.548387096774,4,8.376499154186044
297,강북구,202673.0921283284,556625.0332525921,3,2,0.6666666666666666,1,2,0,402.97316340860505,0,0,0,0,8913.193548387097,7,2.870279477507426
298,성북구,204221.1079554416,556277.6061289397,5,2,0.6,1,2,0,141.34769595721724,0,0,1,3,3185.193548387097,6,6.699912059438126
299,중랑구,208833.88714862984,555111.595346516,5,2,0.8,1,2,0,26.30217230414315,1,1,1,2,4492.451612903225,6,1.3253000992499864
300,성북구,201167.68122654877,554692.186911701,4,0,1.0,1,2,0,444.11003266560607,0,0,0,2,12137.129032258064,9,3.786867893295837
301,중랑구,208602.9395313495,554557.7950519577,4,2,0.75,1,2,0,76.10502461114845,0,1,1,2,6345.193548387097,4,3.840405526250272
302,동대문구,205488.7743989185,554493.843269388,4,2,0.75,1,2,0,22.206983240197285,1,1,1,3,9305.709677419356,4,1.0438614299030509
303,은평구,192687.975965295,554505.8813029765,8,2,0.625,1,2,0,38.55583051334224,1,1,1,2,10791.516129032258,6,0.9150184611896842
304,동대문구,204550.225786414,554007.041481165,5,2,0.8,1,2,0,68.3084162936128,0,1,1,0,13885.129032258066,5,8.302304559770045
305,성북구,201713.553857513,553975.6903321127,4,0,1.0,1,2,0,496.8651907791176,0,0,0,5,7369.967741935485,8,2.006934700552604
306,서대문구,193542.417918635,553556.3008214987,4,2,0.75,1,2,0,1074.3572257413832,0,0,0,3,8033.41935483871,2,6.943310801050409
307,광진구,207577.637583554,552148.050414099,1,2,0.0,0,1,0,850.638749296699,0,0,0,1,1737.0,10,9.316623207529569
308,중구,199336.76406835945,551865.8124525502,9,2,0.4444444444444444,1,2,0,524.8315406518258,0,0,0,2,3585.967741935484,8,1.021811743825663
309,강서구,183792.512576664,550278.2847691126,10,2,0.8,1,2,0,1554.0414361194498,0,0,0,0,517.2258064516129,4,0.8665482951602809
311,마포구,194768.88002223524,549684.3888467427,4,0,1.0,1,2,0,481.3979789721314,0,0,0,2,1876.4516129032256,7,4.16836438613665
312,용산구,198961.97769833505,548257.5180398645,2,0,1.0,1,2,0,395.3275116243561,0,0,0,0,3286.6451612903224,3,7.412976458457584
313,영등포구,191644.0409639513,547345.9023030198,4,1,1.0,1,2,0,720.7745626446983,0,0,0,1,4313.096774193548,7,0.390837097347078
314,양천구,189043.9921069689,547214.9494294865,6,2,0.6666666666666666,1,2,0,1207.7718258914506,0,0,0,3,9597.419354838708,8,0.9093162697334436
315,영등포구,191255.685439381,546799.3072714689,9,2,0.4444444444444444,1,2,0,572.5226513669688,0,0,0,0,9166.548387096776,9,0.2976968102208577
316,송파구,210094.37893988975,546733.7284790694,5,2,0.6,1,2,0,628.4702734981519,0,0,0,1,3644.935483870968,1,0.5692615462780104
317,영등포구,192993.68762076067,546669.6536641227,3,1,1.0,1,2,0,861.88197379325,0,0,0,0,0.0,4,5.802471280168258
319,송파구,209560.04921925731,545839.7924067876,3,0,1.0,1,2,0,318.30276056571904,0,0,0,0,4810.322580645161,5,2.8811888618487056
320,송파구,211834.7306228272,545545.792854987,6,2,0.5,0,2,0,648.1974219919133,0,0,0,0,54.12903225806452,5,3.370812422659307
321,송파구,210318.61053039215,545374.1510507936,5,1,1.0,1,2,1,883.2634406583485,0,0,0,1,2569.1290322580644,4,4.228518282662405
322,서초구,198860.6152364136,544305.341426198,5,2,0.6,1,2,0,1213.4998564414618,0,0,0,3,2575.225806451613,6,6.887562992998207
323,강남구,204013.74305629235,542985.843152417,3,1,1.0,1,2,0,86.28808508981282,0,1,1,2,6368.354838709677,3,0.7588864700322636
324,서초구,201158.41503063045,542362.9045475933,7,2,0.4285714285714285,1,2,0,1127.9144273570553,0,0,0,3,3109.5483870967737,0,5.218030662533266
325,서초구,203806.2370282508,540693.4723876606,8,2,0.625,1,2,0,1928.7600499060325,0,0,0,0,3039.709677419355,1,1.9290215833122324
326,성북구,204386.40551749457,558289.1815797073,7,2,0.5714285714285714,1,2,0,1002.855565662486,0,0,0,2,5504.322580645161,3,5.952752345109555
327,강북구,203955.44268279368,557772.5064690324,3,0,1.0,1,2,0,656.3014814723905,0,0,0,7,4719.161290322581,9,0.1119405346399264
328,노원구,206936.4634766208,557678.6946528463,4,0,1.0,1,2,0,37.40844808908312,1,1,1,4,4407.677419354839,6,0.7214121736080454
329,노원구,206180.6472940894,557362.5449702626,5,2,0.8,1,2,0,464.5391963229065,0,0,0,1,979.258064516129,1,21.181271206219385
330,서대문구,195471.4898373955,553889.833470511,2,0,1.0,1,2,0,468.88389746793456,0,0,0,2,6659.709677419355,7,7.449064725512335
331,서대문구,192338.92412484423,553658.1526606395,4,1,1.0,1,2,0,265.5389031163856,0,0,0,4,4345.354838709677,7,2.6439280624361614
332,동대문구,206379.694813143,553254.8688430494,6,2,0.6666666666666666,1,2,0,757.6009268086359,0,0,0,2,7456.83870967742,5,0.2230661832317023
333,종로구,200193.64257373323,552958.6090846958,4,0,1.0,1,2,0,578.6378959995423,0,0,0,6,8519.677419354839,5,1.746874024127235
334,강서구,183343.76004185856,552677.399593149,7,2,0.8571428571428571,1,2,0,897.9926734366744,0,0,0,3,2556.258064516129,4,1.1906089706058154
335,중구,198169.0169944795,552156.3543274447,4,1,1.0,1,2,0,233.41471309807267,0,0,0,2,12721.193548387097,10,6.520968720568826
336,서대문구,194019.785566957,552119.2025483164,4,2,0.75,1,2,0,723.0849602739949,0,0,0,3,9375.0,5,5.51838459924977
337,서대문구,192757.50126675636,552026.880347663,3,1,1.0,1,2,0,593.407087524196,0,0,0,4,8521.774193548386,8,3.535819678520168
338,광진구,207273.49170965777,551423.713209967,4,0,1.0,1,2,0,1300.4486417207404,0,0,0,4,2285.161290322581,10,1.2641638547426364
339,성동구,203136.5562872807,551293.8281524832,10,2,0.5,1,2,0,1280.849805915113,0,0,0,2,9743.548387096775,4,3.782379430127326
340,마포구,195223.606443595,550790.5921222697,3,2,0.6666666666666666,1,2,0,180.7614257443649,0,0,1,7,13700.41935483871,9,4.437308775967328
341,용산구,198099.0368134824,549601.4724794456,5,1,1.0,1,2,1,660.380248411373,0,0,0,4,2838.8387096774195,6,3.9969738845526592
342,용산구,200216.33010866176,549150.788287518,8,2,0.5,1,2,0,1001.905954457529,0,0,0,2,9927.354838709676,3,6.491563833512118
343,용산구,197407.67970488372,549117.7769504735,4,2,0.75,1,2,0,1280.845102433902,0,0,0,3,9252.709677419356,7,6.133032193306338
344,광진구,205421.6176390226,548632.3174266171,7,2,0.8571428571428571,1,2,0,595.1938907153236,0,0,0,2,8930.806451612903,4,5.536044580281155
345,용산구,196610.5161317685,548429.7251801917,4,0,1.0,1,2,0,1225.1444247401726,0,0,0,2,4300.516129032258,16,2.751619459929282
346,영등포구,190911.2682590453,547590.764381353,4,1,1.0,1,2,0,52.43493316302023,0,1,1,0,2954.1612903225805,4,0.5977035368641381
347,영등포구,194491.623356028,547044.7607914689,2,2,0.5,1,2,0,1051.225397569698,0,0,0,0,0.0,2,0.4596464344974826
348,영등포구,191592.8480920005,546720.6933672981,6,2,0.6666666666666666,1,2,0,227.24744953211805,0,0,0,0,22108.096774193553,4,0.8108634751537795
349,영등포구,191747.27203952,546339.7717811333,5,2,0.6,1,2,0,39.69135081422446,1,1,1,2,29418.64516129032,3,4.040254725857064
350,영등포구,192073.07964892275,545689.539679569,4,0,1.0,1,2,0,223.88073609174037,0,0,0,1,5623.870967741935,7,2.836138633909151
351,송파구,212354.69962698512,545295.7565681261,8,2,0.5,1,2,0,1149.9734674384213,0,0,0,1,284.2258064516129,4,2.715867753428789
352,서초구,200096.564921465,545061.5049669624,8,2,0.75,1,2,0,262.541490594545,0,0,0,1,4092.0967741935483,3,10.670193634136943
353,구로구,190531.18336491744,543454.9404486713,7,2,0.4285714285714285,1,2,0,190.16958457246287,0,0,1,4,4086.9032258064517,5,0.1899719826023371
354,강남구,202798.570444068,543345.524118752,4,1,1.0,1,2,0,610.2417823351594,0,0,0,0,13715.258064516129,5,0.4239237261122675
355,서초구,199439.77178117,543129.8365545857,5,2,0.8,1,2,0,1024.1923258752483,0,0,0,3,8447.32258064516,5,0.1121897802599036
356,관악구,194272.06241467,542990.701568136,3,0,1.0,1,2,0,515.9522236438788,0,0,0,3,3136.3870967741937,5,1.3533444180215368
357,관악구,196112.42522844035,542893.508579618,3,2,0.6666666666666666,1,2,0,60.497923245805,0,1,1,3,10455.645161290324,6,6.04418264883968
358,강북구,202994.37642985964,559537.9790403065,8,2,0.75,1,2,0,728.2051583796813,0,0,0,3,4332.451612903226,5,0.3588661720316584
359,노원구,207814.1118179635,558051.662340204,2,2,0.5,1,2,0,963.6413402259906,0,0,0,2,1767.483870967742,6,0.7823043097963911
360,중랑구,206829.2343207065,556955.08881833,2,2,0.5,1,2,0,287.698939939195,0,0,0,3,4690.935483870967,10,3.245409940302721
362,동대문구,202688.93518115144,553132.5135663999,9,2,0.5555555555555556,1,2,0,18.46863797731533,1,1,1,1,5571.741935483871,6,1.1459414921435556
363,종로구,199766.76624871625,552925.1014196982,4,1,1.0,1,2,0,723.7861113836104,0,0,0,3,5038.354838709677,4,1.060232204929458
364,서대문구,191697.625547487,552770.721402148,2,1,1.0,1,2,0,637.8200307585738,0,0,0,0,4106.483870967742,4,6.821951623821652
366,동대문구,206332.0049282624,552537.699376993,8,2,0.5,1,2,0,80.71176735342466,0,1,1,3,11867.451612903227,8,0.0941891188589405
367,중구,199871.174757323,551874.254186429,1,2,0.0,0,1,0,211.3568750434854,0,0,0,2,3503.6774193548385,11,0.1372607109470654
368,중구,200693.230447548,551831.0869115388,8,2,0.5,1,2,0,514.4650721221615,0,0,0,1,16703.516129032258,6,2.534409647990543
369,중구,198460.0677403121,551835.5477389762,9,2,0.4444444444444444,1,2,0,50.39262890837989,0,1,1,0,20910.967741935485,3,1.736547947204793
370,서대문구,193772.27154964424,551721.6669695667,4,2,0.5,1,2,0,386.5592294827479,0,0,0,0,9302.67741935484,6,2.4608738004637294
371,중구,200223.9868551342,551679.6127794447,5,2,0.8,1,2,0,253.6085950625423,0,0,0,1,2351.032258064516,7,0.3592879099913541
372,중구,199380.54447519616,551651.1900875157,6,2,0.8333333333333334,1,2,1,705.8081220284065,0,0,0,0,231.3548387096774,6,2.2992190122476623
373,동대문구,205698.42708243185,551330.31826985,6,2,0.6666666666666666,1,2,0,95.47483728843925,0,1,1,1,13968.225806451614,1,0.3179041849438165
374,중구,197476.5364931498,551118.7084058146,5,2,0.8,1,2,0,153.12066305964777,0,0,1,2,2264.3225806451615,5,5.87534348179803
375,마포구,191899.778918286,550952.6936047105,4,0,1.0,1,2,0,1389.6964518797208,0,0,0,4,3680.8709677419356,6,0.6673990766463838
377,용산구,197531.274844038,549511.9672336925,5,2,0.8,1,2,0,1025.386669077094,0,0,0,0,14364.612903225807,7,2.327519414022756
378,성동구,201509.89393264733,549508.0016409387,3,2,0.6666666666666666,1,2,0,492.10468726475847,0,0,0,2,1262.9032258064517,6,10.281326560335271
379,광진구,208488.13621862684,549083.93321085,7,2,0.5714285714285714,1,2,0,2274.3845201321824,0,0,0,0,921.6451612903226,5,2.2411793128983604
380,용산구,196936.76367076463,547424.1099258116,8,2,0.625,1,2,0,2091.756118704111,0,0,0,1,10695.741935483873,9,1.2817459089523895
381,송파구,210392.8777244443,547339.0822212871,7,2,0.8571428571428571,1,2,0,1296.8667889683652,0,0,0,1,3982.677419354839,0,3.661254952339916
382,영등포구,193679.57752766367,547216.087952104,6,2,0.6666666666666666,1,2,0,1521.2106690492576,0,0,0,2,14118.90322580645,8,0.2715804001409279
383,영등포구,190771.863799916,546885.956479745,4,0,1.0,1,2,0,670.3232301985593,0,0,0,2,7434.4838709677415,9,0.8601728919035404
384,송파구,211308.37265700384,545814.9731591297,7,2,0.5714285714285714,0,2,0,302.75630417337555,0,0,0,0,793.0967741935483,1,1.0580261698557318
385,영등포구,190455.86415461887,545728.0628999321,7,2,0.7142857142857143,1,2,0,1082.0845541321553,0,0,0,1,5824.677419354838,4,2.4142545412341843
386,양천구,188725.59428401067,545581.8308341446,6,2,0.8333333333333334,1,2,0,1153.3372962987478,0,0,0,0,0.0,1,8.601148325903765
387,영등포구,190796.55985665883,544925.1908911249,6,2,0.5,1,2,0,1190.2433098911924,0,0,0,5,2650.4516129032254,7,0.2629061805989252
388,송파구,212221.8708775146,544907.2612177471,5,2,0.8,1,2,0,943.4938190622578,0,0,0,4,1821.9032258064517,12,1.1316556466865773
389,동작구,198673.91362210023,544418.9987796519,4,2,0.75,1,2,0,1261.276987385654,0,0,0,0,0.0,6,5.5106665143215965
390,서초구,199790.73252855724,542447.8939349409,4,1,1.0,1,2,0,1350.7236039344696,0,0,0,9,10439.483870967742,6,4.30163756194623
391,관악구,195819.81194103355,542427.9290504284,7,2,0.5714285714285714,1,2,0,209.87557691397905,0,0,0,1,30307.838709677417,6,1.2218641696540071
392,서초구,198384.42336465543,541906.0759759723,13,2,0.6153846153846154,1,2,0,43.023875826314764,1,1,1,4,12572.935483870968,3,11.605937227229305
393,강북구,201491.73211455,560128.7764635963,6,1,1.0,1,2,1,251.8646761733845,0,0,0,2,3762.3548387096776,9,1.1940095678365263
394,강북구,203421.7085170345,559250.3375199273,4,0,1.0,1,2,0,346.2357836176984,0,0,0,4,2617.4193548387098,7,3.967860534830698
395,성북구,202834.67026194715,556007.3624277156,7,2,0.5714285714285714,1,2,0,43.552444410690576,1,1,1,1,684.3870967741934,3,0.6739412039712237
396,동대문구,203754.76715381036,554642.1956940575,6,2,0.5,1,2,0,532.6898492139736,0,0,0,1,947.0967741935483,5,4.561473721276492
397,강서구,183227.25086876325,552648.9956545867,4,2,0.25,1,2,0,884.3424516704397,0,0,0,2,2129.548387096774,5,3.9686928551136953
398,중구,198901.8155256025,551847.460314313,4,1,1.0,1,2,0,341.6396859283381,0,0,0,2,12557.677419354837,7,2.333547994334667
399,용산구,197011.96043776587,548724.3686153331,8,2,0.5,1,2,0,1481.3158909996648,0,0,0,3,8604.580645161292,2,2.5886007166080502
400,강서구,187958.79254543723,548109.7281505812,4,0,1.0,1,2,0,54.130173937002,0,1,1,3,11045.322580645161,4,1.2705647861326683
420,은평구,192847.8144819376,559446.998609956,5,1,1.0,1,2,1,1169.446731642143,0,0,0,2,1817.2580645161293,7,5.111522483662453
422,은평구,193379.7471511996,557901.916329685,5,2,0.2,1,2,0,385.4225001554933,0,0,0,2,5929.193548387097,2,0.985194441702338
423,은평구,194056.45538809063,557713.4342619256,3,2,0.3333333333333333,1,2,0,847.7774671262032,0,0,0,2,2455.4193548387098,4,1.155662259468772
424,은평구,191767.00939914823,557516.829630964,4,2,0.25,1,2,0,857.8590389582524,0,0,0,2,1230.6129032258066,3,4.424254401361599
425,은평구,192066.20680178676,557195.9824012968,7,2,0.2857142857142857,1,2,0,434.1817788173536,0,0,0,6,6358.677419354838,5,4.158089704822749
426,은평구,191922.9217250253,557332.8081074153,3,2,0.3333333333333333,1,2,0,625.6283385620707,0,0,0,2,3745.935483870968,4,6.577324857786664
427,은평구,194823.55191973952,556815.0164339871,2,2,0.5,1,2,0,1077.3077225034926,0,0,0,0,1236.0645161290322,2,5.2892890889884825
429,은평구,192837.541778879,555583.102605345,2,2,0.5,1,2,0,346.54828881200774,0,0,0,4,4470.0,9,0.7029877213641692
430,노원구,206140.67747948,561064.63041127,4,0,1.0,1,2,0,809.8153559251652,0,0,0,2,1961.774193548387,6,2.129648079498955
431,노원구,205911.7471824085,559903.733353036,4,0,1.0,1,2,0,1749.6236075762497,0,0,0,1,6607.903225806452,8,0.1819281581759509
432,은평구,193567.294342012,555777.8975495955,5,0,1.0,1,2,0,780.725073207339,0,0,0,1,6078.451612903225,7,4.00687526406772
433,종로구,199128.25900168216,553075.005159494,6,2,0.5,1,2,0,609.6316312292457,0,0,0,2,7707.032258064516,1,3.1003174213538287
434,중랑구,207071.6604193298,552464.8359261634,5,2,0.8,1,2,0,494.1336190842745,0,0,0,2,2625.5161290322585,7,1.1531394643578914
435,서대문구,192310.37727515836,552320.932549622,3,2,0.6666666666666666,1,2,0,71.87259163322868,0,1,1,2,7007.387096774193,9,1.7397449480863851
436,중구,200181.882185477,552214.1877782079,2,0,1.0,1,2,0,179.77022864330968,0,0,1,1,2821.161290322581,6,0.7321624803088037
437,종로구,199818.614666606,552165.0763576205,2,0,1.0,1,2,0,381.0141233862512,0,0,0,2,1907.4193548387098,11,1.3156010992123277
438,종로구,199325.955563533,552112.7229068342,4,1,1.0,1,2,1,317.36931847368487,0,0,0,1,362.7096774193549,4,3.301253827061359
439,중구,202089.07453566816,551737.1718850065,6,2,0.6666666666666666,1,2,0,147.4015960850706,0,0,1,2,13150.645161290324,6,5.6535154830097945
440,마포구,191501.93080061403,551506.1241607451,3,1,1.0,1,2,0,1094.1750172372706,0,0,0,1,3797.483870967742,4,13.107566492907036
441,중구,197139.59873531235,551320.9513512492,3,2,0.6666666666666666,1,2,0,359.1672102028828,0,0,0,2,6180.903225806452,6,11.977091301429285
442,중구,201218.433519881,551192.291935522,4,0,1.0,1,2,0,657.7189568321179,0,0,0,2,3935.0967741935483,10,2.31466268658138
443,서대문구,196669.9291386325,551114.5856677288,4,2,0.75,1,2,0,173.90572144963352,0,0,1,3,12252.258064516129,4,2.9015455447280183
444,마포구,192782.67715068345,550361.8850639041,5,2,0.8,1,2,0,351.00154182389974,0,0,0,0,6983.064516129032,7,4.884653277914568
446,마포구,195676.66628660032,549396.4840503177,6,2,0.8333333333333334,1,2,0,327.9249582096191,0,0,0,3,14532.032258064517,9,1.1085923843939998
447,광진구,207545.3240675315,548109.410601581,4,1,1.0,1,2,0,1597.865616758126,0,0,0,4,6866.354838709677,6,3.551442398256395
448,강동구,212720.53767288337,546406.4325335997,8,2,0.875,0,2,0,1762.825010635407,0,0,0,2,290.83870967741933,0,0.404086393946835
449,동작구,196738.84383521875,545568.1571069073,4,2,0.5,1,2,0,232.56091591831208,0,0,0,2,4116.1612903225805,7,2.9200181636195044
450,양천구,186110.9824148664,545534.0668004128,8,2,0.5,1,2,0,1362.918269233954,0,0,0,3,6437.580645161291,8,1.89395089574834
451,서초구,200797.4566716246,545323.3053158019,7,2,0.4285714285714285,1,2,0,314.87155503137967,0,0,0,1,934.483870967742,4,0.5149599826722806
452,동작구,194634.44279807055,545062.5677340617,7,2,0.5714285714285714,1,2,0,42.80733336211445,1,1,1,3,10731.806451612903,8,2.543763480632535
453,강남구,204333.3839869913,545007.360816849,6,1,1.0,0,2,0,53.74324579101814,0,1,1,0,12598.225806451614,3,2.592948387851794
454,구로구,190526.2390963212,544236.7293505265,6,2,0.5,1,2,0,672.1977986170313,0,0,0,0,3042.1290322580644,5,3.727891690756664
455,송파구,212337.650440036,544026.7223575114,5,2,0.8,1,2,0,496.8922229677569,0,0,0,0,2129.064516129032,5,4.897441582095266
456,강남구,207229.3656452984,543265.7385443803,3,2,0.6666666666666666,1,2,0,1830.9611520323597,0,0,0,4,1814.7096774193549,3,0.5105683217962209
457,관악구,195774.8761869495,542152.9381016726,2,0,1.0,1,2,0,332.82809202302377,0,0,0,2,20101.41935483871,4,2.413937900717554
458,은평구,193147.5324663607,555650.618152459,6,2,0.8333333333333334,1,2,0,663.5675945331134,0,0,0,1,6098.612903225807,8,0.578964397794941
459,은평구,192920.98792634695,558207.9276279177,3,0,1.0,1,2,0,84.68387061089665,0,1,1,5,2640.8709677419356,6,3.547063956665645
460,은평구,193042.668829004,555930.7921746037,3,2,0.3333333333333333,1,2,0,489.0189046570137,0,0,0,0,2545.451612903226,6,0.1277100631639468
461,은평구,193102.3888334665,556439.7177847349,4,2,0.25,1,2,0,28.37036144284881,1,1,1,1,6533.129032258064,6,1.404450085528719
462,은평구,192986.6425887693,555792.7732529723,3,2,0.3333333333333333,1,2,0,569.5935826487654,0,0,0,2,2045.8064516129032,8,0.7173959962702388
463,강북구,200924.7096662888,560838.1254763945,5,2,0.6,1,2,0,732.9606658847243,0,0,0,2,2190.0,6,4.627481864986885
464,강북구,202258.69593752717,559815.1366835324,7,1,1.0,1,2,1,15.090748384281913,1,1,1,7,50184.45161290323,10,0.918288171041457
465,노원구,206674.7261023834,557586.964733434,5,2,0.8,1,2,0,231.57894261611972,0,0,0,1,4654.774193548387,10,0.5366101827589158
466,중랑구,207539.194211964,555188.2514956817,3,0,1.0,1,2,0,42.32864680851573,1,1,1,0,9251.612903225805,5,2.691425842754154
467,중랑구,206424.870879523,554839.6125948675,4,0,1.0,1,2,0,123.12330510722543,0,0,1,2,2064.6451612903224,5,0.6306201978971515
468,동대문구,205943.38421590516,554673.6794921567,7,2,0.8571428571428571,1,2,0,18.17906484455356,1,1,1,3,8281.838709677419,7,1.519355016918406
469,중랑구,207076.22653723077,554642.335091011,4,0,1.0,1,2,0,461.7930693553802,0,0,0,4,5065.612903225807,3,0.5964394187709695
470,동대문구,204201.1481493725,552942.1454201328,4,0,1.0,1,2,0,519.8429044599684,0,0,0,4,2333.032258064516,6,4.011253156802776
472,서대문구,197053.5511103616,551814.1955575956,9,2,0.5555555555555556,1,2,0,30.884961132923568,1,1,1,6,20027.451612903227,7,0.7497835466125716
473,마포구,192605.26732323976,551200.0829391128,4,0,1.0,1,2,0,766.6893504272813,0,0,0,6,5563.258064516128,3,3.712091662002341
474,마포구,193068.3325958585,550630.985555283,4,1,1.0,1,2,0,305.64694083506777,0,0,0,4,9617.129032258066,9,2.104173052801519
476,마포구,195421.57752499025,549080.5478772703,4,1,1.0,1,2,0,71.86694154438563,0,1,1,2,14732.677419354839,5,1.9924435695577207
477,광진구,207396.05062470632,548565.9757533811,6,2,0.6666666666666666,1,2,0,1256.188998213666,0,0,0,1,6099.032258064515,3,19.738933201376422
478,용산구,199163.64907085348,546770.768363615,2,1,1.0,1,2,0,1107.0357198153604,0,0,0,4,3128.967741935484,2,1.0897889727989707
479,송파구,209274.9526713786,546573.5850193807,7,1,1.0,1,2,0,515.8642597891034,0,0,0,1,1859.2258064516127,8,1.220193696072247
480,송파구,208693.588404209,546278.7604654388,5,2,0.6,1,2,0,332.4318116465667,0,0,0,1,5553.935483870968,5,0.5661850552833414
481,강남구,204715.76516486905,545951.6494828742,4,0,1.0,1,2,0,802.2116879126285,0,0,0,0,1701.9032258064517,4,3.570319737613487
482,송파구,208178.96576554436,545828.1231533855,6,2,0.6666666666666666,1,2,0,645.7281263467002,0,0,0,1,5250.41935483871,5,0.5947755392799111
483,강남구,205956.789670683,545623.2274874095,2,1,1.0,1,1,0,1121.491830983074,0,0,0,1,5195.645161290323,6,9.484427848590403
484,영등포구,191431.66018981524,544976.0796780805,4,1,1.0,1,2,0,752.2350331158106,0,0,0,3,4727.354838709677,7,0.3122995180529801
485,동작구,195383.5638327935,544852.4695184034,6,1,1.0,1,2,0,311.14984337119125,0,0,0,4,13120.741935483871,6,3.551981290503979
486,송파구,209738.9444470825,544727.8953121015,4,1,1.0,1,2,0,188.52670733882405,0,0,1,1,11146.41935483871,4,2.5199844061998475
487,서초구,198421.87480544788,542878.3776955056,8,2,0.5,1,2,0,235.5179769776834,0,0,0,1,7704.645161290323,5,0.1183698585653303
488,서초구,200396.5786300813,542588.5252924053,4,0,1.0,1,2,0,889.8473585051462,0,0,0,8,6132.322580645161,4,1.0159483720439038
489,서초구,200617.861951992,542026.5009155977,3,1,1.0,1,2,0,1388.6793800811502,0,0,0,5,3399.9354838709673,2,8.055630695896431
490,노원구,206459.2048237035,558446.8246705995,4,2,0.75,1,2,0,855.553205211188,0,0,0,2,3768.3548387096776,9,1.521354535636057
491,성북구,205035.160012678,556808.0371689708,4,0,1.0,1,2,0,831.3126910822517,0,0,0,4,8931.935483870968,5,8.637677511948803
492,성북구,201027.143229016,556136.253936444,1,0,1.0,1,2,0,358.2597263153705,0,0,0,5,7585.354838709677,8,13.682505847166956
493,성북구,201363.16131790477,554486.6168553606,4,0,1.0,1,2,0,399.7801854104229,0,0,0,1,11464.74193548387,7,1.768235382534454
494,은평구,190023.6781487885,554170.779832572,2,1,1.0,1,2,0,1746.636591319597,0,0,0,0,0.0,6,17.066733753151592
495,성북구,202902.74596730675,554096.2897675006,8,2,0.5,1,2,0,383.4707368612982,0,0,0,2,2971.8709677419356,5,4.510018828368985
496,중랑구,207038.20777201388,553540.5326189799,8,2,0.5,1,2,0,550.5922963627071,0,0,0,1,3690.451612903226,4,1.661668406253091
497,은평구,191689.90777781876,553430.8044870155,4,0,1.0,1,2,0,62.0550717224322,0,1,1,2,2528.8387096774195,7,3.712985852388441
498,서대문구,194360.60488074552,553347.634857078,2,2,0.5,1,2,0,1195.0922234818322,0,0,0,1,9588.193548387097,5,18.35351288359717
499,동대문구,203750.9882191224,553307.8581665049,5,2,0.8,1,2,1,20.396451345824605,1,1,1,1,20615.451612903227,8,0.3229619320587436
500,동대문구,203388.211699816,553182.0837821306,8,2,0.625,1,2,0,18.53663741154336,1,1,1,1,13019.548387096775,7,0.0605401580680157
501,서대문구,192026.8989745644,553149.359277644,5,1,1.0,1,2,1,469.4589140605764,0,0,0,1,5033.935483870968,7,2.960594732333751e-15
502,동대문구,205847.73007014176,552582.950382018,5,2,0.8,1,2,0,440.2194847692495,0,0,0,2,5787.4838709677415,6,3.553449868510488
503,강서구,182647.6483102331,552585.8326829356,8,2,0.5,1,2,0,1099.1631448142343,0,0,0,0,323.51612903225805,3,1.5801246057339302
504,종로구,200159.84868314525,552398.2010446482,4,2,0.5,1,2,0,87.16719375592217,0,1,1,2,11184.838709677419,7,0.4551719667359558
505,종로구,199308.0911873758,552315.7855039106,5,2,0.8,1,2,0,191.8753761647125,0,0,1,2,8885.548387096775,6,0.8504827734874295
506,종로구,198174.2706695536,552297.9813470354,5,1,1.0,1,2,1,218.673168711143,0,0,0,1,17467.22580645161,11,3.003447866656638
507,종로구,198911.82875390883,552291.7697401415,6,1,1.0,1,2,0,33.46921154662592,1,1,1,3,21742.032258064515,8,1.1725931968824217
508,마포구,192203.33488997025,551751.464187739,4,1,1.0,1,2,0,564.6716868578086,0,0,0,2,6148.032258064515,3,0.9660965376134308
509,중구,199126.17591465745,551696.1889452871,7,2,0.7142857142857143,1,1,1,532.6150547003539,0,0,0,0,5730.870967741936,7,2.541676625505633
510,광진구,207743.1746710272,551103.1164977686,6,2,0.6666666666666666,1,2,0,1835.9630915251712,0,0,0,3,4307.129032258065,5,2.7157180766503157
511,성동구,204612.956922048,550141.1370274306,2,1,1.0,0,2,0,840.0304247013993,0,0,0,0,1265.6774193548388,4,13.107094891113473
512,용산구,197361.340345489,549869.0891028955,2,0,1.0,1,2,0,685.8785260635343,0,0,0,2,6188.580645161291,3,6.2734931326444725
513,영등포구,190544.6730559504,547818.4860740684,5,2,0.8,1,2,0,469.0025031725995,0,0,0,0,451.35483870967744,10,4.971120083480247
514,양천구,185650.6289195245,546834.824839783,6,2,0.6666666666666666,1,2,0,519.6826316220631,0,0,0,1,6764.032258064517,7,6.670073937764176
515,송파구,209194.672888287,545477.9124584806,4,1,1.0,1,2,0,306.09411791234544,0,0,0,1,383.38709677419354,5,2.108512671044229
516,강남구,203398.1494381528,545470.6950051426,5,2,0.8,1,2,0,615.9014803443852,0,0,0,1,2414.258064516129,4,3.0209363703262446
517,강남구,202997.81241571077,545317.3038090095,4,0,1.0,1,2,0,435.86117800345335,0,0,0,1,5866.0,5,2.695458786816332
518,구로구,187620.7931277914,545267.6906074232,5,2,0.8,1,2,0,10.029044018978066,1,1,1,3,6980.225806451613,5,1.4688980723500282
519,구로구,188672.8651945222,544397.6351316008,5,1,1.0,1,2,0,973.422559093098,0,0,0,0,0.0,3,3.6819262094864262
520,강남구,203956.48653110425,544342.9185536873,4,1,1.0,1,2,0,302.96458475323413,0,0,0,3,4331.451612903225,5,2.837027140208868
521,서초구,200677.6904311995,543597.9445721655,8,2,0.625,1,2,0,195.26161562696,0,0,1,4,9160.193548387098,4,5.653681287546384
522,도봉구,203487.85148767527,561898.3939836547,4,0,1.0,1,2,0,84.7279720657973,0,1,1,0,7254.677419354839,6,1.1112508113312518
523,도봉구,204703.62486319864,561475.0268929823,3,1,1.0,1,2,0,373.5088033437678,0,0,0,2,1015.8387096774193,5,2.049728982161743
524,강북구,201263.7276659936,560957.6944713562,5,2,0.8,1,2,0,622.5973975783188,0,0,0,3,4615.709677419355,6,2.2020164709288417
525,노원구,205639.9361732717,560660.208918657,4,1,1.0,1,2,0,946.083780875823,0,0,0,3,7232.225806451614,6,0.1078508280786039
526,강북구,202416.72625838677,559999.8229126743,4,0,1.0,1,2,0,14.804366535063147,1,1,1,3,29160.8064516129,7,1.205448805637257
527,강북구,202055.45066146724,559452.8194172467,4,0,1.0,1,2,0,94.12474155578067,0,1,1,2,6960.322580645161,7,1.9557141437463936
528,강북구,202609.68488769463,557508.706868908,3,2,0.6666666666666666,1,2,0,23.580971812794093,1,1,1,1,8652.709677419356,12,0.0
529,강북구,203310.2408444,557071.590020673,1,2,0.0,0,1,0,256.1602118282602,0,0,0,6,2100.1612903225805,6,8.694523705070765
530,서대문구,195516.39319991667,555204.1189197283,3,2,0.6666666666666666,1,2,0,492.22713395595775,0,0,0,5,5096.774193548387,8,10.043804211488556
531,동대문구,204618.28993722945,554674.2883195952,5,2,0.8,1,2,1,387.7124376943764,0,0,0,3,7050.290322580646,4,2.1257262767958154
532,은평구,192078.909849159,553889.6233950823,4,0,1.0,1,2,0,389.47468057718856,0,0,0,1,4842.161290322581,6,7.388170852093596
533,서대문구,191466.5996669113,553020.8019984803,3,1,1.0,1,2,0,419.08911204514175,0,0,0,0,1676.032258064516,4,4.470951237710228
534,마포구,191059.9687758473,552655.4149148645,7,2,0.5714285714285714,1,2,0,943.965718211188,0,0,0,6,1003.0645161290323,3,1.711414670718412
535,종로구,197979.45236709865,552292.3595067684,8,2,0.75,1,2,0,39.39936524899169,1,1,1,4,17760.06451612903,12,0.5493780785551058
536,동대문구,202680.74309063365,552288.1684930833,3,0,1.0,1,2,0,357.80007142002245,0,0,0,1,2383.677419354839,5,6.281906278230612
537,중구,198918.59610490856,551674.4788683604,7,2,0.8571428571428571,1,2,0,483.6208570530511,0,0,0,4,12678.258064516129,4,7.158773098635768
538,마포구,194489.77461952064,550243.5985862607,3,2,0.3333333333333333,1,2,0,449.5049160723965,0,0,0,2,2209.322580645161,3,3.338487742455977
539,성동구,204449.17419654172,549642.0726010363,4,0,1.0,1,2,0,636.7331681649337,0,0,0,4,2120.3225806451615,6,4.805127336013128
540,광진구,206245.535618463,548937.353562215,4,1,1.0,1,2,0,65.22334976549271,0,1,1,2,16479.290322580644,2,8.497042583993508
541,양천구,188102.93807562877,547011.6262609892,4,1,1.0,1,2,0,436.5952814911175,0,0,0,3,5577.419354838709,6,0.2526226738704137
542,영등포구,192705.05676453616,546900.3604784895,6,2,0.6666666666666666,1,2,0,758.1175230921914,0,0,0,1,4279.5161290322585,3,6.90773662634029
543,강남구,204442.1681550755,546595.8319440827,4,0,1.0,1,2,0,501.45456625828393,0,0,0,0,6369.1612903225805,3,3.228903579599122
544,강남구,205317.32493577237,546074.943364845,6,2,0.8333333333333334,1,2,0,1133.8218424775623,0,0,0,0,12250.451612903225,3,3.661283235576628
545,송파구,206923.4983694676,545820.7102469829,8,2,0.875,1,2,0,408.6597127353558,0,0,0,0,7360.258064516129,2,0.2982624360599543
546,강남구,205584.8899720318,545491.3368938396,10,2,0.6,1,2,0,813.6015815313435,0,0,0,0,4701.032258064516,1,1.8386797451742016
547,강남구,202167.342853941,545002.1681533535,4,1,1.0,1,2,0,158.66477956071645,0,0,1,0,3919.6774193548385,2,3.8614612029915207
548,서초구,200305.58620800372,544741.8296376045,8,2,0.625,1,2,0,436.9862675434928,0,0,0,0,2223.6774193548385,1,0.4372579945891294
549,구로구,188067.635565629,544310.1423885004,3,2,0.3333333333333333,1,2,0,1036.068780554648,0,0,0,0,0.0,7,1.1525339887173125
550,구로구,187305.9524941278,544221.8738485358,5,0,1.0,1,2,0,645.1811087088405,0,0,0,5,7942.225806451613,5,3.0591637332323054
551,관악구,194175.653459202,542826.2694390994,3,1,1.0,1,2,0,388.1261628730799,0,0,0,3,7424.16129032258,4,2.889789726235428
552,서초구,201014.32504233925,542736.1894048089,4,1,1.0,0,2,0,727.8352281816557,0,0,0,0,2809.7741935483873,2,2.4689827037203806
554,도봉구,203211.6764521726,561306.2166457933,5,2,0.8,1,2,0,308.19137451222065,0,0,0,1,2953.8387096774195,5,2.405486373088882
555,노원구,205484.11541930772,561042.3157036318,4,0,1.0,1,2,0,535.6795649985802,0,0,0,1,5628.322580645161,5,1.2463970950276486
556,강북구,201848.5386793252,557766.7312757391,5,2,0.8,1,2,0,14.971651542890813,1,1,1,2,8748.41935483871,8,2.569486144641573
557,중랑구,207089.62089034624,555051.8560680598,4,1,1.0,1,2,0,386.1551879167723,0,0,0,0,0.0,2,0.3951721242495853
558,중랑구,207638.33309587417,554799.0277965936,6,1,1.0,1,2,0,249.1839450751616,0,0,0,1,9353.483870967742,8,2.883039550457873
559,성북구,201443.77986903436,554804.9458982877,6,2,0.6666666666666666,1,2,0,147.0533202343962,0,0,1,2,34766.80645161291,8,2.8161816374654274
560,동대문구,203217.992470325,554634.7605921854,4,2,0.5,1,2,0,510.01535766852817,0,0,0,1,1223.9354838709678,5,5.350136126819738
561,동대문구,203213.9600125845,554437.6402083349,2,2,0.5,1,2,0,316.5300089523324,0,0,0,2,9000.58064516129,4,0.4269999996794204
562,성북구,200549.0237289207,554333.7734337798,6,2,0.5,1,2,0,25.20985838973269,1,1,1,4,21466.22580645161,10,4.804457615760438
563,은평구,193146.715742648,554036.936270262,1,2,0.0,0,1,0,481.1067587682288,0,0,0,0,6141.161290322581,8,17.477245075376306
564,은평구,190767.70453792065,553632.967972888,3,1,1.0,1,2,0,875.0486770994412,0,0,0,1,3879.0,10,1.0849688775089028
565,동대문구,205103.6583884311,553114.3086564108,10,2,0.5,1,2,0,71.16057395541316,0,1,1,1,8734.677419354839,7,1.6105009293852273
566,종로구,199828.649327964,552356.7610307945,2,0,1.0,1,2,0,417.6865534003378,0,0,0,1,14843.258064516129,9,0.5839878988382097
567,종로구,198495.4879773376,552297.3714248551,8,2,0.625,1,2,0,69.85309500664437,0,1,1,1,25802.225806451614,6,1.5246766277170505
568,종로구,200854.04058422148,552267.3514140996,2,0,1.0,1,2,0,238.48410684282572,0,0,0,2,639.9677419354839,6,3.8090250053694006
569,종로구,201402.114345906,552277.8604966993,3,1,1.0,1,2,0,316.93576726579744,0,0,0,0,2861.967741935484,6,8.333333333333332
570,종로구,197277.7871197188,552084.543377382,4,1,1.0,1,2,0,315.5798431749638,0,0,0,2,17314.548387096773,4,3.8182810516207866
571,종로구,198907.6999006465,552089.5835092963,4,1,1.0,1,2,0,100.01954265325682,0,0,1,4,3221.5483870967737,7,7.730481989405848
572,마포구,191092.80987155525,551851.903053615,4,1,1.0,1,2,0,1235.9835595414097,0,0,0,2,2014.4516129032256,3,6.675209785986621
573,중구,197309.807142395,551397.4587997244,5,1,1.0,1,2,0,466.8508280272592,0,0,0,2,8406.032258064515,4,13.55080487463275
574,중구,200518.45062982876,551057.4214962706,7,2,0.5714285714285714,1,2,0,619.4517433981671,0,0,0,2,4717.677419354838,5,6.40849985312619
575,중구,197257.53149386327,551080.8088559972,6,2,0.8333333333333334,1,2,0,350.8536715880902,0,0,0,1,2534.935483870968,5,1.2717918051480304
576,강서구,186952.0899280485,550703.8705085638,11,2,0.3636363636363636,0,2,0,260.6362730872679,0,0,0,0,6358.483870967742,7,0.2784719177099385
577,마포구,194040.868128824,549774.6407807807,4,0,1.0,1,2,0,943.885470872974,0,0,0,2,5488.000000000001,10,1.180173479181974
579,용산구,197173.756011635,547780.8948865205,2,1,1.0,1,2,0,2062.871697591328,0,0,0,3,2955.967741935484,9,1.9981292149148604
580,강남구,204180.5711277154,547186.9631349496,5,2,0.8,1,2,0,145.50060996927135,0,0,1,0,6407.870967741936,3,7.924444951283238
581,영등포구,194727.3111520745,546823.337822071,2,1,1.0,0,2,0,836.2390798996669,0,0,0,1,0.0,6,0.70060635907498
582,강남구,205045.2263013216,546723.1440374844,5,0,1.0,1,2,0,878.8934491982894,0,0,0,2,8060.161290322581,6,6.57523035158628
583,송파구,208853.015725368,545982.3503927549,10,2,0.6,1,2,0,32.76590168069768,1,1,1,2,33446.87096774193,3,0.3950708124277528
584,양천구,188591.906559178,545742.4005851666,6,2,0.5,1,2,0,1084.042389654997,0,0,0,0,1433.5483870967741,5,9.74118858092404
585,송파구,209477.86138615813,545089.8013076084,8,2,0.625,1,2,0,175.3444383407273,0,0,1,1,6926.161290322581,4,0.082897318656118
586,동작구,192956.85319898376,544500.3282993445,4,1,1.0,1,2,0,508.9726747273519,0,0,0,2,10040.548387096775,8,0.3181013735711898
587,강남구,202391.959444246,544231.157249834,1,2,0.0,0,1,0,136.461576031902,0,0,1,5,10645.193548387098,8,2.711149478692425
588,서초구,200158.671072401,541749.1272550377,3,1,1.0,1,2,0,1717.2836802779714,0,0,0,2,1365.516129032258,3,9.305246595658
589,노원구,204879.59305293,564295.0801726048,4,2,0.75,1,2,0,71.179996908247,0,1,1,1,5628.709677419354,6,2.899791507909691
590,성북구,201577.9400728708,554266.3746949543,4,0,1.0,1,2,0,274.9827400556961,0,0,0,3,9179.41935483871,6,3.2059076918527003
591,동대문구,203956.923949543,553389.950536783,1,0,1.0,1,2,0,61.64945239705723,0,1,1,4,34489.032258064515,9,0.2193462726040174
592,중구,199850.81963851376,551646.5116882884,5,1,1.0,1,2,1,335.53032951517287,0,0,0,1,815.8709677419355,10,3.315178666872089
593,광진구,207023.9012815075,550852.2835651301,2,0,1.0,1,2,0,1324.5620403691032,0,0,0,1,3880.741935483871,8,0.9773080265947994
594,영등포구,193071.4072543157,548057.2586483273,7,2,0.5714285714285714,1,2,0,1800.786943332714,0,0,0,0,2103.3548387096776,4,0.2345490914627242
595,영등포구,194041.547067769,547482.4034513155,2,0,1.0,1,2,0,1582.6421111095008,0,0,0,3,8188.548387096775,3,0.755297765140804
596,강남구,203649.90761728148,546414.6816691901,4,0,1.0,1,2,0,38.32985692886863,1,1,1,0,11985.645161290322,5,3.760108821486554
597,강남구,205007.491871602,545266.7591875418,4,1,1.0,1,2,0,366.54031783023737,0,0,0,1,10726.451612903225,4,0.6245409812888288
598,서초구,200910.8468476702,545028.9270675399,10,2,0.6,1,2,0,468.5500957366389,0,0,0,0,746.3548387096773,2,3.2636182382146592
599,서초구,201293.1302311115,543215.0817213543,4,0,1.0,1,2,0,582.8670927509035,0,0,0,1,4052.1290322580644,4,2.817242815357683
600,강남구,209579.0684100419,540598.3143020524,8,2,0.5,0,2,0,2550.601106064779,0,0,0,1,1358.032258064516,2,1.7362805045646528
609,은평구,192200.7106611828,557132.8412904397,4,0,1.0,1,2,0,285.6055289277068,0,0,0,5,7131.258064516129,6,4.524129118888022
610,은평구,194087.44589567868,556402.012683339,3,2,0.3333333333333333,1,2,0,416.4259307314978,0,0,0,2,2306.6129032258063,5,1.627116170664434
611,중구,197945.3928534612,551604.4608049302,6,2,0.8333333333333334,1,2,0,603.2237367941045,0,0,0,0,10077.258064516129,7,0.9926443351897518
612,중구,200227.741592038,551513.7080512375,5,2,0.8,1,2,0,403.28579453951033,0,0,0,1,1905.4516129032259,5,4.475573759566232
613,용산구,197412.90198922704,549404.202445294,3,2,0.6666666666666666,1,2,0,1047.9045455343307,0,0,0,2,20689.419354838712,9,0.1058737460289667
614,강남구,203462.3798188475,547077.2984568665,4,1,1.0,1,2,0,687.5452144675128,0,0,0,0,12836.838709677419,6,0.4368352713461535
615,영등포구,193881.0050373135,546953.4166508066,4,0,1.0,1,2,0,1190.2268458378448,0,0,0,2,1046.516129032258,6,
616,서초구,198831.47189625763,544654.2024099267,3,1,1.0,1,2,0,1531.6143847191172,0,0,0,0,0.0,5,0.2150101603926568
617,강남구,205966.09834044,544607.2735310935,7,2,0.8571428571428571,1,2,0,722.3336203260116,0,0,0,2,4158.709677419355,3,1.0154415317926295
618,은평구,192175.367359744,556946.847706364,1,0,1.0,1,2,0,288.5341711139655,0,0,0,2,2851.5806451612902,5,4.790734165954138
619,강북구,201978.45195063885,560385.7878652683,7,2,0.5714285714285714,1,2,0,238.62700662172168,0,0,0,7,5759.967741935483,6,1.1743730732484892
620,강북구,201069.4181314635,560045.904106059,6,2,0.6666666666666666,1,2,0,543.237942612625,0,0,0,4,1942.6129032258066,8,1.7853613599730522
622,종로구,201379.7120674746,552606.851219584,5,2,0.8,1,2,0,67.33741810515423,0,1,1,0,16294.290322580642,7,1.0390864951303471
623,종로구,198480.76456491463,552172.0441482994,3,1,1.0,1,2,0,127.14744911733668,0,0,1,2,24769.1935483871,5,1.5122723701230296
624,중구,199867.07423172423,551413.3299983313,4,0,1.0,1,2,0,522.618237090841,0,0,0,0,4297.096774193548,7,9.171613657427766
625,중구,197866.2141635275,551234.7729436224,2,1,1.0,1,2,0,327.67786678023754,0,0,0,5,11198.387096774193,5,1.6286416636510856
626,송파구,209970.46548843067,546457.0812334125,6,2,0.5,1,2,0,341.41203146766065,0,0,0,1,2820.290322580645,2,0.3436215404078938
627,구로구,190170.4366544194,543984.6437470536,5,1,1.0,1,2,1,428.434214065833,0,0,0,5,8514.709677419356,4,1.2750174773977552
628,강남구,204897.35680443223,543498.9520990187,4,1,1.0,1,2,0,390.5574401378863,0,0,0,1,8314.096774193547,4,1.0527409753733905
629,서초구,200893.0227435775,543057.2195485362,4,2,0.75,1,2,0,384.8857799149743,0,0,0,1,4123.4838709677415,3,2.048400376265806
630,관악구,191513.1372116382,542281.929178462,5,2,0.8,1,2,0,91.0110356966016,0,1,1,1,12598.290322580644,5,0.7883850690181582
631,금천구,191099.49125229532,539777.0643104551,3,0,1.0,1,2,0,301.4762232692509,0,0,0,3,5308.612903225807,6,4.368799067110209
632,도봉구,202535.4225433525,561237.0636662694,2,2,0.5,1,2,0,501.7977533795636,0,0,0,2,2964.516129032258,6,6.435342692026964
633,성북구,204718.625473994,557762.4730752422,4,0,1.0,1,2,0,1110.9660789813988,0,0,0,4,4313.516129032258,7,1.3914369757732814
634,성북구,203666.4467732702,555855.4245509735,5,2,0.8,1,2,0,286.42361827248766,0,0,0,1,4251.387096774193,4,0.1250195931780358
635,동대문구,204730.9785160052,553763.6523380842,5,2,0.8,1,2,0,245.50601888316265,0,0,0,5,8602.677419354839,3,4.832480038811984
636,강서구,187168.7430320174,550622.3024782522,5,0,1.0,1,2,0,345.57702517684163,0,0,0,4,9447.935483870968,9,3.3904618090077854
637,마포구,192197.14609912076,550529.8865614645,4,0,1.0,1,2,0,930.8573585357911,0,0,0,4,3326.1612903225805,5,0.5343015127235103
638,광진구,205627.59843756544,549187.6279920263,7,2,0.5714285714285714,1,2,0,32.34717473390321,1,1,1,1,3863.7419354838707,4,2.6938644592276115
639,구로구,189374.440380351,544843.8769616737,8,2,0.5,1,2,0,408.1885272891077,0,0,0,3,3058.1935483870966,3,1.0345738877427972
640,동작구,195964.94651491,544007.944105917,3,2,0.6666666666666666,1,2,0,266.8360878560921,0,0,0,0,14332.387096774193,3,8.87317980163888
641,구로구,189689.0936971675,543744.1586573211,6,2,0.6666666666666666,1,2,0,79.13393447523389,0,1,1,3,5701.41935483871,6,6.787630113951384
642,구로구,189941.6533994357,542849.8083672599,6,2,0.6666666666666666,1,2,0,367.417219341932,0,0,0,4,8008.645161290323,4,0.3282334956623481
643,구로구,191260.46329202325,542587.2531461322,4,1,1.0,1,2,0,75.10184422796416,0,1,1,3,51113.93548387096,8,0.5734373255050418
644,노원구,206021.6489058605,559595.5337275395,4,1,1.0,0,2,0,2076.791252034479,0,0,0,2,15200.0,4,0.4437462428348008
645,성동구,203921.0158681517,552486.7454012922,4,0,1.0,1,2,0,536.7115314879634,0,0,0,4,3579.4516129032263,8,1.2068713198783922
647,중구,200623.4254792717,551634.5575272966,8,2,0.5,1,2,0,598.5733751362184,0,0,0,2,7350.548387096774,7,0.3177608209858403
648,중구,199035.70827067448,551296.586041048,6,2,0.8333333333333334,1,2,0,805.6399901395608,0,0,0,0,3569.8064516129034,4,6.077498865008421
649,중구,199413.814757138,551274.7618104622,5,2,0.6,1,2,0,908.0769141234106,0,0,0,3,7316.354838709676,7,3.383224138904476
650,중구,200055.6715417528,550193.272652169,4,2,0.5,1,2,0,916.7775414177733,0,0,0,2,3167.8709677419356,3,6.846764813167236
651,광진구,208029.23921498025,550070.8080318666,4,1,1.0,1,2,0,2108.687430699966,0,0,0,3,8153.354838709677,4,2.2643820159364005
652,광진구,207542.65244745376,549511.2246039433,4,0,1.0,1,2,0,1423.945987224315,0,0,0,2,3896.354838709678,4,1.900044724231052
653,강남구,202987.5863655637,547740.274111127,4,1,1.0,1,2,0,1420.7597554394938,0,0,0,2,1633.258064516129,3,0.9701690942070168
654,용산구,196623.9779926624,546996.7306552456,8,2,0.625,1,2,0,1645.4938597821676,0,0,0,0,168.38709677419354,4,1.0732938451605456
655,동작구,197880.6887169605,544912.314825992,2,2,0.0,0,1,0,1297.0059548569857,0,0,0,1,2493.548387096774,0,3.2585985816737097
656,구로구,189646.292744497,543866.2028838365,4,2,0.75,1,2,0,208.45732802837892,0,0,0,2,5083.774193548387,6,5.681569044261992
657,동대문구,202711.45211022143,552709.7459427099,9,2,0.5555555555555556,1,2,0,71.8381004056824,0,1,1,2,5958.4838709677415,5,0.7027137226401159
658,광진구,209223.025595331,549514.2608392393,6,1,1.0,1,2,0,1807.4612948382337,0,0,0,1,4831.612903225806,7,3.088859322853417
659,서초구,201213.50594535525,543804.1255008032,8,2,0.5,0,2,0,608.6793402843998,0,0,0,5,7287.903225806451,3,1.2638555767495596
660,금천구,191197.318072375,539490.6149089123,3,1,1.0,1,2,0,9.086211912545076,1,1,1,3,9199.483870967742,6,3.2420100119618165
661,마포구,193976.3274530232,549554.2475485161,5,2,0.8,1,2,0,1033.0969377984811,0,0,0,4,764.9677419354839,11,0.9558221524689732
662,성동구,202655.3344601225,551624.1381497063,4,2,0.5,1,2,0,724.7168902744426,0,0,0,2,9698.225806451614,5,5.822139847443276
664,금천구,190266.0428571932,542213.5388507051,5,1,1.0,1,2,0,30.71566611687202,1,1,1,1,13881.16129032258,7,4.055418583521382
665,금천구,190976.47797333068,541141.5175843396,6,1,1.0,1,2,0,199.99700605603084,0,0,1,6,15663.870967741936,7,1.865846258646086
666,서초구,203546.504847672,541026.785637752,2,1,1.0,1,2,0,1539.1731089341697,0,0,0,2,6419.999999999999,5,0.6412267947834197
667,금천구,191413.26394763569,537713.3061041903,3,2,0.6666666666666666,1,2,0,1465.6800695074458,0,0,0,2,2270.2580645161293,3,3.627438734430418
669,중구,198162.4265194796,551937.0698830754,5,2,0.8,1,2,1,323.81500960445067,0,0,0,0,4096.58064516129,7,0.6636118213211795
670,종로구,199087.774837331,552301.8342804428,4,2,0.75,1,2,0,61.62562213493914,0,1,1,3,16429.580645161288,6,0.1692740892296385
671,종로구,199572.08783843325,552330.2074387628,4,2,0.25,1,2,0,452.6100759000536,0,0,0,4,7850.354838709677,7,0.2955399833253954
672,종로구,199253.7465025336,552560.4255973093,5,1,1.0,1,1,1,223.2807761769054,0,0,0,0,1274.0,2,0.7026392033257522
674,종로구,198780.7424557876,553032.7399348471,5,2,0.8,1,2,0,583.1626624679268,0,0,0,5,4045.1935483870966,5,2.512615464885085
675,종로구,198493.84217776835,552889.6581392507,6,2,0.5,1,2,0,595.0050954741031,0,0,0,2,12748.16129032258,3,2.98570675322346
676,종로구,198207.001836346,552926.3080833376,3,2,0.3333333333333333,1,2,0,664.7215840013977,0,0,0,2,3698.9032258064517,6,1.4516465681405797
677,종로구,197956.48092553724,552839.7708965623,4,2,0.75,1,2,0,581.1995671247702,0,0,0,0,9238.387096774193,8,0.8305298739291919
678,종로구,197730.1702137405,552916.7476391594,2,2,0.5,1,2,0,696.8729578163349,0,0,0,0,0.0,8,5.697094056576043
679,종로구,197573.62130568767,552942.7915817954,3,1,1.0,1,2,0,785.3674106149488,0,0,0,4,19233.354838709678,10,1.5660753600652908
681,종로구,197383.4735150388,553810.1338773458,4,1,1.0,1,2,0,1654.9203629717572,0,0,0,2,4585.387096774193,6,1.4405512097284638
682,종로구,198501.372970394,552498.4390013677,5,1,1.0,1,2,1,213.73028402448023,0,0,0,5,6540.032258064516,4,1.665855185655533
683,마포구,191802.0261436445,551607.915219008,2,2,0.5,1,2,0,831.1012052694144,0,0,0,3,2081.5806451612902,1,0.7578420306366359
684,종로구,198274.33876196836,553514.9671813847,3,2,0.6666666666666666,0,2,0,1225.7673398506354,0,0,0,2,1065.1612903225805,2,0.6111224430686946
687,은평구,192927.93271547748,557952.14424018,2,2,0.5,1,2,0,50.280367288431705,0,1,1,1,1230.6451612903227,5,6.157253687970036
688,종로구,197606.076891342,554090.6299342904,2,1,1.0,0,2,0,1865.7694089156123,0,0,0,0,788.6451612903226,6,19.21371416381769
689,은평구,194229.5237340725,561196.0368050756,2,2,0.5,1,2,0,3218.013641825517,0,0,0,1,718.0,3,20.541968751930064
691,은평구,193197.8083815595,557795.1160357641,2,2,0.5,1,1,0,176.7600819150172,0,0,1,2,20044.903225806454,5,0.5758512035422095
692,은평구,192954.0063897184,557652.7940796559,3,2,0.3333333333333333,1,2,0,68.954725427184,0,1,1,5,24617.161290322583,6,0.8986003561416449
693,은평구,192833.965621506,557430.1613451097,3,2,0.3333333333333333,1,2,0,307.8142526382102,0,0,0,1,12832.548387096775,3,0.5134023333432877
694,은평구,192633.05785839495,555568.5096837999,2,2,0.5,1,2,0,150.92970844625177,0,0,1,0,13064.032258064517,7,1.8548901435296197
695,은평구,193358.510755906,556478.938455074,1,0,1.0,1,2,0,251.72761284436416,0,0,0,1,2565.6129032258063,3,0.630225410023737
696,서초구,203423.60507416888,542074.0379312205,8,2,0.75,1,2,0,500.31265000365465,0,0,0,3,8252.129032258064,3,0.7315464943984177
697,은평구,192448.08978404765,556249.7554639637,3,2,0.3333333333333333,1,2,0,352.4030985941713,0,0,0,2,3449.3225806451615,6,0.901372191255323
698,은평구,192864.717305394,556380.159138825,1,1,1.0,0,2,0,66.40183442392728,0,1,1,0,521.741935483871,4,3.902800703325037
700,은평구,193934.358226587,559170.833423065,2,2,0.5,1,2,0,1386.9231795069368,0,0,0,2,3273.225806451613,4,7.149670521900002
701,은평구,193789.03268521035,559226.1759391619,3,2,0.6666666666666666,1,2,0,1318.3886234409724,0,0,0,0,4213.322580645161,7,2.6023305618913164
707,은평구,193409.162180676,556004.7384974706,3,2,0.3333333333333333,1,2,0,504.2229891973943,0,0,0,1,1802.9032258064517,7,6.8425807044280695
708,마포구,192658.633595755,551974.3374623152,6,2,0.6666666666666666,1,2,0,540.7138868056584,0,0,0,1,8585.354838709676,9,2.960594732333751e-15
710,종로구,197747.2269683724,552728.0398471412,5,1,1.0,1,2,1,515.0899168913987,0,0,0,0,0.0,11,1.0117467939853952
711,종로구,197533.87608360453,552747.0015924035,2,2,0.5,1,1,0,647.6409964593508,0,0,0,0,3879.064516129032,8,1.12448608192467
712,은평구,192080.54975674467,555380.9560637106,3,0,1.0,1,2,0,211.970631970871,0,0,0,5,4538.5161290322585,6,6.858778971960054
713,은평구,192651.84126602867,554302.24353822,3,1,1.0,1,2,0,55.411714819324615,0,1,1,2,6254.774193548387,7,0.964208849029647
714,서대문구,194337.7848846483,554300.0367455604,3,0,1.0,1,2,0,556.3636553493117,0,0,0,6,4392.677419354839,5,7.285246405824489
716,종로구,198492.536262592,552709.829157096,1,0,1.0,1,2,0,416.6594068292146,0,0,0,2,7176.1612903225805,3,4.895305817539033
717,종로구,198915.864891654,552677.2803758851,2,2,0.5,0,2,0,203.0547383754537,0,0,0,2,677.6129032258065,4,0.961519619171482
718,종로구,198914.203420655,552570.947613177,6,2,0.8333333333333334,0,2,1,107.99375801061464,0,0,1,0,1009.9677419354839,5,0.8735064442041995
719,종로구,198845.502760959,552838.8671208195,2,2,0.5,1,2,0,378.8455694851655,0,0,0,2,1306.5806451612905,5,0.5394324581715477
720,종로구,198237.3388774785,553386.371338862,2,2,0.5,1,2,0,1103.9755130640117,0,0,0,4,1542.0,3,0.6663080841954994
721,종로구,197927.14416059,553805.125516523,1,0,1.0,1,2,0,1546.8796374999313,0,0,0,0,0.0,1,1.6408112767878555
722,은평구,191996.64272152135,555194.8028746608,5,2,0.8,1,2,0,376.3894950120805,0,0,0,5,4384.0,3,7.440413003891967
723,은평구,191737.53267897211,554741.4008346635,7,2,0.7142857142857143,1,2,1,884.9453969081322,0,0,0,5,3919.8387096774195,4,9.61581654286069
724,종로구,197951.534279399,552170.00431741,1,2,0.0,0,2,0,88.90238515758577,0,1,1,7,23043.322580645163,10,2.8151906791456462
725,은평구,192320.1924084245,554353.3479502677,4,0,1.0,1,2,0,352.7657086111776,0,0,0,3,1980.483870967742,3,7.459555077508853
726,종로구,196163.225238437,556543.430653064,1,0,1.0,1,2,0,1979.4606012321608,0,0,0,3,1587.322580645161,2,7.597004175455618
727,은평구,192968.8182648325,555343.7315503175,2,2,0.5,1,2,0,488.2733077021597,0,0,0,2,3404.548387096774,7,2.55117438657372
728,은평구,192764.6790793486,554926.8124106898,5,1,1.0,1,2,1,76.8754519701586,0,1,1,5,3705.645161290323,6,2.6924171290655696
730,종로구,197471.85108903423,553327.3322338727,4,0,1.0,1,2,0,1174.6161169699049,0,0,0,4,4946.548387096775,6,1.3143089362255722
731,종로구,197428.0176910037,553549.1623192485,4,2,0.5,1,2,0,1395.6142539387622,0,0,0,0,5836.903225806452,6,1.6344766807583493
732,종로구,197369.05363560744,553950.2316196074,5,2,0.6,1,2,0,1791.6302449915909,0,0,0,1,1229.516129032258,7,1.5606011808226583
733,종로구,197233.519148359,554370.881582571,1,2,0.0,0,1,0,1980.987736159297,0,0,0,0,578.1290322580645,2,5.411983290890643
734,종로구,197556.586638625,554293.5273430729,2,2,0.5,0,2,0,2074.39135778744,0,0,0,2,440.741935483871,3,15.805140696122589
735,종로구,196977.173274588,554780.5088666236,3,1,1.0,0,1,0,1684.930369746808,0,0,0,1,2637.6774193548385,4,16.666666666666664
736,종로구,197681.79037162077,553327.8331931575,4,2,0.75,1,2,0,1104.6496673391705,0,0,0,1,423.741935483871,4,1.2122410392542091
738,은평구,192666.25988851432,554382.4335720347,3,2,0.3333333333333333,1,2,0,129.07011562171613,0,0,1,2,8321.935483870966,8,0.7608929079419132
739,서대문구,192236.8745303398,553484.8600587896,5,2,0.8,1,2,0,466.61683689689846,0,0,0,3,4680.5161290322585,7,1.521942187675318
740,서대문구,193426.74273818475,553710.6159126295,4,2,0.25,1,2,0,888.667643912987,0,0,0,3,5151.161290322581,2,4.30678011501976
741,서대문구,193970.306561932,552177.0314122571,2,0,1.0,1,1,0,780.0286602776532,0,0,0,2,9375.0,6,2.9736542136064337
742,서대문구,194305.15103123803,552601.8945316881,3,2,0.6666666666666666,1,2,0,1247.3276415675707,0,0,0,2,3449.1290322580644,3,6.747194934813733
743,서대문구,194299.9719449737,552988.555029691,3,2,0.6666666666666666,1,2,0,1520.575732338358,0,0,0,0,4080.2580645161293,2,7.704316058356042
744,서대문구,193526.323161232,552842.31377463,3,1,1.0,0,2,0,1391.3605299876342,0,0,0,3,2769.258064516129,6,6.296525952228192
746,은평구,190604.91175420667,553742.6912921676,3,0,1.0,1,2,0,1057.0998112522163,0,0,0,2,5004.032258064516,11,4.119768609864449
747,은평구,191246.128277153,553259.8754217618,4,2,0.75,1,2,0,413.61649084911807,0,0,0,4,10932.58064516129,3,0.6929247064729763
748,마포구,191296.06061181275,551768.4877334178,4,1,1.0,1,2,0,1089.661249006386,0,0,0,3,4526.806451612903,4,0.6544451625393322
750,서대문구,191923.2350781677,552542.847747098,3,1,1.0,1,2,0,389.16818205124105,0,0,0,0,3609.0322580645166,5,8.264353722152649
751,마포구,195476.57526191237,549487.7248521023,3,0,1.0,1,2,0,254.68089199258523,0,0,0,2,5766.903225806452,9,4.097484867882819
752,마포구,195252.6354106776,549612.4395121902,5,2,0.6,1,2,0,83.14607629299975,0,1,1,3,3855.4516129032254,6,4.914075775744461
753,서대문구,193871.459158892,551515.2403924325,2,2,0.5,0,2,0,161.94939717151522,0,0,1,3,7969.387096774193,4,10.90344736982346
754,마포구,196308.33177301916,549766.9024094506,8,2,0.375,1,2,0,600.5734788983928,0,0,0,3,4516.935483870967,2,14.84553314053496
755,중구,197256.772321908,550856.673289465,2,0,1.0,1,2,0,309.74360135033504,0,0,0,0,6294.967741935484,4,2.467906156385696
756,서대문구,194782.766274028,551191.327025357,1,2,0.0,0,2,0,452.9244895682532,0,0,0,0,3819.2580645161293,7,3.0255284255558244
757,서대문구,194732.23381147868,551068.2904451196,3,2,0.6666666666666666,1,2,0,398.3125537135641,0,0,0,0,9531.193548387097,7,6.699032745420504
758,서대문구,193901.52922011865,551930.7811911443,3,2,0.3333333333333333,1,2,0,539.7536251974906,0,0,0,3,15826.354838709678,6,2.228203340363244
759,서대문구,193583.58082233105,551400.130989801,4,0,1.0,1,2,0,398.65538486124575,0,0,0,2,14232.0,2,5.104487926881932
760,마포구,191448.15073143537,552302.7977954693,3,2,0.6666666666666666,1,2,0,790.6917394375845,0,0,0,3,3391.322580645161,3,0.4075800080408095
761,마포구,191870.095838668,552068.1035197417,3,2,0.3333333333333333,1,2,0,443.7051422142059,0,0,0,3,3579.741935483871,2,4.286958531206212
763,마포구,193927.29925835237,549781.0693565811,3,1,1.0,1,2,0,885.1329712974282,0,0,0,4,5281.1935483870975,9,0.7252826373361643
764,종로구,196297.46663828,555602.3340241477,4,1,1.0,0,2,0,1307.6846155789867,0,0,0,5,2813.870967741936,3,3.88358142147324
765,은평구,193976.95960527263,555737.9071726176,3,2,0.6666666666666666,1,2,0,926.9631809323428,0,0,0,1,12965.225806451612,3,2.8694154042879205
766,은평구,191628.9699183785,554584.345699533,2,1,1.0,0,2,0,1075.5650997713692,0,0,0,2,2949.838709677419,3,7.513597171645045
767,서초구,200003.11992692848,542046.348509006,4,2,0.75,1,2,0,1539.776807858111,0,0,0,4,1857.7096774193549,5,5.32268443184756
768,종로구,196717.03379615067,552249.3490173974,3,0,1.0,1,2,0,515.2038999207832,0,0,0,5,13149.38709677419,5,1.6620050423323818
769,은평구,193056.926444871,560613.7515170358,4,0,1.0,1,2,0,2343.140045569839,0,0,0,0,874.0322580645161,4,3.263487238354816
771,은평구,193730.233143756,558504.781655177,2,2,0.5,1,2,0,886.59206060206,0,0,0,3,4521.064516129033,5,12.695227991675845
772,은평구,192658.841215394,558069.309129597,1,0,1.0,1,2,0,187.02004213698189,0,0,1,0,2091.1290322580644,6,7.073459941744803
774,은평구,192438.0441920335,557434.0707468204,2,2,0.5,1,2,0,425.9205487521764,0,0,0,3,2519.967741935484,3,2.7351556338205305
775,은평구,192308.9877337,557276.831352354,2,2,0.5,1,2,0,307.3857710747061,0,0,0,0,3700.2580645161293,5,4.076436629293015
776,은평구,191846.96716424567,557408.140199298,3,2,0.3333333333333333,1,2,0,730.0947819590223,0,0,0,3,1663.5483870967744,4,3.0898917140378046
779,은평구,192155.589355164,556762.249596473,1,0,1.0,1,2,0,389.0087477325253,0,0,0,0,3570.064516129032,3,6.418554242311495
780,은평구,192143.6342403015,556623.3751941295,2,2,0.5,1,2,0,366.7535728518505,0,0,0,2,2547.41935483871,3,2.9819549560011063
781,은평구,194081.804221215,557368.5077900793,3,2,0.3333333333333333,1,1,0,579.9815007238151,0,0,0,2,1388.2258064516127,4,3.603485981667649
782,은평구,194179.43323804505,556246.9494701772,7,2,0.7142857142857143,1,2,0,584.4636194844378,0,0,0,2,3859.935483870968,5,5.405508011274236
783,은평구,194247.99130221352,556031.4737399977,4,2,0.25,1,2,0,787.250825303655,0,0,0,0,3447.741935483871,6,8.9926649239136
784,서대문구,194244.223371198,554112.3342588709,2,2,0.5,1,2,0,744.8713711813964,0,0,0,5,3655.225806451613,2,16.669192177218086
786,은평구,193762.8231670022,555761.6879621597,5,2,0.6,1,2,0,873.1661912970517,0,0,0,2,7222.806451612903,6,3.181483265660093
787,은평구,193385.63626246605,555716.989430473,2,2,0.5,1,2,0,748.0128586082578,0,0,0,1,10088.806451612903,8,3.2303126289304687
788,은평구,193023.176969662,555629.788335827,4,2,0.25,1,2,0,537.9348667992501,0,0,0,1,1212.1290322580644,8,1.2931263575689715
789,은평구,192238.4741832,555417.5873441955,5,2,0.8,1,2,0,50.342073910660034,0,1,1,1,4092.354838709678,5,2.3284525885615004
790,은평구,192104.14343309496,555092.508546611,3,2,0.3333333333333333,1,2,0,388.774232218528,0,0,0,3,3406.0645161290327,4,8.61875608140742
791,은평구,192330.08274107263,554866.586979776,3,2,0.3333333333333333,1,2,0,361.87480028967497,0,0,0,3,7625.612903225807,4,9.220822676480438
792,은평구,192482.179999611,555147.619305843,1,0,1.0,1,2,0,310.27824462401014,0,0,0,2,1944.0,2,2.805437543555233
793,은평구,192586.85504916837,554609.440060622,3,2,0.3333333333333333,0,2,0,151.19120364589517,0,0,1,3,6422.74193548387,7,0.1770550120901148
794,은평구,192719.725757301,554702.8989643925,2,2,0.5,0,2,0,171.17367472314857,0,0,1,2,7452.0,5,1.0531136649076995
795,은평구,192785.8097372,555028.2256816534,3,2,0.6666666666666666,1,2,0,148.53144798507637,0,0,1,3,4763.516129032258,6,2.796052548770612
796,은평구,192846.726311302,555168.348140498,1,2,0.0,0,1,0,297.8579797386142,0,0,0,3,1314.2258064516127,7,1.743014999336753
797,은평구,193034.126636515,555462.5168342632,4,2,0.25,1,2,0,531.5300827798898,0,0,0,1,3661.451612903226,6,2.7631459510116585
798,마포구,193832.72899636655,550574.5239791106,5,2,0.6,0,2,0,518.8598836137675,0,0,0,6,2432.3225806451615,5,8.075825176020436
799,마포구,194183.328202629,550727.2566279013,3,2,0.6666666666666666,1,2,0,169.85331794958782,0,0,1,5,23947.645161290322,7,2.483418666591145
800,서대문구,194720.00334324423,550740.1784029992,4,2,0.5,1,2,0,335.93508387765246,0,0,0,5,10094.032258064517,3,3.465166301536004
801,마포구,195441.7246697475,550814.5741201451,2,2,0.5,1,2,0,396.11597170957873,0,0,0,0,4821.870967741936,6,8.333333333333332
802,마포구,194268.744281353,550499.789469528,3,2,0.3333333333333333,0,2,0,184.71766455466425,0,0,1,4,23166.61290322581,6,7.412514171303671
803,마포구,194070.128534509,550259.5048420075,2,2,0.0,0,1,0,492.08382405274506,0,0,0,4,3183.709677419355,7,16.387154903710673
804,마포구,195855.9350074734,549690.0935026333,5,2,0.8,1,2,0,649.0026848073035,0,0,0,3,4003.645161290323,6,1.9581466389069035
805,마포구,196039.114952059,550114.9382712106,6,2,0.8333333333333334,1,2,0,660.6346366901441,0,0,0,3,4921.580645161291,3,3.0099030062665952
806,마포구,195978.86882893063,549948.806365013,3,2,0.6666666666666666,1,2,0,764.5956456836551,0,0,0,2,2895.258064516129,3,4.352244812618243
807,마포구,195479.7044301225,549252.6985814853,4,2,0.5,1,2,0,161.0689469709835,0,0,1,0,3780.16129032258,7,0.9784903958522732
808,마포구,195999.7184403797,549449.0462864967,3,0,1.0,1,2,0,559.5007208264778,0,0,0,2,5674.032258064516,7,8.257098338727383
809,마포구,196509.269383983,550033.4167821767,3,2,0.3333333333333333,1,2,0,267.4442919467494,0,0,0,1,249.2258064516129,2,17.109302500125487
810,중구,196828.418946994,550377.405596351,1,0,1.0,1,2,0,173.76863847505786,0,0,1,0,5329.903225806453,3,18.617450490777507
811,용산구,196735.3292811615,550268.5726961854,2,2,0.5,0,2,0,52.53108695264245,0,1,1,5,6682.483870967742,2,10.248322923777591
812,중구,197684.7561603805,551156.4636596262,4,2,0.25,1,2,0,143.98934653566735,0,0,1,1,9427.354838709678,7,5.328742881578823
813,종로구,196790.593740454,555067.108856753,1,0,1.0,1,2,0,1528.2723914020496,0,0,0,3,1903.774193548387,2,4.818379093018474
814,종로구,196690.208078128,555368.455570025,1,0,1.0,1,2,0,1522.2524501863077,0,0,0,3,1885.6774193548388,1,1.4775287352996476
816,서대문구,195728.722457568,555102.583017096,2,2,0.5,1,2,0,551.2192151114583,0,0,0,1,1523.4516129032259,2,25.0
817,서대문구,195268.5759525492,555333.3419217567,5,1,1.0,1,2,1,567.9800120795475,0,0,0,3,2296.3548387096776,6,12.547823413414298
818,서대문구,195119.4077486046,554694.4854743273,5,2,0.6,1,2,1,74.99578041695126,0,1,1,2,5885.645161290322,8,7.217415277566322
819,서대문구,195366.6641071241,554817.908759355,8,2,0.375,1,2,0,90.76526616160906,0,1,1,3,3831.1935483870966,7,9.751290832173396
820,서대문구,194152.368471126,553397.6097635879,3,2,0.6666666666666666,1,2,0,1304.5460775976408,0,0,0,5,1874.8709677419354,7,4.316140859925946
821,서대문구,194471.4572430455,553694.0353383287,4,2,0.25,1,2,0,869.1745310470003,0,0,0,1,6099.1612903225805,4,2.865162549245841
822,서대문구,194819.32606340168,553823.7635209024,3,2,0.3333333333333333,1,1,0,537.5671034528468,0,0,0,1,1244.9032258064515,4,25.30833726211867
823,서대문구,193744.728486128,552513.418650674,1,1,1.0,0,2,0,1141.3087144719598,0,0,0,2,1482.3548387096773,2,6.887449838270535
824,마포구,193433.8319617252,551556.8473723406,5,1,1.0,1,2,1,571.187997917835,0,0,0,2,6861.064516129032,3,1.1719022869895894
825,마포구,192981.866199018,550724.1310373675,4,1,1.0,1,2,0,327.1394606365084,0,0,0,7,5040.709677419355,10,0.8188060426541456
826,마포구,192823.74154575475,550894.5350792058,4,0,1.0,1,2,0,464.1715836164668,0,0,0,3,3730.4838709677424,5,0.3229245177894461
827,중구,199097.03396542024,551855.2032532465,4,1,1.0,1,2,0,376.041021170235,0,0,0,2,5730.870967741936,7,1.8300762103423556
828,서대문구,191754.98333788136,553376.5505532533,3,2,0.6666666666666666,1,2,0,124.99390774073127,0,0,1,1,2528.8387096774195,7,5.649710117451807
829,은평구,193173.5908364682,554383.7312187783,5,1,1.0,1,2,1,439.1361913140628,0,0,0,4,2680.3548387096776,9,12.865246621213764
830,은평구,193185.88865273,554576.866962386,1,0,1.0,1,2,0,437.0098764647731,0,0,0,2,2707.516129032258,6,9.263920047477765
831,은평구,193198.1157222065,554970.194747156,4,2,0.75,1,2,0,512.4198528012589,0,0,0,0,3380.516129032258,6,15.508310427167658
832,은평구,193309.430015415,555289.792933736,2,2,0.5,1,2,0,724.7226573224733,0,0,0,2,1999.9032258064517,4,19.496265042346604
833,은평구,193525.590711584,555572.354033568,2,2,0.5,1,2,0,936.7335648352732,0,0,0,3,6165.677419354838,5,7.718647727265621
834,서대문구,192425.012586075,553813.0274659856,3,2,0.3333333333333333,1,2,0,88.34670733477293,0,1,1,0,3221.9032258064517,6,5.578151504870879
835,서대문구,192160.99272401867,553001.7678613787,3,1,1.0,1,2,0,664.2674453871913,0,0,0,2,3406.612903225807,9,4.4934292973043215
836,서대문구,192460.77102732752,552848.865300749,2,2,0.5,1,2,0,578.1699049863666,0,0,0,0,5671.709677419355,7,11.06207989828837
838,은평구,191868.250416051,553650.5137927146,2,2,0.5,1,2,0,289.70412944388005,0,0,0,0,2041.9354838709676,6,6.666575998164535
839,은평구,192016.086733891,554520.120603944,1,0,1.0,1,2,0,696.2602533142327,0,0,0,4,513.6774193548387,2,7.261333247476347
840,은평구,191650.37828196425,553647.0757929038,4,2,0.5,1,2,0,162.94654276494254,0,0,1,0,980.0645161290323,6,2.0298260553488103
841,은평구,192346.7295459385,554536.9261143365,2,2,0.5,1,2,0,369.8680207990788,0,0,0,5,8310.967741935485,5,5.32086380087137
842,은평구,191330.6880735026,553184.8656531035,5,2,0.6,1,2,0,374.4142527458326,0,0,0,2,10932.58064516129,5,0.9049683132344496
843,은평구,190945.411339377,553482.0989908129,2,2,0.5,1,2,0,684.8138806337532,0,0,0,1,455.58064516129036,4,0.4033668194898017
844,은평구,190431.791320328,553825.523639807,2,2,0.5,0,2,0,1245.761525066336,0,0,0,1,3559.4193548387093,11,7.401198909496852
845,은평구,190966.334960147,553842.9825873323,4,0,1.0,1,2,0,754.0679822291733,0,0,0,1,2178.032258064516,5,3.994223155624065
846,은평구,191731.607659877,554559.579135679,1,0,1.0,1,2,0,976.3274970667442,0,0,0,2,3035.548387096774,4,16.178147910563787
847,서대문구,194408.352729282,554382.2216830883,3,2,0.6666666666666666,1,2,0,453.3700900867697,0,0,0,3,5485.903225806452,4,12.748953853266004
848,서대문구,193186.15927691967,552644.2404899216,3,0,1.0,1,2,0,1002.9813220616188,0,0,0,1,1600.3870967741937,6,2.350789067825344
849,은평구,193572.14448892124,555983.4753418064,4,2,0.5,1,2,0,628.0924919350076,0,0,0,2,1718.9354838709678,5,4.642125703350075
850,서대문구,192428.460324484,553571.2145540493,5,2,0.4,1,2,0,321.2709480699684,0,0,0,3,4634.193548387096,8,9.026664879835144
851,서대문구,192594.1881766145,553398.737466302,2,2,0.5,0,2,0,507.1101987261976,0,0,0,3,2725.3870967741937,5,10.67788967948546
852,서대문구,192683.005156066,553301.198358029,1,2,0.0,0,1,0,626.6927470197146,0,0,0,2,2158.870967741935,5,7.867478739928539
853,은평구,193704.277276615,556181.600805973,1,0,1.0,1,1,0,454.5763683592147,0,0,0,1,325.0,2,6.185519895055591
854,서대문구,196153.047868997,555248.922976212,2,2,0.5,1,2,0,987.0295963161352,0,0,0,3,768.5483870967741,0,17.76549277707874
855,은평구,192929.45347364325,554263.9609892155,4,2,0.25,1,2,0,225.1623449344667,0,0,0,1,5089.387096774194,9,2.102071665956018
856,중구,198320.655825214,550586.515229178,1,0,1.0,1,2,0,689.7975138733409,0,0,0,0,359.8709677419355,7,31.53709302712552
857,중구,197884.57446334037,550991.1918927684,3,2,0.3333333333333333,1,2,0,282.6440265418244,0,0,0,2,8785.548387096775,12,2.0112445685108447
858,중구,197728.3167547205,550799.8845358425,2,2,0.5,1,2,0,227.5995648298578,0,0,0,0,20898.451612903227,11,3.1260747439842618
859,용산구,197933.3513634718,550620.162802849,5,2,0.4,1,2,0,303.5638578533518,0,0,0,1,1580.9032258064517,12,9.189723864627032
860,서대문구,195384.480929891,555263.55284669,1,0,1.0,1,2,0,506.15847066054806,0,0,0,3,5874.290322580646,8,1.999694911277755
861,서대문구,195438.6207855285,554996.8409923698,4,2,0.75,1,2,0,273.4246572756191,0,0,0,5,4605.903225806453,9,11.727212693687504
862,서대문구,196782.4889966,551296.4624892063,3,2,0.6666666666666666,1,2,0,189.45885480873525,0,0,1,3,13012.806451612903,7,1.8607850047580967
863,종로구,197095.756238109,556237.7069052566,3,2,0.3333333333333333,1,2,0,2327.8252018569347,0,0,0,2,2999.2903225806454,2,2.288813538288608
864,서대문구,195084.5366000596,553936.725690236,5,1,1.0,1,2,1,325.371055752434,0,0,0,3,856.516129032258,6,27.63450719175772
865,종로구,197519.9568130795,556422.6477050531,6,2,0.1666666666666666,0,2,0,2776.216493251912,0,0,0,0,1927.8064516129034,2,7.298799274150411
866,종로구,197705.2765163838,556633.2903807044,5,2,0.2,1,2,0,3051.1846857605246,0,0,0,0,1155.9032258064517,4,4.662493549196564
867,종로구,197869.75015205,556726.7347726959,2,2,0.5,1,2,0,3023.6452572926232,0,0,0,2,1696.2903225806451,5,13.382197478222436
868,종로구,196524.550474185,556254.2940860526,2,2,0.5,1,2,0,1932.321745838943,0,0,0,0,2630.548387096774,2,3.858373182617546
869,서대문구,196399.212676731,552423.335396573,1,0,1.0,1,1,0,857.151489953695,0,0,0,5,6756.645161290323,5,12.489016146269224
870,종로구,196075.68404653133,553019.7005626181,3,2,0.3333333333333333,1,2,0,1516.9104142910874,0,0,0,2,3481.322580645161,1,9.384210576342095
871,종로구,196862.42590525863,554799.8955498034,3,2,0.3333333333333333,1,2,0,1570.488199672095,0,0,0,3,1512.5806451612905,5,13.906602020382858
872,서대문구,194427.702312065,550863.950935241,1,0,1.0,1,2,0,212.5345364874261,0,0,0,2,7628.774193548387,6,0.7140591382666805
873,서대문구,197213.515027693,551569.495948016,1,1,1.0,0,2,0,310.0885331813407,0,0,0,3,12791.129032258064,7,0.7401559449010264
874,마포구,194676.473961944,549543.8914033113,3,0,1.0,1,2,0,549.6910212043559,0,0,0,0,341.64516129032256,8,0.6114249526960572
876,마포구,190693.203219649,552901.927016337,1,0,1.0,1,2,0,1066.4113535083254,0,0,0,1,5240.1612903225805,5,9.924700225522749
878,마포구,189474.388072047,553109.850085213,3,1,1.0,1,2,0,2179.07233241951,0,0,0,2,1980.0,1,4.8913324777190095
879,은평구,189800.04739779103,554436.998500327,3,1,1.0,1,2,0,2062.7887401594558,0,0,0,2,3182.9032258064512,3,8.459962101171369
880,마포구,195386.73217769223,549318.5235901695,4,2,0.75,1,2,0,254.11063843787943,0,0,0,1,2355.4516129032254,7,1.456998397011707
881,마포구,193041.448267896,550142.7266708761,5,2,0.2,1,2,0,33.70177274142684,1,1,1,3,1534.1290322580646,5,3.4306803608549665
882,마포구,195036.539244808,549733.9826748434,2,2,0.5,1,2,0,275.77939851584745,0,0,0,3,6123.870967741935,7,2.3238548422958725
883,마포구,193199.4510335655,550137.3974306469,4,1,1.0,1,2,1,97.52047051926644,0,1,1,0,3018.645161290323,5,3.4509533550263307
884,마포구,193390.931514526,549806.9670854586,2,2,0.5,1,2,0,416.45589933300334,0,0,0,5,649.741935483871,6,3.8281619153418647
885,마포구,193035.0771374472,551521.7924497456,5,1,1.0,1,2,1,720.4939026752079,0,0,0,4,1763.8709677419356,3,1.226395957909284
886,마포구,192895.34540298,551730.0712362621,2,2,0.5,0,2,0,879.3692924561652,0,0,0,3,1326.967741935484,5,0.8888264560271993
887,마포구,193198.449999,550932.9953073161,2,2,0.5,1,1,0,122.86379854576695,0,0,1,2,39962.48387096774,6,0.6742564304290344
888,마포구,193267.02405655864,551170.9131720933,3,1,1.0,0,2,0,325.25501696937323,0,0,0,0,43.12903225806452,4,1.2264840066519038
889,마포구,192480.43683288727,549907.5120857573,3,2,0.3333333333333333,1,2,0,584.9880626164413,0,0,0,2,16849.67741935484,5,0.8794815069100832
890,마포구,192616.61663740152,549865.5009809025,2,2,0.5,1,2,0,479.93704683062913,0,0,0,2,3022.677419354838,4,1.7455855552168102
891,마포구,192407.276932096,550841.400316759,1,0,1.0,1,2,0,878.1233021749201,0,0,0,2,1373.2903225806451,7,0.1263569246422236
892,마포구,192424.98774188603,551450.7226049247,3,2,0.3333333333333333,1,2,0,884.1395431273883,0,0,0,2,3730.4193548387098,1,14.22244069366858
893,마포구,192758.637551124,550648.31457654,1,1,1.0,0,2,0,562.6853055649545,0,0,0,0,1709.258064516129,9,0.5876241106560828
894,마포구,192556.1900606024,550606.0812474638,5,1,1.0,1,2,1,683.9891371774368,0,0,0,6,2317.516129032258,5,0.9937950500039872
895,마포구,191600.79968105417,550291.0548388761,6,2,0.6666666666666666,1,2,0,1439.1367711618905,0,0,0,3,2304.8387096774195,5,0.5513444515222273
896,마포구,191743.22495034855,550346.2299063045,5,1,1.0,1,2,1,1306.7201472670536,0,0,0,3,3044.967741935484,5,0.3889050179669103
897,마포구,194189.6124704248,549510.2531922142,5,1,1.0,1,2,1,1036.7212116299456,0,0,0,0,1716.5483870967741,6,2.168876974966428
898,마포구,193990.934933815,549983.1099288197,3,2,0.3333333333333333,1,2,0,770.9409451338479,0,0,0,4,7023.806451612903,9,0.2534788518845528
899,마포구,193865.51736359615,549566.7827887522,5,0,1.0,1,2,0,934.2587521469828,0,0,0,1,912.2903225806452,10,7.867918554121064
900,마포구,191554.5816020725,552004.2742483536,2,2,0.5,1,2,0,751.4314224669274,0,0,0,0,0.0,2,2.589197568512554
901,마포구,190491.7691865495,553074.4322062692,4,1,1.0,1,2,0,1188.5499439363236,0,0,0,0,9963.064516129032,8,1.784194681901908
902,마포구,192278.605040288,551047.640309079,4,2,0.75,1,2,0,1026.7413947389073,0,0,0,3,1482.774193548387,5,7.500856214315549
903,마포구,191207.72915341263,552532.9687777833,3,0,1.0,1,2,0,970.6153143446908,0,0,0,0,2542.9999999999995,4,1.84669243414285
904,마포구,195107.352495242,549501.47828783,2,2,0.5,1,2,0,122.99949658008704,0,0,1,2,2283.1290322580644,7,4.279571556853528
905,마포구,194946.5381488635,549603.4396019054,2,2,0.5,1,2,0,288.11142163029376,0,0,0,2,3981.2258064516127,8,4.325900893561467
906,마포구,192953.04412194,549813.6948772446,9,2,0.3333333333333333,1,2,0,307.2937444638664,0,0,0,2,1533.8064516129032,5,1.1834501992940922
907,마포구,192788.90224599675,549826.2614502155,4,1,1.0,1,2,0,372.66527361485873,0,0,0,3,1418.483870967742,5,1.3650238457187431
908,마포구,191407.0484708362,551163.536308381,5,1,1.0,1,2,1,1420.4395993416372,0,0,0,2,975.9032258064516,4,2.0436512188779217
909,마포구,191557.5492465466,550863.3465375886,5,1,1.0,1,2,1,1603.5585604464886,0,0,0,4,3812.0967741935483,4,0.6709789440401643
910,마포구,190791.712088761,552852.1453240244,3,2,0.3333333333333333,0,2,0,1007.1289938347225,0,0,0,2,1965.6451612903227,4,6.950501526123354
911,마포구,191538.37319736351,552420.5249795318,4,2,0.75,1,2,0,708.2761899800104,0,0,0,0,3391.322580645161,4,0.4868713206281032
912,양천구,187971.96900320557,547816.8560449372,11,2,0.5454545454545454,1,2,0,347.2939929751744,0,0,0,0,5491.483870967742,3,1.8070185332138928
914,마포구,195224.175159444,550424.112456074,1,0,1.0,1,2,0,436.56922771798594,0,0,0,3,1959.225806451613,7,11.712460172702729
915,마포구,196101.245811748,549144.6268895655,2,2,0.5,1,2,0,529.5190262755451,0,0,0,1,1757.5483870967741,9,8.333333333333332
916,마포구,193667.068028766,550459.202294009,1,1,1.0,0,2,0,543.5343597398248,0,0,0,0,2883.064516129032,4,10.2974367676572
917,마포구,195040.1733929776,550062.5038225068,5,2,0.6,1,2,0,560.5729425244019,0,0,0,2,2570.967741935484,4,2.608590256828668
918,마포구,194436.17897431165,549759.5917630687,3,2,0.3333333333333333,1,2,0,821.5693141089993,0,0,0,2,513.3225806451612,5,0.4644421118099373
919,마포구,195022.7904378521,549251.638986097,7,2,0.7142857142857143,1,2,1,347.639984488492,0,0,0,0,0.0,9,2.451363605603021
921,마포구,194873.12046117077,549065.8692221472,7,2,0.7142857142857143,1,2,1,440.93148351031306,0,0,0,1,930.1290322580645,10,1.6648628493640003
922,마포구,194778.53542198063,549159.4098772049,3,2,0.3333333333333333,0,2,0,565.8666397873642,0,0,0,3,930.1290322580645,6,5.43049452903911
923,마포구,190782.790302608,551143.475744433,2,2,0.0,0,1,0,1868.780005418862,0,0,0,0,0.0,0,6.026096191621567
924,마포구,194087.06920974277,550059.0740211748,4,2,0.5,1,2,0,661.364854966555,0,0,0,4,2368.6129032258063,6,0.9218957914866442
925,마포구,192928.60776603,550505.7356318395,2,0,1.0,1,2,0,406.7121980259929,0,0,0,3,11342.677419354839,11,2.667663777940064
926,마포구,196125.5650578,549566.9925556785,2,2,0.5,1,2,0,731.8524864268913,0,0,0,2,1442.1290322580644,5,29.58469938349853
927,마포구,191202.835343741,550770.374052934,1,0,1.0,1,2,0,1859.854662441091,0,0,0,3,4477.451612903227,5,0.8428401780641199
928,마포구,191346.37492818967,550502.9757281436,3,2,0.3333333333333333,1,2,0,1727.2610518481267,0,0,0,4,1197.5806451612902,6,0.4537769428457317
929,마포구,194628.50319673764,549959.681861519,3,2,0.3333333333333333,1,2,0,733.8851075649877,0,0,0,2,4293.612903225807,6,4.388344888006912
930,마포구,190599.966771214,552019.3742160313,4,1,1.0,1,2,0,1665.2365272386055,0,0,0,1,1163.774193548387,1,3.162540777035699
932,마포구,192073.87019943865,550709.0589358943,3,2,0.3333333333333333,1,2,0,1126.37941144586,0,0,0,2,4665.387096774193,5,0.1030937903705808
935,종로구,197505.23401816867,553169.581807724,3,2,0.3333333333333333,1,2,0,1017.8373666042462,0,0,0,1,11083.58064516129,6,2.3373905988973576
954,중구,199747.7865609335,551644.4451410205,2,2,0.5,1,2,0,414.53236324473096,0,0,0,1,815.8709677419355,10,1.2892949467635555
955,중구,200380.58916908095,551903.9098455077,3,2,0.6666666666666666,1,2,0,298.96120724563536,0,0,0,1,3808.064516129032,5,0.4715079422531036
956,중구,198959.12749407772,551129.3787078785,4,2,0.75,1,2,0,890.777370443058,0,0,0,1,3569.8064516129034,4,7.200509492590873
957,중구,200218.7292337263,550390.4169053477,3,2,0.3333333333333333,1,2,0,721.2558117498814,0,0,0,0,0.0,5,7.433362068002131
958,중구,200400.94659158096,550781.2682480086,2,0,1.0,1,2,0,560.5457547838557,0,0,0,0,0.0,1,14.768073572626731
960,중구,200723.196545672,550947.785529697,3,2,0.3333333333333333,0,2,0,409.6242782871505,0,0,0,2,1623.5483870967741,2,11.869723546881932
961,중구,199135.88135598003,551183.966078519,3,2,0.0,0,1,0,956.3002747454856,0,0,0,1,6125.548387096775,4,5.9824493763826565
962,중구,200319.42469690065,550650.358856088,3,2,0.3333333333333333,0,2,0,612.3874553221999,0,0,0,0,0.0,3,13.706174224367112
963,중구,200568.3107770068,551399.8090408135,4,2,0.25,1,2,0,690.3259258930032,0,0,0,1,3383.387096774193,4,3.42802119298747
964,중구,200259.2475771475,551070.1907132366,2,2,0.5,1,2,0,822.0951481206572,0,0,0,1,104.70967741935483,3,4.390821314778203
966,마포구,190123.339959904,552622.779500201,3,0,1.0,1,2,0,1700.713197972446,0,0,0,3,1267.741935483871,3,4.501613667304267
968,마포구,189579.60625741823,553753.0743888849,8,2,0.5,1,2,0,2068.010025450815,0,0,0,1,377.80645161290323,4,2.2430098234135207
969,마포구,194395.035982001,549383.9643752215,5,2,0.4,1,2,0,844.4069840514396,0,0,0,3,1587.6129032258063,6,3.0907315348081266
970,중랑구,208249.4225768242,557424.2414231896,5,1,1.0,1,2,0,698.4975437273968,0,0,0,3,6584.387096774193,8,0.4744435180345914
971,노원구,209126.857037101,559346.336069662,2,2,0.5,1,2,0,2226.6789837653973,0,0,0,2,32.0,1,4.836173720316275
972,성북구,199526.22469143977,556805.9726712598,4,2,0.25,1,2,0,1398.2360509043,0,0,0,3,4076.1612903225805,1,13.257777809349848
973,마포구,189977.363002921,552748.257629639,3,1,1.0,0,2,0,1781.5590935092223,0,0,0,4,314.83870967741933,3,5.641200253151784
974,강남구,205192.11547746515,541833.9540725357,7,2,0.8571428571428571,1,2,0,1566.0027555497074,0,0,0,1,1389.225806451613,0,5.812666223866239
975,송파구,210510.46244005533,543679.3179343917,6,2,0.6666666666666666,1,2,0,113.57716475405893,0,0,1,1,2904.290322580645,4,2.615854839838748
977,강남구,203125.5510739626,546211.5875624924,5,2,0.8,1,2,0,59.14319411061592,0,1,1,3,2212.645161290323,4,2.1010667494650903
979,강서구,187337.25290452037,551563.4735509544,6,0,1.0,1,2,0,360.09867021370104,0,0,0,0,1031.6129032258066,3,1.9835965639178827
980,광진구,208229.8882948675,548633.6370587649,4,0,1.0,1,2,0,2046.604650115401,0,0,0,2,6997.8387096774195,10,8.317940173621068
981,영등포구,192029.56614519132,545841.4493983077,3,2,0.6666666666666666,1,2,0,276.40651717478823,0,0,0,2,2452.064516129032,7,2.259181196843857
982,영등포구,191944.0389131206,544529.7863181655,5,0,1.0,1,2,0,739.9872216787365,0,0,0,1,6727.903225806451,9,1.2916823019443977
983,구로구,190295.21338745,545651.055700188,2,1,1.0,1,2,0,1260.2357027140367,0,0,0,2,11875.93548387097,5,6.253690055163736
984,강남구,203782.3615626505,544795.1088671967,6,1,1.0,1,2,0,40.951463013461776,1,1,1,1,5203.193548387097,4,6.3280569982629
985,성동구,203907.65398139105,550217.267258731,5,2,0.6,1,2,0,1389.2663105088936,0,0,0,0,1457.8387096774195,5,4.161803191702429
986,광진구,207681.196337494,551557.2092395362,5,1,1.0,1,2,1,1449.2515186247306,0,0,0,4,2980.8709677419356,3,7.582354183674565
987,노원구,207166.02851951303,563418.9636493422,5,2,0.8,1,2,0,39.55999245231213,1,1,1,2,1434.5161290322578,5,4.997874541568237
988,종로구,199756.773817926,553068.1758980945,2,2,0.5,1,2,0,655.3959687017945,0,0,0,3,3441.451612903226,2,7.560479190211744
989,서초구,199828.11549915,544481.336510209,1,1,1.0,0,2,0,860.1916636651262,0,0,0,3,2707.1935483870966,2,0.1001396556323897
990,서초구,200189.88839559237,542539.2727511317,3,2,0.3333333333333333,1,2,0,1029.266627307073,0,0,0,3,2570.0645161290317,4,4.55971498137546
991,서초구,200444.844559775,542462.066497478,1,0,1.0,1,2,0,992.3934376740932,0,0,0,3,5262.806451612903,4,4.540852486085001
992,서초구,200583.373289196,542091.991128966,2,2,0.5,1,2,0,1327.0491653690228,0,0,0,4,3399.9354838709673,2,9.490310051644167
994,서초구,200369.1055803755,542957.3699601949,2,2,0.5,1,2,0,584.3986527518317,0,0,0,2,1023.2258064516129,3,6.562467064543291
995,서초구,199676.435797129,542394.5173310075,2,2,0.5,1,2,0,1268.296592573828,0,0,0,5,9695.0,7,6.513624255864017
996,서초구,200067.5691449365,541937.7513045415,2,2,0.5,1,2,0,1606.3719425031632,0,0,0,5,1749.9032258064517,5,7.087563880466874
997,서초구,199899.0133466945,542261.3381531165,2,2,0.5,1,2,0,1422.877801066347,0,0,0,2,4585.709677419355,5,6.54943188059607
998,서초구,199690.69250263437,542645.7905531289,3,2,0.3333333333333333,1,2,0,1297.142690415538,0,0,0,3,4765.645161290322,8,2.571950103520256
999,서초구,199084.6168194452,542157.492317559,5,2,0.4,1,2,0,635.3207391957749,0,0,0,2,920.483870967742,2,6.381744762499585
1000,서초구,199223.7912101165,541671.7812993014,2,2,0.5,0,2,0,837.8527077675551,0,0,0,4,2632.3225806451615,2,2.728587278192419
1001,서초구,198883.468142602,541788.3366556789,2,2,0.5,1,2,0,481.5001961541346,0,0,0,2,1947.6774193548385,4,3.288700132430069
1002,동작구,198016.958550863,541911.3529898373,3,1,1.0,1,2,0,85.30660055741308,0,1,1,2,7008.322580645161,1,2.284951083008971
1003,서초구,198449.4061677625,541525.9708861187,4,2,0.5,1,2,0,396.8745889589155,0,0,0,1,7328.193548387097,3,0.7458890393133663
1004,서초구,198490.1471971765,541401.9561058438,4,2,0.5,1,2,0,527.3300894868299,0,0,0,2,312.35483870967744,3,5.921189464667502e-15
1005,관악구,198956.730901551,540365.653674137,1,2,0.0,0,1,0,1662.8054611170055,0,0,0,0,0.0,0,12.34667494005573
1006,관악구,198834.5501193258,540930.2980481392,5,2,0.4,0,2,0,1100.2727273874332,0,0,0,0,0.0,2,14.918439019197436
1007,서초구,199477.7122697105,541592.4496723815,2,2,0.5,1,2,0,1102.1497665932152,0,0,0,1,1480.6774193548385,1,3.954557044229954
1008,서초구,199559.82730781767,542900.871332805,3,2,0.3333333333333333,1,2,0,1175.844578507244,0,0,0,3,5900.8064516129025,6,4.664738363080894
1009,동작구,198001.89747141267,542711.611773322,3,2,0.6666666666666666,1,2,0,217.5807020382824,0,0,0,3,3331.774193548387,4,5.930004573743464
1010,서초구,199895.55447377372,545593.0087574205,4,2,0.0,0,1,0,601.1539119587565,0,0,0,0,0.0,3,4.509205273772559
1011,동작구,198182.616685569,542770.662803396,2,2,0.5,1,2,0,27.611816529366315,1,1,1,6,7935.096774193548,5,0.8717923350285931
1012,동작구,197739.8685328957,542647.585636157,7,2,0.7142857142857143,1,2,1,154.8164924085316,0,0,1,3,4239.4838709677415,6,2.170644592587341
1013,동작구,197573.19286025767,542734.3674880643,3,2,0.3333333333333333,1,2,0,51.62328367594622,0,1,1,3,6154.483870967742,6,3.365320381049574
1014,동작구,197522.252084396,542785.545288761,1,2,0.0,0,1,0,120.71214426070968,0,0,1,2,6794.903225806452,6,4.429387503611182
1015,동작구,197242.48600525,542940.483524326,2,0,1.0,1,2,0,43.04574820100429,1,1,1,5,3013.3225806451605,6,7.59843904117289
1016,동작구,197152.547215345,543050.3741811945,2,2,0.5,1,2,0,99.0216774628946,0,1,1,2,3711.6774193548385,6,8.270496766580036
1017,서초구,198462.3962518852,542094.2214574141,7,2,0.4285714285714285,0,1,0,70.36169118799323,0,1,1,3,10406.483870967742,6,0.6945153083197771
1018,동작구,196976.643081296,542421.647103498,3,2,0.3333333333333333,1,2,0,494.612252731009,0,0,0,2,665.2903225806451,3,12.764437635393891
1019,동작구,197017.780138161,543228.468735756,1,2,0.0,0,1,0,322.34813874518096,0,0,0,3,2090.2258064516127,3,14.68194676877154
1020,송파구,211460.465225795,545300.2871257497,4,0,1.0,1,2,0,362.5203450656038,0,0,0,0,2910.709677419355,5,5.090959304094736
1021,서초구,199156.11752494224,543709.0591729556,4,1,1.0,1,2,0,911.606863327448,0,0,0,5,5072.258064516129,7,0.4747716227818058
1022,서초구,199370.40085580436,543276.4403596063,3,2,0.3333333333333333,1,2,0,959.0569928688548,0,0,0,2,3850.9032258064517,5,0.3161593784898612
1023,서초구,199310.13038883236,543397.783718702,3,2,0.3333333333333333,1,2,0,920.6285705691917,0,0,0,4,2522.645161290322,3,0.4951740672545017
1024,서초구,199253.92122581333,543512.1201597457,3,2,0.3333333333333333,1,2,0,902.2538496661308,0,0,0,4,2255.7741935483873,6,0.3562992395193968
1025,서초구,200366.7144950395,544490.851202772,2,1,1.0,0,2,0,687.9043055196504,0,0,0,4,4688.096774193548,2,3.498436051661624
1026,서초구,200524.97817863864,543998.0377664346,3,2,0.3333333333333333,0,2,0,623.5025850561768,0,0,0,2,1247.3870967741937,1,6.329883696071121
1027,서초구,200356.818380524,544389.859218846,1,2,0.0,0,1,0,788.4338933912746,0,0,0,2,4921.225806451613,1,7.98969225484291
1028,서초구,200588.7145462,543846.5145912422,4,2,0.25,0,2,0,459.2691424882807,0,0,0,3,3523.6451612903234,2,2.0909862436105087
1029,서초구,199438.7829428947,542304.5675780129,3,2,0.6666666666666666,1,2,0,1014.8668263713936,0,0,0,6,1574.6774193548388,3,9.371104879610169
1030,서초구,199530.82757755063,542342.523279353,3,2,0.3333333333333333,1,2,0,1113.873232146672,0,0,0,2,4129.612903225807,4,14.380208511729082
1031,서초구,198811.8406071934,541968.2386457695,5,2,0.4,1,2,0,352.7475433379954,0,0,0,6,2360.774193548387,5,4.288203855827502
1032,서초구,200750.1661005157,543417.1708366607,3,2,0.3333333333333333,1,2,0,5.143646624919478,1,1,1,0,6152.1612903225805,4,5.325336418063896
1033,서초구,200824.45439111063,543225.7265384677,3,2,0.3333333333333333,1,2,0,203.07477909767115,0,0,0,2,2408.516129032258,3,4.404790299507351
1034,용산구,196669.28054672133,549342.0823415742,3,2,0.3333333333333333,1,2,0,881.9828027643193,0,0,0,0,913.741935483871,3,4.889188832551348
1035,서초구,198763.1996527317,542931.2485710825,4,1,1.0,1,2,0,424.2791839506913,0,0,0,2,2370.8387096774195,8,2.6792586136679413
1036,동작구,198473.49078280732,543815.8787474186,6,2,0.8333333333333334,1,2,0,628.3217513398084,0,0,0,3,4707.41935483871,1,1.3880547768548013
1037,동작구,198463.5070879703,543502.2489585784,7,2,0.7142857142857143,1,2,0,322.52213767117524,0,0,0,4,4650.25806451613,3,1.647043324987984
1038,서초구,198943.5926174025,544141.0017591085,2,2,0.5,1,2,0,1099.5277116024708,0,0,0,2,3177.387096774193,7,0.605501299668821
1039,서초구,198781.45727210867,543841.1011705926,3,2,0.6666666666666666,1,2,0,758.6094578522766,0,0,0,2,460.64516129032256,5,0.2501741009566682
1040,서초구,198834.19877783672,543549.0509969526,7,2,0.7142857142857143,1,2,1,559.9570333889808,0,0,0,2,1471.0,10,0.3603603787858045
1041,서초구,201338.7288671735,543032.8804821931,2,2,0.5,1,2,0,705.5117097740238,0,0,0,2,662.4193548387098,5,3.2927888963749417
1042,서초구,201269.9999827015,543425.607397591,2,2,0.5,1,2,0,524.5400022981562,0,0,0,0,2405.935483870968,3,0.6865965600396429
1043,서초구,201172.88698701095,544014.0098601347,3,2,0.3333333333333333,1,2,0,634.7603452221505,0,0,0,3,3340.064516129032,2,10.949467872151216
1044,서초구,201116.21183397333,544329.2580813294,3,2,0.3333333333333333,1,2,0,709.5053764139079,0,0,0,2,2173.774193548387,3,4.579990587111939
1045,서초구,201084.9594875557,544500.7755650129,3,2,0.3333333333333333,1,2,0,803.0227911862595,0,0,0,2,2687.709677419355,3,5.43581866841226
1046,서초구,201019.3083721536,544804.0969247358,5,2,0.8,1,2,0,665.2143632735906,0,0,0,4,4542.903225806452,4,0.1073106500073854
1047,서초구,200681.63242136152,545587.5622573852,4,2,0.5,1,2,0,414.1463591128202,0,0,0,3,3403.129032258065,5,0.5508682732763592
1048,서초구,200629.5576476068,545706.299536605,4,0,1.0,1,2,0,508.20952778555744,0,0,0,2,3466.41935483871,7,0.1543018589199274
1049,서초구,200532.28352303567,545907.5562814093,3,2,0.6666666666666666,0,2,0,701.3327058528369,0,0,0,1,2164.1935483870966,3,1.3471326455507853
1050,서초구,200721.880003366,546149.1756662525,2,2,0.5,1,2,0,769.6577940594317,0,0,0,0,1686.0645161290322,4,0.3074889076006926
1051,서초구,200924.8264915315,546406.7253913339,4,2,0.75,1,2,0,807.4292267076879,0,0,0,2,1464.8064516129034,6,0.5907927992390889
1052,서초구,198513.263185136,544198.551348348,4,2,0.75,1,2,0,1012.1086222954044,0,0,0,3,7010.225806451613,3,0.7724752696212829
1053,서초구,198386.20810472933,542305.6661705116,3,2,0.6666666666666666,1,2,0,291.10526370498025,0,0,0,1,4691.387096774193,6,0.5963596284282631
1054,서초구,201062.363138155,546582.7889698604,2,2,0.5,1,2,0,709.5900758285072,0,0,0,0,889.9032258064516,5,0.6630526729875008
1055,서초구,198406.100279482,542426.9013408971,3,1,1.0,1,2,0,400.7722231345369,0,0,0,1,6756.548387096775,5,0.834501347705722
1056,서초구,198404.726237205,542601.9167899675,6,2,0.5,1,2,0,261.60117555097,0,0,0,2,7736.290322580646,6,0.0
1057,서초구,198563.32818067877,542900.3758919835,4,2,0.25,1,2,0,312.22244350342413,0,0,0,3,3331.709677419355,7,1.5989499641381144
1058,서초구,198692.3105514555,543113.158889971,2,2,0.5,1,2,0,282.75857340106387,0,0,0,1,1044.967741935484,9,2.1794723751760583
1059,동작구,197708.293192649,543056.38889514,2,0,1.0,1,2,0,389.39355919155247,0,0,0,4,2079.7096774193546,7,17.606245735754367
1061,서초구,201244.45806292532,546712.6834015338,3,2,0.3333333333333333,1,2,0,610.9668781226807,0,0,0,2,2419.8709677419356,7,0.6133524835634022
1062,강남구,201670.370179797,546955.293958047,1,1,1.0,0,2,0,616.8316796499289,0,0,0,0,3460.6774193548385,7,2.821554914745773
1063,서초구,201217.7652268542,546198.0798687653,5,1,1.0,1,2,1,531.4999814992923,0,0,0,2,1094.258064516129,7,3.5220498570048018
1064,서초구,199266.07117423063,543069.1997330533,3,2,0.3333333333333333,1,2,0,856.1370905561577,0,0,0,0,1988.4516129032259,6,6.296761624633748
1065,서초구,201433.49164994925,546175.0310280323,4,2,0.25,1,2,0,339.60383936958254,0,0,0,0,0.0,4,2.538945201968126
1066,서초구,201058.9261884288,546305.4682884318,5,2,0.4,1,2,0,671.6326890505503,0,0,0,0,2253.516129032258,8,3.1230967167806245
1067,서초구,201175.5967489385,546025.132081426,2,1,1.0,0,2,0,566.899876757681,0,0,0,0,98.38709677419355,6,3.06242080305975
1068,서초구,200851.0391827886,545838.470219066,5,1,1.0,1,2,1,435.417112161877,0,0,0,2,127.96774193548387,2,0.4578257712479269
1069,서초구,201748.335836996,545684.9387430596,3,2,0.3333333333333333,1,2,0,428.9277810398108,0,0,0,2,7271.387096774193,3,2.346707703441654
1070,서초구,201455.29970521232,545573.3136002399,3,2,0.3333333333333333,1,2,0,392.2919565536543,0,0,0,0,0.0,1,4.3765518687949205
1071,서초구,201093.456364806,545450.180361454,1,2,0.0,0,1,0,22.81376900331333,1,1,1,1,6462.290322580646,6,3.5724480319155023
1072,서초구,201027.0119343602,545412.7640541658,5,0,1.0,1,2,0,74.08627478077003,0,1,1,2,6462.290322580646,6,5.339655714274556
1073,중구,197777.2170741525,551543.1761669565,2,2,0.5,1,2,0,535.2330290795203,0,0,0,4,13570.129032258066,5,3.5517045571764903
1074,중구,197663.630642052,551488.297245979,1,0,1.0,1,2,0,455.7912396289968,0,0,0,1,1897.8064516129032,2,1.88426565431584
1076,서초구,200291.7772589484,545431.7475307226,5,2,0.8,1,2,1,238.99627511511488,0,0,0,1,86.45161290322581,8,0.8404870041719606
1077,서초구,198924.233611989,540735.3447703996,5,2,0.4,1,2,0,1314.481899273572,0,0,0,2,1889.0645161290322,1,6.226444814243308
1079,서초구,199819.848935412,544957.5609273355,2,0,1.0,1,2,0,557.3777036978049,0,0,0,1,422.8064516129033,4,0.5874020649728706
1080,서초구,199572.96975021652,544866.6399621315,7,2,0.8571428571428571,1,2,0,820.1908429154773,0,0,0,4,9721.48387096774,6,0.5950905402405542
1081,서초구,199076.0431808332,544714.3186402804,5,2,0.8,1,2,0,1338.557254153482,0,0,0,2,5397.806451612903,3,0.148048890696059
1083,서초구,198769.1206782045,544860.3753083639,2,1,1.0,0,2,0,1594.4039823955577,0,0,0,0,0.0,3,0.7103188336493697
1084,서초구,199182.90502636964,544290.697423384,3,2,0.3333333333333333,0,2,0,1352.6939545498826,0,0,0,4,1878.6129032258063,2,7.958755757274728
1085,서초구,199333.715027955,544301.554167634,1,1,1.0,0,2,0,1328.5864689666716,0,0,0,3,2086.322580645161,1,4.930342546938995
1087,서대문구,191936.479912878,553222.773003056,2,2,0.5,0,2,0,353.84751558510493,0,0,0,0,2734.967741935484,6,25.08835228480701
1088,서대문구,192529.4129537525,553992.3688562815,2,2,0.5,1,2,0,119.18413348623568,0,0,1,2,1710.1935483870968,2,11.851786631279266
1089,은평구,192629.20272111,554198.7298766277,3,2,0.3333333333333333,1,2,0,55.51032369546213,0,1,1,1,3912.1290322580644,6,1.2408808985948532
1090,은평구,192798.9267662415,554400.8881435967,4,2,0.25,1,2,0,103.5448289837349,0,0,1,4,4612.870967741936,9,2.9475926483066908
1092,은평구,193104.9985365717,554093.0665130117,3,2,0.3333333333333333,1,2,0,421.6739061321691,0,0,0,1,3224.9032258064517,9,9.51100056333384
1093,은평구,193459.111603999,555484.62073967,1,0,1.0,1,2,0,955.7588202797824,0,0,0,2,2451.225806451613,5,7.32555017229588
1094,은평구,193205.9056003455,554819.5722184888,6,2,0.6666666666666666,1,2,0,526.2297179830571,0,0,0,4,3195.677419354839,9,14.719538502907003
1095,은평구,193176.066915175,554236.071440949,1,0,1.0,1,2,0,469.4313747990479,0,0,0,3,2518.6451612903224,9,31.435572472694112
1097,서초구,199839.95200471923,544072.2009353095,4,2,0.5,1,2,0,1116.575386476483,0,0,0,3,1362.9354838709678,1,8.300512169685282
1098,서초구,199816.743757354,543954.745265644,3,2,0.6666666666666666,0,2,0,1071.0825213032404,0,0,0,2,1135.3870967741934,2,20.325109374504525
1099,서초구,200498.058348254,543526.869806399,1,0,1.0,1,2,0,267.7379977350236,0,0,0,3,5395.709677419355,5,3.163670263227291
1100,서초구,200410.748922319,543356.939190808,2,1,1.0,1,2,0,332.38866241458777,0,0,0,3,1148.8387096774193,3,4.041321452969058
1102,서초구,200791.558712189,542684.5638308203,3,2,0.3333333333333333,1,2,0,727.2418225525189,0,0,0,2,3955.516129032258,2,0.9662500035627868
1103,서초구,201296.066904199,542803.3507216964,3,2,0.6666666666666666,1,2,0,822.7952716323591,0,0,0,5,6322.000000000001,4,8.671812120621555
1104,서초구,201606.9198441555,542884.208164707,4,2,0.5,1,2,0,1011.6898137650238,0,0,0,4,3747.3225806451615,4,2.5841775558135773
1105,중구,198231.32227823217,551106.1675997071,6,2,0.8333333333333334,1,2,1,629.6783880276074,0,0,0,0,3918.4193548387098,6,1.467198867175128
1106,서초구,201864.65029657376,542990.6457702062,4,2,0.25,1,2,0,1126.0313376234851,0,0,0,3,3016.2258064516127,3,5.338466793114935
1107,서초구,202086.2047260613,543076.1153126541,4,2,0.25,1,2,0,1040.4511263324157,0,0,0,2,182.5483870967742,2,2.674736844684394
1109,서초구,202497.710004416,543232.3109055273,4,0,1.0,1,2,0,728.0090954360595,0,0,0,0,4302.935483870968,6,1.010062950940943
1110,서초구,202651.8829195823,543288.913294186,3,2,0.3333333333333333,1,2,0,652.1180860964981,0,0,0,3,3276.8709677419356,6,0.9500513220521494
1111,중구,196917.26653264105,551048.7551548005,2,2,0.5,1,2,0,100.40065000912384,0,0,1,1,1287.8709677419354,5,5.135107236564558
1113,용산구,196657.548217094,550221.1923889087,7,2,0.2857142857142857,1,2,0,33.403937570828575,1,1,1,6,6682.483870967742,3,8.724461279930425
1114,중구,197719.00103853023,550460.1455405465,4,2,0.5,1,2,0,160.4012853615789,0,0,1,2,2100.1612903225805,7,5.474755517344707
1115,서초구,202352.587086348,543619.0696620258,5,1,1.0,1,2,1,448.33417287902586,0,0,0,2,3683.6129032258063,7,0.7412611168790129
1116,서초구,202311.38887049037,543725.0139770621,3,2,0.3333333333333333,0,2,0,414.065460926011,0,0,0,2,2429.6774193548385,8,0.4911710232528706
1118,종로구,197675.348281604,553499.372242435,1,1,1.0,0,1,0,1272.8433187741546,0,0,0,0,0.0,4,2.027070647082212
1119,서초구,202144.4112426305,544163.8107055272,4,1,1.0,1,2,0,324.008610435831,0,0,0,1,2833.870967741935,8,0.7069486532521848
1120,서초구,202072.86870375267,544333.0174361754,6,2,0.8333333333333334,1,2,1,259.5532235706404,0,0,0,2,934.3548387096773,5,0.2293769588583968
1121,서초구,202050.5304937155,544417.2335594895,2,2,0.5,1,2,0,246.75916454807523,0,0,0,1,977.2258064516128,6,1.62803328316893
1122,서초구,201940.607046256,544701.088717075,1,0,1.0,1,2,0,305.63031558204017,0,0,0,3,1162.7096774193549,7,0.0774594219417738
1123,서초구,201971.96912491505,544595.892057089,2,2,0.5,1,2,0,266.63374243892366,0,0,0,3,1213.967741935484,7,0.5126259301247534
1124,서초구,202016.1859879505,544480.9426197285,2,2,0.5,1,2,0,264.1465751563119,0,0,0,2,990.7419354838711,7,0.4627832719532835
1125,서초구,201862.22136177865,544885.5947297739,5,0,1.0,1,2,0,399.1809530861916,0,0,0,3,2416.6129032258063,5,0.9888755410363538
1126,서초구,201361.05153869663,544711.783007805,3,2,0.6666666666666666,1,2,0,727.3579200530534,0,0,0,3,256.2258064516129,11,6.450089526605479
1127,서초구,201816.291161044,544035.552014916,3,2,0.3333333333333333,1,2,0,80.75438819423741,0,1,1,6,2453.612903225807,4,2.1115335460020237
1128,서초구,202023.45593500495,542613.4413419506,2,2,0.0,0,2,0,1170.6133402752175,0,0,0,1,974.741935483871,4,8.519104801255727
1129,서초구,202500.11731838447,542688.8581463951,4,2,0.0,1,1,0,697.6688627869091,0,0,0,0,0.0,3,5.4956683262403
1130,서초구,202592.91517743532,542971.9878389748,6,2,0.6666666666666666,1,2,1,698.1943771267811,0,0,0,2,326.6774193548387,5,2.6083507898754674
1131,서초구,202645.36248915768,542726.355552656,3,2,0.6666666666666666,1,2,0,559.5145303459841,0,0,0,4,1973.741935483871,3,1.8070990057215572
1132,서초구,203218.730852042,542527.3345105356,3,2,0.6666666666666666,1,2,0,3.563392132388708,1,1,1,4,10434.90322580645,1,4.884828537256993
1133,서초구,203418.1094710005,541563.2715369954,4,2,0.75,1,2,0,987.7230767678918,0,0,0,5,2820.806451612904,3,1.5078593146357555
1135,서초구,203447.82294049664,541145.6749107429,6,2,0.8333333333333334,1,2,0,1403.8369317807142,0,0,0,3,8260.258064516129,5,2.187248786293712
1136,중구,198294.764961955,550639.621433236,1,0,1.0,1,2,0,665.4169713641517,0,0,0,1,359.8709677419355,5,40.81089513505196
1137,용산구,198351.114022216,550305.7614346255,2,2,0.5,1,2,0,775.819437692825,0,0,0,3,3264.1290322580644,8,7.36658381517529
1138,서초구,204038.151078614,540396.4072268379,2,2,0.5,1,2,0,2286.027547293575,0,0,0,0,1961.8387096774193,1,4.309254948469565
1139,서초구,204426.813448542,540219.6243161935,7,2,0.5714285714285714,1,2,0,2607.538500461746,0,0,0,2,1130.6129032258066,1,2.7560786360401046
1140,서초구,204949.38742185556,539935.575221014,2,2,0.0,0,1,0,3118.949613565751,0,0,0,1,30.193548387096776,2,5.37460555285449
1141,서초구,205747.52082217767,539542.608086178,3,2,0.3333333333333333,1,1,0,3786.463151411931,0,0,0,0,2500.290322580645,6,4.997128075008372
1142,서초구,206117.65301906,539672.242351196,3,2,0.6666666666666666,1,2,0,3851.563785502305,0,0,0,2,766.0,2,8.535803375673675
1143,서초구,206345.2790611705,539771.5302976496,2,2,0.0,0,1,0,3894.667888058078,0,0,0,2,835.4193548387096,2,5.627450178491931
1144,서대문구,194111.206760541,552262.3458402355,2,2,0.0,1,1,0,874.8128208681827,0,0,0,3,3807.3870967741937,6,3.462334095088616
1145,종로구,196499.464354761,555503.069513999,1,0,1.0,1,2,0,1414.4648620833486,0,0,0,2,3502.258064516129,3,14.842359896044549
1146,서초구,207072.0931467145,540077.66794226,2,2,0.0,0,2,0,3608.151491834398,0,0,0,1,202.0,3,8.273267995306515
1148,서초구,207246.3113418567,540171.0210206046,3,2,0.0,0,2,0,3435.798948324384,0,0,0,1,297.96774193548384,3,11.08918827921947
1149,서초구,207981.2189354553,540449.1649302166,3,1,1.0,0,2,0,2853.3849658204813,0,0,0,2,297.93548387096774,1,14.649842385847704
1151,서초구,204059.17122127904,540279.4546248185,2,1,1.0,0,2,0,2402.8542041985343,0,0,0,0,89.51612903225806,2,0.9850183046158574
1153,서초구,204488.153294163,539455.891820092,1,1,1.0,0,2,0,3326.362601103522,0,0,0,2,245.70967741935485,5,2.2851469034479464
1154,서초구,204547.9766936277,539308.1450432143,3,2,0.6666666666666666,1,2,0,3485.7580187701105,0,0,0,2,245.70967741935485,5,3.312556259298584
1155,서초구,205094.6399518134,538411.8921113701,5,2,0.4,1,2,0,4525.677189426514,0,0,0,2,325.7741935483871,4,9.126658367684351
1156,서초구,205850.738185458,537256.553596645,1,0,1.0,1,2,0,5894.179790957573,0,0,0,2,107.64516129032259,0,7.667519540297908
1157,서초구,203692.786182585,540587.5707231299,2,2,0.5,1,1,0,2000.0555412257663,0,0,0,0,0.0,1,2.142213226068505
1159,서초구,203179.74838996524,540132.274295444,4,1,1.0,1,2,0,2398.8721755711927,0,0,0,3,1839.1935483870968,4,2.4754520953456094
1160,서초구,203193.8663835353,540363.752547639,3,2,0.3333333333333333,1,2,0,2167.21621560368,0,0,0,2,1285.0,4,2.066493650083814
1161,중구,199606.602622231,551886.9954649172,5,2,0.2,1,2,0,475.3698929345095,0,0,0,1,3028.6451612903224,8,1.3560576383144844
1162,서초구,202832.392234113,541233.2418636021,2,2,0.5,0,2,0,1354.0835887287594,0,0,0,2,176.09677419354838,3,5.921189464667502e-15
1163,마포구,192241.933754598,550366.163148841,3,2,0.3333333333333333,1,2,0,826.9408872066647,0,0,0,2,1593.1290322580644,5,2.763162505290957
1164,서초구,202938.949610851,541059.978880245,1,2,0.0,0,2,0,1497.3528246282206,0,0,0,0,92.70967741935485,3,0.1498287649728465
1165,마포구,192266.65344906625,550264.2308546688,4,0,1.0,1,2,0,777.190450934424,0,0,0,0,4059.5806451612902,5,5.577446380029283
1166,마포구,192293.2060243155,550105.7087341535,2,1,1.0,1,2,0,735.5122971734367,0,0,0,2,19390.483870967742,7,6.61974867390987
1167,서초구,203077.1993171476,540901.9678166416,5,2,0.6,1,2,0,1635.0522310153688,0,0,0,1,190.16129032258064,3,3.0196185503677127
1168,마포구,196138.04378506227,550328.5735868996,4,2,0.25,1,2,0,559.9828767475364,0,0,0,1,1639.7096774193549,4,1.6999203855924825
1169,서초구,203677.6837947095,541784.778368055,2,1,1.0,0,2,0,875.511841797215,0,0,0,0,0.0,3,2.413203191298887
1170,서초구,203638.0336383233,542280.1195022353,3,2,0.3333333333333333,0,2,0,487.8862599066258,0,0,0,2,1125.9354838709676,7,1.417157719680103
1172,서초구,203251.2501355895,541951.2946835074,2,2,0.5,1,2,0,580.3926176699769,0,0,0,4,5015.096774193547,3,1.5461119320894667
1173,서초구,202866.77647542776,541692.3101825125,4,2,0.5,1,2,0,909.668642702266,0,0,0,4,2729.5806451612902,7,5.30715423157659
1174,서초구,202779.279258175,541656.139692752,1,2,0.0,0,1,0,979.2044902333324,0,0,0,2,2729.5806451612902,8,1.7626078026943877
1176,서초구,202613.432517861,541501.7671509195,2,0,1.0,1,2,0,1194.2541637624304,0,0,0,0,1610.1290322580646,7,3.1167616203976323
1177,서초구,202401.220934902,541359.005434082,2,2,0.5,1,2,0,1429.2298663845895,0,0,0,1,4819.0,7,6.475993050621168
1178,중구,200594.28947526464,551853.0360387986,3,2,0.3333333333333333,1,2,0,513.6367915864517,0,0,0,2,15387.387096774193,5,0.8590768266005
1179,서초구,202256.57376463,541231.936722593,4,1,1.0,1,2,1,1616.8758386974482,0,0,0,2,3865.290322580645,6,3.4651108831551154
1180,마포구,192878.21683865,551404.090161954,1,0,1.0,1,2,0,690.6916095678398,0,0,0,2,1274.4516129032259,3,0.9939251853027168
1181,마포구,192749.396258261,551306.989971967,1,0,1.0,1,2,0,706.8486291264381,0,0,0,2,2132.9032258064517,3,0.6808523839387556
1182,서초구,202179.681087426,541318.6250877215,2,2,0.5,0,2,0,1597.0600139656865,0,0,0,0,3322.354838709677,5,9.805499524474364
1183,마포구,191998.34619454,550814.5889247147,3,2,0.3333333333333333,1,2,0,1247.3610927160032,0,0,0,3,6315.741935483871,4,0.0909108318723757
1184,서초구,202122.937022955,541373.674266863,1,1,1.0,0,2,0,1594.1756259814913,0,0,0,0,1519.032258064516,5,5.204144991742332
1185,마포구,193806.395060072,549787.7387890107,3,2,0.6666666666666666,1,2,0,771.4058715542919,0,0,0,4,4786.935483870968,8,1.6394959005854897
1186,서초구,202748.73779037668,541336.0752811603,3,0,1.0,1,2,0,1284.1381677338222,0,0,0,2,191.41935483870967,6,2.699236785252204
1187,마포구,193114.741488662,550581.659772933,3,2,0.3333333333333333,1,1,0,314.7845387849307,0,0,0,2,9621.41935483871,10,2.8634989392261843
1192,서초구,201765.624433085,540045.951323704,1,0,1.0,1,1,0,2878.935136471515,0,0,0,0,0.0,4,2.9157985982417856
1193,서초구,198965.46521552105,543229.496440976,3,2,0.3333333333333333,1,2,0,551.4482497790797,0,0,0,0,174.38709677419354,8,6.032244257054107
1195,동작구,197811.3112908425,542945.0725122985,2,2,0.5,1,2,0,341.2856624089879,0,0,0,2,866.7741935483871,6,33.04467188223136
1196,노원구,205018.198734816,560657.5929690582,5,2,0.8,1,2,0,963.8424685184516,0,0,0,0,74.19354838709677,5,4.891380279061502
1197,중구,198882.708956057,550979.1245400704,3,2,0.3333333333333333,1,2,0,987.3272468418448,0,0,0,0,0.0,2,15.616818282539668
1198,관악구,197099.154420014,541784.090173598,1,1,1.0,0,2,0,91.97349941073432,0,1,1,3,7810.419354838708,2,5.559630134641414
1199,관악구,196982.929238301,541860.6349164108,4,2,0.5,1,2,0,15.837718659424612,1,1,1,4,11324.516129032258,4,7.425474722926056
1200,관악구,196583.658030517,542056.6478218655,2,0,1.0,1,2,0,69.84559429374914,0,1,1,3,14611.645161290322,11,5.09234406193342
1201,관악구,196271.392851602,542209.8520224621,2,0,1.0,1,2,0,414.5673431960545,0,0,0,2,7250.032258064516,5,1.8036727219759283
1202,관악구,196093.76122318584,542305.756260664,7,2,0.8571428571428571,1,2,0,502.2497080953047,0,0,0,2,10949.322580645161,3,2.5745815179196425
1203,관악구,195619.49963431637,542449.9903397387,3,2,0.6666666666666666,1,2,0,11.8902672781661,1,1,1,2,13219.612903225807,7,2.3374415868881115
1204,관악구,195369.5063542815,542486.909912465,4,2,0.5,1,2,0,106.36506527569068,0,0,1,2,5365.548387096774,8,0.9887360250122512
1205,관악구,195245.8726324033,542503.7562702027,3,0,1.0,1,2,0,63.52082598872067,0,1,1,1,2478.0967741935483,8,0.6323303291469884
1206,관악구,195006.9446394097,542531.8157100746,3,2,0.3333333333333333,1,2,0,27.821019080946883,1,1,1,3,9450.548387096775,8,1.6332007022442894
1207,서대문구,194228.651271475,554788.016902534,1,2,0.0,0,1,0,603.8455002506751,0,0,0,3,2367.387096774193,2,7.9172984817743
1208,서대문구,194293.665146564,554502.964814818,1,2,0.0,0,1,0,520.019379994603,0,0,0,2,2963.3225806451615,6,13.279175620410063
1209,관악구,194427.3359328825,542772.751509343,2,2,0.5,1,2,0,633.2069281038449,0,0,0,3,3879.677419354839,7,6.723042511379619
1211,관악구,194016.236937269,542795.048140075,2,0,1.0,1,2,0,229.16098282580032,0,0,0,3,5643.032258064515,2,4.5662226433218045
1212,서대문구,194062.782812283,553484.155385145,1,2,0.0,0,1,0,1303.1451874863044,0,0,0,3,1501.6451612903227,3,22.23588872728107
1213,관악구,194624.8747927343,542665.4272209783,3,2,0.6666666666666666,1,2,0,431.3701998278344,0,0,0,0,1930.1290322580646,6,2.5306027880623283
1214,관악구,193531.46865626477,542724.3264295515,4,2,0.5,1,2,0,35.09834126812192,1,1,1,3,40084.87096774194,3,0.3783561180571778
1215,관악구,193432.65271492276,542698.092860547,4,2,0.75,1,2,0,17.193754071821527,1,1,1,0,8272.741935483871,2,3.209511656820183
1217,관악구,196858.300808312,541837.6040664355,2,2,0.5,1,2,0,136.32234930094464,0,0,1,2,10758.129032258064,7,1.2205838778266551
1218,관악구,196638.96592143076,541949.4446730867,4,2,0.5,0,2,0,99.22607101080251,0,1,1,3,13469.290322580644,11,1.2996858173501735
1219,관악구,196746.3721456,541897.2872059348,4,2,0.5,1,2,0,177.06303781217804,0,0,1,0,14658.967741935485,8,3.112643735907324
1220,관악구,196419.69779313533,542049.9161534763,3,1,1.0,0,2,0,233.23890461577452,0,0,0,4,4576.096774193547,10,4.36643003955498
1221,관악구,196216.80616462664,542151.6279018064,3,2,0.6666666666666666,1,2,0,448.335696512568,0,0,0,3,7250.032258064516,5,2.0434608837503867
1222,관악구,195863.9924112197,542518.7899960913,3,1,1.0,1,2,0,257.81090881882926,0,0,0,2,22149.41935483871,4,1.3974736026652697
1223,관악구,195647.569728712,542549.617227603,1,0,1.0,1,2,0,49.7581056697622,1,1,1,1,3631.8387096774195,6,1.3152709336765749
1224,관악구,195506.984362572,542566.49387935,1,0,1.0,1,2,0,108.74994990190662,0,0,1,0,8456.0,6,0.2939320383731273
1225,관악구,195376.252343481,542583.243620767,1,0,1.0,1,2,0,174.11067405072896,0,0,1,1,6084.0,8,1.0252649539114838
1226,관악구,195262.41499106563,542598.6399453521,8,2,0.5,1,2,0,155.4694368619822,0,0,1,2,3964.064516129032,8,0.96191340317955
1227,중구,200202.8607693875,551780.8689593549,2,2,0.5,1,2,0,162.68201421781023,0,0,1,2,1542.3870967741934,7,1.4662065789348826
1228,관악구,195145.579959107,542611.730026691,1,0,1.0,1,2,0,133.06359679639266,0,0,1,0,5359.419354838709,8,0.7639634929600684
1229,관악구,195026.724599553,542627.196215006,1,0,1.0,1,2,0,96.56673960112964,0,1,1,2,10513.58064516129,7,0.8361566936874
1231,관악구,194890.127631156,542648.461630438,1,0,1.0,1,2,0,186.3387649752535,0,0,1,5,12857.161290322581,7,1.4842168245236564
1232,관악구,194792.152247228,542688.474804184,1,0,1.0,1,2,0,289.24845175543646,0,0,0,5,4465.774193548387,8,2.335941109821989
1233,관악구,194678.223039007,542752.442372524,1,0,1.0,1,2,0,419.7214711397534,0,0,0,0,3406.6129032258063,10,2.448995474593403
1234,중구,200203.87084060305,552028.6312081915,2,2,0.5,1,2,0,184.8137669268541,0,0,1,2,1978.516129032258,7,0.3091188307376491
1235,관악구,194467.296999608,542870.767644588,1,0,1.0,1,2,0,661.4170799694417,0,0,0,3,8995.41935483871,7,0.7271712043544495
1236,관악구,194015.18188293136,543122.125213305,3,2,0.6666666666666666,1,2,0,381.7671067424314,0,0,0,2,1800.9032258064517,3,3.61724295773947
1237,관악구,193816.852645944,543221.5491424125,2,0,1.0,1,2,0,245.1719743264661,0,0,0,1,1836.6129032258066,4,1.7417828827372972
1238,관악구,193396.789926876,543397.5975843677,3,0,1.0,1,2,0,202.57306232462912,0,0,0,5,8402.161290322581,7,1.3206997890570271
1239,중구,199390.46303359425,551474.783001242,4,2,0.25,1,2,0,806.4435164931159,0,0,0,1,516.741935483871,7,1.9338260385044015
1241,중구,199667.168936526,551129.8562331304,5,2,0.0,0,2,0,865.7110396101099,0,0,0,0,0.0,4,2.4342567102410824
1243,관악구,193145.5616532975,543414.1409385495,2,1,1.0,1,2,0,180.20741972563712,0,0,1,2,1120.8709677419356,6,1.4154803758322267
1244,관악구,196150.5756716413,543479.481412666,3,1,1.0,1,2,0,547.6369880789708,0,0,0,4,9025.193548387097,5,9.275719041303889
1245,관악구,196034.124412909,543455.010808747,2,0,1.0,1,2,0,537.8375037889832,0,0,0,2,8879.225806451612,5,25.74816716483549
1246,관악구,196189.2218665755,542997.4702637682,4,2,0.5,1,2,0,72.11757237862085,0,1,1,2,7765.774193548387,5,9.425531884003725
1247,관악구,195961.3933238715,542677.7531672704,2,2,0.5,0,2,0,322.0446208342857,0,0,0,3,20530.129032258064,5,2.79497568489577
1248,관악구,195778.897391437,542074.816149396,1,0,1.0,1,2,0,404.2619299895821,0,0,0,1,11431.06451612903,3,4.788051752479147
1249,관악구,195814.00388061,541815.407858051,1,0,1.0,1,2,0,659.1202160944017,0,0,0,1,1193.6774193548388,3,7.492103798242019
1251,관악구,195840.1102617685,541481.5865077965,2,2,0.5,0,2,0,987.7896878065724,0,0,0,2,1387.8064516129034,2,14.188602778955495
1252,관악구,195528.11564885,540892.806147577,1,1,1.0,0,1,0,1460.4670032390568,0,0,0,2,3606.1290322580644,0,10.31901895237952
1254,관악구,195106.873684453,541158.4611108676,2,0,1.0,1,2,0,1148.574779983418,0,0,0,1,1147.5806451612902,2,1.558097347947509
1255,관악구,194821.985127966,541274.830245548,1,0,1.0,1,2,0,1084.6999432135517,0,0,0,2,5714.4838709677415,5,7.413756560729326
1257,관악구,194595.74560606867,541271.8410748184,3,2,0.3333333333333333,1,2,0,1177.4608161805816,0,0,0,1,12961.903225806453,9,5.900557007102402
1258,관악구,194498.503080696,541283.5059570936,2,2,0.5,1,2,0,1217.1374132707483,0,0,0,3,9329.290322580646,8,1.4087329980806136
1260,관악구,194264.40795820125,541306.5978565423,4,2,0.5,1,2,0,1275.3596055971643,0,0,0,0,3032.8709677419356,11,4.979251796694808
1261,관악구,194165.57926648675,541341.6183272803,4,2,0.75,1,2,0,1198.694137876998,0,0,0,3,11319.93548387097,10,5.275768921748494
1262,관악구,194109.45006065752,541420.4460467875,2,2,0.5,0,2,0,1103.4169232749832,0,0,0,3,8970.258064516129,7,2.320188265288164
1263,관악구,194169.976206541,541586.4425317775,2,2,0.5,0,2,0,986.3776242031566,0,0,0,1,5622.387096774194,10,0.3562770443258145
1264,관악구,194316.5004675753,541640.623064059,3,2,0.3333333333333333,1,2,0,1030.071844506918,0,0,0,0,3198.3548387096776,7,2.886890898229572
1266,관악구,194463.6920414796,541971.8372259326,5,2,0.6,1,2,0,771.3569804323772,0,0,0,1,4240.419354838709,6,6.809954531436955
1267,관악구,194242.638325159,542001.557048079,1,0,1.0,1,2,0,704.5524065509215,0,0,0,1,285.8387096774194,5,8.336923709194306
1269,관악구,193985.92738022035,542158.2387470544,3,2,0.6666666666666666,1,2,0,427.3779838621671,0,0,0,2,5676.387096774191,5,2.8098647370531893
1271,관악구,193799.5549268395,542548.7582294648,4,0,1.0,1,2,0,26.135372355980103,1,1,1,4,17588.06451612903,4,5.067027263015677
1272,관악구,193749.926922688,542989.0117090264,3,2,0.3333333333333333,1,2,0,173.18797275139593,0,0,1,3,13330.451612903227,4,0.818207827212305
1273,관악구,193702.3894372013,543123.3780733374,3,2,0.3333333333333333,1,2,0,266.9258036329076,0,0,0,0,5005.387096774194,3,0.727987486602005
1274,관악구,193518.9086495537,543682.6117569765,6,2,0.6666666666666666,1,2,0,287.5303281104884,0,0,0,1,1445.9677419354837,5,5.509144752375169
1275,관악구,193770.28174808295,542183.5571511296,3,2,0.3333333333333333,1,2,0,268.8346685437745,0,0,0,2,2877.548387096774,8,0.7953051394639487
1276,관악구,193644.47055067736,542221.0929402723,3,2,0.6666666666666666,1,2,0,199.81338444420348,0,0,1,2,3155.3870967741937,6,1.1753041431285578
1277,관악구,193574.623690171,542204.750982658,1,0,1.0,1,2,0,227.0268087693441,0,0,0,3,2824.935483870968,4,2.0409857903252218
1278,관악구,193690.67555959304,542464.4173301001,3,1,1.0,0,2,0,31.095233095693818,1,1,1,3,13541.225806451614,6,8.333333333333332
1279,관악구,195918.789222764,542962.4196935673,3,2,0.6666666666666666,1,2,0,242.31016541878583,0,0,0,1,7316.064516129032,8,15.300707830299917
1280,관악구,195728.00549086952,542993.25841623,2,2,0.5,1,2,0,435.5080441064142,0,0,0,2,1647.032258064516,6,8.478738228622783
1281,관악구,195472.29156206068,543031.9514534096,3,2,0.3333333333333333,1,2,0,527.2715971654856,0,0,0,2,3975.8064516129034,7,10.523209380144287
1282,관악구,195317.723096433,543054.8560844888,5,2,0.8,1,2,0,595.4288101091474,0,0,0,6,9018.354838709676,8,2.8547756312789474
1284,관악구,195128.4733071605,543051.0256854445,2,2,0.0,0,1,0,528.439192078384,0,0,0,2,6928.645161290323,7,8.704542533113818
1285,관악구,194753.12843834667,542970.5812322841,3,2,0.6666666666666666,1,2,0,522.0878281460105,0,0,0,0,6715.354838709678,5,3.444057724302034
1286,관악구,194636.49595594025,542975.4041946655,4,2,0.75,1,2,0,596.7710339930678,0,0,0,5,4750.870967741936,6,3.148986916506136
1287,관악구,194531.095987858,542981.733460114,1,0,1.0,1,2,0,675.9166519253318,0,0,0,3,5097.161290322581,6,4.276856374984295
1288,관악구,195600.60279527,542163.577309261,1,1,1.0,0,2,0,278.8982568948208,0,0,0,1,7130.870967741936,5,9.452470921624052
1289,관악구,195350.930913769,542194.873755864,1,1,1.0,0,2,0,221.72455191413795,0,0,0,2,2336.5806451612902,5,3.86277855234514
1290,관악구,195214.498361631,542212.5260789429,2,0,1.0,1,2,0,108.59242540081628,0,0,1,2,2336.5806451612902,4,5.427727328316673
1291,관악구,195084.27617974748,542229.2749792808,4,2,0.75,1,2,0,106.98061912655515,0,0,1,0,2344.5806451612902,4,6.452865474228477
1292,관악구,194912.37153634173,542248.8197706405,4,2,0.5,1,2,0,253.11731419251365,0,0,0,2,1176.8064516129032,4,4.375806920467204
1293,관악구,194694.598346095,542104.0269337725,2,0,1.0,1,2,0,506.34362952407673,0,0,0,2,1694.4193548387098,3,11.9463036952092
1294,관악구,194091.39409309527,541192.3082045947,3,2,0.3333333333333333,1,2,0,1307.5092069333894,0,0,0,2,6977.58064516129,7,7.405850857237948
1295,관악구,194054.1151782415,541093.0278164509,2,2,0.5,0,2,0,1358.6719758571865,0,0,0,1,7577.032258064516,5,9.829801593866078
1296,관악구,193983.84324232696,540932.3105833995,2,2,0.5,0,2,0,1363.7530020843226,0,0,0,4,3332.999999999999,5,29.036834122813765
1297,관악구,193931.99492845533,540761.627898387,3,2,0.3333333333333333,1,2,0,1408.7490240993166,0,0,0,1,4479.451612903225,5,13.619314653302345
1298,관악구,193938.226454698,540659.546344885,1,0,1.0,1,2,0,1474.64409143268,0,0,0,2,2472.6129032258063,6,13.471212039867265
1299,관악구,193940.5955489305,540578.872133884,2,1,1.0,1,2,0,1527.6076267946205,0,0,0,1,2472.6129032258063,6,9.096802472261984
1300,관악구,193953.018351915,540499.641492646,1,0,1.0,1,2,0,1589.3520912248998,0,0,0,0,3719.7741935483873,6,7.420450911747073
1301,관악구,193987.0248376635,540246.4902234221,6,2,0.3333333333333333,1,2,0,1792.5945005225708,0,0,0,1,1247.1612903225805,3,8.628155730748546
1302,관악구,193781.677106785,539914.7313965099,3,2,0.3333333333333333,1,2,0,1935.9656391681212,0,0,0,2,423.5806451612903,1,14.749921319101182
1303,관악구,193583.87196166924,540085.6337614673,4,2,0.25,1,2,0,1689.235149277998,0,0,0,2,2130.2580645161293,2,13.072606048478406
1304,관악구,193419.7909710955,540189.0340020079,2,0,1.0,1,2,0,1523.0905326506795,0,0,0,3,2697.516129032258,2,22.051024838289948
1305,관악구,196380.76053927751,541871.6792939748,4,2,0.5,1,2,0,324.11670323475505,0,0,0,2,1598.8064516129032,7,2.289531456229632
1306,관악구,196278.564390376,541017.409014939,2,2,0.5,1,2,0,985.9467729003632,0,0,0,3,1796.8064516129032,3,5.813242783762552
1307,관악구,196786.7303271925,542229.329863641,4,2,0.25,1,2,0,225.6078037704626,0,0,0,2,360.35483870967744,5,11.672275643382358
1308,관악구,192765.40918662972,542565.8486604115,4,2,0.5,1,2,0,590.6075943933787,0,0,0,2,7292.354838709677,1,4.210541467402138
1310,관악구,192033.062222431,542397.042189981,1,1,1.0,0,2,0,465.1609589892633,0,0,0,1,8264.58064516129,2,2.2115954544427474
1311,관악구,191736.10010268632,542328.6317344983,3,2,0.3333333333333333,1,2,0,169.86393530542435,0,0,1,1,9701.225806451614,5,5.921189464667502e-15
1312,관악구,191372.78158666295,542250.9041714037,4,2,0.25,1,2,0,40.96576264211617,1,1,1,0,4592.967741935484,3,7.592606369982846
1314,관악구,191400.7939585254,542783.029487238,5,1,1.0,1,2,1,9.143510987232553,1,1,1,5,51457.25806451613,9,5.069857611048287
1315,금천구,191033.9648003665,541814.78229666,4,2,0.5,1,2,0,217.10028904573943,0,0,0,4,10997.741935483871,1,0.7919543147534942
1316,금천구,191012.185016562,541590.011927763,2,0,1.0,1,2,0,22.334264375129024,1,1,1,3,9296.225806451614,5,4.725335189620499
1317,금천구,191016.799826592,540158.78109684,1,2,0.0,0,1,0,546.7005728397986,0,0,0,0,3664.8709677419356,6,2.0376314597116028
1318,금천구,191306.75370176972,539112.0926219842,4,2,0.5,1,2,0,84.15897086186688,0,1,1,3,9739.709677419354,5,1.7787156786938971
1319,금천구,191472.125080212,538262.2998096785,2,1,1.0,1,2,0,938.0053976545918,0,0,0,2,989.6774193548388,1,2.0868727123561763
1321,금천구,191450.3601907005,538660.5065818036,4,2,0.75,1,2,0,550.9721061934451,0,0,0,4,4932.870967741936,5,1.851543718334436
1322,금천구,191465.388076218,538126.915022877,4,2,0.5,1,2,0,1067.631605613493,0,0,0,3,3321.645161290322,2,1.4634654525456685
1323,금천구,191410.95169514403,537563.6769908731,3,2,0.0,0,1,0,1606.307897982775,0,0,0,1,41.064516129032256,3,1.8821020339596768
1324,금천구,191416.82648932235,537405.2397954076,3,2,0.3333333333333333,0,1,0,1754.2492831606053,0,0,0,1,3224.387096774194,2,1.1269770678974655
1325,금천구,191582.0788735537,538851.238378229,3,2,0.3333333333333333,1,2,0,431.4149172874114,0,0,0,2,6377.677419354838,11,4.150028029687067
1326,금천구,191653.25174749768,538936.0638644503,3,2,0.3333333333333333,1,2,0,327.68624226826955,0,0,0,0,2877.2903225806454,15,2.4032531810443083
1327,금천구,191675.0263729767,539047.6531295532,6,2,0.8333333333333334,1,2,1,273.9407349019085,0,0,0,4,5245.548387096775,12,2.152885004073551
1328,금천구,191682.5374379818,539206.6546563527,5,2,0.8,1,2,0,292.4227679208344,0,0,0,4,7091.193548387097,11,0.6168664189010423
1329,금천구,191770.975113418,539161.914775791,1,0,1.0,1,2,0,193.3643997919505,0,0,1,4,6128.354838709678,11,2.2554812514919576
1330,금천구,192030.74356842297,539037.4849611673,3,2,0.6666666666666666,1,2,0,80.42067492686532,0,1,1,5,10040.709677419352,9,3.067146536787515
1331,금천구,192165.8796099373,539004.0902172787,3,2,0.3333333333333333,1,2,0,218.34526709877147,0,0,0,6,7245.548387096774,6,5.109204083906427
1332,금천구,192430.2868155403,538962.681043035,3,2,0.6666666666666666,1,2,0,484.263295639282,0,0,0,2,2782.1290322580644,4,9.920128245172169
1333,금천구,192744.88742087467,538938.5118543977,3,1,1.0,1,2,0,797.5121233896701,0,0,0,1,1419.1935483870968,3,21.7646144398748
1334,금천구,192894.307129461,538958.172966133,3,1,1.0,1,2,0,942.5006263586142,0,0,0,1,4423.322580645162,3,13.551315124289568
1335,금천구,192991.6286753295,539241.037077333,2,0,1.0,1,2,0,1045.3103866800943,0,0,0,3,3420.7096774193546,2,13.892975972234796
1336,관악구,193135.920528157,539943.695141077,2,2,0.5,1,2,0,1460.000877088601,0,0,0,2,1059.225806451613,2,41.86044168623548
1337,금천구,191438.8316737685,539400.469362741,2,2,0.5,1,2,0,210.8043439713571,0,0,0,1,4818.161290322581,8,4.207846100737183
1338,금천구,191696.415570353,539374.4524611266,3,2,0.3333333333333333,1,2,0,307.6046804518937,0,0,0,2,5085.645161290322,6,3.2347136161441803
1340,금천구,191667.983346758,539531.56733953,2,2,0.5,1,2,0,148.79700159349852,0,0,1,2,3192.9032258064512,5,4.590346129255369
1341,금천구,191652.3251182013,539654.2571079993,3,2,0.3333333333333333,1,2,0,28.36781979118,1,1,1,1,4340.387096774193,4,4.748999425422511
1342,금천구,191634.66482686036,539768.5966891283,3,2,0.3333333333333333,1,2,0,92.90994577422838,0,1,1,2,2512.032258064516,4,2.425749646867009
1343,금천구,191599.174715064,540021.1208484955,2,2,0.5,1,2,0,346.8528158711489,0,0,0,2,4830.741935483871,4,0.829100608653596
1344,금천구,191576.621813164,540163.8999396275,2,2,0.5,1,2,0,207.7269483836928,0,0,0,0,8414.258064516129,4,8.85829129437095
1345,금천구,191509.576872503,540384.5221517318,4,2,0.5,0,2,0,47.41969159152709,1,1,1,3,4686.741935483871,5,8.639358795461712
1346,금천구,191446.848524668,540505.7453813595,2,2,0.5,0,2,0,50.94974166466878,0,1,1,1,6588.548387096775,4,13.173422024379173
1347,금천구,191392.9578127655,540588.353809205,2,2,0.5,1,2,0,17.963318073998128,1,1,1,1,7437.580645161291,4,6.242981427031585
1348,금천구,191352.6688155885,540682.231102264,2,2,0.5,1,2,0,87.04376634715649,0,1,1,1,7437.580645161291,5,3.5983189443438
1349,금천구,191305.189720614,540789.4995861913,4,2,0.75,1,2,0,204.0238301821735,0,0,0,0,6576.032258064516,6,3.492693083168549
1350,금천구,191328.64476398868,540929.118068305,3,2,0.3333333333333333,0,2,0,79.26007655233987,0,1,1,1,3035.1290322580644,5,7.06382746753933
1351,금천구,191360.0043715773,541047.995292092,3,2,0.3333333333333333,0,2,0,37.36622498274673,1,1,1,1,4369.677419354839,6,2.5392589560654777
1352,금천구,191390.48567040265,541163.7768520486,3,2,0.3333333333333333,1,2,0,154.5006416704608,0,0,1,1,5876.032258064516,7,7.997384455757454
1353,금천구,191437.38079987667,541443.9690151111,3,2,0.3333333333333333,1,2,0,176.6621815309201,0,0,1,0,5665.741935483871,7,5.776434402533337
1354,금천구,191451.01521728636,541617.54384522,3,2,0.3333333333333333,1,2,0,3.2303217034934564,1,1,1,2,4254.677419354838,3,5.446142292866476
1355,금천구,191459.9817133113,541728.4888886143,3,2,0.3333333333333333,1,2,0,66.75252917401163,0,1,1,2,6096.193548387097,4,8.333333333333332
1356,금천구,191476.7845431473,541869.242036427,3,0,1.0,1,2,0,208.5026990078385,0,0,0,1,3407.8709677419356,4,6.959692958537349
1357,금천구,191487.087799852,542067.863254213,3,2,0.3333333333333333,1,2,0,72.40973817671332,0,1,1,2,4592.967741935484,4,3.7728205663104935
1358,금천구,191678.512852769,541897.6694106665,2,2,0.5,1,2,0,299.69529442447083,0,0,0,2,724.0967741935483,4,8.706417951970474
1360,금천구,191824.971447002,541925.031653379,1,0,1.0,1,2,0,388.425931109871,0,0,0,2,724.0967741935483,3,6.355605422205872
1361,금천구,192086.03406125837,541960.50230969,3,2,0.3333333333333333,1,2,0,506.1299121766269,0,0,0,3,1135.483870967742,5,5.478793008349114
1362,관악구,192281.538550592,541993.2329809614,2,2,0.5,1,2,0,309.05972502907383,0,0,0,2,2588.967741935484,5,5.530930961198634
1363,관악구,192371.549990816,542012.1600122337,3,2,0.6666666666666666,1,2,0,219.1789411476878,0,0,0,2,4400.677419354839,9,5.5833085130464495
1364,관악구,192511.64273746172,542034.3472725417,4,0,1.0,1,2,0,85.31510600166193,0,1,1,4,6859.903225806451,9,1.955728995240277
1365,관악구,192474.350240404,542256.690008732,3,2,0.3333333333333333,1,2,0,280.1524787305779,0,0,0,4,4316.967741935484,4,0.3545636931592592
1366,관악구,192538.95362392897,541933.5487864413,3,2,0.3333333333333333,1,2,0,85.4707933800057,0,1,1,2,10163.838709677419,9,1.3726300228658712
1367,관악구,192580.83132258768,541842.3086232643,3,2,0.3333333333333333,1,2,0,159.72409073743358,0,0,1,2,7803.580645161291,9,1.5582357268590858
1368,관악구,192644.420876085,541743.217832127,1,0,1.0,1,2,0,194.5310091563316,0,0,1,2,9043.193548387097,7,1.1173982190584355
1369,관악구,192721.74932226667,541612.3194994366,3,2,0.3333333333333333,1,2,0,44.62667228715065,1,1,1,3,10641.064516129032,6,0.4206393675004586
1370,관악구,192866.132477867,541452.2663207089,2,2,0.5,1,2,0,147.1542921021038,0,0,1,2,6140.903225806453,6,1.51329002062455
1371,관악구,192922.02243408372,541182.4042278047,4,2,0.5,1,2,0,413.8362567796263,0,0,0,2,5191.290322580645,3,6.621486129473837
1372,관악구,192969.9803602913,540852.6397418417,3,2,0.3333333333333333,1,2,0,743.0329189476904,0,0,0,2,1782.774193548387,2,2.2836792469731177
1375,관악구,193183.670897004,543010.2374822899,3,1,1.0,1,2,0,351.79508011083,0,0,0,2,528.0,4,6.853781619867595
1376,관악구,193092.396834629,543184.16623154,1,0,1.0,1,2,0,404.174965771989,0,0,0,1,1499.3225806451612,5,9.50910056142676
1377,관악구,192766.873046362,543333.534358394,1,1,1.0,0,2,0,541.9936879388034,0,0,0,3,1578.1935483870968,3,5.971813160121974
1378,관악구,192644.089455409,543294.170102204,1,0,1.0,1,2,0,670.4004907372636,0,0,0,2,1480.5483870967741,3,0.71086526898602
1379,관악구,192520.5305348145,543207.044774908,2,0,1.0,1,2,0,818.5495020156234,0,0,0,1,704.3870967741935,5,4.375471568789327
1380,관악구,192394.6616168886,542824.1897811958,5,2,0.8,1,2,0,845.4391595060275,0,0,0,3,4284.225806451613,8,0.3482896023422258
1381,관악구,192089.491658305,542916.6919849,1,0,1.0,1,2,0,696.8463232688791,0,0,0,0,208.74193548387098,14,0.0930684894375044
1382,관악구,191944.11515054436,542861.8881603227,3,1,1.0,1,2,0,544.7044525533216,0,0,0,1,626.1935483870967,12,2.770538111286228
1383,관악구,191826.262537862,542694.2889577035,4,1,1.0,0,2,0,420.9802941899711,0,0,0,4,1296.5806451612902,8,0.8974416973290023
1384,구로구,191028.738110089,542697.7215284242,5,1,1.0,1,2,1,132.7847420515785,0,0,1,4,3020.4193548387098,10,3.5986298238142216
1385,구로구,190901.771813006,542727.9888023427,3,2,0.3333333333333333,1,2,0,261.6194055041093,0,0,0,2,3680.1290322580644,8,3.219784455123958
1386,구로구,190746.8538401948,542798.831808199,5,1,1.0,1,2,1,431.6322947638441,0,0,0,4,4631.5161290322585,8,1.0249531019493363
1387,구로구,190833.3926099604,542935.3954283602,5,1,1.0,1,2,1,432.2165649918386,0,0,0,2,2565.7419354838707,9,1.4602705676059666
1388,구로구,190571.09324013905,542549.711001459,2,0,1.0,1,2,0,453.57564847181214,0,0,0,3,2185.2903225806454,4,1.8685349495727264
1389,구로구,190270.6181026832,542754.4594919479,5,2,0.4,1,2,0,356.89515393951234,0,0,0,1,540.6774193548387,2,1.1842378929335004e-14
1392,금천구,190098.4903097335,542060.730399591,4,0,1.0,1,2,0,233.06064366136007,0,0,0,7,7197.483870967742,7,0.6188485664982017
1393,금천구,189460.28135260424,541829.6722999348,4,2,0.75,1,2,0,872.8839413607462,0,0,0,4,6062.967741935483,6,0.6012277508603722
1395,금천구,189538.58476213063,542297.567637461,3,1,1.0,1,2,0,526.9029948843431,0,0,0,3,15778.193548387093,10,0.1423170196185423
1396,금천구,189494.781468514,542427.082385019,1,0,1.0,1,2,0,537.2672024148129,0,0,0,5,13480.516129032258,10,0.7807570642752845
1397,금천구,191120.003971466,540784.7872871144,2,2,0.5,0,2,0,265.0539049755656,0,0,0,2,1029.6451612903224,6,3.506386342626608
1398,금천구,189079.423051594,542921.448454595,4,0,1.0,1,2,0,847.1601773486069,0,0,0,8,2479.4516129032254,8,1.2185184346548776
1399,금천구,188825.17686807516,542862.5264965893,7,1,1.0,0,1,0,1092.8029124272366,0,0,0,0,187.22580645161293,2,4.714362602604749
1400,금천구,190409.68182373495,542009.7920557086,5,1,1.0,0,2,1,219.7994487884493,0,0,0,1,4527.935483870968,7,2.063412679267413
1401,금천구,190538.6009903602,541825.4237616725,5,1,1.0,1,2,1,191.8686609593214,0,0,1,3,4881.387096774194,5,4.380747620403476
1402,금천구,190600.768478252,541722.2904681261,2,2,0.5,1,2,0,74.51487830689318,0,1,1,3,6811.741935483871,5,1.7436580282623029
1403,금천구,191197.4314007907,541322.2308472187,3,2,0.3333333333333333,0,2,0,263.34331276726465,0,0,0,2,300.61290322580646,9,4.9766664734935935
1404,금천구,189653.855212774,542477.8243263289,4,1,1.0,1,2,1,374.467960436112,0,0,0,5,16409.387096774193,7,1.2474146394418997
1405,금천구,189933.774081641,541663.6944370575,2,0,1.0,1,2,0,638.6534112232582,0,0,0,2,1955.258064516129,5,0.6615324425237171
1406,금천구,190081.412089113,541249.9474914325,2,1,1.0,0,2,0,665.3636368451299,0,0,0,0,1098.516129032258,7,0.6318854777255645
1407,금천구,190284.695003571,541229.9984366967,3,2,0.3333333333333333,0,1,0,498.78115996751774,0,0,0,2,2201.677419354839,3,0.8349984151747918
1408,금천구,190232.97415859695,540795.833269305,3,0,1.0,1,2,0,631.5301434137976,0,0,0,3,7561.483870967742,4,10.463219470399231
1409,금천구,190403.38640858632,540318.0406026774,3,0,1.0,1,2,0,700.528800746122,0,0,0,2,1379.774193548387,3,12.637849964324566
1410,금천구,190692.13686972333,539625.8621489281,6,2,0.5,1,2,0,522.1137594522799,0,0,0,3,5310.806451612903,6,2.319425520560857
1411,금천구,190928.3569094507,539708.6976259203,3,0,1.0,1,2,0,349.9964103437698,0,0,0,0,4475.193548387097,8,10.286763506437795
1412,금천구,190936.6166648593,539351.5462552366,3,2,0.6666666666666666,1,2,0,280.2539916966159,0,0,0,1,982.9677419354839,2,0.5464995499788797
1414,금천구,190241.221475716,539812.665499317,3,0,1.0,1,2,0,1009.1696676579344,0,0,0,2,1428.3870967741934,3,3.8573947536245616
1415,금천구,190141.6368530104,539753.4871889132,5,1,1.0,1,2,1,1086.452728827056,0,0,0,6,2167.064516129032,3,1.292492876802204
1416,금천구,191979.288261818,541945.083875904,2,2,0.5,0,2,0,516.3039401580336,0,0,0,0,1718.2903225806451,3,2.295904646170837
1417,금천구,190763.51380074336,541473.0540181197,3,2,0.3333333333333333,0,2,0,81.74464513674548,0,1,1,3,3949.2580645161293,6,6.228638110792595
1419,금천구,190569.361883061,540799.9276118404,2,0,1.0,1,2,0,296.84038359980724,0,0,0,0,2533.0967741935488,3,8.199515244317054
1420,금천구,190804.110495847,541174.964026151,2,0,1.0,1,2,0,208.03450034922375,0,0,0,2,10454.0,6,1.7199698887036312
1421,관악구,192911.88539931749,541332.929201312,2,2,0.5,1,2,0,272.47012750777344,0,0,0,2,8836.41935483871,4,1.715429560908047
1422,금천구,192999.6678717712,538947.9099353496,5,2,0.6,1,2,0,1048.3285845085052,0,0,0,2,4179.677419354839,3,12.513747752630072
1423,금천구,191282.022602142,539495.8993360115,2,2,0.5,1,2,0,52.93820171092069,0,1,1,2,9199.483870967742,6,1.5422781987559258
1425,금천구,189827.86185167352,541971.5847263446,2,1,1.0,1,2,0,512.6001697275813,0,0,0,1,2087.8387096774195,7,12.524349119071896
1426,금천구,189689.4561134677,542361.3545475026,3,0,1.0,1,2,0,363.15215089237023,0,0,0,7,14758.806451612903,9,2.137846988883914
1427,구로구,190165.54977349032,545552.6290282026,3,1,1.0,1,2,0,1149.8895831665118,0,0,0,2,21002.77419354839,7,0.1484325402516055
1428,구로구,189980.2428758873,545365.341749925,3,2,0.3333333333333333,0,2,0,901.8102873808944,0,0,0,0,107.09677419354838,6,0.2582103786973189
1429,구로구,189723.37111595616,545157.2894959417,7,2,0.7142857142857143,1,2,0,631.8283078633983,0,0,0,4,10403.451612903227,3,0.44490207912796
1430,구로구,189154.8146835077,544651.045555754,3,2,0.6666666666666666,1,2,0,496.8648207029376,0,0,0,0,0.0,4,0.3413060032813024
1431,구로구,188911.88754703235,544483.7958555938,3,0,1.0,1,2,0,726.7275469707135,0,0,0,2,6463.41935483871,3,0.5814724458986001
1432,구로구,188283.91938469495,544469.6408310882,5,1,1.0,1,2,0,1022.5533191568968,0,0,0,2,10228.193548387097,3,7.064240310713204
1433,구로구,187848.55423979572,544135.7145875823,4,0,1.0,1,2,0,847.149374143715,0,0,0,2,4441.935483870968,7,1.39614307069403
1434,구로구,187585.3072963618,544178.4206149272,5,1,1.0,1,2,0,705.0637722579988,0,0,0,1,4601.096774193549,5,2.533085487092353
1435,구로구,187203.22446077628,544215.1366841828,7,2,0.4285714285714285,1,2,0,630.5259900658441,0,0,0,4,7749.354838709677,4,0.4804056433556939
1436,구로구,186945.901532452,544299.75420773,1,1,1.0,0,1,0,760.6861800660605,0,0,0,2,1124.516129032258,3,2.537168416743721
1437,구로구,186468.090188824,544259.795892718,2,2,0.5,1,2,0,322.3043106266935,0,0,0,0,1437.6774193548388,2,7.4358789441381745
1439,구로구,186229.6990115273,544095.9732217427,3,2,0.3333333333333333,1,2,0,36.93502309387603,1,1,1,1,9081.129032258064,4,1.5040016582296307
1440,구로구,185935.95170996545,543938.2316665486,5,2,0.4,1,2,0,22.71112498513939,1,1,1,3,6076.516129032258,7,1.6751121201346209
1441,구로구,185594.1255900685,543752.8144360315,2,1,1.0,1,2,0,374.5403924872967,0,0,0,0,1921.6451612903227,4,4.016020640460181
1443,구로구,185334.93985620505,543640.6296680837,4,2,0.25,1,2,0,655.5034512204643,0,0,0,0,2285.483870967742,9,5.2835509519540125
1444,구로구,185212.420982656,543584.0296384607,4,2,0.75,0,2,0,790.3099670370193,0,0,0,1,1790.8709677419356,7,8.318427222025365
1445,구로구,185091.1336399965,543563.3817678572,4,2,0.25,0,2,0,908.3284540904224,0,0,0,2,432.6774193548387,5,2.943846856961792
1446,구로구,184740.84706918,543524.931773135,1,2,0.0,0,1,0,1247.2785124752295,0,0,0,1,147.45161290322582,3,6.831854259207132
1447,구로구,184590.785472684,543446.436037437,1,1,1.0,0,2,0,1415.2274090724234,0,0,0,1,608.4838709677421,3,2.2380976285404053
1448,구로구,184489.0367297228,543323.8738856526,5,2,0.6,1,2,0,1555.7059526841165,0,0,0,3,715.0967741935484,2,5.041858421706256
1450,구로구,188937.27900094268,545299.5755687896,3,2,0.6666666666666666,1,2,0,1039.136055288846,0,0,0,0,280.5483870967742,2,5.813883592690233
1451,구로구,189106.142906302,545142.6990007553,6,2,0.5,1,2,0,809.6745500646125,0,0,0,5,2944.741935483871,4,0.7487976774335688
1452,구로구,189211.1562853233,545010.656547711,4,2,0.25,0,2,0,641.1639919366745,0,0,0,3,5581.129032258064,3,2.142999277853385
1453,구로구,189914.85922415828,544354.442139506,7,2,0.5714285714285714,1,2,0,305.4072779499888,0,0,0,2,1798.7096774193549,7,5.080123450679779
1454,구로구,190060.00306394,544151.5402541283,3,2,0.3333333333333333,1,2,0,543.6006556917844,0,0,0,1,3184.967741935484,5,4.911397450002184
1455,구로구,190243.4038573485,543856.7383563796,2,2,0.5,0,2,0,304.744028780148,0,0,0,2,6131.032258064516,4,2.596794954897206
1456,구로구,190343.63786415552,543713.1042328307,4,2,0.5,1,2,0,219.0966228674798,0,0,0,2,1249.4193548387098,2,0.9660886997138688
1457,구로구,190438.254377556,543578.0814415104,3,2,0.3333333333333333,1,2,0,213.0488654969506,0,0,0,2,4854.935483870968,4,0.8059305997109719
1458,구로구,190040.124141829,542979.270305642,1,0,1.0,1,2,0,486.7324565565797,0,0,0,0,5826.41935483871,4,3.2856195664855883
1459,구로구,190096.4243912775,543071.8074549099,2,2,0.5,1,2,0,389.5356990151427,0,0,0,1,1355.2903225806454,10,7.999799603646558
1460,구로구,190236.57557638767,543210.7048934534,3,2,0.6666666666666666,1,2,0,192.5268122242985,0,0,1,2,3383.3225806451615,8,3.175703186116928
1461,구로구,190303.1244768175,543275.825992361,2,2,0.5,1,2,0,99.90165042135318,0,1,1,3,3692.5161290322585,10,1.5511223749415226
1462,구로구,190410.0292983837,543353.2050818873,4,1,1.0,1,2,0,32.076352772999385,1,1,1,4,3234.8064516129034,7,2.3330819649975254
1463,영등포구,190778.843965509,543651.4145016562,5,2,0.6,0,2,0,234.1526915212297,0,0,0,1,5384.193548387097,3,20.3841687047121
1464,영등포구,190897.231818156,543727.001914215,2,2,0.5,1,2,0,96.58161946480904,0,1,1,3,5957.516129032258,4,0.6765756889188109
1465,영등포구,191035.71283666385,543844.4820379434,6,2,0.6666666666666666,1,2,1,103.79294826043706,0,0,1,3,5603.387096774193,4,0.283255152221639
1466,영등포구,191468.54208639567,544202.5428125156,3,2,0.3333333333333333,1,2,0,657.4234339447667,0,0,0,1,3784.354838709677,3,0.4657639076762176
1467,영등포구,191516.7061717625,544268.9136742405,2,2,0.5,1,2,0,738.1739351794781,0,0,0,2,1324.3870967741937,4,0.6129415996308
1468,영등포구,190895.9077093372,545039.1615243942,5,2,0.2,1,2,0,1255.285139415326,0,0,0,4,1801.5806451612902,6,0.692239597534714
1469,영등포구,190840.40200116351,544818.389986104,2,2,0.5,1,2,0,1078.0285780620063,0,0,0,2,2294.6774193548385,9,0.5692783317845299
1470,영등포구,190895.244396669,544681.16964574,1,0,1.0,1,2,0,935.1599799406522,0,0,0,1,2282.8709677419356,6,0.2517959156912693
1471,영등포구,191029.483233994,544309.826964689,2,2,0.5,1,2,0,560.2580514648303,0,0,0,4,1702.0967741935483,4,0.2510244451672576
1473,영등포구,191098.6577463515,544066.805056846,2,2,0.5,1,2,0,333.8023906994143,0,0,0,2,1750.6451612903227,5,7.199248501078008
1474,영등포구,191259.31814389463,543759.9456770612,3,2,0.6666666666666666,1,2,0,201.08040215145863,0,0,0,1,1280.1935483870968,6,2.6749022266448224
1475,영등포구,191382.7827834452,543575.7842299276,5,2,0.8,1,2,0,140.8964688641169,0,0,1,2,1514.3870967741934,7,0.9162050669586403
1476,영등포구,191552.31453047032,543392.966447948,3,2,0.3333333333333333,1,2,0,351.4699264361666,0,0,0,1,1308.7096774193549,5,0.4820559801218908
1477,영등포구,190974.037421747,543143.3824092097,3,1,1.0,1,2,0,468.9315436089289,0,0,0,1,750.5483870967741,9,16.666666666666664
1478,영등포구,191081.1414033825,543263.821309202,2,2,0.5,1,2,0,310.5009776345024,0,0,0,2,367.4516129032258,7,1.4631202428086916
1479,영등포구,191172.2699774635,543365.4890221375,2,2,0.5,0,2,0,180.3511884336565,0,0,1,1,672.483870967742,4,0.6715358231615436
1480,영등포구,191272.088054528,543475.5467473225,2,2,0.5,1,2,0,74.10185986490886,0,1,1,2,1308.0645161290322,7,0.3900724317444363
1481,영등포구,191473.523973205,543697.335671151,1,1,1.0,0,2,0,268.7166702816802,0,0,0,4,1380.7096774193549,7,1.6799449223929606
1482,영등포구,191541.1304790895,543765.823918798,2,2,0.5,1,2,0,362.681328823446,0,0,0,2,872.6129032258065,6,6.272317661571434
1483,영등포구,191754.333275553,544004.488535829,2,2,0.5,1,2,0,677.9505084819153,0,0,0,4,4294.290322580645,6,1.676917630703558
1484,영등포구,191661.81575806867,543904.762203604,3,2,0.3333333333333333,1,2,0,542.8897267976491,0,0,0,2,950.258064516129,6,7.60707434883745
1485,구로구,190673.176370026,543891.1665260266,2,0,1.0,1,2,0,347.2225504352052,0,0,0,4,7201.258064516128,3,4.937703198173807
1488,영등포구,190595.888746155,544734.650743286,1,1,1.0,0,1,0,968.215091479318,0,0,0,0,415.1612903225806,8,7.953292194289154
1489,구로구,190509.881476435,544745.762341427,1,1,1.0,0,2,0,887.5789283745581,0,0,0,1,415.1612903225806,8,6.575676695536593
1490,구로구,189611.05702443,544303.67693995,2,2,0.0,0,1,0,213.06074121756768,0,0,0,0,5810.451612903225,14,0.0
1491,구로구,189630.295766712,544037.135124155,3,2,0.3333333333333333,1,2,0,377.17467736398913,0,0,0,0,1492.3548387096773,9,2.3298125456806376
1493,구로구,189728.109545112,543590.131123763,3,2,0.6666666666666666,1,2,0,80.66679619515831,0,1,1,1,7066.419354838709,7,3.2777260651963283
1494,구로구,189749.1822442498,543466.4203576877,5,2,0.6,1,2,0,37.40655881916646,1,1,1,3,10175.451612903227,6,3.1545602506145616
1495,구로구,189776.57935739905,543334.192145304,2,2,0.5,1,2,0,80.63418124449774,0,1,1,2,14273.90322580645,5,7.1276285331495615
1496,구로구,189794.85982501265,543223.0096924586,3,2,0.3333333333333333,1,2,0,193.2214953928812,0,0,1,2,9198.354838709678,3,4.849884296046583
1497,구로구,189838.341572311,543089.734869518,1,0,1.0,1,2,0,332.1250381330028,0,0,0,2,6670.806451612903,5,0.9387753848954242
1498,구로구,189524.79916847372,543466.7505178279,4,2,0.5,1,2,0,201.7391581909694,0,0,0,3,1127.225806451613,5,2.9755218837293818
1499,구로구,189575.1053015792,543620.9588290567,7,2,0.1428571428571428,1,2,0,67.49416505732299,0,1,1,1,1023.1290322580645,5,6.608528112933384
1500,구로구,189889.01733196533,543798.282993816,3,2,0.3333333333333333,1,2,0,214.868621000672,0,0,0,1,1923.7096774193549,4,3.915974066831798
1501,구로구,190018.40262725964,543884.6470797496,3,2,0.3333333333333333,1,2,0,370.2684867606479,0,0,0,2,4963.741935483871,4,1.6069519215844663
1503,구로구,190328.76253518148,544084.0827428144,4,2,0.25,1,2,0,545.3029755541459,0,0,0,5,6553.870967741936,5,0.1427570686828971
1504,구로구,190458.80790306767,544172.8239046814,3,0,1.0,1,2,0,672.1438927077338,0,0,0,4,3331.225806451613,4,1.437002784453701
1505,영등포구,190718.649699168,544340.974191152,1,0,1.0,1,2,0,649.809016805367,0,0,0,1,320.35483870967744,5,1.8528629711102729
1506,영등포구,190811.08680515664,544400.2402094593,3,2,0.3333333333333333,1,2,0,673.7475164867737,0,0,0,1,910.1290322580644,4,0.7532847592940417
1507,영등포구,191070.118710423,544654.733845132,3,2,0.6666666666666666,1,2,0,907.3015017983024,0,0,0,3,2259.064516129032,7,0.5347160621459294
1508,영등포구,191144.07790015903,544760.2655062897,3,2,0.3333333333333333,1,2,0,1020.930633782578,0,0,0,3,2144.8064516129034,6,1.3816585287504246
1509,구로구,189976.3119209616,545895.4165332066,5,2,0.6,1,2,0,1405.5879278324524,0,0,0,0,378.741935483871,6,4.511661977208747
1510,구로구,189844.830762112,545773.9851046283,4,2,0.5,1,2,0,1259.8515659926306,0,0,0,3,903.8064516129032,7,0.8477974121562386
1512,구로구,189160.2680816585,543075.9354307265,2,2,0.5,0,2,0,695.9684218358035,0,0,0,0,869.1612903225807,6,1.822526909046864
1513,구로구,188934.95066109148,543534.565823273,2,0,1.0,1,2,0,713.4441135126737,0,0,0,2,2692.6129032258063,2,4.4944338796490575
1516,구로구,188683.996950195,543830.991104056,1,1,1.0,0,1,0,978.4825613953312,0,0,0,0,1233.225806451613,4,0.9415904153278346
1517,구로구,190063.39474413023,544463.8161337241,4,2,0.25,0,2,0,412.7597233018995,0,0,0,0,1867.3225806451615,5,1.3031772315801975
1518,구로구,190209.1887011782,544564.5319012121,5,2,0.8,1,2,0,558.1107194114596,0,0,0,2,2775.2258064516127,8,0.2792524192418207
1519,구로구,190264.959599631,544480.241741013,1,1,1.0,0,2,0,612.2961086298034,0,0,0,2,3846.8709677419356,8,0.293117298450231
1520,구로구,190289.0437598448,544609.135795354,4,0,1.0,1,2,0,642.8420328619203,0,0,0,1,4196.709677419355,12,0.7236024840742653
1521,구로구,190428.443791317,544389.6351300605,2,2,0.5,0,2,0,784.6059412778072,0,0,0,3,2700.41935483871,9,1.510503680951872
1524,구로구,190180.0872396795,544762.8188744129,2,2,0.5,0,2,0,583.0596535264624,0,0,0,2,1929.2580645161293,12,0.9465002572137196
1526,구로구,190074.46531047687,544992.8906795335,7,2,0.5714285714285714,1,2,0,635.8578078849945,0,0,0,0,2758.322580645162,8,1.4263402788618773
1528,구로구,190183.93365853297,545054.149497288,2,1,1.0,1,2,0,756.5440000452284,0,0,0,2,1485.5483870967741,7,1.1452274105619835
1529,구로구,190298.1337366095,545141.00819103,4,1,1.0,1,2,1,899.2582104597999,0,0,0,2,8255.516129032258,6,1.3043908440894854
1530,구로구,190538.20212513,545292.607040424,2,2,0.5,0,2,0,1179.5330607236228,0,0,0,1,14070.935483870968,5,5.112944947829548
1531,영등포구,190728.6541369515,545406.543160159,4,2,0.5,0,2,0,1059.3908130045993,0,0,0,2,2313.8709677419356,5,15.60316171937814
1533,구로구,189779.28886801665,544810.716660454,3,2,0.6666666666666666,1,2,0,313.4591532485033,0,0,0,2,610.1935483870968,5,2.9466882910951853
1534,구로구,187942.200519662,544585.5095412077,4,1,1.0,1,2,0,733.638109064448,0,0,0,4,4104.225806451613,1,0.3859223058413293
1535,구로구,187814.34305636268,544892.866436879,3,2,0.3333333333333333,1,2,0,402.3173334022357,0,0,0,3,5208.387096774193,2,8.047055499101562
1536,구로구,187753.9067655237,544981.8479758416,3,0,1.0,1,2,0,295.1232142969981,0,0,0,2,5058.645161290322,2,5.258228436993579
1537,구로구,187469.3053595733,545186.5353551047,3,2,0.3333333333333333,0,2,0,153.18835475103975,0,0,1,4,5788.193548387097,8,1.3870550003436637
1538,구로구,187341.13979185277,545122.0698434428,4,2,0.5,1,2,0,296.2586855880108,0,0,0,1,4364.000000000001,9,0.1340200360964279
1540,구로구,187251.4593818017,545077.972812464,3,2,0.6666666666666666,1,2,0,396.1210490807293,0,0,0,3,2779.290322580645,8,2.4688055517380585
1541,구로구,186992.74773309295,544958.6818529825,2,2,0.5,1,2,0,681.005079269114,0,0,0,0,817.1290322580645,6,1.4440128994469483
1542,구로구,186835.64957754523,544879.2153175483,4,2,0.25,0,2,0,856.9407483582551,0,0,0,1,3502.5806451612902,6,2.1016828933491936
1544,구로구,186752.4339723933,544836.1441904557,3,2,0.6666666666666666,0,2,0,931.0907993442912,0,0,0,3,3502.5806451612902,8,2.57132355374301
1545,구로구,186672.216911239,544810.363381916,2,2,0.5,1,2,0,863.6548843976974,0,0,0,2,6143.322580645161,7,7.097656196431632
1546,구로구,186524.4632723108,544736.5597935095,6,1,1.0,0,2,1,724.9192123772117,0,0,0,3,8276.612903225807,9,0.5287859310017555
1547,구로구,186432.7413490728,544685.6664057792,5,2,0.8,1,2,0,640.3773006085131,0,0,0,3,8549.741935483871,8,6.214830259389738
1548,구로구,186358.461227593,544657.690487478,1,1,1.0,0,2,0,589.5267745496168,0,0,0,5,6187.1290322580635,7,5.18862916766075
1549,구로구,186290.321251772,544626.705202452,1,1,1.0,0,2,0,543.6269858260707,0,0,0,3,6646.677419354838,6,7.542552664427073
1550,구로구,186173.681360449,544575.97337229,1,1,1.0,0,2,0,484.49676308003234,0,0,0,2,2629.83870967742,5,7.58039766823341
1551,성동구,204173.169751402,550229.4746022495,2,0,1.0,1,2,0,1189.6846815472454,0,0,0,1,1186.4193548387098,2,1.8642377658077935
1552,구로구,186025.27098719636,544482.4661549696,3,2,0.3333333333333333,0,2,0,425.0914390630773,0,0,0,2,2960.225806451613,4,12.19742522447755
1553,구로구,185887.3434485675,544383.0154423815,2,2,0.5,1,2,0,421.4285308780539,0,0,0,2,1938.032258064516,4,17.074475978589163
1554,구로구,185813.5230173615,544275.8381561915,2,2,0.5,0,2,0,330.5349961507659,0,0,0,1,1718.0967741935483,6,18.080265157923435
1555,구로구,185824.681012583,544176.427574113,1,1,1.0,0,2,0,233.7908606824486,0,0,0,2,1043.3548387096776,7,4.807778142164019
1556,구로구,185878.203160167,544079.293547584,1,0,1.0,1,2,0,123.64477145332104,0,0,1,4,3170.3225806451615,7,9.267358260289958
1557,구로구,185455.60166366037,543778.7237033473,3,2,0.3333333333333333,1,2,0,488.8152978012936,0,0,0,2,2691.612903225807,4,0.5709551802135415
1558,구로구,185086.486671702,543780.031436401,2,2,0.5,1,2,0,844.8156426613742,0,0,0,2,4583.290322580646,8,7.588449868175277
1559,구로구,185336.6984885465,543772.299340663,2,0,1.0,1,2,0,603.709087316707,0,0,0,3,3376.677419354839,6,1.6749906776161438
1560,구로구,185034.885103709,543910.7354908721,2,2,0.5,0,2,0,880.5967419530025,0,0,0,3,4102.709677419355,5,2.327284396710502
1561,구로구,184906.4818840205,543768.786214004,2,2,0.5,1,2,0,1023.8014568141548,0,0,0,0,2963.483870967742,6,4.0124843150220055
1562,구로구,184550.65527229905,544036.855612373,2,0,1.0,1,2,0,1367.1001469777118,0,0,0,5,478.9677419354839,1,5.2716924161510255
1563,구로구,184502.84103341895,543739.8206243844,3,2,0.6666666666666666,1,2,0,1426.9504606494131,0,0,0,3,9278.677419354839,4,8.05320585448293
1564,구로구,184389.8234578105,543702.210738562,2,2,0.5,1,2,0,1544.3629610707733,0,0,0,3,9273.709677419354,2,3.396270991481079
1565,구로구,184233.718185367,543619.7055202825,2,1,1.0,0,2,0,1712.491575533602,0,0,0,2,2289.5806451612902,2,1.8414616354527409
1566,구로구,185563.6550490205,543209.4780588,4,2,0.75,1,2,0,713.7254289521796,0,0,0,2,2303.032258064516,7,3.5162469762069706
1569,구로구,185318.698593669,543367.1645293485,2,1,1.0,0,2,0,831.1434793641644,0,0,0,2,594.5806451612902,6,4.42379923593536
1571,구로구,186372.24783398717,542493.324603924,6,2,0.6666666666666666,1,2,0,1212.3554698385187,0,0,0,2,333.8709677419355,2,5.488554926934765
1572,구로구,186335.1878695745,542181.1542518269,2,2,0.5,1,2,0,1512.2603312416866,0,0,0,0,0.0,1,6.361973081140627
1573,구로구,186294.167988003,541850.6515072566,2,2,0.5,1,2,0,1834.8734752401483,0,0,0,0,0.0,1,6.265986369270224
1574,구로구,187261.67049943167,543586.0005696273,3,2,0.3333333333333333,1,2,0,53.645082470543066,0,1,1,4,6298.8709677419365,5,0.2799102586978937
1575,구로구,187290.5662167345,543195.109022576,4,2,0.75,1,2,0,303.47795152859675,0,0,0,4,4744.419354838709,4,0.3256816356331319
1576,구로구,187274.21950671368,543004.8549961175,6,2,0.3333333333333333,1,2,0,491.5757339056568,0,0,0,5,5237.677419354839,3,1.2556656541458011
1578,구로구,187544.998635698,544731.7438118038,5,0,1.0,1,2,1,513.6145429682583,0,0,0,2,849.741935483871,3,2.588968787916374
1579,구로구,187674.662892998,544946.4597827843,3,2,0.6666666666666666,1,2,0,300.9264506079379,0,0,0,0,4807.193548387097,3,0.6023846775103792
1580,구로구,186816.98848316132,544643.110668626,3,2,0.3333333333333333,1,1,0,832.6134459504235,0,0,0,4,3547.741935483871,6,1.8131601662792372
1581,구로구,189747.0890833897,544293.8084637519,3,2,0.3333333333333333,1,1,0,237.8389289763938,0,0,0,1,1655.8387096774193,11,0.0
1582,구로구,185920.718143343,543514.9696698874,2,0,1.0,1,2,0,243.82259791115837,0,0,0,4,1039.3548387096776,5,6.038956659551798
1583,구로구,185902.30130577675,543687.5209811315,4,2,0.75,1,2,0,202.1498734374408,0,0,0,0,220.25806451612902,6,3.8925520463638223
1584,구로구,185844.80894928827,543377.7205394835,4,2,0.75,1,2,0,394.9655904271939,0,0,0,1,1319.032258064516,6,2.116652106367756
1585,구로구,187805.775997819,544211.7511898059,3,2,0.3333333333333333,0,1,0,868.3519768157927,0,0,0,3,8259.774193548388,8,1.57278511788124
1587,구로구,187910.9562482605,543558.309780135,2,0,1.0,1,2,0,664.2493935684214,0,0,0,0,0.0,2,1.0472308117937363
1589,동작구,197063.96393301632,545278.739133771,3,2,0.6666666666666666,1,2,0,412.9430519157204,0,0,0,2,4713.516129032258,4,6.844164722966616
1590,동작구,196802.89001044637,545476.639520195,3,2,0.3333333333333333,1,2,0,194.27051423691267,0,0,1,2,4145.096774193548,7,5.921189464667502e-15
1591,동작구,196118.4509840768,546012.66432194,5,0,1.0,1,2,0,833.9304087762055,0,0,0,1,319.2903225806452,1,3.756250969675635
1592,동작구,195277.8400011135,546001.5624948675,2,2,0.5,1,1,0,276.79472463021256,0,0,0,1,3997.967741935484,2,2.6650126829180585
1593,동작구,195075.68092463733,546028.0202167019,6,2,0.8333333333333334,1,2,0,105.41519576466295,0,0,1,4,17380.16129032258,3,1.3727836294075888
1594,동작구,194901.715989593,546015.566452971,2,2,0.5,1,2,0,123.91639302952797,0,0,1,3,23922.870967741936,5,1.7591596730156194
1595,동작구,194570.75890746425,545994.5391696885,4,2,0.75,1,2,0,20.731320540678063,1,1,1,2,15290.290322580646,4,0.9455687620467492
1596,동작구,194388.594382431,545977.6064675956,2,2,0.5,1,2,0,203.60960756365373,0,0,0,3,5308.935483870968,1,1.6789039332127529
1597,동작구,193736.879618335,545975.533679045,1,0,1.0,1,2,0,854.5765542260747,0,0,0,0,3235.8064516129034,4,7.312196206176373
1598,영등포구,193138.993776,545985.2622080804,3,2,0.3333333333333333,1,2,0,454.5038587227072,0,0,0,0,3758.7419354838707,3,0.5880337328477955
1599,영등포구,192727.0753132268,546168.2699695185,4,2,0.5,1,2,0,296.4696846264436,0,0,0,1,3527.935483870968,5,2.968890498329824
1600,영등포구,192665.92604303372,545851.5539327038,4,1,1.0,1,2,0,50.34407328015637,0,1,1,4,6279.225806451612,3,1.0570149718329642
1601,영등포구,192443.781429773,545789.438739134,1,0,1.0,1,2,0,160.04788775325716,0,0,1,1,8015.387096774194,3,0.9218776126285484
1602,영등포구,192180.5955668735,546094.5829212703,4,2,0.25,1,2,0,334.8923246122982,0,0,0,2,1170.6129032258063,3,5.481714873422714
1603,영등포구,191849.781249948,545568.356243399,1,0,1.0,1,2,0,430.7138766100074,0,0,0,2,1403.9354838709678,5,5.89400063289992
1604,영등포구,191644.168141954,545462.25235937,3,0,1.0,1,2,0,536.0782009676246,0,0,0,3,1600.0,5,1.3151560404592229
1605,영등포구,191430.533694797,545336.021728628,1,0,1.0,1,2,0,709.55414513504,0,0,0,2,3930.161290322581,4,2.7875209577059903
1606,영등포구,191070.154866329,545157.220426397,1,0,1.0,1,2,0,1067.6679353617517,0,0,0,2,954.3225806451612,5,2.265325684409077
1607,영등포구,191380.1726262475,545088.5739656615,2,2,0.5,1,2,0,770.080165151811,0,0,0,4,4630.967741935484,6,1.010863756526407
1608,영등포구,191304.596000984,544908.352012318,1,0,1.0,1,1,0,895.2902624182857,0,0,0,2,4839.709677419354,7,0.776608888505228
1609,영등포구,191196.69934401035,544841.2332708453,6,2,0.6666666666666666,1,2,0,1020.733726061614,0,0,0,4,1448.4193548387095,6,2.28762605002211
1610,영등포구,191408.92992361265,544616.4946239559,3,2,0.3333333333333333,1,2,0,959.6640261889476,0,0,0,2,1010.6451612903227,5,0.6696717756090939
1611,영등포구,191542.587513142,544764.417730047,1,0,1.0,1,2,0,762.1706465420208,0,0,0,2,2260.225806451613,7,0.5728864467137917
1612,영등포구,191590.45198820296,544689.6797711486,2,2,0.5,1,2,0,777.1539737066573,0,0,0,3,2013.8709677419354,4,1.0618956389405465
1613,영등포구,191666.977745334,544538.640624159,2,1,1.0,1,2,0,846.8406964142612,0,0,0,1,2561.3548387096776,8,0.9750123070518204
1614,영등포구,191635.57760057316,544468.6201788026,8,2,0.75,1,2,0,922.647507836066,0,0,0,1,3327.3870967741937,7,0.833932976864631
1615,영등포구,191565.614074173,544344.153546296,1,0,1.0,1,2,0,826.0415380486506,0,0,0,2,1331.193548387097,5,0.6141780530159717
1617,영등포구,191837.06151163176,543462.3923103735,4,2,0.75,1,2,0,602.1250733709991,0,0,0,4,10870.806451612902,4,1.6578240465300602
1618,영등포구,191935.614900361,543882.2458758185,2,2,0.5,0,2,0,764.2606808520882,0,0,0,1,1943.9354838709678,7,2.279480350811577
1619,영등포구,191898.842508111,544041.9058491295,2,2,0.5,1,2,0,814.2680124247656,0,0,0,4,4289.967741935484,8,1.881188062694162
1620,영등포구,191880.31199280132,544266.2288097966,3,2,0.6666666666666666,1,2,0,951.732171586548,0,0,0,3,3759.8387096774195,8,2.960594732333751e-15
1621,영등포구,192052.1582584525,544721.720032906,2,2,0.5,1,2,0,529.5942117226585,0,0,0,2,5795.032258064515,4,6.545562342720548
1622,영등포구,192048.6738163605,544928.5135994405,2,1,1.0,1,2,0,327.7642480002341,0,0,0,1,4399.548387096775,6,6.947843181811677
1623,영등포구,192132.59656674063,545166.5641821738,6,2,0.6666666666666666,1,2,0,78.37111859860602,0,1,1,4,6745.612903225807,6,3.950561538090712
1624,영등포구,192132.46913897037,545284.7609611483,3,2,0.3333333333333333,1,2,0,39.88060247671884,1,1,1,2,3478.064516129032,5,8.990059335066789
1625,영등포구,192293.98644377533,545093.4540535724,3,2,0.3333333333333333,1,2,0,220.15548396033967,0,0,0,3,4045.709677419355,4,2.347262916542701
1626,영등포구,192793.7338458557,544966.454295462,3,2,0.6666666666666666,1,2,0,303.11321090888373,0,0,0,1,821.8709677419355,7,8.107764656704019
1627,영등포구,192958.9871904305,544960.7093064641,2,2,0.5,1,2,0,140.03199510475946,0,0,1,2,6672.322580645162,6,7.91874943459962
1628,영등포구,193286.84887165585,545551.0542447782,5,2,0.6,1,2,0,404.41189118626926,0,0,0,3,8881.709677419354,2,3.512689923601193
1629,영등포구,193172.523744983,545196.4488808849,3,2,0.3333333333333333,1,2,0,54.30131626330754,0,1,1,2,3743.064516129032,5,4.718298377593353
1630,영등포구,192128.7787827775,544407.835600026,2,2,0.5,1,2,0,837.1006405525928,0,0,0,1,768.5161290322579,9,1.047487074389058
1631,영등포구,192374.311390743,544353.5156431426,3,2,0.3333333333333333,1,2,0,923.1714439585752,0,0,0,1,726.0645161290322,10,0.2609051961613851
1633,영등포구,192699.345024357,544198.422833481,2,2,0.5,0,2,0,859.3829597689387,0,0,0,1,4881.516129032258,6,3.315307838295253
1634,영등포구,192378.000251872,544138.1323234136,3,2,0.6666666666666666,1,2,0,1062.9918683576575,0,0,0,2,254.19354838709677,7,5.227373508752986
1635,동작구,192094.476765158,543866.8621245463,3,2,0.3333333333333333,1,2,0,905.4032203282233,0,0,0,2,7107.677419354838,5,2.024022732467614
1637,동작구,193283.309017385,544489.4787622063,3,1,1.0,1,2,0,363.939216863266,0,0,0,2,3626.322580645161,11,1.381952622145525
1638,동작구,193153.86110528835,544492.9243440327,3,2,0.6666666666666666,1,2,0,489.8438082183809,0,0,0,2,3168.8709677419356,13,1.0506948766089803
1639,동작구,193576.1795654145,543957.587331846,4,2,0.5,1,2,0,370.45765492447737,0,0,0,3,4637.903225806452,2,10.80316561540671
1641,동작구,193854.30395846767,544481.7561671304,3,2,0.3333333333333333,1,2,0,57.635095997648655,0,1,1,3,12707.709677419354,4,1.584862652241489
1642,동작구,193979.827998452,544550.877870115,2,0,1.0,1,2,0,53.221348949723854,0,1,1,5,12743.032258064515,3,2.068287232150047
1643,동작구,194219.541709828,544746.1935219154,3,2,0.3333333333333333,1,2,0,117.78226034789952,0,0,1,2,3115.1290322580644,2,3.069086367188323
1644,동작구,194004.14792130925,545483.0200892285,4,1,1.0,0,2,1,779.7341638984057,0,0,0,2,1101.2903225806451,4,1.2101511183472091
1645,동작구,194512.7714527222,544977.0681670958,5,2,0.4,1,2,0,191.15306550205992,0,0,1,4,11370.580645161292,6,3.629768245929891
1646,동작구,194719.7755116533,545641.361458509,3,2,0.3333333333333333,1,2,0,379.3659209182558,0,0,0,2,5083.774193548387,3,6.841148447990246
1647,동작구,194831.26174089848,545083.6523017285,4,2,0.75,1,2,0,158.56472594140106,0,0,1,5,4674.1935483870975,8,1.935055963565529
1648,동작구,195085.2578562626,545090.7437134467,5,2,0.6,1,2,0,240.79901132715597,0,0,0,2,4174.870967741936,8,8.69646113349372
1649,동작구,195244.9094066578,545043.8481810924,5,2,0.8,1,2,0,133.62470209194285,0,0,1,6,7207.580645161291,6,5.160780512438071
1650,동작구,194633.21690289635,544963.2872141056,3,2,0.3333333333333333,1,2,0,124.8782935612234,0,0,1,4,10710.709677419354,7,1.882555174337502
1651,동작구,194687.920670644,544816.901267878,1,1,1.0,0,2,0,265.2919214352401,0,0,0,0,6961.580645161291,6,16.708687752051667
1653,동작구,194844.00023145435,544580.2554061527,3,2,0.6666666666666666,1,2,0,529.9475790235253,0,0,0,1,2534.516129032258,4,11.987612410382493
1654,동작구,194947.888979968,544493.330337096,1,0,1.0,1,2,0,649.5921342656693,0,0,0,2,3476.483870967742,6,7.132097780070174
1655,동작구,195055.677814814,544406.5261359554,5,1,1.0,1,2,0,728.3787341587,0,0,0,2,6718.741935483871,5,6.794383729150806
1656,동작구,195208.3296178721,544695.2899524267,7,2,0.4285714285714285,1,2,0,473.7280868287309,0,0,0,4,3474.870967741935,4,2.9847764705363504
1658,동작구,195411.19815825435,545314.3978861537,3,1,1.0,0,2,0,183.98069446889147,0,0,1,4,4864.806451612903,5,13.676221792463776
1659,동작구,195644.5973111504,545039.3690075907,3,2,0.3333333333333333,1,2,0,347.9376858462718,0,0,0,2,9095.09677419355,6,6.3113510889977205
1660,동작구,195758.25634615368,545046.989086172,3,2,0.3333333333333333,0,2,0,454.684027795911,0,0,0,0,7158.8387096774195,7,3.749565091381631
1661,동작구,195774.0493928725,545163.7409420925,2,2,0.5,0,1,0,457.1755843204636,0,0,0,0,5789.935483870968,7,9.263500020591238
1662,동작구,195507.0350753487,544660.155217766,3,2,0.3333333333333333,1,2,0,498.82308703346587,0,0,0,2,5093.935483870968,1,1.5356065479662462
1663,동작구,195707.45022078,544370.9466824443,3,2,0.3333333333333333,1,2,0,149.6623740012919,0,0,1,2,5780.870967741935,5,8.333333333333345
1664,동작구,195803.21850345776,544233.4316810155,4,1,1.0,1,2,0,12.86089394017125,1,1,1,2,20959.290322580644,6,4.005959838925991
1665,동작구,196146.6181995555,543668.5261544965,2,2,0.5,0,2,0,651.8102487306658,0,0,0,4,7137.516129032258,4,8.71406994260307
1666,동작구,196168.144362643,543991.7634629927,3,2,0.6666666666666666,1,2,0,413.2676064528852,0,0,0,2,1806.3225806451615,2,7.745736717126755
1667,동작구,196367.378773912,543954.3377569636,3,2,0.6666666666666666,1,2,0,600.9644443109864,0,0,0,1,3775.6774193548385,3,7.056663349847839
1668,동작구,196533.41592370268,543923.3109527744,3,2,0.6666666666666666,1,2,0,763.2107581246592,0,0,0,4,1969.3548387096773,2,15.080186857708211
1669,동작구,196547.731852048,545130.5076604247,3,2,0.6666666666666666,1,2,0,178.70809898490177,0,0,1,3,2898.838709677419,9,5.263413166671371
1670,동작구,196518.76590994,544804.177073165,1,2,0.0,0,2,0,504.4360609028344,0,0,0,4,3382.8387096774195,5,18.710603423981585
1672,영등포구,192795.70450086868,544502.8022110853,3,2,0.3333333333333333,1,2,0,572.2167342922121,0,0,0,2,4846.129032258064,9,1.2437859090578662
1673,영등포구,192596.5592442332,544539.6026045992,6,2,0.5,1,2,0,672.4372061756483,0,0,0,2,699.5483870967741,10,1.157573643610282
1674,영등포구,192415.526130489,544514.790590847,1,0,1.0,1,2,0,782.4467243772388,0,0,0,1,911.6129032258065,8,4.153396853507694
1676,영등포구,192111.075044441,544517.8471983509,3,2,0.6666666666666666,1,2,0,727.4395247929662,0,0,0,2,4787.387096774193,8,5.670125450701218
1677,영등포구,192284.813869304,545748.534842469,1,0,1.0,1,2,0,4.783814803555288,1,1,1,1,3518.6451612903224,5,3.1521050112826883
1679,영등포구,192121.03477878068,546005.8962797743,3,2,0.3333333333333333,0,2,0,304.6729669097475,0,0,0,1,1717.1290322580646,4,8.6766649751298
1680,영등포구,192052.99037215897,544418.870178046,3,2,0.3333333333333333,1,2,0,830.03217329092,0,0,0,1,1630.6451612903227,9,0.5697932223158375
1681,영등포구,192279.84975596075,544376.3939863648,4,2,0.25,0,2,0,880.6500346164343,0,0,0,1,726.0645161290322,9,0.6898495520377305
1682,동작구,191822.2597021895,543202.9253477345,2,2,0.5,1,2,0,586.6472819087057,0,0,0,3,610.1290322580645,6,1.9219245750768248
1683,동작구,191902.93870693468,543136.200374411,3,2,0.3333333333333333,1,2,0,606.4001771426578,0,0,0,1,639.3548387096774,8,0.2220203454997923
1684,동작구,192043.87957943,543081.240156137,3,2,0.3333333333333333,1,2,0,702.4101642091334,0,0,0,2,854.3870967741937,11,1.00685639552801
1686,동작구,195539.902312915,544969.587910213,1,0,1.0,1,2,0,290.8860150602842,0,0,0,4,10747.483870967742,4,2.45254891143072
1687,동작구,192158.478814708,543084.0444761789,2,2,0.5,0,2,0,809.2051848833144,0,0,0,2,8015.4838709677415,9,5.890313724301339
1688,동작구,192267.556520535,543141.5042899274,4,2,0.25,0,2,0,931.7837969691,0,0,0,3,11948.74193548387,8,10.817194788442764
1689,영등포구,191653.83062950496,545092.073708478,4,2,0.75,1,2,0,504.1137260061153,0,0,0,2,803.9677419354838,7,0.6874171119531022
1690,강남구,201734.406784944,547026.6222704677,3,2,0.3333333333333333,1,2,0,685.3263852810073,0,0,0,1,6211.645161290322,7,1.188806329420012
1691,강남구,201857.04122081705,547104.680381792,3,2,0.3333333333333333,1,2,0,773.9321687823267,0,0,0,3,6211.645161290322,5,0.7291041111030221
1692,강남구,201977.077575418,547186.5068163428,5,2,0.8,0,2,0,880.6800499961801,0,0,0,0,2750.967741935484,4,2.3254333796692825
1693,강남구,202125.73598307036,547275.291829229,3,2,0.6666666666666666,1,2,0,1014.5143297104814,0,0,0,1,4351.064516129032,3,1.260740236041915
1694,강남구,202324.923451069,547402.8069287596,3,2,0.3333333333333333,1,2,0,1217.0365308384294,0,0,0,0,7580.354838709678,5,1.9862321759039503
1695,강남구,202678.10682661436,547628.962918574,3,2,0.6666666666666666,0,2,0,1439.1805826836885,0,0,0,3,9835.258064516129,5,2.281893366759521
1696,강남구,203126.105352144,547744.774524366,2,2,0.5,0,2,0,1303.830031947232,0,0,0,2,8053.064516129032,4,1.6339453101622678
1697,강남구,203264.58208797697,547699.3011216056,2,1,1.0,1,2,0,1162.9608761276252,0,0,0,2,6419.806451612903,4,0.9009176031889984
1698,강남구,203470.820230137,547642.6336353435,2,2,0.5,0,2,0,962.6467078447182,0,0,0,2,8891.935483870968,4,1.823645043480712
1699,강남구,203874.94144886237,547503.0772319162,3,2,0.3333333333333333,1,2,0,575.3079893729642,0,0,0,0,2961.1612903225805,3,1.374964978675545
1700,강남구,203896.800094508,547590.453608087,1,2,0.0,0,2,0,634.6637374396878,0,0,0,0,2961.1612903225805,3,11.382599890108455
1701,강남구,202038.1596484955,546445.1414421336,2,2,0.5,0,2,0,325.55860837223963,0,0,0,1,6449.032258064516,1,5.583787513777014
1702,강남구,202320.7562759123,546605.1890641423,3,2,0.3333333333333333,1,2,0,647.3750453102045,0,0,0,2,3818.6129032258063,3,5.459136201334012
1703,강남구,202690.59051486105,546773.9594594133,3,2,0.3333333333333333,1,2,0,680.2352655051241,0,0,0,2,3033.8709677419356,3,1.299318116984427
1704,강남구,202813.45215769295,546823.0378093,3,2,0.3333333333333333,1,2,0,646.7906162825875,0,0,0,0,3622.032258064516,4,5.924829742281912
1705,강남구,203171.12407251736,546969.3313046177,3,2,0.3333333333333333,0,2,0,702.295480849059,0,0,0,0,7491.870967741936,4,1.5660039386788327
1706,강남구,203311.83803755068,547022.5809142777,3,2,0.3333333333333333,0,2,0,685.6723506903874,0,0,0,2,4671.8387096774195,4,3.1835859473331256
1707,강남구,203663.72878565767,547111.0874639606,3,2,0.3333333333333333,0,2,0,568.894713717075,0,0,0,0,3098.7419354838707,6,3.5009324426987947
1708,강남구,203952.06578915365,547155.5387848776,3,2,0.3333333333333333,1,2,0,296.7078673154002,0,0,0,3,2734.645161290323,2,2.8018575784641206
1709,강남구,204446.9371470813,547232.4218446593,3,2,0.3333333333333333,0,2,0,284.04477262300725,0,0,0,3,9447.290322580644,3,2.793801964391148
1710,강남구,204665.37974194932,547266.751723223,3,2,0.3333333333333333,1,2,0,487.015901708256,0,0,0,0,4581.419354838709,4,3.5366291043497
1711,강남구,202009.52938187032,545783.9236219242,3,2,0.3333333333333333,1,2,0,363.431828455569,0,0,0,2,2528.8709677419356,4,6.214651774684725
1712,강남구,202223.66255889836,545865.9259012471,3,2,0.3333333333333333,1,2,0,453.3552521316184,0,0,0,0,515.0,2,6.08344394730621
1713,강남구,202372.1360710413,545923.2009004416,3,2,0.3333333333333333,1,2,0,505.4818998387222,0,0,0,0,0.0,2,3.704163683023456
1714,강남구,202525.92637228267,545982.7076058331,3,2,0.3333333333333333,1,2,0,405.0116111664876,0,0,0,0,2603.4193548387098,3,2.1679985894131804
1715,강남구,202926.14055106867,546136.8825846614,3,2,0.3333333333333333,1,2,0,254.66541214577848,0,0,0,0,281.80645161290323,4,4.640469591464616
1716,강남구,203382.30005599663,546314.1475333556,3,2,0.3333333333333333,1,2,0,242.0914714844397,0,0,0,0,2247.677419354839,3,9.082099360539951
1717,강남구,203873.97460621432,546467.4952777466,3,1,1.0,1,2,0,268.5345044656309,0,0,0,1,4046.8064516129034,4,7.214194811053194
1718,강남구,203988.286461245,546493.072731064,3,2,0.3333333333333333,1,2,0,385.6691353532048,0,0,0,0,1671.6451612903227,3,5.04210779926229
1719,강남구,204109.0694082553,546520.8023141783,3,2,0.6666666666666666,1,2,0,509.5942521840119,0,0,0,1,5344.677419354839,3,3.0447081113890206
1720,강남구,204239.0636102153,546549.4058335479,3,2,0.3333333333333333,1,2,0,500.5611594737101,0,0,0,2,5344.677419354839,4,9.52748248950075
1721,강남구,204645.6625180673,546640.6209129631,3,2,0.3333333333333333,1,2,0,583.8041942116711,0,0,0,2,4064.4193548387093,2,1.2701016868870596
1722,강남구,205154.05402134467,546779.5668687454,3,2,0.6666666666666666,0,1,0,963.4299188750912,0,0,0,0,6162.1935483870975,7,15.612177508754844
1723,강남구,202475.3472674163,545119.237420275,3,2,0.3333333333333333,1,2,0,323.87687660454804,0,0,0,1,663.1612903225806,0,7.130248607479419
1724,강남구,202785.9754658253,545237.5641303053,3,0,1.0,1,2,0,486.9404599917783,0,0,0,4,767.1612903225806,3,5.061716467703121
1725,강남구,203190.2223365045,545382.128752897,2,2,0.5,1,2,0,490.99136784409546,0,0,0,2,1114.4193548387098,5,1.1006736262483583
1726,강남구,203549.891871232,545526.5732871167,3,0,1.0,1,2,0,740.3110385524341,0,0,0,2,2375.322580645161,4,4.777306076038943
1727,강남구,204073.873415117,545718.696020027,1,0,1.0,1,2,0,706.4003873542986,0,0,0,3,1340.7096774193546,3,0.9745311305607036
1728,강남구,204263.04412802448,545779.186831624,2,2,0.5,1,2,0,730.6628406352614,0,0,0,1,1340.7096774193546,3,4.388304288428865
1729,강남구,204518.6717624193,545884.3217682437,3,2,0.3333333333333333,1,2,0,746.3352315330042,0,0,0,2,1701.9032258064517,3,4.949563089971918
1730,강남구,204978.563133992,546006.3959310349,3,2,0.6666666666666666,1,2,0,912.5554458428048,0,0,0,0,361.38709677419354,3,5.007917733199671
1731,강남구,205141.5105120873,546040.0429617835,4,2,0.25,1,2,0,1010.9072526413204,0,0,0,3,6143.419354838709,4,3.399742171035568
1732,강남구,205471.5957004515,546122.847465235,4,2,0.25,1,2,0,1266.124625950799,0,0,0,2,6538.645161290322,3,0.458651347520392
1733,강남구,205689.683422776,546173.6808040906,2,2,0.5,1,2,0,1451.262973026914,0,0,0,2,458.0322580645161,3,1.1512372735902687
1734,강남구,202748.92114923368,544396.3341001552,6,0,1.0,1,2,0,142.1282924526853,0,0,1,0,6976.322580645161,3,3.5608177909865604
1735,강남구,202910.4571411915,544458.6533694423,4,2,0.5,1,2,0,284.7699128123012,0,0,0,1,4974.0,3,3.009503898848275
1736,강남구,203525.300187942,544695.836737261,3,2,0.3333333333333333,1,2,0,173.2868007058891,0,0,1,1,5675.290322580646,2,7.612544507017644
1737,강남구,204040.26179159305,544894.788143817,3,2,0.3333333333333333,1,2,0,263.6426152907344,0,0,0,0,5203.193548387097,3,1.2805435640502456
1738,강남구,204678.34251038637,545141.361000021,3,2,0.3333333333333333,1,2,0,21.287353714084315,1,1,1,0,3540.1290322580644,0,3.929775140286533
1739,강남구,205254.25365843083,545364.561358686,6,2,0.8333333333333334,1,2,0,617.9803048186901,0,0,0,1,7887.322580645161,2,0.7596247235684455
1740,강남구,205871.74136018264,545602.514992685,3,1,1.0,1,2,0,1053.6200075236634,0,0,0,3,5195.645161290323,6,0.5602969004802697
1741,강남구,202812.47470667865,543792.9400800297,3,2,0.3333333333333333,1,2,0,209.1070933188378,0,0,0,0,474.4193548387097,8,0.2122222943914842
1742,강남구,202962.0126812,543852.1875325779,5,2,0.8,1,2,0,310.2500934225861,0,0,0,2,1059.5483870967741,7,2.406316513731923
1744,강남구,203266.67275105705,543961.5068784005,2,2,0.5,1,2,0,602.307518868999,0,0,0,0,0.0,4,2.868857822542114
1745,강남구,203472.674252634,544046.7851938017,4,0,1.0,1,2,0,712.9783565838728,0,0,0,0,4627.290322580645,7,4.751707354122103
1746,강남구,203583.96839611372,544116.4014209037,4,2,0.25,1,2,0,594.9558637730494,0,0,0,2,3820.387096774193,6,4.827961281941366
1747,강남구,203715.0568842665,544199.9655978895,2,2,0.5,1,2,0,463.6729409597058,0,0,0,0,2685.7741935483873,4,2.936190958196387
1748,강남구,203836.40814910037,544270.2521277387,3,2,0.3333333333333333,1,2,0,366.7766710854116,0,0,0,2,2444.483870967742,5,2.757624497565535
1749,강남구,204168.60396904705,544438.583859507,2,0,1.0,1,2,0,352.60802584344964,0,0,0,2,2157.064516129032,2,2.202368640506964
1750,강남구,204338.691392772,544506.057171565,2,2,0.5,1,2,0,369.0058557717581,0,0,0,0,4728.516129032258,3,10.691094832613182
1751,강남구,204660.14473659665,544634.0987079487,3,2,0.3333333333333333,1,2,0,288.6522883582572,0,0,0,1,3280.516129032258,4,2.7812379994468373
1752,강남구,204891.39776954032,544728.427925922,3,2,0.3333333333333333,1,2,0,366.37937205526777,0,0,0,1,1539.1290322580644,3,2.3395940454327104
1753,강남구,205009.41552625268,544777.1700290537,3,2,0.3333333333333333,1,2,0,249.79031403190868,0,0,0,2,2451.322580645161,5,4.151300613479112
1754,강남구,205408.96669893505,544938.7554000551,3,2,0.3333333333333333,1,2,0,244.79115936011283,0,0,0,2,3432.483870967742,5,6.491637175805991
1755,강남구,205495.5539436475,544980.671595012,2,2,0.5,1,2,0,333.9865148395105,0,0,0,2,3432.483870967742,4,3.5859796166032374
1756,강남구,202931.71863205067,543398.1782317767,3,2,0.3333333333333333,1,2,0,604.8486789694764,0,0,0,2,3616.548387096774,6,2.6718991053524377
1757,강남구,203100.200321664,543466.394161794,4,0,1.0,1,2,0,644.0541363845751,0,0,0,1,2546.516129032258,5,6.019816753305314
1758,강남구,203257.36929985863,543523.490396158,3,2,0.3333333333333333,1,2,0,724.8937521381034,0,0,0,2,5407.064516129032,5,3.6142659572753706
1759,강남구,203472.6240489205,543598.2995495925,2,2,0.5,1,2,0,877.548429275651,0,0,0,2,5130.354838709677,5,1.3313600491853703
1760,강남구,203616.863236167,543661.9337014753,4,1,1.0,1,2,0,857.464042426707,0,0,0,2,8047.1290322580635,5,3.774269463339497
1761,강남구,203758.82015824167,543718.3761000534,3,2,0.3333333333333333,1,2,0,839.4042321842136,0,0,0,3,5748.999999999999,6,8.379332148090993
1763,강남구,204491.07998264,544005.780379467,2,2,0.5,0,2,0,307.2101854870935,0,0,0,1,5919.290322580646,4,1.415418206890493
1764,강남구,204287.60295561803,543928.1171119324,3,2,0.3333333333333333,0,2,0,490.86653066195584,0,0,0,2,5493.483870967742,3,2.221664772451325
1765,강남구,204840.4687969577,544162.9758370006,3,1,1.0,1,2,0,140.89343716257724,0,0,1,2,8840.096774193547,5,3.229845790135878
1766,강남구,204976.20120202168,544217.2917425376,3,2,0.3333333333333333,1,2,0,255.62361711982177,0,0,0,1,2096.0967741935483,4,2.863912549232559
1767,강남구,205205.12163654875,544310.4642681167,4,1,1.0,1,2,0,439.23785269938,0,0,0,1,10053.290322580644,5,0.7281988652442806
1768,강남구,205530.329485006,544441.3961857939,3,2,0.3333333333333333,1,2,0,409.4788785795376,0,0,0,1,5292.806451612903,3,3.7169485112626224
1769,강남구,205723.9062172887,544520.155656098,3,2,0.6666666666666666,1,2,0,518.6215432021404,0,0,0,1,3274.9032258064517,3,0.5286733070240561
1770,강남구,206069.8417157765,544658.8016040085,2,2,0.0,0,1,0,817.2436089110366,0,0,0,2,4158.709677419355,1,11.95613174382582
1771,강남구,204407.91557474187,543218.3484730372,8,2,0.5,1,2,0,416.833446912581,0,0,0,3,3248.709677419355,4,0.4836293771128463
1772,강남구,204709.586179525,543389.9111112184,3,2,0.3333333333333333,1,2,0,607.6735872896753,0,0,0,2,2326.483870967742,5,1.4585845391134278
1773,강남구,205144.95375193324,543644.9048899153,4,2,0.25,1,2,0,103.19892955232248,0,0,1,1,3648.741935483871,4,0.7096929541527075
1774,강남구,205266.200832097,543714.4300477766,4,2,0.25,1,2,0,31.15056772600005,1,1,1,2,2081.290322580645,4,0.6395645177128806
1775,강남구,205402.07706231932,543787.490674053,3,2,0.3333333333333333,1,2,0,95.00190520085968,0,1,1,3,4918.290322580645,6,0.316201543480729
1776,강남구,205901.6832222425,544002.2164535089,2,0,1.0,1,2,0,632.2535999596867,0,0,0,4,2321.516129032258,0,0.2111405337661794
1777,서초구,203798.942464538,542500.9568543308,6,2,0.6666666666666666,1,2,0,533.6166280146892,0,0,0,3,3407.1935483870966,6,1.2041552281598942
1778,강남구,203931.222094108,542671.2277797015,2,2,0.5,1,2,0,319.19113155418364,0,0,0,0,2048.032258064516,7,0.3228724945307763
1779,강남구,204098.963070345,542825.3158231057,3,2,0.6666666666666666,0,2,0,122.45900358899824,0,0,1,2,5109.709677419354,5,0.8656267915736482
1780,강남구,201807.220112511,545940.9891899921,3,2,0.6666666666666666,1,2,0,166.27259519775907,0,0,1,1,12491.516129032258,4,4.4165547434225045
1781,강남구,202061.88733281332,545293.2669444333,3,2,0.6666666666666666,1,2,0,159.35188135933052,0,0,1,2,19433.774193548383,2,0.6556223002565975
1782,강남구,202287.14520454349,544679.4481419025,2,0,1.0,1,2,0,58.76134246177418,0,1,1,10,34742.838709677424,4,5.64283102088852
1784,강남구,202560.553754088,543969.816018943,1,0,1.0,1,2,0,108.10164638909411,0,0,1,7,20923.870967741932,5,2.149601014174003
1787,강남구,202816.64266481,544211.2401305088,4,2,0.5,0,2,0,99.84903656671848,0,1,1,1,138.09677419354838,3,5.382275913282916
1788,강남구,202888.19529703,544031.517482323,3,2,0.6666666666666666,0,2,0,241.14903605986416,0,0,0,1,138.09677419354838,5,0.7401308026333631
1789,강남구,203015.990192765,543687.3767818566,3,2,0.3333333333333333,0,2,0,433.2077685073266,0,0,0,0,1059.5483870967741,8,1.565772381475945
1790,강남구,202458.04526608865,547865.360793079,3,2,0.3333333333333333,0,2,0,1689.186941266015,0,0,0,0,0.0,3,1.7190341044927018
1791,강남구,202492.933311307,546903.575487333,3,2,0.3333333333333333,0,2,0,910.715366838619,0,0,0,0,4103.870967741936,3,3.6302085137469575
1792,강남구,202604.32794801533,546365.521896945,3,2,0.3333333333333333,0,2,0,549.2233001604517,0,0,0,0,4991.548387096775,2,3.8564939652411097
1793,강남구,202852.16162698495,545704.4520141833,3,2,0.3333333333333333,1,2,0,23.935176263868108,1,1,1,2,2818.7741935483873,2,4.905309272314327
1794,강남구,203047.529689639,545182.4865236069,3,2,0.3333333333333333,1,2,0,579.5127836997334,0,0,0,2,3832.903225806452,5,6.158143256195683
1795,강남구,203102.183676471,545035.9313028787,3,2,0.3333333333333333,1,2,0,637.3999178374802,0,0,0,1,3302.5806451612907,2,5.653540568407749
1796,강남구,203155.44790465332,544893.1501589076,3,2,0.3333333333333333,0,2,0,540.3412401381602,0,0,0,0,0.0,2,6.414199603756904
1797,강남구,203209.01805531533,544749.5590880247,3,2,0.3333333333333333,0,2,0,473.12754977111655,0,0,0,2,7262.709677419354,2,9.289140985011327
1798,강남구,203388.737666574,544271.2289679106,3,2,0.3333333333333333,1,2,0,578.8582207073764,0,0,0,2,2433.5806451612907,3,6.686899876348776
1799,강남구,203530.324698544,543893.731619819,1,1,1.0,0,2,0,817.7088777852487,0,0,0,2,2704.0,7,2.197819230820948
1800,강남구,203568.82696740064,543787.2116268374,3,2,0.0,1,2,0,901.5444802996136,0,0,0,0,5395.870967741936,7,3.461101628610397
1801,강남구,203666.815906901,543349.861924031,2,1,1.0,1,2,0,584.6856018904882,0,0,0,2,765.7096774193549,2,11.640580815034886
1802,서초구,203732.050529731,542700.4457099575,2,2,0.5,1,2,0,435.8077461841294,0,0,0,4,3162.6129032258063,5,1.049899537827373
1804,강남구,202947.67628110232,547377.8676780706,3,2,0.3333333333333333,0,2,0,1127.6878339914583,0,0,0,2,1601.967741935484,1,1.84889040742395
1805,강남구,202939.609431012,547064.555940239,3,2,0.3333333333333333,0,2,0,822.998112273493,0,0,0,1,3632.9032258064517,3,1.3784494002324266
1806,강남구,203118.21224057733,546536.4499845677,3,2,0.3333333333333333,0,2,0,270.223514847357,0,0,0,0,727.8709677419355,1,6.216702857860265
1807,강남구,203132.06416565867,545970.200426238,3,2,0.3333333333333333,1,2,0,297.6012461927468,0,0,0,1,1434.1290322580644,2,6.8816231700399175
1808,강남구,203246.0946561713,545672.616370424,3,2,0.3333333333333333,0,2,0,413.2235356781492,0,0,0,2,1431.0967741935483,3,8.333333333333332
1809,강남구,203526.273021899,545310.003361063,1,1,1.0,0,2,0,561.4519184829958,0,0,0,1,1764.3548387096776,3,0.3445457869262232
1810,강남구,203676.80500490832,545079.158580335,3,2,0.3333333333333333,1,2,0,308.70850222017856,0,0,0,2,3321.064516129032,2,3.732439474960204
1811,종로구,197122.359662741,554740.537060157,1,0,1.0,1,2,0,1830.228221503816,0,0,0,2,1125.0967741935483,4,29.320179121909103
1812,관악구,195307.835383534,542946.331821049,1,0,1.0,1,2,0,497.0963995780972,0,0,0,0,10723.451612903227,7,7.094716292319774
1813,관악구,195285.8937755285,542808.6009712066,2,2,0.5,1,2,0,365.3581085928338,0,0,0,4,2444.6129032258063,8,12.205635901431895
1814,강남구,203864.9155928035,544551.037697155,2,2,0.5,1,2,0,84.57108404005514,0,1,1,2,1886.967741935484,3,2.2702685499105137
1815,강남구,204027.75686724496,544143.7586363287,3,2,0.3333333333333333,0,2,0,514.153725258933,0,0,0,2,4076.354838709677,3,2.450099478530336
1817,강남구,203495.043883104,547251.8852172659,2,2,0.5,1,2,0,761.5584602524397,0,0,0,2,6062.0,5,2.5691266134981263
1818,강남구,203501.86924691236,546914.5258268324,3,2,0.3333333333333333,0,2,0,520.0863648600723,0,0,0,2,6828.483870967742,6,4.692127056058257
1819,강남구,203540.96516905748,546801.8147236984,2,2,0.5,0,2,0,401.8904215454494,0,0,0,2,5282.548387096775,4,13.72948574259902
1820,강남구,203581.87879570632,546644.6225873736,3,2,0.3333333333333333,1,2,0,240.2402844039801,0,0,0,2,5232.387096774193,3,5.8921451394416025
1821,강남구,203692.0285530795,546296.3595206265,2,2,0.5,0,2,0,135.72542890428926,0,0,1,2,7953.483870967742,5,3.902510196563717
1822,강남구,203749.356868405,546079.1217832627,3,2,0.3333333333333333,1,2,0,354.6878405435597,0,0,0,0,3992.2258064516127,3,5.330685772048558
1823,강남구,203807.6234985503,545883.074786377,3,2,0.3333333333333333,1,2,0,558.4644311448563,0,0,0,2,1678.3870967741937,3,5.46139060497173
1824,강남구,204282.13250125776,545148.14942906,4,2,0.25,1,2,0,100.29140576827108,0,0,1,2,7673.548387096775,2,3.640044861744372
1825,강남구,204400.5212177,544828.2544988627,3,1,1.0,1,2,0,73.61705998368494,0,1,1,2,4958.0,3,3.1175408347100486
1826,강남구,204573.22095768,544368.1375127917,3,2,0.6666666666666666,1,2,0,105.14918041660594,0,0,1,2,8829.032258064515,5,1.1855838160440573
1827,강남구,204624.166962356,544233.7773264383,3,2,0.3333333333333333,1,2,0,46.32827185367551,1,1,1,2,11049.645161290324,5,1.5024168378194958
1828,종로구,197580.1421691686,553801.8647353476,5,2,0.8,1,2,1,1589.1515404909117,0,0,0,0,2465.354838709677,8,2.294637715295309
1829,강남구,204726.27043457,543964.6054132477,3,2,0.3333333333333333,1,2,0,273.8128101917744,0,0,0,2,14560.516129032258,6,5.163124546475129
1830,강남구,204265.860043959,547008.3181260261,3,2,0.3333333333333333,0,2,0,55.33428286474089,0,1,1,2,1542.0,3,1.9604690238437603
1832,강남구,204384.95114442435,546726.851726247,3,2,0.3333333333333333,1,2,0,358.5570071880952,0,0,0,2,1207.3870967741937,4,7.327632252446925
1834,강남구,204619.99373100768,546173.1214542399,3,2,0.3333333333333333,0,2,0,959.8528257398426,0,0,0,2,1837.6129032258066,2,3.9344253081788
1835,강남구,204829.255512888,545684.771166685,3,2,0.3333333333333333,1,2,0,559.7030858365194,0,0,0,2,2229.483870967742,4,1.3204535648267424
1836,강남구,204932.49720431867,545442.8873648737,3,1,1.0,1,2,0,399.307557949735,0,0,0,3,7090.4838709677415,4,0.9036805190471142
1838,강남구,205119.437336907,545005.228686337,1,0,1.0,1,2,0,293.1009039892793,0,0,0,0,2409.741935483871,6,5.043411426025397
1839,관악구,195897.6357097845,543384.899268104,2,0,1.0,1,2,0,523.0663212905805,0,0,0,2,4098.354838709677,6,21.113134751033652
1840,강남구,205267.727625884,544658.7199910383,3,2,0.3333333333333333,1,2,0,88.48212814771749,0,1,1,2,4414.806451612903,3,2.349960985998069
1841,강남구,205472.844949885,544179.5469433183,3,2,0.6666666666666666,1,2,0,425.8306485020749,0,0,0,1,10058.129032258064,6,2.3967293067697573
1842,관악구,195693.673261296,543555.3044550866,2,2,0.5,1,2,0,680.1202011355157,0,0,0,2,2853.5483870967746,4,39.08990560261481
1843,관악구,195489.2754602003,543648.922867916,3,0,1.0,1,2,0,643.9619584445122,0,0,0,2,4331.387096774194,4,24.10060533733154
1844,관악구,195281.37224441677,543690.8097659998,4,2,0.5,0,2,0,724.2693389550298,0,0,0,5,4524.0,6,22.189610837635787
1845,강남구,205537.0786991945,544047.4378563835,2,2,0.5,1,2,0,347.2313521998619,0,0,0,2,4443.967741935484,5,8.534636937973222
1846,강남구,205696.5266131025,543621.9095021625,2,2,0.5,1,2,0,423.11774885741823,0,0,0,2,2063.451612903226,2,2.56049683171387
1847,강남구,205186.106380126,545530.962215746,1,0,1.0,1,2,0,649.0734136925511,0,0,0,1,0.0,4,0.5850165860224976
1848,강남구,204890.4222950805,547086.3180068929,2,0,1.0,1,2,0,662.1057365750794,0,0,0,3,2802.483870967742,5,2.1631974256964406
1850,강남구,205454.822294749,545761.4671322247,3,2,0.6666666666666666,1,2,0,1002.292269384178,0,0,0,4,9937.225806451612,1,0.4672119207607987
1851,강남구,206093.52694149548,544327.2952008075,4,2,0.5,1,2,0,935.4345338161576,0,0,0,2,3396.0967741935483,2,1.718822871448129
1852,강남구,202177.84563063437,547939.5543790084,3,2,0.6666666666666666,1,2,0,1615.697011481917,0,0,0,0,0.0,4,1.7595483181260956
1853,강남구,206870.247049277,543741.196765641,2,2,0.5,1,2,0,1563.851643444591,0,0,0,2,1867.2903225806454,6,0.7238983494351044
1854,강남구,206741.7862593406,543682.6244061162,5,1,1.0,1,2,1,1438.5248979661717,0,0,0,2,2734.8709677419356,4,0.7475900548720263
1855,강남구,206437.3067974482,543554.3691883947,5,2,0.8,1,2,0,1153.9857806210202,0,0,0,0,3662.0,3,2.477766556812562
1856,강남구,206107.8016844633,543342.5328854444,3,0,1.0,1,2,0,915.9621701267264,0,0,0,2,1014.516129032258,5,0.4088361813097959
1857,강남구,205845.91626207333,543290.104834991,3,0,1.0,1,2,0,733.1845159606053,0,0,0,3,4235.0,4,3.4118990129023885
1858,강남구,205487.8046818906,543090.433320342,5,2,0.2,1,2,0,661.7448688635031,0,0,0,2,144.96774193548387,2,0.8835127959172043
1859,강남구,205133.395508803,542828.5978082012,4,0,1.0,1,2,0,877.5893539724788,0,0,0,0,2890.741935483871,4,2.4556861105915573
1860,강남구,205037.243324208,542994.123000933,1,0,1.0,1,2,0,732.827633960387,0,0,0,2,1554.4516129032259,3,2.037071973274412
1861,강남구,205045.387210603,542680.4839436102,4,2,0.75,1,2,0,990.9897313120376,0,0,0,2,1779.516129032258,6,0.9282639338726522
1862,강남구,204883.60653451,542522.594172898,3,2,0.3333333333333333,1,2,0,899.2783491586108,0,0,0,1,2065.6774193548385,6,5.90207382165211
1863,강남구,204758.159971101,542406.2661362845,4,1,1.0,1,2,0,859.061033030677,0,0,0,2,4099.193548387097,5,5.754825264713919
1864,강남구,204658.01987009705,542633.3779689089,3,2,0.3333333333333333,1,2,0,648.1786376527733,0,0,0,2,1385.0967741935483,4,1.1222257851034634
1865,강남구,204204.35485810525,542142.130340965,4,2,0.75,1,2,0,813.3193027908397,0,0,0,4,2924.870967741935,4,0.4480882664644229
1867,송파구,212528.3530925917,544501.4935444967,3,2,0.6666666666666666,1,2,0,458.3187831860343,0,0,0,2,841.2258064516129,6,28.665013748006743
1868,송파구,212775.045080646,544452.5420627444,3,2,0.3333333333333333,1,2,0,227.4134348861456,0,0,0,2,3574.516129032258,9,0.4106693535309939
1869,송파구,212143.92226672164,544651.7803061657,3,0,1.0,1,2,0,865.1841944167397,0,0,0,0,1939.258064516129,9,1.7789667756960923
1870,송파구,212130.9242207563,544944.8305630647,3,1,1.0,0,2,0,1037.9995523991536,0,0,0,2,2201.2903225806454,13,0.53946859964593
1871,송파구,212046.5797407555,545169.4169722288,4,2,0.75,1,2,0,935.572780634249,0,0,0,2,1650.225806451613,9,2.0125039667821967
1873,서대문구,194287.378964838,552891.3098594253,3,2,0.6666666666666666,1,2,0,1525.0576313980753,0,0,0,2,4080.2580645161293,2,8.712882527016461
1874,서대문구,194198.1432944795,552389.4112755395,2,0,1.0,1,2,0,1015.5367189982234,0,0,0,1,4702.677419354838,3,6.187737532097468
1876,금천구,191375.49483521952,538953.7788720389,2,1,1.0,1,2,0,253.39835824342464,0,0,0,2,3343.7096774193546,9,3.918178722916963
1877,마포구,192154.67420196265,551826.284789023,3,0,1.0,1,2,0,495.9180660833061,0,0,0,1,3499.9032258064517,4,4.338522144530768
1879,마포구,192648.514460868,550491.029295599,1,1,1.0,0,2,0,537.1744775021732,0,0,0,2,1888.0645161290322,8,2.0435579901226752
1880,금천구,190690.5573465993,540794.2954501103,3,2,0.3333333333333333,1,2,0,179.8192372914915,0,0,1,4,2332.8387096774195,4,3.0143102959744303
1881,금천구,190909.853750391,541353.3485452855,2,2,0.5,1,2,0,29.54696281537569,1,1,1,2,10145.258064516129,8,1.2045971269586648
1882,금천구,190591.96548754,542148.422762614,1,1,1.0,0,2,0,305.66417952347336,0,0,0,2,9292.322580645161,5,4.065755156874437
1884,마포구,191890.132688448,550087.2136194,1,1,1.0,0,2,0,1138.822243451201,0,0,0,0,1259.4516129032259,5,0.5336872247669641
1885,마포구,192205.184451419,551031.95216251,1,0,1.0,1,2,0,1096.061359204336,0,0,0,4,1482.774193548387,5,0.2747456625948263
1886,마포구,192110.017914713,551006.185205818,1,0,1.0,1,2,0,1186.2106482159363,0,0,0,2,2784.741935483871,6,0.5661755579901436
1887,마포구,194196.449309858,549768.9954359641,5,1,1.0,1,2,1,911.6235200916938,0,0,0,3,929.2903225806451,7,3.983396106579011
1888,마포구,195270.9617825084,549392.0621711464,5,1,1.0,1,2,1,148.5358124434909,0,0,1,2,2154.0,9,0.6954138110884825
1889,마포구,191419.8365412815,550223.589980521,2,2,0.0,0,2,0,1612.75653750233,0,0,0,0,519.3225806451612,4,3.669727250706704
1890,영등포구,194192.360494601,546810.044723273,1,0,1.0,1,2,0,904.4524550486238,0,0,0,2,3162.6129032258063,1,
1891,영등포구,192237.541490102,546873.0769892315,2,2,0.5,0,2,0,353.7925423247744,0,0,0,2,416.80645161290323,4,2.510250540721364
1892,영등포구,192108.705380276,547091.0670082686,2,2,0.5,0,2,0,496.8389869532261,0,0,0,2,553.3548387096774,7,2.29349759595005
1893,영등포구,191904.996628254,547563.5051534055,2,2,0.5,1,2,0,925.0349450497348,0,0,0,1,1165.032258064516,6,2.4045334002776406
1894,영등포구,191772.289730524,547981.16072814,1,1,1.0,0,2,0,958.609228626965,0,0,0,1,501.19354838709677,8,1.6016803036757656
1895,영등포구,191733.285976548,548088.94280304,1,2,0.0,0,2,0,980.278239599736,0,0,0,2,221.4193548387097,8,3.760459619601099
1898,영등포구,193403.15768560363,547911.5547838587,3,2,0.3333333333333333,1,2,0,1912.3613017599023,0,0,0,1,5356.741935483871,8,2.139995813021057
1900,영등포구,193334.919479174,547950.561987632,2,2,0.5,1,2,0,1890.6882549349727,0,0,0,1,7460.096774193549,9,1.1740914017780242
1901,영등포구,193635.313381599,547566.49209744,1,0,1.0,1,2,0,1836.570185591913,0,0,0,1,4760.967741935484,8,0.7563718828063355
1902,영등포구,193493.97294994,547455.451194039,2,0,1.0,1,2,0,1713.1644477390946,0,0,0,1,7116.612903225807,8,0.0
1903,영등포구,193113.608146823,547181.9742658478,4,1,1.0,1,2,0,1248.1519663459276,0,0,0,0,2917.516129032258,6,0.9685963585194882
1905,영등포구,194436.489877348,546617.7982934846,2,2,0.5,1,2,0,638.5541463303462,0,0,0,2,6209.258064516129,7,0.4103282325181113
1906,영등포구,194200.518441613,547203.597431677,1,0,1.0,1,2,0,1267.0594831777134,0,0,0,0,1162.8387096774195,3,1.0241694014634075
1907,영등포구,194112.231150438,547129.947086229,2,2,0.5,1,2,0,1228.8562579786542,0,0,0,0,0.0,4,0.4405760735566162
1910,영등포구,192773.594022386,548164.594204383,1,0,1.0,1,2,0,1738.0544414079225,0,0,0,0,0.0,3,7.138175301595702
1911,영등포구,192545.646412326,548227.463094055,1,2,0.0,0,1,0,1709.7845231875808,0,0,0,0,0.0,5,14.085516985650443
1912,영등포구,192270.808034294,547775.5739713791,2,2,0.5,0,2,0,1200.1780919260937,0,0,0,0,0.0,3,4.704465288000423
1913,영등포구,192129.661569751,547352.6149879632,5,2,0.8,0,1,0,757.8556617724889,0,0,0,0,777.1612903225807,5,2.596842955870168
1914,영등포구,193236.3102036635,547779.6421379521,6,1,1.0,1,2,0,1700.4968891154117,0,0,0,2,5563.322580645162,8,0.4057720859799148
1915,영등포구,193435.69885229348,547757.1686650601,2,2,0.5,1,2,0,1835.5890337838664,0,0,0,0,3615.709677419355,8,2.3951638112114093
1916,영등포구,193322.031945726,547670.5858171067,3,1,1.0,1,2,0,1692.7615992528188,0,0,0,0,2416.064516129032,9,0.8235513086717402
1917,영등포구,193494.31508233823,547065.6144251404,4,2,0.75,1,2,0,1460.3324586877466,0,0,0,3,5725.290322580645,7,0.2287125575384181
1918,영등포구,194783.8075761037,546695.1692954693,3,2,0.0,0,1,0,723.0498064648613,0,0,0,0,0.0,7,8.33333333333333
1919,영등포구,194595.3386946795,546505.639208675,2,2,0.5,1,2,0,507.3986550506001,0,0,0,0,6209.258064516129,7,5.784093919249156
1920,영등포구,193820.77134656132,547321.2206537208,6,2,0.5,1,2,0,1530.9213243115948,0,0,0,2,7982.838709677419,7,0.549049169451834
1922,영등포구,192845.6090583377,547855.280825354,3,2,0.3333333333333333,0,2,0,1505.7093297771332,0,0,0,2,3953.0967741935483,5,0.9229029186065082
1923,관악구,193870.797575827,542130.484053959,2,2,0.5,1,2,0,368.4631123898515,0,0,0,4,5851.612903225805,7,8.30200294524976
1924,영등포구,193168.29286849752,546806.566968769,6,2,0.8333333333333334,1,2,1,1064.3412342804236,0,0,0,0,5825.0,4,0.5503572391537492
1925,영등포구,193790.56590391148,546878.451164637,2,2,0.5,1,2,0,1189.82419854253,0,0,0,0,879.1290322580645,6,0.3188256820809935
1927,영등포구,193691.6200737152,546806.924700198,5,1,1.0,1,2,1,1209.5881133928726,0,0,0,0,0.0,6,0.2342683867577003
1928,영등포구,193359.458797814,546555.017684937,2,0,1.0,1,2,0,987.8476016403762,0,0,0,0,2694.5806451612902,4,0.6737449174543464
1929,영등포구,193322.6040774885,546503.3470916476,2,0,1.0,1,2,0,925.864557684172,0,0,0,0,0.0,4,7.9208708863872515
1930,영등포구,193885.1507023895,546565.5829334757,4,2,0.25,1,2,0,905.7032828054828,0,0,0,2,7439.741935483871,2,1.015973771809057
1932,영등포구,193592.2810316144,546933.6841608264,5,1,1.0,0,2,1,1368.491740130154,0,0,0,0,3330.1290322580644,9,0.379618291065246
1933,영등포구,193629.98674872168,546758.990089723,3,2,0.3333333333333333,1,2,0,1225.7879365031756,0,0,0,0,5507.290322580645,4,0.7172284458697783
1934,영등포구,193140.850218343,547519.851051013,1,1,1.0,0,2,0,1457.098380271105,0,0,0,0,408.83870967741933,6,1.3430066245261092
1935,영등포구,192979.163627747,547393.772424604,1,0,1.0,1,2,0,1252.099133416821,0,0,0,0,0.0,7,1.3924244817973392
1936,영등포구,192902.605375013,547334.360073076,1,0,1.0,1,2,0,1155.2169226525086,0,0,0,0,570.9032258064516,6,0.6846146091630967
1937,영등포구,192809.44626258,547269.9729470554,3,0,1.0,1,2,0,1042.3620446626917,0,0,0,1,570.9032258064516,5,3.182068151773691
1938,영등포구,192755.990188744,547219.851476401,1,0,1.0,1,2,0,969.2307179496258,0,0,0,1,570.9032258064516,5,4.158902870644615
1939,노원구,207073.07455458,563271.076639329,1,0,1.0,1,2,0,207.1718830038844,0,0,0,1,966.4516129032257,7,7.784404762686633
1940,관악구,192714.91756585223,541853.3182759958,4,2,0.75,1,2,0,193.68456747052045,0,0,1,2,3514.6451612903224,9,1.8831662860957368
1941,관악구,192610.554617201,542046.8159666716,2,1,1.0,1,2,0,49.34269483180694,1,1,1,3,6417.58064516129,8,4.042189748320949
1943,금천구,189320.66156581676,542224.5299999504,4,0,1.0,1,2,0,756.4893680312717,0,0,0,3,1444.225806451613,8,0.497381624721284
1944,금천구,191926.1899147225,539085.077607372,2,1,1.0,1,2,0,20.963874564325064,1,1,1,7,8971.935483870966,9,3.150637938247165
1945,송파구,212871.65459201625,544038.0364610245,4,0,1.0,1,2,0,205.20823886720427,0,0,0,1,1337.7096774193546,5,2.2338274415140327
1947,마포구,190744.572386475,551908.9763737385,2,2,0.5,0,2,0,1548.3654319144223,0,0,0,1,1719.9032258064517,1,0.1057650280214102
1948,서초구,203948.3745084662,542087.763337316,5,2,0.8,1,2,0,852.9817519882101,0,0,0,2,8192.967741935485,6,1.071446490174856
1949,구로구,185748.118396872,543023.7103626478,4,0,1.0,1,2,0,742.8027078771863,0,0,0,5,5250.41935483871,5,2.8655769768446566
1951,관악구,191652.2114828715,542478.7818146334,2,2,0.5,1,2,0,144.17728108743455,0,0,1,2,8083.612903225806,6,2.306062932122437
1952,양천구,187677.9169180224,545721.3965760784,5,1,1.0,1,2,1,451.0507574482097,0,0,0,1,591.483870967742,5,6.098712000867981
1953,구로구,187114.8699154435,545010.1696337563,4,2,0.25,1,2,0,548.5386581372371,0,0,0,2,2572.2258064516127,5,6.700002592975084
1954,금천구,189734.345264123,540609.7060363907,7,2,0.5714285714285714,1,2,0,1152.798952003715,0,0,0,2,999.0967741935484,0,1.1807159301460264
1955,송파구,210909.1429133149,548801.7109568869,8,2,0.5,1,2,0,41.83163611113067,1,1,1,0,14351.935483870968,3,3.92643858845572
1956,영등포구,190051.618196811,546099.671432799,1,1,1.0,0,2,0,1381.008362169658,0,0,0,0,540.4193548387096,4,1.760723009760327
1957,영등포구,190077.30689222837,546190.8098283276,3,2,0.6666666666666666,1,2,0,1351.600263078367,0,0,0,1,633.2258064516128,7,1.2502486268474908
1958,영등포구,190166.6538681644,546425.1551465832,5,2,0.8,1,2,0,1281.8663199062146,0,0,0,3,134.5483870967742,8,1.1751070726229609
1959,영등포구,190334.28757599567,546326.0358585363,3,2,0.6666666666666666,1,2,0,1101.6346771850326,0,0,0,1,114.58064516129033,7,1.0412164336812957
1960,영등포구,190444.4770445184,546259.7955038262,5,2,0.4,1,2,0,986.1100176534557,0,0,0,2,72.83870967741936,5,0.6969353338448473
1961,영등포구,190304.80600167648,546053.3138646965,2,2,0.5,0,2,0,1133.789056559334,0,0,0,1,136.67741935483872,6,0.276162480981054
1962,영등포구,189589.93371618705,546321.799246055,2,2,0.0,0,1,0,1791.0343460764495,0,0,0,0,0.0,4,3.701573208204288
1963,영등포구,189778.67537279372,546498.9165470626,4,0,1.0,1,2,0,1545.5404796686662,0,0,0,2,1333.6129032258066,8,0.4132667995163741
1964,영등포구,191954.52528728332,545952.0687078381,3,0,1.0,1,1,0,218.6473496059096,0,0,0,1,546.516129032258,5,3.933485067511615
1965,영등포구,191987.880249192,546434.3525594281,3,2,0.3333333333333333,1,2,0,167.6576644051823,0,0,1,1,9630.354838709678,3,0.6131904777965206
1966,양천구,185933.19585805037,545455.9701248613,3,2,0.6666666666666666,1,2,0,1388.6276506602603,0,0,0,1,3449.677419354839,8,5.215699613844045
1967,양천구,187476.59545551767,545623.2489595594,3,2,0.6666666666666666,1,2,0,374.3923535504501,0,0,0,4,1087.0967741935483,5,5.98901712788552
1968,서초구,201620.4392023713,539992.2336099009,3,2,0.3333333333333333,1,2,0,3000.225400374294,0,0,0,2,2098.7741935483873,3,4.074693948006511
1969,서초구,201160.334820733,539773.939681485,1,1,1.0,0,2,0,3440.9985224259112,0,0,0,1,1463.258064516129,1,8.099863850420679
1970,강남구,204506.21138609105,541361.0636450951,2,2,0.5,1,2,0,1639.877147990804,0,0,0,3,2048.1935483870966,0,4.387688589560644
1971,서초구,200979.909180223,543717.5276603925,4,2,0.75,1,2,0,382.7815238329709,0,0,0,0,1160.5483870967741,2,1.7231158756196407
1972,서초구,200713.137165297,545493.521942212,2,2,0.5,1,2,0,365.6073329579824,0,0,0,3,3496.967741935484,5,0.5540144683271553
1973,서초구,201124.0408403993,543150.829551926,3,2,0.3333333333333333,0,2,0,461.46823872796335,0,0,0,4,2203.064516129032,4,3.798029951053241
1974,서초구,204302.22799902,541593.7274056922,5,2,0.8,1,2,0,1370.163013688278,0,0,0,3,3162.1290322580644,3,3.25148014670394
1976,서초구,204122.503303,541820.7987442269,3,1,1.0,1,2,0,1127.1592161009396,0,0,0,0,8196.354838709678,2,0.6520843710075633
1977,강남구,205432.40101826325,542506.6264155672,4,1,1.0,1,2,0,1210.7599506424103,0,0,0,2,3897.645161290323,6,2.417974740884521
1978,강남구,205723.65591236932,542194.4643539257,3,1,1.0,1,2,0,1584.4639200186853,0,0,0,1,1677.9032258064515,2,4.314694085151167
1979,강남구,205975.9103714056,542965.01502702,5,1,1.0,1,2,1,1046.357297597738,0,0,0,4,3182.451612903226,4,3.988597120378496
1980,강남구,206061.900490232,542764.6085356383,4,0,1.0,1,2,0,1251.097968435567,0,0,0,3,2300.1612903225805,4,3.4591655292550114
1981,강남구,206218.385310266,542583.874498104,2,1,1.0,0,2,0,1490.1492775818583,0,0,0,0,2300.1612903225805,1,5.5327096679346734
1982,강남구,206560.54260280984,543258.6149384655,6,2,0.6666666666666666,1,2,0,1360.402692037177,0,0,0,3,3053.2258064516127,3,4.68169111922809
1983,강남구,206681.26115252444,542962.8062891725,7,2,0.4285714285714285,0,2,0,1602.556731710183,0,0,0,0,0.0,1,4.460359507570691
1984,강남구,207142.69673845824,543511.4763407095,4,0,1.0,1,2,0,1856.2296433042509,0,0,0,3,1351.3548387096773,3,0.6355398520245952
1985,강남구,207724.779575744,543689.769591858,1,0,1.0,1,2,0,1455.0640241607732,0,0,0,2,2977.677419354839,3,0.3667284114459098
1986,강남구,207805.4651077683,543467.305893423,3,2,0.6666666666666666,1,2,0,1301.4933461507608,0,0,0,3,5651.0,2,1.1728619074147122
1988,강남구,207370.3526057528,542896.2889436572,5,1,1.0,1,2,1,1693.4651363088794,0,0,0,2,1872.9032258064517,5,6.513509584368079
1989,강남구,207067.970957697,542587.2024567148,5,1,1.0,1,2,1,2047.952266322756,0,0,0,2,3457.4516129032263,3,5.425326699482571
1990,강남구,207418.1176559654,542652.6196612658,5,1,1.0,1,2,1,1692.666498187835,0,0,0,2,4806.5161290322585,6,4.215511630341015
1991,강남구,207622.02771988933,542928.5224563633,3,0,1.0,1,2,0,1439.7504412595715,0,0,0,0,0.0,3,8.62494527433249
1992,강남구,207663.6095191662,542695.8827225916,5,1,1.0,1,2,1,1444.5564765273566,0,0,0,1,3288.935483870968,6,3.97731148669988
1993,강남구,207570.507259347,542464.8374828175,2,2,0.5,1,1,0,1609.7487377456798,0,0,0,0,0.0,4,3.51755710853233
1994,강남구,208233.8004381905,542789.2533483226,2,0,1.0,1,2,0,873.3117194501518,0,0,0,2,3498.7741935483873,3,0.5162048654164941
1995,강남구,208657.724768531,542920.7320611427,3,2,0.6666666666666666,1,2,0,430.8596958591625,0,0,0,2,1373.1612903225805,1,1.3292240800150643
1996,강남구,208867.75043588248,543059.8011342505,2,2,0.5,1,1,0,187.62376688280585,0,0,1,1,15617.193548387097,6,0.6201487921330558
1997,강남구,208993.90027112816,543102.7773245374,6,2,0.6666666666666666,1,2,0,59.01564172869137,0,1,1,4,23567.09677419355,7,0.3629687024596369
1998,강남구,208869.358261504,543223.050867748,1,0,1.0,1,2,0,223.88426890568164,0,0,0,4,6637.709677419355,6,3.1920570104893
1999,강남구,209063.902330066,543156.352957588,1,0,1.0,1,1,0,63.51612531592833,0,1,1,4,23686.870967741936,8,0.4486759055624389
2000,강남구,209269.29501474035,542532.3142444856,3,1,1.0,1,2,0,602.0845687918649,0,0,0,2,891.2903225806451,3,4.024503249827962
2001,강남구,209402.0037310168,541794.4570206475,4,1,1.0,1,2,0,1345.7050481079943,0,0,0,2,6122.548387096775,8,2.716822209800392
2002,강남구,209494.8117653785,541350.470545067,4,1,1.0,1,2,0,1798.7395097744954,0,0,0,4,980.9677419354839,8,7.211712482034602
2003,강남구,208988.18778359063,540656.4305088973,6,0,1.0,1,2,0,2438.3265274280416,0,0,0,4,4530.0,1,0.6570396249556628
2004,강남구,210463.50811734237,540780.6413422846,3,2,0.6666666666666666,1,2,0,2709.7777749605834,0,0,0,1,173.83870967741936,3,4.820711707769381
2006,강남구,207098.56200146905,544467.231502438,2,2,0.5,0,2,0,1258.1607231358023,0,0,0,0,0.0,2,9.79824412778496
2007,강남구,207033.420390968,543801.817921474,4,0,1.0,1,2,0,1726.4060415532222,0,0,0,3,2621.709677419355,4,2.662982745696828
2008,강남구,207276.33790149275,543589.1883287297,4,2,0.5,1,2,0,1843.6777165300325,0,0,0,2,1457.6451612903227,3,1.1604877951309274
2009,송파구,208619.4875162507,545613.9781896371,3,2,0.6666666666666666,1,2,0,434.9902060115802,0,0,0,0,46.903225806451616,3,1.397315957460205
2010,서초구,201550.4359906,542618.9582934927,3,2,0.3333333333333333,0,2,0,1131.9323681485416,0,0,0,1,798.9677419354839,4,2.471329597421198
2011,서초구,201486.795937222,542746.095675952,2,2,0.5,1,1,0,998.3302882266688,0,0,0,0,7788.000000000001,5,2.7224032853276845
2012,송파구,208232.51774437368,545651.721814012,3,0,1.0,1,2,0,708.9488620023075,0,0,0,1,2848.064516129032,4,0.1776547304552789
2013,송파구,208151.8744021935,545547.0689317291,2,0,1.0,1,2,0,658.9669946606633,0,0,0,2,1963.741935483871,5,0.0826027579464424
2014,송파구,208747.869453087,545228.857781573,1,0,1.0,1,2,0,464.4194211343179,0,0,0,2,800.0322580645161,6,3.620460765165904
2015,송파구,208602.1504073235,545236.3445656733,4,0,1.0,1,2,0,493.2657564585009,0,0,0,0,800.0322580645161,5,1.9606191380229423
2016,송파구,208203.0313102275,545320.3081233525,2,2,0.5,1,2,0,776.8700046198094,0,0,0,1,2687.967741935484,4,0.2019585349046071
2017,송파구,208025.0525970481,545345.318212507,6,2,0.6666666666666666,1,2,0,651.483984095676,0,0,0,1,4673.5161290322585,4,0.1139413528296007
2018,송파구,207646.899832427,545547.1594715103,3,2,0.6666666666666666,1,2,0,251.12648276116607,0,0,0,1,2455.8064516129034,2,0.0496378718438528
2019,송파구,207319.741659628,545799.040587656,2,2,0.5,0,2,0,70.78832501100156,0,1,1,2,9012.387096774193,1,0.851521625706031
2020,송파구,208587.141543945,544996.195392722,1,0,1.0,1,2,0,280.82917081208706,0,0,0,2,1020.741935483871,6,0.1615052999570772
2021,송파구,208573.62630755172,544781.8327554734,4,0,1.0,1,2,0,172.9977104391616,0,0,1,0,5151.225806451613,5,0.1979722288941114
2022,송파구,208422.705287172,544790.4948554689,5,1,1.0,1,1,1,324.0912828105772,0,0,0,2,4309.483870967742,5,0.114118499139213
2024,송파구,208017.093783924,544907.60215265,1,0,1.0,1,2,0,742.5841182649965,0,0,0,2,5119.290322580645,4,0.4772768646445958
2025,송파구,207921.926453376,545181.1390256885,2,2,0.5,0,2,0,706.7698100317693,0,0,0,2,3226.4193548387098,5,0.180759287082773
2026,송파구,207784.70588754176,544991.1105085798,4,0,1.0,1,2,0,816.4152561516983,0,0,0,2,6347.451612903225,4,0.0797766346034419
2027,송파구,207639.93568387232,545042.0297292313,3,2,0.3333333333333333,1,2,0,708.1677625402884,0,0,0,1,3752.9677419354844,3,0.1988452337991652
2028,송파구,207494.29774924295,545093.7424251246,3,2,0.3333333333333333,1,2,0,618.3950592970166,0,0,0,2,2466.3548387096776,2,0.5415626962763268
2029,송파구,207183.07212550333,545204.3354174616,3,2,0.3333333333333333,1,2,0,521.349434920697,0,0,0,2,3515.935483870968,2,0.4557214850833091
2030,서초구,201058.0565502693,544649.7283700507,3,2,0.3333333333333333,1,2,0,817.2473229002441,0,0,0,5,7230.612903225806,5,5.999359194573011
2031,송파구,207032.882199653,545259.2151878115,6,2,0.5,1,2,0,537.1284544555442,0,0,0,0,1944.258064516129,3,0.6256964552575569
2033,송파구,206944.261331156,545601.5549211757,3,2,0.3333333333333333,1,2,0,398.0172714351052,0,0,0,2,2428.032258064516,2,0.0908704380785992
2034,송파구,206845.473528284,546215.8632070674,3,2,0.3333333333333333,0,2,0,681.4737500288765,0,0,0,0,0.0,1,0.2321440918222498
2036,송파구,208747.129546262,544083.163842522,1,0,1.0,1,2,0,681.2807653609087,0,0,0,0,0.0,3,4.750124660737167
2037,송파구,208558.471383512,544270.8762022655,2,2,0.5,1,2,0,527.9023087394947,0,0,0,0,0.0,5,2.0142492352098587
2038,송파구,208548.622200215,544334.303227866,1,0,1.0,1,2,0,473.1584377365905,0,0,0,0,2113.322580645161,4,0.7453929295661983
2040,송파구,206798.551933719,544970.590812647,1,2,0.0,0,2,0,908.1444701654132,0,0,0,1,1840.7096774193546,5,4.258914464629108
2041,송파구,206636.296750185,545089.0849942105,2,1,1.0,0,2,0,930.5223782524076,0,0,0,0,889.7741935483871,4,0.3290600798674544
2042,송파구,206551.103834122,545558.8567008834,3,2,0.6666666666666666,1,2,0,788.8702808303576,0,0,0,0,4942.580645161291,0,0.5645282233799312
2043,송파구,206255.05958538767,545684.0333762633,3,1,1.0,0,2,0,1067.424683848077,0,0,0,0,2928.3225806451615,0,3.4023149939432487
2044,서초구,201924.2563372055,542608.8431660025,2,2,0.5,0,2,0,1269.8333508129233,0,0,0,3,974.741935483871,4,8.362903192791377
2046,송파구,209654.7326875485,544053.579804232,4,1,1.0,0,2,0,610.4372779865524,0,0,0,1,583.483870967742,2,1.1375975916725405
2047,송파구,209171.8667205035,543865.7283010965,2,1,1.0,1,2,0,781.0275637794797,0,0,0,0,1030.483870967742,1,6.50055581755998
2048,송파구,210317.75192572625,543618.8626779342,4,1,1.0,1,2,0,29.56178530213127,1,1,1,1,1838.0967741935485,4,0.5831652985566471
2049,송파구,210338.177022964,543524.485597414,1,2,0.0,0,1,0,73.41951883631195,0,1,1,0,1838.0967741935485,3,1.1014575578746506
2050,송파구,210164.81110883248,543553.179987179,2,2,0.5,1,2,0,179.45109372548006,0,0,1,4,1838.0967741935485,2,0.8923518772422648
2051,송파구,209870.667222957,543454.3303425077,6,2,0.6666666666666666,1,2,0,489.4631227963122,0,0,0,2,1615.8709677419356,1,0.0447774302480456
2052,송파구,209665.18124785705,543361.1742775597,3,1,1.0,1,2,0,668.6673189189316,0,0,0,0,0.0,1,4.149523306466539
2053,송파구,210486.139480854,543155.3685730078,4,1,1.0,1,2,0,466.4820563102577,0,0,0,0,0.0,5,0.5203164460734062
2054,송파구,210039.326568284,542976.5424682795,2,0,1.0,1,2,0,689.6770421714091,0,0,0,2,511.51612903225805,4,0.6093691930892989
2055,강남구,205612.5992852008,542326.7305284713,5,1,1.0,1,2,1,1425.717534110048,0,0,0,2,4934.838709677419,5,7.534824882380561
2057,서초구,201666.0396971717,543354.7110031415,4,2,0.25,1,2,0,777.4382955587129,0,0,0,2,583.3870967741935,3,8.333333333333332
2058,서초구,201473.353234447,543278.6208443416,2,2,0.5,0,2,0,740.4254348407426,0,0,0,4,1582.4193548387098,5,6.482182013862387
2059,서초구,201858.368422946,543429.8953491492,3,2,0.3333333333333333,0,2,0,686.9086798778598,0,0,0,3,2324.451612903226,3,3.777202676375069
2060,서초구,201982.1016744997,543476.9449826743,3,2,0.3333333333333333,1,2,0,658.2750475755017,0,0,0,0,2062.064516129032,3,0.8505435143919252
2061,서초구,202197.884375979,543559.9482791317,3,2,0.3333333333333333,1,2,0,602.5457671125318,0,0,0,3,2227.354838709677,6,0.8283291182670698
2063,중구,201102.16958717728,552034.517067777,7,1,1.0,1,2,1,144.61537462648894,0,0,1,1,160.70967741935485,4,1.669012441564259
2064,강남구,205816.33067505545,546190.6427576423,5,2,0.6,1,2,0,1548.4758654693385,0,0,0,2,387.8064516129032,2,0.4103652008230973
2065,서초구,202265.185690492,543843.594372249,1,1,1.0,0,2,0,374.08621739649016,0,0,0,0,1654.0645161290322,9,1.560832415528708
2066,강남구,204172.73470027948,545286.1858704896,2,1,1.0,1,2,0,268.75673228587686,0,0,0,0,4596.741935483871,2,4.95002131652301
2067,강남구,205074.55630566095,545805.8773792875,2,2,0.5,1,2,0,774.9446920192388,0,0,0,0,0.0,5,2.1734505186826127
2068,은평구,192944.9273478725,558480.494544166,4,2,0.5,1,2,0,214.99197060044355,0,0,0,3,4726.483870967742,5,10.31371187788126
2070,은평구,193155.8471888358,556209.0990796356,5,2,0.6,1,2,0,209.28957357909104,0,0,0,3,5339.58064516129,5,0.272675279981905
2071,은평구,192122.13844285533,556448.5684117394,3,2,0.3333333333333333,1,2,0,195.67810670883412,0,0,1,2,6827.387096774194,4,4.023546220558565
2072,은평구,192382.066491804,557376.6533993947,3,2,0.3333333333333333,1,1,0,376.6099626717666,0,0,0,3,2174.451612903226,3,3.120986208550048
2073,은평구,192498.144009746,557614.4409311526,2,2,0.5,1,2,0,447.18515377854726,0,0,0,2,2284.0967741935483,4,5.126606424225653
2074,은평구,192596.8366402838,557845.2992612284,5,1,1.0,1,2,1,294.9692156721635,0,0,0,3,2314.1612903225805,4,3.298228604353456
2077,은평구,193993.64979964835,556991.2319769646,3,2,0.3333333333333333,1,2,0,280.53174930535323,0,0,0,1,3476.9354838709673,6,1.817153119244767
2078,은평구,193988.33525528896,556938.672400224,2,2,0.5,1,1,0,254.56537155951892,0,0,0,0,3606.322580645161,7,2.310141714068308
2079,은평구,192408.83602529464,557039.7100891273,3,2,0.3333333333333333,1,2,0,58.20410190142849,0,1,1,2,4060.1612903225805,5,2.9862209447714605
2081,서초구,202497.75071911968,543674.318675432,3,2,0.3333333333333333,1,2,0,314.5572554490941,0,0,0,2,5823.8387096774195,7,0.6249459123369345
2082,강남구,204801.751097622,543767.202926667,1,0,1.0,1,2,0,435.1673868042225,0,0,0,1,3858.3548387096776,3,9.258275219133262
2083,강남구,206732.985864872,544322.482725105,1,1,1.0,0,2,0,1506.2078316719308,0,0,0,2,166.5483870967742,0,4.335574821002443
2085,강남구,210631.6659019955,540927.349827152,2,1,1.0,1,2,0,2681.15111588896,0,0,0,2,475.258064516129,5,2.656625831370043
2086,강남구,204016.350492049,547457.193252483,3,2,0.3333333333333333,1,2,0,459.6375274140867,0,0,0,2,2961.1612903225805,2,7.483572426244009
2087,송파구,211209.7583352176,541263.6598157397,7,2,0.5714285714285714,1,2,0,2491.5081476736414,0,0,0,1,6957.903225806451,4,0.7530287326566073
2088,송파구,206840.6004486145,545086.8293472095,2,2,0.5,1,2,0,790.3172260545906,0,0,0,2,1840.7096774193546,6,0.3133329748819384
2089,송파구,211244.433794446,541856.9258568868,4,2,0.75,0,2,0,1962.5340742212652,0,0,0,0,0.0,4,1.2652809205965394
2090,송파구,211565.71771052352,541765.3138683338,4,1,1.0,1,2,0,2205.494250585425,0,0,0,0,0.0,1,3.273231111227469
2092,송파구,211129.3564876128,542223.9133948296,6,1,1.0,1,2,0,1585.2905852804715,0,0,0,4,12246.90322580645,7,1.836484689377116
2093,송파구,210984.6529875615,542577.1684149689,6,1,1.0,1,2,0,1208.00902681952,0,0,0,2,6669.096774193549,7,0.9640556620312246
2094,송파구,210845.9969552355,542956.4100078477,4,2,0.75,1,2,0,817.5812702661724,0,0,0,0,1122.516129032258,4,3.450877916774324
2095,송파구,210706.4384313624,543260.4450702752,8,2,0.75,1,2,0,493.2499313807042,0,0,0,2,5688.129032258064,2,3.3025850712527096
2096,송파구,210331.1697368495,543925.8893198156,4,2,0.75,0,2,0,5.616786173733557,1,1,1,4,10075.516129032258,1,3.809699794951248
2097,송파구,210406.58443236,543854.045992695,1,2,0.0,0,1,0,90.84672047604556,0,1,1,3,10075.516129032258,3,3.860039165342268
2098,송파구,210082.61249185223,544257.2026767202,8,2,0.5,0,2,0,416.4283412801652,0,0,0,0,0.0,0,0.8949168330248369
2099,송파구,210501.54210710895,544543.2637368493,4,1,1.0,1,2,0,623.0037164571479,0,0,0,1,1164.9032258064517,7,5.236617253494161
2100,송파구,210905.1594023595,543953.09064907,4,0,1.0,1,2,0,391.3468851015071,0,0,0,2,2978.0,6,3.025572244401863
2101,송파구,211168.3685271315,543570.8450953076,4,0,1.0,1,2,0,652.867195185634,0,0,0,0,4752.677419354838,9,2.59072876401536
2102,송파구,211356.22274957976,543403.0384015432,5,1,1.0,1,2,1,890.6764162778538,0,0,0,1,1416.483870967742,7,3.472348724336983
2103,송파구,211584.3376019536,543212.511999025,5,1,1.0,1,2,1,1180.8066856891433,0,0,0,2,1797.0645161290322,9,7.669949435419205
2104,송파구,211202.02373913623,542993.064625675,4,1,1.0,1,2,0,1024.8678900618636,0,0,0,1,2750.3225806451615,6,2.974947336000646
2105,송파구,211185.64780672023,542604.5397240513,4,0,1.0,1,2,0,1303.36558266209,0,0,0,2,5024.4838709677415,5,3.520800194909508
2106,송파구,211460.4352294852,543759.1012638776,7,2,0.8571428571428571,0,2,0,909.1309396485744,0,0,0,2,4906.225806451613,4,8.08817273898144
2107,송파구,211809.94004982465,543461.828580468,3,2,0.6666666666666666,1,2,0,948.493902621773,0,0,0,1,695.9032258064517,3,10.139855102526845
2108,송파구,211582.41406910727,544038.6248654213,4,0,1.0,1,2,0,1061.445024522934,0,0,0,3,3220.3225806451615,4,6.075437486621441
2109,송파구,211863.28053189573,544340.680914741,4,0,1.0,1,2,0,1046.625805389577,0,0,0,0,6503.580645161291,5,1.6559780133294308
2110,송파구,211331.632178492,544732.8253412205,4,0,1.0,1,2,0,817.932246298633,0,0,0,1,3811.9354838709683,4,3.900412854254328
2111,송파구,211154.7395552655,544440.4086506508,4,1,1.0,0,2,0,890.5299158022303,0,0,0,2,335.1612903225806,4,1.4332449874497282
2112,송파구,211149.90242658657,544887.0421140373,5,1,1.0,1,2,1,651.7843387989853,0,0,0,1,6680.935483870968,3,1.6627928240453944
2113,송파구,210704.26388246223,545180.5196924803,5,1,1.0,1,2,1,600.2298696489286,0,0,0,3,3927.677419354839,2,5.953538289614357
2114,송파구,211151.7880696286,545467.752522286,5,2,0.8,1,2,0,78.20740392964593,0,1,1,2,2774.9032258064517,4,6.824756952279844
2115,송파구,210249.6999403954,546316.5288055943,7,2,0.8571428571428571,1,2,0,545.9283399427594,0,0,0,0,1141.774193548387,2,3.934287940898938
2116,송파구,210856.9625534092,546065.7812031821,5,2,0.4,0,2,0,622.4309954591921,0,0,0,0,1147.967741935484,4,3.5484924080901807
2117,송파구,212768.11901462064,543743.6213506487,6,2,0.8333333333333334,1,2,0,33.7654567478442,1,1,1,1,8084.548387096775,6,2.9463558562900616
2118,송파구,212958.9336165785,544300.5740892334,6,2,0.6666666666666666,1,2,0,11.150659024330205,1,1,1,2,3222.1612903225805,9,1.8382583191666708
2119,송파구,213107.3368080432,544674.1493407028,5,2,0.8,1,2,0,345.16378534173145,0,0,0,2,1214.1290322580644,4,3.687534614731671
2120,송파구,208997.1999554316,545747.388422162,7,2,0.8571428571428571,1,2,0,244.0329506996916,0,0,0,1,407.61290322580646,1,1.603752468256315
2121,송파구,209429.07727153372,546226.3243977639,4,1,1.0,1,2,0,208.66244642116908,0,0,0,0,2785.258064516129,6,0.3893331795611902
2122,송파구,209483.308631406,546033.437670203,6,2,0.6666666666666666,1,2,0,223.56879866304263,0,0,0,2,7033.612903225807,4,2.800699099214003
2123,강동구,210528.6377082325,547611.9441215892,6,2,0.8333333333333334,1,2,0,1276.102043407135,0,0,0,1,6911.032258064516,3,0.2928506556226917
2124,송파구,210722.7001625318,548188.4908806907,5,2,0.8,1,2,0,674.8711728314847,0,0,0,4,2706.2903225806454,6,0.5961606580745471
2125,용산구,200264.0688916656,549757.8208042405,5,2,0.8,0,2,0,935.560031401538,0,0,0,0,1192.6129032258063,0,4.849143358697188
2126,송파구,207009.3992352245,545503.490003635,2,2,0.5,1,2,0,382.3845844972085,0,0,0,1,2428.032258064516,2,0.5929520218596925
2127,송파구,210732.332198772,543832.368264815,3,2,0.3333333333333333,1,2,0,186.72264081243185,0,0,1,2,3192.677419354839,5,1.817437222997948
2128,송파구,210669.6020011168,544298.4160126641,5,1,1.0,1,2,1,473.496133510164,0,0,0,4,890.5483870967741,5,2.31957871006094
2129,송파구,210082.596417339,545551.6526861754,2,2,0.5,1,2,0,705.4248755902588,0,0,0,2,3839.612903225807,5,2.7978314275677008
2130,송파구,210156.83657165972,546129.4104736922,4,1,1.0,1,2,0,459.92423318901575,0,0,0,2,1148.6774193548388,2,0.7322514404416403
2131,송파구,209622.63004409964,546319.7790509904,3,1,1.0,1,2,0,114.80159153738074,0,0,1,2,4099.516129032258,4,0.4083893532508398
2132,송파구,209078.6432180112,546479.7415547823,9,2,0.6666666666666666,1,2,1,517.2764819592563,0,0,0,1,2252.6774193548385,5,0.3887005975407594
2133,송파구,209131.77004804675,546375.3182739588,4,2,0.25,1,2,0,450.4503991349999,0,0,0,0,746.0967741935484,7,0.640752136528085
2134,송파구,211650.17495143152,545155.7751327427,4,0,1.0,1,2,0,600.7128692891471,0,0,0,5,1072.1290322580644,3,6.657397924899383
2135,송파구,211748.595813182,545337.8227908288,4,2,0.5,1,2,0,596.5292840208866,0,0,0,2,639.6451612903226,6,6.267352081624029
2136,송파구,211591.08697218067,545656.7565626577,3,2,0.3333333333333333,0,2,0,421.63494079247096,0,0,0,0,0.0,4,4.08069245035089
2137,송파구,210588.21299466625,545916.6180623581,5,1,1.0,1,2,1,708.2048951146295,0,0,0,1,895.3548387096774,5,1.0344282974338743
2138,송파구,210619.375803153,545972.498336146,2,2,0.5,1,2,0,714.6270250597635,0,0,0,0,1671.1290322580644,5,1.162952909418209
2139,송파구,210442.33438074376,545622.1227621285,4,2,0.5,0,2,0,749.0105317764559,0,0,0,2,1179.3225806451615,4,2.279241207981629
2140,송파구,210012.3142183738,545836.1738395517,5,1,1.0,1,2,1,443.22996243132656,0,0,0,1,3114.483870967742,2,0.9787546408086072
2141,송파구,209844.3294945828,545496.8350310198,5,2,0.6,1,1,1,524.7384715923174,0,0,0,2,2789.290322580645,3,1.0707932164586935
2142,송파구,209638.89081629203,545217.5167075894,3,1,1.0,1,2,0,252.9612470697382,0,0,0,2,1446.0967741935483,2,1.0059396961934592
2143,송파구,210135.4712458215,544992.35601241,4,2,0.75,0,2,0,662.3421287551132,0,0,0,1,2638.483870967742,2,2.7088210839036484
2144,송파구,209956.50838427825,544838.6189564958,4,2,0.25,1,1,0,432.2452238939065,0,0,0,1,2850.032258064516,2,4.960954709052778
2145,송파구,211042.4408937285,544154.0962002724,2,2,0.5,1,2,0,613.9768692339537,0,0,0,2,0.0,4,11.058919283620437
2146,송파구,211409.4916897585,544210.010057155,2,2,0.5,0,2,0,957.2608825231888,0,0,0,2,169.67741935483872,2,3.8351676947852673
2147,송파구,211668.6777385355,544457.175148615,2,2,0.5,1,2,0,1183.280111790269,0,0,0,3,2279.967741935484,2,2.418425278530426
2148,송파구,212053.73128179729,544537.1049907833,4,0,1.0,1,2,0,901.5565333345688,0,0,0,2,1752.5483870967741,7,3.2321078894156883
2149,송파구,211989.3140036585,544460.8730302204,2,2,0.5,1,2,0,941.9285771649124,0,0,0,1,1752.5483870967741,5,3.6969293264302
2150,송파구,211582.716769114,545534.375145326,1,1,1.0,0,1,0,396.1489557994968,0,0,0,0,0.0,5,1.881856553942279
2151,송파구,211315.156485862,545378.65559187,1,1,1.0,0,2,0,204.58771693174705,0,0,0,2,2962.3870967741937,3,1.900346174865408
2152,송파구,211892.8556576408,545048.7849318698,5,2,0.8,1,2,0,859.0407931650653,0,0,0,3,2238.451612903226,5,7.534553472921258
2153,송파구,212058.709886673,544974.994571583,3,0,1.0,1,2,0,1037.9541059714816,0,0,0,2,1279.516129032258,9,3.6845482917078334
2155,송파구,212578.33218492023,544625.54855651,4,1,1.0,1,2,0,489.3171867737513,0,0,0,0,841.2258064516129,5,22.46756960050944
2156,송파구,212422.16243066132,544248.617267133,3,1,1.0,0,2,0,483.0065856819006,0,0,0,2,700.2258064516129,6,19.85313563273005
2157,송파구,212569.7531197485,543864.9997706233,4,2,0.25,1,2,0,215.65074886306212,0,0,0,2,2221.032258064516,4,0.6497863545454052
2159,송파구,212739.4981925785,543633.1623819659,2,2,0.5,1,2,0,64.85364843510779,0,1,1,2,6564.41935483871,6,8.323349956932708
2160,송파구,213043.1089634233,543730.7192872083,3,2,0.6666666666666666,1,2,0,256.9213079270712,0,0,0,0,2941.806451612903,8,1.3387101106938104
2161,송파구,213364.4538305085,543709.3591171671,2,2,0.5,1,2,0,499.8596211771997,0,0,0,0,2083.354838709677,8,11.103814850460171
2163,송파구,213273.78917036575,544009.217903592,5,2,0.6,1,2,0,186.6076766949486,0,0,1,2,1115.2903225806451,8,3.716548482660945
2164,송파구,213411.519273712,543880.917664025,3,2,0.3333333333333333,1,2,0,362.6270475257876,0,0,0,1,1295.483870967742,9,3.59040483519139
2165,송파구,213059.3215403542,544211.7686123848,5,2,0.4,1,2,0,145.18103467047055,0,0,1,2,3820.741935483871,7,4.008828342919752
2166,송파구,213372.22749262032,544544.9709268099,3,2,0.6666666666666666,1,2,0,390.1649245799112,0,0,0,2,2699.0967741935483,5,1.7567401367633553
2167,송파구,213622.120494909,544423.357205015,1,1,1.0,0,2,0,468.9870663345645,0,0,0,0,1002.5483870967741,6,3.3366889707934653
2168,송파구,213447.6321357485,544483.310537357,4,2,0.25,0,2,0,375.4624174119912,0,0,0,2,2430.258064516129,4,3.1886904190247383
2169,송파구,213639.1124885592,544250.5060090038,5,2,0.6,1,2,0,426.8122523153359,0,0,0,4,1571.5806451612902,6,2.59997891929089
2170,송파구,213648.9713822495,544062.8231386525,2,2,0.5,1,2,0,449.4125058301285,0,0,0,0,821.0967741935483,8,3.2393656865981884
2172,송파구,213837.11688152037,543650.3503813423,3,2,0.3333333333333333,1,2,0,820.0385605911614,0,0,0,2,1329.0967741935483,8,1.333128574084531
2173,송파구,213743.635167239,543892.3991071815,2,2,0.5,1,2,0,603.3852854609545,0,0,0,2,1042.9032258064517,10,4.058379514582302
2174,송파구,209858.46716725331,544550.9407218642,6,2,0.5,0,2,0,312.93086323056986,0,0,0,5,9525.709677419354,1,1.5990290088409211
2175,송파구,212558.951407883,545918.900533168,1,1,1.0,0,2,0,1424.302918750462,0,0,0,2,224.93548387096774,2,3.0947511377126995
2176,송파구,209556.2870353296,546638.2602317727,5,1,1.0,1,2,1,429.7488233692051,0,0,0,0,1756.8709677419354,7,1.193178659353619
2177,송파구,210354.8190560535,547704.323329768,2,0,1.0,1,2,0,1266.2623636224996,0,0,0,1,1607.2903225806451,5,0.5907183634634421
2178,송파구,210070.9436402333,547871.3120248726,3,2,0.3333333333333333,0,2,0,1281.2058757830152,0,0,0,2,644.4516129032259,3,0.0958821747898053
2179,송파구,210667.32450353,547934.900678654,1,0,1.0,1,2,0,929.2342434979277,0,0,0,2,7041.096774193548,6,0.8163739485954953
2181,송파구,210804.3430110197,548432.3980490937,3,2,0.3333333333333333,1,2,0,417.6807289697015,0,0,0,1,6051.1612903225805,4,1.4033738118443573
2182,송파구,210846.721062289,548581.3344654556,3,2,0.3333333333333333,0,2,0,263.2882942081907,0,0,0,2,5874.58064516129,3,1.3731894416458523
2183,송파구,210372.3912600776,548305.7090789421,5,2,0.2,1,2,0,756.9098335072622,0,0,0,0,190.83870967741936,1,0.997868660008822
2184,송파구,212120.8821500897,543807.7459188626,3,0,1.0,1,2,0,610.4564844739764,0,0,0,0,2027.032258064516,4,4.652438626057496
2185,송파구,211966.07565239925,543651.5508775905,4,2,0.75,1,2,0,760.700056932105,0,0,0,2,2131.6774193548385,4,2.011598235686686
2186,송파구,211478.491092805,543104.0995584285,2,2,0.5,0,2,0,1150.137861613858,0,0,0,0,1261.5806451612905,9,2.845012359451141
2187,송파구,211387.22710681648,543038.595726352,2,2,0.5,0,2,0,1120.4868670031512,0,0,0,2,1627.8064516129034,8,3.939053562625805
2188,송파구,211183.079775732,542785.7854928517,3,2,0.3333333333333333,0,2,0,1165.7299977502382,0,0,0,1,881.8064516129032,7,1.8319259907579464
2190,송파구,211326.014413491,543667.9498142274,2,2,0.5,1,2,0,783.1564698637497,0,0,0,2,3667.935483870968,7,2.1438025889942955
2191,송파구,211528.94642572236,543929.35562503,3,2,0.3333333333333333,1,2,0,987.8505265718592,0,0,0,1,1924.032258064516,4,3.439517855854012
2192,송파구,211726.352583356,544198.787441968,3,2,0.6666666666666666,1,2,0,1109.1470930633411,0,0,0,0,1901.2258064516132,5,4.034237204134131
2193,송파구,212204.076760345,544112.609634933,1,0,1.0,1,2,0,654.9930683222924,0,0,0,2,2701.612903225807,7,5.170497828772642
2194,송파구,211984.9787374895,544268.9858438284,2,2,0.5,1,1,0,920.5628934952496,0,0,0,2,4379.741935483871,6,1.3857527639372218
2195,송파구,210914.472626252,545581.9544811806,6,2,0.8333333333333334,0,2,1,275.6701067480259,0,0,0,2,1018.516129032258,7,3.522596335986581
2196,송파구,211037.881920922,545525.46139424,1,1,1.0,0,2,0,149.21113239517985,0,0,1,2,2520.451612903226,4,2.273053606376886
2197,송파구,209705.633623997,545767.323120344,1,0,1.0,1,2,0,366.5903261242013,0,0,0,0,2931.548387096774,3,0.2608890446459178
2198,송파구,212820.869317388,543375.5565496178,5,1,1.0,1,2,1,325.11862357761765,0,0,0,0,1732.5483870967741,5,2.438973991148501
2199,송파구,212669.61378356023,543428.7410605983,4,2,0.75,1,2,0,280.8847569141084,0,0,0,2,1732.5483870967741,5,6.425404859678885
2200,송파구,213208.533614284,544643.6890032405,4,2,0.25,1,2,0,362.711325017733,0,0,0,2,1214.1290322580644,4,1.2770686126910271
2201,강동구,212297.67020288264,546663.1333294407,3,1,1.0,1,2,0,1581.4251271311407,0,0,0,2,1113.3870967741934,2,9.444428579260116
2202,송파구,211835.69874156776,546889.9906348309,8,2,0.5,0,2,0,1486.6697037812946,0,0,0,0,1118.5483870967741,3,1.7118375205872678
2203,송파구,211300.39586148583,547193.0125603456,6,2,0.6666666666666666,1,2,0,1340.4575174983772,0,0,0,0,2436.774193548387,4,0.0011959426578863
2204,강동구,211489.3759233435,547463.7256750029,2,0,1.0,1,2,0,1028.9482532440363,0,0,0,0,2264.3870967741937,8,0.0678265274964987
2205,강동구,212078.26924040477,547706.3684589164,4,1,1.0,1,2,0,635.0384124340516,0,0,0,5,5663.25806451613,5,3.1085499343958687
2206,강동구,211924.847936462,547141.993559578,4,2,0.5,1,2,0,1219.7150682510742,0,0,0,1,3597.032258064516,3,1.9481647336137504
2207,강동구,211973.294773285,547346.876899662,4,2,0.75,1,2,0,1009.5141756180386,0,0,0,1,3597.032258064516,3,2.028685250961419
2208,강동구,212477.43458885624,549061.1202804713,4,0,1.0,1,2,0,207.47363058685065,0,0,0,0,3090.741935483871,7,1.9932511429323916
2209,강동구,212649.4329406084,549656.6959082322,5,0,1.0,1,2,0,69.42991241522195,0,1,1,3,3597.290322580645,6,2.066267138092268
2210,강동구,212761.951016408,550589.7660202039,4,0,1.0,1,2,0,528.8160412378818,0,0,0,3,2571.645161290323,6,7.124839880967665
2211,강동구,211417.972129597,550591.9710065345,4,0,1.0,1,2,0,486.08539011371687,0,0,0,2,4215.322580645162,7,0.9097297795900042
2212,강동구,211271.1496653846,550076.1665844726,5,1,1.0,1,2,1,119.08129863540356,0,0,1,6,5282.741935483871,9,0.7112375036541548
2213,강동구,211123.73085551677,549558.487180859,4,0,1.0,1,2,0,531.7691200595198,0,0,0,2,2463.8064516129034,8,0.9698492555136264
2214,강동구,210990.7927238096,549093.9996587508,5,1,1.0,1,2,1,129.3524541774564,0,0,1,1,10355.935483870968,7,0.5822435272847315
2215,강동구,211871.463324335,548430.8961260685,4,1,1.0,1,2,0,152.9597239381616,0,0,1,0,3780.258064516129,7,1.271070668215183
2216,강동구,212277.197724197,548413.7078796756,2,2,0.5,1,2,0,99.6123341020796,0,1,1,2,6700.903225806451,4,1.8867217610342084
2217,강동구,211937.5493152713,548597.0705550462,4,1,1.0,1,2,0,250.51206369061225,0,0,0,2,994.483870967742,8,1.4586673014233575
2218,강동구,212069.390152382,548348.0371857206,6,2,0.5,1,2,0,199.51092651761604,0,0,1,6,5481.129032258064,5,0.8751746108507479
2219,강동구,212378.52695989836,548722.2948953917,3,2,0.3333333333333333,1,2,0,161.32518348390602,0,0,1,2,3353.741935483871,3,1.3000361060195214
2220,강동구,212340.400841094,548614.6116539014,2,2,0.5,1,2,0,98.05333171289465,0,1,1,1,5690.612903225807,3,1.8136883130236707
2221,강동구,212450.43708033,548248.1254346925,2,1,1.0,1,2,0,182.0228383261856,0,0,1,2,3760.064516129032,4,4.966195957427146
2222,강동구,212841.15710209383,548421.8572743072,8,2,0.5,1,2,0,237.17476178134535,0,0,0,4,1356.6129032258063,5,0.4286156875492549
2223,강동구,213475.58023585175,548763.1211489992,5,2,0.8,1,2,0,834.2070914551234,0,0,0,1,533.516129032258,1,10.01830734959712
2224,강동구,213531.2374984345,548999.5892737865,2,0,1.0,1,2,0,854.9221757799286,0,0,0,0,533.516129032258,3,12.131176406243434
2225,강동구,212942.831174877,547157.9800580734,3,2,0.3333333333333333,1,2,0,1282.1077282629258,0,0,0,0,0.0,2,8.996263288070642
2226,강동구,213017.43713869248,547382.8863392455,2,0,1.0,1,2,0,1092.6524877949323,0,0,0,0,1425.6451612903224,3,9.363018700135203
2227,강동구,212791.225942448,547464.5905229577,5,1,1.0,1,2,0,948.6832817115196,0,0,0,3,1065.8709677419354,8,6.51431347167146
2228,강동구,212638.77482003733,547796.8898654507,3,1,1.0,0,2,0,598.9537834448475,0,0,0,4,1499.774193548387,12,2.501848017041042
2229,강동구,212547.6008349145,547542.3902225953,4,0,1.0,1,2,0,816.5813497279702,0,0,0,2,381.83870967741933,8,7.211975423709334
2231,강동구,212991.52250642815,549026.2672726488,5,1,1.0,1,2,1,316.13330316288074,0,0,0,4,1558.258064516129,7,4.020549366483674
2232,강동구,213776.7347804446,549649.9522193988,5,2,0.8,1,2,0,1057.8925745430329,0,0,0,0,963.0322580645161,2,2.524903862762228
2233,강동구,213800.73730416351,549974.6434522878,4,0,1.0,1,2,0,1076.660761926746,0,0,0,3,1744.258064516129,4,3.28262255725073
2234,강동구,213790.61198825133,549793.5537219947,3,2,0.3333333333333333,1,1,0,1080.1774201018536,0,0,0,2,1744.258064516129,5,3.790992356312005
2235,강동구,213833.920404689,550661.9648705395,4,1,1.0,1,2,0,1258.473310130834,0,0,0,2,5757.1612903225805,6,5.74446825621326
2236,강동구,213546.9216265195,550611.8232902649,4,0,1.0,1,2,0,986.6461316374345,0,0,0,3,2493.1935483870966,7,7.683447619183757
2237,강동구,213389.63061076737,551038.0657046454,5,1,1.0,1,2,1,1179.3305284231028,0,0,0,4,547.8387096774193,7,5.78856670172754
2238,강동구,213851.808238954,551239.0713506382,5,2,0.8,1,2,0,1627.6110097234814,0,0,0,7,1140.4838709677417,5,2.734107440105783
2239,강동구,213837.94787261903,550900.3512049125,2,0,1.0,1,2,0,1391.2319655775757,0,0,0,1,128.4516129032258,6,5.736743046225084
2240,강동구,214617.46184275424,550800.5440339878,5,1,1.0,1,2,1,2028.992366439928,0,0,0,3,3702.7419354838707,6,1.0710591573273416
2242,강동구,215138.20005761329,550862.9957000958,4,1,1.0,1,2,0,2540.1438382703964,0,0,0,1,3958.6774193548385,7,3.5635927600203963
2243,강동구,214910.39214874236,550850.751308925,3,0,1.0,1,2,0,2320.8770184575924,0,0,0,4,7683.41935483871,5,0.6271970241345789
2244,강동구,215335.30195452145,549721.5698883214,10,2,0.4,1,2,0,2617.205524712861,0,0,0,0,1872.225806451613,3,4.647778146201554
2246,강동구,215110.83235077016,549617.0000414859,6,2,0.5,1,2,0,2392.2911066512056,0,0,0,4,1851.9032258064515,3,2.6537547861758406
2247,강동구,214757.9024139065,549587.9917823118,4,1,1.0,1,2,0,2040.1776126092595,0,0,0,2,809.3548387096773,5,5.522588573712177
2249,강동구,215215.83070100925,550481.5904318567,4,1,1.0,1,2,0,2523.3185781327784,0,0,0,2,1367.6451612903227,5,3.484735916888499
2250,강동구,215270.449767611,550185.3439197778,4,0,1.0,1,2,0,2545.8048040327576,0,0,0,5,3723.9677419354844,6,1.6639169306813824
2251,강동구,214603.615102842,550449.3147393126,3,0,1.0,1,2,0,1915.5356203793483,0,0,0,2,337.7741935483871,5,8.264593059616914
2252,강동구,214607.0539672065,550125.4812003402,4,0,1.0,1,2,0,1880.49200121406,0,0,0,5,1330.032258064516,6,3.352312382419177
2253,강동구,213821.3283784012,550254.6591324911,5,2,0.6,1,2,0,1110.5247745379452,0,0,0,2,3871.1935483870966,3,4.370686788206879
2254,강동구,213478.31997912435,549691.5484942606,3,0,1.0,1,2,0,760.1720342732615,0,0,0,0,0.0,2,2.9585174093139344
2255,강동구,213490.0587830765,549972.8630220483,4,0,1.0,1,2,0,767.627646317703,0,0,0,3,3097.548387096774,5,1.605422494433461
2256,강동구,213198.8621929212,549971.8898050892,5,1,1.0,1,2,1,479.7810165667148,0,0,0,4,3711.161290322581,5,0.1424431890203337
2257,강동구,213149.3389578556,549696.1965654994,5,0,1.0,1,2,1,432.0964544817035,0,0,0,2,918.9032258064516,4,9.999748173519013
2258,강동구,212722.2666528333,550153.2845055135,4,0,1.0,1,2,0,91.377336901451,0,1,1,4,6315.483870967742,6,3.895605869467396
2260,송파구,212337.70938634124,544837.9351720108,4,2,0.75,1,2,0,810.2372581424477,0,0,0,2,3691.709677419355,9,3.0616726138878767
2261,송파구,212276.91253607505,545045.2222165919,5,1,1.0,1,2,1,998.6879195025653,0,0,0,2,949.5483870967741,11,1.47681696891541
2262,강동구,214019.56185212568,550706.6596026113,3,2,0.6666666666666666,1,2,0,1443.8096493670955,0,0,0,2,2295.4193548387098,4,4.03749246995434
2263,강동구,214187.018338726,550726.31079867,1,0,1.0,1,2,0,1603.4439422524704,0,0,0,2,1010.1935483870968,4,0.1016137206510829
2264,강동구,213105.34261200417,548562.0980147306,6,1,1.0,1,2,0,527.0428880932405,0,0,0,5,1926.0967741935485,4,3.919256663342333
2265,강동구,213313.675747874,548260.816117558,1,0,1.0,1,2,0,720.7443848424671,0,0,0,0,0.0,1,8.918775235052626
2266,강동구,213234.379038628,548042.3801935699,2,2,0.5,1,2,0,720.9378723705815,0,0,0,2,892.3870967741935,2,6.0623825020634685
2267,송파구,213042.01913749325,544515.8738546926,4,2,0.5,1,2,0,175.07380761923804,0,0,1,1,3621.193548387097,7,1.4708146574028074
2268,송파구,211648.307904152,542906.155935302,1,0,1.0,1,2,0,1344.0629423510543,0,0,0,3,2321.774193548387,11,1.595204275458458
2269,송파구,211386.316986888,542639.062497767,1,0,1.0,1,2,0,1413.291119293394,0,0,0,2,517.0,10,2.902708654849289
2270,강동구,210958.393446038,550218.541163101,2,2,0.0,0,2,0,442.1172962154948,0,0,0,0,0.0,3,1.643786931035637
2271,강동구,211063.368633869,550620.581774709,1,1,1.0,0,2,0,606.6761849497099,0,0,0,0,0.0,2,4.283464991748953
2272,강동구,211025.6684014187,550490.4578838827,3,2,0.6666666666666666,1,1,0,526.3768183019729,0,0,0,0,0.0,4,0.6378130002445559
2273,강동구,211156.437024277,550590.67874058,1,1,1.0,0,2,0,535.5401703990644,0,0,0,0,0.0,4,0.7109809977443149
2274,강동구,211390.43632209176,548621.7084341332,4,2,0.25,1,2,0,33.82168705935773,1,1,1,0,7738.774193548388,4,6.533227847037833
2275,강동구,211669.85733386577,548510.5655600197,9,2,0.4444444444444444,1,2,0,63.24509516050989,0,1,1,4,6580.451612903225,7,2.808924450009632
2276,강동구,212612.4233495605,548296.4053689397,4,2,0.75,1,2,0,98.75600918879984,0,1,1,4,2816.9032258064517,5,2.2506837915013733
2277,강동구,212872.311288502,546901.63364682,1,0,1.0,1,2,0,1516.931797987904,0,0,0,1,0.0,1,4.113549761394495
2278,강동구,211201.96442540025,549827.5974172165,4,1,1.0,1,2,0,334.6091851216918,0,0,0,0,0.0,8,0.7772867227166458
2279,강동구,211343.9288889187,550332.474970561,3,2,0.3333333333333333,0,2,0,229.47424366036185,0,0,0,1,2745.2580645161293,6,1.162624082535449
2280,강동구,211584.595069779,550596.3634723686,2,2,0.5,0,2,0,528.1230252782298,0,0,0,2,1675.032258064516,7,4.754687852125308
2281,강동구,211864.2535101168,550589.4945279626,5,2,0.2,0,2,0,679.2772193626,0,0,0,0,1089.3548387096773,6,3.540227349716752
2282,강동구,211994.441788391,550583.7342107175,2,2,0.5,0,2,0,772.8627294094844,0,0,0,1,2000.3225806451612,8,3.546961821442025
2283,강동구,212065.708268004,550593.8844215565,2,2,0.5,0,2,0,835.9869061482885,0,0,0,2,2000.3225806451612,8,3.2547287807670835
2284,강동구,212176.5265269192,550587.7287542836,5,1,1.0,0,2,1,761.6031585144196,0,0,0,1,3913.741935483871,7,2.8226253791512868
2285,강동구,212372.416874714,550587.3791795506,4,1,1.0,0,2,0,634.1393259058466,0,0,0,2,1913.4193548387098,3,3.942749941739739
2286,강동구,213067.50550758903,550591.7157532865,2,2,0.5,1,2,0,629.3206064254497,0,0,0,1,1524.1290322580644,7,3.959133265115173
2287,강동구,213167.7944848923,550587.6415227124,3,2,0.3333333333333333,1,2,0,685.5467029092715,0,0,0,4,1064.9032258064517,8,3.228691192015312
2290,강동구,212146.0332310593,547963.8098287419,3,2,0.6666666666666666,1,2,0,369.23999583534527,0,0,0,1,2069.8064516129034,2,1.3378818177354173
2292,강동구,212553.25630498564,549312.0342528337,3,2,0.3333333333333333,1,2,0,323.36300332625405,0,0,0,2,1932.258064516129,5,0.4038822737837222
2293,강동구,212584.22774113168,549415.366766274,3,2,0.3333333333333333,1,2,0,246.5061045968768,0,0,0,1,4364.096774193548,5,0.2298625788319815
2294,강동구,212675.87704198295,549813.835786468,3,2,0.3333333333333333,1,2,0,160.65559768510343,0,0,1,2,1165.4516129032259,5,4.25491761443153
2295,강동구,212699.6452605095,550034.523349497,2,2,0.5,1,2,0,28.2571347018262,1,1,1,2,2840.0,5,1.8910690053723715
2296,강동구,212743.5970712365,550471.168404471,2,2,0.5,1,2,0,409.4150205707032,0,0,0,4,5330.225806451614,6,3.6025773936915093
2297,강동구,212782.35379437424,550815.8812805155,4,1,1.0,1,2,0,755.800114274187,0,0,0,4,2435.645161290323,6,7.132067763400561
2298,강동구,210890.9481725336,547809.83447208,5,2,0.4,1,2,0,921.6424152629984,0,0,0,2,1340.3225806451612,9,0.7445679922735978
2299,강동구,211014.6012502,547744.600111171,1,0,1.0,1,2,0,921.2105417131226,0,0,0,2,1128.3870967741937,7,0.7456960898727042
2300,강동구,211331.92431600048,547567.919944234,2,2,0.5,1,2,0,978.0681201242736,0,0,0,2,1346.7096774193549,10,2.960594732333751e-15
2301,강동구,211604.5128286045,547731.9037995352,4,2,0.5,0,2,0,743.8993843646431,0,0,0,0,818.6451612903226,10,0.2181174943398881
2302,강동구,211654.65380101776,547856.8937080493,4,0,1.0,1,2,0,613.5785348664978,0,0,0,4,1001.9032258064516,7,0.3972756312926092
2303,강동구,211985.8912827375,548724.747033117,4,0,1.0,1,2,0,273.99745992299654,0,0,0,2,994.483870967742,7,1.474049416095949
2304,강동구,212123.1357879715,549091.3231849035,2,2,0.5,1,2,0,58.59144467540701,0,1,1,2,1336.0645161290322,8,1.793325562372156
2305,강동구,212279.50598768372,549075.7655463122,4,1,1.0,1,2,0,206.0647168211157,0,0,0,2,2934.225806451613,8,2.530936515824968
2306,강동구,212639.681174673,549051.374427236,1,0,1.0,1,2,0,61.45003331502946,0,1,1,2,419.258064516129,6,1.9448634851154856
2307,강동구,212724.859632798,549045.600864758,1,0,1.0,1,2,0,65.22017782888777,0,1,1,1,419.258064516129,6,2.064795718887377
2308,송파구,210971.4360659283,543438.619165557,3,2,0.3333333333333333,1,2,0,544.3187505119234,0,0,0,2,2374.6451612903224,5,4.746520897409561
2309,강동구,213145.356656693,549018.637168951,3,2,0.6666666666666666,1,2,0,469.3313418675086,0,0,0,0,1293.6774193548388,4,4.393226880885468
2310,송파구,210910.909616516,543389.13281471,2,2,0.5,1,2,0,534.6771697649333,0,0,0,0,2374.6451612903224,4,4.100047601756695
2311,강동구,210846.39711559075,548141.4242483415,4,0,1.0,1,2,0,658.5968725911557,0,0,0,4,2529.709677419355,7,0.578993917831756
2312,강동구,210958.341007144,548101.316083081,1,1,1.0,0,2,0,645.2583270888883,0,0,0,0,1000.2258064516129,7,0.3114332071945469
2313,강동구,211135.392354992,548037.297652165,1,0,1.0,1,2,0,604.6766991253021,0,0,0,4,1636.8709677419356,3,0.7775632076085159
2314,강동구,211473.60632593,547918.0186100858,4,2,0.5,1,2,0,600.4992979829734,0,0,0,0,1726.2258064516127,10,1.1593474474921035
2315,강동구,212718.98313864495,548059.9098662514,3,2,0.3333333333333333,1,2,0,353.7033622147733,0,0,0,2,478.6774193548388,7,2.808496129967851
2316,강동구,212905.024209136,548670.3219370723,4,2,0.5,1,2,0,402.91894418494087,0,0,0,0,1098.5483870967741,5,2.48535230981774
2318,강동구,211731.34741096667,549460.36690891,6,2,0.8333333333333334,1,2,0,200.14477464631423,0,0,0,1,1402.4516129032259,5,7.656350897340729
2319,강동구,210933.55711167367,549593.3177156387,3,2,0.3333333333333333,1,2,0,590.5360035897436,0,0,0,0,1154.0,6,0.9949980610952204
2320,강동구,211375.859597432,549513.028833283,1,0,1.0,1,2,0,425.3883475019993,0,0,0,2,631.1612903225806,4,0.6555172125440656
2321,강동구,211066.039329854,550195.6171619395,2,0,1.0,1,2,0,332.20848426618414,0,0,0,0,0.0,5,1.3351344310584068
2322,강동구,211182.4251138273,550125.878273486,3,0,1.0,1,2,0,204.64417432382197,0,0,0,1,5282.741935483871,9,0.9009385938489228
2323,강동구,211631.158723467,549881.948894353,1,0,1.0,1,2,0,172.47944865045633,0,0,1,0,786.0645161290323,2,0.862374903064822
2324,강동구,211897.3760817395,549740.3967280142,4,1,1.0,0,2,0,70.76947864246087,0,1,1,1,2698.451612903226,2,0.5803161268924425
2325,강동구,212117.512862441,549641.153004308,1,0,1.0,1,2,0,303.885903974939,0,0,0,0,0.0,4,5.726176955613157
2326,강동구,212340.218130825,549593.368562009,1,0,1.0,1,2,0,100.99040264621917,0,0,1,0,0.0,4,6.975319282120165
2327,강동구,214507.62017040572,549600.2578231222,4,2,0.25,1,2,0,1789.6297971081096,0,0,0,2,116.96774193548387,5,1.927330165155669
2328,강동구,214334.09451019,551225.5851878296,4,2,0.75,1,2,0,1983.5581315871948,0,0,0,2,732.5483870967743,6,3.32316995203349
2329,강동구,213458.24838324895,550862.9696109665,7,2,0.8571428571428571,1,2,1,1084.0892221075774,0,0,0,0,643.2258064516129,7,1.690214626723178
2330,강동구,212895.8049266415,550113.998925856,4,2,0.75,1,2,0,176.00974351802168,0,0,1,2,3246.064516129032,7,4.343164296763782
2331,강동구,213623.4790672285,549970.2752357984,2,2,0.5,1,2,0,900.5376459965883,0,0,0,1,3226.645161290322,5,0.9219374855157564
2332,강동구,211675.507638705,549361.933887506,1,0,1.0,1,2,0,310.3391164617909,0,0,0,3,1764.741935483871,6,4.961423549558965
2333,강동구,211034.00568239568,549243.5065570073,3,2,0.3333333333333333,0,2,0,226.6255294861874,0,0,0,2,2761.064516129032,7,1.3157102616642706
2334,강동구,211385.33863523696,550479.0123335997,3,2,0.3333333333333333,1,2,0,372.0875447702181,0,0,0,4,2601.161290322581,8,0.6971375291863661
2335,강동구,212629.6822997795,550134.9730726255,2,2,0.5,1,2,0,122.10518964938746,0,0,1,4,6315.483870967742,5,2.212572928392843
2336,광진구,209462.32804626325,549849.0563833743,4,2,0.75,1,2,0,1754.9716653206815,0,0,0,3,1122.4838709677422,7,4.959461548974626
2337,광진구,209544.66404376552,549995.5862452181,2,2,0.5,1,2,0,1779.0367144965935,0,0,0,1,475.0,2,9.341461411079806
2338,광진구,209657.95142952,550205.184159242,1,1,1.0,0,2,0,1731.0293235598456,0,0,0,2,856.0322580645161,1,26.914841651803677
2339,광진구,207801.96382535863,550469.1875971124,3,2,0.6666666666666666,1,2,0,2165.513049431562,0,0,0,1,9226.451612903227,6,4.227013831478246
2340,광진구,206558.3436609668,549762.4570596267,4,0,1.0,1,2,0,832.5668925342609,0,0,0,1,7855.967741935485,6,5.797622872149452
2341,광진구,206748.2665722545,549644.4997235464,2,0,1.0,1,2,0,839.8796278139364,0,0,0,0,2710.612903225807,4,5.382199429411785
2342,광진구,207636.4138125333,547964.8072032076,3,2,0.3333333333333333,0,2,0,1755.2321553810818,0,0,0,0,4374.387096774193,5,1.658155731407316
2343,광진구,206822.1560306057,548732.93585933,3,2,0.6666666666666666,1,2,0,660.9517547995483,0,0,0,0,1922.0645161290322,4,5.582342519922019
2344,광진구,206573.54194653037,548811.3045459887,3,2,0.6666666666666666,1,2,0,402.5411849610601,0,0,0,2,4197.032258064516,4,11.126212937042157
2345,광진구,206689.51186537225,548192.4651999203,5,1,1.0,1,2,1,932.283262398322,0,0,0,2,3926.6774193548385,6,0.9560658532841456
2346,광진구,206052.52629875412,548426.1378635651,6,1,1.0,1,2,0,580.5633292948601,0,0,0,4,4553.580645161291,6,14.258417361402328
2347,성동구,205160.2336482275,549906.9679529725,2,0,1.0,1,2,0,498.4554300526495,0,0,0,0,407.6774193548387,3,2.9342582552649223
2348,성동구,203881.2854759478,548957.5538325286,5,2,0.4,0,2,0,1254.273470264296,0,0,0,1,879.0967741935483,4,3.591553750215327
2349,성동구,203907.83140662612,549155.7198337432,7,2,0.5714285714285714,1,2,0,1169.3476119646618,0,0,0,1,4005.8064516129034,4,1.7098948645293444
2350,성동구,204250.5285094518,549014.8434750319,5,1,1.0,1,2,1,893.9380832982428,0,0,0,2,609.1290322580646,7,0.3804972927800776
2351,성동구,204352.36639546495,549304.8156406711,3,2,0.3333333333333333,0,2,0,703.9358341645726,0,0,0,3,613.5483870967741,3,0.6229271108643027
2352,성동구,204379.55446321657,549410.9025445927,7,2,0.7142857142857143,1,2,1,667.0706064198921,0,0,0,2,795.6451612903226,6,0.5045816059688205
2353,성동구,204315.224327914,549694.1032805588,6,2,0.6666666666666666,1,2,0,780.4164537245445,0,0,0,2,2616.483870967742,5,2.2487327206325665
2354,성동구,203232.89957081733,549756.3808266773,6,2,0.8333333333333334,1,2,0,1380.1333290203831,0,0,0,0,757.3225806451613,0,5.339651912097534
2355,광진구,206803.11232041928,550962.4847884133,4,1,1.0,1,2,0,1077.966835400309,0,0,0,2,8771.129032258064,7,0.7981655227018674
2357,강동구,213547.03719303,550474.910449008,1,1,1.0,0,2,0,917.5331594860938,0,0,0,0,997.0967741935483,6,1.478128567365431
2358,강동구,211920.8631360157,550807.3582624396,3,2,0.6666666666666666,1,2,0,881.181752892631,0,0,0,1,154.6451612903226,8,2.5876175829457297
2359,광진구,209041.3059719265,549308.1434198575,2,2,0.5,1,2,0,1917.6353888182227,0,0,0,1,2154.064516129032,6,1.5269025526355406
2360,광진구,208684.527865115,549164.0620154566,3,2,0.6666666666666666,1,2,0,2240.5883767893456,0,0,0,2,1429.9032258064517,6,1.609079899866046
2361,광진구,208329.688152477,549249.1497560664,3,2,0.6666666666666666,0,2,0,2129.3987338201177,0,0,0,3,1808.3870967741934,5,9.425858141230089
2362,광진구,208016.28863710476,549468.3501898918,4,0,1.0,1,2,0,1861.9180258210488,0,0,0,2,2035.3870967741934,4,7.420834720855307
2363,광진구,207290.806953771,549523.4892470905,2,2,0.5,1,2,0,1198.0699255192833,0,0,0,0,1147.8709677419356,2,6.067260735448515
2364,광진구,207087.36755249105,549536.817639969,2,2,0.5,0,2,0,1026.3971763880013,0,0,0,2,900.6129032258065,2,2.30364398828596
2365,성동구,205786.32931503165,549853.9485287346,3,2,0.3333333333333333,0,2,0,687.6114374575751,0,0,0,2,6257.096774193549,5,1.2683142162541206
2366,성동구,204819.976893272,550061.573273324,2,2,0.5,1,2,0,678.8437986634785,0,0,0,2,1077.5806451612902,3,4.687777181335028
2367,성동구,204803.90900676372,549516.8464438622,4,2,0.5,1,2,0,260.63567980321125,0,0,0,3,3759.6774193548385,3,13.256299427449925
2368,광진구,206004.96422487497,549047.5186671455,2,2,0.5,1,2,0,168.18082044810106,0,0,1,3,4784.677419354839,2,4.289312764069534
2369,광진구,206983.2785024938,548681.0875283878,5,2,0.4,1,2,0,829.5804503260059,0,0,0,2,1374.032258064516,3,6.678414903427736
2370,광진구,207744.78189649648,548669.8005345,2,0,1.0,1,2,0,1563.5440279213049,0,0,0,2,6184.129032258065,8,7.186555407841358
2371,광진구,208014.8951035505,548752.0382250999,2,2,0.5,1,2,0,1815.7741235544493,0,0,0,2,3529.41935483871,9,11.745435722551392
2372,광진구,208321.9023481335,548960.0892846168,4,2,0.75,0,2,0,2106.713896972286,0,0,0,2,1280.6774193548385,6,0.4296947904495951
2373,광진구,208694.45036302,548862.488917395,5,1,1.0,1,2,0,2208.044112733318,0,0,0,0,451.4193548387097,3,6.223463117340125
2374,광진구,208301.33204882676,548467.2425311467,4,1,1.0,1,2,0,2151.639608468594,0,0,0,3,7197.709677419355,7,0.4524446382962862
2375,광진구,208185.754440623,548322.8871109537,3,0,1.0,1,2,0,2081.834072692946,0,0,0,1,675.2903225806451,8,0.6266683001640653
2376,광진구,208143.954584979,548446.5745192196,2,2,0.5,1,2,0,2005.0041114771311,0,0,0,2,2169.483870967742,12,0.6972035531590729
2377,광진구,208107.8766138848,548337.313184866,5,1,1.0,1,2,1,2003.5034892289607,0,0,0,2,675.2903225806451,8,2.3204264470880176
2378,광진구,207293.6338534496,547999.2724137751,5,1,1.0,1,2,1,1467.7750539277397,0,0,0,3,5757.806451612903,5,0.670636103329662
2379,광진구,207037.50329630333,548057.0059265766,6,2,0.8333333333333334,1,2,1,1247.398409710507,0,0,0,2,4499.645161290323,6,0.0747276267375252
2380,광진구,206409.7113860653,548299.036424928,3,2,0.3333333333333333,0,2,0,722.7895181026839,0,0,0,2,2394.677419354839,6,0.5994290156871193
2381,광진구,205787.4910131085,548505.482475,2,2,0.5,1,2,0,620.4323920896152,0,0,0,0,1624.967741935484,3,1.7637442668177676
2382,성동구,205088.805897093,548745.7975418526,2,2,0.5,1,2,0,670.1599529831424,0,0,0,2,1915.3548387096773,5,1.3566390033743374
2383,성동구,204860.70676351013,548820.5550225864,8,2,0.75,1,2,1,626.2355610541877,0,0,0,3,3399.0967741935488,5,0.5033498957993684
2384,성동구,204733.507041286,548858.0959879247,3,2,0.3333333333333333,0,2,0,644.2584795324735,0,0,0,2,3425.3870967741937,5,0.3710143619364281
2385,성동구,204055.720087072,549096.9873414906,2,2,0.5,1,2,0,1042.654498238965,0,0,0,2,1070.6451612903224,8,0.7785609787216519
2386,성동구,203953.66294392364,549633.5234192956,3,2,0.3333333333333333,1,2,0,1113.2233417638688,0,0,0,2,3641.7419354838707,5,0.7388776618815681
2387,성동구,203952.01118474695,549321.6693011395,2,2,0.5,1,2,0,1099.0844109921452,0,0,0,3,3065.5806451612902,6,0.2091784648403057
2388,성동구,205558.47247833095,548970.8633110403,3,2,0.3333333333333333,1,2,0,230.3351528047225,0,0,0,2,4888.322580645161,2,0.6188557718573643
2389,광진구,205824.88333237,549563.548057328,3,2,0.6666666666666666,1,2,0,419.6039389737825,0,0,0,3,701.516129032258,3,0.2157880325827132
2390,광진구,206291.7233816097,550592.1236871281,4,2,0.5,1,2,0,916.5670590981532,0,0,0,2,1431.9354838709678,5,1.3314200118594826
2392,광진구,207032.534934175,552271.334480946,1,1,1.0,0,2,0,517.5570215933728,0,0,0,2,829.6774193548388,3,1.541873512112272
2393,광진구,207047.8245263632,551518.7846690156,5,1,1.0,1,2,1,1108.7547726331738,0,0,0,2,1685.0645161290322,10,1.4536324306344135
2394,광진구,206401.3306702275,550389.410843595,2,2,0.5,1,2,0,1146.3627453765998,0,0,0,0,2245.548387096774,7,3.123202751198691
2395,광진구,206266.674599797,550029.6195977714,2,2,0.5,0,2,0,1012.3530956136182,0,0,0,0,2525.741935483871,7,2.5595884465092724
2396,광진구,207465.3841031374,551863.816065928,5,1,1.0,1,1,1,1103.8272505912169,0,0,0,2,612.3870967741937,9,4.908637914617628
2397,광진구,207147.42844844,551133.975973504,3,2,0.3333333333333333,1,2,0,1354.8859189463703,0,0,0,2,1740.6129032258063,5,2.8744089881872923
2398,광진구,206791.8670924695,550275.9187384851,2,2,0.5,0,2,0,1396.2912314420137,0,0,0,1,2559.548387096774,1,2.597315443573631
2399,광진구,206648.63180159352,549956.8904767495,2,2,0.5,1,2,0,1046.8211572013624,0,0,0,2,734.258064516129,3,3.458921703555339
2400,광진구,206374.175005598,549290.393132298,1,0,1.0,1,2,0,332.2897117942728,0,0,0,3,2856.8709677419356,2,0.737495874754875
2402,광진구,205940.53911304768,548106.5315649059,3,2,0.6666666666666666,1,2,0,917.2597391702049,0,0,0,0,600.9677419354839,8,25.14226534950413
2403,광진구,207639.804019891,551867.1964484003,3,2,0.3333333333333333,1,2,0,1136.527008854353,0,0,0,1,2669.838709677419,7,9.904904446533452
2404,광진구,207562.22199330732,551225.4979791493,3,2,0.3333333333333333,1,2,0,1627.8897749997293,0,0,0,0,1303.4193548387095,7,1.818946166895792
2405,광진구,207790.2697734,550755.1904950687,3,2,0.3333333333333333,1,2,0,2074.6161166775005,0,0,0,0,1760.7419354838707,6,1.991162487324404
2406,광진구,208328.271689462,550556.261561112,3,0,1.0,1,1,0,2575.3472726194013,0,0,0,2,1682.8064516129032,2,7.3337639983002845
2407,광진구,207776.46797402,549787.208001707,2,2,0.5,0,2,0,1750.397464135766,0,0,0,2,1995.8709677419356,3,0.8157873961064037
2408,광진구,207446.4885933025,549237.4970259788,4,2,0.5,1,2,0,1254.6180110083635,0,0,0,3,5064.548387096774,2,3.911284658878357
2409,광진구,207366.933746725,548767.2778569185,4,2,0.5,1,2,0,1173.800896600928,0,0,0,2,7480.064516129032,4,3.19824405608383
2410,광진구,207503.663665042,548219.4139111945,2,2,0.5,1,2,0,1503.7682546222693,0,0,0,1,8118.193548387097,5,1.8503055702999247
2411,광진구,208841.18751549465,549025.2586474343,3,2,0.3333333333333333,1,2,0,2069.021496467015,0,0,0,2,1442.3870967741937,6,1.4421370419590336
2412,광진구,208302.633078821,548812.403568274,1,0,1.0,1,2,0,2095.1443831273305,0,0,0,2,2383.7419354838707,7,0.7254654139126693
2413,광진구,206456.674562719,549493.0934854395,2,2,0.5,0,2,0,547.3731293555143,0,0,0,0,6860.064516129032,4,8.33818292674462
2414,광진구,206335.5739111415,549155.553768866,2,1,1.0,1,2,0,200.30630194605268,0,0,0,2,11013.129032258064,2,1.1397582574676215
2415,광진구,207628.7283627695,550560.6367632145,2,0,1.0,1,2,0,1995.947310288268,0,0,0,2,4770.516129032258,4,4.671683263201978
2416,광진구,207902.7675079835,550310.0363667004,4,2,0.25,1,2,0,2139.070503329099,0,0,0,1,9103.451612903225,3,2.3885498173774167
2417,광진구,207949.3012299433,550218.1031075915,4,2,0.5,1,2,0,2121.6795443785545,0,0,0,2,9692.967741935483,3,4.558121221122733
2418,광진구,208195.7682427877,549955.2797616705,6,2,0.6666666666666666,1,2,0,2200.7296319129146,0,0,0,2,1596.483870967742,1,7.058044504680167
2419,성동구,204950.4257975445,549993.852801951,2,2,0.5,1,2,0,580.2163201383436,0,0,0,2,1485.258064516129,2,2.1396163395183976
2420,성동구,205543.619422113,549838.3043805225,2,2,0.5,0,2,0,644.7758376010776,0,0,0,1,2536.8064516129034,3,2.0502001839194093
2421,광진구,206417.8970829188,549808.550971773,4,2,0.25,1,2,0,822.7925491719291,0,0,0,2,7026.903225806452,7,3.2195632183884784
2422,광진구,208215.8474772813,549375.9306183263,3,2,0.3333333333333333,0,2,0,2036.268266842705,0,0,0,2,1612.2258064516127,5,6.4958506076982365
2423,성동구,205334.36765110324,549308.4346088599,4,2,0.5,1,2,0,297.1367928032194,0,0,0,2,1454.2903225806451,3,5.63612013098077
2424,성동구,205454.2265829535,549267.3621559185,4,2,0.25,1,2,0,222.9088963410224,0,0,0,2,1454.2903225806451,3,15.846928175161198
2425,광진구,205878.0926105045,549100.5190478554,2,2,0.5,0,2,0,232.8940371274111,0,0,0,2,4784.677419354839,2,6.652982579627119
2426,광진구,208232.5452661407,548897.7480287226,3,2,0.3333333333333333,1,2,0,2019.4182457546103,0,0,0,3,2383.7419354838707,6,1.7188301009599154
2427,광진구,207132.640211302,548633.075182966,3,2,0.6666666666666666,1,2,0,986.0745962264208,0,0,0,0,2641.8387096774195,3,11.153063472296504
2428,광진구,207882.58763275505,548705.9940922582,6,2,0.8333333333333334,1,2,0,1692.0122239143132,0,0,0,3,6612.225806451613,9,16.51852558499588
2429,광진구,208938.3558790153,549271.7837121254,3,0,1.0,1,2,0,2009.6889076005884,0,0,0,1,967.9032258064516,6,3.100262231761093
2430,광진구,209122.7761634415,549371.401916518,2,2,0.5,1,2,0,1855.57927062374,0,0,0,2,3310.645161290323,5,1.1550982257260385
2431,성동구,204462.224876952,548946.5815914046,3,1,1.0,1,2,0,753.0701105533581,0,0,0,3,811.741935483871,5,0.3627988402422606
2432,성동구,205271.8368305913,548681.617743154,3,2,0.3333333333333333,0,2,0,629.498643885099,0,0,0,2,7521.225806451614,4,3.839803685862604
2433,광진구,205624.53486512325,548561.8374331361,4,2,0.25,1,2,0,617.4110841734785,0,0,0,2,1688.4516129032259,2,2.1589877322810955
2434,광진구,206200.48412434632,548364.6647798895,6,2,0.8333333333333334,1,2,1,630.753622390248,0,0,0,2,3041.612903225807,10,0.55754663571431
2435,광진구,206335.4049953572,548322.8718448484,5,1,1.0,0,2,1,682.9792314964858,0,0,0,2,2394.677419354839,7,0.5486876736142735
2436,광진구,206815.31013000768,548145.1898769016,3,2,0.3333333333333333,1,2,0,1040.3746746214956,0,0,0,2,3454.9032258064517,6,1.073414899870384
2437,광진구,206649.13780565636,548018.8416819932,3,2,0.3333333333333333,1,2,0,1068.3685812571211,0,0,0,1,3339.548387096774,4,0.2491229078608222
2438,광진구,206621.0781823076,547898.5684324389,5,1,1.0,1,1,1,1169.2720748421652,0,0,0,2,1521.6129032258063,1,0.3192327903450002
2439,성동구,203909.1546565233,550027.3860714562,4,2,0.5,1,2,0,1288.6253169465135,0,0,0,2,1977.1612903225805,2,19.112696225518494
2441,성동구,206374.0963537585,550767.5505289331,2,2,0.5,1,2,0,831.4885353258567,0,0,0,0,2261.483870967742,1,0.4823214019377531
2442,광진구,205757.43982431095,549412.550731759,3,2,0.3333333333333333,1,2,0,254.2505889605658,0,0,0,1,2211.451612903226,2,0.5458965359570733
2443,성동구,205513.8675620505,548856.9638146275,2,2,0.5,1,2,0,352.4245572296183,0,0,0,2,3835.3870967741937,3,0.7699522069978452
2444,광진구,207366.90825031165,551636.2714355261,3,2,0.3333333333333333,1,2,0,1185.9369159711655,0,0,0,2,921.8709677419355,9,2.5204024239958875
2445,성동구,203428.37737734025,550976.454027224,4,2,0.75,1,2,0,1649.1021530350895,0,0,0,5,3134.3548387096776,8,4.941579927076075
2446,성동구,203271.6223137453,551088.919882243,4,2,0.5,1,2,0,1487.948404477847,0,0,0,0,6692.225806451613,5,1.551233089547163
2447,성동구,203000.42136864268,551413.4733635777,3,2,0.3333333333333333,1,2,0,1112.2548992944512,0,0,0,2,7219.322580645162,5,2.386534676352922
2448,성동구,202876.93420431032,551499.54492507,3,2,0.3333333333333333,1,2,0,969.0865570398142,0,0,0,3,4317.096774193548,3,2.77756986760588
2449,성동구,202762.2063478295,551568.8472647655,2,2,0.5,1,2,0,840.7405578199566,0,0,0,0,4731.645161290322,4,0.0
2450,광진구,207298.63460633648,551494.114215372,2,2,0.5,1,2,0,1255.6158638966158,0,0,0,3,2136.967741935484,10,2.0889279374910075
2451,광진구,207077.993324405,550976.794644331,1,0,1.0,1,2,0,1328.8208634886723,0,0,0,1,2174.032258064516,7,1.8026850743530256
2453,광진구,206946.128024688,550676.229317535,1,0,1.0,1,2,0,1341.0755556566214,0,0,0,4,5648.8387096774195,6,2.3124907549294584
2454,광진구,206870.389146211,550498.263464307,1,0,1.0,1,2,0,1381.6272802796907,0,0,0,0,3275.8387096774195,5,3.418551924839732
2455,광진구,207654.525756926,551739.7156458184,5,1,1.0,1,2,1,1264.8521578204895,0,0,0,2,1533.741935483871,7,8.027136781189832
2456,광진구,207754.439828284,551022.1720579097,3,2,0.6666666666666666,1,2,0,1906.235384500996,0,0,0,6,4718.1935483870975,6,3.534241017164567
2457,광진구,207763.531208251,550919.760941428,2,2,0.5,1,2,0,1993.3280380931792,0,0,0,4,3980.9032258064512,4,0.5129825335385381
2458,광진구,207883.604404727,549900.177648942,3,2,0.3333333333333333,1,2,0,1897.7737758209344,0,0,0,2,3508.9032258064517,3,1.6091185791450493
2460,광진구,207376.14103475,549039.569771254,2,2,0.5,1,2,0,1161.5055610672894,0,0,0,1,3859.1935483870966,3,1.7039303636013987
2461,광진구,207355.46051122635,548894.5828502607,3,2,0.3333333333333333,1,2,0,1144.4140523249216,0,0,0,2,5179.225806451613,2,3.541075952883901
2462,광진구,206728.3501230245,548376.075605685,2,2,0.5,0,2,0,803.9892045714068,0,0,0,2,952.6129032258065,4,2.8412108809690597
2463,성동구,204441.20694290104,550187.9974042295,2,2,0.5,0,2,0,976.581253692026,0,0,0,2,923.0,3,4.88515702011848
2464,성동구,203200.26946854856,549385.476630767,7,2,0.5714285714285714,1,2,0,1424.2497952371791,0,0,0,2,1603.8064516129034,1,0.7689217564620657
2466,광진구,207918.89651983572,548962.4143956397,4,2,0.5,1,2,0,1703.7310550570094,0,0,0,2,476.0,4,2.506852694928039
2467,성동구,202479.6628297625,551683.495946112,2,2,0.5,1,2,0,541.6470669724772,0,0,0,3,8747.258064516129,6,7.613026673754917
2468,중구,202261.00104466063,551727.527602528,3,2,0.3333333333333333,1,2,0,319.2284307589683,0,0,0,2,4498.5161290322585,6,10.416837988987352
2469,광진구,207142.181612196,551734.775382491,3,2,0.3333333333333333,0,2,0,968.7580430007432,0,0,0,2,2342.935483870968,9,1.5164460114775598
2470,광진구,207733.842198273,551240.448160705,4,2,0.25,1,2,0,1725.5737271110945,0,0,0,3,1790.1935483870968,7,3.357753228257738
2471,광진구,207605.207302844,552283.8373490486,2,2,0.5,1,2,0,718.9600742697037,0,0,0,0,987.3225806451612,9,9.858707382058812
2472,광진구,207309.332369935,552126.5494139614,3,2,0.3333333333333333,0,2,0,829.8507486518638,0,0,0,2,1268.2903225806451,4,2.749584921339423
2473,성동구,203959.81558882733,549516.9913850504,3,0,1.0,1,2,0,1090.8969244041105,0,0,0,1,2638.774193548387,5,1.1604766370893522
2474,광진구,206649.541309251,551397.500384657,1,0,1.0,1,2,0,812.0635864144897,0,0,0,2,700.6451612903226,1,4.628291954862398
2475,광진구,207217.4847949535,551281.1280803925,2,2,0.5,1,2,0,1374.7735229279706,0,0,0,0,2671.451612903226,9,4.513094747186847
2476,광진구,206956.584198406,549573.597348632,2,2,0.5,0,2,0,940.069156559562,0,0,0,2,900.6129032258065,2,5.080143279261235
2477,광진구,206934.778690162,551567.7726992094,3,2,0.3333333333333333,0,2,0,1017.1056509646894,0,0,0,2,1362.5483870967741,7,0.2549450086943879
2478,광진구,208577.451073551,548738.8076779189,3,2,0.3333333333333333,1,2,0,2327.4542096809664,0,0,0,2,1171.0645161290322,3,1.2874916718600875
2479,광진구,206663.73498968864,551030.4885832403,3,0,1.0,1,2,0,922.9765119058982,0,0,0,2,8003.25806451613,4,0.4206567361810147
2481,광진구,207817.47781503267,549492.2403886307,3,2,0.3333333333333333,1,2,0,1677.3195286791713,0,0,0,2,1843.8387096774193,6,2.263399794328471
2482,중구,201951.02282252104,551769.567039502,3,2,0.3333333333333333,1,2,0,12.577757664862665,1,1,1,3,9875.741935483871,7,2.0302986265167298
2483,성동구,204613.9032843392,549587.6864471937,5,2,0.2,0,2,0,463.40101407739553,0,0,0,1,2296.3225806451615,5,17.110820931561317
2484,광진구,206285.7296314787,550165.7648362886,3,1,1.0,1,1,0,1149.655661058761,0,0,0,2,3308.2903225806454,8,6.741535586927862
2485,광진구,206488.43695074168,549594.9841574797,3,2,0.3333333333333333,1,2,0,651.7732398860489,0,0,0,2,6590.774193548387,5,2.7806095774383324
2486,중구,201740.14687676667,551788.974254264,3,2,0.6666666666666666,1,2,0,133.47174449546316,0,0,1,3,8878.612903225807,3,4.185967862681063
2487,성동구,204959.4838119037,548784.1895242926,3,2,0.3333333333333333,1,2,0,638.5187233114639,0,0,0,3,3373.645161290323,5,0.3327566276839337
2488,광진구,206006.3343598195,548294.601880929,2,0,1.0,1,2,0,718.932982015207,0,0,0,2,2971.4193548387098,7,2.1412488959939324
2489,중구,201428.8477290785,551957.274741788,2,2,0.5,1,2,0,236.1883900180252,0,0,0,0,1840.548387096774,9,1.3965068744268845
2492,중구,201275.84496911432,551315.1493686977,3,2,0.3333333333333333,0,2,0,556.2579870321048,0,0,0,0,4960.645161290323,10,5.921189464667502e-15
2493,중구,201040.367175155,551266.170638683,2,0,1.0,1,2,0,681.5758531706646,0,0,0,0,0.0,9,4.748880684525882
2494,중구,200917.15413108224,551388.0087766355,4,2,0.5,1,2,0,786.2545370921796,0,0,0,0,0.0,4,5.4415436192890825
2495,중구,201142.0363372785,551014.9371931141,2,2,0.5,1,2,0,464.6517535837364,0,0,0,2,3574.612903225807,8,1.4007550896408043
2496,중구,201068.36905138905,550871.6843270824,3,2,0.3333333333333333,0,2,0,304.6332649950497,0,0,0,0,3826.967741935484,4,1.312627367711426
2498,성동구,201393.9939936637,549844.5171280791,3,0,1.0,1,2,0,462.65017122145065,0,0,0,5,5655.903225806452,5,4.126626480617155
2499,중구,201006.06270298548,550470.0774555656,2,2,0.5,1,2,0,75.59779297955276,0,1,1,2,5796.645161290322,4,4.279454489124757
2500,중구,200844.05305458696,550402.687885873,2,2,0.0,1,2,0,106.58080299436035,0,0,1,3,3887.806451612903,4,6.318834193412499
2501,중구,200689.121109029,550168.128313506,1,0,1.0,1,2,0,345.1110122027342,0,0,0,2,1464.483870967742,2,10.353937091544552
2502,중구,200668.740058133,550011.6532466486,2,2,0.5,1,2,0,474.61215007466086,0,0,0,2,1464.483870967742,3,9.597715436230962
2503,중구,200594.44123461237,549797.520496939,3,1,1.0,1,2,0,694.3378272902906,0,0,0,2,2173.1935483870966,2,21.92450465010057
2504,중구,201317.1567450125,551155.199631823,2,1,1.0,1,2,0,669.2126388892473,0,0,0,2,3935.0967741935483,12,7.566803526715375
2505,중구,201397.079601552,551106.690686912,1,1,1.0,0,2,0,675.8819281700365,0,0,0,0,1105.7096774193549,9,7.134729491261821
2506,중구,201520.8243900405,551102.9171601185,2,2,0.5,1,2,0,656.9167824499149,0,0,0,0,1383.258064516129,6,30.196285153069823
2507,중구,201659.589263921,551063.5218621751,2,2,0.5,0,2,0,583.0181112160211,0,0,0,2,1628.6129032258063,5,10.88442621580838
2509,중구,201692.9266778825,550940.9575043125,2,1,1.0,0,2,0,456.9386913338768,0,0,0,2,1305.4838709677422,5,23.023402034444054
2510,성동구,201737.4425896393,550810.0544098146,3,0,1.0,1,2,0,322.58787164060453,0,0,0,3,1811.0322580645163,8,13.936340994123242
2511,성동구,201771.62430551965,550554.7956715646,3,2,0.3333333333333333,1,2,0,70.03865656704387,0,1,1,6,4273.774193548386,11,0.6661287785703488
2512,성동구,202223.08947078185,550320.3525182154,6,2,0.6666666666666666,1,2,0,484.6625331736714,0,0,0,5,2031.3870967741937,7,8.163757421006489
2513,성동구,202078.702148981,549850.006370059,1,0,1.0,1,2,0,222.35822984296348,0,0,0,3,5687.1935483870975,5,1.0647850443398028
2514,성동구,201648.1685555185,549649.4320519515,2,2,0.5,1,2,0,294.3195135300255,0,0,0,4,2264.5161290322576,4,8.302485934218625
2515,성동구,201363.9828144275,549390.038091648,2,2,0.5,0,2,0,678.9213529103173,0,0,0,6,2939.7096774193546,6,34.14051778583283
2516,성동구,201333.295228627,549362.976554648,1,2,0.0,0,1,0,719.8108572620407,0,0,0,7,2939.7096774193546,8,7.852913879741479
2517,성동구,201214.7155391235,549330.338236711,2,2,0.5,1,2,0,830.4221226759505,0,0,0,8,3217.741935483871,5,9.419340095753892
2518,성동구,201091.7279563815,549247.931087771,2,2,0.5,0,2,0,977.8721802705506,0,0,0,5,2353.3548387096776,7,14.449675434635722
2519,성동구,200988.5631053395,549077.0656053706,2,1,1.0,1,2,0,975.0171852712988,0,0,0,6,3334.064516129032,5,22.7895488447047
2520,성동구,200984.069318539,549132.223232599,1,0,1.0,1,1,0,1023.6302454980274,0,0,0,7,3960.1290322580644,5,25.544715088207003
2521,성동구,200992.801647147,549008.005037031,1,0,1.0,1,2,0,914.6041934394774,0,0,0,6,3236.1935483870966,6,20.030746611645423
2522,성동구,201288.677565943,549030.064048346,1,1,1.0,0,2,0,1003.3996569248308,0,0,0,3,522.0322580645161,6,22.62882542946265
2523,성동구,201027.232625223,548940.202248588,1,2,0.0,0,1,0,871.6566788095644,0,0,0,1,2922.3548387096776,6,19.810920324885046
2524,성동구,202144.51028171,549498.013209707,1,1,1.0,0,1,0,460.54711019802863,0,0,0,3,791.2258064516129,2,2.542878508783003
2525,성동구,202224.259147064,549672.131900619,4,0,1.0,1,2,0,411.8050974928948,0,0,0,2,1384.741935483871,5,1.5991414990223014
2526,성동구,202712.89644442569,550046.3269603717,3,2,0.3333333333333333,1,2,0,877.029108670856,0,0,0,7,3397.3870967741937,1,7.510697976836524
2527,성동구,202964.162312257,550476.9220522086,2,2,0.5,1,2,0,1204.3789809776224,0,0,0,5,6011.322580645162,1,24.54652970147021
2528,성동구,202759.371893051,550940.963797593,1,1,1.0,0,2,0,1105.242193743922,0,0,0,2,1650.6451612903224,3,4.366812644711959
2529,성동구,202652.11795102505,550905.8201940223,3,2,0.3333333333333333,0,2,0,993.0807411262144,0,0,0,2,3536.7096774193546,3,6.652511243471053
2531,성동구,202492.8871503745,550800.2763909604,4,0,1.0,1,2,0,804.7279537973828,0,0,0,3,3584.0,2,10.042251687772534
2532,성동구,202351.638178706,550716.3237518665,4,0,1.0,1,2,0,642.3570187585141,0,0,0,3,3874.548387096774,5,16.778204083863056
2533,성동구,202189.35808122772,550684.8241728605,4,0,1.0,1,2,0,480.3236209849628,0,0,0,9,4143.774193548387,8,6.331261316688383
2534,성동구,202145.23458429263,550937.6383025526,3,2,0.6666666666666666,1,2,0,597.9595440367538,0,0,0,3,3109.645161290323,5,10.732170735613876
2535,성동구,203641.3934797498,551172.6259969852,5,2,0.8,1,2,1,1365.1960396618504,0,0,0,5,3127.1935483870966,5,1.7939309384657245
2536,성동구,203670.4037565825,551338.0619099702,4,2,0.25,1,2,0,1214.9152277443236,0,0,0,2,2976.8387096774195,4,8.333333333333327
2537,성동구,203687.90092967465,551479.4783745056,3,2,0.3333333333333333,0,2,0,1095.4273518242874,0,0,0,2,890.516129032258,3,7.802328139298845
2538,성동구,203686.81793316035,551628.1994611514,3,2,0.3333333333333333,0,2,0,990.8099295556684,0,0,0,1,1746.5483870967744,5,3.588695290814291
2539,성동구,203901.78919676624,551923.902118939,4,2,0.5,0,2,0,637.4406119859119,0,0,0,2,1335.3225806451612,5,1.7371594295425976
2540,성동구,203976.96627762984,551861.661290492,6,2,0.3333333333333333,1,1,0,619.3974836622444,0,0,0,1,1247.0967741935483,5,0.5537458644583193
2542,성동구,204454.019106697,551089.60838738,2,2,0.5,1,2,0,840.0135354020107,0,0,0,2,301.0967741935484,1,7.884695739449474
2543,성동구,204354.5777762025,551326.406057713,4,2,0.5,1,2,0,706.7445157523929,0,0,0,2,1095.3870967741937,2,0.5741835801985603
2544,성동구,204258.76285950068,551601.0103385859,3,2,0.6666666666666666,0,2,0,631.3294790870826,0,0,0,0,0.0,2,12.00090157613656
2545,성동구,204043.5657519838,552052.8743740214,5,2,0.6,1,2,0,447.7668744192317,0,0,0,2,915.0322580645162,5,2.187236531760822
2546,성동구,203977.60343057264,551994.3590684027,3,2,0.3333333333333333,1,2,0,535.0047039007136,0,0,0,4,813.8709677419356,6,1.6460334749009025
2547,성동구,203781.3100344507,552315.2558486086,3,2,0.3333333333333333,1,2,0,537.1367493631001,0,0,0,1,913.3225806451613,3,6.459663541570667
2548,성동구,203733.995478489,552361.3372684079,2,2,0.5,1,2,0,471.5079036958889,0,0,0,1,913.3225806451613,5,4.153390627796108
2549,성동구,203346.9295309256,552470.9862192785,7,2,0.5714285714285714,1,2,0,176.89449101891336,0,0,1,2,5483.774193548386,9,8.35164103557782
2550,성동구,203325.100381737,552285.928770139,4,2,0.5,1,2,0,363.13092186311934,0,0,0,2,5134.387096774193,5,1.7908033750427363
2551,성동구,203074.31828425248,551855.53517802,4,2,0.25,0,2,0,835.7208209362244,0,0,0,1,1810.1290322580646,4,0.9539902376785392
2552,성동구,202914.306544129,551885.773631342,2,2,0.5,1,2,0,762.1294707471844,0,0,0,1,216.8709677419355,4,0.3260484395919564
2554,성동구,202677.3206147585,552112.6318138631,2,2,0.5,1,1,0,530.0930671057466,0,0,0,3,2923.387096774194,6,6.4420844801777175
2555,성동구,202447.98873324,551965.8812217468,4,2,0.25,1,2,0,545.1490900430333,0,0,0,3,504.0,6,5.990483919686795
2556,성동구,202284.50205995105,551994.5281746526,5,1,1.0,1,2,1,414.2032360295599,0,0,0,1,1066.516129032258,5,0.5732523999078746
2557,성동구,203193.34416221,551588.852718277,2,2,0.5,1,2,0,1071.517461329047,0,0,0,3,6037.774193548387,4,3.7450826541786006
2558,강동구,211444.84349407625,550685.408696763,4,0,1.0,1,2,1,581.4488483560598,0,0,0,2,1708.8064516129032,7,0.8280745275788645
2559,성동구,203999.284260683,550492.173186578,1,0,1.0,1,2,0,1497.583438366643,0,0,0,0,35.903225806451616,4,20.12890347120474
2560,성동구,204168.09324000296,551778.051244491,2,0,1.0,1,2,0,573.9007556072703,0,0,0,0,0.0,3,8.593319581303687
2561,영등포구,191789.58788427,547312.1794147624,2,2,0.5,0,2,0,668.685363918593,0,0,0,2,5090.258064516129,8,1.9443616297849813
2562,영등포구,191291.91431701,547442.315981318,2,2,0.5,0,2,0,382.8515401830478,0,0,0,0,196.70967741935485,5,0.983769422432325
2563,양천구,190281.568993867,547882.2456953295,2,2,0.5,0,1,0,726.0650376907229,0,0,0,0,0.0,4,6.684588084005781
2564,영등포구,191670.87425442025,547664.0058213876,5,1,1.0,1,2,1,759.6088246875079,0,0,0,4,6533.903225806451,9,0.4678052393953772
2565,영등포구,191658.43369973637,547532.096594008,3,2,0.3333333333333333,1,2,0,736.9058389001115,0,0,0,0,319.35483870967744,10,0.2830738858678572
2567,영등포구,191558.387116888,548131.421238462,1,0,1.0,1,2,0,869.5357856837251,0,0,0,1,8767.903225806453,7,1.8275623374248648
2568,영등포구,191075.2102462857,548429.7365064003,3,2,0.6666666666666666,1,2,0,903.5459413615832,0,0,0,2,7627.677419354838,8,1.5029100812084075
2569,영등포구,190847.75435028237,548574.0330826043,3,2,0.3333333333333333,0,2,0,1037.312241916118,0,0,0,1,2988.0,9,1.859676007637988
2570,영등포구,190744.789588038,548638.872608316,3,2,0.3333333333333333,0,2,0,1113.642131782355,0,0,0,2,5954.387096774193,8,1.4561652391224378
2571,영등포구,190626.29672507275,548712.7924494713,4,0,1.0,1,2,0,1210.0204405795191,0,0,0,2,7964.516129032258,7,1.018729989481854
2572,영등포구,190516.674160108,548781.0369895663,3,2,0.3333333333333333,1,2,0,1306.0328380710816,0,0,0,2,4976.516129032258,7,0.5254900054446547
2573,영등포구,190875.68032166,548364.3430681947,3,2,0.6666666666666666,1,2,0,826.2679224821509,0,0,0,2,1079.3548387096776,9,0.4619917887148261
2574,영등포구,190479.55156714865,547721.8468059023,3,2,0.3333333333333333,1,2,0,478.204613355934,0,0,0,1,164.70967741935485,11,4.835063535128826
2575,영등포구,190425.818623674,547632.9455365456,3,2,0.3333333333333333,1,1,0,504.502873424514,0,0,0,1,1576.258064516129,10,2.1747891319332613
2576,영등포구,190372.8333062,547456.9423329914,5,0,1.0,1,2,1,554.8837093987912,0,0,0,2,1625.9354838709676,12,0.3234112439204928
2577,영등포구,190456.768132651,547252.621452061,4,0,1.0,1,2,0,546.1209605940021,0,0,0,1,640.5483870967741,7,1.1133180333995054
2578,영등포구,190491.442475618,547432.6249641362,4,0,1.0,1,2,0,443.1640789719895,0,0,0,0,1729.4516129032256,9,0.3086123109351539
2579,영등포구,190334.9451082195,547277.0368111015,4,0,1.0,1,2,0,642.595881323896,0,0,0,3,857.6451612903226,10,0.3697487100154924
2581,영등포구,189888.6041232935,547057.0269001665,4,0,1.0,1,2,0,1140.0179216895945,0,0,0,2,6467.612903225807,5,0.3101683696323991
2582,영등포구,190254.3487624602,546846.8519957894,5,1,1.0,1,2,1,961.6284116840628,0,0,0,1,1921.6451612903224,11,0.4536028658176031
2583,영등포구,190228.5447019188,546716.7292903588,5,1,1.0,1,2,1,1075.6301056765683,0,0,0,0,3446.290322580645,10,0.50317676531896
2584,영등포구,190206.62357559003,546574.7585978925,2,1,1.0,1,2,0,1200.6564602658716,0,0,0,1,892.9677419354839,11,0.0385028904077581
2585,영등포구,190623.27197743248,546149.5278184367,4,1,1.0,0,2,0,807.2696877366715,0,0,0,0,1183.225806451613,5,1.0886781277831286
2586,영등포구,190698.841788883,546424.223011845,1,0,1.0,1,2,0,763.231700354457,0,0,0,2,2132.483870967742,6,0.7434981571430092
2587,영등포구,190746.98604955,546750.3915837945,4,0,1.0,1,2,0,808.042596354004,0,0,0,4,10778.806451612903,10,0.1973687111768996
2588,영등포구,190828.5004770685,547180.0764356286,4,0,1.0,1,2,0,371.1311073035116,0,0,0,2,6867.935483870969,3,0.3997668771364626
2589,영등포구,190868.70474663,547387.031976905,1,0,1.0,1,2,0,161.22922463271536,0,0,1,2,5159.483870967742,3,0.5480779312582277
2590,영등포구,191009.5835176317,547762.241188333,3,2,0.3333333333333333,1,2,0,239.64130063037496,0,0,0,3,1880.3225806451615,5,6.869445300560688
2591,영등포구,191111.61596590505,547935.4396103555,2,2,0.5,1,2,0,439.325417078993,0,0,0,2,188.19354838709677,3,1.371704381696374
2592,영등포구,191658.31278407,547971.719390168,1,1,1.0,0,1,0,854.2497451509191,0,0,0,2,622.1935483870967,9,0.334061080963585
2593,영등포구,191517.9782830602,547716.6474931488,5,0,1.0,1,2,1,622.209682672821,0,0,0,1,6760.387096774193,8,0.3246008344555395
2594,영등포구,191359.9438387583,547271.0587523229,3,2,0.3333333333333333,1,2,0,513.9625591457644,0,0,0,2,498.7741935483871,8,0.4703770211510457
2595,영등포구,191318.98063852495,547087.3085654258,7,1,1.0,1,2,1,601.8985605010087,0,0,0,2,443.741935483871,5,0.336764149380621
2596,영등포구,191273.20172844533,546555.3878504392,6,2,0.6666666666666666,1,2,0,386.5770192356362,0,0,0,1,813.483870967742,10,0.3928603530797521
2597,영등포구,191216.46635532333,546101.5498652671,6,2,0.6666666666666666,1,2,0,234.75585820147157,0,0,0,2,7988.322580645161,8,0.1972257775311329
2598,영등포구,191156.209925705,545476.31700587,1,1,1.0,0,2,0,774.7797770290794,0,0,0,4,4992.67741935484,6,3.593699033150166
2599,영등포구,190630.90329239352,545838.4018262039,6,2,0.8333333333333334,1,2,0,876.7034479932269,0,0,0,1,3820.516129032258,3,1.0735075921771149
2600,영등포구,192004.8965157133,546616.0130223044,3,2,0.3333333333333333,1,2,0,11.436358560947436,1,1,1,3,8287.129032258064,3,0.6674459071815017
2602,영등포구,191604.09522886,546852.0173806725,2,2,0.5,1,2,0,290.5570015417534,0,0,0,4,5443.741935483871,5,0.1969265860681031
2604,영등포구,191615.0402339493,547036.2689960463,4,0,1.0,1,2,0,436.8282211005436,0,0,0,0,7308.806451612903,5,0.616916462552514
2606,영등포구,191063.257300844,546830.7135592476,4,2,0.75,1,2,0,722.6637211669181,0,0,0,0,5788.709677419354,10,0.4300002754073547
2607,영등포구,190522.98699871567,546935.22605256,3,2,0.3333333333333333,0,2,0,723.7604110111251,0,0,0,2,4115.806451612903,9,1.0807114183660744
2608,영등포구,190054.013207963,546885.4144124298,4,1,1.0,0,2,0,1086.4048459224937,0,0,0,1,5526.516129032258,10,0.535085345542911
2609,영등포구,189836.400792695,546793.0219337398,4,0,1.0,1,2,0,1317.036049152087,0,0,0,4,1882.6451612903224,9,1.1390620812253556
2610,영등포구,190975.33726231637,546193.6581127463,3,2,0.3333333333333333,0,2,0,453.59575024817633,0,0,0,0,0.0,9,1.5819177413255108
2611,강동구,211166.39843726836,548702.6344396739,6,2,0.6666666666666666,1,2,0,22.447327378094663,1,1,1,6,12043.322580645161,2,1.4192458412588551
2612,영등포구,190805.7721037075,546403.4606051105,2,2,0.5,0,2,0,654.994382546099,0,0,0,1,2132.483870967742,7,0.3089639541541977
2613,영등포구,191088.78398713176,546378.22554523,4,0,1.0,1,2,0,383.24128042857495,0,0,0,3,178.1290322580645,10,1.5212929551626548
2614,영등포구,191110.35512995897,546562.6977540223,3,1,1.0,1,2,0,481.5452384694583,0,0,0,0,951.8709677419355,11,0.0047271226963285
2615,영등포구,191041.32546751885,545692.0482207665,6,1,1.0,1,2,0,640.1287007633593,0,0,0,3,1513.4516129032259,6,2.204443159484235
2616,영등포구,189549.38415507053,547108.325097527,2,2,0.0,0,2,0,1438.283305832426,0,0,0,1,225.09677419354838,0,5.905527769078075
2619,영등포구,190856.7022197488,548094.7063247714,5,1,1.0,1,2,1,559.1310553109499,0,0,0,3,1256.5483870967741,8,0.4942765139181659
2620,영등포구,190754.1975307465,547920.573972129,2,2,0.5,0,2,0,416.34484920514575,0,0,0,0,1192.5483870967741,8,1.3083388170793804
2621,영등포구,190591.59534206905,546642.2402883323,3,2,0.3333333333333333,1,2,0,946.171090234501,0,0,0,2,6158.354838709678,7,0.6882681790878061
2623,영등포구,191424.83825002,546192.1131162617,6,2,0.1666666666666666,1,2,0,10.247402888162243,1,1,1,0,4138.064516129032,7,10.115026922198204
2624,영등포구,191199.599444399,548063.873805119,1,0,1.0,1,2,0,593.6573731481933,0,0,0,1,3930.322580645162,3,0.4360513071858799
2626,영등포구,191402.949922957,545938.0767940005,2,1,1.0,0,2,0,264.7310370597547,0,0,0,0,857.0322580645161,5,2.6781603948255515
2627,용산구,197554.436896816,550188.2650488087,3,2,0.6666666666666666,1,2,0,348.7346763114793,0,0,0,1,10316.967741935483,1,1.3249372976903353
2628,용산구,197695.3886644675,548709.787644685,4,2,0.5,1,2,0,1369.19223799523,0,0,0,1,997.8709677419355,1,1.2084050918419968
2629,용산구,197545.806859254,548288.003760683,1,2,0.0,0,1,0,1766.5404733467915,0,0,0,0,4946.548387096774,3,2.014081683095963
2630,용산구,197275.30736479568,547848.751554791,3,2,0.3333333333333333,1,2,0,2101.928056419288,0,0,0,0,5059.193548387097,7,2.6523726616964773
2631,용산구,198843.519081358,548789.4294595164,4,2,0.75,1,2,0,685.0622121327668,0,0,0,3,7744.096774193547,1,1.9994857224032652
2632,용산구,199279.658520128,547744.926333151,1,2,0.0,0,2,0,588.3957624174428,0,0,0,2,4018.1290322580644,1,4.487527182065806
2633,용산구,199255.54600540365,547540.253735415,3,1,1.0,1,2,0,794.4826468562187,0,0,0,0,63.03225806451613,2,0.9459443000205012
2634,용산구,197263.09097732315,550644.3029154107,6,2,0.8333333333333334,1,2,1,110.38920591255004,0,0,1,2,5509.935483870968,5,3.990607612379365
2635,용산구,197266.76243922132,550490.8805505076,3,2,0.3333333333333333,1,2,0,67.2637622267628,0,1,1,1,1046.516129032258,3,0.6668102798120756
2636,용산구,197263.8805978715,550370.4538845015,4,2,0.5,1,2,0,175.31100366843742,0,0,1,2,1198.5806451612902,3,2.32651435129944
2637,용산구,197339.92807963752,549958.6172990215,2,2,0.5,1,2,0,593.8709167640587,0,0,0,2,6188.580645161291,2,3.001836341394739
2638,용산구,197374.70441969548,549628.6307132896,2,2,0.5,1,2,0,856.4754599062114,0,0,0,2,4170.096774193549,5,0.0
2639,용산구,197403.0952013797,549491.9175414433,4,1,1.0,1,2,0,974.6260678548888,0,0,0,5,10764.451612903227,6,1.8561295565981693
2640,용산구,197269.3242689593,548969.6235655763,4,2,0.5,1,2,0,1351.8981660228374,0,0,0,2,3302.225806451613,3,0.6465393360688261
2641,용산구,196694.520203729,548482.2799444468,3,2,0.3333333333333333,1,2,0,1271.184173311461,0,0,0,1,5613.290322580646,11,1.9203095055946309
2642,용산구,196488.6899532373,548367.6629889541,3,2,0.3333333333333333,1,2,0,1161.3326213010296,0,0,0,1,2162.064516129032,15,0.508871487736009
2643,용산구,196353.24760536695,548291.5157081035,2,2,0.5,1,2,0,1111.1095470767016,0,0,0,2,3786.354838709677,9,4.329805887593588
2645,용산구,196065.7284699075,548037.6922602644,2,2,0.5,1,2,0,1149.3835705144688,0,0,0,2,3122.161290322581,8,0.1598273744293325
2646,용산구,195600.8750499396,548213.5846814506,5,2,0.6,1,2,0,758.5189584009704,0,0,0,4,3876.387096774193,6,5.34133586969018
2647,용산구,195741.074490018,548138.844143027,2,2,0.5,1,2,0,890.3820384055484,0,0,0,1,3481.5806451612902,8,2.4699301074049185
2648,용산구,195485.024689878,548329.728527844,1,0,1.0,1,2,0,607.0996911751341,0,0,0,4,2339.5806451612902,7,13.60950070229118
2650,용산구,197156.727481543,547261.5299131158,4,2,0.5,1,2,0,1974.9956574144533,0,0,0,1,1199.225806451613,5,1.7242125085958635
2651,용산구,197483.31089750963,547090.1171595376,3,2,0.6666666666666666,1,2,0,1926.1432265121373,0,0,0,0,279.64516129032256,6,2.5952511641795617
2652,용산구,197322.005991079,547128.005303475,1,0,1.0,1,2,0,1897.833922286534,0,0,0,2,522.4516129032259,7,3.093778695650521
2653,용산구,197741.805521717,547006.486266507,1,1,1.0,0,1,0,1980.3131300662549,0,0,0,2,831.1612903225806,6,2.261625995678968
2654,용산구,198135.792108873,546831.778995236,1,0,1.0,1,2,0,1928.18718707137,0,0,0,3,1689.6451612903224,4,0.726987724741986
2656,용산구,199455.135203628,546742.437101786,3,2,0.3333333333333333,0,2,0,907.6577214345708,0,0,0,2,903.516129032258,4,1.9337880313028504
2657,용산구,199718.631153399,546841.241390591,1,0,1.0,1,2,0,670.5506168274909,0,0,0,2,1987.1290322580644,2,3.4107735547097744
2658,용산구,197414.94687316267,548848.0245052656,3,2,0.6666666666666666,1,2,0,1522.3210489506032,0,0,0,2,2221.8709677419356,2,1.372540742563994
2659,용산구,196971.274401357,548238.987578511,1,0,1.0,1,2,0,1632.2989749454812,0,0,0,2,459.0967741935484,5,1.5440025998888127
2660,용산구,196812.934908246,548219.0749933075,2,2,0.5,0,2,0,1510.4364941338863,0,0,0,2,2916.1290322580644,11,0.1601794550254354
2661,용산구,196607.71342604424,548183.999781948,4,2,0.75,1,2,0,1370.196719950215,0,0,0,2,1711.6451612903224,12,0.9547573308041604
2662,용산구,196442.7073672735,548201.3082826225,2,2,0.5,1,2,0,1238.1528641699408,0,0,0,0,4247.935483870968,11,1.352578709932324
2663,용산구,196359.9260855345,548178.392659721,2,2,0.5,0,2,0,1198.852819400994,0,0,0,3,3786.354838709677,7,2.960594732333751e-15
2664,용산구,196263.1487877065,548135.224818659,2,1,1.0,0,2,0,1172.5277181099923,0,0,0,2,5262.774193548386,6,0.3055786167709169
2665,용산구,196312.525685555,549014.265625875,1,0,1.0,1,2,0,740.7477420310231,0,0,0,2,2291.225806451613,7,8.493078171616292
2666,용산구,196824.15759978467,548786.5797414933,3,2,0.6666666666666666,1,2,0,1284.1050834456123,0,0,0,2,4987.064516129032,4,7.064516014315163
2667,용산구,195988.806780614,547895.732092975,1,0,1.0,1,2,0,1224.100032261666,0,0,0,2,1264.2903225806451,6,5.350280284979014
2668,용산구,196025.588476634,547559.5380939634,2,2,0.5,1,2,0,1534.447362535125,0,0,0,2,2372.8387096774195,2,1.3838066526744146
2669,용산구,196153.903733645,547381.297423941,1,0,1.0,1,2,0,1752.7249667581875,0,0,0,2,1255.8064516129032,1,1.5561412575579354
2670,용산구,196390.9245305025,547158.5130661535,2,2,0.5,1,2,0,1826.0873153273208,0,0,0,2,1722.774193548387,2,1.8789594725865684
2673,용산구,197040.67380741503,546913.1451370456,3,2,0.6666666666666666,1,2,0,1608.72207463308,0,0,0,4,2676.1612903225805,3,0.9738763516283968
2674,용산구,197408.506244979,546830.5803959654,3,2,0.3333333333333333,1,2,0,1660.2680658609315,0,0,0,0,3903.387096774193,7,0.3888639799013926
2675,용산구,197155.7959816,546876.9612385666,2,2,0.5,1,2,0,1605.7716341377125,0,0,0,3,2676.1612903225805,5,0.4075408762028735
2676,용산구,197551.75125650325,546779.1514099308,4,2,0.75,1,2,0,1686.2974193403472,0,0,0,4,2927.8709677419356,8,1.6546040307318974
2677,용산구,197815.7940081925,546673.2240175665,2,2,0.5,1,2,0,1759.553517457693,0,0,0,3,1957.0967741935483,7,0.2833334499999977
2678,용산구,198073.175405789,546564.5470890114,5,1,1.0,1,2,1,1866.737938936232,0,0,0,5,3986.387096774194,7,0.3801605784167646
2679,용산구,198172.332437344,546525.624554723,3,2,0.3333333333333333,0,2,0,1919.11858106206,0,0,0,3,3750.645161290323,5,0.2851470066088997
2680,용산구,198346.159516248,546486.49967141,1,0,1.0,1,2,0,1952.359415590435,0,0,0,2,681.741935483871,3,0.0085421736711843
2681,용산구,198720.523237719,546488.0393789858,4,1,1.0,1,2,0,1632.130486449252,0,0,0,4,2673.290322580645,0,0.3512518839289669
2683,용산구,196494.5895838492,548668.3752063832,6,2,0.8333333333333334,1,2,1,1009.3103937834009,0,0,0,4,3434.806451612903,13,0.962614614030596
2684,용산구,196433.22558653,548780.1293684875,2,2,0.5,1,2,0,910.5342041614306,0,0,0,4,2115.451612903226,12,3.4189465439948297
2685,용산구,196646.6146297053,549085.0989654025,4,2,0.25,1,2,0,1071.4830060198667,0,0,0,2,1940.7419354838712,4,5.950563771558434
2686,용산구,196917.06242513304,549512.8963361881,2,0,1.0,1,2,0,725.3136065797136,0,0,0,2,3594.1290322580644,3,6.726584592704915
2687,용산구,197068.7025333555,549483.5872894281,2,2,0.5,1,2,0,800.3189378386841,0,0,0,2,1567.032258064516,2,2.2868654230056804
2688,용산구,200149.3336303185,549353.6028655565,2,2,0.5,1,1,0,1174.721081312529,0,0,0,1,141.06451612903226,1,23.75447609722027
2689,용산구,199727.835104477,549068.3783196941,3,2,0.6666666666666666,1,2,0,757.1386878259386,0,0,0,4,2654.9677419354844,1,8.333333333333332
2690,용산구,199586.098281615,549175.039239753,1,0,1.0,1,2,0,849.3862027908009,0,0,0,1,1037.741935483871,2,17.02859580905887
2691,용산구,199339.870681343,549237.707478381,1,0,1.0,1,2,0,670.53622965277,0,0,0,2,622.4193548387096,2,29.69055468789707
2692,용산구,199218.042331755,549402.468524822,1,0,1.0,1,2,0,489.6605675021095,0,0,0,2,463.7096774193549,1,22.929037097513547
2693,용산구,198701.6310920677,549664.2234749176,3,2,0.3333333333333333,1,2,0,108.24751690897054,0,0,1,4,6618.290322580645,2,24.848489008569885
2694,용산구,198620.355138401,549858.418465435,1,0,1.0,1,2,0,317.8535081182952,0,0,0,2,850.1935483870968,4,24.25839925618819
2695,용산구,197874.372078111,548343.4721967811,4,2,0.5,1,2,0,1476.4864213619132,0,0,0,2,3812.322580645161,2,3.633417452584613
2696,용산구,198150.0152651622,548350.85663724,5,2,0.2,1,2,0,1200.9711496134266,0,0,0,0,1435.5806451612902,2,3.725760042496725
2697,용산구,198303.578442188,548358.5260911535,2,1,1.0,1,2,0,1047.6251620949065,0,0,0,0,0.0,1,12.949839828873408
2698,용산구,198643.326519574,548381.1962606442,3,2,0.3333333333333333,1,2,0,709.3835039901696,0,0,0,2,2543.354838709677,1,8.916330443461819
2699,용산구,199134.9386860535,548311.4304169435,2,2,0.5,1,2,0,216.56340166492055,0,0,0,2,2720.9032258064517,4,14.273589321082778
2700,용산구,199296.479829914,548319.051094672,1,1,1.0,0,2,0,55.21284441165398,0,1,1,1,5625.322580645161,4,13.999816623979497
2701,용산구,199610.0534818482,548344.5113601245,5,1,1.0,1,2,1,34.86499535900637,1,1,1,2,7320.225806451614,6,6.189145721207983
2702,용산구,199900.43872678152,548418.7117797323,4,1,1.0,1,2,0,332.9836924104728,0,0,0,1,1160.774193548387,5,9.522783968405705
2703,용산구,199761.833836128,548356.885598858,1,0,1.0,1,2,0,183.78622462544865,0,0,1,2,2320.6129032258063,7,10.978121668372829
2704,용산구,200037.526377577,548583.921278515,1,0,1.0,1,2,0,524.754829211083,0,0,0,2,3087.516129032258,4,11.533871936946992
2705,용산구,200135.76409160937,548743.732512724,3,0,1.0,1,2,0,657.2267805096155,0,0,0,0,3087.516129032258,4,7.935754658928277
2706,용산구,200152.051883456,548952.5448871045,2,1,1.0,0,2,0,835.5441041116918,0,0,0,2,8597.258064516129,3,10.39043320547986
2707,용산구,200616.208817417,547715.0924606775,2,2,0.5,1,2,0,433.8059021605745,0,0,0,0,297.80645161290323,6,2.5410286839544463
2709,용산구,200603.008205839,548060.811663935,4,2,0.5,0,2,0,104.20480648876207,0,0,1,4,7707.064516129032,11,0.7085168550625968
2710,용산구,200795.393186023,548285.694831561,1,0,1.0,1,2,0,233.6459252820256,0,0,0,4,7268.032258064517,4,12.390434016584813
2711,용산구,200913.6877089435,548338.4457517986,2,0,1.0,1,2,0,363.16895733110965,0,0,0,0,3345.9032258064517,3,15.530515852195482
2712,용산구,201104.221556128,548706.083144884,1,0,1.0,1,2,0,733.6710443121317,0,0,0,2,1050.1612903225807,2,12.91935337077631
2713,용산구,200181.2139572095,547289.0177162865,2,2,0.5,0,2,0,174.38922079136316,0,0,1,2,2254.0,1,4.210688915184567
2714,용산구,200078.70291467037,547410.179815967,3,2,0.0,0,2,0,17.433930472513325,1,1,1,3,3535.032258064516,2,0.9326669925536012
2715,용산구,199723.0196679545,547856.476261565,2,2,0.5,1,2,0,490.2984996021961,0,0,0,3,1302.290322580645,5,9.777527764526493
2716,용산구,199552.1042189272,547993.7802621988,5,2,0.4,1,2,0,333.12099110188893,0,0,0,1,712.7741935483871,6,11.379141292729262
2717,용산구,197646.85427734864,549531.8441686947,3,2,0.3333333333333333,1,2,0,1007.3649528374434,0,0,0,2,9569.741935483871,7,2.1420139979180064
2718,용산구,197801.25367641932,549556.2638544363,3,0,1.0,1,2,0,957.6521512945905,0,0,0,1,2389.032258064516,3,1.2704607345406536
2719,용산구,198045.182266708,549845.9819667772,4,2,0.25,1,2,0,764.2770335015764,0,0,0,1,2978.322580645161,5,6.396154042851805
2720,용산구,197998.7437823798,550078.077811996,5,2,0.4,1,2,0,625.5900612579769,0,0,0,3,2908.451612903226,4,11.167816498112243
2721,용산구,197960.90606671237,550247.0832271907,3,2,0.3333333333333333,1,2,0,478.94046853891393,0,0,0,1,2355.0967741935483,7,10.512514736642622
2722,용산구,198435.927430977,549799.985807361,1,2,0.0,0,2,0,395.06404164012775,0,0,0,0,3690.516129032258,6,18.77895259846338
2723,강동구,212737.563930974,547588.190422326,1,0,1.0,1,2,0,817.4645755195558,0,0,0,1,1967.6774193548388,10,2.477516556879185
2725,강동구,214338.452785182,549607.526036163,1,2,0.0,0,2,0,1620.319295953488,0,0,0,1,116.96774193548387,3,10.60330637498094
2726,강동구,211372.96825682625,547655.1913984785,4,2,0.0,0,1,0,881.6961081027149,0,0,0,0,1346.7096774193549,12,0.1713445464525165
2727,강동구,211427.6347541285,547789.3051003369,2,2,0.0,0,1,0,736.882790794461,0,0,0,0,723.4193548387098,12,0.573263989970266
2728,강동구,212572.88858821467,547965.873009652,3,2,0.3333333333333333,0,2,0,430.2854735217371,0,0,0,0,2440.548387096774,7,2.508490721217136
2730,강동구,212594.50109742623,547686.107974355,4,2,0.25,1,2,0,702.0325962639937,0,0,0,1,1663.1290322580646,11,2.8456580339416724
2732,강동구,211369.680121291,550022.34648924,1,2,0.0,0,2,0,86.17553229357758,0,1,1,2,5575.645161290323,7,0.9526822454138184
2734,강동구,213256.905457246,548995.908320903,1,2,0.0,1,1,0,580.6190075293051,0,0,0,0,0.0,4,6.866917462556538
2736,강동구,214293.2675433145,550169.5739522076,2,2,0.0,0,2,0,1569.32284829859,0,0,0,0,275.7741935483871,2,4.319322614771318
2737,강동구,214898.64804538863,550119.7526755313,3,0,1.0,1,2,0,2171.7827708608747,0,0,0,2,1008.9354838709678,8,5.883450567340868
2738,강동구,211130.910660279,547677.279827043,1,0,1.0,1,2,0,945.719066968044,0,0,0,2,1128.3870967741937,8,0.4161378873493475
2739,강동구,211147.99273048,547655.240806424,1,2,0.0,0,1,0,962.6425510393656,0,0,0,2,1128.3870967741937,8,0.5676950163837743
2740,강동구,210788.274347816,548047.423211793,1,2,0.0,0,2,0,769.1135316355004,0,0,0,5,4999.322580645161,7,0.6647328162998652
2742,강동구,212506.19673085632,549627.270275347,3,2,0.3333333333333333,1,2,0,68.42658485377267,0,1,1,0,2431.8387096774195,7,2.4691336712988368
2743,강동구,211300.9575077136,548986.6959382092,5,2,0.8,1,2,0,93.62978605459334,0,1,1,4,957.9354838709677,7,1.9144373362187752
2744,강동구,212059.68370300124,550832.4881334775,4,2,0.5,1,2,0,989.9670775830664,0,0,0,1,930.1612903225806,8,1.9107348321524495
2745,강동구,214206.40822483,551258.2745563225,2,2,0.0,0,2,0,1902.024754811084,0,0,0,2,732.5483870967743,6,4.650122410703759
2746,강동구,211501.9742038695,550893.0417509056,2,2,0.0,0,2,0,794.5969919472795,0,0,0,2,59.38709677419355,4,1.199759413793012
2747,강동구,212737.3279120835,550276.4870025425,2,2,0.5,1,2,0,214.6413319148504,0,0,0,3,5523.322580645161,8,1.739255623212289
2748,강동구,213085.447479753,549994.8921125359,2,2,0.0,0,2,0,364.06646480705297,0,0,0,2,3943.0967741935483,4,8.375326977764974
2749,강동구,213509.62422618532,550275.1747251147,3,0,1.0,1,2,0,810.5111642309975,0,0,0,2,631.2903225806451,2,0.7528873367400084
2750,성동구,204407.617111221,550698.890483919,1,2,0.0,0,1,0,1214.945089588397,0,0,0,1,440.19354838709677,2,11.937624252257812
2751,강동구,211842.916064344,547791.2256398296,3,2,0.3333333333333333,1,2,0,671.6968935255146,0,0,0,2,1017.0,6,0.6517373249979563
2752,강동구,213228.3663474805,550239.904746722,2,0,1.0,1,2,0,531.3777937822155,0,0,0,0,0.0,3,0.6338291635732851
2754,강동구,211540.70796618905,549129.1315269625,2,2,0.5,1,2,0,302.4150343022304,0,0,0,0,1307.8387096774195,5,13.5022064355549
2755,강동구,211431.869709391,548898.0133387591,2,2,0.5,1,1,0,165.6817432503093,0,0,1,0,449.83870967741933,6,6.591131792695132
2756,강동구,212808.389385128,547714.4662676436,3,2,0.3333333333333333,1,2,0,710.0520468255451,0,0,0,1,901.8064516129033,10,3.912965553466409
2757,강동구,213064.709908223,549340.1235925781,2,2,0.0,0,2,0,468.4123624533594,0,0,0,0,513.741935483871,2,5.564338612347666
2758,강동구,213102.874823529,549484.571483925,1,2,0.0,0,2,0,420.5545693587721,0,0,0,2,696.2903225806451,4,7.225620128511204
2759,강동구,212905.80452965832,549678.089493089,3,2,0.3333333333333333,0,2,0,187.92957786223303,0,0,1,0,0.0,6,0.9477743586539116
2760,강동구,213149.13426293968,550896.6696471757,3,0,1.0,1,1,0,935.0025519699554,0,0,0,1,549.1290322580645,3,15.257372219470646
2761,강동구,214668.11496817585,551184.2919472425,5,1,1.0,1,2,1,2241.6220856593395,0,0,0,2,235.35483870967744,5,2.486830173736975
2764,강동구,213627.804675805,550912.630632302,1,2,0.0,0,2,0,1238.456237185029,0,0,0,0,396.16129032258067,7,2.8944746075469454
2772,강동구,211631.4679958113,548767.7985669597,3,2,0.6666666666666666,1,2,0,78.71404461507768,0,1,1,0,0.0,7,7.072806464761226
2773,강동구,210823.54283553752,549767.5672136735,2,2,0.0,0,2,0,657.0660636805368,0,0,0,0,0.0,4,4.011378207786016
2774,강동구,215842.7014370248,551901.3733730604,5,2,0.8,1,2,0,3617.556672903173,0,0,0,0,942.3870967741935,7,3.313368230338197
2775,강동구,212939.966581581,550781.242197856,1,2,0.0,0,2,0,749.8681813155067,0,0,0,0,1545.4516129032259,9,17.194969281763996
2776,용산구,198426.8321026155,549917.80838517,4,2,0.0,0,2,0,479.1341635823855,0,0,0,0,850.1935483870968,5,20.920111245191865
2777,용산구,197036.564999701,547764.949073541,1,0,1.0,1,2,0,1969.1270013382525,0,0,0,2,15903.290322580646,9,1.9414757309667123
2778,용산구,196912.4533015564,547617.2473786128,5,2,0.8,1,2,0,1985.3891138744937,0,0,0,3,22686.645161290322,7,1.0151676424182494
2779,용산구,196987.393182143,547708.4526964878,4,2,0.5,1,2,0,1971.9197618973776,0,0,0,2,24678.612903225807,9,0.8199228183927361
2780,용산구,200048.912167236,548303.827897998,1,0,1.0,1,2,0,448.2414268446153,0,0,0,1,26.225806451612904,6,22.113386731201057
2781,용산구,200578.12356372832,548191.0016672473,3,2,0.6666666666666666,0,2,0,3.7015780767097097,1,1,1,3,9065.09677419355,9,1.0047772099237129
2782,용산구,196544.089464392,548562.4133399357,4,2,0.25,0,2,0,1100.7430811374077,0,0,0,2,5233.354838709677,12,0.7481282809801499
2783,용산구,199193.23637166,546979.252294675,2,2,0.5,1,2,0,973.282349918386,0,0,0,2,331.64516129032256,2,4.061971377216365
2784,용산구,196619.459006018,548964.320109948,3,2,0.3333333333333333,1,2,0,1051.239537066405,0,0,0,1,5393.290322580646,6,3.6639662941662983
2785,용산구,196662.94051553225,548328.4659989662,4,2,0.25,0,2,0,1324.831514749104,0,0,0,2,2203.0,14,4.58612311319623
2788,용산구,195866.175867302,547852.701338052,1,1,1.0,0,2,0,1200.7572662462644,0,0,0,1,682.9032258064516,6,0.5049718247378632
2789,용산구,196766.64863162948,549773.0473159906,2,0,1.0,1,1,0,446.98779411542057,0,0,0,0,2730.354838709677,2,7.404341941487249
2790,용산구,196758.93728855412,549672.9964457155,6,2,0.0,0,1,0,546.9020109031868,0,0,0,2,2381.483870967742,3,9.114676295205904
2791,용산구,196792.66017792968,549496.6643659364,3,0,1.0,1,2,0,724.1974560835083,0,0,0,3,2027.0967741935483,5,7.67312112415522
2792,용산구,196430.620964073,548640.4547962386,2,2,0.5,1,2,0,963.9463513110315,0,0,0,5,3224.8387096774195,13,2.656511389725035
2793,용산구,196042.11011390504,548485.4675171344,3,2,0.0,0,2,0,759.6823287258961,0,0,0,2,879.258064516129,4,14.4890503055211
2794,용산구,196088.329347127,548380.094667745,1,2,0.0,0,2,0,871.6672829196124,0,0,0,0,661.0645161290322,6,6.5393606063819
2796,용산구,195719.255439909,548351.678203727,2,2,0.0,0,2,0,694.4779816136522,0,0,0,2,2633.4193548387098,7,10.710888853197176
2797,용산구,195634.71005861703,548290.6124176903,3,2,0.0,0,2,0,705.6292815642331,0,0,0,4,4240.032258064516,8,14.913280703371033
2798,용산구,195320.436978087,548331.290639297,1,2,0.0,0,1,0,572.0174849035657,0,0,0,0,1207.1290322580644,3,16.87422402012641
2799,용산구,196309.2330715088,548880.416903,4,2,0.5,1,2,0,761.9880403191049,0,0,0,3,2273.0967741935483,12,9.076881685473754
2800,마포구,196046.708749488,548862.537021519,1,2,0.0,0,2,0,521.2770311939183,0,0,0,4,3266.0000000000005,6,21.93514509540254
2802,용산구,196839.48528556,548466.202079669,4,2,0.0,0,1,0,1407.5146483343522,0,0,0,1,2954.677419354839,9,1.7116072103029012
2803,용산구,196652.511314288,548093.090212679,1,2,0.0,0,1,0,1464.2353715041113,0,0,0,2,2357.4193548387098,8,1.4757018695982094
2805,용산구,197327.0320390773,547715.8809098719,3,0,1.0,1,1,0,2114.594601664167,0,0,0,0,0.0,7,6.810002899245292
2806,용산구,196901.70253022376,547274.7132942048,4,2,0.0,0,1,0,1939.047885943336,0,0,0,0,10986.967741935483,6,1.4695691311798804
2807,용산구,197446.525525391,547033.45008851,1,2,0.0,0,1,0,1859.1817284027973,0,0,0,0,522.4516129032259,8,1.4046206193250774
2808,용산구,198087.25220030552,549674.8913395761,2,2,0.5,1,2,0,679.3131613101161,0,0,0,3,2838.8387096774195,7,4.614440201456768
2809,용산구,198144.078061321,549462.08223082,1,2,0.0,0,1,0,624.494422880753,0,0,0,0,1205.1612903225807,4,10.693581909544108
2810,용산구,198267.262130499,549637.839324487,1,1,1.0,0,2,0,495.8618305807461,0,0,0,4,4137.548387096775,5,4.132536631091574
2811,용산구,198337.082194475,549694.7128836705,5,2,0.2,0,2,0,439.10181999964254,0,0,0,3,3735.8709677419356,5,6.700763943353169
2813,용산구,198508.337842154,550168.982698017,1,0,1.0,1,2,0,647.1196905799889,0,0,0,0,1269.9354838709678,5,28.798747992445374
2815,용산구,198992.758377994,548815.872168578,2,2,0.0,0,2,0,604.3365351954377,0,0,0,3,4979.5161290322585,1,7.990447195431649
2819,용산구,201025.1511873095,548544.6047779105,2,0,1.0,1,2,0,567.1143831084123,0,0,0,1,1050.1612903225807,2,11.763002060644752
2820,용산구,200150.186563123,548237.729050989,1,2,0.0,0,2,0,335.04305602240686,0,0,0,0,26.225806451612904,2,6.480271368390174
2821,용산구,200334.816555669,548217.479368347,1,2,0.0,0,2,0,149.8345653099353,0,0,1,1,225.32258064516128,5,3.599523084740272
2822,용산구,200505.44922618463,548038.5763215054,3,2,0.3333333333333333,0,2,0,107.87287288414954,0,0,1,0,2668.645161290323,11,2.1784930038639416
2823,용산구,200533.8342172065,547946.6142689385,2,2,0.5,0,2,0,195.06899512647388,0,0,1,2,3020.9032258064517,11,3.147821259700434
2825,용산구,199924.13157636,547627.977186913,2,2,0.0,1,2,0,252.48094364709132,0,0,0,2,1378.774193548387,2,6.678076396047625
2826,용산구,199822.50790921,547748.460661999,1,0,1.0,1,2,0,409.3985776844665,0,0,0,0,2637.193548387097,3,9.092663189693772
2827,용산구,199677.065067926,548043.947689038,1,0,1.0,1,2,0,297.7419574389658,0,0,0,1,1333.9032258064512,6,11.542926789496116
2834,용산구,196204.225329868,548919.82073375,2,2,0.5,1,2,0,650.3348249006746,0,0,0,3,3267.161290322581,9,16.5191856271175
2835,마포구,195987.78090819152,549373.4555387455,2,2,0.0,0,2,0,503.6607386373749,0,0,0,2,8161.935483870968,9,6.023236167794342
2836,마포구,195332.96587124,549746.050012525,1,2,0.0,1,2,0,237.78115662027,0,0,0,1,4036.7741935483873,3,3.5656324786831264
2838,마포구,195072.1339604,548884.860411721,2,2,0.0,0,2,0,211.0567734338497,0,0,0,4,2402.032258064516,12,0.4336555179773456
2839,마포구,195030.314905488,548843.301578894,1,2,0.0,0,1,0,258.9271816571495,0,0,0,4,2867.6129032258063,10,1.5529298849553246
2840,마포구,195055.443240334,548717.673009945,1,1,1.0,0,1,0,292.4794980016194,0,0,0,1,1718.1612903225805,11,2.428945480821441
2842,마포구,194785.4669500085,548986.3879786888,4,2,0.0,0,2,0,504.1278239811723,0,0,0,0,930.1290322580645,7,1.3303283754098802
2844,마포구,193101.98993647096,550822.136854985,2,2,0.5,1,2,0,184.9662069423989,0,0,1,0,29944.903225806454,10,0.3738408252132874
2845,마포구,192857.444149644,550266.557519823,1,1,1.0,0,2,0,230.9982132736673,0,0,0,2,6377.612903225806,6,0.6237559461497119
2846,마포구,193203.5276783545,549956.807663898,2,2,0.5,1,2,0,182.1187079763541,0,0,1,2,1765.258064516129,7,3.0267837090501124
2847,마포구,193233.894912907,550243.690140465,1,0,1.0,1,2,0,184.88292580380124,0,0,1,2,2533.032258064516,8,4.526387940995112
2848,마포구,191324.498998283,550802.097444429,1,0,1.0,1,2,0,1767.710063824978,0,0,0,4,2673.6774193548385,7,0.5885119623929066
2849,마포구,191073.3602527758,550737.4369984858,5,1,1.0,1,2,1,1961.35418232502,0,0,0,6,3677.967741935484,4,1.5040790563075153
2850,마포구,196151.938249942,550588.469452416,3,2,0.3333333333333333,1,2,0,645.5177849019481,0,0,0,2,3400.967741935484,9,3.5734330805676198
2851,마포구,196076.114665115,550741.764243976,2,0,1.0,1,1,0,798.1481894899912,0,0,0,1,12235.709677419354,12,2.378691562795634
2852,마포구,191975.499592651,549995.082595263,1,0,1.0,1,2,0,1059.6137868143037,0,0,0,1,258.48387096774195,7,0.5483182795828689
2853,마포구,191794.46367634,550195.410373395,1,2,0.0,0,2,0,1237.078572816417,0,0,0,2,2207.5806451612902,5,0.4585678534733113
2855,마포구,192496.2490754698,550703.0484343317,5,1,1.0,1,2,1,795.8591886649865,0,0,0,4,3185.4193548387098,6,0.0533250491334117
2857,마포구,191265.5341544255,552740.653844535,2,2,0.0,0,2,0,759.6224238649037,0,0,0,0,5544.064516129032,5,5.040260812021066
2858,마포구,195351.99952115864,548691.2243482299,3,2,0.3333333333333333,1,1,0,221.98702755427507,0,0,0,2,620.7741935483871,3,11.765619658719167
2860,마포구,192381.617759674,550568.44898021,1,1,1.0,0,2,0,792.1384765462493,0,0,0,2,1761.741935483871,6,0.0599684346647055
2861,마포구,191354.612680172,551256.1895632329,2,2,0.0,0,1,0,1379.4296667656254,0,0,0,0,2403.806451612904,4,0.412807189210526
2862,마포구,191319.774851082,551318.23101284,1,2,0.0,0,1,0,1355.7685790526698,0,0,0,0,4133.129032258064,4,0.5171970030677494
2863,마포구,195685.8659491113,549540.1714660634,3,2,0.3333333333333333,1,2,0,459.8425709139852,0,0,0,2,12671.58064516129,7,6.4927713226918735
2865,강서구,183526.903743109,551299.411741798,1,1,1.0,0,1,0,498.9546486048775,0,0,0,0,694.1612903225807,2,4.694271573830931
2866,강서구,183786.21983729917,551275.2571250163,7,2,0.7142857142857143,1,2,0,638.6250558250888,0,0,0,2,1733.3548387096776,2,0.623833027564773
2867,강서구,186258.22713377263,550947.9426024586,6,0,1.0,1,2,0,779.2605642163146,0,0,0,2,3552.4193548387098,4,5.906950524586125
2868,강서구,186724.14764532488,550812.7265496362,7,2,0.5714285714285714,1,2,0,381.1278209756076,0,0,0,2,3770.387096774193,4,1.89993355832188
2869,강서구,187720.94164041,550372.8161474044,3,1,1.0,1,2,0,566.3682380832314,0,0,0,4,5544.580645161291,1,10.80779984869548
2870,강서구,188562.34694964765,549816.446460416,3,2,0.3333333333333333,1,2,0,95.79893095624024,0,1,1,0,3678.6129032258063,5,8.643200602584406
2871,강서구,189195.553650778,549737.1324168165,4,2,0.25,1,2,0,290.8791524900609,0,0,0,0,7775.483870967742,6,0.9807750426069954
2872,양천구,184459.6897211385,548877.61822906,2,2,0.0,0,1,0,562.5116546206565,0,0,0,2,1653.8387096774193,2,5.344142265332099
2873,강서구,184114.264944758,549925.4192179225,4,2,0.5,1,2,0,1356.333958788132,0,0,0,0,1300.8064516129032,2,1.2976874376374397
2874,강서구,183416.64673299,550654.9970671029,2,1,1.0,1,2,0,1126.1272951048566,0,0,0,2,841.1935483870967,0,2.8571198247775254
2875,강서구,182883.653977154,551682.406614661,1,1,1.0,0,2,0,521.9147196159439,0,0,0,2,138.61290322580646,0,1.182358773247287
2876,강서구,182792.1222144615,552032.8441373358,4,1,1.0,1,2,0,654.4818261787805,0,0,0,1,16.419354838709676,2,2.4926283113753613
2877,강서구,182561.7462883435,552845.80091316,2,2,0.5,0,2,0,1352.8553109993732,0,0,0,2,336.4516129032258,2,2.429157616129801
2878,강서구,182303.9533337113,553302.1555166293,3,2,0.6666666666666666,1,2,0,1872.71676001682,0,0,0,2,981.5483870967743,0,1.536440412158792
2880,강서구,183637.8884088,550116.6218841905,2,1,1.0,0,2,0,1681.7760946948615,0,0,0,2,22.967741935483872,2,2.313200333756364
2881,강서구,183398.5011480997,549583.1067519201,3,2,0.6666666666666666,1,2,0,1821.0678976431395,0,0,0,1,0.0,0,8.333333333333332
2882,강서구,189080.499857037,549980.0869816843,3,1,1.0,1,2,0,329.002231066715,0,0,0,2,2188.806451612903,6,0.6092175776093208
2883,강서구,188967.93420971133,550017.5629730703,3,2,0.3333333333333333,1,2,0,322.80755100498885,0,0,0,2,2006.5806451612907,6,3.127209321626543
2884,강서구,188783.830911158,550095.7280814605,2,2,0.5,1,2,0,386.2849150364038,0,0,0,4,2128.8064516129034,4,3.67539569509838
2885,강서구,188276.5852132155,550525.765550909,4,0,1.0,1,2,0,593.1132818640292,0,0,0,1,1750.2903225806454,3,6.543009015331798
2886,강서구,188134.85705086836,550630.6514341744,3,2,0.3333333333333333,1,2,0,709.1491570942856,0,0,0,2,1953.225806451613,4,2.928338004482279
2887,강서구,187907.92474251712,550830.0025083391,7,2,0.5714285714285714,1,2,0,844.7677735239847,0,0,0,5,2738.5161290322585,5,0.4826875903455926
2888,강서구,187708.775523244,550963.3445527814,2,2,0.5,1,2,0,606.1188078264234,0,0,0,1,1161.5806451612905,6,0.9629406338926748
2889,강서구,187465.49608970023,551115.6301844042,4,0,1.0,1,2,0,320.7695775210768,0,0,0,0,1000.4193548387096,8,0.4969110326460088
2890,강서구,186899.78606765973,551493.6685700268,4,0,1.0,1,2,0,369.0923925977685,0,0,0,1,2996.935483870968,6,1.518510696991573
2891,강서구,186644.7107458925,551661.7194229065,4,0,1.0,1,2,0,672.3842200639004,0,0,0,1,1885.9032258064517,8,1.599435608607287
2892,강서구,186537.427397732,551736.489960329,1,0,1.0,1,2,0,802.9420428432531,0,0,0,1,1291.0,7,0.4977433277064384
2893,강서구,186219.9505920105,551957.5473252215,2,2,0.5,0,2,0,1189.4406055680931,0,0,0,2,525.9032258064516,6,0.8773362773093752
2894,강서구,185654.8139400805,552330.2704760155,4,1,1.0,1,2,0,1865.6304201050707,0,0,0,3,949.5161290322582,3,2.2971018734730406
2896,강서구,184624.05284847,552615.424809756,4,2,0.75,1,2,0,1484.5978567260486,0,0,0,0,244.03225806451616,2,2.966704666817783
2897,강서구,184333.2676865855,552639.8625528696,2,2,0.5,1,2,0,1271.1717162447694,0,0,0,2,818.0,4,5.2427086270823295
2898,강서구,184144.03986649172,552656.3772910212,4,0,1.0,1,2,0,1151.3828359422512,0,0,0,0,1896.516129032258,6,1.288726490217987
2899,강서구,183927.465894381,552670.0059840165,2,0,1.0,1,2,0,1035.7133608658194,0,0,0,4,2438.935483870968,9,2.5023602271925505
2900,강서구,183812.78895040145,552663.6881629725,5,2,0.8,1,2,0,976.11845989793,0,0,0,2,2438.935483870968,5,0.9712030626565432
2901,강서구,183705.12605432133,552666.4585895716,3,2,0.3333333333333333,1,2,0,937.8653948301908,0,0,0,0,2219.4193548387098,5,0.6754327502226303
2902,강서구,183571.25726158664,552672.8855438753,3,2,0.3333333333333333,1,2,0,908.9667241954816,0,0,0,5,1193.9032258064515,5,1.2483837969043747
2903,강서구,182981.7010765745,552595.9064243278,4,2,0.75,1,2,0,914.313117613151,0,0,0,0,1324.967741935484,3,5.468454610765488
2904,강서구,182854.561579948,552578.579347219,1,0,1.0,1,2,0,964.1500346231549,0,0,0,2,982.9677419354839,3,2.1219733300745247
2905,강서구,182981.6793599375,552516.3747307715,2,0,1.0,1,2,0,844.2038850676191,0,0,0,0,982.9677419354839,3,2.207876270429218
2906,강서구,186557.75035347432,547810.718983248,3,2,0.3333333333333333,1,2,0,67.21011887900129,0,1,1,3,5527.387096774193,9,0.7460244756538614
2907,강서구,186066.106426688,548809.3753930435,2,1,1.0,1,2,0,243.2219914665349,0,0,0,0,368.64516129032256,3,7.599728620422409
2908,강서구,185992.5452257328,548982.7750026367,4,0,1.0,1,2,0,54.86434624168217,0,1,1,3,9276.548387096775,4,7.508052564707104
2909,강서구,185663.488581132,549438.9969811207,3,2,0.3333333333333333,1,2,0,438.5462083184268,0,0,0,2,3215.0,2,2.291255558315631
2910,강서구,185552.8587261073,549617.7556371917,3,0,1.0,1,2,0,229.9674867357272,0,0,0,0,3646.6129032258063,3,1.9959022368863384
2911,강서구,185542.1136953525,549840.4267906892,4,0,1.0,1,2,0,34.06605546378253,1,1,1,5,7395.516129032258,5,2.178696973910472
2912,강서구,185529.4299006865,550004.064116151,2,2,0.5,1,2,0,124.91449230496409,0,0,1,2,7681.548387096775,4,2.7097111336905577
2913,강서구,185539.89073517532,550151.7815729006,3,2,0.3333333333333333,1,2,0,271.55078204472903,0,0,0,0,5487.41935483871,3,4.592516708635888
2914,강서구,185602.537906453,550603.918898258,4,0,1.0,1,2,0,725.783427816301,0,0,0,2,3906.838709677419,5,0.5007974900712231
2915,강서구,185540.1449660935,550358.2681418045,4,1,1.0,1,2,0,478.0001458969613,0,0,0,2,4398.419354838709,5,4.679130743958903
2916,강서구,185644.0518530475,550794.177798023,2,2,0.5,1,2,0,919.0702217839832,0,0,0,2,3207.7096774193546,5,0.4638513086110763
2917,강서구,185743.71185359237,551146.776324246,3,2,0.6666666666666666,1,2,0,1281.7439235575043,0,0,0,4,11368.612903225807,11,0.4184606053758611
2918,강서구,185772.34935836677,551258.4292862322,4,1,1.0,1,2,0,1353.8422586809193,0,0,0,2,5934.451612903226,14,0.4207945078589266
2919,강서구,185843.2430289508,551532.6617398968,4,1,1.0,1,2,0,1359.2543857462424,0,0,0,2,2513.548387096774,11,0.2772774753988116
2920,강서구,185938.8067477335,551901.1254223115,4,1,1.0,1,2,0,1396.9509031136545,0,0,0,2,1288.967741935484,6,0.2620115789019313
2921,강서구,186028.8506676797,552396.9566597122,4,2,0.75,1,2,0,1623.3525272812667,0,0,0,0,1742.3225806451615,4,1.057799841621338
2922,강서구,185522.801090292,549002.3344036615,2,0,1.0,1,2,0,375.2141155600348,0,0,0,2,5836.354838709677,4,0.135232647035058
2923,강서구,186144.29535455751,549362.9832691195,2,2,0.5,1,2,0,66.09220440559623,0,1,1,2,6933.8064516129025,5,3.4755559787297288
2924,강서구,186321.055712176,549671.398093828,2,0,1.0,1,2,0,395.6787887014696,0,0,0,4,6591.74193548387,6,3.976353513417509
2925,강서구,186491.052188805,549929.908442512,2,0,1.0,1,2,0,627.8332757134524,0,0,0,1,6482.483870967742,3,0.859073525751386
2927,강서구,186728.3279537005,550274.8286664186,2,2,0.5,1,2,0,212.7009435551758,0,0,0,1,9254.225806451614,9,1.535613246827623
2929,강서구,186733.8150299,550293.7600749865,2,2,0.0,0,1,0,196.101513652554,0,0,1,3,9254.225806451614,9,2.096909917829756
2930,강서구,186813.57775488324,550410.9237555915,4,0,1.0,1,2,0,69.62268930965492,0,1,1,5,9773.612903225805,11,0.3102717157897849
2931,강서구,186999.89040205,550845.5498036265,2,2,0.5,1,2,0,410.1476900753776,0,0,0,2,3472.0,8,0.1567935559830176
2932,강서구,187129.3744845215,551103.115266342,2,2,0.5,1,2,0,146.85745759453468,0,0,1,2,9139.548387096775,8,1.46500854867378
2933,강서구,187241.298960693,550281.126403406,1,0,1.0,1,2,0,382.2887084247425,0,0,0,0,0.0,4,10.926781169288583
2934,강서구,186882.76758425232,550035.8112385654,3,2,0.3333333333333333,1,1,0,383.1745658374669,0,0,0,2,1155.6451612903227,8,2.4402371634533657
2935,강서구,186982.68471994964,550242.5741436634,3,2,0.3333333333333333,1,2,0,201.77775713731543,0,0,0,0,556.3225806451613,13,11.44250238165252
2936,강서구,186404.99424544,549404.5220303953,6,2,0.8333333333333334,0,2,1,251.79476674444405,0,0,0,5,1076.774193548387,7,4.420538105991068
2937,강서구,185791.7558118398,548827.4514715978,5,1,1.0,1,2,1,240.7506779742309,0,0,0,2,1523.4838709677417,7,4.43751231881348
2938,강서구,185457.18400272724,548374.8970838119,4,2,0.5,1,2,0,366.0065622820317,0,0,0,0,0.0,6,0.7229701534793076
2939,강서구,185517.06617197464,548259.6156039949,3,2,0.6666666666666666,1,2,0,364.9609411896129,0,0,0,0,5159.419354838709,6,0.9382481266054268
2940,강서구,185598.286328518,548639.498208448,4,1,1.0,1,2,0,502.5453624220893,0,0,0,4,3396.290322580645,7,2.0404483406916127
2941,강서구,185854.319499122,548688.1827018213,3,2,0.3333333333333333,1,2,0,358.8463524115928,0,0,0,1,1523.4838709677417,4,6.565714843837729
2942,강서구,188088.8752774382,551051.447809565,5,1,1.0,1,2,1,937.3739516249076,0,0,0,0,1069.1612903225805,5,9.267536510346556
2943,강서구,187979.70212156,551122.636029023,1,0,1.0,1,2,0,817.2832765009501,0,0,0,2,1069.1612903225805,6,7.739524382015152
2945,강서구,187887.72381639495,551194.5385572435,2,0,1.0,1,2,0,717.9643797125725,0,0,0,2,1340.6774193548385,7,0.0003560378432609
2946,강서구,187642.32635903324,551355.456420598,4,2,0.75,1,2,0,483.9275869059461,0,0,0,4,1796.1290322580649,5,1.4126704044060794
2947,도봉구,203993.76200357225,565647.0588410293,4,2,0.5,1,2,0,1595.375706638808,0,0,0,2,4735.677419354838,2,1.6027541825025082
2948,도봉구,204022.02266781332,565472.8771506314,3,0,1.0,1,2,0,1432.7687563732195,0,0,0,2,6220.709677419354,4,9.1758865448905
2949,도봉구,204074.81236129085,564883.2491860681,7,2,0.4285714285714285,1,2,0,953.6721944443536,0,0,0,2,4074.6774193548385,2,2.1827660157908824
2950,도봉구,203961.7677566074,564216.1838430075,5,2,0.6,1,2,0,779.3791399568534,0,0,0,4,4065.1290322580644,0,1.668587868389117
2951,도봉구,203921.458495553,563863.4101994791,3,2,0.3333333333333333,1,2,0,425.68022889991386,0,0,0,2,2737.1612903225805,4,0.3519679585475839
2952,도봉구,203808.19545898467,563037.4131205397,3,2,0.6666666666666666,1,2,0,97.4488990878958,0,1,1,1,6556.258064516129,7,0.3169279349754579
2953,도봉구,203774.41563131133,562776.5934362033,3,2,0.3333333333333333,1,2,0,63.07884997399007,0,1,1,1,6682.419354838709,5,0.6652557912453598
2954,도봉구,203719.0646556365,562449.5563467224,2,2,0.5,1,2,0,328.5507054415992,0,0,0,3,2048.7096774193546,6,2.170546900253155
2955,도봉구,203630.6380295097,562201.860794732,3,2,0.6666666666666666,1,2,0,280.1502628799622,0,0,0,3,6785.967741935485,4,2.964780765018264
2956,도봉구,203361.29439076968,561630.333931189,3,0,1.0,1,2,0,304.9293252239379,0,0,0,4,8890.064516129032,5,3.247297738884155
2957,도봉구,203334.143862538,561303.769844547,2,0,1.0,1,2,0,384.823549705151,0,0,0,2,2184.967741935484,4,1.5667558868706046
2958,도봉구,203691.9648760682,561344.0197004996,5,2,0.8,0,2,0,393.85420666814696,0,0,0,2,249.16129032258067,6,2.951057716188418
2959,도봉구,203625.4688443553,561546.079730269,3,2,0.6666666666666666,1,2,0,429.2133137461817,0,0,0,2,643.1935483870967,6,2.797713051940113
2960,도봉구,203567.98276191,561853.790155467,2,1,1.0,1,2,0,176.17989644016575,0,0,1,2,757.7741935483871,5,1.4824106053527923
2961,도봉구,203866.4641018615,560940.3908940973,4,1,1.0,1,2,0,592.1976183212332,0,0,0,0,232.4516129032258,5,4.076627744766714
2963,도봉구,203699.737346878,560807.773836623,1,0,1.0,1,2,0,661.0719296137867,0,0,0,0,22.032258064516128,6,8.807174075289646
2964,도봉구,203155.491047143,560726.6293815564,3,2,0.3333333333333333,0,2,0,299.97541573745946,0,0,0,2,644.1612903225806,4,2.297472022963104
2965,도봉구,202965.9491258305,560772.9088414186,2,0,1.0,1,2,0,223.4342078910195,0,0,0,0,22299.967741935485,4,2.491292502356709
2966,도봉구,202754.7909911397,560394.9147268867,3,1,1.0,1,2,0,201.51734481915975,0,0,0,2,4245.677419354839,7,5.543292792790406
2967,강북구,202552.1062763956,560159.6766103165,5,2,0.6,1,2,0,28.09888358672937,1,1,1,2,7827.967741935484,4,0.3374979706242698
2968,강북구,202221.65922068068,560174.3232621857,3,2,0.3333333333333333,1,2,0,209.65035285562695,0,0,0,3,7635.225806451613,6,0.7012136861886138
2969,도봉구,203238.8472601277,559731.6834567427,3,0,1.0,1,2,0,795.3406815661683,0,0,0,2,3668.8709677419356,7,6.011348791141759
2970,도봉구,203481.217452074,560052.0540877756,3,2,0.6666666666666666,0,2,0,794.6364223600198,0,0,0,2,6757.903225806452,3,2.970385542746428
2971,강서구,187493.6155012655,551463.180780719,2,2,0.5,1,2,0,389.7565160648331,0,0,0,1,1319.516129032258,3,0.8356216455752848
2972,강서구,187218.6415040675,551639.4992578625,2,2,0.5,1,2,0,398.4876927981556,0,0,0,2,603.3225806451612,6,0.2360742790558993
2974,강서구,187066.11174097125,551752.5777827847,4,2,0.75,1,2,0,519.5533963327036,0,0,0,2,1174.6451612903224,6,0.556827606830339
2975,강서구,186972.8369436445,551841.21103349,2,1,1.0,1,2,0,629.5471023028792,0,0,0,1,1135.3548387096773,9,0.5771307244634253
2976,강서구,186786.898704705,551914.64445021,2,2,0.5,1,1,0,773.2354650129936,0,0,0,2,1002.7096774193549,8,2.260648551291589
2977,강서구,186704.66232742352,551761.7703065791,2,2,0.5,1,2,0,697.2590802918007,0,0,0,1,2033.8709677419356,9,1.494975543917579
2978,강서구,186792.5452147284,551998.12886461,5,2,0.6,1,2,0,844.1323152897403,0,0,0,1,1533.8709677419354,8,6.365700444895856
2979,강서구,186685.2776040345,552140.7751049205,2,2,0.5,1,2,0,1020.2463134983028,0,0,0,2,787.6129032258063,6,2.0795945984846727
2980,강서구,186585.28420146636,552205.0818511606,3,0,1.0,1,2,0,1125.8890909880122,0,0,0,2,2022.1612903225805,5,0.5045326877665701
2981,강서구,186339.893526827,552283.97544716,1,0,1.0,1,2,0,1331.6992914559855,0,0,0,0,2553.483870967742,4,0.343488719675135
2982,강서구,186469.59958786,552231.355086626,2,0,1.0,1,2,0,1211.5411313598204,0,0,0,2,1234.5483870967741,5,0.7420906221109705
2983,강서구,186247.933106026,552321.333167401,2,2,0.5,1,2,0,1419.130843693383,0,0,0,2,1318.9354838709678,5,0.994223981725876
2984,강서구,186120.69731623,552360.692124487,1,0,1.0,1,2,0,1533.4600749081512,0,0,0,2,2629.2580645161293,5,0.3983290438451891
2985,강서구,186325.4992331385,551064.0520126835,4,0,1.0,1,2,0,810.7807454234537,0,0,0,2,4212.322580645161,6,1.4308640196137468
2986,강서구,186456.6288360384,551311.71929365,5,1,1.0,1,2,1,718.0416151556294,0,0,0,1,2377.5806451612902,7,0.1570924809423365
2987,강서구,186598.0565624438,551572.8787831964,5,1,1.0,1,2,1,661.1093088309818,0,0,0,1,2448.032258064516,9,0.6987779000634564
2988,강서구,186843.6426396282,551421.7281755614,5,1,1.0,1,1,1,372.9774913313953,0,0,0,3,2801.322580645161,8,0.8732711041239108
2989,강서구,186752.5517603806,551125.0470766381,5,1,1.0,1,2,1,435.4121581465059,0,0,0,2,252.3225806451613,3,0.1777986555536455
2990,강서구,186594.0383761496,551236.661510613,5,1,1.0,1,2,1,577.4584157200961,0,0,0,3,988.8709677419354,6,0.2870186155360166
2991,강서구,186303.425315643,551392.1573060043,4,1,1.0,0,2,0,880.6114025039105,0,0,0,2,1025.483870967742,6,0.0
2992,강서구,186063.8451971662,551478.0465310784,5,1,1.0,1,2,1,1132.103378553248,0,0,0,2,820.6774193548387,7,2.960594732333751e-15
2993,강서구,186222.102028856,551740.9194145806,2,2,0.5,1,1,0,1071.624268864938,0,0,0,0,739.0,4,0.4648333138368935
2994,강서구,186204.167795917,551159.609191082,1,2,0.0,0,2,0,963.2070290594388,0,0,0,1,1349.7741935483868,9,0.2383928583855225
2995,강서구,185930.4494949195,551512.6709355097,4,0,1.0,1,2,0,1269.791968754305,0,0,0,1,2939.516129032258,9,0.3839447863101123
2996,강서구,185859.0880460604,551234.5349416828,5,1,1.0,1,2,1,1270.1514416101977,0,0,0,2,5934.451612903226,11,1.1680910841638574
2997,강서구,183366.6127329595,552868.6756599903,4,0,1.0,1,2,0,1088.1391097333749,0,0,0,4,1682.4516129032259,12,2.1581936351739905
2998,강서구,183414.2291731878,552976.5665102146,5,1,1.0,1,2,1,1195.7642615903972,0,0,0,2,1722.8709677419354,12,2.8677154762091086
2999,강서구,183339.360850102,552984.1597440275,2,0,1.0,1,2,0,1204.562307629512,0,0,0,0,1722.8709677419354,10,3.650463876042706
3000,강서구,183120.0809334995,552994.1828110325,2,2,0.5,1,2,0,1244.2646587321328,0,0,0,0,0.0,5,6.791694404493563
3001,강서구,183506.87394559,552976.240789428,3,2,0.6666666666666666,1,2,0,1200.41664927282,0,0,0,3,1318.806451612903,10,0.6291467385884323
3002,강서구,183560.62204291,552974.328085527,1,0,1.0,1,2,0,1204.6654874580818,0,0,0,2,1309.9677419354837,10,0.6226014166470861
3003,강서구,183816.02249888025,552971.7291056537,4,1,1.0,1,2,0,1262.6350532766064,0,0,0,1,488.09677419354836,4,1.592075951312255
3004,강서구,183932.090937284,552965.7143748789,2,0,1.0,1,2,0,1300.3426059154365,0,0,0,1,509.1612903225806,5,1.139108235125284
3005,강서구,184017.839440595,552942.850844429,1,0,1.0,1,2,0,1317.7619845779484,0,0,0,2,35.516129032258064,6,0.8065916011454455
3006,강서구,183279.24639497875,553320.8964792815,4,1,1.0,1,2,1,1544.3914940007248,0,0,0,0,0.0,7,8.33333333333334
3007,강서구,183550.97495202036,553399.418332422,3,1,1.0,0,2,0,1625.8651926819014,0,0,0,2,623.9354838709678,5,0.0437388480233202
3008,강서구,183499.97527755305,553248.4108010822,5,1,1.0,1,2,1,1471.138308343325,0,0,0,4,628.483870967742,11,2.399560729212086
3009,강서구,183563.973479982,553228.6776118727,3,2,0.0,0,2,0,1457.4300161545743,0,0,0,3,668.9032258064516,11,2.333145567746424
3010,강서구,183260.2886842997,551580.4618016118,4,2,0.25,1,2,0,242.19467889294364,0,0,0,1,1285.1935483870968,7,3.4846039736373355
3013,강서구,183348.0195354386,552528.2789960104,5,2,0.8,1,2,0,748.8909755342257,0,0,0,3,1907.2258064516127,4,1.9369932432349184
3014,강서구,183364.92943922267,552046.1085348433,3,0,1.0,1,2,0,267.0056193786318,0,0,0,1,965.0322580645161,7,4.589500412497811
3015,강서구,183364.036609768,552209.838325928,1,0,1.0,1,2,0,430.102947187826,0,0,0,2,1544.741935483871,5,2.0051227995139134
3016,강서구,183356.270775112,552376.547927771,1,0,1.0,1,2,0,596.9453095445366,0,0,0,3,1426.8064516129032,2,0.0910127315677478
3017,강서구,183014.21247592024,552043.836550312,4,2,0.25,1,2,0,463.69952279456106,0,0,0,0,0.0,3,0.1446908855204383
3018,강서구,186989.0644207003,547958.9836263639,3,2,0.3333333333333333,0,2,0,113.10913004915083,0,0,1,2,3905.41935483871,4,4.771011630933637
3019,강서구,187547.775782061,548046.691230847,1,1,1.0,0,2,0,425.7779397632959,0,0,0,1,5585.903225806452,5,3.560897991114794
3020,강서구,184030.32816582837,550567.6525180937,3,2,0.6666666666666666,0,2,0,1369.0150524259238,0,0,0,0,339.9032258064516,8,3.3577262786629785
3021,강서구,185687.497566937,548343.0393715925,2,0,1.0,1,2,0,498.18668215247374,0,0,0,2,6294.387096774193,6,3.232820424329826
3022,강서구,185893.420480504,551724.636830603,1,0,1.0,1,2,0,1365.4870682182516,0,0,0,2,948.5483870967743,9,0.1535780397397849
3023,강서구,186356.45334554036,551720.7801023227,3,2,0.3333333333333333,1,2,0,944.3086438276068,0,0,0,1,213.09677419354838,7,0.2060904243972731
3026,강서구,186172.88395237149,552700.56441989,4,2,0.0,1,1,0,1766.1417026457736,0,0,0,1,80.48387096774194,1,1.5340603281609688
3027,강서구,187173.03184152467,547988.0219352837,3,2,0.3333333333333333,0,2,0,299.32269507233707,0,0,0,2,3951.677419354839,4,4.455274370288598
3028,강서구,183812.9151065085,552395.8797306949,2,2,0.5,1,2,0,742.8445915776467,0,0,0,0,621.1612903225806,7,0.198395182061614
3032,강서구,187035.7422648266,550361.1386848188,5,1,1.0,1,2,1,161.71010967979876,0,0,1,2,570.5806451612904,11,5.714627900767511
3034,강서구,187945.89056726175,550478.6035246764,5,2,0.8,1,1,0,622.1995633621309,0,0,0,0,457.9032258064516,4,2.518908007575078
3037,강서구,186895.245668663,550588.634443571,1,0,1.0,1,2,0,133.8229904607328,0,0,1,1,550.3225806451612,11,0.5068031824165331
3039,강서구,188513.542597042,550354.7893307814,4,0,1.0,1,2,0,491.6283798450317,0,0,0,6,2664.064516129032,2,2.0923731733618838
3041,은평구,192671.185287655,555526.78471468,3,2,0.3333333333333333,1,2,0,171.5214035461833,0,0,1,0,13064.032258064517,7,3.1124696738190254
3042,은평구,193149.802155094,555779.452185135,3,2,0.3333333333333333,1,2,0,635.892980293338,0,0,0,2,7492.1612903225805,7,0.297056274037768
3043,서대문구,192143.0304153533,553834.0070244147,3,2,0.6666666666666666,1,2,0,330.13612191974147,0,0,0,2,4842.161290322581,7,3.3457815476479587
3044,서대문구,194271.857367292,553508.040117219,1,1,1.0,0,2,0,1141.8774389092778,0,0,0,7,9824.612903225807,7,6.12043597744325
3045,서대문구,193957.6462428093,553234.2088605136,3,2,0.3333333333333333,1,2,0,1558.6578441784466,0,0,0,5,3164.7096774193546,7,9.058850026691072
3046,서대문구,192512.51104581403,552174.5756447385,2,0,1.0,1,2,0,307.6882723299917,0,0,0,4,9023.322580645161,12,2.3919504227262443
3048,은평구,190185.5320701165,554010.6440983776,2,0,1.0,1,2,0,1537.2106521000082,0,0,0,2,2420.2258064516127,5,7.646516020118507
3049,은평구,189904.13926143,554291.373632669,1,2,0.0,0,1,0,1904.9853649208771,0,0,0,1,1870.032258064516,6,14.377828565646034
3050,은평구,193505.15485178525,555881.6885002968,4,1,1.0,0,2,0,660.1910737220879,0,0,0,2,5517.354838709677,6,2.404284535249233
3051,서대문구,193655.135547939,553416.6378525087,3,2,0.3333333333333333,1,2,0,1250.3739184416856,0,0,0,2,4978.1612903225805,2,8.876277127889825
3052,서대문구,193325.42427165725,553837.443147003,4,2,0.5,1,2,0,733.5309047902248,0,0,0,3,6380.290322580646,5,8.716652130951925
3053,서대문구,193222.581266796,553958.495512004,4,2,0.5,1,2,0,583.6516891824193,0,0,0,2,4941.903225806452,6,11.626666015391068
3054,은평구,191730.04795369905,553755.4121544892,4,2,0.5,1,2,0,287.8937603935482,0,0,0,0,0.0,5,1.9048542212744064
3055,강북구,202714.4808676235,557423.880333148,2,0,1.0,1,2,0,118.51235453278412,0,0,1,2,8953.258064516129,11,1.5343099057232716
3056,도봉구,204193.24672400937,564500.450524957,3,2,0.3333333333333333,1,2,0,656.8161148510943,0,0,0,3,1201.8387096774193,3,10.466000435485968
3057,도봉구,204298.5971463353,562520.7504691576,3,2,0.3333333333333333,1,2,0,520.9110591486002,0,0,0,2,2041.5483870967744,8,2.951542569206893
3058,도봉구,203463.85533622265,562579.7060526944,3,2,0.3333333333333333,1,2,0,410.8863894858471,0,0,0,0,2789.4193548387093,8,0.4771720185801342
3059,도봉구,203358.59610638925,561952.7988689687,4,2,0.5,1,2,0,55.51079170996414,0,1,1,4,3825.3548387096776,6,4.686529997845064
3060,도봉구,203089.2972301843,561294.2240085053,3,2,0.3333333333333333,1,2,0,253.84117826299897,0,0,0,2,2563.1612903225805,5,3.597685853444533
3061,도봉구,203050.1130030588,560985.654713056,4,2,0.75,1,2,0,23.89033454770978,1,1,1,3,28078.90322580645,3,1.215937787132037
3062,도봉구,202868.04658574832,560589.5615098054,3,0,1.0,1,2,0,23.29196283344023,1,1,1,2,5505.870967741935,5,1.6614440416306782
3063,강북구,201822.69760251368,559431.9863632866,3,2,0.3333333333333333,1,2,0,270.32658295197325,0,0,0,1,5491.419354838709,8,2.488421013195108
3064,강북구,202815.445258382,559674.7321449203,4,2,0.5,1,2,0,503.0121782865426,0,0,0,2,2695.3225806451615,4,0.3126324751130305
3065,강북구,202650.617178303,559809.5058865023,3,2,0.3333333333333333,1,2,0,290.1712925094975,0,0,0,0,2586.0967741935483,4,0.3700382277259943
3066,강북구,202091.69866082864,560290.7342193847,3,2,0.3333333333333333,1,2,0,384.0191457435863,0,0,0,2,2419.967741935484,7,1.0425345483787631
3067,강북구,202093.8970795205,559615.7532706963,4,0,1.0,1,2,0,74.36678628987708,0,1,1,3,15528.225806451612,9,1.535823440754065
3068,강북구,202246.5217082955,559470.7483451715,4,2,0.75,1,2,0,194.0272497834801,0,0,1,3,3983.4516129032263,9,1.5453353532199308
3069,강북구,202065.47443073237,559334.117340061,3,2,0.3333333333333333,1,2,0,212.03320216843872,0,0,0,0,3221.8064516129034,8,1.799108000868183
3070,강북구,202216.75522049732,558826.3080884133,3,2,0.3333333333333333,1,2,0,161.7659274426953,0,0,1,0,9216.354838709678,5,3.651975823545008
3071,강북구,202554.25177348024,557753.6629422993,4,2,0.5,1,2,0,15.046858386916826,1,1,1,2,8397.516129032258,11,0.2577035870271871
3072,강북구,202474.01704943235,558011.4375063957,3,1,1.0,1,2,0,254.9646495324507,0,0,0,0,0.0,10,1.5226911002610894
3073,강북구,202423.51950459552,557512.0188311929,6,2,0.3333333333333333,1,2,0,191.51956430778424,0,0,1,2,3407.064516129032,10,1.455336969918477
3074,성북구,203098.0439622473,556885.2480839954,4,1,1.0,1,2,0,85.26689687919776,0,1,1,6,10001.322580645163,10,3.317218038520859
3075,성북구,202441.79430186725,556305.7354922665,4,2,0.75,1,2,0,356.86936546461175,0,0,0,4,8910.870967741934,6,4.187346186273384
3076,성북구,202793.616402736,556155.453024877,1,1,1.0,0,2,0,191.5739628929968,0,0,1,0,6883.645161290324,3,1.378135094898217
3077,성북구,204006.469090521,556109.569252451,1,2,0.0,0,1,0,313.2127664826658,0,0,0,1,1050.483870967742,3,5.921189464667502e-15
3078,성북구,203795.589087405,555989.336174641,2,2,0.5,0,2,0,425.6401523956626,0,0,0,3,3746.2903225806454,3,23.47150781233156
3079,성북구,203562.18366187764,555645.8514307253,3,2,0.6666666666666666,1,2,0,302.5259443173805,0,0,0,0,1675.0645161290322,6,0.3318408348651995
3080,성북구,203156.5630909617,555908.7290353846,3,2,0.3333333333333333,1,2,0,226.29198388365012,0,0,0,1,2597.7741935483873,9,16.37835085141185
3081,성북구,203369.134553983,555896.0814263532,6,2,0.6666666666666666,1,2,0,14.740932238915732,1,1,1,2,3058.6774193548385,7,3.90941350982357
3082,성북구,202955.750849968,555677.8990023057,4,2,0.5,1,2,0,154.65757680308087,0,0,1,3,15712.774193548386,4,3.521741907190421
3083,성북구,203121.83216536665,555210.748905892,6,2,0.1666666666666666,1,2,0,263.6241987993112,0,0,0,0,4982.41935483871,3,2.5105201807462585
3084,성북구,203164.07214683,555002.463432979,2,2,0.5,1,2,0,472.1014869703827,0,0,0,4,10524.32258064516,5,1.2187955707046485
3085,성북구,203208.69724750752,554853.9917442449,4,2,0.5,1,2,0,626.9673252664463,0,0,0,3,10607.838709677417,5,0.9343542680884908
3086,동대문구,203322.9850229457,554235.0841972915,4,2,0.25,1,2,0,112.61256205296183,0,0,1,1,3659.8387096774195,7,4.199026091379545
3087,동대문구,203403.86208941863,553957.5047197007,3,2,0.3333333333333333,1,2,0,158.12630815187475,0,0,1,2,3317.709677419355,8,0.3572028958318718
3088,동대문구,203390.1487786725,553368.4022053775,2,2,0.5,0,2,0,5.273069288602696,1,1,1,2,10358.516129032258,6,0.0843928591860946
3089,동대문구,203410.38365466124,553711.2944119123,4,0,1.0,1,2,0,121.6947014918046,0,0,1,1,3087.3225806451615,7,0.6350615961677845
3090,동대문구,203098.68608982576,553181.0956532073,4,0,1.0,1,2,0,21.235220444387387,1,1,1,1,5133.064516129032,3,3.2903634132474684
3091,동대문구,203375.64539378695,552941.1320314091,3,2,0.3333333333333333,1,2,0,52.68372368998883,0,1,1,3,7335.774193548387,3,1.174835513480641
3092,서대문구,192634.928538319,552124.080392999,1,0,1.0,1,1,0,439.7938790018087,0,0,0,0,13731.290322580646,8,6.717140718002626
3093,마포구,191082.90391739248,551609.5211275405,2,1,1.0,0,1,0,1354.145545228452,0,0,0,0,0.0,2,10.248467272741008
3094,마포구,192382.019027689,551914.3293719045,2,2,0.5,0,2,0,425.5385442793698,0,0,0,2,3253.258064516129,7,1.4835231505217312
3095,마포구,192573.0752275965,552027.011724741,2,1,1.0,0,2,0,441.27768721206303,0,0,0,1,9244.83870967742,9,6.411716950451117
3096,마포구,191665.49133302967,552552.4273708346,3,1,1.0,1,2,0,620.4702550749579,0,0,0,0,824.1935483870968,6,3.3977742270156006
3097,마포구,191243.5312466785,552860.3096107121,2,1,1.0,0,2,0,670.0429078983914,0,0,0,3,5193.225806451613,5,4.192866945970414
3098,양천구,188655.7590882712,547290.3870659876,5,0,1.0,1,2,0,813.6354578414938,0,0,0,0,10961.354838709678,11,0.2072973464105754
3099,양천구,188477.1410514184,547325.5648428104,5,1,1.0,1,2,0,632.8418023114298,0,0,0,2,4411.193548387097,9,0.4441622445975212
3101,양천구,188840.793277876,547421.7159868634,3,2,0.6666666666666666,1,2,0,996.1481213854784,0,0,0,2,12679.451612903225,13,0.7275420491054045
3102,마포구,189733.395207125,552916.934026195,1,1,1.0,0,2,0,1961.7037559288976,0,0,0,0,0.0,1,11.589736736279828
3103,마포구,191429.228616222,552726.1146921901,3,1,1.0,1,2,0,709.1860284591438,0,0,0,2,350.83870967741933,7,1.5870123473513595
3104,서대문구,192848.97313876133,553207.5951135913,3,0,1.0,1,2,0,781.3563138250411,0,0,0,0,1411.032258064516,8,14.362317469596206
3105,서대문구,193200.601715279,553107.1706320066,2,2,0.5,1,2,0,1071.8939107126926,0,0,0,2,14152.451612903227,9,0.5927626076939182
3106,서대문구,193389.980596807,553005.4099700445,2,2,0.5,0,2,0,1277.4312701315896,0,0,0,2,3570.8709677419356,7,0.3557216218973202
3107,서대문구,193297.344687389,553083.125911452,1,0,1.0,1,2,0,1156.8116832112753,0,0,0,2,7647.83870967742,7,0.4623663648353471
3108,서대문구,192729.01260902768,552815.5534909435,6,2,0.8333333333333334,1,2,1,700.6346370451857,0,0,0,2,7948.354838709676,8,6.237866628919881
3109,마포구,190291.01625570824,552824.6072783333,4,0,1.0,1,2,0,1462.54126926844,0,0,0,3,2582.322580645161,6,5.948337065105201
3110,서대문구,192375.412291466,552412.2771653393,3,2,0.3333333333333333,1,2,0,167.73568756382076,0,0,1,2,6334.193548387097,8,2.720586837370836
3111,마포구,190138.9442106755,552947.195953283,4,2,0.75,1,2,0,1563.0320920168424,0,0,0,0,919.8064516129033,5,4.7559656445046095
3112,서대문구,192278.040406309,552905.8000501245,2,2,0.5,1,2,0,592.0809520120363,0,0,0,2,4620.5161290322585,6,1.3381170125258337
3114,서대문구,192118.48835463697,553294.093638234,3,2,0.3333333333333333,1,2,0,497.7300539530386,0,0,0,3,4697.967741935484,7,1.7059751339235905
3115,은평구,191217.608551716,554082.2234120336,3,2,0.3333333333333333,1,2,0,725.5801432147247,0,0,0,2,1820.967741935484,1,9.049839986400295
3116,은평구,191569.5501005285,553531.7483003468,4,0,1.0,1,2,0,76.35715707323352,0,1,1,0,2528.8387096774195,6,2.266991894252097
3117,은평구,192080.535478023,554074.4053963621,2,0,1.0,1,2,0,429.45765023164097,0,0,0,0,669.8709677419355,3,9.245744979548157
3118,서대문구,194873.23099451,554702.2631598634,2,2,0.0,0,1,0,62.16229566695724,0,1,1,4,7532.129032258064,4,30.94319281181928
3119,서대문구,195291.32804849572,554998.3827054547,4,2,0.75,0,2,0,232.5268956847137,0,0,0,2,1062.6451612903224,9,1.837395095389477
3120,서대문구,195225.202669379,554985.4081984645,5,2,0.0,0,1,0,229.5763167749253,0,0,0,1,741.6451612903226,9,3.866364580827953
3122,서대문구,192884.4947282195,552705.2894999622,4,2,0.75,1,2,0,754.5169488352992,0,0,0,2,1627.2258064516132,10,2.3321544783098127
3124,서대문구,193126.86865005147,552762.6863089241,2,0,1.0,1,2,0,994.5650578827236,0,0,0,2,2080.0,8,0.6350496400793718
3125,서대문구,192940.02282308025,553028.5004835408,4,0,1.0,1,2,0,982.148653207474,0,0,0,1,2549.9032258064517,10,9.554626087844037
3126,서대문구,193148.81046059023,553224.4140980763,4,2,0.75,1,2,0,951.8287026892252,0,0,0,1,10859.612903225807,7,5.786773960497213
3127,서대문구,193288.3279682675,553341.0738112435,4,2,0.5,1,2,0,986.7229671193486,0,0,0,2,5722.8387096774195,3,9.733497554929944
3129,서대문구,191885.01216446675,553269.6496775142,4,2,0.0,0,2,0,285.8995698283314,0,0,0,0,380.19354838709677,7,17.76297264570899
3130,서대문구,191981.382508388,553636.601580168,1,2,0.0,0,1,0,382.34087188114734,0,0,0,1,4468.903225806452,6,2.3972345040353105
3131,서대문구,192612.68371277,553358.192011149,1,2,0.0,0,1,0,551.0326005275081,0,0,0,1,2750.7096774193546,6,14.39090867632062
3133,은평구,191638.60013763624,553473.7853981822,4,2,0.0,0,2,0,14.30858945512505,1,1,1,2,2528.8387096774195,7,1.5534581438478856
3134,은평구,191845.69219263,554860.760733611,1,2,0.0,0,1,0,724.3394553529326,0,0,0,2,1749.774193548387,1,25.0
3136,은평구,192075.90998249568,555656.428246659,3,2,0.3333333333333333,1,2,0,303.4363295117499,0,0,0,1,5541.4838709677415,4,0.9436568898800128
3137,은평구,193927.509164453,556296.048016675,1,2,0.0,0,2,0,386.0357720974084,0,0,0,1,652.0,4,10.379238123474089
3138,은평구,193553.66249466268,555670.9840476243,3,2,0.3333333333333333,1,2,0,863.0898655287878,0,0,0,3,5548.709677419354,6,6.933103559983968
3139,은평구,193187.27970238752,554099.804963429,2,2,0.5,1,2,0,498.3091087503096,0,0,0,2,1499.967741935484,9,20.55172457596909
3140,서대문구,193203.653331958,553932.490355353,1,2,0.0,0,1,0,579.9540077111105,0,0,0,2,4652.193548387097,5,8.605153174015166
3142,중랑구,207371.67261941635,555141.6873054203,3,1,1.0,1,2,0,199.84990163754023,0,0,1,3,9176.774193548386,5,3.370390415584759
3143,중랑구,207786.8153434904,555281.2984796688,5,2,0.6,1,2,0,154.16056888715403,0,0,1,2,892.3548387096773,3,1.2548256132557196
3144,중랑구,208402.3526302702,555465.5254164941,5,2,0.6,1,2,0,29.63259681308929,1,1,1,5,9105.290322580646,6,0.8603368238986951
3145,중랑구,208600.0950532916,555519.3890431721,5,2,0.8,1,2,0,43.33407334272597,1,1,1,5,12923.645161290324,7,0.6289832632806677
3146,중랑구,209366.2976447663,555678.4222001423,3,2,0.3333333333333333,1,2,0,266.45138915253864,0,0,0,0,3009.032258064516,4,4.777988465151696
3147,중랑구,209558.83658175063,555663.0689343076,6,2,0.8333333333333334,1,2,0,457.1730314128704,0,0,0,4,2683.5806451612907,4,7.051661604802474
3148,중랑구,209902.811044983,555634.541807117,1,2,0.0,0,1,0,800.8161739312534,0,0,0,0,0.0,2,18.709123949708538
3149,중랑구,206742.4482900135,557330.2125116442,4,0,1.0,1,2,0,49.79632053455896,1,1,1,5,3033.064516129032,13,0.7884010793905402
3150,중랑구,206780.65104108237,557176.962569194,3,2,0.3333333333333333,1,2,0,190.6100012833004,0,0,1,2,6000.709677419355,14,0.768065849847055
3151,중랑구,206890.102315915,556672.1464192475,2,2,0.5,1,2,0,51.10511016070492,0,1,1,2,3661.8709677419356,6,4.896858835702999
3152,중랑구,206903.41769575668,556525.0486875407,3,0,1.0,1,2,0,149.87478176662665,0,0,1,1,4936.903225806452,6,2.783249224262665
3153,중랑구,206938.44964549423,556333.183665832,4,2,0.25,1,2,0,336.2941076129288,0,0,0,2,2915.451612903226,6,3.2014347232854115
3154,중랑구,206963.433902886,556205.4188930911,5,2,0.8,1,2,0,464.90254360142063,0,0,0,1,2955.258064516129,6,2.5449693139619654
3155,중랑구,207050.85906817703,553916.3074308584,3,2,0.3333333333333333,1,2,0,187.8419127994252,0,0,1,2,3728.193548387097,5,1.2251893395858549
3156,중랑구,207037.10634361985,555781.67091962,6,2,0.6666666666666666,1,2,0,276.77492965457617,0,0,0,3,13167.58064516129,8,3.212358598405407
3157,중랑구,207053.52848799972,555557.2918447037,4,1,1.0,1,2,0,52.25816060682667,0,1,1,6,3802.3225806451605,6,2.648448556913383
3158,중랑구,207070.66954111503,552741.4573505613,3,2,0.6666666666666666,1,2,0,499.9814760629441,0,0,0,2,3376.5806451612907,2,1.7523144160144652
3159,중랑구,206782.8128717208,556334.7659943232,4,2,0.5,1,2,0,312.79888304447445,0,0,0,2,3388.4193548387098,7,0.3686591923198534
3160,중랑구,206757.5744477948,556498.5778272923,4,2,0.5,1,2,0,158.07181043568264,0,0,1,2,3595.1290322580644,8,0.5754916790681156
3161,중랑구,206867.374058261,555781.8015317158,4,0,1.0,1,2,0,339.0362235064622,0,0,0,5,10760.580645161292,8,0.5983175090701595
3162,중랑구,207160.3410691916,555786.8891495492,5,2,0.2,1,2,0,296.35054926060985,0,0,0,2,9526.161290322581,5,4.897960779159097
3163,중랑구,207375.1951055145,555806.7888665386,2,2,0.5,1,2,0,431.8899637604735,0,0,0,2,2249.3548387096776,2,2.905268279731565
3165,중랑구,207694.19481064036,555929.3695409544,3,0,1.0,1,2,0,726.9323578513214,0,0,0,3,3364.7741935483873,5,5.628877360591092
3166,중랑구,207503.04538494447,555854.550084628,2,2,0.5,1,2,0,559.6271740558133,0,0,0,2,1825.6129032258063,3,5.34978721005078
3168,중랑구,207967.1474287945,556070.536045659,4,2,0.5,1,2,0,479.2852293658058,0,0,0,2,2617.5806451612902,4,6.812020166794035
3169,중랑구,208071.308682715,556157.030432145,1,0,1.0,1,2,0,350.1147166793438,0,0,0,2,2617.5806451612902,4,3.210506751133112
3170,중랑구,208188.604948977,556254.6822587881,5,1,1.0,1,2,1,214.045467652728,0,0,0,1,6420.161290322581,8,4.969578826532365
3171,중랑구,208277.8735027228,556319.2161216593,5,2,0.6,1,1,1,130.06447757047795,0,0,1,2,10673.322580645163,8,7.935889205288653
3172,중랑구,208335.9345151,556351.428000369,1,2,0.0,0,1,0,90.54791718104194,0,1,1,2,10673.322580645163,8,8.333333333333332
3173,중랑구,208409.83199589624,556372.5650971003,4,0,1.0,1,2,0,62.28933240077154,0,1,1,3,11823.258064516129,12,6.6334623240508845
3174,중랑구,208550.74505055705,556443.3773785855,2,2,0.5,1,2,0,74.42316827947289,0,1,1,2,3432.451612903226,11,4.246450950475212
3176,중랑구,208718.498394571,556504.488482457,2,1,1.0,1,2,0,106.5137989132164,0,0,1,0,2331.129032258065,9,3.651946043836295
3177,중랑구,208845.76951424836,556527.2124393154,3,1,1.0,1,2,0,235.7584728774221,0,0,0,0,230.3225806451613,7,2.729581716179676
3179,중랑구,208923.398104465,556542.8354858255,5,1,1.0,1,2,0,314.9427035007878,0,0,0,1,58.225806451612904,7,5.748664699418728
3180,중랑구,206498.3521588457,554408.6245763833,3,1,1.0,0,2,0,203.11263672624804,0,0,0,4,1331.5806451612905,7,0.872100829600401
3181,중랑구,206715.4396341785,554496.5155572053,4,2,0.25,1,2,0,310.94307634045083,0,0,0,1,1773.4516129032259,5,0.0855868162741331
3182,중랑구,206877.0641802435,554556.5042417975,2,2,0.5,1,2,0,407.3083719958397,0,0,0,2,1745.5806451612902,5,0.162784052079384
3183,중랑구,207283.9457135785,554695.2499033775,2,2,0.5,1,2,0,467.73712284287785,0,0,0,0,2706.064516129032,3,2.960594732333751e-15
3184,중랑구,207420.5139679337,554738.4177375933,3,2,0.3333333333333333,1,2,0,352.3425819402493,0,0,0,2,779.6129032258063,5,4.383339767166827
3185,송파구,210348.5466479626,544768.4204979972,5,2,0.6,1,2,0,792.2334139981201,0,0,0,2,385.741935483871,5,8.873737841414323
3186,중랑구,207984.142788485,554898.311432046,3,2,0.3333333333333333,1,2,0,289.7218711663761,0,0,0,2,1700.0,3,2.9444190217514965
3187,송파구,211650.4943531977,546450.3968996768,3,1,1.0,1,2,0,1023.7475660563184,0,0,0,0,5431.612903225807,1,4.653879236374389
3188,송파구,211553.9499591257,546272.7909259417,3,1,1.0,1,2,0,821.6933683154574,0,0,0,4,5431.612903225807,1,0.4100996382509217
3189,중랑구,208232.35893229023,554958.5598737991,4,0,1.0,1,2,0,386.98764148204776,0,0,0,2,1577.3225806451615,5,3.151687258308099
3190,중랑구,208415.30147697832,555007.5282454257,3,2,0.3333333333333333,1,2,0,377.1106892032715,0,0,0,2,1446.483870967742,3,1.808206462054596
3191,중랑구,208611.42770009348,555066.9682811706,2,2,0.5,1,2,0,182.9527637845304,0,0,1,2,3937.258064516129,5,5.789572620514191
3192,중랑구,206763.2712902607,554046.1756779057,3,2,0.3333333333333333,1,2,0,213.70238057827703,0,0,0,2,1820.774193548387,3,0.6971410443842293
3193,중랑구,206918.07094320972,554090.2350350705,4,2,0.5,1,2,0,54.99966549797654,0,1,1,2,4578.322580645161,5,0.1666586270611218
3194,중랑구,207235.89994621868,554175.4182969023,3,2,0.3333333333333333,1,2,0,277.30091707171755,0,0,0,2,3674.5806451612902,4,1.4999870304638534
3195,중랑구,207431.0230003645,554234.5479672515,6,2,0.6666666666666666,1,2,0,225.63297077632475,0,0,0,2,1765.4193548387098,3,3.2275694253906613
3196,마포구,191188.802257644,552222.109796586,1,0,1.0,1,1,0,1054.048877383278,0,0,0,3,650.1935483870968,2,4.802063045785792
3197,중랑구,207611.89736165636,554281.9975289013,3,2,0.3333333333333333,1,2,0,38.83360265677696,1,1,1,3,9304.741935483871,7,3.123395111191195
3198,중랑구,207735.702251408,554317.5053200849,5,1,1.0,1,2,1,17.474560304954615,1,1,1,6,14249.322580645163,7,2.5004477068452444
3199,중랑구,207939.1075708985,554379.8616765884,2,2,0.5,1,2,0,199.1103953454246,0,0,1,0,8088.129032258064,6,2.5238036312774117
3200,중랑구,208086.17241439677,554413.518602573,4,2,0.25,1,2,0,349.300954848006,0,0,0,2,2480.1290322580644,6,3.502367279058844
3201,중랑구,208273.0366420408,554469.2712104805,4,0,1.0,1,2,0,332.7007444206883,0,0,0,2,3725.548387096774,10,3.1710452535325824
3202,중랑구,208395.48226846868,554503.5217786799,3,2,0.3333333333333333,0,2,0,211.148832431754,0,0,0,0,4591.741935483871,9,3.997077781630783
3203,중랑구,207185.36532242,553530.762743286,1,0,1.0,1,2,0,445.20905375698993,0,0,0,2,2540.677419354839,10,0.8282927181494031
3204,중랑구,207380.6294766477,553508.6817328767,7,2,0.5714285714285714,1,2,0,290.6234655442394,0,0,0,3,5058.451612903225,8,1.554295653348111
3205,중랑구,207828.9442707723,553451.5055760256,7,2,0.5714285714285714,1,2,0,149.14891721528593,0,0,1,5,14615.870967741936,5,1.9875418087042775
3207,중랑구,208221.1153806656,553447.4042512455,5,2,0.8,1,2,0,385.7472160058857,0,0,0,3,3045.258064516129,4,8.333333333333332
3208,중랑구,207595.223730995,555007.7882654858,5,1,1.0,1,2,1,36.65212794806638,1,1,1,2,6397.838709677419,7,0.7294978049883838
3209,중랑구,207659.450828561,554689.250968297,3,2,0.6666666666666666,1,2,0,360.9638408981479,0,0,0,2,3081.0967741935483,7,7.216999231010781
3210,중랑구,207719.541466171,554394.911567652,1,0,1.0,1,2,0,89.55835515984302,0,1,1,3,13029.612903225807,8,1.318455872642345
3211,중랑구,207809.334337687,553903.7565895331,4,2,0.5,1,2,0,303.9720779535672,0,0,0,2,2319.258064516129,5,2.310297560182075
3212,중랑구,207585.42179803437,553167.6416104097,3,2,0.3333333333333333,1,2,0,95.07138840310934,0,1,1,2,1849.9354838709678,4,4.546389524201023
3213,중랑구,207537.305391072,552831.1111897004,5,1,1.0,1,2,1,168.0309237887872,0,0,1,1,2276.483870967742,7,7.881838895547902
3214,중랑구,207436.2530978115,552613.2516321313,4,2,0.25,0,2,0,387.539012782124,0,0,0,2,1558.2580645161288,10,3.5485520237436083
3215,중랑구,207203.1625794125,552447.6062077795,2,2,0.5,0,2,0,623.620667737544,0,0,0,2,3298.2258064516136,7,1.878797315339919
3216,중랑구,207359.36221162765,552428.2995931809,6,2,0.8333333333333334,0,2,1,584.4997884128362,0,0,0,3,2595.677419354839,8,5.394813567548529
3217,광진구,207612.4360577853,552367.7256373583,3,2,0.6666666666666666,1,2,0,637.2846514977748,0,0,0,2,1374.4516129032259,10,12.857175367776996
3218,중랑구,207609.18915095765,552474.664645297,3,2,0.6666666666666666,1,2,0,531.6386232859089,0,0,0,2,3112.774193548387,10,9.43502659439177
3219,중랑구,207680.1288112295,552701.4872782305,2,2,0.5,1,2,0,343.85822257046664,0,0,0,2,1738.3225806451615,7,15.698400592257116
3220,중랑구,207810.0157979313,552883.5141262751,3,2,0.6666666666666666,1,2,0,328.1917471716227,0,0,0,2,1089.8709677419354,4,8.707233886895125
3222,중랑구,207955.39153459435,553093.888384794,3,2,0.3333333333333333,0,2,0,337.0820823228024,0,0,0,2,814.3225806451612,2,17.355905939113693
3223,중랑구,208171.56742525,553359.6440936665,2,2,0.5,1,2,0,387.8211511431752,0,0,0,3,2312.1612903225805,3,10.918999661844769
3224,중랑구,208246.7732916325,553604.036328248,2,2,0.5,1,2,0,380.4226742000622,0,0,0,2,2096.6774193548385,4,6.246042483926051
3225,중랑구,208269.410691962,553708.8051574731,2,2,0.5,0,2,0,417.029497456916,0,0,0,1,2359.0967741935483,3,5.374923636362847
3226,중랑구,208377.53168976837,554075.3778874056,3,2,0.6666666666666666,1,2,0,465.9356260417625,0,0,0,3,4427.8387096774195,4,5.556584583571589
3227,중랑구,208483.602996591,554275.8675394551,3,2,0.3333333333333333,1,2,0,239.24991171948568,0,0,0,2,5328.032258064516,7,5.340559402173184
3228,중랑구,208548.324968781,554426.9273376843,3,0,1.0,1,2,0,79.20302014901337,0,1,1,4,4030.4838709677415,8,4.6586829442267685
3229,중랑구,208721.72675580723,554837.0076074728,4,2,0.25,1,2,0,209.32825954058063,0,0,0,0,3992.290322580645,6,1.1489136759549368
3230,중랑구,208857.69629964567,555323.1808310951,3,2,0.3333333333333333,1,2,0,200.65128257386,0,0,0,2,909.0322580645161,5,2.4184191517811726
3231,중랑구,208871.5305579373,555674.3066629466,3,0,1.0,1,2,0,86.8639558040674,0,1,1,4,4213.483870967742,6,2.7925621523054405
3232,중랑구,208910.567058877,556251.009222132,1,0,1.0,1,2,0,375.5584605645123,0,0,0,2,2193.8709677419356,6,3.8535665722441457
3233,중랑구,208945.6461785293,557040.7823908223,3,0,1.0,1,2,0,110.70381591466226,0,0,1,2,2751.645161290323,7,0.5390785669189491
3234,중랑구,208953.94923187632,557150.8711897354,3,0,1.0,1,2,0,71.96084893967176,0,1,1,3,2508.3870967741937,6,0.0808246780442267
3236,중랑구,208576.38720921025,555598.2022961063,4,2,0.75,1,2,0,87.34783638780226,0,1,1,4,12923.645161290324,7,2.8409281032878595
3237,중랑구,208450.9421669384,556015.0563145516,5,2,0.4,1,2,0,261.796626888636,0,0,0,2,3696.161290322581,4,3.4086532156600198
3240,중랑구,208454.3780225045,556645.532397822,2,2,0.5,1,2,0,228.8437717802175,0,0,0,2,5343.903225806452,8,4.925749272814197
3241,중랑구,208489.4753847666,556751.8421193274,5,2,0.6,1,2,0,297.4114502546769,0,0,0,3,4070.483870967742,5,3.2269198147011715
3242,중랑구,208518.0459908978,557032.6771133395,5,2,0.6,1,2,0,379.68896260647097,0,0,0,2,3945.6451612903224,5,7.335500652600261
3243,중랑구,208477.37583291015,557210.6234102405,6,2,0.6666666666666666,1,2,0,414.2444028892887,0,0,0,2,2430.612903225807,5,2.3889817895752152
3244,중랑구,208392.5768360585,557360.1710287615,2,2,0.5,0,2,0,541.6684943638809,0,0,0,0,3494.5806451612902,6,3.4149288636789046
3245,중랑구,208002.17783985,557557.8191396066,2,0,1.0,1,2,0,979.0941549563383,0,0,0,0,1463.6774193548385,6,1.254309361305997
3246,중랑구,207758.322215156,557694.1513364975,2,0,1.0,1,2,0,844.750697990415,0,0,0,2,1738.3870967741937,4,8.878509007601258
3247,중랑구,207682.387477717,557587.4610935843,4,1,1.0,0,2,1,778.1475722358551,0,0,0,2,1366.0967741935483,5,8.333333333333332
3248,중랑구,207621.969090965,557470.403742642,1,1,1.0,0,2,0,747.186042837972,0,0,0,2,2508.387096774193,9,4.251197312552849
3249,중랑구,207584.00241604864,557395.9148137664,3,1,1.0,0,2,0,739.5588717916662,0,0,0,3,2230.6774193548385,7,9.948471346517564
3250,중랑구,207518.255006093,557320.220740955,1,1,1.0,0,2,0,718.4425454299851,0,0,0,2,2230.6774193548385,4,9.603429418977887
3252,중랑구,207372.03330245733,557630.324373548,3,2,0.0,0,1,0,464.9398522969884,0,0,0,2,1861.3870967741937,3,1.4766992155223058
3253,중랑구,207961.69432582895,557495.8086384007,5,2,0.8,1,2,1,991.378899970123,0,0,0,2,1463.6774193548385,8,8.333333333333332
3254,중랑구,207880.10933130237,557351.3017686486,3,2,0.3333333333333333,1,2,0,1027.6303470078226,0,0,0,0,1883.9354838709678,8,0.1306009423019342
3255,중랑구,207838.86616464696,557269.2972938318,4,2,0.75,1,2,0,1024.078271072398,0,0,0,0,1196.8064516129032,7,5.892058787642267
3256,중랑구,208126.67961635249,557399.6518941654,2,2,0.5,0,2,0,803.1730720132824,0,0,0,3,6917.064516129032,8,5.446194617197151
3257,중랑구,208206.824263446,557358.2460634828,5,1,1.0,1,2,1,713.9344847358833,0,0,0,2,6584.387096774193,9,7.644904785277771
3258,중랑구,208396.4444234,557254.460701733,1,0,1.0,1,2,0,502.7362285633688,0,0,0,2,1479.0,8,2.261476970365385
3259,중랑구,208116.9199617165,557183.8204597095,2,1,1.0,1,2,0,769.0325341497031,0,0,0,2,100.35483870967742,8,8.333333333333332
3260,중랑구,208065.612099015,557102.795221897,1,0,1.0,1,2,0,803.4847525906895,0,0,0,3,100.35483870967742,3,17.767574872813547
3261,중랑구,207019.96537368096,557448.6286830168,4,1,1.0,1,2,0,257.6213456904178,0,0,0,1,3083.032258064516,8,1.265902157078725
3262,중랑구,206975.77473705265,557578.5529382493,3,2,0.3333333333333333,1,2,0,143.90158382905324,0,0,1,3,2555.0967741935483,6,3.217463978928947
3263,중랑구,207199.158778481,553243.240891424,2,1,1.0,0,2,0,316.3050721744617,0,0,0,2,849.0,4,5.492615997337793
3264,중랑구,207286.3786083795,553339.4083335465,2,1,1.0,0,2,0,252.9153578580218,0,0,0,1,2075.2580645161293,6,2.872682084511802
3265,중랑구,207416.499647606,553733.1309248683,4,2,0.75,1,2,0,436.0417742727338,0,0,0,0,296.0967741935484,6,2.0786924743683364
3266,중랑구,207375.8982169365,553892.3392424135,4,2,0.75,1,2,0,447.5769706261915,0,0,0,2,216.4516129032258,5,1.5984934863656086
3267,중랑구,207535.8353581295,554565.604778805,2,2,0.5,1,2,0,292.1331126603438,0,0,0,2,2071.6451612903224,8,2.92782966116872
3269,중랑구,208204.9599354725,555307.980520937,2,0,1.0,1,1,0,173.40315867086213,0,0,1,1,6760.064516129032,6,1.56359161625101
3270,중랑구,208221.876455179,555164.263043597,2,2,0.5,1,2,0,240.8434983825623,0,0,0,2,2400.7741935483873,7,7.991659377301534
3271,중랑구,208250.4985489233,554722.384416271,3,2,0.3333333333333333,1,2,0,428.88435760359016,0,0,0,2,1974.258064516129,4,1.6254763690545695
3272,중랑구,208265.3022087457,554537.674174804,3,2,0.3333333333333333,1,2,0,344.77033535892343,0,0,0,2,3725.548387096774,8,3.180320645700405
3273,중랑구,208325.8929896305,554278.4820501955,2,2,0.5,0,2,0,345.6780485851247,0,0,0,4,4082.7096774193546,9,3.496583935249736
3274,중랑구,206371.215783515,555175.661655744,1,0,1.0,1,2,0,386.8962045205468,0,0,0,2,878.5806451612902,4,2.342795423873471
3275,중랑구,206386.472167794,555076.574112922,1,0,1.0,1,2,0,312.7434623770325,0,0,0,2,1036.0,4,2.534335577570251
3276,송파구,211058.11985602125,543727.4771713113,4,2,0.5,1,2,0,509.71583856249725,0,0,0,2,1623.4193548387098,6,3.039188975259227
3277,중랑구,206471.38083255567,554533.7872508384,3,2,0.3333333333333333,1,2,0,80.3944198386461,0,1,1,0,2686.935483870968,5,0.5865453190406485
3278,중랑구,206516.84771691152,554265.3158731491,2,2,0.5,1,2,0,344.7071379095946,0,0,0,3,2126.548387096774,6,1.9028699346714184
3279,중랑구,206550.8432930755,554174.867023926,2,2,0.5,1,2,0,431.14309846083415,0,0,0,2,1455.0645161290322,7,2.9401697991337272
3280,중랑구,207730.543592135,555657.830912624,1,0,1.0,1,2,0,473.7094053100556,0,0,0,2,1771.0,3,3.7636796738398752
3281,중랑구,207711.4627936993,555811.308894678,3,2,0.3333333333333333,1,2,0,613.9471054502105,0,0,0,2,3977.032258064516,5,3.3396667271418203
3282,중랑구,208558.6496956233,555887.745066367,3,2,0.3333333333333333,1,2,0,348.2791927078708,0,0,0,3,2088.9032258064517,4,0.2310953333234581
3283,중랑구,208636.450774768,556168.5272610455,2,2,0.5,1,2,0,256.42321747246365,0,0,0,2,155.1290322580645,8,1.2197667926577676
3284,중랑구,209481.647259595,555995.621085369,2,2,0.5,0,1,0,517.2896744488658,0,0,0,2,1944.032258064516,6,2.2947342725299675
3285,중랑구,208361.861840601,556771.709998425,1,2,0.0,0,1,0,380.8500865842993,0,0,0,1,4070.483870967742,4,21.538820276847822
3286,중랑구,209169.486427758,555654.7287744264,6,2,0.6666666666666666,1,2,0,68.25035139178819,0,1,1,4,3346.9032258064512,3,2.4700515145646187
3287,중랑구,206727.6864419534,556688.2713190468,5,2,0.8,1,2,1,96.8687561462628,0,1,1,2,4038.0,8,0.2863213694642633
3288,중랑구,206660.8856060154,557130.8991555282,5,1,1.0,0,2,1,262.88023444525567,0,0,0,4,3353.0645161290317,11,0.2598624563815417
3289,중랑구,206692.943638609,556924.3233287486,5,2,0.6,1,2,1,295.49603312472925,0,0,0,2,3712.7096774193546,8,0.2950218589602352
3290,중랑구,206791.123551918,556250.4641230905,2,2,0.0,0,2,0,396.1686948149833,0,0,0,2,3200.354838709677,9,0.7448750123939529
3292,중랑구,206903.5819480864,555536.3809255018,5,1,1.0,0,2,1,154.55495030791948,0,0,1,2,3894.5161290322576,6,0.3864760661020454
3293,중랑구,206690.474512207,555247.208010492,1,0,1.0,1,2,0,311.4494909807894,0,0,0,1,149.0,3,4.234737616807674
3294,중랑구,206688.547376971,557436.381725174,1,2,0.0,0,2,0,110.89070884112908,0,0,1,0,4119.58064516129,10,1.9017839776491388
3295,중랑구,206471.8049437097,557248.9494741274,3,2,0.3333333333333333,1,2,0,325.96884846331204,0,0,0,1,577.6451612903226,6,2.7397494598032366
3296,중랑구,206464.208722528,556462.025817252,1,0,1.0,1,2,0,395.9026383929013,0,0,0,0,0.0,6,0.640113507247116
3297,중랑구,206522.883156608,556143.705461863,1,0,1.0,1,2,0,580.8994022470757,0,0,0,0,0.0,5,0.3165681204943205
3299,중랑구,206446.728903701,555525.479785709,1,0,1.0,1,2,0,603.0793036757185,0,0,0,0,782.4516129032259,6,0.0112363622100097
3300,중랑구,206560.38367548437,555777.0925595959,3,1,1.0,1,2,0,570.1823569508329,0,0,0,0,640.5806451612904,5,3.5532472822738197
3301,중랑구,206394.287504876,555451.473525837,1,0,1.0,1,2,0,601.9418933429904,0,0,0,1,398.03225806451616,6,1.7510446147438683
3303,중랑구,206446.2941440524,554673.8262960612,5,2,0.6,1,2,0,55.984991880884586,0,1,1,2,1651.0645161290322,6,2.147142328085684
3305,중랑구,207805.29390008733,553843.9355155136,3,2,0.3333333333333333,1,2,0,244.7633298638989,0,0,0,2,3398.774193548387,6,3.7356627563983063
3306,중랑구,207826.2402921515,553580.8163052045,2,2,0.5,1,2,0,20.606841738287823,1,1,1,2,13771.83870967742,6,1.6785566298937304
3307,중랑구,207724.0904466235,553333.3939518803,4,2,0.5,0,2,0,15.24223046569442,1,1,1,2,11877.225806451614,6,4.537524976471439
3308,중랑구,207408.788733681,552550.4230744791,3,2,0.0,0,2,0,454.391829353759,0,0,0,2,2674.6129032258063,8,6.074809807358381
3310,중랑구,207527.5330870613,553495.5692613313,3,2,0.3333333333333333,1,2,0,225.06740981847912,0,0,0,2,6188.548387096775,8,1.483795452033624
3311,중랑구,207648.69009839732,553481.4663795569,3,2,0.3333333333333333,0,2,0,167.5463209998849,0,0,1,3,12463.806451612905,8,2.2774492390260788
3312,중랑구,207333.6765763665,553301.592142958,2,2,0.0,0,2,0,194.53332866378,0,0,1,1,849.0,8,2.8726820845118084
3313,중랑구,207101.1450383425,553151.256890318,2,2,0.0,0,2,0,421.8702289914524,0,0,0,2,689.1290322580645,3,0.924917956801264
3314,광진구,207487.157764138,552400.661429964,1,2,0.0,0,1,0,594.7792976054814,0,0,0,1,2490.806451612903,10,6.310574703523404
3315,중랑구,206852.795238323,557376.204739552,2,2,0.0,0,2,0,77.83211083572365,0,1,1,4,4822.032258064515,14,0.2879569699393869
3317,중랑구,206744.086523843,555780.145067582,1,0,1.0,1,2,0,421.8515353145642,0,0,0,2,2690.225806451613,8,0.535932491919325
3319,중랑구,208672.226383534,556279.637011704,1,0,1.0,1,2,0,210.404648762532,0,0,0,1,1336.3225806451615,10,1.0295024966233215
3321,중랑구,209356.534560689,556315.182089835,3,2,0.6666666666666666,1,2,0,717.6196660527335,0,0,0,3,1952.0967741935485,7,8.587199409220835
3323,중랑구,208701.163226336,555621.444000899,1,2,0.0,0,2,0,86.23536044520367,0,1,1,3,9587.09677419355,6,0.4134964163124147
3324,중랑구,208869.8292929155,557166.0654067153,4,2,0.5,1,2,0,36.16066219319979,1,1,1,1,2205.354838709677,5,3.52363602875356
3325,중랑구,209201.79530774947,557075.45175242,2,2,0.5,0,2,0,322.68674753029524,0,0,0,3,3211.516129032258,7,5.216594000779503
3326,중랑구,207702.340196096,557340.477540792,1,0,1.0,1,2,0,870.2381298210566,0,0,0,2,2141.0,7,8.88047052913592
3327,중랑구,208317.238950943,556834.073673906,1,2,0.0,0,1,0,453.612084655487,0,0,0,0,1425.9032258064517,5,5.6594468983953545
3329,중랑구,208124.5822467913,556334.2313012063,3,2,0.0,0,2,0,283.71287545626694,0,0,0,0,5540.967741935485,5,8.181978555115421
3330,중랑구,206977.173796994,557347.9464669804,3,2,0.0,0,2,0,202.66818388511084,0,0,0,4,3560.7096774193546,11,2.3240224852659352
3332,중랑구,207721.786205269,554898.087493122,1,2,0.0,0,1,0,193.53943713014172,0,0,1,2,7515.516129032258,6,0.8595341511119514
3333,중랑구,206765.11646935577,554363.1612273983,4,2,0.0,0,1,0,345.4546567977018,0,0,0,1,865.9677419354839,6,0.1200216156165101
3334,중랑구,208931.845511171,555000.385992145,3,2,0.0,0,1,0,97.76357972782397,0,1,1,0,3286.1290322580644,4,2.179545115391305
3336,중랑구,207606.370772795,552605.127909237,1,2,0.0,0,1,0,404.0065599414169,0,0,0,2,3326.0967741935483,8,17.25146870670419
3339,중랑구,206651.822499783,554015.3495924567,3,2,0.6666666666666666,0,2,0,329.1165494749278,0,0,0,2,853.0322580645161,4,2.53535598682087
3342,동대문구,203093.35353282,552722.9674390197,3,0,1.0,1,2,0,276.38178771622063,0,0,0,0,687.1935483870968,7,6.26756204320377
3343,동대문구,203181.904851107,552723.267968654,1,0,1.0,1,2,0,192.8424548431556,0,0,1,0,687.1935483870968,8,0.6518026581852402
3344,동대문구,203549.47093596729,552667.9264107835,4,2,0.5,1,2,0,191.35021655119232,0,0,1,3,3900.7096774193546,6,0.1694870097729565
3346,동대문구,205390.53524198572,551381.2541426863,4,2,0.75,1,2,0,399.6249362247554,0,0,0,3,6851.032258064516,2,0.2135134315843541
3347,성동구,205890.254782006,551291.1759536893,4,2,0.75,1,2,0,121.3564733040686,0,0,1,4,15252.16129032258,1,0.5078275901792187
3348,동대문구,203563.305359079,553230.580565012,3,2,0.6666666666666666,1,2,0,96.84841150308218,0,1,1,2,17702.483870967742,6,0.8455855870484096
3349,동대문구,204248.59640954772,553667.350014102,4,2,0.5,1,2,0,303.6169048321618,0,0,0,3,5192.870967741936,4,1.272055842889331
3350,동대문구,204398.706378284,553813.335731956,2,2,0.5,1,2,0,270.0694130674888,0,0,0,1,9901.0,6,4.567390036840464
3351,동대문구,205732.81671942963,554594.2894533033,3,2,0.3333333333333333,1,2,0,208.00367442655795,0,0,0,1,4124.064516129032,6,1.2566952242392897
3352,동대문구,203497.89272741636,554641.3409407283,3,2,0.6666666666666666,1,2,0,554.7563694459477,0,0,0,1,1180.6774193548388,6,0.7661173078888753
3353,동대문구,203688.503160807,554645.2449110555,2,2,0.5,1,2,0,536.9654348287082,0,0,0,1,1629.4516129032259,6,1.6987861777383448
3354,동대문구,204091.42014925877,554674.6584948667,4,2,0.25,1,2,0,669.5586562235411,0,0,0,2,994.5806451612902,1,6.616847924460742
3355,동대문구,204398.81941000733,554660.0362656694,3,2,0.3333333333333333,1,2,0,582.1167258240316,0,0,0,2,2549.4193548387098,3,5.864805687854773
3356,동대문구,204803.3187346265,554560.6500756992,4,2,0.25,1,2,0,170.59610517743744,0,0,1,0,10180.548387096773,5,0.7826686734253306
3357,동대문구,205019.197470376,554651.8517540661,2,2,0.5,1,2,0,187.1266587140892,0,0,1,2,14514.806451612902,5,1.814123668721012
3358,동대문구,205101.96601023767,554798.897850166,3,2,0.3333333333333333,1,2,0,354.8572537899256,0,0,0,3,5407.129032258064,4,4.057802082306162
3359,동대문구,205222.06228073835,555024.5917724686,3,2,0.3333333333333333,1,2,0,598.8470948124618,0,0,0,1,7202.096774193548,6,3.119014059537489
3360,동대문구,205402.44512723896,555167.0326583843,3,2,0.3333333333333333,1,2,0,676.0489419635279,0,0,0,2,8289.516129032258,5,1.8217075962188407
3361,동대문구,205379.520798822,555337.9872443505,2,0,1.0,1,2,0,848.4843869714299,0,0,0,1,2928.935483870968,7,3.256739549188439
3362,동대문구,205483.615101788,555705.2824938665,2,2,0.5,1,2,0,1134.6473573469675,0,0,0,1,3125.967741935484,6,1.798785397594737
3363,동대문구,205479.471126394,556094.907769638,1,1,1.0,0,2,0,1202.3093250552731,0,0,0,1,3979.9032258064517,6,1.3018213414927675
3364,동대문구,205628.042262412,555943.8991459868,6,2,0.1666666666666666,1,2,0,1316.945797302175,0,0,0,0,2007.8387096774195,6,1.321707473107144
3365,동대문구,205930.56293079152,556185.4204609345,2,2,0.5,1,2,0,996.9724781356534,0,0,0,0,1167.3548387096776,6,2.4620667104023486
3366,동대문구,205981.557345506,555465.953838608,1,0,1.0,1,2,0,805.7117777074919,0,0,0,2,1503.8709677419354,3,0.485282265595212
3367,동대문구,206002.921783276,555304.4671180319,3,2,0.6666666666666666,1,2,0,646.722001431891,0,0,0,0,1503.8709677419354,3,0.400450132996107
3368,동대문구,206102.268918664,555506.162484489,2,2,0.5,0,2,0,811.6349702152442,0,0,0,2,1503.8709677419354,4,1.1389902649760142
3369,동대문구,206182.30992839937,555623.4444802484,3,2,0.6666666666666666,0,2,0,855.7352240845352,0,0,0,0,2518.2580645161293,6,4.022757310499969
3370,동대문구,206275.7444799942,555764.5725991691,5,2,0.6,1,2,0,822.5674166578057,0,0,0,2,1362.741935483871,5,7.339836363631716
3371,동대문구,206016.53313839552,555084.008979707,2,2,0.5,1,2,0,430.96073401736254,0,0,0,2,1415.3225806451612,3,10.313999114406638
3372,동대문구,206076.59008303736,554465.7609626771,3,2,0.3333333333333333,1,2,0,245.17457427811388,0,0,0,0,1635.516129032258,5,4.217704845036563
3373,동대문구,206065.148781509,554352.3731892096,3,2,0.6666666666666666,1,2,0,337.96143042872467,0,0,0,1,2069.5806451612902,4,11.93742744208583
3374,동대문구,206359.2915512186,553933.8300154423,5,2,0.6,1,2,0,632.5839273623188,0,0,0,1,709.8387096774193,3,1.0950909774826911
3375,동대문구,206176.8530064885,553883.2990917484,2,2,0.5,0,2,0,753.7565674171591,0,0,0,2,1516.0,6,1.5982730983851656
3377,동대문구,206752.24991472295,553021.9038603705,2,1,1.0,0,2,0,525.9696567938666,0,0,0,1,163.4516129032258,2,8.492538457258453
3378,동대문구,206769.573142311,552832.6533624316,2,2,0.5,1,1,0,361.1597785717421,0,0,0,1,232.96774193548387,3,5.642778689430994
3379,동대문구,206787.521915017,552571.888420244,1,2,0.0,0,1,0,211.7358815037273,0,0,0,1,111.48387096774194,6,3.336128434020977
3382,동작구,193983.8710056225,545786.387233744,2,1,1.0,0,2,0,643.1809725795563,0,0,0,4,7651.258064516129,2,0.9007540931536914
3383,서대문구,195049.09198992324,554748.6417016502,4,2,0.5,1,2,0,64.75079837774064,0,1,1,3,4509.612903225806,6,8.579194179681965
3384,구로구,190015.645429315,542599.280626994,2,2,0.5,1,2,0,107.309273515598,0,0,1,2,7574.161290322581,5,0.7369573929886849
3385,금천구,191751.64805827616,541229.4508664777,6,2,0.6666666666666666,1,1,1,465.4138973839935,0,0,0,2,638.0,0,6.772323012989504
3386,강남구,204030.45623842,545381.46564281,2,2,0.5,0,2,0,427.6323306437205,0,0,0,0,2081.483870967742,1,8.033984159897086
3387,강남구,205805.27216277,545856.372535804,1,0,1.0,1,2,0,1237.6850693452775,0,0,0,1,138.0,3,1.0239540119209127
3388,강동구,215474.049527683,551714.9506200808,4,0,1.0,1,2,0,3205.4396131545477,0,0,0,2,4945.354838709677,6,2.5933098574478564
3389,강동구,211456.3608322845,549973.667444248,4,1,1.0,0,2,0,150.60463304431545,0,0,1,2,3173.612903225807,6,1.5628971398314149
3390,동대문구,206628.740526939,552075.5211645305,2,2,0.5,1,2,0,451.5369170931315,0,0,0,0,576.8387096774194,4,2.9691334830409906
3391,동대문구,206426.954593161,551629.3679532115,2,1,1.0,0,2,0,511.80124795963,0,0,0,1,445.7096774193548,3,10.618371536130027
3392,동대문구,206267.817950416,551309.739249916,1,1,1.0,0,2,0,457.9026433485696,0,0,0,0,0.0,0,2.065679704225154
3393,동대문구,205189.98227512036,551579.938524183,3,2,0.3333333333333333,1,2,0,422.2957415673237,0,0,0,1,1825.8387096774193,6,1.272985238730649
3394,동대문구,204911.294246228,551839.5273548588,5,1,1.0,1,2,1,61.9632545888535,0,1,1,3,10095.09677419355,8,2.022230371552804
3395,동대문구,204746.467702518,551993.176511482,3,2,0.3333333333333333,0,2,0,183.73879134376747,0,0,1,2,5013.548387096775,10,4.1631712218781365
3396,동대문구,204580.89442006568,552149.9347664977,3,2,0.3333333333333333,1,2,0,214.14107437235845,0,0,0,1,3578.5806451612907,6,2.820915218237318
3397,동대문구,204658.685511922,552077.88191779,1,1,1.0,0,2,0,303.5648552458678,0,0,0,0,4093.0322580645166,5,5.735945398498424
3398,동대문구,204496.999906844,552271.303950849,1,1,1.0,0,2,0,78.52276128244993,0,1,1,1,470.3548387096774,5,2.70291699873716
3399,동대문구,204394.91195772224,552379.5723603796,5,2,0.8,0,2,0,90.60460814770356,0,1,1,1,2461.806451612903,5,0.5084810421057876
3400,동대문구,204151.094911003,552606.676786837,1,1,1.0,0,2,0,414.182842846857,0,0,0,1,660.483870967742,5,0.1619108064408851
3401,동대문구,204043.291792127,552700.1526046894,5,2,0.8,1,2,0,555.7534638427234,0,0,0,2,660.483870967742,8,0.1230602466554812
3402,동대문구,203980.2082512225,552875.112340874,2,0,1.0,1,2,0,467.1867667314374,0,0,0,1,1338.483870967742,8,1.1128669843915489
3403,동대문구,204056.474150013,553024.7436823342,4,2,0.5,1,2,0,390.30043378100623,0,0,0,2,1232.1290322580646,8,1.7523096453367724
3404,동대문구,204131.99215113727,552832.778214916,3,2,0.3333333333333333,0,2,0,584.0122076519659,0,0,0,0,2715.9677419354844,8,0.8187685518238593
3405,서초구,201446.492247539,547056.587944268,1,1,1.0,0,1,0,769.2656204495348,0,0,0,0,1418.9354838709678,9,10.733807370912334
3406,동대문구,204307.336970711,553105.148732284,1,1,1.0,0,2,0,437.97019396990936,0,0,0,0,569.0645161290322,4,5.657306772374457
3407,동대문구,204407.9351138413,553261.0265027748,4,2,0.5,1,2,0,418.5140736774112,0,0,0,2,492.80645161290323,4,5.463124736382217
3408,동대문구,204550.15658188367,553482.5695006876,3,2,0.6666666666666666,1,2,0,499.89105518314256,0,0,0,2,422.258064516129,4,4.77227888223922
3409,종로구,199706.4699377595,553275.8351144315,2,0,1.0,1,2,0,471.6990940916204,0,0,0,3,8501.516129032258,2,5.84207534067744
3410,동대문구,204627.953566907,553613.5315230819,2,2,0.5,1,2,0,365.3830481517256,0,0,0,2,4602.935483870968,5,3.813204757811904
3411,동대문구,204342.7930828155,552847.0869792915,4,2,0.75,1,2,0,559.6881379251975,0,0,0,1,2269.774193548387,4,3.4448948261708225
3412,종로구,199968.19346073695,554317.9641844158,5,2,0.6,1,1,1,519.737419220094,0,0,0,0,2330.967741935484,8,5.800929234364484
3413,동대문구,204467.803034398,552757.578605181,1,1,1.0,0,2,0,466.91385098614194,0,0,0,2,1625.483870967742,4,9.493852503112125
3414,동대문구,204550.1582064295,552547.247457503,2,1,1.0,1,2,0,284.9683251306808,0,0,0,2,3011.967741935484,8,7.095653146608753
3416,동대문구,204934.41035129427,552593.6200361155,4,0,1.0,1,2,0,594.5139661131309,0,0,0,3,4708.709677419354,7,0.7399810685243521
3417,동대문구,205258.362197931,552581.667124634,1,0,1.0,1,1,0,607.6741770375519,0,0,0,2,4411.709677419354,7,8.943636954645596
3418,동대문구,205168.792194987,552595.095272324,1,1,1.0,0,2,0,582.8867949258635,0,0,0,2,5679.612903225807,7,4.873175457056629
3419,동대문구,205361.3454886355,552596.7928662244,2,2,0.5,0,2,0,622.1448478060427,0,0,0,2,2798.709677419355,7,12.780433575124448
3420,동대문구,205604.596556425,552581.2172974229,2,2,0.5,1,2,0,678.4536398708332,0,0,0,1,2341.0967741935483,5,26.34842516245638
3421,동대문구,206059.429921318,552563.1606569373,3,2,0.3333333333333333,0,2,0,232.1774046577898,0,0,0,2,5753.870967741936,7,0.9475494771481626
3422,동대문구,206162.50407231305,552547.1881202986,2,2,0.5,0,2,0,132.6437439937436,0,0,1,2,9600.580645161292,6,0.4844630338871702
3423,동대문구,206584.7085754295,552507.424053733,2,1,1.0,0,2,0,17.48530208399677,1,1,1,3,4814.1935483870975,8,1.2835615355221672
3424,동대문구,206227.9430630214,551716.7998725867,5,1,1.0,0,2,1,295.41457232988074,0,0,0,2,275.16129032258067,3,0.3069721255162427
3425,동대문구,205979.822927381,551832.9420184125,4,0,1.0,1,2,0,47.53015183609316,1,1,1,2,3161.8064516129034,5,0.4147767708059527
3426,노원구,205347.44087873,561631.6145534348,4,1,1.0,1,2,0,70.21395789547637,0,1,1,1,7976.225806451612,6,1.6846024405549067
3427,동대문구,205854.8752687015,551592.135328448,2,2,0.5,1,2,0,191.34598936566704,0,0,1,1,4935.903225806452,1,0.378777873735346
3428,노원구,205415.709268422,561315.2048350025,4,0,1.0,1,2,0,254.34914459564797,0,0,0,4,7579.129032258064,5,0.351106334187552
3429,노원구,205570.411858733,560831.970226753,1,0,1.0,1,2,0,761.4494927347888,0,0,0,2,6470.5161290322585,6,1.0966126112036296
3430,동대문구,206074.3846454197,552015.8298640853,3,2,0.3333333333333333,1,2,0,251.02625972743948,0,0,0,1,6040.064516129032,4,0.7232568375701891
3432,성북구,201804.860971219,553764.9207217868,4,1,1.0,1,2,0,706.473110596758,0,0,0,0,4272.322580645161,7,2.500294198856944
3433,동대문구,206125.963601007,552132.755802477,2,2,0.5,1,2,0,373.9602400514739,0,0,0,2,4836.709677419355,4,1.0181527920042506
3434,서대문구,193125.45832220948,552468.514179665,2,1,1.0,0,2,0,899.8969081198338,0,0,0,1,1904.741935483871,5,4.670039221799156
3435,동대문구,206200.212371926,552247.5255523345,2,2,0.5,1,2,0,238.06255799723837,0,0,0,3,7292.870967741936,4,0.535281018615068
3436,동대문구,206259.7562349713,552379.782069343,3,2,0.3333333333333333,1,2,0,93.06667651093844,0,1,1,4,7796.1612903225805,7,0.2815748846811712
3437,동대문구,206361.12166525875,552741.650631175,4,2,0.25,1,2,0,278.0108519215135,0,0,0,2,4673.580645161291,7,0.212885400967151
3438,동대문구,206358.78016718235,552859.9221017197,3,2,0.3333333333333333,1,2,0,391.7463369289728,0,0,0,2,2250.935483870968,4,0.319866741903656
3439,동대문구,206379.45653413748,553108.8255512335,2,2,0.5,1,2,0,618.1144256850442,0,0,0,4,1481.516129032258,6,0.3967609221720162
3440,동대문구,206365.6841133677,552979.2552865677,3,2,0.3333333333333333,1,2,0,503.17768996687767,0,0,0,0,3069.290322580645,5,0.0512679144088087
3441,동대문구,206203.57354858468,553248.8479640137,3,2,0.3333333333333333,1,2,0,775.1289267891189,0,0,0,2,6902.967741935484,6,0.3700649534361903
3442,종로구,199724.8276874615,553548.5862583194,2,2,0.5,0,2,0,232.1341333367584,0,0,0,0,6482.935483870968,2,8.333333333333332
3443,노원구,208275.9456499128,558459.8232917642,4,2,0.5,1,2,0,1459.7082804443548,0,0,0,2,708.258064516129,1,3.138801195909841
3444,노원구,205229.57958075,557953.5800172454,3,2,0.3333333333333333,1,2,0,842.7407230129998,0,0,0,0,3209.1612903225805,5,3.840370586831524
3445,서초구,201387.6206471244,546795.6691532239,5,2,0.4,1,2,0,568.6746002638467,0,0,0,1,2419.8709677419356,7,0.6329497233800415
3446,동대문구,205402.2564886915,553150.7436935555,2,1,1.0,1,2,0,266.4619269741623,0,0,0,2,4800.548387096774,5,5.468459113070263
3447,동대문구,204876.7994215006,552928.0514345405,5,2,0.6,0,2,0,342.6230885587141,0,0,0,2,3659.9354838709673,5,2.1639430924426803
3448,동대문구,204954.37259508,552991.460843296,1,1,1.0,0,2,0,247.6030643521822,0,0,0,2,5836.225806451614,6,1.783949642986287
3450,동대문구,205189.466794809,552830.4942962305,2,2,0.5,0,2,0,350.5586195589317,0,0,0,0,6462.580645161291,11,9.001543235979833
3451,동대문구,205450.9144329445,552919.546408911,2,2,0.0,0,2,0,405.9823153114572,0,0,0,0,0.0,7,13.277867851755662
3452,동대문구,205065.489917024,552375.9612361966,2,2,0.5,1,2,0,582.1635113009543,0,0,0,2,2070.483870967742,7,2.604585095233108
3453,동대문구,205056.6118840755,552249.3936838249,2,2,0.5,1,2,0,463.45039717719976,0,0,0,2,4260.419354838709,5,2.507180240560751
3454,동대문구,205003.569161896,551942.365338969,4,2,0.5,1,2,0,190.0311177541473,0,0,1,1,3470.258064516129,8,3.185717841019527
3455,동대문구,205399.1209642901,551780.240822635,7,2,0.5714285714285714,0,2,0,546.0126443951053,0,0,0,0,3029.0,4,1.1794801558077328
3456,동대문구,205718.03745353,551943.347227204,1,1,1.0,0,2,0,267.759753815977,0,0,0,0,0.0,4,0.3091367927042654
3457,동대문구,205497.33191023,551931.840741689,3,0,1.0,1,2,0,466.1871762278201,0,0,0,2,3029.0,3,0.653414655353588
3458,동작구,194711.64952315963,545834.4624243063,3,2,0.0,0,1,0,203.34232752159843,0,0,0,1,8467.387096774195,5,2.2713458337144043
3459,종로구,199790.6384439516,552644.9546236221,5,1,1.0,1,2,1,525.2935918093956,0,0,0,1,4500.709677419355,6,2.480800184125413
3460,양천구,188084.3949250705,545890.0375004695,2,2,0.5,1,2,0,774.4606258767717,0,0,0,1,2469.3225806451615,7,0.3775552416287968
3461,양천구,187836.62714832067,545374.2256868724,3,0,1.0,1,2,0,243.91542602909405,0,0,0,3,3877.8064516129034,4,6.828679378362805
3462,양천구,188012.02423536868,545472.693704071,3,2,0.6666666666666666,1,2,0,444.59344851043886,0,0,0,1,3073.0,3,10.16612050627092
3463,강북구,201192.6773659984,559360.4112837638,5,2,0.8,1,2,0,894.5552799117647,0,0,0,5,4292.677419354838,4,3.0282672308549268
3464,은평구,192594.852048304,555687.6821438675,2,2,0.5,1,2,0,216.64842056901205,0,0,0,1,2364.7096774193546,8,0.6153240080478639
3465,동대문구,205658.451584278,552201.708288601,3,2,0.3333333333333333,1,2,0,492.57885398273686,0,0,0,2,2451.483870967742,3,1.8138145501330376
3466,동대문구,205756.77529383,552369.7752725837,3,2,0.3333333333333333,1,2,0,529.1552361453608,0,0,0,2,4028.4838709677424,5,1.7001403310122942
3467,동대문구,205909.16984788037,552700.6669137874,3,2,0.3333333333333333,1,2,0,428.8339701620617,0,0,0,2,4626.258064516129,7,3.671825289245669
3468,동대문구,205967.5179877855,552943.3853610045,4,2,0.25,0,2,0,558.7157331737147,0,0,0,2,1960.3225806451615,4,1.7990733254852656
3469,동대문구,206015.689961293,553127.3034770166,3,2,0.3333333333333333,1,2,0,700.2048523861357,0,0,0,2,4438.225806451613,5,0.4105087710464901
3470,동대문구,206038.3912484093,553467.9658185943,3,2,0.3333333333333333,1,2,0,947.0540372118464,0,0,0,1,4654.709677419355,3,1.9131059640046792
3471,동대문구,206042.49225078436,553708.0514180573,3,2,0.3333333333333333,1,2,0,883.3021457100884,0,0,0,3,5067.774193548387,4,8.662488641842314
3472,동대문구,206033.737797772,553838.411412475,1,0,1.0,1,2,0,771.1405593590384,0,0,0,1,5142.548387096774,4,0.846591481491051
3474,동대문구,205957.56007915895,554038.0619809825,2,2,0.5,1,2,0,569.0926838193008,0,0,0,2,2039.967741935484,5,7.631207016856137
3475,동대문구,205992.166032045,554222.926587507,2,2,0.5,0,2,0,443.4455996514876,0,0,0,2,2069.5806451612902,4,5.977384472140403
3476,동대문구,205052.81346781572,553209.3025260575,4,2,0.25,1,2,0,21.12295650413239,1,1,1,2,4574.193548387097,4,2.1990569989169018
3478,동대문구,204891.0334615045,553468.4617440925,4,2,0.25,1,2,0,304.7146172021265,0,0,0,0,0.0,1,2.5384512596778683
3479,동대문구,204866.76509304895,553551.917008444,2,2,0.5,1,2,0,386.4247946418115,0,0,0,0,4036.1935483870966,3,3.028054909554084
3480,동대문구,204634.3880324365,553962.6523251025,2,2,0.5,1,2,0,27.21370438916315,1,1,1,2,12784.354838709678,5,7.281817462786222
3481,동대문구,204436.12535167733,554049.190542093,3,2,0.3333333333333333,1,2,0,189.8189504371858,0,0,1,2,9865.483870967742,7,4.327172374411088
3482,동대문구,204216.2232726395,554123.34371738,2,0,1.0,1,2,0,421.7238689966376,0,0,0,2,1354.3225806451612,4,12.580502755434964
3483,동대문구,204016.862479684,554134.940926171,2,2,0.5,1,2,0,286.3649201377558,0,0,0,1,2083.8709677419356,6,6.152675424351101
3484,동대문구,203666.25169777733,554126.5957831169,3,2,0.3333333333333333,0,2,0,67.40539888461161,0,1,1,2,1526.4193548387098,6,0.6053490254758209
3485,동대문구,203563.195650309,554119.318797322,3,2,0.6666666666666666,1,2,0,168.64624736407254,0,0,1,0,1468.5483870967744,8,0.3931633569707493
3486,동대문구,203271.305770877,554104.7340734225,2,0,1.0,1,2,0,27.89203791631921,1,1,1,1,4591.41935483871,7,0.8050742418035236
3487,동대문구,203051.271154241,554103.881991901,1,0,1.0,1,2,0,234.8978226915764,0,0,0,2,3942.774193548387,5,0.9570804020881714
3488,동대문구,203406.296698928,553575.48742823,1,0,1.0,1,2,0,135.76788236803014,0,0,1,2,7956.419354838709,6,0.1267739707201146
3489,동대문구,203401.834584257,553479.440974285,1,0,1.0,1,2,0,69.93138228392549,0,1,1,1,7795.967741935484,7,0.0582240756943441
3490,동대문구,203942.884529428,553606.652010063,1,0,1.0,1,2,0,144.92474395157126,0,0,1,2,18011.064516129034,7,1.696974772515958
3491,동대문구,203909.43660223877,553732.7762448753,4,0,1.0,1,2,0,275.2782601675594,0,0,0,1,2337.5806451612907,4,2.667421307439929
3492,동대문구,203864.296421816,553910.199014347,1,0,1.0,1,2,0,239.8687318226657,0,0,0,1,1777.7096774193549,5,4.981676217354876
3493,동대문구,203294.1570641862,553703.9111700614,5,1,1.0,1,2,1,228.9248113323541,0,0,0,1,3087.3225806451615,8,0.6042924398867141
3494,동대문구,203176.685669797,553700.6952137626,5,1,1.0,1,2,1,311.413483974088,0,0,0,0,160.4516129032258,7,1.0896801277262884
3495,동대문구,202986.2364596405,553695.865344788,2,2,0.5,1,2,0,441.4226667806736,0,0,0,1,337.4516129032258,5,8.261382047468272
3496,동대문구,202628.282699018,553520.7747276926,5,2,0.4,1,2,0,401.2982398642315,0,0,0,1,3990.451612903226,9,3.597417157147754
3499,동대문구,205092.04252417048,552948.2621226141,2,2,0.5,0,2,0,233.2518217709336,0,0,0,2,5836.225806451614,7,1.8547237688174016
3500,동대문구,203852.607694528,554675.369497453,1,2,0.0,0,1,0,578.1671941866925,0,0,0,0,491.0645161290322,5,0.9185702391383898
3501,동대문구,203753.380167205,554499.06954887,1,1,1.0,0,2,0,389.6690412506641,0,0,0,2,947.0967741935483,7,10.159462268087356
3503,동대문구,205750.3827610865,555943.9885280216,2,2,0.5,1,2,0,1275.035715787222,0,0,0,0,0.0,5,3.9385608644107366
3505,동대문구,205012.72504042296,554332.7219022061,2,0,1.0,1,2,0,154.84108104314592,0,0,1,1,5533.967741935484,4,0.1111582181468939
3506,동대문구,203693.621148396,553722.567434167,1,0,1.0,1,2,0,168.57632765961554,0,0,1,2,321.93548387096774,4,0.5272880950844616
3507,동대문구,203087.03649007264,553696.826657341,3,2,0.3333333333333333,1,2,0,364.9416110820884,0,0,0,0,337.4516129032258,5,13.924661107079055
3508,동대문구,203134.382047589,553502.150264078,1,0,1.0,1,2,0,219.975101029311,0,0,0,0,0.0,7,3.872090235397678
3509,동대문구,203223.733634312,553914.956150331,1,2,0.0,0,2,0,219.9543059213531,0,0,0,0,2182.6129032258063,9,0.7897360387824589
3510,동대문구,203181.80823564032,554108.304121239,3,2,0.3333333333333333,1,2,0,105.0852293247346,0,0,1,1,605.8064516129032,8,6.6427584792990695
3512,동대문구,206538.671815404,551862.364572668,1,1,1.0,0,2,0,597.1030463976118,0,0,0,1,780.9354838709677,4,1.7686573334753228
3513,강동구,211234.394440234,548009.682151767,1,2,0.0,1,1,0,597.8437811649682,0,0,0,5,1789.0967741935483,6,0.7094025018547937
3515,동대문구,206256.762012407,551782.9069340285,4,2,0.0,0,1,0,312.53495955580297,0,0,0,2,521.6774193548388,6,0.0501348873328222
3516,동대문구,206399.87850450867,552032.388896134,3,2,0.0,0,2,0,441.7659954276784,0,0,0,2,812.8709677419355,5,0.1570538110971764
3517,동대문구,206531.044112647,552607.9703829406,5,2,0.0,0,2,0,97.31640787424077,0,1,1,1,6219.096774193549,9,0.8336251703465407
3518,동대문구,205318.954527584,552889.6660631093,3,2,0.0,0,2,0,340.1465545856242,0,0,0,0,0.0,10,5.815632472212121
3519,동대문구,205570.387202334,553034.987269994,1,2,0.0,0,2,0,456.0007874280196,0,0,0,0,1431.3225806451612,6,10.994834100399553
3520,동대문구,205380.47268381,553183.219303547,1,2,0.0,0,2,0,243.4458643878421,0,0,0,2,4800.548387096774,6,16.666666666666664
3521,동대문구,204277.530124977,552487.239549349,1,1,1.0,0,2,0,241.82045482312367,0,0,0,0,1068.3548387096776,4,0.4246333532746031
3523,동대문구,205264.31556627463,551654.5247860906,3,2,0.3333333333333333,0,2,0,450.1101304862504,0,0,0,0,1010.2258064516128,4,1.4813834352577349
3525,동대문구,205508.037637023,554538.823984902,1,2,0.0,0,1,0,39.25560674631055,1,1,1,3,9305.709677419356,3,2.2246442963597404
3526,동대문구,205869.061353058,554963.08166083,1,0,1.0,1,2,0,307.1653807096042,0,0,0,0,2043.6129032258063,7,0.4146929347112878
3527,동대문구,205680.4385953677,555017.6638561573,7,2,0.7142857142857143,1,2,1,434.27023200063945,0,0,0,2,1610.032258064516,5,0.9100145775721112
3528,동대문구,205521.922132672,555099.607108261,2,2,0.0,0,1,0,598.080074380735,0,0,0,1,2632.935483870968,6,1.1830392819434306
3529,동대문구,205770.32077980496,552517.7498350873,3,2,0.0,0,1,0,506.3104604155226,0,0,0,2,3856.322580645161,6,3.439648325508697
3530,동대문구,205425.955796367,552783.291159643,1,2,0.0,0,2,0,488.4024827745044,0,0,0,0,444.93548387096774,7,34.020801829214854
3531,동대문구,203785.88499059848,552622.8023168074,2,2,0.0,0,1,0,427.3774009947912,0,0,0,0,1436.0645161290322,7,0.7322528004092662
3532,동대문구,204714.09139581825,552779.9881848159,5,2,0.8,1,2,1,559.3914564033944,0,0,0,2,1937.8064516129032,6,3.388168597074977
3534,동대문구,205989.368483564,554594.2626651503,3,2,0.3333333333333333,1,2,0,90.33440029580711,0,1,1,3,8281.838709677419,5,0.262421993391196
3535,성북구,203035.2367429973,554297.2420677233,3,2,0.3333333333333333,1,2,0,300.9042704051016,0,0,0,2,6805.290322580645,5,6.720374194818644
3536,성북구,202361.229334581,553467.346603974,1,1,1.0,0,2,0,465.6941637622362,0,0,0,0,2050.064516129032,4,0.8551748942800922
3537,동대문구,202186.0738946205,553321.2435063033,4,2,0.25,0,2,0,444.4703665790396,0,0,0,2,2050.064516129032,4,0.8643788501589178
3538,성북구,201954.38198754503,553414.51519566,3,2,0.3333333333333333,1,2,0,546.4526108088237,0,0,0,2,2985.1612903225805,4,1.2484410712672125
3540,성북구,201762.293582474,553862.9077026047,3,2,0.3333333333333333,1,2,0,607.2211377098057,0,0,0,1,7369.967741935485,8,2.315665032616116
3543,성북구,201479.021453859,554369.128678878,1,0,1.0,1,2,0,301.0291920868149,0,0,0,1,9521.354838709678,7,1.2972079168722557
3545,영등포구,191628.0617572493,547182.6789062422,4,2,0.5,1,2,0,567.7873174443115,0,0,0,2,3888.0,7,0.3999279638098614
3546,성북구,200985.8826133885,554586.270247385,2,2,0.5,1,2,0,271.26571620301985,0,0,0,2,10203.451612903225,10,2.966541823988713
3547,성북구,200851.109464071,554495.449230548,2,0,1.0,1,2,0,122.20319880681552,0,0,1,3,20576.83870967742,8,3.042070702171363
3549,성북구,200469.761511249,554399.8881550444,6,2,0.6666666666666666,1,2,0,79.81874271242874,0,1,1,5,10436.064516129032,8,4.339250808643532
3550,성북구,200350.24482361056,554555.4285534641,5,2,0.4,1,2,0,275.5864565429835,0,0,0,2,4969.096774193549,5,3.20694257574304
3552,성북구,200082.271935494,554874.3799967823,3,2,0.3333333333333333,1,2,0,692.1592419994437,0,0,0,2,2399.7741935483873,7,2.6476405057078742
3553,성북구,199950.51010356,554856.056431677,2,0,1.0,1,2,0,770.7688542590358,0,0,0,1,2440.806451612903,8,9.544835181626704
3555,성북구,199810.219755045,554816.9358338533,3,2,0.3333333333333333,1,2,0,850.8792375915867,0,0,0,2,1662.2258064516132,8,5.6588696389316935
3556,성북구,200774.8568123057,554270.677166104,3,2,0.3333333333333333,1,2,0,108.97420964391038,0,0,1,3,15749.193548387098,13,7.659309130548805
3557,성북구,201167.75516671236,554411.173605157,3,2,0.3333333333333333,1,2,0,343.4952279607431,0,0,0,0,4785.387096774193,7,5.605162205873817
3558,성북구,201496.23254749295,554546.3460228181,6,2,0.8333333333333334,1,2,1,277.0584954060087,0,0,0,1,7215.354838709677,9,6.6747914506075885
3559,성북구,201758.8619463598,554643.6394703884,5,1,1.0,1,1,1,173.5509981422136,0,0,1,1,262.35483870967744,6,4.471952407707794
3560,성북구,201792.10940408063,555026.0945396394,3,2,0.6666666666666666,1,2,0,218.38586105369149,0,0,0,0,0.0,4,4.789606157672862
3561,성북구,201674.94855450423,554364.415204798,4,1,1.0,1,2,0,137.3257763299354,0,0,1,3,9717.774193548388,6,2.8725642287272457
3562,성북구,200982.03720842733,554060.6685973257,6,2,0.8333333333333334,0,1,1,342.56764689432805,0,0,0,2,355.41935483870964,6,8.176511973351085
3564,성북구,201577.75897076368,553754.8315208066,3,0,1.0,1,2,0,738.7941857965948,0,0,0,0,0.0,6,18.73305526492306
3565,성북구,201821.8258273855,554031.4126080461,2,2,0.5,1,2,0,442.69560954765376,0,0,0,2,8798.09677419355,9,7.284680318809886
3566,성북구,201867.29336795924,554045.3896759215,4,0,1.0,1,2,0,437.4513802551976,0,0,0,3,8798.09677419355,10,7.174004821168658
3567,성북구,201945.997367271,554074.276556614,3,2,0.3333333333333333,1,2,0,436.27178206152416,0,0,0,2,4420.419354838709,10,9.344565426740653
3568,성북구,202087.69896122967,554104.0753235916,3,1,1.0,1,1,0,489.5748938346266,0,0,0,2,3956.387096774193,7,23.10324002990664
3569,성북구,202244.085769761,554082.7149994748,4,2,0.5,1,2,0,617.9940694532261,0,0,0,4,4574.258064516129,5,7.590204351693271
3570,성북구,202412.3148152454,554081.723066538,5,2,0.8,1,2,0,756.9587644780399,0,0,0,2,4898.774193548386,3,6.713526800021334
3571,성북구,202601.1772846491,554077.3715836332,10,2,0.5,1,2,1,685.5870554342494,0,0,0,3,5116.096774193548,3,3.965903605828854
3572,성북구,202689.602151993,554081.2013661601,2,2,0.5,0,2,0,597.1322923945312,0,0,0,2,7826.806451612903,4,3.5535654556291028
3573,성북구,201587.9106100724,554888.5630118302,5,2,0.6,1,2,0,27.869644520518865,1,1,1,2,32106.645161290322,8,2.9607766798420343
3574,성북구,201917.49574696348,555416.3407360985,4,2,0.75,1,2,0,388.3908303965685,0,0,0,3,11689.41935483871,7,6.62339655582412
3575,성북구,202110.83029880573,555977.1330393113,4,2,0.75,1,2,0,58.9090691229037,0,1,1,5,31271.96774193548,11,1.1653888510094743
3576,성북구,202055.9219406345,555084.4703621184,2,2,0.5,0,1,0,480.46755246953455,0,0,0,2,408.61290322580646,6,15.496616866614918
3577,성북구,201984.7784183485,555295.722414019,4,2,0.75,0,1,0,519.7484533209164,0,0,0,3,11408.09677419355,6,10.27869912333891
3578,성북구,201813.67865701267,555435.1154585826,3,2,0.3333333333333333,0,2,0,368.7695013956747,0,0,0,2,11689.41935483871,7,21.413526551294904
3579,성북구,202282.446213711,555978.467517932,2,1,1.0,1,2,0,83.14261980982724,0,1,1,1,18639.580645161288,9,5.306297397531759
3580,성북구,202191.824236091,555871.8334959503,3,2,0.3333333333333333,1,2,0,131.81651802987056,0,0,1,3,30190.0,9,5.030482137615048
3581,성북구,201688.50319597733,555885.5429802613,6,2,0.6666666666666666,1,2,0,192.98675549529375,0,0,1,2,6455.354838709678,2,12.780959997837028
3583,성북구,201308.2681622145,556002.1371456475,2,2,0.5,0,2,0,589.0856268674139,0,0,0,3,10380.354838709678,5,5.9456446066350805
3584,성북구,200875.70609656,556537.0840216714,2,2,0.5,1,2,0,73.5801701563443,0,1,1,4,5739.870967741935,4,6.221542351052503
3585,성북구,200653.880708743,557028.9602172715,4,0,1.0,1,2,0,609.4688869368568,0,0,0,4,7556.935483870968,4,10.342717435498445
3586,성북구,200306.9910598045,557467.3074548196,4,2,0.5,0,2,0,1156.570596320379,0,0,0,4,3297.8064516129034,1,4.487074802709117
3587,성북구,200450.6815076755,556622.6262862405,2,1,1.0,0,2,0,459.5851907113009,0,0,0,2,1685.516129032258,3,7.549961652204402
3588,성북구,199667.071296788,556671.501948493,1,2,0.0,0,1,0,1232.4998370956846,0,0,0,0,1483.2903225806451,1,13.31461587553157
3589,성북구,199965.635289449,556578.702521238,1,0,1.0,1,1,0,923.4834283325004,0,0,0,4,3146.8387096774195,2,10.83801017310511
3591,성북구,200367.6175900005,556477.6056989934,2,0,1.0,1,2,0,514.5071225400538,0,0,0,2,3580.4193548387098,3,8.110968418497725
3593,성북구,200805.886122171,556246.578909961,2,2,0.5,1,2,0,230.1199783158431,0,0,0,0,965.7741935483871,6,23.272375781261577
3594,성북구,200975.2019478168,556141.3903924832,4,2,0.5,1,2,0,335.5973133338368,0,0,0,5,7585.354838709677,6,9.918073846421484
3595,성북구,201190.970472961,555897.591249254,3,1,1.0,1,2,0,645.0249077680359,0,0,0,2,10971.225806451614,6,5.919241720582337
3596,성북구,201242.40824717787,555700.7519473424,7,2,0.5714285714285714,1,2,0,627.4592234011795,0,0,0,4,6119.935483870967,7,8.333333333333332
3597,성북구,201256.2050283955,555478.4102229453,4,2,0.25,1,2,0,673.3283647323918,0,0,0,4,4991.838709677419,8,7.129815928765335
3598,성북구,201354.989303701,555218.3466653248,4,2,0.75,1,2,0,403.5982113981595,0,0,0,3,3373.258064516129,5,2.776430893553131
3600,성북구,200778.05580480277,557442.0153227353,4,2,0.75,1,2,0,983.7473778507722,0,0,0,4,3655.8709677419356,1,8.333333333333332
3602,양천구,187992.345677667,547586.9586546342,4,0,1.0,1,2,0,247.1013303195348,0,0,0,2,8363.09677419355,6,0.4602486602322031
3604,노원구,206026.907223538,560244.6193523479,5,1,1.0,1,2,1,1454.8039624574556,0,0,0,3,884.3870967741937,7,2.7502791144846603
3605,노원구,206652.5469645268,559906.3594764087,4,0,1.0,1,2,0,2036.730804664556,0,0,0,0,3680.322580645161,5,5.750913266148719
3606,성북구,201787.2731082817,554923.9527956604,3,2,0.6666666666666666,1,1,0,178.20993393586272,0,0,1,0,7782.8387096774195,3,3.427323166638215
3607,성북구,201830.831890262,554169.0404920075,4,0,1.0,1,2,0,308.72245320092406,0,0,0,0,4934.677419354839,11,1.7882326755894753
3608,성북구,201983.84955249567,554388.225079426,3,2,0.0,0,2,0,235.9215553342612,0,0,0,2,1405.7096774193546,3,14.726872021953216
3609,성북구,202030.1464229155,554256.0162055815,4,2,0.0,0,1,0,342.67266138960656,0,0,0,4,2326.258064516129,7,8.263994584981612
3610,성북구,202071.647932384,554158.842015452,1,1,1.0,0,1,0,438.6447636845441,0,0,0,5,2417.548387096774,8,8.209682040804024
3611,노원구,206458.331610579,560068.9658900778,3,2,0.3333333333333333,1,2,0,1796.4815677728704,0,0,0,1,2315.1290322580644,7,3.473325826696172
3612,동작구,196927.930725441,545369.886932409,1,2,0.0,0,1,0,274.26721559545905,0,0,0,4,5345.709677419353,5,1.155951151588024
3614,성북구,202299.359366229,554999.267744169,1,2,0.0,0,1,0,695.6853881900935,0,0,0,2,242.6774193548387,3,15.036140007837298
3615,강북구,201214.0668859497,562026.251018216,3,0,1.0,1,2,0,1583.6379982521653,0,0,0,2,2939.774193548387,9,1.4148120218700675
3617,양천구,188550.371482491,546845.6746111357,4,2,0.75,1,2,0,875.0843388264553,0,0,0,0,845.0967741935483,14,0.7038900319275557
3618,성북구,201985.91245799465,555200.2231288326,3,2,0.0,0,2,0,477.63889204094494,0,0,0,0,5585.967741935485,6,25.18680161196005
3620,노원구,206245.4110311175,561462.8851916435,4,2,0.5,1,2,0,712.2046633301858,0,0,0,1,1464.9354838709678,7,8.07539992776502
3621,양천구,187541.27023016,547335.0607698385,4,1,1.0,1,2,0,40.40118935599674,1,1,1,1,2675.8064516129034,10,1.0933966885107762
3622,성북구,201579.167645883,555521.948047451,2,2,0.5,0,1,0,397.0226103720418,0,0,0,3,857.9032258064517,6,14.655531658625046
3623,성북구,201441.719268818,555629.1957041635,2,2,0.0,0,1,0,453.7992169510161,0,0,0,2,1072.4193548387098,8,20.20656325599904
3624,성북구,201428.69969549877,554943.8238246792,4,2,0.5,1,2,0,185.31685510341575,0,0,1,3,32106.645161290322,6,3.182072276531009
3626,양천구,189571.105405178,549355.599646227,1,0,1.0,1,2,0,748.0406300144283,0,0,0,3,2090.7419354838707,4,27.73780103364996
3628,강북구,201572.0535103485,559016.5802925915,2,2,0.0,0,1,0,572.2196721486043,0,0,0,5,4128.516129032258,7,2.356836202747452
3631,성북구,199748.470857845,555836.433163076,1,2,0.0,0,1,0,1295.4915999720145,0,0,0,0,0.0,0,8.703983499092278
3636,성북구,199725.265203744,554828.452225001,1,0,1.0,1,2,0,926.450850623006,0,0,0,3,1839.8064516129034,6,4.084251740407948
3639,성북구,199208.8955955215,555013.6078566869,2,2,0.0,0,1,0,1430.0972950099456,0,0,0,2,862.7741935483871,0,6.027988383908536
3642,성북구,199339.2897755375,555523.5130529325,2,2,0.0,0,1,0,1673.7030262325634,0,0,0,2,552.9354838709677,0,10.103674517156614
3643,노원구,205038.99271666075,563077.866225341,4,0,1.0,1,2,0,1057.5794099875573,0,0,0,0,3689.2580645161293,3,0.5605543742871788
3644,성북구,200919.82326701185,554311.7162907716,5,1,1.0,1,2,1,107.47718226324784,0,0,1,4,10493.387096774195,12,6.212766370758433
3646,성북구,201142.4460543468,554007.2566231957,5,2,0.8,0,2,1,477.7565766449664,0,0,0,2,1227.5483870967741,4,7.043963034643556
3647,성북구,202073.20111513868,555804.6928026116,3,1,1.0,0,2,0,211.3864244311916,0,0,0,4,18755.90322580645,9,4.993085699918906
3649,성북구,201047.838164226,554878.5134337887,3,2,0.6666666666666666,0,1,0,540.4799266440418,0,0,0,0,1041.6451612903224,5,15.250257686145888
3650,노원구,206436.40153360972,561320.7627699829,4,0,1.0,1,2,0,922.4107900564564,0,0,0,1,1282.516129032258,6,2.7574127522687832
3651,성북구,201328.029505886,556290.7387121066,2,2,0.5,0,1,0,478.4729104223256,0,0,0,2,2941.3548387096776,5,8.208737817128018
3652,성북구,201356.5000629773,556518.8053788093,3,2,0.3333333333333333,1,1,0,477.7422530899714,0,0,0,4,2571.7419354838707,7,22.58833421274869
3653,성북구,199950.69804315732,556484.1395015264,3,2,0.0,0,2,0,931.463347659524,0,0,0,2,3146.8387096774195,1,3.523562562460446
3654,성북구,200408.66117323877,556551.357550164,4,2,0.5,1,2,0,481.3142482779466,0,0,0,2,2172.1612903225805,3,7.376726681273915
3655,성북구,200456.825275445,556759.512291916,1,1,1.0,0,2,0,517.8666427516805,0,0,0,2,867.0967741935483,4,17.34583836826843
3656,성북구,200473.93254028368,556935.458672759,3,2,0.6666666666666666,1,2,0,623.667194905685,0,0,0,4,3151.5161290322585,5,7.276750861196129
3658,성북구,200184.49349518967,556896.5806264892,3,2,0.3333333333333333,0,2,0,820.8265362439312,0,0,0,0,0.0,2,25.0
3659,성북구,199983.29031221368,556849.30533725,3,2,0.3333333333333333,0,1,0,977.85866600342,0,0,0,2,323.5483870967742,2,16.564497813343547
3661,노원구,206244.767314159,560633.162937286,4,1,1.0,1,2,0,1205.915985604878,0,0,0,1,1537.8064516129032,4,5.903223912232333
3662,성북구,200463.50591300105,557395.037811839,2,2,0.5,1,2,0,1020.9548711379722,0,0,0,0,3297.8064516129034,2,13.309062048062351
3664,성북구,200999.16724877432,556241.4580211416,3,2,0.6666666666666666,1,2,0,251.3253041215692,0,0,0,3,7585.354838709677,5,10.213286197957151
3665,성북구,203164.026100857,556699.865110084,1,1,1.0,0,2,0,281.8428309250364,0,0,0,3,4065.1290322580644,10,7.926242724131568
3669,성북구,203035.31553900905,555480.6309399913,3,2,0.3333333333333333,1,2,0,21.08698692145829,1,1,1,3,11062.129032258064,2,3.1649906817284426
3670,도봉구,203063.8424620575,562546.9518073311,4,0,1.0,1,2,0,509.2945230950809,0,0,0,3,5807.1612903225805,10,2.4908825052270585
3671,성북구,202918.662422184,555802.62862817,1,0,1.0,1,2,0,190.06940667625747,0,0,1,3,12473.064516129032,5,6.651511755581166
3672,도봉구,204466.28828475776,561588.46471347,4,1,1.0,1,2,0,152.1911873001941,0,0,1,7,13160.354838709678,7,11.347899221872874
3673,성북구,202527.698411082,556401.2053351753,3,2,0.6666666666666666,1,2,0,485.29448754045467,0,0,0,5,12161.645161290322,9,4.574490565398251
3674,도봉구,204672.27152674133,560719.0967764,3,0,1.0,1,2,0,866.4803778524554,0,0,0,3,2031.677419354839,4,1.632835458886325
3675,노원구,205568.8557186235,561686.7419734194,2,0,1.0,1,2,0,69.93759239714335,0,1,1,3,19157.225806451614,7,1.1310035721357656
3676,성북구,204882.8399921713,556984.056025525,3,1,1.0,1,2,0,890.0247250262178,0,0,0,3,3583.6451612903224,2,3.044554532961315
3678,양천구,184751.857091132,548639.872675812,1,1,1.0,0,2,0,200.5771502385201,0,0,0,4,1727.225806451613,5,4.052097795798287
3679,강북구,201185.6673297474,562391.584028,5,2,0.2,0,2,0,1733.5470454140825,0,0,0,4,3717.5806451612907,5,5.680593718879123
3680,종로구,200163.7880324865,553725.673538201,2,2,0.5,1,2,0,234.84639644582597,0,0,0,2,11614.967741935483,6,5.921189464667502e-15
3682,성북구,202357.4958128255,556066.950902758,2,2,0.5,0,2,0,158.67457968501452,0,0,1,5,3964.5806451612902,9,9.941355753233706
3683,성북구,202140.892566954,556234.560550715,2,2,0.5,1,2,0,178.61742708552987,0,0,1,0,8862.677419354839,12,10.187546692694353
3684,도봉구,204114.15117670648,561305.447001729,4,2,0.75,1,2,0,206.59054398717885,0,0,0,1,4479.032258064516,4,2.601679714691431
3685,양천구,189251.084300471,548383.301992201,2,0,1.0,1,2,0,1207.62958000046,0,0,0,1,4989.483870967742,12,0.180752903673184
3686,성북구,202074.932680119,556453.044073487,1,1,1.0,0,2,0,406.6210560480324,0,0,0,2,2717.612903225806,10,11.33958766259398
3687,성북구,202042.942978313,556573.4094876,3,2,0.6666666666666666,1,2,0,531.1640063815628,0,0,0,1,2427.354838709677,6,8.001783818741627
3688,성북구,202002.90972826575,556708.0101078502,5,2,0.6,1,2,1,671.5544192950351,0,0,0,0,3297.064516129032,10,5.480337878754635
3689,노원구,205115.8005133985,557746.1397691475,4,2,0.5,1,2,0,772.0803264103541,0,0,0,1,2314.967741935484,7,3.461948474281075
3690,노원구,205835.157535062,561139.90324312,1,1,1.0,0,2,0,557.4431927926855,0,0,0,0,0.0,4,2.043125364710079
3691,성북구,201966.3105479372,556866.0077927818,6,2,0.6666666666666666,1,2,0,727.5124447351867,0,0,0,4,3411.064516129032,6,10.396650793500584
3692,노원구,204888.044099474,564746.260639694,4,0,1.0,1,2,0,475.7915293512317,0,0,0,2,691.6129032258065,3,1.2087667069798511
3693,강북구,201954.1571543775,557386.0414789754,2,2,0.5,1,2,0,408.56264688683,0,0,0,1,1988.5483870967741,5,6.897768363317098
3694,강북구,201910.629965456,557548.904332238,1,1,1.0,0,2,0,239.98990212962147,0,0,0,2,5140.290322580645,7,9.58670291553188
3695,강북구,202932.19435903025,557436.6172160418,4,2,0.75,1,2,0,77.13807151843217,0,1,1,5,3636.967741935484,9,11.304537135019062
3697,강북구,203177.939908177,557644.4346818762,3,2,0.6666666666666666,1,2,0,332.34310654270786,0,0,0,2,790.8709677419355,3,16.55370805319457
3698,강북구,202879.40195635532,556740.142825687,3,2,0.3333333333333333,1,2,0,300.7576032922751,0,0,0,2,6292.129032258063,7,1.0467783548746703
3699,성북구,202950.645447997,556797.1805831066,2,0,1.0,1,2,0,211.6649348009802,0,0,0,2,6447.774193548386,9,0.9267057617198956
3700,성북구,203267.36893170237,556270.1550664483,3,2,0.6666666666666666,0,2,0,398.1566357538096,0,0,0,1,3802.064516129032,8,11.441861474638443
3701,성북구,203293.32985549385,556022.7154423202,6,2,0.6666666666666666,1,2,0,160.5572880583363,0,0,1,3,3488.967741935484,8,0.9157848884915982
3702,성북구,202916.677544073,556617.1785392845,2,2,0.5,0,2,0,385.0316429034254,0,0,0,1,4121.903225806451,9,0.6326804037812886
3704,노원구,207016.271822118,563426.425438742,1,0,1.0,1,2,0,187.12772250333376,0,0,1,1,809.1935483870967,6,0.9895226009039132
3705,성북구,203347.324748926,555822.861045323,1,0,1.0,1,2,0,74.53626872847778,0,1,1,1,1806.3870967741937,9,0.2232790861937239
3706,노원구,205105.507880256,562767.7274948485,4,0,1.0,1,2,0,1138.620003390127,0,0,0,3,3758.612903225806,4,0.3780361293197091
3707,성북구,203534.14428598352,555575.60584385,2,2,0.5,1,1,0,348.24744581912694,0,0,0,0,405.5806451612903,6,1.0774408126515844
3708,성북구,203513.43608091632,555496.0446505734,3,2,0.3333333333333333,0,1,0,414.2188989201587,0,0,0,1,405.5806451612903,6,2.562413424928204
3709,성북구,203391.093123338,555144.799050168,1,1,1.0,0,2,0,490.7356397077953,0,0,0,1,75.41935483870968,6,0.8141573868670982
3710,양천구,187949.302355223,548878.992303871,2,2,0.5,1,2,0,557.8331916737161,0,0,0,4,3821.645161290323,4,5.433406140757183
3711,성북구,204327.09526384348,556354.2558644965,2,2,0.5,0,2,0,191.4781913772384,0,0,1,3,1615.6774193548385,4,8.333333333333332
3712,노원구,204962.160391457,563432.4706396814,4,0,1.0,1,2,0,695.2353777605165,0,0,0,1,1664.2258064516127,5,0.8563656185384911
3713,성북구,204476.572479445,556432.758750257,2,2,0.5,1,2,0,339.3053220758201,0,0,0,0,3083.354838709678,3,2.8182860122691444
3714,성북구,204644.915466685,556550.417511577,1,0,1.0,1,2,0,529.2477618951141,0,0,0,2,1928.516129032258,2,1.804362349367589
3715,성북구,204781.05986684,556631.8226221015,2,2,0.5,0,2,0,684.4517264269565,0,0,0,0,950.8064516129032,1,1.495424491400333
3716,성북구,205186.04310507732,556908.7306728576,3,2,0.3333333333333333,1,2,0,649.9170105596124,0,0,0,2,3689.677419354839,5,4.609424298991662
3717,성북구,205504.687139929,557138.357671844,1,1,1.0,0,2,0,257.6483220968908,0,0,0,2,1039.8387096774193,4,3.4008307216446454
3719,성북구,205937.533003105,556412.2771892883,3,0,1.0,1,2,0,885.4676509156573,0,0,0,0,1167.3548387096776,5,2.3492136647484685
3720,성북구,205825.500727035,556406.407962925,4,0,1.0,1,2,0,871.2735294338436,0,0,0,2,1167.3548387096776,6,0.6121017253654534
3721,강서구,187982.596237513,550222.9461839705,4,1,1.0,1,2,0,367.6375409842144,0,0,0,0,3722.7741935483873,3,3.673544508085636
3722,동대문구,205875.7803158965,556263.3509837985,2,2,0.5,0,2,0,1013.9706189605542,0,0,0,2,1167.3548387096776,4,0.9396446904919268
3723,성북구,205697.0858857465,556610.267622825,2,2,0.5,1,2,0,662.1936065094819,0,0,0,2,918.3870967741934,4,0.60621168989762
3724,성북구,205605.174032775,556723.621561927,1,1,1.0,0,2,0,561.2004021086997,0,0,0,0,958.4838709677418,2,
3725,성북구,205524.3881798297,556831.9144105649,6,2,0.8333333333333334,1,2,0,483.553671189804,0,0,0,1,618.483870967742,3,0.6850702344827594
3726,성북구,205180.3580691993,557256.3373771313,3,2,0.3333333333333333,1,2,0,544.9068335716704,0,0,0,3,1141.3225806451612,2,0.442577949000249
3727,노원구,206496.94829039325,559050.053275074,4,2,0.5,0,2,0,1399.6827273561275,0,0,0,2,754.3870967741937,5,3.3946047272280384
3729,성북구,204256.0910494005,557540.623868423,2,2,0.5,1,1,0,609.1112445747391,0,0,0,2,5166.129032258064,10,2.306576515163332
3730,성북구,204357.616911215,557467.6306133172,4,0,1.0,1,2,0,647.6755669816233,0,0,0,6,5958.8387096774195,8,2.50142152229999
3731,성북구,204575.211381784,557302.714363128,2,2,0.5,0,2,0,791.0543251147737,0,0,0,1,2406.032258064516,6,1.6760774926945623
3732,성북구,204712.4756919514,557188.7098385713,5,1,1.0,1,2,1,911.8120147135425,0,0,0,4,1798.3548387096773,6,3.1461057088388604
3733,성북구,205115.07533523333,556714.4931787597,6,2,0.5,1,2,0,826.2753211251694,0,0,0,1,7779.74193548387,5,0.525748384305178
3734,성북구,205195.99060909965,556613.7830796371,3,2,0.3333333333333333,1,2,0,844.3792661990565,0,0,0,2,4136.483870967742,6,0.3712179336966237
3735,성북구,205270.0271670015,556530.2076945045,2,2,0.5,1,2,0,870.1172138427348,0,0,0,2,3908.1935483870966,5,0.3636637705698161
3736,성북구,205413.2762441553,556360.433641338,3,0,1.0,1,2,0,963.2842076429184,0,0,0,1,3637.032258064516,6,0.2706328529771736
3737,성북구,205473.784905618,556228.107078432,1,0,1.0,1,2,0,1073.5797773270135,0,0,0,2,2973.8387096774195,6,1.2166658999999964
3738,성북구,205224.4823045,556743.324404762,1,1,1.0,0,2,0,727.9579276171214,0,0,0,0,5526.0,5,0.4338194017242003
3739,도봉구,204098.9313295488,563508.914376664,4,0,1.0,1,2,0,282.0559551402722,0,0,0,3,733.8709677419355,8,0.9956071182842408
3740,성북구,204325.511465442,557111.5882225084,5,1,1.0,1,2,1,523.7182888415379,0,0,0,5,2203.967741935484,3,13.559987409161243
3742,도봉구,204092.8775076956,562732.5768227516,5,2,0.6,1,2,0,259.61201257132626,0,0,0,2,1879.1935483870968,6,1.4210892294129411
3743,성북구,204445.1352023015,557089.9113296935,2,1,1.0,0,2,0,644.3806756647591,0,0,0,2,2203.967741935484,4,5.542309124977886
3744,노원구,206155.1521232553,557818.7677108673,3,2,0.3333333333333333,1,2,0,695.7655576087711,0,0,0,2,1596.3870967741937,3,3.950818260848029
3745,노원구,206430.41370169385,557460.28650921,5,2,0.6,1,2,0,357.2953108337536,0,0,0,0,1768.0322580645163,7,3.2868883494414898
3746,성북구,203786.557788559,557152.579684676,1,0,1.0,1,2,0,24.096123227266595,1,1,1,3,3933.935483870967,2,5.289092026940878
3747,노원구,205740.59440299976,557190.8282493002,4,0,1.0,1,2,0,82.52105709866072,0,1,1,8,13684.322580645161,7,14.253129411919058
3749,도봉구,203103.94300940432,562054.7517438369,3,1,1.0,0,2,0,215.5208420354149,0,0,0,3,5475.064516129032,8,1.6002418761870985
3750,노원구,205029.60484879176,558800.9129017048,4,2,0.5,1,2,0,1353.6363106680135,0,0,0,3,4942.645161290323,3,5.957526548968304
3751,성북구,204217.393214681,556729.236282191,1,1,1.0,0,1,0,345.03905278206486,0,0,0,3,341.1612903225806,3,16.204965938075635
3752,성북구,204283.709695394,557376.101979124,1,1,1.0,0,2,0,538.7241440515378,0,0,0,2,5225.419354838709,6,1.610200940898885
3753,성북구,203274.40562166,554859.246478527,1,2,0.0,0,2,0,646.5917209525039,0,0,0,1,5765.32258064516,5,0.4348647387201509
3754,성북구,203460.3870873565,555312.312147958,2,2,0.5,1,2,0,455.6486257486982,0,0,0,1,276.80645161290323,5,4.8873632467176735
3755,성북구,204015.54061220848,556076.3558120135,2,2,0.0,0,1,0,340.1547522606159,0,0,0,1,890.0,3,2.750988513650571
3756,성북구,204051.233319094,557703.12535251,1,0,1.0,1,2,0,620.8925562560004,0,0,0,3,3520.4516129032263,11,7.676828963636175
3757,성북구,204167.738336361,557607.381153328,2,2,0.5,1,2,0,597.7761765368198,0,0,0,2,1838.6774193548385,10,1.6775733885416422
3758,성북구,204484.372690908,557367.271767588,3,2,0.3333333333333333,0,2,0,720.7668744315998,0,0,0,2,3896.3548387096776,8,0.3717481692556331
3763,성북구,204860.007530967,557297.345862099,1,2,0.0,0,1,0,865.4109606579664,0,0,0,4,1129.3225806451612,6,0.4979101777732708
3765,성북구,204174.43881814036,556473.021193671,3,2,0.3333333333333333,0,1,0,87.20260831495314,0,1,1,3,1547.3225806451612,4,11.751063978777069
3766,성북구,204178.089917257,556544.282924537,1,2,0.0,0,1,0,156.02383475680065,0,0,1,3,624.1935483870967,4,15.436433760903794
3767,양천구,188507.341155468,546570.4597473722,5,1,1.0,1,2,1,1033.505796268174,0,0,0,2,4110.129032258064,12,0.9471742471977151
3768,성북구,203041.36866501372,556355.2284689385,4,2,0.0,0,2,0,447.1994268425484,0,0,0,1,1644.4193548387098,6,0.5289277968249569
3769,성북구,203298.2582295515,556084.530555665,2,2,0.5,0,2,0,212.8378500445651,0,0,0,3,3007.0967741935483,9,1.653076280358269
3770,성북구,205550.18788784972,556377.0267244992,4,2,0.5,1,2,0,911.767714806726,0,0,0,0,2859.451612903226,7,0.2404965174937601
3772,노원구,207624.78126256305,558297.427132067,2,2,0.5,1,2,0,923.3815721761664,0,0,0,1,2043.3870967741934,8,3.996390731216005
3773,성북구,205880.30561374,557136.64754922,1,2,0.0,0,2,0,205.8923546115902,0,0,0,2,15141.129032258064,5,3.903922922056762
3774,양천구,187404.0274880875,546093.908875493,4,0,1.0,1,2,0,553.6086212056069,0,0,0,2,2217.8064516129034,6,4.152856291588872
3775,강북구,202967.4854880557,557314.7216654557,4,2,0.25,0,2,0,63.51267015789898,0,1,1,3,1652.741935483871,9,0.0
3776,강북구,203027.1008298584,557069.5769272848,5,2,0.4,0,2,0,113.1026354706222,0,0,1,2,3130.806451612903,7,2.046713903967614
3778,성북구,203138.383883214,556776.647747336,2,2,0.5,0,2,0,200.89311543721075,0,0,0,2,10967.0,10,8.18111589995464
3780,성북구,202102.48616137868,556586.1571469409,3,2,0.0,0,1,0,531.4765182863073,0,0,0,1,2427.354838709677,7,15.650084173073584
3781,성북구,202193.473124996,556942.21784023,2,2,0.5,1,1,0,489.3785843280373,0,0,0,2,133.3548387096774,5,11.605623971560089
3782,성북구,202089.014114066,556914.7315860476,3,2,0.0,0,2,0,597.1832191138215,0,0,0,1,3430.4193548387098,5,13.684022618516078
3783,강북구,201345.51312616275,557760.3711371972,4,2,0.5,1,2,0,506.2284309540232,0,0,0,3,3722.0322580645156,7,24.940853681805955
3784,종로구,200482.7412769385,552832.8264312835,2,2,0.5,1,2,0,509.1441774883661,0,0,0,1,1924.5806451612905,8,5.158574771322495
3785,종로구,200178.06190325,552639.4115148765,7,2,0.7142857142857143,1,2,1,265.8180371227102,0,0,0,2,3911.8064516129034,6,3.08206596902373
3786,종로구,200339.52507784,552388.1265361047,4,2,0.5,1,2,0,94.15116027634348,0,1,1,2,13247.516129032258,10,0.4509454477165597
3787,종로구,200668.38860555863,552599.1344117686,3,2,0.3333333333333333,1,2,0,346.8148650362815,0,0,0,0,3097.967741935484,6,8.580005461144182
3788,양천구,186741.642033512,545806.080425318,3,2,0.3333333333333333,1,2,0,778.7672738419529,0,0,0,2,1728.483870967742,1,13.86095224732234
3789,양천구,186892.1521600653,545872.1924225059,3,0,1.0,1,2,0,667.6831826697406,0,0,0,0,1728.483870967742,3,6.384517094594735
3791,도봉구,204272.90804112435,560838.0259412216,3,2,0.6666666666666666,1,2,0,680.7094826681921,0,0,0,2,516.9354838709678,4,0.3164590635330751
3792,양천구,189882.532293392,548869.1241671355,2,0,1.0,1,2,0,1275.9346747449126,0,0,0,0,0.0,9,7.523552260916079
3793,강서구,187842.7991354357,549560.5458177493,3,2,0.3333333333333333,1,2,0,197.32811950363245,0,0,1,3,5853.129032258064,3,6.6643000143291085
3794,양천구,187812.681488167,549390.2981816665,2,0,1.0,1,2,0,368.2639579249573,0,0,0,0,5853.129032258064,2,3.102639865705079
3795,양천구,187907.43141032837,549815.2314971077,3,2,0.3333333333333333,1,2,0,50.12808387019785,0,1,1,0,3827.3870967741937,4,2.5705332371948173
3796,양천구,188750.256834264,547824.1799046717,3,0,1.0,1,2,0,862.8012179895145,0,0,0,1,661.0322580645161,11,0.746965890273407
3797,양천구,186194.8110509325,545567.5907169385,2,0,1.0,1,2,0,1281.364470892541,0,0,0,3,7974.032258064517,8,3.475907321792177
3798,양천구,186418.647007246,545674.4537272365,2,2,0.5,1,2,0,1056.5463976832634,0,0,0,1,2429.8064516129034,3,14.96938621996338
3800,양천구,187172.965061183,546238.07385879,2,2,0.5,1,2,0,307.6200982979359,0,0,0,1,1960.2903225806454,8,5.237828972824516
3801,양천구,187070.07902989257,546535.0167821673,7,2,0.5714285714285714,1,2,0,22.83951875702105,1,1,1,3,5863.548387096774,8,3.3620043530734374
3802,양천구,188478.41193321368,546076.0941073486,3,1,1.0,1,2,0,1178.7114127562834,0,0,0,3,1843.1290322580644,8,0.4066695937910877
3803,양천구,188169.883238573,546514.6588853834,3,2,0.6666666666666666,1,2,0,909.4024918512422,0,0,0,1,3413.8709677419356,12,0.8497362348544731
3804,양천구,188353.46254206932,546642.361807607,3,0,1.0,1,2,0,882.690685443226,0,0,0,0,3177.6774193548385,13,4.198682217742329
3805,양천구,188036.59109749377,546459.553423329,4,1,1.0,1,2,1,924.644973614805,0,0,0,0,2078.064516129032,13,0.2275122070942862
3806,양천구,187895.070338,546403.052175818,1,0,1.0,1,2,0,851.8940333319446,0,0,0,1,2480.1612903225805,12,0.1258065729182167
3807,양천구,187585.855912487,546268.279316427,1,0,1.0,1,2,0,591.0985241706225,0,0,0,1,2057.548387096774,7,0.237726182531901
3808,양천구,187763.3880716303,546350.43695371,3,2,0.3333333333333333,1,2,0,732.1150900735784,0,0,0,1,2414.322580645161,11,0.5023696830105766
3809,양천구,187683.202760996,546125.2075405805,2,2,0.5,1,2,0,745.3988019545503,0,0,0,1,2057.548387096774,10,0.075825759408555
3810,양천구,187823.6820925035,546180.2261360737,4,2,0.25,1,2,0,844.0384308054676,0,0,0,0,2123.3870967741937,11,0.6369097946499558
3811,양천구,188084.52923499068,546318.8044940786,3,2,0.6666666666666666,1,2,0,1052.7273703625942,0,0,0,0,2274.3870967741937,13,0.3607843616003118
3812,양천구,188202.583718061,546345.047122561,1,0,1.0,1,2,0,1079.9361716757044,0,0,0,1,3413.8709677419356,10,1.057371228147256
3813,양천구,188439.276001358,546475.425945792,1,0,1.0,1,2,0,1068.9106664865126,0,0,0,1,2891.8709677419356,12,1.5138753945389405
3814,양천구,188562.590825425,546702.7820398987,3,2,0.6666666666666666,1,2,0,975.583479102872,0,0,0,2,2008.8709677419356,10,0.7829741397448615
3815,양천구,188598.6017333185,547076.6866863887,4,2,0.75,1,2,0,806.1468567284445,0,0,0,1,673.2903225806451,10,0.4486428354484273
3816,양천구,188404.331254435,546877.6631900079,2,0,1.0,1,2,0,740.9879823109723,0,0,0,0,1428.6451612903224,12,0.1920258066555972
3817,양천구,188448.1489824932,547131.9665697176,5,2,0.8,1,2,0,645.8758542033122,0,0,0,0,1794.6129032258063,10,0.2816267654570821
3818,양천구,187624.199468156,546695.9786083237,4,0,1.0,1,2,0,599.1079334549697,0,0,0,3,833.8064516129033,6,3.0661073101770397
3819,양천구,188894.8465066045,547603.3191385785,2,0,1.0,1,2,0,1071.4133481364402,0,0,0,2,1257.5483870967741,15,1.8090997977066796
3820,양천구,189019.818460978,547863.578234964,1,0,1.0,1,2,0,1080.6926426188293,0,0,0,1,2675.064516129032,14,0.4523028667843368
3821,양천구,189107.630981173,547843.5110511134,3,0,1.0,1,2,0,1168.7458583754212,0,0,0,0,4025.1612903225805,11,0.3328750211720728
3822,양천구,189166.946026098,548172.965673058,1,0,1.0,1,2,0,1133.132406926897,0,0,0,1,4159.387096774193,11,0.9349587383868574
3823,양천구,189354.87059582048,548431.110691075,4,2,0.25,1,2,0,1314.1552495414005,0,0,0,0,8494.225806451614,13,0.2287258958669857
3824,양천구,189957.709384922,548692.738764212,1,0,1.0,1,2,0,1448.6968565804534,0,0,0,0,3642.5806451612902,7,5.011006012985666
3825,양천구,189864.3181322768,548654.5478205692,4,2,0.75,1,2,0,1409.2696649959846,0,0,0,1,3642.5806451612902,9,0.1162944436990128
3826,양천구,189556.343071156,548523.6414850841,2,0,1.0,1,2,0,1330.4817888014177,0,0,0,1,8494.774193548388,9,0.3174592443610239
3827,양천구,189853.9163338155,548953.823294927,2,2,0.5,1,2,0,1200.9907689218517,0,0,0,0,0.0,8,9.14689754640015
3829,양천구,189655.08248842636,549425.6105046814,3,0,1.0,1,2,0,797.0268923522187,0,0,0,4,1823.0,2,8.356038209035578
3830,양천구,189599.346894235,548723.341425114,1,0,1.0,1,2,0,1186.251480375218,0,0,0,1,4750.580645161291,12,0.4613095332016452
3831,양천구,189394.162538206,548645.444110378,4,2,0.75,1,2,0,1147.1122888651323,0,0,0,0,7427.193548387097,11,0.1480879226296879
3832,양천구,189176.3948025895,548525.542581182,2,0,1.0,1,2,0,1148.6114597241071,0,0,0,1,4989.483870967742,11,0.4257484586768963
3833,양천구,189083.68289866296,548470.5162767034,2,2,0.5,1,2,0,1048.566500303183,0,0,0,0,6188.387096774193,9,3.2118259858521325
3834,양천구,189017.157996843,548283.5070527,2,0,1.0,1,2,0,973.5792208682244,0,0,0,1,3589.4193548387098,13,4.2066541334101215
3836,양천구,188945.41886988268,547965.560789444,3,0,1.0,1,2,0,971.4547111625474,0,0,0,0,5065.58064516129,12,2.074568175151971
3837,양천구,188972.263200873,548065.245696263,1,0,1.0,1,2,0,964.4739359104695,0,0,0,1,2390.516129032258,14,3.0132775056820904
3838,양천구,188592.79605743903,547850.510900761,3,2,0.3333333333333333,1,2,0,708.6968943693765,0,0,0,0,1023.6129032258065,7,0.1934590645141417
3839,양천구,188558.267022697,547747.534573743,1,0,1.0,1,2,0,731.2172772882811,0,0,0,1,1023.6129032258065,8,0.1437700527344117
3840,양천구,188553.5770944005,547654.052791967,2,2,0.5,1,2,0,756.5342444091101,0,0,0,1,1023.6129032258065,9,0.4735918034206336
3841,양천구,188257.132618285,547090.959567266,1,1,1.0,0,1,0,494.10013824921487,0,0,0,0,3644.935483870968,9,0.4118057530116085
3842,양천구,188957.4926558576,548932.726615978,5,2,0.6,1,2,0,748.7824279894213,0,0,0,1,404.64516129032256,3,3.975254381420577
3843,양천구,188481.9404128595,548185.1114686362,4,0,1.0,1,2,0,460.4616946175324,0,0,0,0,2804.8709677419356,6,4.271656478372948
3845,양천구,188497.1470754065,548398.475815827,2,2,0.5,1,2,0,457.7341368369612,0,0,0,3,3142.7741935483873,10,0.6819012450148687
3846,양천구,188645.82501193936,548567.3812384183,3,0,1.0,1,2,0,646.5672942715988,0,0,0,1,2776.4193548387093,10,12.469400771609008
3847,양천구,188733.348621211,548678.751138357,2,0,1.0,1,2,0,772.2433858205326,0,0,0,4,2323.709677419355,8,0.745938958625804
3848,양천구,189390.355007428,549200.552621301,2,0,1.0,1,2,0,687.5566355566672,0,0,0,0,1160.5483870967744,3,9.03049592671068
3849,강북구,201103.9043319498,562615.9620704374,5,2,0.8,1,2,0,1866.9894629627283,0,0,0,6,4805.451612903226,4,5.270051196881636
3850,양천구,187936.99926202552,548326.4983378046,2,2,0.5,1,2,0,107.69863894147424,0,0,1,0,4116.064516129032,6,4.688777616914657
3851,강서구,187934.574806149,548464.945457927,2,2,0.0,0,1,0,174.64081874981906,0,0,1,1,5741.677419354839,4,3.2417902732926147
3852,양천구,187937.52699619037,548611.569479077,3,2,0.3333333333333333,1,2,0,301.851021671952,0,0,0,2,5741.677419354839,5,4.2797835445061
3853,양천구,187948.094121352,548772.2580476046,3,2,0.6666666666666666,1,2,0,453.2933564160483,0,0,0,2,6715.129032258064,4,4.486780955318264
3854,강서구,187954.0887247015,549042.647295366,2,2,0.5,1,2,0,702.0859086950811,0,0,0,1,5945.129032258064,4,5.209738475739947
3855,양천구,187883.71291390748,549242.9482188672,4,2,0.25,1,2,0,501.8156866788335,0,0,0,2,4104.870967741936,2,3.438990547993145
3856,양천구,187750.310174908,547465.415181278,1,0,1.0,1,2,0,122.18260858348884,0,0,1,0,7552.451612903226,11,0.3427558025437719
3857,양천구,187761.44377014705,547371.1108137347,3,2,0.3333333333333333,1,2,0,35.03054339088192,1,1,1,0,7552.451612903226,10,0.5775454036729766
3858,양천구,187633.8448581925,547483.308095866,2,1,1.0,1,2,0,177.28851513353555,0,0,1,0,2675.8064516129034,10,0.4896184095355889
3859,노원구,206107.4419002818,558681.1200274258,5,2,0.8,0,2,0,1248.4485245927551,0,0,0,2,1147.258064516129,6,0.9482178954967384
3860,양천구,188249.21794202732,545664.0836831414,3,2,0.6666666666666666,1,2,0,745.0843089028468,0,0,0,2,1299.483870967742,7,2.4220539253333824
3861,노원구,205397.17925084068,559104.1484730366,3,0,1.0,1,2,0,1700.945270186284,0,0,0,4,3795.0,2,0.0982021574208917
3862,양천구,186242.3244057395,546735.5806760658,4,0,1.0,1,2,0,226.33165712213489,0,0,0,2,2819.548387096774,8,6.762322139638807
3863,노원구,206207.36607239972,558790.3903866764,4,1,1.0,1,2,0,1279.8355413446104,0,0,0,2,2768.0,7,0.5073386487273742
3864,노원구,206513.28977293105,557641.8404524414,3,1,1.0,0,2,0,370.9736024490064,0,0,0,1,3776.8709677419356,8,0.7451647093654934
3865,노원구,206352.563021164,558254.51554463,1,0,1.0,1,2,0,765.8093366728035,0,0,0,0,1610.1612903225805,10,0.5786684772960212
3866,노원구,206411.052267027,558031.7782811424,3,2,0.3333333333333333,0,2,0,576.6664462231893,0,0,0,3,2284.0,12,0.3759791533519478
3867,노원구,206318.58966886275,558383.350311245,4,1,1.0,1,2,0,884.259436689729,0,0,0,4,1263.3548387096773,10,1.1670997773115843
3870,노원구,206553.612887384,561680.0854463375,4,2,0.75,1,2,0,559.7996268639441,0,0,0,0,0.0,7,5.051223982572198
3871,양천구,185407.53479655948,546265.3651833329,2,0,1.0,1,2,0,1013.2256706727906,0,0,0,2,2422.8709677419356,5,9.588686212251384
3873,노원구,207013.068927773,558200.00302471,1,1,1.0,0,2,0,501.5733139001358,0,0,0,2,1637.6451612903224,8,1.826589998873883
3874,양천구,190117.942953246,548359.865052258,1,0,1.0,1,2,0,1148.4994025766543,0,0,0,1,279.93548387096774,3,8.310754890382631
3875,노원구,205824.8320639705,562590.293544146,2,2,0.5,1,2,0,738.4780370784556,0,0,0,4,4429.677419354839,5,3.56885859504794
3876,노원구,206114.395099625,559976.717725112,3,1,1.0,1,2,0,1736.5911981092174,0,0,0,2,556.5806451612904,7,0.9368711362133612
3877,노원구,204646.9680310135,563475.49204879,2,1,1.0,1,2,0,678.3684840949228,0,0,0,4,2068.4193548387098,2,0.7497925128632469
3878,강북구,204176.07399151105,558557.1346515811,2,0,1.0,1,2,0,680.5435087322392,0,0,0,3,1612.8387096774193,5,2.781353236397385
3879,노원구,206652.8574172252,558553.5628083972,5,2,0.2,0,2,0,879.4902653956674,0,0,0,2,2177.3548387096776,5,3.2025561797336684
3880,노원구,206738.6825180227,558941.0148693024,3,1,1.0,0,2,0,1244.1223448142302,0,0,0,2,1106.2903225806451,3,1.907734119203717
3881,노원구,207500.68199214432,558722.7380460576,3,2,0.6666666666666666,1,2,0,1171.9616633844762,0,0,0,1,908.7741935483871,3,6.859127138987955
3882,노원구,206881.95657625023,558678.9407959527,4,2,0.75,1,2,0,971.0862518833434,0,0,0,5,2709.3225806451615,6,3.5086607307216924
3883,양천구,185806.968188668,546421.4173723052,5,2,0.8,1,2,0,631.1773179555075,0,0,0,0,3721.516129032258,6,3.614203315854437
3884,노원구,206980.5394483885,558589.0011866533,4,2,0.75,1,2,0,883.161535801796,0,0,0,2,3978.935483870968,6,4.168640197269754
3885,양천구,186553.824475887,547008.7432732414,2,2,0.5,1,2,0,274.3646935890624,0,0,0,0,6722.58064516129,5,8.854065950500239
3886,양천구,186439.655115241,546940.590760346,2,2,0.5,1,2,0,281.3675948896937,0,0,0,2,6722.58064516129,7,8.493734321348906
3887,노원구,206351.2557195025,559422.2499181521,2,1,1.0,0,2,0,1798.0937540123157,0,0,0,1,275.741935483871,4,2.7072937661396543
3888,도봉구,204671.069404525,561642.289226948,1,0,1.0,1,2,0,361.417897396732,0,0,0,0,2026.4193548387098,6,8.891958421538616
3889,양천구,186129.0667154875,546624.3912214275,4,2,0.25,1,2,0,322.69033225717925,0,0,0,3,6914.354838709678,6,4.832319435230037
3890,노원구,206478.71050775264,558858.8507850923,3,2,0.6666666666666666,1,2,0,1223.1690025717237,0,0,0,1,1383.2258064516127,6,2.1181321997408395
3891,양천구,187061.356700316,547254.6417806371,3,2,0.3333333333333333,1,2,0,226.06333841100223,0,0,0,2,7562.58064516129,7,2.3827883808011663
3893,양천구,187300.5101047313,547295.3192682207,3,2,0.3333333333333333,1,2,0,205.9653922160865,0,0,0,0,3970.7419354838707,8,16.461499191271685
3895,노원구,206078.4383147765,560115.2914749025,2,2,0.5,0,2,0,1593.8880700102966,0,0,0,2,910.5483870967743,7,1.731079296226158
3896,노원구,205927.7458053708,560518.1193655398,5,1,1.0,1,2,1,1163.9195400802128,0,0,0,2,108.87096774193549,4,0.2550060263255282
3897,노원구,205776.6836233755,561413.7136926011,2,2,0.5,1,2,0,305.5515011308126,0,0,0,0,0.0,5,1.2639965397870394
3898,노원구,205881.1728565405,560637.4643292534,2,2,0.5,0,2,0,1035.9364858887327,0,0,0,2,3338.806451612903,5,1.2043019637794927
3899,노원구,207543.17815533897,558193.8248021555,2,1,1.0,0,2,0,794.9320800825071,0,0,0,1,1768.8709677419356,9,1.8753464186307949
3900,도봉구,202466.1791535027,561763.4077868933,3,2,0.3333333333333333,1,2,0,521.3881716231542,0,0,0,1,3292.8709677419356,3,19.04497067816536
3902,노원구,206371.52664530263,559652.3657209934,3,2,0.3333333333333333,1,2,0,2013.6521906952237,0,0,0,0,614.483870967742,7,4.524248282586303
3903,노원구,206392.9808464673,562270.0232593353,3,1,1.0,1,2,0,92.97459297683302,0,1,1,4,13030.129032258064,12,7.140967771067691
3904,노원구,207575.608211741,558077.602727608,2,0,1.0,1,2,0,757.9343661130841,0,0,0,0,2423.258064516129,9,2.575664047983933
3905,노원구,207493.9698572113,558021.8138237357,3,2,0.3333333333333333,1,2,0,659.5212526170561,0,0,0,0,0.0,6,2.764485936024877
3906,노원구,206224.12066247105,559053.1916515983,3,2,0.0,0,2,0,1501.5530672092116,0,0,0,3,999.5483870967741,7,1.928137029330165
3907,노원구,206295.5882122022,562366.647305638,5,2,0.4,1,2,0,217.3575921854545,0,0,0,3,3166.064516129032,9,1.8121811906682572
3910,노원구,206628.2684755243,562040.802016924,7,2,0.7142857142857143,1,2,0,224.31386690906064,0,0,0,0,0.0,8,1.0355242296440537
3911,노원구,206340.52933054275,560389.3900148018,4,0,1.0,1,2,0,1461.689995015668,0,0,0,1,2653.0967741935483,6,3.0301250228447194
3912,강북구,201634.2799635032,558358.3796652633,6,2,0.6666666666666666,1,2,0,48.10008893442667,1,1,1,6,6230.612903225807,4,3.1511383573682634
3913,노원구,205588.719386457,557777.004410023,2,2,0.5,1,2,0,523.205723462869,0,0,0,3,1026.5483870967741,2,0.5695936203138589
3914,노원구,206226.83415211065,560324.964837152,3,2,0.3333333333333333,1,2,0,1460.292382313023,0,0,0,0,3008.935483870968,6,4.305978142280911
3915,노원구,207687.6535482995,558119.2874137432,4,2,0.75,1,2,0,876.2808484006365,0,0,0,2,2757.1612903225805,8,5.705934424019757
3916,노원구,204557.15764492875,564356.2718655545,4,1,1.0,1,2,0,265.8123851809643,0,0,0,0,874.3548387096774,3,10.246436786536634
3917,양천구,189187.65475398,547353.0839552439,2,2,0.5,1,2,0,1342.2193349113488,0,0,0,0,6099.838709677419,6,7.8893173628007585
3918,중구,202145.606554362,551558.286866301,2,2,0.5,0,2,0,285.3241701938968,0,0,0,0,4180.806451612903,5,26.56856398360397
3920,노원구,206815.27696571895,559833.070289134,3,2,0.3333333333333333,1,2,0,2126.9750834478423,0,0,0,2,985.741935483871,2,6.296249570625273
3921,도봉구,202015.53654739523,561982.5106392872,5,1,1.0,1,2,1,877.5731425029746,0,0,0,2,2322.4193548387098,1,3.0829464492254157
3922,노원구,206189.768147212,560911.1634287075,2,0,1.0,1,2,0,953.9005840216824,0,0,0,2,3552.9354838709673,6,1.8881947466929048
3923,양천구,185205.53306911077,547786.7631701042,4,2,0.75,1,2,0,12.774481775202998,1,1,1,2,2722.3870967741937,3,1.468335388529732
3924,양천구,185076.664844763,548052.503317418,2,2,0.5,0,2,0,125.60957109359391,0,0,1,2,2475.8387096774195,3,3.090930348441627
3925,노원구,207621.4247777675,558383.7687639855,2,0,1.0,1,2,0,978.2872265665844,0,0,0,1,3055.935483870968,7,8.316576420002875
3926,양천구,184697.529647842,548483.8495859359,2,2,0.5,1,2,0,129.67435048321397,0,0,1,2,2877.4193548387098,4,3.3296255045476286
3927,양천구,187596.667566832,546944.5242290337,4,1,1.0,1,2,0,407.8765055372862,0,0,0,3,2623.354838709677,9,3.258612432047029
3928,양천구,184508.408894176,548437.87142517,2,2,0.5,1,2,0,313.67160272090507,0,0,0,1,0.0,1,2.3589753583418016
3929,노원구,207586.4694665955,558458.3323403265,2,2,0.5,1,2,0,1007.5064371385808,0,0,0,2,2725.2258064516127,7,6.917463845127235
3930,양천구,184713.868955574,548887.1588543453,3,2,0.3333333333333333,1,2,0,442.58775484709446,0,0,0,2,3917.1290322580644,4,0.5670129394346309
3931,노원구,207571.4851442035,558571.6074795505,2,0,1.0,1,2,0,1085.2954454376347,0,0,0,2,2975.032258064516,6,7.776369216034749
3932,양천구,184921.03180707124,548899.9341544345,4,2,0.25,1,2,0,437.58959227110125,0,0,0,0,4461.5161290322585,6,1.2628473871746948
3933,강서구,185322.96470070572,548948.8788817832,4,2,0.75,1,2,0,580.6095985466002,0,0,0,1,3437.354838709677,6,1.5790485973797768
3934,양천구,185055.38212243305,548903.0187095914,3,2,0.3333333333333333,1,2,0,479.71984264525054,0,0,0,2,1990.2903225806451,6,2.3758473681410543
3935,노원구,207450.294664349,558854.7105828435,2,2,0.5,1,2,0,1265.7142575407006,0,0,0,0,249.80645161290323,2,7.284504310633319
3936,양천구,185334.42323714,548592.2534072058,6,2,0.6666666666666666,1,2,0,466.5863949922157,0,0,0,1,1094.5483870967741,5,0.9001399942141931
3937,양천구,185124.06852510505,548561.7237634567,3,2,0.6666666666666666,1,2,0,285.7228270874654,0,0,0,1,1881.1290322580644,4,0.5639902442495289
3938,노원구,206188.3788893325,560772.0727377075,2,2,0.5,1,2,0,1060.4106130693117,0,0,0,2,3682.967741935484,5,6.146944286852835
3939,양천구,186628.9093637916,547629.4250820604,5,2,0.8,1,1,0,127.60511399488642,0,0,1,0,82.96774193548387,7,7.735964134381152
3940,노원구,206398.25476792167,560228.9925150153,3,2,0.6666666666666666,1,2,0,1628.289146635312,0,0,0,2,3054.967741935484,6,0.0908325775965934
3941,관악구,195479.59320233,542178.835130005,1,0,1.0,1,2,0,294.1649963592948,0,0,0,0,1801.7096774193546,4,8.550872229227906
3942,양천구,188728.5267947499,546719.8161218951,8,2,0.625,1,2,0,1093.1797612022597,0,0,0,0,3718.483870967742,7,0.5982477473490366
3943,양천구,188836.251177346,546887.4898134522,3,2,0.3333333333333333,1,2,0,1099.503697930412,0,0,0,2,1354.8709677419356,5,0.1073917787647878
3944,양천구,188913.8391498797,547027.8465614143,7,2,0.7142857142857143,1,2,1,1120.0640916683656,0,0,0,1,3000.548387096774,4,0.1869168238312394
3945,노원구,207106.837694539,563324.578042019,1,0,1.0,1,2,0,144.52746418469516,0,0,1,2,966.4516129032257,7,6.0603246470130046
3946,양천구,188752.26033779277,547054.8362384797,4,2,0.75,0,2,0,958.1095674197652,0,0,0,0,439.7096774193548,6,0.3907889733181162
3947,양천구,188856.3541460677,546552.5057057854,3,0,1.0,1,2,0,1296.4430599387877,0,0,0,2,1145.3548387096776,3,1.1868357786958494
3948,양천구,189216.19436644448,546812.3035504564,2,1,1.0,0,2,0,1477.660144682966,0,0,0,1,171.3548387096774,1,4.377271590900473
3949,양천구,188979.9020862175,545980.9828787615,2,0,1.0,1,2,0,1537.7399870271313,0,0,0,0,821.8064516129032,1,3.763488732010976
3950,도봉구,204174.883543116,561081.5567072334,2,0,1.0,1,2,0,438.4917152903101,0,0,0,2,412.96774193548384,5,0.8739844449444926
3951,노원구,205083.8018997875,561559.42594785,4,0,1.0,1,2,0,70.00747404146914,0,1,1,3,5670.129032258064,3,0.7745223623512192
3952,양천구,188468.63344221748,545751.3770723189,4,2,0.5,1,2,0,978.6109117312508,0,0,0,2,2034.0967741935483,7,4.627441682591347
3953,양천구,187849.08667556368,546977.397966833,3,2,0.6666666666666666,1,2,0,380.5317513646966,0,0,0,3,2369.967741935484,8,1.0320492033758315
3955,양천구,187127.41651106268,546877.353108629,3,2,0.3333333333333333,1,2,0,145.17071962826063,0,0,1,3,4359.4838709677415,5,4.735076929141029
3956,양천구,187323.985838954,546905.039403044,1,0,1.0,1,2,0,340.05418364218934,0,0,0,1,1998.6129032258066,4,3.748674376842041
3957,노원구,206904.197016098,562994.328569411,1,0,1.0,1,2,0,530.2781861869391,0,0,0,2,1426.5483870967741,11,1.4105493844907002
3958,양천구,187882.972658408,546862.1050096999,4,1,1.0,0,2,0,500.7012739613321,0,0,0,2,2369.967741935484,8,0.4362678365744087
3959,노원구,206990.728740273,563137.561880608,1,0,1.0,1,2,0,363.31674157838233,0,0,0,1,875.1290322580645,11,5.412392339701668
3960,양천구,187963.4692445845,546676.977392836,2,2,0.5,0,2,0,697.3102804089692,0,0,0,1,218.67741935483872,9,0.3069090667278029
3961,노원구,206858.54554749967,562916.3833099114,3,2,0.3333333333333333,0,2,0,620.4220110681498,0,0,0,1,2866.1290322580644,10,1.3229219028492878
3962,노원구,207320.73319035533,563621.938010586,3,2,0.6666666666666666,1,2,0,223.13875767413276,0,0,0,2,664.8709677419355,4,3.123559914485744
3965,노원구,206654.089077556,562678.6752805336,3,2,0.6666666666666666,1,2,0,442.598952824703,0,0,0,3,2928.258064516129,10,8.389655987366508
3966,노원구,206700.017820737,562542.3459660651,2,0,1.0,1,2,0,346.0311199626851,0,0,0,2,1488.6774193548385,11,8.520132662956073
3967,노원구,204589.75787234705,558466.3313737813,3,0,1.0,1,2,0,1061.3214123716034,0,0,0,6,4224.064516129032,4,3.4158099892532925
3968,노원구,206678.687053125,562426.83127105,1,0,1.0,1,2,0,243.6909514914376,0,0,0,0,3813.0,10,4.157468738462171
3969,강북구,202007.21443594832,559933.2108451223,3,2,0.3333333333333333,1,2,0,256.0020509722667,0,0,0,0,682.0322580645161,4,1.3055717667125912
3970,노원구,205977.81274793152,560891.2951741915,2,2,0.5,1,2,0,844.0519011861055,0,0,0,2,1057.032258064516,6,0.6389702394041782
3971,노원구,206752.6188815908,563075.7080787898,5,2,0.4,1,2,0,574.6347954514322,0,0,0,0,1426.5483870967741,9,14.156662639769428
3972,노원구,204638.62929339567,562453.5085751837,3,1,1.0,0,2,0,859.6213000368449,0,0,0,0,531.1290322580645,2,4.708658095042757
3973,노원구,206579.1423303068,561899.482808525,4,2,0.25,1,2,0,344.13639343210133,0,0,0,0,0.0,8,2.6692212743877755
3974,양천구,185980.64963069625,546944.2007768105,4,2,0.25,1,2,0,177.69198846864586,0,0,1,2,3796.967741935484,6,1.6958496975494817
3975,노원구,206283.203407828,561192.9680312,2,2,0.5,0,2,0,847.6086272668333,0,0,0,2,1706.9354838709678,7,1.6630889611170356
3976,노원구,206761.00728987277,560903.4471498835,4,0,1.0,1,2,0,1356.5986884332142,0,0,0,2,2922.5806451612902,4,0.4694096320432687
3977,노원구,206652.47619566368,562240.1039347163,3,2,0.3333333333333333,1,2,0,129.1305374605016,0,0,1,0,6188.967741935484,10,2.597255052909565
3978,노원구,206666.041004659,562328.061351467,1,1,1.0,0,2,0,168.16915251258945,0,0,1,0,5363.129032258064,11,5.470251949783081
3979,노원구,206548.0239129205,558074.078588747,4,2,0.25,1,2,0,500.3795967925088,0,0,0,1,1992.483870967742,9,2.9022520194669887
3980,노원구,206510.59831423964,558203.216543715,3,2,0.3333333333333333,1,2,0,623.6528936839574,0,0,0,2,1992.483870967742,10,1.3866667514186186
3981,노원구,206580.4109866633,557936.9103367539,3,2,0.3333333333333333,1,2,0,383.7378871608653,0,0,0,0,2847.6129032258063,9,1.4652994446375445
3982,노원구,206615.8418260135,557817.9688143125,4,2,0.75,1,2,0,293.0476145718389,0,0,0,2,2008.8387096774193,10,1.9299125175557268
3983,노원구,206533.6525657855,558502.026106539,2,2,0.5,1,2,0,871.0504121333612,0,0,0,2,3613.064516129032,7,1.611979399566632
3984,노원구,205720.69804919465,560436.7208712763,3,0,1.0,1,2,0,1183.578659992207,0,0,0,2,2794.935483870968,7,2.144684546197766
3985,노원구,205618.766440745,560407.0478448605,4,2,0.5,0,2,0,1184.834445293177,0,0,0,0,2961.7096774193546,6,0.3803548921267108
3986,노원구,206300.027450248,558815.4732680415,4,0,1.0,1,2,0,1255.2737395906884,0,0,0,2,2084.0322580645156,7,1.2545610930735407
3987,노원구,206368.4815328455,558663.817407563,2,2,0.5,1,2,0,1089.2563765943148,0,0,0,0,3710.387096774193,9,1.0686251822107509
3988,양천구,189413.216072657,547719.932140649,1,0,1.0,1,2,0,1498.1191805129906,0,0,0,0,0.0,1,5.855823382949519
3989,노원구,205817.253187987,560169.4662768892,4,0,1.0,1,2,0,1467.6345851825197,0,0,0,1,4687.225806451613,8,1.0172967149654906
3990,노원구,204880.11482663525,564049.7400077337,4,1,1.0,1,2,0,73.41539977282456,0,1,1,2,5204.322580645161,4,5.056842162188211
3991,노원구,205253.14716814,559271.897596537,1,0,1.0,1,2,0,1572.7936733372048,0,0,0,1,1756.2903225806454,3,1.9487654590814247
3992,노원구,205326.029857641,559182.584984817,1,0,1.0,1,2,0,1634.771423997293,0,0,0,2,3795.0,3,0.8034021477312929
3993,노원구,205916.101040975,558450.569262088,1,0,1.0,1,2,0,1194.082533214726,0,0,0,2,1031.6774193548388,3,4.038849405366149
3994,노원구,205793.713844195,558585.306483837,1,0,1.0,1,2,0,1315.2296195343074,0,0,0,2,2542.5806451612907,3,5.448744739161896
3995,성동구,202403.879128795,549837.406508861,2,2,0.5,1,2,0,547.777134610667,0,0,0,6,3811.5161290322576,4,12.766790924138368
3997,양천구,188058.610578156,547217.558063881,2,2,0.5,1,2,0,258.722842367951,0,0,0,2,7812.0,7,0.2051385743233632
3998,양천구,189057.26031187232,547575.8220132267,3,2,0.6666666666666666,1,2,0,1226.4574803995008,0,0,0,0,2846.3225806451615,12,1.0274398311723216
3999,영등포구,190507.293202164,547522.176409223,4,2,0.5,1,2,0,414.62617525039934,0,0,0,0,1576.258064516129,10,2.470616048836864
4000,양천구,189761.138231821,547814.585396595,1,2,0.0,0,1,0,1192.6195601998772,0,0,0,0,0.0,3,0.5706619079970862
4001,양천구,189283.9363967005,547810.362648702,2,0,1.0,1,2,0,1343.56815960186,0,0,0,0,0.0,7,1.412048959956277
4003,노원구,206742.2650713263,560539.3087048694,3,0,1.0,1,2,0,1608.2143502154934,0,0,0,0,811.1612903225807,2,9.372306513406429
4005,강서구,187010.2861585075,551646.167324059,2,2,0.5,1,2,0,433.43000911368,0,0,0,2,1174.6451612903224,8,0.4321653510610179
4008,노원구,206025.398283879,558225.9216502986,3,0,1.0,1,2,0,1000.2130135987808,0,0,0,3,1083.3225806451612,4,1.659306763283528
4009,노원구,205181.01851595612,562396.9199163232,6,2,0.8333333333333334,1,2,0,773.1658305103663,0,0,0,1,4116.967741935484,3,0.1757314344027172
4010,노원구,206121.266202552,557970.3937735634,2,2,0.5,1,2,0,803.0733639097037,0,0,0,2,1118.1612903225807,5,1.396667871638826
4011,노원구,205258.995790927,559434.757382936,1,0,1.0,1,2,0,1610.490124600194,0,0,0,2,1061.3225806451612,2,3.698099590746485
4012,노원구,205675.3483934925,558713.960870947,2,0,1.0,1,2,0,1442.94608686497,0,0,0,4,2114.8387096774195,3,3.689470701562284
4013,노원구,205574.51219999552,558697.96829695,2,1,1.0,0,2,0,1434.0201417814776,0,0,0,1,2114.8387096774195,3,2.358346978507111
4015,노원구,205701.48246948465,559829.3324674546,5,1,1.0,1,2,1,1767.0485127951133,0,0,0,0,863.8387096774195,7,0.3032994513976088
4016,노원구,205662.042466595,559953.9458435285,2,1,1.0,1,2,0,1637.1610536046317,0,0,0,2,797.3870967741937,9,0.3073575188173549
4017,노원구,205759.92105327905,559683.0139552115,2,2,0.5,1,2,0,1922.2354098428332,0,0,0,3,395.48387096774195,7,0.5569998614354729
4018,노원구,205607.988440087,560095.5123909498,5,1,1.0,1,2,1,1488.161257243457,0,0,0,2,847.0322580645162,7,1.155662176513938
4019,노원구,205572.592435259,560193.745964697,1,0,1.0,1,2,0,1385.4270001903649,0,0,0,1,286.67741935483866,8,0.709911545258001
4020,노원구,205952.5683589323,559129.8202502383,3,1,1.0,0,2,0,1703.1234875907114,0,0,0,2,412.3225806451613,3,2.077421554809611
4021,노원구,206040.4335186414,558815.6509857108,5,2,0.6,0,2,1,1395.7385512298777,0,0,0,2,905.0967741935484,4,0.9351723802165068
4022,노원구,206245.5917445845,558357.293421532,2,1,1.0,0,2,0,914.084201447364,0,0,0,2,435.48387096774195,8,1.789870423106663
4023,노원구,205509.4195234508,560368.478513409,5,1,1.0,1,2,1,1203.3768345573503,0,0,0,3,197.45161290322582,5,2.595272535307238
4024,노원구,205929.80531213895,559193.0970025826,3,2,0.3333333333333333,0,2,0,1768.587758481128,0,0,0,2,503.4516129032258,4,0.8070186374262474
4025,노원구,205837.852908127,559449.972539924,4,0,1.0,1,2,0,2035.3026160509835,0,0,0,6,6102.8387096774195,5,0.5109122600653629
4026,노원구,206006.680386616,561474.4627689312,5,2,0.8,1,2,0,478.5253988627974,0,0,0,2,1763.7096774193546,4,0.2371277648111972
4028,강북구,203666.38433116875,559008.384138523,4,0,1.0,1,2,0,44.93740074195878,1,1,1,2,1509.1290322580646,10,3.108629763669365
4029,노원구,204910.698094858,558745.833680334,1,0,1.0,1,2,0,1248.6495517329631,0,0,0,5,6606.612903225807,4,8.097825762368705
4030,노원구,205678.1304214803,559325.2068500184,3,2,0.3333333333333333,1,2,0,2001.0212505780764,0,0,0,2,2017.4193548387098,2,1.205363245499118
4031,서초구,198955.915314341,542064.86971674,4,2,0.25,1,2,0,494.112155453412,0,0,0,3,1224.0967741935485,6,6.648569140042622
4032,노원구,206208.4708005925,559734.5726624224,4,0,1.0,1,2,0,1996.189054807739,0,0,0,3,6305.387096774193,8,2.2855524200658905
4033,노원구,206981.430622581,560940.9193760543,3,2,0.3333333333333333,0,2,0,1376.5986553128937,0,0,0,2,3233.677419354839,8,0.4992265065205241
4034,노원구,206529.014395445,560496.655095314,1,0,1.0,1,2,0,1489.1335345796929,0,0,0,2,1061.8387096774195,5,4.494521789008701
4035,노원구,206330.127282437,560898.904842879,1,0,1.0,1,2,0,1061.39955650541,0,0,0,2,5716.258064516129,6,1.6857336913924923
4037,노원구,207158.58105498695,561206.9987766852,4,2,0.75,1,2,0,1211.8920782473608,0,0,0,3,2116.193548387097,5,1.8550776286477224
4038,노원구,207147.17149477,561116.1681775573,3,2,0.3333333333333333,1,2,0,1284.5442843823937,0,0,0,2,2659.4516129032263,6,2.1833011841374983
4039,노원구,206883.78738308625,561225.9519873363,4,0,1.0,1,2,0,1075.3214214915604,0,0,0,2,11093.90322580645,8,1.3207072520676988
4040,성동구,202361.49879077435,552390.026284127,3,0,1.0,1,2,0,379.2954713211112,0,0,0,0,286.83870967741933,2,5.826637989066364
4041,노원구,206703.9988719028,561667.2269876696,5,1,1.0,0,2,1,599.6953022330243,0,0,0,1,1082.258064516129,7,0.695320078939711
4042,노원구,206551.7465407638,560886.9207281052,5,1,1.0,0,2,1,1240.4105003953405,0,0,0,2,3484.548387096774,3,3.308172486501704
4043,노원구,207118.691446329,560928.64927812,5,2,0.6,0,2,0,1439.3140120992068,0,0,0,3,2379.8387096774195,8,1.1500709801284732
4044,노원구,206576.44837320305,561233.274938095,3,2,0.6666666666666666,0,2,0,1007.1921532385812,0,0,0,1,494.16129032258067,6,2.629299358992796
4045,노원구,206662.99963707267,561231.797421223,3,2,0.3333333333333333,0,2,0,1016.903623011912,0,0,0,1,9154.741935483871,7,0.1378555234435197
4047,노원구,205915.21775151533,561774.3760919407,3,2,0.6666666666666666,1,2,0,396.26975283677183,0,0,0,1,1863.6451612903227,6,0.8758802809303983
4048,노원구,204767.15291924376,558916.4465907955,4,2,0.25,1,2,0,1076.9564320894638,0,0,0,2,2794.935483870968,4,17.018451539663573
4049,노원구,205547.302694795,557894.113053329,2,2,0.5,0,2,0,647.1299840226565,0,0,0,1,1026.5483870967741,2,4.6150351380176895
4051,노원구,204856.1720577775,558820.3275456012,4,0,1.0,1,2,0,1179.5662732655103,0,0,0,5,3969.677419354839,4,9.447302724614795
4052,노원구,204596.076889848,559382.7180370815,2,1,1.0,0,2,0,961.4813199710718,0,0,0,1,1514.3548387096776,2,13.061875374807338
4053,노원구,204608.823137749,559196.9431218915,2,1,1.0,0,2,0,924.6755266788782,0,0,0,4,1786.6774193548388,2,4.874325820749045
4054,노원구,206467.07375778133,562181.1170672193,3,2,0.6666666666666666,1,1,0,76.36398726355546,0,1,1,2,10500.129032258064,13,5.381519735096862
4055,노원구,206385.8996294266,559820.3012731372,5,2,0.6,1,2,0,1983.411174810996,0,0,0,0,2587.516129032258,7,7.795282943439581
4056,노원구,206743.48861494104,561048.170938924,2,2,0.5,1,2,0,1211.071104185184,0,0,0,2,7169.935483870968,8,0.0
4057,노원구,206774.59640045,561967.6699877515,2,0,1.0,1,2,0,369.8389977322457,0,0,0,2,2334.1935483870966,6,0.3104676692802736
4058,노원구,206898.9684569275,561869.8114004759,2,2,0.5,1,2,0,526.7244555330915,0,0,0,1,2876.2258064516127,4,2.167385632135724
4059,노원구,206893.50653423663,561660.9443380677,3,0,1.0,1,2,0,686.4700809885966,0,0,0,2,1471.0645161290322,5,8.438062731947179
4060,노원구,206912.178927916,561757.293121996,1,2,0.0,0,1,0,619.1071119111416,0,0,0,1,2976.709677419355,5,2.3955523977420747
4061,노원구,206845.02264828896,561394.6367156537,3,2,0.3333333333333333,1,2,0,903.6232573744142,0,0,0,2,7400.516129032258,6,1.6170178504359356
4062,노원구,206899.211309842,561532.204930437,1,0,1.0,1,2,0,800.5779609744916,0,0,0,1,3618.290322580645,4,3.220041464753424
4063,노원구,206736.57913022075,560170.3874861738,4,2,0.5,1,2,0,1872.3653401296733,0,0,0,0,156.64516129032256,2,10.666118241715452
4065,노원구,204878.34956090475,561505.7169314872,4,1,1.0,1,2,0,244.369995727092,0,0,0,0,76.19354838709677,4,3.610229927035415
4066,노원구,206816.215226844,557637.0752176971,2,0,1.0,1,2,0,85.20221431139976,0,1,1,2,3480.6451612903224,7,1.88024289488648
4067,성북구,201541.42313304063,555950.7349558437,3,2,0.6666666666666666,0,2,0,353.804503096768,0,0,0,1,6455.354838709678,2,12.167848879847892
4068,노원구,209479.16220243572,559829.2390373808,4,2,0.25,1,2,0,2761.1744982923656,0,0,0,0,426.80645161290323,0,1.6294210728766838
4070,노원구,209332.88395243773,559549.7022947925,4,2,0.25,1,2,0,2458.0757873283083,0,0,0,2,72.16129032258064,1,6.826814516975818
4072,노원구,208480.2636610065,558700.5917591094,2,0,1.0,1,2,0,1618.900616235153,0,0,0,2,44.096774193548384,1,3.16636949400678
4074,노원구,208003.025154429,558252.2940698271,2,2,0.5,1,2,0,1217.578852621001,0,0,0,2,912.0967741935484,4,2.0666951794931108
4075,노원구,205863.43198701905,557251.0869542103,3,1,1.0,1,2,0,139.94053471652882,0,0,1,3,16850.129032258064,6,12.202882148538691
4076,노원구,206868.9306112135,560934.2213913735,2,2,0.5,1,2,0,1349.8321089054025,0,0,0,2,4090.5806451612907,6,0.9421130914148534
4077,노원구,206517.926180528,561551.3760828405,2,2,0.5,1,2,0,687.7117604776097,0,0,0,1,645.1935483870968,7,7.242267820697972
4078,강북구,203252.2836821425,558564.548590912,2,2,0.5,1,2,0,327.4112783692527,0,0,0,3,3439.1612903225805,2,15.228587608274577
4079,노원구,206348.734562912,560328.276143201,1,2,0.0,0,1,0,1517.7695564465423,0,0,0,2,2653.0967741935483,6,1.3594529827882578
4080,노원구,205448.480373477,558120.42938203,1,1,1.0,0,2,0,892.4902396294777,0,0,0,3,5335.129032258064,3,16.666666666666664
4081,노원구,207255.2989880485,563524.2255325753,4,2,0.75,1,2,0,105.70061641952243,0,0,1,2,637.0,5,1.7169579457629072
4082,노원구,207392.02545906664,563724.8440369783,3,2,0.6666666666666666,1,2,0,348.2203619194609,0,0,0,1,28.06451612903226,3,4.684482133712298
4086,노원구,207255.6388085677,560677.4327529786,3,2,0.6666666666666666,0,2,0,1724.80346037862,0,0,0,2,2094.838709677419,4,4.9468578929808045
4088,노원구,207354.944374386,560511.4970931696,3,2,0.6666666666666666,1,2,0,1917.3015925732748,0,0,0,2,224.29032258064518,2,2.3438147071498485
4090,노원구,205064.650817727,557626.8091150982,7,2,0.7142857142857143,0,2,1,749.7330546968695,0,0,0,0,2182.193548387097,8,0.4993900165193151
4091,성동구,203543.29113915504,551792.1547667141,3,2,0.3333333333333333,1,2,0,874.8817496369862,0,0,0,1,1492.6451612903227,3,0.4720613663094278
4092,강서구,188672.735087901,550177.6874198386,3,0,1.0,1,2,0,436.60147355274125,0,0,0,1,2350.967741935484,3,1.816099876671936
4093,마포구,193196.689989185,550493.329117967,1,0,1.0,1,2,0,363.825218155283,0,0,0,2,4570.548387096775,8,2.6868026026530543
4094,노원구,206109.6470413445,562558.1788796235,2,2,0.5,1,2,0,477.8417692730328,0,0,0,2,2048.935483870968,4,2.6348796520067688
4095,노원구,205321.03567704576,558158.2978591798,4,2,0.75,1,2,0,974.1536017177476,0,0,0,3,5335.129032258064,3,2.0391037511612478
4097,노원구,204412.6768479408,558684.7741941571,6,2,0.8333333333333334,1,2,1,799.0152844462848,0,0,0,3,3520.5806451612902,5,0.234886562671915
4098,노원구,204216.534629086,558672.794237913,3,2,0.0,0,2,0,636.3846703726746,0,0,0,3,1009.1612903225805,5,8.296864692760025
4099,노원구,204090.681434308,558879.30978659,2,2,0.0,0,1,0,425.1712997090052,0,0,0,2,1437.2580645161288,6,5.386294327233632
4100,노원구,203894.4669605005,559180.8820782795,2,2,0.0,0,1,0,241.7199129021098,0,0,0,2,1415.6774193548385,5,7.508947209045687
4101,노원구,205558.574183389,558773.179828711,1,1,1.0,0,1,0,1510.510131566776,0,0,0,1,2063.0,2,0.462538741699241
4103,노원구,205670.78368012124,557467.9136115008,4,2,0.0,0,2,0,203.4131567125202,0,0,0,3,2122.2903225806454,4,1.7765714849248937
4104,노원구,206950.4866496955,559752.6057736371,2,2,0.0,0,1,0,2044.5636785027816,0,0,0,0,985.741935483871,2,6.618429755391944
4106,노원구,208667.540834867,558951.8413012426,2,2,0.5,1,2,0,1831.795713278751,0,0,0,2,35.29032258064516,0,1.9637977067422696
4107,양천구,186363.59817279823,547050.7342138077,4,2,0.25,1,2,0,230.5523834474451,0,0,0,2,6722.58064516129,6,1.5186476496603192
4108,동대문구,202377.414358774,552710.0394553178,3,0,1.0,1,2,0,272.5124194286716,0,0,0,0,2387.5806451612902,4,1.726718239348018
4109,노원구,207787.45467427903,558404.774383472,2,2,0.0,0,2,0,1117.3348267418305,0,0,0,0,0.0,5,7.571662628293427
4113,은평구,193002.5335040368,554194.7266560511,5,1,1.0,1,2,1,298.13801297305434,0,0,0,3,3562.8064516129034,9,4.88056097865971
4115,노원구,206997.6056687137,558087.2693844357,3,2,0.3333333333333333,1,2,0,388.0772273078477,0,0,0,0,2653.032258064516,6,1.164708903304863
4118,노원구,206931.472360893,557929.982991248,1,1,1.0,0,1,0,222.32197123340708,0,0,0,2,1755.0645161290322,5,5.861193642523723
4119,노원구,206256.517685141,558617.855170464,1,2,0.0,0,1,0,1108.647060710343,0,0,0,2,4252.58064516129,9,0.2777387147436745
4120,노원구,206406.65974652732,559388.3379754625,3,2,0.0,0,2,0,1749.7453161885169,0,0,0,0,275.741935483871,4,3.16387916405373
4121,노원구,206196.3349476565,559137.684278291,2,2,0.0,0,2,0,1589.6837027696615,0,0,0,3,1113.5806451612902,5,2.74655038386344
4122,노원구,206206.24646733,560155.5240157183,4,2,0.0,0,1,0,1603.8538257722464,0,0,0,0,1826.0967741935485,9,9.93079371163502
4123,노원구,205430.2110828135,559720.2629035335,2,2,0.0,0,2,0,1842.9607184953,0,0,0,0,0.0,3,0.9920391345457228
4124,노원구,205361.3085408905,560018.489056609,2,2,0.0,0,2,0,1543.1222579146545,0,0,0,0,0.0,3,2.677430441315813
4125,노원구,207046.12719916948,561227.3529661875,2,2,0.5,0,2,0,1138.7977729655615,0,0,0,1,2633.8709677419356,7,2.7385521731030478
4126,노원구,206394.00991070477,561998.6048827505,4,2,0.0,0,1,0,272.36731960400425,0,0,0,2,5081.451612903225,12,3.7964435748219927
4127,노원구,206632.522129266,560545.328291054,1,2,0.0,0,1,0,1524.425677678699,0,0,0,3,1091.032258064516,2,4.594801555220881
4129,노원구,206606.9635122855,562705.770166168,2,2,0.0,0,2,0,453.3975755079454,0,0,0,1,1538.0967741935483,12,3.6593739883191625
4130,노원구,206505.688890678,562807.3623875388,4,2,0.75,1,2,0,539.6887957744162,0,0,0,0,191.32258064516128,9,3.346055398181301
4132,강북구,202505.84807629036,557909.5644563427,3,2,0.3333333333333333,1,2,0,148.2369464570388,0,0,1,0,4430.967741935484,11,0.309653105549342
4133,강북구,202117.0126862805,559132.556911594,4,2,0.5,1,2,0,96.93975601274884,0,1,1,2,16676.1935483871,3,2.03022225982244
4134,노원구,205593.66704324295,562800.2257716217,3,1,1.0,1,2,0,1041.816787308892,0,0,0,2,3916.387096774193,10,3.8054173616913074
4135,강북구,202275.01382481775,559964.9746603552,5,2,0.0,0,2,0,101.1355567727941,0,0,1,1,42966.516129032265,7,1.607318085233338
4137,종로구,201664.398258584,552408.636947304,3,2,0.6666666666666666,0,2,0,313.2893568061509,0,0,0,2,778.7741935483871,5,8.333333333333332
4138,강북구,202034.8419676994,559618.4486549426,5,2,0.8,1,2,0,79.4420948048479,0,1,1,4,9934.967741935483,9,0.8821640852073287
4139,강북구,202020.04950800168,559794.1304252726,3,2,0.3333333333333333,1,2,0,222.4270896124244,0,0,0,0,14648.548387096773,6,1.528584211372414
4140,강북구,201990.45572073336,560112.9413365583,3,2,0.3333333333333333,1,2,0,379.69620675539727,0,0,0,3,1320.3548387096773,7,1.1750798496491062
4141,강북구,202071.50687670225,560555.5829649398,4,2,0.25,0,2,0,253.84387490756976,0,0,0,3,4014.064516129032,6,0.4111195539845151
4142,강북구,202205.11322525705,560752.0172076224,3,2,0.3333333333333333,0,2,0,431.3765913311975,0,0,0,4,2843.774193548387,10,3.4079098848638503
4143,강북구,202166.70098803964,560694.0593960286,3,2,0.3333333333333333,0,2,0,373.037900999185,0,0,0,2,2590.258064516129,7,3.81620750965876
4144,도봉구,202263.7988903586,560853.4325880336,5,2,0.8,1,2,0,532.7131336362352,0,0,0,4,2764.0967741935483,9,4.222013967229579
4145,도봉구,202401.81636520036,561043.6791633813,3,2,0.6666666666666666,1,2,0,585.7425031938398,0,0,0,3,1683.5483870967741,8,8.046442147201015
4146,도봉구,202479.36534535768,561159.9449625841,3,2,0.3333333333333333,1,2,0,527.0418914626712,0,0,0,2,3280.4193548387098,7,3.3263531015125025
4147,도봉구,202925.82680893736,561278.6963898364,3,2,0.3333333333333333,1,2,0,266.53354277240504,0,0,0,2,1543.0967741935483,5,7.38023933329322
4148,도봉구,202752.2831338535,561266.3874915525,2,2,0.5,0,2,0,341.554428993737,0,0,0,3,1242.6451612903224,7,6.4783046596826575
4149,도봉구,203089.34366873172,562194.2096989495,4,2,0.5,0,2,0,236.5432301574793,0,0,0,2,5475.064516129032,6,2.782367210257135
4150,강북구,201389.46450774695,560590.0338643458,3,2,0.3333333333333333,1,2,0,235.59309299686157,0,0,0,2,2349.0967741935483,4,1.2075401584959284
4151,도봉구,203025.22562454225,562052.6097781968,4,2,0.5,0,2,0,137.29544007720904,0,0,1,2,6588.225806451613,8,2.382237536926404
4152,도봉구,202904.3812557135,562043.0817099363,4,2,0.5,1,2,0,29.910772383298617,1,1,1,2,7538.612903225806,6,5.775557584730287
4153,도봉구,202748.741449106,562027.3601953071,2,2,0.5,0,2,0,146.08823306284492,0,0,1,3,5384.064516129033,5,3.3351882523872214
4154,도봉구,202626.76754878927,562023.260360079,4,2,0.5,0,2,0,266.0059768619953,0,0,0,4,5278.16129032258,6,4.375413708178424
4155,도봉구,202456.83700297677,562009.2506522923,4,1,1.0,1,2,0,436.0993745920338,0,0,0,4,6733.806451612904,8,11.712383782437048
4156,도봉구,201637.225559704,561966.522368881,1,0,1.0,1,2,0,1255.8058399416934,0,0,0,3,419.3225806451613,4,4.877699752320457
4158,도봉구,201477.124879411,561964.266672448,1,0,1.0,1,2,0,1415.6005909944363,0,0,0,0,2120.6129032258063,8,8.685190797562731
4159,도봉구,201349.1893839313,561989.61432915,3,2,0.3333333333333333,1,2,0,1502.361747565362,0,0,0,4,3181.548387096774,9,2.963922414284698
4160,도봉구,202456.0336957385,561903.921214759,2,2,0.5,1,2,0,463.1265227581432,0,0,0,1,6462.129032258065,6,6.658559183197164
4161,강북구,202539.5442161993,557511.4302307863,3,2,0.6666666666666666,1,2,0,78.10421555913985,0,1,1,2,6524.806451612903,12,0.5539816178215062
4162,강북구,202230.90279957533,557625.2770591931,6,2,0.1666666666666666,1,2,0,341.0831237877351,0,0,0,2,1815.1290322580644,6,3.4873036152469914
4163,강북구,202112.3507861985,557655.223337862,2,2,0.5,1,2,0,289.9623358611532,0,0,0,1,3311.5161290322585,4,2.105045118415051
4164,강북구,201819.65785504295,557936.876135439,3,2,0.3333333333333333,1,2,0,158.61921678202043,0,0,1,2,3761.1612903225805,7,4.62139806553445
4165,강북구,201747.99420780732,558102.3613293756,3,2,0.3333333333333333,1,2,0,224.20281866311495,0,0,0,1,2842.0,5,6.652205669129288
4166,도봉구,201135.72810545095,561310.8485350499,2,2,0.5,1,2,0,998.0730934697526,0,0,0,2,2718.064516129032,4,1.9752717665358688
4167,강북구,201597.11711638165,558657.6317239703,3,2,0.3333333333333333,1,2,0,323.96018516234864,0,0,0,0,0.0,4,8.95608568054944
4168,강북구,201628.577494656,559166.9418022147,3,2,0.3333333333333333,0,2,0,530.7924159501897,0,0,0,2,1908.8387096774195,7,1.384149613152701
4169,강북구,201565.2698287745,559174.60614508,2,2,0.5,0,2,0,594.1377351130044,0,0,0,2,2373.8709677419356,8,1.8568544424099067
4170,강북구,201518.10189239067,559732.9693416256,3,0,1.0,1,2,0,580.5237379087168,0,0,0,2,1944.7096774193549,5,2.570734735297009
4171,양천구,188347.61099501,548066.7764490525,2,2,0.5,1,2,0,400.917477107706,0,0,0,0,876.483870967742,6,6.199087539374529
4172,강북구,201764.23111022048,560168.9875020568,4,2,0.25,1,2,0,340.6061044739016,0,0,0,2,269.9677419354839,4,1.7301434695651114
4173,강남구,204504.81846163035,541747.9569355024,3,2,0.0,0,2,0,1268.9172129934611,0,0,0,1,1078.741935483871,3,7.851020257649595
4174,강북구,201326.4281883184,560774.8734588496,3,2,0.3333333333333333,0,2,0,429.7348568490021,0,0,0,0,2900.7741935483873,5,1.8047292005841813
4175,강북구,201207.173431199,559126.819774928,5,2,0.4,1,2,0,873.8442240555614,0,0,0,3,1654.1612903225807,5,8.333333333333332
4176,강북구,201202.37511842695,559198.084280553,3,2,0.3333333333333333,0,2,0,932.7368519110984,0,0,0,4,3709.6774193548385,4,5.989489775389257
4177,강북구,201160.98032765495,559533.6404059685,2,2,0.5,1,2,0,906.84577639999,0,0,0,2,2904.516129032258,4,9.680640645847198
4178,강북구,201140.211023476,559700.2947756675,4,2,0.25,1,2,0,768.3187508358698,0,0,0,6,3600.4193548387098,4,5.862652109096729
4180,강북구,201169.8697622272,559783.7183769284,5,2,0.2,1,2,0,680.7837310759654,0,0,0,4,2440.1935483870966,5,7.136193470576906
4181,강북구,201206.697920701,559890.3437279908,4,2,0.5,1,2,0,569.9052596137157,0,0,0,2,1376.1935483870968,7,5.426878780555704
4182,강북구,200983.7835425915,560136.8308530834,2,2,0.5,1,2,0,568.4478948291192,0,0,0,2,2893.4516129032254,6,6.875947161016072
4183,강북구,200964.6564973738,560411.337321613,5,2,0.4,1,2,0,533.5508997816538,0,0,0,3,3388.4193548387093,4,4.3074603600263
4184,강북구,200954.23516424032,560542.8156052884,3,2,0.3333333333333333,1,2,0,566.7997002379599,0,0,0,2,2007.774193548387,4,5.171286170875895
4185,강북구,200940.726398068,560673.077447956,3,2,0.3333333333333333,1,2,0,628.7700612189356,0,0,0,3,3298.4193548387098,6,4.362240924563423
4186,성북구,204105.348738704,558093.0845849755,2,0,1.0,1,2,0,904.1530669223332,0,0,0,1,2696.6774193548385,6,1.7334084035955162
4187,성북구,200771.4013208805,556857.1898452855,2,2,0.5,1,2,0,408.6551299840716,0,0,0,5,6931.709677419355,3,1.2133947103453837
4189,강북구,203960.8591249744,558393.1305478743,5,2,0.8,0,2,1,590.5884604346519,0,0,0,3,2174.258064516129,4,5.239982935579667
4190,강북구,204060.606914715,558197.011489755,1,1,1.0,0,1,0,797.4272665964124,0,0,0,2,2532.7419354838707,6,12.507851343091083
4191,강북구,203877.59297460495,558797.312264963,2,0,1.0,1,2,0,302.9795428598832,0,0,0,2,2435.4193548387098,7,0.4858945347378156
4192,강북구,203345.8033146014,559158.9485421472,5,1,1.0,1,2,1,370.8977295998789,0,0,0,3,3283.9032258064512,7,1.1812199137464912
4193,강북구,203144.98774531297,559445.2224276486,3,2,0.3333333333333333,1,2,0,684.58337865938,0,0,0,4,4715.741935483871,6,1.362911031009831
4194,강북구,202350.616132872,560058.2881255978,3,2,0.6666666666666666,1,2,0,37.16969490237079,1,1,1,2,14032.354838709678,6,0.623269190430514
4195,강북구,201754.48006170368,560592.365958562,3,2,0.3333333333333333,1,2,0,70.09705603625257,0,1,1,2,3626.0967741935483,3,0.210927083053356
4196,강북구,201563.79693860337,560765.1303758706,3,2,0.6666666666666666,1,2,0,325.0796691698622,0,0,0,2,2501.032258064516,5,0.8987658843447831
4198,강북구,201051.86259475365,560896.450822384,3,2,0.3333333333333333,1,2,0,681.583424202015,0,0,0,1,3120.3548387096776,6,4.185016003968064
4199,강북구,201173.0301222093,561194.687582177,3,2,0.3333333333333333,1,2,0,876.31987843615,0,0,0,1,5127.096774193548,5,1.2987119193280467
4200,도봉구,201114.6895447465,561425.7741440246,2,2,0.5,1,2,0,1113.0313197652245,0,0,0,0,2718.064516129032,4,1.5330904747026015
4202,강북구,201154.3555298905,561691.829037435,2,2,0.5,0,2,0,1310.0294688741913,0,0,0,2,2546.5806451612907,7,1.5161889533918802
4203,도봉구,201162.778928771,561771.944071494,1,0,1.0,1,2,0,1375.6790350027868,0,0,0,2,3274.677419354839,9,1.740197350871047
4204,강북구,201221.7211395985,562097.082792866,4,2,0.5,1,2,0,1646.5563369108877,0,0,0,1,3679.967741935484,9,2.763793004352462
4205,강북구,201353.2428270745,559376.5996383877,6,2,0.1666666666666666,1,2,0,734.3361503392731,0,0,0,3,4391.580645161291,7,0.1157347509365417
4206,강북구,201715.3370897335,559421.0671502427,4,1,1.0,1,2,0,373.9393292236424,0,0,0,4,4450.0,7,2.9814162108077604
4207,강북구,202501.6738890216,559492.3862046225,5,0,1.0,1,2,0,400.5654915411149,0,0,0,4,1724.1612903225807,4,8.771061551705953
4208,강북구,202671.4058130105,559502.3551558431,2,2,0.5,1,2,0,508.9864293609842,0,0,0,0,2757.451612903226,4,0.8161017630329503
4209,강북구,202802.143487736,559520.2935928622,4,2,0.5,1,2,0,600.497423709071,0,0,0,2,2994.161290322581,3,0.5199277855770212
4210,강북구,203190.9263275525,559660.3060230825,4,2,0.25,1,2,0,799.678125905992,0,0,0,1,5174.354838709677,8,4.312010720398576
4211,도봉구,203299.13965203767,559808.4973724463,3,1,1.0,0,2,0,805.6116607312708,0,0,0,2,7060.8387096774195,7,1.3647982541642396
4212,도봉구,203395.218526328,559937.510240623,1,0,1.0,1,2,0,816.2187118425828,0,0,0,2,8848.193548387098,3,0.8214900725641705
4213,도봉구,203585.75041159836,560197.5164224664,3,1,1.0,1,2,0,799.8632295952152,0,0,0,2,3826.0,3,3.093475828578095
4215,도봉구,203575.9880239825,560315.1119765979,2,2,0.5,0,1,0,743.4576440153193,0,0,0,3,2607.935483870968,4,3.2124374666177617
4216,도봉구,203550.5615541895,560445.1961754457,6,2,0.5,1,2,0,684.799935038698,0,0,0,3,2273.6451612903224,3,8.333333333333332
4217,도봉구,203558.272975373,560584.6407893448,3,2,0.3333333333333333,0,2,0,650.6929475804516,0,0,0,1,1240.8064516129032,6,3.1897421083437885
4218,강북구,203331.54196525848,558069.6196520085,2,2,0.5,1,2,0,722.5780447860684,0,0,0,2,874.5483870967743,2,4.400575859249412
4219,강북구,203326.4358979825,558238.3292110206,2,2,0.5,1,2,0,562.0102423456946,0,0,0,4,1440.1290322580644,3,9.7171330957289
4220,강북구,203275.18263442625,558423.2019544787,4,2,0.5,1,2,0,417.5090834395291,0,0,0,3,1658.9354838709676,4,8.333333333333332
4222,강북구,203473.73911983636,558792.4697068458,6,2,0.8333333333333334,1,2,1,39.51654412205785,1,1,1,6,7506.774193548388,6,5.356701292155772
4223,강북구,203577.78471614863,558897.857855101,6,1,1.0,1,2,1,145.728842594933,0,0,1,2,7439.806451612904,9,0.7881210587154304
4224,강북구,203526.802679929,558852.671147943,2,0,1.0,1,2,0,84.45201837988992,0,1,1,6,6941.354838709678,7,1.6657690838367385
4225,도봉구,203490.0128694043,559301.0346408588,3,0,1.0,1,1,0,332.6983568991636,0,0,0,5,2659.516129032258,9,1.9070886942949097
4226,송파구,208532.62170813,544214.3902461384,2,2,0.5,1,2,0,589.8991392428883,0,0,0,0,0.0,5,8.227656508785484
4227,강서구,187705.602279666,549986.974425573,1,1,1.0,0,2,0,280.2692678859892,0,0,0,0,0.0,2,2.820446377169332
4228,도봉구,203546.13298771167,559326.7788513744,3,2,0.3333333333333333,1,2,0,323.4445963869941,0,0,0,4,2659.516129032258,9,0.5984883553871553
4229,도봉구,202975.8766509585,560116.999236868,2,1,1.0,0,2,0,380.1403503411363,0,0,0,3,1623.6451612903227,3,0.5391774590844574
4230,도봉구,202825.76690434504,560329.7658103877,3,2,0.3333333333333333,0,2,0,223.39073074023696,0,0,0,2,1992.0322580645163,6,4.227361695978018
4231,도봉구,202528.401935389,560576.058126979,2,2,0.5,1,2,0,341.6458106355769,0,0,0,2,1997.225806451613,6,9.000434506800191
4232,강서구,184222.985112411,549599.792979616,1,1,1.0,0,2,0,1265.6776938131347,0,0,0,3,1432.0,0,1.0882240630016948
4233,도봉구,202461.774236655,560631.398044629,1,1,1.0,0,2,0,415.5739949948469,0,0,0,1,1997.225806451613,7,13.618695087679308
4235,도봉구,202069.48875761605,561002.0108557451,2,2,0.5,1,1,0,506.7702402212559,0,0,0,2,2924.7096774193546,5,3.961683117270892
4236,도봉구,202644.0244019424,561257.7056100123,3,2,0.3333333333333333,1,2,0,418.2921641359301,0,0,0,2,2061.935483870968,7,8.009704521604313
4237,강북구,201678.8529526338,559284.854823961,5,2,0.2,1,2,0,468.5106666184983,0,0,0,2,3897.8709677419356,8,4.758141897370922
4238,강북구,201123.613269453,561584.5527455425,2,2,0.5,1,2,0,1235.7393592095557,0,0,0,0,2546.5806451612907,4,0.4400454630362205
4239,강북구,201334.5175823018,557840.7509933196,5,2,0.8,1,2,1,520.1768835774374,0,0,0,3,3345.9999999999995,7,5.875288869583173
4240,강북구,200913.22143836,557760.7074526884,5,2,0.6,1,2,0,876.201250868844,0,0,0,3,3394.0967741935488,1,14.041421217306056
4241,강북구,201067.29468903173,557852.5206212961,7,2,0.5714285714285714,1,2,0,700.3386038441732,0,0,0,3,4693.225806451613,5,24.83739209691798
4242,강북구,201106.2663592135,557991.6229613321,2,0,1.0,1,2,0,581.0954167046733,0,0,0,0,2664.5483870967737,4,19.27141602339506
4243,강북구,201151.72024774505,558079.149413504,3,2,0.3333333333333333,1,2,0,494.7108674783088,0,0,0,0,1656.3225806451615,3,18.450303221869767
4244,강북구,201139.3521419106,558236.986731515,5,2,0.4,1,2,0,446.8926367046725,0,0,0,4,3989.8387096774195,3,9.268728077709104
4245,강북구,201095.01131447905,558385.6107687673,3,2,0.3333333333333333,1,2,0,483.2106760253791,0,0,0,4,3946.1935483870966,1,14.64372303274234
4246,강북구,201178.77933610772,558953.2284570149,8,2,0.125,0,2,0,735.0808659316687,0,0,0,0,868.9032258064517,4,19.38683786787036
4247,강북구,201154.3142657305,558869.7594552857,4,2,0.25,0,2,0,681.1857533687742,0,0,0,2,1396.5806451612905,3,12.854397387227982
4248,강북구,202373.261281173,559723.576536266,1,2,0.0,0,2,0,140.07483254833724,0,0,1,1,45993.41935483872,10,0.5571013554941769
4249,강북구,202490.8121676805,559623.2645231786,2,2,0.0,0,1,0,294.4647633342618,0,0,0,0,1724.1612903225807,6,0.6593679312653874
4250,강북구,202164.70178517333,559554.6831513309,3,2,0.0,0,2,0,97.33757957851412,0,1,1,4,9653.064516129032,9,1.784205712337202
4251,강북구,201215.88768977905,560080.8963639044,3,2,0.3333333333333333,1,2,0,411.1130761005975,0,0,0,2,1942.6129032258066,7,1.853478929555728
4252,강북구,203290.3281058453,559095.3785381723,3,2,0.0,0,2,0,390.203852874489,0,0,0,5,2951.7419354838707,5,3.14537722427198
4253,강북구,203835.409404715,558756.6805131,1,2,0.0,0,1,0,315.94246622144186,0,0,0,3,2435.4193548387098,6,0.7649086115856699
4254,강북구,203777.114190268,558756.0358673951,2,2,0.0,0,1,0,270.8232805943082,0,0,0,3,3220.1612903225805,7,1.0027303357776065
4255,강북구,203661.599117616,558673.7449754217,3,2,0.0,0,1,0,182.72613551770092,0,0,1,4,2332.709677419355,7,2.592656886887573
4256,강북구,204085.60949837972,558481.048385219,4,2,0.25,0,2,0,647.3192199534168,0,0,0,2,2932.9032258064517,5,0.5030925297297628
4257,강북구,202345.681785108,558640.690164873,1,2,0.0,0,1,0,160.86243803046167,0,0,1,4,4359.741935483871,4,4.7665529862589535
4258,강북구,202494.160638336,558171.1657460727,3,2,0.0,0,2,0,292.3015552231622,0,0,0,0,5286.967741935484,12,5.175940140150613
4259,강북구,202808.254154196,558143.5797417405,4,1,1.0,0,1,0,456.7484928652746,0,0,0,5,1782.2903225806451,3,24.27349060813581
4260,강북구,202741.231937007,558250.210189661,1,1,1.0,0,2,0,428.3261624081753,0,0,0,2,1542.9032258064515,5,23.090664438963096
4261,강서구,186171.29680281365,550516.5477297354,3,2,0.0,1,2,0,695.652306156481,0,0,0,0,661.0645161290322,2,9.993557256404628
4262,강북구,201947.26659414248,558156.5858309157,4,2,0.0,0,1,0,303.87880936075254,0,0,0,0,0.0,5,1.1272395780782791
4263,강북구,202023.097827747,558153.3196896444,3,2,0.0,0,2,0,371.6331677902061,0,0,0,0,0.0,5,0.0497614878023474
4264,강북구,202134.222636863,558193.5396472744,2,2,0.0,0,2,0,314.64704880902235,0,0,0,0,0.0,7,2.938919081628365
4265,종로구,197947.314030722,556752.7539651786,3,2,0.3333333333333333,0,2,0,2948.819103936329,0,0,0,2,1696.2903225806451,5,16.55122058300653
4266,강북구,202222.8693774953,558215.7900232454,3,2,0.0,0,1,0,243.25027043033936,0,0,0,0,10147.709677419356,9,2.775622328272528
4268,강북구,202333.694311554,558185.2327690448,4,2,0.5,0,2,0,239.5425783541703,0,0,0,0,10147.709677419356,8,3.587045038356867
4269,강북구,202394.43693669024,557991.0875837018,4,2,0.5,1,2,0,271.5406187388866,0,0,0,0,0.0,11,0.7829542564260331
4270,강북구,202426.52977069124,557888.6381836508,4,1,1.0,0,2,0,171.9815949298867,0,0,1,0,4430.967741935484,11,0.4413863998584233
4271,강북구,202478.4812359097,557725.1060976662,4,2,0.5,0,2,0,82.19641396150324,0,1,1,1,8397.516129032258,13,0.9133209671590948
4272,강북구,202017.06199346055,557706.3072286297,5,2,0.4,1,2,0,181.99427005589968,0,0,1,2,6636.67741935484,4,2.5635860098990197
4274,강북구,202308.67773228165,560519.6333030286,3,2,0.0,0,2,0,413.00848480309145,0,0,0,0,0.0,7,1.16587514351495
4276,강북구,201310.944782399,562467.82035481,1,0,1.0,1,1,0,1627.6311738420366,0,0,0,2,2109.645161290323,4,26.313152551317128
4278,강북구,201723.3663505565,559540.7087506889,4,2,0.5,1,2,0,344.41642814582434,0,0,0,0,3807.1935483870966,6,1.091571717537126
4279,강북구,201264.77178174275,560095.690092231,4,2,0.25,1,2,0,367.7505741537581,0,0,0,2,1178.6129032258066,9,2.7427767477186884
4280,강북구,201403.51474124668,559842.3638970294,3,2,0.0,0,1,0,546.3287418410376,0,0,0,0,289.03225806451616,10,9.944504511560398
4281,강북구,200918.49294695875,559997.331081269,4,2,0.0,0,1,0,694.2045322511774,0,0,0,0,1452.225806451613,2,3.447343593080549
4282,강북구,200821.6580376017,560822.0399050142,4,2,0.5,1,2,0,807.0977670300528,0,0,0,2,2993.741935483871,5,6.183570442509279
4283,강북구,200579.189972184,560664.475684972,1,0,1.0,1,2,0,961.020368915316,0,0,0,3,2689.516129032258,3,4.816149635921694
4284,강북구,200965.68594165464,560314.840677558,3,2,0.3333333333333333,1,2,0,535.6831226235472,0,0,0,2,1573.4193548387095,4,7.285640203307425
4285,강북구,200229.313351261,560329.395891718,1,2,0.0,0,2,0,1269.0393221065426,0,0,0,2,428.77419354838713,1,12.0558993275813
4286,도봉구,203687.721626152,559099.7261012692,4,0,1.0,1,2,0,59.62690406021413,0,1,1,2,1509.1290322580646,9,5.28043247516741
4287,도봉구,203643.632498629,559631.087288228,1,2,0.0,0,1,0,592.6406682906589,0,0,0,0,0.0,4,2.9394540813995405
4289,도봉구,203769.6425929075,559434.785247779,2,2,0.0,0,2,0,400.4617496743554,0,0,0,2,1646.967741935484,4,5.670863695314446
4290,도봉구,203645.86597929432,559373.9454755043,3,2,0.0,0,2,0,337.01882997912486,0,0,0,3,1819.4516129032256,7,0.6122989060601883
4291,도봉구,203379.89375002,559562.262494924,1,2,0.0,0,1,0,610.446154976377,0,0,0,2,249.1290322580645,10,1.5684068824857238
4292,도봉구,203354.286363457,559626.126536141,1,2,0.0,0,1,0,678.405566926633,0,0,0,2,3431.580645161291,8,5.016010424653541
4293,도봉구,202486.03880753895,561391.705571803,2,2,0.5,0,2,0,624.8408875335033,0,0,0,2,1559.3548387096776,5,10.373196374029032
4294,도봉구,203137.130926552,561757.524979621,1,2,0.0,0,1,0,323.38534820951224,0,0,0,0,0.0,6,2.159728209343648
4295,도봉구,203794.8458154428,562927.092101915,5,2,0.6,1,2,0,78.63985743446777,0,1,1,3,6682.419354838709,7,0.7190968753580584
4297,노원구,204883.38074106752,564887.4544328575,2,2,0.5,0,2,0,614.9715897691553,0,0,0,2,691.6129032258065,1,1.1814198272350631
4298,양천구,185505.850832394,546709.2027409981,6,2,0.5,1,2,0,694.0394155865154,0,0,0,4,2703.0645161290327,6,4.376764895669585
4299,노원구,204885.48980853925,564557.2181000205,4,1,1.0,1,2,0,290.2121466867701,0,0,0,3,1118.258064516129,5,2.72737020082405
4300,노원구,204883.061518873,563824.525395737,4,2,0.75,1,2,0,296.4429902664262,0,0,0,2,3033.451612903226,2,1.5628593752770925
4301,노원구,205247.8723937225,562049.005068958,2,2,0.5,1,2,0,448.7642925646869,0,0,0,2,4463.129032258064,1,0.4658732236451849
4303,도봉구,204456.82557279625,565165.192148122,4,0,1.0,1,2,0,956.3354717328582,0,0,0,4,284.7096774193549,5,11.561599452083176
4304,도봉구,204306.9144554365,564178.2378561735,2,2,0.5,1,2,0,513.4364142424447,0,0,0,2,1240.1290322580644,3,0.4611323111392095
4305,도봉구,204216.4189257525,564003.8281184065,2,2,0.5,1,2,0,652.7100495935412,0,0,0,2,1395.7096774193549,4,0.8275693713673368
4306,도봉구,204152.76928934976,563871.874644347,4,2,0.5,1,2,0,535.9267894465144,0,0,0,2,1483.483870967742,5,0.5648495468310994
4307,도봉구,204109.159816797,563668.4446302301,2,2,0.5,1,2,0,360.2759387898651,0,0,0,3,2070.8064516129034,8,0.7146601783893066
4308,도봉구,204088.907108564,563405.324997054,1,1,1.0,0,2,0,269.2408245545242,0,0,0,1,2570.806451612904,7,1.1734738243016452
4309,도봉구,204081.87906892275,563299.5773893953,4,2,0.75,1,2,0,298.78104871369635,0,0,0,2,2133.2903225806454,7,1.4788943146792082
4310,도봉구,204070.4365333033,563170.6609624117,3,2,0.6666666666666666,1,2,0,278.0513624440785,0,0,0,4,2623.032258064516,7,1.4794607718648285
4311,도봉구,204079.92688624325,562933.4725463532,4,0,1.0,1,2,0,175.27256652842158,0,0,1,3,1620.6129032258063,7,0.9477612442102056
4312,도봉구,204421.69756807236,562257.3025036136,3,1,1.0,0,2,0,746.532243248023,0,0,0,1,2806.290322580645,6,0.8352903473362143
4314,도봉구,204664.5598788185,561813.5018642361,2,0,1.0,1,2,0,445.8352676250108,0,0,0,0,0.0,3,6.09708023593863
4315,도봉구,204382.6968730963,561934.427671296,3,0,1.0,1,2,0,421.310478482485,0,0,0,2,1210.774193548387,4,0.2314866886214517
4316,마포구,191660.8327638955,551300.634811299,4,2,0.75,1,2,0,1167.4639327062123,0,0,0,2,1823.2903225806451,4,0.6241604941354121
4317,도봉구,204416.88895459875,561747.8333708923,4,0,1.0,1,2,0,246.6301856272709,0,0,0,2,12617.774193548388,6,1.6081549573076792
4318,마포구,191793.86602033695,551097.974103294,3,2,0.3333333333333333,1,2,0,1295.812935730476,0,0,0,0,2514.9032258064517,4,1.0117484504220835
4319,도봉구,204517.60268100176,561419.4691766797,4,0,1.0,1,2,0,208.92434217839585,0,0,0,3,6278.806451612903,4,1.3228973197842109
4320,도봉구,204565.6955695685,561233.4184435729,2,2,0.5,1,2,0,366.5527401933277,0,0,0,1,1319.3548387096773,3,0.3415582554946539
4321,도봉구,204644.9923583107,560935.1275399503,3,2,0.3333333333333333,1,2,0,659.7649201080726,0,0,0,1,1120.0645161290324,2,0.6226946287048444
4322,도봉구,203923.0398845645,560526.3172762624,2,0,1.0,1,2,0,982.0493629503848,0,0,0,2,650.5483870967741,2,6.844812726252616
4323,도봉구,204275.888870141,560636.5248929339,2,2,0.5,1,2,0,881.4196318406281,0,0,0,2,2468.4516129032254,2,5.921189464667502e-15
4324,노원구,205300.310675894,560616.1725284136,2,1,1.0,1,2,0,946.8558436775386,0,0,0,3,1336.032258064516,4,2.224644213997079
4325,도봉구,203871.064021895,560726.7528736249,2,2,0.5,1,2,0,796.790207847615,0,0,0,2,69.93548387096774,5,4.377124966683219
4328,도봉구,203340.854298277,561123.400218168,2,2,0.5,1,2,0,287.74283652219987,0,0,0,0,323.6774193548387,3,1.5946909760588923
4329,노원구,205231.21165931495,560964.4393724715,2,2,0.5,1,2,0,609.3493624923914,0,0,0,1,69.87096774193549,5,0.6367326133525116
4330,노원구,205659.5672354105,561085.925160888,2,2,0.5,0,2,0,544.3317921537724,0,0,0,0,2228.3548387096776,5,0.4466524935333223
4331,노원구,206331.133319326,561663.594755279,2,2,0.5,0,2,0,606.724701955166,0,0,0,2,894.6774193548388,7,3.027016821182803
4332,노원구,206361.9075838593,561734.4286691276,3,2,0.3333333333333333,1,2,0,529.8328921999205,0,0,0,0,894.6774193548388,8,2.863450360357393
4333,노원구,206342.8017513605,561962.7493043905,2,2,0.5,1,2,0,325.2764428157884,0,0,0,2,1828.9354838709678,12,4.667235690768645
4334,노원구,206305.62478995,562118.1797560623,3,2,0.6666666666666666,1,2,0,225.6792400126193,0,0,0,2,8893.967741935485,11,7.165747547238984
4335,노원구,206542.991548717,562459.3788012951,2,0,1.0,1,2,0,198.858641918559,0,0,1,2,6023.516129032258,14,2.5354960831799764
4336,노원구,205165.46074963448,561250.2667602741,2,2,0.5,1,2,0,363.2090911429479,0,0,0,0,149.4516129032258,4,0.2545682377142692
4337,노원구,205952.686549983,561625.610623619,1,0,1.0,1,2,0,402.1572541178261,0,0,0,2,2209.225806451613,4,1.1997883837658267
4338,노원구,205458.446880396,561672.5741660281,2,0,1.0,1,2,0,106.4593979705934,0,0,1,2,13410.935483870968,7,0.4351521459681547
4339,노원구,205691.770855481,561729.671037759,3,2,0.3333333333333333,1,2,0,179.25158514336394,0,0,1,2,12780.064516129032,9,0.4847737613634942
4340,노원구,205451.3827101508,561818.5074051613,4,2,0.75,1,1,0,222.5977611042496,0,0,0,1,16527.90322580645,7,2.9048674920630133
4341,노원구,205524.0315764873,561844.2768987067,3,1,1.0,1,2,0,226.6029409042798,0,0,0,3,19359.516129032258,8,2.031798777998416
4342,노원구,205879.8142529413,561945.6388345883,3,0,1.0,1,2,0,463.6109213662667,0,0,0,3,2408.322580645161,8,9.2260429158877
4343,노원구,205996.40188345,562017.240103249,3,2,0.3333333333333333,1,2,0,543.3677107334926,0,0,0,3,2265.1290322580644,6,4.678968091487465
4344,노원구,206134.2826823765,562070.9952451601,2,2,0.5,1,2,0,396.0609049827573,0,0,0,0,2185.387096774193,8,1.2262778787783606
4345,도봉구,203281.29136180133,562893.2934794143,3,2,0.3333333333333333,0,2,0,554.9598335667795,0,0,0,3,1746.258064516129,8,1.021352196342195
4346,도봉구,203475.839292583,563054.591291257,1,1,1.0,0,2,0,408.8729546052653,0,0,0,1,285.258064516129,4,1.132668764115472
4347,도봉구,203601.218404121,563074.042162234,1,0,1.0,1,2,0,296.0529677534686,0,0,0,2,162.25806451612902,5,1.26980576218853
4348,도봉구,202499.05865174267,562692.648740287,3,2,0.6666666666666666,1,2,0,735.7442407575478,0,0,0,2,884.8064516129032,4,3.2267969174150104
4349,도봉구,202689.37478828063,562859.05609266,3,2,0.3333333333333333,0,2,0,815.186868337064,0,0,0,0,0.0,3,4.684134615543485
4350,도봉구,202843.3619278817,562988.6212415696,3,2,0.3333333333333333,1,2,0,921.0892444055428,0,0,0,2,2059.5806451612902,4,3.873049968460419
4351,도봉구,202950.4879059495,563077.0240577325,6,2,0.8333333333333334,1,2,1,911.0615455488924,0,0,0,2,5216.774193548386,4,1.3451099438234948
4352,도봉구,203043.52142299,563162.1818143199,4,2,0.5,1,2,0,830.8958506924174,0,0,0,2,4520.354838709677,4,2.8418100799980075
4353,도봉구,203250.05509276604,563329.4573786873,3,2,0.3333333333333333,1,2,0,585.587158501225,0,0,0,2,789.0967741935484,2,4.408252549749001
4354,도봉구,203504.25990627304,563469.380815382,3,2,0.6666666666666666,1,2,0,319.644012835876,0,0,0,4,1659.3225806451612,3,3.2990685661158223
4355,도봉구,203622.7780088444,563510.6924513616,5,2,0.4,0,2,0,209.70431228785108,0,0,0,0,2878.2258064516122,4,2.318584170895258
4356,노원구,204762.951647577,562446.9706651215,2,2,0.5,1,2,0,880.4287397849873,0,0,0,2,531.1290322580645,2,2.5737229649280677
4357,노원구,204973.8860286945,562425.4483581985,2,2,0.5,1,2,0,804.5327542473256,0,0,0,0,2128.7419354838707,2,0.5322545278580352
4358,노원구,205446.77142857324,562363.8300965423,4,1,1.0,1,2,0,751.7970425519925,0,0,0,2,1088.1612903225805,5,1.120058356332715
4359,노원구,205647.43594086636,562252.5452777663,3,2,0.6666666666666666,1,2,0,640.6743692690587,0,0,0,4,1331.0645161290322,6,3.280897069771468
4360,노원구,205728.0956284044,562157.9842659192,5,2,0.4,1,2,0,567.2417174963069,0,0,0,3,1860.7741935483873,7,2.7003207823604507
4361,도봉구,202452.771241295,562154.781344449,1,0,1.0,1,2,0,444.5228845284132,0,0,0,4,4671.516129032258,6,1.7843262269571152
4362,노원구,204866.6340329137,562751.738973616,3,2,0.3333333333333333,1,2,0,979.1678251604544,0,0,0,1,369.8064516129032,4,1.4320137754506668
4363,노원구,205223.1554986785,562797.7564232145,2,2,0.5,1,2,0,1176.1839963366028,0,0,0,3,3599.2258064516127,5,1.022127348844973
4364,노원구,205393.521451662,562824.5173187786,4,1,1.0,1,2,1,1215.4727548522592,0,0,0,4,2537.741935483871,9,1.3046314426635657
4365,노원구,205446.0172915495,562592.700769165,2,1,1.0,1,2,0,979.0658350303378,0,0,0,2,1135.4516129032259,7,1.112874624092483
4367,노원구,205473.8360676445,562844.7849472924,2,2,0.5,1,2,0,1167.8176192246865,0,0,0,3,1671.483870967742,8,1.390292949313808
4368,노원구,205718.60672837327,562778.0530281796,4,2,0.75,1,2,0,924.172746577298,0,0,0,4,5430.096774193548,7,3.06767655303986
4369,노원구,205841.7377570402,562758.3937279178,5,1,1.0,1,2,1,812.2866238256038,0,0,0,7,6026.354838709677,6,1.3177307839164598
4370,노원구,205925.33154631432,562729.4767376883,3,2,0.3333333333333333,1,2,0,728.7076212202211,0,0,0,3,4820.258064516129,5,0.4012515814919719
4371,노원구,206234.698999921,562432.8089510968,5,2,0.2,1,2,0,303.27249865361495,0,0,0,2,2159.7741935483873,5,2.5478529328696453
4372,노원구,205803.4622510065,562432.5726447664,2,1,1.0,1,2,0,703.9953610111348,0,0,0,2,755.1935483870968,4,4.801828555526614
4373,성북구,200221.1285277945,554761.322390593,2,0,1.0,1,2,0,517.543842452738,0,0,0,2,2537.7419354838707,4,3.577206106298393
4374,노원구,205865.4502828235,562906.455257447,2,2,0.5,0,2,0,892.6510064534726,0,0,0,2,4561.741935483871,7,2.5202999526839656
4376,노원구,205876.1602764548,563047.336008274,4,2,0.25,1,2,0,991.6349493998408,0,0,0,1,388.8064516129032,4,4.43623156810754
4377,노원구,205886.2312528603,563131.0308281212,3,1,1.0,0,2,0,1052.8832086243906,0,0,0,0,290.64516129032256,3,20.83249606666653
4378,노원구,204729.496990472,563074.045593915,1,0,1.0,1,2,0,836.5756159736774,0,0,0,0,1160.4193548387098,1,0.850907920705429
4379,노원구,205171.867718935,563105.3801195683,3,2,0.6666666666666666,1,2,0,1061.8152962905049,0,0,0,0,3245.7419354838707,6,0.166517057033874
4380,노원구,205294.4609277926,563198.1218442305,5,1,1.0,1,2,1,1019.6440513149458,0,0,0,2,840.9677419354839,6,1.3333469882353617
4381,노원구,205451.337529702,563050.367161707,1,0,1.0,1,2,0,1222.8028035690784,0,0,0,2,996.6451612903224,8,5.100697699676158
4382,노원구,205614.385524958,563022.121120695,1,1,1.0,0,2,0,1155.062698093907,0,0,0,2,589.9354838709678,9,7.507583085626273
4383,노원구,205340.872809662,563248.864938578,3,1,1.0,1,2,0,995.6385435854636,0,0,0,2,840.9677419354839,6,3.232814461474778
4384,노원구,205074.784172271,563481.7819234929,2,1,1.0,0,2,0,673.7703553229392,0,0,0,3,974.5483870967743,5,1.5217610367271088
4386,노원구,204736.45558564248,564314.3595982285,2,1,1.0,1,2,0,83.30748750117316,0,1,1,3,2943.548387096774,5,0.3151882819062439
4387,도봉구,202179.56453883837,561991.4082741224,3,2,0.3333333333333333,1,2,0,713.500744364125,0,0,0,3,3129.8064516129034,5,8.205343372758023
4388,도봉구,202438.93939208752,562297.244692898,2,2,0.5,1,2,0,504.6691969896819,0,0,0,3,4908.032258064516,6,1.8251778227435973
4389,도봉구,202070.582018806,562450.2024869365,2,0,1.0,1,2,0,902.869979357434,0,0,0,2,1151.8064516129032,4,4.556751786645776
4390,도봉구,202435.1728443965,562462.2160726433,4,0,1.0,1,2,0,600.6088511095688,0,0,0,4,3317.193548387096,5,6.088224219169594
4391,도봉구,202777.129673887,562505.0437130015,2,1,1.0,1,1,0,450.4659583661669,0,0,0,2,2667.1290322580644,4,1.4054937898488142
4392,도봉구,202924.83170064865,562525.5827689116,3,2,0.3333333333333333,0,2,0,458.3386985776485,0,0,0,3,5415.516129032258,7,1.7079034172939818
4393,도봉구,203086.16950648025,562430.7483229615,4,2,0.25,1,2,0,412.3551640843564,0,0,0,2,3800.6129032258063,7,1.5297489312555197
4394,도봉구,203081.059775058,562318.153473429,1,1,1.0,0,2,0,314.93643880856285,0,0,0,2,1660.2258064516127,7,0.9070663176550534
4395,도봉구,203300.9581815888,562579.9242678868,4,0,1.0,1,2,0,562.1550068744351,0,0,0,4,2674.612903225807,8,0.8463335699390898
4396,도봉구,203621.3288211464,562582.5387438838,5,2,0.2,1,2,0,275.52732221184607,0,0,0,2,3124.5806451612902,5,0.5931856564957094
4397,도봉구,203085.964361813,562705.5361951883,3,2,0.3333333333333333,1,2,0,666.6789974897177,0,0,0,2,6650.322580645161,11,1.7336879868162451
4398,도봉구,203181.43610446545,562807.1505665676,5,1,1.0,1,2,1,654.9071269539996,0,0,0,4,3434.4838709677415,10,3.478276990916492
4399,도봉구,204197.081797223,562393.7547707635,2,0,1.0,1,2,0,513.4147020608393,0,0,0,4,4203.258064516129,7,3.884741312730255
4400,도봉구,204625.66179271863,560999.4053541691,3,2,0.3333333333333333,1,2,0,594.1530896078912,0,0,0,2,1120.0645161290324,3,0.2995501084215609
4402,도봉구,203381.761822555,562979.568675799,1,1,1.0,0,2,0,469.0641977858415,0,0,0,2,247.5806451612903,6,1.536913202013377
4403,노원구,205358.325478476,563131.812074986,1,0,1.0,1,2,0,1107.2768155712542,0,0,0,2,765.3225806451612,6,1.7028544428233396
4404,도봉구,204226.9607290325,560988.020373732,2,2,0.5,0,2,0,538.5315144413684,0,0,0,2,672.258064516129,4,0.3620407284271347
4405,도봉구,204374.652752667,565120.613778873,1,2,0.0,0,2,0,949.8864758860374,0,0,0,1,284.7096774193549,4,3.614962410810681
4406,노원구,204503.3995823853,563495.6437880554,3,2,0.0,0,2,0,681.7159803799331,0,0,0,2,1602.2903225806454,2,0.5654732339227072
4407,종로구,201660.21148379063,552714.231243228,3,2,0.6666666666666666,1,2,0,91.80131758827048,0,1,1,3,12795.774193548386,6,6.511696098863825
4408,동대문구,202930.501829407,552382.252221219,2,2,0.5,1,2,0,298.21047022754,0,0,0,2,875.0645161290323,7,8.405899557444414
4410,노원구,204777.74023855448,563453.2615872202,4,2,0.75,1,2,0,671.6044086358311,0,0,0,2,1234.5161290322583,4,0.6503781864392266
4412,노원구,204808.793430774,563064.440202943,1,2,0.0,0,2,0,913.4387003283954,0,0,0,1,160.5483870967742,2,0.2875040375982785
4413,노원구,204680.3044948417,562752.60388371,3,2,0.0,0,2,0,796.6702895728697,0,0,0,1,110.64516129032258,4,0.1698150943880468
4414,노원구,204948.9355647985,562749.928871644,2,2,0.5,1,2,0,1060.44903519912,0,0,0,2,1159.9032258064517,5,1.1068091096804504
4415,노원구,206316.3888850465,562048.8451746375,2,2,0.5,1,2,0,266.5044701245158,0,0,0,3,5538.129032258064,9,7.05653761013823
4416,노원구,205550.223406854,561352.89207998,1,2,0.0,0,2,0,266.3426562127261,0,0,0,0,5087.741935483871,5,1.3953089708051003
4417,도봉구,204319.4768756415,562328.105225832,4,2,0.5,0,2,0,647.5921887487253,0,0,0,2,2520.483870967742,5,3.592973546096883
4418,도봉구,204618.487695486,560434.566102992,1,2,0.0,0,1,0,1118.767090742635,0,0,0,1,463.48387096774195,3,1.3202536870355768
4420,도봉구,202135.6153346462,562287.1440687308,5,2,0.8,1,1,0,784.3028984638456,0,0,0,0,1211.6129032258063,4,0.5401523098739602
4421,도봉구,202176.49652119,562299.948602504,1,2,0.0,0,1,0,748.9816603293418,0,0,0,0,1211.6129032258063,5,0.543839223702148
4422,도봉구,203025.922648702,562980.823955012,2,2,0.5,0,2,0,818.3322480215013,0,0,0,2,4042.0322580645166,7,1.6195685003569695
4423,도봉구,203135.511649977,562860.544017987,1,2,0.0,0,2,0,699.7171616079605,0,0,0,3,4086.8387096774195,8,0.8951040978135675
4426,도봉구,203700.943324421,561099.498386876,1,1,1.0,0,2,0,534.8638694663333,0,0,0,0,237.09677419354836,6,5.225305005351342
4427,도봉구,203593.564820939,561699.120439297,1,0,1.0,1,2,0,296.1600653206892,0,0,0,2,1217.8709677419356,6,0.8199070750137061
4428,도봉구,203856.30466815075,561707.23871683,4,2,0.0,0,1,0,283.4667509132965,0,0,0,0,0.0,3,5.895886363739535
4429,도봉구,204271.7708846437,562144.314184768,3,2,0.0,0,1,0,631.0996913898197,0,0,0,0,2806.290322580645,5,0.4349079342449377
4431,노원구,204727.43104566695,564288.5700878829,2,2,0.0,0,1,0,84.20406690942833,0,1,1,3,2943.548387096774,5,0.5061259614043283
4434,노원구,206387.560249643,562240.9865775045,2,2,0.5,1,2,0,98.2991444865264,0,1,1,4,11674.774193548386,13,13.865783615220112
4437,노원구,205038.5073563965,561693.715483401,2,2,0.0,0,2,0,82.03672853432134,0,1,1,2,5998.387096774193,3,2.7222967092566344
4438,도봉구,203233.811060807,561278.143888771,1,2,0.0,1,2,0,297.6879646584044,0,0,0,0,2953.8387096774195,4,0.1993780631585906
4439,도봉구,204275.59173601764,562733.165627739,3,2,0.3333333333333333,1,2,0,422.01052196198975,0,0,0,0,1077.741935483871,7,1.2920585066521362
4440,도봉구,204180.558909889,562935.710183894,1,2,0.0,0,2,0,275.90512454922805,0,0,0,1,1488.3225806451612,6,0.3337931685174962
4442,도봉구,204294.15070183,562673.097830741,1,2,0.0,0,2,0,467.343257763995,0,0,0,0,1612.9677419354841,7,0.91594622444583
4448,구로구,190409.9273702355,544681.6639461068,4,2,0.75,1,2,0,775.1080683149409,0,0,0,1,1973.709677419355,13,0.8578161615583912
4449,강남구,209727.499095874,540611.9809442657,3,2,0.3333333333333333,1,2,0,2572.151719974784,0,0,0,2,771.7096774193549,1,1.5325541998797003
4450,구로구,190157.938030045,543142.158419336,1,0,1.0,1,2,0,296.8374579282215,0,0,0,2,2542.548387096774,8,4.322046299580981
4454,구로구,189029.993101091,543382.103155913,1,0,1.0,1,2,0,660.5589789671978,0,0,0,4,3025.5806451612902,2,6.088910186977324
4455,구로구,188825.3078786593,544008.8389005178,6,2,0.8333333333333334,1,2,1,899.6839990756885,0,0,0,4,2138.1612903225805,5,1.342681909165086
4456,구로구,189610.4081875608,545593.5814458072,6,2,0.6666666666666666,1,2,0,1062.53075392025,0,0,0,2,505.70967741935476,7,0.4448349441014266
4457,구로구,189627.30229732,545834.759913101,1,1,1.0,0,1,0,1303.4115188812575,0,0,0,0,228.3548387096774,5,0.290538330791857
4459,마포구,194192.939171283,549618.864734907,1,2,0.0,0,2,0,1036.638680860827,0,0,0,0,1998.2258064516127,7,6.753572515651148
4461,구로구,188936.442664775,545338.295266833,2,0,1.0,1,2,0,1068.6263963605434,0,0,0,0,0.0,2,8.333333333333332
4462,구로구,189095.5390733145,544724.1493466125,2,2,0.0,0,1,0,574.8025040000027,0,0,0,0,0.0,2,1.6965049163767971
4465,구로구,187343.864186549,544373.3485568489,4,2,0.75,1,2,0,800.8371870143966,0,0,0,2,4585.5161290322585,4,3.900678092101349
4468,구로구,187135.529092116,545322.96952188,1,2,0.0,0,1,0,480.7204527668904,0,0,0,4,899.7741935483872,3,6.839469902555037
4469,구로구,186294.179073668,545346.371481809,1,2,0.0,0,2,0,1258.583891008194,0,0,0,1,2892.2903225806454,3,1.04059251901426
4470,구로구,186767.191831244,544765.90108719,1,2,0.0,0,2,0,885.4562781296977,0,0,0,1,4794.322580645162,8,3.728010860490496
4471,구로구,186844.874193142,544557.6798615069,2,2,0.0,0,2,0,801.2084457626136,0,0,0,4,2670.0967741935488,4,1.5649691497822953
4474,구로구,187453.600667983,543825.715874708,1,0,1.0,1,2,0,346.1944578790774,0,0,0,2,23056.870967741932,6,0.6358088463257545
4476,구로구,187283.67227214275,543829.8149171405,8,2,0.5,1,2,0,257.4627260773465,0,0,0,3,8884.09677419355,6,8.640621949026016
4478,구로구,187079.46905082767,542713.023789751,3,2,0.0,0,1,0,801.0786684871227,0,0,0,1,283.0,1,1.0402908338515064
4479,중랑구,208660.4852657443,554689.9277752697,3,2,0.3333333333333333,1,2,0,215.33209894145352,0,0,0,2,2594.967741935484,5,2.9761887955608537
4481,구로구,187103.93442539105,542991.7171544866,2,2,0.0,0,1,0,524.738105785331,0,0,0,2,3406.9032258064517,4,2.2168621815497533
4482,구로구,185497.96672706917,543259.5240712465,7,2,0.5714285714285714,1,2,0,735.2313851997272,0,0,0,1,949.6774193548388,3,8.333333333333332
4484,구로구,185003.71353827725,543990.9717094788,4,2,0.5,0,2,0,912.1356658150552,0,0,0,2,3555.161290322581,6,3.871518730959481
4485,구로구,184897.14937220165,544261.0405710792,3,1,1.0,0,2,0,1065.1433848250822,0,0,0,1,5012.806451612903,4,1.5728158788852415
4486,구로구,184889.6228696125,544391.802244349,4,2,0.5,1,2,0,1115.8636236564607,0,0,0,4,3380.225806451613,4,1.8602231502160769
4487,서초구,201407.045835463,544566.232434351,1,2,0.0,0,1,0,585.4596982430176,0,0,0,1,324.38709677419354,8,8.662258048017364
4490,관악구,195260.1814666225,543233.5156803095,2,0,1.0,1,2,0,737.8328915384967,0,0,0,3,6472.451612903225,10,18.668036898380745
4491,관악구,195768.9357154253,543201.0625166361,3,2,0.0,0,2,0,474.0525157813076,0,0,0,0,0.0,6,17.63305024344478
4493,관악구,196295.1840909733,542993.2193824186,4,2,0.5,1,2,0,149.19155022336736,0,0,1,2,3882.225806451613,5,6.334951146533226
4497,관악구,196383.000660209,541691.815294768,1,0,1.0,1,2,0,446.6565800525692,0,0,0,2,211.09677419354838,3,7.072369159664523
4500,관악구,193772.71358278,542371.98400326,1,0,1.0,1,2,0,127.06655827817367,0,0,1,1,8091.870967741935,7,7.926636447068016
4504,종로구,200199.0817201105,553342.9528999911,2,0,1.0,1,2,0,477.98723354509264,0,0,0,0,15987.548387096773,4,1.4350832789377144
4506,동작구,196551.9703387198,545358.4192433615,6,2,0.8333333333333334,0,2,0,52.72351540497584,0,1,1,5,14240.290322580646,11,1.0652680110845305
4507,동작구,196209.658953587,545224.0968610065,2,2,0.5,0,2,0,393.5483922070044,0,0,0,3,4071.5806451612907,3,19.805182456958896
4508,종로구,199782.521048979,552742.030960651,1,0,1.0,1,2,0,586.3469574917906,0,0,0,1,5275.903225806452,3,1.867060602495698
4509,종로구,199765.152505126,554408.0393204,1,0,1.0,1,2,0,662.54412665396,0,0,0,2,3927.7096774193546,6,12.295296948813004
4510,종로구,200143.17462165895,553806.66590894,3,2,0.3333333333333333,1,2,0,219.43228882426052,0,0,0,4,11614.967741935483,6,0.074217414894786
4511,종로구,200174.675438655,553586.5788580853,3,2,0.3333333333333333,1,2,0,295.2997695820863,0,0,0,3,15203.74193548387,5,1.158263407353607
4512,종로구,200186.80787835,553460.961186749,1,0,1.0,1,2,0,385.38536425895137,0,0,0,2,10966.451612903225,5,2.094901277976066
4513,종로구,200215.331080189,553026.121140892,1,1,1.0,0,2,0,644.5256672302751,0,0,0,4,11898.83870967742,5,1.1214617262803372
4515,동대문구,202694.1790849345,552415.446407073,2,2,0.5,1,2,0,232.0535608609108,0,0,0,1,3650.6451612903224,5,1.362901735808547
4516,동대문구,202861.28851573533,552714.4366771854,3,2,0.3333333333333333,1,2,0,81.91297736764578,0,1,1,2,3375.3225806451615,4,0.7436303820814535
4517,동대문구,202526.90075100295,552716.4596548929,3,2,0.3333333333333333,1,2,0,255.74906133611572,0,0,0,0,0.0,5,2.1178957519894697
4518,동대문구,202141.701045892,552844.4041612338,4,2,0.25,1,2,0,44.15227171145302,1,1,1,2,21889.000000000004,7,0.2481174956735899
4519,동대문구,202056.91218451777,552604.7408762012,5,2,0.2,0,2,0,84.0629796335868,0,1,1,1,2776.354838709677,7,1.2671602161696902
4520,종로구,201386.1250882605,552749.922828682,2,2,0.0,0,1,0,100.28011943362976,0,0,1,2,4122.225806451613,7,2.041321399591466
4521,종로구,201371.2700084703,552985.111744915,3,2,0.3333333333333333,1,2,0,332.15622721037363,0,0,0,2,581.5483870967741,5,6.062666695639827
4522,종로구,201351.745640384,553161.4841828316,2,2,0.5,1,2,0,503.6549337881617,0,0,0,3,2537.5806451612902,4,0.7614722268490226
4523,성북구,201086.1181546456,553549.1367785719,5,2,0.4,1,2,0,857.1525441889871,0,0,0,2,2645.4193548387098,3,7.411607840489391
4524,종로구,200576.256898662,552406.4218177327,4,2,0.5,1,2,0,331.58104134024404,0,0,0,1,12589.838709677419,7,1.6493478741363057
4525,동대문구,202247.9287871995,552974.1566670316,2,0,1.0,1,2,0,176.8354837216285,0,0,1,3,14735.677419354839,6,0.5894705261418369
4526,동대문구,202478.974317547,553056.6968153673,4,2,0.5,1,2,0,205.4136079908344,0,0,0,1,6030.451612903226,4,1.961404293760764
4527,동대문구,202675.57763004865,553245.7113380126,3,0,1.0,1,2,0,123.6691573842749,0,0,1,2,4531.903225806452,6,1.4234194049181426
4528,종로구,201393.8416694503,552410.3394357613,3,2,0.3333333333333333,1,2,0,192.57428781255055,0,0,1,2,1018.3548387096774,8,0.4062959872429891
4529,동대문구,202269.6409597457,552767.2585825957,4,2,0.5,1,2,0,187.02038831249936,0,0,1,1,7591.1935483870975,7,0.1244726951371255
4530,동대문구,202703.101914975,552890.0894837216,3,2,0.3333333333333333,0,2,0,210.4347907722313,0,0,0,2,4268.451612903226,5,0.8077723119259103
4531,종로구,199892.5148750732,553715.5690920949,7,2,0.5714285714285714,1,2,1,6.151372463040079,1,1,1,5,10068.967741935485,5,3.158351987242547
4532,양천구,187978.06866884552,546988.45384717,2,2,0.5,1,2,0,398.48392038651417,0,0,0,2,3333.5806451612902,7,0.3739780854759781
4533,양천구,187464.68694140305,546918.4062436884,2,1,1.0,1,2,0,424.2788661896209,0,0,0,1,2344.4193548387093,5,3.843566283157229
4534,양천구,185401.25910159972,547829.3469438178,4,1,1.0,0,2,0,90.81573818153956,0,1,1,2,2601.967741935484,5,1.238616662753757
4535,강서구,185709.1234564662,547851.5847537995,5,1,1.0,1,2,1,22.76387560494187,1,1,1,5,3510.967741935484,6,1.4109772816657646
4536,양천구,185953.3746492395,547350.1584674262,4,2,0.5,1,2,0,453.3802848221106,0,0,0,0,0.0,5,0.0637808921352878
4537,양천구,185859.27127459945,546906.7010894464,5,1,1.0,1,2,1,301.6023175131432,0,0,0,1,6124.548387096774,6,1.0201198803604297
4538,양천구,186127.2116466378,546984.3351279248,5,1,1.0,1,2,1,49.57167052882085,1,1,1,0,3796.967741935484,8,1.477210295466144
4539,양천구,186643.04700390264,547140.233244123,3,2,0.3333333333333333,1,2,0,194.20157486543573,0,0,1,2,4329.290322580646,9,1.4744299785372956
4540,서대문구,194427.92894341325,551050.7722195683,4,2,0.75,1,2,0,391.0610655705996,0,0,0,1,21967.03225806451,5,5.385867187169022
4545,양천구,187275.297910944,547555.443247596,1,0,1.0,1,2,0,311.4967227094445,0,0,0,0,0.0,7,1.1993895284210985
4546,양천구,187132.776005572,547582.094754825,1,0,1.0,1,2,0,437.756307305882,0,0,0,0,63.096774193548384,2,0.8776229502832115
4547,마포구,194065.222083203,549946.802587609,1,1,1.0,0,2,0,773.6753909450914,0,0,0,4,6195.483870967742,7,0.7741499525936923
4548,양천구,189114.80699783063,547355.0013230536,3,2,0.3333333333333333,1,2,0,1269.3588434730996,0,0,0,1,6099.838709677419,8,1.381610676144076
4549,양천구,188950.9158282205,547581.092815941,2,2,0.5,1,2,0,1122.3718056385997,0,0,0,2,3268.677419354839,14,1.5629329120782207
4550,양천구,189658.13546486967,548557.9977327503,3,2,0.3333333333333333,1,2,0,1355.2298860419469,0,0,0,1,12137.354838709678,11,0.4644786877839439
4551,양천구,187101.5882007224,546456.5897868649,3,2,0.3333333333333333,1,2,0,81.40293483918877,0,1,1,2,1932.3225806451612,8,2.0109404436278666
4552,양천구,187036.7745854675,546620.4825502746,2,2,0.5,1,2,0,98.26128573458578,0,1,1,1,5131.258064516129,8,4.481144703762793
4553,양천구,186770.20583004,547310.224699247,3,2,0.3333333333333333,1,2,0,87.19360211376618,0,1,1,2,5468.258064516129,7,5.9456466750048405
4554,양천구,188614.342433234,548143.485876351,1,0,1.0,1,2,0,599.2423209258191,0,0,0,2,1374.9032258064517,7,1.3341966421818412
4555,양천구,188795.428903715,548170.3393948935,2,2,0.5,1,2,0,767.427655295244,0,0,0,0,3765.4193548387098,6,0.3965209906640747
4556,강동구,211311.110116281,550213.7966221322,4,2,0.75,0,2,0,130.6075688112326,0,0,1,3,3313.3548387096776,8,1.1182747920117286
4557,양천구,188826.68100440636,548767.5954027277,3,2,0.3333333333333333,1,2,0,896.436895268296,0,0,0,2,1645.3225806451615,8,21.8268938516675
4558,양천구,189036.4949992935,549057.5674998715,2,2,0.5,1,2,0,637.0126154067879,0,0,0,1,647.741935483871,2,3.983334314760464
4560,양천구,190087.5255346215,548496.249696215,2,2,0.5,1,2,0,1269.3605784119482,0,0,0,1,279.93548387096774,5,8.151814857136946
4561,양천구,190070.795615802,548219.862118887,1,0,1.0,1,2,0,1089.4506469861872,0,0,0,0,0.0,3,9.412225299983804
4562,양천구,188566.34585770432,545861.4279128393,3,2,0.3333333333333333,1,2,0,1118.594936209425,0,0,0,2,1723.483870967742,6,3.899642164154121
4563,양천구,188229.544582411,545960.159932462,1,0,1.0,1,2,0,921.2182317007528,0,0,0,1,2081.3870967741937,7,0.6800376147469341
4564,양천구,185694.99054165624,545307.9860565248,4,2,0.75,1,2,0,1314.140612876653,0,0,0,0,2467.6451612903224,2,10.09583573402774
4565,양천구,189734.124247273,548200.305329843,1,0,1.0,1,2,0,1358.997405010006,0,0,0,1,769.741935483871,3,0.1791551550347433
4567,양천구,188387.508949389,546817.911784583,1,0,1.0,1,2,0,769.5847075930986,0,0,0,1,1330.6451612903224,8,0.0321612946589707
4568,양천구,187924.67876206237,546243.9369357023,3,2,0.6666666666666666,1,2,0,916.1312591663624,0,0,0,1,2480.1612903225805,12,0.1736406107853572
4569,양천구,187054.2319480055,545941.2706724153,4,0,1.0,1,2,0,579.360765753982,0,0,0,2,3132.5806451612902,4,4.484135089229427
4570,양천구,185203.3681289513,548909.1671055453,3,0,1.0,1,2,0,562.9621239603326,0,0,0,1,3061.322580645161,7,2.677730639526293
4572,양천구,189446.237462554,548207.794187297,1,0,1.0,1,2,0,1406.840823625252,0,0,0,0,0.0,7,0.7432540878129352
4573,양천구,186889.44022097965,547205.4007145514,3,2,0.3333333333333333,1,2,0,63.81572722555707,0,1,1,0,7596.709677419356,7,7.617120434012818
4575,성동구,205203.72521480024,549353.9430790495,4,2,0.25,1,2,0,158.9303759032967,0,0,1,1,1282.5806451612905,5,2.612518440536237
4576,노원구,205130.067695986,563908.466511053,1,1,1.0,0,1,0,344.0428899751638,0,0,0,2,367.2258064516129,2,3.317090560781608
4578,관악구,192815.89792777505,541524.3324003593,3,0,1.0,1,2,0,59.38981495581034,0,1,1,1,9983.612903225807,6,2.6958332245057903
4579,관악구,192909.5985191184,541255.1059204726,3,2,0.3333333333333333,1,2,0,341.5988513391755,0,0,0,2,7116.258064516129,4,0.9105036772950648
4580,관악구,192503.460233792,542851.993720219,1,0,1.0,1,1,0,854.6943411297699,0,0,0,1,1168.258064516129,7,0.4869737537268204
4582,관악구,191656.924982032,542782.716484234,1,1,1.0,0,2,0,253.1172028905864,0,0,0,1,955.3548387096773,8,0.8513518624584885
4583,구로구,191045.65979225,542784.870611968,1,2,0.0,0,2,0,178.26195037091318,0,0,1,1,3020.4193548387098,12,3.4265748241627847
4584,구로구,190484.93155339124,542451.3167213842,4,0,1.0,1,2,0,323.01823251565713,0,0,0,3,2046.3870967741934,4,3.2155825403271145
4585,구로구,190383.440155627,542346.213880377,1,0,1.0,1,2,0,178.787153064747,0,0,1,2,3055.032258064516,5,8.269300809221326
4586,구로구,189969.2658809018,542493.8704382702,5,1,1.0,1,2,0,58.77407082036181,0,1,1,2,5080.41935483871,4,0.5707316205923352
4588,금천구,189861.3025597747,541873.289034797,3,2,0.3333333333333333,1,2,0,535.1334704202836,0,0,0,2,1845.7096774193549,5,1.422949759915569
4589,금천구,190425.6533374675,541218.6998729336,2,2,0.5,0,2,0,399.9193987972758,0,0,0,4,1577.2580645161293,3,0.8092027724349412
4590,금천구,190708.00606556333,541189.3382873207,3,1,1.0,1,2,0,270.41479278028896,0,0,0,2,1306.5483870967741,6,2.055468074849062
4591,금천구,190607.812083082,541211.754411493,1,1,1.0,0,2,0,315.66849331893934,0,0,0,2,3009.483870967742,3,2.22600375144219
4592,금천구,190430.91437177,540797.4286548765,2,2,0.0,0,2,0,434.3593329611426,0,0,0,2,2936.709677419355,4,1.6432813836466516
4595,금천구,190457.73957622668,541940.4530146847,3,2,0.3333333333333333,0,2,0,304.1393010205547,0,0,0,2,4288.838709677419,8,1.7331532448801596
4598,금천구,191865.538524093,540798.104586079,1,2,0.0,0,1,0,524.6550621337379,0,0,0,2,524.2258064516129,3,13.868771928147511
4602,금천구,192572.676897993,538977.479282341,1,1,1.0,0,1,0,621.2576436316228,0,0,0,1,1262.2258064516127,3,18.927974027298024
4604,서초구,199222.7649203768,542720.5503249475,4,2,0.25,0,2,0,925.899284145745,0,0,0,3,353.93548387096774,4,12.602131414995116
4605,서초구,198923.2900026893,543023.7300157053,3,2,0.0,0,1,0,529.0519505624644,0,0,0,1,1299.483870967742,11,6.597077406071877
4607,서초구,199420.000606261,543807.470530923,1,1,1.0,0,2,0,1185.5587607129614,0,0,0,2,280.7741935483871,3,12.1557968975252
4608,서초구,198812.49987744552,543293.3731008015,2,2,0.0,0,2,0,412.91834966209046,0,0,0,1,525.0967741935483,10,4.095103817229987
4610,서초구,198701.28089387,542145.9370587622,6,2,0.0,0,1,1,267.2770865463221,0,0,0,0,174.96774193548387,5,2.778592847030398
4611,서초구,198673.486245343,543125.6769071065,2,2,0.0,0,1,0,261.7464612674996,0,0,0,1,1044.967741935484,8,2.156029033450141
4612,서초구,198458.1216098712,542347.1776348678,5,2,0.0,0,1,0,323.35395037536614,0,0,0,1,4548.8387096774195,5,0.5537254786825082
4614,서초구,198968.430831866,544078.229458628,2,2,0.0,0,1,0,1057.6122957383764,0,0,0,3,2824.1935483870966,6,0.5627980380838633
4615,동작구,197140.1510030437,542844.2936865477,3,2,0.3333333333333333,0,2,0,116.968666283517,0,0,1,4,3222.1612903225805,7,14.073214197142878
4616,동작구,196875.7968114365,543156.3380467095,4,2,0.0,0,2,0,374.0285050297169,0,0,0,2,3151.9032258064517,3,10.83134363221492
4617,동작구,197562.96106549705,543233.0952016565,2,2,0.0,0,2,0,435.72951428525306,0,0,0,2,3054.0967741935483,7,8.482499718757003
4618,동작구,197912.687196491,542848.094520784,1,2,0.0,0,1,0,305.54595674140154,0,0,0,0,2000.0645161290322,8,23.47716303299393
4619,동작구,198187.3861400484,542484.198362946,3,2,0.0,0,1,0,292.87950465915543,0,0,0,0,0.0,5,0.3048294301175769
4620,서초구,198769.81358299332,541859.3853627819,3,2,0.6666666666666666,1,2,0,347.6755659353868,0,0,0,5,2280.064516129032,6,5.783715162494112
4621,동작구,197796.617275383,541889.2923407183,3,2,0.0,0,1,0,259.6148605844211,0,0,0,0,5671.8387096774195,2,7.379023421630038
4624,동작구,197061.809104562,542573.2467121728,3,2,0.0,0,2,0,398.2624876492584,0,0,0,3,874.1290322580645,4,5.569053963908826
4625,동작구,196958.182400008,543011.1328938189,2,2,0.0,0,2,0,237.9135380169325,0,0,0,2,1251.8064516129034,5,5.131829477352288
4626,강동구,212214.56284149148,549076.2856060124,2,2,0.5,1,2,0,144.52855302590166,0,0,1,0,2575.064516129032,8,2.073503168806473
4627,동작구,197791.7828680388,543120.554793829,5,1,1.0,0,2,1,479.6955143890784,0,0,0,3,1196.161290322581,7,8.333333333333332
4628,강동구,212670.072348726,547752.738767617,3,1,1.0,0,2,0,645.4173834698372,0,0,0,3,1499.774193548387,11,2.967856303694276
4629,동작구,196458.28622377376,544414.1377189783,4,0,1.0,1,2,0,640.292525850203,0,0,0,2,2278.387096774193,5,16.522681400751225
4630,동작구,196395.033711173,544291.6725589887,3,2,0.0,0,2,0,556.1108512069153,0,0,0,2,899.1612903225807,2,12.953583457049168
4631,동작구,196479.5942619513,544705.130513539,3,2,0.6666666666666666,0,2,0,608.7388340259789,0,0,0,3,4760.806451612903,6,12.2673347481627
4632,동작구,196482.47263288748,543827.0619748163,4,2,0.0,0,2,0,765.226328781753,0,0,0,1,1969.3548387096773,3,12.874016416649733
4633,동작구,194975.647135814,546294.440524698,1,2,0.0,0,1,0,346.9649318199467,0,0,0,0,0.0,2,9.768094491379888
4634,동작구,195681.008363917,545680.792256919,1,2,0.0,0,2,0,638.386211799708,0,0,0,4,2331.451612903226,10,23.42998926261366
4635,동작구,195713.54093583,545400.8062152202,3,2,0.0,0,2,0,465.8667597036799,0,0,0,5,2973.3225806451615,8,5.462193801319302
4636,동작구,195494.537617653,545458.8885506637,3,2,0.6666666666666666,1,1,0,350.77348828166566,0,0,0,0,1933.1290322580644,11,33.599591997578734
4637,동작구,195356.072792581,545207.4594140265,2,2,0.0,0,1,0,64.33410240120362,0,1,1,2,4915.677419354839,6,6.809187461417351
4638,동작구,194876.7215268333,545237.7005882916,3,2,0.0,0,2,0,256.78761784942094,0,0,0,2,6272.451612903226,7,6.206012516179449
4639,동작구,195111.13848922277,545687.2682245933,4,2,0.0,0,2,0,281.8452109338476,0,0,0,2,4630.129032258064,2,11.159048477699775
4640,동작구,195184.822327407,544950.211872348,1,2,0.0,0,2,0,244.8820811199688,0,0,0,4,8608.741935483871,6,2.814131793336188
4641,동작구,194981.7291532033,544230.6208955693,3,2,0.3333333333333333,1,2,0,781.0859646335632,0,0,0,5,7476.903225806452,4,8.05927953934359
4642,동작구,195020.2523229195,543770.8671684549,2,2,0.0,0,2,0,874.042472528139,0,0,0,3,1242.3870967741934,4,18.73362247744356
4644,동작구,193737.0826856645,545762.4448167135,2,2,0.0,0,2,0,806.457248823648,0,0,0,0,0.0,6,16.666666666666664
4645,동작구,193517.1284575595,545727.0729535378,4,2,0.5,1,2,0,651.0453637183052,0,0,0,0,2327.8709677419356,6,10.582761184525925
4646,동작구,193502.884123139,545837.340556253,1,2,0.0,0,1,0,744.0726065019747,0,0,0,1,11697.645161290324,6,5.518322311589203
4647,동작구,194016.707662879,545444.307437411,1,2,0.0,0,1,0,749.5198123904912,0,0,0,2,1297.8709677419354,3,8.989273121412023
4648,동작구,193849.343635861,545393.6880460784,2,2,0.0,0,2,0,685.3045746548205,0,0,0,3,2985.0,4,7.169828528920531
4649,동작구,193475.72640493035,545212.132418745,3,2,0.0,0,2,0,274.7173708639472,0,0,0,0,677.0967741935484,3,6.983411645489427
4650,동작구,193306.8506651837,545122.6301261393,4,2,0.0,0,2,0,104.73881855451296,0,0,1,2,3699.483870967742,7,4.1445855023820855
4651,동작구,193399.07019926,545007.576629302,1,2,0.0,0,1,0,241.78812265579307,0,0,0,1,1079.6129032258063,8,4.872718395945863
4652,동작구,193500.121738399,544816.092009882,2,2,0.0,0,1,0,439.9828487829802,0,0,0,2,499.51612903225805,5,10.513438732048618
4653,동작구,193405.6259362855,544820.0680974096,4,2,0.0,0,1,0,353.21410887154605,0,0,0,1,622.741935483871,7,5.24028714003889
4654,동작구,193169.95144880732,544959.136560657,3,2,0.0,0,1,0,80.16463436610807,0,1,1,4,6170.1935483870975,9,8.037665991320022
4655,동작구,193300.548416935,544826.1018618429,2,2,0.0,0,1,0,262.1170289720057,0,0,0,1,709.0645161290323,9,0.3341655597357847
4656,동작구,193287.470470633,544547.4119377519,3,2,0.0,0,1,0,381.36517031332016,0,0,0,1,3626.322580645161,10,2.464991793297422
4657,동작구,193400.3938669805,544539.484502981,2,2,0.0,0,1,0,279.4060983398928,0,0,0,1,4854.161290322581,13,3.248096398951071
4658,동작구,193006.3491477925,544251.8585723985,2,2,0.0,0,2,0,613.7991201864039,0,0,0,2,6670.8064516129025,10,3.310496847190366
4659,동작구,193293.9393178035,544263.9389984654,2,2,0.0,0,2,0,327.6414682858989,0,0,0,2,299.4193548387097,13,4.053403601086517
4662,동작구,193394.19699739123,544378.5335342205,4,2,0.5,1,1,0,227.62537316796363,0,0,0,0,5011.741935483872,12,1.129345423739796
4663,동작구,193358.20362787964,543696.1382823254,3,0,1.0,1,2,0,173.83624452075577,0,0,1,4,1535.0967741935483,7,3.074428519707594
4664,동작구,193198.2395069815,543597.278581375,2,2,0.0,0,2,0,80.54758506829639,0,1,1,1,1708.8709677419356,8,2.083233881822674
4667,서초구,200093.609310651,545123.593839894,1,2,0.0,0,1,0,244.1231761551931,0,0,0,0,4793.258064516129,4,10.763613082735928
4668,서초구,200341.708489718,545312.9652774505,2,2,0.0,0,2,0,110.27767132574736,0,0,1,0,35980.8064516129,8,0.8444061522048537
4670,서초구,200406.007475658,545540.264647087,1,1,1.0,0,2,0,332.7921824914964,0,0,0,0,86.45161290322581,7,2.388980371103961
4672,서초구,200872.793843773,546185.798073301,1,2,0.0,0,1,0,747.7026494275102,0,0,0,0,1464.8064516129034,6,1.4913841043296856
4673,서초구,201106.345486598,545996.5204082787,3,0,1.0,1,1,0,530.552841313211,0,0,0,0,98.38709677419355,5,2.609933756907606
4674,서초구,201272.8814645,546392.302648209,4,2,0.5,1,2,0,459.55777369898175,0,0,0,2,1124.9032258064517,6,0.3631026072519964
4675,서초구,201010.2003556644,545494.3197696693,3,2,0.3333333333333333,1,2,0,72.97492206690379,0,1,1,1,6462.290322580646,7,7.285584246536884
4677,서초구,200388.822270326,543488.5450344203,3,1,1.0,1,2,0,358.7957345160204,0,0,0,1,1054.1290322580644,3,7.192136262969508
4679,서초구,200338.334076248,542830.047434518,1,2,0.0,0,1,0,704.7488869974196,0,0,0,1,1295.5483870967741,4,4.457168676498332
4680,서초구,201423.0814658804,544672.2851703024,3,2,0.3333333333333333,0,2,0,659.0728523274855,0,0,0,2,408.3225806451613,10,9.131289342100892
4681,서초구,201482.112661755,544464.626882925,1,2,0.0,0,1,0,459.8231519867295,0,0,0,0,440.5483870967742,7,12.216152516869371
4682,서초구,201493.2605359325,544635.5175320359,2,2,0.5,1,2,0,590.1337191186121,0,0,0,2,483.06451612903226,11,7.151915204973864
4683,서초구,201580.7739784617,544591.368852598,3,0,1.0,1,2,0,509.9244130506602,0,0,0,3,440.5483870967742,10,5.55221144973256
4684,서초구,201677.9508275175,544539.681170563,2,0,1.0,1,2,0,427.04572882827927,0,0,0,2,351.2258064516129,9,7.193140233611173
4686,서초구,201609.852347278,544008.4457278806,2,2,0.0,0,1,0,222.96015387722312,0,0,0,2,2632.6774193548385,4,5.497786422870694
4687,서초구,201538.924273545,543975.5931925767,3,2,0.0,0,2,0,300.5556521973867,0,0,0,1,1665.8709677419356,4,8.074035655454743
4689,서초구,202212.22503501532,543985.6188284187,3,2,0.3333333333333333,1,2,0,330.83813740054944,0,0,0,2,1885.0645161290322,8,1.7199015190813949
4690,서초구,201956.813661829,542769.4196606944,2,2,0.0,0,1,0,1246.6172297922317,0,0,0,0,974.741935483871,5,3.682417768935124
4691,서초구,202001.868085708,542694.819745096,1,2,0.0,0,1,0,1194.7404676451777,0,0,0,1,974.741935483871,4,7.794809485025714
4692,서초구,202319.507824014,541291.089541094,2,2,0.5,0,2,0,1531.9538500561284,0,0,0,2,4005.322580645161,6,1.671767353871534
4693,서초구,202479.501809253,541422.7566451461,2,2,0.5,1,2,0,1332.4310603980462,0,0,0,3,1518.8064516129034,7,3.5508712845088004
4695,서초구,202648.338537555,541557.960488369,1,2,0.0,0,1,0,1128.1213994263494,0,0,0,0,308.0967741935484,8,4.947208054876662
4697,서초구,202865.655353757,541452.89720716,1,2,0.0,0,2,0,1134.5072572164063,0,0,0,0,113.48387096774194,10,6.807480003916501
4699,서초구,203795.5324449553,541959.132111607,3,0,1.0,1,2,0,811.5759580441239,0,0,0,0,0.0,4,2.932209631329516
4700,서초구,203845.4159886395,541599.7490229257,4,2,0.0,0,2,0,1121.908539547225,0,0,0,1,134.38709677419354,4,0.7030008534491236
4701,서초구,203683.5508961538,541128.379947849,5,2,0.2,1,2,0,1477.2232453437302,0,0,0,2,5909.387096774192,6,1.1852723215003518
4703,서초구,203827.277102507,541268.9851103225,2,2,0.5,0,2,0,1400.5830041155102,0,0,0,0,838.6451612903227,5,1.385149023024906
4704,서초구,204143.6427466342,541437.375685901,5,2,0.4,1,2,0,1431.6716106140384,0,0,0,1,2549.741935483871,3,4.011835368031396
4705,서초구,205180.644322189,538236.225757981,1,2,0.0,0,1,0,4721.193256609453,0,0,0,0,325.7741935483871,1,6.425362453870457
4706,서초구,205624.945989974,537535.121146579,1,1,1.0,0,2,0,5544.657494785004,0,0,0,2,63.58064516129032,0,16.636457327285516
4708,서초구,207257.9830117005,540259.2652161706,2,2,0.0,0,2,0,3354.791228224437,0,0,0,1,297.96774193548384,4,3.7832343785703055
4709,서초구,207554.7724065715,540262.279097769,2,2,0.5,0,2,0,3203.216150924167,0,0,0,1,180.38709677419354,1,8.800472950431864
4710,서초구,207224.5412575865,540086.6955734005,2,2,0.0,0,2,0,3519.0735454706146,0,0,0,0,510.8709677419355,3,9.602752434504325
4712,광진구,207692.750488759,549677.973416129,2,2,0.5,1,2,0,1627.4052447576262,0,0,0,0,3339.709677419355,4,0.8115505262405698
4713,강남구,206031.9351204155,543578.3579038845,2,2,0.0,0,2,0,754.3748619096698,0,0,0,0,0.0,4,0.6938236094080263
4714,강남구,205746.670075187,543564.21288331,1,2,0.0,0,1,0,492.9650283962232,0,0,0,0,2063.451612903226,3,1.3527410057478957
4715,강남구,203538.543796035,543312.136936205,3,2,0.0,0,1,0,661.9766661709898,0,0,0,0,765.7096774193549,3,4.06329586948921
4716,강남구,203319.57634198232,543236.983605431,3,2,0.0,0,2,0,632.6695170466242,0,0,0,0,0.0,3,6.913532721320201
4717,강남구,203351.37951375853,543013.930991641,2,2,0.5,0,1,0,427.07202616860417,0,0,0,0,6237.612903225807,2,5.679301261675753
4720,강남구,205906.54705863,545505.3746383125,2,2,0.0,0,2,0,998.620596488374,0,0,0,2,5195.645161290323,6,1.1865303147682835
4721,강남구,205950.195705574,545200.415136019,1,2,0.0,0,1,0,828.2667478030558,0,0,0,0,0.0,6,12.369567412663022
4722,강남구,202950.1443036995,545442.022428239,2,2,0.0,0,1,0,302.3672020842536,0,0,0,2,4107.870967741936,6,2.0171294723348625
4723,강남구,203717.60826353965,546188.2118880817,3,2,0.3333333333333333,1,2,0,242.1342465991732,0,0,0,2,2313.8387096774195,3,7.038397179603314
4724,강남구,205430.477072989,543480.085105417,1,0,1.0,1,2,0,296.8548346082602,0,0,0,0,0.0,2,0.5460177940158969
4725,강남구,205461.073846706,543421.7044060826,3,2,0.0,0,2,0,361.0800735241378,0,0,0,0,0.0,2,0.7694807549557107
4726,강남구,204666.67113595165,542990.0262812773,3,2,0.0,0,2,0,577.1850135391104,0,0,0,0,642.1935483870968,6,1.3388257306946578
4727,강남구,204762.8649062017,544676.2534095356,3,2,0.3333333333333333,0,2,0,318.5158091488145,0,0,0,0,697.258064516129,4,5.791221233154206
4728,강남구,204211.07867400435,542652.2060298426,3,2,0.3333333333333333,0,2,0,318.77243921576,0,0,0,0,0.0,4,0.1545783983598081
4729,강남구,204168.727639796,542729.82655996,2,2,0.0,0,2,0,231.13486448773045,0,0,0,0,2087.6774193548385,5,0.6420132740473328
4733,강남구,205926.198453907,545867.592478862,1,2,0.0,0,2,0,1305.3883782048954,0,0,0,1,138.0,3,6.258879349037113
4736,영등포구,192836.216456352,546737.1328638,1,2,0.0,0,2,0,839.7721237348268,0,0,0,0,4279.5161290322585,3,9.732312546976964
4738,영등포구,194452.376669349,546491.889365785,1,2,0.0,0,1,0,512.7682293938153,0,0,0,0,6209.258064516129,6,2.4759817254547065
4739,종로구,198700.5821654425,553274.9214034469,2,1,1.0,1,2,0,838.2052093348655,0,0,0,2,1300.032258064516,4,4.7089781731946685
4740,영등포구,193258.560036962,546686.5925508544,2,2,0.0,0,2,0,1015.8294920552764,0,0,0,0,5825.0,6,0.4775205961028147
4742,영등포구,193249.184799833,547049.896244047,1,0,1.0,1,2,0,1316.2926425592034,0,0,0,1,1366.6774193548388,6,0.270977989494557
4744,영등포구,193149.186846837,547891.00463712,1,2,0.0,0,2,0,1720.2162254143575,0,0,0,1,4519.41935483871,8,1.4879881037215417
4745,영등포구,192209.29884362948,548220.2715314025,2,2,0.0,0,2,0,1456.6798426403573,0,0,0,0,0.0,4,8.841475717728175
4746,영등포구,192185.049276866,548026.8819069115,2,2,0.0,0,2,0,1354.28336197851,0,0,0,0,0.0,4,14.34266783009546
4747,송파구,209984.68468284077,548452.7131910705,4,2,0.5,1,2,0,998.4868906351572,0,0,0,1,564.6129032258065,1,1.0245971095888606
4749,송파구,209927.6217424075,547392.4666543445,2,2,0.0,0,2,0,1176.049033346878,0,0,0,0,141.25806451612902,3,0.3980266446887152
4750,송파구,210124.0152190525,547841.2425062873,4,2,0.0,0,2,0,1271.0515773633576,0,0,0,2,524.5806451612902,4,0.848598732662594
4751,송파구,209844.65933800695,547275.8505110864,2,2,0.0,0,2,0,1047.7896953201987,0,0,0,0,759.516129032258,3,6.128732478473597
4752,송파구,209468.3251553645,547066.1916783524,2,1,1.0,0,2,0,863.7815927678711,0,0,0,0,528.7096774193549,4,8.172187256448069
4753,송파구,209326.919874601,546459.827816118,1,0,1.0,1,2,0,400.6122112871494,0,0,0,0,1878.7419354838707,9,6.096108170132994
4755,송파구,210957.263790476,544624.0560402912,4,0,1.0,1,2,0,907.9142937053438,0,0,0,0,458.0967741935484,3,4.393819791692574
4756,송파구,210461.072860548,544378.3526136375,2,2,0.0,0,2,0,453.25111281967,0,0,0,1,1722.3225806451612,5,2.131270516913736
4757,송파구,210950.69057323248,543498.1336583395,2,2,0.0,0,1,0,491.5195621851754,0,0,0,2,2374.6451612903224,5,6.419224061701574
4758,송파구,210892.04749989664,544515.0024019066,3,2,0.3333333333333333,1,2,0,782.9879487258858,0,0,0,2,458.0967741935484,3,5.551915967059908
4760,송파구,209469.978449912,545742.9500866625,2,2,0.5,1,2,0,444.8123574404882,0,0,0,2,542.4516129032259,5,5.238667477397006
4761,송파구,210632.09064456905,545058.796071917,2,2,0.0,0,2,0,732.7344960313876,0,0,0,2,3927.677419354839,3,3.7872265499285858
4762,송파구,210260.75056427167,544894.684738818,3,2,0.0,0,1,0,735.9499037249201,0,0,0,0,1028.516129032258,4,8.459079589119233
4763,송파구,211538.15799821663,545446.002272025,5,1,1.0,1,2,1,363.3605927546026,0,0,0,0,0.0,5,2.8411795167740963
4766,송파구,211862.786764176,544743.980388246,2,2,0.0,0,1,0,1042.7806147205574,0,0,0,0,0.0,2,6.050031009199947
4767,송파구,212231.658770961,544396.1470594208,4,2,0.0,0,2,0,691.1945989228678,0,0,0,0,0.0,7,13.540043942847433
4768,강서구,183777.2654209452,549969.5918136104,5,2,0.8,1,2,0,1695.713409269612,0,0,0,3,22.967741935483872,3,3.6362871477848926
4772,송파구,210707.4610596288,545680.3780286579,5,2,0.8,0,2,0,499.88774381032727,0,0,0,0,765.0645161290322,7,1.975791791783615
4773,송파구,210778.22357311225,545825.9100321487,4,2,0.0,0,2,0,499.7681349493497,0,0,0,2,765.0645161290322,7,0.1469944827971403
4774,송파구,210630.4442422703,545529.1591709503,3,0,1.0,1,1,0,556.2053423491751,0,0,0,0,0.0,6,2.5929521635758648
4775,송파구,210865.7789680145,545477.4319388845,2,2,0.0,0,2,0,326.4329432992227,0,0,0,0,1018.516129032258,6,5.381847231131023
4776,송파구,211411.00831213305,543541.385604352,2,2,0.5,0,2,0,893.2366997853129,0,0,0,2,4087.6129032258063,6,5.732525733282342
4777,송파구,211045.9801252188,542985.0661926928,5,1,1.0,1,2,1,928.1970822578268,0,0,0,2,1649.032258064516,4,1.7869789368736968
4778,송파구,211193.2176026045,542503.262060077,4,2,0.0,0,2,0,1388.2865458514773,0,0,0,2,4751.4838709677415,8,1.926986008798028
4779,송파구,211227.25280154275,542264.6622036328,4,2,0.75,1,2,0,1602.2602143592992,0,0,0,2,11951.806451612903,7,1.4266658237469088
4781,송파구,211768.1166549835,542393.9235907417,4,2,0.75,1,2,0,1626.2350368117902,0,0,0,2,1027.483870967742,6,3.830704911620894
4782,송파구,211783.3470428945,543039.304890622,2,0,1.0,1,2,0,1156.589357436597,0,0,0,5,1906.6129032258063,8,1.7436419319660483
4785,송파구,213474.9141502696,543744.2794636226,5,0,1.0,1,2,0,512.3342396627316,0,0,0,2,1915.4193548387095,8,3.781247164577823
4786,송파구,213201.38624686,543721.9241808683,3,2,0.3333333333333333,0,2,0,414.9726012111766,0,0,0,2,787.8709677419354,9,3.8171672663558094
4787,강동구,213029.009340172,549180.3652833244,3,2,0.3333333333333333,0,2,0,395.2089883538912,0,0,0,2,1135.0967741935483,5,5.4407261264171805
4788,송파구,212630.052607847,543322.271448294,1,0,1.0,1,2,0,394.4307077204895,0,0,0,0,1732.5483870967741,4,8.388561962722557
4789,송파구,212879.0119237624,543544.244015298,3,2,0.0,0,1,0,192.22651639832384,0,0,1,0,4063.1612903225805,6,4.4231171897039925
4791,송파구,213909.584948531,543533.36284669,1,2,0.0,0,2,0,952.2768859180424,0,0,0,4,1329.0967741935483,8,3.982929681934498
4793,송파구,212924.1256688785,544505.288357299,2,2,0.0,0,1,0,177.93617678164858,0,0,1,0,6648.000000000001,7,0.6843778183873065
4794,서대문구,194945.333380245,550998.545565424,3,2,0.3333333333333333,1,2,0,202.6159486928556,0,0,0,3,5962.677419354838,9,1.769839592766189
4796,강남구,207714.13390324352,542916.643295942,2,2,0.5,1,1,0,1349.8042160253751,0,0,0,0,0.0,3,1.481161260169929
4797,강남구,206928.2865779705,543940.6800807514,2,2,0.0,0,2,0,1628.4499373151896,0,0,0,0,1069.9354838709678,4,1.5062197823408912
4798,강남구,207657.978865941,542476.6668585115,2,2,0.5,1,1,0,1524.7880990510246,0,0,0,0,1127.2903225806451,5,6.908850856271951
4799,강남구,207452.703692943,542446.8009007768,3,2,0.0,0,2,0,1725.4840549947796,0,0,0,0,0.0,3,7.240302788265704
4800,강남구,207047.90752217203,542678.42041471,2,2,0.0,0,2,0,2046.9518503544316,0,0,0,0,2937.3870967741937,4,2.699863413001348
4801,강남구,207089.4038597745,542473.1457013416,4,2,0.0,0,2,0,2058.6663871193878,0,0,0,0,2937.3870967741937,2,5.859790976345185
4803,강남구,209036.5233621785,543234.5491849177,4,2,0.0,0,3,0,141.51000126369522,0,0,1,2,23686.870967741936,8,0.2214115324197744
4804,강남구,208975.731147574,543398.226496476,1,2,0.0,0,2,0,313.7831556936659,0,0,0,0,1090.483870967742,6,0.7328288484542197
4805,강남구,208929.792627054,543526.090569652,1,2,0.0,0,2,0,449.1885713354967,0,0,0,0,0.0,3,0.5050889918411923
4806,강남구,209168.012990244,543490.900115446,1,2,0.0,0,1,0,413.5198508482869,0,0,0,0,0.0,3,2.050983245198973
4807,강남구,208703.991893712,543221.958111646,1,2,0.0,0,1,0,371.04768101421774,0,0,0,0,1178.6451612903224,3,1.965848686871817
4808,강남구,208580.932388207,543488.270359322,1,2,0.0,0,2,0,614.5348262644961,0,0,0,0,0.0,1,3.715237004715378
4809,강남구,206258.0311689387,543087.1777775293,3,0,1.0,1,2,0,1180.8886153945496,0,0,0,0,153.8709677419355,4,2.173478246654034
4810,강남구,204669.1205341505,542352.3117528305,2,2,0.0,0,1,0,829.7188231404836,0,0,0,2,4033.096774193548,6,0.7818646559400004
4812,강남구,206829.51254148505,543463.7599382387,3,0,1.0,1,2,0,1556.4375180434272,0,0,0,0,0.0,6,0.955135881150273
4813,강남구,206668.6585783365,543369.0015286736,2,0,1.0,1,2,0,1424.3905341652303,0,0,0,0,2801.1290322580644,5,4.29730542665989
4814,강남구,204847.389134555,542504.348799833,1,2,0.0,0,1,0,876.6091202692392,0,0,0,1,3770.516129032258,6,5.267342207365513
4815,강남구,205072.276955811,542743.384550805,1,2,0.0,0,1,0,970.4688332898312,0,0,0,1,2609.0967741935488,6,0.8200145727129577
4818,송파구,207468.22082210868,546307.1549117154,3,0,1.0,1,2,0,532.2914750288598,0,0,0,3,461.90322580645164,3,0.3363221167667962
4821,강남구,204340.55475397647,542167.560792538,2,2,0.5,1,2,0,818.8930807843041,0,0,0,3,3245.322580645161,3,0.2865832326265879
4823,강남구,204495.121571186,542217.9580863224,3,2,0.3333333333333333,1,2,0,833.9846055468054,0,0,0,1,1262.5806451612902,3,12.639918569860887
4824,송파구,207073.673807323,544901.1870904595,2,2,0.0,0,1,0,843.3922155260229,0,0,0,0,0.0,3,7.055447583762013
4825,송파구,207771.773768813,544538.115931732,1,2,0.0,0,1,0,999.9247307673744,0,0,0,1,252.38709677419354,3,6.607086725366627
4827,송파구,209292.878862744,544552.0234673076,3,2,0.3333333333333333,0,1,0,290.96900689956226,0,0,0,1,1982.4193548387098,3,0.6319813925482087
4828,송파구,209221.759195839,544520.499413028,2,2,0.0,0,2,0,368.6938733022727,0,0,0,2,1982.4193548387098,3,1.6237577826186882
4829,송파구,208897.483352268,544395.382563927,1,2,0.0,0,2,0,399.0356287380623,0,0,0,2,1386.8064516129032,2,0.6180105896374618
4830,송파구,209576.36081708365,544664.5068113953,3,2,0.3333333333333333,0,2,0,14.199156816014863,1,1,1,2,1516.1612903225805,2,0.3706864336670771
4839,송파구,211022.524106763,541131.295304712,1,2,0.0,0,1,0,2559.670014945156,0,0,0,1,813.6451612903227,4,4.360744520619484
4841,은평구,193645.90802506875,558475.6098200608,4,2,0.0,0,1,0,797.6364572855249,0,0,0,1,3588.4193548387093,6,4.3883996418632165
4842,은평구,192493.861411086,556659.452362225,1,2,0.0,0,1,0,350.108308140891,0,0,0,0,2939.967741935484,3,0.3250188705994243
4843,은평구,193855.99610866,558191.3978821901,2,2,0.0,0,2,0,941.9352409617816,0,0,0,3,2239.1935483870966,6,8.29124664102494
4845,은평구,193997.661296048,557865.13693741,1,1,1.0,0,2,0,948.5196037624556,0,0,0,1,1978.8709677419354,4,22.680290874207763
4846,은평구,192298.92695817896,556231.321046737,2,2,0.5,1,2,0,203.99913989310824,0,0,0,2,2798.3548387096776,8,2.330223199257695
4848,은평구,192633.65351487265,557935.347835084,3,2,0.3333333333333333,0,2,0,258.58282547555683,0,0,0,2,1866.0645161290322,5,4.500982398216161
4849,은평구,192672.92316741077,558218.695111112,4,2,0.5,1,2,0,166.2106878510902,0,0,1,4,2015.1935483870966,6,9.914658850139991
4855,은평구,194318.028276074,561187.00589524,1,2,0.0,0,1,0,3248.2153689693096,0,0,0,1,548.9032258064516,2,15.897140812902723
4859,성동구,205068.0376051895,551382.5213602195,2,0,1.0,1,2,0,498.1603867241893,0,0,0,1,1921.2580645161288,4,1.279375600237772
4860,성동구,204526.68429420836,549886.3521323657,3,2,0.3333333333333333,0,2,0,697.2762807639215,0,0,0,0,0.0,6,0.5864261388007345
4861,광진구,208988.92336721145,549186.6544644226,5,2,0.8,1,2,1,1943.587354918414,0,0,0,2,1214.3548387096773,5,1.281192992056616
4862,광진구,208440.217797659,549321.231475869,1,2,0.0,0,1,0,2248.493053355557,0,0,0,1,1179.483870967742,5,11.108152281811876
4865,성동구,204309.297102012,549177.239272944,1,2,0.0,0,2,0,776.6997891436682,0,0,0,2,1121.4193548387098,7,0.2957130969979242
4867,성동구,204173.6876171655,548839.1253166675,2,2,0.5,0,2,0,1049.383789385969,0,0,0,0,1070.4193548387098,5,2.5571183026295032
4868,성동구,204494.759448604,549806.0838400326,2,2,0.5,0,2,0,672.493583850661,0,0,0,0,1641.8064516129034,6,2.794958148962259
4872,성동구,205099.0402103875,549657.819352268,4,2,0.5,1,2,0,241.93238641231645,0,0,0,0,0.0,3,0.2805107407578925
4875,광진구,206245.0327990177,549930.802858205,3,2,0.0,0,1,0,912.1348830086446,0,0,0,2,7607.548387096775,6,1.4623470541284256
4876,광진구,206636.0255240753,550543.781245637,4,2,0.0,0,1,0,1175.1253122558196,0,0,0,3,2330.5806451612902,4,5.067575354216356
4878,광진구,206913.11337743525,550815.0959086687,4,2,0.0,0,1,0,1241.9114269963834,0,0,0,2,7582.74193548387,7,1.706481852422025
4879,광진구,206770.486792314,550883.7803920152,4,2,0.0,0,1,0,1083.7942769512936,0,0,0,2,5497.419354838709,8,3.2038143949918245
4880,광진구,206926.8209018895,551247.3478876245,2,2,0.5,1,2,0,1118.1236536696706,0,0,0,2,1431.6774193548388,5,3.091550235394056
4881,광진구,206982.430295441,551368.329964198,1,2,0.0,0,2,0,1124.2263659408998,0,0,0,2,1750.0967741935485,9,3.6625121995637855
4882,광진구,207463.3348780867,551292.0110479413,3,2,0.3333333333333333,1,2,0,1515.7142066074637,0,0,0,2,471.41935483870964,9,2.000790742496381
4883,광진구,208148.653109762,550695.803164884,1,2,0.0,0,1,0,2388.8140528640106,0,0,0,2,1239.4516129032259,1,12.242574476417344
4884,광진구,207618.09272343,551949.809523975,1,2,0.0,0,1,0,1051.9479897709657,0,0,0,3,2671.838709677419,8,5.926325342553061
4885,광진구,208612.555526012,550440.802619812,1,2,0.0,0,1,0,2785.6567215061723,0,0,0,0,0.0,2,8.265644237747432
4886,광진구,208554.37033464148,550553.1354229951,2,2,0.5,0,1,0,2659.4521061270702,0,0,0,0,0.0,3,12.23359002042
4888,광진구,208628.65365952704,550488.3411971331,2,0,1.0,1,1,0,2748.691483005789,0,0,0,0,0.0,2,5.355538743238526
4890,광진구,208660.294173023,549545.740996472,1,2,0.0,0,2,0,2348.777494772222,0,0,0,2,73.90322580645162,1,18.73168375253015
4895,광진구,207958.46118088585,548284.1258700562,5,1,1.0,1,1,1,1882.4613721540013,0,0,0,2,555.9677419354839,10,8.333333333333327
4897,광진구,208920.352390545,550154.314272445,1,0,1.0,1,2,0,2374.910717314091,0,0,0,0,0.0,0,26.711888055114724
4898,광진구,209033.0397196936,549705.0298648247,5,2,0.8,1,1,1,2057.299018614992,0,0,0,2,1972.4516129032256,3,0.5577422776175686
4899,중구,199657.998936964,551182.3811654253,4,2,0.0,0,2,0,824.6707433770619,0,0,0,0,3028.6129032258063,4,4.839476910548264
4901,중구,200828.42564992,552193.739119551,1,2,0.0,0,2,0,246.7073820230876,0,0,0,1,639.9677419354839,6,0.6988186131403396
4902,중구,198736.805944704,550797.8225196,1,0,1.0,1,2,0,1113.0877378164707,0,0,0,0,0.0,4,20.913424621906625
4903,중구,198667.367789424,550765.095917302,1,0,1.0,1,2,0,1050.4634873558414,0,0,0,0,289.0,3,25.63078191500461
4905,중구,199242.42164775572,551664.9425500138,4,2,0.0,0,2,0,613.3596103481791,0,0,0,0,1891.2903225806451,6,2.350252206178857
4906,중구,200033.0991371825,551655.5444886466,2,2,0.0,0,2,0,239.2241943761443,0,0,0,0,1751.9354838709678,12,3.5806529411855874
4907,중구,199624.37943616483,551639.0990423617,6,2,0.0,0,2,0,521.7254820890155,0,0,0,0,0.0,11,2.461231330443443
4909,중구,200023.63839483625,551911.2070702623,4,2,0.25,0,2,0,62.15663757170903,0,1,1,3,2367.258064516129,10,1.384239643015904
4910,종로구,198829.388693909,553303.228186978,1,2,0.0,0,1,0,832.5801644115124,0,0,0,1,891.6451612903227,5,2.2721944894937827
4911,종로구,198677.7745278297,553400.3800335993,3,2,0.3333333333333333,1,1,0,964.3410746852412,0,0,0,2,1710.3225806451612,3,0.0
4912,종로구,198701.739591506,554097.2428681906,3,1,1.0,0,1,0,1239.1526267878107,0,0,0,2,660.5483870967741,0,14.32825166038273
4913,종로구,198389.8968463565,554165.39399718,2,2,0.0,0,2,0,1557.866152923022,0,0,0,2,897.4193548387098,2,2.72291173194251
4915,종로구,198384.4348821495,554284.494683963,2,2,0.0,0,2,0,1598.3164537804007,0,0,0,2,703.9032258064517,1,7.719411024208054
4917,종로구,198408.3490163805,553846.875847667,2,2,0.0,0,2,0,1477.2010235164744,0,0,0,2,868.4516129032259,1,6.732102423773216
4918,종로구,197476.0671678995,553951.7666716438,4,2,0.0,0,2,0,1760.7624415109678,0,0,0,2,1229.516129032258,7,2.641470554759569
4919,종로구,196961.88686617248,552907.101779788,2,0,1.0,1,2,0,1067.4225529972375,0,0,0,1,484.9354838709678,2,18.22993331354451
4921,종로구,197140.507896203,552813.643999762,1,2,0.0,0,1,0,970.7057966293904,0,0,0,2,4792.8064516129025,7,4.647088571829403
4922,종로구,198170.256054037,552533.834976103,1,2,0.0,0,2,0,346.87319135627087,0,0,0,0,7038.709677419355,7,0.9134132524588228
4925,종로구,199081.855015876,552557.253739479,1,2,0.0,0,1,0,126.7356425419666,0,0,1,0,0.0,5,1.1052322527334073
4926,종로구,197776.0617809857,552453.6702591034,4,2,0.0,0,2,0,267.5674235672169,0,0,0,0,265.2903225806452,9,2.5581473643707877
4927,종로구,198417.138042005,553944.231791876,1,2,0.0,0,2,0,1488.1209638335813,0,0,0,3,1126.741935483871,2,4.368177007045044
4928,종로구,197155.6910082033,553041.6872684159,3,2,0.0,0,2,0,1121.9850607076228,0,0,0,2,2471.741935483871,6,9.842312072175131
4929,중구,197719.892875626,552113.247678134,1,2,0.0,0,2,0,279.96010547346447,0,0,0,0,0.0,5,2.9115156564125164
4930,중구,197229.65269648837,551681.2336357468,3,2,0.0,0,1,0,227.64222488098744,0,0,0,2,8504.387096774195,6,0.9530719932553804
4931,중구,197429.382422345,551900.6180575107,3,2,0.0,0,2,0,361.7147133147122,0,0,0,0,0.0,4,1.3059323986227394
4932,중구,198199.223583645,550494.832550154,1,0,1.0,1,2,0,576.9417489200232,0,0,0,0,0.0,10,16.37919676838294
4933,중구,197016.40958042332,551003.4710898167,3,2,0.0,0,2,0,206.69763653209196,0,0,0,0,489.48387096774195,6,7.177362987574133
4937,강남구,205622.400666405,542673.084634792,1,2,0.0,0,1,0,1099.3021811679878,0,0,0,2,723.8387096774193,3,11.650245480442509
4938,성북구,204023.0670703215,557946.6102489053,4,2,0.5,1,2,0,841.7543478046135,0,0,0,5,3007.354838709677,9,6.683579670838462
4942,성동구,204379.41528776236,548972.5495766046,3,1,1.0,1,2,0,804.2055877712434,0,0,0,2,1280.516129032258,5,0.467928861607317
4943,강동구,216151.798067121,549996.198257219,1,1,1.0,0,2,0,3424.799930387701,0,0,0,0,0.0,0,3.087770417547671
4944,강서구,188981.3117246034,549728.1974451535,5,2,0.6,1,2,0,79.30034703849223,0,1,1,5,13210.387096774193,4,3.4191788825804355
4945,영등포구,190637.8938695594,548232.5157648593,5,1,1.0,0,2,1,748.9640454267756,0,0,0,2,1040.2258064516127,4,1.0600881502715964
4946,영등포구,190231.30974749965,547301.5366472877,3,2,0.6666666666666666,1,2,0,730.0722988611185,0,0,0,1,857.2258064516129,10,0.6910709271692195
4948,영등포구,191482.81304140063,547604.0677661296,3,2,0.3333333333333333,1,2,0,564.9684566296505,0,0,0,2,671.0967741935484,7,0.1152290570471177
4950,영등포구,190453.717059387,545977.3402179052,3,1,1.0,0,2,0,1000.58813988112,0,0,0,0,237.06451612903226,5,0.345577079703195
4952,은평구,192535.0761019328,557729.1612579658,5,1,1.0,1,2,1,378.2646343406627,0,0,0,4,2824.193548387097,3,4.846292688228703
4953,영등포구,190995.378094149,548012.5028834755,2,2,0.5,1,2,0,478.87592124012514,0,0,0,1,688.9677419354838,6,0.4897089497124973
4954,강서구,183818.024783482,552188.2297010543,3,2,0.6666666666666666,1,2,0,586.3755605108067,0,0,0,2,1504.741935483871,7,0.2071866961863226
4959,종로구,199755.0741944747,553935.3729860351,3,2,0.0,0,1,0,224.9902222532,0,0,0,2,268.93548387096774,2,1.3132556707346057
4960,종로구,199714.8612962625,554248.8971457375,2,2,0.0,0,1,0,522.3580175896801,0,0,0,3,3202.548387096774,4,4.287506367829141
4961,종로구,199849.6704305267,554467.1428977567,3,2,0.0,0,2,0,659.0138257484796,0,0,0,2,2196.354838709677,6,5.61397932008082
4962,종로구,199950.04417712,554581.175036001,1,2,0.0,0,1,0,605.7486442577738,0,0,0,0,1357.7096774193546,9,12.767961018001502
4963,종로구,200001.07364597332,554174.147749954,3,2,0.0,0,1,0,427.3701614526693,0,0,0,2,7539.032258064518,5,1.0323155472128676
4964,종로구,200289.59278345,552656.039167559,1,0,1.0,1,2,0,277.25455777903727,0,0,0,1,3911.8064516129034,9,0.5629082930487131
4965,종로구,200528.3035349153,552666.3498348021,4,2,0.0,0,2,0,400.7854929527455,0,0,0,1,3142.967741935484,10,1.8039444353644525
4966,종로구,201373.140711473,553453.22974557,1,1,1.0,0,1,0,771.4748817558412,0,0,0,3,2355.0,6,30.041786926262983
4967,종로구,201526.14820995825,553416.5120620473,4,2,0.0,0,1,0,708.2326004497487,0,0,0,2,1437.6129032258066,4,11.092790533289284
4968,종로구,201634.641309825,552472.1119007285,2,2,0.0,0,1,0,243.9226645868069,0,0,0,0,778.7741935483871,7,3.8368264672342822
4969,은평구,191702.088512097,557649.5459361755,2,0,1.0,1,2,0,991.2341540783048,0,0,0,2,1230.6129032258066,2,13.298096510859295
4970,성동구,202266.146074371,550169.435398509,2,2,0.5,1,2,0,515.000670252288,0,0,0,2,2422.612903225807,6,31.766958162254515
4971,성동구,202188.806243081,550432.77084235,1,1,1.0,0,1,0,429.9984150808613,0,0,0,5,1517.7096774193549,9,11.658805845892898
4972,성동구,201476.90557674668,549885.6252103996,3,2,0.0,0,1,0,380.6107274272249,0,0,0,7,5690.8387096774195,2,6.9862101766137625
4973,성동구,201824.0043366125,550422.5598110179,2,2,0.0,0,1,0,75.77254857911481,0,1,1,2,3910.6451612903224,9,29.12923445782674
4974,서대문구,192904.16058613,552366.831421579,1,1,1.0,0,2,0,667.4263786946202,0,0,0,2,909.0645161290322,5,2.013561718367599
4975,은평구,193106.340452361,556842.977103102,1,0,1.0,1,1,0,428.6657644291689,0,0,0,2,404.48387096774195,3,2.8151195587905185
4976,도봉구,204519.448852861,564915.5520130795,2,2,0.5,0,2,0,702.081266551552,0,0,0,2,316.0967741935484,4,2.414005024497404
4977,양천구,188058.66072905235,546398.1719609096,3,2,0.3333333333333333,1,2,0,989.3026051559694,0,0,0,0,4352.451612903225,13,0.4097419821374436
4980,중구,202073.142102489,552218.626991777,1,1,1.0,0,2,0,301.8923457723145,0,0,0,1,1589.6774193548388,6,2.954895176105913
4981,영등포구,191094.01993100697,547521.5408133441,3,1,1.0,1,2,0,173.373499139053,0,0,1,1,0.0,4,0.6412005144549285
4982,영등포구,191888.7310072445,547703.4044034532,4,2,0.25,0,2,0,980.9825108980014,0,0,0,2,579.0322580645161,6,1.5509551089287548
4983,강서구,186019.171536032,551300.35734767,1,0,1.0,1,1,0,1153.6673456874628,0,0,0,0,939.7096774193548,11,0.2256042468569645
4985,양천구,188517.27848328263,547481.9504188753,3,0,1.0,1,2,0,678.5509808090103,0,0,0,0,3873.774193548387,8,0.1502453214683585
4986,강서구,183790.19648519668,551494.1196392503,3,2,0.3333333333333333,0,2,0,487.3513000676925,0,0,0,2,685.7741935483871,3,1.0379803244297985
4992,서초구,200582.150908776,545976.8937023741,2,2,0.5,0,2,0,711.2588910094054,0,0,0,2,1933.8387096774193,4,0.7538589074563913
4995,강서구,187771.02766981552,551275.2461686784,2,2,0.5,1,2,0,600.398451374098,0,0,0,3,2319.516129032258,5,0.2945474307192046
4997,영등포구,190729.9832852082,548875.9323249792,5,1,1.0,1,2,1,1350.2425941617696,0,0,0,2,2830.2258064516127,6,0.1123217921907038
4998,서초구,201814.02390931477,540162.5091274782,4,2,0.5,1,2,0,2753.9430986999923,0,0,0,0,0.0,5,9.146660497869163
4999,강남구,207777.15203257432,543567.5687503297,3,2,0.6666666666666666,1,2,0,1360.2257301122931,0,0,0,3,5651.0,3,2.061388413231846
5000,광진구,207143.752603454,551472.9506123934,2,2,0.5,0,2,0,1192.6319442692352,0,0,0,2,2590.258064516129,10,1.5746391314594337
5001,용산구,197977.344110595,546596.9561498105,2,2,0.5,1,2,0,1817.0365036570656,0,0,0,4,3986.387096774194,7,0.4163633227348561
5002,금천구,191508.37314301048,539338.0395850046,2,2,0.5,1,2,0,298.68074835298376,0,0,0,4,3672.645161290323,8,1.6118189117904258
5003,강서구,183793.91376190065,551750.5887056523,3,1,1.0,0,2,0,398.8865866749591,0,0,0,0,723.3548387096774,7,1.4023754674187927
5004,양천구,188315.58212689275,550001.1098424977,4,2,0.5,1,2,0,86.50155430546765,0,1,1,3,13951.870967741936,3,2.326606444173572
5005,양천구,185913.44376319,547429.057070227,1,2,0.0,0,1,0,444.3058004520733,0,0,0,0,0.0,5,0.0778400402721087
5006,양천구,187665.490998089,546576.0034064447,3,2,0.3333333333333333,1,2,0,616.6542159684185,0,0,0,1,712.258064516129,6,1.057556230197078
5007,강서구,183431.5842370084,553265.8504284542,3,0,1.0,1,2,0,1485.3339279626423,0,0,0,1,628.483870967742,11,3.682390311898332
5008,양천구,187524.72218315,547507.9871135084,5,1,1.0,1,2,1,168.51912101322813,0,0,1,0,0.0,12,0.3626813802796835
5009,양천구,187562.532733779,547187.2429116406,4,2,0.5,0,1,0,165.58609863777443,0,0,1,0,2772.032258064516,8,0.7914030069812512
5010,양천구,187644.982134668,547351.8781072306,3,2,0.3333333333333333,1,2,0,96.89151967436425,0,1,1,2,2675.8064516129034,8,0.6338140810280931
5011,양천구,186024.028654534,546531.8799152221,2,2,0.5,1,2,0,435.1181919565483,0,0,0,3,4094.8064516129034,7,0.0
5013,송파구,210843.18745437905,544032.314351561,3,2,0.3333333333333333,0,2,0,382.1866883281958,0,0,0,2,2978.0,6,2.444665836915068
5014,송파구,211276.182370795,544669.293450771,4,2,0.25,1,2,0,873.1096697499868,0,0,0,1,3768.129032258065,5,4.454743755144761
5015,송파구,212831.9527639282,544402.7698094328,5,2,0.2,0,2,0,151.86079688284877,0,0,1,0,6250.41935483871,8,1.1809290133926709
5016,양천구,189801.3103787325,549107.1673011205,2,2,0.5,1,2,0,1070.2932240387518,0,0,0,0,0.0,3,8.483272567360741
5018,송파구,212175.07880390764,544719.10708533,3,0,1.0,1,2,0,872.9239377395777,0,0,0,0,2099.0,8,2.55845914921314
5019,종로구,201320.68090750749,553617.8939818486,2,2,0.5,0,2,0,896.4112026270894,0,0,0,2,938.7096774193548,7,10.300312549234292
5020,송파구,212502.97338782495,544437.756566122,3,2,0.6666666666666666,0,2,0,447.90215593005,0,0,0,2,1541.4516129032259,7,21.929948032419315
5021,송파구,212125.845362244,545115.9020914854,2,0,1.0,1,2,0,1029.6635298784045,0,0,0,0,2440.032258064516,10,0.9966194060643178
5022,강동구,212307.558290602,547631.0898260574,2,2,0.5,1,2,0,683.26773646701,0,0,0,2,648.5806451612904,4,8.333333333333332
5023,강동구,211267.7898739045,547713.0834450555,4,2,0.0,0,1,0,877.4603152317073,0,0,0,0,1690.967741935484,12,0.088622537957755
5025,강동구,214628.9936190666,550725.4467117714,5,2,0.2,1,2,0,2013.7659213703175,0,0,0,2,3702.7419354838707,6,2.4699737888845283
5027,강동구,214448.27308177823,551204.4215529963,4,2,0.75,1,2,0,2065.329550471309,0,0,0,2,817.4516129032259,8,3.877641800728651
5030,양천구,189083.16469281,547697.193358458,1,0,1.0,1,2,0,1215.787765655599,0,0,0,1,4025.1612903225805,11,1.3550666050954223
5031,양천구,188908.669735896,547729.9062619823,3,2,0.3333333333333333,1,2,0,1045.817434390169,0,0,0,1,5521.387096774193,14,0.8667739605402621
5033,광진구,206854.22458564435,551852.3137805994,3,2,0.3333333333333333,0,2,0,725.577784716271,0,0,0,4,1099.4193548387098,3,2.106796461573328
5036,동대문구,202782.41849982468,553675.551705323,3,2,0.3333333333333333,1,2,0,534.4430480235991,0,0,0,1,3334.6129032258063,8,0.686612563894761
5038,양천구,186060.27456779336,547127.5494391631,3,2,0.3333333333333333,1,2,0,206.5582513916025,0,0,0,0,3796.967741935484,8,1.271032166528414
5039,양천구,185088.95459676848,547752.9067712754,2,2,0.0,0,1,0,134.11660739977938,0,0,1,0,2722.3870967741937,2,6.341190312471738
5040,양천구,184893.65052520495,549192.7016729893,3,2,0.3333333333333333,1,2,0,726.3101289662147,0,0,0,1,1300.774193548387,3,18.07822364482469
5042,양천구,185398.578747127,546311.666794725,1,0,1.0,1,2,0,989.5922135901602,0,0,0,2,1406.741935483871,4,1.5229204705653745
5043,양천구,189049.6581332734,546472.1993005424,5,2,0.0,0,1,0,1498.5877798883805,0,0,0,0,280.09677419354836,1,3.5362437581287582
5046,양천구,188675.143019131,546254.594214202,3,2,0.3333333333333333,1,2,0,1385.509503934239,0,0,0,2,1955.8387096774195,5,0.6796379159014521
5049,양천구,187108.6047916145,545806.912069739,4,2,0.0,0,1,0,716.0066510440643,0,0,0,0,3132.5806451612902,4,5.987092645407876
5050,양천구,187581.8162829108,547051.3300220091,4,1,1.0,0,1,0,300.7424786273855,0,0,0,1,2129.548387096774,6,4.620885571277045
5051,양천구,188917.183072416,546039.0890147305,4,2,0.25,1,2,0,1510.84465149583,0,0,0,2,821.8064516129032,3,0.9092444396551967
5053,양천구,188154.82935066,548141.190280059,1,0,1.0,1,2,0,198.9991403962113,0,0,1,2,876.483870967742,5,6.246936077576232
5054,양천구,187761.314160084,545535.918600416,1,0,1.0,1,2,0,299.7802272225647,0,0,0,1,1340.5806451612902,6,11.29151768309366
5056,양천구,189148.823559315,547985.046871772,1,0,1.0,1,1,0,1156.6055155123454,0,0,0,0,2062.7419354838707,13,0.8659217987801886
5058,양천구,188398.779983455,548927.8570896445,2,2,0.0,0,1,0,695.4050871365678,0,0,0,2,3271.032258064516,3,6.394223517926675
5059,양천구,188657.4563834188,549685.750357265,4,2,0.0,0,1,0,29.162908209788974,1,1,1,2,3418.064516129032,4,0.0
5060,양천구,188525.0164487925,549315.860626037,2,2,0.0,0,1,0,410.3576975747925,0,0,0,2,3982.516129032258,1,8.128366434357126
5061,양천구,189839.096622851,547878.5750845876,2,2,0.0,0,2,0,1134.3757162135787,0,0,0,0,0.0,2,0.2541042475917325
5062,양천구,188396.6586095065,549783.3904363445,2,2,0.5,1,2,0,187.7608799137093,0,0,1,1,8829.548387096773,6,2.37159135672148
5063,양천구,188180.2868595875,548885.31223323,2,2,0.0,0,1,0,572.247066095787,0,0,0,0,0.0,4,4.267429169115988
5064,양천구,189560.007410133,548919.1350962075,2,2,0.5,1,2,0,1008.736218267392,0,0,0,2,1425.935483870968,6,0.7528239330017932
5065,양천구,189033.4244187375,548875.001990251,2,2,0.5,1,2,0,815.5859180816805,0,0,0,0,404.64516129032256,3,0.9320488560043336
5066,양천구,188744.128072164,548495.669400112,1,0,1.0,1,2,0,718.965695235252,0,0,0,0,1756.4193548387095,7,0.4477302852543759
5067,영등포구,190386.34022736736,549086.949545696,3,2,0.3333333333333333,0,2,0,1601.5678043334942,0,0,0,1,236.25806451612902,3,0.1378800810438255
5068,용산구,196849.084525734,548038.612704944,1,2,0.0,0,1,0,1648.393161436249,0,0,0,2,1493.6774193548385,7,3.81104378852991
5070,성북구,202138.43353744148,555006.0880563735,2,2,0.5,1,1,0,537.8983236420061,0,0,0,3,592.4516129032259,4,31.148013185015277
5072,동대문구,205451.701652271,555510.7027275932,5,2,0.8,1,2,0,974.0288427275782,0,0,0,2,4556.096774193548,5,7.890268352600595
5075,강북구,203123.2568548246,559612.1333963814,5,2,0.2,1,2,0,782.7289984754643,0,0,0,3,2761.548387096774,9,0.1483674661482226
5076,성북구,201297.374242294,555340.6942213346,5,2,0.4,1,2,0,535.8271477992776,0,0,0,1,4490.032258064516,5,4.421633419813536
5077,강서구,186029.74858258176,550547.0566686535,4,1,1.0,1,2,0,823.5100735027185,0,0,0,3,905.8064516129032,2,9.75910667244623
5078,종로구,199922.84916676424,554470.4304279635,4,2,0.0,0,1,0,589.3821400207402,0,0,0,2,2196.354838709677,5,3.4501384314170616
5080,중구,201326.482511658,551288.1488124256,4,2,0.0,0,1,0,550.3706742870496,0,0,0,0,4960.645161290323,12,1.9732690354533016
5081,중구,201487.35082216148,551401.776955349,2,2,0.0,0,1,0,378.5518997757623,0,0,0,0,3854.935483870968,8,1.2993838768202617
5082,중구,200970.018258185,551299.720601704,1,2,0.0,0,1,0,707.1765194190161,0,0,0,0,0.0,5,4.153437605620501
5083,중구,201027.239782979,550503.847951822,2,2,0.0,0,2,0,71.75725041134835,0,1,1,2,9623.612903225807,4,3.988836991985103
5084,중구,201401.03438386263,551912.8455068,3,2,0.0,0,1,0,232.48683068163456,0,0,0,0,921.3870967741935,10,1.6800781840305077
5086,중구,201413.07729808148,551471.7966065515,2,2,0.0,0,1,0,348.9434334374291,0,0,0,2,3854.935483870968,9,1.891884424089157
5088,성동구,202104.876970412,550682.3677362726,3,2,0.3333333333333333,1,2,0,403.5760622632725,0,0,0,5,3679.5161290322576,10,8.49542746219349
5091,중구,201046.35092829468,551105.1435091133,3,2,0.0,0,1,0,524.6688068148457,0,0,0,0,2829.3870967741937,7,4.464833923260461
5095,성동구,202830.067362192,551893.6870215264,3,2,0.3333333333333333,0,2,0,742.9951540173306,0,0,0,0,1704.9354838709678,5,3.6261733909373697
5096,중구,201218.130696322,552049.7012045255,2,2,0.5,0,2,0,191.54943193966992,0,0,1,1,1529.6774193548385,8,0.9328868758201322
5097,성동구,201365.186493141,549538.5641433286,5,2,0.6,1,2,0,585.6530602741324,0,0,0,3,2274.4193548387098,7,7.788468047328815
5099,중랑구,206448.6890015505,556748.77233952,2,2,0.5,0,2,0,380.2911065351448,0,0,0,0,0.0,5,1.5451482546943456
5102,성북구,205816.23388205928,557109.1139494148,4,2,0.75,1,2,0,186.56227376319717,0,0,1,4,12658.709677419354,5,5.450919983279523
5103,중랑구,207441.02479144,557254.4733299441,2,2,0.5,1,2,0,675.1026172595124,0,0,0,1,265.48387096774195,5,2.4542561771124007
5104,중랑구,206991.1496495352,557217.5975174697,5,2,0.4,1,2,0,262.67288736749447,0,0,0,2,3680.1290322580644,11,5.800722314075628
5105,중랑구,207209.2560472373,557211.6033750147,4,1,1.0,1,2,0,460.9673239642794,0,0,0,2,259.8387096774194,4,10.341803207717431
5106,중랑구,208439.7551836175,556576.444597333,2,0,1.0,1,2,0,173.43985423189085,0,0,1,1,5252.645161290323,9,6.352081098624798
5107,중랑구,208068.71434966265,553243.208232795,3,2,0.3333333333333333,1,2,0,367.3029422200645,0,0,0,1,1399.516129032258,3,9.233773577703984
5108,중랑구,207785.966852822,554124.1437667183,3,2,0.3333333333333333,0,2,0,161.76179698658285,0,0,1,2,5045.774193548386,8,2.2398217426611624
5109,양천구,185289.67594906772,546988.0293496298,4,0,1.0,1,2,0,804.2984315017927,0,0,0,2,3256.451612903226,4,2.901832507878084
5110,양천구,186220.9110255155,545500.333942362,2,2,0.5,1,2,0,1315.517135238988,0,0,0,2,7736.83870967742,7,1.97990908919787
5111,노원구,208405.52081855352,558528.7271378435,2,1,1.0,1,2,0,1475.634803890063,0,0,0,2,720.8064516129032,2,3.574185470131628
5112,노원구,206381.528500767,558143.428023506,1,1,1.0,0,2,0,668.4114000135025,0,0,0,3,2248.0322580645156,10,1.6549284831614188
5113,마포구,189806.2537126917,553936.932856277,3,2,0.6666666666666666,1,2,0,1879.026924545158,0,0,0,2,3597.225806451613,7,3.563316471155596
5114,마포구,191121.4246055155,552970.8230034627,4,2,0.75,1,2,0,671.4320312046326,0,0,0,1,9630.741935483871,4,0.4952458806418717
5115,마포구,191861.277807446,552404.967654254,1,2,0.0,0,1,0,388.0380130866439,0,0,0,2,2500.3548387096776,5,10.921530842196248
5116,마포구,192185.022460522,552232.575080648,1,0,1.0,1,2,0,98.40886547684303,0,1,1,2,673.1935483870968,6,3.082835928672042
5117,마포구,191805.990336626,551701.226639673,2,2,0.5,1,2,0,751.0171367773556,0,0,0,2,2081.5806451612902,1,15.625156038228267
5118,노원구,206409.969266768,557619.7915634,1,1,1.0,0,2,0,444.10278661274816,0,0,0,2,1320.516129032258,7,1.2844367730768476
5119,노원구,207176.695881566,559792.670353888,1,1,1.0,0,1,0,2100.825071863303,0,0,0,0,71.29032258064515,1,13.524705981236984
5120,노원구,207042.145194072,558365.339184281,1,1,1.0,0,1,0,669.4062263744203,0,0,0,0,3575.7741935483873,8,2.373376185124769
5122,동대문구,203362.0971536876,552581.8809249402,8,2,0.375,1,2,0,65.63549518657673,0,1,1,0,4937.290322580644,10,8.070337444246128
5123,노원구,205790.2795874055,561919.6152162675,2,2,0.5,1,2,0,384.29746619487776,0,0,0,1,3679.4838709677424,8,10.905546503661286
5124,노원구,207322.683283883,558084.2132970166,3,2,0.0,0,2,0,555.4549966824682,0,0,0,0,0.0,5,2.4785157305910253
5125,노원구,207473.44872847432,563814.6618615733,3,2,0.3333333333333333,1,2,0,468.2481983002688,0,0,0,1,27.870967741935484,2,8.085987769176922
5126,노원구,206478.4634556955,557775.893287137,4,2,0.5,1,1,0,410.811835701482,0,0,0,0,2207.8709677419356,9,1.774170284717549
5128,영등포구,190474.6095596985,547348.942407869,4,0,1.0,1,2,0,485.8219484438791,0,0,0,0,1729.4516129032256,8,0.3086123109351539
5129,노원구,205648.172420676,557571.006123409,1,2,0.0,0,2,0,308.8545055081786,0,0,0,2,1719.1612903225805,2,3.030505057157763
5131,도봉구,204057.7606844285,563047.295805873,2,1,1.0,0,2,0,190.2196002619404,0,0,1,3,2586.1290322580644,6,0.1990546950454093
5132,도봉구,203753.708900931,563512.285482559,2,2,0.5,0,2,0,93.89814078198415,0,1,1,2,3744.0,6,0.6070665994193843
5133,도봉구,203474.10370196172,560776.046125941,4,1,1.0,0,2,0,468.4838621910217,0,0,0,2,798.4516129032259,4,4.282065198566833
5134,도봉구,204069.7510756892,561463.539487749,5,2,0.2,1,2,0,42.72522787951595,1,1,1,2,3998.8064516129034,3,10.87489701728146
5135,강북구,203896.651630942,558685.038493774,1,1,1.0,0,2,0,399.2529693425471,0,0,0,2,3310.354838709677,7,1.4302462493916697
5138,도봉구,204464.91813888095,564691.1858636676,3,2,0.6666666666666666,1,2,0,539.7871396895055,0,0,0,1,313.4516129032258,3,2.990744273184731
5139,관악구,192414.9470412375,542572.231917725,2,2,0.0,0,1,0,596.8853905330246,0,0,0,4,8530.548387096775,6,2.2073171047630247
5140,종로구,197280.77200924436,552949.464159314,3,2,0.3333333333333333,1,2,0,968.2755586150456,0,0,0,1,9494.709677419354,8,7.002043539006202
5141,종로구,197294.631734268,553184.530284534,1,2,0.0,0,1,0,1139.7406640052182,0,0,0,0,271.64516129032256,6,7.251907002697446
5142,송파구,208369.329794231,545645.1895276865,4,0,1.0,1,2,0,601.4491733645543,0,0,0,0,1400.967741935484,6,0.3210571267971899
5145,노원구,205769.254332728,562243.560402964,2,2,0.5,0,2,0,661.5144499627146,0,0,0,4,1109.1935483870968,4,2.672064863674173
5147,서초구,199774.839901042,544642.3995366751,2,2,0.0,0,1,0,773.054721856491,0,0,0,0,1009.5161290322582,3,3.324156512987271
5148,성동구,203874.083456304,550490.731081371,1,2,0.0,0,1,0,1586.688375772152,0,0,0,1,35.903225806451616,3,14.956578451780858
5149,마포구,194277.2005454045,549478.010527345,2,2,0.5,0,2,0,950.49903646906,0,0,0,3,1587.6129032258063,5,2.45127760914684
5151,은평구,194891.6013600845,561938.409764608,2,2,0.5,0,2,0,4180.177459003548,0,0,0,2,156.7741935483871,0,2.8028358211250413
5153,영등포구,190681.002747147,548796.843614301,2,2,0.0,0,1,0,1280.2966294936416,0,0,0,2,7795.032258064516,6,1.0132865522336232
5154,양천구,184995.1801346653,549123.154483838,3,2,0.6666666666666666,1,2,0,670.6529189456234,0,0,0,2,693.3870967741935,6,7.274253784584819
5155,양천구,185639.601496886,547846.9316917133,3,2,0.3333333333333333,0,2,0,60.38923647235073,0,1,1,1,4098.032258064516,7,0.6904519401009749
5156,도봉구,202360.45280953,560747.940232434,1,0,1.0,1,2,0,546.8612106768674,0,0,0,0,2776.064516129032,10,8.055064256066634
5157,강북구,203017.45155861895,557449.6696071071,2,0,1.0,1,2,0,81.52134457694406,0,1,1,7,1652.741935483871,6,12.077250008321556
5159,강동구,215691.19522099875,551845.5468808187,4,0,1.0,1,2,0,3458.8318585467105,0,0,0,2,3028.1935483870966,6,0.5973122169500419
5160,강서구,186878.9900678005,550396.7285782555,4,1,1.0,0,2,0,22.98078877588068,1,1,1,2,10010.16129032258,11,0.3664325286447815
5161,은평구,192087.63644934105,555969.3000290463,4,2,0.5,1,2,0,279.7281187946598,0,0,0,2,2646.7419354838707,4,2.6876232701666325
5162,중구,197149.789949942,551253.0360690999,3,2,0.3333333333333333,1,2,0,334.7701347747701,0,0,0,3,1694.967741935484,6,4.90683989024222
5163,광진구,207706.37624517723,551408.0701111642,4,2,0.25,1,2,0,1585.1345509045602,0,0,0,3,1911.1612903225807,6,4.982595172133545
5164,종로구,197215.8962727235,552110.27533526,2,2,0.0,0,1,0,301.51089866795985,0,0,0,2,12986.419354838708,5,9.391587169240257
5167,도봉구,202931.2746341205,560221.0589764845,2,1,1.0,0,2,0,313.8330489511662,0,0,0,2,2537.258064516129,4,3.3722666265962014
5168,마포구,194427.31565679712,550386.6164618708,8,2,0.25,1,2,0,294.2165576282402,0,0,0,2,7202.967741935484,5,4.551902090097482
5169,마포구,192311.67036986648,551618.0526418996,2,2,0.5,1,2,0,700.7761488490236,0,0,0,3,6203.258064516129,3,1.0967143562755914
5170,마포구,191307.484073237,552435.361873078,1,0,1.0,1,2,0,939.006659112277,0,0,0,2,2230.290322580645,4,0.2076515202258052
5171,마포구,195220.9776632328,550536.8397722465,4,0,1.0,1,2,0,335.1779113314679,0,0,0,3,3483.709677419355,10,5.6233958313409245
5172,마포구,193462.166621478,550423.645340311,2,2,0.5,0,2,0,458.0217273785329,0,0,0,2,3784.5483870967737,5,8.107422391189907
5173,마포구,195058.1386835547,550145.7265406946,3,2,0.3333333333333333,1,2,0,634.6939961715289,0,0,0,1,2267.8709677419356,4,6.754117160887686
5174,마포구,195176.047049533,550312.212649797,1,0,1.0,1,2,0,526.7024314057728,0,0,0,1,1959.225806451613,8,9.643885256494736
5177,양천구,189851.22742872348,548036.202656626,2,2,0.0,0,2,0,1180.03470469811,0,0,0,0,769.741935483871,5,3.867024309595421
5180,종로구,196989.47469289572,552268.8891125217,4,2,0.0,0,1,0,431.4728147033364,0,0,0,2,263.54838709677415,2,18.173183145790027
5181,서대문구,196737.163099794,552043.5354800797,4,2,0.0,0,2,0,353.20382925255257,0,0,0,2,8295.25806451613,4,16.131608901744023
5182,서대문구,196636.663127028,552087.064598497,1,2,0.0,0,1,0,460.5498874121427,0,0,0,5,10848.06451612903,5,18.90228239521389
5183,은평구,194103.489306757,557584.3063966695,2,0,1.0,1,2,0,760.6081684661538,0,0,0,2,2723.064516129032,3,3.6220902913581794
5184,은평구,194652.1928409505,561622.9522171051,2,2,0.5,0,2,0,3788.76535258324,0,0,0,2,192.4516129032258,2,4.126937519908556
5185,은평구,194390.4782146276,561202.1641277119,5,2,0.6,1,2,0,3294.5312187131854,0,0,0,0,636.6451612903226,4,2.518340137134357
5186,구로구,186289.16865580447,541683.1393249584,2,0,1.0,1,2,0,2001.091215429109,0,0,0,0,0.0,1,3.1891136421586066
5188,동작구,195015.2561338465,545416.489163319,2,2,0.5,0,2,0,398.3145372099567,0,0,0,4,643.3548387096774,3,9.746398631699988
5189,영등포구,193220.89201505,547999.769532687,1,0,1.0,1,2,0,1849.2488147142333,0,0,0,1,7460.096774193549,6,6.230509927689655
5190,마포구,191580.44200108168,551396.6891951094,3,2,0.3333333333333333,1,2,0,1129.9142077281588,0,0,0,0,3108.709677419355,5,1.925622770004812
5191,중구,198380.322798802,550593.0323549774,2,2,0.5,1,2,0,749.4227196119895,0,0,0,0,359.8709677419355,7,33.8102773059421
5192,서대문구,194948.204582624,550928.6873415393,3,2,0.3333333333333333,1,2,0,144.1279232030277,0,0,1,2,6664.741935483871,8,2.724946778645905
5193,마포구,194869.190869226,549639.913146498,1,1,1.0,0,2,0,372.3626395569344,0,0,0,2,3981.2258064516127,7,2.1925317841178718
5194,마포구,194568.4514716537,549765.7221920225,4,2,0.25,0,2,0,697.3652856945265,0,0,0,3,513.3225806451612,7,4.276749207660349
5195,마포구,191446.745944978,550833.989388836,1,1,1.0,0,2,0,1679.503390787269,0,0,0,2,3423.2258064516127,4,0.7544530401837186
5196,마포구,192078.11994103863,550478.1380134589,3,2,0.6666666666666666,1,2,0,1018.8199944852788,0,0,0,1,3217.870967741935,5,0.0697846797794632
5197,마포구,193934.18605617064,549500.88256744,3,2,0.3333333333333333,1,2,0,1028.5422043633123,0,0,0,1,802.3225806451613,10,3.1014139401448926
5198,마포구,192009.029372163,551988.4326618565,2,2,0.5,1,2,0,399.29028757816326,0,0,0,2,5299.387096774193,3,5.888984988390629
5199,마포구,192835.0244341025,551823.1982991761,2,2,0.5,0,2,0,772.94146241657,0,0,0,2,4076.0,6,2.115806926922457
5201,마포구,191671.674312201,550893.0425309221,3,1,1.0,1,2,1,1530.883640700894,0,0,0,4,3678.3548387096776,5,0.7973674920397784
5202,마포구,192320.14735097,552167.8465391673,3,2,0.3333333333333333,1,2,0,168.1878889754203,0,0,1,2,10340.548387096773,9,2.9288280679032512
5203,마포구,192958.1234516196,550167.9143480345,5,2,0.0,0,2,0,90.3297622627713,0,1,1,1,1808.3225806451612,5,4.481438675584322
5204,마포구,191793.649593119,552465.4407432261,2,0,1.0,1,2,0,469.82723695614,0,0,0,2,824.1935483870968,5,9.10090474536887
5205,성북구,203249.74309884533,556322.3198114977,3,2,0.6666666666666666,0,2,0,453.1909731649842,0,0,0,2,2696.1290322580644,8,17.151025665955686
5206,종로구,196593.856541766,553626.660277624,1,2,0.0,0,1,0,1552.990399422728,0,0,0,0,0.0,1,25.03222995367061
5207,서대문구,195200.1999881837,554434.9290071005,4,2,0.0,0,1,0,147.3083256716014,0,0,1,1,26247.0,5,1.9913601893104629
5208,서대문구,194216.74884321,550833.4632348234,2,2,0.0,0,1,0,207.2224151014422,0,0,0,1,14872.58064516129,5,1.550520517762178
5209,서대문구,193719.347039508,551851.896637394,1,2,0.0,0,1,0,525.3096680773428,0,0,0,0,9529.25806451613,6,0.78484368302106
5212,서대문구,195891.78142822,551637.9959229566,3,2,0.0,0,1,0,1085.1695216485823,0,0,0,3,3141.8709677419356,1,8.333333333333332
5213,강남구,206201.922759732,544150.623839603,1,2,0.0,1,2,0,965.7903719763564,0,0,0,0,1995.5483870967741,3,1.886110537759424
5217,종로구,196525.173914629,552704.095012398,1,2,0.0,0,2,0,1001.9913962742204,0,0,0,1,2526.322580645162,4,10.426963789355275
5219,영등포구,190359.729917072,546689.9868057134,3,2,0.3333333333333333,1,2,0,1018.36881220407,0,0,0,2,2023.7096774193549,8,0.0
5220,동대문구,205959.09389860352,556140.5792044289,2,2,0.0,0,1,0,993.7913441912508,0,0,0,0,0.0,8,5.074864418275527
5221,영등포구,191686.876973193,545381.641150008,1,1,1.0,0,2,0,467.76524058140245,0,0,0,2,1485.7096774193549,6,2.5701913193559576
5222,동작구,193298.88653439505,544956.656573685,3,2,0.0,0,1,0,205.65920238014937,0,0,0,1,1139.5483870967741,9,8.498836462570575
5223,서대문구,194384.0148458825,554263.9363178399,2,2,0.0,0,2,0,540.2240123758166,0,0,0,4,4402.322580645161,5,11.26302842117416
5226,강동구,211062.5974050213,549345.4313151423,3,2,0.3333333333333333,1,2,0,320.62550947191505,0,0,0,1,2761.064516129032,9,0.6810569577083214
5227,강서구,187792.65734082836,548084.3466819957,3,2,0.3333333333333333,1,2,0,182.66582668920745,0,0,1,0,5468.129032258064,4,1.5853333792211426
5230,강서구,186732.015625,552088.59375,1,0,1.0,1,2,0,952.2368606854268,0,0,0,2,787.6129032258063,7,15.95078925904409
5231,강동구,212169.03704025064,550859.598432233,3,2,0.6666666666666666,1,2,0,973.6979792960624,0,0,0,2,1875.7741935483868,7,3.393905746080321
5232,종로구,196938.201025143,554579.90044113,1,2,0.0,0,1,0,1656.366086326561,0,0,0,0,0.0,4,36.18682172256096
5233,서초구,200689.533833321,542659.688315348,1,0,1.0,1,2,0,751.8297050518559,0,0,0,2,3955.516129032258,1,0.6071750358535274
5234,양천구,188320.68965213548,548171.4772246905,2,2,0.5,0,2,0,317.99788847853023,0,0,0,1,876.483870967742,7,9.169451095939165
5235,영등포구,190308.29211602933,547126.9682284681,3,2,0.3333333333333333,1,2,0,739.0268379810556,0,0,0,2,426.1612903225806,9,1.966667183333334
5236,관악구,198987.178482183,539859.824567992,1,1,1.0,0,2,0,2147.322514847535,0,0,0,0,0.0,0,5.562708579822413
5241,성동구,201723.112320422,549123.8738906984,2,2,0.5,0,2,0,745.5151780248614,0,0,0,0,2375.2258064516127,2,12.660257433446809
5242,서초구,198566.047296361,543487.9862343925,2,2,0.0,0,2,0,345.93997689276307,0,0,0,1,4650.25806451613,4,0.5798167765737123
5243,강서구,184980.622460018,552603.57724333,1,2,0.0,0,1,0,1785.267939099322,0,0,0,1,484.6774193548387,3,0.104803632099936
5244,종로구,197675.450915345,552290.638246499,1,0,1.0,1,2,0,285.53171849254164,0,0,0,1,1329.7096774193549,6,2.1320180409843204
5245,서초구,199093.05997317133,543833.015195332,3,2,0.3333333333333333,1,2,0,943.0071550454142,0,0,0,2,4380.451612903226,6,0.3375310673080841
5246,은평구,195279.8768469578,562081.5431299012,5,2,0.8,1,2,0,4501.159557471281,0,0,0,0,714.0322580645161,0,4.349553716845532
5250,강서구,183427.540929557,551848.391531896,1,2,0.0,0,2,0,74.38557336760312,0,1,1,3,1376.1290322580644,8,4.017047333874923
5251,강서구,183997.147005245,550095.6943843125,2,1,1.0,1,2,0,1493.775472660209,0,0,0,5,1387.1612903225805,4,0.7824897907116904
5252,강서구,186669.79711591036,547925.6107857194,3,2,0.3333333333333333,0,2,0,39.16216313996281,1,1,1,2,5527.387096774193,7,5.191972022876978
5255,중구,197992.473144667,551935.5518727095,2,1,1.0,1,2,0,324.7371926436623,0,0,0,4,8859.290322580644,8,3.055488316173616
5256,중구,197988.509454713,551721.0358561493,3,2,0.6666666666666666,1,2,0,518.2503337830258,0,0,0,1,4307.387096774193,10,0.3682290592698933
5257,중구,198192.60238689103,551595.3102500625,2,2,0.0,0,1,0,406.3672167803314,0,0,0,1,731.3548387096774,7,3.5046713577506003
5258,강남구,204585.56932288152,543146.8072533415,2,1,1.0,0,2,0,533.1619590344832,0,0,0,0,2727.7741935483873,8,0.2025116181752413
5259,강서구,183256.230381093,552045.689379352,1,0,1.0,1,2,0,299.466073273393,0,0,0,0,443.51612903225805,8,0.8564495533374912
5260,강동구,210744.95143099967,547510.534637806,3,0,1.0,1,2,0,1253.155686157902,0,0,0,1,39.096774193548384,1,0.6496123094508318
5261,구로구,190664.97450725565,542665.2852683956,5,1,1.0,1,2,1,483.4359393712816,0,0,0,4,2319.322580645161,5,5.633008915586141
5262,은평구,192789.835318717,558477.9881392671,2,2,0.5,1,2,0,216.8204185049031,0,0,0,4,3620.258064516129,5,5.042950479639761
5263,중구,198097.06505888564,551026.735786928,3,2,0.3333333333333333,1,2,0,491.6159304023497,0,0,0,2,6281.677419354839,7,5.635470151918073
5266,서대문구,193969.808344896,551412.4125140427,3,1,1.0,1,2,0,19.71870056438034,1,1,1,2,7969.387096774193,1,4.535871623373258
5267,서대문구,194295.87469247024,551174.1957073287,4,0,1.0,1,2,0,384.78554958167774,0,0,0,5,14062.0,4,4.527165217005624
5269,영등포구,191680.4564465725,547831.305262518,2,2,0.5,0,2,0,813.1151414390738,0,0,0,2,6390.0,10,0.9144827940067064
5270,강서구,184205.2956037295,550723.8543663565,2,0,1.0,1,2,0,1331.1984026231808,0,0,0,0,27.516129032258064,7,0.0309752212361077
5272,마포구,190696.085371026,553312.6644783351,2,0,1.0,1,2,0,941.8198558373184,0,0,0,2,1261.1290322580646,5,1.4490788373651409
5275,성동구,204563.97638671024,550007.0544837555,4,1,1.0,0,2,0,758.6578805237772,0,0,0,0,504.2258064516129,5,0.2502350640843017
5276,도봉구,203749.96352463,562173.8781355098,4,2,0.25,0,2,0,352.7866321433146,0,0,0,2,4019.6129032258063,4,1.7224699008400772
5277,종로구,197467.3589771055,552254.9195015896,2,0,1.0,1,2,0,491.8316004206668,0,0,0,4,14793.451612903227,6,4.272115023158752
5278,강서구,186053.4003095325,548124.72278232,2,2,0.5,0,2,0,380.0713952651444,0,0,0,1,3815.612903225807,7,8.297412629127662
5279,성동구,201894.303366011,550571.580071155,1,1,1.0,0,2,0,165.73944765543737,0,0,1,5,4597.193548387097,14,17.248770951402125
5281,강남구,202716.02440589856,543560.5644259956,5,2,0.6,1,2,0,383.7855925845009,0,0,0,4,12977.322580645163,7,1.5641222822231584
5282,강남구,202880.9627676613,543106.1029866337,3,2,0.6666666666666666,1,2,0,580.8295013129205,0,0,0,5,10537.09677419355,4,4.245946708250976
5283,송파구,211225.84879482,541129.744824274,1,0,1.0,1,2,0,2622.788633742007,0,0,0,6,6957.903225806451,4,1.6519729064334794
5284,성북구,201463.907435377,557133.551478714,1,2,0.0,0,1,0,754.878697535469,0,0,0,2,3548.6129032258063,3,13.275128335913896
5285,강동구,215808.4736730263,552185.2234609583,3,0,1.0,1,2,0,3741.575970631475,0,0,0,0,54.193548387096776,5,1.3275699667211545
5286,금천구,190236.44745438528,541844.699286761,4,1,1.0,0,2,0,353.3029599610637,0,0,0,1,632.7096774193549,6,2.17463133344024
5287,강동구,212723.1352571944,551048.8566052523,8,2,0.875,1,2,0,986.8020523915206,0,0,0,2,1606.7741935483873,3,6.252546912567728
5288,동대문구,205003.08424669772,551613.116106192,4,2,0.5,1,2,0,265.82044647368895,0,0,0,1,4295.580645161291,6,1.1016115233232604
5289,서대문구,191592.00627916132,552876.2116999794,3,0,1.0,1,2,0,530.6937572898269,0,0,0,2,3554.0,4,0.5891791141115496
5290,서대문구,193422.58233644877,551874.9170141364,4,2,0.75,1,2,0,735.8767042098837,0,0,0,3,12903.548387096773,2,7.72502697084206
5291,강북구,202374.4769418448,558326.46949567,5,2,0.6,1,2,0,101.37260883331572,0,0,1,2,10147.709677419356,10,2.236692373854237
5292,강북구,202647.76318585037,557109.941624509,3,2,0.6666666666666666,1,2,0,80.53910191306204,0,1,1,6,50399.99999999999,4,4.322032522161934
5293,동작구,194935.36750866877,544001.3507534277,4,1,1.0,0,2,0,858.9652366214668,0,0,0,3,3896.0645161290327,2,9.135348121452212
5294,금천구,190089.45320429167,540754.4054706184,3,0,1.0,1,2,0,778.5097735112397,0,0,0,2,7361.225806451614,4,3.669561211573272
5295,강서구,187375.8374368415,551005.5202217594,4,2,0.5,1,2,0,313.9392482233581,0,0,0,1,125.6774193548387,5,0.1294254820218491
5297,서대문구,194997.6045389605,551482.4021123175,4,2,0.75,1,2,0,661.6233453374007,0,0,0,3,9301.41935483871,1,3.484785468777503
5299,구로구,189251.766499811,545241.061163378,2,2,0.5,0,2,0,807.5195667400816,0,0,0,2,2099.483870967742,5,1.139232909923278
5301,강남구,202504.7215954587,547138.0579947523,3,2,0.3333333333333333,0,2,0,1080.4806617671493,0,0,0,2,4103.870967741936,3,1.46157445818889
5302,동작구,195023.9670934735,544323.5526995126,2,2,0.5,1,2,0,744.509816047308,0,0,0,3,6895.677419354838,4,2.14362298651455
5303,송파구,209314.833766392,545598.321472136,1,0,1.0,1,2,0,365.7819981401673,0,0,0,0,241.03225806451613,3,5.246949339879483
5304,송파구,208912.377669927,545289.898120682,1,0,1.0,1,2,0,477.1740116433133,0,0,0,0,600.0322580645161,3,3.523254407803884
5306,서대문구,192048.21741876032,552460.9226818847,3,0,1.0,1,2,0,239.97543164584948,0,0,0,2,2784.8387096774195,7,2.2062438519945893
5307,관악구,193561.892844108,540776.512048483,1,1,1.0,0,1,0,1115.3539231430789,0,0,0,1,1213.9032258064517,0,22.065780927706413
5308,관악구,196539.679533233,541997.840030186,1,1,1.0,0,2,0,123.73022431555778,0,0,1,2,14979.967741935485,10,2.809509633892932
5309,송파구,208984.816548799,545328.364823445,1,0,1.0,1,2,0,411.7460446781685,0,0,0,1,383.38709677419354,4,3.9984170521700633
5310,영등포구,189957.4316950782,547403.404438826,10,2,0.5,1,2,1,973.6690787477044,0,0,0,1,923.4193548387096,4,0.6857128447377203
5311,성북구,201872.692908778,556841.540424315,1,0,1.0,1,2,0,824.2523751289068,0,0,0,2,4011.935483870968,7,10.580247273518967
5312,성북구,201809.7996016182,556590.4659894623,5,1,1.0,1,2,1,647.0672773271563,0,0,0,2,1933.3870967741937,10,2.382200954380913
5313,성북구,201654.726899259,556796.4805415103,5,2,0.8,1,2,0,841.3674557859206,0,0,0,2,3617.7741935483873,7,16.74114406982749
5314,노원구,206416.562084833,559137.169918685,1,2,0.0,0,2,0,1506.6683761017996,0,0,0,2,786.1612903225807,7,2.0685774600124653
5315,금천구,191615.34021486,539863.762500426,2,2,0.5,1,2,0,189.698214880025,0,0,1,1,7342.774193548386,4,6.3520545275931175
5316,관악구,192008.8014191513,542708.5914317834,3,2,0.3333333333333333,0,2,0,560.4414088387613,0,0,0,0,697.9354838709677,7,0.5470078647570631
5318,중랑구,209804.0109597875,555841.4227234795,2,2,0.5,0,2,0,729.137630936125,0,0,0,1,111.0,4,10.404254062762917
5319,중랑구,209707.06875611248,556001.759128323,2,2,0.5,0,2,0,702.7749090939233,0,0,0,0,74.64516129032258,5,8.876120953050672
5320,중랑구,209588.2766431555,556179.1187167745,2,2,0.5,0,2,0,722.8772544903625,0,0,0,1,1403.6774193548385,7,9.505737410520824
5322,은평구,193667.662375902,556699.8950423056,2,2,0.5,1,2,0,87.77512562059103,0,1,1,1,4666.322580645161,5,0.9811439746462252
5323,노원구,205694.105828503,560117.621435174,2,0,1.0,1,2,0,1483.8119880991833,0,0,0,2,847.0322580645162,6,1.3480267308230272
5324,마포구,190335.616621151,553190.248211739,4,1,1.0,1,2,0,1315.4193355171187,0,0,0,2,11419.612903225805,7,1.6407779145102928
5325,도봉구,201907.621609237,562560.307266766,2,2,0.5,1,1,0,1097.5294146569054,0,0,0,0,1151.8064516129032,2,0.1309192765926425
5326,마포구,189839.14840476972,553559.728068607,4,1,1.0,1,2,0,1792.6113422981568,0,0,0,3,6484.129032258064,5,1.6534349195857434
5327,영등포구,191449.116182503,543489.5332442698,5,2,0.2,1,2,0,217.84665291990305,0,0,0,2,1942.967741935484,5,0.9643643261540132
5328,광진구,209372.24004647724,549715.01812493,4,2,0.5,1,2,0,1759.7151764383514,0,0,0,2,1597.9354838709678,8,0.9016421525061464
5329,영등포구,189862.31432007,546921.4747002418,4,1,1.0,1,2,1,1226.2866528690229,0,0,0,2,7454.58064516129,7,0.3035266403196882
5330,관악구,195038.18848073416,543614.1889596216,5,1,1.0,1,2,1,952.1819922976983,0,0,0,4,1081.3225806451612,4,15.410139358263969
5331,성동구,201717.7599408317,550381.6917261073,3,2,0.6666666666666666,1,2,0,91.477776187196,0,1,1,2,2581.935483870968,7,13.590773447980125
5332,강서구,185626.4288287185,548025.9682787978,4,2,0.75,0,2,0,207.04437609891448,0,0,0,1,560.4516129032259,8,1.4355508681385043
5333,성북구,206206.8647163525,556563.46049137,2,2,0.5,0,2,0,613.5112535167644,0,0,0,0,156.3548387096774,3,2.461540057658909
5334,동대문구,206271.3927157075,555901.8105582045,2,1,1.0,0,2,0,883.0439866430419,0,0,0,0,727.0645161290323,4,0.8684909392875717
5335,중랑구,206626.916335893,554896.462805561,3,2,0.6666666666666666,1,2,0,23.539638973837725,1,1,1,3,11092.677419354839,6,2.960594732333751e-15
5336,중랑구,208013.97224570863,555352.922994235,3,0,1.0,1,2,0,79.99568094662837,0,1,1,2,9475.096774193547,5,0.7972047148388839
5337,서대문구,193806.072023844,552422.4717861,1,1,1.0,0,2,0,1040.3988399968491,0,0,0,2,1388.483870967742,4,5.7539353770903
5339,강서구,187285.8459200632,550896.5473015228,5,1,1.0,1,2,1,365.62420762232847,0,0,0,0,241.74193548387098,7,0.6590601491033136
5340,마포구,190025.31357596332,553787.785191401,3,0,1.0,1,2,0,1633.145510118581,0,0,0,2,1182.4193548387098,8,1.1019986406122644
5341,마포구,190387.13065834,552943.742789589,1,1,1.0,0,2,0,1328.933564686948,0,0,0,2,6371.870967741936,9,4.211722364018549
5342,구로구,187061.09297638832,544232.5608180644,3,2,0.6666666666666666,1,2,0,663.7712037438541,0,0,0,0,4814.612903225806,3,2.897006328724666
5343,중구,197705.73978586568,551017.1042214266,3,2,0.6666666666666666,1,2,0,102.00679090016972,0,0,1,6,14509.774193548386,12,3.2176988330323826
5344,송파구,208012.833555264,544424.507915424,1,0,1.0,1,2,0,807.9104568093902,0,0,0,1,599.9354838709677,2,10.050323208643208
5346,중랑구,208915.6125068497,556380.834616974,3,2,0.3333333333333333,1,2,0,317.7290506306548,0,0,0,1,2354.3548387096776,7,4.26688009240312
5347,강서구,183777.16472442637,550777.8369320234,3,2,0.6666666666666666,0,2,0,1073.0141363312855,0,0,0,0,229.8064516129032,4,0.1589651026046275
5348,강서구,184371.6782606815,550890.4788419667,4,2,0.5,1,1,0,1320.7983945264032,0,0,0,0,34.806451612903224,4,3.2797448932035227
5349,강서구,184086.46478249764,550827.516228117,3,0,1.0,1,2,0,1177.0735770391552,0,0,0,0,309.4516129032258,10,0.7840491717907809
5350,금천구,192251.71521562463,538969.9465607447,3,2,0.3333333333333333,1,2,0,310.6262549743393,0,0,0,5,5909.967741935484,4,8.642501349954692
5351,동대문구,206239.64621888733,556130.2250487254,3,2,0.6666666666666666,0,2,0,772.5007341771965,0,0,0,0,0.0,4,1.8136461925808929
5352,성북구,206201.8071348705,556422.4362220715,2,1,1.0,0,1,0,652.4704551079383,0,0,0,0,0.0,4,4.105264283685184
5354,구로구,190332.96571439967,543091.2825162993,3,2,0.3333333333333333,1,2,0,248.83848202320567,0,0,0,2,3081.3870967741937,9,1.0567119200234032
5355,동대문구,205321.432105288,554444.6853586026,4,2,0.5,1,2,0,133.62239974330836,0,0,1,2,13893.548387096776,3,1.461832164433628
5358,성북구,201061.3572231195,555740.09614356,2,2,0.5,1,2,0,745.5819262762556,0,0,0,4,6857.8064516129025,6,17.242604914859402
5360,영등포구,191648.88703935465,546291.2385968893,3,2,0.6666666666666666,1,2,0,8.512451620357817,1,1,1,1,29418.64516129032,4,1.281470709164629
5361,영등포구,193313.0726751228,547357.3385549826,4,1,1.0,1,2,0,1507.4309876556963,0,0,0,4,13709.806451612903,6,2.116667433333334
5362,성북구,201409.0002958045,555106.899619921,2,2,0.5,1,2,0,284.52816558778545,0,0,0,1,7217.5161290322585,6,2.6571975002068746
5363,양천구,187262.84240465023,546591.3098532937,4,2,0.5,1,2,0,222.96327573873745,0,0,0,2,869.7096774193549,5,1.0078871009042525
5366,동작구,196039.220683803,545201.2223877176,2,2,0.0,0,2,0,565.2391723829504,0,0,0,0,3548.7741935483873,4,35.71115262963172
5367,은평구,191153.8542105496,553333.8283968339,5,1,1.0,1,2,0,484.7813857812515,0,0,0,2,10932.58064516129,4,2.0823055434992246
5368,서대문구,194590.83769278124,551179.344239429,4,2,0.75,1,2,0,567.322798996682,0,0,0,4,9395.548387096775,7,2.9115621695031693
5369,서초구,199775.890846598,541553.302429015,1,2,0.0,0,1,0,1394.1962667501714,0,0,0,1,202.90322580645162,0,8.343618179335811
5370,광진구,209503.240753153,549674.44366109,3,2,0.6666666666666666,0,2,0,1626.0308504752998,0,0,0,3,1075.9354838709678,9,0.0
5371,마포구,191250.63512556333,550585.0050459433,3,2,0.3333333333333333,0,2,0,1840.02053968927,0,0,0,2,1536.1612903225805,6,0.3522834147559184
5372,중랑구,206937.2787875742,557271.0401160092,5,2,0.8,1,2,0,188.39580129747824,0,0,1,4,6114.645161290322,12,4.718377395370746
5373,중랑구,209693.5616335295,555665.4781059874,2,2,0.0,0,1,0,591.8911177393098,0,0,0,1,869.6774193548387,4,12.388307930275484
5374,마포구,190096.0902978668,553369.4446338727,4,1,1.0,1,2,0,1537.666726754539,0,0,0,1,7374.1612903225805,4,2.131882426022438
5375,마포구,190234.331699609,553064.789568579,1,1,1.0,0,2,0,1439.8487870406202,0,0,0,2,7887.064516129032,5,3.059779279903454
5376,관악구,193316.6945823485,540234.7654056915,2,2,0.5,1,2,0,1440.1291564047192,0,0,0,2,2054.1612903225805,2,9.61680080586054
5377,강동구,210774.183346132,549178.993532988,5,2,0.2,0,2,0,356.7907801076355,0,0,0,0,0.0,7,0.7291073551930793
5378,강동구,211064.72208962365,549065.2403983619,3,2,0.3333333333333333,0,2,0,52.96100331279099,0,1,1,2,9371.387096774195,7,2.2573780976875746
5379,성북구,201662.73938906263,554094.110311726,3,2,0.3333333333333333,1,2,0,389.05306383217726,0,0,0,2,7648.161290322581,8,3.84143175715464
5380,중구,200862.36653397465,551777.6502688477,3,2,0.6666666666666666,1,2,0,451.737080171758,0,0,0,2,5224.064516129032,7,9.870036752118896
5381,성동구,201529.79028672515,549111.1499964448,6,2,0.3333333333333333,1,2,0,814.5883783830712,0,0,0,3,5276.258064516129,4,20.54490145653536
5383,은평구,194588.80424058548,560307.9350942834,2,2,0.5,0,2,0,2657.9501928869686,0,0,0,2,1752.4516129032259,4,6.569596269909823
5384,은평구,194511.83891424336,560185.1991035091,3,2,0.3333333333333333,0,2,0,2514.610402594183,0,0,0,2,1752.4516129032259,3,10.940003057574817
5387,양천구,185612.61965817932,545892.3505481454,3,0,1.0,1,2,0,1186.3636172067486,0,0,0,1,1805.1290322580644,10,5.1270577136312605
5389,양천구,185546.570453063,545691.0205386443,3,0,1.0,1,2,0,1395.924588982136,0,0,0,2,875.3225806451612,10,11.700261662992578
5390,양천구,185929.2694139628,545847.9074433158,5,2,0.0,0,1,0,1121.4867548196007,0,0,0,0,1590.3870967741937,9,6.260747420738072
5392,양천구,189520.36287916,549277.564619073,1,0,1.0,1,2,0,741.7913502423291,0,0,0,2,1694.5806451612902,4,15.407198692987029
5393,강서구,187134.119974279,550335.51405039,1,0,1.0,1,2,0,262.98600210519965,0,0,0,0,444.93548387096774,8,6.446267245430377
5394,구로구,189798.07016969024,544266.152516017,4,2,0.5,1,2,0,285.59921350669407,0,0,0,1,2013.7096774193549,10,5.921189464667502e-15
5395,동작구,194708.873602528,545409.257352191,2,2,0.5,1,2,0,329.491451689289,0,0,0,3,6350.096774193549,4,7.361365204234804
5396,마포구,189451.116074245,552237.2306974583,3,2,0.3333333333333333,0,2,0,2475.1702520757976,0,0,0,2,7.419354838709677,0,13.515190375629787
5397,마포구,190526.299257306,552734.554627281,1,1,1.0,0,2,0,1294.3831348313545,0,0,0,0,0.0,6,17.655302974486656
5398,마포구,192871.988668641,549543.8473857039,3,2,0.3333333333333333,0,2,0,588.9156408149048,0,0,0,0,94.16129032258064,5,2.044304141970882
5399,마포구,192691.102796361,549553.3439583594,5,2,0.0,0,2,0,652.3353751003892,0,0,0,3,152.51612903225808,3,5.5641096964276775
5400,도봉구,203052.6321938,559881.417439326,1,1,1.0,0,2,0,557.7557570942486,0,0,0,1,377.0,5,7.193751223357214
5401,양천구,187325.077746822,546449.476497303,1,1,1.0,0,2,0,282.8438347203317,0,0,0,1,722.2258064516129,7,2.502196491915679
5403,중랑구,209232.88515002237,557780.9391355293,3,2,0.3333333333333333,0,2,0,735.8502032102724,0,0,0,2,416.96774193548384,3,7.0171687905821765
5404,강북구,201622.79985974275,557814.992431519,4,2,0.25,1,2,0,230.95224502409536,0,0,0,2,4861.612903225807,9,1.7647008704599898
5405,강북구,201957.80793219124,557201.0800072826,4,2,0.75,1,2,0,590.0572467283384,0,0,0,4,3143.2580645161293,3,7.071229151057186
5406,강서구,183780.9764806364,550620.625078979,3,1,1.0,0,2,0,1222.4535725811625,0,0,0,2,232.4516129032258,6,0.4867345882278773
5407,동작구,195881.892493044,544308.486682826,2,1,1.0,1,2,0,76.19921570198885,0,1,1,2,12079.967741935483,4,18.910729918183858
5408,중랑구,209534.8364644953,556301.420803483,3,0,1.0,1,2,0,786.9185617136837,0,0,0,1,1704.1290322580646,5,5.985900019515616
5409,중구,201277.4732510615,551739.1269887283,4,2,0.25,1,2,0,330.81610664762053,0,0,0,2,4394.935483870968,9,1.087170695637069
5410,양천구,185640.7740382605,545460.4011783691,2,0,1.0,1,2,0,1475.7529635926946,0,0,0,3,2467.6451612903224,4,2.745366333412444
5411,종로구,196287.49832414277,552777.898663455,4,2,0.75,1,2,0,1195.8963108238645,0,0,0,1,8596.741935483871,3,2.21020501514527
5413,영등포구,191566.5245152445,543048.0352285386,4,2,0.75,1,2,0,303.6147864954606,0,0,0,2,6806.516129032258,7,0.4376931933258691
5414,금천구,190931.476360567,540525.9210292947,4,0,1.0,1,2,0,328.64535626619164,0,0,0,2,6775.354838709678,3,5.176607536074158
5415,금천구,191270.8114268156,539253.3628014558,7,2,0.4285714285714285,1,2,0,82.84944489119202,0,1,1,4,8734.41935483871,8,0.719103813073699
5416,금천구,191448.2565281648,537899.75951902,5,2,0.6,1,2,0,1280.1347057450882,0,0,0,4,4644.870967741936,3,2.250207157983611
5418,구로구,184888.95513345097,545227.8551690851,7,2,0.2857142857142857,1,2,0,1631.8066187481625,0,0,0,1,0.0,1,1.5822211151390655
5420,성북구,201319.257650821,556726.201967096,2,1,1.0,0,1,0,510.019006193448,0,0,0,2,3083.9032258064517,5,12.779412744510807
5421,성북구,201355.39128595832,556742.434260678,3,2,0.3333333333333333,0,1,0,549.374342826993,0,0,0,2,3083.9032258064517,5,9.793133117633513
5422,성북구,201554.28497622372,556969.629812743,4,2,0.5,0,2,0,841.3949906459229,0,0,0,3,4786.645161290322,6,8.90336903747091
5423,도봉구,202922.2228588895,561851.2830279003,4,2,0.25,0,2,0,219.917606404671,0,0,0,0,529.7096774193549,6,3.045456477489026
5425,구로구,184883.68594161436,544784.899957762,3,2,0.3333333333333333,0,2,0,1322.572163944306,0,0,0,2,514.6774193548387,4,4.101226626882664
5426,구로구,184935.9640416437,544132.491431463,3,2,0.3333333333333333,0,2,0,996.3289263018886,0,0,0,2,1990.3548387096776,4,2.028582360870808
5427,성동구,202177.7323929735,550896.3333439301,2,2,0.5,0,2,0,590.5562154273126,0,0,0,3,3584.967741935484,6,4.703298407037456
5430,동작구,197945.5522115687,543686.797845221,3,2,0.0,0,1,0,634.7258313757641,0,0,0,0,0.0,0,30.4859417080887
5432,강남구,204760.7213128053,543062.2325048066,3,1,1.0,0,2,0,679.4219317174656,0,0,0,0,0.0,7,3.343609385786209
5433,강서구,185630.213007156,548467.066590753,1,0,1.0,1,1,0,560.76282759531,0,0,0,0,6756.290322580644,5,2.5657616698231918
5435,은평구,192400.71276174067,554352.861788126,3,2,0.3333333333333333,0,2,0,276.86773259821217,0,0,0,1,1730.483870967742,6,2.9127618964963187
5436,마포구,193190.3390539175,549505.0424788827,4,0,1.0,1,2,0,611.2813641527626,0,0,0,2,404.0967741935484,5,3.8733807583795774
5437,마포구,193347.248062132,549506.363801549,1,0,1.0,1,2,0,650.5681650757573,0,0,0,1,299.61290322580646,7,4.727675298041341
5438,마포구,193597.7701964595,549578.6056743804,2,0,1.0,1,2,0,724.5349996126022,0,0,0,2,200.5483870967742,9,2.97953084268056
5439,영등포구,190031.715374976,546758.369863094,3,2,0.6666666666666666,1,2,1,1183.9594223076317,0,0,0,2,2305.0,11,0.914655400055852
5440,영등포구,189972.31376047,546462.240309155,5,1,1.0,1,2,1,1435.702152451377,0,0,0,0,945.8064516129032,10,0.8226907916439355
5441,성동구,202019.175429249,550693.331677913,1,2,0.0,0,1,0,337.64603440119623,0,0,0,4,1652.4193548387098,13,18.75058190420025
5442,금천구,189761.534908567,542156.000599751,2,2,0.5,0,2,0,429.3915735968956,0,0,0,2,2127.548387096774,11,1.800574704283999
5443,종로구,200371.12773249723,552659.9806727353,4,2,0.5,1,2,0,304.7504062972233,0,0,0,0,3869.8064516129034,11,1.0066262999887716
5444,양천구,186780.372761034,546998.607996586,2,2,0.5,1,2,0,49.11807426972112,1,1,1,1,9029.258064516129,6,3.1020983525924053
5445,종로구,197293.53514824668,556320.0317782114,3,2,0.3333333333333333,1,2,0,2533.84534427179,0,0,0,2,3486.258064516129,2,2.858609911852976
5447,성북구,203201.3070371906,556532.5997615504,5,2,0.6,0,2,0,452.7019094735337,0,0,0,0,4323.967741935485,10,8.16747918786436
5448,강서구,186942.0660191325,550155.4129512929,2,2,0.5,1,1,0,269.73194297730856,0,0,0,2,971.8064516129032,12,4.907259034007121
5449,금천구,189674.3854191326,541907.1049639757,5,0,1.0,1,2,0,678.9079610701654,0,0,0,3,4726.096774193548,9,5.428877419520521
5450,성북구,202751.545309602,553868.3483032465,2,2,0.5,1,2,0,593.6166151815345,0,0,0,1,3893.1612903225805,9,7.182232826085275
5451,중구,201104.9480552688,551925.6258763929,5,2,0.4,1,2,0,252.67809792149376,0,0,0,0,92.35483870967742,7,4.545593895964106
5452,마포구,189284.6203872,553552.85294339,3,2,0.3333333333333333,1,2,0,2346.56718522488,0,0,0,3,3109.2580645161293,0,4.127081907309869
5453,은평구,192247.37362533432,554119.5252491067,3,2,0.3333333333333333,1,2,0,318.63739469466583,0,0,0,2,1875.0,4,4.858670698042097
5454,강동구,210776.68043056823,549622.637529591,4,2,0.0,0,2,0,678.3135609825016,0,0,0,0,0.0,3,5.258374009466085
5455,성북구,200779.05094575533,557311.8261529383,3,2,0.6666666666666666,1,2,0,854.2763125133831,0,0,0,1,3286.8064516129034,2,21.373939574680207
5456,구로구,187722.0830232325,543455.9084979945,2,1,1.0,0,2,0,474.1125132211536,0,0,0,1,151.61290322580646,3,4.864643264891433
5457,서초구,198717.50425242976,544127.261697312,4,2,0.5,1,2,0,997.0257883166172,0,0,0,2,3821.4193548387098,8,0.2391131375732354
5458,용산구,197112.681830494,547844.412375463,3,2,0.6666666666666666,1,2,0,1975.426353042931,0,0,0,2,5914.1612903225805,8,0.9097007397151085
5459,중랑구,206407.5084938735,554963.84812345,4,2,0.25,0,2,0,246.9078241783684,0,0,0,2,1036.0,5,7.035571497975619
5460,노원구,205005.157841373,561201.024469989,3,2,0.6666666666666666,1,2,0,436.371313302009,0,0,0,1,105.70967741935483,4,0.7557170566446084
5461,서대문구,194895.686293834,551400.042387937,1,1,1.0,0,1,0,596.6767484350913,0,0,0,1,7941.258064516129,3,10.753873501542142
5464,구로구,189614.9752253088,544119.5509358842,5,2,0.8,1,2,0,394.7993755801552,0,0,0,2,2933.1935483870966,9,8.333333333333332
5465,영등포구,191499.049311644,547051.849662351,1,0,1.0,1,1,0,511.07759807796447,0,0,0,0,5665.967741935485,8,0.3368587304088629
5466,성동구,202104.88870050927,551236.4652629145,4,2,0.75,1,2,0,547.4722332896025,0,0,0,3,3772.1290322580644,2,25.0
5467,금천구,189870.3736241044,542426.3671408666,5,1,1.0,1,2,1,171.03625562440013,0,0,1,1,5217.5161290322585,7,0.3943081908508746
5468,영등포구,191011.4276610806,546566.3232532828,5,2,0.8,0,2,0,554.3672565867938,0,0,0,2,519.2903225806451,12,0.0
5469,양천구,188248.509705163,546110.391215041,1,0,1.0,1,2,0,1049.197214815836,0,0,0,0,1373.2903225806451,8,1.03681780456428
5470,양천구,184733.8719333955,547157.118391303,2,2,0.5,1,2,0,796.1834201506558,0,0,0,0,1783.741935483871,0,12.613560087521131
5472,강서구,186194.4101517304,549232.8253304132,5,2,0.6,1,1,1,74.01560450573828,0,1,1,2,6933.8064516129025,4,2.608527081536932
5473,관악구,192849.58544822832,540544.3496352234,3,2,0.3333333333333333,1,2,0,1028.725248700811,0,0,0,5,4654.580645161291,4,7.255405026718963
5474,관악구,192836.97975371225,540387.0283717838,4,2,0.5,1,2,0,1185.0353404925029,0,0,0,2,2879.709677419355,5,10.486479996909033
5475,중구,202144.59952329836,551382.6903493981,3,2,0.6666666666666666,1,2,0,427.2332943528884,0,0,0,4,2681.9677419354844,3,31.961195666140583
5476,강동구,215104.91919913463,551105.8065915704,3,2,0.6666666666666666,1,2,0,2596.323050017458,0,0,0,2,2008.483870967742,4,1.9622151785253432
5477,관악구,192857.89417136167,540131.0698835687,3,1,1.0,0,2,0,1276.555310374932,0,0,0,2,2428.5483870967746,4,17.191501195350227
5478,관악구,193102.9022852097,540188.440932463,4,1,1.0,0,2,0,1419.7017992892004,0,0,0,2,1845.8709677419356,5,12.301554901606622
5479,용산구,196998.04136310564,547541.7998258644,3,0,1.0,1,2,0,2098.840776128291,0,0,0,2,23254.32258064516,10,1.705175023532988
5482,마포구,196218.2941061486,550559.4038740305,7,2,0.8571428571428571,1,2,0,574.3056051666802,0,0,0,2,3400.967741935484,6,4.87652651971158
5483,송파구,208344.475693678,545286.120518502,1,0,1.0,1,2,0,658.1538790691741,0,0,0,1,1852.0645161290322,3,0.474848025528581
5484,구로구,189833.04917343636,544838.095662659,3,2,0.6666666666666666,1,2,0,363.9850491918033,0,0,0,2,237.19354838709677,7,5.549268124037082
5485,구로구,189905.9550060485,544877.0309751445,2,0,1.0,1,2,0,437.9249866785598,0,0,0,1,335.96774193548384,7,16.666666666666664
5486,용산구,196753.47507295173,547194.4832752612,4,2,0.75,1,2,0,1845.6350716964623,0,0,0,3,10030.548387096773,4,3.3379437749094825
5487,용산구,197360.8388989646,547997.8969675992,5,2,0.4,1,2,0,2017.3075725057272,0,0,0,3,7258.806451612903,5,1.4710325643709126
5488,마포구,195316.645267299,548992.5527043724,2,0,1.0,1,1,0,42.12701624122146,1,1,1,4,15710.612903225807,5,1.220095176553467
5489,성북구,201920.80535733048,556358.3656911505,2,0,1.0,1,2,0,395.5486854374104,0,0,0,2,2782.1290322580644,9,5.708192246130514
5490,성북구,201953.76940885448,556238.5945145581,2,1,1.0,0,2,0,284.5548374962892,0,0,0,5,1838.3548387096773,7,8.333333333333332
5491,금천구,189173.3398136058,542613.145318277,5,2,0.8,1,2,0,863.1349379840375,0,0,0,3,1549.1290322580646,8,0.2166405105745846
5492,강남구,210667.334508537,541095.791604518,1,0,1.0,1,2,0,2523.6149719436744,0,0,0,0,398.7741935483871,6,1.6776725866835742
5493,용산구,197501.9778733934,549982.2079565686,5,2,0.4,1,2,0,558.8330431801468,0,0,0,2,11241.0,3,5.921189464667502e-15
5494,마포구,195820.160641265,549415.918497759,1,0,1.0,1,2,0,412.021960015897,0,0,0,1,15618.967741935485,12,1.729858617708781
5495,용산구,197572.7192332853,549322.2887655573,3,2,0.6666666666666666,1,2,0,1212.113593032777,0,0,0,4,25778.354838709678,8,2.289446938843097
5496,종로구,198027.97201837905,556810.977143549,2,2,0.5,0,2,0,2875.009436800812,0,0,0,0,2177.483870967742,4,10.20906501526066
5497,동대문구,204833.2754708177,551912.7023426286,3,2,0.3333333333333333,0,2,0,75.9480216280326,0,1,1,1,10640.548387096773,9,3.4333610535965184
5499,강북구,202764.2995353744,557434.2538697043,3,2,0.3333333333333333,1,2,0,159.53728796428135,0,0,1,2,2308.7419354838703,12,0.8408461995711864
5500,강북구,202717.2646069265,557304.8931469565,2,0,1.0,1,1,0,208.35467927448,0,0,0,4,27864.935483870966,12,1.9015056484569703
5501,강북구,202735.3173511592,557183.219823163,5,2,0.0,0,1,0,141.38265964650276,0,0,1,4,49638.22580645161,9,0.8339967911901052
5502,송파구,208006.055756902,546389.7491919149,2,0,1.0,1,2,0,771.1752996214252,0,0,0,2,306.0,3,4.603517190599871
5505,성북구,200184.220307848,555552.574039714,1,1,1.0,0,1,0,1147.6435737348336,0,0,0,0,175.70967741935485,0,5.032159186187262
5506,영등포구,191083.45335136048,546229.846945259,4,2,0.75,1,2,0,346.5694916279555,0,0,0,0,3941.935483870968,7,7.27236512493552
5507,금천구,189393.21937075103,542694.1796613527,3,0,1.0,1,2,0,666.0186861482296,0,0,0,3,1230.8387096774193,8,0.3889746104870243
5509,구로구,187274.682818296,543403.4333842415,4,2,0.5,0,2,0,95.71377016238668,0,1,1,2,6219.1935483870975,3,0.2962307487381436
5510,금천구,189867.60505068325,541378.9060620607,4,2,0.25,0,2,0,793.6211847522335,0,0,0,3,237.90322580645162,9,0.4331122819088555
5511,성북구,200932.008903921,556400.875782768,1,0,1.0,1,2,0,80.3896868964588,0,1,1,0,5633.74193548387,6,4.617473087495962
5513,도봉구,203303.82167451305,560740.800018768,3,2,0.3333333333333333,0,2,0,360.8272181517618,0,0,0,2,643.6774193548388,5,1.8833440666541417
5515,광진구,206949.648753906,552047.9785272204,2,2,0.5,1,2,0,602.4175223745445,0,0,0,0,695.9354838709678,2,0.7519061750564848
5516,중랑구,208934.878993996,556799.9791286993,3,2,0.3333333333333333,0,2,0,336.75751930904147,0,0,0,2,2714.8387096774195,8,5.968756549597742
5517,구로구,189961.725266152,545506.349760059,4,1,1.0,1,2,1,1027.6026094910312,0,0,0,1,9126.83870967742,10,0.7219761060984601
5519,서대문구,193888.627161327,552299.67162535,1,1,1.0,0,2,0,907.4178796528444,0,0,0,2,2553.8387096774195,6,4.407785910029158
5520,송파구,207780.4390702295,545409.1589877615,2,2,0.5,1,2,0,438.6256438813091,0,0,0,0,1575.6451612903227,3,0.1718131770968126
5522,강동구,211990.4113741415,549881.6829165446,2,2,0.5,1,2,0,182.4993914149809,0,0,1,4,1193.0645161290322,2,3.3993319509784925
5523,영등포구,190837.6977984572,545473.660605953,5,2,0.8,1,2,0,937.70001312666,0,0,0,2,2559.2580645161293,5,0.9170171441158312
5525,송파구,208607.6249767145,545465.205511605,2,2,0.5,1,2,0,566.7311466962527,0,0,0,2,38.29032258064516,6,3.23636357015715
5526,종로구,200202.090047722,553237.3291433549,2,2,0.5,1,2,0,564.7122558315994,0,0,0,2,6157.354838709677,5,0.874593427615474
5527,은평구,192688.692280956,558366.49610129,1,1,1.0,0,1,0,204.6913971764785,0,0,0,3,2058.774193548387,6,2.514006633210037
5530,강서구,184702.7377236272,551141.5974131271,10,2,0.6,1,2,0,1454.5930724770435,0,0,0,5,5606.258064516129,6,0.0
5532,강남구,204933.1166396405,543349.7852816839,6,2,0.1666666666666666,1,2,0,460.78134636739605,0,0,0,2,5640.258064516129,3,3.856866873969388
5533,중랑구,206988.08689505237,555984.4231637924,3,2,0.3333333333333333,1,2,0,484.2633546558966,0,0,0,2,6783.354838709678,7,1.574616312996806
5534,강남구,207886.830731077,542736.528467803,1,0,1.0,1,2,0,1218.9831636914987,0,0,0,1,1831.0967741935485,3,11.79269625615858
5535,양천구,188860.8934943215,547517.842563858,2,2,0.5,1,2,0,1023.901862451467,0,0,0,1,4986.903225806452,14,1.859349916135725
5536,양천구,189006.3114062973,547389.7519462107,4,2,0.75,1,2,0,1161.110137712423,0,0,0,0,8988.0,10,0.6116044749013675
5537,양천구,189033.18927610648,547491.2322509065,2,2,0.5,1,2,0,1192.4267140521913,0,0,0,0,2433.483870967742,11,1.1913694318443218
5538,서대문구,194976.56002631495,553853.0241477999,2,2,0.5,0,2,0,438.05692936254513,0,0,0,3,1333.0967741935483,4,16.027022264059454
5539,서대문구,195034.4766313535,553874.4409506326,2,2,0.5,1,2,0,400.02411141121553,0,0,0,3,1195.6451612903224,4,11.18143456763986
5540,강서구,182194.637204556,553635.717921606,1,1,1.0,0,2,0,2209.959356529001,0,0,0,2,71.06451612903226,0,1.604963634191101
5542,동대문구,205545.16841390048,552001.3993729025,2,0,1.0,1,2,0,447.0706524847481,0,0,0,0,4104.935483870968,4,1.3243327348213214
5543,광진구,206475.03303200475,548270.6345426233,4,2,0.25,0,2,0,769.6882896329906,0,0,0,2,2788.709677419355,6,0.5972934644241956
5544,금천구,191030.4947194217,540014.9672047211,3,1,1.0,1,2,0,548.783132946726,0,0,0,1,7056.1935483870975,7,4.595427875300148
5545,강북구,201582.26531949625,558856.6679613298,5,2,0.4,1,2,0,522.3182022687176,0,0,0,3,3862.129032258065,6,8.339858980639127
5548,노원구,205356.136714943,561004.5610673829,3,2,0.3333333333333333,1,2,0,557.0369412649736,0,0,0,0,1767.6451612903224,6,0.4343870845132968
5549,마포구,194553.914427814,550043.8535571881,2,2,0.5,1,2,0,659.2650905356315,0,0,0,2,4307.0,4,6.049888249984121
5551,구로구,191139.388895838,542650.3675488986,2,0,1.0,1,2,0,14.322755165960537,1,1,1,4,15285.870967741936,8,0.7466656655745751
5553,도봉구,202188.408345438,560913.9142122713,5,2,0.4,1,2,0,510.978382970356,0,0,0,3,3150.290322580645,8,3.7145873316822766
5554,서대문구,193719.2702983914,551628.8004855986,5,2,0.8,1,2,0,350.4753486897108,0,0,0,0,8540.709677419354,7,3.1563421624201498
5555,강서구,183444.832372284,553074.294926833,1,0,1.0,1,2,0,1294.271131537055,0,0,0,4,1321.9677419354837,12,3.692438948791524
5556,구로구,189788.207550124,545724.876354446,3,2,0.3333333333333333,1,2,0,1203.024898145629,0,0,0,2,903.8064516129032,7,0.3424132847466529
5557,은평구,193733.900317705,558563.384695072,1,0,1.0,1,1,0,906.851487372243,0,0,0,2,4547.548387096775,5,3.124108101731681
5558,관악구,194395.17964505,541925.1675574845,2,0,1.0,1,2,0,853.4120215488872,0,0,0,2,7245.41935483871,7,6.2994387785042125
5559,강북구,201501.70524945168,557827.316792362,3,2,0.3333333333333333,1,2,0,352.5940240946782,0,0,0,3,5413.580645161292,7,3.281209223204028
5560,관악구,192838.499976415,540215.9027830488,4,0,1.0,1,2,0,1291.247801548508,0,0,0,1,3184.5806451612907,5,12.765459737850287
5561,도봉구,203879.3137208115,561314.052529797,2,1,1.0,0,2,0,256.0107579490231,0,0,0,2,836.3225806451612,6,1.654866956363404
5562,은평구,193313.046322549,556137.63331182,1,0,1.0,1,2,0,340.2146528988372,0,0,0,0,1109.9032258064517,5,1.1378297688204302
5563,도봉구,202567.944583264,560538.2534902724,2,2,0.5,0,2,0,296.09725036338347,0,0,0,2,1997.225806451613,7,6.3284654920784975
5564,서대문구,195420.81035229223,553945.7131802975,4,0,1.0,1,2,0,393.52695059293694,0,0,0,4,5275.064516129033,7,8.333333333333321
5566,동대문구,204141.72191473865,553527.6273832037,3,2,0.6666666666666666,1,2,0,130.99918083563736,0,0,1,2,35729.25806451613,7,1.8273314686532711
5570,동작구,192173.57458738636,544001.5397152876,3,0,1.0,1,2,0,1030.366480094113,0,0,0,3,5301.387096774194,6,8.328446021681989
5571,영등포구,192611.5976914885,544177.041008133,4,2,0.75,1,2,0,904.439173897814,0,0,0,2,4881.516129032258,8,2.2539975462367203
5572,마포구,193067.06197119463,549520.1177831931,6,2,0.1666666666666666,1,2,0,591.5874431190177,0,0,0,2,224.25806451612902,6,5.402003651632068
5573,성북구,204229.89437848236,558180.5236258678,3,2,0.6666666666666666,1,2,0,933.4240156667104,0,0,0,4,3480.774193548387,5,2.214562611636778
5574,성북구,203169.880948712,556629.71099547,1,1,1.0,0,2,0,350.7031669743202,0,0,0,2,4065.1290322580644,9,9.331591969909212
5575,서초구,198694.18937832172,544233.644904915,4,2,0.5,0,2,0,1089.2187107345517,0,0,0,2,6902.870967741936,6,0.4552059561004818
5576,성북구,199931.55842304125,554969.9471664838,8,2,0.25,1,1,0,863.7933748756365,0,0,0,2,1837.0967741935483,7,8.333333333333321
5577,은평구,193403.493289437,555403.1881644394,3,2,0.3333333333333333,1,2,0,865.1669297468364,0,0,0,1,1895.0,3,12.1987282500825
5578,구로구,186620.41449535836,544774.5257465973,3,2,0.3333333333333333,1,2,0,805.4308935942582,0,0,0,3,8949.58064516129,10,4.670737319378564
5579,강동구,210874.06588127464,549141.4341404544,3,2,0.3333333333333333,0,1,0,254.56453983496,0,0,0,0,4652.741935483871,8,1.1886156134259984
5580,중랑구,208280.854392208,557312.9608214565,2,0,1.0,1,2,0,629.7006090124091,0,0,0,2,6343.32258064516,7,3.8746854936666666
5581,마포구,193704.600035257,549570.124935208,1,1,1.0,0,2,0,806.5886509506499,0,0,0,4,200.5483870967742,11,1.5874810153102696
5582,서대문구,195397.855154328,554939.38651186,1,1,1.0,0,1,0,203.1075737675061,0,0,0,4,5293.25806451613,9,3.005767919062935
5584,구로구,187308.3515836405,542960.871484624,2,2,0.0,0,1,0,538.155810355835,0,0,0,4,4500.096774193548,3,2.1920273558703256
5585,은평구,194479.662051049,560933.622918185,1,1,1.0,0,2,0,3103.8734978312687,0,0,0,0,228.90322580645162,1,9.702037602411885
5586,마포구,195186.91724508075,549440.6456917258,4,2,0.75,1,2,0,100.91092417597366,0,0,1,3,1791.1935483870968,8,0.8393563557394075
5587,금천구,189455.4138343057,542539.5835507893,4,2,0.5,1,2,0,574.531310991367,0,0,0,1,6992.645161290322,10,0.1037591766322313
5588,종로구,197852.176819885,552265.591719235,1,1,1.0,0,1,0,107.22980459783707,0,0,1,4,17760.06451612903,10,2.348802025357178
5589,종로구,197589.72750061165,552726.9710433896,5,1,1.0,1,2,1,596.5612685396353,0,0,0,0,0.0,9,2.0794982863317912
5591,종로구,198099.40508335133,556840.905969303,3,2,0.3333333333333333,0,2,0,2807.9753604545594,0,0,0,1,1195.3548387096773,3,10.734434702490695
5592,구로구,190019.199079091,545566.551081979,1,0,1.0,1,2,0,1103.4504776079807,0,0,0,0,18252.225806451614,11,1.5262022425612305
5593,중구,202152.005597691,551624.454223632,2,2,0.5,1,2,0,248.55534027985388,0,0,0,2,3871.2580645161293,6,10.451801472808384
5594,중구,200101.009447397,550224.310953292,1,2,0.0,0,1,0,865.9890806854509,0,0,0,2,2875.483870967742,4,10.252282884886768
5595,중구,200155.676691215,550278.943780213,1,2,0.0,0,1,0,802.8345843919772,0,0,0,1,2875.483870967742,4,8.965747702192578
5596,중구,199862.64004690637,551501.298910247,3,2,0.3333333333333333,0,2,0,446.0693814915022,0,0,0,0,3185.5806451612902,8,1.2374013865221418
5597,용산구,197752.2801362605,546686.6571839484,2,2,0.5,1,2,0,1728.6433768139416,0,0,0,1,3412.3225806451615,5,
5598,용산구,197241.389520611,546875.5404312611,2,2,0.5,1,2,0,1633.2021403418455,0,0,0,1,2082.451612903226,6,0.1520684001749324
5599,용산구,197335.356697633,546853.998932836,1,0,1.0,1,2,0,1649.6429000066792,0,0,0,0,2448.1612903225805,8,0.476534769270831
5600,용산구,196184.150768578,548131.69721964,1,2,0.0,0,1,0,1130.9593095529692,0,0,0,2,5262.774193548386,8,0.1794355093715941
5601,서초구,201155.2983978085,544154.6134236185,2,1,1.0,0,2,0,642.2283536008325,0,0,0,4,2020.967741935484,3,5.497272228019104
5602,송파구,211416.885337412,544643.294670007,1,2,0.0,0,1,0,923.6706990895595,0,0,0,2,563.8064516129033,3,1.8046994622309025
5603,강동구,211956.3815831777,547751.9465771243,3,2,0.3333333333333333,0,2,0,640.7972423264337,0,0,0,3,4537.129032258064,3,1.1393566331981535
5604,송파구,211067.138896604,543494.39058781,2,2,0.5,0,2,0,591.8134386487674,0,0,0,2,2374.6451612903224,6,2.717328468100225
5605,강동구,212032.15879508248,548854.6239941395,2,2,0.5,1,2,0,282.135188387712,0,0,0,0,1652.8387096774195,7,9.368350147028224
5606,양천구,185696.46622689895,546371.8491172041,3,2,0.6666666666666666,1,2,0,736.6726333770142,0,0,0,3,2650.483870967742,5,2.291102639767484
5607,은평구,193047.617837307,554869.9519830866,3,0,1.0,1,1,0,361.97582128355447,0,0,0,4,3023.0000000000005,9,6.680569126938813
5608,동작구,193381.742578752,545489.643684096,1,1,1.0,0,2,0,377.8417586709899,0,0,0,1,9103.967741935483,3,12.287643284670628
5610,영등포구,190075.61643123569,547021.6168864603,3,2,0.3333333333333333,1,2,0,991.8035184624944,0,0,0,2,3946.709677419355,8,0.1550488308786353
5611,구로구,189864.91329444735,545284.5088960216,8,2,0.625,1,2,0,786.8386504239159,0,0,0,2,4514.193548387097,6,1.269683307129181
5612,강서구,184074.611069253,550008.495886342,1,0,1.0,1,1,0,1403.9497313439947,0,0,0,2,1677.0,3,1.177568055783486
5616,강서구,186856.69101810548,550501.3650932595,2,2,0.0,0,1,0,43.68321778542563,1,1,1,2,9726.290322580644,10,0.5797583839598394
5618,중구,200550.567715855,551345.843741689,1,0,1.0,1,2,0,717.9103755900277,0,0,0,1,3383.387096774193,5,3.4544348239087577
5619,중구,200254.15237464695,551145.2226699605,2,2,0.0,0,1,0,764.1543578584273,0,0,0,3,104.70967741935483,3,8.234058850512453
5620,종로구,197651.219718754,552726.166419292,3,2,0.3333333333333333,1,2,0,559.8901597086882,0,0,0,0,0.0,9,0.3850060862174468
5621,중랑구,206630.17955693,554458.278551449,1,0,1.0,1,2,0,250.692905575352,0,0,0,3,1949.2258064516132,8,0.8168825416986684
5622,성북구,201917.0672103793,553501.028653432,3,2,0.3333333333333333,0,2,0,639.7912665720522,0,0,0,1,5857.8387096774195,3,1.0491448464783086
5623,종로구,201099.797278475,552248.7425937764,4,2,0.0,0,2,0,69.72301786990833,0,1,1,1,746.741935483871,7,2.4395933662583382
5624,성동구,203773.070622549,550854.540232775,1,0,1.0,1,2,0,1453.3227181425586,0,0,0,4,4383.58064516129,5,12.834332203191993
5625,성동구,202842.792797836,550959.889190762,1,1,1.0,0,2,0,1189.2085064623711,0,0,0,2,8374.806451612903,4,4.258419767542041
5626,성동구,202545.8519179505,549958.138077735,2,0,1.0,1,1,0,696.7126091351762,0,0,0,0,3090.903225806452,4,17.588296121077864
5627,용산구,197027.78170402,547349.2721557203,3,2,0.3333333333333333,1,2,0,2032.3715958705209,0,0,0,2,9477.548387096775,8,0.4461392552016126
5628,마포구,193238.22652698,551025.5782134614,2,2,0.5,1,1,0,185.49649455329788,0,0,1,0,17735.32258064516,7,0.9339863849465058
5629,종로구,196935.82877233668,556144.7062720814,3,2,0.6666666666666666,1,2,0,2145.317701046443,0,0,0,4,3320.3225806451615,1,6.632714752656645
5630,노원구,206960.959702719,563078.740415275,2,2,0.5,1,2,0,428.5595639405639,0,0,0,1,1583.8064516129032,11,3.75602488282676
5631,서대문구,196830.13084746432,551394.2149161707,3,2,0.3333333333333333,1,1,0,277.3491409974432,0,0,0,1,7056.935483870968,6,3.3379630318897213
5633,종로구,197380.59970543077,552803.5883914426,4,2,0.75,1,2,0,794.8512042424943,0,0,0,0,10902.032258064515,9,7.000954445395494
5634,구로구,190416.0638855293,545219.5093209053,3,2,0.6666666666666666,1,2,0,1039.4083315673722,0,0,0,2,13036.935483870968,5,2.18222371057492
5635,동작구,197824.638109927,543147.9799885225,2,2,0.5,0,1,0,503.1287095774346,0,0,0,4,1107.3548387096776,5,10.620681843144387
5636,중랑구,207616.319599636,554714.603735749,1,0,1.0,1,2,0,330.51564096121893,0,0,0,2,3081.0967741935483,8,1.2739382240872803
5638,강서구,184658.920324009,550673.2380404919,4,2,0.75,1,2,0,1167.2633854770595,0,0,0,2,1151.9032258064517,6,0.2983527624958822
5639,강서구,184638.16617684724,550482.6546936798,4,0,1.0,1,2,0,1054.4498244129093,0,0,0,2,2115.774193548387,3,0.3691679239772494
5640,강서구,184418.2127587295,550041.8915582893,4,1,1.0,1,2,0,1070.053892678035,0,0,0,4,1073.8709677419356,0,4.539635505479695
5641,양천구,188706.7541147405,547630.6734182534,2,0,1.0,1,2,0,894.9571478419977,0,0,0,0,1858.8064516129034,15,1.2253091993010687
5642,성동구,201953.095812976,550642.298956836,1,1,1.0,0,2,0,254.15490478885675,0,0,0,2,3143.2258064516127,13,7.197030172823844
5644,영등포구,191332.861596058,544084.1421141995,2,2,0.5,1,2,0,477.5425784277802,0,0,0,2,2517.1290322580644,5,2.433826378431053
5645,강서구,184838.45921906832,550454.2805969957,3,0,1.0,1,2,0,885.2514862517087,0,0,0,2,1463.4193548387098,7,0.6896638965056597
5646,강서구,186100.05961137,547663.418215289,1,0,1.0,1,2,0,367.7570968928098,0,0,0,0,0.0,6,0.5300132579994591
5647,노원구,207332.54316693704,559095.6771262395,2,1,1.0,0,2,0,1449.1546028159382,0,0,0,1,554.0967741935484,1,1.445928612193228
5648,강서구,185762.09139240836,549312.2087373891,3,2,0.3333333333333333,1,2,0,298.8142837769813,0,0,0,2,3565.0967741935483,3,4.4308662024491
5649,강북구,201509.052517926,557400.0671755383,3,1,1.0,1,2,0,512.4301599064244,0,0,0,2,2558.354838709677,6,9.934377271131584
5650,강북구,201610.992772564,557462.9599931665,2,0,1.0,1,2,0,398.9760964041837,0,0,0,2,2558.354838709677,7,17.834884973489785
5651,강북구,201835.88574139,557242.7533191362,5,2,0.4,1,2,0,538.9128194072025,0,0,0,3,3143.2580645161293,4,8.814148281746625
5652,구로구,190127.808463345,545661.262953117,1,0,1.0,1,2,0,1231.8535458194406,0,0,0,1,20895.67741935484,7,0.5287056139887447
5653,광진구,208366.23178979332,548516.6004973003,3,0,1.0,1,2,0,2203.3659959658303,0,0,0,5,7313.709677419355,6,1.1736146176217588
5654,강서구,185665.72808663527,549845.152069999,3,2,0.6666666666666666,1,2,0,124.39005528028468,0,0,1,2,5783.903225806452,4,2.7346978926758325
5657,종로구,197343.236447378,552732.4101720795,2,2,0.5,0,2,0,777.1100659394813,0,0,0,0,2449.967741935484,6,20.980391127517407
5660,송파구,211299.9393607733,541992.696317343,3,0,1.0,1,2,0,1871.0599585702612,0,0,0,2,3451.1935483870966,7,0.227309546409297
5661,송파구,211249.208721142,542116.392556957,1,0,1.0,1,2,0,1738.9895596409062,0,0,0,3,6408.096774193548,8,0.522578853937657
5662,송파구,211529.625623515,542088.4182887074,3,0,1.0,1,2,0,1921.9705028410317,0,0,0,0,350.48387096774195,6,1.0966187668538652
5663,송파구,211676.9062982755,542195.4965200096,2,2,0.5,0,2,0,1840.761194298608,0,0,0,2,241.5483870967742,5,1.4692003386356352
5671,송파구,211488.957847887,542404.534244245,1,0,1.0,1,2,0,1652.939328596582,0,0,0,2,1173.1935483870968,9,2.017019110476733
5672,금천구,189734.2816846385,541044.6972398675,4,2,0.75,1,2,0,1067.140600073729,0,0,0,3,513.0,6,6.804355109765753
5673,강북구,201502.50045171965,560021.8434028083,3,2,0.3333333333333333,1,2,0,358.773142777754,0,0,0,0,688.2258064516129,8,2.0852238650130537
5674,종로구,197581.5149115825,552289.151758596,2,1,1.0,0,1,0,378.8976290192695,0,0,0,3,7456.741935483872,6,0.3545557370122172
5675,중랑구,207426.5926893435,552859.194939462,2,2,0.5,1,1,0,155.2995938895728,0,0,1,0,1445.483870967742,5,4.578089958915885
5676,성동구,203459.3949595175,550784.5493878805,2,0,1.0,1,1,0,1729.6989408745608,0,0,0,2,1373.290322580645,7,10.893017755642962
5680,은평구,194805.47344429,560161.838328477,1,2,0.0,0,1,0,2698.7496569387777,0,0,0,0,0.0,3,11.03191240691872
5681,성북구,205488.2218293745,556161.5913437745,2,0,1.0,1,2,0,1135.255444693012,0,0,0,2,3979.9032258064517,7,0.3620632448011385
5682,송파구,208567.703878885,544662.016070585,1,0,1.0,1,2,0,205.4043802317532,0,0,0,0,4707.129032258064,4,0.2005143151944347
5684,구로구,185910.3974303354,543606.7391596937,5,2,0.8,1,2,0,205.59914355448424,0,0,0,2,1052.774193548387,6,1.0265387338422312
5685,구로구,186344.4804653513,543849.3503277489,3,2,0.3333333333333333,1,2,0,275.7388981638261,0,0,0,0,409.741935483871,4,2.518744242009052
5686,구로구,185776.80872071837,543487.7146982016,3,2,0.3333333333333333,0,2,0,377.4157295493616,0,0,0,2,1125.4516129032259,5,3.757595471892608
5688,강동구,211774.98785065068,548174.74996987,3,2,0.3333333333333333,0,2,0,297.561221308011,0,0,0,2,422.741935483871,3,1.1203189920939196
5689,금천구,192258.208743287,539411.34492957,1,0,1.0,1,1,0,446.5899295622047,0,0,0,0,0.0,0,14.564976831724636
5690,성동구,203387.7754822055,550443.1303991589,2,2,0.5,0,1,0,1628.030643578797,0,0,0,3,491.3225806451613,3,9.74150794212525
5691,성동구,202275.49755657767,550277.4922538031,3,2,0.0,0,1,0,547.9546983952876,0,0,0,5,2323.1290322580644,7,29.446597539404728
5692,중랑구,206566.782056885,555933.4680604093,3,2,0.3333333333333333,1,2,0,656.2514218245342,0,0,0,0,0.0,6,0.3961126113718993
5693,중랑구,209516.31996244928,555927.5992788962,4,2,0.5,0,2,0,501.9285449602471,0,0,0,2,2489.967741935484,7,4.657165674141268
5696,성동구,201262.587532618,549633.1173082347,4,2,0.75,1,2,0,634.8058775485221,0,0,0,2,1326.9032258064517,8,4.87598795547323
5697,성동구,203114.927727215,552449.7742460209,2,2,0.5,0,2,0,314.2535361640471,0,0,0,0,474.83870967741933,10,8.463194642471926
5699,서초구,203278.77702283132,541711.784488366,3,2,0.0,0,1,0,821.1762653943784,0,0,0,0,1530.8064516129032,5,2.100909799218857
5701,서초구,203120.1869922485,540222.709359593,2,2,0.0,0,2,0,2310.2429379575938,0,0,0,0,1826.5161290322578,4,2.7777171050669245
5702,성동구,201414.333178704,549074.814833751,1,0,1.0,1,2,0,898.8139579932802,0,0,0,2,5476.838709677419,5,4.4525552743163805
5703,서초구,199678.0238126195,545065.84870526,2,2,0.5,0,2,0,663.0671033803595,0,0,0,0,4071.6451612903224,7,0.6637550094501243
5704,금천구,190656.022266035,539714.371083923,3,2,0.3333333333333333,1,2,0,587.6148907632314,0,0,0,1,6136.741935483871,6,8.02877889269838
5705,동대문구,205872.867541894,555940.453320603,1,0,1.0,1,2,0,1176.8356444590345,0,0,0,0,1966.6451612903227,5,4.442146709572145
5707,성동구,203337.45033806172,551302.5823220755,4,0,1.0,1,2,1,1345.0471369900822,0,0,0,5,12582.290322580646,3,2.717236694540469
5709,서초구,201384.072786921,546755.5383353245,2,2,0.0,0,2,0,539.4192090322258,0,0,0,2,2419.8709677419356,6,0.5074499755572799
5710,서초구,201364.83675722103,546701.2703924361,3,2,0.0,0,2,0,512.467543915453,0,0,0,2,2419.8709677419356,6,0.6282006854502479
5711,서초구,201241.560480224,544786.2050042697,3,2,0.6666666666666666,0,2,0,699.96798819159,0,0,0,2,413.7741935483871,9,8.650118793121257
5712,서초구,201494.257443354,544860.424281994,1,2,0.0,0,1,0,722.8290852164292,0,0,0,0,481.09677419354836,10,2.57681610808584
5713,서초구,201553.623900614,544824.002420133,1,0,1.0,1,2,0,686.338964425461,0,0,0,0,481.09677419354836,10,2.6173554091145825
5714,서초구,201112.498644476,544438.195957803,1,0,1.0,1,2,0,750.893513446037,0,0,0,1,3282.9032258064517,4,10.555274463431298
5715,서초구,203138.4831842655,541829.4728110835,2,2,0.5,0,2,0,706.0066091117052,0,0,0,3,1941.6774193548385,4,2.5525473995827204
5718,금천구,189133.75058695136,542784.1366893166,3,2,0.3333333333333333,0,2,0,894.4303161479014,0,0,0,3,2231.451612903226,9,0.634976401924631
5719,금천구,189393.53728235,542028.871628782,1,0,1.0,1,2,0,785.9416873020766,0,0,0,0,1120.5806451612902,5,0.389714583633971
5721,금천구,191346.54728466636,541283.0884363417,3,2,0.3333333333333333,1,2,0,264.2130673902264,0,0,0,1,4612.580645161291,7,0.1182981257153059
5723,금천구,189949.685212762,541116.1706635173,3,1,1.0,0,2,0,844.3883179359358,0,0,0,1,542.7096774193549,9,0.2841727716944901
5724,동작구,193215.8345335285,543725.563709619,4,2,0.75,1,2,0,181.6981246207904,0,0,1,1,1460.0967741935483,4,4.663066664494036
5727,동작구,196396.8251185075,545308.265041664,2,2,0.0,0,2,0,198.5123140635547,0,0,1,2,9199.290322580646,10,1.357275716518238
5728,동작구,196563.4824298215,545197.252799948,2,2,0.5,0,2,0,110.2077664687256,0,0,1,3,7652.193548387096,10,1.5317211503033452
5729,영등포구,190947.722981466,545564.197517349,1,0,1.0,1,2,0,798.5599980033207,0,0,0,2,2633.8387096774195,6,3.946254518434298
5730,동대문구,206607.1805741415,553372.3034361,2,2,0.5,1,2,0,803.0957916524551,0,0,0,2,2347.9032258064517,3,1.922520125275152
5731,강서구,186552.3051780595,548318.5856340195,4,2,0.0,1,2,0,0.6323797163443041,1,1,1,1,212.09677419354838,3,4.91602830198073
5732,영등포구,194361.6908023125,546562.2010169928,4,2,0.25,1,2,0,608.8393010688225,0,0,0,0,7621.1612903225805,5,0.1161593242283724
5733,영등포구,194523.7022022075,546672.351806268,2,2,0.5,1,2,0,677.4603006404368,0,0,0,2,6209.258064516129,10,0.4087959616049996
5734,영등포구,194771.223074654,546787.9094989733,3,2,0.0,0,1,0,809.922628946257,0,0,0,0,0.0,6,7.337305231507557
5735,양천구,188681.266949099,548613.347202655,2,2,0.0,0,1,0,697.0739179077143,0,0,0,1,3309.612903225807,10,17.60176761578025
5736,양천구,188562.03513593168,548487.4182538614,3,2,0.6666666666666666,1,2,0,540.9775733628416,0,0,0,2,3913.290322580645,8,1.299536294050796
5738,구로구,189718.85532622968,544563.9701942106,3,2,0.0,0,1,0,83.201784159641,0,1,1,3,13142.0,12,9.559603757397284
5739,구로구,184881.50523988495,544591.6174029437,3,2,0.3333333333333333,0,2,0,1213.7942955774854,0,0,0,1,500.741935483871,4,1.864835155098466
5740,구로구,189812.950552417,545693.466457556,1,2,0.0,0,1,0,1175.3181433956468,0,0,0,2,903.8064516129032,8,0.3195573578270701
5741,구로구,189347.9217813405,545323.161931301,2,2,0.5,0,2,0,842.9169956718723,0,0,0,2,862.6129032258065,3,0.8841160167361117
5742,양천구,189991.487032468,548630.795020943,1,2,0.0,0,1,0,1433.978513556172,0,0,0,0,0.0,7,4.382208399057402
5744,영등포구,191389.95563694733,546249.4625088316,3,2,0.0,0,2,0,61.73184571734852,0,1,1,0,4138.064516129032,6,13.98172355769644
5746,영등포구,189816.600676021,546694.3414523478,4,2,0.5,1,2,0,1391.0365127495804,0,0,0,2,2615.1612903225805,8,0.4799297902880139
5749,양천구,187527.05564948265,546147.7852934598,3,0,1.0,1,2,0,604.4213212350942,0,0,0,1,2823.258064516129,6,1.1976957977834186
5750,양천구,188419.383844879,546999.583597923,1,0,1.0,1,2,0,679.9507255868068,0,0,0,1,673.2903225806451,10,0.2357802761870075
5751,동대문구,205984.81587451263,553918.529698881,3,2,0.3333333333333333,1,2,0,677.7938595530647,0,0,0,2,2512.548387096774,4,5.382224467298566
5752,양천구,185957.090426035,545769.529812756,3,2,0.0,0,2,0,1193.3133576554574,0,0,0,0,3477.4516129032263,10,0.9235992953225096
5753,양천구,185820.000352369,545807.154114874,2,2,0.0,0,2,0,1187.802269927481,0,0,0,1,282.35483870967744,10,0.954269123460835
5754,양천구,185711.36845068503,545764.7158756828,6,2,0.6666666666666666,1,2,0,1262.7842662312064,0,0,0,2,683.1612903225807,10,0.838667796538406
5755,양천구,185790.5274613925,545672.3123724409,2,2,0.5,0,1,0,1325.4921654916063,0,0,0,2,378.2903225806452,12,1.5412822569589937
5760,양천구,186004.987437753,547239.299166134,1,2,0.0,0,2,0,331.1882601700325,0,0,0,0,0.0,7,0.5598371682078499
5761,양천구,189398.05283188095,549158.2389518234,2,2,0.5,1,2,0,722.9645178548436,0,0,0,0,1160.5483870967744,4,1.185124425550894
5762,양천구,188300.8674685675,547974.324356474,2,2,0.5,1,2,0,392.5225315739512,0,0,0,0,876.483870967742,4,2.555326543150033
5763,양천구,187933.7403452055,547434.97399548,2,2,0.5,1,2,0,100.0206716433813,0,0,1,2,15435.51612903226,7,0.3473927247687196
5764,영등포구,190300.809786028,548924.785606829,2,2,0.0,0,2,0,1518.1458460162596,0,0,0,0,0.0,3,0.699052635110243
5765,영등포구,191935.1384689185,547433.3140154534,2,2,0.5,0,2,0,799.9863807289923,0,0,0,2,1202.2580645161293,8,2.5936179545120908
5767,강서구,183392.551779037,553139.129332105,1,2,0.0,0,2,0,1358.1957636676907,0,0,0,1,1321.9677419354837,12,2.9255875762062544
5768,강서구,183373.984549735,553079.120576131,1,2,0.0,0,2,0,1298.3719388864802,0,0,0,2,1309.9677419354837,13,2.6507655204738847
5771,강서구,185244.964875363,549165.023170763,1,2,0.0,0,2,0,661.699278848803,0,0,0,0,580.6129032258065,4,10.873423745534124
5772,강서구,185105.9661430757,549162.051403527,3,2,0.0,0,2,0,738.7668210366934,0,0,0,1,782.9677419354839,5,2.4117316553325274
5776,강서구,185122.045392392,550103.593234606,1,0,1.0,1,2,0,439.7752014313513,0,0,0,2,595.1290322580645,3,4.035145550625945
5777,동대문구,203781.071796668,554324.01219939,1,0,1.0,1,2,0,219.64898747584607,0,0,0,0,282.48387096774195,5,2.460660089695311
5780,강서구,186862.85573635367,547940.1765432641,3,2,0.3333333333333333,0,2,0,15.215439047981292,1,1,1,0,3870.0322580645166,4,4.381778024298828
5781,강서구,186220.023864331,547890.869422965,1,0,1.0,1,2,0,259.58068933744784,0,0,0,2,1785.258064516129,9,5.928797165419084
5782,강서구,186069.530928104,547882.747845269,2,2,0.5,1,2,0,284.9672193180336,0,0,0,0,1785.258064516129,7,8.333333333333332
5783,양천구,189759.375325701,548604.180974211,1,0,1.0,1,2,0,1378.288916272899,0,0,0,1,4186.870967741936,11,1.297470189402808
5784,영등포구,191565.584945357,547870.0837311237,4,2,0.5,1,2,0,723.9808582984167,0,0,0,3,6198.8387096774195,11,0.5047196939237608
5789,성동구,204179.55941338,550539.872894814,1,2,0.0,1,2,0,1414.9451552143278,0,0,0,0,0.0,2,25.22373768266081
5790,성동구,202093.123468977,551034.47072166,2,2,0.5,0,2,0,644.7616044808416,0,0,0,3,2730.6129032258063,3,10.429220656704162
5791,영등포구,191296.6872511647,546994.1906597458,6,2,0.1666666666666666,1,2,0,618.794695386269,0,0,0,1,222.22580645161293,7,0.1106825435214631
5792,영등포구,191275.02669977225,546907.2803759075,4,2,0.25,0,2,0,593.3815034737843,0,0,0,0,4803.1935483870975,7,0.2497206817017676
5793,양천구,185808.24110192925,547645.6433695443,4,2,0.5,1,2,0,210.21950977272996,0,0,0,0,1587.967741935484,5,0.1948695391391227
5794,양천구,188541.96828996832,546553.941642439,3,0,1.0,1,2,0,1068.4877047320686,0,0,0,2,4110.129032258064,9,0.497887767665602
5796,광진구,207996.00459747168,549379.4163188466,3,2,0.0,0,2,0,1821.4974897297463,0,0,0,2,2035.3870967741934,4,2.229678429475221
5800,광진구,207214.135339138,551893.4601085531,2,2,0.5,0,2,0,893.8340326693988,0,0,0,2,2342.935483870968,5,1.5308100987528188
5802,중랑구,209483.94716882549,556791.5457934835,2,0,1.0,1,2,0,690.0351368891488,0,0,0,0,1263.516129032258,8,3.610452047395078
5804,동대문구,203113.554987136,553107.6660476446,2,2,0.0,0,1,0,91.2555372407092,0,1,1,1,5133.064516129032,3,3.0543291833266943
5806,동대문구,206166.971934456,554228.272850889,2,1,1.0,1,2,0,447.27906346451584,0,0,0,1,2069.5806451612902,5,4.473306218836808
5807,동대문구,206532.033006249,552328.882002744,1,2,0.0,0,1,0,201.7309611694629,0,0,0,2,2950.6129032258063,8,0.1451269966179265
5809,광진구,205923.170115973,547955.385978285,1,0,1.0,1,2,0,1068.1761695670257,0,0,0,1,0.0,7,5.051811287250008
5814,중랑구,206806.0894343748,556181.2589808108,4,2,0.5,0,2,0,464.7469915786332,0,0,0,2,2010.1935483870968,8,0.8625842431191296
5816,중랑구,209151.6775173073,556964.8642049561,3,2,0.3333333333333333,1,2,0,315.83066148890657,0,0,0,1,2942.4838709677424,8,0.6909565153130023
5817,광진구,206362.464036138,548585.018665555,1,2,0.0,0,2,0,435.7584275766616,0,0,0,0,0.0,6,0.1515321126161121
5818,광진구,206414.218814367,548551.751935187,3,2,0.0,0,1,0,485.981650026956,0,0,0,0,0.0,7,0.9551813504359666
5819,중랑구,206449.9949053985,556636.2699875665,2,2,0.5,0,2,0,364.94144081494375,0,0,0,0,0.0,5,2.186085652977893
5824,양천구,185611.069926637,546589.976115494,1,2,0.0,0,2,0,652.7442233314647,0,0,0,3,4071.41935483871,8,9.79204663760767
5826,양천구,185582.9032788413,546325.1304391177,3,2,0.3333333333333333,1,2,0,846.3403531404737,0,0,0,2,3073.2580645161293,6,6.789101255350219
5827,양천구,188859.027472024,547804.71586238,1,0,1.0,1,2,0,968.7397973304754,0,0,0,1,3510.258064516129,14,1.333813603448203
5830,강서구,189078.1517346215,550330.5820048631,2,2,0.5,0,1,0,652.8583950696142,0,0,0,0,0.0,0,11.63834606796472
5831,강서구,185930.158845608,549839.7623380183,4,0,1.0,1,2,0,385.88525116665767,0,0,0,2,439.258064516129,2,4.3599407728370565
5832,성동구,203617.1738919037,551059.610266561,3,2,0.3333333333333333,1,2,0,1452.770025578449,0,0,0,2,2427.064516129032,7,3.952958518153788
5835,성동구,201761.413389417,549745.577594942,1,1,1.0,0,2,0,146.73599885253992,0,0,1,1,6551.612903225806,3,12.400933420284682
5836,동대문구,206553.97478132,552894.108231399,1,2,0.0,0,1,0,370.56297478291657,0,0,0,0,1154.6451612903227,7,0.1611694467243533
5840,강서구,184068.147046362,553281.482673619,2,2,0.5,1,1,0,1644.131419621278,0,0,0,2,69.74193548387096,0,2.2028985776515038
5842,강서구,186965.15437292,551587.228380843,1,0,1.0,1,2,0,400.6136724030464,0,0,0,2,2132.064516129032,9,1.0246774355750372
5843,강서구,187588.66576510825,551271.5664681816,4,2,0.5,1,2,0,418.1351996181261,0,0,0,3,1605.5161290322583,6,0.1783658401733223
5844,강서구,187603.116672419,551008.108155543,1,0,1.0,1,1,0,491.8251016133866,0,0,0,0,272.4516129032258,5,1.026284620359066
5846,강서구,188342.35491088816,550651.5161298474,5,1,1.0,1,2,1,723.230250192221,0,0,0,2,1295.6774193548388,2,3.5178331255710065
5847,강서구,188938.7588359235,549872.5044999844,4,2,0.0,0,1,0,174.85408759801624,0,0,1,1,13924.032258064515,7,0.7548752726046478
5848,강서구,188768.722953325,549958.5736172667,4,2,0.0,0,1,0,257.14527147915896,0,0,0,0,2128.8064516129034,6,2.522652858205525
5852,성북구,202754.74412603435,556300.7592000253,3,2,0.6666666666666666,1,2,0,341.4219119974584,0,0,0,3,6308.354838709678,4,0.6200153942929809
5853,강서구,186605.271796704,547702.6121482532,4,2,0.0,0,2,0,51.296696868454994,0,1,1,1,2798.548387096774,9,5.417126168696012
5854,강서구,186376.876654412,547671.601976103,1,2,0.0,0,1,0,217.00614980966208,0,0,0,0,0.0,7,1.4242397574466992
5855,강서구,183934.45135715,550477.277122122,1,0,1.0,1,2,0,1410.4131071759057,0,0,0,1,565.9032258064516,6,1.773219392389883
5856,강서구,185800.4485049098,548106.5733445326,5,1,1.0,0,2,1,252.3126229807515,0,0,0,1,2297.516129032258,8,4.066665966666667
5857,강서구,186212.229054881,548142.796632652,1,1,1.0,0,2,0,285.9059688878586,0,0,0,1,10462.806451612903,8,6.18586109446549
5862,강서구,187061.111549545,550421.465562654,1,2,0.0,0,1,0,176.3982169088429,0,0,1,3,1237.6129032258063,11,5.1166631150754736
5863,강서구,186915.3612532905,550469.506584774,2,2,0.0,0,1,0,52.04904460549788,0,1,1,2,9775.967741935485,12,0.4978779258667594
5864,강서구,186775.10081754,549914.939660429,1,1,1.0,0,2,0,515.8257318080549,0,0,0,2,1541.8709677419356,7,4.091865586752267
5865,강서구,186689.310395007,549824.917609125,1,0,1.0,1,2,0,625.3800388078483,0,0,0,2,940.7096774193549,6,4.039494961248169
5866,강서구,186527.175161331,549595.015878992,1,0,1.0,1,1,0,457.52059516524383,0,0,0,2,866.4193548387098,6,2.53629031811491
5867,강서구,186307.743711504,549327.308731593,2,2,0.5,1,1,0,135.62874769034832,0,0,1,1,4472.096774193548,6,4.511411728313082
5869,강서구,184734.30715903267,550469.8681277507,3,0,1.0,1,2,0,972.203571337265,0,0,0,3,2115.774193548387,5,0.5197206173116609
5872,강서구,186185.2693271215,551080.9549542788,4,2,0.0,1,2,0,921.3915768397796,0,0,0,2,2237.451612903226,7,0.3835530957093969
5873,강서구,186520.3850162555,551419.264614487,2,2,0.5,1,2,0,674.2931326895523,0,0,0,2,1134.5483870967741,6,0.2487498600231082
5874,강서구,186412.257126971,551215.4124648685,2,2,0.5,1,2,0,759.7264704183615,0,0,0,2,2245.451612903226,7,1.0744239745502988
5876,강서구,186677.5968580285,550975.617561135,2,2,0.0,0,1,0,549.9675410197233,0,0,0,0,3770.387096774193,4,0.0
5877,강서구,187103.532881331,551275.676334811,1,2,0.0,0,1,0,75.02122463314629,0,1,1,3,8060.967741935484,6,0.292092109771295
5880,강서구,183612.765152821,553405.281152715,1,2,0.0,0,1,0,1638.7180771715266,0,0,0,0,623.9354838709678,4,5.625263555480681
5881,강서구,184998.13947601223,550432.8407509612,4,0,1.0,1,2,0,762.9394250749108,0,0,0,2,1131.9032258064517,7,0.7340163779747192
5882,강서구,187032.3984141877,551306.5592033874,3,2,0.0,0,1,0,152.55426719276343,0,0,1,3,3075.8387096774195,8,0.1323361932151042
5884,강북구,201373.191446782,557436.1605403731,2,0,1.0,1,2,0,589.755986548591,0,0,0,1,2269.2258064516127,4,18.84183839091449
5885,성북구,200828.937689473,555588.1299890707,3,2,0.3333333333333333,0,1,0,877.2408572268228,0,0,0,2,1460.2903225806454,2,10.951377945202957
5888,구로구,190204.936965198,545746.9102004289,2,0,1.0,1,2,0,1305.635398216008,0,0,0,3,11875.93548387097,6,5.680315235420133
5891,구로구,187278.355641218,545003.1926524644,3,2,0.0,0,1,0,410.0882623311613,0,0,0,5,2678.9677419354834,7,12.947089983472674
5894,동대문구,206701.931101801,552246.5879227795,2,1,1.0,0,2,0,303.06379960919065,0,0,0,1,576.8387096774194,5,7.567710186966072
5895,중랑구,207263.630873043,557638.213328897,2,2,0.0,0,2,0,356.9035657762055,0,0,0,2,1752.483870967742,2,2.410222747495959
5896,중랑구,208396.74891365675,555395.5053465102,4,2,0.0,0,2,0,19.55473299372882,1,1,1,3,7335.419354838709,7,2.2454237812212696
5897,중랑구,206803.66923903325,555401.670216123,4,2,0.5,1,2,0,257.40524341062263,0,0,0,1,220.16129032258067,5,1.85403937938584
5898,중랑구,207900.435753056,555860.531343526,1,2,0.0,0,1,0,596.9130744464911,0,0,0,0,2616.4193548387098,5,8.333333333333332
5899,구로구,184888.32895841263,545052.4826150496,3,2,0.3333333333333333,0,2,0,1500.3798262175012,0,0,0,0,0.0,3,4.6992817381091
5900,구로구,184496.564082667,543241.83712649,1,0,1.0,1,2,0,1583.5667095072497,0,0,0,1,861.2580645161291,2,1.3001206093269246
5901,구로구,184269.07143353875,542749.4852617313,4,2,0.0,0,2,0,2034.9172355677904,0,0,0,4,674.6129032258065,1,8.333333333333332
5902,구로구,187611.710912366,543286.95852948,1,2,0.0,0,2,0,417.9802691312615,0,0,0,1,134.90322580645162,2,7.321175887841721
5903,구로구,187676.001913028,543560.8396728844,4,2,0.0,0,1,0,431.2787022475368,0,0,0,2,136.25806451612902,5,0.6139760312469159
5906,구로구,189810.444114268,544416.8278049245,2,2,0.0,0,1,0,183.77749380142365,0,0,1,0,6590.419354838709,10,6.783015654718436
5907,구로구,190577.46487128225,542893.5734425191,4,2,0.75,0,2,0,481.9890795494948,0,0,0,2,1712.741935483871,6,0.2909372912259004
5908,구로구,190546.78645714695,543267.121083342,3,2,0.0,0,1,0,176.61622035195515,0,0,1,0,2685.3870967741937,8,1.4139163801022974
5910,성동구,201640.791411764,549127.916231094,1,1,1.0,0,1,0,760.6651404035148,0,0,0,1,5190.064516129032,3,12.214263702252548
5912,구로구,185996.3297695724,542665.4225497212,5,2,0.8,1,2,0,1015.9643265258002,0,0,0,3,1041.2903225806451,3,5.697883039907345
5913,양천구,188237.82951198737,549851.5265606126,3,2,0.0,0,1,0,51.64969932111473,0,1,1,1,14212.419354838708,3,7.458706578538169
5914,강서구,186354.19946466168,551869.5801694837,3,2,0.3333333333333333,0,1,0,1029.3123464996656,0,0,0,2,739.0,5,0.1630818670121107
5915,관악구,196380.630420836,542991.358683147,2,2,0.5,1,2,0,229.2991779868709,0,0,0,3,4833.032258064517,4,8.764241600560302
5917,송파구,210392.1204747265,544454.323919923,2,2,0.5,0,2,0,519.7640471199882,0,0,0,3,1140.516129032258,4,0.8652824020954065
5918,노원구,205674.84969804867,561877.2795979896,3,2,0.6666666666666666,1,2,0,286.40927031990213,0,0,0,2,13531.645161290322,10,8.975204365319875
5919,용산구,198856.9651969944,548358.0490439889,3,1,1.0,1,2,0,494.67569721168417,0,0,0,1,4265.645161290322,4,6.844163133557697
5920,마포구,195115.876034689,548843.775288199,1,0,1.0,1,2,0,176.51015484207343,0,0,1,4,2867.6129032258063,11,1.8905457142269664
5921,중구,197628.2944851172,550746.8327289432,5,2,0.8,1,2,0,144.28570832938888,0,0,1,2,36632.58064516129,6,2.779095268523921
5922,중구,197553.8658399381,550600.5959165351,8,2,0.125,1,2,0,20.6409300393095,1,1,1,6,34906.22580645161,5,3.780859419306939
5923,강남구,206428.80897299637,544198.5827449287,3,2,0.3333333333333333,0,2,0,1194.752734490786,0,0,0,0,305.4516129032258,2,3.865832896559093
5924,마포구,191882.672103769,550402.648364794,1,0,1.0,1,2,0,1182.4205855527766,0,0,0,0,1624.9354838709678,3,0.4331802617790685
5925,서초구,203674.0989173405,541294.8399608885,2,2,0.5,1,1,0,1316.9337873395336,0,0,0,1,1521.7096774193549,7,0.3715752058184485
5926,서초구,199726.40123950024,544452.0110910715,4,2,0.75,0,2,0,945.7420818600604,0,0,0,2,2725.4838709677424,3,6.864653640655974
5927,서초구,199617.9365390676,544721.0205181597,5,1,1.0,1,2,1,847.7558433284568,0,0,0,1,9654.677419354837,4,2.595348293120597
5928,서초구,200385.0054103493,545169.9687071593,4,2,0.5,1,2,0,39.42319015143792,1,1,1,4,38031.90322580645,6,3.940632039325687
5929,동작구,195646.31894976,545920.196050738,2,0,1.0,1,2,0,640.8408997592755,0,0,0,3,9681.483870967742,9,16.414651626622838
5930,마포구,193748.894830542,549580.380491513,1,2,0.0,0,1,0,833.4408208378868,0,0,0,2,200.5483870967742,12,1.3746687066278795
5931,용산구,195846.857557218,548434.4738976936,4,2,0.25,1,2,0,704.2475407343355,0,0,0,2,2059.2903225806454,4,13.472396693541148
5932,강북구,202603.0723603635,558485.828281387,2,2,0.5,0,2,0,248.01875392531264,0,0,0,2,376.4193548387097,5,18.67482905075408
5933,마포구,193193.1860920102,549657.9488890384,5,2,0.2,0,2,0,460.8652651015159,0,0,0,1,1218.774193548387,8,5.066573531950104
5935,은평구,193311.7669648495,559100.3587418371,2,2,0.5,1,2,0,932.1563106272644,0,0,0,2,926.8387096774194,3,12.04546252074517
5936,은평구,193477.440878714,559114.5835166704,2,2,0.5,0,2,0,1032.1291056726216,0,0,0,2,1026.258064516129,3,5.466000292362227
5937,은평구,193636.4722950265,559061.5363221089,2,0,1.0,1,2,0,1093.9893457515425,0,0,0,0,587.1612903225806,3,1.2984536352281255
5939,구로구,189647.206584855,546086.194845793,1,0,1.0,1,2,0,1554.8431006459004,0,0,0,1,39.03225806451613,3,9.939382482330544
5940,성동구,203958.461256978,552226.014073397,1,1,1.0,0,2,0,467.8771779862077,0,0,0,2,696.0645161290323,6,2.070115529863574
5941,광진구,205976.9092576555,548213.7099507555,2,0,1.0,1,2,0,804.4482706775982,0,0,0,2,600.9677419354839,11,7.667295367228005
5942,금천구,189617.67169370677,542069.5214441912,4,2,0.0,1,2,0,589.4594386915177,0,0,0,0,2334.935483870968,8,0.0718189089896922
5944,영등포구,191600.645400355,547983.3171592543,3,2,0.3333333333333333,1,2,0,811.331560243517,0,0,0,2,431.03225806451616,9,0.308301121778675
5945,양천구,188701.02106543767,547561.3908558916,3,2,0.3333333333333333,1,2,0,873.119829866145,0,0,0,0,4986.903225806452,15,1.6682664475828357
5946,은평구,193833.256248304,558875.59715024,4,0,1.0,1,2,0,1130.9607150942738,0,0,0,0,2048.8387096774195,3,6.199576247091478
5947,서초구,199958.618781775,545466.219076978,1,0,1.0,1,2,0,470.6079993016787,0,0,0,1,1846.3870967741937,2,0.957999827508882
5948,용산구,199462.647211195,546880.508679444,1,0,1.0,1,2,0,804.736883983752,0,0,0,0,903.516129032258,4,12.086978681483162
5949,송파구,206893.4063568775,546058.5933025975,2,1,1.0,0,2,0,540.7690706166807,0,0,0,0,0.0,2,0.6911958064552012
5950,송파구,209496.684420782,546952.2166388348,5,1,1.0,1,2,1,746.43605748761,0,0,0,0,0.0,7,1.6463291421284096
5951,송파구,207514.22197470895,546061.6135148078,4,1,1.0,0,2,0,283.3020999868724,0,0,0,0,339.5483870967742,4,0.2350562625973603
5952,송파구,209266.172353873,546814.794830454,1,0,1.0,1,2,0,712.8340277943432,0,0,0,2,49.74193548387097,9,3.778032896622812
5953,송파구,207338.241835162,545157.604105882,2,2,0.5,1,2,0,545.2425714562689,0,0,0,0,3515.935483870968,2,0.1179551390670319
5954,송파구,209225.56807485,546965.577586573,1,1,1.0,0,2,0,863.8557957051366,0,0,0,0,49.74193548387097,6,0.6542408536417721
5955,송파구,211561.04920169423,542505.0933738267,4,0,1.0,1,2,0,1630.148410145457,0,0,0,2,1271.6774193548388,8,7.745263782523589
5956,성북구,201699.99048154347,555481.474589712,2,2,0.5,0,1,0,357.9384097301996,0,0,0,1,872.7741935483871,6,13.120806716466785
5957,성북구,200549.276563024,557162.402121433,1,0,1.0,1,2,0,773.7914907725295,0,0,0,2,2239.7741935483873,5,19.629245152681136
5958,동작구,195892.387993449,545058.0417798947,3,0,1.0,1,2,0,583.8007831147703,0,0,0,4,4192.322580645161,7,7.901788744332734
5959,송파구,209911.3558457136,546709.0488192188,5,1,1.0,1,2,1,513.5324933192413,0,0,0,3,1865.0645161290322,3,0.3992327391244495
5960,서초구,202542.541141831,543098.077018128,2,2,0.5,0,2,0,809.9532577710718,0,0,0,2,3381.4193548387098,5,0.8973065362953392
5961,종로구,197588.94705861705,553898.9179511855,2,2,0.5,0,2,0,1681.6024246509442,0,0,0,0,1229.516129032258,7,4.937994199094848
5962,영등포구,191801.4891509037,545158.110393277,4,0,1.0,1,2,0,343.86351560569705,0,0,0,2,385.96774193548384,6,4.134255263015631
5963,구로구,189430.3415561645,545404.6035771768,4,2,0.75,0,2,0,897.3524625219057,0,0,0,2,604.3548387096774,5,0.2171773978639502
5964,양천구,186053.61271160532,545700.1129859583,3,1,1.0,1,2,0,1250.0328103197442,0,0,0,4,4366.451612903226,10,2.3299914433247797
5965,중구,198537.056243811,550575.496543635,1,0,1.0,1,2,0,906.3479987186496,0,0,0,1,289.0,6,22.82045447478725
5966,금천구,191547.69142322068,539007.8757736217,3,2,0.3333333333333333,0,2,0,341.3999208271081,0,0,0,2,3248.3548387096776,12,2.9633882111069334
5967,영등포구,191978.0977528825,545170.068365309,2,2,0.5,0,2,0,173.13328358021047,0,0,1,1,6471.548387096775,6,0.4246398674835235
5968,광진구,206195.1243641635,548061.433833975,4,2,0.0,0,2,0,933.8871325053856,0,0,0,0,0.0,8,0.7913141454553537
5969,광진구,206107.784297666,547978.768174927,1,2,0.0,0,1,0,1018.0075759019448,0,0,0,0,0.0,7,4.237022020406244
5970,광진구,206061.699676995,547992.957515232,1,2,0.0,0,1,0,1007.6933929952128,0,0,0,0,0.0,7,7.1878015159931365
5971,광진구,206088.1248883295,548180.4632720738,4,2,0.0,0,2,0,818.4661251315146,0,0,0,0,600.9677419354839,11,4.39617973136382
5972,광진구,205961.960119255,548453.735624836,3,2,0.3333333333333333,1,2,0,579.3737535709208,0,0,0,4,4553.580645161291,5,9.420170239608504
5973,광진구,207164.327262876,548019.528557985,2,2,0.5,0,2,0,1360.99993839407,0,0,0,2,5306.612903225807,6,0.6310834527294862
5974,은평구,192888.0685227397,558988.1808193113,6,2,0.8333333333333334,1,2,0,710.5097518395876,0,0,0,2,3016.064516129032,2,2.8073435689274957
5975,도봉구,202620.46404768,562485.646733146,1,1,1.0,0,2,0,495.90612616852775,0,0,0,1,3614.645161290322,7,1.650851283163869
5976,강북구,202903.61436555348,557697.048966206,2,2,0.5,0,2,0,329.4416311386868,0,0,0,2,1199.9354838709678,6,30.336486146167136
5977,강북구,202683.129985724,558346.9459926944,3,2,0.3333333333333333,0,2,0,338.2966845174071,0,0,0,2,1582.483870967742,5,9.920251115803124
5979,동대문구,202698.89505237868,552545.451816829,3,2,0.6666666666666666,1,2,0,114.58514502715688,0,0,1,2,6815.548387096775,6,0.9684144844899242
5980,광진구,208124.8445999935,548823.9027300561,2,2,0.5,0,2,0,1917.0349752483369,0,0,0,2,2575.8387096774195,9,2.7775917560137016
5981,송파구,208177.1789025916,544850.654678693,5,1,1.0,1,2,1,575.0678392439156,0,0,0,1,2357.225806451613,3,0.3584253600243918
5982,송파구,208872.82537490968,546384.582073333,3,2,0.3333333333333333,1,2,0,381.970979549048,0,0,0,2,2712.709677419355,7,0.6743231814099134
5983,강동구,212522.89355231437,549210.11284742,3,2,0.3333333333333333,1,2,0,258.5212117845169,0,0,0,1,2120.967741935484,6,1.2572232908524228
5984,도봉구,204105.74697348976,565502.084820421,4,2,0.0,0,1,0,1413.6756860106482,0,0,0,3,5396.806451612903,5,8.34401501444051
5985,강남구,203055.53150047577,546728.416310792,4,2,0.25,0,2,0,469.43867102986,0,0,0,0,2337.3225806451615,4,6.822565830237188
5986,종로구,200440.877494293,552910.387608049,3,2,0.6666666666666666,1,2,0,563.0479801602733,0,0,0,1,2515.322580645161,9,2.0441940772526834
5987,강북구,200357.7296463705,560481.8608865425,2,2,0.0,0,2,0,1144.082321480076,0,0,0,4,348.51612903225805,2,9.718333035823624
5988,중구,200444.0956485195,551573.6010537925,2,2,0.5,1,2,0,480.7005316107063,0,0,0,0,1905.4516129032259,5,1.276444477241488
5989,중구,198730.696319795,551840.894269701,3,2,0.3333333333333333,1,2,0,252.5479532332509,0,0,0,2,6193.548387096775,5,2.470913267903351
5990,마포구,189843.88227172432,553737.25024836,3,1,1.0,0,2,0,1804.0041571645525,0,0,0,2,2756.0967741935488,6,1.93562562881862
5991,마포구,189948.20451092772,553697.7080264707,4,0,1.0,1,2,0,1695.3612735558004,0,0,0,4,1214.2903225806451,6,0.7409583588688987
5992,마포구,190053.1852173984,553650.9411405856,5,0,1.0,1,2,1,1585.698718057568,0,0,0,3,3183.064516129032,8,0.3850088275785228
5993,마포구,190140.571493426,553599.424922471,5,1,1.0,1,2,1,1494.0049331654109,0,0,0,2,590.6129032258065,7,0.1145647540688088
5994,마포구,190222.85223738037,553538.859667977,3,1,1.0,0,2,0,1408.3808108928156,0,0,0,2,1858.2903225806451,5,0.194744578581032
5995,도봉구,204291.58770327305,564772.5166570734,3,2,0.0,0,1,0,717.8731297807109,0,0,0,1,641.4516129032257,5,0.041751295196312
5996,강동구,213865.56736383348,551515.4044052062,4,1,1.0,1,2,0,1845.8314864612005,0,0,0,3,382.80645161290323,4,12.530192490068714
5997,강동구,213340.117506869,551390.7727123243,4,2,0.75,1,2,0,1463.080223891582,0,0,0,2,350.4193548387097,1,16.588565344288686
5998,중랑구,209372.57210357432,556258.0180824096,3,0,1.0,1,2,0,670.785627060198,0,0,0,4,1952.0967741935485,7,6.145456094003817
5999,성동구,203461.692954088,551803.674712919,1,0,1.0,1,2,0,849.9783386040402,0,0,0,1,123.93548387096774,4,0.3879323398836831
6000,광진구,208932.247600462,549122.384965013,1,1,1.0,0,2,0,1989.470482535988,0,0,0,1,1591.741935483871,5,1.4881630234051653
6001,광진구,206530.885277416,548628.876003425,1,0,1.0,1,2,0,483.427386771528,0,0,0,0,2581.032258064516,5,0.4365534971376483
6002,광진구,206129.84249314095,550240.968319183,3,2,0.3333333333333333,1,2,0,1162.4704492498602,0,0,0,3,3824.9032258064512,6,2.8511688394767454
6003,동대문구,204887.981544999,554239.953203813,1,2,0.0,0,1,0,242.80941724668935,0,0,0,1,7062.225806451613,3,1.3262182522333414
6004,성동구,202659.43486974505,551771.80811476,3,2,0.3333333333333333,1,2,0,716.154199950138,0,0,0,2,9786.322580645163,8,3.846408502145409
6005,서초구,201326.79376439695,545001.8311728565,2,2,0.5,0,2,0,527.4042151083734,0,0,0,0,837.483870967742,6,0.1245575337357459
6006,광진구,208446.1571899425,549125.8605412845,2,2,0.0,0,1,0,2234.496534165751,0,0,0,2,988.5483870967741,5,2.7001754913838263
6007,송파구,206593.996985142,546533.912383575,1,1,1.0,0,2,0,1085.545222072788,0,0,0,0,0.0,0,9.564711125526806
6010,동작구,195779.03464523127,545921.8899196996,3,2,0.3333333333333333,1,1,0,773.3860607237317,0,0,0,4,9065.354838709676,8,5.516068856757584
6011,마포구,193249.74154534,550802.2005908929,2,0,1.0,1,2,0,56.60861380644757,0,1,1,7,39962.48387096774,9,1.821370389214376
6012,은평구,192460.966282248,560409.8710409839,5,1,1.0,1,2,0,2171.527853076779,0,0,0,2,1225.4516129032259,1,5.153591140744182
6013,마포구,194561.3307453445,550678.9913376055,2,0,1.0,1,2,0,217.991055175346,0,0,0,2,19326.09677419355,4,3.202706444575399
6017,종로구,197995.922645877,552570.0588670775,2,2,0.5,1,2,0,313.6412520574447,0,0,0,4,13358.612903225805,10,0.5523482532606275
6018,금천구,189252.5598043898,542425.6110425756,5,2,0.2,1,2,0,778.3638974074389,0,0,0,0,341.51612903225805,7,0.2662250896531315
6020,서대문구,192625.86116002823,552855.5797416553,4,2,0.75,1,2,0,664.8735259163378,0,0,0,2,7242.548387096775,8,4.917751749462329
6021,서대문구,193571.4461748265,552783.3402634575,2,2,0.5,0,2,0,1412.5878430479763,0,0,0,3,2634.870967741935,5,2.866048459114256
6022,강동구,212610.0248846328,549517.39809854,4,2,0.25,1,2,0,176.25041663310716,0,0,1,4,3357.8709677419356,6,0.3632146839397817
6023,송파구,209538.2415578192,546728.8943023698,5,1,1.0,1,2,1,521.0859400784849,0,0,0,0,1730.8387096774193,7,0.4053502942898508
6024,은평구,192821.9806750432,559930.2677139818,6,2,0.8333333333333334,1,2,1,1653.2337194240158,0,0,0,0,6482.290322580645,6,4.243636483460573
6025,송파구,210595.886460896,544416.6759093665,2,2,0.5,1,2,0,533.6014947298617,0,0,0,2,1089.3870967741934,6,2.361311799159793
6026,마포구,193726.08873208668,550934.7701772164,3,0,1.0,1,2,0,449.51814659307394,0,0,0,2,16959.870967741936,4,3.6825637483950047
6027,중구,200812.791064065,552081.0531553631,2,2,0.5,0,2,0,278.5850855082753,0,0,0,3,11448.387096774193,5,1.0498670883876038
6028,은평구,193075.1655988864,560386.1989854756,5,1,1.0,1,1,1,2118.024960533603,0,0,0,0,2552.290322580645,4,3.355212646886277
6029,은평구,193504.62412995,560601.9252489044,5,1,1.0,1,1,1,2408.350464129553,0,0,0,3,2666.709677419355,3,8.197867268992159
6030,은평구,193727.2349976808,560789.118148349,5,1,1.0,1,1,1,2652.544056777152,0,0,0,1,2437.677419354839,4,1.8061748456213067
6031,은평구,193953.98545271505,561160.879043836,2,0,1.0,1,2,0,3078.9812424061724,0,0,0,1,432.51612903225805,3,2.136409919637293
6032,노원구,204581.17290794,565232.400586722,4,1,1.0,0,2,0,982.8231564096766,0,0,0,2,2023.2258064516127,5,3.082599418723237
6033,노원구,204698.137528581,565355.137978234,2,2,0.5,0,2,0,1084.2275674981856,0,0,0,2,1738.516129032258,2,4.529497987904871
6035,송파구,212460.052828065,544729.585149422,1,1,1.0,0,2,0,646.8269091134641,0,0,0,2,2180.967741935484,9,3.0226754360076904
6036,강서구,183953.548084953,550755.361586173,1,2,0.0,0,2,0,1167.2459851460924,0,0,0,2,297.22580645161287,9,0.5000176186486686
6037,강서구,187983.053847263,550930.416196286,1,0,1.0,1,2,0,870.0091432810596,0,0,0,0,1748.8387096774195,7,1.0903840562365403
6038,영등포구,191280.8264728897,544733.764475083,3,2,0.3333333333333333,0,2,0,994.7614858512512,0,0,0,1,1573.9999999999998,8,0.2461155140594447
6039,서초구,200522.90139609133,542260.5156194357,3,2,0.3333333333333333,0,2,0,1169.498749769513,0,0,0,2,1906.9354838709678,3,10.19365881687444
6040,강서구,185257.6093255025,549792.856188264,2,2,0.0,0,2,0,213.1957022924221,0,0,0,2,2156.354838709677,4,10.87630765062067
6042,영등포구,192261.813558572,546810.592200648,1,0,1.0,1,2,0,327.6057906598912,0,0,0,2,416.80645161290323,5,2.3759761456273645
6043,영등포구,190782.498547131,546058.064194163,2,1,1.0,0,2,0,662.0976737507051,0,0,0,2,1049.258064516129,4,0.7852531060185797
6044,강서구,186837.237710418,549982.18122491,1,1,1.0,0,1,0,439.37392236160207,0,0,0,2,1155.6451612903227,6,2.3523709240682025
6045,강서구,183800.08989122,552013.652261179,4,1,1.0,1,2,0,466.1503470414251,0,0,0,1,1606.9354838709676,9,2.676176568859067
6046,금천구,191835.146768318,539059.892327084,1,0,1.0,1,2,0,113.79666884061923,0,0,1,3,9954.612903225805,10,2.063081386812371
6047,강서구,188248.705882301,551131.278570651,1,0,1.0,1,2,0,1083.1156274177197,0,0,0,0,0.0,2,9.48691191964896
6048,영등포구,190139.918405868,549461.970597867,1,2,0.0,0,1,0,1255.8091880009724,0,0,0,1,2088.8709677419356,7,8.333333333333332
6049,양천구,184954.8517374117,548517.4580048276,3,2,0.6666666666666666,1,2,0,112.25834240869736,0,0,1,2,4733.129032258064,5,2.960594732333751e-15
6050,강서구,187072.62367447696,547972.20933566,3,2,0.3333333333333333,0,2,0,197.6875126507253,0,0,1,2,5373.387096774194,5,6.418213324993273
6051,강서구,186273.797562399,549563.312439242,1,0,1.0,1,2,0,277.79805795223683,0,0,0,2,6728.612903225806,7,1.9810221561825911
6052,강서구,187937.86808258967,549933.427590346,3,2,0.3333333333333333,1,2,0,78.57153639335458,0,1,1,1,7092.258064516129,5,1.1709135124311014
6053,양천구,187037.14943281095,546439.2181079844,3,2,0.0,0,1,0,82.63166472523258,0,1,1,2,1932.3225806451612,8,1.883878378061506
6054,양천구,185155.94491881505,547092.0317167756,3,2,0.0,0,2,0,699.8677395809299,0,0,0,0,251.5806451612903,2,2.8765149333462205
6056,중랑구,206707.891599444,554932.1502248326,2,0,1.0,1,2,0,6.490161704669525,1,1,1,4,11092.677419354839,4,0.075690942717023
6057,구로구,184259.370877436,544209.254336095,1,2,0.0,0,1,0,1676.1279573955128,0,0,0,1,1218.1935483870968,0,3.9609206488460793
6058,동대문구,205212.3236818238,554403.802674977,5,2,0.2,1,2,0,25.95916397643438,1,1,1,2,19085.290322580644,4,1.1365449603928763
6059,성동구,203786.00517649695,551991.2750643527,4,2,0.0,0,1,0,703.4912257189009,0,0,0,0,1265.8709677419356,6,1.4585408751329492
6060,강서구,187251.841273651,550921.422626878,1,2,0.0,0,1,0,332.264236609009,0,0,0,0,4351.322580645162,6,0.476664545411077
6062,강서구,185076.382611237,550417.360702776,3,2,0.3333333333333333,1,2,0,704.5503024607787,0,0,0,0,1057.258064516129,6,2.204479982409513
6063,영등포구,190701.4158488695,547844.7856562913,4,0,1.0,1,2,0,376.504844422437,0,0,0,0,451.35483870967744,7,0.768392928692645
6064,성동구,203432.1159073715,552450.5397716975,2,2,0.0,0,1,0,209.9735141979884,0,0,0,0,5814.225806451612,7,3.544877128250835
6065,도봉구,201519.044560631,561457.4938440706,3,2,0.3333333333333333,0,2,0,943.8193035024306,0,0,0,2,672.3548387096773,2,3.0866016039200987
6066,관악구,196335.805928135,541394.4970695,1,1,1.0,0,2,0,726.0978401660394,0,0,0,2,237.38709677419354,2,2.740888691272948
6067,광진구,206540.567936602,548702.8883815755,2,1,1.0,0,2,0,437.20768751155,0,0,0,0,4197.032258064516,6,0.9215680533001585
6068,성북구,205749.630303956,557137.5412890555,2,2,0.0,0,1,0,136.56107462339085,0,0,1,5,13684.322580645161,6,7.259164679479972
6069,성북구,201325.9246648055,555672.8110322905,2,2,0.5,0,1,0,550.9809446187874,0,0,0,2,5039.58064516129,8,20.289713036818867
6070,강북구,203003.047606743,557125.080076062,1,1,1.0,0,2,0,173.5631660069762,0,0,1,2,368.1612903225806,6,2.843573363877093
6071,마포구,189877.033197833,554061.015425229,1,0,1.0,1,1,0,1845.266740830765,0,0,0,2,3632.3548387096776,7,10.695696153080378
6072,영등포구,193776.037735515,547076.4636467677,3,2,0.6666666666666666,0,2,0,1351.6443071009742,0,0,0,0,132.25806451612902,8,0.2110936247807367
6073,종로구,200025.7854141845,552928.417368731,2,2,0.5,1,2,0,588.6744201410467,0,0,0,2,5027.387096774193,4,2.1800093927747
6074,서초구,199844.57235459745,545702.1717110586,5,2,0.4,1,2,0,714.6608974618271,0,0,0,0,1118.5483870967741,3,2.7667039691744475
6075,강북구,203318.399775055,559386.418748748,4,2,0.25,0,2,0,512.8724882988512,0,0,0,1,1968.7096774193546,9,3.276976112517568
6076,강북구,202547.44594749,559893.39186932,1,1,1.0,0,2,0,157.3239437851526,0,0,1,2,5535.258064516129,8,0.0894105515304074
6077,관악구,193547.2197206185,543534.257162943,2,2,0.5,0,2,0,161.8536758845017,0,0,1,1,9195.935483870968,6,1.991205415940141
6078,중랑구,209023.09568922463,555633.765239282,3,2,0.3333333333333333,1,2,0,79.64392995450346,0,1,1,0,5107.580645161291,4,2.630122310866424
6080,관악구,192843.18761847133,540495.8006706806,3,2,0.3333333333333333,1,2,0,1076.761911747802,0,0,0,5,4654.580645161291,5,6.195220962947742
6081,강서구,183282.18303467895,551334.798830241,2,0,1.0,1,2,0,460.47435419233017,0,0,0,4,4398.354838709677,6,4.644256966809521
6082,중랑구,208822.37047835576,557059.8730419948,4,1,1.0,1,2,0,95.7371867342195,0,1,1,2,1975.5483870967741,6,0.7436730557398915
6083,중랑구,208699.2423522868,555551.260075409,4,2,0.75,1,2,0,45.8108696030951,1,1,1,4,8845.032258064517,7,1.1442820001708691
6084,은평구,191903.6877693435,555241.7485668284,2,2,0.5,0,2,0,428.2919404554098,0,0,0,2,3754.0967741935488,4,9.11148860860012
6085,마포구,189342.9506137033,553931.3899424329,7,2,0.5714285714285714,1,2,0,2330.3460817261844,0,0,0,3,3080.4193548387098,4,0.9589198025257152
6086,중구,197971.5760312256,550905.733414031,5,2,0.4,1,2,0,388.599263281136,0,0,0,1,9546.161290322581,10,3.329869329814674
6087,은평구,193035.45162522624,560106.7791017328,4,2,0.5,1,2,0,1836.1364749623008,0,0,0,1,2542.354838709677,4,5.970194338382828
6088,용산구,197924.92441212895,550514.406363688,3,2,0.6666666666666666,0,2,0,304.6549503538868,0,0,0,1,1115.6129032258063,9,12.38332547091744
6089,은평구,192829.98597809748,560578.340994303,2,0,1.0,1,2,0,2300.9194528135085,0,0,0,1,141.93548387096774,3,2.4764964957918068
6090,강북구,202879.165560534,557875.214151772,1,1,1.0,0,2,0,347.43410712309,0,0,0,4,1050.9354838709678,3,28.113136027638173
6091,동대문구,204394.004359162,553553.968465349,1,0,1.0,1,2,0,373.1774311560503,0,0,0,0,4317.354838709677,7,1.257814203300326
6092,강북구,201526.7689586953,559621.116621929,3,2,0.3333333333333333,0,2,0,546.1422621138058,0,0,0,2,1944.7096774193549,7,2.3189002118706035
6093,금천구,190679.02927847748,541600.816899617,2,2,0.5,1,2,0,10.42699526335391,1,1,1,3,4742.032258064515,3,3.906694161955896
6094,동작구,195905.9603091973,544640.274779747,3,2,0.6666666666666666,1,2,0,401.3540210107799,0,0,0,2,1451.9354838709678,2,14.12249279763948
6095,동작구,195953.950314551,544834.295179783,1,0,1.0,1,2,0,600.7967575800978,0,0,0,2,875.7741935483871,3,13.938750876236533
6096,강동구,215344.4778585093,551862.3498877683,4,0,1.0,1,2,0,3176.3045947211854,0,0,0,3,2483.516129032258,5,1.5358797376069984
6097,은평구,192680.09566779976,559435.108868223,4,1,1.0,1,2,0,1173.278937974576,0,0,0,0,2059.935483870968,8,3.3665589245066485
6098,은평구,192656.15240402,559701.0978443547,3,2,0.6666666666666666,1,2,0,1439.7227236106617,0,0,0,2,13566.741935483871,7,7.997238650341126
6099,은평구,192650.0926792388,559936.9301105777,4,1,1.0,1,2,0,1674.034567626991,0,0,0,0,0.0,6,0.8720231767876877
6100,강동구,215324.89035895772,552020.6029922985,4,1,1.0,1,2,0,3252.9409850688494,0,0,0,4,2539.2258064516127,6,1.2018241508220189
6101,강동구,215243.4693728715,552084.2411373674,2,2,0.5,1,2,0,3227.7913464062763,0,0,0,2,1254.6774193548385,6,2.215609583829649
6102,강동구,215211.6956795077,552151.9601421695,4,2,0.75,1,2,0,3246.265089045237,0,0,0,2,1680.3225806451612,6,4.2153645232459285
6103,강동구,215573.4201799185,552130.2042849455,2,2,0.5,1,2,0,3517.913262770144,0,0,0,2,1895.5806451612905,6,1.1035358079116324
6104,강동구,215633.4227720055,552102.6050699835,2,0,1.0,1,2,0,3550.6938878288493,0,0,0,2,2002.6451612903227,7,0.4586443205380953
6105,강동구,215672.1690912328,551940.913384952,4,2,0.5,1,2,0,3492.9032622687428,0,0,0,2,2159.258064516129,8,0.6004939821949584
6106,송파구,210770.69813511075,542469.4881387048,4,1,1.0,1,2,0,1208.3175106265371,0,0,0,1,1234.0645161290322,10,1.0229466522121022
6107,송파구,210811.12612875924,542365.6594922475,4,1,1.0,1,2,0,1319.7376733917283,0,0,0,2,1263.8387096774193,10,0.3769030216503743
6108,송파구,210912.68843610777,542124.3392474307,4,0,1.0,1,2,0,1581.4457584286838,0,0,0,1,3040.064516129032,6,0.2451129480408435
6109,송파구,210911.085582681,541875.385310824,4,1,1.0,1,2,0,1815.1612601431923,0,0,0,0,0.0,2,6.155167043044057
6110,송파구,210536.060890861,542215.5236074633,3,0,1.0,1,2,0,1396.4119030632464,0,0,0,2,1374.258064516129,11,0.2226986355502625
6111,송파구,210483.498894197,542313.724485758,4,1,1.0,1,2,0,1292.328344536054,0,0,0,0,1890.1935483870966,10,0.5534927638718952
6112,송파구,210345.42299424115,542238.9685166386,6,1,1.0,1,2,0,1358.9525131352375,0,0,0,0,0.0,8,9.460324147916712
6113,강동구,215528.48232597776,551577.2124452112,4,2,0.5,1,2,0,3184.405332800875,0,0,0,3,2418.645161290323,6,0.9714329709239836
6114,강동구,215606.9751450833,551447.0260098783,3,2,0.6666666666666666,1,2,0,3195.111414958065,0,0,0,2,658.1612903225807,7,3.332904030754212
6115,강동구,215790.6000715965,551526.787224265,4,2,0.75,1,2,0,3395.171247255996,0,0,0,1,1658.2903225806451,9,1.8693978294518128
6116,강동구,215740.9682345795,551717.5995297958,4,2,0.5,1,2,0,3438.1671096386995,0,0,0,3,1673.967741935484,9,1.4620953921248987
6117,강동구,215910.7648543288,551334.2979351447,5,1,1.0,1,2,1,3427.96071004064,0,0,0,2,995.9032258064516,6,1.5924008877009517
6118,강동구,215870.471773801,551104.5396281551,4,2,0.5,1,2,0,3311.223080138816,0,0,0,2,1185.3225806451612,5,1.003511213932858
6119,강동구,215899.09143218905,551009.6660234653,3,0,1.0,1,2,0,3310.000862189771,0,0,0,0,1185.3225806451612,4,2.962775872401231
6120,강동구,216068.64301789925,551051.4552698025,4,2,0.75,1,2,0,3484.4297907481728,0,0,0,0,0.0,2,1.1053587204966735
6122,강동구,216042.83748194372,551365.3392465247,4,1,1.0,1,2,0,3562.178335502973,0,0,0,1,995.9032258064516,4,6.331799282036978
6123,강동구,215935.1825239583,551646.826468098,3,1,1.0,1,2,0,3577.688170092477,0,0,0,1,565.1612903225806,6,7.979535684642229
6124,은평구,193720.25363163,561074.972625383,1,0,1.0,1,2,0,2922.593743722512,0,0,0,2,1259.3870967741937,4,3.1046948755591925
6128,마포구,189377.36017059663,553997.275231587,3,2,0.3333333333333333,1,2,0,2310.281562442119,0,0,0,2,4114.0,4,0.918486346444928
6129,용산구,195799.339251968,547921.077687558,1,1,1.0,0,2,0,1108.799470025334,0,0,0,1,932.0645161290323,8,6.869065982691265
6132,종로구,200967.3309725285,552458.650418616,2,2,0.5,1,2,0,42.04926845589573,1,1,1,1,8220.322580645161,7,1.3040533174304278
6134,구로구,190817.614461912,543316.218659292,1,0,1.0,1,1,0,434.324444231808,0,0,0,0,0.0,6,12.526471013293012
6135,영등포구,191138.4413700945,542999.7306194445,2,2,0.5,1,2,0,317.1239958849513,0,0,0,0,295.35483870967744,10,12.291961018312575
6136,양천구,185569.26930139,547003.4149469279,2,2,0.5,0,2,0,591.8811510081192,0,0,0,3,2740.0967741935483,4,3.2604169829447827
6137,강서구,183269.31890842,551048.313297027,1,2,0.0,0,2,0,743.5282021765224,0,0,0,2,791.9354838709678,1,2.462989828372579
6138,양천구,186700.454378824,547509.509662294,1,2,0.0,0,1,0,266.5268231046972,0,0,0,0,0.0,5,6.857287913481365
6139,영등포구,193128.35499331,547706.2727580707,3,2,0.3333333333333333,0,2,0,1571.907515431881,0,0,0,1,615.4193548387096,6,0.8740634336055032
6140,노원구,205381.130235424,559867.11813948,2,2,0.0,0,2,0,1694.7093743340597,0,0,0,0,0.0,4,1.406916005468665
6144,종로구,197202.6868199648,553844.4369523537,4,2,0.0,0,1,0,1757.0507371648823,0,0,0,0,1891.5806451612902,3,5.311292471207534
6146,종로구,197229.38473609329,553441.4680470913,4,2,0.0,0,2,0,1389.9016370706804,0,0,0,2,1945.3870967741937,3,2.126818334767412
6147,종로구,196180.0865638245,555692.322588212,2,2,0.5,0,2,0,1283.1563171000842,0,0,0,3,2687.870967741936,2,10.16524112782875
6148,종로구,196655.92308755635,553413.3579100054,3,2,0.0,0,2,0,1621.5822047574438,0,0,0,0,0.0,1,31.094224556746823
6149,노원구,204949.91389235365,564554.9914702183,3,2,0.0,0,2,0,311.05074264431227,0,0,0,3,1118.258064516129,4,7.573826997897916
6150,강남구,210586.144594244,541235.034908252,1,2,0.0,0,1,0,2375.8005716762773,0,0,0,0,0.0,3,3.4951239257849305
6152,영등포구,191349.5875857905,543075.5087630405,2,2,0.0,0,1,0,289.0633383959154,0,0,0,0,0.0,7,0.8675302173621773
6153,강남구,209597.5129330477,541882.247726268,3,2,0.6666666666666666,1,2,0,1328.703806567584,0,0,0,1,2962.7741935483873,7,7.223833772051718
6154,강남구,210098.6190835148,542103.2715063333,4,0,1.0,1,2,0,1440.926927088739,0,0,0,2,870.4516129032259,2,10.221006873925411
6155,강북구,201584.953173685,558776.1785577525,2,0,1.0,1,2,0,441.8861095966431,0,0,0,0,3161.870967741936,6,8.34129600980435
6157,강북구,202285.91262568464,558608.8347072727,3,2,0.3333333333333333,0,2,0,127.60617471382815,0,0,1,3,4263.774193548387,5,2.704969160355581
6158,동대문구,202892.318045402,553183.4785161971,2,2,0.5,1,2,0,103.91920691648298,0,0,1,0,0.0,5,4.075186770327732
6161,광진구,206953.911732721,547830.498557608,1,0,1.0,1,2,0,1379.0945180874746,0,0,0,0,170.41935483870967,4,0.6464500088170796
6162,중랑구,208639.732165356,557130.8894604658,4,2,0.5,1,2,0,244.54178059336743,0,0,0,2,4166.387096774193,5,2.972277424993841
6163,양천구,186130.2529967675,545723.4586812345,2,2,0.0,0,1,0,1218.1350116978124,0,0,0,3,4378.1612903225805,8,0.0696275227048263
6166,광진구,207420.3952688233,548038.4470921251,3,2,0.3333333333333333,0,2,0,1538.5933433380665,0,0,0,2,7346.290322580645,5,3.1359460177543257
6168,종로구,198813.783549951,554380.934933826,1,1,1.0,0,2,0,1246.5582853169813,0,0,0,0,40.87096774193549,0,22.72380507995647
6169,성북구,198725.7446562097,555213.7329607568,3,2,0.3333333333333333,0,1,0,1866.2252004144163,0,0,0,0,0.0,1,27.349205704668737
6171,은평구,194141.99323433163,555717.105986373,3,2,0.6666666666666666,1,2,0,1000.8877053684593,0,0,0,2,16937.774193548386,5,6.42716262365268
6172,마포구,189587.588327025,553498.5191904105,4,2,0.5,0,2,0,2042.671277081068,0,0,0,1,437.5483870967742,3,0.7737160984848046
6175,영등포구,191795.621048614,547914.2506128569,3,2,0.6666666666666666,1,2,0,951.0661869303176,0,0,0,2,480.258064516129,9,1.711406310481456
6176,영등포구,193714.42614351,547795.680545553,1,2,0.0,0,2,0,1919.0811397216771,0,0,0,1,1406.225806451613,6,9.516659757861143
6177,구로구,186599.374756106,543919.282998419,1,2,0.0,0,1,0,441.5077335425885,0,0,0,0,58.38709677419355,1,0.5200215245887415
6178,광진구,206293.082588039,550254.602170726,1,2,0.0,0,1,0,1213.6596121136088,0,0,0,2,3308.2903225806454,7,0.7448423641424403
6179,광진구,207075.237078353,551580.424523579,1,0,1.0,1,2,0,1065.5909707701303,0,0,0,0,3008.2580645161293,9,0.6037264610214166
6182,구로구,187522.759885312,545262.287607343,1,2,0.0,0,1,0,91.95414680188264,0,1,1,6,5969.322580645161,6,1.872765439575188
6183,구로구,187473.189834038,545227.368680317,1,2,0.0,0,1,0,139.988084662236,0,0,1,4,5788.193548387097,8,1.037824852104657
6184,중랑구,207807.99674189332,553993.8747350591,3,2,0.3333333333333333,0,2,0,292.0429121227224,0,0,0,1,4560.8387096774195,5,2.766403894888706
6185,광진구,207015.0168592465,548000.9374639915,4,2,0.0,0,2,0,1275.8895424850691,0,0,0,2,4499.645161290323,6,0.3135257226483823
6186,중랑구,206512.4686241345,555623.024027174,2,2,0.5,0,2,0,554.0284896214212,0,0,0,2,640.5806451612904,5,0.8805397993997074
6187,성동구,202297.890497268,549983.948274004,1,0,1.0,1,2,0,459.2157009088548,0,0,0,2,3811.5161290322576,6,18.1131334074632
6188,영등포구,190597.0727944197,548987.6786843268,4,2,0.0,0,2,0,1484.2337969291334,0,0,0,0,1950.3225806451615,6,1.3011213347300732
6190,영등포구,192632.295675416,546445.6049143623,3,2,0.6666666666666666,1,2,0,557.8036472738502,0,0,0,2,7352.032258064516,3,6.211376573170615
6191,구로구,188688.496190573,544001.495755559,1,2,0.0,0,2,0,1022.778730246797,0,0,0,3,1793.3225806451612,5,1.2279058244147063
6193,동대문구,203988.4347437435,552617.6156685448,4,2,0.25,1,2,0,541.2621490869882,0,0,0,1,4097.774193548387,8,0.3458022982403837
6194,은평구,194288.19263239505,555832.9658566702,5,2,0.6,1,2,0,970.0098446825943,0,0,0,3,11195.354838709676,5,8.422352598638554
6195,구로구,186021.1253884223,543691.3132279493,3,2,0.3333333333333333,1,2,0,84.44176836564365,0,1,1,1,224.16129032258064,6,3.265784034436159
6196,영등포구,192437.34903493864,548228.0662946206,3,2,0.6666666666666666,1,2,0,1664.9130938767169,0,0,0,0,0.0,5,9.931520128684006
6197,성동구,204511.653667793,549173.9840771257,3,2,0.0,0,1,0,589.4415236506496,0,0,0,0,101.0,5,0.4359217140490508
6199,관악구,193051.86480690876,542630.4774811458,4,2,0.5,1,2,0,400.9955820685162,0,0,0,2,7343.645161290322,1,5.066847365806654
6200,강서구,185838.819719073,551135.4086322854,4,2,0.5,1,2,0,1228.98532995714,0,0,0,3,8475.870967741936,10,0.7456806090778212
6201,강서구,185973.46035157063,551111.1288765956,3,2,0.0,0,1,0,1104.5571970028843,0,0,0,2,1495.1612903225807,9,1.2784960107746102
6203,영등포구,191201.310281863,548421.324343537,1,2,0.0,0,1,0,925.2766103564468,0,0,0,3,14976.967741935483,7,1.3304995420993126
6204,은평구,192802.993130431,560383.5936341385,4,0,1.0,1,2,0,2106.936019736415,0,0,0,0,0.0,3,0.4601526562367061
6205,은평구,192846.8422685965,559619.446784294,2,2,0.5,1,2,0,1341.8782755466884,0,0,0,1,13970.677419354839,8,5.048638184082961
6206,은평구,192817.2191053237,560019.9936214207,3,0,1.0,1,2,0,1743.0651780599187,0,0,0,0,0.0,5,3.879069641008564
6207,마포구,190301.36658573436,553624.394458984,3,0,1.0,1,2,0,1336.1021764252348,0,0,0,2,1530.9032258064517,5,0.7948644585862101
6208,마포구,190544.480983492,553448.210488151,3,0,1.0,1,2,0,1086.3724658625704,0,0,0,0,1874.3870967741937,6,1.957234417220522
6209,마포구,190968.16583999505,553090.2678811254,2,0,1.0,1,2,0,736.0003610521866,0,0,0,2,4437.516129032258,3,1.6156235147906866
6210,영등포구,193356.994612397,547260.680737534,3,2,0.3333333333333333,1,2,0,1500.9565623183214,0,0,0,2,13709.806451612903,6,0.3631892153236056
6211,영등포구,193414.00013610077,547180.9525097805,4,2,0.75,1,2,0,1511.7345902251138,0,0,0,0,13406.83870967742,7,
6212,은평구,193953.974865179,558809.459977812,1,2,0.0,0,2,0,1204.4697296024874,0,0,0,0,0.0,3,10.176577601465551
6214,은평구,194187.505872001,558739.634025601,2,2,0.0,0,2,0,1393.0949640663564,0,0,0,0,0.0,2,7.588111439754192
6215,은평구,194214.057342788,558629.802473211,1,2,0.0,0,2,0,1386.302293881128,0,0,0,0,0.0,1,20.756006004013205
6216,강남구,207291.06989810552,543905.7573237218,4,2,0.5,1,2,0,1689.2096587859537,0,0,0,2,226.96774193548387,3,5.151799571987008
6217,강남구,207592.31439699835,544023.9628052163,3,0,1.0,1,2,0,1370.6640222557933,0,0,0,0,0.0,2,5.220603535121979
6218,서초구,203279.724198879,541070.313046449,2,2,0.5,0,2,0,1461.7461022504358,0,0,0,2,73.80645161290323,4,2.3863103028216885
6219,강동구,215087.0967448795,551246.763386627,4,2,0.5,1,2,0,2640.1868560273906,0,0,0,4,3777.258064516129,3,1.19741657990969
6220,구로구,190032.1397575584,545436.8209742246,5,2,0.6,1,2,0,987.8796861154044,0,0,0,2,9126.83870967742,7,0.2908542576472654
6221,강남구,205257.020127255,542698.202937335,2,2,0.5,1,2,0,1002.7669574047386,0,0,0,2,4220.645161290323,7,2.690880878044914
6223,강북구,201400.23457862868,560909.9214076597,3,2,0.3333333333333333,1,2,0,538.1717457361325,0,0,0,0,2501.032258064516,5,1.935276368516057
6224,강북구,201660.35574818333,560678.8444533554,3,2,0.3333333333333333,0,2,0,195.91093736459788,0,0,1,1,6127.129032258064,4,0.5395716585057878
6225,강북구,201877.227469788,560480.2133402595,4,2,0.25,0,2,0,101.28040047560872,0,0,1,2,6936.709677419354,7,0.6518787078424401
6226,동작구,193614.17008494725,544161.1215218788,4,2,0.25,1,2,0,164.82024875872335,0,0,1,1,7894.870967741936,4,8.372930015625055
6227,중구,199635.16163234736,551346.8553763727,3,2,0.3333333333333333,1,2,0,703.0932171626926,0,0,0,2,4956.0,8,7.2774558085586705
6229,은평구,193232.638712313,560649.82836386,1,0,1.0,1,2,0,2399.0830716273053,0,0,0,2,74.35483870967741,3,5.847298693061222
6230,은평구,193385.8948754055,560757.593841055,2,0,1.0,1,2,0,2532.2160515508663,0,0,0,1,65.16129032258064,3,5.921189464667502e-15
6231,은평구,193593.5760823713,560948.8708784278,4,0,1.0,1,2,0,2766.48570832066,0,0,0,1,397.64516129032256,4,1.0661896411116465
6232,은평구,194660.016906499,560500.689644339,1,2,0.0,0,1,0,2851.998951479333,0,0,0,0,0.0,2,8.722839905050806
6233,은평구,194313.6201406175,559925.282951032,2,2,0.5,1,2,0,2188.37239150112,0,0,0,1,754.8709677419355,1,7.97941706095204
6234,은평구,194275.4839860124,559778.6189020697,5,1,1.0,1,2,1,2053.978520494996,0,0,0,1,1616.1290322580644,1,4.186321506868822
6235,은평구,193085.709048127,559079.458631898,4,2,0.75,1,2,0,829.3256656073427,0,0,0,3,1055.6129032258063,3,9.20486188685506
6237,마포구,189659.83530950235,554248.0056590943,3,1,1.0,0,2,0,2112.818338603152,0,0,0,0,320.41935483870964,7,0.1928488363485048
6239,마포구,190875.5021964253,553179.1629035751,3,2,0.3333333333333333,1,2,0,790.855078851001,0,0,0,1,2580.5806451612902,3,2.19151766758209
6241,금천구,189600.57830308223,541434.3707429735,4,0,1.0,1,2,0,1025.6160703946002,0,0,0,3,1230.9032258064517,7,0.1972635336146222
6242,서초구,199623.12070837268,543207.6275987303,3,2,0.3333333333333333,1,2,0,1133.956706550689,0,0,0,4,1682.8709677419354,2,4.569605118631823
6243,은평구,194094.675966688,559525.166118365,1,0,1.0,1,2,0,1745.8244148889942,0,0,0,1,1511.258064516129,3,3.384474981548327
6244,동작구,194371.729418673,544858.4116756856,2,2,0.5,1,2,0,306.8653699334603,0,0,0,3,6419.645161290322,4,0.0
6246,금천구,189904.853512435,541250.0251929817,3,2,0.0,0,1,0,813.5362556186344,0,0,0,2,289.2903225806452,10,0.6229113717437388
6247,강서구,185569.904772099,548803.598360335,1,1,1.0,0,2,0,405.20967579306864,0,0,0,0,2970.0,6,2.4297626546233477
6248,강서구,187552.680448554,551953.925576611,1,0,1.0,1,1,0,805.972139356694,0,0,0,0,0.0,1,11.7805012093721
6249,광진구,205893.81598100695,549714.8953161087,3,2,0.6666666666666666,1,2,0,585.886526297832,0,0,0,3,5228.774193548387,4,0.8012076194617014
6250,양천구,185927.558967614,546060.475898225,1,0,1.0,1,1,0,914.860860864682,0,0,0,2,1615.4193548387098,5,8.82239224437959
6251,양천구,185472.35574342724,545841.8686952858,4,0,1.0,1,2,0,1299.663255563109,0,0,0,4,1938.741935483871,10,1.8546220169450875
6252,양천구,185356.69974137167,546025.9118494004,3,0,1.0,1,2,0,1220.1327094014366,0,0,0,5,3141.451612903226,12,5.284210246469883
6253,양천구,185261.04771094068,546193.7192315507,3,1,1.0,1,2,0,1170.759045470691,0,0,0,0,1979.4516129032259,7,6.819037759244099
6254,양천구,184853.6963258985,546066.0987337747,4,1,1.0,1,2,0,1573.4899646220435,0,0,0,5,1117.7096774193549,4,0.6619228329432758
6255,양천구,185053.93901332372,545758.1431646885,4,2,0.5,1,2,0,1621.759452070777,0,0,0,1,1128.258064516129,6,3.706491090334948
6256,양천구,185222.89026700423,545752.4654148815,4,2,0.75,1,2,0,1516.2414867493112,0,0,0,3,673.2903225806451,8,5.854313717704223
6257,양천구,185120.4590529957,546017.5802886976,3,2,0.6666666666666666,1,2,0,1392.367755644937,0,0,0,0,659.6451612903226,10,1.405558202865933
6258,광진구,206926.3298515005,548098.968091041,2,2,0.5,0,2,0,1143.9442899048192,0,0,0,2,3689.8064516129034,7,0.5597363795761368
6259,광진구,209638.722985901,549623.567617387,1,1,1.0,0,1,0,1483.7445404838445,0,0,0,0,534.6774193548387,9,17.895092419625144
6260,송파구,214017.511276075,544294.5710129477,3,2,0.3333333333333333,1,2,0,807.6555859701183,0,0,0,2,1143.3870967741937,3,7.570795837701803
6261,동작구,196625.0676690053,545329.8700189707,3,1,1.0,0,2,0,17.081209790664477,1,1,1,3,15416.161290322581,10,2.087105342387625
6262,동작구,196609.676213034,545252.3475929301,2,2,0.5,0,2,0,52.45125414997935,0,1,1,3,13225.451612903225,10,1.1059331087846285
6263,동작구,197005.8764667175,545128.6407920464,2,2,0.5,1,2,0,407.8901311682614,0,0,0,2,1270.4193548387098,5,8.826260438468546
6265,관악구,194863.97416447927,542964.982679951,3,2,0.3333333333333333,0,2,0,466.4093742531588,0,0,0,2,1613.3225806451615,6,5.174552731638584
6266,관악구,192429.759919442,542585.294455061,1,0,1.0,1,2,0,605.281760172057,0,0,0,4,8530.548387096775,6,2.276010296107369
6267,관악구,192406.99918767752,542691.47621798,2,2,0.5,1,2,0,713.7228963414823,0,0,0,4,2277.6129032258063,7,0.7493873341910747
6268,관악구,192874.621862611,540638.1383292285,2,2,0.5,1,2,0,937.4120151550272,0,0,0,4,4870.41935483871,5,7.802079814626038
6269,관악구,192373.703633046,542940.7530020637,3,2,0.3333333333333333,1,2,0,963.7095668159664,0,0,0,2,11567.774193548388,10,2.450299433123604
6270,강동구,215301.6919221165,549964.4025500395,4,2,0.5,1,2,0,2575.912378613936,0,0,0,2,2396.548387096774,7,5.239645518301283
6271,강동구,215226.938841645,551530.730370342,3,0,1.0,1,2,0,2898.8817461455783,0,0,0,0,1374.516129032258,3,6.840175344963709
6272,강동구,215382.5675423985,550522.9855335904,2,0,1.0,1,1,0,2694.648940779307,0,0,0,2,1367.6451612903227,3,2.21051266678618
6273,강동구,215368.44734657463,550620.9003159924,3,2,0.6666666666666666,1,2,0,2699.297144522264,0,0,0,0,173.2258064516129,5,2.580945587862764
6275,강동구,215302.673500308,550864.719726634,4,1,1.0,1,2,0,2697.2385603038506,0,0,0,4,1302.7096774193549,5,5.387941314891999
6276,송파구,210249.537378986,547769.2255091377,4,2,0.5,0,2,0,1259.294774816832,0,0,0,2,524.5806451612902,5,0.3817848042670402
6278,송파구,211639.78062458037,542694.82818121,3,2,0.3333333333333333,1,2,0,1485.9323626541548,0,0,0,2,1543.3225806451615,8,2.1191783106216757
6279,송파구,211920.87712437025,542435.978309236,5,2,0.6,1,2,0,1505.3485712112845,0,0,0,0,1883.8709677419351,3,2.159334904914729
6280,송파구,211549.75552312736,542799.0148601887,3,2,0.3333333333333333,0,2,0,1403.078073921578,0,0,0,0,1787.3225806451615,9,2.852711382626237
6281,송파구,210755.909449559,542095.904120647,1,0,1.0,1,2,0,1558.894089374257,0,0,0,2,368.3225806451613,9,0.1687855928669594
6282,송파구,211276.01550387868,542614.2423855587,3,2,0.3333333333333333,0,2,0,1354.5168932268575,0,0,0,0,1761.1612903225807,6,1.2684581032177829
6283,서초구,202524.3701809455,541002.89152085,2,2,0.5,0,2,0,1678.6127902621,0,0,0,0,1394.0967741935483,1,0.7598182599939207
6284,금천구,190478.8974840704,540105.986743787,3,0,1.0,1,2,0,834.5769848614719,0,0,0,2,1208.6129032258061,2,3.229866849873438
6285,금천구,189584.05098741624,542166.3386277425,4,2,0.25,1,2,0,551.016940064111,0,0,0,1,3600.548387096774,10,0.3671749072994619
6286,동대문구,202057.442168089,552753.3402775023,3,2,0.3333333333333333,1,2,0,79.5662144396147,0,1,1,2,9894.225806451612,7,0.1225765477888233
6287,송파구,213781.663643485,544283.3659965147,5,1,1.0,1,2,1,572.777228788422,0,0,0,2,1571.5806451612902,6,2.9435797330852864
6288,도봉구,203912.7835759375,565298.544639876,2,2,0.5,1,2,0,1360.311011590711,0,0,0,2,2773.8064516129034,4,5.419248404117821
6289,강북구,202909.09192459067,556868.6104473483,3,2,0.3333333333333333,0,2,0,194.17952210522583,0,0,1,2,4746.354838709676,8,0.5806467215228572
6290,은평구,191680.92503439172,555399.0813394127,4,2,0.0,0,1,0,605.3232051975276,0,0,0,0,406.16129032258067,2,10.244118419841731
6291,도봉구,203675.878863767,563063.995358938,1,0,1.0,1,2,0,223.28383055854093,0,0,0,1,3022.2258064516127,4,0.8031534524056619
6292,용산구,199435.682654908,547279.6393399305,2,2,0.5,0,1,0,641.7532228248178,0,0,0,0,4649.741935483871,1,16.311554141426267
6293,용산구,196370.64393524,548607.910109148,1,1,1.0,0,2,0,927.4392224047436,0,0,0,3,3224.8387096774195,12,3.2029140233917834
6294,중구,201734.40642741256,552090.468324776,5,2,0.6,1,2,1,75.57458526566343,0,1,1,0,0.0,4,1.5766333621812598
6296,송파구,210539.416029584,544906.2150774945,2,1,1.0,0,1,0,904.2764232050168,0,0,0,1,395.0967741935484,6,1.0231007072265303
6297,금천구,192630.534967459,539277.301189846,1,2,0.0,0,2,0,700.1151962786907,0,0,0,3,394.741935483871,0,15.122230511090889
6300,강동구,212794.296912606,548273.314660218,3,2,0.3333333333333333,0,2,0,224.55643457197124,0,0,0,3,1764.967741935484,3,0.9217251405055412
6301,강동구,213082.9733577185,547589.20648659,2,2,0.5,1,2,0,936.5565261696069,0,0,0,4,4708.193548387097,4,10.687599386091335
6302,송파구,211602.629205252,542602.237890252,1,0,1.0,1,2,0,1576.762022617263,0,0,0,2,621.1935483870967,9,3.0422482188210034
6303,송파구,211743.7464236224,542861.1250624787,3,2,0.3333333333333333,1,2,0,1297.5572953661572,0,0,0,4,2704.41935483871,9,2.2181994733511403
6304,송파구,211844.58752476284,542984.2170503496,7,2,0.5714285714285714,1,2,0,1141.1896105510368,0,0,0,5,2195.4193548387098,8,1.6716172493251826
6305,구로구,185168.778183954,543409.982669286,1,2,0.0,0,1,0,918.8193566367646,0,0,0,2,816.4193548387098,4,13.051088176289138
6306,구로구,188798.1209696645,543768.393923402,2,2,0.5,1,2,0,854.8195113284577,0,0,0,0,288.06451612903226,4,1.9137109375130943
6307,마포구,192271.40794909172,549579.7468015375,4,2,0.5,0,2,0,925.353184750291,0,0,0,4,220.19354838709677,0,2.960594732333751e-15
6308,금천구,189981.6003214557,542234.5477396705,4,2,0.25,1,2,0,262.2823281372052,0,0,0,2,9132.709677419354,7,0.7402758844814272
6309,성북구,200556.078950057,554449.707727766,1,0,1.0,1,1,0,111.30056623028185,0,0,1,1,21229.96774193548,11,17.27900540978826
6310,은평구,191907.000024832,554544.2841572,1,0,1.0,1,1,0,806.3455382832977,0,0,0,0,1073.3870967741937,4,11.345089698424196
6311,용산구,197507.07196486,549147.5722982006,2,2,0.5,1,2,0,1309.7280861148122,0,0,0,3,18394.935483870966,6,2.006091492682109
6312,광진구,207240.9959335038,550745.4505349954,5,2,0.6,1,2,0,1566.4412324331645,0,0,0,3,6330.5161290322585,3,3.493333733735972
6313,강서구,187729.18794813895,551019.6005337695,2,2,0.0,0,2,0,601.1166342238831,0,0,0,1,989.6774193548388,9,0.0833441781138925
6316,양천구,188516.240149729,549732.502148171,2,2,0.0,0,2,0,109.05953984981558,0,0,1,0,3678.6129032258063,3,6.993822392104968
6317,양천구,186652.103159964,547539.716067311,1,2,0.0,0,1,0,219.74964833803608,0,0,0,0,0.0,6,12.179062606935014
6318,서초구,203765.97347387063,542199.5698358283,3,2,0.6666666666666666,0,2,0,639.0425565573005,0,0,0,0,881.3548387096773,8,1.3439184546734615
6319,강동구,215072.1398104252,551422.669946323,7,2,0.4285714285714285,1,2,0,2710.7130495713923,0,0,0,2,2216.2903225806454,3,3.4191047442943066
6321,영등포구,190601.51849896368,546779.251012036,3,2,0.3333333333333333,0,2,0,824.7299286411215,0,0,0,1,5087.1612903225805,8,0.0
6322,영등포구,190891.273542484,546722.013246026,4,2,0.5,1,2,0,748.264863607348,0,0,0,0,7006.258064516128,9,0.0404573115405041
6323,양천구,188722.485258726,546178.8857268869,3,0,1.0,1,2,0,1430.4695977436209,0,0,0,4,2777.6451612903224,6,0.8038306723778513
6324,영등포구,192956.7954831817,546339.2405503973,3,2,0.0,0,1,0,556.7274305693932,0,0,0,0,0.0,3,3.751870167837392
6325,은평구,192228.974713111,556229.380957474,1,0,1.0,1,2,0,134.71043408763373,0,0,1,2,5401.225806451613,6,5.092694938298148
6326,영등포구,190791.870857737,547029.974707325,2,2,0.5,1,2,0,525.626750927555,0,0,0,2,3955.1290322580644,5,0.2907755318311297
6327,은평구,194699.39514516637,560252.9809117873,3,2,0.0,0,1,0,2690.0349749855054,0,0,0,0,1752.4516129032259,4,4.750052997933227
6330,은평구,194538.99178404576,556822.235879921,4,2,0.0,0,2,0,792.6940469668609,0,0,0,2,1958.9677419354837,3,4.158338854486748
6331,구로구,190471.73384521,544712.551567287,1,2,0.0,0,1,0,842.3310785573684,0,0,0,1,29.903225806451612,10,5.484325354468256
6332,구로구,185901.63376821435,541878.811640137,3,0,1.0,1,2,0,1808.213974491136,0,0,0,2,195.03225806451613,1,0.3226823212093569
6333,구로구,186011.823576295,541961.572898496,2,0,1.0,1,2,0,1716.5637329455833,0,0,0,2,195.03225806451613,3,0.7202758412422277
6334,구로구,186091.7154022905,542206.7811040101,2,0,1.0,1,2,0,1468.925596256531,0,0,0,1,1143.2903225806451,6,2.827136253028068
6335,구로구,186066.2825377415,542449.149673413,2,2,0.5,1,2,0,1227.0877604828145,0,0,0,2,364.06451612903226,6,7.011227724463789
6336,구로구,185827.17059412025,542322.4205869486,5,1,1.0,1,2,1,1381.2795773499208,0,0,0,1,2861.322580645161,6,2.8639542590466327
6337,구로구,185697.9644683456,542510.4103843739,5,1,1.0,1,2,1,1233.9943073316988,0,0,0,3,1912.225806451613,3,2.5246587578219306
6338,구로구,185644.16734558425,542867.3595744453,4,0,1.0,1,2,0,929.9898196267244,0,0,0,1,3718.8064516129034,2,8.846403242544945
6339,송파구,210587.25236773165,546187.7702593993,3,2,0.6666666666666666,1,2,0,878.9956766408458,0,0,0,3,2058.838709677419,3,6.722090730690529
6340,구로구,189707.4466789375,544778.224401479,2,2,0.5,1,2,0,256.68014998918767,0,0,0,1,5645.419354838708,6,2.558819669092041
6341,구로구,189377.215588171,544296.953473641,1,0,1.0,1,1,0,349.9639139644254,0,0,0,1,32.774193548387096,8,6.272398432571974
6342,영등포구,189725.8714987137,546815.0866597145,4,2,0.0,0,2,0,1397.9402806307826,0,0,0,0,1882.6451612903224,5,0.4965070861687929
6344,구로구,189441.704062372,543196.109272059,1,2,0.0,0,1,0,392.9071295827966,0,0,0,0,75.90322580645162,2,5.864757248741735
6346,영등포구,191443.481533049,546757.686679811,1,0,1.0,1,2,0,380.6420702958764,0,0,0,2,11895.612903225809,10,0.398824624362426
6347,마포구,195698.8521601214,549190.0292481355,5,1,1.0,1,2,1,162.50070344227382,0,0,1,4,12077.741935483873,9,6.255793013006946
6350,양천구,187382.5087384305,547530.8760782195,2,2,0.5,1,2,0,223.90096459631928,0,0,0,0,0.0,10,0.8680322788771556
6352,중랑구,206713.886241983,556784.4510765023,3,2,0.3333333333333333,1,2,0,171.36873346792396,0,0,1,4,582.483870967742,8,0.3054921324646879
6354,구로구,191069.1046585445,542316.547110628,2,2,0.0,0,1,0,303.22985474543344,0,0,0,0,640.1612903225806,1,2.80715706318011
6355,구로구,190664.811513058,543025.5087761997,3,2,0.0,0,1,0,418.0294955136872,0,0,0,0,1173.9032258064517,7,1.1505435161362036
6356,마포구,193516.63222223253,549591.4825186515,2,2,0.5,1,2,0,661.9344658052745,0,0,0,0,310.1612903225806,6,3.064166530786651
6357,강동구,211842.409903836,549396.8918472267,3,2,0.3333333333333333,1,2,0,259.22478093876003,0,0,0,2,704.1935483870968,5,0.1228541141417002
6358,강동구,211963.76933660125,549265.4344940421,4,2,0.5,1,2,0,177.54837229564637,0,0,1,0,897.5483870967741,5,2.539076917652867
6359,강동구,212060.61565016236,549153.3607170857,3,2,0.3333333333333333,1,2,0,29.48610107171421,1,1,1,2,1336.0645161290322,7,1.415093208755233
6360,강동구,211926.769563524,549308.7100814717,3,2,0.3333333333333333,1,2,0,234.47881202397932,0,0,0,0,644.1935483870968,7,6.911340314535177
6361,강동구,211872.098519495,549360.475335709,1,2,0.0,0,1,0,300.5392162619746,0,0,0,2,447.8709677419355,6,4.08715532583674
6362,영등포구,190245.5360553,549568.7653177533,3,2,0.0,0,1,0,1345.0263516050684,0,0,0,0,2038.3548387096773,8,1.1693244032008852
6363,강서구,186028.684290044,552490.141162879,1,2,0.0,0,1,0,1690.930745528604,0,0,0,0,0.0,4,4.257633644721626
6364,강서구,185589.572383853,548734.75820649,2,1,1.0,0,2,0,435.54077187272384,0,0,0,1,4092.806451612903,7,2.031601337499218
6365,영등포구,190126.407098768,546284.1018671936,2,2,0.5,0,2,0,1305.071867152447,0,0,0,1,608.5483870967741,7,1.0486705382837322
6367,양천구,189525.544316602,548608.15028555,1,0,1.0,1,2,0,1241.9149380693837,0,0,0,0,8494.774193548388,10,0.0775255320788925
6368,강남구,205890.64680319067,546218.9658895306,3,0,1.0,1,2,0,1512.715892223309,0,0,0,0,387.8064516129032,2,17.686809395856745
6369,서초구,202245.89050498663,541181.9529047933,3,2,0.3333333333333333,0,1,0,1663.526393635445,0,0,0,1,3865.290322580645,5,2.6724249211403497
6370,서초구,200117.67945593968,541827.5743751833,3,2,0.6666666666666666,1,2,0,1665.7782459133132,0,0,0,1,2605.1612903225805,4,8.51250647199599
6371,동작구,197347.64239403675,542851.7748016166,4,2,0.25,1,2,0,180.30695104195016,0,0,1,3,3811.064516129032,8,5.785260726282537
6372,서초구,200461.077751091,545833.392938523,1,0,1.0,1,2,0,630.2591002694153,0,0,0,1,478.1290322580645,4,1.3901696566846973
6373,관악구,195778.37046802635,542990.0470357416,3,2,0.6666666666666666,1,2,0,385.2127790584961,0,0,0,2,1647.032258064516,5,9.320575978368549
6374,동작구,194805.26499858705,544654.068563852,2,1,1.0,0,2,0,447.7592990011648,0,0,0,3,2534.516129032258,5,7.381762313936034
6375,동작구,196328.8767636687,545269.1263309303,3,2,0.3333333333333333,0,2,0,268.5021631616701,0,0,0,3,4124.645161290323,8,5.779465334441086
6376,서초구,199183.774070306,544739.6904011803,3,2,0.3333333333333333,0,2,0,1228.7930887619798,0,0,0,1,5397.806451612903,1,0.722865932772064
6377,구로구,185829.572110302,544344.698539377,1,2,0.0,0,1,0,392.365374984119,0,0,0,2,1718.0967741935483,5,18.87841515143612
6378,구로구,190926.5626007993,542875.2113475994,3,2,0.3333333333333333,0,2,0,323.78348338917834,0,0,0,2,3310.8387096774195,10,8.684500553875708
6379,강남구,209222.139958531,542638.71721931,1,1,1.0,0,1,0,485.8694300302815,0,0,0,1,3663.935483870968,2,2.2998046978889164
6380,은평구,192970.283095788,559464.1282559965,2,0,1.0,1,2,0,1190.2685601593028,0,0,0,2,1246.2903225806451,7,5.236035068730469
6381,서대문구,194955.5385721,554476.0945744117,3,2,0.3333333333333333,1,2,0,32.6881137186702,1,1,1,1,24327.838709677417,8,2.051050085575312
6382,영등포구,190488.006856028,548509.055086739,1,2,0.0,0,1,0,1062.2142861347786,0,0,0,0,242.09677419354838,3,0.0
6383,성북구,201998.2410707747,556134.1503897524,3,2,0.3333333333333333,1,1,0,180.7213783718818,0,0,1,4,19939.0,8,3.548180166201919
6384,노원구,207139.14308140895,561035.4906922455,2,2,0.5,0,2,0,1351.9600411678146,0,0,0,1,4209.935483870967,7,3.805339118009669
6385,노원구,206334.80573586468,561879.7323143274,3,2,0.3333333333333333,0,2,0,404.50040708081855,0,0,0,0,686.258064516129,10,4.142289149624603
6386,노원구,206032.2359043625,559957.8808943005,2,1,1.0,0,2,0,1729.7654045695565,0,0,0,2,4852.064516129032,8,0.5473150922423642
6387,성북구,203614.900691765,555711.659249458,4,2,0.5,1,2,0,292.6580871560334,0,0,0,1,1675.0645161290322,6,0.8535612082017844
6388,강북구,201364.725555578,557676.076594587,4,0,1.0,1,2,0,497.8553389870992,0,0,0,2,3137.354838709677,7,12.31465465332126
6389,은평구,193179.4415719275,556087.1350313665,2,2,0.5,0,2,0,333.51412028565267,0,0,0,1,1167.032258064516,7,1.0108295894810186
6392,서대문구,194029.720450817,553089.28220879,1,0,1.0,1,2,0,1607.9690512708617,0,0,0,3,2377.967741935484,5,1.4492090061444725
6393,용산구,197524.571047501,547050.154101593,1,2,0.0,0,1,0,1908.6066762060395,0,0,0,0,1110.8064516129032,7,0.3475892524522391
6394,마포구,189605.13353336495,554174.4660068824,3,2,0.3333333333333333,0,2,0,2139.112486459158,0,0,0,0,1354.0,7,1.484546642321097
6395,마포구,189835.858410238,554098.041094551,1,2,0.0,0,1,0,1896.0685791993003,0,0,0,1,3632.3548387096776,7,9.457899404192904
6396,마포구,189734.52078357,554197.6596985026,3,2,0.3333333333333333,0,2,0,2025.0940769568244,0,0,0,2,320.41935483870964,9,1.854502750759816
6397,성북구,203641.203347168,555297.182438086,1,1,1.0,0,1,0,629.6400686469165,0,0,0,2,257.6774193548387,5,8.333333333333332
6398,성북구,203350.9202880555,557119.68726833,2,2,0.5,1,2,0,314.0588808561771,0,0,0,7,2286.3225806451615,3,8.333333333333332
6404,강동구,211521.3005986745,549491.5651326735,2,2,0.5,0,2,0,303.41910203296703,0,0,0,1,1090.032258064516,4,1.704863989583174
6407,송파구,213317.52779547623,544956.5539299117,4,1,1.0,1,2,0,687.7196412458806,0,0,0,1,0.0,0,19.51453212833329
6408,양천구,187969.8009464717,545847.0699493323,3,2,0.6666666666666666,1,2,0,673.8412685263231,0,0,0,1,1444.1612903225807,4,1.6320755020230966
6411,강북구,201678.3780458545,557402.2853810732,4,2,0.5,1,2,0,416.731792566176,0,0,0,2,1212.0967741935483,7,18.0594694309543
6412,강북구,201888.08280518767,560250.8212926564,3,2,0.3333333333333333,0,2,0,319.212736559144,0,0,0,2,3461.096774193548,6,1.759913704212709
6413,강북구,201777.318323588,557299.2290508549,2,2,0.5,1,2,0,487.85905962806567,0,0,0,0,3131.9354838709683,7,3.526677779534235
6414,종로구,200193.29733588733,552806.2172199631,3,2,0.3333333333333333,0,2,0,427.1215148116112,0,0,0,2,7729.451612903226,9,2.1301685697431694
6415,종로구,200012.6771026875,553848.9262071275,2,2,0.5,1,2,0,126.58488071866672,0,0,1,0,16044.0,7,3.8570312899126926
6416,종로구,199792.29331337777,552538.2445234592,4,2,0.25,1,2,0,479.3356250073199,0,0,0,2,612.8064516129033,7,1.924501762586471
6417,종로구,201086.006687224,552495.0249421027,3,2,0.6666666666666666,1,2,0,81.519529964232,0,1,1,2,19499.06451612903,3,0.7466652961981051
6418,종로구,201889.5460428577,552809.6947314483,3,2,0.3333333333333333,1,2,0,47.74345074179983,1,1,1,0,12779.48387096774,6,2.6140424419101884
6420,종로구,200588.815992088,552699.3621190563,4,2,0.25,1,2,0,459.521945423152,0,0,0,2,3142.967741935484,7,11.077998342943616
6421,중구,201590.655857287,551158.124869436,1,1,1.0,0,2,0,602.1360662236575,0,0,0,2,1383.258064516129,7,15.279058717690432
6422,중구,201365.49338039767,551507.7612738161,3,2,0.3333333333333333,0,2,0,351.16999944544625,0,0,0,2,3854.935483870968,9,1.0299790904396744
6423,중구,201411.7618584803,551617.699483436,3,2,0.3333333333333333,0,2,0,243.8904328503525,0,0,0,0,4253.129032258064,9,0.5634496534067305
6424,마포구,189516.4758424693,554081.4249630597,3,2,0.3333333333333333,1,2,0,2196.171951271172,0,0,0,2,1762.9032258064517,6,0.8024549130470682
6425,중랑구,208010.18677435967,554394.0484634497,3,2,0.3333333333333333,1,2,0,270.96562317880625,0,0,0,0,6372.032258064516,7,1.1103247503065994
6426,중랑구,208318.22061650504,553880.1814059606,2,2,0.5,1,2,0,530.7385302866653,0,0,0,2,1608.9032258064517,4,12.707719494837828
6427,중랑구,207760.24781079,554220.723466856,1,1,1.0,0,2,0,64.0574072489315,0,1,1,1,14553.870967741936,6,3.5710850637179568
6428,중랑구,207687.77398193232,554549.8048223146,3,2,0.3333333333333333,1,2,0,246.85148087281348,0,0,0,2,6445.548387096774,7,2.708627901966215
6429,중랑구,206816.349718306,554964.8268030882,5,0,1.0,1,2,0,99.3875560159169,0,1,1,1,5847.774193548387,4,0.2036315563675117
6430,중랑구,207830.6882719473,554849.442999238,3,2,0.3333333333333333,0,2,0,305.78632479646336,0,0,0,1,2554.064516129032,6,7.560130474482568
6432,중랑구,207084.6181672755,555400.0503740006,2,2,0.5,1,2,0,89.61787195780059,0,1,1,1,3662.7741935483864,3,4.821027747258538
6434,중랑구,206876.083581174,557080.2728237647,4,2,0.25,0,2,0,304.347261978003,0,0,0,3,4560.096774193547,13,4.196874819373395
6435,중랑구,208633.236954784,556479.611076038,1,0,1.0,1,2,0,18.98137368582753,1,1,1,2,2331.129032258065,10,3.8991368967080575
6436,성북구,201881.1888886735,553598.3054575254,2,2,0.5,1,2,0,743.239752222569,0,0,0,2,4451.5161290322585,4,1.3631982875599984
6437,동대문구,202281.851413366,553392.7947844655,2,2,0.5,0,2,0,476.29227953952056,0,0,0,2,2050.064516129032,2,0.6116570222909997
6438,성북구,200775.70513106533,554451.2960219369,3,0,1.0,1,2,0,59.43244854597918,0,1,1,3,22559.25806451613,12,1.4541888979675477
6439,성북구,200697.197263659,554406.2682071858,4,2,0.75,1,2,0,88.9536703076315,0,1,1,2,24179.064516129034,11,2.8198480333261484
6440,성북구,200961.9290866135,554126.4287554335,2,2,0.5,1,2,0,275.0715397279051,0,0,0,2,738.9677419354839,8,8.333333333333332
6441,성북구,201397.895628515,556412.7530649875,2,1,1.0,0,1,0,518.4729540846166,0,0,0,2,4267.064516129032,5,14.692719523713103
6442,성북구,201347.630053198,556339.802936204,1,1,1.0,0,1,0,481.9086363329773,0,0,0,3,2941.3548387096776,5,6.810729698793594
6443,성북구,201271.978705769,554579.592858169,1,0,1.0,1,2,0,407.9023749952204,0,0,0,4,11723.774193548386,11,1.4766917117415683
6444,성북구,198607.836370906,555207.617436348,1,1,1.0,0,1,0,1937.6077528153696,0,0,0,0,0.0,1,9.912250910462744
6445,성북구,200849.57417719965,556707.814967377,3,2,0.3333333333333333,1,2,0,246.18334519655036,0,0,0,0,4138.709677419355,3,10.17536849565032
6446,성북구,199650.88288104368,554885.3330670613,3,2,0.3333333333333333,1,2,0,1019.9887221660148,0,0,0,4,1578.3870967741937,5,2.155195194363664
6447,용산구,196914.273537778,546875.69305885,1,0,1.0,1,2,0,1546.1931240845886,0,0,0,2,593.7096774193549,3,1.345284873562571
6448,용산구,197982.15565117635,546909.3279460551,3,0,1.0,1,2,0,1971.964027797504,0,0,0,0,778.483870967742,4,1.2548213130579426
6449,용산구,196647.34287094,549180.86511192,2,2,0.5,1,2,0,1044.587427282241,0,0,0,3,1725.7419354838712,3,4.334756538559889
6450,용산구,197701.504521355,546718.654836818,2,2,0.5,0,2,0,1722.1351280855208,0,0,0,1,2494.8387096774195,5,0.1397718572929474
6451,용산구,195695.742116972,548141.689645533,1,2,0.0,0,1,0,865.4030428867442,0,0,0,2,3076.032258064516,8,4.038797869553485
6452,용산구,199706.489864401,547894.9365243609,2,0,1.0,1,2,0,448.7203703793649,0,0,0,4,1302.290322580645,6,5.966134503968188
6453,용산구,199970.935647176,548501.927193494,1,0,1.0,1,2,0,428.1780346590403,0,0,0,0,3117.064516129032,5,15.882892686352054
6454,용산구,200684.3538807735,547928.818978932,2,2,0.5,1,2,0,258.7200219513493,0,0,0,4,2213.1935483870966,10,0.5480662893208432
6455,용산구,200597.78532193296,547952.8436802445,2,2,0.5,1,2,0,198.27451479486555,0,0,1,3,3742.483870967742,11,0.2891650906525781
6456,용산구,197918.420954076,546633.1356541365,2,0,1.0,1,2,0,1800.167516908083,0,0,0,4,3872.290322580645,8,0.3565146522487605
6457,용산구,200161.4085087525,548992.0236239384,2,2,0.0,0,1,0,868.4875760011158,0,0,0,2,9927.354838709676,3,15.5289738056117
6458,용산구,199503.7252264473,546611.4192543699,3,1,1.0,1,2,0,980.3349755781392,0,0,0,0,903.516129032258,2,13.146271724392072
6459,용산구,200492.799581429,548200.312915173,1,1,1.0,0,2,0,19.77756416829417,1,1,1,2,1797.0645161290324,7,1.7270302566845932
6460,은평구,192171.59025108465,556911.6428834363,3,2,0.3333333333333333,1,2,0,301.526131983559,0,0,0,2,1931.4193548387098,5,3.643998773632949
6461,은평구,194585.280059173,561511.6719383525,2,2,0.5,0,2,0,3659.102817925818,0,0,0,2,192.4516129032258,2,2.476800023826963
6462,은평구,194528.0582332595,561433.1697659215,2,2,0.5,0,2,0,3562.9768282482246,0,0,0,0,280.19354838709677,3,3.703561681726768
6463,은평구,192932.890951215,558345.6371484583,4,2,0.75,1,2,0,90.35153024972784,0,1,1,3,5336.290322580645,6,8.715327052532102
6464,은평구,193079.667340727,556737.566483048,1,1,1.0,0,1,0,325.1108339539941,0,0,0,1,2655.032258064516,4,2.2010599987945647
6465,은평구,193781.668314277,558296.985306886,2,2,0.5,0,2,0,908.6885436392364,0,0,0,3,4526.806451612903,7,7.646585576612614
6467,종로구,197296.299433104,554259.7742531779,2,2,0.5,1,2,0,2066.907808035415,0,0,0,2,1111.3225806451615,2,3.138028956772772
6468,종로구,196378.4703773195,556380.9182379852,4,2,0.25,1,2,0,1946.322619570238,0,0,0,3,2400.548387096774,3,2.354132770449506
6469,종로구,198617.206885954,552946.1640522415,2,2,0.5,1,2,0,586.4784556903597,0,0,0,5,10964.290322580644,4,4.262134340135475
6471,중랑구,208215.90187588352,555256.8338647615,2,2,0.5,1,2,0,202.80842950879511,0,0,0,2,6623.806451612903,7,3.8577472383280784
6472,중랑구,206648.4172826935,557253.684353053,2,2,0.5,0,2,0,170.56377265718018,0,0,1,3,3312.322580645161,11,1.1537183017399972
6473,광진구,207614.70575892972,552070.308605926,4,2,0.25,0,2,0,931.870149451594,0,0,0,4,1741.7096774193549,9,5.559145915212108
6474,광진구,207559.936994479,552080.5916062089,3,2,0.3333333333333333,0,2,0,916.5464847688736,0,0,0,4,1741.7096774193549,10,9.038155260934987
6475,강동구,210157.855502939,549419.9776601,1,1,1.0,0,2,0,940.100739901024,0,0,0,0,0.0,1,6.198567861125912
6476,강동구,209959.980312322,549497.588438063,1,1,1.0,0,2,0,1145.7400923222683,0,0,0,0,0.0,2,
6477,중구,197826.9881787175,550444.2217532825,2,2,0.5,1,2,0,246.8594482491509,0,0,0,1,2756.548387096774,7,9.724982567170684
6478,중구,197584.75129622105,551129.1596528221,3,2,0.3333333333333333,0,2,0,95.23359458287936,0,1,1,1,10407.741935483871,5,2.369047247177202
6479,중구,197861.080473747,551183.159457358,1,0,1.0,1,2,0,294.7726888060702,0,0,0,1,3119.645161290323,10,3.2686354397751907
6480,중구,198041.03324342167,551589.4865982584,3,2,0.3333333333333333,0,1,0,528.216811414721,0,0,0,0,3484.193548387097,8,1.714899147287999
6481,중구,198777.24170250967,551267.4883582917,3,2,0.3333333333333333,1,2,0,681.3095006296226,0,0,0,3,7910.225806451613,3,3.972596980973341
6482,노원구,206384.326433257,559725.76040808,1,0,1.0,1,2,0,2068.907320583879,0,0,0,0,1281.258064516129,5,3.460061566665721
6483,노원구,205144.17106529349,563493.6613881909,2,2,0.5,1,2,0,688.2910150702518,0,0,0,2,1408.8064516129034,4,1.522958154704419
6484,노원구,206948.692160545,557949.718349253,1,1,1.0,0,2,0,243.86991549743885,0,0,0,2,1755.0645161290322,5,5.112871268070727
6485,노원구,205782.80687908168,562089.362369283,3,2,0.3333333333333333,0,2,0,524.3563777925503,0,0,0,2,1953.1290322580646,7,1.4240080759040492
6486,노원구,205283.836954049,561282.4021952176,2,2,0.5,1,2,0,287.5148305453517,0,0,0,1,5131.483870967742,5,0.5804868934463059
6487,노원구,206760.79795292416,558614.5987827097,6,2,0.3333333333333333,0,2,0,917.5486166610374,0,0,0,2,2728.258064516129,6,7.643060749316527
6488,노원구,206443.14384031435,557908.949704881,3,2,0.3333333333333333,0,2,0,487.88953134486434,0,0,0,1,304.61290322580646,11,1.5490098166732893
6489,노원구,205548.97090701,559774.151432143,1,1,1.0,0,2,0,1798.1953794580818,0,0,0,0,382.7096774193548,5,0.3441032283046811
6490,노원구,205728.67620203475,557255.3291492017,4,0,1.0,1,2,0,16.935838448582327,1,1,1,8,17162.129032258064,7,3.488459612151467
6491,노원구,207852.453716059,558063.221538031,1,2,0.0,0,1,0,1003.589712177476,0,0,0,2,2347.2258064516127,6,1.5688681746841304
6492,노원구,207142.46449490747,560780.0349301725,2,2,0.5,0,2,0,1584.9529857732657,0,0,0,2,3100.7096774193546,5,3.4047506802217717
6493,노원구,206263.5807380785,562122.322872121,2,2,0.5,1,2,0,258.15747710308136,0,0,0,2,5538.129032258064,11,12.768757719696518
6494,노원구,204671.675249041,565291.5290479311,2,2,0.5,0,2,0,1024.242314478014,0,0,0,2,1738.516129032258,3,2.428646817017904
6495,도봉구,203578.15024516676,562099.3910241025,4,2,0.75,1,2,0,169.85588226338115,0,0,1,2,6880.774193548388,6,2.392057263836248
6496,도봉구,202544.445125697,562733.530835727,1,1,1.0,0,2,0,748.7901004041912,0,0,0,2,1159.741935483871,4,7.009091431334215
6497,도봉구,204394.54528373005,562174.359599211,2,2,0.5,0,2,0,661.1561182964592,0,0,0,2,2806.290322580645,5,1.1992090220432772
6498,강북구,201193.069930581,561915.1438859606,2,2,0.5,1,2,0,1490.2048551784171,0,0,0,1,3800.6451612903224,9,4.739613980146539
6499,도봉구,204125.852696984,560584.093323605,1,1,1.0,0,2,0,921.4493935908788,0,0,0,0,1731.5806451612902,4,4.201225951984557
6500,도봉구,204265.08365029132,564104.8367831754,3,2,0.3333333333333333,0,2,0,572.1687466486978,0,0,0,2,809.258064516129,3,1.297807147436849
6501,도봉구,202739.0588084455,562492.91218251,2,2,0.5,1,2,0,449.9291719813553,0,0,0,2,2667.1290322580644,3,1.9198587377631189
6502,도봉구,202513.6351378068,561310.2601603515,4,2,0.25,1,2,0,556.1847540841433,0,0,0,2,2438.806451612903,6,4.737894244559146
6503,도봉구,204069.7341554925,561065.19095458,2,2,0.5,1,2,0,437.7658702908717,0,0,0,0,412.96774193548384,5,1.825131057921592
6504,동대문구,203395.11190380764,554636.0697142583,3,2,0.6666666666666666,0,2,0,518.7911045625902,0,0,0,0,1681.516129032258,7,3.744271768846262
6505,동대문구,204795.05514610437,552587.855675778,3,2,0.6666666666666666,1,2,0,475.9064086313091,0,0,0,1,2002.8709677419356,6,9.050615888201168
6506,동대문구,206784.723544421,552515.0925231581,2,2,0.5,1,2,0,203.79547241202175,0,0,0,1,111.48387096774194,7,4.670190403944607
6508,동대문구,205141.456409271,554849.914413228,1,0,1.0,1,1,0,417.9891059455752,0,0,0,4,3228.7419354838717,5,3.353366158808715
6509,동대문구,205150.5493614805,554898.386363226,2,2,0.5,1,2,0,465.5559927431132,0,0,0,3,3349.387096774194,5,2.8557037816466035
6511,동대문구,205945.7779593625,552868.519706621,2,2,0.5,0,2,0,511.6229888808574,0,0,0,2,1244.3870967741937,5,2.082679791688854
6512,동대문구,204475.375572394,553365.151448293,1,0,1.0,1,2,0,448.530575058304,0,0,0,1,711.9677419354839,4,5.593585944880353
6513,마포구,191391.42362529825,551830.0489414365,4,2,0.25,1,2,0,976.2989350428132,0,0,0,0,4252.032258064516,4,0.8216369152318018
6514,마포구,193297.1524070167,550855.8929744746,3,2,0.6666666666666666,1,2,0,15.258452964232276,1,1,1,6,39962.48387096774,6,1.371188996830046
6515,마포구,195016.80381606668,548932.6693703524,3,2,0.3333333333333333,1,2,0,267.4446996936284,0,0,0,4,2513.516129032258,13,1.4979615635242578
6516,마포구,192407.29788598,551084.251600816,1,0,1.0,1,2,0,909.7914386717944,0,0,0,0,1258.967741935484,5,8.80395214736292
6517,마포구,189433.242933191,554046.876093886,1,0,1.0,1,2,0,2267.591899384517,0,0,0,3,4114.0,4,0.4200250768934813
6518,마포구,190605.914614787,552979.6309872,2,2,0.5,1,2,0,1112.1104001075912,0,0,0,2,3274.516129032258,7,11.739843302998038
6519,마포구,195782.51510861632,549305.6856741874,3,2,0.6666666666666666,1,2,0,303.07430615349443,0,0,0,4,17330.870967741932,11,3.299412477269348
6520,마포구,196026.075931066,550015.596156936,1,2,0.0,0,1,0,697.4988006123288,0,0,0,3,5224.483870967742,2,1.934508539679663
6521,마포구,195918.3521702613,549434.4503358557,3,2,0.3333333333333333,1,2,0,490.0446622042677,0,0,0,3,8161.935483870968,11,3.994893974760263
6522,마포구,191517.382480259,550357.55779424,1,1,1.0,0,2,0,1531.2072228419986,0,0,0,2,2268.4193548387098,5,0.6965657253760446
6523,마포구,188004.996170372,552720.154544949,1,1,1.0,0,1,0,1695.3973189562307,0,0,0,0,0.0,1,2.954516226203752
6524,마포구,194661.84387996732,549245.945685546,3,2,0.3333333333333333,0,2,0,633.3446013598566,0,0,0,1,1829.6451612903224,9,0.7349194585165659
6525,서대문구,194724.3003118445,555062.407794974,4,2,0.75,1,2,0,412.1119432813559,0,0,0,6,8157.354838709677,0,4.918952651465223
6526,서대문구,195145.14588626477,554282.5220735215,4,2,0.5,1,2,0,25.43590931550083,1,1,1,3,28040.225806451614,6,3.903491981393496
6527,서대문구,195586.06730154424,553710.5340743723,4,2,0.5,1,2,0,680.5151544085369,0,0,0,1,7204.967741935484,4,5.929049311380593
6528,서대문구,195631.489391027,553604.4192793334,2,0,1.0,1,2,0,792.8568813505174,0,0,0,1,5891.0,3,9.345911051277014
6529,서대문구,195677.040420642,553541.236264866,1,2,0.0,0,1,0,870.7465705159576,0,0,0,2,4506.354838709678,4,12.472094191581109
6530,서대문구,195747.3841235973,553444.64287319,3,2,0.6666666666666666,1,2,0,990.2339991002524,0,0,0,1,4506.354838709678,3,16.48815560075486
6531,서대문구,193348.795916744,552802.152478095,1,1,1.0,0,2,0,1212.229498510157,0,0,0,1,278.03225806451616,8,5.6614535291632135
6532,서대문구,193702.064315312,553075.3068355969,2,2,0.5,1,2,0,1478.405684025888,0,0,0,0,1591.2580645161288,7,2.716336098533354
6533,서대문구,192371.32898958225,552873.5904234395,4,2,0.75,1,2,0,574.0852031260833,0,0,0,2,3754.709677419355,8,15.8861723235022
6535,서대문구,194362.229270327,553427.1505101201,3,2,0.3333333333333333,1,2,0,1134.153056412729,0,0,0,3,7980.32258064516,6,8.333333333333332
6536,서대문구,194362.9693665685,553290.0860564015,2,2,0.5,1,2,0,1238.321921496547,0,0,0,3,8367.193548387097,5,8.183156814934604
6538,서대문구,194517.947067325,551193.86071138,1,0,1.0,1,1,0,553.2174408979217,0,0,0,3,9395.548387096775,7,7.901422621769735
6539,서대문구,193943.337570872,552217.5634371879,3,2,0.3333333333333333,1,2,0,821.3906624524734,0,0,0,2,9375.0,6,2.2359917703838703
6540,종로구,196140.15776263367,552931.7341466186,3,2,0.6666666666666666,1,2,0,1407.9422371010835,0,0,0,2,7797.645161290323,2,4.072366162711974
6541,서대문구,191960.915629953,553068.7723371065,2,2,0.0,0,1,0,469.6305264655391,0,0,0,2,4653.741935483871,8,7.279498147230654
6542,서대문구,191923.5427989695,553033.0507859094,2,2,0.5,1,2,0,471.99870045207695,0,0,0,2,1315.8064516129034,7,8.33333333333334
6544,은평구,192445.113607988,555000.3847207376,2,2,0.5,1,2,0,257.68979117503414,0,0,0,1,5143.677419354839,5,2.5804129726623755
6545,은평구,192474.11737643837,554722.5563426117,3,2,0.3333333333333333,1,2,0,288.77541072454386,0,0,0,2,11998.709677419354,6,8.333333333333332
6548,은평구,194577.421795535,555341.233029552,1,0,1.0,1,2,0,722.2251595496163,0,0,0,1,113.90322580645162,0,24.76643857552937
6549,은평구,191201.031740618,554054.25285558,1,2,0.0,0,1,0,712.6115004977723,0,0,0,2,2275.7741935483873,1,8.045394436128344
6550,성동구,205033.9986288335,551301.7636776875,2,2,0.5,1,2,0,559.7725692808274,0,0,0,1,219.96774193548387,2,2.960594732333751e-15
6551,중구,201616.2360510308,551785.39494981,5,2,0.2,1,2,0,18.090444591241624,1,1,1,1,5795.096774193548,7,0.3754524916913659
6552,성동구,203827.798453124,549503.328247456,1,0,1.0,1,2,0,1221.4737504780433,0,0,0,0,2634.4193548387093,5,1.0488047907972606
6553,성동구,203858.632365631,549546.326125817,1,0,1.0,1,2,0,1194.4305777930033,0,0,0,1,2566.290322580645,5,1.2161957073205028
6554,성동구,202117.79054981223,550372.583670469,4,2,0.75,1,2,0,369.1455415180994,0,0,0,5,1054.258064516129,10,7.874158767872584
6555,성동구,203148.618877239,548896.372005777,1,1,1.0,0,1,0,1610.3316461588852,0,0,0,0,0.0,1,34.82195826865729
6556,성동구,203111.078731414,548911.915434383,1,1,1.0,0,1,0,1570.9644720482463,0,0,0,0,0.0,1,29.052096935524307
6557,강남구,203079.749946531,548372.22442671,1,1,1.0,0,1,0,1752.1780044335435,0,0,0,0,0.0,3,4.333620299935384
6558,강남구,203044.587539579,548378.071695573,1,1,1.0,0,1,0,1779.8050375784546,0,0,0,0,0.0,3,8.223507231288352
6560,중구,198188.02703318576,551837.269080375,4,2,0.5,1,2,0,296.6321772198184,0,0,0,2,2530.0,8,1.4825761008853295
6561,구로구,184876.991848207,544888.859490549,1,2,0.0,0,1,0,1394.5764970601947,0,0,0,1,514.6774193548387,3,2.895305271577063
6562,구로구,188576.783910781,545055.861215078,1,0,1.0,1,2,0,981.8552948744782,0,0,0,0,0.0,0,4.3299579249071485
6565,구로구,190290.3111754833,543164.5397510637,3,2,0.6666666666666666,1,1,0,194.27078755994725,0,0,1,3,3383.3225806451615,9,1.6292424292476415
6566,구로구,185894.406266438,542244.5318988829,2,2,0.5,1,2,0,1446.4039408960616,0,0,0,2,1921.9354838709678,5,4.494202161300116
6567,구로구,185752.803622788,542398.285369313,1,0,1.0,1,2,0,1324.7953734821797,0,0,0,2,2413.451612903226,4,3.4973545527131957
6568,구로구,185685.075281135,542955.8671251975,2,2,0.5,1,2,0,832.8731625664861,0,0,0,4,5250.41935483871,5,9.684499604168336
6569,양천구,185715.07360696504,546698.0727799735,2,2,0.5,0,2,0,507.76498363440345,0,0,0,1,5353.032258064516,6,4.567870313447433
6570,양천구,186493.7910342725,547092.988933679,4,2,0.25,1,2,0,344.5760406444201,0,0,0,0,5321.548387096775,5,14.83350148557188
6571,양천구,185153.3987689875,545950.1794432048,4,1,1.0,1,2,1,1414.5883663038628,0,0,0,0,486.1290322580645,10,1.8020078464678828
6572,양천구,185076.378628384,546131.3931257691,3,1,1.0,1,2,0,1354.1819772630658,0,0,0,2,425.0,5,3.516249497806392
6573,송파구,209497.161222664,546084.030514267,1,2,0.0,0,1,0,185.2549054672355,0,0,1,2,7033.612903225807,4,0.2565932318116282
6574,구로구,190960.6230425585,542585.3012385641,2,2,0.0,0,2,0,194.524293349323,0,0,1,2,2753.5806451612902,8,3.4708900417060504
6575,양천구,188965.053070754,548168.168607542,1,2,0.0,0,2,0,934.4035262398136,0,0,0,1,2390.516129032258,11,0.0464381595840945
6576,양천구,189425.187068192,548564.926275272,1,0,1.0,1,2,0,1233.1381075639738,0,0,0,0,7950.483870967742,11,0.422581661346529
6578,강서구,184115.6398498347,550652.3239758317,3,0,1.0,1,2,0,1338.4274683982517,0,0,0,0,0.0,6,0.7109833525179147
6579,양천구,184943.392358861,548264.470046289,2,2,0.5,0,2,0,219.4739204026771,0,0,0,0,2967.7419354838707,3,7.122491567402835
6580,영등포구,193074.787456477,547468.205460403,1,1,1.0,0,2,0,1373.254677505705,0,0,0,0,408.83870967741933,7,1.9133424895403848
6581,강서구,185158.3863150848,550006.1954402495,4,2,0.5,1,2,0,355.0457175127761,0,0,0,2,922.8387096774193,5,6.595205194741246
6582,서대문구,193947.960028035,553119.2378420327,3,1,1.0,1,2,0,1643.8509689919726,0,0,0,3,3164.7096774193546,6,5.249754953246277
6583,영등포구,192175.927484237,546977.957138341,1,1,1.0,0,2,0,409.6718970199909,0,0,0,0,970.1612903225806,5,2.3793049010124387
6584,양천구,187874.67419114368,549684.8450837457,3,2,0.3333333333333333,1,2,0,71.99051669892611,0,1,1,1,5853.129032258064,3,0.9564144744792162
6585,동작구,197037.9917911875,545195.6549487265,2,2,0.5,0,2,0,408.0677151892148,0,0,0,2,4713.516129032258,5,12.1666364900446
6586,강서구,186442.59931341448,551801.9453140905,2,0,1.0,1,1,0,918.0064392313498,0,0,0,1,980.1290322580645,9,1.6688862087962015
6587,송파구,209708.1921065555,546662.3140350735,2,1,1.0,0,2,0,425.51790826883285,0,0,0,1,1180.258064516129,6,0.1451183007466975
6588,양천구,184922.841621576,545871.2273167559,3,2,0.6666666666666666,1,2,0,1637.3899161170898,0,0,0,1,1431.8064516129032,5,14.101789508101692
6590,양천구,188548.77491163136,549377.271621894,3,2,0.6666666666666666,1,2,0,344.7840615495879,0,0,0,2,1415.6129032258063,1,1.7771507612906488
6591,양천구,187074.610692193,546332.4316200265,2,2,0.0,0,1,0,189.62724801885383,0,0,1,0,2008.4516129032259,7,16.569732201124143
6594,양천구,185341.741103653,546884.4863241786,3,2,0.3333333333333333,1,2,0,818.8887421288355,0,0,0,2,4024.2258064516127,5,3.215538809373838
6596,영등포구,192395.705641803,546591.945934389,1,0,1.0,1,2,0,388.9741073757551,0,0,0,1,2584.1290322580644,4,3.6452913499575126
6597,양천구,186348.85036454257,546502.3048040346,7,2,0.5714285714285714,1,2,0,482.6397515859673,0,0,0,0,0.0,6,9.367223457568828
6598,양천구,185935.26208587867,547068.0708115776,3,2,0.0,0,1,0,254.40808540292767,0,0,0,0,3796.967741935484,7,1.3862548756193445
6599,양천구,185297.702913774,545791.730151542,1,2,0.0,0,1,0,1439.6015419434214,0,0,0,1,2132.4193548387098,10,7.694443465072502
6602,성북구,201856.0623309773,556509.916322562,3,2,0.6666666666666666,0,1,0,554.614614402322,0,0,0,1,1702.258064516129,8,5.10349706154892
6604,성북구,201049.04457811,554364.0248700386,3,2,0.3333333333333333,1,2,0,221.8457527764901,0,0,0,1,600.0645161290322,8,12.673706997663825
6611,노원구,205251.11080921,563366.52485388,1,0,1.0,1,2,0,849.5001233063097,0,0,0,2,1294.967741935484,8,9.414571176218027
6612,중랑구,209378.43028026295,557883.3899268376,3,2,0.6666666666666666,1,2,0,898.5637069108622,0,0,0,1,671.5483870967741,2,6.300123600479353
6619,영등포구,190131.9575434205,546738.7510797661,2,2,0.5,1,2,0,1124.471628417787,0,0,0,2,1921.6451612903224,9,0.7084670959448314
6621,양천구,185403.568372283,545991.858864917,1,2,0.0,0,1,0,1216.3813518234888,0,0,0,2,3141.451612903226,11,6.010555114004994
6622,강서구,185917.2849990525,550557.8941263745,2,2,0.5,1,2,0,772.4441769436671,0,0,0,6,1121.1935483870966,2,4.225396086607847
6623,양천구,186674.270660744,547495.974371147,2,2,0.0,0,1,0,268.4182350198998,0,0,0,0,0.0,5,7.109645248771794
6624,양천구,185576.36061936835,546621.2207139743,3,2,0.3333333333333333,1,1,0,666.3439330309267,0,0,0,2,4895.709677419355,7,8.247167589875074
6627,구로구,187286.7943454585,543670.040762567,2,2,0.0,0,2,0,118.15732720449672,0,0,1,1,11732.032258064515,7,2.942763720641096
6628,양천구,185516.517569161,545774.265351563,1,2,0.0,0,1,0,1335.7803764084422,0,0,0,3,1706.5483870967741,11,1.8485468771003373
6629,동작구,195682.09428781376,546123.9082820235,4,2,0.25,0,1,0,698.2849967184654,0,0,0,0,1956.4193548387098,6,1.0067770632647772
6630,동작구,195749.8987013525,546047.5375774115,4,2,0.5,0,2,0,750.304246537556,0,0,0,1,6490.612903225807,7,1.446807566672031
6631,관악구,193960.4535691005,540429.2214326705,2,2,0.5,1,1,0,1642.971417391992,0,0,0,2,1247.1612903225805,5,19.125038169037413
6632,양천구,186446.1257095175,546656.8235304855,2,2,0.0,0,2,0,407.8025836327287,0,0,0,0,0.0,4,5.314980862865936
6634,중구,198124.837099569,550482.5845974301,3,2,0.3333333333333333,1,2,0,506.3870682464911,0,0,0,0,0.0,11,34.14729357664541
6635,영등포구,191180.354905236,548366.993218108,3,2,0.3333333333333333,1,2,0,867.1597901553873,0,0,0,3,15833.90322580645,7,1.2017503125254425
6636,영등포구,191101.43457024,546483.857791225,1,1,1.0,0,2,0,432.33759854773,0,0,0,1,837.5161290322582,10,2.960594732333751e-15
6637,구로구,185906.0753020615,544020.74322542,2,2,0.5,1,2,0,59.499361274144285,0,1,1,3,6180.903225806451,6,7.343321304540431
6639,구로구,185620.058298389,543358.726442456,1,1,1.0,0,2,0,578.5691386864135,0,0,0,2,771.4193548387098,5,5.000750369060316
6640,구로구,186214.202992044,543802.1427915284,3,2,0.3333333333333333,1,2,0,167.6943488222322,0,0,1,2,398.3225806451613,4,0.1398176254966957
6641,구로구,190372.90175403148,543048.073036368,2,2,0.5,1,2,0,287.0256960425678,0,0,0,4,1332.9032258064517,10,2.0586915505049643
6642,구로구,189762.0420658268,545419.3358092657,4,2,0.25,0,2,0,896.7042700063049,0,0,0,0,1787.8387096774195,10,0.4038708756818051
6643,구로구,185583.93181394067,542511.3570627933,3,2,0.6666666666666666,0,1,0,1275.2121728041468,0,0,0,0,1912.225806451613,2,7.048374277091725
6644,구로구,186008.911456956,542218.128875364,3,2,0.3333333333333333,1,2,0,1460.6307575823073,0,0,0,1,1921.9354838709678,5,3.214445494779117
6645,구로구,189703.48425424504,544185.9208217774,3,1,1.0,0,2,0,330.34577469866514,0,0,0,2,2933.1935483870966,9,5.921189464667502e-15
6647,도봉구,203900.37784490935,563701.4925589814,5,2,0.6,1,2,0,263.804377443676,0,0,0,2,2679.0,7,0.7128235019766885
6648,서대문구,194263.068722744,554676.5053417,1,2,0.0,0,1,0,545.5457957774308,0,0,0,3,1520.0322580645159,2,14.591166331857153
6650,서대문구,197007.007396608,551451.095280278,1,2,0.0,0,1,0,371.6387787420808,0,0,0,0,1089.967741935484,8,4.363157294073403
6651,서대문구,192618.014906579,552907.690516792,1,2,0.0,0,1,0,703.6310456871489,0,0,0,2,4222.612903225806,7,12.827396047116164
6653,서대문구,196442.0231803203,552347.241804133,3,2,0.3333333333333333,0,2,0,774.1512398635363,0,0,0,6,5872.580645161291,6,14.65911103645188
6654,서대문구,192306.6125321505,553097.172836026,2,2,0.0,0,1,0,740.4292199984194,0,0,0,0,2538.9032258064517,6,7.129957712250507
6655,서대문구,193584.861387818,551718.445145019,1,0,1.0,1,2,0,511.0423031250632,0,0,0,0,0.0,6,4.128163016642592
6658,서대문구,196927.338039157,551646.948873336,1,2,0.0,0,1,0,208.70871814569148,0,0,0,4,6155.645161290322,8,7.545952346838665
6661,서대문구,196107.482461001,551293.129909409,1,0,1.0,1,2,0,757.0574036487415,0,0,0,2,2520.6774193548385,7,5.6312803559585705
6662,서대문구,196168.771838767,551101.731692938,1,0,1.0,1,2,0,675.2205989163031,0,0,0,2,5270.096774193548,11,4.445571402439891
6663,서대문구,195217.1396427793,550874.6864512884,3,2,0.0,0,1,0,179.2092014440908,0,0,1,3,13700.41935483871,9,8.090772335799366
6665,서대문구,196806.93610322505,551660.826555865,4,2,0.0,0,1,0,275.0364580862124,0,0,0,5,2225.9032258064517,10,8.547071786770482
6666,서대문구,196703.603816996,551681.425383885,1,2,0.0,0,2,0,351.981852691312,0,0,0,1,1090.6451612903224,6,19.41165542469829
6667,서대문구,196607.9792587375,551610.1562136975,2,2,0.0,0,2,0,469.5701927860198,0,0,0,2,800.483870967742,4,19.869931101187102
6668,서대문구,196654.944644191,551508.657065891,1,2,0.0,0,1,0,434.6353746714501,0,0,0,2,800.483870967742,5,11.646644783094803
6669,서대문구,194606.716706105,553808.616556599,1,0,1.0,1,2,0,691.924671954389,0,0,0,1,3014.193548387097,2,13.847085473183268
6670,서대문구,195528.53840821065,554037.3072389363,3,2,0.0,0,2,0,415.66126273883975,0,0,0,3,5449.25806451613,5,10.305797949894876
6671,서대문구,195599.44323923867,554072.5462269831,3,2,0.0,0,2,0,463.313180841704,0,0,0,4,242.19354838709677,4,11.859073554336774
6674,서대문구,195369.3709480053,554952.3044961253,3,2,0.3333333333333333,0,2,0,201.74552786849105,0,0,0,4,4898.709677419355,9,5.730035521233626
6675,서대문구,194557.3807385285,554413.327060919,2,2,0.0,0,1,0,311.5547307955384,0,0,0,2,3358.0967741935483,4,12.245366911907016
6677,서대문구,195212.12555294152,550948.2195734582,4,2,0.0,0,2,0,208.56546302796167,0,0,0,0,11394.387096774193,7,8.718442297907375
6678,서대문구,196668.640984404,551903.94102267,1,2,0.0,0,1,0,359.4194408398416,0,0,0,0,424.9677419354839,6,7.769183870682935
6679,서대문구,196783.806486566,551931.6158466167,3,2,0.0,0,1,0,256.78398101145586,0,0,0,2,3657.4193548387093,7,9.125668495584188
6681,종로구,196487.664295307,552562.857487544,1,2,0.0,0,2,0,903.659707705561,0,0,0,1,7582.258064516129,7,4.473775837605913
6682,서대문구,195816.7010007875,553336.994153698,2,2,0.0,0,1,0,1118.1361978936563,0,0,0,0,1582.9354838709678,2,22.05049293132918
6684,서대문구,195479.543370242,555111.715330865,3,2,0.3333333333333333,1,2,0,393.28741505919,0,0,0,5,5388.1935483870975,9,1.1031434168197525
6685,서대문구,195269.19012602372,555182.3068852925,4,2,0.0,0,2,0,417.0901039883275,0,0,0,2,2072.3870967741937,9,8.333333333333332
6686,서대문구,192512.62824522,553479.179808824,3,2,0.3333333333333333,1,2,0,413.1909967060231,0,0,0,3,2483.1935483870966,7,8.922034413569703
6687,양천구,189114.716550471,548263.193424885,1,0,1.0,1,2,0,1072.101284521718,0,0,0,0,5358.290322580645,14,2.1241690925666776
6688,양천구,187829.347875224,546821.5113722755,2,1,1.0,0,2,0,528.2369531429068,0,0,0,2,1783.0,9,0.3680079418725561
6689,강서구,183323.406859608,551665.422780696,1,0,1.0,1,2,0,136.52946724483107,0,0,1,2,1285.1935483870968,6,1.7808546789718025
6690,강서구,184139.1700560145,552730.1703158771,2,2,0.5,0,2,0,1205.4336508475817,0,0,0,0,1851.0,7,1.0362018863629914
6691,양천구,187534.322394697,545654.988824139,1,0,1.0,1,2,0,388.298346396099,0,0,0,3,1275.6451612903224,5,4.122874431445205
6693,송파구,208479.32995441268,545260.379996962,3,2,0.3333333333333333,1,2,0,562.9669381151749,0,0,0,0,838.8709677419355,6,0.2125292943359458
6695,종로구,197330.775299172,554596.402779416,1,0,1.0,1,2,0,2045.4998534198155,0,0,0,0,0.0,2,19.32430386595537
6697,영등포구,190991.9172173713,546406.3328672722,4,2,0.5,0,2,0,482.56047228024175,0,0,0,2,772.6129032258065,11,0.3045066363896224
6698,강서구,187912.04110149236,550702.7683011229,3,2,0.3333333333333333,1,1,0,845.3980754643322,0,0,0,2,1748.8387096774195,4,1.036392791724478
6699,강서구,186785.493925158,551213.766558676,2,2,0.5,1,1,0,387.12651878012406,0,0,0,2,405.9032258064516,5,0.2505858216015315
6700,양천구,188380.39994479067,547171.7593342364,3,0,1.0,1,1,0,568.4924780718642,0,0,0,0,4644.774193548387,9,0.7790334748405566
6701,양천구,188909.372365194,548504.760576798,1,0,1.0,1,2,0,882.3208351332879,0,0,0,0,1198.9032258064517,9,1.4602549003192689
6702,양천구,188492.89305517267,548291.4181533377,3,2,0.3333333333333333,1,2,0,449.83724581843,0,0,0,2,2714.548387096774,7,8.154700473198533
6703,양천구,187416.76607692867,547313.988113833,3,2,0.3333333333333333,1,2,0,88.79726550266501,0,1,1,0,0.0,10,6.313491687084744
6704,양천구,189500.59682695032,548676.2094443013,3,1,1.0,1,2,0,1170.6663698425111,0,0,0,1,8012.41935483871,11,0.0833840614713595
6705,강서구,185202.5927440825,549890.5073193555,2,2,0.5,1,2,0,271.28799343789444,0,0,0,3,791.0322580645161,4,3.4793534710792904
6707,영등포구,191559.93668607777,545624.9061840012,4,1,1.0,0,2,0,591.3393897686102,0,0,0,1,1239.8709677419356,4,2.4601135039711277
6709,양천구,187746.546903306,546772.3434017333,3,2,0.3333333333333333,0,2,0,570.05640775762,0,0,0,2,1296.7741935483873,8,0.3560583146470808
6710,양천구,188305.997079532,546000.9459672635,2,0,1.0,1,2,0,1003.091180423933,0,0,0,1,1488.8064516129032,7,0.0963213012091005
6711,송파구,208169.195274248,545909.645780973,1,2,0.0,0,1,0,647.3951107461937,0,0,0,0,5250.41935483871,4,0.5393134906884948
6712,송파구,211291.407276349,541260.927217784,1,0,1.0,1,1,0,2523.7476759188457,0,0,0,5,6234.064516129032,4,0.9936610109226448
6713,은평구,192491.373960593,560550.771319181,1,0,1.0,1,1,0,2304.789119796071,0,0,0,0,1225.4516129032259,1,4.735177895446116
6715,강남구,204565.000547344,546311.509468457,4,2,0.25,1,2,0,811.0860753811853,0,0,0,1,2934.967741935484,1,4.889231729189909
6716,서초구,203149.887180802,540412.798504279,2,2,0.5,1,1,0,2119.1619983559794,0,0,0,2,1285.0,4,2.157258400423624
6717,송파구,209222.78939373,546711.9057053794,5,2,0.2,1,2,0,653.7922942454577,0,0,0,2,1541.3870967741934,7,1.7973367512351914
6718,강동구,214752.80974478333,549441.6424788133,3,1,1.0,0,2,0,2045.2177176111293,0,0,0,0,0.0,4,4.043717039759501
6719,구로구,190724.81322266263,543600.8879398556,3,1,1.0,1,2,0,305.38307798872034,0,0,0,0,6521.387096774193,6,13.033372951259723
6720,서초구,199603.233880332,542840.434940408,1,2,0.0,0,1,0,1233.1448284171154,0,0,0,1,4165.225806451613,5,2.26636102295533
6722,강남구,201681.551543847,547013.4489845099,3,2,0.0,0,2,0,673.8515872653072,0,0,0,0,3460.6774193548385,7,1.5863563412668715
6723,영등포구,191095.022979234,545752.3036545485,2,2,0.5,1,1,0,559.6965790909879,0,0,0,3,1201.9032258064515,6,2.6228349103384176
6724,영등포구,192255.142083508,548279.189006372,1,0,1.0,1,2,0,1525.055177349778,0,0,0,0,0.0,5,9.393987181168685
6725,영등포구,190137.48381270625,547316.3909961658,4,2,0.5,1,2,0,815.1636706688007,0,0,0,2,959.9354838709677,7,0.1713736087496246
6726,영등포구,189794.0823787956,546587.831251097,5,2,0.4,1,2,0,1475.331123060561,0,0,0,2,1989.2903225806451,8,0.1714511918079756
6727,강서구,186159.629322625,549778.0127599749,2,2,0.5,1,1,0,474.22580076561024,0,0,0,2,1309.7741935483868,3,16.666666666666664
6728,영등포구,189769.90406776,546360.067099122,1,2,0.0,0,2,0,1648.3409745013091,0,0,0,2,1333.6129032258066,5,0.6747970866245204
6730,구로구,185817.081794605,543125.2646837774,3,0,1.0,1,1,0,620.733318034531,0,0,0,1,5356.41935483871,5,5.767675114240571
6731,구로구,185825.103853199,543179.9427717095,2,0,1.0,1,1,0,568.8324721429797,0,0,0,1,1821.1612903225805,6,11.088820742004502
6732,구로구,186127.694772085,542593.559403087,1,0,1.0,1,2,0,1082.3522184459412,0,0,0,1,638.6451612903226,4,6.079734307540878
6733,구로구,186064.2156928445,542755.5498601065,4,2,0.75,1,2,0,920.9687602154904,0,0,0,0,774.8387096774194,2,8.552241890726707
6734,구로구,186514.540074365,542558.456351287,1,2,0.0,0,1,0,1190.2061027224347,0,0,0,2,131.58064516129033,1,3.0063304681037755
6735,구로구,191194.10522628948,542621.889977874,2,2,0.5,1,2,0,26.797421122672773,1,1,1,3,16156.032258064515,8,0.3687471048699109
6736,양천구,186274.3523110475,546665.457219444,4,0,1.0,1,2,0,303.356115325873,0,0,0,2,2819.548387096774,6,2.135539464716049
6738,양천구,189812.287593143,548814.5669241725,2,2,0.5,1,2,0,1259.277305645633,0,0,0,0,304.8387096774194,11,0.8941163996147179
6739,양천구,188271.6189815035,546381.0682177555,2,2,0.5,1,2,0,1071.5439249377712,0,0,0,1,3413.8709677419356,11,3.73651026263155
6741,양천구,185505.3312205915,547618.5694849695,2,2,0.0,0,1,0,280.6368817336194,0,0,0,0,0.0,3,1.9879742619145533
6742,양천구,188629.839130254,546360.167878213,1,2,0.0,0,2,0,1274.1129263423666,0,0,0,2,2431.8709677419356,8,1.547288128929288
6743,양천구,186044.223038095,547359.439401574,1,2,0.0,0,1,0,429.1377268444798,0,0,0,0,0.0,4,0.8341863362810434
6744,양천구,185737.9819163896,545914.4907901486,5,2,0.0,0,2,0,1113.6405327913656,0,0,0,0,181.83870967741936,10,4.257020309418564
6745,양천구,187894.2680326255,546783.7044373171,2,2,0.5,0,2,0,579.2074096384421,0,0,0,1,953.0,7,0.43842118078769
6746,양천구,188441.928846537,548586.59770776,1,2,0.0,0,1,0,473.2747869242214,0,0,0,0,985.9032258064516,8,12.28507024031782
6747,양천구,186223.976431812,547012.445049952,1,1,1.0,0,2,0,93.57802600292152,0,1,1,0,4186.741935483871,8,1.7159463305226317
6748,양천구,189459.569993599,548477.8032516489,3,0,1.0,1,2,0,1326.604296692145,0,0,0,1,3504.7419354838707,12,0.2835774882247429
6750,양천구,188594.7465793177,547454.8571455927,3,2,0.6666666666666666,1,2,0,752.4820353500248,0,0,0,0,0.0,11,0.1894091488308191
6754,양천구,187266.078459689,545982.167917388,2,2,0.0,0,1,0,579.7004994975337,0,0,0,1,4851.1612903225805,5,3.0264129135486093
6755,양천구,187696.7200663325,547689.9059529115,2,2,0.0,0,2,0,336.0431344818343,0,0,0,0,0.0,6,0.4686423174970855
6757,구로구,190934.2778448895,543092.968224248,4,2,0.75,1,2,0,501.9072531511998,0,0,0,1,603.6129032258065,9,16.67737629084899
6758,동작구,197102.0041673475,542747.1603645046,2,2,0.5,0,2,0,221.25410505938788,0,0,0,2,1434.1935483870968,5,12.484444170582751
6762,서초구,199789.951141005,545867.351939653,1,0,1.0,1,2,0,875.8084079245899,0,0,0,2,1729.3225806451612,2,11.854875944856534
6764,서초구,201719.132574606,544823.3716574365,2,2,0.5,1,1,0,548.4450439396732,0,0,0,2,1724.4193548387098,11,3.1527320393693348
6765,서초구,202256.4144645013,540613.1240927707,4,0,1.0,1,2,0,2145.9382165201614,0,0,0,2,3619.2258064516127,5,1.5232451594758818
6767,강남구,205125.988983912,545670.83245356,1,0,1.0,1,2,0,698.0998359911838,0,0,0,0,0.0,4,0.671086526613287
6768,강남구,201484.496270199,547110.559827081,1,1,1.0,0,1,0,807.352319893582,0,0,0,0,1418.9354838709678,8,4.567086387791595
6769,양천구,189572.03441202,548030.380809786,1,2,0.0,0,1,0,1436.0849859031273,0,0,0,0,0.0,4,1.25015443836217
6770,양천구,189230.7987309955,547192.4829289624,2,2,0.0,0,1,0,1395.923123535125,0,0,0,0,6099.838709677419,5,7.50387535997725
6771,양천구,187928.3251808,545970.17758218,1,0,1.0,1,2,0,763.074359224082,0,0,0,2,1316.483870967742,6,0.3841786397555176
6772,양천구,187624.577882541,545822.413990972,1,1,1.0,0,2,0,547.5991044804058,0,0,0,1,591.483870967742,4,1.8091912912897503
6773,강동구,210787.135863245,547878.424024429,1,0,1.0,1,2,0,918.115702381566,0,0,0,2,3303.9032258064517,8,1.548955563426304
6774,강동구,210948.340086424,547776.0392008945,2,1,1.0,1,2,0,921.898912316252,0,0,0,0,2468.7096774193546,6,1.227098217790313
6775,강동구,213855.228074015,551123.630791805,1,0,1.0,1,2,0,1548.675636050503,0,0,0,2,1020.3225806451612,5,4.303590403532667
6776,양천구,185259.7577887715,548780.2824290725,4,2,0.0,0,1,0,512.0746561942509,0,0,0,0,0.0,5,2.3260119295156123
6778,강동구,210640.152164282,549231.192979405,1,0,1.0,1,1,0,465.9686162397901,0,0,0,0,0.0,5,1.8316166356610293
6779,서초구,204806.171973112,540038.622036691,1,0,1.0,1,1,0,2954.4230248699146,0,0,0,1,3.967741935483871,1,11.984199476473036
6780,양천구,189004.13769707235,548205.1756178109,3,2,0.3333333333333333,1,2,0,967.4825035545869,0,0,0,0,5652.1612903225805,12,0.1001462424899468
6781,서대문구,191810.136046851,552879.1327517565,2,2,0.5,1,2,0,555.0695561417948,0,0,0,2,3915.6774193548385,5,10.899434054357217
6782,성동구,205282.793446029,548432.120118106,1,1,1.0,0,1,0,835.4698055638221,0,0,0,0,6444.1612903225805,2,4.26460969018718
6783,강북구,201730.95623682695,557801.020959396,3,2,0.6666666666666666,1,2,0,121.92812154846575,0,0,1,1,3199.1935483870966,6,3.714169876621251
6784,강북구,202553.45846422968,557440.9956704463,3,2,0.3333333333333333,1,2,0,74.41076979587523,0,1,1,2,4396.935483870967,11,0.0952190679584201
6785,도봉구,203724.922695678,565298.838501994,3,2,0.6666666666666666,0,2,0,1491.222584697495,0,0,0,0,2436.7096774193546,3,3.3741950951984734
6787,강서구,185414.723605267,552532.863366054,1,2,0.0,0,1,0,2154.041664080196,0,0,0,0,0.0,0,0.3329369492103007
6790,성북구,203808.49385002,557609.724332382,1,1,1.0,0,2,0,475.4393619395741,0,0,0,2,1644.258064516129,2,3.766391495891419
6791,중랑구,209447.7225073925,557758.3731582116,2,0,1.0,1,2,0,841.834953504388,0,0,0,2,794.1290322580645,3,8.363842253865528
6792,중랑구,209621.477815236,557527.562803519,4,0,1.0,1,2,0,836.2006848741969,0,0,0,2,2356.1290322580644,2,4.005082072695672
6793,금천구,189995.7538803345,540983.8858853334,2,2,0.5,1,2,0,877.3375836817596,0,0,0,2,377.5806451612903,8,0.4851042894326133
6794,중랑구,209381.5703290693,557301.2178231977,3,0,1.0,1,2,0,525.0133832232568,0,0,0,2,1194.8387096774195,1,1.449827760459428
6795,중랑구,209761.62538579924,557471.8420543808,4,2,0.5,1,2,0,940.5499417055356,0,0,0,2,1786.2903225806451,2,4.637651663111508
6796,중랑구,209917.29136344272,557394.2258503777,4,2,0.5,1,2,0,1065.5643986219452,0,0,0,2,2377.387096774193,2,9.606699137999945
6799,양천구,187794.0076677465,547619.5516024395,2,2,0.5,1,2,0,236.7082493297336,0,0,0,0,3232.5806451612902,9,0.4532452699960284
6800,영등포구,190179.726553024,547495.50029621,1,2,0.0,0,1,0,743.1318525953982,0,0,0,0,620.7741935483871,7,2.704191633872129
6801,금천구,191536.35198667948,540320.5498527971,2,2,0.5,1,2,0,53.25868694114202,0,1,1,4,4686.741935483871,4,8.819346776588416
6802,강서구,185677.0919198625,549057.23238742,2,2,0.5,1,2,0,218.89245552448185,0,0,0,4,6321.064516129033,5,2.045987112317152
6803,양천구,185395.2641059825,546791.940194345,2,2,0.5,1,2,0,778.4181915530669,0,0,0,1,4896.354838709677,7,7.0496071245165295
6804,강서구,185568.839823073,548136.025173611,2,2,0.5,0,2,0,330.6130167436364,0,0,0,0,1134.967741935484,8,0.9401514232748612
6805,강서구,184093.65494365268,552947.6806787824,3,0,1.0,1,2,0,1359.3211462586416,0,0,0,1,35.516129032258064,6,6.725007934008081
6806,동대문구,206455.924691117,553309.431033835,1,2,0.0,0,1,0,794.8145483585583,0,0,0,2,3011.064516129032,5,0.345408390470574
6807,구로구,188400.89391480573,544459.4732642979,4,2,0.25,1,1,0,1110.0261607009816,0,0,0,1,9903.516129032258,2,6.687393615087505
6808,영등포구,191441.587372293,547507.2224087495,2,2,0.5,1,2,0,521.0153097574099,0,0,0,1,595.6129032258065,8,0.1989527685226703
6809,은평구,192510.421503953,555313.3317194364,2,2,0.5,1,2,0,167.13449333405524,0,0,1,4,9174.09677419355,6,2.241390262335005
6810,양천구,188228.993934827,548511.057437483,1,2,0.0,0,2,0,258.82335351409927,0,0,0,0,0.0,3,0.8128054290963298
6812,성북구,201196.2276725015,556878.1806693765,2,2,0.5,0,1,0,520.1107991564935,0,0,0,2,3154.290322580645,4,14.937889444480753
6813,중구,200817.9429808305,551656.1793268085,2,2,0.5,1,2,0,580.1155045086045,0,0,0,3,8499.258064516129,6,4.084894242674266
6814,중구,200809.19593946752,550794.417445046,2,2,0.5,1,2,0,233.8288970926416,0,0,0,2,3645.8387096774195,4,6.457092076392357
6816,종로구,197763.514295228,552534.5765109777,3,2,0.0,0,2,0,338.3183295784709,0,0,0,0,0.0,8,2.1760505181810608
6817,종로구,198099.04208220931,552456.5749209176,3,2,0.0,0,1,0,242.41533488959308,0,0,0,0,14237.032258064515,10,1.0397095141830803
6818,종로구,198203.05734821295,553171.6787971155,2,2,0.5,0,2,0,901.0310940420106,0,0,0,0,1865.3225806451612,3,6.029959987563878
6819,강북구,202421.515272829,558175.802256253,1,0,1.0,1,2,0,259.16460659760776,0,0,0,0,10147.709677419356,10,5.810157556200188
6820,강북구,201642.148100363,558261.2995295994,3,2,0.3333333333333333,0,2,0,69.84594191664657,0,1,1,3,6065.548387096775,3,5.316266363868169
6821,성북구,202126.984063669,555529.184045278,1,2,0.0,0,1,0,379.5121796566255,0,0,0,0,0.0,5,11.525678627894427
6822,노원구,206402.806889424,559237.7810246916,3,0,1.0,1,2,0,1606.6526592559148,0,0,0,2,238.38709677419354,6,5.892090465688972
6823,성북구,202028.174656259,555584.0028902921,2,2,0.0,0,1,0,273.18800749984246,0,0,0,0,6171.903225806452,7,14.669158352357362
6824,노원구,207129.814102345,563018.935620061,1,2,0.0,0,2,0,419.7429065435316,0,0,0,0,706.3870967741935,6,10.24031895522492
6825,노원구,206260.6733200615,559790.8741895824,2,2,0.0,0,1,0,1961.4112672615784,0,0,0,3,6305.387096774193,8,4.232924141724546
6826,노원구,206488.1806738185,561425.5145247835,2,2,0.5,1,2,0,814.3117427168272,0,0,0,1,502.41935483870964,7,5.993478896179336
6827,성북구,200656.681749106,555477.1211165,1,0,1.0,1,1,0,1012.0342311135528,0,0,0,3,1752.645161290323,1,25.04957794449162
6829,마포구,190433.625193633,553313.553844919,1,0,1.0,1,2,0,1203.2163418827934,0,0,0,2,6451.8064516129025,7,0.5588284651157949
6830,마포구,190419.78748609332,553554.6728096507,3,2,0.3333333333333333,1,2,0,1212.4115555279586,0,0,0,2,1300.1935483870968,7,1.088680284415906
6832,성북구,203377.871039766,556559.018784591,2,2,0.5,1,2,0,507.969371222793,0,0,0,0,73.35483870967742,6,14.344562003226274
6833,양천구,186997.353331344,546754.054453078,1,0,1.0,1,2,0,146.24420198301146,0,0,1,2,7114.58064516129,4,3.979958596265527
6834,중구,201020.53421138032,550765.0113382064,3,2,0.3333333333333333,1,2,0,188.47299425644644,0,0,1,2,4998.774193548386,6,0.5565395464896857
6835,중구,199329.0287442785,551289.9657456479,2,2,0.5,1,2,0,962.612764080188,0,0,0,3,4287.74193548387,4,2.6102599829059634
6836,양천구,188464.61287956,546856.8108717005,2,2,0.5,1,2,0,800.5003593295671,0,0,0,0,1834.032258064516,12,0.1714982507028839
6837,양천구,188233.136212984,546457.923828229,1,2,0.0,0,2,0,985.7346071462036,0,0,0,1,3413.8709677419356,11,2.1784178521745785
6839,영등포구,193484.598463718,546430.950268492,2,2,0.5,0,2,0,990.2220348747468,0,0,0,0,8201.870967741936,4,6.20078186373469
6840,양천구,189336.85658731,549716.780750202,1,0,1.0,1,2,0,430.1798988602529,0,0,0,0,0.0,6,2.478263983842055
6841,양천구,189051.134435913,547002.763999996,1,0,1.0,1,2,0,1258.6732912682626,0,0,0,0,4808.451612903226,5,0.4479486626328451
6842,은평구,193274.9434770014,559397.3642420445,5,1,1.0,1,2,1,1189.4435793622354,0,0,0,2,698.0967741935484,3,0.4137005980805242
6843,성북구,203222.250027059,556425.439953456,1,0,1.0,1,2,0,559.8586212772266,0,0,0,2,2696.1290322580644,8,15.279441787679117
6844,마포구,195264.9224509128,550117.1138118306,5,2,0.8,1,1,0,584.7543433613538,0,0,0,0,79.48387096774194,4,2.397709214290765
6845,서대문구,193070.3985239145,552847.2607952798,4,2,0.5,0,2,0,987.3795420709416,0,0,0,2,1531.935483870968,12,0.2590597920084055
6847,도봉구,201414.05899320636,561661.9022400657,3,2,0.3333333333333333,0,2,0,1171.46683688528,0,0,0,2,1130.3548387096773,5,1.9925032175993824
6848,도봉구,203738.958030955,562670.4336297296,2,2,0.0,0,1,0,129.00208705338162,0,0,1,0,3412.9999999999995,6,0.0171357769848867
6849,도봉구,203566.8344282405,565276.8366291975,2,2,0.0,0,2,0,1596.1131230119636,0,0,0,2,1147.9354838709678,2,1.5627452977847394
6851,노원구,206790.4181053335,562222.7357220061,2,2,0.0,0,1,0,267.56711065760976,0,0,0,0,0.0,5,2.335909343243756
6852,노원구,204282.415250108,558721.527166184,1,2,0.0,0,1,0,666.5013849351084,0,0,0,1,2844.5806451612902,5,3.0925641353506466
6853,노원구,205049.138134893,560652.1149637295,2,2,0.0,1,2,0,958.7464271080936,0,0,0,0,0.0,6,2.6294025816362185
6854,노원구,204815.6623634736,557845.954707662,5,1,1.0,0,2,1,1075.428435198223,0,0,0,2,3297.7096774193546,5,5.690965331295039
6855,노원구,204644.889666727,558053.062962824,1,2,0.0,0,1,0,1246.6185612236382,0,0,0,2,565.258064516129,3,6.473522148482568
6856,성북구,200939.605559918,554234.9202834085,2,2,0.0,0,1,0,172.86047450373098,0,0,1,3,1296.3870967741934,11,3.1331128237069925
6857,중구,196770.4248358365,551091.7620406115,2,2,0.5,0,2,0,77.67503019634111,0,1,1,5,12451.612903225805,5,4.241901153487978
6859,송파구,210477.645389976,545292.3714955177,3,2,0.3333333333333333,0,2,0,750.2158916539304,0,0,0,0,1994.4193548387098,4,4.731976671121387
6861,마포구,195886.6680804468,550572.6121368144,5,1,1.0,1,2,1,872.4437751829165,0,0,0,0,0.0,5,25.192828300261688
6862,은평구,193815.9760369688,559467.0117090828,4,2,0.0,0,2,0,1517.570834190978,0,0,0,2,1750.5806451612902,6,6.515705124062758
6863,은평구,193051.4301211855,559454.1377540345,2,2,0.5,1,2,0,1189.7392050391418,0,0,0,0,1538.3870967741937,6,10.906153741224928
6864,서대문구,195759.712285651,550849.3771447758,6,2,0.6666666666666666,1,2,0,714.5283239477319,0,0,0,4,6260.8064516129025,6,5.421803537642968
6865,서대문구,196046.2343875695,550872.1176267645,4,2,0.5,1,2,0,834.3873198949036,0,0,0,3,14772.74193548387,15,4.813826882659575
6866,노원구,205148.421633433,557823.0350158337,3,2,0.6666666666666666,1,2,0,797.6683103371272,0,0,0,2,1739.5483870967741,5,2.4578495796253343
6867,은평구,191559.57388115823,555671.5187974134,4,2,0.5,1,2,0,762.5920210134641,0,0,0,2,590.6774193548387,1,15.93816136808834
6868,서대문구,192469.06709204923,552540.9469372417,4,0,1.0,1,2,0,322.6266262238134,0,0,0,0,1422.258064516129,6,0.2812382794227611
6869,서대문구,192592.711071341,552676.497091124,1,0,1.0,1,2,0,505.91744498719726,0,0,0,2,6780.612903225807,10,1.0357514687712133
6870,노원구,207030.0819445915,558513.5348961104,2,2,0.5,1,2,0,813.5306510712679,0,0,0,2,3199.354838709677,8,2.413274316356985
6871,노원구,204519.8197111464,558546.1339251696,5,1,1.0,1,2,1,959.7613913192828,0,0,0,3,6582.290322580646,5,1.107374137702782
6872,종로구,198176.3731577597,552418.1091421089,3,2,0.0,0,1,0,269.4893335694471,0,0,0,0,17025.32258064516,11,0.1452422850292597
6873,마포구,195952.774494547,549222.457358918,1,0,1.0,1,2,0,401.9929455736572,0,0,0,1,6142.645161290323,11,2.7537769511577537
6874,마포구,195220.232280412,550634.114081436,1,0,1.0,1,2,0,256.83739073391695,0,0,0,3,5017.322580645161,11,7.6312878216277245
6875,은평구,193815.4257816672,559398.2867430493,5,1,1.0,1,2,1,1463.985571465341,0,0,0,2,3120.193548387097,6,2.3238023005562285
6876,강서구,184032.243190489,551756.0566958929,2,0,1.0,1,2,0,636.5462261814558,0,0,0,0,0.0,6,0.3405768305528293
6877,강서구,184141.7022812788,551610.4843486353,6,2,0.8333333333333334,1,2,1,764.7567747095757,0,0,0,0,0.25806451612903225,4,0.0
6878,강서구,184171.3224994858,551454.5985260435,5,1,1.0,1,2,1,841.03405402547,0,0,0,3,49.16129032258065,4,8.171229791888338
6879,강서구,184158.3523424794,551350.7467583243,5,1,1.0,1,2,1,875.1950038389485,0,0,0,2,61.83870967741935,5,0.5884662109557611
6880,강서구,184464.13226989,551419.4878654236,4,0,1.0,1,2,0,1127.4578462710597,0,0,0,0,0.0,6,1.1800070073160909
6881,강서구,184723.8288233392,551373.6467489026,5,2,0.8,1,2,0,1388.714785177773,0,0,0,1,1993.5806451612902,8,0.0433915642293018
6882,강서구,184878.2031751672,552585.7010440332,5,2,0.6,1,2,0,1686.4238347883008,0,0,0,1,649.1935483870967,4,0.3164106165849242
6883,강서구,184849.304406836,552358.225892471,1,0,1.0,1,2,0,1563.5924489190295,0,0,0,2,275.58064516129036,4,2.366061702169837
6884,강서구,184815.249953822,552087.3515744109,4,0,1.0,1,2,0,1451.77090842219,0,0,0,0,2657.4193548387093,7,2.869396300782136
6885,강서구,184356.6321670333,551969.3570835138,3,0,1.0,1,2,0,978.7560144099402,0,0,0,2,749.8709677419355,4,1.1334661293077986
6886,금천구,190029.2932065565,542155.040520274,2,2,0.5,0,2,0,263.31250016810816,0,0,0,1,12681.41935483871,7,0.771241160151049
6888,금천구,190174.7348506185,541950.564029544,2,2,0.5,0,2,0,269.1903775840328,0,0,0,2,7664.354838709678,7,0.8255337071865416
6889,영등포구,192790.684750908,544378.850333008,1,0,1.0,1,2,0,683.0783482953348,0,0,0,1,7742.1612903225805,9,0.916004307172204
6890,금천구,189414.476069316,541927.409284773,1,2,0.0,0,1,0,834.2579154904272,0,0,0,2,5933.516129032258,6,1.033751569894849
6891,관악구,194844.525272012,542559.8282302185,2,0,1.0,1,2,0,192.4047773263932,0,0,1,3,12857.161290322581,6,1.8646174372266937
6892,관악구,195214.7090754973,543366.1983959359,4,2,0.5,1,2,0,854.4010963702017,0,0,0,3,2640.4193548387093,6,11.195047407184168
6893,강서구,183919.19933658236,551738.4382672304,3,2,0.6666666666666666,1,1,0,524.7398254261153,0,0,0,0,368.258064516129,8,1.0328448061264932
6894,강서구,184684.725576812,550962.570103907,4,0,1.0,1,2,0,1375.6466750111897,0,0,0,3,3930.0,3,0.2979934963772053
6895,강서구,184319.9794434177,551189.2624459526,3,1,1.0,1,2,0,1097.0321354997866,0,0,0,3,1513.258064516129,6,1.1799737273344402
6896,강서구,184770.25838696,551661.8297750592,3,0,1.0,1,2,0,1379.22761416763,0,0,0,1,2147.129032258064,4,5.878935450835762
6897,강서구,184025.4404976515,552000.1083781588,4,0,1.0,1,2,0,666.3331787362408,0,0,0,3,699.3870967741937,10,0.1955569499625565
6898,강서구,184536.7264879802,551943.0573147108,6,2,0.8333333333333334,1,2,1,1152.0073627505858,0,0,0,2,2555.612903225807,7,0.0
6899,관악구,192208.202499261,542964.901947776,1,1,1.0,0,2,0,822.6975140401621,0,0,0,1,11244.354838709676,12,5.976603414754322
6900,강서구,184143.08643714487,551212.0616064072,8,2,0.5,1,2,0,938.8742783276062,0,0,0,1,945.741935483871,7,1.0945117102640811
6902,강서구,184563.21567412277,552235.561902703,4,0,1.0,1,2,0,1252.4562776598052,0,0,0,1,188.93548387096774,5,2.960594732333751e-15
6903,관악구,195757.440586768,541148.39583787,1,0,1.0,1,2,0,1269.099293570732,0,0,0,2,1657.0967741935483,0,11.212992935216022
6904,강서구,184821.71748131,551996.601635772,1,2,0.0,0,1,0,1441.755147334603,0,0,0,2,2657.4193548387093,6,2.145806695440009
6905,강서구,183903.78563149867,551897.9899458747,3,0,1.0,1,1,0,520.9232542767121,0,0,0,1,1083.967741935484,9,1.5837098905298497
6906,강서구,184019.3576022986,551891.5005894598,5,1,1.0,1,2,1,632.9060125308063,0,0,0,0,696.516129032258,9,0.6438954361241637
6907,강서구,184035.48210905836,552089.2064000439,3,0,1.0,1,2,0,709.740744844174,0,0,0,1,703.0645161290323,9,1.932086516030524
6908,강서구,182698.266706893,552298.207866235,1,2,0.0,0,1,0,868.7090720011286,0,0,0,1,197.6451612903226,2,2.0489247694118737
6909,서초구,198765.425998086,543123.7048071497,3,2,0.6666666666666666,0,1,0,352.7023512774123,0,0,0,1,145.70967741935485,9,4.665104738136667
6910,강남구,202914.669657562,545518.6691576096,2,2,0.5,0,2,0,218.0317184153076,0,0,0,1,5163.096774193548,3,11.672464356302871
6911,동작구,196933.283867733,544996.284548001,1,1,1.0,0,2,0,439.7213571948012,0,0,0,2,130.29032258064518,3,17.722727252840663
6912,서초구,198750.21880011295,543982.1720040083,3,2,0.3333333333333333,0,2,0,872.4841846291291,0,0,0,2,460.64516129032256,7,0.2169103267850314
6913,서초구,203034.15960222905,541589.253158794,3,1,1.0,1,2,0,959.6292758527678,0,0,0,0,1389.4516129032259,7,8.558909505647373
6914,서초구,201336.29146135168,539772.6966900753,3,1,1.0,1,2,0,3339.707267851227,0,0,0,2,1968.5161290322585,1,4.961580314365974
6915,송파구,211085.60057746636,547316.6860454517,3,2,0.6666666666666666,0,2,0,1306.3555281217994,0,0,0,1,173.90322580645162,1,1.2228896736446782
6916,강남구,208455.592908713,540639.644248297,3,0,1.0,1,2,0,2525.7558891588506,0,0,0,2,484.9032258064516,3,7.45264422135308
6917,강남구,209465.36301060423,541551.1627115795,4,2,0.75,1,2,0,1597.1070606153337,0,0,0,0,1880.5806451612902,10,1.095222779480706
6918,강동구,212842.851936107,549037.475722204,1,1,1.0,0,2,0,170.26124955030437,0,0,1,0,1524.225806451613,6,0.6714395095885332
6919,강동구,211820.59270354905,548281.981358256,2,2,0.5,0,2,0,209.82796496061093,0,0,0,2,333.61290322580646,4,0.6741037429182839
6920,서초구,204715.44120845664,538937.4045560664,3,0,1.0,1,2,0,3892.3646700256168,0,0,0,1,874.3225806451612,5,7.747594914508511
6921,서초구,204969.445956322,538621.8534030933,3,0,1.0,1,2,0,4282.798747002057,0,0,0,1,267.6774193548387,8,5.994228955992185
6922,서초구,205015.5796854375,538551.6137212685,2,0,1.0,1,2,0,4365.77831865246,0,0,0,0,445.258064516129,7,6.9019108314331845
6923,강동구,214351.1549746525,551485.025749794,2,2,0.5,1,2,0,2158.8529597873026,0,0,0,0,240.32258064516128,4,4.695183692556017
6924,강남구,209540.83180917476,541604.553116568,4,0,1.0,1,2,0,1567.4550801525777,0,0,0,0,1880.5806451612902,10,1.3750440005931412
6925,서초구,205262.2998720486,539762.1529562274,5,2,0.8,1,2,0,3393.873259974029,0,0,0,2,1722.2903225806451,4,2.1695509170623715
6926,강동구,213679.297460516,551442.35328612,2,2,0.5,1,2,0,1676.563232062397,0,0,0,2,327.93548387096774,5,6.394273597950058
6927,강남구,207449.170786058,543974.510089774,1,0,1.0,1,2,0,1518.2576549338623,0,0,0,1,226.96774193548387,2,5.434246179188396
6928,송파구,209140.152659993,546078.816668568,1,0,1.0,1,2,0,272.289939130168,0,0,0,1,16415.129032258064,3,0.4847650481499687
6929,강남구,208509.8096462956,541439.1845678703,5,1,1.0,0,2,1,1741.3707879693904,0,0,0,1,2750.516129032258,1,4.213541045958671
6930,강남구,209140.5731089415,541673.545028541,2,2,0.5,0,2,0,1423.1140498718114,0,0,0,0,5346.451612903225,4,4.047600154375584
6931,강남구,208855.3446677452,541495.3366035214,5,1,1.0,0,2,1,1610.659701093199,0,0,0,0,2739.451612903226,1,2.163291832844933
6932,서초구,202042.112045357,539975.4418211081,2,0,1.0,1,2,0,2813.565244883585,0,0,0,1,622.6451612903226,3,0.0686833980070507
6933,서초구,201689.4795385205,539666.7748492125,2,2,0.5,1,2,0,3247.0992972057347,0,0,0,1,26.193548387096776,0,5.397607679680802
6935,강남구,208348.884619071,540848.5888258626,5,1,1.0,1,2,1,2352.915175621996,0,0,0,4,1662.6129032258066,4,1.9123478561374916
6936,강동구,214678.9995290325,551455.161711615,2,0,1.0,1,2,0,2397.614628073417,0,0,0,0,0.0,2,4.7405266477342245
6937,서초구,205354.696417305,539462.3620874728,4,2,0.75,1,2,0,3707.1704857976633,0,0,0,2,650.3870967741935,9,4.651430978152871
6938,강남구,208364.9060168877,542765.0960082283,3,0,1.0,1,2,0,761.9445536093901,0,0,0,3,2372.870967741935,4,3.5302392372168137
6939,서초구,205296.851382036,539399.7168209135,2,2,0.5,1,2,0,3747.112185529168,0,0,0,2,650.3870967741935,7,13.931505116803974
6940,서초구,205472.046592392,539451.4505072667,4,2,0.5,1,2,0,3758.941036632136,0,0,0,2,2644.0967741935483,11,2.9053782763500164
6941,서초구,200862.29216151568,543669.4891705989,3,2,0.3333333333333333,0,2,0,280.1059746948145,0,0,0,1,2276.483870967742,3,4.506287851073468
6942,송파구,207517.84130568348,544636.4219271385,2,1,1.0,0,2,0,1074.1409815256625,0,0,0,0,0.0,1,5.310703958088319
6943,강남구,208998.80282106335,540848.82727389,5,1,1.0,0,2,1,2245.7241699900064,0,0,0,4,2781.129032258065,1,1.8252818486743356
6945,은평구,194004.973995968,557098.9643499181,2,0,1.0,1,2,0,353.334400436561,0,0,0,2,1170.0967741935483,5,5.771322490876081
6946,중구,196888.44810500895,551162.1284674355,2,2,0.5,0,2,0,63.32729781854335,0,1,1,3,6921.8387096774195,8,5.453172391576828
6947,종로구,198190.467145273,552984.16464006,1,0,1.0,1,2,0,724.8054962538137,0,0,0,2,3698.9032258064517,4,0.9305792311577102
6948,종로구,201380.84209620103,552876.4095538361,2,2,0.5,1,2,0,223.4632851465645,0,0,0,1,3983.290322580645,7,1.4270186401287075
6949,종로구,197668.234706561,552917.149632671,1,1,1.0,0,2,0,719.9753799955924,0,0,0,0,14335.806451612903,8,0.6900222589817773
6950,종로구,201531.35330711663,552655.8554024863,3,2,0.3333333333333333,1,2,0,63.28970229822741,0,1,1,2,8378.645161290322,9,2.615067800295018
6951,서대문구,195459.059575479,555559.127183485,1,1,1.0,0,2,0,810.6064144927254,0,0,0,2,2183.0967741935488,3,2.7697937798620247
6952,중구,197592.201391304,550547.318808054,2,2,0.0,0,2,0,21.989404739556605,1,1,1,2,35844.032258064515,5,2.707507234232717
6953,종로구,198023.313731744,552204.412274447,1,1,1.0,0,1,0,83.94881991096348,0,1,1,6,21476.741935483868,11,2.2128892053043416
6955,중구,201139.72000649167,551228.461042514,3,2,0.3333333333333333,1,2,0,666.9575639005809,0,0,0,0,3935.0967741935483,11,4.233655481798226
6956,중구,200614.645776575,549841.742108381,1,2,0.0,0,1,0,646.0320338930005,0,0,0,2,2173.1935483870966,2,25.987109575134514
6957,중구,200494.23654297,551183.397213836,1,0,1.0,1,2,0,732.7327010617058,0,0,0,2,3383.387096774193,5,0.5050114934328084
6961,은평구,193832.91013054352,560938.3975574914,2,2,0.5,1,2,0,2828.376572252746,0,0,0,2,1741.9032258064517,4,1.2975491293747865
6962,은평구,193019.554815653,559195.566123087,5,1,1.0,1,2,1,929.3385268727216,0,0,0,0,777.0322580645161,5,8.512948202190719
6964,성북구,201725.8467130145,556731.6929459835,2,2,0.5,0,2,0,810.9965042660323,0,0,0,2,3262.870967741936,8,6.044580687890608
6965,강북구,202157.94200763863,559005.785959932,3,0,1.0,1,2,0,26.011116208143225,1,1,1,3,16676.1935483871,4,2.1816178776071147
6966,성북구,201418.137310784,556748.050705293,1,1,1.0,0,1,0,606.8983013582127,0,0,0,0,3083.9032258064517,7,14.6503992323647
6967,동대문구,202059.28576793015,552509.7912959274,5,2,0.6,1,2,0,169.06339511569237,0,0,1,1,1995.5483870967741,4,2.401647136021688
6968,강북구,201692.1922635664,557695.3152360696,5,1,1.0,0,1,1,180.9269624591431,0,0,1,0,3199.1935483870966,9,5.604381009174611
6969,중랑구,207070.810051316,554313.752443389,2,2,0.5,1,2,0,246.72417979617305,0,0,0,1,4244.8064516129025,4,0.3842384226497615
6970,광진구,206517.489489101,550460.505720663,1,0,1.0,1,1,0,1156.2781631395014,0,0,0,2,1790.3870967741937,5,3.676269291825181
6971,중랑구,207824.2885140193,553663.8939582774,3,2,0.3333333333333333,1,2,0,63.727824991305205,0,1,1,2,8626.0,6,2.1106380422941484
6972,강북구,201566.45243100877,557702.584541798,4,2,0.0,0,1,0,295.56511579715465,0,0,0,0,4861.612903225807,10,9.765926031862788
6974,동대문구,206475.821200288,553768.3566752756,2,2,0.5,1,2,0,590.6508284250704,0,0,0,1,800.3548387096773,1,8.020915073159912
6975,동대문구,204762.677370177,552411.8496013714,4,0,1.0,1,1,0,361.2750550025993,0,0,0,0,283.61290322580646,5,5.711857916177205
6976,동대문구,202652.705622414,553379.019360187,1,0,1.0,1,2,0,257.82033020241386,0,0,0,1,1577.967741935484,7,2.4914280031507965
6978,노원구,205191.458994774,557891.1392595593,3,2,0.3333333333333333,1,2,0,817.4385715735043,0,0,0,1,1406.225806451613,5,8.333333333333332
6980,강서구,186661.672116445,550188.964037801,1,0,1.0,1,2,0,320.4105037040395,0,0,0,0,3169.4193548387098,7,1.7337453642683798
6981,종로구,200176.728757832,553380.312797701,1,0,1.0,1,1,0,435.0465739829909,0,0,0,0,11316.419354838708,4,1.9994261453706603
6982,마포구,190612.60223127,553211.6184974925,2,2,0.5,1,2,0,1038.9483600723554,0,0,0,1,1261.1290322580646,8,1.5300939871009511
6983,은평구,192211.740477584,554985.6015558,1,0,1.0,1,2,0,456.9333715248283,0,0,0,0,1796.8387096774195,4,13.755767521645623
6984,성북구,203450.5489788905,555885.25305899,2,2,0.5,1,2,0,68.66300001298707,0,1,1,1,2359.322580645161,9,16.699554947937578
6986,동대문구,204062.71565528648,553438.2653274657,6,2,0.3333333333333333,1,2,0,30.46726674108365,1,1,1,6,35583.709677419356,7,0.7150016833177435
6987,동대문구,203997.496191209,553358.562880948,1,0,1.0,1,2,0,66.9509769927013,0,1,1,4,33936.25806451613,9,1.155834812453298
6988,동대문구,205094.831788379,552810.5524724335,2,0,1.0,1,2,0,368.99682119106814,0,0,0,1,6462.580645161291,9,6.220404193423932
6989,강남구,202508.136362383,547635.866706043,2,2,0.5,1,2,0,1509.173224335725,0,0,0,0,4282.935483870968,6,1.3385624681652075
6990,강남구,209416.1591186275,540602.2145439815,2,2,0.5,0,2,0,2518.1353163391004,0,0,0,3,940.7096774193548,1,5.029194753909097
6991,강서구,186877.842485564,551932.253332842,1,0,1.0,1,2,0,748.4340165688922,0,0,0,2,1002.7096774193549,8,0.574318874604467
6992,관악구,192197.150498524,541984.34250835,1,0,1.0,1,2,0,393.7152588536883,0,0,0,3,2498.6774193548385,4,8.906862372403285
6993,관악구,196272.844551238,540949.749487168,1,1,1.0,0,2,0,1034.842504273689,0,0,0,4,1963.6129032258063,3,9.2505397628639
6994,관악구,196262.83476098347,540807.539045623,2,1,1.0,0,1,0,1142.5958144387942,0,0,0,2,1416.1935483870968,2,6.481979662036111
6995,관악구,195831.478310408,543432.146015257,1,0,1.0,1,2,0,598.0107090563355,0,0,0,2,2890.0000000000005,5,22.92580903517264
6996,관악구,195647.10927343697,543008.508436352,3,2,0.3333333333333333,0,2,0,488.2576259249735,0,0,0,1,1647.032258064516,5,19.02860301901948
6998,송파구,208721.58429203133,544794.678933352,3,2,0.3333333333333333,1,2,0,38.70497047585579,1,1,1,2,2593.8064516129034,4,0.30646236701239
6999,송파구,207912.32248551864,544944.972954593,3,2,0.3333333333333333,1,2,0,852.7536340702416,0,0,0,3,6405.903225806451,5,0.2919816196153757
7000,송파구,209785.66744530105,545382.9854108361,2,2,0.5,1,2,0,423.72082640196027,0,0,0,0,2850.2580645161293,2,1.627544172896916
7001,강동구,212612.2411415535,547859.1294960349,2,2,0.5,0,2,0,535.8322893196892,0,0,0,3,1688.41935483871,9,1.5978956549550936
7002,송파구,211622.94111258432,543183.3372117103,3,2,0.3333333333333333,1,2,0,1222.6203864181068,0,0,0,0,2099.709677419355,9,2.58719293712692
7003,송파구,212203.478950009,546654.229467338,1,0,1.0,1,2,0,1510.134924028751,0,0,0,0,1113.3870967741934,2,5.367686435608405
7004,서초구,200406.3293322245,543257.501392504,2,2,0.5,1,2,0,365.81686529730206,0,0,0,3,360.5806451612903,4,7.998246485956314
7005,금천구,191491.8500828787,538814.1798037983,3,2,0.3333333333333333,1,2,0,433.5539105166329,0,0,0,2,6455.0,10,3.669318493328096
7006,강서구,188354.19096353077,549986.7568435975,4,2,0.5,1,2,0,101.74584003639411,0,0,1,3,13951.870967741936,4,0.6601294611749609
7008,동작구,197418.85536577948,542812.0554110635,2,2,0.5,1,2,0,212.67593924708615,0,0,0,3,3544.8387096774195,7,4.79702112537602
7009,관악구,192063.71042128105,542733.7734486229,3,2,0.3333333333333333,0,2,0,619.2919749824482,0,0,0,1,447.741935483871,8,0.5176285590598617
7010,종로구,197288.6044188188,553066.7402919396,5,2,0.0,0,2,0,1050.1402362781578,0,0,0,0,726.7741935483871,7,4.549345529230753
7011,성동구,206064.69847552403,550077.5073847435,2,2,0.5,1,2,0,986.6578639755936,0,0,0,1,2110.967741935484,7,0.3044560673691343
7012,동대문구,205035.61731047812,552045.224314066,6,2,0.8333333333333334,1,2,1,282.50707106747683,0,0,0,2,3355.2258064516127,8,1.9389091556892404
7013,성북구,201116.9850876166,554779.1071951648,5,1,1.0,1,1,1,473.66530712611706,0,0,0,0,1144.9032258064517,6,5.564782286895766
7014,강남구,205953.100458288,545312.333662568,2,2,0.5,0,2,0,896.754369236181,0,0,0,0,0.0,6,0.9962162349255976
7015,강남구,204681.0817063035,543209.5083466261,4,2,0.75,0,2,0,645.5785447324165,0,0,0,0,2326.483870967742,9,0.3034039603767151
7016,강남구,204390.3220412145,545831.535947235,4,2,0.25,1,2,0,731.4856355595203,0,0,0,0,1701.9032258064517,2,3.6125514726306913
7017,강남구,208264.08934334823,540945.3445529626,4,2,0.5,1,2,0,2288.5691799858264,0,0,0,2,1662.6129032258066,2,1.9808701123418853
7018,강남구,208114.066784866,541147.7876224474,3,1,1.0,1,2,0,2160.461773903405,0,0,0,2,3360.741935483871,2,6.594393801454726
7019,강남구,208173.530584324,541291.4247222013,3,0,1.0,1,2,0,2005.2717618584263,0,0,0,1,3360.741935483871,2,5.952458830776308
7020,강남구,209321.961990588,541730.8586610897,6,2,0.1666666666666666,0,2,0,1389.485530625358,0,0,0,3,5669.903225806453,6,1.0120594750543728
7021,강남구,206618.109532534,543629.205072392,1,0,1.0,1,2,0,1320.5328039652563,0,0,0,2,2111.3225806451615,6,1.648781702325278
7022,강남구,208370.6815375788,541409.225824835,4,2,0.5,0,2,0,1817.3360146690488,0,0,0,1,1437.774193548387,2,8.787688452588565
7023,강남구,209079.9859241704,541578.4129372184,5,2,0.4,1,2,0,1515.7563270263197,0,0,0,2,2739.451612903226,4,1.869278544330039
7024,강남구,209239.657285413,541730.289055113,1,1,1.0,0,2,0,1376.4445408706547,0,0,0,2,3614.0,5,3.323357940065138
7026,강동구,213809.54336558148,550391.212916175,2,0,1.0,1,2,0,1130.8720555928471,0,0,0,1,3756.9032258064517,3,2.6085528383622147
7027,강동구,212931.36093963063,548777.8976667013,3,2,0.3333333333333333,0,2,0,339.5389551928955,0,0,0,2,689.516129032258,6,1.595515460890855
7028,강동구,215714.381021969,551450.538909703,1,0,1.0,1,2,0,3293.7110709266617,0,0,0,2,1122.6451612903224,8,4.313187405387993
7029,강동구,212801.02279095267,549671.1145832817,3,2,0.6666666666666666,1,2,0,83.06252364524165,0,1,1,0,1740.0967741935483,6,0.5511099170516923
7030,중랑구,208436.1466160225,556122.5343466131,2,0,1.0,1,2,0,153.55064751027012,0,0,1,1,7916.548387096775,10,4.065811460796815
7032,관악구,191926.4766689155,542698.3382132817,4,2,0.25,0,2,0,491.4102981017879,0,0,0,2,867.5806451612902,9,0.9991600356055604
7034,금천구,191444.89868832965,538966.9499460586,3,2,0.3333333333333333,0,2,0,284.53359334927524,0,0,0,2,4251.1935483870975,10,4.641466400743806
7035,금천구,191752.122706167,539055.078204418,1,0,1.0,1,2,0,196.5303930186475,0,0,1,4,5257.1935483870975,11,2.0290617409890586
7036,금천구,189805.67214815848,541515.130441592,2,1,1.0,0,2,0,819.2038500541105,0,0,0,2,886.258064516129,8,0.3155299168071283
7039,금천구,190960.8007398912,540969.1574898822,5,2,0.4,1,2,0,156.67752097653585,0,0,1,2,8758.096774193547,6,0.9533791593813132
7040,금천구,189989.195301779,541055.263477725,1,2,0.0,0,1,0,841.4984614538151,0,0,0,3,377.5806451612903,7,0.7510499843184615
7041,금천구,190025.995571266,540898.543116976,2,2,0.5,1,2,0,837.9867555846555,0,0,0,0,4457.290322580645,6,0.305486290199554
7043,동작구,196469.7666815475,544648.9485531185,2,2,0.5,0,2,0,665.7654088393364,0,0,0,3,4565.870967741936,6,16.29017723474547
7044,동작구,197234.3570744365,545193.0184974924,2,2,0.5,1,2,0,596.8177960314877,0,0,0,2,1824.3548387096776,4,3.525028436788702
7045,마포구,194939.4103936645,548993.322904987,2,2,0.5,0,2,0,355.0134192182381,0,0,0,0,1745.9032258064517,13,2.455436607236277
7046,마포구,194936.707832728,549158.416497041,4,2,0.5,1,2,0,427.8530220367009,0,0,0,0,657.7096774193549,9,4.5384449412285095
7047,마포구,192080.91658174,552276.184082968,1,2,0.0,0,1,0,162.54015101980048,0,0,1,0,3458.032258064516,8,16.666666666666664
7048,마포구,193196.380494342,549607.7216229215,2,2,0.5,0,2,0,510.82610151543776,0,0,0,1,508.7096774193549,7,6.569305632423858
7049,서대문구,193743.7404586225,553295.2491713881,2,2,0.5,0,2,0,1397.1057975477636,0,0,0,0,2023.967741935484,6,8.517359730723335
7050,서대문구,194732.8480657,551150.219687492,1,0,1.0,1,2,0,453.0461241235662,0,0,0,0,6728.870967741936,7,3.4112768804062616
7051,서초구,201750.15682740905,543388.253260669,3,2,0.3333333333333333,1,2,0,731.4212078275449,0,0,0,2,2410.8709677419356,4,3.112297506334312
7053,서초구,200354.885207889,542668.992624802,1,2,0.0,0,1,0,834.5052681392209,0,0,0,2,6132.322580645161,5,4.669346553811795
7054,서초구,200844.473591311,546318.9172402495,2,2,0.5,0,2,0,883.5342889694681,0,0,0,2,1464.8064516129034,5,1.2949405925284936
7055,서초구,201113.717605324,544822.281259377,2,1,1.0,0,2,0,645.4590621150618,0,0,0,2,4627.225806451613,6,5.744000654607611
7058,서초구,200954.3645661766,546136.7091407258,5,2,0.2,1,2,0,681.2401671249451,0,0,0,0,47.193548387096776,9,4.5855094550288085
7059,성동구,203792.147441556,549382.9911979046,2,2,0.5,1,2,0,1254.986646056688,0,0,0,1,3115.1612903225805,6,0.8476219200985023
7060,송파구,212917.28750457332,543734.5023065804,3,2,0.3333333333333333,0,2,0,132.9064808326081,0,0,1,2,3185.5806451612907,7,1.9790142071622796
7061,은평구,192899.5105151725,559947.6163540795,2,0,1.0,1,1,0,1669.9968732289765,0,0,0,0,0.0,5,23.31457686332592
7062,송파구,211626.699280573,542466.354011219,1,0,1.0,1,2,0,1658.6738698398672,0,0,0,2,827.1612903225806,9,2.9172237326217854
7064,송파구,208541.201481509,545624.067200855,1,0,1.0,1,2,0,478.8795220903337,0,0,0,0,37.70967741935484,3,0.3717799392357021
7067,양천구,188741.977011556,547713.6469655645,2,2,0.5,1,2,0,904.8003188319392,0,0,0,0,1496.225806451613,13,3.1541646114671127
7068,영등포구,192960.533261589,546038.800905561,1,0,1.0,1,2,0,338.83116358446784,0,0,0,2,5639.516129032258,4,0.8739226927140434
7069,노원구,204623.011704248,559555.243228171,1,0,1.0,1,2,0,1058.9121273172611,0,0,0,2,1057.258064516129,1,5.504397003483881
7070,영등포구,194661.824200267,546537.268131873,1,2,0.0,0,1,0,543.6234040669952,0,0,0,0,2806.6774193548385,9,2.0750032598655643
7072,은평구,192670.163121523,556269.716619842,1,1,1.0,0,2,0,268.7591701209421,0,0,0,2,3274.645161290323,6,0.5692428420047454
7074,종로구,201707.20750092,552731.729145915,2,0,1.0,1,2,0,140.70696147715873,0,0,1,3,12795.774193548386,4,4.004653143346306
7075,종로구,199943.036360294,554531.019098404,1,0,1.0,1,1,0,590.7956905729393,0,0,0,2,1357.7096774193546,6,7.86611928458458
7077,중랑구,209052.714824988,557008.734460262,1,0,1.0,1,2,0,209.2726999111946,0,0,0,2,3242.7741935483873,9,5.317916007789864
7079,양천구,185401.965153822,545239.90936304,2,0,1.0,1,2,0,1378.0460436045198,0,0,0,2,660.0,0,10.53240306730809
7080,종로구,200030.07705305467,554105.9657994953,3,2,0.0,0,1,0,367.0852322505729,0,0,0,3,7539.032258064518,5,1.2162812441521351
7081,강서구,183039.179082996,551382.3638586837,4,2,0.5,1,2,0,535.0829838856889,0,0,0,3,3126.225806451613,5,3.585621237539304
7082,마포구,195922.292495162,550477.536450244,1,0,1.0,1,2,0,805.802564243908,0,0,0,0,0.0,5,12.077798000029306
7084,서초구,199447.313035075,545099.5602536658,4,0,1.0,1,1,0,887.6184119195979,0,0,0,0,0.0,6,3.5917461568088616
7085,서초구,199367.76338521767,545257.8684286627,3,0,1.0,1,2,0,966.8373471539448,0,0,0,0,0.0,2,16.459202239005663
7086,강북구,203416.370797627,558921.668492022,4,2,0.0,0,2,0,175.96387217843434,0,0,1,2,6439.1935483870975,6,4.201241685007382
7087,중구,197908.246697084,551436.681086989,1,0,1.0,1,2,0,501.9937153056507,0,0,0,3,14546.967741935485,7,1.69771289427923
7088,중구,198097.4346624565,551716.9014584934,2,2,0.5,1,2,0,417.6315339748959,0,0,0,2,4307.387096774193,8,1.3295636189384652
7089,구로구,191107.1819666735,542948.962481024,2,2,0.5,1,2,0,309.9869595380333,0,0,0,0,295.35483870967744,11,7.016419167507201
7090,종로구,198684.924058346,553705.258928104,1,0,1.0,1,2,0,1207.2938413191737,0,0,0,2,1641.483870967742,0,4.640405295188721
7091,노원구,206514.603623144,559831.241696209,1,1,1.0,0,2,0,2031.31979329766,0,0,0,2,3523.677419354839,6,4.856314236594592
7092,관악구,192879.349934304,543311.7422383985,2,2,0.5,0,1,0,452.3034116025455,0,0,0,1,1691.032258064516,5,6.081859651880066
7093,송파구,211446.2648530275,544895.2798019135,2,2,0.5,0,2,0,693.0070488128018,0,0,0,2,367.48387096774195,4,8.5935969709652
7094,금천구,191837.7382429513,540352.9029387058,3,0,1.0,1,1,0,283.4128250384482,0,0,0,5,3670.483870967742,2,13.03669568021212
7095,강남구,203984.085490518,542753.574391949,2,2,0.5,1,2,0,221.48749298704303,0,0,0,2,5109.709677419354,6,0.8118158558539968
7096,강남구,210333.599567081,541672.4352135086,2,0,1.0,1,2,0,1913.7583447260763,0,0,0,0,0.0,1,3.057111275588416
7097,강남구,210171.766831934,541968.123260662,1,0,1.0,1,2,0,1587.6817011915966,0,0,0,0,870.4516129032259,1,8.051002864287371
7098,강동구,215841.313478725,552051.502280418,1,0,1.0,1,2,0,3694.979904756182,0,0,0,1,557.1290322580645,6,1.0871222144266806
7099,강서구,185970.02058113,547872.118301863,1,2,0.0,1,2,0,184.895400957348,0,0,1,0,2814.387096774193,8,3.7989366857378486
7100,강서구,183946.4995253965,552182.5161995768,4,1,1.0,1,1,1,681.2580249004859,0,0,0,0,1516.9032258064517,9,0.540059386387998
7101,관악구,196557.42822482277,542884.2994014722,4,2,0.5,1,2,0,401.0930251895583,0,0,0,2,3147.322580645161,2,15.323878180816235
7102,구로구,184694.394338796,542679.643919203,1,2,0.0,0,1,0,1726.069049341762,0,0,0,0,131.90322580645162,2,10.431377838281652
7103,서초구,202028.36758885576,540368.105901177,4,1,1.0,1,2,0,2469.024037527667,0,0,0,1,2905.967741935484,5,5.338896875221769
7106,송파구,213528.85702267077,544449.694129065,4,2,0.25,0,2,0,407.7190147461437,0,0,0,0,3033.741935483871,4,2.089963848238128
7107,강동구,213479.903585858,551052.371790572,1,1,1.0,0,2,0,1243.6322285730348,0,0,0,1,1396.5483870967744,7,1.3350084781698257
7108,강동구,213377.309384819,551199.704185446,1,1,1.0,0,2,0,1310.078102657728,0,0,0,0,459.38709677419354,4,1.5266549814480612
7109,송파구,211392.804419481,542318.1491905124,3,1,1.0,0,2,0,1656.477720164128,0,0,0,2,1436.8709677419354,9,1.023973649002734
7110,강서구,186723.213960591,551828.322408717,1,2,0.0,0,1,0,736.5908591222294,0,0,0,2,1374.1290322580644,10,1.494687547388344
7111,강서구,184169.67927225668,552153.1518137801,3,0,1.0,1,1,0,858.3930334408655,0,0,0,2,686.5483870967741,6,0.9080864117718452
7112,송파구,212273.27102372,542309.270802362,1,0,1.0,1,2,0,1468.4223886426626,0,0,0,3,1062.3870967741937,4,7.618309552914108
7113,송파구,210834.88916637065,545625.3609792236,3,2,0.3333333333333333,0,2,0,362.4311032877021,0,0,0,0,1783.5806451612902,6,4.060388198695955
7114,동작구,194714.302828279,545787.486046525,1,0,1.0,1,2,0,244.1113945688606,0,0,0,1,8467.387096774195,5,2.933016466203989
7115,서초구,199510.8462828545,544979.1167683287,4,0,1.0,1,1,0,844.510638713502,0,0,0,0,9589.90322580645,6,2.4022886072895338
7116,용산구,200592.371367982,547878.9328677263,3,2,0.6666666666666666,0,2,0,268.43926378854775,0,0,0,4,2213.1935483870966,8,1.881427159473835
7117,용산구,200644.897504328,547856.039992687,1,0,1.0,1,2,0,305.2236950488804,0,0,0,2,2213.1935483870966,8,1.3361331129112546
7118,중구,199830.4353335293,551974.4907015964,3,2,0.3333333333333333,1,2,0,265.4284959726741,0,0,0,0,2793.935483870968,8,2.0721422682970627
7119,중구,199932.82180436372,551911.76255572,4,2,0.25,1,2,0,150.76227753462635,0,0,1,2,1988.2903225806451,11,1.4862003394947303
7120,중구,199840.289923004,551814.5181463193,3,2,0.3333333333333333,1,2,0,253.1061336216329,0,0,0,0,3503.6774193548385,10,2.1734005478523777
7121,중구,199773.658806593,551896.879749993,1,0,1.0,1,2,0,308.3888884097947,0,0,0,1,3920.1290322580644,11,1.2238117753502802
7122,강서구,187640.22764808248,548064.1313310835,2,2,0.5,0,2,0,332.20882507667284,0,0,0,0,2666.032258064516,3,0.9107160803340708
7123,서대문구,192088.835341987,552816.717869939,1,1,1.0,0,2,0,523.6126402397787,0,0,0,0,0.0,7,0.7278208288324528
7124,송파구,209093.5351456045,545388.0731235095,2,2,0.5,1,2,0,328.75141988385286,0,0,0,2,383.38709677419354,4,2.531960315495002
7125,동작구,194107.007624091,544658.413763586,1,1,1.0,0,2,0,25.027978893836053,1,1,1,3,8308.258064516129,2,3.0929320464302634
7127,송파구,211107.3548599833,544304.299867402,3,2,0.3333333333333333,1,2,0,760.4541776028314,0,0,0,0,163.03225806451613,2,2.687429627335665
7128,동작구,192282.965141674,543128.338624086,1,1,1.0,0,2,0,941.2927582479164,0,0,0,4,11948.74193548387,8,9.833744809044788
7129,동작구,196535.7381196422,544931.3750385733,5,2,0.6,1,2,0,376.1437845230085,0,0,0,2,4005.4838709677415,6,9.810837288928608
7130,강동구,212793.45933983751,550949.104630842,4,2,0.25,1,2,0,889.4790397635741,0,0,0,2,2872.483870967742,4,1.9623585211657733
7131,관악구,195961.606790741,543435.4468664775,2,2,0.5,1,2,0,540.9058784353674,0,0,0,1,4098.354838709677,6,40.72414685282951
7132,구로구,184567.442610166,544007.701569817,2,0,1.0,1,2,0,1348.7107906737424,0,0,0,4,478.9677419354839,3,7.296085704788678
7133,송파구,211687.512664863,543323.884803198,1,1,1.0,0,2,0,1107.7952283652648,0,0,0,2,1797.0645161290322,4,5.267102111790814
7134,구로구,189615.21140721496,544256.8916682214,2,2,0.5,1,2,0,258.4272902204893,0,0,0,1,2933.1935483870966,12,2.9044627976263437
7135,강서구,183784.308321777,550497.979690433,1,1,1.0,0,2,0,1340.3820463412585,0,0,0,1,1089.5806451612902,5,0.3941402335730585
7136,관악구,196780.77157813637,541960.39633109,3,2,0.3333333333333333,1,2,0,154.80178593523078,0,0,1,0,18077.709677419356,9,3.95529074551862
7137,구로구,189039.768691861,544542.36376633,1,2,0.0,0,1,0,597.3874624919761,0,0,0,0,6463.41935483871,3,0.8646412252069701
7139,금천구,191438.53480884625,537648.2879069007,4,2,0.25,1,1,0,1517.3656704912469,0,0,0,1,104.48387096774194,4,4.829549659093765
7140,동작구,195861.015652493,544267.2614818865,4,2,0.25,1,2,0,30.55268743756015,1,1,1,2,18572.09677419355,6,11.931015804821238
7141,강서구,187448.2145959183,548031.0797851564,3,2,0.3333333333333333,1,2,0,525.9378179392708,0,0,0,7,5585.903225806452,5,5.797893426971715
7142,강동구,212886.21326937736,548584.0069587183,3,2,0.6666666666666666,1,2,0,338.444076558609,0,0,0,2,1143.3870967741937,5,1.2975282389833194
7144,관악구,192983.172307834,540107.842685065,1,1,1.0,0,2,0,1387.1306824140645,0,0,0,0,4274.41935483871,4,27.4346288337848
7145,양천구,185534.44045213296,547841.043522186,3,2,0.3333333333333333,0,2,0,163.86481498814544,0,0,1,2,1653.516129032258,6,1.6004882290351958
7147,송파구,213808.823395521,543727.775210492,1,0,1.0,1,2,0,749.0474887647474,0,0,0,0,1961.1290322580644,10,4.531303583634347
7148,송파구,213702.339475484,543958.377161628,1,0,1.0,1,2,0,536.4399449306002,0,0,0,0,1042.9032258064517,9,1.685804230097029
7149,송파구,213630.194872952,544150.250350891,1,1,1.0,0,2,0,414.772788839883,0,0,0,1,1571.5806451612902,8,2.2355323880832976
7150,강동구,211260.393010135,549534.22147875,1,1,1.0,0,2,0,530.3647460002287,0,0,0,0,3094.967741935484,6,0.1182551161253719
7151,강동구,212235.172647429,549594.394943781,1,1,1.0,0,2,0,204.78657754748085,0,0,0,0,0.0,3,7.278578877343313
7153,서초구,198815.17252599736,543689.796676142,3,1,1.0,0,2,0,650.2681157107068,0,0,0,0,1405.6451612903224,8,0.1214500363809338
7154,송파구,211435.582985145,544175.626755634,1,1,1.0,0,1,0,966.3117270117152,0,0,0,2,169.67741935483872,4,3.1819128445622624
7155,강서구,184261.007812499,551974.781249867,1,0,1.0,1,2,0,886.2822490159684,0,0,0,1,1088.6451612903227,6,0.5412932650079257
7156,송파구,208558.440058766,544505.831615238,1,0,1.0,1,2,0,319.31825613172344,0,0,0,2,2113.322580645161,6,0.2161779738174877
7157,관악구,196382.1029952525,541987.3341902165,2,2,0.5,0,2,0,277.4656465232623,0,0,0,5,4576.096774193547,10,5.017074372046851
7158,구로구,189640.45488809867,544736.3166954857,3,2,0.6666666666666666,1,2,0,204.9600081816697,0,0,0,2,5645.419354838708,9,2.556690339341247
7161,금천구,190030.757812501,539690.749999719,1,0,1.0,1,2,0,1180.534384142571,0,0,0,3,1381.3548387096773,3,0.0300682983474735
7162,금천구,191035.21152796867,540790.3952671397,3,2,0.3333333333333333,1,2,0,181.9075311351954,0,0,1,1,1029.6451612903224,6,4.208020202369512
7163,금천구,190790.01292243437,540792.8918797966,3,2,0.3333333333333333,1,2,0,90.5184633285695,0,1,1,2,2332.8387096774195,5,5.7549293720197285
7164,영등포구,192656.022382183,544344.439751507,1,0,1.0,1,2,0,781.1409089169457,0,0,0,2,5033.451612903225,10,1.492201085912021
7165,금천구,189918.14097685367,542340.1478608353,3,2,0.3333333333333333,0,2,0,187.99925178162715,0,0,1,2,3433.032258064516,8,0.6845130878048552
7166,금천구,189157.62047591436,542692.644700167,3,2,0.6666666666666666,1,2,0,893.0800487798489,0,0,0,2,2215.0,8,0.2168115494077553
7167,구로구,187537.396007709,545219.621335627,3,2,0.3333333333333333,1,2,0,78.08181404085244,0,1,1,5,5969.322580645161,6,2.070210688671823
7168,송파구,211001.41314407464,543810.90672226,3,2,0.3333333333333333,1,2,0,450.4722841752069,0,0,0,0,2378.2580645161293,5,4.597933907186669
7169,금천구,191881.090793185,539072.005418467,1,0,1.0,1,2,0,66.46048098050929,0,1,1,7,9192.645161290322,10,1.8083763376375888
7170,동작구,193283.82119618964,543715.7325988486,3,2,0.3333333333333333,1,2,0,166.68918396578917,0,0,1,3,1548.7096774193546,6,3.077093475199598
7171,양천구,188209.906643626,546539.208754366,1,0,1.0,1,2,0,901.9262110836496,0,0,0,1,3549.4516129032254,12,4.235867119254215
7172,강동구,215421.340554847,551654.419182109,1,2,0.0,1,1,0,3129.162915941559,0,0,0,5,4267.741935483871,5,3.165897936239676
7173,서초구,203190.8253777555,542566.0158372349,2,2,0.5,1,2,0,8.056971344599573,1,1,1,6,21172.225806451614,2,4.953999418442271
7174,서초구,204004.0408548925,541945.684803484,2,2,0.5,1,2,0,978.728340885228,0,0,0,3,8192.967741935485,5,0.4059229049622163
7175,강남구,205561.344915913,543160.693531213,1,2,0.0,0,1,0,632.5788477377857,0,0,0,1,144.96774193548387,3,1.0152292385912354
7177,동작구,195904.011442106,545932.099263349,1,2,0.0,0,1,0,898.0495866847527,0,0,0,4,4623.8387096774195,7,3.142103682717486
7179,영등포구,193946.890737291,547415.865833172,1,0,1.0,1,2,0,1557.140855645839,0,0,0,1,10891.032258064517,5,1.1169646126522623
7180,관악구,192020.0006135525,542393.5667669985,2,2,0.5,1,1,0,451.8750078705983,0,0,0,1,8264.58064516129,3,2.9822272717062503
7181,관악구,192179.527829801,542431.1012073145,2,1,1.0,0,2,0,594.3339649481799,0,0,0,1,3582.3870967741937,5,2.7404291812616024
7182,강서구,184673.966467566,550851.004497526,1,0,1.0,1,2,0,1292.0402414889952,0,0,0,2,956.5806451612904,3,0.2209933588567203
7184,양천구,187936.957509606,548425.55947733,1,0,1.0,1,2,0,144.40287867794973,0,0,1,0,2848.1935483870966,3,3.304182735181645
7185,강동구,211396.96867447533,547152.547679079,3,2,0.6666666666666666,1,2,0,1353.011093511366,0,0,0,0,2436.774193548387,4,0.2348851170609507
7186,강동구,211420.16578268705,547250.8619297027,3,2,0.3333333333333333,1,2,0,1251.9994659035908,0,0,0,2,2436.774193548387,6,0.1864068056104706
7187,송파구,211717.583341018,543103.187213339,3,2,0.3333333333333333,1,2,0,1176.8951277695353,0,0,0,2,1906.4516129032256,9,2.2599057233977504
7188,강동구,211236.97039936265,547619.205223695,3,2,0.3333333333333333,1,2,0,974.1443712779194,0,0,0,0,2475.0967741935483,9,0.1686296625649526
7190,강서구,189229.444612863,549941.519853291,3,2,0.3333333333333333,1,2,0,402.54499167809433,0,0,0,4,1464.3870967741937,8,1.7035779666192348
7191,강서구,189266.573730349,549830.919478189,1,1,1.0,0,2,0,382.4903843210057,0,0,0,0,1374.225806451613,6,2.208033187154156
7192,금천구,189499.965478835,541709.293988436,2,2,0.5,1,2,0,926.6099454759412,0,0,0,2,5529.419354838709,6,0.6924527782426596
7193,금천구,189532.330245578,541592.478830222,1,2,0.0,0,1,0,967.1674359376173,0,0,0,1,1210.483870967742,5,0.8406807153646589
7194,강서구,185278.382906012,549846.729427638,1,2,0.0,1,1,0,189.57634439208928,0,0,1,2,2258.064516129032,5,2.623861991044703
7195,구로구,187448.801694008,543794.436943794,1,0,1.0,1,2,0,321.5349015455248,0,0,0,3,22631.709677419356,7,1.2194412477221246
7196,구로구,187480.621769282,543784.362518212,1,0,1.0,1,2,0,340.2588560808072,0,0,0,2,22631.709677419356,8,0.7043324498296766
7197,구로구,187481.4258701005,543828.3200295286,2,2,0.5,1,1,0,368.3923348243704,0,0,0,2,23056.870967741932,6,0.0992405212974478
7201,관악구,193118.517355331,543374.417930557,1,0,1.0,1,2,0,228.0040814000378,0,0,0,2,971.3225806451613,6,0.4877791864691438
7202,영등포구,191463.708846611,546530.0272364303,3,2,0.3333333333333333,1,2,0,289.3780141831247,0,0,0,2,7269.419354838709,6,1.316037527635651
7203,영등포구,191580.548815406,546523.5881525675,2,2,0.5,0,2,0,216.50149330312536,0,0,0,3,24516.90322580645,5,0.7993616041185891
7207,영등포구,192100.890689976,545635.232353983,1,0,1.0,1,2,0,219.2612254267537,0,0,0,3,5204.677419354838,6,3.905778274096689
7209,영등포구,191582.69710080625,543817.3254827715,4,2,0.75,1,2,0,426.57309029358703,0,0,0,2,838.9032258064516,4,10.50252154037567
7210,영등포구,190624.7804330205,544832.8329243225,2,1,1.0,0,2,0,1022.74043780536,0,0,0,1,1144.0967741935483,7,4.343420102704834
7211,영등포구,190577.002205825,544736.268743094,1,1,1.0,0,2,0,950.222238340332,0,0,0,1,415.1612903225806,8,9.327846894374453
7212,서초구,202918.1341581485,543041.077312527,2,0,1.0,1,2,0,506.03673784833177,0,0,0,1,10537.09677419355,2,4.211921546323569
7213,서초구,200381.747254267,543058.1878583825,2,2,0.5,0,2,0,501.2493851074876,0,0,0,1,1023.2258064516129,3,7.421258096385928
7214,서초구,201141.073261291,546249.9794037581,3,2,0.3333333333333333,1,2,0,595.5732553699931,0,0,0,2,1094.258064516129,8,4.977495326195376
7215,서초구,201441.80797447133,546852.4928925663,3,2,0.6666666666666666,1,2,0,586.6262761552688,0,0,0,0,777.516129032258,9,1.2403996071260672
7216,서초구,201491.589243199,546846.311813481,1,1,1.0,0,1,0,558.2777127044477,0,0,0,0,390.0967741935484,9,13.829199396946056
7217,강서구,183180.023136723,552984.067264757,1,0,1.0,1,2,0,1222.3928532087857,0,0,0,0,0.0,7,2.122632934848999
7219,서초구,200373.34075217,545475.8209195012,3,2,0.3333333333333333,0,2,0,267.16664830484416,0,0,0,0,86.45161290322581,6,1.7021302036699264
7220,송파구,206631.216581432,545070.324228496,1,1,1.0,0,1,0,946.7760980442138,0,0,0,0,889.7741935483871,4,0.2152996083155696
7221,영등포구,192426.456249945,548268.531243621,1,1,1.0,0,2,0,1672.246141088212,0,0,0,0,0.0,5,9.5343273578134
7222,마포구,192875.4826254757,550682.45749642,4,2,0.25,1,2,0,441.3908154488098,0,0,0,3,9805.451612903227,9,0.3938819386311584
7223,강서구,183874.1355841265,552647.8296041975,2,2,0.0,0,2,0,989.9184634871276,0,0,0,5,2438.935483870968,6,1.898222231388044
7224,강동구,211433.98129274635,547502.0104378209,3,2,0.6666666666666666,1,2,0,1005.7505756843408,0,0,0,2,1346.7096774193549,10,2.960594732333751e-15
7225,관악구,195835.72439111496,541679.5599299223,3,2,0.3333333333333333,1,2,0,795.3200905354332,0,0,0,1,2581.483870967742,3,5.420508242904726
7226,송파구,208645.061282263,546375.139228435,1,0,1.0,1,2,0,439.7096383727786,0,0,0,0,1113.9354838709678,5,0.7697519115758548
7227,송파구,213153.0943826855,544123.7862370105,2,2,0.5,1,2,0,89.91957197371289,0,1,1,2,1817.4516129032259,7,3.9852723336230502
7231,서초구,205275.96514566927,539530.1211103083,3,2,0.6666666666666666,1,2,0,3616.991126473475,0,0,0,2,650.3870967741935,9,1.903633108686904
7232,서초구,205600.75005994,539449.978275778,1,0,1.0,1,2,0,3809.458716787282,0,0,0,2,2747.6451612903224,7,5.567858379827714
7233,동작구,197642.66437797848,541835.4402532554,2,2,0.5,1,2,0,422.3710820307281,0,0,0,2,5900.387096774193,1,7.712782751423538
7235,용산구,196808.101188826,548584.1368916924,2,2,0.5,1,2,0,1330.6957343499491,0,0,0,2,4469.516129032258,9,3.752012215911365
7237,종로구,196563.5166963285,555807.546175384,2,2,0.0,0,1,0,1643.4992023054458,0,0,0,2,3851.9032258064517,0,16.599545130007368
7238,금천구,189664.5763440147,541250.0241168073,3,2,0.3333333333333333,1,2,0,1029.7078351392504,0,0,0,3,730.9032258064516,6,0.3678020427943599
7239,영등포구,191158.2715594025,545182.0084527889,2,2,0.5,1,2,0,977.9689046493318,0,0,0,3,2455.7096774193546,7,1.349032158331675
7240,서초구,201317.39926540968,546542.6816573021,3,2,0.3333333333333333,0,2,0,458.75951618739737,0,0,0,1,2385.1935483870966,6,0.9937192312527868
7241,동작구,193716.41900402727,545499.7093091275,4,2,0.75,1,2,0,615.2345973228357,0,0,0,2,1883.7096774193549,5,2.949098649972536
7242,송파구,210788.65341402768,544118.122806124,3,2,0.3333333333333333,1,2,0,408.6885761704505,0,0,0,2,1230.258064516129,6,1.3821038975909634
7243,금천구,190945.5142327935,540260.9469219211,2,1,1.0,1,2,0,540.7960631507485,0,0,0,0,0.0,6,0.4833068788374935
7244,강서구,184121.1486978188,551033.2492770796,5,1,1.0,1,1,1,1041.447874572311,0,0,0,2,61.87096774193547,8,2.144454342736084
7245,강서구,184135.59014196295,551103.010767489,2,0,1.0,1,1,0,1003.1491255994844,0,0,0,1,935.4516129032257,7,1.2260328077127565
7247,송파구,209610.530170455,544903.6502330146,3,1,1.0,0,2,0,250.7183353098508,0,0,0,2,7808.322580645161,4,2.3438066854453306
7248,송파구,209345.12686870267,545012.4287308613,3,2,0.3333333333333333,1,2,0,231.0891067020222,0,0,0,2,3583.9677419354834,4,0.4903267351381994
7249,강남구,209375.0435479605,542994.5989870864,2,0,1.0,1,1,0,337.7299530507152,0,0,0,0,0.0,5,12.8584176330754
7250,강남구,209294.018773188,543006.4624098695,2,2,0.5,1,1,0,257.10257906686167,0,0,0,0,0.0,6,4.973102613191139
7251,강남구,209224.82941571152,543008.430582208,2,2,0.5,1,1,0,192.59395428463188,0,0,1,0,11534.16129032258,8,2.526132736418741
7252,강남구,209176.8301074495,543009.6631991075,2,2,0.5,1,1,0,150.39763220728446,0,0,1,0,20801.774193548386,8,3.156228167857522
7254,송파구,212204.5083053435,543893.680352126,2,2,0.5,0,2,0,549.6963646143681,0,0,0,2,833.6129032258065,6,9.609659907460054
7255,송파구,208803.6914359735,546335.7695888674,2,2,0.5,1,2,0,341.4601708781906,0,0,0,1,3826.645161290323,5,0.5862359911016904
7256,강서구,186592.428608684,549699.759063399,1,1,1.0,0,1,0,575.839320302914,0,0,0,0,1250.483870967742,6,3.7605435181573137
7257,송파구,210568.24121760036,541940.6841771236,3,2,0.6666666666666666,1,2,0,1673.0548244705462,0,0,0,0,0.0,3,7.643974398670658
7258,강남구,209644.097172457,541705.039367522,1,0,1.0,1,1,0,1509.7230232008992,0,0,0,0,2508.548387096774,7,1.9778574768967043
7259,강남구,209790.432518738,541566.3446237075,2,2,0.5,1,2,0,1696.58208167319,0,0,0,0,0.0,5,2.7640197060344462
7260,강남구,209996.0812573135,541590.7303627981,2,2,0.5,1,2,0,1774.933486800431,0,0,0,0,0.0,3,1.0263419313493571
7261,송파구,212178.8839788586,542122.171033633,5,2,0.8,1,2,0,1676.441139944989,0,0,0,0,1628.6774193548388,2,6.980560306411139
7262,송파구,212341.2156242165,542112.6372849375,4,2,0.5,1,2,0,1636.5709445190528,0,0,0,1,1272.5806451612902,6,2.505481088667049
7263,송파구,212133.6492999105,541667.849343769,4,1,1.0,0,2,0,2121.423159012231,0,0,0,0,0.0,0,6.750489528918457
7264,서초구,205022.65061921277,538667.4800685267,4,0,1.0,1,2,0,4263.423964540689,0,0,0,0,267.6774193548387,8,3.923233805132646
7265,서초구,204847.939704647,538758.806368443,1,0,1.0,1,2,0,4108.519685740958,0,0,0,2,1244.032258064516,9,4.646478899619488
7270,서초구,204917.61954740467,538808.2890657317,3,0,1.0,1,2,0,4091.562086948735,0,0,0,2,1244.032258064516,11,4.373055577508242
7273,중랑구,207483.8604412377,552715.3646007971,3,2,0.3333333333333333,0,2,0,280.45602888461747,0,0,0,0,2907.451612903226,7,8.054290912839205
7274,중랑구,208509.4299301985,554530.347852131,2,2,0.5,0,2,0,107.6735317870902,0,0,1,3,4888.096774193548,8,4.2311721117922
7275,동대문구,205248.09333503037,555086.0073337533,3,2,0.3333333333333333,1,2,0,642.2984595947553,0,0,0,2,7307.774193548386,7,5.854739388593575
7276,동대문구,204480.326842544,554659.462441516,2,2,0.5,0,2,0,505.3151076645088,0,0,0,1,4644.322580645161,3,1.737121934361762
7277,마포구,193160.94083778973,550528.6851047184,4,2,0.75,1,2,1,341.0102258496022,0,0,0,3,2534.0000000000005,10,3.466600037217689
7278,용산구,198261.40901839448,546506.8244315675,2,2,0.5,1,2,0,1979.2936538376216,0,0,0,2,2872.677419354839,4,0.0457703057918064
7279,성동구,201413.905735058,549506.6816154955,2,2,0.5,0,2,0,564.6578091522002,0,0,0,3,3399.16129032258,8,25.24923962642454
7280,성북구,201729.404766986,556811.262923794,1,1,1.0,0,2,0,876.1445381658002,0,0,0,1,1930.3870967741937,7,18.010831477484892
7281,용산구,198428.39568204436,550314.4607303434,3,2,0.0,0,2,0,812.386257927623,0,0,0,1,3264.1290322580644,8,12.179315590855566
7282,성동구,201756.1413671305,550722.0948802085,2,0,1.0,1,2,0,234.37938589893952,0,0,0,4,3804.354838709677,9,8.058501314498704
7283,광진구,207704.962532072,551465.228496228,1,2,0.0,0,1,0,1543.517828781696,0,0,0,3,3117.741935483871,7,6.856705255127641
7285,중랑구,209425.7617020306,556131.0638151076,5,2,0.4,0,2,0,584.6569762130259,0,0,0,1,2918.032258064516,7,2.2258539364132326
7286,종로구,201293.8450206845,553637.846984883,2,0,1.0,1,1,0,865.0560090119154,0,0,0,2,1797.8709677419354,4,4.752021885754492
7287,마포구,192511.518783581,552072.787726082,1,0,1.0,1,2,0,364.80475096319833,0,0,0,2,5454.225806451612,9,3.972724119431259
7288,강북구,201607.24603991752,558511.7620220075,2,2,0.5,0,2,0,180.18706497231727,0,0,1,1,4969.322580645162,5,6.738511666703779
7289,노원구,205658.24340363068,561384.3600128103,3,2,0.6666666666666666,1,2,0,258.3746610393847,0,0,0,0,0.0,4,0.1782657682129359
7290,마포구,190571.591692772,553172.798046871,1,0,1.0,1,2,0,1086.9046037999265,0,0,0,1,10360.741935483871,9,1.0814892742728213
7291,마포구,193487.6420436985,549552.342551264,2,2,0.5,1,2,0,676.2612959115922,0,0,0,0,240.41935483870967,7,2.377361834315582
7292,성동구,203259.867939497,551310.320440481,2,2,0.5,1,2,0,1340.8187474444633,0,0,0,4,14187.258064516129,5,0.9311608617240926
7293,성북구,200292.23775304435,554670.9612107673,3,2,0.6666666666666666,1,2,0,402.6658049222576,0,0,0,3,2106.516129032258,3,3.2351755488617093
7294,강북구,202662.386952053,560288.649446339,1,1,1.0,0,2,0,60.86801156259278,0,1,1,0,7153.193548387097,6,1.6752644010700857
7295,도봉구,203186.016830542,562563.4281834137,3,2,0.3333333333333333,0,2,0,577.1430453544344,0,0,0,2,7443.645161290323,10,0.96985459365607
7296,동대문구,202534.45973932848,553608.800918291,2,2,0.5,0,2,0,506.2723165679255,0,0,0,2,4988.935483870968,8,0.0
7297,서대문구,192989.82388393267,552591.0051078837,3,2,0.3333333333333333,1,2,0,800.1752759473643,0,0,0,1,2248.2903225806454,8,0.1293440261973266
7298,서대문구,192806.17250199895,552765.6221201146,3,2,0.3333333333333333,1,2,0,724.575055037389,0,0,0,3,1971.7741935483873,10,5.504235734029214
7300,용산구,196847.28734269235,547514.187593321,3,2,0.3333333333333333,0,2,0,2021.090673907324,0,0,0,3,11312.967741935485,7,1.0339233904214111
7301,성북구,202571.0166600923,556484.2153351683,3,2,0.0,0,1,0,559.2478062107031,0,0,0,4,8233.83870967742,9,5.296020541655929
7304,중랑구,207411.04642856304,553629.1696207835,2,2,0.5,1,2,0,383.20638027478617,0,0,0,2,3672.322580645161,8,1.540217586561473
7305,은평구,192901.1863107895,560377.4822445165,2,2,0.5,1,1,0,2099.8419541588164,0,0,0,0,486.96774193548384,4,0.6931514272719319
7306,은평구,192865.2727991285,554338.8652939419,2,2,0.5,1,2,0,191.59477002632295,0,0,1,4,5402.5161290322585,8,3.3978315442352054
7307,마포구,192950.686230354,551644.890147604,2,2,0.5,1,2,0,866.0066704687194,0,0,0,4,1405.5806451612902,5,0.9107222683431834
7309,동대문구,203586.647161345,554645.598888506,1,2,0.0,0,1,0,554.8529724600588,0,0,0,2,1346.967741935484,6,0.586526981422851
7311,중랑구,208369.2429240885,553998.3881901895,2,2,0.5,1,2,0,537.9978558953703,0,0,0,1,4714.129032258064,3,4.723506768339192
7312,성동구,203164.655995256,552472.575245436,1,1,1.0,0,2,0,261.6049250025846,0,0,0,1,474.83870967741933,11,9.969730274672322
7313,동대문구,205972.664620651,552571.840688664,1,1,1.0,0,2,0,316.8787210619565,0,0,0,2,3371.0967741935483,7,1.8258393600093383
7315,성동구,203712.112312357,550898.343927403,1,1,1.0,0,1,0,1470.8836153748946,0,0,0,1,5488.548387096775,7,3.30157002468806
7316,중랑구,206889.29698783648,557209.109686647,2,2,0.0,0,2,0,195.0611746972785,0,0,1,2,6114.645161290322,13,3.141221170814521
7317,중랑구,206893.5124792515,557172.3216139586,2,2,0.0,1,2,0,228.10895398639371,0,0,0,2,6089.129032258063,12,3.550381127942733
7318,중랑구,207052.85035820352,553761.6989314989,2,2,0.5,1,2,0,335.2020273056785,0,0,0,2,2916.645161290323,6,1.3824849894839808
7319,용산구,196033.93891383,548085.3581863844,2,0,1.0,1,2,0,1092.2082377293227,0,0,0,4,2935.0,9,9.444786971635189
7320,노원구,204905.12518518305,564431.3643362597,3,2,0.0,0,2,0,181.0867257618776,0,0,1,3,1602.7096774193549,5,3.58335050166603
7321,성동구,202176.077229031,550522.4123669,1,0,1.0,1,2,0,420.4449908969615,0,0,0,2,3540.064516129033,13,17.22461343311198
7322,동대문구,202789.585783442,553191.3139806273,3,2,0.0,0,2,0,134.99366601746033,0,0,1,0,3917.193548387097,4,3.222698515551313
7323,용산구,198341.49713046697,550243.8163084555,2,2,0.5,1,2,0,790.6142233973446,0,0,0,3,3264.1290322580644,5,38.780462549116095
7324,성동구,201129.61088471249,549903.4633964906,2,2,0.5,1,2,0,522.0684654476187,0,0,0,1,2161.3225806451615,4,35.00021092194638
7325,성동구,201119.09707058824,549761.157718967,4,0,1.0,1,2,0,654.7433726067072,0,0,0,2,639.5806451612902,5,23.504528218422028
7326,성동구,201208.7251538073,549679.4840715238,3,0,1.0,1,2,0,671.7213750338835,0,0,0,2,1268.3870967741937,6,12.67671169410093
7327,관악구,195858.5758575215,541570.2318605615,2,2,0.5,0,2,0,906.6883932096306,0,0,0,2,2581.483870967742,3,8.143116895403276
7328,송파구,212754.1470886195,541912.3034844565,2,0,1.0,1,2,0,1782.544203686994,0,0,0,2,1604.6129032258063,9,7.236289769241218
7329,성북구,203824.560168719,557148.673729137,1,0,1.0,1,1,0,26.49465984546055,1,1,1,3,3596.193548387097,2,11.327213857550191
7330,도봉구,202615.85625002,560496.074994904,1,1,1.0,0,2,0,249.58909665592944,0,0,0,1,992.8387096774193,7,4.01414545620062
7331,성북구,200574.51539945952,554282.4572060704,2,2,0.5,1,1,0,77.69996901395153,0,1,1,3,10074.09677419355,9,7.326040657824167
7332,성북구,200355.868203158,554235.524337154,1,1,1.0,0,2,0,147.6905064436702,0,0,1,0,2514.451612903226,5,10.405545277172372
7333,성동구,202526.493461604,551946.401267332,1,0,1.0,1,2,0,612.3069488997587,0,0,0,3,3109.290322580645,6,6.280898935212687
7334,강동구,210711.55741272695,547911.7481033575,2,0,1.0,1,2,0,924.9052689415604,0,0,0,2,6902.548387096774,7,0.9540930784570012
7335,강남구,209565.0651018795,541063.6726005594,2,2,0.5,0,2,0,2094.007776273747,0,0,0,2,218.06451612903226,5,5.285210517116899
7336,구로구,190482.92690337327,545276.2839196962,4,2,0.5,1,2,0,1127.1084290763026,0,0,0,3,13429.806451612903,5,2.57130832836884
7337,영등포구,190629.802897997,546388.237278395,2,2,0.5,1,2,0,820.5832165333202,0,0,0,2,1879.1612903225805,6,0.1536440484422622
7338,중랑구,208654.20617391565,556248.217077343,3,2,0.3333333333333333,1,2,0,237.0876615534457,0,0,0,2,327.2258064516129,10,1.0507911810763204
7339,중랑구,207811.42128665547,555974.0470442229,2,2,0.5,1,2,0,661.5214372329772,0,0,0,2,3178.4193548387098,4,13.83493091675498
7343,노원구,203945.7542236775,559068.9366977131,2,2,0.0,0,2,0,249.92212373567537,0,0,0,1,1057.8709677419356,5,15.148775386901736
7346,금천구,189689.17075755371,541171.6728390538,4,2,0.25,0,2,0,1040.6045731367826,0,0,0,2,950.0967741935483,6,0.1895999821179679
7347,광진구,205946.819444481,548024.618474868,1,0,1.0,1,2,0,995.3863990569804,0,0,0,1,0.0,8,18.71123071059364
7348,중랑구,208865.765736023,555513.6920012423,3,2,0.3333333333333333,0,2,0,23.6831593447527,1,1,1,0,5357.870967741936,7,1.8958770960613691
7349,성동구,202107.051142291,550310.631786631,1,2,0.0,0,2,0,379.11073839503433,0,0,0,3,1162.2903225806451,8,15.460004747086035
7350,중랑구,206444.00900663095,557103.7974615955,2,2,0.5,1,2,0,423.549107849538,0,0,0,1,329.4516129032258,4,3.269865089650968
7351,중랑구,206499.018707882,556295.7884294936,2,2,0.5,1,2,0,471.50642948308536,0,0,0,0,0.0,4,0.3315287789582981
7352,중랑구,207806.3822086253,553781.9359170147,3,2,0.0,0,2,0,183.10087943735232,0,0,1,2,5177.387096774193,5,0.6804422440010368
7360,강남구,203307.718354104,547685.721306694,1,0,1.0,1,2,0,1119.6671292499068,0,0,0,0,15311.741935483871,3,1.2465485395223417
7361,광진구,207816.42944631,550608.1684139515,2,2,0.5,1,2,0,2149.469891211916,0,0,0,2,4769.1612903225805,4,2.932736151849772
7362,영등포구,194629.180851187,546760.35930587,1,0,1.0,1,2,0,763.0496259952362,0,0,0,0,6209.258064516129,8,0.7027618357233815
7363,동대문구,206285.623852489,554050.653099566,1,2,0.0,0,1,0,562.3074006773171,0,0,0,0,278.51612903225805,4,0.346651724357215
7370,서초구,198439.97995128695,543173.1811494424,4,2,0.75,1,2,0,23.52782083711079,1,1,1,4,15384.09677419355,5,0.4746749010770124
7372,송파구,212623.246165406,546116.26402718,1,1,1.0,0,2,0,1548.7512507994506,0,0,0,0,116.29032258064517,1,2.302200162593297
7374,송파구,212506.592997107,545758.038058283,1,1,1.0,0,2,0,1338.258272935031,0,0,0,0,108.64516129032258,1,5.186907948480943
7375,구로구,190342.6594859445,544639.304215065,4,2,0.75,1,2,0,700.7228154021635,0,0,0,1,4226.612903225807,12,1.974523968220847
7376,중랑구,207341.115409508,555235.601312728,2,2,0.0,0,1,0,244.55178583820927,0,0,0,1,9176.774193548386,3,3.918239007710801
7377,광진구,208279.9276052857,548597.953990127,3,1,1.0,0,2,0,2102.325628991663,0,0,0,5,6775.096774193548,9,12.014779882113269
7378,동대문구,206519.583744178,552526.798814341,2,2,0.5,1,2,0,61.60487967902109,0,1,1,2,6219.096774193549,9,0.4679121725605147
7379,종로구,199809.370922469,552286.127079735,1,0,1.0,1,1,0,446.66078354055526,0,0,0,1,14045.064516129032,8,0.4743075044384485
7380,도봉구,203651.479117591,561403.876192713,1,0,1.0,1,2,0,412.9746476707823,0,0,0,0,427.4193548387097,5,1.4427630642869242
7381,마포구,194041.797855327,550173.323960971,1,1,1.0,0,2,0,580.0213602419368,0,0,0,9,2436.6451612903224,7,2.882685435295128
7382,강북구,203108.0306177422,557458.1909111887,6,2,0.3333333333333333,1,1,0,150.9509825616984,0,0,1,2,2096.516129032258,4,7.624547474765832
7383,광진구,207529.691675284,552010.61669838,1,0,1.0,1,2,0,985.0578779250792,0,0,0,2,2349.387096774193,10,7.1668109204356565
7384,서대문구,192290.676400453,553688.734392858,1,2,0.0,0,1,0,268.4884071007708,0,0,0,4,4032.322580645161,7,1.226534282448526
7385,중구,198034.41594235925,550950.5615900755,4,2,0.5,1,2,0,437.3463772873002,0,0,0,2,9152.741935483871,8,4.339985387223433
7386,중구,197860.9653610555,550857.4870678902,4,2,0.5,1,2,0,311.7503301724778,0,0,0,0,3264.4838709677424,11,9.505411141367023
7387,용산구,197144.688218642,550626.105884572,4,2,0.25,1,2,0,91.55030650528715,0,1,1,0,8146.1612903225805,5,8.541622995502523
7388,서대문구,196152.323082601,551052.215316466,2,0,1.0,1,2,0,694.5392420389849,0,0,0,3,9893.322580645163,11,0.6737113305483433
7389,서대문구,196150.856090791,550999.01682293,1,0,1.0,1,2,0,702.9654126094784,0,0,0,2,15422.419354838708,13,1.8016270109817492
7390,서대문구,196141.055783934,550946.512193963,1,0,1.0,1,2,0,723.1917304342668,0,0,0,3,15422.419354838708,13,4.110487655465202
7391,서대문구,196149.687042273,551175.094028946,2,2,0.5,0,2,0,696.5379684463663,0,0,0,3,1032.6451612903224,9,2.45709935220828
7392,서대문구,195889.26561200529,551061.821270975,4,2,0.75,1,2,0,876.8599249223487,0,0,0,0,0.0,17,15.505592201258372
7393,서대문구,195845.87793869505,551027.6677878284,3,2,0.6666666666666666,1,1,0,826.0661081256081,0,0,0,0,2788.0,12,17.1834732750807
7394,서대문구,195998.855213389,551006.1143194046,2,2,0.5,1,2,0,852.2312619610007,0,0,0,0,8332.483870967742,16,18.847585508277025
7395,서대문구,195751.57251387776,550910.6308499525,4,1,1.0,0,2,0,711.3608041403888,0,0,0,4,6260.8064516129025,6,12.364584894494625
7396,서대문구,195748.8875153875,550969.4972417445,2,1,1.0,0,1,0,718.3930765428889,0,0,0,0,6260.8064516129025,8,19.116768778371927
7397,용산구,197048.416901204,547611.2444591579,3,0,1.0,1,2,0,2083.6419731069386,0,0,0,3,24598.290322580648,11,2.1777574601582383
7398,성동구,204099.0752580905,548850.0366767365,2,2,0.0,0,2,0,1106.540100338572,0,0,0,2,1070.4193548387098,5,10.392885227138663
7399,성동구,204047.756646937,548880.618950974,1,1,1.0,0,2,0,1135.9059130701146,0,0,0,2,1171.6774193548388,5,15.029551106293932
7400,강북구,201208.54272626,562341.943886198,1,2,0.0,0,1,0,1702.406991819249,0,0,0,2,2678.129032258065,5,5.570727333022182
7401,노원구,206332.511970901,558014.921997613,1,1,1.0,0,2,0,634.6015281356008,0,0,0,3,397.5161290322581,12,2.2488764829467733
7402,송파구,212534.974076792,542103.4102990773,4,0,1.0,1,2,0,1607.1962014157234,0,0,0,2,1961.4193548387095,10,5.225609611474808
7403,송파구,212765.36106933403,542091.7533156645,5,1,1.0,1,2,1,1603.0967411198646,0,0,0,3,1515.9032258064515,8,8.333333333333332
7404,종로구,198950.393331638,553096.2074851325,2,2,0.5,1,2,0,612.7602584569447,0,0,0,4,8190.4838709677415,4,2.8015935527461977
7405,성동구,202002.42422585,550419.120614633,1,0,1.0,1,2,0,246.47912551097824,0,0,0,5,737.2903225806452,14,5.282841059568781
7406,종로구,197384.76426065527,552187.9411842627,4,2,0.75,1,2,0,463.9338685349243,0,0,0,2,14639.129032258064,5,6.5221421428085335
7407,강북구,201210.9245247535,562307.1007078546,2,2,0.5,0,2,0,1694.8039730545888,0,0,0,3,3004.741935483871,5,6.946938837075306
7408,성동구,202083.24959787,551852.87992287,1,0,1.0,1,2,0,168.13120636905083,0,0,1,2,13660.032258064517,7,5.921189464667502e-15
7409,은평구,192831.706837911,559750.455951537,1,0,1.0,1,2,0,1473.2128425097142,0,0,0,4,12511.645161290322,8,7.680063825324806
7410,강남구,209214.715711169,542746.852674669,1,0,1.0,1,2,0,383.2084433372746,0,0,0,2,3278.4193548387093,6,4.847982833845883
7412,강서구,184785.5331751143,551918.2852782747,3,0,1.0,1,2,0,1396.122067124708,0,0,0,2,5467.451612903225,5,2.088568051495544
7413,구로구,183951.50395125424,541895.6787348788,4,1,1.0,1,2,0,2793.205059659929,0,0,0,2,931.1290322580645,5,3.887870849250342
7414,서초구,205709.9722351425,539465.0265935084,2,2,0.5,1,2,0,3840.397391720061,0,0,0,2,2500.290322580645,6,0.9103686087012144
7415,서초구,205117.023134008,539008.671110396,2,0,1.0,1,2,0,4000.770919093248,0,0,0,0,21.70967741935484,5,6.764855907013683
7416,서초구,205080.58884268664,538713.743072534,3,0,1.0,1,1,0,4246.618224069895,0,0,0,0,267.6774193548387,8,3.882369833539734
7417,서초구,204958.583222439,538750.893034697,1,0,1.0,1,2,0,4160.804376710769,0,0,0,1,1014.6129032258063,8,2.3230926129082143
7419,구로구,184501.88636130025,542474.7632759155,4,1,1.0,1,2,0,2002.307792212085,0,0,0,3,985.8387096774194,5,6.415729528319278
7420,구로구,184294.7292878605,542276.0738098058,4,1,1.0,1,2,0,2287.5003302631253,0,0,0,3,1923.9354838709676,11,0.1610581393694884
7421,금천구,190772.27445053036,540204.5514822694,3,0,1.0,1,2,0,648.9655060040823,0,0,0,0,393.3225806451613,6,8.694974032573235
7422,금천구,190617.329017792,540148.3724181144,2,2,0.5,1,2,0,740.5824004230577,0,0,0,2,1208.6129032258061,5,7.116330548116571
7423,금천구,190798.3050252995,540107.674959506,2,2,0.5,1,2,0,735.7529439300253,0,0,0,1,683.2903225806451,9,1.8905619525759871
7424,금천구,190609.927927588,539775.1782420188,4,2,0.75,1,2,0,655.8053647937103,0,0,0,2,6136.741935483871,6,1.3262875974572337
7425,금천구,190857.2688547926,539940.894211047,5,1,1.0,1,2,1,565.8504252862928,0,0,0,1,4198.258064516129,11,7.357563610904988
7426,양천구,188610.65557410568,548773.4589343494,3,2,0.3333333333333333,1,2,0,719.420988672895,0,0,0,3,3285.8387096774195,8,8.45129876343345
7427,양천구,188525.0804174953,548833.746785398,3,2,0.3333333333333333,1,2,0,696.5631779954326,0,0,0,2,4291.032258064516,6,6.234962422145992
7428,관악구,194827.507096601,542208.797388996,1,0,1.0,1,2,0,345.38947920934663,0,0,0,0,2871.2258064516127,3,11.527621627483905
7429,강서구,183372.744774674,551909.392582019,1,1,1.0,0,2,0,130.57504398867633,0,0,1,4,736.516129032258,8,3.293848651726225
7430,강서구,183376.50477895,551814.546493355,1,1,1.0,0,2,0,38.9455042848173,1,1,1,1,1376.1290322580644,8,3.8161758316666696
7431,강서구,183348.7727366805,551721.365783516,2,2,0.5,1,2,0,76.135897528733,0,1,1,1,1421.3870967741937,5,2.8452249502483857
7433,금천구,190842.2469147925,539683.2071425074,2,2,0.5,1,2,0,408.2336454639832,0,0,0,1,7585.58064516129,9,7.9003699697501455
7434,구로구,189499.500039811,545362.610255944,1,2,0.0,0,1,0,842.5301526156969,0,0,0,2,604.3548387096774,6,0.1209506995650766
7436,송파구,210565.448129097,542965.126525357,4,0,1.0,1,2,0,672.2108488731612,0,0,0,1,357.06451612903226,7,1.3102961181105854
7437,송파구,210484.944340085,542927.0265667,2,1,1.0,1,1,0,686.6535925133297,0,0,0,1,502.8387096774194,9,1.436078249018872
7438,송파구,210228.30928546572,542862.2937081248,4,0,1.0,1,2,0,743.8321884446352,0,0,0,2,657.2903225806452,9,0.5367934338762481
7439,송파구,210418.70658952664,542455.9570035021,3,0,1.0,1,2,0,1144.7531747176986,0,0,0,0,0.0,10,1.9081470139577423
7440,송파구,210439.042399112,542401.3907724717,3,0,1.0,1,2,0,1200.7216179775653,0,0,0,0,515.9354838709677,10,0.7385119334616874
7441,송파구,210557.849447482,542517.647327782,1,0,1.0,1,2,0,1102.281598628262,0,0,0,0,1014.0645161290322,13,0.4207317284394148
7442,송파구,210482.822812516,542478.176427946,1,0,1.0,1,2,0,1128.9773795686383,0,0,0,0,1014.0645161290322,13,0.6376317943198551
7443,송파구,210613.289324241,542582.5705838515,2,0,1.0,1,2,0,1051.8346562728268,0,0,0,0,667.8064516129032,12,0.1893158035617108
7444,강남구,210536.2187822795,541325.088274051,2,0,1.0,1,2,0,2281.390843021115,0,0,0,0,0.0,3,2.454440531653758
7445,영등포구,192206.05203183,547806.185135594,1,0,1.0,1,2,0,1217.8111474586249,0,0,0,0,0.0,2,11.40957631984664
7446,서초구,202083.876315603,545223.476514766,2,0,1.0,1,2,0,92.60321118453962,0,1,1,5,19433.774193548383,3,2.069898589916776
7447,강서구,184972.5154059945,551108.881651113,4,1,1.0,1,2,0,1356.003435626679,0,0,0,0,1359.9032258064517,4,0.0
7448,송파구,210709.63423020724,542622.6694908255,4,0,1.0,1,2,0,1043.4312585622115,0,0,0,1,151.8709677419355,9,0.396428864416561
7449,송파구,210683.083831061,542704.7187524345,2,2,0.5,1,2,0,957.313448748612,0,0,0,2,231.80645161290323,8,0.383283894920859
7450,영등포구,192325.1999846455,544510.381421837,2,2,0.5,1,2,0,758.9599035231171,0,0,0,2,726.0645161290322,9,4.599955962054481
7451,서초구,201983.04475017637,545484.0984440467,3,2,0.3333333333333333,0,2,0,363.4822033255646,0,0,0,2,12057.48387096774,3,3.843331882432904
7453,송파구,210264.7409816735,542799.6274284795,2,0,1.0,1,2,0,801.6859930642213,0,0,0,0,526.8709677419355,9,0.9355501540765588
7454,송파구,210284.601211986,542769.228005055,1,0,1.0,1,1,0,830.4333643674519,0,0,0,0,526.8709677419355,8,0.935550154076547
7455,송파구,210603.4558114483,542832.615322635,3,2,0.6666666666666666,1,2,0,809.8242881788144,0,0,0,2,339.7741935483871,8,0.6161404872651783
7456,서초구,201949.9192679205,544638.4764770435,2,2,0.0,0,1,0,287.23745785914343,0,0,0,4,1213.967741935484,8,0.8893035221732385
7457,서초구,201925.233437235,544753.5413826865,2,2,0.5,1,2,0,336.71445101991753,0,0,0,3,2702.387096774193,7,0.5996805383748693
7458,강서구,183951.62400517636,550804.9429191226,3,0,1.0,1,2,0,1122.978823994342,0,0,0,2,290.7741935483871,9,0.6169279576286435
7459,강서구,184041.8456736766,552305.3576734728,5,0,1.0,1,1,1,831.8024169226841,0,0,0,0,3.6774193548387095,5,1.756779897862749
7460,관악구,192720.296875,542068.71875,1,0,1.0,1,2,0,146.07583352512242,0,0,1,2,3862.7096774193546,6,8.524617063790364
7461,구로구,189381.165504141,544054.364788259,1,1,1.0,0,2,0,497.1210120593395,0,0,0,2,237.19354838709677,3,7.446179453281854
7462,관악구,193442.15851535,543674.836801424,1,2,0.0,0,1,0,217.67845064824135,0,0,0,2,1715.3870967741934,8,5.936141513770632
7463,서초구,199046.5794141055,543064.314972182,2,2,0.5,1,2,0,639.7805803009195,0,0,0,2,1476.258064516129,7,4.189950411645143
7465,관악구,194137.8951464545,541401.2994277109,2,2,0.5,1,2,0,1132.9134488217555,0,0,0,2,8970.258064516129,8,2.4317203004920884
7466,은평구,193304.75440092172,554680.9889048293,4,2,0.5,1,2,0,576.3271971758145,0,0,0,2,2180.645161290323,6,22.906848095366712
7467,용산구,196965.6564064202,550512.6234983202,5,2,0.6,1,2,0,236.66170077713585,0,0,0,2,2636.2258064516127,3,7.722988549471061
7468,강북구,201216.896239099,561076.2692379534,3,2,0.3333333333333333,1,2,0,750.0814891717719,0,0,0,2,4494.1612903225805,6,1.4129082601252565
7469,마포구,195579.43893237933,549446.6414753343,6,2,0.0,0,1,0,359.27682171768646,0,0,0,2,12041.806451612902,8,2.96052478409198
7470,성동구,202173.91963827,549544.85781596,1,1,1.0,0,2,0,445.46375529333466,0,0,0,3,1292.225806451613,2,3.882653997022916
7471,성북구,201158.024623579,557050.259160323,1,1,1.0,0,1,0,648.2245271782754,0,0,0,2,1396.0967741935485,1,42.54130558511847
7472,마포구,195017.415919594,548746.147138063,1,1,1.0,0,1,0,307.521076267833,0,0,0,1,1718.1612903225805,10,4.089498268984331
7473,마포구,194966.623039014,548656.164756743,1,1,1.0,0,1,0,400.2878348413854,0,0,0,1,465.5806451612903,9,4.076730381105988
7474,마포구,194817.005521191,548601.855067559,1,1,1.0,0,1,0,553.88749989533,0,0,0,0,0.0,5,7.8407598999133
7475,마포구,194846.366781694,548558.880125064,1,1,1.0,0,1,0,554.9481393150497,0,0,0,0,0.0,5,7.929624928216906
7476,성북구,201995.260092757,555748.612941122,1,1,1.0,0,2,0,143.22498206373717,0,0,1,0,10237.741935483871,6,10.713763631192649
7477,중구,196772.9420386117,550676.4148678391,4,2,0.5,1,1,0,443.7050348118655,0,0,0,1,364.4516129032258,1,12.681783902667194
7478,용산구,196596.9112699242,548111.5043021966,5,2,0.6,1,2,0,1411.0608540135731,0,0,0,2,1104.8064516129032,9,5.634515089342027
7479,마포구,192047.2787263363,549902.800212804,3,2,0.3333333333333333,0,1,0,1003.3678197566456,0,0,0,1,2762.774193548387,9,2.559596025652535
7480,마포구,191972.116957737,549812.319280649,1,1,1.0,0,1,0,1098.1281298684926,0,0,0,0,258.48387096774195,7,1.5426254252640614
7481,마포구,192117.39287024,549864.916851684,1,1,1.0,0,1,0,944.0818862848968,0,0,0,0,2762.774193548387,10,1.1046469423241083
7482,마포구,192000.765248918,549776.655043738,1,1,1.0,0,1,0,1081.1022336727576,0,0,0,0,258.48387096774195,6,1.5426254252640554
7483,마포구,191876.975294712,549715.095858234,1,1,1.0,0,1,0,1218.0392967850726,0,0,0,0,0.0,6,3.688261329588152
7484,마포구,191913.615377674,549684.516677512,1,1,1.0,0,1,0,1194.045393598337,0,0,0,0,0.0,5,3.4199501880225207
7485,성북구,200728.72201139104,556954.8394820769,2,2,0.5,1,2,0,514.418356103066,0,0,0,3,8321.83870967742,5,22.608405205043784
7486,서대문구,196616.08655154,552384.307703931,2,1,1.0,1,2,0,683.731677895925,0,0,0,5,9544.645161290322,7,3.2980523979415706
7487,중랑구,206836.468642427,555976.859689961,4,2,0.5,1,2,0,523.1050322713553,0,0,0,2,5662.0,9,0.6937644423908473
7488,중랑구,207099.537440023,552589.760927441,1,2,0.0,0,1,0,522.4765369248786,0,0,0,2,3770.5806451612907,3,1.482160614510913
7489,성북구,204121.129852024,557652.476202442,3,2,0.6666666666666666,1,2,0,608.3920945940747,0,0,0,0,2488.516129032258,8,3.507519744193246
7490,마포구,193434.44865732864,550992.6893214026,3,2,0.3333333333333333,1,2,0,209.0100064090054,0,0,0,1,17737.90322580645,7,4.206858130094542
7491,서초구,205231.5548701113,539643.1739010778,4,0,1.0,1,2,0,3495.6316659093627,0,0,0,1,2083.2258064516127,7,10.6463050354607
7492,서초구,200935.7759378602,545651.9109492152,5,2,0.4,0,2,0,233.34322496634255,0,0,0,0,17.774193548387096,8,0.5155627965214293
7493,강남구,208786.936146615,543738.258441477,1,0,1.0,1,1,0,696.8268419860872,0,0,0,0,0.0,1,9.486144426248146
7494,송파구,212466.85854590224,541781.6310281574,4,2,0.75,1,2,0,1935.467083939256,0,0,0,2,3168.032258064516,5,3.785888368961624
7496,송파구,212514.051153807,541911.90001375,3,2,0.3333333333333333,1,2,0,1799.7614087525187,0,0,0,2,4235.870967741936,11,1.959348390748588
7497,송파구,212534.0031670305,542192.7849038639,2,2,0.5,1,2,0,1518.8935965082092,0,0,0,2,1511.7096774193549,12,7.772188084786956
7498,영등포구,192810.533959466,547446.448120048,1,0,1.0,1,2,0,1163.699178584329,0,0,0,0,3698.8064516129034,7,2.2384593362794725
7499,강남구,204685.081578209,541770.930317902,1,0,1.0,1,2,0,1318.0404349295757,0,0,0,1,935.741935483871,3,4.408504894166061
7500,송파구,212554.6054172745,542389.8800313126,2,2,0.5,1,1,0,1320.954207376962,0,0,0,0,1139.4516129032259,8,2.381810956748432
7501,영등포구,191036.991106604,546694.45828842,4,0,1.0,1,2,0,629.7117103104297,0,0,0,0,455.51612903225805,11,0.0
7502,서초구,202186.6998520665,540678.745903383,2,2,0.5,0,2,0,2120.56884925204,0,0,0,1,3765.7096774193546,5,3.627102348879727
7503,서초구,201883.774876688,540084.755135552,1,1,1.0,0,1,0,2786.994774262346,0,0,0,0,0.0,4,1.9246837673529824
7504,영등포구,193241.5303626385,545946.238794538,2,2,0.5,1,2,0,536.7583210014117,0,0,0,3,5596.645161290322,4,0.4245756880029431
7505,마포구,194945.62998633,548692.480264313,1,1,1.0,0,1,0,396.72803606763296,0,0,0,0,465.5806451612903,9,11.413014519619743
7506,강북구,201511.444269868,559855.404701128,1,0,1.0,1,2,0,525.3643380684065,0,0,0,0,833.7096774193549,6,1.5358274266946974
7507,서대문구,196067.331518012,551036.7053528017,3,0,1.0,1,2,0,780.6451183874785,0,0,0,0,8495.064516129032,14,12.587193248173609
7508,마포구,196422.9177419775,549921.312584297,2,2,0.5,1,2,0,408.6319667679003,0,0,0,1,3958.516129032258,2,12.686509341920257
7509,용산구,196884.435411307,548224.630429682,1,0,1.0,1,2,0,1566.5092180485938,0,0,0,1,1732.5806451612902,8,0.1274140302988631
7510,용산구,195979.507673957,547769.704164429,1,0,1.0,1,2,0,1329.1734045954713,0,0,0,2,1799.9354838709676,5,1.2875879182264487
7511,은평구,193556.8110606474,559397.4611244865,5,1,1.0,1,2,1,1311.8420300065968,0,0,0,2,2236.0967741935483,5,8.146934986555472
7512,성동구,205315.0188831,549869.6117768432,4,2,0.25,1,2,0,522.2541300364693,0,0,0,0,867.9032258064516,2,3.137957994530748
7513,마포구,192346.07669470832,550938.2101584281,3,2,0.3333333333333333,1,2,0,943.80846504013,0,0,0,1,1891.3870967741937,6,0.0973038394421739
7514,영등포구,191143.1991571865,548817.790565815,2,1,1.0,0,1,0,1297.5100688296286,0,0,0,0,408.741935483871,3,5.710959926201351
7515,영등포구,191184.017470265,548786.668955112,1,1,1.0,0,1,0,1274.6318672604873,0,0,0,0,408.741935483871,3,4.939075252832399
7516,강남구,208359.776784184,542701.8090341175,2,2,0.5,1,2,0,795.7776608988703,0,0,0,3,2659.9999999999995,4,3.3305149258573272
7517,강남구,208369.351779022,542563.8907469255,2,2,0.5,1,2,0,864.448789712414,0,0,0,2,534.7741935483871,5,2.094543522106586
7518,강남구,208156.86645251152,542429.360848458,2,2,0.5,1,2,0,1115.050974026938,0,0,0,2,401.1612903225806,3,7.876477067111966
7519,강남구,208330.67924499448,542485.938354538,2,2,0.5,1,2,0,943.554869635989,0,0,0,2,732.741935483871,4,9.47511767846855
7520,송파구,212667.710860894,542455.0316226196,2,0,1.0,1,2,0,1243.204469162582,0,0,0,2,1079.7096774193546,5,1.9386759637279976
7521,강남구,207902.660814995,542462.5449505539,2,2,0.5,1,2,0,1311.5549988873734,0,0,0,2,517.8064516129032,3,6.79202330267278
7522,강남구,209384.255844254,541265.916728702,1,0,1.0,1,2,0,1857.904533517891,0,0,0,2,478.8709677419355,7,1.1305822967800396
7523,송파구,212772.0772341495,542441.3765457314,2,0,1.0,1,2,0,1253.5255998219898,0,0,0,1,1356.9354838709678,4,4.205587143995786
7524,송파구,212770.862157615,542287.9897343216,2,0,1.0,1,2,0,1406.8952848961535,0,0,0,2,1461.516129032258,10,12.315109065963163
7525,송파구,212761.127199245,542002.720169997,1,0,1.0,1,2,0,1692.1200796076373,0,0,0,3,1604.6129032258063,11,8.06291232240755
7526,송파구,212650.4313731805,542097.3733125511,2,0,1.0,1,2,0,1601.188410974858,0,0,0,1,2525.1290322580644,9,11.128026516256954
7527,송파구,212529.62902584,542016.531838719,1,0,1.0,1,2,0,1693.9830595047267,0,0,0,2,2567.2903225806454,11,1.102370180951754
7529,송파구,212582.5875321065,541775.3225281035,2,0,1.0,1,2,0,1927.6565723942692,0,0,0,0,3897.0967741935483,7,3.255322875910996
7530,금천구,189359.612072678,542810.714316548,1,0,1.0,1,2,0,729.0703575907598,0,0,0,0,2018.032258064516,7,0.379970548893341
7531,강동구,211774.10168227277,548685.614162672,4,0,1.0,1,2,0,223.7896712032804,0,0,0,0,1309.8387096774193,7,5.763907253843996
7532,강동구,211707.49962961,548728.8229712781,2,2,0.5,1,2,0,160.37281531031087,0,0,1,0,1081.8064516129032,7,9.418568490133351
7534,강서구,185870.458455952,551911.3247864977,4,0,1.0,1,1,0,1462.2428280084075,0,0,0,2,1288.967741935484,7,0.2764315620253417
7535,성북구,203563.59530216895,557189.6296025327,3,2,0.6666666666666666,1,2,0,245.01481972940164,0,0,0,4,3366.4193548387093,5,18.52884370239534
7536,도봉구,203273.151068563,562693.587139177,1,0,1.0,1,2,0,564.8749210984021,0,0,0,2,4448.677419354839,9,1.531183071737523
7537,도봉구,203236.95256133,562742.802835348,1,1,1.0,0,2,0,597.6549219500424,0,0,0,0,5947.354838709677,10,2.367365836372013
7539,노원구,204773.550106275,558608.817667687,1,0,1.0,1,2,0,1159.6396533634309,0,0,0,0,5005.709677419354,4,6.911324506963545
7540,중구,198728.638615595,552074.624986936,1,0,1.0,1,2,0,225.08424777820196,0,0,0,1,2285.6774193548385,9,5.165226349174337
7541,성북구,201195.184658136,555592.123900729,1,0,1.0,1,2,0,698.5410820043821,0,0,0,2,5523.870967741936,6,8.333333333333332
7542,성북구,201577.0677198755,553475.217750825,2,2,0.5,1,1,0,728.4205212358806,0,0,0,0,1094.6774193548385,5,25.066702837928837
7543,종로구,200429.96819155567,552384.6267871404,3,2,0.6666666666666666,1,2,0,184.4287126328609,0,0,1,3,10100.612903225805,8,0.4675928611393528
7544,종로구,201235.03649596567,552547.775589484,3,2,0.6666666666666666,1,2,0,68.74866001766893,0,1,1,2,19885.0,6,0.9967025313792572
7545,종로구,199936.67760139095,552358.3359899761,2,2,0.5,1,2,0,309.80506762025084,0,0,0,4,15036.90322580645,10,0.8323729037181297
7546,종로구,198339.38983724525,552300.288397474,4,2,0.75,1,2,0,75.76644162269469,0,1,1,3,17870.06451612903,10,1.7164906443581114
7547,종로구,198720.26189719068,552298.8841495194,3,2,0.6666666666666666,1,2,0,89.28298915758315,0,1,1,4,19943.96774193548,9,1.9790951514098984
7548,노원구,205126.129873872,560938.835714119,1,0,1.0,1,2,0,662.6331856619101,0,0,0,2,220.48387096774195,5,1.7522326228093792
7549,영등포구,191199.865004438,546202.865743133,4,2,0.75,1,2,0,229.00344478364573,0,0,0,0,7988.322580645161,9,0.0
7550,영등포구,189645.60939903,546299.744666053,1,1,1.0,0,1,0,1768.380471828745,0,0,0,0,156.4516129032258,4,8.369807250038292
7551,영등포구,191208.89433774768,546365.2820871933,3,0,1.0,1,2,0,274.22539949228604,0,0,0,0,496.35483870967744,13,6.213897722565939
7553,도봉구,204351.991574515,565693.544146535,1,0,1.0,1,2,0,1489.204551300673,0,0,0,0,0.0,1,4.132720027973562
7554,도봉구,204343.12269411705,565387.0075637534,3,0,1.0,1,2,0,1204.7123968345,0,0,0,2,204.58064516129033,4,8.261759922954818
7555,도봉구,201299.90886784767,562002.2978531633,3,2,0.3333333333333333,1,2,0,1530.382809162518,0,0,0,4,2939.774193548387,8,9.551169327711122
7556,성동구,203596.162348684,550615.289720675,2,0,1.0,1,2,0,1746.0486375217856,0,0,0,0,302.19354838709677,8,6.374126516373861
7558,구로구,189613.0419946295,544545.4632655695,4,2,0.5,1,2,0,27.835907563013954,1,1,1,7,13194.032258064515,11,5.19259948480505
7560,강남구,205983.978537082,545415.753656716,1,0,1.0,1,1,0,987.828194541472,0,0,0,0,1069.741935483871,7,8.866145496002984
7562,강서구,185773.987325135,548164.221538414,1,0,1.0,1,1,0,309.7749415901979,0,0,0,1,5277.225806451613,7,3.699670545055869
7563,강남구,205998.315601736,543327.174192164,1,0,1.0,1,2,0,830.3826253159225,0,0,0,2,4376.774193548387,4,1.0417877071181596
7564,관악구,196365.788494901,541474.851729289,2,2,0.5,1,2,0,640.7687206989707,0,0,0,2,360.35483870967744,2,7.932189267963103
7565,강남구,202546.2279695455,546502.626930576,2,2,0.5,0,2,0,643.028219991186,0,0,0,2,3320.064516129032,4,5.963150997463664
7566,강남구,202649.281662974,546245.7286949457,3,2,0.3333333333333333,0,2,0,495.936866428806,0,0,0,2,5959.1935483870975,5,4.319262751051423
7567,강서구,186348.88624338,547900.921247755,1,0,1.0,1,2,0,144.18130838599657,0,0,1,0,11167.41935483871,7,5.780168818018403
7569,관악구,196019.63948260248,542937.5022924255,2,0,1.0,1,2,0,139.64365310420106,0,0,1,2,10238.451612903227,7,11.05604245442676
7570,영등포구,192051.14495769,547205.157537621,1,1,1.0,0,2,0,602.0212601802367,0,0,0,0,553.3548387096774,8,1.5005951476400092
7571,강남구,209776.175446229,541947.654800336,1,0,1.0,1,1,0,1355.7234810555303,0,0,0,2,1424.9032258064517,3,8.135884070500271
7572,강동구,212907.111109923,550592.6728244895,2,0,1.0,1,2,0,560.1408595917776,0,0,0,2,896.3870967741937,8,10.883884651159192
7573,강서구,185467.0261492505,550368.274199851,2,2,0.5,0,2,0,494.3801550449541,0,0,0,2,4398.419354838709,5,1.74424855373181
7574,양천구,189166.951319835,548250.609767791,1,0,1.0,1,1,0,1125.051919160964,0,0,0,1,5358.290322580645,15,2.0380654126405653
7575,송파구,211252.69310311,543137.4135386855,2,2,0.5,0,2,0,954.4575499160444,0,0,0,2,1627.8064516129034,6,2.1211825142295737
7577,송파구,212041.0890106957,543709.4824785608,3,2,0.3333333333333333,1,2,0,683.0987524092131,0,0,0,2,1652.3225806451612,4,1.1210678705479775
7578,송파구,211262.69096792,543476.517028614,2,2,0.5,1,2,0,775.110430669364,0,0,0,2,1416.483870967742,7,3.739268876895092
7579,서초구,198805.458425648,544756.711234737,1,2,0.0,0,1,0,1583.2567867649586,0,0,0,0,0.0,5,0.8530184064840096
7580,강남구,209422.712200034,541338.682158329,1,0,1.0,1,2,0,1793.9031337162735,0,0,0,3,980.9677419354839,7,2.1850624823209586
7581,강남구,209574.103967077,541339.3386151155,2,2,0.5,1,2,0,1830.539460683893,0,0,0,0,1067.1612903225805,8,10.064363623987909
7582,동작구,195395.5444677795,545259.474829072,2,2,0.5,0,2,0,129.63008981021835,0,0,1,4,4884.258064516129,6,1.5980030648776733
7583,영등포구,190926.09407700732,546856.8257345607,3,2,0.3333333333333333,1,1,0,682.5393953986462,0,0,0,2,6401.645161290322,6,0.279486496518917
7584,강남구,210221.665170416,541626.0115742225,2,2,0.5,1,2,0,1876.7741279648408,0,0,0,0,0.0,3,0.2785338873989691
7585,송파구,212657.937420658,544556.034692248,1,1,1.0,0,2,0,383.6418867652216,0,0,0,0,4415.741935483871,7,8.816144549820741
7586,양천구,187136.2062082075,547263.672094557,2,2,0.5,1,2,0,301.1177494873907,0,0,0,2,7562.58064516129,5,0.9898583866344584
7587,양천구,188139.994791667,545921.245468179,1,0,1.0,1,2,0,833.410468501306,0,0,0,2,1954.9354838709678,7,0.2389509069359174
7588,서초구,202627.4334401537,542799.2293236196,3,2,0.3333333333333333,0,2,0,595.246536615966,0,0,0,1,1973.741935483871,3,2.190200424035045
7589,양천구,185946.25852654752,545646.5615642875,2,0,1.0,1,2,0,1316.3855245216691,0,0,0,2,5051.580645161291,10,0.9088922768861528
7590,강서구,184134.1911888765,552850.193185476,2,2,0.5,0,2,0,1299.2155990908177,0,0,0,0,35.516129032258064,7,3.968312794284348
7591,강서구,186476.310528064,549511.772233278,1,0,1.0,1,1,0,366.7123284922949,0,0,0,2,4226.677419354839,6,0.7820957678623705
7592,성북구,203312.422246119,554953.497814148,1,0,1.0,1,2,0,581.571161056025,0,0,0,1,10317.677419354839,4,0.4374927421576065
7593,중구,200858.4481883105,552231.8965228021,2,0,1.0,1,2,0,223.0758808036452,0,0,0,1,639.9677419354839,6,7.4622204601865025
7594,노원구,205162.400379013,563477.288934197,1,0,1.0,1,2,0,710.8168492507883,0,0,0,2,1408.8064516129034,5,1.136404592917799
7596,성동구,201944.478064431,549856.761475325,1,1,1.0,0,2,0,88.01440976793893,0,1,1,6,5838.064516129032,3,1.4375173857595709
7597,성동구,202674.5750538732,552207.6700864024,5,2,0.6,1,2,0,437.4794670550887,0,0,0,1,3902.7741935483878,4,8.333333333333336
7599,중랑구,206875.836874647,556951.944815186,2,0,1.0,1,2,0,286.7320127368745,0,0,0,3,4050.3870967741937,10,5.123240959348217
7600,노원구,206651.314077,562567.575964821,1,0,1.0,1,2,0,340.67783396748143,0,0,0,2,2844.0322580645156,12,6.729088225046441
7601,중구,202066.749342828,552428.861496279,5,2,0.6,1,2,0,246.35354615548516,0,0,0,2,2619.0,5,7.984002579281407
7602,광진구,208345.663251262,548403.030499311,1,0,1.0,1,2,0,2210.969367049422,0,0,0,0,3437.258064516129,7,0.3840797024344529
7603,도봉구,203609.06512551,561600.7649048041,2,2,0.5,1,2,0,386.0172589532232,0,0,0,2,793.516129032258,7,3.204842488302256
7604,종로구,199741.63010545,552349.51602801,1,0,1.0,1,2,0,504.989579110636,0,0,0,1,13012.32258064516,9,1.0379181701405866
7605,중구,198476.08058524865,552125.6032718484,3,1,1.0,1,2,0,166.26234135085488,0,0,1,4,8705.322580645161,6,1.6515040245685952
7606,중구,198907.1544737078,552043.376455099,5,2,0.6,1,2,0,145.920519676406,0,0,1,4,2215.6129032258063,7,8.030405479945214
7607,중구,199822.8644297745,552126.5488142058,6,2,0.8333333333333334,1,2,1,351.0250681220017,0,0,0,2,1907.4193548387098,11,1.885358769772824
7608,서대문구,195109.00835788695,554314.8674885705,2,0,1.0,1,2,0,23.239324504299155,1,1,1,4,30159.645161290322,4,1.4424452012604878
7609,중구,198032.739822004,552167.8148054765,2,2,0.0,0,2,0,116.83053707092864,0,0,1,7,22778.032258064515,12,2.600989342590392
7610,용산구,197412.3002971608,548068.0984329884,5,2,0.4,1,2,0,1955.966885139362,0,0,0,3,7258.806451612903,4,1.8838031050938608
7611,용산구,197555.91459947955,549359.0730279485,2,0,1.0,1,2,0,1175.7454617983128,0,0,0,4,23352.51612903226,8,2.0497031655567475
7612,용산구,199018.080218855,548296.546879666,1,0,1.0,1,2,0,334.28713267953736,0,0,0,1,4443.193548387097,4,17.629264584810826
7613,용산구,199260.417086277,547311.508789893,1,0,1.0,1,2,0,809.0659787313311,0,0,0,2,4649.741935483871,2,4.4664657524329066
7614,마포구,194487.52241008295,550202.2928777986,2,2,0.5,1,2,0,488.0808297485512,0,0,0,2,2280.5483870967737,4,5.720356466826762
7615,마포구,194567.230688326,549391.9100913436,2,2,0.5,1,2,0,673.9134818542656,0,0,0,2,1535.5483870967741,6,1.090702425398898
7616,동대문구,206781.126552729,552477.64822809,2,2,0.5,1,2,0,205.40400578982928,0,0,0,0,111.48387096774194,8,5.680605966501944
7617,동대문구,203978.440782227,553469.900172919,1,0,1.0,1,2,0,10.184770613921222,1,1,1,5,34489.032258064515,7,0.5535416789135894
7618,서대문구,196387.0670587165,552455.7392606635,2,1,1.0,1,2,0,888.3934148426744,0,0,0,5,6902.129032258064,6,9.959315857679307
7619,도봉구,202440.566236519,562343.096315737,1,0,1.0,1,2,0,525.6370575859733,0,0,0,3,4335.032258064516,5,1.8039272286272496
7620,은평구,192670.878765794,559652.396950396,2,0,1.0,1,2,0,1389.3771760095246,0,0,0,2,13566.741935483871,8,2.6570167922700705
7621,종로구,200180.3518777155,552248.2263262175,2,0,1.0,1,2,0,149.09151126154632,0,0,1,2,3308.3870967741937,6,0.4092861931176313
7623,성동구,202986.90095471952,552349.613302167,2,2,0.5,1,2,0,357.21299977453936,0,0,0,2,875.0645161290323,5,7.253382973819568
7624,중구,199329.7895135156,552063.8981486748,5,2,0.8,1,2,1,358.17462684626025,0,0,0,1,362.7096774193549,4,5.727845467318934
7627,서대문구,194345.3335564653,550651.294113577,3,2,0.6666666666666666,1,2,0,17.460621670327132,1,1,1,3,36865.16129032258,7,2.5662147599828224
7628,마포구,195125.574838251,550805.1451500467,3,2,0.6666666666666666,1,2,0,81.75568366272856,0,1,1,5,9997.064516129032,9,7.173618842594038
7629,서대문구,195299.841431168,550813.182497825,2,0,1.0,1,2,0,254.32463987210116,0,0,0,4,7768.419354838711,9,4.219106005337186
7630,종로구,198171.95807014432,552197.5482937,3,1,1.0,1,2,0,221.36027010496807,0,0,0,1,17467.22580645161,11,2.482105700229992
7631,중구,201691.071920148,552373.449528574,3,0,1.0,1,2,0,321.547805941132,0,0,0,2,778.7741935483871,4,9.799416882840438
7632,종로구,200484.77767312463,552399.685737073,3,2,0.6666666666666666,1,2,0,239.85417653557644,0,0,0,3,11216.354838709676,6,0.5680307468826425
7633,종로구,198777.244682059,552296.1141920275,2,0,1.0,1,2,0,32.36773264560075,1,1,1,3,21304.129032258064,7,1.482764706277185
7634,송파구,209382.04903228348,545655.4713883579,2,2,0.5,1,2,0,415.7897726561652,0,0,0,1,542.4516129032259,4,2.777403188880759
7635,송파구,210242.9429168615,542680.67502952,2,2,0.5,1,1,0,922.203348605047,0,0,0,0,0.0,7,0.9355501540765588
7636,강서구,183992.71397769972,551049.615458678,4,0,1.0,1,1,0,943.7594787472236,0,0,0,0,29.258064516129032,7,1.4912900779554183
7637,성동구,202343.63598259437,552333.2124091963,3,1,1.0,0,2,0,412.74573397004247,0,0,0,2,475.8387096774194,3,7.924301182136998
7638,중구,201400.8361801985,552224.8675073298,4,2,0.75,1,2,0,325.64953064738773,0,0,0,1,2288.1290322580644,6,7.478945227446747
7639,종로구,196825.4114111185,554798.3979535635,2,2,0.0,0,1,0,1533.4500996412282,0,0,0,3,1512.5806451612905,4,8.858602005286425
7640,송파구,208089.51914623,546141.059168796,1,1,1.0,0,2,0,662.1217448461177,0,0,0,0,0.0,5,0.644901901999931
7641,도봉구,203030.24856527676,560730.9177915998,4,2,0.5,0,2,0,223.75972718041865,0,0,0,2,10487.709677419356,5,2.5078266174803923
7642,강서구,183142.987835486,552051.579864026,2,2,0.5,1,2,0,370.6140940474321,0,0,0,0,0.0,5,0.3212822291950316
7643,마포구,192902.4226079165,550476.410949839,2,0,1.0,1,2,0,386.1116087070948,0,0,0,2,11079.483870967742,11,2.714733083713945
7644,서대문구,195134.712142382,554884.615763716,1,2,0.0,0,1,0,197.3308181450189,0,0,1,0,2635.6129032258063,7,7.64161679840497
7647,강북구,202282.0083905928,558826.9925249568,4,2,0.0,0,1,0,192.2637564892652,0,0,1,0,9216.354838709678,5,6.205302928453816
7648,강북구,202246.05462419352,558953.3737784638,4,2,0.0,0,1,0,85.14496191041253,0,1,1,2,16360.51612903226,4,9.936435778920808
7649,송파구,208055.590075735,546258.544179412,1,2,0.0,0,2,0,707.6660447014895,0,0,0,2,306.0,4,0.1508355616616145
7650,송파구,208134.003301745,545986.910979982,1,2,0.0,0,2,0,633.9360777442212,0,0,0,0,256.741935483871,4,1.342296959590055
7651,송파구,213932.960717033,543956.8137452042,4,2,0.0,0,2,0,752.0014592982897,0,0,0,0,548.2903225806451,4,3.479831033069848
7652,송파구,209732.245655742,543827.503341487,2,2,0.0,0,2,0,603.411941895322,0,0,0,0,0.0,1,0.084637090573274
7654,송파구,208854.199497474,546258.8826536777,4,2,0.0,0,2,0,257.3975394625657,0,0,0,0,8266.645161290324,6,0.049133389763171
7655,송파구,212357.236667778,544861.221475442,1,2,0.0,0,1,0,811.2664669692324,0,0,0,2,3531.967741935484,9,2.747251320109996
7656,송파구,213461.6967321525,543915.2854253375,4,2,0.0,0,1,0,365.6157202485814,0,0,0,1,983.3225806451612,11,2.880578956280809
7657,송파구,210057.506107856,546178.903896048,1,2,0.0,0,2,0,352.66554673757884,0,0,0,0,1148.6774193548388,3,0.2203924526105568
7659,송파구,211016.495587616,541187.6469603691,2,0,1.0,1,1,0,2503.773427877838,0,0,0,1,813.6451612903227,4,12.490177734504886
7661,송파구,207590.847714503,546314.510435632,1,2,0.0,0,1,0,538.322551893205,0,0,0,1,461.90322580645164,3,4.97934866521252
7662,송파구,207893.982271123,546360.207983004,1,2,0.0,0,2,0,683.009569358989,0,0,0,0,306.0,3,5.754316897710312
7663,송파구,211591.8757150689,543663.1527607397,8,2,0.0,0,2,0,1047.3280902802114,0,0,0,0,1779.1612903225805,5,7.675182807345185
7664,송파구,212349.728210333,544086.271646639,1,2,0.0,0,1,0,527.680520634847,0,0,0,0,2701.612903225807,4,10.734686437386548
7666,송파구,209194.28666769675,544789.8944579692,4,2,0.0,0,1,0,392.92697776028,0,0,0,0,0.0,3,0.4483251989804178
7669,송파구,207336.583636355,546298.193097962,1,2,0.0,0,1,0,555.775271685704,0,0,0,0,339.5483870967742,3,0.1906322784983771
7670,송파구,210626.010356353,542269.000725632,1,2,0.0,0,2,0,1359.6280903953343,0,0,0,1,2354.6129032258063,12,0.2645785497119372
7672,송파구,209630.182760708,547685.787949525,2,0,1.0,1,2,0,1451.165529660796,0,0,0,0,231.48387096774192,4,2.9571593953431714
7674,송파구,209853.70883953295,547065.5137168365,2,2,0.0,0,2,0,841.1474126596704,0,0,0,0,0.0,2,6.782458200858242
7676,송파구,209229.655677696,547068.854356815,1,2,0.0,0,1,0,954.1977453230948,0,0,0,0,0.0,5,8.162630350114181
7677,송파구,211307.285887046,541900.2934004656,3,2,0.0,0,2,0,1954.5419870502403,0,0,0,0,840.9354838709678,6,0.0614269146683869
7679,송파구,210660.626412271,548925.642478961,2,2,0.0,0,2,0,254.5693927297099,0,0,0,0,2804.3870967741937,4,3.588716618084262
7680,송파구,210412.923577266,547690.9804640005,2,2,0.0,0,1,0,1253.0410617052505,0,0,0,0,1607.2903225806451,4,0.3334607590823986
7681,강동구,212507.193485216,548114.2118513017,3,2,0.0,0,2,0,297.4295922049321,0,0,0,2,2784.0967741935483,6,2.6407240140817243
7682,강동구,212216.6759078713,548871.1621015576,3,2,0.0,0,1,0,239.6421660660733,0,0,0,0,886.3870967741935,9,0.3113404179209134
7683,강동구,214266.858165447,551019.162335393,1,2,0.0,0,1,0,1812.527018830625,0,0,0,0,0.0,6,2.7929614248215158
7684,강동구,215876.184941382,551487.737858787,1,2,0.0,0,1,0,3456.288757909775,0,0,0,0,1511.032258064516,8,5.9608051951269125
7685,강동구,215117.37038731552,552092.387571302,2,2,0.0,0,2,0,3135.771381697073,0,0,0,0,371.5806451612903,4,3.946057347800215
7686,강동구,213650.67026034705,551155.87757018,4,2,0.25,1,2,0,1431.232614721079,0,0,0,2,1371.5483870967744,9,1.6947896509971607
7687,강동구,213162.38843537477,550765.5798308814,4,2,0.0,0,2,0,827.0108407517419,0,0,0,0,630.9354838709678,6,16.666666666666664
7689,강동구,213371.943882958,549972.255327735,1,2,0.0,0,2,0,650.5413823887744,0,0,0,2,3097.548387096774,5,1.5033300908430172
7693,강동구,215450.266655819,552123.636943997,1,1,1.0,0,2,0,3415.0873341092874,0,0,0,1,1764.225806451613,7,1.4972822656261957
7694,강동구,211878.448479727,548629.383882035,1,2,0.0,0,2,0,224.25984767297695,0,0,0,1,994.483870967742,8,3.1862816935300486
7695,강동구,212244.121023468,547646.924530329,1,2,0.0,1,2,0,666.5098571938676,0,0,0,2,1957.5483870967741,2,1.9001630135406695
7698,강동구,213033.3963066803,549686.6007506027,3,2,0.0,0,2,0,315.758387151994,0,0,0,1,182.5483870967742,4,1.3627234683250755
7699,강동구,215106.321972352,549890.1421156,1,2,0.0,0,1,0,2384.895262310124,0,0,0,0,1064.1935483870968,7,12.882589052125049
7700,강동구,214073.797899158,549569.64873717,1,2,0.0,1,2,0,1357.6890528894548,0,0,0,2,185.2258064516129,2,0.6470608195819239
7701,강동구,211003.692120267,548399.370810213,1,2,0.0,0,2,0,356.47434121075736,0,0,0,0,1754.1612903225807,2,1.058859886724003
7702,강동구,215112.59835033296,549934.8809045852,3,2,0.0,0,2,0,2388.3555554650397,0,0,0,0,1064.1935483870968,7,9.760225942198844
7703,강동구,211533.619669719,547755.41850449,1,2,0.0,0,1,0,734.9783860714916,0,0,0,0,818.6451612903226,12,0.0804065849197203
7704,강동구,211408.243876116,550194.505216409,1,2,0.0,0,2,0,90.31358591038514,0,1,1,0,3313.3548387096776,7,1.4128659112423314
7706,강동구,214427.715615695,549615.575714051,1,2,0.0,0,1,0,1709.3347526236378,0,0,0,2,116.96774193548387,2,0.3955755485211654
7707,강동구,213822.688117887,548959.612474737,1,2,0.0,0,1,0,1147.1541763521582,0,0,0,0,0.0,1,8.32179042449308
7708,강동구,214157.7531581325,550086.0373681375,2,2,0.0,0,2,0,1430.3224899417442,0,0,0,2,275.7741935483871,2,13.303574735182613
7709,강동구,211603.74179588,547056.248083973,1,2,0.0,0,1,0,1415.6062879064757,0,0,0,2,685.9354838709677,3,1.4927860942108673
7711,강동구,212172.49713735704,550461.169683204,2,2,0.0,0,2,0,683.7097008167016,0,0,0,0,3913.741935483871,5,5.114406016408062
7713,강동구,213938.999413867,550009.995466062,1,2,0.0,0,2,0,1212.4863937177493,0,0,0,1,781.2258064516129,4,7.980307454457111
7716,강동구,214939.550688344,552933.022721141,1,2,0.0,0,1,0,3624.2220636219454,0,0,0,2,61.935483870967744,2,0.1921188031340766
7718,강동구,213740.625637633,551216.8378252584,3,2,0.0,0,2,0,1536.117742136378,0,0,0,3,1817.4193548387098,4,2.3623575972866995
7719,강동구,214605.354609791,551040.966555435,1,0,1.0,1,2,0,2117.5675778995046,0,0,0,0,1107.741935483871,5,7.516828572828207
7720,강동구,214588.2809893996,550939.4632824808,5,1,1.0,1,2,1,2057.144706741637,0,0,0,2,3462.774193548387,6,1.246890179415138
7722,강남구,204560.30346067,547602.236012434,1,2,0.0,0,1,0,643.9375799928546,0,0,0,0,0.0,0,1.559011685075736
7723,동작구,196493.67086446,544602.356406017,1,0,1.0,1,1,0,707.751978626277,0,0,0,3,4571.580645161291,5,17.861709131528457
7724,서대문구,192371.013832956,552274.2192936713,3,1,1.0,1,2,0,138.41718968326342,0,0,1,3,11832.709677419354,10,2.3060350364495896
7725,광진구,208011.902229786,548731.282445292,1,0,1.0,1,2,0,1815.7093053075705,0,0,0,2,2707.4838709677415,9,6.076662429298025
7726,종로구,196211.109110541,556520.569506035,1,0,1.0,1,2,0,1980.7097153753768,0,0,0,4,2675.6129032258063,2,2.7715883611973644
7727,성북구,202188.6771472865,556141.062127667,2,2,0.5,1,2,0,80.89228306935382,0,1,1,3,15674.774193548388,10,8.720638307327668
7729,노원구,205147.98967784736,560633.8975613107,3,2,0.3333333333333333,1,2,0,949.9736577683664,0,0,0,0,1217.1612903225807,4,1.3530273420218937
7730,강북구,202074.444649371,559547.04905409,1,2,0.0,0,1,0,6.766229007138086,1,1,1,1,11337.290322580646,8,2.726186939139801
7731,강북구,202570.545538689,557712.266896675,2,0,1.0,1,2,0,19.351917985355808,1,1,1,2,8397.516129032258,12,0.257703587027199
7732,도봉구,204049.1901276515,564789.6704677076,2,0,1.0,1,2,0,918.2126928938176,0,0,0,3,4181.548387096774,3,1.7932056153205405
7735,성북구,201470.7601952015,554720.3292286892,6,2,0.1666666666666666,1,2,0,165.93743147600009,0,0,1,3,26983.967741935485,8,1.141927308729033
7736,강북구,202658.2262824855,557071.1214027265,2,0,1.0,1,2,0,40.53587965639678,1,1,1,6,49633.64516129032,4,2.9154570973389347
7738,종로구,196277.361007503,555566.3618795365,2,2,0.0,0,1,0,1269.306444438532,0,0,0,5,2813.870967741936,3,6.488984496219293
7739,성북구,202607.487195662,553719.0520528284,3,2,0.3333333333333333,1,1,0,600.6577721435569,0,0,0,4,4988.935483870968,7,4.235888961375712
7740,동대문구,202614.51531208295,553647.735770412,3,2,0.6666666666666666,1,2,0,529.0021238852054,0,0,0,4,4988.935483870968,8,3.4278678247455416
7741,동대문구,202672.57676575505,553664.0808058269,2,2,0.5,1,2,0,542.0257468378431,0,0,0,2,4988.935483870968,8,4.439821083118591
7742,마포구,192721.48657507048,551943.2561338169,2,2,0.5,1,2,0,609.301389731254,0,0,0,2,8532.774193548386,8,2.8061298230684413
7745,동대문구,205472.44159456,555614.9598950137,3,2,0.6666666666666666,1,2,0,1056.9742665830297,0,0,0,2,3278.3548387096776,5,4.822898942920979
7746,동대문구,204313.501737954,554090.8172035975,2,2,0.5,1,2,0,319.2036250482753,0,0,0,2,1354.3225806451612,7,12.767261423624662
7747,용산구,197914.80436048203,550393.765790586,2,2,0.5,0,2,0,347.5191417776622,0,0,0,2,1115.6129032258063,8,9.548788573296948
7748,영등포구,192622.41677039544,544670.6071064995,7,2,0.7142857142857143,1,1,1,571.1284041404118,0,0,0,2,626.2258064516128,7,6.012527277968604
7749,서초구,204783.22246598825,538985.099528704,4,0,1.0,1,2,0,3875.2280026094354,0,0,0,1,409.258064516129,8,4.88454089102093
7750,서초구,204846.825796015,538892.927229109,1,0,1.0,1,2,0,3985.2835576506072,0,0,0,3,976.3548387096773,12,1.790955126652894
7751,서초구,204784.20729129133,539172.2177714723,3,2,0.6666666666666666,1,1,0,3705.2057056645353,0,0,0,0,31.161290322580644,7,1.6621605501718526
7752,강남구,202396.6743299285,548072.2948694708,4,2,0.0,0,2,0,1818.7236567812545,0,0,0,0,0.0,3,0.4944366606516936
7753,강동구,215897.823872948,551394.584248047,1,0,1.0,1,2,0,3438.855520558205,0,0,0,2,1511.032258064516,8,2.114414744035855
7755,동대문구,204591.4613248855,554083.0319510156,2,0,1.0,1,2,0,106.51469520299082,0,0,1,2,7708.16129032258,5,9.313368051988355
7756,강북구,201353.50353029848,557515.0672979951,2,2,0.5,1,2,0,564.5895838537731,0,0,0,2,2269.2258064516127,6,26.33668797606023
7757,중구,198208.329311219,551570.261997701,1,0,1.0,1,2,0,413.8214490179215,0,0,0,1,1282.9032258064517,7,4.29178357919491
7758,성북구,203368.945002763,557061.420206574,1,0,1.0,1,2,0,307.4761680806522,0,0,0,5,2100.1612903225805,3,12.450220682855134
7759,마포구,194080.357122297,550168.345675846,1,0,1.0,1,2,0,565.3404974557573,0,0,0,7,2284.806451612903,7,2.80408853390225
7760,중구,198561.3783050556,551240.8986189325,5,2,0.2,1,2,0,645.2871458696388,0,0,0,1,9990.967741935485,5,4.239376070788055
7761,강동구,214478.0296801165,550163.4429831565,2,2,0.5,1,2,0,1753.3314179821896,0,0,0,2,1330.032258064516,5,2.379054940086386
7762,금천구,191075.834991202,541331.6521844013,3,2,0.3333333333333333,0,2,0,141.43245842124492,0,0,1,1,8941.806451612903,6,3.974958096277715
7763,양천구,185347.198634158,545791.6341198664,2,2,0.5,0,2,0,1410.6483916092602,0,0,0,1,2528.7741935483873,10,5.972418136882946
7764,강동구,211364.8170588835,547950.2131100874,2,2,0.5,1,2,0,625.1823421600674,0,0,0,4,907.5806451612904,8,0.8205698616916319
7765,관악구,194249.453987136,542033.817029588,1,0,1.0,1,2,0,682.9543601928847,0,0,0,1,285.8387096774194,7,11.89763269923032
7766,동작구,194680.387723909,545260.333383123,1,0,1.0,1,2,0,178.7417469908719,0,0,1,2,6560.774193548388,5,6.114966077577341
7767,송파구,212206.826809832,545082.1572427327,3,0,1.0,1,1,0,1073.566628348877,0,0,0,1,949.5483870967741,11,1.190151685667556
7768,관악구,192923.480986646,540712.944800856,1,1,1.0,0,2,0,869.8189855474138,0,0,0,3,4609.354838709678,4,2.8810697924913007
7769,송파구,209333.741131686,545289.1585380271,3,0,1.0,1,2,0,72.60549232823935,0,1,1,2,10409.225806451614,4,0.2714239557395448
7770,영등포구,191083.437153112,545578.733321835,1,2,0.0,0,2,0,712.1823926556809,0,0,0,2,5502.322580645161,5,2.72630975799235
7771,서초구,198498.722950134,541863.282500896,1,2,0.0,0,1,0,153.5976857856605,0,0,1,4,8651.354838709678,4,12.000150416985608
7772,서초구,203607.5941388585,541094.6441888604,2,2,0.5,1,1,0,1487.6903682104082,0,0,0,1,7258.645161290321,5,1.260828545517067
7775,강동구,212691.799482456,547978.111238094,1,2,0.0,0,2,0,425.6452299412149,0,0,0,3,962.2580645161289,7,3.646323816736642
7776,강남구,207681.00586265436,543780.105609208,3,2,0.0,0,2,0,1450.0330751641643,0,0,0,3,2977.677419354839,3,0.8766354534593941
7778,송파구,211366.826948369,545838.459262847,1,2,0.0,0,1,0,350.5537446093924,0,0,0,1,1378.3225806451615,2,2.2527208170839805
7783,성북구,201646.89223171648,555502.7088997185,2,2,0.5,0,1,0,367.452342214636,0,0,0,1,939.0322580645161,6,16.596860570048356
7784,도봉구,203587.5373369035,560806.3513463,2,2,0.5,1,2,0,556.3946720591603,0,0,0,0,479.45161290322585,5,6.958619775426318
7785,강북구,201602.160814297,558600.328679559,1,0,1.0,1,2,0,267.2681798747416,0,0,0,0,3383.709677419355,5,2.939919676055034
7786,은평구,190263.6348479163,553946.7381415876,3,1,1.0,0,2,0,1442.3584477644506,0,0,0,1,2420.2258064516127,5,6.624884304768368
7787,성동구,201883.79755136525,550462.017835503,4,2,0.5,1,2,0,123.93579661866244,0,0,1,4,3812.193548387097,13,7.557804972272729
7788,마포구,189575.14021759675,553211.4190293867,4,2,0.25,1,2,0,2067.309809301792,0,0,0,2,2094.322580645161,2,3.3451052788240907
7789,중구,201123.78410301232,551722.0822712007,3,2,0.3333333333333333,1,2,0,457.0458027434624,0,0,0,1,4394.935483870968,5,3.278824026174121
7790,성동구,203466.9155304315,550725.205432975,2,2,0.5,1,1,0,1727.085430951842,0,0,0,2,402.38709677419354,7,1.779027688195581
7792,마포구,196095.64763534875,550656.9503632705,4,2,0.75,1,2,0,730.7676210092798,0,0,0,1,5070.548387096774,10,1.7407862256709508
7793,금천구,191346.909075983,539465.931343954,1,1,1.0,0,2,0,108.48115848160052,0,0,1,2,7295.193548387097,6,2.0800459098473625
7794,영등포구,193048.1122186555,544835.239425058,2,2,0.5,1,2,0,161.91381190504038,0,0,1,1,5641.806451612903,9,4.832344423803617
7795,구로구,190485.027518762,544416.2108348145,2,2,0.5,0,2,0,835.7308147191198,0,0,0,0,2178.0967741935483,9,1.2009997498795972
7796,강남구,202538.573984599,544019.442686646,2,0,1.0,1,2,0,92.62722708634236,0,1,1,5,20190.709677419356,5,2.030379572185712
7797,영등포구,192693.53508958948,547765.5272195175,2,1,1.0,0,2,0,1348.624059489559,0,0,0,2,7584.774193548387,4,1.0624922642106416
7798,영등포구,192727.624028565,547589.065530158,3,2,0.3333333333333333,1,2,0,1219.9330249084212,0,0,0,3,7584.774193548387,5,1.2301691916213255
7799,영등포구,192783.8874242215,547630.910308086,4,2,0.25,1,2,0,1287.0994871455907,0,0,0,3,7584.774193548387,5,0.540011699377286
7800,영등포구,192490.5822140855,544341.4810521065,2,2,0.5,1,2,0,887.0957842358175,0,0,0,1,3103.354838709677,9,0.7868153144357077
7802,양천구,188058.6698531505,550158.7157028154,2,2,0.5,1,2,0,303.3829220427427,0,0,0,0,3264.8709677419356,2,1.0413922999428198
7804,양천구,187937.586555944,547395.6801828339,2,2,0.5,1,2,0,92.66848282863774,0,1,1,3,15487.806451612905,8,0.3253662548229918
7805,구로구,190130.835462086,544856.533898594,1,1,1.0,0,2,0,588.4055626946257,0,0,0,1,1994.0645161290324,8,2.1956095027476388
7806,구로구,190171.874992605,544886.056841899,1,1,1.0,0,2,0,638.9609293384943,0,0,0,1,2691.8709677419356,7,0.4287500342097327
7807,서초구,200422.13527360448,545187.1215445986,2,0,1.0,1,2,0,49.492092624486034,1,1,1,3,38240.12903225806,6,0.3494019584855934
7808,동작구,195533.7640542115,545925.770714897,2,0,1.0,1,2,0,528.1496203735163,0,0,0,1,7888.451612903225,9,6.647299730070723
7809,관악구,194821.4314175465,541245.7551970596,2,2,0.5,1,2,0,1112.54075038346,0,0,0,2,5714.4838709677415,6,2.791334076550811
7811,관악구,193964.1367270073,542124.916294474,3,2,0.6666666666666666,0,2,0,435.175722451594,0,0,0,3,5676.387096774191,5,10.85957445116773
7812,관악구,194081.846251059,542086.6043748,1,0,1.0,1,2,0,546.7211224962225,0,0,0,2,5180.387096774192,5,8.567586435800441
7814,관악구,194420.33146834,541290.357509052,1,0,1.0,1,2,0,1255.7200824669767,0,0,0,2,9329.290322580646,10,0.8609021533166465
7815,관악구,194414.541756396,541261.1152943216,2,2,0.5,1,2,0,1282.834895627665,0,0,0,2,9329.290322580646,10,3.466447890799636
7816,관악구,194486.96634835305,541250.950938145,2,2,0.5,1,2,0,1250.7681515768938,0,0,0,3,10453.129032258066,8,2.691983523360643
7817,관악구,194127.057618175,541616.415936414,1,1,1.0,0,2,0,938.356381873332,0,0,0,1,6202.225806451614,8,4.700450206612932
7818,서초구,198722.756622895,544543.550818831,1,0,1.0,1,2,0,1394.2419147176,0,0,0,0,0.0,4,1.5689962509043671
7819,강남구,201785.82440455,546040.4196006891,4,2,0.5,0,2,0,82.58732067426183,0,1,1,1,16947.193548387095,3,7.640235018052545
7820,송파구,209086.137400859,546055.828553029,1,0,1.0,1,2,0,214.1140096787836,0,0,0,1,16415.129032258064,3,0.5683884455360447
7821,송파구,209182.461523324,546096.808813291,1,0,1.0,1,2,0,317.9890982987045,0,0,0,2,9494.09677419355,4,0.5218377735974311
7823,관악구,194363.26542651549,541771.6321161885,2,2,0.5,0,2,0,958.4119231068444,0,0,0,1,7331.645161290323,9,14.080240354700685
7824,관악구,194399.374705854,541742.770771979,1,1,1.0,0,2,0,945.5483208042688,0,0,0,1,7435.774193548387,6,4.130328179006024
7825,관악구,194268.9243776495,541677.3542670385,2,1,1.0,0,1,0,971.263547570534,0,0,0,1,6028.290322580645,6,2.0008188701276453
7826,구로구,190236.179543699,544798.249598856,2,2,0.5,0,2,0,648.9794441606442,0,0,0,2,1929.2580645161293,11,0.1306675568560944
7827,관악구,194601.1183650895,541233.6892651365,2,2,0.5,1,2,0,1208.6128578712978,0,0,0,1,12961.903225806453,9,2.40678191634237
7828,관악구,194668.807480651,541227.0058024515,2,2,0.5,1,2,0,1184.9813475088738,0,0,0,0,9364.83870967742,9,5.975042605597855
7829,관악구,194664.90996026,541256.561152268,1,0,1.0,1,2,0,1159.7926454867122,0,0,0,0,9618.709677419356,9,3.725467426851334
7830,강동구,211157.9810383317,549678.8321800777,3,2,0.3333333333333333,1,2,0,485.12199116297177,0,0,0,2,2463.8064516129034,6,0.68379452316823
7831,송파구,209790.43231650232,548023.791115504,3,1,1.0,0,2,0,1382.9878056409354,0,0,0,1,592.2258064516129,2,6.579008756007619
7832,동작구,195681.898857954,545236.914949242,2,2,0.5,1,2,0,373.74152138184536,0,0,0,3,3057.516129032258,11,4.690363632626067
7833,동작구,195743.14014386752,545313.410427278,2,2,0.5,0,2,0,454.2076948506256,0,0,0,4,3287.8709677419356,9,9.314893519918664
7834,은평구,193333.3324112005,554590.056200981,2,2,0.5,1,2,0,584.8487033679747,0,0,0,3,3137.8387096774195,6,22.3677818959127
7835,성북구,201535.713093318,555551.095425818,1,2,0.0,0,1,0,410.7084480710885,0,0,0,3,857.9032258064517,6,14.44793918223676
7836,영등포구,190584.96414066077,547659.7765182895,4,2,0.5,0,2,0,357.49362676132546,0,0,0,0,164.70967741935485,9,2.486327396804994
7837,송파구,211247.357933647,542098.672391357,1,2,0.0,0,1,0,1753.1505021604742,0,0,0,3,6089.58064516129,8,0.2200598421011553
7838,강남구,203898.028880401,542402.1573546424,2,2,0.0,0,1,0,578.513572674856,0,0,0,0,663.0967741935483,6,5.204737516339752
7839,강남구,204755.3700368697,541826.9330856161,3,2,0.0,0,2,0,1302.7008654851695,0,0,0,1,935.741935483871,4,8.344320485643214
7840,강남구,205302.1963759315,546845.3134792061,2,2,0.0,0,1,0,1092.2028654066175,0,0,0,0,0.0,4,16.22716257736613
7841,강남구,203682.306524621,547898.5561317727,3,0,1.0,1,1,0,1009.6973162707486,0,0,0,0,0.0,1,0.0251525899732148
7843,강남구,203475.48974676948,545765.8495862635,2,2,0.0,0,1,0,600.9000869507705,0,0,0,0,0.0,2,11.22987123955505
7845,강남구,203404.55191926067,546234.6140873743,3,2,0.0,0,1,0,261.88986260559307,0,0,0,0,2247.677419354839,3,16.666666666666664
7847,강남구,205019.869551411,547042.6001664045,4,2,0.0,0,1,0,790.5825902054551,0,0,0,2,4269.387096774193,4,0.8775326431399992
7849,강남구,202059.1183086905,546547.3670109576,4,2,0.0,0,1,0,388.6380840078218,0,0,0,0,3284.1612903225805,2,5.402554410904112
7850,강남구,204213.5650321895,544833.8505238335,2,2,0.0,0,1,0,232.27826993460755,0,0,0,0,0.0,4,6.281026230353776
7851,강남구,204084.98865967,544794.73167721,1,2,0.0,0,1,0,263.32026640961,0,0,0,0,2088.6451612903224,2,8.00921608709631
7852,강남구,201989.7059220775,547111.5475198741,4,2,0.0,0,1,0,812.9673030644972,0,0,0,1,6211.645161290322,4,1.3309863991512718
7853,강남구,202379.8355713975,545494.0809877077,4,2,0.0,0,2,0,399.972060862452,0,0,0,0,0.0,0,4.045482084998652
7857,서초구,202926.731176137,541630.114879814,1,2,0.0,0,1,0,947.084630585412,0,0,0,2,2729.5806451612902,8,1.2569796707848724
7858,서초구,203829.463127585,542289.991699617,1,2,0.0,0,2,0,655.7981604526129,0,0,0,0,1125.9354838709676,7,6.188438386784429
7860,서초구,206229.20467169269,539728.594099345,3,0,1.0,1,2,0,3864.345843209547,0,0,0,3,835.4193548387096,2,7.3498228954976
7861,서초구,203014.7724529565,540965.3543953055,2,2,0.0,0,2,0,1578.7910488659174,0,0,0,2,69.29032258064515,3,3.3533153515133662
7862,강남구,210545.347910713,540883.423502478,1,2,0.0,0,1,0,2667.5129944816863,0,0,0,1,475.258064516129,5,3.55344414297915
7863,강남구,204604.11957447897,543088.3150815667,3,2,0.0,0,2,0,532.0341301724451,0,0,0,0,1242.2903225806454,7,0.7090452216536332
7864,강남구,207160.280289458,543855.240832518,2,2,0.0,0,2,0,1827.6641414986605,0,0,0,0,1683.5806451612902,4,5.607217372880266
7865,강남구,203637.554746446,542981.656394038,1,2,0.0,0,1,0,454.7817701122335,0,0,0,3,817.2903225806451,3,3.8884378101361015
7866,강남구,207169.364339937,543416.3180563624,2,0,1.0,1,2,0,1898.882074486082,0,0,0,1,1817.9354838709678,3,0.8615963720251448
7867,강남구,204713.1904578045,543132.4552901415,2,2,0.0,0,2,0,649.042218026422,0,0,0,0,0.0,7,0.2190692530844214
7868,강남구,205835.3375774873,542856.9223466717,3,2,0.6666666666666666,1,2,0,1037.371180483575,0,0,0,2,1986.5483870967741,3,8.353946608883867
7869,강남구,205703.869510681,543241.865175128,1,0,1.0,1,2,0,658.2825940423286,0,0,0,2,3942.1290322580644,3,0.474953190464659
7870,강남구,204880.558810646,544032.810973283,1,2,0.0,0,1,0,259.9479718503766,0,0,0,0,8641.225806451612,5,10.41744235929078
7871,강남구,206268.585457246,543410.173308793,1,2,0.0,0,2,0,1032.826962371022,0,0,0,2,459.03225806451616,4,6.791802214896769
7872,강남구,205252.25661479653,544190.478270154,2,2,0.0,0,2,0,406.88102431557246,0,0,0,0,13649.548387096775,5,0.4606550976579863
7873,강남구,206715.12194417664,543740.865202758,3,2,0.0,0,2,0,1408.8122993214818,0,0,0,2,2111.3225806451615,5,1.5347175000453106
7874,강남구,207122.314176639,542812.172060843,1,2,0.0,0,2,0,1950.3894724597064,0,0,0,0,0.0,5,11.272057558180332
7875,강남구,207270.36694418,542875.054546819,2,2,0.0,0,2,0,1795.2703855930486,0,0,0,0,1872.9032258064517,5,6.625389364474188
7876,강남구,205941.600258424,545340.364450401,1,2,0.0,0,1,0,905.9800547941404,0,0,0,0,0.0,7,1.2299729337759997
7877,강남구,204516.69144267152,542964.50204938,2,2,0.0,0,2,0,425.976632778623,0,0,0,0,1242.2903225806454,7,2.49412974687066
7878,강남구,208251.969353133,540572.497152333,1,2,0.0,0,1,0,2645.372188837491,0,0,0,0,408.741935483871,3,10.393403751827664
7880,강남구,205243.50565448037,544029.364239563,3,2,0.0,0,1,0,250.2654853534062,0,0,0,0,0.0,6,7.76555265821903
7881,강남구,205344.230652962,543858.335835416,4,2,0.0,0,1,0,80.1599253623497,0,1,1,1,4918.290322580645,6,0.4661502504875573
7882,강남구,203922.157835329,543708.841641994,1,2,0.0,0,1,0,779.831854442199,0,0,0,1,2282.8387096774195,4,13.181525245455164
7883,강남구,203658.102989931,543588.577489065,1,2,0.0,0,1,0,773.5644521877341,0,0,0,1,5577.74193548387,6,9.33146664727928
7884,강남구,209451.29089588765,542995.3973097593,3,2,0.0,0,2,0,411.0255972510549,0,0,0,0,0.0,4,2.7044964204664503
7887,관악구,196303.732735318,541161.5314239895,2,2,0.5,0,2,0,879.3156187183055,0,0,0,1,1560.1935483870968,3,4.92177672398429
7891,도봉구,204298.248309858,565838.8119034595,2,2,0.5,1,2,0,1643.9762177438404,0,0,0,0,0.0,1,0.2690707881922449
7893,영등포구,192851.22116225437,546810.70366095,3,2,0.6666666666666666,0,2,0,869.033036196333,0,0,0,1,4279.5161290322585,3,1.2302089421464344
7896,송파구,210680.068295201,542297.474227436,1,2,0.0,0,2,0,1344.5140940790448,0,0,0,1,2110.1935483870966,12,0.6939497372783935
7897,송파구,210737.00375495505,542325.3145449995,2,2,0.0,0,1,0,1333.495209739791,0,0,0,1,1234.0645161290322,12,0.1873531825039739
7898,서초구,204977.7929249413,539141.646679121,3,2,0.0,0,1,0,3818.131379359883,0,0,0,1,52.87096774193549,5,3.996752840190242
7899,성동구,203452.16030277748,550547.4223298866,2,2,0.0,0,1,0,1694.4046432105508,0,0,0,2,679.3548387096774,4,6.174897668136126
7900,서초구,205022.51816791,539058.900273031,1,2,0.0,0,2,0,3912.1783568440455,0,0,0,0,52.87096774193549,6,5.583682295168551
7902,마포구,191816.378615413,550930.387028963,1,0,1.0,1,2,0,1447.6243602880925,0,0,0,2,4749.74193548387,5,1.1635776185599145
7903,중구,197661.72482708705,550967.9463728375,2,0,1.0,1,2,0,88.42139712733153,0,1,1,7,13207.709677419354,10,3.403865180792002
7904,성동구,203020.587030237,550773.619102002,1,0,1.0,1,2,0,1298.4469253677885,0,0,0,3,11707.90322580645,3,10.273965106493138
7905,광진구,207452.69726221263,548353.2574323933,3,2,0.6666666666666666,1,2,0,1393.8593955432602,0,0,0,1,3416.7741935483873,3,1.8847924905034517
7906,영등포구,191879.37994409064,547160.530866589,3,2,0.3333333333333333,0,2,0,521.9099685299677,0,0,0,0,840.3225806451613,10,0.4165460952310399
7907,영등포구,191959.342053823,547015.9937695533,4,2,0.5,0,2,0,399.639893383082,0,0,0,0,553.3548387096774,6,1.0127394669954626
7908,강남구,209512.036111917,541241.549291876,3,2,0.0,0,1,0,1908.5770954698248,0,0,0,0,696.9354838709677,6,2.9960089880609253
7909,송파구,212382.38069976203,542605.28643638,2,1,1.0,1,2,0,1152.9873410168382,0,0,0,1,1955.7741935483868,4,4.756531126387689
7911,구로구,188005.165744432,544439.583466351,1,0,1.0,1,2,0,892.3439168368,0,0,0,0,2176.6451612903224,6,0.9456383356053524
7912,강서구,187313.651650013,548010.048546388,1,1,1.0,0,2,0,441.6496474850073,0,0,0,1,5785.322580645161,4,8.976554240569321
7913,양천구,188651.549596309,546145.186808517,1,0,1.0,1,2,0,1354.3266842005305,0,0,0,3,2057.2258064516127,7,0.5659376758618073
7914,강동구,212433.48946322,548906.191747393,1,0,1.0,1,2,0,261.06164458845586,0,0,0,2,5048.419354838709,6,1.530947310921172
7915,강동구,213520.19885137,550774.451781303,1,0,1.0,1,2,0,1065.672605818146,0,0,0,1,654.516129032258,8,1.8920468492944549
7916,강서구,185268.4789748225,551074.7342335803,10,2,0.6,1,2,0,1226.3347894127876,0,0,0,2,4261.322580645161,6,0.6166664833333346
7917,관악구,198401.464811536,541686.8870491455,4,2,0.75,1,2,0,229.64422559562453,0,0,0,5,8660.322580645161,4,6.254463250243851
7918,강서구,185097.62649401976,552578.9659271792,4,0,1.0,1,2,0,1879.2967672718796,0,0,0,1,484.6774193548387,2,3.1786748402566576
7919,강서구,185285.25199706576,551211.87206775,4,0,1.0,1,2,0,1356.931620825414,0,0,0,0,3981.6129032258063,6,0.2557851515078694
7920,성북구,201364.848167299,554164.3375511081,2,2,0.5,1,2,0,501.71292528313336,0,0,0,1,176.8709677419355,3,23.255645517111283
7921,성북구,200959.175757377,556321.8978255454,2,2,0.5,0,2,0,161.53267495390048,0,0,1,0,9055.709677419354,6,3.733336373987465
7923,마포구,195984.2624566665,549070.6494211485,2,2,0.5,1,2,0,409.37105215969393,0,0,0,2,4408.709677419356,8,11.596549323531663
7924,마포구,195113.8363901475,549170.7517994663,4,2,0.75,0,1,0,295.2482507648847,0,0,0,1,518.4516129032259,10,0.667953268073583
7925,마포구,195862.65196212032,549143.5003243583,3,2,0.6666666666666666,1,2,0,293.4764607342855,0,0,0,4,6311.709677419355,10,3.690977052994615
7926,서초구,203535.76700458236,542141.251279276,3,2,0.3333333333333333,0,2,0,501.7932886936806,0,0,0,1,8284.387096774193,4,0.3625693887391771
7927,서초구,203710.9969712283,542380.0824031737,3,2,0.3333333333333333,0,2,0,514.1067800582347,0,0,0,2,1125.9354838709676,6,0.1139893256469874
7928,용산구,198381.834726945,550032.8165891441,3,2,0.3333333333333333,1,2,0,595.1216708446888,0,0,0,0,0.0,7,21.541840884862538
7929,성동구,205078.73168886369,549416.548730684,3,2,0.3333333333333333,1,2,0,21.696363662728334,1,1,1,2,994.4193548387096,6,16.15805630011595
7931,강서구,185329.3717540366,551592.7309554287,5,2,0.8,1,2,0,1726.1211594366575,0,0,0,0,131.58064516129033,7,0.0960220537535446
7932,강서구,185387.287475422,551994.228612606,1,0,1.0,1,2,0,1935.552786412513,0,0,0,0,192.6451612903226,5,0.5337609654783382
7933,강서구,185477.806922452,552122.7340400637,3,0,1.0,1,2,0,1908.122915728714,0,0,0,1,87.93548387096774,6,2.012883870029428
7934,강서구,185362.5125870273,551789.6617246927,3,0,1.0,1,2,0,1889.5003632425169,0,0,0,2,104.70967741935485,4,1.8621959914675008
7935,강서구,183118.925994921,551448.754440124,1,1,1.0,0,2,0,432.6868308185944,0,0,0,3,3126.225806451613,6,2.214718229399816
7936,강서구,187196.533466438,551674.191416216,1,2,0.0,0,1,0,431.1061192914349,0,0,0,2,967.1290322580645,6,0.6272040564015491
7937,강동구,212177.6900075885,550673.0327982175,2,2,0.0,0,1,0,822.0204542506782,0,0,0,1,4723.41935483871,9,2.1307590335877022
7938,송파구,212406.84128293896,544991.1289291185,4,2,0.0,0,1,0,873.1341747042761,0,0,0,0,1554.0967741935483,8,3.1004125461715994
7941,성북구,202507.5309931545,555824.1187599583,4,2,0.5,0,2,0,344.35910736764873,0,0,0,2,366.7096774193548,4,13.550756135601674
7942,마포구,190366.289165953,552760.283070322,1,0,1.0,1,2,0,1421.7784073575292,0,0,0,0,2470.806451612903,5,10.048683362687232
7943,은평구,193962.231113686,557984.916354083,2,2,0.5,1,2,0,946.0893316919484,0,0,0,3,2229.3225806451615,5,18.966654475774344
7944,성북구,203208.6719353265,556087.874019639,2,2,0.5,0,1,0,263.9053422098472,0,0,0,2,2358.2258064516127,8,2.974726207798414
7945,중랑구,206446.0549378985,556892.571188487,2,2,0.5,1,2,0,443.6372768111773,0,0,0,0,0.0,5,0.5046100238333947
7946,성북구,201300.149189989,556179.633251456,1,1,1.0,0,1,0,505.6014355111576,0,0,0,0,5939.5161290322585,6,16.666666666666664
7947,강북구,201566.714694118,559098.548891472,1,0,1.0,1,2,0,580.1269749431883,0,0,0,1,4654.967741935484,6,2.0600234288081745
7948,강북구,201570.1958883997,558991.8233667236,3,2,0.6666666666666666,1,2,0,575.5916025598291,0,0,0,5,4229.8064516129025,6,3.58309464515268
7949,동작구,194118.265820183,545155.40075237,1,0,1.0,1,2,0,480.1787860410441,0,0,0,3,742.0322580645161,1,8.333333333333332
7950,금천구,191871.400744405,540001.728449265,1,0,1.0,1,1,0,382.7643672564661,0,0,0,2,154.0,2,13.934312861323855
7951,금천구,191221.000398771,539416.754496053,1,1,1.0,0,1,0,26.60605422273833,1,1,1,2,10281.935483870968,7,0.8965482761935798
7952,관악구,191582.333732676,542376.9331692839,2,2,0.5,0,2,0,20.71624993772511,1,1,1,3,8083.612903225806,5,6.4484032917788525
7953,송파구,210171.024081721,543007.0622427384,2,0,1.0,1,2,0,614.1461096320038,0,0,0,3,511.51612903225805,6,0.7091954179590468
7955,영등포구,191775.5390625,544447.968749864,1,0,1.0,1,2,0,873.9436111004374,0,0,0,4,3525.967741935484,7,1.7840734523424946
7956,강남구,205651.1791755035,545045.5688973735,2,2,0.5,1,2,0,494.4783934784967,0,0,0,0,1011.516129032258,4,4.716733960309452
7957,강남구,209664.7123779418,541640.4434803806,5,2,0.6,1,2,0,1577.2427903276932,0,0,0,0,0.0,6,2.019522565857172
7958,은평구,192537.5684307715,559421.539431249,2,0,1.0,1,2,0,1191.937219954036,0,0,0,1,433.8709677419355,3,28.08206667243812
7960,광진구,208067.8196333713,549548.6090569147,3,1,1.0,0,1,0,1933.228640567621,0,0,0,0,467.80645161290323,4,3.9419371453849914
7961,양천구,186887.1457924877,547033.7155658152,3,2,0.3333333333333333,1,2,0,5.967626776068387,1,1,1,3,7675.8387096774195,7,3.926519781691263
7962,송파구,207845.5398881305,545788.9023682706,2,0,1.0,1,2,0,310.59257813892145,0,0,0,1,2777.6451612903224,1,0.3779806703630288
7963,송파구,210789.800514472,544794.160293604,2,2,0.5,0,2,0,842.8679423993336,0,0,0,2,380.80645161290323,3,2.797334142723346
7964,강동구,215435.317132931,550117.860651081,1,0,1.0,1,1,0,2708.260374332049,0,0,0,2,1663.516129032258,3,0.1702864115984859
7965,동작구,195304.583509587,545128.802155508,1,2,0.0,0,2,0,30.23599472348722,1,1,1,2,8175.129032258065,8,5.552204308046858
7966,서초구,205547.0697546373,539615.5020689532,3,0,1.0,1,2,0,3636.250956000956,0,0,0,4,2713.322580645161,8,6.961915259655799
7967,영등포구,190568.399428525,548118.637091334,1,0,1.0,1,1,0,678.4528943304994,0,0,0,1,1693.7096774193549,5,0.3279792508088786
7968,관악구,193311.330729464,543432.879527473,1,0,1.0,1,2,0,126.70477057158068,0,0,1,4,4729.41935483871,8,0.8753219008664518
7969,강동구,211590.00770471967,550756.8370761563,3,2,0.6666666666666666,1,2,0,681.1214730526557,0,0,0,0,1740.258064516129,7,3.4070705720241885
7970,강동구,211706.2798092885,550766.8903665625,2,1,1.0,1,2,0,733.4922656495424,0,0,0,1,1007.9677419354839,8,0.3936902038117888
7971,강동구,212370.0495096165,550913.1332382265,2,2,0.5,1,2,0,923.1372738001209,0,0,0,0,1066.0967741935483,2,8.869652453816634
7972,강남구,209648.843827747,541264.42810382,1,2,0.0,0,2,0,1924.3055656692,0,0,0,0,218.06451612903226,6,8.71579956722736
7974,서초구,202121.807706806,542618.634295458,1,1,1.0,0,1,0,1072.2579122525833,0,0,0,0,507.4516129032258,4,7.641422430955558
7975,성북구,200695.208314589,554226.22326227,1,0,1.0,1,1,0,189.1148837113836,0,0,1,2,14767.09677419355,11,11.037081246103403
7976,송파구,210837.923770109,541472.157544931,1,2,0.0,0,1,0,2183.603011990333,0,0,0,0,0.0,0,1.67784940430271
7978,광진구,208733.271571291,549532.079568599,1,2,0.0,0,2,0,2275.060336146716,0,0,0,2,73.90322580645162,1,6.969123576063829
7979,마포구,195158.368758057,550096.230618465,1,1,1.0,0,1,0,566.6378945556062,0,0,0,0,2267.8709677419356,4,2.2712092457077304
7980,광진구,209059.75400800325,549590.5777522755,4,2,0.5,1,2,0,1987.407597474206,0,0,0,1,4690.1612903225805,4,3.159751746533288
7982,금천구,189334.4788292785,542899.782964886,2,1,1.0,1,2,0,673.1386129506636,0,0,0,2,990.1290322580645,9,0.6207727028646856
7983,강서구,184548.3241350533,552114.390288545,4,0,1.0,1,1,0,1199.424158458616,0,0,0,1,1248.225806451613,7,0.732396325867466
7986,송파구,211870.392921559,541987.096938186,2,1,1.0,0,2,0,1921.5603122002412,0,0,0,0,25.161290322580644,1,1.695221699287502
7987,송파구,212554.47882553437,542455.715326407,3,1,1.0,1,2,0,1255.9782732451176,0,0,0,1,695.5806451612902,6,3.1496751938170378
7990,은평구,194367.55889328895,556194.9931080822,4,2,0.75,1,1,0,764.5545593457038,0,0,0,0,1820.967741935484,5,22.542574035724115
7991,동작구,195601.3543031148,544199.812974883,4,0,1.0,1,1,0,164.61744886230647,0,0,1,0,2559.3870967741937,3,8.2645263924028
7992,성북구,201363.75743973145,556595.8966146488,5,2,0.2,1,1,0,499.60713202085503,0,0,0,2,4329.935483870968,6,15.047028017162395
7993,동작구,196612.225085444,545489.2407438187,4,0,1.0,1,2,0,144.00252403083613,0,0,1,4,13194.387096774193,9,1.9343768636703904
7994,강동구,210845.47001336,549613.6617229425,2,2,0.0,0,2,0,639.9508470889677,0,0,0,0,0.0,4,1.2095019609322044
7995,은평구,194378.057162887,555897.58903377,1,0,1.0,1,1,0,973.5104772186234,0,0,0,0,6036.870967741936,6,6.865818942415001
7996,성북구,194391.03425016036,555902.6849518056,3,0,1.0,1,1,0,978.2192819261312,0,0,0,0,6036.870967741936,5,8.333333333333332
7999,송파구,212036.984854506,545348.8487977544,3,2,0.0,0,1,0,871.139579360311,0,0,0,1,903.3870967741935,6,4.239757005406464
8000,강동구,214990.98535654965,552872.9046911927,3,2,0.3333333333333333,0,1,0,3608.821310540552,0,0,0,0,61.935483870967744,3,3.704847813187708
8001,서초구,199740.88935592648,542680.5731090218,4,2,0.0,0,1,0,1236.091017668571,0,0,0,3,4765.645161290322,8,12.944483998943438
8002,서초구,199768.472562502,542781.6677424475,2,2,0.0,0,1,0,1156.0209628806945,0,0,0,0,3433.7096774193546,5,7.902774513532679
8004,강남구,210590.1659278035,541050.5921048252,4,2,0.0,0,2,0,2557.413839889796,0,0,0,0,398.7741935483871,7,1.6336769503550386
8005,성북구,202312.1477332233,556988.6785441301,3,2,0.3333333333333333,1,1,0,364.8549543509949,0,0,0,1,214.8064516129032,4,9.559973183500976
8006,성북구,202405.5746901822,556996.2220991064,5,1,1.0,1,2,1,271.24375282380515,0,0,0,1,214.8064516129032,5,8.06433428076172
8007,양천구,188369.80730706823,545613.3924071552,4,1,1.0,1,1,0,828.2793933368662,0,0,0,0,1687.6129032258066,5,6.104193440248222
8008,구로구,184364.8341732326,542023.4255951227,5,1,1.0,1,2,1,2398.9403641873923,0,0,0,3,1311.5483870967744,9,3.1434007802518718
8009,강동구,213703.2063522685,550912.957816854,2,2,0.0,0,2,0,1294.5134518523475,0,0,0,0,51.61290322580645,8,2.571878488686856
8010,서대문구,193683.712250049,552951.801185684,1,0,1.0,1,1,0,1535.3272906742231,0,0,0,0,1615.258064516129,7,8.35374466534235
8011,서대문구,193816.598224004,553038.287500554,1,0,1.0,1,1,0,1594.705813863563,0,0,0,1,2020.7741935483868,7,7.8120834025299555
8012,동작구,196466.644203224,545578.415212189,4,0,1.0,1,2,0,281.0406441407289,0,0,0,0,2574.451612903226,6,14.83257882979262
8013,동대문구,203950.84061826704,553113.4361379265,2,2,0.5,1,2,0,252.8173727912217,0,0,0,1,3121.0967741935483,7,1.1459550171134048
8014,구로구,184345.986417251,542131.0407567939,2,0,1.0,1,2,0,2340.257248726026,0,0,0,2,1704.4193548387098,9,3.0719422071936897
8015,구로구,184563.80733406264,542197.6912711613,3,0,1.0,1,2,0,2134.6860856027724,0,0,0,2,979.9677419354839,8,20.47082821796568
8016,구로구,184536.62468304764,542429.6083590483,3,0,1.0,1,2,0,2002.403029060555,0,0,0,3,1632.6451612903227,5,7.738818941130082
8017,영등포구,192686.397436446,546432.833162033,1,1,1.0,0,2,0,547.8394960951858,0,0,0,2,7352.032258064516,3,0.0
8020,영등포구,191004.02293926236,548330.1870124122,3,2,0.3333333333333333,0,2,0,795.1242552566653,0,0,0,0,3551.548387096774,9,0.9462376591096492
8022,영등포구,191734.6837278298,544992.2265047438,5,1,1.0,0,1,1,472.7351092482588,0,0,0,0,638.9032258064516,5,3.838340132128089
8023,구로구,184367.09231479172,541901.7401567752,4,0,1.0,1,1,0,2482.7357244000414,0,0,0,2,261.64516129032256,7,2.318836192201695
8025,강서구,184263.606156321,551017.283635021,1,0,1.0,1,1,0,1155.67763394127,0,0,0,2,1562.4516129032259,8,2.204344583903053
8027,광진구,207613.704782033,552208.9116706206,2,2,0.5,1,2,0,794.3313280280948,0,0,0,0,2303.6774193548385,9,12.934641437141916
8028,성북구,203285.7626993575,556551.3940545674,2,2,0.5,0,2,0,466.0667305745496,0,0,0,0,3123.5806451612907,8,18.174016132334614
8029,종로구,198668.734849655,553311.0519911896,2,0,1.0,1,1,0,883.0334752416627,0,0,0,4,834.4193548387098,3,3.136912045502195
8030,용산구,196459.724229915,547114.245589838,1,0,1.0,1,2,0,1773.4339552503184,0,0,0,2,1722.774193548387,3,2.1640841052825355
8031,은평구,194288.452543239,556236.169785146,1,0,1.0,1,1,0,676.2596347569228,0,0,0,1,3859.935483870968,4,18.14628070119405
8032,강북구,202676.695378999,557472.2202988721,2,2,0.5,1,2,0,64.86727563347614,0,1,1,1,4686.1612903225805,12,0.597664592613126
8033,강북구,202633.779483894,557434.71455937,4,2,0.25,1,2,0,54.699314011079984,0,1,1,0,5452.516129032258,12,0.2497048849795765
8034,광진구,206382.6618233225,550371.5843744145,2,2,0.5,1,2,0,1151.7529227186214,0,0,0,0,2442.9032258064517,7,4.165968760583491
8035,광진구,207567.93692414972,550587.1570133612,4,2,0.5,1,2,0,1929.644214825717,0,0,0,2,3697.4193548387098,4,3.776944652761962
8036,광진구,207321.117293736,551533.168076701,1,0,1.0,1,2,0,1237.0850918966185,0,0,0,3,1852.7096774193546,10,2.120378300629392
8037,종로구,197713.643371244,553067.017299564,1,0,1.0,1,2,0,844.9032641435228,0,0,0,1,11205.032258064517,5,0.2233266131003949
8038,종로구,197773.782176439,556681.621448431,1,2,0.0,0,1,0,3115.781824381776,0,0,0,0,2337.483870967742,4,8.333333333333332
8039,종로구,199801.583493418,552421.905214895,1,0,1.0,1,2,0,445.7332376047561,0,0,0,1,12621.677419354839,9,0.7200575519576328
8040,금천구,190337.66811581064,542111.9327476494,3,2,0.3333333333333333,0,2,0,95.02003662538864,0,1,1,2,4431.967741935484,8,6.303735295342015
8042,영등포구,190866.004721691,543330.666545939,1,0,1.0,1,2,0,417.9626685967583,0,0,0,0,0.0,4,17.21152824539374
8045,금천구,191430.019259753,541306.372094589,2,2,0.5,1,2,0,302.1849399135185,0,0,0,2,4311.967741935484,6,8.191443491572148
8046,강동구,212749.1541358665,550374.4324258759,2,0,1.0,1,2,0,313.108218441488,0,0,0,4,3752.7419354838707,9,1.8493332242132965
8047,서초구,198868.684491956,543452.169871307,1,0,1.0,1,2,0,529.7562577360304,0,0,0,1,1645.3870967741937,8,0.6303495597548459
8048,송파구,212911.305435713,544170.9851916726,2,2,0.5,1,2,0,69.79186468847179,0,1,1,1,2801.290322580645,7,5.463348142094629
8049,양천구,188339.5568453605,545571.707123128,2,2,0.5,1,2,0,784.0563071503416,0,0,0,0,1299.483870967742,4,3.892329317501485
8050,양천구,188431.27160770705,545687.6850446496,3,2,0.6666666666666666,1,1,0,915.732352386444,0,0,0,2,1152.516129032258,6,2.977080459580141
8051,영등포구,190908.1133726119,545968.7065269978,10,2,0.4,1,2,0,570.431039027632,0,0,0,0,0.0,3,0.759254087644455
8052,영등포구,190476.90097206636,546663.4292139764,3,2,0.3333333333333333,1,2,0,982.324897828778,0,0,0,2,5894.903225806453,9,1.139037286354358
8053,송파구,210204.679657091,545455.3932494143,3,2,0.3333333333333333,1,2,0,845.7391236011487,0,0,0,2,3754.9999999999995,3,2.888882421366977
8054,서초구,198906.118710963,543342.8570398446,5,1,1.0,1,2,1,517.1617054826431,0,0,0,2,525.0967741935483,7,6.373449950938564
8055,강동구,212862.32822721,547682.3794425755,2,2,0.0,0,1,0,757.4070520145514,0,0,0,0,2377.8064516129034,9,2.202426176977763
8056,강동구,212904.0288075543,547668.8656912403,3,2,0.6666666666666666,0,2,0,785.0245426147848,0,0,0,0,1852.741935483871,8,1.5016833786566923
8057,강동구,212954.112455691,548871.834953951,1,0,1.0,1,2,0,306.7945653083301,0,0,0,3,922.741935483871,7,2.128347526117764
8058,서초구,201642.583588095,546259.215230974,3,2,0.3333333333333333,1,2,0,119.6334052013132,0,0,1,0,5990.741935483871,3,3.8650910141049857
8059,강동구,211827.5748694685,550786.492982741,2,1,1.0,1,2,0,810.3285763263366,0,0,0,2,154.6451612903226,6,3.992514843883299
8060,강남구,202315.7874427697,544615.1214989682,4,2,0.5,1,2,0,54.4287319958281,0,1,1,6,33513.967741935485,4,5.692087911605483
8061,강남구,202520.158652705,547434.82959022,4,2,0.5,1,2,0,1323.8901627427606,0,0,0,2,5885.8387096774195,6,2.038560973402639
8067,서초구,202118.977540456,544227.7299988613,3,2,0.3333333333333333,1,2,0,300.4185308402708,0,0,0,3,2756.1612903225805,8,1.0548390740335942
8068,송파구,209415.844769676,543939.621784895,1,2,0.0,0,2,0,732.8013756097429,0,0,0,1,1842.3870967741937,2,5.397368959535281
8069,구로구,189079.062496606,542988.6546894074,2,2,0.5,1,2,0,810.2061144325246,0,0,0,6,2479.4516129032254,7,1.2080315395482148
8070,구로구,184522.2085637156,542127.1762626824,5,1,1.0,1,2,1,2213.633542431147,0,0,0,1,1696.7096774193549,8,4.194141040950174
8071,구로구,184567.257174499,542355.274159683,5,1,1.0,1,2,1,2026.153495309376,0,0,0,2,1500.741935483871,5,9.7498435791384
8072,영등포구,193547.954574156,547837.046409936,1,0,1.0,1,2,0,1973.130615829044,0,0,0,1,1406.225806451613,8,0.5445736792728972
8073,강서구,185718.653956858,551956.7506838252,4,0,1.0,1,1,0,1618.30161398839,0,0,0,0,0.0,9,0.0
8074,강서구,185547.3721507605,551766.5735862262,4,0,1.0,1,2,0,1706.1397713524136,0,0,0,0,0.0,10,0.0
8075,강서구,185523.15064616172,551573.3015622068,4,0,1.0,1,2,0,1680.9104636883046,0,0,0,0,0.0,9,3.735651490256208
8076,강서구,185595.85496410972,551564.540446679,4,0,1.0,1,2,0,1607.9092046595947,0,0,0,0,0.0,10,0.200300643631038
8077,강서구,185653.69525886825,551558.0963574883,4,0,1.0,1,2,0,1549.9546532390675,0,0,0,0,973.9032258064516,11,0.4367783733850701
8078,강서구,185315.438954176,551452.803974953,1,0,1.0,1,2,0,1589.3671005139706,0,0,0,2,295.258064516129,6,0.3676682266834774
8079,강서구,185003.341211246,551347.9652814757,3,0,1.0,1,1,0,1564.9083730336815,0,0,0,0,0.0,5,0.0120321237042671
8080,강서구,185487.6258499465,551290.1600471145,4,0,1.0,1,2,0,1411.0759633062396,0,0,0,0,0.0,11,0.196683369209989
8081,강서구,185562.79642274664,551284.0955440827,3,0,1.0,1,2,0,1403.882132421344,0,0,0,0,2435.064516129032,13,0.3218002579895411
8082,강서구,185474.7559909735,551188.2406207655,4,0,1.0,1,1,0,1309.892838254929,0,0,0,0,3508.064516129032,9,0.6166664833333346
8083,강서구,185744.488211359,552142.5520873568,4,0,1.0,1,2,0,1686.4028186142616,0,0,0,0,1751.516129032258,8,0.0
8084,중랑구,206745.907953083,555106.369001072,1,0,1.0,1,2,0,170.96801164896985,0,0,1,0,5996.774193548387,5,3.264156603405868
8085,강서구,185227.6760696768,550752.4420240697,4,0,1.0,1,2,0,928.5510554208444,0,0,0,0,0.0,5,3.322271806077985
8086,강서구,185403.563952297,550621.3486572974,4,0,1.0,1,2,0,754.6817947473402,0,0,0,0,0.0,8,1.624477997377349
8087,강서구,184930.5096460925,550651.555405341,4,0,1.0,1,2,0,980.3636456409272,0,0,0,0,0.0,7,0.3363874426557108
8088,강서구,185214.76357829876,550639.3728930822,4,0,1.0,1,2,0,828.3520264154736,0,0,0,0,0.0,7,4.045496625848273
8089,강서구,185298.13218470948,551314.4513760858,4,0,1.0,1,2,0,1455.4744734490323,0,0,0,1,295.258064516129,8,0.2164382046627248
8094,도봉구,203259.8129538515,561987.062078137,2,2,0.5,1,2,0,159.99707067510906,0,0,1,4,6179.74193548387,6,1.2843890768341144
8095,구로구,188657.259227467,544079.756720794,1,0,1.0,1,1,0,1078.873608396546,0,0,0,2,1723.7096774193549,4,1.23156007157205
8096,구로구,188655.434636059,544157.31346019,1,0,1.0,1,2,0,1050.4801184366968,0,0,0,0,1233.225806451613,4,14.82636146543058
8097,도봉구,204124.575000026,563765.368745545,1,0,1.0,1,2,0,436.7415174945028,0,0,0,2,1182.032258064516,7,0.7287435881323626
8098,강서구,185245.17428018327,550891.8164278643,4,0,1.0,1,2,0,1055.409855721791,0,0,0,0,1569.3548387096773,5,9.833332699999998
8099,강서구,186041.134698059,550973.485535634,1,1,1.0,0,2,0,971.2251755807032,0,0,0,0,1852.7741935483868,6,0.7580194062324855
8100,강서구,185434.88079433172,550868.4031818942,4,2,0.75,1,2,0,994.3684993692908,0,0,0,0,443.38709677419354,6,6.2954545239238335
8101,송파구,209493.628710847,547877.127218112,1,0,1.0,1,1,0,1654.488625466034,0,0,0,0,0.0,5,23.973572704924813
8102,용산구,198036.3245511715,549913.1246951651,2,2,0.5,1,2,0,776.6705885236473,0,0,0,1,3077.0,4,9.051132866581913
8104,금천구,189963.448000883,541574.146443984,1,2,0.0,0,1,0,654.7121610454545,0,0,0,2,2193.161290322581,4,2.4343784729036213
8105,송파구,213270.4243966565,543727.1657803445,2,2,0.5,1,2,0,462.9125900507023,0,0,0,1,1230.5483870967741,10,3.935815967201902
8108,강동구,214751.9016624478,550457.3383640598,5,1,1.0,1,2,1,2062.5010492095994,0,0,0,0,337.7741935483871,7,2.0157691196453817
8109,강동구,214736.4383855485,550116.685371428,4,0,1.0,1,2,0,2009.5492547344463,0,0,0,0,2338.967741935484,8,6.016984762043982
8110,강동구,215025.47354069824,550471.6584015035,4,2,0.5,0,1,0,2334.0618282597475,0,0,0,0,728.516129032258,5,2.180412037107574
8111,강동구,215071.473061291,550149.9213772761,4,1,1.0,0,2,0,2345.4875163135853,0,0,0,1,1896.8709677419354,8,4.588732768734598
8112,강동구,214662.041924481,549959.198702421,1,0,1.0,1,2,0,1937.143472093763,0,0,0,0,753.516129032258,6,5.700399699902452
8113,강동구,214749.914825788,549851.228275981,1,0,1.0,1,2,0,2033.2441030790912,0,0,0,2,809.3548387096773,5,12.634082869037483
8114,강동구,213921.4325079025,549615.5437999666,2,2,0.0,0,2,0,1203.2542002000175,0,0,0,0,185.2258064516129,3,5.2039401125366895
8115,성북구,200632.414844545,554243.8077750565,2,2,0.5,1,2,0,145.67880634366043,0,0,1,3,15087.677419354837,10,16.95472052541894
8116,성북구,204554.114516898,557630.0450916259,5,1,1.0,1,2,1,900.5457079164875,0,0,0,3,5134.516129032258,6,1.6012045900479954
8117,강동구,212931.14117207835,550475.773305975,3,1,1.0,1,1,0,461.0541038340605,0,0,0,0,736.483870967742,8,3.370659541170203
8119,강동구,212913.61318508864,550269.7658940364,6,2,0.8333333333333334,1,1,0,278.7990405190571,0,0,0,0,5797.903225806452,6,6.052675066419097
8120,서초구,199282.780348858,542601.999233727,4,2,0.5,1,2,0,1002.7180818358668,0,0,0,1,392.8387096774194,3,13.216841390999033
8121,서초구,199628.22100132637,542768.6993434901,3,2,0.3333333333333333,1,2,0,1278.2246256228527,0,0,0,0,4165.225806451613,5,1.2467979811468173
8122,송파구,210170.528753168,547812.0317574911,3,2,0.3333333333333333,0,2,0,1266.8375106591625,0,0,0,3,524.5806451612902,5,0.7564400903519678
8123,강동구,214868.89058908,550457.6072287243,3,0,1.0,1,2,0,2177.485701167614,0,0,0,0,0.0,5,1.5523208433081237
8124,마포구,194670.5831092695,549713.3341331901,2,2,0.5,1,2,0,583.8244925861837,0,0,0,3,1876.4516129032256,8,3.1225771974570606
8125,서초구,204638.98179459275,539391.739799466,4,2,0.0,0,1,0,3445.10974336666,0,0,0,2,253.83870967741936,7,0.5343095930295524
8126,마포구,196043.99270137172,550646.507021002,4,2,0.5,1,2,0,767.6263510736596,0,0,0,1,1907.967741935484,9,8.396162360499156
8127,마포구,191467.0290808925,551898.08102951,2,2,0.5,1,2,0,877.1497610230057,0,0,0,0,0.0,3,1.9886895476059416
8128,마포구,193998.523079162,550429.908077991,2,2,0.5,0,2,0,419.2780757356486,0,0,0,1,1738.0,7,17.93062891871618
8129,마포구,193906.887847093,550510.364194829,2,2,0.5,0,1,0,463.9993891628043,0,0,0,1,2432.3225806451615,6,11.9610726253424
8130,서초구,198630.20447976,543491.708062771,1,0,1.0,1,2,0,381.18319419468025,0,0,0,1,4650.25806451613,7,0.9932107152777904
8131,영등포구,190074.20425032376,546441.7325438722,4,1,1.0,1,2,0,1375.7902588251964,0,0,0,1,134.5483870967742,7,0.8500638711529794
8132,은평구,192881.82454538048,555190.1988790265,2,0,1.0,1,2,0,335.50075237389626,0,0,0,1,1314.2258064516127,7,2.6818883829449485
8133,은평구,193195.925789915,555079.416526795,2,0,1.0,1,2,0,533.0359063506935,0,0,0,2,1152.225806451613,8,26.43494061988009
8134,은평구,193208.4355465373,554941.09453737,3,2,0.3333333333333333,1,1,0,520.4678131319965,0,0,0,2,2831.774193548387,8,15.555299586170172
8135,강서구,185764.0033778155,551927.9582117749,2,0,1.0,1,1,0,1564.9166796719717,0,0,0,0,1288.967741935484,9,2.960594732333751e-15
8136,강서구,185623.0192219,551280.3000823106,2,0,1.0,1,2,0,1402.085554818856,0,0,0,0,4380.548387096775,12,0.6402246562871177
8137,성북구,204802.894550125,557649.8401823731,2,0,1.0,1,2,0,996.6039676051817,0,0,0,1,3496.8709677419356,9,1.282029720938637
8138,성북구,204865.5199978965,557570.297781508,2,2,0.5,1,2,0,909.8567172308756,0,0,0,2,1642.4516129032256,9,0.4177383038485989
8141,구로구,184137.9605169865,542083.2560123776,2,0,1.0,1,2,0,2530.10819695615,0,0,0,0,77.83870967741936,7,9.164410413084152
8142,종로구,196565.186135156,556127.90337007,1,1,1.0,0,2,0,1864.2398583375336,0,0,0,4,1534.4193548387095,1,1.0791821261704608
8143,동작구,197495.66249149636,543333.8398469413,3,2,0.6666666666666666,1,2,0,458.2981597651846,0,0,0,3,3334.3548387096776,4,8.333333333333332
8144,서초구,202304.37492754025,540281.6349844357,4,2,0.5,1,2,0,2428.2187655329767,0,0,0,0,0.0,5,2.697716387102709
8145,마포구,193546.859029672,550423.985284317,1,0,1.0,1,2,0,496.6017426015621,0,0,0,2,2238.6129032258063,3,10.649233744471456
8149,광진구,207786.88364594,547749.468814907,1,0,1.0,1,1,0,1986.408329471603,0,0,0,0,0.0,4,4.993212912362003
8150,광진구,207772.612376774,547706.78162308,1,2,0.0,0,1,0,1942.2762119397903,0,0,0,0,0.0,4,5.750293592138179
8151,광진구,205197.57023007,548128.773850042,1,0,1.0,1,2,0,1146.3200967714674,0,0,0,0,0.0,1,10.759656307832852
8152,광진구,209421.150807018,549425.226018809,1,0,1.0,1,1,0,1590.4851469847706,0,0,0,0,0.0,7,2.33727908578528
8153,동대문구,205991.227559409,553027.877111,1,0,1.0,1,2,0,619.771869679445,0,0,0,2,3375.3870967741937,4,0.8173594522578043
8154,강서구,185642.7898923012,551996.8209276123,5,2,0.8,1,2,0,1704.0617562500593,0,0,0,0,0.0,8,2.960594732333751e-15
8155,강동구,213165.31130141,547843.2994739446,2,0,1.0,1,2,0,785.9098857182674,0,0,0,2,4625.225806451614,2,9.20981171159795
8158,노원구,207986.12968353296,558167.063729157,2,2,0.5,1,2,0,1166.413817128957,0,0,0,1,912.0967741935484,3,3.702255031393964
8159,강남구,201284.34903917,547281.740142327,1,1,1.0,0,1,0,1040.5064396469725,0,0,0,0,1418.9354838709678,3,13.294165737722222
8161,강동구,210538.001818772,549084.338391938,1,2,0.0,0,1,0,435.4214092401936,0,0,0,0,0.0,7,5.987271877753256
8162,송파구,212238.103482836,545178.259057145,3,2,0.0,0,1,0,1111.2881158001526,0,0,0,1,483.0322580645161,11,2.0969307565174646
8163,은평구,192992.624700408,555854.47076566,1,2,0.0,0,1,0,573.1908041912009,0,0,0,2,2485.548387096774,8,0.5147351615100899
8164,강동구,214903.73439943563,550966.0317306668,5,1,1.0,1,2,1,2356.391248969282,0,0,0,0,7683.41935483871,4,1.6538456359184768
8165,강동구,214058.44695573568,550811.611195056,3,2,0.6666666666666666,1,1,0,1527.3799068096705,0,0,0,0,2218.5806451612902,6,3.22606461722921
8166,서초구,202324.904936771,544126.6218979026,2,2,0.0,0,2,0,187.79715001811385,0,0,1,0,7007.709677419355,9,1.5424580591158945
8167,서초구,202362.3925785445,544037.814337651,4,2,0.0,0,2,0,173.3015228805004,0,0,1,0,12293.483870967742,9,1.60591603349873
8168,서초구,202290.99482136077,544010.694795759,4,2,0.0,0,2,0,249.01364893646223,0,0,0,2,587.0,11,1.445293829481491
8171,성동구,205169.149540202,548142.898966184,1,0,1.0,1,1,0,1145.2560857508204,0,0,0,0,0.0,1,9.02775473801552
8172,노원구,207234.3346096845,560718.2936299974,2,0,1.0,1,2,0,1678.764233433854,0,0,0,2,2763.4193548387098,4,2.9684937698862397
8173,광진구,209580.526957599,549372.874007497,1,0,1.0,1,1,0,1423.0179912104995,0,0,0,0,0.0,6,9.240733568177072
8175,강서구,185775.6585561115,551541.8077159268,4,0,1.0,1,2,0,1427.2491118090638,0,0,0,2,2513.548387096774,10,0.5642716787369887
8176,금천구,192296.10081536835,538960.507409529,3,2,0.6666666666666666,1,2,0,355.6660853678472,0,0,0,4,5909.967741935484,5,13.560513758956958
8178,서초구,205658.0746716193,539468.656027913,3,2,0.6666666666666666,1,2,0,3815.500468142003,0,0,0,2,2500.290322580645,6,6.8229423746838105
8179,영등포구,191112.518386379,544935.781499147,1,0,1.0,1,2,0,1067.4406773439953,0,0,0,0,1605.483870967742,10,0.0524017979044266
8181,서초구,202356.114802152,544439.785359704,1,0,1.0,1,2,0,18.968295393978813,1,1,1,4,22825.774193548386,4,1.0959028191096585
8182,금천구,191877.971071966,539105.692881854,1,0,1.0,1,2,0,72.98812585123144,0,1,1,6,9554.387096774193,9,2.0077046316334326
8184,강서구,185706.0487941195,551266.7230434995,4,0,1.0,1,2,0,1395.5745741548392,0,0,0,2,5447.225806451614,13,0.596621525593856
8186,동작구,196534.963583826,545009.7359929683,3,2,0.6666666666666666,0,2,0,299.18257394447534,0,0,0,2,1674.2903225806451,5,11.345507918933215
8188,영등포구,191693.198670687,545030.639912465,1,2,0.0,0,1,0,490.31694449008,0,0,0,0,803.9677419354838,5,2.863778234037249
8193,강서구,187578.763428957,551937.901202396,1,0,1.0,1,1,0,804.7715055318165,0,0,0,0,0.0,1,12.880989655361017
8194,마포구,188032.775131721,552702.845101058,1,1,1.0,0,1,0,1694.2975231835803,0,0,0,0,0.0,1,11.25072645988106
8195,용산구,200988.05263108932,547713.861879592,3,1,1.0,0,1,0,621.4680696693916,0,0,0,0,0.0,1,1.8747350963952356
8196,중랑구,208423.384991066,556213.5358238687,3,2,0.6666666666666666,1,2,0,62.48699911537442,0,1,1,2,11007.161290322581,10,5.849450334377568
8197,송파구,210492.562901138,541999.325950639,1,0,1.0,1,1,0,1605.9751347220829,0,0,0,0,476.0,4,11.254449510111364
8198,강서구,183218.356966784,551353.1332050002,5,2,0.4,1,2,0,463.2920916415201,0,0,0,5,4922.1612903225805,5,4.656769204347402
8199,강남구,205314.29734766533,544900.6747114253,3,2,0.3333333333333333,1,2,0,164.2806976198152,0,0,1,0,5842.225806451613,5,5.067768089318972
8200,송파구,206617.92967683036,545187.9880509074,3,2,0.3333333333333333,1,2,0,883.3338427874941,0,0,0,0,0.0,4,0.1603354522157089
8202,강동구,211103.849066278,549857.124398113,1,2,0.0,0,1,0,376.9840870464755,0,0,0,0,0.0,6,0.4875255365702102
8203,강남구,202550.302905243,547378.310575126,2,2,0.0,0,2,0,1259.8349730559748,0,0,0,2,5885.8387096774195,6,4.88146749890906
8204,강남구,203832.935052432,545613.288590842,1,2,0.0,0,1,0,732.1415149205395,0,0,0,3,4141.387096774193,4,5.620863035073806
8206,금천구,189091.272292873,542138.573571882,2,1,1.0,0,2,0,1001.4532037956134,0,0,0,0,0.0,2,5.242961186120105
8207,동작구,197634.7290128645,542871.7339149695,2,1,1.0,1,2,0,191.61067734075576,0,0,1,0,5246.483870967742,10,8.181236149958089
8208,영등포구,191340.74569198,542894.0492888644,3,2,0.0,0,1,0,117.1270006127159,0,0,1,0,39549.12903225807,8,3.548584992490784
8210,강남구,202866.670960955,544530.886538371,1,2,0.0,0,1,0,315.2624468765261,0,0,0,0,2720.1290322580644,2,8.494930921026183
8211,강남구,203671.500523546,547032.076940463,1,2,0.0,0,1,0,558.1036570498729,0,0,0,0,0.0,5,11.33434208683082
8215,동작구,194338.020599811,545209.864475107,1,2,0.0,0,1,0,358.36782097943967,0,0,0,1,515.1935483870967,2,13.699539007991474
8216,강남구,207144.642361643,544454.494923452,1,2,0.0,0,1,0,1262.8829615070283,0,0,0,0,0.0,1,11.842737411246867
8219,마포구,192740.10830126132,551010.8966619546,3,2,0.3333333333333333,1,2,0,569.6154056352368,0,0,0,3,4100.0,3,0.2004964290333492
8220,마포구,194435.0348656665,549218.6345347525,2,2,0.5,1,1,0,851.452719132466,0,0,0,0,1535.5483870967741,5,2.9150843051670883
8221,마포구,194380.178968149,549198.735792815,1,0,1.0,1,2,0,909.7799687256908,0,0,0,0,636.0322580645161,6,8.508301292076492
8222,도봉구,202330.085706571,562000.993180431,1,0,1.0,1,1,0,562.8673244600539,0,0,0,3,5169.741935483871,6,9.346269047640082
8223,도봉구,202130.2822495405,560962.5661071185,2,2,0.5,1,1,0,507.9161133658693,0,0,0,2,3233.7419354838707,7,1.4522857783051415
8224,성북구,201482.45357468267,554634.7382848543,3,2,0.3333333333333333,1,1,0,229.29670892312208,0,0,0,2,8776.709677419354,8,0.8795896020150629
8226,서초구,202362.18851067623,540524.774586561,4,2,0.5,1,2,0,2181.5507196032795,0,0,0,0,3368.1612903225805,4,0.6337229146221368
8228,강동구,213486.5327716145,549814.6882667094,2,0,1.0,1,2,0,783.3104530029639,0,0,0,0,3097.548387096774,4,0.3216432775320221
8229,서초구,201962.38303794,540834.4640217535,2,2,0.0,0,1,0,2111.3782369436817,0,0,0,0,146.48387096774192,3,14.000997441188332
8230,서초구,202006.64670498823,540722.739653322,4,2,0.0,0,2,0,2177.181631256517,0,0,0,1,146.48387096774192,5,5.9812788265989765
8236,동작구,193104.840640599,544270.10965389,1,2,0.0,0,1,0,513.8626653360342,0,0,0,0,6232.645161290322,10,2.250951973123906
8237,동작구,193102.446137894,544253.187616429,1,2,0.0,0,1,0,518.3460344961171,0,0,0,0,2750.677419354839,10,4.743296964936299
8238,동작구,193133.47666432,544251.1456882495,2,2,0.0,0,1,0,487.9508719295502,0,0,0,1,2908.2580645161293,10,6.240817663285547
8239,도봉구,201389.9301800155,561799.9424917178,4,2,0.5,0,2,0,1309.6038839128776,0,0,0,2,2328.161290322581,10,2.7564145921380385
8240,동작구,195709.079562017,545463.286948705,1,0,1.0,1,1,0,497.9537598190325,0,0,0,5,3294.290322580645,8,12.01324481556128
8241,성북구,202879.78526865377,555902.637510521,4,2,0.5,1,2,0,86.11912773422141,0,1,1,1,8326.774193548388,6,0.4001655588191729
8242,은평구,192877.86120724372,559318.3964245162,4,2,0.75,0,2,0,1040.5799060975414,0,0,0,0,1817.2580645161293,5,6.202888105351008
8243,송파구,212071.42247117,545426.6240771804,3,2,0.6666666666666666,1,2,0,891.7961142977674,0,0,0,2,61.774193548387096,4,1.8644305690819196
8244,영등포구,192699.8724234315,545611.1908593575,2,2,0.5,0,1,0,184.09977675928985,0,0,1,1,148.25806451612902,2,1.7079619281667628
8245,송파구,208607.242837604,546333.023736499,1,0,1.0,1,1,0,427.6072638344965,0,0,0,0,1113.9354838709678,5,0.1997094910171141
8246,송파구,210300.48664978,549115.00067638,1,0,1.0,1,1,0,659.2984054314857,0,0,0,0,0.0,4,4.495784284672937
8247,강동구,212032.55621151,551621.371811127,1,0,1.0,1,1,0,1646.613614245758,0,0,0,0,0.0,1,18.062122280980024
8249,영등포구,192198.458022695,544511.6048849609,2,2,0.5,1,2,0,736.1223822018023,0,0,0,1,1089.9032258064515,10,7.616280585926422
8250,서대문구,192830.0814861615,552922.287045454,2,2,0.5,1,2,0,847.6103928341212,0,0,0,3,1393.6451612903227,11,12.677877280965546
8251,강동구,211863.632656831,551857.304430001,1,0,1.0,1,1,0,1814.325543558844,0,0,0,0,0.0,2,3.2281552364312502
8252,강동구,211780.805892123,551976.955393988,1,0,1.0,1,1,0,1911.2123630984925,0,0,0,0,0.0,1,9.75318176864512
8253,송파구,210432.945197696,544636.9868957305,2,2,0.5,1,2,0,704.9648389695473,0,0,0,1,1162.5483870967741,7,6.3944935397831175
8254,송파구,212994.56590131667,544381.8152694623,3,2,0.3333333333333333,1,2,0,37.21385979615931,1,1,1,2,2675.9032258064517,7,0.8808732567372364
8255,강서구,185533.474299811,550608.772374036,5,1,1.0,1,1,1,728.5781618214601,0,0,0,0,3906.838709677419,6,0.4178900761070666
8256,송파구,209516.897164401,546839.305087832,1,0,1.0,1,2,0,632.5805848499248,0,0,0,0,0.0,7,0.3269487079308645
8257,강동구,214601.212891763,550320.474989713,1,0,1.0,1,2,0,1891.3177354674983,0,0,0,2,914.2903225806451,7,5.67984258528704
8258,관악구,192809.7181271444,541639.7874316784,3,2,0.0,0,1,0,8.313986849898418,1,1,1,3,8058.645161290324,5,4.934995823497743
8259,서초구,199567.518578513,545169.612256878,2,2,0.0,0,1,0,763.912686057644,0,0,0,0,0.0,6,14.382146432582344
8261,동작구,195569.729591264,545669.331663348,2,2,0.0,0,2,0,571.8424807018953,0,0,0,0,1266.516129032258,8,14.414606000749233
8262,동작구,198367.280573641,543826.490931572,1,2,0.0,0,1,0,627.4670766981396,0,0,0,2,4826.290322580646,1,22.67733024599364
8264,동작구,195001.74700884,544853.679926958,1,2,0.0,0,1,0,400.356648772018,0,0,0,0,119.67741935483872,5,14.13314019273739
8265,동작구,195671.8406073965,545615.8284993016,2,2,0.0,0,2,0,580.5454021212877,0,0,0,2,2181.6451612903224,7,15.19010319965729
8267,영등포구,192194.910088112,544069.037732983,1,2,0.0,0,1,0,1079.8379959561944,0,0,0,3,5349.548387096774,5,2.265575114447665
8268,금천구,191527.02845318848,538696.0988451645,2,2,0.0,0,1,0,552.3261077368043,0,0,0,3,5049.096774193548,9,10.808786613898564
8269,금천구,191631.1533307508,538690.4614693072,4,2,0.0,0,1,0,502.6318641381287,0,0,0,2,4645.451612903226,7,9.129602428937934
8270,은평구,193193.378685774,554668.874293875,1,0,1.0,1,2,0,466.7588722602605,0,0,0,2,4756.161290322581,8,12.23666443915834
8271,송파구,212833.4449267407,543931.7411514017,3,2,0.3333333333333333,1,2,0,167.6896752742657,0,0,1,2,2106.4193548387098,7,6.021998281412095
8272,강서구,185057.908493325,551627.079229083,1,0,1.0,1,2,0,1668.8327604683318,0,0,0,0,0.0,3,0.0
8273,서초구,203566.888328648,541626.2413355495,2,2,0.5,1,1,0,968.992960990951,0,0,0,0,809.0,4,1.7679782672860018
8274,관악구,195393.7321691053,543381.6788539353,4,1,1.0,1,1,1,885.5769633884252,0,0,0,2,3209.387096774193,6,14.392019631982365
8275,종로구,200081.064490223,554037.067007434,1,0,1.0,1,2,0,321.8174493089067,0,0,0,4,12534.000000000002,5,4.004229143960695
8276,광진구,207825.339597621,547617.636765403,1,1,1.0,0,1,0,1861.3224560939552,0,0,0,0,0.0,3,16.20387622396918
8277,종로구,201381.296332034,552780.271912511,2,2,0.5,1,2,0,130.36976805290524,0,0,1,2,4122.225806451613,8,2.0195449597804327
8278,송파구,210047.9521825285,547260.4622124465,2,2,0.0,0,1,0,1078.1245438522185,0,0,0,1,554.1935483870968,4,4.359293315639003
8279,강동구,213321.8432430775,550589.9391893975,2,2,0.5,1,2,0,794.8200302481362,0,0,0,2,1208.967741935484,8,2.122135490342103
8280,강동구,213271.688821911,550566.963705058,1,0,1.0,1,2,0,742.2406585208058,0,0,0,2,1208.967741935484,7,2.558023503406339
8281,강동구,213438.01691775,550588.660098146,2,2,0.5,1,2,0,884.2793371528297,0,0,0,2,744.8387096774194,7,2.1699806698676127
8282,송파구,209054.1572791905,544453.9618423574,2,1,1.0,0,2,0,437.62435791258906,0,0,0,0,1690.483870967742,3,1.093227290999718
8283,강남구,205322.248465146,546166.101420413,1,2,0.0,0,1,0,1211.9151217750873,0,0,0,2,12320.677419354839,3,3.673154425102053
8284,강남구,202872.58412175823,543627.8728932872,4,2,0.0,0,1,0,375.7626896036007,0,0,0,0,12912.032258064517,10,2.3892421669322474
8285,서초구,205230.740074878,539334.5670886515,2,2,0.5,1,2,0,3776.3958645182793,0,0,0,2,63.80645161290323,6,9.294819202821088
8286,서초구,205261.6311237375,539365.290953278,2,2,0.5,1,2,0,3767.083914886447,0,0,0,2,529.9032258064516,7,5.452538230898594
8287,서초구,205123.553617592,539586.3139588435,2,2,0.0,0,1,0,3506.505436574439,0,0,0,0,360.93548387096774,8,5.599814210667233
8288,서초구,202111.7086046388,540701.8460430668,4,2,0.5,0,2,0,2138.29439277389,0,0,0,1,2373.8387096774195,4,8.004412799504976
8289,양천구,187837.1137902035,546363.025659821,2,2,0.5,1,2,0,801.433586987241,0,0,0,1,1541.5806451612902,12,0.4754341357307842
8290,송파구,210735.97668667464,544200.8830550084,3,2,0.3333333333333333,1,2,0,454.7499804459583,0,0,0,2,1517.8064516129032,4,1.504285359011508
8292,서초구,199604.3790863065,543837.515516957,2,2,0.0,0,1,0,1212.4263391071004,0,0,0,2,902.5483870967743,3,4.134278503774205
8293,동작구,197423.29358210525,543373.5906881533,4,2,0.0,0,2,0,452.5201324201026,0,0,0,2,3151.741935483871,4,7.2096703024701725
8294,동작구,197561.88884098572,543378.4091911127,4,2,0.0,0,2,0,534.7518518926189,0,0,0,0,3395.645161290323,4,13.523796273160292
8295,동작구,197693.593957528,543254.9754165594,3,2,0.0,0,1,0,556.8196116668015,0,0,0,0,1257.5806451612902,7,11.082635332764278
8296,서초구,198443.82374202876,542217.4022085352,8,2,0.0,0,1,0,194.53205730197163,0,0,1,2,8612.967741935483,5,0.8526983174853816
8297,서초구,198981.912742538,542375.700827693,1,2,0.0,0,2,0,626.5223379329497,0,0,0,0,84.25806451612904,3,23.34804774859979
8299,서초구,199328.0715945165,543793.629740369,2,2,0.0,0,2,0,1101.014019505242,0,0,0,0,2378.516129032258,6,7.273901544525589
8300,동작구,191771.5551289335,543035.1424955586,2,2,0.0,0,2,0,440.9459825734608,0,0,0,0,4771.709677419354,8,0.1835289984424193
8301,서초구,200155.659366789,543785.854103607,1,2,0.0,0,2,0,693.9053122925436,0,0,0,0,0.0,0,14.01911904649663
8302,금천구,191822.286194926,538652.7959398804,2,2,0.0,0,2,0,442.4589574502127,0,0,0,0,192.83870967741936,2,13.690254852216032
8305,동작구,197700.554178798,542726.561847015,1,2,0.0,0,2,0,118.1671704230702,0,0,1,3,4286.838709677419,7,9.4452346992744
8306,동작구,196572.586389296,545419.460151205,1,2,0.0,0,2,0,93.6556051129689,0,1,1,5,15470.580645161292,11,3.341990990720856
8307,동작구,195651.606169303,545526.9006150065,2,2,0.0,0,2,0,499.2755375393892,0,0,0,2,3294.290322580645,9,12.502522987603513
8308,동작구,195705.902382408,545773.6702639395,2,2,0.0,0,2,0,721.370233750084,0,0,0,2,7450.8709677419365,9,23.509464393833674
8309,동작구,193771.316984576,545328.949440219,1,2,0.0,0,2,0,590.5415936675586,0,0,0,3,1883.7096774193549,4,11.93063462315012
8310,금천구,191844.137006249,540878.9235983766,2,2,0.5,1,2,0,517.484876695005,0,0,0,2,617.0645161290322,3,9.71864091214087
8311,동작구,195740.504358935,546131.0878275195,2,2,0.0,0,1,0,756.6684164774764,0,0,0,0,306.258064516129,6,2.4341595778838667
8315,서초구,200248.235918672,545183.4476841447,4,2,0.0,0,1,0,83.26004527396718,0,1,1,4,20716.51612903226,7,0.6088052017707213
8316,서초구,198976.8798686238,543611.4862104674,5,2,0.6,1,2,0,709.6156410041065,0,0,0,2,2441.677419354839,9,0.3955151014850185
8317,서초구,198716.355572424,543492.220871863,3,2,0.3333333333333333,1,2,0,435.7153392914251,0,0,0,0,1789.6129032258063,9,0.6472256148160138
8318,서초구,201693.159671439,544866.136506675,1,0,1.0,1,1,0,544.9619245813445,0,0,0,1,1724.4193548387098,8,6.154029699509118
8319,서초구,201378.697622358,545525.948559501,1,2,0.0,0,1,0,306.70517657175407,0,0,0,0,0.0,3,4.420096895320006
8321,강동구,212871.39476952565,551054.7881948067,3,2,0.0,0,1,0,1003.0790603934342,0,0,0,0,1239.1612903225807,4,8.333333333333332
8323,성북구,204576.5585761575,558019.100518475,2,2,0.5,0,2,0,1175.722484650669,0,0,0,2,1279.4516129032259,4,2.209729783626919
8325,금천구,191796.271973639,540614.400617199,1,2,0.0,0,1,0,343.17501434908803,0,0,0,0,460.741935483871,5,23.679677847649668
8326,금천구,190936.5493319786,539967.1563009942,5,2,0.0,0,2,0,543.5026497019951,0,0,0,1,4198.258064516129,11,8.333333333333332
8327,금천구,190891.04699657965,539841.8118457696,3,2,0.0,0,1,0,468.2167807932983,0,0,0,0,2497.2258064516127,11,10.977366829093963
8328,강동구,214637.611111562,550614.788540201,1,0,1.0,1,2,0,1988.347395422698,0,0,0,1,1919.8387096774193,7,15.621365825467398
8329,영등포구,192800.663891926,544894.0708321575,2,2,0.0,0,1,0,310.44295768222287,0,0,0,1,821.8709677419355,8,4.064547636507096
8330,영등포구,192774.1225551894,544763.8978042457,5,2,0.0,0,1,0,393.2613474124172,0,0,0,0,39.16129032258064,9,6.900775597230198
8331,구로구,184200.456395557,542035.586288108,5,1,1.0,1,2,1,2512.7062033563925,0,0,0,0,586.9032258064516,8,1.7551395988821976
8332,구로구,183855.08597475768,541977.1942959577,3,1,1.0,1,2,0,2818.3049313566507,0,0,0,2,931.1290322580645,3,3.8253469199367096
8334,강동구,214768.662102902,549728.0835063703,3,0,1.0,1,2,0,2050.9811209460377,0,0,0,2,809.3548387096773,6,9.894842334359582
8335,구로구,184172.6808210806,542568.76786295,5,1,1.0,1,2,1,2220.9686183844847,0,0,0,1,1172.516129032258,1,0.9817909303750068
8336,구로구,184450.511919288,542059.049163993,1,0,1.0,1,2,0,2312.525634998234,0,0,0,1,1311.5483870967744,8,4.512806916663443
8337,성북구,204989.7900209253,557487.8608763595,6,2,0.6666666666666666,1,2,0,766.3219508293538,0,0,0,3,1750.1935483870968,9,0.2163578130482927
8338,구로구,188041.552250388,544263.121217392,2,0,1.0,1,2,0,1067.763452591266,0,0,0,0,0.0,6,1.2843418819829882
8339,영등포구,194467.049470832,547022.8728140804,2,0,1.0,1,1,0,1032.1035982003705,0,0,0,0,0.0,2,1.008341814269243
8340,서초구,201615.151750809,544255.313969715,1,2,0.0,0,1,0,221.11719105400653,0,0,0,0,66.64516129032258,5,9.128642096420108
8342,강동구,214379.962950278,550760.586675536,1,0,1.0,1,2,0,1793.9152118824968,0,0,0,0,3036.9677419354834,7,7.8774443885386995
8343,양천구,186152.075207753,546352.17687793,3,0,1.0,1,1,0,593.6076242003061,0,0,0,0,2054.451612903226,5,6.450756857300904
8344,양천구,185943.48897079,546251.64836358,4,0,1.0,1,1,0,726.5933612677813,0,0,0,4,3035.2258064516127,5,2.353911894381528
8345,양천구,186274.978577096,546399.2868390309,2,0,1.0,1,1,0,558.7748928351074,0,0,0,0,0.0,5,6.703491623824161
8346,송파구,212482.84080142915,542870.8658105107,6,2,0.3333333333333333,0,2,0,869.1942267849065,0,0,0,2,2547.6129032258063,3,7.771762288825906
8347,종로구,197574.793118645,554081.507437989,1,1,1.0,0,1,0,1863.01481621477,0,0,0,0,1426.8709677419356,6,6.91199424771438
8348,강남구,204048.3915592645,542123.2477271424,2,2,0.5,1,2,0,825.3746849044608,0,0,0,3,6305.67741935484,6,0.3028079794954171
8349,금천구,190722.065831505,539891.776398155,1,1,1.0,0,2,0,625.4510951037375,0,0,0,0,1115.9032258064517,10,2.333040377232773
8350,은평구,193954.078127073,555632.367641771,4,2,0.5,1,1,0,1024.424907994507,0,0,0,0,12965.225806451612,3,6.529149653914784
8351,강북구,201984.8485769485,560239.4407306246,2,2,0.5,1,2,0,363.4402275333953,0,0,0,5,4231.225806451614,7,0.8328913385349779
8354,강동구,215147.997179565,550746.981270316,1,0,1.0,1,2,0,2515.408561897394,0,0,0,2,658.5806451612905,7,2.027161852169813
8355,강동구,215179.149889732,550641.43504409,1,0,1.0,1,2,0,2519.0498067004173,0,0,0,1,1317.6774193548388,7,2.510023083917711
8357,송파구,209217.22094313768,546893.7585902824,3,2,0.6666666666666666,0,2,0,805.737165827215,0,0,0,0,49.74193548387097,5,5.354523649114524
8359,서대문구,195285.3496722615,554047.7726383335,2,2,0.5,1,2,0,232.2541898375024,0,0,0,1,4726.032258064516,7,14.194186454634483
8360,은평구,194091.572971169,557642.2817356247,3,2,0.3333333333333333,1,2,0,802.761675238502,0,0,0,2,2455.4193548387098,4,2.7442546858020958
8361,영등포구,193701.351016955,547510.224716505,1,0,1.0,1,2,0,1754.3640599857758,0,0,0,0,4760.967741935484,9,0.7876646251930868
8362,영등포구,193738.123246366,547447.2524304605,2,2,0.5,1,2,0,1681.4418983612773,0,0,0,0,12743.806451612902,8,0.5906072843584198
8363,강남구,205517.0493078425,542572.2711718215,2,2,0.5,1,1,0,1163.878099732281,0,0,0,0,3120.3548387096776,6,5.86810293179731
8364,동작구,196504.7055876755,544462.635484892,2,0,1.0,1,2,0,698.766852968741,0,0,0,3,2267.516129032258,5,16.917600754098103
8365,서초구,199947.92352706767,542154.4922712756,3,2,0.3333333333333333,1,2,0,1483.802424321451,0,0,0,2,1367.3870967741934,3,3.247047323705843
8366,종로구,198331.650146176,553553.1363765714,3,2,0.3333333333333333,1,2,0,1249.447390097728,0,0,0,2,1065.1612903225805,2,3.153759014074211
8367,서초구,199919.6395011568,542468.5752441818,5,2,0.2,0,2,0,1247.9019799121704,0,0,0,3,5325.387096774193,6,3.525082947247604
8369,강서구,185095.066802194,550633.8159264275,2,2,0.5,1,2,0,876.828451935275,0,0,0,0,0.0,6,0.2834204268459809
8370,서초구,201004.2476954155,543109.3548927885,2,2,0.5,1,2,0,400.3102948509845,0,0,0,0,3738.4193548387093,3,7.492158355654113
8371,양천구,188664.418524876,546290.04707465,1,2,0.0,0,1,0,1350.7528850112174,0,0,0,1,3000.6774193548385,7,0.8729896713850376
8372,중랑구,207390.939891289,554061.70824264,2,2,0.5,1,2,0,347.8692535471985,0,0,0,2,316.80645161290323,3,3.2564979733862387
8373,중랑구,207196.4189670838,553764.845522257,5,2,0.2,0,2,0,392.2557002964742,0,0,0,0,1930.2903225806454,8,0.9764764097274832
8374,중랑구,207291.94887921077,553760.2263541807,4,2,0.25,1,2,0,456.81364242647896,0,0,0,0,401.4516129032258,8,1.7787523676582375
8375,노원구,204656.6180127365,559082.7729378305,2,2,0.5,1,2,0,960.1212723789596,0,0,0,0,1431.9677419354841,2,17.90678158584072
8376,용산구,197258.40208014305,547371.4194612502,5,1,1.0,1,2,1,2108.3109008141805,0,0,0,0,388.741935483871,4,1.7613673795035676
8377,송파구,212906.437655933,542086.236751659,1,0,1.0,1,2,0,1615.2956082566618,0,0,0,1,1238.6774193548385,5,2.757421190654495
8378,금천구,190346.18083368224,541699.2997455305,4,2,0.25,0,1,0,272.3897488214444,0,0,0,1,4534.612903225807,4,4.457936689451423
8379,강서구,186792.953125,547935.031249865,1,0,1.0,1,2,0,84.37192638694685,0,1,1,1,4111.387096774194,7,6.123464418617075
8380,중랑구,208289.519880082,554398.7103164045,2,2,0.0,1,1,0,326.70891083433526,0,0,0,1,4107.580645161291,9,1.71025696810838
8381,강서구,183667.708739385,552012.051103006,2,2,0.5,1,2,0,356.56563921512907,0,0,0,0,355.0967741935484,6,1.1774628491905996
8382,강동구,215123.812484022,550977.1513833093,3,0,1.0,1,2,0,2564.9690851009773,0,0,0,0,5308.58064516129,7,3.814339824261068
8383,송파구,212594.7610778133,543232.5737342574,3,2,0.3333333333333333,0,2,0,490.7584180037421,0,0,0,0,557.9677419354839,4,22.97617017463401
8384,광진구,206989.71643302965,550773.2170783126,3,2,0.3333333333333333,1,2,0,1329.2131401717772,0,0,0,2,6082.258064516129,8,0.7099548144981682
8385,성북구,202335.74578103467,556742.7300391459,3,2,0.6666666666666666,1,1,0,446.43655294814016,0,0,0,0,0.0,7,15.238849128513046
8386,마포구,190640.218671901,550871.816691768,1,0,1.0,1,1,0,2091.875956482598,0,0,0,0,0.0,0,13.66902497623815
8387,용산구,201011.055715997,547743.754830829,1,0,1.0,1,1,0,618.7154441587497,0,0,0,0,0.0,1,4.87422329673942
8388,마포구,191149.67245432752,550664.725828466,2,2,0.5,1,1,0,1958.7626963528944,0,0,0,4,4797.451612903227,5,0.5338419170521469
8389,서초구,202396.3990321545,543512.1519598791,2,2,0.5,1,2,0,505.79058753561935,0,0,0,1,3101.870967741935,6,0.2164025002730696
8390,금천구,189344.8557055015,542852.2980173326,2,2,0.0,0,1,0,703.8088276288099,0,0,0,2,1365.9354838709676,9,1.0038376082658356
8391,종로구,201364.558070894,553052.1367334967,3,2,0.3333333333333333,1,1,0,399.4129201685625,0,0,0,2,2662.6129032258063,4,1.245262828527019
8392,강남구,209938.1198836165,541545.6919111679,2,2,0.5,1,1,0,1783.7508885986003,0,0,0,0,0.0,4,1.7302785123370394
8394,서초구,202992.852722772,541566.701473865,1,0,1.0,1,2,0,990.3945008447902,0,0,0,0,1389.4516129032259,6,4.839221039207556
8395,은평구,193041.140857105,555138.9183271148,4,1,1.0,1,2,0,417.15661021527455,0,0,0,0,1661.3548387096773,11,4.980753960572469
8396,은평구,192960.000446734,555177.7622771794,2,0,1.0,1,2,0,377.12080053852327,0,0,0,0,4632.161290322581,8,1.1669463586228623
8397,영등포구,190112.610408387,549782.176310334,1,1,1.0,0,1,0,1208.3871293935124,0,0,0,0,0.0,2,8.69310396739048
8398,중구,200044.7641416635,551457.3334622569,2,2,0.5,1,2,0,433.9885564407413,0,0,0,2,2369.709677419355,6,3.2483140510259405
8399,노원구,205452.23489918,562538.8843190917,3,1,1.0,1,1,0,924.8932491970832,0,0,0,2,517.2258064516129,6,1.4236839336856617
8400,노원구,205416.14050843864,562717.010267262,3,1,1.0,1,2,0,1105.97720389045,0,0,0,2,2761.3225806451615,7,1.612475546704939
8401,노원구,205459.6990736597,562430.1646912546,3,2,0.3333333333333333,1,2,0,816.0067974403914,0,0,0,1,1176.8387096774193,6,1.3686692980010484
8403,강남구,201375.853431622,547253.627690576,1,0,1.0,1,1,0,978.4970236975714,0,0,0,1,1418.9354838709678,3,13.376708007699156
8404,강남구,204635.503849774,542308.6185602773,3,0,1.0,1,2,0,839.4165397247542,0,0,0,2,3420.225806451613,4,1.2482902168112335
8405,강남구,204966.4095360307,542137.1938587413,3,1,1.0,1,2,0,1192.843346089183,0,0,0,1,2733.3870967741937,3,3.7443969434624393
8406,송파구,213162.39823938927,542737.4132870883,3,0,1.0,1,2,0,1038.7274149780274,0,0,0,4,1090.8709677419354,2,4.470274525409899
8407,송파구,213449.894451391,543000.7158465375,4,1,1.0,1,2,0,978.9730348034974,0,0,0,1,346.258064516129,5,19.5332029567993
8408,송파구,213771.406973434,543249.875577768,1,1,1.0,0,2,0,1088.8042521704394,0,0,0,2,119.16129032258064,6,0.0
8409,영등포구,191071.86342487505,544185.4872813604,2,2,0.5,1,2,0,442.0761441532206,0,0,0,1,1333.741935483871,4,0.6864643035689729
8410,광진구,206197.82670372564,550411.016990356,3,2,0.3333333333333333,1,2,0,1032.0509142801898,0,0,0,0,2833.967741935484,6,2.138335909426221
8411,영등포구,191388.32301405037,543041.0124651477,3,2,0.3333333333333333,1,1,0,249.89650967116611,0,0,0,0,6806.516129032258,7,1.5760077737510838
8412,영등포구,191556.440007854,545989.710380185,1,0,1.0,1,2,0,247.2766468389579,0,0,0,1,715.258064516129,3,4.544086587690253
8413,송파구,213649.97142728532,543430.1069295633,3,1,1.0,0,2,0,871.9476484224823,0,0,0,0,838.8387096774194,11,16.58113217527758
8414,송파구,213089.1580119484,543054.1373962311,5,0,1.0,1,2,0,720.5158338587523,0,0,0,2,1044.032258064516,5,13.325285038890703
8415,송파구,213523.998286932,543205.6386155413,3,1,1.0,0,2,0,907.5815800532716,0,0,0,0,1537.0,8,0.0
8416,도봉구,203967.401083551,561025.649891414,1,0,1.0,1,2,0,484.4944479484909,0,0,0,0,162.51612903225805,5,0.9901082856688664
8417,강북구,201360.8103565415,560111.2327921585,2,2,0.5,0,2,0,301.96417490732466,0,0,0,2,4252.741935483871,9,2.5336860645071013
8418,서초구,202456.06539627223,543340.4835656105,4,2,0.5,1,2,0,635.642784048727,0,0,0,2,2681.935483870968,6,1.1645140672773675
8419,양천구,184697.5030708997,546034.9418314999,3,2,0.0,0,2,0,1721.5120507014517,0,0,0,0,692.7096774193548,2,8.544730358957924
8420,금천구,189515.411231777,542368.515702202,1,0,1.0,1,2,0,527.4417650006862,0,0,0,4,15778.193548387093,9,0.5798150532621982
8421,강북구,201131.81310148237,560921.6217077634,3,2,0.3333333333333333,1,2,0,652.9336956056035,0,0,0,3,4615.709677419355,7,2.2340118833334324
8422,동대문구,203797.926954919,554266.648432622,1,2,0.0,0,1,0,170.10794530156684,0,0,1,0,493.2258064516129,6,3.0081646069638466
8423,성북구,203583.70004455,555295.268462187,1,0,1.0,1,1,0,576.1549535354733,0,0,0,1,257.6774193548387,5,25.3420799456103
8424,강동구,212078.10213084548,548974.7053425605,2,2,0.5,1,2,0,157.76026998439937,0,0,1,2,1336.0645161290322,7,11.041297718420134
8425,금천구,191877.861503614,540829.011310566,2,2,0.5,1,2,0,549.6484415764314,0,0,0,2,617.0645161290322,3,15.894491316213305
8426,강남구,210771.11572053,540838.677568927,1,0,1.0,1,2,0,2792.919632146732,0,0,0,0,398.7741935483871,4,7.349323468720905
8427,도봉구,204436.248529195,562731.884132983,3,0,1.0,1,2,0,568.8649603740738,0,0,0,0,0.0,4,0.3092613124030899
8428,도봉구,203030.27593441468,561758.359197841,3,2,0.3333333333333333,1,1,0,340.9985186292544,0,0,0,0,0.0,3,9.858973713315972
8429,은평구,192902.956956526,554900.942181758,1,0,1.0,1,2,0,214.90546325407956,0,0,0,3,4047.8387096774195,8,4.330502202667923
8430,은평구,192489.74844288125,555869.590898394,4,1,1.0,0,1,0,378.5432472206175,0,0,0,4,2076.483870967742,3,0.6091217544254828
8431,관악구,192908.27939994,542944.955739415,3,2,0.3333333333333333,1,1,0,565.1199262402408,0,0,0,0,0.0,3,2.9810299330435206
8432,관악구,193019.2516755217,542970.5133373346,3,2,0.6666666666666666,1,1,0,470.0867534305439,0,0,0,0,528.0,5,4.418288760481565
8433,관악구,192135.9747907175,542760.0459705835,4,2,0.25,1,2,0,693.1712144466875,0,0,0,1,106.51612903225805,10,0.2591457309937143
8434,영등포구,191426.5927145073,545654.756322973,3,2,0.6666666666666666,1,2,0,546.7847740376094,0,0,0,0,454.38709677419354,4,3.825954778528325
8435,종로구,197993.277778113,552750.8455460753,3,2,0.3333333333333333,1,2,0,493.4476798000809,0,0,0,1,9238.387096774193,6,0.9471544792597796
8437,구로구,188061.896405743,544156.507827262,1,0,1.0,1,2,0,1030.0736870988517,0,0,0,0,0.0,6,0.5117646642043283
8438,구로구,188051.501594239,544213.890867907,2,2,0.5,1,2,0,1054.6447702150783,0,0,0,0,0.0,6,1.2423896622547217
8439,구로구,185263.93135531736,543877.7182748656,3,2,0.3333333333333333,1,2,0,654.4417754648762,0,0,0,0,1574.3870967741937,7,3.340079057602695
8440,영등포구,190157.6740457025,547410.7145488735,2,2,0.5,0,1,0,774.6446244143425,0,0,0,1,436.8064516129032,6,0.4154471246298256
8441,영등포구,192581.52358434448,544866.5905928825,2,2,0.5,1,2,0,528.9926496524463,0,0,0,2,285.5483870967742,5,10.065640126140812
8442,용산구,199638.948941214,548110.777930359,1,0,1.0,1,2,0,222.64205448193803,0,0,0,1,1692.806451612903,9,7.678698498559592
8443,용산구,199615.526854677,548168.527578335,2,0,1.0,1,2,0,160.95162505633488,0,0,1,1,3673.354838709677,8,7.179407835477416
8444,송파구,209669.406067509,547705.398474754,1,0,1.0,1,2,0,1469.1505503218352,0,0,0,0,231.48387096774192,4,0.0377439048182163
8445,노원구,206566.687754492,562755.7313655126,2,0,1.0,1,2,0,493.9178058248991,0,0,0,1,795.3870967741935,11,0.5621089093087169
8446,은평구,192092.590152727,556093.637334072,1,0,1.0,1,1,0,155.30581568749687,0,0,1,2,5566.000000000001,5,4.014012184566518
8447,도봉구,203621.504902282,559152.920880795,1,0,1.0,1,1,0,135.32266583062167,0,0,1,2,2915.645161290322,9,2.9973679301998857
8448,성북구,201509.69027111225,557043.8555044078,4,2,0.25,1,1,0,812.8580198454786,0,0,0,3,4343.709677419354,3,19.4493479472843
8449,성북구,201138.29678701615,554742.872324565,5,1,1.0,1,1,1,458.7267188001527,0,0,0,1,3441.483870967742,6,1.7655269732578562
8452,영등포구,191876.02212610972,544981.5294933111,4,1,1.0,1,1,0,368.8324115922947,0,0,0,0,31.64516129032258,7,19.15722941818736
8453,강동구,215306.246504529,552459.341366753,1,1,1.0,0,1,0,3520.822333794227,0,0,0,1,4452.677419354839,11,0.9540039873840024
8454,강동구,215144.620972867,552535.0234113593,4,1,1.0,0,2,0,3457.941881732636,0,0,0,0,2390.8709677419356,9,1.4247290164624775
8455,강동구,215502.10834859635,552814.294360139,6,1,1.0,1,2,0,3908.00319025276,0,0,0,0,0.0,7,1.0283234624262327
8456,강동구,215176.0085690287,552463.119546765,3,1,1.0,0,2,0,3429.2293326439258,0,0,0,0,2374.5806451612902,10,2.642298817031558
8457,강동구,215595.29755394897,552557.0267884376,3,1,1.0,0,1,0,3801.097671040991,0,0,0,3,1509.516129032258,7,1.8479947655012372
8458,강동구,215583.96071714835,552598.1359758903,3,2,0.6666666666666666,0,2,0,3819.721611843804,0,0,0,3,1509.516129032258,8,0.0580702857418794
8459,강동구,215487.899157205,552568.820465341,1,1,1.0,0,2,0,3728.6594247139415,0,0,0,2,2451.5806451612902,10,0.7571465308324932
8460,강동구,215284.54615592532,552494.8800845667,3,1,1.0,0,2,0,3529.3628882688217,0,0,0,1,4452.677419354839,13,1.7238180193481747
8461,강동구,215224.447389942,552718.2170736863,3,1,1.0,1,2,0,3645.4401833630063,0,0,0,2,29.064516129032256,10,1.135007196784965
8462,강동구,215462.264908455,552507.823161944,2,1,1.0,0,1,0,3668.780921162398,0,0,0,2,2164.774193548387,11,1.5236534283619405
8463,강동구,215502.360079693,552525.1593438,1,1,1.0,0,1,0,3710.249724823642,0,0,0,2,2451.5806451612902,10,0.9706996065578188
8464,강동구,215186.2645326905,552402.4413739395,2,1,1.0,0,2,0,3394.4423020683203,0,0,0,2,2374.5806451612902,10,1.99310732227314
8465,강동구,215350.59421345277,552762.5198030057,4,2,0.75,1,2,0,3764.6235192746376,0,0,0,1,29.064516129032256,10,1.6169968947083648
8466,강서구,186413.051759457,548256.620301558,1,1,1.0,0,2,0,111.33673469210451,0,0,1,2,10080.677419354839,4,3.1292139881763665
8468,관악구,193290.93630821933,542882.1008888603,3,1,1.0,1,2,0,188.4423908451137,0,0,1,2,122.16129032258064,4,3.974848407817338
8469,강남구,204893.7619166625,542037.6294581607,4,0,1.0,1,1,0,1213.3589848992442,0,0,0,1,1685.2903225806454,3,3.943119047756731
8470,강남구,204879.952405203,541947.7533426277,3,0,1.0,1,1,0,1273.5356764924888,0,0,0,1,1093.4516129032259,4,5.136233335576108
8472,송파구,213899.110827688,544088.369962133,2,1,1.0,0,2,0,689.1513958089572,0,0,0,0,0.0,7,2.569353644710084
8473,송파구,213309.3070293718,543205.1757270694,5,0,1.0,1,2,0,736.2115578301125,0,0,0,0,608.0,7,7.693708074764132
8474,송파구,213457.2266701612,543307.4559065056,5,0,1.0,1,2,0,798.0124853210715,0,0,0,2,1190.741935483871,6,11.147599978981097
8476,은평구,192100.1287232078,556217.4737297061,5,1,1.0,1,2,1,31.75064917537166,1,1,1,4,5401.225806451613,5,5.6986729828873335
8477,강동구,215200.587548125,552319.9356170997,4,2,0.75,0,2,0,3348.6552352735453,0,0,0,2,2374.5806451612902,10,1.7239256985760498
8478,종로구,197262.145207074,552883.135594482,1,0,1.0,1,2,0,935.9091802200307,0,0,0,2,4921.709677419354,6,3.4605962727440938
8480,도봉구,202852.685604923,561281.128495446,1,2,0.0,0,1,0,295.1926518076532,0,0,0,5,774.2258064516128,4,8.75706505444524
8481,영등포구,192841.27372076036,544218.8552932743,3,1,1.0,1,2,0,781.7564406619825,0,0,0,0,3229.709677419355,10,1.3254562256230549
8482,강동구,215395.219540637,552537.295790206,1,1,1.0,0,2,0,3639.064993041981,0,0,0,2,2120.1290322580644,15,1.1129963756654724
8483,강동구,215408.206250092,552493.468744141,1,1,1.0,0,2,0,3619.0061815793374,0,0,0,2,2120.1290322580644,14,2.559817438224593
8488,마포구,196112.058134494,550834.58887923,1,0,1.0,1,2,0,784.4357207771575,0,0,0,6,14918.774193548386,14,10.855463110010378
8489,동작구,195144.473358381,544583.6459594667,6,1,1.0,1,2,0,598.1562519602347,0,0,0,0,1723.4193548387098,4,10.213002658221342
8490,종로구,198008.450770944,552448.509144793,3,2,0.3333333333333333,1,2,0,196.2190240871448,0,0,1,1,23792.516129032258,13,0.6371539236345866
8491,마포구,195281.01057390677,550535.787216433,4,2,0.75,1,2,0,370.94059622379166,0,0,0,2,3483.709677419355,9,15.406158322410937
8492,마포구,195431.967161616,550565.3629364495,2,0,1.0,1,2,0,464.0530175665256,0,0,0,0,0.0,8,13.48882465101423
8493,마포구,195463.03849541,550460.8875074837,3,2,0.6666666666666666,1,1,0,552.2364194150633,0,0,0,0,0.0,6,24.537655689543147
8494,마포구,195283.658944672,550419.6461823622,5,2,0.8,1,1,0,467.9144620957776,0,0,0,2,1959.225806451613,7,5.977586641760275
8495,노원구,206387.783080068,557741.866779359,1,1,1.0,0,2,0,495.4251423558356,0,0,0,2,286.32258064516134,10,1.2594364032053087
8496,노원구,206288.001488336,558145.657251249,1,1,1.0,0,2,0,742.9474314911357,0,0,0,2,361.5483870967742,11,2.396899813910567
8498,금천구,190305.628653902,540595.8028337177,3,0,1.0,1,2,0,610.9166717455566,0,0,0,0,3176.064516129032,4,2.3155107856820694
8499,성북구,204366.9737431855,557870.5488164505,4,2,0.75,1,2,0,927.8447775465085,0,0,0,0,540.1290322580645,7,0.0984856349202623
8500,성북구,204497.68189418264,557703.8804783256,3,0,1.0,1,2,0,898.869832097162,0,0,0,2,3576.0,7,0.7666081644178568
8501,성북구,204284.6690375832,557808.2109207615,5,1,1.0,1,1,1,828.7424371637178,0,0,0,1,550.2258064516129,11,0.9373320394816056
8502,성북구,204175.48921060128,557728.0379640011,4,1,1.0,1,1,1,701.2662904105449,0,0,0,2,2488.516129032258,11,2.261160096273892
8503,성북구,204450.135280766,557541.8132447875,2,2,0.5,1,1,0,765.3454735726352,0,0,0,3,4835.838709677419,8,3.574889922743356
8504,강동구,215618.60229672,550925.710239444,1,0,1.0,1,2,0,3017.216459230485,0,0,0,2,2339.3870967741937,2,1.560616988085961
8505,중구,199673.577476206,551356.559746484,1,0,1.0,1,2,0,671.5988250730119,0,0,0,2,4956.0,8,4.642880538118041
8506,서초구,202099.2367630097,540306.6761345058,4,2,0.0,0,2,0,2490.333022967351,0,0,0,0,2969.6451612903224,4,0.5426851237096149
8507,영등포구,190008.0299766355,546656.4671971935,4,1,1.0,1,1,1,1270.4431579431362,0,0,0,0,2635.8064516129034,12,0.7976846080473413
8508,서대문구,192093.6321703524,552735.231546076,3,0,1.0,1,2,0,444.5589865246705,0,0,0,0,0.0,5,1.4044632555551928
8509,중구,201315.9209174003,551402.1608757953,3,2,0.3333333333333333,1,2,0,463.0563008385758,0,0,0,2,3854.935483870968,9,1.5600557175822989
8510,종로구,198158.723867952,552867.237611314,1,0,1.0,1,1,0,628.1919374119674,0,0,0,1,3698.9032258064517,4,2.1839515998996126
8511,서초구,202717.07510916764,541596.5619107207,3,1,1.0,0,2,0,1060.777151371777,0,0,0,0,1362.2903225806451,9,8.20936848095009
8512,관악구,191701.40911292948,542542.8194573085,2,2,0.5,1,2,0,224.88460822752663,0,0,0,0,819.3548387096774,7,2.9484772405616155
8513,마포구,196132.33815419,548963.6029024378,4,2,0.75,1,2,0,570.208062338601,0,0,0,6,3387.451612903226,8,13.779931897594308
8514,마포구,196075.063724564,549005.256393723,1,0,1.0,1,2,0,506.20072836138354,0,0,0,6,3345.0,9,18.501012489807504
8515,성동구,201761.822841654,550624.2309150915,2,2,0.5,1,2,0,136.86946881678637,0,0,1,6,4593.709677419355,10,15.447844970770864
8516,성동구,201796.97992408,550538.910275272,1,0,1.0,1,2,0,68.56220298885248,0,1,1,6,4597.193548387097,11,0.7057024094713545
8517,광진구,209637.932777812,549634.883225875,1,1,1.0,0,1,0,1490.3757561068533,0,0,0,0,534.6774193548387,8,21.41870328253064
8518,서초구,198745.660455495,544949.957911689,1,1,1.0,0,2,0,1602.162338665873,0,0,0,0,0.0,2,0.0
8519,송파구,212622.8610569437,542871.0767560521,3,0,1.0,1,2,0,835.0257110202557,0,0,0,2,1416.967741935484,3,14.47109256724661
8520,양천구,189199.9228107425,548474.6827750311,2,2,0.5,1,2,0,1164.3663108471346,0,0,0,1,4989.483870967742,11,0.2232749621527796
8521,송파구,212903.313857791,542833.6724420759,3,1,1.0,1,2,0,873.0852337863288,0,0,0,3,1370.8387096774193,4,20.948259163917665
8522,서초구,202353.6898889995,543177.003648774,4,2,0.5,1,2,0,824.7930986821186,0,0,0,4,2754.0967741935483,4,0.937865711211868
8523,중랑구,210005.14485993632,557142.5829332107,3,0,1.0,1,2,0,1120.920997852052,0,0,0,1,877.1612903225807,1,14.583565954276072
8524,광진구,207397.5157139085,551689.058185506,2,0,1.0,1,2,0,1168.1147219580816,0,0,0,2,1473.516129032258,8,1.850263790980472
8525,양천구,188426.226361331,546612.089345048,2,2,0.5,1,2,0,950.2550924665624,0,0,0,0,3447.483870967742,13,1.053889720582838
8526,구로구,187269.83358856436,545252.6247796997,3,2,0.3333333333333333,1,1,0,342.88928671276125,0,0,0,4,504.87096774193543,9,2.264403949753332
8527,동작구,192437.25040789385,544019.8039045726,5,2,0.4,0,2,0,950.469733169891,0,0,0,2,444.8387096774194,4,3.704651111597871
8528,동대문구,203178.8901948185,552557.4559396771,2,2,0.5,1,1,0,201.53918059464172,0,0,0,0,1036.5806451612902,10,5.2959495659010525
8529,동대문구,203093.746663716,552518.32859996,1,2,0.0,1,1,0,295.2097664267152,0,0,0,0,474.83870967741933,9,7.032502682992832
8530,송파구,207063.578780927,544743.561414466,1,1,1.0,0,2,0,997.131427344454,0,0,0,0,0.0,2,4.567918947364769
8531,송파구,206308.062765466,545198.761940969,1,0,1.0,1,2,0,1143.4927892911105,0,0,0,0,0.0,0,6.847663485078599
8532,송파구,208001.92277314,544398.925481054,1,0,1.0,1,2,0,828.7815709706964,0,0,0,1,599.9354838709677,2,12.02994988630402
8533,마포구,193906.377244808,550725.89317148,1,0,1.0,1,2,0,440.2088527973896,0,0,0,0,4147.451612903225,5,8.131386917287955
8534,서대문구,193808.89894843,551783.412871922,3,2,0.3333333333333333,1,2,0,423.4196683298949,0,0,0,4,10193.35483870968,6,1.6316140841519378
8535,영등포구,191248.0336343755,546634.858476353,2,2,0.5,1,2,0,469.5400689848792,0,0,0,2,727.0322580645161,11,1.066664827254371
8536,영등포구,191004.232229571,548592.218828717,2,2,0.5,1,1,0,1056.1092188900632,0,0,0,0,0.0,11,1.7051785819180734
8537,서초구,200111.104264802,541871.963441821,1,2,0.0,0,1,0,1654.584890673864,0,0,0,2,2329.3870967741937,4,7.29175313212649
8538,강동구,210540.387300247,549064.7058321654,2,2,0.5,1,1,0,422.95130620549696,0,0,0,0,0.0,7,4.589672520196922
8539,송파구,210315.212355999,549144.361400545,1,1,1.0,0,1,0,658.6488443201815,0,0,0,0,0.0,4,0.3459370640119748
8540,양천구,187087.850899753,546280.42695706,2,2,0.5,1,1,0,242.95798531996684,0,0,0,0,2008.4516129032259,6,12.11145752021242
8541,영등포구,193550.930233271,547866.524891353,1,0,1.0,1,2,0,1993.9772084246133,0,0,0,0,1406.225806451613,6,1.9961784168535304
8542,서대문구,192717.998698082,553289.262548192,1,1,1.0,0,2,0,650.5282691647649,0,0,0,2,2133.7096774193546,5,8.553612647283183
8543,강남구,205747.19685113835,544664.6339734573,3,2,0.6666666666666666,1,1,0,496.6782422263864,0,0,0,0,2704.2903225806454,3,6.560536607352094
8544,중랑구,209293.6390586075,556901.9253552984,2,2,0.5,1,1,0,470.0438288818185,0,0,0,2,1151.5806451612905,9,1.625506957715004
8545,중랑구,209330.692110046,556898.464202345,1,2,0.0,0,1,0,504.24412548777167,0,0,0,2,500.58064516129036,10,0.4889374290754015
8547,마포구,191407.557946798,550445.2704445675,2,2,0.5,1,2,0,1655.1339126304524,0,0,0,2,1716.9032258064515,5,1.209354692780821
8548,은평구,192949.93286672077,554151.9364354757,4,0,1.0,1,2,0,255.92124752279364,0,0,0,4,2564.193548387097,8,5.426789234682818
8549,송파구,212539.556421425,543041.572397581,1,1,1.0,0,2,0,689.3137729380544,0,0,0,2,1512.3548387096776,4,10.745166165991572
8550,강동구,214246.95111757668,550965.9142388913,3,1,1.0,1,1,0,1767.8449268217485,0,0,0,0,0.0,6,3.256692419961992
8551,성북구,201180.894570311,554947.509001126,1,0,1.0,1,1,0,420.2498370818064,0,0,0,0,0.0,8,16.365537414825283
8552,송파구,212014.123633121,543910.767912638,1,0,1.0,1,2,0,736.6818886050102,0,0,0,0,833.6129032258065,5,5.159352110002568
8553,구로구,183797.569540328,541926.695917952,2,2,0.5,1,2,0,2894.6417245247103,0,0,0,1,931.1290322580645,3,19.67408052286717
8554,서대문구,195620.967985817,551183.719357842,3,2,0.6666666666666666,1,1,0,679.2682452261782,0,0,0,2,1672.0967741935483,8,24.445135284263888
8555,서대문구,195708.08567361237,551247.4813175733,3,0,1.0,1,1,0,786.9910709790962,0,0,0,2,1508.516129032258,8,22.123037934950556
8556,서대문구,195752.93707964165,551292.440205209,3,0,1.0,1,1,0,849.1275546663481,0,0,0,2,927.9032258064516,7,25.00000000000001
8557,서대문구,195825.0299012165,551322.182275684,4,1,1.0,1,1,0,925.7575027886515,0,0,0,0,1009.3548387096773,8,18.056116584443213
8558,서대문구,195763.391868683,551439.4843290894,3,0,1.0,1,1,0,946.4315622457914,0,0,0,0,927.9032258064516,6,10.53571048408152
8559,성북구,201290.3095975245,555223.800127039,4,2,0.75,1,1,0,451.1173489800759,0,0,0,4,4011.0645161290317,5,2.4518219794701324
8560,노원구,205073.333568584,560923.684331744,1,0,1.0,1,2,0,696.33231650344,0,0,0,1,220.48387096774195,7,0.4043678187004692
8561,중랑구,209436.1745239554,556707.8052139988,5,1,1.0,1,2,1,696.6482329254466,0,0,0,2,1456.1612903225805,8,3.600334054132285
8562,중랑구,209340.8570390952,556549.7878756386,5,1,1.0,1,1,1,729.6197201584339,0,0,0,0,1456.1612903225805,10,6.102768758259541
8563,송파구,213028.809124561,542784.286102781,1,0,1.0,1,2,0,949.531445942426,0,0,0,3,1428.7096774193546,3,20.10232837466361
8564,용산구,197518.33616947767,548321.3290149086,3,2,0.6666666666666666,1,1,0,1761.6964396394242,0,0,0,0,4946.548387096774,3,1.4943648369631408
8565,노원구,204785.668750034,562754.781245212,1,0,1.0,1,2,0,899.1380693815531,0,0,0,1,183.38709677419354,3,0.574402722498976
8566,용산구,197247.92848465772,547617.2924304218,4,2,0.75,1,1,0,2220.034740671856,0,0,0,0,10327.129032258064,9,1.7014895223873814
8567,용산구,196576.6300505068,548499.4072184159,5,2,0.2,1,2,0,1159.9724719171215,0,0,0,2,4574.709677419354,12,2.0732850703104124
8568,용산구,196394.424022841,548853.569417726,1,0,1.0,1,2,0,851.2633112703054,0,0,0,1,3115.516129032258,12,4.406942651138509
8569,중랑구,208734.1867875337,555094.350231654,3,2,0.3333333333333333,1,2,0,77.5644384311785,0,1,1,2,4725.677419354838,6,5.246453884202721
8571,서초구,201571.9118007945,543939.1619908845,4,2,0.25,1,2,0,294.8551710295692,0,0,0,2,2342.0,3,1.982174978148992
8572,마포구,188183.328022017,552986.436488496,1,0,1.0,1,1,0,2015.0980208910769,0,0,0,0,0.0,1,16.88251911320723
8573,마포구,188206.002140391,552966.163583104,1,0,1.0,1,1,0,2009.1729470279013,0,0,0,0,0.0,1,16.386772188559508
8574,중랑구,209365.586547068,556604.886731479,1,0,1.0,1,1,0,714.4787872057298,0,0,0,2,1456.1612903225805,10,0.4639361162460413
8575,용산구,195557.306600436,548304.872148776,1,0,1.0,1,2,0,657.3761170419704,0,0,0,3,4945.935483870968,8,17.847480112259813
8576,도봉구,201369.93905144837,561890.0840981844,3,2,0.3333333333333333,0,2,0,1401.3703304442672,0,0,0,3,2918.483870967742,11,0.2462926186570039
8577,중랑구,209358.96197417,556635.837980009,1,0,1.0,1,1,0,687.3271883778295,0,0,0,2,1456.1612903225805,10,0.4017739227336036
8578,중랑구,209390.259877947,556642.359471206,1,0,1.0,1,2,0,704.7492008644816,0,0,0,2,1456.1612903225805,9,1.7001784060237193
8579,노원구,207224.075795949,558377.8948464765,2,0,1.0,1,1,0,737.9686845058869,0,0,0,0,0.0,6,4.802273199398037
8580,노원구,207245.10464821203,558308.778587823,5,1,1.0,1,1,1,685.7998623210557,0,0,0,0,0.0,7,5.36888847953902
8581,노원구,207443.78816245697,558416.7035320513,3,1,1.0,1,1,0,884.7228805930417,0,0,0,0,2066.258064516129,7,20.00547864863937
8582,동대문구,204949.900000029,552166.462493259,1,0,1.0,1,1,0,345.5235172679496,0,0,0,1,3292.5806451612902,8,2.647368988491028
8583,성동구,204481.987084997,549705.7659430327,3,2,0.0,0,1,0,632.0116806024873,0,0,0,0,2120.3225806451615,5,4.508483862215058
8584,동작구,193508.5425999337,544430.9165608534,3,2,0.6666666666666666,1,1,0,131.92015582108408,0,0,1,3,11318.806451612905,12,1.841596209108225
8585,동작구,193528.7449407013,544311.404323348,3,2,0.6666666666666666,1,1,0,88.12321122593265,0,1,1,1,13661.0,10,3.758011432205013
8586,강동구,215094.58058409623,552677.8676121215,4,1,1.0,0,1,0,3527.729011580418,0,0,0,0,29.064516129032256,8,1.3418598846267038
8587,성북구,204260.430364949,556837.191601235,1,0,1.0,1,1,0,460.2543973177718,0,0,0,2,352.48387096774195,2,10.454555771176938
8588,은평구,193257.02482589,555007.227927359,1,0,1.0,1,1,0,575.7317732262948,0,0,0,0,3162.3548387096776,7,17.244682682794046
8589,노원구,207032.41184922736,558311.7859800587,3,2,0.3333333333333333,0,2,0,614.980927731201,0,0,0,1,2456.8709677419356,8,3.3270719585389346
8590,강남구,205074.34221256876,545109.3055075104,4,2,0.5,1,2,0,406.2595636625381,0,0,0,0,669.4516129032259,3,5.603928898011279
8591,강남구,202988.880566862,543759.172006674,1,0,1.0,1,2,0,371.62949804673366,0,0,0,0,1059.5483870967741,7,1.056680527279384
8592,영등포구,192975.823216557,547960.245399467,2,2,0.5,0,1,0,1666.1533127173009,0,0,0,0,2075.483870967742,6,1.4697115349343253
8593,송파구,213771.4691774873,543543.7217793843,3,2,0.6666666666666666,0,2,0,849.2193272711653,0,0,0,1,1949.0322580645166,10,6.807448573199733
8594,관악구,196412.762393469,543623.954514097,2,0,1.0,1,1,0,737.0424000562215,0,0,0,1,1930.6129032258063,3,18.871247703096685
8595,영등포구,192131.025356177,545437.8721050925,2,2,0.5,1,2,0,192.9798767403769,0,0,1,1,3343.032258064516,5,7.625299410461152
8596,송파구,212156.576258144,542651.893776185,2,1,1.0,0,2,0,1199.607653354473,0,0,0,1,789.0322580645161,3,13.164281620126522
8597,영등포구,192799.965035394,544689.4586551453,5,0,1.0,1,1,1,421.760259539874,0,0,0,0,322.1290322580645,9,6.377741903850076
8598,서초구,199349.95726592035,542478.2165695854,3,2,0.3333333333333333,1,2,0,996.1053194566088,0,0,0,2,894.516129032258,4,9.726113562718751
8599,송파구,208344.338263535,546770.327532595,1,0,1.0,1,1,0,935.3574946632484,0,0,0,2,1232.8709677419356,1,19.003870663757425
8600,송파구,213540.306379543,543706.617140306,1,2,0.0,0,1,0,579.0098173061549,0,0,0,1,1472.741935483871,12,2.2667340263353117
8601,송파구,213660.29744604,543622.266151303,2,2,0.5,0,2,0,717.9000809501781,0,0,0,2,932.0967741935483,10,3.6765481552065182
8602,송파구,213717.3168470417,543588.5828296487,3,2,0.3333333333333333,0,2,0,779.9724725884048,0,0,0,1,1507.677419354839,10,1.920809816267924
8603,강서구,187057.284776679,551390.677020453,1,0,1.0,1,2,0,186.01766027727908,0,0,1,4,3075.8387096774195,9,0.0037448175904793
8604,성북구,202521.3003955214,556618.110777357,5,1,1.0,1,2,1,442.9744440926015,0,0,0,0,4020.5483870967746,7,6.324211556669076
8605,중랑구,209217.345797704,556719.410002526,2,0,1.0,1,1,0,530.9668994062873,0,0,0,2,952.3225806451612,11,15.002748894186055
8607,송파구,213850.43714843632,543483.5970758293,3,2,0.3333333333333333,0,2,0,946.5407944740635,0,0,0,2,1448.258064516129,9,13.390874902620263
8608,서초구,198573.62806671,541288.003948927,1,1,1.0,0,1,0,664.0955034596558,0,0,0,1,312.35483870967744,3,4.587537424080577
8609,서초구,198729.310862492,541078.650072972,1,1,1.0,0,1,0,919.9624422951308,0,0,0,0,0.0,2,2.1766900033341585
8610,성북구,202308.3781917705,556360.902391513,2,0,1.0,1,2,0,326.23174881596253,0,0,0,0,8959.193548387095,9,17.500397154111614
8611,성북구,202460.04684601768,556531.4127540103,3,0,1.0,1,2,0,546.1824286636902,0,0,0,0,8150.935483870968,9,17.665988040070115
8612,성북구,202467.1579902913,556654.3473982924,3,0,1.0,1,2,0,432.3146953879518,0,0,0,0,1440.8064516129032,7,10.19427807380391
8613,구로구,187391.98757471764,544503.7626744471,6,2,0.8333333333333334,1,2,1,769.4203280807778,0,0,0,2,1223.8387096774193,5,4.629183061824452
8614,구로구,187499.52462088875,544654.9982023375,4,1,1.0,1,2,0,596.6991631712058,0,0,0,2,1131.516129032258,3,2.902866963072664
8616,도봉구,204796.17947979248,560409.4276126979,2,0,1.0,1,2,0,1199.9584406174706,0,0,0,0,372.3225806451613,3,5.682175190214866
8617,동대문구,205752.94343194133,554818.2359534301,3,0,1.0,1,2,0,235.82101079515115,0,0,0,0,628.2903225806451,7,3.9939325334416425
8619,광진구,209588.742261686,549403.343478867,1,2,0.0,1,1,0,1427.0110288732617,0,0,0,0,0.0,7,9.623417937481934
8620,노원구,206424.683832512,558498.799369478,1,1,1.0,0,2,0,917.8320185868396,0,0,0,3,3879.83870967742,8,1.6759663811439471
8621,중랑구,209072.14206971636,556641.513487355,3,0,1.0,1,2,0,484.76061108973335,0,0,0,0,1328.6774193548385,7,9.087639354678956
8622,종로구,198407.265483849,554638.170715742,1,1,1.0,0,1,0,1727.3360904927183,0,0,0,0,0.0,0,23.38584242592714
8623,성북구,204155.60058174367,557978.5842765467,3,2,0.0,0,2,0,915.2067549907532,0,0,0,0,2407.9032258064517,11,3.686394733928745
8624,성북구,204203.80922610263,557908.3293800061,3,2,0.0,0,1,0,871.95306073476,0,0,0,0,522.1612903225806,11,0.9522523906823644
8625,성북구,204100.51216169848,557827.1163372658,4,2,0.0,0,1,0,754.2528891509063,0,0,0,1,4124.967741935484,11,8.305323810612137
8627,송파구,213207.900211454,543132.238486797,1,1,1.0,0,2,0,719.4033108484261,0,0,0,1,1044.032258064516,4,9.83822224457202
8628,은평구,191424.1908617087,553404.3449747494,3,0,1.0,1,2,0,209.15037174478945,0,0,0,0,0.0,6,4.639206910116786
8629,강남구,203373.423180384,544011.011022049,2,2,0.5,0,2,0,687.3436283548298,0,0,0,0,2704.0,7,1.5599244733155375
8630,강남구,203114.3410617985,543903.1585930199,2,2,0.5,1,2,0,451.205036741673,0,0,0,1,1059.5483870967741,7,2.410637042821264
8631,서대문구,192997.6582829525,552968.2913456515,2,2,0.5,0,2,0,1001.3504451031916,0,0,0,0,3737.290322580645,11,4.047273198319956
8632,서대문구,195201.177123269,553986.447924465,1,2,0.0,0,1,0,265.4522257530336,0,0,0,1,4704.322580645161,7,14.045320847386336
8633,영등포구,190599.25161158768,547911.097260068,3,2,0.3333333333333333,1,2,0,492.0172234400805,0,0,0,1,1272.516129032258,9,1.373693905273612
8634,동작구,195906.568119033,544475.27614996,1,0,1.0,1,2,0,240.1920649039347,0,0,0,2,1834.6129032258068,5,8.869735586509696
8635,서대문구,192726.5851151005,552336.4366925065,4,0,1.0,1,2,0,488.3068742222751,0,0,0,1,170.8709677419355,5,0.4951382915237978
8636,서대문구,192995.503097609,553084.190116935,1,0,1.0,1,2,0,962.8997808793634,0,0,0,1,8016.387096774194,8,11.868351760469018
8637,송파구,213584.93944458,543107.594501341,2,1,1.0,1,2,0,1012.9810017785428,0,0,0,2,346.258064516129,7,4.7369515717340014e-14
8638,관악구,192655.8149609715,541952.263080303,2,2,0.5,1,1,0,81.95466151738276,0,1,1,1,9667.16129032258,8,3.623955567631055
8640,동작구,193400.969919839,544480.6710695635,2,2,0.5,1,2,0,250.36518356314477,0,0,0,2,4854.161290322581,11,0.5213632538255434
8641,노원구,206425.0506534085,562874.296425567,2,2,0.5,1,2,0,609.759113641113,0,0,0,0,237.06451612903226,6,6.582856430544967
8642,노원구,207056.3013099305,558646.2426425645,2,2,0.5,1,2,0,948.6499276014348,0,0,0,2,3342.5161290322576,5,4.068339497115817
8643,도봉구,203994.944592676,563507.431562052,2,2,0.5,1,1,0,181.281652923479,0,0,1,2,4401.903225806451,9,0.2405924203517943
8644,도봉구,203682.792793813,562149.535812637,1,0,1.0,1,2,0,283.30012518080457,0,0,0,3,6785.967741935485,3,1.9488015516571624
8645,도봉구,202342.530212145,560956.4492099294,2,2,0.0,0,1,0,647.4350659281923,0,0,0,2,3136.193548387097,8,5.120985722988666
8646,서대문구,194243.09373584,552450.756079133,1,2,0.0,0,1,0,1085.4754134442844,0,0,0,2,3449.1290322580644,3,7.356962125278557
8647,종로구,197672.35827687,553718.333036082,1,0,1.0,1,2,0,1487.6662759572173,0,0,0,2,409.7741935483871,5,2.971617110570245
8648,강남구,208595.752474696,540846.79112781,2,1,1.0,1,2,0,2293.023032064505,0,0,0,2,536.0322580645161,2,1.8044567804115748
8649,강남구,202969.21217747903,547580.3094187444,3,2,0.3333333333333333,1,2,0,1324.4603351778862,0,0,0,0,729.8709677419355,4,0.6931487965138494
8650,서초구,201878.25786339823,540496.3048142467,4,1,1.0,1,2,0,2436.8277461681764,0,0,0,1,1203.774193548387,3,6.221395220422418
8651,관악구,193812.2729405343,542419.1686503007,3,2,0.3333333333333333,1,2,0,146.62768838545654,0,0,1,2,12531.225806451614,6,8.482012183492511
8652,강남구,204936.981250031,547551.562493363,1,0,1.0,1,1,0,867.454355673451,0,0,0,0,0.0,3,14.236052585980651
8653,영등포구,192208.4621643805,545722.0277854765,2,0,1.0,1,2,0,84.76932753291156,0,1,1,1,4995.096774193548,7,4.101359580310581
8654,서초구,203280.14315691905,540238.2563815777,3,0,1.0,1,2,0,2293.363313867176,0,0,0,1,1075.032258064516,4,3.501662521187659
8655,성동구,201180.65731394695,549030.7576376,2,2,0.5,1,2,0,1031.4542182045493,0,0,0,4,2362.4516129032254,7,15.380561169880144
8656,성동구,201113.674554283,549982.6795340446,2,0,1.0,1,2,0,442.3683979333865,0,0,0,3,1521.741935483871,2,26.00573106017587
8657,동대문구,204639.49464359568,554785.166217219,3,2,0.3333333333333333,1,2,0,439.61867983349146,0,0,0,1,9803.548387096773,4,3.122266603958437
8658,동작구,197048.230668902,542503.4898422625,2,2,0.5,1,1,0,468.8111731065876,0,0,0,3,764.9354838709677,3,11.470229571472276
8659,강동구,215739.619693576,550955.772113684,1,0,1.0,1,2,0,3141.780576678259,0,0,0,1,2339.3870967741937,3,5.094382102797438
8660,강동구,215155.0374728065,550162.94476678,2,2,0.5,1,2,0,2429.501216002804,0,0,0,2,2360.709677419355,9,1.4909377079170247
8662,영등포구,189595.467493909,549862.77114535,1,0,1.0,1,1,0,707.3353777663492,0,0,0,0,6834.516129032258,3,23.457328339592127
8663,영등포구,189503.12498867,549953.410743554,1,0,1.0,1,2,0,647.5479145442549,0,0,0,0,0.0,5,10.454175984414166
8664,영등포구,190045.8015819525,549488.713093586,2,0,1.0,1,1,0,1158.3560672865365,0,0,0,0,50.516129032258064,6,10.631337689259931
8666,영등포구,190305.375971803,549457.885153642,1,0,1.0,1,1,0,1419.294279796084,0,0,0,3,2038.3548387096773,6,8.195835527844103
8667,영등포구,190374.75004832,549407.6883844925,2,2,0.5,1,1,0,1496.7018492185457,0,0,0,2,2038.3548387096773,4,1.081069714581749
8670,중랑구,206355.30668978,555278.223961848,1,0,1.0,1,2,0,473.95058394959176,0,0,0,1,1020.4516129032259,4,0.5976013173054865
8671,중랑구,206708.1445228283,555279.5293073597,3,2,0.3333333333333333,1,1,0,342.52074733098937,0,0,0,1,247.83870967741936,3,3.628703437688736
8672,마포구,192590.759034084,550189.432694234,1,1,1.0,0,2,0,444.8110034578475,0,0,0,1,5287.806451612903,2,4.782779642715944
8673,강북구,202895.2558529175,557799.125524548,2,0,1.0,1,2,0,346.6236246361343,0,0,0,2,1457.9032258064517,2,23.84051710871056
8674,구로구,187688.856445087,544324.804373075,4,0,1.0,1,2,0,884.2170434138939,0,0,0,2,5166.612903225808,4,0.260730408037082
8675,구로구,187597.2570571917,544410.1800254203,3,2,0.3333333333333333,0,2,0,830.8606327057895,0,0,0,1,1274.2258064516127,6,0.3270246212336876
8676,서초구,199031.54758386163,543953.7749529796,3,2,0.3333333333333333,1,2,0,991.5121199089264,0,0,0,2,2901.258064516129,7,0.3868051148731529
8677,중랑구,209334.866406517,556389.4549304553,3,0,1.0,1,1,0,726.3792189135303,0,0,0,0,1952.0967741935485,8,7.166488949986961
8678,동작구,193652.232007061,545749.856551351,2,2,0.5,1,1,0,743.2964025233409,0,0,0,0,1563.258064516129,6,20.466924113018585
8679,송파구,212688.40596875295,541779.5663226785,2,1,1.0,0,2,0,1916.593941375878,0,0,0,2,729.0645161290322,7,6.087421854799479
8680,송파구,212446.0308333305,541665.9634023535,2,1,1.0,1,2,0,2052.9564597856183,0,0,0,1,3168.032258064516,4,2.3562906030390707
8681,성북구,202359.86255570935,556427.8633409605,5,1,1.0,1,2,1,408.5275993186424,0,0,0,0,8512.612903225805,9,15.078395054850091
8682,강북구,202635.073061641,558435.053093089,1,1,1.0,0,2,0,276.4178993142647,0,0,0,4,376.4193548387097,5,15.212805340196004
8683,노원구,206261.21608170765,563028.1638853704,3,0,1.0,1,2,0,793.6972823888939,0,0,0,0,530.1290322580645,1,7.814211599244997
8684,강북구,201073.1901923523,558706.8638464124,3,2,0.3333333333333333,1,1,0,625.3392875653241,0,0,0,4,1967.0322580645163,2,9.809341504271195
8685,강북구,203059.2535347413,556987.2405261564,3,2,0.3333333333333333,0,2,0,25.85082508047776,1,1,1,3,9053.06451612903,7,2.3107581151425607
8686,노원구,206466.739464774,562364.54839251,1,0,1.0,1,2,0,99.20739859779889,0,1,1,3,13030.129032258064,12,1.3228606716075575
8690,서대문구,192222.380146051,553762.347749039,1,0,1.0,1,2,0,277.1496685068266,0,0,0,3,3605.0,8,1.9112569832053663
8691,서초구,200368.77214326424,545230.4811374117,4,2,0.5,1,1,0,23.509125556825744,1,1,1,3,38031.90322580645,7,1.0604513205780346
8694,용산구,196523.1639709793,548611.077700161,3,2,0.3333333333333333,1,2,0,1059.7446045298648,0,0,0,4,2945.1612903225805,13,0.2878097540927893
8695,마포구,192806.30912267332,551873.9054061976,3,2,0.3333333333333333,1,2,0,718.8265461096864,0,0,0,1,8561.225806451612,7,3.1619622392242723
8696,도봉구,203671.22091984437,561235.7133210213,3,2,0.3333333333333333,1,2,0,465.39516513663375,0,0,0,2,160.8709677419355,4,3.8408228859893256
8698,성동구,205652.186593434,549848.4380889056,3,2,0.3333333333333333,1,2,0,670.1590698095164,0,0,0,1,4032.5161290322585,3,1.6494073396896582
8699,송파구,212069.30251873948,542680.245580794,2,2,0.5,0,2,0,1219.591947900642,0,0,0,1,371.2258064516129,3,7.296556922614907
8700,송파구,213368.339507643,543120.691114136,1,1,1.0,0,2,0,836.8246685330746,0,0,0,0,774.5806451612904,7,0.8042733560535708
8702,광진구,206790.788823881,548617.4619481,1,0,1.0,1,2,0,688.25473382805,0,0,0,2,1230.6774193548388,6,3.386252292760652
8703,강남구,206620.555950938,543303.093594918,1,0,1.0,1,1,0,1399.8906912888674,0,0,0,2,2944.548387096774,4,3.7587085896553423
8704,영등포구,194686.327986061,546800.217196887,2,2,0.5,1,2,0,807.5871144021912,0,0,0,1,0.0,6,1.278119507840089
8705,강북구,203306.6692856215,558615.1972817925,2,2,0.0,0,1,0,253.32209957578837,0,0,0,6,3069.096774193548,3,11.122361939120218
8706,송파구,210852.04855524463,545979.1149704914,3,2,0.0,1,2,0,553.7848180839543,0,0,0,0,1599.6129032258066,4,1.9833026039585455
8707,강남구,204074.526018407,544016.6594288157,3,2,0.3333333333333333,1,2,0,614.7336875291016,0,0,0,3,5292.677419354838,4,2.556096522334729
8708,강남구,203987.80571797,543804.7301265463,3,2,0.3333333333333333,1,2,0,798.8722705864391,0,0,0,2,1335.0967741935485,4,3.3398261746944864
8709,중랑구,209552.0946895913,555832.4835484746,3,0,1.0,1,2,0,487.8403177382003,0,0,0,3,3067.612903225807,7,5.064682512677135
8710,광진구,206527.144435456,549715.719447306,2,2,0.5,0,2,0,776.7800009834998,0,0,0,1,7855.967741935485,6,8.833515777677801
8712,광진구,207862.924641684,547634.780328224,1,0,1.0,1,1,0,1884.4319364338628,0,0,0,0,0.0,3,18.36383394969826
8713,강서구,183459.226016719,552031.4393712904,5,1,1.0,1,2,1,258.3120019192657,0,0,0,2,965.0322580645161,7,1.610327129511422
8714,성동구,204972.50120644525,549187.2826521242,4,1,1.0,1,2,0,243.10920668089992,0,0,0,0,363.35483870967744,4,0.3961866361971022
8715,은평구,193363.7930645753,554469.744252798,3,1,1.0,0,2,0,611.5897994196239,0,0,0,3,2553.1290322580644,6,25.682198072471657
8716,서대문구,195375.454970829,555499.162510801,1,0,1.0,1,2,0,738.0036239170822,0,0,0,2,1870.5483870967741,4,7.222988259017088
8718,서대문구,195247.592926753,554522.140933689,4,2,0.25,1,1,0,246.5654276975596,0,0,0,0,2083.8387096774195,5,3.010188063335602
8721,송파구,211683.3000550655,542785.0480706865,2,2,0.0,0,1,0,1393.103017328104,0,0,0,2,1600.8709677419356,8,0.7857477549175939
8722,강남구,204314.50973582,546892.6631337617,3,2,0.3333333333333333,1,2,0,178.80687864243308,0,0,1,0,2749.3870967741937,2,21.926150667837742
8723,서초구,198565.72745256656,542990.0237410354,5,2,0.2,1,2,0,238.3571103261426,0,0,0,1,13233.709677419354,8,4.477795000393616
8724,서초구,202406.8700653287,540409.1705126046,3,2,0.6666666666666666,0,2,0,2271.943464169662,0,0,0,0,0.0,4,0.3403783346698515
8725,서초구,199086.091282846,543674.212715333,4,2,0.5,1,1,0,834.5207545251675,0,0,0,4,5072.258064516129,8,0.0505695442320626
8726,구로구,190738.5375843013,542366.156153949,3,2,0.6666666666666666,1,2,0,480.7220864082859,0,0,0,3,919.7096774193549,3,15.88262010520179
8727,송파구,208740.9674474815,544336.6614820044,2,1,1.0,0,2,0,427.8084335814775,0,0,0,0,1386.8064516129032,6,0.9430112578520066
8728,양천구,187229.770802747,547274.752222416,1,2,0.0,0,1,0,279.54014483500066,0,0,0,0,7562.58064516129,6,10.31310310935087
8729,강서구,185943.354971741,548118.349443662,1,0,1.0,1,2,0,307.08186482148693,0,0,0,1,3910.7741935483873,6,2.25192206342836
8731,성북구,199846.360149796,554820.947101827,1,2,0.0,0,1,0,824.9119580296621,0,0,0,2,704.4193548387096,8,4.370011966183493
8732,성북구,199838.16414558,554782.836769982,1,0,1.0,1,2,0,808.0637450068443,0,0,0,2,628.1290322580645,9,10.289091355312188
8733,중구,198475.2698868173,551043.2606991596,3,2,0.6666666666666666,1,1,0,837.970220798031,0,0,0,3,3360.0967741935483,4,5.624164322331152
8734,광진구,206667.028124042,550636.9199580036,2,2,0.5,1,1,0,1136.3141354605668,0,0,0,2,1833.1290322580644,5,0.273131289108471
8735,광진구,206861.73430697236,551094.3750282894,3,2,0.3333333333333333,1,2,0,1087.0440360651214,0,0,0,2,5070.451612903225,9,5.5803024486275925
8736,송파구,213191.09500774025,543918.1113938072,4,0,1.0,1,2,0,270.12997136320746,0,0,0,0,1694.967741935484,9,3.9488695046385183
8737,영등포구,189967.861782869,549603.870844606,1,0,1.0,1,1,0,1065.276468065831,0,0,0,0,0.0,5,8.645476506489533
8738,영등포구,190006.128556877,549460.903431341,1,0,1.0,1,2,0,1124.9703132502648,0,0,0,0,50.516129032258064,6,16.149209594667575
8739,강서구,186429.785183538,548075.001158904,2,2,0.5,1,2,0,83.89488608266747,0,1,1,4,17677.677419354837,9,4.034234255388789
8740,강서구,185813.8046779325,551390.371279735,2,2,0.5,1,2,0,1365.5351110632523,0,0,0,1,1748.6451612903224,14,0.2429779598224613
8741,강동구,214992.13902656976,550129.6415508385,4,2,0.0,1,2,0,2265.5155293145167,0,0,0,0,1662.0967741935483,8,2.419337534855798
8742,송파구,208381.495953268,546790.932362131,1,0,1.0,1,1,0,931.9982701577278,0,0,0,2,1232.8709677419356,1,16.585832115563118
8743,노원구,206925.194874523,563009.843891151,1,2,0.0,0,1,0,505.6954205826072,0,0,0,2,1583.8064516129032,10,1.268587068645412
8744,서초구,200243.946202124,545566.9779555285,2,0,1.0,1,2,0,382.4030657113327,0,0,0,0,86.45161290322581,4,0.6493962355438961
8745,영등포구,190379.072489399,547884.069418705,1,0,1.0,1,1,0,642.7503211071983,0,0,0,0,0.0,5,3.1425892852460477
8746,중랑구,207622.81014664637,553253.393415416,3,2,0.3333333333333333,1,2,0,11.57705168246073,1,1,1,2,3773.483870967742,7,4.587233230283611
8747,동대문구,205983.819726273,554932.205570048,1,0,1.0,1,2,0,275.68218559523126,0,0,0,1,1415.3225806451612,6,0.485226129910421
8748,중랑구,207590.329307309,553029.9678622875,4,2,0.5,1,2,0,95.42408668055444,0,1,1,1,2266.032258064516,5,9.826889985887028
8750,중랑구,207614.22867169,555224.281613269,1,0,1.0,1,2,0,47.087605487909016,1,1,1,1,553.7741935483871,5,2.3747321574718683
8751,강남구,206098.438980933,543016.1735495327,5,2,0.8,1,1,0,1104.3439193560107,0,0,0,2,2913.967741935484,4,0.958842465743614
8752,강남구,206201.90316383765,543056.3177605909,3,0,1.0,1,1,0,1155.448876779679,0,0,0,0,119.16129032258065,4,0.4396305548737326
8753,강남구,206473.306912873,543136.5095579659,4,0,1.0,1,2,0,1335.5273864574897,0,0,0,2,3098.4193548387093,5,5.345183344371793
8754,송파구,213103.6577521445,543841.5818811341,2,2,0.5,1,2,0,322.4971702577328,0,0,0,0,787.8709677419354,9,7.836340005112988
8755,송파구,209747.390026102,547835.2351390906,2,0,1.0,1,2,0,1534.8846639368005,0,0,0,1,502.38709677419354,5,6.862326299981693
8756,강남구,209319.86605015103,542245.1942357003,3,1,1.0,0,2,0,889.9144549817468,0,0,0,1,2037.8709677419354,3,7.449160558254185
8757,노원구,206711.543733547,562633.718779324,2,2,0.5,1,2,0,428.0510166951634,0,0,0,2,2808.16129032258,10,10.878249650014666
8758,노원구,206763.4312656454,562772.4405458764,5,2,0.8,1,2,0,574.213650886388,0,0,0,2,2267.870967741935,12,0.9509782359570096
8759,노원구,206674.80454153067,562805.9003648994,3,0,1.0,1,2,0,569.0825400661168,0,0,0,2,2267.870967741935,13,6.279241051991562
8760,강남구,209413.941324803,542257.9337429814,2,1,1.0,0,2,0,910.872288901484,0,0,0,1,2037.8709677419354,3,0.6362893445917924
8761,강남구,209456.77417707036,542139.6098219417,3,1,1.0,0,2,0,1036.5045153742394,0,0,0,0,2037.8709677419354,4,0.6767082722058385
8762,강남구,209544.37827703668,542004.3014672067,3,1,1.0,0,2,0,1195.596922736354,0,0,0,0,1108.6774193548385,5,0.9096681608462108
8763,서대문구,192547.2868258245,552480.4648083275,4,2,0.75,1,2,0,350.0954154939089,0,0,0,0,1422.258064516129,7,0.9862260116055726
8764,서대문구,192632.056253433,552408.5062146876,3,2,0.6666666666666666,1,2,0,404.2651314538516,0,0,0,1,0.0,9,2.7189717157870774
8766,도봉구,203602.156900294,565288.976567034,1,2,0.0,0,1,0,1576.5066198601764,0,0,0,2,1147.9354838709678,2,2.0152363386127328
8769,마포구,193708.497011802,549291.965822569,1,1,1.0,0,1,0,1016.478072138322,0,0,0,0,0.0,4,6.94467001784656
8770,도봉구,204711.911296849,560336.411203997,1,0,1.0,1,2,0,1239.2665894755012,0,0,0,0,212.67741935483872,2,1.2918765696094248
8772,노원구,206691.140694046,562980.9590063904,3,2,0.3333333333333333,1,2,0,682.5913255892344,0,0,0,0,1350.8387096774193,12,2.5925850694652297
8773,노원구,206870.663336897,563266.698678453,3,2,0.3333333333333333,1,2,0,371.5412028560325,0,0,0,1,168.74193548387098,9,18.12301462046251
8774,마포구,193812.185353561,549404.0964963555,2,2,0.5,0,2,0,998.9994054308409,0,0,0,0,75.7741935483871,8,13.83657235554862
8775,마포구,193769.67884242948,549385.6055024075,2,2,0.5,0,1,0,982.9611681954908,0,0,0,0,75.7741935483871,8,21.53965588266738
8776,용산구,196308.32668658352,548587.3608133805,2,2,0.0,1,1,0,885.9431596561981,0,0,0,3,1541.6129032258063,13,16.666666666666664
8777,성북구,202196.4710853245,554963.5579719786,2,2,0.5,1,1,0,589.3169884437228,0,0,0,2,592.4516129032259,3,12.141664149718755
8779,송파구,212096.192003333,542891.3201941407,3,1,1.0,0,2,0,1031.4797529793796,0,0,0,0,0.0,3,14.83367202098414
8780,금천구,191766.881129116,540363.0146625615,2,2,0.5,1,2,0,212.1413868968467,0,0,0,5,2775.1290322580644,5,13.132131295167987
8781,서초구,202284.71533886332,543791.1460351669,3,2,0.3333333333333333,1,1,0,403.5218572613881,0,0,0,1,1576.3548387096773,8,0.2651608561071494
8782,도봉구,202118.6208038125,562430.0125318936,2,2,0.5,1,1,0,850.8017084530353,0,0,0,2,1151.8064516129032,4,3.282024970047293
8783,동대문구,203814.87920383565,553198.262300067,3,0,1.0,1,2,0,104.42958649827808,0,0,1,2,10172.193548387097,8,0.4661415580712062
8784,동대문구,205826.768108159,554759.043933973,1,0,1.0,1,2,0,141.38440962740444,0,0,1,0,6878.935483870968,8,0.1468453249188842
8785,중구,198486.919136189,550956.836697066,1,2,0.0,0,1,0,884.9464151103151,0,0,0,2,3360.0967741935483,6,7.266788557447891
8786,동작구,193282.583715786,544330.8154352674,3,2,0.6666666666666666,0,1,0,333.1139455486487,0,0,0,2,471.41935483870975,13,2.830227495983818
8787,동작구,195191.4735153095,545577.607047519,2,2,0.5,1,1,0,414.91330374180615,0,0,0,2,4962.483870967742,2,6.625840900522384
8788,송파구,211300.284290539,543255.3634987477,3,2,0.3333333333333333,1,2,0,917.1090107294208,0,0,0,0,1019.1612903225807,7,3.1169961613345976
8789,영등포구,191802.736332016,546991.71661089,2,2,0.5,1,2,0,348.02671872279365,0,0,0,0,2600.3225806451615,5,0.6210507109539846
8790,중구,201582.25553797663,552077.0059932662,3,2,0.3333333333333333,1,2,0,225.92466929358747,0,0,0,0,1772.1935483870966,8,2.2419962659884027
8791,중구,197921.8839327965,550836.2045463565,2,2,0.5,1,2,0,374.2731607943498,0,0,0,2,5125.322580645161,10,12.648003232068511
8792,강동구,211584.425160281,547881.0978015503,3,2,0.3333333333333333,1,2,0,600.8911732351501,0,0,0,4,818.6451612903226,8,0.4181090499750913
8793,구로구,189656.77708883,545220.808278587,1,0,1.0,1,2,0,689.7054211420076,0,0,0,3,10039.387096774197,5,1.3839839133899368
8794,금천구,190092.404929576,539841.4669238747,3,2,0.6666666666666666,1,2,0,1159.1657310365426,0,0,0,4,1589.7741935483873,3,0.5391323999248983
8796,영등포구,191228.8283108525,545844.0801809661,2,2,0.5,1,2,0,409.6210998962987,0,0,0,2,486.19354838709677,5,8.95767341075942
8797,서초구,205130.58069326569,539839.227039692,3,0,1.0,1,2,0,3277.51376520668,0,0,0,2,1748.516129032258,4,9.725838978748296
8798,서초구,205640.4995477996,539579.304624591,5,2,0.4,1,2,0,3707.512912716144,0,0,0,4,2696.387096774193,6,3.56485113578394
8799,은평구,192988.0012490505,557821.05196621,2,2,0.5,0,2,0,82.86376784831596,0,1,1,2,14454.290322580646,5,6.069069373980523
8800,강남구,204907.389638839,547560.845405674,1,0,1.0,1,1,0,849.0415424282604,0,0,0,0,0.0,3,14.163274662205488
8801,용산구,199518.136176002,548140.30448747,1,0,1.0,1,2,0,195.6447783885263,0,0,1,1,3592.6774193548385,7,23.62945753071023
8802,마포구,190044.781432563,551149.031595603,1,1,1.0,0,1,0,1841.9148882658092,0,0,0,0,0.0,1,1.51013222145519
8803,마포구,190074.666686822,551292.749735189,1,1,1.0,0,1,0,1974.4741106242732,0,0,0,0,0.0,1,1.454478303457254
8804,영등포구,191045.942665114,548566.1872928785,2,2,0.5,1,1,0,1034.3426876435287,0,0,0,0,2472.1935483870966,10,2.264885591581267
8805,영등포구,189725.39045392,550367.217561975,1,0,1.0,1,1,0,1055.566737506045,0,0,0,0,0.0,0,0.0
8807,양천구,188277.0564774442,547238.6201726666,5,2,0.6,1,2,0,449.4834855921064,0,0,0,0,6639.451612903225,8,1.0103775010982592
8809,강서구,185056.3258773785,550268.7301302212,4,2,0.5,1,2,0,600.2756814208861,0,0,0,2,845.3225806451612,5,2.089514009339206
8810,중구,199365.3292561533,551728.331190055,3,2,0.3333333333333333,1,2,0,638.3794617936826,0,0,0,0,1891.2903225806451,8,3.301765888700038
8811,영등포구,189508.047028018,549855.932477526,1,2,0.0,0,1,0,620.820829210619,0,0,0,0,0.0,5,14.825717903476916
8812,구로구,186371.8122891533,544866.7511247032,6,2,0.3333333333333333,0,2,0,795.2545685505204,0,0,0,2,1693.7096774193549,5,1.4811125594212893
8813,성북구,201061.225466162,554000.73555157,1,2,0.0,0,1,0,434.010837622444,0,0,0,0,1258.0645161290322,4,12.668716035372446
8814,송파구,210317.464618365,542916.629086653,1,1,1.0,0,2,0,681.6025686673912,0,0,0,1,696.0322580645162,12,1.351495915598857
8815,송파구,210388.671629145,542907.744025013,1,1,1.0,0,2,0,691.9738816818706,0,0,0,2,804.0000000000001,11,2.325643020737082
8816,송파구,210326.378635664,542671.8997592833,4,2,0.25,1,2,0,926.0847811728912,0,0,0,0,0.0,10,2.354918127122533
8817,관악구,196670.83678478148,542015.012413654,2,2,0.0,1,1,0,37.25877268312049,1,1,1,5,13598.90322580645,11,3.9231231766258174
8818,강서구,182448.949195066,552976.266008408,1,0,1.0,1,1,0,1525.1428660953102,0,0,0,0,336.4516129032258,1,0.5743440129026774
8820,서초구,198954.227562999,541772.337398341,1,2,0.0,0,1,0,551.4293818668086,0,0,0,2,1320.3225806451612,5,0.4063974061810308
8821,관악구,195390.052305956,543342.687219243,2,2,0.5,1,2,0,848.7055215384681,0,0,0,2,3407.516129032258,6,10.315778291241706
8822,강동구,214217.04417475263,551500.2467831437,3,2,0.6666666666666666,0,2,0,2070.4389190003235,0,0,0,1,240.32258064516128,3,8.223581648986904
8823,영등포구,193762.193349569,547385.898725777,1,2,0.0,0,1,0,1616.3919860147494,0,0,0,0,7982.838709677419,8,0.6491700527600456
8824,도봉구,204314.0922499053,561713.15111977,3,0,1.0,1,2,0,197.8664316171809,0,0,1,0,10591.354838709678,4,1.7633657486685843
8825,양천구,189632.763392877,548848.998038541,1,0,1.0,1,2,0,1109.454203294112,0,0,0,2,5082.25806451613,9,0.7811313931020525
8826,은평구,190688.650340841,553979.9576396374,2,2,0.5,1,2,0,1063.5573362128116,0,0,0,0,0.0,9,7.647795423682926
8827,광진구,207635.521758789,551182.3126987449,2,2,0.5,1,2,0,1706.8354539529928,0,0,0,2,832.0,8,2.912919446147768
8828,서초구,199682.8788945606,545226.0123400354,5,2,0.6,0,1,1,650.2010061900829,0,0,0,0,0.0,4,13.29374675285107
8829,서초구,199747.83683539176,545108.2344035583,4,1,1.0,0,1,0,587.806223652053,0,0,0,0,131.58064516129033,6,0.4742656369379776
8830,양천구,187742.089882015,545580.374460996,1,0,1.0,1,2,0,331.2851026578901,0,0,0,0,425.6451612903226,7,10.358041829299554
8832,중랑구,209129.909819474,557505.689527388,1,0,1.0,1,1,0,446.43544587207566,0,0,0,0,705.5483870967743,1,5.0252964028549725
8833,광진구,209301.796819024,549800.1094377425,2,2,0.5,1,1,0,1863.4020271937857,0,0,0,3,1063.258064516129,6,4.300255369320402
8834,성북구,201361.9952187048,553596.7554199214,5,2,0.4,1,2,0,913.4968739451936,0,0,0,4,1439.4193548387098,7,15.13118314512994
8835,관악구,193928.866404541,540810.755263149,1,2,0.0,0,1,0,1378.511014915576,0,0,0,0,5365.741935483871,4,20.60461531789869
8836,강북구,200714.9750964965,560748.79994152,2,2,0.5,1,2,0,864.667702856547,0,0,0,3,3661.129032258065,4,7.078777872299848
8837,강동구,211458.60464004835,547350.4311189196,3,2,0.0,0,2,0,1146.2495621401165,0,0,0,2,2436.774193548387,6,2.960594732333751e-15
8838,은평구,190814.054390118,553854.723141212,1,2,0.0,1,2,0,895.8433946850303,0,0,0,0,1223.225806451613,10,9.09705069053837
8839,은평구,190607.274321212,553913.3381524035,4,2,0.75,1,2,0,1108.855051715519,0,0,0,0,5004.032258064516,8,21.807039982469725
8840,강남구,203676.7640665945,547873.2777905625,2,2,0.0,1,1,0,991.6225798205296,0,0,0,0,0.0,2,0.1858824228066306
8844,도봉구,201609.765990934,561352.7239792135,2,2,0.5,1,2,0,817.4364112388641,0,0,0,2,672.3548387096773,1,3.3627202980930804
8845,성북구,204995.8199341645,557523.5560485995,2,2,0.0,0,1,0,771.4352957587091,0,0,0,2,2845.0,8,0.5892895180611232
8846,동대문구,204981.2070209615,552084.2226922766,2,2,0.5,1,1,0,282.22568839341363,0,0,0,2,3355.2258064516127,8,3.2007604086344945
8847,동대문구,204946.387328608,552232.790599909,1,0,1.0,1,1,0,408.2766270137568,0,0,0,0,4260.419354838709,7,3.1369100195503443
8848,동대문구,203871.26165163732,552798.6161324863,3,2,0.6666666666666666,1,1,0,505.2918733752094,0,0,0,0,382.93548387096774,7,5.366194121240783
8849,강남구,203717.985266923,544969.141475663,2,2,0.0,0,2,0,201.94270179582364,0,0,0,2,3321.064516129032,2,3.8980075008174233
8850,중랑구,208774.43066199063,554951.6007413369,3,2,0.3333333333333333,1,2,0,84.51282153696084,0,1,1,2,4476.032258064516,6,4.163837228584389
8852,영등포구,190776.615086679,549089.072122859,1,1,1.0,0,2,0,1556.485922841277,0,0,0,0,2397.2258064516127,2,0.8049080504975267
8853,영등포구,190282.4574411,549431.604327577,1,1,1.0,0,2,0,1401.5239721492344,0,0,0,3,2088.8709677419356,6,4.058021575480065
8855,광진구,209551.243457469,549641.226730346,1,0,1.0,1,2,0,1567.807542087007,0,0,0,3,534.6774193548387,10,2.973033235572053
8856,강남구,204765.47910957,547318.38433834,1,2,0.0,0,1,0,599.6373439236594,0,0,0,0,0.0,5,0.658711402797536
8857,성북구,205024.39112285865,557572.6498923433,3,2,0.3333333333333333,1,1,0,762.4839421246863,0,0,0,0,2539.709677419355,8,1.7677548543820798
8858,종로구,199317.087285528,552190.5523721126,5,2,0.4,1,2,0,256.1376239128128,0,0,0,0,362.7096774193549,5,2.22022139220492
8859,강동구,214650.052462051,551333.4541925293,3,2,0.6666666666666666,1,2,0,2304.806512740576,0,0,0,0,235.35483870967744,4,19.19604544033825
8860,강동구,214876.164060865,550224.754648669,2,2,0.5,1,2,0,2154.683231603114,0,0,0,0,1008.9354838709678,10,4.18889205724301
8861,서초구,202241.65747475167,544781.0015370537,3,2,0.6666666666666666,1,2,0,150.71424414588813,0,0,1,9,18225.354838709678,3,2.4765904351137515
8862,강남구,202363.8551784135,544492.283213648,2,0,1.0,1,2,0,35.94169899066345,1,1,1,5,19440.354838709678,4,3.531627627299911
8863,중구,201853.613356813,552076.977429642,2,2,0.0,1,2,0,45.55232544882797,1,1,1,0,0.0,5,5.672493760246222
8864,은평구,190660.962217301,553825.871158499,1,1,1.0,0,1,0,1027.3212115013146,0,0,0,0,5004.032258064516,10,18.71870708598311
8865,은평구,190683.215564576,553805.537788311,1,0,1.0,1,1,0,999.656227686455,0,0,0,1,6227.258064516129,11,6.769107840536165
8866,은평구,190659.653988269,553798.275337705,1,1,1.0,0,1,0,1019.7528783648812,0,0,0,1,5004.032258064516,10,11.968049694372857
8867,동대문구,205330.9933650145,553153.5290394896,2,0,1.0,1,2,0,195.32003739308945,0,0,1,1,4800.548387096774,7,0.2608354868109153
8868,중구,197156.3242628757,551670.3757590962,4,2,0.5,1,2,0,194.28461451619344,0,0,1,4,12384.967741935483,6,0.8930798412912703
8869,서대문구,197008.7149273,551865.8506083875,2,0,1.0,1,2,0,34.702892132319995,1,1,1,5,18173.741935483875,6,1.7321247577149277
8870,서초구,201253.8516906225,543547.526449163,2,2,0.5,1,2,0,525.3096506337613,0,0,0,2,2405.935483870968,2,1.581294034833434
8871,송파구,209394.67050444,548051.550760859,1,0,1.0,1,1,0,1704.2819895924472,0,0,0,0,0.0,2,3.0396088860329287
8872,강동구,210460.000431525,549315.143755818,1,2,0.0,1,1,0,644.8225221081811,0,0,0,0,0.0,5,2.960594732333751e-15
8874,강남구,205327.300009597,542599.589254106,1,2,0.0,0,1,0,1105.197269915675,0,0,0,2,3749.741935483871,6,2.5959131341342947
8875,양천구,187714.295484423,546234.085451473,1,0,1.0,1,2,0,722.2393245879487,0,0,0,0,3599.1290322580644,9,0.3236968006200472
8876,양천구,188495.7051116005,547108.1815685539,2,2,0.5,1,2,0,698.8225093458123,0,0,0,0,2234.3225806451615,12,0.7089204055595699
8877,종로구,200330.53012572136,552658.6816626033,3,2,0.3333333333333333,1,1,0,289.1457711869785,0,0,0,0,3911.8064516129034,10,0.5897867532474225
8879,동작구,196867.124445249,544845.5332330455,2,2,0.0,0,2,0,531.9617746716538,0,0,0,2,155.64516129032256,1,25.43952674114008
8880,관악구,192773.822776274,542913.852730589,1,2,0.0,1,2,0,687.9473912255185,0,0,0,1,249.90322580645162,3,0.5639623652989023
8882,강남구,202124.781930174,548105.323584587,1,0,1.0,1,1,0,1545.330760052098,0,0,0,0,0.0,3,12.507124234911789
8883,강남구,202081.379928944,548086.013623863,1,0,1.0,1,1,0,1503.2216444118685,0,0,0,0,0.0,2,32.28576421970695
8884,송파구,209527.093670909,547894.260719403,1,0,1.0,1,1,0,1667.4827130849978,0,0,0,0,0.0,6,14.4232418237744
8885,금천구,189898.326036623,541757.158156805,2,2,0.5,1,2,0,586.5006156238751,0,0,0,2,2512.9032258064517,6,1.338567024363068
8886,은평구,190435.85494531225,554030.5699218153,4,1,1.0,0,1,0,1312.9098252422457,0,0,0,0,967.0967741935484,6,14.061032441968685
8887,서초구,201527.091939056,544893.651625487,1,0,1.0,1,1,0,679.3773554143861,0,0,0,0,438.5806451612903,8,0.9774564072267644
8888,영등포구,192708.413451868,545494.5894029178,5,2,0.2,1,1,1,299.2668617326138,0,0,0,2,336.4516129032258,1,3.4388772876127702
8890,동대문구,203985.90087083096,553160.6242945939,2,0,1.0,1,2,0,250.29817156392625,0,0,0,0,3051.6451612903224,8,2.642039136798413
8892,금천구,189288.233548031,542348.592150487,1,2,0.0,0,1,0,753.6972761009035,0,0,0,0,1444.225806451613,8,0.2420941727519269
8894,광진구,209764.736250448,549587.055101484,1,2,0.0,1,1,0,1357.7347224145342,0,0,0,0,0.0,7,4.914277885564413
8895,강남구,205356.06845301477,542443.0172861868,7,2,0.7142857142857143,1,2,1,1263.760080906828,0,0,0,1,3897.645161290323,5,1.9252307061755995
8896,강남구,205119.6716105712,542254.0850381337,6,2,0.8333333333333334,1,2,1,1240.526532329549,0,0,0,1,1128.967741935484,1,0.8671246757834379
8898,광진구,208895.839909032,548603.070774339,1,0,1.0,1,1,0,2021.2510220717363,0,0,0,0,0.0,2,17.809132752208008
8899,광진구,208930.11652984,548626.210005107,1,0,1.0,1,1,0,1984.5308854699244,0,0,0,0,0.0,2,14.420335421410666
8900,광진구,208791.782123659,548797.690937404,1,0,1.0,1,1,0,2111.205073975237,0,0,0,0,0.0,5,6.603824976553743
8901,양천구,187504.1814793055,547727.8073760686,2,2,0.5,1,2,0,386.7175361372151,0,0,0,0,55.064516129032256,6,0.3708651235564157
8902,강서구,187511.939465894,547771.0354405065,2,2,0.5,1,2,0,430.0660927123847,0,0,0,0,109.35483870967742,6,0.378818662799721
8903,용산구,196216.866799163,548565.9608134124,2,2,0.0,0,1,0,825.1589526223439,0,0,0,2,574.516129032258,6,17.01129651242825
8909,노원구,205992.783863905,559686.360637942,1,1,1.0,0,2,0,1981.508584776448,0,0,0,2,10211.967741935483,7,0.6205836880293525
8910,강동구,211483.375026957,548863.735597311,1,0,1.0,1,1,0,105.09682255388694,0,0,1,0,449.83870967741933,7,8.162169533801423
8911,마포구,192808.578378519,549542.74437207,1,0,1.0,1,2,0,609.893156233046,0,0,0,2,94.16129032258064,4,1.792443520985708
8931,강남구,203041.826700055,543620.270816685,1,0,1.0,1,2,0,494.9924608782353,0,0,0,0,1051.0,9,7.513051626277208
8936,구로구,183763.6948574325,541871.6348861579,2,0,1.0,1,1,0,2954.994923972509,0,0,0,1,470.09677419354836,3,19.80697479154145
8947,구로구,189613.24574031695,544464.8518065515,2,2,0.5,1,2,0,62.35693245517872,0,1,1,5,12704.193548387097,13,4.894890416112079
8949,마포구,195790.071011522,549166.301411975,1,0,1.0,1,2,0,229.9172429858201,0,0,0,7,8960.0,9,0.2935997570014296
8951,서초구,202527.4877582877,540883.468137252,3,2,0.6666666666666666,0,2,0,1786.7900168014671,0,0,0,3,851.1612903225807,1,1.8646683749533408
8952,강동구,211472.709428434,550750.1633117985,2,0,1.0,1,2,0,649.0301950552889,0,0,0,1,120.25806451612904,7,1.2298280633400498
8954,강서구,185549.695438748,552058.935746503,1,0,1.0,1,1,0,1815.080412676324,0,0,0,0,87.93548387096774,8,0.1219113115979109
8960,강동구,212302.667733278,550892.5320628949,2,2,0.5,1,2,0,932.8827084309238,0,0,0,1,1875.7741935483868,4,5.859292705846648
8961,성북구,205351.550020422,556424.092886262,1,0,1.0,1,2,0,926.404185661336,0,0,0,2,2612.709677419355,6,0.2595079074468683
8968,서초구,203427.0629790095,541452.4573476624,2,0,1.0,1,2,0,1098.1571930943726,0,0,0,6,2955.4838709677424,4,3.332829907914044
8970,송파구,210159.6522831853,548385.125785015,3,2,0.0,1,2,0,874.1707127871834,0,0,0,1,364.64516129032256,2,0.8856630695452773
8971,강동구,211487.2265307865,549081.5664010351,2,0,1.0,1,2,0,269.42594881807906,0,0,0,3,449.83870967741933,4,9.671729920032176
8979,용산구,196660.569283264,546963.97496281,1,0,1.0,1,1,0,1612.4714129222814,0,0,0,0,168.38709677419354,4,3.5451304770347893
8982,영등포구,193986.164774398,547046.807552619,1,2,0.0,0,1,0,1210.565368828604,0,0,0,0,879.1290322580645,5,
8987,마포구,195188.34975049127,549106.3946979448,4,0,1.0,1,2,0,197.99361331628617,0,0,1,2,7072.451612903225,11,1.2505697259975448
8994,구로구,184302.210243553,542004.948068014,1,2,0.0,0,1,0,2457.2496616886706,0,0,0,3,586.9032258064516,8,3.3847082175558123
8995,영등포구,192254.6359935,546674.295350533,1,2,0.0,0,1,0,257.2682750848625,0,0,0,0,0.0,5,2.4176087263956023
9000,마포구,195408.90422443036,548461.3995538066,3,2,0.3333333333333333,1,1,0,458.4230723037335,0,0,0,5,1622.1290322580644,5,6.21708155876829
9001,구로구,189197.959935583,543144.583823145,2,2,0.0,0,1,0,631.0243955744692,0,0,0,0,1001.516129032258,6,0.6525281643285652
9004,강서구,184882.062499905,551366.118743837,1,0,1.0,1,2,0,1542.696317380868,0,0,0,0,1993.5806451612902,4,0.1375063513434652
9006,관악구,195244.15953654933,541014.2443099531,3,1,1.0,1,2,0,1294.414765351118,0,0,0,0,1572.6451612903227,1,2.1651203596607025
9007,강서구,184569.34432659863,551406.2209572807,3,2,0.3333333333333333,1,1,0,1231.5517162733531,0,0,0,0,811.6451612903226,5,0.0
9008,강남구,203542.439712874,547369.0535731786,2,2,0.5,1,2,0,757.4178912110417,0,0,0,0,6062.0,4,2.8340167328853263
9009,강남구,207327.347688768,543025.43756667,1,1,1.0,0,2,0,1726.2578079084676,0,0,0,4,1134.3548387096776,4,18.913645813987507
9011,강서구,184486.480611658,551552.645687067,2,0,1.0,1,2,0,1113.9414174806786,0,0,0,0,0.0,4,2.5
9015,강동구,211692.001529037,547980.908294449,1,2,0.0,1,1,0,487.07736834408297,0,0,0,0,997.967741935484,7,0.2732397633218753
9016,서초구,203901.4015095735,541328.10151144,2,2,0.0,1,2,0,1382.5832837751386,0,0,0,0,2769.0645161290327,6,1.2748683934279783
9017,구로구,186466.849529462,544554.58435301,1,1,1.0,0,1,0,537.6889354168767,0,0,0,3,5970.870967741934,7,13.130701283993464
9020,영등포구,192617.452286187,548206.128136221,1,0,1.0,1,1,0,1713.7963731184957,0,0,0,0,0.0,4,9.816802420042428
9021,동대문구,203644.22415826377,553276.438109346,4,2,0.5,1,2,0,33.811376131851766,1,1,1,3,17702.483870967742,5,0.5063212638324485
9022,구로구,185229.780199656,543101.258679532,1,0,1.0,1,2,0,1046.1214851002503,0,0,0,2,321.3225806451613,1,7.442127691534014
9029,구로구,184884.113924092,544511.765377141,1,0,1.0,1,2,0,1172.1107523605829,0,0,0,1,3380.225806451613,4,2.008060076893905
9034,영등포구,192456.242091901,547307.6408315385,2,2,0.5,1,2,0,834.2120326161744,0,0,0,0,0.0,2,5.239026957366502
9035,관악구,195186.015836726,543068.4030088906,2,1,1.0,1,2,0,558.3202615078873,0,0,0,4,6928.645161290323,8,12.528056356512682
9036,관악구,195070.70294535952,543036.2378997055,2,2,0.5,0,2,0,506.55146549020094,0,0,0,2,4246.322580645161,6,7.010402156580812
9037,동작구,193760.974614215,544481.1139186125,2,2,0.5,1,2,0,100.92994153715284,0,0,1,1,11307.064516129032,6,5.711686621280124
9038,동작구,193650.0457312335,544397.1905385375,2,2,0.0,0,1,0,24.751655225946767,1,1,1,4,13152.741935483871,9,0.909953924519525
9039,관악구,191438.2540735445,542683.9816380395,2,2,0.0,1,2,0,94.07335917415124,0,1,1,4,51457.25806451613,8,0.6120787076593744
9040,금천구,190123.590678664,541094.766807047,1,2,0.0,1,2,0,708.5359419021291,0,0,0,0,1184.1290322580646,7,0.3206819805839108
9041,광진구,207882.4384280915,548561.7124590306,4,2,0.25,1,1,0,1722.4084485983108,0,0,0,0,6612.225806451613,12,2.444693948231939
9042,광진구,207902.73580038533,548443.7320898756,3,0,1.0,1,1,0,1775.1020796239268,0,0,0,0,170.16129032258064,12,11.60961299184884
9043,광진구,207804.04241803265,548231.4593047086,3,2,0.6666666666666666,1,1,0,1762.63613954249,0,0,0,2,630.3225806451612,7,4.731398636285189
9044,광진구,207930.438048502,548395.876984074,2,0,1.0,1,1,0,1816.6759004395772,0,0,0,0,303.2903225806451,11,23.44443210750188
9045,광진구,207850.25947529275,548425.6040916492,4,0,1.0,1,1,0,1731.1797903021811,0,0,0,0,303.2903225806451,12,9.521777255374833
9046,광진구,207784.97629743948,548312.093712345,2,0,1.0,1,1,0,1711.724915172653,0,0,0,0,630.3225806451612,9,13.029536488470333
9047,광진구,207756.764905824,548396.852558775,3,0,1.0,1,1,0,1653.366711301242,0,0,0,0,303.2903225806451,9,9.24851163498042
9048,광진구,207703.953018013,548547.717307025,1,2,0.0,0,1,0,1554.291940400433,0,0,0,0,5230.548387096775,8,1.5992891595912917
9049,은평구,190828.311178276,553705.240964414,1,0,1.0,1,1,0,831.4997244474041,0,0,0,2,3879.0,9,1.7485908109592312
9050,은평구,190892.159653296,553774.72056369,1,0,1.0,1,1,0,792.7461042159279,0,0,0,2,1967.2903225806454,10,2.694570364914899
9051,강동구,214863.43422784,549587.3648678,1,0,1.0,1,1,0,2145.673580970424,0,0,0,2,0.0,5,1.8228688599055984
9054,중랑구,207069.549125939,554468.910242782,1,0,1.0,1,2,0,393.6868246777467,0,0,0,2,3022.387096774193,3,0.3700201964343168
9055,강동구,213856.20750156132,551780.5655741947,3,1,1.0,0,2,0,2055.949547922904,0,0,0,1,1160.3548387096773,6,2.9437969492960887
9056,강동구,213868.7102826615,551671.4497350154,2,1,1.0,0,2,0,1972.8609925814535,0,0,0,2,1160.3548387096773,5,1.233547380079676
9060,강동구,212673.642384678,547501.472674518,1,0,1.0,1,2,0,896.0404329985251,0,0,0,3,1163.0967741935485,10,8.71549700284452
9065,강동구,212182.530862703,547313.726848535,1,2,0.0,1,1,0,1002.8187466835684,0,0,0,0,0.0,2,1.6497550716666372
9067,강동구,212023.914265157,547110.501636534,2,2,0.0,1,2,0,1226.6676962341512,0,0,0,0,3597.032258064516,4,2.226525233472868
9069,동대문구,205212.17597262075,555608.8446678738,4,0,1.0,1,2,0,1148.558594662156,0,0,0,2,1027.1290322580644,4,8.333333333333332
9070,성동구,205036.63944656,549375.4102111056,2,2,0.5,1,2,0,44.73692038178743,1,1,1,3,994.4193548387096,5,9.981813713431542
9071,동대문구,205358.410753662,555566.9946349853,5,1,1.0,1,1,1,1070.1936830049333,0,0,0,2,5015.645161290322,5,5.689125723712276
9073,강동구,212356.66080992075,546882.3380772627,4,0,1.0,1,2,0,1433.624420001161,0,0,0,0,494.58064516129036,3,7.644383762947898
9074,강동구,212400.15995694036,547048.4021160203,3,0,1.0,1,2,0,1271.3730230084557,0,0,0,0,223.3548387096774,2,5.335455637988152
9076,강동구,212490.77228110368,547333.1265191081,3,0,1.0,1,2,0,1003.250281008234,0,0,0,1,550.8709677419355,3,4.337062248050287
9084,송파구,213721.389544813,543324.046577125,1,1,1.0,0,2,0,999.5145799146904,0,0,0,0,119.16129032258064,9,5.209933945523133
9090,관악구,195296.8886247556,543616.6260386788,5,2,0.4,1,2,0,771.7836067812462,0,0,0,2,4955.387096774194,8,18.834102999566984
9091,관악구,195262.812879936,543411.0236411683,3,1,1.0,1,1,0,909.129742340648,0,0,0,3,5252.83870967742,7,10.770942894462165
9093,강동구,214007.76979597533,551973.07057777,3,1,1.0,0,2,0,2300.15150790672,0,0,0,2,4004.8064516129034,11,0.9823907058843389
9094,강동구,214049.8715633405,551887.1050020636,4,1,1.0,0,2,0,2253.683726065103,0,0,0,3,5148.774193548387,13,0.656161296666052
9095,강동구,214107.140468891,551798.2286416534,2,1,1.0,0,2,0,2217.5007742797898,0,0,0,2,5110.290322580646,12,2.2772046734826943
9098,강동구,214139.58631090572,551933.8580540078,4,1,1.0,0,2,0,2344.616423520119,0,0,0,2,4199.451612903225,12,1.6288575185393748
9099,강동구,213958.46042215105,552045.93555104,3,1,1.0,0,2,0,2334.6697454284804,0,0,0,0,1756.0,9,1.6723499530123636
9103,송파구,210030.396310523,547524.544487616,1,1,1.0,0,2,0,1327.096001851505,0,0,0,0,597.1935483870968,2,0.8636329739744663
9105,중구,200234.861574552,550477.324526699,1,0,1.0,1,2,0,696.0059032086846,0,0,0,0,0.0,4,17.519134045503364
9108,강동구,214209.95966458065,551852.1517662713,3,1,1.0,0,2,0,2324.157465143276,0,0,0,0,2921.451612903226,11,1.2701091536397928
9109,강동구,214275.49465909367,551808.72823601,3,1,1.0,0,2,0,2333.8194652184643,0,0,0,0,2443.451612903226,8,1.3737990476272504
9110,강동구,214363.4562924473,551911.8333758373,3,1,1.0,0,2,0,2469.3250700191425,0,0,0,0,189.8709677419355,7,11.40028091769038
9112,강동구,214884.494386136,551687.8073401465,2,1,1.0,0,2,0,2700.943539185864,0,0,0,0,229.0967741935484,1,9.856424539556858
9113,강동구,215036.0267591905,551547.0407094025,4,1,1.0,0,2,0,2744.784469814655,0,0,0,2,447.5161290322581,3,5.6575361100037
9115,동대문구,205686.769753086,554939.6896170776,2,2,0.5,1,1,0,368.88991327451055,0,0,0,2,628.2903225806451,6,0.0941030899819613
9116,동작구,194659.9620102085,544905.62372354,2,0,1.0,1,2,0,176.5935646111359,0,0,1,3,10420.09677419355,8,3.794662153694191
9120,강남구,203024.826614708,548234.279472718,1,0,1.0,1,1,0,1689.2678818223562,0,0,0,0,0.0,3,29.10300112802408
9122,금천구,189578.1344728975,541521.2134415165,2,2,0.5,1,2,0,979.2533415896296,0,0,0,2,923.258064516129,5,0.0640840807808166
9123,강남구,205233.976680446,546807.756144269,2,2,0.5,1,1,0,1033.4187890000717,0,0,0,0,934.6451612903226,5,15.525126626744262
9124,은평구,194068.726086286,559333.181033745,1,2,0.0,0,1,0,1594.7094726649202,0,0,0,0,2267.741935483871,6,11.89467948981625
9125,서초구,204605.3500703415,539607.398478118,2,1,1.0,0,1,0,3235.2746358696822,0,0,0,0,37.25806451612903,5,1.9111730288548223
9126,서초구,204581.275852362,539520.115356891,1,1,1.0,0,1,0,3304.361187308236,0,0,0,0,151.45161290322582,6,2.9405075999967125
9127,서초구,204564.47423074,539581.125340056,1,1,1.0,0,2,0,3241.863815547505,0,0,0,0,74.29032258064515,6,3.598688315998787
9129,성동구,203604.711564612,550808.489064712,1,0,1.0,1,1,0,1610.9140216778342,0,0,0,0,1540.483870967742,8,8.679487054601033
9130,용산구,197977.153709788,550171.122058311,1,0,1.0,1,2,0,544.7912554286123,0,0,0,1,3564.8387096774195,5,5.377957417158565
9131,서초구,201056.136682634,545544.930446976,2,2,0.0,0,2,0,81.12770208232297,0,1,1,0,6462.290322580646,5,3.171443654216066
9134,서초구,201110.1109481235,545622.0325434834,2,2,0.5,0,2,0,158.62791613684914,0,0,1,0,3480.8709677419356,7,2.5632396756120546
9135,서초구,201185.61265539163,545847.3509196766,3,2,0.6666666666666666,0,2,0,395.5981159881023,0,0,0,0,98.38709677419355,3,0.5390689729892154
9137,강북구,201463.056242385,560295.1631633987,4,2,0.25,1,2,0,92.03206272424993,0,1,1,2,3762.3548387096776,5,1.6380048640327278
9138,강북구,201433.49500100236,560409.1383460016,3,2,0.3333333333333333,1,2,0,69.92331036729345,0,1,1,0,4006.0,3,3.3263338801442304
9139,강남구,203059.393405847,548228.415129069,1,0,1.0,1,1,0,1660.630216651008,0,0,0,0,0.0,3,31.14841258310165
9141,중랑구,206840.1387460975,555908.9166654665,2,2,0.5,1,2,0,461.1389919925,0,0,0,3,12945.645161290322,7,0.5446613742867376
9142,성동구,204899.6150477435,548954.440388254,2,2,0.5,1,2,0,486.9282852626648,0,0,0,4,1624.0,6,0.4430443879301767
9143,성동구,204874.264247451,548902.4345638786,6,2,0.0,1,2,0,544.3849554553552,0,0,0,5,1954.6774193548388,5,0.7204123107488177
9145,구로구,187589.3736236365,543741.779493696,2,2,0.0,1,1,0,413.92224372200633,0,0,0,0,8174.483870967742,5,1.0182828210150596
9146,은평구,190277.259591154,554012.285264182,2,2,0.5,1,1,0,1451.93750129237,0,0,0,0,2420.2258064516127,5,8.185624684221343
9147,구로구,190384.01149538148,543012.0722941915,2,2,0.5,1,2,0,322.8237121992802,0,0,0,2,1332.9032258064517,10,1.9508015348158856
9148,서초구,204141.61094930267,540036.4571369593,3,1,1.0,0,2,0,2659.351522104017,0,0,0,1,89.51612903225806,2,1.4167346108901726
9149,서초구,204286.4343952025,540072.3774031925,2,1,1.0,0,2,0,2679.9831308076937,0,0,0,0,615.3870967741935,2,1.2994686576121002
9150,마포구,192304.4164041613,549991.019061637,3,2,0.3333333333333333,1,1,0,734.2363445079172,0,0,0,3,20675.967741935485,7,4.322111452485184
9151,마포구,192341.7803238677,549923.7097153773,3,2,0.3333333333333333,1,2,0,712.1298917255617,0,0,0,4,17762.129032258064,7,2.35674912138532
9152,양천구,187900.243011508,546294.534934837,3,2,0.0,1,2,0,878.5056456726845,0,0,0,0,2480.1612903225805,10,0.1306242519774928
9153,노원구,206987.838981287,558015.899195252,2,2,0.5,0,1,0,316.3386043844491,0,0,0,2,1856.0967741935483,5,3.024287074104244
9154,성북구,202007.484049332,556085.053804014,1,0,1.0,1,1,0,147.93989559394095,0,0,1,3,21431.83870967742,11,5.024621451780256
9157,송파구,211735.044309852,543000.818680418,1,2,0.0,1,2,0,1218.2521551518832,0,0,0,5,2704.41935483871,10,1.7070781942793427
9158,강서구,186109.853353621,549158.174027245,1,2,0.0,1,2,0,152.72880577828568,0,0,1,0,12686.516129032258,5,2.9560061897876366
9160,강남구,204949.466447716,546973.3000158994,3,2,0.6666666666666666,1,2,0,724.2055050617882,0,0,0,3,6215.935483870968,5,1.7810585315353518
9161,강서구,184660.93760502475,552102.2420349007,4,2,0.0,1,1,0,1304.9287687614767,0,0,0,0,3509.2580645161293,7,0.0
9162,강서구,187143.7775465187,550731.881665399,3,2,0.0,1,1,0,390.8799233892805,0,0,0,3,11377.290322580646,6,0.780031113931455
9163,관악구,195169.437717239,543687.594828825,1,0,1.0,1,2,0,805.2110436657001,0,0,0,3,3482.3548387096776,5,24.94370235697815
9165,서초구,202186.867356585,540246.495235432,1,0,1.0,1,2,0,2506.8755770126645,0,0,0,0,2393.6129032258063,4,5.774529679138354
9166,강북구,203311.488054023,558194.2269271,1,2,0.0,0,1,0,608.5768539445577,0,0,0,6,874.5483870967743,3,8.457271291720119
9167,영등포구,191722.96634123867,545877.3408742481,3,2,0.0,0,2,0,294.8577149673004,0,0,0,2,643.4193548387098,2,7.77292720137656
9168,은평구,191988.38445076568,557274.450999656,3,2,0.0,0,1,0,539.6042356503476,0,0,0,4,7185.903225806451,4,1.737033409099228
9170,강서구,184823.655761319,552219.1238204921,2,2,0.5,0,2,0,1493.2125270434594,0,0,0,0,97.80645161290323,6,2.246414750474933
9171,중구,201385.251636154,551751.8060507935,2,2,0.0,0,1,0,222.5959955245915,0,0,0,1,4394.935483870968,9,0.5107682053596404
9172,금천구,191187.14807025847,539080.580561783,6,2,0.6666666666666666,1,2,0,111.60448334016878,0,0,1,2,5258.548387096775,4,2.54715310029102
9173,송파구,210437.109379178,544824.677818336,1,0,1.0,1,1,0,888.8677092182467,0,0,0,3,385.741935483871,5,3.971833882904304
9174,강남구,205824.533655263,544938.1562176391,2,2,0.0,0,1,0,598.683364175419,0,0,0,2,1884.774193548387,4,5.431089010191386
9176,관악구,194146.844984486,541317.203664545,1,0,1.0,1,2,0,1212.8372261013326,0,0,0,3,8924.677419354837,10,6.208258941231151
9177,송파구,209357.466570492,546365.949253256,1,2,0.0,0,1,0,321.9040319351121,0,0,0,1,19.516129032258064,7,0.4686018612854366
9178,중구,201952.33527003703,552064.7271636092,3,2,0.0,1,1,0,144.47181805553114,0,0,1,0,503.258064516129,6,5.90351055427129
9179,관악구,193971.23859516,540324.298476303,1,1,1.0,0,2,0,1724.9610377696315,0,0,0,2,1247.1612903225805,4,13.04417540836989
9180,용산구,197959.8497979515,549583.6490383785,2,2,0.5,1,2,0,799.0027882795957,0,0,0,2,2400.6451612903224,5,2.6242725693660773
9181,성동구,204471.306712127,550738.915440492,1,0,1.0,1,2,0,1155.3438684252444,0,0,0,1,314.51612903225805,1,17.666507203151273
9182,송파구,209438.3203982235,546607.896454365,2,2,0.5,1,2,0,448.3426951773053,0,0,0,2,1139.1612903225805,10,0.5860801008154137
9183,노원구,206777.503100061,563149.5620971635,2,2,0.0,0,1,0,511.0702016381544,0,0,0,0,706.3870967741935,8,16.309369830582497
9184,관악구,191969.624349809,542856.886087926,1,0,1.0,1,2,0,569.4148025301157,0,0,0,1,697.9354838709677,12,3.06191639976667
9185,강동구,211164.245517464,549188.847985248,2,2,0.0,0,1,0,173.398162161911,0,0,1,0,3436.9032258064512,7,1.816522163215186
9186,강동구,211118.39593339732,549217.5742389066,3,2,0.0,0,1,0,191.13716006107563,0,0,1,1,2928.8064516129034,7,1.7480424264254897
9187,강서구,184615.847501428,551542.292274072,1,1,1.0,0,2,0,1242.792175384317,0,0,0,0,0.0,5,0.5775120931525901
9188,성북구,203155.7662019355,555851.44940196,2,2,0.5,1,2,0,229.28515592857423,0,0,0,0,2122.3225806451615,10,16.310576081547897
9189,은평구,192724.440501253,559609.161063285,1,1,1.0,0,1,0,1339.6171995938273,0,0,0,1,13566.741935483871,8,2.109279176245451
9190,동작구,194815.43442485167,545156.782032003,6,2,0.5,1,2,0,161.24371953901792,0,0,1,6,8499.064516129032,8,7.619506359922792
9191,송파구,209581.7194807595,546498.4862062226,4,1,1.0,1,2,0,291.2735506938515,0,0,0,1,2505.6129032258063,7,0.362691058644448
9192,성북구,204888.982010793,557370.704455083,1,2,0.0,0,1,0,841.8829098525424,0,0,0,2,1498.967741935484,7,0.4396231089559776
9193,구로구,191297.2784993417,542818.7426641426,6,2,0.3333333333333333,1,2,0,79.81909148572018,0,1,1,2,51457.25806451613,12,3.553552525379112
9194,송파구,214155.341456375,544265.401171291,1,2,0.0,0,2,0,941.5594274112354,0,0,0,0,1143.3870967741937,1,3.932552607204229
9196,강동구,214093.0008100925,552018.214600269,2,1,1.0,0,2,0,2385.530381551497,0,0,0,2,1945.8709677419356,12,1.868193501334498
9197,강동구,214046.3272414397,552096.5871630077,3,1,1.0,0,2,0,2424.50809834304,0,0,0,0,1907.3870967741937,9,0.9486372084214936
9198,강동구,214118.297217681,552128.215152842,1,2,0.0,0,2,0,2490.567851533306,0,0,0,0,189.8709677419355,9,10.928426913378935
9199,성동구,203756.9875102444,550473.8607437334,5,2,0.0,1,2,0,1664.3569586413266,0,0,0,1,35.903225806451616,4,12.380347050270064
9200,서대문구,195849.25547214376,551221.2797026403,4,2,0.0,0,2,0,897.0632119610219,0,0,0,0,927.9032258064516,11,14.5621736110661
9201,동대문구,204251.509871489,554092.105426196,1,2,0.0,0,1,0,378.25081279312445,0,0,0,3,1354.3225806451612,4,10.172802900091147
9202,성동구,203164.741018089,549368.249282921,2,2,0.5,1,2,0,1396.7171456962274,0,0,0,1,846.483870967742,1,9.329389311665087
9203,강남구,205763.024244297,542222.903180317,1,0,1.0,1,2,0,1570.3321986035387,0,0,0,0,1677.9032258064515,2,3.491377256049262
9204,동대문구,205948.982926698,555965.1652184925,2,0,1.0,1,1,0,1101.40224258759,0,0,0,1,1966.6451612903227,4,2.566123245557096
9205,동대문구,204640.241424197,551939.947959833,1,1,1.0,0,2,0,228.15059978785305,0,0,0,2,4898.5161290322585,6,1.6191219621477724
9207,강동구,214179.7135778295,552064.591034023,2,2,0.5,1,2,0,2473.591209799387,0,0,0,1,1467.8709677419356,12,2.6753393940869685
9208,영등포구,192080.058714258,545030.4094488574,2,2,0.5,0,2,0,221.2398441425163,0,0,0,1,7417.032258064516,6,12.884943040425464
9209,강남구,206006.392043069,545266.019520524,1,0,1.0,1,1,0,911.5410968805325,0,0,0,0,0.0,5,15.771640417540448
9210,도봉구,204210.3563675017,561686.603994187,3,2,0.6666666666666666,0,2,0,209.64640384481584,0,0,0,0,0.0,4,3.333342933748717
9211,강남구,205017.76648860436,546805.1709957271,3,2,0.3333333333333333,1,2,0,825.5458097052498,0,0,0,3,8060.161290322581,7,4.971801309873125
9212,강남구,205048.345611455,546655.922270299,1,2,0.0,0,1,0,908.8447622129032,0,0,0,2,8060.161290322581,4,9.303919867538562
9213,강동구,214256.21860627749,551999.5407241815,4,1,1.0,0,2,0,2467.871812057615,0,0,0,2,189.8709677419355,11,9.33762935041513
9214,동작구,197368.0529507775,545153.0507072575,2,2,0.5,0,2,0,736.2345395321283,0,0,0,0,1671.3548387096773,1,7.665379803710656
9216,강북구,202365.52840997124,558082.5723502606,4,2,0.0,0,2,0,342.2164126096725,0,0,0,0,0.0,11,1.4712183694832603
9217,강북구,202510.320152661,557623.0978216082,4,2,0.0,0,2,0,89.34024494635972,0,1,1,0,10955.774193548386,14,1.13413725532439
9218,양천구,189155.067405175,548029.178695453,1,2,0.0,0,1,0,1150.269612184564,0,0,0,0,2062.7419354838707,13,0.6726980416260779
9220,관악구,196707.03911770263,542088.6483553228,3,2,0.0,0,2,0,67.86988659227686,0,1,1,3,13829.645161290322,10,5.732374448623491
9221,영등포구,190730.396924518,547700.375677639,1,1,1.0,0,2,0,249.94783738325285,0,0,0,2,1112.3548387096773,9,0.6436711923451307
9222,서초구,204804.107509288,539554.865529861,1,2,0.0,0,1,0,3371.545655560541,0,0,0,0,16.903225806451612,4,5.019441275841269
9223,양천구,189134.768922646,548002.021991102,1,1,1.0,0,2,0,1138.1980992848455,0,0,0,0,4453.258064516129,12,0.7055871088105029
9224,강북구,202445.96474795567,557830.1002409994,3,2,0.0,0,1,0,120.28698706392872,0,0,1,1,8397.516129032258,10,0.4994368492244423
9225,서초구,199124.873879553,542912.153094516,1,1,1.0,0,2,0,755.7979304589259,0,0,0,2,1760.5806451612902,6,5.261298780804727
9226,서초구,198959.18741450933,542431.9586890851,3,2,0.6666666666666666,0,2,0,642.056400183504,0,0,0,0,84.25806451612904,3,13.552315698295558
9227,서초구,198894.9964310913,542565.585446015,3,2,0.0,0,2,0,692.5605698871267,0,0,0,2,84.25806451612904,4,7.966583116182638
9228,서초구,198770.3145767853,542816.5469595854,3,2,0.0,0,2,0,504.2763384881477,0,0,0,1,2370.8387096774195,6,3.9012576699247306
9229,영등포구,190134.965025517,548965.421027341,1,2,0.0,0,2,0,1429.260485417712,0,0,0,0,0.0,4,4.379704366705693
9230,서초구,199157.73396290376,542844.0256013282,4,2,0.25,0,2,0,812.0630660376328,0,0,0,2,832.6129032258065,7,4.23432600215102
9231,서초구,198836.461814306,542685.5718153862,4,2,0.5,0,2,0,633.3225211526094,0,0,0,1,87.5483870967742,4,6.772937051475096
9232,중랑구,206931.455229508,553531.796367828,1,2,0.0,0,1,0,557.003019120549,0,0,0,0,533.9032258064516,4,3.202386266158038
9233,서대문구,195419.678613859,555531.8749593641,2,2,0.0,0,1,0,776.5344886077589,0,0,0,2,2685.967741935484,4,4.983694472788531
9234,구로구,189525.030377392,544510.1192905109,2,1,1.0,0,1,0,114.0254347803337,0,0,1,2,12756.225806451614,9,2.280973143786653
9235,구로구,189412.859968934,544487.796566896,1,1,1.0,0,1,0,228.3932352273308,0,0,0,1,2822.8387096774195,6,5.4207685989365295
9236,성북구,202508.28056985,555717.014848572,1,1,1.0,0,1,0,399.9432066917416,0,0,0,2,592.8064516129032,2,31.74795537087346
9237,성북구,202551.9501458885,555775.4124048755,2,2,0.0,0,2,0,329.9400929130359,0,0,0,4,366.7096774193548,2,9.925813598529016
9238,구로구,189475.5248870745,544488.8600440179,2,1,1.0,0,1,0,167.03419819644162,0,0,1,1,11681.806451612903,9,1.8383409667708832
