address_name,category_group_code,category_group_name,category_name,distance,id,phone,place_name,place_url,road_address_name,x,y,snapped_node_id,snap_distance_m
서울 동작구 상도1동 394,HP8,병원,"의료,건강 > 병원 > 안과",,27432260,02-812-2375,상도밝은안과의원,http://place.map.kakao.com/27432260,서울 동작구 상도로 301,126.94990968752,37.5009865824278,4621469141,20.695430072338542
서울 동작구 상도동 463-6,HP8,병원,"의료,건강 > 병원 > 신경외과",,856384669,02-812-9001,상도아산신경정형외과의원,http://place.map.kakao.com/856384669,서울 동작구 상도로 327,126.951554122018,37.499096957588,11413637598,25.77320859902444
서울 동작구 상도1동 394,HP8,병원,"의료,건강 > 병원 > 치과",,8011978,02-813-2870,연세어린이사랑치과,http://place.map.kakao.com/8011978,서울 동작구 상도로 301,126.949905163877,37.5009865805096,4621469141,20.55249912536978
서울 동작구 상도동 462-3,HP8,병원,"의료,건강 > 병원 > 치과",,8605111,02-813-6600,청아치과의원,http://place.map.kakao.com/8605111,서울 동작구 상도로50길 4,126.95104670529803,37.49856155072308,2824550282,9.317881498018332
서울 동작구 상도동 467-2,HP8,병원,"의료,건강 > 병원 > 산부인과",,16073884,02-815-5331,김앤방여성의원,http://place.map.kakao.com/16073884,서울 동작구 상도로37길 62,126.95210056257218,37.49874578800169,4621460691,26.745234483470387
서울 동작구 상도1동 393,HP8,병원,"의료,건강 > 병원 > 정형외과",,8051819,02-824-7533,장대영정형외과의원,http://place.map.kakao.com/8051819,서울 동작구 상도로 299,126.94979877864994,37.50110546812364,4621469141,32.53806300750461
서울 동작구 상도1동 261,HP8,병원,"가정,생활 > 반려동물 > 동물병원",,18229060,02-817-8172,정겨운동물병원,http://place.map.kakao.com/18229060,서울 동작구 상도로 315,126.9507494611884,37.50001565109734,2825701326,33.537950104499295
서울 동작구 상도동 463,HP8,병원,"의료,건강 > 병원 > 치과",,10183500,02-823-7582,나은치과의원,http://place.map.kakao.com/10183500,서울 동작구 상도로 321,126.951245155688,37.4994590349587,2824550259,23.111619466559905
서울 동작구 상도1동 392,HP8,병원,"의료,건강 > 병원 > 치과",,12330317,02-816-2275,건강치과의원,http://place.map.kakao.com/12330317,서울 동작구 상도로 297-1,126.9496980573274,37.50120994195767,13597214695,21.57744269514169
서울 동작구 상도1동 392,HP8,병원,"의료,건강 > 병원 > 가정의학과",,10091318,02-815-0336,정제경가정의원,http://place.map.kakao.com/10091318,서울 동작구 상도로 297-1,126.949692400339,37.5012135435721,13597214695,21.02812342398764
서울 동작구 상도1동 263-2,HP8,병원,"의료,건강 > 병원 > 일반의원",,10061635,02-817-9226,연세의원,http://place.map.kakao.com/10061635,서울 동작구 상도로45길 4,126.950742534949,37.5002300876423,2825706577,18.575920755041906
서울 동작구 상도1동 593-1,HP8,병원,"의료,건강 > 병원 > 피부과",,9405239,02-824-7500,이화사랑피부과,http://place.map.kakao.com/9405239,서울 동작구 양녕로38길 2,126.95066707541045,37.50491438450353,10239817455,15.793232646518499
서울 동작구 상도1동 614-1,HP8,병원,"의료,건강 > 병원 > 정형외과",,21423223,02-810-7900,정동병원,http://place.map.kakao.com/21423223,서울 동작구 양녕로 283,126.949459186797,37.5049327949948,4644112576,25.56294006137682
서울 동작구 상도1동 666-2,HP8,병원,"의료,건강 > 병원 > 이비인후과",,20941275,02-822-1000,클린이비인후과의원,http://place.map.kakao.com/20941275,서울 동작구 양녕로 264,126.94855891262104,37.50331600269367,10712384713,23.158667037109456
서울 동작구 상도1동 638-2,HP8,병원,"의료,건강 > 병원 > 산부인과",,454609532,02-813-1359,루빈여성의원,http://place.map.kakao.com/454609532,서울 동작구 양녕로 282-1,126.950452527554,37.5044052266994,2825701323,25.18449342984461
서울 동작구 상도1동 621,HP8,병원,"의료,건강 > 병원 > 치과",,12628200,02-821-8275,연세자연치과의원,http://place.map.kakao.com/12628200,서울 동작구 양녕로 281,126.949486568048,37.5045796126263,1831853297,31.034451816265985
서울 동작구 상도1동 666-2,HP8,병원,"의료,건강 > 병원 > 정형외과",,309281637,02-812-1119,상도마디튼튼의원,http://place.map.kakao.com/309281637,서울 동작구 양녕로 264,126.948567965132,37.5033087985841,10712384713,23.838016246673046
서울 동작구 상도1동 638-2,HP8,병원,"의료,건강 > 병원 > 치과",,16044469,02-822-7525,아름다운미소치과의원,http://place.map.kakao.com/16044469,서울 동작구 양녕로 282-1,126.95045026682048,37.50440342374043,2825701323,25.193953070357384
서울 동작구 상도1동 664-2,HP8,병원,"의료,건강 > 병원 > 정신건강의학과",,693395221,02-6958-8910,상도숲정신건강의학과의원,http://place.map.kakao.com/693395221,서울 동작구 양녕로 270,126.949156960539,37.5036442276039,10712384714,31.525112688586454
서울 동작구 노량진동 324,HP8,병원,"의료,건강 > 병원 > 가정의학과",,27135161,02-825-6331,서울가정의원,http://place.map.kakao.com/27135161,서울 동작구 만양로 26,126.948462352384,37.5072317293099,436839951,33.80583795116858
서울 동작구 상도1동 666-1,HP8,병원,"의료,건강 > 병원 > 가정의학과",,2112322846,02-822-9911,상도사랑가정의학과의원,http://place.map.kakao.com/2112322846,서울 동작구 양녕로 268,126.948844922643,37.503490921964,2825706550,27.814704852994172
서울 동작구 상도1동 682,HP8,병원,"의료,건강 > 병원 > 치과",,8389346,02-825-6642,상도연세치과의원,http://place.map.kakao.com/8389346,서울 동작구 양녕로 265,126.948238575058,37.5037213152349,10265961156,29.568674906048084
서울 동작구 상도1동 593-1,HP8,병원,"의료,건강 > 병원 > 치과",,11305766,02-814-7364,이화치과,http://place.map.kakao.com/11305766,서울 동작구 양녕로38길 2,126.95068064171511,37.50492249921594,10239817455,17.286763424453067
서울 동작구 상도1동 666-2,HP8,병원,"의료,건강 > 병원 > 치과",,21062303,02-823-0007,서울프라임치과,http://place.map.kakao.com/21062303,서울 동작구 양녕로 264,126.948564548807,37.5033430353136,10712384713,24.303694354906245
서울 동작구 노량진동 197,HP8,병원,"의료,건강 > 병원 > 일반의원",,1736342113,02-3280-5567,사랑미소의원,http://place.map.kakao.com/1736342113,서울 동작구 노량진로 202,126.948233440895,37.5127944309823,6451784335,19.097643906574444
서울 동작구 본동 160,HP8,병원,"의료,건강 > 병원 > 가정의학과",,13511371,02-821-0075,현성의원,http://place.map.kakao.com/13511371,서울 동작구 매봉로 182,126.95239270858445,37.51239613476514,8757685953,27.76362426955365
서울 동작구 본동 160,HP8,병원,"의료,건강 > 병원 > 치과",,11380769,02-812-5600,현대치과의원,http://place.map.kakao.com/11380769,서울 동작구 매봉로 182,126.952449231859,37.5124448117569,8757685953,30.879398516205757
서울 동작구 본동 163-8,HP8,병원,"의료,건강 > 병원 > 치과",,7883046,02-812-0353,미소를주는치과의원,http://place.map.kakao.com/7883046,서울 동작구 매봉로 178,126.952150773049,37.5122140341659,4613274881,20.657687094775046
서울 동작구 상도동 436,HP8,병원,"의료,건강 > 병원 > 치과",,10504142,02-3280-2875,서울본치과,http://place.map.kakao.com/10504142,서울 동작구 상도로53길 13,126.953014566287,37.4983389002299,11413588662,22.0901039467115
서울 동작구 흑석동 224-1,HP8,병원,"의료,건강 > 병원 > 대학병원",,8079132,1800-1114,중앙대학교병원,http://place.map.kakao.com/8079132,서울 동작구 흑석로 102,126.96084477841997,37.50688509079748,4613243821,66.63475686389434
서울 동작구 흑석동 97-2,HP8,병원,"의료,건강 > 병원 > 이비인후과",,8458297,02-812-8434,소망이비인후과의원,http://place.map.kakao.com/8458297,서울 동작구 서달로 158,126.962156580836,37.5071972660686,2288832804,38.097782323409156
서울 동작구 흑석동 332,HP8,병원,"의료,건강 > 병원 > 피부과",,461293408,02-2088-5552,오롯의원,http://place.map.kakao.com/461293408,서울 동작구 서달로 150,126.962179490023,37.5066242342074,4612845662,49.59944038865612
서울 동작구 흑석동 100-9,HP8,병원,"의료,건강 > 병원 > 재활의학과",,9865970,02-816-0880,새연세재활의학과의원,http://place.map.kakao.com/9865970,서울 동작구 서달로 163,126.96238244084411,37.507876695915584,4613243605,14.665993393391252
서울 동작구 흑석동 183-5,HP8,병원,"의료,건강 > 병원 > 치과",,2106849443,02-6746-2875,서울하늘치과의원,http://place.map.kakao.com/2106849443,서울 동작구 흑석로 105,126.960934676202,37.5080023666787,5106672539,13.193021806247746
서울 동작구 흑석동 332,HP8,병원,"의료,건강 > 병원 > 안과",,14977566,02-815-5008,연세안과,http://place.map.kakao.com/14977566,서울 동작구 서달로 150,126.9621794718404,37.50666027441094,4612845662,47.27786893247331
서울 동작구 흑석동 102-75,HP8,병원,"의료,건강 > 병원 > 내과",,9130445,02-825-1065,세명내과의원,http://place.map.kakao.com/9130445,서울 동작구 서달로 163,126.96242655132367,37.507874907951916,4613243605,15.455684141000532
서울 동작구 흑석동 97-2,HP8,병원,"의료,건강 > 병원 > 안과",,1433798616,02-822-8223,흑석성모안과의원,http://place.map.kakao.com/1433798616,서울 동작구 서달로 158,126.962310326787,37.5073378719981,2288832804,43.67794431673922
서울 동작구 흑석동 102-27,HP8,병원,"의료,건강 > 병원 > 피부과",,7918941,02-821-1001,삼성필의원,http://place.map.kakao.com/7918941,서울 동작구 흑석로 106-7,126.961522898286,37.5078205567652,4613243612,13.229339174470676
서울 동작구 흑석동 332,HP8,병원,"의료,건강 > 병원 > 이비인후과",,12888091,02-813-7755,퀴앤코플러스이비인후과,http://place.map.kakao.com/12888091,서울 동작구 서달로 150,126.96206070809589,37.506678256427456,10107993115,38.12512392706125
서울 동작구 흑석동 332,HP8,병원,"가정,생활 > 반려동물 > 동물병원",,1896027509,02-6953-0475,스무해동물병원,http://place.map.kakao.com/1896027509,서울 동작구 서달로 150,126.962026833873,37.5065683229255,10107993115,41.941079621337444
서울 동작구 흑석동 102-75,HP8,병원,"의료,건강 > 병원 > 소아청소년과",,9306977,02-816-0777,우소아청소년과,http://place.map.kakao.com/9306977,서울 동작구 서달로 163,126.962382436323,37.5078857059698,4613243605,13.666286028815549
서울 동작구 흑석동 100-9,HP8,병원,"의료,건강 > 병원 > 치과",,9839626,02-825-2804,세명치과의원,http://place.map.kakao.com/9839626,서울 동작구 서달로 163,126.9624186288,37.5078857174901,4613243605,14.11381663071148
서울 동작구 흑석동 100-9,HP8,병원,"의료,건강 > 병원 > 산부인과",,304654615,02-3280-7735,엘여성의원,http://place.map.kakao.com/304654615,서울 동작구 서달로 163,126.962382435871,37.5078866069676,4613243605,13.566318511532693
서울 동작구 흑석동 97-2,HP8,병원,"의료,건강 > 병원 > 치과",,8346011,02-824-2875,미래열린치과의원,http://place.map.kakao.com/8346011,서울 동작구 서달로 158,126.962120323132,37.507326999162,2288832804,27.860660581544263
서울 동작구 흑석동 332,HP8,병원,"의료,건강 > 병원 > 내과",,9083350,02-815-0168,서내과의원,http://place.map.kakao.com/9083350,서울 동작구 서달로 150,126.96218403127651,37.50658999747586,4612845662,51.69175196357238
서울 동작구 흑석동 332,HP8,병원,"의료,건강 > 병원 > 치과",,9010398,02-814-2275,백송치과의원,http://place.map.kakao.com/9010398,서울 동작구 서달로 150,126.962193067426,37.5066134265,4612845662,49.40312343565532
서울 동작구 흑석동 332,HP8,병원,"의료,건강 > 병원 > 가정의학과",,1569569415,,드림가정의학과,http://place.map.kakao.com/1569569415,서울 동작구 서달로 150,126.961983715794,37.5068449176066,10107993115,28.629024718514053
서울 동작구 흑석동 332,HP8,병원,"의료,건강 > 병원 > 치과",,12567951,02-826-2275,보스톤치과,http://place.map.kakao.com/12567951,서울 동작구 서달로 150,126.961989447995,37.5066926495996,10107993115,31.709748681497476
서울 동작구 흑석동 183-1,HP8,병원,"의료,건강 > 병원 > 정형외과",,2096264434,02-825-7582,흑석메트로정형외과의원,http://place.map.kakao.com/2096264434,서울 동작구 흑석로 110,126.96142095772622,37.50811064707888,2288832802,21.08936499739595
서울 동작구 흑석동 341,HP8,병원,"의료,건강 > 병원 > 일반의원",,1458148828,02-811-1655,하나의원,http://place.map.kakao.com/1458148828,서울 동작구 현충로 52,126.96095426719157,37.50947551589761,10232790156,26.778840046447716
서울 동작구 흑석동 182-5,HP8,병원,"의료,건강 > 병원 > 치과",,77693179,02-815-3537,서진뷰티치과의원,http://place.map.kakao.com/77693179,서울 동작구 흑석로 112,126.961636848044,37.5083729097845,2829530659,28.11294259971472
서울 동작구 흑석동 336,HP8,병원,"의료,건강 > 병원 > 일반의원",,2121494395,02-814-9119,다시봄의원,http://place.map.kakao.com/2121494395,서울 동작구 흑석한강로 27,126.96561856757039,37.50477191752062,3888649139,114.86526682500882
서울 동작구 흑석동 97-1,HP8,병원,"의료,건강 > 병원 > 내과",,12148991,0503-7153-3422,중앙내과의원,http://place.map.kakao.com/12148991,서울 동작구 서달로 166,126.9628812741325,37.50776422810953,4612938749,22.007368611092293
서울 동작구 흑석동 97-1,HP8,병원,"의료,건강 > 병원 > 내과",,9887123,02-812-7811,오연상내과의원,http://place.map.kakao.com/9887123,서울 동작구 서달로 166,126.96290846837671,37.507663324103305,4612938749,32.02477720038312
서울 동작구 흑석동 43-96,HP8,병원,"의료,건강 > 병원 > 일반의원",,16326727,02-813-3640,우리들의원,http://place.map.kakao.com/16326727,서울 동작구 현충로 114,126.96596813779502,37.50704074980019,10239817426,26.38808067250259
서울 동작구 흑석동 335-1,HP8,병원,"가정,생활 > 반려동물 > 동물병원",,17059006,02-813-4567,나무동물병원,http://place.map.kakao.com/17059006,서울 동작구 흑석한강로 2,126.966518001652,37.5066003154704,4611290238,16.870900084061947
서울 동작구 흑석동 97-1,HP8,병원,"의료,건강 > 병원 > 치과",,571988837,02-813-9028,서울고치과의원,http://place.map.kakao.com/571988837,서울 동작구 서달로 166,126.962889197022,37.5077525175423,4612938749,23.405414232994733
서울 동작구 흑석동 335-1,HP8,병원,"의료,건강 > 병원 > 치과",,17474493,02-814-2875,김과연치과의원,http://place.map.kakao.com/17474493,서울 동작구 흑석한강로 2,126.9665180097,37.5065822953711,4611290238,17.408968231469345
서울 동작구 흑석동 97-1,HP8,병원,"의료,건강 > 병원 > 정형외과",,1036489142,02-827-0940,조태환정형외과한의원,http://place.map.kakao.com/1036489142,서울 동작구 서달로 166,126.96283493163008,37.50770564822696,4612938749,24.548673074658275
서울 동작구 흑석동 336,HP8,병원,"의료,건강 > 병원 > 치과",,18051456,02-816-1616,이튼치과의원,http://place.map.kakao.com/18051456,서울 동작구 흑석한강로 27,126.965790429892,37.5048701770065,3888649139,98.15748942190469
서울 동작구 흑석동 43-4,HP8,병원,"의료,건강 > 병원 > 치과",,17893766,02-814-2754,애플치과의원,http://place.map.kakao.com/17893766,서울 동작구 현충로 118,126.96643985445772,37.506842663654695,4611290238,25.182096855446606
서울 동작구 흑석동 1-3,HP8,병원,"의료,건강 > 병원 > 피부과",,409543979,02-6484-8200,더힐피부과의원,http://place.map.kakao.com/409543979,서울 동작구 현충로 75,126.96385976976244,37.50975935602644,6964093585,58.48624413520409
서울 동작구 흑석동 1-3,HP8,병원,"의료,건강 > 병원 > 정신건강의학과",,171686971,02-6484-8110,나란히정신건강의학과의원,http://place.map.kakao.com/171686971,서울 동작구 현충로 75,126.96403056161046,37.50975039811892,6964093585,72.68325689758754
서울 동작구 흑석동 1-3,HP8,병원,"의료,건강 > 병원 > 정형외과",,759566496,02-6484-8100,올본신경외과의원,http://place.map.kakao.com/759566496,서울 동작구 현충로 75,126.96385185202526,37.50976025461524,6964093585,57.85725000101423
서울 동작구 흑석동 1-3,HP8,병원,"의료,건강 > 병원 > 치과",,1369058186,02-6278-2828,연세와이즈치과의원,http://place.map.kakao.com/1369058186,서울 동작구 현충로 75,126.96364831667863,37.509652071601984,6964093585,37.30471219686466
서울 동작구 흑석동 1-3,HP8,병원,"의료,건강 > 병원 > 산부인과",,8617849,02-815-2778,혜윤산부인과의원,http://place.map.kakao.com/8617849,서울 동작구 현충로 75,126.96385185202526,37.50976025461524,6964093585,57.85725000101423
서울 동작구 흑석동 26-220,HP8,병원,"의료,건강 > 병원 > 치과",,16043592,02-826-0026,김준수치과의원,http://place.map.kakao.com/16043592,서울 동작구 현충로 131,126.96816461950995,37.50686386419544,5578058300,63.54584445416907
서울 동작구 상도1동 391,PM9,약국,"의료,건강 > 약국",,926265318,02-812-1322,상도온누리약국,http://place.map.kakao.com/926265318,서울 동작구 상도로 297,126.949597311498,37.5013504559267,13597214695,17.669193888734046
서울 동작구 상도1동 263-1,PM9,약국,"의료,건강 > 약국",,8868060,02-825-2600,대광약국,http://place.map.kakao.com/8868060,서울 동작구 상도로45길 6,126.95081712229525,37.50030940724707,2825706577,8.003617333048235
서울 동작구 상도동 463-6,PM9,약국,"의료,건강 > 약국",,856343326,02-3280-4222,늘봄약국,http://place.map.kakao.com/856343326,서울 동작구 상도로 327,126.951554122018,37.499096957588,11413637598,25.77320859902444
서울 동작구 상도1동 666-1,PM9,약국,"의료,건강 > 약국",,1809739147,02-3280-5293,오렌지약국,http://place.map.kakao.com/1809739147,서울 동작구 양녕로 268,126.948846053592,37.5034909224537,2825706550,27.873977177653618
서울 동작구 상도1동 621,PM9,약국,"의료,건강 > 약국",,16269205,02-816-3869,해뜨는온누리약국,http://place.map.kakao.com/16269205,서울 동작구 양녕로 281,126.94947863247259,37.50460754039795,1831853297,29.211977952227663
서울 동작구 상도동 420,PM9,약국,"의료,건강 > 약국",,13509239,02-826-8501,오아시스약국,http://place.map.kakao.com/13509239,서울 동작구 양녕로 287,126.94951333078214,37.50514455438493,14136808385,23.133438221036236
서울 동작구 상도1동 666-2,PM9,약국,"의료,건강 > 약국",,21057224,02-821-0007,더블유약국,http://place.map.kakao.com/21057224,서울 동작구 양녕로 264,126.948560054694,37.5032997850915,10712384713,23.03920143427727
서울 동작구 노량진동 197,PM9,약국,"의료,건강 > 약국",,505278805,02-825-4532,새중앙약국,http://place.map.kakao.com/505278805,서울 동작구 노량진로 202,126.948233440895,37.5127944309823,6451784335,19.097643906574444
서울 동작구 본동 163-8,PM9,약국,"의료,건강 > 약국",,11854076,02-817-1918,금강약국,http://place.map.kakao.com/11854076,서울 동작구 매봉로 178,126.952186974508,37.5122032367751,4613274881,23.152392016152607
서울 동작구 본동 160,PM9,약국,"의료,건강 > 약국",,8253747,02-812-0645,노량진종로약국,http://place.map.kakao.com/8253747,서울 동작구 매봉로 182,126.95239949393702,37.51239793950804,8757685953,28.23023952924728
서울 동작구 본동 48-46,PM9,약국,"의료,건강 > 약국",,8462838,02-814-2605,용강약국,http://place.map.kakao.com/8462838,서울 동작구 노량진로26길 13,126.95433747584003,37.5116815052329,4613249924,10.806107533015796
서울 동작구 흑석동 183-5,PM9,약국,"의료,건강 > 약국",,14828789,0503-7150-3917,천사약국,http://place.map.kakao.com/14828789,서울 동작구 흑석로 105,126.96093919839129,37.508005972186524,5106672539,13.756275842604426
서울 동작구 흑석동 86-117,PM9,약국,"의료,건강 > 약국",,11185665,02-816-7711,우정약국,http://place.map.kakao.com/11185665,서울 동작구 서달로 144,126.96132918097015,37.506236526720485,10107993115,70.21177080551837
서울 동작구 흑석동 183-22,PM9,약국,"의료,건강 > 약국",,16482676,02-815-6842,대학약국,http://place.map.kakao.com/16482676,서울 동작구 흑석로 106,126.96136446717877,37.507993497986334,4613243607,8.833770955792467
서울 동작구 흑석동 183-21,PM9,약국,"의료,건강 > 약국",,1567301580,02-825-1122,CA정문약국,http://place.map.kakao.com/1567301580,서울 동작구 흑석로 108,126.96132485603385,37.50804304029038,4613243607,10.678405781412742
서울 동작구 흑석동 184-28,PM9,약국,"의료,건강 > 약국",,1934836138,02-3280-3215,정다운메디칼우리약국,http://place.map.kakao.com/1934836138,서울 동작구 흑석로 101-1,126.96067465438992,37.507788742246966,5106672540,19.87280256490203
서울 동작구 흑석동 183-7,PM9,약국,"의료,건강 > 약국",,10612837,02-822-0443,신중앙약국,http://place.map.kakao.com/10612837,서울 동작구 흑석로 103,126.96081261966,37.5078239272873,5106672539,11.412539536634968
서울 동작구 흑석동 184-27,PM9,약국,"의료,건강 > 약국",,1638610475,02-827-0308,바름약국,http://place.map.kakao.com/1638610475,서울 동작구 흑석로 101,126.96059099302549,37.50772474301846,5106672540,9.864578116122075
서울 동작구 흑석동 225-17,PM9,약국,"의료,건강 > 약국",,22539967,02-813-2558,명수대약국,http://place.map.kakao.com/22539967,서울 동작구 서달로 151,126.961518838582,37.506915946477,10107993115,17.283655641697766
서울 동작구 흑석동 102-27,PM9,약국,"의료,건강 > 약국",,8296167,02-822-2338,중앙명성약국,http://place.map.kakao.com/8296167,서울 동작구 흑석로 106-7,126.961495763207,37.5078025278257,7775271106,13.643232392724695
서울 동작구 흑석동 100-9,PM9,약국,"의료,건강 > 약국",,13511641,02-812-0993,신세명약국,http://place.map.kakao.com/13511641,서울 동작구 서달로 163,126.962405074695,37.5078496729822,4613243605,17.81666362577645
서울 동작구 흑석동 332,PM9,약국,"의료,건강 > 약국",,7893754,02-825-1688,보생당약국,http://place.map.kakao.com/7893754,서울 동작구 서달로 150,126.96199166704865,37.5067773447878,10107993115,29.310885296288756
서울 동작구 흑석동 340,PM9,약국,"의료,건강 > 약국",,9103671,02-813-7442,상산약국,http://place.map.kakao.com/9103671,서울 동작구 서달로 123,126.96051257142648,37.50415493437864,12864823352,57.60956601544723
서울 동작구 흑석동 100-46,PM9,약국,"의료,건강 > 약국",,122735458,02-826-2223,소망메디컬약국,http://place.map.kakao.com/122735458,서울 동작구 서달로 157,126.96176052381303,37.507599887729846,4613243609,14.25613285969709
서울 동작구 흑석동 332,PM9,약국,"의료,건강 > 약국",,1367686256,02-741-0705,새사랑약국,http://place.map.kakao.com/1367686256,서울 동작구 서달로 150,126.96195098083788,37.506718766361764,10107993115,27.44312926977609
서울 동작구 흑석동 97-1,PM9,약국,"의료,건강 > 약국",,1990256862,02-812-1029,예쁜약국,http://place.map.kakao.com/1990256862,서울 동작구 서달로 166,126.96287786636955,37.50779396019992,4612938749,19.690864736729882
서울 동작구 흑석동 336,PM9,약국,"의료,건강 > 약국",,18772109,02-825-5558,우리온누리약국,http://place.map.kakao.com/18772109,서울 동작구 흑석한강로 27,126.965586954644,37.5046538766199,3888649139,127.68834198252372
서울 동작구 흑석동 1-3,PM9,약국,"의료,건강 > 약국",,1001074862,02-6484-8248,2층은약국,http://place.map.kakao.com/1001074862,서울 동작구 현충로 75,126.96385976976244,37.50975935602644,6964093585,58.48624413520409
서울 동작구 상도1동 325-15,CS2,편의점,"가정,생활 > 편의점 > GS25",,2127969117,080-999-5425,GS25 상도금성점,http://place.map.kakao.com/2127969117,서울 동작구 상도로47길 84,126.95193274578435,37.5029714375641,4621475854,5.3591240104823825
서울 동작구 상도동 467-1,CS2,편의점,"가정,생활 > 편의점 > CU",,603712430,1577-8007,CU 동작상도1호점,http://place.map.kakao.com/603712430,서울 동작구 상도로37길 60,126.951965888954,37.4989007063825,2825706548,14.978915292845949
서울 동작구 상도1동 268-1,CS2,편의점,"가정,생활 > 편의점 > GS25",,1390749253,,GS25 상도장안점,http://place.map.kakao.com/1390749253,서울 동작구 상도로37길 48,126.951312835787,37.4997257606781,2825706570,10.89738382265299
서울 동작구 상도1동 800-1,CS2,편의점,"가정,생활 > 편의점 > CU",,14737639,02-812-7731,CU 상도대로점,http://place.map.kakao.com/14737639,서울 동작구 상도로 292-1,126.948733215185,37.5014618088065,4621509675,27.944199707096114
서울 동작구 상도1동 793-1,CS2,편의점,"가정,생활 > 편의점 > GS25",,25757504,,GS25 상도역점,http://place.map.kakao.com/25757504,서울 동작구 상도로 293,126.949352843732,37.5016314651789,2825701319,19.813580219077423
서울 동작구 상도1동 312,CS2,편의점,"가정,생활 > 편의점 > 세븐일레븐",,13056416,02-813-2079,세븐일레븐 상도한마을점,http://place.map.kakao.com/13056416,서울 동작구 상도로47길 30,126.952226120964,37.5004721665394,2825731308,16.171098415820673
서울 동작구 상도1동 441-6,CS2,편의점,"가정,생활 > 편의점 > 세븐일레븐",,19427397,,세븐일레븐 상도한사랑점,http://place.map.kakao.com/19427397,서울 동작구 상도로41길 39,126.951152712556,37.5024863765657,8483442364,13.814887992514993
서울 동작구 상도동 2-24,CS2,편의점,"가정,생활 > 편의점 > GS25",,276791275,,GS25 상도제일점,http://place.map.kakao.com/276791275,서울 동작구 만양로2길 70,126.951009340023,37.5072868733923,2824550219,64.49758243369604
서울 동작구 상도동 420,CS2,편의점,"가정,생활 > 편의점 > GS25",,218382760,080-999-5425,GS25 상도행복드림점,http://place.map.kakao.com/218382760,서울 동작구 양녕로 287,126.949642278692,37.5051193812719,1831853312,17.056085536550707
서울 동작구 상도1동 509-1,CS2,편의점,"가정,생활 > 편의점 > GS25",,2070704853,02-826-8335,GS25 상도타운점,http://place.map.kakao.com/2070704853,서울 동작구 매봉로 59,126.95160421587833,37.50733847589177,2824550220,17.339006825143485
서울 동작구 상도1동 636-2,CS2,편의점,"가정,생활 > 편의점 > CU",,1670798094,070-4234-2144,CU 상도터널점,http://place.map.kakao.com/1670798094,서울 동작구 양녕로 280-1,126.9501246432091,37.50426272986782,2829147721,20.88000537203589
서울 동작구 상도1동 481-1,CS2,편의점,"가정,생활 > 편의점 > CU",,17046270,02-3280-8277,CU 동작상도원룸점,http://place.map.kakao.com/17046270,서울 동작구 상도로47길 107,126.951617664035,37.5040254853793,4621482136,16.011646516885765
서울 동작구 노량진동 324,CS2,편의점,"가정,생활 > 편의점 > GS25",,25757142,02-822-0526,GS25 상도건영점,http://place.map.kakao.com/25757142,서울 동작구 만양로 26,126.9483923901109,37.50699923948963,13363593888,17.827177151774613
서울 동작구 상도1동 691,CS2,편의점,"가정,생활 > 편의점 > 세븐일레븐",,1731666807,,세븐일레븐 상도터널점,http://place.map.kakao.com/1731666807,서울 동작구 상도로 265-30,126.94883535058098,37.50425947545827,4621496740,13.142276413804195
서울 동작구 상도1동 497,CS2,편의점,"가정,생활 > 편의점 > 세븐일레븐",,1144614010,,세븐일레븐 중앙대후문점,http://place.map.kakao.com/1144614010,서울 동작구 흑석로 13,126.952197196732,37.5050420553549,4621488491,23.894426547364194
서울 동작구 상도1동 537,CS2,편의점,"가정,생활 > 편의점 > CU",,248251440,,CU 상도하나점,http://place.map.kakao.com/248251440,서울 동작구 매봉로 42,126.95150399227943,37.506664483069336,2824550219,23.838408989141286
서울 동작구 노량진동 141,CS2,편의점,"가정,생활 > 편의점 > GS25",,1200192716,010-7747-8335,GS25 노량진타운점,http://place.map.kakao.com/1200192716,서울 동작구 노량진로 200,126.947916674056,37.5128834911412,6451784335,24.670697655929594
서울 동작구 노량진동 214-8,CS2,편의점,"가정,생활 > 편의점 > CU",,177534824,,CU 노량진우성점,http://place.map.kakao.com/177534824,서울 동작구 만양로8길 6,126.947900635096,37.5082946686111,12056780993,17.028021384507024
서울 동작구 본동 481,CS2,편의점,"가정,생활 > 편의점 > CU",,995050709,,CU 본동신동아점,http://place.map.kakao.com/995050709,서울 동작구 매봉로 134,126.951574898311,37.5089521634668,3119042912,48.2222305644592
서울 동작구 본동 148-2,CS2,편의점,"가정,생활 > 편의점",,936029333,,노들가게,http://place.map.kakao.com/936029333,서울 동작구 매봉로 158,126.95157328768842,37.511445242201994,4613274878,80.09375345002347
서울 동작구 본동 494,CS2,편의점,"가정,생활 > 편의점 > GS25",,17056397,,GS25 노들역점,http://place.map.kakao.com/17056397,서울 동작구 노량진로23가길 23,126.95190690169943,37.51328793200288,8757692551,55.012340962901156
서울 동작구 상도1동 318-3,CS2,편의점,"가정,생활 > 편의점 > CU",,1856801086,02-813-1834,CU 상도래미안점,http://place.map.kakao.com/1856801086,서울 동작구 상도로53길 47,126.95340159598,37.5013592258785,2824550318,27.345002770688634
서울 동작구 흑석동 221,CS2,편의점,"가정,생활 > 편의점 > CU",,26775959,02-812-4262,CU 중앙대2생활관점,http://place.map.kakao.com/26775959,서울 동작구 흑석로 84,126.95652133316356,37.50235062065009,6963042991,132.3290620437651
서울 동작구 흑석동 221,CS2,편의점,"가정,생활 > 편의점 > CU",,1236591990,,CU 중앙대308관점,http://place.map.kakao.com/1236591990,서울 동작구 흑석로 84,126.957014201247,37.5027310254187,6963042991,75.24428822044035
서울 동작구 흑석동 207-26,CS2,편의점,"가정,생활 > 편의점 > CU",,127274965,070-7744-9857,CU 중대청룡점,http://place.map.kakao.com/127274965,서울 동작구 흑석로6길 23,126.956565777947,37.5056708420644,6963043036,14.719839972919134
서울 동작구 상도동 7-88,CS2,편의점,"가정,생활 > 편의점 > CU",,16274346,02-821-8268,CU 중대후문점,http://place.map.kakao.com/16274346,서울 동작구 흑석로 24-1,126.953358812477,37.5048695267012,2829147720,22.7025421108448
서울 동작구 흑석동 221,CS2,편의점,"가정,생활 > 편의점 > 이마트24",,1587421906,02-6916-1500,이마트24 중앙대법학관점,http://place.map.kakao.com/1587421906,서울 동작구 흑석로 84,126.95583347471349,37.504698385853445,6963042921,41.10384549272439
서울 동작구 상도동 7-88,CS2,편의점,"가정,생활 > 편의점 > CU",,240207193,,CU 중대후문2호점,http://place.map.kakao.com/240207193,서울 동작구 흑석로 24-1,126.953353155949,37.5048722274765,2829147720,23.265631121817606
서울 동작구 흑석동 221,CS2,편의점,"가정,생활 > 편의점 > 세븐일레븐",,1413539207,02-811-1205,세븐일레븐 중앙대경영관점,http://place.map.kakao.com/1413539207,서울 동작구 흑석로 84,126.95590751319732,37.50380461614253,6963042920,110.83465940065189
서울 동작구 본동 48,CS2,편의점,"가정,생활 > 편의점 > GS25",,1095679399,,GS25 노들제일점,http://place.map.kakao.com/1095679399,서울 동작구 노량진로 252,126.95462892211259,37.51229339941151,4613249918,18.76027161743179
서울 동작구 본동 48-29,CS2,편의점,"가정,생활 > 편의점 > CU",,19205215,02-822-8335,CU 노들타운점,http://place.map.kakao.com/19205215,서울 동작구 노량진로26길 25,126.95479345874,37.5114149833635,4613270044,14.474374795150835
서울 동작구 본동 475-1,CS2,편의점,"가정,생활 > 편의점 > GS25",,1997058293,,GS25 S9노들역점,http://place.map.kakao.com/1997058293,서울 동작구 노량진로 지하 238,126.95382668462717,37.512781432777814,4627760504,23.823055053811856
서울 동작구 흑석동 198-17,CS2,편의점,"가정,생활 > 편의점 > 로그인",,252119357,,로그인 흑석중앙점,http://place.map.kakao.com/252119357,서울 동작구 흑석로5길 55,126.956767538114,37.5088208293859,2829530610,14.28090626093495
서울 동작구 흑석동 253-89,CS2,편의점,"가정,생활 > 편의점 > GS25",,1727752699,,GS25 흑석자이점,http://place.map.kakao.com/1727752699,서울 동작구 서달로 90,126.96151979280816,37.50285331376656,13816446695,73.09937792157997
서울 동작구 흑석동 339,CS2,편의점,"가정,생활 > 편의점 > CU",,1857909496,02-822-1233,CU 흑석센트레빌점,http://place.map.kakao.com/1857909496,서울 동작구 서달로 91,126.96013135953885,37.50217619806937,13816446695,90.47043209134611
서울 동작구 흑석동 183-5,CS2,편의점,"가정,생활 > 편의점 > GS25",,12297019,,GS25 중대점,http://place.map.kakao.com/12297019,서울 동작구 흑석로 105,126.96092340360921,37.50793028255488,5106672539,9.178174048143351
서울 동작구 흑석동 332,CS2,편의점,"가정,생활 > 편의점 > CU",,931054839,,CU 흑석해가든점,http://place.map.kakao.com/931054839,서울 동작구 서달로 150,126.962170453876,37.5066008051823,10107993115,50.565566989760626
서울 동작구 흑석동 340,CS2,편의점,"가정,생활 > 편의점 > GS25",,76521693,02-825-2570,GS25 흑석캐슬점,http://place.map.kakao.com/76521693,서울 동작구 서달로 123,126.96058833049752,37.50418379185262,12864823352,56.85318468014461
서울 동작구 흑석동 223-18,CS2,편의점,"가정,생활 > 편의점 > GS25",,1742899704,,GS25 중대학사점,http://place.map.kakao.com/1742899704,서울 동작구 흑석로 88,126.95939696888196,37.50712426934541,4613243823,16.476390921194078
서울 동작구 흑석동 224-1,CS2,편의점,"가정,생활 > 편의점 > 세븐일레븐",,15224781,,세븐일레븐 중앙대병원점,http://place.map.kakao.com/15224781,서울 동작구 흑석로 102,126.960862788808,37.5070490796771,4613243679,68.9073943221877
서울 동작구 흑석동 190-35,CS2,편의점,"가정,생활 > 편의점 > CU",,1436391145,,CU 중대동양점,http://place.map.kakao.com/1436391145,서울 동작구 흑석로9길 7,126.959722459689,37.5075676752104,8323580239,10.73974120961329
서울 동작구 흑석동 195-35,CS2,편의점,"가정,생활 > 편의점 > 세븐일레븐",,14605138,,세븐일레븐 중앙대점,http://place.map.kakao.com/14605138,서울 동작구 흑석로 83,126.958731923019,37.5071528710367,4613247240,30.393175840003938
서울 동작구 흑석동 341,CS2,편의점,"가정,생활 > 편의점 > 세븐일레븐",,1170608591,,세븐일레븐 동작리버하임점,http://place.map.kakao.com/1170608591,서울 동작구 현충로 52,126.96020969064172,37.510140208801076,5819694071,30.39128021153197
서울 동작구 흑석동 336,CS2,편의점,"가정,생활 > 편의점 > GS25",,19237526,,GS25 흑석푸르지오점,http://place.map.kakao.com/19237526,서울 동작구 흑석한강로 27,126.965767854933,37.5047728618893,3888649139,108.81323755538038
서울 동작구 흑석동 336,CS2,편의점,"가정,생활 > 편의점 > GS25",,2056304461,080-999-5425,GS25 흑석한강점,http://place.map.kakao.com/2056304461,서울 동작구 흑석한강로 27,126.96485927838305,37.5032327767517,4611303880,41.17381876028116
서울 동작구 흑석동 52-1,CS2,편의점,"가정,생활 > 편의점 > GS25",,1543535620,,GS25 흑석중대점,http://place.map.kakao.com/1543535620,서울 동작구 서달로14가길 1,126.9632453772996,37.507933730886045,3888649121,17.66119601464553
서울 동작구 흑석동 43-94,CS2,편의점,"가정,생활 > 편의점 > CU",,16045471,02-827-0075,CU 흑석명수대점,http://place.map.kakao.com/16045471,서울 동작구 현충로 114-1,126.96625318847995,37.506956137108006,4611290237,24.765266909545595
서울 동작구 흑석동 10,CS2,편의점,"가정,생활 > 편의점 > CU",,19204721,02-826-8777,CU 흑석현대점,http://place.map.kakao.com/19204721,서울 동작구 현충로 111,126.965933896968,37.5077246026915,8482522487,42.27786119624707
서울 동작구 흑석동 4,CS2,편의점,"가정,생활 > 편의점 > GS25",,637195981,,GS25 S9흑석역점,http://place.map.kakao.com/637195981,서울 동작구 현충로 지하 90,126.963472124453,37.5091384446025,13392265479,53.19441484769718
서울 동작구 노량진동 324,MT1,대형마트,"가정,생활 > 슈퍼마켓 > 대형슈퍼 > 홈플러스익스프레스",,25626504,02-816-8545,홈플러스익스프레스 상도2점,http://place.map.kakao.com/25626504,서울 동작구 만양로 26,126.94847701333838,37.50729300404007,436839951,34.70939620363526
서울 동작구 흑석동 97-2,MT1,대형마트,"가정,생활 > 슈퍼마켓 > 대형슈퍼 > 이마트에브리데이",,15198174,,이마트에브리데이 흑석동점,http://place.map.kakao.com/15198174,서울 동작구 서달로 158,126.96233082072824,37.507067577036175,4612845662,32.26305924472587
서울 동작구 흑석동 332,MT1,대형마트,"가정,생활 > 슈퍼마켓 > 대형슈퍼 > 하나로마트",,11975469,02-813-7005,하나로마트 흑석점,http://place.map.kakao.com/11975469,서울 동작구 서달로 150,126.96195769458184,37.506861127319745,10107993115,26.67004772450389
서울 동작구 상도1동 359-4,BK9,은행,"금융,보험 > 금융서비스 > 은행 > 새마을금고",,18956720,02-815-2738,상도새마을금고 본점,http://place.map.kakao.com/18956720,서울 동작구 상도로37길 43,126.95119608243894,37.5001428782961,2825706577,41.288238197643985
서울 동작구 상도동 477-2,BK9,은행,"금융,보험 > 금융서비스 > 은행 > ATM",,257799756,,상도새마을금고 본점 점외365ATM,http://place.map.kakao.com/257799756,서울 동작구 상도로 337,126.952144912863,37.4983601752945,11413637581,7.133680490135334
서울 동작구 노량진동 324,BK9,은행,"금융,보험 > 금융서비스 > 은행 > ATM",,2026074613,,신한은행 365코너 건영아파트,http://place.map.kakao.com/2026074613,서울 동작구 만양로 26,126.94832004639889,37.506940642538595,13363593888,16.504074994809724
서울 동작구 상도1동 635,BK9,은행,"금융,보험 > 금융서비스 > 은행 > ATM",,1037101896,,CU 상도터널점 ATM,http://place.map.kakao.com/1037101896,서울 동작구 양녕로 280-1,126.95012351224932,37.50426272938326,2829147721,20.955770990371708
서울 동작구 상도1동 481-1,BK9,은행,"금융,보험 > 금융서비스 > 은행 > ATM",,1087234762,,CU ATM 동작상도원룸점,http://place.map.kakao.com/1087234762,서울 동작구 상도로47길 107,126.951617671012,37.5040146733171,4621482136,16.99678277946055
서울 동작구 본동 160,BK9,은행,"금융,보험 > 금융서비스 > 은행 > ATM",,1732879364,,우리은행 ATM,http://place.map.kakao.com/1732879364,서울 동작구 매봉로 182,126.952398362854,37.5123979390522,8757685953,28.138622493520742
서울 동작구 본동 160,BK9,은행,"금융,보험 > 금융서비스 > 은행 > ATM",,1732699489,,우리은행 365코너 동작구청지점(점외),http://place.map.kakao.com/1732699489,서울 동작구 매봉로 182,126.952398362854,37.5123979390522,8757685953,28.138622493520742
서울 동작구 본동 160,BK9,은행,"금융,보험 > 금융서비스 > 은행 > ATM",,1068933204,,우리은행 365코너 노량진지점(점외),http://place.map.kakao.com/1068933204,서울 동작구 매봉로 182,126.952391576357,37.5123979363171,8757685953,27.590143077067495
서울 동작구 상도동 431,BK9,은행,"금융,보험 > 금융서비스 > 은행 > ATM",,1091662169,,KB국민은행 래미안상도 3차 365자동화점 ATM,http://place.map.kakao.com/1091662169,서울 동작구 상도로53길 8,126.95420197181765,37.49835378262059,11413637479,63.294866165414184
서울 동작구 상도동 430,BK9,은행,"금융,보험 > 금융서비스 > 은행 > ATM",,2034481880,,롯데ATM 세븐일레븐 상도주공,http://place.map.kakao.com/2034481880,서울 동작구 상도로53길 70,126.954102105067,37.5026209081706,2824550321,36.68156125444133
서울 동작구 흑석동 221,BK9,은행,"금융,보험 > 금융서비스 > 은행 > ATM",,647591866,,우리은행 365코너 중앙대학교블루미르지하1층,http://place.map.kakao.com/647591866,서울 동작구 흑석로 84,126.956997163294,37.502859863023,6963042991,62.55527470806052
서울 동작구 상도동 431,BK9,은행,"금융,보험 > 금융서비스 > 은행 > ATM",,1066455259,,우리은행 365코너 숭실대역지점(점외),http://place.map.kakao.com/1066455259,서울 동작구 상도로53길 8,126.954181677795,37.4982528620517,11413637479,62.93977098024189
서울 동작구 흑석동 221,BK9,은행,"금융,보험 > 금융서비스 > 은행 > ATM",,635426100,,하나은행365 중앙대 라운지 1층 ATM,http://place.map.kakao.com/635426100,서울 동작구 흑석로 84,126.95383390779462,37.50472645347912,2829147720,22.38149964187356
서울 동작구 흑석동 221,BK9,은행,"금융,보험 > 금융서비스 > 은행 > ATM",,31978477,,우리은행 365코너 중앙대학교 법학관 지하1층,http://place.map.kakao.com/31978477,서울 동작구 흑석로 84,126.95542858058612,37.50471174885447,6963042920,18.51791008222463
서울 동작구 흑석동 221,BK9,은행,"금융,보험 > 금융서비스 > 은행 > ATM",,26103694,,KB국민은행ATM 중앙대학교 본관,http://place.map.kakao.com/26103694,서울 동작구 흑석로 84,126.956977688891,37.5052637384417,3713303790,32.90305435701764
서울 동작구 흑석동 221,BK9,은행,"금융,보험 > 금융서비스 > 은행 > ATM",,1068015612,,우리은행 365코너 중앙대학교지점(점외),http://place.map.kakao.com/1068015612,서울 동작구 흑석로 84,126.955847035702,37.5047164110297,6963042921,40.8961054099941
서울 동작구 흑석동 221,BK9,은행,"금융,보험 > 금융서비스 > 은행 > ATM",,884651517,,우체국365코너,http://place.map.kakao.com/884651517,서울 동작구 흑석로 84,126.955835824221,37.5045497208493,6963042921,52.954971752054924
서울 동작구 흑석동 221,BK9,은행,"금융,보험 > 금융서비스 > 은행 > ATM",,1642129922,,우리은행 365코너 중앙대학교본관출입문,http://place.map.kakao.com/1642129922,서울 동작구 흑석로 84,126.956932429176,37.5052997621593,3713303790,28.589445995657396
서울 동작구 흑석동 245-1,BK9,은행,"금융,보험 > 금융서비스 > 은행 > ATM",,1925715064,,KB국민은행ATM 흑석센트레빌 2차,http://place.map.kakao.com/1925715064,서울 동작구 서달로 115,126.959756900256,37.5024031245379,13816446695,96.93226227792655
서울 동작구 흑석동 97-2,BK9,은행,"금융,보험 > 금융서비스 > 은행 > KB국민은행",,8213377,1588-9999,KB국민은행 흑석동,http://place.map.kakao.com/8213377,서울 동작구 서달로 158,126.96203775464022,37.507336883703005,2288832804,20.723790123331575
서울 동작구 흑석동 221,BK9,은행,"금융,보험 > 금융서비스 > 은행 > 우리은행",,9346689,02-817-6444,우리은행 중앙대학교지점,http://place.map.kakao.com/9346689,서울 동작구 흑석로 84,126.95892468634995,37.506253735185815,2890319157,31.316096531225888
서울 동작구 흑석동 332,BK9,은행,"금융,보험 > 금융서비스 > 은행 > NH농협은행",,18705243,02-817-1531,NH농협은행 흑석동지점,http://place.map.kakao.com/18705243,서울 동작구 서달로 150,126.96218401264258,37.50662693867051,4612845662,49.09946089376796
서울 동작구 흑석동 224-1,BK9,은행,"금융,보험 > 금융서비스 > 은행 > 우리은행",,12372790,02-822-1034,우리은행 중앙대병원 출장소,http://place.map.kakao.com/12372790,서울 동작구 흑석로 102,126.96095096897143,37.507122090257,4613243679,65.28191698350092
서울 동작구 흑석동 224-1,BK9,은행,"금융,보험 > 금융서비스 > 은행 > ATM",,534183697,,신한은행 365코너 중앙대학병원,http://place.map.kakao.com/534183697,서울 동작구 흑석로 102,126.960763222882,37.5071211270459,4613243679,58.33988899062328
서울 동작구 흑석동 224-1,BK9,은행,"금융,보험 > 금융서비스 > 은행 > ATM",,1016926216,,KB국민은행ATM 중앙대학교 흑석동병원 1층로비,http://place.map.kakao.com/1016926216,서울 동작구 흑석로 102,126.960862788808,37.5070490796771,4613243679,68.9073943221877
서울 동작구 흑석동 190-35,BK9,은행,"금융,보험 > 금융서비스 > 은행 > ATM",,1010655565,,CU 중대동양점 ATM,http://place.map.kakao.com/1010655565,서울 동작구 흑석로9길 7,126.959736016324,37.5075965119891,2829530629,11.756289682257714
서울 동작구 흑석동 221,BK9,은행,"금융,보험 > 금융서비스 > 은행 > ATM",,1068093937,,우리은행 365코너 중앙대학교지점,http://place.map.kakao.com/1068093937,서울 동작구 흑석로 84,126.958942715579,37.5063753771491,2890319157,39.37803069415411
서울 동작구 흑석동 221,BK9,은행,"금융,보험 > 금융서비스 > 은행 > ATM",,2027535125,,우리은행 ATM,http://place.map.kakao.com/2027535125,서울 동작구 흑석로 84,126.95895370089914,37.50696824227959,4613247240,26.403933372964207
서울 동작구 흑석동 224-1,BK9,은행,"금융,보험 > 금융서비스 > 은행 > ATM",,483259814,,우리은행 스마트키오스크 ATM,http://place.map.kakao.com/483259814,서울 동작구 흑석로 102,126.960850068756,37.5075833713986,3119042928,20.976005975118042
서울 동작구 흑석동 97-2,BK9,은행,"금융,보험 > 금융서비스 > 은행 > ATM",,25648709,,KB국민은행 흑석동 365자동화점 ATM,http://place.map.kakao.com/25648709,서울 동작구 서달로 158,126.96213383513631,37.507445936139966,2288832804,27.331035240758023
서울 동작구 흑석동 224-1,BK9,은행,"금융,보험 > 금융서비스 > 은행 > ATM",,1264555851,,하나은행365 중앙대학교병원 1층 ATM,http://place.map.kakao.com/1264555851,서울 동작구 흑석로 102,126.96042223162121,37.50603800519553,10232790207,64.5865786580226
서울 동작구 흑석동 224-1,BK9,은행,"금융,보험 > 금융서비스 > 은행 > ATM",,18385897,,하나은행365 중앙대학교병원 1층,http://place.map.kakao.com/18385897,서울 동작구 흑석로 102,126.960975915301,37.5069986608241,10107993115,64.21907566167145
서울 동작구 흑석동 224-1,BK9,은행,"금융,보험 > 금융서비스 > 은행 > ATM",,1068862803,,우리은행 365코너 중앙대병원(출)(점외),http://place.map.kakao.com/1068862803,서울 동작구 흑석로 102,126.960884398672,37.5068175285471,10107993115,68.8285222819615
서울 동작구 흑석동 224-1,BK9,은행,"금융,보험 > 금융서비스 > 은행 > ATM",,1068790211,,우리은행 365코너 중앙대병원(출)(점외),http://place.map.kakao.com/1068790211,서울 동작구 흑석로 102,126.960782618208,37.5067994746994,4613243821,60.359256005146364
서울 동작구 흑석동 224-1,BK9,은행,"금융,보험 > 금융서비스 > 은행 > ATM",,1069162574,,우리은행 365코너 중앙대병원(출),http://place.map.kakao.com/1069162574,서울 동작구 흑석로 102,126.960793904633,37.5068445286974,4613243821,61.616154535377525
서울 동작구 흑석동 182-5,BK9,은행,"금융,보험 > 금융서비스 > 은행 > 새마을금고",,10516969,02-812-3622,서달로새마을금고 본점,http://place.map.kakao.com/10516969,서울 동작구 흑석로 112,126.96162667161092,37.50836750045027,2829530659,28.105010831125753
서울 동작구 흑석동 101-3,BK9,은행,"금융,보험 > 금융서비스 > 은행 > ATM",,1927552214,,우체국365코너,http://place.map.kakao.com/1927552214,서울 동작구 서달로15길 13,126.962450053506,37.5083722700861,4613243610,26.499589735160455
서울 동작구 흑석동 335-1,BK9,은행,"금융,보험 > 금융서비스 > 은행 > 하나은행",,14861052,02-864-1111,하나은행 흑석뉴타운지점,http://place.map.kakao.com/14861052,서울 동작구 흑석한강로 2,126.96647953773108,37.50662282968161,4611290238,13.12700067021276
서울 동작구 흑석동 50-2,BK9,은행,"금융,보험 > 금융서비스 > 은행 > 새마을금고",,8362946,02-815-7494,흑석새마을금고 본점,http://place.map.kakao.com/8362946,서울 동작구 서달로14길 32,126.96459041368635,37.507386330747785,3888649127,26.846746615985904
서울 동작구 흑석동 335-1,BK9,은행,"금융,보험 > 금융서비스 > 은행 > ATM",,1440530362,,하나은행365 흑석뉴타운 ATM,http://place.map.kakao.com/1440530362,서울 동작구 흑석한강로 2,126.96652365703261,37.50659941606114,4611290238,17.380718019355125
서울 동작구 흑석동 10,BK9,은행,"금융,보험 > 금융서비스 > 은행 > ATM",,18385656,,하나은행365 구.명수대 ATM,http://place.map.kakao.com/18385656,서울 동작구 현충로 111,126.96605043736822,37.5076228226814,13392271804,31.513427750067446
서울 동작구 흑석동 43-94,BK9,은행,"금융,보험 > 금융서비스 > 은행 > ATM",,1002938411,,CU 흑석명수대점 ATM,http://place.map.kakao.com/1002938411,서울 동작구 현충로 114-1,126.96621133332337,37.50697414523652,4611290226,24.15569346412077
서울 동작구 흑석동 6-5,BK9,은행,"금융,보험 > 금융서비스 > 은행 > ATM",,406653312,,하나은행365 구.흑석동지점 ATM,http://place.map.kakao.com/406653312,서울 동작구 현충로 92,126.96401100915503,37.50807091936416,4612845666,14.378989030887334
서울 동작구 상도1동 702-1,SW8,지하철역,"교통,수송 > 지하철,전철 > 수도권7호선",,21160726,02-6311-7391,상도역 7호선,http://place.map.kakao.com/21160726,서울 동작구 상도로 지하 272,126.947917975554,37.5028706251049,2825706543,18.305469835971653
서울 동작구 본동 475-1,SW8,지하철역,"교통,수송 > 지하철,전철 > 수도권9호선",,10188645,02-2656-0918,노들역 9호선,http://place.map.kakao.com/10188645,서울 동작구 노량진로 지하 238,126.953096069577,37.5126721234205,4627760504,41.952605078609665
서울 동작구 흑석동 4,SW8,지하철역,"교통,수송 > 지하철,전철 > 수도권9호선",,21160782,02-2656-0919,흑석역 9호선,http://place.map.kakao.com/21160782,서울 동작구 현충로 지하 90,126.963463063008,37.5091654719404,13392265479,50.21447749435425
서울 동작구 상도동 159-26,FD6,음식점,음식점 > 치킨 > 교촌치킨,,8194116,02-815-8833,교촌치킨 상도중앙점,http://place.map.kakao.com/8194116,서울 동작구 상도로 306,126.94957526515388,37.500499896955056,4621509678,10.740748054830211
서울 동작구 상도1동 244-1,FD6,음식점,음식점 > 한식,,25044677,02-814-6022,사리원,http://place.map.kakao.com/25044677,서울 동작구 상도로50길 2-15,126.950634670914,37.4991632514128,13281452472,15.295955846072252
서울 동작구 상도1동 243-7,FD6,음식점,"음식점 > 술집 > 호프,요리주점",,1646398380,02-823-0625,사운드온더펍JR,http://place.map.kakao.com/1646398380,서울 동작구 상도로50길 2-9,126.95082932697528,37.49894348708586,13281452478,32.992899796360476
서울 동작구 상도동 469,FD6,음식점,음식점 > 치킨 > 호식이두마리치킨,,17173917,02-824-6004,호식이두마리치킨 상도1호점,http://place.map.kakao.com/17173917,서울 동작구 상도로62길 105,126.951164433557,37.4983813981946,2824550282,16.003826877538614
서울 동작구 상도동 469-1,FD6,음식점,음식점 > 패스트푸드 > 샌드위치,,1320464916,,주문,http://place.map.kakao.com/1320464916,서울 동작구 상도로50길 9,126.951049168192,37.4982534075876,2824550281,11.533373405534633
서울 동작구 상도동 467-2,FD6,음식점,"음식점 > 한식 > 해물,생선 > 회",,273098143,02-821-8988,광어삼촌,http://place.map.kakao.com/273098143,서울 동작구 상도로37길 62,126.95210056257218,37.49874578800169,4621460691,26.745234483470387
서울 동작구 상도동 477-11,FD6,음식점,음식점 > 한식,,16092637,02-815-6007,함지박,http://place.map.kakao.com/16092637,서울 동작구 상도로37길 68-1,126.952616599971,37.4981801641665,4621460690,48.31373000965459
서울 동작구 상도동 477-8,FD6,음식점,"음식점 > 한식 > 육류,고기 > 닭요리",,1008929447,02-3280-5551,불타는꼬꼬발 숭실대점,http://place.map.kakao.com/1008929447,서울 동작구 상도로 339-1,126.952327120577,37.4981440074497,11413637581,35.78877393929674
서울 동작구 상도동 463-4,FD6,음식점,음식점 > 중식 > 중국요리,,8310036,02-814-1199,다성반점,http://place.map.kakao.com/8310036,서울 동작구 상도로37길 54,126.95164336293797,37.499250165207116,2825706548,41.02137234541415
서울 동작구 상도동 465-16,FD6,음식점,"음식점 > 간식 > 제과,베이커리",,1443480854,070-862-8395,멜로드,http://place.map.kakao.com/1443480854,서울 동작구 상도로49길 7,126.95199397232,37.4991953468289,2825706548,18.484837466356712
서울 동작구 상도동 67-6,FD6,음식점,음식점 > 일식,,932802328,02-6012-8066,나비루,http://place.map.kakao.com/932802328,서울 동작구 상도로37길 63,126.95249863580949,37.498738740686456,4621460691,16.91380982502828
서울 동작구 상도동 463-8,FD6,음식점,음식점 > 분식,,106850332,010-5901-1067,진진김밥,http://place.map.kakao.com/106850332,서울 동작구 상도로37길 56,126.951765530919,37.499199758807,2825706548,29.07937953599969
서울 동작구 상도동 477-2,FD6,음식점,음식점 > 치킨 > 가마치통닭,,797828133,02-3280-9732,가마치통닭 숭실대점,http://place.map.kakao.com/797828133,서울 동작구 상도로 337,126.952144912863,37.4983601752945,11413637581,7.133680490135334
서울 동작구 상도동 466-4,FD6,음식점,음식점 > 아시아음식 > 동남아음식 > 태국음식,,1777298494,,따올라이 상도점,http://place.map.kakao.com/1777298494,서울 동작구 상도로49길 8,126.95215806772,37.4990116081304,2825706548,12.748269641087811
서울 동작구 상도동 467-5,FD6,음식점,음식점 > 한식,,2070047148,02-3280-8980,고모밥죠,http://place.map.kakao.com/2070047148,서울 동작구 상도로37길 64,126.95222504685704,37.498607984447496,4621460691,12.636610097117577
서울 동작구 상도동 477-3,FD6,음식점,음식점 > 샐러드,,1705815945,070-4001-7775,샐러데이즈 상도동점,http://place.map.kakao.com/1705815945,서울 동작구 상도로 337-1,126.952232048478,37.4982683079174,11413637581,19.784906236033176
서울 동작구 상도동 467,FD6,음식점,음식점 > 치킨 > 푸라닭치킨,,1885646270,02-823-9206,푸라닭치킨 상도1동점,http://place.map.kakao.com/1885646270,서울 동작구 상도로 331,126.951803089829,37.4988267575724,11413637573,12.16449561937133
서울 동작구 상도동 466-5,FD6,음식점,음식점 > 일식,,2019970265,010-3650-6591,상도타코야끼,http://place.map.kakao.com/2019970265,서울 동작구 상도로37길 59,126.952242940596,37.498922442865,2825706548,23.355655173033778
서울 동작구 상도동 467,FD6,음식점,"음식점 > 일식 > 초밥,롤",,116864886,,회&초밥마켓 상도본점,http://place.map.kakao.com/116864886,서울 동작구 상도로 331,126.951800832706,37.4988195485946,11413637573,12.354914488444804
서울 동작구 상도동 67-1,FD6,음식점,"음식점 > 간식 > 떡,한과",,15589076,02-817-5661,종로떡집,http://place.map.kakao.com/15589076,서울 동작구 상도로37길 65,126.9525123341383,37.498536920793,4621460690,10.593951537832396
서울 동작구 상도동 477-8,FD6,음식점,음식점 > 치킨,,16768694,02-822-3433,한앤둘치킨호프 숭실대점,http://place.map.kakao.com/16768694,서울 동작구 상도로 339-1,126.95232938116791,37.49814581036746,11413637581,35.75127916273285
서울 동작구 상도동 67-1,FD6,음식점,음식점 > 한식,,1206034377,010-7457-8641,이음퓨전식당,http://place.map.kakao.com/1206034377,서울 동작구 상도로37길 65,126.952543984349,37.4985594586611,4621460690,12.388400694768553
서울 동작구 상도동 463,FD6,음식점,"음식점 > 한식 > 해물,생선",,27485970,02-823-6700,상도명태명가 본점,http://place.map.kakao.com/27485970,서울 동작구 상도로 321,126.951227052109,37.4994734435837,2824550259,21.62046435864111
서울 동작구 상도1동 265-1,FD6,음식점,"음식점 > 양식 > 스테이크,립",,2087705304,02-823-6446,프라이밋스테이크하우스,http://place.map.kakao.com/2087705304,서울 동작구 상도로37길 42,126.95102085858109,37.5000427941145,2825706577,40.82240655813431
서울 동작구 상도1동 258-3,FD6,음식점,음식점 > 한식 > 순대,,1904772169,,기절초풍왕순대 상도직영점,http://place.map.kakao.com/1904772169,서울 동작구 상도로 319,126.951076525281,37.4996553845672,2824550259,23.908844729098575
서울 동작구 상도1동 262,FD6,음식점,"음식점 > 한식 > 해물,생선 > 회",,13111922,02-816-5858,속초항회속초물회,http://place.map.kakao.com/13111922,서울 동작구 상도로 313,126.950661160001,37.5001543691788,2825701326,23.346368310267554
서울 동작구 상도동 463-2,FD6,음식점,"음식점 > 한식 > 육류,고기 > 족발,보쌈",,609143343,02-3280-0807,족발천국,http://place.map.kakao.com/609143343,서울 동작구 상도로47길 4,126.951417012667,37.4995176711586,2825706570,20.13161349343469
서울 동작구 상도1동 258,FD6,음식점,음식점 > 한식 > 국밥,,1013070168,02-822-7303,전주할매집 서울상도점,http://place.map.kakao.com/1013070168,서울 동작구 상도로 317-1,126.950956568967,37.4997805746733,2824550259,36.436927601673794
서울 동작구 상도1동 262,FD6,음식점,"음식점 > 일식 > 초밥,롤",,1653045001,02-822-0730,스시투고 상도점,http://place.map.kakao.com/1653045001,서울 동작구 상도로 313,126.950643068596,37.5001498565913,2825701326,21.70291713427697
서울 동작구 상도1동 258-3,FD6,음식점,음식점 > 분식 > 떡볶이 > 동대문엽기떡볶이,,26837279,02-823-8592,동대문엽기떡볶이 숭실대점,http://place.map.kakao.com/26837279,서울 동작구 상도로 319,126.951014334538,37.4996427447171,2824550259,21.23055048479695
서울 동작구 상도1동 356-1,FD6,음식점,"음식점 > 일식 > 돈까스,우동",,859013388,,밀피유플러스356,http://place.map.kakao.com/859013388,서울 동작구 상도로47길 13,126.95154566556408,37.49993308780227,2825730230,20.177587406846143
서울 동작구 상도1동 357-3,FD6,음식점,"음식점 > 한식 > 육류,고기 > 닭요리",,586592052,02-3280-8890,닭터찜바고,http://place.map.kakao.com/586592052,서울 동작구 상도로37길 45,126.951280976472,37.5000248815552,2825706570,38.565272339127475
서울 동작구 상도동 464-32,FD6,음식점,"음식점 > 한식 > 육류,고기 > 갈비",,16934442,02-821-0252,진성참숯불갈비,http://place.map.kakao.com/16934442,서울 동작구 상도로47길 10,126.951575193345,37.4997402846117,2825706570,13.535141086279365
서울 동작구 상도1동 268-2,FD6,음식점,음식점 > 술집 > 실내포장마차,,721180588,,오고또오고,http://place.map.kakao.com/721180588,서울 동작구 상도로47길 3,126.951199786493,37.4996644456181,2825706570,20.82187555981372
서울 동작구 상도동 463-2,FD6,음식점,음식점 > 양식 > 피자 > 피자스톰,,264370865,02-3280-1602,피자스톰 동작점,http://place.map.kakao.com/264370865,서울 동작구 상도로47길 4,126.95143961118275,37.49954741365189,2825706570,16.806964279253663
서울 동작구 상도동 463-2,FD6,음식점,음식점 > 아시아음식 > 동남아음식 > 베트남음식,,1241814274,02-823-2127,베트남쌀국수 리얼하노이 상도점,http://place.map.kakao.com/1241814274,서울 동작구 상도로47길 4,126.95140000787829,37.49958163559783,2825706570,13.28406198622517
서울 동작구 상도1동 266-1,FD6,음식점,"음식점 > 한식 > 육류,고기 > 삼겹살",,64159498,02-825-9233,직구삼 동작직영점,http://place.map.kakao.com/64159498,서울 동작구 상도로37길 44,126.951059384331,37.499927481308,2825706570,41.54879976807379
서울 동작구 상도동 463-2,FD6,음식점,음식점 > 분식,,1280638218,02-3280-2023,강남분식,http://place.map.kakao.com/1280638218,서울 동작구 상도로47길 4,126.95149619059983,37.49949337652214,2825706570,23.499640557068837
서울 동작구 상도1동 356-1,FD6,음식점,음식점 > 양식 > 이탈리안,,1891110511,070-8846-6001,파스타어때 상도점,http://place.map.kakao.com/1891110511,서울 동작구 상도로47길 13,126.95157276630773,37.49999616933122,2825730230,15.63806776633392
서울 동작구 상도1동 377,FD6,음식점,음식점 > 술집 > 실내포장마차,,1591859057,,노가리먹태포차,http://place.map.kakao.com/1591859057,서울 동작구 상도로 311,126.950521922794,37.500361542316,2825701326,27.827656589667992
서울 동작구 상도동 463-2,FD6,음식점,음식점 > 중식,,2121783267,02-823-2127,리얼안심 찹쌀탕수육 동작점,http://place.map.kakao.com/2121783267,서울 동작구 상도로47길 4,126.951417008581,37.4995239781997,2825706570,19.433063902397645
서울 동작구 상도동 463-2,FD6,음식점,"음식점 > 한식 > 육류,고기 > 곱창,막창",,725033620,,도래곱창,http://place.map.kakao.com/725033620,서울 동작구 상도로47길 4,126.951417008581,37.4995239781926,2825706570,19.43306468834749
서울 동작구 상도동 463-2,FD6,음식점,"음식점 > 한식 > 육류,고기 > 곱창,막창",,715804696,,연탄할매,http://place.map.kakao.com/715804696,서울 동작구 상도로47길 4,126.951448668795,37.4995311992577,2825706570,18.653817525652844
서울 동작구 상도동 463-2,FD6,음식점,"음식점 > 한식 > 육류,고기 > 곱창,막창",,1250565750,,외길곱창,http://place.map.kakao.com/1250565750,서울 동작구 상도로47길 4,126.951448668795,37.4995311992577,2825706570,18.653817525652844
서울 동작구 상도1동 266-1,FD6,음식점,"음식점 > 한식 > 찌개,전골",,1898516146,02-825-9233,고기듬뿍김치찜&김치찌개 화산회관 동작점,http://place.map.kakao.com/1898516146,서울 동작구 상도로37길 44,126.951060512874,37.4999310857998,2825706570,41.71600596493976
서울 동작구 상도1동 312,FD6,음식점,"음식점 > 한식 > 육류,고기 > 곱창,막창",,16822821,02-2683-3355,청솔막창,http://place.map.kakao.com/16822821,서울 동작구 상도로47길 30,126.952230669832,37.5004325241161,2825731308,14.51872939463543
서울 동작구 상도동 464-9,FD6,음식점,음식점 > 일식,,111644497,02-3280-6266,작은섬,http://place.map.kakao.com/111644497,서울 동작구 상도로47길 22,126.951948135937,37.5001332755376,2825730230,21.879907123588588
서울 동작구 상도1동 347,FD6,음식점,음식점 > 치킨 > BBQ,,18905239,0503-5258-8036,BBQ 숭실대점,http://place.map.kakao.com/18905239,서울 동작구 상도로47길 21,126.951846225526,37.5003350593859,2825731308,21.16553821538307
서울 동작구 상도1동 355,FD6,음식점,음식점 > 한식 > 죽,,157499780,02-822-6458,도담죽,http://place.map.kakao.com/157499780,서울 동작구 상도로47길 17,126.951692529811,37.500169211531,2825730230,17.482989447019754
서울 동작구 상도동 464-28,FD6,음식점,"음식점 > 한식 > 육류,고기 > 닭요리 > 두찜",,541804244,02-6941-0232,두찜 동작상도점,http://place.map.kakao.com/541804244,서울 동작구 상도로47길 12,126.9516147373539,37.49979796519666,2825706570,19.608363509586383
서울 동작구 상도동 465-1,FD6,음식점,음식점 > 한식,,110992211,02-817-1364,찌개랑,http://place.map.kakao.com/110992211,서울 동작구 상도로37길 55,126.951886432,37.4993610882109,2825706548,38.51525699825081
서울 동작구 상도1동 355-1,FD6,음식점,음식점 > 술집 > 실내포장마차,,471292445,02-823-5589,부엉이포차,http://place.map.kakao.com/471292445,서울 동작구 상도로47길 19,126.9517728189597,37.500176452377055,2825730230,17.739174081066295
서울 동작구 상도1동 355-2,FD6,음식점,"음식점 > 술집 > 호프,요리주점",,1295385026,,천냥노가리,http://place.map.kakao.com/1295385026,서울 동작구 상도로47길 17,126.951710649715,37.5001295746745,2825730230,12.815664108106935
서울 동작구 상도동 464-10,FD6,음식점,음식점 > 분식 > 떡볶이,,1676741804,070-8869-9999,청담곱떡,http://place.map.kakao.com/1676741804,서울 동작구 상도로47길 18,126.95185660436603,37.50002241452883,2825730230,9.66063844885483
서울 동작구 상도동 464-28,FD6,음식점,음식점 > 양식 > 피자,,1208190047,02-6052-1960,호미스피자 상도점,http://place.map.kakao.com/1208190047,서울 동작구 상도로47길 12,126.95163505565003,37.49985653891139,2825730230,20.48407536405061
서울 동작구 상도동 464-10,FD6,음식점,음식점 > 한식,,698752949,,행복푸드,http://place.map.kakao.com/698752949,서울 동작구 상도로47길 18,126.95185659973824,37.50002962257525,2825730230,9.734563542986702
서울 동작구 상도1동 784-1,FD6,음식점,음식점 > 술집 > 실내포장마차,,16853817,,상도실내포장마차,http://place.map.kakao.com/16853817,서울 동작구 상도로 288,126.94847511579289,37.50182570284895,4621478356,35.47817100470467
서울 동작구 상도1동 401-4,FD6,음식점,음식점 > 중식 > 중국요리,,15586842,02-822-8022,북경,http://place.map.kakao.com/15586842,서울 동작구 상도로37길 21,126.94980405321839,37.5016731040335,2825706567,11.24237562408381
서울 동작구 상도1동 389-11,FD6,음식점,음식점 > 한식,,1047497574,,한상도,http://place.map.kakao.com/1047497574,서울 동작구 상도로 296,126.94896745498555,37.501256480902114,4621509675,16.39814718058751
서울 동작구 상도1동 772-1,FD6,음식점,음식점 > 패스트푸드 > 맘스터치,,575025605,02-814-8255,맘스터치 상도역점,http://place.map.kakao.com/575025605,서울 동작구 상도로 283-2,126.948796031587,37.5022159778643,4621478356,31.31074250126628
서울 동작구 상도1동 401-2,FD6,음식점,음식점 > 한식 > 국수,,264362193,02-813-0402,명동국수집,http://place.map.kakao.com/264362193,서울 동작구 상도로41길 12,126.949967985062,37.5017506600739,2825730228,10.603411357010998
서울 동작구 상도1동 367-1,FD6,음식점,음식점 > 양식,,22676681,,탭하우스더슈라인,http://place.map.kakao.com/22676681,서울 동작구 상도로37길 32,126.95024334203882,37.500932663072625,4626863240,12.805527582329633
서울 동작구 상도1동 761,FD6,음식점,음식점 > 양식,,609590733,02-822-0880,라본느,http://place.map.kakao.com/609590733,서울 동작구 상도로37길 4,126.94844040743509,37.50296095484247,2825706543,35.24829340192397
서울 동작구 상도1동 793-1,FD6,음식점,음식점 > 분식,,1821778981,02-813-2647,선김밥 상도본점,http://place.map.kakao.com/1821778981,서울 동작구 상도로 293,126.94936868939361,37.50161255084995,2825701319,18.525056327311994
서울 동작구 상도1동 798-1,FD6,음식점,음식점 > 술집 > 실내포장마차 > 우이락,,1346118718,070-4243-8233,우이락 상도점,http://place.map.kakao.com/1346118718,서울 동작구 상도로 290,126.948608663548,37.5016816001007,4621478356,35.56611247832889
서울 동작구 상도1동 775-1,FD6,음식점,"음식점 > 한식 > 육류,고기 > 삼겹살",,1017900023,02-815-5909,올바른식당 상도점,http://place.map.kakao.com/1017900023,서울 동작구 상도로 279,126.948575284731,37.5025303329528,4621478352,19.854234960292295
서울 동작구 상도1동 755,FD6,음식점,음식점 > 중식 > 양꼬치,,1875894124,070-7543-1892,상도양꼬치,http://place.map.kakao.com/1875894124,서울 동작구 상도로 275,126.94826172631124,37.502950064645,2825706543,22.38857740547846
서울 동작구 상도1동 401-2,FD6,음식점,"음식점 > 술집 > 호프,요리주점",,16498538,02-815-3404,토마토호프,http://place.map.kakao.com/16498538,서울 동작구 상도로41길 12,126.949927283897,37.5017326227133,2825730228,12.296148493727262
서울 동작구 상도1동 400-2,FD6,음식점,"음식점 > 한식 > 육류,고기 > 삼겹살",,981849616,,다락,http://place.map.kakao.com/981849616,서울 동작구 상도로41길 6,126.94955759669088,37.50154775924806,2825706567,20.2689939386932
서울 동작구 상도1동 390,FD6,음식점,"음식점 > 한식 > 해물,생선 > 회",,2043989361,02-823-3988,딱좋아회,http://place.map.kakao.com/2043989361,서울 동작구 상도로 295,126.94949655922241,37.501499979861606,2825701319,20.59439665520473
서울 동작구 상도동 159-9,FD6,음식점,음식점 > 양식 > 피자 > 도미노피자,,21656876,02-825-3192,도미노피자 상도점,http://place.map.kakao.com/21656876,서울 동작구 상도로 302,126.94936589107036,37.50073226693062,10154131882,14.746202623745283
서울 동작구 상도1동 391,FD6,음식점,음식점 > 양식 > 피자 > 파파존스,,18988791,02-826-8052,파파존스 상도점,http://place.map.kakao.com/18988791,서울 동작구 상도로 297,126.949597311498,37.5013504559267,13597214695,17.669193888734046
서울 동작구 상도1동 389-1,FD6,음식점,"음식점 > 한식 > 육류,고기 > 족발,보쌈",,665483412,02-814-2151,족발슈퍼 서울상도점,http://place.map.kakao.com/665483412,서울 동작구 상도로 296-1,126.94902403931142,37.501199741957564,4621509675,20.773695331171307
서울 동작구 상도1동 792,FD6,음식점,"음식점 > 술집 > 호프,요리주점",,1829699862,02-6368-1079,호랑이술상,http://place.map.kakao.com/1829699862,서울 동작구 상도로41길 7,126.94949869544334,37.50168648897355,2825706567,16.281726383695982
서울 동작구 상도1동 783-2,FD6,음식점,"음식점 > 한식 > 육류,고기 > 뭉텅",,1847229432,,뭉텅 상도점,http://place.map.kakao.com/1847229432,서울 동작구 상도로 286,126.948357447644,37.5019013359428,4621478356,43.83265241389545
서울 동작구 상도1동 389-19,FD6,음식점,음식점 > 분식,,20541876,02-817-7049,조안찐빵만두 상도점,http://place.map.kakao.com/20541876,서울 동작구 상도로 298,126.949095331537,37.5011339992797,13597214694,19.736676317495384
서울 동작구 상도1동 773-2,FD6,음식점,음식점 > 치킨,,1448190534,02-824-8090,오부장치킨 상도역점,http://place.map.kakao.com/1448190534,서울 동작구 상도로 283,126.948683998684,37.5023195448968,4621478352,36.58359480089718
서울 동작구 상도1동 790-2,FD6,음식점,음식점 > 중식 > 중국요리,,16614738,,중국성,http://place.map.kakao.com/16614738,서울 동작구 상도로 291,126.94924195132246,37.50172332017238,2825701319,28.60430221531467
서울 동작구 상도1동 783-2,FD6,음식점,음식점 > 중식 > 중국요리 > 라화쿵부,,486521067,02-3280-3666,라화쿵부 상도역점,http://place.map.kakao.com/486521067,서울 동작구 상도로 286,126.948334837226,37.5018896129886,4621478356,45.95562285648376
서울 동작구 상도1동 395-1,FD6,음식점,음식점 > 술집 > 실내포장마차,,541487008,010-5113-7194,홀로포차,http://place.map.kakao.com/541487008,서울 동작구 상도로37길 30,126.95012789095423,37.501080379353404,4626863240,11.613448251121333
서울 동작구 상도1동 784-1,FD6,음식점,음식점 > 분식 > 떡볶이,,1299915304,010-7904-1522,또와떡볶이,http://place.map.kakao.com/1299915304,서울 동작구 상도로 288,126.94850340248922,37.50180589304967,4621478356,34.02859246820188
서울 동작구 상도1동 428-5,FD6,음식점,"음식점 > 간식 > 제과,베이커리",,27389248,02-823-4628,우리동네식빵해적단,http://place.map.kakao.com/27389248,서울 동작구 상도로47가길 48,126.95021218289,37.5018733000301,2825730232,12.164433909007135
서울 동작구 상도1동 401-2,FD6,음식점,음식점 > 분식,,23972229,,송탄부대찌개와 즉석떡볶이,http://place.map.kakao.com/23972229,서울 동작구 상도로41길 12,126.949927283897,37.5017326227133,2825730228,12.296148493727262
서울 동작구 상도1동 398-1,FD6,음식점,음식점 > 분식 > 삼첩분식,,1143051957,02-811-7773,삼첩분식 숭실대점,http://place.map.kakao.com/1143051957,서울 동작구 상도로37길 26,126.949821234101,37.501348749236,13597214695,34.53412956277384
서울 동작구 상도1동 369,FD6,음식점,음식점 > 치킨 > 노랑통닭,,307422369,02-3280-3419,노랑통닭 상도점,http://place.map.kakao.com/307422369,서울 동작구 상도로 305,126.950168854077,37.5007037761735,4621469141,32.79851097099915
서울 동작구 상도1동 800-1,FD6,음식점,음식점 > 술집 > 실내포장마차 > 79대포,,1395971542,02-6014-7079,79대포 서울상도역점,http://place.map.kakao.com/1395971542,서울 동작구 상도로 292-1,126.948733213953,37.5014636108176,4621509675,28.141010662646785
서울 동작구 상도1동 804-1,FD6,음식점,음식점 > 한식,,828943221,1600-1613,한식세끼,http://place.map.kakao.com/828943221,서울 동작구 상도로38길 3-20,126.948408564903,37.5015733921871,13255700967,36.35609595406913
서울 동작구 상도1동 752,FD6,음식점,음식점 > 술집 > 칵테일바,,1731412129,,언더독스,http://place.map.kakao.com/1731412129,서울 동작구 상도로 277-1,126.948457571601,37.502669937524,4621478352,19.519481976790267
서울 동작구 상도1동 389-12,FD6,음식점,음식점 > 한식,,27275374,02-814-2151,사계절회무침보물쌈 상도동점,http://place.map.kakao.com/27275374,서울 동작구 상도로 296-2,126.948927917156,37.5011915913944,4621509675,12.465820021095157
서울 동작구 상도동 159-25,FD6,음식점,음식점 > 한식,,21238601,02-824-3751,노다지,http://place.map.kakao.com/21238601,서울 동작구 상도로 304,126.94950283212596,37.50058185755641,4621509678,20.385523180026208
서울 동작구 상도1동 792,FD6,음식점,음식점 > 일식,,1796967124,02-3280-7700,상도덮밥,http://place.map.kakao.com/1796967124,서울 동작구 상도로41길 7,126.949538275867,37.501689208905,2825706567,12.769342164403934
서울 동작구 상도1동 402-4,FD6,음식점,음식점 > 양식 > 피자,,523999955,070-8691-1740,피자다오 동작점,http://place.map.kakao.com/523999955,서울 동작구 상도로37길 23,126.949917225361,37.5015533182982,2825706567,26.50239225891351
서울 동작구 상도1동 400-2,FD6,음식점,음식점 > 일식,,1300770485,,타마타마하이볼 상도점,http://place.map.kakao.com/1300770485,서울 동작구 상도로41길 6,126.949585867852,37.5015504743269,2825706567,18.76046147101424
서울 동작구 상도1동 793-1,FD6,음식점,"음식점 > 한식 > 해물,생선 > 조개",,1280657200,070-8691-3414,상도 생골뱅이,http://place.map.kakao.com/1280657200,서울 동작구 상도로 293,126.949349449145,37.5016341667408,2825701319,19.980337385801487
서울 동작구 상도1동 780-2,FD6,음식점,음식점 > 술집 > 실내포장마차,,231159704,,상도실내포차물회 2호점,http://place.map.kakao.com/231159704,서울 동작구 상도로 284,126.948280470204,37.5020094229607,4621509674,43.60546024016513
서울 동작구 상도1동 783-2,FD6,음식점,음식점,,371752217,,양꼬치&마라탕,http://place.map.kakao.com/371752217,서울 동작구 상도로 286,126.948357447644,37.5019013359428,4621478356,43.83265241389545
서울 동작구 상도1동 777-1,FD6,음식점,음식점 > 술집,,14104603,02-815-3915,소달구지,http://place.map.kakao.com/14104603,서울 동작구 상도로 282,126.948108452215,37.5021787365964,4621509674,20.367066531307408
서울 동작구 상도1동 450-2,FD6,음식점,음식점 > 분식 > 떡볶이,,1671972109,02-816-4529,은희네온집닭떡볶이,http://place.map.kakao.com/1671972109,서울 동작구 상도로41길 35,126.950940127752,37.5024394361753,4621475850,13.897622073759653
서울 동작구 상도1동 366-4,FD6,음식점,음식점 > 양식 > 햄버거,,1780914439,02-831-9760,알렉스플레이스 상도점,http://place.map.kakao.com/1780914439,서울 동작구 상도로37길 31,126.950380134432,37.5010048010881,4626863240,12.23726980178806
서울 동작구 상도1동 364-4,FD6,음식점,음식점 > 양식,,676051411,0503-7152-3249,라메,http://place.map.kakao.com/676051411,서울 동작구 상도로37길 35,126.95057025517,37.5008111645248,4621471425,36.008429415868456
서울 동작구 상도1동 682,FD6,음식점,음식점 > 치킨,,1446660533,02-817-8599,인근주민 상도점,http://place.map.kakao.com/1446660533,서울 동작구 양녕로 265,126.94824762516072,37.503717715178254,10265961156,29.287198057479785
서울 동작구 상도1동 666-3,FD6,음식점,"음식점 > 간식 > 제과,베이커리",,190594939,0502-5554-0026,우부래도 베지찬,http://place.map.kakao.com/190594939,서울 동작구 상도로37길 3,126.94865514173433,37.50317188366616,10712384713,33.684044294208476
서울 동작구 상도1동 677,FD6,음식점,음식점 > 술집 > 일본식주점,,1191397487,,혼미 상도직영점,http://place.map.kakao.com/1191397487,서울 동작구 양녕로 271,126.948911218837,37.5041216544627,4621496740,27.6748279977784
서울 동작구 상도1동 664-2,FD6,음식점,음식점 > 샤브샤브,,12333481,02-817-0808,상도정,http://place.map.kakao.com/12333481,서울 동작구 양녕로 270,126.94915244162411,37.50363701761508,10712384714,32.40844221742996
서울 동작구 상도1동 628,FD6,음식점,음식점 > 한식,,410130524,02-822-2628,돼지한약방,http://place.map.kakao.com/410130524,서울 동작구 양녕로 274,126.949535655592,37.5039020775565,11871139989,12.839795533715844
서울 동작구 상도1동 679,FD6,음식점,"음식점 > 한식 > 육류,고기 > 곱창,막창",,1351051135,,뚱보생막창,http://place.map.kakao.com/1351051135,서울 동작구 양녕로 269,126.948646675893,37.5039737748678,2825706550,31.191769702969477
서울 동작구 상도1동 698,FD6,음식점,"음식점 > 한식 > 육류,고기",,426247031,02-814-2696,조선화로집 상도역점,http://place.map.kakao.com/426247031,서울 동작구 상도로 263-6,126.947867457449,37.5039590174728,10265961154,15.638090753032397
서울 동작구 상도1동 701-2,FD6,음식점,음식점 > 패스트푸드 > KFC,,909022543,02-2039-2569,KFC 상도역점,http://place.map.kakao.com/909022543,서울 동작구 양녕로 259,126.947900531266,37.5035616886522,10265961155,27.78930590024008
서울 동작구 상도1동 625,FD6,음식점,"음식점 > 한식 > 육류,고기 > 삼겹살",,936534577,0503-7151-3076,본돈가,http://place.map.kakao.com/936534577,서울 동작구 양녕로 273,126.949115838448,37.5042451805194,4621496740,24.489954329380506
서울 동작구 상도1동 665-2,FD6,음식점,"음식점 > 한식 > 육류,고기 > 닭요리 > 숯불에닭",,374139006,02-3280-3392,숯불에닭 서울상도점,http://place.map.kakao.com/374139006,서울 동작구 양녕로 268-1,126.9489918968998,37.50356306595131,2825706550,32.79703108853942
서울 동작구 상도1동 681,FD6,음식점,"음식점 > 술집 > 호프,요리주점",,1176726370,02-6439-1333,피맥하우스 상도동점,http://place.map.kakao.com/1176726370,서울 동작구 양녕로 265-1,126.948374214836,37.5038294952458,2825706550,29.369896801794336
서울 동작구 상도1동 664-1,FD6,음식점,"음식점 > 일식 > 돈까스,우동",,908006258,02-3280-0927,오레노카츠 상도역점,http://place.map.kakao.com/908006258,서울 동작구 양녕로 272,126.949288106946,37.5037091563709,10712384714,19.61174212583516
서울 동작구 상도1동 680,FD6,음식점,음식점 > 술집 > 일본식주점,,1136113183,02-823-4147,오니슈,http://place.map.kakao.com/1136113183,서울 동작구 양녕로 267,126.948509882231,37.5038980308721,2825706550,26.296138564669278
서울 동작구 상도1동 633-43,FD6,음식점,음식점 > 패스트푸드 > 명랑핫도그,,1703661939,02-815-9123,명랑핫도그 상도점,http://place.map.kakao.com/1703661939,서울 동작구 양녕로 278,126.949792280325,37.5040544568247,11871139989,15.571384368037215
서울 동작구 상도1동 677,FD6,음식점,음식점 > 술집 > 와인바,,866120313,0503-7150-3562,프렌밀리,http://place.map.kakao.com/866120313,서울 동작구 양녕로 271,126.948943999437,37.5041468967935,4621496740,25.28977814922982
서울 동작구 상도1동 624,FD6,음식점,"음식점 > 한식 > 육류,고기 > 닭요리 > 종로계림닭도리탕",,321414673,02-3280-5554,종로계림닭도리탕 상도역점,http://place.map.kakao.com/321414673,서울 동작구 양녕로 277,126.949283186976,37.5042948077899,436821679,24.800042732288894
서울 동작구 상도1동 666-1,FD6,음식점,음식점 > 아시아음식 > 동남아음식 > 베트남음식,,1834096399,02-827-0420,미스사이공 서울상도역점,http://place.map.kakao.com/1834096399,서울 동작구 양녕로 268,126.948876591656,37.5034873316518,2825706550,29.86203388150789
서울 동작구 상도1동 637,FD6,음식점,"음식점 > 간식 > 제과,베이커리",,14973276,02-813-5001,이레호두,http://place.map.kakao.com/14973276,서울 동작구 양녕로 282,126.95020147189236,37.50437809096914,2825701323,21.85214675007481
서울 동작구 상도1동 665-4,FD6,음식점,음식점 > 양식,,2061962032,02-825-8181,구스토리아,http://place.map.kakao.com/2061962032,서울 동작구 상도로39길 27,126.949115234603,37.5034685135672,2825706550,47.431571350409826
서울 동작구 상도1동 624,FD6,음식점,음식점 > 간식 > 아이스크림 > 배스킨라빈스,,1796796263,02-813-3111,배스킨라빈스 상도역점,http://place.map.kakao.com/1796796263,서울 동작구 양녕로 277,126.94928771691288,37.50428579967381,436821679,23.933116392095396
서울 동작구 상도1동 697,FD6,음식점,음식점 > 한식,,1279016750,,서이레,http://place.map.kakao.com/1279016750,서울 동작구 상도로 265-11,126.948005389027,37.5040239506474,10265961154,24.982176853601885
서울 동작구 상도1동 622,FD6,음식점,음식점 > 술집 > 실내포장마차,,394083744,,노가리포차,http://place.map.kakao.com/394083744,서울 동작구 양녕로 279,126.94949455703,37.5044723963995,10239817468,21.416408361616494
서울 동작구 상도1동 684,FD6,음식점,음식점 > 한식 > 해장국,,27264997,02-817-1525,콩시루 전주콩나물해장국 상도역점,http://place.map.kakao.com/27264997,서울 동작구 상도로 265-12,126.94801235719376,37.50376086013464,10265961154,12.732163816194149
서울 동작구 상도1동 666-8,FD6,음식점,"음식점 > 간식 > 제과,베이커리 > 파리바게뜨",,792794595,02-821-1228,파리바게뜨 상도역점,http://place.map.kakao.com/792794595,서울 동작구 양녕로 266,126.948671948601,37.503401647387,2825706550,32.34666459043713
서울 동작구 상도1동 628,FD6,음식점,"음식점 > 한식 > 육류,고기",,1342995313,02-822-3628,우아한밀실,http://place.map.kakao.com/1342995313,서울 동작구 양녕로 274,126.949543585008,37.5038831598294,11871139989,13.881963311648462
서울 동작구 상도1동 628,FD6,음식점,"음식점 > 한식 > 육류,고기 > 삼겹살",,750536146,,상도대패,http://place.map.kakao.com/750536146,서울 동작구 양녕로 274,126.949543585009,37.5038831598224,11871139989,13.881963856506863
서울 동작구 상도1동 660-1,FD6,음식점,"음식점 > 간식 > 제과,베이커리",,1733990048,,플랑도르,http://place.map.kakao.com/1733990048,서울 동작구 상도로41가길 15,126.9501420803498,37.503551843930126,2825730231,16.458888067560032
서울 동작구 상도1동 683,FD6,음식점,"음식점 > 술집 > 호프,요리주점",,21441000,,락호프,http://place.map.kakao.com/21441000,서울 동작구 양녕로 263,126.948111943367,37.5036708033738,10265961156,24.847774009425766
서울 동작구 상도1동 637,FD6,음식점,음식점 > 분식,,15820817,02-813-9091,김밥이야기,http://place.map.kakao.com/15820817,서울 동작구 양녕로 282,126.950215048221,37.5043708886487,2825701323,22.40367316999668
서울 동작구 상도1동 676-3,FD6,음식점,"음식점 > 간식 > 제과,베이커리",,584797929,,핫브레드 상도역점,http://place.map.kakao.com/584797929,,126.94791993202,37.5033103166788,2825706571,28.993005930777958
서울 동작구 상도1동 638-1,FD6,음식점,"음식점 > 술집 > 호프,요리주점",,1822548282,02-811-1400,밀짚모자,http://place.map.kakao.com/1822548282,서울 동작구 양녕로 284,126.95057126967858,37.50441879152526,1831853316,30.04353258719485
서울 동작구 상도1동 578,FD6,음식점,음식점 > 중식 > 중국요리,,8102302,02-826-8885,채홍,http://place.map.kakao.com/8102302,서울 동작구 강남초등길 24,126.951974346792,37.5051176494059,4621488491,25.45400887008997
서울 동작구 상도1동 642-1,FD6,음식점,"음식점 > 한식 > 육류,고기 > 족발,보쌈",,8106691,02-823-6637,가야 상도본점,http://place.map.kakao.com/8106691,서울 동작구 양녕로 286-1,126.950735129575,37.5046161801474,436883217,19.015738289036875
서울 동작구 상도1동 638-2,FD6,음식점,음식점 > 한식 > 감자탕,,1892850522,02-817-5001,갈매울감자탕,http://place.map.kakao.com/1892850522,서울 동작구 양녕로 282-1,126.95045026682,37.5044034237404,2825701323,25.193953044036725
서울 동작구 상도1동 642-1,FD6,음식점,음식점 > 치킨,,2060587209,02-822-4998,김빠빠누룽지통닭 중대후문본점,http://place.map.kakao.com/2060587209,서울 동작구 양녕로 286-1,126.95076903250539,37.50465583851614,436883217,17.107024999742254
서울 동작구 상도1동 645-3,FD6,음식점,음식점 > 한식 > 해장국,,361539278,02-812-6605,엉터리해장국 중대후문점,http://place.map.kakao.com/361539278,서울 동작구 흑석로 4,126.95117616384536,37.504681235639985,4621482145,15.275847218638626
서울 동작구 상도1동 644,FD6,음식점,음식점 > 일식 > 참치회,,16421350,02-821-2929,기꾸참치 중대점,http://place.map.kakao.com/16421350,서울 동작구 흑석로 2,126.950952230139,37.5046847468941,4621482145,17.959270481223232
서울 동작구 상도1동 645-2,FD6,음식점,음식점 > 한식 > 주먹밥 > 봉구스밥버거,,26575902,02-815-6006,봉구스밥버거 중앙대후문점,http://place.map.kakao.com/26575902,서울 동작구 흑석로 8,126.9514498279612,37.504727299696626,12989020958,13.548698307406392
서울 동작구 상도1동 639-5,FD6,음식점,"음식점 > 한식 > 육류,고기 > 곱창,막창",,12018530,02-822-7303,중대양곱창,http://place.map.kakao.com/12018530,서울 동작구 상도로41마길 1,126.950427783404,37.5041979850808,2829147721,12.75388280270792
서울 동작구 상도1동 645-1,FD6,음식점,"음식점 > 한식 > 해물,생선 > 회 > 육회야문연어",,61357065,070-4291-1000,육회야문연어 상도점,http://place.map.kakao.com/61357065,서울 동작구 흑석로 6,126.95133451084,37.5046632808673,12989020958,24.915319258465527
서울 동작구 상도1동 579,FD6,음식점,"음식점 > 간식 > 제과,베이커리",,1362298578,02-812-2524,브라운필빵공장,http://place.map.kakao.com/1362298578,서울 동작구 흑석로 11,126.951911107083,37.5049698588138,4621486060,11.647001172424549
서울 동작구 상도1동 646-1,FD6,음식점,음식점 > 술집,,416471830,,아마도,http://place.map.kakao.com/416471830,서울 동작구 흑석로 10,126.951784584376,37.5047427539038,4621486060,23.97196217911232
서울 동작구 상도1동 587,FD6,음식점,음식점 > 도시락,,244587235,02-3280-5709,육도락 중앙대점,http://place.map.kakao.com/244587235,서울 동작구 흑석로 5,126.951295893519,37.5049164474434,12989020958,20.554642896116867
서울 동작구 상도1동 497,FD6,음식점,음식점 > 구내식당,,940555408,02-825-8876,이유에프에스,http://place.map.kakao.com/940555408,서울 동작구 흑석로 13,126.952197196732,37.5050420553478,4621488491,23.89442733388649
서울 동작구 상도1동 522,FD6,음식점,"음식점 > 한식 > 해물,생선",,878603281,02-3280-5492,상도쭈꾸미,http://place.map.kakao.com/878603281,서울 동작구 매봉로 13,126.950159751001,37.5058917621964,4644112573,38.97324134618782
서울 동작구 노량진동 324,FD6,음식점,"음식점 > 술집 > 호프,요리주점",,21312735,02-823-0211,홈런호프치킨,http://place.map.kakao.com/21312735,서울 동작구 만양로 26,126.94844766481104,37.50720919777763,436839951,33.02660263010734
서울 동작구 상도1동 522,FD6,음식점,음식점 > 한식,,2122905978,070-4220-1227,백합마루,http://place.map.kakao.com/2122905978,서울 동작구 매봉로 13,126.950162014168,37.505889961134,4644112573,38.69670455115735
서울 동작구 상도동 414,FD6,음식점,"음식점 > 간식 > 떡,한과",,2092947967,0503-7151-8408,앙티크케이크,http://place.map.kakao.com/2092947967,서울 동작구 만양로 26,126.94865786195413,37.50745706566857,2824550210,32.83494281997398
서울 동작구 상도동 414,FD6,음식점,음식점 > 한식,,21238598,02-823-7766,건영한식,http://place.map.kakao.com/21238598,서울 동작구 만양로 26,126.94869739791429,37.50752916324387,2824550210,24.55026999891963
서울 동작구 노량진동 324,FD6,음식점,"음식점 > 간식 > 떡,한과",,1523322922,02-813-8061,유진떡,http://place.map.kakao.com/1523322922,서울 동작구 만양로 26,126.948506405254,37.5073137399694,436839951,37.46703655634276
서울 동작구 상도동 414,FD6,음식점,음식점 > 한식 > 국수 > 칼국수,,27264569,02-813-5772,성원칼국수,http://place.map.kakao.com/27264569,서울 동작구 만양로 26,126.9484601473637,37.50714883588713,13363593888,33.119856535123496
서울 동작구 노량진동 214-144,FD6,음식점,"음식점 > 간식 > 제과,베이커리",,342292124,02-815-3739,가온도담,http://place.map.kakao.com/342292124,서울 동작구 만양로4길 7,126.948610165665,37.507739960464,2824550210,8.724528462491993
서울 동작구 상도동 2-1,FD6,음식점,음식점 > 치킨 > 또봉이통닭,,1558058917,070-4383-8280,또봉이통닭 서울상도점,http://place.map.kakao.com/1558058917,서울 동작구 매봉로 61,126.95153850392305,37.507514144907944,2824550220,31.256287965156275
서울 동작구 상도1동 507-1,FD6,음식점,음식점 > 분식,,32327411,02-6954-2345,밤골하우스,http://place.map.kakao.com/32327411,서울 동작구 매봉로 72,126.95161962490762,37.50799711676339,2829530328,12.682092113513777
서울 동작구 상도동 2-1,FD6,음식점,음식점 > 한식,,533085990,02-817-1398,수목화,http://place.map.kakao.com/533085990,서울 동작구 매봉로 61,126.951538503923,37.5075141449009,2824550220,31.25628744192556
서울 동작구 본동 150,FD6,음식점,"음식점 > 간식 > 제과,베이커리",,27146002,070-8861-0007,브레드숨,http://place.map.kakao.com/27146002,서울 동작구 노량진로24길 2,126.95269813506681,37.5123421972214,8757685953,55.12215402498025
서울 동작구 노량진동 196-3,FD6,음식점,"음식점 > 한식 > 육류,고기 > 불고기,두루치기",,354673902,02-825-2371,참숯옛맛서울불고기,http://place.map.kakao.com/354673902,서울 동작구 노량진로 204,126.948435897107,37.5128071336009,1994676560,27.198690493247508
서울 동작구 본동 150,FD6,음식점,음식점 > 한식 > 국수,,13597762,02-824-3005,소문난명품잔치국수,http://place.map.kakao.com/13597762,서울 동작구 노량진로24길 2,126.95281123759692,37.51235125249475,8757685953,64.41970125862537
서울 동작구 본동 162-2,FD6,음식점,"음식점 > 간식 > 제과,베이커리 > 파리바게뜨",,21221845,02-812-8813,파리바게뜨 노들역점,http://place.map.kakao.com/21221845,서울 동작구 매봉로 180,126.95229097995102,37.51228797322134,4613274881,23.193514934331034
서울 동작구 노량진동 200-2,FD6,음식점,"음식점 > 간식 > 떡,한과",,249858273,02-815-5440,본동떡집,http://place.map.kakao.com/249858273,서울 동작구 만양로14길 68,126.94783426940359,37.512646490704846,6451784335,46.28243119325164
서울 동작구 본동 201-3,FD6,음식점,음식점 > 한식,,186957950,02-822-2103,정가네식당,http://place.map.kakao.com/186957950,서울 동작구 노량진로18길 30,126.951526526396,37.512044390852,4613274878,42.100274761149464
서울 동작구 본동 221-1,FD6,음식점,음식점 > 분식,,1600308784,02-3280-2248,울엄마김밥,http://place.map.kakao.com/1600308784,서울 동작구 노량진로 233,126.951675287799,37.5128832866504,4613274882,31.43834059962684
서울 동작구 본동 150,FD6,음식점,음식점 > 한식 > 국수,,1905404076,02-817-9696,소문난옛날잔치국수 2호점,http://place.map.kakao.com/1905404076,서울 동작구 노량진로24길 2,126.952732037413,37.5123899640063,8757685953,56.601352473594076
서울 동작구 본동 400,FD6,음식점,음식점 > 분식,,27188618,,울엄마김밥 4호점,http://place.map.kakao.com/27188618,서울 동작구 노량진로 228,126.95133280032378,37.51252454640425,8757685951,10.71542058072481
서울 동작구 본동 481,FD6,음식점,음식점 > 한식,,21423759,02-821-5849,둘리식당,http://place.map.kakao.com/21423759,서울 동작구 매봉로 134,126.951587351289,37.5089341484778,3119042912,49.6571342780402
서울 동작구 상도동 56-6,FD6,음식점,음식점 > 분식,,473423192,02-824-7888,맘스분식,http://place.map.kakao.com/473423192,서울 동작구 상도로53길 45,126.95347081014363,37.501173645954566,2824550318,13.659242650188027
서울 동작구 상도동 436,FD6,음식점,음식점 > 분식 > 떡볶이,,268065870,02-822-4685,태리로제떡볶이 숭실대점,http://place.map.kakao.com/268065870,서울 동작구 상도로53길 13,126.95300778219124,37.49833709551892,11413588662,22.490739699555608
서울 동작구 상도동 436,FD6,음식점,"음식점 > 한식 > 해물,생선",,21238595,02-812-3326,삼성해물촌,http://place.map.kakao.com/21238595,서울 동작구 상도로53길 13,126.95294553115625,37.498421765331614,11413637707,17.881131856521936
서울 동작구 상도동 436,FD6,음식점,음식점 > 치킨 > 굽네치킨,,790161113,02-826-9294,굽네치킨 상도1동점,http://place.map.kakao.com/790161113,서울 동작구 상도로53길 13,126.95297264496374,37.498465024422806,11413637707,12.80408923090992
서울 동작구 상도동 421,FD6,음식점,"음식점 > 간식 > 떡,한과",,1682689552,0503-7150-2302,잍케이크,http://place.map.kakao.com/1682689552,서울 동작구 상도로55길 47,126.957247541643,37.498119761407,8761605888,91.89597561313461
서울 동작구 상도동 7-87,FD6,음식점,"음식점 > 양식 > 멕시칸,브라질",,482473413,0507-1488-0907,세울타코 중앙대직영점,http://place.map.kakao.com/482473413,서울 동작구 흑석로 20,126.95300028278812,37.50488920670558,2829147720,54.200644477722314
서울 동작구 상도동 7-84,FD6,음식점,"음식점 > 한식 > 육류,고기 > 족발,보쌈",,948818250,02-3280-3588,항아리된장족발,http://place.map.kakao.com/948818250,서울 동작구 흑석로 22,126.95312811671126,37.50483429618159,2829147720,42.313280786039726
서울 동작구 상도동 7,FD6,음식점,"음식점 > 일식 > 돈까스,우동",,62274972,,이탈리안돈까스냉면,http://place.map.kakao.com/62274972,서울 동작구 흑석로 24,126.95324799659,37.5048388487145,2829147720,31.772664503972038
서울 동작구 상도1동 493,FD6,음식점,"음식점 > 양식 > 스테이크,립",,227554843,02-815-7979,훗스테이크 중앙대본점,http://place.map.kakao.com/227554843,서울 동작구 흑석로 19,126.952883684205,37.5050621532784,4621488492,46.70700686981164
서울 동작구 흑석동 207-5,FD6,음식점,음식점 > 한식,,16299448,02-813-1353,차돌이식당,http://place.map.kakao.com/16299448,서울 동작구 흑석로6길 6,126.9569545293,37.5062043794152,4613243825,22.675012392274027
서울 동작구 흑석동 221,FD6,음식점,"음식점 > 간식 > 제과,베이커리 > 뚜레쥬르",,783649932,02-3280-9484,뚜레쥬르 중앙대100주년관점,http://place.map.kakao.com/783649932,서울 동작구 흑석로 84,126.95593005811797,37.503930765327574,6963042920,100.50731628158678
서울 동작구 흑석동 221,FD6,음식점,음식점 > 양식 > 햄버거,,1078228295,,카우버거 서울캠퍼스점,http://place.map.kakao.com/1078228295,서울 동작구 흑석로 84,126.955897502625,37.5035189936703,8761605951,120.31149468799326
서울 동작구 흑석동 207-17,FD6,음식점,음식점 > 양식,,1108585700,,파슬리 파슬리 흑석점,http://place.map.kakao.com/1108585700,서울 동작구 흑석로6길 18,126.956667435561,37.505897031691,6963043036,12.892280228437558
서울 동작구 상도동 7-59,FD6,음식점,음식점 > 한식 > 뜸들이다,,1076811334,02-3280-7252,뜸들이다 상도점,http://place.map.kakao.com/1076811334,서울 동작구 흑석로 23,126.953304380606,37.5051028655657,2824550328,28.90284063164456
서울 동작구 상도동 7-136,FD6,음식점,음식점 > 한식 > 순대,,371612798,02-3280-6692,전통맛집할매순대국 중앙대점,http://place.map.kakao.com/371612798,서울 동작구 흑석로 24,126.953236670042,37.5048658743904,2829147720,33.1559543530748
서울 동작구 상도동 7-88,FD6,음식점,"음식점 > 술집 > 호프,요리주점",,764918916,070-7720-0926,무음,http://place.map.kakao.com/764918916,서울 동작구 흑석로 24-1,126.95334750054118,37.504873126255454,2829147720,23.773793012944584
서울 동작구 상도동 7-55,FD6,음식점,음식점 > 샐러드 > 샐러디,,2028867932,070-7801-0011,샐러디 중앙대점,http://place.map.kakao.com/2028867932,서울 동작구 흑석로 25,126.95354414405,37.5051074651271,2824550328,12.90249970478025
서울 동작구 흑석동 221,FD6,음식점,음식점 > 한식,,952328730,,끼니롤,http://place.map.kakao.com/952328730,서울 동작구 흑석로 84,126.95587129670784,37.50384875188694,6963042920,104.98281876407653
서울 동작구 상도동 7-136,FD6,음식점,"음식점 > 술집 > 호프,요리주점",,13299647,,코코스중앙식당,http://place.map.kakao.com/13299647,서울 동작구 흑석로 24,126.9532445918835,37.50485776847839,2829147720,32.319499389369604
서울 동작구 흑석동 221,FD6,음식점,"음식점 > 일식 > 돈까스,우동",,952323321,,동경카츠,http://place.map.kakao.com/952323321,서울 동작구 흑석로 84,126.95589849366019,37.50375685948523,6963042920,114.93452898001274
서울 동작구 흑석동 221,FD6,음식점,음식점 > 구내식당,,16620225,,중앙대학교 학생식당,http://place.map.kakao.com/16620225,서울 동작구 흑석로 84,126.95736507233393,37.50621534035921,4613243825,28.79420611516578
서울 동작구 본동 48-31,FD6,음식점,음식점 > 양식,,63574010,02-3280-6420,라이베쿠헨,http://place.map.kakao.com/63574010,서울 동작구 노량진로26길 23,126.95468932967185,37.511532074024444,4613270044,29.232627511716352
서울 동작구 본동 48-12,FD6,음식점,음식점 > 한식 > 순대,,17975639,02-815-9254,복돼지순대국,http://place.map.kakao.com/17975639,서울 동작구 노량진로 254,126.95481318787726,37.51246015581611,8757719538,15.428406809516957
서울 동작구 본동 50-18,FD6,음식점,음식점 > 양식,,1878716745,070-8080-3130,안단테,http://place.map.kakao.com/1878716745,서울 동작구 노량진로26길 16-1,126.95427644906333,37.51159768822836,4613249924,7.507974838776781
서울 동작구 본동 126-125,FD6,음식점,"음식점 > 간식 > 제과,베이커리",,1526024832,,히뽀1997,http://place.map.kakao.com/1526024832,서울 동작구 노량진로24길 36,126.95404228812586,37.51164535058746,4613249924,15.895675356495364
서울 동작구 본동 126-44,FD6,음식점,음식점 > 한식 > 순대,,16075939,02-825-7886,정호식당,http://place.map.kakao.com/16075939,서울 동작구 노량진로 250-1,126.954141727606,37.5118003619675,4613249924,18.175565848327786
서울 동작구 본동 50-22,FD6,음식점,음식점 > 치킨,,12567362,02-812-7908,가본통닭,http://place.map.kakao.com/12567362,서울 동작구 노량진로26길 22,126.9545310345526,37.51144191276717,4613270044,29.716746774934528
서울 동작구 본동 126-13,FD6,음식점,음식점 > 분식,,8238911,02-813-8144,김밥천국 상도터널점,http://place.map.kakao.com/8238911,서울 동작구 노량진로 250,126.954241141093,37.5119986214523,4613270071,17.79707666677026
서울 동작구 본동 48-15,FD6,음식점,음식점 > 치킨,,88025581,02-815-0368,노들치킨,http://place.map.kakao.com/88025581,서울 동작구 노량진로26길 5,126.95441753867372,37.51208158204331,4613270071,5.89068851452706
서울 동작구 본동 48-41,FD6,음식점,음식점 > 한식 > 국수,,1803418326,02-824-3005,옛날잔치국수,http://place.map.kakao.com/1803418326,서울 동작구 노량진로26길 11,126.954336272311,37.5118004373363,4613249924,19.55337503282572
서울 동작구 본동 126-13,FD6,음식점,음식점 > 치킨,,854975030,02-815-0368,노들치킨,http://place.map.kakao.com/854975030,서울 동작구 노량진로 250,126.95421741819796,37.51194995803197,4613270071,23.34253393229096
서울 동작구 본동 49,FD6,음식점,"음식점 > 간식 > 제과,베이커리",,1962475682,010-8884-6342,령령까까,http://place.map.kakao.com/1962475682,서울 동작구 노량진로26길 31-1,126.95498813068049,37.511201519675396,4613270031,8.138654882080088
서울 동작구 본동 48,FD6,음식점,음식점 > 도시락,,310902272,,환희컵밥도시락,http://place.map.kakao.com/310902272,서울 동작구 노량진로 252,126.95455089771646,37.51226003226116,4613249918,11.687604238181711
서울 동작구 본동 46-1,FD6,음식점,음식점 > 한식 > 국수 > 칼국수,,21423511,02-823-6359,한강손칼국수,http://place.map.kakao.com/21423511,서울 동작구 현충로 2,126.95628091164629,37.51318601646967,8757719533,10.670064493148494
서울 동작구 흑석동 221,FD6,음식점,음식점 > 패스트푸드 > 맥도날드,,14091840,02-6332-1500,맥도날드 중앙대점,http://place.map.kakao.com/14091840,서울 동작구 흑석로 84,126.958963206106,37.5061330138949,2890319157,32.907125398791955
서울 동작구 흑석동 221,FD6,음식점,음식점 > 샐러드,,1067384309,02-3280-2131,포케팜,http://place.map.kakao.com/1067384309,서울 동작구 흑석로 84,126.95887722726269,37.50617623224072,2890319157,25.296592346420223
서울 동작구 흑석동 221,FD6,음식점,음식점 > 푸드코트,,1216615632,,구시아푸드마켓 중앙대학교 102관점,http://place.map.kakao.com/1216615632,서울 동작구 흑석로 84,126.958931547315,37.5061167847932,2890319157,30.326557100350907
서울 동작구 흑석동 221,FD6,음식점,음식점 > 분식,,957024713,02-815-0701,홍당무,http://place.map.kakao.com/957024713,서울 동작구 흑석로 84,126.95874151749838,37.50615996682645,2890319157,13.208000798515917
서울 동작구 흑석동 221,FD6,음식점,음식점 > 일식,,861490593,,멘쇼쿠도,http://place.map.kakao.com/861490593,서울 동작구 흑석로 84,126.959046907126,37.5061186268538,6963043032,39.90947446442692
서울 동작구 흑석동 221,FD6,음식점,음식점 > 구내식당,,511953726,02-881-7427,아워홈 중앙대학교유니버시티클럽점,http://place.map.kakao.com/511953726,서울 동작구 흑석로 84,126.95895628008518,37.506388896932336,2890319157,41.25000053599848
서울 동작구 흑석동 221,FD6,음식점,"음식점 > 간식 > 제과,베이커리 > 브레댄코",,1243145624,0507-0289-9541,브레댄코 중앙대점,http://place.map.kakao.com/1243145624,서울 동작구 흑석로 84,126.958999284894,37.5063393565938,2890319157,41.32097818551415
서울 동작구 흑석동 223-23,FD6,음식점,음식점 > 샤브샤브,,356905798,010-3881-6482,샤브로 21 중앙대점,http://place.map.kakao.com/356905798,서울 동작구 흑석로8길 12,126.959530691391,37.5066350695038,10232790207,43.32669664382437
서울 동작구 흑석동 223-16,FD6,음식점,음식점 > 중식,,1700721526,010-5733-1688,김기룽쟝족발덮밥 중앙대점,http://place.map.kakao.com/1700721526,서울 동작구 흑석로8길 9,126.959682185741,37.5067450439235,4613243821,37.328314744915325
서울 동작구 흑석동 195-35,FD6,음식점,음식점 > 한식,,21423557,02-6497-5949,라이스&포테이토,http://place.map.kakao.com/21423557,서울 동작구 흑석로 83,126.95875228505402,37.50714567010883,4613247240,28.721722310939256
서울 동작구 흑석동 195-8,FD6,음식점,음식점 > 양식 > 이탈리안,,27213897,,미니자이언트,http://place.map.kakao.com/27213897,서울 동작구 흑석로 81-6,126.95864589366681,37.507285288679405,4613247241,32.661251748743915
서울 동작구 흑석동 195-29,FD6,음식점,음식점 > 아시아음식 > 동남아음식 > 베트남음식,,8146461,02-3280-7470,하노이별 중앙대점,http://place.map.kakao.com/8146461,서울 동작구 흑석로 81-5,126.95854190242,37.5071744286176,2890319153,32.356579686765684
서울 동작구 흑석동 195-19,FD6,음식점,음식점 > 패스트푸드 > 샌드위치 > 써브웨이,,13081848,02-815-6429,써브웨이 중앙대점,http://place.map.kakao.com/13081848,서울 동작구 흑석로 79,126.95845831346196,37.50698428719987,2890319153,10.606140395365847
서울 동작구 흑석동 205-6,FD6,음식점,음식점 > 샤브샤브 > 샤브토랑,,1807305798,,샤브토랑 중앙대점,http://place.map.kakao.com/1807305798,서울 동작구 흑석로 75-4,126.958040983073,37.506967921601,2890319153,38.706798630380156
서울 동작구 흑석동 195-17,FD6,음식점,"음식점 > 일식 > 돈까스,우동 > 우동키노야",,1648930191,0507-1391-6412,우동키노야 중앙대점,http://place.map.kakao.com/1648930191,서울 동작구 흑석로 81,126.958600773846,37.5070672296658,2890319153,23.02957482248574
서울 동작구 흑석동 195-19,FD6,음식점,음식점 > 치킨 > BHC치킨,,26847953,02-6465-2956,BHC치킨 중앙대점,http://place.map.kakao.com/26847953,서울 동작구 흑석로 79,126.958424367934,37.507012206412,2890319153,14.193804459304387
서울 동작구 흑석동 190-26,FD6,음식점,음식점 > 한식 > 국밥 > 더진국,,27278262,02-815-2229,더진국 중앙대점,http://place.map.kakao.com/27278262,서울 동작구 흑석로 83-1,126.9588087797918,37.50724660237858,4613247241,19.457461710848694
서울 동작구 흑석동 190-26,FD6,음식점,음식점 > 분식 > 떡볶이,,27245555,070-8771-8249,준호가만드는즉석떡볶이 중앙대본점,http://place.map.kakao.com/27245555,서울 동작구 흑석로 83-1,126.958849515763,37.5072105763782,4613247241,18.24898883898879
서울 동작구 흑석동 190-22,FD6,음식점,"음식점 > 술집 > 호프,요리주점",,1458421452,02-824-6760,캐빈,http://place.map.kakao.com/1458421452,서울 동작구 흑석로13마길 65-3,126.959078962168,37.507480957569,4613247241,19.83504285678368
서울 동작구 흑석동 205-6,FD6,음식점,"음식점 > 한식 > 육류,고기 > 삼겹살",,1678512389,070-8860-9292,중대냉삼,http://place.map.kakao.com/1678512389,서울 동작구 흑석로 75-4,126.9580285587088,37.506938184022125,2890319153,39.183311398300454
서울 동작구 흑석동 190-22,FD6,음식점,"음식점 > 한식 > 찌개,전골",,948039588,02-814-0628,양푼김치찌개의집,http://place.map.kakao.com/948039588,서울 동작구 흑석로13마길 65-3,126.959071054945,37.507462934731,4613247241,17.718217124202628
서울 동작구 흑석동 195-19,FD6,음식점,음식점 > 샐러드 > 프레퍼스,,985227943,02-3280-5589,프레퍼스 중앙대점,http://place.map.kakao.com/985227943,서울 동작구 흑석로 79,126.958419833932,37.5070302249089,2890319153,16.228592466438652
서울 동작구 흑석동 195-9,FD6,음식점,음식점 > 술집 > 일본식주점,,377380561,,야키토리흑연,http://place.map.kakao.com/377380561,서울 동작구 흑석로 81-4,126.958701348193,37.5072213367215,4613247241,29.339263460719867
서울 동작구 흑석동 195-34,FD6,음식점,음식점 > 치킨 > 페리카나,,18306619,02-816-6537,페리카나 흑석동점,http://place.map.kakao.com/18306619,서울 동작구 흑석로7길 6-1,126.95837334978427,37.50723383566823,2890319153,39.16535451129142
서울 동작구 흑석동 195-17,FD6,음식점,"음식점 > 술집 > 호프,요리주점",,14515083,02-824-9474,땡초,http://place.map.kakao.com/14515083,서울 동작구 흑석로 81,126.958600774343,37.507066328668,2890319153,22.943760301226508
서울 동작구 흑석동 194-16,FD6,음식점,음식점 > 양식 > 이탈리안 > 파스타입니다,,1529155348,,파스타입니다 흑석점,http://place.map.kakao.com/1529155348,서울 동작구 흑석로13마길 64,126.958831339036,37.5073574338517,4613247241,16.99014637326277
서울 동작구 흑석동 194-16,FD6,음식점,"음식점 > 술집 > 호프,요리주점",,1487805574,02-6080-0064,타이거포차,http://place.map.kakao.com/1487805574,서울 동작구 흑석로13마길 64,126.95883134151,37.5073529288279,4613247241,16.84138855186335
서울 동작구 흑석동 194-16,FD6,음식점,"음식점 > 술집 > 호프,요리주점",,12042095,02-822-5591,올드팬,http://place.map.kakao.com/12042095,서울 동작구 흑석로13마길 64,126.95883133854142,37.50735833485648,4613247241,17.021504468527407
서울 동작구 흑석동 205-2,FD6,음식점,"음식점 > 술집 > 호프,요리주점",,16332243,010-9236-0007,구구팔팔,http://place.map.kakao.com/16332243,서울 동작구 흑석로7길 7,126.95807706576824,37.50716345250055,2890319153,46.03210245057444
서울 동작구 흑석동 194-16,FD6,음식점,음식점 > 한식 > 배고픈덮밥이,,1904103353,,배고픈덮밥이 흑석점,http://place.map.kakao.com/1904103353,서울 동작구 흑석로13마길 64,126.958841498311,37.5073934775895,4613247241,17.851339166125378
서울 동작구 흑석동 205-2,FD6,음식점,"음식점 > 술집 > 호프,요리주점",,16557849,,이공삼공,http://place.map.kakao.com/16557849,서울 동작구 흑석로7길 7,126.95805520271628,37.507160685549735,2890319153,47.302285643245675
서울 동작구 흑석동 190-49,FD6,음식점,음식점 > 중식 > 중국요리,,1656084578,02-817-7798,칠기마라샹궈마라탕 중앙대점,http://place.map.kakao.com/1656084578,서울 동작구 흑석로13가길 43,126.95963319334,37.5074126718924,8323580239,11.048442282484183
서울 동작구 흑석동 190-27,FD6,음식점,음식점 > 중식,,201753163,02-3280-8790,정묘당1987 중대점,http://place.map.kakao.com/201753163,서울 동작구 흑석로13가길 42,126.959542632976,37.5075604057107,8323580239,8.928939923844753
서울 동작구 흑석동 190-5,FD6,음식점,음식점 > 양식 > 피자,,27564653,02-815-6564,피자보이시나 중앙대본점,http://place.map.kakao.com/27564653,서울 동작구 흑석로9길 6,126.959862627754,37.507711883705,2829530629,10.464403993907416
서울 동작구 흑석동 190-35,FD6,음식점,"음식점 > 일식 > 돈까스,우동",,8545806,02-825-1831,사과나무왕돈까스,http://place.map.kakao.com/8545806,서울 동작구 흑석로9길 7,126.959776732703,37.5075965258607,2829530629,12.06146282004436
서울 동작구 흑석동 190-31,FD6,음식점,음식점 > 한식,,398516020,0503-7152-0484,정식당,http://place.map.kakao.com/398516020,서울 동작구 흑석로 85-9,126.959336774498,37.5075873651796,10232792229,19.355293405106146
서울 동작구 흑석동 223-5,FD6,음식점,"음식점 > 일식 > 초밥,롤",,1505609128,02-3280-7111,기꾸스시,http://place.map.kakao.com/1505609128,서울 동작구 흑석로 90,126.959709094827,37.5071820405382,4613243823,22.452879958059967
서울 동작구 흑석동 190-30,FD6,음식점,음식점 > 분식,,16475334,02-817-8852,단비,http://place.map.kakao.com/16475334,서울 동작구 흑석로9길 13,126.95941364661886,37.50765496698465,10232792229,12.207025434961148
서울 동작구 흑석동 189-4,FD6,음식점,음식점 > 아시아음식 > 인도음식,,1046247462,02-812-9991,커리야 중앙대점,http://place.map.kakao.com/1046247462,서울 동작구 흑석로 97-4,126.960292400962,37.5077336530727,5106672540,23.800684085433417
서울 동작구 흑석동 190-41,FD6,음식점,"음식점 > 한식 > 육류,고기 > 닭요리",,1125843134,02-823-4400,내가찜한닭 중앙대점,http://place.map.kakao.com/1125843134,서울 동작구 흑석로 87,126.95932559541,37.5073458920109,4613243823,16.29313493250152
서울 동작구 흑석동 190-30,FD6,음식점,"음식점 > 한식 > 육류,고기 > 족발,보쌈",,304491,,엄마손맛집,http://place.map.kakao.com/304491,서울 동작구 흑석로9길 13,126.95939666436777,37.50768649631279,10232792229,8.422538012205331
서울 동작구 흑석동 190-18,FD6,음식점,음식점 > 일식 > 백소정,,835122477,,백소정 중앙대점,http://place.map.kakao.com/835122477,서울 동작구 흑석로9길 2,126.960109240208,37.5076146587149,2829530628,13.569853298003862
서울 동작구 흑석동 190-22,FD6,음식점,음식점 > 한식,,2132489077,,일이삼식당,http://place.map.kakao.com/2132489077,서울 동작구 흑석로13마길 65-3,126.959098189317,37.5074809642281,4613247241,20.393032354120542
서울 동작구 흑석동 190-34,FD6,음식점,"음식점 > 양식 > 스테이크,립",,21540553,,양셰프,http://place.map.kakao.com/21540553,서울 동작구 흑석로 85,126.95908471753,37.5072971545557,4613247241,6.410644591711299
서울 동작구 흑석동 190-20,FD6,음식점,음식점 > 퓨전요리,,1367136448,02-815-3448,치즈밥있슈 중대점,http://place.map.kakao.com/1367136448,서울 동작구 흑석로9길 15,126.95924623538,37.5076945535605,10232792229,13.190983100587008
서울 동작구 흑석동 223-46,FD6,음식점,"음식점 > 한식 > 육류,고기",,874371364,02-812-7894,고기스토리 중앙대점,http://place.map.kakao.com/874371364,서울 동작구 흑석로8길 4,126.959450204506,37.5069792258289,4613243823,31.158189103893847
서울 동작구 흑석동 190-51,FD6,음식점,음식점 > 퓨전요리 > 퓨전한식 > 본죽&비빔밥cafe,,16962388,02-813-8802,본죽&비빔밥cafe 중앙대점,http://place.map.kakao.com/16962388,서울 동작구 흑석로 91,126.95975309177093,37.50739108868603,8323580239,17.65458493725656
서울 동작구 흑석동 190-20,FD6,음식점,음식점 > 일식 > 일본식라면,,19042204,02-812-0455,하꼬멘 중대점,http://place.map.kakao.com/19042204,서울 동작구 흑석로9길 15,126.959283551435,37.5077080815023,10232792229,9.623576032706202
서울 동작구 흑석동 190-41,FD6,음식점,음식점 > 간식 > 아이스크림 > 배스킨라빈스,,7893849,02-817-5522,배스킨라빈스 중앙대점,http://place.map.kakao.com/7893849,서울 동작구 흑석로 87,126.959310903081,37.5073260648421,7775271120,15.139174578170357
서울 동작구 흑석동 190-51,FD6,음식점,음식점 > 한식,,567419712,,스이루 중앙대점,http://place.map.kakao.com/567419712,서울 동작구 흑석로 91,126.95972593646,37.5074118025372,8323580239,14.350401981537349
서울 동작구 흑석동 190-11,FD6,음식점,"음식점 > 일식 > 돈까스,우동 > 유미카츠",,526162735,02-3280-3378,유미카츠 중앙대점,http://place.map.kakao.com/526162735,서울 동작구 흑석로9길 10,126.959690679008,37.5077766975052,2829530629,9.557562272607434
서울 동작구 흑석동 223-56,FD6,음식점,음식점 > 분식,,15556179,02-815-8245,포마토김밥 중앙대점,http://place.map.kakao.com/15556179,서울 동작구 흑석로 90,126.959686455361,37.5072180730127,4613243823,19.29955111362513
서울 동작구 흑석동 223-41,FD6,음식점,"음식점 > 술집 > 호프,요리주점",,2136042923,02-6326-0111,주력,http://place.map.kakao.com/2136042923,서울 동작구 흑석로8길 3,126.95966394143376,37.507020745236616,4613243823,31.3346607116711
서울 동작구 흑석동 223-18,FD6,음식점,"음식점 > 한식 > 찌개,전골 > 백채김치찌개",,1197383484,02-811-7754,백채김치찌개 중앙대점,http://place.map.kakao.com/1197383484,서울 동작구 흑석로 88,126.95936306515404,37.507075603417874,7775271120,20.468141721854135
서울 동작구 흑석동 223-18,FD6,음식점,"음식점 > 한식 > 육류,고기 > 닭요리 > 봉추찜닭",,12543940,02-6402-6981,봉추찜닭 중앙대점,http://place.map.kakao.com/12543940,서울 동작구 흑석로 88,126.959365324229,37.5070810102249,7775271120,20.152669076834844
서울 동작구 흑석동 190-3,FD6,음식점,"음식점 > 술집 > 호프,요리주점",,2089167227,,대관령,http://place.map.kakao.com/2089167227,서울 동작구 흑석로 95-1,126.960233665735,37.5075876705208,2829530628,10.919313158190809
서울 동작구 흑석동 223-18,FD6,음식점,음식점 > 일식 > 일본식라면,,284492856,0503-7152-2501,아스카라멘,http://place.map.kakao.com/284492856,서울 동작구 흑석로 88,126.95941732743103,37.507123375329506,4613243823,15.90749941427428
서울 동작구 흑석동 190-49,FD6,음식점,음식점 > 분식 > 떡볶이,,2005742979,,오여사 즉석떡볶이 중앙대점,http://place.map.kakao.com/2005742979,서울 동작구 흑석로13가길 43,126.959641095843,37.5074397047406,8323580239,8.167487726291588
서울 동작구 흑석동 190-11,FD6,음식점,"음식점 > 술집 > 호프,요리주점",,19031796,02-822-9901,스파이키,http://place.map.kakao.com/19031796,서울 동작구 흑석로9길 10,126.959704247292,37.5077839101735,2829530629,9.75511956611316
서울 동작구 흑석동 223-18,FD6,음식점,음식점 > 양식 > 피자,,18838721,02-824-2788,안,http://place.map.kakao.com/18838721,서울 동작구 흑석로 88,126.9593913202101,37.50711255433193,4613243823,17.86678182235455
서울 동작구 흑석동 190-33,FD6,음식점,"음식점 > 술집 > 호프,요리주점 > 인쌩맥주",,649537146,0503-7152-5437,인쌩맥주 중앙대점,http://place.map.kakao.com/649537146,서울 동작구 흑석로 85-5,126.959176276516,37.5073935937627,4613247241,17.092364202682433
서울 동작구 흑석동 190-6,FD6,음식점,"음식점 > 간식 > 제과,베이커리",,1715882697,,엘리스파이,http://place.map.kakao.com/1715882697,서울 동작구 흑석로 95,126.960018817008,37.5075065075548,2829530628,13.479473244771679
서울 동작구 흑석동 190-4,FD6,음식점,음식점 > 중식 > 중국요리 > 탕화쿵푸마라탕,,1202684401,,탕화쿵푸마라탕 중앙대점,http://place.map.kakao.com/1202684401,서울 동작구 흑석로9길 4,126.95998140424355,37.507674081791784,2829530629,21.142450107481046
서울 동작구 흑석동 190-4,FD6,음식점,음식점 > 술집 > 실내포장마차,,342657119,010-8343-8015,집시포차 흑석점,http://place.map.kakao.com/342657119,서울 동작구 흑석로9길 4,126.959981404244,37.5076740817918,2829530629,21.142450147174603
서울 동작구 흑석동 190-37,FD6,음식점,음식점 > 일식,,65048377,,체키,http://place.map.kakao.com/65048377,서울 동작구 흑석로 85-7,126.959288173347,37.507527882108,10232792229,26.742500215946986
서울 동작구 흑석동 190-39,FD6,음식점,"음식점 > 술집 > 호프,요리주점",,71813533,010-5296-1765,999.9,http://place.map.kakao.com/71813533,서울 동작구 흑석로 85-10,126.959408081818,37.5074882791644,8323580239,19.199854494912262
서울 동작구 흑석동 190-21,FD6,음식점,음식점 > 한식,,219584532,02-825-8384,학교종이땡땡땡,http://place.map.kakao.com/219584532,서울 동작구 흑석로13마길 65-9,126.959170509103,37.507599921896,10232792229,25.07243271518839
서울 동작구 흑석동 223-1,FD6,음식점,"음식점 > 한식 > 찌개,전골",,2020066889,02-821-9555,45년 의정부부대찌개 흑석본점,http://place.map.kakao.com/2020066889,서울 동작구 흑석로 94,126.959980508917,37.5072325890804,2829530628,34.404465202939
서울 동작구 흑석동 223-20,FD6,음식점,음식점 > 중식 > 양꼬치,,2092808901,,미뢰양꼬치,http://place.map.kakao.com/2092808901,서울 동작구 흑석로8길 6,126.95940048827212,37.50689091026132,7775271120,39.66165001335289
서울 동작구 흑석동 223-1,FD6,음식점,음식점 > 한식 > 해장국,,2089634932,02-3280-7173,청기와뼈다귀해장국&샤브칼국수 중앙대점,http://place.map.kakao.com/2089634932,서울 동작구 흑석로 94,126.959980489678,37.5072686292652,2829530628,30.980716123687145
서울 동작구 흑석동 190-49,FD6,음식점,음식점 > 양식,,1928551584,010-9002-8897,온도습도,http://place.map.kakao.com/1928551584,서울 동작구 흑석로13가길 43,126.959641095843,37.5074397047336,8323580239,8.16748848941065
서울 동작구 흑석동 190-7,FD6,음식점,"음식점 > 술집 > 호프,요리주점 > 피쉬앤그릴",,8119881,02-826-0148,피쉬앤그릴 중앙대점,http://place.map.kakao.com/8119881,서울 동작구 흑석로9길 5,126.95984687224617,37.5075650145517,2829530629,17.69505011485995
서울 동작구 흑석동 190-35,FD6,음식점,음식점 > 양식 > 이탈리안,,1902520901,02-821-9901,스파이키 2호점,http://place.map.kakao.com/1902520901,서울 동작구 흑석로9길 7,126.959722459689,37.5075676752104,8323580239,10.73974120961329
서울 동작구 흑석동 190-41,FD6,음식점,음식점 > 한식,,373500124,,정문식당,http://place.map.kakao.com/373500124,서울 동작구 흑석로 87,126.959367395777,37.5074324028637,4613243823,21.415394503466313
서울 동작구 흑석동 224-1,FD6,음식점,"음식점 > 한식 > 해물,생선 > 추어",,1539157930,02-812-8122,구름산추어탕 중앙대학교병원점,http://place.map.kakao.com/1539157930,서울 동작구 흑석로 102,126.96082338359341,37.506704882697406,4613243821,64.70820455106029
서울 동작구 흑석동 224-1,FD6,음식점,음식점,,481034752,,차군푸드,http://place.map.kakao.com/481034752,서울 동작구 흑석로 102,126.960422231621,37.5060380051955,10232790207,64.58657864297786
서울 동작구 흑석동 97-22,FD6,음식점,음식점 > 한식 > 순대,,18832290,02-815-0937,순대나라,http://place.map.kakao.com/18832290,서울 동작구 서달로12가길 5,126.96272236356975,37.50663341683055,4612845662,30.353770391481692
서울 동작구 흑석동 332,FD6,음식점,음식점 > 분식 > 김가네,,19564261,02-816-5580,김가네 중앙대점,http://place.map.kakao.com/19564261,서울 동작구 서달로 150,126.9622698926049,37.50677743398271,4612845662,34.03909157068063
서울 동작구 흑석동 332,FD6,음식점,음식점 > 일식,,1781352795,02-6052-5252,생선집,http://place.map.kakao.com/1781352795,서울 동작구 서달로 150,126.96232643572334,37.50679096709803,4612845662,28.852248571276654
서울 동작구 흑석동 332,FD6,음식점,음식점 > 한식,,982705599,02-812-0555,현주네김밥,http://place.map.kakao.com/982705599,서울 동작구 서달로 150,126.96218401264235,37.50662693867751,4612845662,49.09946043726373
서울 동작구 흑석동 225-15,FD6,음식점,음식점 > 양식 > 이탈리안,,22577117,02-816-6338,우뇽파스타뚝배기스파게티,http://place.map.kakao.com/22577117,서울 동작구 서달로 151,126.96155158167645,37.50702497873783,2824759219,16.34776792702624
서울 동작구 흑석동 184-19,FD6,음식점,음식점 > 중식 > 중국요리,,31170476,02-825-6755,진상천 중앙대점,http://place.map.kakao.com/31170476,서울 동작구 흑석로 101-7,126.960821564177,37.5080221513233,5106672539,10.606254876665187
서울 동작구 흑석동 225-15,FD6,음식점,"음식점 > 일식 > 초밥,롤",,1712863063,,유유초밥&참치,http://place.map.kakao.com/1712863063,서울 동작구 서달로 151,126.9615448238577,37.50697001523987,2824759219,19.410295269198706
서울 동작구 흑석동 184-14,FD6,음식점,"음식점 > 한식 > 육류,고기 > 삼겹살 > 엉터리생고기 무한대패",,1749062147,0507-1469-8977,엉터리생고기 무한대패 중앙대점,http://place.map.kakao.com/1749062147,서울 동작구 흑석로11길 4,126.960527571881,37.5078851007107,5106672539,26.236295680044275
서울 동작구 흑석동 184-19,FD6,음식점,"음식점 > 한식 > 육류,고기 > 갈비",,16904627,02-815-4724,거구장,http://place.map.kakao.com/16904627,서울 동작구 흑석로 101-7,126.96080346979,37.5080185413012,5106672539,10.304715249336015
서울 동작구 흑석동 184-21,FD6,음식점,"음식점 > 양식 > 스테이크,립",,27159753,02-3280-0078,치폴레옹 중앙대본점,http://place.map.kakao.com/27159753,서울 동작구 흑석로 101-5,126.960690392668,37.5079716514731,5106672539,12.47843676779633
서울 동작구 흑석동 184-21,FD6,음식점,음식점 > 샤브샤브,,15511687,02-824-2700,샤브일번가,http://place.map.kakao.com/15511687,서울 동작구 흑석로 101-5,126.96068587143814,37.50796624393933,5106672539,12.624187445772202
서울 동작구 흑석동 188,FD6,음식점,"음식점 > 한식 > 해물,생선 > 회",,8332369,02-814-5306,만선회수산,http://place.map.kakao.com/8332369,서울 동작구 흑석로13가길 25,126.9603805018503,37.50795713186283,4613247245,13.69073301834329
서울 동작구 흑석동 184-24,FD6,음식점,음식점 > 중식 > 중국요리 > 홍콩반점0410,,17187849,02-824-0410,홍콩반점0410 중앙대점,http://place.map.kakao.com/17187849,서울 동작구 흑석로 101-3,126.960685929085,37.5078563213655,5106672539,14.167937015931447
서울 동작구 흑석동 102-25,FD6,음식점,"음식점 > 한식 > 육류,고기 > 고기싸롱",,32255109,02-812-1418,고기싸롱 중앙대점,http://place.map.kakao.com/32255109,서울 동작구 흑석로 106-5,126.961452740675,37.507888109257,7775271106,11.677002624036225
서울 동작구 흑석동 190-2,FD6,음식점,음식점 > 중식 > 중국요리 > 춘리마라탕,,1399156333,,춘리마라탕 중앙대점,http://place.map.kakao.com/1399156333,서울 동작구 흑석로 99,126.960469995122,37.5076859593715,5106672540,7.466595766640361
서울 동작구 흑석동 189-2,FD6,음식점,음식점 > 중식,,1711246563,,사현스낵 중앙대점,http://place.map.kakao.com/1711246563,서울 동작구 흑석로11길 3,126.960346657159,37.5077949396305,4613247245,22.55473397111886
서울 동작구 흑석동 184-24,FD6,음식점,"음식점 > 한식 > 해물,생선",,1217819336,02-822-2941,상도코다리와낙지,http://place.map.kakao.com/1217819336,서울 동작구 흑석로 101-3,126.96068593286564,37.50784911332782,5106672539,14.623357735047728
서울 동작구 흑석동 184-28,FD6,음식점,음식점 > 분식 > 떡볶이 > 신전떡볶이,,468392824,,신전떡볶이 중앙대점,http://place.map.kakao.com/468392824,서울 동작구 흑석로 101-1,126.960650896014,37.5078022494012,5106672540,19.957575485845464
서울 동작구 흑석동 184-27,FD6,음식점,음식점 > 분식,,16499450,02-815-6357,김밥천국 중앙대점,http://place.map.kakao.com/16499450,서울 동작구 흑석로 101,126.960613604754,37.5077409686481,5106672540,12.429618752716971
서울 동작구 흑석동 190-2,FD6,음식점,음식점 > 패스트푸드 > 맘스터치,,1617549166,02-3280-3999,맘스터치 중앙대점,http://place.map.kakao.com/1617549166,서울 동작구 흑석로 99,126.96045982029146,37.507677846928985,5106672540,7.767227294885717
서울 동작구 흑석동 102-27,FD6,음식점,"음식점 > 한식 > 육류,고기 > 곱창,막창",,20099618,02-817-1611,천하장사소곱창,http://place.map.kakao.com/20099618,서울 동작구 흑석로 106-7,126.961522898286,37.5078205567652,4613243612,13.229339174470676
서울 동작구 흑석동 224-1,FD6,음식점,음식점 > 간식 > 도넛 > 던킨,,21238496,02-811-0651,던킨 중앙대병원점,http://place.map.kakao.com/21238496,서울 동작구 흑석로 102,126.960790455557,37.5069517471494,4613243821,63.53065226082158
서울 동작구 흑석동 224-1,FD6,음식점,음식점 > 한식 > 설렁탕,,13608452,070-8726-6687,큰솥설렁탕,http://place.map.kakao.com/13608452,서울 동작구 흑석로 102,126.96101661730007,37.507025704413486,10107993115,61.9210896787259
서울 동작구 흑석동 184-21,FD6,음식점,"음식점 > 술집 > 호프,요리주점",,739889957,,요술시계,http://place.map.kakao.com/739889957,서울 동작구 흑석로 101-5,126.960672296409,37.5079716454496,5106672539,13.95886182990237
서울 동작구 흑석동 225-15,FD6,음식점,음식점 > 간식 > 닭강정 > 가마로강정,,20683372,02-3280-0808,가마로강정 중앙대점,http://place.map.kakao.com/20683372,서울 동작구 서달로 151,126.96156289446725,37.507019576396495,2824759219,15.56620781792286
서울 동작구 흑석동 224-1,FD6,음식점,음식점 > 분식,,18752634,02-6298-4079,영스넥,http://place.map.kakao.com/18752634,서울 동작구 흑석로 102,126.960862788808,37.5070490796771,4613243679,68.9073943221877
서울 동작구 흑석동 224-1,FD6,음식점,음식점 > 한식 > 죽 > 죽이야기,,15944821,02-813-6288,죽이야기 중앙대병원점,http://place.map.kakao.com/15944821,서울 동작구 흑석로 102,126.960772287882,37.5070886938772,4613243679,62.01275427349471
서울 동작구 흑석동 224-1,FD6,음식점,음식점 > 한식,,12045548,,소담,http://place.map.kakao.com/12045548,서울 동작구 흑석로 102,126.960840253479,37.5068868913075,4613243821,66.2704328956018
서울 동작구 흑석동 183-42,FD6,음식점,음식점 > 간식,,1210130061,,점순이호떡,http://place.map.kakao.com/1210130061,서울 동작구 흑석로 103,126.960821649878,37.5078581684678,5106672539,7.596980673357589
서울 동작구 흑석동 190-57,FD6,음식점,"음식점 > 술집 > 호프,요리주점",,9610309,,블룸,http://place.map.kakao.com/9610309,서울 동작구 흑석로 97-1,126.960419114334,37.5076580111886,5106672540,10.616477859622616
서울 동작구 흑석동 184-14,FD6,음식점,음식점 > 한식 > 해장국,,1008782614,02-822-8977,엉터리해장국 중앙대점,http://place.map.kakao.com/1008782614,서울 동작구 흑석로11길 4,126.960532099735,37.5078778941847,5106672540,25.698741863314815
서울 동작구 흑석동 224-1,FD6,음식점,"음식점 > 일식 > 돈까스,우동",,12969101,,나라비우동,http://place.map.kakao.com/12969101,서울 동작구 흑석로 102,126.96076671962926,37.50692290710802,4613243821,60.6792913801866
서울 동작구 흑석동 102-65,FD6,음식점,"음식점 > 한식 > 육류,고기",,16044352,02-814-4467,황토정,http://place.map.kakao.com/16044352,서울 동작구 서달로13길 5-23,126.961884888711,37.5076909294194,4613243609,12.364731588111116
서울 동작구 흑석동 102-130,FD6,음식점,음식점 > 일식,,373702690,02-6264-2481,우시마츠,http://place.map.kakao.com/373702690,서울 동작구 서달로 165-1,126.96267078096936,37.50801464113152,4612938749,13.187481103044263
서울 동작구 흑석동 100-20,FD6,음식점,음식점 > 양식 > 이탈리안 > 미태리,,1157652287,02-3280-7555,미태리 중앙대점,http://place.map.kakao.com/1157652287,서울 동작구 서달로 159,126.962088468133,37.5076964009622,4613243614,19.296157371671345
서울 동작구 흑석동 102-1,FD6,음식점,음식점 > 한식 > 순대 > 큰맘할매순대국,,23701125,02-823-8003,큰맘할매순대국 흑석동점,http://place.map.kakao.com/23701125,서울 동작구 서달로 167,126.96279404884,37.5080408091696,4612938749,18.04447671513947
서울 동작구 흑석동 102-51,FD6,음식점,음식점 > 한식 > 쌈밥,,8035429,02-816-0338,유정쌈밥,http://place.map.kakao.com/8035429,서울 동작구 서달로13길 5-14,126.96205667484,37.5079432660907,4615044905,8.107806448492559
서울 동작구 흑석동 97-42,FD6,음식점,"음식점 > 한식 > 육류,고기 > 곱창,막창",,18618287,02-813-1891,소문난만천,http://place.map.kakao.com/18618287,서울 동작구 서달로12길 13,126.962550274837,37.5069883583815,4612845662,12.228145453134154
서울 동작구 흑석동 100-46,FD6,음식점,"음식점 > 한식 > 찌개,전골",,223851276,02-6956-6578,이태리부대찌개 중앙대점,http://place.map.kakao.com/223851276,서울 동작구 서달로 157,126.961703963617,37.5076187905096,4613243606,12.331314501588304
서울 동작구 흑석동 102-33,FD6,음식점,"음식점 > 한식 > 육류,고기 > 갈비",,986564290,02-814-9413,호남숯불갈비,http://place.map.kakao.com/986564290,서울 동작구 서달로13길 11-13,126.96168120247,37.5078944906167,4613243612,5.654880926724597
서울 동작구 흑석동 102-30,FD6,음식점,"음식점 > 간식 > 제과,베이커리 > 파리바게뜨",,8569874,02-813-6550,파리바게뜨 중앙대점,http://place.map.kakao.com/8569874,서울 동작구 서달로13길 5-30,126.96160892271216,37.5076890380415,4613243606,8.301481139110752
서울 동작구 흑석동 100-20,FD6,음식점,음식점 > 분식,,389199892,010-2394-0208,"그날, 그밥",http://place.map.kakao.com/389199892,서울 동작구 서달로 159,126.962087334842,37.5077009056159,4613243614,18.786282057531118
서울 동작구 흑석동 97,FD6,음식점,음식점 > 치킨,,122162535,02-815-3785,꼬꼬댁숯불통닭,http://place.map.kakao.com/122162535,서울 동작구 서달로14가길 16,126.962755954601,37.5073154882186,4612845662,48.00612817618579
서울 동작구 흑석동 100-20,FD6,음식점,음식점 > 분식,,1498909772,02-811-7762,곽선생 왕만두 흑석점,http://place.map.kakao.com/1498909772,서울 동작구 서달로 159,126.96209299127,37.5076982044236,4613243614,19.179052369598114
서울 동작구 흑석동 97-6,FD6,음식점,"음식점 > 한식 > 육류,고기 > 족발,보쌈",,15520768,02-813-6338,영광족발,http://place.map.kakao.com/15520768,서울 동작구 서달로12길 13,126.962464329559,37.5069667069824,4612845662,16.25332741540222
서울 동작구 흑석동 97-4,FD6,음식점,음식점 > 한식,,1149571210,,동부식당,http://place.map.kakao.com/1149571210,서울 동작구 서달로12길 17,126.962784412251,37.5069478871536,4612845662,15.230310586196484
서울 동작구 흑석동 97-38,FD6,음식점,음식점 > 한식,,865436728,02-816-8886,흑석전집 중앙대점,http://place.map.kakao.com/865436728,서울 동작구 서달로12길 13,126.962578577307,37.5069334060453,4612845662,5.867996957546584
서울 동작구 흑석동 102-84,FD6,음식점,"음식점 > 한식 > 육류,고기 > 닭요리",,21238528,02-824-8210,노들닭볶음탕,http://place.map.kakao.com/21238528,서울 동작구 서달로13길 5-2,126.96228397048108,37.508019924295546,4613243605,8.448618493189453
서울 동작구 흑석동 186-108,FD6,음식점,음식점 > 양식,,156109787,,콘텐토,http://place.map.kakao.com/156109787,서울 동작구 흑석로13마길 14,126.959404911786,37.5091650479887,2829530617,65.36410935654486
서울 동작구 흑석동 184-18,FD6,음식점,음식점 > 중식 > 중국요리,,16904507,02-813-0572,안동장,http://place.map.kakao.com/16904507,서울 동작구 흑석로 105-1,126.961011488802,37.5081879990524,436883256,19.976702128205282
서울 동작구 흑석동 181-15,FD6,음식점,"음식점 > 한식 > 해물,생선 > 회",,1560964328,02-821-2378,대박,http://place.map.kakao.com/1560964328,서울 동작구 흑석로 111-5,126.96101590979694,37.508386221568465,436883256,25.595926559519615
서울 동작구 흑석동 177-1,FD6,음식점,"음식점 > 한식 > 육류,고기",,15256268,02-822-3035,삼목등심,http://place.map.kakao.com/15256268,서울 동작구 흑석로13길 9,126.9606230602247,37.509118608110946,10232790156,29.643724099616236
서울 동작구 흑석동 180-4,FD6,음식점,음식점 > 치킨,,23925462,02-813-1804,리얼후라이 중앙대본점,http://place.map.kakao.com/23925462,서울 동작구 흑석로 115,126.96144208698318,37.50881073468391,4613247248,14.862441081905702
서울 동작구 흑석동 180-3,FD6,음식점,"음식점 > 한식 > 찌개,전골",,22180479,,박서방네,http://place.map.kakao.com/22180479,서울 동작구 흑석로13길 4,126.96126561342504,37.508874648289456,4613247248,17.641688038977204
서울 동작구 흑석동 184-9,FD6,음식점,"음식점 > 술집 > 호프,요리주점",,123133732,010-2908-4885,리버풀펍,http://place.map.kakao.com/123133732,서울 동작구 흑석로 101-10,126.96089389474,37.5081266918522,5106672539,23.156266196393826
서울 동작구 흑석동 182-7,FD6,음식점,음식점 > 패스트푸드 > 롯데리아,,13017108,02-817-3200,롯데리아 중앙대점,http://place.map.kakao.com/13017108,서울 동작구 흑석로 110-1,126.96146837065,37.5082854574892,436883256,21.847445767708766
서울 동작구 흑석동 187-5,FD6,음식점,음식점 > 한식,,1815937823,02-3280-5355,한식뷔페가보세,http://place.map.kakao.com/1815937823,서울 동작구 흑석로13가길 19,126.960499151705,37.5081598976805,4613247245,31.647423833845263
서울 동작구 흑석동 181-13,FD6,음식점,"음식점 > 술집 > 호프,요리주점",,501165308,,오붓당,http://place.map.kakao.com/501165308,서울 동작구 흑석로 109-2,126.96116067413571,37.50839888332306,436883256,19.571431644816172
서울 동작구 흑석동 181-19,FD6,음식점,"음식점 > 일식 > 초밥,롤",,16043587,02-814-1400,해랑초밥,http://place.map.kakao.com/16043587,서울 동작구 흑석로 114,126.96153158945773,37.50851613531989,2829530659,9.88531547867031
서울 동작구 흑석동 181-19,FD6,음식점,음식점 > 샐러드 > 슬로우캘리,,691761104,02-3280-6514,슬로우캘리 중앙대점,http://place.map.kakao.com/691761104,서울 동작구 흑석로 114,126.961518020865,37.5085089228622,2829530659,9.722392444460157
서울 동작구 흑석동 181-11,FD6,음식점,음식점 > 술집 > 일본식주점,,2023688924,,골목안,http://place.map.kakao.com/2023688924,서울 동작구 흑석로 111,126.961210354279,37.5085628825166,4613247248,19.9398969502074
서울 동작구 흑석동 180-4,FD6,음식점,음식점 > 술집 > 실내포장마차 > 한신포차,,1754201915,02-817-5238,한신포차 중앙대점,http://place.map.kakao.com/1754201915,서울 동작구 흑석로 115,126.961409298742,37.5087881988654,4613247248,11.034793802781595
서울 동작구 흑석동 181-16,FD6,음식점,"음식점 > 술집 > 호프,요리주점",,23258393,,엉터리맥주집,http://place.map.kakao.com/23258393,서울 동작구 흑석로 109-1,126.961124510381,37.5083430091297,436883256,15.525558074581612
서울 동작구 흑석동 181-14,FD6,음식점,"음식점 > 한식 > 육류,고기",,9691920,02-816-7898,더돼지,http://place.map.kakao.com/9691920,서울 동작구 흑석로 111-6,126.9610248858347,37.50852497926634,4613247248,33.78999092661253
서울 동작구 흑석동 180-4,FD6,음식점,음식점 > 패스트푸드 > 샌드위치 > 홍루이젠,,697774324,02-822-5527,홍루이젠 흑석중앙대점,http://place.map.kakao.com/697774324,서울 동작구 흑석로 115,126.961440955491,37.5088116353263,4613247248,14.855696868846808
서울 동작구 흑석동 183-1,FD6,음식점,"음식점 > 술집 > 호프,요리주점",,15640575,010-2684-2295,맥주창고,http://place.map.kakao.com/15640575,서울 동작구 흑석로 110,126.961423216981,37.5081160538457,436883256,21.31177010170305
서울 동작구 흑석동 181-11,FD6,음식점,"음식점 > 일식 > 돈까스,우동 > 미소야",,17105420,02-823-7304,미소야 중앙대점,http://place.map.kakao.com/17105420,서울 동작구 흑석로 111,126.961255617637,37.5085196491429,2829530659,18.7180054575677
서울 동작구 흑석동 181-11,FD6,음식점,"음식점 > 술집 > 호프,요리주점",,16044358,,마을광장,http://place.map.kakao.com/16044358,서울 동작구 흑석로 111,126.96125104277365,37.508617857161255,4613247248,12.865249554308258
서울 동작구 흑석동 182-7,FD6,음식점,음식점 > 술집 > 실내포장마차,,1366623943,02-6465-8454,아재포차 흑석점,http://place.map.kakao.com/1366623943,서울 동작구 흑석로 110-1,126.96146837065,37.5082854574892,436883256,21.847445767708766
서울 동작구 흑석동 182-7,FD6,음식점,"음식점 > 간식 > 제과,베이커리",,599245481,,복라이스케이크베이커리,http://place.map.kakao.com/599245481,서울 동작구 흑석로 110-1,126.96144347475,37.5083115785049,436883256,20.80165123445656
서울 동작구 흑석동 181-16,FD6,음식점,음식점 > 술집,,2075565818,,16.8바,http://place.map.kakao.com/2075565818,서울 동작구 흑석로 109-1,126.961122243664,37.5083520184316,436883256,16.449138512897367
서울 동작구 흑석동 182-5,FD6,음식점,"음식점 > 술집 > 호프,요리주점",,15727417,02-824-0709,장독대,http://place.map.kakao.com/15727417,서울 동작구 흑석로 112,126.961653819369,37.5083612022397,2829530659,30.043752641690837
서울 동작구 흑석동 180-1,FD6,음식점,"음식점 > 한식 > 육류,고기",,27280183,,흑석드럼통소금구이,http://place.map.kakao.com/27280183,서울 동작구 서달로15길 22,126.962051749402,37.5087361487315,4612938745,14.177417078054754
서울 동작구 흑석동 181-1,FD6,음식점,"음식점 > 한식 > 육류,고기",,1699266211,02-821-1800,박군하누,http://place.map.kakao.com/1699266211,서울 동작구 서달로15길 23,126.96184938576917,37.508558585610885,4612938745,21.27014190799726
서울 동작구 흑석동 101-1,FD6,음식점,"음식점 > 한식 > 육류,고기 > 족발,보쌈",,1141685123,02-3280-8385,연안족발,http://place.map.kakao.com/1141685123,서울 동작구 서달로15길 7,126.96268196689466,37.50826422301119,4613243611,38.250292363122675
서울 동작구 흑석동 182-5,FD6,음식점,"음식점 > 한식 > 육류,고기 > 족발,보쌈",,148390940,02-3280-0506,미족현,http://place.map.kakao.com/148390940,서울 동작구 흑석로 112,126.961636848044,37.5083729097915,2829530659,28.112941966657573
서울 동작구 흑석동 162-10,FD6,음식점,"음식점 > 한식 > 해물,생선 > 장어",,1218454383,02-816-8892,팔당장어 흑석점,http://place.map.kakao.com/1218454383,서울 동작구 흑석로 120-1,126.961984951598,37.5088685749412,4612938745,15.780058390564427
서울 동작구 흑석동 106-7,FD6,음식점,음식점 > 한식 > 감자탕,,16619658,02-816-9262,양평감자탕,http://place.map.kakao.com/16619658,서울 동작구 서달로15길 16,126.962368509541,37.5085920893091,4613243610,42.20757492828355
서울 동작구 흑석동 341,FD6,음식점,음식점 > 아시아음식 > 동남아음식 > 베트남음식,,738734596,070-4833-4504,사이공파크,http://place.map.kakao.com/738734596,서울 동작구 현충로 52,126.96163533014207,37.50912885227111,2829530656,26.098747724156716
서울 동작구 흑석동 180-6,FD6,음식점,음식점 > 치킨 > 교촌치킨,,11033619,02-814-3377,교촌치킨 흑석1호점,http://place.map.kakao.com/11033619,서울 동작구 흑석로 116,126.96166382255228,37.50870538930112,4612938745,20.701153244330193
서울 동작구 흑석동 101-1,FD6,음식점,음식점 > 한식,,2002189822,,든든채 흑석점,http://place.map.kakao.com/2002189822,서울 동작구 서달로15길 7,126.962555350641,37.5081479533135,4613243605,21.9777450865521
서울 동작구 흑석동 341,FD6,음식점,음식점 > 양식 > 피자 > 서오릉피자,,831587002,02-825-6400,서오릉피자 흑석점,http://place.map.kakao.com/831587002,서울 동작구 현충로 52,126.96171675766391,37.50914239375973,2829530656,27.38356631968572
서울 동작구 흑석동 107,FD6,음식점,"음식점 > 간식 > 제과,베이커리",,584999268,0502-5550-9979,케이크링,http://place.map.kakao.com/584999268,서울 동작구 흑석로 124-1,126.962214457078,37.5090542555481,4612938745,44.4321342971477
서울 동작구 흑석동 180-1,FD6,음식점,음식점 > 치킨 > 계림원,,11999139,02-3280-8834,계림원 흑석중앙대점,http://place.map.kakao.com/11999139,서울 동작구 서달로15길 22,126.9620359214015,37.50872352957923,4612938745,12.99318857134265
서울 동작구 흑석동 101-4,FD6,음식점,음식점 > 술집 > 실내포장마차,,185131288,,퍼주마포차,http://place.map.kakao.com/185131288,서울 동작구 서달로15길 17,126.962159328027,37.5084766938658,4613243610,27.149101571991995
서울 동작구 흑석동 106-32,FD6,음식점,"음식점 > 한식 > 육류,고기 > 곱창,막창",,18837618,02-827-0531,곱창스토브,http://place.map.kakao.com/18837618,서울 동작구 서달로15길 12,126.962554049945,37.5084876317191,4613243610,41.71153460122736
서울 동작구 흑석동 181-20,FD6,음식점,음식점 > 치킨,,2083328399,02-817-1733,명동치킨호프,http://place.map.kakao.com/2083328399,서울 동작구 서달로15길 19,126.962017884765,37.5086054921588,4612938745,19.26763734874662
서울 동작구 흑석동 162-3,FD6,음식점,음식점 > 치킨 > 노랑통닭,,62667544,02-3280-9982,노랑통닭 흑석점,http://place.map.kakao.com/62667544,서울 동작구 흑석로 120,126.96203128091881,37.508953284285006,4612938745,25.97707282662749
서울 동작구 흑석동 106-26,FD6,음식점,"음식점 > 한식 > 육류,고기 > 곱창,막창",,79431832,02-6941-0028,우재곱창,http://place.map.kakao.com/79431832,서울 동작구 서달로15길 20-5,126.96220098327673,37.50885873321633,4612938745,29.992475282323852
서울 동작구 흑석동 106-32,FD6,음식점,"음식점 > 한식 > 해물,생선",,21334036,02-815-9599,미스터꼼장어 미스쭈꾸미,http://place.map.kakao.com/21334036,서울 동작구 서달로15길 12,126.962576672224,37.5084840348693,4613243610,42.95420439682921
서울 동작구 흑석동 181-1,FD6,음식점,음식점 > 양식 > 피자,,1743873981,02-823-3338,슈퍼피자 흑석점,http://place.map.kakao.com/1743873981,서울 동작구 서달로15길 23,126.9616526233591,37.50848824352614,2829530659,20.33532198615797
서울 동작구 흑석동 181-1,FD6,음식점,음식점 > 술집 > 와인바,,352896360,02-6080-1811,흑석181,http://place.map.kakao.com/352896360,서울 동작구 서달로15길 23,126.961726105417,37.5085558427161,2829530659,24.257507063278
서울 동작구 흑석동 181,FD6,음식점,음식점 > 분식,,249658108,02-3280-6199,천하튀김꼬치,http://place.map.kakao.com/249658108,서울 동작구 서달로15길 23,126.961652623359,37.5084882435261,2829530659,20.335321980323723
서울 동작구 흑석동 106-7,FD6,음식점,음식점 > 술집,,15709470,02-826-1707,잔치집막걸리,http://place.map.kakao.com/15709470,서울 동작구 서달로15길 16,126.962350416752,37.5085848755056,4613243610,40.92589597006339
서울 동작구 흑석동 181-1,FD6,음식점,"음식점 > 술집 > 호프,요리주점",,1098411335,,탭하우스,http://place.map.kakao.com/1098411335,서울 동작구 서달로15길 23,126.961744201818,37.5085558485782,4612938745,24.93583872427186
서울 동작구 흑석동 101-4,FD6,음식점,"음식점 > 한식 > 해물,생선",,1564600519,02-815-3318,끼리명태 흑석점,http://place.map.kakao.com/1564600519,서울 동작구 서달로15길 17,126.96216610553,37.5084938151345,4613243610,28.952307241003172
서울 동작구 흑석동 102-1,FD6,음식점,"음식점 > 술집 > 호프,요리주점",,13319609,,모그,http://place.map.kakao.com/13319609,서울 동작구 서달로 167,126.962803077307,37.5080804562261,4612938749,22.339579306196452
서울 동작구 흑석동 341,FD6,음식점,음식점 > 치킨 > 깐부치킨,,686518910,02-823-9226,깐부치킨 흑석점,http://place.map.kakao.com/686518910,서울 동작구 현충로 52,126.96238838654376,37.50955166563242,7775271115,34.540149564573156
서울 동작구 흑석동 341,FD6,음식점,음식점 > 양식 > 햄버거 > 프랭크버거,,263454313,02-811-1355,프랭크버거 중앙대점,http://place.map.kakao.com/263454313,서울 동작구 현충로 52,126.9621611061642,37.509435363441575,7775271115,55.79098994887572
서울 동작구 흑석동 341,FD6,음식점,음식점 > 치킨 > 처갓집양념치킨,,1583799846,02-824-9001,처갓집양념치킨 흑석점,http://place.map.kakao.com/1583799846,서울 동작구 현충로 52,126.96104056202796,37.511005450034546,4613243641,44.559285541826505
서울 동작구 흑석동 336,FD6,음식점,음식점 > 분식,,1598788715,02-3280-1740,마미랑분식,http://place.map.kakao.com/1598788715,서울 동작구 흑석한강로 27,126.96468401801923,37.503156139003345,4611303880,25.421464023765743
서울 동작구 흑석동 54-149,FD6,음식점,"음식점 > 한식 > 육류,고기",,1143583531,02-812-2400,구공탄불고기,http://place.map.kakao.com/1143583531,서울 동작구 서달로12나길 2,126.96306386000427,37.50676416983075,4611246549,11.417695714151684
서울 동작구 흑석동 54-151,FD6,음식점,"음식점 > 한식 > 육류,고기 > 곱창,막창",,16625004,02-814-9177,송이식당,http://place.map.kakao.com/16625004,서울 동작구 서달로12길 29,126.963043599311,37.5065668433932,4611246549,31.989221819319827
서울 동작구 흑석동 54-152,FD6,음식점,"음식점 > 한식 > 찌개,전골 > 땅스부대찌개",,80700425,02-3280-8599,땅스부대찌개 흑석시장점,http://place.map.kakao.com/80700425,서울 동작구 서달로12길 24,126.962869326116,37.5067686138748,4611246549,14.742552033480374
서울 동작구 흑석동 54-149,FD6,음식점,음식점 > 한식 > 국수,,213309368,,고기국수,http://place.map.kakao.com/213309368,서울 동작구 서달로12나길 2,126.963063860004,37.5067641698308,4611246549,11.417695697942783
서울 동작구 흑석동 54-152,FD6,음식점,음식점 > 분식 > 떡볶이 > 땅스떡볶이,,508817918,02-3280-8599,땅스떡볶이 흑석시장점,http://place.map.kakao.com/508817918,서울 동작구 서달로12길 24,126.962877242656,37.506769517368,4611246549,14.142310476335448
서울 동작구 흑석동 52-7,FD6,음식점,음식점 > 일식,,1481552838,02-812-6685,주주총회,http://place.map.kakao.com/1481552838,서울 동작구 서달로14가길 9,126.96297530129873,37.50745431193555,4611290216,32.94249413536888
서울 동작구 흑석동 54-161,FD6,음식점,음식점 > 한식 > 순대,,12439395,02-812-0539,진미순대,http://place.map.kakao.com/12439395,서울 동작구 서달로14나길 24-5,126.96284649628303,37.50719207904365,4612845662,38.27820235939668
서울 동작구 흑석동 51-6,FD6,음식점,음식점 > 중식 > 양꼬치,,19748751,02-816-8522,성민양꼬치 중대점,http://place.map.kakao.com/19748751,서울 동작구 서달로14나길 9,126.963653856117,37.5075581382382,4612824428,30.61521574606952
서울 동작구 흑석동 54-146,FD6,음식점,음식점 > 한식,,18751205,02-816-3556,수목식당,http://place.map.kakao.com/18751205,서울 동작구 서달로14나길 28,126.96303431322,37.5070497791868,4611246549,22.09281564927212
서울 동작구 흑석동 52-26,FD6,음식점,음식점 > 한식 > 국수,,1356921856,02-3280-2925,가이오국수 중앙대점,http://place.map.kakao.com/1356921856,서울 동작구 서달로14길 8,126.9634682282185,37.50785000656344,4612824428,35.83824136202363
서울 동작구 흑석동 50-47,FD6,음식점,음식점 > 양식,,837501345,070-4400-4912,더큐어링,http://place.map.kakao.com/837501345,서울 동작구 서달로14길 12,126.9637339751931,37.50793568391376,4612824428,20.923753209370194
서울 동작구 흑석동 97-1,FD6,음식점,"음식점 > 한식 > 육류,고기 > 닭요리 > 삼계탕",,496015308,02-824-3339,평강삼계탕 중앙대점,http://place.map.kakao.com/496015308,서울 동작구 서달로 166,126.962923077054,37.5078543417333,4612938749,20.542758067739317
서울 동작구 흑석동 50-24,FD6,음식점,음식점 > 한식 > 순대,,752520562,,충북원조순대국밥,http://place.map.kakao.com/752520562,서울 동작구 서달로14길 16,126.963807556898,37.5077996547454,4612824428,5.493133911698515
서울 동작구 흑석동 52-17,FD6,음식점,음식점 > 술집 > 일본식주점,,1244817044,,흑석동선술집 키코,http://place.map.kakao.com/1244817044,서울 동작구 서달로14나길 17,126.963465048584,37.5074121171932,4611290216,18.66274920658091
서울 동작구 흑석동 50-37,FD6,음식점,"음식점 > 한식 > 육류,고기",,19737004,02-813-3460,화르르,http://place.map.kakao.com/19737004,서울 동작구 서달로14나길 3,126.96396591786403,37.50776005894474,4612824428,9.284280065803374
서울 동작구 흑석동 51-1,FD6,음식점,"음식점 > 한식 > 육류,고기 > 엉터리생고기",,13127065,0507-1424-0731,엉터리생고기 흑석신관,http://place.map.kakao.com/13127065,서울 동작구 서달로14나길 8,126.96372049195814,37.50775187477804,4612824428,12.950244681592832
서울 동작구 흑석동 50-47,FD6,음식점,"음식점 > 한식 > 해물,생선",,16448937,02-907-9890,팔미낙지한마리수제비 중대점,http://place.map.kakao.com/16448937,서울 동작구 서달로14길 12,126.96370457576516,37.50792125879913,4612824428,21.224026104332975
서울 동작구 흑석동 51-3,FD6,음식점,"음식점 > 한식 > 육류,고기 > 엉터리생고기",,1024238651,02-814-3376,엉터리생고기 흑석본점,http://place.map.kakao.com/1024238651,서울 동작구 서달로14나길 10,126.963622112635,37.5077131013113,4612824428,22.501400471622066
서울 동작구 흑석동 53-6,FD6,음식점,"음식점 > 일식 > 돈까스,우동",,1894290987,02-6105-0028,다온,http://place.map.kakao.com/1894290987,서울 동작구 서달로14라길 12,126.96379667057298,37.50692207258486,4611313608,10.754161664996252
서울 동작구 흑석동 54-156,FD6,음식점,"음식점 > 한식 > 해물,생선 > 회",,12153135,02-824-8934,포항물회,http://place.map.kakao.com/12153135,서울 동작구 서달로14가길 19,126.962835226439,37.507110985057,4612845662,30.266941240081366
서울 동작구 흑석동 50-40,FD6,음식점,"음식점 > 한식 > 해물,생선 > 회",,21360670,02-815-8743,해달비횟집,http://place.map.kakao.com/21360670,서울 동작구 서달로14나길 5,126.963902614107,37.5076915632446,4612824428,10.18281883915848
서울 동작구 흑석동 54-154,FD6,음식점,음식점 > 한식,,140485025,0507-1496-0617,봉평면옥,http://place.map.kakao.com/140485025,서울 동작구 서달로14나길 24-2,126.96311791519031,37.507237214356145,4611290216,17.861438692247646
서울 동작구 흑석동 50-24,FD6,음식점,"음식점 > 한식 > 해물,생선 > 회",,10416983,02-815-4600,물바우횟집,http://place.map.kakao.com/10416983,서울 동작구 서달로14길 16,126.963812056596,37.5078501123974,4612824428,9.216298530282058
서울 동작구 흑석동 50-24,FD6,음식점,"음식점 > 한식 > 해물,생선 > 회",,16090897,02-813-3565,일번지해물식당,http://place.map.kakao.com/16090897,서울 동작구 서달로14길 16,126.96383921050318,37.50783029859862,4612824428,6.2037494690345065
서울 동작구 흑석동 50-24,FD6,음식점,음식점 > 술집 > 실내포장마차,,485919670,02-812-2081,요리조리분식포차,http://place.map.kakao.com/485919670,서울 동작구 서달로14길 16,126.963821094275,37.5078717392828,4612824428,11.073742067530643
서울 동작구 흑석동 50-24,FD6,음식점,"음식점 > 한식 > 육류,고기",,21187638,,원조소금구이,http://place.map.kakao.com/21187638,서울 동작구 서달로14길 16,126.963821094275,37.5078717392828,4612824428,11.073742067530643
서울 동작구 흑석동 50-24,FD6,음식점,"음식점 > 한식 > 육류,고기",,1559503334,02-815-2259,민정숯불소금구이,http://place.map.kakao.com/1559503334,서울 동작구 서달로14길 16,126.963833544565,37.507852821993,4612824428,8.732213213783549
서울 동작구 흑석동 50-43,FD6,음식점,"음식점 > 한식 > 육류,고기 > 족발,보쌈",,1697805349,02-816-8282,더족발 흑석점,http://place.map.kakao.com/1697805349,서울 동작구 서달로14나길 7,126.96375673925832,37.50763835928044,4612824428,18.118462000222088
서울 동작구 흑석동 50-41,FD6,음식점,"음식점 > 한식 > 육류,고기 > 갈비",,86224896,02-814-3370,엉터리진소갈비 흑석점,http://place.map.kakao.com/86224896,서울 동작구 서달로14나길 5-1,126.96382232921192,37.50765639948491,4612824428,13.952348174905708
서울 동작구 흑석동 53-4,FD6,음식점,음식점 > 한식,,786216609,010-4893-1453,황토방식당,http://place.map.kakao.com/786216609,서울 동작구 서달로12나길 11,126.963604331392,37.5070643722711,4612824432,9.77120755147048
서울 동작구 흑석동 54-145,FD6,음식점,음식점 > 치킨,,646392139,,옛날통닭,http://place.map.kakao.com/646392139,서울 동작구 서달로14나길 24-1,126.96307158969427,37.507144396370194,4611290216,27.11119882751281
서울 동작구 흑석동 51,FD6,음식점,음식점 > 술집 > 실내포장마차,,89358267,,시장마차 흑석점,http://place.map.kakao.com/89358267,서울 동작구 서달로14나길 9,126.963669693314,37.5075518360757,4612824428,30.36421437239641
서울 동작구 흑석동 53-5,FD6,음식점,음식점 > 한식 > 국밥,,481324715,02-825-6561,토끼네,http://place.map.kakao.com/481324715,서울 동작구 서달로14라길 8,126.96373218175589,37.506967103046385,4611313608,17.19092275192199
서울 동작구 흑석동 54-146,FD6,음식점,"음식점 > 한식 > 육류,고기 > 족발,보쌈",,13298434,02-813-5541,명동한방족발,http://place.map.kakao.com/13298434,서울 동작구 서달로14나길 28,126.96303431322,37.5070497791868,4611246549,22.09281564927212
서울 동작구 흑석동 52-26,FD6,음식점,음식점 > 술집,,1807247738,,비어퀸,http://place.map.kakao.com/1807247738,서울 동작구 서달로14길 8,126.96348970827682,37.50786893430691,4612824428,34.545478282046446
서울 동작구 흑석동 52-5,FD6,음식점,음식점 > 한식,,310933609,,진미함바식당,http://place.map.kakao.com/310933609,서울 동작구 서달로14나길 20,126.963151767842,37.5073949007818,4611290216,16.23645045984028
서울 동작구 흑석동 54-142,FD6,음식점,음식점 > 한식,,1451069183,010-2769-9446,온담순두부,http://place.map.kakao.com/1451069183,서울 동작구 서달로14나길 27,126.96314180141,37.5069624152823,4611246549,17.5782234699886
서울 동작구 흑석동 8-37,FD6,음식점,"음식점 > 간식 > 제과,베이커리",,18771379,,흑석동프랑세즈,http://place.map.kakao.com/18771379,서울 동작구 현충로 96,126.964264421125,37.5079367465831,4612845666,20.51547317427149
서울 동작구 흑석동 43-3,FD6,음식점,"음식점 > 한식 > 육류,고기 > 닭요리",,832603565,02-813-7541,재팔이네닭발 본점,http://place.map.kakao.com/832603565,서울 동작구 서달로14길 34,126.964739688442,37.5074251186205,3888649127,12.984079024119758
서울 동작구 흑석동 8-30,FD6,음식점,"음식점 > 술집 > 호프,요리주점",,1206622245,,사랑방,http://place.map.kakao.com/1206622245,서울 동작구 현충로 96-1,126.96434587654,37.5078899189441,4612845666,28.31540912389605
서울 동작구 흑석동 6-10,FD6,음식점,"음식점 > 한식 > 육류,고기",,1050988588,0502-5551-0336,계단집,http://place.map.kakao.com/1050988588,서울 동작구 현충로 94,126.964185210423,37.5080196150404,4612845666,15.986165814843897
서울 동작구 흑석동 50-22,FD6,음식점,"음식점 > 한식 > 육류,고기 > 갈비",,20637429,02-825-9285,청대문,http://place.map.kakao.com/20637429,서울 동작구 서달로14길 24,126.964237379908,37.5077204972275,3888649126,29.83735929303597
서울 동작구 흑석동 50-21,FD6,음식점,"음식점 > 술집 > 호프,요리주점",,258429804,,알프스,http://place.map.kakao.com/258429804,서울 동작구 서달로14길 24-1,126.964309785295,37.5076772708909,3888649126,22.477370569140373
서울 동작구 흑석동 9-27,FD6,음식점,"음식점 > 한식 > 육류,고기 > 갈비",,915767681,02-813-2399,남매이야기,http://place.map.kakao.com/915767681,서울 동작구 현충로 104,126.96500997201971,37.507483764312404,3888649127,11.794633319297796
서울 동작구 흑석동 6-10,FD6,음식점,음식점 > 한식 > 한정식,,27510008,02-817-5080,우슬재,http://place.map.kakao.com/27510008,서울 동작구 서달로14길 19,126.96416940116328,37.5079673519573,4612845666,12.414537394790003
서울 동작구 흑석동 9-27,FD6,음식점,음식점 > 분식 > 떡볶이 > 동대문엽기떡볶이,,181327676,02-3280-8592,동대문엽기떡볶이 흑석점,http://place.map.kakao.com/181327676,서울 동작구 현충로 104,126.96507443448947,37.507494595441656,3888649127,17.604207821238024
서울 동작구 흑석동 43-125,FD6,음식점,음식점 > 양식,,758134166,0503-7154-3668,코리,http://place.map.kakao.com/758134166,서울 동작구 서달로14길 38,126.964865276359,37.5073269465019,3888649127,14.038883222713116
서울 동작구 흑석동 50-59,FD6,음식점,음식점 > 술집 > 칵테일바,,2032620009,0502-5551-5962,소소,http://place.map.kakao.com/2032620009,서울 동작구 서달로14바길 16,126.964443642975,37.5068375746192,4612824427,11.645255437243247
서울 동작구 흑석동 50-19,FD6,음식점,"음식점 > 술집 > 호프,요리주점 > 역전할머니맥주",,1307632344,02-3280-0325,역전할머니맥주 서울중앙대점,http://place.map.kakao.com/1307632344,서울 동작구 서달로14길 26,126.964339229319,37.5075979913512,3888649126,20.127452279755467
서울 동작구 흑석동 6-10,FD6,음식점,음식점 > 분식,,16822793,02-824-7958,명당김밥,http://place.map.kakao.com/16822793,서울 동작구 서달로14길 19,126.96414679032,37.5079475229966,4612845666,10.120456259564293
서울 동작구 흑석동 9-27,FD6,음식점,음식점 > 한식,,161166539,070-7755-2889,바야흐로,http://place.map.kakao.com/161166539,서울 동작구 현충로 104,126.96505183825057,37.507443231476955,3888649127,15.017955115620815
서울 동작구 흑석동 50-12,FD6,음식점,"음식점 > 한식 > 육류,고기",,27392127,02-817-0128,또우리,http://place.map.kakao.com/27392127,서울 동작구 서달로14길 30,126.964567729234,37.5075223756987,3888649126,13.282786696869659
서울 동작구 흑석동 8-32,FD6,음식점,음식점 > 분식 > 떡볶이 > 33떡볶이,,1071327047,02-813-1333,33떡볶이 흑석점,http://place.map.kakao.com/1071327047,서울 동작구 현충로 100,126.964682989477,37.5077404533978,3888649126,15.417542539509705
서울 동작구 흑석동 50-23,FD6,음식점,"음식점 > 한식 > 육류,고기 > 갈비",,8337179,02-822-4754,두레박,http://place.map.kakao.com/8337179,서울 동작구 서달로14길 22,126.964164970992,37.5077709315573,4612845666,22.355698601532822
서울 동작구 흑석동 9-27,FD6,음식점,"음식점 > 술집 > 호프,요리주점",,1658842903,010-8624-2631,필수,http://place.map.kakao.com/1658842903,서울 동작구 현충로 104,126.96502129808422,37.50744952947205,3888649127,12.285926515843974
서울 동작구 흑석동 8-30,FD6,음식점,음식점 > 한식,,15642273,02-824-1130,수미락,http://place.map.kakao.com/15642273,서울 동작구 현충로 96-1,126.96431535243073,37.50786197857576,4612845666,26.557511857117817
서울 동작구 흑석동 9-27,FD6,음식점,"음식점 > 한식 > 해물,생선 > 회",,425677427,0502-1931-6661,모백도,http://place.map.kakao.com/425677427,서울 동작구 현충로 104,126.965005444199,37.5074918720085,3888649127,11.715678628465849
서울 동작구 흑석동 8-34,FD6,음식점,"음식점 > 일식 > 초밥,롤",,1020510192,0502-5553-7524,유부,http://place.map.kakao.com/1020510192,서울 동작구 서달로14길 25,126.9644386672141,37.50778993536639,3888649126,19.627030607570642
서울 동작구 흑석동 8-32,FD6,음식점,음식점 > 술집 > 일본식주점,,989066238,,타마타마하이볼,http://place.map.kakao.com/989066238,서울 동작구 현충로 100,126.964611743329,37.5077242139939,3888649126,10.213322164928996
서울 동작구 흑석동 8-34,FD6,음식점,음식점 > 한식,,549619032,,토닥토닥,http://place.map.kakao.com/549619032,서울 동작구 서달로14길 25,126.964437534918,37.5077926380472,3888649126,19.933059466004206
서울 동작구 흑석동 43-3,FD6,음식점,"음식점 > 술집 > 호프,요리주점",,1422169066,,오늘433,http://place.map.kakao.com/1422169066,서울 동작구 서달로14길 34,126.964763444692,37.50741431365,3888649127,11.347739242335603
서울 동작구 흑석동 8-32,FD6,음식점,음식점 > 술집 > 일본식주점 > 모로미,,86762545,02-823-1809,모로미 흑석동점,http://place.map.kakao.com/86762545,서울 동작구 현충로 100,126.964616268655,37.5077215123348,3888649126,10.135933588299412
서울 동작구 흑석동 8-37,FD6,음식점,음식점 > 한식 > 국밥 > 곤지암할매소머리국밥,,893805864,02-825-7708,곤지암할매소머리국밥 흑석점,http://place.map.kakao.com/893805864,서울 동작구 현충로 96,126.964272339094,37.5079349469615,4612845666,21.22217123782728
서울 동작구 흑석동 9-89,FD6,음식점,"음식점 > 한식 > 육류,고기",,22316846,02-817-8988,흑석골중대고기사랑,http://place.map.kakao.com/22316846,서울 동작구 현충로 100-1,126.96475431487194,37.50758820487858,3888649126,18.176491205831226
서울 동작구 흑석동 6-10,FD6,음식점,음식점 > 술집 > 실내포장마차,,1463647532,,하와이포차,http://place.map.kakao.com/1463647532,서울 동작구 서달로14길 19,126.96414112662089,37.507965541367675,4612845666,9.938956383562134
서울 동작구 흑석동 50-22,FD6,음식점,음식점 > 술집 > 실내포장마차,,686339873,,갱주네,http://place.map.kakao.com/686339873,서울 동작구 서달로14길 24,126.964237373891,37.5077331112872,4612845666,29.465129572422164
서울 동작구 흑석동 6-10,FD6,음식점,"음식점 > 한식 > 찌개,전골 > 대박삼겹김치찜",,343099016,,대박삼겹김치찜 흑석점,http://place.map.kakao.com/343099016,서울 동작구 현충로 94,126.964189730186,37.5080286264592,4612845666,16.8709495000666
서울 동작구 흑석동 42-1,FD6,음식점,음식점 > 양식,,955711488,070-8803-6486,닥터로빈 흑석점,http://place.map.kakao.com/955711488,서울 동작구 현충로 124,126.96732558040901,37.50649061899268,4611246528,51.03700091076373
서울 동작구 흑석동 43-96,FD6,음식점,"음식점 > 간식 > 제과,베이커리",,371107541,,요세프,http://place.map.kakao.com/371107541,서울 동작구 현충로 114,126.965970398572,37.5070434534665,10239817426,26.029321430243055
서울 동작구 흑석동 43-21,FD6,음식점,"음식점 > 한식 > 육류,고기",,22175502,02-3280-6888,고깃집,http://place.map.kakao.com/22175502,서울 동작구 서달로14길 46,126.965422918679,37.5072054753781,4612824446,16.158012918725998
서울 동작구 흑석동 10,FD6,음식점,음식점 > 양식 > 피자 > 피자스쿨,,11817092,02-824-1588,피자스쿨 흑석명수대점,http://place.map.kakao.com/11817092,서울 동작구 현충로 115,126.96640115658009,37.507386859672486,13392271804,20.4578104281876
서울 동작구 흑석동 10,FD6,음식점,음식점 > 일식,,1175495373,02-824-1324,만나,http://place.map.kakao.com/1175495373,서울 동작구 현충로 111,126.96607532531834,37.507610215769816,13392271804,29.48550402684659
서울 동작구 흑석동 6-21,FD6,음식점,"음식점 > 한식 > 육류,고기 > 갈비",,16557153,02-817-0738,마포최대포숯불갈매기,http://place.map.kakao.com/16557153,서울 동작구 서달로14길 11,126.963848144774,37.5080663646145,4612845666,21.323181448376324
서울 동작구 흑석동 1-3,FD6,음식점,음식점 > 한식 > 한정식,,745037486,02-6484-8000,거궁 흑석점,http://place.map.kakao.com/745037486,서울 동작구 현충로 75,126.963851852025,37.5097602546083,6964093585,57.85724972636965
서울 동작구 흑석동 6-5,FD6,음식점,"음식점 > 한식 > 육류,고기",,939259031,02-549-5488,농장사람들 흑석역점,http://place.map.kakao.com/939259031,서울 동작구 현충로 92,126.964011009588,37.5080700183594,4612845666,14.279867157740297
서울 동작구 흑석동 4,FD6,음식점,"음식점 > 간식 > 제과,베이커리 > 호밀호두",,1363222919,02-826-5152,호밀호두 흑석역점,http://place.map.kakao.com/1363222919,서울 동작구 현충로 지하 90,126.963570550232,37.5090853157149,13675095844,51.657048221241645
서울 동작구 상도1동 762,CE7,카페,음식점 > 카페,,666764887,02-3280-0792,콘하스 상도점,http://place.map.kakao.com/666764887,서울 동작구 상도로37길 6,126.948528686352,37.5028654867412,4626938545,25.913453704259467
서울 동작구 상도동 463-11,CE7,카페,음식점 > 카페,,886072067,0507-1486-8828,카페숨,http://place.map.kakao.com/886072067,서울 동작구 상도로 329,126.951702343025,37.498979887482,11413637573,11.944541164697647
서울 동작구 상도동 464-9,CE7,카페,음식점 > 카페,,2022253171,0507-1342-2481,커피바이핸즈 로스터리,http://place.map.kakao.com/2022253171,서울 동작구 상도로47길 22,126.95197978376672,37.50016031858004,2825730230,25.917877038475346
서울 동작구 상도동 463-1,CE7,카페,음식점 > 카페 > 커피전문점,,1759533735,02-3280-3372,묵묵카페,http://place.map.kakao.com/1759533735,서울 동작구 상도로 323,126.951328916813,37.499342839707,2824550259,32.8673372882534
서울 동작구 상도1동 801-1,CE7,카페,음식점 > 카페,,749780535,070-7717-5861,피터패트,http://place.map.kakao.com/749780535,서울 동작구 상도로 294,126.948865602001,37.5013600525215,4621509675,17.530882087900945
서울 동작구 상도동 67-1,CE7,카페,음식점 > 카페 > 생과일전문점,,553166594,,달달프루츠 상도본점,http://place.map.kakao.com/553166594,서울 동작구 상도로37길 65,126.95255984964636,37.49850720666966,4621460690,15.882584723819098
서울 동작구 상도1동 362-4,CE7,카페,음식점 > 카페,,108811207,0502-5550-8860,개러지로스터,http://place.map.kakao.com/108811207,서울 동작구 상도로37길 39,126.95073776155952,37.50061031017309,2825706577,27.013474322921624
서울 동작구 상도1동 753,CE7,카페,음식점 > 카페 > 커피전문점 > 이디야커피,,21855480,02-3280-0627,이디야커피 상도역점,http://place.map.kakao.com/21855480,서울 동작구 상도로 277,126.948379478085,37.5027554989579,2825706543,24.965652612896644
서울 동작구 상도1동 428-5,CE7,카페,음식점 > 카페,,522865525,,문커피,http://place.map.kakao.com/522865525,서울 동작구 상도로47가길 48,126.95021218289,37.5018733000301,2825730232,12.164433909007135
서울 동작구 상도1동 809,CE7,카페,음식점 > 카페,,1509088878,,니드베이커스,http://place.map.kakao.com/1509088878,서울 동작구 상도로38길 3-2,126.947863067021,37.5021407863039,4621509674,14.047257017387254
서울 동작구 상도1동 765,CE7,카페,음식점 > 카페,,2137389883,,할메,http://place.map.kakao.com/2137389883,서울 동작구 상도로37길 8,126.948740343799,37.5026141982088,4626938545,14.199127165031225
서울 동작구 상도1동 392,CE7,카페,음식점 > 카페 > 커피전문점,,1280043373,02-816-1391,커피나무 상도역점,http://place.map.kakao.com/1280043373,서울 동작구 상도로 297-1,126.94970143677276,37.5012297655253,13597214695,21.675392411837326
서울 동작구 상도동 467,CE7,카페,음식점 > 카페,,21295478,,커피향기,http://place.map.kakao.com/21295478,서울 동작구 상도로 331,126.95179402253233,37.49885828909045,11413637573,10.32634564235179
서울 동작구 상도1동 765,CE7,카페,음식점 > 카페 > 테마카페 > 디저트카페,,692781663,0507-1433-5639,더함미,http://place.map.kakao.com/692781663,서울 동작구 상도로37길 8,126.948783314412,37.5026214248921,4626938545,13.080663631286981
서울 동작구 상도1동 366-4,CE7,카페,음식점 > 카페 > 커피전문점,,503880450,02-823-2231,모코커피창고,http://place.map.kakao.com/503880450,서울 동작구 상도로37길 31,126.950375579781,37.5010516514807,4626863240,10.873999690891921
서울 동작구 상도1동 356-1,CE7,카페,음식점 > 카페 > 커피전문점,,1086733248,,콘,http://place.map.kakao.com/1086733248,서울 동작구 상도로47길 13,126.951553544572,37.4999907554208,2825730230,17.41325751690634
서울 동작구 상도1동 392,CE7,카페,음식점 > 카페 > 커피전문점,,11968692,,커피나무,http://place.map.kakao.com/11968692,서울 동작구 상도로 297-1,126.94970030646316,37.5012288640311,13597214695,21.5797368595138
서울 동작구 상도동 462-3,CE7,카페,음식점 > 카페,,846930646,02-817-9585,카페드소리,http://place.map.kakao.com/846930646,서울 동작구 상도로50길 4,126.95109079646002,37.49858139112333,2824550282,7.737880877556507
서울 동작구 상도동 415,CE7,카페,음식점 > 카페,,1145946644,,트윈스커피,http://place.map.kakao.com/1145946644,서울 동작구 상도로 320,126.950208167625,37.4994045420643,3337436844,37.313999479127325
서울 동작구 상도1동 611,CE7,카페,"가정,생활 > 유아 > 놀이시설 > 키즈카페 > 서울형키즈카페",,1247452773,070-7163-1478,서울형키즈카페 동작구상도 1동2호점,http://place.map.kakao.com/1247452773,서울 동작구 매봉로 1,126.949931649528,37.5053564686533,14136808395,19.064465026425
서울 동작구 상도1동 691,CE7,카페,음식점 > 카페,,325377640,0507-1326-1809,잔디속에있다고상상을해,http://place.map.kakao.com/325377640,서울 동작구 상도로 265-30,126.94884218245015,37.5041919030132,4621496740,20.20477235319547
서울 동작구 상도1동 572,CE7,카페,음식점 > 카페,,1155288675,070-7525-1833,더머커피 상도점,http://place.map.kakao.com/1155288675,서울 동작구 강남초등8길 20,126.95102878392117,37.505223579806916,2829147730,12.794420883501653
서울 동작구 상도1동 666-5,CE7,카페,음식점 > 카페 > 커피전문점 > 스타벅스,,432578365,1522-3232,스타벅스 상도역점,http://place.map.kakao.com/432578365,서울 동작구 상도로37길 1,126.948458342683,37.5031934221037,10712384713,17.110884327568122
서울 동작구 상도1동 468-1,CE7,카페,음식점 > 카페,,2137495625,,카페오브,http://place.map.kakao.com/2137495625,서울 동작구 상도로41가길 12,126.950404742505,37.503125778891,4621478345,22.70872160097109
서울 동작구 상도1동 489-1,CE7,카페,음식점 > 카페,,12555755,,빅컵,http://place.map.kakao.com/12555755,서울 동작구 흑석로 14,126.95221662883536,37.50471950332035,4621486060,27.274631872887245
서울 동작구 상도동 414-3,CE7,카페,음식점 > 카페,,521416404,,카페힐,http://place.map.kakao.com/521416404,서울 동작구 만양로2길 16,126.948632564298,37.5064127899162,13363593888,50.700005779413075
서울 동작구 상도1동 678,CE7,카페,음식점 > 카페,,1020417882,070-4111-5252,커피브라운,http://place.map.kakao.com/1020417882,서울 동작구 양녕로 269-1,126.94877895031195,37.50404320972097,4621496740,37.554883772641396
서울 동작구 상도1동 624,CE7,카페,음식점 > 카페 > 테마카페 > 디저트카페,,587538345,0503-7150-7741,우드오븐,http://place.map.kakao.com/587538345,서울 동작구 양녕로 277,126.94933068244805,37.504302036207854,436821679,21.887484748152925
서울 동작구 상도1동 643,CE7,카페,음식점 > 카페 > 테마카페 > 디저트카페,,1701497186,02-3280-7775,오늘도빙수&커피 중앙대점,http://place.map.kakao.com/1701497186,서울 동작구 상도로41마길 15,126.950903676465,37.5045657940132,2829147725,15.271090543036312
서울 동작구 상도1동 547,CE7,카페,음식점 > 카페,,261555151,0507-1406-8886,99밀크티앤커피,http://place.map.kakao.com/261555151,서울 동작구 강남초등길 10,126.951955449791,37.5063682368906,2824550239,19.092905811478214
서울 동작구 상도1동 664-1,CE7,카페,음식점 > 카페 > 테마카페 > 디저트카페,,839496033,010-9191-7744,모녀당,http://place.map.kakao.com/839496033,서울 동작구 양녕로 272,126.949290366411,37.5037127613698,10712384714,19.167245610285157
서울 동작구 상도1동 491-1,CE7,카페,음식점 > 카페 > 커피전문점 > 컴포즈커피,,686918124,02-3280-4289,컴포즈커피 중앙대후문점,http://place.map.kakao.com/686918124,서울 동작구 흑석로 18,126.952546831853,37.504781805788,13005891938,36.55599526723128
서울 동작구 상도1동 509-2,CE7,카페,음식점 > 카페 > 테마카페 > 무인카페 > 카페일분,,679386762,,카페일분 상도터널점,http://place.map.kakao.com/679386762,서울 동작구 매봉로 51,126.951540976779,37.5071879821352,2824550220,27.405338835051488
서울 동작구 상도1동 442-1,CE7,카페,음식점 > 카페 > 커피전문점,,1045683247,,카페디차,http://place.map.kakao.com/1045683247,서울 동작구 상도로47길 89,126.95175392207842,37.503181298956065,2825701337,14.10919534005744
서울 동작구 상도동 414,CE7,카페,음식점 > 카페 > 테마카페 > 무인카페 > 카페일분,,1710906929,,카페일분 상도점,http://place.map.kakao.com/1710906929,서울 동작구 만양로 26,126.948465819724,37.5071236102236,13363593888,30.312808853312447
서울 동작구 노량진동 141,CE7,카페,음식점 > 카페 > 커피전문점 > 이디야커피,,21424521,02-3280-3777,이디야커피 노들점,http://place.map.kakao.com/21424521,서울 동작구 노량진로 200,126.94796414731228,37.51293036427544,6451784335,19.232355266500967
서울 동작구 본동 359-3,CE7,카페,음식점 > 카페 > 테마카페 > 디저트카페 > 요거트아이스크림의정석,,1712619471,0507-1381-2220,요거트아이스크림의정석 중앙대점,http://place.map.kakao.com/1712619471,서울 동작구 노량진로 225,126.95109502149617,37.512909176944575,8757685956,31.05013970699425
서울 동작구 본동 393-1,CE7,카페,음식점 > 카페 > 테마카페 > 무인카페,,1122049155,,카페노들,http://place.map.kakao.com/1122049155,서울 동작구 노량진로 227,126.95133822761,37.5128759402389,4613274882,33.05000529485258
서울 동작구 본동 494,CE7,카페,음식점 > 카페 > 커피전문점 > 커피에반하다,,150236245,070-4493-7699,커피에반하다 노들역사육신공원점 스마트카페,http://place.map.kakao.com/150236245,서울 동작구 노량진로23가길 23,126.95173384396868,37.51328786141383,8757692551,65.40896082988928
서울 동작구 상도동 56-6,CE7,카페,음식점 > 카페,,697611773,,갓프레소 본점,http://place.map.kakao.com/697611773,서울 동작구 상도로53길 45,126.953468510855,37.5012340124418,2824550318,14.675669489463708
서울 동작구 상도동 430,CE7,카페,음식점 > 카페 > 테마카페 > 디저트카페,,733127223,010-5228-9425,브릿지엣지,http://place.map.kakao.com/733127223,서울 동작구 상도로53길 70,126.954093051516,37.5026308157148,2824550321,35.913265127104566
서울 동작구 흑석동 221,CE7,카페,음식점 > 카페 > 커피전문점 > 커피베이,,678901373,,커피베이 익스프레스중앙대점,http://place.map.kakao.com/678901373,서울 동작구 흑석로 84,126.956990503769,37.5026400152155,6963042991,85.48002908781866
서울 동작구 흑석동 221,CE7,카페,음식점 > 카페 > 발도스커피,,198119321,,발도스커피 중앙대기숙사점,http://place.map.kakao.com/198119321,서울 동작구 흑석로 84,126.956979204751,37.502621990988,6963042991,87.69430038913936
서울 동작구 상도동 425,CE7,카페,"가정,생활 > 유아 > 놀이시설 > 키즈카페 > 서울형키즈카페",,1636305744,070-7163-1464,서울형키즈카페 동작구상도1동1호점,http://place.map.kakao.com/1636305744,서울 동작구 상도로47아길 44-1,126.953485870095,37.5042424770753,4621486051,27.125223126122915
서울 동작구 상도동 54-26,CE7,카페,음식점 > 카페,,2120408316,070-8866-4344,릿잇커피,http://place.map.kakao.com/2120408316,서울 동작구 상도로47바길 48,126.953341248538,37.5040153666756,2829147710,32.01732586994026
서울 동작구 흑석동 207-65,CE7,카페,음식점 > 카페 > 테마카페 > 디저트카페,,1664052827,0507-1397-4339,미들도어,http://place.map.kakao.com/1664052827,서울 동작구 흑석로6길 12,126.95694330634,37.5060530064645,4613243825,15.426663205450161
서울 동작구 상도동 7-85,CE7,카페,음식점 > 카페 > 테마카페 > 디저트카페,,895112880,070-4325-0216,와플러버,http://place.map.kakao.com/895112880,서울 동작구 흑석로 27,126.953736390536,37.5051381747544,436883219,13.528371066919
서울 동작구 상도동 7-87,CE7,카페,음식점 > 카페 > 커피전문점 > 이디야커피,,23346956,02-826-9632,이디야커피 중앙대후문점,http://place.map.kakao.com/23346956,서울 동작구 흑석로 20,126.9530263346044,37.50482614670378,2829147720,51.2711833906203
서울 동작구 상도동 7-60,CE7,카페,음식점 > 카페 > 커피전문점 > 메가MGC커피,,2081917390,02-812-3198,메가MGC커피 중대후문점,http://place.map.kakao.com/2081917390,서울 동작구 흑석로 21,126.95305334695844,37.50503519067014,2824550328,48.985659002111404
서울 동작구 흑석동 221,CE7,카페,음식점 > 카페,,383269216,1522-4762,블루포트 중앙대학교301호점,http://place.map.kakao.com/383269216,서울 동작구 흑석로 84,126.954359463059,37.5052924890312,6963042922,38.7518952970675
서울 동작구 상도동 7-55,CE7,카페,음식점 > 카페 > 커피전문점 > 매머드익스프레스,,233971331,070-7622-0928,매머드익스프레스 중앙대후문점,http://place.map.kakao.com/233971331,서울 동작구 흑석로 25,126.95354414405,37.5051074651271,2824550328,12.90249970478025
서울 동작구 상도1동 493,CE7,카페,음식점 > 카페 > 테마카페 > 디저트카페 > 요거트월드,,1949691382,070-4304-2580,요거트월드 중앙대점,http://place.map.kakao.com/1949691382,서울 동작구 흑석로 19,126.952889335103,37.5050684625621,4621488492,46.75245159960092
서울 동작구 흑석동 207-19,CE7,카페,음식점 > 카페 > 커피전문점,,16083030,,제3공간,http://place.map.kakao.com/16083030,서울 동작구 흑석로6길 16,126.95679181637,37.5059448305326,6963043036,21.66998624681609
서울 동작구 흑석동 221,CE7,카페,음식점 > 카페 > 테마카페 > 디저트카페,,158890676,,1847베이글,http://place.map.kakao.com/158890676,서울 동작구 흑석로 84,126.955852571163,37.5049191392954,6963042921,34.23033245016714
서울 동작구 흑석동 221,CE7,카페,음식점 > 카페 > 커피전문점 > 커피니,,1974414973,070-4942-0055,커피니 중앙대310관점,http://place.map.kakao.com/1974414973,서울 동작구 흑석로 84,126.95588150286255,37.503801903421724,6963042920,109.87555827539703
서울 동작구 흑석동 221,CE7,카페,음식점 > 카페 > 커피전문점 > 커피니,,2001688692,,커피니 중앙대303관점,http://place.map.kakao.com/2001688692,서울 동작구 흑석로 84,126.95589682263163,37.504674983382664,6963042921,47.14461441368856
서울 동작구 흑석동 221,CE7,카페,음식점 > 카페,,1258665754,,류루유통,http://place.map.kakao.com/1258665754,서울 동작구 흑석로 84,126.957052203068,37.5035167161014,6963042991,26.976161281478916
서울 동작구 본동 8-10,CE7,카페,음식점 > 카페,,2021405780,0507-179-4144,더한강,http://place.map.kakao.com/2021405780,서울 동작구 노량진로32길 29-6,126.956983824158,37.5123104985586,9555870581,79.11490426824575
서울 동작구 본동 126-13,CE7,카페,음식점 > 카페 > 커피전문점,,1811666371,02-814-0916,엘에스와이랩,http://place.map.kakao.com/1811666371,서울 동작구 노량진로 250,126.95424790995526,37.512027456209175,4613270071,15.065462380106116
서울 동작구 본동 47,CE7,카페,음식점 > 카페 > 커피전문점,,16074192,02-824-1666,굿데이커피,http://place.map.kakao.com/16074192,서울 동작구 노량진로 256,126.9549771165564,37.512590864013696,8757719538,5.180382166184161
서울 동작구 본동 47-6,CE7,카페,음식점 > 카페 > 커피전문점,,21243016,,쉴만한물가,http://place.map.kakao.com/21243016,서울 동작구 노량진로30길 12,126.955421640249,37.5125793195606,9555870578,19.803324492811786
서울 동작구 본동 475-1,CE7,카페,음식점 > 카페,,991676534,,스페이스케이노들,http://place.map.kakao.com/991676534,,126.95769473440917,37.513267621669115,5215341513,47.54375412258778
서울 동작구 흑석동 339,CE7,카페,음식점 > 카페 > 테마카페 > 무인카페 > 카페일분,,2109667535,,카페일분 흑석점,http://place.map.kakao.com/2109667535,서울 동작구 서달로 91,126.96011211266,37.5022158358172,13816446695,87.8117439369363
서울 동작구 흑석동 340-1,CE7,카페,"가정,생활 > 유아 > 놀이시설 > 키즈카페 > 서울형키즈카페",,1576990974,070-7163-1461,서울형키즈카페 동작구흑석동점,http://place.map.kakao.com/1576990974,서울 동작구 서달로 129,126.960611588823,37.505119944171,10232790207,150.10270297403244
서울 동작구 흑석동 184-19,CE7,카페,음식점 > 카페 > 커피전문점,,16593550,02-813-4434,터방내,http://place.map.kakao.com/16593550,서울 동작구 흑석로 101-7,126.960803475443,37.5080077292449,5106672539,9.117860789316934
서울 동작구 흑석동 188-15,CE7,카페,음식점 > 카페 > 테마카페 > 디저트카페,,587570196,02-6398-6787,오후홍콩 중앙대본점,http://place.map.kakao.com/587570196,서울 동작구 흑석로13가길 29,126.96008873810617,37.50788495325467,4613247245,15.768567595661606
서울 동작구 흑석동 205-5,CE7,카페,음식점 > 카페 > 커피전문점 > 스타벅스,,1746397370,1522-3232,스타벅스 중앙대점,http://place.map.kakao.com/1746397370,서울 동작구 흑석로 75-1,126.958134851629,37.5069760639586,2890319153,30.950168324289177
서울 동작구 흑석동 223-15,CE7,카페,음식점 > 카페,,1194192698,010-9604-9095,토크넌센스,http://place.map.kakao.com/1194192698,서울 동작구 흑석로8길 7,126.959650474645,37.5068252225504,4613243821,39.903491230957286
서울 동작구 흑석동 205-3,CE7,카페,음식점 > 카페 > 커피전문점 > 할리스,,8597788,02-3280-3280,할리스 중앙대점,http://place.map.kakao.com/8597788,서울 동작구 흑석로 77,126.95825475380488,37.50694727423267,2890319153,19.882959128836912
서울 동작구 흑석동 223-1,CE7,카페,음식점 > 카페 > 커피전문점 > 투썸플레이스,,99703259,02-6953-8627,투썸플레이스 중앙대점,http://place.map.kakao.com/99703259,서울 동작구 흑석로 94,126.95995107198077,37.50729024341409,2829530628,30.583443311281115
서울 동작구 흑석동 184-24,CE7,카페,음식점 > 카페,,17976802,02-815-0915,나귀와플라타너스,http://place.map.kakao.com/17976802,서울 동작구 흑석로 101-3,126.960681406918,37.5078527158409,5106672539,14.72247006330948
서울 동작구 흑석동 102-75,CE7,카페,음식점 > 카페 > 테마카페 > 디저트카페,,11411567,0503-7151-9325,베러댄와플 중앙대점,http://place.map.kakao.com/11411567,서울 동작구 서달로 163,126.96237114426393,37.50784966217838,4613243605,17.67422072192454
서울 동작구 흑석동 183-42,CE7,카페,음식점 > 카페 > 커피전문점 > 메가MGC커피,,1600209683,0502-5551-9853,메가MGC커피 중앙대점,http://place.map.kakao.com/1600209683,서울 동작구 흑석로 103,126.9608250405679,37.50786267460974,5106672539,7.110595898562397
서울 동작구 흑석동 190-25,CE7,카페,음식점 > 카페 > 공차,,26511407,,공차 중앙대점,http://place.map.kakao.com/26511407,서울 동작구 흑석로 83-2,126.95892186846582,37.507268265878416,4613247241,9.365331222243675
서울 동작구 흑석동 189,CE7,카페,음식점 > 카페,,385099345,070-7543-1906,카페리홀릭,http://place.map.kakao.com/385099345,서울 동작구 흑석로13가길 33,126.960015269236,37.5077966299313,2829530629,26.10159372113162
서울 동작구 흑석동 223-5,CE7,카페,음식점 > 카페,,1425016444,0507-2093-5076,미쉐 중앙대점,http://place.map.kakao.com/1425016444,서울 동작구 흑석로 90,126.959623134621,37.507189219219754,4613243823,15.278692341041221
서울 동작구 흑석동 190-51,CE7,카페,음식점 > 카페,,1541989773,0507-1392-8674,커스텀 요거트,http://place.map.kakao.com/1541989773,서울 동작구 흑석로 91,126.95972593645969,37.50741180254421,8323580239,14.350401362805615
서울 동작구 흑석동 184-27,CE7,카페,음식점 > 카페 > 커피전문점 > 텐퍼센트커피,,417266116,,텐퍼센트커피 서울중앙대점,http://place.map.kakao.com/417266116,서울 동작구 흑석로 101,126.960584194634,37.5077481668702,5106672540,12.001626024570275
서울 동작구 흑석동 225-15,CE7,카페,음식점 > 카페,,1540641604,02-826-9194,이공커피,http://place.map.kakao.com/1540641604,서울 동작구 서달로 151,126.96152789028335,37.50690874138521,10107993115,16.153353315479254
서울 동작구 흑석동 102-63,CE7,카페,음식점 > 카페,,24506497,02-3280-5152,모코커피,http://place.map.kakao.com/24506497,서울 동작구 서달로13길 11-15,126.96172648447308,37.50781341486576,4613243612,6.10011184301629
서울 동작구 흑석동 190-45,CE7,카페,음식점 > 카페 > 테마카페 > 디저트카페 > 타래퀸,,2084348779,0502-5554-1081,타래퀸 중앙대점,http://place.map.kakao.com/2084348779,서울 동작구 흑석로 93,126.959815278343,37.5074262490431,8323580239,19.462453107308267
서울 동작구 흑석동 221,CE7,카페,음식점 > 카페,,131044968,1522-4762,블루포트 중앙대학교점,http://place.map.kakao.com/131044968,서울 동작구 흑석로 84,126.958944950425,37.5064249332057,2890319157,43.13223314388593
서울 동작구 흑석동 190-34,CE7,카페,음식점 > 카페 > 바나프레소,,829849645,02-822-8267,바나프레소 중앙대점,http://place.map.kakao.com/829849645,서울 동작구 흑석로 85,126.959086979051,37.507298056337,4613247241,6.585112870696194
서울 동작구 흑석동 224-1,CE7,카페,음식점 > 카페,,2119948470,02-6298-1313,와이커피 로스터스 더 샌드위치 하우스,http://place.map.kakao.com/2119948470,서울 동작구 흑석로 102,126.960788346247,37.5066598208195,4613243821,62.638944306635416
서울 동작구 흑석동 184-27,CE7,카페,음식점 > 카페 > 커피전문점 > 매머드커피,,897725781,,매머드커피 중앙대점,http://place.map.kakao.com/897725781,서울 동작구 흑석로 101,126.960584194633,37.5077481668772,5106672540,12.001626726447936
서울 동작구 흑석동 190-28,CE7,카페,음식점 > 카페,,1235560329,,한라티카페,http://place.map.kakao.com/1235560329,서울 동작구 흑석로 85-11,126.959441961389,37.5075819953059,8323580239,17.81314600756453
서울 동작구 흑석동 332,CE7,카페,음식점 > 카페,,933239234,010-9936-9359,데일리커피,http://place.map.kakao.com/933239234,서울 동작구 서달로 150,126.96218401264235,37.50662693867751,4612845662,49.09946043726373
서울 동작구 흑석동 340,CE7,카페,음식점 > 카페,,467560686,,느릅나무카페,http://place.map.kakao.com/467560686,서울 동작구 서달로 123,126.96065844759472,37.50418832025246,12864823352,54.717571470892
서울 동작구 흑석동 221,CE7,카페,음식점 > 카페 > 커피전문점 > 카페ING,,313144425,0503-7150-3713,카페ING 중앙대106관점,http://place.map.kakao.com/313144425,서울 동작구 흑석로 84,126.958638185321,37.5048570771386,4629320813,13.621766595682193
서울 동작구 흑석동 190-57,CE7,카페,음식점 > 카페 > 차백도,,1184637031,,차백도 중앙대점,http://place.map.kakao.com/1184637031,서울 동작구 흑석로 97-1,126.96038518161,37.5076625048311,5106672540,13.65566969714892
서울 동작구 흑석동 190-59,CE7,카페,음식점 > 카페,,1432559349,,토란주인,http://place.map.kakao.com/1432559349,서울 동작구 흑석로9길 3,126.95990342756778,37.507556023713434,2829530629,21.4399031967799
서울 동작구 흑석동 97-2,CE7,카페,음식점 > 카페,,1984485980,02-813-2019,리치몽브레 흑석동점,http://place.map.kakao.com/1984485980,서울 동작구 서달로 158,126.96211698930307,37.50720986744773,2288832804,34.53825693198161
서울 동작구 흑석동 190-3,CE7,카페,음식점 > 카페,,1489315286,,커피킹 중앙대 본점,http://place.map.kakao.com/1489315286,서울 동작구 흑석로 95-1,126.960229145996,37.507579559955,2829530628,9.941269129905837
서울 동작구 흑석동 195-8,CE7,카페,"가정,생활 > 여가시설 > 보드카페",,1437828010,010-4765-4638,미르보드 카페 중앙대점,http://place.map.kakao.com/1437828010,서울 동작구 흑석로 81-6,126.95864589317,37.5072861896842,4613247241,32.653084131169315
서울 동작구 흑석동 223-5,CE7,카페,음식점 > 카페 > 커피전문점 > 매머드익스프레스,,1892856672,,매머드익스프레스 중앙대정문점,http://place.map.kakao.com/1892856672,서울 동작구 흑석로 90,126.95963898469,37.5071594914725,4613243823,18.288618826320533
서울 동작구 흑석동 190-3,CE7,카페,음식점 > 카페,,147640649,010-7625-8232,유요거트 YOYOGURT 중앙대점,http://place.map.kakao.com/147640649,서울 동작구 흑석로 95-1,126.960234795312,37.5075903739088,2829530628,11.228851623932783
서울 동작구 흑석동 224-1,CE7,카페,음식점 > 카페,,14711582,02-826-2241,카페모찌,http://place.map.kakao.com/14711582,서울 동작구 흑석로 102,126.960822202685,37.5068003888398,4613243821,63.86017003665271
서울 동작구 흑석동 340-1,CE7,카페,음식점 > 카페,,2126437081,,카페 구앤몽,http://place.map.kakao.com/2126437081,서울 동작구 서달로 129,126.960611588823,37.505119944171,10232790207,150.10270297403244
서울 동작구 흑석동 224-1,CE7,카페,음식점 > 카페 > 커피전문점,,1415724212,02-816-6888,카페인 중앙대병원점,http://place.map.kakao.com/1415724212,서울 동작구 흑석로 102,126.960897934471,37.5068869104153,10107993115,68.15567878439431
서울 동작구 흑석동 97-22,CE7,카페,음식점 > 카페,,1461022102,0507-0178-3198,카페문샷,http://place.map.kakao.com/1461022102,서울 동작구 서달로12가길 5,126.962722342961,37.5066748630567,4612845662,25.974366754391674
서울 동작구 흑석동 224-1,CE7,카페,음식점 > 카페 > 생과일전문점,,801511411,,비틀쥬스,http://place.map.kakao.com/801511411,서울 동작구 흑석로 102,126.96079960674233,37.50675443008665,4613243821,62.007719949923406
서울 동작구 흑석동 221,CE7,카페,음식점 > 카페,,567120527,,류라유통,http://place.map.kakao.com/567120527,서울 동작구 흑석로 84,126.957900236692,37.5038341753106,3713303912,45.97895337196833
서울 동작구 흑석동 181-11,CE7,카페,"가정,생활 > 여가시설 > 보드카페 > 홈즈앤루팡",,1174595540,0507-1374-7187,홈즈앤루팡 중앙대점,http://place.map.kakao.com/1174595540,서울 동작구 흑석로 111,126.961227315462,37.508570997121,4613247248,18.45795933096661
서울 동작구 흑석동 181-1,CE7,카페,음식점 > 카페,,640276018,0503-7153-3839,액션커피,http://place.map.kakao.com/640276018,서울 동작구 서달로15길 23,126.961652623359,37.5084882435261,2829530659,20.335321980323723
서울 동작구 흑석동 181-18,CE7,카페,음식점 > 카페 > 커피전문점 > 컴포즈커피,,476807768,02-825-1210,컴포즈커피 중앙대점,http://place.map.kakao.com/476807768,서울 동작구 흑석로 109,126.96110983514328,37.508288944011056,436883256,12.438019822326751
서울 동작구 흑석동 184-8,CE7,카페,음식점 > 카페 > 테마카페 > 디저트카페 > 설빙,,889244298,02-821-1098,설빙 서울중앙대점,http://place.map.kakao.com/889244298,서울 동작구 흑석로 101-10,126.960848633293,37.5081663210716,5106672539,26.72867227390694
서울 동작구 흑석동 102-1,CE7,카페,음식점 > 카페,,20888945,070-7520-3927,스노우플라워 중앙대본점,http://place.map.kakao.com/20888945,서울 동작구 서달로 167,126.96280081795344,37.50807504948553,4612938749,21.71113213335881
서울 동작구 흑석동 181-6,CE7,카페,음식점 > 카페 > 커피전문점,,402592003,,요거트 포켓Yogurt Pocket,http://place.map.kakao.com/402592003,서울 동작구 흑석로 114-1,126.961539473345,37.5085810102302,2829530659,7.611387072083455
서울 동작구 흑석동 181-1,CE7,카페,음식점 > 카페 > 테마카페 > 디저트카페 > 과일담은요거트맛집요맛,,482946050,,과일담은요거트맛집요맛 흑석점,http://place.map.kakao.com/482946050,서울 동작구 서달로15길 23,126.961652623359,37.5084882435191,2829530659,20.33532236860378
서울 동작구 흑석동 341,CE7,카페,음식점 > 카페 > 테마카페 > 디저트카페,,1797070275,,TY플랜A,http://place.map.kakao.com/1797070275,서울 동작구 현충로 52,126.960028702638,37.5101779898777,5819694071,35.24933494139232
서울 동작구 흑석동 50-36,CE7,카페,음식점 > 카페,,1527444323,02-815-4132,리앤홍,http://place.map.kakao.com/1527444323,서울 동작구 서달로14길 18,126.96404505420577,37.50783216344994,4612845666,12.296132432899288
서울 동작구 흑석동 9-89,CE7,카페,음식점 > 카페 > 커피전문점 > 이디야커피,,248952100,02-813-0456,이디야커피 흑석역점,http://place.map.kakao.com/248952100,서울 동작구 현충로 100-1,126.96479161663564,37.507634167253485,3888649126,20.487831557053422
서울 동작구 흑석동 52-1,CE7,카페,음식점 > 카페,,1856640314,,페이브베이커리 흑석점,http://place.map.kakao.com/1856640314,서울 동작구 서달로14가길 1,126.96335510035281,37.50790403181508,3888649121,25.383962807373962
서울 동작구 흑석동 43-12,CE7,카페,음식점 > 카페,,2080491301,,출국,http://place.map.kakao.com/2080491301,서울 동작구 서달로14사길 5-1,126.96517871164426,37.50701168756829,4612824444,6.9536105626292635
서울 동작구 흑석동 43-5,CE7,카페,음식점 > 카페,,1334924338,02-811-0455,더치앤빈 흑리단길점,http://place.map.kakao.com/1334924338,서울 동작구 서달로14길 40,126.964988562382,37.507313468033,3888649127,18.08037816192315
서울 동작구 흑석동 6-10,CE7,카페,음식점 > 카페,,271065128,,카페로뎀,http://place.map.kakao.com/271065128,서울 동작구 서달로14길 19,126.964127552271,37.5079700422774,4612845666,8.942806162400245
서울 동작구 흑석동 10,CE7,카페,음식점 > 카페 > 테마카페 > 무인카페 > 카페프리헷,,1195372220,0507-1375-8013,카페프리 헷 흑석점,http://place.map.kakao.com/1195372220,서울 동작구 현충로 115,126.966561778928,37.5073436570049,13392265486,20.475516608079147
서울 동작구 흑석동 336,CE7,카페,"가정,생활 > 유아 > 놀이시설 > 키즈카페",,27470229,010-8745-3141,블럭카페 플레고,http://place.map.kakao.com/27470229,서울 동작구 흑석한강로 27,126.96539393163614,37.50384742036104,4611303880,114.99571072983781
서울 동작구 흑석동 43-38,CE7,카페,음식점 > 카페 > 테마카페 > 디저트카페,,616273201,010-4437-5802,구루구루,http://place.map.kakao.com/616273201,서울 동작구 서달로14길 42,126.965097150734,37.5072882720289,3888649128,13.749184109600774
서울 동작구 흑석동 10,CE7,카페,음식점 > 카페 > 커피전문점,,17675390,,카페비온후,http://place.map.kakao.com/17675390,서울 동작구 현충로 115,126.96638644742356,37.5074003705551,13392271804,19.498624500506867
서울 동작구 흑석동 43-4,CE7,카페,음식점 > 카페 > 커피전문점 > 메가MGC커피,,1855396933,02-6951-1301,메가MGC커피 흑석한강센트레빌점,http://place.map.kakao.com/1855396933,서울 동작구 현충로 118,126.966439854458,37.5068426636477,4611290238,25.18209614720719
서울 동작구 흑석동 52-1,CE7,카페,음식점 > 카페 > 커피전문점,,27246405,,바리스타조앤,http://place.map.kakao.com/27246405,서울 동작구 서달로14가길 1,126.963223922037,37.5078643468333,3888649121,24.638166553887235
서울 동작구 흑석동 336,CE7,카페,"가정,생활 > 유아 > 놀이시설 > 키즈카페",,178470979,,블럭카페 브릭키,http://place.map.kakao.com/178470979,서울 동작구 흑석한강로 27,126.964946356917,37.5032418126723,4611303880,48.93809118075695
서울 동작구 흑석동 1-3,CE7,카페,음식점 > 카페,,947380163,02-3664-9000,티너리티,http://place.map.kakao.com/947380163,서울 동작구 현충로 75,126.963859769762,37.5097593560264,6964093585,58.48624409724261
서울 동작구 흑석동 111-1,CE7,카페,음식점 > 카페,,1867439349,,다나스페이스94,http://place.map.kakao.com/1867439349,서울 동작구 현충로 80,126.96316223933697,37.509101407176274,6964092884,45.14010560210503
